793
1839
2956
2958
2962
2967
2968
3402
3417
5634
9639
10695
12495
13151
13934
14248
14282
15018
16036
16465
17467
18242
18328
19006
19035
19037
19130
19147
20132
20731
24127
24175
25237
27240
27250
27393
27614
28064
28197
28298
28488
28574
28588
28589
28629
28682
28812
28844
28856
28857
29165
29530
29813
29955
30406
30620
31141
31983
32688
32722
34372
36119
36243
38221
38252
39145
39456
39464
39919
39994
40066
40132
40345
40354
40355
40358
41200
42041
44449
44587
45233
45453
45698
46284
46711
46908
48201
48466
48567
48691
48716
49272
49275
49573
50192
50528
51007
52161
52247
52378
52379
52382
52392
52404
52405
52408
52422
52883
52943
53184
53186
53298
53354
53543
53933
54433
54493
54579
54996
55631
55781
56180
56255
56362
56531
56653
56790
56814
56832
57115
57224
57238
57309
57326
57632
57982
58083
58405
58520
58910
58970
59008
59068
59316
59802
59851
59873
59903
60065
60159
60866
61540
61943
61992
62495
62560
62877
62917
63455
63712
64525
64630
65145
65391
65459
65985
66041
66049
66315
66536
66697
66744
68615
68638
69578
69952
69985
70292
70337
70512
70530
70798
70872
71928
72683
72702
72826
73160
73461
73475
74472
74887
75930
75989
76035
76722
76759
76789
76811
76940
77165
78386
79038
79105
79284
80123
80268
80485
80949
81085
81324
81709
82243
82362
82509
82530
82547
83956
84588
84896
85106
85393
85398
85537
86496
86508
86665
86985
87203
87524
88703
88844
89223
89315
89644
90119
90762
90767
91467
91837
91878
92233
92694
92810
93752
93770
93771
94409
94515
94733
96299
97576
99348
99503
99855
100124
100464
101753
102388
102499
103212
103275
104244
104310
104318
104338
104342
104462
104469
104471
104575
104582
104611
104681
104700
104704
104819
104866
104992
105084
105091
105103
105105
105117
105145
105159
105234
105235
105381
105386
105658
105662
105861
105865
105883
105898
105900
105908
106430
106444
106471
106472
106636
106637
107397
107439
107824
107891
108175
108278
108367
108442
108448
108453
108467
108513
108747
109054
110263
111425
113082
114143
115463
116351
117347
117550
118249
118751
119357
119974
119984
120062
121473
122235
122259
123365
123367
123369
123451
123886
123888
123919
124391
124441
124517
125133
125176
125188
126063
126243
126830
127046
127238
127391
127724
128420
129092
129378
129409
129465
129496
130015
130935
130944
131281
131290
131459
131824
132397
132410
133063
134031
134109
134615
134631
134841
134890
135551
136956
137412
137757
137906
137909
138000
138592
138730
139246
139299
139900
140026
140457
140985
141557
141888
142329
142357
142382
142401
142534
142539
142542
142553
143028
143123
143293
143310
143415
143418
143448
143470
143477
143663
143730
143855
143895
144634
144960
145607
145996
147748
147957
149010
150146
151123
151534
151717
152035
152943
153119
153333
153735
154207
154209
154531
155490
157965
158250
158254
158397
158509
158718
158917
158940
159225
159436
159975
160532
161017
161160
161445
163206
163433
163452
163483
163655
165678
167091
167594
168822
168942
168977
169569
169930
170592
170771
170986
171570
172135
172753
173118
174593
174723
174755
176439
177128
181920
182065
182426
182774
182847
182919
183204
185086
185091
185646
185648
185664
185673
185679
185692
185693
185752
185843
186353
186371
186568
188110
188813
190748
191531
191654
192453
192794
193861
193889
194053
194071
195153
195159
195164
195223
195466
195938
196400
196655
197158
200304
200426
200530
200849
202438
203270
205211
205233
205686
206085
206865
208468
208474
208621
208693
209692
209838
210285
210911
210913
211825
213110
213456
214163
214469
216597
217564
218769
220897
221432
221912
222026
222165
225011
228442
229541
230887
231162
232755
233203
233281
233285
233289
233501
233940
233956
234815
235348
236786
239317
240193
240336
241119
242455
243472
243781
243782
243783
243785
243787
243789
243889
243910
244557
245003
245090
245510
245513
245658
246341
247418
247603
248187
248990
248992
248995
249101
249556
249987
250062
250717
251622
252532
252778
253363
253622
253862
254268
254526
255249
255430
255492
255593
256122
256685
257762
258422
258570
259469
259474
259545
259812
260175
260177
260315
260318
260524
260704
260840
262131
262368
262527
262784
263100
263163
264107
264449
267150
268168
268228
268979
269285
269580
270304
270548
271269
271770
271833
272634
272876
274433
276343
277692
279237
279316
279373
280440
281101
281392
282050
282300
282800
282826
282955
283419
283755
283860
285089
285498
285556
285797
285981
286186
287279
288087
288854
289946
290036
291566
293071
293240
293555
293893
294008
294017
295465
295636
296346
296349
296767
297003
298015
298021
298200
298201
299139
299474
299616
299824
300142
300522
300929
302128
303060
303289
303323
303480
303777
304775
305581
305634
305928
306381
306769
307380
307504
308235
308716
309794
310538
310540
311078
311082
311708
314499
315586
316898
317873
319551
320440
320529
320714
320980
321013
321305
321783
322335
323139
324021
324119
324183
326307
326457
326512
326545
326577
326985
327330
328986
329505
329622
330163
331105
331189
331456
332054
332985
333440
333544
333874
334673
334875
336048
336226
336809
337256
337632
337961
338124
338125
338138
339323
339553
339657
340030
340290
340315
340385
340553
340883
341300
341459
341612
341688
341838
341985
342525
342727
343231
343559
343684
343805
344240
344302
344523
345083
345099
346424
347206
347449
348123
348961
349131
349524
349550
349602
350077
351077
351408
351962
353605
353765
353768
353854
354099
354205
354788
355248
355652
355964
357021
357390
358545
358892
359112
359113
359212
359306
359311
359571
359636
361001
361472
361539
362111
362417
363173
364812
364870
366708
366809
366843
368413
369272
369452
369761
369896
370270
370286
370364
370477
370498
372778
373039
374191
374293
374545
374697
375061
375305
375639
375728
376094
376464
377498
377601
378056
378311
378717
378727
378728
379200
379316
380266
380739
380847
382272
382630
382644
383026
383030
383046
383053
383054
383057
383553
383561
383562
383563
384197
384419
385085
385263
386052
386396
386780
387063
388284
389578
389645
389647
389812
390214
391902
392732
393124
393181
394067
394538
394578
394630
395880
396031
396192
396466
396563
396827
397301
397459
397566
397578
397831
398810
399024
399030
399068
399133
401319
402708
402714
402721
403032
403148
403934
404350
405291
405346
405377
405880
406591
407230
407548
407675
407762
408220
408381
408522
409169
410818
410864
410868
411067
411442
412250
412648
412702
412829
412847
412941
412961
413161
413555
413914
413951
415463
415672
415827
416940
417266
417291
417620
418028
418528
418939
419756
419867
420486
420571
420954
421467
422051
422399
422537
422654
422656
422947
423336
423344
423346
423355
423518
423881
424389
424652
426556
426636
426958
427424
427680
427720
428482
428491
429913
430324
430904
431474
431796
433224
433432
433676
433716
433943
434071
434325
434331
435087
435981
436897
437754
437968
438602
439160
439997
440061
440776
441419
441430
441893
441895
441897
442152
442250
442820
443526
443538
443661
443801
443805
443807
443839
443845
444592
445990
447199
447547
447553
448918
448978
449302
450540
450857
450868
451487
451684
451692
452215
452224
452225
452481
453091
454016
455650
455943
456934
456957
457025
457037
457248
458075
458764
458936
460346
460380
460385
462408
462557
464489
464491
465600
466652
466991
467782
468064
469838
470552
470700
470756
471766
471989
472252
472261
472793
473336
473364
473786
474102
474420
474538
475961
476719
476854
476855
477111
477807
478133
478967
480089
480273
480406
481284
481382
481544
482368
482846
482852
482853
483061
483064
483326
483601
483710
483732
483743
483814
484289
485315
485333
486184
486901
487209
487211
487498
487647
488600
489112
489555
492733
492897
492983
493019
493044
493357
493361
493362
494210
494656
495332
496533
496571
497350
498086
499153
499908
499977
499989
500059
500473
500945
501126
501129
501173
501965
502755
503763
504218
504386
507058
507147
507557
507989
508140
508844
509390
509746
511923
512194
512800
514684
515684
516173
516504
517699
518651
519530
520271
520716
521146
521322
522170
522180
522485
523951
524009
524432
524536
524542
524793
525046
525054
525490
525628
525701
526423
526783
526786
527132
527149
527822
527823
527827
528001
528332
528335
528356
528670
528822
529087
529089
529090
529091
529352
529455
529717
530236
530670
531557
531670
532146
532587
532642
533021
533025
533027
533259
533970
533997
534011
534139
534153
534161
534304
534913
535180
537042
537271
537714
537804
537815
538089
538306
538474
538818
539399
539520
539736
540246
541188
541727
541774
541988
541990
542064
542213
543063
543253
543574
543785
544143
544157
544221
544464
544478
544756
545248
545406
545470
545615
545624
545655
545661
545795
545911
546182
546380
546623
546666
546786
546789
547478
547693
547725
547885
548212
549739
550066
550236
550658
552344
552605
552781
553005
553383
553658
553749
554336
554632
554792
554867
555101
556509
557064
557400
557602
558076
558141
558510
558899
559036
559064
559345
560091
560488
560500
561074
561146
561209
561817
564060
564320
564452
566099
566886
567268
568770
568771
568882
570044
571004
571032
571297
571353
571446
572665
572702
573258
573410
573534
573722
574255
574514
575248
575994
576389
576593
576617
576972
577446
577673
579541
579739
579973
580269
580308
580591
580955
580978
581588
582600
583200
583569
584351
584682
585278
585601
587048
589934
591988
592182
592474
592734
593383
593560
593812
594700
594941
595000
595174
595812
596040
596071
596793
596801
597107
597591
598063
598259
598334
598416
598806
598887
599733
599879
600924
601191
602083
602226
602239
603389
603856
603876
604350
604699
604865
605108
607229
608309
608688
608739
608804
608858
609182
609705
610074
610097
610736
611170
611393
611595
611641
612113
614195
614553
614714
615925
616671
616846
617047
617143
618438
618845
619730
619925
620199
622488
622640
622720
622911
623645
623841
624159
624395
624441
625712
626129
626621
627111
627679
628009
628106
628458
628782
629033
629385
630247
630573
630720
631340
631416
632168
632238
632460
632630
632672
632676
632719
633798
633801
633803
633811
633910
634045
634355
634787
634953
635912
636410
636822
637346
637484
637890
638359
638599
639080
639886
640079
640605
640977
642057
642133
642248
642300
642328
642576
642624
642846
642970
643377
643434
643520
643596
643706
643803
644609
646273
647215
647276
647341
647511
647519
647616
647663
647888
647892
647995
648092
648473
648497
648648
649274
650015
650292
651459
651477
651484
651486
651510
651520
651815
651817
651823
651845
652243
652600
652844
653304
654050
654133
654148
655384
655514
655648
656733
657815
658213
658238
658243
658488
658494
658497
658505
659133
659383
660355
660661
661296
661352
661974
662001
662378
662723
662728
663364
663953
664048
664049
664164
664631
665356
665856
666197
666214
666294
666508
667276
667564
667973
668591
668756
668795
669500
669679
669748
670359
670874
670880
670939
670977
670987
671216
671308
671317
671736
671755
673785
673836
673935
674943
675141
675607
676386
676414
676878
676903
676919
677013
677243
677431
677612
677829
677898
678036
678482
678536
678583
679078
679188
679190
679196
679287
679426
679486
679908
680415
680417
680420
680751
680793
680883
681198
681396
684676
685014
685405
685848
685982
686036
686437
687259
687297
687578
687805
688272
688852
688870
689312
689337
689495
690576
690688
690873
691363
692039
694480
694847
694942
695168
695244
695425
695556
697065
697111
697552
697765
698082
698836
699718
700705
700790
701137
701289
701617
702567
703122
704011
705038
705174
705464
705683
706932
708371
708591
708792
709031
709468
709512
709732
710530
711351
711683
712747
713181
713649
714553
714559
714561
715264
715676
715756
716084
716162
716221
716359
716831
717281
717766
718833
719104
719276
719279
719290
719384
719403
719703
719800
720638
720790
721259
721367
721576
721656
722308
722327
722635
723074
723285
723531
723883
724232
724298
724581
724719
724919
725064
725067
725246
726025
726139
726289
727199
727752
728099
728405
728571
728574
728590
729489
729630
729631
730261
730423
730573
730883
730987
731239
731439
731745
731953
732428
734322
734717
736720
737000
737313
737481
737534
738043
738095
738129
738687
739054
739709
740021
740061
740144
740227
740751
741083
741434
741515
741611
743288
743632
743988
744382
744592
744857
744858
745116
745995
745996
746015
746097
746139
746200
746339
746808
746966
747102
747132
747751
748124
749078
749099
749116
750275
750633
751326
752628
753210
754265
754345
755504
755753
755961
756259
757335
757362
757977
758152
758309
759225
759376
760404
760946
761220
761226
761248
761455
762026
764164
764509
765085
767663
768451
768644
769303
770204
770267
771252
771660
771690
771731
771929
771949
771953
771975
771990
771991
772032
772088
772133
772139
772307
772431
772446
772462
772533
772557
772567
772571
772618
772914
773023
773032
773271
773569
773620
775453
775484
775698
775889
777288
777517
778521
778655
780535
780731
780804
780898
781179
781881
782007
782036
782037
782570
782758
783413
783638
784777
785326
786499
787193
787960
788158
788166
788445
788734
789473
789602
789702
789845
789978
790257
790299
790409
791348
792303
793387
793674
794128
794347
794630
795868
797659
797819
798105
798580
798822
798823
799263
799379
800030
800137
800305
800567
800687
801500
802279
802496
802738
802907
803075
803233
803235
804021
804330
804359
805203
805320
805356
805639
805816
806175
806296
806796
806850
807383
807606
807655
807688
807801
807854
807952
808396
808450
808452
810503
810807
810949
811086
811704
811761
813019
813892
814507
815026
815444
815454
815677
815689
815715
815728
815856
815867
816547
816657
817588
818746
818793
819274
819797
820317
820750
821100
821418
821431
821749
821771
821954
821956
822792
823356
823419
823504
824286
824979
825295
825609
825654
826150
826310
826368
826477
826941
827620
828789
828846
829058
829361
829507
829797
829882
830757
831012
832188
832712
832721
832729
832749
832935
833384
833498
833575
834208
834356
834660
834767
834784
835105
835137
835279
835677
835786
836996
837205
837389
837392
837901
838209
838353
838511
839109
839482
839493
839540
839590
839664
839677
839820
840303
840307
840308
840311
840330
840528
840691
840701
840704
840729
840786
841024
841055
841063
841379
841419
841569
842120
842444
842446
842503
842508
842511
842800
843008
843137
844560
845275
845452
845749
846259
846346
847732
848054
848063
848285
849273
849652
849774
850099
850372
850539
850584
850837
851147
851227
851477
851511
851512
851731
851741
852005
852432
852826
853429
853430
853636
853723
854046
854065
854268
854523
854607
854767
855302
856088
856276
857004
857422
857715
857721
858482
858514
858522
859479
859659
859932
859935
860002
860458
861053
861335
861341
861668
862169
862739
862743
863676
863837
863924
864113
864151
864365
864367
865253
865644
865703
865713
866596
866608
866699
866703
866704
866705
868736
869523
869717
869909
870046
870664
870766
872378
872755
873128
873749
873969
874767
875582
876481
876619
876796
877626
878312
879079
879585
880001
880030
880222
880247
880323
880665
880828
881302
881304
881654
881768
881815
881863
882429
882526
882791
882965
883110
883234
883406
883719
884362
884396
885278
885443
885754
886053
886218
886474
886498
887379
887450
887627
887655
888841
888851
889408
889476
889638
889757
889850
889888
890216
890298
890303
890741
891332
891985
892069
892682
892692
892731
892767
892905
893516
894807
895066
895218
895591
895704
895825
895860
895911
896250
896329
898464
899712
899932
900033
901417
901553
902173
903099
903692
903712
903808
904172
904318
904687
904759
904826
910540
911192
911237
911719
911972
912002
912022
912032
912413
912417
912511
912645
912650
913031
913533
913933
914107
914414
914979
914982
914986
915021
915925
916165
916283
917281
917723
917742
917791
918045
918387
920342
920850
920967
920968
920970
920972
921272
921505
921507
922052
922636
922936
923040
923300
923635
923821
925443
925946
926188
926420
927066
929847
930187
930705
930814
931042
931553
931652
931834
931909
931944
932049
932236
932352
932428
933103
933290
934453
934698
934822
935076
935118
935350
935353
935526
935966
936437
936671
936714
936721
936740
936784
937447
937451
937453
938074
938291
938455
938477
939253
939849
940233
940721
940972
941099
941427
941676
942598
942951
943003
943034
943120
943252
943287
943819
943930
943946
943947
944167
944280
944656
945039
945043
945045
945464
946070
946087
946108
946665
946932
947017
947083
947350
947958
948005
948132
948137
948343
948374
948418
948934
949136
949138
949141
949701
949734
949830
949850
950287
950802
950823
951305
951548
951606
952089
952127
952216
952258
952286
952296
952304
952948
953048
953160
953255
953662
953675
953714
953990
954241
954248
954304
954745
955197
955204
955448
955531
955532
955674
955879
956103
956925
956953
957174
957418
957857
958001
958420
958767
958890
959496
959674
959690
959705
959907
959947
960498
960635
960686
960702
960766
960942
961147
961211
961614
961771
961926
961999
962166
962167
962283
962345
962800
962819
962851
962881
962917
963087
963362
964592
964849
965426
965440
965847
965890
965914
966171
966450
967588
967675
967892
968486
968653
968979
969484
970011
970221
970493
972048
972431
972432
974161
974189
974545
974626
974683
974804
974827
975180
975636
976477
976728
976785
976830
977155
977156
977177
977209
977246
977274
977319
977754
977888
978709
979250
979412
979702
980485
980599
980677
980854
980901
980962
981519
981630
982425
982434
982573
982597
982697
982723
982725
982755
983025
983072
983471
983507
983775
983883
984662
985048
985809
986081
986131
986206
986296
986297
986389
986820
986830
987035
987042
987072
987094
987096
987129
987131
987414
987500
987508
987540
987578
987580
987721
987742
987798
988054
988057
988184
988246
988402
988525
988873
988885
989099
989227
989248
989259
989319
989385
989870
989875
989882
991514
991516
991517
991533
991562
991566
991569
991571
991572
991576
991580
991581
991582
991585
991589
991708
992096
992403
992574
992735
992856
993292
993527
993566
993630
994163
994279
994532
994555
994594
994785
994786
994872
994979
995010
995045
995144
995365
995560
995600
995713
995772
996160
996184
996344
996418
996421
996867
996888
996922
996938
997660
997741
997928
998305
998330
998546
998554
998558
998630
998666
998799
999087
999096
999278
999614
1000292
1000348
1001275
1001288
1001311
1001348
1001381
1001699
1001995
1002482
1002500
1002795
1004617
1005014
1005156
1005984
1006571
1006724
1006930
1007054
1008005
1008661
1009470
1009583
1009762
1010093
1010301
1010344
1010826
1011049
1011064
1011541
1011873
1011878
1011903
1012361
1012410
1012914
1013665
1013764
1013854
1014236
1014333
1014438
1014460
1014649
1014738
1014840
1015079
1015370
1015706
1015715
1015887
1016341
1016564
1016600
1016881
1016915
1017388
1017396
1017441
1017612
1017667
1017673
1017794
1017814
1017820
1017889
1018020
1018023
1018032
1018391
1018634
1018650
1018990
1019104
1019105
1019247
1019592
1019826
1019943
1019963
1020038
1020540
1020590
1020668
1020822
1020862
1020896
1021109
1021122
1021184
1021839
1021868
1021884
1022063
1022072
1022197
1022453
1022565
1022668
1022833
1023194
1023224
1023246
1023253
1023794
1023920
1024379
1024575
1024808
1024823
1024983
1025137
1025437
1025573
1025944
1026317
1026589
1026945
1027257
1027303
1027306
1027410
1027522
1027528
1027596
1027800
1028609
1028715
1028836
1029202
1029209
1029556
1029815
1029880
1030109
1031288
1031388
1031422
1031516
1031524
1031707
1031828
1031898
1032128
1032169
1032171
1032321
1032950
1032995
1033105
1033118
1033125
1033151
1033175
1033181
1033185
1033345
1033356
1033489
1033544
1033667
1033710
1033790
1033833
1033871
1033918
1034061
1034114
1034172
1034229
1034332
1034590
1034751
1034769
1034863
1034902
1034995
1035264
1035360
1035366
1035420
1035841
1035936
1036030
1036186
1036436
1036595
1036620
1036642
1036680
1036786
1036791
1036884
1036969
1036985
1037006
1037010
1037145
1037346
1037359
1037440
1037639
1037704
1037705
1037725
1037809
1037844
1038141
1038174
1038190
1038273
1038401
1038416
1038489
1038604
1038799
1038909
1038995
1038996
1039162
1039200
1039280
1039395
1039448
1039801
1040025
1040049
1040067
1040079
1040085
1040110
1040127
1040137
1040191
1040422
1040593
1040605
1040625
1040742
1040926
1040967
1041149
1041244
1041320
1041478
1041494
1041554
1041605
1041633
1041681
1041835
1041899
1041952
1041957
1042010
1042043
1042065
1042134
1042201
1042202
1042395
1042471
1042498
1042565
1042827
1042888
1042952
1042960
1042967
1043199
1043227
1043247
1043251
1043303
1043443
1043607
1043656
1043814
1043824
1043868
1043871
1043945
1044042
1044047
1044060
1044095
1044115
1044117
1044359
1044396
1044537
1044543
1044546
1044667
1044673
1044684
1044686
1044688
1044697
1044698
1044699
1044700
1044956
1045061
1045200
1045249
1045330
1045343
1045345
1045511
1045537
1045819
1045967
1046000
1046177
1046207
1046210
1046374
1046572
1046614
1046784
1046893
1046905
1047060
1047100
1047223
1047423
1047445
1047641
1047820
1047902
1048034
1048094
1048199
1048216
1048222
1048223
1048224
1048235
1048239
1048259
1048261
1048268
1048318
1048319
1048322
1048324
1048331
1048512
1048517
1048568
1048782
1048813
1048941
1049078
1049134
1049234
1049244
1049303
1049324
1049340
1049347
1049351
1049358
1049366
1049369
1049375
1049380
1049387
1049388
1049404
1049411
1049415
1049419
1049422
1049423
1049426
1049431
1049438
1049451
1049551
1049560
1049569
1049580
1049584
1049586
1049588
1049608
1049791
1049830
1049864
1049935
1049936
1049940
1049946
1049949
1049954
1049958
1049962
1049965
1049971
1049981
1049987
1049995
1049997
1049999
1050001
1050004
1050005
1050006
1050008
1050010
1050015
1050017
1050018
1050019
1050020
1050021
1050023
1050025
1050103
1050118
1050120
1050124
1050125
1050130
1050131
1050135
1050137
1050139
1050149
1050181
1050213
1050242
1050309
1050315
1050361
1050482
1050485
1050487
1050489
1050490
1050491
1050519
1050525
1050527
1050529
1050562
1050567
1050573
1050576
1050578
1050580
1050588
1050589
1050590
1050625
1050863
1050953
1051007
1051049
1051196
1051237
1051246
1051383
1051385
1051394
1051402
1051629
1051652
1051716
1051809
1051846
1051878
1051951
1051955
1051957
1051978
1052029
1052210
1052211
1052221
1052230
1052255
1052265
1052271
1052295
1052321
1052336
1052411
1052431
1052559
1052588
1052606
1052614
1052619
1052621
1052624
1052626
1052628
1052629
1052671
1052809
1052820
1052843
1052865
1052886
1052940
1053050
1053105
1053129
1053140
1053233
1053238
1053270
1053276
1053297
1053327
1053406
1053422
1053435
1053447
1053469
1053516
1053541
1053561
1053609
1053670
1053712
1053808
1053847
1053859
1053900
1053911
1053916
1053942
1053952
1053968
1053993
1053997
1054018
1054022
1054034
1054180
1054285
1054462
1054508
1054561
1054626
1054630
1054770
1054903
1054964
1054977
1055167
1055199
1055207
1055496
1055544
1055733
1055744
1055749
1055750
1055754
1055786
1056079
1056112
1056149
1056166
1056186
1056335
1056380
1056428
1056510
1056514
1056517
1056522
1056524
1056528
1056531
1056533
1056546
1056603
1056607
1056608
1056745
1056900
1056955
1056968
1057004
1057071
1057117
1057149
1057228
1057318
1057333
1057362
1057443
1057483
1057538
1057544
1057575
1057577
1057769
1057818
1057919
1057932
1057938
1057963
1058063
1058078
1058435
1058444
1058482
1058596
1058649
1058662
1058777
1058833
1058925
1059008
1059012
1059051
1059357
1059487
1059528
1059651
1059935
1059980
1060041
1060043
1060195
1060208
1060234
1060314
1060421
1060630
1060643
1060709
1060743
1060999
1061032
1061189
1061227
1061242
1061292
1061624
1061661
1061771
1061927
1061930
1062010
1062040
1062110
1062160
1062282
1062315
1062401
1062522
1062564
1062566
1062579
1062583
1062668
1062686
1062694
1062714
1062715
1062717
1062960
1062985
1063104
1063110
1063334
1063430
1063436
1063439
1063470
1063498
1063505
1063528
1063562
1063631
1063744
1063843
1063845
1063847
1063850
1063851
1063853
1063857
1063863
1063879
1063884
1063890
1063895
1063898
1063903
1063905
1063906
1063907
1063909
1063910
1063948
1063981
1064294
1064296
1064312
1064332
1064405
1064435
1064598
1064620
1064695
1064931
1065054
1065144
1065167
1065277
1065299
1065320
1065351
1065374
1065722
1065897
1065952
1066022
1066060
1066078
1066218
1066220
1066313
1066432
1066902
1067058
1067063
1067094
1067138
1067151
1067167
1067399
1067469
1067549
1067582
1067693
1067700
1067704
1067833
1067931
1067955
1067959
1067963
1067976
1067993
1068010
1068368
1068425
1068449
1068619
1068907
1068944
1069020
1069110
1069169
1069335
1069355
1069578
1069706
1069778
1069954
1070038
1070155
1070169
1070235
1070373
1070442
1070514
1070535
1070673
1070923
1070941
1070963
1071133
1071262
1071555
1072006
1072032
1072071
1072167
1072230
1072267
1072286
1072304
1072306
1072341
1072404
1072492
1072493
1072515
1072709
1072776
1073070
1073111
1073222
1073252
1073335
1073342
1073345
1073405
1073413
1073449
1073792
1073802
1073841
1073917
1073961
1073975
1074006
1074037
1074082
1074087
1074139
1074141
1074147
1074216
1074299
1074445
1074648
1074776
1074867
1074900
1075004
1075038
1075187
1075210
1075270
1075273
1075296
1075299
1075302
1075475
1075492
1075632
1075682
1075685
1075795
1075915
1075940
1076061
1076142
1076153
1076330
1076395
1076525
1076731
1076768
1076942
1076959
1077141
1077255
1077281
1077283
1077313
1077340
1077367
1077535
1077583
1077619
1077627
1077693
1077698
1077708
1077751
1077817
1077833
1077891
1077984
1078037
1078060
1078179
1078261
1078366
1078367
1078523
1078529
1078580
1078698
1078709
1078712
1078768
1078770
1078780
1078820
1078869
1078928
1079114
1079115
1079122
1079126
1079130
1079160
1079354
1079481
1079634
1079686
1079688
1079827
1080133
1080172
1080240
1080512
1080585
1080597
1080646
1080656
1080732
1080738
1080800
1080879
1081157
1081158
1081504
1081557
1081713
1081736
1081740
1081790
1081854
1082058
1082063
1082072
1082110
1082344
1082350
1082368
1082375
1082384
1082471
1082477
1082597
1082608
1082614
1082622
1082630
1082636
1082706
1082757
1082779
1082789
1082845
1082921
1082958
1082993
1083028
1083070
1083072
1083246
1083431
1083533
1083611
1083665
1083763
1083771
1083773
1083776
1083862
1083957
1083976
1084015
1084031
1084044
1084062
1084107
1084333
1084376
1084414
1084428
1084437
1084477
1084614
1084647
1084652
1084659
1084661
1084744
1084862
1084863
1084872
1084874
1084875
1084913
1084949
1085006
1085011
1085017
1085022
1085045
1085079
1085089
1085090
1085093
1085094
1085098
1085099
1085102
1085111
1085112
1085123
1085159
1085210
1085222
1085223
1085229
1085233
1085255
1085322
1085403
1085547
1085556
1085581
1085583
1085592
1085694
1085828
1086046
1086214
1086250
1086401
1086402
1086440
1086442
1086543
1086576
1086712
1086851
1086877
1086984
1087255
1087390
1087637
1087728
1087792
1087877
1087915
1088001
1088007
1088089
1088275
1088419
1088486
1088535
1088606
1088763
1088813
1088892
1089110
1089117
1089179
1089192
1089226
1089251
1089376
1089395
1089459
1089467
1089651
1089655
1089789
1089790
1089832
1089838
1089861
1090218
1090423
1090427
1090466
1090505
1090518
1090528
1090538
1090546
1090568
1090586
1090854
1090981
1091172
1091194
1091238
1091297
1091314
1091669
1091671
1091837
1091940
1091944
1092031
1092032
1092041
1092051
1092077
1092087
1092214
1092227
1092348
1092432
1092454
1092475
1092654
1092882
1092936
1093151
1093220
1093223
1093228
1093479
1093501
1093550
1093565
1093570
1093585
1093733
1093779
1093787
1093795
1093865
1093939
1093976
1093984
1094007
1094013
1094054
1094087
1094091
1094093
1094095
1094097
1094099
1094101
1094157
1094378
1094746
1094837
1094996
1095091
1095138
1095243
1095272
1095565
1095616
1095638
1095808
1095898
1095976
1096067
1096226
1096444
1096496
1096516
1096592
1096622
1096637
1096775
1096791
1096898
1096963
1096993
1097135
1097405
1097512
1097524
1097604
1097607
1097610
1097612
1097615
1097742
1097781
1097925
1098017
1098175
1098252
1098318
1098346
1098379
1098777
1098812
1098912
1098915
1099101
1099116
1099129
1099646
1099653
1099663
1099670
1100069
1100170
1100172
1100174
1100177
1100179
1100180
1100181
1100235
1100248
1100256
1100337
1100340
1100344
1100351
1100352
1100438
1100443
1100444
1100451
1100452
1100453
1100455
1100456
1100457
1100461
1100462
1100464
1100466
1100469
1100470
1100471
1100472
1100473
1100531
1100540
1100547
1100607
1100658
1100705
1100784
1100787
1100791
1100846
1100856
1100982
1101025
1101051
1101091
1101133
1101273
1101418
1101422
1101424
1101432
1101433
1101453
1101454
1101458
1101466
1101470
1101495
1101503
1101516
1101521
1101526
1101530
1101534
1101537
1101550
1101552
1101559
1101563
1101683
1101703
1101758
1102006
1102104
1102247
1102408
1102448
1102510
1102596
1102857
1102940
1103016
1103140
1103176
1103185
1103298
1103364
1103509
1103674
1103696
1103708
1103729
1103756
1103792
1103830
1103985
1104027
1104131
1104139
1104191
1104206
1104315
1104390
1104623
1105283
1105435
1105705
1105736
1105742
1105748
1105848
1105888
1105890
1105902
1106099
1106437
1106491
1106669
1106747
1106755
1106757
1106995
1107026
1107119
1107151
1107395
1107431
1107492
1107594
1107693
1107742
1107795
1107893
1107947
1108204
1108300
1108495
1108533
1108784
1108895
1109009
1109114
1109229
1109303
1109615
1109763
1109777
1109786
1109789
1109810
1109815
1109817
1109822
1110034
1110095
1110207
1110362
1110429
1110504
1110516
1110584
1110648
1110721
1110746
1110939
1110948
1110962
1110964
1110968
1110971
1111043
1111092
1111151
1111152
1111153
1111154
1111155
1111156
1111202
1111207
1111238
1111255
1111340
1111371
1111469
1111526
1111571
1111707
1111786
1111816
1111817
1111819
1111867
1111926
1111985
1112088
1112115
1112209
1112424
1112426
1112443
1112463
1112466
1112468
1112567
1112573
1112592
1112596
1112723
1112733
1112810
1112863
1112875
1112880
1113041
1113085
1113119
1113126
1113140
1113142
1113423
1113494
1113511
1113521
1113574
1113595
1113778
1113894
1113900
1113932
1114102
1114115
1114199
1114201
1114205
1114227
1114330
1114333
1114335
1114338
1114340
1114344
1114348
1114351
1114355
1114370
1114375
1114382
1114387
1114391
1114395
1114398
1114414
1114417
1114420
1114424
1114425
1114427
1114440
1114442
1114446
1114447
1114450
1114455
1114460
1114469
1114477
1114479
1114481
1114482
1114488
1114489
1114490
1114496
1114497
1114678
1114699
1114750
1114879
1114885
1114905
1115003
1115062
1115207
1115377
1115399
1115548
1115668
1115700
1115712
1115728
1116016
1116067
1116449
1116553
1116877
1117005
1117099
1117122
1117127
1117133
1117174
1117191
1117193
1117220
1117226
1117229
1117276
1117442
1117514
1117702
1117704
1117705
1117769
1118031
1118065
1118134
1118367
1118795
1118824
1118835
1118956
1119018
1119090
1119093
1119244
1119288
1119301
1119321
1119341
1119460
1119713
1119719
1119842
1119873
1120011
1120019
1120062
1120108
1120144
1120268
1120316
1120421
1120463
1120467
1120471
1120554
1120622
1120774
1120944
1120950
1120965
1121051
1121227
1121284
1121317
1121319
1121320
1121432
1121705
1121776
1121807
1121877
1122009
1122088
1122097
1122140
1122315
1122318
1122320
1122323
1122329
1122331
1122332
1122334
1122336
1122337
1122338
1122341
1122342
1122411
1122421
1122485
1122495
1122515
1122583
1122585
1122658
1122732
1122803
1122806
1122942
1123006
1123205
1123373
1123604
1123778
1123864
1123926
1123930
1123933
1123947
1123952
1123955
1123956
1123961
1123964
1123966
1123969
1123971
1123974
1123975
1123978
1123981
1124101
1124106
1124109
1124111
1124113
1124116
1124119
1124122
1124126
1124130
1124133
1124135
1124158
1124166
1124204
1124621
1124651
1124653
1124655
1124658
1124659
1124661
1124664
1124666
1124668
1124672
1124676
1124698
1124703
1124707
1124711
1124713
1124714
1124718
1124720
1124721
1124724
1124726
1124729
1124736
1124739
1124765
1124830
1124834
1124836
1124926
1124995
1125009
1125010
1125056
1125258
1125260
1125261
1125262
1125264
1125266
1125267
1125268
1125269
1125273
1125275
1125276
1125277
1125278
1125280
1125282
1125284
1125285
1125286
1125287
1125288
1125455
1125510
1125568
1125585
1125590
1125595
1125608
1125649
1125668
1126157
1126198
1126310
1126467
1126470
1126599
1126785
1126793
1126809
1126839
1126945
1127044
1127083
1127087
1127091
1127143
1127191
1127287
1127306
1127546
1127560
1127562
1127569
1127582
1127585
1127586
1127587
1127588
1127590
1127594
1127595
1127602
1127732
1127781
1127809
1127969
1128077
1128123
1128349
1128501
1128553
1128785
1128786
1128791
1128801
1128836
1128847
1128861
1129016
1129035
1129040
1129106
1129230
1129316
1129346
1129396
1129602
1129606
1129694
1129757
1129811
1129932
1129984
1130035
1130054
1130208
1130312
1130408
1130421
1130482
1130558
1130662
1130679
1130781
1130899
1130910
1130957
1130995
1131080
1131107
1131240
1131402
1131720
1131794
1131798
1131800
1131802
1131806
1131809
1131821
1131883
1131986
1132062
1132074
1132192
1132281
1132506
1132554
1132555
1132575
1132583
1132591
1132637
1132643
1132647
1132651
1132658
1132663
1132679
1132692
1132701
1132705
1132715
1132719
1132731
1132743
1132812
1132820
1132829
1132831
1132833
1132836
1132838
1132840
1132844
1132900
1132906
1132923
1132926
1132927
1132936
1132996
1133022
1133067
1133140
1133314
1133354
1133360
1133368
1133388
1133396
1133404
1133416
1133422
1133496
1133577
1133652
1133778
1133835
1133868
1133952
1133974
1133978
1133983
1134071
1134126
1134205
1134208
1134209
1134213
1134215
1134218
1134221
1134224
1134229
1134230
1134232
1134235
1134244
1134278
1134357
1134398
1134433
1134438
1134450
1134583
1134585
1134591
1134603
1134605
1134608
1134609
1134611
1134614
1134621
1134625
1134631
1134647
1134650
1134651
1134677
1134682
1134697
1134702
1134705
1134707
1134709
1134716
1134721
1134732
1134738
1134739
1134741
1134747
1134748
1134750
1134756
1134757
1134759
1134782
1134969
1135003
1135023
1135028
1135029
1135030
1135032
1135064
1135065
1135067
1135069
1135070
1135072
1135073
1135075
1135076
1135122
1135141
1135161
1135243
1135247
1135333
1135365
1135404
1135408
1135482
1135527
1135528
1135530
1135653
1135903
1135905
1135909
1135920
1135925
1135930
1135932
1135933
1135935
1135937
1135939
1135940
1135941
1135943
1135946
1136062
1136063
1136064
1136066
1136068
1136069
1136071
1136073
1136074
1136076
1136078
1136081
1136085
1136087
1136088
1136090
1136092
1136096
1136098
1136175
1136276
1136324
1136334
1136339
1136341
1136342
1136343
1136344
1136387
1136403
1136405
1136407
1136411
1136414
1136416
1136424
1136426
1136428
1136429
1136431
1136435
1136437
1136508
1136558
1136575
1136848
1136911
1136914
1136918
1136921
1136978
1137036
1137063
1137107
1137142
1137243
1137251
1137269
1137271
1137284
1137391
1137544
1137638
1137640
1137645
1137653
1137654
1137716
1137723
1137820
1137863
1138000
1138097
1138227
1138474
1138513
1138518
1138583
1138586
1138708
1138715
1138774
1138818
1138888
1138891
1138912
1138969
1138974
1138978
1138980
1138983
1138985
1138992
1138994
1139095
1139116
1139264
1139611
1139702
1139732
1139888
1139977
1140058
1140059
1140060
1140061
1140063
1140064
1140068
1140070
1140071
1140073
1140075
1140076
1140077
1140080
1140105
1140108
1140110
1140112
1140114
1140117
1140118
1140121
1140123
1140127
1140129
1140131
1140132
1140133
1140136
1140191
1140346
1140408
1140480
1140491
1140550
1140766
1140826
1140848
1140885
1140905
1140956
1141057
1141132
1141135
1141183
1141497
1141500
1141564
1141595
1141642
1141675
1141721
1141773
1141803
1141863
1141891
1141907
1142032
1142079
1142107
1142188
1142189
1142193
1142201
1142204
1142341
1142352
1142355
1142426
1142433
1142435
1142594
1142617
1142619
1142622
1142625
1142627
1142632
1142633
1142637
1142638
1142643
1142927
1142930
1142932
1142935
1142936
1142942
1142955
1142965
1143007
1143063
1143064
1143066
1143077
1143080
1143082
1143086
1143237
1143389
1143401
1143421
1143431
1143479
1143496
1143547
1143839
1143879
1143880
1143883
1143884
1143886
1143888
1143889
1143906
1143907
1143909
1143912
1143913
1143915
1143918
1143919
1143921
1143923
1143925
1143926
1143927
1143929
1143959
1144014
1144140
1144211
1144217
1144361
1144398
1144447
1144719
1144723
1144725
1144729
1144734
1144745
1144750
1144861
1145219
1145229
1145233
1145235
1145238
1145248
1145250
1145256
1145258
1145261
1145263
1145268
1145271
1145272
1145275
1145277
1145291
1145545
1145696
1145816
1145821
1145851
1145973
1146019
1146045
1146059
1146123
1146194
1146195
1146200
1146201
1146202
1146203
1146204
1146208
1146209
1146211
1146212
1146213
1146215
1146234
1146244
1146281
1146343
1146534
1146536
1146542
1146575
1146579
1146674
1146687
1146740
1146754
1146755
1146757
1146832
1146836
1146838
1146839
1146913
1147023
1147045
1147057
1147210
1147363
1147516
1147629
1147634
1147640
1147641
1147660
1147676
1147689
1147691
1147812
1147853
1147855
1147879
1147882
1147993
1148046
1148255
1148353
1148358
1148502
1148515
1148524
1148547
1148566
1148664
1148782
1148817
1148825
1148924
1148960
1148988
1149010
1149014
1149152
1149159
1149331
1149367
1149442
1149514
1149552
1149571
1149785
1150183
1150222
1150228
1150280
1150377
1150394
1150439
1150441
1150444
1150445
1150447
1150483
1150489
1150495
1150508
1150580
1150649
1150653
1150696
1150761
1150828
1150914
1151015
1151110
1151122
1151131
1151141
1151144
1151163
1151167
1151444
1151479
1151488
1151493
1151494
1151497
1151507
1151565
1151593
1151601
1151740
1151790
1151827
1151828
1151831
1151832
1151835
1151836
1151838
1151839
1151840
1151841
1151845
1151847
1151856
1151857
1151859
1151872
1151876
1151878
1151879
1151880
1151881
1151882
1151883
1151884
1151885
1151887
1151888
1151889
1151890
1151891
1151892
1151893
1151895
1151896
1151899
1151900
1151901
1151903
1151905
1151907
1151910
1151912
1151913
1151915
1151916
1151917
1151920
1151921
1151923
1151925
1151926
1151928
1151930
1151931
1151933
1151935
1151937
1151939
1151940
1151942
1151944
1151945
1151946
1151948
1151950
1151952
1151954
1151957
1151958
1151959
1151960
1151962
1151963
1151964
1151966
1151967
1151968
1151969
1151973
1151976
1151978
1151985
1151986
1151987
1151988
1151990
1152004
1152036
1152048
1152057
1152060
1152075
1152079
1152231
1152247
1152284
1152368
1152393
1152454
1152459
1152462
1152599
1152664
1152727
1152758
1152842
1152889
1152932
1152933
1152982
1153008
1153132
1153135
1153139
1153142
1153197
1153403
1153536
1153538
1153720
1153868
1153886
1154001
1154124
1154146
1154245
1154485
1154536
1154605
1154608
1154615
1154625
1154864
1155122
1155134
1155148
1155164
1155182
1155241
1155285
1155301
1155458
1155558
1155616
1155625
1155640
1155704
1156024
1156047
1156139
1156166
1156209
1156212
1156272
1156414
1156827
1157018
1157032
1157045
1157192
1157265
1157489
1157644
1157666
1157667
1157672
1157706
1157708
1157727
1157736
1157747
1157822
1157955
1158083
1158084
1158086
1158087
1158089
1158090
1158172
1158202
1158248
1158256
1158272
1158280
1158285
1158291
1158307
1158310
1158314
1158359
1158369
1158380
1158416
1158422
1158431
1158604
1158682
1158720
1158894
1159015
1159018
1159031
1159104
1159106
1159113
1159159
1159167
1159182
1159315
1159521
1159534
1159624
1159639
1159688
1159875
1159895
1160021
1160105
1160153
1160414
1160419
1160422
1160427
1160431
1160432
1160466
1160477
1160584
1160588
1160591
1160594
1160596
1160600
1160606
1160609
1160612
1160763
1161048
1161084
1161417
1161507
1161714
1161733
1161761
1161974
1161989
1161995
1162006
1162007
1162056
1162120
1162175
1162200
1162278
1162343
1162526
1162532
1162756
1162791
1162911
1162917
1162922
1162946
1162961
1163017
1163027
1163051
1163412
1163414
1163417
1163449
1163486
1163497
1163591
1163640
1163909
1163924
1163946
1163950
1163953
1164124
1164227
1164229
1164355
1164495
1164825
1164853
1164931
1165070
1165206
1165286
1165359
1165372
1165396
1165455
1165459
1165462
1165464
1165472
1165581
1165585
1165587
1165619
1165622
1165669
1165680
1165772
1165815
1165819
1165890
1165893
1165898
1165905
1165909
1165913
1165915
1165937
1165938
1165942
1165945
1166009
1166099
1166109
1166133
1166260
1166391
1166401
1166538
1166544
1166652
1166872
1166890
1166947
1167042
1167205
1167210
1167212
1167218
1167379
1167474
1167518
1167519
1167535
1167720
1167727
1167751
1167813
1167834
1167966
1167976
1167977
1167978
1167981
1167983
1167986
1167988
1167989
1167993
1167996
1168001
1168002
1168061
1168088
1168166
1168196
1168529
1168720
1168779
1168794
1168912
1168925
1168951
1168957
1169025
1169144
1169163
1169340
1169396
1169482
1169543
1169613
1169666
1169687
1169712
1169758
1169810
1169957
1170200
1170399
1170467
1170554
1170797
1170802
1170947
1171008
1171070
1171121
1171142
1171264
1171300
1171432
1171552
1171727
1171787
1171916
1171919
1171953
1172010
1172063
1172094
1172102
1172183
1172237
1172252
1172258
1172266
1172278
1172288
1172345
1172367
1172398
1172531
1172533
1172541
1172554
1172571
1172580
1172586
1172593
1172604
1172769
1172777
1172816
1172819
1172939
1173049
1173077
1173108
1173168
1173177
1173289
1173357
1173366
1173374
1173387
1173400
1173408
1173424
1173434
1173480
1173492
1173553
1173575
1173589
1173595
1173602
1173609
1173670
1173705
1173733
1173752
1173762
1173774
1173781
1173833
1173861
1173871
1173895
1173922
1173947
1173960
1173985
1174032
1174048
1174198
1174204
1174224
1174227
1174238
1174247
1174266
1174279
1174310
1174342
1174386
1174395
1174417
1174432
1174471
1174476
1174486
1174489
1174494
1174545
1174561
1174563
1174616
1174651
1174701
1174727
1174734
1174742
1174766
1174785
1174886
1174897
1174910
1175166
1175198
1175201
1175206
1175227
1175252
1175261
1175269
1175294
1175310
1175328
1175436
1175507
1175527
1175695
1175748
1175856
1175882
1176173
1176176
1176196
1176235
1176278
1176291
1176418
1176590
1176604
1176609
1176625
1176681
1176762
1176765
1176802
1176895
1176999
1177094
1177099
1177106
1177110
1177124
1177151
1177156
1177160
1177170
1177174
1177228
1177260
1177338
1177444
1177518
1177561
1177565
1177570
1177747
1177758
1177761
1177911
1177921
1178074
1178159
1178514
1178529
1178536
1178569
1178571
1178669
1178712
1178764
1178819
1178828
1178873
1178909
1178918
1179091
1179112
1179136
1179137
1179261
1179262
1179323
1179402
1179453
1179464
1179502
1179516
1179549
1179583
1179595
1179620
1179684
1179729
1179790
1179841
1179871
1179882
1179916
1179958
1179988
1179996
1180036
1180065
1180123
1180125
1180126
1180128
1180133
1180137
1180158
1180182
1180209
1180211
1180214
1180218
1180223
1180232
1180236
1180238
1180240
1180258
1180278
1180281
1180282
1180283
1180297
1180354
1180371
1180377
1180415
1180431
1180480
1180505
1180529
1180532
1180533
1180543
1180557
1180576
1180599
1180623
1180648
1180724
1180751
1180756
1180784
1180806
1180837
1180838
1180853
1180865
1180889
1180894
1180909
1180931
1180945
1180947
1180988
1180999
1181039
1181045
1181197
1181231
1181244
1181250
1181296
1181318
1181537
1181561
1181663
1181687
1181690
1181691
1181694
1181696
1181703
1181706
1181720
1181736
1181739
1181742
1181743
1181747
1181751
1181769
1181771
1181893
1182099
1182133
1182204
1182274
1182275
1182397
1182401
1182420
1182531
1182576
1182577
1182580
1182584
1182634
1182679
1182687
1182789
1182835
1182839
1182898
1182949
1182953
1182957
1183131
1183183
1183210
1183245
1183279
1183322
1183387
1183448
1183489
1183584
1183587
1183589
1183592
1183593
1183594
1183600
1183609
1183614
1183616
1183619
1183620
1183622
1183625
1183627
1183630
1183717
1183782
1183797
1183882
1183982
1184188
1184308
1184353
1184375
1184424
1184513
1184531
1184629
1184647
1184666
1184688
1184762
1184796
1184834
1184936
1184970
1185045
1185110
1185127
1185132
1185175
1185245
1185481
1185559
1185580
1185745
1185764
1185772
1186014
1186060
1186233
1186330
1186466
1186528
1186686
1186758
1186868
1187058
1187087
1187235
1187331
1187345
1187561
1187619
1187633
1187675
1187742
1188047
1188057
1188172
1188269
1188283
1188286
1188335
1188345
1188508
1188663
1188679
1188696
1188725
1188766
1188776
1188859
1189092
1189188
1189337
1189347
1189361
1189364
1189365
1189401
1189452
1189453
1189470
1189495
1189501
1189546
1189637
1189638
1189639
1189723
1189732
1189735
1189827
1189830
1189832
1189836
1189894
1189975
1189988
1190052
1190213
1190422
1190499
1190521
1190525
1190593
1190730
1190748
1190775
1190852
1190914
1190923
1190953
1190986
1191216
1191283
1191287
1191291
1191295
1191297
1191299
1191363
1191715
1191812
1191815
1192007
1192009
1192010
1192011
1192017
1192020
1192052
1192055
1192056
1192060
1192136
1192160
1192197
1192257
1192260
1192310
1192346
1192385
1192386
1192419
1192642
1192652
1192658
1192664
1192666
1192677
1192679
1192702
1192813
1192868
1192921
1192937
1193019
1193062
1193256
1193345
1193351
1193353
1193357
1193358
1193360
1193361
1193362
1193369
1193371
1193373
1193385
1193396
1193626
1193673
1193731
1193762
1193767
1193794
1193812
1193814
1193815
1193817
1193820
1193821
1193833
1193840
1193843
1193844
1193847
1193848
1193919
1193950
1194025
1194129
1194182
1194235
1194278
1194280
1194283
1194286
1194288
1194293
1194297
1194298
1194299
1194301
1194303
1194304
1194306
1194309
1194313
1194315
1194317
1194319
1194321
1194322
1194326
1194328
1194329
1194332
1194334
1194337
1194338
1194342
1194343
1194345
1194347
1194386
1194388
1194390
1194524
1194606
1194615
1194689
1194766
1194931
1194963
1195118
1195130
1195397
1195403
1195404
1195407
1195410
1195412
1195565
1195709
1195895
1195896
1195900
1195901
1195902
1195904
1195905
1195906
1195907
1195908
1195909
1195910
1195912
1195913
1196061
1196071
1196086
1196263
1196308
1196318
1196319
1196320
1196364
1196367
1196524
1196701
1196763
1196881
1197112
1197173
1197181
1197186
1197191
1197200
1197246
1197254
1197260
1197262
1197280
1197302
1197369
1197386
1197395
1197399
1197426
1197464
1197466
1197467
1197471
1197475
1197476
1197478
1197504
1197505
1197506
1197507
1197510
1197515
1197517
1197565
1197708
1197714
1197761
1197818
1197873
1197909
1198050
1198084
1198105
1198251
1198450
1198452
1198494
1198607
1198652
1198658
1198708
1198779
1198852
1198870
1198873
1198946
1198960
1198962
1199073
1199077
1199097
1199122
1199124
1199253
1199255
1199318
1199364
1199462
1199468
1199569
1199584
1199663
1199666
1199710
1199765
1199816
1199827
1199834
1199893
1199906
1199949
1199957
1199974
1199989
1199991
1199995
1199999
1200082
1200084
1200093
1200131
1200189
1200229
1200238
1200264
1200271
1200277
1200302
1200309
1200318
1200338
1200345
1200348
1200352
1200353
1200355
1200372
1200405
1200524
1200526
1200539
1200794
1200798
1200803
1200814
1200815
1200817
1200818
1200822
1200826
1200829
1200835
1200848
1200875
1201024
1201038
1201074
1201113
1201126
1201134
1201188
1201198
1201268
1201271
1201272
1201274
1201304
1201413
1201504
1201619
1201661
1201738
1201769
1201889
1201938
1201979
1201990
1202025
1202043
1202100
1202101
1202103
1202124
1202388
1202453
1202523
1202534
1202565
1202606
1202607
1202620
1202819
1202863
1202865
1202867
1202913
1202925
1202927
1202930
1202945
1202965
1202967
1202969
1202989
1203015
1203016
1203017
1203018
1203019
1203022
1203023
1203041
1203112
1203126
1203164
1203226
1203258
1203328
1203388
1203394
1203421
1203443
1203481
1203484
1203604
1203652
1203676
1203699
1203734
1203817
1203839
1203861
1203864
1203867
1203869
1203939
1204029
1204423
1204428
1204481
1204484
1204815
1204883
1204884
1204895
1204908
1204910
1204913
1204929
1204933
1204935
1204936
1204938
1204940
1204942
1204943
1204946
1204949
1204966
1204969
1204971
1204977
1204980
1204987
1204993
1204994
1205026
1205028
1205034
1205093
1205098
1205102
1205105
1205107
1205109
1205111
1205112
1205114
1205116
1205121
1205431
1205459
1205503
1205508
1205525
1205694
1205696
1205893
1205916
1206415
1206436
1206471
1206558
1206874
1206875
1207006
1207013
1207068
1207086
1207121
1207227
1207266
1207314
1207316
1207413
1207425
1207583
1207665
1207701
1207739
1207801
1207809
1207821
1207887
1207897
1208016
1208033
1208041
1208135
1208242
1208276
1208355
1208397
1208399
1208407
1208413
1208427
1208540
1208641
1208725
1208728
1208731
1208734
1208742
1208745
1208808
1208876
1209028
1209088
1209108
1209312
1209433
1209581
1209584
1209587
1209591
1209598
1209599
1209602
1209603
1209604
1209605
1209609
1209647
1209650
1209653
1209654
1209655
1209657
1209658
1209660
1209662
1209663
1209664
1209666
1209668
1209669
1209674
1209676
1209677
1209678
1209679
1209735
1209737
1209784
1209794
1209831
1209847
1209850
1209855
1209858
1209906
1210020
1210047
1210062
1210135
1210371
1210431
1210481
1210482
1210543
1210635
1210846
1210876
1210899
1210916
1210939
1210981
1211111
1211170
1211222
1211324
1211434
1211474
1211494
1211546
1211557
1211714
1211769
1211843
1211878
1211882
1211884
1211947
1212046
1212151
1212240
1212254
1212355
1212362
1212456
1212566
1212574
1212642
1212657
1212716
1212829
1212935
1212944
1213019
1213038
1213067
1213180
1213199
1213277
1213299
1213301
1213303
1213307
1213309
1213312
1213313
1213314
1213315
1213317
1213318
1213319
1213320
1213321
1213322
1213338
1213357
1213361
1213367
1213383
1213388
1213391
1213394
1213409
1213419
1213423
1213426
1213429
1213432
1213438
1213440
1213441
1213442
1213513
1213528
1213649
1213652
1213655
1213657
1213659
1213665
1213670
1213700
1213714
1213721
1213876
1213881
1213886
1213890
1213892
1213894
1213913
1213976
1214125
1214136
1214144
1214145
1214147
1214151
1214154
1214164
1214199
1214274
1214276
1214279
1214281
1214287
1214289
1214356
1214416
1214510
1214514
1214520
1214524
1214529
1214535
1214538
1214543
1214548
1214550
1214843
1214905
1215044
1215093
1215094
1215096
1215097
1215106
1215163
1215182
1215205
1215314
1215444
1215462
1215470
1215475
1215478
1215481
1215482
1215628
1215676
1215753
1215846
1215931
1215988
1215995
1216004
1216008
1216010
1216013
1216017
1216023
1216028
1216033
1216059
1216074
1216080
1216094
1216100
1216102
1216112
1216127
1216136
1216138
1216140
1216143
1216145
1216149
1216152
1216195
1216219
1216240
1216243
1216246
1216247
1216250
1216254
1216255
1216265
1216359
1216365
1216368
1216370
1216373
1216737
1216740
1216743
1216745
1216801
1216854
1216867
1217010
1217166
1217241
1217274
1217277
1217284
1217288
1217291
1217296
1217299
1217489
1217592
1217682
1217683
1217685
1217686
1217687
1217688
1217689
1217691
1217693
1217694
1217696
1217697
1217698
1217699
1217700
1217701
1217720
1217759
1217781
1217888
1217889
1217899
1217904
1217909
1217912
1217914
1217915
1217934
1218156
1218159
1218160
1218161
1218163
1218165
1218166
1218169
1218170
1218174
1218175
1218178
1218179
1218180
1218181
1218182
1218274
1218277
1218279
1218284
1218330
1218380
1218503
1218719
1218752
1218809
1218835
1218912
1218962
1218966
1218967
1218969
1218971
1218974
1218978
1218981
1218983
1218987
1218991
1218995
1218996
1218997
1219000
1219008
1219011
1219014
1219016
1219021
1219023
1219027
1219031
1219033
1219035
1219036
1219037
1219038
1219039
1219041
1219044
1219046
1219049
1219050
1219111
1219114
1219116
1219117
1219120
1219122
1219126
1219134
1219136
1219140
1219141
1219143
1219147
1219159
1219173
1219176
1219275
1219522
1219556
1219579
1219673
1219714
1219737
1219739
1219751
1219867
1219893
1219897
1219927
1220220
1220301
1220336
1220410
1220476
1220630
1220666
1220708
1220803
1220818
1220821
1220824
1220825
1220826
1220946
1220965
1220993
1221066
1221251
1221395
1221398
1221401
1221484
1221548
1221574
1221578
1221579
1221690
1221764
1221840
1221874
1221878
1221882
1221896
1222161
1222170
1222173
1222175
1222177
1222179
1222182
1222184
1222188
1222192
1222193
1222199
1222274
1222446
1222484
1222535
1222550
1222568
1222732
1222745
1222812
1222872
1222949
1223093
1223134
1223184
1223297
1223300
1223303
1223321
1223324
1223330
1223344
1223353
1223366
1223376
1223663
1223799
1223965
1224068
1224096
1224098
1224266
1224268
1224287
1224292
1224346
1224387
1224435
1224486
1224573
1224589
1224669
1224674
1224832
1224840
1224843
1224844
1224848
1224850
1224851
1224853
1224855
1224858
1224895
1224917
1224993
1225009
1225036
1225206
1225293
1225343
1225345
1225346
1225349
1225354
1225355
1225356
1225357
1225361
1225362
1225366
1225372
1225475
1225530
1225812
1225963
1225974
1226007
1226044
1226153
1226170
1226210
1226288
1226309
1226320
1226326
1226334
1226337
1226341
1226346
1226522
1226523
1226601
1226605
1226606
1226609
1226611
1226612
1226615
1226641
1226642
1226647
1226651
1226652
1226671
1226791
1226794
1226799
1226844
1226849
1227140
1227144
1227152
1227154
1227159
1227168
1227175
1227309
1227311
1227704
1227836
1227841
1227944
1228082
1228200
1228253
1228261
1228324
1228473
1228580
1228581
1228582
1228614
1228673
1228690
1228697
1228698
1228700
1228701
1228704
1228706
1228708
1228736
1228784
1228822
1228824
1228829
1228833
1228837
1228839
1228842
1228877
1228890
1229004
1229033
1229034
1229035
1229038
1229040
1229042
1229046
1229050
1229052
1229057
1229078
1229091
1229131
1229159
1229171
1229212
1229229
1229235
1229236
1229255
1229431
1229524
1229558
1229559
1229561
1229670
1229690
1229713
1229772
1230083
1230089
1230325
1230333
1230403
1230483
1230564
1230719
1230791
1230793
1230794
1230795
1230797
1230798
1230799
1230894
1230895
1230896
1230898
1231069
1231175
1231194
1231268
1231349
1231385
1231459
1231477
1231497
1231576
1231648
1231741
1231814
1231828
1231854
1231861
1231979
1232000
1232176
1232214
1232290
1232323
1232380
1232606
1232638
1232673
1232675
1232676
1232708
1232729
1232747
1232754
1232757
1232818
1232823
1232892
1232912
1232976
1233111
1233199
1233476
1233501
1233510
1233557
1233623
1233624
1233625
1233627
1233628
1233629
1233630
1233631
1233633
1233635
1233636
1233638
1233639
1233913
1234014
1234024
1234028
1234042
1234043
1234044
1234045
1234047
1234048
1234049
1234052
1234120
1234155
1234473
1234476
1234477
1234479
1234480
1234481
1234483
1234485
1234486
1234488
1234491
1234492
1234493
1234494
1234497
1234498
1234499
1234500
1234502
1234516
1234518
1234519
1234520
1234523
1234524
1234526
1234527
1234528
1234530
1234553
1234555
1234613
1234626
1234629
1234667
1234733
1234808
1234869
1235020
1235343
1235363
1235383
1235386
1235393
1235399
1235403
1235578
1235608
1235720
1235809
1235811
1235832
1235846
1235926
1236163
1236164
1236166
1236189
1236200
1236224
1236566
1236657
1236758
1236761
1236765
1236773
1236775
1236833
1236838
1236841
1236842
1236844
1236847
1236850
1236856
1236859
1236862
1236993
1236998
1237158
1237223
1237323
1237348
1237494
1237577
1237759
1237777
1237783
1237785
1237860
1237876
1237900
1238007
1238046
1238101
1238120
1238401
1238481
1238578
1238689
1238848
1238871
1238874
1239044
1239105
1239134
1239179
1239230
1239261
1239263
1239506
1239539
1239752
1239753
1239757
1239809
1239915
1240029
1240131
1240145
1240259
1240281
1240330
1240335
1240533
1240642
1240712
1240831
1241085
1241118
1241123
1241126
1241128
1241129
1241250
1241258
1241298
1241303
1241429
1241456
1241564
1241569
1241572
1241588
1241624
1241659
1241663
1241665
1241670
1241675
1241678
1241684
1241685
1241686
1241689
1241692
1241695
1241697
1241701
1241706
1241862
1241869
1241886
1241890
1242034
1242037
1242040
1242042
1242044
1242047
1242051
1242052
1242067
1242069
1242070
1242072
1242073
1242074
1242076
1242077
1242078
1242084
1242086
1242090
1242092
1242097
1242099
1242101
1242103
1242105
1242107
1242109
1242110
1242112
1242113
1242176
1242180
1242194
1242225
1242237
1242261
1242272
1242278
1242322
1242619
1242624
1242630
1242634
1242636
1242640
1242645
1242660
1242726
1242728
1242762
1242764
1242767
1242770
1242771
1242773
1242774
1242776
1242780
1242782
1242786
1242787
1242791
1242798
1242800
1242803
1242806
1242811
1242816
1242821
1242823
1242826
1242905
1243016
1243044
1243101
1243108
1243234
1243307
1243328
1243481
1243483
1243484
1243488
1243490
1243540
1243630
1243647
1243649
1243651
1243652
1243657
1243658
1243659
1243660
1243780
1243795
1243799
1243914
1243929
1243957
1243967
1243993
1243995
1244008
1244010
1244012
1244014
1244035
1244041
1244048
1244244
1244361
1244524
1244575
1244624
1244660
1244779
1244810
1244831
1244840
1244843
1244846
1244848
1244878
1244939
1245001
1245081
1245162
1245297
1245312
1245315
1245316
1245319
1245321
1245340
1245342
1245398
1245411
1245424
1245457
1245683
1245713
1245864
1245909
1245981
1246008
1246011
1246012
1246014
1246015
1246049
1246170
1246336
1246344
1246412
1246459
1246476
1246478
1246479
1246481
1246483
1246485
1246486
1246488
1246489
1246750
1246754
1246771
1246773
1246774
1246776
1246778
1246826
1246832
1246848
1246920
1246989
1246991
1246992
1247013
1247019
1247130
1247143
1247170
1247213
1247289
1247300
1247302
1247304
1247306
1247309
1247311
1247313
1247317
1247319
1247325
1247430
1247567
1247591
1247608
1247651
1247679
1247817
1247820
1247821
1247822
1247823
1247824
1247860
1247871
1247921
1247924
1247925
1247926
1247928
1247931
1247932
1247933
1247934
1247936
1247938
1247941
1247942
1247943
1247944
1247945
1247948
1247950
1247952
1247953
1247956
1248046
1248083
1248094
1248225
1248227
1248228
1248233
1248235
1248243
1248399
1248469
1248479
1248487
1248493
1248526
1248549
1248570
1248572
1248605
1248872
1249013
1249037
1249052
1249075
1249102
1249106
1249119
1249577
1249591
1249592
1249593
1249595
1249597
1249598
1249599
1249600
1249601
1249602
1249606
1249817
1249925
1249927
1249928
1249929
1249930
1249931
1249941
1249944
1249948
1249949
1249950
1249977
1249978
1249979
1249980
1249982
1249984
1249985
1249986
1249987
1249989
1249990
1249992
1249995
1249997
1249998
1250002
1250125
1250203
1250256
1250264
1250354
1250390
1250391
1250435
1250437
1250438
1250439
1250442
1250444
1250446
1250447
1250467
1250468
1250469
1250475
1250513
1250514
1250515
1250516
1250519
1250522
1250579
1250654
1250662
1250785
1250852
1250960
1250999
1251077
1251187
1251314
1251538
1251540
1251543
1251547
1251550
1251555
1251604
1251608
1251617
1251633
1251643
1251644
1251646
1251688
1251900
1251909
1251917
1251935
1252045
1252051
1252121
1252124
1252126
1252129
1252131
1252134
1252138
1252139
1252142
1252145
1252147
1252148
1252157
1252393
1252420
1252428
1252551
1252633
1252639
1252662
1252768
1253010
1253057
1253062
1253274
1253376
1253396
1253419
1253540
1253560
1253586
1253587
1253588
1253589
1253590
1253592
1253596
1253598
1253600
1253644
1253791
1253793
1253797
1253799
1253800
1253802
1253805
1253806
1253807
1253809
1253811
1253812
1253813
1253814
1253815
1253845
1253861
1253867
1253871
1253872
1253874
1253885
1253888
1253894
1253898
1253903
1254161
1254174
1254201
1254229
1254304
1254388
1254594
1254602
1254640
1254755
1254766
1254836
1254858
1254885
1254937
1254940
1254941
1254942
1254943
1254945
1255027
1255029
1255032
1255033
1255040
1255044
1255053
1255072
1255073
1255074
1255075
1255076
1255245
1255300
1255312
1255440
1255442
1255444
1255445
1255447
1255448
1255451
1255452
1255454
1255455
1255460
1255463
1255466
1255468
1255469
1255471
1255472
1255474
1255515
1255616
1255629
1255630
1255651
1255674
1255722
1255726
1255791
1255810
1255847
1256218
1256401
1256504
1256553
1256556
1256559
1256595
1256602
1256723
1256863
1257081
1257085
1257091
1257129
1257227
1257244
1257257
1257376
1257388
1257476
1257483
1257484
1257489
1257492
1257497
1257498
1257523
1257528
1257530
1257537
1257540
1257567
1257576
1257647
1257715
1257951
1258016
1258091
1258221
1258300
1258446
1258455
1258543
1258549
1258558
1258560
1258563
1258569
1258580
1258581
1258583
1258586
1258590
1258595
1258764
1258799
1258802
1258805
1258817
1258921
1258935
1259029
1259084
1259091
1259134
1259241
1259244
1259286
1259287
1259321
1259333
1259341
1259362
1259578
1259950
1259973
1259993
1260004
1260165
1260169
1260195
1260325
1260421
1260533
1260594
1260715
1260820
1260836
1260896
1260946
1260947
1260948
1260949
1260953
1260956
1260957
1260960
1260961
1260963
1260966
1261094
1261148
1261149
1261254
1261382
1261404
1261407
1261419
1261434
1261461
1261519
1261543
1261734
1261756
1261769
1261786
1261862
1261876
1261877
1261898
1261906
1261958
1262002
1262037
1262070
1262132
1262456
1262504
1262505
1262545
1262584
1262629
1262669
1262740
1262766
1262808
1262953
1262983
1263013
1263071
1263112
1263116
1263160
1263175
1263180
1263254
1263314
1263334
1263426
1263642
1263663
1263776
1263868
1263874
1263885
1263904
1263921
1263992
1264103
1264207
1264243
1264244
1264247
1264397
1264421
1264429
1264442
1264465
1265079
1265090
1265416
1265417
1265520
1265523
1265544
1265580
1265600
1265611
1265662
1265795
1265800
1265903
1265973
1266048
1266171
1266212
1266352
1266356
1266361
1266372
1266379
1266382
1266565
1266796
1266803
1266814
1266867
1266868
1266869
1266872
1266875
1266879
1266880
1266883
1266885
1266908
1266919
1266925
1266938
1266956
1266959
1266980
1267022
1267024
1267031
1267062
1267075
1267123
1267126
1267182
1267187
1267196
1267199
1267203
1267205
1267206
1267208
1267209
1267213
1267218
1267220
1267222
1267225
1267227
1267228
1267230
1267232
1267234
1267235
1267245
1267266
1267268
1267320
1267328
1267403
1267448
1267451
1267535
1267544
1267547
1267549
1267551
1267552
1267556
1267557
1267558
1267561
1267563
1267585
1267685
1267710
1267715
1267717
1267720
1267722
1267759
1267828
1267886
1267937
1267949
1267956
1267961
1267966
1267969
1267978
1268123
1268224
1268278
1268356
1268358
1268361
1268364
1268365
1268370
1268376
1268391
1268393
1268394
1268395
1268397
1268399
1268401
1268402
1268403
1268406
1268407
1268412
1268413
1268430
1268468
1268473
1268627
1268682
1268684
1268685
1268687
1268692
1268693
1268698
1268701
1268703
1268706
1268724
1268725
1268729
1268731
1268733
1268736
1268741
1268742
1268744
1268747
1268748
1268749
1268750
1268752
1268755
1268870
1268932
1268996
1269026
1269067
1269083
1269089
1269108
1269181
1269183
1269184
1269185
1269187
1269188
1269189
1269191
1269192
1269193
1269194
1269195
1269196
1269197
1269198
1269199
1269202
1269203
1269204
1269206
1269207
1269210
1269212
1269215
1269218
1269220
1269221
1269224
1269226
1269227
1269230
1269232
1269233
1269234
1269235
1269238
1269239
1269241
1269242
1269243
1269244
1269245
1269248
1269250
1269253
1269254
1269255
1269257
1269265
1269266
1269267
1269268
1269269
1269271
1269272
1269274
1269277
1269279
1269283
1269284
1269285
1269287
1269288
1269290
1269291
1269294
1269296
1269299
1269303
1269305
1269307
1269309
1269310
1269311
1269313
1269316
1269317
1269318
1269324
1269327
1269331
1269335
1269341
1269346
1269350
1269356
1269360
1269361
1269362
1269364
1269365
1269371
1269372
1269374
1269377
1269379
1269382
1269385
1269389
1269393
1269413
1269419
1269423
1269425
1269429
1269430
1269435
1269437
1269514
1269537
1269547
1269549
1269553
1269572
1269797
1269800
1269844
1269900
1269939
1269941
1269968
1270088
1270090
1270091
1270283
1270296
1270346
1270452
1270460
1270493
1270499
1270500
1270503
1270505
1270506
1270507
1270508
1270509
1270510
1270512
1270513
1270515
1270522
1270523
1270528
1270529
1270530
1270532
1270533
1270534
1270541
1270542
1270543
1270557
1270558
1270567
1270594
1270622
1270628
1270645
1270655
1270657
1270678
1270679
1270683
1270692
1270695
1270769
1270969
1271338
1271388
1271390
1271391
1271392
1271394
1271395
1271396
1271397
1271398
1271399
1271403
1271405
1271406
1271407
1271408
1271410
1271411
1271412
1271413
1271414
1271419
1271429
1271431
1271433
1271434
1271436
1271437
1271438
1271443
1271444
1271446
1271447
1271464
1271467
1271476
1271514
1271530
1271576
1271607
1271709
1271722
1271806
1271845
1271848
1271880
1271883
1271908
1271958
1271985
1272031
1272086
1272194
1272387
1272389
1272390
1272391
1272395
1272396
1272465
1272638
1272708
1272966
1273005
1273042
1273062
1273064
1273068
1273089
1273092
1273131
1273151
1273159
1273166
1273170
1273178
1273235
1273323
1273325
1273335
1273543
1273545
1273546
1273547
1273548
1273549
1273553
1273555
1273667
1273668
1273670
1273773
1273877
1274000
1274005
1274009
1274052
1274169
1274266
1274284
1274289
1274424
1274749
1274756
1274941
1275013
1275023
1275039
1275128
1275152
1275180
1275198
1275210
1275254
1275370
1275463
1275709
1275760
1275788
1275852
1275862
1275867
1275871
1275877
1275882
1276032
1276063
1276110
1276131
1276174
1276200
1276206
1276210
1276255
1276279
1276647
1276671
1276678
1276713
1276715
1276717
1276729
1276777
1276778
1276862
1276918
1277004
1277194
1277200
1277280
1277337
1277414
1277423
1277435
1277521
1277528
1277529
1277531
1277534
1277535
1277707
1277744
1277763
1277772
1277773
1277901
1277913
1278021
1278048
1278053
1278143
1278162
1278350
1278432
1278434
1278435
1278677
1278679
1278680
1278683
1278684
1278687
1278689
1278690
1278693
1278694
1278697
1278701
1278703
1278705
1278780
1278845
1278945
1279130
1279173
1279175
1279176
1279177
1279178
1279184
1279185
1279186
1279190
1279191
1279192
1279234
1279237
1279239
1279241
1279243
1279245
1279249
1279251
1279253
1279255
1279257
1279260
1279263
1279270
1279271
1279273
1279277
1279278
1279279
1279280
1279281
1279283
1279284
1279285
1279287
1279288
1279289
1279290
1279291
1279292
1279293
1279295
1279296
1279297
1279298
1279300
1279302
1279303
1279304
1279316
1279318
1279320
1279321
1279322
1279323
1279325
1279328
1279329
1279330
1279331
1279333
1279334
1279336
1279338
1279339
1279341
1279342
1279343
1279345
1279346
1279348
1279349
1279350
1279353
1279354
1279355
1279364
1279550
1279584
1279626
1279695
1279698
1279699
1279701
1279702
1279703
1279705
1279706
1279707
1279710
1279711
1279713
1279716
1279721
1279723
1279724
1279756
1279758
1279759
1279760
1279765
1279768
1279771
1279773
1279774
1279776
1279891
1279914
1279967
1280018
1280095
1280274
1280335
1280367
1280518
1280521
1280531
1280544
1280551
1280553
1280623
1280646
1280826
1280832
1280833
1280892
1280895
1280896
1280897
1280904
1280909
1280910
1280911
1280919
1280920
1280932
1281078
1281179
1281250
1281266
1281398
1281425
1281434
1281437
1281703
1281717
1281718
1281745
1281863
1281864
1281866
1281867
1281920
1281935
1281948
1281955
1281957
1281961
1281965
1281998
1282104
1282144
1282153
1282280
1282296
1282391
1282423
1282448
1282543
1282647
1282725
1282822
1282915
1282926
1283032
1283213
1283277
1283831
1283836
1283846
1283915
1284076
1284120
1284200
1284221
1284270
1284296
1284304
1284460
1284554
1284653
1284667
1284789
1284811
1285102
1285159
1285166
1285169
1285230
1285310
1285414
1285451
1285637
1285655
1285687
1285728
1285732
1285734
1285874
1285882
1286108
1286111
1286117
1286233
1286306
1286308
1286311
1286317
1286318
1286320
1286321
1286322
1286324
1286325
1286326
1286328
1286330
1286332
1286333
1286335
1286338
1286339
1286340
1286342
1286346
1286347
1286348
1286349
1286350
1286351
1286352
1286354
1286380
1286441
1286496
1286497
1286556
1286758
1286846
1286987
1287042
1287044
1287049
1287052
1287060
1287062
1287065
1287067
1287069
1287070
1287073
1287075
1287078
1287079
1287081
1287083
1287084
1287086
1287118
1287123
1287135
1287211
1287232
1287291
1287440
1287443
1287444
1287447
1287450
1287451
1287453
1287503
1287595
1287618
1287717
1287826
1288062
1288081
1288094
1288150
1288161
1288163
1288165
1288167
1288169
1288170
1288172
1288174
1288175
1288176
1288177
1288179
1288180
1288183
1288185
1288188
1288190
1288191
1288316
1288349
1288357
1288494
1288497
1288608
1288649
1288652
1288653
1288654
1288655
1288656
1288935
1288937
1288940
1288998
1289004
1289018
1289162
1289164
1289166
1289173
1289216
1289434
1289461
1289473
1289628
1289720
1289734
1289922
1289967
1290084
1290213
1290226
1290285
1290310
1290320
1290324
1290429
1290448
1290458
1290498
1290503
1290547
1290551
1290555
1290591
1290614
1290680
1290683
1290720
1290730
1290815
1290823
1290824
1290826
1290981
1291060
1291072
1291075
1291139
1291199
1291302
1291305
1291309
1291311
1291312
1291315
1291317
1291318
1291362
1291602
1291603
1291604
1291606
1291609
1291610
1291611
1291612
1291615
1291616
1291617
1291619
1291620
1291622
1291806
1291919
1291954
1291955
1291956
1291957
1291959
1291960
1291962
1291963
1291966
1291967
1291969
1291970
1291973
1291974
1291975
1291977
1291978
1291979
1291980
1291981
1291982
1292032
1292078
1292085
1292156
1292340
1292341
1292347
1292350
1292364
1292407
1292442
1292578
1292592
1292610
1292626
1292642
1292645
1292709
1292752
1292776
1292844
1292846
1292864
1292868
1292979
1292986
1292990
1292991
1292995
1292998
1292999
1293001
1293004
1293217
1293227
1293238
1293291
1293297
1293299
1293300
1293384
1293389
1293592
1293653
1293655
1293662
1293665
1293669
1293671
1293675
1293677
1293679
1293681
1293684
1293688
1293712
1293746
1293763
1293856
1293900
1294020
1294079
1294086
1294087
1294094
1294099
1294114
1294131
1294139
1294171
1294180
1294238
1294351
1294393
1294440
1294461
1294515
1294521
1294550
1294610
1294687
1294800
1294806
1294810
1294850
1294862
1294900
1294923
1295001
1295006
1295138
1295233
1295287
1295710
1295714
1295715
1295745
1295750
1295754
1295758
1295760
1295762
1295766
1295768
1295770
1295772
1295774
1295775
1295777
1295816
1295832
1295861
1295996
1296035
1296047
1296227
1296264
1296282
1296291
1296338
1296401
1296407
1296434
1296702
1296733
1296792
1297244
1297266
1297398
1297414
1297444
1297516
1297535
1297545
1297681
1297747
1297765
1297774
1297781
1297873
1298000
1298038
1298069
1298085
1298089
1298090
1298099
1298151
1298224
1298276
1298351
1298378
1298712
1298713
1298715
1298800
1298814
1298919
1298956
1298982
1299002
1299043
1299229
1299372
1299396
1299408
1299502
1299648
1299726
1299781
1299837
1299874
1299901
1299908
1299923
1300021
1300032
1300118
1300285
1300318
1300357
1300385
1300426
1300526
1300527
1300694
1300736
1300760
1300784
1300879
1300884
1300893
1300920
1300959
1300996
1301032
1301034
1301035
1301038
1301039
1301042
1301043
1301046
1301048
1301049
1301051
1301052
1301053
1301055
1301056
1301057
1301058
1301061
1301068
1301090
1301109
1301143
1301238
1301273
1301280
1301299
1301330
1301391
1301447
1301477
1301498
1301511
1301525
1301527
1301530
1301531
1301536
1301537
1301539
1301541
1301542
1301545
1301580
1301611
1301650
1301656
1301872
1301887
1301997
1302010
1302072
1302199
1302202
1302206
1302208
1302209
1302213
1302215
1302216
1302218
1302220
1302276
1302339
1302375
1302455
1302461
1302541
1302584
1302590
1302591
1302593
1302594
1302595
1302596
1302597
1302599
1302600
1302602
1302603
1302606
1302608
1302612
1302613
1302614
1302615
1302616
1302617
1302618
1302620
1302621
1302622
1302623
1302625
1302626
1302627
1302629
1302632
1302633
1302635
1302637
1302691
1302702
1302703
1302704
1302706
1302707
1302709
1302710
1302711
1302713
1302714
1302716
1302717
1302719
1302720
1302721
1302722
1302723
1302724
1302726
1302727
1302728
1302730
1302732
1302815
1302817
1302828
1302903
1302994
1303039
1303042
1303158
1303196
1303203
1303205
1303206
1303246
1303290
1303299
1303358
1303522
1303550
1303593
1303651
1303669
1303712
1303778
1303898
1303911
1303922
1304072
1304096
1304146
1304378
1304433
1304480
1304517
1304523
1304544
1304548
1304559
1304642
1304670
1304695
1304704
1304709
1304723
1304736
1304747
1304752
1304867
1304868
1304876
1304881
1305062
1305072
1305307
1305319
1305344
1305409
1305423
1305457
1305478
1305483
1305548
1305555
1305586
1305606
1305630
1305759
1305771
1305819
1305825
1305898
1305926
1306005
1306010
1306012
1306015
1306020
1306022
1306024
1306030
1306033
1306038
1306050
1306052
1306089
1306119
1306121
1306146
1306312
1306424
1306508
1306511
1306514
1306520
1306525
1306532
1306544
1306573
1306584
1306619
1306693
1306747
1306764
1306841
1306862
1306867
1306869
1306873
1306874
1306877
1307033
1307064
1307112
1307179
1307186
1307317
1307455
1307525
1307601
1307699
1307714
1307770
1307790
1307841
1307921
1307993
1308045
1308063
1308067
1308084
1308112
1308155
1308202
1308264
1308265
1308305
1308382
1308384
1308486
1308610
1308627
1308638
1308693
1308697
1308975
1309060
1309129
1309182
1309188
1309264
1309271
1309367
1309392
1309450
1309467
1309471
1309597
1309751
1309836
1309877
1309881
1309888
1309905
1309954
1310129
1310250
1310253
1310257
1310281
1310411
1310558
1310565
1310597
1310612
1310659
1310704
1310708
1310753
1310758
1310819
1310924
1310976
1311045
1311083
1311108
1311118
1311193
1311200
1311210
1311247
1311483
1311551
1311561
1311681
1311899
1311965
1311983
1312038
1312056
1312078
1312084
1312326
1312421
1312549
1312762
1312828
1312852
1312886
1312887
1312963
1312978
1312979
1313030
1313077
1313104
1313109
1313173
1313186
1313213
1313253
1313455
1313497
1313775
1313862
1313938
1313971
1313973
1314031
1314162
1314174
1314187
1314239
1314248
1314307
1314317
1314323
1314444
1314446
1314452
1314566
1314682
1314906
1315017
1315028
1315030
1315047
1315062
1315064
1315066
1315206
1315404
1315420
1315445
1315466
1315476
1315507
1315519
1315547
1315580
1315592
1315666
1315706
1315789
1315798
1315801
1315803
1315931
1315946
1315961
1316011
1316104
1316199
1316203
1316243
1316270
1316514
1316519
1316521
1316523
1316524
1316525
1316526
1316527
1316528
1316530
1316532
1316552
1316554
1316581
1316588
1316620
1316625
1316628
1316641
1316643
1316648
1316651
1316708
1316762
1316892
1317072
1317077
1317096
1317100
1317101
1317103
1317157
1317162
1317165
1317168
1317171
1317177
1317244
1317271
1317282
1317317
1317336
1317480
1317483
1317568
1317605
1317617
1317641
1317679
1317686
1317712
1317718
1317787
1317911
1317962
1318041
1318046
1318058
1318113
1318139
1318144
1318151
1318153
1318167
1318370
1318425
1318440
1318505
1318564
1318691
1318714
1318918
1318969
1319089
1319093
1319106
1319125
1319194
1319195
1319275
1319312
1319413
1319484
1319583
1319597
1319620
1319625
1319635
1319638
1319663
1319687
1319689
1319695
1319705
1319706
1319708
1319759
1319787
1319805
1319818
1319842
1319902
1320054
1320091
1320092
1320124
1320133
1320144
1320167
1320176
1320180
1320249
1320425
1320486
1320491
1320500
1320510
1320514
1320548
1320551
1320563
1320565
1320585
1320800
1320806
1320890
1320942
1320965
1320982
1321044
1321049
1321050
1321053
1321057
1321059
1321061
1321064
1321069
1321070
1321071
1321089
1321104
1321107
1321117
1321163
1321175
1321176
1321186
1321187
1321203
1321209
1321255
1321260
1321266
1321275
1321326
1321343
1321430
1321608
1321678
1321733
1321740
1321769
1321789
1321821
1321835
1321930
1321947
1321952
1322040
1322249
1322306
1322311
1322313
1322358
1322375
1322379
1322410
1322495
1322502
1322522
1322532
1322593
1322616
1322682
1322935
1323103
1323123
1323167
1323187
1323220
1323273
1323409
1323421
1323428
1323430
1323431
1323527
1323584
1323586
1323633
1323715
1323747
1323794
1323874
1324072
1324082
1324083
1324108
1324194
1324219
1324278
1324298
1324346
1324351
1324655
1324795
1324799
1324802
1324819
1324959
1324968
1324988
1325089
1325104
1325108
1325175
1325179
1325201
1325361
1325448
1325540
1325541
1325566
1325571
1325638
1325707
1325797
1325833
1325857
1325876
1325924
1326184
1326225
1326230
1326405
1326496
1326547
1326634
1326642
1326680
1326711
1327383
1327445
1327772
1327782
1327911
1327978
1327985
1328008
1328009
1328020
1328079
1328084
1328087
1328092
1328097
1328098
1328255
1328300
1328302
1328304
1328307
1328308
1328310
1328312
1328313
1328314
1328315
1328316
1328481
1328640
1328711
1328920
1328934
1329199
1329321
1329349
1329425
1329576
1329708
1329733
1329877
1329884
1329888
1329937
1329962
1329966
1329968
1330017
1330208
1330216
1330275
1330441
1330472
1330475
1330476
1330573
1330674
1331318
1331344
1331486
1331510
1332386
1333195
1333214
1334664
1335229
1335650
1335727
1335970
1335974
1336006
1336089
1336115
1336171
1336271
1336278
1336325
1336453
1336456
1336611
1336679
1336803
1336930
1336937
1337148
1337322
1337409
1337436
1337523
1337599
1337694
1337843
1337999
1338016
1338034
1338045
1338148
1338230
1338239
1338257
1338271
1338348
1338454
1338519
1338571
1338728
1338753
1338814
1338831
1338852
1338873
1338947
1339071
1339073
1339123
1339134
1339154
1339162
1339249
1339274
1339296
1339370
1339485
1339508
1339772
1339775
1339814
1340031
1340050
1340108
1340239
1340269
1340332
1340512
1340573
1340602
1340604
1340703
1340789
1340790
1340792
1340793
1340815
1340899
1340946
1340980
1341026
1341041
1341130
1341133
1341178
1341284
1341355
1341396
1341432
1341488
1341556
1341570
1341653
1341659
1341660
1341669
1341690
1341714
1341791
1341854
1341953
1341954
1342018
1342096
1342125
1342192
1342212
1342227
1342285
1342326
1346405
1346637
1346647
1346688
1350499
1350816
1351037
1351104
1351112
1351115
1351188
1351628
1351758
1351919
1352034
1352150
1352168
1352251
1352257
1352272
1352369
1352510
1352600
1352858
1352860
1352922
1352962
1353013
1353029
1353044
1353058
1353066
1353082
1353143
1353282
1353287
1353352
1353385
1353439
1353450
1353564
1353766
1353860
1353946
1354042
1354045
1354065
1354189
1354424
1354436
1354441
1354458
1354625
1354700
1354758
1354784
1354814
1354827
1354834
1354842
1354848
1354854
1354862
1354885
1354899
1354903
1354905
1354910
1354925
1354935
1355085
1355115
1355126
1355140
1355145
1355147
1355178
1355180
1355184
1355187
1355197
1355204
1355205
1355208
1355211
1355217
1355235
1355242
1355247
1355270
1355273
1355282
1355297
1355307
1355419
1355634
1355650
1355673
1355688
1355692
1355695
1355696
1355698
1355712
1355839
1355862
1355869
1355873
1355891
1355950
1355979
1355983
1356050
1356143
1356154
1356232
1356355
1356438
1356440
1356563
1356820
1356931
1356947
1357056
1357119
1357181
1357191
1357199
1357240
1357336
1357341
1357412
1357415
1357426
1357614
1357663
1357664
1357666
1357668
1357669
1357670
1357671
1357675
1357676
1357679
1357681
1357684
1357687
1357690
1357694
1357696
1357724
1357741
1357904
1358027
1358122
1358123
1358127
1358128
1358148
1358149
1358287
1358399
1358510
1358668
1358748
1358787
1358847
1358909
1359104
1359182
1359185
1359305
1359555
1359570
1359651
1359655
1359665
1359685
1359781
1359819
1359914
1359959
1360055
1360139
1360142
1360144
1360191
1360318
1360380
1360388
1360425
1360459
1360489
1360501
1360565
1360860
1361007
1361044
1361072
1361083
1361183
1361305
1361326
1361490
1361641
1361691
1361731
1361852
1361938
1362225
1362251
1362282
1362285
1362288
1362319
1362557
1362739
1362790
1363143
1363163
1363173
1363246
1363270
1363284
1363286
1363304
1363381
1363383
1363461
1363481
1363484
1363487
1363503
1363525
1363526
1363531
1363534
1363600
1363620
1363745
1363881
1364016
1364019
1364036
1364107
1364168
1364239
1364295
1364340
1364438
1364519
1364528
1364570
1364725
1364992
1365007
1365029
1365046
1365233
1365273
1365436
1365498
1365520
1365702
1365788
1365853
1365865
1365928
1365946
1365992
1366082
1366182
1366210
1366329
1366346
1366475
1366580
1366582
1366977
1366979
1367045
1367084
1367085
1367108
1367125
1367138
1367145
1367212
1367218
1367246
1367338
1367344
1367348
1367416
1367437
1367447
1367451
1367453
1367490
1367514
1367518
1367597
1367650
1367933
1368172
1368231
1368300
1368494
1368515
1368522
1368713
1368734
1368821
1368965
1369152
1369156
1369172
1369182
1369229
1369386
1369522
1369548
1369549
1369566
1369568
1369656
1369690
1369733
1369872
1369887
1369901
1369903
1369909
1369912
1369918
1369928
1369935
1369946
1369953
1370035
1370287
1370400
1370461
1370491
1370496
1370534
1370572
1370612
1370651
1370658
1370704
1370712
1370984
1371026
1371075
1371085
1371273
1371351
1371609
1371759
1371762
1371791
1371792
1371903
1371925
1372027
1372037
1372240
1372273
1372404
1372452
1372590
1372634
1372692
1372707
1372792
1372852
1372937
1372952
1372966
1372972
1373019
1373085
1373103
1373106
1373113
1373116
1373187
1373249
1373250
1373276
1373338
1373425
1373556
1373562
1373563
1373694
1373704
1373726
1373741
1373749
1373761
1373899
1373984
1374005
1374067
1374068
1374185
1374221
1374230
1374284
1374285
1374408
1374457
1374462
1374485
1374515
1374583
1374585
1374586
1374587
1374588
1374590
1374593
1374613
1374615
1374618
1374622
1374623
1374626
1374631
1374637
1374684
1374747
1374884
1374973
1375049
1375054
1375061
1375064
1375067
1375113
1375135
1375210
1375272
1375351
1375380
1375383
1375389
1375395
1375416
1375460
1375497
1375646
1375648
1375880
1375891
1376046
1376122
1376128
1376150
1376395
1376427
1376456
1376496
1376575
1376585
1376648
1376677
1376681
1376727
1376732
1376740
1376742
1376764
1376782
1376786
1376820
1376833
1376845
1376847
1376894
1376908
1376922
1376945
1377008
1377064
1377152
1377166
1377207
1377336
1377341
1377344
1377357
1377358
1377363
1377368
1377373
1377378
1377381
1377383
1377387
1377389
1377392
1377395
1377499
1377607
1377651
1377666
1377684
1377690
1377692
1377696
1377699
1377705
1377709
1377783
1377882
1377936
1377937
1377940
1377941
1377944
1377961
1378017
1378038
1378080
1378084
1378262
1378266
1378345
1378450
1378516
1378520
1378622
1378646
1378757
1378820
1378838
1378955
1379322
1379384
1379411
1379447
1379450
1379460
1379485
1379490
1379522
1379570
1379615
1379632
1379645
1379650
1379651
1379701
1379708
1379716
1379731
1379737
1379857
1379981
1380009
1380078
1380157
1380165
1380332
1380619
1380643
1380819
1380847
1380861
1380870
1380892
1380896
1380925
1380927
1380928
1380930
1380931
1380935
1380936
1380938
1380941
1380942
1380943
1380947
1380948
1380960
1380998
1381036
1381071
1381104
1381277
1381400
1381534
1381600
1381635
1381659
1381688
1381816
1381901
1381951
1382125
1382163
1382180
1382194
1382206
1382208
1382274
1382279
1382309
1382352
1382386
1382397
1382472
1382508
1382536
1382556
1382594
1382661
1382675
1382710
1382918
1382939
1382950
1382975
1382978
1383028
1383054
1383064
1383154
1383235
1383245
1383313
1383323
1383352
1383404
1383425
1383426
1383438
1383577
1383620
1383677
1383936
1383998
1384213
1384254
1384258
1384328
1384354
1384356
1384360
1384361
1384581
1384598
1384727
1384784
1384858
1384951
1385033
1385045
1385298
1385494
1385573
1385756
1385770
1385848
1385865
1385950
1385963
1386033
1386044
1386069
1386115
1386125
1386179
1386217
1386228
1386238
1386245
1386252
1386451
1386458
1386467
1386725
1386778
1386858
1386872
1386914
1386934
1386988
1386991
1387000
1387034
1387107
1387112
1387150
1387255
1387267
1387269
1387279
1387325
1387411
1387421
1387424
1387485
1387560
1387667
1387891
1388040
1388064
1388088
1388111
1388193
1388238
1388263
1388330
1388368
1388380
1388434
1388491
1388571
1388608
1388633
1388664
1388764
1388776
1388783
1388799
1388930
1388950
1389085
1389158
1389239
1389384
1389451
1389551
1389641
1389646
1389688
1389710
1389769
1389773
1389931
1389940
1389942
1389968
1390002
1390069
1390175
1390233
1390251
1390451
1390563
1390906
1390922
1391014
1391047
1391099
1391149
1391153
1391181
1391198
1391250
1391253
1391294
1391394
1391490
1391648
1391667
1391800
1391895
1391962
1392056
1392095
1392110
1392150
1392337
1392362
1392452
1392454
1392456
1392666
1392668
1392774
1392790
1392940
1393015
1393019
1393081
1393147
1393163
1393233
1393326
1393397
1393444
1393484
1393497
1393578
1393624
1393676
1393702
1393713
1393727
1393729
1393810
1393811
1393836
1393838
1393879
1393881
1393883
1393889
1393895
1393905
1393939
1394068
1394097
1394119
1394125
1394153
1394193
1394239
1394336
1394348
1394360
1394439
1394484
1394486
1394548
1394566
1394568
1394592
1394629
1394809
1394863
1394908
1394910
1394926
1394941
1394955
1395028
1395031
1395033
1395037
1395083
1395087
1395110
1395111
1395126
1395127
1395133
1395209
1395213
1395248
1395249
1395261
1395286
1395396
1395449
1395614
1395630
1395694
1395787
1395839
1395841
1395899
1395945
1395949
1395988
1396079
1396105
1396113
1396152
1396179
1396249
1396272
1396307
1396323
1396375
1396391
1396549
1396691
1396693
1396694
1396695
1396696
1396702
1396706
1396708
1396710
1396711
1396715
1396719
1396730
1396742
1396869
1396961
1396963
1397001
1397006
1397013
1397103
1397215
1397238
1397245
1397246
1397248
1397337
1397340
1397378
1397481
1397483
1397577
1397667
1397721
1397742
1397765
1397766
1397937
1398014
1398105
1398170
1398203
1398223
1398232
1398235
1398308
1398416
1398572
1398713
1398734
1398736
1398742
1398811
1398829
1398841
1398848
1399001
1399060
1399123
1399131
1399139
1399157
1399186
1399356
1399384
1399426
1399573
1399731
1399733
1399763
1399993
1400082
1400089
1400097
1400149
1400158
1400254
1400365
1400491
1400499
1400504
1400524
1400581
1400754
1400814
1400964
1400971
1401052
1401244
1401261
1401267
1401715
1401875
1401927
1401974
1402183
1402225
1402291
1402353
1402407
1402416
1402655
1402698
1402768
1403156
1403314
1403628
1403874
1403993
1404180
1404242
1404401
1404402
1404560
1404673
1404696
1404705
1404783
1404791
1404821
1404933
1404972
1404978
1404982
1404989
1405093
1405094
1405096
1405099
1405100
1405101
1405106
1405109
1405111
1405114
1405115
1405195
1405233
1405257
1405328
1405360
1405377
1405657
1405660
1405701
1405733
1405851
1405879
1405880
1405945
1406073
1406129
1406266
1406369
1406372
1406390
1406485
1406492
1406519
1406521
1406522
1406534
1406540
1406543
1406552
1406636
1406661
1406699
1406714
1406722
1406738
1406744
1406746
1406761
1406769
1406800
1406850
1406885
1406890
1407039
1407041
1407050
1407051
1407053
1407054
1407056
1407058
1407062
1407064
1407066
1407068
1407094
1407125
1407128
1407393
1407407
1407467
1407631
1407715
1407743
1407764
1407778
1407870
1407938
1408076
1408208
1408231
1408390
1408410
1408493
1408612
1408666
1408765
1409179
1409223
1409378
1409388
1409476
1409489
1409536
1409876
1409877
1409902
1409960
1410070
1410117
1410134
1410193
1410275
1410360
1410380
1410399
1410429
1410537
1410549
1410773
1410820
1410959
1411089
1411090
1411093
1411095
1411237
1411389
1411393
1411454
1411492
1411621
1411625
1411927
1411944
1412075
1412206
1412342
1412395
1412460
1412517
1412537
1412826
1412880
1412917
1413025
1413038
1413041
1413109
1413331
1413334
1413358
1413424
1413434
1413510
1413519
1413537
1413571
1413634
1413643
1413696
1413697
1413788
1413824
1413846
1413853
1413897
1414305
1414344
1414469
1414506
1414507
1414530
1414578
1414676
1414687
1414708
1415119
1415189
1415207
1415382
1415537
1415653
1415656
1415872
1415946
1415976
1416031
1416067
1416103
1416194
1416283
1416310
1416367
1416479
1416553
1416559
1416571
1416574
1416635
1416864
1416897
1416925
1417052
1417260
1417285
1417289
1417329
1417344
1417453
1417498
1417520
1417541
1417545
1417560
1417614
1417796
1417816
1418077
1418147
1418187
1418193
1418302
1418305
1418308
1418336
1418456
1418464
1418469
1418600
1418736
1418759
1418835
1418942
1418967
1418982
1419019
1419025
1419027
1419034
1419036
1419105
1419183
1419224
1419232
1419322
1419341
1419342
1419390
1419454
1419585
1419602
1419654
1419726
1419735
1419806
1419863
1419903
1420041
1420249
1420357
1420659
1420660
1420688
1420729
1420733
1420744
1420764
1420780
1420805
1420817
1420818
1420841
1420850
1420896
1420921
1420952
1420991
1421019
1421023
1421026
1421084
1421148
1421158
1421160
1421183
1421306
1421331
1421414
1421515
1421634
1421653
1421687
1421764
1421768
1421777
1421783
1421786
1421789
1421794
1421797
1421801
1421805
1421806
1421809
1421811
1421881
1422162
1422177
1422195
1422294
1422316
1422490
1422495
1422501
1422508
1422510
1422521
1422536
1422539
1422558
1422679
1422683
1422706
1422708
1422762
1422949
1422975
1422976
1423052
1423162
1423203
1423253
1423283
1423319
1423386
1423420
1423460
1423515
1423519
1423560
1423612
1423734
1423783
1423836
1423901
1424007
1424018
1424028
1424031
1424033
1424114
1424169
1424401
1424523
1424540
1424553
1424567
1424752
1424808
1424826
1424849
1424875
1424931
1425010
1425031
1425040
1425095
1425279
1425363
1425371
1425382
1425466
1425508
1425714
1425735
1425782
1425840
1425843
1425895
1425903
1425936
1425985
1426146
1426263
1426489
1426514
1426596
1426600
1426658
1426663
1426699
1426719
1426755
1426927
1426971
1427081
1427092
1427169
1427194
1427217
1427234
1427267
1427273
1427322
1427453
1427507
1427724
1427727
1427737
1427754
1428003
1428108
1428189
1428276
1428277
1428455
1428543
1428560
1428567
1428690
1428752
1428817
1428879
1428884
1428988
1428992
1429099
1429175
1429221
1429248
1429383
1429412
1429424
1429439
1429441
1429442
1429445
1429473
1429688
1429726
1429744
1429773
1429784
1429788
1430018
1430059
1430061
1430303
1430418
1430536
1430594
1430618
1430643
1430767
1430783
1430805
1430915
1430927
1430958
1431053
1431177
1431179
1431183
1431186
1431380
1431511
1431530
1431547
1431631
1431658
1431675
1431750
1431890
1432130
1432132
1432235
1432252
1432441
1432448
1432451
1432457
1432462
1432466
1432516
1432522
1432525
1432526
1432527
1432530
1432531
1432533
1432535
1432578
1432675
1432699
1432726
1432769
1432844
1433035
1433055
1433098
1433124
1433250
1433321
1433346
1433445
1433461
1433545
1433568
1433665
1433809
1433882
1433895
1433907
1433939
1434044
1434161
1434199
1434208
1434226
1434332
1434401
1434454
1434467
1434482
1434507
1434546
1434552
1434556
1434581
1434801
1434988
1434997
1435032
1435068
1435183
1435251
1435474
1435540
1435542
1435545
1435548
1435549
1435583
1435949
1435977
1435979
1436013
1436015
1436038
1436050
1436067
1436163
1436224
1436270
1436348
1436375
1436483
1436507
1436539
1436557
1436569
1436699
1436781
1436786
1436840
1436988
1437233
1437390
1437550
1437567
1437614
1437617
1437704
1437710
1437758
1438079
1438109
1438205
1438301
1438412
1438468
1438719
1438735
1438761
1438780
1438790
1438806
1438812
1438842
1438883
1438941
1438996
1439007
1439238
1439327
1439385
1439412
1439423
1439425
1439597
1439648
1439692
1439742
1439747
1439870
1439932
1440100
1440172
1440176
1440182
1440269
1440271
1440298
1440321
1440487
1440529
1440646
1440682
1440790
1440805
1440822
1440853
1440895
1440917
1441049
1441137
1441189
1441252
1441332
1441434
1441516
1441518
1441551
1441587
1441734
1441885
1441918
1441978
1442006
1442044
1442054
1442085
1442091
1442103
1442123
1442207
1442287
1442306
1442366
1442367
1442370
1442371
1442386
1442515
1442537
1442553
1442691
1442705
1442776
1443098
1443207
1443248
1443259
1443424
1443453
1443654
1443683
1444064
1444084
1444203
1444302
1444314
1444316
1444319
1444338
1444358
1444376
1444382
1444559
1444614
1444766
1444973
1445044
1445198
1445308
1445379
1445428
1445557
1445566
1445676
1445682
1445775
1445802
1445808
1445928
1445968
1446066
1446078
1446189
1446271
1446297
1446390
1446447
1446450
1446510
1446590
1446658
1446765
1446787
1446829
1446830
1446879
1446928
1447006
1447011
1447030
1447032
1447159
1447160
1447413
1447436
1447697
1447843
1447932
1448353
1448401
1448428
1448430
1448951
1448991
1449143
1449292
1449293
1449294
1449295
1449298
1449301
1449305
1449308
1449311
1449314
1449316
1449319
1449320
1449364
1449406
1449413
1449497
1449517
1449594
1449610
1449648
1449753
1449811
1449893
1449934
1449970
1449984
1449987
1450008
1450012
1450216
1450223
1450235
1450313
1450340
1450404
1450437
1450470
1450635
1450684
1450704
1450899
1450911
1450953
1451086
1451101
1451103
1451157
1451211
1451290
1451304
1451322
1451324
1451326
1451335
1451338
1451398
1451516
1451542
1451651
1451975
1452003
1452029
1452064
1452081
1452306
1452442
1452443
1452646
1452734
1452743
1452769
1452770
1452879
1452913
1452944
1453105
1453201
1453251
1453411
1453470
1453490
1453494
1453520
1453561
1453569
1453577
1453583
1453587
1453590
1453594
1453597
1453602
1453615
1453624
1453645
1453660
1453704
1453709
1453740
1453885
1453968
1454065
1454100
1454133
1454155
1454169
1454188
1454217
1454295
1454379
1454778
1454906
1455066
1455116
1455167
1455203
1455238
1455256
1455303
1455509
1455792
1455845
1456116
1456138
1456363
1456458
1456587
1456594
1456596
1456615
1456623
1456631
1456638
1456643
1456645
1456651
1456779
1456812
1456954
1456994
1457000
1457029
1457483
1457576
1457604
1457628
1457736
1457790
1457845
1457859
1458126
1458170
1458191
1458329
1458541
1458579
1458600
1458627
1458711
1459402
1459412
1459494
1459612
1459725
1459792
1459803
1459830
1460145
1460146
1460162
1460188
1460189
1460198
1460221
1460244
1460267
1460576
1460660
1460702
1460778
1460815
1460862
1460863
1460961
1460973
1460977
1460980
1461042
1461099
1461114
1461115
1461254
1461260
1461311
1461315
1461691
1461799
1461830
1461870
1461922
1461933
1462063
1462379
1462437
1462489
1462591
1462620
1462822
1462855
1462861
1462899
1462914
1462984
1463135
1463205
1463265
1463402
1463458
1463609
1463620
1463778
1463815
1463868
1463971
1464019
1464025
1464075
1464150
1464172
1464183
1464258
1464313
1464339
1464438
1464715
1465394
1465428
1465439
1465500
1465507
1465562
1465632
1465652
1465682
1465708
1465774
1465842
1465860
1465885
1466060
1466119
1466122
1466131
1466172
1466259
1466320
1466397
1466423
1466841
1466920
1466936
1466978
1467490
1467536
1467660
1467704
1467759
1467848
1467886
1468043
1468104
1468167
1468199
1468203
1468291
1468320
1468394
1468417
1468451
1468777
1468846
1468874
1469085
1469170
1469172
1469222
1469229
1469428
1469434
1469499
1469570
1469701
1469823
1469839
1469930
1470150
1470164
1470173
1470193
1470200
1470338
1470353
1470378
1470424
1470425
1470480
1470809
1470826
1470850
1470867
1470975
1471061
1471108
1471163
1471389
1471468
1471525
1471526
1471598
1471692
1471795
1471877
1471959
1472005
1472020
1472037
1472078
1472174
1472212
1472248
1472278
1472316
1472410
1472497
1472776
1472777
1472816
1472922
1473013
1473221
1473237
1473251
1473254
1473264
1473332
1473356
1473567
1473599
1473719
1473836
1473839
1473840
1473880
1474065
1474106
1474119
1474133
1474137
1474170
1474224
1474226
1474270
1474279
1474788
1474861
1475175
1475191
1475372
1475375
1475471
1475476
1475515
1475554
1475606
1475616
1475675
1475678
1475703
1475842
1475943
1476046
1476060
1476089
1476378
1476410
1476413
1476548
1476550
1476745
1476811
1477036
1477050
1477267
1477272
1477293
1477425
1477454
1477477
1477559
1477612
1477617
1477642
1477713
1478011
1478029
1478297
1478300
1478316
1478347
1478530
1478531
1478538
1478543
1478574
1478669
1478718
1478848
1478939
1479024
1479093
1479116
1479321
1479354
1479541
1479632
1479723
1479981
1480015
1480276
1480359
1480364
1480415
1480516
1480613
1480676
1480809
1480886
1480893
1480980
1481017
1481083
1481300
1481329
1481338
1481379
1481626
1481630
1481674
1481684
1481732
1481797
1481798
1481954
1482078
1482089
1482173
1482202
1482237
1482257
1482389
1482441
1482445
1482573
1482596
1482886
1482888
1482926
1482933
1483231
1483249
1483618
1483718
1483751
1483776
1483851
1483925
1483926
1484061
1484218
1484256
1484291
1484304
1484432
1484439
1484506
1484567
1484627
1484633
1484827
1484840
1484854
1484932
1484947
1484954
1484965
1484971
1485051
1485073
1485188
1485247
1485267
1485274
1485382
1485446
1485469
1485481
1485502
1485614
1485864
1486020
1486071
1486113
1486216
1486307
1486332
1486396
1486397
1486442
1486475
1486505
1486557
1486627
1486633
1486665
1486685
1486860
1486874
1486884
1486899
1486901
1487100
1487113
1487289
1487488
1487491
1487521
1487643
1487649
1487700
1487753
1487800
1488099
1488121
1488236
1488238
1488379
1488488
1488497
1488753
1488756
1488759
1488760
1488771
1488773
1489013
1489052
1489328
1489462
1489522
1489597
1489789
1489825
1489832
1489931
1489934
1490007
1490081
1490333
1490449
1490689
1490756
1490826
1491038
1491040
1491081
1491092
1491232
1491303
1491321
1491332
1491333
1491427
1491449
1491563
1491591
1491625
1491755
1491897
1492013
1492213
1492380
1492402
1492429
1492472
1492506
1492542
1492629
1492659
1492779
1492949
1493090
1493103
1493132
1493266
1493378
1493585
1493853
1493897
1493906
1494113
1494215
1494242
1494594
1494600
1494630
1494654
1494715
1494779
1494794
1495013
1495087
1495147
1495148
1495184
1495185
1495188
1495203
1495209
1495253
1495287
1495420
1495444
1495698
1495699
1495716
1495718
1495749
1495762
1496012
1496058
1496112
1496137
1496144
1496150
1496157
1496161
1496165
1496168
1496171
1496352
1496391
1496450
1496476
1496519
1496558
1496622
1496863
1496874
1496950
1496952
1496972
1497008
1497077
1497080
1497105
1497113
1497348
1497389
1497437
1497461
1497465
1497473
1497520
1497535
1497576
1497618
1497744
1497764
1497871
1497883
1498065
1498287
1498449
1498551
1498631
1498649
1498718
1498935
1498936
1498937
1498938
1498950
1499034
1499074
1499088
1499144
1499220
1499297
1499303
1499319
1499489
1499602
1499756
1499837
1499853
1499860
1499865
1499872
1499878
1499886
1499890
1499898
1499905
1499912
1499918
1499962
1499964
1499969
1500125
1500156
1500160
1500162
1500166
1500171
1500187
1500199
1500238
1500289
1500291
1500340
1500357
1500367
1500377
1500383
1500421
1500455
1500515
1500671
1500686
1500748
1500768
1500908
1501036
1501068
1501119
1501124
1501126
1501352
1501464
1501477
1501480
1501622
1501787
1501965
1502346
1502362
1502363
1502462
1502480
1502559
1502683
1502814
1502828
1502830
1503113
1503234
1503386
1503469
1503518
1503552
1503559
1503626
1503648
1503709
1504156
1504168
1504200
1504229
1504237
1504250
1504263
1504407
1504508
1504532
1504649
1504683
1504696
1504708
1504785
1504799
1504868
1504891
1504981
1505082
1505183
1505213
1505305
1505306
1505379
1505389
1505614
1505689
1505707
1505715
1505750
1505844
1506031
1506038
1506133
1506319
1506368
1506541
1506618
1506633
1506756
1506776
1506848
1506860
1506946
1506978
1507080
1507133
1507163
1507190
1507254
1507277
1507398
1507441
1507459
1507572
1507620
1507640
1507686
1507691
1507694
1507761
1507907
1508014
1508036
1508041
1508208
1508311
1508328
1508346
1508591
1508607
1508620
1508628
1508742
1508776
1508787
1508853
1509070
1509121
1509137
1509154
1509197
1509298
1509401
1509421
1509425
1509428
1509456
1509626
1509638
1509953
1510042
1510063
1510139
1510207
1510252
1510253
1510260
1510451
1510462
1510696
1510795
1510823
1510834
1511135
1511423
1511553
1511590
1511600
1511695
1511995
1512231
1512323
1512342
1512437
1512454
1512459
1512461
1512648
1512651
1512656
1512664
1512728
1512747
1512857
1513029
1513052
1513064
1513136
1513294
1513466
1513656
1513664
1513925
1514019
1514034
1514063
1514130
1514208
1514238
1514360
1514406
1514464
1514557
1514691
1514775
1514916
1514920
1514923
1515014
1515028
1515061
1515144
1515640
1515710
1515862
1516084
1516104
1516126
1516151
1516534
1516627
1516629
1516687
1516756
1516875
1516881
1516888
1516907
1516949
1516955
1517113
1517152
1517221
1517272
1517289
1517299
1517302
1517428
1517485
1517516
1517538
1517660
1517679
1517767
1517908
1518257
1518445
1518447
1518457
1518549
1518697
1518779
1518828
1518851
1518886
1518900
1518994
1519020
1519154
1519209
1519347
1519383
1519387
1519390
1519429
1519445
1519461
1519606
1519672
1519748
1519778
1519890
1519944
1520012
1520099
1520109
1520112
1520142
1520193
1520232
1520273
1520296
1520320
1520343
1520349
1520367
1520594
1520601
1520626
1520674
1520706
1520844
1520999
1521011
1521024
1521049
1521096
1521129
1521791
1521940
1522089
1522104
1522127
1522142
1522278
1522338
1522380
1522399
1522400
1522420
1522464
1522509
1522554
1522660
1522662
1522664
1522740
1522835
1522947
1522960
1523101
1523201
1523260
1523307
1523332
1523376
1523482
1523737
1523786
1523926
1524032
1524035
1524039
1524041
1524044
1524137
1524192
1524193
1524206
1524208
1524209
1524214
1524216
1524217
1524224
1524226
1524258
1524264
1524267
1524268
1524269
1524271
1524274
1524275
1524336
1524349
1524352
1524456
1524503
1524632
1524748
1525028
1525037
1525059
1525225
1525233
1525405
1525478
1525490
1525543
1525574
1525739
1525861
1526006
1526084
1526203
1526531
1526534
1526590
1526650
1526695
1526728
1526760
1526794
1526968
1526983
1527009
1527051
1527179
1527213
1527218
1527229
1527236
1527256
1527314
1527415
1527494
1527573
1527982
1528015
1528021
1528042
1528104
1528448
1528475
1528575
1528707
1528730
1528743
1528772
1528824
1528834
1528840
1528867
1529088
1529212
1529217
1529310
1529355
1529448
1529603
1529676
1529721
1529798
1529900
1529911
1530005
1530315
1530320
1530325
1530561
1530579
1530622
1530760
1530803
1530860
1530906
1531010
1531108
1531109
1531190
1531192
1531310
1531477
1531505
1531512
1531537
1531545
1531566
1531573
1531734
1531754
1531819
1531869
1531924
1532182
1532183
1532196
1532289
1532304
1532320
1532334
1532379
1532392
1532555
1532737
1532819
1532966
1532973
1532981
1533004
1533128
1533293
1533309
1533354
1533403
1533601
1533610
1533632
1533742
1533784
1534065
1534155
1534530
1534600
1534619
1534700
1534707
1534938
1535005
1535030
1535059
1535152
1535218
1535265
1535290
1535726
1535761
1535812
1535884
1535897
1535903
1535931
1535985
1536008
1536042
1536068
1536113
1536120
1536407
1536413
1536707
1536720
1536738
1536741
1536752
1536860
1537005
1537006
1537182
1537212
1537427
1537457
1537588
1537719
1537768
1537790
1537837
1538014
1538053
1538114
1538216
1538296
1538359
1538530
1538584
1538592
1538622
1538635
1538687
1538740
1538770
1538786
1538880
1538941
1538956
1539268
1539291
1539513
1539521
1539535
1539539
1539577
1539597
1539623
1539696
1539734
1539799
1539833
1539850
1539862
1539904
1540087
1540214
1540364
1540412
1540446
1540474
1540501
1540552
1540661
1541002
1541110
1541272
1541411
1541499
1541548
1541589
1541593
1541599
1541783
1541799
1541914
1542025
1542030
1542055
1542067
1542188
1542223
1542224
1542435
1542478
1542657
1542660
1542733
1542774
1542804
1542818
1542872
1542922
1542948
1543039
1543140
1543147
1543151
1543171
1543174
1543178
1543181
1543240
1543265
1543298
1543356
1543433
1543447
1543587
1543803
1543914
1543952
1544051
1544291
1544340
1544488
1544582
1544645
1544705
1544834
1544867
1544913
1545191
1545193
1545197
1545266
1545320
1545361
1545479
1545757
1545797
1545864
1545900
1545984
1545985
1546003
1546022
1546051
1546085
1546248
1546254
1546259
1546358
1546369
1546412
1546419
1546421
1546440
1546446
1546449
1546451
1546486
1546608
1546737
1546765
1546823
1546833
1546837
1546840
1546847
1546849
1546851
1546885
1546959
1547015
1547068
1547256
1547289
1547428
1547483
1547561
1547584
1547615
1547621
1547626
1547723
1547879
1548135
1548140
1548141
1548152
1548162
1548166
1548168
1548169
1548185
1548192
1548207
1548209
1548212
1548367
1548410
1548449
1548472
1548513
1548538
1548555
1548561
1548668
1548684
1548696
1548774
1548783
1548811
1548858
1548930
1548981
1548984
1549022
1549042
1549167
1549241
1549352
1549403
1549434
1549709
1549779
1549813
1549919
1550036
1550096
1550336
1550337
1550442
1550492
1550533
1550587
1550709
1550749
1550832
1550860
1550863
1550904
1550912
1550967
1550975
1550979
1550990
1551055
1551100
1551136
1551167
1551174
1551176
1551195
1551199
1551216
1551218
1551226
1551229
1551230
1551232
1551264
1551477
1551528
1551572
1551628
1551642
1551803
1551902
1551931
1552014
1552138
1552179
1552299
1552385
1552400
1552447
1552493
1552650
1552656
1552701
1552713
1553052
1553322
1553451
1553628
1553686
1553741
1553766
1553820
1553835
1553904
1554219
1554232
1554283
1554374
1554381
1554446
1554448
1554476
1554497
1554657
1554721
1554728
1554737
1554776
1554928
1554937
1554943
1554955
1554964
1554977
1554997
1555108
1555122
1555126
1555131
1555144
1555197
1555298
1555423
1555538
1555550
1555595
1555600
1555658
1555675
1555712
1555765
1555866
1555907
1555951
1556008
1556050
1556091
1556153
1556171
1556304
1556321
1556404
1556442
1556473
1556531
1556600
1556647
1556749
1556755
1556790
1556901
1556908
1556910
1557353
1557365
1557509
1557639
1557658
1557791
1558156
1558212
1558279
1558371
1558468
1558473
1558477
1558483
1558667
1558760
1558789
1558810
1558814
1559048
1559061
1559094
1559125
1559193
1559226
1559234
1559292
1559364
1559376
1559378
1559380
1559468
1559492
1559575
1559671
1559702
1559718
1559829
1559836
1559838
1559846
1559856
1559893
1559954
1560035
1560227
1560230
1560238
1560242
1560257
1560301
1560305
1560424
1560434
1560501
1560522
1560541
1560587
1560625
1560750
1560786
1561045
1561063
1561312
1561345
1561393
1561423
1561434
1561473
1561570
1561697
1561704
1561720
1561860
1561969
1562107
1562177
1562178
1562439
1562453
1562477
1562579
1562657
1562700
1562803
1562810
1563174
1563254
1563290
1563346
1563471
1563509
1563531
1563535
1563621
1563633
1563652
1563669
1563722
1563804
1564018
1564157
1564165
1564273
1564511
1564649
1564674
1564720
1564930
1564959
1565082
1565213
1565249
1565285
1565401
1565440
1565594
1565649
1565769
1565798
1565820
1565878
1565922
1565984
1566038
1566070
1566127
1566147
1566151
1566162
1566186
1566256
1566265
1566272
1566294
1566295
1566307
1566327
1566417
1566465
1566582
1566694
1566702
1566862
1566867
1566882
1566921
1566940
1566978
1567012
1567084
1567091
1567144
1567187
1567199
1567203
1567206
1567222
1567285
1567433
1567512
1567575
1567666
1567761
1567791
1567803
1567809
1567865
1567877
1568033
1568113
1568154
1568165
1568188
1568209
1568323
1568380
1568448
1568452
1568460
1568465
1568468
1568469
1568472
1568475
1568478
1568712
1568721
1568758
1568804
1568937
1569048
1569053
1569062
1569073
1569082
1569102
1569116
1569154
1569198
1569350
1569360
1569472
1569561
1569585
1569607
1569646
1569871
1569876
1569897
1569905
1570027
1570053
1570074
1570096
1570150
1570155
1570189
1570193
1570197
1570273
1570328
1570631
1570673
1570715
1570718
1570721
1570733
1570790
1570802
1570810
1570825
1570832
1570915
1570996
1571063
1571098
1571126
1571246
1571365
1571393
1571406
1571409
1571439
1571536
1571582
1571594
1571599
1571603
1571626
1571652
1571711
1571727
1571745
1571766
1571795
1571829
1571830
1571899
1571914
1571982
1572040
1572062
1572075
1572078
1572101
1572193
1572248
1572273
1572275
1572297
1572358
1572413
1572826
1572874
1572930
1573065
1573066
1573115
1573129
1573149
1573189
1573194
1573196
1573199
1573242
1573286
1573371
1573387
1573477
1573502
1573680
1573738
1573802
1573808
1573818
1573904
1574004
1574006
1574119
1574122
1574129
1574142
1574222
1574225
1574261
1574339
1574449
1574549
1574610
1574625
1574634
1574784
1574798
1574845
1574881
1574924
1574944
1574951
1575003
1575030
1575047
1575069
1575085
1575277
1575405
1575535
1575549
1575553
1575563
1575605
1575612
1575627
1575667
1575673
1575725
1575728
1575762
1575887
1575889
1575971
1576014
1576116
1576222
1576298
1576302
1576307
1576309
1576321
1576460
1576604
1576637
1576734
1576781
1576804
1576810
1576928
1576953
1576959
1576996
1577079
1577178
1577189
1577226
1577232
1577286
1577289
1577329
1577361
1577530
1577887
1577944
1578024
1578094
1578233
1578235
1578390
1578537
1578559
1578598
1578753
1579014
1579084
1579093
1579138
1579268
1579272
1579273
1579285
1579317
1579332
1579584
1579715
1579759
1579803
1579811
1579824
1580230
1580256
1580287
1580334
1580356
1580399
1580409
1580458
1580460
1580496
1580571
1580595
1580701
1580712
1580826
1580892
1580898
1580908
1580918
1580930
1580992
1581125
1581161
1581248
1581453
1581469
1581470
1581475
1581587
1581757
1581773
1581784
1581852
1581873
1581886
1581894
1581907
1581919
1581922
1581982
1581985
1582018
1582024
1582112
1582114
1582115
1582118
1582185
1582286
1582300
1582404
1582410
1582415
1582420
1582425
1582434
1582467
1582489
1582505
1582551
1582564
1582573
1582577
1582585
1582596
1582725
1582742
1583139
1583162
1583241
1583306
1583340
1583363
1583493
1583498
1583524
1583527
1583555
1583558
1583714
1583794
1583850
1583855
1583864
1583927
1583930
1583934
1583940
1583942
1583945
1583947
1583951
1584277
1584492
1584502
1584664
1584723
1584744
1584769
1584850
1584936
1584956
1585397
1585532
1585674
1585710
1585720
1585731
1586002
1586191
1586192
1586229
1586304
1586311
1586332
1586351
1586413
1586418
1586582
1586641
1586663
1586748
1586760
1586826
1586855
1586868
1586903
1587048
1587056
1587133
1587142
1587206
1587212
1587369
1587441
1587473
1587617
1587702
1588296
1588300
1588313
1588375
1588396
1588407
1588475
1588477
1588709
1588820
1588836
1588851
1588861
1589214
1589237
1589252
1589329
1589342
1589346
1589347
1589633
1589665
1589673
1589707
1589713
1589840
1589897
1589948
1590128
1590149
1590556
1590613
1590666
1590787
1590883
1590953
1590986
1591217
1591282
1591703
1591705
1591713
1591717
1591730
1591811
1592244
1592554
1592677
1592812
1593111
1593187
1593323
1593352
1593375
1593589
1593615
1593681
1593924
1594027
1594110
1594139
1594147
1594160
1594287
1594374
1594475
1594489
1594591
1594600
1594610
1595131
1595153
1595243
1595447
1595494
1595559
1595636
1595672
1595712
1595835
1595866
1595970
1596026
1596059
1596093
1596180
1596212
1596237
1596328
1596370
1596383
1596404
1596461
1596500
1596558
1596625
1596630
1596645
1596699
1596892
1596910
1596920
1596931
1596943
1597267
1597416
1597536
1597564
1597576
1597726
1597732
1597766
1597774
1597812
1597978
1598196
1598359
1598432
1598477
1598640
1598648
1598688
1598708
1598758
1598912
1598920
1598925
1598929
1598934
1598943
1598948
1599018
1599112
1599117
1599177
1599200
1599214
1599238
1599365
1599367
1599420
1599459
1599756
1599817
1599959
1599970
1599979
1600069
1600083
1600099
1600129
1600298
1600354
1600369
1600387
1600449
1600571
1600574
1600662
1600721
1600920
1600930
1600945
1601101
1601141
1601264
1601310
1601727
1601847
1601858
1601906
1601935
1602081
1602338
1602405
1602460
1602508
1602522
1602533
1602710
1602762
1602830
1602835
1602848
1602856
1602880
1603066
1603117
1603184
1603327
1603393
1603432
1603520
1603785
1603786
1603788
1603850
1603952
1603956
1603997
1603999
1604078
1604118
1604121
1604275
1604289
1604426
1604473
1604484
1604497
1604614
1604634
1604671
1604798
1604825
1604936
1605020
1605027
1605207
1605276
1605448
1605654
1605663
1605684
1605713
1605817
1605869
1606179
1606305
1606315
1606322
1606893
1607398
1607708
1607762
1608060
1608498
1608593
1608602
1608681
1608703
1608940
1608943
1608946
1608949
1609028
1609030
1609285
1609376
1609382
1609610
1609770
1609830
1609846
1609852
1609919
1609943
1610005
1610201
1610489
1610675
1610720
1610740
1610813
1610847
1610933
1610936
1610951
1611026
1611044
1611352
1611382
1611390
1611468
1611493
1611601
1611750
1611830
1611867
1611879
1611985
1612219
1612253
1612339
1612432
1612474
1612504
1612513
1612687
1612786
1613313
1613378
1613379
1613383
1613388
1613392
1613400
1613405
1613417
1613662
1613721
1613997
1614031
1614083
1614200
1614268
1614349
1614488
1614492
1614505
1614520
1614546
1614591
1614629
1614670
1614689
1614773
1614834
1614836
1614838
1614888
1615012
1615136
1615144
1615258
1615280
1615592
1615609
1615618
1615975
1616160
1616268
1616469
1616592
1616600
1616630
1616824
1616908
1616999
1617143
1617148
1617242
1617271
1617318
1617712
1617912
1618092
1618560
1618648
1618858
1619111
1619260
1619300
1619425
1619610
1619623
1619655
1619697
1619741
1619808
1619813
1619983
1619992
1620022
1620071
1620082
1620127
1620216
1620255
1620283
1620305
1620311
1620415
1620458
1620516
1620649
1620712
1620825
1621014
1621184
1621434
1621512
1621573
1621593
1621607
1621649
1621663
1621777
1621810
1621940
1622089
1622128
1622131
1622160
1622502
1622533
1622535
1622574
1622794
1622807
1622899
1623020
1623029
1623030
1623077
1623101
1623102
1623152
1623210
1623294
1623311
1623425
1623446
1623740
1623784
1623787
1623927
1623942
1623992
1624252
1624292
1624388
1624474
1624475
1624482
1624489
1624501
1624503
1624511
1624513
1624544
1624783
1624955
1624958
1625033
1625074
1625172
1625181
1625189
1625455
1625457
1625499
1625531
1625552
1625601
1625715
1625782
1625848
1625898
1625900
1625969
1626210
1626398
1626583
1626713
1626715
1626918
1626927
1627094
1627095
1627123
1627154
1627187
1627199
1627204
1627213
1627218
1627840
1627865
1627958
1627970
1628136
1628171
1628279
1628288
1628313
1628402
1628486
1628525
1628618
1628621
1628622
1628682
1628756
1628859
1628927
1628954
1629051
1629077
1629176
1629209
1629258
1629286
1629320
1629326
1629686
1629690
1629692
1629774
1629787
1629797
1629822
1629849
1629988
1630165
1630235
1630343
1630353
1630364
1630367
1630478
1630530
1630607
1630752
1630865
1631071
1631104
1631164
1631235
1631257
1631291
1631506
1631706
1631734
1631790
1631796
1631810
1632017
1632098
1632131
1632231
1632247
1632296
1632348
1632504
1632520
1632627
1632764
1633274
1633295
1633411
1633421
1633461
1633579
1633728
1633802
1634012
1634023
1634049
1634129
1634137
1634216
1634294
1634323
1634410
1634428
1634499
1634693
1634820
1634903
1634908
1634941
1634943
1635246
1635715
1635976
1636007
1636048
1636145
1636169
1636171
1636232
1636255
1636285
1636506
1636588
1636595
1636639
1636703
1636822
1636959
1636980
1637015
1637127
1637218
1637234
1637280
1637320
1637334
1637440
1637554
1637589
1637750
1637880
1638000
1638046
1638124
1638132
1638286
1638305
1638309
1638354
1638508
1638510
1638520
1638529
1638533
1638538
1638565
1638588
1638605
1638718
1639015
1639026
1639061
1639273
1639286
1639294
1639364
1639398
1639400
1639456
1639594
1639595
1639620
1639928
1639947
1640140
1640144
1640184
1640235
1640304
1640423
1640562
1640930
1641007
1641125
1641286
1641315
1641382
1641389
1641622
1641964
1642122
1642143
1642290
1642459
1642649
1642656
1642658
1642677
1642815
1642829
1642939
1642963
1642974
1642985
1643019
1643024
1643118
1643158
1643182
1643290
1643328
1643351
1643695
1643774
1643789
1643793
1643871
1644041
1644090
1644127
1644221
1644336
1644367
1644475
1644488
1644490
1644501
1644639
1644902
1644951
1644972
1644978
1644987
1644990
1644995
1645003
1645007
1645043
1645051
1645184
1645208
1645277
1645288
1645387
1645552
1645593
1645724
1645929
1646025
1646061
1646156
1646206
1646239
1646281
1646302
1646686
1646775
1646867
1647031
1647267
1647294
1647401
1647441
1647587
1647593
1647649
1647652
1647795
1647836
1647902
1648045
1648088
1648369
1648706
1648895
1648897
1649028
1649212
1649313
1649398
1649412
1649563
1649899
1649950
1650028
1650032
1650257
1650513
1650553
1650664
1650708
1650839
1650861
1650910
1650953
1651162
1651235
1651331
1651631
1651744
1651766
1651785
1651909
1651992
1652001
1652009
1652071
1652478
1652480
1652541
1652626
1652650
1652660
1652955
1653081
1653127
1653134
1653243
1653292
1653451
1653619
1653630
1653635
1653654
1653963
1654026
1654077
1654172
1654240
1654471
1654482
1654509
1654574
1654585
1654587
1654928
1655025
1655029
1655036
1655042
1655050
1655071
1655291
1655375
1655842
1655943
1655948
1656013
1656017
1656073
1656117
1656122
1656151
1656282
1656292
1656454
1656471
1656526
1656570
1656616
1656670
1656681
1656714
1656936
1656949
1657034
1657095
1657165
1657261
1657379
1657402
1657534
1657630
1657678
1657779
1657783
1657928
1658010
1658073
1658105
1658121
1658226
1658268
1658389
1658476
1658524
1658665
1658770
1658973
1658993
1659055
1659059
1659278
1659305
1659315
1659445
1659461
1659637
1659672
1659723
1659751
1659917
1659953
1660093
1660162
1660174
1660239
1660242
1660286
1660295
1660312
1660343
1660348
1660389
1660495
1660672
1660738
1660761
1660905
1660961
1661002
1661195
1661471
1661663
1661667
1661692
1661763
1661827
1661838
1661841
1661997
1662014
1662026
1662051
1662086
1662092
1662220
1662251
1662350
1662415
1662452
1662476
1662480
1662486
1662526
1662591
1662631
1662862
1662910
1662965
1663196
1663200
1663230
1663587
1664015
1664100
1664116
1664133
1664302
1664389
1664404
1664519
1664544
1664693
1664760
1664820
1664824
1664876
1664945
1664997
1665034
1665166
1665291
1665387
1665460
1665466
1665623
1665739
1665861
1665894
1666010
1666087
1666334
1666400
1666419
1666464
1666573
1666844
1666847
1666851
1666855
1667224
1667528
1667533
1667590
1667620
1667685
1667903
1667994
1668141
1668176
1668210
1668263
1668276
1668322
1668371
1668450
1668462
1668532
1668620
1668846
1669272
1669419
1669892
1670534
1670560
1670570
1670656
1670667
1671171
1671172
1671197
1671363
1671489
1671492
1671497
1671499
1671501
1671508
1671511
1671526
1671598
1671630
1671701
1671716
1672909
1673229
1673234
1673240
1673246
1673825
1673943
1674203
1674222
1674242
1674330
1674663
1674684
1674703
1674771
1674971
1675356
1675358
1675499
1675744
1675969
1676056
1676415
1676532
1676541
1676818
1676842
1676948
1677257
1677340
1677347
1677403
1677619
1677743
1677786
1677790
1678022
1678102
1678146
1678263
1678301
1678353
1678405
1678419
1678494
1678509
1678565
1678747
1678802
1678926
1678947
1679215
1679216
1679224
1679260
1679484
1679533
1679653
1679886
1679996
1680017
1680040
1680059
1680087
1680169
1680226
1680254
1680265
1680278
1680283
1680302
1680336
1680385
1680468
1680538
1680587
1680657
1680888
1681021
1681095
1681219
1681388
1681414
1681421
1681428
1681560
1681625
1681718
1682042
1682063
1682163
1682255
1682367
1682445
1682520
1682600
1682695
1682763
1682820
1682822
1682996
1683006
1683042
1683058
1683168
1683182
1683209
1683261
1683288
1683393
1683397
1683584
1683639
1683645
1683762
1683786
1684004
1684027
1684104
1684111
1684129
1684205
1684320
1684506
1684532
1684596
1684649
1684867
1684939
1684941
1684946
1684951
1685010
1685432
1685438
1685462
1685486
1685487
1685675
1685701
1685769
1685773
1685788
1685995
1685999
1686052
1686062
1686223
1686266
1686398
1686571
1686582
1686725
1686740
1686744
1686782
1686821
1686933
1687074
1687185
1687188
1687190
1687192
1687266
1687328
1687451
1687472
1687559
1687667
1687690
1687746
1687823
1687844
1688118
1688273
1688276
1688301
1688306
1688633
1688646
1688665
1688710
1688757
1688933
1688947
1689187
1689300
1689318
1689332
1689355
1689380
1689382
1689480
1689484
1689493
1689501
1689510
1689516
1689520
1689522
1689523
1689528
1689532
1689543
1689644
1689677
1689760
1690012
1690061
1690161
1690198
1690199
1690200
1690288
1690311
1690482
1690705
1690722
1690765
1690782
1690967
1691097
1691240
1691272
1691300
1691303
1691380
1691495
1691542
1691606
1691640
1691728
1691754
1691805
1691890
1691978
1691987
1692030
1692134
1692381
1692417
1692609
1692656
1692922
1692930
1692955
1693194
1693215
1693254
1693630
1693641
1693663
1693681
1693848
1693929
1693963
1694209
1694302
1694327
1694456
1694487
1694595
1694612
1694623
1694761
1694880
1694884
1694889
1694895
1695059
1695135
1695382
1695481
1695488
1695550
1695572
1695577
1695580
1695609
1695620
1695633
1695651
1695699
1695800
1695838
1695874
1695963
1695974
1696007
1696042
1696115
1696121
1696306
1696442
1696454
1696510
1696569
1696625
1696811
1696849
1697053
1697203
1697321
1697472
1697507
1697517
1697529
1697558
1697560
1697596
1697805
1697824
1697908
1697927
1697957
1697981
1697982
1698036
1698069
1698172
1698269
1698270
1698345
1698361
1698382
1698397
1698408
1698419
1698524
1698594
1698623
1698643
1698826
1699040
1699043
1699061
1699065
1699088
1699147
1699151
1699157
1699215
1699230
1699236
1699275
1699296
1699562
1699637
1699813
1699906
1699912
1699958
1699959
1700039
1700104
1700430
1700521
1700546
1700566
1700589
1700602
1700868
1700921
1700966
1700969
1700972
1701100
1701123
1701420
1701437
1701774
1701861
1701914
1702185
1702340
1702437
1702477
1702511
1702569
1702585
1702597
1702699
1702751
1702786
1702839
1702927
1702970
1703039
1703248
1703256
1703290
1703295
1703337
1703425
1703542
1703582
1703618
1703686
1703706
1703746
1703978
1704099
1704105
1704218
1704268
1704269
1704357
1704508
1704578
1704741
1704788
1704811
1704874
1704891
1704951
1705155
1705299
1705451
1705532
1705539
1705884
1706004
1706043
1706051
1706138
1706212
1706456
1706538
1706627
1706734
1706774
1706790
1706830
1706844
1706847
1706900
1706901
1706986
1707092
1707150
1707188
1707246
1707249
1707312
1707530
1707547
1707555
1707559
1707629
1707646
1707658
1707669
1707874
1707880
1707927
1707955
1708037
1708227
1708250
1708257
1708275
1708382
1708469
1708531
1708615
1708660
1708737
1708747
1708760
1709097
1709115
1709140
1709187
1709191
1709451
1709463
1709485
1709578
1709628
1709631
1709654
1709689
1710014
1710028
1710034
1710139
1710267
1710298
1710341
1710347
1710348
1710442
1710462
1710464
1710466
1710495
1710510
1710518
1710754
1710871
1711079
1711247
1711389
1711400
1711478
1711494
1711496
1711633
1711663
1711691
1711796
1711805
1712003
1712042
1712069
1712205
1712306
1712411
1712458
1712532
1712562
1712644
1712674
1712721
1712819
1712865
1712998
1713000
1713002
1713161
1713172
1713306
1713314
1713478
1713554
1713794
1714407
1714409
1714529
1714675
1714747
1714804
1714933
1715020
1715037
1715053
1715089
1715095
1715134
1715180
1715242
1715255
1715286
1715347
1715456
1715503
1715534
1715610
1715628
1715800
1715838
1716193
1716203
1716222
1716240
1716383
1716389
1716497
1716622
1716649
1716776
1716779
1716980
1717038
1717087
1717108
1717150
1717167
1717278
1717428
1717448
1717461
1717718
1717746
1717748
1717788
1717861
1717873
1717874
1717952
1718115
1718172
1718201
1718219
1718286
1718326
1718388
1718494
1718667
1718672
1719117
1719203
1719230
1719236
1719241
1719246
1719257
1719262
1719306
1719307
1719351
1719450
1719463
1719504
1719517
1719593
1719683
1719751
1719781
1719884
1719965
1719978
1720050
1720065
1720110
1720148
1720185
1720353
1720378
1720696
1720708
1720748
1720774
1720914
1720922
1720988
1721005
1721011
1721046
1721102
1721138
1721197
1721286
1721305
1721339
1721379
1721439
1721495
1721589
1721595
1721607
1721669
1721760
1721804
1721842
1721862
1722006
1722036
1722077
1722083
1722152
1722176
1722246
1722322
1722343
1722407
1722438
1722487
1722502
1722506
1722576
1722664
1722683
1722767
1722815
1722860
1722890
1722895
1722953
1723069
1723074
1723217
1723223
1723256
1723520
1723534
1723565
1723814
1723898
1723914
1723995
1724001
1724018
1724037
1724041
1724146
1724166
1724192
1724277
1724360
1724397
1724581
1724619
1724695
1724813
1724892
1724898
1724937
1724944
1724954
1724997
1725028
1725239
1725738
1725878
1725883
1725941
1725988
1726066
1726224
1726255
1726267
1726343
1726479
1726519
1726699
1726750
1726771
1727036
1727070
1727123
1727159
1727204
1727259
1727278
1727336
1727347
1727408
1727428
1727599
1727601
1727610
1727615
1727627
1727636
1727777
1727834
1727910
1727919
1727920
1728042
1728158
1728183
1728192
1728327
1728370
1728462
1728631
1728713
1728829
1728834
1728851
1728868
1728876
1728944
1728956
1728993
1729030
1729035
1729041
1729047
1729079
1729108
1729112
1729131
1729149
1729160
1729201
1729323
1729326
1729403
1729418
1729508
1729522
1729536
1729567
1729856
1729858
1729881
1729900
1729908
1730131
1730132
1730142
1730370
1730391
1730610
1730612
1730644
1730756
1730818
1730862
1730864
1730865
1730875
1730878
1730944
1730952
1730957
1730996
1731171
1731246
1731282
1731361
1731399
1731458
1731463
1731528
1731655
1731678
1731778
1731806
1731920
1731939
1732048
1732209
1732263
1732268
1732305
1732383
1732393
1732440
1732554
1732606
1732616
1732619
1732624
1732626
1732865
1732968
1732979
1733010
1733018
1733047
1733142
1733470
1733638
1733718
1733721
1733747
1733777
1733783
1733858
1733875
1733985
1734034
1734209
1734250
1734271
1734539
1734939
1734956
1735005
1735402
1735511
1735540
1735822
1735825
1735913
1736038
1736253
1736263
1736272
1736292
1736297
1736299
1736304
1736320
1736410
1736572
1736685
1736769
1736773
1736947
1737002
1737054
1737072
1737153
1737195
1737197
1737242
1737280
1737289
1737292
1737307
1737333
1737337
1737373
1737374
1737411
1737643
1737663
1737833
1737860
1737866
1737885
1737892
1737902
1737917
1737922
1737934
1737942
1737966
1737996
1738001
1738071
1738082
1738085
1738107
1738124
1738155
1738181
1738228
1738359
1738383
1738388
1738539
1738557
1738558
1738605
1738616
1738620
1738625
1738651
1738748
1738813
1738815
1738821
1738853
1738922
1739010
1739016
1739025
1739043
1739045
1739060
1739062
1739070
1739109
1739157
1739165
1739191
1739209
1739211
1739293
1739297
1739309
1739323
1739382
1739403
1739405
1739436
1739438
1739442
1739465
1739499
1739528
1739586
1739615
1739634
1739639
1739655
1739744
1739757
1739774
1739824
1739831
1739843
1739906
1739930
1739944
1739964
1740064
1740074
1740090
1740101
1740106
1740133
1740162
1740165
1740171
1740233
1740234
1740284
1740470
1740518
1740552
1740656
1740677
1740695
1740702
1740730
1740757
1740836
1740853
1741038
1741074
1741086
1741089
1741094
1741100
1741132
1741143
1741155
1741194
1741200
1741204
1741224
1741227
1741233
1741301
1741310
1741315
1741329
1741339
1741355
1741370
1741386
1741413
1741439
1741573
1741585
1741595
1741625
1741655
1741679
1741727
1741736
1741770
1741801
1741857
1741908
1741909
1741934
1741962
1742059
1742064
1742103
1742105
1742115
1742137
1742141
1742143
1742148
1742155
1742161
1742163
1742171
1742182
1742196
1742197
1742211
1742235
1742291
1742312
1742364
1742375
1742388
1742402
1742441
1742458
1742506
1742507
1742520
1742535
1742556
1742590
1742620
1742629
1742654
1742669
