17
83
136
138
170
176
214
215
229
234
244
326
348
377
395
440
467
523
539
561
565
571
572
573
578
579
580
588
609
622
628
635
653
663
694
747
755
763
764
765
766
768
779
790
791
794
805
806
814
827
831
837
919
923
924
927
928
931
948
964
985
1091
1248
1255
1256
1272
1423
1433
1448
1450
1483
1547
1551
1560
1562
1569
1576
1577
1596
1644
1663
1678
1679
1683
1690
1691
1693
1694
1696
1698
1699
1702
1730
1813
1836
1842
1872
1876
1877
1923
1933
1946
1961
1970
1975
1977
1992
1994
2046
2082
2093
2097
2104
2138
2151
2154
2182
2186
2199
2212
2269
2291
2386
2637
2654
2655
2662
2667
2668
2671
2675
2929
2957
2961
2969
2970
2971
2972
2974
2981
2989
2992
2993
3006
3015
3016
3017
3019
3021
3022
3023
3024
3025
3026
3027
3028
3030
3031
3035
3036
3037
3042
3043
3051
3053
3056
3066
3067
3068
3069
3070
3072
3073
3074
3075
3076
3077
3079
3103
3104
3105
3117
3118
3119
3122
3124
3125
3127
3144
3145
3146
3147
3149
3151
3152
3159
3160
3162
3163
3164
3165
3166
3199
3201
3202
3203
3204
3205
3206
3208
3209
3210
3214
3215
3216
3217
3218
3290
3305
3306
3345
3346
3347
3349
3350
3409
3410
3412
3413
3416
3477
3481
3483
3484
3485
3486
3488
3490
3511
3560
3561
3574
3575
3579
3581
3593
3597
3600
3602
3603
3699
3700
3763
3980
4229
4231
4232
4233
4234
4237
4238
4240
4241
4242
4283
4284
4288
4289
4290
4325
4337
4365
4368
4439
4443
4457
4488
4494
4513
4552
4567
4627
4722
4858
4879
4883
4961
4970
5060
5067
5072
5161
5237
5247
5333
5336
5421
5424
5425
5434
5470
5481
5483
5485
5486
5489
5620
5657
5675
5680
5719
5730
5733
5734
5735
5751
5752
5755
5759
5763
5796
5842
5844
5845
5846
5857
5876
5898
5956
6069
6114
6123
6147
6171
6174
6217
6222
6312
6404
6466
6488
6498
6537
6552
6591
6793
6917
6933
6948
6974
6976
7006
7011
7091
7092
7131
7178
7180
7181
7182
7216
7219
7282
7292
7340
7341
7342
7392
7454
7513
7737
7866
7978
7988
8077
8078
8090
8316
8329
8332
8398
8408
8413
8461
8464
8555
8617
8643
8689
8690
8691
8692
8766
8769
8771
8814
8843
8851
8852
8869
8875
8913
8914
8922
8968
8973
8983
8991
8997
9003
9009
9011
9017
9022
9030
9033
9035
9042
9059
9060
9064
9077
9092
9095
9100
9102
9272
9276
9286
9299
9306
9348
9357
9358
9360
9362
9373
9374
9378
9392
9406
9411
9412
9423
9424
9426
9431
9439
9456
9457
9463
9529
9532
9533
9538
9539
9540
9542
9544
9552
9568
9592
9599
9608
9616
9638
9640
9645
9656
9666
9669
9674
9677
9678
9680
9682
9694
9696
9706
9707
9708
9711
9725
9728
9730
9731
9755
9756
9782
9783
9792
9793
9796
9814
9825
9827
9841
9847
9871
9877
9885
9890
9898
9902
9913
9935
9937
9938
9940
9945
9946
9949
9954
9964
9966
9976
9980
9984
9987
9997
10004
10007
10008
10011
10012
10014
10016
10031
10041
10042
10053
10055
10062
10063
10065
10066
10069
10070
10072
10075
10076
10085
10086
10088
10089
10092
10093
10094
10095
10100
10113
10114
10121
10124
10127
10131
10160
10163
10166
10175
10177
10185
10205
10206
10212
10213
10216
10225
10226
10234
10242
10250
10251
10253
10255
10256
10263
10272
10280
10281
10283
10285
10288
10292
10294
10299
10304
10306
10307
10320
10331
10336
10342
10344
10349
10351
10359
10361
10370
10375
10383
10384
10389
10391
10395
10432
10444
10489
10492
10493
10496
10513
10542
10552
10558
10576
10577
10578
10579
10585
10586
10593
10605
10657
10664
10665
10676
10692
10702
10706
10722
10725
10726
10727
10728
10730
10766
10768
10776
10779
10781
10785
10787
10790
10823
10824
10829
10832
10836
10838
10842
10845
10854
10873
10885
10891
10894
10900
10906
10925
10929
10943
10961
10972
10973
10980
10984
10987
10988
11015
11026
11033
11056
11058
11059
11069
11071
11075
11082
11096
11124
11125
11126
11133
11152
11167
11186
11187
11206
11217
11223
11226
11237
11246
11249
11252
11281
11284
11298
11303
11309
11336
11342
11345
11347
11348
11351
11357
11361
11366
11376
11377
11380
11415
11417
11427
11428
11429
11442
11449
11454
11460
11470
11481
11482
11494
11495
11503
11508
11510
11525
11531
11542
11547
11549
11569
11586
11587
11591
11594
11596
11601
11607
11618
11623
11629
11654
11655
11662
11669
11675
11683
11717
11772
11773
11786
11791
11797
11804
11811
11815
11822
11838
11850
11868
11879
11880
11905
11906
11908
11910
11917
11926
11927
11932
11954
11974
11979
11980
12095
12110
12122
12128
12135
12142
12158
12171
12175
12176
12192
12205
12212
12216
12223
12237
12238
12262
12272
12416
12476
12483
12484
12485
12487
12517
12521
12525
12526
12532
12550
12561
12576
12583
12587
12590
12591
12594
12597
12601
12602
12611
12617
12619
12653
12662
12674
12677
12682
12683
12685
12699
12700
12702
12707
12718
12720
12724
12759
12791
12903
13006
13008
13009
13013
13022
13025
13059
13094
13106
13121
13122
13186
13190
13204
13207
13220
13254
13256
13276
13309
13310
13312
13319
13340
13402
13429
13436
13465
13474
13489
13492
13510
13511
13515
13546
13548
13549
13550
13553
13555
13556
13557
13559
13561
13564
13566
13567
13568
13569
13570
13581
13613
13648
13666
13742
13762
13784
13788
13797
13803
13812
13826
13828
13848
13849
13885
13903
13937
13945
13946
13954
13964
14001
14005
14021
14025
14029
14033
14098
14122
14125
14126
14138
14143
14145
14147
14157
14192
14209
14211
14212
14217
14219
14223
14228
14229
14235
14237
14240
14254
14255
14353
14372
14397
14409
14417
14435
14440
14451
14456
14457
14458
14459
14472
14510
14549
14564
14604
14605
14660
14686
14730
14745
14795
14814
14833
14838
14853
14862
14863
14866
14878
14907
14913
14915
14916
14929
14977
14983
15011
15021
15039
15052
15056
15057
15069
15096
15135
15158
15182
15203
15206
15212
15239
15262
15282
15301
15356
15360
15398
15418
15420
15422
15423
15425
15426
15434
15440
15473
15476
15482
15483
15488
15495
15516
15527
15543
15591
15641
15652
15658
15667
15689
15701
15711
15714
15724
15736
15741
15742
15749
15762
15826
15831
15843
15846
15849
15851
15855
15856
15900
15901
15902
15903
15978
15979
15980
15991
15999
16008
16009
16027
16028
16032
16061
16067
16077
16079
16080
16092
16093
16126
16137
16138
16139
16146
16154
16159
16160
16166
16167
16175
16179
16180
16182
16184
16191
16200
16205
16207
16208
16209
16221
16226
16231
16233
16235
16266
16271
16280
16281
16288
16296
16304
16307
16309
16313
16315
16335
16337
16342
16350
16371
16372
16373
16395
16431
16440
16445
16456
16559
16591
16611
16634
16722
16763
16764
16774
16780
16785
16824
16843
16846
16871
16882
16915
16921
16922
16925
16938
16973
17005
17027
17038
17088
17100
17102
17110
17111
17138
17140
17141
17153
17154
17158
17166
17168
17173
17200
17209
17212
17214
17240
17245
17278
17287
17306
17319
17343
17408
17455
17456
17457
17469
17482
17577
17609
17618
17692
17778
17792
17796
17874
17886
17897
17898
17907
17910
17911
17918
17921
17923
17965
17991
17994
18009
18011
18015
18029
18040
18043
18044
18045
18086
18096
18100
18111
18116
18177
18178
18196
18210
18213
18216
18217
18238
18250
18256
18274
18278
18289
18333
18334
18338
18352
18392
18397
18405
18413
18440
18441
18442
18443
18462
18467
18476
18477
18496
18498
18502
18505
18547
18556
18557
18573
18616
18632
18634
18676
18724
18726
18742
18754
18759
18773
18775
18779
18781
18801
18841
18851
18870
18882
18897
18910
18912
18932
18939
18966
18969
18979
18983
18987
18990
18998
19002
19010
19025
19034
19058
19064
19066
19085
19095
19116
19142
19154
19158
19166
19185
19197
19201
19204
19205
19222
19236
19237
19241
19281
19286
19287
19288
19296
19298
19310
19351
19383
19384
19425
19444
19483
19543
19544
19551
19564
19592
19599
19604
19723
19742
19816
19854
19898
19904
19908
19912
19936
19950
19951
19963
19969
19994
20015
20016
20019
20029
20034
20044
20089
20115
20121
20126
20130
20182
20215
20216
20321
20323
20345
20357
20381
20388
20424
20432
20441
20446
20465
20472
20481
20485
20507
20591
20606
20608
20620
20650
20669
20695
20701
20706
20842
20850
20880
20919
20945
20981
21034
21141
21143
21151
21156
21158
21159
21163
21166
21168
21187
21198
21208
21266
21325
21343
21362
21380
21381
21398
21407
21453
21484
21505
21506
21509
21513
21515
21536
21562
21588
21597
21619
21623
21627
21704
21714
21766
21781
21784
21785
21786
21789
21790
21792
21794
21795
21797
21799
21800
21838
21841
21851
21860
21910
21922
21927
21930
21935
21970
22007
22027
22033
22060
22066
22072
22105
22130
22135
22137
22140
22172
22175
22177
22194
22244
22293
22307
22335
22385
22422
22440
22450
22451
22455
22468
22470
22476
22480
22530
22536
22543
22551
22573
22577
22583
22616
22619
22637
22642
22681
22689
22699
22718
22727
22731
22741
22745
22749
22758
22804
22822
22856
22894
22899
22970
23014
23045
23104
23122
23125
23127
23173
23174
23202
23220
23281
23293
23327
23382
23389
23410
23437
23439
23506
23508
23515
23530
23532
23622
23683
23688
23691
23692
23730
23761
23793
23823
23827
23857
23936
23963
23966
23985
23988
24001
24007
24038
24045
24056
24075
24090
24091
24092
24094
24097
24098
24099
24103
24104
24106
24116
24124
24126
24132
24133
24150
24194
24196
24198
24212
24246
24274
24330
24331
24341
24392
24409
24417
24421
24452
24498
24499
24505
24555
24580
24605
24632
24634
24643
24648
24649
24655
24674
24683
24702
24716
24740
24745
24777
24778
24789
24796
24799
24808
24821
24829
24831
24836
24837
24862
24868
24874
24877
24907
24913
24916
24919
24920
24921
24922
24923
24924
24925
24927
24928
24929
24935
24939
24944
24947
24948
24952
24963
24995
24996
25018
25028
25033
25035
25060
25061
25066
25073
25086
25088
25103
25119
25133
25145
25151
25155
25170
25172
25234
25239
25241
25272
25319
25329
25377
25395
25422
25438
25479
25508
25533
25537
25543
25557
25573
25574
25579
25597
25623
25625
25627
25693
25712
25713
25714
25715
25727
25730
25742
25744
25748
25749
25750
25751
25752
25753
25754
25756
25762
25769
25809
25834
25853
25854
25870
25874
25875
25886
25920
25944
25967
25974
25976
25983
25993
25998
26015
26040
26042
26144
26162
26178
26198
26208
26215
26230
26233
26240
26245
26278
26301
26334
26342
26369
26439
26450
26466
26472
26480
26482
26499
26503
26504
26515
26517
26521
26554
26558
26587
26588
26631
26639
26656
26661
26675
26676
26677
26678
26679
26680
26687
26688
26690
26693
26702
26703
26722
26772
26774
26811
26854
26857
26860
26865
26882
26894
26901
26912
26914
26921
26922
26923
26924
26925
26932
26943
26946
26953
26954
26956
26957
26958
26959
26960
26961
26962
26974
27003
27009
27028
27057
27070
27084
27115
27116
27118
27122
27130
27134
27135
27144
27150
27174
27179
27207
27214
27226
27227
27230
27231
27232
27234
27244
27253
27255
27258
27259
27267
27272
27274
27276
27284
27285
27289
27296
27297
27300
27303
27313
27316
27318
27320
27324
27326
27327
27328
27336
27345
27346
27351
27358
27361
27370
27374
27381
27386
27387
27389
27390
27392
27395
27398
27400
27401
27405
27406
27407
27409
27410
27411
27412
27413
27414
27416
27417
27420
27423
27425
27428
27429
27431
27436
27439
27442
27452
27463
27466
27467
27468
27471
27473
27474
27475
27476
27477
27478
27479
27481
27482
27483
27485
27486
27487
27489
27492
27495
27496
27497
27498
27499
27500
27501
27502
27503
27508
27512
27513
27517
27519
27522
27524
27527
27528
27529
27532
27533
27535
27537
27538
27541
27542
27545
27546
27547
27548
27552
27553
27555
27557
27558
27559
27562
27564
27566
27588
27601
27603
27607
27611
27612
27613
27617
27618
27619
27623
27625
27627
27630
27632
27636
27642
27643
27646
27647
27648
27649
27651
27652
27654
27657
27662
27663
27664
27669
27671
27672
27674
27675
27677
27680
27682
27684
27685
27687
27688
27689
27690
27691
27692
27694
27695
27696
27697
27699
27700
27701
27703
27706
27708
27710
27711
27712
27713
27714
27717
27720
27723
27726
27727
27728
27729
27730
27731
27733
27734
27736
27739
27740
27741
27742
27743
27747
27752
27753
27755
27758
27760
27762
27763
27764
27766
27767
27769
27770
27771
27772
27773
27774
27778
27779
27782
27783
27784
27785
27788
27789
27791
27792
27796
27798
27800
27802
27803
27807
27808
27809
27810
27812
27813
27814
27815
27816
27818
27819
27825
27826
27829
27830
27831
27832
27836
27840
27843
27844
27846
27848
27851
27852
27853
27855
27856
27860
27877
27878
27879
27880
27881
27882
27886
27891
27892
27895
27905
27909
27916
27918
27941
27951
27970
28035
28036
28037
28038
28040
28041
28043
28046
28048
28049
28050
28051
28055
28058
28061
28063
28067
28068
28070
28071
28072
28073
28076
28077
28079
28080
28081
28082
28083
28084
28087
28090
28096
28098
28103
28108
28109
28111
28113
28114
28127
28128
28129
28142
28143
28146
28147
28148
28153
28155
28156
28159
28160
28161
28163
28165
28168
28169
28170
28172
28173
28177
28180
28181
28182
28183
28184
28185
28186
28188
28189
28191
28196
28198
28223
28224
28228
28229
28230
28231
28232
28234
28235
28237
28242
28248
28260
28261
28262
28264
28265
28266
28269
28271
28274
28277
28279
28283
28287
28294
28295
28300
28305
28309
28310
28312
28314
28316
28317
28318
28319
28324
28325
28327
28336
28337
28338
28340
28341
28344
28346
28347
28349
28350
28351
28352
28355
28359
28362
28363
28365
28369
28377
28380
28381
28382
28383
28388
28389
28393
28396
28397
28401
28402
28403
28406
28409
28411
28416
28418
28419
28421
28423
28425
28426
28435
28436
28437
28438
28439
28440
28444
28445
28446
28450
28452
28454
28467
28483
28485
28487
28491
28493
28494
28498
28499
28501
28503
28504
28505
28508
28509
28513
28514
28516
28517
28518
28521
28522
28529
28530
28532
28533
28536
28540
28558
28559
28562
28563
28565
28572
28579
28581
28582
28583
28584
28585
28586
28590
28592
28593
28594
28596
28600
28602
28605
28616
28624
28625
28626
28635
28637
28640
28642
28643
28646
28647
28648
28652
28653
28656
28659
28660
28667
28669
28671
28673
28676
28679
28681
28684
28686
28687
28690
28691
28715
28719
28720
28721
28723
28725
28726
28727
28728
28733
28734
28738
28739
28741
28743
28744
28746
28751
28752
28757
28760
28762
28763
28765
28766
28767
28768
28770
28774
28775
28780
28788
28790
28791
28792
28794
28795
28798
28799
28800
28801
28802
28804
28806
28807
28811
28820
28828
28831
28835
28847
28848
28851
28852
28853
28855
28859
28865
28867
28870
28879
28883
28886
28892
28893
28900
28902
28910
28925
28927
28930
28931
28933
28934
28935
28936
28939
28941
28942
28947
28951
28952
28953
28955
28957
28958
28959
28960
28964
28968
29030
29046
29049
29050
29052
29053
29056
29057
29058
29060
29062
29064
29065
29067
29069
29070
29071
29072
29074
29075
29077
29094
29095
29098
29103
29105
29107
29111
29114
29118
29121
29126
29128
29129
29130
29135
29140
29143
29148
29159
29161
29163
29166
29167
29168
29169
29181
29184
29186
29187
29189
29191
29203
29210
29214
29217
29218
29221
29222
29223
29226
29227
29230
29232
29235
29238
29239
29241
29242
29243
29286
29290
29293
29296
29298
29305
29313
29315
29318
29320
29324
29327
29336
29338
29341
29342
29343
29345
29347
29350
29354
29368
29384
29389
29390
29393
29394
29396
29397
29399
29400
29402
29403
29404
29405
29407
29409
29412
29416
29423
29424
29425
29426
29427
29429
29430
29431
29432
29433
29434
29437
29445
29448
29449
29466
29468
29469
29474
29476
29482
29486
29489
29491
29495
29496
29497
29498
29499
29504
29505
29506
29508
29512
29514
29521
29542
29547
29555
29556
29559
29562
29565
29566
29570
29573
29579
29596
29597
29598
29599
29600
29603
29607
29609
29611
29613
29616
29620
29623
29634
29638
29640
29643
29652
29660
29683
29689
29691
29692
29693
29695
29702
29706
29707
29708
29712
29721
29748
29756
29759
29761
29763
29765
29767
29768
29769
29770
29771
29772
29774
29778
29779
29787
29789
29790
29791
29792
29794
29796
29797
29798
29799
29803
29806
29808
29814
29816
29826
29833
29848
29850
29852
29854
29865
29867
29869
29871
29873
29874
29876
29878
29881
29883
29889
29891
29896
29898
29899
29900
29902
29905
29906
29908
29909
29910
29922
29923
29925
29926
29930
29938
29942
29945
29947
29948
29951
29954
29957
29958
29959
29960
29961
29964
29979
29998
30002
30026
30030
30045
30049
30052
30062
30081
30137
30155
30183
30202
30203
30236
30286
30307
30314
30315
30316
30317
30318
30342
30345
30346
30348
30362
30370
30377
30379
30380
30381
30383
30384
30385
30388
30391
30392
30393
30394
30395
30396
30399
30400
30401
30402
30405
30407
30419
30422
30440
30441
30445
30447
30449
30450
30452
30455
30456
30457
30458
30459
30460
30477
30478
30479
30482
30497
30510
30512
30515
30519
30522
30523
30554
30559
30566
30567
30568
30579
30637
30638
30640
30641
30644
30652
30654
30661
30664
30666
30670
30685
30689
30694
30706
30711
30713
30727
30729
30737
30748
30751
30752
30753
30754
30755
30767
30773
30778
30780
30781
30782
30785
30786
30787
30788
30789
30792
30793
30794
30796
30799
30813
30829
30831
30833
30855
30861
30870
30871
30872
30874
30875
30876
30877
30879
30880
30881
30885
30887
30889
30891
30893
30901
30902
30903
30907
30913
30914
30918
30919
30920
30921
30924
30926
30928
30929
30931
30933
30934
30935
30937
30938
30959
30972
30974
30990
30991
30992
30993
30995
30996
30997
31001
31003
31012
31013
31022
31036
31042
31080
31091
31116
31119
31126
31129
31134
31150
31154
31160
31196
31232
31243
31244
31245
31255
31260
31263
31275
31276
31287
31319
31382
31383
31385
31392
31393
31417
31428
31463
31472
31498
31503
31538
31541
31549
31564
31578
31579
31592
31596
31624
31629
31634
31646
31647
31649
31655
31682
31685
31687
31699
31703
31707
31728
31767
31847
31909
31915
31942
31952
31965
31967
31991
31992
32003
32009
32012
32021
32023
32033
32043
32051
32076
32132
32146
32152
32161
32166
32170
32171
32173
32219
32220
32237
32242
32250
32272
32285
32292
32297
32301
32304
32312
32314
32322
32343
32352
32367
32428
32449
32508
32527
32540
32569
32583
32585
32595
32612
32613
32623
32629
32652
32685
32707
32852
32857
32858
32860
32862
32904
32910
32940
32947
32978
32998
33005
33016
33018
33020
33045
33061
33107
33156
33172
33197
33274
33275
33278
33305
33308
33326
33347
33374
33424
33438
33459
33468
33475
33477
33502
33510
33516
33518
33519
33521
33543
33546
33555
33565
33589
33592
33607
33641
33645
33695
33721
33723
33754
33767
33769
33784
33789
33794
33801
33826
33828
33876
33908
33910
33914
33926
33988
33990
34004
34023
34048
34072
34077
34078
34081
34084
34089
34094
34098
34104
34112
34125
34129
34168
34193
34195
34212
34223
34226
34231
34288
34311
34312
34321
34335
34337
34359
34479
34480
34552
34574
34583
34592
34593
34596
34618
34640
34659
34685
34686
34707
34733
34734
34737
34740
34754
34772
34784
34791
34792
34794
34814
34845
34867
34943
34959
34993
34996
35040
35060
35073
35074
35075
35120
35139
35160
35192
35197
35198
35212
35220
35247
35250
35280
35302
35324
35429
35564
35608
35616
35626
35642
35662
35664
35668
35669
35683
35710
35718
35721
35730
35731
35733
35759
35791
35801
35813
35826
35831
35836
35862
35891
35908
35911
35914
35919
35945
35946
35949
35950
35951
35953
35977
35978
35979
35984
35992
36003
36073
36074
36075
36086
36089
36095
36096
36139
36155
36166
36172
36176
36209
36216
36217
36220
36224
36225
36228
36231
36232
36238
36239
36271
36275
36289
36299
36419
36421
36445
36456
36489
36529
36531
36556
36560
36574
36577
36586
36587
36594
36599
36600
36601
36604
36622
36628
36647
36648
36659
36671
36675
36685
36686
36737
36754
36762
36778
36779
36792
36794
36835
36836
36837
36854
36857
36859
36860
36879
36883
36896
36900
36901
36902
36903
36911
36917
36918
36941
36942
36960
36965
36984
36992
37005
37017
37019
37035
37044
37062
37110
37130
37132
37140
37169
37190
37196
37223
37225
37227
37254
37284
37306
37342
37376
37409
37422
37426
37434
37440
37441
37463
37464
37471
37500
37522
37526
37527
37529
37530
37534
37576
37579
37601
37618
37629
37644
37678
37687
37696
37707
37726
37771
37776
37792
37793
37813
37827
37843
37846
37862
37865
37869
37901
37904
37905
37924
37929
37930
37935
37936
37938
37944
37947
37963
37970
37973
37977
37998
38006
38033
38065
38068
38074
38084
38112
38120
38123
38125
38126
38134
38150
38157
38246
38258
38260
38261
38263
38267
38269
38273
38321
38330
38346
38358
38404
38405
38410
38412
38446
38464
38468
38498
38499
38500
38503
38510
38521
38541
38610
38701
38706
38741
38750
38753
38761
38762
38775
38783
38823
38826
38829
38836
38841
38863
38864
38939
38942
38946
38988
38996
39006
39020
39023
39024
39043
39044
39050
39067
39111
39131
39154
39158
39164
39167
39171
39176
39195
39222
39252
39259
39260
39261
39262
39263
39276
39278
39279
39283
39297
39303
39311
39322
39341
39368
39370
39372
39390
39392
39407
39408
39409
39434
39436
39437
39441
39453
39468
39493
39498
39509
39522
39535
39547
39563
39564
39572
39578
39681
39700
39704
39805
39814
39824
39843
39844
39855
39856
39857
39858
39859
39861
39862
39863
39865
39867
39868
39869
39874
39875
39878
39882
39883
39884
39885
39886
39890
39891
39893
39895
39897
39898
39899
39900
39906
39908
39909
39910
39912
39914
39916
39918
39923
39924
39925
39926
39928
39929
39930
39931
39932
39957
39959
39973
39981
39982
39984
39985
39986
39987
39988
39991
39992
39993
39995
39997
39999
40000
40009
40012
40015
40016
40026
40028
40029
40030
40031
40034
40037
40038
40039
40040
40041
40042
40043
40058
40059
40060
40062
40064
40065
40069
40070
40074
40076
40078
40087
40088
40091
40095
40102
40103
40104
40105
40106
40111
40112
40115
40125
40127
40129
40130
40139
40145
40146
40147
40149
40151
40155
40158
40168
40208
40217
40218
40219
40220
40221
40222
40226
40229
40231
40233
40236
40238
40241
40244
40249
40251
40252
40253
40254
40255
40258
40261
40338
40339
40341
40342
40343
40347
40350
40351
40353
40356
40357
40363
40364
40365
40366
40368
40371
40377
40383
40387
40392
40446
40448
40449
40451
40458
40460
40461
40462
40463
40464
40465
40466
40467
40469
40474
40511
40528
40549
40592
40599
40631
40649
40723
40729
40760
40761
40770
40788
40800
40804
40833
40837
40854
40877
40912
40931
40951
40952
40954
40955
40961
40966
40967
40969
40976
40983
41018
41019
41020
41021
41022
41023
41024
41025
41027
41030
41032
41033
41035
41038
41070
41105
41118
41153
41203
41215
41225
41235
41237
41239
41255
41264
41275
41301
41302
41307
41367
41373
41374
41385
41396
41401
41402
41419
41428
41434
41436
41439
41443
41445
41446
41472
41505
41516
41534
41540
41543
41547
41560
41568
41570
41574
41595
41651
41656
41671
41704
41740
41759
41769
41771
41775
41790
41793
41797
41824
41825
41827
41828
41848
41870
41899
41920
41959
41965
41966
41967
41972
42002
42033
42076
42099
42114
42149
42182
42185
42186
42187
42196
42202
42211
42215
42218
42230
42245
42250
42251
42272
42280
42285
42289
42302
42307
42309
42317
42333
42344
42352
42452
42455
42462
42465
42466
42468
42469
42476
42477
42487
42499
42507
42519
42523
42526
42530
42532
42549
42573
42591
42594
42606
42610
42628
42663
42667
42671
42676
42689
42699
42705
42709
42710
42712
42717
42729
42735
42745
42768
42787
42793
42794
42796
42833
42869
42870
42872
42901
42903
42905
42906
42912
42916
42917
42939
42941
42942
42968
42992
42993
42998
43014
43015
43023
43036
43045
43065
43081
43084
43085
43086
43089
43093
43099
43105
43109
43113
43115
43117
43120
43143
43148
43149
43228
43248
43249
43274
43303
43309
43312
43337
43342
43353
43402
43545
43552
43565
43585
43586
43587
43592
43593
43607
43613
43624
43629
43639
43640
43650
43665
43686
43713
43715
43717
43729
43737
43743
43749
43751
43753
43796
43919
43931
43935
43947
43950
44000
44001
44008
44014
44020
44027
44028
44037
44040
44041
44097
44108
44132
44152
44179
44184
44186
44194
44195
44203
44213
44214
44224
44225
44239
44247
44250
44259
44265
44289
44296
44340
44351
44385
44396
44435
44436
44444
44470
44493
44499
44500
44507
44510
44545
44548
44550
44551
44562
44585
44586
44588
44591
44625
44632
44673
44678
44682
44687
44690
44692
44693
44698
44732
44759
44796
44809
44811
44836
44839
44859
44886
44909
44914
44930
44932
44935
44936
44950
44954
44960
44971
45009
45017
45031
45052
45065
45097
45101
45102
45270
45273
45322
45347
45359
45384
45397
45431
45452
45474
45480
45501
45511
45527
45551
45577
45593
45607
45641
45649
45655
45657
45660
45663
45674
45676
45714
45719
45729
45737
45746
45756
45773
45778
45779
45795
45803
45814
45825
45830
45835
45853
45862
45866
45875
45878
45880
45921
45937
45952
45959
45961
45964
46009
46020
46025
46078
46079
46113
46117
46120
46146
46158
46164
46166
46168
46171
46172
46175
46202
46206
46221
46230
46261
46297
46302
46313
46328
46330
46333
46342
46359
46362
46364
46365
46368
46398
46405
46420
46429
46439
46441
46452
46464
46467
46507
46522
46537
46548
46633
46653
46658
46695
46719
46759
46767
46788
46799
46802
46803
46812
46837
46838
46878
46879
46885
46895
46921
46939
46959
46968
46970
46980
46998
47001
47003
47038
47044
47051
47065
47090
47111
47122
47177
47191
47194
47205
47259
47270
47284
47286
47287
47331
47335
47340
47386
47408
47410
47425
47431
47436
47453
47459
47469
47488
47515
47518
47519
47553
47593
47606
47615
47620
47631
47654
47655
47674
47678
47763
47791
47800
47827
47886
47891
47892
47894
47914
47955
47957
48014
48015
48016
48038
48131
48136
48147
48171
48191
48192
48197
48202
48221
48262
48270
48271
48291
48302
48309
48311
48312
48314
48333
48350
48359
48374
48385
48393
48395
48397
48421
48443
48447
48463
48494
48516
48519
48565
48570
48572
48581
48584
48585
48587
48594
48613
48616
48618
48624
48626
48628
48630
48631
48632
48636
48660
48669
48675
48714
48747
48753
48780
48787
48789
48800
48803
48808
48809
48813
48814
48836
48837
48843
48846
48871
48885
48895
48921
48950
49017
49018
49037
49090
49096
49126
49130
49158
49183
49190
49209
49212
49222
49231
49236
49237
49239
49266
49304
49332
49343
49346
49347
49348
49351
49353
49354
49359
49361
49362
49365
49379
49395
49396
49402
49433
49439
49541
49593
49597
49599
49673
49676
49684
49690
49706
49711
49728
49730
49745
49746
49748
49761
49763
49787
49794
49797
49800
49801
49804
49810
49830
49847
49877
49901
49950
49958
49960
49970
49988
50037
50038
50086
50108
50110
50113
50122
50142
50153
50162
50173
50204
50272
50288
50317
50324
50342
50357
50376
50382
50387
50392
50394
50395
50409
50425
50427
50432
50438
50448
50450
50458
50466
50471
50497
50515
50538
50567
50604
50606
50636
50638
50687
50688
50698
50699
50719
50732
50762
50787
50808
50838
50852
50888
50959
50962
50973
50979
51021
51046
51068
51077
51096
51122
51176
51215
51248
51260
51322
51359
51428
51442
51455
51465
51510
51521
51541
51564
51576
51586
51590
51723
51747
51774
51776
51782
51831
51842
51868
51890
51992
52001
52015
52017
52021
52022
52023
52034
52044
52046
52086
52092
52135
52137
52142
52191
52196
52199
52202
52203
52204
52226
52244
52251
52263
52274
52302
52308
52309
52318
52326
52348
52369
52372
52373
52375
52376
52377
52378
52379
52381
52382
52383
52388
52389
52391
52392
52394
52395
52398
52400
52404
52405
52407
52408
52409
52410
52413
52414
52416
52419
52420
52422
52454
52455
52494
52520
52528
52587
52631
52639
52660
52669
52685
52702
52720
52728
52742
52745
52788
52794
52803
52817
52840
52849
52854
52868
52878
52923
52940
52941
52949
53007
53036
53045
53050
53060
53064
53080
53101
53102
53122
53149
53150
53178
53184
53186
53187
53237
53245
53246
53248
53335
53347
53354
53355
53428
53442
53459
53463
53501
53502
53543
53553
53567
53618
53661
53806
53811
53850
53859
53868
53869
53891
53907
53923
53933
53949
53950
53953
53959
53967
53986
53994
53999
54008
54013
54019
54070
54075
54094
54099
54101
54109
54111
54112
54116
54117
54118
54121
54123
54124
54127
54132
54133
54205
54208
54211
54285
54288
54398
54431
54433
54493
54496
54511
54522
54525
54579
54582
54585
54586
54595
54604
54606
54608
54612
54653
54671
54700
54702
54704
54713
54750
54753
54800
54801
54811
54818
54819
54827
54868
54871
54923
54928
54942
54961
54962
54963
54965
54996
55006
55016
55018
55042
55045
55066
55069
55071
55073
55074
55076
55077
55078
55079
55080
55081
55082
55083
55102
55141
55142
55152
55162
55170
55173
55186
55209
55215
55248
55300
55328
55341
55364
55366
55377
55401
55449
55470
55515
55529
55537
55538
55539
55547
55563
55613
55616
55660
55662
55663
55667
55681
55683
55684
55687
55689
55690
55691
55711
55719
55723
55729
55732
55779
55784
55809
55813
55861
55888
55890
55937
55939
55943
55948
55949
55952
56021
56023
56026
56035
56090
56092
56109
56110
56132
56144
56145
56161
56165
56171
56180
56203
56228
56229
56238
56242
56252
56259
56306
56328
56364
56382
56383
56386
56428
56429
56527
56529
56530
56532
56537
56554
56560
56563
56564
56566
56603
56604
56608
56609
56635
56642
56653
56669
56673
56685
56702
56705
56721
56762
56767
56781
56787
56790
56811
56812
56814
56815
56832
56860
56906
56915
56937
56995
56997
57008
57011
57018
57061
57084
57085
57094
57100
57101
57104
57126
57173
57190
57196
57203
57221
57224
57230
57236
57238
57270
57283
57289
57293
57313
57326
57447
57503
57529
57568
57597
57625
57632
57640
57665
57733
57744
57749
57789
57812
57817
57827
57845
57875
57876
57901
57903
57910
57942
57948
57949
57950
57956
57961
57984
57985
58010
58027
58093
58096
58129
58151
58200
58203
58206
58218
58238
58245
58250
58384
58405
58411
58428
58431
58432
58469
58477
58520
58585
58623
58643
58644
58664
58668
58670
58672
58674
58675
58676
58690
58718
58719
58745
58752
58765
58782
58783
58788
58789
58790
58791
58792
58795
58796
58797
58798
58801
58802
58806
58807
58809
58813
58816
58862
58864
58899
58903
58904
58951
58952
58955
58965
58970
58977
58980
58982
58983
58986
58987
58989
58992
58997
58998
59008
59011
59039
59051
59059
59093
59095
59114
59115
59120
59127
59158
59189
59220
59223
59270
59274
59309
59317
59332
59356
59363
59368
59389
59421
59429
59450
59480
59546
59549
59574
59726
59734
59735
59737
59738
59744
59762
59797
59798
59802
59852
59857
59912
59936
60009
60065
60068
60085
60086
60095
60158
60159
60160
60190
60275
60283
60304
60306
60366
60398
60410
60413
60483
60486
60490
60504
60575
60602
60619
60632
60667
60671
60752
60765
60772
60781
60817
60819
60827
60860
60898
60935
60950
60965
61012
61043
61054
61116
61165
61196
61197
61199
61232
61233
61238
61239
61378
61386
61506
61613
61674
61683
61689
61692
61696
61698
61706
61716
61722
61767
61789
61826
61885
61904
61909
61948
61964
61980
61997
62004
62105
62108
62131
62132
62174
62181
62182
62224
62332
62338
62433
62436
62517
62521
62558
62574
62680
62682
62697
62714
62736
62761
62787
62847
62904
62914
62915
62916
62925
62926
62928
62929
62930
62932
62947
62950
62962
62985
62986
62990
62993
63007
63015
63022
63024
63025
63026
63027
63032
63081
63087
63088
63091
63112
63138
63175
63183
63188
63189
63197
63199
63207
63266
63311
63317
63333
63350
63360
63363
63381
63382
63409
63440
63444
63484
63507
63512
63517
63566
63590
63700
63705
63706
63725
63727
63749
63777
63832
63881
63906
63959
63977
64076
64077
64086
64108
64112
64113
64155
64215
64248
64305
64306
64309
64343
64445
64447
64450
64454
64479
64524
64528
64530
64534
64538
64548
64568
64622
64623
64624
64664
64666
64717
64720
64725
64768
64771
64788
64792
64800
64801
64806
64839
64852
64853
64854
64855
64856
64857
64861
64883
64914
64921
64929
64932
64976
64980
64985
64992
65001
65020
65044
65051
65055
65059
65086
65141
65143
65146
65163
65214
65252
65255
65262
65272
65292
65317
65322
65327
65348
65379
65416
65456
65460
65499
65514
65535
65572
65583
65588
65598
65599
65603
65617
65639
65660
65693
65823
65833
65857
65861
65871
65891
65899
65955
65966
65984
65987
65989
65997
66014
66039
66051
66111
66121
66127
66164
66192
66194
66206
66213
66237
66410
66448
66470
66474
66475
66489
66608
66616
66621
66664
66670
66706
66762
66765
66794
66795
66815
66841
66881
66892
66895
66918
66925
66948
67055
67065
67087
67162
67166
67183
67219
67227
67253
67289
67302
67309
67311
67314
67320
67329
67339
67342
67343
67344
67345
67346
67347
67348
67349
67350
67382
67459
67515
67563
67642
67655
67667
67673
67679
67691
67715
67729
67730
67732
67737
67740
67742
67744
67748
67750
67767
67795
67811
67822
67892
67903
67955
67956
67973
67974
67988
68028
68116
68117
68119
68133
68146
68163
68164
68180
68212
68270
68301
68302
68304
68306
68341
68347
68373
68418
68477
68485
68494
68503
68505
68509
68515
68523
68527
68557
68559
68572
68610
68627
68632
68636
68661
68665
68684
68694
68714
68715
68725
68758
68815
68820
68824
68874
68878
68884
68905
68915
68922
68964
68982
69010
69011
69015
69025
69058
69059
69075
69088
69117
69121
69141
69142
69158
69163
69165
69169
69217
69235
69266
69270
69272
69276
69277
69323
69326
69362
69363
69368
69379
69391
69408
69437
69449
69469
69576
69579
69594
69607
69686
69724
69726
69736
69773
69777
69780
69791
69852
69853
69860
69869
69870
69872
69884
69900
69911
69917
69935
69939
69942
70000
70012
70019
70021
70024
70046
70059
70069
70075
70084
70112
70123
70128
70177
70198
70199
70217
70224
70247
70249
70345
70349
70351
70386
70411
70412
70420
70448
70538
70553
70574
70575
70583
70584
70636
70661
70669
70714
70740
70772
70776
70779
70810
70820
70822
70856
70857
70878
70915
70947
70948
70981
70984
71027
71031
71033
71042
71048
71057
71058
71059
71064
71076
71102
71112
71147
71181
71234
71305
71313
71326
71359
71373
71377
71392
71469
71470
71479
71480
71503
71511
71538
71548
71550
71556
71582
71585
71612
71617
71622
71626
71628
71668
71670
71672
71679
71682
71690
71697
71701
71783
71786
71790
71821
71853
71868
71902
71912
71919
71925
71943
71944
71945
71951
71990
72014
72021
72033
72034
72039
72042
72071
72073
72086
72090
72111
72153
72190
72221
72231
72237
72244
72256
72270
72277
72305
72309
72313
72331
72344
72349
72385
72408
72434
72444
72508
72558
72571
72574
72595
72640
72648
72654
72695
72745
72754
72756
72834
72859
72869
72909
72963
72967
72994
73043
73085
73087
73101
73116
73142
73143
73146
73179
73192
73196
73197
73199
73200
73203
73217
73218
73250
73262
73290
73303
73306
73316
73336
73354
73408
73442
73458
73460
73489
73519
73554
73567
73588
73614
73626
73636
73644
73661
73696
73708
73748
73766
73792
73807
73820
73861
73895
73910
73933
73935
73936
73943
73963
73973
73986
74006
74008
74016
74019
74021
74024
74029
74035
74036
74071
74072
74081
74087
74090
74101
74110
74135
74189
74215
74225
74241
74254
74273
74289
74321
74325
74328
74336
74343
74381
74386
74397
74398
74416
74461
74471
74481
74505
74518
74539
74550
74555
74560
74576
74586
74604
74618
74631
74646
74650
74715
74725
74726
74727
74747
74777
74807
74826
74829
74831
74837
74860
74864
74899
74915
74943
74997
75006
75013
75020
75038
75064
75077
75101
75191
75206
75220
75305
75317
75318
75338
75393
75419
75439
75441
75454
75537
75555
75561
75564
75623
75624
75724
75735
75738
75761
75821
75835
75838
75862
75903
75931
76001
76159
76164
76168
76176
76179
76195
76212
76214
76216
76310
76322
76400
76403
76409
76449
76450
76457
76458
76460
76461
76463
76467
76487
76516
76560
76617
76620
76621
76635
76656
76659
76666
76681
76715
76724
76730
76732
76755
76762
76765
76779
76790
76804
76810
76818
76819
76822
76833
76847
76856
76875
76929
76935
77010
77022
77029
77046
77047
77050
77067
77068
77086
77109
77127
77155
77156
77173
77257
77260
77301
77314
77319
77321
77336
77361
77399
77444
77449
77483
77495
77546
77551
77571
77586
77594
77602
77626
77642
77669
77677
77696
77728
77785
77812
77823
77824
77854
77858
77883
77884
77885
77889
77949
78020
78042
78068
78071
78072
78073
78075
78083
78093
78169
78195
78198
78203
78218
78227
78239
78246
78247
78250
78252
78253
78288
78294
78302
78308
78325
78332
78352
78362
78381
78382
78383
78384
78402
78411
78428
78452
78453
78461
78508
78509
78522
78546
78552
78555
78561
79027
79062
79067
79069
79073
79075
79078
79080
79119
79181
79190
79219
79225
79277
79278
79282
79316
79319
79322
79329
79359
79363
79394
79436
79544
79550
79574
79576
79582
79624
79649
79694
79721
79758
79771
79785
79823
79826
79828
79896
79906
79911
79975
80002
80047
80067
80195
80238
80279
80280
80290
80333
80334
80368
80384
80385
80390
80394
80448
80468
80528
80532
80570
80577
80624
80633
80634
80640
80653
80655
80657
80662
80668
80676
80693
80720
80733
80794
80821
80837
80920
80962
80965
81009
81185
81189
81217
81241
81325
81384
81425
81431
81437
81459
81464
81465
81466
81469
81471
81475
81477
81478
81479
81480
81483
81486
81489
81490
81498
81509
81521
81537
81611
81839
81840
81841
81887
81914
81972
81990
82018
82020
82056
82076
82115
82118
82126
82139
82143
82161
82173
82199
82210
82309
82315
82363
82407
82411
82431
82452
82465
82466
82505
82507
82628
82653
82654
82655
82657
82680
82707
82743
82791
82802
82828
82871
82873
82972
82986
82990
82995
82996
82999
83000
83014
83035
83086
83096
83101
83121
83123
83155
83172
83188
83190
83193
83223
83282
83283
83285
83292
83310
83311
83315
83323
83329
83356
83363
83404
83409
83411
83413
83414
83416
83433
83473
83519
83579
83587
83590
83613
83618
83705
83717
83727
83818
83820
83821
83822
83833
83834
83842
83857
83866
83875
83877
83880
83896
83899
83900
83913
83938
83955
83958
83960
83986
84004
84006
84007
84008
84058
84060
84068
84071
84077
84103
84104
84107
84108
84135
84152
84178
84181
84183
84194
84204
84226
84228
84230
84233
84234
84235
84240
84251
84253
84276
84289
84297
84348
84359
84360
84362
84368
84372
84374
84375
84387
84391
84418
84419
84422
84423
84428
84443
84449
84473
84505
84508
84512
84520
84521
84558
84565
84577
84585
84590
84599
84600
84604
84612
84625
84628
84635
84657
84708
84710
84711
84712
84713
84714
84717
84719
84720
84726
84738
84742
84784
84805
84898
84901
84907
84913
84924
84942
84943
84944
84950
84951
84955
84956
84960
84982
84983
84984
84985
84986
84987
84988
84989
84990
84991
84992
84993
84994
84995
84996
84997
84998
84999
85000
85001
85002
85003
85004
85005
85006
85007
85008
85010
85011
85012
85023
85024
85032
85051
85083
85133
85135
85136
85137
85138
85139
85140
85141
85143
85144
85145
85146
85148
85149
85150
85152
85153
85154
85155
85156
85157
85159
85160
85161
85162
85163
85165
85166
85167
85168
85169
85170
85171
85172
85173
85174
85176
85177
85180
85181
85182
85184
85185
85186
85187
85188
85189
85190
85191
85192
85193
85194
85195
85196
85197
85198
85199
85200
85201
85202
85203
85204
85205
85206
85207
85223
85226
85230
85233
85235
85236
85237
85239
85241
85259
85306
85349
85418
85438
85483
85489
85496
85498
85512
85532
85557
85558
85561
85562
85563
85564
85566
85567
85579
85611
85620
85641
85646
85669
85674
85681
85682
85683
85695
85707
85710
85736
85765
85865
85867
85873
85880
85958
85969
85973
85983
86003
86008
86068
86075
86094
86101
86102
86131
86149
86182
86191
86193
86198
86203
86212
86214
86215
86239
86252
86269
86271
86276
86278
86283
86304
86305
86326
86328
86329
86330
86332
86343
86383
86388
86410
86470
86480
86492
86494
86499
86569
86571
86580
86595
86597
86598
86599
86615
86627
86633
86640
86642
86643
86644
86645
86658
86667
86672
86679
86680
86681
86683
86685
86687
86689
86690
86699
86703
86742
86743
86744
86748
86754
86759
86772
86793
86810
86825
86889
86901
86939
86962
86973
86979
87039
87069
87110
87120
87125
87148
87178
87226
87246
87269
87280
87297
87302
87321
87331
87339
87341
87352
87356
87369
87395
87419
87436
87451
87456
87462
87464
87469
87472
87485
87487
87489
87495
87503
87517
87552
87603
87624
87680
87690
87698
87699
87700
87703
87704
87706
87710
87716
87719
87742
87835
87846
87852
87858
87867
87869
87874
87875
87877
87880
87895
87897
87905
87907
87911
87915
87916
87917
88006
88014
88018
88024
88065
88118
88174
88197
88225
88258
88262
88296
88350
88352
88353
88357
88361
88364
88374
88377
88379
88380
88381
88404
88405
88410
88414
88424
88486
88520
88525
88537
88559
88567
88604
88613
88665
88678
88718
88780
88781
88784
88789
88790
88823
88879
88905
88914
88922
88941
88983
89055
89115
89143
89146
89281
89312
89319
89337
89345
89351
89369
89376
89381
89386
89394
89397
89398
89400
89403
89405
89410
89445
89475
89477
89535
89543
89549
89632
89634
89641
89654
89659
89662
89691
89695
89697
89698
89710
89718
89720
89722
89723
89725
89736
89741
89747
89762
89810
89885
89904
89933
89935
89940
89947
89950
89956
89962
89992
89994
89995
90016
90025
90029
90030
90047
90059
90063
90064
90084
90099
90111
90116
90118
90120
90170
90196
90231
90232
90291
90315
90338
90355
90360
90363
90391
90397
90450
90629
90652
90695
90730
90734
90736
90760
90765
90831
90840
90887
90888
90898
90926
90936
90940
90941
90942
90944
90965
90972
90982
90985
90986
91006
91015
91065
91066
91110
91166
91168
91172
91223
91227
91228
91229
91237
91255
91256
91283
91319
91378
91405
91408
91409
91421
91431
91433
91549
91561
91586
91600
91605
91609
91624
91627
91683
91688
91733
91736
91756
91791
91817
91880
91890
91908
91923
91982
92060
92182
92208
92213
92227
92312
92317
92319
92320
92322
92380
92393
92395
92397
92398
92418
92468
92495
92499
92562
92605
92613
92635
92693
92695
92696
92698
92700
92702
92706
92707
92708
92716
92720
92724
92725
92729
92731
92751
92755
92764
92766
92769
92776
92779
92782
92785
92787
92791
92804
92809
92814
92842
92927
92939
92976
92992
93030
93082
93084
93100
93142
93226
93285
93394
93451
93513
93532
93554
93629
93630
93699
93715
93755
93758
93856
93862
93867
93886
93888
93890
93899
93925
93929
93939
93950
93957
93958
93959
94016
94063
94068
94070
94161
94261
94265
94282
94365
94436
94525
94540
94542
94545
94548
94567
94583
94603
94634
94656
94684
94735
94736
94737
94746
94769
94816
94832
94841
94862
94874
94887
94910
94940
95000
95002
95008
95010
95040
95043
95048
95091
95098
95099
95105
95113
95114
95115
95152
95195
95206
95245
95348
95381
95404
95432
95480
95481
95514
95519
95547
95551
95559
95560
95567
95609
95667
95694
95730
95757
95820
95946
95993
96001
96029
96125
96140
96148
96167
96235
96239
96271
96367
96446
96455
96468
96485
96568
96626
96648
96650
96654
96781
96898
96909
96917
96951
96974
96976
96989
97051
97100
97183
97186
97187
97204
97206
97220
97240
97251
97270
97298
97306
97311
97317
97345
97527
97544
97553
97559
97589
97593
97601
97622
97642
97649
97654
97692
97693
97722
97776
97780
97790
97794
97795
97796
97797
97803
97808
97810
97812
97814
97850
97877
97889
97942
97967
97971
97974
97975
97978
97981
97982
97983
97984
97985
97986
98012
98019
98027
98039
98081
98084
98090
98106
98116
98119
98122
98126
98128
98142
98154
98156
98164
98175
98197
98208
98209
98213
98216
98219
98226
98230
98234
98308
98335
98360
98368
98568
98599
98640
98851
98862
98887
98903
98906
98948
99008
99062
99092
99099
99104
99106
99110
99117
99192
99194
99241
99261
99263
99306
99328
99341
99424
99438
99442
99449
99478
99530
99537
99545
99642
99658
99725
99749
99831
99859
99885
99942
100009
100024
100034
100051
100082
100089
100100
100122
100183
100190
100191
100192
100241
100270
100272
100274
100275
100314
100329
100432
100439
100457
100459
100463
100467
100468
100472
100474
100480
100482
100493
100516
100541
100557
100592
100594
100657
100661
100662
100669
100671
100702
100770
100782
100788
100819
100960
101013
101054
101060
101152
101176
101179
101189
101320
101361
101419
101422
101429
101457
101501
101519
101588
101592
101604
101611
101626
101669
101720
101724
101725
101730
101733
101745
101748
101784
101791
101797
101806
101820
101835
101898
101952
101953
101962
101981
101987
102013
102042
102060
102111
102116
102121
102122
102159
102256
102283
102308
102309
102312
102313
102316
102318
102390
102420
102436
102442
102443
102463
102468
102510
102547
102693
102713
102717
102758
102762
102765
102794
102796
102877
102903
103071
103217
103254
103258
103424
103433
103437
103512
103514
103578
103600
103607
103620
103676
103683
103708
103958
103966
103971
103974
103984
104053
104063
104108
104112
104116
104150
104182
104184
104205
104217
104233
104262
104264
104272
104275
104304
104308
104311
104313
104317
104325
104327
104337
104360
104366
104369
104370
104377
104385
104391
104392
104404
104405
104411
104414
104421
104422
104424
104425
104426
104498
104524
104528
104532
104534
104548
104583
104595
104597
104599
104621
104623
104633
104639
104644
104675
104680
104683
104684
104685
104687
104688
104709
104713
104729
104755
104760
104765
104767
104772
104811
104812
104846
104851
104876
104887
104891
104894
104902
104906
104909
104915
104921
104925
104927
104937
104940
104944
104947
104952
104953
104969
104970
104973
104980
105002
105003
105004
105009
105010
105012
105014
105022
105070
105079
105083
105085
105087
105093
105098
105099
105101
105109
105110
105111
105113
105114
105148
105150
105151
105156
105166
105184
105232
105237
105258
105293
105397
105398
105408
105424
105428
105429
105432
105531
105543
105546
105588
105621
105623
105659
105663
105701
105712
105746
105751
105753
105754
105755
105772
105805
105814
105825
105826
105827
105834
105840
105846
105854
105855
105877
105896
105902
105904
105907
105913
105915
105917
105924
105927
105949
105968
105977
105989
106015
106026
106028
106046
106048
106137
106138
106141
106148
106238
106269
106271
106280
106296
106394
106395
106402
106427
106448
106452
106463
106465
106468
106470
106473
106505
106508
106511
106516
106517
106520
106524
106534
106540
106556
106559
106564
106568
106569
106614
106621
106634
106648
106652
106654
106656
106661
106664
106679
106682
106697
106703
106708
106713
106714
106717
106718
106720
106752
106760
106774
106836
106845
106855
106876
106899
106904
106933
106943
106948
106962
106972
106990
107016
107020
107058
107068
107121
107122
107227
107270
107275
107315
107329
107331
107334
107336
107341
107342
107343
107364
107374
107376
107387
107392
107402
107403
107413
107423
107425
107429
107430
107438
107480
107491
107596
107632
107738
107781
107782
107807
107872
107905
107918
107937
107976
107980
107983
107991
108002
108065
108066
108067
108072
108077
108079
108090
108092
108093
108096
108101
108106
108130
108132
108147
108181
108226
108268
108364
108382
108423
108428
108430
108431
108435
108449
108463
108480
108482
108537
108541
108545
108552
108561
108563
108576
108580
108603
108613
108647
108648
108704
108737
108739
108743
108764
108774
108780
108788
108790
108792
108798
108808
108811
108814
108815
108836
108839
108859
108864
108871
108872
108873
108877
108878
108885
108888
108890
108909
108933
108993
109074
109083
109086
109089
109097
109100
109102
109105
109109
109118
109120
109122
109133
109157
109159
109174
109213
109218
109238
109240
109254
109320
109377
109399
109425
109428
109442
109463
109466
109473
109477
109506
109554
109563
109565
109703
109707
109742
109763
109841
109967
110004
110092
110129
110138
110152
110163
110175
110270
110285
110327
110329
110336
110345
110372
110404
110412
110438
110523
110530
110545
110588
110608
110650
110760
110768
110772
110790
110849
110911
110974
110976
110980
110982
110989
110991
110994
111015
111066
111074
111256
111258
111306
111405
111440
111461
111476
111490
111590
111735
111749
111753
111816
111835
111847
111877
111878
111901
111934
112092
112106
112150
112170
112219
112238
112257
112287
112355
112371
112417
112427
112447
112454
112460
112481
112516
112525
112529
112594
112661
112666
112687
112703
112712
112772
112812
112941
112969
112975
113128
113130
113131
113132
113146
113159
113241
113323
113337
113340
113344
113382
113398
113409
113417
113428
113446
113451
113458
113488
113525
113562
113597
113602
113607
113614
113621
113623
113625
113627
113632
113645
113649
113658
113674
113678
113681
113726
113739
113751
113814
113821
113905
113909
113910
113917
113957
113984
113991
114003
114007
114010
114013
114038
114047
114126
114131
114133
114153
114162
114164
114169
114176
114178
114183
114187
114196
114209
114223
114247
114256
114319
114320
114349
114394
114440
114540
114542
114560
114584
114604
114606
114619
114635
114684
114688
114730
114740
114789
114835
114847
114880
114958
114968
115018
115084
115123
115128
115131
115147
115167
115201
115210
115216
115226
115227
115229
115241
115258
115282
115285
115374
115422
115423
115445
115447
115448
115451
115609
115666
115738
115755
115816
115845
115905
115908
115909
115923
115960
116118
116177
116194
116212
116216
116218
116233
116248
116299
116319
116322
116325
116327
116337
116387
116389
116407
116410
116445
116463
116475
116494
116514
116532
116581
116583
116597
116602
116603
116605
116607
116610
116611
116615
116630
116632
116634
116636
116641
116712
116732
116811
116829
116875
116946
116979
116983
116996
116997
117017
117019
117023
117026
117028
117055
117056
117078
117120
117144
117197
117216
117258
117300
117324
117326
117328
117350
117366
117372
117414
117429
117441
117546
117560
117561
117630
117813
117856
117904
117905
117942
117961
117974
117978
118007
118043
118227
118305
118315
118332
118370
118373
118402
118424
118427
118449
118485
118502
118520
118570
118612
118621
118622
118625
118626
118856
118866
118868
118874
118957
118988
119010
119142
119158
119159
119168
119169
119170
119175
119198
119201
119207
119212
119255
119267
119278
119308
119337
119353
119363
119419
119471
119478
119517
119545
119550
119558
119577
119586
119589
119592
119595
119640
119655
119677
119698
119723
119786
119865
119884
119885
119947
120045
120186
120189
120194
120199
120211
120225
120226
120240
120253
120303
120325
120330
120478
120485
120498
120499
120582
120632
120698
120749
120764
120771
120772
120846
120852
120881
120884
121017
121022
121071
121143
121157
121175
121248
121291
121377
121390
121399
121401
121498
121515
121518
121519
121560
121567
121572
121573
121587
121597
121606
121620
121691
121752
121888
121937
121997
122027
122052
122206
122211
122245
122267
122317
122326
122329
122369
122372
122382
122408
122466
122539
122544
122582
122677
122691
122742
122804
122895
122926
122982
123044
123075
123103
123105
123107
123109
123180
123244
123297
123313
123324
123331
123344
123346
123351
123353
123356
123359
123362
123389
123404
123411
123501
123602
123613
123728
123793
123814
123815
123839
123858
123957
123969
123994
124040
124045
124046
124049
124054
124105
124114
124118
124124
124135
124230
124260
124310
124322
124393
124408
124413
124423
124428
124470
124536
124553
124556
124597
124635
124637
124656
124668
124701
124733
124739
124870
124873
125040
125129
125137
125138
125143
125149
125162
125165
125174
125268
125270
125294
125331
125442
125490
125509
125540
125558
125647
125651
125659
125686
125751
125752
125764
125773
125787
125944
125987
126006
126008
126022
126075
126107
126170
126172
126277
126278
126280
126323
126397
126404
126451
126463
126478
126487
126491
126503
126512
126568
126594
126597
126684
126689
126693
126743
126754
126757
126793
126795
126809
126816
126825
126889
126927
126938
126949
126955
126962
126973
127049
127126
127144
127183
127188
127204
127205
127207
127209
127231
127247
127256
127284
127358
127401
127421
127424
127441
127443
127498
127548
127593
127594
127606
127626
127628
127642
127645
127648
127651
127675
127683
127739
127742
127752
127768
127782
127791
127832
127843
127884
127946
127953
128115
128145
128152
128167
128174
128188
128191
128264
128276
128288
128311
128387
128400
128402
128416
128452
128484
128519
128546
128558
128584
128598
128643
128655
128748
128759
128762
128791
128800
128820
128827
128838
128841
128862
128866
128896
128917
128971
128988
129074
129096
129102
129123
129195
129213
129218
129278
129295
129298
129385
129393
129403
129418
129474
129481
129524
129547
129663
129668
129743
129761
129798
129828
129858
129878
129976
130018
130046
130068
130165
130366
130421
130523
130532
130626
130701
130802
130864
130926
130938
130942
130972
131083
131115
131123
131144
131212
131225
131343
131358
131434
131575
131578
131582
131673
131674
131689
131815
131847
131871
131881
131885
131887
131892
131899
131914
131916
131938
131943
131951
131967
131974
131995
132019
132030
132035
132064
132137
132163
132169
132232
132240
132247
132250
132269
132295
132321
132346
132361
132369
132371
132447
132587
132626
132705
132729
132802
132815
132818
132843
132894
132916
132935
132957
133121
133137
133143
133167
133172
133196
133197
133248
133293
133319
133339
133360
133369
133463
133473
133523
133530
133531
133535
133666
133667
133714
133718
133805
133831
133838
133907
133918
133953
133959
133980
133985
133989
133998
134136
134172
134174
134182
134245
134359
134366
134394
134404
134503
134521
134570
134572
134597
134607
134617
134627
134628
134640
134656
134756
134760
134800
134812
134885
135060
135064
135132
135141
135150
135195
135197
135208
135210
135240
135251
135252
135288
135309
135321
135354
135368
135369
135402
135414
135422
135424
135446
135451
135454
135461
135475
135480
135482
135559
135561
135570
135579
135589
135605
135656
135670
135760
135806
135810
135812
135835
135848
135893
135940
135945
135973
136006
136013
136018
136069
136074
136146
136212
136268
136269
136309
136325
136328
136467
136468
136549
136585
136593
136601
136611
136641
136681
136695
136705
136720
136801
136805
136837
136849
136852
136881
136894
136946
136980
137051
137062
137069
137103
137145
137207
137295
137355
137528
137533
137540
137550
137562
137578
137618
137625
137634
137640
137663
137688
137707
137746
137749
137756
137847
137854
137900
137902
137904
137916
137939
137955
137992
138012
138017
138068
138097
138223
138269
138345
138355
138372
138385
138448
138469
138472
138496
138521
138528
138544
138567
138577
138630
138718
138726
138765
138792
138843
138858
138860
138875
138900
138901
138941
138943
138944
138956
138959
138967
138987
138988
138997
138998
138999
139004
139008
139038
139103
139132
139198
139244
139293
139297
139349
139357
139359
139372
139387
139396
139404
139431
139455
139484
139543
139611
139650
139659
139668
139715
139721
139747
139748
139753
139761
139804
139858
139879
139933
139937
139993
140025
140056
140129
140149
140165
140166
140172
140174
140218
140343
140359
140378
140394
140403
140425
140441
140482
140491
140499
140506
140508
140510
140512
140513
140516
140541
140652
140656
140659
140680
140689
140694
140750
140770
140781
140786
140820
140821
140835
140839
140851
140881
140941
140965
141046
141063
141124
141127
141128
141210
141222
141333
141335
141337
141365
141388
141390
141442
141524
141555
141590
141611
141642
141644
141733
141735
141754
141758
141864
141883
141890
141899
142030
142050
142054
142059
142116
142305
142346
142356
142410
142525
142537
142562
142591
142593
142662
142665
142708
142709
142711
142758
142802
142931
143021
143083
143095
143109
143136
143139
143142
143146
143147
143192
143217
143222
143226
143281
143358
143369
143377
143451
143452
143455
143458
143506
143508
143519
143525
143536
143547
143599
143627
143669
143674
143680
143777
143780
143864
143865
143877
143889
143928
143967
144070
144086
144108
144113
144147
144171
144204
144206
144351
144394
144399
144402
144542
144630
144637
144662
144696
144706
144716
144739
144822
144825
144837
144838
144839
144863
144868
144909
144926
144927
145069
145099
145103
145135
145169
145198
145210
145444
145451
145508
145525
145587
145623
145645
145650
145668
145821
145850
145862
145951
145998
146012
146028
146038
146138
146163
146165
146168
146170
146195
146203
146229
146243
146287
146296
146301
146307
146312
146313
146334
146365
146368
146380
146533
146537
146705
146728
146800
146852
146873
147059
147061
147084
147087
147133
147136
147151
147230
147232
147237
147272
147278
147310
147458
147619
147641
147758
147807
147812
147851
147879
147888
147889
147890
147925
147941
147965
147991
148003
148005
148112
148148
148153
148322
148636
148644
148773
148801
148850
148882
148972
148977
148991
148993
148999
149113
149148
149167
149233
149234
149438
149592
149613
149630
149744
149777
149804
149806
149843
149897
150014
150060
150164
150196
150201
150202
150211
150340
150373
150531
150588
150765
150782
150786
150794
150928
151020
151022
151062
151171
151188
151193
151382
151725
151747
151782
151933
152022
152025
152031
152041
152103
152130
152227
152357
152373
152434
152578
152586
152592
152640
152810
152903
152907
152908
153054
153060
153072
153102
153170
153186
153188
153246
153270
153274
153281
153295
153298
153383
153419
153420
153490
153509
153529
153618
153730
153738
153740
153741
153750
153755
153820
153853
154206
154210
154239
154300
154303
154390
154445
154524
154529
154566
154603
154621
154895
154925
155084
155182
155230
155288
155319
155341
155372
155529
155537
155554
155577
155649
155666
155676
155706
155708
155834
155884
155893
155964
155967
156019
156045
156067
156068
156094
156150
156191
156192
156252
156307
156310
156329
156344
156365
156385
156420
156518
156542
156550
156597
156623
156690
156704
156969
156981
157004
157036
157085
157115
157125
157161
157164
157185
157268
157272
157276
157418
157421
157422
157424
157433
157544
157547
157581
157599
157619
157707
157709
157761
157767
157858
157910
157922
157958
158015
158043
158066
158087
158100
158129
158220
158246
158337
158354
158368
158481
158519
158752
158868
158873
158962
159031
159069
159092
159109
159117
159128
159211
159324
159368
159390
159393
159422
159515
159638
159650
159698
159773
159803
159826
160004
160070
160128
160198
160200
160201
160202
160203
160204
160266
160305
160352
160386
160405
160410
160547
160560
160580
160697
160703
160719
160745
160750
160794
160816
160865
160882
160897
160910
160998
161119
161128
161154
161216
161324
161326
161366
161367
161368
161374
161426
161430
161499
161672
161692
161761
161782
161864
161885
161886
162010
162043
162046
162115
162247
162326
162336
162580
162678
162708
162804
162941
163008
163060
163066
163189
163208
163279
163413
163447
163454
163510
163514
163541
163543
163545
163554
163589
163607
163617
163622
163971
164052
164337
164377
164420
164423
164495
164628
164661
164687
164708
164859
164993
165078
165279
165282
165541
165567
165675
165864
166060
166080
166092
166158
166161
166179
166201
166206
166214
166271
166315
166343
166598
166614
166631
166632
166706
166715
166736
166738
166752
166757
166772
166816
166820
166902
166904
166916
166921
166927
166928
166929
166931
166937
166938
166941
166942
166945
166946
166950
166952
166981
167025
167032
167036
167078
167079
167119
167123
167163
167198
167210
167282
167401
167522
167554
167556
167575
167576
167665
167673
167733
167828
167956
167960
167972
167979
168098
168131
168145
168248
168253
168325
168368
168382
168405
168476
168502
168633
168705
168802
168808
168809
168854
168859
168883
168885
168891
168901
169030
169150
169163
169250
169314
169360
169366
169406
169453
169479
169494
169507
169534
169615
169634
169635
169636
169644
169836
169845
169848
169865
169918
170075
170199
170251
170259
170261
170332
170430
170647
170748
170792
170798
170885
171045
171112
171204
171277
171280
171282
171285
171287
171292
171307
171308
171367
171390
171424
171499
171502
171540
171603
171703
171704
171799
171823
171930
171993
171998
172002
172006
172037
172115
172128
172133
172155
172159
172342
172347
172349
172372
172457
172486
172513
172608
172620
172654
172669
172698
172711
172726
172729
172735
172738
172744
172773
172780
172794
172798
172800
172806
172807
172808
172828
172928
172947
172968
172969
173018
173027
173041
173044
173047
173080
173095
173105
173106
173109
173110
173113
173116
173121
173122
173123
173124
173134
173285
173305
173321
173324
173326
173345
173353
173356
173365
173413
173454
173457
173672
173744
173761
173795
173802
173863
173897
173905
174045
174080
174188
174288
174521
174611
174618
174650
174671
174678
174682
174745
174754
174790
174823
174825
174838
175138
175168
175180
175297
175385
175525
175696
175940
175944
175945
176018
176104
176223
176272
176441
176497
176524
176570
176762
176830
176915
176990
177055
177096
177099
177100
177110
177116
177121
177146
177221
177232
177552
177583
177838
177839
177901
178037
178121
178122
178135
178146
178148
178158
178239
178272
178408
178439
178465
178476
178508
178636
178674
178687
178725
178751
178851
178858
178875
178900
179070
179111
179123
179130
179142
179143
179159
179242
179248
179254
179255
179269
179344
179351
179355
179358
179363
179380
179391
179473
179494
179496
179503
179538
179548
179672
179765
179880
179995
180000
180017
180168
180205
180229
180267
180268
180276
180305
180323
180631
180850
180886
180911
181056
181095
181111
181160
181175
181282
181287
181320
181390
181425
181586
181587
181601
181628
181656
181726
181738
181747
181749
181764
181828
181870
181902
181921
181965
182117
182140
182166
182227
182237
182307
182309
182430
182499
182510
182751
182769
182779
182829
182920
182921
183107
183149
183216
183327
183347
183360
183363
183412
183597
183661
183760
183770
183806
183841
183872
184150
184165
184219
184345
184346
184590
184710
184712
184804
184852
184885
184940
184998
185090
185162
185267
185279
185331
185341
185377
185406
185460
185474
185495
185502
185512
185688
185697
185705
185755
185859
186031
186296
186302
186324
186346
186349
186351
186356
186359
186366
186391
186412
186458
186574
186600
186602
186723
186743
186747
186869
186889
186903
186920
186936
186959
186979
187010
187100
187106
187115
187276
187288
187291
187337
187380
187525
187546
187591
187683
187689
187782
187801
187851
187993
188032
188045
188074
188109
188220
188304
188489
188541
188628
188633
188642
188667
188719
188758
188828
188837
188884
188885
189032
189079
189098
189274
189299
189307
189322
189353
189387
189409
189445
189547
189711
189755
189932
190062
190066
190068
190089
190126
190179
190190
190221
190225
190234
190241
190246
190248
190250
190252
190392
190423
190544
190638
190829
190847
190869
190899
191086
191298
191312
191378
191386
191393
191429
191431
191447
191562
191568
191619
191623
191631
191644
191740
191806
191850
192023
192089
192125
192153
192186
192204
192252
192367
192415
192441
192483
192573
192736
192737
192808
192813
192857
192881
192982
192987
193040
193079
193084
193122
193166
193286
193299
193335
193461
193474
193476
193579
193580
193582
193596
193598
193603
193611
193612
193714
193726
194031
194120
194121
194150
194156
194166
194209
194215
194218
194290
194393
194421
194486
194490
194625
194643
194645
194659
194759
194804
194809
194992
195022
195053
195152
195165
195191
195328
195389
195463
195471
195539
195606
195761
195781
195796
195807
195845
196035
196139
196252
196326
196328
196425
196426
196428
196429
196506
196670
196798
196830
196897
196916
197010
197011
197167
197201
197245
197255
197336
197389
197497
197499
197537
197649
197817
197854
197858
197919
198002
198075
198085
198181
198194
198207
198210
198225
198292
198456
198489
198516
198572
198690
198757
198762
198983
198992
199017
199034
199036
199052
199107
199114
199163
199166
199330
199347
199534
199578
199583
199674
199690
199736
199766
199771
199774
199788
199840
199913
199925
199939
200036
200044
200047
200057
200098
200130
200170
200172
200211
200213
200272
200377
200402
200412
200443
200462
200464
200525
200535
200639
200665
200671
200672
200709
200719
200738
200745
200782
200802
200803
200819
200848
200872
200953
200987
201022
201024
201085
201110
201171
201178
201181
201199
201223
201252
201290
201297
201325
201343
201377
201380
201426
201430
201604
201642
201712
201728
201838
201839
201870
201926
201989
202083
202113
202171
202244
202357
202483
202508
202584
202604
202626
202628
202724
202784
202865
203008
203009
203012
203013
203021
203022
203023
203025
203039
203101
203116
203151
203155
203186
203266
203425
203525
203556
203618
203834
203835
203847
203890
203912
203963
203970
203976
204115
204242
204260
204315
204348
204349
204391
204473
204550
204567
204577
204607
204609
204611
204612
204620
204627
204727
204730
204734
204772
204806
204839
204904
204932
204973
205091
205098
205100
205104
205210
205223
205254
205321
205383
205686
205769
205795
205818
205891
205902
205903
205943
206010
206139
206153
206157
206183
206201
206203
206309
206370
206574
206630
206710
206721
206794
206860
206877
206881
206970
207260
207263
207270
207271
207273
207291
207345
207356
207434
207475
207680
207686
207729
207733
207763
207768
207769
207770
207773
207774
207780
207782
207933
208160
208172
208182
208225
208259
208284
208448
208492
208505
208562
208579
208609
208617
208621
208657
208693
208697
208703
208704
208705
208759
208763
208916
208917
208931
208934
209103
209182
209283
209434
209443
209495
209518
209582
209611
209780
209860
209861
209901
209956
209959
209966
210079
210093
210179
210194
210238
210298
210454
210556
210567
210587
210599
210634
210653
210734
210739
210791
210803
210842
210887
210908
210910
210911
210913
210947
211045
211065
211067
211071
211105
211156
211159
211222
211258
211266
211286
211301
211318
211400
211421
211505
211512
211557
211560
211587
211603
211618
211645
211676
211678
211680
211681
211682
211684
211686
211687
211688
211729
211774
211796
211862
211865
211914
211982
211995
211998
211999
212003
212005
212007
212014
212016
212043
212054
212178
212195
212237
212286
212391
212494
212511
212599
212629
212693
212814
212839
212908
212930
212960
212973
213041
213120
213133
213153
213154
213207
213208
213212
213213
213215
213218
213224
213251
213278
213281
213324
213333
213358
213396
213407
213431
213466
213476
213499
213503
213611
213646
213706
213711
213760
213765
213766
213770
213775
213780
213783
213785
213788
213792
213799
213803
213805
213806
213809
213810
213811
213903
213945
213967
214024
214056
214106
214126
214163
214175
214198
214209
214256
214328
214464
214469
214493
214552
214597
214629
214632
214641
214680
214700
214714
214754
214851
214979
214990
215221
215243
215250
215251
215280
215332
215355
215490
215501
215551
215620
215672
215722
215731
215772
215773
215830
215836
215861
215890
215957
215965
215976
216016
216031
216043
216098
216134
216139
216141
216142
216175
216176
216178
216183
216186
216187
216189
216192
216194
216196
216200
216203
216374
216391
216424
216539
216546
216557
216580
216672
216683
216879
217004
217085
217092
217102
217105
217130
217195
217198
217311
217345
217596
217665
217751
217755
217787
217789
217810
217849
217903
217930
217982
218018
218032
218085
218112
218266
218314
218454
218485
218499
218514
218638
218667
218697
218720
218738
218776
218784
218809
218856
218868
219001
219004
219008
219044
219047
219060
219063
219180
219247
219252
219253
219267
219335
219386
219431
219437
219508
219606
219628
219668
219808
219816
219878
219895
219932
219961
220084
220139
220287
220386
220447
220468
220471
220475
220476
220490
220506
220512
220514
220618
220638
220648
220655
220677
220680
220682
220720
220778
220796
220854
220885
221002
221007
221161
221245
221351
221357
221425
221434
221437
221444
221506
221562
221637
221661
221737
221767
221782
221817
221824
221839
221843
221865
221972
222008
222025
222171
222240
222264
222283
222299
222316
222333
222357
222415
222438
222461
222465
222641
222832
222851
222858
222861
222879
222882
222900
222911
222932
222969
223004
223050
223055
223061
223075
223084
223085
223093
223097
223099
223106
223139
223140
223144
223178
223259
223263
223269
223281
223286
223296
223319
223324
223344
223376
223461
223625
223698
223732
223753
223754
223780
223968
223974
224007
224014
224067
224069
224073
224075
224078
224120
224223
224243
224244
224301
224324
224328
224350
224473
224509
224511
224566
224614
224615
224626
224630
224645
224647
224650
224652
224677
224680
224681
224686
224687
224688
224690
224756
224758
224772
224778
224815
224896
224908
224944
224950
224951
224957
224997
225029
225035
225048
225065
225082
225266
225278
225279
225285
225287
225294
225298
225301
225429
225437
225438
225449
225454
225456
225459
225524
225549
225608
225671
225715
225724
225800
225866
225867
225898
225979
226018
226023
226140
226179
226257
226269
226417
226438
226458
226570
226614
226630
226640
226783
226850
226884
226897
226948
226988
226990
226992
226994
227002
227008
227070
227071
227094
227116
227172
227213
227225
227227
227234
227267
227281
227285
227348
227369
227531
227553
227555
227565
227569
227571
227574
227575
227601
227603
227608
227611
227619
227623
227625
227662
227670
227739
227759
227795
227798
227835
227841
227852
227854
227856
227857
227858
227864
227866
227867
227871
227877
227883
227903
227907
227914
227992
228316
228358
228369
228434
228472
228496
228504
228550
228562
228676
228678
228724
228880
228915
228973
229078
229108
229138
229154
229182
229333
229335
229341
229375
229526
229761
229790
229801
229828
229839
229850
229852
229856
229894
229934
230070
230077
230082
230168
230263
230264
230298
230300
230333
230453
230461
230479
230559
230564
230619
230643
230688
230907
230977
230997
231001
231003
231082
231188
231384
231502
231509
231516
231783
231809
231994
232194
232219
232232
232319
232331
232406
232408
232731
232777
232789
232799
232802
232804
232810
232888
232893
232995
233077
233191
233194
233208
233226
233292
233383
233734
233738
233833
233881
233885
233934
234124
234151
234212
234652
234709
234993
235046
235339
235385
235493
235537
235692
235733
235746
235798
236149
236336
236375
236423
236605
236816
236893
237293
237690
237714
237862
238091
238341
238358
238384
238519
238544
238596
238636
238695
238854
238957
239019
239076
239255
239288
239352
239380
239414
239602
239628
239722
239728
239742
239815
239840
239973
240194
240222
240260
240490
240507
240611
240665
240675
240896
241047
241257
241258
241308
241310
241438
241723
241764
241833
241843
241855
241927
241958
242033
242171
242224
242245
242358
242376
242487
242512
242606
243520
243688
243697
243704
243714
243901
243940
244033
244158
244301
244305
244316
244412
244446
244453
244458
244566
244610
244638
244741
244765
244766
244805
244852
245087
245107
245142
245224
245367
245589
245627
245716
245957
245961
246023
246060
246162
246206
246218
246223
246228
246229
246233
246236
246337
246355
246390
246403
246448
246463
246485
246548
246559
246585
246688
246727
246741
246821
246822
246889
246917
247111
247113
247280
247636
247670
247747
247873
248007
248039
248045
248061
248063
248099
248426
248481
248557
248561
248576
248595
248633
248641
248661
248670
248714
248736
248781
249044
249087
249195
249220
249260
249295
249372
249391
249442
249446
249478
249602
249672
249849
249921
249975
250072
250084
250100
250184
250325
250352
250362
250414
250417
250420
250425
250505
250546
250557
250574
250577
250788
250792
250869
250879
251124
251136
251168
251183
251211
251213
251309
251365
251368
251370
251371
251384
251407
251412
251439
251499
251526
251559
251719
251721
251733
251860
252122
252130
252151
252171
252189
252190
252208
252273
252296
252297
252320
252374
252409
252422
252429
252455
252492
252496
252529
252567
252574
252612
252640
252715
252792
252797
252857
252880
252905
252932
253010
253057
253098
253103
253108
253148
253205
253237
253275
253288
253303
253306
253365
253402
253410
253453
253477
253520
253650
253712
253794
253829
253866
253905
253999
254009
254010
254126
254174
254188
254191
254193
254194
254426
254469
254472
254474
254544
254555
254634
254643
254701
254732
254803
255073
255197
255261
255291
255292
255293
255295
255298
255299
255305
255328
255337
255389
255450
255512
255537
255561
255633
255645
255674
255680
255711
255754
255755
255798
255911
255916
255921
255928
256012
256030
256080
256227
256239
256274
256452
256511
256544
256552
256669
256676
256742
256771
256795
256830
256951
257047
257054
257087
257093
257117
257144
257206
257207
257275
257323
257345
257373
257391
257430
257444
257445
257450
257629
257646
257796
257834
257861
257874
257976
257987
258006
258086
258097
258115
258157
258193
258255
258339
258453
258726
258851
258855
259072
259074
259197
259246
259303
259391
259392
259543
259544
259633
259651
259668
259672
259675
259693
259712
259729
259828
259829
259839
259847
259888
260104
260163
260435
260536
260602
260739
260776
260795
260809
260814
260824
260958
260975
261071
261084
261090
261179
261264
261273
261335
261357
261595
261596
261597
261624
261727
261746
261928
261943
262079
262084
262087
262088
262165
262169
262264
262267
262284
262305
262320
262324
262423
262522
262609
262621
262693
262702
262751
262799
262832
262837
262839
262840
262848
262871
262872
262919
262972
262986
263002
263009
263103
263114
263124
263198
263265
263309
263393
263416
263472
263554
263597
263905
263911
263986
264172
264184
264227
264246
264248
264249
264251
264252
264253
264344
264470
264480
264485
264532
264568
264598
264642
264691
264738
264743
264798
264833
264880
264881
264983
264996
265010
265016
265018
265019
265067
265085
265252
265285
265321
265449
265463
265465
265470
265472
265484
265499
265700
265866
265905
266360
266644
266725
266825
266882
267013
267025
267282
267414
267441
267491
267526
267570
267574
267587
267743
267794
267806
267852
267853
267909
267913
267927
268053
268091
268101
268102
268150
268175
268186
268229
268409
268421
268508
268575
268595
268716
268725
268740
268758
268777
268892
268940
268945
268948
268993
269012
269248
269255
269279
269586
269602
269676
269825
269861
269870
269947
270057
270064
270085
270169
270221
270287
270297
270299
270303
270404
270411
270439
270442
270557
270561
270594
270595
270630
270643
270771
270802
270837
270851
270880
270884
271041
271050
271075
271203
271315
271336
271382
271392
271393
271404
271481
271488
271492
271499
271528
271533
271651
271665
271744
271798
271813
272098
272101
272263
272296
272313
272328
272350
272423
272468
272469
272484
272692
272699
272713
272796
272810
272813
272911
272928
272997
273135
273174
273187
273190
273271
273375
273418
273422
273425
273477
273508
273509
273511
273525
273544
273560
273565
273651
273675
273725
273763
273773
273786
273789
273792
273804
273805
273807
273855
273856
273873
273879
273923
273946
273947
274001
274025
274036
274078
274081
274082
274107
274172
274186
274214
274218
274243
274272
274290
274339
274359
274477
274513
274626
274634
274636
274877
274897
274899
274930
275088
275203
275209
275210
275328
275420
275472
275479
275614
275637
275678
275804
275805
275813
275869
275897
275950
275985
276007
276012
276036
276086
276150
276208
276210
276287
276292
276328
276346
276357
276366
276483
276488
276491
276505
276509
276522
276523
276535
276691
276692
276697
276698
276739
276746
276748
276857
276877
276911
276916
276922
276926
276930
276956
277046
277054
277093
277113
277133
277179
277189
277232
277251
277361
277367
277377
277433
277439
277461
277500
277506
277540
277552
277579
277599
277610
277685
277687
277688
277754
277965
278102
278267
278305
278311
278316
278332
278336
278388
278478
278513
278632
278653
278665
278670
278682
278686
278706
278771
278806
278834
278910
278934
278954
278961
278984
278995
279087
279153
279181
279256
279405
279428
279493
279504
279516
279525
279547
279548
279551
279588
279661
279673
279690
279696
279732
279752
279755
279764
279785
279812
279817
279859
279905
279932
279948
279965
279966
279967
279968
279970
279972
279975
279977
279994
279997
279998
280000
280002
280005
280092
280127
280171
280241
280381
280402
280434
280552
280573
280585
280731
280774
280860
280892
280923
281054
281111
281114
281160
281168
281177
281186
281189
281229
281289
281309
281348
281358
281549
281557
281621
281631
281653
281668
281698
281707
281720
281770
281869
281888
281897
281905
281932
281973
281979
282035
282172
282191
282329
282336
282338
282399
282440
282448
282484
282534
282616
282670
282747
282787
282812
282813
282901
282960
283087
283112
283150
283169
283217
283225
283256
283262
283323
283327
283328
283431
283445
283613
283627
283686
283746
283749
283783
283834
283835
283885
284018
284110
284125
284248
284249
284262
284308
284319
284564
284584
284711
284754
285215
285225
285251
285304
285471
285524
285549
285598
285838
285840
285872
285957
286003
286025
286223
286234
286297
286347
286365
286367
286371
286372
286452
286486
286657
286805
286865
286890
286929
286939
286971
287021
287084
287240
287318
287424
287446
287456
287500
287523
287524
287525
287526
287527
287528
287601
287692
287715
287784
287793
287798
287879
287903
287937
287982
288049
288123
288137
288154
288158
288234
288238
288250
288297
288335
288424
288445
288500
288505
288514
288516
288588
288671
288684
288687
288859
289021
289097
289190
289239
289271
289283
289416
289442
289476
289536
289548
289559
289668
289698
289702
289708
289712
289740
289750
289923
290079
290224
290235
290291
290390
290391
290394
290396
290415
290447
290456
290537
290555
290588
290623
290625
290637
290656
290669
290678
290696
290697
290708
290724
290725
290732
290767
290789
290825
290847
290903
290988
290999
291110
291151
291167
291272
291279
291290
291297
291331
291336
291347
291367
291370
291374
291413
291418
291438
291452
291495
291533
291540
291542
291543
291544
291545
291564
291567
291590
291604
291608
291610
291625
291643
291661
291679
291693
291751
291762
291865
291866
291998
292013
292110
292227
292280
292315
292472
292482
292523
292525
292617
292876
292877
292988
292992
293093
293125
293183
293188
293249
293290
293379
293401
293403
293417
293452
293477
293517
293536
293540
293553
293572
293585
293625
293771
293781
293791
293828
293830
293852
293862
293894
293901
293970
294047
294083
294131
294134
294147
294160
294203
294238
294258
294263
294274
294289
294300
294308
294310
294334
294346
294371
294488
294515
294548
294562
294566
294584
294616
294629
294705
294753
294776
294798
294805
294816
294833
294840
294910
294963
294976
294979
295011
295071
295138
295154
295155
295168
295180
295181
295202
295207
295254
295278
295294
295307
295331
295338
295339
295353
295387
295388
295413
295430
295433
295441
295576
295711
295723
295774
295789
295900
295933
295987
296065
296121
296130
296172
296174
296216
296241
296244
296271
296273
296356
296371
296438
296496
296500
296503
296557
296571
296573
296626
296647
296695
296712
296796
296803
296855
296878
297015
297059
297077
297091
297120
297147
297160
297173
297241
297242
297244
297269
297297
297422
297431
297455
297461
297465
297472
297480
297534
297548
297580
297588
297600
297608
297631
297632
297680
297727
297792
297811
297878
297881
298009
298026
298028
298032
298036
298042
298091
298093
298096
298156
298165
298166
298169
298171
298174
298177
298180
298183
298186
298193
298228
298250
298294
298296
298301
298302
298312
298347
298357
298380
298389
298465
298472
298484
298485
298538
298547
298577
298584
298589
298609
298653
298723
298830
298833
298835
298865
298966
298967
298968
298977
298979
298983
299025
299077
299079
299080
299081
299093
299154
299245
299359
299413
299423
299427
299438
299468
299496
299504
299526
299540
299548
299551
299589
299599
299730
299737
299858
299939
299965
300019
300049
300096
300143
300144
300156
300236
300321
300355
300393
300467
300469
300581
300591
300613
300662
300665
300668
300669
300683
300767
300804
300902
300903
300972
300986
300994
300996
301010
301014
301074
301080
301122
301199
301233
301249
301286
301303
301325
301343
301356
301365
301382
301417
301431
301566
301606
301655
301711
301728
301804
301846
301866
301920
302019
302020
302038
302045
302184
302256
302428
302477
302490
302506
302512
302584
302586
302644
302675
302689
302790
302801
302904
303005
303129
303177
303204
303267
303303
303327
303458
303678
303696
303702
303706
303745
303898
303965
304021
304104
304147
304480
304613
304706
304752
304897
304916
305028
305037
305058
305154
305159
305175
305511
305523
305580
305615
305655
305805
305862
305883
305966
305967
306000
306045
306109
306185
306285
306307
306517
306520
306622
306628
306630
306634
306639
306642
306643
306645
306648
306649
306655
306701
306747
306748
306803
306932
306947
306964
306966
306967
306969
307023
307047
307112
307123
307156
307265
307274
307544
307719
307728
307739
308017
308115
308123
308125
308128
308130
308133
308135
308152
308194
308259
308269
308348
308421
308441
308467
308539
308642
308724
308787
308866
308867
309000
309013
309047
309062
309063
309073
309079
309083
309193
309290
309297
309378
309397
309439
309554
309589
309732
309772
309779
309780
309782
309793
309811
309879
309885
309889
309919
309921
309955
310018
310043
310131
310135
310137
310331
310451
310535
310591
310592
310707
310725
310807
310843
310917
310933
310945
310947
310996
311010
311017
311085
311156
311178
311327
311460
311539
311699
311876
312082
312174
312199
312275
312302
312394
312395
312396
312448
312475
312640
312649
312692
312791
312793
312823
312827
312831
312859
312900
312980
313036
313330
313533
313542
313710
313922
313954
314065
314071
314193
314257
314266
314291
314364
314379
314420
314421
314422
314762
314814
314915
314958
314977
315006
315007
315024
315039
315094
315126
315247
315250
315306
315355
315379
315400
315404
315449
315529
315531
315832
315838
315899
315929
315978
316005
316010
316036
316106
316113
316154
316157
316233
316246
316268
316345
316408
316419
316438
316637
316724
316727
316744
316780
316814
316823
316825
316951
316961
316979
317030
317038
317041
317156
317232
317250
317406
317657
317793
317981
317985
318000
318154
318288
318381
318535
318582
318611
318666
318709
318788
318931
318947
319178
319188
319202
319203
319206
319213
319297
319302
319309
319311
319318
319323
319324
319326
319327
319365
319396
319459
319595
319641
319700
319812
319847
319988
320048
320065
320078
320169
320175
320176
320180
320294
320366
320380
320392
320412
320413
320442
320444
320507
320508
320764
320781
320844
320846
321039
321066
321099
321258
321275
321348
321377
321455
321473
321478
321665
321668
321683
321685
321702
321713
321738
321740
321768
321813
321910
322050
322058
322061
322149
322151
322163
322170
322211
322246
322266
322339
322410
322433
322493
322502
322505
322518
322658
322682
322712
322858
322922
323079
323262
323270
323271
323358
323366
323369
323370
323371
323443
323465
323478
323485
323508
323528
323564
323610
323625
323630
323665
323689
323694
323707
323710
323792
323840
323851
323964
324015
324234
324246
324393
324430
324453
324560
324787
324803
324813
324822
324930
324986
325123
325129
325157
325186
325262
325302
325454
325460
325594
325598
325607
325609
325610
325612
325614
325615
325617
325620
325628
325717
325744
325806
325827
325906
326049
326051
326069
326078
326086
326097
326126
326135
326194
326217
326247
326277
326280
326415
326420
326441
326446
326536
326546
326549
326550
326551
326662
326663
326724
326834
326845
326847
326992
326999
327021
327025
327028
327095
327096
327165
327173
327253
327315
327363
327367
327368
327369
327370
327389
327445
327538
327565
327568
327651
327674
327732
327738
327750
327894
327911
327930
328014
328091
328118
328141
328216
328225
328240
328382
328524
328525
328526
328572
328640
328763
328784
328870
328910
328928
328936
328939
328963
328975
328985
328989
329010
329025
329029
329104
329105
329107
329110
329115
329122
329205
329237
329288
329289
329399
329409
329412
329440
329486
329549
329556
329703
329707
329711
329807
329838
329841
329877
329977
330000
330117
330169
330173
330215
330223
330224
330259
330266
330291
330489
330530
330537
330656
330747
330900
330938
330944
330972
330980
330990
330993
330994
330997
330998
331018
331020
331036
331151
331164
331212
331307
331326
331335
331352
331392
331432
331446
331677
331692
331706
331740
331802
331827
331839
331901
332038
332160
332233
332278
332279
332280
332285
332290
332294
332295
332296
332312
332410
332464
332488
332541
332567
332624
332662
332689
332690
332704
332751
332765
332920
332940
333130
333156
333357
333371
333416
333418
333420
333422
333472
333489
333674
333680
333742
333780
333812
333817
333862
333866
333911
333960
333981
334003
334026
334027
334028
334033
334038
334088
334098
334141
334174
334245
334319
334454
334536
334707
334717
334720
334742
334748
334749
334751
334753
334787
334839
334894
334895
334948
334986
335003
335033
335034
335185
335223
335393
335409
335448
335512
335633
335646
335650
335656
335696
335732
335736
335753
335791
335796
335851
335866
335900
336010
336081
336107
336112
336167
336192
336237
336238
336241
336254
336265
336271
336288
336294
336295
336405
336453
336455
336497
336503
336560
336598
336654
336824
336833
336850
336871
336908
336921
337021
337029
337073
337085
337100
337184
337218
337220
337245
337259
337288
337300
337342
337355
337380
337387
337445
337527
337530
337543
337558
337568
337692
337805
337857
337879
337889
337928
337989
337998
338020
338053
338067
338172
338393
338394
338514
338520
338537
338598
338642
338647
338676
338677
338713
338730
338752
338947
338967
339002
339059
339087
339170
339191
339225
339342
339345
339373
339443
339530
339547
339588
339644
339715
339798
339871
339992
339994
340001
340018
340032
340033
340102
340103
340165
340172
340185
340187
340193
340197
340204
340213
340249
340431
340452
340462
340601
340625
340639
340646
340776
340820
340837
340849
340855
340865
340876
341006
341035
341051
341057
341084
341114
341181
341191
341218
341341
341460
341467
341606
341607
341650
341654
341671
341725
341734
341833
341841
341856
341858
341886
341957
341963
341987
341989
341995
342100
342127
342380
342391
342486
342492
342676
342681
342687
342693
342730
342732
342757
342818
342896
342927
342933
342991
343004
343041
343097
343101
343112
343173
343243
343284
343336
343416
343459
343468
343471
343474
343476
343478
343489
343490
343493
343495
343509
343511
343550
343658
343660
343662
343664
343674
343750
343753
343773
343801
343803
343872
343885
343886
343907
343930
343964
344001
344054
344088
344142
344147
344161
344270
344342
344434
344490
344519
344526
344528
344534
344559
344593
344680
344688
344760
344796
344854
344885
344895
344898
344901
345035
345069
345091
345149
345154
345175
345252
345287
345408
345468
345513
345692
345781
345871
345875
345883
345884
345911
345913
345921
345931
345940
345950
346043
346093
346123
346170
346297
346364
346477
346560
346567
346603
346633
346651
346652
346671
346672
346825
346826
346925
346939
346960
346964
346977
346982
346986
347064
347070
347097
347127
347167
347196
347199
347392
347423
347425
347501
347548
347593
347642
347751
347752
347754
347755
347757
347760
347762
347763
347764
347816
347832
347847
347848
347849
347850
347851
347852
347854
347855
347919
347944
347973
347994
348049
348125
348156
348157
348165
348168
348172
348173
348175
348176
348179
348191
348195
348236
348260
348264
348298
348306
348317
348360
348366
348493
348494
348520
348523
348539
348540
348572
348587
348754
348784
348903
348929
349046
349057
349104
349110
349111
349114
349135
349165
349410
349849
350052
350073
350083
350362
350616
350718
350751
350837
351043
351049
351064
351066
351067
351075
351187
351201
351211
351319
351364
351460
351739
351743
351744
351796
351803
351868
351918
352082
352101
352105
352108
352166
352168
352172
352174
352355
352372
352386
352458
352497
352594
352650
352707
352806
352816
352818
352850
352881
352942
352960
352988
353058
353082
353090
353093
353097
353227
353334
353345
353382
353383
353407
353416
353419
353487
353495
353599
353654
353656
353686
353800
353934
353935
353948
353950
353954
353979
353999
354021
354032
354039
354079
354108
354120
354125
354135
354136
354137
354139
354216
354220
354251
354254
354263
354325
354326
354328
354334
354401
354479
354485
354506
354534
354623
354642
354651
354668
354669
354722
354794
354888
354891
354924
355193
355264
355272
355309
355324
355487
355499
355502
355506
355511
355536
355579
355598
355673
355713
355743
355824
355854
356089
356149
356424
356444
356482
356483
356486
356555
356640
356677
356690
356760
356787
356877
356891
357007
357054
357096
357106
357170
357235
357522
357611
357817
357903
357964
358319
358323
358392
358550
358602
358611
358648
358719
358724
358770
358802
358982
359020
359029
359053
359056
359062
359065
359083
359097
359110
359186
359228
359245
359246
359252
359255
359308
359312
359348
359352
359593
359606
359701
359753
359887
359888
359966
360007
360018
360041
360052
360126
360149
360188
360205
360228
360285
360286
360321
360328
360412
360413
360494
360651
360691
360703
360722
360726
360784
360833
360924
360928
361022
361028
361042
361043
361144
361159
361193
361265
361268
361292
361302
361424
361428
361432
361470
361495
361537
361538
361554
361620
361763
361828
361846
361930
361943
361945
361988
362057
362065
362105
362134
362180
362214
362216
362227
362229
362304
362306
362333
362373
362385
362388
362397
362409
362419
362430
362434
362439
362443
362507
362573
362587
362594
362702
362726
362736
362738
362776
362807
362826
362844
362900
362971
362996
363036
363059
363089
363107
363111
363126
363164
363264
363275
363277
363282
363284
363310
363439
363462
363689
363690
363717
363809
363842
363844
363858
363887
363889
363935
363987
363994
364009
364088
364092
364094
364116
364138
364153
364183
364194
364197
364219
364220
364229
364347
364379
364422
364424
364425
364426
364465
364466
364482
364493
364496
364675
364767
364788
364791
364798
364801
364840
364998
365008
365024
365038
365076
365083
365152
365249
365252
365348
365351
365376
365432
365441
365458
365537
365610
365645
365651
365712
365720
365752
365768
365805
365834
365836
365841
365842
365850
365995
366005
366042
366067
366084
366086
366090
366092
366095
366110
366123
366129
366133
366150
366159
366173
366182
366209
366210
366214
366231
366232
366319
366355
366360
366506
366551
366617
366637
366719
366789
366824
366841
366897
366910
366969
367080
367139
367152
367249
367251
367284
367352
367433
367626
367717
367747
367797
367799
367930
367941
368000
368031
368182
368256
368323
368347
368378
368575
368585
368590
368663
368739
368761
368971
369032
369163
369164
369196
369300
369306
369427
369517
369588
369637
369732
369751
369763
369798
369829
369830
369868
369912
369984
370091
370098
370104
370111
370125
370131
370133
370167
370178
370191
370194
370204
370206
370207
370208
370209
370216
370217
370233
370234
370238
370311
370324
370381
370396
370460
370664
370690
370783
370787
371003
371213
371332
371336
371386
371440
371560
371608
371798
371804
371833
371851
371873
371886
372052
372074
372174
372258
372343
372358
372463
372575
372577
372579
372581
372582
372639
372741
373048
373104
373190
373194
373350
373477
373541
373632
373778
373929
374023
374052
374114
374167
374221
374515
374549
374618
374706
374795
374833
374839
374896
374933
375238
375332
375355
375358
375366
375569
375580
375655
375664
375676
375815
375829
375989
376028
376311
376415
376416
376419
376502
376507
376509
376537
376560
376563
376570
376576
376579
376598
376788
377039
377165
377264
377325
377406
377409
377448
377587
377603
377635
377733
377779
377998
378017
378018
378020
378218
378307
378310
378470
378472
378632
378794
378908
378983
378991
379058
379096
379100
379101
379102
379104
379107
379308
379311
379314
379322
379334
379394
379468
379471
379515
379565
379597
379649
379653
379667
379805
379855
379862
379865
379868
379889
379965
380052
380078
380117
380124
380300
380372
380434
380565
380575
380639
380685
380721
380734
381032
381034
381063
381149
381170
381237
381283
381288
381294
381325
381382
381419
381507
381563
381640
381650
381654
381678
381702
381760
381776
381777
381782
381820
381905
381935
381961
382044
382046
382049
382050
382052
382053
382184
382218
382240
382243
382244
382259
382437
382476
382551
382723
382725
382731
382755
382782
382858
382890
382966
383145
383148
383150
383327
383348
383442
383491
383502
383535
383637
383648
383668
383696
383741
383768
383802
383896
383901
384056
384075
384084
384172
384188
384216
384278
384450
384452
384521
384563
384594
384627
384687
384699
384721
384723
384756
384797
384798
384821
384825
384830
384852
384863
384912
384978
384994
385033
385038
385043
385075
385104
385309
385320
385327
385364
385377
385378
385459
385502
385691
385713
385737
385773
385926
385964
385976
386030
386037
386081
386090
386099
386114
386123
386172
386226
386241
386255
386269
386521
386566
386585
386698
386782
386826
386850
386868
386878
386879
387034
387039
387275
387348
387391
387396
387399
387468
387491
387494
387501
387605
387625
387628
387660
387729
387854
387858
387895
387911
387929
388165
388194
388199
388243
388410
388415
388440
388543
388705
388732
388994
389000
389163
389260
389286
389515
389709
389724
389735
389821
389832
389856
389974
390213
390249
390274
390326
390436
390485
390540
390557
390574
390576
390582
390599
390639
390663
390833
390883
390886
390959
391069
391207
391208
391218
391262
391317
391402
391463
391561
391596
391625
391626
391627
391630
391715
391809
391813
391863
391872
391915
391945
391962
391975
391988
392047
392049
392050
392051
392054
392058
392193
392248
392253
392356
392405
392407
392432
392437
392595
392630
392702
392703
392768
392818
392835
393010
393103
393154
393207
393210
393211
393212
393215
393261
393270
393318
393320
393345
393355
393395
393424
393474
393481
393493
393498
393511
393513
393544
393549
393643
393798
393894
393927
394115
394116
394151
394196
394330
394498
394546
394552
394830
394855
394859
394860
394939
395319
395389
395435
395456
395483
395562
395658
395681
395713
395797
395877
395926
395948
395982
395992
396003
396004
396011
396039
396041
396104
396120
396152
396165
396312
396321
396396
396422
396442
396493
396508
396510
396550
396692
396963
396979
397052
397137
397144
397243
397245
397273
397278
397282
397392
397456
397479
397483
397514
397558
397572
397629
397647
397797
397873
397981
398096
398173
398193
398211
398410
398470
398473
398588
398602
398656
398685
398747
398765
398798
398841
398865
398868
398871
398881
398887
398896
398986
399004
399021
399062
399073
399118
399130
399155
399172
399191
399196
399199
399366
399372
399592
399596
399611
399613
399734
399747
399859
399894
400019
400038
400170
400272
400329
400342
400404
400411
400456
400545
400586
400605
400628
400643
400649
400654
400670
400705
400710
400712
400717
400768
400777
400871
400877
400918
400967
401024
401049
401052
401053
401054
401065
401066
401067
401106
401107
401131
401139
401256
401272
401313
401320
401359
401386
401391
401403
401405
401410
401422
401432
401479
401559
401561
401621
401716
401732
401793
401987
402008
402095
402160
402167
402186
402189
402195
402261
402437
402438
402448
402450
402456
402462
402515
402516
402561
402577
402726
402735
402885
402959
402976
402989
403100
403119
403130
403159
403214
403264
403283
403299
403313
403325
403368
403410
403587
403598
403599
403642
403671
403814
403820
403830
403866
403964
404073
404086
404133
404205
404206
404292
404357
404388
404413
404461
404489
404516
404523
404548
404582
404584
404588
404783
404830
404837
404947
404961
404967
405057
405087
405174
405178
405179
405225
405263
405387
405535
405551
405563
405568
405606
405615
405690
405774
405790
405795
405809
405882
405899
405909
405930
405932
405935
406052
406084
406107
406108
406111
406112
406115
406137
406164
406208
406445
406453
406563
406582
406625
406985
406994
407036
407118
407279
407284
407294
407303
407323
407326
407344
407365
407378
407389
407393
407411
407460
407531
407559
407620
407624
407626
407627
407628
407638
407659
407687
407739
407757
407767
407775
407783
407802
407874
407929
407931
407948
408039
408054
408055
408060
408063
408064
408069
408082
408083
408105
408138
408139
408140
408149
408185
408188
408211
408221
408237
408243
408252
408278
408373
408387
408439
408464
408490
408527
408538
408554
408576
408582
408650
408699
408731
408755
408831
409056
409128
409133
409164
409168
409259
409281
409297
409299
409361
409365
409537
409560
409582
409594
409617
410122
410126
410221
410238
410256
410270
410465
410471
410486
410537
410625
410653
410712
410832
410865
410876
410988
411143
411144
411179
411208
411267
411326
411354
411443
411617
411779
411805
411913
412111
412257
412351
412406
412471
412472
412529
412542
412546
412643
412683
412741
412758
412762
412764
412766
412811
412966
413070
413100
413296
413299
413312
413316
413324
413336
413353
413469
413525
413659
413695
413708
413758
413766
413799
413839
413840
413857
413985
413995
414041
414191
414204
414431
414590
414600
414603
414609
414610
414611
414757
414763
414836
414910
415015
415016
415044
415061
415175
415222
415298
415446
415480
415484
415586
415589
415596
415609
415618
415632
415633
415661
415675
415703
415826
415847
415852
415869
415888
415890
415895
415903
415907
415909
415945
415952
416094
416119
416127
416154
416157
416160
416166
416190
416192
416203
416209
416217
416219
416226
416228
416234
416256
416277
416281
416360
416452
416455
416459
416478
416482
416501
416504
416506
416530
416545
416551
416572
416674
416681
416690
416724
416725
416729
416732
416734
416753
416798
416855
416873
416874
416876
416911
416915
416930
416947
416952
417033
417065
417072
417098
417119
417147
417169
417180
417265
417304
417384
417406
417451
417486
417501
417611
417656
417672
417682
417685
417690
417705
417707
417775
417800
417821
417869
418061
418078
418150
418253
418255
418256
418258
418259
418260
418261
418263
418266
418286
418327
418389
418396
418404
418405
418409
418450
418567
418585
418588
418691
418704
418804
418805
418808
418835
418873
418882
418895
418912
418930
418945
418947
418955
418984
419026
419027
419030
419036
419122
419165
419169
419171
419174
419228
419279
419295
419308
419311
419319
419326
419327
419371
419386
419392
419393
419407
419430
419464
419471
419479
419548
419590
419620
419627
419639
419662
419706
419747
419758
419767
419776
419825
419826
419862
419918
419958
419979
420046
420074
420101
420132
420245
420477
420526
420572
420583
420614
420634
420637
420674
420707
420742
420763
420766
420767
420772
420775
420777
420781
420796
420839
420847
420849
420916
420918
420928
421049
421054
421080
421112
421131
421151
421267
421335
421401
421405
421490
421506
421529
421555
421559
421601
421645
421665
421765
421779
421792
421848
421881
421941
421987
422010
422039
422047
422168
422340
422400
422471
422472
422514
422596
422618
422649
422724
422761
422873
422887
422933
422934
422943
422962
423005
423038
423108
423246
423268
423269
423340
423342
423359
423383
423388
423389
423391
423415
423536
423543
423549
423625
423631
423654
423655
423668
423767
423787
423845
423870
423930
424049
424054
424057
424060
424078
424079
424093
424109
424121
424133
424139
424182
424227
424266
424275
424284
424305
424378
424465
424588
424593
424596
424646
424647
424649
424654
424689
424878
424996
425007
425094
425163
425204
425205
425238
425253
425266
425267
425270
425312
425374
425444
425565
425576
425628
425673
425709
425711
425718
425723
425758
425760
425773
425829
425833
425882
425931
425935
425968
425972
426034
426063
426067
426075
426193
426200
426217
426331
426333
426373
426375
426405
426487
426502
426503
426511
426513
426516
426520
426524
426528
426529
426530
426533
426536
426539
426565
426701
426730
426793
426797
426814
426984
427007
427059
427060
427086
427106
427124
427243
427253
427271
427472
427533
427539
427562
427747
427800
427915
427941
427950
427964
427966
427967
428059
428282
428304
428394
428396
428399
428402
428420
428602
428673
428696
428893
428894
428898
428923
429001
429031
429051
429186
429201
429417
429452
429467
429476
429518
429537
429539
429713
429724
429725
429727
429730
429733
429734
429740
429742
429770
429813
429855
429960
429991
430122
430166
430217
430231
430244
430250
430345
430483
430587
430589
430597
430612
430912
430964
430967
430993
431056
431066
431075
431109
431185
431234
431259
431267
431392
431505
431771
431780
431834
431837
431848
431849
431873
431948
431991
432055
432063
432116
432212
432267
432269
432271
432277
432281
432364
432434
432487
432503
432524
432525
432579
432606
432661
432713
432730
432802
432804
432809
432844
432856
432890
432896
433002
433093
433244
433274
433419
433506
433628
433629
433651
433698
433808
433823
433854
433926
433941
433989
434051
434080
434216
434217
434230
434279
434280
434303
434385
434389
434392
434447
434520
434534
434555
434576
434585
434591
434593
434661
434669
434703
434772
434786
434836
434873
434915
434986
435007
435097
435121
435172
435210
435339
435414
435417
435448
435515
435615
435678
435689
435871
436113
436274
436285
436328
436342
436369
436373
436494
436496
436549
436585
436617
436775
436777
436785
436924
436945
436972
436973
437041
437097
437142
437270
437342
437518
437600
437618
437634
437712
437746
437761
437834
437978
438055
438250
438350
438436
438734
438736
438799
438815
438858
438913
438937
438943
438953
438970
438982
439013
439015
439032
439079
439214
439384
439417
439424
439448
439562
439772
439788
439833
439943
440020
440021
440063
440085
440096
440112
440207
440255
440294
440317
440397
440439
440444
440486
440522
440559
440594
440597
440659
440698
440710
440775
440876
440898
440905
440949
440955
440978
440984
440985
440992
441273
441386
441451
441454
441647
441658
441659
441665
441669
441677
441716
441741
441749
441750
441831
441926
442005
442062
442249
442292
442306
442317
442425
442531
442560
442732
442801
442824
443018
443037
443046
443094
443112
443114
443257
443272
443319
443338
443356
443364
443377
443391
443393
443413
443488
443617
443644
443664
443711
443724
443791
444109
444135
444149
444193
444282
444490
444562
444583
444609
444679
444682
444687
444689
444707
444803
444811
444829
444872
444876
444879
444884
444893
444898
444901
444903
444908
444909
444910
444913
444921
444924
444932
444945
444946
444947
444949
444950
444955
444972
445054
445089
445101
445135
445218
445245
445247
445264
445268
445306
445318
445365
445482
445494
445498
445602
445643
445675
445680
445683
445710
445732
445744
445756
445759
445771
445773
445782
445845
445848
445850
445867
445868
445869
445874
445878
445882
445894
445899
445902
445905
445911
445915
446031
446074
446101
446106
446198
446200
446207
446215
446260
446266
446297
446360
446378
446428
446448
446453
446462
446463
446464
446465
446469
446473
446485
446489
446514
446550
446574
446585
446862
446867
446897
446898
446904
447021
447159
447215
447288
447315
447332
447347
447383
447385
447409
447455
447559
447567
447593
447599
447617
447663
447704
447737
447838
447912
447917
447955
447956
448054
448089
448093
448144
448194
448195
448252
448263
448291
448432
448474
448523
448561
448640
448641
448643
448645
448646
448683
448795
448811
448865
448870
448936
448939
448975
448976
449011
449073
449213
449445
449454
449457
449461
449463
449478
449498
449519
449535
449550
449664
449753
449772
449774
449833
449854
449857
449869
449882
449883
449897
449931
449954
449961
450008
450070
450087
450103
450290
450372
450377
450413
450464
450498
450537
450545
450555
450598
450620
450642
450654
450678
450703
450784
450804
450829
450932
450949
450951
450967
450968
450971
450987
450988
451008
451055
451067
451138
451141
451173
451262
451263
451267
451271
451282
451293
451301
451305
451331
451338
451344
451368
451388
451452
451494
451509
451545
451581
451620
451624
451635
451695
451697
451716
451732
451748
451760
451811
451890
451904
451916
451959
451964
451986
452021
452037
452046
452066
452112
452137
452183
452270
452339
452342
452378
452379
452386
452389
452405
452474
452499
452507
452532
452571
452654
452705
452762
452890
452895
452900
452947
452997
453054
453200
453203
453289
453387
453402
453412
453413
453424
453579
453600
453638
453659
453664
454009
454030
454031
454052
454189
454289
454347
454416
454417
454418
454420
454439
454546
454595
454865
454963
454974
455108
455141
455152
455188
455227
455232
455239
455304
455350
455484
455499
455526
455551
455595
455620
455635
455637
455689
455739
455944
455946
456101
456156
456160
456253
456445
456515
456529
456543
456548
456561
456659
456660
456706
456740
456824
456862
456913
456950
457010
457041
457049
457081
457402
457491
457523
457525
457532
457558
457654
457685
457710
457712
457765
457775
457835
457943
458002
458013
458033
458092
458133
458141
458297
458305
458339
458353
458381
458405
458472
458573
458575
458624
458673
458676
458713
458716
458723
458736
458830
458832
458957
458969
458971
458979
458985
459045
459068
459077
459170
459181
459202
459210
459220
459245
459291
459349
459371
459410
459471
459475
459614
459660
459667
459717
459856
459898
459928
459929
459947
459982
459994
460008
460010
460019
460146
460218
460279
460286
460458
460466
460481
460545
460552
460566
460597
460640
460730
460778
460885
460910
460952
460962
460965
461055
461062
461108
461172
461213
461319
461360
461369
461379
461397
461423
461496
461514
461562
461606
461618
461628
461724
461767
461771
461773
461784
461928
461955
461960
461961
461963
461992
462018
462035
462036
462115
462120
462122
462171
462263
462296
462300
462310
462381
462504
462604
462608
462716
462768
462804
462848
462877
462882
463015
463022
463032
463065
463155
463322
463364
463496
463543
463561
463602
463646
463647
463675
463684
463737
463767
463770
463780
463800
463821
463843
463945
463973
464001
464054
464104
464105
464111
464180
464248
464288
464297
464329
464431
464466
464493
464496
464574
464738
464744
464745
464748
464750
464752
464753
464757
464764
464772
464776
464814
464818
464823
464829
464869
464870
464876
464879
464880
464890
465056
465059
465086
465177
465213
465469
465480
465709
465743
465762
465979
465996
466129
466165
466166
466169
466174
466274
466288
466302
466316
466336
466344
466473
466587
466607
466609
466644
466658
466677
466696
466929
466937
467026
467061
467110
467228
467239
467306
467320
467377
467405
467462
467540
467615
467629
467632
467660
467671
467674
467834
467839
467925
467940
467946
468003
468062
468091
468173
468174
468178
468303
468332
468436
468437
468447
468455
468496
468609
468696
468777
469069
469095
469163
469206
469208
469262
469319
469359
469369
469520
469532
469603
469662
469663
469665
469666
469702
469715
469721
469742
469746
469896
469916
469917
469918
469971
469972
470032
470229
470357
470359
470364
470390
470398
470434
470435
470528
470535
470568
470593
470614
470615
470728
470757
470823
471177
471201
471346
471347
471363
471467
471493
471501
471506
471530
471600
471609
471610
471618
471666
471895
471901
471916
471920
471922
471924
471950
472015
472160
472209
472226
472269
472302
472338
472591
472686
472717
472726
472750
472814
472855
472896
472907
472908
472932
472945
473149
473165
473238
473465
473466
473544
473826
473902
473962
474104
474105
474199
474241
474350
474513
474672
474675
474764
474810
474819
474862
474935
475053
475066
475124
475220
475266
475369
475397
475406
475425
475498
475531
475603
475605
475623
475748
475758
475949
476017
476051
476091
476131
476295
476299
476341
476348
476363
476366
476375
476424
476484
476489
476510
476524
476527
476532
476542
476608
476625
476637
476642
476662
476676
476718
476796
476869
476929
477036
477069
477113
477264
477329
477342
477408
477462
477466
477495
477576
477577
477589
477623
477704
477835
477901
477902
477920
477922
477977
478086
478258
478281
478311
478494
478528
478530
478552
478554
478579
478692
478741
478810
478811
478813
478818
478819
478924
478929
478934
478939
478940
478953
478963
478968
478974
478975
479003
479188
479260
479261
479284
479320
479322
479326
479331
479332
479337
479342
479344
479345
479364
479367
479368
479369
479371
479389
479390
479392
479397
479400
479402
479424
479459
479488
479494
479574
479576
479646
479709
479726
479727
479729
479731
479732
479736
479746
479755
479757
479765
479770
479777
479788
479795
479796
479798
479837
479854
479867
479876
479965
480002
480030
480100
480105
480121
480139
480157
480163
480209
480210
480259
480270
480286
480289
480295
480299
480304
480394
480403
480405
480410
480414
480463
480525
480603
480612
480634
480635
480700
480715
480721
480733
480745
480750
480757
480803
480913
480923
480937
480948
480970
480984
481015
481023
481044
481054
481061
481072
481074
481095
481097
481125
481150
481166
481192
481218
481304
481330
481333
481352
481360
481361
481367
481369
481375
481379
481386
481390
481557
481559
481562
481682
481702
481717
481726
481849
481866
481930
481950
481952
481954
481975
482048
482056
482080
482101
482130
482166
482192
482201
482243
482245
482249
482281
482322
482325
482331
482373
482397
482435
482503
482531
482591
482646
482773
482783
482809
482970
482974
483006
483035
483038
483052
483055
483057
483060
483068
483071
483075
483087
483095
483096
483098
483126
483142
483178
483200
483201
483202
483219
483223
483246
483252
483256
483283
483286
483293
483340
483378
483400
483421
483422
483441
483534
483538
483545
483571
483586
483603
483604
483608
483609
483730
483737
483757
483774
483790
483803
483851
483881
483934
483952
483965
483969
483976
483977
483987
484014
484040
484061
484076
484077
484083
484086
484087
484219
484299
484354
484363
484364
484369
484373
484386
484393
484394
484395
484396
484399
484403
484406
484415
484437
484457
484479
484484
484485
484509
484561
484563
484586
484604
484624
484626
484627
484644
484652
484662
484701
484779
484787
484853
484907
484953
484955
484980
485003
485217
485245
485306
485391
485394
485415
485507
485524
485567
485620
485622
485623
485624
485708
485736
485743
485751
485774
485784
485792
485806
485809
485811
485906
485969
486011
486060
486062
486065
486069
486074
486350
486385
486450
486452
486453
486455
486457
486460
486461
486462
486511
486570
486575
486578
486684
486716
486725
486772
486773
486892
486910
486949
486993
487187
487248
487266
487320
487428
487429
487439
487442
487472
487660
487668
487677
487719
487848
487910
487954
487955
488008
488017
488022
488029
488032
488043
488047
488078
488094
488101
488104
488111
488115
488121
488134
488143
488147
488148
488154
488242
488247
488265
488289
488302
488342
488366
488400
488408
488444
488464
488466
488468
488489
488495
488496
488511
488513
488564
488613
488636
488638
488642
488657
488664
488722
488748
488754
488779
488781
488813
488837
488888
488898
488900
488903
488914
488938
489055
489064
489105
489108
489113
489122
489123
489126
489127
489186
489239
489242
489272
489280
489288
489363
489374
489375
489420
489428
489454
489456
489463
489523
489610
489712
489791
489811
489881
489887
489939
490099
490100
490109
490110
490124
490228
490271
490317
490353
490819
490837
490863
491043
491132
491197
491236
491366
491406
491459
491488
491564
491611
491649
491817
491892
491901
492034
492135
492144
492332
492336
492384
492414
492440
492509
492523
492535
492561
492611
492621
492628
492633
492713
492844
493042
493440
493442
493446
493448
493462
493494
493537
493595
493678
493731
493825
493922
493965
494013
494042
494058
494074
494352
494442
494445
494499
494535
494678
494703
494706
494807
494991
495015
495031
495204
495208
495212
495303
495447
495466
495496
495717
495827
495868
495870
496059
496151
496200
496232
496274
496282
496286
496292
496325
496364
496369
496377
496434
496438
496456
496464
496466
496521
496537
496569
496586
496594
496704
496865
496883
496957
496985
497006
497009
497269
497327
497389
497597
497700
497760
497830
497844
497908
497960
498069
498084
498110
498220
498223
498251
498253
498264
498268
498315
498475
498507
498575
498596
498647
498656
498661
498673
498702
498716
498744
498748
498749
498752
498754
498775
498797
498904
498937
498939
498942
499129
499141
499142
499190
499278
499327
499354
499358
499359
499364
499377
499385
499395
499399
499402
499405
499438
499482
499559
499676
499714
499739
499770
499812
499822
499834
499910
499915
499921
499924
499951
499953
499995
500203
500269
500319
500348
500377
500381
500535
500759
500950
500957
500978
500985
501170
501287
501294
501309
501389
501495
501762
501851
501911
501939
501942
501956
501963
501968
501977
502025
502030
502036
502067
502104
502109
502255
502312
502354
502397
502406
502416
502429
502469
502574
502602
502613
502617
502805
502873
502920
502926
502935
502940
503001
503025
503030
503125
503230
503231
503371
503407
503430
503436
503589
503646
503650
503658
503659
503661
503693
503698
503700
503702
503706
503719
503730
503731
503736
503740
503747
503751
503752
503768
503769
503771
503786
503790
503798
503802
503814
503851
503919
504003
504076
504082
504129
504130
504145
504151
504169
504175
504180
504185
504197
504202
504213
504251
504255
504547
504631
504689
504693
504730
504763
504839
504922
504982
505039
505043
505054
505058
505060
505063
505078
505084
505188
505195
505220
505236
505237
505239
505378
505423
505429
505496
505498
505557
505562
505587
505596
505626
505635
505669
505695
505770
505775
505816
505826
505860
505898
505922
506048
506049
506060
506068
506151
506251
506353
506383
506400
506404
506413
506485
506548
506636
506758
506775
506882
506900
506905
506925
506952
506960
506986
507053
507089
507096
507097
507109
507201
507211
507245
507298
507331
507336
507434
507441
507498
507540
507582
507624
507700
507892
507938
507946
507952
507966
507979
507981
508150
508231
508233
508234
508237
508242
508244
508245
508248
508258
508301
508330
508338
508384
508385
508388
508404
508406
508409
508433
508451
508481
508483
508485
508487
508489
508495
508526
508592
508620
508682
508741
508773
508827
508839
508866
508985
509009
509166
509174
509183
509315
509412
509447
509471
509511
509528
509534
509538
509564
509594
509624
509635
509667
509679
509752
509760
509899
509901
510284
510289
510346
510388
510441
510457
510496
510510
510552
510562
510590
510654
510657
510685
510689
510733
510937
510969
511051
511068
511153
511243
511274
511449
511474
511491
511625
511671
511755
511778
511782
511813
511827
511987
512025
512064
512105
512169
512196
512198
512356
512408
512474
512499
512524
512579
512584
512650
512701
512736
512835
512861
512926
512936
513062
513147
513208
513224
513236
513260
513268
513278
513297
513303
513304
513306
513313
513372
513421
513452
513508
513510
513553
513741
513774
513844
513857
513867
513947
513983
514101
514165
514210
514233
514256
514277
514287
514438
514440
514507
514538
514558
514591
514593
514622
514743
514762
514767
514787
514791
514793
514847
514973
515068
515162
515254
515320
515329
515362
515381
515387
515389
515411
515413
515425
515454
515466
515531
515537
515581
515612
515676
515781
515906
515926
515995
515997
516023
516027
516028
516035
516042
516082
516329
516578
516604
516632
516664
516695
516772
516774
516775
516776
516778
516784
516833
516834
517015
517046
517072
517098
517116
517166
517217
517272
517276
517316
517346
517415
517416
517459
517473
517559
517662
517764
517769
517811
517831
517929
517939
517984
518057
518076
518087
518113
518125
518158
518228
518237
518239
518240
518311
518428
518429
518430
518433
518686
518695
518701
518711
518714
518762
518778
518800
518853
518901
518966
518993
519022
519027
519054
519301
519337
519418
519523
519582
519583
519647
519699
519758
519958
519988
520023
520026
520082
520103
520151
520162
520171
520235
520256
520466
520618
520696
520763
520779
520795
520901
520905
520963
520980
521029
521040
521078
521113
521340
521357
521358
521360
521458
521479
521482
521485
521487
521490
521499
521509
521514
521531
521558
521563
521588
521595
521634
521814
521832
521850
521876
521934
521935
521985
522033
522063
522066
522101
522282
522285
522297
522438
522444
522547
522565
522655
522681
522703
522729
522919
522945
522987
523041
523093
523139
523263
523307
523346
523353
523371
523415
523519
523638
523827
523830
523831
523849
523852
523931
523938
524138
524213
524216
524251
524286
524296
524433
524537
524577
524582
524619
524785
524787
524788
524789
524807
524859
524882
524899
524925
525148
525200
525301
525387
525460
525639
525641
525854
525904
525905
525910
525912
525932
525939
525959
525989
526027
526051
526052
526144
526196
526208
526224
526225
526226
526295
526411
526463
526507
526510
526578
526677
526749
526780
526809
526856
526917
526969
527014
527159
527175
527261
527364
527612
527634
527642
527717
527948
527960
528023
528077
528091
528135
528271
528328
528407
528461
528524
528665
528732
528753
528768
528771
528939
528985
529067
529144
529149
529193
529280
529294
529348
529366
529438
529509
529641
529649
529683
529744
529923
529957
529962
530076
530098
530155
530156
530157
530351
530379
530385
530523
530623
530842
530918
531084
531101
531124
531145
531208
531219
531247
531309
531393
531400
531502
531521
531576
531678
531689
532090
532153
532181
532225
532366
532408
532495
532617
532635
532636
532638
532640
532645
532647
532648
532649
532650
532653
532654
532656
532657
532658
532668
532671
532710
532722
532742
532748
532756
532762
532813
532814
532838
532870
532875
532889
532891
532895
532902
532904
532973
532996
533000
533002
533007
533008
533035
533049
533071
533094
533137
533139
533182
533210
533212
533223
533274
533291
533294
533527
533565
533642
533709
533938
533985
534064
534072
534169
534205
534223
534235
534271
534282
534321
534424
534425
534506
534654
534656
534729
535096
535106
535145
535250
535280
535395
535412
535476
535511
535549
535580
535581
535584
535610
535798
535848
535926
535962
536127
536141
536183
536235
536242
536371
536404
536434
536449
536517
536548
536554
536664
536750
536880
536919
537101
537200
537445
537466
537476
537495
537523
537542
537551
537663
537668
537680
537704
537730
537736
537788
537943
538227
538269
538350
538382
538614
538690
538698
538811
538867
538902
539064
539145
539181
539185
539310
539364
539528
539537
539549
539649
539651
539714
539893
539923
540027
540132
540291
540306
540375
540545
540836
540957
540974
541008
541042
541062
541069
541071
541099
541100
541526
541560
541697
541725
541973
542020
542031
542170
542191
542203
542224
542227
542440
542445
542466
542476
542574
542620
542675
542713
542781
542787
543004
543028
543126
543203
543306
543410
543412
543447
543467
543468
543471
543511
543533
543581
543582
543733
543768
543802
543867
543868
543901
543904
543906
543915
543917
543988
543997
543998
544023
544030
544075
544202
544294
544353
544358
544390
544533
544656
544780
544781
544976
544986
545061
545302
545308
545497
545499
545598
545612
545749
545784
545815
545899
545921
546121
546150
546217
546268
546278
546328
546342
546406
546473
546476
546600
546724
546782
546823
546907
546944
547055
547071
547074
547078
547079
547088
547091
547092
547117
547118
547131
547146
547231
547261
547331
547366
547392
547410
547479
547482
547510
547565
547611
547620
547681
547780
547956
548064
548079
548146
548162
548163
548215
548240
548257
548307
548473
548511
548521
548533
548560
548650
548710
548859
548904
548943
549077
549078
549214
549278
549294
549369
549463
549639
549646
549669
549671
549689
549703
549707
549722
549724
549725
549736
549738
549773
549786
549853
549859
549877
549893
549923
549935
549960
549967
550015
550108
550118
550148
550172
550179
550210
550258
550273
550277
550286
550348
550355
550412
550446
550476
550622
550674
550678
550695
550757
550767
550845
550863
550870
551096
551220
551227
551231
551233
551238
551249
551288
551407
551409
551412
551429
551435
551521
551545
551554
551556
551608
551632
551635
551694
551726
551735
551736
551737
551738
551744
551758
551804
551808
551893
551898
551902
551906
551908
551933
551957
551982
551994
552009
552032
552102
552168
552170
552294
552322
552443
552457
552470
552474
552476
552477
552481
552482
552485
552504
552540
552541
552550
552569
552655
552660
552681
552707
552828
552836
552840
552843
552855
552925
552938
552950
553010
553054
553075
553076
553077
553078
553079
553080
553141
553172
553357
553530
553535
553619
553678
553686
553705
553820
553880
553928
554060
554100
554112
554139
554220
554312
554319
554399
554427
554468
554571
554612
554636
554637
554667
554671
554692
554694
554696
554739
554762
554766
554833
554917
554984
555059
555062
555077
555146
555175
555211
555249
555252
555295
555447
555455
555559
555626
555628
555631
555694
555752
555845
555878
555974
556153
556203
556221
556259
556264
556268
556284
556285
556385
556452
556461
556515
556707
556724
556760
556810
556822
556870
556889
556972
557065
557294
557320
557419
557450
557483
557486
557497
557498
557508
557513
557526
557557
557597
557619
557659
557854
557883
557920
557989
557991
558081
558085
558088
558106
558165
558201
558203
558207
558294
558305
558377
558414
558448
558450
558482
558504
558534
558655
558684
558742
558774
558889
558909
559426
559740
559767
559844
559928
559994
560014
560038
560149
560252
560283
560318
560321
560362
560379
560436
560453
560474
560477
560499
560550
560577
560717
560782
560864
560903
560981
561030
561072
561077
561081
561085
561088
561291
561423
561504
561516
561543
561546
561563
561635
561829
561859
561895
561927
562220
562231
562417
562485
562527
562588
562597
562598
562618
562632
562746
562771
562786
562867
563025
563197
563289
563432
563466
563482
563531
563541
563549
563575
563588
563626
563630
563635
563655
563665
563948
564009
564051
564056
564077
564082
564090
564176
564281
564385
564390
564402
564414
564446
564518
564568
564612
564729
564746
564837
565028
565053
565244
565335
565398
565440
565441
565442
565446
565448
565457
565461
565481
565497
565500
565515
565522
565548
565594
565597
565598
565608
565620
565725
565762
565851
565961
565964
565972
565979
566011
566027
566047
566092
566095
566102
566107
566239
566271
566325
566412
566416
566418
566512
566556
566561
566639
566643
566644
566661
566707
566745
566805
566806
566847
566849
566879
566896
566926
566949
567047
567083
567118
567158
567212
567220
567229
567232
567235
567245
567248
567331
567389
567409
567418
567429
567450
567451
567584
567609
567708
567741
567744
567746
567853
567854
567858
567898
567920
567953
567962
567971
567974
567984
568016
568032
568057
568099
568116
568120
568123
568127
568135
568140
568269
568281
568287
568290
568308
568339
568372
568453
568456
568457
568524
568532
568573
568574
568575
568578
568598
568667
568766
568780
568879
569057
569085
569329
569367
569586
569681
569719
569723
569834
569843
569869
569886
569889
569957
569965
570025
570056
570111
570133
570220
570290
570305
570453
570536
570610
570620
570670
570945
571055
571063
571099
571116
571155
571253
571384
571414
571518
571640
571788
571817
571821
571842
571858
571860
571907
571908
571911
571932
571939
572000
572023
572076
572087
572189
572193
572293
572426
572428
572430
572438
572443
572451
572485
572497
572600
572681
572688
572689
572697
572704
572724
572727
572733
572755
572757
572762
572763
572765
572775
572949
573004
573307
573521
573560
573680
573687
573766
573875
573966
574009
574030
574047
574049
574054
574059
574109
574124
574133
574135
574137
574138
574189
574190
574192
574194
574283
574284
574304
574475
574492
574493
574656
574742
574759
574790
574798
574834
574839
574856
574883
574925
574947
575141
575187
575314
575345
575355
575386
575437
575451
575461
575466
575514
575736
575774
575776
575924
575976
575980
576004
576134
576223
576322
576358
576381
576411
576477
576510
576611
576614
576633
576801
576845
576938
576989
577215
577218
577465
577489
577549
577658
577710
577889
577905
577951
578100
578168
578177
578280
578310
578320
578378
578400
578443
578469
578515
578528
578546
578594
578602
578631
578656
578686
578744
578753
578835
578847
578897
578912
578919
578982
579089
579091
579156
579157
579296
579386
579403
579426
579437
579535
579662
579957
579958
579959
579961
580088
580138
580165
580283
580334
580340
580367
580370
580377
580380
580414
580428
580441
580550
580570
580629
580630
580632
580633
580690
580804
580809
580828
580857
580944
580956
581009
581013
581107
581173
581178
581232
581235
581252
581440
581650
581664
581681
581877
581993
582049
582070
582194
582202
582249
582286
582292
582300
582302
582546
582621
582625
582652
582798
582875
582888
582892
582894
582896
582898
582913
583016
583046
583116
583166
583186
583314
583337
583505
583512
583520
583525
583532
583584
583642
583711
583755
583884
583888
583946
583984
583996
584004
584008
584060
584106
584147
584212
584545
584730
584788
584800
584826
585081
585149
585151
585197
585216
585312
585338
585537
585538
585571
585604
585649
585652
585827
585834
585846
586044
586097
586166
586187
586279
586327
586461
586483
586577
586586
586592
586595
586779
586781
586992
587040
587041
587042
587130
587138
587176
587203
587320
587496
587506
587548
587630
587786
587921
587927
588064
588068
588080
588087
588204
588207
588209
588210
588211
588216
588236
588440
588446
588629
588653
588670
588696
588781
588783
588809
588962
589102
589142
589173
589178
589384
589427
589451
589565
589594
589607
589614
589770
589775
589812
589876
589877
590009
590019
590033
590050
590084
590152
590164
590178
590253
590278
590473
590476
590483
590575
590663
590756
590802
590995
591126
591180
591201
591273
591274
591275
591287
591309
591434
591459
591529
591531
591634
591832
591869
592029
592207
592230
592276
592485
592495
592660
592786
592901
592912
592960
592973
592989
593104
593134
593316
593317
593428
593432
593435
593510
593517
593643
593655
593676
593689
593745
593873
593941
594030
594072
594090
594094
594228
594274
594314
594444
594451
594482
594528
594542
594545
594568
594663
594689
594770
594779
594872
595048
595068
595087
595149
595216
595379
595601
595631
595801
595951
595966
596039
596061
596112
596274
596314
596318
596320
596321
596325
596332
596364
596405
596422
596484
596597
596696
596697
596702
596704
596707
596709
596711
596725
596767
596795
596886
596949
597151
597175
597185
597193
597212
597446
597453
597455
597461
597468
597502
597512
597684
597687
597692
597722
597785
597856
597889
597900
597910
597920
598175
598192
598556
598635
598983
599281
599342
599346
599367
599381
599402
599484
599724
599735
599744
599776
599777
599781
599953
599973
599975
600008
600165
600250
600339
600417
600427
600701
600718
600734
600751
600892
600938
600939
600963
601025
601083
601099
601108
601259
601369
601406
601446
601510
601517
601575
601656
601683
601743
601844
601961
602009
602223
602263
602314
602332
602414
602567
602708
602734
602777
602784
602807
602889
603012
603013
603050
603138
603191
603312
603457
603476
603480
603524
603565
603577
603644
603664
603681
603705
603904
603943
603945
604012
604076
604079
604149
604228
604238
604245
604266
604317
604487
604514
604518
604519
604532
604578
604654
604889
605124
605133
605139
605188
605211
605314
605372
605479
605488
605505
605515
605525
605540
605553
605554
605572
605587
605609
605786
605802
605804
605816
605820
605823
605834
605840
605851
605911
606047
606048
606087
606089
606155
606206
606369
606372
606373
606443
606446
606452
606519
606548
606625
606663
606680
606728
606762
606832
606837
606907
606960
606966
607070
607072
607137
607175
607184
607218
607244
607338
607383
607407
607583
607676
607740
607776
607782
607832
607967
607994
608023
608077
608108
608154
608168
608195
608213
608260
608319
608444
608501
608502
608509
608512
608537
608569
608654
608708
608797
608812
608994
609064
609075
609080
609183
609238
609245
609362
609368
609374
609560
609567
609569
609571
609575
609577
609583
609616
609627
609695
609768
609903
609911
609919
609965
609972
610010
610014
610135
610144
610201
610222
610223
610227
610243
610253
610261
610359
610387
610394
610442
610561
610633
610704
610734
610743
610749
611083
611141
611153
611169
611224
611254
611277
611342
611349
611421
611446
611489
611492
611495
611534
611596
611605
611636
611639
611640
611642
611645
611649
611651
611666
611804
611805
611907
611908
611921
611924
611962
611986
612067
612152
612196
612278
612294
612295
612394
612431
612515
612565
612587
612592
612669
612789
612811
612861
612888
612891
612900
612901
612966
613119
613271
613607
613712
613722
613780
613816
613835
614015
614157
614166
614167
614186
614196
614198
614199
614200
614202
614204
614205
614206
614208
614209
614372
614479
614552
614578
614630
614722
614817
614890
615017
615229
615242
615289
615656
615790
616073
616142
616318
616329
616366
616404
616587
616632
616659
616820
616844
616862
617124
617208
617351
617372
617373
617505
617523
617638
617761
617769
617772
617778
617786
617787
617868
617891
617935
618057
618067
618128
618187
618331
618375
618418
618485
618544
618585
618620
618670
618869
618885
618919
619016
619116
619189
619262
619265
619290
619416
619430
619447
619503
619670
619704
619745
619754
619761
619778
619887
619926
620067
620193
620482
620495
620591
620616
620953
621080
621103
621109
621151
621222
621248
621254
621465
621486
621495
621570
621584
621707
621817
621970
622103
622203
622346
622404
622420
622707
623017
623034
623039
623047
623226
623338
623341
623464
623491
623493
623504
623520
623521
623551
623591
623615
623642
623670
624146
624368
624482
624543
624574
624694
624743
624774
624777
624779
624901
625040
625122
625213
625234
625423
625424
625537
625560
625632
625655
625663
625719
625759
626018
626028
626081
626229
626244
626292
626359
626370
626484
626576
626622
626743
626845
626868
626870
626873
626884
626930
626963
627006
627050
627094
627112
627132
627144
627290
627322
627324
627515
627518
627533
627540
627572
627699
627840
628038
628079
628139
628228
628446
628468
628469
628478
628637
628707
628731
628866
628959
629015
629121
629131
629135
629181
629227
629228
629363
629386
629554
629819
629843
629943
629957
630055
630288
630291
630331
630377
630392
630486
630560
630586
630622
630766
630798
630808
630890
630925
630979
631057
631059
631060
631191
631260
631285
631303
631322
631380
631427
631502
631583
631592
631689
631697
631746
631767
631790
631842
631843
631870
631947
632011
632110
632257
632259
632262
632304
632309
632357
632496
632509
632544
632567
632570
632601
632685
632727
632728
632871
632873
632922
632926
632932
633100
633130
633145
633159
633176
633177
633193
633196
633207
633232
633337
633402
633430
633489
633608
633660
633688
633722
633751
633907
633958
633963
633977
633990
634038
634115
634165
634269
634281
634301
634336
634449
634494
634525
634527
634550
634639
634707
634775
634810
634816
634878
634880
634895
634926
634957
634961
635040
635065
635108
635147
635419
635424
635514
635683
635688
635710
635737
635771
635772
635817
635837
635841
635843
635896
635909
635910
635968
636029
636076
636229
636274
636385
636492
636508
636514
636515
636517
636519
636522
636523
636530
636612
636632
636681
636800
636805
636806
636807
636808
636809
636812
636827
636873
636876
636879
636891
636900
636908
637017
637020
637040
637084
637105
637110
637156
637161
637162
637164
637165
637168
637174
637179
637180
637237
637246
637250
637263
637267
637272
637306
637312
637321
637322
637334
637398
637409
637459
637463
637472
637479
637533
637574
637672
637893
637926
637944
637969
638045
638090
638091
638106
638219
638232
638254
638265
638342
638464
638467
638541
638609
638635
638669
638727
638732
638788
638803
638855
638915
638946
639052
639086
639247
639250
639283
639357
639461
639463
639471
639473
639477
639480
639486
639489
639495
639506
639531
639533
639538
639581
639596
639687
639705
639863
639884
639895
639959
639965
639973
640029
640128
640173
640209
640276
640377
640386
640427
640462
640519
640526
640756
640758
640766
640767
640768
640772
640775
640781
640786
640796
640816
640830
640935
640960
640962
640963
640974
641275
641321
641322
641333
641340
641395
641495
641588
641668
641684
641688
641697
641706
641709
641734
641835
641925
641926
641967
641968
641991
642018
642046
642055
642061
642064
642069
642078
642081
642085
642087
642099
642103
642106
642107
642108
642113
642131
642134
642287
642473
642512
642556
642635
642641
642647
642649
642652
642694
642697
642781
642886
642957
642994
643065
643077
643088
643114
643143
643200
643213
643224
643225
643234
643237
643238
643272
643284
643288
643291
643373
643375
643392
643393
643400
643425
643428
643432
643468
643502
643503
643586
643587
643592
643597
643632
643657
643728
643743
643758
643791
643866
643889
643922
643924
643998
644002
644003
644009
644064
644106
644142
644144
644157
644182
644262
644265
644320
644426
644452
644460
644549
644618
644623
644653
644665
644670
644688
644695
644710
644730
644748
644752
644787
644876
644921
644950
645047
645240
645243
645319
645426
645431
645452
645454
645482
645499
645501
645510
645513
645514
645516
645519
645524
645725
645726
645732
645733
645746
645750
645753
645796
645828
645856
645881
645900
645927
645930
645941
646020
646108
646109
646334
646385
646397
646401
646435
646541
646542
646558
646683
646930
646939
646977
647049
647302
647398
647593
647638
647895
647931
647932
647935
648013
648043
648088
648095
648114
648168
648229
648291
648408
648427
648495
648594
648668
648764
648770
648819
648955
648957
649019
649032
649078
649117
649119
649179
649182
649212
649407
649524
649609
649770
649924
649984
650093
650152
650170
650176
650248
650366
650672
650685
650716
650893
650895
650896
650898
650900
650952
651006
651008
651013
651016
651018
651178
651273
651442
651448
651465
651488
651494
651511
651514
651517
651569
651571
651579
651645
651680
651692
651696
651698
651728
651871
652004
652034
652118
652255
652297
652340
652342
652522
652694
652724
652757
652761
652767
652778
652794
652823
652841
652847
652860
652891
653070
653218
653229
653340
653355
653365
653412
653530
653537
653544
653556
653598
653615
653643
653645
653672
653765
653783
653793
653820
653842
653946
654082
654092
654435
654546
654593
654615
654718
654731
654741
654765
654798
654816
654852
654954
654981
655033
655046
655083
655201
655219
655344
655366
655393
655426
655478
655504
655560
655574
655587
655742
655746
655754
655758
655759
655761
655765
656024
656039
656145
656147
656174
656211
656214
656233
656250
656381
656790
656793
656980
656981
657012
657099
657343
657386
657437
657461
657528
657611
657625
657640
657701
657767
657826
657891
658020
658074
658110
658397
658402
658568
658596
658829
658883
658975
659060
659158
659201
659223
659309
659355
659358
659411
659412
659413
659417
659419
659420
659501
659502
659506
659564
659578
659716
659724
659756
659766
659794
659802
659822
659986
660001
660099
660175
660299
660335
660418
660663
660727
660838
660985
661188
661237
661289
661359
661395
661572
661601
661665
661666
661690
661917
661924
661950
662044
662087
662152
662183
662267
662288
662474
662498
662509
662778
662802
662821
662844
662903
662957
662975
662983
662989
663064
663099
663122
663128
663200
663240
663283
663407
663410
663412
663414
663625
663661
663662
663669
663706
663712
663775
663866
663924
664041
664042
664045
664047
664168
664170
664171
664172
664307
664333
664336
664356
664442
664527
664530
664561
664571
664574
664588
664617
664679
664748
664790
664833
664848
664862
664945
664994
665030
665032
665040
665087
665109
665351
665469
665552
665835
665921
665998
666095
666196
666344
666477
666487
666634
666720
666723
666730
666782
666863
666912
667015
667054
667057
667098
667132
667141
667177
667216
667226
667228
667297
667331
667336
667459
667562
667688
667824
667949
667979
667989
667992
667996
668040
668055
668061
668343
668385
668616
668683
668712
668723
668796
668804
668834
668980
669342
669355
669376
669448
669510
669671
669695
669705
669735
669770
669772
669798
669906
669974
670171
670266
670426
670428
670429
670466
670490
670580
670615
670624
670636
670746
670940
670964
671013
671078
671079
671104
671137
671217
671248
671309
671324
671368
671372
671380
671389
671474
671555
671603
671630
671708
671712
671713
671725
671789
671903
671952
672043
672050
672055
672204
672215
672226
672229
672278
672555
672582
672593
672741
672761
672902
672996
673043
673094
673168
673179
673378
673526
673725
673850
673930
673933
674025
674210
674259
674308
674329
674370
674382
674385
674393
674464
674472
674475
674482
674499
674520
674528
674564
674603
674703
674862
674895
675256
675282
675327
675347
675439
675489
675490
675526
675531
675554
675575
675776
675777
675814
675824
675853
675950
675956
676240
676291
676292
676410
676547
676613
676649
676704
676726
676738
676756
676824
676896
676981
677063
677108
677206
677230
677338
677359
677600
677646
678094
678278
678298
678331
678389
678446
678588
678790
678792
678844
678897
678928
678945
678997
679066
679213
679722
679761
679785
679790
679893
679974
679985
680033
680094
680286
680295
680297
680332
680369
680379
680380
680493
680522
680593
680621
680631
680653
680734
680829
680867
680871
680918
680985
681076
681181
681185
681195
681243
681280
681326
681362
681416
681457
681582
681584
681631
681665
681680
681711
681719
681836
681840
681914
681986
681996
682043
682225
682286
682359
682416
682532
682545
682641
682662
682779
682809
682810
682825
682836
682994
682999
683016
683100
683154
683204
683455
683630
683691
683699
683716
683773
683780
683875
683891
683915
684051
684139
684201
684420
684684
684807
684812
684822
684923
684993
685044
685180
685222
685277
685289
685454
685586
685592
685615
685646
685649
685661
685671
685682
685826
685867
685942
685964
686003
686008
686086
686112
686120
686208
686357
686435
686472
686478
686584
686676
686684
686854
686988
687037
687137
687142
687301
687340
687372
687377
687496
687647
687728
687794
687859
687972
687979
687983
688034
688131
688138
688177
688312
688343
688436
688460
688465
688542
688544
688639
688863
688898
689040
689088
689108
689112
689122
689127
689144
689148
689285
689323
689389
689397
689478
689479
689815
689834
689968
690085
690122
690124
690127
690128
690129
690131
690135
690136
690137
690138
690178
690193
690213
690221
690248
690286
690311
690372
690451
690481
690546
690549
690558
690585
690637
690658
690795
690799
690905
691068
691100
691151
691196
691212
691223
691397
691473
691546
691646
691734
691860
691932
692074
692079
692227
692291
692380
692421
692436
692478
692510
692531
692559
692774
692830
692885
693071
693073
693315
693318
693400
693467
693474
693475
693486
693544
693582
693670
693676
693742
693749
693780
693840
693905
693907
694211
694224
694378
694435
694439
694441
694476
694556
694657
694662
694673
694717
694725
694731
694739
694944
694951
695042
695046
695138
695155
695256
695270
695350
695452
695564
695569
695697
696006
696053
696393
696513
696527
696605
696673
696785
696822
696845
696958
697027
697123
697135
697181
697389
697399
697709
697782
697798
697799
697953
698074
698320
698649
698663
698672
698676
698968
699018
699019
699087
699177
699183
699221
699250
699337
699349
699351
699378
699496
699515
699651
699732
700205
700290
700347
700358
700423
700424
700522
700544
700556
700591
700604
700650
700686
701029
701121
701277
701369
701407
701481
701510
701578
701974
702023
702029
702037
702068
702070
702120
702196
702349
702391
702608
702621
702759
703050
703069
703127
703268
703297
703351
703698
703745
703781
703882
704179
704208
704214
704245
704262
704336
704422
704567
704618
704630
704646
704774
704792
704849
704993
705058
705072
705075
705208
705279
705283
705354
705368
705387
705393
705396
705397
705416
705433
705450
705451
705519
705528
705586
705863
705871
705873
705877
705949
706001
706199
706236
706237
706383
706396
706494
706525
706559
706565
706574
706629
706677
706727
706778
706856
706857
706862
706891
706898
706908
707031
707037
707085
707116
707131
707142
707192
707214
707396
707408
707446
707455
707474
707621
707639
707757
707794
707851
707860
708025
708336
708362
708494
708561
708623
708697
708699
708706
708788
708790
708805
708808
708994
709034
709059
709082
709147
709196
709238
709263
709427
709430
709514
709519
709559
709564
709567
709608
709614
709621
709631
709642
709692
709786
709798
709842
709907
709912
709983
709992
710003
710019
710217
710219
710228
710242
710295
710309
710457
710493
710572
710672
710684
710717
710734
710743
710922
711069
711342
711370
711427
711471
711629
711641
711705
711715
711754
711813
711963
711975
712079
712277
712286
712499
712503
712508
712510
712762
712907
712972
713130
713138
713197
713341
713364
713422
713474
713478
713479
713504
713523
713563
713582
713651
713704
713828
713951
714129
714150
714153
714199
714216
714270
714324
714358
714440
714460
714479
714595
714669
714803
714870
714995
715107
715123
715133
715159
715179
715181
715203
715235
715239
715260
715275
715324
715370
715402
715461
715486
715550
715658
715762
715894
715900
715903
715951
716109
716119
716130
716258
716283
716300
716309
716343
716387
716480
716703
716750
716786
716819
716820
716822
717011
717021
717096
717226
717285
717319
717360
717367
717372
717397
717672
717716
717728
717859
717942
717972
718014
718022
718055
718083
718134
718138
718146
718151
718159
718161
718292
718389
718400
718416
718460
718558
718617
718630
718754
718892
718962
719033
719050
719072
719106
719173
719221
719280
719296
719309
719311
719318
719319
719323
719324
719327
719535
719704
719770
719829
719864
719950
720009
720018
720026
720065
720104
720109
720132
720312
720395
720407
720442
720667
720689
720771
720929
720959
721118
721196
721257
721333
721466
721540
721877
721894
721927
721930
721940
721952
721955
722261
722354
722358
722472
722516
722522
722526
722603
722688
722709
722710
722714
722717
722722
722724
722780
722845
723024
723072
723111
723135
723144
723186
723227
723255
723270
723337
723377
723393
723408
723419
723447
723454
723538
723553
724046
724165
724350
724359
724427
724451
724457
724479
724492
724585
724653
724736
724789
724901
724963
724980
724985
725114
725146
725223
725283
725295
725303
725495
725543
725623
725640
725646
725764
725813
725835
725836
725842
725851
725922
725960
725992
726031
726062
726120
726124
726217
726239
726352
726455
726504
726507
726521
726527
726741
726753
726784
726881
726939
726953
726999
727016
727111
727128
727251
727347
727352
727353
727457
727478
727488
727574
727714
728054
728065
728069
728122
728144
728218
728289
728292
728298
728305
728415
728617
728623
728690
728694
728732
728773
728791
728795
728796
728872
728874
728907
728917
728941
728948
728949
729004
729170
729176
729316
729341
729429
729454
729482
729613
729634
729660
729674
729705
729713
729722
729740
729832
729872
729877
729878
729881
729882
729884
729887
729935
729938
730158
730162
730167
730170
730180
730189
730227
730255
730286
730406
730407
730639
730757
730766
730780
730788
730873
730890
730903
731001
731041
731158
731163
731204
731216
731222
731230
731233
731339
731343
731391
731477
731491
731583
731587
731653
731727
731732
731740
731741
731767
731776
731803
731810
731893
731981
731985
732045
732114
732115
732118
732231
732232
732233
732234
732333
732344
732471
732472
732510
732520
732550
732558
732678
732713
732773
732856
732912
732945
733006
733049
733068
733126
733156
733322
733387
733415
733491
733506
733528
733590
733592
733605
733615
733699
733837
733852
733858
733866
733874
733878
733914
733932
733937
733958
734001
734072
734216
734353
734451
734557
734639
734707
734844
734881
734973
735012
735031
735072
735116
735117
735156
735253
735423
735427
735437
735458
735504
735580
735734
735736
735740
735744
735933
735967
735979
735981
736189
736274
736308
736381
736447
736485
736506
736509
736611
736694
736735
736752
736818
736853
736883
736934
737039
737233
737259
737267
737271
737284
737322
737586
737693
737736
737737
737759
737803
737830
737853
737855
737859
737867
737881
737885
737974
737998
738008
738057
738065
738090
738098
738110
738127
738141
738156
738162
738168
738170
738183
738332
738370
738388
738391
738440
738441
738444
738454
738461
738466
738467
738475
738477
738493
738496
738507
738509
738540
738542
738661
738730
738746
738748
738756
738890
738891
738893
738898
738914
739068
739087
739123
739133
739275
739343
739372
739403
739422
739440
739445
739447
739449
739451
739453
739454
739456
739458
739474
739479
739573
739582
739587
739590
739596
739603
739643
739706
739788
739887
739890
739893
739901
739914
739990
739995
740016
740049
740119
740130
740157
740257
740264
740267
740318
740513
740533
740594
740598
740611
740623
740794
740899
740903
740908
740925
740991
740994
741112
741174
741178
741187
741206
741261
741271
741278
741357
741380
741382
741422
741425
741451
741533
741567
741581
741586
741588
741592
741612
741613
741630
741632
741635
741636
741651
741686
741712
741835
741882
741883
741887
741917
741919
741957
741964
741984
742048
742107
742147
742179
742191
742312
742433
742797
742899
742906
742926
742948
742951
742961
742963
743022
743032
743149
743581
743654
743757
743823
743964
744013
744041
744065
744168
744210
744273
744388
744428
744456
744515
744538
744540
744542
744552
744571
744606
744742
744746
744750
744859
744979
745002
745040
745047
745050
745179
745210
745213
745282
745327
745328
745342
745407
745456
745467
745475
745795
745934
745936
745986
746132
746135
746148
746157
746161
746164
746223
746240
746520
746524
746666
746689
746722
746729
746746
746817
746891
746894
746943
746953
746971
747005
747117
747156
747170
747171
747239
747327
747345
747359
747376
747424
747429
747432
747463
747512
747578
747593
747706
747716
747719
747721
747728
747729
747731
747816
747901
747919
747923
747941
747957
748048
748115
748150
748155
748224
748225
748230
748251
748282
748283
748407
748464
748474
748543
748561
748589
748621
748700
748712
748717
748810
748812
748853
748910
748918
748939
748942
748990
749029
749039
749044
749047
749086
749109
749120
749173
749239
749240
749256
749269
749290
749302
749305
749377
749380
749416
749464
749519
749522
749527
749555
749581
749582
749611
749613
749645
749727
749951
750109
750121
750141
750143
750206
750219
750271
750281
750288
750301
750303
750305
750306
750322
750344
750401
750415
750512
750518
750522
750543
750569
750587
750620
750694
750697
750725
750732
750838
750843
750895
750914
751004
751023
751055
751062
751073
751078
751097
751099
751134
751237
751251
751252
751254
751298
751360
751361
751365
751394
751396
751418
751422
751423
751436
751443
751447
751453
751497
751583
751626
751731
751743
751801
751840
751848
751855
751856
751965
751969
752001
752004
752100
752126
752133
752142
752144
752148
752157
752177
752200
752262
752281
752289
752290
752295
752307
752350
752354
752378
752428
752434
752435
752436
752440
752443
752444
752446
752448
752450
752500
752505
752510
752553
752687
752715
752722
752743
752761
752762
752795
752809
752819
752825
752833
752834
752867
752874
752880
752898
752902
752904
752968
753074
753076
753131
753143
753147
753158
753170
753208
753270
753328
753337
753402
753411
753436
753443
753451
753453
753455
753468
753571
753574
753773
753926
753931
753937
753973
754001
754006
754017
754040
754195
754218
754267
754325
754330
754343
754351
754408
754453
754501
754588
754607
754651
754758
754785
754801
754824
754859
754928
754933
754934
754952
754983
755001
755135
755157
755200
755211
755249
755329
755349
755350
755561
755566
755737
755788
755792
755794
755798
755804
755915
755998
756017
756112
756158
756237
756267
756278
756283
756290
756293
756303
756317
756327
756331
756341
756342
756360
756423
756432
756439
756446
756452
756457
756523
756530
756540
756545
756566
756570
756599
756627
756630
756643
756673
756674
756693
756720
756774
756783
756792
756793
756810
756820
756830
756838
756885
756956
756999
757004
757013
757055
757073
757173
757224
757242
757269
757344
757345
757352
757360
757393
757405
757424
757442
757453
757655
757672
757709
757720
757838
757844
757845
757853
757855
757911
757916
757981
758022
758105
758241
758279
758292
758298
758323
758344
758439
758443
758501
758506
758511
758517
758589
758637
758640
758724
758744
758761
758769
758772
758823
758853
758860
758861
758893
758897
759071
759102
759123
759165
759189
759193
759213
759220
759230
759239
759248
759292
759365
759373
759377
759378
759409
759413
759420
759426
759437
759486
759516
759578
759585
759619
759665
759682
759768
759776
759802
759807
759818
759902
759908
759933
759937
759951
759955
759957
759970
760020
760104
760161
760195
760204
760218
760271
760272
760308
760312
760466
760508
760512
760537
760540
760608
760688
760741
760825
760871
760875
760919
760953
760998
761055
761116
761198
761260
761298
761333
761337
761533
761554
761563
761600
761746
761823
761837
761841
761848
761869
761903
762068
762112
762161
762195
762255
762295
762302
762305
762441
762457
762504
762567
762640
762645
762655
762660
762685
762741
762758
762832
762842
762863
762916
762921
762998
763053
763091
763139
763149
763161
763162
763209
763256
763345
763368
763370
763427
763453
763531
763631
763672
763743
763747
763749
763751
763818
763820
763850
763967
763975
763992
764013
764065
764073
764080
764086
764091
764231
764294
764410
764619
764620
764673
764729
764765
764794
764813
764814
764893
765012
765128
765190
765193
765210
765402
765534
765695
765699
765704
765707
765732
765758
765765
765771
765810
765832
765869
765905
765923
765967
765968
765996
766024
766029
766069
766184
766189
766217
766220
766229
766237
766325
766358
766375
766376
766394
766401
766457
766505
766530
766543
766579
766592
766764
766814
767069
767152
767204
767210
767214
767216
767234
767243
767250
767256
767259
767274
767276
767395
767471
767499
767504
767528
767613
767615
767657
767711
767720
767726
767805
767835
767841
767864
768253
768275
768370
768447
768507
768570
768632
768667
768698
768893
768983
769002
769011
769013
769021
769098
769127
769254
769270
769319
769347
769364
769397
769403
769616
769629
769642
769657
769664
769686
769704
769932
770107
770165
770338
770382
770393
770404
770428
770436
770452
770456
770461
770496
770503
770549
770590
770632
770684
770725
770740
770867
770951
770973
770977
770992
771117
771157
771536
771555
771820
772278
772288
772312
772318
772362
772576
772603
772650
772667
772957
772973
772977
773053
773257
773274
773409
773491
773691
773701
773724
773769
773897
773909
774021
774044
774103
774108
774118
774123
774131
774132
774139
774146
774309
774404
774454
774629
774763
774862
774887
774895
774900
775052
775063
775265
775272
775381
775400
775481
775483
775501
775564
775566
775567
775596
775771
775792
776028
776041
776055
776094
776195
776211
776236
776251
776294
776462
776486
776491
776497
776501
776506
776657
776666
776874
776904
776942
776944
776948
776949
777177
777235
777250
777305
777486
777537
777573
777620
777697
777733
777739
777752
777828
777830
777849
777912
778042
778126
778190
778211
778262
778371
778379
778436
778439
778519
778560
778583
778590
778596
778755
778764
778780
778801
778919
779067
779157
779167
779216
779234
779246
779247
779385
779433
779568
779569
779621
779844
780160
780182
780204
780267
780268
780273
780275
780280
780281
780283
780318
780365
780591
780609
780643
780652
780656
780666
780688
780748
780766
780815
780821
780832
780863
781001
781004
781012
781020
781025
781032
781046
781050
781076
781180
781197
781317
781319
781326
781329
781331
781332
781334
781337
781338
781340
781342
781345
781346
781349
781353
781355
781362
781363
781372
781378
781418
781444
781526
781635
781678
781683
781705
781713
781719
781724
781849
781926
781935
781970
781984
781995
782055
782072
782083
782140
782172
782176
782177
782179
782204
782209
782212
782214
782226
782230
782236
782238
782341
782358
782390
782442
782654
782667
782760
782869
782936
782984
783061
783088
783089
783104
783161
783233
783262
783281
783327
783333
783335
783340
783460
783546
783729
783839
783917
783947
783949
783963
783990
784015
784058
784075
784115
784147
784155
784177
784192
784217
784284
784485
784486
784488
784495
784593
784630
784791
784800
784817
784838
784850
784858
785059
785075
785095
785097
785121
785125
785131
785136
785141
785152
785157
785163
785166
785167
785174
785176
785293
785328
785401
785443
785614
785662
785734
785757
785759
785763
785764
785869
785885
786018
786050
786110
786126
786127
786300
786372
786399
786426
786573
786584
786593
786627
786747
786754
786835
786842
786851
786853
786856
786864
786866
786870
786878
786881
786966
786971
786990
787009
787046
787052
787085
787115
787173
787174
787180
787187
787277
787283
787288
787316
787344
787370
787373
787402
787460
787465
787468
787469
787490
787506
787527
787590
787635
787747
787752
787760
787761
787785
787935
788073
788176
788297
788303
788376
788470
788527
788623
788635
788873
789113
789208
789310
789339
789351
789373
789375
789382
789413
789446
789581
789637
789784
789791
789955
790020
790027
790227
790509
790634
790695
790803
790856
790893
790894
790949
790953
791141
791177
791329
791335
791388
791394
791479
791528
791615
791698
791906
791910
792101
792103
792149
792251
792492
792494
792505
792615
792657
792667
792684
792720
792736
792739
792741
792742
792772
792800
792993
793002
793041
793234
793354
793368
793370
793376
793462
793549
793608
793786
793794
793828
793835
793836
793896
793914
793942
793967
794004
794234
794325
794349
794452
794487
794567
794686
794766
794783
794922
794925
794960
795051
795135
795136
795155
795206
795422
795444
795500
795508
795518
795562
795604
795724
795742
795756
795853
795970
796032
796197
796211
796214
796237
796250
796256
796265
796353
796428
796523
796571
796581
796604
796621
796640
796643
796734
796759
796941
796945
797003
797012
797052
797134
797147
797166
797173
797313
797333
797393
797400
797425
797502
797582
797648
797742
797764
797781
797786
797815
797886
797946
797974
798060
798082
798091
798093
798104
798106
798128
798155
798296
798434
798443
798467
798529
798719
798829
798966
799051
799097
799098
799099
799102
799105
799123
799131
799134
799139
799144
799182
799246
799308
799344
799364
799398
799540
799568
799640
799651
799655
799874
799878
799904
799920
799933
799943
799953
799959
799982
800098
800109
800156
800198
800302
800319
800417
800461
800469
800472
800474
800497
800597
800681
800748
800815
800844
800857
800861
800891
800984
801071
801078
801085
801109
801178
801233
801244
801271
801320
801449
801454
801464
801485
801527
801548
801557
801583
801651
801691
801773
801774
801794
801802
801808
801830
801937
801970
802055
802066
802067
802108
802226
802344
802363
802369
802605
802610
802657
802724
802725
802728
802777
802835
802839
802851
802887
802909
802917
802954
802963
802969
803114
803135
803139
803142
803182
803216
803217
803229
803442
803634
803779
803912
803938
803939
804041
804043
804046
804122
804127
804167
804236
804261
804267
804281
804373
804374
804392
804572
804616
804706
804755
804941
805060
805064
805067
805102
805104
805107
805206
805207
805209
805221
805224
805350
805365
805396
805420
805421
805429
805434
805436
805446
805473
805475
805532
805619
805620
805678
805682
805688
805705
805748
806204
806207
806248
806269
806275
806291
806309
806322
806431
806639
806715
806731
806804
806845
806846
806853
806892
806893
806895
806944
807001
807002
807003
807025
807030
807049
807172
807182
807278
807320
807327
807336
807339
807356
807412
807969
808031
808033
808037
808039
808049
808053
808056
808059
808063
808065
808069
808090
808100
808207
808300
808340
808408
808421
808424
808429
808445
808600
808648
808683
808748
808789
808793
808810
808865
809198
809207
809282
809347
809393
809397
809431
809439
809442
809485
809524
809556
809557
809561
809563
809570
809571
809586
809587
809591
809596
809610
809614
809642
809654
809668
809678
809703
809789
809892
809929
809962
810018
810024
810045
810047
810062
810082
810161
810163
810263
810271
810387
810402
810427
810464
810499
810748
810896
811061
811068
811076
811149
811153
811191
811467
811622
811646
811652
811656
811707
811743
811755
811758
811763
811767
811781
811783
811816
811822
811825
811829
811832
811847
811869
811914
811921
811928
811939
812235
812237
812275
812292
812307
812310
812320
812340
812341
812427
812494
812498
812557
812605
812612
812616
812620
812621
812641
812653
812665
812694
812795
812822
812915
812957
812969
812983
812987
813003
813006
813025
813033
813057
813066
813263
813289
813428
813538
813583
813658
813724
813743
813848
813980
813992
814029
814043
814048
814084
814273
814320
814406
814426
814510
814615
814678
814686
814764
814800
814811
814889
814891
814904
814951
815067
815088
815128
815136
815143
815209
815279
815569
815631
816187
816311
816349
816365
816381
816450
816487
816512
816515
816516
816519
816528
816538
816546
816566
816656
816685
816759
816790
816798
816801
816811
816820
816949
816952
816977
817077
817170
817184
817282
817348
817490
817499
817514
817677
817680
817686
817747
817811
817839
817869
818072
818108
818153
818230
818269
818331
818442
818527
818543
818664
818735
818823
818834
818972
818999
819250
819259
819371
819604
819617
819660
819876
819926
820032
820385
820511
820609
820645
820657
820662
820725
820748
821038
821098
821320
821385
821390
821479
821485
821489
821499
821501
821670
821678
821684
821783
822075
822148
822428
822435
822441
822448
822475
822499
822554
822618
823034
823040
823155
823191
823199
823202
823207
823210
823339
823359
823393
823427
823491
823594
823662
823764
823847
824063
824254
824326
824503
824623
824643
824657
824734
824739
824761
824806
824843
824877
824915
824923
824937
824982
825016
825045
825162
825193
825208
825357
825409
825410
825448
825465
825530
825577
825594
825664
825691
825725
825808
825818
825824
825895
825900
826047
826048
826056
826092
826135
826146
826161
826188
826632
826649
826686
826710
826753
826777
826843
826863
826930
826933
827064
827072
827144
827157
827255
827285
827315
827525
827797
827931
828192
828305
828306
828340
828514
828651
828683
828691
828723
829035
829038
829053
829243
829357
829358
829370
829410
829523
829652
829660
829674
830036
830180
830184
830524
830764
830788
830794
830806
830821
830826
830984
831017
831055
831179
831186
831207
831396
831410
831438
831529
831654
831703
831830
831877
832105
832227
832233
832257
832310
832454
832458
832508
832543
832557
832601
832602
832615
832625
832649
832672
833023
833084
833187
833195
833198
833200
833249
833425
833454
833468
833639
833803
833804
834192
834332
834347
834455
834522
834578
834619
834849
834875
834883
834971
834979
835062
835074
835243
835262
835284
835292
835457
835560
835638
835653
835679
835742
835746
835875
836008
836155
836221
836225
836269
836325
836333
836439
836570
836713
836738
836795
836833
836924
836998
837242
837271
837286
837382
837503
837506
837513
837542
837544
837650
837707
837780
837840
837997
838003
838117
838237
838317
838321
838322
838484
838516
838578
838594
838630
838719
838819
838923
839006
839010
839069
839097
839253
839262
839342
839347
839436
839440
839552
839557
839647
839678
839741
839761
839801
840254
840297
840343
840537
840543
840705
840783
840805
840818
840819
840887
840889
841591
841657
841715
841938
841946
842098
842139
842159
842169
842200
842343
842417
842419
842442
842493
842514
842521
842707
842715
842721
842786
842819
842820
842826
842891
842948
843039
843158
843289
843324
843487
843489
843621
843679
843730
843784
843807
843842
843878
843880
843898
843932
843978
844059
844094
844295
844322
844380
844396
844398
844537
844555
844634
844697
844775
844917
844918
844986
845004
845061
845097
845119
845123
845152
845157
845178
845251
845319
845474
845554
845643
845692
845783
845802
845831
846045
846072
846255
846278
846284
846311
846423
846424
846441
846778
846785
846895
847066
847087
847140
847163
847171
847197
847314
847339
847420
847445
847549
847557
847562
847564
847679
847996
848055
848057
848067
848090
848186
848197
848239
848241
848278
848286
848289
848391
848432
848440
848542
848664
848676
848707
848723
848740
848818
848839
848840
848842
848866
848886
848887
848912
848927
848949
848955
849042
849043
849044
849059
849361
849365
849369
849422
849496
849497
849635
849640
849735
849815
849828
849847
850010
850050
850060
850065
850071
850127
850148
850218
850258
850379
850439
850502
850575
850674
850699
850779
850782
850920
850973
851025
851100
851124
851275
851289
851296
851307
851308
851466
851468
851539
851622
851661
851665
851762
851782
851839
851862
851950
851965
851972
852093
852095
852096
852202
852252
852283
852313
852431
852485
852565
852593
852636
852676
852696
852701
852783
852795
852829
852850
852862
852910
852917
852930
852954
852966
852986
852995
853019
853034
853035
853043
853085
853094
853155
853157
853163
853178
853334
853387
853391
853413
853500
853545
853585
853590
853604
853677
853682
853688
853691
853730
853764
853770
853796
853799
853810
853854
853924
853956
853958
853959
854113
854114
854153
854160
854169
854188
854240
854244
854251
854283
854302
854328
854417
854442
854529
854535
854561
854640
854748
854765
854790
854840
854852
854867
854881
854887
854890
854902
854907
854932
854953
854989
854996
855006
855033
855044
855140
855187
855190
855192
855197
855202
855228
855245
855267
855273
855435
855451
855467
855472
855536
855560
855912
855971
855997
856006
856015
856060
856062
856082
856085
856090
856091
856122
856221
856273
856274
856290
856421
856517
856547
856639
856661
856668
856680
856795
856839
856973
857141
857240
857270
857279
857334
857382
857391
857415
857417
857427
857429
857444
857447
857501
857504
857570
857614
857678
857708
857797
857821
857922
858003
858015
858017
858061
858066
858071
858074
858077
858159
858161
858162
858164
858169
858180
858181
858188
858233
858239
858243
858270
858284
858296
858314
858325
858346
858461
858463
858472
858492
858524
858572
858581
858600
858614
858619
858653
858690
858747
858790
858824
858836
858838
858841
858844
858856
858975
859048
859347
859357
859428
859430
859431
859497
859609
859657
859698
859725
859768
859804
859839
859912
859992
860022
860027
860073
860126
860135
860177
860214
860292
860303
860304
860311
860346
860537
860553
860606
860728
860764
860849
860861
860867
860869
860931
860955
861043
861057
861069
861136
861165
861177
861264
861303
861332
861367
861413
861418
861454
861456
861507
861523
861913
861942
862009
862029
862035
862054
862065
862069
862090
862131
862239
862250
862280
862404
862529
862531
862533
862538
862565
862671
862672
862724
862748
862758
862789
862816
862818
862857
862908
862970
863171
863181
863295
863371
863406
863438
863443
863525
863542
863593
863594
863596
863662
863672
863680
863688
863776
863831
863841
863848
863856
863946
864012
864142
864207
864237
864536
864750
864844
864850
864860
864873
864959
865008
865355
865390
865419
865439
865528
865556
865576
865616
865620
865672
865939
865949
866002
866027
866100
866153
866376
866401
866510
866661
866682
866700
866716
866741
868265
868547
868551
868603
868706
868757
868768
868854
869016
869041
869046
869071
869101
869136
869150
869154
869291
869434
869443
869528
869618
869710
869764
869900
869953
869989
870056
870110
870182
870196
870352
870383
870478
870506
870510
870531
870542
870619
870660
870671
870809
870946
870950
870957
871034
871138
871401
871406
871440
871449
871472
871493
871502
871598
871624
871654
871836
871875
871896
872010
872253
872255
872278
872283
872325
872338
872376
872382
872383
872386
872485
872497
872506
872512
872514
872554
872618
872620
872640
872663
872668
872671
872721
872728
872732
872737
872787
872886
872889
872890
872940
873096
873113
873330
873343
873516
873529
873559
873639
873668
873674
873717
873754
873784
873787
873808
873865
873888
873904
873967
873973
874242
874265
874334
874544
874594
874605
874657
874687
874728
874753
874756
874758
874832
874891
874894
874950
874969
874973
875022
875030
875081
875137
875138
875236
875268
875314
875334
875356
875426
875429
875487
875875
875893
875903
875915
875986
875989
876001
876010
876084
876122
876177
876205
876210
876222
876224
876227
876237
876247
876254
876269
876283
876286
876349
876418
876430
876457
876465
876531
876544
876598
876600
876707
876708
876711
876712
876801
876802
876864
876932
876949
877000
877024
877055
877087
877089
877106
877189
877247
877374
877375
877430
877436
877439
877445
877772
877907
877975
878096
878113
878362
878367
878414
878494
878508
878576
878671
878686
878720
878750
878777
878838
878844
878849
878853
878856
878900
878941
878958
879033
879062
879138
879165
879203
879209
879226
879267
879305
879329
879339
879430
879432
879486
879497
879538
879600
879672
879689
879717
879734
879796
879849
879878
879879
879912
879917
879956
879957
880004
880024
880029
880068
880100
880226
880264
880271
880289
880294
880311
880324
880329
880337
880370
880381
880393
880398
880515
880565
880567
880568
880572
880582
880585
880623
880724
880774
880841
880845
880937
880939
880981
881053
881070
881108
881138
881212
881216
881219
881258
881308
881310
881317
881349
881355
881380
881402
881404
881405
881424
881460
881464
881487
881502
881555
881598
881688
881756
881761
881800
881803
881820
881828
881855
881882
882008
882051
882052
882055
882157
882162
882186
882216
882218
882235
882418
882431
882488
882502
882530
882593
882596
882598
882754
882806
882835
882904
882948
883001
883034
883089
883090
883185
883217
883220
883275
883299
883341
883347
883361
883428
883680
883745
883891
883977
883978
883989
884059
884093
884180
884184
884224
884234
884288
884304
884356
884402
884415
884506
884517
884536
884551
884681
884728
884788
884789
884800
884826
884882
885030
885101
885121
885187
885189
885192
885284
885346
885375
885460
885468
885683
885755
885837
885895
885903
885930
885938
886083
886142
886305
886317
886336
886427
886481
886514
886576
886581
886604
886606
886608
886611
886638
886778
886873
886884
886885
886961
886963
887130
887169
887173
887187
887265
887318
887445
887470
887556
887583
887690
887786
887907
887920
887924
888097
888111
888117
888162
888192
888212
888257
888368
888380
888452
888478
888502
888532
888665
888694
888827
888838
888842
889046
889107
889198
889266
889418
889424
889470
889485
889539
889658
889676
889681
889685
889753
889834
889839
889977
890166
890348
890407
890452
890729
890771
890874
891013
891184
891195
891253
891282
891514
891527
891576
891701
891702
891704
891924
891931
891936
891983
891989
891991
891996
892075
892079
892087
892110
892113
892142
892175
892219
892259
892265
892361
892368
892417
892426
892432
892444
892457
892458
892771
892910
892957
892965
893032
893098
893255
893284
893323
893338
893354
893355
893384
893396
893411
893535
893861
893985
894125
894205
894239
894334
894400
894570
894586
894600
894698
894699
894734
894751
894818
894844
895073
895158
895178
895267
895290
895318
895433
895492
895499
895627
895814
895862
895895
896011
896087
896155
896161
896163
896164
896169
896173
896180
896205
896268
896345
896352
896375
896413
896448
896592
896628
896662
896890
896922
897078
897159
897260
897268
897338
897343
897398
897424
897454
897488
897871
897874
897954
898021
898080
898100
898228
898348
898365
898369
898435
898555
898562
898563
898714
898770
898774
898791
898798
898860
899060
899215
899269
899294
899298
899324
899445
899504
899579
899603
899606
899620
899673
899675
899694
899722
899754
899810
899840
899871
899907
899977
899996
900065
900273
900314
900322
900352
900412
900855
900913
901040
901060
901090
901247
901257
901264
901321
901330
901338
901385
901418
902914
902984
903040
903075
903097
903276
903329
903500
903508
903513
903802
903852
904085
904116
904364
904449
904633
904636
904648
904669
904924
904926
904929
904931
905011
905044
905070
906200
906355
906389
906419
906421
906425
906460
907390
908806
910355
910501
910703
910705
910711
910791
910799
910803
910807
910889
911045
911106
911243
911348
911416
911425
911860
911904
911911
911926
912103
912129
912133
912163
912195
912391
912404
912407
912556
912602
912638
912668
912734
912778
912793
912858
912865
912878
912937
913017
913062
913100
913120
913163
913290
913415
913479
913487
913568
913645
913673
913726
913878
914015
914037
914075
914091
914215
914228
914312
914397
914520
914572
914799
915058
915156
915160
915162
915268
915292
915296
915310
915539
915572
915707
915893
915967
915968
915982
915984
916042
916117
916120
916124
916300
916433
916439
916489
916589
916710
916735
916790
916930
916965
916992
917007
917199
917222
917315
917324
917496
917514
917708
917883
917990
918007
918096
918118
918356
918547
918594
918597
918613
918615
918621
918675
918727
918731
918749
918762
918940
919076
919131
919134
919345
919363
919435
919530
919542
919567
919817
919873
920081
920362
920397
920419
920429
920470
920551
920633
920635
920642
920697
920845
920958
921213
921216
921384
921525
921644
921646
921782
922048
922247
922437
922443
922496
922504
922562
922596
922607
922742
922747
922754
922801
922848
922952
923162
923217
923238
923246
923255
923321
923404
923414
923672
923763
923855
923869
923994
923995
924033
924036
924323
924382
924618
924780
925045
925168
925310
925457
925705
925843
925890
925891
925988
925997
926003
926054
926070
926074
926092
926153
926255
926378
926403
926448
926449
926599
926606
926682
926687
926688
926723
926762
926813
926818
926827
926831
926835
926837
927041
927138
927287
927335
927341
927359
927516
927554
927559
927767
927771
927849
927854
927942
928015
928020
928074
928077
928087
928089
928102
928103
928105
928116
928125
928130
928131
928133
928153
928250
928345
928391
928397
928480
928591
928603
928628
928634
928643
928646
928668
928716
928773
928776
928777
928778
928779
928793
928796
928800
929007
929030
929089
929118
929230
929334
929428
929455
929461
929525
929562
929665
929944
929947
930055
930057
930087
930253
930308
930314
930600
930662
930726
930765
930791
930802
930860
930908
930914
930916
930962
931049
931099
931153
931237
931295
931309
931311
931317
931318
931323
931325
931332
931345
931346
931349
931358
931375
931398
931410
931447
931455
931510
931518
931529
931536
931579
931594
931616
931628
931650
931734
931769
931892
931922
931940
931957
932066
932276
932402
932470
932472
932481
932598
932752
932868
932890
932914
932943
932994
933069
933088
933090
933098
933138
933139
933140
933224
933238
933260
933292
933342
933403
933561
933726
933740
933749
933900
933908
934010
934104
934131
934194
934201
934205
934207
934241
934433
934438
934553
934601
934611
934630
934665
934707
934708
934781
934841
934864
934957
935020
935066
935073
935097
935347
935643
935720
935816
935978
935999
936002
936042
936084
936152
936169
936199
936252
936358
936359
936444
936602
936615
936700
936783
936797
936813
936820
936852
936933
937306
937329
937390
937393
937609
937656
937663
937693
937747
937765
937941
938049
938095
938128
938135
938251
938523
938596
938614
938669
938671
938804
938806
938836
938849
938850
938935
939064
939072
939191
939195
939202
939204
939205
939207
939209
939211
939212
939214
939219
939224
939225
939226
939228
939231
939541
939648
939773
939811
939914
939928
939959
940045
940165
940187
940290
940382
940402
940561
940562
940690
940754
941009
941041
941059
941060
941062
941256
941464
941516
941526
941711
941723
941741
941805
941883
941954
942057
942161
942202
942236
942251
942318
942321
942364
942888
942890
942905
942907
942936
943162
943233
943519
943527
943600
943701
943747
943748
943788
943909
943919
943960
944251
944267
944275
944323
944367
944389
944471
944568
944638
944869
944926
944929
944968
944972
944976
944978
944997
945071
945093
945331
945348
945382
945383
945443
945591
945610
945657
945840
945847
945880
945920
945961
945966
945981
946020
946215
946217
946253
946317
946466
946490
946723
946763
946774
947073
947159
947235
947305
947335
947532
947612
947797
947822
947884
947892
947902
947930
948033
948056
948067
948072
948080
948124
948202
948259
948297
948334
948399
948413
948495
948892
949233
949423
949486
949505
949544
949567
949569
949574
949578
949607
949621
949635
949710
949720
949806
949855
950088
950110
950120
950125
950141
950182
950198
950201
950207
950279
950318
950434
950489
950490
950545
950601
950609
950620
950626
950636
950680
950711
950778
950910
950924
950925
950975
951269
951443
951491
951546
951552
951582
951591
951593
951804
951955
951980
951996
952004
952018
952042
952045
952054
952280
952288
952297
952302
952730
952733
952780
952813
952876
953165
953211
953298
953367
953377
953410
953482
953754
953948
953991
954026
954038
954041
954171
954369
954388
954409
954410
954439
954489
954509
954547
954659
954771
954852
954858
954914
954929
955202
955217
955224
955323
955341
955353
955366
955455
955663
955686
955692
955714
955715
955731
955768
955820
955897
955950
955991
956056
956065
956214
956219
956223
956226
956350
956351
956425
956469
956490
956491
956517
956524
956547
956572
956590
956618
956835
956920
956948
957019
957056
957121
957124
957284
957314
957392
957394
957424
957452
957584
957587
957591
957593
957598
957726
957804
957841
957842
958256
958356
958410
958413
958417
958598
958633
958649
958801
958837
958975
958998
959041
959233
959385
959508
959636
959659
959663
959742
959767
959800
960077
960081
960258
960388
960393
960420
960424
960469
960470
960486
960586
960688
960750
960788
961021
961034
961048
961137
961172
961422
961427
961428
961512
961613
961962
962047
962354
962458
962486
962691
962764
963030
963062
963140
963188
963241
963591
963637
963675
963764
964181
964379
964392
964414
964587
964609
964780
964788
964847
964856
964873
964928
964991
965020
965213
965250
965289
965419
965425
965455
965708
965794
965982
966287
966300
966342
966364
966429
966436
966454
966465
966471
966560
966643
966661
966712
966723
966844
966851
966853
966973
967022
967068
967192
967228
967253
967345
967490
967503
967557
967586
967621
967738
967739
967742
967889
967967
967988
968013
968017
968019
968033
968051
968077
968094
968119
968123
968127
968340
968351
968397
968548
968604
968623
968624
968688
968742
968770
968779
968818
968862
968867
968927
968935
969005
969048
969160
969175
969245
969296
969402
969451
969455
969549
969573
969578
969608
969679
969686
969701
969719
969725
969728
969743
969751
969990
970106
970259
970324
970450
970466
970512
970571
970605
970630
970650
970700
970806
970836
970947
971065
971148
971152
971294
971420
971466
971620
971704
971725
971757
971766
971773
971788
972040
972200
972206
972239
972244
972261
972488
972561
972601
972617
972625
972642
972681
972701
972711
972731
972740
972816
972911
972914
972988
973070
973093
973197
973202
973205
973207
973239
973471
973480
973540
973543
973551
973553
973561
973572
973705
973714
973861
973899
973911
973929
973936
973970
973978
974021
974037
974046
974072
974187
974191
974211
974264
974284
974320
974382
974400
974604
974675
974698
974706
974712
974720
974725
974733
974776
974926
974931
975022
975026
975027
975047
975078
975129
975157
975177
975179
975185
975190
975193
975256
975265
975302
975451
975484
975494
975502
975526
975670
975704
975801
975887
975952
975957
975980
976034
976209
976224
976260
976374
976381
976395
976432
976437
976441
976532
976773
976798
976898
976923
976925
977000
977013
977052
977093
977100
977147
977226
977309
977394
977398
977438
977457
977554
977571
977595
977598
977625
977630
977632
977633
977634
977635
977636
977639
977640
977645
977647
977648
977649
977650
977651
977653
977654
977751
977786
977816
977836
977845
977853
977862
977866
977873
977963
977994
978019
978025
978040
978071
978097
978158
978163
978210
978217
978410
978522
978651
978796
978855
978906
978910
978912
978915
978916
978928
978938
978987
979018
979051
979064
979094
979197
979203
979329
979347
979499
979591
979728
979737
979738
979746
979755
979757
979760
979806
979967
980060
980062
980078
980079
980112
980128
980144
980150
980152
980155
980168
980173
980185
980325
980382
980395
980411
980446
980457
980465
980478
980569
980578
980605
980844
980845
980941
980942
980945
980948
980993
981006
981011
981218
981266
981270
981287
981289
981314
981316
981319
981322
981323
981324
981329
981347
981348
981567
981593
981608
981631
981680
981696
981777
981899
981946
981988
982067
982141
982151
982193
982200
982305
982312
982317
982322
982379
982419
982455
982458
982467
982498
982543
982552
982620
982637
982752
982842
982869
982872
982883
982909
982959
982966
983024
983228
983280
983286
983420
983421
983490
983496
983527
983531
983539
983565
983581
983707
983728
983758
983825
983954
983992
983993
984055
984072
984081
984105
984142
984160
984209
984225
984436
984555
984638
984640
984670
984778
984805
984862
984949
984961
985056
985059
985060
985062
985102
985146
985274
985276
985280
985282
985288
985296
985323
985329
985335
985383
985448
985611
985615
985672
985726
985747
985777
985814
985890
985892
985897
986009
986070
986083
986097
986197
986201
986359
986373
986402
986511
986608
986665
986677
986800
986805
986859
986953
986990
987061
987063
987066
987081
987097
987101
987102
987136
987147
987294
987305
987306
987310
987315
987330
987356
987401
987434
987496
987772
987801
987853
987911
987912
987926
988041
988092
988142
988165
988192
988233
988234
988265
988476
988498
988586
988591
988680
988682
988777
988857
988859
988988
989044
989223
989452
989751
989769
989872
990204
990266
990382
990419
990455
990511
990521
990541
990577
990806
990891
990962
990977
990982
991041
991111
991173
991188
991291
991294
991351
991357
991423
991570
991611
991743
991810
991825
991882
991887
991924
991930
992090
992180
992190
992204
992219
992272
992277
992279
992280
992285
992286
992445
992449
992452
992458
992460
992499
992655
992669
992688
992707
992709
992836
992846
992870
993049
993056
993057
993105
993112
993164
993174
993259
993299
993316
993324
993348
993398
993402
993517
993640
993651
993784
993818
993867
993871
993883
993921
994001
994012
994082
994084
994134
994138
994143
994160
994224
994253
994262
994348
994483
994495
994515
994545
994548
994549
994551
994592
994614
994629
994640
994728
994734
994759
995052
995172
995184
995191
995237
995302
995466
995497
995593
995764
995803
995805
995810
995890
996134
996230
996246
996266
996315
996331
996384
996503
996581
996587
996619
996658
996720
996727
996747
996761
996763
996885
996976
997316
997319
997383
997390
997395
997550
997553
997620
997622
997697
997713
997833
997887
998100
998104
998110
998121
998132
998134
998224
998263
998340
998390
998403
998409
998414
998440
998475
998494
999065
999126
999131
999136
999243
999308
999349
999386
999629
999640
999677
999681
999735
999779
999844
999869
999874
999981
1000173
1000296
1000361
1000723
1000999
1001042
1001221
1001226
1001414
1001449
1001547
1001669
1001688
1001696
1001755
1001767
1001828
1001922
1002071
1002135
1002150
1002151
1002176
1002191
1002226
1002258
1002325
1002349
1002576
1002594
1002624
1002632
1002639
1002644
1002756
1003078
1003106
1003114
1003124
1003233
1003251
1003264
1003273
1003632
1003716
1003734
1003797
1003819
1003821
1003838
1003849
1003890
1003955
1003960
1003981
1003990
1004130
1004269
1004466
1004563
1004635
1004645
1004662
1004691
1004785
1004862
1004885
1004996
1005004
1005020
1005102
1005122
1005301
1005318
1005337
1005367
1005376
1005378
1005388
1005395
1005500
1005545
1005550
1005559
1005566
1005625
1005683
1005770
1005772
1005776
1005852
1005860
1005977
1005989
1006025
1006437
1006453
1006462
1006513
1006543
1006595
1006613
1006757
1006769
1006860
1006932
1006937
1006940
1006947
1006998
1007002
1007019
1007022
1007049
1007205
1007217
1007242
1007272
1007334
1007492
1007535
1007595
1007869
1007931
1007963
1007983
1008026
1008042
1008169
1008246
1008270
1008323
1008368
1008374
1008385
1008392
1008412
1008413
1008419
1008440
1008452
1008515
1008543
1008547
1008732
1008756
1008812
1008821
1008870
1008876
1008886
1008936
1008980
1009047
1009049
1009078
1009103
1009140
1009154
1009358
1009663
1009705
1009719
1009840
1009872
1009917
1010018
1010589
1010600
1010673
1010698
1010708
1010754
1010755
1010756
1011017
1011025
1011026
1011043
1011207
1011213
1011215
1011219
1011395
1011566
1011604
1011607
1011608
1011609
1011616
1011621
1011679
1011759
1011879
1011999
1012009
1012076
1012078
1012220
1012279
1012298
1012560
1012582
1012643
1012706
1012722
1012756
1012796
1012803
1012855
1012971
1013137
1013203
1013325
1013328
1013340
1013482
1013589
1013599
1013667
1013694
1013699
1013870
1013932
1013934
1013944
1013966
1013970
1013982
1014049
1014087
1014195
1014227
1014245
1014310
1014320
1014373
1014375
1014410
1014421
1014422
1014431
1014501
1014503
1014531
1014574
1014629
1014648
1014659
1014661
1014684
1014689
1014691
1014707
1014932
1015080
1015081
1015180
1015254
1015261
1015303
1015360
1015416
1015456
1015482
1015539
1015642
1015694
1015793
1015798
1015812
1015868
1015872
1015908
1015912
1015936
1015957
1016030
1016268
1016361
1016383
1016385
1016401
1016453
1016519
1016521
1016526
1016686
1016688
1016696
1016848
1016923
1017014
1017030
1017063
1017072
1017075
1017180
1017184
1017293
1017324
1017328
1017335
1017380
1017469
1017585
1017635
1017733
1017752
1017797
1017802
1017818
1017910
1017920
1017995
1018026
1018055
1018088
1018092
1018105
1018106
1018133
1018149
1018169
1018190
1018219
1018357
1018416
1018429
1018518
1018542
1018549
1018653
1018799
1018804
1018829
1018852
1018879
1018905
1019018
1019123
1019173
1019179
1019219
1019342
1019444
1019520
1019523
1019542
1019545
1019581
1019692
1019836
1019846
1019849
1019858
1019881
1019890
1019902
1019951
1019961
1019967
1019996
1019999
1020011
1020042
1020182
1020236
1020255
1020263
1020264
1020266
1020280
1020371
1020410
1020414
1020528
1020625
1020696
1020701
1020791
1020857
1020890
1020910
1021035
1021056
1021064
1021083
1021092
1021093
1021120
1021257
1021335
1021438
1021456
1021470
1021921
1021967
1022002
1022024
1022103
1022115
1022128
1022132
1022134
1022244
1022479
1022634
1022654
1022672
1022680
1022700
1022701
1022703
1022767
1022779
1022827
1022828
1022892
1022988
1023082
1023086
1023125
1023241
1023251
1023257
1023315
1023492
1023495
1023588
1023802
1023853
1023922
1023985
1024141
1024142
1024223
1024470
1024530
1024532
1024535
1024555
1024562
1024591
1024597
1024598
1024687
1024702
1024721
1024747
1024773
1024800
1024822
1024908
1024955
1025154
1025165
1025508
1025523
1025542
1025572
1025647
1025783
1025826
1025832
1025918
1025946
1026057
1026066
1026068
1026072
1026202
1026222
1026244
1026256
1026280
1026299
1026352
1026355
1026356
1026401
1026421
1026496
1026532
1026542
1026573
1026574
1026606
1026717
1026718
1026721
1026727
1026772
1026810
1026819
1026891
1026938
1026942
1027002
1027027
1027094
1027160
1027377
1027385
1027396
1027451
1027465
1027482
1027492
1027496
1027629
1027680
1027728
1027765
1027847
1027853
1027859
1027865
1027873
1027876
1027899
1027919
1027929
1027933
1027950
1028005
1028215
1028296
1028359
1028424
1028562
1028571
1028583
1028617
1028623
1028648
1028653
1028674
1028677
1028703
1028704
1028708
1028720
1028848
1028908
1028944
1028955
1028999
1029019
1029027
1029033
1029038
1029132
1029169
1029235
1029241
1029281
1029322
1029324
1029351
1029352
1029436
1029465
1029539
1029657
1029659
1029663
1029683
1029686
1029728
1029773
1029801
1029813
1029843
1029955
1029992
1030062
1030089
1030107
1030149
1030187
1030247
1030250
1030253
1030372
1030429
1030452
1030457
1030460
1030552
1030619
1030635
1030647
1030655
1030675
1030677
1030678
1030680
1030684
1030687
1030691
1030703
1030707
1030721
1030789
1030928
1030937
1030961
1030968
1030972
1030983
1031114
1031133
1031134
1031139
1031141
1031144
1031146
1031198
1031206
1031208
1031280
1031283
1031306
1031358
1031359
1031393
1031416
1031441
1031448
1031478
1031488
1031540
1031568
1031649
1031659
1031702
1031745
1031747
1031833
1031838
1031876
1031929
1031963
1031975
1031989
1032032
1032049
1032061
1032115
1032121
1032152
1032201
1032305
1032372
1032385
1032419
1032439
1032448
1032479
1032490
1032494
1032506
1032514
1032612
1032620
1032628
1032664
1032666
1032667
1032682
1032710
1032744
1032780
1032823
1032876
1032910
1032948
1032949
1032988
1033052
1033113
1033153
1033244
1033320
1033413
1033424
1033431
1033467
1033494
1033566
1033636
1033801
1033805
1033807
1033808
1033883
1033909
1033931
1033936
1033946
1034045
1034067
1034093
1034097
1034123
1034245
1034408
1034480
1034483
1034485
1034520
1034541
1034542
1034580
1034673
1034689
1034693
1034703
1034725
1034732
1034771
1034785
1034861
1034886
1034887
1034929
1035013
1035065
1035084
1035187
1035188
1035189
1035190
1035383
1035450
1035462
1035499
1035544
1035583
1035584
1035595
1035641
1035654
1035689
1035705
1035798
1035835
1035882
1035903
1035982
1035995
1036023
1036026
1036133
1036139
1036239
1036291
1036293
1036432
1036451
1036609
1036637
1036684
1036685
1036701
1036718
1036809
1036814
1036820
1036914
1037017
1037125
1037217
1037352
1037355
1037459
1037461
1037464
1037545
1037578
1037581
1037599
1037618
1037628
1037635
1037664
1037684
1037785
1037791
1037799
1037806
1037841
1037854
1037863
1037880
1037903
1038002
1038043
1038048
1038068
1038083
1038092
1038116
1038134
1038143
1038217
1038225
1038257
1038272
1038378
1038392
1038454
1038460
1038473
1038481
1038505
1038587
1038595
1038596
1038601
1038609
1038621
1038699
1038711
1038766
1038794
1038869
1038871
1038887
1038938
1038972
1039099
1039103
1039108
1039183
1039204
1039213
1039233
1039282
1039335
1039359
1039368
1039380
1039425
1039442
1039454
1039508
1039672
1039725
1039750
1039761
1039777
1039779
1039790
1039792
1039795
1039803
1039811
1039821
1039824
1039871
1039886
1039898
1039901
1039928
1039948
1039958
1040077
1040089
1040091
1040095
1040101
1040128
1040134
1040144
1040150
1040153
1040155
1040161
1040176
1040182
1040197
1040229
1040292
1040417
1040437
1040468
1040516
1040551
1040562
1040573
1040616
1040629
1040632
1040700
1040783
1040785
1040789
1040821
1040844
1040880
1040884
1040892
1040938
1040961
1041051
1041081
1041097
1041114
1041195
1041265
1041399
1041404
1041446
1041471
1041517
1041569
1041613
1041631
1041660
1041680
1041905
1041968
1041971
1041972
1042028
1042049
1042091
1042114
1042158
1042179
1042240
1042250
1042253
1042277
1042316
1042321
1042369
1042390
1042394
1042407
1042435
1042479
1042555
1042568
1042602
1042623
1042644
1042657
1042667
1042678
1042700
1042720
1042736
1042778
1042835
1042962
1043041
1043197
1043228
1043258
1043267
1043274
1043284
1043291
1043306
1043313
1043513
1043571
1043590
1043635
1043639
1043648
1043675
1043725
1043746
1043848
1043890
1043984
1044303
1044305
1044433
1044442
1044488
1044525
1044533
1044548
1044551
1044560
1044641
1044650
1044660
1044714
1044719
1044798
1044827
1044833
1044873
1044878
1044895
1044908
1044945
1045001
1045057
1045129
1045145
1045182
1045189
1045190
1045203
1045235
1045244
1045275
1045276
1045280
1045283
1045536
1045563
1045572
1045599
1045620
1045745
1045777
1045801
1045940
1045980
1045983
1046021
1046059
1046120
1046150
1046205
1046297
1046326
1046558
1046594
1046603
1046729
1046810
1046896
1046909
1046969
1047135
1047189
1047235
1047237
1047307
1047365
1047376
1047453
1047458
1047597
1047662
1047810
1047886
1047900
1048039
1048097
1048099
1048107
1048127
1048140
1048149
1048156
1048232
1048237
1048254
1048372
1048373
1048375
1048428
1048448
1048540
1048582
1048694
1048697
1048700
1048783
1048957
1048986
1049024
1049070
1049075
1049090
1049249
1049327
1049333
1049435
1049450
1049501
1049553
1049577
1049581
1049591
1049607
1049609
1049622
1049818
1049823
1049827
1049942
1050243
1050249
1050317
1050366
1050407
1050443
1050464
1050469
1050581
1050610
1050619
1050624
1050676
1050703
1050988
1051170
1051317
1051318
1051321
1051335
1051483
1051518
1051560
1051569
1051735
1051738
1051896
1051946
1052113
1052114
1052147
1052157
1052158
1052169
1052194
1052244
1052299
1052409
1052558
1052633
1052716
1052749
1052775
1052849
1052853
1052857
1052907
1053065
1053106
1053193
1053244
1053328
1053734
1053746
1053846
1053892
1053908
1053914
1053931
1053943
1054029
1054109
1054156
1054273
1054294
1054299
1054422
1054426
1054502
1054573
1054599
1054624
1054643
1054853
1054947
1054958
1055068
1055108
1055201
1055206
1055233
1055318
1055363
1055365
1055384
1055424
1055451
1055470
1055510
1055777
1055783
1056030
1056366
1056376
1056446
1056493
1056495
1056502
1056548
1056561
1056569
1056581
1056590
1056780
1056838
1056861
1057062
1057299
1057340
1057621
1057626
1057768
1057776
1057798
1058028
1058073
1058081
1058152
1058306
1058343
1058372
1058521
1058537
1058619
1058638
1058689
1058710
1058716
1058717
1058724
1058736
1058746
1058860
1058883
1058901
1058909
1058930
1058936
1058972
1058981
1058990
1059066
1059091
1059149
1059345
1059407
1059537
1059555
1059593
1059778
1059901
1059916
1059990
1060136
1060183
1060205
1060227
1060240
1060341
1060351
1060454
1060460
1060604
1060750
1060839
1060851
1061020
1061120
1061125
1061213
1061261
1061347
1061396
1061422
1061429
1061437
1061449
1061519
1061524
1061531
1061656
1061774
1061783
1061944
1061964
1062084
1062127
1062137
1062171
1062181
1062215
1062276
1062283
1062292
1062384
1062413
1062528
1062667
1062722
1062733
1062839
1062851
1062852
1062860
1062870
1062936
1062962
1062970
1063040
1063055
1063438
1063589
1063639
1063687
1063707
1063731
1063750
1063818
1063829
1063876
1063877
1063882
1064014
1064028
1064061
1064083
1064152
1064178
1064238
1064280
1064281
1064418
1064440
1064462
1064497
1064516
1064591
1064775
1064784
1064909
1065007
1065058
1065131
1065610
1065616
1065673
1065719
1065769
1065770
1065869
1065934
1065938
1066113
1066272
1066376
1066383
1066485
1066511
1066703
1066707
1066767
1066780
1066914
1067000
1067053
1067066
1067074
1067090
1067283
1067337
1067509
1067568
1067571
1067575
1067714
1067825
1067936
1068362
1068408
1068423
1068444
1068471
1068478
1068623
1068691
1068715
1068747
1068936
1068952
1068954
1068995
1069108
1069118
1069175
1069178
1069211
1069267
1069350
1069510
1069630
1069788
1069825
1069869
1069885
1070225
1070291
1070432
1070450
1070455
1070867
1071002
1071084
1071115
1071129
1071197
1071199
1071215
1071244
1071258
1071279
1071309
1071430
1071529
1071552
1071554
1071607
1071644
1071677
1071779
1071807
1071812
1071904
1071976
1072070
1072074
1072081
1072187
1072342
1072357
1072472
1072475
1072478
1072485
1072680
1072780
1072848
1072898
1072928
1072990
1073077
1073079
1073102
1073105
1073109
1073114
1073304
1073411
1073556
1073696
1073752
1073946
1073952
1073968
1073969
1073971
1073973
1073992
1074012
1074016
1074023
1074103
1074221
1074236
1074242
1074246
1074249
1074295
1074322
1074386
1074524
1074531
1074533
1074543
1074608
1074609
1074919
1075335
1075350
1075356
1075362
1075391
1075449
1075465
1075495
1075616
1075618
1075848
1076001
1076005
1076043
1076095
1076179
1076185
1076187
1076213
1076277
1076318
1076331
1076352
1076692
1076759
1076939
1077027
1077097
1077102
1077191
1077198
1077222
1077277
1077284
1077350
1077433
1077470
1077552
1077559
1077691
1077723
1077846
1077874
1078079
1078136
1078188
1078203
1078272
1078307
1078317
1078318
1078360
1078408
1078453
1078460
1078470
1078474
1078479
1078492
1078605
1078654
1078664
1078670
1078673
1078741
1078771
1078867
1078907
1078963
1078993
1079017
1079054
1079158
1079235
1079250
1079377
1079402
1079421
1079485
1079508
1079613
1079640
1079643
1079707
1079713
1079725
1079740
1079820
1079837
1079845
1079915
1079916
1079928
1079937
1079940
1079992
1080065
1080069
1080179
1080193
1080249
1080282
1080284
1080299
1080335
1080347
1080357
1080391
1080419
1080485
1080723
1080764
1080816
1080917
1080942
1080959
1080980
1081000
1081069
1081088
1081115
1081167
1081208
1081260
1081308
1081400
1081494
1081575
1081619
1081637
1081662
1081694
1081706
1081759
1081818
1081936
1081987
1082133
1082211
1082246
1082389
1082491
1082552
1082558
1082701
1082765
1082773
1082783
1082791
1082805
1082828
1082925
1083016
1083022
1083041
1083051
1083071
1083119
1083188
1083381
1083394
1083433
1083444
1083567
1083669
1083699
1083729
1083733
1083816
1083818
1083819
1083858
1083968
1084089
1084176
1084187
1084199
1084222
1084225
1084228
1084232
1084237
1084287
1084439
1084656
1084721
1084741
1084745
1084750
1084753
1084890
1084966
1085000
1085053
1085067
1085103
1085113
1085209
1085215
1085252
1085262
1085386
1085394
1085549
1085608
1085617
1085692
1085788
1085801
1086020
1086063
1086238
1086260
1086321
1086496
1086611
1086747
1086794
1086810
1086867
1086907
1086915
1087086
1087155
1087169
1087184
1087293
1087388
1087615
1087694
1087695
1087721
1087767
1087803
1087822
1087826
1087828
1088060
1088080
1088143
1088157
1088179
1088423
1088424
1088454
1088498
1088501
1088575
1088619
1088679
1088784
1088798
1088982
1089123
1089134
1089183
1089187
1089228
1089235
1089242
1089515
1089545
1089674
1089677
1089772
1089839
1089871
1089915
1089927
1089951
1089959
1090141
1090171
1090184
1090222
1090289
1090314
1090323
1090384
1090403
1090549
1090658
1090983
1091254
1091267
1091269
1091298
1091392
1091406
1091407
1091410
1091412
1091416
1091421
1091546
1091970
1092006
1092073
1092237
1092247
1092324
1092343
1092365
1092403
1092471
1092519
1092549
1092806
1092892
1093028
1093064
1093098
1093302
1093354
1093367
1093538
1093549
1093590
1093601
1093662
1093767
1093769
1093790
1093793
1093797
1093850
1093895
1094017
1094089
1094107
1094113
1094125
1094206
1094265
1094274
1094293
1094324
1094329
1094345
1094355
1094385
1094403
1094596
1094670
1094678
1094713
1094777
1094836
1094960
1094962
1094963
1094984
1095001
1095025
1095036
1095131
1095135
1095340
1095387
1095499
1095541
1095649
1095658
1095700
1095775
1095807
1095844
1095849
1095862
1096022
1096076
1096082
1096087
1096130
1096197
1096234
1096304
1096422
1096443
1096486
1096497
1096630
1096762
1096838
1096864
1096879
1096881
1096890
1096996
1097020
1097092
1097150
1097190
1097191
1097199
1097248
1097251
1097322
1097354
1097420
1097473
1097745
1097789
1097801
1097964
1097971
1097983
1098008
1098018
1098024
1098055
1098072
1098076
1098077
1098099
1098116
1098117
1098118
1098160
1098163
1098173
1098179
1098335
1098342
1098378
1098491
1098513
1098583
1098584
1098761
1098850
1098881
1098898
1098939
1098965
1098988
1099080
1099085
1099086
1099088
1099109
1099206
1099228
1099374
1099411
1099454
1099475
1099655
1099664
1099667
1099671
1099679
1099686
1099688
1099694
1099696
1099702
1099767
1100000
1100046
1100114
1100124
1100125
1100134
1100146
1100163
1100212
1100213
1100221
1100232
1100244
1100342
1100660
1100730
1100841
1100849
1100950
1100988
1101017
1101063
1101224
1101361
1101375
1101500
1101540
1101576
1101647
1101681
1101700
1101813
1101818
1101819
1101831
1101839
1102000
1102053
1102226
1102227
1102231
1102336
1102425
1102463
1102526
1102547
1102615
1102711
1102821
1102856
1102905
1102910
1102969
1103018
1103117
1103127
1103160
1103192
1103193
1103194
1103383
1103391
1103402
1103407
1103420
1103437
1103441
1103448
1103463
1103495
1103598
1103717
1103731
1103757
1103828
1103867
1103883
1103892
1103992
1104044
1104048
1104052
1104067
1104185
1104285
1104364
1104428
1104670
1104761
1104771
1104805
1104999
1105014
1105060
1105121
1105143
1105230
1105377
1105418
1105462
1105633
1105649
1105703
1105856
1105869
1105894
1105920
1105971
1105976
1105980
1106012
1106123
1106213
1106256
1106350
1106372
1106456
1106717
1106729
1106820
1106849
1106931
1106982
1107039
1107077
1107103
1107135
1107166
1107177
1107325
1107343
1107359
1107388
1107501
1107589
1107637
1107717
1107752
1107787
1107992
1108226
1108405
1108428
1108429
1108447
1108501
1108621
1108673
1108753
1108898
1108993
1109400
1109406
1109467
1109493
1109739
1109856
1109896
1109927
1109928
1110052
1110099
1110171
1110301
1110546
1110587
1110592
1110597
1110623
1110626
1110631
1110640
1110645
1110649
1110688
1110690
1110707
1110775
1110989
1110997
1111083
1111136
1111446
1111562
1111577
1111582
1111687
1111783
1111873
1111892
1111893
1111906
1111916
1111948
1111954
1112000
1112171
1112184
1112200
1112204
1112234
1112284
1112303
1112378
1112384
1112558
1112585
1112617
1112645
1112718
1112769
1112834
1112916
1112941
1112967
1113050
1113062
1113068
1113069
1113072
1113231
1113252
1113253
1113278
1113305
1113412
1113484
1113513
1113515
1113517
1113518
1113549
1113573
1113588
1113771
1113786
1113861
1113891
1113953
1114010
1114040
1114042
1114054
1114072
1114096
1114097
1114137
1114142
1114274
1114305
1114311
1114313
1114323
1114378
1114451
1114513
1114562
1114639
1114731
1114743
1114922
1114928
1114965
1115004
1115037
1115075
1115159
1115208
1115315
1115328
1115393
1115604
1115694
1115710
1115744
1115761
1115771
1115827
1115911
1115939
1115980
1115985
1116201
1116368
1116439
1116457
1116466
1116481
1116492
1116536
1116628
1116717
1116723
1116949
1116965
1116984
1116989
1117115
1117178
1117185
1117186
1117213
1117233
1117319
1117321
1117377
1117384
1117388
1117389
1117400
1117424
1117462
1117550
1117627
1117656
1117872
1117930
1117979
1117995
1118033
1118185
1118201
1118266
1118273
1118318
1118338
1118388
1118403
1118464
1118515
1118516
1118517
1118519
1118521
1118608
1118617
1118800
1118857
1118899
1119107
1119185
1119237
1119249
1119425
1119467
1119476
1119487
1119622
1119686
1119855
1119894
1120016
1120025
1120077
1120080
1120132
1120217
1120246
1120362
1120409
1120447
1120478
1120489
1120687
1120713
1120727
1120824
1120863
1120865
1120869
1120980
1121148
1121283
1121297
1121322
1121404
1121405
1121436
1121439
1121583
1121615
1121663
1121679
1121683
1121690
1121697
1121725
1121753
1121866
1121872
1121886
1121895
1121903
1121976
1122127
1122138
1122144
1122172
1122217
1122220
1122242
1122432
1122504
1122519
1122561
1122566
1122588
1122600
1122662
1122679
1122867
1122989
1123107
1123273
1123289
1123293
1123380
1123503
1123587
1123599
1123626
1123740
1123903
1124023
1124032
1124152
1124219
1124272
1124353
1124464
1124509
1124533
1124618
1124620
1124630
1124647
1124696
1124735
1124740
1124777
1124792
1124864
1124887
1124914
1124918
1125063
1125102
1125107
1125186
1125205
1125311
1125365
1125371
1125443
1125551
1125609
1125627
1125639
1125705
1126010
1126032
1126090
1126094
1126095
1126234
1126236
1126316
1126401
1126492
1126504
1126577
1126637
1126718
1126748
1126897
1127050
1127132
1127175
1127279
1127304
1127375
1127384
1127407
1127459
1127466
1127474
1127496
1127676
1127707
1127777
1127778
1127790
1127839
1127926
1128006
1128165
1128168
1128181
1128187
1128204
1128209
1128298
1128299
1128300
1128434
1128474
1128487
1128596
1128619
1128633
1128653
1128714
1128756
1128842
1128941
1129068
1129093
1129108
1129136
1129183
1129250
1129342
1129446
1129567
1129598
1129904
1129987
1130053
1130070
1130097
1130172
1130276
1130316
1130508
1130571
1130607
1130630
1130754
1130784
1130792
1130797
1130810
1130982
1131120
1131142
1131190
1131220
1131282
1131308
1131320
1131380
1131407
1131444
1131666
1131755
1131820
1131907
1131927
1131975
1131988
1132147
1132375
1132378
1132382
1132407
1132413
1132414
1132497
1132564
1132631
1132766
1132916
1133128
1133164
1133173
1133248
1133329
1133345
1133564
1133651
1133667
1133783
1133969
1134048
1134089
1134094
1134130
1134137
1134241
1134306
1134401
1134427
1134475
1134518
1134537
1134546
1134562
1134569
1134570
1134663
1134664
1134838
1134866
1134902
1135134
1135190
1135212
1135223
1135245
1135281
1135299
1135357
1135381
1135385
1135424
1135429
1135431
1135812
1135863
1135895
1135900
1135963
1135978
1136019
1136043
1136089
1136100
1136113
1136280
1136284
1136314
1136347
1136382
1136484
1136485
1136487
1136488
1136492
1136539
1136684
1136702
1136721
1137054
1137068
1137076
1137145
1137205
1137232
1137242
1137304
1137418
1137423
1137458
1137494
1137538
1137563
1137688
1137799
1137874
1137883
1137912
1138037
1138194
1138198
1138221
1138325
1138327
1138484
1138682
1138685
1138687
1138689
1138722
1138936
1139014
1139036
1139073
1139098
1139099
1139106
1139111
1139126
1139129
1139133
1139138
1139141
1139296
1139411
1139495
1139597
1139617
1139623
1139713
1139909
1139937
1139981
1140007
1140017
1140020
1140065
1140097
1140168
1140243
1140356
1140535
1140544
1140556
1140624
1140648
1140847
1140866
1140872
1140878
1140881
1140892
1140915
1141182
1141251
1141267
1141280
1141302
1141329
1141345
1141375
1141416
1141664
1141690
1141741
1141754
1141758
1141923
1141993
1142146
1142186
1142205
1142221
1142226
1142238
1142255
1142288
1142293
1142301
1142305
1142308
1142322
1142325
1142337
1142358
1142360
1142365
1142369
1142380
1142384
1142388
1142390
1142400
1142414
1142423
1142429
1142547
1142663
1142694
1142702
1142736
1142794
1142820
1142913
1143000
1143112
1143190
1143196
1143215
1143330
1143367
1143399
1143697
1143790
1143801
1143868
1143995
1144022
1144028
1144063
1144067
1144087
1144122
1144179
1144180
1144279
1144340
1144423
1144435
1144468
1144519
1144527
1144528
1144530
1144534
1144536
1144539
1144542
1144572
1144577
1144581
1144689
1144780
1144785
1144835
1144917
1144957
1144975
1144978
1145028
1145197
1145221
1145279
1145327
1145348
1145351
1145425
1145474
1145501
1145531
1145542
1145592
1145649
1145685
1145740
1145765
1145811
1145846
1145866
1145880
1145881
1145970
1146023
1146141
1146143
1146146
1146147
1146148
1146149
1146246
1146249
1146253
1146433
1146574
1146983
1146997
1147024
1147177
1147231
1147236
1147240
1147276
1147322
1147348
1147422
1147473
1147512
1147560
1147586
1147590
1147598
1147875
1147885
1147949
1147960
1148027
1148040
1148126
1148188
1148207
1148561
1148573
1148738
1148756
1148770
1148787
1148848
1148852
1148862
1148920
1148948
1148981
1149033
1149276
1149279
1149470
1149695
1149701
1149713
1149881
1149916
1149940
1149943
1149982
1149987
1150081
1150192
1150264
1150266
1150399
1150497
1150504
1150832
1150917
1150929
1151020
1151029
1151030
1151031
1151080
1151112
1151317
1151320
1151323
1151326
1151329
1151352
1151381
1151443
1151474
1151505
1151556
1151586
1151683
1151692
1151695
1151700
1151703
1151709
1151713
1151716
1151721
1151746
1151750
1151754
1151757
1151820
1151947
1152022
1152050
1152222
1152303
1152330
1152341
1152415
1152416
1152466
1152470
1152559
1152563
1152619
1152639
1152657
1152735
1152737
1152740
1152836
1152879
1152886
1152952
1153020
1153281
1153416
1153496
1153516
1153522
1153539
1153620
1153628
1153644
1153714
1153770
1153861
1153882
1153905
1153913
1153997
1154041
1154142
1154187
1154276
1154296
1154330
1154456
1154618
1154624
1154724
1154740
1154831
1154957
1154994
1154996
1155059
1155067
1155090
1155095
1155102
1155107
1155187
1155261
1155516
1155519
1155547
1155556
1155573
1155604
1155643
1155814
1155858
1155875
1155980
1156002
1156141
1156182
1156211
1156361
1156362
1156427
1156448
1156532
1156538
1156546
1156591
1156640
1156650
1156721
1156820
1156834
1156893
1156989
1156991
1157075
1157131
1157237
1157287
1157430
1157482
1157563
1157693
1157699
1157784
1157863
1157900
1157933
1157951
1157981
1157983
1157988
1158031
1158052
1158101
1158149
1158179
1158226
1158249
1158271
1158326
1158385
1158427
1158505
1158513
1158582
1158673
1158680
1158697
1158709
1158776
1158794
1158807
1158945
1158960
1159004
1159204
1159256
1159275
1159431
1159437
1159456
1159477
1159500
1159518
1159559
1159581
1159764
1159774
1159831
1159987
1160003
1160063
1160065
1160109
1160110
1160112
1160134
1160137
1160140
1160171
1160226
1160275
1160340
1160471
1160473
1160484
1160572
1160618
1160748
1160787
1160858
1160923
1161097
1161098
1161105
1161115
1161145
1161226
1161338
1161343
1161345
1161443
1161543
1161655
1161663
1161687
1161738
1161859
1161985
1161988
1162035
1162055
1162058
1162176
1162189
1162232
1162334
1162338
1162348
1162400
1162418
1162479
1162480
1162506
1162682
1162685
1162701
1162719
1162725
1162752
1162772
1162834
1162841
1162858
1162902
1162936
1162943
1162974
1163216
1163237
1163266
1163319
1163338
1163339
1163342
1163418
1163427
1163528
1163599
1163661
1163722
1163775
1163797
1163834
1163852
1163878
1163930
1163931
1163964
1163969
1164176
1164362
1164368
1164387
1164563
1164806
1164935
1165095
1165120
1165122
1165144
1165176
1165181
1165197
1165269
1165398
1165437
1165452
1165456
1165466
1165543
1165544
1165696
1165867
1165900
1165918
1165927
1165947
1165951
1166048
1166156
1166240
1166337
1166411
1166420
1166523
1166528
1166537
1166592
1166666
1166723
1166725
1166773
1166953
1167016
1167057
1167222
1167274
1167300
1167306
1167311
1167553
1167656
1167764
1167767
1167773
1167913
1168059
1168089
1168251
1168257
1168326
1168409
1168450
1168458
1168460
1168674
1168742
1168744
1168783
1168821
1168866
1168897
1168953
1168989
1169210
1169406
1169439
1169449
1169459
1169523
1169681
1169791
1170018
1170021
1170043
1170057
1170128
1170145
1170380
1170415
1170458
1170600
1170879
1170910
1170919
1170928
1170972
1171035
1171205
1171211
1171230
1171233
1171331
1171347
1171428
1171435
1171476
1171499
1171605
1171841
1171870
1171884
1171888
1171889
1171893
1171895
1171896
1172042
1172107
1172121
1172152
1172388
1172399
1172400
1172413
1172414
1172427
1172435
1172440
1172466
1172468
1172491
1172493
1172602
1172652
1172678
1172700
1172726
1172731
1172809
1172892
1172918
1173012
1173070
1173124
1173172
1173185
1173194
1173196
1173197
1173214
1173275
1173316
1173368
1173371
1173379
1173559
1173580
1173840
1173987
1174019
1174022
1174071
1174081
1174161
1174194
1174200
1174240
1174278
1174411
1174423
1174431
1174437
1174447
1174492
1174500
1174549
1174618
1174811
1174949
1175000
1175038
1175141
1175175
1175182
1175189
1175194
1175283
1175402
1175503
1175574
1175601
1175682
1175699
1175848
1175873
1175964
1175992
1175996
1176003
1176014
1176073
1176128
1176172
1176206
1176211
1176216
1176313
1176360
1176369
1176392
1176393
1176411
1176464
1176582
1176742
1176784
1176788
1177018
1177158
1177181
1177275
1177377
1177411
1177445
1177462
1177512
1177529
1177533
1177573
1177649
1177871
1178099
1178329
1178369
1178460
1178499
1178729
1178769
1178831
1178905
1179110
1179116
1179119
1179165
1179170
1179171
1179188
1179454
1179504
1179558
1179626
1179922
1179939
1180058
1180166
1180255
1180326
1180483
1180484
1180495
1180496
1180583
1180626
1180696
1180708
1180762
1180763
1180849
1180879
1181041
1181075
1181181
1181215
1181217
1181235
1181272
1181277
1181293
1181295
1181413
1181429
1181555
1181566
1181568
1181627
1181732
1181746
1181830
1182035
1182051
1182064
1182074
1182081
1182087
1182097
1182169
1182175
1182214
1182283
1182286
1182293
1182328
1182330
1182445
1182446
1182454
1182478
1182528
1182565
1182569
1182590
1182635
1182646
1182750
1182752
1182768
1182832
1182886
1182919
1182986
1183069
1183096
1183104
1183112
1183199
1183212
1183372
1183405
1183473
1183487
1183539
1183564
1183629
1183645
1183661
1183895
1183937
1183970
1183972
1184020
1184067
1184230
1184294
1184300
1184302
1184401
1184433
1184491
1184506
1184620
1184631
1184670
1184784
1184798
1184805
1184862
1184897
1184907
1184925
1184963
1184982
1184995
1185010
1185020
1185029
1185076
1185192
1185377
1185383
1185432
1185439
1185441
1185454
1185501
1185602
1185623
1185768
1185777
1185780
1185790
1185856
1185927
1185950
1185980
1185988
1186013
1186023
1186026
1186141
1186274
1186283
1186289
1186293
1186332
1186349
1186352
1186354
1186356
1186362
1186538
1186605
1186615
1186657
1186673
1186714
1186735
1186749
1186754
1186883
1186897
1186909
1186941
1187025
1187044
1187097
1187100
1187117
1187186
1187250
1187295
1187339
1187417
1187464
1187474
1187498
1187504
1187548
1187609
1187916
1187937
1187956
1187964
1188083
1188097
1188182
1188278
1188394
1188423
1188447
1188598
1188626
1188657
1188677
1188738
1188741
1188757
1188767
1188807
1188852
1188918
1188920
1188954
1188956
1188973
1188977
1189015
1189016
1189043
1189157
1189159
1189160
1189205
1189259
1189281
1189287
1189310
1189317
1189354
1189370
1189390
1189422
1189508
1189510
1189524
1189670
1189684
1189715
1189797
1189798
1189885
1189888
1190025
1190057
1190071
1190128
1190151
1190186
1190330
1190400
1190406
1190416
1190462
1190508
1190532
1190611
1190629
1190755
1190772
1190774
1190823
1190868
1190888
1191076
1191318
1191499
1191588
1191902
1191912
1191920
1191937
1191992
1192022
1192033
1192124
1192131
1192146
1192154
1192203
1192205
1192222
1192224
1192253
1192379
1192405
1192441
1192496
1192564
1192618
1192676
1192736
1192749
1192793
1192794
1192828
1192830
1192867
1192906
1192910
1192916
1192922
1192961
1192962
1192970
1193038
1193063
1193066
1193155
1193186
1193221
1193262
1193278
1193314
1193317
1193341
1193398
1193501
1193585
1193625
1193659
1193710
1193776
1193816
1193824
1193866
1193893
1193927
1193965
1193969
1193985
1194004
1194019
1194185
1194257
1194363
1194372
1194420
1194437
1194515
1194550
1194644
1194713
1194724
1194729
1194732
1194742
1194770
1194776
1194784
1194816
1194829
1194909
1194955
1194974
1195041
1195095
1195103
1195161
1195243
1195248
1195277
1195314
1195335
1195339
1195342
1195363
1195581
1195625
1195638
1195708
1195715
1195780
1195782
1195853
1195859
1195884
1195969
1196067
1196070
1196081
1196089
1196108
1196144
1196145
1196156
1196289
1196303
1196315
1196430
1196450
1196454
1196497
1196540
1196555
1196599
1196646
1196664
1196674
1196782
1196810
1196911
1196980
1196997
1197007
1197078
1197137
1197297
1197547
1197655
1197659
1197672
1197699
1197715
1197721
1197772
1197830
1197878
1197884
1197991
1198089
1198096
1198165
1198167
1198231
1198239
1198291
1198322
1198343
1198355
1198378
1198475
1198499
1198554
1198591
1198599
1198618
1198620
1198662
1198688
1198717
1198727
1198728
1198782
1198802
1198809
1198984
1198985
1198987
1198994
1199038
1199064
1199106
1199289
1199389
1199496
1199533
1199546
1199568
1199591
1199592
1199610
1199661
1199836
1199869
1199939
1199990
1199996
1200005
1200012
1200014
1200042
1200055
1200167
1200221
1200225
1200340
1200380
1200414
1200484
1200488
1200512
1200519
1200554
1200677
1200801
1200866
1200877
1200903
1200912
1200940
1200942
1201107
1201124
1201165
1201175
1201176
1201202
1201262
1201296
1201327
1201338
1201357
1201485
1201547
1201555
1201621
1201628
1201697
1201734
1201753
1201757
1201775
1201788
1201834
1201840
1201986
1201993
1202005
1202021
1202038
1202094
1202107
1202135
1202164
1202188
1202267
1202306
1202329
1202338
1202412
1202415
1202417
1202428
1202479
1202553
1202554
1202563
1202568
1202603
1202613
1202736
1202746
1202770
1202830
1202859
1202908
1203068
1203249
1203312
1203354
1203364
1203389
1203424
1203509
1203595
1203773
1203792
1203829
1204055
1204357
1204419
1204431
1204462
1204598
1204648
1204650
1204660
1204761
1204772
1204830
1204832
1204837
1204881
1204917
1204975
1204998
1205044
1205084
1205108
1205119
1205132
1205225
1205260
1205315
1205369
1205384
1205407
1205414
1205528
1205656
1205713
1205801
1205804
1205811
1205812
1205825
1205906
1205911
1206083
1206152
1206189
1206349
1206388
1206589
1206628
1206635
1206701
1206707
1206726
1206735
1206921
1206952
1206956
1206989
1206990
1206993
1206999
1207000
1207019
1207024
1207032
1207041
1207044
1207191
1207292
1207348
1207434
1207525
1207556
1207622
1207637
1207655
1207876
1207898
1207910
1208002
1208024
1208069
1208130
1208134
1208138
1208186
1208201
1208388
1208392
1208394
1208430
1208457
1208471
1208477
1208624
1208629
1208704
1208718
1208818
1208833
1208836
1208878
1209152
1209189
1209231
1209323
1209324
1209505
1209583
1209695
1209827
1209859
1209893
1209994
1210022
1210035
1210036
1210251
1210253
1210275
1210307
1210312
1210313
1210358
1210361
1210376
1210378
1210441
1210584
1210673
1210727
1210743
1210816
1210866
1210912
1211117
1211119
1211149
1211157
1211164
1211207
1211221
1211257
1211265
1211290
1211483
1211507
1211572
1211728
1211825
1211862
1211876
1211899
1212137
1212156
1212164
1212255
1212329
1212340
1212366
1212416
1212461
1212612
1212622
1212742
1212763
1212772
1212878
1213042
1213114
1213167
1213178
1213415
1213452
1213504
1213507
1213674
1213685
1213718
1213724
1213733
1213946
1214040
1214057
1214117
1214140
1214141
1214160
1214167
1214222
1214421
1214509
1214555
1214625
1214627
1214657
1214658
1214683
1214699
1214717
1214735
1214795
1214919
1214920
1214926
1214934
1214943
1215021
1215026
1215034
1215042
1215077
1215196
1215211
1215227
1215238
1215250
1215325
1215378
1215392
1215441
1215707
1215712
1215832
1215834
1215918
1215919
1215987
1216103
1216191
1216210
1216358
1216411
1216498
1216554
1216559
1216572
1216595
1216624
1216645
1216669
1216784
1216952
1217098
1217109
1217141
1217207
1217391
1217495
1217563
1217585
1217624
1217647
1217725
1217903
1217931
1217939
1217964
1217975
1218072
1218092
1218112
1218176
1218245
1218249
1218305
1218320
1218368
1218435
1218472
1218478
1218487
1218489
1218493
1218622
1218653
1218704
1218707
1218716
1218774
1218776
1218787
1218804
1218884
1218933
1219062
1219156
1219259
1219267
1219297
1219321
1219348
1219483
1219520
1219573
1219580
1219604
1219654
1219663
1219694
1220158
1220229
1220252
1220286
1220320
1220445
1220685
1220791
1220808
1220823
1220973
1220981
1221014
1221020
1221032
1221038
1221058
1221099
1221128
1221167
1221177
1221195
1221201
1221217
1221296
1221415
1221439
1221499
1221596
1221597
1221602
1221676
1221681
1221726
1221947
1221976
1222064
1222065
1222250
1222319
1222337
1222378
1222602
1222609
1222617
1222730
1222894
1222912
1222930
1222935
1223050
1223054
1223121
1223162
1223170
1223291
1223338
1223357
1223359
1223545
1223546
1223664
1224049
1224118
1224164
1224170
1224207
1224289
1224315
1224327
1224455
1224479
1224542
1224563
1224578
1224602
1224612
1224714
1224965
1224968
1224971
1225060
1225067
1225091
1225148
1225154
1225202
1225369
1225377
1225418
1225557
1225559
1225572
1225638
1225648
1225699
1225768
1225836
1225911
1225964
1225977
1226087
1226092
1226107
1226120
1226189
1226230
1226393
1226417
1226578
1226585
1226617
1226626
1226762
1226787
1226806
1226822
1226840
1226935
1226960
1226963
1227003
1227269
1227299
1227315
1227376
1227379
1227460
1227471
1227615
1227630
1227667
1227709
1227907
1227990
1228051
1228057
1228128
1228244
1228246
1228314
1228320
1228340
1228463
1228688
1228803
1228813
1228870
1228963
1229021
1229244
1229248
1229262
1229273
1229320
1229325
1229488
1229576
1229586
1229734
1229768
1229793
1229799
1229906
1229910
1230021
1230045
1230046
1230058
1230087
1230205
1230229
1230391
1230402
1230431
1230453
1230747
1230796
1230854
1230860
1230908
1230949
1230992
1231010
1231011
1231045
1231160
1231258
1231306
1231393
1231417
1231554
1231558
1231562
1231577
1231585
1231683
1231764
1231910
1231912
1231974
1232050
1232062
1232087
1232099
1232175
1232181
1232220
1232265
1232322
1232443
1232466
1232468
1232479
1232546
1232569
1232596
1232645
1232663
1232669
1232787
1232910
1232933
1232945
1232955
1232998
1233084
1233136
1233141
1233150
1233202
1233210
1233231
1233252
1233303
1233413
1233432
1233433
1233434
1233436
1233449
1233460
1233512
1233571
1233776
1233790
1233822
1233883
1233915
1233964
1234008
1234015
1234062
1234064
1234069
1234070
1234076
1234119
1234194
1234277
1234317
1234320
1234364
1234369
1234386
1234395
1234414
1234448
1234458
1234559
1234731
1234752
1234759
1234762
1234764
1234820
1234861
1234882
1234905
1234931
1234935
1234938
1234940
1234941
1234948
1234986
1235192
1235293
1235352
1235370
1235382
1235396
1235435
1235501
1235558
1235568
1235576
1235665
1235715
1235766
1235770
1235938
1236037
1236204
1236249
1236306
1236377
1236413
1236416
1236418
1236469
1236471
1236485
1236706
1236769
1236868
1236920
1236922
1236935
1236945
1237000
1237007
1237059
1237327
1237364
1237376
1237394
1237397
1237401
1237406
1237456
1237549
1237814
1237883
1237914
1237962
1237985
1238091
1238098
1238181
1238278
1238283
1238437
1238505
1238541
1238552
1238559
1238658
1238742
1238773
1238814
1239093
1239188
1239327
1239390
1239395
1239456
1239461
1239468
1239491
1239602
1239610
1239657
1239670
1239679
1239683
1239693
1239764
1239770
1239773
1239806
1239815
1239816
1239817
1239825
1239852
1239854
1239940
1239944
1240095
1240141
1240174
1240188
1240262
1240267
1240272
1240469
1240484
1240550
1240638
1240655
1240711
1240792
1240889
1240901
1241091
1241195
1241234
1241245
1241263
1241327
1241444
1241470
1241543
1241554
1241584
1241674
1241726
1241810
1241821
1241878
1241882
1241902
1241904
1241989
1241994
1242011
1242193
1242200
1242227
1242233
1242247
1242248
1242253
1242268
1242280
1242432
1242483
1242535
1242561
1242562
1242571
1242578
1242590
1242644
1242653
1242655
1242666
1242691
1242721
1242744
1242808
1242879
1242886
1242914
1242937
1243038
1243046
1243098
1243100
1243102
1243103
1243154
1243260
1243331
1243335
1243345
1243358
1243389
1243442
1243465
1243470
1243530
1243538
1243685
1243775
1243805
1243815
1243849
1243853
1243879
1243910
1243953
1243988
1243997
1244003
1244017
1244036
1244039
1244062
1244101
1244125
1244126
1244185
1244223
1244240
1244381
1244443
1244448
1244468
1244475
1244523
1244525
1244531
1244548
1244643
1244652
1244657
1244762
1244781
1244805
1244874
1244944
1244953
1244966
1245012
1245112
1245168
1245191
1245234
1245258
1245335
1245526
1245540
1245557
1245626
1245682
1245776
1245802
1245934
1245944
1245962
1245965
1246006
1246036
1246079
1246269
1246366
1246382
1246403
1246416
1246445
1246463
1246490
1246498
1246526
1246556
1246559
1246610
1246659
1246699
1246745
1246777
1246839
1246899
1246932
1246935
1246967
1246975
1247113
1247153
1247172
1247181
1247182
1247193
1247199
1247242
1247276
1247353
1247436
1247478
1247705
1247708
1247715
1247719
1247729
1247733
1247738
1247788
1247844
1247846
1247857
1247890
1248049
1248262
1248294
1248339
1248492
1248544
1248567
1248637
1248707
1248711
1248868
1248876
1249018
1249026
1249036
1249125
1249240
1249336
1249348
1249380
1249385
1249403
1249428
1249508
1249532
1249624
1249629
1249693
1249763
1249771
1249773
1249777
1249935
1249943
1249955
1250108
1250147
1250162
1250175
1250213
1250236
1250272
1250346
1250441
1250512
1250536
1250540
1250625
1250653
1250658
1250686
1250689
1250691
1250694
1250695
1250714
1250800
1250806
1250846
1250854
1250885
1250979
1251046
1251131
1251138
1251159
1251222
1251239
1251248
1251300
1251416
1251427
1251506
1251558
1251603
1251683
1251717
1251800
1251882
1251910
1251946
1251973
1251993
1252113
1252239
1252279
1252287
1252289
1252359
1252361
1252418
1252436
1252471
1252552
1252627
1252675
1252686
1252693
1252772
1252778
1252908
1252959
1253036
1253284
1253325
1253334
1253367
1253375
1253393
1253411
1253414
1253488
1253492
1253503
1253553
1253575
1253606
1253616
1253619
1253624
1253635
1253654
1253664
1253740
1253832
1253841
1253892
1253918
1253925
1253929
1254021
1254033
1254195
1254204
1254225
1254234
1254271
1254274
1254354
1254477
1254646
1254732
1254780
1254850
1254853
1254863
1254866
1254877
1254896
1254933
1254948
1255112
1255162
1255208
1255272
1255337
1255394
1255413
1255453
1255473
1255486
1255549
1255562
1255659
1255731
1255760
1255764
1255833
1255838
1255939
1255945
1255946
1255948
1256022
1256076
1256195
1256214
1256252
1256281
1256380
1256424
1256464
1256472
1256520
1256600
1256639
1256652
1256679
1256695
1256721
1256728
1256746
1256756
1256805
1256988
1257009
1257079
1257143
1257169
1257204
1257254
1257259
1257264
1257355
1257380
1257485
1257586
1257641
1257669
1257670
1257775
1257780
1257801
1257826
1257866
1257876
1258057
1258081
1258195
1258205
1258211
1258280
1258309
1258328
1258357
1258568
1258573
1258584
1258604
1258623
1258641
1258662
1258690
1258745
1258751
1258785
1258859
1258930
1258973
1259004
1259038
1259059
1259089
1259112
1259118
1259270
1259378
1259409
1259413
1259417
1259421
1259434
1259442
1259527
1259560
1259625
1259653
1259681
1259684
1259729
1259734
1259735
1259754
1259763
1259835
1259850
1259854
1259895
1260066
1260158
1260163
1260173
1260423
1260601
1260672
1260700
1260732
1260794
1260835
1260867
1260922
1260968
1261259
1261260
1261261
1261352
1261460
1261552
1261560
1261561
1261573
1261574
1261577
1261579
1261582
1261644
1261720
1261759
1261770
1261823
1261872
1261902
1261992
1262208
1262288
1262356
1262376
1262396
1262404
1262620
1262634
1262681
1262700
1262702
1262718
1262805
1262964
1262995
1263115
1263217
1263250
1263318
1263600
1263613
1263625
1263634
1263707
1263723
1263763
1263832
1263835
1263839
1263842
1264012
1264152
1264154
1264157
1264448
1264452
1264468
1264548
1264716
1264723
1264725
1264889
1264904
1264910
1264950
1264954
1264955
1264966
1265010
1265122
1265131
1265183
1265218
1265257
1265438
1265467
1265517
1265538
1265546
1265549
1265558
1265572
1265575
1265593
1265614
1265633
1265637
1265647
1265649
1265651
1265659
1265679
1265680
1265766
1265797
1265802
1265841
1265866
1265920
1265942
1265975
1266032
1266127
1266167
1266254
1266263
1266274
1266426
1266490
1266520
1266537
1266571
1266589
1266635
1266656
1266676
1266710
1266715
1266783
1266886
1266900
1266969
1266976
1267030
1267038
1267046
1267054
1267056
1267071
1267079
1267086
1267105
1267144
1267153
1267219
1267240
1267252
1267260
1267277
1267304
1267318
1267360
1267407
1267470
1267505
1267506
1267526
1267527
1267530
1267534
1267550
1267554
1267584
1267597
1267601
1267608
1267629
1267636
1267643
1267648
1267751
1267780
1267797
1267821
1267887
1267975
1268010
1268037
1268053
1268055
1268079
1268092
1268163
1268193
1268263
1268424
1268478
1268583
1268629
1268661
1268829
1268941
1268944
1269003
1269021
1269024
1269050
1269125
1269161
1269173
1269179
1269348
1269397
1269431
1269475
1269479
1269485
1269489
1269520
1269526
1269640
1269643
1269647
1269648
1269655
1269682
1269734
1269771
1269908
1269969
1269980
1270121
1270125
1270315
1270494
1270642
1270687
1270762
1270828
1270878
1270883
1270891
1270916
1271023
1271048
1271149
1271212
1271250
1271257
1271264
1271268
1271315
1271350
1271456
1271604
1271685
1271732
1271925
1271984
1271986
1272152
1272238
1272250
1272260
1272268
1272300
1272407
1272611
1272722
1272727
1272785
1272803
1272814
1272836
1272837
1272859
1272868
1272873
1272890
1272902
1272914
1273114
1273161
1273189
1273190
1273193
1273232
1273310
1273324
1273342
1273482
1273536
1273802
1273844
1273852
1273853
1273856
1273857
1273938
1274087
1274134
1274205
1274379
1274515
1274563
1274566
1274623
1274641
1274673
1274930
1274947
1274951
1275003
1275020
1275126
1275132
1275154
1275319
1275385
1275425
1275466
1275516
1275526
1275527
1275530
1275531
1275539
1275550
1275557
1275755
1275759
1275890
1275930
1276038
1276076
1276177
1276226
1276324
1276390
1276430
1276468
1276472
1276507
1276526
1276539
1276547
1276598
1276634
1276666
1276743
1276774
1276793
1276834
1276916
1276960
1276970
1277001
1277003
1277013
1277026
1277039
1277044
1277059
1277131
1277136
1277151
1277170
1277182
1277207
1277284
1277290
1277346
1277427
1277457
1277459
1277502
1277514
1277518
1277587
1277610
1277766
1277775
1277792
1277804
1277836
1277897
1277919
1277949
1277952
1278027
1278047
1278085
1278109
1278128
1278215
1278234
1278255
1278339
1278429
1278443
1278490
1278500
1278530
1278544
1278578
1278594
1278670
1278739
1278742
1278808
1278924
1278930
1278950
1278989
1279091
1279150
1279174
1279265
1279269
1279309
1279447
1279504
1279582
1279596
1279755
1279763
1279766
1279804
1279918
1279930
1279932
1279934
1279959
1279960
1280000
1280029
1280056
1280081
1280215
1280300
1280376
1280434
1280554
1280575
1280608
1280685
1280689
1280691
1280707
1280715
1280745
1280755
1280778
1280816
1280823
1280889
1280921
1280990
1281042
1281048
1281052
1281054
1281058
1281075
1281120
1281141
1281210
1281245
1281392
1281477
1281504
1281519
1281532
1281536
1281573
1281578
1281628
1281640
1281644
1281672
1281713
1281720
1281739
1281744
1281755
1281858
1281861
1281862
1281915
1281983
1281989
1282006
1282183
1282184
1282300
1282333
1282489
1282503
1282649
1282686
1282700
1282761
1282772
1282777
1282783
1282908
1282956
1282980
1283095
1283187
1283193
1283358
1283399
1283430
1283434
1283437
1283488
1283494
1283518
1283571
1283609
1283627
1283633
1283728
1283739
1283744
1283791
1283922
1283946
1284008
1284036
1284041
1284046
1284070
1284088
1284152
1284212
1284239
1284240
1284267
1284281
1284306
1284321
1284327
1284365
1284394
1284404
1284476
1284629
1284635
1284646
1284647
1284702
1284732
1284824
1284883
1284895
1284934
1284940
1284951
1284957
1284963
1285052
1285108
1285111
1285114
1285118
1285132
1285177
1285302
1285347
1285376
1285471
1285863
1285965
1286067
1286181
1286185
1286197
1286204
1286214
1286218
1286224
1286378
1286454
1286493
1286498
1286547
1286552
1286663
1286767
1286806
1286855
1286920
1287025
1287090
1287099
1287270
1287283
1287381
1287426
1287436
1287439
1287445
1287446
1287449
1287465
1287475
1287479
1287481
1287482
1287512
1287624
1287715
1287720
1287744
1287790
1287801
1287803
1287842
1287850
1287878
1287922
1287958
1288023
1288072
1288125
1288255
1288500
1288545
1288597
1288613
1288616
1288629
1288715
1288717
1288932
1288942
1288999
1289034
1289127
1289234
1289243
1289419
1289426
1289428
1289513
1289514
1289610
1289639
1289680
1289721
1289740
1289756
1289784
1289826
1289893
1289921
1289969
1289970
1289980
1289987
1290094
1290158
1290168
1290214
1290272
1290293
1290294
1290314
1290365
1290372
1290409
1290417
1290430
1290532
1290560
1290569
1290575
1290580
1290601
1290610
1290618
1290740
1290749
1290847
1290869
1290930
1290994
1290998
1291017
1291038
1291085
1291154
1291157
1291165
1291195
1291283
1291350
1291452
1291470
1291526
1291594
1291595
1291637
1291648
1291661
1291664
1291697
1291705
1291718
1291764
1291776
1291807
1291899
1291904
1292137
1292155
1292157
1292164
1292185
1292204
1292212
1292220
1292236
1292246
1292264
1292267
1292282
1292291
1292313
1292355
1292518
1292524
1292540
1292662
1292665
1292695
1292705
1292714
1292723
1292727
1292807
1292906
1293005
1293038
1293079
1293108
1293126
1293242
1293263
1293271
1293295
1293317
1293320
1293337
1293377
1293393
1293395
1293413
1293500
1293560
1293566
1293589
1293689
1293715
1293722
1293735
1293766
1293848
1293885
1293962
1293977
1294089
1294242
1294263
1294264
1294301
1294314
1294319
1294340
1294453
1294477
1294484
1294496
1294506
1294553
1294586
1294607
1294613
1294731
1294785
1294847
1294916
1294930
1294961
1295009
1295064
1295085
1295131
1295144
1295149
1295166
1295188
1295197
1295437
1295888
1295890
1295892
1295969
1296018
1296179
1296192
1296245
1296316
1296336
1296350
1296402
1296442
1296473
1296590
1296609
1296622
1296665
1296753
1296776
1296790
1296798
1296893
1296941
1296943
1296949
1296966
1297028
1297065
1297109
1297133
1297233
1297297
1297344
1297374
1297418
1297422
1297446
1297454
1297467
1297468
1297487
1297496
1297529
1297558
1297573
1297599
1297601
1297699
1297706
1297838
1297859
1297952
1297964
1298081
1298145
1298198
1298225
1298231
1298306
1298311
1298316
1298369
1298406
1298429
1298459
1298505
1298622
1298766
1298781
1298783
1298789
1298810
1298819
1298828
1298868
1299081
1299128
1299201
1299357
1299401
1299487
1299562
1299566
1299592
1299666
1299747
1300023
1300043
1300054
1300114
1300172
1300229
1300264
1300266
1300267
1300379
1300489
1300504
1300565
1300629
1300702
1300785
1300805
1300891
1300915
1300925
1300933
1300942
1300954
1300962
1300963
1301106
1301107
1301110
1301122
1301147
1301149
1301196
1301241
1301270
1301297
1301310
1301333
1301336
1301343
1301360
1301365
1301393
1301441
1301472
1301625
1301883
1301932
1301983
1302128
1302190
1302254
1302314
1302317
1302378
1302433
1302465
1302468
1302480
1302609
1302656
1302745
1302767
1302792
1302895
1302916
1302955
1303055
1303113
1303300
1303312
1303460
1303526
1303531
1303597
1303705
1303766
1303812
1303929
1304044
1304106
1304144
1304157
1304172
1304186
1304298
1304313
1304314
1304429
1304470
1304567
1304618
1304622
1304718
1304726
1304889
1305041
1305044
1305094
1305112
1305124
1305129
1305225
1305281
1305312
1305331
1305500
1305510
1305514
1305524
1305538
1305539
1305540
1305562
1305573
1305673
1305700
1305757
1305761
1305763
1305764
1305768
1305799
1305800
1305801
1305868
1305873
1305879
1305918
1305928
1305942
1306080
1306090
1306112
1306236
1306259
1306411
1306425
1306522
1306542
1306689
1306707
1306772
1306863
1306894
1306952
1307050
1307118
1307154
1307178
1307189
1307239
1307258
1307267
1307282
1307314
1307394
1307396
1307400
1307459
1307493
1307524
1307568
1307599
1307600
1307603
1307632
1307639
1307747
1307748
1307860
1307901
1308157
1308215
1308238
1308242
1308247
1308251
1308256
1308302
1308310
1308314
1308328
1308388
1308433
1308512
1308546
1308617
1308625
1308661
1308749
1308757
1308773
1308806
1308814
1308823
1308922
1308972
1308994
1308996
1309009
1309031
1309083
1309139
1309154
1309175
1309191
1309211
1309231
1309236
1309257
1309266
1309344
1309374
1309476
1309501
1309509
1309530
1309535
1309538
1309575
1309669
1309678
1309707
1309747
1309774
1309848
1310002
1310017
1310023
1310168
1310212
1310230
1310236
1310255
1310256
1310286
1310322
1310350
1310368
1310375
1310383
1310396
1310668
1310671
1310678
1310720
1310748
1310783
1310789
1310799
1310835
1310853
1310926
1311004
1311018
1311026
1311070
1311081
1311155
1311288
1311351
1311464
1311488
1311491
1311556
1311585
1311596
1311653
1311876
1311885
1311892
1311926
1311987
1311994
1312017
1312030
1312032
1312033
1312121
1312196
1312208
1312228
1312359
1312393
1312403
1312414
1312430
1312437
1312445
1312448
1312470
1312471
1312476
1312477
1312481
1312483
1312512
1312532
1312534
1312542
1312565
1312584
1312609
1312633
1312787
1312792
1312799
1312833
1312915
1312920
1312925
1313024
1313027
1313105
1313143
1313247
1313259
1313293
1313303
1313364
1313373
1313456
1313507
1313517
1313580
1313748
1313756
1313831
1313837
1313842
1313846
1313863
1313934
1313964
1313995
1314021
1314205
1314233
1314301
1314304
1314309
1314377
1314441
1314462
1314464
1314489
1314513
1314514
1314597
1314603
1314647
1314739
1314743
1314748
1314812
1314819
1314829
1314832
1314901
1314912
1315014
1315043
1315044
1315049
1315058
1315102
1315114
1315116
1315169
1315186
1315189
1315193
1315195
1315199
1315228
1315297
1315303
1315381
1315382
1315415
1315515
1315805
1315841
1315974
1315991
1316071
1316072
1316077
1316116
1316179
1316181
1316185
1316186
1316207
1316232
1316291
1316332
1316334
1316408
1316425
1316482
1316486
1316489
1316496
1316522
1316538
1316563
1316569
1316580
1316590
1316624
1316673
1316680
1316709
1316721
1316725
1316726
1316728
1316760
1316825
1316838
1316846
1316857
1316975
1316991
1317061
1317084
1317102
1317104
1317121
1317200
1317218
1317231
1317254
1317262
1317268
1317321
1317351
1317394
1317420
1317442
1317573
1317586
1317626
1317781
1317834
1317877
1317890
1317977
1317978
1317994
1318004
1318016
1318031
1318051
1318084
1318106
1318168
1318253
1318265
1318306
1318319
1318433
1318435
1318452
1318453
1318458
1318471
1318496
1318503
1318506
1318512
1318518
1318660
1318792
1318842
1318928
1318933
1318966
1318998
1319002
1319023
1319029
1319040
1319047
1319048
1319335
1319347
1319351
1319364
1319365
1319366
1319368
1319369
1319370
1319482
1319514
1319559
1319571
1319614
1319618
1319651
1319665
1319680
1319686
1319711
1319721
1319724
1319752
1319825
1319891
1319918
1319949
1319951
1320004
1320035
1320139
1320170
1320320
1320322
1320324
1320330
1320332
1320333
1320348
1320508
1320527
1320604
1320610
1320661
1320725
1320728
1320741
1320756
1320762
1320921
1320979
1321008
1321137
1321150
1321151
1321173
1321191
1321197
1321224
1321234
1321236
1321239
1321241
1321245
1321252
1321402
1321431
1321451
1321491
1321512
1321554
1321557
1321699
1321781
1321785
1321818
1321847
1321861
1321870
1321883
1321934
1321946
1321966
1322059
1322110
1322149
1322156
1322219
1322227
1322256
1322308
1322317
1322344
1322345
1322374
1322463
1322543
1322545
1322559
1322560
1322585
1322623
1322696
1322757
1322973
1322976
1322989
1323011
1323012
1323021
1323049
1323062
1323144
1323189
1323245
1323248
1323276
1323316
1323351
1323427
1323488
1323534
1323570
1323618
1323625
1323712
1323724
1323797
1323798
1323800
1323806
1323825
1323909
1323911
1323979
1323984
1323987
1324020
1324059
1324101
1324112
1324120
1324123
1324129
1324166
1324236
1324299
1324375
1324381
1324386
1324465
1324487
1324495
1324531
1324565
1324730
1324751
1324811
1324818
1324827
1324828
1324832
1324834
1324844
1324862
1324903
1324904
1324919
1324923
1325022
1325031
1325034
1325038
1325235
1325261
1325270
1325356
1325397
1325456
1325461
1325466
1325490
1325573
1325603
1325735
1325772
1325785
1325821
1325848
1325856
1325873
1325880
1325916
1325927
1325939
1325964
1325979
1325980
1325986
1326045
1326126
1326162
1326174
1326205
1326211
1326234
1326248
1326263
1326334
1326338
1326352
1326353
1326382
1326415
1326437
1326468
1326696
1326858
1327008
1327157
1327206
1327408
1327426
1327535
1327541
1327593
1327634
1327719
1327739
1327768
1327794
1327806
1327854
1327876
1327881
1327953
1327996
1328012
1328145
1328157
1328160
1328171
1328192
1328241
1328252
1328265
1328318
1328339
1328395
1328396
1328402
1328527
1328529
1328542
1328546
1328580
1328631
1328651
1328672
1328679
1328700
1328717
1328735
1328787
1328814
1328870
1328896
1328904
1328941
1328945
1328956
1328974
1328976
1328981
1329017
1329043
1329050
1329062
1329119
1329121
1329129
1329207
1329268
1329303
1329390
1329467
1329495
1329518
1329548
1329581
1329583
1329586
1329629
1329801
1329811
1329851
1329924
1329973
1329996
1330025
1330035
1330037
1330041
1330043
1330059
1330099
1330167
1330211
1330339
1330343
1330346
1330354
1330373
1330393
1330402
1330416
1330421
1330438
1330440
1330443
1330445
1330461
1330552
1330610
1330680
1330681
1330709
1330872
1331089
1331142
1331378
1331390
1331396
1331460
1331538
1331889
1332316
1332572
1332850
1333098
1333104
1333112
1333152
1333160
1333177
1333211
1333473
1333556
1333609
1333810
1333929
1335080
1335667
1335675
1335731
1335733
1335754
1335765
1335828
1335831
1335839
1335855
1335856
1335859
1335873
1335896
1335927
1335930
1335967
1335969
1336050
1336189
1336298
1336310
1336344
1336473
1336501
1336592
1336636
1336659
1336707
1336724
1336730
1336741
1337103
1337104
1337108
1337109
1337133
1337160
1337199
1337266
1337274
1337286
1337341
1337473
1337556
1337600
1337611
1337613
1337629
1337650
1337652
1337671
1337707
1337729
1337800
1337886
1337903
1337929
1338096
1338306
1338316
1338343
1338346
1338366
1338435
1338461
1338640
1338764
1338779
1338926
1338965
1338972
1339092
1339105
1339119
1339128
1339155
1339159
1339166
1339173
1339206
1339210
1339214
1339219
1339232
1339240
1339293
1339333
1339334
1339336
1339337
1339338
1339358
1339439
1339469
1339480
1339492
1339506
1339516
1339529
1339544
1339580
1339599
1339668
1339680
1339713
1339746
1339878
1339904
1339940
1339953
1340036
1340038
1340076
1340105
1340110
1340142
1340163
1340165
1340233
1340248
1340252
1340264
1340298
1340367
1340374
1340452
1340571
1340664
1340692
1340698
1340727
1340761
1340770
1340774
1340799
1340898
1340906
1340907
1341009
1341023
1341031
1341032
1341070
1341101
1341102
1341162
1341282
1341397
1341400
1341401
1341437
1341451
1341500
1341502
1341585
1341634
1341701
1341718
1341751
1341862
1341870
1342079
1342107
1342250
1342299
1342333
1346452
1346464
1346487
1346554
1346557
1346645
1350823
1351100
1351313
1351384
1351591
1351651
1351660
1351688
1351711
1351825
1351896
1352037
1352044
1352071
1352102
1352253
1352378
1352407
1352420
1352445
1352454
1352496
1352660
1352774
1352777
1352823
1352866
1352874
1352894
1352952
1352960
1352992
1353018
1353083
1353114
1353117
1353167
1353216
1353226
1353235
1353251
1353262
1353328
1353333
1353339
1353372
1353377
1353401
1353422
1353430
1353449
1353556
1353560
1353585
1353701
1353771
1353776
1353780
1353823
1353839
1353970
1353989
1354000
1354031
1354047
1354072
1354080
1354087
1354193
1354282
1354433
1354556
1354612
1354633
1354756
1354761
1354762
1354783
1354791
1354805
1354823
1354829
1354831
1354844
1354878
1354901
1354988
1355019
1355144
1355159
1355199
1355271
1355286
1355324
1355326
1355452
1355458
1355551
1355581
1355583
1355866
1355968
1355994
1356049
1356053
1356146
1356160
1356236
1356241
1356264
1356281
1356290
1356296
1356302
1356334
1356347
1356353
1356356
1356360
1356391
1356399
1356414
1356449
1356581
1356643
1356666
1356676
1356684
1356690
1356699
1356705
1356745
1356791
1356802
1356807
1356817
1356818
1356827
1356831
1356867
1356907
1356917
1356926
1356928
1357008
1357037
1357075
1357083
1357085
1357129
1357161
1357190
1357246
1357302
1357327
1357365
1357372
1357411
1357524
1357613
1357616
1357693
1357769
1357771
1357778
1357782
1357912
1357933
1357945
1357952
1357954
1357967
1358042
1358115
1358118
1358120
1358137
1358152
1358173
1358210
1358226
1358255
1358329
1358347
1358407
1358437
1358519
1358532
1358684
1358726
1358888
1358999
1359099
1359117
1359216
1359340
1359350
1359353
1359373
1359376
1359482
1359613
1359731
1359767
1359790
1359905
1359910
1359977
1360045
1360072
1360217
1360313
1360469
1360612
1360636
1360679
1360771
1360799
1361057
1361086
1361115
1361128
1361209
1361249
1361292
1361298
1361342
1361397
1361515
1361582
1361605
1361722
1361740
1361782
1361806
1361975
1362052
1362063
1362123
1362262
1362266
1362270
1362315
1362348
1362364
1362410
1362416
1362422
1362426
1362472
1362500
1362514
1362538
1362575
1362578
1362738
1362869
1362947
1362981
1363000
1363008
1363020
1363021
1363027
1363037
1363224
1363235
1363273
1363387
1363435
1363470
1363479
1363662
1363688
1363693
1363710
1363776
1363782
1363818
1363946
1363999
1364022
1364080
1364084
1364096
1364117
1364173
1364184
1364235
1364300
1364308
1364399
1364408
1364560
1364607
1364616
1364638
1364671
1364756
1364829
1364835
1364882
1364893
1364953
1364964
1364977
1365083
1365094
1365149
1365165
1365168
1365209
1365229
1365327
1365358
1365453
1365479
1365483
1365487
1365496
1365512
1365516
1365521
1365582
1365584
1365594
1365603
1365614
1365699
1365725
1365731
1365736
1365740
1365742
1365751
1365794
1365799
1365819
1365822
1365835
1365840
1365843
1365863
1365876
1365887
1365922
1365940
1365953
1365973
1365975
1365991
1366025
1366140
1366142
1366178
1366222
1366232
1366237
1366242
1366282
1366327
1366332
1366335
1366342
1366344
1366345
1366373
1366377
1366445
1366459
1366502
1366548
1366593
1366639
1366741
1366746
1366748
1366763
1366818
1366819
1366822
1366854
1366858
1366860
1366868
1366912
1366973
1366975
1366976
1367043
1367189
1367250
1367277
1367335
1367382
1367384
1367405
1367532
1367551
1367556
1367563
1367591
1367617
1367652
1367653
1367693
1367712
1367761
1367763
1367765
1367781
1367792
1367856
1367876
1367878
1367884
1367898
1367908
1367922
1367958
1368089
1368107
1368213
1368241
1368245
1368259
1368264
1368274
1368279
1368314
1368492
1368517
1368520
1368569
1368621
1368702
1368769
1368854
1368940
1368953
1368954
1368972
1369051
1369074
1369099
1369137
1369175
1369298
1369348
1369397
1369414
1369432
1369467
1369472
1369482
1369618
1369726
1369739
1369744
1369745
1369749
1369785
1369816
1369828
1369844
1369852
1369942
1369985
1369988
1369991
1370087
1370127
1370424
1370478
1370740
1370782
1370918
1370944
1370951
1370980
1371010
1371033
1371044
1371050
1371096
1371129
1371158
1371227
1371256
1371267
1371272
1371278
1371282
1371327
1371328
1371340
1371357
1371360
1371364
1371431
1371491
1371534
1371628
1371643
1371646
1371650
1371770
1371781
1371804
1371815
1371819
1371829
1371837
1371850
1371858
1371874
1371909
1371948
1371989
1372003
1372005
1372026
1372102
1372160
1372196
1372210
1372260
1372292
1372432
1372435
1372458
1372462
1372481
1372605
1372620
1372629
1372645
1372687
1372745
1372793
1372853
1372908
1372947
1372953
1372963
1372967
1373004
1373016
1373078
1373102
1373105
1373173
1373198
1373377
1373402
1373409
1373434
1373445
1373461
1373509
1373542
1373716
1373722
1373725
1373760
1373780
1373849
1373854
1373876
1373915
1373921
1373933
1373957
1373982
1373985
1374061
1374096
1374127
1374157
1374294
1374351
1374353
1374356
1374358
1374361
1374373
1374386
1374389
1374454
1374481
1374490
1374493
1374509
1374532
1374550
1374645
1374672
1374767
1374769
1374770
1374774
1374791
1374804
1374924
1374929
1374940
1374951
1374990
1375072
1375092
1375109
1375123
1375136
1375161
1375163
1375165
1375224
1375226
1375236
1375238
1375382
1375394
1375402
1375458
1375462
1375560
1375587
1375612
1375696
1375708
1375711
1375715
1375716
1375718
1375720
1375722
1375731
1375736
1375762
1375770
1375799
1375831
1375840
1375848
1375895
1375903
1375908
1375985
1375989
1375995
1375999
1376011
1376048
1376132
1376188
1376224
1376233
1376237
1376363
1376369
1376400
1376403
1376404
1376405
1376413
1376425
1376435
1376442
1376443
1376445
1376488
1376504
1376545
1376668
1376748
1376788
1376884
1376925
1376965
1377028
1377042
1377175
1377197
1377262
1377310
1377311
1377314
1377413
1377490
1377505
1377573
1377640
1377670
1377722
1377726
1377754
1377755
1377925
1377969
1378014
1378053
1378068
1378130
1378344
1378428
1378478
1378531
1378553
1378645
1378695
1378771
1378781
1378793
1378854
1378886
1378917
1378972
1378997
1379005
1379039
1379057
1379077
1379079
1379243
1379249
1379261
1379290
1379372
1379393
1379480
1379486
1379538
1379578
1379602
1379606
1379608
1379656
1379670
1379697
1379699
1379718
1379879
1379940
1379959
1379961
1379976
1380055
1380085
1380088
1380163
1380210
1380269
1380279
1380283
1380305
1380308
1380419
1380427
1380433
1380460
1380463
1380468
1380499
1380510
1380519
1380545
1380585
1380632
1380752
1380774
1380800
1380845
1380850
1380868
1380899
1381002
1381049
1381087
1381139
1381216
1381217
1381244
1381299
1381317
1381320
1381446
1381465
1381519
1381579
1381588
1381645
1381660
1381669
1381720
1381795
1381878
1381887
1382259
1382272
1382296
1382321
1382331
1382363
1382583
1382605
1382609
1382632
1382798
1382802
1382804
1382832
1382837
1382873
1382884
1382895
1382912
1382946
1383100
1383259
1383270
1383294
1383303
1383321
1383327
1383330
1383346
1383362
1383427
1383437
1383467
1383535
1383557
1383612
1383632
1383673
1383676
1383806
1383813
1383830
1383832
1383843
1383845
1383955
1383991
1384040
1384133
1384139
1384145
1384180
1384202
1384206
1384323
1384336
1384377
1384614
1384623
1384653
1384655
1384751
1384798
1384870
1384912
1385139
1385143
1385146
1385156
1385169
1385201
1385231
1385322
1385379
1385389
1385663
1385721
1385796
1385803
1385818
1385821
1385830
1385897
1385966
1386039
1386111
1386411
1386433
1386493
1386507
1386598
1386734
1386827
1386836
1386931
1386946
1386947
1387023
1387146
1387265
1387450
1387580
1387581
1387642
1387679
1387700
1387716
1387762
1387860
1387887
1387918
1387945
1387955
1387979
1387980
1388009
1388030
1388046
1388050
1388129
1388224
1388284
1388300
1388302
1388303
1388324
1388336
1388366
1388439
1388443
1388513
1388524
1388529
1388542
1388615
1388771
1388779
1388808
1388824
1388873
1388969
1388989
1389009
1389032
1389295
1389316
1389323
1389362
1389502
1389514
1389525
1389539
1389540
1389655
1389673
1389731
1389739
1389763
1389772
1389792
1389861
1389881
1389906
1389945
1390022
1390168
1390171
1390227
1390237
1390299
1390390
1390417
1390482
1390497
1390520
1390555
1390583
1390591
1390675
1390819
1390826
1390841
1390910
1390975
1390977
1390980
1390983
1390997
1391103
1391118
1391182
1391183
1391275
1391328
1391355
1391456
1391464
1391478
1391511
1391551
1391650
1391690
1391707
1391780
1391817
1391838
1391841
1391847
1391899
1391923
1391930
1391939
1392180
1392235
1392392
1392426
1392522
1392630
1392690
1392702
1392833
1392898
1392930
1392934
1393056
1393225
1393344
1393382
1393398
1393429
1393449
1393557
1393564
1393569
1393570
1393601
1393614
1393652
1393798
1393874
1393898
1393929
1393942
1394063
1394066
1394147
1394213
1394227
1394262
1394340
1394349
1394394
1394469
1394524
1394697
1394709
1394724
1394730
1394825
1394846
1395006
1395032
1395041
1395068
1395211
1395245
1395341
1395413
1395424
1395464
1395649
1395668
1395697
1395736
1395815
1395824
1395994
1396014
1396038
1396080
1396101
1396159
1396266
1396341
1396343
1396390
1396539
1396558
1396566
1396581
1396619
1396632
1396682
1396687
1396726
1396801
1396819
1396873
1396909
1396916
1396928
1397034
1397092
1397111
1397155
1397188
1397262
1397440
1397450
1397487
1397492
1397498
1397504
1397506
1397513
1397562
1397589
1397597
1397700
1397911
1397934
1397989
1397990
1398008
1398009
1398015
1398037
1398053
1398067
1398074
1398104
1398127
1398128
1398146
1398158
1398244
1398285
1398291
1398292
1398309
1398367
1398418
1398512
1398554
1398564
1398583
1398591
1398601
1398616
1398650
1398669
1398709
1398758
1398778
1398787
1398788
1398867
1398903
1398904
1398943
1399011
1399072
1399159
1399208
1399263
1399316
1399325
1399351
1399444
1399457
1399559
1399580
1399626
1399806
1399822
1399932
1399969
1400000
1400005
1400029
1400039
1400079
1400122
1400184
1400274
1400492
1400500
1400711
1400719
1400746
1400761
1400763
1400837
1400838
1400850
1400869
1400879
1400890
1400927
1400929
1400940
1401024
1401065
1401114
1401158
1401194
1401200
1401207
1401357
1401367
1401376
1401415
1401433
1401453
1401579
1401602
1401615
1401657
1401667
1401711
1401722
1401876
1401887
1401958
1402192
1402208
1402213
1402249
1402358
1402410
1402503
1402538
1402694
1402706
1402783
1402886
1402887
1402892
1402949
1403029
1403097
1403098
1403180
1403256
1403261
1403263
1403322
1403347
1403434
1403447
1403450
1403461
1403468
1403469
1403471
1403475
1403522
1403559
1403571
1403639
1403764
1403835
1403907
1404017
1404018
1404089
1404133
1404325
1404424
1404535
1404586
1404593
1404615
1404639
1404713
1404715
1404794
1405031
1405033
1405091
1405130
1405140
1405156
1405182
1405492
1405503
1405562
1405602
1405651
1405670
1405688
1405713
1405714
1405737
1405738
1405742
1405803
1405878
1405881
1406088
1406127
1406132
1406137
1406155
1406253
1406269
1406289
1406356
1406434
1406476
1406539
1406584
1406754
1406792
1406886
1406909
1406943
1406987
1407093
1407100
1407278
1407297
1407315
1407378
1407426
1407454
1407456
1407496
1407574
1407579
1407589
1407616
1407858
1407861
1407884
1407890
1408027
1408257
1408324
1408336
1408389
1408558
1408614
1408815
1408827
1408843
1408844
1408847
1408854
1408861
1409027
1409041
1409053
1409187
1409213
1409423
1409632
1409633
1409782
1409829
1409850
1409867
1409886
1409942
1409955
1410067
1410094
1410112
1410121
1410243
1410274
1410280
1410282
1410448
1410622
1410693
1410879
1411059
1411111
1411152
1411165
1411187
1411274
1411353
1411506
1411520
1411533
1411588
1411606
1411616
1411766
1411824
1411855
1411880
1411929
1412002
1412041
1412090
1412169
1412171
1412210
1412238
1412338
1412405
1412415
1412448
1412515
1412533
1412547
1412598
1412603
1412610
1412648
1412761
1412802
1412938
1412940
1412951
1412961
1413003
1413005
1413035
1413160
1413208
1413213
1413323
1413382
1413448
1413493
1413504
1413560
1413584
1413725
1413726
1413793
1413798
1413879
1413910
1414040
1414304
1414345
1414446
1414482
1414489
1414577
1414607
1414626
1414628
1414630
1414631
1414632
1414671
1414677
1414714
1414719
1414735
1414749
1414762
1414868
1415064
1415154
1415228
1415264
1415333
1415396
1415439
1415482
1415505
1415513
1415574
1415582
1415595
1415622
1415645
1415648
1415664
1415665
1415690
1415731
1415745
1415747
1415752
1415803
1415990
1416042
1416053
1416054
1416131
1416162
1416176
1416196
1416328
1416517
1416534
1416615
1416632
1416672
1416694
1416731
1416758
1416976
1416979
1417030
1417057
1417120
1417136
1417270
1417273
1417478
1417490
1417569
1417580
1417605
1417634
1417636
1417676
1417681
1417683
1417698
1417712
1417714
1417736
1417904
1417922
1418047
1418114
1418169
1418195
1418280
1418289
1418292
1418444
1418450
1418657
1418710
1418715
1418725
1418732
1418793
1418806
1418864
1418873
1418879
1418978
1418989
1419125
1419142
1419229
1419239
1419247
1419257
1419274
1419296
1419413
1419539
1419551
1419584
1419643
1419694
1419727
1419733
1419821
1419876
1419942
1420048
1420113
1420176
1420291
1420331
1420501
1420593
1420690
1420705
1420765
1420871
1421200
1421406
1421497
1421551
1421744
1421804
1421831
1421865
1421903
1421926
1422011
1422052
1422096
1422098
1422120
1422215
1422217
1422592
1422688
1422754
1422770
1422848
1422966
1422972
1422985
1422993
1423034
1423103
1423107
1423184
1423191
1423192
1423237
1423549
1423553
1423577
1423603
1423613
1423701
1423721
1423756
1423964
1424001
1424059
1424086
1424167
1424342
1424391
1424618
1424699
1424738
1424783
1424792
1424817
1424881
1424883
1424906
1424947
1424950
1424954
1424986
1425050
1425192
1425300
1425323
1425503
1425504
1425577
1425728
1425734
1425746
1425874
1425891
1425913
1425960
1426110
1426169
1426297
1426356
1426364
1426394
1426427
1426628
1426822
1426880
1426881
1426905
1426909
1426912
1426939
1427031
1427153
1427180
1427189
1427197
1427223
1427392
1427448
1427458
1427468
1427478
1427504
1427515
1427529
1427537
1427541
1427726
1427738
1427755
1427803
1427902
1427917
1427968
1428060
1428068
1428121
1428221
1428274
1428330
1428428
1428456
1428469
1428514
1428524
1428528
1428571
1428606
1428730
1428766
1428948
1428968
1428990
1429104
1429153
1429174
1429204
1429226
1429283
1429368
1429429
1429438
1429444
1429448
1429453
1429456
1429644
1429763
1429765
1429853
1429866
1430077
1430326
1430327
1430332
1430344
1430527
1430589
1430640
1430698
1430814
1430892
1430943
1430974
1431039
1431079
1431114
1431247
1431265
1431268
1431276
1431288
1431290
1431298
1431376
1431398
1431406
1431446
1431471
1431516
1431539
1431559
1431596
1431862
1431879
1432050
1432204
1432266
1432291
1432306
1432362
1432706
1432720
1432794
1432908
1432968
1433015
1433027
1433034
1433114
1433135
1433247
1433258
1433273
1433354
1433369
1433427
1433497
1433553
1433569
1433659
1433670
1433723
1433750
1433802
1433807
1433836
1433843
1433853
1433855
1433865
1433872
1433873
1433883
1433889
1433898
1433923
1433954
1433963
1433965
1433966
1433967
1433985
1434001
1434036
1434064
1434162
1434191
1434379
1434383
1434397
1434418
1434426
1434447
1434449
1434572
1434583
1434635
1434721
1434776
1434864
1434901
1434913
1435018
1435103
1435136
1435172
1435387
1435401
1435408
1435585
1435657
1435731
1435755
1435802
1435836
1435886
1435888
1435898
1435971
1435980
1436105
1436136
1436194
1436210
1436214
1436243
1436264
1436271
1436276
1436295
1436384
1436396
1436517
1436559
1436561
1436609
1436618
1436668
1436678
1436720
1436797
1436824
1436835
1436914
1436932
1436953
1436970
1436994
1436997
1437004
1437034
1437035
1437116
1437118
1437147
1437166
1437315
1437414
1437546
1437585
1437586
1437589
1437655
1437763
1437808
1437850
1437879
1437941
1437958
1438013
1438016
1438030
1438088
1438128
1438207
1438278
1438316
1438319
1438339
1438419
1438534
1438732
1438752
1438886
1439006
1439061
1439115
1439128
1439145
1439182
1439283
1439361
1439404
1439434
1439438
1439486
1439640
1439759
1439773
1439804
1439881
1439924
1439929
1439949
1440063
1440087
1440129
1440137
1440194
1440226
1440229
1440246
1440427
1440461
1440641
1440732
1440858
1440905
1440937
1440988
1441003
1441008
1441154
1441202
1441280
1441287
1441305
1441307
1441312
1441348
1441394
1441451
1441486
1441492
1441527
1441669
1441909
1441945
1441963
1441969
1442014
1442070
1442106
1442167
1442361
1442450
1442570
1442704
1442754
1442816
1442818
1442849
1442878
1442912
1442954
1442990
1442992
1442997
1443005
1443084
1443087
1443096
1443124
1443135
1443218
1443228
1443260
1443265
1443276
1443311
1443362
1443582
1443615
1443736
1443768
1443832
1443894
1443900
1443948
1443966
1444148
1444194
1444232
1444510
1444547
1444573
1444683
1444697
1444747
1444780
1444783
1444800
1444819
1444891
1444992
1445056
1445058
1445130
1445133
1445143
1445148
1445184
1445218
1445246
1445259
1445314
1445430
1445436
1445446
1445456
1445537
1445550
1445559
1445698
1445777
1445818
1445834
1445945
1446212
1446261
1446416
1446417
1446474
1446485
1446497
1446499
1446523
1446525
1446676
1446692
1446731
1446762
1446781
1446808
1446895
1446900
1446958
1446995
1447000
1447217
1447238
1447251
1447277
1447316
1447398
1447416
1447426
1447427
1447446
1447484
1447506
1447526
1447559
1447643
1447851
1447877
1447925
1448001
1448003
1448065
1448106
1448123
1448139
1448145
1448393
1448600
1448662
1448676
1448812
1448910
1448938
1448943
1449059
1449064
1449147
1449160
1449204
1449226
1449280
1449337
1449499
1449632
1449636
1449641
1449744
1449746
1449771
1449826
1449833
1449972
1450022
1450043
1450053
1450150
1450208
1450236
1450401
1450477
1450509
1450527
1450605
1450678
1450683
1450730
1450799
1450808
1450861
1450881
1450940
1450986
1451039
1451050
1451058
1451061
1451098
1451156
1451238
1451329
1451359
1451411
1451499
1451524
1451555
1451570
1451588
1451772
1451973
1452027
1452049
1452090
1452133
1452163
1452171
1452172
1452176
1452184
1452248
1452256
1452289
1452523
1452529
1452609
1452656
1452657
1452659
1452662
1452668
1452725
1452727
1452735
1452767
1452846
1453001
1453109
1453245
1453269
1453271
1453328
1453447
1453488
1453509
1453532
1453542
1453554
1453610
1453614
1453644
1453662
1453705
1453725
1453729
1453821
1453939
1453950
1453962
1453972
1454032
1454046
1454074
1454102
1454210
1454292
1454368
1454424
1454574
1454601
1454602
1454666
1454667
1454682
1454741
1454757
1454768
1454790
1454797
1454805
1454810
1454859
1454884
1454890
1454898
1455078
1455080
1455183
1455243
1455254
1455264
1455315
1455383
1455589
1455612
1455624
1455634
1455683
1455746
1455816
1455870
1455878
1456078
1456104
1456124
1456131
1456146
1456229
1456238
1456255
1456423
1456428
1456452
1456509
1456583
1456603
1456658
1456710
1456865
1456918
1457104
1457131
1457290
1457318
1457361
1457400
1457403
1457425
1457622
1457625
1457642
1457700
1457717
1457719
1457768
1457803
1457820
1457882
1457885
1457908
1457931
1457932
1457984
1458059
1458097
1458129
1458134
1458180
1458199
1458222
1458246
1458255
1458257
1458267
1458297
1458369
1458387
1458416
1458570
1458602
1458624
1458625
1458702
1458740
1458855
1459137
1459218
1459306
1459369
1459433
1459520
1459608
1459802
1459933
1459937
1459950
1460088
1460134
1460141
1460173
1460265
1460308
1460354
1460364
1460419
1460565
1460572
1460589
1460641
1460652
1460689
1460845
1460905
1460989
1461061
1461091
1461141
1461182
1461207
1461211
1461244
1461275
1461414
1461562
1461601
1461628
1461677
1461690
1461745
1461752
1461823
1461968
1462010
1462042
1462074
1462104
1462136
1462224
1462233
1462303
1462380
1462384
1462405
1462450
1462566
1462648
1462651
1462657
1462736
1462950
1462960
1463017
1463076
1463113
1463434
1463518
1463552
1463567
1463594
1463617
1463625
1463631
1463635
1463644
1463649
1463681
1463700
1463833
1463960
1464013
1464126
1464246
1464283
1464292
1464366
1464401
1464606
1464610
1464683
1464773
1464992
1465025
1465044
1465074
1465078
1465117
1465119
1465154
1465155
1465176
1465188
1465259
1465296
1465351
1465516
1465556
1465565
1465594
1465639
1465646
1465651
1465673
1465700
1465707
1465811
1465837
1465855
1465857
1465911
1465917
1465986
1466236
1466328
1466333
1466392
1466456
1466671
1466677
1466733
1466747
1466771
1466829
1466894
1467110
1467238
1467243
1467276
1467288
1467296
1467302
1467378
1467391
1467408
1467468
1467476
1467528
1467548
1467563
1467583
1467612
1467633
1467692
1467821
1467854
1467936
1467951
1467997
1468002
1468004
1468017
1468029
1468107
1468113
1468169
1468298
1468349
1468351
1468383
1468422
1468435
1468599
1468604
1468706
1468749
1468801
1468820
1468882
1468922
1468935
1468983
1469026
1469060
1469177
1469225
1469274
1469342
1469344
1469429
1469440
1469544
1469635
1469761
1470031
1470035
1470080
1470130
1470140
1470178
1470269
1470309
1470374
1470377
1470414
1470474
1470561
1470684
1470736
1470772
1470777
1470820
1470829
1470843
1470899
1470963
1470971
1471091
1471107
1471132
1471251
1471317
1471333
1471356
1471384
1471385
1471402
1471447
1471481
1471546
1471626
1471737
1471741
1471742
1471805
1471838
1471922
1471934
1471938
1471941
1471947
1471951
1472024
1472069
1472210
1472341
1472364
1472419
1472421
1472425
1472426
1472449
1472467
1472474
1472510
1472575
1472678
1472706
1472750
1472885
1472939
1473004
1473023
1473220
1473227
1473274
1473289
1473290
1473370
1473376
1473396
1473421
1473425
1473505
1473639
1473666
1473792
1473817
1473878
1473927
1473934
1473976
1474023
1474039
1474055
1474232
1474233
1474235
1474280
1474319
1474325
1474617
1474628
1474649
1474670
1474675
1474679
1474695
1474708
1474851
1474862
1474892
1474895
1474932
1474964
1474972
1475014
1475044
1475045
1475181
1475195
1475218
1475231
1475241
1475260
1475309
1475443
1475490
1475523
1475525
1475570
1475628
1475636
1475831
1475837
1475851
1475936
1476038
1476042
1476075
1476133
1476227
1476230
1476313
1476456
1476493
1476585
1476611
1476622
1476689
1476731
1476740
1476851
1476856
1476859
1476942
1476947
1477284
1477292
1477310
1477322
1477328
1477355
1477412
1477431
1477475
1477476
1477480
1477491
1477499
1477517
1477595
1477661
1477673
1477709
1477712
1477763
1477834
1477836
1477887
1477936
1477953
1477997
1478046
1478062
1478127
1478145
1478251
1478317
1478320
1478328
1478348
1478399
1478423
1478501
1478581
1478593
1478611
1478683
1478694
1478811
1478826
1478877
1478883
1478905
1478908
1478978
1479021
1479025
1479027
1479127
1479143
1479197
1479208
1479309
1479319
1479371
1479804
1479836
1479846
1479879
1479922
1480024
1480075
1480129
1480140
1480147
1480156
1480165
1480169
1480191
1480207
1480221
1480230
1480243
1480271
1480292
1480301
1480302
1480387
1480494
1480615
1480617
1480645
1480663
1480674
1480739
1480752
1480785
1480927
1480945
1480952
1481010
1481043
1481145
1481149
1481164
1481165
1481209
1481272
1481324
1481331
1481343
1481393
1481398
1481520
1481535
1481568
1481603
1481608
1481676
1481687
1481793
1481922
1481943
1481946
1482070
1482242
1482328
1482342
1482368
1482371
1482376
1482378
1482399
1482418
1482558
1482745
1482801
1482839
1482949
1483020
1483032
1483068
1483116
1483133
1483181
1483207
1483267
1483276
1483306
1483461
1483499
1483559
1483599
1483605
1483613
1483633
1483644
1483661
1483743
1483882
1483888
1483949
1483971
1483974
1484062
1484136
1484162
1484294
1484303
1484338
1484344
1484345
1484350
1484387
1484461
1484490
1484513
1484625
1484630
1484636
1484638
1484672
1484694
1484716
1484731
1484760
1484783
1484970
1485025
1485067
1485104
1485138
1485145
1485169
1485180
1485193
1485241
1485255
1485282
1485370
1485372
1485379
1485381
1485519
1485535
1485576
1485594
1485616
1485629
1485821
1485835
1485846
1485886
1485934
1486256
1486282
1486293
1486302
1486323
1486392
1486404
1486430
1486608
1486752
1486872
1486952
1487013
1487079
1487151
1487164
1487189
1487210
1487261
1487267
1487333
1487348
1487394
1487435
1487441
1487445
1487455
1487464
1487474
1487502
1487547
1487650
1487685
1487691
1487707
1488016
1488228
1488269
1488284
1488314
1488360
1488499
1488576
1488608
1488691
1488727
1488804
1488854
1488880
1488896
1488903
1488960
1489109
1489114
1489202
1489261
1489275
1489313
1489345
1489353
1489355
1489362
1489389
1489407
1489489
1489505
1489662
1489665
1489681
1489729
1489733
1489758
1489983
1489999
1490000
1490070
1490113
1490341
1490349
1490355
1490464
1490514
1490665
1490959
1490976
1490997
1491011
1491082
1491093
1491211
1491265
1491273
1491338
1491400
1491436
1491621
1491692
1491756
1491769
1491785
1491913
1492028
1492097
1492149
1492155
1492205
1492280
1492360
1492566
1492613
1492635
1492655
1492853
1492866
1492870
1492972
1493129
1493182
1493223
1493225
1493296
1493303
1493306
1493308
1493314
1493355
1493388
1493393
1493425
1493460
1493590
1493598
1493612
1493616
1493744
1493908
1493966
1493990
1494048
1494060
1494066
1494100
1494164
1494176
1494221
1494294
1494303
1494424
1494605
1494614
1494641
1494716
1494854
1494945
1495032
1495039
1495041
1495045
1495071
1495115
1495162
1495590
1495638
1495778
1495795
1495816
1495908
1495933
1495948
1495957
1495971
1496002
1496043
1496128
1496151
1496291
1496354
1496425
1496428
1496532
1496542
1496557
1496560
1496656
1496674
1496696
1496707
1496829
1496843
1496989
1497031
1497128
1497135
1497151
1497160
1497289
1497315
1497410
1497636
1497730
1497756
1497793
1497801
1497961
1497977
1498024
1498045
1498218
1498253
1498438
1498452
1498503
1498625
1498741
1498745
1498758
1498772
1498777
1498782
1498854
1498858
1498933
1498960
1499186
1499312
1499348
1499363
1499469
1499555
1499583
1499587
1499590
1499591
1499608
1499612
1499668
1499675
1499746
1499796
1499799
1499821
1499847
1499856
1499885
1499927
1500003
1500009
1500111
1500161
1500183
1500268
1500292
1500396
1500401
1500442
1500505
1500517
1500610
1500612
1500667
1500692
1500694
1500774
1500844
1500883
1500890
1500943
1500948
1500975
1500978
1500983
1500993
1501055
1501105
1501220
1501370
1501397
1501468
1501486
1501498
1501572
1501578
1501624
1501813
1501879
1501953
1501973
1502057
1502079
1502117
1502215
1502234
1502237
1502304
1502367
1502371
1502447
1502488
1502491
1502555
1502597
1502607
1502619
1502749
1502775
1502842
1502885
1502939
1502943
1502985
1502994
1502997
1503002
1503003
1503195
1503245
1503329
1503366
1503383
1503384
1503390
1503399
1503486
1503624
1503631
1503641
1503643
1503726
1503740
1503778
1503832
1503900
1503911
1503917
1503923
1503932
1503954
1503957
1504054
1504070
1504210
1504291
1504382
1504588
1504635
1504654
1504830
1504899
1504900
1504913
1504922
1504945
1504973
1505054
1505092
1505147
1505246
1505252
1505265
1505280
1505312
1505358
1505453
1505506
1505525
1505533
1505536
1505601
1505756
1505766
1505836
1505840
1505902
1505918
1505933
1505948
1505977
1506011
1506034
1506037
1506039
1506061
1506222
1506269
1506316
1506323
1506398
1506408
1506490
1506501
1506545
1506685
1506692
1506828
1506835
1506844
1506916
1506985
1507000
1507012
1507076
1507156
1507229
1507356
1507638
1507652
1507811
1507843
1507926
1508060
1508066
1508070
1508071
1508073
1508090
1508215
1508252
1508256
1508265
1508394
1508408
1508418
1508455
1508490
1508534
1508583
1508830
1508837
1508865
1508882
1509006
1509024
1509057
1509120
1509235
1509351
1509461
1509548
1509567
1509627
1509630
1509677
1509765
1509846
1509987
1509993
1509997
1510007
1510209
1510332
1510338
1510423
1510447
1510552
1510609
1510652
1510669
1510672
1510675
1510736
1510739
1510745
1510759
1510951
1510954
1511035
1511111
1511163
1511273
1511397
1511424
1511505
1511513
1511534
1511564
1511727
1511789
1511793
1511794
1511801
1511870
1511873
1511898
1511903
1511906
1511908
1511911
1511946
1512008
1512010
1512013
1512016
1512023
1512024
1512086
1512221
1512274
1512293
1512346
1512370
1512385
1512432
1512456
1512468
1512492
1512530
1512580
1512581
1512796
1512881
1513016
1513362
1513400
1513474
1513493
1513523
1513607
1513636
1513650
1513731
1513983
1514026
1514057
1514090
1514116
1514122
1514166
1514212
1514246
1514250
1514338
1514364
1514378
1514422
1514444
1514475
1514492
1514522
1514533
1514571
1514584
1514587
1514682
1514947
1514957
1514962
1515047
1515285
1515286
1515408
1515495
1515524
1515557
1515590
1515609
1515616
1515617
1515872
1515879
1516261
1516367
1516390
1516591
1516635
1516638
1516692
1516716
1516717
1516734
1516772
1516815
1516833
1516880
1516925
1516951
1516994
1517023
1517298
1517372
1517409
1517708
1517733
1517766
1517854
1517967
1517992
1518186
1518221
1518305
1518306
1518462
1518467
1518506
1518548
1518562
1518572
1518670
1518721
1518862
1518962
1518992
1519067
1519087
1519111
1519126
1519151
1519163
1519168
1519253
1519482
1519622
1519733
1519736
1519851
1520017
1520031
1520033
1520053
1520103
1520119
1520123
1520357
1520453
1520771
1520919
1521025
1521069
1521854
1522023
1522027
1522097
1522163
1522191
1522450
1522473
1522505
1522536
1522558
1522620
1522705
1522775
1522779
1522832
1522937
1522940
1523040
1523107
1523141
1523234
1523397
1523424
1523512
1523565
1523947
1523973
1524082
1524094
1524107
1524128
1524160
1524314
1524395
1524401
1524454
1524537
1524553
1524593
1524694
1524782
1524837
1524850
1525087
1525109
1525201
1525218
1525341
1525465
1525653
1525703
1525775
1525810
1525857
1525864
1525882
1525909
1525910
1526193
1526199
1526204
1526210
1526231
1526268
1526380
1526385
1526393
1526409
1526433
1526525
1526555
1526723
1526741
1526777
1526817
1526818
1526829
1526837
1526847
1526900
1526957
1527052
1527063
1527070
1527080
1527201
1527230
1527253
1527285
1527386
1527421
1527453
1527483
1527629
1527670
1527691
1527711
1527771
1527789
1527817
1527917
1528009
1528023
1528082
1528133
1528209
1528292
1528388
1528421
1528436
1528453
1528532
1528540
1528581
1528603
1528625
1528626
1528660
1528693
1528737
1528741
1528755
1528774
1528794
1528841
1529022
1529047
1529067
1529151
1529179
1529189
1529205
1529259
1529322
1529520
1529527
1529537
1529604
1529699
1529709
1529716
1529792
1529808
1529833
1529836
1529906
1530058
1530079
1530111
1530127
1530129
1530130
1530150
1530207
1530260
1530263
1530317
1530344
1530394
1530405
1530640
1530652
1530692
1530695
1530696
1530814
1530900
1530905
1530929
1530932
1531037
1531049
1531102
1531161
1531186
1531191
1531210
1531223
1531265
1531288
1531388
1531439
1531567
1531589
1531635
1531716
1531811
1531861
1531928
1531940
1532032
1532053
1532111
1532217
1532277
1532368
1532404
1532406
1532409
1532410
1532427
1532438
1532459
1532476
1532587
1532635
1532667
1532688
1532689
1532703
1532765
1532800
1532805
1532810
1532818
1532895
1532899
1532903
1532906
1532908
1532922
1532997
1533042
1533044
1533086
1533087
1533110
1533137
1533140
1533172
1533199
1533249
1533253
1533266
1533277
1533359
1533471
1533491
1533534
1533549
1533562
1533563
1533564
1533611
1533658
1533792
1533793
1534061
1534089
1534100
1534111
1534164
1534280
1534281
1534284
1534319
1534324
1534340
1534506
1534507
1534508
1534510
1534512
1534516
1534519
1534580
1534627
1534641
1534664
1534787
1534789
1534800
1534841
1534873
1535021
1535027
1535097
1535103
1535118
1535136
1535192
1535230
1535303
1535311
1535344
1535429
1535650
1535696
1535720
1535799
1535813
1535863
1535870
1536034
1536233
1536261
1536266
1536299
1536351
1536383
1536445
1536465
1536535
1536556
1536608
1536702
1536756
1536757
1536773
1536842
1536940
1537026
1537039
1537043
1537153
1537268
1537344
1537486
1537576
1537609
1537617
1537650
1537654
1537673
1537701
1537732
1537810
1537863
1538109
1538112
1538195
1538206
1538218
1538264
1538434
1538537
1538581
1538688
1538696
1538712
1538774
1538806
1538824
1538946
1539007
1539009
1539020
1539058
1539137
1539153
1539159
1539177
1539225
1539249
1539251
1539252
1539300
1539330
1539645
1539705
1539708
1539764
1539797
1539990
1540003
1540050
1540052
1540152
1540162
1540310
1540365
1540415
1540503
1540522
1540544
1540579
1540629
1540652
1540870
1540888
1540936
1540960
1541046
1541134
1541192
1541212
1541273
1541383
1541422
1541621
1541633
1541644
1541660
1541668
1541672
1541686
1541944
1541949
1542005
1542028
1542160
1542164
1542165
1542199
1542207
1542217
1542220
1542228
1542240
1542307
1542470
1542531
1542603
1542607
1542655
1542677
1542706
1542720
1542756
1542760
1543002
1543054
1543086
1543273
1543453
1543541
1543557
1543637
1543742
1543765
1543939
1543942
1543944
1544122
1544159
1544162
1544201
1544212
1544264
1544279
1544294
1544295
1544300
1544374
1544396
1544418
1544428
1544481
1544656
1544714
1544754
1544900
1544948
1544955
1544970
1545044
1545065
1545105
1545161
1545203
1545243
1545244
1545251
1545310
1545469
1545500
1545545
1545564
1545570
1545645
1545657
1545668
1545736
1545746
1545749
1545750
1545792
1545798
1545812
1545916
1545973
1545989
1546016
1546018
1546084
1546091
1546093
1546102
1546106
1546115
1546170
1546216
1546307
1546390
1546399
1546530
1546574
1546617
1546630
1546684
1546709
1546736
1546924
1546937
1546947
1546998
1547083
1547085
1547088
1547144
1547159
1547166
1547178
1547312
1547367
1547446
1547453
1547491
1547511
1547520
1547524
1547525
1547527
1547602
1547639
1547725
1547751
1547762
1547774
1548094
1548120
1548128
1548155
1548178
1548188
1548193
1548300
1548421
1548433
1548488
1548527
1548619
1548647
1548658
1548700
1548705
1548711
1548780
1548793
1548816
1548817
1548943
1548951
1549004
1549019
1549041
1549071
1549075
1549085
1549110
1549255
1549265
1549268
1549340
1549545
1549629
1549644
1549668
1549799
1549825
1549856
1549895
1549918
1549963
1550004
1550083
1550088
1550197
1550238
1550247
1550335
1550388
1550486
1550505
1550557
1550664
1550676
1550772
1550778
1550822
1550868
1550963
1551003
1551021
1551063
1551127
1551139
1551150
1551281
1551385
1551396
1551417
1551496
1551563
1551589
1551697
1551756
1551775
1551786
1551829
1551887
1551952
1551957
1552050
1552169
1552241
1552279
1552287
1552378
1552393
1552483
1552509
1552525
1552554
1552668
1552698
1552703
1552806
1552891
1552897
1552927
1553167
1553221
1553275
1553284
1553291
1553375
1553392
1553398
1553426
1553456
1553496
1553513
1553516
1553525
1553721
1553758
1553772
1553787
1553799
1553816
1553854
1553878
1553944
1553971
1554205
1554390
1554394
1554397
1554419
1554449
1554480
1554514
1554541
1554565
1554615
1554638
1554640
1554834
1554844
1554853
1554860
1554886
1554924
1554926
1555017
1555022
1555023
1555055
1555096
1555101
1555104
1555172
1555227
1555358
1555420
1555428
1555478
1555576
1555718
1555833
1555854
1556055
1556063
1556094
1556157
1556261
1556277
1556297
1556300
1556417
1556452
1556464
1556605
1556631
1556645
1556666
1556768
1557056
1557097
1557115
1557132
1557140
1557143
1557171
1557177
1557189
1557203
1557206
1557213
1557235
1557330
1557338
1557341
1557350
1557541
1557557
1557562
1557565
1557568
1557571
1557588
1557694
1557702
1557819
1557882
1557913
1558000
1558025
1558044
1558088
1558100
1558103
1558114
1558121
1558134
1558157
1558164
1558168
1558184
1558218
1558240
1558263
1558271
1558326
1558369
1558378
1558386
1558416
1558506
1558614
1558705
1558839
1558899
1558905
1558940
1558944
1558950
1558955
1558960
1559044
1559086
1559104
1559160
1559361
1559393
1559469
1559512
1559586
1559593
1559628
1559632
1559637
1559738
1559739
1559805
1559827
1559864
1559885
1559898
1559917
1559958
1559960
1559986
1560024
1560027
1560057
1560064
1560072
1560087
1560102
1560202
1560425
1560448
1560573
1560580
1560588
1560596
1560599
1560605
1560608
1560610
1560615
1560640
1560650
1560756
1560759
1560781
1560926
1561000
1561046
1561066
1561067
1561101
1561110
1561159
1561316
1561327
1561329
1561415
1561417
1561418
1561558
1561563
1561575
1561597
1561645
1561725
1561850
1561909
1561962
1562012
1562073
1562076
1562146
1562168
1562169
1562195
1562243
1562254
1562272
1562459
1562478
1562591
1562593
1562597
1562687
1562702
1562720
1562780
1562792
1562795
1562942
1562959
1563080
1563144
1563145
1563180
1563184
1563291
1563362
1563384
1563506
1563593
1563636
1563653
1563709
1563818
1563886
1563936
1564019
1564044
1564099
1564349
1564353
1564376
1564389
1564449
1564458
1564494
1564504
1564505
1564509
1564573
1564582
1564594
1564614
1564641
1564695
1564735
1564836
1564848
1564878
1564918
1564921
1564952
1564985
1564988
1565047
1565049
1565052
1565055
1565056
1565057
1565061
1565068
1565084
1565107
1565163
1565218
1565221
1565248
1565265
1565413
1565447
1565462
1565477
1565487
1565495
1565580
1565722
1565732
1565756
1565783
1565823
1565877
1565893
1565944
1565945
1565948
1565949
1565990
1566001
1566017
1566023
1566062
1566150
1566194
1566212
1566231
1566344
1566379
1566402
1566416
1566483
1566488
1566493
1566522
1566551
1566567
1566570
1566581
1566601
1566603
1566611
1566667
1566742
1566850
1566873
1566924
1566999
1567013
1567014
1567046
1567048
1567181
1567192
1567252
1567275
1567299
1567419
1567588
1567594
1567607
1567671
1567770
1567776
1567782
1567792
1567818
1567861
1567887
1567891
1567904
1567920
1567924
1567933
1568056
1568067
1568089
1568135
1568210
1568254
1568257
1568334
1568348
1568421
1568436
1568451
1568454
1568561
1568579
1568649
1568666
1568729
1568733
1568832
1568835
1568856
1568913
1568997
1569012
1569014
1569042
1569153
1569175
1569194
1569284
1569299
1569312
1569333
1569349
1569377
1569454
1569463
1569475
1569494
1569675
1569796
1569829
1569885
1569888
1569912
1569923
1569933
1569940
1569944
1569947
1569954
1569957
1570005
1570063
1570075
1570083
1570106
1570123
1570128
1570174
1570180
1570185
1570187
1570311
1570371
1570376
1570408
1570458
1570473
1570504
1570585
1570622
1570630
1570651
1570654
1570670
1570812
1570819
1570837
1570887
1570946
1570993
1571124
1571137
1571151
1571171
1571231
1571243
1571251
1571254
1571265
1571288
1571290
1571305
1571367
1571445
1571460
1571466
1571607
1571614
1571698
1571701
1571705
1571706
1571731
1571735
1571742
1571749
1571765
1571773
1571876
1571885
1571900
1571903
1571907
1571912
1571925
1571929
1571930
1571931
1571933
1571934
1571937
1571938
1571947
1571948
1571950
1571952
1571960
1571969
1571983
1572052
1572064
1572065
1572067
1572073
1572077
1572119
1572163
1572169
1572235
1572316
1572404
1572483
1572497
1572580
1572582
1572752
1572782
1572899
1572932
1572936
1572996
1573023
1573026
1573028
1573054
1573119
1573153
1573162
1573191
1573195
1573236
1573354
1573390
1573402
1573408
1573537
1573594
1573673
1573704
1573715
1573717
1573730
1573740
1573743
1573756
1573757
1573775
1573785
1573791
1573908
1573917
1573922
1573929
1573971
1574059
1574087
1574121
1574156
1574189
1574214
1574215
1574254
1574555
1574741
1574846
1574879
1574979
1575007
1575013
1575025
1575038
1575046
1575083
1575093
1575309
1575321
1575350
1575401
1575406
1575410
1575411
1575452
1575465
1575491
1575497
1575519
1575534
1575539
1575542
1575620
1575647
1575807
1575847
1575970
1575984
1575988
1575990
1575995
1575998
1576054
1576074
1576111
1576386
1576546
1576549
1576678
1576685
1576729
1576844
1576887
1576932
1577007
1577040
1577295
1577308
1577317
1577323
1577345
1577473
1577501
1577697
1577765
1577795
1577796
1577821
1577831
1577871
1577945
1577964
1578019
1578056
1578059
1578071
1578088
1578356
1578416
1578424
1578429
1578489
1578506
1578534
1578565
1578608
1578643
1578645
1578660
1578884
1578897
1578918
1578940
1579110
1579120
1579132
1579134
1579156
1579163
1579168
1579212
1579241
1579271
1579276
1579288
1579361
1579431
1579434
1579519
1579570
1579611
1579625
1579691
1579694
1579758
1579796
1579830
1579853
1580070
1580120
1580280
1580391
1580394
1580421
1580472
1580490
1580649
1580667
1580685
1580812
1580912
1580966
1580993
1581084
1581184
1581218
1581378
1581397
1581411
1581471
1581988
1582037
1582188
1582207
1582238
1582251
1582280
1582339
1582437
1582621
1582836
1582842
1582908
1582928
1582943
1583164
1583174
1583207
1583220
1583235
1583360
1583539
1583573
1583609
1583765
1583798
1583879
1584001
1584015
1584032
1584033
1584039
1584068
1584091
1584167
1584267
1584480
1584483
1584511
1584584
1584673
1584675
1584785
1585057
1585223
1585594
1585709
1585763
1585772
1585864
1585906
1585921
1586019
1586062
1586245
1586264
1586299
1586300
1586375
1586421
1586441
1586465
1586591
1586673
1586794
1586823
1586870
1586888
1586893
1586941
1586962
1586968
1586975
1586983
1587010
1587090
1587100
1587107
1587131
1587188
1587547
1587613
1587630
1587671
1587674
1588064
1588097
1588101
1588197
1588256
1588271
1588364
1588427
1588480
1588493
1588744
1588809
1588870
1588892
1589083
1589348
1589423
1589520
1589530
1589579
1589656
1589694
1589722
1589786
1589874
1589890
1589894
1589913
1589919
1589968
1590067
1590070
1590109
1590116
1590122
1590133
1590143
1590154
1590253
1590432
1590554
1590562
1590690
1590726
1590916
1590957
1591046
1591058
1591083
1591121
1591126
1591150
1591157
1591158
1591263
1591272
1591276
1591289
1591328
1591386
1591515
1591582
1591741
1591831
1591847
1591884
1591893
1592009
1592085
1592212
1592257
1592395
1592429
1592452
1592491
1592560
1592702
1592985
1592995
1593002
1593054
1593094
1593109
1593144
1593205
1593262
1593270
1593349
1593354
1593552
1593561
1593613
1593645
1593656
1593663
1593740
1593743
1593870
1593913
1593932
1594257
1594286
1594321
1594386
1594432
1594451
1594478
1594487
1594562
1594623
1594627
1594651
1594701
1594713
1594719
1594839
1594840
1594891
1594900
1594902
1594922
1595050
1595111
1595128
1595149
1595157
1595158
1595174
1595271
1595325
1595359
1595365
1595368
1595421
1595452
1595668
1595679
1595706
1595745
1595818
1595875
1595914
1595916
1595929
1596208
1596241
1596301
1596410
1596448
1596482
1596484
1596515
1596581
1596781
1596794
1596871
1596939
1597020
1597033
1597082
1597138
1597154
1597429
1597439
1597529
1597557
1597573
1597607
1597653
1597656
1597702
1597906
1597907
1598079
1598082
1598093
1598211
1598217
1598241
1598247
1598346
1598383
1598472
1598484
1598485
1598634
1598797
1598802
1598804
1598832
1598981
1598989
1599181
1599213
1599392
1599426
1599447
1599463
1599478
1599507
1599566
1599958
1600063
1600076
1600135
1600145
1600147
1600149
1600174
1600278
1600394
1600609
1600626
1600671
1600679
1600685
1600896
1600910
1600990
1601038
1601103
1601123
1601156
1601167
1601242
1601478
1601565
1601571
1601572
1601605
1601641
1601647
1601656
1601660
1601793
1601832
1601848
1601948
1601975
1601981
1602032
1602078
1602121
1602163
1602259
1602267
1602300
1602351
1602352
1602483
1602487
1602506
1602540
1602549
1602567
1602570
1602577
1602752
1602806
1602820
1603162
1603217
1603354
1603468
1603584
1603596
1603610
1603772
1603781
1604011
1604013
1604026
1604034
1604261
1604367
1604474
1604528
1604550
1604555
1604613
1604674
1604889
1605015
1605022
1605028
1605094
1605114
1605133
1605150
1605180
1605305
1605429
1605614
1605727
1605730
1605744
1605900
1605903
1605985
1606009
1606233
1606285
1606318
1606345
1606352
1606461
1606669
1606791
1606871
1606889
1606937
1606966
1606969
1607003
1607017
1607134
1607149
1607151
1607160
1607468
1607507
1607622
1607698
1607722
1607760
1608046
1608072
1608097
1608100
1608113
1608192
1608213
1608237
1608435
1608692
1608753
1608761
1608831
1608848
1608860
1608914
1608925
1608998
1609083
1609134
1609153
1609222
1609311
1609333
1609447
1609454
1609509
1609576
1609629
1609732
1609838
1609844
1609858
1609874
1609876
1609975
1610088
1610090
1610099
1610299
1610337
1610404
1610418
1610460
1610463
1610541
1610597
1610703
1610733
1610745
1610761
1610859
1610863
1610883
1611041
1611230
1611334
1611348
1611583
1611600
1611636
1611727
1611738
1611752
1611783
1611845
1611856
1611861
1611977
1612048
1612099
1612239
1612291
1612362
1612365
1612376
1612415
1612434
1612472
1612522
1612629
1612825
1612889
1612923
1612973
1612991
1613002
1613024
1613059
1613089
1613145
1613155
1613164
1613246
1613248
1613258
1613279
1613360
1613533
1613542
1613690
1613779
1613785
1613790
1613813
1613876
1614074
1614101
1614208
1614214
1614343
1614593
1614854
1614883
1614892
1614906
1614917
1614939
1614942
1614959
1615290
1615356
1615470
1615504
1615605
1615666
1615680
1615708
1615788
1615791
1615800
1615868
1615896
1615900
1616194
1616278
1616292
1616305
1616344
1616405
1616439
1616545
1616553
1616563
1616575
1616605
1616648
1616669
1616740
1616914
1617064
1617087
1617135
1617178
1617213
1617221
1617234
1617268
1617290
1617292
1617299
1617332
1617511
1617833
1617921
1618042
1618077
1618086
1618361
1618391
1618554
1618843
1618944
1618964
1619089
1619246
1619310
1619347
1619371
1619416
1619417
1619430
1619452
1619455
1619543
1619600
1619601
1619631
1619635
1619657
1619720
1619765
1619848
1619894
1620030
1620059
1620060
1620061
1620069
1620125
1620126
1620150
1620185
1620196
1620201
1620215
1620236
1620244
1620267
1620269
1620441
1620503
1620544
1620549
1620556
1620590
1620641
1620674
1620711
1620724
1620809
1620810
1620816
1620834
1620985
1620993
1620994
1621025
1621108
1621122
1621258
1621264
1621329
1621417
1621448
1621536
1621766
1621775
1621776
1621787
1621891
1621921
1622040
1622116
1622163
1622202
1622398
1622465
1622490
1622520
1622529
1622617
1622651
1622714
1622936
1623134
1623284
1623303
1623342
1623422
1623427
1623517
1623539
1623581
1623588
1623640
1623659
1623674
1623686
1623822
1623925
1623949
1623966
1624000
1624101
1624139
1624163
1624214
1624352
1624353
1624495
1624565
1624609
1624611
1624643
1624708
1624898
1625067
1625072
1625078
1625102
1625155
1625236
1625278
1625322
1625381
1625390
1625430
1625523
1625701
1625805
1625875
1625936
1625977
1625985
1626027
1626099
1626128
1626129
1626149
1626151
1626254
1626332
1626367
1626368
1626415
1626475
1626532
1626547
1626571
1626588
1626615
1626629
1626690
1626734
1626756
1626772
1626798
1627134
1627160
1627243
1627299
1627380
1627489
1627494
1627501
1627570
1627954
1627994
1628148
1628192
1628258
1628566
1628593
1628603
1628654
1628656
1628708
1628765
1628777
1628888
1629130
1629250
1629261
1629275
1629355
1629389
1629493
1629662
1629737
1629757
1629782
1629834
1629881
1629912
1629915
1629959
1629961
1629970
1630001
1630003
1630071
1630293
1630307
1630421
1630440
1630475
1630588
1630590
1630595
1630609
1630662
1630722
1630746
1630768
1630853
1630858
1630859
1630862
1630953
1630958
1631027
1631049
1631061
1631107
1631143
1631208
1631252
1631292
1631354
1631388
1631521
1631665
1631727
1631743
1631793
1631814
1631887
1631935
1632004
1632187
1632189
1632198
1632254
1632290
1632301
1632369
1632384
1632413
1632452
1632457
1632751
1632759
1632808
1632818
1632827
1632848
1632915
1632927
1632937
1632969
1632976
1633011
1633032
1633044
1633091
1633161
1633164
1633391
1633413
1633457
1633476
1633689
1633712
1633730
1633832
1633917
1634002
1634011
1634118
1634175
1634256
1634325
1634359
1634369
1634395
1634438
1634441
1634444
1634445
1634456
1634504
1634510
1634518
1634536
1634556
1634568
1634839
1634840
1634860
1634927
1634948
1634982
1634987
1635051
1635101
1635141
1635148
1635150
1635161
1635448
1635455
1635530
1635552
1635671
1635676
1635785
1635786
1635787
1635789
1635798
1635804
1635809
1636034
1636084
1636106
1636140
1636154
1636200
1636215
1636224
1636234
1636276
1636349
1636464
1636535
1636618
1636674
1636761
1636817
1636838
1636848
1636855
1636875
1636890
1636965
1637001
1637010
1637073
1637133
1637163
1637224
1637238
1637260
1637268
1637281
1637335
1637356
1637376
1637380
1637404
1637431
1637439
1637450
1637466
1637528
1637569
1637574
1637580
1637656
1637714
1637728
1637843
1637935
1637946
1637952
1637954
1637971
1638056
1638103
1638229
1638328
1638333
1638482
1638528
1638546
1638612
1638677
1638690
1638703
1638821
1638902
1638911
1638921
1638928
1638985
1639039
1639090
1639155
1639192
1639275
1639287
1639299
1639307
1639324
1639341
1639360
1639366
1639414
1639461
1639480
1639488
1639531
1639651
1639677
1639723
1639836
1639848
1639853
1639897
1639899
1639958
1639960
1640113
1640165
1640408
1640420
1640477
1640882
1640952
1640963
1641071
1641164
1641236
1641251
1641275
1641377
1641436
1641537
1641832
1641875
1642091
1642123
1642300
1642314
1642333
1642419
1642472
1642478
1642485
1642534
1642568
1642617
1642681
1642693
1642701
1642766
1642777
1642891
1643043
1643120
1643197
1643207
1643244
1643250
1643254
1643300
1643349
1643458
1643462
1643476
1643486
1643504
1643519
1643615
1643659
1643779
1643792
1643848
1643849
1643869
1643892
1643982
1643992
1644025
1644083
1644166
1644213
1644250
1644253
1644257
1644269
1644275
1644398
1644449
1644676
1644758
1644811
1645070
1645114
1645251
1645266
1645331
1645426
1645441
1645485
1645603
1645620
1645714
1645732
1645739
1645758
1645963
1645998
1646001
1646004
1646007
1646011
1646057
1646084
1646116
1646124
1646142
1646149
1646251
1646290
1646413
1646442
1646448
1646461
1646482
1646508
1646522
1646541
1646560
1646650
1646693
1646725
1646772
1646844
1646894
1646950
1647157
1647225
1647413
1647483
1647494
1647500
1647523
1647570
1647583
1647672
1647690
1647701
1647716
1647787
1647838
1647847
1647870
1647895
1647914
1647961
1647973
1648030
1648075
1648175
1648180
1648295
1648296
1648310
1648322
1648343
1648357
1648427
1648434
1648516
1648554
1648573
1648585
1648649
1648713
1648815
1648833
1649063
1649125
1649128
1649192
1649198
1649255
1649320
1649419
1649423
1649437
1649441
1649443
1649517
1649529
1649551
1649588
1649617
1649674
1649689
1649693
1649704
1649727
1649737
1649747
1649762
1649764
1649766
1649773
1649774
1649776
1649781
1649783
1649784
1649786
1649787
1649795
1649802
1649830
1649901
1650027
1650098
1650115
1650124
1650210
1650276
1650290
1650442
1650512
1650534
1650606
1650660
1650854
1651032
1651035
1651069
1651123
1651230
1651269
1651347
1651542
1651564
1651571
1651590
1651661
1651714
1651814
1651837
1651883
1652081
1652300
1652309
1652401
1652435
1652506
1652606
1652699
1652710
1652722
1652749
1652871
1653034
1653057
1653067
1653076
1653144
1653331
1653461
1653503
1653643
1653668
1653722
1653827
1653862
1654051
1654174
1654269
1654309
1654336
1654351
1654380
1654416
1654448
1654479
1654485
1654487
1654491
1654511
1654550
1654674
1654701
1654709
1654715
1654743
1654791
1654803
1654811
1654961
1655055
1655061
1655078
1655094
1655132
1655134
1655142
1655148
1655198
1655204
1655224
1655335
1655387
1655394
1655567
1655633
1655673
1655692
1655693
1655738
1655742
1655768
1655920
1655937
1655947
1656047
1656101
1656201
1656228
1656235
1656245
1656267
1656295
1656311
1656314
1656335
1656350
1656356
1656432
1656480
1656546
1656563
1656593
1656596
1656600
1656637
1656820
1656845
1656888
1656932
1656958
1657000
1657021
1657046
1657104
1657117
1657122
1657266
1657376
1657426
1657432
1657567
1657677
1657767
1657986
1658030
1658057
1658267
1658353
1658376
1658416
1658449
1658532
1658710
1658752
1658843
1658844
1659025
1659060
1659063
1659078
1659083
1659092
1659095
1659112
1659128
1659151
1659152
1659153
1659167
1659253
1659258
1659276
1659300
1659308
1659399
1659447
1659522
1659582
1659643
1659649
1659653
1659657
1659713
1659730
1659742
1659743
1659765
1659782
1659793
1659806
1660141
1660196
1660222
1660263
1660307
1660308
1660340
1660420
1660429
1660486
1660517
1660729
1660793
1660952
1661127
1661185
1661191
1661219
1661225
1661253
1661322
1661324
1661328
1661381
1661436
1661480
1661559
1661568
1661586
1661693
1661855
1661968
1661972
1662069
1662075
1662094
1662160
1662166
1662191
1662419
1662440
1662481
1662495
1662520
1662585
1662599
1662606
1662610
1662639
1662661
1662662
1662725
1662731
1662762
1662826
1662921
1662955
1663082
1663116
1663122
1663126
1663131
1663204
1663205
1663321
1663501
1663532
1663581
1663735
1663787
1663817
1663914
1663945
1663979
1664020
1664087
1664162
1664187
1664190
1664237
1664247
1664373
1664432
1664439
1664505
1664518
1664530
1664537
1664548
1664557
1664580
1664807
1664897
1664906
1664921
1664935
1664960
1664972
1664981
1664992
1665084
1665100
1665138
1665172
1665195
1665234
1665347
1665379
1665393
1665401
1665404
1665409
1665432
1665506
1665518
1665581
1665716
1665937
1666124
1666160
1666478
1666490
1666771
1666773
1666823
1666828
1666849
1666866
1666880
1666902
1666912
1666985
1667057
1667083
1667239
1667444
1667634
1667766
1667772
1667806
1667813
1667843
1667854
1667907
1667911
1667915
1667932
1667956
1668068
1668071
1668088
1668246
1668362
1668381
1668400
1668508
1668553
1668573
1668580
1668593
1668606
1668856
1668859
1668962
1669049
1669079
1669135
1669166
1669174
1669194
1669200
1669241
1669245
1669254
1669469
1669921
1669923
1669926
1669973
1669999
1670558
1670893
1671241
1671254
1671305
1671319
1671334
1671441
1671559
1671767
1672724
1672948
1673140
1673242
1673251
1673256
1673365
1673405
1673408
1673471
1673486
1673706
1673807
1673888
1674107
1674209
1674280
1674304
1674513
1674990
1675037
1675147
1675209
1675237
1675462
1675733
1676058
1676124
1676162
1676171
1676233
1676367
1676373
1676575
1676973
1676977
1676989
1677004
1677050
1677082
1677112
1677366
1677470
1677565
1677587
1677594
1677616
1677725
1677764
1677924
1678081
1678132
1678170
1678192
1678298
1678317
1678337
1678368
1678417
1678454
1678555
1678609
1678725
1678967
1679002
1679019
1679072
1679094
1679097
1679098
1679107
1679178
1679197
1679267
1679288
1679299
1679300
1679561
1679575
1679611
1679613
1679631
1679799
1679829
1679853
1679862
1679917
1679924
1679959
1679967
1679977
1679978
1679992
1680005
1680041
1680084
1680368
1680371
1680383
1680459
1680629
1680640
1680798
1680813
1680857
1680875
1680890
1680924
1680958
1681223
1681289
1681342
1681395
1681420
1681429
1681439
1681462
1681694
1681699
1681703
1681974
1682406
1682410
1682427
1682437
1682505
1682559
1682604
1682620
1682627
1682644
1682648
1682667
1682679
1682718
1682747
1682979
1682981
1683047
1683048
1683091
1683111
1683122
1683150
1683183
1683254
1683298
1683310
1683365
1683417
1683441
1683446
1683531
1683578
1683614
1683977
1684026
1684132
1684156
1684220
1684224
1684248
1684269
1684304
1684321
1684427
1684521
1684586
1684618
1684836
1684928
1684942
1684962
1685095
1685104
1685189
1685293
1685370
1685386
1685470
1685489
1685504
1685506
1685522
1685533
1685633
1685640
1685748
1685754
1685776
1685843
1685907
1685962
1686028
1686042
1686082
1686103
1686150
1686208
1686212
1686252
1686277
1686301
1686329
1686344
1686347
1686471
1686606
1686620
1686698
1686705
1686776
1686807
1686904
1687070
1687144
1687160
1687173
1687187
1687201
1687247
1687286
1687312
1687402
1687446
1687499
1687539
1687554
1687569
1687615
1687636
1687656
1687660
1687673
1687710
1687714
1687720
1687729
1687731
1687742
1687771
1687783
1687797
1687895
1687943
1687976
1688095
1688191
1688202
1688209
1688216
1688318
1688322
1688404
1688495
1688546
1688634
1688640
1688641
1688662
1688746
1688811
1689011
1689021
1689045
1689125
1689220
1689362
1689384
1689569
1689617
1689645
1689718
1689776
1689797
1689814
1689819
1689911
1689919
1689941
1689964
1690064
1690070
1690072
1690115
1690119
1690141
1690154
1690174
1690190
1690225
1690234
1690244
1690271
1690285
1690323
1690382
1690554
1690560
1690853
1690922
1691126
1691128
1691179
1691344
1691346
1691522
1691545
1691666
1691674
1691688
1691723
1691763
1691846
1691931
1691939
1691953
1692044
1692068
1692169
1692191
1692259
1692260
1692264
1692266
1692267
1692282
1692295
1692314
1692531
1692539
1692597
1692623
1692637
1692791
1692810
1692825
1692861
1692906
1692932
1692958
1692968
1693045
1693137
1693241
1693287
1693298
1693399
1693613
1693683
1693688
1693703
1693725
1693772
1693850
1693943
1694048
1694068
1694089
1694134
1694171
1694205
1694264
1694301
1694451
1694497
1694687
1694708
1694727
1694815
1694823
1694875
1694915
1694938
1694978
1695033
1695058
1695167
1695276
1695360
1695366
1695493
1695762
1695789
1695802
1695816
1695883
1695900
1695925
1695927
1695936
1695939
1696028
1696142
1696147
1696162
1696173
1696192
1696198
1696199
1696206
1696210
1696274
1696290
1696305
1696337
1696358
1696448
1696456
1696458
1696466
1696506
1696579
1696598
1696644
1696660
1696730
1696824
1697152
1697305
1697318
1697333
1697339
1697438
1697510
1697546
1697607
1697620
1697671
1697708
1697819
1697835
1697843
1697915
1698005
1698075
1698084
1698087
1698089
1698177
1698185
1698189
1698247
1698398
1698469
1698595
1698785
1698794
1698834
1698847
1698893
1698904
1699081
1699285
1699309
1699353
1699354
1699457
1699463
1699816
1699847
1699853
1699911
1700085
1700123
1700143
1700146
1700155
1700161
1700162
1700163
1700166
1700361
1700369
1700416
1700440
1700555
1700567
1700607
1700614
1700651
1700656
1700672
1700726
1700738
1700752
1700780
1700812
1701005
1701045
1701052
1701077
1701131
1701141
1701170
1701223
1701287
1701295
1701297
1701301
1701304
1701305
1701314
1701323
1701395
1701446
1701450
1701475
1701524
1701530
1701545
1701597
1701611
1701656
1701665
1701666
1701671
1701682
1701698
1701736
1701739
1701743
1701746
1701750
1701829
1701856
1701972
1702141
1702261
1702311
1702322
1702370
1702398
1702434
1702486
1702553
1702779
1702788
1702902
1702923
1703073
1703118
1703119
1703149
1703166
1703252
1703263
1703305
1703306
1703407
1703408
1703448
1703466
1703467
1703533
1703544
1703553
1703554
1703570
1703587
1703672
1703719
1703729
1703731
1703740
1703804
1703857
1703870
1703903
1703907
1703922
1703969
1704068
1704110
1704160
1704193
1704210
1704216
1704326
1704420
1704502
1704506
1704583
1704585
1704590
1704605
1704620
1704649
1704700
1704894
1705022
1705035
1705054
1705057
1705070
1705120
1705224
1705242
1705249
1705274
1705345
1705354
1705411
1705685
1705783
1705799
1705825
1705862
1705872
1705879
1705888
1705892
1706084
1706110
1706160
1706174
1706245
1706365
1706404
1706412
1706480
1706665
1706682
1706739
1706887
1706893
1706909
1706910
1706911
1706985
1707029
1707137
1707152
1707206
1707229
1707262
1707268
1707279
1707285
1707287
1707295
1707310
1707474
1707533
1707590
1707600
1707635
1707718
1707736
1707744
1707748
1707766
1707786
1707909
1707964
1708188
1708190
1708236
1708239
1708241
1708253
1708289
1708324
1708376
1708387
1708413
1708458
1708467
1708488
1708493
1708503
1708576
1708587
1708590
1708621
1708661
1708678
1708791
1709095
1709134
1709185
1709330
1709334
1709426
1709459
1709606
1709676
1709725
1709741
1709743
1709755
1709766
1709777
1709788
1709914
1710019
1710047
1710120
1710219
1710225
1710229
1710331
1710415
1710473
1710590
1710666
1710835
1710840
1710996
1711061
1711070
1711077
1711096
1711104
1711115
1711129
1711145
1711175
1711204
1711214
1711282
1711292
1711337
1711365
1711606
1711651
1711755
1711760
1711762
1711808
1711819
1711841
1711850
1711900
1711953
1712017
1712076
1712088
1712124
1712144
1712166
1712256
1712272
1712275
1712278
1712405
1712409
1712415
1712454
1712462
1712471
1712480
1712486
1712546
1712582
1712606
1712608
1712627
1712787
1712828
1712843
1712905
1713015
1713160
1713410
1713418
1713431
1713497
1713503
1713550
1713680
1713744
1713759
1713821
1713962
1714026
1714093
1714195
1714638
1714671
1714709
1714843
1714880
1714990
1715068
1715105
1715188
1715208
1715221
1715251
1715282
1715325
1715334
1715359
1715368
1715382
1715434
1715443
1715454
1715560
1715726
1715748
1715753
1715754
1715820
1715853
1715864
1715881
1715882
1715886
1715919
1715961
1715974
1715996
1716006
1716429
1716448
1716456
1716508
1716545
1716589
1716595
1716625
1716640
1716642
1716707
1716716
1716748
1716852
1716885
1717143
1717206
1717238
1717305
1717346
1717504
1717511
1717537
1717548
1717744
1717755
1717814
1718050
1718082
1718150
1718165
1718210
1718230
1718327
1718330
1718361
1718465
1718520
1718529
1718547
1718636
1718649
1718652
1718654
1718855
1718950
1718965
1718978
1719001
1719018
1719030
1719050
1719104
1719144
1719153
1719181
1719182
1719186
1719215
1719261
1719380
1719478
1719565
1719568
1719721
1719733
1719806
1719841
1719844
1719854
1719873
1719882
1719917
1719959
1719981
1720150
1720156
1720375
1720402
1720448
1720461
1720476
1720522
1720570
1720581
1720656
1720666
1720738
1720908
1720969
1721007
1721033
1721042
1721120
1721188
1721262
1721296
1721347
1721425
1721547
1721592
1721609
1721616
1721622
1721675
1721759
1721792
1722016
1722094
1722106
1722186
1722273
1722316
1722441
1722449
1722489
1722535
1722702
1722711
1722712
1722717
1722750
1722848
1722854
1722904
1722917
1722957
1723001
1723201
1723224
1723232
1723266
1723267
1723316
1723338
1723448
1723487
1723502
1723640
1723652
1723711
1723761
1723775
1723787
1723797
1723809
1723830
1723950
1723967
1723985
1724072
1724081
1724170
1724183
1724263
1724296
1724315
1724390
1724396
1724422
1724453
1724479
1724651
1724881
1725138
1725145
1725252
1725255
1725258
1725267
1725268
1725329
1725485
1725547
1725660
1725700
1725731
1725746
1725794
1725800
1725873
1725875
1725879
1725954
1725966
1726009
1726101
1726149
1726206
1726236
1726470
1726557
1726584
1726601
1726612
1726660
1726788
1726851
1726920
1727081
1727234
1727346
1727409
1727657
1727691
1727719
1727721
1727726
1727728
1727747
1727787
1727829
1727867
1727870
1727906
1728086
1728101
1728171
1728238
1728239
1728244
1728265
1728338
1728341
1728343
1728367
1728408
1728705
1728774
1728862
1729008
1729050
1729057
1729087
1729233
1729290
1729569
1729631
1729652
1729662
1729725
1729739
1729815
1729833
1729874
1729940
1729941
1730069
1730096
1730130
1730156
1730158
1730176
1730182
1730191
1730257
1730682
1730685
1730747
1730762
1730786
1730804
1730811
1730860
1730868
1730871
1730882
1730896
1731008
1731159
1731176
1731186
1731215
1731221
1731223
1731343
1731376
1731474
1731482
1731610
1731625
1731640
1731666
1731672
1731708
1731735
1731736
1731748
1731762
1731784
1731800
1731805
1731942
1732044
1732064
1732066
1732121
1732191
1732278
1732286
1732289
1732354
1732497
1732524
1732615
1732652
1732772
1732798
1732827
1732839
1732851
1732870
1732918
1733000
1733048
1733090
1733119
1733132
1733143
1733358
1733454
1733846
1733862
1734127
1734248
1734258
1734331
1734379
1734420
1734667
1734682
1734826
1734901
1734991
1735049
1735099
1735202
1735209
1735261
1735325
1735476
1735516
1735570
1735681
1736037
1736084
1736098
1736103
1736222
1736254
1736276
1736284
1736330
1736336
1736339
1736356
1736367
1736376
1736563
1736717
1736719
1736721
1736763
1736795
1736808
1736837
1736943
1737111
1737162
