523
572
793
827
919
1255
1256
1433
1560
1663
1678
1679
1698
1699
1836
1839
1876
2093
2097
2104
2269
2386
2671
2956
2958
2962
2967
2968
2971
2993
3026
3037
3066
3118
3122
3144
3146
3159
3160
3163
3199
3205
3214
3215
3216
3346
3347
3402
3409
3410
3413
3417
3477
3560
3561
3699
3700
3763
4241
4325
4443
4494
4552
4567
4627
5067
5336
5421
5424
5425
5434
5481
5483
5485
5486
5620
5634
5842
5844
5845
5846
6222
6312
6404
6498
6537
6591
7092
7216
7219
7513
8329
8332
8689
8690
8691
8692
8983
9060
9299
9412
9439
9463
9539
9639
9666
9669
9674
9677
9694
9696
9706
9938
9984
10086
10100
10175
10226
10234
10253
10255
10370
10389
10444
10492
10542
10593
10664
10695
10722
10776
10832
10842
10980
11075
11226
11303
11366
11417
11482
11594
11655
11662
11669
11717
11786
11822
11838
11906
11927
12128
12135
12176
12205
12272
12416
12487
12495
12517
12550
12561
12587
12601
12602
12677
12720
12903
13013
13151
13190
13204
13309
13310
13312
13319
13402
13436
13492
13648
13742
13828
13934
13964
14021
14029
14145
14217
14235
14248
14282
14353
14409
14451
15018
15021
15203
15206
15440
15483
15724
15736
15742
15826
15831
15843
15978
15979
15980
15999
16008
16009
16032
16036
16061
16079
16092
16137
16138
16166
16184
16221
16226
16231
16313
16371
16395
16440
16465
16774
16785
16882
16925
17111
17173
17214
17278
17343
17408
17457
17467
17778
17886
17921
17991
18178
18242
18289
18328
18333
18334
18352
18754
18897
18912
18939
19006
19025
19034
19035
19037
19095
19130
19147
19204
19742
19950
19951
19963
20015
20019
20044
20089
20115
20126
20130
20132
20345
20507
20731
21156
21198
21266
21325
21380
21453
21484
21506
21513
21588
21766
21781
21784
21785
21786
21789
21792
21795
21797
21930
22130
22137
22140
22194
22422
22470
22536
22577
22758
22899
23127
23508
23530
23688
23793
23936
24092
24103
24127
24175
24417
24674
24745
24821
24829
24916
24919
24920
24922
25237
25272
25395
25597
25623
25627
25714
25727
25730
25742
25744
25854
25875
25886
25976
25998
26040
26144
26499
26503
26504
26521
26687
26693
26974
27057
27232
27240
27250
27276
27297
27300
27316
27324
27326
27327
27351
27392
27393
27395
27398
27400
27401
27407
27409
27411
27423
27425
27428
27431
27436
27439
27489
27497
27528
27558
27559
27614
27632
27636
27692
27697
27699
27700
27701
27703
27706
27708
27730
27734
27742
27753
27812
27843
27880
27882
27891
27895
27905
27909
28041
28043
28049
28050
28051
28055
28058
28061
28063
28064
28067
28068
28071
28072
28128
28197
28198
28232
28279
28283
28294
28298
28318
28319
28324
28325
28327
28393
28396
28397
28401
28402
28403
28406
28409
28411
28444
28445
28452
28467
28485
28487
28488
28491
28493
28532
28574
28588
28589
28592
28629
28642
28656
28673
28676
28679
28682
28690
28691
28719
28792
28794
28795
28798
28799
28802
28804
28806
28807
28811
28812
28820
28828
28835
28844
28847
28848
28853
28856
28857
28879
28883
28886
28892
28968
29107
29111
29128
29129
29130
29140
29148
29159
29165
29167
29169
29181
29184
29186
29187
29189
29191
29226
29305
29313
29336
29338
29341
29354
29407
29445
29448
29482
29495
29496
29497
29498
29530
29562
29565
29566
29579
29616
29702
29707
29789
29790
29799
29813
29816
29826
29869
29871
29873
29874
29876
29878
29881
29906
29908
29909
29910
29923
29954
29955
30026
30052
30314
30316
30406
30422
30447
30458
30459
30460
30559
30620
30689
30713
30785
30794
30796
30799
30870
30871
30872
30874
30875
30876
30877
30879
30880
30881
30887
30889
30901
30903
30907
30913
30914
30959
30974
31022
31141
31160
31243
31319
31392
31417
31538
31624
31629
31649
31967
31983
32152
32161
32170
32171
32173
32237
32242
32250
32272
32292
32297
32312
32314
32352
32428
32629
32688
32722
32947
33045
33274
33424
33438
33723
33769
33784
33794
33801
33828
33908
33910
34048
34129
34212
34321
34372
34659
34686
34707
34737
34754
34772
34814
34993
35060
35192
35212
35718
35831
35836
35862
36073
36074
36075
36095
36119
36166
36172
36216
36225
36231
36232
36238
36243
36271
36289
36577
36762
36792
36835
36836
36879
36900
36901
36902
36903
36917
36918
37110
37223
37225
37284
37471
37576
37601
37629
37678
37726
37776
37793
37827
37846
37905
37924
37963
37973
37998
38068
38074
38123
38134
38221
38252
38258
38263
38405
38521
38706
38741
38762
38841
38863
38988
39020
39023
39024
39067
39111
39145
39260
39276
39278
39390
39434
39436
39456
39464
39468
39493
39498
39535
39547
39681
39843
39856
39857
39858
39863
39865
39878
39883
39885
39886
39897
39900
39906
39910
39918
39919
39928
39931
39973
39981
39985
39986
39987
39988
39991
39992
39993
39994
40029
40030
40031
40037
40038
40058
40066
40069
40070
40074
40103
40104
40105
40106
40111
40112
40125
40127
40130
40132
40145
40149
40151
40208
40226
40252
40253
40254
40255
40258
40261
40339
40342
40345
40347
40354
40355
40356
40357
40358
40363
40364
40365
40371
40383
40461
40474
40511
40528
40592
40723
40961
40966
40976
41070
41105
41200
41225
41264
41373
41401
41428
41472
41534
41797
41899
41972
42002
42041
42076
42099
42182
42211
42230
42317
42499
42507
42523
42573
42591
42610
42628
42676
42699
42712
42768
42794
42833
42870
42872
42903
42968
42992
42993
43036
43113
43565
43586
43592
43640
43665
43713
43751
43950
44028
44108
44132
44152
44179
44194
44203
44239
44435
44436
44444
44449
44550
44587
44673
44836
44839
44886
44914
44930
44935
44971
45065
45097
45233
45270
45384
45397
45452
45453
45474
45480
45501
45660
45676
45698
45719
45737
45756
45814
45866
45952
46025
46078
46079
46146
46164
46284
46313
46362
46405
46653
46658
46711
46719
46767
46799
46879
46908
46921
46959
46980
46998
47051
47270
47284
47331
47408
47453
47459
47519
47606
47655
47791
48191
48192
48201
48270
48302
48393
48395
48466
48567
48570
48581
48584
48585
48594
48613
48616
48624
48626
48628
48630
48631
48632
48636
48691
48716
48813
48814
48846
48895
49037
49096
49130
49190
49212
49236
49239
49272
49275
49361
49395
49402
49573
49593
49690
49706
49711
49797
49901
50086
50108
50113
50122
50162
50173
50192
50272
50324
50342
50387
50425
50432
50438
50450
50458
50515
50528
50538
50688
50732
50888
51007
51077
51096
51322
51455
51564
51576
51747
51774
51868
51890
52034
52092
52135
52137
52142
52161
52191
52247
52251
52274
52302
52369
52372
52373
52375
52376
52377
52378
52379
52381
52382
52383
52388
52389
52391
52392
52394
52398
52400
52404
52405
52407
52408
52409
52410
52413
52414
52416
52419
52420
52422
52494
52587
52669
52720
52728
52794
52803
52849
52854
52883
52943
53064
53122
53184
53186
53248
53298
53354
53543
53567
53859
53923
53933
53953
53986
54019
54111
54112
54117
54285
54433
54493
54579
54671
54704
54713
54818
54819
54827
54996
55042
55069
55141
55142
55162
55215
55470
55616
55631
55689
55711
55729
55732
55781
56161
56180
56228
56229
56238
56255
56328
56362
56382
56386
56531
56532
56563
56566
56603
56604
56609
56635
56653
56685
56781
56790
56812
56814
56815
56832
56937
57011
57018
57084
57094
57100
57101
57104
57115
57126
57203
57224
57230
57238
57270
57309
57326
57447
57568
57625
57632
57640
57875
57903
57910
57956
57982
57984
57985
58083
58203
58218
58245
58384
58405
58432
58477
58520
58674
58675
58719
58745
58910
58970
59008
59059
59068
59316
59332
59356
59363
59368
59421
59429
59450
59480
59546
59802
59851
59857
59873
59903
59912
60065
60068
60159
60160
60275
60667
60860
60866
60898
61165
61199
61232
61378
61386
61506
61540
61674
61683
61696
61722
61826
61904
61943
61992
62004
62174
62181
62182
62224
62332
62338
62436
62495
62517
62558
62560
62574
62680
62682
62714
62736
62787
62877
62914
62915
62916
62917
62925
62928
62929
62930
62932
62947
63024
63025
63026
63032
63081
63112
63189
63266
63311
63363
63440
63444
63455
63484
63566
63712
63832
63881
63977
64112
64113
64155
64215
64305
64306
64309
64343
64445
64447
64450
64454
64479
64525
64528
64534
64538
64548
64624
64630
64664
64666
64725
64792
64839
64855
64914
64985
64992
65001
65044
65145
65292
65317
65391
65459
65514
65588
65617
65639
65693
65833
65966
65984
65985
65987
65989
65997
66014
66039
66041
66049
66127
66206
66213
66237
66315
66410
66448
66536
66664
66697
66744
66795
66841
66948
67065
67166
67183
67219
67253
67314
67329
67339
67342
67343
67344
67345
67346
67347
67348
67349
67350
67382
67459
67563
67667
67673
67732
67737
67767
67973
68146
68302
68341
68373
68477
68494
68557
68559
68615
68627
68632
68636
68638
68694
68715
68758
68815
68820
68824
68905
68915
68922
69011
69025
69326
69362
69379
69391
69408
69449
69469
69576
69578
69579
69594
69607
69724
69726
69736
69777
69791
69860
69872
69911
69952
69985
70000
70075
70128
70217
70224
70292
70337
70349
70411
70412
70420
70512
70530
70538
70669
70776
70798
70810
70872
70915
71057
71058
71059
71064
71305
71313
71359
71480
71538
71617
71622
71786
71790
71821
71919
71928
71951
72021
72042
72090
72256
72309
72344
72408
72434
72558
72683
72702
72745
72826
72834
72909
72967
72994
73043
73101
73160
73250
73262
73306
73461
73475
73636
73644
73696
73708
73748
73766
73792
73861
73895
73910
74036
74071
74081
74087
74090
74135
74215
74241
74273
74289
74325
74336
74381
74386
74416
74472
74481
74560
74576
74586
74650
74726
74829
74831
74860
74887
75006
75064
75077
75220
75317
75318
75338
75393
75439
75561
75624
75724
75821
75835
75838
75930
75931
75989
76001
76035
76216
76310
76322
76449
76457
76458
76461
76659
76715
76722
76724
76755
76759
76765
76789
76811
76818
76819
76822
76833
76847
76940
77010
77029
77046
77086
77165
77257
77301
77314
77321
77449
77483
77495
77642
77696
77728
77823
77824
78020
78071
78072
78195
78203
78227
78352
78382
78384
78386
78428
78452
78546
79038
79067
79069
79075
79105
79278
79282
79284
79322
79359
79394
79436
79574
79624
79758
80002
80047
80067
80123
80195
80238
80268
80279
80280
80334
80394
80448
80485
80640
80653
80655
80662
80693
80794
80821
80949
80962
81085
81189
81217
81324
81325
81471
81486
81490
81498
81509
81537
81611
81709
81841
81990
82076
82143
82161
82199
82243
82362
82509
82530
82547
82791
82828
82999
83014
83086
83121
83123
83190
83193
83223
83315
83404
83411
83705
83900
83955
83956
83958
83960
84004
84006
84008
84135
84235
84251
84289
84362
84368
84372
84473
84508
84588
84590
84599
84600
84604
84657
84805
84896
84944
84951
84984
84994
84999
85002
85004
85005
85012
85032
85106
85139
85140
85160
85171
85180
85182
85205
85235
85259
85349
85393
85398
85438
85532
85537
85579
85620
85983
86003
86008
86075
86198
86383
86388
86480
86496
86508
86569
86640
86645
86665
86748
86754
86810
86985
87039
87069
87125
87148
87203
87246
87297
87339
87352
87356
87419
87485
87487
87495
87524
87690
87867
87915
87916
87917
88262
88486
88525
88613
88665
88703
88718
88780
88781
88784
88789
88790
88844
88879
88914
88922
88983
89055
89223
89315
89376
89477
89644
89810
89947
89950
89956
89992
90029
90063
90084
90111
90119
90196
90231
90397
90450
90629
90652
90730
90734
90760
90762
90767
90887
90942
90944
90965
90972
91227
91229
91237
91255
91256
91378
91467
91624
91756
91791
91837
91878
91880
92060
92213
92233
92468
92499
92693
92694
92696
92708
92729
92731
92751
92791
92810
92927
92939
92976
93142
93532
93752
93770
93771
94016
94161
94409
94515
94634
94656
94684
94733
94832
95043
95098
95113
95195
95245
95519
95551
95609
95946
96001
96148
96167
96239
96299
96468
96485
96626
96650
96654
96989
97186
97187
97204
97270
97311
97527
97576
97642
97692
97794
97796
97797
97803
97812
97877
97978
97981
97982
97984
97985
98027
98122
98126
98154
98156
98164
98208
98209
98226
98335
99008
99099
99106
99117
99261
99306
99348
99438
99442
99449
99503
99530
99642
99658
99831
99855
100122
100124
100270
100459
100463
100464
100468
100480
100482
100592
100594
100702
100960
101189
101361
101419
101429
101457
101604
101611
101725
101730
101733
101745
101753
101784
101820
101835
101981
101987
102159
102256
102309
102312
102388
102468
102499
102547
102713
102717
102877
103212
103275
103512
104053
104182
104233
104244
104262
104264
104272
104275
104308
104310
104311
104313
104317
104318
104325
104337
104338
104342
104360
104366
104369
104370
104392
104411
104414
104421
104462
104469
104471
104498
104524
104532
104548
104575
104582
104583
104595
104597
104599
104611
104623
104633
104639
104675
104680
104681
104683
104684
104685
104687
104688
104700
104704
104765
104767
104819
104866
104876
104891
104894
104906
104909
104925
104927
104937
104940
104944
104947
104952
104969
104970
104973
104980
104992
105002
105003
105004
105009
105010
105012
105014
105079
105083
105084
105085
105087
105091
105093
105099
105103
105105
105110
105111
105114
105117
105145
105148
105150
105151
105156
105159
105184
105232
105234
105235
105237
105381
105386
105397
105398
105424
105428
105429
105546
105621
105623
105658
105659
105662
105751
105753
105754
105755
105814
105825
105826
105834
105846
105855
105861
105865
105877
105883
105896
105898
105900
105904
105907
105908
105913
105915
105917
105924
105927
105977
106048
106138
106141
106430
106444
106452
106463
106465
106468
106470
106471
106472
106505
106508
106511
106517
106520
106524
106534
106540
106559
106564
106568
106569
106634
106636
106637
106648
106652
106654
106656
106661
106664
106697
106703
106708
106713
106714
106718
106720
106752
106760
106899
106904
106943
106948
106962
107016
107058
107068
107122
107227
107329
107374
107376
107387
107392
107397
107413
107425
107429
107439
107480
107632
107782
107807
107824
107891
107905
107918
107937
107976
107983
107991
108002
108065
108072
108077
108079
108090
108092
108093
108101
108106
108175
108278
108364
108367
108423
108428
108430
108431
108442
108448
108449
108453
108463
108467
108513
108545
108552
108561
108576
108603
108613
108648
108737
108739
108747
108764
108790
108798
108808
108811
108814
108815
108871
109054
109083
109105
109118
109174
109377
109463
109554
109967
110092
110263
110270
110345
110372
110608
110650
110760
110768
110849
110911
110974
111256
111258
111425
111490
111590
111934
112092
112106
112150
112170
112219
112238
112355
112371
112417
112427
112447
112516
112594
112772
112941
113082
113128
113159
113398
113428
113446
113458
113488
113562
113597
113607
113614
113632
113645
113649
113674
113910
113991
114038
114047
114143
114196
114223
114247
114256
114319
114320
114349
114560
114880
115018
115147
115167
115216
115227
115423
115463
115738
115845
115905
115909
115960
116299
116322
116351
116387
116607
116615
116634
116636
116732
116946
116996
116997
117056
117078
117144
117197
117324
117326
117347
117414
117441
117550
117560
117813
118007
118249
118315
118370
118402
118502
118520
118751
118868
119267
119308
119337
119357
119419
119471
119545
119577
119589
119865
119885
119947
119974
119984
120062
120186
120194
120253
120303
120852
120884
121017
121022
121291
121377
121473
121519
121560
121752
121888
122235
122259
122267
122895
122926
123044
123103
123297
123331
123344
123346
123353
123356
123359
123362
123365
123367
123369
123411
123451
123613
123793
123839
123886
123888
123919
123957
123969
124310
124391
124393
124413
124423
124441
124517
124597
124701
124733
124739
124870
125133
125143
125162
125165
125174
125176
125188
125270
125751
125944
126006
126063
126243
126278
126280
126404
126503
126597
126693
126743
126809
126825
126830
126949
126973
127046
127126
127144
127183
127188
127204
127205
127238
127247
127256
127358
127391
127401
127424
127443
127498
127593
127642
127645
127675
127724
127768
127791
127832
127843
127946
128167
128191
128288
128387
128402
128416
128420
128452
128519
128546
128598
128759
128800
129074
129092
129096
129102
129123
129213
129278
129378
129393
129409
129465
129474
129496
129743
129828
130015
130532
130926
130935
130938
130944
131115
131144
131281
131290
131343
131434
131459
131674
131815
131824
131871
131938
131943
132019
132030
132169
132321
132371
132397
132410
132705
132815
132818
132957
133063
133121
133248
133293
133473
133523
133531
133666
133667
133980
133985
133989
133998
134031
134109
134172
134174
134245
134359
134615
134617
134627
134631
134812
134841
134890
135150
135195
135210
135551
135561
135605
135806
135835
136018
136069
136325
136601
136695
136849
136852
136894
136956
136980
137103
137207
137412
137562
137618
137625
137757
137854
137906
137909
138000
138448
138472
138521
138528
138567
138577
138592
138730
138765
138860
139004
139008
139246
139293
139297
139299
139357
139372
139387
139396
139900
139937
140025
140026
140129
140149
140359
140378
140441
140457
140508
140510
140512
140513
140770
140835
140881
140985
141124
141335
141337
141365
141388
141442
141557
141754
141758
141883
141888
141890
142030
142050
142054
142329
142346
142356
142357
142382
142401
142410
142525
142534
142537
142539
142542
142553
142562
142662
142665
142802
143021
143028
143123
143217
143281
143293
143310
143377
143415
143418
143448
143451
143452
143455
143470
143477
143506
143525
143536
143627
143663
143669
143674
143680
143730
143855
143864
143865
143889
143895
144630
144634
144637
144716
144825
144837
144838
144927
144960
145069
145099
145169
145451
145525
145607
145623
145821
145996
146195
146287
146296
146312
146334
146368
146533
146537
146705
146728
146800
146873
147059
147084
147619
147748
147758
147812
147889
147925
147957
147965
148322
148850
148882
149010
149167
149613
149843
150146
150164
150373
151022
151123
151171
151534
151717
151747
151782
152022
152025
152035
152041
152103
152227
152357
152373
152578
152640
152810
152903
152943
153119
153170
153246
153270
153274
153281
153295
153298
153333
153383
153419
153420
153618
153730
153735
153741
153750
153755
153820
153853
154207
154209
154300
154524
154529
154531
154566
154603
154895
155288
155372
155490
155529
155649
155666
155676
155884
155893
156045
156067
156150
156192
156550
156690
157004
157085
157125
157164
157268
157421
157709
157761
157767
157965
158043
158100
158129
158220
158246
158250
158254
158368
158397
158481
158509
158519
158718
158868
158917
158940
159069
159225
159436
159515
159650
159773
159975
160004
160198
160266
160405
160532
160580
160703
160719
160745
160750
160794
160816
160882
160897
161017
161160
161366
161445
161885
162326
163060
163066
163206
163279
163413
163433
163452
163483
163607
163617
163622
163655
163971
164420
164661
164859
164993
165282
165675
165678
166060
166092
166158
166179
166206
166214
166614
166631
166632
166706
166715
166772
166820
166916
166921
166927
166928
166929
166931
166937
166938
166941
166942
166945
166946
166950
166952
167025
167091
167123
167163
167210
167522
167594
167665
167972
167979
168131
168502
168809
168822
168891
168942
168977
169030
169163
169250
169314
169360
169406
169453
169507
169569
169615
169634
169636
169836
169848
169918
169930
170592
170771
170798
170986
171204
171280
171390
171502
171540
171570
171704
171799
171823
171993
171998
172037
172128
172133
172135
172159
172347
172349
172513
172608
172620
172654
172669
172698
172711
172726
172735
172738
172744
172753
172773
172780
172794
172798
172800
172806
172808
172928
172947
172968
172969
173018
173027
173041
173044
173106
173109
173110
173113
173118
173121
173123
173124
173134
173413
173454
173905
174593
174650
174723
174745
174755
174790
174825
174838
175168
175385
175696
175940
175945
176104
176439
176524
176762
176915
176990
177055
177099
177110
177116
177121
177128
178037
178121
178148
178158
178239
178476
178636
178674
178725
178751
178858
178875
179130
179143
179344
179358
179380
179538
179548
179995
180000
180017
180205
180229
181111
181320
181390
181586
181601
181656
181738
181747
181749
181828
181870
181902
181920
182065
182166
182227
182307
182309
182426
182430
182769
182774
182779
182829
182847
182919
182920
182921
183204
183216
183597
183770
183806
184219
184852
184998
185086
185090
185091
185162
185279
185331
185341
185377
185502
185512
185646
185648
185664
185673
185679
185692
185693
185697
185705
185752
185843
185859
186296
186346
186353
186356
186371
186391
186412
186568
186723
186747
186920
186979
187106
187337
187380
187683
187689
188045
188109
188110
188541
188633
188758
188813
188828
189032
189079
189307
189322
189445
190126
190179
190190
190250
190423
190748
190899
191312
191386
191429
191531
191562
191623
191631
191654
192125
192204
192252
192453
192573
192736
192794
192857
192881
193166
193299
193461
193598
193861
193889
194053
194071
194120
194156
194166
194209
194215
194218
194290
194809
194992
195153
195159
195164
195165
195191
195223
195463
195466
195471
195761
195807
195938
196035
196252
196326
196400
196425
196428
196429
196506
196655
196798
196897
197158
197167
197201
197245
197255
197336
197537
197817
197854
198075
198085
198225
198489
198516
198690
198757
198762
198983
198992
199017
199163
199330
199583
199674
199690
199736
199766
199771
199774
199925
200036
200047
200057
200098
200170
200172
200272
200304
200377
200402
200412
200426
200443
200464
200525
200530
200848
200849
200987
201199
201223
201325
201343
201604
201838
201839
202438
202724
202865
203101
203151
203270
203425
203847
204260
204315
204348
204391
204609
204612
204734
204932
205098
205100
205211
205233
205383
205686
206010
206085
206201
206574
206710
206794
206865
206877
206881
207291
207686
208284
208468
208474
208505
208562
208579
208621
208693
208697
208704
208705
208763
208916
208917
209518
209692
209838
209860
209861
209966
210079
210093
210285
210653
210791
210803
210887
210911
210913
211071
211105
211156
211505
211512
211645
211825
211862
212286
212511
212839
212960
213041
213110
213120
213153
213224
213456
213611
213646
213706
214163
214209
214469
214632
214700
214851
215251
215501
215731
215773
215965
216134
216186
216391
216597
216879
217004
217102
217105
217198
217564
217751
217755
217810
217930
217982
218018
218032
218454
218499
218638
218667
218697
218738
218769
218856
219008
219060
219063
219335
219437
219895
220084
220287
220447
220638
220648
220655
220885
220897
221007
221245
221432
221434
221437
221661
221767
221817
221839
221843
221865
221912
222008
222026
222165
222171
222283
222415
222641
222832
223055
223319
223974
224120
224473
224566
224756
224896
224957
225011
225029
225266
225279
225294
225524
225587
225666
225952
225982
226199
226252
226603
226624
226931
227173
227254
227432
227433
227534
227618
227692
227772
227895
227922
228012
228103
228172
228263
228269
228442
228485
228505
228552
228596
228650
228820
228942
229156
229331
229357
229394
229541
229842
229847
229862
229866
230008
230210
230256
230430
230573
230576
230653
230656
230686
230691
230714
230722
230887
230925
231162
231300
231430
231482
231528
231683
231707
231833
232526
232612
232755
232856
233200
233202
233203
233222
233281
233285
233289
233359
233501
233523
233842
233940
233956
234088
234663
234815
234941
235247
235348
235373
235374
235497
235788
235796
235853
236129
236775
236786
236808
237015
237394
237407
237449
237781
238085
238087
238092
238101
238205
238374
238647
238718
239201
239211
239317
239427
239434
239458
240157
240193
240336
240585
240860
240992
241041
241119
241174
241202
241396
241528
241842
241863
242011
242361
242441
242455
242493
242549
242584
243472
243570
243770
243771
243772
243773
243776
243781
243782
243783
243785
243787
243789
243837
243889
243910
243996
243997
243998
244009
244067
244206
244216
244311
244557
244844
245003
245090
245097
245492
245510
245513
245529
245658
245987
245992
246072
246196
246341
246352
246409
246417
246943
247418
247603
247674
248187
248506
248990
248992
248995
249101
249187
249222
249231
249235
249245
249248
249254
249281
249344
249345
249418
249469
249491
249527
249534
249537
249556
249599
249987
250062
250172
250185
250443
250447
250453
250508
250525
250589
250629
250638
250717
250739
250747
250786
250839
250858
250866
250883
250884
250930
250933
250991
251046
251270
251282
251337
251622
251735
252235
252531
252532
252596
252739
252778
252801
252864
253081
253323
253363
253376
253398
253400
253622
253674
253779
253788
253862
254007
254026
254032
254156
254186
254250
254268
254280
254427
254526
254529
254530
254532
254672
254712
254874
255249
255250
255254
255384
255430
255492
255515
255585
255593
255631
255848
255900
255991
256036
256054
256085
256122
256331
256514
256522
256577
256685
256750
256756
256769
256781
256890
256907
256952
257025
257075
257306
257309
257501
257527
257567
257762
257904
257954
258311
258422
258492
258570
258612
258685
258763
258923
258931
258936
258942
259062
259075
259100
259233
259299
259302
259307
259360
259390
259400
259464
259469
259474
259512
259545
259586
259761
259812
259904
259920
259921
259977
259979
260012
260014
260030
260085
260100
260175
260177
260210
260266
260315
260318
260491
260524
260579
260604
260704
260780
260804
260805
260811
260840
260915
260966
261073
261403
261427
261472
261478
261932
262091
262131
262181
262187
262347
262368
262402
262527
262600
262690
262784
262996
263100
263152
263163
263214
263250
263497
263619
263865
264107
264163
264216
264239
264250
264269
264384
264397
264443
264449
264466
264467
264574
264657
264712
264718
264948
265240
265466
265569
266063
266163
266182
266219
266221
266501
266539
266669
266873
267085
267150
267226
267268
267293
267399
267458
267767
267792
268105
268111
268157
268168
268217
268228
268269
268580
268687
268690
268721
268871
268979
269050
269136
269174
269176
269178
269185
269231
269237
269285
269290
269332
269358
269479
269580
269587
269588
269696
269736
269776
269796
269844
269857
269959
270149
270176
270294
270304
270314
270362
270398
270424
270465
270478
270488
270508
270548
270668
270736
270894
270913
270925
271146
271269
271347
271564
271643
271770
271784
271833
271951
272108
272284
272617
272625
272634
272876
273060
273204
273236
273467
273603
273608
273623
273645
273889
274140
274223
274247
274433
274449
274519
274747
274804
274883
274932
274991
275039
275239
275613
275928
276056
276129
276168
276343
276624
276744
276836
276872
277348
277514
277636
277686
277692
277774
277791
278070
278288
278327
278438
278545
279032
279237
279316
279359
279373
279623
279659
279928
279969
280016
280116
280191
280220
280272
280387
280393
280440
280468
280486
280887
280928
280931
281000
281044
281101
281117
281140
281152
281392
281657
281872
281933
282050
282069
282070
282152
282300
282353
282367
282391
282432
282443
282554
282769
282776
282800
282826
282908
282934
282938
282955
283009
283075
283127
283419
283436
283437
283548
283556
283716
283755
283860
283925
284017
284063
284270
284303
284305
284324
284578
284594
284813
284893
284995
285067
285089
285104
285306
285324
285359
285363
285374
285498
285503
285551
285554
285556
285743
285797
285943
285981
286093
286186
286387
286441
286491
286570
286659
286681
286885
286967
287077
287174
287175
287189
287258
287279
287311
287779
287783
288042
288087
288411
288454
288607
288854
288917
289034
289197
289363
289565
289571
289613
289732
289920
289946
290036
290057
290182
290256
290281
290302
290363
290413
290565
290589
290590
290619
290795
291002
291163
291384
291492
291506
291566
291619
291637
291783
291873
292106
292200
292238
292239
292506
292625
292636
292828
292830
293021
293071
293240
293360
293433
293555
293622
293670
293784
293831
293878
293883
293893
293976
293980
294008
294017
294485
294723
294811
294844
294904
294912
294966
295157
295215
295375
295427
295465
295466
295482
295594
295616
295636
295647
295737
295781
295786
295830
295981
296280
296315
296346
296349
296457
296483
296574
296760
296767
296916
296932
296953
296998
297003
297030
297058
297186
297190
297275
297294
297306
297459
297478
297610
297768
298015
298021
298023
298200
298201
298400
298487
298663
298683
298742
298787
298978
299012
299138
299139
299340
299428
299431
299435
299442
299446
299447
299448
299449
299450
299453
299457
299460
299474
299573
299577
299586
299593
299610
299614
299616
299621
299622
299624
299625
299626
299627
299631
299635
299637
299639
299740
299768
299802
299804
299806
299807
299808
299810
299824
300127
300139
300142
300146
300375
300411
300442
300522
300583
300584
300615
300790
300906
300929
300980
301113
301156
301246
301263
301659
301671
301744
301750
301765
301821
301848
301880
301915
301992
302106
302114
302128
302614
302684
302749
302797
302890
303060
303089
303146
303289
303323
303350
303460
303462
303468
303469
303480
303492
303496
303501
303504
303512
303522
303534
303536
303540
303775
303777
303856
303966
304134
304366
304387
304629
304657
304775
304819
305077
305148
305392
305581
305634
305769
305928
306077
306381
306696
306746
306769
306951
307108
307130
307150
307380
307504
307590
308037
308129
308137
308186
308235
308250
308419
308498
308520
308572
308650
308655
308704
308716
308721
308831
308993
309301
309760
309794
309815
310538
310540
310921
311049
311078
311082
311116
311155
311170
311676
311683
311708
312172
312781
312984
313263
313343
313553
313598
314088
314225
314235
314287
314405
314431
314499
314510
314533
314542
314554
314865
314982
315011
315083
315125
315151
315205
315209
315221
315243
315253
315256
315267
315273
315440
315442
315452
315585
315586
315708
315776
315921
316018
316032
316091
316108
316710
316745
316770
316862
316871
316874
316878
316881
316898
317093
317127
317168
317176
317275
317342
317578
317591
317619
317688
317712
317873
317894
317903
317917
317957
317979
318356
318378
318619
318621
318631
318637
318717
318836
318898
318936
318939
318941
319034
319223
319298
319304
319314
319325
319551
319565
319631
319678
320020
320120
320153
320213
320440
320529
320654
320678
320714
320799
320803
320883
320904
320980
321013
321305
321371
321686
321695
321699
321704
321705
321707
321709
321718
321723
321725
321735
321737
321746
321783
322009
322036
322037
322042
322043
322044
322048
322055
322060
322076
322148
322335
322401
322404
322418
322426
322427
322431
322436
322459
322496
322497
322498
322499
322527
322528
322529
322530
322534
322535
322537
322543
322572
322573
322574
322576
322577
322584
322586
322587
322593
322609
322647
322786
322848
323014
323030
323115
323139
323140
323214
323373
323864
323914
324008
324010
324021
324075
324084
324119
324183
324243
324375
324436
324440
324794
324812
325039
325338
325517
325989
326044
326071
326307
326431
326457
326512
326545
326577
326732
326853
326872
326968
326971
326985
327176
327330
327521
327533
327544
327767
327815
328252
328515
328676
328688
328724
328940
328947
328969
328986
328987
328988
329013
329020
329033
329061
329134
329250
329465
329505
329622
329702
329732
329824
329884
329951
330025
330042
330070
330163
330214
330222
330385
330425
330498
330770
331031
331075
331104
331105
331156
331189
331236
331383
331425
331431
331456
331647
331838
331929
332015
332054
332167
332171
332393
332452
332755
332985
333072
333134
333186
333318
333322
333407
333423
333428
333432
333440
333442
333465
333544
333720
333824
333874
333903
334000
334175
334202
334207
334271
334287
334305
334351
334388
334394
334479
334673
334693
334875
334999
335061
335163
335344
335346
335370
335572
335580
335582
335837
336031
336048
336226
336227
336357
336403
336659
336766
336777
336796
336809
336863
336884
336906
336969
337045
337132
337175
337214
337240
337256
337310
337422
337487
337632
337719
337937
337961
338124
338125
338138
338178
338224
338240
338284
338473
338594
338751
338767
338896
338900
338985
339117
339316
339323
339381
339436
339531
339548
339553
339657
339748
339917
339925
340011
340030
340143
340176
340290
340315
340382
340385
340401
340553
340554
340593
340670
340744
340862
340883
340975
341069
341072
341229
341300
341322
341368
341405
341420
341457
341459
341610
341612
341619
341688
341741
341785
341790
341838
341850
341857
341985
342018
342088
342140
342319
342453
342525
342584
342588
342657
342695
342724
342727
342847
343231
343362
343462
343517
343559
343584
343684
343701
343737
343775
343805
343929
343982
344051
344104
344240
344302
344357
344456
344459
344523
344612
344678
344686
344742
344743
344808
345083
345099
345183
345352
345400
345641
345801
345888
345983
346089
346175
346196
346244
346309
346318
346371
346424
346546
346636
346641
346764
346818
347008
347089
347093
347206
347215
347344
347438
347449
347529
347644
347649
347766
347767
347797
347829
347911
347946
348052
348123
348132
348135
348291
348312
348320
348519
348545
348638
348656
348760
348958
348961
349047
349067
349131
349137
349138
349182
349193
349200
349437
349524
349550
349602
349795
349942
350005
350048
350077
350610
350618
350662
350669
350816
350866
350872
350916
351077
351079
351394
351408
351409
351933
351938
351962
351968
352111
352115
352232
352636
352647
352675
352734
352803
352815
352848
352864
352887
352962
353127
353154
353156
353166
353184
353328
353484
353555
353592
353605
353619
353623
353634
353636
353739
353765
353768
353813
353854
353857
353938
353964
354012
354099
354133
354152
354205
354330
354333
354380
354386
354395
354405
354406
354434
354481
354547
354560
354606
354667
354697
354788
355156
355202
355204
355207
355248
355366
355411
355510
355576
355611
355652
355775
355884
355960
355963
355964
356053
356084
356085
356191
356326
356527
356660
356781
356912
357021
357026
357126
357151
357390
357421
357560
357704
357853
357995
358253
358287
358311
358314
358545
358547
358551
358608
358618
358708
358892
358894
358896
358952
358962
359072
359095
359096
359109
359112
359113
359122
359212
359236
359254
359279
359286
359299
359306
359311
359427
359429
359570
359571
359573
359574
359636
359642
359934
360118
360125
360227
360251
360257
360310
360368
360423
360486
360551
360609
360677
360687
360693
360700
360870
360940
361001
361061
361235
361319
361393
361411
361472
361494
361539
362028
362087
362088
362089
362097
362111
362126
362171
362233
362262
362332
362340
362417
362523
362579
362591
362742
362757
362911
363041
363119
363148
363173
363314
363335
363405
363602
363777
363890
364003
364005
364057
364159
364189
364310
364489
364663
364741
364812
364821
364870
364873
364908
365021
365028
365068
365096
365253
365283
365299
365309
365391
365583
365593
365618
365701
365811
365848
365860
365964
366071
366083
366115
366134
366152
366171
366255
366333
366357
366638
366708
366795
366799
366809
366843
366845
366865
366914
367099
367108
367204
367224
367259
367292
367333
367455
367502
367589
367842
367848
367953
368037
368051
368076
368202
368209
368413
368672
368698
368890
369143
369144
369146
369148
369149
369202
369272
369297
369452
369761
369819
369823
369877
369896
369936
370004
370067
370121
370141
370157
370246
370270
370286
370364
370365
370473
370477
370498
370528
370594
370666
370808
370849
370897
370952
371025
371109
371161
371193
371238
371241
371303
371420
371451
371514
371664
371722
371780
371815
371824
371898
371914
372213
372246
372347
372572
372726
372728
372730
372738
372778
372783
372800
372891
372962
373039
373226
373663
373786
373944
374009
374191
374293
374301
374334
374466
374545
374651
374697
374767
374922
375012
375061
375170
375305
375416
375451
375509
375542
375639
375728
375742
375791
375909
376042
376094
376221
376258
376395
376464
376549
376804
376872
376939
377150
377362
377405
377452
377498
377601
377637
377662
377681
377765
377787
377843
377859
378014
378056
378160
378311
378315
378362
378485
378607
378717
378723
378725
378727
378728
378890
379089
379111
379133
379200
379276
379316
379599
379666
379685
379697
379852
380022
380087
380118
380186
380266
380379
380392
380469
380620
380667
380739
380844
380847
380911
380963
380988
381214
381355
381372
381380
381381
381482
381767
381994
382012
382056
382272
382290
382384
382464
382466
382469
382480
382481
382602
382630
382644
382677
382689
382915
383024
383026
383030
383031
383033
383034
383035
383046
383053
383054
383057
383067
383089
383309
383311
383338
383379
383404
383528
383530
383547
383550
383553
383554
383561
383562
383563
383651
383683
383788
384013
384114
384122
384197
384419
384508
384617
384698
384766
384997
385085
385263
385301
385938
385941
386021
386052
386053
386150
386219
386231
386298
386303
386396
386451
386705
386763
386780
386835
386853
386968
386973
387063
387203
387417
387419
387455
387459
387470
387496
387559
387650
387713
387737
387744
387749
387801
387827
387862
388023
388045
388052
388149
388192
388284
388289
388475
388531
388547
388579
388593
388758
389368
389401
389417
389578
389645
389647
389715
389812
389849
389868
390198
390214
390494
390538
390580
390674
390728
390768
391051
391058
391363
391519
391529
391653
391670
391717
391750
391898
391900
391902
391903
391937
392069
392222
392525
392569
392576
392599
392677
392699
392732
392765
392771
392787
393006
393098
393124
393181
393213
393404
393495
393519
393821
393854
394051
394067
394315
394538
394578
394630
394832
394953
395018
395298
395430
395455
395575
395613
395650
395678
395680
395695
395707
395710
395855
395871
395872
395880
395896
395929
395943
395955
396031
396060
396116
396192
396466
396520
396524
396535
396537
396542
396563
396572
396587
396717
396818
396827
396960
397155
397288
397290
397301
397459
397490
397521
397552
397562
397565
397566
397578
397587
397658
397671
397734
397831
398002
398025
398208
398271
398434
398445
398489
398536
398648
398655
398702
398766
398768
398810
398925
399024
399030
399068
399112
399133
399182
399398
399615
399682
399701
399792
399887
399897
399959
400132
400136
400150
400173
400278
400427
400464
400479
400589
400610
400673
400702
400703
400781
400820
400840
400870
400943
400947
400951
400962
400990
401017
401063
401136
401195
401214
401216
401243
401319
401383
401407
401434
401560
401710
401714
402063
402257
402341
402440
402466
402503
402504
402579
402616
402708
402714
402721
402805
402871
402937
403032
403148
403282
403419
403505
403609
403645
403646
403647
403648
403652
403654
403657
403675
403678
403679
403862
403934
404179
404188
404192
404194
404331
404350
404415
404416
404439
404711
404812
404989
405029
405039
405047
405089
405113
405182
405291
405346
405377
405465
405477
405522
405525
405538
405539
405540
405741
405746
405880
405923
405959
405960
406001
406118
406261
406269
406275
406288
406427
406454
406490
406585
406591
406869
406933
407175
407187
407230
407244
407301
407526
407548
407647
407675
407762
407792
407825
407875
407880
407923
407939
408103
408201
408220
408268
408381
408391
408475
408522
408548
408612
408654
408830
408839
408870
408914
408949
408984
409090
409137
409157
409169
409190
409197
409198
409206
409269
409296
409307
409330
409489
409544
410385
410441
410464
410473
410506
410526
410634
410645
410735
410818
410854
410859
410864
410868
410991
410995
411036
411067
411209
411279
411333
411442
411450
411549
411644
411773
411846
411854
412057
412102
412123
412250
412333
412354
412457
412574
412648
412684
412702
412795
412829
412844
412847
412853
412941
412961
412998
413028
413097
413161
413259
413260
413416
413438
413465
413484
413492
413555
413607
413664
413734
413914
413951
413973
414092
414145
414192
414224
414225
414284
414532
414554
414569
414710
414827
415010
415110
415128
415233
415255
415352
415379
415403
415416
415445
415463
415469
415550
415584
415672
415827
415908
415913
415926
415964
416044
416079
416133
416147
416167
416275
416303
416395
416399
416470
416497
416523
416527
416642
416643
416701
416756
416919
416921
416940
417012
417017
417030
417113
417116
417128
417262
417266
417291
417329
417620
417773
417941
418028
418252
418328
418414
418436
418440
418442
418528
418557
418819
418820
418822
418836
418837
418841
418842
418845
418849
418851
418858
418939
418940
418949
418950
418951
418952
418957
418966
418978
419018
419086
419196
419208
419315
419390
419391
419439
419449
419500
419603
419606
419611
419618
419621
419623
419625
419633
419643
419663
419666
419677
419679
419681
419756
419774
419832
419850
419853
419867
419898
419903
420016
420027
420057
420064
420065
420162
420208
420212
420214
420241
420244
420281
420307
420421
420424
420425
420441
420445
420449
420451
420469
420483
420486
420525
420571
420616
420648
420835
420893
420950
420954
420982
420983
420990
420993
421053
421077
421114
421132
421139
421140
421146
421159
421170
421176
421193
421197
421209
421211
421212
421213
421285
421303
421341
421352
421358
421371
421375
421467
421504
421647
421663
421676
421708
421787
421822
421855
421888
421914
421972
421985
421988
421989
421992
422009
422016
422051
422060
422071
422089
422118
422122
422140
422151
422156
422163
422164
422170
422172
422182
422196
422203
422219
422221
422240
422242
422247
422250
422252
422256
422262
422263
422292
422298
422309
422311
422316
422325
422326
422329
422333
422335
422336
422350
422357
422358
422372
422399
422406
422417
422418
422421
422537
422565
422652
422654
422656
422683
422688
422692
422708
422715
422728
422729
422734
422777
422782
422947
422973
422974
422982
422984
422986
422992
422993
422995
422998
423029
423037
423048
423057
423061
423068
423088
423143
423144
423153
423236
423336
423344
423345
423346
423348
423351
423355
423363
423518
423554
423768
423777
423868
423881
423913
424003
424087
424222
424254
424302
424349
424389
424390
424433
424478
424650
424652
424990
425072
425109
425203
425233
425268
425282
425378
425384
425572
425623
425624
425626
425788
425835
425875
425938
425985
426001
426020
426204
426249
426293
426357
426376
426506
426515
426517
426522
426523
426526
426548
426556
426636
426850
426958
427040
427189
427274
427337
427396
427424
427680
427720
428047
428326
428364
428482
428491
428512
428642
428801
428863
428879
428882
428942
429072
429148
429460
429652
429676
429829
429913
430146
430223
430291
430324
430333
430342
430615
430904
430977
430981
430988
431328
431412
431420
431422
431474
431796
431841
431889
432130
432786
432916
432925
432989
433009
433044
433128
433224
433243
433267
433311
433432
433640
433673
433676
433716
433943
434071
434076
434093
434130
434325
434331
434379
434567
434673
434807
435040
435070
435087
435102
435179
435496
435589
435702
435704
435712
435730
435733
435866
435913
435943
435977
435981
436024
436387
436433
436444
436808
436897
437091
437108
437113
437132
437200
437265
437583
437616
437739
437754
437762
437841
437964
437968
438011
438013
438070
438094
438154
438160
438237
438245
438307
438309
438311
438451
438463
438602
438604
438739
438773
438890
439082
439160
439350
439418
439446
439591
439914
439917
439927
439975
439979
439997
440061
440173
440299
440303
440316
440653
440718
440776
440919
441058
441063
441081
441087
441088
441136
441144
441408
441419
441430
441485
441529
441701
441855
441893
441895
441897
441899
441901
441905
441907
441910
441912
441913
441915
441916
441918
442012
442018
442152
442250
442272
442281
442426
442497
442680
442685
442820
442880
442970
442972
442974
443042
443151
443333
443352
443523
443526
443538
443568
443661
443801
443805
443807
443838
443839
443845
444033
444102
444228
444307
444325
444483
444592
444628
444663
444742
444831
444905
444919
444934
444939
444942
444944
444960
444966
444968
444969
444971
445172
445388
445511
445761
445778
445893
445981
445990
446450
446541
446830
446854
446879
446891
447012
447076
447095
447097
447182
447186
447191
447199
447206
447229
447240
447242
447344
447357
447382
447394
447395
447396
447547
447553
447618
447717
447721
447722
447723
447724
447726
447728
447729
447731
447755
447769
447773
447793
447798
447813
447821
447833
447849
447855
447857
447858
447861
447872
447884
447888
447952
447967
448019
448029
448048
448056
448059
448061
448063
448066
448069
448071
448074
448082
448084
448087
448102
448245
448381
448418
448425
448434
448455
448503
448648
448651
448680
448801
448918
448941
448961
448978
448997
449009
449014
449015
449069
449160
449302
449352
449684
449706
449995
450157
450318
450320
450321
450408
450411
450421
450423
450433
450440
450445
450453
450485
450512
450515
450518
450523
450540
450541
450606
450610
450637
450647
450783
450787
450801
450803
450838
450857
450868
450934
450999
451050
451095
451096
451097
451104
451142
451144
451194
451279
451287
451303
451467
451487
451579
451613
451617
451627
451654
451674
451684
451686
451692
451705
451718
451753
451901
451907
451908
451913
452055
452056
452215
452224
452225
452250
452341
452343
452472
452481
453091
453162
453282
453288
453299
453336
453747
453756
453762
453783
453796
453899
454016
454032
454036
454133
454305
454690
454784
454918
455016
455424
455429
455460
455569
455605
455611
455650
455690
455896
455943
455947
455948
456011
456049
456070
456169
456255
456322
456523
456551
456554
456641
456651
456855
456894
456931
456934
456957
457025
457037
457061
457248
457343
457415
457471
457472
457572
457651
457662
457699
457713
457781
457830
457848
457955
458032
458045
458071
458075
458108
458213
458303
458404
458461
458474
458505
458612
458764
458780
458784
458833
458923
458936
458988
459120
459136
459144
459217
459341
459377
459452
459621
459792
459815
459924
460006
460045
460082
460290
460337
460346
460378
460380
460385
460456
460578
460828
460829
460912
460947
461027
461059
461464
461506
461649
461774
461775
461815
461931
461981
461986
462055
462100
462347
462382
462408
462417
462467
462479
462489
462530
462557
462593
462652
462773
462922
462987
463011
463108
463291
463360
463478
463511
463532
463617
463708
463739
463882
464212
464261
464302
464311
464489
464491
464619
464737
464805
464827
464832
464900
464904
464910
464929
464975
465029
465083
465316
465324
465387
465410
465600
465646
465673
465684
465728
465840
466042
466088
466191
466192
466202
466266
466483
466565
466569
466652
466728
466939
466991
467010
467012
467081
467151
467775
467782
467859
467882
467938
467994
467996
468014
468064
468275
468278
468513
468624
468685
468800
468904
468958
468988
469015
469036
469186
469428
469472
469473
469529
469674
469722
469770
469838
469867
469910
469911
469923
470305
470552
470594
470700
470708
470713
470718
470719
470720
470756
470821
470843
470859
471313
471315
471331
471382
471445
471469
471498
471533
471562
471714
471766
471852
471891
471918
471925
471927
471974
471978
471986
471988
471989
472123
472185
472228
472242
472252
472254
472258
472261
472388
472480
472621
472668
472689
472746
472793
472876
472964
473336
473353
473364
473574
473647
473716
473729
473741
473786
473972
474102
474279
474344
474420
474463
474499
474538
474698
474714
474801
475249
475254
475330
475413
475433
475449
475589
475899
475930
475961
475969
476047
476122
476126
476268
476565
476596
476609
476719
476720
476807
476819
476839
476854
476855
476914
477033
477045
477057
477091
477106
477111
477115
477116
477187
477266
477284
477299
477440
477467
477689
477807
477810
477813
477982
478045
478133
478149
478161
478179
478202
478204
478282
478706
478821
478954
478967
479001
479216
479365
479490
479636
479700
479948
480006
480007
480009
480015
480038
480089
480204
480268
480273
480308
480370
480406
480459
480461
480478
480529
480644
480646
480649
480654
480656
480661
480812
481084
481284
481382
481415
481544
481564
481566
481567
481789
481877
481899
481931
482182
482189
482191
482203
482214
482221
482233
482234
482236
482241
482242
482244
482247
482257
482259
482335
482337
482352
482354
482366
482368
482374
482377
482382
482431
482542
482548
482554
482556
482565
482631
482846
482852
482853
482858
482888
482916
482919
482960
482966
482972
482975
482990
483061
483064
483077
483120
483215
483285
483291
483303
483326
483381
483386
483417
483462
483468
483469
483575
483590
483601
483620
483641
483644
483657
483685
483686
483691
483710
483732
483743
483780
483784
483788
483811
483814
483940
483964
484079
484237
484289
484290
484310
484325
484330
484370
484371
484436
484499
484535
484575
484601
484639
484840
484922
484983
485112
485265
485311
485314
485315
485333
485358
485387
485510
485789
486024
486161
486184
486352
486515
486574
486659
486672
486761
486788
486901
486921
486938
487172
487207
487208
487209
487211
487276
487363
487390
487498
487647
487857
487998
488226
488236
488350
488448
488462
488523
488539
488600
488604
488612
488682
488753
488760
488784
488829
488834
488848
488849
488909
488930
488931
488933
489036
489112
489349
489430
489555
489580
489584
489606
489608
489623
490259
490267
490345
490364
490368
490371
490373
490375
490532
490601
490798
490799
490870
491085
491277
491390
491694
491962
492005
492027
492118
492164
492181
492189
492281
492453
492456
492733
492870
492897
492924
492983
493019
493044
493094
493198
493200
493303
493357
493361
493362
493498
493602
493714
493847
493881
494001
494113
494160
494210
494326
494481
494576
494609
494635
494656
494711
495094
495120
495195
495322
495332
495403
495419
495473
495498
495501
495569
495797
495809
495909
495975
495996
496022
496029
496067
496212
496244
496307
496356
496371
496380
496400
496413
496437
496455
496462
496533
496542
496550
496552
496553
496560
496562
496571
496577
496579
496582
496587
496597
496619
496674
496728
496736
496839
496874
496882
496885
496903
496913
496952
497090
497316
497350
497695
497874
497891
497959
498062
498086
498326
498537
498580
498714
498934
499047
499153
499195
499363
499537
499727
499731
499732
499735
499908
499930
499977
499989
500051
500058
500059
500060
500062
500064
500066
500071
500095
500101
500207
500255
500473
500774
500779
500915
500945
501090
501126
501129
501173
501753
501864
501944
501965
502022
502509
502521
502755
502848
503328
503345
503629
503744
503763
503875
503902
503905
504218
504226
504386
504617
504630
504655
505330
505332
505675
505690
505706
505916
505920
505936
506458
506482
506600
506648
507040
507058
507076
507112
507147
507185
507186
507221
507253
507327
507338
507339
507489
507547
507557
507723
507813
507961
507989
508023
508039
508140
508152
508217
508509
508642
508725
508780
508821
508830
508844
508881
509097
509098
509102
509390
509746
509856
510276
510279
510281
510337
510522
510550
510807
510840
510883
510959
511406
511612
511749
511817
511898
511916
511923
511957
512158
512194
512219
512236
512270
512503
512800
512959
512965
513108
513182
513247
513405
513434
513665
513776
513860
513965
513980
513985
513989
513999
514008
514094
514134
514213
514501
514644
514653
514684
514821
514985
515133
515159
515189
515376
515618
515627
515684
515689
515875
515908
516163
516173
516182
516327
516504
516665
516684
516713
516715
516768
516830
516850
516856
517154
517226
517285
517302
517320
517414
517419
517425
517699
517846
517931
518049
518156
518224
518444
518500
518505
518651
518710
519016
519137
519150
519159
519238
519254
519257
519317
519319
519339
519471
519530
519541
519561
519589
519610
519657
519754
519755
519757
519844
519848
519870
519882
520271
520393
520579
520714
520716
520798
520914
520981
521086
521136
521146
521322
521366
521368
521375
521376
521390
521480
521507
521566
521614
521815
521849
521891
522051
522057
522058
522122
522133
522134
522165
522170
522180
522246
522314
522485
522567
522592
522649
522650
522764
522769
522781
523033
523202
523333
523419
523446
523593
523769
523795
523856
523898
523904
523906
523911
523913
523936
523939
523951
524009
524011
524086
524104
524285
524432
524536
524539
524540
524542
524623
524736
524738
524742
524793
524864
524933
525046
525047
525050
525054
525087
525176
525215
525490
525491
525607
525628
525663
525689
525690
525693
525698
525701
525702
525706
525709
525763
526146
526159
526215
526285
526291
526423
526427
526491
526568
526766
526783
526786
526838
527030
527132
527141
527149
527168
527600
527608
527674
527754
527759
527765
527780
527782
527783
527784
527792
527803
527816
527818
527822
527823
527827
527830
527975
527976
527980
528001
528009
528075
528146
528263
528308
528314
528322
528323
528324
528325
528329
528330
528331
528332
528333
528335
528346
528352
528356
528470
528551
528594
528670
528769
528822
528882
528886
528915
528977
529027
529087
529089
529090
529091
529097
529122
529139
529313
529324
529352
529363
529409
529455
529497
529717
530104
530178
530236
530253
530536
530571
530643
530652
530670
530943
531159
531237
531344
531470
531492
531533
531557
531618
531670
531715
531724
531730
531807
531900
532146
532335
532587
532642
532758
532795
532798
532800
532808
532809
532872
533015
533021
533025
533027
533066
533130
533132
533259
533284
533339
533351
533366
533381
533393
533469
533534
533627
533660
533674
533803
533970
533991
533997
534011
534023
534139
534153
534161
534304
534478
534500
534515
534571
534601
534711
534913
534933
535119
535123
535180
535186
535202
535370
535488
535524
535557
535562
535657
535726
535736
535820
535849
535930
536026
536108
536289
536291
536386
536410
536467
536505
536631
536660
536766
537042
537190
537202
537268
537271
537610
537633
537685
537712
537714
537715
537804
537815
537881
537924
538089
538123
538126
538202
538208
538250
538306
538474
538612
538818
538858
539005
539288
539313
539399
539517
539520
539736
539883
539937
539945
539984
540009
540020
540246
540478
540569
540586
540746
540748
540967
541188
541485
541692
541727
541774
541977
541988
541990
542049
542064
542093
542104
542213
542264
542274
542309
542580
542779
542895
543063
543163
543188
543193
543200
543253
543266
543286
543362
543364
543377
543393
543441
543446
543574
543593
543785
543914
544143
544157
544220
544221
544275
544306
544440
544464
544478
544487
544530
544575
544711
544756
544761
545059
545148
545248
545406
545449
545470
545573
545615
545624
545655
545661
545686
545698
545704
545795
545829
545911
545914
546182
546276
546289
546292
546380
546507
546614
546623
546625
546629
546636
546658
546664
546666
546679
546695
546711
546762
546764
546786
546789
546849
547024
547034
547120
547177
547198
547478
547530
547630
547693
547725
547770
547844
547845
547847
547885
548027
548178
548212
548228
548392
548567
548784
549083
549087
549199
549435
549476
549518
549550
549592
549618
549643
549739
549766
549787
549975
550007
550066
550099
550201
550208
550212
550236
550300
550321
550337
550406
550513
550623
550658
550718
550735
550764
551025
551058
551300
551307
551508
551619
551620
551629
551681
551894
551962
552010
552030
552058
552258
552262
552264
552265
552266
552291
552307
552344
552375
552390
552419
552590
552605
552737
552781
552790
552850
552864
552940
553005
553023
553024
553243
553261
553347
553350
553383
553399
553403
553456
553563
553658
553676
553749
553889
553982
554074
554180
554311
554336
554423
554476
554513
554570
554585
554632
554647
554772
554792
554793
554807
554847
554867
554912
554922
554943
555101
555113
555402
555407
555433
555546
555583
555645
556463
556509
556517
556835
557026
557035
557064
557326
557400
557473
557570
557602
557604
557636
557865
557932
557988
558076
558133
558141
558228
558234
558323
558335
558442
558510
558556
558632
558675
558899
559003
559017
559036
559044
559064
559304
559345
559855
559934
560091
560128
560182
560239
560463
560488
560491
560500
560832
560842
560894
561074
561090
561146
561147
561166
561209
561258
561259
561334
561379
561466
561570
561576
561612
561679
561817
561880
561930
562268
562494
562566
562619
562627
562908
563211
563282
563499
563543
563609
563781
563786
563949
563959
563965
563975
564025
564060
564092
564181
564320
564366
564394
564452
564689
564876
565062
565073
565227
565252
565321
565373
565428
565438
565731
566022
566025
566074
566099
566106
566136
566417
566450
566578
566611
566627
566794
566804
566886
566993
567051
567079
567108
567130
567249
567256
567268
567365
567512
567577
567605
567667
567691
567745
567780
567796
567861
567865
568027
568121
568265
568277
568282
568316
568407
568454
568459
568569
568634
568649
568754
568770
568771
568851
568856
568882
568885
568934
568936
569040
569044
569095
569238
569446
569533
569552
569724
569838
569888
570044
570099
570108
570114
570324
570358
570590
570627
570791
570882
571004
571024
571031
571032
571070
571145
571264
571284
571297
571344
571353
571413
571430
571446
571625
571627
571675
571890
571931
572088
572151
572440
572446
572452
572468
572502
572609
572665
572702
572706
572746
573106
573258
573262
573277
573340
573347
573410
573475
573534
573576
573586
573668
573722
573785
573898
573965
573984
573987
573989
573996
574113
574127
574255
574366
574466
574514
575088
575146
575186
575224
575248
575361
575415
575439
575492
575532
575539
575587
575598
575608
575719
575869
575994
576034
576046
576174
576389
576593
576617
576901
576972
577028
577214
577446
577485
577538
577651
577673
577849
578041
578042
578044
578170
578171
578173
578175
578179
578180
578183
578184
578188
578190
578192
578194
578195
578203
578338
578374
578519
578531
578808
578854
579321
579388
579417
579431
579451
579541
579739
579828
579872
579973
580156
580181
580254
580260
580269
580276
580308
580591
580605
580627
580661
580806
580811
580955
580978
581392
581471
581531
581588
582075
582358
582368
582394
582511
582514
582549
582600
582732
582797
582883
583100
583102
583132
583169
583200
583230
583254
583569
583600
583745
583762
583846
583872
584043
584131
584134
584178
584351
584466
584561
584586
584682
584795
584819
584992
585013
585030
585053
585065
585187
585224
585246
585278
585601
585747
585774
585829
585830
585997
586045
586117
586134
586149
586265
586269
586358
586457
586467
586489
586499
586727
586914
586927
587039
587048
587054
587092
587204
587303
587327
587350
587424
587483
587488
587595
587614
588258
588447
588452
588454
588456
588462
588667
588681
588708
588856
588858
588859
588860
588909
588941
589053
589200
589225
589374
589412
589512
589635
589637
589682
589683
589832
589837
589841
589934
590155
590176
590513
590527
590593
590653
591100
591188
591262
591388
591415
591429
591536
591903
591988
592101
592107
592138
592140
592182
592298
592452
592474
592530
592734
592872
593018
593383
593487
593560
593580
593751
593812
593946
593963
594400
594417
594427
594445
594544
594700
594718
594941
595000
595050
595174
595381
595383
595812
596040
596070
596071
596093
596189
596199
596352
596429
596532
596793
596801
597107
597181
597230
597338
597438
597591
597603
597605
597652
597879
597970
598063
598252
598259
598269
598293
598312
598334
598400
598416
598806
598887
598888
599025
599037
599139
599258
599343
599404
599733
599779
599795
599809
599879
600040
600059
600129
600145
600184
600270
600286
600369
600924
600936
601107
601191
601343
601367
601419
601504
601643
601885
601966
601982
602018
602083
602133
602226
602239
602288
602508
602518
602547
602551
602554
602557
602580
602924
602985
602986
603074
603222
603227
603361
603389
603431
603485
603561
603564
603673
603746
603856
603876
603890
603961
603963
604160
604236
604280
604350
604360
604653
604699
604767
604865
604877
604879
605108
605336
605373
605440
605445
605635
605724
606041
606090
606204
606344
606423
606510
606563
606782
606833
606921
607183
607186
607229
607281
607346
607356
607365
607614
607653
607693
608120
608214
608309
608318
608333
608464
608511
608665
608688
608723
608739
608804
608846
608858
609118
609182
609302
609323
609347
609396
609448
609499
609564
609570
609674
609687
609705
609956
610035
610037
610039
610040
610044
610074
610088
610097
610174
610212
610217
610526
610542
610736
610894
611056
611057
611067
611080
611170
611186
611214
611258
611261
611337
611370
611379
611390
611393
611423
611595
611641
611652
611722
611739
611740
611836
611922
612091
612113
612552
612566
612635
612882
612895
612913
612961
613081
613093
613109
613422
613506
613510
613515
613689
613690
614017
614111
614195
614429
614433
614553
614617
614669
614696
614714
614905
614919
614959
614965
615430
615562
615774
615895
615916
615925
615926
615967
615982
616040
616106
616146
616185
616204
616347
616486
616584
616671
616769
616846
616880
616896
616984
617047
617143
617199
617204
617708
617842
617859
617941
618132
618151
618352
618423
618438
618845
618958
619043
619164
619318
619490
619515
619520
619522
619523
619525
619527
619635
619730
619925
620043
620199
620251
620413
620570
620641
621164
621380
621562
621646
621681
621682
621737
621746
621829
621919
622193
622488
622640
622714
622720
622836
622838
622890
622896
622911
623056
623081
623128
623398
623545
623645
623676
623701
623742
623781
623814
623841
624159
624174
624395
624409
624413
624441
624629
624764
625005
625237
625505
625615
625712
625814
625979
626129
626151
626481
626483
626510
626621
626688
626892
626919
627111
627128
627182
627430
627556
627661
627679
627923
627931
628009
628044
628106
628142
628187
628458
628782
629009
629033
629035
629043
629076
629248
629341
629380
629385
629393
629652
629940
629976
630028
630240
630247
630347
630369
630508
630513
630573
630720
630826
630947
630950
630952
631076
631228
631340
631377
631416
631507
631574
631732
631847
631933
632017
632096
632168
632171
632199
632238
632251
632314
632351
632460
632499
632526
632630
632656
632659
632672
632676
632719
632876
632885
632973
632977
633012
633061
633275
633285
633318
633365
633463
633604
633678
633686
633798
633801
633802
633803
633811
633910
633962
634040
634045
634141
634170
634171
634311
634317
634341
634355
634787
634802
634811
634854
634894
634953
634960
635199
635244
635511
635524
635706
635912
636183
636232
636342
636410
636425
636520
636559
636674
636741
636822
636862
636893
636956
637253
637346
637484
637890
637941
637946
637961
637973
637994
638114
638188
638210
638238
638328
638359
638369
638475
638599
638688
638718
638729
638733
638862
638894
638901
638985
638987
638988
639009
639049
639072
639080
639482
639524
639571
639611
639698
639721
639730
639783
639798
639803
639886
640079
640081
640089
640090
640116
640175
640196
640203
640291
640402
640415
640420
640440
640443
640559
640605
640701
640878
640971
640977
641085
641212
641326
641349
641376
641548
641550
641838
641914
641928
641992
642023
642056
642057
642062
642066
642129
642133
642154
642155
642237
642248
642300
642328
642397
642576
642608
642624
642646
642666
642707
642753
642846
642863
642921
642958
642962
642966
642968
642969
642970
642975
642984
642988
643071
643222
643260
643299
643377
643388
643395
643434
643467
643520
643550
643596
643690
643706
643718
643760
643803
644039
644050
644108
644124
644283
644514
644530
644609
644686
644822
644905
644909
645006
645024
645046
645055
645062
645073
645080
645124
645230
645403
645417
645592
645836
645840
646155
646273
646300
646454
646474
646489
646498
646502
646511
646684
646724
646823
646843
646941
647055
647068
647152
647156
647157
647186
647215
647246
647276
647320
647341
647348
647354
647356
647357
647370
647378
647445
647455
647511
647519
647537
647616
647663
647710
647733
647736
647741
647829
647888
647892
647942
647988
647995
648092
648104
648171
648310
648409
648467
648473
648497
648498
648499
648516
648519
648523
648550
648628
648648
648705
648738
648768
648990
649077
649087
649099
649219
649274
649294
649426
649918
650015
650019
650292
650328
650346
650631
650637
650730
650766
650769
651147
651187
651188
651218
651459
651477
651484
651486
651492
651506
651510
651520
651675
651690
651732
651814
651815
651817
651823
651845
651852
651879
651920
652243
652441
652476
652589
652600
652664
652802
652844
652854
652947
652981
652990
653051
653258
653304
653327
653378
653384
653390
653397
653401
653407
653554
653559
653561
653573
653799
653809
653813
653814
654050
654119
654133
654148
654624
654636
654695
654795
654977
655048
655058
655072
655257
655363
655384
655435
655514
655648
655864
655874
656006
656202
656226
656480
656685
656733
656751
656770
656926
656979
657107
657191
657657
657782
657815
657877
658181
658213
658238
658243
658304
658450
658488
658494
658497
658505
658520
658558
658700
658788
658810
659133
659169
659194
659211
659313
659356
659376
659383
659384
659514
659677
660035
660240
660355
660589
660644
660661
660773
660865
660881
660942
661007
661269
661294
661296
661352
661529
661655
661664
661709
661790
661791
661930
661974
662001
662018
662020
662028
662041
662065
662069
662109
662118
662310
662373
662378
662502
662521
662723
662726
662728
662889
662956
663016
663143
663235
663364
663603
663629
663633
663723
663923
663953
663993
664032
664048
664049
664164
664483
664507
664594
664631
664681
664689
664825
665116
665209
665356
665369
665385
665403
665524
665567
665568
665723
665779
665856
665864
666022
666123
666197
666214
666294
666479
666508
666593
666749
666771
667154
667245
667276
667408
667553
667564
667655
667885
667944
667973
668069
668072
668096
668184
668200
668360
668462
668492
668591
668660
668756
668794
668795
669059
669217
669239
669409
669500
669558
669600
669679
669739
669748
669930
670009
670027
670091
670263
670265
670359
670633
670634
670635
670638
670874
670880
670888
670939
670977
670987
671042
671063
671216
671219
671260
671263
671269
671308
671317
671730
671736
671755
671786
671844
671997
672003
672114
672259
672437
672684
672818
672943
673268
673456
673471
673475
673785
673829
673836
673890
673935
674173
674185
674250
674503
674670
674821
674852
674853
674943
675006
675024
675054
675141
675253
675308
675357
675359
675374
675522
675568
675581
675607
675799
675846
676192
676285
676297
676299
676359
676386
676414
676435
676490
676518
676839
676840
676844
676845
676856
676878
676903
676919
677013
677135
677156
677214
677243
677431
677528
677569
677612
677829
677895
677898
678036
678279
678303
678482
678489
678536
678579
678583
678697
678803
678828
679014
679055
679078
679163
679188
679190
679196
679287
679384
679426
679444
679486
679674
679870
679908
679915
680138
680199
680208
680415
680417
680420
680615
680751
680793
680814
680883
681019
681198
681255
681300
681324
681341
681396
681429
681577
681775
681880
682019
682052
682201
682261
682612
682660
682748
683348
683407
683701
683719
683803
683862
684047
684433
684478
684676
684841
685014
685076
685201
685305
685405
685545
685548
685723
685792
685848
685849
685850
685982
686036
686078
686111
686166
686170
686172
686391
686437
686603
686818
687259
687281
687297
687369
687382
687424
687578
687618
687661
687766
687805
687886
687924
688005
688051
688146
688272
688357
688358
688457
688532
688580
688587
688592
688616
688673
688738
688842
688852
688870
688927
688936
689025
689030
689312
689337
689481
689495
689664
689686
689918
690006
690059
690309
690348
690417
690576
690583
690652
690688
690732
690746
690873
690880
691008
691088
691143
691155
691170
691363
691476
692039
692063
692623
692854
692969
693281
693562
693567
693656
693675
693677
693713
694007
694061
694096
694103
694115
694124
694290
694393
694480
694590
694649
694847
694942
695148
695160
695168
695244
695312
695425
695556
695583
695635
695756
695761
695962
696001
696067
696070
696123
696138
696139
696199
696408
696428
696566
696978
697065
697111
697374
697402
697549
697552
697696
697765
697840
698082
698534
698541
698826
698836
698852
698857
698939
698972
699075
699284
699287
699317
699620
699718
699758
699765
699811
700091
700108
700388
700451
700570
700705
700790
701017
701077
701137
701289
701511
701617
701776
701909
702171
702245
702400
702550
702567
702649
702743
702746
702824
702840
702905
703122
703258
703272
703394
703732
704011
704269
704308
704602
704610
704851
704861
704919
704964
704991
705038
705056
705174
705184
705356
705385
705464
705467
705503
705516
705683
705791
705797
705798
705800
705801
705804
705809
705815
705912
706025
706243
706540
706581
706618
706712
706739
706853
706915
706932
707079
707134
707459
707786
707926
708031
708034
708050
708100
708127
708143
708289
708325
708326
708327
708369
708371
708390
708471
708516
708520
708544
708548
708591
708599
708613
708792
708844
708962
709031
709039
709078
709195
709202
709412
709468
709512
709531
709716
709717
709732
709901
709903
710116
710298
710304
710310
710311
710312
710313
710530
710575
710578
710581
710736
710871
711046
711048
711227
711351
711468
711643
711660
711683
711848
712040
712123
712183
712188
712228
712464
712567
712745
712747
713166
713176
713179
713181
713204
713254
713649
713660
713703
713924
714277
714281
714338
714553
714559
714561
714567
714631
714798
714825
714838
715178
715210
715264
715343
715417
715580
715613
715676
715715
715756
716072
716084
716157
716162
716190
716221
716359
716512
716681
716700
716831
716850
716959
716995
717056
717281
717353
717679
717712
717766
717863
717973
718003
718017
718070
718075
718095
718114
718135
718156
718326
718337
718660
718661
718742
718762
718792
718833
718859
719006
719018
719104
719165
719232
719276
719279
719290
719366
719374
719384
719403
719452
719456
719638
719665
719686
719703
719769
719800
719843
720046
720514
720638
720727
720790
721113
721139
721259
721322
721367
721438
721492
721576
721636
721656
722022
722032
722134
722301
722308
722327
722344
722348
722364
722374
722571
722635
722711
722715
722730
722784
722893
723074
723234
723285
723359
723453
723531
723605
723769
723771
723883
723936
723945
724024
724152
724232
724298
724331
724368
724408
724581
724597
724671
724719
724774
724796
724843
724885
724888
724919
725050
725064
725067
725140
725148
725226
725246
725257
725323
725578
725791
725867
726025
726139
726207
726208
726289
726333
726343
726546
727037
727140
727161
727170
727179
727199
727325
727404
727501
727507
727627
727752
727822
728045
728062
728070
728099
728189
728236
728245
728259
728282
728291
728295
728308
728325
728386
728405
728450
728453
728471
728552
728571
728574
728590
728797
728867
728876
728888
729053
729109
729149
729225
729299
729357
729455
729489
729565
729591
729630
729631
729889
729975
729999
730103
730240
730261
730316
730339
730375
730414
730423
730426
730573
730625
730627
730769
730883
730974
730987
731103
731232
731234
731239
731437
731439
731459
731605
731663
731745
731799
731818
731860
731883
731953
732136
732138
732202
732328
732428
732621
732726
732761
732805
732846
732889
732978
733057
733063
733137
733222
733481
733496
733517
733544
733578
733677
733820
733834
733983
733988
734081
734088
734264
734322
734330
734341
734368
734502
734506
734507
734516
734629
734717
734796
734875
734878
734987
735110
735273
735374
735514
735563
735595
735771
735781
735782
735951
736087
736164
736365
736369
736373
736376
736377
736511
736547
736553
736563
736585
736631
736720
736845
736895
736899
737000
737008
737009
737132
737241
737313
737376
737384
737481
737513
737515
737519
737534
737595
737676
737815
738043
738095
738129
738186
738224
738515
738687
738725
738796
738964
739052
739054
739058
739126
739146
739174
739291
739381
739399
739438
739443
739591
739627
739709
739777
739960
740021
740061
740144
740149
740227
740385
740574
740614
740624
740627
740628
740653
740751
740813
740822
740924
741021
741083
741105
741130
741159
741434
741515
741583
741611
741614
741616
741631
741670
741685
741708
741808
741914
741972
741998
742043
742059
742080
742254
742327
742492
742789
742898
742987
743030
743040
743044
743091
743176
743240
743267
743288
743367
743394
743440
743569
743632
743988
744009
744038
744322
744353
744382
744447
744549
744592
744735
744857
744858
744876
745048
745058
745116
745264
745299
745422
745429
745527
745868
745881
745995
745996
746015
746038
746059
746097
746115
746128
746139
746200
746283
746339
746351
746379
746389
746464
746661
746685
746781
746808
746966
747013
747015
747051
747102
747132
747190
747232
747235
747431
747438
747444
747483
747521
747563
747571
747592
747746
747747
747751
747817
747822
748026
748060
748124
748187
748194
748233
748273
748286
748343
748455
748645
748694
749024
749051
749078
749099
749116
749317
749396
749427
749494
749736
749992
750015
750275
750278
750310
750363
750446
750461
750633
750900
750923
751204
751213
751326
751401
751494
751496
751595
751696
752031
752115
752291
752304
752309
752372
752397
752417
752429
752616
752628
752714
752721
753210
753248
753726
753893
753941
754005
754197
754265
754345
754347
754450
754777
754856
755015
755047
755064
755071
755504
755521
755753
755961
756075
756106
756114
756132
756167
756194
756208
756239
756259
756374
756426
756524
756615
756634
756681
756747
756753
757048
757100
757116
757335
757351
757362
757564
757686
757854
757977
758152
758211
758303
758309
758510
758547
758803
758870
759198
759225
759287
759321
759335
759345
759350
759376
759397
759422
759430
759524
759571
759622
759644
759753
759806
759840
759917
760145
760243
760281
760289
760296
760300
760344
760404
760522
760536
760576
760621
760747
760752
760864
760883
760891
760918
760946
761027
761042
761066
761088
761115
761122
761163
761191
761220
761226
761248
761453
761455
761457
761556
761560
761574
761581
761603
761610
761830
761953
761987
762026
762060
762079
762168
762230
762316
762324
762332
762424
762587
762598
762650
762812
762821
762826
762838
763019
763080
763196
763277
763278
763302
763315
763320
763563
763676
763702
763783
764164
764215
764309
764381
764412
764414
764509
764595
764740
764747
764750
764787
764923
764930
765085
765126
765342
765585
765723
765797
765804
765860
765878
766008
766017
766032
766076
766148
766162
766164
766200
766309
766720
766785
767050
767089
767116
767139
767238
767251
767281
767314
767327
767526
767585
767663
767899
767949
768334
768451
768485
768596
768603
768644
768673
768761
768967
769049
769286
769303
769468
769700
769804
770010
770041
770204
770267
770328
770371
770375
770491
770512
770610
770623
770627
770663
770899
771040
771048
771190
771224
771252
771264
771266
771273
771298
771381
771390
771397
771412
771416
771506
771548
771550
771660
771690
771731
771775
771929
771949
771953
771955
771975
771990
771991
772032
772088
772133
772139
772148
772295
772297
772306
772307
772315
772391
772403
772431
772446
772450
772462
772515
772533
772549
772557
772567
772571
772614
772618
772678
772784
772786
772914
772948
773023
773032
773113
773116
773270
773271
773303
773327
773513
773542
773569
773615
773620
773647
773778
773789
773797
773962
773982
774011
774149
774414
774463
774469
774559
774879
774974
774983
774985
774991
774993
774995
775180
775453
775484
775599
775605
775613
775698
775857
775869
775889
775943
776100
776487
776565
776610
776670
776718
776729
776734
776797
777048
777149
777274
777288
777464
777484
777517
777612
777677
777923
778214
778233
778346
778360
778412
778521
778555
778655
778683
778720
778784
778877
779202
779581
779747
779960
780170
780344
780348
780511
780535
780575
780611
780721
780723
780731
780736
780804
780898
780980
781179
781619
781881
782003
782007
782036
782037
782219
782465
782480
782533
782570
782575
782663
782676
782700
782727
782758
783113
783208
783332
783413
783529
783572
783638
783674
783701
783960
784281
784777
784827
785012
785086
785130
785145
785326
785625
785664
785707
785736
785802
785912
786075
786087
786170
786199
786499
786535
786742
786848
787193
787556
787691
787707
787732
787796
787806
787908
787960
788158
788166
788195
788334
788422
788445
788501
788734
788752
788929
789473
789602
789617
789622
789675
789702
789765
789845
789859
789978
790034
790146
790197
790252
790257
790299
790409
790602
791038
791348
791375
791392
791452
791570
791597
791655
791907
791908
791909
792009
792087
792198
792303
792327
792672
792677
792678
792857
792916
792934
792995
793000
793081
793145
793287
793318
793385
793387
793481
793674
793711
794094
794128
794141
794236
794347
794362
794424
794630
794738
794905
794909
794994
795390
795522
795615
795868
795936
795939
795952
795957
795962
795987
796002
796010
796017
796050
796057
796271
796278
796284
796307
796400
796401
796412
796585
796856
797006
797013
797047
797555
797565
797659
797819
797888
797891
797924
797928
797932
797935
797937
798016
798105
798130
798409
798530
798580
798626
798646
798652
798761
798789
798822
798823
798894
799088
799177
799263
799369
799379
799427
799483
799493
799534
799600
799668
799757
799962
800030
800088
800112
800137
800305
800334
800410
800540
800567
800687
800690
800696
800774
800989
801086
801102
801151
801175
801380
801466
801488
801500
801727
801824
802157
802279
802321
802483
802496
802738
802755
802766
802859
802860
802862
802870
802907
803075
803138
803145
803204
803233
803235
803302
803377
803561
803636
803637
803758
803878
804021
804042
804118
804304
804330
804359
804614
804711
804852
805061
805063
805116
805124
805201
805203
805320
805347
805356
805445
805458
805639
805739
805758
805765
805816
805929
806166
806175
806187
806190
806191
806209
806245
806296
806554
806583
806617
806787
806796
806850
806953
807078
807243
807272
807309
807369
807383
807606
807655
807688
807801
807854
807858
807952
808050
808396
808433
808450
808452
808801
809049
809306
809379
809489
809519
809698
809872
810260
810470
810503
810593
810714
810760
810807
810949
810960
811072
811086
811110
811134
811286
811337
811382
811549
811626
811704
811748
811753
811761
811782
811853
811907
811935
812074
812323
812488
812618
812657
812670
812788
812923
813019
813244
813313
813400
813406
813408
813624
813678
813865
813892
814019
814095
814103
814106
814112
814242
814244
814252
814255
814261
814264
814266
814321
814324
814326
814331
814507
814609
814852
815026
815315
815444
815454
815609
815677
815689
815715
815728
815856
815867
816184
816220
816360
816371
816492
816535
816542
816545
816547
816606
816607
816657
816869
817177
817480
817580
817588
817688
817793
817799
817814
817836
818233
818480
818746
818747
818793
818843
818859
818878
818883
819274
819401
819738
819797
820098
820317
820626
820633
820710
820750
820758
820940
821094
821100
821357
821388
821418
821425
821428
821431
821557
821669
821749
821771
821901
821954
821956
821991
822327
822332
822348
822419
822473
822519
822687
822781
822792
822821
822945
823096
823119
823356
823419
823439
823504
823617
823887
824020
824052
824059
824060
824062
824070
824199
824286
824360
824367
824497
824559
824577
824641
824979
825105
825218
825295
825305
825313
825344
825351
825376
825609
825654
825751
825893
826093
826099
826118
826150
826310
826335
826368
826372
826374
826404
826429
826477
826617
826941
827180
827590
827620
827688
827750
828143
828481
828498
828544
828784
828789
828799
828846
829023
829026
829028
829058
829091
829317
829342
829361
829409
829429
829490
829507
829613
829643
829698
829726
829797
829882
830358
830420
830696
830757
830822
831012
831028
831134
831480
831543
831600
831710
831741
831772
831791
831811
831833
831836
831853
832167
832185
832188
832353
832397
832471
832712
832713
832716
832721
832729
832749
832935
833027
833033
833215
833339
833384
833404
833498
833575
833677
833774
834208
834356
834423
834437
834511
834660
834767
834784
834804
835089
835092
835105
835137
835159
835213
835279
835294
835677
835786
835872
835879
835951
836294
836303
836304
836311
836519
836525
836979
836996
837121
837181
837205
837275
837324
837372
837389
837392
837751
837759
837901
838209
838241
838353
838427
838461
838471
838474
838511
838591
838609
838616
838618
838808
838888
838941
838993
839109
839200
839476
839482
839493
839540
839590
839598
839599
839612
839664
839677
839820
839828
839900
839991
840239
840301
840302
840303
840304
840305
840307
840308
840309
840311
840314
840315
840316
840320
840321
840324
840325
840327
840328
840330
840334
840526
840528
840538
840572
840603
840691
840701
840704
840729
840786
840986
841024
841055
841063
841171
841298
841379
841419
841569
841584
841742
841891
841935
841943
841945
842033
842052
842120
842241
842276
842444
842446
842455
842503
842508
842511
842682
842800
842938
843008
843137
843152
843186
843290
843314
843338
843450
843906
843947
844069
844202
844386
844560
845154
845275
845407
845452
845509
845551
845584
845669
845749
845785
845826
846004
846013
846017
846094
846259
846346
846786
846796
846807
846818
846848
846867
846974
847136
847329
847513
847732
847802
848054
848058
848063
848235
848285
848303
848483
848487
848553
848565
848589
848826
848982
849019
849046
849250
849255
849265
849268
849269
849273
849284
849306
849332
849564
849585
849628
849652
849670
849685
849736
849774
849903
850099
850236
850372
850511
850539
850584
850683
850791
850803
850805
850837
850875
850916
850918
850938
851031
851085
851147
851227
851345
851382
851429
851477
851478
851498
851499
851500
851501
851502
851504
851506
851507
851508
851509
851511
851512
851513
851549
851551
851552
851553
851555
851556
851557
851558
851559
851560
851561
851562
851563
851564
851565
851567
851568
851569
851570
851615
851617
851618
851635
851636
851685
851731
851741
851742
851744
851745
851770
851881
851885
852005
852031
852047
852182
852262
852335
852432
852437
852438
852683
852725
852826
852830
853206
853344
853429
853430
853452
853636
853723
853813
853904
853944
853979
854006
854046
854047
854065
854196
854268
854318
854335
854341
854344
854400
854419
854519
854523
854525
854526
854607
854767
854969
855149
855302
855409
855412
855433
855444
855466
855814
855962
855983
856051
856081
856088
856276
856474
856476
856613
856793
856990
857004
857006
857207
857246
857250
857266
857403
857422
857715
857721
857726
857954
858043
858064
858073
858096
858135
858287
858478
858482
858514
858522
858655
858666
859417
859479
859659
859687
859862
859901
859932
859935
860002
860458
860488
860607
860658
861035
861053
861095
861335
861341
861452
861561
861668
861717
861749
861783
861818
861883
861886
861925
861977
862031
862169
862453
862495
862739
862743
862817
863049
863177
863423
863543
863546
863563
863592
863676
863762
863837
863839
863851
863869
863874
863924
864113
864151
864201
864365
864367
864370
864403
864407
864531
864583
864685
864947
865253
865356
865443
865502
865540
865549
865615
865628
865630
865636
865644
865665
865703
865713
866337
866343
866596
866608
866672
866699
866703
866704
866705
866728
868537
868659
868723
868736
869051
869066
869089
869128
869378
869399
869523
869526
869629
869663
869666
869717
869720
869909
869915
869965
870046
870096
870186
870189
870448
870493
870664
870766
870914
870929
870994
871132
871156
871173
871602
871690
871766
871832
871874
871895
871964
871993
872185
872378
872466
872470
872524
872715
872749
872751
872755
872800
872848
872872
872980
873045
873128
873431
873620
873749
873969
874051
874167
874305
874537
874565
874671
874767
874806
874807
874808
874809
874837
874924
874995
875122
875425
875522
875582
875632
875799
875993
876045
876120
876132
876158
876174
876201
876207
876235
876239
876355
876411
876481
876573
876619
876656
876728
876796
876874
876920
877255
877260
877267
877324
877495
877600
877621
877626
877813
877832
877933
878032
878127
878312
878321
878342
878759
878836
879079
879303
879442
879585
879803
879909
879953
879986
880001
880030
880032
880222
880247
880255
880258
880260
880267
880272
880305
880322
880323
880326
880327
880347
880561
880615
880665
880780
880786
880828
880891
881099
881194
881260
881262
881302
881304
881494
881573
881597
881654
881768
881815
881863
881906
882071
882108
882135
882145
882149
882185
882225
882405
882413
882423
882429
882526
882535
882574
882791
882965
883057
883076
883083
883110
883234
883349
883406
883685
883719
884013
884231
884362
884396
884490
884714
884751
884825
884932
885003
885025
885153
885177
885278
885443
885615
885754
885831
886053
886122
886136
886218
886440
886474
886489
886498
886511
886844
886871
887022
887093
887309
887379
887450
887566
887627
887636
887655
887751
887790
887876
888001
888027
888315
888392
888414
888561
888841
888851
889095
889278
889408
889445
889467
889476
889569
889580
889616
889638
889730
889757
889791
889848
889850
889874
889888
889995
890216
890298
890303
890325
890505
890513
890574
890615
890741
890967
890991
891277
891332
891484
891487
891761
891811
891961
891985
892069
892121
892132
892150
892285
892430
892469
892620
892663
892667
892671
892682
892692
892729
892731
892743
892758
892767
892866
892905
893028
893320
893335
893347
893370
893377
893387
893422
893439
893457
893472
893516
893770
893866
893910
893955
894011
894206
894469
894525
894631
894703
894733
894742
894754
894774
894807
894821
894989
895001
895039
895062
895066
895181
895218
895279
895474
895500
895591
895704
895735
895744
895825
895860
895911
895990
896250
896320
896329
896386
896387
896388
896893
896933
896952
896957
896959
897077
897322
897361
897496
897605
897675
897791
898425
898464
898581
898627
899057
899123
899436
899712
899870
899932
899960
900033
900052
900054
900057
900241
900272
900274
900281
900287
900289
900296
900308
900382
900384
900537
900553
900747
900803
900821
900831
900837
901149
901383
901417
901481
901518
901525
901526
901553
901561
902173
902987
903021
903099
903388
903536
903537
903539
903692
903712
903730
903808
903967
904008
904009
904011
904013
904024
904140
904172
904267
904318
904319
904324
904356
904678
904687
904759
904826
905004
905020
906250
908316
910494
910540
910731
910802
910838
910853
911056
911078
911145
911192
911229
911237
911317
911354
911357
911361
911694
911700
911708
911711
911719
911723
911731
911738
911748
911897
911912
911972
911977
912002
912022
912032
912049
912109
912149
912160
912165
912293
912307
912367
912373
912375
912413
912417
912511
912644
912645
912650
912735
912791
912872
912953
913020
913021
913024
913027
913031
913033
913038
913154
913343
913520
913533
913761
913772
913933
914036
914088
914107
914162
914308
914414
914634
914752
914783
914979
914982
914986
915021
915229
915297
915601
915730
915864
915925
916084
916142
916165
916283
916351
916677
917281
917347
917597
917717
917723
917742
917791
918035
918045
918054
918387
918457
918489
918820
918839
919335
919340
919486
919624
919670
919683
919777
919969
920048
920127
920229
920342
920390
920843
920850
920967
920968
920970
920972
921022
921033
921181
921272
921380
921442
921443
921451
921460
921467
921469
921504
921505
921507
921509
921511
921630
921811
921884
921935
921967
922052
922324
922404
922472
922636
922676
922872
922936
922987
923040
923300
923612
923635
923698
923709
923821
924188
924423
924642
924762
924806
924961
924975
924985
925119
925163
925219
925420
925443
925548
925786
925802
925836
925931
925946
926188
926200
926318
926355
926370
926420
926429
926494
926505
926603
926899
926980
926981
927054
927066
927207
927409
927412
927526
927742
927752
927759
927795
927848
927866
927938
927969
928162
928274
928278
928313
928317
928346
928351
928503
928521
928529
928647
928782
928811
928943
929226
929363
929387
929799
929847
930034
930089
930187
930248
930292
930384
930569
930573
930603
930705
930792
930814
930888
930991
931042
931220
931329
931341
931367
931463
931553
931652
931834
931894
931896
931909
931944
931954
931985
932049
932147
932224
932236
932352
932428
933103
933246
933290
933340
933375
933415
933464
933940
934453
934659
934698
934709
934734
934753
934812
934822
934825
935039
935076
935118
935310
935350
935353
935399
935413
935435
935468
935526
935966
935983
936092
936165
936167
936170
936214
936380
936399
936437
936665
936671
936694
936714
936719
936721
936740
936784
937447
937451
937453
937486
937617
937710
937743
937763
937986
938038
938065
938074
938133
938291
938300
938455
938477
938600
938945
938946
939253
939555
939566
939655
939813
939819
939823
939839
939849
939879
940128
940233
940243
940417
940617
940620
940721
940972
941011
941023
941086
941099
941189
941343
941427
941523
941558
941676
942012
942110
942165
942367
942376
942389
942431
942596
942598
942820
942951
943003
943034
943064
943120
943221
943236
943249
943252
943287
943318
943348
943580
943662
943677
943719
943819
943836
943930
943938
943943
943946
943947
944129
944167
944184
944270
944280
944383
944656
945039
945043
945045
945329
945345
945423
945464
945699
945986
946070
946087
946108
946548
946549
946563
946665
946932
947017
947043
947061
947075
947077
947083
947233
947283
947311
947346
947350
947514
947522
947775
947890
947958
948005
948013
948082
948092
948132
948137
948343
948355
948374
948418
948453
948934
949136
949138
949141
949384
949701
949734
949830
949850
949909
950030
950100
950258
950282
950287
950307
950436
950735
950765
950802
950823
950926
950950
951305
951548
951606
951714
952024
952089
952127
952168
952174
952177
952184
952187
952190
952195
952207
952216
952258
952277
952286
952296
952304
952365
952738
952739
952948
953048
953160
953255
953662
953675
953714
953990
954019
954241
954248
954304
954406
954551
954600
954615
954658
954745
954758
954787
954840
954841
954848
954911
955066
955197
955204
955242
955259
955293
955448
955466
955531
955532
955539
955569
955672
955674
955879
956103
956111
956121
956824
956925
956953
957108
957154
957174
957418
957575
957681
957857
958001
958420
958558
958590
958721
958767
958890
958900
958918
959307
959439
959496
959558
959595
959674
959690
959705
959907
959947
959959
959993
960208
960406
960498
960522
960525
960541
960562
960629
960635
960678
960686
960702
960737
960766
960875
960932
960941
960942
960986
961020
961081
961147
961199
961211
961295
961359
961547
961549
961554
961560
961566
961601
961614
961652
961674
961765
961771
961926
961999
962166
962167
962283
962345
962428
962483
962522
962582
962755
962800
962819
962851
962881
962905
962917
963087
963228
963362
963818
963823
963824
963852
963862
964076
964250
964299
964370
964425
964592
964622
964735
964825
964849
965164
965426
965440
965618
965620
965625
965847
965888
965890
965914
966031
966046
966142
966171
966336
966450
966461
966572
966695
966708
966711
966864
967020
967432
967530
967560
967588
967633
967672
967675
967799
967810
967814
967816
967823
967892
967905
967955
967980
967998
968122
968202
968240
968288
968409
968411
968416
968486
968625
968653
968785
968949
968979
969081
969412
969484
969694
969938
970011
970056
970155
970177
970221
970493
970570
970573
971237
971252
971609
972048
972152
972156
972431
972432
972440
972672
973031
973120
973539
973792
974032
974161
974169
974189
974306
974545
974558
974572
974612
974626
974683
974728
974804
974827
974927
974953
975180
975255
975636
975759
975928
976027
976121
976455
976477
976553
976728
976767
976785
976830
976988
977004
977034
977155
977156
977177
977209
977246
977274
977295
977319
977500
977518
977542
977754
977758
977864
977886
977888
977923
978070
978574
978599
978709
978766
978792
978913
978941
978958
979014
979183
979250
979257
979279
979412
979541
979702
979853
979980
980485
980599
980677
980702
980711
980792
980854
980901
980962
981361
981519
981630
981827
981872
982092
982112
982425
982434
982462
982494
982509
982563
982573
982597
982622
982678
982697
982723
982725
982755
982778
982876
982960
983025
983034
983072
983255
983341
983471
983507
983526
983706
983775
983883
984114
984359
984422
984466
984662
984761
984826
984982
985048
985402
985502
985561
985565
985731
985735
985736
985739
985741
985743
985763
985794
985799
985809
985922
985927
986081
986131
986141
986206
986263
986296
986297
986377
986389
986398
986427
986501
986541
986615
986820
986830
986915
987035
987042
987072
987094
987096
987129
987131
987153
987180
987203
987324
987414
987500
987508
987538
987540
987546
987577
987578
987580
987721
987742
987798
987901
987975
988054
988057
988184
988194
988208
988246
988253
988402
988409
988525
988619
988624
988628
988703
988721
988769
988785
988803
988807
988813
988873
988885
988900
988922
988984
988992
988995
989002
989099
989227
989248
989253
989259
989319
989385
989412
989417
989420
989432
989438
989456
989465
989467
989471
989483
989492
989499
989501
989503
989506
989513
989526
989527
989530
989535
989539
989548
989554
989558
989562
989567
989573
989587
989590
989626
989632
989658
989663
989726
989801
989870
989875
989882
989932
989938
990192
990263
990418
990420
990471
990493
990663
990695
990786
990829
990973
991182
991215
991514
991516
991517
991533
991538
991544
991562
991566
991569
991571
991572
991576
991580
991581
991582
991585
991589
991708
991814
991953
992096
992165
992226
992287
992403
992574
992694
992735
992761
992856
992877
992973
993119
993292
993293
993527
993566
993630
994016
994128
994163
994279
994281
994434
994439
994532
994555
994594
994633
994643
994647
994773
994785
994786
994872
994979
995010
995045
995129
995144
995226
995271
995282
995365
995449
995560
995600
995713
995737
995772
995842
995857
995874
995919
995959
996067
996160
996184
996327
996344
996409
996418
996421
996425
996827
996867
996888
996922
996938
997476
997546
997660
997708
997727
997741
997816
997872
997928
998054
998102
998116
998124
998275
998305
998330
998445
998482
998546
998554
998558
998612
998630
998666
998799
999040
999087
999096
999114
999278
999287
999382
999614
999669
999722
999747
999827
999855
999929
999943
1000117
1000292
1000322
1000348
1000562
1000589
1000624
1000724
1001011
1001099
1001104
1001116
1001126
1001130
1001132
1001142
1001275
1001288
1001297
1001311
1001348
1001381
1001384
1001654
1001699
1001995
1002007
1002146
1002482
1002500
1002748
1002795
1003222
1003243
1003465
1003471
1003710
1003870
1003992
1004171
1004297
1004580
1004617
1005007
1005014
1005156
1005185
1005501
1005616
1005789
1005804
1005828
1005854
1005984
1006238
1006415
1006514
1006571
1006679
1006724
1006760
1006839
1006930
1006944
1006979
1006993
1007054
1007395
1007462
1007610
1007647
1008005
1008130
1008161
1008225
1008285
1008317
1008466
1008564
1008637
1008661
1008734
1008745
1008926
1009151
1009396
1009470
1009583
1009762
1009794
1009802
1010063
1010080
1010093
1010182
1010301
1010344
1010397
1010485
1010495
1010826
1011009
1011034
1011049
1011064
1011541
1011863
1011865
1011873
1011878
1011903
1011984
1012007
1012014
1012017
1012198
1012238
1012361
1012362
1012410
1012520
1012610
1012786
1012824
1012826
1012840
1012847
1012853
1012859
1012914
1012953
1013117
1013132
1013356
1013665
1013720
1013764
1013774
1013854
1013928
1013993
1014226
1014234
1014236
1014237
1014242
1014333
1014430
1014436
1014437
1014438
1014460
1014511
1014601
1014649
1014738
1014806
1014840
1015079
1015126
1015327
1015370
1015493
1015505
1015706
1015715
1015721
1015824
1015845
1015887
1016129
1016322
1016341
1016404
1016406
1016430
1016500
1016564
1016600
1016642
1016647
1016818
1016881
1016915
1017089
1017114
1017246
1017338
1017388
1017396
1017441
1017539
1017612
1017621
1017634
1017667
1017673
1017732
1017794
1017814
1017820
1017823
1017829
1017856
1017858
1017889
1018020
1018023
1018031
1018032
1018063
1018391
1018510
1018539
1018634
1018650
1018990
1019104
1019105
1019170
1019210
1019247
1019335
1019517
1019556
1019592
1019620
1019826
1019868
1019912
1019917
1019943
1019963
1019984
1020038
1020190
1020402
1020540
1020590
1020668
1020730
1020822
1020830
1020862
1020870
1020896
1020917
1020999
1021109
1021122
1021184
1021541
1021591
1021689
1021742
1021798
1021839
1021868
1021884
1021937
1021950
1021975
1021978
1021989
1021991
1022010
1022013
1022014
1022015
1022021
1022022
1022063
1022072
1022082
1022197
1022329
1022453
1022565
1022613
1022668
1022778
1022819
1022833
1022887
1022903
1023008
1023156
1023184
1023194
1023224
1023246
1023253
1023262
1023313
1023371
1023394
1023467
1023568
1023600
1023656
1023660
1023673
1023716
1023717
1023724
1023727
1023735
1023748
1023776
1023783
1023786
1023788
1023794
1023920
1023947
1024073
1024207
1024379
1024411
1024575
1024626
1024642
1024794
1024798
1024808
1024823
1024983
1025032
1025074
1025137
1025146
1025175
1025190
1025437
1025487
1025573
1025796
1025800
1025853
1025894
1025944
1026317
1026480
1026492
1026563
1026589
1026726
1026739
1026743
1026836
1026945
1027257
1027296
1027303
1027306
1027409
1027410
1027448
1027464
1027522
1027528
1027535
1027596
1027623
1027631
1027665
1027800
1027819
1027969
1028098
1028140
1028212
1028243
1028339
1028609
1028710
1028715
1028836
1028871
1028882
1028909
1028998
1029031
1029202
1029209
1029239
1029452
1029480
1029519
1029556
1029815
1029872
1029880
1030047
1030109
1030249
1030276
1030294
1030308
1030320
1030339
1030512
1030568
1030658
1030663
1030699
1030702
1030705
1030916
1030931
1030962
1031001
1031035
1031077
1031087
1031127
1031216
1031288
1031388
1031422
1031516
1031524
1031552
1031707
1031801
1031828
1031898
1032108
1032128
1032169
1032171
1032185
1032212
1032321
1032339
1032371
1032403
1032609
1032641
1032890
1032950
1032995
1033095
1033105
1033118
1033125
1033151
1033175
1033181
1033185
1033345
1033356
1033489
1033544
1033667
1033710
1033790
1033833
1033871
1033918
1034061
1034114
1034172
1034229
1034332
1034590
1034751
1034769
1034863
1034902
1034995
1035264
1035360
1035366
1035420
1035841
1035936
1036030
1036186
1036436
1036595
1036620
1036642
1036680
1036786
1036791
1036884
1036969
1036985
1037006
1037010
1037145
1037346
1037359
1037440
1037639
1037704
1037705
1037725
1037809
1037844
1038141
1038174
1038190
1038273
1038401
1038416
1038489
1038604
1038799
1038909
1038995
1038996
1039162
1039200
1039280
1039395
1039448
1039767
1039801
1040025
1040049
1040067
1040079
1040085
1040110
1040127
1040137
1040191
1040422
1040593
1040605
1040625
1040742
1040926
1040967
1041149
1041244
1041320
1041478
1041494
1041554
1041605
1041633
1041681
1041752
1041835
1041899
1041952
1041957
1042010
1042043
1042065
1042134
1042201
1042202
1042395
1042471
1042498
1042565
1042827
1042888
1042952
1042960
1042967
1043199
1043227
1043247
1043251
1043303
1043443
1043607
1043656
1043814
1043824
1043868
1043871
1043945
1044042
1044047
1044060
1044095
1044115
1044117
1044359
1044396
1044417
1044537
1044543
1044546
1044667
1044673
1044684
1044686
1044688
1044697
1044698
1044699
1044700
1044956
1045061
1045200
1045249
1045330
1045343
1045345
1045511
1045537
1045819
1045967
1046000
1046177
1046207
1046210
1046374
1046572
1046614
1046784
1046893
1046905
1047060
1047100
1047223
1047423
1047445
1047641
1047820
1047902
1048034
1048094
1048199
1048216
1048222
1048223
1048224
1048235
1048239
1048259
1048261
1048268
1048318
1048319
1048322
1048324
1048331
1048494
1048512
1048517
1048568
1048782
1048813
1048941
1049078
1049134
1049234
1049244
1049303
1049324
1049340
1049347
1049351
1049358
1049366
1049369
1049375
1049380
1049387
1049388
1049404
1049411
1049415
1049419
1049422
1049423
1049426
1049431
1049438
1049451
1049551
1049560
1049569
1049580
1049584
1049586
1049588
1049608
1049791
1049830
1049864
1049935
1049936
1049940
1049946
1049949
1049954
1049958
1049962
1049965
1049971
1049981
1049987
1049995
1049997
1049999
1050001
1050004
1050005
1050006
1050008
1050010
1050015
1050017
1050018
1050019
1050020
1050021
1050023
1050025
1050103
1050118
1050120
1050124
1050125
1050130
1050131
1050135
1050137
1050139
1050149
1050181
1050213
1050242
1050309
1050315
1050361
1050482
1050485
1050487
1050489
1050490
1050491
1050519
1050525
1050527
1050529
1050562
1050567
1050573
1050576
1050578
1050580
1050588
1050589
1050590
1050625
1050863
1050953
1051007
1051049
1051196
1051237
1051246
1051383
1051385
1051394
1051402
1051629
1051652
1051716
1051809
1051846
1051878
1051951
1051955
1051957
1051978
1052029
1052210
1052211
1052221
1052230
1052255
1052265
1052271
1052295
1052321
1052336
1052411
1052431
1052559
1052588
1052606
1052614
1052619
1052621
1052624
1052626
1052628
1052629
1052671
1052809
1052820
1052843
1052865
1052886
1052940
1053050
1053105
1053129
1053140
1053233
1053238
1053270
1053276
1053297
1053327
1053406
1053422
1053435
1053447
1053469
1053516
1053541
1053561
1053563
1053609
1053670
1053712
1053808
1053847
1053859
1053900
1053911
1053916
1053942
1053952
1053968
1053993
1053997
1054018
1054022
1054034
1054180
1054285
1054462
1054508
1054561
1054626
1054630
1054770
1054903
1054964
1054977
1055167
1055199
1055207
1055496
1055544
1055733
1055744
1055749
1055750
1055754
1055786
1056079
1056112
1056149
1056166
1056186
1056335
1056380
1056428
1056510
1056514
1056517
1056522
1056524
1056528
1056531
1056533
1056546
1056603
1056607
1056608
1056745
1056900
1056955
1056968
1057004
1057071
1057117
1057149
1057228
1057318
1057333
1057362
1057443
1057483
1057538
1057544
1057575
1057577
1057769
1057818
1057919
1057932
1057938
1057963
1058063
1058078
1058435
1058444
1058482
1058596
1058649
1058662
1058777
1058833
1058925
1059008
1059012
1059051
1059357
1059487
1059528
1059651
1059935
1059980
1060041
1060043
1060195
1060208
1060234
1060314
1060421
1060630
1060643
1060709
1060743
1060999
1061032
1061189
1061227
1061242
1061292
1061456
1061624
1061661
1061771
1061927
1061930
1062010
1062040
1062110
1062160
1062282
1062315
1062401
1062522
1062564
1062566
1062579
1062583
1062668
1062686
1062694
1062714
1062715
1062717
1062960
1062985
1063104
1063110
1063334
1063430
1063436
1063439
1063470
1063498
1063505
1063528
1063562
1063631
1063744
1063843
1063845
1063847
1063850
1063851
1063853
1063857
1063863
1063879
1063884
1063890
1063895
1063898
1063903
1063905
1063906
1063907
1063909
1063910
1063948
1063981
1064294
1064296
1064312
1064332
1064405
1064435
1064598
1064620
1064695
1064931
1065054
1065144
1065167
1065277
1065299
1065320
1065351
1065374
1065683
1065722
1065897
1065952
1066022
1066060
1066078
1066218
1066220
1066313
1066432
1066902
1066979
1067058
1067063
1067094
1067138
1067151
1067167
1067399
1067469
1067549
1067582
1067693
1067700
1067704
1067833
1067931
1067955
1067959
1067963
1067976
1067993
1068010
1068368
1068425
1068449
1068552
1068619
1068907
1068944
1069020
1069110
1069169
1069335
1069355
1069578
1069706
1069778
1069954
1070038
1070155
1070169
1070235
1070373
1070442
1070514
1070535
1070673
1070923
1070941
1070963
1071133
1071262
1071555
1072006
1072032
1072071
1072167
1072230
1072267
1072286
1072304
1072306
1072341
1072404
1072492
1072493
1072515
1072709
1072776
1073070
1073111
1073222
1073252
1073335
1073342
1073345
1073405
1073413
1073449
1073792
1073802
1073841
1073917
1073961
1073975
1074006
1074037
1074082
1074087
1074139
1074141
1074147
1074216
1074299
1074445
1074648
1074776
1074867
1074900
1075004
1075038
1075187
1075210
1075270
1075273
1075296
1075299
1075302
1075475
1075492
1075632
1075682
1075685
1075795
1075915
1075940
1076061
1076142
1076153
1076330
1076395
1076525
1076731
1076768
1076942
1076959
1077141
1077255
1077281
1077283
1077313
1077340
1077367
1077535
1077583
1077619
1077627
1077693
1077698
1077708
1077751
1077817
1077833
1077891
1077984
1078037
1078060
1078179
1078261
1078366
1078367
1078523
1078529
1078580
1078698
1078709
1078712
1078743
1078768
1078770
1078780
1078820
1078869
1078928
1079114
1079115
1079122
1079126
1079130
1079160
1079354
1079481
1079634
1079686
1079688
1079827
1080133
1080172
1080240
1080512
1080585
1080597
1080646
1080656
1080732
1080738
1080800
1080879
1081157
1081158
1081504
1081557
1081713
1081736
1081740
1081790
1081854
1082058
1082063
1082072
1082110
1082344
1082350
1082368
1082375
1082384
1082471
1082477
1082597
1082608
1082614
1082622
1082630
1082636
1082706
1082757
1082779
1082789
1082845
1082921
1082958
1082993
1083028
1083070
1083072
1083246
1083431
1083533
1083611
1083665
1083763
1083771
1083773
1083776
1083862
1083929
1083957
1083976
1084015
1084031
1084044
1084062
1084107
1084333
1084376
1084414
1084428
1084437
1084456
1084477
1084614
1084647
1084652
1084659
1084661
1084744
1084862
1084863
1084872
1084874
1084875
1084913
1084949
1085006
1085011
1085017
1085022
1085045
1085079
1085089
1085090
1085093
1085094
1085098
1085099
1085102
1085111
1085112
1085123
1085159
1085210
1085222
1085223
1085229
1085233
1085255
1085322
1085403
1085547
1085556
1085581
1085583
1085592
1085694
1085828
1086046
1086214
1086250
1086401
1086402
1086440
1086442
1086543
1086576
1086712
1086851
1086877
1086984
1087255
1087390
1087637
1087726
1087728
1087792
1087877
1087915
1088001
1088007
1088089
1088275
1088419
1088486
1088535
1088606
1088763
1088813
1088892
1089110
1089117
1089179
1089192
1089226
1089251
1089376
1089395
1089459
1089467
1089651
1089655
1089789
1089790
1089832
1089838
1089861
1090218
1090423
1090427
1090466
1090505
1090518
1090528
1090538
1090546
1090568
1090586
1090854
1090981
1091172
1091194
1091238
1091297
1091314
1091669
1091671
1091837
1091940
1091944
1092031
1092032
1092041
1092051
1092077
1092087
1092214
1092227
1092348
1092432
1092454
1092475
1092654
1092882
1092936
1093151
1093220
1093223
1093228
1093479
1093501
1093550
1093565
1093570
1093585
1093733
1093779
1093787
1093795
1093865
1093939
1093976
1093984
1094007
1094013
1094054
1094087
1094091
1094093
1094095
1094097
1094099
1094101
1094157
1094378
1094746
1094837
1094996
1095091
1095138
1095243
1095272
1095565
1095616
1095638
1095808
1095898
1095976
1096067
1096226
1096444
1096496
1096516
1096592
1096622
1096637
1096775
1096791
1096898
1096963
1096993
1097135
1097405
1097512
1097524
1097604
1097607
1097610
1097612
1097615
1097742
1097781
1097925
1098017
1098175
1098252
1098318
1098346
1098379
1098777
1098812
1098912
1098915
1099101
1099116
1099129
1099646
1099653
1099663
1099670
1100069
1100170
1100172
1100174
1100177
1100179
1100180
1100181
1100203
1100235
1100248
1100256
1100337
1100340
1100344
1100351
1100352
1100438
1100443
1100444
1100451
1100452
1100453
1100455
1100456
1100457
1100461
1100462
1100464
1100466
1100469
1100470
1100471
1100472
1100473
1100531
1100540
1100547
1100607
1100658
1100705
1100782
1100784
1100787
1100791
1100846
1100856
1100982
1101025
1101051
1101091
1101133
1101273
1101418
1101422
1101424
1101432
1101433
1101453
1101454
1101458
1101466
1101470
1101495
1101501
1101503
1101516
1101521
1101526
1101530
1101534
1101537
1101550
1101552
1101559
1101563
1101683
1101703
1101758
1101956
1102006
1102067
1102104
1102247
1102408
1102448
1102510
1102596
1102857
1102940
1103016
1103140
1103176
1103185
1103298
1103364
1103509
1103674
1103696
1103708
1103729
1103756
1103792
1103830
1103985
1104027
1104131
1104139
1104191
1104206
1104315
1104390
1104623
1105283
1105435
1105705
1105736
1105742
1105748
1105848
1105888
1105890
1105902
1106099
1106239
1106437
1106491
1106669
1106747
1106755
1106757
1106995
1107026
1107119
1107151
1107395
1107431
1107492
1107594
1107693
1107742
1107795
1107893
1107947
1108204
1108300
1108495
1108533
1108590
1108784
1108895
1109009
1109114
1109229
1109303
1109615
1109763
1109777
1109786
1109789
1109810
1109815
1109817
1109822
1110034
1110095
1110207
1110362
1110429
1110504
1110516
1110584
1110648
1110721
1110746
1110939
1110948
1110962
1110964
1110968
1110971
1111043
1111092
1111151
1111152
1111153
1111154
1111155
1111156
1111202
1111207
1111238
1111255
1111340
1111371
1111469
1111526
1111571
1111627
1111707
1111786
1111816
1111817
1111819
1111867
1111926
1111985
1112088
1112115
1112209
1112424
1112426
1112443
1112463
1112466
1112468
1112567
1112573
1112592
1112596
1112723
1112733
1112810
1112863
1112875
1112880
1113041
1113085
1113119
1113126
1113140
1113142
1113423
1113494
1113511
1113521
1113574
1113595
1113778
1113894
1113900
1113932
1114102
1114115
1114117
1114199
1114201
1114205
1114227
1114330
1114333
1114335
1114338
1114340
1114344
1114348
1114351
1114355
1114370
1114375
1114382
1114387
1114391
1114395
1114398
1114414
1114417
1114420
1114424
1114425
1114427
1114440
1114442
1114446
1114447
1114450
1114455
1114460
1114469
1114477
1114479
1114481
1114482
1114488
1114489
1114490
1114496
1114497
1114678
1114699
1114750
1114879
1114885
1114905
1115003
1115062
1115207
1115377
1115399
1115548
1115668
1115700
1115709
1115712
1115728
1116016
1116067
1116449
1116553
1116877
1117005
1117099
1117122
1117127
1117133
1117174
1117191
1117193
1117220
1117226
1117229
1117276
1117442
1117514
1117702
1117704
1117705
1117769
1118031
1118065
1118134
1118367
1118795
1118824
1118835
1118956
1119018
1119090
1119093
1119244
1119269
1119288
1119301
1119321
1119341
1119460
1119713
1119719
1119842
1119873
1120011
1120019
1120062
1120108
1120144
1120268
1120277
1120316
1120421
1120463
1120467
1120471
1120554
1120622
1120774
1120944
1120950
1120965
1121020
1121051
1121059
1121227
1121284
1121317
1121319
1121320
1121432
1121705
1121776
1121807
1121877
1122009
1122088
1122097
1122140
1122315
1122318
1122320
1122323
1122329
1122331
1122332
1122334
1122336
1122337
1122338
1122341
1122342
1122411
1122421
1122485
1122495
1122515
1122583
1122585
1122658
1122732
1122803
1122806
1122942
1123006
1123205
1123373
1123604
1123677
1123778
1123864
1123926
1123930
1123933
1123947
1123952
1123955
1123956
1123961
1123964
1123966
1123969
1123971
1123974
1123975
1123978
1123981
1124101
1124106
1124109
1124111
1124113
1124116
1124119
1124122
1124126
1124130
1124133
1124135
1124158
1124166
1124204
1124621
1124651
1124653
1124655
1124658
1124659
1124661
1124664
1124666
1124668
1124672
1124676
1124698
1124703
1124707
1124711
1124713
1124714
1124718
1124720
1124721
1124724
1124726
1124729
1124736
1124739
1124765
1124830
1124834
1124836
1124926
1124995
1125009
1125010
1125056
1125258
1125260
1125261
1125262
1125264
1125266
1125267
1125268
1125269
1125273
1125275
1125276
1125277
1125278
1125280
1125282
1125284
1125285
1125286
1125287
1125288
1125455
1125510
1125568
1125585
1125590
1125595
1125608
1125649
1125668
1126157
1126198
1126310
1126467
1126470
1126533
1126599
1126785
1126793
1126809
1126839
1126945
1127044
1127083
1127087
1127091
1127143
1127191
1127287
1127306
1127546
1127560
1127562
1127569
1127582
1127585
1127586
1127587
1127588
1127590
1127594
1127595
1127602
1127732
1127781
1127809
1127969
1128077
1128123
1128252
1128349
1128501
1128553
1128785
1128786
1128791
1128801
1128836
1128847
1128861
1129016
1129035
1129040
1129106
1129230
1129316
1129346
1129396
1129494
1129602
1129606
1129694
1129757
1129811
1129932
1129984
1130035
1130054
1130187
1130208
1130312
1130408
1130421
1130482
1130558
1130662
1130679
1130781
1130899
1130910
1130957
1130995
1131080
1131107
1131240
1131402
1131720
1131794
1131798
1131800
1131802
1131806
1131809
1131821
1131883
1131986
1132062
1132074
1132192
1132281
1132506
1132554
1132555
1132575
1132583
1132591
1132637
1132643
1132647
1132651
1132658
1132663
1132679
1132692
1132701
1132705
1132715
1132719
1132731
1132743
1132812
1132820
1132829
1132831
1132833
1132836
1132838
1132840
1132844
1132900
1132906
1132923
1132926
1132927
1132936
1132996
1133022
1133067
1133140
1133314
1133354
1133360
1133368
1133388
1133396
1133404
1133416
1133422
1133496
1133577
1133652
1133778
1133835
1133838
1133868
1133952
1133974
1133978
1133983
1134071
1134126
1134205
1134208
1134209
1134213
1134215
1134218
1134221
1134224
1134229
1134230
1134232
1134235
1134244
1134278
1134357
1134398
1134433
1134438
1134450
1134583
1134585
1134591
1134603
1134605
1134608
1134609
1134611
1134614
1134621
1134625
1134631
1134647
1134650
1134651
1134677
1134682
1134697
1134702
1134705
1134707
1134709
1134716
1134721
1134732
1134738
1134739
1134741
1134747
1134748
1134750
1134756
1134757
1134759
1134782
1134969
1135003
1135023
1135028
1135029
1135030
1135032
1135064
1135065
1135067
1135069
1135070
1135072
1135073
1135075
1135076
1135080
1135088
1135122
1135141
1135161
1135243
1135247
1135333
1135365
1135404
1135408
1135482
1135527
1135528
1135530
1135653
1135903
1135905
1135909
1135920
1135925
1135930
1135932
1135933
1135935
1135937
1135939
1135940
1135941
1135943
1135946
1136062
1136063
1136064
1136066
1136068
1136069
1136071
1136073
1136074
1136076
1136078
1136081
1136085
1136087
1136088
1136090
1136092
1136096
1136098
1136175
1136276
1136324
1136334
1136339
1136341
1136342
1136343
1136344
1136387
1136403
1136405
1136407
1136411
1136414
1136416
1136424
1136426
1136428
1136429
1136431
1136435
1136437
1136482
1136508
1136518
1136558
1136575
1136848
1136911
1136914
1136918
1136921
1136978
1137036
1137063
1137107
1137142
1137243
1137251
1137269
1137271
1137284
1137391
1137544
1137638
1137640
1137645
1137653
1137654
1137716
1137723
1137820
1137863
1138000
1138097
1138227
1138474
1138513
1138518
1138583
1138586
1138708
1138715
1138774
1138818
1138888
1138891
1138912
1138969
1138974
1138978
1138980
1138983
1138985
1138992
1138994
1139095
1139116
1139261
1139264
1139611
1139702
1139732
1139888
1139977
1140058
1140059
1140060
1140061
1140063
1140064
1140068
1140070
1140071
1140073
1140075
1140076
1140077
1140080
1140105
1140108
1140110
1140112
1140114
1140117
1140118
1140121
1140123
1140127
1140129
1140131
1140132
1140133
1140136
1140191
1140346
1140408
1140480
1140491
1140550
1140766
1140826
1140848
1140884
1140885
1140905
1140956
1141057
1141132
1141135
1141183
1141497
1141500
1141564
1141595
1141642
1141675
1141721
1141773
1141803
1141826
1141863
1141891
1141907
1142026
1142032
1142079
1142107
1142188
1142189
1142193
1142201
1142204
1142275
1142341
1142352
1142355
1142426
1142433
1142435
1142594
1142617
1142619
1142622
1142625
1142627
1142632
1142633
1142637
1142638
1142643
1142927
1142930
1142932
1142935
1142936
1142942
1142955
1142965
1143007
1143063
1143064
1143066
1143077
1143080
1143082
1143086
1143211
1143237
1143342
1143389
1143401
1143421
1143431
1143479
1143496
1143547
1143761
1143839
1143879
1143880
1143883
1143884
1143886
1143888
1143889
1143906
1143907
1143909
1143912
1143913
1143915
1143918
1143919
1143921
1143923
1143925
1143926
1143927
1143929
1143959
1144014
1144140
1144211
1144217
1144361
1144398
1144447
1144719
1144723
1144725
1144729
1144734
1144745
1144750
1144861
1145219
1145229
1145233
1145235
1145238
1145248
1145250
1145256
1145258
1145261
1145263
1145268
1145271
1145272
1145275
1145277
1145291
1145545
1145696
1145816
1145817
1145821
1145851
1145973
1146019
1146045
1146059
1146123
1146194
1146195
1146200
1146201
1146202
1146203
1146204
1146208
1146209
1146211
1146212
1146213
1146215
1146234
1146244
1146281
1146343
1146534
1146536
1146542
1146575
1146579
1146674
1146687
1146740
1146754
1146755
1146757
1146832
1146836
1146838
1146839
1146913
1147023
1147045
1147057
1147096
1147140
1147210
1147363
1147516
1147629
1147634
1147640
1147641
1147660
1147676
1147689
1147691
1147812
1147853
1147855
1147879
1147882
1147993
1148046
1148255
1148353
1148358
1148502
1148515
1148524
1148547
1148566
1148664
1148775
1148782
1148817
1148825
1148924
1148960
1148988
1149010
1149014
1149152
1149159
1149331
1149367
1149442
1149514
1149552
1149571
1149785
1150183
1150222
1150228
1150280
1150377
1150394
1150439
1150441
1150444
1150445
1150447
1150483
1150489
1150495
1150508
1150580
1150649
1150653
1150696
1150761
1150828
1150914
1151015
1151110
1151122
1151131
1151141
1151144
1151163
1151167
1151444
1151479
1151488
1151493
1151494
1151497
1151507
1151565
1151593
1151601
1151740
1151790
1151827
1151828
1151831
1151832
1151835
1151836
1151838
1151839
1151840
1151841
1151845
1151847
1151856
1151857
1151859
1151872
1151876
1151878
1151879
1151880
1151881
1151882
1151883
1151884
1151885
1151887
1151888
1151889
1151890
1151891
1151892
1151893
1151895
1151896
1151899
1151900
1151901
1151903
1151905
1151907
1151910
1151912
1151913
1151915
1151916
1151917
1151920
1151921
1151923
1151925
1151926
1151928
1151930
1151931
1151933
1151935
1151937
1151939
1151940
1151942
1151944
1151945
1151946
1151948
1151950
1151952
1151954
1151957
1151958
1151959
1151960
1151962
1151963
1151964
1151966
1151967
1151968
1151969
1151973
1151976
1151978
1151985
1151986
1151987
1151988
1151990
1152004
1152036
1152048
1152057
1152060
1152075
1152079
1152231
1152247
1152284
1152368
1152393
1152454
1152459
1152462
1152599
1152664
1152727
1152758
1152842
1152889
1152932
1152933
1152982
1153008
1153132
1153135
1153139
1153142
1153197
1153403
1153536
1153538
1153720
1153868
1153886
1154001
1154124
1154146
1154245
1154485
1154536
1154605
1154608
1154615
1154625
1154682
1154864
1155122
1155134
1155148
1155164
1155182
1155241
1155285
1155301
1155458
1155558
1155616
1155625
1155640
1155704
1155945
1156024
1156047
1156139
1156166
1156209
1156212
1156272
1156414
1156827
1157018
1157032
1157045
1157192
1157265
1157489
1157644
1157666
1157667
1157672
1157706
1157708
1157727
1157736
1157747
1157822
1157955
1158083
1158084
1158086
1158087
1158089
1158090
1158172
1158202
1158248
1158256
1158272
1158280
1158285
1158291
1158307
1158310
1158314
1158359
1158369
1158380
1158416
1158422
1158431
1158484
1158580
1158604
1158682
1158720
1158894
1159015
1159018
1159031
1159104
1159106
1159113
1159159
1159167
1159182
1159315
1159521
1159534
1159624
1159639
1159688
1159875
1159895
1160021
1160100
1160102
1160105
1160153
1160200
1160414
1160419
1160422
1160427
1160431
1160432
1160466
1160477
1160574
1160584
1160588
1160591
1160594
1160596
1160600
1160606
1160609
1160612
1160763
1161048
1161049
1161084
1161417
1161507
1161622
1161714
1161733
1161761
1161974
1161989
1161995
1162006
1162007
1162056
1162120
1162130
1162175
1162200
1162278
1162343
1162526
1162532
1162756
1162791
1162911
1162917
1162922
1162946
1162961
1163017
1163027
1163051
1163412
1163414
1163417
1163449
1163486
1163497
1163591
1163640
1163909
1163924
1163946
1163950
1163953
1164124
1164227
1164229
1164355
1164495
1164825
1164853
1164931
1165070
1165206
1165286
1165359
1165372
1165396
1165455
1165459
1165462
1165464
1165472
1165581
1165585
1165587
1165619
1165622
1165669
1165680
1165772
1165815
1165819
1165890
1165893
1165898
1165905
1165909
1165913
1165915
1165937
1165938
1165942
1165945
1166009
1166099
1166109
1166133
1166260
1166391
1166401
1166538
1166544
1166652
1166872
1166890
1166947
1167042
1167056
1167205
1167210
1167212
1167218
1167379
1167386
1167474
1167518
1167519
1167535
1167720
1167727
1167751
1167813
1167834
1167966
1167976
1167977
1167978
1167981
1167983
1167986
1167988
1167989
1167993
1167996
1168001
1168002
1168061
1168088
1168166
1168196
1168413
1168529
1168720
1168779
1168794
1168912
1168925
1168951
1168957
1169025
1169144
1169163
1169340
1169396
1169482
1169543
1169613
1169666
1169687
1169712
1169758
1169810
1169957
1170200
1170399
1170467
1170554
1170797
1170802
1170947
1171008
1171070
1171121
1171142
1171264
1171300
1171432
1171552
1171727
1171787
1171916
1171919
1171953
1172010
1172063
1172094
1172102
1172183
1172237
1172252
1172258
1172266
1172278
1172288
1172345
1172367
1172398
1172531
1172533
1172541
1172554
1172571
1172580
1172586
1172593
1172604
1172769
1172777
1172816
1172819
1172939
1173049
1173077
1173108
1173168
1173177
1173289
1173357
1173366
1173374
1173387
1173400
1173408
1173424
1173434
1173480
1173492
1173553
1173575
1173589
1173595
1173602
1173609
1173670
1173705
1173733
1173752
1173762
1173774
1173781
1173833
1173861
1173871
1173895
1173922
1173947
1173960
1173985
1174032
1174048
1174198
1174204
1174224
1174227
1174238
1174247
1174266
1174279
1174310
1174342
1174386
1174395
1174417
1174432
1174471
1174476
1174486
1174489
1174494
1174545
1174561
1174563
1174616
1174651
1174701
1174727
1174734
1174742
1174766
1174785
1174886
1174897
1174910
1175166
1175198
1175201
1175206
1175227
1175252
1175261
1175269
1175294
1175310
1175328
1175436
1175507
1175527
1175668
1175695
1175748
1175856
1175882
1176130
1176173
1176176
1176196
1176235
1176278
1176291
1176418
1176590
1176604
1176609
1176625
1176681
1176762
1176765
1176802
1176895
1176999
1177094
1177099
1177106
1177110
1177124
1177151
1177156
1177160
1177170
1177174
1177228
1177260
1177338
1177444
1177513
1177518
1177561
1177565
1177570
1177747
1177758
1177761
1177911
1177921
1178074
1178159
1178514
1178529
1178536
1178569
1178571
1178669
1178712
1178764
1178819
1178828
1178873
1178909
1178918
1179091
1179112
1179136
1179137
1179261
1179262
1179323
1179402
1179453
1179464
1179502
1179516
1179549
1179583
1179595
1179620
1179684
1179729
1179790
1179841
1179871
1179882
1179916
1179958
1179988
1179996
1180036
1180065
1180123
1180125
1180126
1180128
1180133
1180137
1180158
1180182
1180209
1180211
1180214
1180218
1180223
1180232
1180236
1180238
1180240
1180258
1180278
1180281
1180282
1180283
1180297
1180354
1180371
1180377
1180415
1180431
1180480
1180505
1180529
1180532
1180533
1180543
1180557
1180576
1180599
1180623
1180648
1180724
1180751
1180756
1180784
1180806
1180837
1180838
1180853
1180865
1180889
1180894
1180909
1180931
1180945
1180947
1180988
1180999
1181039
1181045
1181197
1181231
1181244
1181250
1181296
1181318
1181537
1181561
1181663
1181687
1181690
1181691
1181694
1181696
1181703
1181706
1181720
1181736
1181739
1181742
1181743
1181747
1181751
1181769
1181771
1181893
1182099
1182133
1182204
1182274
1182275
1182397
1182401
1182420
1182443
1182531
1182576
1182577
1182580
1182584
1182634
1182679
1182687
1182789
1182835
1182839
1182898
1182949
1182953
1182957
1183131
1183183
1183210
1183245
1183279
1183322
1183387
1183448
1183489
1183584
1183587
1183589
1183592
1183593
1183594
1183600
1183609
1183614
1183616
1183619
1183620
1183622
1183625
1183627
1183630
1183717
1183782
1183797
1183882
1183982
1184188
1184223
1184308
1184353
1184375
1184424
1184513
1184531
1184629
1184647
1184666
1184688
1184762
1184796
1184834
1184936
1184970
1184971
1185045
1185110
1185127
1185132
1185175
1185245
1185481
1185559
1185580
1185745
1185764
1185772
1185919
1185923
1185995
1186014
1186060
1186233
1186330
1186459
1186466
1186528
1186686
1186758
1186868
1186894
1187058
1187072
1187087
1187235
1187331
1187345
1187561
1187619
1187633
1187675
1187742
1188047
1188057
1188172
1188181
1188269
1188283
1188286
1188335
1188345
1188508
1188663
1188679
1188696
1188725
1188766
1188776
1188859
1189092
1189188
1189337
1189347
1189352
1189361
1189364
1189365
1189401
1189452
1189453
1189470
1189495
1189501
1189546
1189637
1189638
1189639
1189723
1189732
1189735
1189827
1189830
1189832
1189836
1189894
1189975
1189988
1190052
1190183
1190213
1190422
1190499
1190521
1190525
1190593
1190730
1190748
1190775
1190852
1190914
1190923
1190953
1190986
1191216
1191283
1191287
1191291
1191295
1191297
1191299
1191363
1191715
1191812
1191815
1192007
1192009
1192010
1192011
1192017
1192020
1192052
1192055
1192056
1192060
1192136
1192160
1192197
1192257
1192260
1192310
1192346
1192385
1192386
1192419
1192642
1192652
1192658
1192664
1192666
1192677
1192679
1192702
1192813
1192868
1192921
1192937
1193019
1193062
1193256
1193345
1193351
1193353
1193357
1193358
1193360
1193361
1193362
1193369
1193371
1193373
1193385
1193396
1193626
1193673
1193731
1193762
1193767
1193794
1193812
1193814
1193815
1193817
1193820
1193821
1193833
1193840
1193843
1193844
1193847
1193848
1193919
1193950
1194025
1194129
1194182
1194235
1194278
1194280
1194283
1194286
1194288
1194293
1194297
1194298
1194299
1194301
1194303
1194304
1194306
1194309
1194313
1194315
1194317
1194319
1194321
1194322
1194326
1194328
1194329
1194332
1194334
1194337
1194338
1194342
1194343
1194345
1194347
1194386
1194388
1194390
1194524
1194606
1194615
1194689
1194766
1194931
1194963
1195107
1195118
1195130
1195397
1195403
1195404
1195407
1195410
1195412
1195565
1195709
1195895
1195896
1195900
1195901
1195902
1195904
1195905
1195906
1195907
1195908
1195909
1195910
1195912
1195913
1196034
1196061
1196071
1196086
1196263
1196308
1196318
1196319
1196320
1196364
1196367
1196524
1196701
1196763
1196881
1196939
1197112
1197173
1197181
1197186
1197191
1197200
1197246
1197254
1197260
1197262
1197280
1197302
1197369
1197386
1197395
1197399
1197426
1197464
1197466
1197467
1197471
1197475
1197476
1197478
1197504
1197505
1197506
1197507
1197510
1197515
1197517
1197565
1197708
1197714
1197761
1197818
1197873
1197909
1198050
1198084
1198105
1198251
1198277
1198450
1198452
1198494
1198607
1198652
1198658
1198708
1198779
1198797
1198852
1198870
1198873
1198946
1198960
1198962
1199073
1199077
1199097
1199122
1199124
1199253
1199255
1199318
1199364
1199462
1199468
1199569
1199584
1199663
1199666
1199710
1199765
1199816
1199820
1199827
1199834
1199893
1199906
1199949
1199957
1199974
1199989
1199991
1199995
1199999
1200082
1200084
1200093
1200131
1200189
1200229
1200238
1200264
1200271
1200277
1200302
1200309
1200318
1200338
1200345
1200348
1200352
1200353
1200355
1200372
1200405
1200524
1200526
1200539
1200794
1200798
1200803
1200814
1200815
1200817
1200818
1200822
1200826
1200829
1200835
1200848
1200875
1201024
1201038
1201074
1201113
1201126
1201134
1201188
1201198
1201268
1201271
1201272
1201274
1201304
1201413
1201504
1201619
1201661
1201738
1201769
1201889
1201938
1201979
1201990
1202025
1202043
1202100
1202101
1202103
1202124
1202388
1202453
1202523
1202534
1202565
1202606
1202607
1202620
1202819
1202863
1202865
1202867
1202913
1202925
1202927
1202930
1202945
1202965
1202967
1202969
1202989
1203015
1203016
1203017
1203018
1203019
1203022
1203023
1203041
1203112
1203126
1203164
1203226
1203258
1203328
1203388
1203394
1203421
1203443
1203481
1203484
1203604
1203652
1203676
1203699
1203734
1203817
1203839
1203861
1203864
1203867
1203869
1203939
1204029
1204312
1204423
1204428
1204481
1204484
1204815
1204821
1204883
1204884
1204895
1204908
1204910
1204913
1204929
1204933
1204935
1204936
1204938
1204940
1204942
1204943
1204946
1204949
1204966
1204969
1204971
1204977
1204980
1204987
1204993
1204994
1205026
1205028
1205034
1205093
1205098
1205102
1205105
1205107
1205109
1205111
1205112
1205114
1205116
1205121
1205229
1205431
1205459
1205503
1205508
1205525
1205694
1205696
1205732
1205893
1205916
1205961
1206415
1206436
1206471
1206558
1206723
1206731
1206874
1206875
1207006
1207013
1207068
1207086
1207121
1207227
1207266
1207314
1207316
1207413
1207425
1207583
1207665
1207701
1207739
1207801
1207809
1207821
1207887
1207897
1208016
1208033
1208041
1208135
1208242
1208276
1208355
1208397
1208399
1208407
1208413
1208427
1208540
1208641
1208725
1208728
1208731
1208734
1208742
1208745
1208808
1208876
1209028
1209088
1209108
1209312
1209433
1209581
1209584
1209587
1209591
1209598
1209599
1209602
1209603
1209604
1209605
1209609
1209647
1209650
1209653
1209654
1209655
1209657
1209658
1209660
1209662
1209663
1209664
1209666
1209668
1209669
1209674
1209676
1209677
1209678
1209679
1209735
1209737
1209784
1209794
1209813
1209831
1209847
1209850
1209855
1209858
1209906
1210020
1210047
1210062
1210135
1210371
1210431
1210481
1210482
1210543
1210635
1210846
1210876
1210899
1210916
1210939
1210981
1211111
1211170
1211222
1211305
1211324
1211434
1211474
1211494
1211532
1211546
1211557
1211577
1211714
1211769
1211843
1211878
1211882
1211884
1211947
1212046
1212151
1212240
1212254
1212355
1212362
1212456
1212566
1212574
1212642
1212657
1212712
1212716
1212829
1212935
1212944
1213019
1213038
1213067
1213180
1213199
1213277
1213299
1213301
1213303
1213307
1213309
1213312
1213313
1213314
1213315
1213317
1213318
1213319
1213320
1213321
1213322
1213338
1213357
1213361
1213367
1213383
1213388
1213391
1213394
1213409
1213419
1213423
1213426
1213429
1213432
1213438
1213440
1213441
1213442
1213513
1213528
1213649
1213652
1213655
1213657
1213659
1213665
1213670
1213700
1213714
1213721
1213876
1213881
1213886
1213890
1213892
1213894
1213913
1213976
1214125
1214136
1214144
1214145
1214147
1214151
1214154
1214164
1214199
1214274
1214276
1214279
1214281
1214287
1214289
1214356
1214416
1214510
1214514
1214520
1214524
1214529
1214535
1214538
1214543
1214548
1214550
1214843
1214905
1214941
1214952
1215044
1215093
1215094
1215096
1215097
1215106
1215163
1215182
1215204
1215205
1215314
1215444
1215462
1215470
1215475
1215478
1215481
1215482
1215628
1215676
1215753
1215846
1215931
1215988
1215995
1216004
1216008
1216010
1216013
1216017
1216023
1216028
1216033
1216059
1216074
1216080
1216094
1216100
1216102
1216112
1216127
1216136
1216138
1216140
1216143
1216145
1216149
1216152
1216195
1216219
1216240
1216243
1216246
1216247
1216250
1216254
1216255
1216265
1216359
1216365
1216368
1216370
1216373
1216737
1216740
1216743
1216745
1216801
1216854
1216867
1217010
1217166
1217167
1217191
1217241
1217274
1217277
1217284
1217288
1217291
1217296
1217299
1217489
1217592
1217682
1217683
1217685
1217686
1217687
1217688
1217689
1217691
1217693
1217694
1217696
1217697
1217698
1217699
1217700
1217701
1217720
1217759
1217781
1217888
1217889
1217899
1217904
1217909
1217912
1217914
1217915
1217934
1218156
1218159
1218160
1218161
1218163
1218165
1218166
1218169
1218170
1218174
1218175
1218178
1218179
1218180
1218181
1218182
1218274
1218277
1218279
1218284
1218330
1218380
1218503
1218719
1218752
1218809
1218835
1218912
1218962
1218966
1218967
1218969
1218971
1218974
1218978
1218981
1218983
1218987
1218991
1218995
1218996
1218997
1219000
1219008
1219011
1219014
1219016
1219021
1219023
1219027
1219031
1219033
1219035
1219036
1219037
1219038
1219039
1219041
1219044
1219046
1219049
1219050
1219111
1219114
1219116
1219117
1219120
1219122
1219126
1219134
1219136
1219140
1219141
1219143
1219147
1219159
1219173
1219176
1219275
1219522
1219556
1219579
1219673
1219714
1219737
1219739
1219751
1219867
1219893
1219897
1219927
1220207
1220220
1220301
1220336
1220410
1220476
1220630
1220666
1220708
1220803
1220818
1220821
1220824
1220825
1220826
1220946
1220965
1220993
1221066
1221108
1221251
1221395
1221398
1221401
1221473
1221484
1221548
1221574
1221578
1221579
1221690
1221764
1221840
1221874
1221878
1221882
1221896
1221968
1222161
1222170
1222173
1222175
1222177
1222179
1222182
1222184
1222188
1222192
1222193
1222199
1222274
1222446
1222484
1222535
1222550
1222568
1222732
1222745
1222812
1222872
1222949
1223093
1223134
1223184
1223297
1223300
1223303
1223321
1223324
1223330
1223344
1223353
1223366
1223376
1223663
1223799
1223965
1224068
1224096
1224098
1224146
1224266
1224268
1224287
1224292
1224346
1224369
1224387
1224435
1224486
1224573
1224589
1224669
1224674
1224832
1224840
1224843
1224844
1224848
1224850
1224851
1224853
1224855
1224858
1224895
1224917
1224993
1225009
1225036
1225206
1225293
1225343
1225345
1225346
1225349
1225354
1225355
1225356
1225357
1225361
1225362
1225366
1225372
1225475
1225530
1225812
1225963
1225974
1226007
1226044
1226153
1226170
1226210
1226270
1226288
1226309
1226320
1226326
1226334
1226337
1226341
1226346
1226522
1226523
1226601
1226605
1226606
1226609
1226611
1226612
1226615
1226641
1226642
1226647
1226651
1226652
1226671
1226791
1226794
1226799
1226844
1226849
1227140
1227144
1227152
1227154
1227159
1227168
1227175
1227309
1227311
1227704
1227836
1227841
1227944
1228082
1228200
1228253
1228261
1228324
1228473
1228580
1228581
1228582
1228614
1228673
1228690
1228697
1228698
1228700
1228701
1228704
1228706
1228708
1228736
1228784
1228822
1228824
1228829
1228833
1228837
1228839
1228842
1228877
1228890
1229004
1229033
1229034
1229035
1229038
1229040
1229042
1229046
1229050
1229052
1229057
1229078
1229091
1229131
1229159
1229171
1229212
1229229
1229235
1229236
1229247
1229255
1229431
1229524
1229558
1229559
1229561
1229670
1229690
1229713
1229772
1229915
1230083
1230089
1230325
1230333
1230403
1230483
1230564
1230719
1230791
1230793
1230794
1230795
1230797
1230798
1230799
1230894
1230895
1230896
1230898
1231069
1231175
1231194
1231268
1231349
1231385
1231459
1231477
1231497
1231576
1231648
1231741
1231814
1231828
1231854
1231861
1231965
1231979
1232000
1232176
1232214
1232290
1232323
1232380
1232606
1232638
1232673
1232675
1232676
1232708
1232729
1232747
1232754
1232757
1232818
1232823
1232892
1232912
1232976
1233111
1233199
1233476
1233501
1233510
1233557
1233623
1233624
1233625
1233627
1233628
1233629
1233630
1233631
1233633
1233635
1233636
1233638
1233639
1233913
1234014
1234024
1234028
1234042
1234043
1234044
1234045
1234047
1234048
1234049
1234052
1234120
1234155
1234473
1234476
1234477
1234479
1234480
1234481
1234483
1234485
1234486
1234488
1234491
1234492
1234493
1234494
1234497
1234498
1234499
1234500
1234502
1234516
1234518
1234519
1234520
1234523
1234524
1234526
1234527
1234528
1234530
1234553
1234555
1234613
1234626
1234629
1234667
1234733
1234776
1234796
1234808
1234869
1235020
1235343
1235363
1235383
1235386
1235393
1235399
1235403
1235578
1235608
1235720
1235809
1235811
1235832
1235846
1235926
1236163
1236164
1236166
1236189
1236200
1236224
1236566
1236657
1236758
1236761
1236765
1236773
1236775
1236833
1236838
1236841
1236842
1236844
1236847
1236850
1236856
1236859
1236862
1236993
1236998
1237158
1237223
1237323
1237348
1237494
1237577
1237759
1237777
1237783
1237785
1237860
1237876
1237900
1237983
1238007
1238046
1238101
1238120
1238401
1238481
1238578
1238689
1238833
1238848
1238871
1238874
1239044
1239105
1239134
1239179
1239230
1239261
1239263
1239506
1239539
1239752
1239753
1239757
1239771
1239809
1239915
1240029
1240131
1240145
1240259
1240281
1240330
1240335
1240533
1240642
1240712
1240814
1240831
1241085
1241118
1241123
1241126
1241128
1241129
1241250
1241258
1241298
1241303
1241429
1241456
1241564
1241569
1241572
1241588
1241608
1241624
1241659
1241663
1241665
1241670
1241675
1241678
1241684
1241685
1241686
1241689
1241692
1241695
1241697
1241701
1241706
1241862
1241869
1241886
1241890
1241903
1241906
1242034
1242037
1242040
1242042
1242044
1242047
1242051
1242052
1242067
1242069
1242070
1242072
1242073
1242074
1242076
1242077
1242078
1242084
1242086
1242090
1242092
1242097
1242099
1242101
1242103
1242105
1242107
1242109
1242110
1242112
1242113
1242176
1242180
1242194
1242212
1242217
1242221
1242225
1242237
1242249
1242261
1242272
1242278
1242322
1242619
1242624
1242630
1242634
1242636
1242640
1242645
1242660
1242726
1242728
1242762
1242764
1242767
1242770
1242771
1242773
1242774
1242776
1242780
1242782
1242786
1242787
1242791
1242798
1242800
1242803
1242806
1242811
1242816
1242821
1242823
1242826
1242905
1243016
1243044
1243101
1243108
1243234
1243307
1243328
1243481
1243483
1243484
1243488
1243490
1243540
1243630
1243647
1243649
1243651
1243652
1243657
1243658
1243659
1243660
1243780
1243795
1243799
1243914
1243929
1243957
1243967
1243993
1243995
1244008
1244010
1244012
1244014
1244035
1244041
1244048
1244244
1244361
1244524
1244575
1244624
1244660
1244779
1244810
1244831
1244840
1244843
1244846
1244848
1244878
1244933
1244939
1245001
1245081
1245162
1245297
1245312
1245315
1245316
1245319
1245321
1245340
1245342
1245398
1245411
1245424
1245457
1245683
1245713
1245864
1245909
1245981
1246008
1246011
1246012
1246014
1246015
1246049
1246170
1246336
1246344
1246412
1246459
1246476
1246478
1246479
1246481
1246483
1246485
1246486
1246488
1246489
1246750
1246754
1246771
1246773
1246774
1246776
1246778
1246798
1246826
1246832
1246848
1246920
1246989
1246991
1246992
1247013
1247019
1247130
1247143
1247170
1247213
1247289
1247300
1247302
1247304
1247306
1247309
1247311
1247313
1247317
1247319
1247325
1247430
1247567
1247591
1247608
1247651
1247679
1247817
1247820
1247821
1247822
1247823
1247824
1247860
1247871
1247921
1247924
1247925
1247926
1247928
1247931
1247932
1247933
1247934
1247936
1247938
1247941
1247942
1247943
1247944
1247945
1247948
1247950
1247952
1247953
1247956
1248046
1248083
1248094
1248225
1248227
1248228
1248233
1248235
1248243
1248399
1248469
1248479
1248487
1248493
1248526
1248549
1248570
1248572
1248605
1248872
1249013
1249037
1249052
1249075
1249102
1249106
1249119
1249577
1249591
1249592
1249593
1249595
1249597
1249598
1249599
1249600
1249601
1249602
1249606
1249817
1249925
1249927
1249928
1249929
1249930
1249931
1249941
1249944
1249948
1249949
1249950
1249977
1249978
1249979
1249980
1249982
1249984
1249985
1249986
1249987
1249989
1249990
1249992
1249995
1249997
1249998
1250002
1250125
1250203
1250256
1250264
1250354
1250390
1250391
1250435
1250437
1250438
1250439
1250442
1250444
1250446
1250447
1250467
1250468
1250469
1250475
1250513
1250514
1250515
1250516
1250519
1250522
1250579
1250654
1250662
1250785
1250852
1250960
1250999
1251077
1251187
1251314
1251538
1251540
1251543
1251547
1251550
1251555
1251604
1251608
1251617
1251633
1251643
1251644
1251646
1251688
1251900
1251909
1251917
1251935
1252045
1252051
1252121
1252124
1252126
1252129
1252131
1252134
1252138
1252139
1252142
1252145
1252147
1252148
1252157
1252393
1252420
1252428
1252551
1252633
1252639
1252662
1252756
1252768
1252843
1253010
1253057
1253062
1253274
1253376
1253396
1253419
1253540
1253560
1253586
1253587
1253588
1253589
1253590
1253592
1253596
1253598
1253600
1253644
1253791
1253793
1253797
1253799
1253800
1253802
1253805
1253806
1253807
1253809
1253811
1253812
1253813
1253814
1253815
1253845
1253861
1253867
1253871
1253872
1253874
1253885
1253888
1253894
1253898
1253903
1254161
1254174
1254201
1254229
1254304
1254388
1254594
1254602
1254640
1254755
1254766
1254836
1254858
1254885
1254937
1254940
1254941
1254942
1254943
1254945
1255027
1255029
1255032
1255033
1255040
1255044
1255053
1255072
1255073
1255074
1255075
1255076
1255245
1255300
1255312
1255440
1255442
1255444
1255445
1255447
1255448
1255451
1255452
1255454
1255455
1255460
1255463
1255466
1255468
1255469
1255471
1255472
1255474
1255515
1255616
1255629
1255630
1255651
1255674
1255722
1255726
1255791
1255810
1255847
1256218
1256401
1256504
1256553
1256556
1256559
1256595
1256602
1256723
1256863
1257081
1257085
1257091
1257129
1257227
1257244
1257257
1257376
1257388
1257476
1257483
1257484
1257489
1257492
1257497
1257498
1257523
1257528
1257530
1257537
1257540
1257567
1257576
1257647
1257715
1257772
1257951
1258016
1258091
1258221
1258300
1258446
1258455
1258543
1258549
1258558
1258560
1258563
1258569
1258580
1258581
1258583
1258586
1258590
1258595
1258764
1258799
1258802
1258805
1258817
1258921
1258935
1259029
1259084
1259091
1259134
1259241
1259244
1259260
1259263
1259281
1259286
1259287
1259321
1259333
1259341
1259362
1259425
1259436
1259578
1259727
1259950
1259973
1259993
1260004
1260013
1260040
1260165
1260169
1260195
1260325
1260421
1260533
1260594
1260715
1260820
1260836
1260896
1260946
1260947
1260948
1260949
1260953
1260956
1260957
1260960
1260961
1260963
1260966
1261094
1261148
1261149
1261254
1261382
1261399
1261404
1261407
1261419
1261434
1261461
1261519
1261543
1261734
1261756
1261769
1261786
1261861
1261862
1261876
1261877
1261898
1261906
1261958
1262002
1262037
1262070
1262132
1262456
1262504
1262505
1262545
1262584
1262629
1262669
1262740
1262766
1262808
1262953
1262983
1263013
1263071
1263112
1263116
1263160
1263175
1263180
1263254
1263314
1263334
1263426
1263642
1263663
1263776
1263868
1263874
1263885
1263904
1263921
1263992
1264103
1264155
1264207
1264243
1264244
1264247
1264326
1264397
1264421
1264427
1264429
1264442
1264465
1265079
1265090
1265416
1265417
1265520
1265523
1265544
1265580
1265600
1265611
1265662
1265795
1265800
1265903
1265973
1266048
1266171
1266212
1266352
1266356
1266361
1266372
1266379
1266382
1266485
1266565
1266796
1266803
1266814
1266867
1266868
1266869
1266872
1266875
1266879
1266880
1266883
1266885
1266908
1266919
1266925
1266938
1266952
1266956
1266959
1266980
1267022
1267024
1267031
1267062
1267075
1267123
1267126
1267182
1267187
1267196
1267199
1267203
1267205
1267206
1267208
1267209
1267213
1267218
1267220
1267222
1267225
1267227
1267228
1267230
1267232
1267234
1267235
1267245
1267266
1267268
1267320
1267328
1267403
1267448
1267451
1267535
1267544
1267547
1267549
1267551
1267552
1267556
1267557
1267558
1267561
1267563
1267585
1267685
1267710
1267715
1267717
1267720
1267722
1267759
1267802
1267823
1267828
1267845
1267886
1267937
1267949
1267956
1267961
1267966
1267969
1267978
1268123
1268224
1268278
1268356
1268358
1268361
1268364
1268365
1268370
1268376
1268391
1268393
1268394
1268395
1268397
1268399
1268401
1268402
1268403
1268406
1268407
1268412
1268413
1268430
1268468
1268473
1268627
1268682
1268684
1268685
1268687
1268692
1268693
1268698
1268701
1268703
1268706
1268724
1268725
1268729
1268731
1268733
1268736
1268741
1268742
1268744
1268747
1268748
1268749
1268750
1268752
1268755
1268870
1268932
1268996
1269026
1269067
1269083
1269089
1269108
1269181
1269183
1269184
1269185
1269187
1269188
1269189
1269191
1269192
1269193
1269194
1269195
1269196
1269197
1269198
1269199
1269202
1269203
1269204
1269206
1269207
1269210
1269212
1269215
1269218
1269220
1269221
1269224
1269226
1269227
1269230
1269232
1269233
1269234
1269235
1269238
1269239
1269241
1269242
1269243
1269244
1269245
1269248
1269250
1269253
1269254
1269255
1269257
1269265
1269266
1269267
1269268
1269269
1269271
1269272
1269274
1269277
1269279
1269283
1269284
1269285
1269287
1269288
1269290
1269291
1269294
1269296
1269299
1269303
1269305
1269307
1269309
1269310
1269311
1269313
1269316
1269317
1269318
1269324
1269327
1269331
1269335
1269341
1269346
1269350
1269356
1269360
1269361
1269362
1269364
1269365
1269371
1269372
1269374
1269377
1269379
1269382
1269385
1269389
1269393
1269413
1269419
1269423
1269425
1269429
1269430
1269435
1269437
1269514
1269537
1269547
1269549
1269553
1269572
1269797
1269800
1269844
1269900
1269939
1269941
1269968
1270088
1270090
1270091
1270283
1270296
1270346
1270452
1270460
1270493
1270499
1270500
1270503
1270505
1270506
1270507
1270508
1270509
1270510
1270512
1270513
1270515
1270522
1270523
1270528
1270529
1270530
1270532
1270533
1270534
1270541
1270542
1270543
1270557
1270558
1270567
1270594
1270622
1270628
1270645
1270655
1270657
1270678
1270679
1270683
1270692
1270695
1270769
1270969
1271338
1271388
1271390
1271391
1271392
1271394
1271395
1271396
1271397
1271398
1271399
1271403
1271405
1271406
1271407
1271408
1271410
1271411
1271412
1271413
1271414
1271419
1271429
1271431
1271433
1271434
1271436
1271437
1271438
1271443
1271444
1271446
1271447
1271464
1271467
1271476
1271514
1271530
1271576
1271607
1271709
1271722
1271806
1271845
1271848
1271880
1271883
1271908
1271958
1271985
1272031
1272086
1272194
1272387
1272389
1272390
1272391
1272395
1272396
1272465
1272634
1272638
1272708
1272713
1272828
1272922
1272966
1273005
1273042
1273062
1273064
1273068
1273089
1273092
1273131
1273151
1273159
1273166
1273170
1273178
1273235
1273266
1273318
1273323
1273325
1273335
1273393
1273434
1273453
1273543
1273545
1273546
1273547
1273548
1273549
1273553
1273555
1273667
1273668
1273670
1273773
1273877
1274000
1274005
1274009
1274052
1274169
1274266
1274284
1274289
1274424
1274749
1274756
1274941
1274978
1275013
1275023
1275039
1275128
1275152
1275180
1275198
1275210
1275254
1275370
1275463
1275549
1275709
1275760
1275788
1275852
1275862
1275867
1275871
1275877
1275882
1276032
1276063
1276110
1276131
1276174
1276200
1276206
1276210
1276255
1276279
1276326
1276647
1276671
1276678
1276713
1276715
1276717
1276729
1276777
1276778
1276862
1276918
1277004
1277194
1277200
1277280
1277287
1277337
1277414
1277423
1277435
1277446
1277521
1277528
1277529
1277531
1277534
1277535
1277707
1277744
1277763
1277772
1277773
1277901
1277913
1278021
1278048
1278053
1278143
1278162
1278350
1278432
1278434
1278435
1278464
1278677
1278679
1278680
1278683
1278684
1278687
1278689
1278690
1278693
1278694
1278697
1278701
1278703
1278705
1278780
1278845
1278945
1279036
1279130
1279173
1279175
1279176
1279177
1279178
1279184
1279185
1279186
1279190
1279191
1279192
1279234
1279237
1279239
1279241
1279243
1279245
1279249
1279251
1279253
1279255
1279257
1279260
1279263
1279270
1279271
1279273
1279277
1279278
1279279
1279280
1279281
1279282
1279283
1279284
1279285
1279287
1279288
1279289
1279290
1279291
1279292
1279293
1279295
1279296
1279297
1279298
1279300
1279302
1279303
1279304
1279316
1279318
1279320
1279321
1279322
1279323
1279325
1279328
1279329
1279330
1279331
1279333
1279334
1279336
1279338
1279339
1279341
1279342
1279343
1279345
1279346
1279348
1279349
1279350
1279353
1279354
1279355
1279364
1279550
1279579
1279584
1279626
1279695
1279698
1279699
1279701
1279702
1279703
1279705
1279706
1279707
1279710
1279711
1279713
1279716
1279721
1279723
1279724
1279756
1279758
1279759
1279760
1279765
1279768
1279771
1279773
1279774
1279776
1279891
1279914
1279967
1279985
1280018
1280064
1280070
1280095
1280274
1280289
1280335
1280367
1280518
1280521
1280531
1280544
1280551
1280553
1280623
1280646
1280696
1280704
1280711
1280723
1280724
1280787
1280789
1280826
1280832
1280833
1280892
1280895
1280896
1280897
1280904
1280909
1280910
1280911
1280919
1280920
1280932
1281063
1281078
1281146
1281179
1281250
1281266
1281398
1281425
1281434
1281437
1281511
1281515
1281540
1281582
1281585
1281629
1281634
1281703
1281717
1281718
1281745
1281751
1281863
1281864
1281866
1281867
1281920
1281935
1281948
1281955
1281957
1281961
1281965
1281998
1282069
1282104
1282144
1282153
1282176
1282179
1282207
1282280
1282296
1282359
1282391
1282423
1282448
1282543
1282647
1282725
1282822
1282915
1282926
1282970
1283032
1283033
1283051
1283054
1283213
1283277
1283409
1283502
1283831
1283836
1283846
1283915
1284043
1284076
1284098
1284120
1284200
1284221
1284270
1284296
1284304
1284460
1284554
1284653
1284667
1284789
1284811
1285102
1285159
1285166
1285169
1285230
1285310
1285414
1285451
1285518
1285637
1285655
1285687
1285728
1285732
1285734
1285874
1285882
1286108
1286111
1286117
1286233
1286306
1286308
1286311
1286317
1286318
1286320
1286321
1286322
1286324
1286325
1286326
1286328
1286330
1286332
1286333
1286335
1286338
1286339
1286340
1286342
1286346
1286347
1286348
1286349
1286350
1286351
1286352
1286354
1286380
1286441
1286496
1286497
1286556
1286608
1286758
1286846
1286987
1287031
1287042
1287044
1287049
1287052
1287060
1287062
1287065
1287067
1287069
1287070
1287073
1287075
1287078
1287079
1287081
1287083
1287084
1287086
1287118
1287123
1287135
1287211
1287232
1287291
1287440
1287443
1287444
1287447
1287450
1287451
1287453
1287503
1287595
1287618
1287717
1287774
1287826
1288062
1288081
1288094
1288150
1288161
1288163
1288165
1288167
1288169
1288170
1288172
1288174
1288175
1288176
1288177
1288179
1288180
1288183
1288185
1288188
1288190
1288191
1288316
1288349
1288357
1288494
1288497
1288608
1288649
1288652
1288653
1288654
1288655
1288656
1288935
1288937
1288940
1288998
1289004
1289018
1289162
1289164
1289166
1289173
1289216
1289434
1289461
1289473
1289628
1289720
1289734
1289922
1289967
1290084
1290213
1290226
1290285
1290310
1290320
1290324
1290429
1290448
1290458
1290498
1290503
1290547
1290551
1290555
1290565
1290572
1290591
1290614
1290680
1290683
1290720
1290730
1290815
1290823
1290824
1290826
1290973
1290975
1290981
1291001
1291060
1291072
1291075
1291139
1291199
1291247
1291302
1291305
1291309
1291311
1291312
1291315
1291317
1291318
1291362
1291602
1291603
1291604
1291606
1291609
1291610
1291611
1291612
1291615
1291616
1291617
1291619
1291620
1291622
1291806
1291919
1291954
1291955
1291956
1291957
1291959
1291960
1291962
1291963
1291966
1291967
1291969
1291970
1291973
1291974
1291975
1291977
1291978
1291979
1291980
1291981
1291982
1291984
1292032
1292078
1292085
1292156
1292340
1292341
1292347
1292350
1292364
1292407
1292442
1292578
1292592
1292610
1292626
1292642
1292645
1292709
1292752
1292776
1292844
1292846
1292864
1292868
1292979
1292986
1292990
1292991
1292995
1292998
1292999
1293001
1293004
1293077
1293217
1293227
1293236
1293238
1293291
1293297
1293299
1293300
1293384
1293389
1293448
1293592
1293653
1293655
1293662
1293665
1293669
1293671
1293675
1293677
1293679
1293681
1293684
1293688
1293712
1293746
1293763
1293856
1293900
1294020
1294079
1294086
1294087
1294094
1294099
1294114
1294131
1294139
1294171
1294180
1294238
1294351
1294355
1294393
1294440
1294461
1294515
1294521
1294550
1294610
1294687
1294800
1294806
1294810
1294850
1294862
1294900
1294923
1295001
1295006
1295138
1295233
1295287
1295710
1295714
1295715
1295745
1295750
1295754
1295758
1295760
1295762
1295766
1295768
1295770
1295772
1295774
1295775
1295777
1295816
1295832
1295861
1295996
1296035
1296047
1296227
1296264
1296282
1296291
1296338
1296401
1296407
1296434
1296702
1296733
1296792
1297244
1297266
1297398
1297414
1297444
1297516
1297535
1297545
1297681
1297747
1297765
1297774
1297781
1297873
1298000
1298038
1298069
1298085
1298089
1298090
1298099
1298151
1298224
1298276
1298351
1298378
1298712
1298713
1298715
1298800
1298814
1298892
1298919
1298956
1298982
1299002
1299043
1299094
1299229
1299372
1299396
1299408
1299502
1299648
1299726
1299781
1299837
1299874
1299901
1299908
1299923
1300021
1300032
1300118
1300285
1300318
1300357
1300385
1300426
1300526
1300527
1300533
1300694
1300736
1300760
1300784
1300879
1300884
1300893
1300920
1300959
1300996
1301032
1301034
1301035
1301038
1301039
1301042
1301043
1301046
1301048
1301049
1301051
1301052
1301053
1301055
1301056
1301057
1301058
1301061
1301068
1301090
1301109
1301111
1301114
1301143
1301158
1301162
1301238
1301273
1301280
1301299
1301330
1301391
1301447
1301477
1301498
1301511
1301525
1301527
1301530
1301531
1301536
1301537
1301539
1301541
1301542
1301545
1301580
1301611
1301650
1301656
1301872
1301887
1301997
1302010
1302072
1302199
1302202
1302206
1302208
1302209
1302213
1302215
1302216
1302218
1302220
1302276
1302339
1302375
1302455
1302461
1302541
1302584
1302590
1302591
1302593
1302594
1302595
1302596
1302597
1302599
1302600
1302602
1302603
1302606
1302608
1302612
1302613
1302614
1302615
1302616
1302617
1302618
1302620
1302621
1302622
1302623
1302625
1302626
1302627
1302629
1302632
1302633
1302635
1302637
1302691
1302702
1302703
1302704
1302706
1302707
1302709
1302710
1302711
1302713
1302714
1302716
1302717
1302719
1302720
1302721
1302722
1302723
1302724
1302726
1302727
1302728
1302730
1302732
1302815
1302817
1302828
1302903
1302994
1303039
1303042
1303158
1303196
1303203
1303205
1303206
1303246
1303290
1303299
1303358
1303393
1303501
1303522
1303550
1303593
1303651
1303669
1303712
1303778
1303898
1303911
1303922
1304072
1304096
1304146
1304378
1304433
1304480
1304517
1304523
1304544
1304548
1304559
1304642
1304670
1304695
1304704
1304709
1304723
1304736
1304747
1304752
1304762
1304867
1304868
1304876
1304881
1305062
1305072
1305307
1305319
1305344
1305409
1305423
1305457
1305478
1305483
1305548
1305555
1305586
1305606
1305630
1305759
1305771
1305819
1305825
1305898
1305926
1306005
1306010
1306012
1306015
1306020
1306022
1306024
1306030
1306033
1306038
1306050
1306052
1306089
1306119
1306121
1306146
1306275
1306312
1306424
1306508
1306511
1306514
1306520
1306525
1306532
1306544
1306573
1306584
1306619
1306638
1306693
1306747
1306764
1306841
1306862
1306867
1306869
1306873
1306874
1306877
1307021
1307033
1307064
1307112
1307179
1307186
1307317
1307434
1307455
1307525
1307601
1307699
1307714
1307770
1307790
1307841
1307921
1307993
1308045
1308063
1308067
1308084
1308112
1308155
1308202
1308264
1308265
1308305
1308382
1308384
1308486
1308610
1308627
1308638
1308693
1308697
1308975
1309050
1309060
1309115
1309129
1309182
1309188
1309264
1309271
1309367
1309392
1309450
1309467
1309471
1309597
1309625
1309751
1309836
1309877
1309881
1309888
1309905
1309954
1310129
1310250
1310253
1310257
1310281
1310411
1310558
1310565
1310597
1310612
1310659
1310704
1310708
1310753
1310758
1310819
1310924
1310976
1311045
1311083
1311108
1311118
1311193
1311200
1311210
1311247
1311483
1311551
1311561
1311681
1311888
1311899
1311965
1311970
1311983
1311988
1312013
1312023
1312024
1312038
1312056
1312078
1312084
1312326
1312396
1312402
1312412
1312421
1312425
1312432
1312440
1312454
1312549
1312762
1312828
1312852
1312886
1312887
1312892
1312963
1312978
1312979
1313030
1313077
1313104
1313109
1313173
1313186
1313213
1313253
1313326
1313455
1313497
1313775
1313862
1313938
1313971
1313973
1314031
1314080
1314162
1314174
1314187
1314239
1314248
1314307
1314317
1314323
1314444
1314446
1314452
1314566
1314682
1314906
1315017
1315028
1315030
1315047
1315062
1315064
1315066
1315206
1315404
1315420
1315445
1315466
1315476
1315507
1315519
1315547
1315580
1315592
1315666
1315706
1315750
1315789
1315798
1315801
1315803
1315931
1315946
1315961
1316011
1316104
1316199
1316203
1316243
1316270
1316514
1316519
1316521
1316523
1316524
1316525
1316526
1316527
1316528
1316530
1316532
1316552
1316554
1316581
1316588
1316620
1316625
1316628
1316641
1316643
1316648
1316651
1316708
1316762
1316892
1317033
1317072
1317077
1317096
1317100
1317101
1317103
1317157
1317162
1317165
1317168
1317171
1317177
1317244
1317271
1317282
1317317
1317336
1317480
1317483
1317568
1317569
1317605
1317611
1317617
1317641
1317679
1317686
1317712
1317718
1317787
1317911
1317962
1318041
1318046
1318058
1318113
1318139
1318144
1318151
1318153
1318167
1318215
1318370
1318425
1318440
1318505
1318564
1318691
1318714
1318918
1318969
1319089
1319093
1319106
1319125
1319194
1319195
1319275
1319312
1319413
1319484
1319583
1319597
1319620
1319625
1319635
1319638
1319663
1319687
1319689
1319695
1319705
1319706
1319708
1319759
1319787
1319805
1319818
1319842
1319902
1320054
1320091
1320092
1320124
1320133
1320144
1320167
1320176
1320180
1320249
1320357
1320425
1320467
1320486
1320491
1320500
1320510
1320514
1320548
1320551
1320563
1320565
1320585
1320643
1320800
1320806
1320890
1320934
1320942
1320965
1320982
1321044
1321049
1321050
1321053
1321057
1321059
1321061
1321064
1321069
1321070
1321071
1321089
1321104
1321107
1321117
1321163
1321175
1321176
1321186
1321187
1321203
1321209
1321255
1321260
1321266
1321275
1321326
1321343
1321430
1321608
1321678
1321733
1321740
1321769
1321789
1321821
1321835
1321930
1321947
1321952
1322040
1322249
1322306
1322311
1322313
1322358
1322375
1322379
1322410
1322495
1322502
1322522
1322532
1322593
1322616
1322682
1322819
1322935
1322944
1323103
1323123
1323167
1323187
1323216
1323220
1323273
1323409
1323421
1323428
1323430
1323431
1323527
1323584
1323586
1323633
1323715
1323747
1323794
1323874
1324072
1324082
1324083
1324108
1324194
1324219
1324278
1324298
1324346
1324351
1324655
1324795
1324799
1324802
1324819
1324959
1324968
1324988
1325089
1325104
1325108
1325175
1325179
1325201
1325361
1325403
1325448
1325540
1325541
1325566
1325571
1325638
1325655
1325707
1325797
1325833
1325857
1325876
1325924
1326030
1326034
1326184
1326225
1326230
1326405
1326496
1326547
1326634
1326642
1326680
1326711
1326829
1327383
1327445
1327772
1327782
1327911
1327978
1327985
1328008
1328009
1328020
1328079
1328084
1328087
1328092
1328097
1328098
1328255
1328300
1328302
1328304
1328307
1328308
1328310
1328312
1328313
1328314
1328315
1328316
1328481
1328618
1328640
1328711
1328920
1328934
1328990
1329030
1329199
1329321
1329349
1329425
1329576
1329708
1329733
1329877
1329884
1329888
1329937
1329962
1329966
1329968
1330017
1330208
1330216
1330275
1330441
1330472
1330475
1330476
1330573
1330667
1330674
1331318
1331344
1331486
1331510
1332386
1333078
1333195
1333214
1334664
1335229
1335650
1335727
1335970
1335974
1336006
1336089
1336115
1336171
1336271
1336278
1336325
1336453
1336456
1336611
1336679
1336803
1336930
1336937
1337148
1337322
1337409
1337436
1337523
1337599
1337694
1337843
1337905
1337999
1338016
1338034
1338045
1338148
1338230
1338239
1338257
1338271
1338301
1338302
1338348
1338454
1338497
1338519
1338571
1338728
1338753
1338814
1338831
1338852
1338873
1338877
1338947
1339071
1339073
1339123
1339134
1339154
1339162
1339249
1339258
1339274
1339296
1339370
1339485
1339508
1339562
1339760
1339772
1339775
1339814
1340031
1340050
1340108
1340176
1340239
1340269
1340317
1340332
1340512
1340573
1340602
1340604
1340703
1340731
1340789
1340790
1340792
1340793
1340815
1340837
1340899
1340946
1340980
1341026
1341041
1341130
1341133
1341178
1341284
1341327
1341355
1341396
1341432
1341488
1341556
1341570
1341653
1341659
1341660
1341669
1341690
1341714
1341791
1341854
1341953
1341954
1342018
1342096
1342125
1342177
1342192
1342212
1342227
1342285
1342326
1346405
1346637
1346647
1346688
1350499
1350816
1351037
1351104
1351112
1351115
1351188
1351628
1351758
1351919
1352034
1352150
1352152
1352168
1352251
1352257
1352272
1352369
1352374
1352510
1352600
1352858
1352860
1352922
1352962
1353012
1353013
1353029
1353044
1353058
1353066
1353082
1353143
1353282
1353287
1353352
1353385
1353439
1353450
1353564
1353610
1353766
1353815
1353860
1353946
1354042
1354045
1354065
1354189
1354424
1354436
1354441
1354458
1354464
1354625
1354627
1354700
1354758
1354784
1354803
1354814
1354816
1354827
1354834
1354840
1354842
1354848
1354854
1354862
1354885
1354899
1354903
1354905
1354910
1354925
1354935
1355085
1355115
1355126
1355140
1355145
1355147
1355178
1355180
1355184
1355187
1355197
1355204
1355205
1355208
1355211
1355217
1355235
1355242
1355247
1355270
1355273
1355282
1355297
1355307
1355419
1355634
1355650
1355654
1355673
1355688
1355692
1355695
1355696
1355698
1355712
1355763
1355839
1355841
1355862
1355869
1355873
1355891
1355950
1355979
1355983
1356050
1356143
1356154
1356232
1356355
1356438
1356440
1356563
1356772
1356774
1356794
1356820
1356823
1356922
1356931
1356947
1357056
1357119
1357181
1357191
1357199
1357240
1357336
1357341
1357412
1357415
1357426
1357614
1357663
1357664
1357666
1357668
1357669
1357670
1357671
1357675
1357676
1357679
1357681
1357684
1357687
1357690
1357694
1357696
1357724
1357741
1357777
1357904
1358027
1358122
1358123
1358127
1358128
1358148
1358149
1358287
1358399
1358411
1358510
1358668
1358748
1358787
1358847
1358909
1359013
1359023
1359104
1359182
1359185
1359305
1359555
1359570
1359651
1359655
1359665
1359685
1359781
1359819
1359914
1359959
1360055
1360139
1360142
1360144
1360191
1360318
1360380
1360388
1360425
1360459
1360489
1360501
1360565
1360860
1361007
1361044
1361072
1361083
1361183
1361305
1361326
1361372
1361490
1361641
1361691
1361710
1361731
1361852
1361938
1362225
1362251
1362282
1362285
1362288
1362319
1362527
1362557
1362739
1362790
1362905
1363036
1363058
1363143
1363163
1363173
1363246
1363270
1363284
1363286
1363304
1363381
1363383
1363461
1363475
1363481
1363484
1363487
1363503
1363525
1363526
1363531
1363534
1363600
1363620
1363745
1363881
1364016
1364019
1364036
1364107
1364168
1364239
1364295
1364340
1364407
1364438
1364519
1364528
1364570
1364725
1364992
1365007
1365029
1365046
1365233
1365273
1365293
1365428
1365436
1365498
1365520
1365702
1365788
1365853
1365865
1365928
1365946
1365992
1366082
1366182
1366210
1366236
1366238
1366329
1366346
1366475
1366580
1366582
1366955
1366967
1366977
1366979
1367045
1367084
1367085
1367108
1367125
1367138
1367145
1367212
1367218
1367245
1367246
1367338
1367344
1367348
1367416
1367437
1367441
1367447
1367451
1367453
1367490
1367514
1367518
1367597
1367650
1367933
1368114
1368125
1368172
1368231
1368300
1368494
1368515
1368522
1368713
1368734
1368821
1368965
1369152
1369156
1369172
1369182
1369229
1369386
1369522
1369548
1369549
1369566
1369568
1369656
1369690
1369733
1369872
1369887
1369901
1369903
1369909
1369912
1369918
1369928
1369935
1369946
1369953
1370035
1370287
1370400
1370429
1370461
1370491
1370496
1370534
1370572
1370612
1370651
1370658
1370704
1370712
1370984
1371026
1371075
1371085
1371172
1371273
1371351
1371609
1371654
1371759
1371762
1371791
1371792
1371903
1371925
1372027
1372037
1372240
1372273
1372404
1372452
1372590
1372634
1372678
1372692
1372707
1372792
1372852
1372937
1372952
1372966
1372972
1372978
1373019
1373085
1373103
1373106
1373113
1373116
1373122
1373187
1373249
1373250
1373276
1373338
1373425
1373556
1373562
1373563
1373694
1373704
1373726
1373741
1373749
1373761
1373899
1373984
1374005
1374067
1374068
1374185
1374221
1374230
1374284
1374285
1374408
1374457
1374462
1374469
1374485
1374515
1374583
1374585
1374586
1374587
1374588
1374590
1374593
1374613
1374615
1374618
1374622
1374623
1374626
1374631
1374637
1374642
1374684
1374747
1374884
1374973
1375049
1375054
1375061
1375064
1375067
1375113
1375135
1375210
1375272
1375351
1375380
1375383
1375389
1375395
1375416
1375460
1375482
1375497
1375646
1375648
1375880
1375891
1376046
1376122
1376128
1376150
1376391
1376395
1376427
1376456
1376496
1376575
1376585
1376636
1376648
1376661
1376677
1376681
1376727
1376732
1376740
1376742
1376764
1376782
1376786
1376820
1376833
1376845
1376847
1376894
1376908
1376922
1376945
1377008
1377064
1377152
1377166
1377207
1377336
1377341
1377344
1377357
1377358
1377363
1377368
1377373
1377378
1377381
1377383
1377387
1377389
1377392
1377395
1377499
1377607
1377651
1377655
1377666
1377684
1377690
1377692
1377696
1377699
1377705
1377709
1377783
1377882
1377936
1377937
1377940
1377941
1377944
1377961
1378017
1378038
1378080
1378084
1378262
1378266
1378345
1378417
1378450
1378516
1378520
1378621
1378622
1378646
1378757
1378820
1378838
1378955
1379113
1379322
1379384
1379411
1379447
1379450
1379460
1379485
1379490
1379522
1379526
1379557
1379570
1379615
1379632
1379645
1379650
1379651
1379693
1379701
1379708
1379716
1379731
1379737
1379745
1379857
1379981
1380009
1380078
1380157
1380165
1380332
1380423
1380496
1380619
1380643
1380819
1380827
1380847
1380861
1380870
1380879
1380892
1380896
1380907
1380925
1380927
1380928
1380930
1380931
1380935
1380936
1380938
1380941
1380942
1380943
1380947
1380948
1380960
1380998
1381036
1381071
1381104
1381143
1381222
1381225
1381277
1381323
1381334
1381400
1381413
1381534
1381600
1381635
1381656
1381659
1381671
1381677
1381688
1381816
1381901
1381951
1382125
1382163
1382180
1382194
1382206
1382208
1382220
1382274
1382279
1382309
1382352
1382386
1382397
1382472
1382508
1382536
1382553
1382556
1382594
1382661
1382675
1382710
1382888
1382918
1382939
1382950
1382975
1382978
1383028
1383054
1383064
1383154
1383178
1383192
1383197
1383207
1383208
1383235
1383245
1383313
1383323
1383337
1383345
1383352
1383353
1383404
1383425
1383426
1383438
1383577
1383620
1383677
1383795
1383816
1383834
1383841
1383936
1383998
1384213
1384254
1384258
1384302
1384328
1384354
1384356
1384360
1384361
1384504
1384581
1384598
1384727
1384784
1384858
1384951
1385033
1385045
1385298
1385312
1385494
1385573
1385756
1385770
1385848
1385865
1385913
1385950
1385963
1386033
1386044
1386069
1386115
1386125
1386179
1386217
1386228
1386238
1386245
1386252
1386451
1386458
1386467
1386725
1386778
1386858
1386872
1386914
1386934
1386988
1386991
1387000
1387011
1387034
1387107
1387112
1387150
1387255
1387267
1387269
1387279
1387325
1387411
1387421
1387424
1387485
1387560
1387599
1387617
1387667
1387891
1388040
1388064
1388088
1388111
1388193
1388238
1388263
1388330
1388368
1388380
1388434
1388491
1388571
1388574
1388595
1388608
1388633
1388664
1388764
1388776
1388783
1388799
1388930
1388950
1389085
1389158
1389239
1389384
1389451
1389551
1389641
1389646
1389688
1389710
1389769
1389773
1389931
1389940
1389942
1389968
1390002
1390069
1390175
1390233
1390251
1390451
1390563
1390906
1390922
1391014
1391047
1391099
1391149
1391153
1391181
1391198
1391250
1391253
1391294
1391394
1391490
1391648
1391667
1391800
1391895
1391962
1392056
1392095
1392110
1392146
1392150
1392337
1392362
1392452
1392454
1392456
1392666
1392668
1392774
1392790
1392940
1393015
1393019
1393081
1393147
1393163
1393233
1393326
1393397
1393444
1393484
1393497
1393578
1393624
1393676
1393702
1393713
1393727
1393729
1393810
1393811
1393836
1393838
1393879
1393881
1393883
1393889
1393895
1393905
1393939
1394068
1394097
1394119
1394125
1394153
1394178
1394193
1394239
1394336
1394348
1394360
1394439
1394484
1394486
1394548
1394566
1394568
1394592
1394629
1394809
1394863
1394908
1394910
1394926
1394941
1394955
1395028
1395031
1395033
1395037
1395083
1395087
1395110
1395111
1395126
1395127
1395133
1395209
1395213
1395248
1395249
1395261
1395286
1395396
1395449
1395614
1395630
1395694
1395787
1395839
1395841
1395899
1395945
1395949
1395988
1396079
1396105
1396113
1396152
1396179
1396249
1396272
1396307
1396323
1396375
1396391
1396549
1396691
1396693
1396694
1396695
1396696
1396702
1396706
1396708
1396710
1396711
1396715
1396719
1396730
1396742
1396869
1396961
1396963
1397001
1397006
1397013
1397103
1397120
1397215
1397220
1397238
1397245
1397246
1397248
1397337
1397340
1397378
1397481
1397483
1397577
1397667
1397721
1397742
1397765
1397766
1397937
1398014
1398105
1398170
1398203
1398223
1398232
1398235
1398308
1398416
1398572
1398713
1398734
1398736
1398742
1398811
1398829
1398841
1398848
1399001
1399060
1399123
1399131
1399139
1399157
1399186
1399356
1399384
1399426
1399573
1399589
1399731
1399733
1399763
1399993
1400082
1400089
1400097
1400149
1400158
1400254
1400365
1400491
1400499
1400504
1400524
1400581
1400656
1400754
1400814
1400964
1400971
1401052
1401244
1401261
1401267
1401715
1401875
1401904
1401927
1401939
1401974
1402183
1402225
1402291
1402353
1402407
1402416
1402655
1402698
1402768
1403156
1403272
1403314
1403628
1403874
1403993
1404180
1404242
1404401
1404402
1404560
1404673
1404696
1404705
1404783
1404791
1404821
1404933
1404972
1404978
1404982
1404989
1405093
1405094
1405096
1405099
1405100
1405101
1405106
1405109
1405111
1405114
1405115
1405163
1405195
1405233
1405257
1405328
1405360
1405377
1405586
1405639
1405657
1405660
1405701
1405733
1405851
1405879
1405880
1405945
1406073
1406129
1406266
1406369
1406372
1406390
1406485
1406492
1406519
1406521
1406522
1406534
1406540
1406543
1406552
1406614
1406636
1406661
1406699
1406714
1406722
1406738
1406744
1406746
1406761
1406769
1406800
1406850
1406885
1406890
1406905
1407039
1407041
1407050
1407051
1407053
1407054
1407056
1407058
1407062
1407064
1407066
1407068
1407094
1407125
1407128
1407393
1407407
1407467
1407582
1407631
1407715
1407743
1407764
1407778
1407870
1407938
1408076
1408208
1408231
1408390
1408410
1408493
1408612
1408666
1408765
1409179
1409223
1409378
1409388
1409476
1409489
1409536
1409876
1409877
1409902
1409960
1410070
1410117
1410134
1410193
1410275
1410360
1410380
1410399
1410429
1410537
1410549
1410773
1410820
1410935
1410959
1411089
1411090
1411093
1411095
1411189
1411237
1411389
1411393
1411454
1411492
1411621
1411625
1411927
1411944
1412075
1412206
1412342
1412395
1412460
1412517
1412537
1412826
1412880
1412917
1413025
1413038
1413041
1413109
1413331
1413334
1413358
1413424
1413434
1413510
1413519
1413537
1413571
1413634
1413643
1413696
1413697
1413788
1413824
1413846
1413853
1413897
1414243
1414305
1414344
1414469
1414506
1414507
1414530
1414578
1414676
1414687
1414708
1415119
1415189
1415207
1415382
1415537
1415653
1415656
1415872
1415946
1415976
1416031
1416036
1416067
1416103
1416194
1416283
1416310
1416367
1416479
1416553
1416559
1416571
1416574
1416635
1416864
1416897
1416925
1416951
1417052
1417260
1417285
1417289
1417329
1417344
1417453
1417498
1417520
1417541
1417545
1417560
1417614
1417796
1417816
1418077
1418147
1418187
1418193
1418302
1418305
1418308
1418336
1418456
1418464
1418469
1418600
1418736
1418759
1418835
1418942
1418967
1418982
1419019
1419025
1419027
1419034
1419036
1419105
1419183
1419224
1419232
1419322
1419341
1419342
1419390
1419440
1419454
1419585
1419602
1419654
1419726
1419735
1419806
1419863
1419903
1420041
1420249
1420357
1420659
1420660
1420688
1420729
1420733
1420744
1420764
1420780
1420805
1420817
1420818
1420841
1420850
1420896
1420921
1420952
1420991
1421019
1421023
1421026
1421084
1421148
1421158
1421160
1421183
1421306
1421331
1421414
1421515
1421634
1421653
1421687
1421764
1421768
1421777
1421783
1421786
1421789
1421794
1421797
1421801
1421805
1421806
1421809
1421811
1421881
1422162
1422177
1422195
1422294
1422316
1422490
1422495
1422501
1422508
1422510
1422521
1422536
1422539
1422558
1422679
1422683
1422706
1422708
1422762
1422949
1422975
1422976
1423052
1423162
1423203
1423253
1423283
1423319
1423386
1423420
1423460
1423515
1423519
1423560
1423612
1423734
1423775
1423783
1423836
1423901
1424007
1424018
1424028
1424031
1424033
1424114
1424169
1424401
1424523
1424540
1424553
1424567
1424752
1424808
1424826
1424849
1424875
1424931
1425010
1425031
1425040
1425095
1425279
1425363
1425371
1425382
1425466
1425508
1425714
1425735
1425782
1425840
1425843
1425895
1425903
1425936
1425985
1426146
1426263
1426489
1426514
1426596
1426600
1426658
1426663
1426699
1426719
1426755
1426927
1426971
1427046
1427081
1427092
1427169
1427194
1427217
1427234
1427267
1427273
1427322
1427453
1427507
1427724
1427727
1427737
1427754
1428003
1428108
1428189
1428191
1428276
1428277
1428455
1428543
1428560
1428567
1428690
1428752
1428817
1428879
1428884
1428988
1428992
1429099
1429175
1429221
1429248
1429383
1429412
1429424
1429439
1429441
1429442
1429445
1429473
1429688
1429726
1429744
1429773
1429784
1429788
1430018
1430059
1430061
1430303
1430418
1430536
1430594
1430618
1430643
1430767
1430783
1430805
1430915
1430927
1430958
1431002
1431053
1431177
1431179
1431183
1431186
1431380
1431511
1431530
1431547
1431631
1431658
1431675
1431750
1431890
1432130
1432132
1432235
1432252
1432441
1432448
1432451
1432457
1432462
1432466
1432516
1432522
1432525
1432526
1432527
1432530
1432531
1432533
1432535
1432538
1432578
1432675
1432699
1432726
1432769
1432844
1433035
1433055
1433098
1433124
1433250
1433321
1433346
1433445
1433461
1433466
1433545
1433568
1433665
1433722
1433808
1433809
1433882
1433895
1433901
1433907
1433913
1433939
1434044
1434161
1434199
1434208
1434226
1434332
1434351
1434401
1434454
1434467
1434482
1434507
1434546
1434552
1434556
1434581
1434801
1434988
1434997
1435032
1435068
1435183
1435251
1435474
1435540
1435542
1435545
1435548
1435549
1435583
1435878
1435949
1435977
1435979
1436013
1436015
1436038
1436050
1436067
1436163
1436224
1436270
1436348
1436375
1436483
1436507
1436539
1436557
1436569
1436573
1436699
1436781
1436786
1436840
1436988
1437233
1437390
1437479
1437550
1437567
1437614
1437617
1437704
1437710
1437758
1438079
1438109
1438205
1438301
1438412
1438468
1438494
1438719
1438735
1438761
1438780
1438790
1438806
1438812
1438842
1438883
1438941
1438996
1439007
1439238
1439327
1439385
1439412
1439423
1439425
1439597
1439604
1439648
1439692
1439742
1439747
1439870
1439932
1439954
1439960
1439963
1439989
1440100
1440172
1440176
1440182
1440265
1440269
1440271
1440298
1440321
1440487
1440529
1440646
1440682
1440790
1440805
1440822
1440853
1440859
1440895
1440917
1441049
1441137
1441189
1441252
1441332
1441434
1441516
1441518
1441551
1441587
1441718
1441734
1441786
1441885
1441918
1441978
1442006
1442044
1442054
1442085
1442091
1442103
1442123
1442207
1442287
1442306
1442366
1442367
1442370
1442371
1442386
1442515
1442537
1442553
1442691
1442705
1442776
1442787
1442994
1442999
1443098
1443207
1443248
1443259
1443424
1443453
1443485
1443654
1443683
1444064
1444084
1444172
1444203
1444302
1444314
1444316
1444319
1444338
1444358
1444376
1444382
1444559
1444614
1444766
1444973
1445044
1445198
1445308
1445379
1445428
1445557
1445566
1445585
1445676
1445682
1445775
1445802
1445808
1445928
1445968
1446066
1446078
1446189
1446271
1446297
1446390
1446447
1446450
1446510
1446590
1446658
1446765
1446783
1446787
1446829
1446830
1446879
1446928
1447006
1447011
1447030
1447032
1447063
1447159
1447160
1447413
1447436
1447697
1447843
1447932
1448353
1448401
1448428
1448430
1448951
1448991
1449117
1449143
1449292
1449293
1449294
1449295
1449298
1449301
1449305
1449308
1449311
1449314
1449316
1449319
1449320
1449364
1449406
1449413
1449497
1449517
1449594
1449610
1449648
1449753
1449811
1449893
1449934
1449970
1449984
1449987
1450008
1450012
1450216
1450223
1450235
1450313
1450340
1450404
1450437
1450470
1450635
1450684
1450704
1450816
1450899
1450911
1450953
1451086
1451101
1451103
1451157
1451211
1451290
1451304
1451311
1451322
1451324
1451326
1451335
1451338
1451398
1451516
1451542
1451543
1451624
1451651
1451975
1452003
1452029
1452064
1452081
1452306
1452442
1452443
1452646
1452734
1452743
1452769
1452770
1452879
1452913
1452944
1453105
1453201
1453251
1453411
1453470
1453490
1453494
1453520
1453561
1453569
1453577
1453583
1453587
1453590
1453594
1453597
1453602
1453615
1453624
1453645
1453660
1453704
1453709
1453740
1453885
1453953
1453968
1454065
1454100
1454133
1454155
1454169
1454188
1454217
1454295
1454379
1454778
1454906
1455066
1455116
1455167
1455203
1455238
1455256
1455303
1455509
1455792
1455845
1455996
1456116
1456138
1456224
1456363
1456370
1456458
1456587
1456594
1456596
1456615
1456623
1456631
1456638
1456643
1456645
1456651
1456779
1456812
1456954
1456994
1457000
1457029
1457483
1457576
1457604
1457628
1457736
1457790
1457845
1457859
1458126
1458170
1458191
1458309
1458329
1458541
1458579
1458600
1458627
1458711
1458713
1459402
1459412
1459494
1459576
1459612
1459725
1459792
1459803
1459830
1460145
1460146
1460162
1460188
1460189
1460198
1460221
1460244
1460267
1460576
1460660
1460668
1460702
1460778
1460815
1460862
1460863
1460961
1460973
1460977
1460980
1461042
1461099
1461114
1461115
1461254
1461260
1461311
1461315
1461469
1461691
1461799
1461830
1461870
1461922
1461933
1462063
1462379
1462437
1462489
1462591
1462620
1462822
1462855
1462861
1462899
1462914
1462984
1463102
1463135
1463205
1463265
1463402
1463458
1463609
1463620
1463778
1463815
1463868
1463971
1464019
1464025
1464075
1464150
1464172
1464183
1464258
1464313
1464339
1464438
1464715
1465136
1465394
1465428
1465439
1465500
1465507
1465562
1465632
1465652
1465682
1465708
1465774
1465842
1465860
1465885
1466060
1466119
1466122
1466131
1466169
1466172
1466259
1466320
1466397
1466423
1466796
1466841
1466920
1466936
1466978
1467490
1467536
1467634
1467660
1467704
1467759
1467848
1467886
1468043
1468104
1468167
1468199
1468203
1468291
1468320
1468394
1468417
1468451
1468777
1468846
1468874
1469085
1469170
1469172
1469222
1469229
1469428
1469434
1469499
1469570
1469701
1469823
1469839
1469930
1470150
1470164
1470173
1470193
1470200
1470338
1470353
1470378
1470424
1470425
1470480
1470809
1470826
1470850
1470867
1470975
1471061
1471108
1471163
1471389
1471468
1471525
1471526
1471598
1471692
1471795
1471877
1471959
1472005
1472020
1472037
1472078
1472174
1472212
1472248
1472268
1472278
1472316
1472410
1472497
1472776
1472777
1472816
1472922
1473013
1473221
1473237
1473251
1473254
1473264
1473332
1473356
1473567
1473599
1473719
1473836
1473839
1473840
1473880
1474065
1474106
1474119
1474133
1474137
1474170
1474224
1474226
1474270
1474279
1474412
1474492
1474788
1474861
1474891
1475175
1475187
1475191
1475372
1475375
1475471
1475476
1475511
1475515
1475554
1475606
1475616
1475675
1475678
1475703
1475721
1475842
1475943
1476046
1476060
1476089
1476378
1476410
1476413
1476548
1476550
1476745
1476811
1477036
1477050
1477267
1477272
1477293
1477425
1477454
1477477
1477559
1477612
1477617
1477642
1477713
1477741
1478011
1478029
1478297
1478300
1478316
1478347
1478530
1478531
1478538
1478543
1478574
1478669
1478718
1478848
1478939
1479024
1479093
1479116
1479321
1479354
1479541
1479632
1479723
1479981
1480015
1480276
1480359
1480364
1480415
1480516
1480613
1480676
1480809
1480886
1480893
1480980
1481017
1481083
1481300
1481329
1481338
1481379
1481626
1481630
1481674
1481684
1481724
1481732
1481797
1481798
1481954
1482078
1482089
1482103
1482173
1482202
1482237
1482257
1482389
1482441
1482445
1482573
1482596
1482886
1482888
1482926
1482933
1483231
1483249
1483251
1483428
1483618
1483718
1483751
1483776
1483851
1483925
1483926
1483948
1484061
1484218
1484256
1484291
1484304
1484432
1484439
1484506
1484567
1484627
1484633
1484827
1484840
1484854
1484932
1484947
1484954
1484965
1484971
1485051
1485073
1485188
1485247
1485267
1485274
1485382
1485446
1485469
1485481
1485502
1485614
1485864
1486020
1486071
1486113
1486216
1486307
1486332
1486396
1486397
1486442
1486475
1486505
1486557
1486627
1486633
1486665
1486685
1486860
1486874
1486884
1486899
1486901
1487100
1487113
1487289
1487488
1487491
1487521
1487643
1487649
1487673
1487700
1487753
1487800
1488091
1488099
1488121
1488236
1488238
1488379
1488488
1488497
1488753
1488756
1488759
1488760
1488771
1488773
1489013
1489052
1489328
1489462
1489522
1489597
1489732
1489748
1489789
1489825
1489832
1489860
1489898
1489931
1489934
1490007
1490081
1490333
1490449
1490689
1490756
1490826
1491038
1491040
1491081
1491092
1491232
1491303
1491321
1491332
1491333
1491427
1491449
1491563
1491591
1491625
1491755
1491897
1492013
1492213
1492380
1492402
1492429
1492472
1492506
1492542
1492616
1492629
1492659
1492769
1492779
1492949
1493090
1493103
1493132
1493266
1493378
1493585
1493853
1493897
1493906
1494113
1494215
1494242
1494594
1494600
1494630
1494654
1494715
1494779
1494794
1495013
1495087
1495147
1495148
1495184
1495185
1495188
1495203
1495209
1495253
1495287
1495420
1495444
1495698
1495699
1495716
1495718
1495749
1495762
1496012
1496058
1496112
1496137
1496144
1496150
1496157
1496161
1496165
1496168
1496171
1496352
1496388
1496391
1496450
1496476
1496506
1496519
1496558
1496622
1496863
1496874
1496950
1496952
1496972
1497008
1497077
1497080
1497105
1497113
1497301
1497348
1497389
1497397
1497437
1497461
1497465
1497473
1497520
1497535
1497576
1497618
1497744
1497764
1497871
1497883
1498065
1498070
1498287
1498449
1498551
1498631
1498649
1498718
1498769
1498935
1498936
1498937
1498938
1498950
1499034
1499057
1499074
1499088
1499144
1499220
1499297
1499303
1499319
1499466
1499489
1499602
1499756
1499837
1499853
1499860
1499865
1499872
1499878
1499886
1499890
1499898
1499905
1499912
1499918
1499962
1499964
1499969
1500125
1500156
1500160
1500162
1500166
1500171
1500187
1500199
1500238
1500289
1500291
1500340
1500357
1500367
1500377
1500383
1500421
1500455
1500515
1500671
1500686
1500748
1500768
1500788
1500908
1501036
1501068
1501119
1501124
1501126
1501352
1501464
1501477
1501480
1501622
1501787
1501965
1502346
1502362
1502363
1502462
1502480
1502559
1502683
1502814
1502828
1502830
1503113
1503234
1503386
1503469
1503518
1503552
1503559
1503626
1503648
1503667
1503709
1503967
1504156
1504168
1504200
1504229
1504237
1504250
1504263
1504407
1504508
1504532
1504640
1504643
1504649
1504677
1504683
1504696
1504708
1504785
1504799
1504868
1504881
1504891
1504938
1504981
1504985
1505018
1505082
1505130
1505183
1505213
1505305
1505306
1505366
1505379
1505389
1505508
1505614
1505689
1505707
1505715
1505750
1505844
1506031
1506038
1506133
1506139
1506319
1506368
1506541
1506618
1506633
1506756
1506776
1506815
1506848
1506860
1506869
1506946
1506978
1507080
1507133
1507163
1507190
1507254
1507277
1507398
1507441
1507459
1507572
1507620
1507640
1507686
1507691
1507694
1507761
1507800
1507907
1508014
1508036
1508041
1508208
1508311
1508328
1508346
1508591
1508607
1508620
1508628
1508742
1508776
1508787
1508853
1509070
1509121
1509137
1509154
1509197
1509298
1509401
1509421
1509425
1509428
1509456
1509626
1509638
1509953
1510042
1510063
1510139
1510207
1510252
1510253
1510260
1510451
1510462
1510606
1510696
1510795
1510823
1510834
1511135
1511423
1511553
1511590
1511600
1511693
1511695
1511995
1512231
1512323
1512342
1512437
1512454
1512459
1512461
1512648
1512651
1512656
1512664
1512728
1512747
1512857
1513029
1513052
1513064
1513136
1513294
1513466
1513656
1513664
1513925
1514019
1514034
1514063
1514130
1514208
1514238
1514360
1514406
1514464
1514557
1514691
1514775
1514776
1514916
1514920
1514923
1515014
1515028
1515061
1515144
1515317
1515640
1515710
1515862
1515907
1516084
1516104
1516126
1516151
1516534
1516627
1516629
1516687
1516756
1516875
1516881
1516888
1516907
1516949
1516955
1517113
1517152
1517221
1517272
1517289
1517299
1517302
1517428
1517485
1517516
1517538
1517624
1517660
1517679
1517731
1517767
1517908
1518257
1518345
1518445
1518447
1518457
1518549
1518697
1518779
1518828
1518851
1518886
1518900
1518994
1519020
1519154
1519209
1519347
1519383
1519387
1519390
1519429
1519445
1519461
1519606
1519672
1519748
1519778
1519890
1519944
1520012
1520099
1520109
1520112
1520142
1520193
1520220
1520232
1520273
1520296
1520320
1520343
1520349
1520367
1520594
1520601
1520626
1520674
1520706
1520844
1520948
1520999
1521011
1521024
1521049
1521096
1521129
1521457
1521514
1521791
1521940
1522089
1522104
1522127
1522142
1522278
1522338
1522353
1522380
1522399
1522400
1522420
1522464
1522509
1522554
1522660
1522662
1522664
1522740
1522835
1522947
1522960
1523101
1523201
1523260
1523307
1523332
1523376
1523482
1523737
1523786
1523926
1524032
1524035
1524039
1524041
1524044
1524137
1524192
1524193
1524206
1524208
1524209
1524214
1524216
1524217
1524224
1524226
1524258
1524264
1524267
1524268
1524269
1524271
1524274
1524275
1524336
1524349
1524352
1524456
1524503
1524632
1524748
1525028
1525037
1525059
1525225
1525233
1525405
1525478
1525490
1525543
1525574
1525739
1525861
1526006
1526084
1526203
1526531
1526534
1526590
1526650
1526695
1526728
1526760
1526794
1526968
1526983
1527009
1527051
1527179
1527213
1527218
1527229
1527236
1527256
1527314
1527415
1527494
1527573
1527778
1527982
1528015
1528021
1528042
1528067
1528104
1528448
1528475
1528575
1528707
1528730
1528743
1528772
1528824
1528834
1528840
1528867
1529051
1529088
1529212
1529217
1529310
1529355
1529448
1529547
1529603
1529610
1529676
1529721
1529798
1529805
1529900
1529911
1530005
1530315
1530320
1530325
1530561
1530579
1530622
1530760
1530803
1530860
1530906
1531010
1531108
1531109
1531190
1531192
1531310
1531477
1531505
1531512
1531537
1531545
1531566
1531573
1531734
1531754
1531819
1531869
1531924
1532182
1532183
1532196
1532289
1532304
1532320
1532334
1532379
1532392
1532507
1532555
1532737
1532785
1532819
1532966
1532973
1532981
1533004
1533128
1533293
1533309
1533354
1533362
1533403
1533601
1533610
1533632
1533647
1533699
1533720
1533742
1533784
1534065
1534155
1534530
1534600
1534619
1534700
1534707
1534938
1535005
1535030
1535059
1535152
1535218
1535265
1535290
1535726
1535761
1535812
1535884
1535897
1535903
1535931
1535985
1536008
1536042
1536068
1536113
1536120
1536129
1536407
1536413
1536463
1536707
1536720
1536738
1536741
1536752
1536860
1537005
1537006
1537182
1537212
1537427
1537457
1537588
1537719
1537768
1537790
1537837
1538014
1538053
1538114
1538216
1538296
1538359
1538530
1538584
1538592
1538622
1538635
1538687
1538740
1538770
1538786
1538880
1538941
1538956
1539268
1539291
1539513
1539521
1539535
1539539
1539577
1539597
1539623
1539696
1539734
1539799
1539833
1539850
1539862
1539904
1540087
1540214
1540364
1540412
1540446
1540474
1540501
1540552
1540661
1541002
1541110
1541272
1541411
1541499
1541524
1541548
1541589
1541593
1541599
1541733
1541783
1541799
1541914
1542025
1542030
1542055
1542067
1542188
1542223
1542224
1542435
1542478
1542657
1542660
1542733
1542774
1542804
1542818
1542872
1542922
1542948
1543039
1543140
1543147
1543151
1543171
1543174
1543178
1543181
1543240
1543265
1543298
1543356
1543433
1543447
1543587
1543803
1543914
1543952
1544051
1544291
1544340
1544488
1544582
1544645
1544705
1544834
1544867
1544913
1545191
1545193
1545197
1545239
1545266
1545320
1545361
1545479
1545634
1545757
1545797
1545864
1545900
1545984
1545985
1546003
1546022
1546051
1546085
1546248
1546254
1546259
1546358
1546369
1546391
1546412
1546419
1546421
1546440
1546446
1546449
1546451
1546486
1546608
1546737
1546765
1546823
1546833
1546837
1546840
1546847
1546849
1546851
1546885
1546959
1547015
1547068
1547256
1547289
1547428
1547483
1547508
1547561
1547584
1547615
1547621
1547626
1547723
1547879
1548135
1548140
1548141
1548152
1548162
1548166
1548168
1548169
1548185
1548192
1548207
1548209
1548212
1548367
1548410
1548449
1548472
1548513
1548538
1548555
1548561
1548668
1548684
1548696
1548774
1548783
1548811
1548858
1548930
1548981
1548984
1549022
1549042
1549167
1549241
1549352
1549403
1549434
1549709
1549779
1549813
1549840
1549919
1550036
1550096
1550336
1550337
1550442
1550492
1550533
1550587
1550709
1550749
1550832
1550860
1550863
1550904
1550912
1550967
1550975
1550979
1550990
1551055
1551100
1551136
1551167
1551174
1551176
1551195
1551199
1551216
1551218
1551226
1551229
1551230
1551232
1551264
1551477
1551528
1551572
1551628
1551642
1551803
1551902
1551931
1552014
1552138
1552179
1552284
1552299
1552385
1552400
1552447
1552493
1552650
1552656
1552701
1552713
1553052
1553322
1553451
1553628
1553686
1553741
1553766
1553820
1553835
1553904
1554179
1554219
1554232
1554283
1554374
1554381
1554431
1554446
1554448
1554476
1554497
1554657
1554721
1554728
1554737
1554776
1554928
1554937
1554943
1554955
1554964
1554977
1554997
1555108
1555122
1555126
1555131
1555144
1555197
1555298
1555423
1555538
1555550
1555595
1555600
1555658
1555675
1555712
1555765
1555866
1555907
1555951
1556008
1556050
1556091
1556153
1556171
1556191
1556304
1556321
1556404
1556442
1556473
1556531
1556596
1556600
1556647
1556749
1556755
1556790
1556901
1556908
1556910
1557152
1557174
1557180
1557353
1557365
1557509
1557639
1557658
1557791
1558156
1558212
1558260
1558279
1558371
1558468
1558473
1558477
1558483
1558667
1558760
1558789
1558810
1558814
1558954
1559048
1559061
1559094
1559125
1559193
1559226
1559234
1559292
1559364
1559376
1559378
1559380
1559468
1559492
1559575
1559671
1559702
1559718
1559829
1559836
1559838
1559846
1559856
1559893
1559954
1560035
1560227
1560230
1560238
1560242
1560257
1560301
1560305
1560424
1560434
1560501
1560511
1560522
1560541
1560587
1560625
1560750
1560786
1560837
1561045
1561063
1561312
1561345
1561393
1561423
1561434
1561473
1561570
1561697
1561704
1561720
1561836
1561860
1561969
1562107
1562177
1562178
1562439
1562453
1562477
1562579
1562657
1562700
1562803
1562810
1563174
1563254
1563276
1563290
1563346
1563471
1563509
1563531
1563535
1563621
1563633
1563652
1563669
1563686
1563722
1563804
1564011
1564018
1564035
1564157
1564165
1564273
1564511
1564649
1564674
1564720
1564795
1564930
1564959
1565062
1565063
1565082
1565094
1565213
1565249
1565285
1565401
1565440
1565546
1565582
1565594
1565649
1565769
1565798
1565820
1565878
1565922
1565984
1566038
1566070
1566127
1566147
1566151
1566162
1566186
1566256
1566265
1566272
1566294
1566295
1566307
1566327
1566417
1566465
1566582
1566694
1566702
1566862
1566867
1566882
1566921
1566928
1566940
1566978
1567012
1567076
1567084
1567091
1567144
1567187
1567199
1567203
1567206
1567222
1567285
1567433
1567512
1567575
1567666
1567761
1567791
1567803
1567809
1567813
1567865
1567877
1568033
1568113
1568154
1568165
1568188
1568209
1568323
1568380
1568423
1568448
1568452
1568460
1568465
1568468
1568469
1568472
1568475
1568478
1568712
1568721
1568758
1568804
1568937
1569048
1569053
1569062
1569073
1569082
1569102
1569116
1569154
1569198
1569350
1569360
1569472
1569561
1569585
1569607
1569646
1569660
1569871
1569876
1569897
1569905
1569993
1570027
1570053
1570074
1570088
1570096
1570150
1570155
1570189
1570193
1570197
1570273
1570328
1570631
1570673
1570715
1570718
1570721
1570733
1570767
1570790
1570802
1570810
1570825
1570832
1570839
1570915
1570918
1570996
1571063
1571098
1571126
1571246
1571365
1571393
1571406
1571409
1571439
1571536
1571582
1571594
1571599
1571603
1571626
1571652
1571711
1571727
1571745
1571766
1571795
1571829
1571830
1571896
1571899
1571914
1571982
1572012
1572040
1572062
1572075
1572078
1572101
1572193
1572248
1572273
1572275
1572297
1572358
1572413
1572826
1572874
1572930
1572968
1573065
1573066
1573074
1573115
1573129
1573149
1573189
1573194
1573196
1573199
1573242
1573286
1573371
1573387
1573477
1573502
1573680
1573738
1573802
1573808
1573818
1573904
1574004
1574006
1574119
1574122
1574129
1574142
1574222
1574225
1574261
1574339
1574449
1574549
1574610
1574625
1574634
1574784
1574798
1574845
1574881
1574924
1574944
1574951
1575003
1575030
1575047
1575069
1575085
1575277
1575405
1575535
1575549
1575553
1575563
1575605
1575612
1575627
1575667
1575673
1575725
1575728
1575762
1575887
1575889
1575908
1575971
1576014
1576116
1576222
1576298
1576302
1576307
1576309
1576321
1576460
1576604
1576637
1576734
1576781
1576804
1576810
1576928
1576953
1576959
1576996
1577079
1577178
1577189
1577226
1577232
1577286
1577289
1577329
1577361
1577530
1577887
1577944
1578024
1578094
1578233
1578235
1578390
1578537
1578559
1578598
1578753
1579014
1579084
1579093
1579138
1579268
1579272
1579273
1579285
1579317
1579332
1579584
1579657
1579715
1579759
1579803
1579811
1579824
1580230
1580256
1580287
1580334
1580356
1580399
1580409
1580458
1580460
1580496
1580571
1580595
1580701
1580712
1580826
1580892
1580898
1580908
1580918
1580930
1580992
1581125
1581161
1581248
1581453
1581469
1581470
1581475
1581555
1581587
1581757
1581773
1581784
1581852
1581873
1581886
1581894
1581907
1581919
1581922
1581982
1581985
1582018
1582024
1582112
1582114
1582115
1582118
1582185
1582286
1582300
1582404
1582410
1582415
1582420
1582425
1582434
1582467
1582489
1582505
1582551
1582564
1582573
1582577
1582585
1582596
1582678
1582725
1582742
1583139
1583162
1583241
1583306
1583340
1583363
1583493
1583498
1583524
1583527
1583555
1583558
1583714
1583794
1583838
1583850
1583855
1583864
1583927
1583930
1583934
1583940
1583942
1583945
1583947
1583951
1584277
1584492
1584502
1584664
1584723
1584744
1584769
1584850
1584936
1584956
1585397
1585532
1585666
1585674
1585710
1585720
1585731
1586002
1586191
1586192
1586229
1586304
1586311
1586332
1586351
1586413
1586418
1586582
1586641
1586663
1586748
1586760
1586826
1586855
1586868
1586903
1587048
1587056
1587133
1587142
1587206
1587212
1587369
1587441
1587473
1587617
1587651
1587702
1588296
1588300
1588313
1588375
1588396
1588407
1588475
1588477
1588709
1588820
1588836
1588851
1588861
1589214
1589237
1589252
1589329
1589342
1589346
1589347
1589633
1589665
1589673
1589707
1589713
1589840
1589897
1589948
1590128
1590149
1590556
1590613
1590666
1590739
1590787
1590883
1590953
1590986
1590988
1591217
1591282
1591621
1591703
1591705
1591713
1591717
1591730
1591811
1591991
1592244
1592338
1592554
1592677
1592812
1593111
1593187
1593323
1593352
1593375
1593589
1593615
1593681
1593924
1594027
1594110
1594139
1594147
1594160
1594287
1594374
1594475
1594489
1594591
1594600
1594610
1595058
1595131
1595153
1595243
1595447
1595494
1595559
1595636
1595672
1595712
1595835
1595837
1595866
1595934
1595961
1595970
1596026
1596059
1596093
1596180
1596212
1596237
1596328
1596370
1596383
1596403
1596404
1596461
1596500
1596558
1596625
1596630
1596645
1596699
1596892
1596910
1596920
1596931
1596943
1597267
1597361
1597416
1597536
1597564
1597576
1597726
1597732
1597766
1597774
1597812
1597978
1598196
1598359
1598432
1598477
1598640
1598648
1598688
1598708
1598758
1598912
1598920
1598925
1598929
1598934
1598943
1598948
1599018
1599112
1599117
1599177
1599200
1599214
1599238
1599365
1599367
1599420
1599459
1599541
1599756
1599817
1599959
1599970
1599979
1600069
1600083
1600099
1600129
1600298
1600354
1600369
1600387
1600449
1600571
1600574
1600662
1600721
1600920
1600930
1600945
1600989
1601101
1601141
1601264
1601310
1601645
1601708
1601727
1601847
1601858
1601881
1601906
1601935
1602081
1602338
1602405
1602460
1602508
1602522
1602533
1602710
1602715
1602762
1602830
1602835
1602848
1602856
1602880
1603066
1603117
1603184
1603318
1603327
1603393
1603432
1603520
1603785
1603786
1603788
1603850
1603932
1603952
1603956
1603997
1603999
1604078
1604118
1604121
1604275
1604289
1604426
1604473
1604484
1604497
1604614
1604634
1604671
1604798
1604825
1604936
1605020
1605027
1605207
1605276
1605448
1605654
1605663
1605684
1605713
1605817
1605869
1606179
1606305
1606315
1606322
1606893
1607008
1607398
1607708
1607762
1608060
1608498
1608593
1608602
1608681
1608703
1608713
1608758
1608940
1608943
1608946
1608949
1609028
1609030
1609285
1609376
1609382
1609610
1609770
1609830
1609846
1609852
1609919
1609943
1610005
1610073
1610201
1610489
1610675
1610720
1610740
1610813
1610847
1610933
1610936
1610951
1611026
1611044
1611352
1611382
1611390
1611468
1611493
1611601
1611750
1611830
1611867
1611879
1611985
1612219
1612253
1612339
1612432
1612474
1612504
1612509
1612513
1612687
1612786
1613313
1613378
1613379
1613383
1613388
1613392
1613400
1613405
1613417
1613662
1613721
1613997
1614031
1614083
1614200
1614268
1614349
1614488
1614492
1614505
1614520
1614546
1614591
1614629
1614670
1614689
1614773
1614834
1614836
1614838
1614888
1615012
1615136
1615144
1615258
1615280
1615343
1615350
1615364
1615592
1615609
1615618
1615975
1616160
1616268
1616469
1616592
1616600
1616630
1616824
1616908
1616999
1617143
1617148
1617242
1617271
1617318
1617712
1617912
1618092
1618558
1618560
1618648
1618858
1619111
1619260
1619300
1619425
1619610
1619623
1619655
1619697
1619741
1619808
1619813
1619983
1619992
1620022
1620071
1620082
1620127
1620216
1620255
1620283
1620305
1620311
1620415
1620458
1620516
1620649
1620712
1620825
1621014
1621184
1621268
1621275
1621287
1621299
1621434
1621512
1621573
1621593
1621607
1621649
1621663
1621777
1621810
1621834
1621940
1622089
1622128
1622131
1622160
1622502
1622533
1622535
1622574
1622794
1622807
1622899
1623020
1623029
1623030
1623077
1623101
1623102
1623152
1623210
1623294
1623311
1623425
1623446
1623740
1623784
1623787
1623927
1623942
1623992
1624252
1624292
1624388
1624474
1624475
1624482
1624489
1624501
1624503
1624511
1624513
1624544
1624783
1624955
1624958
1625033
1625074
1625172
1625181
1625189
1625455
1625457
1625499
1625531
1625552
1625601
1625715
1625782
1625848
1625898
1625900
1625969
1626210
1626398
1626583
1626713
1626715
1626918
1626927
1627094
1627095
1627123
1627154
1627187
1627199
1627204
1627213
1627218
1627840
1627865
1627958
1627970
1628136
1628171
1628279
1628288
1628313
1628402
1628486
1628525
1628618
1628621
1628622
1628682
1628756
1628859
1628927
1628954
1629051
1629077
1629176
1629209
1629258
1629286
1629320
1629326
1629686
1629690
1629692
1629774
1629787
1629797
1629822
1629849
1629988
1630165
1630235
1630343
1630353
1630364
1630367
1630478
1630530
1630607
1630752
1630865
1631071
1631104
1631164
1631235
1631257
1631291
1631506
1631706
1631734
1631790
1631796
1631810
1632017
1632098
1632131
1632231
1632247
1632296
1632348
1632504
1632520
1632627
1632764
1633274
1633295
1633411
1633421
1633461
1633579
1633728
1633802
1634012
1634023
1634049
1634129
1634137
1634216
1634294
1634323
1634410
1634428
1634499
1634693
1634820
1634903
1634908
1634941
1634943
1635246
1635715
1635976
1636007
1636048
1636145
1636169
1636171
1636232
1636255
1636285
1636506
1636588
1636595
1636639
1636703
1636822
1636959
1636980
1637015
1637127
1637218
1637234
1637280
1637320
1637334
1637440
1637554
1637589
1637750
1637880
1638000
1638046
1638124
1638132
1638286
1638305
1638309
1638354
1638508
1638510
1638520
1638529
1638533
1638538
1638565
1638588
1638605
1638718
1638917
1639015
1639026
1639061
1639273
1639286
1639289
1639294
1639364
1639398
1639400
1639456
1639594
1639595
1639620
1639928
1639947
1640140
1640144
1640184
1640235
1640304
1640423
1640562
1640930
1641007
1641125
1641286
1641315
1641382
1641389
1641622
1641964
1642122
1642143
1642290
1642459
1642649
1642656
1642658
1642677
1642815
1642829
1642939
1642963
1642974
1642985
1643019
1643024
1643118
1643158
1643182
1643290
1643328
1643351
1643695
1643774
1643789
1643793
1643871
1644041
1644090
1644127
1644221
1644336
1644367
1644475
1644488
1644490
1644501
1644639
1644902
1644951
1644972
1644978
1644987
1644990
1644995
1645003
1645007
1645043
1645051
1645184
1645208
1645277
1645288
1645387
1645552
1645593
1645724
1645929
1646025
1646061
1646156
1646206
1646239
1646281
1646302
1646412
1646686
1646775
1646816
1646867
1647031
1647267
1647294
1647401
1647441
1647587
1647593
1647649
1647652
1647795
1647836
1647902
1648045
1648088
1648369
1648706
1648895
1648897
1649028
1649212
1649313
1649398
1649412
1649563
1649899
1649950
1650028
1650032
1650257
1650513
1650553
1650664
1650708
1650839
1650861
1650910
1650953
1651162
1651235
1651331
1651631
1651744
1651766
1651785
1651909
1651992
1652001
1652009
1652071
1652478
1652480
1652541
1652626
1652650
1652660
1652916
1652955
1653081
1653127
1653134
1653243
1653292
1653451
1653570
1653619
1653630
1653635
1653654
1653963
1654026
1654077
1654112
1654172
1654240
1654471
1654482
1654509
1654574
1654585
1654587
1654928
1655025
1655029
1655036
1655042
1655050
1655071
1655187
1655291
1655375
1655842
1655943
1655948
1656013
1656017
1656073
1656117
1656122
1656151
1656282
1656292
1656454
1656471
1656526
1656570
1656616
1656670
1656681
1656714
1656936
1656949
1657034
1657095
1657165
1657261
1657379
1657402
1657534
1657579
1657630
1657678
1657779
1657783
1657928
1658010
1658073
1658105
1658121
1658226
1658268
1658389
1658476
1658524
1658630
1658665
1658701
1658770
1658973
1658993
1659055
1659059
1659141
1659278
1659305
1659312
1659315
1659445
1659461
1659637
1659672
1659723
1659751
1659900
1659917
1659953
1660093
1660162
1660174
1660239
1660242
1660286
1660295
1660312
1660343
1660348
1660389
1660495
1660672
1660698
1660738
1660761
1660905
1660916
1660920
1660961
1661002
1661195
1661471
1661663
1661667
1661692
1661763
1661827
1661838
1661841
1661997
1662014
1662026
1662051
1662086
1662092
1662220
1662251
1662350
1662415
1662452
1662476
1662480
1662483
1662486
1662526
1662591
1662631
1662862
1662910
1662965
1663019
1663196
1663200
1663230
1663587
1664015
1664100
1664116
1664133
1664302
1664389
1664404
1664519
1664544
1664693
1664760
1664820
1664824
1664876
1664945
1664951
1664997
1665034
1665166
1665291
1665387
1665460
1665466
1665623
1665739
1665861
1665894
1666010
1666087
1666334
1666400
1666419
1666464
1666573
1666844
1666847
1666851
1666855
1667224
1667528
1667533
1667590
1667620
1667685
1667903
1667994
1668141
1668176
1668210
1668263
1668276
1668322
1668371
1668450
1668462
1668532
1668620
1668846
1669272
1669419
1669892
1670534
1670560
1670570
1670656
1670667
1671171
1671172
1671197
1671363
1671392
1671489
1671492
1671497
1671499
1671501
1671508
1671511
1671526
1671598
1671630
1671701
1671716
1672909
1673229
1673234
1673240
1673246
1673825
1673943
1674203
1674222
1674242
1674269
1674330
1674663
1674684
1674703
1674771
1674971
1675356
1675358
1675499
1675744
1675969
1676056
1676415
1676459
1676532
1676541
1676818
1676842
1676948
1677257
1677340
1677347
1677403
1677619
1677743
1677786
1677790
1678022
1678102
1678146
1678263
1678301
1678353
1678405
1678419
1678494
1678509
1678565
1678747
1678802
1678926
1678947
1679215
1679216
1679224
1679260
1679484
1679533
1679653
1679886
1679996
1680017
1680040
1680059
1680087
1680169
1680226
1680254
1680265
1680278
1680283
1680302
1680336
1680385
1680468
1680538
1680587
1680657
1680888
1681021
1681095
1681219
1681388
1681414
1681421
1681428
1681560
1681625
1681718
1682042
1682063
1682163
1682255
1682367
1682445
1682520
1682600
1682695
1682763
1682820
1682822
1682996
1683006
1683042
1683058
1683168
1683182
1683209
1683261
1683288
1683393
1683397
1683584
1683639
1683645
1683762
1683786
1684004
1684027
1684104
1684111
1684129
1684205
1684320
1684506
1684532
1684596
1684649
1684867
1684939
1684941
1684946
1684951
1685010
1685432
1685438
1685462
1685486
1685487
1685675
1685701
1685769
1685773
1685788
1685995
1685999
1686052
1686062
1686223
1686266
1686398
1686571
1686582
1686725
1686740
1686744
1686782
1686821
1686933
1687074
1687185
1687188
1687190
1687192
1687266
1687328
1687451
1687472
1687559
1687667
1687690
1687746
1687823
1687844
1688118
1688273
1688276
1688301
1688306
1688633
1688646
1688665
1688710
1688757
1688933
1688947
1689187
1689300
1689318
1689332
1689355
1689380
1689382
1689480
1689484
1689493
1689501
1689510
1689516
1689520
1689522
1689523
1689528
1689532
1689543
1689644
1689677
1689760
1690012
1690061
1690161
1690198
1690199
1690200
1690288
1690311
1690482
1690705
1690722
1690765
1690782
1690967
1691097
1691240
1691272
1691300
1691303
1691380
1691495
1691542
1691606
1691640
1691728
1691754
1691805
1691890
1691978
1691987
1692030
1692134
1692381
1692417
1692609
1692656
1692922
1692930
1692955
1692997
1693194
1693215
1693254
1693630
1693641
1693663
1693681
1693848
1693929
1693963
1694209
1694302
1694327
1694456
1694487
1694567
1694595
1694612
1694623
1694761
1694793
1694880
1694884
1694889
1694895
1695059
1695135
1695382
1695481
1695488
1695550
1695572
1695577
1695580
1695609
1695620
1695633
1695651
1695699
1695800
1695838
1695874
1695963
1695974
1696007
1696042
1696115
1696121
1696306
1696442
1696454
1696510
1696569
1696625
1696811
1696849
1697053
1697203
1697321
1697472
1697487
1697507
1697517
1697529
1697558
1697560
1697596
1697805
1697824
1697908
1697927
1697957
1697981
1697982
1698036
1698069
1698172
1698269
1698270
1698345
1698361
1698382
1698397
1698408
1698419
1698524
1698594
1698623
1698643
1698826
1699040
1699043
1699061
1699065
1699088
1699147
1699151
1699157
1699215
1699230
1699236
1699275
1699296
1699562
1699637
1699813
1699906
1699912
1699958
1699959
1700039
1700104
1700430
1700521
1700546
1700566
1700589
1700602
1700868
1700921
1700966
1700969
1700972
1701100
1701123
1701420
1701437
1701774
1701861
1701914
1702185
1702340
1702437
1702477
1702511
1702569
1702585
1702597
1702699
1702751
1702786
1702839
1702927
1702970
1703039
1703248
1703256
1703290
1703295
1703337
1703425
1703542
1703582
1703618
1703686
1703706
1703746
1703978
1704099
1704105
1704218
1704268
1704269
1704357
1704508
1704578
1704741
1704788
1704811
1704874
1704891
1704951
1705155
1705299
1705451
1705532
1705539
1705580
1705880
1705884
1705966
1706004
1706043
1706051
1706138
1706212
1706456
1706538
1706627
1706734
1706774
1706790
1706830
1706844
1706847
1706900
1706901
1706986
1707092
1707150
1707188
1707246
1707249
1707312
1707530
1707547
1707555
1707559
1707629
1707646
1707658
1707669
1707874
1707880
1707927
1707955
1708037
1708227
1708250
1708257
1708275
1708382
1708469
1708531
1708615
1708660
1708737
1708747
1708760
1709097
1709115
1709140
1709187
1709191
1709339
1709451
1709463
1709485
1709578
1709628
1709631
1709654
1709689
1710014
1710028
1710034
1710139
1710267
1710298
1710341
1710347
1710348
1710442
1710462
1710464
1710466
1710495
1710510
1710518
1710754
1710871
1711079
1711159
1711247
1711389
1711400
1711478
1711494
1711496
1711633
1711663
1711691
1711796
1711805
1712003
1712042
1712069
1712205
1712306
1712411
1712458
1712532
1712562
1712644
1712674
1712721
1712819
1712865
1712998
1713000
1713002
1713161
1713172
1713306
1713314
1713478
1713554
1713794
1714149
1714225
1714407
1714409
1714529
1714675
1714747
1714804
1714933
1715020
1715037
1715053
1715089
1715095
1715134
1715180
1715242
1715255
1715270
1715286
1715347
1715456
1715503
1715534
1715610
1715628
1715800
1715838
1716193
1716203
1716222
1716240
1716383
1716389
1716497
1716622
1716649
1716776
1716779
1716980
1717038
1717087
1717108
1717150
1717167
1717278
1717428
1717448
1717461
1717718
1717746
1717748
1717788
1717861
1717873
1717874
1717952
1718115
1718172
1718201
1718219
1718286
1718326
1718388
1718494
1718667
1718672
1719117
1719203
1719230
1719236
1719241
1719246
1719257
1719262
1719306
1719307
1719351
1719450
1719463
1719504
1719517
1719593
1719683
1719751
1719781
1719884
1719965
1719978
1720042
1720050
1720065
1720110
1720148
1720185
1720353
1720378
1720696
1720708
1720748
1720774
1720914
1720922
1720988
1721005
1721011
1721046
1721102
1721138
1721197
1721286
1721305
1721339
1721379
1721439
1721495
1721589
1721595
1721607
1721669
1721760
1721804
1721842
1721862
1722006
1722036
1722077
1722083
1722152
1722176
1722246
1722322
1722343
1722407
1722438
1722487
1722502
1722506
1722576
1722664
1722683
1722767
1722815
1722860
1722890
1722895
1722932
1722953
1723069
1723074
1723217
1723223
1723256
1723520
1723534
1723565
1723814
1723896
1723898
1723914
1723995
1724001
1724018
1724037
1724041
1724146
1724166
1724192
1724277
1724360
1724397
1724581
1724619
1724695
1724813
1724892
1724898
1724937
1724944
1724954
1724997
1725028
1725239
1725738
1725878
1725883
1725941
1725988
1726066
1726224
1726255
1726267
1726343
1726479
1726519
1726699
1726750
1726771
1726817
1727036
1727070
1727123
1727159
1727204
1727259
1727278
1727336
1727347
1727408
1727428
1727599
1727601
1727610
1727615
1727627
1727636
1727777
1727834
1727910
1727919
1727920
1728042
1728158
1728183
1728192
1728327
1728370
1728378
1728462
1728631
1728713
1728829
1728834
1728851
1728868
1728876
1728944
1728956
1728993
1729030
1729035
1729041
1729047
1729079
1729108
1729112
1729131
1729149
1729160
1729201
1729323
1729326
1729403
1729418
1729508
1729522
1729536
1729567
1729856
1729858
1729881
1729900
1729908
1730131
1730132
1730142
1730370
1730391
1730565
1730610
1730612
1730644
1730756
1730818
1730862
1730864
1730865
1730875
1730878
1730944
1730952
1730957
1730996
1731171
1731196
1731246
1731282
1731361
1731399
1731458
1731463
1731528
1731655
1731678
1731778
1731806
1731920
1731939
1732048
1732209
1732263
1732268
1732305
1732383
1732393
1732440
1732554
1732606
1732616
1732619
1732624
1732626
1732865
1732968
1732979
1733010
1733018
1733047
1733142
1733470
1733638
1733718
1733721
1733747
1733777
1733783
1733858
1733875
1733985
1734034
1734209
1734250
1734271
1734539
1734939
1734956
1735005
1735402
1735511
1735540
1735776
1735822
1735825
1735913
1736038
1736253
1736263
1736272
1736292
1736297
1736299
1736304
1736320
1736410
1736572
1736685
1736769
1736773
1736947
1737002
1737054
1737072
1737153
1737195
1737197
1737242
1737280
1737289
1737292
1737307
1737333
1737337
1737373
1737374
1737411
1737643
1737663
1737833
1737860
1737866
1737885
1737892
1737902
1737917
1737922
1737934
1737942
1737966
1737996
1738001
1738071
1738082
1738085
1738107
1738124
1738155
1738181
1738228
1738359
1738383
1738388
1738539
1738557
1738558
1738605
1738616
1738620
1738625
1738651
1738748
1738813
1738815
1738821
1738853
1738922
1739010
1739016
1739025
1739043
1739045
1739060
1739062
1739070
1739109
1739157
1739165
1739191
1739209
1739211
1739293
1739297
1739309
1739323
1739382
1739403
1739405
1739436
1739438
1739442
1739465
1739499
1739528
1739586
1739615
1739634
1739639
1739655
1739744
1739757
1739774
1739824
1739831
1739843
1739906
1739930
1739944
1739964
1740064
1740074
1740090
1740101
1740106
1740133
1740162
1740165
1740171
1740233
1740234
1740284
1740470
1740518
1740552
1740656
1740677
1740695
1740702
1740730
1740757
1740836
1740853
1741038
1741074
1741086
1741089
1741094
1741100
1741132
1741143
1741155
1741194
1741200
1741204
1741224
1741227
1741233
1741301
1741310
1741315
1741329
1741339
1741355
1741370
1741386
1741413
1741439
1741573
1741585
1741595
1741625
1741655
1741679
1741727
1741736
1741770
1741801
1741857
1741908
1741909
1741934
1741962
1742059
1742064
1742103
1742105
1742115
1742137
1742141
1742143
1742148
1742155
1742161
1742163
1742171
1742182
1742196
1742197
1742211
1742235
1742291
1742312
1742364
1742375
1742388
1742402
1742441
1742458
1742506
1742507
1742520
1742535
1742556
1742590
1742620
1742629
1742654
1742669
