id,title,year,director,reason,candidates
1665370,Hot Water,2026,Miles Gunter;Cassie Kramer,director_mismatch page=Ramzi Bashour,tt30833294:2026
1409071,Parasocial,2025,Felix Cope,director_mismatch page=Troy Schulz,tt38943059:2025|tt32613647:2025
1483717,The Guest,2025,Garrett Viskov,no_directors_on_page,tt35562988:2025|tt37065878:2025
1287963,Shelter in Place,2023,William Malamut,director_mismatch page=Clare Chun,tt30025544:2023|tt23555096:2023
872555,Chef's Kiss,2021,Jason Nicholls,director_mismatch page=Asher Penn,tt14732916:2021|tt37286529:2021
1243865,The Fable,2024,,no_tmdb_director,
1637816,OBSOLETE,2025,GRIMM,director_mismatch page=Blake Hall,tt43596039:2025|tt38503720:2025
1362417,The Beast Inside,2024,Julian Romero,director_mismatch page=Nerun Kalpajith,tt16448844:2024|tt31624615:2024
1737156,AFTER HOURS,2026,Hayden Johnston;Tyson Barry;Jensen Fankhauser;Murphy Schmidt,director_mismatch page=Ian Fisher,tt41274735:2026|tt42007261:2026
806778,Till Death,1992,David Gregory,no_directors_on_page,tt11804152:2021|tt0162116:1981
1305208,The Muse,2024,Hoffmann West,year_mismatch page=1999,tt0164108:1999
1273303,Foxes,2023,Greg Poppa,director_mismatch page=Lorcan Finnegan,tt0080756:1980|tt2244857:2011
1726820,Malta,2021,Christian Kamaal,year_mismatch page=2024,tt24128644:2024
1381345,The App.,2023,Lance J. Reha,year_mismatch page=2019,tt11385066:2019
1588806,Dirtbag Romance,2025,Yan Belhomme,no_suggest_candidates,
377979,The Anniversary,2015,Leo Poloniecki,year_mismatch page=2014,tt3432586:2014
1375609,Blood Drive,2024,Justin K. Lynch,director_mismatch page=Gurinder J. Singh,tt28717844:2023
1377629,Daddy,2024,Charlie Newell,year_mismatch page=2015,tt3522530:2015
653363,Devin,2019,Taylor Martin;Bob Love,no_suggest_candidates,
1627373,Paranormal Paranoids,2024,Chris Stuckmann,no_suggest_candidates,
1631640,Satan at Play,1907,,no_tmdb_director,
1376013,Two of a Kind,1949,Anthony Gilkison,year_mismatch page=1951,tt0161204:1998|tt0086494:1983|tt0044159:1951
1376010,The Dress Rehearsal,1949,Anthony Gilkison,year_mismatch page=1967,tt0260300:1967
1376006,The Rendezvous,1949,Anthony Gilkison,director_mismatch page=Grant Richards,tt4827878:2016|tt35882867:2025|tt2017017:2011
1376004,Confession,1949,Anthony Gilkison,no_directors_on_page,tt13182834:2022|tt37888363:2025|tt9749282:2019
955121,The Short SA4,1952,Peter De Normanville,no_suggest_candidates,
1216156,The Raven,1954,Lewis Jacobs,year_mismatch page=1963,tt1486192:2012|tt21321726:2026|tt0057449:1963
1569464,Return of the Creature,1955,,no_tmdb_director,
1301371,Dr. Jekyll and Mr. Hyde,1956,Philip Saville,year_mismatch page=1920,tt0022835:1931|tt0033553:1941|tt0011130:1920
1391927,The Creature,1957,Harry Nadler,year_mismatch page=1977,tt0075889:1977
700373,Desire in a Public Dump,1958,Robert Pike,no_suggest_candidates,
1391936,Death Wears a Mask,1962,,no_tmdb_director,
344642,Angelic Frankenstein,1964,Bob Mizer,no_suggest_candidates,
1602499,Dr. Bigelow's Monster,1966,Bob Mizer,no_suggest_candidates,
1293711,Perchance to Scream,1967,George Harrison Marks,no_suggest_candidates,
512530,Dracula's Wedding Day,1967,Mike Jacobson,no_suggest_candidates,
690797,Pursued,1968,Don Dohler,year_mismatch page=2004,tt8268028:2025|tt0039737:1947|tt0385969:2004
1306572,Thark,1968,Donald McWhinnie,year_mismatch page=1932,tt0023572:1932
1028614,The Dunsmore Devil Worshippers,1971,,no_tmdb_director,
1451695,The House That Jack Built,1971,,no_tmdb_director,
1567025,The Silverfish King,1973,J.P. Somersaulter,no_suggest_candidates,
1563070,Then Came Ecstasy,1975,,no_tmdb_director,
1060040,House of dead,1978,Bob knapp;David oldaker;Mike lutz,no_suggest_candidates,
1041636,The Return of the Beast of Terror,1978,Kenneth J. Tusar,no_suggest_candidates,
915567,"Star, Baby",1979,Louis Ferriol,no_suggest_candidates,
1407526,The Axe,1979,Jerry O'Sullivan,no_suggest_candidates,
1293190,The Wind,1980,Jamie Nares,year_mismatch page=1986,tt8426594:2018|tt0094327:1986
766070,Behind Blue Eyes,1980,Josh Elliot,director_mismatch page=Brett Johnston,tt1557157:2009|tt4033490:2015|tt21367604:2003
1407530,Scarecrow,1980,Jerry O'Sullivan,director_mismatch page=Emmanuel Itier,tt0070643:1973|tt2071571:2013|tt0341564:2002
1561034,Vampyr,1981,Gordon Punter,year_mismatch page=2023,tt0023649:1932|tt37183529:None|tt31639523:2023
1234356,The Life of Percy,1982,Gordon Louch,no_suggest_candidates,
1234353,Unhappy Returns,1982,,no_tmdb_director,
1018698,The Adventures of The Walla Monster,1982,Matt Jaissle,no_suggest_candidates,
1018695,The Paroxysm Plague,1982,Matt Jaissle,no_suggest_candidates,
1561032,Retribution,1983,Gregory Dark,year_mismatch page=2015,tt6906292:2023|tt5149528:2016|tt3169770:2015
1234349,Vampire,1983,Gordon Louch,year_mismatch page=2011,tt1624996:2011
1640023,Nightfright,1984,Frank Kerr,year_mismatch page=1967,tt0062036:1967
1624015,Nightmare Call-In Theatre,1984,George Schifini,no_suggest_candidates,
1571909,Beware of the Boogeyman,1984,Maurice Devereaux;Tony Morello,no_suggest_candidates,
1597803,X-Ray,1984,John Foster,director_mismatch page=Daniel Ursus Magana,tt0082527:1981|tt5355822:2016|tt13094954:2020
1353903,The 1984 Scary Awards,1984,,no_tmdb_director,
1575124,The killer hula hoop,1985,Paul Petroskey,no_suggest_candidates,
697189,Shadows,1986,Todd Sheets,year_mismatch page=1958,tt0053270:1958
1602079,The Virus,1986,Richard Hatem,year_mismatch page=2014,tt3017234:2014
410841,Angel of Light,1986,Fred Carpenter,director_mismatch page=Lynn Dow;Ron Lawrence,tt30788976:2024|tt0275194:1998|tt5437734:2016
1223350,Blood Flood,1986,Mark Polonia;John Polonia,no_suggest_candidates,
1666819,Part VII,1987,Tom Wallin,no_suggest_candidates,
1432060,Zug,1987,Dorn Martell;Erik Iversen,director_mismatch page=Perry Janes,tt2221636:2012
1353660,Grampa Presents Carnival Of Souls,1988,,no_tmdb_director,
741276,Upper Michigan Tonight,1988,,no_tmdb_director,
1565541,Stop,1989,Mark Ruzzin,no_suggest_candidates,
1033502,Slaughter Day IV,1989,Brent Cousins,no_suggest_candidates,
1033500,Slaughter Day III,1989,Brent Cousins,no_suggest_candidates,
1033498,Slaughter Day II,1989,Brent Cousins,no_suggest_candidates,
1171455,Hockey Man,1989,Dave Palamaro,no_suggest_candidates,
1405519,Nightmare,1990,,no_tmdb_director,
1712607,Gargoyle and Goblin,1990,David Bourla,no_suggest_candidates,
1696145,The Nose,1990,Mike Walker,director_mismatch page=Pati Marr,tt0172891:1971|tt12810524:2016
1686603,Death World,1991,,no_tmdb_director,
1169261,The Toxic Kid,1991,Dave Palamaro,no_suggest_candidates,
1625952,Satan's Nephew,1991,Chanan Beizer,no_suggest_candidates,
1304220,Bride of Re-Animator Documentary,1991,,no_tmdb_director,
1734939,Phone Line,1991,Charlie Paul,no_suggest_candidates,
1656324,Invasion of the Space Zombies,1992,Stefan Skimmerstrand,no_suggest_candidates,
1078478,Technacide,1992,Brian Paulin,no_suggest_candidates,
1078476,Alex,1992,Brian Paulin,no_suggest_candidates,
1671427,Sad Man,1993,Andrew Parkinson,director_mismatch page=Gauthier Raad;Dineta Williams-Trigg,tt12028072:2018
759244,Dienstag (once upon a Tuesday),1993,Franz Berner,no_suggest_candidates,
229198,Bells of Waiting,1993,,no_tmdb_director,
1462629,Shadows,1994,Ryan Schifrin,year_mismatch page=1958,tt0053270:1958
955848,Kaspar in: New York,1994,Michael Brynntrup,no_suggest_candidates,
1555955,Thrill Kill,1994,Gary Whitson,director_mismatch page=Joshua Seibel,tt2378410:2016|tt6809724:1998|tt1901020:2010
1310728,The Recess,1995,Stephen X. Arthur,director_mismatch page=Navid Nikkhah Azad,tt12367810:2020
1141206,Blinded by the Blood 2: Creep,1995,Steve McNaughton,no_suggest_candidates,
1401471,Maggot,1996,,no_tmdb_director,
1310743,Stephen Arthur's Computer Animation Series: Compilation #1,1996,Stephen X. Arthur,no_suggest_candidates,
761047,The Kindness of Strangers,1996,Bertram Sharp,director_mismatch page=Claudia Myers,tt6515910:2019|tt0491658:2006|tt0426506:2004
1680956,Plastic Hell,1997,Ari Richards,no_suggest_candidates,
1490848,The Horror Of Blood Moon,1997,Lee Lowell,no_suggest_candidates,
1234184,Video Nasties,1997,Paul Shrimpton,director_mismatch page=Greg Pereira,tt21068902:2022
816495,Hubcap,1997,Anie Stanley;Patty Chang,director_mismatch page=Nick Donkin,tt5559526:2021|tt0311307:2001
1653165,The Love of Victoria Anus,1998,Ari Richards,no_suggest_candidates,
1628041,After the Beep,1998,Lucas Knight,director_mismatch page=Alyssa Katalyna,tt0302069:1996|tt30137704:2026|tt32459597:2024
1529529,Columbus Day Weekend,1998,Adam Green,no_suggest_candidates,
1096501,Mr Tomkins and the NHS,1998,Jo Smith;Vincent Lemaire,no_suggest_candidates,
819341,Divorcing Jesus,1998,Rebecca Daczka,no_directors_on_page,tt3125990:2013
815278,3-D ME,1998,Colleen Cruise,no_suggest_candidates,
728401,Succubus,1998,Harry Weinmann,year_mismatch page=1968,tt13778486:2024|tt13358878:2024|tt0062032:1968
732475,Haunted Histories: Zombies,1998,,no_tmdb_director,
1318028,Fempyra,1999,Dawn Murphy,no_suggest_candidates,
1171474,The Black Wolf Project,1999,Dave Palamaro,no_suggest_candidates,
1569099,The Sleepover,1999,Bryan Woods;Scott Beck,director_mismatch page=Chris Cullari,tt10888708:2020|tt2250194:2012
426507,Dead Girls Don't Say Goodbye,2000,William Hellfire,no_suggest_candidates,
819713,Chew the Fat,2000,Sprinkle Magic,no_directors_on_page,tt1680695:2008|tt33643321:2023
1464972,Blade of the Spatula: The Spatula Murders II,2001,Robbie Banfitch,no_suggest_candidates,
1399256,Living Dead World,2001,Mike Zawacki,no_suggest_candidates,
484834,911,2001,Jeff Burton,no_directors_on_page,tt7235466:2018
426519,Lucifer's Lovers,2001,William Hellfire,no_suggest_candidates,
87590,Zombie Jamboree: The Day the Dead..uh..Weren't,2001,Dann Thombs;Chris Thombs,no_suggest_candidates,
1511356,Little Red Riding Hood,2002,,no_tmdb_director,
1439432,Dead Boys Club,2002,Jake Stone,year_mismatch page=2024,tt31501863:2024
1414540,Waker Safety,2002,Chad Waters;Matt Rose,no_suggest_candidates,
1305793,Alice,2002,,no_tmdb_director,
1230836,Recycled,2002,Jaqui McAlpine,director_mismatch page=Lei Lei;Thomas Sauvin,tt0216148:2000|tt3900770:None|tt3044432:2012
1189981,Østers,2002,Julian Norum,no_suggest_candidates,
1181499,Saul's Pupils,2002,Andrew Harrison,no_suggest_candidates,
1149835,An Early Movie,2002,Bill Plympton,no_suggest_candidates,
735592,Unloved,2002,Patrick Daughters,year_mismatch page=2001,tt0304874:2001
1529531,"Oh, Sherrie",2002,Adam Green,no_suggest_candidates,
1641937,Attack of the Giant Turtle,2003,Nathan Schiff,no_suggest_candidates,
1641935,The Strain,2003,Nathan Schiff,director_mismatch page=Mike Doyle,tt2654620:2014|tt1100593:2007
1641930,Dirty Scales,2003,Nathan Schiff,no_suggest_candidates,
1641929,Cocktails at Midnight,2003,Nathan Schiff,no_suggest_candidates,
1529534,The Real World Hollywood,2003,Adam Green,no_suggest_candidates,
1240338,Apparition,2003,Thierry Lopez,year_mismatch page=2012,tt6032704:2019|tt2959536:2015|tt2206166:2012
742568,The Hap Hapgood Story,2003,Jacob Gentry,no_suggest_candidates,
594458,Sheep's Clothing,2003,Jason Liquori,no_directors_on_page,tt2445698:2013|tt41794298:2026|tt0939421:1957
594454,Dark Rose: 700 Year Itch,2003,Jason Liquori,no_suggest_candidates,
742573,Lost Souls,2003,,no_tmdb_director,
740393,Yamaba,2003,,no_tmdb_director,
732476,Heartbroken Trip,2003,,no_tmdb_director,
1221008,The Last F*ck,2003,Shawn Durr,no_suggest_candidates,
1529533,Steven's Room,2003,Adam Green,no_suggest_candidates,
1221005,"Die, F*ggot, Die!",2003,Shawn Durr,no_suggest_candidates,
1681343,Amid the Dead,2004,Kate Duffy,no_suggest_candidates,
1660271,Azathoth,2004,Nicolas Marie,director_mismatch page=Ivan Lachance,tt8031482:2017|tt5506752:2016
1655190,The Love Craft,2004,Eric Morgret;K.L. Young,no_suggest_candidates,
1655182,Shadowdog,2004,Edward Martin III,no_suggest_candidates,
1414537,Vows,2004,Edward Martin III,director_mismatch page=Barret Mulholland,tt39462891:None
1251563,Rez-Erection,2004,Peter Kim,no_suggest_candidates,
594465,Crying Wolf,2004,Jason Liquori,director_mismatch page=Tokodi Sandor,tt0150232:1947|tt3389736:2013|tt4914382:2016
1526852,Killer Weed,2004,Chris Merritt,no_directors_on_page,tt1359429:2007|tt15534890:None
1529540,Trick or Treat,2005,Adam Green,director_mismatch page=Jack Hannah,tt0092112:1986|tt7606636:2019|tt0045261:1952
1228122,Home video,2005,Edward Boase,no_suggest_candidates,
1113956,The Handyman,2005,Alex Pucci,year_mismatch page=1980,tt37922826:2025|tt37577758:2025|tt0080886:1980
1732782,PMS Survival Tips,2005,Maurice Devereaux,no_suggest_candidates,
1623870,Mommy May I Sleep with Death: The Virginia Scum Story,2005,Jamie Greco,no_suggest_candidates,
1007552,Black Woods,2005,Jacob Foltz,year_mismatch page=2001,tt0279695:2001
1660304,Dying,2006,Jordan Lofgren,year_mismatch page=2024,tt27165281:2024
1448903,The Sphynx,2006,Andrzej Klimowski;Andrew Kavanagh,no_suggest_candidates,
1420363,Mariscos e Miolos,2006,,no_tmdb_director,
1418707,On Blood and Wings,2006,Christoph Spehr,no_suggest_candidates,
1380307,Babyface,2006,,no_tmdb_director,
1159760,Return to Bronson Canyon,2006,Bob Furmanek,no_suggest_candidates,
735880,Ghosts of Chillingham Castle,2006,,no_tmdb_director,
606432,Valentines Massacre,2006,,no_tmdb_director,
30498,All Hallows,2006,Karl Sundstrom,director_mismatch page=Gunner Bedford,tt28077817:None
1526861,Killer Weed 2,2006,Chris Merritt,no_suggest_candidates,
1691493,Sleep,2006,,no_tmdb_director,
1228069,The Passion of Zombie Jesus,2006,Ira Hunter,no_suggest_candidates,
865114,Night Marchers II: Return Of The Ka'ai,2006,Brent Cousins,no_suggest_candidates,
1662084,The Shadow Traveler,2007,J.J. DeRiomol,no_suggest_candidates,
1483389,Amalgam,2007,Craig Murray,director_mismatch page=Roman S. Koenig,tt27866599:2023|tt30261521:2021|tt7430616:2013
1408373,Sacrificed,2007,Keith Bradley,director_mismatch page=Mitch Underhill,tt7265706:2017
1139143,"He Loves Me, He Loves Me Not",2007,Tim Ritter,no_directors_on_page,tt0291579:2002|tt35745484:2022|tt38113441:2024
1059142,Decadence Of Flesh,2007,,no_tmdb_director,
218607,"Hey, You've Got Zombies in Your Backyard",2007,Greg Hanson,no_suggest_candidates,
212027,Dead Fortunate,2007,Marc Smith;Ross Hornby,no_suggest_candidates,
670127,Real Thing,2007,Rupert Glasson,no_suggest_candidates,
147740,H.I.Z. (Erection Der Zombie),2007,Matthew Kennedy;Conor Sweeney,no_suggest_candidates,
5655,Dairy of Terror,2007,,no_tmdb_director,
1683532,Self Preservation,2008,David Dunaway;Garrett Swanson,director_mismatch page=Blake West,tt2720064:2009
1660837,The Call of Cthulhu,2008,Paula Haifley,director_mismatch page=Edward Martin III,tt0478988:2005|tt15831948:None|tt12422870:2001
1435175,Pickman's Song,2008,Josh Bentley,no_suggest_candidates,
1403250,School of the Dead,2008,Chris Stanway,director_mismatch page=John D. Robinson,tt5519294:2016|tt2386280:None
1189512,A Little Less Living - The Inglorious Zombie Bastards,2008,Rune Tveiterås,no_suggest_candidates,
439421,Spiritual Of Snake,2008,,no_tmdb_director,
87616,Zombie Zinger: A Bedtime Story,2008,Dann Thombs,no_suggest_candidates,
1281412,Amateur Porn Star Killer 2: Snuff Edition,2008,Shane Ryan-Reid,no_suggest_candidates,
1482395,The Best of Care,2008,Jeff London,no_suggest_candidates,
1259840,They Hunger,2008,Christopher Dombrosky,no_suggest_candidates,
1378965,Don't Go in the Woods,2008,Ben Dugan,director_mismatch page=Will Keizer,tt0182996:1981|tt1651065:2010|tt6359516:2016
1070772,Little Sister Gone,2008,Adam Wingard,no_suggest_candidates,
732465,"Great Cemetaries of the World: Metarie & St. Louis New Orleans, Louisiana",2008,,no_tmdb_director,
964434,DECAMPMENT,2008,Nicola Kuperus;Adam Lee Miller,director_mismatch page=Josh Mossotti,tt1757719:2010
1667945,Malfunction,2009,Ayce Kartal,no_directors_on_page,tt0269509:2001|tt39282315:2026|tt8776932:2018
1482259,Baby Sounds,2009,Paul Hungerford,no_suggest_candidates,
1461995,The Fridge Monster,2009,Drew Daywalt,no_suggest_candidates,
1459159,Five Minutes Earlier,2009,Drew Daywalt,no_suggest_candidates,
309102,Castle Ghosts of the British Isles,2009,,no_tmdb_director,
1221158,Mirror,2009,Hasani Walker,no_suggest_candidates,
338510,The Occulist,2009,,no_tmdb_director,
1660306,Fhtagn,2009,Miguel Santin,director_mismatch page=Frank Sanders,tt10269796:2015
1431844,Shoeicide,2010,Alex Groupman,no_suggest_candidates,
1416944,The Bad Cookie,2010,Drew Daywalt,no_suggest_candidates,
1407518,Adam Mudman's House o' Pancakes,2010,Adam Bezecny,no_suggest_candidates,
977638,"HALF ASS CARTOON - ""Tom Wants Head""",2010,Phil Stevens,no_suggest_candidates,
977637,"HALF ASS CARTOON 2 - ""Kate Wants Drugs""",2010,Phil Stevens,no_suggest_candidates,
272320,The Uninvited,2010,,no_tmdb_director,
938116,Deliver Me,2010,Steven Sheil,no_directors_on_page,tt20832442:2024|tt41104935:2026|tt1237109:2008
1660822,The Call,2010,Karol Orzechowski,year_mismatch page=2020,tt10530176:2020|tt1911644:2013|tt12971924:2020
386865,Jack,2010,Drew Daywalt,no_suggest_candidates,
1276802,Exposure,2010,Marc Messenger,year_mismatch page=2023,tt29344040:2024|tt2251306:2013|tt20237152:2023
1141668,Alien Mutation Thingy,2010,John R. Walker,no_suggest_candidates,
1660143,The Lurking Fear,2010,Eric Koenig,year_mismatch page=2015,tt3171196:2023|tt4659750:2015
1221163,Ballface.,2010,Joe Hamilton,year_mismatch page=2026,tt43625050:2026
1662085,The Call of Cthulhu in Under 2 Minutes,2010,Declan Moran,no_suggest_candidates,
1667216,Shoreditch of the Dead,2010,Steve Cutts,no_suggest_candidates,
386883,Doppelganger,2010,Drew Daywalt,no_directors_on_page,tt0106753:1993|tt0403990:2003|tt37171118:None
1659140,Dunwich,2010,,no_tmdb_director,
1659133,Call of C'thulu,2010,,no_tmdb_director,
1237431,Heather and Puggly's Christmas Special,2010,Chris Seaver,no_suggest_candidates,
1659785,The Forbidden Forest,2011,Keith Rondinelli,no_directors_on_page,tt10408688:2019|tt7137958:2018|tt31731881:2020
1529544,Downloading and You,2011,Adam Green,no_suggest_candidates,
1482541,Trapped by the Trapper,2011,Gary Whitson,no_suggest_candidates,
1467916,Slavegirl Auction: The Abduction Files,2011,Gary Whitson,no_suggest_candidates,
1447805,Black Horizon,2011,Heiko Thies;Daniel Fluegger,no_directors_on_page,tt3902764:None
1400213,They All Die,2011,Adam Zivojnovich,no_suggest_candidates,
406072,Call to Forehead,2011,Andrew Gingerich;Vincent Gagnepain,no_suggest_candidates,
1280647,Late Afternoon of the Dead,2011,,no_tmdb_director,
1662071,The Courtyard,2011,Jack Brissenden,director_mismatch page=Fred Walton,tt0112727:1995
1662140,Rumblings,2011,Zach Kreinik,director_mismatch page=J. Hanna,tt5337606:2017
1161151,The Swarm,2011,Tom Harper,year_mismatch page=2020,tt0808491:2023|tt0078350:1978|tt10675724:2020
763038,The Gamers: Curse of the Cart,2011,Keenan Hynes,no_suggest_candidates,
218038,Phi Nong Mia,2011,Maggy Loo,no_suggest_candidates,
1270416,Death Lake - The Movie,2011,,no_tmdb_director,
1660819,Of Love and Sea Monsters,2011,Jessie Kotis,no_suggest_candidates,
1667328,Human Nature,2012,Yevgeni Krachak,year_mismatch page=2019,tt0219822:2001|tt43648764:2026|tt9612680:2019
1661461,A Cruel Tale: Return to the Dream,2012,Andrés Vidal Alarcón,no_suggest_candidates,
1413769,The Wooden Mirror,2012,Kara Sowles,no_suggest_candidates,
1410730,Brine Leak,2012,Willis Mandeville,no_suggest_candidates,
273714,Ghost and Demon Children of the Damned,2012,,no_tmdb_director,
505200,Taped Nightmare,2012,Iselin Toubro,no_suggest_candidates,
1451310,The Evil Bread,2012,Rory McHenry;Edward McHenry,no_suggest_candidates,
1356776,The Night Before Christmas,2012,Bart Grieb,director_mismatch page=Hazel Morgan;Diane Paloma Eskenazi,tt21974146:2022|tt0057637:1961|tt1125873:1994
1370236,Mad Dog,2012,Carter deLaat,no_directors_on_page,tt7396412:2017
197154,Following Death,2012,,no_tmdb_director,
1416981,Barbershop of Horrors,2012,Alejandro Garcia,no_suggest_candidates,
1077737,Wendigo,2012,Matt Rogers,year_mismatch page=2011,tt29332321:2011
1661601,Withdrawal,2012,Ian Morris;Charles Hamilton,director_mismatch page=Josue Sanchez,tt2351429:2011|tt3647086:2013
1232715,Killer Willy - A Horror Tale,2012,David Hubert,no_suggest_candidates,
1660235,H.P. Lovecraft's The Outsider,2012,Rob Fitz,no_suggest_candidates,
1660130,The Thing on the Doorstep,2012,Simon Cope,no_suggest_candidates,
1662067,The Enlightenment of Inspector Legrasse,2012,Lisa Marie Brackney,no_suggest_candidates,
1467064,The Paper Mask,2012,Rhidian Gatrill,no_suggest_candidates,
1662077,Kingsport,2012,Joseph Konroy,no_suggest_candidates,
1674088,The Lambton Worm,2013,Carey Nutman,no_suggest_candidates,
1444024,House Wins,2013,Dan Fox;Sam Fox;Ricky-Marcel Pitcher,no_suggest_candidates,
1440278,The Cursed Maidens,2013,Jared Prophet,no_suggest_candidates,
1438745,Laboratory,2013,Matt Rogers,year_mismatch page=2018,tt0229523:1983|tt11058056:2018
1438280,The Afterparty,2013,Marichelle Daywalt,director_mismatch page=Bella Sloan,tt12614214:2022|tt12496724:None|tt18270538:2022
1435259,Piercing,2013,Kayla Stephens;Anjana Stephens;Angelie Stephens;Tara Pires,director_mismatch page=Margherita Ferri,tt6516314:2018|tt38793389:None
1430638,Don't Make a Sound,2013,Joe Savage,director_mismatch page=Jeff Thieme,tt26689025:2024|tt7852112:2018|tt21873162:None
1430636,Don't Look Under the Bed,2013,Limbless Larry,director_mismatch page=Dakota,tt0208101:1999|tt0387174:2001|tt1753727:2010
1428877,Red Riding Hood,2013,Roz Francis,year_mismatch page=1987,tt1486185:2011|tt0385988:2006|tt0093831:1987
1428576,Spacefish: Help Unwanted,2013,Gaetano Evangelista,no_suggest_candidates,
1427899,Surprise,2013,Christopher Suffield,year_mismatch page=2024,tt26545301:2023|tt43586912:2026|tt18553828:2024
1427863,Spite,2013,Marc Newington,no_directors_on_page,tt36484338:None|tt27122550:None|tt7740056:2018
1426859,Unlucky,2013,Jonny Ruff,year_mismatch page=2027,tt4471036:2016|tt43646636:2027
1426844,Under Your Bedsheets,2013,John Tatevosyan,no_suggest_candidates,
1426330,Closing,2013,John Allen,no_suggest_candidates,
1423459,Jars,2013,Lexx Oliver,director_mismatch page=Rankin Dean,tt39394302:2026|tt8550222:2018
1420695,Cold Shoulder,2013,Nadine Davis,director_mismatch page=Carine Koleilat,tt2296695:2012|tt2449460:2012
1420130,Reflections,2013,Richard Elson,year_mismatch page=2008,tt0094242:1987|tt1071203:2008
1419544,3 Weeks,2013,Charles Normsaskul;Laura Tomkinson,no_suggest_candidates,
1419532,There's Some THING in the Closet,2013,Gavin John,no_suggest_candidates,
1415529,Charity,2013,Jack Turner,no_suggest_candidates,
1414543,The Waking Scream,2013,Rob Barratt,no_suggest_candidates,
1413008,Malevolent,2013,Ahmad Dabiri,no_directors_on_page,tt2386237:2018|tt0289589:2002|tt21852378:2020
1412528,Slender Crucis,2013,Liam Taylor,no_suggest_candidates,
1411874,Eyes Wide Open,2013,Steven Dorrington,year_mismatch page=2018,tt1424327:2009|tt8624064:2016|tt6593242:2018
1410727,The Briefcase,2013,Paul Laight,no_directors_on_page,tt0458336:2005|tt1641829:2011|tt4658248:2015
1408833,Passé,2013,Gabriel Wynn;Nathan Freeman,no_suggest_candidates,
1408832,"Papa, Papa",2013,Simon Woodsford,no_suggest_candidates,
1408365,"Run, Run, Run",2013,Kallum Corke,no_suggest_candidates,
1408359,Run!,2013,Simon Coppen-Gardner,year_mismatch page=2020,tt8633478:2020
1406465,Höof,2013,Oliver Murray,director_mismatch page=Tymon Brown,tt42392174:None|tt4426190:2017
1406378,The Homecoming,2013,Richard Topping,year_mismatch page=1973,tt0070188:1973
1406351,Home Cooking,2013,Baz Hodson,director_mismatch page=Herman C. Raymaker,tt9521412:2010|tt28223361:2024|tt4864804:1924
1406063,Oculous,2013,Chris Meyer,no_suggest_candidates,
1404968,Dinner for Two,2013,Ross Harris,director_mismatch page=Alan Weischedel,tt1354539:2000|tt8337466:2018|tt5125062:2015
1404966,Dinner Bourguignon,2013,Marc Newington;Bradley Sparks;Ben Yaman,no_suggest_candidates,
1404443,Beauty,2013,Charles Dalton,no_suggest_candidates,
1403883,Face 2 Face,2013,Vicki Bourke,year_mismatch page=2012,tt2562286:2012
1403214,Sausage Sandwich,2013,Ian Martin,no_suggest_candidates,
1402678,Never Look Behind You,2013,Lefty Caligari,no_suggest_candidates,
1402200,Peep,2013,Dean Batty,no_suggest_candidates,
1400698,Trapped,2013,Jack Sauverin,year_mismatch page=2016,tt3561180:2015|tt0280380:2002|tt6206564:2016
1400672,Tough Love,2013,Graham Jones,year_mismatch page=2014,tt3263952:2014
1400178,Goodbye Wave,2013,Richard Howe;Benni Goodman,no_suggest_candidates,
1400176,Gone in Sixteen Seconds,2013,Justin Bayley;Dean Scanlon,no_suggest_candidates,
1400171,Gone,2013,Liam Rooke;Lucy Wilkins,year_mismatch page=2012,tt1838544:2012
1400163,Going Out,2013,Chris Lane,director_mismatch page=Onse Jeon,tt0197152:1981|tt14613680:2021|tt8634474:2018
1399272,The Lovers,2013,Greg Simmons,year_mismatch page=1958,tt21282348:2023|tt5770620:2017|tt0052556:1958
1398890,Be Mine Forever,2013,Laura Dengan,no_suggest_candidates,
1398887,Bath Time,2013,Tasos Constantinou,director_mismatch page=Chelsea McMullan;Raha Shirazi,tt14348484:2015|tt1537199:2007|tt0486086:2004
1398884,Baby Monitor,2013,Steven West;Ewa Madrzynska,director_mismatch page=Eric Lauga,tt1525554:2011|tt1571969:2004
1398421,Mr. Cuddles,2013,Jack Payne,director_mismatch page=Todd Condit,tt33310193:2015
1398414,More Cookies,2013,Matina Prapa;Eleni Politopoulou,no_suggest_candidates,
1398410,Monstrum,2013,Fern Taylor,no_directors_on_page,tt4374286:2018|tt14914174:2018
1398390,Merciless,2013,Populous Odd,no_directors_on_page,tt4050554:2014
1396896,In the Dark,2013,Henry Whicker,year_mismatch page=2000,tt7772602:2019|tt20852180:2000
1396877,Hungry Mama,2013,Ahmad Dabiri,no_suggest_candidates,
1396471,The Black Forest,2013,Samuel Bunce,director_mismatch page=Gene Martel,tt8702008:2018|tt10409958:2019|tt0283266:1954
1396467,Bitter Eyes,2013,Andy Mark Simpson,no_suggest_candidates,
1396462,Beware,2013,Richard Howe,no_suggest_candidates,
1395656,Revenge of a Doll,2013,Amanda Hebert;Estella Hebert;Sabrina Förster,no_suggest_candidates,
1395653,The Return of the Ripper,2013,Georgina Haslam,no_suggest_candidates,
1395243,Grandma,2013,Andy Siddons;Henry White,year_mismatch page=2024,tt4270516:2015|tt25382174:2024
1394897,Within the Woods,2013,Harry Fisher,no_directors_on_page,tt0078503:1978|tt0469227:2005|tt13723318:None
1394896,Welcome Home,2013,Antonio Ielo;Sergio Pizzonia,year_mismatch page=1989,tt13381376:2020|tt6829180:2018|tt0098631:1989
1394892,Waltz with a Sad End,2013,Blair Skinner,no_suggest_candidates,
1394330,Nightcrawlers,2013,Matt Viney;Ben Ryding,year_mismatch page=2009,tt8511850:2019|tt3279096:None|tt0985060:2009
1393803,Dave Called in Sick Today.,2013,James Chappell,no_suggest_candidates,
1393251,The Killing Joke,2013,Jon Rist,director_mismatch page=Sebastian Lopez,tt2705012:2012
1392712,Summon the Scareclown,2013,David Scullion,no_suggest_candidates,
1392296,Awake,2013,Andy Sowerby;Jack Wormell,no_directors_on_page,tt1839683:2012
1392145,At the Door,2013,Paul MacCrimmon,no_suggest_candidates,
1391803,Fallen Star,2013,David Sanderson,year_mismatch page=2025,tt33256622:2025
1391156,Her Prey,2013,Jordan Chan,director_mismatch page=William Worthington,tt0333557:1915
1391133,After the Fall,2013,Greg Simmons,year_mismatch page=2014,tt2815966:2014
1390936,Undead,2013,Graham Jones,year_mismatch page=2003,tt0339840:2003
1389306,Deader than the Undead,2013,Populous Odd,no_suggest_candidates,
1388894,Death's Door,2013,Simon Genchi,year_mismatch page=2008,tt4136518:2015|tt5631642:2020|tt0439536:2008
1388447,Above,2013,Jack Attwood,no_suggest_candidates,
273706,Antisocial Behavior,2013,,no_tmdb_director,
272488,Dark Passenger,2013,,no_tmdb_director,
1662095,The Other Gods,2013,Adrian Alemany,director_mismatch page=Peter Rhodes,tt0877358:2006
1660134,The Old Town,2013,,no_tmdb_director,
1479106,Slender,2013,Alan Smithee,year_mismatch page=2015,tt3317158:2016|tt5977852:2016|tt6449880:2015
299900,Blink,2013,Tolu Ajayi,year_mismatch page=1994,tt29259074:2024|tt11519070:2022|tt0109297:1994
197398,Court and Hallie's wedding,2013,,no_tmdb_director,
1660802,The Calling,2013,León Eduardo Armenta,year_mismatch page=2014,tt1666335:2014
1660167,Worldwide Wireless Newsreel: Antarctic Expedition,2013,,no_tmdb_director,
875119,Sleep,2013,Christopher Younes,year_mismatch page=2023,tt8209702:2023
1660770,Thriving Infatuation,2013,Lindsey Cook,no_suggest_candidates,
1248402,saints cove,2013,,no_tmdb_director,
1660799,The Stall,2013,Mike Lombardo,year_mismatch page=2016,tt3698714:2016
1660274,3 Evils,2013,thomas lewis,no_suggest_candidates,
1094317,Texas Chainsaw Massacre: New Blood,2013,Ron McLellen,no_suggest_candidates,
260797,A...,2013,Peter Czikrai,no_suggest_candidates,
394289,Room 119,2013,,no_tmdb_director,
1641874,Sommerliebelei,2014,Marian Dora,no_suggest_candidates,
1529546,Turn Off Your Bloody Phone,2014,Adam Green,no_suggest_candidates,
1454186,Box,2014,Anthony Knight,no_suggest_candidates,
1314940,Applecart - Pilot Episode,2014,Dustin Mills,no_suggest_candidates,
938141,Looking Good,2014,Lee Burgess,director_mismatch page=Neil Soffer,tt33164060:2008|tt5804016:2016
494111,Z,2014,Michael Clinkenbeard,year_mismatch page=1969,tt0065234:1969
1660154,The Lovecraft Alphabet,2014,Richard Svensson,no_suggest_candidates,
1570831,Manitas del Bebé,2014,Orkgotik,no_suggest_candidates,
1379062,Initiation,2014,Coco Young;Karley Sciortino,year_mismatch page=2009,tt7397098:2020|tt0094385:1987|tt1396579:2009
301424,Spookshow-A-Go-Go!,2014,,no_tmdb_director,
243724,The Pendulum,2014,Rene Bjerregaard,no_suggest_candidates,
306692,Three:15am - Two Sentence Horror Adaptation - Daddy... There's Something On My Bed...,2014,Koh Chong Wu,no_suggest_candidates,
347992,What Happened To Anne,2014,Adam Roberts,no_suggest_candidates,
264262,It was a Midsummer's Afternoon,2014,Larry Alan,no_suggest_candidates,
288393,My Lucid Dungeon,2014,,no_tmdb_director,
1660147,The Call,2014,P.H. Debiès,year_mismatch page=2013,tt1911644:2013
1481989,Hide and Seek,2014,Carles Torrens,year_mismatch page=2013,tt3155654:2013
894399,Tether,2014,D.J. Arizmendi;Sergio Mendoza,year_mismatch page=2023,tt32552696:2026|tt30325045:2025|tt28598466:2023
742849,Silhouettes,2014,Reece Scane,year_mismatch page=2017,tt1988785:2011|tt13159496:2020|tt2150068:2017
298649,Berenice,2014,Jeremiah Kipp,year_mismatch page=1983,tt7504268:2017|tt0086953:1983
354736,Home Sweet Home,2014,Frank Sabatella,year_mismatch page=2025,tt0082522:1981|tt33308903:2025
306654,Domestic Blood,2014,Alexis Korotash,no_suggest_candidates,
1660232,H.P. Lovecraft's Dagon,2014,Martin Backman,no_suggest_candidates,
1228960,Terror in Times Square: A Guide To Nightmare's Grindhouse Kingdom,2015,Calum Waddell,no_suggest_candidates,
398646,The Silence,2015,Maf Lewis,year_mismatch page=2010,tt7315484:2019|tt0057611:1963|tt1361835:2010
833838,Sahasam Seyara Dimbaka,2015,,no_tmdb_director,
1660227,The Call,2015,,no_tmdb_director,
1499747,Ashes,2015,Likozor,year_mismatch page=2024,tt21308718:2024
539192,Dia,2015,M.Jamil;Rizal Halim,no_suggest_candidates,
441756,Blood That Doesn't Die,2015,Elijah Jefferson,no_suggest_candidates,
389620,Waiting,2015,,no_tmdb_director,
808334,Eat Me,2015,Jerry Pyle,year_mismatch page=2000,tt4229864:2018|tt38944472:None|tt0148095:2000
473937,Faceless Killer,2015,Ben Irvine,no_suggest_candidates,
1729939,Chainsmoker Cat,2015,Mortiz Plichta,no_directors_on_page,tt39551330:2026
541581,Slumber,2015,Jack McFarlane;Martin Lancaster,year_mismatch page=2017,tt5181852:2017
379856,People in the Trees,2015,Jonah Vigil,no_suggest_candidates,
1661455,Out of the Basement,2015,Benjamin Dewhurst,no_suggest_candidates,
1655185,This Horror Most Unreal,2015,Max Minor,no_suggest_candidates,
365981,HALFMOON,2015,Nicholas Janzen,year_mismatch page=2006,tt28651238:None|tt1713452:2010|tt0847050:2006
363129,The Redux,2015,William Teasdale,no_suggest_candidates,
1599188,Chata,2015,Jan Hanuš,no_suggest_candidates,
392196,Once Upon a Blood Moon,2015,Robert C. Eaton,no_suggest_candidates,
379108,HPL Insurance,2015,Joseph Nanni,no_suggest_candidates,
627630,The Field,2015,Joseph Monahan;Callum Smith,year_mismatch page=1990,tt0099566:1990
1718432,Prasizzler Queen of the Dessert,2016,Emmett Aldred,no_suggest_candidates,
1681308,Alone,2016,David Avery Grasse,no_directors_on_page,tt4803766:2015
1655177,Ray Bradbury's The Homecoming,2016,Ben Wickey,no_suggest_candidates,
1653909,Rundead,2016,Björn Rühmann,no_suggest_candidates,
1014888,My Forest,2016,Andrei Turcan,director_mismatch page=Thomas Lindemann,tt2932134:2013
761195,Hell on Earth,2016,Ted A. Bohus,director_mismatch page=Dennie Gordon,tt8088774:2014|tt0022204:1931|tt0993843:2007
378536,The Original Classic,2016,,no_tmdb_director,
1540546,Midnight,2016,Ivan Malekin,year_mismatch page=2021,tt14757872:2021
363973,Down On It,2016,,no_tmdb_director,
433616,The Modular Body,2016,Floris Kaayk,no_suggest_candidates,
400162,Invasion,2016,Wes Ball,year_mismatch page=2024,tt9737326:2021|tt0460651:2005|tt21265054:2024
975061,Alone,2016,KJ Harvey,no_directors_on_page,tt4803766:2015
413133,Three,2016,Nolan Lampson;Victor Xia,no_suggest_candidates,
960580,The Balcony,2016,Mike L Taylor,director_mismatch page=Anya Martin,tt1515736:2008|tt0056847:1963|tt21267678:2022
1691714,The Day Will Come When You Won't Be,2016,,no_tmdb_director,
695651,Til Death Do Us Part,2016,Tim Bell,year_mismatch page=2017,tt6848602:2017
1323348,Slenderman Killings: Beyond Evil,2016,,no_tmdb_director,
1312771,IV Nightmares,2016,,no_tmdb_director,
741266,"Cannibals, Self-Mutilation and Bloody Revenge: The Making of Late Night Double Feature",2016,,no_tmdb_director,
508482,Family Dinner,2016,,no_tmdb_director,
1465603,House Of The Black Cat,2017,Chris Milewski,no_suggest_candidates,
1406061,Memory,2017,Richard Svensson,year_mismatch page=2025,tt11827628:2022|tt19864828:2023|tt37814864:2025
797114,Swords and Bitches III: Blood Orgy of the Spider Queen,2017,,no_tmdb_director,
911072,Dance with the Devil,2017,Kenneth Collins,director_mismatch page=Viola Baldwin,tt30217626:2024|tt0805187:2006|tt1263741:2008
666016,The Mauling,2017,Carey Tsiaves,no_suggest_candidates,
666010,Carrion,2017,Riley Bullock,year_mismatch page=2016,tt5833234:2016
1009058,A Cult in Time,2017,Sumit Kumar Sinha,no_suggest_candidates,
1496153,I Live in a Box,2017,Joshua Butler,no_suggest_candidates,
508431,Tattooist,2017,,no_tmdb_director,
1534706,The Favor,2017,Mykyta Budantsov,director_mismatch page=Park Jae-hyun;Doyeon Noh,tt0109783:1994|tt39746800:2026
1383351,Franz,2017,Kenny M. Williams,year_mismatch page=2025,tt17070412:2025
509525,Cellphone PSA,2017,Jose Ho-Guanipa,no_suggest_candidates,
811893,Someone's There,2017,Cameron Gallagher,director_mismatch page=Matt Simon,tt2989860:2012
817742,Ouija 2: Monsterpocalypse,2017,Thomas Brinson,no_suggest_candidates,
537922,Death Drive,2017,Sean Pearson,director_mismatch page=Rob Boyd,tt4040672:2014|tt32283637:2025|tt26220432:2023
1092009,Wake Up,2017,Tyler Jones,year_mismatch page=2022,tt28662887:2023|tt11609074:2020|tt14465126:2022
729883,Paranoia: A Silent Film,2017,Caleb Boatman,no_suggest_candidates,
1660918,I Dream of Lovecraft,2017,Lora Friess;Travis Friess,no_suggest_candidates,
1659134,Dreams in The Witch House,2017,Gabrielle Henderson,year_mismatch page=2024,tt3161548:2013|tt38784569:2024
1655174,Creation of The Necronomicon,2017,Henrik Möller,no_suggest_candidates,
1146501,Catching Dragonflies,2017,Michael Ivy-Lexon,director_mismatch page=Paul Donnelly;April Howard,tt14992506:2016
521559,Bloody Game,2017,Esdden Rauf,no_directors_on_page,tt19372622:2021
1314943,I Found God,2018,Dustin Mills,no_directors_on_page,tt27918984:1998
557990,Off Duty,2018,Becki Pantling,director_mismatch page=Shetal Shah,tt9213768:2019
986371,Happy Wife,2018,Jack Goody,director_mismatch page=Grace Stromatt,tt38705275:2025
1696829,"Out Back, Behind the Shrubs",2018,Kyle Mangione-Smith,no_suggest_candidates,
553985,Revenge of the Spooky Ghosts,2018,,no_tmdb_director,
912549,The Elevator,2018,Jordan Hudecz,year_mismatch page=2021,tt9641054:None|tt15019152:2023|tt13022214:2021
918247,Raisin,2018,Danny Hunt,no_suggest_candidates,
522730,Blood Pen,2018,Derek Qiu,no_suggest_candidates,
936369,Awake,2018,Nick Coronis,year_mismatch page=2019,tt7584702:2019
1465610,Pharmacophobia,2018,Chris Milewski,no_suggest_candidates,
530419,Attack of the Killer Screenwriter,2018,,no_tmdb_director,
875133,Paralysed,2018,Ethan Bayes,director_mismatch page=Phillip Braun;Alex Silberberg,tt27237585:None|tt4513684:2013
1487469,Hide And Seek,2018,,no_tmdb_director,
928808,The Rapture Disaster,2018,Gary J Hewitt,no_suggest_candidates,
1366077,Mine,2018,Jesus Diez Perez,director_mismatch page=Álvaro De La Herrán,tt3707104:2016|tt14023192:2021|tt2756488:2013
552844,Nameless,2018,Rodrigo António;Rafael Soares,director_mismatch page=Thurman Bryan;Luis Esteban,tt28368762:2026|tt42972499:2026|tt3255154:None
1533551,BOB,2018,Josh Barry,no_suggest_candidates,
809224,Babysitting,2018,Octavian Kaul,year_mismatch page=2014,tt3013602:2014
569001,Massacre on Martin & 3rd: A Neoliberal Horror Story,2018,,no_tmdb_director,
725636,My Demon Girlfriend,2018,Jonathan Cook,director_mismatch page=Trevor Mayes,tt3534834:2014
556382,USB,2018,Matthew Taylor Blais,director_mismatch page=Corrinne Wood,tt1365566:2009|tt42561013:2026|tt3575948:2014
1484526,Shepard,2018,Nick Sowmick,no_suggest_candidates,
893036,The Pig,2018,Austin Freetage;Josh Orms,no_suggest_candidates,
887078,Zombies From the Snow,2018,Matthew Patzner,no_suggest_candidates,
1154158,The House With Them In It,2018,Landon Van Bibber,no_suggest_candidates,
654241,Le Portrait de la Bouillie,2018,Callum James,no_suggest_candidates,
570788,The Moon,2018,Barry Bakarian;Will Frederickson;Sam Jimenez,year_mismatch page=2023,tt27688034:2023
1254741,Backyard Gore Torture,2019,Gore Filth,no_suggest_candidates,
1139147,Santa Kills,2019,Tim Ritter,no_suggest_candidates,
962317,Strange Times,2019,Andrew Sacchini,director_mismatch page=Gene Gabriel;Drew Moerlein;Vince Oddo,tt12755162:2020|tt12402344:2020
662016,Tainted,2019,Jose Salazar,year_mismatch page=2020,tt3952864:2020
579561,Death,2019,Brendan Sheardy,no_suggest_candidates,
749105,Jennifer Again,2019,Kyle Mangione-Smith,no_suggest_candidates,
874706,MIA,2019,Adrian Ho,no_directors_on_page,tt33253070:2026
663481,Seance,2019,Anthony Lawrence,year_mismatch page=2007,tt11188624:2021|tt0259388:2000|tt0989851:2007
757559,The Animator 2,2019,Trent Shy,no_suggest_candidates,
616831,3 1 6,2019,Richard Imburgio,year_mismatch page=2014,tt4760656:2014
641842,Under My Skin,2019,Jackson Ciha,director_mismatch page=Zaira Armendariz,tt10332272:2020|tt12496048:2020
1571453,Bizarre 1 Hour Trailer Bazaar!,2019,,no_tmdb_director,
735034,Kriminal!,2019,,no_tmdb_director,
640824,Ocimokw!! (Go Away!!),2019,Mattis Ottawa,no_suggest_candidates,
1533525,The Hearing,2019,Mr. Celebrity,year_mismatch page=2024,tt33059950:2024
737294,Children of Wrath,2019,Josh Boles,director_mismatch page=Benjamin Ironside Koppin;Matthew John Koppin,tt3637784:2013
736356,Method,2019,Lomai,director_mismatch page=Ashton Arbab,tt7022402:2017|tt42007331:None
1642307,Dandelion Tea,2019,Stuart Mackay-Smith,no_suggest_candidates,
1370376,After Hours,2019,Luke Aker,year_mismatch page=2026,tt0088680:1985|tt5178792:2015|tt41274735:2026
757392,Night Shift,2019,Jarod Hagen;Trevor Hagen,year_mismatch page=2020,tt9850344:2020
644104,Black Strawberry,2019,Jacques Boyreau,no_suggest_candidates,
647769,Silverback,2019,Jack Farlane,director_mismatch page=Leroy Nguyen,tt5806158:2020
546563,Must Escape from the Slaughtercity,2019,Hank Biro,no_suggest_candidates,
726121,Welcome to the Horror Show: Ping,2019,Ryan Joseph Murphy,no_suggest_candidates,
1698941,The Alive,2019,Cameron Gallagher,no_suggest_candidates,
875289,Welcome to the Horror Show: Turkey Slay,2019,Grace Murphy,no_suggest_candidates,
1603088,Roxanne,2020,Kelly Hughes,year_mismatch page=1987,tt0093886:1987
662601,The Loop,2020,Jake Kowal,year_mismatch page=2017,tt0460655:2006|tt34549029:2024|tt4039628:2017
761863,Basilisk Egg,2020,Dylan Stump,no_suggest_candidates,
1154766,Over One Night,2020,Landon Van Bibber,no_suggest_candidates,
1328583,Just Be,2020,Sarah Koteles,no_suggest_candidates,
1205077,Roger the Rat,2020,Roger Ballen,no_suggest_candidates,
1219327,Ennui du Fromage,2020,Dino Capparelli,no_suggest_candidates,
735993,First Kill,2020,Christian Deschene;James Adams,year_mismatch page=2001,tt13315156:2022|tt5884234:2017|tt0312693:2001
1572581,THE FALL OF THE EVIL OWL,2020,Solomon Neal Yakoob;Owingee Wae,no_suggest_candidates,
1085866,Sylve,2020,,no_tmdb_director,
1190086,Wanna Come Inside,2020,Andy Kilmer,no_suggest_candidates,
1624511,The time I caught a ghost,2020,David Romero,no_suggest_candidates,
676350,The Highest Highs,2020,Alex Edwards,no_suggest_candidates,
711622,UK's Hidden Shadows,2020,Shaun Attwood,no_suggest_candidates,
705515,The Faraway House and The Great Forest,2020,Moritz Kubald,no_suggest_candidates,
1301428,Stew,2020,Tommy Hallal,no_suggest_candidates,
984425,Night Drive,2020,Jef Overn;Timmy Lodhi,director_mismatch page=Keara Graves,tt10989240:2019|tt10259136:2019
917484,Ruins Search,2020,Nue,no_suggest_candidates,
1197056,Celluloid Slaughter Video Magazine Vol. 2,2020,Dustin Ferguson,no_suggest_candidates,
680224,Specky Woods,2020,,no_tmdb_director,
743831,Framed,2020,Thomas Hindy,no_directors_on_page,tt16610728:2021
832000,Incisor,2020,Chad Sabourin,director_mismatch page=Kevin Hejna,tt15108336:2021
1086376,Do Not Enter,2020,Luke McClinton,year_mismatch page=2025,tt3515878:2026|tt27155283:2024|tt37594431:2025
737261,FLESH Control,2020,Christopher McSherry,no_suggest_candidates,
679221,Breakfast,2020,Paul Beattie,no_directors_on_page,tt0262152:2000
804404,Binocular,2020,Billy Tynel,director_mismatch page=Krishnanunni,tt14792958:2005|tt33246684:2024
826983,A Night At Applebee's,2020,Thomas Hwang,no_suggest_candidates,
871443,Glow Dorris,2020,Shelby Wilson,no_suggest_candidates,
751440,Whence Come Brussels Sprouts,2020,Mark Reynolds,no_suggest_candidates,
747962,Jeff Got Stabbed,2020,Peter Levine;Stuart Roelke,no_suggest_candidates,
874998,"I Am Alone, and I Am Afraid",2020,Jacob D'Amour,no_suggest_candidates,
762029,A Gross Misuse,2020,Calvin Novotny,no_suggest_candidates,
761878,Revenir,2020,Matthew Barker,director_mismatch page=London Mahogany,tt2381634:2008|tt3036716:2013|tt8987728:2018
762033,The Shadow,2020,MK19,year_mismatch page=1994,tt0111143:1994
1406081,Under The Bed,2020,,no_tmdb_director,
762057,TNR,2020,Vespa Desu,no_suggest_candidates,
757097,333: Illuminaughty,2020,,no_tmdb_director,
761856,The Office,2020,Alex L,no_directors_on_page,tt0386676:2005|tt0290978:2001|tt34231110:2026
1153610,Belphegor,2020,Stephen Vanderpool,no_directors_on_page,tt36220217:2025|tt0221015:1927|tt0281419:2001
942875,Inhumane,2020,Frank Vella,director_mismatch page=K.M. Jamison,tt4218998:2018|tt35657972:2025|tt4194838:2015
761977,Félina,2020,Cantiane,year_mismatch page=2019,tt9367472:2019
610076,Beautiful and Pitiless,2020,Ove Valeskog,no_suggest_candidates,
1572583,The REVENGE of the Evil Owl,2020,Owingee Wae,no_suggest_candidates,
1447516,"Pathologic, For Those Who Will Never Play It. Act 1.",2020,Ruby Anne Seals,no_suggest_candidates,
1184462,Freaks in the Mountain,2020,John Cabell Barlow,no_suggest_candidates,
1299870,Jajo,2020,Thrush,director_mismatch page=Konrad Szolajski,tt3656136:1984
775607,The Keeper,2020,Damien Fannon,year_mismatch page=2009,tt4642192:2018|tt1296869:2009
1110040,Unwelcomed,2020,Matthew Cogger,director_mismatch page=Derrick Turnage,tt10408982:2019|tt19797926:2019
932811,En Vogue,2020,Dag Kaszlikowski,no_suggest_candidates,
775615,Incubus,2020,Simon Stanford,year_mismatch page=2006,tt0059311:1966|tt0289719:2002|tt0462359:2006
775611,The Farmhouse,2020,Will Douglas;Garreth Carter,year_mismatch page=2021,tt14254284:2021
776203,A Reversal Of Fortune,2020,Ansel Hendrix,no_suggest_candidates,
933205,In-Between,2020,Gokul Vasudevan;Deepesh Vasudev,year_mismatch page=2016,tt36537546:2025|tt3213296:2013|tt5974388:2016
933190,Play with Me,2020,Deepesh Vasudev;Tejas Ewing,director_mismatch page=Spencer Doster,tt20257514:None|tt38777460:2025
1315975,The Mothman Sightings,2020,,no_tmdb_director,
969133,Deliver,2021,Hannah Dweck,no_suggest_candidates,
786928,The Collector's Chest,2021,,no_tmdb_director,
786926,Satanico,2021,,no_tmdb_director,
1062761,Who Knows,2021,,no_tmdb_director,
785916,A Late Night Drive,2021,Michael Gaborno,no_suggest_candidates,
1571890,Necromancy Tutorial: Raising a Draugr,2021,Gunnjón Gestsson,no_suggest_candidates,
1100684,I Paint Pretty People,2021,Lachlan Duncan-Brooke,no_suggest_candidates,
874709,Welcome Home,2021,Lynn Lee,year_mismatch page=2020,tt13381376:2020
1647578,Date Nite,2021,Damian Bishop,director_mismatch page=J.J. Shpall,tt10983384:2020
1082715,Lamps,2021,Piotr Celtner,director_mismatch page=Patrick O&apos;Mahony,tt5134808:2015
1084852,Leave the poor chicken alone and let her rid her fish baby in peace,2021,Zara silver,no_suggest_candidates,
931353,Hollie,2021,Velton Lishke,no_suggest_candidates,
1659001,Asfixia,2021,Romeo  López Aldana,director_mismatch page=Roberval Duarte,tt6560352:2019|tt41405949:2026|tt1855130:2004
811089,Horror Con,2021,James Bryan,no_directors_on_page,tt27500591:None
1647584,Huey's Happy Egg Hunt,2021,Damian Bishop,no_suggest_candidates,
1381250,Plus One,2021,Lisa Marie Tyler,no_directors_on_page,tt7645122:2019|tt1287231:2009
1182757,Lapsed,2021,Patrick Masteller,director_mismatch page=Cybelle Kaehler,tt23330218:2022
876018,Aquarium,2021,Nikiel Suchit,year_mismatch page=2022,tt4946776:2022
822074,All Hallow's Eve,2021,Garry Medeiros,year_mismatch page=2013,tt3569354:None|tt12282604:2002|tt2900624:2013
824423,Meshugas,2021,Mara Bernstein,no_suggest_candidates,
1197058,Celluloid Slaughter Video Magazine Vol. 3,2021,Dustin Ferguson,no_suggest_candidates,
1246794,The House 3,2021,Adrian Liparu,no_suggest_candidates,
1148480,Secretly a Serial Killer,2021,Zander Renzi,no_suggest_candidates,
1246562,The Spirit,2021,Adrian Liparu,year_mismatch page=2008,tt0831887:2008
1123023,WEYMOUTH'S FIRST ACTION MOVIE,2021,Ben Scorsese,no_suggest_candidates,
1246557,Me Vs. Me: The Red Butterfly Case,2021,Adrian Liparu,no_suggest_candidates,
1113808,Escapism,2021,Joseph Vrenick,director_mismatch page=Terrell Williams,tt13433938:2020|tt13062180:2020
872450,Voices,2021,Jake Hart,year_mismatch page=2020,tt8640928:2020
1002153,Horrorscope,2021,,no_tmdb_director,
1052389,Viral,2021,Tristan Shepherd,director_mismatch page=Blair Underwood,tt2597892:2016|tt14574136:None
851372,Bad Egg,2021,Jason Cassar;George Tunkin;Christopher Young,director_mismatch page=Mehak Jamal,tt21030584:2022
880604,The Demented Doctor's Boy Manikins,2021,Pete Jacelone,no_suggest_candidates,
1569488,MallRot,2021,,no_tmdb_director,
857925,The 1st of November,2021,Josh Stifter,no_suggest_candidates,
819746,Old Country,2021,Arnaud Weissenburger,no_directors_on_page,tt24222284:1983
889287,The Hearers,2021,Andy Fortenbacher,no_suggest_candidates,
869983,Pan,2021,William PatrickRoberts,year_mismatch page=2015,tt3332064:2015
876427,Afterbirth,2021,Catríona Mitchel,no_directors_on_page,tt36060394:None|tt5629874:2016|tt14500482:None
1101816,What Lurks in the Corner,2021,Alexa Ruvalcaba,no_suggest_candidates,
891048,Corridor,2021,Kenny Foo,director_mismatch page=Standish Lawder,tt1227555:2010|tt0469056:1970
880355,Surtido Letal + Estrenes,2021,Peter H. White;Jesús Puente Marcos,no_suggest_candidates,
880352,Surtido Letal,2021,,no_tmdb_director,
880351,HCLM Degustació variada,2021,Ruben Rivera Laguna,no_suggest_candidates,
880339,Scream Sound,2021,,no_tmdb_director,
1491373,Lights and Shadows,2021,Brooks Wieszczek,year_mismatch page=2017,tt0095555:1988|tt6191848:2011|tt7854298:2017
1407922,Frank,2021,Jim Haggerty,no_suggest_candidates,
1501961,Scary Couch,2021,Stephan Krosecz,no_suggest_candidates,
968115,Lucid,2021,Rishi Raj,year_mismatch page=2018,tt33306263:2025|tt4111162:2015|tt5564336:2018
1432237,Spider Jack,2021,Chloe Swellie,no_suggest_candidates,
1295812,It's Only the End of the World,2021,Brooks Wieszczek,year_mismatch page=2016,tt4645368:2016
954767,Big Mug,2021,Cody Millett,no_suggest_candidates,
818009,Grimmerson Manor,2021,,no_tmdb_director,
734422,The Carnage Collection II,2021,Derek Ferreira;Bob Ferreira,no_suggest_candidates,
1052723,The Long Pilgrimage: The Making of The Last Thanksgiving,2021,Erick Lorinc,no_suggest_candidates,
1045784,The Phantom of the Opera,2021,Rune Callewaert,year_mismatch page=2004,tt0293508:2004
903073,Strawberry Jam,2021,Nick Morris,director_mismatch page=Norihiro Niwatsukino,tt8070182:2017|tt8066594:2018|tt7107924:2010
1042078,Lycinda,2021,Hugh Davenport,no_suggest_candidates,
1736686,"Pathologic, For Those Who Will Never Play It. Act 2.",2021,Ruby Anne Seals,no_suggest_candidates,
1454122,Harvest,2021,Richard Pathomsiri;Joshua Fincher,year_mismatch page=2024,tt9522946:2026|tt13610344:2024
1437150,Tale-tellers,2021,Lilly Kamman,no_suggest_candidates,
915257,O Christmas Tree,2021,Bless Williams,director_mismatch page=Laura Degnan,tt0284362:1999|tt1020981:1994|tt9845068:2018
1356771,Locked Out,2021,Joseph Thomas,no_directors_on_page,tt13400044:2020
1315087,The Curse Of Dexter,2022,Kieran Johnston,no_suggest_candidates,
1253342,The Basement,2022,Rick James Aydelott,year_mismatch page=2018,tt6118340:2018
928111,Black Death,2022,Debbie Fox,no_directors_on_page,tt11626212:2021
931338,No Signal,2022,Pablo Raybould;Ben Manning,year_mismatch page=2017,tt43399422:2026|tt36616894:2025|tt3569042:2017
931322,Sausages,2022,Art of the Village,director_mismatch page=Jay Martin,tt0120069:1997|tt13213194:2020|tt4322740:2014
931320,Sleep Clown,2022,James E. Taylor,no_suggest_candidates,
931319,The Woods are Plagued,2022,James E. Taylor,no_suggest_candidates,
1398216,Fruitcake,2022,Jakob Ross,director_mismatch page=Sarah Baker Grillo;Seth M. Sherwood,tt29536038:2024|tt10334290:None|tt3186598:2015
958759,The Desert Man,2022,Ben Tinsley,no_directors_on_page,tt0007849:1917|tt0293398:1968|tt35685071:2025
950563,Ultra Violet Vengeance: The Talent & Technicians of X-Ray,2022,,no_tmdb_director,
1049846,Clown Eats,2022,Annabelle McAdams-Even,no_suggest_candidates,
966854,The Monster at Home,2022,Roger Francis Cook,no_suggest_candidates,
1398217,What Did You Do,2022,Jakob Ross,director_mismatch page=Stephen Romano,tt36584610:None
1711200,PEPSI - A Short Film,2022,Thomas Leitzel,no_suggest_candidates,
1379497,Night of the Reaper,2022,Dylan Madden,year_mismatch page=2025,tt34379050:2025
1417452,Toothache,2022,Valdemar Dannemand,director_mismatch page=Abbas Kiarostami,tt0840014:2006|tt6647382:2018|tt0080422:1980
978170,Dusk Incarnate,2022,Abraham M.,no_suggest_candidates,
1277561,109.MP4,2022,Val Counce,no_suggest_candidates,
992863,Mycelium,2022,Lukas McCaskill,director_mismatch page=Athyn Ritter,tt28429730:2023|tt31807319:2023|tt15215560:2021
1515645,"Everyone against their Love, they go to Forbidden Skinwalker Ranch to be together !!",2022,Because It's Interesting,no_directors_on_page,tt37619269:2022
1288705,Fiend,2022,Numark Ricafranca,year_mismatch page=1980,tt0080730:1980
987236,Rise of the Syngenor,2022,,no_tmdb_director,
1301126,Maslow,2022,Julien Scherliss,no_suggest_candidates,
1301119,The Grave Between You and Me,2022,Colette Shaw,no_suggest_candidates,
1197060,Zombie Flesh Eaters 5,2022,Dustin Ferguson,no_suggest_candidates,
680526,Giggle's Circus,2022,,no_tmdb_director,
1437092,There's Something in The Closet,2022,Drew Ellingson,no_suggest_candidates,
1251883,The Crooked Place,2022,Tarrell Christie,no_suggest_candidates,
1132675,Rebirth - The Making of Men,2022,Five By Five,no_suggest_candidates,
1272235,Ice Cream Parlor,2022,Andrew Charles Head,no_suggest_candidates,
1062838,Cookies by the Fire,2022,Scott Vasey,no_suggest_candidates,
1012433,Night Horse,2022,Christian Deschene,director_mismatch page=Jeroen Van Der Stock,tt9579360:2019
1118088,Wellness Check,2022,Andrew Bell,director_mismatch page=Andrew Jara,tt36414212:2024|tt43484371:2026|tt13222710:2020
1014215,Experiment 18,2022,,no_tmdb_director,
1024599,Snip Snip!,2022,Joe Wilcox,no_suggest_candidates,
1396635,This Night Circus,2022,Emlyn Boyle,no_suggest_candidates,
1301433,Loved,2022,D.J. Higgins,year_mismatch page=1997,tt0119581:1997
1043651,The Formless,2022,John Prante;Jacob Prante,no_suggest_candidates,
1030350,Trash from the Garage,2022,Jef Burnham,no_suggest_candidates,
1030343,TTGPD Trick or Treating Safety,2022,Jef Burnham,no_suggest_candidates,
1610839,Batman Vs Chineseman,2022,Sakuhang Rai,no_suggest_candidates,
1297046,Where Fields Are Empty,2022,Oliver Crick;Frederick Tonks,no_suggest_candidates,
1283276,The Ghost Hunt,2022,Chris Wallace,no_suggest_candidates,
1113751,The Tunnel,2022,Adam Rose-Levy,year_mismatch page=2021,tt13412740:2021
1036678,Listen to Mother,2022,Jamie Gyngell,no_suggest_candidates,
1396393,Sulphur,2022,,no_tmdb_director,
1255331,The Recurrence,2022,Julien Rendina-Latour,no_suggest_candidates,
934975,The Shadowman,2022,Daniel Walton,year_mismatch page=2017,tt4363990:2017
1259664,The Clown Stares at Me,2022,Derek Johnson,no_suggest_candidates,
1278615,Rise of the Crimson Butcher,2022,Thomas Rivas,year_mismatch page=2024,tt8321332:2024
1368250,Bitch,2022,Louie Duran,year_mismatch page=2017,tt6069264:2017
1301123,Like & Subscribe,2022,Dakota R. Kuhlman,director_mismatch page=Megan Downey,tt14966346:2021
1174756,Apparit10ns (10 Nightmares),2022,,no_tmdb_director,
1609987,They Fall,2022,Matthew Eyre,no_suggest_candidates,
1079023,Wine and Dine,2022,Blake Woodard,no_suggest_candidates,
1289048,Paranoia,2022,Michael Talluto,year_mismatch page=2024,tt1413495:2013|tt0063413:1969|tt29734011:2024
1276978,The Darkfield Orientation,2022,Nathaniel Sherwood;Weston Koerber;Dillon Lawrie,no_suggest_candidates,
1319044,Escondidas,2022,Nicole Rodriguez,director_mismatch page=Juan G. Rodriguez,tt10266460:2019|tt11496248:2020|tt9325702:2017
1289051,Family Reunion,2022,Claire Teske;Zach Ezani,director_mismatch page=Fielder Cook,tt9153270:2019|tt0082360:1981
1278613,Grimoire,2022,Donovan Smith,no_directors_on_page,tt6360752:2015
1255489,Rabbit,2022,Maggie Fox Talbot-Minkin,no_suggest_candidates,
1048933,Frates in Inferno,2022,Jayden Pettit,no_suggest_candidates,
694786,Happy Man,2022,Hector Reyes,director_mismatch page=Kesavan,tt7412458:2017|tt36016881:2025
1177010,Smoothie Time-Short Film,2022,Samuel McNeny,no_suggest_candidates,
1383866,The Guest,2022,Mark Gambino,no_directors_on_page,tt35562988:2025|tt2980592:2014|tt37065878:2025
1112991,Signs From God,2022,Leo Hardwick,no_suggest_candidates,
1398219,Don't,2022,Jakob Ross,no_suggest_candidates,
1706013,Stage Fright,2022,Julian Burres,year_mismatch page=2014,tt0042994:1950|tt0081233:1980|tt2190838:2014
1147445,Christmas Wrapping,2022,,no_tmdb_director,
1182314,The Mask,2022,Griffin Bermea,no_directors_on_page,tt0110475:1994|tt0112064:1995
1613204,The Tree,2023,Jason Impey,year_mismatch page=2010,tt1496005:2010
1259433,Peaceful Turmoil,2023,Erica Valdez,no_suggest_candidates,
1259301,Late Sleeper,2023,Peter Hardy,no_suggest_candidates,
1256329,Even The Darkness Has Arms,2023,Jake Graydon,director_mismatch page=Chris Bavota,tt7256398:2017
1255914,Joints,2023,Hadrian Lynn,no_suggest_candidates,
1255344,Ouija,2023,Cameron Scharf,director_mismatch page=Aayushi Kumar,tt1204977:2014|tt12833162:2019
1254956,Scary Story,2023,Larry Guernsey,director_mismatch page=David Romero,tt43646787:2022
1254481,Ractors,2023,Shankar Sudhakaran;Eva Nel Brettrager,no_suggest_candidates,
1264918,Creep Forest,2023,Roman Ricci,no_suggest_candidates,
1012064,Into The Looking Glass,2023,Alron Phillips,no_suggest_candidates,
1264923,The Bloody Pennsylvania Backwoods Disembowlment,2023,Matty Calhoun,no_suggest_candidates,
1084972,Vegan Friendly,2023,Maximilian Low-Foon,no_suggest_candidates,
1383322,Awakened,2023,John Vasquez,no_directors_on_page,tt1669268:2013|tt2265163:None|tt7174558:2018
1284052,REM,2023,Tristan Winchester,no_suggest_candidates,
1078229,Trespass,2023,Charles Porter,director_mismatch page=Xandy Smith,tt1674784:2011|tt0105636:1992|tt0481642:2005
1152919,Serenade,2023,Eric Albert Branstrom,director_mismatch page=Kyle Balda,tt0049737:1956|tt2584662:2012
1251948,Rot,2023,Carrsan T. Morrissey,year_mismatch page=2019,tt10413374:2019
1080955,Thirsty Thursday,2023,Reginald Johnson,director_mismatch page=Natalie Ruiz Varela,tt34894660:None
1383430,Ophelia,2023,Jeff Burton,year_mismatch page=1963,tt5690810:2018|tt6319396:2017|tt0056312:1963
1177009,The Nasties (A Pretty Stupid Spooky Short Film),2023,Samuel McNeny,no_suggest_candidates,
1685145,Staring Contest,2023,,no_tmdb_director,
1083376,House 666,2023,Alexandra Jade;Gabriel Bernini,no_suggest_candidates,
1083375,Night of the Black Glove,2023,Gabriel Bernini,no_suggest_candidates,
1165838,Gen,2023,Vivian Barton,no_suggest_candidates,
1243866,Stuffed Animaul,2023,,no_tmdb_director,
1293245,SHOTS,2023,Naevacto,no_suggest_candidates,
1318557,Blank,2023,Ahmad Jones,year_mismatch page=2022,tt31961473:2024|tt8290476:2022
1110693,Reverie,2023,Sofia Carter,director_mismatch page=Ari Mauk,tt26695488:2022|tt33034250:2024
1092659,Aorta,2023,Oscar Netherway;Anna Knight;Darcy Homan,director_mismatch page=Daniel Wawrzyniak,tt32107993:2019|tt2290853:2012|tt3540662:2009
1418749,Insomnia,2023,Ethan Murray,no_directors_on_page,tt27349153:2024
1261314,Wizinski's AC Service,2023,Michael Andrew Swastek,no_suggest_candidates,
1383348,Feel Like Me,2023,Dan Gould,no_suggest_candidates,
1114085,The Farmhouse,2023,Joshua Land;Victor Fink,no_directors_on_page,tt14254284:2021|tt0120668:1998|tt21965682:None
1273240,The Director,2023,Alex J. Greenberg;Ryan Andolph,no_suggest_candidates,
1086400,The Wood's Killer,2023,,no_tmdb_director,
1638804,eatsleepgoon movie,2023,Jordan servindelamora,no_suggest_candidates,
1327209,Helena,2023,Hannah O'Shaughnessy,year_mismatch page=2026,tt43553022:2026
1714149,la soga y el fuego,2023,David Leo;Crystal Lantigua,no_suggest_candidates,
1104082,Sluts & Final Girls,2023,Harpa Hjartardóttir,no_suggest_candidates,
1253345,Dream Loop,2023,David Neal Butterfield,no_suggest_candidates,
1311878,Stiff,2023,Connor Brost,director_mismatch page=John Clarke,tt0376209:2004
1283664,Tap,2023,Vanessa M.H. Powers,year_mismatch page=1989,tt0098442:1989
1156326,Strange Taste,2023,,no_tmdb_director,
1359772,The Lost Forest,2023,Edward Grant;Mario Emanuel,year_mismatch page=1972,tt12390728:2020|tt0067545:1972
1275898,Sleepover,2023,Kari Layland,director_mismatch page=Tommy Edwards,tt0368975:2004|tt38573301:2026
1362414,Bloodhunt,2023,Richard Kubli;Michael Kubli,year_mismatch page=1986,tt35922857:None|tt2901896:2017|tt0089699:1986
1312363,The Listening,2023,Gary Robinson,year_mismatch page=2024,tt13153456:2024
1312042,It Lurks in the Shadows,2023,John Freelykirk,no_suggest_candidates,
1312041,Look Again,2023,Rion Smith,director_mismatch page=Darrell Lake,tt2059242:2011|tt3840082:2015|tt38063556:2025
1312036,Girl on the Farm,2023,Jeffrey Bergh,no_suggest_candidates,
1312028,Maternal Mortality,2023,Connor Brost,no_suggest_candidates,
1311991,In the Dark,2023,Becky Andress,year_mismatch page=2000,tt7772602:2019|tt20852180:2000
1311986,Red Scare,2023,Tahlia Barr,no_directors_on_page,tt33273141:2022
1311981,Relativity,2023,Connor Brost,director_mismatch page=George Watson,tt0115332:1996|tt6586090:2019|tt6800642:2018
1303390,The Forgotten,2023,Michael Joseph,no_directors_on_page,tt0356618:2004|tt10014838:2019|tt1420425:2009
1301113,First Time Buyers,2023,Lauren Blackwell,no_suggest_candidates,
1278510,Powerless,2023,Chris Hanna,year_mismatch page=2004,tt5083928:2016|tt37195807:None|tt0428983:2004
1272906,Interstice,2023,,no_tmdb_director,
1285697,The Chamber,2023,Ben Keller,year_mismatch page=2016,tt0115862:1996|tt5167934:2016
1259619,Danny,2023,Mary-Madison Baldo,no_suggest_candidates,
1276989,Medusa,2023,Dustin Stelly,year_mismatch page=2021,tt35836959:2025|tt41016315:2026|tt15834708:2021
1273241,Lucid,2023,Mark Wilton,year_mismatch page=2018,tt33306263:2025|tt4111162:2015|tt5564336:2018
1278653,Monster of San Azrael,2023,Pablo Delgado,no_suggest_candidates,
1129992,The Screening,2023,Henry Allen-Taylor,year_mismatch page=2007,tt0491139:2007
1382927,A Man in the Alley,2023,Trevor Harris,no_suggest_candidates,
1325299,The Night Visitor,2023,Joey Mosca,year_mismatch page=2013,tt0066141:1971|tt2797642:2013
1312355,Doomsday,2023,Todd A Parker,year_mismatch page=2015,tt0483607:2008|tt4733262:2016|tt4444762:2015
1300717,Eyes,2023,Braulio Hernandez,no_suggest_candidates,
1290598,Father,2023,Adrian Al Jazzar,no_suggest_candidates,
1284060,BOXED,2023,,no_tmdb_director,
1282998,Sign Your X on the Line,2023,Alexandra Charalambous,no_suggest_candidates,
1278593,New Me,2023,Anurag Rudrapal,director_mismatch page=Anurag Rudra,tt11812260:None
1259366,White Rabbit,2023,Laura Jefferies,year_mismatch page=2018,tt2241116:2013|tt7689950:2018
1128640,Who’s There,2023,Desmond Levi Jackson,year_mismatch page=2022,tt31262966:2024|tt23709716:2022|tt21040176:2022
1568988,How To Befriend A Vampire,2023,Alexandra Bradshaw Allen,no_suggest_candidates,
1283210,The Devil Ate My Words,2023,Andy Pareja,no_suggest_candidates,
1418743,A Body,2023,Ethan Murray,no_suggest_candidates,
1272896,Cake,2023,Grace Clemmensen,year_mismatch page=2014,tt3442006:2014
1268979,As The Sunlight Breaks Through,2023,Billy Petty,no_suggest_candidates,
1142495,Purgatorium,2023,Konstantin Cherganov,director_mismatch page=Kamil Iwanowicz,tt1673731:2010|tt5114654:2020|tt8774856:2018
1383419,Lamcy,2023,,no_tmdb_director,
1312400,Night Owl,2023,Parker Vanden Hoek,year_mismatch page=2025,tt0107681:1993|tt0107682:1993|tt34967734:2025
1296111,Where Fields Are Empty 2,2023,Frederick Tonks,no_suggest_candidates,
1154300,Moonsoil : Gruesome Tales of Michele and the Modern Witch,2023,Matthew Joseph Marasco,no_suggest_candidates,
1659791,"Ring, Ring: A Doorbell Cam Fantasia",2023,,no_tmdb_director,
1152337,Nash,2023,Tim Warren,no_suggest_candidates,
1153958,Whispering Pines,2023,James Adams,director_mismatch page=Kent Nelson,tt38781634:2024|tt37920651:2024
1158830,Seat 32B,2023,Michael Greenspan,no_suggest_candidates,
1281044,Overtime,2023,Scout Pertofsky,director_mismatch page=Archie Enriquez,tt3696420:2014|tt1930434:2011|tt27794853:2020
1382725,Lights Out,2023,Avery Tower,year_mismatch page=2024,tt16368898:2024
1195806,Lick the Sun,2023,Olga Vähä-Piikkiö,no_suggest_candidates,
1165232,Superstar,2023,Talha Hussaini;Jacob Heimlich,year_mismatch page=1999,tt0167427:1999
1319713,Grave Digger,2023,Sam Mask,director_mismatch page=Gabrielle Blackwood,tt2194436:2011
1280757,The Gatekeeper,2023,Sam Sorenson,year_mismatch page=2024,tt35814568:2024|tt33371837:2024
1286065,HAMADRYAD,2023,Caleb Lucas,director_mismatch page=Nancy Allison;Paul Allman,tt4504106:2015
1188972,100 Best Kills: Satan,2023,Everything is Terrible!;Zack Carlson,no_suggest_candidates,
1383868,The Night Hike 2: Witch Way,2023,Talia Abbene,no_suggest_candidates,
1209395,Persecution Complex,2023,,no_tmdb_director,
1176337,Prime Sinister,2023,Alexander Jones,no_suggest_candidates,
1297497,In the Middle of The Night,2023,Jarod Hussey,year_mismatch page=1984,tt0087720:1984
1621116,Project OJ,2023,Jacob Leighton,no_suggest_candidates,
1280718,Vejigante,2023,James Aponte,director_mismatch page=José Caro;Angel &apos;Angelito&apos; Martínez,tt38364494:None
1564820,The It Girl,2023,Sarah Goh,no_directors_on_page,tt31216544:None
1330058,All Fall Down,2023,Cary Carpenter,year_mismatch page=2014,tt0055738:1962|tt31316674:None|tt1696183:2014
1192382,insomnia,2023,andrea cedillo,no_directors_on_page,tt27349153:2024
1189428,Betrayed by the Badge,2023,Luka Clements,no_suggest_candidates,
1194015,Camp,2023,Bronson Michael Shea Allen,year_mismatch page=2025,tt38226226:2025
1190709,Get out,2023,,no_tmdb_director,
1430867,To Go,2023,L. Cronly,no_suggest_candidates,
1449751,The Swings,2023,Josh Montag,no_suggest_candidates,
1280779,Nebulosus,2023,Oren Mozafi,no_suggest_candidates,
1280751,Bounce,2023,Daniel Bragg,director_mismatch page=Alexander Dinelaris;Lloyd Owen,tt22498628:2022
1503547,Tormented,2023,,no_tmdb_director,
1255021,November Feelings,2023,"Amit ""Sunny"" Gupta",no_suggest_candidates,
1215855,Return Message,2023,Patrick Masteller,no_suggest_candidates,
1593122,The ring: the prophecy,2023,Charlie Coden,no_suggest_candidates,
1362499,The Drove,2023,Chris Austin,no_suggest_candidates,
1290996,Replaced,2023,Nicholas Campbell,year_mismatch page=2022,tt27120976:2022
1352923,Just the Tip,2023,Jesse Small,director_mismatch page=Jessie Kahnweiler,tt28651827:2024
1199874,BOUND,2023,Nathan Martinez,director_mismatch page=Jared Cohn,tt0115736:1996|tt4145324:2015
1177788,The Accursed Blood,2023,Robert Anthony Storey,no_suggest_candidates,
1217675,The Stranger,2023,Jose Rubio-Moran,year_mismatch page=2022,tt11897478:2022
1281039,Sawbill,2023,Michael DiSalvo,no_suggest_candidates,
1224687,The Suitcase,2023,Sana Norouzbeigi,year_mismatch page=2009,tt5258302:2017|tt1338675:2009
1362855,Curse of the Frontier,2023,Sam Jones,no_suggest_candidates,
1295412,Coffee,2023,Chet Siegel;Abbey Killheffer,no_suggest_candidates,
1440516,Dinner massacre 1,2023,Mert Solak,no_suggest_candidates,
1301444,Chuckles,2023,Robert Allan Hughes,no_directors_on_page,tt1986790:2009|tt7748300:2017
1204609,Egun,2023,,no_tmdb_director,
1387690,Help,2023,Luke Blackburn,year_mismatch page=1965,tt13649036:2021|tt37894791:2026|tt0059260:1965
1322474,Blood and Water III: Welcome to Hellville,2023,Roger Winstead;Christopher Mears,no_suggest_candidates,
1384289,An Unordinary Summer's Day,2023,Dennis Sema,no_suggest_candidates,
1353406,Under Cover,2023,Guillaume Arnoulet,year_mismatch page=2022,tt11852794:2022
1346544,Under Cover,2023,Guillaume Arnault,year_mismatch page=2022,tt11852794:2022
1198685,Karma: An Excerpt,2023,Alice Ritson,no_suggest_candidates,
1468872,ITCH,2023,Paul Catalanotto,year_mismatch page=2024,tt33085019:2024
1328159,Killjoy,2023,August Kamerer,no_directors_on_page,tt17493830:2022
1217033,Appetence,2023,Naveed Shahid Mir,director_mismatch page=Majid Torbati Fard,tt5524982:2016|tt2638054:2007
1281524,Expecting,2023,Samuel Fortsch,year_mismatch page=2002,tt2040367:2013|tt0331487:2002
1213900,The Raven,2023,Finn Hartnup-Williams;Ruby Del-Greco;Meg Fletcher Spies,year_mismatch page=1963,tt1486192:2012|tt21321726:2026|tt0057449:1963
1312452,The Temptation of Lilith,2023,Axel Kuo,no_suggest_candidates,
1669056,"Mammuthus Primigenius Blumenbach, 1799",2023,Eduardo Laucas,no_suggest_candidates,
1228850,The Ritual,2023,Philip Drafta,year_mismatch page=2024,tt28545673:2024
1714068,Having Fun with Cords,2023,Carter Amelia Davis,no_suggest_candidates,
1219379,Murder on the Mind,2023,Luke Rhys Petersen,no_suggest_candidates,
1231222,Werewolf Fighter,2023,Bruce Leslie,no_suggest_candidates,
1408446,Mind's Eye,2023,,no_tmdb_director,
1281648,The Needle,2023,Casey De Fremery,year_mismatch page=1988,tt0097561:1988
1491371,Black Spine,2023,Brooks Wieszczek,no_suggest_candidates,
1376018,The Last House on the Block,2023,Jason Labuda,no_suggest_candidates,
1291015,Vicious Comedy,2024,Alexander A. Stone,no_suggest_candidates,
1290990,Officer PD,2024,Gary Blair Smith,director_mismatch page=Blain Smith,tt29420258:None
1290980,Obituary,2024,Jose Rivera,no_directors_on_page,tt23458434:2023
1290967,Mister Mummy,2024,Jaxon Hughes,year_mismatch page=2022,tt17736704:2022
1290606,Inkling,2024,Ginny Lee,director_mismatch page=Maïa Vidal;Frank Vu,tt39285416:None|tt11321770:2019|tt18502410:None
1290529,Black Lady,2024,Sanny Villafranca,no_suggest_candidates,
1290525,Alone,2024,Paul Corey,year_mismatch page=2020,tt4803766:2015|tt7711170:2020|tt10192566:2020
1288783,Bunny Backrooms,2024,Josiah McClleland,no_suggest_candidates,
1288780,Hell is Sugar-Free,2024,Lukas Medin,no_suggest_candidates,
1281534,Bedtime Story,2024,Kal Kociss,director_mismatch page=Kevin Alejandro,tt0057878:1964|tt0033382:1941|tt7246350:2018
1281138,I Was,2024,Matteo Capatti,no_suggest_candidates,
1281036,The Missing,2024,Lovejeet Sing,director_mismatch page=Patricia Cuffie-Jones,tt3877200:2014|tt0338188:2003|tt20870918:2022
1280709,Surrogate,2024,Nick Michael,year_mismatch page=2008,tt18311162:2022|tt7244118:2017|tt1407081:2008
1279148,Night Stalker,2024,Colby Schalk,no_directors_on_page,tt0460665:2005
1276330,Stalking the Stalker,2024,Hunter Thomas Candelaria,no_suggest_candidates,
1531145,Anybody Here?,2024,Aiden Vieselmeyer,no_suggest_candidates,
1470298,Inner Frequency - The Film,2024,Lucas Barros,no_suggest_candidates,
1231165,Don't React,2024,Douglas Kyle,no_suggest_candidates,
1198843,"Mirror, Mirror: TRANSVILE",2024,Martin W. Payne,no_suggest_candidates,
1290524,Aborted,2024,Lee Bamsey;Rebecca Knighton,no_suggest_candidates,
1246765,Still They Remain: The Epilogue,2024,,no_tmdb_director,
1234746,Devourer,2024,Kieran Johnston,director_mismatch page=Nirvana Nagi,tt42339178:2025
1264331,Jimmy's Light,2024,Ron Fisher,no_suggest_candidates,
1506614,Maison Margiela Artisanal Collection 2024,2024,,no_tmdb_director,
1364980,Marionette Nez Rouge,2024,Ella Duffey,no_suggest_candidates,
1565045,Good Times at the Dead End,2024,Alessio Franko;Johnie Cardenas,no_suggest_candidates,
1375975,Blood Orange Tree,2024,Dennis Donovan,no_suggest_candidates,
1325304,The Secret Other,2024,Jenna Reynolds,no_suggest_candidates,
1316258,"A Cabin in the Woods, But Not That Cabin, Nor Those Woods",2024,,no_tmdb_director,
1315752,Alone,2024,Mattia Parnanzone,year_mismatch page=2020,tt4803766:2015|tt7711170:2020|tt10192566:2020
1312439,Meat,2024,Christopher Outridge,year_mismatch page=2010,tt1592139:2010
1312420,Big Game,2024,Baker Cinq-Mars,year_mismatch page=2008,tt2088003:2014|tt1047445:2008
1312416,Nightmare,2024,Christopher Eric Outridge,year_mismatch page=1981,tt0058405:1964|tt0082818:1981
1247457,Catfish,2024,Messiah Da Poet,year_mismatch page=2010,tt1584016:2010
1239536,The Naughty List,2024,Luke Shea,director_mismatch page=Guy Davies,tt30608808:2023
1246797,Pavor Nocturnus,2024,Alan Smithee,director_mismatch page=Maximilian Urschl,tt25390070:2022|tt1647383:2010
1242195,Chrysalis,2024,Oran Julius,year_mismatch page=2007,tt14014086:2021|tt35048626:2026|tt0884335:2007
1242245,Anxiety Bites,2024,Sunny Keller,no_suggest_candidates,
1405980,Ghost of the Game,2024,James Hartranft,year_mismatch page=2026,tt15744718:2026
1381711,Any Color You Like,2024,Greg Pando Pöesz,no_suggest_candidates,
1245097,Jif Commercial #1,2024,Sam Callahan,no_suggest_candidates,
1287747,Arca,2024,Dominique Postell,no_suggest_candidates,
1246929,The Clown,2024,,no_tmdb_director,
1253987,Cockroach,2024,Luca Colangelo,director_mismatch page=Liliana Padilla;Justice Singleton,tt37498779:2025
1286129,Jif Commercial #2,2024,Sam Callahan,no_suggest_candidates,
1312478,Drink in the Pain,2024,E.J. Acosta,no_suggest_candidates,
1312422,Repeat,2024,Marlon Royal Reid,year_mismatch page=2021,tt21873708:2022|tt11563364:2021
1312443,The Epicenter,2024,Braden Callis;Jon Robinson,director_mismatch page=Tay Alex,tt13065608:2021
1312431,Samantha,2024,Allie Guerrero,no_suggest_candidates,
1280068,A Day In The Apocalypse,2024,Jay Yarbrough,no_suggest_candidates,
1259440,Checkout,2024,Jack Hannan,year_mismatch page=2023,tt10629014:2023
1234929,"Mirror, Mirror: Life After",2024,Martin W. Payne,no_suggest_candidates,
1528686,The Calling,2024,Taylor Lopez,year_mismatch page=2000,tt1666335:2014|tt15765450:2022|tt0218067:2000
1647455,Punishable: Eat Your Sins,2024,Cory Gory,no_suggest_candidates,
1303625,Another,2024,Dave Clark,no_directors_on_page,tt2176165:2012
1400445,Boo-Boo the Poop Goose,2024,Forest Kinsey,no_suggest_candidates,
1259952,El Monstruo Mictófilo,2024,Will Woods,no_suggest_candidates,
1356782,The King,2024,Brianna da Silva,year_mismatch page=2019,tt7984766:2019
1266119,The Haunting of White Hill,2024,Ray Violett;Justin Marinelli,no_suggest_candidates,
1388591,Vile,2024,Casey Glazer,year_mismatch page=2011,tt1711018:2011
1362506,Influencer,2024,Jasmin Alexa,no_directors_on_page,tt13309170:2022|tt15665202:2021
1316420,Triple Thriller: Horror Anthology,2024,Gabriel Bernini;Alexandra Jade,no_suggest_candidates,
1272248,Bruja,2024,Mando Franco,no_suggest_candidates,
1270885,Mallet,2024,Brian Emond,no_suggest_candidates,
1356816,Obscurum,2024,Tenisha White,director_mismatch page=Serge Rocco,tt35418187:2025|tt35756335:2025|tt27030866:2023
1356770,Camp Douglas Fir,2024,Violet J Dempsey,no_suggest_candidates,
1733915,Skeleton,2024,,no_tmdb_director,
1598998,Prepare,2024,Cole Jersek;Rachel Goldin;Hannah Noe,no_suggest_candidates,
1382901,Found and Lost,2024,Spencer Phillips,no_suggest_candidates,
1376418,Grief Sick,2024,Annaliese Schroeder,no_suggest_candidates,
1381642,The Murk,2024,Nicole Wackerly,no_suggest_candidates,
1376688,The Whethering,2024,Austin Sullivan,no_suggest_candidates,
1376667,"Time to Go, Granny",2024,Dave Inglis,no_suggest_candidates,
1376664,Serial,2024,Matthew Paul Spriggs,year_mismatch page=1980,tt0081485:1980
1362421,The Ghost And His Unfortunate But Phenomenal Tale,2024,Nick Zounis;Jim Zounis,no_suggest_candidates,
1361925,Thank You,2024,Chris Michael Veninga;Mithi Sivaprakash,year_mismatch page=2022,tt1720254:2011|tt13350066:2022
1309157,A Dutiful Spouse,2024,Michael Mulcahy,no_suggest_candidates,
1281823,Bad Girls Club: Hellhouse,2024,Olivia Bortz,no_suggest_candidates,
1233926,Just In Your Backyard,2024,Micha Crum,no_suggest_candidates,
1312798,Teeth,2024,Rachel S. Thomas-Medwid,director_mismatch page=Tom Brown;Daniel Gray,tt0780622:2007|tt4189526:2015
1290861,Monophobia,2024,Isaac Campbell,director_mismatch page=Gregory Voigt,tt30990115:2025
1376423,Nightwalker,2024,Adam Morgan,no_directors_on_page,tt0282312:1998|tt1330533:1995|tt7496866:None
1384319,Haunted,2024,Rohan Laser King,year_mismatch page=1995,tt0113269:1995
1298797,Obey,2024,Earl Clark;John Hale III,year_mismatch page=2025,tt38593402:2025
1547526,What's Beyond a Broken Mirror?,2024,Sebastiano Gallo,no_suggest_candidates,
1368044,Dissimulator,2024,Holland Kerr,no_suggest_candidates,
1368252,The Lake,2024,Sue Norton,no_directors_on_page,tt34577866:2026|tt15176890:2022
1441000,Mowed Down,2024,Boston Scadden,no_suggest_candidates,
1440979,Perception,2024,Kaden Isowe,director_mismatch page=Erik Bloomquist,tt19898734:2023
1353395,My Coworker is a Psychopath,2024,Nathan Ferguson,no_suggest_candidates,
1353391,Guilt,2024,Ashe Bosley;Tyler Mathieson,year_mismatch page=2020,tt9644058:2019|tt5376862:2016|tt9065812:2020
1292904,Whats is this please,2024,Donald McGilrae,no_suggest_candidates,
1485573,Study or Else,2024,Eli Maranville,no_suggest_candidates,
1624459,The Ghillie Dhu,2024,Douglas Kyle,no_suggest_candidates,
1294807,Toothache,2024,Conrad Reid,nav_err TimeoutException,tt0840014:2006|tt6647382:2018|tt0080422:1980
1557148,Pappy's Old Stiffy,2024,Heath Benfield,no_suggest_candidates,
1381698,A Canadian Horror Story,2024,Peter Sacco,no_suggest_candidates,
1356793,Watchtower,2024,Fox Hughes,director_mismatch page=Andrey Nikiforov,tt2191332:2012|tt13744964:2021|tt6247170:None
1241820,(UNTITLED) Murder Mystery,2024,Max Jones,no_suggest_candidates,
1381648,El silencio de todos los muertos,2024,Sandra Becerril,no_suggest_candidates,
1381232,Missing,2024,Larry Rosen,year_mismatch page=2023,tt10855768:2023
1367579,Lodger,2024,Emily Ralph,no_suggest_candidates,
1418723,Creative Conscious,2024,Ethan Murray,no_suggest_candidates,
1380425,A Lover Dies Tonight,2024,Greg L. Hines,no_suggest_candidates,
1376419,Lemures,2024,Kevin Lee Kimball,director_mismatch page=Brian Hedenberg,tt0367963:1999
1380807,Collide,2024,Danny Cotton,year_mismatch page=2022,tt2126235:2016|tt17527124:2022
1380697,Apt. 1B,2024,,no_tmdb_director,
1127337,I am Perfectly Normal: Part III,2024,Barkley Dubis,no_suggest_candidates,
1368313,Wake Up,2024,Kevin Parker,year_mismatch page=2023,tt28662887:2023
1303328,Strike!,2024,Kaden Renz,year_mismatch page=1925,tt0015361:1925
1381725,At the End of the Hall,2024,Eric Albert Branstrom,no_suggest_candidates,
1356810,(I Broke Them),2024,Lizzy Bryce,no_suggest_candidates,
1411480,Cult Classic,2024,Angelica Santos Perez,year_mismatch page=2025,tt41959201:2025|tt38778020:2025
1410269,Tagged,2024,Brandon Bostick,no_directors_on_page,tt27373103:2023
1307716,Doubles,2024,Alyssa Udovitsch;Tim Yager,year_mismatch page=2023,tt17007594:2023
1241860,Personae,2024,Vieira Vasco,director_mismatch page=Rémy Rondeau,tt13744376:2020
1376715,Sono,2024,Gene Paul Vercammen,no_suggest_candidates,
1325268,Sleepwalker,2024,Brandon Auman,year_mismatch page=1984,tt35672651:2026|tt4185370:2017|tt1003059:1984
1375486,Shadows,2024,Richard Sanborn,year_mismatch page=1958,tt0053270:1958
1315495,Late Night With Bob,2024,Joshua Rimmer,no_suggest_candidates,
1356788,Rock of the Dead,2024,Diego Ramos,no_suggest_candidates,
1356784,The Callaghans’s,2024,Joseph Ryan Palmer,no_suggest_candidates,
1312521,Hunger,2024,Monaye Moyes,year_mismatch page=2023,tt22695402:2023
1388580,Donation,2024,Logan Shaw,director_mismatch page=Annie Lukowski,tt3915230:2014|tt1409690:2009
1338326,The Raven,2024,Dimitris Pyllias,year_mismatch page=1963,tt1486192:2012|tt21321726:2026|tt0057449:1963
1323471,Trailer Tales,2024,Haven,no_directors_on_page,tt33385131:2021
1323482,Smile,2024,Mike Sills,year_mismatch page=1975,tt15474916:2022|tt0073722:1975
1384310,Ketan Majmudar,2024,Ketan Majmudar,no_suggest_candidates,
1325464,Poolside,2024,Robin Brooks,director_mismatch page=Alex Kinter;Erik Schuessler,tt2142618:2012|tt8187322:2017|tt6060612:2021
1325463,Dead South,2024,Dylan Hanson,year_mismatch page=2021,tt2106616:2016|tt14721498:2021
1325458,Deserted,2024,Ryan P. Ramsey,director_mismatch page=Stephen M. Irwin;Lark Lee,tt37578061:2025
1325457,They're Not Here,2024,Tokala Tatum,no_suggest_candidates,
1389893,Killing Rob Lowe,2024,Declan Orr,no_suggest_candidates,
1354819,Possession,2024,Kelsey Sinclair Heath,director_mismatch page=Parker Finn,tt0082933:1981|tt34883857:2026|tt32605118:None
1365403,Carmilla Vive!,2024,Jeff Harder,year_mismatch page=2023,tt37677815:2023
1329000,Lizzie,2024,Jack Foley,no_suggest_candidates,
1328986,Grandma's House,2024,Tom O'Hare,year_mismatch page=2018,tt5176486:2016|tt1706532:2010|tt8637302:2018
1371406,MYMOVIE.MP4,2024,Cole Jepson,no_suggest_candidates,
1306577,Elegy for a Dove,2024,Nate Colman,no_suggest_candidates,
1356778,3,2024,Lauryn Iverson;Kurt Iverson,no_suggest_candidates,
1340054,Camisade,2024,Carly Robinson,no_suggest_candidates,
1728485,Preventing Home Invasions [VHS],2024,Lizardmeninc,no_suggest_candidates,
1381717,School's Out,2024,Warren Dean Fulton,director_mismatch page=Robert Sigl,tt7175992:2018|tt0134951:1992|tt0220025:1999
1362419,First Voice,2024,Mike J. Marin,no_suggest_candidates,
1341757,Waterline,2024,Emi Greenfield,no_directors_on_page,tt2058735:2011|tt6268992:2010|tt12390600:None
1359954,FEAR,2024,Teuku Akhtar,year_mismatch page=2023,tt12830948:2023
1436455,Are You There,2024,Jaclyn Fleming,director_mismatch page=Kim Noonan,tt25433284:2024
1433827,Are You There,2024,Jaclyn Fleming,director_mismatch page=Kim Noonan,tt25433284:2024
1396448,Sleepyhead,2024,Declan Huttter,no_directors_on_page,tt27154897:2023|tt39345738:2025
1357011,Let The Ghoul Times Roll,2024,Old Goat Karaoke,no_suggest_candidates,
1357005,WWT,2024,Damien Vervoort,no_suggest_candidates,
1357002,From One Hole to Another,2024,Nadine L'Esperance,no_suggest_candidates,
1356999,White Coat Syndrome,2024,Amanda Paige Lee,no_suggest_candidates,
1410084,Fetch,2024,,no_tmdb_director,
1384235,Method,2024,Nicholas James Reilly,director_mismatch page=Ashton Arbab,tt7022402:2017|tt42007331:None
1368268,Flip,2024,Kajwan Alavi,no_directors_on_page,tt9861342:2019|tt0065294:1970
1428117,Wake the Dead,2024,Kevin Little,no_directors_on_page,tt4765610:2017|tt15248466:None
1439991,Eleanor,2024,Elise Middlemiss,no_suggest_candidates,
1411830,The Patron,2024,Avery Abigail,no_directors_on_page,tt37184015:2026|tt10165708:2019|tt43613615:2026
1382875,The Beast of Gévaudan,2024,Tim Van Mieghem,director_mismatch page=Patrick Volson,tt0352224:2003
1368270,Lace Monsters,2024,Nicole Oliva;John F. Sheehan,no_suggest_candidates,
1368261,The Smile,2024,Vaughn Davis,year_mismatch page=1994,tt0111247:1994
1368257,Check Out,2024,Justin Stearns,director_mismatch page=Martin Amendola,tt39222584:2025
1375590,Jester,2024,Le'Ron Green,no_suggest_candidates,
1367940,The Perfectionist,2024,Juan Pablo Gomez,director_mismatch page=Tobin Carter,tt38626953:2025
1493321,Mr. Sunshine,2024,Charlie Schwan,no_directors_on_page,tt7094780:2018|tt1583638:2011|tt0090486:1986
1457342,Smiling Faces,2024,Jacob Osborn,director_mismatch page=Tia Cosey,tt13339032:None|tt31157731:None|tt3760886:2014
1666144,"My Friend, Gpt",2024,Connor San Juan Torres;Una Finn,no_suggest_candidates,
1370870,The Horrors of Going to the Park,2024,Devious Amelia,no_suggest_candidates,
1388583,It's Gonna Be Okay,2024,Ramon Gutierrez,director_mismatch page=Thibaut Buccellato,tt26741544:2023
1394061,Door of Doom,2024,Mohamed Ali,no_suggest_candidates,
1375491,Bite,2024,Nathaniel Jones,year_mismatch page=2015,tt4264426:2015|tt2932532:2015
1725586,Lorelei,2024,Sophie Laur de Manos,year_mismatch page=2005,tt6461318:2020|tt0406941:2005
1420382,Petrifier,2024,,no_tmdb_director,
1388599,Thank You,2024,Nicolle Marquez,year_mismatch page=2022,tt1720254:2011|tt13350066:2022
1388590,Want a break from the ads?,2024,Brandon David Whitley,no_suggest_candidates,
1388588,Peer,2024,Kimberly Melville,director_mismatch page=Marlon Wallace,tt16260000:2023
1300180,FOWL,2024,Don Ahmad,no_suggest_candidates,
1707836,IRIS,2024,,no_tmdb_director,
1377665,Casa,2024,Kevin Fernandez,no_suggest_candidates,
1377663,Family,2024,Alfredo Abaunza,no_suggest_candidates,
1377658,Ghostbusters: Family Edition,2024,Jason Galotti,no_suggest_candidates,
1377654,Second Chance,2024,Jason Galotti,year_mismatch page=2025,tt29500090:2025
1377333,The Mimic,2024,CJ Friedlander,year_mismatch page=2020,tt7046826:2017|tt2350760:2013|tt5704368:2020
1466943,Dread,2024,Brody Wellmaker,year_mismatch page=2026,tt1331307:2009|tt43662509:2026
1388988,The Anomalous Archives,2024,Cole McCormack,no_suggest_candidates,
1380679,B-Movie Horror #5,2024,Ryder Couture;Abi Mitchell,no_suggest_candidates,
1381477,The Adventures of Janet: The Haunted Forest,2024,David Nelson,no_suggest_candidates,
1042741,The Chaos of Bissybuth,2024,,no_tmdb_director,
1433847,Snared,2024,Jacob Owen Burgess;Hunter Adams,director_mismatch page=David Kline,tt8323774:2017|tt43019885:2026|tt7092792:2009
1420387,Petrifier 2,2024,,no_tmdb_director,
1399966,,,,tmdb_meta_fail,
1390485,Altered Ego - Short Horror Film,2024,,no_tmdb_director,
1369427,Scorched Earth: Sun Glitch,2024,Jeb Pappas,no_suggest_candidates,
1711159,For Jamie,2024,BreAnna Romero,no_suggest_candidates,
1382902,Dry Clean Only,2024,Jeremy Borchers,year_mismatch page=2014,tt0810380:2006|tt3466622:2014
1206650,Twinkle Twinkle 2 New Blood,2024,Carlo Bath,no_suggest_candidates,
1391164,Eugene's Revenge,2024,Daniel Prokop;Alexander Turner;Logan Elledge,no_suggest_candidates,
1489870,The Secret Keeper,2024,James Redmond,director_mismatch page=Bears Rebecca Fonté,tt2140583:2012
1395170,The Lord,2024,Matthew Neumann,no_suggest_candidates,
1399550,Hammerhead Playground,2024,Jo Abbott,no_suggest_candidates,
1393395,Lidwell Chapel,2024,Luke David Mackenzie,no_suggest_candidates,
1407365,Dawn,2024,Christian Ruvalcaba;Cody Hall,no_suggest_candidates,
1541272,Amityville Void,2024,,no_tmdb_director,
1460942,Lovesick,2024,Ilana Maiman,year_mismatch page=2025,tt35933611:2025
1436952,Dinner massacre 2,2024,Mert Solak,no_suggest_candidates,
1595194,Naughty is Nice,2024,Benjamin Smith,no_suggest_candidates,
1430675,The Executer,2024,Naevacto,no_suggest_candidates,
1533640,Silver Twig,2024,Harry Ovington,no_suggest_candidates,
1420876,The Ball Drop Killings,2024,Jacob Swaim,no_suggest_candidates,
1573822,The Gold Mine,2025,Ji‑eun Kwak,director_mismatch page=Jacques Bonnavent,tt1636805:2010
1454054,El Hada De Las Gallinas,2025,Jimena Monteoliva,no_suggest_candidates,
1467475,Hello,2025,Vehicular ManSlaughter,director_mismatch page=Tamara Bass,tt21220612:2022
1408584,Viola,2025,Demitra Papadinis,no_directors_on_page,tt15472454:2022
1429181,Fluffy,2025,Aryan Kaul,director_mismatch page=Damien Ebanks,tt0059188:1965|tt7671862:2015
1541041,a short story about a cat,2025,Tomas Acevedo,no_suggest_candidates,
1450355,Freedom of the Mind,2025,,no_tmdb_director,
1382158,Project Thorn: Reborn,2025,,no_tmdb_director,
1444924,If Looks Could Kill,2025,Amelia Walshe,director_mismatch page=Sheldon Larry,tt0102095:1991|tt5779056:2016|tt0116605:1996
1435160,The Snake-Short Horror Film,2025,Beau Keveren,no_suggest_candidates,
1578751,Brain Damage Is My Friend,2025,Jackson Bainbridge,no_suggest_candidates,
1439988,Vampire on Tinder,2025,Marilyn Kennedy,no_suggest_candidates,
1439987,Beetlemania,2025,Nate Carroll,director_mismatch page=Nick Upton,tt0369266:1996
1446063,Click,2025,Thomas James Maguire,year_mismatch page=2010,tt0389860:2006|tt0300745:1997|tt1596723:2010
1453157,Dark Water,2025,Ethan Hunt,year_mismatch page=2012,tt0308379:2002|tt0382628:2005|tt2363303:2012
1444634,A letter to you - a short college film,2025,,no_tmdb_director,
1426980,Occupied,2025,Hannah Pendergrass,year_mismatch page=2024,tt36997437:2024|tt33064232:2024
1720160,PSST!,2025,Poppy Williams,no_directors_on_page,tt17022118:2020
1541563,Shadow in the alley,2025,Harry ken Burgess,no_suggest_candidates,
1450806,Viv's Yuletide Tales,2025,William Canaan White,no_suggest_candidates,
1433908,Surprise,2025,Jack Weltman-Jansen,year_mismatch page=2024,tt43586912:2026|tt18553828:2024
1433906,After Death Do Us Part,2025,Natalie Cordoba,no_suggest_candidates,
1433862,Wolves in the Trenches,2025,Rion Smith,no_suggest_candidates,
1433838,Grin,2025,J.P. Hoffman,director_mismatch page=Camilo Montoya,tt37599451:2026|tt41376655:2026
1433813,Sister's Keeper,2025,Lionel L Chapman;Ira Childs,year_mismatch page=2007,tt0462540:2007|tt0472179:2007
1433811,Cold Read,2025,,no_tmdb_director,
1508852,Before it All Comes Crashing Down,2025,,no_tmdb_director,
1600398,The Sheriff and the Farmer,2025,Ryan Miller,no_suggest_candidates,
1435390,The Tragic Tale of a Procastinator,2025,Francis Kong,no_suggest_candidates,
1438708,It’s My Party,2025,Anthony Corticelli,director_mismatch page=Kara Overlien,tt0113443:1996|tt8096656:2018|tt22503002:None
1509309,"Robert Coreman ""Zombies""",2025,Graham Hastings,no_suggest_candidates,
1463618,Brand New Cadillac,2025,Stacy Haiduk;Sophia Tatum,no_suggest_candidates,
1501774,Day Of The Dyer,2025,Jay Quest,no_suggest_candidates,
1448174,EXALTATION,2025,Will Schwarz,director_mismatch page=Kevin P. Kearney,tt14647936:2021
1477846,Attack of the Zombie: Volume 2,2025,Adam Brittain,no_suggest_candidates,
1466734,SQUAT,2025,Sienna Ishihara;Sam Musser;Maya Rieth,director_mismatch page=Jason M. Koch,tt38116567:2025
1644406,Night of the Living Dead - The Charter Way,2025,Sebastian Bois,no_suggest_candidates,
1522208,The Z Community,2025,Ivo Byrt;Alex Quilodrán López,no_suggest_candidates,
1468018,only talking,2025,Jordan Barden,no_suggest_candidates,
1409069,"Rongo, God of Peace",2025,Felix Cope,no_suggest_candidates,
1460854,En Passant,2025,,no_tmdb_director,
1441513,Just Like the Good Ol' Days*,2025,Jax Mercier,no_suggest_candidates,
1482535,Resting Easy,2025,Zach Hotchkiss,no_suggest_candidates,
1457012,Dinner With the Vampire,2025,Holly Nicholl,no_suggest_candidates,
1479459,Kill The Clown,2025,Ailish Flaherty;Stella Mabiala,no_suggest_candidates,
1473280,"I Looked Into the Darkness, but Nothing Looked Back",2025,Zach Brengel,no_suggest_candidates,
1565051,The Forest,2025,Ethan Scott Sorensen;Van Anthony Ezell,year_mismatch page=2018,tt3387542:2016|tt6560040:2017|tt4594124:2018
1734796,Malediction,2025,Avery DeBorde,year_mismatch page=2024,tt15909594:2024
1486819,Upset Stomach,2025,Hypnosterical,no_suggest_candidates,
1565501,Framed,2025,Mateo Bernard,year_mismatch page=1947,tt0106956:1992|tt0285112:2002|tt0039396:1947
1484134,Guard's Worst Nightmare,2025,Everett Bell,no_suggest_candidates,
1484129,Brainwashed,2025,Gabriella Keith,year_mismatch page=2019,tt0054272:1960|tt28231177:2023|tt14398956:2019
1483483,Clarity,2025,Joseph Hooten,no_directors_on_page,tt3387432:2015|tt3793656:2014|tt2752930:None
1677578,Laced Up,2025,,no_tmdb_director,
1439829,The Unforeseen,2025,Judah Silvester,no_directors_on_page,tt0912596:2007|tt0341987:1958
1634547,Nail in the Coffin,2025,Nicky Smit,director_mismatch page=Isaac Morgans,tt27730351:2024
1515808,Dogman,2025,Ezra Elliott,director_mismatch page=Peter Hastings,tt10954718:2025
1484874,Succulent,2025,Bodhi McShane,director_mismatch page=Amrita Bagchi,tt8115272:2017|tt8750520:2018|tt19892968:2022
1677938,Wailing Woods,2025,,no_tmdb_director,
1474326,The Dark Room,2025,Caleb Milburn,director_mismatch page=Thomas Hescott,tt23219968:2023|tt0186945:1999|tt4779408:2015
1473302,Wide Awake?,2025,Tom Shepherd,year_mismatch page=2007,tt0120510:1998|tt1029404:2007|tt1127855:2007
1493290,Maldoror,2025,LP Behbahani,director_mismatch page=Isabelle Julien,tt15459206:2024|tt43693422:2026
1497314,The Crazy Man of Saint John,2025,Collin Keener,no_suggest_candidates,
1629016,The Night Stalker,2025,,no_tmdb_director,
1501615,Matakite Monkey Wrench,2025,Ethan Morais,no_suggest_candidates,
1501600,Tomatoes,2025,Prajwal Kalose,no_suggest_candidates,
1506036,Z! The Magical Girl,2025,Max Landis,no_suggest_candidates,
1507474,624,2025,,no_tmdb_director,
1522002,Tales From the Suburbs: The Solicitor,2025,Jonathan Arneson,no_suggest_candidates,
1630712,The Midnight Rider,2025,Sam Lambert,no_suggest_candidates,
1503402,SEE,2025,Rachel Christopherson,no_directors_on_page,tt7949218:2019
1730041,The Last Fairy Tea Party,2025,Ellie Nishino,no_suggest_candidates,
1541161,Tall Tree,2025,Pablo Schettino González,no_suggest_candidates,
1657775,Cave,2025,Ben Bravo D;José S. Medina;Ariel Rojas,no_suggest_candidates,
1537090,You Were Dead Yesterday,2025,Destiny Cox,no_suggest_candidates,
1543196,Camper: A Revenge Story,2025,Jesse Ennis,no_suggest_candidates,
1557208,Freakin Weekend,2025,David Bradburn,director_mismatch page=Simon Goldberg;Ross Goolsby,tt9347702:None
1557194,Okay Annie,2025,,no_tmdb_director,
1557165,Mara,2025,Ben Harl,year_mismatch page=2018,tt1773753:2018
1553283,Baba Yaga’s Beastiary Episode 1- LIKHO!,2025,Tamara Finlay,no_suggest_candidates,
1703961,"Blood Meridian, or the Evening Redness in the West",2025,,no_tmdb_director,
1621136,Halloween: Safety or Sacrifice,2025,Lucas Ostrowski,no_suggest_candidates,
1556247,Shadow You,2025,Mike Bernstein,no_suggest_candidates,
1553281,"The Good, The Bad and The Bloodthirsty : The Four Horsemen",2025,John Kalning,no_suggest_candidates,
1649204,Dwelling,2025,Jamyla Eunique Krempel,year_mismatch page=2016,tt39052991:None|tt3748540:2016
1557589,The Visitor,2025,,no_tmdb_director,
1653656,SKINCRAWLER,2025,Dylan Hanson,no_suggest_candidates,
1671386,STRAWMAN,2025,Logan Fulford,director_mismatch page=Chris Tittle,tt28366799:2023|tt0092829:1987|tt1900988:2011
1564499,Wasp Funeral,2025,Product,no_suggest_candidates,
1565090,Brothers of the Apocalypse,2025,Luke Tatro,no_suggest_candidates,
1565079,Prometida Eterna,2025,Yancy Anali Lopez,no_suggest_candidates,
1565071,Love Me Or Die,2025,Elizabeth Jane Findley,no_directors_on_page,tt16289052:None
1563102,Muff,2025,Elliot Ancona,no_directors_on_page,tt5838062:2015
1495028,Videodoom,2025,Ethan LeQuyere,no_suggest_candidates,
1561035,Bunnyman,2025,Matthew Silva,director_mismatch page=Alessandra Starr Ward,tt31221343:2025
1566642,A Haunted Theater,2025,Ranger Sanson,no_suggest_candidates,
1565564,Maggots,2025,James O'Keefe,year_mismatch page=2019,tt7717204:2017|tt11212786:2019
1718282,OPEN THE DOOR,2025,Parker Plappert,year_mismatch page=2022,tt29506679:2022
1678736,Lost But Not Found,2025,Mark Graham,no_suggest_candidates,
1571286,Confined,2025,Lucas Lara Esteves,year_mismatch page=2026,tt43600905:2026
1571927,Voyeur,2025,Maryam Hashempour,year_mismatch page=2024,tt29172061:2024
1570086,The Skull,2025,Gustavo Von Ha,director_mismatch page=Jason DeStefano,tt0059727:1965|tt13848506:None
1571951,Return to Sender,2025,Sean Gonzales;Roy Elghanayan,director_mismatch page=Heather Hawthorn Doyle,tt32621284:2024
1571944,The Lazarus Incident,2025,Lilly Scourtis,no_suggest_candidates,
1667171,Microplastics and Me,2025,Ryan Sonderegger,no_suggest_candidates,
1725588,Lorelei,2025,,no_tmdb_director,
1650004,Ratatata,2025,Benjamin Zajac,no_suggest_candidates,
1579559,"""Friends""",2025,Akil Auremont,no_directors_on_page,tt0108778:1994
1572679,LEGION,2025,Tom Angell,year_mismatch page=2010,tt5114356:2017|tt1038686:2010
1599257,Game Over,2025,,no_tmdb_director,
1575462,Zombies?,2025,Lia Rothman,director_mismatch page=Paul Hoen,tt6878820:2018
1184199,Faceless,2025,Tristan Bennett,year_mismatch page=2021,tt0095125:1988|tt0759549:2006|tt4372326:2021
1694475,That's Death,2025,Miles Hedderman,no_suggest_candidates,
1573851,'A Livella,2025,Sara Posati,no_suggest_candidates,
1487658,Who's That?,2025,Anthony A. Labriola,no_suggest_candidates,
1580951,Hair of the Dog,2025,Jesse McKay,director_mismatch page=Marshall Jamie,tt5610250:2017|tt6504858:2017|tt1697068:None
1665024,Carry that Weight,2025,Feline Przyborowski;Eren Kinin;Lorenzo Savran;Carmen Palacios;Eleftheria Vrakozoni;Elena Sciandrone,director_mismatch page=Victoria Cheyenne,tt21301906:2023|tt13226590:None
1589996,The White Lobster,2025,Shaun Doogan;Ciaran McCann,no_suggest_candidates,
1330029,Shared Bodies,2025,,no_tmdb_director,
1594678,Ritual,2025,Gabriella Tyszkiewicz,year_mismatch page=2012,tt0269856:2000|tt0250698:2002|tt2182019:2012
1584408,Mephistopheles Is Just Beneath,2025,Aaron Grospe,no_suggest_candidates,
1595544,SUNSPOTS,2025,Niko Wilkins,director_mismatch page=Benjamin Lansdowne-Martinez;Cody Pleash,tt43684833:2026|tt43338212:2026
1585408,Roommates,2025,Luke Mitchell,year_mismatch page=2026,tt37540875:2026
1585180,Esopus,2025,Dean Jackman,no_suggest_candidates,
1565024,Transcend the Maelstrom,2025,Monica Yasmin Arceo,no_suggest_candidates,
1611831,The Knock,2025,Kaeleb Hudson,year_mismatch page=2023,tt0155436:1994|tt13226468:2023
1609290,RED,2025,Madeline Schwartz,year_mismatch page=2010,tt1245526:2010
1647141,"""SHEEP""",2025,,no_tmdb_director,
1589787,ETA,2025,Sam Whitworth,no_suggest_candidates,
1666473,"That's Just ""John""",2026,Kian Mohammadinik,no_suggest_candidates,
1721965,Angel,2026,,no_tmdb_director,
1616162,Lost Soul,2026,Vik Ramen,year_mismatch page=2009,tt1312237:2009
1619294,The Fallen,2026,Miguel Mora,no_suggest_candidates,
1618792,Murderings of 2026,2026,Evan Pruitt,no_suggest_candidates,
1617166,Your Sandwich Is Always Rotten,2026,Barnaby Moore,no_suggest_candidates,
1572353,Forever Night,2026,Martin W. Payne,director_mismatch page=Themis Katz,tt38099725:None|tt2379564:2012
1584239,WE FOUND THE CHICAGO GORILLA!!! (GONE WRONG),2026,Tabitha Randklev;Branden Smith,no_suggest_candidates,
1613131,"Mirror, Mirror: Matryoshka",2026,Martin W. Payne,no_suggest_candidates,
1651025,THE DOLL ZONE,2026,Sharon Alice,no_suggest_candidates,
1628360,Purple Zombie,2026,Merrick Thompson,no_suggest_candidates,
1625938,The Seeds of Times - Compassion Circuit - Part 3-4,2026,Justin Adam;Gabriel Bourdoiseau;Samuel Hardoy-Roudaut,no_suggest_candidates,
1638727,Clownstalker: Grindhouse Supercut,2026,Kash Renton,no_suggest_candidates,
1638742,Lonesome Road,2026,Monica Yasmin Arceo,director_mismatch page=Jeff Martin,tt8240510:None|tt10757676:2018
1649651,Red Goes To Heck: The Final Herring,2026,Ian Austin,no_suggest_candidates,
1673090,Still Here,2026,Gaby Pilkington,no_directors_on_page,tt27352118:2023|tt4789618:2020|tt13263302:2023
1674598,The Witches of The West Woods,2026,Alex Ricker,no_suggest_candidates,
1656783,The sealer,2026,,no_tmdb_director,
1656268,Signs Point to Yes,2026,Ash Diner,no_suggest_candidates,
1647011,The Fly,2026,Barbara Wheeler,year_mismatch page=1958,tt0091064:1986|tt0051622:1958
1691342,The Book of Bill Video,2026,Hana Asfar,no_suggest_candidates,
1659877,Beanis,2026,Yorm Katz,no_suggest_candidates,
1666097,The Black Pines incident,2026,,no_tmdb_director,
1680764,SUCCESSOR,2026,Jake Grogan,year_mismatch page=2024,tt32613601:2024
1657361,Home Sweet Home,2026,Rebin Zangana,year_mismatch page=2025,tt33308903:2025
1652003,The Warning,2026,Logan Smith,year_mismatch page=2018,tt3711510:2018
1735482,Sebastian Wasserberg's Big Day,2026,Sebastin Wasserberg,no_suggest_candidates,
1736558,Scopophobia,2026,Giovanni Bowman,director_mismatch page=Dorian Locke,tt43049456:2025
1669850,Frankenstein in Baghdad,2026,Laura Yoder,no_suggest_candidates,
1676230,AL,2026,Vanden Liegghio,no_suggest_candidates,
1675491,Phone Call,2026,,no_tmdb_director,
1712476,Lilith,2026,,no_tmdb_director,
1684009,The Hole Thing,2026,Davis Henderson,no_suggest_candidates,
1684169,Zeitgeist - The Fizzening,2026,Jude Holesovsky,no_suggest_candidates,
1681696,Canticum Mortis,2026,Adiel Garcia,no_suggest_candidates,
1717816,machina,2026,Dan Noonan,no_suggest_candidates,
1688120,The Puzzle,2026,Liisi Idvan,director_mismatch page=Ian Kessner,tt0160722:1998
1695933,Bogged,2026,Preston Koch,director_mismatch page=Dylan Poihipi,tt33085623:None
1688137,Dead of the Dead,2026,Julius Kits,no_suggest_candidates,
1701336,Exodus,2026,Alfie Johnson,year_mismatch page=2025,tt21289612:2025
1686741,The Last Stop,2026,Michael Schultz,year_mismatch page=2023,tt6508926:2017|tt0191242:2000|tt22051928:2023
1715891,August of '84,2026,Mariana Brás,no_suggest_candidates,
1706989,Insomniac,2026,Gabriel Bumgarner,no_directors_on_page,tt3626534:2017|tt33796191:2024
1696438,Ritual of A Smoker,2026,Dylan Spenser Falce,no_suggest_candidates,
1652998,Eye for an eye,2026,tristan betts,year_mismatch page=2025,tt28088571:2025
1703507,PHREAKOUT!,2026,Jacob Hasell;Jonathan Ho,no_suggest_candidates,
1728344,DEADLINE,2026,Iben;Felix;Mathilde,year_mismatch page=2025,tt38349157:2025
1717327,The Gates of Irkalla,2026,Alexi Tsitlakidis,no_suggest_candidates,
1715381,Full House,2026,Archie Power,year_mismatch page=1952,tt0092359:1987|tt0464625:2004|tt0154255:1952
1710576,Atypical,2026,Finn Palamara;Gus Groves,director_mismatch page=Mohamed Bashiti,tt6315640:2017|tt8745986:2018
1716052,Queensland Gothic,2026,David Meechan,no_suggest_candidates,
1710857,Paranoid,2026,,no_tmdb_director,
1721109,HAMSTAGEDDON,2026,MDT,no_suggest_candidates,
1685857,TIME TO DIE (2026),2026,Unchantable;VampFan09,no_suggest_candidates,
1736253,Droner,2026,Eric Carson,no_suggest_candidates,
1725352,Recall,2026,Zina Victor-Okigbo,year_mismatch page=2018,tt3754662:2017|tt6622960:2018
1720997,Emetophobia,2026,Jens Ramo,director_mismatch page=Joe M Romano,tt20864130:2021
1736278,Deep Sleep,2026,,no_tmdb_director,
1733441,Pelet Biduan Jalang,2026,Bram Ferino,no_suggest_candidates,
1733730,The Fairies,2026,Angel Horowitz,director_mismatch page=Tom Rubnitz,tt0477407:2005|tt0416732:1989
1679209,MACDUFF'D,2026,Zak Gemmell,no_suggest_candidates,
1728309,MYXOMATOSIS,2026,Niamh Murtagh,no_directors_on_page,tt2017555:2011|tt0191707:1994
1627071,Buyer Beware,2026,Tommy Linguey,director_mismatch page=Amie Morelli,tt0032295:1940|tt8541440:2018|tt1662646:2010
1700021,Rent in Peace,2026,Chaz Mosier,no_suggest_candidates,
1701441,I Miss My Mom,2026,Jack Polando,no_suggest_candidates,
1721659,Something Seems Off,2026,Cooper F,no_suggest_candidates,
1545855,AUFTRAG,2026,M. C. T.,no_suggest_candidates,
1399488,Untitled Cat Commercial,2026,Anthony Leroy,no_suggest_candidates,
1495373,Friday's Chylde 3D,2026,Zeb Hyke,no_suggest_candidates,
1685622,Nowhere to Run,2026,Cy Culshaw;Maeve Thorn;Paz,year_mismatch page=2025,tt34376460:2025
1595886,Lights! Camera!! Scream!!!,2026,Nick Noyes,no_suggest_candidates,
1293266,Nightblade,2026,Anthony Leroy,year_mismatch page=2016,tt5338600:2016
1618829,Just Another John,2026,Danny Jeremias,director_mismatch page=Simon Williams,tt4925492:2015
1665183,Enervo,2027,Fiona Fajut,no_suggest_candidates,
1616478,Brujo,2027,Steven Escudero,director_mismatch page=Juan Zuleta,tt42043908:2026
1737197,Myrrh Meridian,2027,Ellis Spennser,no_suggest_candidates,
1688883,Worse Than Death,2027,TE Lara-Powell,director_mismatch page=TE Powell,tt42394150:None
1628117,Untitled Ataraxia Sequel,2027,Joe Meredith,no_suggest_candidates,
1696369,The Fårö Cannibal,2027,Gustaf Skarsgård,no_suggest_candidates,
1418000,A Family Getting Sick,2027,Stargate,no_suggest_candidates,
1308261,Untitled Leave Me Alone Sequel,2027,,no_tmdb_director,
1723932,Marigold,,Lachlyn Ball,no_year,
1687164,The Well,,Harry Vu,no_year,
1625673,Blood Covenant,,Mariano Cattaneo;Spencer Keller;Kate Trefry;Bret Miller;Javier Yañez Sanz;Hasan Can Dağlı,no_year,
691061,The Others,,,no_year,
1628555,Condamnat,,Aditya Bajaj,no_year,
1726341,Take Two,,Dylan Früh;John Patchen;Elijah Patchen,no_year,
1637377,NightFlirt,,Case Avron,no_year,
1729011,Detention,,Paul Feig,no_year,
1715137,BITE-BACK,,Rachael Ogunbowale,no_year,
1718597,Zombie Bloodlines,,C. Courtney Joyner;David Schmoeller;Alex Nicolaou,no_year,
1724009,Zombie!,,J.R. Bookwalter,no_year,
1635108,They Know,,Bill Hader,no_year,
1617297,Exquisite Corpses,,,no_year,
1218108,Triton,,Janell Shirtcliff,no_year,
849166,Strangled 8,,Gary Whitson,no_year,
1382734,Black Samphire,,Cat White,no_year,
1721012,EAST,,Mike Ehrenkranz,no_year,
1694372,Replacer,,Avan Jogia,no_year,
959903,Felix,,John Kissack,no_year,
1729650,Trash Queen,,Gabrielle Rosson,no_year,
701796,Motherboard,,Glenn McLeod,no_year,
1406634,Trees,,Isaac Stacey,no_year,
1625584,Lia,,Alessandro Sala,no_year,
1281850,Invasion of the Goo People,,Eric Carson,no_year,
796534,Dark Moon,,Chris Sun,no_year,
1699175,The Pastor,,Clayton Scott,no_year,
854823,Saving River,,James Verlinde,no_year,
1562764,The Crawling,,Christian Everhard,no_year,
1106302,Paradise Court,,,no_year,
1573854,LATE FEES,,,no_year,
1365605,Fangs,,James Adams,no_year,
1621686,Unknown Company,,Vincent Talenti,no_year,
1632652,Katakomben 2,,John Erick Dowdle,no_year,
1724560,Unwind,,Randy Smith,no_year,
1665091,B̴LÓDMÆRE̴,,Peter Anderson;Jando,no_year,
712674,Monster Mash,,Matt Stawski,no_year,
1695634,Silverfish,,Daniel Almodóvar,no_year,
1687758,Seething Void,,Andrew Laudone,no_year,
1125591,Desolate,,Kevin Alves,no_year,
1532877,Black & Blue,,Nyah Anderson,no_year,
1290037,Night Business,,Ti West,no_year,
1518966,Headcase,,Spencer Zimmerman,no_year,
1579419,Mister Yummy,,Ben Young,no_year,
1248786,Ushers,,,no_year,
1318935,Stranger,,Isabella Vizetta,no_year,
1686201,Hold the Devil,,Álex de la Iglesia,no_year,
1692975,Famished,,Kylie Roseanne,no_year,
1617002,Bhoot,,Fawzia Mirza,no_year,
1536533,The Invocation,,Joko Anwar,no_year,
1652046,Hide,,Alexander Bello,no_year,
1335803,Repent,,Lucas Hanwell,no_year,
1624233,Salt,,Cassandra Schneider,no_year,
1054778,The Mother,,Arthur Pita;Gerald Fox,no_year,
1629795,Blasphemous,,Luke Piotrowski,no_year,
1645216,Bloody Legend,,Catherine Stone;Susan Taylor,no_year,
1529635,VERMIN,,Nick Buchheit,no_year,
1457940,Empty Crib,,Tom Wolt,no_year,
1664079,Supmark,,Alexander Bruckner,no_year,
377629,Jacqueline Ess,,Jovanka Vuckovic,no_year,
1588750,Puppet Surgery,,Holiday Jones,no_year,
1727750,The Fisherman,,David Lowery,no_year,
1718970,The Fell,,Randall Snare,no_year,
1402687,Braindead,,Adam Justice Hardy,no_year,
1705666,It's Always a Sunny Day,,Brocco Rogers,no_year,
1649083,Fang Club,,Kaytlin Early,no_year,
1560264,Mr. Friendly,,Niall Owens,no_year,
