id,imdb_id,original_title,title,original_language,overview,tagline,release_date,poster_path,popularity,vote_count,vote_average,budget,revenue,runtime,status,adult,backdrop_path,genre_names,collection,collection_name
1423,,Flying Saucer Rock 'N' Roll,Flying Saucer Rock 'N' Roll,en,,,2006-01-01,/hoRIW3Qqynr5M8sjRhvKNKGRbZy.jpg,0,0,0,0,0,0,,False,,Horror,,
2675,,Signs,Signs,en,,,2002-01-01,/YtrIdrTxpRhvCnlw43dwOjfLqx.jpg,0,0,0,0,0,0,,False,,Horror,,
2989,,Roar,Roar,en,,,1981-01-01,/7AoDfoRDQ0hfoyasvl0J2PIFUJ0.jpg,0,0,0,0,0,0,,False,,Horror,,
3024,,The Strange Case of Dr. Jekyll and Mr. Hyde,The Strange Case of Dr. Jekyll and Mr. Hyde,en,,,1968-01-01,/2f148sTeER6uMIU3kmr4BJylVdq.jpg,0,0,0,0,0,0,,False,,Horror,,
3030,,End of the World,End of the World,en,,,1977-01-01,/ixPm2F6ddHpVrQvCkNZeKT2sXP0.jpg,0,0,0,0,0,0,,False,,Horror,,
3070,,Frankenstein,Frankenstein,en,,,1986-01-01,/aMy3TOVUJC46F9NaH5ICcFoKxXp.jpg,0,0,0,0,0,0,,False,,Horror,,
3119,,Frankenstein and Me,Frankenstein and Me,en,,,1996-01-01,/4QWlmX69UAXlcySa9CJ5Q4Oqj7o.jpg,0,0,0,0,0,0,,False,,Horror,,
4229,,The Scary Movie,The Scary Movie,en,,,1993-01-01,/zIVlMOEnCQWlUHwMuKnBQKHyc3T.jpg,0,0,0,0,0,0,,False,,Horror,,
4858,,The Invasion,The Invasion,en,,,2007-01-01,/oS5rMuJXwNZZPx0ojhvjgduglD2.jpg,0,0,0,0,0,0,,False,,Horror,,
4879,,Ten Little Indians,Ten Little Indians,en,,,1965-01-01,/iFBY02sqbyNHEtfRpHAKi5m9KDZ.jpg,0,0,0,0,0,0,,False,,Horror,,
4883,,And Then There Were None,And Then There Were None,en,,,1974-01-01,/JoBZj30v380XBiRrYwIhOoGJ1z.jpg,0,0,0,0,0,0,,False,,Horror,,
5161,,Blood of the Undead: The Unwanted,Blood of the Undead: The Unwanted,en,,,1987-01-01,/wLxEqNvNew4VEflmT3f23SHj6zN.jpg,0,0,0,0,0,0,,False,,Horror,,
5247,,Mercy,Mercy,en,,,2000-01-01,/rTgEO5EpxztlMfdiXqghh7G2UxW.jpg,0,0,0,0,0,0,,False,,Horror,,
5470,,Beowulf,Beowulf,en,,,1999-01-01,/ktX5naCHfERaoDVaCUOITPIFrFd.jpg,0,0,0,0,0,0,,False,,Horror,,
5719,,Mudhoney!,Mudhoney!,en,,,1965-01-01,/8iHie5qpBGrYpoC8ypN2m4PkPDe.jpg,0,0,0,0,0,0,,False,,Horror,,
6974,,The Angry Red Planet,The Angry Red Planet,en,,,1959-01-01,/jtY9aJjUdbw6CaQ3rHQW6WJKB6g.jpg,0,0,0,0,0,0,,False,,Horror,,
7866,,Evil,Evil,en,,,2005-01-01,/cZsMlBid0tJTvgYTPlVs6i38wNF.jpg,0,0,0,0,0,0,,False,,Horror,,
8090,,Untraceable,Untraceable,en,,,2008-01-01,/ySUwDRDEn01lKIMPQorpFCMLWqE.jpg,0,0,0,0,0,0,,False,,Horror,,
8316,,The Countess,The Countess,en,,,2009-01-01,/nnksbKPiwDZS5x9O64OU94hJ15g.jpg,0,0,0,0,0,0,,False,,Horror,,
10730,,King Kong,King Kong,en,,,1976-01-01,/paYKhEwUaxKA05vmOfU7FlleTln.jpg,0,0,0,0,0,0,,False,,Horror,,
11508,,Addams Family Reunion,Addams Family Reunion,en,,,1998-01-01,/XtfNBKnLDpg1waJhDF5FAd5OEX.jpg,0,0,0,0,0,0,,False,,Horror,,
13008,,An American Crime,An American Crime,en,,,2007-01-01,/pA2e3eL0Sylqd8YOP3v3cqwyUGR.jpg,0,0,0,0,0,0,,False,,Horror,,
13566,,The Slaughterhouse Massacre,The Slaughterhouse Massacre,en,,,2005-01-01,/7UJ5Y4VgXgRuXgrRhAAhCSPPFjb.jpg,0,0,0,0,0,0,,False,,Horror,,
13568,,Sleepover Nightmare,Sleepover Nightmare,en,,,2005-01-01,/gRWCWlB6rz2bmRLgekXk3vOZsp8.jpg,0,0,0,0,0,0,,False,,Horror,,
13945,,The Sword and the Sorcerer,The Sword and the Sorcerer,en,,,1982-01-01,/3804sBcpgNvpNpLc53hb4MMB6f7.jpg,0,0,0,0,0,0,,False,,Horror,,
15182,,Just Buried,Just Buried,en,,,2007-01-01,/1gLnBaOGMaTVP7EumjWs9IBqeV7.jpg,0,0,0,0,0,0,,False,,Horror,,
16431,,Dark Heaven,Dark Heaven,en,,,2004-01-01,/liZBNtgdf5HvjAYC5K9RAP0qB98.jpg,0,0,0,0,0,0,,False,,Horror,,
16763,,Joy Ride 2: Dead Ahead,Joy Ride 2: Dead Ahead,en,,,2009-01-01,/66HBVfCkhevEpPV2fMzt8FAF9BP.jpg,0,0,0,0,0,0,,False,,Horror,,
17088,,Banned from Television,Banned from Television,en,,,1998-01-01,/hr0Fg5prFF0ze2JWhBwVSzCsqEF.jpg,0,0,0,0,0,0,,False,,Horror,,
17154,,Black Ribbon,Black Ribbon,en,,,2007-01-01,/6649gW6TFflAsjXQlY1M0vGbSOY.jpg,0,0,0,0,0,0,,False,,Horror,,
18467,,Spiral,Spiral,en,,,2007-01-01,/cyzyZ8HA2zqL9C3QrpHI7QqGr0r.jpg,0,0,0,0,0,0,,False,,Horror,,
18910,,The Ninth Configuration,The Ninth Configuration,en,,,1980-01-01,/jlQMBckfnLhiCusar62sJ7WCKBv.jpg,0,0,0,0,0,0,,False,,Horror,,
19310,,Spectres of the Spectrum,Spectres of the Spectrum,en,,,2000-01-01,/tHJwPy72ISUuOqowZUxEMdkhH3h.jpg,0,0,0,0,0,0,,False,,Horror,,
19383,,Targets,Targets,en,,,1968-01-01,/n0xQThLhrymktXzQbD0KwwUMXSB.jpg,0,0,0,0,0,0,,False,,Horror,,
19854,,State's Evidence,State's Evidence,en,,,2004-01-01,/hkTfNOG5987DNlWas6e0eLOgt1b.jpg,0,0,0,0,0,0,,False,,Horror,,
20608,,Pervirella,Pervirella,en,,,1997-01-01,/blclQGN6tsCN3gcwsl7Xxgtwlqm.jpg,0,0,0,0,0,0,,False,,Horror,,
20620,,Seconds,Seconds,en,,,1966-01-01,/5G3q3OvulFTnFdiouaZdD8wjtIc.jpg,0,0,0,0,0,0,,False,,Horror,,
20695,,Blessed,Blessed,en,,,2004-01-01,/lQIQzonaUBSb5VG90Eq4VGfN4Dv.jpg,0,0,0,0,0,0,,False,,Horror,,
22027,,99 Pieces,99 Pieces,en,,,2007-01-01,/j1PqhwrBUHm3mm8GyYwSv1NEkCP.jpg,0,0,0,0,0,0,,False,,Horror,,
22543,,Dead Ringer,Dead Ringer,en,,,1964-01-01,/3gFIovyx38syFIY6kAl1FcwhWMd.jpg,0,0,0,0,0,0,,False,,Horror,,
23985,,Cremaster 2,Cremaster 2,en,,,1999-01-01,/89Fohd57satfOatQ1REbS5Nutxq.jpg,0,0,0,0,0,0,,False,,Horror,,
24045,,The Devil's Muse,The Devil's Muse,en,,,2007-01-01,/f7OT3kvdj7YW8fvSLSluZgPElup.jpg,0,0,0,0,0,0,,False,,Horror,,
24094,,Necessary Evil,Necessary Evil,en,,,2008-01-01,/qajmuoqy90kRABAiRxyfS7bZwXs.jpg,0,0,0,0,0,0,,False,,Horror,,
24132,,The Gates of Hell,The Gates of Hell,en,,,2008-01-01,/61o4ewjOsGfhQ3wRSmKa2tzhtWD.jpg,0,0,0,0,0,0,,False,,Horror,,
24212,,Devil Girl from Mars,Devil Girl from Mars,en,,,1954-01-01,/kgQh1yJdQ3ESgwNzTAVNIw3FzMZ.jpg,0,0,0,0,0,0,,False,,Horror,,
24498,,A Distant Thunder,A Distant Thunder,en,,,1978-01-01,/zNGAB42bkpYGM3WJjpgUfLGCPg2.jpg,0,0,0,0,0,0,,False,,Horror,,
24605,,Curse of Alcatraz,Curse of Alcatraz,en,,,2007-01-01,/yogHuaJUMOKazXyk3Mzqw5wmrGS.jpg,0,0,0,0,0,0,,False,,Horror,,
24799,,Wolvesbayne,Wolvesbayne,en,,,2009-01-01,/pY6mkRIZnU1qUWxPx26u2uJdLgz.jpg,0,0,0,0,0,0,,False,,Horror,,
24862,,Crash and Burn,Crash and Burn,en,,,1990-01-01,/5tysnCndwYJ6I7D8lw1lHdD3AsF.jpg,0,0,0,0,0,0,,False,,Horror,,
25625,,Multiple Maniacs,Multiple Maniacs,en,,,1970-01-01,/pro4OiTibouFxb6O5GhddSUImI7.jpg,0,0,0,0,0,0,,False,,Horror,,
25874,,The Illustrated Man,The Illustrated Man,en,,,1969-01-01,/hxTncIosSPstrHNE9ynivvXfjI3.jpg,0,0,0,0,0,0,,False,,Horror,,
26472,,Poker Run,Poker Run,en,,,2009-01-01,/tJ4RlD1T1zgzEPV1pnXVdh5SvRP.jpg,0,0,0,0,0,0,,False,,Horror,,
27227,,The Cabinet of Dr. Caligari,The Cabinet of Dr. Caligari,en,,,2005-01-01,/ysKCHikz6unRQrBaBLuqfDRdoxi.jpg,0,0,0,0,0,0,,False,,Horror,,
27529,,Deadly Memories,Deadly Memories,en,,,2002-01-01,/nqlp6kzrz9NgfdgMY1nzHvKZrWo.jpg,0,0,0,0,0,0,,False,,Horror,,
27542,,Vicious Kiss,Vicious Kiss,en,,,1995-01-01,/3QIjdz26yLfxej0bLITxac9gCL5.jpg,0,0,0,0,0,0,,False,,Horror,,
27603,,Bikini Bloodbath: Car Wash,Bikini Bloodbath: Car Wash,en,,,2008-01-01,/bXYEOhDJNE8imuyGSWmcHB3TRLx.jpg,0,0,0,0,0,0,,False,,Horror,,
27617,,Splatter Disco,Splatter Disco,en,,,2007-01-01,/gwBU7p5jbNCKufi36bkaeQ0kYmH.jpg,0,0,0,0,0,0,,False,,Horror,,
27627,,Animals,Animals,en,,,1999-01-01,/dkFQct03zVTQEdeqPZ98ik5BB0j.jpg,0,0,0,0,0,0,,False,,Horror,,
27649,,Robot Ninja,Robot Ninja,en,,,1989-01-01,/jE42Gxi0U6g7ht6fSdlRAvycvVa.jpg,0,0,0,0,0,0,,False,,Horror,,
27657,,Final Examination,Final Examination,en,,,2003-01-01,/nylzguk3S3fzDVNz7LpoO1A82Ww.jpg,0,0,0,0,0,0,,False,,Horror,,
27685,,Time Enough: The Alien Conspiracy,Time Enough: The Alien Conspiracy,en,,,2002-01-01,/6SuDS1iyjXZIBBB0SlBCaA3SLjE.jpg,0,0,0,0,0,0,,False,,Horror,,
27687,,GoreGoyles: First Cut,GoreGoyles: First Cut,en,,,2003-01-01,/7fZVhe1QDc7EHtMaiAhF2AKfg63.jpg,0,0,0,0,0,0,,False,,Horror,,
27688,,Crimson Nights,Crimson Nights,en,,,1999-01-01,/ftUg8L1yjbX28Ss9urk7wjdWNdR.jpg,0,0,0,0,0,0,,False,,Horror,,
27689,,Blood for the Muse,Blood for the Muse,en,,,2001-01-01,/2lvmyeO8Y8xBhBTmm1Fqhxh1Tdh.jpg,0,0,0,0,0,0,,False,,Horror,,
27690,,Sorority Slaughter,Sorority Slaughter,en,,,1994-01-01,/sjTuyuOCkfVUZ6iSI2iEUFBpt6j.jpg,0,0,0,0,0,0,,False,,Horror,,
27694,,Female Mercenaries 2: The Mad Doctor of Zombie Island!,Female Mercenaries 2: The Mad Doctor of Zombie Island!,en,,,2008-01-01,/nzibIkbE4LTdfgztPaZiftc41BH.jpg,0,0,0,0,0,0,,False,,Horror,,
27717,,The Phantom Planet,The Phantom Planet,en,,,1961-01-01,/tqXs9OlNv09D3AIkl14Rlw9pTJT.jpg,0,0,0,0,0,0,,False,,Horror,,
27755,,Maniacal,Maniacal,en,,,2003-01-01,/nudsfuxRD9UjvS8rXjTuzajcilA.jpg,0,0,0,0,0,0,,False,,Horror,,
27772,,"Play Dead, Inc.","Play Dead, Inc.",en,,,1998-01-01,/yKm8NrkDhlP7pV6AowmKoIlb8nQ.jpg,0,0,0,0,0,0,,False,,Horror,,
27782,,Silk Stocking Strangler,Silk Stocking Strangler,en,,,2002-01-01,/lNBwkPAPBGs9UiOMCecNkA6ImeP.jpg,0,0,0,0,0,0,,False,,Horror,,
27785,,Sinful,Sinful,en,,,2006-01-01,/3LXImQBu64rnocvAfUQXBDtie3S.jpg,0,0,0,0,0,0,,False,,Horror,,
27796,,Stripped to Kill 2: Live Girls,Stripped to Kill 2: Live Girls,en,,,1989-01-01,/rT4O42rtThyskk6oUGf6xSMj3KJ.jpg,0,0,0,0,0,0,,False,,Horror,,
27798,,The Deepening,The Deepening,en,,,2006-01-01,/i5rrqcn5ol2Y7ApmpHOJH9Kjt9r.jpg,0,0,0,0,0,0,,False,,Horror,,
27803,,Hayride Slaughter,Hayride Slaughter,en,,,2001-01-01,/oF5wQCCOkVXNFCxEQglSRG3FO2B.jpg,0,0,0,0,0,0,,False,,Horror,,
27808,,Suburban Nightmare,Suburban Nightmare,en,,,2004-01-01,/pcQUYGoeq5LLCqFsFAsMHrpeBAe.jpg,0,0,0,0,0,0,,False,,Horror,,
27818,,Skeleton Key,Skeleton Key,en,,,2006-01-01,/xTufIGTJWNFsAMx0XpMvWI9DPZt.jpg,0,0,0,0,0,0,,False,,Horror,,
27836,,Summer Camp Nightmare,Summer Camp Nightmare,en,,,1987-01-01,/q5kzTvCy8MpBFKV2lQS3RnekcrT.jpg,0,0,0,0,0,0,,False,,Horror,,
27848,,Shock-O-Rama,Shock-O-Rama,en,,,2005-01-01,/ibG4S2DRrfTcnmNXeyP9W1bkVEn.jpg,0,0,0,0,0,0,,False,,Horror,,
27851,,Vampiyaz,Vampiyaz,en,,,2004-01-01,/d1ugxSJwrEoKOng9GRGbOHF5UlP.jpg,0,0,0,0,0,0,,False,,Horror,,
27855,,Duck! The Carbine High Massacre,Duck! The Carbine High Massacre,en,,,1999-01-01,/gCMcQvchaicyiIS1gE2YF2eGPju.jpg,0,0,0,0,0,0,,False,,Horror,,
27856,,Day of the Ax,Day of the Ax,en,,,2007-01-01,/cTQuwae5ixy8az9WfS1jKsVBo5F.jpg,0,0,0,0,0,0,,False,,Horror,,
27951,,Ghostwood,Ghostwood,en,,,2006-01-01,/taXMg2pArrRhxJSAEuh3pM82hcw.jpg,0,0,0,0,0,0,,False,,Horror,,
28077,,Feast,Feast,en,,,1992-01-01,/xHdyeFh3peTi1XsYwnE73q7lSXq.jpg,0,0,0,0,0,0,,False,,Horror,,
28147,,The Centerfold Girls,The Centerfold Girls,en,,,1974-01-01,/5mVRfoteQMX4UzKNF9zeJolMxY2.jpg,0,0,0,0,0,0,,False,,Horror,,
28148,,Ninja III: The Domination,Ninja III: The Domination,en,,,1984-01-01,/6uUMJelRS3CGFehLyspQOS1R4z6.jpg,0,0,0,0,0,0,,False,,Horror,,
28173,,Troma's War,Troma's War,en,,,1988-01-01,/5juN2j8A2IJo34YrleEMvCJimDz.jpg,0,0,0,0,0,0,,False,,Horror,,
28184,,Shockheaded,Shockheaded,en,,,2002-01-01,/wM8k74jmBsoDsq53r55hBkYzBSJ.jpg,0,0,0,0,0,0,,False,,Horror,,
28185,,Dead North,Dead North,en,,,1991-01-01,/swxsjJP9k8tWIfAzUDbbEfboYd.jpg,0,0,0,0,0,0,,False,,Horror,,
28230,,Serial Killer Massacre,Serial Killer Massacre,en,,,1997-01-01,/k0ikkfEbFhpys54OOUJqmqmtkHd.jpg,0,0,0,0,0,0,,False,,Horror,,
28231,,Tales from the Cannibal Side,Tales from the Cannibal Side,en,,,1998-01-01,/oRrvk5CTTbv1jkAGU6tOBO4rRHS.jpg,0,0,0,0,0,0,,False,,Horror,,
28277,,99 Women,99 Women,en,,,1969-01-01,/ly5TqICjfQxjEQJGmNBoZKlBhRY.jpg,0,0,0,0,0,0,,False,,Horror,,
28310,,Dr. Horror's Erotic House of Idiots,Dr. Horror's Erotic House of Idiots,en,,,2004-01-01,/eE4xUf2Ry3XPQjYddc2dmztjies.jpg,0,0,0,0,0,0,,False,,Horror,,
28312,,B-Movie: The Shooting of 'Farmhouse Massacre',B-Movie: The Shooting of 'Farmhouse Massacre',en,,,2002-01-01,/reyb9TTloe2czVCi9PWCsHd2I5K.jpg,0,0,0,0,0,0,,False,,Horror,,
28317,,Blood Legend,Blood Legend,en,,,2006-01-01,/CrZQDzFt05AkmuEn83mCesm95e.jpg,0,0,0,0,0,0,,False,,Horror,,
28341,,The Malibu Beach Vampires,The Malibu Beach Vampires,en,,,1991-01-01,/v7skgOo19JPEkOkbpNkRifLVuT6.jpg,0,0,0,0,0,0,,False,,Horror,,
28350,,Bimbo Movie Bash,Bimbo Movie Bash,en,,,1997-01-01,/zCJFIbaPllXv2ys2YjZDw0zkXvf.jpg,0,0,0,0,0,0,,False,,Horror,,
28383,,Vampire's Seduction,Vampire's Seduction,en,,,1998-01-01,/s22MKIvuiu8pCCwpRMfpIg9to2a.jpg,0,0,0,0,0,0,,False,,Horror,,
28388,,Severe Injuries,Severe Injuries,en,,,2003-01-01,/7i0ti9vGVT6dmOohp43MDX2kxyT.jpg,0,0,0,0,0,0,,False,,Horror,,
28483,,Ravage,Ravage,en,,,1997-01-01,/3TVTR5ngxhwydxF1cqKvSPsfkOD.jpg,0,0,0,0,0,0,,False,,Horror,,
28505,,Cry of the Winged Serpent,Cry of the Winged Serpent,en,,,2005-01-01,/iLl2C8A1sFjeLz7eJzdefjYiKyU.jpg,0,0,0,0,0,0,,False,,Horror,,
28579,,She-Demons of the Black Sun,She-Demons of the Black Sun,en,,,2006-01-01,/43v088LrAERd0TvLlq1NLXkPrnM.jpg,0,0,0,0,0,0,,False,,Horror,,
28582,,Rise of the Ghosts,Rise of the Ghosts,en,,,2007-01-01,/kUIudVUQpQnckD4XSKyfWbkLAsI.jpg,0,0,0,0,0,0,,False,,Horror,,
28643,,Halloween... The Happy Haunting of America!,Halloween... The Happy Haunting of America!,en,,,1997-01-01,/4OpYG6cQ5R9Kfd9QO4mZn29DwVI.jpg,0,0,0,0,0,0,,False,,Horror,,
28653,,Zero in and Scream,Zero in and Scream,en,,,1971-01-01,/tjnt0cRHoAjuD3RGOBPpeWAZYfh.jpg,0,0,0,0,0,0,,False,,Horror,,
28726,,Baseline Killer,Baseline Killer,en,,,2008-01-01,/lJ32qDZsGoHmepNkXqgA1MFVYrO.jpg,0,0,0,0,0,0,,False,,Horror,,
28743,,The Off Season,The Off Season,en,,,2004-01-01,/tRUj345jXbHJr5rlKwdPqY2Gvrv.jpg,0,0,0,0,0,0,,False,,Horror,,
28757,,The Swinging Barmaids,The Swinging Barmaids,en,,,1975-01-01,/3GH8yysbmoGX4RtdLC74vnuBI3F.jpg,0,0,0,0,0,0,,False,,Horror,,
28765,,Kannibal,Kannibal,en,,,2001-01-01,/26exc4rtqA2Fpe6CFGGeQ2pUAwY.jpg,0,0,0,0,0,0,,False,,Horror,,
28865,,Marilyn Alive and Behind Bars,Marilyn Alive and Behind Bars,en,,,1992-01-01,/sAcDi4FPjHuA2VWL7gQql5Cklev.jpg,0,0,0,0,0,0,,False,,Horror,,
28870,,Bloodrage,Bloodrage,en,,,1980-01-01,/z7b4emWz93Wz9M9Upn2SEo51F7L.jpg,0,0,0,0,0,0,,False,,Horror,,
28952,,Demon Divas and the Lanes of Damnation,Demon Divas and the Lanes of Damnation,en,,,2009-01-01,/lcCkmdoiGSDMwvGgmSjFtML4plm.jpg,0,0,0,0,0,0,,False,,Horror,,
28953,,Silent Vengeance,Silent Vengeance,en,,,2007-01-01,/rwq8Ry4OTb9MUxi80vf4zhX19jM.jpg,0,0,0,0,0,0,,False,,Horror,,
28957,,Evil on Queen Street,Evil on Queen Street,en,,,2002-01-01,/6nQkiV9dw0YuslulMC98rVtJs1s.jpg,0,0,0,0,0,0,,False,,Horror,,
28959,,To Dance With Death,To Dance With Death,en,,,2000-01-01,/owT4AXYQ3hqB1CoksTBuEN38d2H.jpg,0,0,0,0,0,0,,False,,Horror,,
29203,,Sweet Savior,Sweet Savior,en,,,1971-01-01,/dxGBvxctRmJ3jIrNOcc7jnlstZX.jpg,0,0,0,0,0,0,,False,,Horror,,
29222,,Stopped Dead,Stopped Dead,en,,,2009-01-01,/evzomemAqb7FolGoL4Nn91E5Zs2.jpg,0,0,0,0,0,0,,False,,Horror,,
29227,,Devil's Moon,Devil's Moon,en,,,2004-01-01,/5MgCaVtlnQCRuiwRiYRnMdmnMQt.jpg,0,0,0,0,0,0,,False,,Horror,,
29350,,Cremains,Cremains,en,,,2001-01-01,/934Pok0GGUeI3h0UC5nv94lJdQ6.jpg,0,0,0,0,0,0,,False,,Horror,,
29397,,The Spirit Is Willing,The Spirit Is Willing,en,,,1967-01-01,/ghghdGatLXzRUmsSwr0mAGz5y4w.jpg,0,0,0,0,0,0,,False,,Horror,,
29405,,"Curucu, Beast of the Amazon","Curucu, Beast of the Amazon",en,,,1956-01-01,/5PoFXHovYl4haJgLDvaOZ1Vpznx.jpg,0,0,0,0,0,0,,False,,Horror,,
29504,,Demon Sex,Demon Sex,en,,,2005-01-01,/sxCNDVmFLUNGCkLSoiySZKozCQk.jpg,0,0,0,0,0,0,,False,,Horror,,
29640,,Magus,Magus,en,,,2008-01-01,/mkuOqdCQtoOk2X12U10pMSOqGMI.jpg,0,0,0,0,0,0,,False,,Horror,,
29643,,Delta Delta Die!,Delta Delta Die!,en,,,2003-01-01,/yAKUOUpIhnhoUn4V12wRnhF2SR1.jpg,0,0,0,0,0,0,,False,,Horror,,
29660,,Guns of El Chupacabra,Guns of El Chupacabra,en,,,1997-01-01,/g5BOGCG1z03tLFg6oWjL24MHcVS.jpg,0,0,0,0,0,0,,False,,Horror,,
29689,,The Bare Wench Project 3: Nymphs of Mystery Mountain,The Bare Wench Project 3: Nymphs of Mystery Mountain,en,,,2002-01-01,/uQPyGenS8BfWTNAS3iZyOXv3XGi.jpg,0,0,0,0,0,0,,False,,Horror,,
29763,,Catacombs,Catacombs,en,,,2000-01-01,/9c0G9ICdpu93CgFzYKEmmj72Jas.jpg,0,0,0,0,0,0,,False,,Horror,,
29765,,Dead Things,Dead Things,en,,,1997-01-01,/fPzCWxODmW74UGRJM9gQs61FtFp.jpg,0,0,0,0,0,0,,False,,Horror,,
29768,,Violent New Breed,Violent New Breed,en,,,1997-01-01,/vuuWB7xLDmW3SnWVxOPJqQpUw2s.jpg,0,0,0,0,0,0,,False,,Horror,,
29770,,The Shivers,The Shivers,en,,,1998-01-01,/aniMMGLU3L9JV8rF0ruCTT4Oz3u.jpg,0,0,0,0,0,0,,False,,Horror,,
29848,,Beyond the Dunwich Horror,Beyond the Dunwich Horror,en,,,2008-01-01,/f7cF2bytbuNJseK3SKWtzoq7S6s.jpg,0,0,0,0,0,0,,False,,Horror,,
29850,,Sugar Cookies,Sugar Cookies,en,,,1973-01-01,/1Wl883VX5xYoo73X1PufUgYZSQe.jpg,0,0,0,0,0,0,,False,,Horror,,
29899,,Claustrophobia,Claustrophobia,en,,,2003-01-01,/gNyLGFOTMvRwbGkrLuFiLAAfHhD.jpg,0,0,0,0,0,0,,False,,Horror,,
30030,,Eyes Are Upon You,Eyes Are Upon You,en,,,1997-01-01,/4nsQ3qGeP6xCllI2RDQBPstdtdP.jpg,0,0,0,0,0,0,,False,,Horror,,
30379,,Megiddo: The Omega Code 2,Megiddo: The Omega Code 2,en,,,2001-01-01,/gBFh6xxEManI9YJ5acKBfhqT9Nu.jpg,0,0,0,0,0,0,,False,,Horror,,
30383,,Torment,Torment,en,,,2008-01-01,/sUy13D9LRdhD4I5FhUhEC1V3VtO.jpg,0,0,0,0,0,0,,False,,Horror,,
30392,,Dark Harvest III: Skarecrow,Dark Harvest III: Skarecrow,en,,,2004-01-01,/bnYxe6P0ZP9iZbC9E1pn05OekAk.jpg,0,0,0,0,0,0,,False,,Horror,,
30394,,Death Plots,Death Plots,en,,,2005-01-01,/jziMu9jr6sJwnM0ui5mH8u6y6Ez.jpg,0,0,0,0,0,0,,False,,Horror,,
30399,,Zeppo: Sinners from Beyond the Moon!,Zeppo: Sinners from Beyond the Moon!,en,,,2007-01-01,/15cPMkfLAI4G3eBtvdbVl0K0a7c.jpg,0,0,0,0,0,0,,False,,Horror,,
30401,,Scream Queens Naked Christmas,Scream Queens Naked Christmas,en,,,1996-01-01,/41vmO4hAeirx1zj5dSimAOx67eV.jpg,0,0,0,0,0,0,,False,,Horror,,
30405,,Space Psychos 4,Space Psychos 4,en,,,2003-01-01,/tuVTqvIoQp96cnm7LfbyRE1UcaT.jpg,0,0,0,0,0,0,,False,,Horror,,
30419,,Empire of the Dark,Empire of the Dark,en,,,1991-01-01,/cmSRw0RnCOFVoQESHSwGRzU6kX6.jpg,0,0,0,0,0,0,,False,,Horror,,
30445,,Christmas Nightmare,Christmas Nightmare,en,,,2001-01-01,/a3brKSWDRTjfNiWwblUYbU1mp1i.jpg,0,0,0,0,0,0,,False,,Horror,,
30457,,Vampire Trailer Park,Vampire Trailer Park,en,,,1991-01-01,/t44JGHvkT5kMXdU5sIEdUoYjyHy.jpg,0,0,0,0,0,0,,False,,Horror,,
30479,,Always Midnight,Always Midnight,en,,,2006-01-01,/5lRYj5nbFfd3yLSDTxLqKu8bi4B.jpg,0,0,0,0,0,0,,False,,Horror,,
30515,,Screech of the Decapitated,Screech of the Decapitated,en,,,2005-01-01,/l0PH5Y0tXhDgGut00URGzOEfz5i.jpg,0,0,0,0,0,0,,False,,Horror,,
30737,,Mr Jolly Lives Next Door,Mr Jolly Lives Next Door,en,,,1988-01-01,/r142VqOKBkNflfMFqdnyrlwoiny.jpg,0,0,0,0,0,0,,False,,Horror,,
30748,,The Hereafter,The Hereafter,en,,,1983-01-01,/qPDXuGqJLP4Jss1nv84tdVLXGH4.jpg,0,0,0,0,0,0,,False,,Horror,,
30829,,Fantasm,Fantasm,en,,,1976-01-01,/wvGT2cOSYUpyetcER3ggQoMxcFc.jpg,0,0,0,0,0,0,,False,,Horror,,
30937,,Maneaters Are Loose!,Maneaters Are Loose!,en,,,1978-01-01,/3vgRBIshH5osgrqXd2CcMeF6UqP.jpg,0,0,0,0,0,0,,False,,Horror,,
31001,,Sanctimony,Sanctimony,en,,,2000-01-01,/vDqA3G09D57UJim01KJajRHS61W.jpg,0,0,0,0,0,0,,False,,Horror,,
31042,,Target Earth,Target Earth,en,,,1954-01-01,/stBO3utMARye8eIxWSdei4d0b4W.jpg,0,0,0,0,0,0,,False,,Horror,,
31393,,The Unearthly,The Unearthly,en,,,1957-01-01,/sZcP866eeTI4V7V2JtqZwP2m5VR.jpg,0,0,0,0,0,0,,False,,Horror,,
31564,,Lunatics: A Love Story,Lunatics: A Love Story,en,,,1991-01-01,/hmwoWOdmIKXPeDr722R6dubzOXS.jpg,0,0,0,0,0,0,,False,,Horror,,
31767,,The Devils,The Devils,en,,,1971-01-01,/y1k7eiOFc6fzm8XeTa1kNGx6JIs.jpg,0,0,0,0,0,0,,False,,Horror,,
32003,,The Caretaker,The Caretaker,en,,,2008-01-01,/cGZ6YrzeVp1GWVPE78kGAkcsJf5.jpg,0,0,0,0,0,0,,False,,Horror,,
32367,,Crushed,Crushed,en,,,2009-01-01,/qBg0WRhNSCK5dYxK6XI8kD21ou1.jpg,0,0,0,0,0,0,,False,,Horror,,
33156,,Blood on the Highway,Blood on the Highway,en,,,2008-01-01,/uKJD2IQ8tVjriYvsdj48jydwwlN.jpg,0,0,0,0,0,0,,False,,Horror,,
33347,,Paranoid,Paranoid,en,,,2000-01-01,/7ERnpPPhr6mbzKIAqdKsMi6ycQq.jpg,0,0,0,0,0,0,,False,,Horror,,
33589,,Fool's Fire,Fool's Fire,en,,,1992-01-01,/mQQd7W1wz0mBQZy4buoebWqp2pO.jpg,0,0,0,0,0,0,,False,,Horror,,
33607,,"I Killed My Lesbian Wife, Hung Her on a Meat Hook, and Now I Have a Three-Picture Deal at Disney","I Killed My Lesbian Wife, Hung Her on a Meat Hook, and Now I Have a Three-Picture Deal at Disney",en,,,1993-01-01,/iHbJz5HhdTYMnEkdmR68lomWzZt.jpg,0,0,0,0,0,0,,False,,Horror,,
33645,,Megalodon,Megalodon,en,,,2004-01-01,/fLzlNq3fjNQ64TRRLKlNkrDpYLt.jpg,0,0,0,0,0,0,,False,,Horror,,
33754,,Scared Stiff,Scared Stiff,en,,,1953-01-01,/cnglxMYB0912uje2gC2VfMZRywo.jpg,0,0,0,0,0,0,,False,,Horror,,
33914,,Frankenweenie,Frankenweenie,en,,,1984-01-01,/10MHgLe0ZEX0xSLHghgy6mvUyIF.jpg,0,0,0,0,0,0,,False,,Horror,,
34552,,Leeds Point,Leeds Point,en,,,2008-01-01,/huJn9MUEzFbRxruxqMou8KHHDlJ.jpg,0,0,0,0,0,0,,False,,Horror,,
35683,,Single White Female 2: The Psycho,Single White Female 2: The Psycho,en,,,2005-01-01,/qovxrkXIdOnhWyyqkJJLaFfYUxF.jpg,0,0,0,0,0,0,,False,,Horror,,
36299,,The Grave,The Grave,en,,,1996-01-01,/zXX7uWgtrEujgDs6PAhDw7BRrzC.jpg,0,0,0,0,0,0,,False,,Horror,,
36574,,Dark Reprieve,Dark Reprieve,en,,,2007-01-01,/1Nq6I9Fd52RF4xkvFkWme1VO26G.jpg,0,0,0,0,0,0,,False,,Horror,,
36601,,Grindstone Road,Grindstone Road,en,,,2008-01-01,/v5gf1SYd7TYfAPHgqYGhwK02FzC.jpg,0,0,0,0,0,0,,False,,Horror,,
36794,,Mutation,Mutation,en,,,2006-01-01,/ayxIEClAJisrfTZVEObrx05qrwG.jpg,0,0,0,0,0,0,,False,,Horror,,
36859,,Bells of Innocence,Bells of Innocence,en,,,2003-01-01,/o3tYXQLOAmSuleMivw4wBDH8Qq9.jpg,0,0,0,0,0,0,,False,,Horror,,
36860,,Blood Sucking Babes from Burbank,Blood Sucking Babes from Burbank,en,,,2008-01-01,/um79AADOG5xYvIPBpBcj21h6pcV.jpg,0,0,0,0,0,0,,False,,Horror,,
36883,,Midnight Movies: From the Margin to the Mainstream,Midnight Movies: From the Margin to the Mainstream,en,,,2006-01-01,/pcJHdDK9r2R3ayB5yoNW2uygukP.jpg,0,0,0,0,0,0,,False,,Horror,,
37019,,Dr. Jekyll and Ms. Hyde,Dr. Jekyll and Ms. Hyde,en,,,1995-01-01,/jSfC0KyRdP2BypWydrEcXOskfvH.jpg,0,0,0,0,0,0,,False,,Horror,,
37376,,The Cube,The Cube,en,,,1969-01-01,/qVW4i5ZKJ9uZ3aLeCb1l3QCfntp.jpg,0,0,0,0,0,0,,False,,Horror,,
37409,,Violated,Violated,en,,,1953-01-01,/qu5fMEibbvcIatwjIbrIeVxIA6e.jpg,0,0,0,0,0,0,,False,,Horror,,
38503,,Christina's House,Christina's House,en,,,2000-01-01,/avPfOqBpx2cMQSS8xal2Ed2KHlh.jpg,0,0,0,0,0,0,,False,,Horror,,
38753,,Passion Play,Passion Play,en,,,2011-01-01,/wx0W9Iak86peVoZnH8bBGA98chA.jpg,0,0,0,0,0,0,,False,,Horror,,
38946,,Terror in the Midnight Sun,Terror in the Midnight Sun,en,,,1959-01-01,/hGeJgZbPa50BG1lBExpTuS0M1C5.jpg,0,0,0,0,0,0,,False,,Horror,,
39006,,Cruel Passion,Cruel Passion,en,,,1977-01-01,/owEm8u0D7cdBGo0QMciTdo4yRjN.jpg,0,0,0,0,0,0,,False,,Horror,,
39392,,S.N.U.B!,S.N.U.B!,en,,,2010-01-01,/imfRwiFdCjGF34mwLfu8r7OgX7k.jpg,0,0,0,0,0,0,,False,,Horror,,
39437,,Beloved,Beloved,en,,,1998-01-01,/jIoT0J2fNXXCYZst6OkKStQIPw9.jpg,0,0,0,0,0,0,,False,,Horror,,
39704,,KISS Meets the Phantom of the Park,KISS Meets the Phantom of the Park,en,,,1978-01-01,/u0u1dRl5UKXmgdfJRlAb5Lui57u.jpg,0,0,0,0,0,0,,False,,Horror,,
39893,,The Nanny,The Nanny,en,,,1965-01-01,/2MjaiPWaZVLWnJi8FxiIaXcjvB5.jpg,0,0,0,0,0,0,,False,,Horror,,
39925,,Fear in the Night,Fear in the Night,en,,,1972-01-01,/tT2gf4OJCgQMEQ2F0dCqmoqQg2i.jpg,0,0,0,0,0,0,,False,,Horror,,
39997,,Meet the Hollowheads,Meet the Hollowheads,en,,,1989-01-01,/ggkr71YdWaKjGxwuN7Yq1acQW2d.jpg,0,0,0,0,0,0,,False,,Horror,,
40065,,Trip with the Teacher,Trip with the Teacher,en,,,1975-01-01,/aKFvVM0Fj0iGnI8Dp72M7Y18475.jpg,0,0,0,0,0,0,,False,,Horror,,
40854,,Pornography,Pornography,en,,,2009-01-01,/3azkZI1caWO7U2pPdT2LZ6qBoqt.jpg,0,0,0,0,0,0,,False,,Horror,,
40931,,Open Cam,Open Cam,en,,,2005-01-01,/s9JgLm9oLnDoD7UnF84DExb8mfK.jpg,0,0,0,0,0,0,,False,,Horror,,
41018,,Man in the Attic,Man in the Attic,en,,,1953-01-01,/5fB7gBB9LCLeYbu4fiCWuAVo2kE.jpg,0,0,0,0,0,0,,False,,Horror,,
41443,,"Resurrecting ""The Street Walker""","Resurrecting ""The Street Walker""",en,,,2009-01-01,/cUMBA6u9RxF4OLwjgDgswolSTp9.jpg,0,0,0,0,0,0,,False,,Horror,,
41570,,Acne,Acne,en,,,2000-01-01,/v6ba4DwQs3SjMW0lUoBClBjU52n.jpg,0,0,0,0,0,0,,False,,Horror,,
41740,,Alone,Alone,en,,,2002-01-01,/pzwF8nAWhI4cPd991m9nLzWe0eu.jpg,0,0,0,0,0,0,,False,,Horror,,
42530,,What's the Matter with Helen?,What's the Matter with Helen?,en,,,1971-01-01,/9u8Jn04HR4n2u6IQB9otYoYKAxY.jpg,0,0,0,0,0,0,,False,,Horror,,
43337,,The Inauguration of the Pleasure Dome,The Inauguration of the Pleasure Dome,en,,,1954-01-01,/egGNw5f9Y4mVEUaMxWMFvySbEPr.jpg,0,0,0,0,0,0,,False,,Horror,,
43587,,The Uninvited,The Uninvited,en,,,2008-01-01,/24OGW8J8LFIJJolJpttZLHGDxcu.jpg,0,0,0,0,0,0,,False,,Horror,,
43629,,Doodlebug,Doodlebug,en,,,1997-01-01,/cXDFFv6yZNW3vUHOKKUPJNnL0So.jpg,0,0,0,0,0,0,,False,,Horror,,
44027,,"My Son, My Son, What Have Ye Done","My Son, My Son, What Have Ye Done",en,,,2010-01-01,/sUS8WNlJblq2GMCFPKBHzhu0XDC.jpg,0,0,0,0,0,0,,False,,Horror,,
44632,,Jack O'Lantern,Jack O'Lantern,en,,,2004-01-01,/crNgac2yGSRRnJ6b5Udoqa8f9Rt.jpg,0,0,0,0,0,0,,False,,Horror,,
44692,,The Magnetic Monster,The Magnetic Monster,en,,,1953-01-01,/eIV85xjg61orfVQnQykTSNGKTVj.jpg,0,0,0,0,0,0,,False,,Horror,,
44954,,A Little Death,A Little Death,en,,,2010-01-01,/iKSfXI4Q4KOGdxj4KlOvlHk4jBb.jpg,0,0,0,0,0,0,,False,,Horror,,
45961,,Rosencrantz and Guildenstern Are Undead,Rosencrantz and Guildenstern Are Undead,en,,,2009-01-01,/jLDdGhnB1H1Z2l7gll0ipnlyQW6.jpg,0,0,0,0,0,0,,False,,Horror,,
46120,,Green River Killer,Green River Killer,en,,,2005-01-01,/xhhTkAcrpprlKOmqYkOE5zmP8r5.jpg,0,0,0,0,0,0,,False,,Horror,,
46507,,Torture Me No More,Torture Me No More,en,,,2005-01-01,/rQW6hWzTAWEWs5IdzvRWfDBPtxN.jpg,0,0,0,0,0,0,,False,,Horror,,
46759,,Silent Scream,Silent Scream,en,,,1990-01-01,/1BnnPjTqaypoaMNClUuRtvHkD6p.jpg,0,0,0,0,0,0,,False,,Horror,,
46878,,The Swarm,The Swarm,en,,,1978-01-01,/pO5qEEpjxdQ40ScLcFOowyziNiT.jpg,0,0,0,0,0,0,,False,,Horror,,
47259,,Cherry Tree Lane,Cherry Tree Lane,en,,,2010-01-01,/nx15pr00KmnWqOdGUltMrdaMCev.jpg,0,0,0,0,0,0,,False,,Horror,,
47287,,Rough Magik,Rough Magik,en,,,2000-01-01,/kb4Wo1xbnIvXXVOaRa84cchkdou.jpg,0,0,0,0,0,0,,False,,Horror,,
47335,,Sculpture,Sculpture,en,,,2009-01-01,/xFssexakBsfvbvQBqzI16g3UI40.jpg,0,0,0,0,0,0,,False,,Horror,,
47469,,Detained,Detained,en,,,2004-01-01,/6I5FXCEggxKvQss5wkS1yQHpDk0.jpg,0,0,0,0,0,0,,False,,Horror,,
49379,,Terror from the Year 5000,Terror from the Year 5000,en,,,1958-01-01,/rSWMAF7Sf2yda53AyuRbXSvPIIt.jpg,0,0,0,0,0,0,,False,,Horror,,
49433,,Forgive Me For Raping You,Forgive Me For Raping You,en,,,2010-01-01,/kDPrraIulT8aTF8ANPIlXwSvQG4.jpg,0,0,0,0,0,0,,False,,Horror,,
49794,,The Curse of the Alpha Stone,The Curse of the Alpha Stone,en,,,1972-01-01,/nQfWNkR9XQDltU4B7TG4A5T3ffi.jpg,0,0,0,0,0,0,,False,,Horror,,
49801,,The Day It Came to Earth,The Day It Came to Earth,en,,,1977-01-01,/kM8lpr6FnXP9JHARh2jYKZpg6hn.jpg,0,0,0,0,0,0,,False,,Horror,,
50317,,Head Trauma,Head Trauma,en,,,2006-01-01,/hvOK3Y4lbFyewjPtjNHIMuZ8l4V.jpg,0,0,0,0,0,0,,False,,Horror,,
50395,,Resurrection Mary,Resurrection Mary,en,,,2007-01-01,/iDnVbCaV9QbPL2b4caAVcgOzDpu.jpg,0,0,0,0,0,0,,False,,Horror,,
50699,,Trancers 6: Life After Deth,Trancers 6: Life After Deth,en,,,2002-01-01,/arpgihe24QgB7Co5qa6sG6BZt6m.jpg,0,0,0,0,0,0,,False,,Horror,,
50762,,Le Fear,Le Fear,en,,,2010-01-01,/oeE0JC4ILFK5qHjL2iIozblt2CU.jpg,0,0,0,0,0,0,,False,,Horror,,
50973,,Kiss Me Quick!,Kiss Me Quick!,en,,,1964-01-01,/uGfVq0Icp3sN8s1qWBYoGjL3QXC.jpg,0,0,0,0,0,0,,False,,Horror,,
51021,,A Lure: Teen Fight Club,A Lure: Teen Fight Club,en,,,2010-01-01,/ipl6NdM0LwyakzLH9gKBDn8YhmZ.jpg,0,0,0,0,0,0,,False,,Horror,,
51723,,Razor Eaters,Razor Eaters,en,,,2003-01-01,/xbvStidtLq1bPIoItVuP2r1e7Fe.jpg,0,0,0,0,0,0,,False,,Horror,,
52308,,Blood Countess,Blood Countess,en,,,2008-01-01,/gPmTBnACA0ybdukrc95P1CUbWNH.jpg,0,0,0,0,0,0,,False,,Horror,,
52455,,Monster from Green Hell,Monster from Green Hell,en,,,1957-01-01,/yWWqlLzfOBYtfW2iHVHZTn1uhUV.jpg,0,0,0,0,0,0,,False,,Horror,,
53007,,Flight to Hell,Flight to Hell,en,,,2003-01-01,/aMR4aGWJJmAoOAHve08VIrCJ3WA.jpg,0,0,0,0,0,0,,False,,Horror,,
53060,,Humanoids from the Deep,Humanoids from the Deep,en,,,1996-01-01,/8Egjh8I1YhXeErXtwBj6NMnSkWR.jpg,0,0,0,0,0,0,,False,,Horror,,
54211,,Torture Room,Torture Room,en,,,2007-01-01,/mC4G24XJNhgxlaMggNsd3ROrdby.jpg,0,0,0,0,0,0,,False,,Horror,,
54604,,Faces of Schlock,Faces of Schlock,en,,,2009-01-01,/uQZ1JmnMHH0I5BQsN7ixkL2PHiP.jpg,0,0,0,0,0,0,,False,,Horror,,
54750,,The Commune,The Commune,en,,,2009-01-01,/iegzc4tHKuMB6EbpR73z4SFhatv.jpg,0,0,0,0,0,0,,False,,Horror,,
54871,,Click: The Calendar Girl Killer,Click: The Calendar Girl Killer,en,,,1990-01-01,/rNR1Su1jX5ecGDZ8y6cITuTu9fj.jpg,0,0,0,0,0,0,,False,,Horror,,
54961,,Passed the Door of Darkness,Passed the Door of Darkness,en,,,2008-01-01,/kVvsuUoL4sSdTBh98vR2IcJFERE.jpg,0,0,0,0,0,0,,False,,Horror,,
55083,,Satan's Whip,Satan's Whip,en,,,2006-01-01,/31XNt9zjjJkHEy6ORCkfjuuiOi5.jpg,0,0,0,0,0,0,,False,,Horror,,
55186,,Fatal Error,Fatal Error,en,,,1999-01-01,/iRBBZ2gQnk8PAl52MWSpXk7YX4R.jpg,0,0,0,0,0,0,,False,,Horror,,
55300,,Are You in the House Alone?,Are You in the House Alone?,en,,,1978-01-01,/aozTeKh7GLi8ytEHiTSOEz3htIs.jpg,0,0,0,0,0,0,,False,,Horror,,
55366,,Autopsy: A Love Story,Autopsy: A Love Story,en,,,2002-01-01,/xqSSIHFXBzWYfZtU1aFKOkJSwaq.jpg,0,0,0,0,0,0,,False,,Horror,,
55663,,Dinosaurus!,Dinosaurus!,en,,,1960-01-01,/s70D6TKjyB2KkJw1HJXAebD1kSi.jpg,0,0,0,0,0,0,,False,,Horror,,
55943,,Night Must Fall,Night Must Fall,en,,,1964-01-01,/ecuRuNMldcbq5xVxRtWsUEncsh6.jpg,0,0,0,0,0,0,,False,,Horror,,
56021,,Death of Evil,Death of Evil,en,,,2009-01-01,/v9fCi9cpXusAwvxvGDrIy6mDkWt.jpg,0,0,0,0,0,0,,False,,Horror,,
56530,,Hysteria,Hysteria,en,,,1965-01-01,/9cMsvAnrRJkXEsYH9uuiL7YjYXr.jpg,0,0,0,0,0,0,,False,,Horror,,
57817,,Red River,Red River,en,,,2011-01-01,/zNmRp4CWbnG6ZjH4XRpJgRdWCJ0.jpg,0,0,0,0,0,0,,False,,Horror,,
58010,,A Judgment in Stone,A Judgment in Stone,en,,,1986-01-01,/iHANh26wqw55yMuE8O8vMeVdXbG.jpg,0,0,0,0,0,0,,False,,Horror,,
58643,,Wake the Witch,Wake the Witch,en,,,2010-01-01,/vBQNaQNb1rTBy15yBK63c32Lu09.jpg,0,0,0,0,0,0,,False,,Horror,,
58783,,Alien Express,Alien Express,en,,,2005-01-01,/l7xxVQUckv073OcOptqNzNSZRQO.jpg,0,0,0,0,0,0,,False,,Horror,,
58977,,Bela Lugosi: The Fallen Vampire,Bela Lugosi: The Fallen Vampire,en,,,2007-01-01,/1hpPCtvDU9Lg94xw5VyW1dPn1ku.jpg,0,0,0,0,0,0,,False,,Horror,,
58980,,Horror House,Horror House,en,,,2008-01-01,/9UsfpFG5o0JgVfHK8x0VB5E52CJ.jpg,0,0,0,0,0,0,,False,,Horror,,
59039,,Duffer,Duffer,en,,,1972-01-01,/ePnatAOZs3AEfVLpQ6FW4faHEvi.jpg,0,0,0,0,0,0,,False,,Horror,,
59114,,Ice Scream: The ReMix,Ice Scream: The ReMix,en,,,2009-01-01,/2iiKQpK0670C2FmaGm2emnpykN5.jpg,0,0,0,0,0,0,,False,,Horror,,
60283,,Killer School Girls from Outer Space,Killer School Girls from Outer Space,en,,,2011-01-01,/a76Iy6BimW9bWC7H9l9ZBrgIv9A.jpg,0,0,0,0,0,0,,False,,Horror,,
61043,,Vampires Anonymous,Vampires Anonymous,en,,,2003-01-01,/s5tvnQgsWPNo7dGWvqLo2kZLNrw.jpg,0,0,0,0,0,0,,False,,Horror,,
61239,,Isle of the Damned,Isle of the Damned,en,,,2008-01-01,/22JjOdUBcvjxs0RfnTt3CYy3wYc.jpg,0,0,0,0,0,0,,False,,Horror,,
61692,,The Last Vampyre,The Last Vampyre,en,,,1993-01-01,/xeA3oqd4DQcZF2DncxekWaDuaD4.jpg,0,0,0,0,0,0,,False,,Horror,,
61885,,Horrid,Horrid,en,,,2009-01-01,/o0alHyqMCy8oztQbZk2iSh7IG0R.jpg,0,0,0,0,0,0,,False,,Horror,,
61980,,Seeing Heaven,Seeing Heaven,en,,,2011-01-01,/eoiXgmIth3DS8PI9eA2WhdtSRCw.jpg,0,0,0,0,0,0,,False,,Horror,,
61997,,Beware the Moon: Remembering 'An American Werewolf in London',Beware the Moon: Remembering 'An American Werewolf in London',en,,,2009-01-01,/aQhTIjhBXEQYwmbAFhDTtjoV5QX.jpg,0,0,0,0,0,0,,False,,Horror,,
62985,,Shoot the Girls,Shoot the Girls,en,,,2001-01-01,/3YXSy5hcGXHjrRIlZ61WL77exlt.jpg,0,0,0,0,0,0,,False,,Horror,,
63183,,Satan's Bed,Satan's Bed,en,,,1965-01-01,/hLOT8mbZ0bOvsvcQNHxtbiye2pX.jpg,0,0,0,0,0,0,,False,,Horror,,
63199,,Banned! In America I,Banned! In America I,en,,,1998-01-01,/eB7CIvhlidCxPKfEhowZkvtdxPs.jpg,0,0,0,0,0,0,,False,,Horror,,
63333,,Gog,Gog,en,,,1954-01-01,/9CUqQa7Ho5ZB3kuS490nxFOSjUb.jpg,0,0,0,0,0,0,,False,,Horror,,
64086,,Deadly Game,Deadly Game,en,,,1991-01-01,/3eucwbQCvXT2bHuyo0XOL3XHdLt.jpg,0,0,0,0,0,0,,False,,Horror,,
64248,,Child of Glass,Child of Glass,en,,,1978-01-01,/dPWePISlur6AAO87t61vQbQqsHP.jpg,0,0,0,0,0,0,,False,,Horror,,
64856,,Frightworld,Frightworld,en,,,2006-01-01,/9tKHz4A9XPabr6tDKYNmqK2GTwb.jpg,0,0,0,0,0,0,,False,,Horror,,
64857,,Blood Trail,Blood Trail,en,,,2005-01-01,/puY3rLRX4Pz1Wqyu3QK6vSFpx46.jpg,0,0,0,0,0,0,,False,,Horror,,
65141,,Black Ice,Black Ice,en,,,2009-01-01,/jyNZtgRMtapfgv9whGSG7LESl8b.jpg,0,0,0,0,0,0,,False,,Horror,,
65146,,Big Meat Eater,Big Meat Eater,en,,,1982-01-01,/vgfPtr6RYTo6Kh11rtoKLPiLLck.jpg,0,0,0,0,0,0,,False,,Horror,,
65348,,Dawning,Dawning,en,,,2009-01-01,/mZnf9KpeWXdW9UkpdeEQ0fuGMcN.jpg,0,0,0,0,0,0,,False,,Horror,,
65535,,No Entry,No Entry,en,,,2011-01-01,/yCS5KQ14MqLSuFliZwNfneGtzko.jpg,0,0,0,0,0,0,,False,,Horror,,
66111,,Luster,Luster,en,,,2010-01-01,/nqwnFnnxRahBDzDDiPDgD1GTnne.jpg,0,0,0,0,0,0,,False,,Horror,,
66475,,Mr. Stitch,Mr. Stitch,en,,,1995-01-01,/lr4fKwacFc6qLGDKzcmQtivqf8F.jpg,0,0,0,0,0,0,,False,,Horror,,
66621,,The Red Right Hand,The Red Right Hand,en,,,2001-01-01,/ucjkOQ2G2oT3qE7svBd9LXSEwiy.jpg,0,0,0,0,0,0,,False,,Horror,,
66918,,Beginning of the End,Beginning of the End,en,,,1957-01-01,/oYwpYmUWUsbQq13lwoU6rUeNraC.jpg,0,0,0,0,0,0,,False,,Horror,,
67311,,Bikini a Go Go,Bikini a Go Go,en,,,2004-01-01,/mpiNqpM57rf4WIdarTXzCVS03Xa.jpg,0,0,0,0,0,0,,False,,Horror,,
67750,,The Grotesque,The Grotesque,en,,,1995-01-01,/d6fBarsRWowdt1SN2lcge6iiuQN.jpg,0,0,0,0,0,0,,False,,Horror,,
67795,,House on Bare Mountain,House on Bare Mountain,en,,,1962-01-01,/vMk57IXfVDm7aq81JmXZXSmhNjB.jpg,0,0,0,0,0,0,,False,,Horror,,
67892,,Bonnie & Clyde vs. Dracula,Bonnie & Clyde vs. Dracula,en,,,2008-01-01,/msaiKLVuQ1rM0HEBm6fU97FZaEP.jpg,0,0,0,0,0,0,,False,,Horror,,
68304,,Humanoids from Atlantis,Humanoids from Atlantis,en,,,1992-01-01,/iiJoJn8axXQ0YgYtMS5XsauZCRa.jpg,0,0,0,0,0,0,,False,,Horror,,
68306,,Zombie Cop,Zombie Cop,en,,,1991-01-01,/rdbAegstb52EyRcuMgjgB4cxJW7.jpg,0,0,0,0,0,0,,False,,Horror,,
69142,,The Wrath,The Wrath,en,,,2008-01-01,/i58d2YSlyrN8yWjncS3UQEqZSCm.jpg,0,0,0,0,0,0,,False,,Horror,,
69266,,Special Bulletin,Special Bulletin,en,,,1983-01-01,/zRhDjn2xZNOILNYDQokIGtR63vc.jpg,0,0,0,0,0,0,,False,,Horror,,
69323,,Street Tales of Terror,Street Tales of Terror,en,,,2004-01-01,/7p6JHzuLOwWMM5lqjOk4vHmA8p6.jpg,0,0,0,0,0,0,,False,,Horror,,
69884,,Exit 33,Exit 33,en,,,2011-01-01,/kq3KhKN4YuI4tTJhgvNuHGOavec.jpg,0,0,0,0,0,0,,False,,Horror,,
69917,,Room,Room,en,,,2005-01-01,/pCxhR0RIiqnEdymvqatL3UWBs85.jpg,0,0,0,0,0,0,,False,,Horror,,
70019,,Experiments in Terror 2,Experiments in Terror 2,en,,,2007-01-01,/wC3WD7LfZTIRhUxzJIUsQFsciXB.jpg,0,0,0,0,0,0,,False,,Horror,,
70714,,Penunggu Istana,Penunggu Istana,en,,,2011-01-01,/gSPFSYia6HjJQ5NlU0YZ5A8Gq9p.jpg,0,0,0,0,0,0,,False,,Horror,,
70857,,The Demons in My Head,The Demons in My Head,en,,,1998-01-01,/7Uxd8Euqb9MsuTaspJV99yLDQht.jpg,0,0,0,0,0,0,,False,,Horror,,
70981,,Prometheus,Prometheus,en,,,2012-01-01,/qsYQflQhOuhDpQ0W2aOcwqgDAeI.jpg,0,0,0,0,0,0,,False,,Horror,,
71102,,Vampegeddon,Vampegeddon,en,,,2010-01-01,/hRgv4mrf543iOc3b5fGzOgMxrAj.jpg,0,0,0,0,0,0,,False,,Horror,,
71147,,The Triangle,The Triangle,en,,,2001-01-01,/4iR7GXeVo6rw891RBFCvv4A5Ako.jpg,0,0,0,0,0,0,,False,,Horror,,
71181,,Bullies,Bullies,en,,,1986-01-01,/y6CgRys63jZlOmW8s1MoO5KC1jn.jpg,0,0,0,0,0,0,,False,,Horror,,
71470,,Banned from Television II,Banned from Television II,en,,,1998-01-01,/pU6NtHck7hTE50oumZ4D8Ql3z8C.jpg,0,0,0,0,0,0,,False,,Horror,,
71479,,Werewolves: The Dark Survivors,Werewolves: The Dark Survivors,en,,,2009-01-01,/fNhakhE2MyjAt9YJvg1TU1knqN7.jpg,0,0,0,0,0,0,,False,,Horror,,
71585,,The Bare Wench Project 4: Uncensored,The Bare Wench Project 4: Uncensored,en,,,2003-01-01,/zqBKnLNcO97bzwYHIJFrFkKpvZU.jpg,0,0,0,0,0,0,,False,,Horror,,
71612,,Minty the Assassin,Minty the Assassin,en,,,2009-01-01,/1TQmr84GNGcXilKX1xvs6aDc9PL.jpg,0,0,0,0,0,0,,False,,Horror,,
71944,,How Awful About Allan,How Awful About Allan,en,,,1970-01-01,/cr6HZiuYl733T5a7ekzXgS16hz.jpg,0,0,0,0,0,0,,False,,Horror,,
72111,,The Ghost of Flight 401,The Ghost of Flight 401,en,,,1978-01-01,/zxHCCQCNHX4IKsydgV0X368wHsS.jpg,0,0,0,0,0,0,,False,,Horror,,
72237,,Monster Night,Monster Night,en,,,2006-01-01,/rMHPDTfJ1TO62DdYCKc3O9uoLPg.jpg,0,0,0,0,0,0,,False,,Horror,,
72277,,The Last Wave,The Last Wave,en,,,1977-01-01,/7UwdJ0EMXirUuNFaohfK023Nuyr.jpg,0,0,0,0,0,0,,False,,Horror,,
73142,,You're Killing Me...,You're Killing Me...,en,,,2003-01-01,/hIEREFCgUAywH6LGrY1gxiyP1Hg.jpg,0,0,0,0,0,0,,False,,Horror,,
73442,,American Crime,American Crime,en,,,2004-01-01,/l3tc6krbXQlBvUyBAV3MWrAG9hK.jpg,0,0,0,0,0,0,,False,,Horror,,
73519,,I'll Bury You Tomorrow,I'll Bury You Tomorrow,en,,,2002-01-01,/nY9PC6tR8dqutIUafyQ51q2gY5j.jpg,0,0,0,0,0,0,,False,,Horror,,
73661,,Munger Road,Munger Road,en,,,2011-01-01,/cJVIKMpL6PxjzAxC1KoJxjJFpN3.jpg,0,0,0,0,0,0,,False,,Horror,,
74110,,Nicole,Nicole,en,,,1976-01-01,/gr19vfKO1oPzOzjQ0OHW4T42zU4.jpg,0,0,0,0,0,0,,False,,Horror,,
74321,,Planet of the Vampire Women,Planet of the Vampire Women,en,,,2011-01-01,/nK5za8AVqW4NOwrr7hzKvTfYZtT.jpg,0,0,0,0,0,0,,False,,Horror,,
74343,,Sonny Boy,Sonny Boy,en,,,1989-01-01,/fIKT5mI4dheexfA7BSZ2fj1NZmk.jpg,0,0,0,0,0,0,,False,,Horror,,
74539,,Killer Mountain,Killer Mountain,en,,,2011-01-01,/8mSprWxYCAugD1cyK2NCqmLiikp.jpg,0,0,0,0,0,0,,False,,Horror,,
74715,,Dark Queen,Dark Queen,en,,,2004-01-01,/qH23mpmaCquEytERMZTRt4AoV4g.jpg,0,0,0,0,0,0,,False,,Horror,,
75305,,Derren Brown: Séance,Derren Brown: Séance,en,,,2004-01-01,/pFTkpymcgPQXqTuE1StHAXhlcJd.jpg,0,0,0,0,0,0,,False,,Horror,,
75738,,Psycho Holocaust,Psycho Holocaust,en,,,2009-01-01,/pXJQ6SWtapNxSQzwMZfPAFVNAlO.jpg,0,0,0,0,0,0,,False,,Horror,,
76460,,Dead Girl on Film,Dead Girl on Film,en,,,2000-01-01,/oPYqzELxMyCtlaQgdM2KmLSqsCr.jpg,0,0,0,0,0,0,,False,,Horror,,
76467,,Colony Mutation,Colony Mutation,en,,,1995-01-01,/fPPX46woGFMpOnqgVwEzojscrdz.jpg,0,0,0,0,0,0,,False,,Horror,,
76779,,The Dead Don't Scream,The Dead Don't Scream,en,,,2007-01-01,/cHEy30nNYeMZf9xVuJvsYo97k9I.jpg,0,0,0,0,0,0,,False,,Horror,,
76790,,The Chosen One: Legend of the Raven,The Chosen One: Legend of the Raven,en,,,1998-01-01,/6AKlujoGXKA3gOm0w7MH8RanaU0.jpg,0,0,0,0,0,0,,False,,Horror,,
76810,,Bleak Future,Bleak Future,en,,,1997-01-01,/q7Aid97XNfY4TFlGLR1tMeHUfmQ.jpg,0,0,0,0,0,0,,False,,Horror,,
76875,,Games,Games,en,,,1967-01-01,/fF65rqiiPlvNbphuM53GQrtnqyL.jpg,0,0,0,0,0,0,,False,,Horror,,
77260,,The Wind,The Wind,en,,,2001-01-01,/hVGSgLWp17juPUzoFBKcrX5ZiHl.jpg,0,0,0,0,0,0,,False,,Horror,,
78042,,Haunted Poland,Haunted Poland,en,,,2011-01-01,/8u01kwxLxMEZF81W10kKgVYZmrV.jpg,0,0,0,0,0,0,,False,,Horror,,
78246,,Latin Boys Go to Hell,Latin Boys Go to Hell,en,,,1997-01-01,/5slgPDUYxTKBD1Wn7ra6dN2CZTy.jpg,0,0,0,0,0,0,,False,,Horror,,
78555,,Possessing Piper Rose,Possessing Piper Rose,en,,,2011-01-01,/p16wEmRuwnR66JSK3BA1MApxZQW.jpg,0,0,0,0,0,0,,False,,Horror,,
79190,,Jabberwock Dragon Siege,Jabberwock Dragon Siege,en,,,2011-01-01,/o0qKjNQRil4Bvufzhr2K45Buavf.jpg,0,0,0,0,0,0,,False,,Horror,,
79219,,Still Waters,Still Waters,en,,,2011-01-01,/j4x9ypd4AS4nRY6qnOrcX28s0XV.jpg,0,0,0,0,0,0,,False,,Horror,,
80333,,Dark Spirits,Dark Spirits,en,,,2008-01-01,/jXdHgIij1phHeI6F4GbI1P8n1UW.jpg,0,0,0,0,0,0,,False,,Horror,,
80385,,The Hunchback of Notre Dame,The Hunchback of Notre Dame,en,,,1982-01-01,/AltsK3wrdWJLUmwO3axZjjPNsvf.jpg,0,0,0,0,0,0,,False,,Horror,,
80528,,The Darkening,The Darkening,en,,,1995-01-01,/wicP7cM37z3uhNdV5SwoPBZfib6.jpg,0,0,0,0,0,0,,False,,Horror,,
82139,,Removal,Removal,en,,,2010-01-01,/98gNppOfdpUcZT8xcScdruPuyD0.jpg,0,0,0,0,0,0,,False,,Horror,,
83416,,Kamillions,Kamillions,en,,,1990-01-01,/coYqidKJ29sLUUVzBemKkvy6PSu.jpg,0,0,0,0,0,0,,False,,Horror,,
83587,,Zombie Girl: The Movie,Zombie Girl: The Movie,en,,,2009-01-01,/pMLFiHX5fPC1RND8M5j2A6VQLJB.jpg,0,0,0,0,0,0,,False,,Horror,,
83590,,The Red Cell,The Red Cell,en,,,2008-01-01,/eBqo8pbCuuIGDPjsbeLvDsizpYI.jpg,0,0,0,0,0,0,,False,,Horror,,
83833,,Nostrum,Nostrum,en,,,2010-01-01,/y33jBhkZAX8hw5WYwze44WCT2CE.jpg,0,0,0,0,0,0,,False,,Horror,,
83880,,Super Shark,Super Shark,en,,,2011-01-01,/5hLiYCnO00t7Q0dWjtZKUvGh5pJ.jpg,0,0,0,0,0,0,,False,,Horror,,
83938,,Scream: The Inside Story,Scream: The Inside Story,en,,,2011-01-01,/9L9IDe2Gx6uFmSBLRm4Tvn1g2Dr.jpg,0,0,0,0,0,0,,False,,Horror,,
84428,,Sweet Prudence & the Erotic Adventure of Bigfoot,Sweet Prudence & the Erotic Adventure of Bigfoot,en,,,2011-01-01,/iQmdzrSSPw5Oo6AJz7rY8JHcggr.jpg,0,0,0,0,0,0,,False,,Horror,,
84521,,Kill Keith,Kill Keith,en,,,2011-01-01,/erHBYkTeggtgM8qcmf68rlnMPCM.jpg,0,0,0,0,0,0,,False,,Horror,,
84625,,She Came on the Bus,She Came on the Bus,en,,,1969-01-01,/q2hEIq1YVHQNSq1FfAwNE9rNCvn.jpg,0,0,0,0,0,0,,False,,Horror,,
84985,,The Last Night,The Last Night,en,,,1982-01-01,/t8SWcVRAM7P0FCmEo8FSgaDtKGt.jpg,0,0,0,0,0,0,,False,,Horror,,
85138,,Into the Darkness,Into the Darkness,en,,,1986-01-01,/9iPkFbqVly4VXTVMHqlzED36ytI.jpg,0,0,0,0,0,0,,False,,Horror,,
85193,,Dark Sanity,Dark Sanity,en,,,1982-01-01,/rMHHTcRKN9nBTX04IpODjxW4G0F.jpg,0,0,0,0,0,0,,False,,Horror,,
85489,,It Is Fine! Everything Is Fine.,It Is Fine! Everything Is Fine.,en,,,2007-01-01,/kLEmTrgiJ3szaWY0xooljDSCezF.jpg,0,0,0,0,0,0,,False,,Horror,,
85558,,Hip Hop Locos,Hip Hop Locos,en,,,2001-01-01,/7PgMkcOdM9AScwHI8IQcJkx0opM.jpg,0,0,0,0,0,0,,False,,Horror,,
85561,,The Summer of the Massacre,The Summer of the Massacre,en,,,2006-01-01,/eKv5Tk8vgzOw98CWABpHdXrQBSi.jpg,0,0,0,0,0,0,,False,,Horror,,
85736,,In the Wall,In the Wall,en,,,2007-01-01,/9rkla31NiatCWcLBkBjHJ1ur1Y2.jpg,0,0,0,0,0,0,,False,,Horror,,
85765,,Boom!,Boom!,en,,,1968-01-01,/fnZXyiICb8mJzXNMnnJnq6nQwEr.jpg,0,0,0,0,0,0,,False,,Horror,,
86094,,Alienator,Alienator,en,,,1990-01-01,/3kem76xYVBDp1P8j8et545lwoAH.jpg,0,0,0,0,0,0,,False,,Horror,,
86102,,Beyond the Reef,Beyond the Reef,en,,,1979-01-01,/6ekUUdSAzIMxrykGNBcw3IRoFsZ.jpg,0,0,0,0,0,0,,False,,Horror,,
86203,,Psycho from Texas,Psycho from Texas,en,,,1975-01-01,/qHuGOY6eANHOpR5aTSzX70IiuyH.jpg,0,0,0,0,0,0,,False,,Horror,,
86283,,Snapshot,Snapshot,en,,,1979-01-01,/oTUgwV245xy6Hz6fbz4aTNZRbvY.jpg,0,0,0,0,0,0,,False,,Horror,,
86304,,All Superheroes Must Die,All Superheroes Must Die,en,,,2011-01-01,/lt5hf1FtNEjEOHJpjeWO2YD3tNE.jpg,0,0,0,0,0,0,,False,,Horror,,
86580,,G String Vampire,G String Vampire,en,,,2005-01-01,/xabjNFgN5u1rJmEBTQ2Fm1mZoqe.jpg,0,0,0,0,0,0,,False,,Horror,,
86598,,The UFO Incident,The UFO Incident,en,,,1975-01-01,/2zyEm3FOoXU9PNQewchxPgOrsT0.jpg,0,0,0,0,0,0,,False,,Horror,,
86615,,Amazing World of Ghosts,Amazing World of Ghosts,en,,,1978-01-01,/k4fagbZKyqTse01aiMjdiPGBGL2.jpg,0,0,0,0,0,0,,False,,Horror,,
86644,,Die Screaming Marianne,Die Screaming Marianne,en,,,1971-01-01,/1AoVPUh1tg2AHOmBInYb1H76XNM.jpg,0,0,0,0,0,0,,False,,Horror,,
86699,,Papertrail,Papertrail,en,,,1998-01-01,/oZ80jVqfGmHFRzuySLfFvbSt8Mx.jpg,0,0,0,0,0,0,,False,,Horror,,
87703,,Naked Fear,Naked Fear,en,,,1999-01-01,/dJ4GKLFxpYSk0v4VmBUMJHFw23c.jpg,0,0,0,0,0,0,,False,,Horror,,
87905,,Tenement,Tenement,en,,,1985-01-01,/m52I0tP2gwVtYXMoKzIfVpOMPPm.jpg,0,0,0,0,0,0,,False,,Horror,,
88014,,Sesuatu Yang Tertinggal,Sesuatu Yang Tertinggal,en,,,2012-01-01,/qTwi6erDykucWlL2OROhgzylQyh.jpg,0,0,0,0,0,0,,False,,Horror,,
88197,,Burning Dead,Burning Dead,en,,,2004-01-01,/br93lui3dn65VaeWhssXbm9EH0c.jpg,0,0,0,0,0,0,,False,,Horror,,
88225,,American Scream King,American Scream King,en,,,2012-01-01,/qUAEycamwpL22UEvtZvbknpmE1e.jpg,0,0,0,0,0,0,,False,,Horror,,
88357,,Shock Chamber,Shock Chamber,en,,,1985-01-01,/zMvaYlm6T1Ty87Qubrzt0P8hTTg.jpg,0,0,0,0,0,0,,False,,Horror,,
88424,,Sexual Witchcraft,Sexual Witchcraft,en,,,2011-01-01,/2N0u1woYtumWgD9OIcTQGDmvZm7.jpg,0,0,0,0,0,0,,False,,Horror,,
88604,,Maskhead,Maskhead,en,,,2009-01-01,/eKS6oEpj41qAa2bnmwcCce1qwcj.jpg,0,0,0,0,0,0,,False,,Horror,,
88941,,A Scream in the Streets,A Scream in the Streets,en,,,1973-01-01,/cIfPnelgSeRjQLp1AUxRDwSJCby.jpg,0,0,0,0,0,0,,False,,Horror,,
89445,,Eggshells,Eggshells,en,,,1971-01-01,/4JtKSowpNuCakAZjOyorlHM60kG.jpg,0,0,0,0,0,0,,False,,Horror,,
89549,,Bummer,Bummer,en,,,1973-01-01,/h5FPypmCoCGXx7uxOGiTKoPfRKh.jpg,0,0,0,0,0,0,,False,,Horror,,
89994,,The Psycho Legacy,The Psycho Legacy,en,,,2010-01-01,/oYvkGszW5fHB1Nhu7ODWWw478wJ.jpg,0,0,0,0,0,0,,False,,Horror,,
90025,,Wendigo,Wendigo,en,,,1978-01-01,/iDMGMfvwC2mzyJEn7339XHuSVzy.jpg,0,0,0,0,0,0,,False,,Horror,,
90064,,Redneck County Fever,Redneck County Fever,en,,,1992-01-01,/oMxaglR00PhS7zsMmARNi8KYNBA.jpg,0,0,0,0,0,0,,False,,Horror,,
90940,,Intercessor: Another Rock 'N' Roll Nightmare,Intercessor: Another Rock 'N' Roll Nightmare,en,,,2005-01-01,/qMJAGkP5zYg8mjKJecsv8pRKhWg.jpg,0,0,0,0,0,0,,False,,Horror,,
90985,,Wendigo: Bound by Blood,Wendigo: Bound by Blood,en,,,2010-01-01,/ido0IzhlW1POLUz6ODL7cAIW5wK.jpg,0,0,0,0,0,0,,False,,Horror,,
91065,,Invaders of the Lost Gold,Invaders of the Lost Gold,en,,,1982-01-01,/kjANRVpbiCLRJHNlyRMigtS263e.jpg,0,0,0,0,0,0,,False,,Horror,,
91168,,Death of the Dead,Death of the Dead,en,,,2010-01-01,/rQVxBtrhb5yU9jwEV0lwqaXS18z.jpg,0,0,0,0,0,0,,False,,Horror,,
91408,,Nails,Nails,en,,,1992-01-01,/veCpeqQjQyVq7ETKOIXudNYEhNR.jpg,0,0,0,0,0,0,,False,,Horror,,
91890,,Midnight Blue,Midnight Blue,en,,,1979-01-01,/old7QbSEA2hCz712RdbhVawl3d0.jpg,0,0,0,0,0,0,,False,,Horror,,
92495,,Stuff Stephanie in the Incinerator,Stuff Stephanie in the Incinerator,en,,,1990-01-01,/oXzjvv8IfDd50uMbqXMtdKp8ZbX.jpg,0,0,0,0,0,0,,False,,Horror,,
92695,,Manson Family Movies,Manson Family Movies,en,,,1979-01-01,/arXrHCm1TVyeswibBxFBPQSYEnM.jpg,0,0,0,0,0,0,,False,,Horror,,
92992,,Kill Them and Eat Them,Kill Them and Eat Them,en,,,2003-01-01,/wAWUkF2dgMghFUBqNAfH5tYpSvm.jpg,0,0,0,0,0,0,,False,,Horror,,
93082,,The Finishing Line,The Finishing Line,en,,,1977-01-01,/unqZWvEWPA8wltYgexWA9mF5jPe.jpg,0,0,0,0,0,0,,False,,Horror,,
93084,,Keyhole,Keyhole,en,,,2011-01-01,/t5J4bVz42R5MrDQv6cNpdkYgTkk.jpg,0,0,0,0,0,0,,False,,Horror,,
93394,,Elevator,Elevator,en,,,2013-01-01,/1V8G6Lkxhv9ztJuBhXlGxyUp1MF.jpg,0,0,0,0,0,0,,False,,Horror,,
93629,,The Yesterday Machine,The Yesterday Machine,en,,,1965-01-01,/ztcJIy03cEoeQpWvs6uSd72WLHe.jpg,0,0,0,0,0,0,,False,,Horror,,
93699,,Video X: Evidence,Video X: Evidence,en,,,2003-01-01,/l0VlrAbaQ4QHpatlLc2rDciUP7Z.jpg,0,0,0,0,0,0,,False,,Horror,,
93758,,She Mob,She Mob,en,,,1968-01-01,/ogeyCiiz7CZsjEJm6CFOqXZIzqG.jpg,0,0,0,0,0,0,,False,,Horror,,
93862,,Goodbye Gemini,Goodbye Gemini,en,,,1970-01-01,/kO9Lmzchk7MewmeScDrLgbU1MOY.jpg,0,0,0,0,0,0,,False,,Horror,,
93925,,Passion in the Sun,Passion in the Sun,en,,,1964-01-01,/rgHr4oRI0uleCi9eQV8347Ty3Oy.jpg,0,0,0,0,0,0,,False,,Horror,,
93958,,Meat Market 3,Meat Market 3,en,,,2006-01-01,/pCgF6BTaWIIzYmSlEkqVwR50osU.jpg,0,0,0,0,0,0,,False,,Horror,,
93959,,Dark Paradox,Dark Paradox,en,,,2007-01-01,/cZNsdxyqgCIUfEOSNiUeFt9REB.jpg,0,0,0,0,0,0,,False,,Horror,,
94265,,The Summer of Massacre,The Summer of Massacre,en,,,2011-01-01,/jmzUACm1Af6kQvsKAAiSxsg0vML.jpg,0,0,0,0,0,0,,False,,Horror,,
94567,,God of Vampires,God of Vampires,en,,,2010-01-01,/tUym3woVZ7BIWCXjArLRw329gXf.jpg,0,0,0,0,0,0,,False,,Horror,,
94736,,The Defilers,The Defilers,en,,,1965-01-01,/gaY9sBa9beyZT1dSjILO0ceLitz.jpg,0,0,0,0,0,0,,False,,Horror,,
94746,,The Devil's Garden,The Devil's Garden,en,,,1973-01-01,/phPWzNSV0TL89K7XQTwAZ1CPo2c.jpg,0,0,0,0,0,0,,False,,Horror,,
94841,,Cell Count,Cell Count,en,,,2012-01-01,/pvPkX22VsI5QUsD4tKWCz6ovRpX.jpg,0,0,0,0,0,0,,False,,Horror,,
94862,,Plasterhead,Plasterhead,en,,,2006-01-01,/a2TcfVcF30hcePICeIYLcCSrCWb.jpg,0,0,0,0,0,0,,False,,Horror,,
94887,,Girls Against Boys,Girls Against Boys,en,,,2012-01-01,/s15s3Ut9CRnkKKk9KIrp1ommFUz.jpg,0,0,0,0,0,0,,False,,Horror,,
94940,,When Zombies Attack!!,When Zombies Attack!!,en,,,2001-01-01,/yECVEFLJ2uJyDxBF6p3bJMHvPoa.jpg,0,0,0,0,0,0,,False,,Horror,,
95002,,The Girl with Hungry Eyes,The Girl with Hungry Eyes,en,,,1966-01-01,/pG16HCqd233AuphwygA3cJrylMQ.jpg,0,0,0,0,0,0,,False,,Horror,,
95048,,No One Sleeps,No One Sleeps,en,,,2000-01-01,/uYRpEmu1JStkWRBDf3xrCohkDlT.jpg,0,0,0,0,0,0,,False,,Horror,,
95115,,Linnea Quigley's Horror Workout,Linnea Quigley's Horror Workout,en,,,1990-01-01,/cR1x3UYqhqbgr9CcIDLbFrORqxm.jpg,0,0,0,0,0,0,,False,,Horror,,
95206,,Lady in Waiting,Lady in Waiting,en,,,1994-01-01,/tlufpQoBuFIk5SI9b3kjeNqiSEO.jpg,0,0,0,0,0,0,,False,,Horror,,
95481,,Easter Bunny Bloodbath,Easter Bunny Bloodbath,en,,,2011-01-01,/w44zgr4Gd2havUhtUYGncZUsQI6.jpg,0,0,0,0,0,0,,False,,Horror,,
95514,,Boy Meets Girl,Boy Meets Girl,en,,,1994-01-01,/oboHznNTnPze4ToW0lBpykRxK98.jpg,0,0,0,0,0,0,,False,,Horror,,
95757,,1313: UFO Invasion,1313: UFO Invasion,en,,,2012-01-01,/aeh5uwR41al2EwvOlCd7VVITo2d.jpg,0,0,0,0,0,0,,False,,Horror,,
96140,,UnConventional,UnConventional,en,,,2004-01-01,/uDk4CHKNoomnGRozRV0pIhmMJTb.jpg,0,0,0,0,0,0,,False,,Horror,,
96898,,I'll Kill You... I'll Bury You... I'll Spit on Your Grave Too!,I'll Kill You... I'll Bury You... I'll Spit on Your Grave Too!,en,,,1995-01-01,/rpbheqOw2i2cx72vROS4U03BJe4.jpg,0,0,0,0,0,0,,False,,Horror,,
97220,,Swamphead,Swamphead,en,,,2011-01-01,/a6nWshSK1HESn6AAHyRIkzmsEZm.jpg,0,0,0,0,0,0,,False,,Horror,,
97593,,Shark Kill,Shark Kill,en,,,1976-01-01,/dC3DUv2ju4gJ4PVhgKhGl4xqgDa.jpg,0,0,0,0,0,0,,False,,Horror,,
97654,,The Haunting of Marsten Manor,The Haunting of Marsten Manor,en,,,2007-01-01,/yjxBxnqEhmSRES5heUjlYufjHfq.jpg,0,0,0,0,0,0,,False,,Horror,,
97810,,The Bloody Ape,The Bloody Ape,en,,,1997-01-01,/bft3t3RYCvdBPesp1IxSkrIgG2Q.jpg,0,0,0,0,0,0,,False,,Horror,,
97986,,Sukeban Octopus Pot,Sukeban Octopus Pot,en,,,2008-01-01,/xSbpbdWhxeQDauOK7l6r3ra4JPS.jpg,0,0,0,0,0,0,,False,,Horror,,
98019,,Footsteps,Footsteps,en,,,2006-01-01,/owJRS8XQ8iG8qF1Hr9N63Jdv2Pn.jpg,0,0,0,0,0,0,,False,,Horror,,
98090,,The Lemon Grove Kids Meet the Monsters,The Lemon Grove Kids Meet the Monsters,en,,,1968-01-01,/mzXAmv65A0vto3U8GpABmXUhuSD.jpg,0,0,0,0,0,0,,False,,Horror,,
98599,,The Crying Child,The Crying Child,en,,,1996-01-01,/ph53WZUVu4kDZGyRNl02b5lAynE.jpg,0,0,0,0,0,0,,False,,Horror,,
99859,,Crimetime,Crimetime,en,,,1996-01-01,/pDAoaln182HszY618SGUudGquWi.jpg,0,0,0,0,0,0,,False,,Horror,,
99885,,Divine Intervention,Divine Intervention,en,,,2007-01-01,/aGNSL9b1GZBYWKfITVQQkmKoq76.jpg,0,0,0,0,0,0,,False,,Horror,,
100432,,Liplock,Liplock,en,,,2011-01-01,/nqTpIgYYdpyN6tskSyHxVeXykvI.jpg,0,0,0,0,0,0,,False,,Horror,,
100474,,The Undertow,The Undertow,en,,,2003-01-01,/cMvmOzv5zqrO5bzjBo6a0IPNQ5R.jpg,0,0,0,0,0,0,,False,,Horror,,
101320,,The Spiral Staircase,The Spiral Staircase,en,,,2000-01-01,/vNC5HQd1BAwh6LWvzQ0dLBRelPf.jpg,0,0,0,0,0,0,,False,,Horror,,
101588,,FilmeFobia,FilmeFobia,en,,,2008-01-01,/7budbYGSbuvrWnPE03PwTNldk4m.jpg,0,0,0,0,0,0,,False,,Horror,,
101592,,"Child of Darkness, Child of Light","Child of Darkness, Child of Light",en,,,1991-01-01,/38HBgMyxySU2lssnrJtdUiymf7l.jpg,0,0,0,0,0,0,,False,,Horror,,
101962,,Seance,Seance,en,,,2012-01-01,/pN2duJdxZklc85M4X8wVBYEoVaF.jpg,0,0,0,0,0,0,,False,,Horror,,
102060,,Shriek of the Sasquatch!,Shriek of the Sasquatch!,en,,,2011-01-01,/8aRlWLHrqwexipb5uZ63ITX5utM.jpg,0,0,0,0,0,0,,False,,Horror,,
102308,,The 13th Alley,The 13th Alley,en,,,2008-01-01,/zV5AVO5IIvO6AdlA8tKHD47fjAP.jpg,0,0,0,0,0,0,,False,,Horror,,
102316,,Fear Eats the Seoul,Fear Eats the Seoul,en,,,2011-01-01,/3JDPYeY0Uylqx1Gcl52HkrxlbDh.jpg,0,0,0,0,0,0,,False,,Horror,,
102765,,That Little Monster,That Little Monster,en,,,1994-01-01,/zm17aYHuz33SL80avRSUlIL46om.jpg,0,0,0,0,0,0,,False,,Horror,,
103514,,Into the Lion's Den,Into the Lion's Den,en,,,2011-01-01,/uaAWwFej69PCsdQ4kS1dZTj9PzE.jpg,0,0,0,0,0,0,,False,,Horror,,
103676,,My Step-Dad's a Freakin' Vampire,My Step-Dad's a Freakin' Vampire,en,,,2012-01-01,/rPT5wqlQJKyOA1ecPy57VFlLzxv.jpg,0,0,0,0,0,0,,False,,Horror,,
103683,,The Haunting of Fox Hollow Farm,The Haunting of Fox Hollow Farm,en,,,2011-01-01,/otNZmk7s8IACwiyWcVGsBWHUzy8.jpg,0,0,0,0,0,0,,False,,Horror,,
103966,,Psychiatry: An Industry of Death,Psychiatry: An Industry of Death,en,,,2006-01-01,/g6PmdrdEFJTgz67VMblpuFGlNcg.jpg,0,0,0,0,0,0,,False,,Horror,,
104150,,The Lottery,The Lottery,en,,,1996-01-01,/5pkQ4miPHbmgFQpD6nXtkrjuWbF.jpg,0,0,0,0,0,0,,False,,Horror,,
104217,,Requiem for the Damned,Requiem for the Damned,en,,,2012-01-01,/l7UcadumshTyaklxbbte4VrNpql.jpg,0,0,0,0,0,0,,False,,Horror,,
104391,,Darkened Room,Darkened Room,en,,,2002-01-01,/1UtUgZ7FV2ReCdrrUtGUO8tJDGo.jpg,0,0,0,0,0,0,,False,,Horror,,
104534,,Jungle Heat,Jungle Heat,en,,,1988-01-01,/n13Sb7QVn98EBooN7I9ttma1TVz.jpg,0,0,0,0,0,0,,False,,Horror,,
104709,,Ghoul,Ghoul,en,,,2012-01-01,/z5Rn3DmIlTGvfIMnkb8g0kngp8d.jpg,0,0,0,0,0,0,,False,,Horror,,
104713,,The Ravager,The Ravager,en,,,1970-01-01,/kWjFALFN2nWDl7K4iwrUrL41yGZ.jpg,0,0,0,0,0,0,,False,,Horror,,
104811,,Frankenstein's Wedding... Live in Leeds,Frankenstein's Wedding... Live in Leeds,en,,,2011-01-01,/yBhfaYbGuIdQZU6Ur1BxNrPPdH9.jpg,0,0,0,0,0,0,,False,,Horror,,
104812,,Great White Death,Great White Death,en,,,1981-01-01,/8tmcWlr72vHHNDSOm1iOpcf4QMz.jpg,0,0,0,0,0,0,,False,,Horror,,
104846,,The Fear of God: 25 Years of The Exorcist,The Fear of God: 25 Years of The Exorcist,en,,,1998-01-01,/yEWDfJWhFuR77jlntpFGKssKLeT.jpg,0,0,0,0,0,0,,False,,Horror,,
104887,,A Dozen Ways to Die!!,A Dozen Ways to Die!!,en,,,1990-01-01,/woxt52QFePbJtzuMSDDbUpcQi2n.jpg,0,0,0,0,0,0,,False,,Horror,,
105293,,The Divine Enforcer,The Divine Enforcer,en,,,1992-01-01,/AOLklInv8QWScfbrycr6TrDTVC.jpg,0,0,0,0,0,0,,False,,Horror,,
105827,,Dario Argento: An Eye for Horror,Dario Argento: An Eye for Horror,en,,,2001-01-01,/ctWFUdZf7fXsbaljr86DLfIbvFy.jpg,0,0,0,0,0,0,,False,,Horror,,
105968,,Untitled,Untitled,en,,,2011-01-01,/sUlZ7F8Xw442X6lACkq7MzknUOf.jpg,0,0,0,0,0,0,,False,,Horror,,
106028,,Summer School,Summer School,en,,,2006-01-01,/hYw53Ghao0vcN0GKIOCvHWXNMQh.jpg,0,0,0,0,0,0,,False,,Horror,,
107331,,Blade,Blade,en,,,1973-01-01,/odycG85vK9CMU77eDxMkzxPyEYn.jpg,0,0,0,0,0,0,,False,,Horror,,
107334,,Night of the Templar,Night of the Templar,en,,,2012-01-01,/3PmfIWyGMFYCEHyi89IdU1SoY7Q.jpg,0,0,0,0,0,0,,False,,Horror,,
107336,,Dead On: Relentless II,Dead On: Relentless II,en,,,1992-01-01,/cHsdlZbC5Z6NEwHB2yqFDKM8Rt7.jpg,0,0,0,0,0,0,,False,,Horror,,
107341,,Relentless 3,Relentless 3,en,,,1993-01-01,/lRHYYWUcVK1zr3ZNcbSmg8t5Jo0.jpg,0,0,0,0,0,0,,False,,Horror,,
107342,,Relentless IV: Ashes to Ashes,Relentless IV: Ashes to Ashes,en,,,1994-01-01,/q6PaED2vYrdcN0uHRklJV0hcez3.jpg,0,0,0,0,0,0,,False,,Horror,,
108226,,Invitation to Ruin,Invitation to Ruin,en,,,1968-01-01,/khtS2u0vdGe7AaZ6WazjjNDnWE2.jpg,0,0,0,0,0,0,,False,,Horror,,
108537,,Danger in Blue,Danger in Blue,en,,,1996-01-01,/fbiS6XPZnsIsRgriWToiaZBQy5i.jpg,0,0,0,0,0,0,,False,,Horror,,
108788,,Out of Mind: The Stories of H.P. Lovecraft,Out of Mind: The Stories of H.P. Lovecraft,en,,,1998-01-01,/rwDcidhVZHl693z0PTdp1KPJPYG.jpg,0,0,0,0,0,0,,False,,Horror,,
108864,,Urban Evil: Trilogy of Fear,Urban Evil: Trilogy of Fear,en,,,2005-01-01,/kNzE4rGv8eYuOMyMxMvZUxr5Cnf.jpg,0,0,0,0,0,0,,False,,Horror,,
109240,,My Grandpa Is a Vampire,My Grandpa Is a Vampire,en,,,1992-01-01,/qDD6InlutGGCW6D3q9BXAnbjIbD.jpg,0,0,0,0,0,0,,False,,Horror,,
109763,,Dead Start,Dead Start,en,,,2009-01-01,/3xpe46A6WABqfbxS8LrTnQpciK1.jpg,0,0,0,0,0,0,,False,,Horror,,
110530,,Spike,Spike,en,,,2008-01-01,/rSWA47cPewCUevbGrb8F16T7mbG.jpg,0,0,0,0,0,0,,False,,Horror,,
110982,,Scorched Heat,Scorched Heat,en,,,1987-01-01,/5CdCH8ky66OLdwUhaIluiJG0lZ4.jpg,0,0,0,0,0,0,,False,,Horror,,
111461,,Ghost Chasers,Ghost Chasers,en,,,1951-01-01,/tB7JCeNtNh9zL06Q7W9AT06fMAL.jpg,0,0,0,0,0,0,,False,,Horror,,
111735,,Oddo,Oddo,en,,,1967-01-01,/mjHdKqaO4Yd2bSJYN6nU6aXFj7r.jpg,0,0,0,0,0,0,,False,,Horror,,
111835,,Night Visions,Night Visions,en,,,1990-01-01,/mDiQRWawE9RiYOL1cc9gg1hhKAc.jpg,0,0,0,0,0,0,,False,,Horror,,
111847,,Tell Me No Lies,Tell Me No Lies,en,,,2002-01-01,/emkFmeRg9OZsi3aTOLswnm6wzWX.jpg,0,0,0,0,0,0,,False,,Horror,,
112287,,Axed,Axed,en,,,2012-01-01,/sl4bzKdNRL8AwdWWnQRHQNQbQrQ.jpg,0,0,0,0,0,0,,False,,Horror,,
113132,,"Happy Mother's Day, Love George","Happy Mother's Day, Love George",en,,,1973-01-01,/hrQx8sWY126zAjdiVEhM3Y9pmRT.jpg,0,0,0,0,0,0,,False,,Horror,,
113602,,Dead on Site,Dead on Site,en,,,2008-01-01,/u0l5h5qQdTYHwY79QeWveaGIdcH.jpg,0,0,0,0,0,0,,False,,Horror,,
114169,,Quest for the Egg Salad,Quest for the Egg Salad,en,,,2002-01-01,/x8AY12jQfhXBzNQxThd46gAupOM.jpg,0,0,0,0,0,0,,False,,Horror,,
114178,,Sea of Dust,Sea of Dust,en,,,2008-01-01,/wx7zIlCMyjl0rpUlZmk3WT2odYR.jpg,0,0,0,0,0,0,,False,,Horror,,
114394,,The Lonely Lady,The Lonely Lady,en,,,1983-01-01,/5cZqppOcKXDQSUw7rY8dRJ0KEb6.jpg,0,0,0,0,0,0,,False,,Horror,,
114440,,Doctor Franken,Doctor Franken,en,,,1980-01-01,/691Gz964dMVGi34idBZj1VwVCqg.jpg,0,0,0,0,0,0,,False,,Horror,,
115201,,Raw Nerve,Raw Nerve,en,,,1991-01-01,/tMK2vC37Khsc5lTVg9MKcZc0SPi.jpg,0,0,0,0,0,0,,False,,Horror,,
115229,,The Path of Evil,The Path of Evil,en,,,2005-01-01,/jRGrW5fsJ0rtpUGIAqREq9KAbts.jpg,0,0,0,0,0,0,,False,,Horror,,
115285,,Maniac On The Loose,Maniac On The Loose,en,,,2008-01-01,/fPZKAG1vvi1RzCaNpgH85R1Kd5v.jpg,0,0,0,0,0,0,,False,,Horror,,
115422,,DeadTime,DeadTime,en,,,2012-01-01,/nJBIwCgoT0BdQzOHnvwmSrhteLK.jpg,0,0,0,0,0,0,,False,,Horror,,
115445,,Goatsucker,Goatsucker,en,,,2009-01-01,/v2CoGxXQbweFlVgMP6e8eyOCQ7t.jpg,0,0,0,0,0,0,,False,,Horror,,
115448,,The Creepy Doll,The Creepy Doll,en,,,2011-01-01,/91qbAetAuEWpdDH1sw3WotmcfAC.jpg,0,0,0,0,0,0,,False,,Horror,,
115451,,Spirit Stalkers,Spirit Stalkers,en,,,2012-01-01,/aPULrdDdL9qWV1RFK04mosq2UXe.jpg,0,0,0,0,0,0,,False,,Horror,,
115908,,Necrophagia - Nightmare Scenarios,Necrophagia - Nightmare Scenarios,en,,,2004-01-01,/mS3NjoObQK2d7RFD6BLfwX7ySe3.jpg,0,0,0,0,0,0,,False,,Horror,,
116118,,Revenge of the Roadkill Rabbit,Revenge of the Roadkill Rabbit,en,,,1999-01-01,/lXClJjni9ZbrzU2iogMLS43iEEX.jpg,0,0,0,0,0,0,,False,,Horror,,
116218,,Nailed,Nailed,en,,,2006-01-01,/83MdGNvTYVGU6jjGRrBfaHGwFkV.jpg,0,0,0,0,0,0,,False,,Horror,,
116233,,Anchoress,Anchoress,en,,,1993-01-01,/sYGAVgiHEpnkm8wrgKqIHq6VhFL.jpg,0,0,0,0,0,0,,False,,Horror,,
116319,,Rift,Rift,en,,,2011-01-01,/irvhKr6OOF2pg7r4bndeVhn1Omh.jpg,0,0,0,0,0,0,,False,,Horror,,
116407,,The Wacky World of Dr. Morgus,The Wacky World of Dr. Morgus,en,,,1962-01-01,/9RHCQVjtpHnupw8Efp59phOt4lN.jpg,0,0,0,0,0,0,,False,,Horror,,
116410,,The Weird Ones,The Weird Ones,en,,,1962-01-01,/gGJojZ3wczAf5RYanMWTiRhdCSe.jpg,0,0,0,0,0,0,,False,,Horror,,
116514,,The Forest,The Forest,en,,,2011-01-01,/2pvPrahtowmXpSJpFq2PSCi9myt.jpg,0,0,0,0,0,0,,False,,Horror,,
116597,,The Fearless Vampire Killers: Vampires 101,The Fearless Vampire Killers: Vampires 101,en,,,1966-01-01,/32VEu4gEAXrpLcWhqtJCIyZsChG.jpg,0,0,0,0,0,0,,False,,Horror,,
116603,,The Great American Snuff Film,The Great American Snuff Film,en,,,2004-01-01,/cMjiiy1abiz9zqyXViba5l7Z4fE.jpg,0,0,0,0,0,0,,False,,Horror,,
116632,,Vermilion Eyes,Vermilion Eyes,en,,,1990-01-01,/xhAfKLyEzTL6AHdGDdU1xGx9XLC.jpg,0,0,0,0,0,0,,False,,Horror,,
116829,,Attack of the Herbals,Attack of the Herbals,en,,,2011-01-01,/spy4Jg6RF0IbsANrmVt3sJYxZxx.jpg,0,0,0,0,0,0,,False,,Horror,,
117372,,Memorial Day,Memorial Day,en,,,1999-01-01,/gzigwTD7WlpTbZJfYVzb3NBigfz.jpg,0,0,0,0,0,0,,False,,Horror,,
118449,,Tied in Blood,Tied in Blood,en,,,2011-01-01,/WzDjsCIuYidlXq23bny78W6ZBu.jpg,0,0,0,0,0,0,,False,,Horror,,
118612,,After,After,en,,,2012-01-01,/5AKcsJYztbcX2KsyCXtKucyUUMA.jpg,0,0,0,0,0,0,,False,,Horror,,
118625,,Pleasures of the Damned,Pleasures of the Damned,en,,,2005-01-01,/6dwtckhZr4blACQ1y50NJPdiopb.jpg,0,0,0,0,0,0,,False,,Horror,,
118856,,The Thrill of a Kill,The Thrill of a Kill,en,,,2012-01-01,/AoUpcLVFWJSIQx3tMQms6KsacxQ.jpg,0,0,0,0,0,0,,False,,Horror,,
118866,,Blood Relations,Blood Relations,en,,,1977-01-01,/nAb9a3Z6EnvqDzgy5buwPPIOvEX.jpg,0,0,0,0,0,0,,False,,Horror,,
119198,,The Shadow of No One,The Shadow of No One,en,,,2006-01-01,/notNVYV6apV9zNXgrummesg232u.jpg,0,0,0,0,0,0,,False,,Horror,,
119558,,Dead Girls,Dead Girls,en,,,1990-01-01,/ideRgY1k5bRVKtMjrK8FheRkGxr.jpg,0,0,0,0,0,0,,False,,Horror,,
119677,,Vamperifica,Vamperifica,en,,,2011-01-01,/oOZXmeX0XAZAoQQpYuha1eo6oto.jpg,0,0,0,0,0,0,,False,,Horror,,
119723,,Zombified,Zombified,en,,,2012-01-01,/lqVmCYa7zrnPyGzahAoKeuArsxi.jpg,0,0,0,0,0,0,,False,,Horror,,
120189,,Nature Morte,Nature Morte,en,,,2006-01-01,/8BblVmgqw4EREBz48ZaAlBa1wZ8.jpg,0,0,0,0,0,0,,False,,Horror,,
120199,,The Fall of the Louse of Usher,The Fall of the Louse of Usher,en,,,2002-01-01,/xfm92EpdKqauerBirmgSkyzxL65.jpg,0,0,0,0,0,0,,False,,Horror,,
120226,,Mondo Keyhole,Mondo Keyhole,en,,,1966-01-01,/kKF08prcLmGHCsqoNxkblAOUwHh.jpg,0,0,0,0,0,0,,False,,Horror,,
120240,,Fear No More,Fear No More,en,,,1961-01-01,/ygWrOUyEuME6MfXEai56DDb4pt2.jpg,0,0,0,0,0,0,,False,,Horror,,
120499,,The Curse of Blanchard Hill,The Curse of Blanchard Hill,en,,,2006-01-01,/a43wi2cia2OjwggPVUh5CNOihsb.jpg,0,0,0,0,0,0,,False,,Horror,,
120582,,Hell Spa,Hell Spa,en,,,1992-01-01,/cIB5AXny763UAAjzVfUS19BOSQt.jpg,0,0,0,0,0,0,,False,,Horror,,
120749,,The Awakened,The Awakened,en,,,2009-01-01,/aerFQuO6QoB6xAizV5dwVIk37OQ.jpg,0,0,0,0,0,0,,False,,Horror,,
120881,,Documenting the Grey Man,Documenting the Grey Man,en,,,2011-01-01,/ch1DjAkWOaiWf5zFTiQwbaYnpxW.jpg,0,0,0,0,0,0,,False,,Horror,,
121157,,Psychic TV: First Transmission,Psychic TV: First Transmission,en,,,1982-01-01,/bz9Ub63Z8hI18Qlxv84bISMRICs.jpg,0,0,0,0,0,0,,False,,Horror,,
121399,,A Chronicle of Corpses,A Chronicle of Corpses,en,,,2001-01-01,/5jKotFIYcrp9LdJskeis9N2hC9D.jpg,0,0,0,0,0,0,,False,,Horror,,
121515,,Specimen,Specimen,en,,,1996-01-01,/7drTovQpnS5iXldfhW8sygg85W2.jpg,0,0,0,0,0,0,,False,,Horror,,
121567,,Mon Ami,Mon Ami,en,,,2012-01-01,/jE3OyWPo65WiHjnXXk1YrZOCVn0.jpg,0,0,0,0,0,0,,False,,Horror,,
122206,,The Dead Will Walk: The Making of Dawn of the Dead,The Dead Will Walk: The Making of Dawn of the Dead,en,,,2004-01-01,/wmgg7B33KfijwpXK8WYzJtAgFsG.jpg,0,0,0,0,0,0,,False,,Horror,,
122317,,A Christmas Treat,A Christmas Treat,en,,,1985-01-01,/rM6yXagx1arpjgCPiIEmCRGylW0.jpg,0,0,0,0,0,0,,False,,Horror,,
122539,,Primal Force,Primal Force,en,,,1999-01-01,/onbKS51odRl1svOcfS8jNDQOIgv.jpg,0,0,0,0,0,0,,False,,Horror,,
122582,,Paranoid Activity 2,Paranoid Activity 2,en,,,2011-01-01,/AdzE5P5uUEQvy9Cw7JgrQo4wLAJ.jpg,0,0,0,0,0,0,,False,,Horror,,
122691,,Kids Go to the Woods... Kids Get Dead,Kids Go to the Woods... Kids Get Dead,en,,,2009-01-01,/yGL7hm0VHeZQhKIMS3xKAbOI9yq.jpg,0,0,0,0,0,0,,False,,Horror,,
123180,,Big Junior,Big Junior,en,,,2010-01-01,/fQts4ofQcdFxmOjB6yPMhWsO6Cf.jpg,0,0,0,0,0,0,,False,,Horror,,
123602,,Zombie in a Penguin Suit,Zombie in a Penguin Suit,en,,,2011-01-01,/hoxdUWCyFsFjOnyE0pwKszZLhC9.jpg,0,0,0,0,0,0,,False,,Horror,,
123728,,The Empty Mirror,The Empty Mirror,en,,,1996-01-01,/sXHPxkb7O9ZXfx1dmkhB0vy1Rnv.jpg,0,0,0,0,0,0,,False,,Horror,,
123994,,The Eye of Satan,The Eye of Satan,en,,,1992-01-01,/hMylOLsmTn8BFTagitcb9VQrOKf.jpg,0,0,0,0,0,0,,False,,Horror,,
124045,,Night of Terror,Night of Terror,en,,,1986-01-01,/eOSdD842wnenqnzRca3A8Z7cgK6.jpg,0,0,0,0,0,0,,False,,Horror,,
124118,,Ghost Stories: Graveyard Thriller,Ghost Stories: Graveyard Thriller,en,,,1986-01-01,/nvzefYS7U806ByP3wd55R6kosR9.jpg,0,0,0,0,0,0,,False,,Horror,,
124260,,The Baby Doll Murders,The Baby Doll Murders,en,,,1993-01-01,/zU5k09YdUNXiDPkfmKjLgU6DNLw.jpg,0,0,0,0,0,0,,False,,Horror,,
124635,,Death Magic,Death Magic,en,,,1992-01-01,/kCoAE6UDgS9H01I20Xzm7XmXRdE.jpg,0,0,0,0,0,0,,False,,Horror,,
125129,,Shocking Asia II: The Last Taboos,Shocking Asia II: The Last Taboos,en,,,1985-01-01,/mhuwzcZ9Qah9XHCzYxWOrHQjDcu.jpg,0,0,0,0,0,0,,False,,Horror,,
125137,,Shocking Asia III: After Dark,Shocking Asia III: After Dark,en,,,1995-01-01,/nHBZPKXBm2OTvFhr0HA13cqxN36.jpg,0,0,0,0,0,0,,False,,Horror,,
125149,,Hell Mountain,Hell Mountain,en,,,1998-01-01,/5jswHgNjeYgbCqL2jYXnMk0pgVV.jpg,0,0,0,0,0,0,,False,,Horror,,
125294,,Rough Draft,Rough Draft,en,,,1998-01-01,/eYgvetyNQK3paZqZ1UvPjbvRuHy.jpg,0,0,0,0,0,0,,False,,Horror,,
125442,,Killer Klowns from Kansas on Krack,Killer Klowns from Kansas on Krack,en,,,2003-01-01,/yO8OmeSxIYwkVzDnAXzeb576kB8.jpg,0,0,0,0,0,0,,False,,Horror,,
125647,,Acid Head: The Buzzard Nuts County Slaughter,Acid Head: The Buzzard Nuts County Slaughter,en,,,2011-01-01,/sdeto6P47h9jxM4Q17MkiR8Ta60.jpg,0,0,0,0,0,0,,False,,Horror,,
125752,,Super Ball,Super Ball,en,,,1974-01-01,/poSzUBM0KZJa0RaJYsYIUuP0V7H.jpg,0,0,0,0,0,0,,False,,Horror,,
125787,,Sins of Rachel,Sins of Rachel,en,,,1972-01-01,/9SXCDozYjb75ikmBilgGwmvsJRY.jpg,0,0,0,0,0,0,,False,,Horror,,
126170,,Director's Cut,Director's Cut,en,,,2003-01-01,/6grEhskTyHbK8Js99MHVY0iphuW.jpg,0,0,0,0,0,0,,False,,Horror,,
126478,,It Came!,It Came!,en,,,1993-01-01,/43feGhgbO7PaWAwSmrOR6dvdNji.jpg,0,0,0,0,0,0,,False,,Horror,,
126512,,The Dark Angel,The Dark Angel,en,,,1987-01-01,/7JC2sXO357qgwox3GXotrnW6ye6.jpg,0,0,0,0,0,0,,False,,Horror,,
126568,,The Creature of the Sunny Side Up Trailer Park,The Creature of the Sunny Side Up Trailer Park,en,,,2003-01-01,/xe6JNCTmsMFdMFx8gDUCEzUThXz.jpg,0,0,0,0,0,0,,False,,Horror,,
126795,,Drive In,Drive In,en,,,2000-01-01,/jrNVhJfrtVJSwQ2YRzSxmqzg5WK.jpg,0,0,0,0,0,0,,False,,Horror,,
126955,,Bad Blood... the Hunger,Bad Blood... the Hunger,en,,,2012-01-01,/oMFz3QhWpZBD8xtkPqjMui9zfz4.jpg,0,0,0,0,0,0,,False,,Horror,,
127207,,The Gruesome Death of Tommy Pistol,The Gruesome Death of Tommy Pistol,en,,,2010-01-01,/9hgWcyk1PT6TAb7IcwdwDCCNDqk.jpg,0,0,0,0,0,0,,False,,Horror,,
127421,,Supernatural Activity,Supernatural Activity,en,,,2012-01-01,/9TWJeTVglgb0aESZtEmbUPTHoei.jpg,0,0,0,0,0,0,,False,,Horror,,
127782,,In Hot Blood,In Hot Blood,en,,,1968-01-01,/x8rujrNkD8S2wutgJIogKBR1wvk.jpg,0,0,0,0,0,0,,False,,Horror,,
128276,,May I Kill U?,May I Kill U?,en,,,2013-01-01,/7sIKwm9DaBseAhh49lmHUGwwr0H.jpg,0,0,0,0,0,0,,False,,Horror,,
128643,,KillerKiller,KillerKiller,en,,,2007-01-01,/g3D8SmK2q0mtbi1rbEa3BHokMLk.jpg,0,0,0,0,0,0,,False,,Horror,,
128791,,Monster Makers,Monster Makers,en,,,2003-01-01,/paRJHrAXAJsDXe6uY33aD80zhE.jpg,0,0,0,0,0,0,,False,,Horror,,
128820,,Play Dead,Play Dead,en,,,2011-01-01,/auvNwYwSQHXRwUUJ8capItvaEIs.jpg,0,0,0,0,0,0,,False,,Horror,,
128862,,The Bogus Witch Project,The Bogus Witch Project,en,,,2000-01-01,/v5joJaXXii5yLt4b1Fd9TFztPhY.jpg,0,0,0,0,0,0,,False,,Horror,,
128988,,The Kranny,The Kranny,en,,,1998-01-01,/xs5BcayQKtRyo54iAngm52yIOqa.jpg,0,0,0,0,0,0,,False,,Horror,,
129195,,Blue Sextet,Blue Sextet,en,,,1971-01-01,/rLJ2HwY30dbdG0DVG3a1vJVqVBr.jpg,0,0,0,0,0,0,,False,,Horror,,
129298,,Underground Terror,Underground Terror,en,,,1989-01-01,/uyra8uVakIh6QGOrZ9cNMOZIrnS.jpg,0,0,0,0,0,0,,False,,Horror,,
129663,,The Necro Files 2,The Necro Files 2,en,,,2003-01-01,/fRKcIiDLc12Y8cTQM0vkJ0HNvom.jpg,0,0,0,0,0,0,,False,,Horror,,
129668,,Roulette,Roulette,en,,,2013-01-01,/um8jxj8GED94eioC6bFTYOq5Eq9.jpg,0,0,0,0,0,0,,False,,Horror,,
129761,,The Manson Massacre,The Manson Massacre,en,,,1971-01-01,/dG4zQX1Tu0wl6neOJkP98QdGurc.jpg,0,0,0,0,0,0,,False,,Horror,,
130018,,The Corpse Grinders 2,The Corpse Grinders 2,en,,,2000-01-01,/o0ZIoCugtF3ZoyKxeKSXEGjfkw7.jpg,0,0,0,0,0,0,,False,,Horror,,
130366,,ThanXgiving,ThanXgiving,en,,,2006-01-01,/awAIztXM9D43W4JBbtp4AUdAgRH.jpg,0,0,0,0,0,0,,False,,Horror,,
130864,,Terror in the Jungle,Terror in the Jungle,en,,,1968-01-01,/8LHOwqTmDwdH99ZgieoCTZjRwgU.jpg,0,0,0,0,0,0,,False,,Horror,,
131083,,The Couch,The Couch,en,,,1962-01-01,/d5C9iFLxiaQqHfBopO0D9aLiNZK.jpg,0,0,0,0,0,0,,False,,Horror,,
131225,,Yorktown,Yorktown,en,,,2011-01-01,/4DWJMGxqd94ygjFbBFV1FrSMzII.jpg,0,0,0,0,0,0,,False,,Horror,,
131885,,Report 51,Report 51,en,,,2013-01-01,/djgZVX8OgWg2IDIqlFm355y6P46.jpg,0,0,0,0,0,0,,False,,Horror,,
132269,,White Witch Doctor,White Witch Doctor,en,,,1953-01-01,/zGY56J0oQLVA85CAuLQGE8mfOXG.jpg,0,0,0,0,0,0,,False,,Horror,,
132295,,The Host,The Host,en,,,1960-01-01,/gLfC8Kx55JgFt25eR7if49nUVo0.jpg,0,0,0,0,0,0,,False,,Horror,,
132626,,Mr. Halloween,Mr. Halloween,en,,,2007-01-01,/wLCMT5Ri8gvg1fQrvi8DX3V35fr.jpg,0,0,0,0,0,0,,False,,Horror,,
134607,,The Unquiet,The Unquiet,en,,,2008-01-01,/dd18QNPY3i0eDDWNr2CcrTFhCPa.jpg,0,0,0,0,0,0,,False,,Horror,,
135208,,Venus Drowning,Venus Drowning,en,,,2005-01-01,/uw5IQ6Dx6TeBGFLx7lGX4dzuYV8.jpg,0,0,0,0,0,0,,False,,Horror,,
135251,,Yesterday,Yesterday,en,,,2009-01-01,/dX6qGaexcZuZ58xjNLID5GTL2bT.jpg,0,0,0,0,0,0,,False,,Horror,,
135252,,Your Name Here,Your Name Here,en,,,2008-01-01,/x56q9vO9lLxfCWJPqNKodcx7UI4.jpg,0,0,0,0,0,0,,False,,Horror,,
135369,,Wanda - The Sadistic Hypnotist,Wanda - The Sadistic Hypnotist,en,,,1969-01-01,/giVUadvaliPmEiqY6To6SEXuo8Q.jpg,0,0,0,0,0,0,,False,,Horror,,
135570,,11:11,11:11,en,,,2011-01-01,/voPRYeFxfwtOjMckvt1m2RdS8VV.jpg,0,0,0,0,0,0,,False,,Horror,,
135589,,The Captured Bird,The Captured Bird,en,,,2012-01-01,/8kjFd7O7k1LMaaw8fEdVTd3jqgt.jpg,0,0,0,0,0,0,,False,,Horror,,
135656,,Hatch,Hatch,en,,,2009-01-01,/xDbIVKjwh7T4ITngfht9Dmdl4F.jpg,0,0,0,0,0,0,,False,,Horror,,
135945,,When Evil Calls,When Evil Calls,en,,,2006-01-01,/zbFBEOUmSFEINF1qZhURasRbCQb.jpg,0,0,0,0,0,0,,False,,Horror,,
136074,,Little Monsters,Little Monsters,en,,,2012-01-01,/fhMjVACLijlQsh4ixN5eqdzTjpi.jpg,0,0,0,0,0,0,,False,,Horror,,
136146,,Inside,Inside,en,,,2002-01-01,/gUwRJkH1CCS88W3k8TC7yQYT5YU.jpg,0,0,0,0,0,0,,False,,Horror,,
136269,,Incest Death Squad 2,Incest Death Squad 2,en,,,2010-01-01,/glJPWf8XDbkF27rraw97mRFfbRv.jpg,0,0,0,0,0,0,,False,,Horror,,
136467,,Unearthly Stranger,Unearthly Stranger,en,,,1963-01-01,/AnhW4rBAvPnEb4CDaWOf5zzmVeK.jpg,0,0,0,0,0,0,,False,,Horror,,
136681,,Excision,Excision,en,,,2008-01-01,/4pppWIf5hzPR2aNW5kjWqNM9329.jpg,0,0,0,0,0,0,,False,,Horror,,
136705,,Amerikill,Amerikill,en,,,1999-01-01,/7C5dtlx9E2a0MWjxvi6Sh0kAA45.jpg,0,0,0,0,0,0,,False,,Horror,,
136946,,Child in the Night,Child in the Night,en,,,1990-01-01,/40IFGw9V2d7UAwdsT5NP4ubp33H.jpg,0,0,0,0,0,0,,False,,Horror,,
137295,,I.D.S. Rising,I.D.S. Rising,en,,,2012-01-01,/dtgQEzUmziDXzStp81LzN62L3cC.jpg,0,0,0,0,0,0,,False,,Horror,,
137955,,Crowsnest,Crowsnest,en,,,2012-01-01,/g2swX9YGaIq1dpGr7gva8DGnWe4.jpg,0,0,0,0,0,0,,False,,Horror,,
137992,,Symbiosis,Symbiosis,en,,,2012-01-01,/nTyP4t3LuNR2xkbkjgRjmAVigOf.jpg,0,0,0,0,0,0,,False,,Horror,,
138223,,Forced Entry,Forced Entry,en,,,1975-01-01,/3jS0tmv8WL5U49FdNjuanDbepbP.jpg,0,0,0,0,0,0,,False,,Horror,,
138630,,My Sweet Killer,My Sweet Killer,en,,,1999-01-01,/hrdraP1LoiVbJHmEZbenyaxRvwm.jpg,0,0,0,0,0,0,,False,,Horror,,
138792,,Mold!,Mold!,en,,,2012-01-01,/oczlsBW6NgxFm3A6xV0AiILjFUK.jpg,0,0,0,0,0,0,,False,,Horror,,
138901,,The Harsh Light of Day,The Harsh Light of Day,en,,,2012-01-01,/utbGfutIXYBkVv52SuSAGJxIQr8.jpg,0,0,0,0,0,0,,False,,Horror,,
139103,,The Sorority,The Sorority,en,,,2006-01-01,/18mPJPkXbU2mY9ZwvmedM8K6GjH.jpg,0,0,0,0,0,0,,False,,Horror,,
139431,,The Comic,The Comic,en,,,1985-01-01,/d63WmhOXdUBvanWtdRoTS2se0hP.jpg,0,0,0,0,0,0,,False,,Horror,,
139611,,Butchered,Butchered,en,,,2003-01-01,/t4kZGMuddjme2sIWkBBjkr4wFs3.jpg,0,0,0,0,0,0,,False,,Horror,,
140165,,Video Diary of a Lost Girl,Video Diary of a Lost Girl,en,,,2012-01-01,/1N7zmnNqbSj9gXRQSyDYkTcFu2R.jpg,0,0,0,0,0,0,,False,,Horror,,
140506,,Torturous,Torturous,en,,,2014-01-01,/yjM1f2ubGUr14ZY7iL5XQ5wlFUy.jpg,0,0,0,0,0,0,,False,,Horror,,
140541,,Blood Sisters of Lesbian Sin,Blood Sisters of Lesbian Sin,en,,,1997-01-01,/4ADCJ3vYIosgf3Fvq0CIUhTGMzL.jpg,0,0,0,0,0,0,,False,,Horror,,
140689,,Dumpster Baby,Dumpster Baby,en,,,2000-01-01,/tC5elRjyxcZbnNIRSWsqjsXZUnm.jpg,0,0,0,0,0,0,,False,,Horror,,
140821,,The Casebook of Eddie Brewer,The Casebook of Eddie Brewer,en,,,2012-01-01,/9a1PjFelO9iuSDG1hD2uZwYE2nc.jpg,0,0,0,0,0,0,,False,,Horror,,
141390,,Sketch,Sketch,en,,,1983-01-01,/kiHukyo18miUZlZC84qM6EbiuZh.jpg,0,0,0,0,0,0,,False,,Horror,,
142059,,Rape Is a Circle,Rape Is a Circle,en,,,2006-01-01,/dB8iiCQauCKNVYK2Aw2idMu9R7M.jpg,0,0,0,0,0,0,,False,,Horror,,
143147,,Spaceship Terror,Spaceship Terror,en,,,2011-01-01,/y8u8XL8CMfcDY8lttk8zkjTvnll.jpg,0,0,0,0,0,0,,False,,Horror,,
143358,,The Cicerones,The Cicerones,en,,,2002-01-01,/8PLPpcf9sCWo7dKFBFl1vBzTZJM.jpg,0,0,0,0,0,0,,False,,Horror,,
143458,,The Evil Cameraman,The Evil Cameraman,en,,,1990-01-01,/avWMIYEBr29NYgvmRuAqMbbugO1.jpg,0,0,0,0,0,0,,False,,Horror,,
143508,,Killer Instinct,Killer Instinct,en,,,2001-01-01,/covjH7b1Xg7f7k7Xw55dg2kmuFR.jpg,0,0,0,0,0,0,,False,,Horror,,
144108,,Sheltered,Sheltered,en,,,2010-01-01,/1i6Wirb8EQx2Jbki2WghPdeK9Pk.jpg,0,0,0,0,0,0,,False,,Horror,,
144171,,Closets,Closets,en,,,2010-01-01,/tQNDvwOrID0CyZA2gvuYehAgeek.jpg,0,0,0,0,0,0,,False,,Horror,,
144394,,Vampiros Sexos,Vampiros Sexos,en,,,1988-01-01,/uazmhLoo75wbDWX393GKCXDILSO.jpg,0,0,0,0,0,0,,False,,Horror,,
144542,,Johnny Sunshine Maximum Violence,Johnny Sunshine Maximum Violence,en,,,2008-01-01,/9AtniFC6tzb4l9tlFAXbmo89nK5.jpg,0,0,0,0,0,0,,False,,Horror,,
144706,,Weekend At The Cabin,Weekend At The Cabin,en,,,2011-01-01,/tseZGEATl3PR3Jrd0U8zRIhPgeO.jpg,0,0,0,0,0,0,,False,,Horror,,
144822,,Scare Their Pants Off!,Scare Their Pants Off!,en,,,1968-01-01,/rOo7k2rkkQzOBOR7MG0RPP3Ul5K.jpg,0,0,0,0,0,0,,False,,Horror,,
144839,,Evil Stalks This House,Evil Stalks This House,en,,,1981-01-01,/e79AoyQhHzuzFR4yPY5ewQqhAFp.jpg,0,0,0,0,0,0,,False,,Horror,,
144863,,Fantacide,Fantacide,en,,,2007-01-01,/jb18xkUGT6ZoWtmwnrZ6MqbY6k7.jpg,0,0,0,0,0,0,,False,,Horror,,
144926,,Game,Game,en,,,2013-01-01,/bPDRrxtIO3kXgHmo2B5tgZs6a3e.jpg,0,0,0,0,0,0,,False,,Horror,,
145508,,The Furred Man,The Furred Man,en,,,2010-01-01,/1VmDwzZBWm0ly2rf51hI7WDfmJD.jpg,0,0,0,0,0,0,,False,,Horror,,
145587,,Welcome,Welcome,en,,,2007-01-01,/jJvm1cx3eZGgc01XUFV4TsrOyzQ.jpg,0,0,0,0,0,0,,False,,Horror,,
146012,,Scar Crow,Scar Crow,en,,,2009-01-01,/mtBsiDZbXWTWKbMwEdRZShL1aKi.jpg,0,0,0,0,0,0,,False,,Horror,,
146038,,Paranormal Case Files: Ghost Investigations,Paranormal Case Files: Ghost Investigations,en,,,2012-01-01,/qPhcc7ymEds6A7cYbSMz82r5dpf.jpg,0,0,0,0,0,0,,False,,Horror,,
146307,,The Reincarnate,The Reincarnate,en,,,1971-01-01,/CEyh44mcgkyJtCwBwGJE1lAGjO.jpg,0,0,0,0,0,0,,False,,Horror,,
146313,,The Cottage,The Cottage,en,,,2012-01-01,/imRtyAbD11tR50EDMr6tlwI0r1q.jpg,0,0,0,0,0,0,,False,,Horror,,
147136,,The Unholy Order,The Unholy Order,en,,,2009-01-01,/bOopAs28bp2lkIKxu07jm5NGcT1.jpg,0,0,0,0,0,0,,False,,Horror,,
147151,,Requiem for a Vampire,Requiem for a Vampire,en,,,2006-01-01,/AaQzSANVXD5tBjEcder0bB0DqTa.jpg,0,0,0,0,0,0,,False,,Horror,,
147237,,The Remake,The Remake,en,,,2006-01-01,/iV3SYVssgi9IFuJAlXWg5BUhbpm.jpg,0,0,0,0,0,0,,False,,Horror,,
148005,,Yearbook,Yearbook,en,,,2011-01-01,/aQlirGPpko46Ptfm7emKCpTIvze.jpg,0,0,0,0,0,0,,False,,Horror,,
148148,,Night Crawlers,Night Crawlers,en,,,1996-01-01,/cgDkshVHtirTluoBRIZm2iJp9NM.jpg,0,0,0,0,0,0,,False,,Horror,,
148972,,They Feed,They Feed,en,,,2005-01-01,/fWBK8eNxENEnjsljWywdLCpaM61.jpg,0,0,0,0,0,0,,False,,Horror,,
148999,,Gay by Dawn,Gay by Dawn,en,,,2004-01-01,/lWVNu33xx6G22RxUVA4hG7Z5rFs.jpg,0,0,0,0,0,0,,False,,Horror,,
149148,,Dead Inside,Dead Inside,en,,,2011-01-01,/9ZmoGOXqpr9IblA7fZ1aiTCv5v0.jpg,0,0,0,0,0,0,,False,,Horror,,
149234,,War of the Worlds the True Story,War of the Worlds the True Story,en,,,2012-01-01,/4ZjBJLCp0UuHuflA8q3fxDJQXc.jpg,0,0,0,0,0,0,,False,,Horror,,
149438,,The Contraption,The Contraption,en,,,1978-01-01,/icb1etWOG5RNj0N8lFZRD23QzGx.jpg,0,0,0,0,0,0,,False,,Horror,,
149804,,The Hook of Woodland Heights,The Hook of Woodland Heights,en,,,1990-01-01,/zSui4nup3EUa1Dfad3nWAV0SRdG.jpg,0,0,0,0,0,0,,False,,Horror,,
150060,,Subterano,Subterano,en,,,2003-01-01,/sU2ls1V0njn9EpKM2CrGdYM6p0H.jpg,0,0,0,0,0,0,,False,,Horror,,
152130,,Playdate,Playdate,en,,,2012-01-01,/fHCqVI5a3dyAngKc88kNuXeJrk9.jpg,0,0,0,0,0,0,,False,,Horror,,
152434,,The Ghost of Spoon River,The Ghost of Spoon River,en,,,2000-01-01,/vJGdAbQ9KfKTagYZggFgp5pnv1X.jpg,0,0,0,0,0,0,,False,,Horror,,
153740,,Siquijor: Mystic Island,Siquijor: Mystic Island,en,,,2007-01-01,/n8BtJ8hUPAQefTtcXmrXtQUcvZ0.jpg,0,0,0,0,0,0,,False,,Horror,,
154206,,Dracula's Daughter vs. the Space Brains,Dracula's Daughter vs. the Space Brains,en,,,2010-01-01,/wR6K4YkWMGcZOnQ8gIjsr3ehXF.jpg,0,0,0,0,0,0,,False,,Horror,,
154210,,Night of the Little Dead,Night of the Little Dead,en,,,2011-01-01,/2T9XLsvZ7VI1QYez5beyyWNvXfJ.jpg,0,0,0,0,0,0,,False,,Horror,,
154445,,Lost Hearts,Lost Hearts,en,,,2007-01-01,/8MxtBesYvb2Rd0ArHRoi7Rl2fF8.jpg,0,0,0,0,0,0,,False,,Horror,,
155182,,Overtime,Overtime,en,,,2012-01-01,/ioy5qtK54k88XTn047MypoVjb0f.jpg,0,0,0,0,0,0,,False,,Horror,,
155708,,Abolition,Abolition,en,,,2011-01-01,/1WtSEreCMEuDKNKsHfW4gIqTTVp.jpg,0,0,0,0,0,0,,False,,Horror,,
155834,,The Sign,The Sign,en,,,2007-01-01,/wZo5nQqHaAxdLa9uwR209htpQYR.jpg,0,0,0,0,0,0,,False,,Horror,,
156019,,Still Screaming: The Ultimate Scary Movie Retrospective,Still Screaming: The Ultimate Scary Movie Retrospective,en,,,2011-01-01,/v4ml3HQm7GPXNaInZ7U7mciB8Qn.jpg,0,0,0,0,0,0,,False,,Horror,,
156191,,Vampyre,Vampyre,en,,,1990-01-01,/9nCqhIF2tM9Y871TkyaQoznRJyO.jpg,0,0,0,0,0,0,,False,,Horror,,
156704,,Blood Pigs,Blood Pigs,en,,,2010-01-01,/dglyYtNBsbsZU1ktyLEgvmhtabq.jpg,0,0,0,0,0,0,,False,,Horror,,
157272,,Bio-Dead,Bio-Dead,en,,,2009-01-01,/4xfdFjLhHZT6L9uDW1xKvUu32XX.jpg,0,0,0,0,0,0,,False,,Horror,,
157581,,A Monster Among Men,A Monster Among Men,en,,,2013-01-01,/lNO7NQRbcNUNaJrZ7F52SepQ6B3.jpg,0,0,0,0,0,0,,False,,Horror,,
157599,,Killing Obsession,Killing Obsession,en,,,1994-01-01,/9awMwKsvk9Qi6zIKZlZpm1YeOhS.jpg,0,0,0,0,0,0,,False,,Horror,,
157619,,The Dinner Party,The Dinner Party,en,,,2009-01-01,/eKijBFPWRLcwQS8QOPiF0yltZYu.jpg,0,0,0,0,0,0,,False,,Horror,,
157922,,The Picture of Dorian Gray,The Picture of Dorian Gray,en,,,2007-01-01,/1ov76TsIgsM49GH0Xsv05cFrbMe.jpg,0,0,0,0,0,0,,False,,Horror,,
158066,,Cannibal Rollerbabes,Cannibal Rollerbabes,en,,,1997-01-01,/rCC4Ue8BzSjYCTLey21o9gpFPo9.jpg,0,0,0,0,0,0,,False,,Horror,,
158337,,The Mole Man of Belmont Avenue,The Mole Man of Belmont Avenue,en,,,2013-01-01,/xX2IojAQZefn111piCBOP6nHm3n.jpg,0,0,0,0,0,0,,False,,Horror,,
158354,,The Mommy Returns,The Mommy Returns,en,,,2012-01-01,/8fDafUBTrw2cOlGR09zxRrGyDfj.jpg,0,0,0,0,0,0,,False,,Horror,,
159324,,Calendar Girl Murders,Calendar Girl Murders,en,,,1984-01-01,/k38XxckhivAEftg8t8jIlZrrp2J.jpg,0,0,0,0,0,0,,False,,Horror,,
159390,,Voodoo Curse: The Giddeh,Voodoo Curse: The Giddeh,en,,,2006-01-01,/ugAHTlB1jrzxiTSB7OVYP632wNA.jpg,0,0,0,0,0,0,,False,,Horror,,
159393,,Little Erin Merryweather,Little Erin Merryweather,en,,,2003-01-01,/dou2uK99yVDlzDOlNEqgpUqnRCp.jpg,0,0,0,0,0,0,,False,,Horror,,
159422,,Things Best Left,Things Best Left,en,,,2005-01-01,/zKtX4prObRRFGHCEt07AtoqwPqp.jpg,0,0,0,0,0,0,,False,,Horror,,
160200,,Traces of Death,Traces of Death,en,,,1993-01-01,/sy8qr17cpsrnhYzofVz9g1LhFZB.jpg,0,0,0,0,0,0,,False,,Horror,,
161154,,Help Wanted Female,Help Wanted Female,en,,,1968-01-01,/yb25ARbKETARE3u5uIDc0jUEmJD.jpg,0,0,0,0,0,0,,False,,Horror,,
161761,,The Shadow of Death,The Shadow of Death,en,,,2012-01-01,/l3JmV9AICErsyvqOqrsSKJLd0gq.jpg,0,0,0,0,0,0,,False,,Horror,,
162115,,The Dummy,The Dummy,en,,,1982-01-01,/6tZMtpLvv1sLqFxh01lbSTiAF4V.jpg,0,0,0,0,0,0,,False,,Horror,,
163208,,The Director's Cut,The Director's Cut,en,,,2009-01-01,/mi4So0zyvUGLlsPpjQfYJELify3.jpg,0,0,0,0,0,0,,False,,Horror,,
163510,,Cursed,Cursed,en,,,1990-01-01,/p3mTjappYhnsSSH4SEMwxCrJwVq.jpg,0,0,0,0,0,0,,False,,Horror,,
163541,,Storm,Storm,en,,,1987-01-01,/gdGvylvIzxoVh0uOvwcB9eWf4oc.jpg,0,0,0,0,0,0,,False,,Horror,,
163554,,A Whisper to a Scream,A Whisper to a Scream,en,,,1989-01-01,/69kr5laGlnsFWt74vvTHBoLx1CY.jpg,0,0,0,0,0,0,,False,,Horror,,
163589,,Bell Witch Haunting,Bell Witch Haunting,en,,,2004-01-01,/k2VDIBWz2EHv0u0FWXVG7d2tfLP.jpg,0,0,0,0,0,0,,False,,Horror,,
164052,,The Strange Thing About the Johnsons,The Strange Thing About the Johnsons,en,,,2011-01-01,/ac2GXs7rJ7eQBKcvjRA3VDSNxA4.jpg,0,0,0,0,0,0,,False,,Horror,,
164495,,Long Pig,Long Pig,en,,,2008-01-01,/r2nnTUlDAmY1FsxJfPlcFSVaLmc.jpg,0,0,0,0,0,0,,False,,Horror,,
165279,,"Pot Zombies 2: More Pot, Less Plot","Pot Zombies 2: More Pot, Less Plot",en,,,2012-01-01,/khGkjTCeeA1znFLLgo9uK1vTJCc.jpg,0,0,0,0,0,0,,False,,Horror,,
166598,,The Killage,The Killage,en,,,2011-01-01,/5goQw1hK0oTi4pnOhMIFmoAlaYf.jpg,0,0,0,0,0,0,,False,,Horror,,
166738,,The Feed,The Feed,en,,,2010-01-01,/zJtDp5KnbDkqIkBCsoutgFEU5if.jpg,0,0,0,0,0,0,,False,,Horror,,
168248,,The Henderson Monster,The Henderson Monster,en,,,1980-01-01,/2NhYUQ3OIG9fYe8R3yrHe3AQgSG.jpg,0,0,0,0,0,0,,False,,Horror,,
168368,,The Doorway,The Doorway,en,,,2000-01-01,/9HSGLoB6HZkhi3ClXWqxYNCejgf.jpg,0,0,0,0,0,0,,False,,Horror,,
168883,,Unnaturally Born Killer,Unnaturally Born Killer,en,,,1996-01-01,/op4SAmAY5ArCrtjVxHR21Rmtbd4.jpg,0,0,0,0,0,0,,False,,Horror,,
170259,,In the Dark,In the Dark,en,,,2004-01-01,/8QyGywHGxglz4BoLuVpIpTXD1Da.jpg,0,0,0,0,0,0,,False,,Horror,,
170332,,Caruncula,Caruncula,en,,,1991-01-01,/mclIXaajUsX3461csyexpdrMfmw.jpg,0,0,0,0,0,0,,False,,Horror,,
170647,,A Perfect Child Of Satan,A Perfect Child Of Satan,en,,,2012-01-01,/ydEqWGNyT4VxOkFYtJKxSSESTbw.jpg,0,0,0,0,0,0,,False,,Horror,,
170748,,Solid State,Solid State,en,,,2012-01-01,/oAD3AgqgaJYUxx6WpkWTD7hfDmT.jpg,0,0,0,0,0,0,,False,,Horror,,
171308,,Baffled!,Baffled!,en,,,1973-01-01,/dEwwdLV0cYQNne18mC8f45yxFRD.jpg,0,0,0,0,0,0,,False,,Horror,,
171499,,Crush,Crush,en,,,2009-01-01,/uyn7vq1LT4FNuSLCDgVvWaqjlgc.jpg,0,0,0,0,0,0,,False,,Horror,,
172006,,The Fanglys,The Fanglys,en,,,2004-01-01,/xt1sWaPXq14AyxaSionsPsTNvcC.jpg,0,0,0,0,0,0,,False,,Horror,,
173285,,The Paranormal Disappearance of Ailyn Jesick,The Paranormal Disappearance of Ailyn Jesick,en,,,2009-01-01,/AoLrNTN56bobVIjOuWBb70pvWem.jpg,0,0,0,0,0,0,,False,,Horror,,
173305,,Pickman's Model,Pickman's Model,en,,,1981-01-01,/f5ob4rP4cdJGIpmiA7XhqoNkIkr.jpg,0,0,0,0,0,0,,False,,Horror,,
173326,,The Whistler,The Whistler,en,,,2006-01-01,/fFtLvD0TOGNyKgxPRXqcjPveNFN.jpg,0,0,0,0,0,0,,False,,Horror,,
173345,,Where the Dogs Divide Her,Where the Dogs Divide Her,en,,,2011-01-01,/5ZRExV9zhX9OIv9vAw7VhgCqr3O.jpg,0,0,0,0,0,0,,False,,Horror,,
173353,,They Must Eat!,They Must Eat!,en,,,2006-01-01,/6rpjJNZP1hKQvCT9rS6Eo59YAFJ.jpg,0,0,0,0,0,0,,False,,Horror,,
173356,,Dreams of the Dead,Dreams of the Dead,en,,,2007-01-01,/mDeX9B69IS1UohhmO9gse0fUJlQ.jpg,0,0,0,0,0,0,,False,,Horror,,
173365,,The Evil Offspring,The Evil Offspring,en,,,2009-01-01,/d5pNnlkQ7tF1y5lEnrzoEdKjtQx.jpg,0,0,0,0,0,0,,False,,Horror,,
173795,,13 Gantry Row,13 Gantry Row,en,,,1998-01-01,/4Ye32qQC0Cr5r3aAidpfw6N4gsy.jpg,0,0,0,0,0,0,,False,,Horror,,
173863,,Absurd Encounter with Fear,Absurd Encounter with Fear,en,,,1967-01-01,/onofssNmfdoetE1DJqFMSPQ8SOy.jpg,0,0,0,0,0,0,,False,,Horror,,
176830,,The Psychotic Odyssey of Richard Chase,The Psychotic Odyssey of Richard Chase,en,,,1998-01-01,/zyTGv7cWmt4G5aE13qcg8tDGtCh.jpg,0,0,0,0,0,0,,False,,Horror,,
177096,,C Me Dance,C Me Dance,en,,,2009-01-01,/2oYojjB0CapEVRJRUpmW59dJ3ag.jpg,0,0,0,0,0,0,,False,,Horror,,
178122,,Maximum Shame,Maximum Shame,en,,,2010-01-01,/u2vF71pnhA9snWQxkfXvEQn8YUH.jpg,0,0,0,0,0,0,,False,,Horror,,
178900,,Cutting Room,Cutting Room,en,,,2006-01-01,/xwSU6PbuC7rlqHNGvhtU4LUap01.jpg,0,0,0,0,0,0,,False,,Horror,,
179070,,X - He's Always Watching,X - He's Always Watching,en,,,2013-01-01,/cmhx7r5EKBxZQBCP2FBFugPrSzh.jpg,0,0,0,0,0,0,,False,,Horror,,
179142,,Hatred Of A Minute,Hatred Of A Minute,en,,,2002-01-01,/1JDsmzLuCd35UhlJrmmbVscDqnE.jpg,0,0,0,0,0,0,,False,,Horror,,
179242,,23 Minutes to Sunrise,23 Minutes to Sunrise,en,,,2013-01-01,/pootnKJepoy6S6sCrHfGJOvN49t.jpg,0,0,0,0,0,0,,False,,Horror,,
179248,,Vampire Camp,Vampire Camp,en,,,2012-01-01,/vr04IrwnCEsWfM0nCJEu9BDLTI8.jpg,0,0,0,0,0,0,,False,,Horror,,
179269,,Revelation Road: The Beginning of the End,Revelation Road: The Beginning of the End,en,,,2013-01-01,/bUeWsVnWByrKDenwto9JD1FYaCV.jpg,0,0,0,0,0,0,,False,,Horror,,
179355,,Fear Of The Living Dead,Fear Of The Living Dead,en,,,2010-01-01,/c2jYbH9563mVtbcFNMuSsnLV3tc.jpg,0,0,0,0,0,0,,False,,Horror,,
179503,,Devil's Highway,Devil's Highway,en,,,2005-01-01,/qWe7pAmxB2fmOWY3ZYDMt8yiruN.jpg,0,0,0,0,0,0,,False,,Horror,,
179765,,Serpent Island,Serpent Island,en,,,1954-01-01,/3u7IgDoelHf252tR6I1Xt9uzjju.jpg,0,0,0,0,0,0,,False,,Horror,,
179880,,Legend of the Witches,Legend of the Witches,en,,,1970-01-01,/ztn4l79KrgkXadVMndtweiRjCz.jpg,0,0,0,0,0,0,,False,,Horror,,
180850,,Lucky Bastard,Lucky Bastard,en,,,2014-01-01,/f7vOAna0WNV8DD4quj0Em73Cj0w.jpg,0,0,0,0,0,0,,False,,Horror,,
180911,,It Came From Another World!,It Came From Another World!,en,,,2007-01-01,/tpb6lH9vbiwDPuBGsJy3kSqs0vM.jpg,0,0,0,0,0,0,,False,,Horror,,
181587,,Yeti: A Love Story,Yeti: A Love Story,en,,,2008-01-01,/stPa3Tg3xCpcNFHoWSRvyibTtXV.jpg,0,0,0,0,0,0,,False,,Horror,,
181628,,Search for the Beast,Search for the Beast,en,,,1997-01-01,/byUM23KmuJqBq5dhJSteNfCEi5R.jpg,0,0,0,0,0,0,,False,,Horror,,
182140,,The Suckers,The Suckers,en,,,1972-01-01,/hvXtpLjtH1nsRCyj9ehbM96n2w9.jpg,0,0,0,0,0,0,,False,,Horror,,
182510,,The Demon Within,The Demon Within,en,,,2000-01-01,/yOfvb80thXmllRDFz96hrbKOOMR.jpg,0,0,0,0,0,0,,False,,Horror,,
182751,,Vampire Hunter Hank,Vampire Hunter Hank,en,,,2008-01-01,/dbKLvyKygJNUszwALF7fXXDCkg5.jpg,0,0,0,0,0,0,,False,,Horror,,
183107,,Tom Thumb in the Land of the Giants,Tom Thumb in the Land of the Giants,en,,,1999-01-01,/vrRmdl1fNBMy8Q2jbxgCM8d3iq9.jpg,0,0,0,0,0,0,,False,,Horror,,
183360,,I Hate You Now,I Hate You Now,en,,,1985-01-01,/4vjExI7hdqUmhA2I7rGlRP2obJK.jpg,0,0,0,0,0,0,,False,,Horror,,
183363,,Submit to Me,Submit to Me,en,,,1986-01-01,/6NugTemLCTJCC7Mzi3h8DqpPCTk.jpg,0,0,0,0,0,0,,False,,Horror,,
184590,,Let Me Die Quietly,Let Me Die Quietly,en,,,2009-01-01,/ttXhqWyrhF6u53kkyDAVfAIZBe0.jpg,0,0,0,0,0,0,,False,,Horror,,
185474,,Paranormal Movie,Paranormal Movie,en,,,2013-01-01,/sS8Q1Ukpobhe2ylsEVmeK6wbys5.jpg,0,0,0,0,0,0,,False,,Horror,,
186031,,Hallow's End,Hallow's End,en,,,2003-01-01,/nkHKXV6BMysCzr759sAKBMf3CpM.jpg,0,0,0,0,0,0,,False,,Horror,,
186574,,Pretty Dead Things,Pretty Dead Things,en,,,2006-01-01,/aa9RyMqwZDQHNHNnrwaPlAklFjP.jpg,0,0,0,0,0,0,,False,,Horror,,
186600,,The Amateur Monster Movie,The Amateur Monster Movie,en,,,2011-01-01,/n1gtASNJBRGMWXccWuutfcvlKNC.jpg,0,0,0,0,0,0,,False,,Horror,,
186959,,Woton's Wake,Woton's Wake,en,,,1963-01-01,/Ba8UXZlBYsX4YZbJom5IlNpWK0.jpg,0,0,0,0,0,0,,False,,Horror,,
187115,,Detention,Detention,en,,,1998-01-01,/8FeYIQbSwFahGlwdZipjSK8LOdu.jpg,0,0,0,0,0,0,,False,,Horror,,
187525,,The Sacrifice,The Sacrifice,en,,,2005-01-01,/19GdMhzXS4l1ZLklShNVuMy4J5H.jpg,0,0,0,0,0,0,,False,,Horror,,
188074,,Cardiac Arrest,Cardiac Arrest,en,,,1980-01-01,/sEDmtDHHukjdYxPvhtNWiloBKNp.jpg,0,0,0,0,0,0,,False,,Horror,,
188628,,The Cremators,The Cremators,en,,,1972-01-01,/7lOox9krlgwCcIr8IaCNmYiybHk.jpg,0,0,0,0,0,0,,False,,Horror,,
188667,,Lucid,Lucid,en,,,2013-01-01,/7Apllb3X6HQzVfuE2j0zeONlMKW.jpg,0,0,0,0,0,0,,False,,Horror,,
188837,,Back Road Diner,Back Road Diner,en,,,1999-01-01,/mzIRp6ITVOSeYx1oTbUmqokhnne.jpg,0,0,0,0,0,0,,False,,Horror,,
188885,,Super Badass,Super Badass,en,,,1999-01-01,/oayvUuIxhFc2ppkPIGU8Nn0WKTg.jpg,0,0,0,0,0,0,,False,,Horror,,
190066,,Frankenstein's Master,Frankenstein's Master,en,,,2013-01-01,/bWmE4hbwviFmj0bIlEysnuEOiNR.jpg,0,0,0,0,0,0,,False,,Horror,,
190544,,Image of the Beast,Image of the Beast,en,,,1981-01-01,/nYZQzoleJ7MmnJEVJkjvOiKpd8J.jpg,0,0,0,0,0,0,,False,,Horror,,
191393,,Curse of the Voodoo,Curse of the Voodoo,en,,,1965-01-01,/iU4IELyNImq0fHRJd7pDSJmmLu2.jpg,0,0,0,0,0,0,,False,,Horror,,
191431,,Black Hole,Black Hole,en,,,2010-01-01,/toPNqtAdXFoLwCcb3BjjRjEULFH.jpg,0,0,0,0,0,0,,False,,Horror,,
191447,,The Horrible Doctor Bones,The Horrible Doctor Bones,en,,,2000-01-01,/2yTOqdkygVx2BNT0PSUxNmoRC7z.jpg,0,0,0,0,0,0,,False,,Horror,,
191568,,The Inherited,The Inherited,en,,,2009-01-01,/7Uoy0QtkfmXcF5prxcUWIW7hkKO.jpg,0,0,0,0,0,0,,False,,Horror,,
191850,,Room 8,Room 8,en,,,2013-01-01,/qVJXdi5WtWDNGG1SAw9b9lPa032.jpg,0,0,0,0,0,0,,False,,Horror,,
192808,,A Taste of Flesh,A Taste of Flesh,en,,,1967-01-01,/cNkbnRp3BzAxXQ26RBLDXZxNIBM.jpg,0,0,0,0,0,0,,False,,Horror,,
192813,,Age of Dinosaurs,Age of Dinosaurs,en,,,2013-01-01,/yKHXVYABPuZyIXCk42avr6vL6Y6.jpg,0,0,0,0,0,0,,False,,Horror,,
193122,,Purification,Purification,en,,,2012-01-01,/eXROx6VPQeBXFimpSTo9eVSoeEt.jpg,0,0,0,0,0,0,,False,,Horror,,
193582,,Broken Hearts,Broken Hearts,en,,,2010-01-01,/3OlUqSfJJuDcuD8hLQVYiZ2Uh0G.jpg,0,0,0,0,0,0,,False,,Horror,,
193596,,Way Upstream,Way Upstream,en,,,1987-01-01,/yMdObKFgh1nBjjcitH6UaMBHUjr.jpg,0,0,0,0,0,0,,False,,Horror,,
194150,,Home: The Horror Story,Home: The Horror Story,en,,,2000-01-01,/1qwYzl5hV3oHKNw9kGmjV8uuiZV.jpg,0,0,0,0,0,0,,False,,Horror,,
194490,,Cemetery Sisters,Cemetery Sisters,en,,,1987-01-01,/eL5rN9Or6JEG1k5X8dG152TDC9a.jpg,0,0,0,0,0,0,,False,,Horror,,
194643,,Vengeance of the Dead,Vengeance of the Dead,en,,,2001-01-01,/fKP90oIv4MYC5dwQPHBlzoKim3q.jpg,0,0,0,0,0,0,,False,,Horror,,
194645,,Shreck,Shreck,en,,,1990-01-01,/gEbhUA0kqEh6H6q8AWjlPOrxtRO.jpg,0,0,0,0,0,0,,False,,Horror,,
195781,,Demon Kiss,Demon Kiss,en,,,2008-01-01,/vTLigJWpe3wUcHcnwj9QQavCX9J.jpg,0,0,0,0,0,0,,False,,Horror,,
197497,,Kandisha,Kandisha,en,,,2008-01-01,/ovshbPjUeLQPYu2aRFwq8eXcmm5.jpg,0,0,0,0,0,0,,False,,Horror,,
198002,,The Tea Chronicles,The Tea Chronicles,en,,,2013-01-01,/tngEmmzVRPGEPMlyyCshW2EPhSS.jpg,0,0,0,0,0,0,,False,,Horror,,
198292,,Murder Collection V.1,Murder Collection V.1,en,,,2009-01-01,/a5p3bey56spUNJGWzCkRssoIpih.jpg,0,0,0,0,0,0,,False,,Horror,,
198572,,Hell Walks the Earth,Hell Walks the Earth,en,,,2008-01-01,/lbMVhdW1HTnoQBsGeF85nlsrrOM.jpg,0,0,0,0,0,0,,False,,Horror,,
199052,,Harry Knuckles and the Treasure of the Aztec Mummy,Harry Knuckles and the Treasure of the Aztec Mummy,en,,,1999-01-01,/oueYjVMVPTAEyxZqq9t0KmbMvBX.jpg,0,0,0,0,0,0,,False,,Horror,,
199166,,Blue Green,Blue Green,en,,,2007-01-01,/tUIVvYqSwcROEeh81BB0okgh1Xe.jpg,0,0,0,0,0,0,,False,,Horror,,
199913,,Sexmonster!,Sexmonster!,en,,,2013-01-01,/ppjtn9IwC577Tn81lQGNk1NhjOj.jpg,0,0,0,0,0,0,,False,,Horror,,
200462,,Hansel & Gretel,Hansel & Gretel,en,,,2013-01-01,/I0emCZ9h9WIJLnZqDYP5MZJgwH.jpg,0,0,0,0,0,0,,False,,Horror,,
200671,,Attack of the Helping Hand!,Attack of the Helping Hand!,en,,,1979-01-01,/djIAH95EkLbsnkixRuVB3veZ9KF.jpg,0,0,0,0,0,0,,False,,Horror,,
200745,,9 Days,9 Days,en,,,2013-01-01,/8CKA2ESfunT4b1vfJt9DcriqQgr.jpg,0,0,0,0,0,0,,False,,Horror,,
200802,,Shackled,Shackled,en,,,2010-01-01,/kSojcy7MoZB72p014hAkuViMiEq.jpg,0,0,0,0,0,0,,False,,Horror,,
200819,,Beg!,Beg!,en,,,1994-01-01,/f9dOd3lKcHBWxgtVyfIjf6YbAs0.jpg,0,0,0,0,0,0,,False,,Horror,,
201110,,Sex Hex,Sex Hex,en,,,2007-01-01,/gXcr9gtS5AJt3aStjyJ4KkvnQLx.jpg,0,0,0,0,0,0,,False,,Horror,,
201181,,Bloodspit,Bloodspit,en,,,2008-01-01,/2TdE83It6dxTOa3tzSEwe9ZWZMX.jpg,0,0,0,0,0,0,,False,,Horror,,
201377,,The Dumb Waiter,The Dumb Waiter,en,,,1979-01-01,/87FLbJ2be64VdEfU5nDxu9Zf3SP.jpg,0,0,0,0,0,0,,False,,Horror,,
201380,,Panic,Panic,en,,,1978-01-01,/7F8ARGD7bctkeoukVEBe9BVcQaf.jpg,0,0,0,0,0,0,,False,,Horror,,
201642,,Sloppy the Psychotic,Sloppy the Psychotic,en,,,2012-01-01,/lHqhLJXXFfFTyI6LYxqljHfa43A.jpg,0,0,0,0,0,0,,False,,Horror,,
201728,,So Dark,So Dark,en,,,2013-01-01,/s0haCcRpeswVSU5Ww8DjXFWvaiX.jpg,0,0,0,0,0,0,,False,,Horror,,
202483,,The House of Adam,The House of Adam,en,,,2006-01-01,/ze8sk3HzVp0yHn8kWVTBDHOPVAi.jpg,0,0,0,0,0,0,,False,,Horror,,
202628,,Experiments in Terror,Experiments in Terror,en,,,2003-01-01,/gBHuH1Y7I8qLrVTXqH4ZVpYhw2A.jpg,0,0,0,0,0,0,,False,,Horror,,
203556,,GhostWatcher 2,GhostWatcher 2,en,,,2005-01-01,/vlUN7tHusafYLS1H2wChrjk8wcW.jpg,0,0,0,0,0,0,,False,,Horror,,
203890,,2 Hours,2 Hours,en,,,2012-01-01,/xr8kc9YYTSAALRaCYbl4Y0seFI3.jpg,0,0,0,0,0,0,,False,,Horror,,
204550,,The Eyes of Jukai,The Eyes of Jukai,en,,,2012-01-01,/vSwJk0pZWuZ3eNuIhKE4tcdK6r4.jpg,0,0,0,0,0,0,,False,,Horror,,
204567,,Vincent Price's Dracula,Vincent Price's Dracula,en,,,1986-01-01,/1kqUVjMjGRp18HeOiLZCRoMhhQY.jpg,0,0,0,0,0,0,,False,,Horror,,
204806,,Melvin,Melvin,en,,,2009-01-01,/59fy0jFmpoNM9pjVDX3cIJHV1lk.jpg,0,0,0,0,0,0,,False,,Horror,,
204904,,House of Last Things,House of Last Things,en,,,2013-01-01,/fd4SUdFRYBdGvbfGaweYSyE6Ihx.jpg,0,0,0,0,0,0,,False,,Horror,,
204973,,Venom,Venom,en,,,2011-01-01,/1gF48UOnvTnJxy7L7SnptZI3lop.jpg,0,0,0,0,0,0,,False,,Horror,,
205769,,Flesh Eaters from Outer Space,Flesh Eaters from Outer Space,en,,,1989-01-01,/iuD4RXlpWT7xc1N9KzZgStE3DcJ.jpg,0,0,0,0,0,0,,False,,Horror,,
205818,,Eat,Eat,en,,,2011-01-01,/6mRahsxOZPwU60sCoX0jp0BSStg.jpg,0,0,0,0,0,0,,False,,Horror,,
205902,,Machine Head,Machine Head,en,,,2000-01-01,/nXrO6GGPO6DlB7lkKUIWYvgyjCR.jpg,0,0,0,0,0,0,,False,,Horror,,
205943,,Severed Footage,Severed Footage,en,,,2013-01-01,/iShEUNqPPsZsWI4XZtO1uemHgis.jpg,0,0,0,0,0,0,,False,,Horror,,
206309,,Teenage Babylon...,Teenage Babylon...,en,,,1989-01-01,/oBR2NX73tMba77M7R8nfSiFoluE.jpg,0,0,0,0,0,0,,False,,Horror,,
206970,,A Coffin for the Bride,A Coffin for the Bride,en,,,1974-01-01,/gWGxKDUEVbuh0Cvb7J05z0hYS1N.jpg,0,0,0,0,0,0,,False,,Horror,,
207763,,Dementamania,Dementamania,en,,,2013-01-01,/egRcunieFNMQPOcYOyHzxr15eWe.jpg,0,0,0,0,0,0,,False,,Horror,,
207933,,Stonehearst Asylum,Stonehearst Asylum,en,,,2014-01-01,/fZxGCCQ0NAtraevqULJ84wSSjo0.jpg,0,0,0,0,0,0,,False,,Horror,,
208259,,#1 Serial Killer,#1 Serial Killer,en,,,2013-01-01,/jM0AFvj0B8kkTjzuJuUhbbUDsiJ.jpg,0,0,0,0,0,0,,False,,Horror,,
208492,,The Beasts Are on the Streets,The Beasts Are on the Streets,en,,,1978-01-01,/bKrUgv04benASIuYim4qECZ9YMQ.jpg,0,0,0,0,0,0,,False,,Horror,,
208609,,Almost Invisible,Almost Invisible,en,,,2010-01-01,/oiZNLLnNVHRgxG5OTAwZiuCvkjH.jpg,0,0,0,0,0,0,,False,,Horror,,
208617,,Death Angel December: Vengeance Kill,Death Angel December: Vengeance Kill,en,,,2010-01-01,/hFABKeRo5z95B8g4hBaUAOKp7ez.jpg,0,0,0,0,0,0,,False,,Horror,,
209443,,The Aliens Are Coming,The Aliens Are Coming,en,,,1980-01-01,/r6xrCo8R5KnIJBv5z9soLXIQrCc.jpg,0,0,0,0,0,0,,False,,Horror,,
209495,,Misfit Heights,Misfit Heights,en,,,2013-01-01,/yurcj1WB9nzOqco1OMyoE5h1gVd.jpg,0,0,0,0,0,0,,False,,Horror,,
210454,,Kiss Me and Die,Kiss Me and Die,en,,,1974-01-01,/aUXNPYyzJirxVFmFgSO1A6cRTsX.jpg,0,0,0,0,0,0,,False,,Horror,,
211222,,The Wildman of Kentucky: The Mystery of Panther Rock,The Wildman of Kentucky: The Mystery of Panther Rock,en,,,2008-01-01,/vhVi8SzKYlxRdWx5Ptf0VJEVUOO.jpg,0,0,0,0,0,0,,False,,Horror,,
211266,,Horror Brunch,Horror Brunch,en,,,1987-01-01,/aTR6JfS17rEIakATC3DlY8m7sBS.jpg,0,0,0,0,0,0,,False,,Horror,,
211318,,Emmanuelle - The Private Collection: The Sex Lives Of Ghosts,Emmanuelle - The Private Collection: The Sex Lives Of Ghosts,en,,,2004-01-01,/qdSQj4o3f9aDDf3ZqJcV9S34DDG.jpg,0,0,0,0,0,0,,False,,Horror,,
211560,,Invisible Temptation,Invisible Temptation,en,,,1996-01-01,/z38GzSKr3soLAPFHjl3xH57oMgk.jpg,0,0,0,0,0,0,,False,,Horror,,
211678,,The River: Legend of La Llorona,The River: Legend of La Llorona,en,,,2006-01-01,/wvZUfDAK9hA3PeRL9DS95cHnl1o.jpg,0,0,0,0,0,0,,False,,Horror,,
211680,,Serial Killer,Serial Killer,en,,,2002-01-01,/qLtT8dUMqRsrTWSGuUGJtG2kk1g.jpg,0,0,0,0,0,0,,False,,Horror,,
211681,,The Crawlspace,The Crawlspace,en,,,2006-01-01,/bbA99KakwvAi5Oo7Jk7qULeqgQV.jpg,0,0,0,0,0,0,,False,,Horror,,
211684,,The Bewitching,The Bewitching,en,,,2003-01-01,/yfMS1Z0nwYGiSdPUt6KnRrtBn7I.jpg,0,0,0,0,0,0,,False,,Horror,,
211686,,High Desert,High Desert,en,,,1993-01-01,/b7xPOvgtqZLP4YqA9XtKUg8e7n4.jpg,0,0,0,0,0,0,,False,,Horror,,
211687,,I Dream of Dracula,I Dream of Dracula,en,,,2003-01-01,/uTWsxLAFXBWlL3XGpjhAkryDIBt.jpg,0,0,0,0,0,0,,False,,Horror,,
211774,,The Psychic,The Psychic,en,,,1968-01-01,/4skCXNuDiEnJCXapoR2Pf16o42C.jpg,0,0,0,0,0,0,,False,,Horror,,
211999,,Twisted Illusions 2,Twisted Illusions 2,en,,,2004-01-01,/llo0dbrrgQjtfUb1oVx6lD09NB7.jpg,0,0,0,0,0,0,,False,,Horror,,
212003,,The Psychedelic Priest,The Psychedelic Priest,en,,,2001-01-01,/8lWurnwk4WnY1QG31fNLB37Ndsg.jpg,0,0,0,0,0,0,,False,,Horror,,
212178,,The Dead Live,The Dead Live,en,,,2006-01-01,/sLXAie7BMYjkNiQ3GEf5BMq95z3.jpg,0,0,0,0,0,0,,False,,Horror,,
212629,,The Phantom of the Opera: Unmasking the Masterpiece,The Phantom of the Opera: Unmasking the Masterpiece,en,,,2013-01-01,/zxuBNd5GpNt1HPsEqSpyQHNwpi.jpg,0,0,0,0,0,0,,False,,Horror,,
212930,,The Ritual,The Ritual,en,,,1996-01-01,/4jiKgkDSmFa5odwphWn9uUqYABT.jpg,0,0,0,0,0,0,,False,,Horror,,
213213,,Natas: The Reflection,Natas: The Reflection,en,,,1986-01-01,/idVu12BTeKMJIPRUHRk13u80gfb.jpg,0,0,0,0,0,0,,False,,Horror,,
213278,,Tales from the Dead,Tales from the Dead,en,,,2008-01-01,/a2sp6RAPyQP1QBNwrPRxV6hoXjw.jpg,0,0,0,0,0,0,,False,,Horror,,
213407,,Dead Life,Dead Life,en,,,2005-01-01,/iusO9AqIIGQW1bTmN2wC132tRa2.jpg,0,0,0,0,0,0,,False,,Horror,,
213431,,Survivor Type,Survivor Type,en,,,2012-01-01,/kkD7CUWbrTEn9jJC77A22O2j19R.jpg,0,0,0,0,0,0,,False,,Horror,,
213760,,Before I Die,Before I Die,en,,,2003-01-01,/lNt8ZVENoCOF0V8nMAlgC3sdwM7.jpg,0,0,0,0,0,0,,False,,Horror,,
213765,,Toe Tags,Toe Tags,en,,,2003-01-01,/pbA2BeBiOHNLBKINRzBaplUahzv.jpg,0,0,0,0,0,0,,False,,Horror,,
213766,,This Darkness: The Vampire Virus,This Darkness: The Vampire Virus,en,,,2003-01-01,/cglIBws7r14MXcr7VPV3E0eCiRt.jpg,0,0,0,0,0,0,,False,,Horror,,
213770,,Dead 7,Dead 7,en,,,2000-01-01,/3OCNYJvZqMfgVMu3GR6SxlFymDP.jpg,0,0,0,0,0,0,,False,,Horror,,
213775,,Dr. Shock's Tales of Terror,Dr. Shock's Tales of Terror,en,,,2003-01-01,/z9pMxyXHREgiprRtWS63fuLIHY1.jpg,0,0,0,0,0,0,,False,,Horror,,
213805,,Dead Body Man,Dead Body Man,en,,,2004-01-01,/tce52pTmOHFp97c1QzKStCHPd7e.jpg,0,0,0,0,0,0,,False,,Horror,,
213806,,Hollywood Vampyr,Hollywood Vampyr,en,,,2002-01-01,/6flSy2howWPnrojzLQgLYWwfo8J.jpg,0,0,0,0,0,0,,False,,Horror,,
213809,,Mayhem Motel,Mayhem Motel,en,,,2001-01-01,/tRl8Zjj3g5UW0OY6h01EE2DjBLZ.jpg,0,0,0,0,0,0,,False,,Horror,,
213810,,Edgar Allan Poe's Madhouse,Edgar Allan Poe's Madhouse,en,,,1991-01-01,/frBxbNbgu7Wko6slcrED0lQ7LiY.jpg,0,0,0,0,0,0,,False,,Horror,,
213945,,The Night Waiter,The Night Waiter,en,,,1987-01-01,/3RxDkDBSNYMxxH2H89tcrN2bIUB.jpg,0,0,0,0,0,0,,False,,Horror,,
214106,,Distortions,Distortions,en,,,1987-01-01,/e9oVMJuXCx5W6OTpwCmyXiXOQf5.jpg,0,0,0,0,0,0,,False,,Horror,,
214754,,Dolls of Voodoo,Dolls of Voodoo,en,,,2013-01-01,/zafEjAkCGMWgzea6bhFM3i5S9vk.jpg,0,0,0,0,0,0,,False,,Horror,,
215490,,A Candle in the Dark,A Candle in the Dark,en,,,2002-01-01,/vgzPSNvS97YzCEv5rrLdFGgNcTl.jpg,0,0,0,0,0,0,,False,,Horror,,
215551,,The Mutilation Man,The Mutilation Man,en,,,1998-01-01,/ra7kabo2FABzeWBadkEWRUy6DPG.jpg,0,0,0,0,0,0,,False,,Horror,,
215722,,Shadows of the Mind,Shadows of the Mind,en,,,1979-01-01,/dQM4PyCB5g5tIQWdPw3uMnD5hRp.jpg,0,0,0,0,0,0,,False,,Horror,,
215890,,The World's End: The Legacy of 'Day of the Dead',The World's End: The Legacy of 'Day of the Dead',en,,,2013-01-01,/mquPRrvfSzsNPsDg7X3hdzrwXym.jpg,0,0,0,0,0,0,,False,,Horror,,
215957,,Foreclosure,Foreclosure,en,,,2013-01-01,/uDSr1UJD1liJhsV0V2bSAOe90Bp.jpg,0,0,0,0,0,0,,False,,Horror,,
215976,,Reminiscence,Reminiscence,en,,,2014-01-01,/81qcpZgtkc1M6QKiIp9lJUOwatn.jpg,0,0,0,0,0,0,,False,,Horror,,
216176,,Death Car on the Freeway,Death Car on the Freeway,en,,,1979-01-01,/cyhp8O0RIiFkWtYsSfxac6LoYJs.jpg,0,0,0,0,0,0,,False,,Horror,,
216178,,Phantom Brother,Phantom Brother,en,,,1988-01-01,/yKYfXGzYymeugbCdGSGDzEHi2PT.jpg,0,0,0,0,0,0,,False,,Horror,,
216183,,Mysterious Two,Mysterious Two,en,,,1982-01-01,/zgwinWucVlJEV3j3hlDC8LIEYr7.jpg,0,0,0,0,0,0,,False,,Horror,,
216557,,Heat of Madness,Heat of Madness,en,,,1966-01-01,/cvhHP0l0BhKUCyYJXKMBxLlxTCM.jpg,0,0,0,0,0,0,,False,,Horror,,
217195,,Banned! In America II,Banned! In America II,en,,,1998-01-01,/2CoNDZeVO8mSD5nIcpfKqVWphA8.jpg,0,0,0,0,0,0,,False,,Horror,,
217596,,Prague,Prague,en,,,2013-01-01,/nIjlbe5aczjglnjsXYEhOc8CVkU.jpg,0,0,0,0,0,0,,False,,Horror,,
218085,,The Voice Inside,The Voice Inside,en,,,2001-01-01,/2zAlV5P68XTZc2U9qhLGdBy507v.jpg,0,0,0,0,0,0,,False,,Horror,,
218485,,The Ripper,The Ripper,en,,,1997-01-01,/gmDWgKgwYFMZL2k6BBA0jWLCn5t.jpg,0,0,0,0,0,0,,False,,Horror,,
219001,,Freak,Freak,en,,,1999-01-01,/lQPCxq0iep01ZCsEG6Lv3u3nz84.jpg,0,0,0,0,0,0,,False,,Horror,,
219044,,The Crier,The Crier,en,,,1995-01-01,/1PnmCzthTwl1Fe1MMtGAgjkHzEU.jpg,0,0,0,0,0,0,,False,,Horror,,
219047,,Witch Hunter,Witch Hunter,en,,,1997-01-01,/g3Fsc8yaKSsaOb0Belp6IPKMtFI.jpg,0,0,0,0,0,0,,False,,Horror,,
219180,,Murder in Space,Murder in Space,en,,,1985-01-01,/6K3oDSoo6pQobtFmggORHZRv0iK.jpg,0,0,0,0,0,0,,False,,Horror,,
219267,,Escape,Escape,en,,,2010-01-01,/dEmg4HFVnc5cssc4WFGltxU4HWO.jpg,0,0,0,0,0,0,,False,,Horror,,
219386,,Isn't It Shocking?,Isn't It Shocking?,en,,,1973-01-01,/7HGKDYShBF86lhKOt4cmZuuUtd4.jpg,0,0,0,0,0,0,,False,,Horror,,
219431,,Sixteen Tongues,Sixteen Tongues,en,,,1999-01-01,/uOy0B29mK8vjOU2SmNryUnCCT4l.jpg,0,0,0,0,0,0,,False,,Horror,,
219961,,Sonata,Sonata,en,,,2004-01-01,/A1C6UkDJudXNeTRjB33J9iJASQg.jpg,0,0,0,0,0,0,,False,,Horror,,
220468,,Revelation Road 2: The Sea of Glass and Fire,Revelation Road 2: The Sea of Glass and Fire,en,,,2013-01-01,/ae79n2TrqimWavFJuDigiz7YruZ.jpg,0,0,0,0,0,0,,False,,Horror,,
220475,,Antoine Et Les Héros,Antoine Et Les Héros,en,,,2012-01-01,/7aUWmkz7wO0cCzGzlQchbvoEB3E.jpg,0,0,0,0,0,0,,False,,Horror,,
220680,,Dead Meat Walking: A Zombie Walk Documentary,Dead Meat Walking: A Zombie Walk Documentary,en,,,2014-01-01,/yZRivJnaJxY57UKW0GpTfnHKWpE.jpg,0,0,0,0,0,0,,False,,Horror,,
220796,,Another Night of the Living Dead,Another Night of the Living Dead,en,,,2011-01-01,/3vIZ3x4BIA1SjsGXYAxWUXu7LBC.jpg,0,0,0,0,0,0,,False,,Horror,,
221002,,The Chelsea Murders,The Chelsea Murders,en,,,1981-01-01,/m1oYV9nLB6sgjNxWGflLutDgYnq.jpg,0,0,0,0,0,0,,False,,Horror,,
221351,,The Tivo,The Tivo,en,,,2009-01-01,/50NXFVN0RO74AUYUcXUm3MRFPPd.jpg,0,0,0,0,0,0,,False,,Horror,,
221824,,Tiger & Wolf,Tiger & Wolf,en,,,2013-01-01,/ol5O66C51c4GYXzkdunp2nNCIxe.jpg,0,0,0,0,0,0,,False,,Horror,,
221972,,Caregiver,Caregiver,en,,,2007-01-01,/kkq73Bn2oO3nsHkJVbdDS1gCz5V.jpg,0,0,0,0,0,0,,False,,Horror,,
222438,,Vamps in the City,Vamps in the City,en,,,2010-01-01,/xAup7mMiZScz7p0o75rDf76ptzu.jpg,0,0,0,0,0,0,,False,,Horror,,
222851,,Sawbones,Sawbones,en,,,1995-01-01,/nBXlVvNh2emWwSH68vpvjitpzkj.jpg,0,0,0,0,0,0,,False,,Horror,,
222879,,Bio-Tech Warrior,Bio-Tech Warrior,en,,,1996-01-01,/dp4IHiVHPgT0DwV1w53E3WkvXTD.jpg,0,0,0,0,0,0,,False,,Horror,,
223099,,Surviving Evidence,Surviving Evidence,en,,,2013-01-01,/8q9pfVfTIMtsE9dnjHOmT55HhaW.jpg,0,0,0,0,0,0,,False,,Horror,,
223106,,The Haunting of Pearson Place,The Haunting of Pearson Place,en,,,2012-01-01,/jZJuAAJgBpT5MmcOEg7g1Cj5klJ.jpg,0,0,0,0,0,0,,False,,Horror,,
223140,,Lovefield,Lovefield,en,,,2008-01-01,/cGym3kn7P39NNo7uCkXuhJV85pF.jpg,0,0,0,0,0,0,,False,,Horror,,
223259,,Crinoline Head,Crinoline Head,en,,,1995-01-01,/phULTed7NlcrLIgp4jN8GVfoXD1.jpg,0,0,0,0,0,0,,False,,Horror,,
223281,,The Unspeakable,The Unspeakable,en,,,1996-01-01,/ApCMWR2jg45lZTGMjN2JIpIwePj.jpg,0,0,0,0,0,0,,False,,Horror,,
223376,,Burndown,Burndown,en,,,1990-01-01,/lmLvUJQVO7z5x3y3qGyb59uKrXW.jpg,0,0,0,0,0,0,,False,,Horror,,
223461,,Andromina: The Pleasure Planet,Andromina: The Pleasure Planet,en,,,1999-01-01,/qujAorhWjAuO2nQvMO5uZ5RMm2V.jpg,0,0,0,0,0,0,,False,,Horror,,
223754,,Palace of the Damned,Palace of the Damned,en,,,2013-01-01,/zkoy8hzSLiI3cRaGN9Qh9ir76kf.jpg,0,0,0,0,0,0,,False,,Horror,,
223780,,13 Witches,13 Witches,en,,,2012-01-01,/2Jp6UtGjjLKSlPJPmCJEq7Yey4K.jpg,0,0,0,0,0,0,,False,,Horror,,
224069,,Fantasies,Fantasies,en,,,1982-01-01,/h2vDFfHYIqU9Y7C105ls0zEVXRJ.jpg,0,0,0,0,0,0,,False,,Horror,,
224078,,Doctor Bloodbath,Doctor Bloodbath,en,,,1987-01-01,/sRvQY7NyNY9uID2bZac5JWDs7Y3.jpg,0,0,0,0,0,0,,False,,Horror,,
224647,,The Shaman,The Shaman,en,,,1987-01-01,/aCbWCOf0lFgv6rmhMiswFcpy53B.jpg,0,0,0,0,0,0,,False,,Horror,,
224652,,Lunatic,Lunatic,en,,,1999-01-01,/rplUBIyulhymqUwkZ4duIaIH2C8.jpg,0,0,0,0,0,0,,False,,Horror,,
224680,,Evil Night,Evil Night,en,,,1992-01-01,/2tLaY8aotgz81OyxfS2viM6xdnV.jpg,0,0,0,0,0,0,,False,,Horror,,
224686,,Paura il diavolo,Paura il diavolo,en,,,1992-01-01,/q6cH0mCnXkfdymAe2ua3UKg38kc.jpg,0,0,0,0,0,0,,False,,Horror,,
224772,,Deathly Love,Deathly Love,en,,,2013-01-01,/7xvEjLgHCJicB4nv8T7FXtEbXzI.jpg,0,0,0,0,0,0,,False,,Horror,,
225035,,They Didn't Make it,They Didn't Make it,en,,,2009-01-01,/dlWEn5AQcFM5lvCHs4FO13JVLZI.jpg,0,0,0,0,0,0,,False,,Horror,,
225285,,Blackwood,Blackwood,en,,,2014-01-01,/uqQT68BJ2Skiuk5S2elmvAijmfJ.jpg,0,0,0,0,0,0,,False,,Horror,,
225867,,Hold Me Now,Hold Me Now,en,,,2008-01-01,/8TNaKNPsmkFztddrxqdPGgMIWlY.jpg,0,0,0,0,0,0,,False,,Horror,,
226257,,The Wrong Door,The Wrong Door,en,,,1990-01-01,/9aOyXeB1RGxaIseGWx0XWOpxRSh.jpg,0,0,0,0,0,0,,False,,Horror,,
226614,,Incubator,Incubator,en,,,2011-01-01,/w3OM2nKGIEDd9pF9f3OtmSkmgoy.jpg,0,0,0,0,0,0,,False,,Horror,,
226992,,Annotated,Annotated,en,,,2011-01-01,/qF8GswXvfay1YEuqtezM6ODm244.jpg,0,0,0,0,0,0,,False,,Horror,,
227002,,Michael Lives: The Making of Halloween,Michael Lives: The Making of Halloween,en,,,2008-01-01,/tuYOnm7BOtpe35k26RHHERvJUcb.jpg,0,0,0,0,0,0,,False,,Horror,,
227227,,The Dummy,The Dummy,en,,,1995-01-01,/f2zzIjmZxzvOu7erDuBzeoPXg7Q.jpg,0,0,0,0,0,0,,False,,Horror,,
227285,,Cadaverella,Cadaverella,en,,,2007-01-01,/i1QghoO5v8p4IrTm3Kqrl2uxNyo.jpg,0,0,0,0,0,0,,False,,Horror,,
227369,,Horror Filmed,Horror Filmed,en,,,2013-01-01,/FDzTaQ5EFyYU9PdX1SDPjA70Uk.jpg,0,0,0,0,0,0,,False,,Horror,,
227531,,The Return of the Texas Chainsaw Massacre: The Documentary,The Return of the Texas Chainsaw Massacre: The Documentary,en,,,1996-01-01,/fSjukO5TgdWft5GwJoKTv5Smguj.jpg,0,0,0,0,0,0,,False,,Horror,,
227553,,Demonsoul,Demonsoul,en,,,1995-01-01,/w8iVQNfqLv3FnXCWMotIU5xFCKS.jpg,0,0,0,0,0,0,,False,,Horror,,
227574,,Capture the Flag,Capture the Flag,en,,,2007-01-01,/MfT6g6BE3kpp4KealGdogo5R3p.jpg,0,0,0,0,0,0,,False,,Horror,,
227575,,The Crucifier,The Crucifier,en,,,2005-01-01,/xJMS7UPtAYrj5NfqKXK3zV5tbWU.jpg,0,0,0,0,0,0,,False,,Horror,,
227601,,Death from Beyond,Death from Beyond,en,,,2006-01-01,/wMzjeXeWwGhRWK7N0Hwtxk6fTw6.jpg,0,0,0,0,0,0,,False,,Horror,,
227608,,Inexchange,Inexchange,en,,,2006-01-01,/yDP7OfaFMMqnKZXhEMBuSm132wy.jpg,0,0,0,0,0,0,,False,,Horror,,
227619,,The Night Owl,The Night Owl,en,,,2005-01-01,/r6X2e3xUNfmBitc1bKEa5QbfyXe.jpg,0,0,0,0,0,0,,False,,Horror,,
227623,,None Left Standing,None Left Standing,en,,,2002-01-01,/dw3bCEscDLN23oapQQy6WAogiJA.jpg,0,0,0,0,0,0,,False,,Horror,,
227625,,The Parasite,The Parasite,en,,,1997-01-01,/yMMm5KcfV3WaPmWLgABZDXdMcL2.jpg,0,0,0,0,0,0,,False,,Horror,,
227739,,Drako,Drako,en,,,2013-01-01,/e25FzIQpEcYGIhwjjsHTE7KAJY4.jpg,0,0,0,0,0,0,,False,,Horror,,
227795,,Purvos,Purvos,en,,,2006-01-01,/ljMw6eJrmgtBYiolUMgtSSNYtsN.jpg,0,0,0,0,0,0,,False,,Horror,,
227798,,Revenge of La Llorona,Revenge of La Llorona,en,,,2006-01-01,/qbopfknSWReV6K47llOk2B9AzQW.jpg,0,0,0,0,0,0,,False,,Horror,,
227841,,Siege of Evil,Siege of Evil,en,,,2005-01-01,/31dBeEiLZI7ewjaiyYEKwE1glfy.jpg,0,0,0,0,0,0,,False,,Horror,,
227852,,The Somnambulists,The Somnambulists,en,,,2006-01-01,/pqizq7aqolUpOMBogMTOKWCdq5t.jpg,0,0,0,0,0,0,,False,,Horror,,
227856,,Strange Things Happen at Sundown,Strange Things Happen at Sundown,en,,,2003-01-01,/kWxbVcHmbRypAlb615tgzGAi0vp.jpg,0,0,0,0,0,0,,False,,Horror,,
227866,,The Vulture's Eye,The Vulture's Eye,en,,,2004-01-01,/lxg97oESEMwgznyuLp8YJZj05YE.jpg,0,0,0,0,0,0,,False,,Horror,,
227867,,The Woodland Haunting 2,The Woodland Haunting 2,en,,,2006-01-01,/88et2LLGMerPzwcmDcZ3NUI341M.jpg,0,0,0,0,0,0,,False,,Horror,,
227883,,Cutting Room!,Cutting Room!,en,,,2005-01-01,/h1ITwX8zQVF38Y4NACbICPfHrUl.jpg,0,0,0,0,0,0,,False,,Horror,,
228369,,The Demonology of Desire,The Demonology of Desire,en,,,2007-01-01,/daPo7OiNTDuF60ejgBal7OfDO10.jpg,0,0,0,0,0,0,,False,,Horror,,
228472,,Half Past Midnight,Half Past Midnight,en,,,1988-01-01,/1nLimsSYwXR74bMQ3WN7PwO2Ini.jpg,0,0,0,0,0,0,,False,,Horror,,
228562,,Apostle of Dracula,Apostle of Dracula,en,,,2012-01-01,/uWQGdAh2e6Gzh288efx6F5ftsN.jpg,0,0,0,0,0,0,,False,,Horror,,
229333,,Dark Rose: Feedin' & Breedin',Dark Rose: Feedin' & Breedin',en,,,1998-01-01,/fsRQkOz2q9ZqByIncSTAA8ztbWa.jpg,0,0,0,0,0,0,,False,,Horror,,
229341,,The Hell Patrol,The Hell Patrol,en,,,2009-01-01,/mR8exBUo0Dt5dmWYsnVJNrtdJvN.jpg,0,0,0,0,0,0,,False,,Horror,,
229761,,Dawn,Dawn,en,,,2003-01-01,/4b0ioYrQCTsZLNCgN0L6OzCIGVs.jpg,0,0,0,0,0,0,,False,,Horror,,
229934,,"To Hell, with Love","To Hell, with Love",en,,,2013-01-01,/ojkx7Fcr5FEVujt0pjPB4CuW3eC.jpg,0,0,0,0,0,0,,False,,Horror,,
230168,,Solo,Solo,en,,,2013-01-01,/rnNNgQgfJmmWlethoJKC2HsdXDt.jpg,0,0,0,0,0,0,,False,,Horror,,
230564,,To My Mother and Father,To My Mother and Father,en,,,2010-01-01,/uGBVbf4dKZjRkqJJXh7FuhgRgO4.jpg,0,0,0,0,0,0,,False,,Horror,,
230643,,Death Row,Death Row,en,,,2007-01-01,/gv4yhVLhdKgmZHSN60tAX4p9jW6.jpg,0,0,0,0,0,0,,False,,Horror,,
230977,,LovecraCked! The Movie,LovecraCked! The Movie,en,,,2006-01-01,/mhwdIrKHXOLd73u0EM1yAb5VhxP.jpg,0,0,0,0,0,0,,False,,Horror,,
231003,,Hombre Y Tierra,Hombre Y Tierra,en,,,2011-01-01,/4XkuT5L61uFDp7f2VAzKhVhzi5F.jpg,0,0,0,0,0,0,,False,,Horror,,
232232,,The Key,The Key,en,,,2008-01-01,/xqeMztjj5NS6fnAeKQopnMhFVt6.jpg,0,0,0,0,0,0,,False,,Horror,,
232406,,Lethal Nightmare,Lethal Nightmare,en,,,1991-01-01,/8MxVx6yMdZUAp396EJWtyaK0Qr.jpg,0,0,0,0,0,0,,False,,Horror,,
232804,,Escape To Black Tree Forest,Escape To Black Tree Forest,en,,,2012-01-01,/u4SBLb3aLlh5ZssPiE4GXFHUiTy.jpg,0,0,0,0,0,0,,False,,Horror,,
232810,,Black Tree Forest III,Black Tree Forest III,en,,,2013-01-01,/liNM6hFsernuFWnEoIqLK6xvo8v.jpg,0,0,0,0,0,0,,False,,Horror,,
232995,,Foresight Killer Instinct,Foresight Killer Instinct,en,,,2013-01-01,/vyYCTuB84pSxYyTjoruTZ3JkgV0.jpg,0,0,0,0,0,0,,False,,Horror,,
233191,,Zombies,Zombies,en,,,2003-01-01,/yke3ZXD085xVlyyjkoYdlMqrD1f.jpg,0,0,0,0,0,0,,False,,Horror,,
233194,,8 Butterflies,8 Butterflies,en,,,2010-01-01,/dAsXqjYApxnWJkeAcCbet4kQSJS.jpg,0,0,0,0,0,0,,False,,Horror,,
233226,,The Dark Place,The Dark Place,en,,,2014-01-01,/iRddcL3GVCq2amyygyGCELdKGJw.jpg,0,0,0,0,0,0,,False,,Horror,,
234709,,The Sex Doll She-Bitch,The Sex Doll She-Bitch,en,,,2009-01-01,/75lm50N1jwi0tTPBvwijPPFAlNE.jpg,0,0,0,0,0,0,,False,,Horror,,
235493,,The Nine Ages of Nakedness,The Nine Ages of Nakedness,en,,,1969-01-01,/g5x4eLJJgYbHFI5sv8w0hUn7M6Y.jpg,0,0,0,0,0,0,,False,,Horror,,
236423,,A Reckoning,A Reckoning,en,,,2011-01-01,/vHMIuN14Fj1cxP3IEWphHqet5Eu.jpg,0,0,0,0,0,0,,False,,Horror,,
237293,,Haunting Melissa,Haunting Melissa,en,,,2013-01-01,/mYL5pploOiYYrwPZekbAnWEXKUn.jpg,0,0,0,0,0,0,,False,,Horror,,
238854,,I Am No One,I Am No One,en,,,2013-01-01,/3yhh6JH7Mdih24d3CpdbkjKnOpT.jpg,0,0,0,0,0,0,,False,,Horror,,
239255,,The Bitch Is Back,The Bitch Is Back,en,,,1995-01-01,/n9LFSZTbxWxgWOu8hYV3uwf3uQt.jpg,0,0,0,0,0,0,,False,,Horror,,
239352,,Ghostkeepers,Ghostkeepers,en,,,2013-01-01,/1rcl1AsRk54KcuSCjlvWTQqdF50.jpg,0,0,0,0,0,0,,False,,Horror,,
239602,,The Pledge,The Pledge,en,,,1982-01-01,/6s3zMQq8dNN2pgQe0IQ5M1MJUc4.jpg,0,0,0,0,0,0,,False,,Horror,,
239815,,Ascension of the Demonoids,Ascension of the Demonoids,en,,,1985-01-01,/7vR0nf6oACGvmgoJTa21ZsnAIfj.jpg,0,0,0,0,0,0,,False,,Horror,,
240675,,Nekro,Nekro,en,,,1999-01-01,/dg1VzO5gs71ePvKXYKGPc5nh3fV.jpg,0,0,0,0,0,0,,False,,Horror,,
242487,,Bread Dream,Bread Dream,en,,,2012-01-01,/1W55Fg08EqMTFzm1m36Sy7csOiN.jpg,0,0,0,0,0,0,,False,,Horror,,
243520,,Unidentified,Unidentified,en,,,2013-01-01,/5hucma4zh66NzVYIkflPe4K83ql.jpg,0,0,0,0,0,0,,False,,Horror,,
243714,,Night of the Hunter,Night of the Hunter,en,,,1991-01-01,/snmBQbFeKgAyLkYHshKFnKWEsQD.jpg,0,0,0,0,0,0,,False,,Horror,,
244301,,Two Girls for a Madman,Two Girls for a Madman,en,,,1968-01-01,/j4ivajaIfTG1WmcLXnwu490axWO.jpg,0,0,0,0,0,0,,False,,Horror,,
244412,,Sredni Vashtar,Sredni Vashtar,en,,,1981-01-01,/cOQqVNBu4BeOr6tKG4cLlkyeYU2.jpg,0,0,0,0,0,0,,False,,Horror,,
244446,,The Satan Killer,The Satan Killer,en,,,1993-01-01,/15jL8pedvMKNrCcGetpaKvDVY1j.jpg,0,0,0,0,0,0,,False,,Horror,,
244741,,Room 36,Room 36,en,,,2005-01-01,/5dGS6gRN13qaZWUDw0b28WCQgpH.jpg,0,0,0,0,0,0,,False,,Horror,,
245107,,Christmas with the Dead,Christmas with the Dead,en,,,2012-01-01,/AkMzHTRcr00SrH4ouXIdYbKtbiN.jpg,0,0,0,0,0,0,,False,,Horror,,
245224,,The Tractate Middoth,The Tractate Middoth,en,,,2013-01-01,/s54ixY9jjZmR42Qk8kD2ucaGMIs.jpg,0,0,0,0,0,0,,False,,Horror,,
245367,,Summer of Fear,Summer of Fear,en,,,1996-01-01,/lKAqldjy73MkXYrybqa1IOvU84p.jpg,0,0,0,0,0,0,,False,,Horror,,
246233,,Banned! In America V: The Final Chapter,Banned! In America V: The Final Chapter,en,,,2000-01-01,/sHeF07xp9UlFjzBzC8PXu3q6mVv.jpg,0,0,0,0,0,0,,False,,Horror,,
246463,,Still Life,Still Life,en,,,1990-01-01,/z0rEB95nsynSWpxMyzLMNcFLTBR.jpg,0,0,0,0,0,0,,False,,Horror,,
246548,,The Rafters,The Rafters,en,,,2012-01-01,/4oy9LBvnzm7XgkxmILvMRDAEzc6.jpg,0,0,0,0,0,0,,False,,Horror,,
246821,,Tears of God,Tears of God,en,,,2015-01-01,/ztASnfJBfRyeaYlW2obYWgV4XYP.jpg,0,0,0,0,0,0,,False,,Horror,,
247636,,Goodleburg,Goodleburg,en,,,2011-01-01,/jnNNku9VuEixcWqWK9LKHfEd4pS.jpg,0,0,0,0,0,0,,False,,Horror,,
247747,,Barbara,Barbara,en,,,1970-01-01,/3DgZ5heE1XYuyWozuqvtlOALRog.jpg,0,0,0,0,0,0,,False,,Horror,,
248576,,Sanatorium,Sanatorium,en,,,2013-01-01,/u5wE05STbRVDqoBUmqFOPK1QcJx.jpg,0,0,0,0,0,0,,False,,Horror,,
248641,,The Beast,The Beast,en,,,2014-01-01,/82dX3gY1kyyEQNZuVTmpmKVGyUd.jpg,0,0,0,0,0,0,,False,,Horror,,
248714,,Alien Presence,Alien Presence,en,,,2009-01-01,/1dnHnBqUQiZeCpd8uuPS6lknDtM.jpg,0,0,0,0,0,0,,False,,Horror,,
249295,,Room to Let,Room to Let,en,,,1950-01-01,/6maldABLQOnuOg3FpCiYuQddYvV.jpg,0,0,0,0,0,0,,False,,Horror,,
249672,,Diabolique,Diabolique,en,,,2013-01-01,/4WKRPpFl3jZEJEL3wmrKGj0xLlS.jpg,0,0,0,0,0,0,,False,,Horror,,
249975,,Production Hell,Production Hell,en,,,2011-01-01,/rGa6AjFirYbn10y0TaUTjPZnxha.jpg,0,0,0,0,0,0,,False,,Horror,,
250084,,Lake Noir,Lake Noir,en,,,2011-01-01,/rMrBwInB6wuKPzJsbfmSK0BpQDr.jpg,0,0,0,0,0,0,,False,,Horror,,
250325,,To Save One's Self,To Save One's Self,en,,,2012-01-01,/cHLGgp26vpGFzsFPMIuowjRSGW7.jpg,0,0,0,0,0,0,,False,,Horror,,
250425,,Holla if You Hear Me,Holla if You Hear Me,en,,,2006-01-01,/oNcrXctqioedFHaSTnVLE7KscCx.jpg,0,0,0,0,0,0,,False,,Horror,,
250577,,Doc of the Dead,Doc of the Dead,en,,,2014-01-01,/dbHdDX9lI4ujWeQwQCxBcIi6qv5.jpg,0,0,0,0,0,0,,False,,Horror,,
250788,,Savage Encounter,Savage Encounter,en,,,1980-01-01,/fyHhjGJkTYCIIoRFM1v0YvuW50Q.jpg,0,0,0,0,0,0,,False,,Horror,,
251211,,She's Dressed to Kill,She's Dressed to Kill,en,,,1979-01-01,/o87a6EEv01AM4gXoDdrFexIObXM.jpg,0,0,0,0,0,0,,False,,Horror,,
251213,,Tales of a Salesman,Tales of a Salesman,en,,,1965-01-01,/2UXktr1KCllEkQCXUyhksGk4Dwd.jpg,0,0,0,0,0,0,,False,,Horror,,
251309,,The Return,The Return,en,,,1973-01-01,/iYfOEMOBpvTdAoDsVpUjzoCyiE5.jpg,0,0,0,0,0,0,,False,,Horror,,
251371,,5 Dark Souls,5 Dark Souls,en,,,1996-01-01,/l1MwM48gJK3ItnzI1IB4BSOWYyt.jpg,0,0,0,0,0,0,,False,,Horror,,
251721,,Final Destinations,Final Destinations,en,,,1990-01-01,/Aee2JgG0xCAwxB4f1Bql2VNIkHY.jpg,0,0,0,0,0,0,,False,,Horror,,
251860,,Video Nasties: Draconian Days,Video Nasties: Draconian Days,en,,,2014-01-01,/rhfS8PeM2TPEOEVoqK7szS1P8nl.jpg,0,0,0,0,0,0,,False,,Horror,,
252273,,Final Notice,Final Notice,en,,,1989-01-01,/b3u3pj5aIwjehzwIer8VQ5QM2Ma.jpg,0,0,0,0,0,0,,False,,Horror,,
252297,,Murderous Vision,Murderous Vision,en,,,1991-01-01,/2K0EqL3UqIC5DJNaTbHE2xBiGRH.jpg,0,0,0,0,0,0,,False,,Horror,,
252374,,The Boogeyman,The Boogeyman,en,,,2012-01-01,/kILzM7JWcmiEafoYeVZ19gNZhl4.jpg,0,0,0,0,0,0,,False,,Horror,,
252612,,Beneath the Skin,Beneath the Skin,en,,,1981-01-01,/dBL56gxEaz5tsgZya7FIRRRRSs.jpg,0,0,0,0,0,0,,False,,Horror,,
253057,,My Sight for Sore Eyes,My Sight for Sore Eyes,en,,,2014-01-01,/dcWaILo8ycBFN2bJEoqoT43Eu3O.jpg,0,0,0,0,0,0,,False,,Horror,,
253365,,I Never Left the White Room,I Never Left the White Room,en,,,2000-01-01,/o8Rory4onpiepwSaXX3I47Y22SX.jpg,0,0,0,0,0,0,,False,,Horror,,
253829,,The Turnpike Killer,The Turnpike Killer,en,,,2009-01-01,/o1pADqNdgh4pU4OsDHtNhlGbuZu.jpg,0,0,0,0,0,0,,False,,Horror,,
253866,,Hysterical Psycho,Hysterical Psycho,en,,,2009-01-01,/rdzmvv3W84iP6GIT4iLdMHPpcyd.jpg,0,0,0,0,0,0,,False,,Horror,,
254803,,Cupcake,Cupcake,en,,,2013-01-01,/uOH6CWp5cILCe6hXJN2xYCFlef4.jpg,0,0,0,0,0,0,,False,,Horror,,
255291,,Animosity,Animosity,en,,,2013-01-01,/8eJItu11ks3JgK8zHCjxX59jFnF.jpg,0,0,0,0,0,0,,False,,Horror,,
255299,,Demon,Demon,en,,,2013-01-01,/dKUbQseS1tfsouMOIoSxplg8pa0.jpg,0,0,0,0,0,0,,False,,Horror,,
255305,,The Aztec Box,The Aztec Box,en,,,2013-01-01,/7BZmEadW0FM4HkZjhjQZTlBaaf7.jpg,0,0,0,0,0,0,,False,,Horror,,
255537,,Ashes of Doom,Ashes of Doom,en,,,1970-01-01,/eoBAkI7zOPaxWWoKEzYR9gnaxcI.jpg,0,0,0,0,0,0,,False,,Horror,,
255633,,Lot254,Lot254,en,,,2012-01-01,/bjgg1nL96AIuYqn6BtY3915K4s9.jpg,0,0,0,0,0,0,,False,,Horror,,
255680,,The Eyes of the Amaryllis,The Eyes of the Amaryllis,en,,,1982-01-01,/fHDBfMyV10UwNsGs38C5Pkfs7Ez.jpg,0,0,0,0,0,0,,False,,Horror,,
255916,,Below Ground,Below Ground,en,,,2012-01-01,/fRP02yJywnKMOaldXbJoNf4svJr.jpg,0,0,0,0,0,0,,False,,Horror,,
256452,,One Hell of a Christmas,One Hell of a Christmas,en,,,2002-01-01,/1VCT7u2q8oQq6BT2zJQSaUoSTTF.jpg,0,0,0,0,0,0,,False,,Horror,,
256552,,The Horror Convention Massacre,The Horror Convention Massacre,en,,,2007-01-01,/qTnYmlqrd5DCU3onuZlhILjQ9Xk.jpg,0,0,0,0,0,0,,False,,Horror,,
256830,,The Woman Hunter,The Woman Hunter,en,,,1972-01-01,/xdXAIEyrIAnjNAnixJ7GT8X8Fw3.jpg,0,0,0,0,0,0,,False,,Horror,,
256951,,Angustia,Angustia,en,,,2013-01-01,/pQm4eW5FJtOshFchAGJ2Dh21oZP.jpg,0,0,0,0,0,0,,False,,Horror,,
257207,,Boys from County Hell,Boys from County Hell,en,,,2013-01-01,/dF6ymY0cJEWD5oxvE8r0YE0BtVO.jpg,0,0,0,0,0,0,,False,,Horror,,
257373,,Zombie! vs. Mardi Gras,Zombie! vs. Mardi Gras,en,,,1999-01-01,/hAMKxyV1uJsrebduHaFfRbHMuAu.jpg,0,0,0,0,0,0,,False,,Horror,,
257629,,Puss Bucket,Puss Bucket,en,,,1991-01-01,/kWC96Mq3IldCGg98srwYTsOnqhi.jpg,0,0,0,0,0,0,,False,,Horror,,
257796,,Metalosis Maligna,Metalosis Maligna,en,,,2006-01-01,/raS2xIJ804PDy5wUjKpAKe0yyVV.jpg,0,0,0,0,0,0,,False,,Horror,,
258339,,Vidiots,Vidiots,en,,,2006-01-01,/jjrCZc0aekjIdN8Nmd9oIBF4eoe.jpg,0,0,0,0,0,0,,False,,Horror,,
258726,,School of Fear,School of Fear,en,,,1989-01-01,/cdyvTnRAOxVbQfRtV7pT6rhzHkK.jpg,0,0,0,0,0,0,,False,,Horror,,
259074,,Joy Ride 3,Joy Ride 3,en,,,2014-01-01,/x09iUViG5OqNve87hQshHIwM8bY.jpg,0,0,0,0,0,0,,False,,Horror,,
259392,,Within the Darkness,Within the Darkness,en,,,2013-01-01,/dN6a68TdgyTBYZEbhl4AiacWuRm.jpg,0,0,0,0,0,0,,False,,Horror,,
259668,,Spirit in the Woods,Spirit in the Woods,en,,,2014-01-01,/xLTHvFcWND9evWig5FosZpT8P7F.jpg,0,0,0,0,0,0,,False,,Horror,,
259828,,Bloodless,Bloodless,en,,,2014-01-01,/474HmunD3keIwtapMuRdTKB2pPF.jpg,0,0,0,0,0,0,,False,,Horror,,
259839,,Dolla Morte,Dolla Morte,en,,,2006-01-01,/gTQRYY3Zm9AyVLhSl1WDGGImbOi.jpg,0,0,0,0,0,0,,False,,Horror,,
259847,,Gothkill,Gothkill,en,,,2009-01-01,/2TFk1pgnVNtDcIfMLDcGYSRnUFv.jpg,0,0,0,0,0,0,,False,,Horror,,
260104,,Certified,Certified,en,,,2011-01-01,/o3WthwZ8GMudyBPBHtn4BCDyCr3.jpg,0,0,0,0,0,0,,False,,Horror,,
260435,,Awakened,Awakened,en,,,2013-01-01,/3XLGsN7mLpwIUYfGjCR7tXfjONL.jpg,0,0,0,0,0,0,,False,,Horror,,
260795,,Play Time,Play Time,en,,,2013-01-01,/12MNauoANanBo8F12Be93tYGOtL.jpg,0,0,0,0,0,0,,False,,Horror,,
260958,,The Empty Acre,The Empty Acre,en,,,2007-01-01,/9mlaOBGmdT5UxDvpHJ6dAIihwGH.jpg,0,0,0,0,0,0,,False,,Horror,,
260975,,Boob,Boob,en,,,2009-01-01,/mL7XDNdGxp60MqpDy080U5NVskp.jpg,0,0,0,0,0,0,,False,,Horror,,
261179,,13th Sign,13th Sign,en,,,2011-01-01,/oGOWlFUYf9rr9HET6f85Brmuz0q.jpg,0,0,0,0,0,0,,False,,Horror,,
261595,,Back from Hell,Back from Hell,en,,,1992-01-01,/saISdcGnuT2r6dwRvac2P7GvSTF.jpg,0,0,0,0,0,0,,False,,Horror,,
261596,,Science Friction,Science Friction,en,,,2012-01-01,/f3TuLfhaqRMliSl61TTeNg4sLOE.jpg,0,0,0,0,0,0,,False,,Horror,,
261727,,Age of Demons,Age of Demons,en,,,1992-01-01,/qFltRGIBws4wvhWnS6YeL8dzeUt.jpg,0,0,0,0,0,0,,False,,Horror,,
261943,,Z: A Zombie Musical,Z: A Zombie Musical,en,,,2007-01-01,/jEGkHMeLqpLi5Mt1Eu2dl4N6zYT.jpg,0,0,0,0,0,0,,False,,Horror,,
262284,,Rudyard Kipling's Mark of the Beast,Rudyard Kipling's Mark of the Beast,en,,,2012-01-01,/fKLdQh4iym89Ish2riTXOLEEGKx.jpg,0,0,0,0,0,0,,False,,Horror,,
262305,,Curse of the Moon Child,Curse of the Moon Child,en,,,1972-01-01,/b1ueTojjAJPyT0sZAD52Gal2DzF.jpg,0,0,0,0,0,0,,False,,Horror,,
262320,,The Midnight Disease,The Midnight Disease,en,,,2011-01-01,/cbbqafMw9GGKDIoCDuBnBCqklrx.jpg,0,0,0,0,0,0,,False,,Horror,,
262522,,Poison,Poison,en,,,2000-01-01,/cmCTuSFHzA5LBbJmDGTo4gl4pAS.jpg,0,0,0,0,0,0,,False,,Horror,,
262609,,Astro-Zombies M3: Cloned,Astro-Zombies M3: Cloned,en,,,2010-01-01,/pDAQmwceIKIiKkyiWHJAQlacfQK.jpg,0,0,0,0,0,0,,False,,Horror,,
262837,,Victims,Victims,en,,,1982-01-01,/kioOQEXd9CljaP7HNC4hAWZqty8.jpg,0,0,0,0,0,0,,False,,Horror,,
263002,,Mortified,Mortified,en,,,2011-01-01,/bJmboyuVILNQezCFsMrjZeLxOlh.jpg,0,0,0,0,0,0,,False,,Horror,,
263009,,Deadly Presence,Deadly Presence,en,,,2012-01-01,/4gVXF2TsTpCakahYKxOBs9I19Cq.jpg,0,0,0,0,0,0,,False,,Horror,,
263265,,Zero,Zero,en,,,2014-01-01,/zkz5T1Fu3w2sM9kSsU0GeVygljE.jpg,0,0,0,0,0,0,,False,,Horror,,
264172,,The Wild and the Naked,The Wild and the Naked,en,,,1962-01-01,/piBp4ocSiiUnmWYfQq7wnjYTiaE.jpg,0,0,0,0,0,0,,False,,Horror,,
264248,,Knight Chills,Knight Chills,en,,,2001-01-01,/yVwZgJpFJ72FFycIYdb5jejlnVv.jpg,0,0,0,0,0,0,,False,,Horror,,
264251,,Headcrusher,Headcrusher,en,,,1999-01-01,/dQSlju8rd73lJC5TZpOugFvPphh.jpg,0,0,0,0,0,0,,False,,Horror,,
264253,,The Pact,The Pact,en,,,2013-01-01,/p9WZ5WNpKGUfLnsUsk7geCGdGX7.jpg,0,0,0,0,0,0,,False,,Horror,,
264470,,The Dummy,The Dummy,en,,,2000-01-01,/gHvmZXhDbQBaKE1phDOYlMAl8IA.jpg,0,0,0,0,0,0,,False,,Horror,,
264833,,Oculus: Chapter 3 - The Man with the Plan,Oculus: Chapter 3 - The Man with the Plan,en,,,2006-01-01,/yEa6cvenI4iSImtrgBgOLuoPFP9.jpg,0,0,0,0,0,0,,False,,Horror,,
264881,,Rock N Roll Mobster Girls,Rock N Roll Mobster Girls,en,,,1988-01-01,/52SZIIc1eN8NwFP13puMyumxfq2.jpg,0,0,0,0,0,0,,False,,Horror,,
265252,,Time to Kill,Time to Kill,en,,,2014-01-01,/jjwzjS0fZgRRL2hygbnkncvXPqw.jpg,0,0,0,0,0,0,,False,,Horror,,
265321,,A Shred Of Mist,A Shred Of Mist,en,,,2014-01-01,/1cy71eeNjdhbTZSVkOa24fsAHyQ.jpg,0,0,0,0,0,0,,False,,Horror,,
265470,,Pieces of Darkness,Pieces of Darkness,en,,,1989-01-01,/xQgCrYXkiqeFGwE72DGNQLfafPO.jpg,0,0,0,0,0,0,,False,,Horror,,
267491,,Goodnight Cinderella,Goodnight Cinderella,en,,,2014-01-01,/poNdIkETyGr7S2U3uF8uxWOIJAH.jpg,0,0,0,0,0,0,,False,,Horror,,
267526,,Blue Season,Blue Season,en,,,2013-01-01,/9IMK1kpCCSEoyq6qEnHVufTxWn4.jpg,0,0,0,0,0,0,,False,,Horror,,
268053,,"Salt, Saliva, Sperm and Sweat","Salt, Saliva, Sperm and Sweat",en,,,1988-01-01,/brhDHXawKOBUhchQHDBiO3x5mI6.jpg,0,0,0,0,0,0,,False,,Horror,,
268102,,Zombie Planet 3: Kane Chronicles,Zombie Planet 3: Kane Chronicles,en,,,2013-01-01,/f7vVxpE8y9YyVCKDhdUb8QeeTA9.jpg,0,0,0,0,0,0,,False,,Horror,,
268175,,Zitlover,Zitlover,en,,,2000-01-01,/oBRnkhHLs8xMytd5MXDhY6A8hv6.jpg,0,0,0,0,0,0,,False,,Horror,,
268186,,Red's Breakfast 2: Dawn Of The Red,Red's Breakfast 2: Dawn Of The Red,en,,,1997-01-01,/lyGlnBeS4XT49GRaJtoJ2nu5rI0.jpg,0,0,0,0,0,0,,False,,Horror,,
268777,,Shira: The Vampire Samurai,Shira: The Vampire Samurai,en,,,2005-01-01,/86TwBXmVBmIUsPeYLSi3ESXiFDR.jpg,0,0,0,0,0,0,,False,,Horror,,
268892,,Collar,Collar,en,,,2014-01-01,/4yPdUPqNCj7rJ4Zkik3x8d8i3fi.jpg,0,0,0,0,0,0,,False,,Horror,,
268945,,Armynel,Armynel,en,,,2012-01-01,/xFk3Xq3kiZUIcz8Mbr0if1v7i84.jpg,0,0,0,0,0,0,,False,,Horror,,
269248,,Judy,Judy,en,,,1970-01-01,/g7VlZxMvn1BEybsQIlTMQyBu4Q0.jpg,0,0,0,0,0,0,,False,,Horror,,
269255,,Wrath of the Dead: Prologue,Wrath of the Dead: Prologue,en,,,2014-01-01,/uPFl8m6cCnBimPJAu6d9YmBjLGx.jpg,0,0,0,0,0,0,,False,,Horror,,
269279,,Asylum of Terror,Asylum of Terror,en,,,1998-01-01,/rRaAiZNtPMvfdc18aWu5olzpb8V.jpg,0,0,0,0,0,0,,False,,Horror,,
269676,,No Place Like Home,No Place Like Home,en,,,2008-01-01,/6gWk3XoBAlbpZtqDMob34toEY4J.jpg,0,0,0,0,0,0,,False,,Horror,,
269861,,Thousand Year Sleep,Thousand Year Sleep,en,,,2007-01-01,/f0jjnwzmyL7qCAf6nOLPE8bBgjd.jpg,0,0,0,0,0,0,,False,,Horror,,
269947,,The Gateway Meat,The Gateway Meat,en,,,2008-01-01,/bcXa8HVzy1KEXHyqN3fzlyxXxVz.jpg,0,0,0,0,0,0,,False,,Horror,,
271041,,Devil Rider,Devil Rider,en,,,1991-01-01,/gTzSvHhNAsW3lm5RzFCojiSoIJ.jpg,0,0,0,0,0,0,,False,,Horror,,
271336,,The Dead Reborn,The Dead Reborn,en,,,2013-01-01,/3bnVRaVJSKN2XJx2UTI7bqlSaxt.jpg,0,0,0,0,0,0,,False,,Horror,,
271392,,The Misled Romance of Cannibal Girl and Incest Boy,The Misled Romance of Cannibal Girl and Incest Boy,en,,,2007-01-01,/6WbJ1DSZqyD7eo9qvY5M5OasABo.jpg,0,0,0,0,0,0,,False,,Horror,,
271481,,Rosebery 7470,Rosebery 7470,en,,,2006-01-01,/gEf4WSDbT6fXoZePuU8eVfjKNOL.jpg,0,0,0,0,0,0,,False,,Horror,,
271798,,Rotkäppchen: The Blood of Red Riding Hood,Rotkäppchen: The Blood of Red Riding Hood,en,,,2009-01-01,/nRE8Op0F1x8hw4ZtsY99MOcci7m.jpg,0,0,0,0,0,0,,False,,Horror,,
272098,,Night of the Naked Dead,Night of the Naked Dead,en,,,2012-01-01,/pov08MtPHr6SQ8SZJwVKezoUpK8.jpg,0,0,0,0,0,0,,False,,Horror,,
272313,,Murder in the Heartland: The Search For Video X,Murder in the Heartland: The Search For Video X,en,,,2003-01-01,/u7THeGZvb63P4VftlUh2vlA8OEP.jpg,0,0,0,0,0,0,,False,,Horror,,
272328,,Weenie Roast Massacre,Weenie Roast Massacre,en,,,2007-01-01,/ZMW94U8McWAs5Qezc3FBcbfJ8O.jpg,0,0,0,0,0,0,,False,,Horror,,
272350,,The Gothfather,The Gothfather,en,,,2010-01-01,/PCpJCd9lF4H50bOj5NtynCAY02.jpg,0,0,0,0,0,0,,False,,Horror,,
272699,,Speed Demons,Speed Demons,en,,,2012-01-01,/88vjR6WrHWdS3UGeTf2ChfwaLs4.jpg,0,0,0,0,0,0,,False,,Horror,,
272713,,The Trap Door,The Trap Door,en,,,2011-01-01,/mp7RozWTQRbhOx9N8g2rsIVvSQe.jpg,0,0,0,0,0,0,,False,,Horror,,
272810,,The Pizza Man,The Pizza Man,en,,,2001-01-01,/wQNo4Fdsxq0gylgjKNWoiyH0lpA.jpg,0,0,0,0,0,0,,False,,Horror,,
272813,,Urban Flesh,Urban Flesh,en,,,1999-01-01,/uUNdptSvCZJ8z07tSBdTNX1F3Vv.jpg,0,0,0,0,0,0,,False,,Horror,,
272911,,Death's Door,Death's Door,en,,,2008-01-01,/wW4q7eyGpqjQhdEG7d96GzqG0De.jpg,0,0,0,0,0,0,,False,,Horror,,
272928,,AB Negative,AB Negative,en,,,2006-01-01,/pfjqZei6vZXboyCMa1nYyDgvUgI.jpg,0,0,0,0,0,0,,False,,Horror,,
272997,,Don't Fall Asleep,Don't Fall Asleep,en,,,2010-01-01,/eKwj6Jvh88SIjlDicxdFyj34CIB.jpg,0,0,0,0,0,0,,False,,Horror,,
273135,,Wishbaby,Wishbaby,en,,,2007-01-01,/lbjAlZNpbzBRrQeWmpq3rfFCbrW.jpg,0,0,0,0,0,0,,False,,Horror,,
273271,,Time Lapse,Time Lapse,en,,,2014-01-01,/lfggWOEZ9pL34XKYisBTJ0vFnFS.jpg,0,0,0,0,0,0,,False,,Horror,,
273375,,Cinco de Mayo,Cinco de Mayo,en,,,2013-01-01,/zWUnNcbauIzUhI5C4HGrdKd6aYU.jpg,0,0,0,0,0,0,,False,,Horror,,
273525,,Deadly Karma,Deadly Karma,en,,,2011-01-01,/62vf1GHZrjlhJH8I2ZC9lXdwQt8.jpg,0,0,0,0,0,0,,False,,Horror,,
273675,,A Ripper in Canada: Paranormal Hauntings in the Great White North,A Ripper in Canada: Paranormal Hauntings in the Great White North,en,,,2014-01-01,/Ad0fV1Ya3i5UD3UNULZQTxR58BB.jpg,0,0,0,0,0,0,,False,,Horror,,
273786,,Exit 38,Exit 38,en,,,2006-01-01,/mqPyNgayazgi7EgVz2tJRfopJAg.jpg,0,0,0,0,0,0,,False,,Horror,,
273792,,The Incubus,The Incubus,en,,,2010-01-01,/dXAcKqdPQma3GS9gWXN7IXOMo3O.jpg,0,0,0,0,0,0,,False,,Horror,,
273804,,The Night Shift,The Night Shift,en,,,2011-01-01,/sXBcQM6RaTfzlR4Tr9QGyS2lrCp.jpg,0,0,0,0,0,0,,False,,Horror,,
273855,,Embedded,Embedded,en,,,2013-01-01,/jFj7tYUTk8yPcfkrmW3rszawyiz.jpg,0,0,0,0,0,0,,False,,Horror,,
273879,,Black Angel,Black Angel,en,,,1980-01-01,/2znTF1MPhhV5Ny1ggXDBxN3rjmk.jpg,0,0,0,0,0,0,,False,,Horror,,
274025,,The Phone Call,The Phone Call,en,,,1989-01-01,/lQy12NYiDb8sHasBuWexsHYKgmU.jpg,0,0,0,0,0,0,,False,,Horror,,
274036,,Ground Zero,Ground Zero,en,,,2010-01-01,/gQeA0dwQI90gkCwAJVU5cKcsWbf.jpg,0,0,0,0,0,0,,False,,Horror,,
274081,,The Inflicted,The Inflicted,en,,,2012-01-01,/pVDa2LTEY9efuX5Ipsq9caRXqS8.jpg,0,0,0,0,0,0,,False,,Horror,,
274082,,Spike of Love,Spike of Love,en,,,1994-01-01,/2TMGujP5g1RDcJyrh8HU4hPnvfv.jpg,0,0,0,0,0,0,,False,,Horror,,
274359,,Intrusion: Disconnected,Intrusion: Disconnected,en,,,2014-01-01,/8XmLg91MBQWg0wvWnPprpVc6sJ4.jpg,0,0,0,0,0,0,,False,,Horror,,
274513,,House of Carnage,House of Carnage,en,,,2006-01-01,/bqjjHTzv8s4Es5C5NXuFowfix2n.jpg,0,0,0,0,0,0,,False,,Horror,,
274634,,The South Will Rise Again,The South Will Rise Again,en,,,2006-01-01,/qo8wipK1M8oBW1oFhihU144yiz1.jpg,0,0,0,0,0,0,,False,,Horror,,
274930,,Dogging,Dogging,en,,,2009-01-01,/rD5OsWEtUyI7NDtsIzVyJyhtgAf.jpg,0,0,0,0,0,0,,False,,Horror,,
275614,,Aquarium,Aquarium,en,,,2004-01-01,/9ySz9VxulevbGJdweJZjsC6DQj0.jpg,0,0,0,0,0,0,,False,,Horror,,
275804,,Goosebumps: Scary House,Goosebumps: Scary House,en,,,2005-01-01,/jPK2D73k3y8JSuxgWcAL0ZJJ3bV.jpg,0,0,0,0,0,0,,False,,Horror,,
275950,,Face: A Frat Party Massacre,Face: A Frat Party Massacre,en,,,2013-01-01,/tvWLBbjtqB38pKIV55Yc875FQaU.jpg,0,0,0,0,0,0,,False,,Horror,,
276012,,Satanic Yuppies,Satanic Yuppies,en,,,1996-01-01,/1WnpSShKD8PFIbVAthddRw7ZKjA.jpg,0,0,0,0,0,0,,False,,Horror,,
276150,,The Blair Bitch Project,The Blair Bitch Project,en,,,1999-01-01,/jVvKMT8a3FikYc1zwMTE4GOOlfC.jpg,0,0,0,0,0,0,,False,,Horror,,
276287,,Dead Leaves,Dead Leaves,en,,,1998-01-01,/3SCPBq0l1IrhqNTGDs5w10htpi2.jpg,0,0,0,0,0,0,,False,,Horror,,
276366,,Psycho Weene,Psycho Weene,en,,,2006-01-01,/tO4hsGcjsu3VebeqCUgPHjvBpuT.jpg,0,0,0,0,0,0,,False,,Horror,,
276522,,The Last Gateway,The Last Gateway,en,,,2007-01-01,/wTlrrTggHe9wa8eu8TEbDXskUQR.jpg,0,0,0,0,0,0,,False,,Horror,,
276523,,Among Us,Among Us,en,,,2004-01-01,/yiTmsjMKRvvG5uGllW5VzoBplfH.jpg,0,0,0,0,0,0,,False,,Horror,,
276535,,Slaughterhouse Phi: Death Sisters,Slaughterhouse Phi: Death Sisters,en,,,2006-01-01,/hHsZChcYzI0NlMW4MjlsedzoGtH.jpg,0,0,0,0,0,0,,False,,Horror,,
276746,,The Enchanted,The Enchanted,en,,,1984-01-01,/iz8vEaLO0GnxJOIE1VHShuuOYdS.jpg,0,0,0,0,0,0,,False,,Horror,,
276748,,Creature of Comfort,Creature of Comfort,en,,,1968-01-01,/egKSs9tOZZfOGiU694R74K4wvyn.jpg,0,0,0,0,0,0,,False,,Horror,,
276857,,Mad Cow,Mad Cow,en,,,2010-01-01,/73CZrdkDj3WF0w4wOfwtB25gDyT.jpg,0,0,0,0,0,0,,False,,Horror,,
276911,,Addiction Is Murder,Addiction Is Murder,en,,,2006-01-01,/gthoo9152SkTOmm7sc0iITxdh3Y.jpg,0,0,0,0,0,0,,False,,Horror,,
277046,,Maintenance,Maintenance,en,,,2007-01-01,/3jzmnBI7Mf5XbOWrspzKoAXTg8C.jpg,0,0,0,0,0,0,,False,,Horror,,
277054,,Monsters Gone Wild,Monsters Gone Wild,en,,,2005-01-01,/xmojcaUlKaP76Ze0yKUFAwjRNfU.jpg,0,0,0,0,0,0,,False,,Horror,,
277113,,The Deed To Hell,The Deed To Hell,en,,,2008-01-01,/3VmT5q0t0RZcLqYlLFcbH5sYs2L.jpg,0,0,0,0,0,0,,False,,Horror,,
277133,,Vs. the Dead,Vs. the Dead,en,,,2009-01-01,/1T5qDKtu2g4BXq4cXxX9lxWNcXk.jpg,0,0,0,0,0,0,,False,,Horror,,
277179,,Monster in the Garage,Monster in the Garage,en,,,1997-01-01,/hXI8d8fk2SRUbBp1D5xrwO7639w.jpg,0,0,0,0,0,0,,False,,Horror,,
277251,,Red Scream Vampyres,Red Scream Vampyres,en,,,2009-01-01,/ngBeuUb2h8IwrkGbdwUrPxjzkCR.jpg,0,0,0,0,0,0,,False,,Horror,,
277367,,Homesdale,Homesdale,en,,,1971-01-01,/ws3ufA9WIpgYGHtdf76WnqfUCy6.jpg,0,0,0,0,0,0,,False,,Horror,,
277377,,Necromaniac: Schizophreniac 2,Necromaniac: Schizophreniac 2,en,,,1999-01-01,/3ykC6MvAjJQPGgt4jNAKLCtLJKa.jpg,0,0,0,0,0,0,,False,,Horror,,
277461,,The Remnant,The Remnant,en,,,2001-01-01,/dklcWWi9vMp8M10zPMseF5WWzD7.jpg,0,0,0,0,0,0,,False,,Horror,,
277500,,Chilling Visions: 5 States of Fear,Chilling Visions: 5 States of Fear,en,,,2014-01-01,/xqldYMFY12aNTzH5l8crWf6uKJQ.jpg,0,0,0,0,0,0,,False,,Horror,,
277754,,The Attendant,The Attendant,en,,,2004-01-01,/l7sXa5tKEMEPilMHukrIxxVdVMe.jpg,0,0,0,0,0,0,,False,,Horror,,
277965,,The Land of College Prophets,The Land of College Prophets,en,,,2005-01-01,/opCoKhNbEs7PuHPBVBVgWBbZVEO.jpg,0,0,0,0,0,0,,False,,Horror,,
278305,,Sandman,Sandman,en,,,1993-01-01,/d9WlBvmNNx2I3Rv1673xzg504jo.jpg,0,0,0,0,0,0,,False,,Horror,,
278653,,Revenge of the Unhappy Campers,Revenge of the Unhappy Campers,en,,,2002-01-01,/taXiY1u7Bi12ZXIJH3bCwBbcdGO.jpg,0,0,0,0,0,0,,False,,Horror,,
278834,,Housebound,Housebound,en,,,2000-01-01,/qDpvmP6r2S8hq07hUOotdrR2mQF.jpg,0,0,0,0,0,0,,False,,Horror,,
278910,,"Daisy Derkins, Dogsitter of the Damned","Daisy Derkins, Dogsitter of the Damned",en,,,2013-01-01,/Q7Nn6f9YvHm2NbWWbJ3aakO5l4.jpg,0,0,0,0,0,0,,False,,Horror,,
278995,,The Nest,The Nest,en,,,2013-01-01,/9h5d0trdZVwZZXIrpC6ck2GCPNu.jpg,0,0,0,0,0,0,,False,,Horror,,
279153,,The Caretakers,The Caretakers,en,,,2014-01-01,/3qxf3UqqveswTrw39AIBc2drk6P.jpg,0,0,0,0,0,0,,False,,Horror,,
279428,,Beranak Dalam Kubur,Beranak Dalam Kubur,en,,,2013-01-01,/lkWvt2EhnOa0HdL0qqOHIcM0UVp.jpg,0,0,0,0,0,0,,False,,Horror,,
279548,,Cannibal Lolita: A Love Story,Cannibal Lolita: A Love Story,en,,,2009-01-01,/p0xe8JyVV1odTYH9dgCTF8asb7o.jpg,0,0,0,0,0,0,,False,,Horror,,
279673,,Ghost Attack on Sutton Street: Poltergeists and Paranormal Entities,Ghost Attack on Sutton Street: Poltergeists and Paranormal Entities,en,,,2012-01-01,/qcYJZEdFtVyEG9qYjVwYM3mGkBF.jpg,0,0,0,0,0,0,,False,,Horror,,
279696,,Necropolis Awakened,Necropolis Awakened,en,,,2002-01-01,/kSWlmjHpSvtzjqdMv1wXtEWLD85.jpg,0,0,0,0,0,0,,False,,Horror,,
279732,,Piranha-Man Versus WereWolf-Man: Howl of the Piranha,Piranha-Man Versus WereWolf-Man: Howl of the Piranha,en,,,2010-01-01,/aGlrskWgkh0j5z8WQnJlYaDLM9y.jpg,0,0,0,0,0,0,,False,,Horror,,
279752,,Alien Agenda: Project Grey,Alien Agenda: Project Grey,en,,,2007-01-01,/zZcyR6sGLVOn9sXqQwoWhaP2Ij3.jpg,0,0,0,0,0,0,,False,,Horror,,
279948,,Paranormal Haunting: The Curse of the Blue Moon Inn,Paranormal Haunting: The Curse of the Blue Moon Inn,en,,,2011-01-01,/fTsyRGl48GOq5EZGHObMwSZ8d0f.jpg,0,0,0,0,0,0,,False,,Horror,,
280573,,Dark Enemy,Dark Enemy,en,,,1984-01-01,/xiL2iQcyFJIH2DgFMH9LWcO0vcR.jpg,0,0,0,0,0,0,,False,,Horror,,
280731,,Destruction Kings,Destruction Kings,en,,,2006-01-01,/dFjOF3a7IlOQnDz8AVGEWNjOtei.jpg,0,0,0,0,0,0,,False,,Horror,,
281114,,Nenek Bongkok Tiga,Nenek Bongkok Tiga,en,,,2012-01-01,/eWppQjtrfScMay7n31LzJYijX6U.jpg,0,0,0,0,0,0,,False,,Horror,,
281186,,Freez'er,Freez'er,en,,,2001-01-01,/2sMEFBx0UY4WhqRvZyIPSMayr9v.jpg,0,0,0,0,0,0,,False,,Horror,,
281189,,Gory Gory Hallelujah,Gory Gory Hallelujah,en,,,2003-01-01,/6YZqVQYZ1vTVpnXioFHPny5g81E.jpg,0,0,0,0,0,0,,False,,Horror,,
281289,,Tainted,Tainted,en,,,1998-01-01,/govKpMxCUXvcMztmxbKsKEIH7GM.jpg,0,0,0,0,0,0,,False,,Horror,,
281631,,Clive Barker: The Art of Horror,Clive Barker: The Art of Horror,en,,,1992-01-01,/szgNMa8pvCTFXlH8kYlpKXX27Ax.jpg,0,0,0,0,0,0,,False,,Horror,,
281668,,Demons at the Door,Demons at the Door,en,,,2004-01-01,/7Eqblv6qZVwqbjNY7xjGhQR0d2b.jpg,0,0,0,0,0,0,,False,,Horror,,
281720,,Horror Anthology Movie Volume 1,Horror Anthology Movie Volume 1,en,,,2013-01-01,/crfAKIxUdJUoJ0cPvmNt9vRf9ZR.jpg,0,0,0,0,0,0,,False,,Horror,,
281905,,The Flesh and the Fury: X-posing Twins of Evil,The Flesh and the Fury: X-posing Twins of Evil,en,,,2012-01-01,/92pQGYhRPfDMXzG4m9qUdwGvDQa.jpg,0,0,0,0,0,0,,False,,Horror,,
281979,,Doctor Who: The Waters of Mars,Doctor Who: The Waters of Mars,en,,,2009-01-01,/ikb6cZI8RXUqcxApMJmIdimAJ1X.jpg,0,0,0,0,0,0,,False,,Horror,,
282191,,The Dr. Jekyll & Mr. Hyde Rock 'n Roll Musical,The Dr. Jekyll & Mr. Hyde Rock 'n Roll Musical,en,,,2003-01-01,/v4ckpYPV6wCmZMtPB0fnQVQ9ExU.jpg,0,0,0,0,0,0,,False,,Horror,,
282329,,Craters of the Moon,Craters of the Moon,en,,,2014-01-01,/niRV4NgJbCFu52KovOgQAMnAIPm.jpg,0,0,0,0,0,0,,False,,Horror,,
282338,,Dr. Jekyll and Mr. Hyde,Dr. Jekyll and Mr. Hyde,en,,,2002-01-01,/fd34z2fIUXOHhQh5e5gHmBbhCOQ.jpg,0,0,0,0,0,0,,False,,Horror,,
282534,,Shock,Shock,en,,,2010-01-01,/k4vv7oJ1BgEFHL2ej00oSykv8uC.jpg,0,0,0,0,0,0,,False,,Horror,,
282747,,Methodic 1.5,Methodic 1.5,en,,,2009-01-01,/rlghn44oFkRlVxoopO0Gjuq8KaV.jpg,0,0,0,0,0,0,,False,,Horror,,
282787,,iPsycho,iPsycho,en,,,2010-01-01,/m10bLtUEAJLIRieGwgUzGCZXrX7.jpg,0,0,0,0,0,0,,False,,Horror,,
283112,,It Happened One Weekend,It Happened One Weekend,en,,,1974-01-01,/usGutSkEYuDB81W0UqhUndy6aXU.jpg,0,0,0,0,0,0,,False,,Horror,,
283225,,The Possession of Father Thomas,The Possession of Father Thomas,en,,,2004-01-01,/2LU4o7Bpvxjl35DethvXId9l1Ce.jpg,0,0,0,0,0,0,,False,,Horror,,
283328,,Bees,Bees,en,,,1998-01-01,/tzh8rpZoIANpZCi39EwxOfmloIB.jpg,0,0,0,0,0,0,,False,,Horror,,
283885,,Return to Boggy Creek,Return to Boggy Creek,en,,,1977-01-01,/2FAyhCbx2x735gM10aVhTY7kryi.jpg,0,0,0,0,0,0,,False,,Horror,,
284319,,The Force of Evil,The Force of Evil,en,,,1977-01-01,/hNXwiBQr2m3ZszV2BfZqK2FEBYE.jpg,0,0,0,0,0,0,,False,,Horror,,
286223,,Shadow Zombie,Shadow Zombie,en,,,2013-01-01,/raS6W2hQVcEannGjKuqFnBJlwra.jpg,0,0,0,0,0,0,,False,,Horror,,
286486,,One Night Stand,One Night Stand,en,,,2010-01-01,/6v315vpYGj6MqSYv6SWSyJ4Yeub.jpg,0,0,0,0,0,0,,False,,Horror,,
286890,,Greetings,Greetings,en,,,2007-01-01,/sC0gK4M6YJo1DN5FKzXf2bn1QaR.jpg,0,0,0,0,0,0,,False,,Horror,,
286929,,Almaz Black Box,Almaz Black Box,en,,,2007-01-01,/hRouUuYtKvWYCXJRHyYW4BVeAia.jpg,0,0,0,0,0,0,,False,,Horror,,
287021,,Die-B-Que,Die-B-Que,en,,,2011-01-01,/dbE73JBtxxq3Co7jC8amy6a333N.jpg,0,0,0,0,0,0,,False,,Horror,,
287446,,Copiii: The 1st Entry,Copiii: The 1st Entry,en,,,2013-01-01,/gpu3iompgfyzcTzltXSkHWbwxKT.jpg,0,0,0,0,0,0,,False,,Horror,,
287527,,Witches Blood,Witches Blood,en,,,2014-01-01,/4srxWmTO789Wt41r2kFd0wmHUvP.jpg,0,0,0,0,0,0,,False,,Horror,,
287798,,Waterfront Inn,Waterfront Inn,en,,,2011-01-01,/vo5F9F5RvRQ54u88IL8Ai0RyvnM.jpg,0,0,0,0,0,0,,False,,Horror,,
287982,,VHS Massacre: Cult Films and the Decline of Physical Media,VHS Massacre: Cult Films and the Decline of Physical Media,en,,,2016-01-01,/oL6UXBfDAZMQdUi1LtjEO3MN9xq.jpg,0,0,0,0,0,0,,False,,Horror,,
288049,,The Witness,The Witness,en,,,2012-01-01,/6DELZ3dO3JjCOIDF6wVB3TRAFFu.jpg,0,0,0,0,0,0,,False,,Horror,,
288123,,Catherine's Grove,Catherine's Grove,en,,,1997-01-01,/xDHF3F1q44VmwHbdPUYTIxQJzDX.jpg,0,0,0,0,0,0,,False,,Horror,,
288238,,Veil,Veil,en,,,2014-01-01,/lLCAEIZa6QQ0mdZluVLTyvgWOcd.jpg,0,0,0,0,0,0,,False,,Horror,,
288250,,Sinister,Sinister,en,,,2011-01-01,/2oMoSP51anLh7KmkIVVCa5EAgjt.jpg,0,0,0,0,0,0,,False,,Horror,,
288297,,Baby Jane?,Baby Jane?,en,,,2010-01-01,/xDL56XIVy7JZWOvlWWCzCbkMMlw.jpg,0,0,0,0,0,0,,False,,Horror,,
288424,,Shock Value,Shock Value,en,,,2014-01-01,/9uEr4gOlI38hQNy1E8vO2BNySjP.jpg,0,0,0,0,0,0,,False,,Horror,,
288516,,Fade,Fade,en,,,2000-01-01,/9PN5Le5y5NkS8YfW69dpQmGpeOB.jpg,0,0,0,0,0,0,,False,,Horror,,
288671,,The Deviants,The Deviants,en,,,2007-01-01,/6uUp2Vdsx9q6bJJ4RxtoXLfOb0L.jpg,0,0,0,0,0,0,,False,,Horror,,
288687,,Trunk,Trunk,en,,,2008-01-01,/pUeiHpGGUHDLQ3JzOfOz5yvcNNg.jpg,0,0,0,0,0,0,,False,,Horror,,
289271,,Divided Into Zero,Divided Into Zero,en,,,1999-01-01,/jx95lh2ec61PzhkIcLVQWGbeqye.jpg,0,0,0,0,0,0,,False,,Horror,,
289283,,Living with Jigsaw,Living with Jigsaw,en,,,2014-01-01,/fy8DxnstJhbSI4FnjppfPAsrDxa.jpg,0,0,0,0,0,0,,False,,Horror,,
289476,,Kill Me Tomorrow,Kill Me Tomorrow,en,,,2000-01-01,/dnLLx5mJ536VEH6YgnFUNAlyJiP.jpg,0,0,0,0,0,0,,False,,Horror,,
290394,,Carmilla,Carmilla,en,,,1999-01-01,/4n9bu8ZxDtlzMuGHiojT27glXIs.jpg,0,0,0,0,0,0,,False,,Horror,,
290396,,Game of Pleasure,Game of Pleasure,en,,,1998-01-01,/xpZGu5bAddxO6KXoDLmw8sMZyKU.jpg,0,0,0,0,0,0,,False,,Horror,,
290625,,Lovecraft's Pillow,Lovecraft's Pillow,en,,,2006-01-01,/3GUogK58J76fLhJMWNcljuuX2sf.jpg,0,0,0,0,0,0,,False,,Horror,,
290767,,Hunting Buddies,Hunting Buddies,en,,,2009-01-01,/taajenkz5kgjAFyY8WCBzM36qVf.jpg,0,0,0,0,0,0,,False,,Horror,,
290988,,M.R. James: Ghost Writer,M.R. James: Ghost Writer,en,,,2013-01-01,/x6vk37myqzg1pZFfN4mDOXlKAPs.jpg,0,0,0,0,0,0,,False,,Horror,,
291290,,Submerged,Submerged,en,,,2016-01-01,/s9kIgLMpXdZ4AmYhDb39UzL7o5t.jpg,0,0,0,0,0,0,,False,,Horror,,
291331,,Lust for Vengeance,Lust for Vengeance,en,,,2001-01-01,/48rLwz0tHLrtNupfKobSKMda4qs.jpg,0,0,0,0,0,0,,False,,Horror,,
291374,,Sledge,Sledge,en,,,2014-01-01,/qLrLinN9XTqh4yDYFpAdncpjlLg.jpg,0,0,0,0,0,0,,False,,Horror,,
291540,,Why Horror?,Why Horror?,en,,,2014-01-01,/bmdU9T23IkD1frnRoPS8VVKElQb.jpg,0,0,0,0,0,0,,False,,Horror,,
291590,,The Kiss,The Kiss,en,,,2008-01-01,/ynNQ2uCErfAAco2qKP8gPljqkK5.jpg,0,0,0,0,0,0,,False,,Horror,,
291604,,Lady of the Lake,Lady of the Lake,en,,,1998-01-01,/u3g5XI2MLf1FGEkWyRFZFxF4UvQ.jpg,0,0,0,0,0,0,,False,,Horror,,
291610,,Midnight Skater,Midnight Skater,en,,,2002-01-01,/ofbfRLhCREN6jHxv7GqDmPWi73E.jpg,0,0,0,0,0,0,,False,,Horror,,
291661,,The Photographer: Inside the Mind of a Psycho,The Photographer: Inside the Mind of a Psycho,en,,,2011-01-01,/w1Tzha80uk4UAeTzbhP5txOcGfl.jpg,0,0,0,0,0,0,,False,,Horror,,
291998,,Housewife from Hell,Housewife from Hell,en,,,1994-01-01,/rXi1xHCvyOOg4nMEIwXhjToGMJ1.jpg,0,0,0,0,0,0,,False,,Horror,,
292013,,Phantom of the Grindhouse,Phantom of the Grindhouse,en,,,2014-01-01,/qMZRbtEvA6yI0NJjo8CDAEIy42K.jpg,0,0,0,0,0,0,,False,,Horror,,
292110,,Eternal Damn Nation,Eternal Damn Nation,en,,,2014-01-01,/jcWzZITyyyo5bZFL8cjh8teduqR.jpg,0,0,0,0,0,0,,False,,Horror,,
292482,,The Housewife Slasher,The Housewife Slasher,en,,,2012-01-01,/4KiI7LiTSDbdE7EIQ7MPquL48rL.jpg,0,0,0,0,0,0,,False,,Horror,,
292525,,When Death Calls,When Death Calls,en,,,2012-01-01,/36dAcZDUhlVggzGLybr9POZBF8t.jpg,0,0,0,0,0,0,,False,,Horror,,
292617,,The Leaf Blower Massacre,The Leaf Blower Massacre,en,,,2013-01-01,/cqSL88IMFcKB7esWBF5KiisQMuF.jpg,0,0,0,0,0,0,,False,,Horror,,
292876,,Dying Time,Dying Time,en,,,1990-01-01,/f69GHAlRNvdklclRtcJRs4E2ood.jpg,0,0,0,0,0,0,,False,,Horror,,
293125,,No Pressure,No Pressure,en,,,2010-01-01,/ftcmy6pJJfUGOrPaRQXWWZMuO3j.jpg,0,0,0,0,0,0,,False,,Horror,,
293379,,Aftermath,Aftermath,en,,,2012-01-01,/qOWOanl7UWrWLPdM3qtMLcJLOZ7.jpg,0,0,0,0,0,0,,False,,Horror,,
293417,,The Sandman,The Sandman,en,,,1995-01-01,/6Bsg9lEIGsXPoO61CjI3qbxqaVA.jpg,0,0,0,0,0,0,,False,,Horror,,
293585,,Race War: The Remake,Race War: The Remake,en,,,2012-01-01,/6gBcbWUi8JBOgW9I10CWNtDQNq7.jpg,0,0,0,0,0,0,,False,,Horror,,
293791,,Blood Of The Beast,Blood Of The Beast,en,,,2003-01-01,/73AfGXMvEFYoxxmrSyemYIZYFoQ.jpg,0,0,0,0,0,0,,False,,Horror,,
294131,,Come and Get Me,Come and Get Me,en,,,2011-01-01,/lUnze96NN3OMWhrPYx5WBhScBmo.jpg,0,0,0,0,0,0,,False,,Horror,,
294134,,Epitaph: Bread and Salt,Epitaph: Bread and Salt,en,,,2013-01-01,/vElDZKakXgn3obNqL1x5MlafvGW.jpg,0,0,0,0,0,0,,False,,Horror,,
294160,,Midsummer Nightmares,Midsummer Nightmares,en,,,2011-01-01,/5l86Dw73UO5X0Xy5cxUKflaSCam.jpg,0,0,0,0,0,0,,False,,Horror,,
294203,,Monster Madness: The Golden Age of the Horror Film,Monster Madness: The Golden Age of the Horror Film,en,,,2014-01-01,/g81MP7tAvn3AT0rHXccOZnUhrae.jpg,0,0,0,0,0,0,,False,,Horror,,
294258,,Dark Water,Dark Water,en,,,1980-01-01,/4xC67PbPRFKybxFzxe7rclCtwlq.jpg,0,0,0,0,0,0,,False,,Horror,,
294300,,The Hiding,The Hiding,en,,,2009-01-01,/nEFBlyAy5RNfVRQm7YwoP5aUXq4.jpg,0,0,0,0,0,0,,False,,Horror,,
294488,,Maniac Too!,Maniac Too!,en,,,2013-01-01,/uwWcnJvOi3e6y3n1kv6pt0GP9lQ.jpg,0,0,0,0,0,0,,False,,Horror,,
294548,,Shadows Light,Shadows Light,en,,,2008-01-01,/fY4u8btw5x5fZLYb2DV40hiaVMF.jpg,0,0,0,0,0,0,,False,,Horror,,
294566,,Human Antfarm,Human Antfarm,en,,,2012-01-01,/9H4vhWnkOkqjIMyN6AlUOPVsFm5.jpg,0,0,0,0,0,0,,False,,Horror,,
294584,,"Jesus, the Daughter of God","Jesus, the Daughter of God",en,,,2013-01-01,/xkyF5811WIeNgX8KdNcSyTlgkvz.jpg,0,0,0,0,0,0,,False,,Horror,,
294629,,Midnight Matinee Psycho,Midnight Matinee Psycho,en,,,2013-01-01,/kFCEFUMaDf8IBiE4MtgIRyuV4IY.jpg,0,0,0,0,0,0,,False,,Horror,,
294833,,Scavenger Killers,Scavenger Killers,en,,,2013-01-01,/4Bg2x6No4L4NSGsbNuQlUpBXp1L.jpg,0,0,0,0,0,0,,False,,Horror,,
294840,,This Hollow Sacrament,This Hollow Sacrament,en,,,2007-01-01,/tWGzi6z6PV8N21h8iaggjnfNgpq.jpg,0,0,0,0,0,0,,False,,Horror,,
294910,,Gemini,Gemini,en,,,2014-01-01,/f8jGS9ZQx7Ui76IHJaelbPmQNua.jpg,0,0,0,0,0,0,,False,,Horror,,
295138,,Faux Paws,Faux Paws,en,,,2013-01-01,/wuyLxiSLi9NlP5mVRXqTKujctcF.jpg,0,0,0,0,0,0,,False,,Horror,,
295155,,Incorporeal,Incorporeal,en,,,2014-01-01,/kZbVBAnBI5em5aofXdozlIX8bnp.jpg,0,0,0,0,0,0,,False,,Horror,,
295180,,Lady Chokey presents Scary Stories,Lady Chokey presents Scary Stories,en,,,2022-01-01,/vJtT9P6NvRGZa8LobfKNmODsQX8.jpg,0,0,0,0,0,0,,False,,Horror,,
295207,,The Season,The Season,en,,,2008-01-01,/yj8b704VvAvbD5ABdvy4FNiEjo5.jpg,0,0,0,0,0,0,,False,,Horror,,
295331,,Weirdo,Weirdo,en,,,2014-01-01,/sSNrA5IYOuXSstKen0JV8waBg5o.jpg,0,0,0,0,0,0,,False,,Horror,,
295789,,Headless,Headless,en,,,2014-01-01,/emhjZLi1Lx4MM5I5q5ctYrD705O.jpg,0,0,0,0,0,0,,False,,Horror,,
295933,,Sexsquatch: The Legend of Blood Stool Creek,Sexsquatch: The Legend of Blood Stool Creek,en,,,2013-01-01,/8ck3PRQ5fcXZIuij3IwbhuyWG43.jpg,0,0,0,0,0,0,,False,,Horror,,
296496,,Gold Digger Killer,Gold Digger Killer,en,,,2007-01-01,/oscPytK6jC0Zg6FvfVXjs4jFoqz.jpg,0,0,0,0,0,0,,False,,Horror,,
296500,,Bad vs Worse,Bad vs Worse,en,,,2012-01-01,/ulnxa3oNSFriVZPKwKcWZD7nBYW.jpg,0,0,0,0,0,0,,False,,Horror,,
296571,,Sodium Party,Sodium Party,en,,,2013-01-01,/adQSEIB0knKRDriWnIqLApesS7a.jpg,0,0,0,0,0,0,,False,,Horror,,
296695,,Revelation Road 3: The Black Rider,Revelation Road 3: The Black Rider,en,,,2014-01-01,/iD3xXWqEXdpEl6M3cmgUOHmbOTO.jpg,0,0,0,0,0,0,,False,,Horror,,
296878,,Ambition,Ambition,en,,,1991-01-01,/3mClsJrvFa0BzEY5DnvmoCZaJIg.jpg,0,0,0,0,0,0,,False,,Horror,,
297147,,Roxsy & Me,Roxsy & Me,en,,,2014-01-01,/iiUDr9zpPDEn6qM5EHlMFRpQXs9.jpg,0,0,0,0,0,0,,False,,Horror,,
297422,,Basement,Basement,en,,,2014-01-01,/vr1gPdjMdnhOTDMpYEFffg8y7n9.jpg,0,0,0,0,0,0,,False,,Horror,,
297600,,Knock 'em Dead,Knock 'em Dead,en,,,2014-01-01,/2JNje3JjvK8hQqCLmB6pYV2NPnD.jpg,0,0,0,0,0,0,,False,,Horror,,
298042,,Vieques,Vieques,en,,,2014-01-01,/n1P5O3wsK6A9RrGrG2S7PiH0Mor.jpg,0,0,0,0,0,0,,False,,Horror,,
298169,,Liquid,Liquid,en,,,2014-01-01,/lxcpmRrpf0teKAKthL67V9F6ECE.jpg,0,0,0,0,0,0,,False,,Horror,,
298302,,Lust of the Vampire Girls,Lust of the Vampire Girls,en,,,2018-01-01,/zabGRT1m4UvYDlrHZ4fUq1ythi8.jpg,0,0,0,0,0,0,,False,,Horror,,
298380,,Scrambled,Scrambled,en,,,2013-01-01,/ub9QyijVIQz6jhMvMyEe9B2v8dl.jpg,0,0,0,0,0,0,,False,,Horror,,
298472,,Blind Faith,Blind Faith,en,,,1989-01-01,/1bTt5G2ktN2HeQbwiUlT3xAUWe1.jpg,0,0,0,0,0,0,,False,,Horror,,
298589,,Mary Horror,Mary Horror,en,,,2011-01-01,/b2q2v5Hkcgm24zzJ4P6uE0qYZNY.jpg,0,0,0,0,0,0,,False,,Horror,,
298968,,Easter Sunday,Easter Sunday,en,,,2014-01-01,/6CeZdCbRjj9gXpCIOE7QfSUTXMa.jpg,0,0,0,0,0,0,,False,,Horror,,
298977,,A Visit from the Incubus,A Visit from the Incubus,en,,,2001-01-01,/wrXPeoBGuHHNgMdj2RK41dU0dOO.jpg,0,0,0,0,0,0,,False,,Horror,,
298983,,Carver,Carver,en,,,2015-01-01,/qInEupFEVY4mgdXHnY5NSJL7F7U.jpg,0,0,0,0,0,0,,False,,Horror,,
299025,,Dark Carnival,Dark Carnival,en,,,1993-01-01,/9RbpfIMTTwxT9f9lXc59ADepgnx.jpg,0,0,0,0,0,0,,False,,Horror,,
299079,,Dead Stop,Dead Stop,en,,,1995-01-01,/w1qVFY6jCpHINxHzLofQuGyWnC7.jpg,0,0,0,0,0,0,,False,,Horror,,
299080,,Marley's Revenge: The Monster Movie,Marley's Revenge: The Monster Movie,en,,,1989-01-01,/c3YEfAwla31tlhMcfIXx329JxhO.jpg,0,0,0,0,0,0,,False,,Horror,,
299468,,Russian Yeti: The Killer Lives,Russian Yeti: The Killer Lives,en,,,2014-01-01,/fJ6ndW9HWLKLMUSYXFX0UpimjVy.jpg,0,0,0,0,0,0,,False,,Horror,,
299548,,Knightmare,Knightmare,en,,,2014-01-01,/iyM7gx0OnTmtIi7ZxqOYdJ5cQhr.jpg,0,0,0,0,0,0,,False,,Horror,,
300144,,Blood Brothers,Blood Brothers,en,,,1989-01-01,/5OhcBPJyV5SIFA4W9NuuXm6nTdM.jpg,0,0,0,0,0,0,,False,,Horror,,
300156,,The Interrogation of Cheryl Cooper,The Interrogation of Cheryl Cooper,en,,,2014-01-01,/1c2B4Wzi3h1INZpmwlXdkZ9XRmF.jpg,0,0,0,0,0,0,,False,,Horror,,
300236,,Carnage: The Legend of Quiltface,Carnage: The Legend of Quiltface,en,,,2000-01-01,/fwdh2SNYhe5OPCdW7IRUbaa7uQ6.jpg,0,0,0,0,0,0,,False,,Horror,,
300581,,Exposure,Exposure,en,,,2013-01-01,/19t7TIneiKQFQtc7Y6xCfWolVtQ.jpg,0,0,0,0,0,0,,False,,Horror,,
300662,,Strangers,Strangers,en,,,2014-01-01,/p3kw104cTHIc27cooKI9oTYsd9u.jpg,0,0,0,0,0,0,,False,,Horror,,
300903,,Gravedigger,Gravedigger,en,,,2013-01-01,/6Yweflo2iHmYISIfne1yQGzirK1.jpg,0,0,0,0,0,0,,False,,Horror,,
300986,,Tortured Females,Tortured Females,en,,,1965-01-01,/oqC0sIDqI6ZYRqrTdIIx8Dqt62z.jpg,0,0,0,0,0,0,,False,,Horror,,
300994,,In Darkness We Live,In Darkness We Live,en,,,2014-01-01,/1ByFOu10rliFbhddTlp9IDwLJvh.jpg,0,0,0,0,0,0,,False,,Horror,,
301014,,Crybaby Bridge,Crybaby Bridge,en,,,2013-01-01,/4SNNKFTPpG8Gd4vxJVgQp3iySoZ.jpg,0,0,0,0,0,0,,False,,Horror,,
301080,,101st: A-Company,101st: A-Company,en,,,2013-01-01,/kHBjzEcoyPwgHgJkDdO4w39PM73.jpg,0,0,0,0,0,0,,False,,Horror,,
301249,,Morbius: The Living Vampire,Morbius: The Living Vampire,en,,,2014-01-01,/pDwyRMg0wblRDM0K7UzZJPQmu56.jpg,0,0,0,0,0,0,,False,,Horror,,
301356,,The Widower,The Widower,en,,,1999-01-01,/mvfk6ICGeW9uOO27rqyOf6AkEul.jpg,0,0,0,0,0,0,,False,,Horror,,
301711,,Skunk Ape Hunters in Texas,Skunk Ape Hunters in Texas,en,,,2011-01-01,/aJgXteL6qjkR0jbFNXwdBlG798z.jpg,0,0,0,0,0,0,,False,,Horror,,
301866,,Revived,Revived,en,,,2011-01-01,/nnfDtnhaohWK5NquDjv4n2pfHld.jpg,0,0,0,0,0,0,,False,,Horror,,
301920,,Born of the Wind,Born of the Wind,en,,,1964-01-01,/bEEBndMEDXqWxGbOtfnLmzLBTVq.jpg,0,0,0,0,0,0,,False,,Horror,,
302038,,An Erotic Tale of Ms. Dracula,An Erotic Tale of Ms. Dracula,en,,,2014-01-01,/rrZ4NBhe9auBM4FB02t51koz4Xq.jpg,0,0,0,0,0,0,,False,,Horror,,
302477,,Rotten Shaolin Zombies,Rotten Shaolin Zombies,en,,,2004-01-01,/zyun58uRWWymWhhK6WfAPib07NE.jpg,0,0,0,0,0,0,,False,,Horror,,
302490,,Trasharella,Trasharella,en,,,2009-01-01,/dmaUNFlU0TmVIIv4EWaRrVXsxlM.jpg,0,0,0,0,0,0,,False,,Horror,,
302512,,Awaken the Devil,Awaken the Devil,en,,,2015-01-01,/uducCd6iOb5eBaQm18ouZ6aRlmM.jpg,0,0,0,0,0,0,,False,,Horror,,
302644,,Blood Effects,Blood Effects,en,,,2013-01-01,/lAuRuLMsmRpH6wYgZ8F2Yuf1mcX.jpg,0,0,0,0,0,0,,False,,Horror,,
302675,,Desert Spirits,Desert Spirits,en,,,1994-01-01,/2xlYgUy3TvzEzqWYoJd1MWoZIyi.jpg,0,0,0,0,0,0,,False,,Horror,,
302790,,Silk,Silk,en,,,2014-01-01,/kYpeZMZ58so6TuzJekPMMQMpj7E.jpg,0,0,0,0,0,0,,False,,Horror,,
302801,,The Oatmeal Man,The Oatmeal Man,en,,,2014-01-01,/ooK3NR4WyJjLKvlzP0twIKRjZhK.jpg,0,0,0,0,0,0,,False,,Horror,,
302904,,Red Kingdom Rising,Red Kingdom Rising,en,,,2014-01-01,/7OBLiaVDpWvn2IjG8ucXMN2tpSn.jpg,0,0,0,0,0,0,,False,,Horror,,
303177,,Dark Shade Creek,Dark Shade Creek,en,,,2012-01-01,/mAoOzso6yw44xZSZMVO0B8Wk42Q.jpg,0,0,0,0,0,0,,False,,Horror,,
303204,,The Businessman,The Businessman,en,,,2014-01-01,/hplKrRz7U23VptOf4iQgT56BZvE.jpg,0,0,0,0,0,0,,False,,Horror,,
303696,,In Session,In Session,en,,,2012-01-01,/alNCtwVdCRbi8yMGnttvSqgtjv0.jpg,0,0,0,0,0,0,,False,,Horror,,
304021,,Point of No Return,Point of No Return,en,,,1976-01-01,/bOkkLtcXO1ZTsPEid2VTjkZZtTS.jpg,0,0,0,0,0,0,,False,,Horror,,
304147,,The Killing Joke,The Killing Joke,en,,,2012-01-01,/pAfqYEaAjwFHCDCQo18FcXZ6RgI.jpg,0,0,0,0,0,0,,False,,Horror,,
304916,,Beast in the Basement,Beast in the Basement,en,,,2014-01-01,/6r7IHVZrnRNbGWFMkxzoDbvVdW8.jpg,0,0,0,0,0,0,,False,,Horror,,
305028,,Bad Kitties,Bad Kitties,en,,,2013-01-01,/1qt02l97xCzy3EdUzNV5grbRWzP.jpg,0,0,0,0,0,0,,False,,Horror,,
305037,,EXHIBIT X,EXHIBIT X,en,,,2012-01-01,/A1pYlD7s36bAkejl1khQnGljMEi.jpg,0,0,0,0,0,0,,False,,Horror,,
305615,,Interior,Interior,en,,,2014-01-01,/zmNKt4WeGAU4Mtsft8eRKxJxiNk.jpg,0,0,0,0,0,0,,False,,Horror,,
305805,,Malefic,Malefic,en,,,2003-01-01,/1Cv3ReR3Brz3IPaKMMevy9kSd8b.jpg,0,0,0,0,0,0,,False,,Horror,,
306045,,Brutal Jesus and the House of Wasted Youth,Brutal Jesus and the House of Wasted Youth,en,,,2010-01-01,/7uLiD3LHRbiUufRovhG1kNzyWs1.jpg,0,0,0,0,0,0,,False,,Horror,,
306628,,Damned Selfie,Damned Selfie,en,,,2014-01-01,/ixYTpFtCu0imqF0RBMzAHk4XZBx.jpg,0,0,0,0,0,0,,False,,Horror,,
306630,,Malleus Maleficarum,Malleus Maleficarum,en,,,2014-01-01,/2bMWl5q5rtsz6ORgDXIClERiGst.jpg,0,0,0,0,0,0,,False,,Horror,,
306655,,The Resurrections of Clarence Neveldine,The Resurrections of Clarence Neveldine,en,,,2014-01-01,/qnYLhitAbHML8hqtjwDShieDOM1.jpg,0,0,0,0,0,0,,False,,Horror,,
306701,,The Makeover,The Makeover,en,,,2014-01-01,/qMGFMnqEiAdxMfVOCLkYdMRRKNg.jpg,0,0,0,0,0,0,,False,,Horror,,
306932,,Queen of Blood,Queen of Blood,en,,,2014-01-01,/vIwYDsVthbojef4QP2g6eurzg6y.jpg,0,0,0,0,0,0,,False,,Horror,,
306967,,The Trick,The Trick,en,,,1997-01-01,/gZY1w7VR8qQysDCkAPqxWNVeD7F.jpg,0,0,0,0,0,0,,False,,Horror,,
307047,,Heinous Acts,Heinous Acts,en,,,2014-01-01,/9qRMKEG9G0aUjzm6KEBfoTELlry.jpg,0,0,0,0,0,0,,False,,Horror,,
307719,,Twisted,Twisted,en,,,1997-01-01,/A0z4TbijpfiAtY1klpfpc9KbzF3.jpg,0,0,0,0,0,0,,False,,Horror,,
308123,,How to Slay a Vampire,How to Slay a Vampire,en,,,1995-01-01,/o1hXlyf4HWpp1XExlWwVeXoqHs4.jpg,0,0,0,0,0,0,,False,,Horror,,
308125,,Gypsy Vampire's Revenge,Gypsy Vampire's Revenge,en,,,2007-01-01,/fzyJkCWTZyJ5DOGxlXcNxCc09BD.jpg,0,0,0,0,0,0,,False,,Horror,,
308128,,Grandparents from Outer Space,Grandparents from Outer Space,en,,,1996-01-01,/xLCszYCMrjmW8DV70zf9hfLfHkc.jpg,0,0,0,0,0,0,,False,,Horror,,
308130,,Transylvania Police: Monster Squad,Transylvania Police: Monster Squad,en,,,2000-01-01,/a5LvwJdOGW5eq0cnnkJd0RQHTxv.jpg,0,0,0,0,0,0,,False,,Horror,,
308133,,The Saturn Avenger vs. the Terror Robot,The Saturn Avenger vs. the Terror Robot,en,,,1996-01-01,/6HG6HTKgYstHQQEIlJYdGdO53SU.jpg,0,0,0,0,0,0,,False,,Horror,,
308259,,RE,RE,en,,,2014-01-01,/jii5C9iGtY0a1YDHblnPFUzu0Vw.jpg,0,0,0,0,0,0,,False,,Horror,,
308787,,The Scare Game,The Scare Game,en,,,1992-01-01,/snsuB9hkWca6Y3vSK0SSuePNQka.jpg,0,0,0,0,0,0,,False,,Horror,,
309073,,Night of the Clown,Night of the Clown,en,,,1998-01-01,/w3YwZdl3NPSKnflNlVnGfXpszzJ.jpg,0,0,0,0,0,0,,False,,Horror,,
309290,,Feeding Billy,Feeding Billy,en,,,1995-01-01,/2CvcwhPHpTy33ZXDJVbNxlFrcHO.jpg,0,0,0,0,0,0,,False,,Horror,,
309297,,Nude Vampires,Nude Vampires,en,,,1995-01-01,/hdVpet0lQByZt1ie5VJmWNXP4dW.jpg,0,0,0,0,0,0,,False,,Horror,,
309439,,Silo Killer 2: The Wrath of Kyle,Silo Killer 2: The Wrath of Kyle,en,,,2009-01-01,/mN1CAdVkKXqMZD0luQIGkCeAVVK.jpg,0,0,0,0,0,0,,False,,Horror,,
309732,,Legend of the Sandsquatch,Legend of the Sandsquatch,en,,,2006-01-01,/1UdpaSWp6lgT2Jix7gNeng3f4NZ.jpg,0,0,0,0,0,0,,False,,Horror,,
309772,,Addicted to Murder 3: Bloodlust,Addicted to Murder 3: Bloodlust,en,,,2000-01-01,/oz2tQwzlIWieETJt7PM8gd8cTSb.jpg,0,0,0,0,0,0,,False,,Horror,,
309782,,Identical Dead Sisters,Identical Dead Sisters,en,,,2009-01-01,/rYCktzhBtP85bNWYqWvYrtNvXIt.jpg,0,0,0,0,0,0,,False,,Horror,,
310018,,Dead Body Man 2: Separation Anxiety,Dead Body Man 2: Separation Anxiety,en,,,2005-01-01,/yZfTKwwMmYCiJylHAgJRkkXAcc2.jpg,0,0,0,0,0,0,,False,,Horror,,
310591,,Actress Apocalypse,Actress Apocalypse,en,,,2005-01-01,/pCnzcvqhbXRdwBCBzyHb1Dkbwdd.jpg,0,0,0,0,0,0,,False,,Horror,,
310945,,Invaluable: The True Story of an Epic Artist,Invaluable: The True Story of an Epic Artist,en,,,2014-01-01,/wNPQzXw4VisrgXYNQi7s5tj9rBX.jpg,0,0,0,0,0,0,,False,,Horror,,
310996,,The Secret Path,The Secret Path,en,,,2014-01-01,/jTgQWj8ndjA9zzogYuf21JBiPu0.jpg,0,0,0,0,0,0,,False,,Horror,,
311010,,Satan Claus,Satan Claus,en,,,2010-01-01,/m3SuUJ2IoUG0pQ6DerAfEq2yArg.jpg,0,0,0,0,0,0,,False,,Horror,,
311460,,The Vessel,The Vessel,en,,,2012-01-01,/mimT5a0eEnawfpsRxDt2e9Wy2aO.jpg,0,0,0,0,0,0,,False,,Horror,,
312394,,Saurians,Saurians,en,,,1994-01-01,/nJKXiygv1RKzmMmJTflFRRaul8Q.jpg,0,0,0,0,0,0,,False,,Horror,,
312395,,Dead Meat,Dead Meat,en,,,1993-01-01,/moD0uMAqrgvr5ox5LF7C2LUEdl2.jpg,0,0,0,0,0,0,,False,,Horror,,
312475,,Hellgate: The House That Screamed 2,Hellgate: The House That Screamed 2,en,,,2001-01-01,/eipcLyAdrGBzzenlYfLmXWgeqCA.jpg,0,0,0,0,0,0,,False,,Horror,,
312640,,The God Memoirs,The God Memoirs,en,,,2007-01-01,/kpQXDtJa6gnmOpRgsTb0RobFRLx.jpg,0,0,0,0,0,0,,False,,Horror,,
312649,,El Grito,El Grito,en,,,2002-01-01,/zcuBQLeLWCBRzuXfcUvYr9Sd8Vb.jpg,0,0,0,0,0,0,,False,,Horror,,
312692,,The Dividing Hour,The Dividing Hour,en,,,2003-01-01,/qmFNuUIGWS1r3E5L3Bq3PdJDQSI.jpg,0,0,0,0,0,0,,False,,Horror,,
312823,,The Grey Matter,The Grey Matter,en,,,2014-01-01,/wIUN1lQcGUFZubX63Nib0VriwYt.jpg,0,0,0,0,0,0,,False,,Horror,,
314193,,Original Sins,Original Sins,en,,,1996-01-01,/jUOJkDtjkYXfvDtb48yfXcWu3Bn.jpg,0,0,0,0,0,0,,False,,Horror,,
314266,,Drawing Blood,Drawing Blood,en,,,2005-01-01,/97rz7OrSS3yOgh8BH8g3b7ICHd9.jpg,0,0,0,0,0,0,,False,,Horror,,
314291,,Doorways To Danger,Doorways To Danger,en,,,1990-01-01,/nbeKCujnTkNUwzpA9XQ5aevsOXY.jpg,0,0,0,0,0,0,,False,,Horror,,
314420,,Body,Body,en,,,2015-01-01,/dw0xE56whflv0OgfEw3lwdWxLRD.jpg,0,0,0,0,0,0,,False,,Horror,,
315007,,Self-Assembly,Self-Assembly,en,,,2014-01-01,/3hbemdbc8TVhGta8wuzD8DeNwnY.jpg,0,0,0,0,0,0,,False,,Horror,,
315379,,Paper Man,Paper Man,en,,,1971-01-01,/qSulwjONKFbuD3T9lyEzwVupm4B.jpg,0,0,0,0,0,0,,False,,Horror,,
315400,,The Heaping Bouncy Breasts That Smothered a Midget,The Heaping Bouncy Breasts That Smothered a Midget,en,,,1988-01-01,/sQxwVvxce0Z0cAI6ZcKsI7RBRaz.jpg,0,0,0,0,0,0,,False,,Horror,,
315404,,Carmilla,Carmilla,en,,,1998-01-01,/bdCwg3o1ilnIbkGInjh06Z0HSzD.jpg,0,0,0,0,0,0,,False,,Horror,,
315832,,Dirtbags,Dirtbags,en,,,2002-01-01,/mNxshtVjIGbOHOX8Ps0JRaZNdrJ.jpg,0,0,0,0,0,0,,False,,Horror,,
315978,,Voyeur.com,Voyeur.com,en,,,2000-01-01,/poUHnxafuu329TXqmaHamS1SSbG.jpg,0,0,0,0,0,0,,False,,Horror,,
316036,,Incense and Peppermints,Incense and Peppermints,en,,,1981-01-01,/dygaMJ9KEj9jDNeRpUU8GlyUnX4.jpg,0,0,0,0,0,0,,False,,Horror,,
316825,,Bedbug,Bedbug,en,,,2014-01-01,/f2q4964HCEQFdh95lBAMw3giwKq.jpg,0,0,0,0,0,0,,False,,Horror,,
317038,,Sacrifice of the White Goddess,Sacrifice of the White Goddess,en,,,1995-01-01,/76CJ2s6zAPzcRS31BfjJ9bYwbIN.jpg,0,0,0,0,0,0,,False,,Horror,,
317406,,Habit,Habit,en,,,1981-01-01,/uJ2R2fq3WzmKQBicygA52aRX0Qn.jpg,0,0,0,0,0,0,,False,,Horror,,
317985,,E.T. is Estong Tutong,E.T. is Estong Tutong,en,,,1983-01-01,/kvXLdbR3GaS5fFIbA9P5zSuCHMn.jpg,0,0,0,0,0,0,,False,,Horror,,
318000,,Lock,Lock,en,,,1983-01-01,/5R8a5RyYSDRdG09uLnzso1si2M4.jpg,0,0,0,0,0,0,,False,,Horror,,
318154,,The Long Way Home: A Bigfoot Story,The Long Way Home: A Bigfoot Story,en,,,2007-01-01,/s0ef2Zs6UBk9nF9CRs1HpAoiMIA.jpg,0,0,0,0,0,0,,False,,Horror,,
318788,,The Serpent's Tongue,The Serpent's Tongue,en,,,2012-01-01,/hW7TJPHaVjUXLiYzAxBrQq8f3RN.jpg,0,0,0,0,0,0,,False,,Horror,,
318947,,The Hills Have Thighs,The Hills Have Thighs,en,,,2010-01-01,/ztjoWWuJVkGMZ4FF3xqg1f52vvJ.jpg,0,0,0,0,0,0,,False,,Horror,,
320175,,Dark Romances Vol. 1,Dark Romances Vol. 1,en,,,1990-01-01,/hO8kn2HTnXs2BgsYCYzHczwTLnf.jpg,0,0,0,0,0,0,,False,,Horror,,
320294,,Tras los visillos,Tras los visillos,en,,,2009-01-01,/h1c5LJ9h3eDQgksjSpjjnOHDZEh.jpg,0,0,0,0,0,0,,False,,Horror,,
320507,,Bunyip,Bunyip,en,,,2015-01-01,/28YXaJaWSn5F1qhQ3eVjFlugBww.jpg,0,0,0,0,0,0,,False,,Horror,,
320764,,The Haunting Passion,The Haunting Passion,en,,,1983-01-01,/cvjZsptjqRntaIZ2ZANOQ2dayK6.jpg,0,0,0,0,0,0,,False,,Horror,,
320781,,Bit Parts,Bit Parts,en,,,2007-01-01,/99bPMNmY1VjL4lZ0X7iX4fBG7Ol.jpg,0,0,0,0,0,0,,False,,Horror,,
321066,,"Scream, Queen! My Nightmare on Elm Street","Scream, Queen! My Nightmare on Elm Street",en,,,2019-01-01,/9CPjyKFKz4gNWE116mLB744pmj6.jpg,0,0,0,0,0,0,,False,,Horror,,
321348,,Oh My Ghost!,Oh My Ghost!,en,,,2006-01-01,/yvzXumgYDA5chkM8ntzf98DP752.jpg,0,0,0,0,0,0,,False,,Horror,,
321665,,Wingrave,Wingrave,en,,,2007-01-01,/xIMjiM094xdH8bjANNe8exmeBm9.jpg,0,0,0,0,0,0,,False,,Horror,,
321738,,Cheondong,Cheondong,en,,,1973-01-01,/5phFtXBFUYeTxz2pAgVmvPJeTHy.jpg,0,0,0,0,0,0,,False,,Horror,,
321768,,Captive,Captive,en,,,2014-01-01,/fJByYakjLIt9X2pQJtRDqStkMmQ.jpg,0,0,0,0,0,0,,False,,Horror,,
322170,,Beneath a Dead Moon,Beneath a Dead Moon,en,,,2014-01-01,/jrfdN39YydQXxEWWmPMpP8zg2L2.jpg,0,0,0,0,0,0,,False,,Horror,,
322266,,Buddy Hutchins,Buddy Hutchins,en,,,2015-01-01,/4On6GD7f1IjAsIVDk5dnQJj4BDZ.jpg,0,0,0,0,0,0,,False,,Horror,,
322518,,The Intruders,The Intruders,en,,,2015-01-01,/7YodT3HO0FqM0csMY1otG01U6oE.jpg,0,0,0,0,0,0,,False,,Horror,,
323270,,The Horror Network Vol. 1,The Horror Network Vol. 1,en,,,2015-01-01,/lQmgIgxNMCdeDbzXv7V8I55Oa6m.jpg,0,0,0,0,0,0,,False,,Horror,,
323271,,Unsullied,Unsullied,en,,,2015-01-01,/3cby5ym34M2N1kNvz4bIezFYJFb.jpg,0,0,0,0,0,0,,False,,Horror,,
323369,,Excess Flesh,Excess Flesh,en,,,2015-01-01,/q2WU0YC35lnqjZdg9qpot0lkbLQ.jpg,0,0,0,0,0,0,,False,,Horror,,
323564,,Bros on Bikes,Bros on Bikes,en,,,2012-01-01,/ckhz24ddxBdTQ72zVp0ve0L9E7w.jpg,0,0,0,0,0,0,,False,,Horror,,
323625,,Ojuju,Ojuju,en,,,2014-01-01,/5xs78WzDm9vHlVKxtSDROdwxFjj.jpg,0,0,0,0,0,0,,False,,Horror,,
323630,,The Lady Bruins Christmas Slumber Party,The Lady Bruins Christmas Slumber Party,en,,,2013-01-01,/akUT12ynMU5au415gJ4LYVsJpNe.jpg,0,0,0,0,0,0,,False,,Horror,,
323689,,Evil Streets,Evil Streets,en,,,1998-01-01,/9tEaB5IsQ9CObQ3gp45Uk7bM4eU.jpg,0,0,0,0,0,0,,False,,Horror,,
324015,,The Death of Alice Blue,The Death of Alice Blue,en,,,2009-01-01,/fSzDXTPYY7oD83sCu6QTxaforpX.jpg,0,0,0,0,0,0,,False,,Horror,,
324234,,You Better Watch Out!,You Better Watch Out!,en,,,2013-01-01,/cNMXXZyjCDtHkhf11pIQGjbeYEW.jpg,0,0,0,0,0,0,,False,,Horror,,
324560,,Brimstone,Brimstone,en,,,2016-01-01,/aNxU4eZrfiChOgCEtyKWSCExdEi.jpg,0,0,0,0,0,0,,False,,Horror,,
324813,,The Outer Darkness,The Outer Darkness,en,,,2015-01-01,/jSfvy1uYq7PTJEcuSmiS4IGTr2R.jpg,0,0,0,0,0,0,,False,,Horror,,
325157,,Haunters,Haunters,en,,,2014-01-01,/6lFs0yfpbyVv4cEqFkwOXdBp2Nf.jpg,0,0,0,0,0,0,,False,,Horror,,
325594,,At Dawn They Sleep,At Dawn They Sleep,en,,,1999-01-01,/f9JdcYjy29zOM2lQhnsW0wO1z9p.jpg,0,0,0,0,0,0,,False,,Horror,,
325598,,Christine's Addiction,Christine's Addiction,en,,,1999-01-01,/uLRc8B9eA03W3DygxlyDasJjhAz.jpg,0,0,0,0,0,0,,False,,Horror,,
325607,,Lisa's Nightmares,Lisa's Nightmares,en,,,1994-01-01,/qQfCXXeeemOO02oLk1ApaWQqQbP.jpg,0,0,0,0,0,0,,False,,Horror,,
325617,,Lisa Cook's Deadly Workout,Lisa Cook's Deadly Workout,en,,,1994-01-01,/x5DMSFogdMdUUPNm9QvHkYjvP84.jpg,0,0,0,0,0,0,,False,,Horror,,
325620,,Caress of the Vampire 3: Lust Of The Nightstalker,Caress of the Vampire 3: Lust Of The Nightstalker,en,,,1999-01-01,/dJj8rrrzwoG66omwgMxmqQvn6z2.jpg,0,0,0,0,0,0,,False,,Horror,,
326051,,Terror Telly,Terror Telly,en,,,2012-01-01,/fadiG3dQqmNwvgmrpl92DyYTJzQ.jpg,0,0,0,0,0,0,,False,,Horror,,
326078,,Manhattan Love Suicides,Manhattan Love Suicides,en,,,1985-01-01,/3EBiDWXA18Ph97UoM6bm54MvVS7.jpg,0,0,0,0,0,0,,False,,Horror,,
326086,,Mr Rape's First Date,Mr Rape's First Date,en,,,2013-01-01,/2ZrEMtlqh6mbxJL8J1z2zjAoeaY.jpg,0,0,0,0,0,0,,False,,Horror,,
326135,,Book of Lore,Book of Lore,en,,,2007-01-01,/4jjlbdBIPiH8Ajw8oWvk8cWIXtg.jpg,0,0,0,0,0,0,,False,,Horror,,
326217,,The Legend of Black Annie,The Legend of Black Annie,en,,,2015-01-01,/ksVSogte1Fbk0ngW0XEFvdofb6d.jpg,0,0,0,0,0,0,,False,,Horror,,
326546,,Cheeseballs,Cheeseballs,en,,,2014-01-01,/meGpYqLFz4hx1MgcuFnaTCEJA56.jpg,0,0,0,0,0,0,,False,,Horror,,
326724,,Exorcism,Exorcism,en,,,2014-01-01,/tp9LToTzzPSiSK6yNpr2ysIzwzB.jpg,0,0,0,0,0,0,,False,,Horror,,
326845,,Jessica: A Ghost Story,Jessica: A Ghost Story,en,,,1992-01-01,/sJJnxaVULzClaQn7bBugtrLn9lp.jpg,0,0,0,0,0,0,,False,,Horror,,
326992,,The Bridgewater Triangle,The Bridgewater Triangle,en,,,2013-01-01,/tbr75WClSz9xStXwXBK4s7MKfcX.jpg,0,0,0,0,0,0,,False,,Horror,,
326999,,Dinner with Family with Brett Gelman and Brett Gelman's Family,Dinner with Family with Brett Gelman and Brett Gelman's Family,en,,,2015-01-01,/6yXAhb0XEoy5lkWHiis2RNSsfwZ.jpg,0,0,0,0,0,0,,False,,Horror,,
327021,,Dog Dick,Dog Dick,en,,,2014-01-01,/5pKeIpf3DjVhxInjOimDQ7qXfZc.jpg,0,0,0,0,0,0,,False,,Horror,,
327165,,Killer Kart,Killer Kart,en,,,2012-01-01,/zNu1DslOJ17y6HFp8hjF9AL13Ih.jpg,0,0,0,0,0,0,,False,,Horror,,
327674,,The Invited,The Invited,en,,,2010-01-01,/kUpZn80N6F4jtPEoXv87Xuwhvwz.jpg,0,0,0,0,0,0,,False,,Horror,,
327738,,Slumber Party Slaughter,Slumber Party Slaughter,en,,,2012-01-01,/iu8EIUFhgzBPuThKQy93HOU6orB.jpg,0,0,0,0,0,0,,False,,Horror,,
327750,,Within Madness,Within Madness,en,,,2015-01-01,/iN33M1hMsmQJ5bOmXrKQYGPNaR4.jpg,0,0,0,0,0,0,,False,,Horror,,
328014,,The Face of Fear,The Face of Fear,en,,,1990-01-01,/A8Abb8yXvKxPztpt5UdMATu4keL.jpg,0,0,0,0,0,0,,False,,Horror,,
328091,,The Eternal Present,The Eternal Present,en,,,2004-01-01,/6jEaZw4QD24zGVgVULGacjkfiAo.jpg,0,0,0,0,0,0,,False,,Horror,,
328240,,Sin in '69,Sin in '69,en,,,1969-01-01,/1Kt7aSArPbd74tCljc91mNX58v2.jpg,0,0,0,0,0,0,,False,,Horror,,
328382,,Fangoria: Blood Drive II,Fangoria: Blood Drive II,en,,,2005-01-01,/33wPj5KntV6ExHuZbZ1GrtBqBBp.jpg,0,0,0,0,0,0,,False,,Horror,,
328524,,Dark Shade Creek 2,Dark Shade Creek 2,en,,,2014-01-01,/bYn9dBtKjBv58eFtr2GOjC7DlWK.jpg,0,0,0,0,0,0,,False,,Horror,,
328525,,Days of the Iguanas,Days of the Iguanas,en,,,2013-01-01,/uLYLql4KIJtJYsA7DePpqEdbo2W.jpg,0,0,0,0,0,0,,False,,Horror,,
328526,,Death By Tights,Death By Tights,en,,,2015-01-01,/rLMmDorImkjhU3ku4HT4ybFY3o3.jpg,0,0,0,0,0,0,,False,,Horror,,
328640,,Baked Baby Jesus,Baked Baby Jesus,en,,,1990-01-01,/h5tvqwKxea4oLgWGfnazl3XO2fc.jpg,0,0,0,0,0,0,,False,,Horror,,
328985,,The Bizarre Ones,The Bizarre Ones,en,,,1968-01-01,/yg47CuGvgVc55TdBq6mOtRdIaPK.jpg,0,0,0,0,0,0,,False,,Horror,,
328989,,"1,000,000 A.D. Promo Reel","1,000,000 A.D. Promo Reel",en,,,1973-01-01,/4cE5UlqwHTTRtnW8058USqzquWk.jpg,0,0,0,0,0,0,,False,,Horror,,
329029,,Gums,Gums,en,,,1976-01-01,/m0QDYCSCspX2fzdQaRVJQT0y6XO.jpg,0,0,0,0,0,0,,False,,Horror,,
329104,,...And Then I Helped,...And Then I Helped,en,,,2010-01-01,/oFEmNEzsAfjWayXFSoVc3tcvHUx.jpg,0,0,0,0,0,0,,False,,Horror,,
329105,,A Tribute To Sanity,A Tribute To Sanity,en,,,2002-01-01,/tP1hEwEhzzHlGEj6OWtPDOt0LzN.jpg,0,0,0,0,0,0,,False,,Horror,,
329110,,His Devil's Night,His Devil's Night,en,,,2013-01-01,/np22Lk7DMlfLIoIgLIuFEIf3cum.jpg,0,0,0,0,0,0,,False,,Horror,,
329122,,Ceramic Tango,Ceramic Tango,en,,,2013-01-01,/x8v7vEd3Dj4Ftmodz0X7ONH9ZJx.jpg,0,0,0,0,0,0,,False,,Horror,,
329399,,Psycho Scarecrow,Psycho Scarecrow,en,,,1996-01-01,/wCii6vce8Ya8hrDtPtVd8Ii4I9S.jpg,0,0,0,0,0,0,,False,,Horror,,
329409,,Return to Witch Graveyard,Return to Witch Graveyard,en,,,2014-01-01,/1KAGngtUtwfLpqp574SiilOTr8O.jpg,0,0,0,0,0,0,,False,,Horror,,
329412,,The House Behind the Wall,The House Behind the Wall,en,,,2014-01-01,/eJbcHAXPlPC221fSzgeuNS14z7c.jpg,0,0,0,0,0,0,,False,,Horror,,
329549,,Lurking Terror,Lurking Terror,en,,,2002-01-01,/AT7QA8MSJqofyyxZrmNJa1gs4S.jpg,0,0,0,0,0,0,,False,,Horror,,
329556,,Landmine Goes Click,Landmine Goes Click,en,,,2015-01-01,/dRzCChRwhFXSjamEaj7wUWtTl7T.jpg,0,0,0,0,0,0,,False,,Horror,,
329838,,Deatherman,Deatherman,en,,,2012-01-01,/f3jY3SgMibPWeJwlhFp4xQkfvwR.jpg,0,0,0,0,0,0,,False,,Horror,,
330291,,T Is for Thread,T Is for Thread,en,,,2011-01-01,/jbwNrScECFhcOPXG7x57W08CCvR.jpg,0,0,0,0,0,0,,False,,Horror,,
330656,,Black Eve,Black Eve,en,,,2014-01-01,/vAEWWPouYkxxkXCE1NJFiRzvclU.jpg,0,0,0,0,0,0,,False,,Horror,,
330938,,Dark Echoes,Dark Echoes,en,,,1977-01-01,/m3tGCrhV5NIBtUugBaZ0a3Ug0yX.jpg,0,0,0,0,0,0,,False,,Horror,,
330944,,Grave Mistakes,Grave Mistakes,en,,,2008-01-01,/lBGvnoNrd5IWdAofOagPK2oWBVK.jpg,0,0,0,0,0,0,,False,,Horror,,
330980,,Box Room,Box Room,en,,,2014-01-01,/nQK0m0n6yVlL3oLkUt5ZI1w6fnG.jpg,0,0,0,0,0,0,,False,,Horror,,
330997,,Signs of End Times,Signs of End Times,en,,,2007-01-01,/hiTHY0RXR7NJk9Ps0BhNdASxhpx.jpg,0,0,0,0,0,0,,False,,Horror,,
330998,,The Signs of End Times 2,The Signs of End Times 2,en,,,2007-01-01,/jP8rUaWheg7fcsM0GdccK2NTe6I.jpg,0,0,0,0,0,0,,False,,Horror,,
331018,,Gifts from Strangers,Gifts from Strangers,en,,,2014-01-01,/v18rCovxLdMIhmX8bAfXfEvOaZj.jpg,0,0,0,0,0,0,,False,,Horror,,
331307,,Bloody Border,Bloody Border,en,,,2013-01-01,/pwXEbn0m3yfYV6kdou0wlmoFPbz.jpg,0,0,0,0,0,0,,False,,Horror,,
331446,,Sharknado 3: Oh Hell No!,Sharknado 3: Oh Hell No!,en,,,2015-01-01,/r8qy2CgaSjJYusWy3XkbZieK5aG.jpg,0,0,0,0,0,0,,False,,Horror,,
331740,,Zombie Dollz,Zombie Dollz,en,,,2015-01-01,/5QQjn7SLHaFEIfaw60XudeLzcxp.jpg,0,0,0,0,0,0,,False,,Horror,,
332160,,Big Bad Wolves,Big Bad Wolves,en,,,2006-01-01,/AdmykF5xTCuwE3UlvFvDJBvCnrF.jpg,0,0,0,0,0,0,,False,,Horror,,
332278,,"Devil's Backbone, Texas","Devil's Backbone, Texas",en,,,2015-01-01,/q10MfQUjaJqWQ9lZdGoxPrVqby0.jpg,0,0,0,0,0,0,,False,,Horror,,
332294,,Metamorfosia,Metamorfosia,en,,,2014-01-01,/4kTHfwx2AG7pxiAYEaL718sTDhH.jpg,0,0,0,0,0,0,,False,,Horror,,
332410,,An Irish Exorcism,An Irish Exorcism,en,,,2013-01-01,/cav9SdiPWm5N4sN7yRk1kByM2bV.jpg,0,0,0,0,0,0,,False,,Horror,,
332751,,"Kill, Granny, Kill!","Kill, Granny, Kill!",en,,,2015-01-01,/f0IGEsmmbiaFSlwuTp7YEmmy6HX.jpg,0,0,0,0,0,0,,False,,Horror,,
333130,,Better Off Undead,Better Off Undead,en,,,2007-01-01,/hIdOXuUyw4bL4wCj19b4ssLVvZp.jpg,0,0,0,0,0,0,,False,,Horror,,
333156,,American Commando 5: Fury in Red,American Commando 5: Fury in Red,en,,,1988-01-01,/1cfirWgY8xJZy7HBIet1rx014S9.jpg,0,0,0,0,0,0,,False,,Horror,,
333862,,Bee Sting,Bee Sting,en,,,2014-01-01,/eeUfFBMkpIT9ZLUQHiHwuwSCnsn.jpg,0,0,0,0,0,0,,False,,Horror,,
334003,,Blurred Lines,Blurred Lines,en,,,2015-01-01,/a3FX3VWYtI0F1qLcrpURx8SMGeJ.jpg,0,0,0,0,0,0,,False,,Horror,,
334038,,"Torture Me, Kiss Me","Torture Me, Kiss Me",en,,,1970-01-01,/vmnEa4jgs8DgUsbJ2Qa2wKyO2Aq.jpg,0,0,0,0,0,0,,False,,Horror,,
334141,,Badmouth,Badmouth,en,,,2011-01-01,/yED3KbSr6xeyGa2V11VAPASejxe.jpg,0,0,0,0,0,0,,False,,Horror,,
334707,,Clouds,Clouds,en,,,1984-01-01,/nUlFG5i6cwDxEWR7QCWzEtpPhxK.jpg,0,0,0,0,0,0,,False,,Horror,,
334751,,Chillers,Chillers,en,,,2015-01-01,/wNZZIlnmlDryaP2mhf34nVMDVDZ.jpg,0,0,0,0,0,0,,False,,Horror,,
335223,,Savage High,Savage High,en,,,2015-01-01,/7SFDTqhTMOgpepZBNkx6zyoHPL3.jpg,0,0,0,0,0,0,,False,,Horror,,
335448,,Applecart,Applecart,en,,,2015-01-01,/36mqGWyPp2goDnnVzVhSEPqvI8m.jpg,0,0,0,0,0,0,,False,,Horror,,
335633,,How the Sky Will Melt,How the Sky Will Melt,en,,,2015-01-01,/tuwZBlYypYRnlSmBNSXXos2gZTc.jpg,0,0,0,0,0,0,,False,,Horror,,
335646,,Bloom,Bloom,en,,,2014-01-01,/bek2KB16mUn2sqXEJCw6o6qo1e3.jpg,0,0,0,0,0,0,,False,,Horror,,
335650,,Impurity,Impurity,en,,,2015-01-01,/tP4VOxHYOxc3zrgrx4sx08rfTvr.jpg,0,0,0,0,0,0,,False,,Horror,,
335656,,Pure Bloodlines: Bloods Thicker Than Water,Pure Bloodlines: Bloods Thicker Than Water,en,,,2014-01-01,/AdPDYjhsamZekW0OBRjwmQT4VgM.jpg,0,0,0,0,0,0,,False,,Horror,,
335736,,The Mothman Curse,The Mothman Curse,en,,,2015-01-01,/35noYj81swE8xNfvc1GiPAons5J.jpg,0,0,0,0,0,0,,False,,Horror,,
335900,,Paranormal Retreat,Paranormal Retreat,en,,,2014-01-01,/lE3sLfycM9V2j9De1ZY9IhasEGi.jpg,0,0,0,0,0,0,,False,,Horror,,
336107,,Meat the Jones,Meat the Jones,en,,,2013-01-01,/rOVg9nIwjwcfNqEdGrfN331D8XT.jpg,0,0,0,0,0,0,,False,,Horror,,
336112,,A Blood Story,A Blood Story,en,,,2015-01-01,/5tNZTAhIjMryYVZZf7KSIapFMbC.jpg,0,0,0,0,0,0,,False,,Horror,,
336238,,PROBE: Unnatural Selection,PROBE: Unnatural Selection,en,,,1996-01-01,/sDh6j9fMoLsTRtkDcjnpr5Lm1OR.jpg,0,0,0,0,0,0,,False,,Horror,,
336295,,Gutterballs 2: Balls Deep,Gutterballs 2: Balls Deep,en,,,2015-01-01,/gnEyWqLkQtjQv1bAsrfnbnXOdk6.jpg,0,0,0,0,0,0,,False,,Horror,,
337021,,Little Miss Innocence,Little Miss Innocence,en,,,1973-01-01,/l0iMIU7NXaLY115JWmgkIvzGEJk.jpg,0,0,0,0,0,0,,False,,Horror,,
337288,,The Animal,The Animal,en,,,1968-01-01,/w8CVcb4r7A4VhNw1uct5lZ9oydt.jpg,0,0,0,0,0,0,,False,,Horror,,
337558,,Witchdoctor of the Livingdead,Witchdoctor of the Livingdead,en,,,1986-01-01,/kDXDY163PMNuV88lR7MGIARRcvW.jpg,0,0,0,0,0,0,,False,,Horror,,
337857,,Reaver,Reaver,en,,,2013-01-01,/6WNGKEQ0XysbktigNUM7Dd119zp.jpg,0,0,0,0,0,0,,False,,Horror,,
337928,,Lock Up Your Daughters,Lock Up Your Daughters,en,,,1959-01-01,/mrdbLfOLzcYji4ffNvntfft88Vk.jpg,0,0,0,0,0,0,,False,,Horror,,
337989,,Six She's and a He,Six She's and a He,en,,,1963-01-01,/sIuleUAG1kGOh5VKJWMiJ2H9je5.jpg,0,0,0,0,0,0,,False,,Horror,,
338053,,Weekend of Fear,Weekend of Fear,en,,,1966-01-01,/uEjg1yQgAH0ROCsbOmNE6lWCbNr.jpg,0,0,0,0,0,0,,False,,Horror,,
338394,,Jack and Jill,Jack and Jill,en,,,2003-01-01,/A8WmCrDBgGXU8SIiXWk4CTbEaPi.jpg,0,0,0,0,0,0,,False,,Horror,,
338677,,Actiongirls: Soldiers of the Dead - Part 1,Actiongirls: Soldiers of the Dead - Part 1,en,,,2007-01-01,/cWf2TUYrJKyTs5gNUcwjsZ573xz.jpg,0,0,0,0,0,0,,False,,Horror,,
339002,,2Survive,2Survive,en,,,2015-01-01,/5qW33nnmnCQPA9n1rweLGG3jht0.jpg,0,0,0,0,0,0,,False,,Horror,,
339373,,7 Sins Of The Vampire,7 Sins Of The Vampire,en,,,2013-01-01,/eRLFqLIwSy2SobC1zO9ajFgl9mD.jpg,0,0,0,0,0,0,,False,,Horror,,
340033,,Seance,Seance,en,,,2001-01-01,/dw7UqjFzEODTQMbQyDQ8SFQfjTZ.jpg,0,0,0,0,0,0,,False,,Horror,,
340165,,Unwanted Presence,Unwanted Presence,en,,,2014-01-01,/qKLV7cLd2QLPoMICpyZDQ06lPNA.jpg,0,0,0,0,0,0,,False,,Horror,,
340204,,Medusa,Medusa,en,,,2015-01-01,/A3JiSA7Lgu2h86nR1IlD2PEXRTq.jpg,0,0,0,0,0,0,,False,,Horror,,
340431,,The Obsessed One,The Obsessed One,en,,,1974-01-01,/gKyuEMR8miDMnpny9LYUsvi6kik.jpg,0,0,0,0,0,0,,False,,Horror,,
340820,,Lessons in Love,Lessons in Love,en,,,2013-01-01,/oIxLXk7YOmqxob0mEuNjDrutKIj.jpg,0,0,0,0,0,0,,False,,Horror,,
341057,,I Told You Not to Call the Police,I Told You Not to Call the Police,en,,,2010-01-01,/2T08sPYhavov8VIoEQT2zzS4ajh.jpg,0,0,0,0,0,0,,False,,Horror,,
341460,,Horror Rock,Horror Rock,en,,,1989-01-01,/68taz98M9rxSJPfIWtbEdmJJRxk.jpg,0,0,0,0,0,0,,False,,Horror,,
341606,,Happy Holidays,Happy Holidays,en,,,2010-01-01,/tOdkxYoo1X6Rt3RBENbPqo1Y9WA.jpg,0,0,0,0,0,0,,False,,Horror,,
341607,,Tides of the Heart,Tides of the Heart,en,,,2009-01-01,/oYV06aX2gcGhckJmWWwIxd2iiDC.jpg,0,0,0,0,0,0,,False,,Horror,,
341654,,Frankenstein Vs. Hitler,Frankenstein Vs. Hitler,en,,,2011-01-01,/vXs7FIx4I5eVnl1O2LhIybSmoQI.jpg,0,0,0,0,0,0,,False,,Horror,,
341841,,Crippled Creek,Crippled Creek,en,,,2005-01-01,/6pNP2PcCitBg3fCPSL20asAUYwj.jpg,0,0,0,0,0,0,,False,,Horror,,
342391,,Sickness House,Sickness House,en,,,2006-01-01,/ikbhvP5W1RuBG7G1QHV0TG0EYf1.jpg,0,0,0,0,0,0,,False,,Horror,,
342730,,House of Whores,House of Whores,en,,,2015-01-01,/ovvnItMth51cE7ByJ6oIu9eCLCb.jpg,0,0,0,0,0,0,,False,,Horror,,
342757,,The Eyes Have It,The Eyes Have It,en,,,1973-01-01,/3YR6mcNwtZbS9iGAPJVvA72XkP1.jpg,0,0,0,0,0,0,,False,,Horror,,
343004,,Homicycle,Homicycle,en,,,2014-01-01,/n2EGAso44UlGbkLTMSw93LtQDfv.jpg,0,0,0,0,0,0,,False,,Horror,,
343101,,Devil Dog,Devil Dog,en,,,2007-01-01,/1ca36Dz4MCi0m1OgGIOjUxh6oKk.jpg,0,0,0,0,0,0,,False,,Horror,,
343476,,Wolfman Chronicles: A Cinematic Scrapbook,Wolfman Chronicles: A Cinematic Scrapbook,en,,,1991-01-01,/vWq230Su50jdsXYFo1QFzkFCoVN.jpg,0,0,0,0,0,0,,False,,Horror,,
343664,,Junk Bonds: The Return of Junkbucket,Junk Bonds: The Return of Junkbucket,en,,,2013-01-01,/b8qbKDxSiEtCIG7UWc0Yq4uiqck.jpg,0,0,0,0,0,0,,False,,Horror,,
343753,,Junkbucket,Junkbucket,en,,,2008-01-01,/6GkDqtcseO7wwYOFi4nmqeNWfqn.jpg,0,0,0,0,0,0,,False,,Horror,,
343801,,Call Girl,Call Girl,en,,,2014-01-01,/6tdH7l6bpCDNsYtt5AxCtANwRcl.jpg,0,0,0,0,0,0,,False,,Horror,,
344001,,M Is for Malnutrition,M Is for Malnutrition,en,,,2013-01-01,/dQED4TeHOkZ5MXV7ipMRkqkssYO.jpg,0,0,0,0,0,0,,False,,Horror,,
344088,,Eat Your Makeup,Eat Your Makeup,en,,,1968-01-01,/ev8RbzryYGFgS3YNXSKG3hWXCFB.jpg,0,0,0,0,0,0,,False,,Horror,,
344147,,Sharktopus vs. Whalewolf,Sharktopus vs. Whalewolf,en,,,2015-01-01,/zzsZYcM5WSXnpNT9dEZQr4U7oWa.jpg,0,0,0,0,0,0,,False,,Horror,,
344270,,Cross-Roads,Cross-Roads,en,,,1955-01-01,/yhlC7DhL3LoizCPinIeX27jZ39N.jpg,0,0,0,0,0,0,,False,,Horror,,
344519,,The Adventures of the Spirit,The Adventures of the Spirit,en,,,1963-01-01,/vgzIdUZOS5fhA9M7QRoC72FU1fF.jpg,0,0,0,0,0,0,,False,,Horror,,
344559,,3 Sisters,3 Sisters,en,,,2015-01-01,/4Y9jFGq15iiKIO5nKkThRaarkPg.jpg,0,0,0,0,0,0,,False,,Horror,,
344760,,Frankenstein de Sade,Frankenstein de Sade,en,,,1969-01-01,/2W4uMS7qfbyVlo9olIALdqUMMD4.jpg,0,0,0,0,0,0,,False,,Horror,,
344885,,Fanny Hill Meets Dr. Erotico,Fanny Hill Meets Dr. Erotico,en,,,1969-01-01,/yjBGBvFfOmKyb6FDyszc1Ayq1xS.jpg,0,0,0,0,0,0,,False,,Horror,,
344898,,Hanging Heart,Hanging Heart,en,,,1989-01-01,/s90XOLlu27oGhSy8f3OIvzSoSuG.jpg,0,0,0,0,0,0,,False,,Horror,,
345035,,The Horror Show,The Horror Show,en,,,1979-01-01,/uAxYOfXdqyl4RP5mau0Czmvf73c.jpg,0,0,0,0,0,0,,False,,Horror,,
345091,,Mimesis,Mimesis,en,,,2006-01-01,/6K2ZxQb4LRtUfbWkhrS6AgNXRcO.jpg,0,0,0,0,0,0,,False,,Horror,,
345154,,Gamatisme,Gamatisme,en,,,2015-01-01,/wzB5YVO4OA3KsiB2iUT0EB36t0f.jpg,0,0,0,0,0,0,,False,,Horror,,
345252,,Ghost Meets World,Ghost Meets World,en,,,2016-01-01,/qL9QiU0vFWc7CdKtqqLTGUZoQUC.jpg,0,0,0,0,0,0,,False,,Horror,,
345781,,The Outcasts,The Outcasts,en,,,1983-01-01,/5aAnJsME6S4nmYXhQu8K0JATXaL.jpg,0,0,0,0,0,0,,False,,Horror,,
346633,,Fangoria: Blood Drive,Fangoria: Blood Drive,en,,,2004-01-01,/dqXjCdfwAt4uYWvclr2sEbot3dO.jpg,0,0,0,0,0,0,,False,,Horror,,
346939,,Demon Messenger,Demon Messenger,en,,,2012-01-01,/kSXRo4uwSrgyhTCZd2Xdgl5QIpD.jpg,0,0,0,0,0,0,,False,,Horror,,
346960,,Peggy and Fred in Hell: The Complete Cycle,Peggy and Fred in Hell: The Complete Cycle,en,,,2002-01-01,/yxRNAmHG74vw4S6X5tNziVlct9n.jpg,0,0,0,0,0,0,,False,,Horror,,
346977,,Skunk Ape!?,Skunk Ape!?,en,,,2003-01-01,/1aNdB8YKz8FcaN19ZEiemZ0idKD.jpg,0,0,0,0,0,0,,False,,Horror,,
346986,,Feast Of Fools,Feast Of Fools,en,,,2004-01-01,/7HpFcjuC1nr51k4hbAxPbFbqqRU.jpg,0,0,0,0,0,0,,False,,Horror,,
347167,,E.N.D. - The Movie,E.N.D. - The Movie,en,,,2015-01-01,/9IPLS6NRiQr3PFCvKHtcKXLDb5V.jpg,0,0,0,0,0,0,,False,,Horror,,
347425,,Manje',Manje',en,,,2007-01-01,/m2Ptcau50NrGgFXLHUQdtgalYLt.jpg,0,0,0,0,0,0,,False,,Horror,,
347501,,The Animal,The Animal,en,,,1976-01-01,/zaoxTjn0WwokJvUBbB7bIuZG2O5.jpg,0,0,0,0,0,0,,False,,Horror,,
347852,,Farhope Tower,Farhope Tower,en,,,2015-01-01,/2ZsE0oe3CIi20D0ezXXQN4ebGvM.jpg,0,0,0,0,0,0,,False,,Horror,,
347973,,My Bloody Banjo,My Bloody Banjo,en,,,2015-01-01,/qfhySg1E6oQTnOGZrbTo4rnVTAz.jpg,0,0,0,0,0,0,,False,,Horror,,
348049,,Stealth Hunters,Stealth Hunters,en,,,1991-01-01,/ni1FVu3QjuyXCVhTabTkcEP9XB4.jpg,0,0,0,0,0,0,,False,,Horror,,
348157,,Berdella,Berdella,en,,,2009-01-01,/5jFLjnabDudESwcj2M4TP7Nr47L.jpg,0,0,0,0,0,0,,False,,Horror,,
348191,,Leviathan: The Story of Hellraiser and Hellbound: Hellraiser II,Leviathan: The Story of Hellraiser and Hellbound: Hellraiser II,en,,,2015-01-01,/h4dyILtcV4mGBDeW2HHb8IEzO03.jpg,0,0,0,0,0,0,,False,,Horror,,
348260,,The Transparent Woman,The Transparent Woman,en,,,2015-01-01,/j9whQSi6R1GcFpF16NE0SWIAlPs.jpg,0,0,0,0,0,0,,False,,Horror,,
348264,,Doll Syndrome,Doll Syndrome,en,,,2014-01-01,/4a1K7j1jf8lIxuvcwI2oEEWUoTR.jpg,0,0,0,0,0,0,,False,,Horror,,
348366,,The Last Halloween,The Last Halloween,en,,,2013-01-01,/1lLvhVBlX6TsD3LtLSsgApHFGXU.jpg,0,0,0,0,0,0,,False,,Horror,,
348493,,Dead Friends,Dead Friends,en,,,2011-01-01,/xrzagvFUFTvq1SWatNnfrbMguZR.jpg,0,0,0,0,0,0,,False,,Horror,,
349057,,Blood Money,Blood Money,en,,,1997-01-01,/cMQvDUqqPyaB6diUHqsmh89pgC6.jpg,0,0,0,0,0,0,,False,,Horror,,
349135,,Roboshark,Roboshark,en,,,2015-01-01,/w9odZRm3gk2NEhuhX0eoYGzhQ0J.jpg,0,0,0,0,0,0,,False,,Horror,,
351049,,La apuesta de Pascal,La apuesta de Pascal,en,,,2012-01-01,/icjcxvKbPbNZYL3ubZFwrJCvFko.jpg,0,0,0,0,0,0,,False,,Horror,,
351066,,My Head Hurts,My Head Hurts,en,,,2000-01-01,/2BOMZXwjZggGYBvK5GqTViJQx4J.jpg,0,0,0,0,0,0,,False,,Horror,,
351743,,Camera Phone,Camera Phone,en,,,2012-01-01,/4Wjhdupf2EQwNLGoskMd0N82B5y.jpg,0,0,0,0,0,0,,False,,Horror,,
352386,,Bad Guy #2,Bad Guy #2,en,,,2015-01-01,/v9lSEqQ44MopJ0AiigVXoSxnqY4.jpg,0,0,0,0,0,0,,False,,Horror,,
352818,,Monster Machine,Monster Machine,en,,,2013-01-01,/x580VuOntNEmU4t3Cy4ZdZ3bHOG.jpg,0,0,0,0,0,0,,False,,Horror,,
352942,,One in a Million,One in a Million,en,,,1986-01-01,/kz4HfloN5eNPA9a1HXqRUsEqKvT.jpg,0,0,0,0,0,0,,False,,Horror,,
353082,,Suffer the Little Children,Suffer the Little Children,en,,,2006-01-01,/7XJ43SByGhtnqzPrO5DzogtbOJE.jpg,0,0,0,0,0,0,,False,,Horror,,
353090,,Chill: The Killing Games,Chill: The Killing Games,en,,,2013-01-01,/2bIy1pxmnPBRydUbkYRoBYtHw98.jpg,0,0,0,0,0,0,,False,,Horror,,
353487,,Loony in the Woods,Loony in the Woods,en,,,2006-01-01,/zoOZJqErB5qmGbIAUjO17F0J2be.jpg,0,0,0,0,0,0,,False,,Horror,,
353656,,Pray.,Pray.,en,,,2007-01-01,/xSCPo4iBeOsRbd5wz3AGETotuUs.jpg,0,0,0,0,0,0,,False,,Horror,,
353800,,Night Visitors,Night Visitors,en,,,1987-01-01,/q1wGOVd240VUd3PXYsjBcL7Fe6D.jpg,0,0,0,0,0,0,,False,,Horror,,
353948,,Wake Before I Die,Wake Before I Die,en,,,2011-01-01,/rgbYGkl9s6yq9qgwPjZeXCnJjJk.jpg,0,0,0,0,0,0,,False,,Horror,,
354021,,The Sun and the Moon,The Sun and the Moon,en,,,2008-01-01,/6AbTJnZ3l7rYgJm3xX2dutlCgTN.jpg,0,0,0,0,0,0,,False,,Horror,,
354032,,The Bloody Indulgent,The Bloody Indulgent,en,,,2014-01-01,/83AtmwilG2qcY9bVeUMKU5koKmF.jpg,0,0,0,0,0,0,,False,,Horror,,
354108,,Girl Explores Girl: The Alien Encounter,Girl Explores Girl: The Alien Encounter,en,,,1998-01-01,/gfT2yJr5SDWabecMKkpAmbxN8J6.jpg,0,0,0,0,0,0,,False,,Horror,,
354135,,Never Play with the Dead,Never Play with the Dead,en,,,2001-01-01,/vxGWfh1wqgCGHhhhaRjDycY5ytm.jpg,0,0,0,0,0,0,,False,,Horror,,
354263,,The Oz Witch Project,The Oz Witch Project,en,,,1999-01-01,/isR1mpr5XjGWUHnfG44wDV163wI.jpg,0,0,0,0,0,0,,False,,Horror,,
354325,,Govan Ghost Story,Govan Ghost Story,en,,,1989-01-01,/b4vKNAnn97Wmk6Qbi73DTBVUCOF.jpg,0,0,0,0,0,0,,False,,Horror,,
354642,,Censored,Censored,en,,,1965-01-01,/gHU7BQBQ96sVRrug7M6RnGVA2O7.jpg,0,0,0,0,0,0,,False,,Horror,,
354651,,A Weekend with Strangers,A Weekend with Strangers,en,,,1971-01-01,/vgbJSFZsbJBZWoB7hIa0Dh3t4aq.jpg,0,0,0,0,0,0,,False,,Horror,,
354668,,Revenge of Bigfoot,Revenge of Bigfoot,en,,,1979-01-01,/dkZYVma8NvFuhM9mREqnTFdeObh.jpg,0,0,0,0,0,0,,False,,Horror,,
355743,,Deception,Deception,en,,,2010-01-01,/wRXz5odJkSur2iF2pfRuiMVYTdZ.jpg,0,0,0,0,0,0,,False,,Horror,,
356877,,The Sleep of Death,The Sleep of Death,en,,,1980-01-01,/p0nWQ8JDVoFEyXWUeH7GrHi7iEJ.jpg,0,0,0,0,0,0,,False,,Horror,,
357007,,Flesh for Olivia,Flesh for Olivia,en,,,2002-01-01,/tWCDtqS5vMsk96RSMdVIqxrrD8l.jpg,0,0,0,0,0,0,,False,,Horror,,
357235,,Turned,Turned,en,,,2015-01-01,/5jl5tCcfka8zyLSBtz1e5ds1w2M.jpg,0,0,0,0,0,0,,False,,Horror,,
358392,,Pulau Hantu,Pulau Hantu,en,,,2008-01-01,/nfuTU8dCm0003WD9K2s1xyVqes2.jpg,0,0,0,0,0,0,,False,,Horror,,
358724,,The Other One,The Other One,en,,,2014-01-01,/3zXmMWetzANxznh1LrgGOwxkkG2.jpg,0,0,0,0,0,0,,False,,Horror,,
358770,,Portal to Hell!!!,Portal to Hell!!!,en,,,2015-01-01,/zpZNFCBFhV3508lGOnJOFgvTyb8.jpg,0,0,0,0,0,0,,False,,Horror,,
358802,,Homeless Joe,Homeless Joe,en,,,2010-01-01,/vNjvvpOhQM0bScbOGlbNebgETad.jpg,0,0,0,0,0,0,,False,,Horror,,
359020,,Pincushion,Pincushion,en,,,2010-01-01,/xmMJcyeaUf4Rq28WwRf9CNFsEhp.jpg,0,0,0,0,0,0,,False,,Horror,,
359062,,Theatre of the Deranged II,Theatre of the Deranged II,en,,,2013-01-01,/3rSSfsUyBn2y8KkTFsMUeyryRYF.jpg,0,0,0,0,0,0,,False,,Horror,,
359083,,Valentine Surprise,Valentine Surprise,en,,,2014-01-01,/7teEKZkaJMdElXHgTRkVH0yabtT.jpg,0,0,0,0,0,0,,False,,Horror,,
359186,,The Fappening,The Fappening,en,,,2015-01-01,/rvRIst9HRQs9tE5y0CH5YbpVM7h.jpg,0,0,0,0,0,0,,False,,Horror,,
359606,,Baby Did a Bat Bat Thing,Baby Did a Bat Bat Thing,en,,,2014-01-01,/qQtjsnHHXUIUXCqTkXcSavmImfT.jpg,0,0,0,0,0,0,,False,,Horror,,
359753,,The Fogbrook Thing,The Fogbrook Thing,en,,,1985-01-01,/5St7Om5P260UjQZ4afMnnT3mDPZ.jpg,0,0,0,0,0,0,,False,,Horror,,
360126,,Pyromaniac,Pyromaniac,en,,,1995-01-01,/8o7wwSdAkir8b3ZydeUJZKS53K5.jpg,0,0,0,0,0,0,,False,,Horror,,
360285,,All Hallows Eve: October 30th,All Hallows Eve: October 30th,en,,,2015-01-01,/vmrFZVyXGQFqdqAnqByjiXhvt6I.jpg,0,0,0,0,0,0,,False,,Horror,,
360328,,Dartmoor Killing,Dartmoor Killing,en,,,2015-01-01,/nG3j5LSHEf7fnYTsnmngZ4lKGKA.jpg,0,0,0,0,0,0,,False,,Horror,,
360413,,Mr D's No Thing Tales,Mr D's No Thing Tales,en,,,2015-01-01,/eCflxtbtJwovQwuEjfZzE6TE90c.jpg,0,0,0,0,0,0,,False,,Horror,,
360833,,Boogeyman: Reincarnation,Boogeyman: Reincarnation,en,,,2016-01-01,/m7UwByARE76YeC8MouAOVf4KAcn.jpg,0,0,0,0,0,0,,False,,Horror,,
360924,,Red Billabong,Red Billabong,en,,,2016-01-01,/2bhjpG6aq8i0VKs1pU4kw96cLy3.jpg,0,0,0,0,0,0,,False,,Horror,,
361022,,Hush Up Sweet Charlotte,Hush Up Sweet Charlotte,en,,,2015-01-01,/xqohkLBNhy8NmVaKHvtfhOd9Sq3.jpg,0,0,0,0,0,0,,False,,Horror,,
361265,,Trees,Trees,en,,,2000-01-01,/gT7AFwM6igcaIYkrzemsjXK5Jp6.jpg,0,0,0,0,0,0,,False,,Horror,,
361268,,Trees 2: The Root of All Evil,Trees 2: The Root of All Evil,en,,,2004-01-01,/svJkRhwBNrTjSA98qGr32fYgsFa.jpg,0,0,0,0,0,0,,False,,Horror,,
361470,,Apparition of Evil,Apparition of Evil,en,,,2014-01-01,/tV60UcEUt1kES4Btq5UFaKCw79w.jpg,0,0,0,0,0,0,,False,,Horror,,
361554,,Don't Nag Me,Don't Nag Me,en,,,1987-01-01,/sjFm06lKqZvGjbioIZYersoPql5.jpg,0,0,0,0,0,0,,False,,Horror,,
361828,,Snuff Video: Volume Red,Snuff Video: Volume Red,en,,,1997-01-01,/wyZzoFI0AwTi9dgHvFfhFvJOmsT.jpg,0,0,0,0,0,0,,False,,Horror,,
362443,,Fangboner,Fangboner,en,,,2015-01-01,/myVYry0XkdRMUb3LUuLCWhu49mY.jpg,0,0,0,0,0,0,,False,,Horror,,
362587,,Deathly,Deathly,en,,,2015-01-01,/o2XBgmKrdYoE8s8nPoYOiCW4im5.jpg,0,0,0,0,0,0,,False,,Horror,,
362807,,Paranoid,Paranoid,en,,,2000-01-01,/cM7MXLsK2wCBPOaS0Kx4lGF3GwO.jpg,0,0,0,0,0,0,,False,,Horror,,
362900,,Strange Factories,Strange Factories,en,,,2013-01-01,/sROiMOzHMkNwNZG5E9eCpFKtoKW.jpg,0,0,0,0,0,0,,False,,Horror,,
363107,,1 2 3,1 2 3,en,,,2015-01-01,/d6j0bNuJLiB7JSO2KJFBXi0lpj2.jpg,0,0,0,0,0,0,,False,,Horror,,
363275,,Gelato Giallo,Gelato Giallo,en,,,2015-01-01,/iLVc5FsqegJwqfnkPA5LgLLiUCc.jpg,0,0,0,0,0,0,,False,,Horror,,
363284,,Night of the Bums,Night of the Bums,en,,,1998-01-01,/gGSfDUhzQjHHHDDNcWoZcm1ifgH.jpg,0,0,0,0,0,0,,False,,Horror,,
363717,,The Munsters: Family Portrait,The Munsters: Family Portrait,en,,,2008-01-01,/iD3QUB1zUlAMbaRIRIMovPksGG7.jpg,0,0,0,0,0,0,,False,,Horror,,
363842,,Phometrica,Phometrica,en,,,2015-01-01,/A3xlwR1xjcrX30ZodAeQTNVzJvM.jpg,0,0,0,0,0,0,,False,,Horror,,
363994,,The Narrative of Victor Karloch,The Narrative of Victor Karloch,en,,,2012-01-01,/d9lZ5CRJnke4Zb4FL2ULhI4mr4I.jpg,0,0,0,0,0,0,,False,,Horror,,
364197,,The Toxic Retards,The Toxic Retards,en,,,2015-01-01,/c4B7Yl1I5vlQzk1Oj9Nu2ckKRxS.jpg,0,0,0,0,0,0,,False,,Horror,,
364220,,The Keeping Hours,The Keeping Hours,en,,,2017-01-01,/34IyXcl44VG9VVEps0rBgNo9jQb.jpg,0,0,0,0,0,0,,False,,Horror,,
364422,,Abomination: The Evilmaker II,Abomination: The Evilmaker II,en,,,2003-01-01,/jcz4UpinaUletVBxaqkmJKVrNdh.jpg,0,0,0,0,0,0,,False,,Horror,,
364465,,P=ωρ The Dark Energy,P=ωρ The Dark Energy,en,,,2015-01-01,/6hOUKL6tjRdFltHSIWMnStasExC.jpg,0,0,0,0,0,0,,False,,Horror,,
364482,,Boniato,Boniato,en,,,2016-01-01,/fhJablwrE9dLnqieDxoZg5fYJza.jpg,0,0,0,0,0,0,,False,,Horror,,
364496,,IBOP: International Brotherhood of Pancakes,IBOP: International Brotherhood of Pancakes,en,,,2015-01-01,/6BnoW59wqBxGGTZOOKTHCmkChgC.jpg,0,0,0,0,0,0,,False,,Horror,,
364767,,Follow That Skirt,Follow That Skirt,en,,,1965-01-01,/vvx9VyXga7Ok4T0ijwRM8yWJPLP.jpg,0,0,0,0,0,0,,False,,Horror,,
365008,,Off Season,Off Season,en,,,2009-01-01,/tf6KBhxAF5ecVtFCsmVWvCjNvp.jpg,0,0,0,0,0,0,,False,,Horror,,
365152,,Downstairs,Downstairs,en,,,2014-01-01,/o9lAVhUoQh4DloZ4F4z6nahhP5I.jpg,0,0,0,0,0,0,,False,,Horror,,
365458,,The Storybook Killer,The Storybook Killer,en,,,2015-01-01,/qE8udtqIVdW1AJJYllxabXEfXZJ.jpg,0,0,0,0,0,0,,False,,Horror,,
365537,,Blood Sacrifice,Blood Sacrifice,en,,,2002-01-01,/vUYPP17tGQMu0dCpfmkvc6paM7w.jpg,0,0,0,0,0,0,,False,,Horror,,
365645,,Satan Claus,Satan Claus,en,,,2000-01-01,/qeDtgrqHIdjLinuUzyS0bUMLCF9.jpg,0,0,0,0,0,0,,False,,Horror,,
365720,,Taven,Taven,en,,,2015-01-01,/yUqkomD56m0iYcMRjzZdMVp3yK0.jpg,0,0,0,0,0,0,,False,,Horror,,
365768,,Predatory Lender,Predatory Lender,en,,,2014-01-01,/vbN3a5MRIFyLT1YgPAuvnx4OhJ3.jpg,0,0,0,0,0,0,,False,,Horror,,
365842,,The Witching Hour,The Witching Hour,en,,,2015-01-01,/a0gJJkG5Y4iOpcgU3AhKZEBZBXb.jpg,0,0,0,0,0,0,,False,,Horror,,
366086,,666 sq ft,666 sq ft,en,,,2015-01-01,/rBfYohn1AMvLVnryksr4wRMUfkw.jpg,0,0,0,0,0,0,,False,,Horror,,
366150,,Far Out,Far Out,en,,,2007-01-01,/klrwiQlvcJLZcISrESLLcIlJM0D.jpg,0,0,0,0,0,0,,False,,Horror,,
366210,,The Nullarbor Nymph,The Nullarbor Nymph,en,,,2012-01-01,/xnnD5p42XPb58uwybyRdOKAM1oh.jpg,0,0,0,0,0,0,,False,,Horror,,
366897,,Copycat,Copycat,en,,,2015-01-01,/12t7ZIPZxniQbmIserA3ppNhHun.jpg,0,0,0,0,0,0,,False,,Horror,,
367249,,Faces of Horror,Faces of Horror,en,,,1989-01-01,/c088ZVoRNHvPARrsc4kOA61AWJ4.jpg,0,0,0,0,0,0,,False,,Horror,,
367930,,Primrose Lane,Primrose Lane,en,,,2015-01-01,/d9QrVenUbOF70T9Lge420Cz6deo.jpg,0,0,0,0,0,0,,False,,Horror,,
368323,,The Stay,The Stay,en,,,2015-01-01,/xqRV68vwGCsjjtrxBVoDFEhV90i.jpg,0,0,0,0,0,0,,False,,Horror,,
369163,,Jacker,Jacker,en,,,1993-01-01,/aXoKePOzJwztYDfqC5hMaM9gxgH.jpg,0,0,0,0,0,0,,False,,Horror,,
369306,,Deathly Presents,Deathly Presents,en,,,2015-01-01,/76lZ8VtNIiblslMj9eu5dLTPzgl.jpg,0,0,0,0,0,0,,False,,Horror,,
369517,,Dark Reality,Dark Reality,en,,,2006-01-01,/aMNuKxwqZZS46CnBiIbI8kvb2zf.jpg,0,0,0,0,0,0,,False,,Horror,,
369732,,M Is for Mom,M Is for Mom,en,,,2013-01-01,/xZ6GcN99nNkQ8t6xC2lFriZfYrO.jpg,0,0,0,0,0,0,,False,,Horror,,
369763,,The School in the Woods,The School in the Woods,en,,,2010-01-01,/xJfHdyH4oAVacWYKm137nYAbq28.jpg,0,0,0,0,0,0,,False,,Horror,,
369829,,Terror of Blood Gym,Terror of Blood Gym,en,,,1995-01-01,/rrXdWwPhDonM1CHA0mjyMejVCr4.jpg,0,0,0,0,0,0,,False,,Horror,,
369830,,Zombie Love Slave,Zombie Love Slave,en,,,1999-01-01,/iXOFwANl9ryGlunTjTdLsvH1nPg.jpg,0,0,0,0,0,0,,False,,Horror,,
370098,,And Then YOU Die!,And Then YOU Die!,en,,,2013-01-01,/qkChHAf17O9JR9boREIFx2BQwDh.jpg,0,0,0,0,0,0,,False,,Horror,,
370104,,Entrails and Amour,Entrails and Amour,en,,,2015-01-01,/sfbdmhMXMShPDf6eaZl3PdUG31z.jpg,0,0,0,0,0,0,,False,,Horror,,
370191,,Hemo,Hemo,en,,,2011-01-01,/d5loM4OmNxBTaxTXaqEj2f5TCoy.jpg,0,0,0,0,0,0,,False,,Horror,,
370209,,Homicidal Maniac,Homicidal Maniac,en,,,2007-01-01,/hRGPEuf9AYlmlhQiogVZcnLb2IH.jpg,0,0,0,0,0,0,,False,,Horror,,
370311,,Fresh Acconci,Fresh Acconci,en,,,1995-01-01,/psVzg6jWFJJn9AStVi9YlMZjgFh.jpg,0,0,0,0,0,0,,False,,Horror,,
370324,,Devil Makes Work,Devil Makes Work,en,,,2014-01-01,/yY8MPz74W4wCSCYTRf1o5odG0p1.jpg,0,0,0,0,0,0,,False,,Horror,,
370396,,The Spirit Hunter,The Spirit Hunter,en,,,2004-01-01,/mBedBcaS3Rf7m3pYqcoZKDjWL3w.jpg,0,0,0,0,0,0,,False,,Horror,,
370460,,In Memory Of,In Memory Of,en,,,2018-01-01,/y2spl4arMHsinVxdTfdcOi7xDcd.jpg,0,0,0,0,0,0,,False,,Horror,,
371213,,Flesh Freaks,Flesh Freaks,en,,,2000-01-01,/jh2STSSEwdYQsJKnhijNT0MvhBW.jpg,0,0,0,0,0,0,,False,,Horror,,
371336,,Filthy,Filthy,en,,,2003-01-01,/bGd8RalFWPXLlLn51KqfkXJhcOG.jpg,0,0,0,0,0,0,,False,,Horror,,
371386,,The Farm,The Farm,en,,,2009-01-01,/s90Rq7luPMx5em4GVcG4i2l8QpE.jpg,0,0,0,0,0,0,,False,,Horror,,
371851,,Danish & Blue,Danish & Blue,en,,,1970-01-01,/oZAw0ry1AK1ITmyEXSx9bbp4SX7.jpg,0,0,0,0,0,0,,False,,Horror,,
372639,,Written in Blood,Written in Blood,en,,,1998-01-01,/o3q2pfuORDwqYhwzBCyRifcrZZF.jpg,0,0,0,0,0,0,,False,,Horror,,
374167,,Absolute Zombies,Absolute Zombies,en,,,2015-01-01,/4bRDFSTjUVCvUUChwQc1jdrovbj.jpg,0,0,0,0,0,0,,False,,Horror,,
374221,,One Hour to Die,One Hour to Die,en,,,2012-01-01,/ludZyhooUYu91imh7pk7RcoP9xu.jpg,0,0,0,0,0,0,,False,,Horror,,
374515,,Stalked by My Doctor,Stalked by My Doctor,en,,,2015-01-01,/fJn7Mo1RjC0mTqiiVY0T2VlSmwz.jpg,0,0,0,0,0,0,,False,,Horror,,
374833,,Mutant Massacre,Mutant Massacre,en,,,1991-01-01,/wDeeewOPg1Q6R9E2ktyJgvowWOd.jpg,0,0,0,0,0,0,,False,,Horror,,
375664,,The Hunt,The Hunt,en,,,2011-01-01,/mxG7OvFUe8WwIwp1VG209xnT9Tv.jpg,0,0,0,0,0,0,,False,,Horror,,
375676,,Cockpit: The Rule of Engagement,Cockpit: The Rule of Engagement,en,,,2012-01-01,/zWvCTBBaaGbuOoaE3y7xsBxSWrX.jpg,0,0,0,0,0,0,,False,,Horror,,
375815,,Slimy Little Bastards,Slimy Little Bastards,en,,,2015-01-01,/rKCU9oV2MSFxyQCn2dgrZaxSzJ7.jpg,0,0,0,0,0,0,,False,,Horror,,
376416,,Blood Countess 2: The Mayhem Begins,Blood Countess 2: The Mayhem Begins,en,,,2008-01-01,/zRYj8D5seoVmIX3wjVV0bCYr71e.jpg,0,0,0,0,0,0,,False,,Horror,,
376507,,From the Inside,From the Inside,en,,,2010-01-01,/1kwlAualdATxCaDVXWdHK6hB9eF.jpg,0,0,0,0,0,0,,False,,Horror,,
376537,,B.C. Butcher,B.C. Butcher,en,,,2016-01-01,/ksCo5XqVmZe4aDV7NU8fIZYzE9a.jpg,0,0,0,0,0,0,,False,,Horror,,
376563,,The Hours Till Daylight,The Hours Till Daylight,en,,,2016-01-01,/s5N9rt7OAW1BPRmETNpYPRLtNzN.jpg,0,0,0,0,0,0,,False,,Horror,,
377039,,The Uninvited,The Uninvited,en,,,1999-01-01,/rclh6LoiJ19wHe0kbxSBEW1QIGM.jpg,0,0,0,0,0,0,,False,,Horror,,
377448,,The Rocky Horror Picture Show: Let's Do the Time Warp Again,The Rocky Horror Picture Show: Let's Do the Time Warp Again,en,,,2016-01-01,/56KEpnJWe5KvpiPu5XmK14L7Wyr.jpg,0,0,0,0,0,0,,False,,Horror,,
377635,,Hopscotch,Hopscotch,en,,,2015-01-01,/cS9g9hCR6zCQtiED5lGpwqiR8YP.jpg,0,0,0,0,0,0,,False,,Horror,,
377779,,Urban Scumbags vs. Countryside Zombies,Urban Scumbags vs. Countryside Zombies,en,,,1992-01-01,/82QFThRNGRxoVmDOXjVHK3JWbeL.jpg,0,0,0,0,0,0,,False,,Horror,,
378020,,Recluse,Recluse,en,,,2016-01-01,/7Of4oQqhgjeRGqsddVe2mXRPYqC.jpg,0,0,0,0,0,0,,False,,Horror,,
378307,,Heaven Is Only in Hell,Heaven Is Only in Hell,en,,,1994-01-01,/wazgRh4yLzoAprzUCAwbG5GGHEe.jpg,0,0,0,0,0,0,,False,,Horror,,
378908,,The Russian Sleep Experiment,The Russian Sleep Experiment,en,,,2015-01-01,/hLhzbqmdFwuLuRpWcimEebr2mzR.jpg,0,0,0,0,0,0,,False,,Horror,,
378983,,The Orange Man,The Orange Man,en,,,2015-01-01,/7nr6zVPzxBfCjK3GNlvV4GcYy0J.jpg,0,0,0,0,0,0,,False,,Horror,,
379100,,M is for Merry Christmas,M is for Merry Christmas,en,,,2013-01-01,/dQED4TeHOkZ5MXV7ipMRkqkssYO.jpg,0,0,0,0,0,0,,False,,Horror,,
379107,,A Luchagore Christmas,A Luchagore Christmas,en,,,2015-01-01,/dSPF4Xac37B8JdRAEKJxfQeDZsP.jpg,0,0,0,0,0,0,,False,,Horror,,
379308,,Secret Santa,Secret Santa,en,,,2014-01-01,/4gzkaqhQLoxRFdjgk9dSsYlWYnt.jpg,0,0,0,0,0,0,,False,,Horror,,
379322,,Night of the Dead,Night of the Dead,en,,,2012-01-01,/mfg0cLdbytoisUFAFNZ7QbVBVSy.jpg,0,0,0,0,0,0,,False,,Horror,,
379565,,Kids And The Occult,Kids And The Occult,en,,,1994-01-01,/1JcJX526uDu6FPBiDtpaM1Njy0J.jpg,0,0,0,0,0,0,,False,,Horror,,
379805,,Witchfinder,Witchfinder,en,,,2013-01-01,/m1OHYIw7nSrZoKnSLb5KnMkKQKf.jpg,0,0,0,0,0,0,,False,,Horror,,
379862,,Return,Return,en,,,2015-01-01,/rEnvFHITDcvKA7Gi9pD5FeCiEXy.jpg,0,0,0,0,0,0,,False,,Horror,,
379965,,Dead Is Dead 2: The Incarnation,Dead Is Dead 2: The Incarnation,en,,,1994-01-01,/r7Ra0rFPB6SD1NAJiLXfp5wqwWV.jpg,0,0,0,0,0,0,,False,,Horror,,
380117,,Light of Blood,Light of Blood,en,,,2005-01-01,/bXk6kv1OX1N3Qlp1T5wiZN0szWO.jpg,0,0,0,0,0,0,,False,,Horror,,
380300,,Bad Blood for the Vampyr,Bad Blood for the Vampyr,en,,,1986-01-01,/hnlHDkWf3kffcrPylojP50DrWEv.jpg,0,0,0,0,0,0,,False,,Horror,,
381149,,The Yearly Harvest,The Yearly Harvest,en,,,2016-01-01,/8TP2rbI66YW1HNTFYP1Jyc9QeSv.jpg,0,0,0,0,0,0,,False,,Horror,,
382044,,Steve: Death Collector,Steve: Death Collector,en,,,2015-01-01,/5lQ6JIJGAOYff9oCuEvzDM5gGPK.jpg,0,0,0,0,0,0,,False,,Horror,,
382052,,Not Alone,Not Alone,en,,,2015-01-01,/6WJGrYga0zshLeu5QkZ5r4EJadm.jpg,0,0,0,0,0,0,,False,,Horror,,
382053,,Screams on Planet Zero!,Screams on Planet Zero!,en,,,2013-01-01,/9nDtoGhHn8LiD6HfqvMfziF2mLk.jpg,0,0,0,0,0,0,,False,,Horror,,
382240,,Kill Syndrome,Kill Syndrome,en,,,2007-01-01,/3w5SxDKXmtQc7zO1dRdvrFQd9oA.jpg,0,0,0,0,0,0,,False,,Horror,,
382244,,The Bible Belt Slasher,The Bible Belt Slasher,en,,,2010-01-01,/vxe2yEveUjfNxzlOOrTOAW2S0rO.jpg,0,0,0,0,0,0,,False,,Horror,,
382731,,Ghost TV,Ghost TV,en,,,2013-01-01,/2Ua4vYo23cRazMyeuojCU4Tnldu.jpg,0,0,0,0,0,0,,False,,Horror,,
382890,,Monsters,Monsters,en,,,2015-01-01,/jttfk7KsgxgX0A8BEKHKdzKUtiT.jpg,0,0,0,0,0,0,,False,,Horror,,
382966,,Birthday Boys,Birthday Boys,en,,,2012-01-01,/hcpKLMYLgzLh90oxvWvRMNrycBg.jpg,0,0,0,0,0,0,,False,,Horror,,
383148,,A Few Brains More,A Few Brains More,en,,,2012-01-01,/8o6aWxY28W95NirOq14fny0BIw4.jpg,0,0,0,0,0,0,,False,,Horror,,
383327,,Chloroformed And Cloned Co-Ed,Chloroformed And Cloned Co-Ed,en,,,1998-01-01,/uFlTL0vQ3DrU5F1o3RDahrCT3jr.jpg,0,0,0,0,0,0,,False,,Horror,,
383491,,Infrasexum,Infrasexum,en,,,1969-01-01,/zFaxR2waLHGEOwSBcYU0U1Zfy1b.jpg,0,0,0,0,0,0,,False,,Horror,,
383896,,Elizabeth Bathory,Elizabeth Bathory,en,,,2014-01-01,/v2gSwpG8IxnmqUyiaqFetgRhJFQ.jpg,0,0,0,0,0,0,,False,,Horror,,
383901,,The Last Buck Hunt,The Last Buck Hunt,en,,,2013-01-01,/dSorgMjKBRlxjCGKXiJxmya8BYI.jpg,0,0,0,0,0,0,,False,,Horror,,
384721,,The Witch's Feast,The Witch's Feast,en,,,2003-01-01,/cjJclzECi9oPyM1L8PD5V1PCNmZ.jpg,0,0,0,0,0,0,,False,,Horror,,
384723,,Witch's Feast (Part 2),Witch's Feast (Part 2),en,,,2003-01-01,/7Rutt4Iw73N9cUnOhDqAL6yAqGI.jpg,0,0,0,0,0,0,,False,,Horror,,
384863,,Bad Moon Rising,Bad Moon Rising,en,,,2011-01-01,/hcY9DAFdZKmEfGctmwqlzt5da52.jpg,0,0,0,0,0,0,,False,,Horror,,
385691,,American Descent,American Descent,en,,,2015-01-01,/wsGE9nhj7vX8BisBgCVov8k7KSi.jpg,0,0,0,0,0,0,,False,,Horror,,
385926,,O,O,en,,,2015-01-01,/kPGJiGWk2gMXD0eZ1Hgh2YxrQAW.jpg,0,0,0,0,0,0,,False,,Horror,,
385964,,The Creightonville Terror,The Creightonville Terror,en,,,2012-01-01,/lho1z9TVTizbD2CAsZ9wyAEnbdZ.jpg,0,0,0,0,0,0,,False,,Horror,,
386114,,Chateau Sauvignon: terroir,Chateau Sauvignon: terroir,en,,,2015-01-01,/vg4gDtxTkndxbrxV6Feb4iwdl19.jpg,0,0,0,0,0,0,,False,,Horror,,
386241,,Crucifix,Crucifix,en,,,2014-01-01,/6ha3Z4ZXBfAGvkOEZ5W8lwuXFza.jpg,0,0,0,0,0,0,,False,,Horror,,
386521,,The Rite of Spring,The Rite of Spring,en,,,1995-01-01,/o5qxmpzCadMjUPKGiAZ7Ma1Evyr.jpg,0,0,0,0,0,0,,False,,Horror,,
386566,,Curse of the Slender Man,Curse of the Slender Man,en,,,2014-01-01,/zYcRWcCjiJw5W49GDoXrSnZYQfK.jpg,0,0,0,0,0,0,,False,,Horror,,
386585,,The iMom,The iMom,en,,,2014-01-01,/uCOffGoPjWKcQPUqqdMxgf2w5T2.jpg,0,0,0,0,0,0,,False,,Horror,,
386782,,Moonchild,Moonchild,en,,,1989-01-01,/32MX1JzZWnOwTVpxnK3pvGReytI.jpg,0,0,0,0,0,0,,False,,Horror,,
386850,,The Little Witch,The Little Witch,en,,,2013-01-01,/ez3RQRyXxqNt3onxZvzAs73OjXx.jpg,0,0,0,0,0,0,,False,,Horror,,
386868,,The Whistler,The Whistler,en,,,2013-01-01,/kd9dri9MG9xGWLuGGJyrPytismn.jpg,0,0,0,0,0,0,,False,,Horror,,
387491,,Tuning the Sleeping Machine,Tuning the Sleeping Machine,en,,,1996-01-01,/kONB2xTZ6v5pGxci1i6CmnqMnIa.jpg,0,0,0,0,0,0,,False,,Horror,,
387494,,The Freakshow Apocalypse,The Freakshow Apocalypse,en,,,2007-01-01,/dUM80OW4YsAk1hyCrW2BRPG5wI8.jpg,0,0,0,0,0,0,,False,,Horror,,
387895,,Standing in the Shadows of Love,Standing in the Shadows of Love,en,,,2015-01-01,/qde0HZ9TULX9h8Et1iU2bTKGQn3.jpg,0,0,0,0,0,0,,False,,Horror,,
388194,,At the House of Madness,At the House of Madness,en,,,2008-01-01,/2cqTAs6HRXwKmZSLhDK8QzCDRgc.jpg,0,0,0,0,0,0,,False,,Horror,,
388199,,Ouija Board,Ouija Board,en,,,2007-01-01,/t6VcVmJF3p9cSum97njDnLitIWP.jpg,0,0,0,0,0,0,,False,,Horror,,
388415,,Meat for Satan's Icebox,Meat for Satan's Icebox,en,,,2004-01-01,/ul5aVrSD3HDGh7u3WnVOGJg8nw7.jpg,0,0,0,0,0,0,,False,,Horror,,
388543,,Theatre of the Dead,Theatre of the Dead,en,,,2013-01-01,/qRlLmGmWdHJoyxrKfQaD5kzRen7.jpg,0,0,0,0,0,0,,False,,Horror,,
388732,,ZK3,ZK3,en,,,2012-01-01,/ArbBKrcjoqzoczBSvf5eh2HftXZ.jpg,0,0,0,0,0,0,,False,,Horror,,
389260,,Slender,Slender,en,,,2016-01-01,/kXiM5nG25VfqVWPFLzCd6llF2ST.jpg,0,0,0,0,0,0,,False,,Horror,,
389286,,Death in the Family,Death in the Family,en,,,1981-01-01,/31owGkrJFksErHGvnB0cn6ogIQ6.jpg,0,0,0,0,0,0,,False,,Horror,,
389709,,Saint Frankenstein,Saint Frankenstein,en,,,2015-01-01,/gnTvp44XS2ONw5wt5hcroPUdz4l.jpg,0,0,0,0,0,0,,False,,Horror,,
389821,,Flesh for the Inferno,Flesh for the Inferno,en,,,2015-01-01,/noH2ponAZPVAtuJrhoUR6RNbCyC.jpg,0,0,0,0,0,0,,False,,Horror,,
390274,,Museum of Wax,Museum of Wax,en,,,1987-01-01,/kSgsyg10zH79VpoZQjNrFYPXp8i.jpg,0,0,0,0,0,0,,False,,Horror,,
390540,,Worst of Faces of Death,Worst of Faces of Death,en,,,1987-01-01,/ll820y7bkUKVxA38d3zfdmDKmCM.jpg,0,0,0,0,0,0,,False,,Horror,,
390599,,Tower of Blood,Tower of Blood,en,,,2005-01-01,/laCEj462PyMnl2RBbJgXQIgRL7E.jpg,0,0,0,0,0,0,,False,,Horror,,
390663,,The Gloaming,The Gloaming,en,,,2013-01-01,/74jschijZFhrx0jgHfxcMTwoi1E.jpg,0,0,0,0,0,0,,False,,Horror,,
390833,,Dickshark,Dickshark,en,,,2016-01-01,/tzP49yfEMwOJInTvjfXHPtpreI0.jpg,0,0,0,0,0,0,,False,,Horror,,
390886,,Having a Drink,Having a Drink,en,,,2013-01-01,/47waYx7KyRKrZqKQ4ooIpI8O4Cq.jpg,0,0,0,0,0,0,,False,,Horror,,
391317,,Shivers Down Your Spine,Shivers Down Your Spine,en,,,2015-01-01,/2RCLQ42otDJriWwm9M8klWWdhEg.jpg,0,0,0,0,0,0,,False,,Horror,,
391625,,Heather and Puggly Crucify the Devil,Heather and Puggly Crucify the Devil,en,,,2005-01-01,/lK7o7wy1Egsx2M15EHUUHjJYn9n.jpg,0,0,0,0,0,0,,False,,Horror,,
391915,,Jinxed,Jinxed,en,,,2016-01-01,/izCmk9GTgRuGWJCNQfC7t7RNnWL.jpg,0,0,0,0,0,0,,False,,Horror,,
392049,,The Barber's Cut,The Barber's Cut,en,,,2015-01-01,/kErK8tIQm2hiKS7uFMUQmdPNHb8.jpg,0,0,0,0,0,0,,False,,Horror,,
392595,,Shadow Man,Shadow Man,en,,,2004-01-01,/9ZqUzjeZC7o2d85GoffkbeKg3ga.jpg,0,0,0,0,0,0,,False,,Horror,,
392702,,Final Footage,Final Footage,en,,,2013-01-01,/1VJ2DWrGuBCXTq6CkDSRityd7mH.jpg,0,0,0,0,0,0,,False,,Horror,,
392768,,The Grayhaven Maniac,The Grayhaven Maniac,en,,,2011-01-01,/y6rgn01v25oXpH1KUgOyXbRnA6q.jpg,0,0,0,0,0,0,,False,,Horror,,
392835,,Vintage Blood,Vintage Blood,en,,,2015-01-01,/sh9rexNuMM1vbrkwNBcOiPTuOd7.jpg,0,0,0,0,0,0,,False,,Horror,,
393103,,Blood Ties,Blood Ties,en,,,2009-01-01,/yQpo9btrwD4Du8CywedEhk7XDHk.jpg,0,0,0,0,0,0,,False,,Horror,,
393474,,The Tale of Creepy Wallace,The Tale of Creepy Wallace,en,,,2015-01-01,/jiRWVzXLtYCitqxqjd5i5cqlfOf.jpg,0,0,0,0,0,0,,False,,Horror,,
393481,,Bloodstream,Bloodstream,en,,,2000-01-01,/oNcOXz27YFcWmbXz1VdXcl03vKA.jpg,0,0,0,0,0,0,,False,,Horror,,
393493,,Arcana,Arcana,en,,,2015-01-01,/bmiBWx49jcyyaqqP3xwIQImzDaW.jpg,0,0,0,0,0,0,,False,,Horror,,
394115,,Dead End,Dead End,en,,,2014-01-01,/5oWPmY4BCrr2vGydUZCwm2fofSu.jpg,0,0,0,0,0,0,,False,,Horror,,
394546,,The Orb,The Orb,en,,,2005-01-01,/63SyQDMsHA0voPlk9ECP2MfMsAd.jpg,0,0,0,0,0,0,,False,,Horror,,
394860,,Grimewave: Cockface III,Grimewave: Cockface III,en,,,2013-01-01,/aAaxkwfBC5igTgdDpsRmQPGNFUm.jpg,0,0,0,0,0,0,,False,,Horror,,
396312,,Normal,Normal,en,,,2013-01-01,/3mejrbINTe2NlReuw8tC7yVcCaY.jpg,0,0,0,0,0,0,,False,,Horror,,
397282,,Nightfall: Second World III,Nightfall: Second World III,en,,,2013-01-01,/bV5KRfb74AESMSy7rkcC1DOhYRl.jpg,0,0,0,0,0,0,,False,,Horror,,
397456,,Isolate,Isolate,en,,,2013-01-01,/6NB7STcY97nShKECuaLFIgF155D.jpg,0,0,0,0,0,0,,False,,Horror,,
397572,,Scars,Scars,en,,,2016-01-01,/A83V8w29m7vCfpOwYsAh22lrTjJ.jpg,0,0,0,0,0,0,,False,,Horror,,
397797,,Nutsack Pt. 1: Lucifer's Cosmonauts,Nutsack Pt. 1: Lucifer's Cosmonauts,en,,,2016-01-01,/vokYNcuMp2Kjf7uecmr9U9DbY7M.jpg,0,0,0,0,0,0,,False,,Horror,,
398211,,Pattern of Evil,Pattern of Evil,en,,,1971-01-01,/kInOWGhkWTMOQrmLbChLtyT367x.jpg,0,0,0,0,0,0,,False,,Horror,,
398685,,The Girl in the Cornfield,The Girl in the Cornfield,en,,,2016-01-01,/tMXp8p5NMcO3uILKmGVRO06emE8.jpg,0,0,0,0,0,0,,False,,Horror,,
398881,,The Sexy Sixth Sense,The Sexy Sixth Sense,en,,,2001-01-01,/qbeH4su4hg3EAAcT1TGwFbRG3KL.jpg,0,0,0,0,0,0,,False,,Horror,,
399073,,Killer Pickton,Killer Pickton,en,,,2006-01-01,/6uk0K4KUObTgKSeEsNMuPhSBABX.jpg,0,0,0,0,0,0,,False,,Horror,,
399613,,The Smiling Man,The Smiling Man,en,,,2015-01-01,/bSJH75eO8LT3cqMMqqqZrkCOkzl.jpg,0,0,0,0,0,0,,False,,Horror,,
399859,,Turn Around When Possible,Turn Around When Possible,en,,,2014-01-01,/pH36J9PxP26aNu3YOm0gk9Qp0Cq.jpg,0,0,0,0,0,0,,False,,Horror,,
400038,,Insatiable,Insatiable,en,,,2008-01-01,/qOyjq9hTOZaETAQEI06fgg9APy9.jpg,0,0,0,0,0,0,,False,,Horror,,
400170,,Pitfire of Hell,Pitfire of Hell,en,,,2016-01-01,/9hEAW1tvpWPfkoLRHTEL5Oz9HqY.jpg,0,0,0,0,0,0,,False,,Horror,,
400272,,"Mutantz, Nazis and Zombies","Mutantz, Nazis and Zombies",en,,,2013-01-01,/ipVchy8p40CGwmIvniEZNjpQqcJ.jpg,0,0,0,0,0,0,,False,,Horror,,
400628,,A Wish for the Dead,A Wish for the Dead,en,,,2014-01-01,/hq5OUiOaw2wXHQStskrycBmdjbf.jpg,0,0,0,0,0,0,,False,,Horror,,
400654,,How Olin Lost His Eye,How Olin Lost His Eye,en,,,2013-01-01,/44RDy4w74BJppxeAuO8tPTfdStX.jpg,0,0,0,0,0,0,,False,,Horror,,
400670,,Vampire Whores from Outer Space,Vampire Whores from Outer Space,en,,,2005-01-01,/aX9NsFVgJrGa3Y8PChL01WDqCdy.jpg,0,0,0,0,0,0,,False,,Horror,,
400712,,Queen Cobra,Queen Cobra,en,,,2007-01-01,/pJJVFkVsX8Yg4Rg0lhStafjNuNF.jpg,0,0,0,0,0,0,,False,,Horror,,
400717,,Maya,Maya,en,,,2022-01-01,/luDfDWQE6TRaX1WtOm5ptHxYgta.jpg,0,0,0,0,0,0,,False,,Horror,,
400777,,Like a Moth to a Flame,Like a Moth to a Flame,en,,,2009-01-01,/87CmCMYWq6LPpdc70YLor5pqy17.jpg,0,0,0,0,0,0,,False,,Horror,,
400967,,The Curse of Lizzie Borden,The Curse of Lizzie Borden,en,,,2006-01-01,/cXsA5LAW0lbPMa4XaOzgzKn6x5n.jpg,0,0,0,0,0,0,,False,,Horror,,
401024,,Invisible Eyes,Invisible Eyes,en,,,2010-01-01,/ziESAIZz2l0MtcpdH0KsfYabBEK.jpg,0,0,0,0,0,0,,False,,Horror,,
401049,,Around Midnight,Around Midnight,en,,,2004-01-01,/x1NYdLKlEPWyN0a7vDrwxbzzBiU.jpg,0,0,0,0,0,0,,False,,Horror,,
401052,,Tales for the Midnight Hour,Tales for the Midnight Hour,en,,,1999-01-01,/uPsIDybGEYpKCPzlepADPlMaEGz.jpg,0,0,0,0,0,0,,False,,Horror,,
401054,,Into the Woods,Into the Woods,en,,,2008-01-01,/cusa2RQDJ5111Z9l0dKSzctlW58.jpg,0,0,0,0,0,0,,False,,Horror,,
401066,,The Hunted,The Hunted,en,,,2015-01-01,/mg30ZWoY0rVwpbziU9RFvTxB8zK.jpg,0,0,0,0,0,0,,False,,Horror,,
401405,,King Ripple,King Ripple,en,,,2015-01-01,/kbLpt0dkcS18WkDLCV3wtkXYtho.jpg,0,0,0,0,0,0,,False,,Horror,,
401432,,Dead End,Dead End,en,,,1985-01-01,/7CvDuvfhpZMdDDagEevZFXONhwy.jpg,0,0,0,0,0,0,,False,,Horror,,
401793,,Dark Show,Dark Show,en,,,2016-01-01,/bL3gvVjnDnFTwXWF8Kh5gQFUf2g.jpg,0,0,0,0,0,0,,False,,Horror,,
402561,,Satan's Cannibal Holocaust,Satan's Cannibal Holocaust,en,,,2007-01-01,/qDe61M9HIDR8nR6nhf32o8jv8Sh.jpg,0,0,0,0,0,0,,False,,Horror,,
402726,,Frankenstein the Rapist,Frankenstein the Rapist,en,,,2008-01-01,/nfbtucWXvhAfVOhQ5aWoAcMRJJJ.jpg,0,0,0,0,0,0,,False,,Horror,,
405179,,Eveless,Eveless,en,,,2016-01-01,/2h1M6gQXsj3nqY2ypzWOKNWYBrC.jpg,0,0,0,0,0,0,,False,,Horror,,
405263,,Royal,Royal,en,,,2016-01-01,/myjhjlDJsVLt4suQQkQ2JAoktL6.jpg,0,0,0,0,0,0,,False,,Horror,,
405568,,The Love Captive,The Love Captive,en,,,1969-01-01,/to4y1M4tNkhoDbTjnOsnsiAlLL.jpg,0,0,0,0,0,0,,False,,Horror,,
405774,,Bird Box,Bird Box,en,,,2018-01-01,/rGfGfgL2pEPCfhIvqHXieXFn7gp.jpg,0,0,0,0,0,0,,False,,Horror,,
406582,,Delirium,Delirium,en,,,2015-01-01,/pTRhNMh7ndYFVfG4Qhjqgu7WDqb.jpg,0,0,0,0,0,0,,False,,Horror,,
406985,,American Hell,American Hell,en,,,2014-01-01,/7CIPS3GIGy5xWHyp1GGYdklrPGQ.jpg,0,0,0,0,0,0,,False,,Horror,,
407294,,The Curve,The Curve,en,,,2004-01-01,/6el3rCbxlbh5O5Xkz49KvbMeMGU.jpg,0,0,0,0,0,0,,False,,Horror,,
407624,,Saltwater,Saltwater,en,,,2016-01-01,/uFicoZUGDTQIu0uXmcWMTKnSRo6.jpg,0,0,0,0,0,0,,False,,Horror,,
407929,,The Suicide Tapes,The Suicide Tapes,en,,,2010-01-01,/5heuBlHKeAbWXxLRqRrFjAI9a2Q.jpg,0,0,0,0,0,0,,False,,Horror,,
408054,,M is for Marble,M is for Marble,en,,,2013-01-01,/7EzEoCRIFNVDwpWRt18xVg1sxrm.jpg,0,0,0,0,0,0,,False,,Horror,,
408055,,M is for Messiah,M is for Messiah,en,,,2013-01-01,/dQED4TeHOkZ5MXV7ipMRkqkssYO.jpg,0,0,0,0,0,0,,False,,Horror,,
408063,,The Carriage or Dracula & My Mother,The Carriage or Dracula & My Mother,en,,,2014-01-01,/hASdBjhUnHCdDNr7GQfkkNy1xMx.jpg,0,0,0,0,0,0,,False,,Horror,,
408069,,Sunshine for Breakfast,Sunshine for Breakfast,en,,,2013-01-01,/yfBDrn2eWG5y2rEouWCh3toP7Ia.jpg,0,0,0,0,0,0,,False,,Horror,,
408082,,Cat Sick Blues,Cat Sick Blues,en,,,2013-01-01,/jXtHkA1EuANuNO9a1FxoKENvEdS.jpg,0,0,0,0,0,0,,False,,Horror,,
408083,,The Face of Darkness,The Face of Darkness,en,,,1976-01-01,/mKxkMRaLeirQESnuYO1spbagRUg.jpg,0,0,0,0,0,0,,False,,Horror,,
408138,,Paisley,Paisley,en,,,2014-01-01,/ikfKrrENsDqnOwIgoidiLd6YBtd.jpg,0,0,0,0,0,0,,False,,Horror,,
408188,,Other,Other,en,,,2012-01-01,/3DTJpIjXFLjzQQWj71xa10uzYVm.jpg,0,0,0,0,0,0,,False,,Horror,,
408237,,Offensive,Offensive,en,,,2016-01-01,/h3oUkZDlfS51COlDc4MMu9SeJHA.jpg,0,0,0,0,0,0,,False,,Horror,,
408243,,Hallows Eve,Hallows Eve,en,,,2016-01-01,/yU0g0xfPEteQ6aaPh1T03ZXLIJJ.jpg,0,0,0,0,0,0,,False,,Horror,,
408582,,Egomaniac,Egomaniac,en,,,2016-01-01,/3UH6at3Z0CWw8JDpg4fwK6d4H3b.jpg,0,0,0,0,0,0,,False,,Horror,,
408731,,The Other Side of the Witching Hour,The Other Side of the Witching Hour,en,,,2016-01-01,/h4AEgskGj18EDPOOS3nYEr6BbTP.jpg,0,0,0,0,0,0,,False,,Horror,,
408831,,Small Talk,Small Talk,en,,,2014-01-01,/ahlMUYypeyMm5AuxZ8ZkCDTbGGR.jpg,0,0,0,0,0,0,,False,,Horror,,
410471,,The Passage,The Passage,en,,,2016-01-01,/zNukXmUgib0J8QqgKF6MZHQRJsA.jpg,0,0,0,0,0,0,,False,,Horror,,
410625,,The Mark,The Mark,en,,,2003-01-01,/5LJcBKen3LzYBqaQWDeLvmC8lh7.jpg,0,0,0,0,0,0,,False,,Horror,,
411179,,Seven Dorms of Death,Seven Dorms of Death,en,,,2015-01-01,/vahYvBIeiqCtYcjdmzlNWVaFceb.jpg,0,0,0,0,0,0,,False,,Horror,,
411208,,North Woods,North Woods,en,,,2016-01-01,/oDEa0mgi0WzSXnKYyKJOK79P9v3.jpg,0,0,0,0,0,0,,False,,Horror,,
411779,,Brothers in Arms,Brothers in Arms,en,,,1988-01-01,/XwclLZRckkeCL3zLRC2TMglXzW.jpg,0,0,0,0,0,0,,False,,Horror,,
411913,,The B.P.R.D. Declassified,The B.P.R.D. Declassified,en,,,2004-01-01,/rg1iGqGEuAu9BGRNLBHG2szHMGA.jpg,0,0,0,0,0,0,,False,,Horror,,
412529,,Nazi Hell,Nazi Hell,en,,,2015-01-01,/4IDfevItkBBvm8O5V8lcmtEHr5u.jpg,0,0,0,0,0,0,,False,,Horror,,
412542,,Inside Scarlett,Inside Scarlett,en,,,2016-01-01,/7uF1UOuvgl5F9966cvd2IdrlrYC.jpg,0,0,0,0,0,0,,False,,Horror,,
412643,,Innsmouth,Innsmouth,en,,,2015-01-01,/uLzmaedBbu1rztCIuUHcB7uygqb.jpg,0,0,0,0,0,0,,False,,Horror,,
412683,,Atrapados,Atrapados,en,,,1981-01-01,/mfsOI9LV1ZvVrMPBLhlLZCDvVeo.jpg,0,0,0,0,0,0,,False,,Horror,,
413070,,The Black Crystal,The Black Crystal,en,,,1990-01-01,/vXF35l9Gxps67ltz2khSEf96OnJ.jpg,0,0,0,0,0,0,,False,,Horror,,
413296,,The Passive Evisceration of the Blackened Soul,The Passive Evisceration of the Blackened Soul,en,,,2016-01-01,/xQtcMzgtdOvZZz0Ep81kotHopOK.jpg,0,0,0,0,0,0,,False,,Horror,,
413299,,The Law of Sodom,The Law of Sodom,en,,,2016-01-01,/xag4xWtzoHPB2CsGpEXW22xmnfY.jpg,0,0,0,0,0,0,,False,,Horror,,
413353,,The Cleansing Hour,The Cleansing Hour,en,,,2016-01-01,/aryD1maiX534KyfHLJDY4u6wP4v.jpg,0,0,0,0,0,0,,False,,Horror,,
413985,,Water,Water,en,,,2004-01-01,/guA6TUzfxdTI2LgiEaQ0CPD9wYh.jpg,0,0,0,0,0,0,,False,,Horror,,
414603,,Blue Moon,Blue Moon,en,,,2015-01-01,/i4y75c47wl0bcd8KlGZlZAvpdcG.jpg,0,0,0,0,0,0,,False,,Horror,,
414610,,Stalked by My Doctor: The Return,Stalked by My Doctor: The Return,en,,,2016-01-01,/cNR9qhsV05lZpFCgT8YfTqnsHCP.jpg,0,0,0,0,0,0,,False,,Horror,,
415175,,The Scavengers,The Scavengers,en,,,1987-01-01,/6MzGKlFd9rH4rQ3aMz6PvMt5cOP.jpg,0,0,0,0,0,0,,False,,Horror,,
415298,,The Thing Inside,The Thing Inside,en,,,2016-01-01,/hry7ISJjvPDQQVljutuy115JXI1.jpg,0,0,0,0,0,0,,False,,Horror,,
415446,,Error in the Ménage,Error in the Ménage,en,,,2014-01-01,/5lhvtHNtMLipDsL64oJXpvc051k.jpg,0,0,0,0,0,0,,False,,Horror,,
415596,,Shock Cinema: Volume One,Shock Cinema: Volume One,en,,,1991-01-01,/5NN69L7glU7vnlWML7YFCNohG69.jpg,0,0,0,0,0,0,,False,,Horror,,
415632,,Fortress of the Dead,Fortress of the Dead,en,,,1965-01-01,/seEufkHKPq8U1qOAAC7Zq4gP35K.jpg,0,0,0,0,0,0,,False,,Horror,,
415675,,Bloodstruck,Bloodstruck,en,,,2010-01-01,/fAlCUxc4SXnuz7KqfHtpmkEqv7F.jpg,0,0,0,0,0,0,,False,,Horror,,
415703,,Don't Fall Asleep,Don't Fall Asleep,en,,,2016-01-01,/l1Xj2EM0htaxFgKPbK9jOlcpJ1N.jpg,0,0,0,0,0,0,,False,,Horror,,
415847,,Deeper: The Retribution of Beth,Deeper: The Retribution of Beth,en,,,2015-01-01,/cLiD40Ae4uMvh4rsCNB4OHooqdI.jpg,0,0,0,0,0,0,,False,,Horror,,
415852,,Heartland of Darkness,Heartland of Darkness,en,,,1989-01-01,/zlIa027GbOplbDef65B8dqRKowy.jpg,0,0,0,0,0,0,,False,,Horror,,
415890,,Virgin Sacrifices,Virgin Sacrifices,en,,,1996-01-01,/hNdHjzRZumEkf4Db9Egr6zLwuMK.jpg,0,0,0,0,0,0,,False,,Horror,,
415895,,Night of the Cat,Night of the Cat,en,,,1993-01-01,/dWiy7TrTF7MzV7IwFMms0PDB4Q3.jpg,0,0,0,0,0,0,,False,,Horror,,
416157,,The Labyrinth,The Labyrinth,en,,,2016-01-01,/qglXupHDc7ctfBDePfOgizmLeVY.jpg,0,0,0,0,0,0,,False,,Horror,,
416478,,A Stranger Kind,A Stranger Kind,en,,,2015-01-01,/kplgaGXzXqF0jD8nrNBZm7YvK3F.jpg,0,0,0,0,0,0,,False,,Horror,,
416506,,The Girl,The Girl,en,,,2011-01-01,/oCfP1vzriIpPcNgLhHIbggHlc3z.jpg,0,0,0,0,0,0,,False,,Horror,,
416545,,Nothing Sacred,Nothing Sacred,en,,,2012-01-01,/p3qUj41SxFYTclK0ETTcxrEiXa.jpg,0,0,0,0,0,0,,False,,Horror,,
416551,,The Crawling Brain,The Crawling Brain,en,,,2016-01-01,/bLF6TytqBkBGmwM5AoNRK80VnCA.jpg,0,0,0,0,0,0,,False,,Horror,,
416690,,Blood River,Blood River,en,,,2019-01-01,/l8s2uABbrv0lyigwXbX1zU5TtvB.jpg,0,0,0,0,0,0,,False,,Horror,,
416729,,The Screening,The Screening,en,,,2007-01-01,/6UPDFANLhIdFXAXeWzxo8SzIIeL.jpg,0,0,0,0,0,0,,False,,Horror,,
416798,,One Last Sunset Redux,One Last Sunset Redux,en,,,2015-01-01,/7hI3vgjjyN5R9SKFpcOksbzEXCE.jpg,0,0,0,0,0,0,,False,,Horror,,
416873,,Axeman 2: Overkill,Axeman 2: Overkill,en,,,2017-01-01,/clQrJGjTokz6sVwdIMncbHhEDzK.jpg,0,0,0,0,0,0,,False,,Horror,,
416874,,Vampires: Lucas Rising,Vampires: Lucas Rising,en,,,2014-01-01,/hkhcryUK4HxhW3qgnFN9UtfFaMx.jpg,0,0,0,0,0,0,,False,,Horror,,
417065,,Psycho Sisters,Psycho Sisters,en,,,1994-01-01,/7XAIu10MeQDqWpcJLAsEKiV3dSc.jpg,0,0,0,0,0,0,,False,,Horror,,
417119,,The Reluctant Witch,The Reluctant Witch,en,,,1971-01-01,/3pkYidkE4rJVICN4L3RdaUIvUc1.jpg,0,0,0,0,0,0,,False,,Horror,,
417265,,Hotel Hollywood,Hotel Hollywood,en,,,2010-01-01,/4i7i4EBqMdteSV8rgIRUd59fBTN.jpg,0,0,0,0,0,0,,False,,Horror,,
417705,,Required Field,Required Field,en,,,2016-01-01,/188aV3yA2J5IzItR1a4n1AW0qmB.jpg,0,0,0,0,0,0,,False,,Horror,,
417707,,The Laughing Mask,The Laughing Mask,en,,,2014-01-01,/pAmPysbWsbgaslYEfpVizZIjqyw.jpg,0,0,0,0,0,0,,False,,Horror,,
418150,,Hollower,Hollower,en,,,2016-01-01,/mO8ND8HYVZz5Dt39ZoSXQFwBJw3.jpg,0,0,0,0,0,0,,False,,Horror,,
418255,,Bloody Creek,Bloody Creek,en,,,1993-01-01,/vaNPEBxrcesoyEsMaT0Uxhlsn11.jpg,0,0,0,0,0,0,,False,,Horror,,
418256,,Halloween Horrors,Halloween Horrors,en,,,1992-01-01,/5B67jcCkKIUhqSSY9THy8cL2Iyu.jpg,0,0,0,0,0,0,,False,,Horror,,
418266,,The Vampire's Curse,The Vampire's Curse,en,,,1998-01-01,/zSVbBOjcr0ydHogBbmtVxT5DHeG.jpg,0,0,0,0,0,0,,False,,Horror,,
418286,,Deadly Tales,Deadly Tales,en,,,1998-01-01,/lFLgfGkyeHAmZcmGWzmWQ0b8j0l.jpg,0,0,0,0,0,0,,False,,Horror,,
418396,,In a Lonely Place,In a Lonely Place,en,,,2017-01-01,/e6YsoslR9B8M6IGrHPQx63aacdU.jpg,0,0,0,0,0,0,,False,,Horror,,
418945,,The Skin,The Skin,en,,,2011-01-01,/rauLmsx3GelB3vikzuaIcamyXuA.jpg,0,0,0,0,0,0,,False,,Horror,,
418947,,The Big F,The Big F,en,,,2016-01-01,/nZmxmd855AWPXnJKX2GH2j35XLy.jpg,0,0,0,0,0,0,,False,,Horror,,
419036,,Julia Wept,Julia Wept,en,,,2000-01-01,/e8WVntqIFFjvGMZfa9cexxfX91f.jpg,0,0,0,0,0,0,,False,,Horror,,
419279,,The Witching,The Witching,en,,,1983-01-01,/dtIvvYRivnE5uDNtXEKcyVuZKOb.jpg,0,0,0,0,0,0,,False,,Horror,,
419319,,Midnight Confessions,Midnight Confessions,en,,,1994-01-01,/w1oWlLc6rlhkxv0XTIvaEFSUr7c.jpg,0,0,0,0,0,0,,False,,Horror,,
419327,,Other Halves,Other Halves,en,,,2016-01-01,/uty21s9dlYvewGf7JVKzBHxHVqS.jpg,0,0,0,0,0,0,,False,,Horror,,
419393,,A Film by Vera Vaughn,A Film by Vera Vaughn,en,,,2016-01-01,/ovvIhoFBXjDHFWYML8MxCJlqhIG.jpg,0,0,0,0,0,0,,False,,Horror,,
419407,,Astral,Astral,en,,,2018-01-01,/chqJMjTTpPhQ64vgyXEPYL3luG5.jpg,0,0,0,0,0,0,,False,,Horror,,
419590,,The Love Machine,The Love Machine,en,,,2016-01-01,/oFUt1azXAiqYR6FBg94Tp5O05vM.jpg,0,0,0,0,0,0,,False,,Horror,,
419620,,Limbos,Limbos,en,,,2014-01-01,/owyHeQSMSBf7YvViNbx06TXfK8z.jpg,0,0,0,0,0,0,,False,,Horror,,
419662,,8989 Redstone,8989 Redstone,en,,,2016-01-01,/dwl4m4iLL5Rjqr7ZeJrsqQQo6wf.jpg,0,0,0,0,0,0,,False,,Horror,,
419776,,The Mark of Lilith,The Mark of Lilith,en,,,1986-01-01,/3pFfz5FqvgSAvqGpBmMGciW2bf5.jpg,0,0,0,0,0,0,,False,,Horror,,
419826,,Bundle of Nerves,Bundle of Nerves,en,,,2014-01-01,/6qY1MYBxJsd23OXzqLmXfAVRtOH.jpg,0,0,0,0,0,0,,False,,Horror,,
419958,,Kiss and Be Killed,Kiss and Be Killed,en,,,1991-01-01,/yl90Roy5Jlo23m9O3u6Pu9cd8EH.jpg,0,0,0,0,0,0,,False,,Horror,,
420046,,Mnasidika,Mnasidika,en,,,1969-01-01,/brvAucVUgClT9gaWDPyYjaS6b6F.jpg,0,0,0,0,0,0,,False,,Horror,,
420674,,BoF,BoF,en,,,2016-01-01,/1kYK4jsnrYNtevOFxPLMYX76wAV.jpg,0,0,0,0,0,0,,False,,Horror,,
420763,,Mr Creak,Mr Creak,en,,,2015-01-01,/wURwHrwnDFDeBMWwu4Wg7pfn3uj.jpg,0,0,0,0,0,0,,False,,Horror,,
421151,,Midnight Bride,Midnight Bride,en,,,1990-01-01,/4Lyt0FodBpGHVBXxQvhYf6tUExX.jpg,0,0,0,0,0,0,,False,,Horror,,
421267,,Death 4 Told,Death 4 Told,en,,,2004-01-01,/16Zrt6FyygtD4DIQjcC0ozyhQcn.jpg,0,0,0,0,0,0,,False,,Horror,,
421335,,Bill Huckstabelle: Serial Rapist,Bill Huckstabelle: Serial Rapist,en,,,2015-01-01,/pZXeDGvkn18RYin2thwewWwyont.jpg,0,0,0,0,0,0,,False,,Horror,,
421401,,In the Night,In the Night,en,,,2015-01-01,/tkk57VxzxzDeIiHwdFMPQV3WNwI.jpg,0,0,0,0,0,0,,False,,Horror,,
421529,,Tales of a 5th Grade Zombie Slayer,Tales of a 5th Grade Zombie Slayer,en,,,2010-01-01,/1k0kONriHbmN0DtSpdxvTcNIXPG.jpg,0,0,0,0,0,0,,False,,Horror,,
421645,,Dark Waves,Dark Waves,en,,,2016-01-01,/d6DEO5NWbYIZqyw9rTuu8Ya1Fmu.jpg,0,0,0,0,0,0,,False,,Horror,,
421765,,The Keeper,The Keeper,en,,,2014-01-01,/SemhneJYGBUsAgheGatM99kMbb.jpg,0,0,0,0,0,0,,False,,Horror,,
421779,,Sentinels of Darkness,Sentinels of Darkness,en,,,2002-01-01,/iejMrJePRXp4srFXkvNAyO6PdDh.jpg,0,0,0,0,0,0,,False,,Horror,,
422400,,Absence,Absence,en,,,2015-01-01,/A5Ozz43KPO6pbHEEoQMySIaRDHD.jpg,0,0,0,0,0,0,,False,,Horror,,
422596,,Michael Myers: Absolute Evil,Michael Myers: Absolute Evil,en,,,2016-01-01,/iG1UDKVSgJBP73k3NJ8NsENMymm.jpg,0,0,0,0,0,0,,False,,Horror,,
422649,,The Gates of Vanity,The Gates of Vanity,en,,,2015-01-01,/7tVosJwSCFEiHSRx4cpTv9ojMvF.jpg,0,0,0,0,0,0,,False,,Horror,,
422724,,Voices From The Grave / All Hallows' Eve: The Dead Have Stories To Tell,Voices From The Grave / All Hallows' Eve: The Dead Have Stories To Tell,en,,,2014-01-01,/dPlXf07kBmMdlRdJvHutKfdJqlL.jpg,0,0,0,0,0,0,,False,,Horror,,
422962,,Buns,Buns,en,,,1978-01-01,/6VNDKTdwtnqgPibwcsI6Q5zIihi.jpg,0,0,0,0,0,0,,False,,Horror,,
423005,,Flat 6B,Flat 6B,en,,,2016-01-01,/mfKQBNJpVRD1Vp2QlXj0xLeEGTe.jpg,0,0,0,0,0,0,,False,,Horror,,
423388,,The Teenage Werewolf,The Teenage Werewolf,en,,,1959-01-01,/9BuHP85T9Qeg9JP6l5CHscN2hmX.jpg,0,0,0,0,0,0,,False,,Horror,,
423631,,Larry Gone Demon,Larry Gone Demon,en,,,2015-01-01,/zwHqb5O7tFMoXYgs9BAoQMwfK5r.jpg,0,0,0,0,0,0,,False,,Horror,,
424049,,7 Rules,7 Rules,en,,,2016-01-01,/fWPnpHHtGlealHf1M9lfm7WepYo.jpg,0,0,0,0,0,0,,False,,Horror,,
424054,,Exhume,Exhume,en,,,2016-01-01,/zF8rNb0HEwIcT72rp6KDE6qO1qz.jpg,0,0,0,0,0,0,,False,,Horror,,
424078,,Spirits,Spirits,en,,,2014-01-01,/22aTJitI74odsnxVr9uIsuuA55V.jpg,0,0,0,0,0,0,,False,,Horror,,
424133,,Feast of the Vampires,Feast of the Vampires,en,,,2010-01-01,/ctm9xu9nGWzvVj4ONOs7zoLogLm.jpg,0,0,0,0,0,0,,False,,Horror,,
424227,,Brain Death,Brain Death,en,,,1992-01-01,/1R99Emq86wL4GX7pLgUSiRYyDVw.jpg,0,0,0,0,0,0,,False,,Horror,,
424266,,Self Induced Nightmares,Self Induced Nightmares,en,,,2013-01-01,/vjr26ZNUfwqZAgDmkPy7pr5cj51.jpg,0,0,0,0,0,0,,False,,Horror,,
424275,,Bride Zombie,Bride Zombie,en,,,2015-01-01,/zQdjSkV67J4KSTLhDdeYgeKWXCz.jpg,0,0,0,0,0,0,,False,,Horror,,
424593,,Boris in the Forest,Boris in the Forest,en,,,2015-01-01,/dhDc12epJNescPndkCt7XZdZ0d1.jpg,0,0,0,0,0,0,,False,,Horror,,
424646,,Cosmic Calendar Girls,Cosmic Calendar Girls,en,,,2016-01-01,/2zQZaXfj8tptF3PbfNo9amJY3KJ.jpg,0,0,0,0,0,0,,False,,Horror,,
425007,,It Watches,It Watches,en,,,2016-01-01,/5TLHMLgCCkEszjpFzAwRjlgwS0E.jpg,0,0,0,0,0,0,,False,,Horror,,
425266,,Cursed Woods,Cursed Woods,en,,,1983-01-01,/rOJRQPF5RuCPfXMrVGVFrrUKNpp.jpg,0,0,0,0,0,0,,False,,Horror,,
425267,,The Vacancy,The Vacancy,en,,,1985-01-01,/rhveoHtLbvXvXG836ci1E2G1hBq.jpg,0,0,0,0,0,0,,False,,Horror,,
425270,,Shock Ending,Shock Ending,en,,,1987-01-01,/jyUhalO7WsIWExFQQRGGrawQXwk.jpg,0,0,0,0,0,0,,False,,Horror,,
425718,,Foes,Foes,en,,,1977-01-01,/9Jqg7WWiylMXGiBKCO84E0uMW5h.jpg,0,0,0,0,0,0,,False,,Horror,,
426075,,"Sex, Chocolate & Zombie Republicans","Sex, Chocolate & Zombie Republicans",en,,,1998-01-01,/1Mp1Y4DY3mlt3VWvbPL0uqMaAts.jpg,0,0,0,0,0,0,,False,,Horror,,
426200,,WildCat,WildCat,en,,,2007-01-01,/zYbtMtYp9BOAiPzfyGtY15VkSgh.jpg,0,0,0,0,0,0,,False,,Horror,,
426217,,Tainted,Tainted,en,,,1987-01-01,/brgUJjwalVWvmJmlvmKCKobzaNd.jpg,0,0,0,0,0,0,,False,,Horror,,
426520,,Nude Strangle,Nude Strangle,en,,,1997-01-01,/jkXIFKu4PUVAkArthuZ6yVygmnC.jpg,0,0,0,0,0,0,,False,,Horror,,
426533,,Machines of Love and Hate,Machines of Love and Hate,en,,,2003-01-01,/xhKs7n3PmdYDcXJGmDNICLJkMTe.jpg,0,0,0,0,0,0,,False,,Horror,,
426539,,Shock 2000: Snuff Perversions Part II,Shock 2000: Snuff Perversions Part II,en,,,2000-01-01,/rX6B3UH5pQHQU0BZ6gBkd0TOy0n.jpg,0,0,0,0,0,0,,False,,Horror,,
426793,,Parallel,Parallel,en,,,2018-01-01,/eUi9srjugUumdUK8sGO9ndMFXgI.jpg,0,0,0,0,0,0,,False,,Horror,,
426984,,Black Box,Black Box,en,,,1979-01-01,/zy4sz67b4nncUXzHBLg5ewQFBMC.jpg,0,0,0,0,0,0,,False,,Horror,,
427106,,Dark Prism,Dark Prism,en,,,2015-01-01,/x0zL2GivqwNlSAtpV4PeaNVVj7k.jpg,0,0,0,0,0,0,,False,,Horror,,
427124,,The Watcher Self,The Watcher Self,en,,,2016-01-01,/k9FIDbEpQEa83RtFOgZck35DEF5.jpg,0,0,0,0,0,0,,False,,Horror,,
427539,,Bad Seeds,Bad Seeds,en,,,2016-01-01,/uLch7VqOub6W3OvBPV9WzcrWQDJ.jpg,0,0,0,0,0,0,,False,,Horror,,
427747,,Goosebumps: Stay Out of the Basement,Goosebumps: Stay Out of the Basement,en,,,1996-01-01,/oF2gZyLaOF24lxFa3OP8X3MQmld.jpg,0,0,0,0,0,0,,False,,Horror,,
427941,,The Craving,The Craving,en,,,2011-01-01,/7XThbNEThzgvp9MsAxiHMDRgZIJ.jpg,0,0,0,0,0,0,,False,,Horror,,
427950,,Worthless,Worthless,en,,,2018-01-01,/4DhThu1XFvFxkn1usIRwd4IV7kD.jpg,0,0,0,0,0,0,,False,,Horror,,
427967,,Preternatural,Preternatural,en,,,2016-01-01,/duUX7gUUYu4qIVxoK9PKFw0RCDE.jpg,0,0,0,0,0,0,,False,,Horror,,
428059,,Furry Fury,Furry Fury,en,,,2015-01-01,/pM0DkgC78QhY3EDLhubIu61nedH.jpg,0,0,0,0,0,0,,False,,Horror,,
428673,,Unaired,Unaired,en,,,2010-01-01,/oB8LLY9bkifJNq6r2y6GANlNdes.jpg,0,0,0,0,0,0,,False,,Horror,,
429001,,Bloody Brothers,Bloody Brothers,en,,,2003-01-01,/9qcZg0ORtiETinlaKSU8JnaW3ap.jpg,0,0,0,0,0,0,,False,,Horror,,
429031,,Black Mass of the Brain,Black Mass of the Brain,en,,,2016-01-01,/xMshXStvwFKIRuPqJWwEvy9IzaK.jpg,0,0,0,0,0,0,,False,,Horror,,
429539,,Rotting Hill,Rotting Hill,en,,,2012-01-01,/1Nlrq00Kt46bcoLWO5rZRfgssHU.jpg,0,0,0,0,0,0,,False,,Horror,,
429855,,Zombies of the Living Dead,Zombies of the Living Dead,en,,,2015-01-01,/dczDGiJsroPTel9EsiP828yCl0y.jpg,0,0,0,0,0,0,,False,,Horror,,
430217,,The Cursed Man,The Cursed Man,en,,,2020-01-01,/fcNuildadnGl9wnmzWuhTDheMiS.jpg,0,0,0,0,0,0,,False,,Horror,,
430244,,The Nightmare Room: Scareful What You Wish For,The Nightmare Room: Scareful What You Wish For,en,,,2001-01-01,/pxRpeemuXAcdhAo5E4WwBLkTdbv.jpg,0,0,0,0,0,0,,False,,Horror,,
430964,,Killer Ink,Killer Ink,en,,,2016-01-01,/ag2Kto3nuAEMR36l8gZ0DZCdb9x.jpg,0,0,0,0,0,0,,False,,Horror,,
431056,,Canvas of Death,Canvas of Death,en,,,2016-01-01,/8xrhKbSJFFvEiBWHNrPkHIofbsc.jpg,0,0,0,0,0,0,,False,,Horror,,
431066,,Shock,Shock,en,,,2016-01-01,/yeOJ1Hgzh2IKRGBfomnEi5Cxh0C.jpg,0,0,0,0,0,0,,False,,Horror,,
431234,,Crush the Skull,Crush the Skull,en,,,2010-01-01,/sHwOkK4irXH2ntvO4rtjHBJEirm.jpg,0,0,0,0,0,0,,False,,Horror,,
431267,,Hinterlands,Hinterlands,en,,,2016-01-01,/qrSClyuU5ER1J3q0ioJN6J50Mo4.jpg,0,0,0,0,0,0,,False,,Horror,,
431505,,Gray,Gray,en,,,2015-01-01,/gUzdRhTwH0L6327A8cfgDk7jZPa.jpg,0,0,0,0,0,0,,False,,Horror,,
431780,,I'll Be Alone for Christmas,I'll Be Alone for Christmas,en,,,2015-01-01,/qkhcS0Zurtt0L2lgMonJdELiFZA.jpg,0,0,0,0,0,0,,False,,Horror,,
431948,,The Summoning,The Summoning,en,,,2014-01-01,/g4gT9ZrGDnwVfowups4YI24Hkrm.jpg,0,0,0,0,0,0,,False,,Horror,,
432271,,Devil's Night,Devil's Night,en,,,2015-01-01,/ss0lWJngCkYY8WXMfqxqOEJ7M2l.jpg,0,0,0,0,0,0,,False,,Horror,,
432503,,Delete or Decay,Delete or Decay,en,,,2016-01-01,/uJCaBbuFJN6O7f6L2rdejjBgG32.jpg,0,0,0,0,0,0,,False,,Horror,,
432802,,Everything's Eventual,Everything's Eventual,en,,,2010-01-01,/tvhXzZdtIbPpK6FbMITlskyI49o.jpg,0,0,0,0,0,0,,False,,Horror,,
432804,,Willa,Willa,en,,,2012-01-01,/ltBS2gZWN0ysSmgPGHsfu9iBQos.jpg,0,0,0,0,0,0,,False,,Horror,,
432809,,I Am the Doorway,I Am the Doorway,en,,,2015-01-01,/f5VUFdSeLtmfmfkTRvBNsfbc3JA.jpg,0,0,0,0,0,0,,False,,Horror,,
432856,,The Scent of Death,The Scent of Death,en,,,1987-01-01,/dyyewFeV22V9c49NsqsZzopoiNk.jpg,0,0,0,0,0,0,,False,,Horror,,
433093,,In Hell Everybody Loves Popcorn: The Making of 31,In Hell Everybody Loves Popcorn: The Making of 31,en,,,2016-01-01,/iAgNcjeRcBTS4JK6rui91EyZWfb.jpg,0,0,0,0,0,0,,False,,Horror,,
433628,,Potential Sins,Potential Sins,en,,,1997-01-01,/mC1SdllSHUe9HeK3oae8Lvnv4Q4.jpg,0,0,0,0,0,0,,False,,Horror,,
433629,,Killer Tumbleweeds,Killer Tumbleweeds,en,,,2008-01-01,/bOXobc71HUefsqpsFrPYZONyAVq.jpg,0,0,0,0,0,0,,False,,Horror,,
433823,,Vampire Resurrection,Vampire Resurrection,en,,,2016-01-01,/dkaVkk9slV0fvKcYT5Uhh9TZquY.jpg,0,0,0,0,0,0,,False,,Horror,,
434051,,Goat,Goat,en,,,2015-01-01,/neXk7Okcz7agfE6ivgIuuDflWym.jpg,0,0,0,0,0,0,,False,,Horror,,
434303,,Lamp Post Lane,Lamp Post Lane,en,,,2010-01-01,/yzQFtOkpOfA5HP6MnBqHyuPUSvd.jpg,0,0,0,0,0,0,,False,,Horror,,
434534,,The Alien Agenda: Under the Skin,The Alien Agenda: Under the Skin,en,,,1997-01-01,/1sSSTX1sipD1jHnOwJZDRMdepgc.jpg,0,0,0,0,0,0,,False,,Horror,,
434585,,5 Years After the Fall,5 Years After the Fall,en,,,2016-01-01,/nBPziRVCGxaD5UooIaXUGbYmeZC.jpg,0,0,0,0,0,0,,False,,Horror,,
434703,,Dead Ring,Dead Ring,en,,,2016-01-01,/2cwQ5ZyEPGUGaE5NYShwWAUJ9bE.jpg,0,0,0,0,0,0,,False,,Horror,,
434786,,Payton Collins: Serial Rapist,Payton Collins: Serial Rapist,en,,,2011-01-01,/vAVaCTAgw1owEqY4c7pE7H7ak4W.jpg,0,0,0,0,0,0,,False,,Horror,,
434836,,The Black Tape,The Black Tape,en,,,2014-01-01,/fWZWMQSo0pE2IndLG9Gyp2coHIB.jpg,0,0,0,0,0,0,,False,,Horror,,
435339,,Mired,Mired,en,,,2016-01-01,/wfxl9jotLr9rYqvc0mk9nB2Npwm.jpg,0,0,0,0,0,0,,False,,Horror,,
436342,,Slaughtered,Slaughtered,en,,,2008-01-01,/dRebZbbd4ZpFVNpZBi9rhxqy0h8.jpg,0,0,0,0,0,0,,False,,Horror,,
436924,,Creepshow Raw: Insomnia,Creepshow Raw: Insomnia,en,,,2009-01-01,/h0L5ZThdMNneIe3Hyh9QiiT6My6.jpg,0,0,0,0,0,0,,False,,Horror,,
437270,,3-D Halloween,3-D Halloween,en,,,2000-01-01,/m2Yx1LcU8GJVuTcqIJpQbboQTmk.jpg,0,0,0,0,0,0,,False,,Horror,,
437618,,Alien Lover,Alien Lover,en,,,1975-01-01,/uMELvr8THc0dMMBa2e6zDiVvasT.jpg,0,0,0,0,0,0,,False,,Horror,,
437761,,Troma's Dead Inside,Troma's Dead Inside,en,,,2016-01-01,/8mgr58qsKuKJSNAFFhKrI5Wmt8o.jpg,0,0,0,0,0,0,,False,,Horror,,
437834,,The Guest,The Guest,en,,,2010-01-01,/o9pl5e440V6QtqKew6lpRUg9p3e.jpg,0,0,0,0,0,0,,False,,Horror,,
438250,,Chaos A.D.,Chaos A.D.,en,,,2016-01-01,/ys5Znvd65DzTySYG5anceN1NNsa.jpg,0,0,0,0,0,0,,False,,Horror,,
438858,,Realms: Hunt for the Shadow Man,Realms: Hunt for the Shadow Man,en,,,2016-01-01,/vLVk8EGzAvBoKkI8iEmX9pq8iuN.jpg,0,0,0,0,0,0,,False,,Horror,,
438970,,Sharknado 5: Global Swarming,Sharknado 5: Global Swarming,en,,,2017-01-01,/zB1ZhLWQNiBkRnABbFaULodfEaj.jpg,0,0,0,0,0,0,,False,,Horror,,
439562,,The Book of Birdie,The Book of Birdie,en,,,2017-01-01,/tRQh42kEcaWmBpyoSvXneBlSyfV.jpg,0,0,0,0,0,0,,False,,Horror,,
439788,,Housebound,Housebound,en,,,2003-01-01,/6lUcFGQ5ZGV6zZM1u96vVRdE9He.jpg,0,0,0,0,0,0,,False,,Horror,,
440063,,Holland Road,Holland Road,en,,,2015-01-01,/sWyDOFZxUI9w1rBUylzyHIHDTUs.jpg,0,0,0,0,0,0,,False,,Horror,,
440112,,Crap You!,Crap You!,en,,,2016-01-01,/4M3mxKAESRpMYBUhbBD1LbuYK1U.jpg,0,0,0,0,0,0,,False,,Horror,,
440255,,The Road,The Road,en,,,1964-01-01,/j4wQkPGAAPa1tWdeO83pEPmJJTx.jpg,0,0,0,0,0,0,,False,,Horror,,
440317,,Freehold,Freehold,en,,,2017-01-01,/beRTdizO9790MORa9jeBhsNEqKg.jpg,0,0,0,0,0,0,,False,,Horror,,
440439,,Elder Island,Elder Island,en,,,2016-01-01,/yqhh8WyGYbvs5ULbfXulINm3bkP.jpg,0,0,0,0,0,0,,False,,Horror,,
440522,,The Dellville Witch,The Dellville Witch,en,,,2010-01-01,/aX7huq7VLCWoupHtFb9gKJM0Gqq.jpg,0,0,0,0,0,0,,False,,Horror,,
440698,,The Degenerates,The Degenerates,en,,,1966-01-01,/zLzCTZV3o711eS0RpIMjBvttCCU.jpg,0,0,0,0,0,0,,False,,Horror,,
440905,,The Naked Witch,The Naked Witch,en,,,1967-01-01,/cTZkjxJvDJDH1tMl9abIkE3umeg.jpg,0,0,0,0,0,0,,False,,Horror,,
442801,,#FromJennifer,#FromJennifer,en,,,2017-01-01,/swrWbcMzYBrXqnwRLqUaCgSSR22.jpg,0,0,0,0,0,0,,False,,Horror,,
443037,,Dead Cat,Dead Cat,en,,,1989-01-01,/lUUDmNgmTIpeLOsIxkhZbYB1kx4.jpg,0,0,0,0,0,0,,False,,Horror,,
443094,,Pregnant,Pregnant,en,,,2015-01-01,/5f0VQ1FtMt8c87gNrCgNiyP8CjT.jpg,0,0,0,0,0,0,,False,,Horror,,
443112,,1013 Briar Lane,1013 Briar Lane,en,,,2009-01-01,/l2ihI8Ao3YL6No53tNz94gOozEv.jpg,0,0,0,0,0,0,,False,,Horror,,
443114,,39: A Film by Carroll McKane,39: A Film by Carroll McKane,en,,,2006-01-01,/nxOG1ofncSNtT7kXOjav3McpRYe.jpg,0,0,0,0,0,0,,False,,Horror,,
443356,,The Poorhouse Revisited,The Poorhouse Revisited,en,,,2011-01-01,/20ociMGhU7h4q8qUg3qewLLkmJv.jpg,0,0,0,0,0,0,,False,,Horror,,
443377,,Amethyst,Amethyst,en,,,2016-01-01,/jBbxMbvn1izgEHksWgJwVPzatYf.jpg,0,0,0,0,0,0,,False,,Horror,,
443488,,Alp,Alp,en,,,2016-01-01,/qAh07Q0VAe7J2fiT3yBj4PJz2RE.jpg,0,0,0,0,0,0,,False,,Horror,,
443644,,The Cornshukker,The Cornshukker,en,,,1997-01-01,/PJTVNn6lHRRhcQ1SB6I3TOTcaF.jpg,0,0,0,0,0,0,,False,,Horror,,
443664,,The Holes Beneath the Trees,The Holes Beneath the Trees,en,,,2016-01-01,/5v5j1YCU3KnGOlNHJ8AzMiujreH.jpg,0,0,0,0,0,0,,False,,Horror,,
444609,,Night Kaleidoscope,Night Kaleidoscope,en,,,2017-01-01,/x5iEtdg6jOYevAeHNRSq1BLxjcw.jpg,0,0,0,0,0,0,,False,,Horror,,
444707,,Sorceress,Sorceress,en,,,2017-01-01,/w4zCUt7tuAt4lqjTzs8QidLs7Bj.jpg,0,0,0,0,0,0,,False,,Horror,,
444884,,Sorority Slaughter 2,Sorority Slaughter 2,en,,,1996-01-01,/wftjT73QCzfok62UsbxN6Ww40oX.jpg,0,0,0,0,0,0,,False,,Horror,,
444913,,Strangled 6,Strangled 6,en,,,1998-01-01,/q3BIxH05Xdx3feKumn1RlD4gzjT.jpg,0,0,0,0,0,0,,False,,Horror,,
444949,,Psycho Charlie Returns: Part 1,Psycho Charlie Returns: Part 1,en,,,1997-01-01,/1QVD53Ho2GeaxCQVdw8QqCNFdk7.jpg,0,0,0,0,0,0,,False,,Horror,,
444950,,Psycho Charlie Returns: Part 2,Psycho Charlie Returns: Part 2,en,,,1997-01-01,/qdWKzOdvFMeke4F7AOej1hIvye1.jpg,0,0,0,0,0,0,,False,,Horror,,
444972,,The Archer,The Archer,en,,,1997-01-01,/4x89atC965LEM8e48c5HTutCEB5.jpg,0,0,0,0,0,0,,False,,Horror,,
445089,,The Greater Evil,The Greater Evil,en,,,2015-01-01,/vqgeAteAfczNHBKHCHU6IHyWIWt.jpg,0,0,0,0,0,0,,False,,Horror,,
445264,,Horror Film 2,Horror Film 2,en,,,1972-01-01,/lUm0VHcGKIkRxrmX7XQcxh0L40G.jpg,0,0,0,0,0,0,,False,,Horror,,
445268,,Horror Film 1,Horror Film 1,en,,,1971-01-01,/CU1aorvLNckaO3ijzVPCTDldi3.jpg,0,0,0,0,0,0,,False,,Horror,,
445306,,Monsters Anonymous,Monsters Anonymous,en,,,2016-01-01,/CxsEADM8A3GNS69nJbcxkiw4Pr.jpg,0,0,0,0,0,0,,False,,Horror,,
445756,,Silver Cell,Silver Cell,en,,,2011-01-01,/6TVJ8erQPS3m6YvBMprdZ6PSss1.jpg,0,0,0,0,0,0,,False,,Horror,,
445850,,Machine Gun Baby,Machine Gun Baby,en,,,2017-01-01,/qkmIrtX3jxyz25GFKXvCBXUVS4N.jpg,0,0,0,0,0,0,,False,,Horror,,
445882,,Proboscis,Proboscis,en,,,2000-01-01,/lbDB9BuguwDMCXuzQ4U0LBMFTCd.jpg,0,0,0,0,0,0,,False,,Horror,,
446198,,Cats of Darkness,Cats of Darkness,en,,,2015-01-01,/pdrIhBdDakxHWY317qk6F77F2ds.jpg,0,0,0,0,0,0,,False,,Horror,,
446448,,Psychon Invaders,Psychon Invaders,en,,,2006-01-01,/dPwVH3Lwiv5PzxgxpxWBnij29GA.jpg,0,0,0,0,0,0,,False,,Horror,,
446462,,"Prey, in Cold Blood","Prey, in Cold Blood",en,,,2016-01-01,/cf2dvPMtj8LnLc9OvamcMLlpuAN.jpg,0,0,0,0,0,0,,False,,Horror,,
446550,,Charlie's Death Wish,Charlie's Death Wish,en,,,2005-01-01,/isZuUeOg0zZCtqytSwJinc6N480.jpg,0,0,0,0,0,0,,False,,Horror,,
446574,,Siberia,Siberia,en,,,2020-01-01,/vSCjeSAkdrAyi3XDIrNWpMsH5oP.jpg,0,0,0,0,0,0,,False,,Horror,,
447737,,Safe Inside,Safe Inside,en,,,2017-01-01,/u2cBb9FXlH2wla6p3diEbQtHOxD.jpg,0,0,0,0,0,0,,False,,Horror,,
447838,,Dinner Party of the Damned,Dinner Party of the Damned,en,,,2008-01-01,/d7qjLETiGAdGzLp6JGFqHFET1EY.jpg,0,0,0,0,0,0,,False,,Horror,,
448291,,After Sophie,After Sophie,en,,,2017-01-01,/tnlnICiuiw69pngPjK00ZNGQkcC.jpg,0,0,0,0,0,0,,False,,Horror,,
448523,,Carnifex,Carnifex,en,,,2016-01-01,/eQHYCd8U6xUqL4oPP9zcZ9wUxtV.jpg,0,0,0,0,0,0,,False,,Horror,,
448795,,The Dead Ringer,The Dead Ringer,en,,,2016-01-01,/rq4NNzNamWmgL7akBcG3MN77ruK.jpg,0,0,0,0,0,0,,False,,Horror,,
448865,,Ghost Can,Ghost Can,en,,,2016-01-01,/eZ7Y2hnxnrAO3azj0jRdws6w5Tl.jpg,0,0,0,0,0,0,,False,,Horror,,
448870,,The Discovery of Alan Hindley,The Discovery of Alan Hindley,en,,,2016-01-01,/oVtBL3NEifXZ2h6NK1MkmkSOeTP.jpg,0,0,0,0,0,0,,False,,Horror,,
449073,,Gay Jesus,Gay Jesus,en,,,2015-01-01,/4APWnwq48ezq419ANlmsvXBYMqV.jpg,0,0,0,0,0,0,,False,,Horror,,
449457,,Faces of Snuff,Faces of Snuff,en,,,2016-01-01,/n8tjfkqrz3fdzqyZROhaS5u6PO2.jpg,0,0,0,0,0,0,,False,,Horror,,
449774,,Gavage,Gavage,en,,,2016-01-01,/pfVW2F82glH3AXxnPC1IPEQJFP0.jpg,0,0,0,0,0,0,,False,,Horror,,
450290,,The Evil Dead: Treasures from the Cutting Room Floor,The Evil Dead: Treasures from the Cutting Room Floor,en,,,2007-01-01,/241ZLXu1vjoCMwOsptwiZHvam1a.jpg,0,0,0,0,0,0,,False,,Horror,,
450413,,Night Trackers,Night Trackers,en,,,1987-01-01,/mKZSiyCLrZlbAgnMfcNW7lNoWRp.jpg,0,0,0,0,0,0,,False,,Horror,,
450703,,Beware the Black Widow,Beware the Black Widow,en,,,1968-01-01,/lon3ppVz7j0PSeeXd7mx0n0KSe1.jpg,0,0,0,0,0,0,,False,,Horror,,
450987,,Two Sisters,Two Sisters,en,,,2013-01-01,/qOmpHlwEE36dTRi6HOf36aZuVD4.jpg,0,0,0,0,0,0,,False,,Horror,,
450988,,Mauvaises Têtes,Mauvaises Têtes,en,,,2016-01-01,/sbMiUquxuNjqUYehA8kTwG7WnFr.jpg,0,0,0,0,0,0,,False,,Horror,,
451008,,Brackish,Brackish,en,,,2015-01-01,/2nJdVmZhHVMf8TmS4iZTyv6ZREL.jpg,0,0,0,0,0,0,,False,,Horror,,
451331,,Dive into Doom,Dive into Doom,en,,,2013-01-01,/qFnkUs72zpXuDb8aJBLklJUvR3y.jpg,0,0,0,0,0,0,,False,,Horror,,
451338,,Summoning,Summoning,en,,,2017-01-01,/jNeQ3ilD0m1Vdk6zOhLAcZhKGao.jpg,0,0,0,0,0,0,,False,,Horror,,
451545,,The Congregation,The Congregation,en,,,2011-01-01,/dO3IBRzTikC5uQL2gFekNtBQV6y.jpg,0,0,0,0,0,0,,False,,Horror,,
452499,,Tangerine Dream: Inferno,Tangerine Dream: Inferno,en,,,2004-01-01,/s55SyyHKw1l7sXzq86aGKVPqIi9.jpg,0,0,0,0,0,0,,False,,Horror,,
452532,,Alma's Secret,Alma's Secret,en,,,2017-01-01,/aps6ZJLVseyDuQhioulA8NoQzwL.jpg,0,0,0,0,0,0,,False,,Horror,,
452654,,Inside Ben,Inside Ben,en,,,2017-01-01,/oczKdPNpyoDpOkKpLG5gfUuWttO.jpg,0,0,0,0,0,0,,False,,Horror,,
452705,,The Devil's Mate,The Devil's Mate,en,,,1966-01-01,/a4g7cPFC1Nk2RITPZRPSz0peSUv.jpg,0,0,0,0,0,0,,False,,Horror,,
453413,,Headcheese,Headcheese,en,,,2001-01-01,/A7ACmeyJL6XkxjG2YxfHbq2zHZ.jpg,0,0,0,0,0,0,,False,,Horror,,
453424,,Dr. Masher,Dr. Masher,en,,,1969-01-01,/fjX0b6urjLMFLwn5APDNdkPGHks.jpg,0,0,0,0,0,0,,False,,Horror,,
453600,,The Kiss-Off,The Kiss-Off,en,,,1968-01-01,/vTcVB9Ix4ZutQmLBxQ8ptr6EMYN.jpg,0,0,0,0,0,0,,False,,Horror,,
454052,,Beyond Dream's Door,Beyond Dream's Door,en,,,1983-01-01,/4StoQCcHSr06ARoomJPQSC8zgLx.jpg,0,0,0,0,0,0,,False,,Horror,,
455232,,Cupid's Guillotine,Cupid's Guillotine,en,,,2017-01-01,/7KgPPNc4WkBwK0DFOLFFT912rr2.jpg,0,0,0,0,0,0,,False,,Horror,,
456548,,The Night Circus,The Night Circus,en,,,2016-01-01,/5ou21XI4kNBWnbxT2I6sP6FAnZf.jpg,0,0,0,0,0,0,,False,,Horror,,
456740,,Hellboy,Hellboy,en,,,2019-01-01,/bk8LyaMqUtaQ9hUShuvFznQYQKR.jpg,0,0,0,0,0,0,,False,,Horror,,
457710,,Empire of the Sharks,Empire of the Sharks,en,,,2018-01-01,/iDLHjmy07ukULjx69v1ohB0QG52.jpg,0,0,0,0,0,0,,False,,Horror,,
458033,,The Demonic Tapes,The Demonic Tapes,en,,,2017-01-01,/fy7oe9tYNkzgg5zMnnxGn1x1YzW.jpg,0,0,0,0,0,0,,False,,Horror,,
458339,,Haunted Inc.,Haunted Inc.,en,,,2014-01-01,/p6EjoVKNze1b73ba2uNMIBbBghP.jpg,0,0,0,0,0,0,,False,,Horror,,
458353,,High Heel Homicide,High Heel Homicide,en,,,2017-01-01,/u8qHMiRkWPhDeL4W85OKA5cahPI.jpg,0,0,0,0,0,0,,False,,Horror,,
458381,,Female Zombie Riot,Female Zombie Riot,en,,,2016-01-01,/cqrUQrSGjb09Y0DEsnjYMLa75LE.jpg,0,0,0,0,0,0,,False,,Horror,,
458472,,Sweeney Todd,Sweeney Todd,en,,,1970-01-01,/rNyzLkRrLv5Co45cMYpFrnXmcZb.jpg,0,0,0,0,0,0,,False,,Horror,,
458832,,Long Night in a Dead City,Long Night in a Dead City,en,,,2017-01-01,/7vPdeyrKYFY9EoqfPi54iPUldXA.jpg,0,0,0,0,0,0,,False,,Horror,,
459660,,Spread,Spread,en,,,2016-01-01,/5NKbzAYwU6E3HGQD0v5Q3JStN65.jpg,0,0,0,0,0,0,,False,,Horror,,
460965,,Silent Scream Play,Silent Scream Play,en,,,2003-01-01,/50VAwlsHRCA0sB5VqFpPes9Gp9R.jpg,0,0,0,0,0,0,,False,,Horror,,
462018,,All the Wrong Friends,All the Wrong Friends,en,,,2016-01-01,/gCxSUx1sRABxX3uJwIoINtNV3I9.jpg,0,0,0,0,0,0,,False,,Horror,,
462296,,Snuggle Bunny: Man's Most Lovable Predator,Snuggle Bunny: Man's Most Lovable Predator,en,,,2011-01-01,/ib95MDBiA4gpp70oSJbfX308Jph.jpg,0,0,0,0,0,0,,False,,Horror,,
462381,,Already Dead,Already Dead,en,,,2016-01-01,/4NTBkrAmiomzhqn4HssPvzmiDT9.jpg,0,0,0,0,0,0,,False,,Horror,,
462848,,The Artifice,The Artifice,en,,,2014-01-01,/b17hHOHFiN0nMzZysuG6gLmeOlL.jpg,0,0,0,0,0,0,,False,,Horror,,
463155,,"Scream, Teen, Scream!","Scream, Teen, Scream!",en,,,1996-01-01,/m2BnMSkGYJpzzvYhxFhXfF35iAv.jpg,0,0,0,0,0,0,,False,,Horror,,
463770,,Bloody Hooker Bang Bang: A Love Story,Bloody Hooker Bang Bang: A Love Story,en,,,2012-01-01,/g5v7ATGOCtIXiCyjmCW0LZK6Gma.jpg,0,0,0,0,0,0,,False,,Horror,,
463821,,The House with a Clock in Its Walls,The House with a Clock in Its Walls,en,,,2018-01-01,/qM66Hv4ByAxnilr0jaqCA9uOD4Y.jpg,0,0,0,0,0,0,,False,,Horror,,
464105,,Igodo: The Land of the Living Dead,Igodo: The Land of the Living Dead,en,,,1999-01-01,/hl0bRgGQ59HEcXI9i91ffYC6qhg.jpg,0,0,0,0,0,0,,False,,Horror,,
464496,,The Night Shift,The Night Shift,en,,,2017-01-01,/39A8NhUL0mgJjt3QZzS0pQVmoWG.jpg,0,0,0,0,0,0,,False,,Horror,,
464776,,And Then They Were Dead...,And Then They Were Dead...,en,,,2004-01-01,/oa4CXEMpEdfHKv3aSHjDZ50Yqe7.jpg,0,0,0,0,0,0,,False,,Horror,,
464890,,Vegetables,Vegetables,en,,,1989-01-01,/wspfoT9f1KfdEGnYU1jIgYlBvvM.jpg,0,0,0,0,0,0,,False,,Horror,,
466473,,The Painting,The Painting,en,,,2015-01-01,/30tnSQZ7kdwRcjSwTUZ3agQ0Dl.jpg,0,0,0,0,0,0,,False,,Horror,,
466587,,Bigfoot Horror Camp,Bigfoot Horror Camp,en,,,2017-01-01,/74A18wH8B5QHMJlg1qMSXEMyMAm.jpg,0,0,0,0,0,0,,False,,Horror,,
467462,,Trailer Park Shark,Trailer Park Shark,en,,,2017-01-01,/5Nw1GE8JV4SUzrkE6nvuznvJqJM.jpg,0,0,0,0,0,0,,False,,Horror,,
467540,,Death-Scort Service Part 2: The Naked Dead,Death-Scort Service Part 2: The Naked Dead,en,,,2017-01-01,/1RCeXixXJmWAhaCikdMqJNp3LeA.jpg,0,0,0,0,0,0,,False,,Horror,,
468436,,Bride of Violence,Bride of Violence,en,,,2018-01-01,/hswA0P9EDlA5G4ZV6ZZQHgS5o2T.jpg,0,0,0,0,0,0,,False,,Horror,,
468496,,The Sabbat of the Black Cat,The Sabbat of the Black Cat,en,,,1973-01-01,/84HNjoArGL9FM6JBRG6AmUrVQrC.jpg,0,0,0,0,0,0,,False,,Horror,,
469662,,Gone But Not Forgotten,Gone But Not Forgotten,en,,,1987-01-01,/wLxEqNvNew4VEflmT3f23SHj6zN.jpg,0,0,0,0,0,0,,False,,Horror,,
469663,,Gotta Quarter?,Gotta Quarter?,en,,,1987-01-01,/wLxEqNvNew4VEflmT3f23SHj6zN.jpg,0,0,0,0,0,0,,False,,Horror,,
469665,,Sanguinary Desires,Sanguinary Desires,en,,,1988-01-01,/wLxEqNvNew4VEflmT3f23SHj6zN.jpg,0,0,0,0,0,0,,False,,Horror,,
469666,,Edwin Parker,Edwin Parker,en,,,1988-01-01,/wLxEqNvNew4VEflmT3f23SHj6zN.jpg,0,0,0,0,0,0,,False,,Horror,,
469746,,Blood Lake,Blood Lake,en,,,2014-01-01,/bdY2FZkVTQ0BS7sYYrgfPqupBYi.jpg,0,0,0,0,0,0,,False,,Horror,,
470823,,The Midnight Matinee,The Midnight Matinee,en,,,2017-01-01,/oab9gWjoAYBFWcDefFbv1vv6J9Z.jpg,0,0,0,0,0,0,,False,,Horror,,
471177,,Game Changer: The Legacy of Saw,Game Changer: The Legacy of Saw,en,,,2015-01-01,/uYRHCj0KsJkVKJkeWNt7qig7aPp.jpg,0,0,0,0,0,0,,False,,Horror,,
471530,,The Clinic,The Clinic,en,,,2018-01-01,/9ThGAPh4LxQ2aAdLacWwoeWGyLE.jpg,0,0,0,0,0,0,,False,,Horror,,
471618,,A Twisted Tale,A Twisted Tale,en,,,2017-01-01,/3wel2WVms2SgIzX2WUwmyz0uufN.jpg,0,0,0,0,0,0,,False,,Horror,,
471920,,The Grief,The Grief,en,,,2009-01-01,/A2zwRPIHDDQSn5nQMmiyli931bi.jpg,0,0,0,0,0,0,,False,,Horror,,
471924,,Zombie Psycho STHLM,Zombie Psycho STHLM,en,,,2004-01-01,/9aM3tVyAlElVHARTLaslqdVNHCn.jpg,0,0,0,0,0,0,,False,,Horror,,
472932,,Silent Screamplay II,Silent Screamplay II,en,,,2006-01-01,/jbSJU77OMeYd8jhRyisUmP8kCKu.jpg,0,0,0,0,0,0,,False,,Horror,,
475498,,Halloween Monster Bash,Halloween Monster Bash,en,,,1991-01-01,/lrCjmj7hL2g3Il84KG5nyPhkQqm.jpg,0,0,0,0,0,0,,False,,Horror,,
476091,,Sweet Tooth,Sweet Tooth,en,,,2017-01-01,/kEyNYVjQv7h1j6U9twTPDQ1raog.jpg,0,0,0,0,0,0,,False,,Horror,,
476642,,Day of a Thousand Screams,Day of a Thousand Screams,en,,,2012-01-01,/tJXz2a9RyjP8EehFDkLcbRQ3xDe.jpg,0,0,0,0,0,0,,False,,Horror,,
477466,,The Quacky Slasher,The Quacky Slasher,en,,,2017-01-01,/k4ALXVh5WFB1CKBwupGIrW0VyrE.jpg,0,0,0,0,0,0,,False,,Horror,,
477495,,The Night Before,The Night Before,en,,,2017-01-01,/xuTynaDMb2SOUBm2ZczcPfZkFqn.jpg,0,0,0,0,0,0,,False,,Horror,,
477835,,The Muffin Man,The Muffin Man,en,,,2006-01-01,/clPzcCLezAVqI2AqauBB3cKrlyn.jpg,0,0,0,0,0,0,,False,,Horror,,
477901,,Buzzard Hollow Beef,Buzzard Hollow Beef,en,,,2017-01-01,/uQyc7Umm6e2FVIRMxQzOyvNKz76.jpg,0,0,0,0,0,0,,False,,Horror,,
477977,,No Stopping the Stover,No Stopping the Stover,en,,,2016-01-01,/uiOi1En4Uh4yzKpJcxDrJg0ddkj.jpg,0,0,0,0,0,0,,False,,Horror,,
478258,,Supernatural,Supernatural,en,,,1997-01-01,/6Ws8MgbWrcJ2yxFOmBRQex6odTR.jpg,0,0,0,0,0,0,,False,,Horror,,
478819,,Zombie Lust,Zombie Lust,en,,,2002-01-01,/6ZaTOTNYM0oti8akPcJX7uDQdBf.jpg,0,0,0,0,0,0,,False,,Horror,,
479331,,The Perils of Penelope,The Perils of Penelope,en,,,1994-01-01,/ghiNX2JiSCISHgz8UPb7Pdc6WAq.jpg,0,0,0,0,0,0,,False,,Horror,,
480139,,The Network,The Network,en,,,2011-01-01,/ybAb7kHEP6xsWWGo68ei6ycfVKU.jpg,0,0,0,0,0,0,,False,,Horror,,
480299,,Face of Evil,Face of Evil,en,,,2003-01-01,/aLMcFL7d5EqKsF5xa3BVYzMa13j.jpg,0,0,0,0,0,0,,False,,Horror,,
480612,,Man Dog Man,Man Dog Man,en,,,2017-01-01,/5OFUNh833ly5T22Cu3EQEu2QJUO.jpg,0,0,0,0,0,0,,False,,Horror,,
480634,,Derelicts,Derelicts,en,,,2017-01-01,/3Ypt8fp6cfqO7Xso2vYVQqmG4oV.jpg,0,0,0,0,0,0,,False,,Horror,,
480745,,Spooky Wooky,Spooky Wooky,en,,,1950-01-01,/pqusu4VqYYp2NVVpLbC7RZfVYGp.jpg,0,0,0,0,0,0,,False,,Horror,,
481150,,Trick or Treat,Trick or Treat,en,,,2008-01-01,/2080efWAvsXuKavDXsbsQRzIyQ3.jpg,0,0,0,0,0,0,,False,,Horror,,
481166,,Beyond Comprehension: William Peter Blatty’s The Exorcist,Beyond Comprehension: William Peter Blatty’s The Exorcist,en,,,2013-01-01,/zP45VdBMNLLc2kJjhmTpQlFYFcA.jpg,0,0,0,0,0,0,,False,,Horror,,
481360,,Deviant Behavior,Deviant Behavior,en,,,2018-01-01,/8DEH8ZOTtCjMnQJsKLSi2Kbfn9Q.jpg,0,0,0,0,0,0,,False,,Horror,,
483052,,Lady Belladonna's Night Shades,Lady Belladonna's Night Shades,en,,,2016-01-01,/2vzEremfSCENQVkQdbeCUy0cISh.jpg,0,0,0,0,0,0,,False,,Horror,,
483201,,What Metal Girls Are Into,What Metal Girls Are Into,en,,,2017-01-01,/ROwEzy00nq27kUgqEWKoWzJooU.jpg,0,0,0,0,0,0,,False,,Horror,,
483340,,Murder: Ultimate Grounds for Divorce,Murder: Ultimate Grounds for Divorce,en,,,1984-01-01,/h85K34wkMuNjmLybBsD7o6e7gan.jpg,0,0,0,0,0,0,,False,,Horror,,
483378,,Vampire Vixens,Vampire Vixens,en,,,2017-01-01,/1DC5MpTsM1nxJJaAUBK5mqbhpuM.jpg,0,0,0,0,0,0,,False,,Horror,,
483421,,The Devil in White,The Devil in White,en,,,2014-01-01,/xj46UeWBaQBUIg0K678Upwu0Jnb.jpg,0,0,0,0,0,0,,False,,Horror,,
483586,,Rites of Blood,Rites of Blood,en,,,2004-01-01,/izXzF9teEOwAVJJea23103SDrAy.jpg,0,0,0,0,0,0,,False,,Horror,,
483603,,Working with Jigsaw,Working with Jigsaw,en,,,2016-01-01,/3fGxYzwBvmXTFoclfFtlBsHwgUB.jpg,0,0,0,0,0,0,,False,,Horror,,
483609,,"Sorry, We're Closed","Sorry, We're Closed",en,,,2017-01-01,/cMhNI1FkMXc4tVEEZlGci2h1oT8.jpg,0,0,0,0,0,0,,False,,Horror,,
483976,,Stalled,Stalled,en,,,2017-01-01,/qfucvDMF4l7wgvwlnCYW3F7grGa.jpg,0,0,0,0,0,0,,False,,Horror,,
484076,,Inexorable,Inexorable,en,,,2017-01-01,/A7GNSy1b1DTArsZA7YocplicPt1.jpg,0,0,0,0,0,0,,False,,Horror,,
484406,,Say Cheese,Say Cheese,en,,,2017-01-01,/u7Pj1tx6FGR77R0BYAcQ5RzSDSz.jpg,0,0,0,0,0,0,,False,,Horror,,
484485,,Evil's Evil Cousin,Evil's Evil Cousin,en,,,2016-01-01,/vucHNPtJ6cKVJ6eUvvRXjDMVGBh.jpg,0,0,0,0,0,0,,False,,Horror,,
484604,,Dave,Dave,en,,,2016-01-01,/nGmMbzYghUfHKCI2bLyG51LzyhQ.jpg,0,0,0,0,0,0,,False,,Horror,,
484662,,Dr. Jeckyll and Ms. Hyde,Dr. Jeckyll and Ms. Hyde,en,,,1980-01-01,/7QorEVKGHOoj3SmZk2XcpoBaD3D.jpg,0,0,0,0,0,0,,False,,Horror,,
485245,,Coyotes Kill for Fun,Coyotes Kill for Fun,en,,,2017-01-01,/r0hIPUAvotqNIeOWYMvwxdmtXZq.jpg,0,0,0,0,0,0,,False,,Horror,,
485391,,The Evil Inside,The Evil Inside,en,,,2020-01-01,/gpgWfcOSkZfDk6scUcYI7h08WD2.jpg,0,0,0,0,0,0,,False,,Horror,,
485567,,An Echo of Theresa,An Echo of Theresa,en,,,1973-01-01,/6T6ePsQvUCD7SjljCj0sYDEtPk9.jpg,0,0,0,0,0,0,,False,,Horror,,
485784,,Savage Christmas,Savage Christmas,en,,,2013-01-01,/f7x3Yvv8DdyBQzv5Lp522NvrmXj.jpg,0,0,0,0,0,0,,False,,Horror,,
485792,,Ghoulish Tales,Ghoulish Tales,en,,,2014-01-01,/rM41Rva6XoVmo1fvjjOFLnmAzZD.jpg,0,0,0,0,0,0,,False,,Horror,,
485809,,Zombie Bite,Zombie Bite,en,,,2017-01-01,/fdJlgLScCNDdH0LFhqWLFrURh94.jpg,0,0,0,0,0,0,,False,,Horror,,
486385,,The Mitchell Tapes,The Mitchell Tapes,en,,,2017-01-01,/qc6U1Q4oRYSiPGdjI14hVyQsLfP.jpg,0,0,0,0,0,0,,False,,Horror,,
486892,,Hex,Hex,en,,,2017-01-01,/58la8P0IVUcpBw9m3lT4oktdczO.jpg,0,0,0,0,0,0,,False,,Horror,,
487429,,Gotham Cafe,Gotham Cafe,en,,,2005-01-01,/8ctv7fEwiFNHBXEBC2e2MPIoSjz.jpg,0,0,0,0,0,0,,False,,Horror,,
487442,,Killing Brooke,Killing Brooke,en,,,2012-01-01,/ejSllwEN5PlhJf9QN6etQi448Sq.jpg,0,0,0,0,0,0,,False,,Horror,,
487954,,Hannah and the Dog Ghost,Hannah and the Dog Ghost,en,,,1981-01-01,/4ghtkBvAoyCifEITItoObT5kakp.jpg,0,0,0,0,0,0,,False,,Horror,,
488101,,The Colour of Blood,The Colour of Blood,en,,,1973-01-01,/tUquFQ6XZXAMJLCmlJGKYMtdOQp.jpg,0,0,0,0,0,0,,False,,Horror,,
488104,,"Come Out, Come Out, Wherever You Are","Come Out, Come Out, Wherever You Are",en,,,1974-01-01,/tHUiJjaNMxZ1ezA5iiyztHzTk12.jpg,0,0,0,0,0,0,,False,,Horror,,
488134,,Death to Sister Mary,Death to Sister Mary,en,,,1974-01-01,/pNjdz9QOzPoAIkFMULPAymX1AvA.jpg,0,0,0,0,0,0,,False,,Horror,,
488147,,Dial a Deadly Number,Dial a Deadly Number,en,,,1975-01-01,/mV2yEd31vBxZf4O7js29mnoUprn.jpg,0,0,0,0,0,0,,False,,Horror,,
488489,,"Good Salary, Prospects, Free Coffin","Good Salary, Prospects, Free Coffin",en,,,1975-01-01,/x4xiKVcX5bujrMoTDyOvlsXD6OF.jpg,0,0,0,0,0,0,,False,,Horror,,
488513,,House of Evil,House of Evil,en,,,1974-01-01,/7KAeGl8SDwziEHk5lXrHUvGK8pA.jpg,0,0,0,0,0,0,,False,,Horror,,
488636,,A Killer in Every Corner,A Killer in Every Corner,en,,,1974-01-01,/1vCw3ktEbeXaQDGXe1SpkcEPtcZ.jpg,0,0,0,0,0,0,,False,,Horror,,
488638,,A Killer with Two Faces,A Killer with Two Faces,en,,,1974-01-01,/mnq3LbXKQk8MS36cW0LTKmR3cjq.jpg,0,0,0,0,0,0,,False,,Horror,,
488642,,Kill Two Birds,Kill Two Birds,en,,,1975-01-01,/viEdXHjQcS5dXthwc0cySrDHIT1.jpg,0,0,0,0,0,0,,False,,Horror,,
488657,,Lady Killer,Lady Killer,en,,,1973-01-01,/4L9kfnPbCSwyRrlyilL40VPtsIl.jpg,0,0,0,0,0,0,,False,,Horror,,
488900,,A Midsummer Nightmare,A Midsummer Nightmare,en,,,1975-01-01,/5e2FAY50DAohVsI27U7lPAvKlfY.jpg,0,0,0,0,0,0,,False,,Horror,,
488903,,Moving Target,Moving Target,en,,,1973-01-01,/tisYDQYsY5Dw7tRUj8F3ZFUWP5m.jpg,0,0,0,0,0,0,,False,,Horror,,
488938,,The Murderers,The Murderers,en,,,1973-01-01,/mG1LSUYy021uHpFYbLHhrM8Iv0D.jpg,0,0,0,0,0,0,,False,,Horror,,
489374,,The Eye,The Eye,en,,,2017-01-01,/93Ae1yDOnMCpl4gukqklYJOtsBS.jpg,0,0,0,0,0,0,,False,,Horror,,
489463,,Do You Believe?,Do You Believe?,en,,,2017-01-01,/gmo02bhmx5QLzXhDGz4dao8uuZd.jpg,0,0,0,0,0,0,,False,,Horror,,
491236,,The Kiss,The Kiss,en,,,2004-01-01,/dOjWQw3pWkFjx3Cxsm5ztgdBNI7.jpg,0,0,0,0,0,0,,False,,Horror,,
492332,,The Lurking,The Lurking,en,,,2015-01-01,/d3mIdbaG1ngiG20dxHxMaWbjd7i.jpg,0,0,0,0,0,0,,False,,Horror,,
493442,,Leolex,Leolex,en,,,2013-01-01,/9AgbZbuAJO6smyCnKBSYjnDPWzZ.jpg,0,0,0,0,0,0,,False,,Horror,,
493448,,Rain River Falls,Rain River Falls,en,,,2017-01-01,/mKPCPEJjBO5Sr7KH1ap0UYDEXfN.jpg,0,0,0,0,0,0,,False,,Horror,,
493595,,I Pass for Human,I Pass for Human,en,,,2004-01-01,/u5mVsv1S4JyH916m4Kj4wI9DVVq.jpg,0,0,0,0,0,0,,False,,Horror,,
494445,,Bloodrape,Bloodrape,en,,,2011-01-01,/lVe6ULe2WmWAjfpUMgYuDc7U5WK.jpg,0,0,0,0,0,0,,False,,Horror,,
494499,,My Name Is Kris Kringle,My Name Is Kris Kringle,en,,,2010-01-01,/gH3mJUsNLjVHw1YY0gTLqeY67HM.jpg,0,0,0,0,0,0,,False,,Horror,,
494991,,Blooming Flowers,Blooming Flowers,en,,,2013-01-01,/gx0BD6LWKlmlbkGPv5uLDXyn0kQ.jpg,0,0,0,0,0,0,,False,,Horror,,
495496,,All Hallows Evil: Lord of the Harvest,All Hallows Evil: Lord of the Harvest,en,,,2012-01-01,/2SQ5Xc9IrQWNAWkeYbbicGOG9Uj.jpg,0,0,0,0,0,0,,False,,Horror,,
496292,,Umbilical Glue,Umbilical Glue,en,,,2017-01-01,/5cjMxLXAqLerIBC8h3IkomRyJmf.jpg,0,0,0,0,0,0,,False,,Horror,,
496325,,Derren Brown Presents Twisted Tales,Derren Brown Presents Twisted Tales,en,,,2016-01-01,/qF9AWevzYucG0PbuaKHMRhEFK3f.jpg,0,0,0,0,0,0,,False,,Horror,,
496369,,For the Road,For the Road,en,,,2018-01-01,/1Cts3GRscmCrJFsmVJed71HDNhW.jpg,0,0,0,0,0,0,,False,,Horror,,
496377,,Aakhri Raat,Aakhri Raat,en,,,1999-01-01,/eCigYU6PtBXVJUrhfnM8IdIiNGU.jpg,0,0,0,0,0,0,,False,,Horror,,
496865,,Re-Animator of the Living Dead,Re-Animator of the Living Dead,en,,,2015-01-01,/dgqYQ4zlt3tUSsXpzj1yjtTyE0q.jpg,0,0,0,0,0,0,,False,,Horror,,
498084,,Slaughterhouse: House of Whores 2.5,Slaughterhouse: House of Whores 2.5,en,,,2018-01-01,/u9yRH4ROUidtFC5WwyNUbOoMioi.jpg,0,0,0,0,0,0,,False,,Horror,,
498251,,Salem Occultist,Salem Occultist,en,,,2016-01-01,/srULdJlklOdReY9rH9cwv4vY4Zt.jpg,0,0,0,0,0,0,,False,,Horror,,
498647,,Techno Western,Techno Western,en,,,2016-01-01,/kTwaPvK6xgeMEbl9arDZnMjW9qc.jpg,0,0,0,0,0,0,,False,,Horror,,
498748,,Blood Dynasty,Blood Dynasty,en,,,2017-01-01,/ylVPMZa74NTSIija8kDqSe17UUL.jpg,0,0,0,0,0,0,,False,,Horror,,
498754,,Go Mad and Mark,Go Mad and Mark,en,,,2017-01-01,/yEwUvGkaVSYdMR8VMsKYQstsV7f.jpg,0,0,0,0,0,0,,False,,Horror,,
498797,,Dream Nightmare,Dream Nightmare,en,,,2016-01-01,/4UdEp4xJnFR9rVyPxEYNPPvl2u1.jpg,0,0,0,0,0,0,,False,,Horror,,
498904,,Fleas,Fleas,en,,,2016-01-01,/sWduSrilDZ4xce7SbdFD8YozKRf.jpg,0,0,0,0,0,0,,False,,Horror,,
499359,,Someone at the Top of the Stairs,Someone at the Top of the Stairs,en,,,1973-01-01,/eEjgJrEDHu1ZbCNGcJIhST4XHrC.jpg,0,0,0,0,0,0,,False,,Horror,,
499364,,One Deadly Owner,One Deadly Owner,en,,,1974-01-01,/ywXcS2VVdk02vaBLi0on0rsUVfr.jpg,0,0,0,0,0,0,,False,,Horror,,
499377,,The Next Scream You Hear,The Next Scream You Hear,en,,,1974-01-01,/5kky2HLdsVA9Wiu4GpoobJfgxpX.jpg,0,0,0,0,0,0,,False,,Horror,,
499395,,Possession,Possession,en,,,1973-01-01,/hIe9Cs9kb02BKkMZrY8HHm61Hhn.jpg,0,0,0,0,0,0,,False,,Horror,,
499405,,Where the Action Is,Where the Action Is,en,,,1975-01-01,/2rk9DbG7DdJ5exdr1cE5riJEvtk.jpg,0,0,0,0,0,0,,False,,Horror,,
499482,,Psychomanteum,Psychomanteum,en,,,2018-01-01,/pGZ86Q0LZuSn7xauUVyMYXkcISo.jpg,0,0,0,0,0,0,,False,,Horror,,
499739,,Creating Carrie,Creating Carrie,en,,,2014-01-01,/yc6z5zESjaRPkI4DJAP9wqZIjzJ.jpg,0,0,0,0,0,0,,False,,Horror,,
499812,,Dead Love,Dead Love,en,,,2018-01-01,/4S0WE5G9XK0iyq5C87CJa6MOZPN.jpg,0,0,0,0,0,0,,False,,Horror,,
499822,,Blood Mountain,Blood Mountain,en,,,2017-01-01,/49k2XPjrvN5zz0ybJmHPX5O8bjc.jpg,0,0,0,0,0,0,,False,,Horror,,
499953,,Fly on the Wall,Fly on the Wall,en,,,2018-01-01,/qPtQPxj7xEfa5PpZxti05PCchO5.jpg,0,0,0,0,0,0,,False,,Horror,,
499995,,W.S.H.: The Myth of the Urban Myth,W.S.H.: The Myth of the Urban Myth,en,,,1994-01-01,/ssoE6DhTow2E06fru02pqdGiv2z.jpg,0,0,0,0,0,0,,False,,Horror,,
500319,,Lord of the Dead,Lord of the Dead,en,,,2000-01-01,/ieYaEnCGl06brCWseJjVxDRzgPy.jpg,0,0,0,0,0,0,,False,,Horror,,
501294,,The Spirit Chaser,The Spirit Chaser,en,,,2018-01-01,/w8Xen9FDqc1SdXUd5Dry8xbt7wb.jpg,0,0,0,0,0,0,,False,,Horror,,
501762,,Integro,Integro,en,,,2006-01-01,/kPzCsLrr589RvJrXE6WZzueJ8v6.jpg,0,0,0,0,0,0,,False,,Horror,,
501956,,Spotlight,Spotlight,en,,,2018-01-01,/qhU5HJF3aEmYhAJZ1AOS0L4Lzea.jpg,0,0,0,0,0,0,,False,,Horror,,
502025,,Munchausen,Munchausen,en,,,2013-01-01,/560dinuPqIGkjETqS8hp9KeI6c3.jpg,0,0,0,0,0,0,,False,,Horror,,
502109,,Air Disturbance,Air Disturbance,en,,,2014-01-01,/pbztZj4S9ZkPqJ4fQsUp4ZT1Wiz.jpg,0,0,0,0,0,0,,False,,Horror,,
502354,,The Gardener,The Gardener,en,,,2018-01-01,/fd28iKRw1fgjhV7G8m2IOrQWIYi.jpg,0,0,0,0,0,0,,False,,Horror,,
502613,,M Is for Manure,M Is for Manure,en,,,2013-01-01,/7EzEoCRIFNVDwpWRt18xVg1sxrm.jpg,0,0,0,0,0,0,,False,,Horror,,
502873,,Dutch Hollow,Dutch Hollow,en,,,2015-01-01,/qOavSZSlsIDiI1xHtOz0KV9zyPo.jpg,0,0,0,0,0,0,,False,,Horror,,
502935,,Blood Sisters,Blood Sisters,en,,,2017-01-01,/4gGO7vNVvRF9QxdREInMFJ3Zd8c.jpg,0,0,0,0,0,0,,False,,Horror,,
502940,,Graveyard Rot,Graveyard Rot,en,,,1992-01-01,/B9qFzrgfro5TEy6J1gTMquxxvH.jpg,0,0,0,0,0,0,,False,,Horror,,
503001,,House Mother,House Mother,en,,,2016-01-01,/1Qi2Fei5u0V2b9i1WkIYBQ7nNuF.jpg,0,0,0,0,0,0,,False,,Horror,,
503407,,Little Bill's Peep Show,Little Bill's Peep Show,en,,,2017-01-01,/gvNrKPEGOKIqcJezTunYiRwANlu.jpg,0,0,0,0,0,0,,False,,Horror,,
503646,,The Bray Road Beast,The Bray Road Beast,en,,,2018-01-01,/g2XEZrUhG4kAyjrvw1C33K4DgDP.jpg,0,0,0,0,0,0,,False,,Horror,,
503658,,The Invisible Man,The Invisible Man,en,,,2017-01-01,/aOkwiTLVVN6BZMSZENg1dC5dQt3.jpg,0,0,0,0,0,0,,False,,Horror,,
503693,,Murder Motel,Murder Motel,en,,,1975-01-01,/d81qSkdiKVULYttr7w38uiJmzXw.jpg,0,0,0,0,0,0,,False,,Horror,,
503698,,The Next Victim,The Next Victim,en,,,1975-01-01,/fZZAqTvClWgEruWUwEDGOX7iDba.jpg,0,0,0,0,0,0,,False,,Horror,,
503700,,The Next Voice You See,The Next Voice You See,en,,,1975-01-01,/aElVLGwT3RRA7pLmUkerFFP5ePU.jpg,0,0,0,0,0,0,,False,,Horror,,
503719,,Nightmare for a Nightingale,Nightmare for a Nightingale,en,,,1975-01-01,/49sU0mqUWV2nZhD372zeGWeupK1.jpg,0,0,0,0,0,0,,False,,Horror,,
503730,,A Place to Die,A Place to Die,en,,,1973-01-01,/8ad36RrnrnrEHUNps0EAvZc28dj.jpg,0,0,0,0,0,0,,False,,Horror,,
503731,,Zombie Boy,Zombie Boy,en,,,2014-01-01,/kAJFGY41zeQ6OsV6N2Wf13znKS8.jpg,0,0,0,0,0,0,,False,,Horror,,
503740,,A Prowler in the Heart,A Prowler in the Heart,en,,,1973-01-01,/oqyctvjk2MP4yjOcB30cU6oKp36.jpg,0,0,0,0,0,0,,False,,Horror,,
503768,,Something of Mine,Something of Mine,en,,,1991-01-01,/m8Ap2SE6jmERvJkrhLssZj6ihwx.jpg,0,0,0,0,0,0,,False,,Horror,,
503769,,Spell of Evil,Spell of Evil,en,,,1973-01-01,/k1QdPFyoPE8oi4PnRK4wdlTpdUF.jpg,0,0,0,0,0,0,,False,,Horror,,
503771,,The Spy Who Returned from the Dead,The Spy Who Returned from the Dead,en,,,1974-01-01,/cQtfVkG2oOQHj8tVcbe2X4Quarn.jpg,0,0,0,0,0,0,,False,,Horror,,
503786,,Tight as a Drum,Tight as a Drum,en,,,1974-01-01,/9pMjPz94nkHwFOc2bVN0CmgbgBJ.jpg,0,0,0,0,0,0,,False,,Horror,,
503802,,"Won't Write Home, Mom–I'm Dead","Won't Write Home, Mom–I'm Dead",en,,,1975-01-01,/dllaGU4AzrFBksCBfYm9VEO6zBS.jpg,0,0,0,0,0,0,,False,,Horror,,
503814,,Song of the Succubus,Song of the Succubus,en,,,1975-01-01,/xGjrqrPIZIT1qPQvfyvsh4tFKrY.jpg,0,0,0,0,0,0,,False,,Horror,,
503851,,Confessions of a Vampire,Confessions of a Vampire,en,,,2017-01-01,/oIkD9q6CPOr6HjZOiMtrC74ogqS.jpg,0,0,0,0,0,0,,False,,Horror,,
504076,,After the Outbreak,After the Outbreak,en,,,2017-01-01,/jvKmMh2fbeUBiSo6QlC3dOtyYNi.jpg,0,0,0,0,0,0,,False,,Horror,,
504129,,Patient 001,Patient 001,en,,,2018-01-01,/96wM9RsTjz3jQ3RW06HcOix4bc0.jpg,0,0,0,0,0,0,,False,,Horror,,
504151,,Tied Up,Tied Up,en,,,2004-01-01,/bc0xawQhGmjK8Wvh8aMTHOPgXKm.jpg,0,0,0,0,0,0,,False,,Horror,,
504180,,Animal Moribus,Animal Moribus,en,,,2017-01-01,/aWbJbKmltmTupbOX7wiY6Arfh1A.jpg,0,0,0,0,0,0,,False,,Horror,,
504197,,Mad Couple,Mad Couple,en,,,2014-01-01,/hG6yxwAcuLpYtwTCzkHAfF7NbwP.jpg,0,0,0,0,0,0,,False,,Horror,,
504547,,The Question,The Question,en,,,2017-01-01,/3Zgj7nqgZR0c7zgef62i1UChskp.jpg,0,0,0,0,0,0,,False,,Horror,,
504689,,Evil Dead: The Musical,Evil Dead: The Musical,en,,,2007-01-01,/xJLE1OYVofgYTd0M0AwgIQaEs2y.jpg,0,0,0,0,0,0,,False,,Horror,,
504763,,Shear Madness,Shear Madness,en,,,2017-01-01,/dLGTQljoEeiX9g0Tt21Cxbutiu1.jpg,0,0,0,0,0,0,,False,,Horror,,
505039,,Illicit Desires,Illicit Desires,en,,,2018-01-01,/3IDsLd2TBi0U1btR0xffQtWk9N2.jpg,0,0,0,0,0,0,,False,,Horror,,
505237,,Karpenter,Karpenter,en,,,2017-01-01,/3gaC02IZ9lOcvQH35a1L3JCBU8x.jpg,0,0,0,0,0,0,,False,,Horror,,
505635,,Against,Against,en,,,2001-01-01,/wEcyguBrFWVThAStXOVPIUYI9y.jpg,0,0,0,0,0,0,,False,,Horror,,
505775,,Fear Girls: Volume Two,Fear Girls: Volume Two,en,,,2009-01-01,/kSPrpPPD8HbApgDg8rOAVgb6zg9.jpg,0,0,0,0,0,0,,False,,Horror,,
506151,,The Lady in White,The Lady in White,en,,,2016-01-01,/8veYng8TyquA1TM5PPXrwKfvT24.jpg,0,0,0,0,0,0,,False,,Horror,,
506485,,Chainsaw Redux: Making a Massacre,Chainsaw Redux: Making a Massacre,en,,,2004-01-01,/jv06Bbe4BW4w4FgzyW76WIsLRpD.jpg,0,0,0,0,0,0,,False,,Horror,,
506758,,Bender,Bender,en,,,2016-01-01,/ez2gJMiHXJl2Okyua1alKMebFAB.jpg,0,0,0,0,0,0,,False,,Horror,,
507624,,Thicker Than Water: The Vampire Diaries Part 1,Thicker Than Water: The Vampire Diaries Part 1,en,,,2008-01-01,/44B30T8uueFB20QUQJfB4E4cecg.jpg,0,0,0,0,0,0,,False,,Horror,,
507966,,Strange Rituals,Strange Rituals,en,,,2017-01-01,/hHK9saAl28PU3LQgOmhb4T9YiiC.jpg,0,0,0,0,0,0,,False,,Horror,,
508384,,Conspiracy of Blood,Conspiracy of Blood,en,,,2010-01-01,/n47Mbqa3fLQj9im5d41D2myULKV.jpg,0,0,0,0,0,0,,False,,Horror,,
508481,,The Rage,The Rage,en,,,2017-01-01,/tEDDxYKJwBNdec61bcQguvhdvEe.jpg,0,0,0,0,0,0,,False,,Horror,,
508495,,LoveSick,LoveSick,en,,,2015-01-01,/f8iuFzilVkHwXAsquikHMSIKdbW.jpg,0,0,0,0,0,0,,False,,Horror,,
508682,,Burn,Burn,en,,,2017-01-01,/g6nmg0198zHyK19xcES3mmRlemk.jpg,0,0,0,0,0,0,,False,,Horror,,
508985,,Control,Control,en,,,2019-01-01,/6MKF7T9wbAVaeuNrzQyhAs5S2Sx.jpg,0,0,0,0,0,0,,False,,Horror,,
509315,,The Pogo Film Project,The Pogo Film Project,en,,,2012-01-01,/gf00Y9h06QEWIS8sx0C0d8cRDtO.jpg,0,0,0,0,0,0,,False,,Horror,,
509534,,Missing Girl,Missing Girl,en,,,2017-01-01,/n8tjDIwbixHeDqcnf87chABDjRf.jpg,0,0,0,0,0,0,,False,,Horror,,
509752,,Cruising Purgatory,Cruising Purgatory,en,,,2000-01-01,/5YKqp3kK8ngF1RIX6Upk3UU8eLx.jpg,0,0,0,0,0,0,,False,,Horror,,
509760,,Violence of the Mind,Violence of the Mind,en,,,2013-01-01,/6po2UbwjkjsRXm11TU9mxGJjf8Q.jpg,0,0,0,0,0,0,,False,,Horror,,
510496,,Infamies,Infamies,en,,,2018-01-01,/k7r88GNpyDIQRkFOYWKEwNgehZr.jpg,0,0,0,0,0,0,,False,,Horror,,
510562,,The Lustful Dead,The Lustful Dead,en,,,2017-01-01,/bpWsywBJMslLITqgJuPGZrJ0MPk.jpg,0,0,0,0,0,0,,False,,Horror,,
510590,,Queers of the Western Zombie Apocalypse,Queers of the Western Zombie Apocalypse,en,,,2015-01-01,/1yfin81aJvAnhCpeIRgIvO1mXJx.jpg,0,0,0,0,0,0,,False,,Horror,,
511051,,Enactone,Enactone,en,,,2016-01-01,/gyf0MFZAWlQTAIk5rywDmfNrBYy.jpg,0,0,0,0,0,0,,False,,Horror,,
511068,,Starling,Starling,en,,,2017-01-01,/etM2qk2ixggzGjXuqA6OTJDGYvk.jpg,0,0,0,0,0,0,,False,,Horror,,
511274,,Laurence,Laurence,en,,,2016-01-01,/k69YIPNqAOLIsy8gMLagmzMwbNH.jpg,0,0,0,0,0,0,,False,,Horror,,
512169,,Resist: an LGBTQ Anthology,Resist: an LGBTQ Anthology,en,,,2017-01-01,/qCDvWfl7kswRiq5kAUQRdw6ASuD.jpg,0,0,0,0,0,0,,False,,Horror,,
512356,,Pennywise: The Story of ‘It’,Pennywise: The Story of ‘It’,en,,,2021-01-01,/z6LfGKuA19tt0ckc8UN91rAmJF8.jpg,0,0,0,0,0,0,,False,,Horror,,
512499,,Dead End,Dead End,en,,,1980-01-01,/pKTOVfDfEFfdmtIfDdNukyEMvG4.jpg,0,0,0,0,0,0,,False,,Horror,,
514165,,Revenge of the Pizza King,Revenge of the Pizza King,en,,,2017-01-01,/3JubGyklcb8NGbtry8X4HplqBNS.jpg,0,0,0,0,0,0,,False,,Horror,,
514438,,In April,In April,en,,,2016-01-01,/1AO08qqmJvwXq0gV9D6HvScwf8.jpg,0,0,0,0,0,0,,False,,Horror,,
514762,,Chamber of Ox,Chamber of Ox,en,,,2014-01-01,/vGt5qiYWO7Gf78Nu885RJ8nz91.jpg,0,0,0,0,0,0,,False,,Horror,,
514767,,The Silent Scream,The Silent Scream,en,,,2017-01-01,/h7VQFeVcAt9HLV7R8bVZQr7vtBI.jpg,0,0,0,0,0,0,,False,,Horror,,
515381,,Dr. Shock's Grindhouse of Horrors,Dr. Shock's Grindhouse of Horrors,en,,,2008-01-01,/hSDJehNG8eVaIh6OZfFpQohbYu2.jpg,0,0,0,0,0,0,,False,,Horror,,
515413,,The Day Mum Became a Monster,The Day Mum Became a Monster,en,,,2018-01-01,/yHN1gZ2Bi6FyXYSNGOlF0DDVBS3.jpg,0,0,0,0,0,0,,False,,Horror,,
515531,,Circus of Dread,Circus of Dread,en,,,2012-01-01,/hEysKnn2Suk8XQHyCKLiygPiVWS.jpg,0,0,0,0,0,0,,False,,Horror,,
515537,,Camp 139,Camp 139,en,,,2013-01-01,/nG0c0tCrIrUQ8eN5ff6g2YLqjtx.jpg,0,0,0,0,0,0,,False,,Horror,,
515612,,Paranormal Farm,Paranormal Farm,en,,,2017-01-01,/nxd0pLqr6v9976PxfV0H6OBAxLK.jpg,0,0,0,0,0,0,,False,,Horror,,
515906,,Montauk,Montauk,en,,,2011-01-01,/k1k1v5bhEx56fUShthilMBPuzl1.jpg,0,0,0,0,0,0,,False,,Horror,,
515997,,Trust Your Photographer,Trust Your Photographer,en,,,2016-01-01,/eskUouSvAMsA9yjul8Ogvm503d2.jpg,0,0,0,0,0,0,,False,,Horror,,
516772,,Devoured!,Devoured!,en,,,2004-01-01,/mrya6zJg45NY1cPj6Oug5nGP6oS.jpg,0,0,0,0,0,0,,False,,Horror,,
516774,,WAVE of Terror,WAVE of Terror,en,,,1988-01-01,/qe9w1yQ3GwS3Lzq7qzPusFBccqk.jpg,0,0,0,0,0,0,,False,,Horror,,
516775,,Flesh and Blood a Go! Go!,Flesh and Blood a Go! Go!,en,,,2017-01-01,/rp0W2iV4UuL6dhnkhIFL6WG7uoW.jpg,0,0,0,0,0,0,,False,,Horror,,
517072,,Fat Tuesday,Fat Tuesday,en,,,2018-01-01,/1EinyLcq61GkfiRPrbPgt1QWLRs.jpg,0,0,0,0,0,0,,False,,Horror,,
517276,,Shaitaan,Shaitaan,en,,,1974-01-01,/38xAhCjGMwJpqTFETr0VxQkYCDv.jpg,0,0,0,0,0,0,,False,,Horror,,
517316,,Heart of Fartness: Troma's First VR Experience Starring the Toxic Avenger,Heart of Fartness: Troma's First VR Experience Starring the Toxic Avenger,en,,,2017-01-01,/830F2oXpoKNhlMINdSZo5g3s5QB.jpg,0,0,0,0,0,0,,False,,Horror,,
517346,,Judgement,Judgement,en,,,2018-01-01,/hHmm1C514gA3hjhZ5sUHp8PPNew.jpg,0,0,0,0,0,0,,False,,Horror,,
517459,,Keith Loves Ava,Keith Loves Ava,en,,,2020-01-01,/qQMIItnN2rZgyUK8lPcbbMtMMj0.jpg,0,0,0,0,0,0,,False,,Horror,,
517559,,The Chattering,The Chattering,en,,,2017-01-01,/ofverqCOehkTcfaUxo1k1P4tK7Q.jpg,0,0,0,0,0,0,,False,,Horror,,
518113,,Dead by Midnight (11PM Central),Dead by Midnight (11PM Central),en,,,2018-01-01,/lScwjp7xFMYDmYwmeaAPv5jbkgw.jpg,0,0,0,0,0,0,,False,,Horror,,
519583,,Candie's Harem,Candie's Harem,en,,,2015-01-01,/sooTrn0oJqYe8v9sR47YrSPeuqK.jpg,0,0,0,0,0,0,,False,,Horror,,
519958,,The First Man,The First Man,en,,,1996-01-01,/9ZFgEcvv5YYUfiVHBN1qPn3p9qU.jpg,0,0,0,0,0,0,,False,,Horror,,
520256,,Midnight Lace,Midnight Lace,en,,,1981-01-01,/yNyhYZXVDh1kUFKhDTQSiQqv3ea.jpg,0,0,0,0,0,0,,False,,Horror,,
521634,,Vargulf,Vargulf,en,,,2013-01-01,/2S2b6UiEf5PHGhr3Dsg47vqb3T7.jpg,0,0,0,0,0,0,,False,,Horror,,
521814,,Weregrrl,Weregrrl,en,,,2002-01-01,/vw6f2YKaNiEtDShIwgs0OLdAnZR.jpg,0,0,0,0,0,0,,False,,Horror,,
522285,,The Brass Ring,The Brass Ring,en,,,2008-01-01,/vwyGfqiv093tr1gw2tYymOICCSs.jpg,0,0,0,0,0,0,,False,,Horror,,
522729,,The Visitor,The Visitor,en,,,2014-01-01,/1rPfWzUpV6iIfd0JUal1UlXPs4D.jpg,0,0,0,0,0,0,,False,,Horror,,
523415,,The Many Faces of Dracula,The Many Faces of Dracula,en,,,2000-01-01,/1CVY5QMzbleEWUVpvsrHZ91gpLm.jpg,0,0,0,0,0,0,,False,,Horror,,
523849,,The Last Sharknado: It's About Time,The Last Sharknado: It's About Time,en,,,2018-01-01,/fNMIepqPpg4QN3D0O0SPgvt29w3.jpg,0,0,0,0,0,0,,False,,Horror,,
523852,,Basketweave,Basketweave,en,,,2006-01-01,/vDoSvzeWlMAI6zy7SgAtbioSw8Y.jpg,0,0,0,0,0,0,,False,,Horror,,
523938,,M.I.A. A Greater Evil,M.I.A. A Greater Evil,en,,,2018-01-01,/839mlxsmlYTtsltEnmkjZqzkc3y.jpg,0,0,0,0,0,0,,False,,Horror,,
524537,,Cursed Part 3,Cursed Part 3,en,,,2000-01-01,/duGdexQOYx41lpxuMJx4DJSwnTj.jpg,0,0,0,0,0,0,,False,,Horror,,
525854,,Arnold,Arnold,en,,,2018-01-01,/qtSMizvEqhT6z37x1Q4xHJz7TYK.jpg,0,0,0,0,0,0,,False,,Horror,,
525932,,Make Me Up,Make Me Up,en,,,2018-01-01,/eSrkdGBuCsJBV0GMcwI1QbGEL2s.jpg,0,0,0,0,0,0,,False,,Horror,,
526027,,Devil's Path,Devil's Path,en,,,2018-01-01,/sXCYlHeEM49Kd65RjzY4qBTTdpK.jpg,0,0,0,0,0,0,,False,,Horror,,
526507,,Down to Sleep,Down to Sleep,en,,,2011-01-01,/u8OqjhPJ0HBnNQC67Ve1fdmYAk7.jpg,0,0,0,0,0,0,,False,,Horror,,
527634,,Hansel and Gretel,Hansel and Gretel,en,,,2007-01-01,/bUjhoGhKM1e5t3oSZQpfuuFVAys.jpg,0,0,0,0,0,0,,False,,Horror,,
528077,,Witch Of Powell Forest,Witch Of Powell Forest,en,,,2001-01-01,/uTzlJqH57YuMQwQmxido9Fh8ebe.jpg,0,0,0,0,0,0,,False,,Horror,,
528461,,Brother's Keeper,Brother's Keeper,en,,,2008-01-01,/x7wdOynvzTDHFg2o1IKLPpEijJ8.jpg,0,0,0,0,0,0,,False,,Horror,,
528732,,SheChotic,SheChotic,en,,,2018-01-01,/exn3j5LIYUfnZ4oFJJkuzQb7eS1.jpg,0,0,0,0,0,0,,False,,Horror,,
528768,,Paranormal Saw,Paranormal Saw,en,,,2010-01-01,/gAv8frGqAzcEf13ec897lQLzw5a.jpg,0,0,0,0,0,0,,False,,Horror,,
529067,,What Really Happened to Baby Jane,What Really Happened to Baby Jane,en,,,1963-01-01,/vE4TilHMa0igdYWMizK2sDh1pC2.jpg,0,0,0,0,0,0,,False,,Horror,,
530842,,Fish Tank,Fish Tank,en,,,2018-01-01,/yBCuja2jIAl3IRwqAwa5OcsOBwR.jpg,0,0,0,0,0,0,,False,,Horror,,
531393,,Reindeer Games,Reindeer Games,en,,,1996-01-01,/39owLICTyBVgXqwkruapLT6tStr.jpg,0,0,0,0,0,0,,False,,Horror,,
531502,,Funnel Web Family Refrigerated,Funnel Web Family Refrigerated,en,,,2016-01-01,/cCCV91vyKgpuOOhXpxnsbKLUcA8.jpg,0,0,0,0,0,0,,False,,Horror,,
531576,,Bad Peter,Bad Peter,en,,,2018-01-01,/eKeWKNmzZwr2HcMAtEY5UYIiFVw.jpg,0,0,0,0,0,0,,False,,Horror,,
532889,,Terror Overload: Tales from Satan's Truckstop,Terror Overload: Tales from Satan's Truckstop,en,,,2009-01-01,/q2us3fpo6NnbH4w41L4AaKrGx9I.jpg,0,0,0,0,0,0,,False,,Horror,,
532996,,Halloweenville,Halloweenville,en,,,2011-01-01,/ladkODY61V6dzjQ7CKPcNx2UDhi.jpg,0,0,0,0,0,0,,False,,Horror,,
533002,,Destiny: Vampire Mermaid #2,Destiny: Vampire Mermaid #2,en,,,2002-01-01,/rxsHiCVwQREeqmixUUKokuUS1PP.jpg,0,0,0,0,0,0,,False,,Horror,,
533071,,"The Thing: 27,000 Hours","The Thing: 27,000 Hours",en,,,2011-01-01,/sMDRZ3PmxMyfnfFsWpmrsItvZnN.jpg,0,0,0,0,0,0,,False,,Horror,,
533094,,Darkest Hour,Darkest Hour,en,,,2005-01-01,/ftJ4sST4Tc8uFpvamXjnhZivWu0.jpg,0,0,0,0,0,0,,False,,Horror,,
533274,,Stalked by My Doctor: Patient's Revenge,Stalked by My Doctor: Patient's Revenge,en,,,2018-01-01,/gUoTgAGg2zLW6aDItatY9h0x7xx.jpg,0,0,0,0,0,0,,False,,Horror,,
533565,,The Devil In Mary,The Devil In Mary,en,,,2018-01-01,/mknCTCqeczuSWlWzphRSeSMRilD.jpg,0,0,0,0,0,0,,False,,Horror,,
533709,,Slashed,Slashed,en,,,2003-01-01,/66l22TG4mgfLxM1upu2EQ1k1tbt.jpg,0,0,0,0,0,0,,False,,Horror,,
535106,,Redneck Carnage,Redneck Carnage,en,,,2009-01-01,/mxKXIXvD5xdN1THvbru7cpBYSah.jpg,0,0,0,0,0,0,,False,,Horror,,
535250,,Citizen in the Temple,Citizen in the Temple,en,,,2015-01-01,/9238UO3rEoNKsBHVps640k9dfSy.jpg,0,0,0,0,0,0,,False,,Horror,,
535395,,Don't Cry Over Spilt Eggnog,Don't Cry Over Spilt Eggnog,en,,,2018-01-01,/tdMqcE5mYtrybwdowdHlpT6UvBN.jpg,0,0,0,0,0,0,,False,,Horror,,
535580,,A Deadly Vision,A Deadly Vision,en,,,1997-01-01,/tzNXR3UZsFNcPxrraSXBhTYNrgf.jpg,0,0,0,0,0,0,,False,,Horror,,
536183,,Broken,Broken,en,,,2010-01-01,/6rUbiiuk87U6h5lqie3OlImJVoz.jpg,0,0,0,0,0,0,,False,,Horror,,
536434,,Red 11,Red 11,en,,,2019-01-01,/A3S9ny3rz4Vrb1n7INAEKYvkR6r.jpg,0,0,0,0,0,0,,False,,Horror,,
536517,,Blood Machines,Blood Machines,en,,,2020-01-01,/nT8cZQCz5pf0NBSnZDTDrfC8Mgn.jpg,0,0,0,0,0,0,,False,,Horror,,
536554,,M3GAN,M3GAN,en,,,2022-01-01,/d9nBoowhjiiYc4FBNtQkPY7c11H.jpg,0,0,0,0,0,0,,False,,Horror,,
537466,,Embalmer,Embalmer,en,,,1996-01-01,/z88G1dDlYQtLC3mTM5YLGAnHkcl.jpg,0,0,0,0,0,0,,False,,Horror,,
537704,,Blood Bullet,Blood Bullet,en,,,2017-01-01,/pFMPAdbmi3s0h1qNQZM3ATSDolo.jpg,0,0,0,0,0,0,,False,,Horror,,
539651,,Don't Let Go,Don't Let Go,en,,,2019-01-01,/uNHueGo5TYCTLzoGULse65GC32Q.jpg,0,0,0,0,0,0,,False,,Horror,,
539923,,Three Days in the Woods,Three Days in the Woods,en,,,2010-01-01,/yQTJrPAPvYn9adkT21u1WZLgUhP.jpg,0,0,0,0,0,0,,False,,Horror,,
541069,,The Helping Hand,The Helping Hand,en,,,2019-01-01,/i4OROo1w1DQYnAOJFPF4nK3semV.jpg,0,0,0,0,0,0,,False,,Horror,,
543468,,Beneath the Flesh,Beneath the Flesh,en,,,2009-01-01,/gdR2mFolaKAwZauroXBi8daVYTl.jpg,0,0,0,0,0,0,,False,,Horror,,
545061,,Waffles,Waffles,en,,,2017-01-01,/7QGxCYagLHu020tSGd1WMisgGnZ.jpg,0,0,0,0,0,0,,False,,Horror,,
545499,,Grindsploitation 3: Video Nasty,Grindsploitation 3: Video Nasty,en,,,2017-01-01,/hmlFa0FyJhqc0VMQ4WPCCXbiqJ0.jpg,0,0,0,0,0,0,,False,,Horror,,
546328,,Scarecrows of the Third Reich,Scarecrows of the Third Reich,en,,,2018-01-01,/1tiAl4lxzStbYRUNWldfml1OmFQ.jpg,0,0,0,0,0,0,,False,,Horror,,
547410,,French Meat,French Meat,en,,,2010-01-01,/sauP7myqmFFPOBqYNSebbLtRdhg.jpg,0,0,0,0,0,0,,False,,Horror,,
547611,,Demoniac,Demoniac,en,,,2018-01-01,/rgTpoT16yNohnLXcyJsJBGV4gGh.jpg,0,0,0,0,0,0,,False,,Horror,,
547620,,The Temptress,The Temptress,en,,,2002-01-01,/saSGnRhc9el5HNHr79qoTOQW0AP.jpg,0,0,0,0,0,0,,False,,Horror,,
548943,,Saving Grace,Saving Grace,en,,,2022-01-01,/dHdHo67Uokb6DCM4KjQ76gVpRQo.jpg,0,0,0,0,0,0,,False,,Horror,,
549369,,The Bastard,The Bastard,en,,,2016-01-01,/de6bTusO3NhRAsRXfvINhPhf9rr.jpg,0,0,0,0,0,0,,False,,Horror,,
549639,,The Grave Caller,The Grave Caller,en,,,2017-01-01,/6GxDlNRUv83rStiiZEmzapggqfR.jpg,0,0,0,0,0,0,,False,,Horror,,
549689,,Weeji,Weeji,en,,,2017-01-01,/pf7eSfKFSKcbQxH2lWKvZhSwGhq.jpg,0,0,0,0,0,0,,False,,Horror,,
550179,,Bee Sting 2: Bear Sting,Bee Sting 2: Bear Sting,en,,,2016-01-01,/bNdQtIUxPw4GEcGE5Nft4LR0XJK.jpg,0,0,0,0,0,0,,False,,Horror,,
550258,,Visitor Information,Visitor Information,en,,,2015-01-01,/iNqRYqEnvAM7zecDqPJuIFdSoy0.jpg,0,0,0,0,0,0,,False,,Horror,,
551227,,Baghead,Baghead,en,,,2017-01-01,/jp6Gz7Vv8FyFWyDwy39cDesDieJ.jpg,0,0,0,0,0,0,,False,,Horror,,
551231,,A Thing of Dreams,A Thing of Dreams,en,,,2018-01-01,/mgOZRknirubzJ7vcyOPcbheY6SC.jpg,0,0,0,0,0,0,,False,,Horror,,
551249,,Chiller 13: The Decade's Scariest Movie Moments,Chiller 13: The Decade's Scariest Movie Moments,en,,,2010-01-01,/7kTu5aW8Q6DMLPAhzk5OQTsKuu8.jpg,0,0,0,0,0,0,,False,,Horror,,
551435,,Ascension,Ascension,en,,,2018-01-01,/6PrkrKIUgwiloW62snQ3ndMsGag.jpg,0,0,0,0,0,0,,False,,Horror,,
551521,,The Eyeslicer: Halloween Special,The Eyeslicer: Halloween Special,en,,,2018-01-01,/buDos61fdOOPh6vdY6JaTcDLQeE.jpg,0,0,0,0,0,0,,False,,Horror,,
551694,,Jaws Finatics,Jaws Finatics,en,,,2015-01-01,/2nFZxT9Iv8b9o7UZFSKgvcArlgt.jpg,0,0,0,0,0,0,,False,,Horror,,
552170,,Trashcans of Terror,Trashcans of Terror,en,,,1985-01-01,/lyPg98lwCfZHnMvhzdD2IdLELNK.jpg,0,0,0,0,0,0,,False,,Horror,,
552569,,Alien Surveillance,Alien Surveillance,en,,,2018-01-01,/fW0EhW1hOz6wtHHBWOTNNnjXONY.jpg,0,0,0,0,0,0,,False,,Horror,,
552855,,Liberty Horror,Liberty Horror,en,,,1990-01-01,/5Mear9cYd2c8O0dGwt5fLa0b5Fj.jpg,0,0,0,0,0,0,,False,,Horror,,
552925,,Personal Space Invader,Personal Space Invader,en,,,2013-01-01,/eoJCK7SunMq1U7kfmLwIvq1mhey.jpg,0,0,0,0,0,0,,False,,Horror,,
553075,,The Catskill Chainsaw Redemption,The Catskill Chainsaw Redemption,en,,,2004-01-01,/vpbGJC6xKNKQc5XF2WjgodrmAu3.jpg,0,0,0,0,0,0,,False,,Horror,,
553820,,Playing Cards,Playing Cards,en,,,2017-01-01,/rTGBGvH64XUlqFGRIT8Oxf5YQ2g.jpg,0,0,0,0,0,0,,False,,Horror,,
554399,,Many Ways to Sin,Many Ways to Sin,en,,,1960-01-01,/rghOjZjCM1C7sJWOHrBMTrAMTwb.jpg,0,0,0,0,0,0,,False,,Horror,,
554571,,Double Exposure,Double Exposure,en,,,1977-01-01,/ysKGhLwAzuJygcRmFWbpHc8sUbz.jpg,0,0,0,0,0,0,,False,,Horror,,
554667,,Pop,Pop,en,,,2018-01-01,/vqTtvfF9XAPUAPksm0pALI9n0ha.jpg,0,0,0,0,0,0,,False,,Horror,,
554917,,The Siren,The Siren,en,,,2019-01-01,/qR1Yf8e8EkmGwO0txvecCyw0PD.jpg,0,0,0,0,0,0,,False,,Horror,,
555295,,Body at Brighton Rock,Body at Brighton Rock,en,,,2019-01-01,/LG4iNzW07E9RVk7xoK5gFg8W6A.jpg,0,0,0,0,0,0,,False,,Horror,,
556284,,Life in a Glass house,Life in a Glass house,en,,,2013-01-01,/o1n8vf0XVsXO9ACS4MUUcY5XZj2.jpg,0,0,0,0,0,0,,False,,Horror,,
557065,,The Tell-Tale Heart,The Tell-Tale Heart,en,,,1953-01-01,/wa3JsmjWt1yADabyNRSzCLDOi4T.jpg,0,0,0,0,0,0,,False,,Horror,,
557450,,The Torment of Laurie Ann Cullom,The Torment of Laurie Ann Cullom,en,,,2014-01-01,/ln7W4Fh5f1PIfGqWZVaaDei2DC5.jpg,0,0,0,0,0,0,,False,,Horror,,
557883,,Valley of Blood,Valley of Blood,en,,,1973-01-01,/bfMZFvpPDHblJyCupEH7BRr7B3H.jpg,0,0,0,0,0,0,,False,,Horror,,
558106,,Demon,Demon,en,,,2017-01-01,/21uJKV1cOwfTrco6BiEY1d8dila.jpg,0,0,0,0,0,0,,False,,Horror,,
558203,,Alienated,Alienated,en,,,2018-01-01,/cMLNlajo1uQJSCWWCat9wAsXvIp.jpg,0,0,0,0,0,0,,False,,Horror,,
560379,,Be Uncertain,Be Uncertain,en,,,2018-01-01,/k7BIpKNvLcFCZz5Zt2hyyjDEAQF.jpg,0,0,0,0,0,0,,False,,Horror,,
560477,,The Good Samaritans,The Good Samaritans,en,,,2018-01-01,/huLgI5EWoEUIOcqygN94dSq3YYN.jpg,0,0,0,0,0,0,,False,,Horror,,
560550,,The Predicament,The Predicament,en,,,2017-01-01,/jLd3bTOeTBA9Zm6hG4Q3UEU5Hk2.jpg,0,0,0,0,0,0,,False,,Horror,,
560864,,Stand Alone: The Making of Halloween III: Season of the Witch,Stand Alone: The Making of Halloween III: Season of the Witch,en,,,2012-01-01,/yWuPUIbcHMWwK4O0T27ErS6Ds3j.jpg,0,0,0,0,0,0,,False,,Horror,,
561563,,Wynter,Wynter,en,,,2018-01-01,/dLXB3fL5j2FxliB7YzH1kAwfN4J.jpg,0,0,0,0,0,0,,False,,Horror,,
561829,,The Sideling Hill,The Sideling Hill,en,,,2018-01-01,/ar80iq4iGfOpxszCRKSIdPSvA82.jpg,0,0,0,0,0,0,,False,,Horror,,
562597,,The Whitlow House,The Whitlow House,en,,,2018-01-01,/gfPxHqSwZymJOWeZJmKzBEcWErN.jpg,0,0,0,0,0,0,,False,,Horror,,
562771,,The Hunting,The Hunting,en,,,2017-01-01,/oCbP1ZvMjbLcEGyCu0FFPpk0TCT.jpg,0,0,0,0,0,0,,False,,Horror,,
562867,,Vile 21,Vile 21,en,,,1998-01-01,/d3imFhonqWPocdDRktnu4C4yLl0.jpg,0,0,0,0,0,0,,False,,Horror,,
563482,,Leperfuck,Leperfuck,en,,,2007-01-01,/9MJrC0EZPMvr5jVnKQeDkfs51Ob.jpg,0,0,0,0,0,0,,False,,Horror,,
563655,,Samhain: A Halloween Horror Movie,Samhain: A Halloween Horror Movie,en,,,2018-01-01,/jw7vkYImHYKcKU10jQElSv4SAVs.jpg,0,0,0,0,0,0,,False,,Horror,,
564077,,They Can't Hear You,They Can't Hear You,en,,,2018-01-01,/l96ifs6jMp0ZEl57S4adwLl9fCm.jpg,0,0,0,0,0,0,,False,,Horror,,
564837,,Atomic Shark,Atomic Shark,en,,,2016-01-01,/dnFYt8YTQXeZyq9oH3yi6kOqicO.jpg,0,0,0,0,0,0,,False,,Horror,,
565440,,Frankenstein Meets Dracula,Frankenstein Meets Dracula,en,,,1957-01-01,/xpSG5GDC4HbF4afyY2kg8Ed3vKG.jpg,0,0,0,0,0,0,,False,,Horror,,
565441,,Return of the Wolf Man,Return of the Wolf Man,en,,,1957-01-01,/mSu74pHKYtCG609GFsJBOkjlpDi.jpg,0,0,0,0,0,0,,False,,Horror,,
565442,,The Revenge of Dracula,The Revenge of Dracula,en,,,1958-01-01,/h73LJZH4Lgo8nmnZiJEUWyj6MOr.jpg,0,0,0,0,0,0,,False,,Horror,,
565446,,The Teenage Frankenstein,The Teenage Frankenstein,en,,,1959-01-01,/s5SZfE3bgJsupbpc6X639u5Wxhr.jpg,0,0,0,0,0,0,,False,,Horror,,
565448,,Slave of the Vampire,Slave of the Vampire,en,,,1959-01-01,/anNrB3BVKWxoOCihFcEFXFKN2VK.jpg,0,0,0,0,0,0,,False,,Horror,,
565457,,The Teenage Frankenstein Meets the Teenage Werewolf,The Teenage Frankenstein Meets the Teenage Werewolf,en,,,1959-01-01,/s5SZfE3bgJsupbpc6X639u5Wxhr.jpg,0,0,0,0,0,0,,False,,Horror,,
565461,,Monster Rumble,Monster Rumble,en,,,1961-01-01,/8oGfFQDIWHcai7KGLXaaMRoM4Dc.jpg,0,0,0,0,0,0,,False,,Horror,,
565500,,Camcorder Atrocity,Camcorder Atrocity,en,,,1988-01-01,/knyutBbWmeDInNDLPUe98ElOTMr.jpg,0,0,0,0,0,0,,False,,Horror,,
565594,,Freaks,Freaks,en,,,2017-01-01,/lkJu6a6EEMrfTSHyWLsNo27rAHS.jpg,0,0,0,0,0,0,,False,,Horror,,
565851,,Red Velvet Girls,Red Velvet Girls,en,,,2005-01-01,/axcR07kxOO0XpvdA09C02vd0g8O.jpg,0,0,0,0,0,0,,False,,Horror,,
566239,,Monster Safari,Monster Safari,en,,,2017-01-01,/91hxLbZsC5soWgZz88Q4PpvC409.jpg,0,0,0,0,0,0,,False,,Horror,,
566707,,Mayhem Park,Mayhem Park,en,,,2018-01-01,/7HbLp6OEFqopAmnxr8k59QegJsH.jpg,0,0,0,0,0,0,,False,,Horror,,
567708,,Lust Weekend,Lust Weekend,en,,,1967-01-01,/o1YSK2OxwxSar7MnmaOFAueCBlw.jpg,0,0,0,0,0,0,,False,,Horror,,
567984,,Christmas with Cookie: Locked Away,Christmas with Cookie: Locked Away,en,,,2017-01-01,/eshFMeV4d9wPe5Sr2RPRAtRTQ4J.jpg,0,0,0,0,0,0,,False,,Horror,,
568453,,The Soviet Sleep Experiment,The Soviet Sleep Experiment,en,,,2019-01-01,/lewl4MaThWOSeqGOqZQocpRtP4U.jpg,0,0,0,0,0,0,,False,,Horror,,
568532,,Ricky Today,Ricky Today,en,,,2018-01-01,/umwod9Wxn1ZZP25jDwDQ53SKXDL.jpg,0,0,0,0,0,0,,False,,Horror,,
568598,,The Pigs,The Pigs,en,,,2005-01-01,/yXB8KAU7SmZnoAScySTiogYQts.jpg,0,0,0,0,0,0,,False,,Horror,,
569085,,Clownsploitation,Clownsploitation,en,,,2018-01-01,/zGF4a2R4SBLgIRzyu35QeCw16Uh.jpg,0,0,0,0,0,0,,False,,Horror,,
569329,,Coffins of Light,Coffins of Light,en,,,2009-01-01,/reSczrecSKq83JCtDXuraCpVuHy.jpg,0,0,0,0,0,0,,False,,Horror,,
569681,,Flayaway,Flayaway,en,,,2018-01-01,/lLrdJZ1MsacvPavqTcd9Y3kOTBC.jpg,0,0,0,0,0,0,,False,,Horror,,
570290,,Midnight Snack,Midnight Snack,en,,,2008-01-01,/wDiAv2yHFTzy0lrRfq9yO4jsX3Y.jpg,0,0,0,0,0,0,,False,,Horror,,
570305,,Sickle,Sickle,en,,,2015-01-01,/2XEizmqUExdE0pWXWdQDGFQJ8H9.jpg,0,0,0,0,0,0,,False,,Horror,,
570453,,The Picture of Dorian Gray,The Picture of Dorian Gray,en,,,2018-01-01,/2RYRwBIApE0V8lotNNrof0H457H.jpg,0,0,0,0,0,0,,False,,Horror,,
570536,,Alabama Sasquatch,Alabama Sasquatch,en,,,2012-01-01,/sLG45RssYJOgZNvbYbMug7mLEO.jpg,0,0,0,0,0,0,,False,,Horror,,
571842,,The Real Santa,The Real Santa,en,,,2017-01-01,/kUJP5medZOdwkUE5EZ5VM4FXNyl.jpg,0,0,0,0,0,0,,False,,Horror,,
572087,,Satan's Bite,Satan's Bite,en,,,2018-01-01,/4X0IF1sGP43JEritnpTuvJu5gzi.jpg,0,0,0,0,0,0,,False,,Horror,,
572438,,Lonely Hearts,Lonely Hearts,en,,,2019-01-01,/ikD0diCop2HH3CrJjnl3IIJdxRY.jpg,0,0,0,0,0,0,,False,,Horror,,
572724,,Blood and Bones,Blood and Bones,en,,,2017-01-01,/tvP4LECUDsqfd07yidGvwUfitx6.jpg,0,0,0,0,0,0,,False,,Horror,,
572727,,Here Be Dragons,Here Be Dragons,en,,,2018-01-01,/pB4haOAKnSkPk8HoJBYxY8M24eL.jpg,0,0,0,0,0,0,,False,,Horror,,
572765,,You've Been Bad,You've Been Bad,en,,,2019-01-01,/nmFXzVeSPfAyNuY8OSH3Ge9Zy5k.jpg,0,0,0,0,0,0,,False,,Horror,,
574054,,A Nightmare on Sesame Street,A Nightmare on Sesame Street,en,,,1987-01-01,/lXtJpWyQTdm9PC7gblr0xshYmzr.jpg,0,0,0,0,0,0,,False,,Horror,,
574109,,Horror Noire: A History of Black Horror,Horror Noire: A History of Black Horror,en,,,2019-01-01,/iTNvR1IwF9v3a7e9MVooT3ZR1GG.jpg,0,0,0,0,0,0,,False,,Horror,,
574133,,Brink,Brink,en,,,2018-01-01,/9ATGWVms5jnIejxHGgrrgCkQ19B.jpg,0,0,0,0,0,0,,False,,Horror,,
574137,,Unfollowed,Unfollowed,en,,,2018-01-01,/fT24uPDmr2oxjHkDmUGN7Tlcung.jpg,0,0,0,0,0,0,,False,,Horror,,
574790,,Toby,Toby,en,,,2017-01-01,/52YkQvwCNymJmrklp2dykJkjE2q.jpg,0,0,0,0,0,0,,False,,Horror,,
574883,,An Affair to Die For,An Affair to Die For,en,,,2019-01-01,/Vo4vUGaE081biscSRiacl9agmE.jpg,0,0,0,0,0,0,,False,,Horror,,
575345,,The Last Breath,The Last Breath,en,,,2009-01-01,/uo6ojKtU9ebkr3zyQociaWo5pB6.jpg,0,0,0,0,0,0,,False,,Horror,,
575386,,Once Bitten,Once Bitten,en,,,1999-01-01,/fjOWG0G265ZxagFed4uGmPamKJk.jpg,0,0,0,0,0,0,,False,,Horror,,
575514,,Werewolf of Carle Place,Werewolf of Carle Place,en,,,2013-01-01,/kcFJ5jwsh1Y2XN7q77oIro26TLO.jpg,0,0,0,0,0,0,,False,,Horror,,
575980,,Rust 2,Rust 2,en,,,2016-01-01,/qA7IyaycvnlBNgTffPJhsMyWyZu.jpg,0,0,0,0,0,0,,False,,Horror,,
576134,,Indestructible: Afterlife,Indestructible: Afterlife,en,,,2008-01-01,/eaqNmZoflqJd1YQBC6NvJlb8Tks.jpg,0,0,0,0,0,0,,False,,Horror,,
576477,,Lugosi: The Forgotten King,Lugosi: The Forgotten King,en,,,1986-01-01,/ifO7eDm9LpdYIbU11s5lKa0hCkt.jpg,0,0,0,0,0,0,,False,,Horror,,
578310,,Satan's Menagerie,Satan's Menagerie,en,,,2001-01-01,/yRGxYzYeGBLpEkhk5c0Oh6kUmXh.jpg,0,0,0,0,0,0,,False,,Horror,,
578378,,Rags,Rags,en,,,2015-01-01,/4aAMhshbDH79GzZbaSRSkkBvAod.jpg,0,0,0,0,0,0,,False,,Horror,,
578443,,VCR GHOST,VCR GHOST,en,,,2016-01-01,/8S1sHUs66sN4UmX87TC6dejZqGp.jpg,0,0,0,0,0,0,,False,,Horror,,
578515,,Dracula Now,Dracula Now,en,,,2015-01-01,/oCvy2f5AY5liqScI8j1yDHolPqI.jpg,0,0,0,0,0,0,,False,,Horror,,
579156,,Lunch Meat,Lunch Meat,en,,,1992-01-01,/rbJxjO113ARkbtQzldk4iyQ6rWR.jpg,0,0,0,0,0,0,,False,,Horror,,
579157,,White Massacre,White Massacre,en,,,1989-01-01,/11Wipd42ELywJnxYOryvBHiToYk.jpg,0,0,0,0,0,0,,False,,Horror,,
579296,,Abnormal Attraction,Abnormal Attraction,en,,,2018-01-01,/4JuKQfbbzge3Iyk5c6hcIOmeQFD.jpg,0,0,0,0,0,0,,False,,Horror,,
580088,,Beyond Blood,Beyond Blood,en,,,2019-01-01,/k1haYLXim0o4dVNWnWpTfBILPj1.jpg,0,0,0,0,0,0,,False,,Horror,,
580370,,Satan's House of Yoga,Satan's House of Yoga,en,,,2005-01-01,/mNxgBo5BBfczTIi8L20SkatI8r9.jpg,0,0,0,0,0,0,,False,,Horror,,
580550,,Last Getaway,Last Getaway,en,,,2007-01-01,/ffP3Dyd1KTMOuwDiS4iOvIN0zLw.jpg,0,0,0,0,0,0,,False,,Horror,,
580570,,Kinsetsu Textures from Planet-9,Kinsetsu Textures from Planet-9,en,,,2017-01-01,/xtFo26vsKcsk6khQ9Issm5puslk.jpg,0,0,0,0,0,0,,False,,Horror,,
581013,,Silent Number,Silent Number,en,,,1993-01-01,/5Z7CW3jtq83AJjnt7WjYb4pTIes.jpg,0,0,0,0,0,0,,False,,Horror,,
582546,,Tanglewood,Tanglewood,en,,,2016-01-01,/3ns4DmnYNmae4826w9Vcvns3QCD.jpg,0,0,0,0,0,0,,False,,Horror,,
582625,,The Road from Erebus,The Road from Erebus,en,,,2000-01-01,/tQpcutpUw7AWGIcCRqk9Jk2I0Wv.jpg,0,0,0,0,0,0,,False,,Horror,,
582875,,Tainted Image,Tainted Image,en,,,1991-01-01,/eUn89cP8o6xzab2i7dJvSwFZNM0.jpg,0,0,0,0,0,0,,False,,Horror,,
583166,,"So Long, Blue Boy","So Long, Blue Boy",en,,,1973-01-01,/3Ml5MIkSKpvGlmsF0oElreCrBFz.jpg,0,0,0,0,0,0,,False,,Horror,,
583314,,The Old Man in the Rocking Chair,The Old Man in the Rocking Chair,en,,,2019-01-01,/rvgfPKbCsvwxBj8DMlHpT7kURrj.jpg,0,0,0,0,0,0,,False,,Horror,,
583584,,I See You,I See You,en,,,2019-01-01,/kQflAZ5gpjKcD2X7Fa9l4uEd89m.jpg,0,0,0,0,0,0,,False,,Horror,,
583711,,Phaedra,Phaedra,en,,,2018-01-01,/wjKZQq9dL1RVAGibmVesWWHDh5y.jpg,0,0,0,0,0,0,,False,,Horror,,
584008,,Cariosus,Cariosus,en,,,2015-01-01,/re7f1ITOa5uTBGQFkm732nSEUKL.jpg,0,0,0,0,0,0,,False,,Horror,,
585081,,Knight of the Peeper,Knight of the Peeper,en,,,2006-01-01,/iCGHp1oNA8yrOFEmv6n740nxnpF.jpg,0,0,0,0,0,0,,False,,Horror,,
585149,,The Gown,The Gown,en,,,2018-01-01,/xBkvSqY0hMTs5r7DrfooGunA6Rz.jpg,0,0,0,0,0,0,,False,,Horror,,
585652,,Last One Screaming,Last One Screaming,en,,,2018-01-01,/eRye1A1vWJgCOh9N5ojNF6iJBvp.jpg,0,0,0,0,0,0,,False,,Horror,,
587176,,Bloody Shadow,Bloody Shadow,en,,,2019-01-01,/eL9raGyZm4NfdBeDpgJXnIuKUoV.jpg,0,0,0,0,0,0,,False,,Horror,,
587320,,Playtime,Playtime,en,,,2019-01-01,/GQ7nA1StecnjNCFRtF6jmCsJFq.jpg,0,0,0,0,0,0,,False,,Horror,,
587630,,Hell's Garden,Hell's Garden,en,,,2016-01-01,/bRc4F0mZDAtrbFzmNoi6rSHZip8.jpg,0,0,0,0,0,0,,False,,Horror,,
587786,,In a Stranger's House,In a Stranger's House,en,,,2018-01-01,/7CzK5gBJBV3gvbYqe91n7ESny6H.jpg,0,0,0,0,0,0,,False,,Horror,,
589451,,Damnation of Souls,Damnation of Souls,en,,,2006-01-01,/jkl4jU69vNoef3ZUiH1tvu5rSOw.jpg,0,0,0,0,0,0,,False,,Horror,,
590178,,Ajuwaya,Ajuwaya,en,,,2017-01-01,/gAR9ri7njZW6pmDBiAA6eb0qpBl.jpg,0,0,0,0,0,0,,False,,Horror,,
590483,,Heart Attack! The Early Pulse Pounding Cinema of Kelly Hughes,Heart Attack! The Early Pulse Pounding Cinema of Kelly Hughes,en,,,2012-01-01,/y7V9oAAOgz7CdqDsGUyjKkRyRoW.jpg,0,0,0,0,0,0,,False,,Horror,,
590802,,Girl Number Three,Girl Number Three,en,,,2009-01-01,/z7J2TVPaR4LN5KVba4xYNSD2NiA.jpg,0,0,0,0,0,0,,False,,Horror,,
591287,,13 Scarier Movie Moments,13 Scarier Movie Moments,en,,,2009-01-01,/yPzYWN0YpS1Qsjnn8ihl23YpgJi.jpg,0,0,0,0,0,0,,False,,Horror,,
591309,,Here After,Here After,en,,,2004-01-01,/1B8bKKTe0B2AK1veoNx4YXOfouB.jpg,0,0,0,0,0,0,,False,,Horror,,
591529,,Leda,Leda,en,,,2022-01-01,/bfTmpiP3nbgT0loA5t90kf8ZZkc.jpg,0,0,0,0,0,0,,False,,Horror,,
591832,,Main Street Meats,Main Street Meats,en,,,2017-01-01,/wSS5Hzg5GQceGJv7w0CmwxCkz9Z.jpg,0,0,0,0,0,0,,False,,Horror,,
591869,,Spitting Image,Spitting Image,en,,,2019-01-01,/7TVzpJLF7zna4ycLmpbvJWSIqag.jpg,0,0,0,0,0,0,,False,,Horror,,
593428,,Beware of What You Wish For,Beware of What You Wish For,en,,,2010-01-01,/oVi5D4DThyPOuneR6tMsjvDzuDk.jpg,0,0,0,0,0,0,,False,,Horror,,
594030,,Mystic Demon Killer,Mystic Demon Killer,en,,,2019-01-01,/sWWoPLQTNbqsW0NQNFAgJNdtJvS.jpg,0,0,0,0,0,0,,False,,Horror,,
594094,,Death O Lantern: The Remake,Death O Lantern: The Remake,en,,,2019-01-01,/nW3fEpP464id6PHsjJQATzaxyIz.jpg,0,0,0,0,0,0,,False,,Horror,,
594542,,Marco Polo,Marco Polo,en,,,2008-01-01,/jbrl21qwCObzdTp5DhSwwjkLKVd.jpg,0,0,0,0,0,0,,False,,Horror,,
594568,,My Mouth Lies Screaming,My Mouth Lies Screaming,en,,,2009-01-01,/u9BNdJmq09Lw66QjzCWRR0QxHZ8.jpg,0,0,0,0,0,0,,False,,Horror,,
595379,,Blood Spook,Blood Spook,en,,,2017-01-01,/jsw4eelses9bvjVWT0H1PP0lwn7.jpg,0,0,0,0,0,0,,False,,Horror,,
595966,,Black Wine,Black Wine,en,,,2005-01-01,/pHudtLX1j9lXQ5sdiuO1HLvbbrh.jpg,0,0,0,0,0,0,,False,,Horror,,
596061,,Fish Bait: The Movie,Fish Bait: The Movie,en,,,2009-01-01,/cP0ua0OfB722CHj1ZYoa15qNik.jpg,0,0,0,0,0,0,,False,,Horror,,
596325,,Naked Horror: The Movie,Naked Horror: The Movie,en,,,2010-01-01,/wj4q57bRukYru9t7HWjKTP7Yq2t.jpg,0,0,0,0,0,0,,False,,Horror,,
596597,,Sharkzilla,Sharkzilla,en,,,2012-01-01,/pRUmf2essknYiC055wjwAcatdeD.jpg,0,0,0,0,0,0,,False,,Horror,,
596697,,Sorority Babes in the Slimeball Bowl-O-Rama 2,Sorority Babes in the Slimeball Bowl-O-Rama 2,en,,,2022-01-01,/cRyOHM0PhyeHUvV47TpMIetum5o.jpg,0,0,0,0,0,0,,False,,Horror,,
596886,,Please Speak Continuously and Describe Your Experiences as They Come to You,Please Speak Continuously and Describe Your Experiences as They Come to You,en,,,2019-01-01,/z4II3go1d5116IOW4tdlrLfN32V.jpg,0,0,0,0,0,0,,False,,Horror,,
597175,,60 Seconds 2 Die: 60 Seconds to Die 2,60 Seconds 2 Die: 60 Seconds to Die 2,en,,,2018-01-01,/2JxmUERy1emE9GijQZYDaZxHyNk.jpg,0,0,0,0,0,0,,False,,Horror,,
597446,,Vampire Riderz,Vampire Riderz,en,,,2013-01-01,/zaW214g87CjLFroVoulECWoGvfN.jpg,0,0,0,0,0,0,,False,,Horror,,
597453,,Beverly Lane,Beverly Lane,en,,,2010-01-01,/34G4JbF4qo9nUG8sKOWgmceKtuL.jpg,0,0,0,0,0,0,,False,,Horror,,
597455,,Demon Hunters: Fear the Silence,Demon Hunters: Fear the Silence,en,,,2013-01-01,/3wxdRrF1d9BGhtVK88Lh5nhvESl.jpg,0,0,0,0,0,0,,False,,Horror,,
597461,,C.R.Y. The Video Diary of Calvin Ray Young,C.R.Y. The Video Diary of Calvin Ray Young,en,,,2009-01-01,/4gcgRZAV1alYQBLMSuScnsRHybg.jpg,0,0,0,0,0,0,,False,,Horror,,
597468,,Beware of the Klowns,Beware of the Klowns,en,,,2015-01-01,/pI2h7dTZbUyG3YE6ZxXtjYYpl7j.jpg,0,0,0,0,0,0,,False,,Horror,,
598192,,After the Ball Was Over,After the Ball Was Over,en,,,1969-01-01,/3hNO5qZRditr0bViNhqriLR5J8Y.jpg,0,0,0,0,0,0,,False,,Horror,,
599402,,Martha,Martha,en,,,2019-01-01,/7W24jtyZvsuHAIiNrDF4Alrfnzo.jpg,0,0,0,0,0,0,,False,,Horror,,
600008,,Department 666,Department 666,en,,,2019-01-01,/nkMhtlgi8oOIVk1HaS20qGfAptd.jpg,0,0,0,0,0,0,,False,,Horror,,
600427,,Groping,Groping,en,,,1980-01-01,/hvxk2CHTONEk4YulkmciQYMlnCU.jpg,0,0,0,0,0,0,,False,,Horror,,
601108,,Dead De La Crème,Dead De La Crème,en,,,2018-01-01,/riiyn0eh1ume6xoVlPjRaVAsG6t.jpg,0,0,0,0,0,0,,False,,Horror,,
601656,,Daisy Derkins vs. The Bloodthirsty Beast of Barren Pines!,Daisy Derkins vs. The Bloodthirsty Beast of Barren Pines!,en,,,2019-01-01,/cnyLn44387MGxbfFrBNkvC9ITsR.jpg,0,0,0,0,0,0,,False,,Horror,,
602784,,Chop Shop,Chop Shop,en,,,2003-01-01,/cm7dp68aqlzcuqYKfES94IlyXKJ.jpg,0,0,0,0,0,0,,False,,Horror,,
603012,,Wet Heat,Wet Heat,en,,,2008-01-01,/9zSyuqkinfbIioNLvdFnGhuos4e.jpg,0,0,0,0,0,0,,False,,Horror,,
603013,,Film Crew,Film Crew,en,,,2008-01-01,/web3kyv8l1lDkTcus95KKWbliWx.jpg,0,0,0,0,0,0,,False,,Horror,,
603577,,Fear Not,Fear Not,en,,,2013-01-01,/7ggxOqlhZfSHOcjNrN1M3FOltO3.jpg,0,0,0,0,0,0,,False,,Horror,,
603705,,How NOT to Make a Horror Film,How NOT to Make a Horror Film,en,,,2015-01-01,/g6YXyFfpFkTk9NMBNvLMPGrtiuS.jpg,0,0,0,0,0,0,,False,,Horror,,
604889,,Scream for Christmas,Scream for Christmas,en,,,2000-01-01,/aamgNb0C0cuU7NKT03eUeJL92bH.jpg,0,0,0,0,0,0,,False,,Horror,,
605188,,Ladies of the Night,Ladies of the Night,en,,,1998-01-01,/samUOYQTVZP7098QyiXiClXMWWi.jpg,0,0,0,0,0,0,,False,,Horror,,
605372,,Cupcake Girls: I Hate It,Cupcake Girls: I Hate It,en,,,2008-01-01,/8cQxlpWd9qdztztyiEUSCpQZM0W.jpg,0,0,0,0,0,0,,False,,Horror,,
605505,,Skinned,Skinned,en,,,1993-01-01,/ieZvlrBM54ssPb504ppQjvrG0Wk.jpg,0,0,0,0,0,0,,False,,Horror,,
605572,,"Damselvis, Daughter of Helvis","Damselvis, Daughter of Helvis",en,,,1994-01-01,/xFezkd6upBzMJI6LO65zZVwrTgv.jpg,0,0,0,0,0,0,,False,,Horror,,
605820,,Sludge Grubs,Sludge Grubs,en,,,1972-01-01,/1R2L1wsiqdT5IYIpmaCfjSATzj1.jpg,0,0,0,0,0,0,,False,,Horror,,
605823,,Free Inside,Free Inside,en,,,1974-01-01,/g6E3kf4Pvr8kAIBZ5XNuDY9ZqgJ.jpg,0,0,0,0,0,0,,False,,Horror,,
606155,,Ding Dong,Ding Dong,en,,,1995-01-01,/42xNZxLdG1EweUjlaFPWvW7pFiV.jpg,0,0,0,0,0,0,,False,,Horror,,
606548,,"Health, Wealth & Happiness","Health, Wealth & Happiness",en,,,2017-01-01,/7Zcd72BUaG0MTgcExuNTPEQxA91.jpg,0,0,0,0,0,0,,False,,Horror,,
607740,,Skin of Man,Skin of Man,en,,,2021-01-01,/3KDbbiPgvV1GxaBYpJG8x1QKjE5.jpg,0,0,0,0,0,0,,False,,Horror,,
608213,,Safe,Safe,en,,,2018-01-01,/N73Ww0hSiQHcqIYOgwHSATwaaO.jpg,0,0,0,0,0,0,,False,,Horror,,
609075,,Another Cinema Snob Movie,Another Cinema Snob Movie,en,,,2019-01-01,/bDRA6Nwswdur3JzN84dSqtN9SQP.jpg,0,0,0,0,0,0,,False,,Horror,,
609238,,Indiscretion,Indiscretion,en,,,2013-01-01,/a2Xh2aSkVOwQAan69mmqpiJ0fQB.jpg,0,0,0,0,0,0,,False,,Horror,,
609362,,Cannibal Island: Jungle Girls Barbecue,Cannibal Island: Jungle Girls Barbecue,en,,,2008-01-01,/tR52BGXZCk8DDiW4gAa1fVGLo9i.jpg,0,0,0,0,0,0,,False,,Horror,,
609374,,Dreams Do Come True: A Nightmare,Dreams Do Come True: A Nightmare,en,,,2008-01-01,/7niUFlGzwVGESASplC74lAL6xMv.jpg,0,0,0,0,0,0,,False,,Horror,,
610223,,Mullet Gut,Mullet Gut,en,,,2013-01-01,/qPIQBJAgbEKfTYwB3KaAvYKftgN.jpg,0,0,0,0,0,0,,False,,Horror,,
611224,,Hum,Hum,en,,,2019-01-01,/fJJZaX0onTNz61IxTlU8iZwo2c8.jpg,0,0,0,0,0,0,,False,,Horror,,
611349,,Curvaceous Corpses,Curvaceous Corpses,en,,,1995-01-01,/v3j97XJ1LhWw0ZmWN4lB3tvwo0a.jpg,0,0,0,0,0,0,,False,,Horror,,
611962,,Lone Wolf,Lone Wolf,en,,,2019-01-01,/bX6Th5ikJMyQKwDEO7fHXw0iHVq.jpg,0,0,0,0,0,0,,False,,Horror,,
612152,,Secret Obsession,Secret Obsession,en,,,2019-01-01,/iKMeE6oYzBVzhA6xLGb8PPWEruF.jpg,0,0,0,0,0,0,,False,,Horror,,
612394,,Big Daddy,Big Daddy,en,,,1969-01-01,/90zYgIlG7nOks8TV1rid8zCk302.jpg,0,0,0,0,0,0,,False,,Horror,,
612891,,Peopling,Peopling,en,,,2019-01-01,/eIAJIpteHA0LfIMOyIQzrRKM87O.jpg,0,0,0,0,0,0,,False,,Horror,,
612901,,Diddie Wa Diddie,Diddie Wa Diddie,en,,,2019-01-01,/pOLeZvJRsz0Db22XpF9Erqv2j7q.jpg,0,0,0,0,0,0,,False,,Horror,,
614372,,Landing Lake,Landing Lake,en,,,2019-01-01,/nqBJZ9DJA89dsW9oYri4qmJFZZq.jpg,0,0,0,0,0,0,,False,,Horror,,
614890,,Bite,Bite,en,,,2018-01-01,/iCP3TiU2IB92Cwjjoo1mtcrX9eQ.jpg,0,0,0,0,0,0,,False,,Horror,,
615289,,Stalked by My Doctor: A Sleepwalker's Nightmare,Stalked by My Doctor: A Sleepwalker's Nightmare,en,,,2019-01-01,/hfdcBH0BSOYRlxtgyNVFYXAmveh.jpg,0,0,0,0,0,0,,False,,Horror,,
616142,,The Thing From The Hallway,The Thing From The Hallway,en,,,2018-01-01,/weDVixOz54mzfE8S1DQiRHkopYn.jpg,0,0,0,0,0,0,,False,,Horror,,
616659,,Horror Story,Horror Story,en,,,1997-01-01,/9M1jgedTlKrEjHfMDoRbOAPAUde.jpg,0,0,0,0,0,0,,False,,Horror,,
617124,,The Unwelcoming House,The Unwelcoming House,en,,,2019-01-01,/8HXhUUuMszkcso2yqDbyIJoXA0Q.jpg,0,0,0,0,0,0,,False,,Horror,,
617372,,Psykho III: The Musical,Psykho III: The Musical,en,,,1985-01-01,/knAZ3sRAxWH47pkrKWyu7e5nKFR.jpg,0,0,0,0,0,0,,False,,Horror,,
617373,,A Ship of Human Skin,A Ship of Human Skin,en,,,2019-01-01,/cxfowGY581uouAlC9pxG5Y3goYZ.jpg,0,0,0,0,0,0,,False,,Horror,,
618375,,Leap of Faith: William Friedkin on The Exorcist,Leap of Faith: William Friedkin on The Exorcist,en,,,2019-01-01,/mrTFBhWs8A0XKM7kho2A4aZpPpk.jpg,0,0,0,0,0,0,,False,,Horror,,
618418,,Deadly Encounter,Deadly Encounter,en,,,1997-01-01,/41SnIT2tm1DMGoyxpkJyBlY0yMY.jpg,0,0,0,0,0,0,,False,,Horror,,
618544,,Jameson,Jameson,en,,,2018-01-01,/hvO0nEWbyghzWa2HrHWjWBrOQB6.jpg,0,0,0,0,0,0,,False,,Horror,,
618885,,Never Ever After,Never Ever After,en,,,2006-01-01,/616bnuL1E2mQRGpDatfFzvT7JkR.jpg,0,0,0,0,0,0,,False,,Horror,,
619262,,Wrinkles the Clown,Wrinkles the Clown,en,,,2019-01-01,/ifH9eohqttl6TlpAPHM3BoZrgjt.jpg,0,0,0,0,0,0,,False,,Horror,,
619503,,Metal Noir,Metal Noir,en,,,1990-01-01,/xp3oMyDQ5AonQwcdPjM0bMjWsdk.jpg,0,0,0,0,0,0,,False,,Horror,,
619704,,Frozen Sasquatch,Frozen Sasquatch,en,,,2018-01-01,/40I7Dh78lgfxC28jnMnzP2rOAqV.jpg,0,0,0,0,0,0,,False,,Horror,,
620067,,Life Room,Life Room,en,,,2009-01-01,/9VZMJmvbdq88qUedBgzYDNUBNz9.jpg,0,0,0,0,0,0,,False,,Horror,,
621080,,The Viva Voce Virus,The Viva Voce Virus,en,,,2008-01-01,/3YLsd0wgc0E1Yg7b2It66ighijJ.jpg,0,0,0,0,0,0,,False,,Horror,,
623341,,Meet the Grimswalls,Meet the Grimswalls,en,,,2013-01-01,/7p5TgK2JF7SB6wzMI3tRcMegDgi.jpg,0,0,0,0,0,0,,False,,Horror,,
623642,,Sikkfukks,Sikkfukks,en,,,2016-01-01,/m5PN4twQAFFstbK1S9gDnr1iULv.jpg,0,0,0,0,0,0,,False,,Horror,,
624543,,Object of My Affection,Object of My Affection,en,,,2016-01-01,/bx7wIcXAknOo0dighrYTDZC1P2m.jpg,0,0,0,0,0,0,,False,,Horror,,
625122,,Jimmy Part 1 Did You Get One ?,Jimmy Part 1 Did You Get One ?,en,,,2018-01-01,/e6g5cI34Ndpq24DGdaopS7APKwG.jpg,0,0,0,0,0,0,,False,,Horror,,
625759,,Saavat,Saavat,en,,,2019-01-01,/nznjcAN5opllwaDabVHDy2RbVfg.jpg,0,0,0,0,0,0,,False,,Horror,,
626229,,Flesh on Glass,Flesh on Glass,en,,,1981-01-01,/wlWOnZH8fUEqpVixWxrVEMYJ0FI.jpg,0,0,0,0,0,0,,False,,Horror,,
627050,,Silver Stars on Red Velvet,Silver Stars on Red Velvet,en,,,2019-01-01,/6oaTlCi33fxcnFeRKCFEHbGcZQm.jpg,0,0,0,0,0,0,,False,,Horror,,
627699,,Finally Alone,Finally Alone,en,,,2018-01-01,/yBQjsq0b4HNRe35QsK7VcPPKzvK.jpg,0,0,0,0,0,0,,False,,Horror,,
629227,,Let Us In,Let Us In,en,,,2021-01-01,/caZSuBX9UjN3nAc1f67isPjysB7.jpg,0,0,0,0,0,0,,False,,Horror,,
629386,,Killer Babes and the Frightening Film Fiasco,Killer Babes and the Frightening Film Fiasco,en,,,2020-01-01,/j7y7FId3UxuF1l8DLinK57QdXGv.jpg,0,0,0,0,0,0,,False,,Horror,,
630486,,Night Drive,Night Drive,en,,,2021-01-01,/tsU396jRLfx7EyM0inOkoHDjNFg.jpg,0,0,0,0,0,0,,False,,Horror,,
630890,,The Ingress Tapes,The Ingress Tapes,en,,,2017-01-01,/haUKThWHfMqp7FwXeFAig2VwBqS.jpg,0,0,0,0,0,0,,False,,Horror,,
630925,,Down's Revenge,Down's Revenge,en,,,2019-01-01,/makV3ktJV9rQkmadH2olboOgvHf.jpg,0,0,0,0,0,0,,False,,Horror,,
631285,,Elliott Mallane's Murder,Elliott Mallane's Murder,en,,,2020-01-01,/sKDDMgMZDFZyqOECLCjqFZzv0Pn.jpg,0,0,0,0,0,0,,False,,Horror,,
631303,,The Devil's Hour,The Devil's Hour,en,,,2016-01-01,/gshytvszxXcNOqOQQiBiXKIknI6.jpg,0,0,0,0,0,0,,False,,Horror,,
631592,,Pantheon Black,Pantheon Black,en,,,2010-01-01,/jL4lOIIfSne6J4wINW97i3WzLVZ.jpg,0,0,0,0,0,0,,False,,Horror,,
631870,,The Baylock Residence,The Baylock Residence,en,,,2019-01-01,/5NVul6TtRCEvWFI88OeyDvXwPyL.jpg,0,0,0,0,0,0,,False,,Horror,,
632496,,Something in The Closet,Something in The Closet,en,,,2019-01-01,/tA3HX8aRWgLxzLochQ24C9h8wSM.jpg,0,0,0,0,0,0,,False,,Horror,,
632567,,Walrus Yes: The Making of Tusk,Walrus Yes: The Making of Tusk,en,,,2019-01-01,/3PuFv72nDzSF5gGKZVGTgRDRQJB.jpg,0,0,0,0,0,0,,False,,Horror,,
633145,,Beyond Plain Sight,Beyond Plain Sight,en,,,2014-01-01,/40k9XBSAUBixky8NvG9QtTGroNC.jpg,0,0,0,0,0,0,,False,,Horror,,
633337,,Come In,Come In,en,,,2019-01-01,/2Li4RHAFPbOEQ7qxjy2dxZ1hqih.jpg,0,0,0,0,0,0,,False,,Horror,,
633402,,I Bind You to Me,I Bind You to Me,en,,,2019-01-01,/gZxgtQYwdDsgnsB458Qhc0wvoVj.jpg,0,0,0,0,0,0,,False,,Horror,,
633430,,Killer Date,Killer Date,en,,,2019-01-01,/cBrU56zBcxA6J0oghuJwO6U4Wny.jpg,0,0,0,0,0,0,,False,,Horror,,
633660,,Bullfrogs,Bullfrogs,en,,,2019-01-01,/yTvqsSzyfuIn6EgHz2fjX3WCBpT.jpg,0,0,0,0,0,0,,False,,Horror,,
633722,,The Office Is Mine,The Office Is Mine,en,,,2019-01-01,/rZdWmJRFMUHnVrIWKTfQl0VYej1.jpg,0,0,0,0,0,0,,False,,Horror,,
633958,,The Snowglobe,The Snowglobe,en,,,2019-01-01,/lcHczqp0HrswB61NJ3cdcL54vSH.jpg,0,0,0,0,0,0,,False,,Horror,,
633990,,Kindness of Strangers,Kindness of Strangers,en,,,2019-01-01,/bYc54zR6y90mlfLe2mTHyOi6Day.jpg,0,0,0,0,0,0,,False,,Horror,,
634115,,Dead Air,Dead Air,en,,,1999-01-01,/wOCUYiHfW3TZ61UO4joNUCRinDp.jpg,0,0,0,0,0,0,,False,,Horror,,
634810,,Conditioning,Conditioning,en,,,2018-01-01,/cj1vQjAkKch3RjhJh8L6CjDYRrS.jpg,0,0,0,0,0,0,,False,,Horror,,
635108,,The Green-Eyed Monster,The Green-Eyed Monster,en,,,2018-01-01,/6r3v5eLflLux1gfZQlBQgyKhmbx.jpg,0,0,0,0,0,0,,False,,Horror,,
635424,,Maricruz,Maricruz,en,,,2018-01-01,/xRG8o29aJ7oGa9aYcNXplkP1mrT.jpg,0,0,0,0,0,0,,False,,Horror,,
635683,,Pay to Stay,Pay to Stay,en,,,2019-01-01,/lYueqDmTdTZwydZ8N1T1wReb8Xw.jpg,0,0,0,0,0,0,,False,,Horror,,
635837,,Mære,Mære,en,,,2019-01-01,/io2ZcIYC0f2r8nRmo1IBjBNFCjZ.jpg,0,0,0,0,0,0,,False,,Horror,,
635841,,The Black Box,The Black Box,en,,,2010-01-01,/5Z9aVSh9b4oUzPaTMGZBeHCvUv2.jpg,0,0,0,0,0,0,,False,,Horror,,
636029,,Hunger,Hunger,en,,,2018-01-01,/50Ar14URVORP2GIpXkq0KT95n36.jpg,0,0,0,0,0,0,,False,,Horror,,
636681,,Halloween in a Box,Halloween in a Box,en,,,2019-01-01,/dsSIZiMTivJ1tHmDTalZ2JmF3qP.jpg,0,0,0,0,0,0,,False,,Horror,,
636806,,Devil's Grove,Devil's Grove,en,,,2008-01-01,/v8j5r1WGMaRgErgRp7Ybzl1Av1g.jpg,0,0,0,0,0,0,,False,,Horror,,
636808,,Camp D.O.A.,Camp D.O.A.,en,,,2004-01-01,/p7l7ec5SZNy4UGUuXt8pNFsOtdF.jpg,0,0,0,0,0,0,,False,,Horror,,
636812,,Year of the Donkey,Year of the Donkey,en,,,2008-01-01,/36RNpRQMb5MzgER4iJxyJtlsFAg.jpg,0,0,0,0,0,0,,False,,Horror,,
636827,,A Whisper in the Dark,A Whisper in the Dark,en,,,2015-01-01,/wAo5ywdROp92ABk4b02gip8EsNS.jpg,0,0,0,0,0,0,,False,,Horror,,
637017,,Peripheral,Peripheral,en,,,2017-01-01,/fJWSe61NS2r6gmiBbxmaj3L0BZu.jpg,0,0,0,0,0,0,,False,,Horror,,
637020,,Bubbles,Bubbles,en,,,2018-01-01,/1IvapmiIlsC5Beb2mnTFOjyfvBi.jpg,0,0,0,0,0,0,,False,,Horror,,
637162,,Hollywood Gothic,Hollywood Gothic,en,,,2006-01-01,/ouYEb6ok36fLRIP6p2C2rpnDLnj.jpg,0,0,0,0,0,0,,False,,Horror,,
637168,,Lunatic,Lunatic,en,,,1991-01-01,/ujJrGNEyGRvRbsXwgzsTHUPE6zn.jpg,0,0,0,0,0,0,,False,,Horror,,
637321,,The Haunting of Deiana Wood,The Haunting of Deiana Wood,en,,,2017-01-01,/eJPJtXNo79Dlsj9Fyuwdun1I4rL.jpg,0,0,0,0,0,0,,False,,Horror,,
637334,,HG's Shadow,HG's Shadow,en,,,2017-01-01,/ea9lhR3CPLoZDOjjXZZhZ3gslYs.jpg,0,0,0,0,0,0,,False,,Horror,,
638541,,The Claw,The Claw,en,,,2019-01-01,/7cDCIYQ7OkSMuHv3SYb8LF59fs6.jpg,0,0,0,0,0,0,,False,,Horror,,
638609,,Bhoner: The Movie,Bhoner: The Movie,en,,,2013-01-01,/rLrwCQWm6uyWtJhrvNxxM3lugt7.jpg,0,0,0,0,0,0,,False,,Horror,,
638669,,Lovers Never Say Goodbye,Lovers Never Say Goodbye,en,,,2017-01-01,/ez62B8xVqRvIZwkprlg1XilkeTF.jpg,0,0,0,0,0,0,,False,,Horror,,
639357,,Thunderbird,Thunderbird,en,,,2019-01-01,/uRve2sOYc6bcMF6iuluJ1fEyaaS.jpg,0,0,0,0,0,0,,False,,Horror,,
639495,,Chloroformed,Chloroformed,en,,,1995-01-01,/75Pk75sYEUDd7QhbDd9iOTtHJCC.jpg,0,0,0,0,0,0,,False,,Horror,,
639506,,Breaking Spirits,Breaking Spirits,en,,,2018-01-01,/xcwwYBOmUiaNPywX0OJjm2yF0Rg.jpg,0,0,0,0,0,0,,False,,Horror,,
639531,,Big Data L1ZY,Big Data L1ZY,en,,,2018-01-01,/lk6gOTsILBrqtvr7JITpmPempFs.jpg,0,0,0,0,0,0,,False,,Horror,,
639533,,Reformed,Reformed,en,,,2018-01-01,/pbFcfrtCebRJyk2jvXweB5YJmTr.jpg,0,0,0,0,0,0,,False,,Horror,,
639863,,Sell Your Body,Sell Your Body,en,,,2017-01-01,/29Sn6JHxmStnfweJSl7dnosKwn7.jpg,0,0,0,0,0,0,,False,,Horror,,
640029,,Vacation Rental,Vacation Rental,en,,,2018-01-01,/9zkghnj59RQNmaiqKF8tKPduI9O.jpg,0,0,0,0,0,0,,False,,Horror,,
640128,,XVWE,XVWE,en,,,2017-01-01,/dyHf1v7Oh3G7wdsjdX5m03o2j5u.jpg,0,0,0,0,0,0,,False,,Horror,,
640427,,Tales of Found Footage,Tales of Found Footage,en,,,2019-01-01,/1jncvddpp6nvDMBRQ7MfkOQOIPQ.jpg,0,0,0,0,0,0,,False,,Horror,,
640526,,The Video Store Commercial,The Video Store Commercial,en,,,2019-01-01,/3krNdaqycBQyEVtMT5bbW9S5cIH.jpg,0,0,0,0,0,0,,False,,Horror,,
640756,,Hack-Man,Hack-Man,en,,,2010-01-01,/p7BAV0cOIUfVXb4h8caFvLYUpl7.jpg,0,0,0,0,0,0,,False,,Horror,,
640758,,Skid Row,Skid Row,en,,,2013-01-01,/lxBuUPkR6whhu8ZD4zzpCQETmZe.jpg,0,0,0,0,0,0,,False,,Horror,,
640766,,Beware,Beware,en,,,1999-01-01,/1SGwuaF2hsjcKw2H6QFf2P0ojBB.jpg,0,0,0,0,0,0,,False,,Horror,,
640781,,The Spade County Massacre,The Spade County Massacre,en,,,2011-01-01,/jITMYAuiiXHI2UJOFi3wshP55D5.jpg,0,0,0,0,0,0,,False,,Horror,,
640796,,Into the Night,Into the Night,en,,,2020-01-01,/tqfDzcc5V94W8wlaK822aaXzEVG.jpg,0,0,0,0,0,0,,False,,Horror,,
640962,,7 Down,7 Down,en,,,2011-01-01,/fkWGrL6Sq9IDV2XlQ6oXheEKjax.jpg,0,0,0,0,0,0,,False,,Horror,,
640974,,Psycho Killer,Psycho Killer,en,,,2012-01-01,/pEA73AB4zzKYgsULbUEe38CEz0b.jpg,0,0,0,0,0,0,,False,,Horror,,
641275,,Last Train Home,Last Train Home,en,,,2008-01-01,/7XHh7m80YQexTlo1Zbsdr9xrHD.jpg,0,0,0,0,0,0,,False,,Horror,,
641322,,Red Moon,Red Moon,en,,,2019-01-01,/52eumiPIg61Slm9DChC6Z2l6WIl.jpg,0,0,0,0,0,0,,False,,Horror,,
641588,,The Veldt,The Veldt,en,,,1979-01-01,/squ6ehimGNOjLZ4WUMayF1n3dSE.jpg,0,0,0,0,0,0,,False,,Horror,,
641709,,Beyond Horror: The History and Sub-Culture of Red Films,Beyond Horror: The History and Sub-Culture of Red Films,en,,,2019-01-01,/b8yzPLSkxDL9n5F4HPUYJFTNCFx.jpg,0,0,0,0,0,0,,False,,Horror,,
641967,,Stomach Ache,Stomach Ache,en,,,2019-01-01,/19ibxHVCvPMS0b5YFrWf2DPJPyZ.jpg,0,0,0,0,0,0,,False,,Horror,,
642018,,Vanityville Massacre,Vanityville Massacre,en,,,2011-01-01,/wqOgnaJa2KtJdRbGGDdb3p6Ft2X.jpg,0,0,0,0,0,0,,False,,Horror,,
642046,,Fog Island,Fog Island,en,,,2012-01-01,/pPVODND9ZiGyHdvQMnk8EMBt0yc.jpg,0,0,0,0,0,0,,False,,Horror,,
642055,,Stage Fright,Stage Fright,en,,,2005-01-01,/21oX6d8JVevY9ebB4uiYe4qw3Sc.jpg,0,0,0,0,0,0,,False,,Horror,,
642064,,Hacked Off,Hacked Off,en,,,2005-01-01,/dEIg3BSKSCCjuPH8pE4qM3DYMoy.jpg,0,0,0,0,0,0,,False,,Horror,,
642078,,Boogieman 2,Boogieman 2,en,,,1998-01-01,/ara48C6oIBXqlGBOevsh4wApgXV.jpg,0,0,0,0,0,0,,False,,Horror,,
642103,,Method,Method,en,,,2011-01-01,/zrwKP9qHzp7Ek6RhjzhTeAGjbG2.jpg,0,0,0,0,0,0,,False,,Horror,,
642106,,Hell's Half Acre,Hell's Half Acre,en,,,2006-01-01,/6T34X1QhQzh0TS1OZbNG88aOmhT.jpg,0,0,0,0,0,0,,False,,Horror,,
642107,,Chubby Killer: The Anthology,Chubby Killer: The Anthology,en,,,2013-01-01,/AkRrNjIX4L36tW3r4AkgA4QCKo9.jpg,0,0,0,0,0,0,,False,,Horror,,
642108,,Camp Kill,Camp Kill,en,,,2009-01-01,/k2SzdHp3ZKfXz5o11LRDU8LELF5.jpg,0,0,0,0,0,0,,False,,Horror,,
642113,,Paranoid,Paranoid,en,,,2000-01-01,/riUZFrWTYAbcjSvebOTqwPTPfC9.jpg,0,0,0,0,0,0,,False,,Horror,,
642134,,Into the Woods,Into the Woods,en,,,2008-01-01,/ubHkegOmbk0dLzOd4ED0a1RPDjj.jpg,0,0,0,0,0,0,,False,,Horror,,
642287,,Blood Rites,Blood Rites,en,,,2003-01-01,/8j4WXxNKvtbubxRquw5xcPKf8Nt.jpg,0,0,0,0,0,0,,False,,Horror,,
642635,,Boundaries,Boundaries,en,,,2015-01-01,/4Rkk1QyD0Ngzszz7p9pBXpbIsIi.jpg,0,0,0,0,0,0,,False,,Horror,,
642647,,Orbit,Orbit,en,,,2019-01-01,/rKyzNGjui504MjqDdAXSgWFffwF.jpg,0,0,0,0,0,0,,False,,Horror,,
642694,,The Demented,The Demented,en,,,2021-01-01,/awKGmNSanNgdo5ilAa34i4ymiVf.jpg,0,0,0,0,0,0,,False,,Horror,,
642781,,The Barn Part II,The Barn Part II,en,,,2022-01-01,/3ZuerE8hBBRqhyGDxQjI7rWV69y.jpg,0,0,0,0,0,0,,False,,Horror,,
643200,,Meat Cute,Meat Cute,en,,,2019-01-01,/eAxP615reUv5zRxdiQ9KE0XwOwk.jpg,0,0,0,0,0,0,,False,,Horror,,
643225,,The Spirit Gallery,The Spirit Gallery,en,,,1995-01-01,/bZPA96ZBcRbpwhpzdy0T2uhfFI1.jpg,0,0,0,0,0,0,,False,,Horror,,
643288,,Snap,Snap,en,,,2012-01-01,/mEy7thQx5aReRowBg8lq9gBimH9.jpg,0,0,0,0,0,0,,False,,Horror,,
643291,,Toxic Vice,Toxic Vice,en,,,2019-01-01,/q4x7zwaCnmWtbVjk2Vtjgsh09ty.jpg,0,0,0,0,0,0,,False,,Horror,,
643375,,Chiller Theatre Fiend Club Show: Volume 1,Chiller Theatre Fiend Club Show: Volume 1,en,,,1996-01-01,/tgkH6AzIn4H1H8kuOIIjKQJ8h6R.jpg,0,0,0,0,0,0,,False,,Horror,,
643425,,Playtime's Over,Playtime's Over,en,,,2019-01-01,/hnF8jyrqFzxTnMkwW3JbhpoSCeM.jpg,0,0,0,0,0,0,,False,,Horror,,
643502,,Rien the Serial Killer,Rien the Serial Killer,en,,,2008-01-01,/kQTUftug6xlepihXwVkwK7VbmSu.jpg,0,0,0,0,0,0,,False,,Horror,,
643503,,Resonance,Resonance,en,,,2018-01-01,/a0y1uTLHzjmOWoI0ewLQPuVuOtZ.jpg,0,0,0,0,0,0,,False,,Horror,,
643632,,Playing for Keeps,Playing for Keeps,en,,,2004-01-01,/xXgMlg6TV4QafzX7ERmaVj5vBJX.jpg,0,0,0,0,0,0,,False,,Horror,,
643889,,Two Little Red Dolls,Two Little Red Dolls,en,,,1996-01-01,/eWPlSWjvqeiyewqbrfTpHnvb6YI.jpg,0,0,0,0,0,0,,False,,Horror,,
643922,,The More the Scarier,The More the Scarier,en,,,2019-01-01,/kHz6x71PaS6UEdslR5OnyDC2J2l.jpg,0,0,0,0,0,0,,False,,Horror,,
644182,,Chad Gets The AxE,Chad Gets The AxE,en,,,2019-01-01,/dEOLiIxM1b3huiQ20uROWvM0pkQ.jpg,0,0,0,0,0,0,,False,,Horror,,
644921,,Dead Air,Dead Air,en,,,2019-01-01,/A2Ip6OyPc6KWP1JTFv1wU3y2gyy.jpg,0,0,0,0,0,0,,False,,Horror,,
645510,,Klaus The Devil's Primate,Klaus The Devil's Primate,en,,,2014-01-01,/89P0hYeEf9fw7sysk3ZcDJL8c0G.jpg,0,0,0,0,0,0,,False,,Horror,,
645726,,Murderabiliac,Murderabiliac,en,,,2019-01-01,/uuoCdfULT6fisKzV8r0fYQyudZa.jpg,0,0,0,0,0,0,,False,,Horror,,
645750,,Trick,Trick,en,,,2018-01-01,/6pvAaZzQAZfNsrC7PYYEUdFF0P3.jpg,0,0,0,0,0,0,,False,,Horror,,
645753,,Blood Tulip,Blood Tulip,en,,,2019-01-01,/d6kd64K86H9mQPoqHccLO4FGCv8.jpg,0,0,0,0,0,0,,False,,Horror,,
645796,,Who's There?,Who's There?,en,,,2018-01-01,/2sfeiaUi10m8h1UBIJ1BNeHiKXH.jpg,0,0,0,0,0,0,,False,,Horror,,
645927,,Descent,Descent,en,,,2004-01-01,/7RQcEZxtmfZgRoeLpxUN0nRuhId.jpg,0,0,0,0,0,0,,False,,Horror,,
646020,,Woodland Cemetery,Woodland Cemetery,en,,,2019-01-01,/9aSf2NKksnxK9sNZVRe17fSZYb7.jpg,0,0,0,0,0,0,,False,,Horror,,
646397,,Dryer Lint,Dryer Lint,en,,,2015-01-01,/x2urx71s57vwd6VQOQv1iKpTren.jpg,0,0,0,0,0,0,,False,,Horror,,
648013,,0 Feet Away,0 Feet Away,en,,,2014-01-01,/1RzjBpWnx34eshicVP36aBbRf33.jpg,0,0,0,0,0,0,,False,,Horror,,
648764,,The Unwelcoming House 2,The Unwelcoming House 2,en,,,2019-01-01,/rMbiQZUGkM5newclpiYBMWqFrAb.jpg,0,0,0,0,0,0,,False,,Horror,,
648770,,The Music of John Low,The Music of John Low,en,,,2018-01-01,/2UV6VDAuFflGUMJgQE84PttxlQt.jpg,0,0,0,0,0,0,,False,,Horror,,
648957,,Silhouette,Silhouette,en,,,2018-01-01,/4hTS8mIeI7kuhgBUtJtrEeu9Ia7.jpg,0,0,0,0,0,0,,False,,Horror,,
649119,,Strangled Starlets,Strangled Starlets,en,,,2001-01-01,/zNFplHsSQZjrWTkIi7RP7nQIrsz.jpg,0,0,0,0,0,0,,False,,Horror,,
649407,,The Killbillies,The Killbillies,en,,,2012-01-01,/8mitv5rHrCoE6eRZoC1l4iJtaRG.jpg,0,0,0,0,0,0,,False,,Horror,,
649770,,Steven Berkoff's Tell Tale Heart,Steven Berkoff's Tell Tale Heart,en,,,2019-01-01,/qhHVjNpAR1mzqU7u2Blura3dVuT.jpg,0,0,0,0,0,0,,False,,Horror,,
649984,,Alice after Wonderland,Alice after Wonderland,en,,,2018-01-01,/dLN3YmHh31tK0dMSyBq1nWExZ6z.jpg,0,0,0,0,0,0,,False,,Horror,,
650093,,Blood Falls,Blood Falls,en,,,2018-01-01,/76slvz4zNSWahxzJlGAEoCjDzQL.jpg,0,0,0,0,0,0,,False,,Horror,,
650176,,Heels,Heels,en,,,2014-01-01,/3ahHqN1zBjTDVqOcEbRXSeEi4sp.jpg,0,0,0,0,0,0,,False,,Horror,,
650685,,Kansas City Blender Massacre,Kansas City Blender Massacre,en,,,1986-01-01,/4CD9zDzHCw7PVphAYkL4yyZmQ9T.jpg,0,0,0,0,0,0,,False,,Horror,,
650893,,The Eyes of Isabelle,The Eyes of Isabelle,en,,,2014-01-01,/3rP9GsQvGVzk6I29iZCWaxzEB7O.jpg,0,0,0,0,0,0,,False,,Horror,,
650895,,Captive of a Death Mask,Captive of a Death Mask,en,,,2013-01-01,/o2MAFNzA99Iy8yZWjlWVu3BMt7p.jpg,0,0,0,0,0,0,,False,,Horror,,
650896,,Manson Kilmore: The Night Caller of Coal Miners Holler Part 1: Deadly Secrets,Manson Kilmore: The Night Caller of Coal Miners Holler Part 1: Deadly Secrets,en,,,2009-01-01,/2uJTsstrsKzUg2JqFd8beCrseOz.jpg,0,0,0,0,0,0,,False,,Horror,,
650898,,Manson Kilmore: The Night Caller of Coal Miners Holler Part 2 - Payback Is Hell,Manson Kilmore: The Night Caller of Coal Miners Holler Part 2 - Payback Is Hell,en,,,2009-01-01,/xUfu4EKZviab5iCxbZBh9fkStfS.jpg,0,0,0,0,0,0,,False,,Horror,,
650900,,Bloody Monster,Bloody Monster,en,,,2013-01-01,/x2y7tQ4u4ADVMrBWa7rtPRtk73T.jpg,0,0,0,0,0,0,,False,,Horror,,
650952,,The Rise of Jengo,The Rise of Jengo,en,,,2011-01-01,/hjhgn3ZeuH4tBUZc6s1bO0SX7iX.jpg,0,0,0,0,0,0,,False,,Horror,,
651006,,Blodspår,Blodspår,en,,,2012-01-01,/4ugKV6g3Mpk7ZN0KE4TM3xGTvjf.jpg,0,0,0,0,0,0,,False,,Horror,,
651013,,Unholy Reunion,Unholy Reunion,en,,,2010-01-01,/t9TDeqfWbTEcBw76JSYeO7qEZTq.jpg,0,0,0,0,0,0,,False,,Horror,,
651018,,Lunicidal,Lunicidal,en,,,2008-01-01,/f1E8ObZt5q9tkMvpffcBj2MkN7Y.jpg,0,0,0,0,0,0,,False,,Horror,,
651488,,Hallows Eve: Slaughter on Second Street,Hallows Eve: Slaughter on Second Street,en,,,2008-01-01,/sW0uPRT6qmZwsci4GUadWqRo9Qv.jpg,0,0,0,0,0,0,,False,,Horror,,
651494,,Street Trash,Street Trash,en,,,1984-01-01,/ujtPcSNjI3mfgXisyYeCcIDTrg2.jpg,0,0,0,0,0,0,,False,,Horror,,
651511,,Back Woods 2: Mama's Beefbilly Jamboree,Back Woods 2: Mama's Beefbilly Jamboree,en,,,2018-01-01,/x3zUUjUsvAsJs1ZjJnyW2KLXCcG.jpg,0,0,0,0,0,0,,False,,Horror,,
651517,,Riverdead,Riverdead,en,,,2007-01-01,/kodYGucCD6b5xFBp8AmJlrR8OJk.jpg,0,0,0,0,0,0,,False,,Horror,,
651571,,Breach,Breach,en,,,2020-01-01,/13B6onhL6FzSN2KaNeQeMML05pS.jpg,0,0,0,0,0,0,,False,,Horror,,
652794,,Cursed Words,Cursed Words,en,,,2019-01-01,/aAYbP4Oazn6NIO1GDUyUuqTqC12.jpg,0,0,0,0,0,0,,False,,Horror,,
652823,,Madball,Madball,en,,,1988-01-01,/RXiU25W7KJEvnfJ3s7fHQv5fQ6.jpg,0,0,0,0,0,0,,False,,Horror,,
653672,,Beauty Standards,Beauty Standards,en,,,2019-01-01,/s4Uz71T2KmYF93Dosq8X1gmW3PI.jpg,0,0,0,0,0,0,,False,,Horror,,
654092,,Dead Bodies Everywhere,Dead Bodies Everywhere,en,,,2011-01-01,/4Xblc3qgmhvmIZvH6vdd5Xn04Qg.jpg,0,0,0,0,0,0,,False,,Horror,,
654718,,The Commune,The Commune,en,,,1970-01-01,/prYPByUKdS0jkNAY3r3sQx1t0LG.jpg,0,0,0,0,0,0,,False,,Horror,,
655393,,The Raven,The Raven,en,,,2003-01-01,/nLDN11CSAbOBs22MNNo5GjjuhyZ.jpg,0,0,0,0,0,0,,False,,Horror,,
655560,,Nyarlathotep,Nyarlathotep,en,,,2001-01-01,/nEgvFA9mz1VEN8diPEe5sqDQ9iy.jpg,0,0,0,0,0,0,,False,,Horror,,
655574,,The Hapless Antiquarian,The Hapless Antiquarian,en,,,2001-01-01,/czOBvywnA8ILmvTSfQ5Qh4JhBpd.jpg,0,0,0,0,0,0,,False,,Horror,,
655742,,I Wouldn't Wish the Eighties on Anyone!,I Wouldn't Wish the Eighties on Anyone!,en,,,2013-01-01,/klNzMqbmgPApiDaKr2hd03GNXWT.jpg,0,0,0,0,0,0,,False,,Horror,,
655746,,Hard Gore,Hard Gore,en,,,2020-01-01,/ppZBojICqNibM37nzXzT2jtHDqq.jpg,0,0,0,0,0,0,,False,,Horror,,
655754,,Blue Android,Blue Android,en,,,2019-01-01,/rNCNf270T04InoQ55OsijPJld3V.jpg,0,0,0,0,0,0,,False,,Horror,,
655758,,Suck My Blood,Suck My Blood,en,,,2019-01-01,/3A9Z323i6pDJ3igvhs9sX47veiK.jpg,0,0,0,0,0,0,,False,,Horror,,
655759,,Blood Corrodes Inside: SPIT,Blood Corrodes Inside: SPIT,en,,,2018-01-01,/44L5geMIySsUrD7yJeRzn8judXS.jpg,0,0,0,0,0,0,,False,,Horror,,
655761,,Blood Corrodes Inside: Red Tragedy,Blood Corrodes Inside: Red Tragedy,en,,,2018-01-01,/7sf1NrNP0bqQvBZHNEuswUhhQUu.jpg,0,0,0,0,0,0,,False,,Horror,,
655765,,Blood Corrodes Inside: Sea of Blood,Blood Corrodes Inside: Sea of Blood,en,,,2019-01-01,/w8tT3IpnqqAcI5JbnoPAN3Ixf2Q.jpg,0,0,0,0,0,0,,False,,Horror,,
656024,,Monster Mash,Monster Mash,en,,,2014-01-01,/qZfuZLtp9D2HhvKtKpSXAmgyrWU.jpg,0,0,0,0,0,0,,False,,Horror,,
656174,,Tinsel,Tinsel,en,,,2012-01-01,/bh7nxSLzsSfV5j7KxsicWMx89ZT.jpg,0,0,0,0,0,0,,False,,Horror,,
656381,,Fury,Fury,en,,,2009-01-01,/qfvE8qWmhvYUEztP3mPj8ptpooN.jpg,0,0,0,0,0,0,,False,,Horror,,
657528,,Deadly Screams of a Naked Siren,Deadly Screams of a Naked Siren,en,,,2019-01-01,/gHUI99oRFXAGj8CAsKGvcqH8mTv.jpg,0,0,0,0,0,0,,False,,Horror,,
657767,,"Ze, Zombie","Ze, Zombie",en,,,2013-01-01,/3sGX2LN59K8hOCnOywllzGOjh6b.jpg,0,0,0,0,0,0,,False,,Horror,,
657826,,Earwig,Earwig,en,,,2022-01-01,/jW8OX7yyNDUO7loiYUYmSoGLWnZ.jpg,0,0,0,0,0,0,,False,,Horror,,
658402,,Necrophilia: A Love Story,Necrophilia: A Love Story,en,,,2013-01-01,/js8femQLvRjKoNjPWFqg6y6wBrm.jpg,0,0,0,0,0,0,,False,,Horror,,
659060,,Spores,Spores,en,,,2018-01-01,/nteGrbiPSty4jlU0nfNwrgK2bQB.jpg,0,0,0,0,0,0,,False,,Horror,,
659158,,Purveyors Of Blood,Purveyors Of Blood,en,,,2004-01-01,/9eA8BCFhIdm3cnTUksF7I2UVLix.jpg,0,0,0,0,0,0,,False,,Horror,,
659201,,Lesbian Western,Lesbian Western,en,,,2013-01-01,/m1fF7io8b8cSgePBmTaoaVmslgE.jpg,0,0,0,0,0,0,,False,,Horror,,
659417,,The Frank-Can-Stein Monster,The Frank-Can-Stein Monster,en,,,2010-01-01,/45q9jctPW2HlcNWcewFRORdHZ8e.jpg,0,0,0,0,0,0,,False,,Horror,,
659420,,Watered Down Wolfman,Watered Down Wolfman,en,,,2010-01-01,/eoLp8S9lAkDNWBkIT0FaaCGY8NL.jpg,0,0,0,0,0,0,,False,,Horror,,
660985,,Age of the Wendigo,Age of the Wendigo,en,,,2018-01-01,/gnIbsVttuqQb0KWlJJmru1WCuKJ.jpg,0,0,0,0,0,0,,False,,Horror,,
661924,,Clowns of Halloween,Clowns of Halloween,en,,,2019-01-01,/w19VrltVCTg5OlcPRHGcXaSua50.jpg,0,0,0,0,0,0,,False,,Horror,,
662087,,Headcleaner,Headcleaner,en,,,2019-01-01,/nguT87kvdWRLDkYfT4AyqwiCF1X.jpg,0,0,0,0,0,0,,False,,Horror,,
662183,,Red Canopy,Red Canopy,en,,,2006-01-01,/yhTxznIWEiYmsbu0IRZkoCoDX4m.jpg,0,0,0,0,0,0,,False,,Horror,,
662975,,NightCry,NightCry,en,,,2015-01-01,/klN3GyW1EHLc3TYzTHFfsWwX4O7.jpg,0,0,0,0,0,0,,False,,Horror,,
663775,,Come To Stay,Come To Stay,en,,,2015-01-01,/fZTb1HUDLtIpe4zAI1tFK6C5NhW.jpg,0,0,0,0,0,0,,False,,Horror,,
663924,,Killer Shrimps,Killer Shrimps,en,,,2004-01-01,/prpFPIxHqtqb8OPShiAczXNx9r8.jpg,0,0,0,0,0,0,,False,,Horror,,
664045,,Horsehair,Horsehair,en,,,1998-01-01,/tih0kUW9XEyykd3eyXzYFsZFHp3.jpg,0,0,0,0,0,0,,False,,Horror,,
664171,,She Must Vanish,She Must Vanish,en,,,2019-01-01,/28aDDKT1XnGnob8yojkCX3XSe73.jpg,0,0,0,0,0,0,,False,,Horror,,
664574,,Silent Night,Silent Night,en,,,2021-01-01,/bfUO1SBTfgcK77em3lOuRFY2uLc.jpg,0,0,0,0,0,0,,False,,Horror,,
665087,,Till Death Do We Rot,Till Death Do We Rot,en,,,2019-01-01,/4kzz3JuNOQw7k4qHJtIPXJXoVwf.jpg,0,0,0,0,0,0,,False,,Horror,,
665351,,Meat Butcher Baby,Meat Butcher Baby,en,,,2009-01-01,/a5ScYhHm2LB4kle7vmwWAuXGmQF.jpg,0,0,0,0,0,0,,False,,Horror,,
666344,,Hamlet,Hamlet,en,,,2005-01-01,/51Nb8Tnz2nLRikYryIZ7LbITq6t.jpg,0,0,0,0,0,0,,False,,Horror,,
666634,,Frenzy,Frenzy,en,,,2019-01-01,/gFIdd5qqzTVZwq64vXhVW1VwoJN.jpg,0,0,0,0,0,0,,False,,Horror,,
666730,,Devil's Trade,Devil's Trade,en,,,2007-01-01,/8M8EC1i0pOipmGaPMJOY64HGAa3.jpg,0,0,0,0,0,0,,False,,Horror,,
667057,,Dogs,Dogs,en,,,2020-01-01,/3O3JstHDwM45GhIFBGinLqP64iT.jpg,0,0,0,0,0,0,,False,,Horror,,
667098,,Organ House,Organ House,en,,,1993-01-01,/ywZZiBR63V3mdAR5Xc91N2BiKaJ.jpg,0,0,0,0,0,0,,False,,Horror,,
667562,,Bumps in the Night,Bumps in the Night,en,,,2010-01-01,/c7OTXr8jefzSWPUnsaprkSfNCc5.jpg,0,0,0,0,0,0,,False,,Horror,,
668796,,A Fish Called Martha or: Who's Really Afraid of H. P. Lovecraft Anyway?,A Fish Called Martha or: Who's Really Afraid of H. P. Lovecraft Anyway?,en,,,2010-01-01,/eTWZh94nge3w1D9e2mh98yHSn0I.jpg,0,0,0,0,0,0,,False,,Horror,,
669974,,Ashley,Ashley,en,,,2020-01-01,/mbqJRdtJ0tUwsmRMnvAPbt8Z3oT.jpg,0,0,0,0,0,0,,False,,Horror,,
670580,,Torching the Dusties,Torching the Dusties,en,,,2019-01-01,/qeK78Y1b3wPcCRK12313Pml8VkU.jpg,0,0,0,0,0,0,,False,,Horror,,
670624,,Pepper,Pepper,en,,,2020-01-01,/qX0PeORfkG6eHBYvQudtqkRCAOA.jpg,0,0,0,0,0,0,,False,,Horror,,
670636,,Girl in the Shed,Girl in the Shed,en,,,2020-01-01,/sV04eEJu9Im08dV6i0RhoU7FS8R.jpg,0,0,0,0,0,0,,False,,Horror,,
670940,,El Chapo and the Curse of the Pirate Zombies,El Chapo and the Curse of the Pirate Zombies,en,,,2022-01-01,/iGwcbshhxSoLlYfxRIMQCt0Xnzz.jpg,0,0,0,0,0,0,,False,,Horror,,
671013,,Mulch,Mulch,en,,,2013-01-01,/eLoncfWNm2ljeNrvXq8F2SXCXjU.jpg,0,0,0,0,0,0,,False,,Horror,,
671309,,DEMON,DEMON,en,,,2018-01-01,/oM7RDIEBa9H932yeGBAB9oEQuEr.jpg,0,0,0,0,0,0,,False,,Horror,,
672043,,Masque of the Red Death,Masque of the Red Death,en,,,1959-01-01,/pW49cYnHAgeTnXErIRU4CRMZ1Yl.jpg,0,0,0,0,0,0,,False,,Horror,,
672278,,Lactasia,Lactasia,en,,,2020-01-01,/nAI29gugK2nSbJJXxIepWKzsL57.jpg,0,0,0,0,0,0,,False,,Horror,,
672593,,Unit 30,Unit 30,en,,,2010-01-01,/kkL3tSGYnEIUaCuaUQgKdScTJFI.jpg,0,0,0,0,0,0,,False,,Horror,,
673526,,Maxwell Stein,Maxwell Stein,en,,,2009-01-01,/8d4Jh7zGN418pXOBX9HH0TKHeSw.jpg,0,0,0,0,0,0,,False,,Horror,,
674308,,A Private Session,A Private Session,en,,,2015-01-01,/rA1njudQgBNy2br8s0Ko52cBt9Z.jpg,0,0,0,0,0,0,,False,,Horror,,
674895,,Sludge Warriors,Sludge Warriors,en,,,2019-01-01,/xy6yxBtRzweSTQ8KAgGhsAORpMj.jpg,0,0,0,0,0,0,,False,,Horror,,
675824,,The Scrotum,The Scrotum,en,,,2019-01-01,/3sNYOxfb2PUf005wbhbbSyaDObk.jpg,0,0,0,0,0,0,,False,,Horror,,
676240,,Lou-Lou Lives Here,Lou-Lou Lives Here,en,,,2005-01-01,/yT6LvCPsthCvL9ChRjCKHdDgY3R.jpg,0,0,0,0,0,0,,False,,Horror,,
676291,,Face Value,Face Value,en,,,1981-01-01,/8TTj8rrHE0mhWc1KLwrjVvKpxhd.jpg,0,0,0,0,0,0,,False,,Horror,,
676756,,The Transylvania Television Real Meanin' of Halloween Special Show,The Transylvania Television Real Meanin' of Halloween Special Show,en,,,2010-01-01,/jpc2QJM7SXEk49mnMcQTj8atrh9.jpg,0,0,0,0,0,0,,False,,Horror,,
676896,,La máquina del diablo,La máquina del diablo,en,,,2017-01-01,/iVy6KmFv4fLidQUpWScMWggzJlD.jpg,0,0,0,0,0,0,,False,,Horror,,
676981,,El Escondite,El Escondite,en,,,2011-01-01,/uVVLR2VZa9D3EsSu1RoqGcCBGmi.jpg,0,0,0,0,0,0,,False,,Horror,,
677230,,Stage Four,Stage Four,en,,,2019-01-01,/qnZaV7Y0AtKGxogxQt8xVq0y6Re.jpg,0,0,0,0,0,0,,False,,Horror,,
677359,,Trampa mortal,Trampa mortal,en,,,1972-01-01,/vuhnu8F4kTjR3sKZtZAZVoENs5d.jpg,0,0,0,0,0,0,,False,,Horror,,
677600,,Nomina Domini,Nomina Domini,en,,,2000-01-01,/9YwZ6DYIEvisTkm7vPqAIYarlYD.jpg,0,0,0,0,0,0,,False,,Horror,,
678278,,Late Spring/Regrets For Our Youth,Late Spring/Regrets For Our Youth,en,,,2009-01-01,/cuNijUzSlDcXjXK911kbzUqeTFS.jpg,0,0,0,0,0,0,,False,,Horror,,
678298,,The Man in the Cradle,The Man in the Cradle,en,,,2019-01-01,/ijyJKflcto0lpCgkk1qz1MvwTMX.jpg,0,0,0,0,0,0,,False,,Horror,,
678997,,Killer Among Us,Killer Among Us,en,,,2021-01-01,/iIhB7amHILJJs6Upf91NrXOb09Y.jpg,0,0,0,0,0,0,,False,,Horror,,
679761,,Bad Girl Dracula,Bad Girl Dracula,en,,,2019-01-01,/dsV2xCnWglst0b9uK1YXz5vtIM1.jpg,0,0,0,0,0,0,,False,,Horror,,
680621,,Playing in Darkness,Playing in Darkness,en,,,2009-01-01,/x5xNUjXrvY3XZ1ghzrjcI20blsj.jpg,0,0,0,0,0,0,,False,,Horror,,
681631,,Jurassic Thunder,Jurassic Thunder,en,,,2019-01-01,/4eJ248ezFwmvcHhdUrD5LNOQzFz.jpg,0,0,0,0,0,0,,False,,Horror,,
681665,,Cannibal Cheerleader Camp,Cannibal Cheerleader Camp,en,,,2008-01-01,/fLzmm5OxjuEITJYRvlLJN1A9mzk.jpg,0,0,0,0,0,0,,False,,Horror,,
681680,,Repent Now,Repent Now,en,,,2017-01-01,/sV0nHvowaa7GCbh93PP99SjM0hF.jpg,0,0,0,0,0,0,,False,,Horror,,
681996,,Blood Angel 2,Blood Angel 2,en,,,2005-01-01,/kEvwSXwceLcIkfzIVj4pgphOn03.jpg,0,0,0,0,0,0,,False,,Horror,,
682359,,The Hands,The Hands,en,,,2020-01-01,/zhdzxshznoMxoUddjA1KuUP980N.jpg,0,0,0,0,0,0,,False,,Horror,,
682532,,John and the Hole,John and the Hole,en,,,2021-01-01,/vZ28AYbKm8cZdvnWlfCASOmH2ag.jpg,0,0,0,0,0,0,,False,,Horror,,
686208,,The Starfish,The Starfish,en,,,1952-01-01,/b3joTEh1jPxTYZWNSsP2m0rQaJj.jpg,0,0,0,0,0,0,,False,,Horror,,
686357,,Date Night,Date Night,en,,,2019-01-01,/s8Gp6HAGiErApDfXHF5rV2Tz6ya.jpg,0,0,0,0,0,0,,False,,Horror,,
686478,,Season of the Witch,Season of the Witch,en,,,2014-01-01,/amZ65UbQvJlt917emDdHxLQeNlA.jpg,0,0,0,0,0,0,,False,,Horror,,
687142,,The Reckoning,The Reckoning,en,,,2007-01-01,/or6ES7gti1tBeXvJz28QlsUcKKD.jpg,0,0,0,0,0,0,,False,,Horror,,
688863,,The Evil of Nowhere: A Paranormal Documentary,The Evil of Nowhere: A Paranormal Documentary,en,,,2019-01-01,/kUz2bpGmMZUwNam4eBoCmGx6P1R.jpg,0,0,0,0,0,0,,False,,Horror,,
689127,,The Inside,The Inside,en,,,2019-01-01,/8HkT0VvaWlIcZjXwDHVSPhFfDf0.jpg,0,0,0,0,0,0,,False,,Horror,,
690451,,Here There Be Tygers,Here There Be Tygers,en,,,2019-01-01,/7ApFwhXAHUePau4FR2WelV836bt.jpg,0,0,0,0,0,0,,False,,Horror,,
690549,,Doctor Death,Doctor Death,en,,,2019-01-01,/bKd1WAreHhu1Ju2wsEVQnvmnsLy.jpg,0,0,0,0,0,0,,False,,Horror,,
690637,,For Jennifer,For Jennifer,en,,,2020-01-01,/6IzElykJVs3mbefkiw8pitpqMpt.jpg,0,0,0,0,0,0,,False,,Horror,,
690795,,Mr. Clay,Mr. Clay,en,,,1967-01-01,/vAAsuH7Z0VTJGuujlXp8SVxjG4b.jpg,0,0,0,0,0,0,,False,,Horror,,
690799,,Horrors from the ID!,Horrors from the ID!,en,,,1970-01-01,/pXBMrzBnrtQuds2I9XjgDltL6gy.jpg,0,0,0,0,0,0,,False,,Horror,,
691223,,Ruptured,Ruptured,en,,,2019-01-01,/pJBBz5RHIXWOqjq4O2CWNCxKSfb.jpg,0,0,0,0,0,0,,False,,Horror,,
691397,,HorroRitual,HorroRitual,en,,,1972-01-01,/shDIJOsrf8JR70STUbluLM51F41.jpg,0,0,0,0,0,0,,False,,Horror,,
692421,,Dracula's Dirty Daughter,Dracula's Dirty Daughter,en,,,2017-01-01,/cdnhFNMZd1n09p5Nu0zOY6r1RZi.jpg,0,0,0,0,0,0,,False,,Horror,,
693749,,Meat Butcher Baby 2,Meat Butcher Baby 2,en,,,2017-01-01,/jAWZP4igh4weIAFeyi26kCUjDc9.jpg,0,0,0,0,0,0,,False,,Horror,,
693840,,Hell's Bells,Hell's Bells,en,,,2017-01-01,/y22FSe8FRPOgEm5S9wca1311wlD.jpg,0,0,0,0,0,0,,False,,Horror,,
694224,,The Droving,The Droving,en,,,2020-01-01,/ehRlb0SOaeLUWewaLKEyyS9UDfk.jpg,0,0,0,0,0,0,,False,,Horror,,
694378,,The Cull,The Cull,en,,,2018-01-01,/cFbX8tjS1xgqWNiom0h0MonwF5I.jpg,0,0,0,0,0,0,,False,,Horror,,
694435,,The Dead of San Angelo,The Dead of San Angelo,en,,,2001-01-01,/zdc9gMj68H4zGfoMWUdBAsWVm7I.jpg,0,0,0,0,0,0,,False,,Horror,,
694439,,Under Cemetery 2: Guanajuato,Under Cemetery 2: Guanajuato,en,,,1999-01-01,/j1oKIVElKZftZuZxdkrRzpmRcww.jpg,0,0,0,0,0,0,,False,,Horror,,
694441,,Cadavericon,Cadavericon,en,,,2002-01-01,/gIMlfhNabZsibrjrnfbfGPBAWS0.jpg,0,0,0,0,0,0,,False,,Horror,,
694657,,Time Warp Vol. 1: Midnight Madness,Time Warp Vol. 1: Midnight Madness,en,,,2020-01-01,/tzrKrDgBOwLrhZINNOoZoKJ08gI.jpg,0,0,0,0,0,0,,False,,Horror,,
694739,,Messed Up,Messed Up,en,,,2018-01-01,/2spapulqFSCZrBZhu6QXCBTNN4a.jpg,0,0,0,0,0,0,,False,,Horror,,
694944,,Spittoon,Spittoon,en,,,1981-01-01,/vZ9UDyV0jS1xTnzWVRi9LmNFFYf.jpg,0,0,0,0,0,0,,False,,Horror,,
694951,,And All Through the House,And All Through the House,en,,,1971-01-01,/32Ljy80Xl883nn9SZMe1MYgdI8y.jpg,0,0,0,0,0,0,,False,,Horror,,
695042,,Going Steady,Going Steady,en,,,2020-01-01,/rV9X1W6CawxZ8XFR4LBNg2cZPbq.jpg,0,0,0,0,0,0,,False,,Horror,,
695046,,Das Hause,Das Hause,en,,,2003-01-01,/2TENnxYi8TzCjCTqHvtIIwsf1Qo.jpg,0,0,0,0,0,0,,False,,Horror,,
695138,,Time Warp Vol. 2: Horror and Sci-Fi,Time Warp Vol. 2: Horror and Sci-Fi,en,,,2020-01-01,/uwLNZOripFOZNqMajJxXeVdTtjF.jpg,0,0,0,0,0,0,,False,,Horror,,
696785,,Time's Up!,Time's Up!,en,,,2022-01-01,/oxDpMGaWqlPuHbBM7Gg9TVR3Zme.jpg,0,0,0,0,0,0,,False,,Horror,,
696958,,The Sky,The Sky,en,,,2020-01-01,/zwUz2YC3PqbKnYw2dp15sh9S22u.jpg,0,0,0,0,0,0,,False,,Horror,,
697135,,The Malevolent,The Malevolent,en,,,2016-01-01,/4IPV041L7XFGgwvCoTdKpAxHADJ.jpg,0,0,0,0,0,0,,False,,Horror,,
697181,,Misty Darkness,Misty Darkness,en,,,1986-01-01,/anGKc4Pj6GIY5j4eDljMdxUu7Jw.jpg,0,0,0,0,0,0,,False,,Horror,,
698672,,Jackshack,Jackshack,en,,,2020-01-01,/pkDGRVMe7WaCeWO8yMP4ecPm6it.jpg,0,0,0,0,0,0,,False,,Horror,,
699177,,The Fiend with the Electronic Brain,The Fiend with the Electronic Brain,en,,,1967-01-01,/zJ8lUXYkw999n0CSWQshnBqIyVk.jpg,0,0,0,0,0,0,,False,,Horror,,
700358,,Wings of Death,Wings of Death,en,,,1985-01-01,/qqh37JR7C4KLWnLcOcoWpMiXIpb.jpg,0,0,0,0,0,0,,False,,Horror,,
700423,,Attack of the Killer Turds,Attack of the Killer Turds,en,,,2010-01-01,/z4xZ9zodsZOlM2SYHFasIgDZ95Z.jpg,0,0,0,0,0,0,,False,,Horror,,
700424,,Tales for the Midnight Hour II,Tales for the Midnight Hour II,en,,,2018-01-01,/3uQfan0UgBGptwzFZtxjiWcQF7Y.jpg,0,0,0,0,0,0,,False,,Horror,,
700650,,Horrorbabe.com 1,Horrorbabe.com 1,en,,,2008-01-01,/gsJLa6By52kFxtU2pkaR4gOiF7R.jpg,0,0,0,0,0,0,,False,,Horror,,
701974,,Chestersberg,Chestersberg,en,,,2020-01-01,/3fmWXpTVAbiXKQuEALAzdyKI0Mz.jpg,0,0,0,0,0,0,,False,,Horror,,
702120,,Lust,Lust,en,,,2017-01-01,/ss58u9N3Gi6imdmtmHjGjWj1WLS.jpg,0,0,0,0,0,0,,False,,Horror,,
703069,,Split,Split,en,,,1998-01-01,/j6vpsXn4uJYtY2EM3x7qQrWC2mW.jpg,0,0,0,0,0,0,,False,,Horror,,
703268,,Witchwise,Witchwise,en,,,2006-01-01,/4p2GikSIdZYcb8ajLmaCAow2139.jpg,0,0,0,0,0,0,,False,,Horror,,
703698,,The Dingleberrys,The Dingleberrys,en,,,2012-01-01,/53CC9BrZXYZg5Y45Wnrd1Nvvn05.jpg,0,0,0,0,0,0,,False,,Horror,,
704214,,El Cuco Is Hungry,El Cuco Is Hungry,en,,,2018-01-01,/fl3EoNS2HbAsXiI9Xt7IYbd7Kgz.jpg,0,0,0,0,0,0,,False,,Horror,,
704262,,An Evening with my Great Aunt Bedelia,An Evening with my Great Aunt Bedelia,en,,,2012-01-01,/qQ1P7LDnCj55EjmwDYb2Oodd08G.jpg,0,0,0,0,0,0,,False,,Horror,,
704792,,Draghoula,Draghoula,en,,,1995-01-01,/vf873BvTfhIO4Zqozt5ajlWlNKg.jpg,0,0,0,0,0,0,,False,,Horror,,
705279,,The Bather,The Bather,en,,,1995-01-01,/n0C5GocY2aL3Z0CiCyyn5alYNzx.jpg,0,0,0,0,0,0,,False,,Horror,,
705368,,Hit + Run,Hit + Run,en,,,2020-01-01,/qH6YfV1iVvi0sYyJ4FUOif1usil.jpg,0,0,0,0,0,0,,False,,Horror,,
705433,,Disco Graveyard,Disco Graveyard,en,,,2020-01-01,/kb4zpSqgOtSgz41EV6aZmUmSV9M.jpg,0,0,0,0,0,0,,False,,Horror,,
706236,,Crimson Heather,Crimson Heather,en,,,2000-01-01,/xE149lklmZXj9tMsWpM8nim7eQM.jpg,0,0,0,0,0,0,,False,,Horror,,
706383,,Coffee and a Bite,Coffee and a Bite,en,,,2012-01-01,/ArN70EQvEWj2h7Q7eSLUgnOoSI6.jpg,0,0,0,0,0,0,,False,,Horror,,
706494,,Cupid's Arrow,Cupid's Arrow,en,,,1997-01-01,/4oCIQMpAFBDw0jUbWrh0emgGlbk.jpg,0,0,0,0,0,0,,False,,Horror,,
706778,,The Wound,The Wound,en,,,2019-01-01,/4HFeq71KzOWiPZIao2Fr52gKJTr.jpg,0,0,0,0,0,0,,False,,Horror,,
706856,,Boy In The Box,Boy In The Box,en,,,2005-01-01,/fHxAYJZx7W9xeGLxRNlYLIIAuuA.jpg,0,0,0,0,0,0,,False,,Horror,,
707085,,Valerie,Valerie,en,,,2002-01-01,/rl93irsrzvVdnfnV0isENkgeUfK.jpg,0,0,0,0,0,0,,False,,Horror,,
707142,,Slip,Slip,en,,,2008-01-01,/izJqNHXmfiphkr96wAhjLr5wIdz.jpg,0,0,0,0,0,0,,False,,Horror,,
708025,,The Naked World of Harrison Marks,The Naked World of Harrison Marks,en,,,1966-01-01,/5VLI9GihZgBKiGLSfe171GgMftl.jpg,0,0,0,0,0,0,,False,,Horror,,
708706,,Feed Your Head! Lose Your Head!,Feed Your Head! Lose Your Head!,en,,,2020-01-01,/3OQ7PgAkum1AxqZfLjjhbvSVDas.jpg,0,0,0,0,0,0,,False,,Horror,,
708788,,Midnight Sun,Midnight Sun,en,,,1998-01-01,/bNaJQhml2P5yszujR4KuTJg65qA.jpg,0,0,0,0,0,0,,False,,Horror,,
708805,,Franky and His Pals,Franky and His Pals,en,,,1991-01-01,/oOqfDzNJq1oBxP7t9I9yJDONI2z.jpg,0,0,0,0,0,0,,False,,Horror,,
709034,,Mondo Veneziano: High Noon in the Sinking City,Mondo Veneziano: High Noon in the Sinking City,en,,,2005-01-01,/jjiS6bDWbUEfv5WzQD7yd5Af87f.jpg,0,0,0,0,0,0,,False,,Horror,,
709567,,Red Days,Red Days,en,,,2019-01-01,/wxsVvW5n5bneiU3DksJmohOjrQQ.jpg,0,0,0,0,0,0,,False,,Horror,,
709608,,Gorilla Warfare: Battle of the Apes,Gorilla Warfare: Battle of the Apes,en,,,2001-01-01,/8m6gl5t6YKdncKi3lFBc7Nd3HO0.jpg,0,0,0,0,0,0,,False,,Horror,,
709842,,Don't Be Afraid,Don't Be Afraid,en,,,1953-01-01,/kZMxqRQyl0X4C0Y4H4w5XvqWKkZ.jpg,0,0,0,0,0,0,,False,,Horror,,
710457,,Blood Orchestra: Cacophony of Death,Blood Orchestra: Cacophony of Death,en,,,2016-01-01,/qyKsTwWGNTzvPcck3cizhA78Vcm.jpg,0,0,0,0,0,0,,False,,Horror,,
710493,,Two Little Boys,Two Little Boys,en,,,2020-01-01,/fO6DrxmDjIXCk5EXowUKFF5TDkB.jpg,0,0,0,0,0,0,,False,,Horror,,
711370,,Moondial,Moondial,en,,,1988-01-01,/9cFG8Op5o5W2k7wY3pL5v7cygzz.jpg,0,0,0,0,0,0,,False,,Horror,,
712907,,The Red Marsh,The Red Marsh,en,,,2020-01-01,/q73dg0gJRQLohetoiRgdJTge0Wd.jpg,0,0,0,0,0,0,,False,,Horror,,
712972,,Ruby Red,Ruby Red,en,,,2019-01-01,/7rSkahBSFpNRj8C1VqujEzqQ31j.jpg,0,0,0,0,0,0,,False,,Horror,,
713422,,Paranormal Investigation Agency,Paranormal Investigation Agency,en,,,2017-01-01,/o1quRJauXoFSTP7NWuBAiBPAUNi.jpg,0,0,0,0,0,0,,False,,Horror,,
714479,,Fragile.com,Fragile.com,en,,,2019-01-01,/kMywASu5fWhY2vH1E0mw9Sr1Etr.jpg,0,0,0,0,0,0,,False,,Horror,,
715159,,Bad Dreams,Bad Dreams,en,,,2018-01-01,/dbUv04m2CvkEcccGENZroObT7Aw.jpg,0,0,0,0,0,0,,False,,Horror,,
715203,,Silent Hill: Requiem,Silent Hill: Requiem,en,,,2017-01-01,/ydDDprN3AuZvd0Cff5S9nO2u3Ts.jpg,0,0,0,0,0,0,,False,,Horror,,
715900,,Bull Mountain Lookout,Bull Mountain Lookout,en,,,2018-01-01,/yrgS4tjpYRIxgaNC4fyOkUe7Mou.jpg,0,0,0,0,0,0,,False,,Horror,,
715903,,The Leshiy,The Leshiy,en,,,2019-01-01,/zzE4FniD2B4IuXTEZH5IivPiR1W.jpg,0,0,0,0,0,0,,False,,Horror,,
715951,,Not a Baby,Not a Baby,en,,,2019-01-01,/7cY76jVZmi9lhivqVLQVKu4pRh8.jpg,0,0,0,0,0,0,,False,,Horror,,
716119,,Blood Jungle ...or Eviva il Coltello!,Blood Jungle ...or Eviva il Coltello!,en,,,2011-01-01,/aKLBabbxuwvad0wohOubVcxT0sp.jpg,0,0,0,0,0,0,,False,,Horror,,
717011,,Man in the Corner,Man in the Corner,en,,,2019-01-01,/oOreYpkScyJ6FLVdKMC17hFHuSA.jpg,0,0,0,0,0,0,,False,,Horror,,
717859,,Bara,Bara,en,,,2018-01-01,/x9zfF1mqhKDzcdzVAjmTkrrQCVo.jpg,0,0,0,0,0,0,,False,,Horror,,
718159,,Devil's Night: Dawn of the Nain Rouge,Devil's Night: Dawn of the Nain Rouge,en,,,2020-01-01,/2RhkKUmif4rhbor2zmf3MEsIdTD.jpg,0,0,0,0,0,0,,False,,Horror,,
718292,,The Bankrupt,The Bankrupt,en,,,1972-01-01,/7bXQsxqxMktnuOWV2AMzcOuBx8j.jpg,0,0,0,0,0,0,,False,,Horror,,
718400,,The Vanished,The Vanished,en,,,2020-01-01,/bYePSWEmMw9PQ9hNwMzgW1rQUtI.jpg,0,0,0,0,0,0,,False,,Horror,,
718460,,Roach,Roach,en,,,2019-01-01,/AllDJGFJu7tULt657t6nQkzELrw.jpg,0,0,0,0,0,0,,False,,Horror,,
719535,,Tea Parties are for Babies!,Tea Parties are for Babies!,en,,,2019-01-01,/1Zv33QxiXE5co9W1ylyyseXV4M.jpg,0,0,0,0,0,0,,False,,Horror,,
719770,,No Witnesses,No Witnesses,en,,,2021-01-01,/tXAfzdfjOjOwB0QmLeVuW4KQ6q5.jpg,0,0,0,0,0,0,,False,,Horror,,
719864,,Bark,Bark,en,,,2020-01-01,/rHKoH5EC5QkdcNaShygNZ3UkO0s.jpg,0,0,0,0,0,0,,False,,Horror,,
720104,,The Haunting of the Morgan Estate,The Haunting of the Morgan Estate,en,,,2020-01-01,/mdjcQbWRxRIwfAkWuaFaKb6q1MP.jpg,0,0,0,0,0,0,,False,,Horror,,
720132,,Hobbes & Phil V.S. Zombies,Hobbes & Phil V.S. Zombies,en,,,2015-01-01,/3xGis9O6fZ1eqDI2nDM8ozzMzPS.jpg,0,0,0,0,0,0,,False,,Horror,,
721118,,Mantis in Black Lace,Mantis in Black Lace,en,,,2011-01-01,/5KpiDUozA0Wz8HssWnyQMnYlAJK.jpg,0,0,0,0,0,0,,False,,Horror,,
721257,,Channel 309 (1-3),Channel 309 (1-3),en,,,2019-01-01,/d57NDe1IA8pDm5WPGmyYjv9rr5N.jpg,0,0,0,0,0,0,,False,,Horror,,
721540,,Beautiful Meat,Beautiful Meat,en,,,2014-01-01,/7H11z0TQkUEHcbUzOXIs2vgf1h8.jpg,0,0,0,0,0,0,,False,,Horror,,
722354,,The Arrangement,The Arrangement,en,,,2020-01-01,/eJCClXPy8O8L0BDZRZLYTChhd4p.jpg,0,0,0,0,0,0,,False,,Horror,,
722522,,Fleshflower,Fleshflower,en,,,2018-01-01,/zFR6VivaABXSazubKBDhZ55shjP.jpg,0,0,0,0,0,0,,False,,Horror,,
722710,,MUSHI 虫,MUSHI 虫,en,,,2020-01-01,/e51uZ07KHUg6VQZ7BZb6L0Ckecb.jpg,0,0,0,0,0,0,,False,,Horror,,
722724,,I Have Mike Pence's Dick in a Pickle Jar. Want to See It?,I Have Mike Pence's Dick in a Pickle Jar. Want to See It?,en,,,2019-01-01,/oiBY9pADPiuuwAMaw1RoBurPCA1.jpg,0,0,0,0,0,0,,False,,Horror,,
723135,,Metal Maniac,Metal Maniac,en,,,2012-01-01,/pkEa20PsoyuyxWmljg7vKVeAcGF.jpg,0,0,0,0,0,0,,False,,Horror,,
723419,,Mr. Harrigan's Phone,Mr. Harrigan's Phone,en,,,2022-01-01,/gPn9e8eP7TeKQU4IeWAMzOajR40.jpg,0,0,0,0,0,0,,False,,Horror,,
724789,,Temple Time,Temple Time,en,,,2016-01-01,/lgo9TfGJajmaY0OMaC0DHkcJUy8.jpg,0,0,0,0,0,0,,False,,Horror,,
724985,,Soulless,Soulless,en,,,2020-01-01,/j2wdDgGp0x1s6EnG8AakOHacI80.jpg,0,0,0,0,0,0,,False,,Horror,,
725303,,Dead Heading,Dead Heading,en,,,2019-01-01,/hgJ3EUV5YfMQRgVDQAWMbGHSOax.jpg,0,0,0,0,0,0,,False,,Horror,,
725646,,Frankenstein: Savior of the Zombie Apocalypse,Frankenstein: Savior of the Zombie Apocalypse,en,,,2018-01-01,/bnFhoBxLdpdm8zTSPBIM93ICSJy.jpg,0,0,0,0,0,0,,False,,Horror,,
725835,,Getting Off Early,Getting Off Early,en,,,2019-01-01,/jRYMlbwEanVv0veDhoAahyDAhvK.jpg,0,0,0,0,0,0,,False,,Horror,,
725842,,Старуха 2,Старуха 2,en,,,2019-01-01,/aFUssdPtU1BNWammo8bf1RSUBr9.jpg,0,0,0,0,0,0,,False,,Horror,,
725922,,Deadly Love,Deadly Love,en,,,1995-01-01,/1mxKQH94a1KmVTw7FIq7CBPikzQ.jpg,0,0,0,0,0,0,,False,,Horror,,
726031,,The Gable Film,The Gable Film,en,,,2007-01-01,/kuqdBXVFdFm9fTK3NFMQqXpdmmn.jpg,0,0,0,0,0,0,,False,,Horror,,
726062,,The Musical Chairs,The Musical Chairs,en,,,2002-01-01,/AeQ0Fmvmtu5hKl0YAsQaQjwpsLP.jpg,0,0,0,0,0,0,,False,,Horror,,
726784,,Let's Give Kitty a Bath!,Let's Give Kitty a Bath!,en,,,1985-01-01,/aIIJvyZMlknM3ypLaBvUNSzRO9y.jpg,0,0,0,0,0,0,,False,,Horror,,
726999,,Fried Barry,Fried Barry,en,,,2017-01-01,/bzlwiKvmXpcecAzyErzwFLU1fQ9.jpg,0,0,0,0,0,0,,False,,Horror,,
727016,,The Roommate,The Roommate,en,,,1992-01-01,/bwrg6jeJucKBL7nTl3mHcDxY4Qn.jpg,0,0,0,0,0,0,,False,,Horror,,
727128,,The Lady in the Walls,The Lady in the Walls,en,,,2014-01-01,/lYHzwGCZRexRU9LmVmeI4tDyotq.jpg,0,0,0,0,0,0,,False,,Horror,,
728069,,Shark Season,Shark Season,en,,,2020-01-01,/xpnvX5ry8RDnMEPu6sznWZnepLm.jpg,0,0,0,0,0,0,,False,,Horror,,
728122,,Mosquito State,Mosquito State,en,,,2021-01-01,/prp2AnuTwGaadTcw7jCJyvU28FM.jpg,0,0,0,0,0,0,,False,,Horror,,
728289,,Senza tenere premuto,Senza tenere premuto,en,,,2019-01-01,/v8fkzVnZrdB1hoPNDhagfu8sm11.jpg,0,0,0,0,0,0,,False,,Horror,,
728415,,16 - Sadlands,16 - Sadlands,en,,,2020-01-01,/6aMWjseEFT6UGNOiB4r6Jlpc9HC.jpg,0,0,0,0,0,0,,False,,Horror,,
728690,,The Intercessor,The Intercessor,en,,,1983-01-01,/9nqsdexdoG4EjYzcnXHqUZuONS1.jpg,0,0,0,0,0,0,,False,,Horror,,
728694,,Feet Foremost,Feet Foremost,en,,,1983-01-01,/A13OVZZmVJIIcWvrf0PHHjUu2Hs.jpg,0,0,0,0,0,0,,False,,Horror,,
728732,,Isolesque,Isolesque,en,,,2020-01-01,/f3mMUaVMJgDWNDeQc3VthrBdsrE.jpg,0,0,0,0,0,0,,False,,Horror,,
728941,,Blind Spot,Blind Spot,en,,,2009-01-01,/l2QKYE3jz3aSkBeQL6B72H9BYm1.jpg,0,0,0,0,0,0,,False,,Horror,,
729674,,Whistler's Mother,Whistler's Mother,en,,,2019-01-01,/pTmPtkM3IS34zNbyrgf1yWxDE8T.jpg,0,0,0,0,0,0,,False,,Horror,,
729877,,7 Deadly Sins: Inside The Ecomm Cult,7 Deadly Sins: Inside The Ecomm Cult,en,,,2009-01-01,/4YxGowZIbP0anRuZuveJSKSvqcr.jpg,0,0,0,0,0,0,,False,,Horror,,
730255,,The History of Nipples,The History of Nipples,en,,,2019-01-01,/vigd4wYvJ5YZuYDCU9S1nfS79bN.jpg,0,0,0,0,0,0,,False,,Horror,,
730407,,Bohemian Moon,Bohemian Moon,en,,,1999-01-01,/tD3lKQ9lk17uON5WS2hDYuo2ijl.jpg,0,0,0,0,0,0,,False,,Horror,,
730873,,Killer Toilet from Outer Space,Killer Toilet from Outer Space,en,,,2003-01-01,/cYsgcgTLMSlfnMMxT04X4BOIodH.jpg,0,0,0,0,0,0,,False,,Horror,,
731041,,Demonica's Reign,Demonica's Reign,en,,,2011-01-01,/1KEzqwGPg4B3BbL6IsI7u8vCmGp.jpg,0,0,0,0,0,0,,False,,Horror,,
731583,,Our Boy,Our Boy,en,,,2020-01-01,/reglRmkq0tjGhN0uX3fSZR6bUsM.jpg,0,0,0,0,0,0,,False,,Horror,,
732231,,Castle Ghosts of England,Castle Ghosts of England,en,,,1995-01-01,/xf0386kp9f547nr6HQFH8iTFPps.jpg,0,0,0,0,0,0,,False,,Horror,,
732232,,Castle Ghosts of Ireland,Castle Ghosts of Ireland,en,,,1996-01-01,/xf0386kp9f547nr6HQFH8iTFPps.jpg,0,0,0,0,0,0,,False,,Horror,,
732233,,Castle Ghosts of Scotland,Castle Ghosts of Scotland,en,,,1996-01-01,/tGEhK4SJXIkkEBFutH4aPRSmgWK.jpg,0,0,0,0,0,0,,False,,Horror,,
732234,,Castle Ghosts of Wales,Castle Ghosts of Wales,en,,,1997-01-01,/xf0386kp9f547nr6HQFH8iTFPps.jpg,0,0,0,0,0,0,,False,,Horror,,
732471,,The Last Queen on Earth,The Last Queen on Earth,en,,,2020-01-01,/mHQXQQNux0KseJ92dCF2L2Na6Mk.jpg,0,0,0,0,0,0,,False,,Horror,,
732550,,In Search of the Real Frankenstein,In Search of the Real Frankenstein,en,,,2006-01-01,/jFzw0NSQ90GItCHa7gLel0AM3cR.jpg,0,0,0,0,0,0,,False,,Horror,,
732558,,Green Lake,Green Lake,en,,,2016-01-01,/lu1oXQlLYtiG5u9T1xk2TSwEq7Q.jpg,0,0,0,0,0,0,,False,,Horror,,
732856,,#Gayboy2020,#Gayboy2020,en,,,2020-01-01,/sWjVI1G5jAhD80AZuWbLylNR1vv.jpg,0,0,0,0,0,0,,False,,Horror,,
732945,,Pesadelo,Pesadelo,en,,,2018-01-01,/3u0Gv8qXtZ5faIMBqjwvOZjWOiv.jpg,0,0,0,0,0,0,,False,,Horror,,
733006,,Attack of the Unknown,Attack of the Unknown,en,,,2020-01-01,/c5wDSjzstchAAN3cnVEhAlo10eC.jpg,0,0,0,0,0,0,,False,,Horror,,
733049,,The Pizzagate Massacre,The Pizzagate Massacre,en,,,2020-01-01,/4MRYyz3CAzXsuUNDgt6L04GxP8H.jpg,0,0,0,0,0,0,,False,,Horror,,
733387,,The Invitation,The Invitation,en,,,2016-01-01,/k69jkb12DT9eKoeN0FC9Gdr3Aj1.jpg,0,0,0,0,0,0,,False,,Horror,,
733605,,Self-Storage,Self-Storage,en,,,2020-01-01,/A1SGCEZ1crIndJDbydaoEvPiQOa.jpg,0,0,0,0,0,0,,False,,Horror,,
733699,,The Power,The Power,en,,,2015-01-01,/ljPKZC27XTZ97PAHfXK9hFMVzUm.jpg,0,0,0,0,0,0,,False,,Horror,,
733878,,I Spit on Eli Roth,I Spit on Eli Roth,en,,,2010-01-01,/yKduXe6s6Sklhod9R3fq3waxxaE.jpg,0,0,0,0,0,0,,False,,Horror,,
734072,,Slashening: The Final Beginning,Slashening: The Final Beginning,en,,,2021-01-01,/mKDCzW9xJMjw0lLEPpQ32YW28BX.jpg,0,0,0,0,0,0,,False,,Horror,,
734451,,Initiation,Initiation,en,,,2018-01-01,/9tfQ01KoWDaZdZYTXuqidiGviV4.jpg,0,0,0,0,0,0,,False,,Horror,,
734557,,A tale of an onion witch,A tale of an onion witch,en,,,2019-01-01,/6nghNkB1OGuKrLz4mOstaWGfzbF.jpg,0,0,0,0,0,0,,False,,Horror,,
735423,,TAKAYAMANIA EMPIRE II,TAKAYAMANIA EMPIRE II,en,,,2019-01-01,/zotNRElktAW9iL4ShFLKAwqqGXg.jpg,0,0,0,0,0,0,,False,,Horror,,
735458,,Don't Text Back,Don't Text Back,en,,,2020-01-01,/zuy3OuIdHqpAgRpiKCT5UWqAee6.jpg,0,0,0,0,0,0,,False,,Horror,,
735967,,Bad Spirits,Bad Spirits,en,,,2007-01-01,/cNJwLQCigkIRVfasxWbnDmSnktg.jpg,0,0,0,0,0,0,,False,,Horror,,
736485,,Monster Hunters,Monster Hunters,en,,,2020-01-01,/3UrOHqUlzdeXz4SLaQIETaRd2W.jpg,0,0,0,0,0,0,,False,,Horror,,
736752,,Customer 152,Customer 152,en,,,2004-01-01,/goXenXrYNHzs3xL78WPuWlS2JkP.jpg,0,0,0,0,0,0,,False,,Horror,,
737039,,Parable,Parable,en,,,2020-01-01,/jvvizTHAcn460bhjHRv1Xn4FUd3.jpg,0,0,0,0,0,0,,False,,Horror,,
737259,,A Bit of Fun,A Bit of Fun,en,,,2020-01-01,/zeM8skcjZKRcDlrUQ9NgXUJCciz.jpg,0,0,0,0,0,0,,False,,Horror,,
737322,,Killer Workout,Killer Workout,en,,,2020-01-01,/uGOwDtrOGaNOoXpBWXIL9LKm9Ss.jpg,0,0,0,0,0,0,,False,,Horror,,
737759,,Camp Murder,Camp Murder,en,,,2020-01-01,/5cPXVvgucgjj6CifYOair35YDOY.jpg,0,0,0,0,0,0,,False,,Horror,,
738090,,Day 14,Day 14,en,,,2020-01-01,/nDYrWKw6SnuUIWCZpkF35onrBmG.jpg,0,0,0,0,0,0,,False,,Horror,,
738183,,The Caretaker,The Caretaker,en,,,2020-01-01,/w5t005qGVbhXRh3bUQoSrFUzeUa.jpg,0,0,0,0,0,0,,False,,Horror,,
738391,,Keith,Keith,en,,,2020-01-01,/iC5ExVxWUp7CHZxSA2cM9nO6V2Z.jpg,0,0,0,0,0,0,,False,,Horror,,
738440,,Back Road,Back Road,en,,,2020-01-01,/pBW8UqpxjMsUrteV9ymWuiBx0FO.jpg,0,0,0,0,0,0,,False,,Horror,,
738441,,Crush,Crush,en,,,2019-01-01,/9Xnam5vewBNf0zKkEU5HhZ9LNoE.jpg,0,0,0,0,0,0,,False,,Horror,,
738509,,Uncle Otto's Truck,Uncle Otto's Truck,en,,,2019-01-01,/4uSZQBptHFWce4d9GmNYMhDWc7p.jpg,0,0,0,0,0,0,,False,,Horror,,
738661,,Angie Baby,Angie Baby,en,,,2020-01-01,/u32neMF7oiAaMxMY6t6UmKaD2mT.jpg,0,0,0,0,0,0,,False,,Horror,,
738890,,My Imaginary Friend,My Imaginary Friend,en,,,2020-01-01,/6ngVT7pxiHujsS10dqFL59CuBHy.jpg,0,0,0,0,0,0,,False,,Horror,,
738898,,She Doesn't Really Like Rabbits,She Doesn't Really Like Rabbits,en,,,2020-01-01,/58wsoeIFcOZhx6Nz4oWoreV2yZ.jpg,0,0,0,0,0,0,,False,,Horror,,
738914,,Psychovision,Psychovision,en,,,2003-01-01,/mM6tKWime8XDVvEDdNFYZmRa2k7.jpg,0,0,0,0,0,0,,False,,Horror,,
739068,,Nightcap,Nightcap,en,,,2019-01-01,/78hhqpw9fJXDx5I9nXfFGty237L.jpg,0,0,0,0,0,0,,False,,Horror,,
739372,,Soul Contact,Soul Contact,en,,,2020-01-01,/sUWUB1AxT3umzxwP7sxVUByOTyS.jpg,0,0,0,0,0,0,,False,,Horror,,
739447,,Spiritual Practice,Spiritual Practice,en,,,2020-01-01,/gGi54DUUeGpTTwFUuSXOxDRsf59.jpg,0,0,0,0,0,0,,False,,Horror,,
739788,,Insecticide,Insecticide,en,,,2020-01-01,/eEXuXehT1qpguEyfw4qd2DsjQz1.jpg,0,0,0,0,0,0,,False,,Horror,,
739914,,Vicious Are the Ways of a Witch,Vicious Are the Ways of a Witch,en,,,2019-01-01,/ljIr4derHsAYbMwa1NbQSaJxH1Q.jpg,0,0,0,0,0,0,,False,,Horror,,
739995,,Dama Branca,Dama Branca,en,,,2020-01-01,/uQlUVWxiJqKCZmswJ9PHYUlvm1W.jpg,0,0,0,0,0,0,,False,,Horror,,
740533,,TormenT,TormenT,en,,,2014-01-01,/3y2OHn6lRN10C2roI9ehAZM5Rer.jpg,0,0,0,0,0,0,,False,,Horror,,
740594,,Black Pill,Black Pill,en,,,2019-01-01,/8geYsJMJmiVaPMidsASnYwYnNdN.jpg,0,0,0,0,0,0,,False,,Horror,,
740598,,My Boyfriend the Boogeyman,My Boyfriend the Boogeyman,en,,,2019-01-01,/3Nk6QbD94UhHwS1u0yGixktacpl.jpg,0,0,0,0,0,0,,False,,Horror,,
741112,,Marineland Carnival: The Munsters Visit Marineland,Marineland Carnival: The Munsters Visit Marineland,en,,,1965-01-01,/dqwHdTsdjLuuzbws5l58mYVx8qi.jpg,0,0,0,0,0,0,,False,,Horror,,
741206,,From the Darkness Theatre,From the Darkness Theatre,en,,,2013-01-01,/bpi9B0B7fa4H8PuYl1wzTXPM2U8.jpg,0,0,0,0,0,0,,False,,Horror,,
741630,,Fish Whiskers,Fish Whiskers,en,,,2020-01-01,/jq2QREZMaLZmLjhQO4FOSBvDU9e.jpg,0,0,0,0,0,0,,False,,Horror,,
741887,,O' Bloody Night,O' Bloody Night,en,,,2018-01-01,/tbKZ8OKtsGX4E2o7yOdaOv8XrrL.jpg,0,0,0,0,0,0,,False,,Horror,,
742048,,There's Something in the Woods,There's Something in the Woods,en,,,2019-01-01,/xKgT15pqdxe9xcBt8ggr5N9TUo4.jpg,0,0,0,0,0,0,,False,,Horror,,
742107,,Inheritance,Inheritance,en,,,2021-01-01,/6WOTxgaVQcLbpw4a8SI8Xq42fp.jpg,0,0,0,0,0,0,,False,,Horror,,
742191,,Autophobia,Autophobia,en,,,2020-01-01,/6UkfOYXXVrLyozfSMPRjQ9TEF8z.jpg,0,0,0,0,0,0,,False,,Horror,,
742433,,Seeds,Seeds,en,,,2020-01-01,/x3dfw5JtAQoFVmQU3SRtKmjbg3d.jpg,0,0,0,0,0,0,,False,,Horror,,
742926,,Planet Blood,Planet Blood,en,,,2008-01-01,/fr7ncicvBeDjJ3hPfEftOR5rGxV.jpg,0,0,0,0,0,0,,False,,Horror,,
742948,,Pieces of Me,Pieces of Me,en,,,2020-01-01,/ruEzVW4ftPw7R0VNm9BRd5cOcGs.jpg,0,0,0,0,0,0,,False,,Horror,,
744210,,Safekeeping,Safekeeping,en,,,2020-01-01,/2U7MgXDauXgMQpTfQcghlozAZFp.jpg,0,0,0,0,0,0,,False,,Horror,,
744388,,Verdict,Verdict,en,,,2018-01-01,/b6fsNVSNzdAcLbnuVFdX4GVuV9A.jpg,0,0,0,0,0,0,,False,,Horror,,
744606,,Revelation 666,Revelation 666,en,,,2006-01-01,/o9gVlnpLz55BZw9gjzKZFdj623k.jpg,0,0,0,0,0,0,,False,,Horror,,
744859,,Dawn of the Night of the Dead: The Musical,Dawn of the Night of the Dead: The Musical,en,,,1980-01-01,/3lNPf9dRaepJPuETxvPQWfy6b56.jpg,0,0,0,0,0,0,,False,,Horror,,
745467,,Shark Encounters of the Third Kind,Shark Encounters of the Third Kind,en,,,2020-01-01,/vGiv9logZTNewJpqyxp7lpgvgTi.jpg,0,0,0,0,0,0,,False,,Horror,,
745795,,Hangman,Hangman,en,,,2019-01-01,/6jO4XfELRznFC6AU9LTX5VxWg0W.jpg,0,0,0,0,0,0,,False,,Horror,,
746164,,Here Comes Santa,Here Comes Santa,en,,,2011-01-01,/z3bJePGIitHxcCyX32Q9mrul3ho.jpg,0,0,0,0,0,0,,False,,Horror,,
746943,,Cause of My Death,Cause of My Death,en,,,2016-01-01,/qu1GUqp34s3yZujiABaXadOFDzH.jpg,0,0,0,0,0,0,,False,,Horror,,
747156,,Prey,Prey,en,,,2016-01-01,/4NQ8wAcqoChowIzoaI9P8nbGCnd.jpg,0,0,0,0,0,0,,False,,Horror,,
747171,,Ghostsitter,Ghostsitter,en,,,2020-01-01,/swnHMUdT6ttLeLgGysWNXTVuE.jpg,0,0,0,0,0,0,,False,,Horror,,
747359,,A Nightmare Wakes,A Nightmare Wakes,en,,,2020-01-01,/iy3iVqFnEutXLa1sMdoSNn7UI1S.jpg,0,0,0,0,0,0,,False,,Horror,,
747463,,Bush Bash,Bush Bash,en,,,2020-01-01,/l20MI7OGr1cicfqeUuGbrfr7zAN.jpg,0,0,0,0,0,0,,False,,Horror,,
747512,,Resident Evil: Childhood,Resident Evil: Childhood,en,,,2020-01-01,/oHp7QHQ7uRi05DKvspUzQ94vDMy.jpg,0,0,0,0,0,0,,False,,Horror,,
747578,,Truly Dreadful Tales,Truly Dreadful Tales,en,,,2012-01-01,/uI3sGR2yLSmfdz9z3NC67fjO0RG.jpg,0,0,0,0,0,0,,False,,Horror,,
747593,,Firstborn,Firstborn,en,,,2019-01-01,/lChUfC7xdVDMWEvWOsQYAPc168.jpg,0,0,0,0,0,0,,False,,Horror,,
747719,,Waiting For Hope,Waiting For Hope,en,,,2018-01-01,/l5wXtwCuRydRROMhSrmaEA4R8g8.jpg,0,0,0,0,0,0,,False,,Horror,,
747721,,Dracula's Coffin,Dracula's Coffin,en,,,2018-01-01,/gJ2CUbqVgV2PawaV09OuWJ1evkY.jpg,0,0,0,0,0,0,,False,,Horror,,
747941,,Tears of the Clown,Tears of the Clown,en,,,2020-01-01,/t61Rli1MJ8nhq0ncBNmpMy2bkpC.jpg,0,0,0,0,0,0,,False,,Horror,,
748150,,Conjure X,Conjure X,en,,,2020-01-01,/khNkYX1oaQ74KgWb26yNqrVBpDr.jpg,0,0,0,0,0,0,,False,,Horror,,
748155,,The Muse,The Muse,en,,,2014-01-01,/6QlpLTQLJTMwFsVGvZDr4QtR38o.jpg,0,0,0,0,0,0,,False,,Horror,,
748543,,Displaced,Displaced,en,,,2020-01-01,/7qmvaa7yveI0csxfUKedLafSomf.jpg,0,0,0,0,0,0,,False,,Horror,,
748561,,Toxic Haircut,Toxic Haircut,en,,,2018-01-01,/e8aPM6jkg3HbAHeRWnj5Qok98KT.jpg,0,0,0,0,0,0,,False,,Horror,,
748712,,The Ghoul Log: Trick 'r Treat Sam O'Lantern,The Ghoul Log: Trick 'r Treat Sam O'Lantern,en,,,2020-01-01,/dHt75Wr67hqsNoMDd7EWa6A0suZ.jpg,0,0,0,0,0,0,,False,,Horror,,
749269,,We’re All Gonna Die!,We’re All Gonna Die!,en,,,2007-01-01,/mMSjoALzKuRYRPDLBKy3bqIYpof.jpg,0,0,0,0,0,0,,False,,Horror,,
749519,,Killer Love,Killer Love,en,,,2019-01-01,/2YRzJv4JUCD2dsSnOFI0Tt86I9A.jpg,0,0,0,0,0,0,,False,,Horror,,
750306,,Zombie Doomsday,Zombie Doomsday,en,,,2011-01-01,/hipRru9ReMDb0ilNdy0koqrMQbA.jpg,0,0,0,0,0,0,,False,,Horror,,
750344,,The Devil Frame,The Devil Frame,en,,,2019-01-01,/y2j1vedormAVSvsbUYrM4AkoW2a.jpg,0,0,0,0,0,0,,False,,Horror,,
750895,,Room 134,Room 134,en,,,2020-01-01,/fZWbdh6LTnJnrfVHjrEQUBvWbP6.jpg,0,0,0,0,0,0,,False,,Horror,,
751004,,Sociopath,Sociopath,en,,,2021-01-01,/l1DFFai7ryJZGF3Rf7LQo710eKC.jpg,0,0,0,0,0,0,,False,,Horror,,
751583,,Beyond McNasty: Filthy McNasty 4,Beyond McNasty: Filthy McNasty 4,en,,,2015-01-01,/lXKIHUf1vOXurhWtcBCsZLCtXSF.jpg,0,0,0,0,0,0,,False,,Horror,,
751855,,Something Doesn't Feel Right,Something Doesn't Feel Right,en,,,2019-01-01,/nlb9kf6GIpccGYgIWoY5nsE2RXd.jpg,0,0,0,0,0,0,,False,,Horror,,
751969,,The Ominous Project Universe Presents: ISOLATION,The Ominous Project Universe Presents: ISOLATION,en,,,2020-01-01,/tR5ntUTsmsKBwdzJRsJFm11tU5Q.jpg,0,0,0,0,0,0,,False,,Horror,,
752142,,Audiobook of the Dead,Audiobook of the Dead,en,,,2019-01-01,/pQkU6C0yucHmd8yravDC8aTBR3Z.jpg,0,0,0,0,0,0,,False,,Horror,,
752350,,Curse of the Mummy,Curse of the Mummy,en,,,1970-01-01,/tjCBT5KlFEzR0H1Un3w1YrgLLwy.jpg,0,0,0,0,0,0,,False,,Horror,,
752378,,Sclera Absentia,Sclera Absentia,en,,,2022-01-01,/1JzpmRxb2ly5KcP9pWSHH920FtE.jpg,0,0,0,0,0,0,,False,,Horror,,
752448,,The Shape,The Shape,en,,,1992-01-01,/euePeBpmS4xhjfSJioKu1eB4eYE.jpg,0,0,0,0,0,0,,False,,Horror,,
752450,,Natasha Nighty’s Boudoir of Blood,Natasha Nighty’s Boudoir of Blood,en,,,2020-01-01,/yztVkcIqVeXlli1siDoUNVDOvaD.jpg,0,0,0,0,0,0,,False,,Horror,,
752715,,The Inconsiderables: Last Exit Out of Hollywood,The Inconsiderables: Last Exit Out of Hollywood,en,,,2020-01-01,/puHcOomIvPUf3JiguQJGw6832xa.jpg,0,0,0,0,0,0,,False,,Horror,,
753170,,Get Some,Get Some,en,,,2014-01-01,/qfpi3FK3tOoPgYocD1mkQtumqNh.jpg,0,0,0,0,0,0,,False,,Horror,,
753411,,The Cremation Station,The Cremation Station,en,,,2019-01-01,/6mclZEeBKtHtNYBqemooAK3pZs1.jpg,0,0,0,0,0,0,,False,,Horror,,
753931,,Blade of Death,Blade of Death,en,,,2004-01-01,/wAsL2VQysjHu5czlZ4QhJpuKmdG.jpg,0,0,0,0,0,0,,False,,Horror,,
754006,,The Turn of the Screw,The Turn of the Screw,en,,,2020-01-01,/OKXQe7H5psbibA0xgeczw6wgaF.jpg,0,0,0,0,0,0,,False,,Horror,,
754017,,Paranormalice,Paranormalice,en,,,2016-01-01,/dsfkIAoqtR1K764cLdlFc6rqdIg.jpg,0,0,0,0,0,0,,False,,Horror,,
754453,,Through the Looking Glass,Through the Looking Glass,en,,,2006-01-01,/8ep1zOgfaZdVqm8D87SxPP8riOw.jpg,0,0,0,0,0,0,,False,,Horror,,
754607,,Poltergays,Poltergays,en,,,2020-01-01,/27OWAvCL0cGN0ebQGmmkXF2nBvy.jpg,0,0,0,0,0,0,,False,,Horror,,
754801,,Stalk It Out,Stalk It Out,en,,,2020-01-01,/tLtgZE6TDu31VLq7m4nGMFgAZvY.jpg,0,0,0,0,0,0,,False,,Horror,,
755211,,The Internet Kills,The Internet Kills,en,,,2020-01-01,/5dolPHITibCBHcaeC9PWXeJHGQN.jpg,0,0,0,0,0,0,,False,,Horror,,
755249,,Who Is Killing the Cheerleaders?,Who Is Killing the Cheerleaders?,en,,,2020-01-01,/jJat6I5uwHuXQRJx35PIQJlEUKe.jpg,0,0,0,0,0,0,,False,,Horror,,
756112,,Outliving Dracula: Le Fanu's Carmilla,Outliving Dracula: Le Fanu's Carmilla,en,,,2011-01-01,/idNSeGE0fyybADSyxnQ84Aunyy7.jpg,0,0,0,0,0,0,,False,,Horror,,
756317,,Gumshoe,Gumshoe,en,,,2021-01-01,/zYISqILgsXri6kd8XTpfM4wy5Le.jpg,0,0,0,0,0,0,,False,,Horror,,
756341,,Miniature,Miniature,en,,,2020-01-01,/rRst0b4gespTq6B2uJHryG36YjR.jpg,0,0,0,0,0,0,,False,,Horror,,
756570,,Exterminator,Exterminator,en,,,2020-01-01,/zPsPVjHOpnyb8LVDfN3xM2qFNts.jpg,0,0,0,0,0,0,,False,,Horror,,
756599,,Radioactive Flesh Eating Foliage,Radioactive Flesh Eating Foliage,en,,,2015-01-01,/5g0PejmJp4uZBUknRFoAfQISxdY.jpg,0,0,0,0,0,0,,False,,Horror,,
756627,,Awful Dreams,Awful Dreams,en,,,2019-01-01,/tw7UvInP5WzxxlrCCrC2Oma8tuZ.jpg,0,0,0,0,0,0,,False,,Horror,,
756793,,Endgame,Endgame,en,,,2020-01-01,/8xSSFMas5hx0oyz6NWGTxqMcCBi.jpg,0,0,0,0,0,0,,False,,Horror,,
757004,,Empty Nester,Empty Nester,en,,,2019-01-01,/mQyz0P1LC9WZASWtmIPRUjswEVR.jpg,0,0,0,0,0,0,,False,,Horror,,
757269,,Zurviving,Zurviving,en,,,2021-01-01,/4O8iofJXZkUx3i0eXyQTtuvxQyv.jpg,0,0,0,0,0,0,,False,,Horror,,
757345,,Blackout,Blackout,en,,,2019-01-01,/UFCS34Lrvwjj42yalOAFOxmPwR.jpg,0,0,0,0,0,0,,False,,Horror,,
757360,,How to Build a Haunted House,How to Build a Haunted House,en,,,1985-01-01,/joi2C4Ywe0ythHJVqSJITxp46hl.jpg,0,0,0,0,0,0,,False,,Horror,,
757424,,Council House and Violent,Council House and Violent,en,,,2020-01-01,/mEEOgQ1YqdJAyD7v5cCKqyo9tv.jpg,0,0,0,0,0,0,,False,,Horror,,
757709,,M is for Mermaid,M is for Mermaid,en,,,2013-01-01,/xJvx567uXfSpLsRfb3Yhtuueh5V.jpg,0,0,0,0,0,0,,False,,Horror,,
757720,,Face Mask,Face Mask,en,,,2020-01-01,/3MdL5Z0XRE1cDhhCyGuXfYguLWR.jpg,0,0,0,0,0,0,,False,,Horror,,
757844,,Faith & Fear: The Conjuring Universe,Faith & Fear: The Conjuring Universe,en,,,2020-01-01,/ajNLUZtncJceVcrKjP8XTCVjIIQ.jpg,0,0,0,0,0,0,,False,,Horror,,
758344,,FOR HER,FOR HER,en,,,2020-01-01,/1aEgYt5jq5m6vN3sObkiEfXb6Yt.jpg,0,0,0,0,0,0,,False,,Horror,,
759102,,Fear Wish,Fear Wish,en,,,2020-01-01,/2yf1IOLgZG2FLT4Kb39D3Vc3HxO.jpg,0,0,0,0,0,0,,False,,Horror,,
759248,,The Night of Medusa,The Night of Medusa,en,,,2016-01-01,/eGbnEuIRhmOBig95XFzjZPNmEEq.jpg,0,0,0,0,0,0,,False,,Horror,,
759802,,A Soundass Halloween,A Soundass Halloween,en,,,2020-01-01,/tiZ99tfHuHlFCbRPVeLpm4yrIDQ.jpg,0,0,0,0,0,0,,False,,Horror,,
759970,,Rest Area,Rest Area,en,,,2020-01-01,/zyvSfO1I9wrBVPugPUqRtyBc6Ek.jpg,0,0,0,0,0,0,,False,,Horror,,
760508,,Child of the Sky,Child of the Sky,en,,,2017-01-01,/6T2yLe5MclUTqfP0zoHshM1eLwK.jpg,0,0,0,0,0,0,,False,,Horror,,
760825,,Family History,Family History,en,,,2020-01-01,/pPYy1kSqgaCls6QeGX2YL5dnrLT.jpg,0,0,0,0,0,0,,False,,Horror,,
761260,,Deathboard,Deathboard,en,,,2020-01-01,/8XF6IsLaZlepASy3lcKTwnTuM9o.jpg,0,0,0,0,0,0,,False,,Horror,,
761533,,Evenfall,Evenfall,en,,,2020-01-01,/nIeSB3GCxvnhJU0ol8gkWA9J22s.jpg,0,0,0,0,0,0,,False,,Horror,,
761746,,Vinyl Destination,Vinyl Destination,en,,,2020-01-01,/myyevp69kB0E6wH6Nm4lnx3QHoN.jpg,0,0,0,0,0,0,,False,,Horror,,
761869,,Game,Game,en,,,2020-01-01,/jAACROFwjoDGg47NDElEY9Kpvbp.jpg,0,0,0,0,0,0,,False,,Horror,,
762916,,Vamp Bikers Tres,Vamp Bikers Tres,en,,,2016-01-01,/9KgZFmO1ZTf1AoHWNrAloxGhASk.jpg,0,0,0,0,0,0,,False,,Horror,,
763370,,Lead Me Astray,Lead Me Astray,en,,,2015-01-01,/zQpDM6aB2EvSKLuNXCeVAAsOa92.jpg,0,0,0,0,0,0,,False,,Horror,,
763453,,Turn Off Your Bloody Phone: Norman J. Warren and the Ghost,Turn Off Your Bloody Phone: Norman J. Warren and the Ghost,en,,,2013-01-01,/8IMQ2JiX07yF8Vr44luubnYLkeq.jpg,0,0,0,0,0,0,,False,,Horror,,
763751,,Air-Max,Air-Max,en,,,2020-01-01,/rmneg426o9uzBeF2Sp21Tt88fu8.jpg,0,0,0,0,0,0,,False,,Horror,,
763850,,Brain Death,Brain Death,en,,,2021-01-01,/oKMswQzOudNkbW9vijqGrWCLnAi.jpg,0,0,0,0,0,0,,False,,Horror,,
764294,,Zombies and Bikers,Zombies and Bikers,en,,,2020-01-01,/hnfn5Va7mE91jQs2VUdRFRVdOV3.jpg,0,0,0,0,0,0,,False,,Horror,,
764893,,You Don't Have To Take Orders From The Moon,You Don't Have To Take Orders From The Moon,en,,,2020-01-01,/tfCmaUGwpWsDox8OR34WbELH6C4.jpg,0,0,0,0,0,0,,False,,Horror,,
765190,,The Starey Bampire,The Starey Bampire,en,,,2019-01-01,/m0mr6S1cfkLrBt2apaujMWqdu01.jpg,0,0,0,0,0,0,,False,,Horror,,
765765,,Anthrax,Anthrax,en,,,2017-01-01,/vSQ9WMzYMAb1Hc3MOogCiJOQAvi.jpg,0,0,0,0,0,0,,False,,Horror,,
766069,,Fright Night of the Living Dead,Fright Night of the Living Dead,en,,,1986-01-01,/25i7sbUz3tLM6ohTNTgiQhM4W54.jpg,0,0,0,0,0,0,,False,,Horror,,
766217,,The Coming of the Black Dawn,The Coming of the Black Dawn,en,,,1965-01-01,/kiFGBJXkvRKhkohzFsQpzLhI2qC.jpg,0,0,0,0,0,0,,False,,Horror,,
766220,,Old Man,Old Man,en,,,2022-01-01,/hBkTcM3xhNCDaSn08RxvcFAejUJ.jpg,0,0,0,0,0,0,,False,,Horror,,
766375,,Blood Stains,Blood Stains,en,,,2018-01-01,/fw9hYxcYoWZbqdloVIxMMIqFv96.jpg,0,0,0,0,0,0,,False,,Horror,,
766814,,Keith Parker's Shadow People,Keith Parker's Shadow People,en,,,2008-01-01,/2oOrYgyqVZ6ABZgMQCwy3RbBcC3.jpg,0,0,0,0,0,0,,False,,Horror,,
767152,,Stiff,Stiff,en,,,2007-01-01,/pSZ1anpuI5CHT2yh5JKv9eiHJrL.jpg,0,0,0,0,0,0,,False,,Horror,,
767657,,Old Time Radio,Old Time Radio,en,,,2022-01-01,/b0QKwGsoIFhLcsxRkai8ou9b50v.jpg,0,0,0,0,0,0,,False,,Horror,,
769686,,The fable of silence,The fable of silence,en,,,2017-01-01,/7CXk8LwwDMz5Uku1W2uZHcoCaeh.jpg,0,0,0,0,0,0,,False,,Horror,,
769704,,Imagine,Imagine,en,,,2019-01-01,/zrVFWuQJkAmJtBKsKpXZ9OZOweY.jpg,0,0,0,0,0,0,,False,,Horror,,
770107,,Mary,Mary,en,,,2020-01-01,/dDxTPmhT2uw45owKfl7Z57xVpqn.jpg,0,0,0,0,0,0,,False,,Horror,,
770404,,The Quota,The Quota,en,,,2014-01-01,/6Z0gpFTfjgPSocSpb75kH2HUlzQ.jpg,0,0,0,0,0,0,,False,,Horror,,
770590,,Bird's Eye,Bird's Eye,en,,,2019-01-01,/1vwJvR4CM9WCMmUJzg0A9TpLbiW.jpg,0,0,0,0,0,0,,False,,Horror,,
771820,,The Monstrologist,The Monstrologist,en,,,2015-01-01,/x5SMLSW9iTBtl2AYSsbSuyl88cJ.jpg,0,0,0,0,0,0,,False,,Horror,,
772278,,Orville,Orville,en,,,2009-01-01,/nUY2W3B5TCpExBnVNw8syiPb6rc.jpg,0,0,0,0,0,0,,False,,Horror,,
772650,,Saw Spoofed,Saw Spoofed,en,,,2006-01-01,/lb0cqu9t0KNZE6FcvvFsMYC9ayQ.jpg,0,0,0,0,0,0,,False,,Horror,,
772667,,Withdrawal,Withdrawal,en,,,2020-01-01,/j7oaYKSut4SRQYakjxBYvY1KLFi.jpg,0,0,0,0,0,0,,False,,Horror,,
772973,,The Inhabitant,The Inhabitant,en,,,2022-01-01,/p1hH2FXEUHuY5kzm9bEBxEmdD8D.jpg,0,0,0,0,0,0,,False,,Horror,,
773274,,What Happened to Crow 64?,What Happened to Crow 64?,en,,,2020-01-01,/7YmBKMUc0pkkozN6WyetEEuZOU2.jpg,0,0,0,0,0,0,,False,,Horror,,
774108,,The Dead… Will Rise!,The Dead… Will Rise!,en,,,2009-01-01,/a7nAaRroAe0PwhNPBWLmcGVtSjC.jpg,0,0,0,0,0,0,,False,,Horror,,
774862,,Bat Soup,Bat Soup,en,,,2020-01-01,/1lwd9QwOK2pcM9ulpqzHPWyBKka.jpg,0,0,0,0,0,0,,False,,Horror,,
775567,,Psychopomp,Psychopomp,en,,,2020-01-01,/99kutl3AkrDfGuZSsk4ivB5ajIH.jpg,0,0,0,0,0,0,,False,,Horror,,
776251,,Chill Kill with Johnny Stone,Chill Kill with Johnny Stone,en,,,2019-01-01,/3fxzyY5fg58UfGsFOtWQfUg3wDj.jpg,0,0,0,0,0,0,,False,,Horror,,
776497,,Deathwalkers,Deathwalkers,en,,,1989-01-01,/zoxeKYE1BLLsPKtcleOiu9ciZrm.jpg,0,0,0,0,0,0,,False,,Horror,,
776657,,Honeymoon,Honeymoon,en,,,2020-01-01,/js3P4qi3Qn5mgNfqZi5sbGnOWRK.jpg,0,0,0,0,0,0,,False,,Horror,,
776949,,"Extreme Life & Death: The Blair Witches of Shockumentaries, Part One","Extreme Life & Death: The Blair Witches of Shockumentaries, Part One",en,,,2000-01-01,/ltiqAdjvKRiUrRA4CmgVAqFHl3k.jpg,0,0,0,0,0,0,,False,,Horror,,
777177,,Thursday: A Day in Quarantine,Thursday: A Day in Quarantine,en,,,2020-01-01,/uBGNoVN3H3jc2wvHcCqey9HIcvu.jpg,0,0,0,0,0,0,,False,,Horror,,
777235,,Michael Lives! Out of the Basement's 2019 Halloween Special,Michael Lives! Out of the Basement's 2019 Halloween Special,en,,,2019-01-01,/tmXGjS6l8ipY0cpS9XgfZQGAvQp.jpg,0,0,0,0,0,0,,False,,Horror,,
777486,,Eldorado,Eldorado,en,,,2022-01-01,/xF052oVtVVoaaVoZRXiCn79UOKW.jpg,0,0,0,0,0,0,,False,,Horror,,
777573,,The Las Vegas Strangler,The Las Vegas Strangler,en,,,1968-01-01,/ryb4d5NkttCVrvvlwrHHkg5GUbp.jpg,0,0,0,0,0,0,,False,,Horror,,
777697,,The Tell-Tale Heart,The Tell-Tale Heart,en,,,2009-01-01,/lzHlI9TkSLj0RSWQ3Pd5b3AZbBr.jpg,0,0,0,0,0,0,,False,,Horror,,
777752,,Night Basement,Night Basement,en,,,1999-01-01,/ly0gp7hc2lplhvwiX57VD1BB4Cb.jpg,0,0,0,0,0,0,,False,,Horror,,
778042,,Slayed,Slayed,en,,,2020-01-01,/utVA7S8UrgKnBqckpXDyu3lgbOk.jpg,0,0,0,0,0,0,,False,,Horror,,
778126,,The Monster,The Monster,en,,,2015-01-01,/h3Nsmb3l43RqgtGyLn3rMagdHZn.jpg,0,0,0,0,0,0,,False,,Horror,,
778379,,The Last Maniac,The Last Maniac,en,,,2016-01-01,/7M74OENSou5SRj9IF0nJt1MHqDz.jpg,0,0,0,0,0,0,,False,,Horror,,
778755,,Eve of the Nutcracker,Eve of the Nutcracker,en,,,2016-01-01,/71uU82mIU6vOHKHDaMJJRrN5dDJ.jpg,0,0,0,0,0,0,,False,,Horror,,
779157,,Puppet Master: Doktor Death,Puppet Master: Doktor Death,en,,,2022-01-01,/bXyrjIQEONIaz6FBjfhjY8y8XYf.jpg,0,0,0,0,0,0,,False,,Horror,,
779167,,Coming Back for You,Coming Back for You,en,,,2022-01-01,/91RAZAtk9sctSFGpAu0ScW3HDZY.jpg,0,0,0,0,0,0,,False,,Horror,,
779216,,Coyote #1,Coyote #1,en,,,2002-01-01,/cE3BdUD0ilmWtEQ6m77R5iMKObv.jpg,0,0,0,0,0,0,,False,,Horror,,
779234,,Blackmere Harvest,Blackmere Harvest,en,,,2017-01-01,/ticbKEk0bm6HlojRnyk30GrDOPi.jpg,0,0,0,0,0,0,,False,,Horror,,
779247,,Hell,Hell,en,,,2018-01-01,/w1Ud1ctV9JkrpNS3WxbaF3CvzFR.jpg,0,0,0,0,0,0,,False,,Horror,,
779433,,What Have You Done?: The Remaking of 'Black Christmas',What Have You Done?: The Remaking of 'Black Christmas',en,,,2006-01-01,/eGX0cYHlTD4BIP11kaRm3Gf7rNM.jpg,0,0,0,0,0,0,,False,,Horror,,
779569,,#StopTheNightmare,#StopTheNightmare,en,,,2020-01-01,/jUWfh7sRxHNiCrccgHdmIHhIFF5.jpg,0,0,0,0,0,0,,False,,Horror,,
780160,,Camp Death,Camp Death,en,,,2006-01-01,/gPolKyaobOAYk0jTrZJMnyXUZ3.jpg,0,0,0,0,0,0,,False,,Horror,,
780182,,Terror House,Terror House,en,,,2016-01-01,/iaQ5KydcKDobzrLl6no7s59MV4V.jpg,0,0,0,0,0,0,,False,,Horror,,
780267,,Blood Covered Chocolate,Blood Covered Chocolate,en,,,2022-01-01,/yQdbzZoNmYNGGH1ulwwrcYG1TcH.jpg,0,0,0,0,0,0,,False,,Horror,,
780283,,Terror Toons 4,Terror Toons 4,en,,,2022-01-01,/zQktN7RIMb1afWOE2b4hqo0ZlWQ.jpg,0,0,0,0,0,0,,False,,Horror,,
780666,,What's in the Box,What's in the Box,en,,,2020-01-01,/49gN0WdQYZFausuV7lhBaYOACDM.jpg,0,0,0,0,0,0,,False,,Horror,,
780821,,bnb,bnb,en,,,2018-01-01,/p88BNv6IE6UVnV1oYFi7YE8Gxe5.jpg,0,0,0,0,0,0,,False,,Horror,,
780863,,Dark World of After Life,Dark World of After Life,en,,,2020-01-01,/vOBmx4EXxqU5qq3eVQ46jahbCvF.jpg,0,0,0,0,0,0,,False,,Horror,,
781025,,Diamond Ring,Diamond Ring,en,,,1998-01-01,/agTwEiViWdkPCVVpJAaytHctcrP.jpg,0,0,0,0,0,0,,False,,Horror,,
781317,,N Is for Nightmare,N Is for Nightmare,en,,,2015-01-01,/eLOPvsqwuIZuC3GUpK55EQ3yQ3i.jpg,0,0,0,0,0,0,,False,,Horror,,
781340,,Awesomely Righteous & Radical,Awesomely Righteous & Radical,en,,,2020-01-01,/iGcCUgpcR7NYr3QYeu6mf4QGsUP.jpg,0,0,0,0,0,0,,False,,Horror,,
781349,,I Drip Blood on Your Grave,I Drip Blood on Your Grave,en,,,2020-01-01,/us3pjPp9QtBCTDUw51HdSoqWMhg.jpg,0,0,0,0,0,0,,False,,Horror,,
781355,,Silly Scaries 2,Silly Scaries 2,en,,,2012-01-01,/coLWuEaZX13PmyF0iJrMzZr2yzI.jpg,0,0,0,0,0,0,,False,,Horror,,
781970,,Tritch,Tritch,en,,,2011-01-01,/gPMS4fu02GQQ2VtKfhLEBNfaLhq.jpg,0,0,0,0,0,0,,False,,Horror,,
781984,,Nightmare: Return to Elm Street,Nightmare: Return to Elm Street,en,,,2018-01-01,/lDAswgjx8xCjzfGkFtyNr5O8E80.jpg,0,0,0,0,0,0,,False,,Horror,,
781995,,"Snow Day, Bloody Snow Day","Snow Day, Bloody Snow Day",en,,,2005-01-01,/oW6qFMuh7W6AXbTRYM84RDYKz2F.jpg,0,0,0,0,0,0,,False,,Horror,,
782204,,Stiff Jobs,Stiff Jobs,en,,,2009-01-01,/s8S2jmRatJIhEMDc5BvYoLzDXVI.jpg,0,0,0,0,0,0,,False,,Horror,,
782442,,Monstrous Disunion,Monstrous Disunion,en,,,2021-01-01,/tmZWbA6wKxw3akE6ws8pG7RWprb.jpg,0,0,0,0,0,0,,False,,Horror,,
782667,,White Devil,White Devil,en,,,2017-01-01,/v4IUOsgEUNQFqSK1ygoNrbXuFs2.jpg,0,0,0,0,0,0,,False,,Horror,,
783990,,8 Pounds of Flesh: Purgatorium,8 Pounds of Flesh: Purgatorium,en,,,2010-01-01,/1r6PXHIhx4wBAKOTkw5FbobLtAg.jpg,0,0,0,0,0,0,,False,,Horror,,
784015,,Brains?,Brains?,en,,,2012-01-01,/kfozs8uag0jJsPyK3Ui7k9qpfjl.jpg,0,0,0,0,0,0,,False,,Horror,,
784495,,Starfuc*er,Starfuc*er,en,,,2016-01-01,/5Wcww2oGVUvEfVoHhntx3kYo8FY.jpg,0,0,0,0,0,0,,False,,Horror,,
784593,,The Sphere of the Lycanthrope,The Sphere of the Lycanthrope,en,,,2009-01-01,/787hlABDXBXdXgyRqQFWio3IYuF.jpg,0,0,0,0,0,0,,False,,Horror,,
784791,,Halloween Quarantine,Halloween Quarantine,en,,,2020-01-01,/jIIn9w908fAyUpkD7yE5BkYnAmk.jpg,0,0,0,0,0,0,,False,,Horror,,
784817,,Mannequin,Mannequin,en,,,2017-01-01,/lpDbZuhvjqsAwzmmzBNip1rJndv.jpg,0,0,0,0,0,0,,False,,Horror,,
785095,,Demons in the Dark,Demons in the Dark,en,,,2015-01-01,/r4KLROmhy22YI7H7x7YbxqHCkkt.jpg,0,0,0,0,0,0,,False,,Horror,,
785121,,So She Might Live,So She Might Live,en,,,2018-01-01,/lFJxYme06Uh1h3Id4euZW8G0CyC.jpg,0,0,0,0,0,0,,False,,Horror,,
785443,,Wake,Wake,en,,,2018-01-01,/rnEBBnLNLiWAGA0EigtKvXUg3kZ.jpg,0,0,0,0,0,0,,False,,Horror,,
785662,,Nymph,Nymph,en,,,2020-01-01,/97RMAUNtOTLla8Ri9679ghoVVAg.jpg,0,0,0,0,0,0,,False,,Horror,,
785757,,Haunted: Poor Girl,Haunted: Poor Girl,en,,,1974-01-01,/f20D8nhKxBL9q5dzCaHvaDVm7CM.jpg,0,0,0,0,0,0,,False,,Horror,,
785885,,‘Til Death Do Us Part,‘Til Death Do Us Part,en,,,2002-01-01,/nPYDIwlxdb66MGKOEbr6eWS6nqj.jpg,0,0,0,0,0,0,,False,,Horror,,
786573,,HellKat,HellKat,en,,,2021-01-01,/sNUQVeU78lVomwC7bR8SyCRnjdg.jpg,0,0,0,0,0,0,,False,,Horror,,
786853,,September,September,en,,,2020-01-01,/oHkZJJf2AxOk1EwcmzBhRtuwE8f.jpg,0,0,0,0,0,0,,False,,Horror,,
786866,,The Housewife,The Housewife,en,,,2019-01-01,/nM2tAuq4zIo7lFCiOmeHG7J4IhI.jpg,0,0,0,0,0,0,,False,,Horror,,
786870,,Stay Quiet,Stay Quiet,en,,,2018-01-01,/bCSoLgLbaE22wHid2MZB8oSNmAz.jpg,0,0,0,0,0,0,,False,,Horror,,
786990,,Fetalboy Goes to Hell!,Fetalboy Goes to Hell!,en,,,2003-01-01,/flslfoIdOn0joPUMyUWlP8SYoSD.jpg,0,0,0,0,0,0,,False,,Horror,,
787046,,Suicide,Suicide,en,,,1979-01-01,/zDRX4yDcJPyJyjCsYXCLHKy5PSW.jpg,0,0,0,0,0,0,,False,,Horror,,
787085,,Fused,Fused,en,,,2018-01-01,/lx67GRhcj2uhjwbAVktiIApypsl.jpg,0,0,0,0,0,0,,False,,Horror,,
787180,,Locked Inside,Locked Inside,en,,,2020-01-01,/sVX3vs8dReCNvr26CcdlabFbJIw.jpg,0,0,0,0,0,0,,False,,Horror,,
787283,,Psikopat,Psikopat,en,,,2005-01-01,/3I32nBhkx72E2irljKTftbavzgB.jpg,0,0,0,0,0,0,,False,,Horror,,
787465,,The Snake Girl,The Snake Girl,en,,,2006-01-01,/wcgjfaf2JVIFTg1Vsf4l1QYxfRE.jpg,0,0,0,0,0,0,,False,,Horror,,
787469,,The Snake Girl 2,The Snake Girl 2,en,,,2006-01-01,/dkPA6yuHRNAookee5nuCUDhE4gb.jpg,0,0,0,0,0,0,,False,,Horror,,
787490,,The Drawing,The Drawing,en,,,2020-01-01,/9LcTgphqNXgO7AlFoTcCoppndFO.jpg,0,0,0,0,0,0,,False,,Horror,,
788297,,The Exploration of Sinn,The Exploration of Sinn,en,,,2019-01-01,/kHycf5SSS77tf36FKBjyKsVOrh1.jpg,0,0,0,0,0,0,,False,,Horror,,
788527,,Damien,Damien,en,,,2021-01-01,/uGqJUvZpnMMrjFlBWopwPz5ifYD.jpg,0,0,0,0,0,0,,False,,Horror,,
788873,,Wrath,Wrath,en,,,2019-01-01,/mTIyzJzJcuZliXuRcJH5PCPST2f.jpg,0,0,0,0,0,0,,False,,Horror,,
789784,,Lust,Lust,en,,,2007-01-01,/ypanj3A19122qHBx4BSCi4ZCWIi.jpg,0,0,0,0,0,0,,False,,Horror,,
789791,,Rubber Johnny,Rubber Johnny,en,,,2017-01-01,/coHW2eVuHLu4JwWA1gMy8ypUUam.jpg,0,0,0,0,0,0,,False,,Horror,,
789955,,Bleeding Art,Bleeding Art,en,,,2019-01-01,/ukweIYoyKa4wOOJQeGadEJkBH1P.jpg,0,0,0,0,0,0,,False,,Horror,,
790894,,Paradise Cove,Paradise Cove,en,,,2021-01-01,/nrs7xjq4iwZvk5bfOEGFLvr4B3v.jpg,0,0,0,0,0,0,,False,,Horror,,
790953,,Fountaine and the Vengeful Nun Who Wouldn't Die,Fountaine and the Vengeful Nun Who Wouldn't Die,en,,,2021-01-01,/cY0tmwnKdEoOBMLh6xpQrzJ1m1U.jpg,0,0,0,0,0,0,,False,,Horror,,
791329,,Tomb Itmay Concern,Tomb Itmay Concern,en,,,1950-01-01,/cY2ieFYuaP33WHux7A2f9UIcXrm.jpg,0,0,0,0,0,0,,False,,Horror,,
791335,,Lord of the Shadows,Lord of the Shadows,en,,,1990-01-01,/vgLEs3C25huR7TsUvfGPvieRPOB.jpg,0,0,0,0,0,0,,False,,Horror,,
791479,,Bob,Bob,en,,,2017-01-01,/mlKUG2a8ZKfM9TWWS8zlRcHqv4q.jpg,0,0,0,0,0,0,,False,,Horror,,
791698,,Yoshi: The Ultra Violent Kung Fu Sci Fi Queer Revenge Film with Zombies!!!,Yoshi: The Ultra Violent Kung Fu Sci Fi Queer Revenge Film with Zombies!!!,en,,,2020-01-01,/9tknMhZ04PdXezGJWUMDddLiNj9.jpg,0,0,0,0,0,0,,False,,Horror,,
792103,,Portmanteau,Portmanteau,en,,,2017-01-01,/80ovVnA0Sgl8NerwOk95gVFwzur.jpg,0,0,0,0,0,0,,False,,Horror,,
792492,,Rivershine,Rivershine,en,,,2016-01-01,/aQFOzmN31x7qAAyhvaLPyNvZxuY.jpg,0,0,0,0,0,0,,False,,Horror,,
792615,,The Parkway Hauntings,The Parkway Hauntings,en,,,2015-01-01,/fX0qUZ25YoLvSva1wJAj4czo2sb.jpg,0,0,0,0,0,0,,False,,Horror,,
792667,,File Box,File Box,en,,,2013-01-01,/1tZAnRXv3DCjvpupzFWKnvbdj0G.jpg,0,0,0,0,0,0,,False,,Horror,,
792739,,The Ghost Tank,The Ghost Tank,en,,,2020-01-01,/qCCg0HfLSF247dRZiCeTOfdCON6.jpg,0,0,0,0,0,0,,False,,Horror,,
792741,,Markham,Markham,en,,,2020-01-01,/fED65KOZyzACMXWa4DSigd8gxCW.jpg,0,0,0,0,0,0,,False,,Horror,,
792742,,Human Hibachi,Human Hibachi,en,,,2021-01-01,/fuRVVASEqZBMVXL8NymR2Hfe5JN.jpg,0,0,0,0,0,0,,False,,Horror,,
793370,,Romano Sagrado: Talim sa dilim,Romano Sagrado: Talim sa dilim,en,,,1996-01-01,/pnRXHiom6Dh8igawwtp7wbVKikU.jpg,0,0,0,0,0,0,,False,,Horror,,
793549,,The Fear,The Fear,en,,,2021-01-01,/hopwbi10mqtEumPdu0Z5agAkGeq.jpg,0,0,0,0,0,0,,False,,Horror,,
793896,,Triassic Hunt,Triassic Hunt,en,,,2021-01-01,/9SZSBSUugpx8Zwx6awqc8jYao2d.jpg,0,0,0,0,0,0,,False,,Horror,,
793914,,Blue Lake Butcher,Blue Lake Butcher,en,,,2007-01-01,/7Fa0cvBtUuuAMP4QGjfY2znrTH6.jpg,0,0,0,0,0,0,,False,,Horror,,
794487,,Camping is Cheaper,Camping is Cheaper,en,,,2020-01-01,/mpz70DnyHDtRXP7i5C2LpY2XBHX.jpg,0,0,0,0,0,0,,False,,Horror,,
794766,,Almira,Almira,en,,,2019-01-01,/mpcqW9gfTGkDEUS6T2arXsPdQ6F.jpg,0,0,0,0,0,0,,False,,Horror,,
795500,,Arrowhead,Arrowhead,en,,,2014-01-01,/iwv8LPPQZXmG4OpDcyqaQ7YOfxy.jpg,0,0,0,0,0,0,,False,,Horror,,
795724,,Vikaari,Vikaari,en,,,2020-01-01,/kpeYe6Ta5lw80f5KixtFHwE0JYa.jpg,0,0,0,0,0,0,,False,,Horror,,
795742,,The Ash: Safe Haven,The Ash: Safe Haven,en,,,2017-01-01,/rYMB9HxR8S85emZ8PjDV6DP9zxy.jpg,0,0,0,0,0,0,,False,,Horror,,
796640,,Evaporation,Evaporation,en,,,2021-01-01,/nUdedXJny6xiP0fWdjclaob18r.jpg,0,0,0,0,0,0,,False,,Horror,,
796734,,Rise of the Mummy,Rise of the Mummy,en,,,2020-01-01,/3ygfjQoaLR4Orn8TmrcY0Th1cpZ.jpg,0,0,0,0,0,0,,False,,Horror,,
797502,,Surprise,Surprise,en,,,2018-01-01,/vXdMDk3SPjB4sFGmaVKzSuaEZbW.jpg,0,0,0,0,0,0,,False,,Horror,,
797582,,Norman and the Killer,Norman and the Killer,en,,,1991-01-01,/qnD1qNflv1R7M8WNwh3kxy7SHQe.jpg,0,0,0,0,0,0,,False,,Horror,,
797786,,Sharon Needles Presents: Mask It or Casket,Sharon Needles Presents: Mask It or Casket,en,,,2020-01-01,/2vBIHEUkm8b6csxhZWZYVeeiU4l.jpg,0,0,0,0,0,0,,False,,Horror,,
797974,,The Curse Of Black Annis,The Curse Of Black Annis,en,,,2021-01-01,/mg1NGX7XrkpPUn7ik55ybMcHJPg.jpg,0,0,0,0,0,0,,False,,Horror,,
798443,,The Doll Fucking Movie,The Doll Fucking Movie,en,,,2017-01-01,/y50oHjHOVWbkeKe6SaxxXJwzyzA.jpg,0,0,0,0,0,0,,False,,Horror,,
798529,,Creature in the Dark,Creature in the Dark,en,,,2020-01-01,/hAhkgnUtmZ0EBIqFE9q3mTbQHAR.jpg,0,0,0,0,0,0,,False,,Horror,,
799105,,In The Photos,In The Photos,en,,,2021-01-01,/c6VKLbORovftSZHSEUjkcRdEvBE.jpg,0,0,0,0,0,0,,False,,Horror,,
799920,,The Cost of Living,The Cost of Living,en,,,2021-01-01,/4Qy3lWQumXdV4JJ2PxYUtDa3lGW.jpg,0,0,0,0,0,0,,False,,Horror,,
799933,,Collateral Consequences,Collateral Consequences,en,,,2012-01-01,/dQx3OIbjB8UbaYsfkeOLt8NjQGV.jpg,0,0,0,0,0,0,,False,,Horror,,
800319,,The Dead of Night,The Dead of Night,en,,,2021-01-01,/h3nM9SB8hSbueG5LzV565UH02uE.jpg,0,0,0,0,0,0,,False,,Horror,,
800461,,Stagnant,Stagnant,en,,,2020-01-01,/9pnZTQp6i0jSvuDLCvF81y5EWMI.jpg,0,0,0,0,0,0,,False,,Horror,,
800469,,A Date With Death,A Date With Death,en,,,2020-01-01,/6UiKUi3ebyXNyMBeXPEfL1qhAhv.jpg,0,0,0,0,0,0,,False,,Horror,,
800815,,The Pale Blue Eye,The Pale Blue Eye,en,,,2022-01-01,/9xkGlFRqrN8btTLU0KQvOfn2PHr.jpg,0,0,0,0,0,0,,False,,Horror,,
800861,,Teenage Zombie House Massacre,Teenage Zombie House Massacre,en,,,2000-01-01,/4DqsWNXwuR6nINCsuXL0Qc6GIVx.jpg,0,0,0,0,0,0,,False,,Horror,,
802055,,Hell Hath No Fury,Hell Hath No Fury,en,,,2021-01-01,/8ZguvCVXXikuuaZ91TgMSufxxTF.jpg,0,0,0,0,0,0,,False,,Horror,,
802108,,Hyde,Hyde,en,,,2021-01-01,/2RQJzTIC1zNC3fuRAhkX4MDt0qg.jpg,0,0,0,0,0,0,,False,,Horror,,
802226,,Bingo Hell,Bingo Hell,en,,,2021-01-01,/86VKuiaox9eVJTETel0ld7XZtiO.jpg,0,0,0,0,0,0,,False,,Horror,,
802344,,Zombie Abomination: The Italian Zombie Movie - Part 1,Zombie Abomination: The Italian Zombie Movie - Part 1,en,,,2010-01-01,/gE9CpazTIGNPo49h5ZXtlSpS1zt.jpg,0,0,0,0,0,0,,False,,Horror,,
802363,,Zombie Atrocity: The Italian Zombie Movie - Part 2,Zombie Atrocity: The Italian Zombie Movie - Part 2,en,,,2010-01-01,/wuEo0XNA0nAWFZ8VqUxeSVVgMEP.jpg,0,0,0,0,0,0,,False,,Horror,,
802369,,The Giant Rubber Monster Movie: Sascratch Versus Afrodesious,The Giant Rubber Monster Movie: Sascratch Versus Afrodesious,en,,,2011-01-01,/wX5zZ0vBkykGhYOoBgTeAFV47Oh.jpg,0,0,0,0,0,0,,False,,Horror,,
802605,,Revenge of the Devil Bat,Revenge of the Devil Bat,en,,,2020-01-01,/wp4mI16ozWcxZBretVvBLvHxcIn.jpg,0,0,0,0,0,0,,False,,Horror,,
802657,,Dracula Is Not Dead,Dracula Is Not Dead,en,,,2017-01-01,/fv2Pc5rMEHlc6PD0CQueu02sHCZ.jpg,0,0,0,0,0,0,,False,,Horror,,
802724,,Blood Panther: The Way of the Cannibal,Blood Panther: The Way of the Cannibal,en,,,2021-01-01,/7Fxu4nvckNZF6Svrg6DQSAORRWQ.jpg,0,0,0,0,0,0,,False,,Horror,,
802725,,Blow Out,Blow Out,en,,,2019-01-01,/9TJFSp63Yx4rRyndUdYl9zLrzMD.jpg,0,0,0,0,0,0,,False,,Horror,,
802728,,The Weed Whacker Massacre,The Weed Whacker Massacre,en,,,2017-01-01,/taqB1lZgdQx9FXRJMy1ROgT7idd.jpg,0,0,0,0,0,0,,False,,Horror,,
802839,,High Score,High Score,en,,,2020-01-01,/nYP1r5hI9tTqltehfOBEIWi1Dqv.jpg,0,0,0,0,0,0,,False,,Horror,,
802954,,Swiperight,Swiperight,en,,,2020-01-01,/oJK7498eUXFRHKHebnWm9zpl2tz.jpg,0,0,0,0,0,0,,False,,Horror,,
803229,,The Blair Rabbit Project,The Blair Rabbit Project,en,,,2022-01-01,/wf5cfKJaBSbxheaRM6rvwFyalvt.jpg,0,0,0,0,0,0,,False,,Horror,,
803912,,Ghost Tale,Ghost Tale,en,,,2021-01-01,/tC9tdsNxw2FxRr1wjuw0PoAeQfN.jpg,0,0,0,0,0,0,,False,,Horror,,
804374,,"She Burns in Hell: Accounts from Chamberlain, Maine","She Burns in Hell: Accounts from Chamberlain, Maine",en,,,2018-01-01,/kI8wbuG93lx6yb2HHKInc1lu3Or.jpg,0,0,0,0,0,0,,False,,Horror,,
805064,,Rats!,Rats!,en,,,2013-01-01,/w50dU26NjrjCdmIo6limDQW59iB.jpg,0,0,0,0,0,0,,False,,Horror,,
805107,,Possessed Forklift of Death,Possessed Forklift of Death,en,,,2014-01-01,/c5Y6htyByzIsXdhFmDIZ6VaeOXs.jpg,0,0,0,0,0,0,,False,,Horror,,
805206,,Fever,Fever,en,,,2018-01-01,/rrfbbd0wRDF0eBM3nJ0ONDIYIK7.jpg,0,0,0,0,0,0,,False,,Horror,,
805207,,My Friend Lisa,My Friend Lisa,en,,,2017-01-01,/xJpCI64HzJBZMOqH6nC5vkSwdEQ.jpg,0,0,0,0,0,0,,False,,Horror,,
805221,,Toothless,Toothless,en,,,2016-01-01,/qo4SK878LBJmnBihVcqNVaGyz8W.jpg,0,0,0,0,0,0,,False,,Horror,,
805396,,Baserca,Baserca,en,,,2016-01-01,/znIINmCQLH96UgBfzBEvSal4zX5.jpg,0,0,0,0,0,0,,False,,Horror,,
805420,,Bring Me a Dream,Bring Me a Dream,en,,,2013-01-01,/jFvgGQHFMDJLgDS60HFVw7F7lpg.jpg,0,0,0,0,0,0,,False,,Horror,,
805421,,Flesh Eaters,Flesh Eaters,en,,,2014-01-01,/tQ20pU4eSSL9CncREIOvHLGyAYw.jpg,0,0,0,0,0,0,,False,,Horror,,
805434,,Blood Lust,Blood Lust,en,,,2019-01-01,/hf9Gi7BKGhDkM7FcSwTMFXQfGBR.jpg,0,0,0,0,0,0,,False,,Horror,,
805620,,Paramedics II,Paramedics II,en,,,1997-01-01,/bAKId4tlcoVFfsAV7K1GE4SAq8T.jpg,0,0,0,0,0,0,,False,,Horror,,
805705,,Real Paranormal Activity,Real Paranormal Activity,en,,,2020-01-01,/hTj7jQ1i6iraaQdZO1rrkHFV9u.jpg,0,0,0,0,0,0,,False,,Horror,,
805748,,Wilderness,Wilderness,en,,,1996-01-01,/mIEw7mcRdWebm3xowCN75usZBfR.jpg,0,0,0,0,0,0,,False,,Horror,,
806248,,Out of Town,Out of Town,en,,,1988-01-01,/5frSXrUM5THbep4K0PPX1KSg3gC.jpg,0,0,0,0,0,0,,False,,Horror,,
806275,,The Spiral Cake,The Spiral Cake,en,,,2017-01-01,/nbuc7GYzWmaieZyuqyWB91H9NZm.jpg,0,0,0,0,0,0,,False,,Horror,,
806715,,Milk & Cookies: Christmas in July,Milk & Cookies: Christmas in July,en,,,2019-01-01,/qOtW2xiFX2dLZ3FPmhpLtlFySky.jpg,0,0,0,0,0,0,,False,,Horror,,
806845,,Bones,Bones,en,,,2017-01-01,/84RyV3enEPuIntQW6Ds9Bu06pqU.jpg,0,0,0,0,0,0,,False,,Horror,,
806846,,Do You See It Too?,Do You See It Too?,en,,,2019-01-01,/dQqzupg9AtpFiYrHwrdI4hplso1.jpg,0,0,0,0,0,0,,False,,Horror,,
806853,,Alloway Lane,Alloway Lane,en,,,2018-01-01,/yDpJoO5PrYS91loO4HvovrehHJA.jpg,0,0,0,0,0,0,,False,,Horror,,
806895,,No Ball Games,No Ball Games,en,,,2012-01-01,/dio29aSge3rZW5u3JXvxv8THpWo.jpg,0,0,0,0,0,0,,False,,Horror,,
807049,,Elysia,Elysia,en,,,2021-01-01,/sR0XMIJvuh0IbcXUqvhx8TjdehD.jpg,0,0,0,0,0,0,,False,,Horror,,
807327,,Pointy Teeth for Pointy People,Pointy Teeth for Pointy People,en,,,1999-01-01,/35LgK2hlGQMctUx2qfh1pffU8zN.jpg,0,0,0,0,0,0,,False,,Horror,,
807336,,The Royal Secret,The Royal Secret,en,,,2020-01-01,/AlDMnZjG5DTj8dc7gLQyug8EDXX.jpg,0,0,0,0,0,0,,False,,Horror,,
807412,,Cult of the Psycho Sisters,Cult of the Psycho Sisters,en,,,2017-01-01,/AeEJn6pnQGizLjLF7Y0KyAJlhMR.jpg,0,0,0,0,0,0,,False,,Horror,,
808063,,Holdout,Holdout,en,,,2021-01-01,/iwnmkxipHa5sgzxZAPR8iDOqExq.jpg,0,0,0,0,0,0,,False,,Horror,,
808429,,The Spoiled,The Spoiled,en,,,2021-01-01,/lziEI1n3ePVc2ORMi46CY0BTGBh.jpg,0,0,0,0,0,0,,False,,Horror,,
808600,,Bitten By Devils,Bitten By Devils,en,,,1965-01-01,/1cEEwWcrIkak5hkpBDruBQyHzv9.jpg,0,0,0,0,0,0,,False,,Horror,,
809198,,Made Vicious,Made Vicious,en,,,2017-01-01,/2qhDJ3tgNscZpZi8rncGlFewlKp.jpg,0,0,0,0,0,0,,False,,Horror,,
809207,,The Great Rock ‘N’ Roll Massacre Parts 1 + 2,The Great Rock ‘N’ Roll Massacre Parts 1 + 2,en,,,1988-01-01,/5Zrhf6VXNo7DOdny0HXfNJJzL3a.jpg,0,0,0,0,0,0,,False,,Horror,,
809393,,Conjuring: The Book of the Dead,Conjuring: The Book of the Dead,en,,,2020-01-01,/70LzQnrRM7tIH7CnAyFGL5SfaAU.jpg,0,0,0,0,0,0,,False,,Horror,,
809431,,Final Girls,Final Girls,en,,,2018-01-01,/24YEPBwbzVLwLPS4S99WPt4RbpX.jpg,0,0,0,0,0,0,,False,,Horror,,
809439,,Flesh,Flesh,en,,,2016-01-01,/aB2isqJTy4PqO6KSmimuMFCDfnR.jpg,0,0,0,0,0,0,,False,,Horror,,
809570,,Trypophobia,Trypophobia,en,,,2018-01-01,/7cs5ncND0emwpvs1Qmu3KEy28Uz.jpg,0,0,0,0,0,0,,False,,Horror,,
809596,,Project Hope,Project Hope,en,,,2015-01-01,/mAdm4gM3W6KcKwjD74tTQiNDOyD.jpg,0,0,0,0,0,0,,False,,Horror,,
809614,,Lust Kills,Lust Kills,en,,,2017-01-01,/2Zz0oKTqAbm67AjMOKxUaNfa2ct.jpg,0,0,0,0,0,0,,False,,Horror,,
809642,,NightmARes,NightmARes,en,,,2016-01-01,/mI8LPO2Cw2lm3kz7hFiyTHfCCnw.jpg,0,0,0,0,0,0,,False,,Horror,,
809668,,Pungo: A Witch's Tale,Pungo: A Witch's Tale,en,,,2021-01-01,/6BQYbbUv4gVQBWPAtV5eRfSzzt5.jpg,0,0,0,0,0,0,,False,,Horror,,
810082,,Time Out,Time Out,en,,,2020-01-01,/8qFF9fX6eyAcUFDGAtZt4livTiA.jpg,0,0,0,0,0,0,,False,,Horror,,
810161,,Live Bait,Live Bait,en,,,2017-01-01,/aZMh301lByac0yAaE2x9UojKpJV.jpg,0,0,0,0,0,0,,False,,Horror,,
810163,,The Road,The Road,en,,,2017-01-01,/dUXB2SyfkARWEbYEkjMz2xj4Rfe.jpg,0,0,0,0,0,0,,False,,Horror,,
810427,,Commune,Commune,en,,,2016-01-01,/aczMQjfJi3GuJ0Tq4mrABEZ3E3l.jpg,0,0,0,0,0,0,,False,,Horror,,
810499,,The Gingerweed Man,The Gingerweed Man,en,,,2021-01-01,/uCPdqe6MzGeb5PhXHWsOE4eVclD.jpg,0,0,0,0,0,0,,False,,Horror,,
810748,,Let's Play,Let's Play,en,,,2020-01-01,/wPiSj7oO2YHZyt7ZLHew6nUtR7p.jpg,0,0,0,0,0,0,,False,,Horror,,
811068,,The Found Footage Phenomenon,The Found Footage Phenomenon,en,,,2021-01-01,/Pa8qGICQv74ESn9LFe6BEGPvBU.jpg,0,0,0,0,0,0,,False,,Horror,,
811153,,The Day The Dead Weren't Dead,The Day The Dead Weren't Dead,en,,,2007-01-01,/4KgXMF9j1D6cMwPWpLjQZGZzJy9.jpg,0,0,0,0,0,0,,False,,Horror,,
811191,,Dames,Dames,en,,,2018-01-01,/vjM1bAvLvQ73TZmbSOHqMtxWVvy.jpg,0,0,0,0,0,0,,False,,Horror,,
811707,,The Settling House,The Settling House,en,,,2020-01-01,/e0xjflCOtoY6vZ0LRY2xLhgROdx.jpg,0,0,0,0,0,0,,False,,Horror,,
811743,,Rachel's Eyes,Rachel's Eyes,en,,,2019-01-01,/qaiNxEVfTVkvjJRvmBtorXgfuOr.jpg,0,0,0,0,0,0,,False,,Horror,,
811767,,The Forgotten,The Forgotten,en,,,2018-01-01,/8KvSljZrd8oG3Dt8J7mfe10nz2E.jpg,0,0,0,0,0,0,,False,,Horror,,
811816,,Alone,Alone,en,,,2016-01-01,/eFdWlNBqCj4J6DGnACBWhHD9ix9.jpg,0,0,0,0,0,0,,False,,Horror,,
811869,,Friday The 17th,Friday The 17th,en,,,1996-01-01,/ik3vDWuIP1mNsYjOOb8n0XFLqCq.jpg,0,0,0,0,0,0,,False,,Horror,,
811921,,Pig Man,Pig Man,en,,,2016-01-01,/rPeeKflOrMRJl3BDM9i9rctdnNP.jpg,0,0,0,0,0,0,,False,,Horror,,
812237,,Behind the Curtain,Behind the Curtain,en,,,2018-01-01,/2bKJO7AwJxqTvMCDC496Cdba7Am.jpg,0,0,0,0,0,0,,False,,Horror,,
812292,,Under the Covers,Under the Covers,en,,,2018-01-01,/7lQKofrz7hIiqti2VD4bk8VmsgT.jpg,0,0,0,0,0,0,,False,,Horror,,
812341,,FUBAR Vol. 1,FUBAR Vol. 1,en,,,2014-01-01,/n0xrIT9WtP1RgXbJMl0gaRo12Jp.jpg,0,0,0,0,0,0,,False,,Horror,,
812641,,Poisoned Blood,Poisoned Blood,en,,,2021-01-01,/2XIjgmBjjg3XgVJMlKJrMXfDlfn.jpg,0,0,0,0,0,0,,False,,Horror,,
812795,,It Never Sleeps,It Never Sleeps,en,,,2014-01-01,/f95SKkcN3Y86Nmy4t3PZKP1EdwA.jpg,0,0,0,0,0,0,,False,,Horror,,
812915,,Full Disclosure,Full Disclosure,en,,,2020-01-01,/slpGBrvPIwtPfX3w0wVcXAx3Ovo.jpg,0,0,0,0,0,0,,False,,Horror,,
812969,,7th and Westlake: Nino's Revenge,7th and Westlake: Nino's Revenge,en,,,2019-01-01,/4kbNEKWZxQZumSJ0ZteA8hQ0LXG.jpg,0,0,0,0,0,0,,False,,Horror,,
813025,,KAL: The Clown,KAL: The Clown,en,,,2016-01-01,/vHXECM5R7A1t2rvlgqeWcftDhHP.jpg,0,0,0,0,0,0,,False,,Horror,,
813066,,Thrall,Thrall,en,,,2021-01-01,/kKNtOx3qwTPzNrzRRnG06iSqCXB.jpg,0,0,0,0,0,0,,False,,Horror,,
813583,,Dead Packet,Dead Packet,en,,,2019-01-01,/jYDnnEeIBMiTPDmp7po1GE2jVHQ.jpg,0,0,0,0,0,0,,False,,Horror,,
813848,,Murmur,Murmur,en,,,2022-01-01,/epTrvXY89xhDXj1vrtM25wO9s0F.jpg,0,0,0,0,0,0,,False,,Horror,,
813980,,Extremism Breaks My Balls,Extremism Breaks My Balls,en,,,2002-01-01,/5w4SrSgHqcJsjRGKH6HKwsiI0z0.jpg,0,0,0,0,0,0,,False,,Horror,,
814029,,White Terror,White Terror,en,,,2020-01-01,/rENE6jy0HX781G0JFTak2L1saBm.jpg,0,0,0,0,0,0,,False,,Horror,,
814043,,The Monkey's Paw,The Monkey's Paw,en,,,2021-01-01,/pErXIQk9CGq0bwbAsR8Nl0To7ei.jpg,0,0,0,0,0,0,,False,,Horror,,
814048,,Dark Mountain,Dark Mountain,en,,,2022-01-01,/7k3RXsPSUgLi8Mkjh9TpxJHWosu.jpg,0,0,0,0,0,0,,False,,Horror,,
814891,,Howl,Howl,en,,,2021-01-01,/v7NPimlRXGqmbczwONHkffakUJL.jpg,0,0,0,0,0,0,,False,,Horror,,
815631,,Witches Midnight,Witches Midnight,en,,,2021-01-01,/1LS36HOGRQpW1rfuqr6mGFi7HuL.jpg,0,0,0,0,0,0,,False,,Horror,,
816365,,She Watches from the Woods,She Watches from the Woods,en,,,2021-01-01,/3Q7pToIgqVmBmvA3AxMPD2jks6f.jpg,0,0,0,0,0,0,,False,,Horror,,
816381,,Zoe,Zoe,en,,,2017-01-01,/8h7m5guVIwaPqfFJCDI0WtB5cKx.jpg,0,0,0,0,0,0,,False,,Horror,,
816516,,Poor Glenna,Poor Glenna,en,,,2020-01-01,/nb43LAWf4z5EN2og9ue9Xk14cIa.jpg,0,0,0,0,0,0,,False,,Horror,,
816685,,The Acrylic,The Acrylic,en,,,2019-01-01,/hctcZDXmbktLdQcmzJdPicdl9Kq.jpg,0,0,0,0,0,0,,False,,Horror,,
816798,,Gastral Projection,Gastral Projection,en,,,2021-01-01,/zpJDPb9JBkZMnaIWL1o9aQGZQIi.jpg,0,0,0,0,0,0,,False,,Horror,,
817077,,Time to Strike,Time to Strike,en,,,2018-01-01,/aFFVQKNQ8RZCSjGVgGU9rIXD9me.jpg,0,0,0,0,0,0,,False,,Horror,,
817170,,Lucky Feet 2000,Lucky Feet 2000,en,,,2021-01-01,/u2W8OMmHBYVkadV3Ze2JCwNZ90K.jpg,0,0,0,0,0,0,,False,,Horror,,
817499,,A Man in Your Room,A Man in Your Room,en,,,1984-01-01,/eTxvUr8UdQzTak6l6BG9o4EmbVh.jpg,0,0,0,0,0,0,,False,,Horror,,
817839,,Off Track,Off Track,en,,,2017-01-01,/bqOHGPcOh8wvyt4g8c5a2DnRbNR.jpg,0,0,0,0,0,0,,False,,Horror,,
818331,,Insomniac Frightmare Killers,Insomniac Frightmare Killers,en,,,2021-01-01,/hqXalusrrZkqpdyvxhibX2L9ReD.jpg,0,0,0,0,0,0,,False,,Horror,,
818527,,Marco Polo,Marco Polo,en,,,2016-01-01,/7VvpavHvOO62NEH905O2QkRkYSd.jpg,0,0,0,0,0,0,,False,,Horror,,
818735,,Deranged Foxhole Deduction,Deranged Foxhole Deduction,en,,,2019-01-01,/6KFU64R0D39Oi64rSytaFqbOluq.jpg,0,0,0,0,0,0,,False,,Horror,,
819250,,Paint Me in the Opera House,Paint Me in the Opera House,en,,,2017-01-01,/7cH0pO7B0RqBuXZjZqpJhmtFezW.jpg,0,0,0,0,0,0,,False,,Horror,,
819371,,The Turn of the Screw,The Turn of the Screw,en,,,2003-01-01,/8BLRN3TZ4Ds1rmLwETzVdvR3m77.jpg,0,0,0,0,0,0,,False,,Horror,,
820385,,The Haunting of Alice Bowles,The Haunting of Alice Bowles,en,,,2020-01-01,/tOUqIImjiXAAVmld0jMtuloYgIr.jpg,0,0,0,0,0,0,,False,,Horror,,
821098,,Canonização,Canonização,en,,,2021-01-01,/uclt75xnqksFAc4RNQiTPgEwCDg.jpg,0,0,0,0,0,0,,False,,Horror,,
821479,,Tainted Blood,Tainted Blood,en,,,2021-01-01,/y1yjK5JtmopDzt2u1Bt9bscLX2N.jpg,0,0,0,0,0,0,,False,,Horror,,
821485,,Ringloom,Ringloom,en,,,2021-01-01,/fzSXcHIpne78Zp2BYPU8kCYSJR2.jpg,0,0,0,0,0,0,,False,,Horror,,
822075,,The Tenderizer,The Tenderizer,en,,,2001-01-01,/3gQQUiou5JEAhcxnnmKxrBzuZx3.jpg,0,0,0,0,0,0,,False,,Horror,,
822554,,Stalked by My Doctor: Just What the Doctor Ordered,Stalked by My Doctor: Just What the Doctor Ordered,en,,,2021-01-01,/ijfE61AxXZzmSz6H94G7y5VKMSe.jpg,0,0,0,0,0,0,,False,,Horror,,
823040,,Dark Night of the Pumpkinman,Dark Night of the Pumpkinman,en,,,2011-01-01,/219yjcd3MJosBBIKUU0WtE1dl4l.jpg,0,0,0,0,0,0,,False,,Horror,,
824657,,Weird Ones,Weird Ones,en,,,1998-01-01,/2sObzI3LlQsN9lwhhKbptXWKHZq.jpg,0,0,0,0,0,0,,False,,Horror,,
824734,,We Are Not Alone,We Are Not Alone,en,,,2019-01-01,/n6wOfPg3a5n7RMbt0dYDGdCqnfm.jpg,0,0,0,0,0,0,,False,,Horror,,
825162,,You Are a Lesbian Vampire,You Are a Lesbian Vampire,en,,,2008-01-01,/dSlFtGwWBLuAzpHDlIYik2EzPTN.jpg,0,0,0,0,0,0,,False,,Horror,,
825818,,The Curse,The Curse,en,,,2021-01-01,/aRbFDcETUBLKfz5c5kHGmtUev4e.jpg,0,0,0,0,0,0,,False,,Horror,,
826092,,Nervous Part 1: Versus Side Story,Nervous Part 1: Versus Side Story,en,,,2004-01-01,/hcGssiJYxMK0g5gHTnvJSRkeFNR.jpg,0,0,0,0,0,0,,False,,Horror,,
826161,,Corazón negro,Corazón negro,en,,,2021-01-01,/1GhHHbPRPJzIbANqJT9GTULo9wp.jpg,0,0,0,0,0,0,,False,,Horror,,
826777,,The Sleep Experiment,The Sleep Experiment,en,,,2022-01-01,/tseKa8hryeC3kVz272jOz48a4KI.jpg,0,0,0,0,0,0,,False,,Horror,,
826863,,The Bird Game,The Bird Game,en,,,2019-01-01,/anw4yO74b44zvy3nXbUxa9xPabQ.jpg,0,0,0,0,0,0,,False,,Horror,,
827255,,Damnation,Damnation,en,,,2006-01-01,/55iZJtFZElfX2rLhuFPR7yeGuGF.jpg,0,0,0,0,0,0,,False,,Horror,,
828192,,Kidnapped and Chloroformed Again,Kidnapped and Chloroformed Again,en,,,2000-01-01,/hAWHd0M4R294rlkGvW4Yb0XZXP7.jpg,0,0,0,0,0,0,,False,,Horror,,
828305,,Rushed,Rushed,en,,,2021-01-01,/prPR4srMj4KJDRc9uqKbdIz36Bx.jpg,0,0,0,0,0,0,,False,,Horror,,
828340,,Zombie,Zombie,en,,,2006-01-01,/tdHhMqgq7nNYlDtwWCT4YruZz6k.jpg,0,0,0,0,0,0,,False,,Horror,,
828683,,Brew House,Brew House,en,,,2020-01-01,/5WzgbLUVZMPaAzwQcWrht3uAg2o.jpg,0,0,0,0,0,0,,False,,Horror,,
829053,,Cult of the Shadow People,Cult of the Shadow People,en,,,2017-01-01,/77QCuRo9tIyDZ7bied50iuHku59.jpg,0,0,0,0,0,0,,False,,Horror,,
829370,,Angelus,Angelus,en,,,2014-01-01,/vG6aeKJibyuW92gsy8SeeATb0w0.jpg,0,0,0,0,0,0,,False,,Horror,,
829660,,The Elevator,The Elevator,en,,,2021-01-01,/2H07ibYaxXoMKv5RrWgb8WblhEC.jpg,0,0,0,0,0,0,,False,,Horror,,
830036,,The Things We Do When We're Alone,The Things We Do When We're Alone,en,,,2021-01-01,/9AOnXh6HPAaE6FqvOafgiaCI6xA.jpg,0,0,0,0,0,0,,False,,Horror,,
830821,,Toy Box Killers,Toy Box Killers,en,,,2021-01-01,/5xqtHt8000n6D3l5WjsSmwXBkv2.jpg,0,0,0,0,0,0,,False,,Horror,,
831055,,Graveyard Stories 2,Graveyard Stories 2,en,,,2020-01-01,/iNb07IfA0LfALWndkHeElQcp3jw.jpg,0,0,0,0,0,0,,False,,Horror,,
831179,,Highgate House of Horror,Highgate House of Horror,en,,,1995-01-01,/AdeNBQlRER1SGs8gxezwFCN9Oe3.jpg,0,0,0,0,0,0,,False,,Horror,,
831654,,The Sadness,The Sadness,en,,,2005-01-01,/eesewJXcpT63jjketh4UI9ZSnLk.jpg,0,0,0,0,0,0,,False,,Horror,,
832105,,My Mother Mary,My Mother Mary,en,,,2020-01-01,/kD9O8fFvNRHrEzOq6pOLchhCVB9.jpg,0,0,0,0,0,0,,False,,Horror,,
832543,,VideoDome Rent-O-Rama,VideoDome Rent-O-Rama,en,,,2010-01-01,/2cT0BCdu40067s8QapYxbJV8Qy4.jpg,0,0,0,0,0,0,,False,,Horror,,
832602,,Girl,Girl,en,,,2014-01-01,/s9JZkJyKHJpRhCrZIiEWG5lVnBc.jpg,0,0,0,0,0,0,,False,,Horror,,
832625,,Still,Still,en,,,2018-01-01,/xlesHt4lBygeZCBLM8lLy6HP68i.jpg,0,0,0,0,0,0,,False,,Horror,,
832649,,P.O.V: Point of View,P.O.V: Point of View,en,,,2013-01-01,/azVduwV8ZTqsjSglvNZrQK28ork.jpg,0,0,0,0,0,0,,False,,Horror,,
833023,,Lo stronzo assassino,Lo stronzo assassino,en,,,1999-01-01,/5VfrSxBopezpeiXI6BHXNDYtOJv.jpg,0,0,0,0,0,0,,False,,Horror,,
833084,,Meat Lovers,Meat Lovers,en,,,2017-01-01,/9KmbADmaVoJgQewuPC7ONXQtmdT.jpg,0,0,0,0,0,0,,False,,Horror,,
833804,,This Is GWAR,This Is GWAR,en,,,2021-01-01,/ijkaSJOBqAru3b7XYViYFOGHNbG.jpg,0,0,0,0,0,0,,False,,Horror,,
834192,,I Speak for the Dead: The Legacy of Jigsaw,I Speak for the Dead: The Legacy of Jigsaw,en,,,2018-01-01,/8dkyek3GcRWbkNhqNyIG3BRu1hL.jpg,0,0,0,0,0,0,,False,,Horror,,
835074,,Dracula: A Chamber Musical,Dracula: A Chamber Musical,en,,,2000-01-01,/z4Ub50P4jQQvNA4doKwep1IYa9u.jpg,0,0,0,0,0,0,,False,,Horror,,
835243,,The Slayer Chronicles - Volume 1,The Slayer Chronicles - Volume 1,en,,,2021-01-01,/1L9JHLp2q080k5VfJDhVtWosiIC.jpg,0,0,0,0,0,0,,False,,Horror,,
836008,,Ghost Box,Ghost Box,en,,,2019-01-01,/qYYXTFPwEZPPkWDIqJuyjGI0Xo6.jpg,0,0,0,0,0,0,,False,,Horror,,
836221,,Bigfoots and Yetis,Bigfoots and Yetis,en,,,2021-01-01,/dxIcbYmQxQ0tREasPqf5xdtE9Mo.jpg,0,0,0,0,0,0,,False,,Horror,,
836998,,Moonshine,Moonshine,en,,,2006-01-01,/bbdyW71iAR7pmog9zHT3vlCEe69.jpg,0,0,0,0,0,0,,False,,Horror,,
837503,,Romero's Elegy,Romero's Elegy,en,,,2021-01-01,/4EhVC6rFVPRaEt26PKo5fIQJjj2.jpg,0,0,0,0,0,0,,False,,Horror,,
838003,,Caesar and Otto meet Dracula’s Lawyer,Caesar and Otto meet Dracula’s Lawyer,en,,,2010-01-01,/hy1tIvVL10H4UwlUSRCDyjPKxtO.jpg,0,0,0,0,0,0,,False,,Horror,,
838317,,The Underdogs,The Underdogs,en,,,2002-01-01,/xWkorFfRAW1qdTfIQ8TpLl1rRqI.jpg,0,0,0,0,0,0,,False,,Horror,,
838923,,The Mirror and Markheim,The Mirror and Markheim,en,,,1954-01-01,/8daK6L7leeJ0OuaGd60PEBahATk.jpg,0,0,0,0,0,0,,False,,Horror,,
839069,,Auto Voyeur,Auto Voyeur,en,,,2022-01-01,/jvvIapTNBbyZmoxvTow0abuEdMV.jpg,0,0,0,0,0,0,,False,,Horror,,
839347,,Alone,Alone,en,,,2020-01-01,/axJRwKrU1aW9oBQnh8y5Wxz0RB1.jpg,0,0,0,0,0,0,,False,,Horror,,
840705,,Blink Twice,Blink Twice,en,,,2024-01-01,/lZGOK0I2DJSRlEPNOAFTSNxSjDD.jpg,0,0,0,0,0,0,,False,,Horror,,
840783,,The Rickety Man,The Rickety Man,en,,,2021-01-01,/hJjn0czZAelZSnuo89Mmu4bYtOG.jpg,0,0,0,0,0,0,,False,,Horror,,
842200,,Casting Couch Slaughter 2: The Second Coming,Casting Couch Slaughter 2: The Second Coming,en,,,2021-01-01,/i9BiQJfswYKONFhi6mfn7lKiPH9.jpg,0,0,0,0,0,0,,False,,Horror,,
842493,,Ribblehead,Ribblehead,en,,,2022-01-01,/95zU45IDTmUISU5Aag4gWpmNFW5.jpg,0,0,0,0,0,0,,False,,Horror,,
842521,,Hitch Hike,Hitch Hike,en,,,1979-01-01,/8ByNZKgfzIKJkrEUUa4L9npLz0x.jpg,0,0,0,0,0,0,,False,,Horror,,
842786,,Cannibal Orgy,Cannibal Orgy,en,,,1985-01-01,/2Rz9KRpiNkbSY2P89H1lqCx394K.jpg,0,0,0,0,0,0,,False,,Horror,,
842819,,The Hair Witch Project,The Hair Witch Project,en,,,1999-01-01,/3s41sxoRotJWkMJBsmo0gzBv00j.jpg,0,0,0,0,0,0,,False,,Horror,,
842820,,Snowblind,Snowblind,en,,,2021-01-01,/o16SYdVBO3Xr2UvhMsRJoWUsWVx.jpg,0,0,0,0,0,0,,False,,Horror,,
843158,,"Hey Mister, You're in the Girls' Room","Hey Mister, You're in the Girls' Room",en,,,1991-01-01,/mb0HpzVRN2wu8cJW2oNq0MyFHIC.jpg,0,0,0,0,0,0,,False,,Horror,,
843487,,Terror in the Woods,Terror in the Woods,en,,,1993-01-01,/fsd9z42Zz9QVYTVEK2PUjTgBPBb.jpg,0,0,0,0,0,0,,False,,Horror,,
843842,,Sundown Town,Sundown Town,en,,,2021-01-01,/3Aenp5XvDg9dBP8SJjNwra0hlpm.jpg,0,0,0,0,0,0,,False,,Horror,,
843878,,The Happy Woodcutter,The Happy Woodcutter,en,,,1993-01-01,/iVxWy8JyGoofPaKqO01rGhNHpEX.jpg,0,0,0,0,0,0,,False,,Horror,,
844322,,Dreams Of My Father,Dreams Of My Father,en,,,2021-01-01,/u2Ra1OElY6wSTvSn5W2h7oaobEw.jpg,0,0,0,0,0,0,,False,,Horror,,
844396,,The Friendship Game,The Friendship Game,en,,,2022-01-01,/qXaJkaVTNMhrOylFi6xrWnBQGE8.jpg,0,0,0,0,0,0,,False,,Horror,,
844398,,Shattered,Shattered,en,,,2022-01-01,/ounMihksHS9EI3Uc3KyK46WzD13.jpg,0,0,0,0,0,0,,False,,Horror,,
844634,,Wormhole,Wormhole,en,,,2021-01-01,/8hCv9jSPoWSuGFbkq5xX7wsjytB.jpg,0,0,0,0,0,0,,False,,Horror,,
844918,,Alien Whispers,Alien Whispers,en,,,2021-01-01,/4C1gIIVLjGIYTUNVcmKlgAJ1b3g.jpg,0,0,0,0,0,0,,False,,Horror,,
845004,,Shellter,Shellter,en,,,2009-01-01,/pEiMMidkXZrO2HM0l62qrlKSgl3.jpg,0,0,0,0,0,0,,False,,Horror,,
845097,,The Curse of Lady Lazarus,The Curse of Lady Lazarus,en,,,2020-01-01,/is4akGD3xZNF6C0ifoNVkseHz1M.jpg,0,0,0,0,0,0,,False,,Horror,,
845157,,Soft Teeth,Soft Teeth,en,,,2022-01-01,/pP5TwwlVESTd2BzKPSupS5ZZLEQ.jpg,0,0,0,0,0,0,,False,,Horror,,
845319,,Good Head,Good Head,en,,,2021-01-01,/15WuPtSaifFgUNOFFe4jhZygvq8.jpg,0,0,0,0,0,0,,False,,Horror,,
846045,,Dismembered,Dismembered,en,,,2003-01-01,/tflBGC9VAgekgG7aXiNrwbKNELS.jpg,0,0,0,0,0,0,,False,,Horror,,
846255,,Chicken Ass,Chicken Ass,en,,,2006-01-01,/519uSL3LIEwwJpDGjBRhAItdEAC.jpg,0,0,0,0,0,0,,False,,Horror,,
846423,,Road Kill,Road Kill,en,,,1988-01-01,/Aj314G8lNsM0o0JspIRmZ9VHHHV.jpg,0,0,0,0,0,0,,False,,Horror,,
846424,,Hadley’s Hellhole,Hadley’s Hellhole,en,,,1988-01-01,/Aj314G8lNsM0o0JspIRmZ9VHHHV.jpg,0,0,0,0,0,0,,False,,Horror,,
847314,,Hacksaw: Documentary of a Psycho Killer,Hacksaw: Documentary of a Psycho Killer,en,,,2012-01-01,/sb1MqWm0mrUtPpzcXIeOlQkQwwi.jpg,0,0,0,0,0,0,,False,,Horror,,
847339,,Flatmates Wanted,Flatmates Wanted,en,,,2004-01-01,/xtHblnGEhSijDBncOnDISVx1YDh.jpg,0,0,0,0,0,0,,False,,Horror,,
847420,,Leather Poltergeist,Leather Poltergeist,en,,,1982-01-01,/jiMZ8E4mgtPlZ3O37romno3RFFE.jpg,0,0,0,0,0,0,,False,,Horror,,
847996,,Clout,Clout,en,,,2021-01-01,/dIiN3oUUbL1Ml6AiMEgBd1qWtys.jpg,0,0,0,0,0,0,,False,,Horror,,
848055,,What We Found Out There,What We Found Out There,en,,,2021-01-01,/zuYjk5wiOCJ4WYVDB29cfbvjupP.jpg,0,0,0,0,0,0,,False,,Horror,,
848278,,Jurassic Hunt,Jurassic Hunt,en,,,2021-01-01,/bZnOioDq1ldaxKfUoj3DenHU7mp.jpg,0,0,0,0,0,0,,False,,Horror,,
849042,,Skinwalker,Skinwalker,en,,,2021-01-01,/t8hci9veFxI7vdbBgcZcRlWsUsl.jpg,0,0,0,0,0,0,,False,,Horror,,
849496,,A Folk Horror Tale,A Folk Horror Tale,en,,,2021-01-01,/pcpe2pn96Ifb7bm6u6fG5KW5Vcu.jpg,0,0,0,0,0,0,,False,,Horror,,
849640,,A Strange Kind of Pumpkin,A Strange Kind of Pumpkin,en,,,2015-01-01,/tbe8IAJt3DDM6SAYs3B7YUiSLr7.jpg,0,0,0,0,0,0,,False,,Horror,,
849735,,The Faceless Star,The Faceless Star,en,,,2019-01-01,/psYFqAkmmotzUeD9lH3buoOqzm5.jpg,0,0,0,0,0,0,,False,,Horror,,
849847,,The Masks That the Monsters Wear,The Masks That the Monsters Wear,en,,,2011-01-01,/b9HAWeB9H49rUOBrKkgQBxBUMDg.jpg,0,0,0,0,0,0,,False,,Horror,,
850050,,Hangry,Hangry,en,,,2021-01-01,/9xpzS9FqJfuVJiwgjJjTeGlrcGs.jpg,0,0,0,0,0,0,,False,,Horror,,
850065,,Money Cat,Money Cat,en,,,2021-01-01,/wcRWm8k0GcJC0qTqxkg2mpRkmok.jpg,0,0,0,0,0,0,,False,,Horror,,
850071,,Otherwise,Otherwise,en,,,2021-01-01,/z0WxKhytZj6KKXRVHs0EKhNUZBb.jpg,0,0,0,0,0,0,,False,,Horror,,
850218,,Nest,Nest,en,,,2021-01-01,/mTjf8CbbpA8EEORqb00NUTAwPxm.jpg,0,0,0,0,0,0,,False,,Horror,,
851124,,Shuddersome,Shuddersome,en,,,2011-01-01,/whfKp5MqTBFI1DvlO2nwxO89YiJ.jpg,0,0,0,0,0,0,,False,,Horror,,
851289,,Outside of Darkness,Outside of Darkness,en,,,2018-01-01,/e6QDmCmANMcw1JBOTBhW9mwMy9z.jpg,0,0,0,0,0,0,,False,,Horror,,
851296,,Season's Grievings,Season's Grievings,en,,,2019-01-01,/n9WSMkbpNSYZaRQkIEJnryHMeiI.jpg,0,0,0,0,0,0,,False,,Horror,,
851307,,The Blood Thins,The Blood Thins,en,,,2019-01-01,/4xKSYKY3sIilehnBApTaWunHKvc.jpg,0,0,0,0,0,0,,False,,Horror,,
851466,,Faces of Fear,Faces of Fear,en,,,2020-01-01,/uMZ31Miu66S290KAgDCLWyjRPJ8.jpg,0,0,0,0,0,0,,False,,Horror,,
851839,,Love Bites,Love Bites,en,,,2021-01-01,/8JkSMc0SRMs4lqyi7B1MkUV0Zc4.jpg,0,0,0,0,0,0,,False,,Horror,,
851965,,Bullseye Baby,Bullseye Baby,en,,,2019-01-01,/yPvPxJJMHVgWfxTgjU0FacAaxIA.jpg,0,0,0,0,0,0,,False,,Horror,,
852313,,Appalachian,Appalachian,en,,,2021-01-01,/fzwjqF2kFuTC84O9cm4YRGLaobI.jpg,0,0,0,0,0,0,,False,,Horror,,
852701,,Negative Image,Negative Image,en,,,2011-01-01,/jZygq42ALLSdUXQDlp7KIxG2yYb.jpg,0,0,0,0,0,0,,False,,Horror,,
852829,,The Groundhog's Day Massacre,The Groundhog's Day Massacre,en,,,1986-01-01,/rfhHS3yQzSOc3DNERFkFiNxP3bn.jpg,0,0,0,0,0,0,,False,,Horror,,
852986,,Curse of La Llorona,Curse of La Llorona,en,,,2020-01-01,/9KVIIoX5WxZCo7ZUiVSRCdlQboK.jpg,0,0,0,0,0,0,,False,,Horror,,
853034,,Mephisto's House of Ill Repute,Mephisto's House of Ill Repute,en,,,2021-01-01,/w6ZfRKgV2GDfc3Smi7I6d7BpIDQ.jpg,0,0,0,0,0,0,,False,,Horror,,
853163,,Dumb & Dahmer,Dumb & Dahmer,en,,,2021-01-01,/fkaD3z8mU3fBPNglnf1Lu976UfN.jpg,0,0,0,0,0,0,,False,,Horror,,
853334,,Leech,Leech,en,,,2021-01-01,/2dr79xaxO95R5MhA0zYCirBIbHM.jpg,0,0,0,0,0,0,,False,,Horror,,
853590,,To Haunt You,To Haunt You,en,,,2011-01-01,/aySFGIHJPqF4I4xtZUsHqVbuKl2.jpg,0,0,0,0,0,0,,False,,Horror,,
853604,,Pet Sematary: The Tale of Timmy Baterman,Pet Sematary: The Tale of Timmy Baterman,en,,,2018-01-01,/kiQPSnrcNuvvpjCGHXMzFt35tvK.jpg,0,0,0,0,0,0,,False,,Horror,,
853677,,Bacon,Bacon,en,,,2012-01-01,/5ehcGYVYLHFIJwzapjPn9lJbPDW.jpg,0,0,0,0,0,0,,False,,Horror,,
853730,,Blood Mixed,Blood Mixed,en,,,2019-01-01,/fR6um85AanQstK4UIA1TafMl31D.jpg,0,0,0,0,0,0,,False,,Horror,,
853924,,An Ultraviolent Colour,An Ultraviolent Colour,en,,,2018-01-01,/a5hJ9YiL2ksplHLVwCdhqtwTbrS.jpg,0,0,0,0,0,0,,False,,Horror,,
854251,,Scavengers,Scavengers,en,,,2021-01-01,/qlTH9Xc35ceNLgyo4SFCqyPnDii.jpg,0,0,0,0,0,0,,False,,Horror,,
854302,,Tajriba: The Experiment,Tajriba: The Experiment,en,,,2021-01-01,/rrp3uPm6Kl1hBv2kIGYQ8BXJD5Q.jpg,0,0,0,0,0,0,,False,,Horror,,
854442,,Next-Door Nightmare,Next-Door Nightmare,en,,,2021-01-01,/lkCi5Cm71QqHEwuIppWoI7paiZn.jpg,0,0,0,0,0,0,,False,,Horror,,
854996,,The Devil's Paw,The Devil's Paw,en,,,2015-01-01,/dOR44j11U0R57IXDLPxAMGhUWOy.jpg,0,0,0,0,0,0,,False,,Horror,,
855006,,The Wolf,The Wolf,en,,,2012-01-01,/m9zwEaMgdxO41cARPK1Myem8kPm.jpg,0,0,0,0,0,0,,False,,Horror,,
855140,,The First Snow,The First Snow,en,,,2021-01-01,/tLJNckMZXtU3ZRQDq46Y1v69ka3.jpg,0,0,0,0,0,0,,False,,Horror,,
855245,,Alone,Alone,en,,,2020-01-01,/y049IXR87dSMtB7QazzIv902hn.jpg,0,0,0,0,0,0,,False,,Horror,,
855560,,Fangs Vs Spurs,Fangs Vs Spurs,en,,,2016-01-01,/2szXiro8NqQYuOu7tb0bu4VphVT.jpg,0,0,0,0,0,0,,False,,Horror,,
856062,,$TRIP,$TRIP,en,,,2021-01-01,/AuQuGsjI8WD579sHV7Oxp3Xn5iN.jpg,0,0,0,0,0,0,,False,,Horror,,
856082,,Was Live,Was Live,en,,,2016-01-01,/uraA6p9JYkldNDemU9z6IVzaljo.jpg,0,0,0,0,0,0,,False,,Horror,,
856680,,Tales of Legend,Tales of Legend,en,,,2021-01-01,/ePOxedAFF2aKyOJcZ8SBRSlHvV.jpg,0,0,0,0,0,0,,False,,Horror,,
857240,,Carnival of the Damned,Carnival of the Damned,en,,,2008-01-01,/6YvBEEJhW3PsaoIdHE0on0EfnFS.jpg,0,0,0,0,0,0,,False,,Horror,,
857270,,The End,The End,en,,,2016-01-01,/2eLJ4BjV4Dsf6RBeSCfwhYGsbZX.jpg,0,0,0,0,0,0,,False,,Horror,,
857391,,Cracks,Cracks,en,,,2018-01-01,/bnqvEetc4tuqBaKITTb1d8auw0Q.jpg,0,0,0,0,0,0,,False,,Horror,,
857447,,Heart  of the Beast,Heart  of the Beast,en,,,2017-01-01,/3Pj5GiwAfYxj8Fb6pYVT6wKHI5Z.jpg,0,0,0,0,0,0,,False,,Horror,,
857501,,Drifter,Drifter,en,,,2014-01-01,/sfHvQH6krG9ooPcCkVTre74oMFY.jpg,0,0,0,0,0,0,,False,,Horror,,
857614,,Warning - No Trespassing,Warning - No Trespassing,en,,,2018-01-01,/5bucNwkCjzAHI76hdxW7VrPbuZd.jpg,0,0,0,0,0,0,,False,,Horror,,
857708,,Sunrise,Sunrise,en,,,2020-01-01,/znju52muX8xkr55PuYCYyFnphKU.jpg,0,0,0,0,0,0,,False,,Horror,,
857821,,Limestone Burning,Limestone Burning,en,,,2011-01-01,/kuqaOo7zo7M1rfLXFxHDg3NrloD.jpg,0,0,0,0,0,0,,False,,Horror,,
858003,,Werewolf of Ohio,Werewolf of Ohio,en,,,2001-01-01,/me4NHXrmwF9art7deRRVmhx9JcT.jpg,0,0,0,0,0,0,,False,,Horror,,
858181,,Standing Woman,Standing Woman,en,,,2021-01-01,/wvJ9DEZjzKRiAQ4Lw2rmTLqlQeR.jpg,0,0,0,0,0,0,,False,,Horror,,
858188,,Knit,Knit,en,,,2016-01-01,/yDLuTM9iHOJ2uNE4gDI56GGfonx.jpg,0,0,0,0,0,0,,False,,Horror,,
858239,,The House That Bleeds,The House That Bleeds,en,,,2021-01-01,/5THixQtwCFWRkqeeKMBxeiQ2Sy1.jpg,0,0,0,0,0,0,,False,,Horror,,
858296,,Reap of Evil,Reap of Evil,en,,,1994-01-01,/cGAthJ4BAjYJtZn3XmzAMlyXKV7.jpg,0,0,0,0,0,0,,False,,Horror,,
858600,,Already Dead,Already Dead,en,,,2020-01-01,/vS313BmnLqNFnsdAwvCdwa2xznG.jpg,0,0,0,0,0,0,,False,,Horror,,
858690,,Carve the Flesh,Carve the Flesh,en,,,2019-01-01,/uOEbzaVRuxjZvAd50Mh6pT7PWNp.jpg,0,0,0,0,0,0,,False,,Horror,,
858844,,Troy,Troy,en,,,2015-01-01,/2YeDKKhMcRMPYzgzwnk7I2PDCT.jpg,0,0,0,0,0,0,,False,,Horror,,
858856,,Lake Evermore,Lake Evermore,en,,,2004-01-01,/jyGv2yPAHlCNrmZSKpO9WRnD7I9.jpg,0,0,0,0,0,0,,False,,Horror,,
858975,,Bobo,Bobo,en,,,1994-01-01,/49WIz7mIowDwWRoD72bZcIbRj83.jpg,0,0,0,0,0,0,,False,,Horror,,
859048,,Miss Mary Mack,Miss Mary Mack,en,,,2021-01-01,/fVt9hApnBkEkBWd1jJlHuBFszMj.jpg,0,0,0,0,0,0,,False,,Horror,,
859347,,Sacred Game,Sacred Game,en,,,2009-01-01,/zmIM79wF1qt5RuA8QM9QyMV1IsV.jpg,0,0,0,0,0,0,,False,,Horror,,
859430,,Boogers of the Antichrist,Boogers of the Antichrist,en,,,2020-01-01,/n8njYNBmCv8hHJndJdHsoz3DHJV.jpg,0,0,0,0,0,0,,False,,Horror,,
859431,,Sicko the Bloodclown,Sicko the Bloodclown,en,,,2021-01-01,/hCqHQr5SvvtipWOB4ZRK7GicRNS.jpg,0,0,0,0,0,0,,False,,Horror,,
859657,,Endangered,Endangered,en,,,2020-01-01,/ejxP3S751XxDE9wsHDCqwczZ0MT.jpg,0,0,0,0,0,0,,False,,Horror,,
859839,,Daddy Cool,Daddy Cool,en,,,2002-01-01,/z2MGtAC1TyLtlVYeqISTGcofBrQ.jpg,0,0,0,0,0,0,,False,,Horror,,
860177,,Girl with a Straight Razor,Girl with a Straight Razor,en,,,2021-01-01,/ohSm41x1ZTQVsQifN1n8kA8EjF8.jpg,0,0,0,0,0,0,,False,,Horror,,
860304,,Veneer,Veneer,en,,,2022-01-01,/pLNDWz4kwOYFTq1LXk68MPJRFZS.jpg,0,0,0,0,0,0,,False,,Horror,,
860553,,Evil Rising,Evil Rising,en,,,2016-01-01,/j1FsgNEQ76l4p2VqBNRW6wsKXVX.jpg,0,0,0,0,0,0,,False,,Horror,,
860606,,GUTS,GUTS,en,,,2021-01-01,/1hZdHrblknAl4T0IDqF1iEq1T2h.jpg,0,0,0,0,0,0,,False,,Horror,,
860861,,Hans Crippleton: Talk to the Hans,Hans Crippleton: Talk to the Hans,en,,,2014-01-01,/nLX4U0zTkS3lrj0JY9F4DGc9kGm.jpg,0,0,0,0,0,0,,False,,Horror,,
862239,,Lucia,Lucia,en,,,2021-01-01,/2T0UmXFeAnLPHFqXcDczAdR4mmj.jpg,0,0,0,0,0,0,,False,,Horror,,
862250,,The House On Misty Lane: Chapter Two,The House On Misty Lane: Chapter Two,en,,,2020-01-01,/68dDT55xfceLRl4xwlZAhCXor0O.jpg,0,0,0,0,0,0,,False,,Horror,,
862404,,Thrill Kill Video Club,Thrill Kill Video Club,en,,,1991-01-01,/iJYyEm4rTC8eX0bfnUtmOcN5Kg8.jpg,0,0,0,0,0,0,,False,,Horror,,
862529,,The Welder,The Welder,en,,,2021-01-01,/pxfGlmdj5OQBJt0LBRhC611r8RJ.jpg,0,0,0,0,0,0,,False,,Horror,,
862724,,Missing,Missing,en,,,2014-01-01,/ufh4oBlW8TjUxNe4jODBWXSxvNJ.jpg,0,0,0,0,0,0,,False,,Horror,,
862748,,The Sound,The Sound,en,,,2021-01-01,/2dCTTDeL8BaMZw5sGDsAFrD5l2Y.jpg,0,0,0,0,0,0,,False,,Horror,,
862816,,CREEP,CREEP,en,,,2014-01-01,/p1SWC0wTrAiw10gQ8o7umxLnoWb.jpg,0,0,0,0,0,0,,False,,Horror,,
862818,,A Purple Vision,A Purple Vision,en,,,2021-01-01,/q3zlrjdFrlbIrY7lVAjjjQswixd.jpg,0,0,0,0,0,0,,False,,Horror,,
863181,,Cheshire,Cheshire,en,,,2018-01-01,/keFrS2lAuUFAtMp8yuNhN8i1x9o.jpg,0,0,0,0,0,0,,False,,Horror,,
863295,,Mortuary of the Dead,Mortuary of the Dead,en,,,1992-01-01,/wKuWdGoJOrW6C2lZtZ8SU1r38XW.jpg,0,0,0,0,0,0,,False,,Horror,,
863371,,2001 Faces,2001 Faces,en,,,2001-01-01,/umt1lZZtomtmbPtRqfEgkV0tsJM.jpg,0,0,0,0,0,0,,False,,Horror,,
863438,,Who Watched Them Die?,Who Watched Them Die?,en,,,2015-01-01,/vRJYDNnXwimRT9Mg1dWGRAoNrpe.jpg,0,0,0,0,0,0,,False,,Horror,,
863542,,The Halloween Store Zombie Wedding Movie,The Halloween Store Zombie Wedding Movie,en,,,2016-01-01,/xiKJqophZYGXkkb8rZArAjZnpdP.jpg,0,0,0,0,0,0,,False,,Horror,,
863593,,Creaks,Creaks,en,,,2020-01-01,/1KiE9ANzekTuZLmHfb0SRrXOyZK.jpg,0,0,0,0,0,0,,False,,Horror,,
863594,,Tap Tap,Tap Tap,en,,,2018-01-01,/yQtsjoRbi8mrJEOml09DliCkcww.jpg,0,0,0,0,0,0,,False,,Horror,,
863662,,Taker of Souls,Taker of Souls,en,,,2017-01-01,/gLPrm9qJ1cXSY7x3LWurqyI10UT.jpg,0,0,0,0,0,0,,False,,Horror,,
863672,,Delicious,Delicious,en,,,2020-01-01,/vmDjm4wIZoK9Kb4GPckcQCYuwlN.jpg,0,0,0,0,0,0,,False,,Horror,,
863680,,The Guest,The Guest,en,,,2020-01-01,/f8LrZarDBRLL29TAT6mszDyQxvy.jpg,0,0,0,0,0,0,,False,,Horror,,
863688,,See See TV,See See TV,en,,,2021-01-01,/eGRj6KFy0FyMOXeUimd5aRoCHOj.jpg,0,0,0,0,0,0,,False,,Horror,,
863776,,Sweet & Lo,Sweet & Lo,en,,,2018-01-01,/A1j93mQaCenyyNAvCo715dc2D6Q.jpg,0,0,0,0,0,0,,False,,Horror,,
863856,,Los Angeles Bondage Murders,Los Angeles Bondage Murders,en,,,2017-01-01,/gbBIpW8wituUcvEIoYu4Z9SIAzT.jpg,0,0,0,0,0,0,,False,,Horror,,
864207,,Fourth Session,Fourth Session,en,,,2013-01-01,/88g6yKyinkI0BmAp85kmKzpWvOg.jpg,0,0,0,0,0,0,,False,,Horror,,
864536,,Thug,Thug,en,,,2017-01-01,/pzmEnPKXNflvo4g4uNK9Vwomlk.jpg,0,0,0,0,0,0,,False,,Horror,,
864850,,The Last Spark,The Last Spark,en,,,2021-01-01,/pKtmIvPjyZ6Efbo1PMFDsrUpqPV.jpg,0,0,0,0,0,0,,False,,Horror,,
865008,,A Darker Light,A Darker Light,en,,,1996-01-01,/9sOfD2GExsOwTHH5EvmlfJBf26D.jpg,0,0,0,0,0,0,,False,,Horror,,
865616,,Inside,Inside,en,,,2011-01-01,/cRmz5pDytWkZJyd212fa7K4reYd.jpg,0,0,0,0,0,0,,False,,Horror,,
865949,,Valentine's Die,Valentine's Die,en,,,2016-01-01,/6vc2Goc97cH0ahLeqj3l8DMBZuh.jpg,0,0,0,0,0,0,,False,,Horror,,
866682,,Panther Ridge,Panther Ridge,en,,,2018-01-01,/euikzbi8GSZc2kGKxCoWctHvIIv.jpg,0,0,0,0,0,0,,False,,Horror,,
868768,,Griffica,Griffica,en,,,2021-01-01,/nM87xdBUYpwOGSbKyvvIZyObvyC.jpg,0,0,0,0,0,0,,False,,Horror,,
869046,,Hysteria,Hysteria,en,,,2010-01-01,/vGxyHrmuFNjfcYHnggfVz2OMuzG.jpg,0,0,0,0,0,0,,False,,Horror,,
869434,,Unknown Dimension: The Story of Paranormal Activity,Unknown Dimension: The Story of Paranormal Activity,en,,,2021-01-01,/10a5miRZ8FMNCiPC8PIc0sAdBlk.jpg,0,0,0,0,0,0,,False,,Horror,,
870660,,In the Face of Evil,In the Face of Evil,en,,,2022-01-01,/FqfXsbgIPs4JYM4Td9sMSXscNf.jpg,0,0,0,0,0,0,,False,,Horror,,
870950,,The Wereback,The Wereback,en,,,2021-01-01,/qfcMHPhTVwwqCJn34baqoQGI6OF.jpg,0,0,0,0,0,0,,False,,Horror,,
871138,,The Oak Labyrinth,The Oak Labyrinth,en,,,2021-01-01,/vorF6gVrSLrOkPAGqeplZ7FzAMm.jpg,0,0,0,0,0,0,,False,,Horror,,
871449,,Release the Bats,Release the Bats,en,,,2018-01-01,/9ielrswxbKV3G97UxCpVSKgl7Ac.jpg,0,0,0,0,0,0,,False,,Horror,,
871472,,On the Road Again,On the Road Again,en,,,2020-01-01,/jGKctWGmAnbuH6IgpNbcz1w8CTF.jpg,0,0,0,0,0,0,,False,,Horror,,
871654,,Mystic Xrossing,Mystic Xrossing,en,,,2018-01-01,/oiCssXg468TwZ9rFgojtrja6Avf.jpg,0,0,0,0,0,0,,False,,Horror,,
872253,,Animus,Animus,en,,,2020-01-01,/zycuYzTFrthJ0q2LIri2YLQpzrX.jpg,0,0,0,0,0,0,,False,,Horror,,
872278,,The Veil of Isolation,The Veil of Isolation,en,,,2021-01-01,/sL9XrEFGXIav5chudXmO3mIrzA9.jpg,0,0,0,0,0,0,,False,,Horror,,
872376,,Snakes and Ladders,Snakes and Ladders,en,,,2016-01-01,/9H6d2tY9CKDUBR2yKzD8bsnvhzV.jpg,0,0,0,0,0,0,,False,,Horror,,
872382,,Jack's Shed,Jack's Shed,en,,,2019-01-01,/k4zpcBBq7Kkug8awkU0AaNIw9Cq.jpg,0,0,0,0,0,0,,False,,Horror,,
872383,,37 Ghosts,37 Ghosts,en,,,2018-01-01,/2p1Q4eX11A7F4fZUXT2UkAGnG0V.jpg,0,0,0,0,0,0,,False,,Horror,,
872386,,Old Born,Old Born,en,,,2020-01-01,/yNvYaLoB1bFkIQAHNMxPF8lFj02.jpg,0,0,0,0,0,0,,False,,Horror,,
872506,,Black Hole,Black Hole,en,,,2021-01-01,/jdXydW2lQCPbUNdTUKzD1L0Zwvy.jpg,0,0,0,0,0,0,,False,,Horror,,
872721,,MetaVision,MetaVision,en,,,2020-01-01,/xwQ3xPF2Hcl48uoXRwBwGaYbKOA.jpg,0,0,0,0,0,0,,False,,Horror,,
872732,,Gussy,Gussy,en,,,2022-01-01,/cqz959U5cDU2tYb16O4ZzxwLBWe.jpg,0,0,0,0,0,0,,False,,Horror,,
872886,,Bewere!,Bewere!,en,,,2019-01-01,/jy1yrHwRWMey8wh3c6BchnuLSOg.jpg,0,0,0,0,0,0,,False,,Horror,,
872940,,Shallow Graves,Shallow Graves,en,,,2020-01-01,/tGL2CoroARov2ZqULPT5U0e52Z4.jpg,0,0,0,0,0,0,,False,,Horror,,
873330,,The Talisman,The Talisman,en,,,2008-01-01,/meDfTuzcqGuLWHH0kMSGH2M8L3S.jpg,0,0,0,0,0,0,,False,,Horror,,
873639,,Space Zombies: 13 Months of Brain-Spinning Mayhem!,Space Zombies: 13 Months of Brain-Spinning Mayhem!,en,,,2004-01-01,/cLftooXGH3nuXBpUGlGLhcy9pWa.jpg,0,0,0,0,0,0,,False,,Horror,,
873754,,Mia,Mia,en,,,2017-01-01,/28bOiaTNjcYnm68ixPaYUutyns4.jpg,0,0,0,0,0,0,,False,,Horror,,
873808,,Bigfoot vs Megalodon,Bigfoot vs Megalodon,en,,,2021-01-01,/d062EFmHwvsJvUJLWbTLg695Rt.jpg,0,0,0,0,0,0,,False,,Horror,,
874334,,Lamia,Lamia,en,,,2016-01-01,/talAZ3JtaTG9Tud0MZLMr6tPvF2.jpg,0,0,0,0,0,0,,False,,Horror,,
874544,,The Souls of Black Pebbles,The Souls of Black Pebbles,en,,,2021-01-01,/cmL61QS7GAsQXlAGJuPNvcyrvg4.jpg,0,0,0,0,0,0,,False,,Horror,,
874832,,Part of Me,Part of Me,en,,,2021-01-01,/qwfDrKxOA49iUOUAes8Yl5WZKRv.jpg,0,0,0,0,0,0,,False,,Horror,,
874969,,The Decapitator,The Decapitator,en,,,1995-01-01,/hLZ7NUzR4vhsz8NfZaQOsO8UWlT.jpg,0,0,0,0,0,0,,False,,Horror,,
876283,,Beneath the Old Dark House,Beneath the Old Dark House,en,,,2022-01-01,/1dwW8h9AP17nw8r8Eg5zeQKNwyF.jpg,0,0,0,0,0,0,,False,,Horror,,
876457,,Dark Shadows,Dark Shadows,en,,,2005-01-01,/vrAsf6sc88kEoOc4j4PRxkZjZNa.jpg,0,0,0,0,0,0,,False,,Horror,,
876531,,Welcome to Our Home,Welcome to Our Home,en,,,2021-01-01,/5Cb18PmWEZ8K9ICTxaQGGn5tKZ2.jpg,0,0,0,0,0,0,,False,,Horror,,
876708,,The Shadow,The Shadow,en,,,2021-01-01,/8N7HuqFA1OEJOw54Qsb2tQUwgjm.jpg,0,0,0,0,0,0,,False,,Horror,,
876864,,Game Night,Game Night,en,,,2020-01-01,/8H5D6cih9MHgCBYWtpztly8gvpM.jpg,0,0,0,0,0,0,,False,,Horror,,
876932,,The Crude Crypt Volume One,The Crude Crypt Volume One,en,,,2021-01-01,/3cHASYXANOCBDzArEE03W4gRN5R.jpg,0,0,0,0,0,0,,False,,Horror,,
877000,,Stalked,Stalked,en,,,2022-01-01,/j1Vc849zvNHJAIKJixBg4TPj13i.jpg,0,0,0,0,0,0,,False,,Horror,,
877024,,The Monster,The Monster,en,,,2021-01-01,/tDorBE6ob94OJQtumEYvicN8Kne.jpg,0,0,0,0,0,0,,False,,Horror,,
877055,,An Offer Refused,An Offer Refused,en,,,2022-01-01,/48Htm1yOBxXPcc0SZaKytwQMicg.jpg,0,0,0,0,0,0,,False,,Horror,,
877772,,Dead Dad,Dead Dad,en,,,2020-01-01,/dMUYjmqcsbArj8nIm0ay9J42KOH.jpg,0,0,0,0,0,0,,False,,Horror,,
878113,,Mother Mortis: Awakening,Mother Mortis: Awakening,en,,,2021-01-01,/tztK5O97NNZQQV633h0rNc7wWfp.jpg,0,0,0,0,0,0,,False,,Horror,,
878686,,The Bigfoot Hunter: Still Searchin',The Bigfoot Hunter: Still Searchin',en,,,2011-01-01,/x6j9WJJeHQZw9bRwV5RouJaNKg2.jpg,0,0,0,0,0,0,,False,,Horror,,
878838,,Hit,Hit,en,,,2017-01-01,/oY0bhqGBvKmoksZ2jfw2UXZtMXZ.jpg,0,0,0,0,0,0,,False,,Horror,,
878849,,The Wave,The Wave,en,,,2017-01-01,/nbRF49N3UngBbwvbd4q2CabY1C3.jpg,0,0,0,0,0,0,,False,,Horror,,
878856,,Tracks,Tracks,en,,,2017-01-01,/fI3lP2rZ0Ww2R2yzq4lQVyqHh9s.jpg,0,0,0,0,0,0,,False,,Horror,,
879203,,Bad Ben: The Way In,Bad Ben: The Way In,en,,,2019-01-01,/n1k0AJ1Cs1xFXPsmG85xmVEAVsg.jpg,0,0,0,0,0,0,,False,,Horror,,
879538,,Crawlspace,Crawlspace,en,,,2022-01-01,/yZVByCjWvKdSWcYLacoFmnOoSpm.jpg,0,0,0,0,0,0,,False,,Horror,,
879912,,Without Mercy,Without Mercy,en,,,2005-01-01,/e76gKEjCDNSxP0EEZsr5dkx7z8V.jpg,0,0,0,0,0,0,,False,,Horror,,
880029,,Behind You,Behind You,en,,,2021-01-01,/y3qXdFYbbmAYhY6XloqR5VQHfqp.jpg,0,0,0,0,0,0,,False,,Horror,,
880271,,Tranvía,Tranvía,en,,,2021-01-01,/1P1ZQLoTB6KObGKsR8KJSkqtF1B.jpg,0,0,0,0,0,0,,False,,Horror,,
880289,,Evie,Evie,en,,,2021-01-01,/xW5GuI2ERC64GxzZSlZmi30ojxk.jpg,0,0,0,0,0,0,,False,,Horror,,
880337,,The Lake Parasite,The Lake Parasite,en,,,2021-01-01,/eSsC1OTfykDXMdzVGR9JwZ1I2es.jpg,0,0,0,0,0,0,,False,,Horror,,
880393,,Hollowhood,Hollowhood,en,,,2021-01-01,/vFs7tvn9b82pUyLhGYNDOkM9TtR.jpg,0,0,0,0,0,0,,False,,Horror,,
880623,,Moopet Pastor,Moopet Pastor,en,,,2017-01-01,/lPuNBYBnjou2fvxUZRB1KPt95wi.jpg,0,0,0,0,0,0,,False,,Horror,,
881070,,Killara,Killara,en,,,2021-01-01,/qEJ1qSZiB6mnwmYeque3VqGSgNF.jpg,0,0,0,0,0,0,,False,,Horror,,
881216,,A Serious Predicament,A Serious Predicament,en,,,2020-01-01,/tq6IO3y5jpybZ0fXcq0WPNYuQje.jpg,0,0,0,0,0,0,,False,,Horror,,
881258,,Harvest Bowl,Harvest Bowl,en,,,2021-01-01,/xKYIkTADbZYEqZejZNjiuGarH6A.jpg,0,0,0,0,0,0,,False,,Horror,,
881424,,Hell No,Hell No,en,,,2020-01-01,/lG4RBMYKajVkBM2eVndo2l4j1iv.jpg,0,0,0,0,0,0,,False,,Horror,,
881800,,The Hound of Hannibal: An American Werewolf,The Hound of Hannibal: An American Werewolf,en,,,2020-01-01,/6lkwpAH2aKtykSb86l8u2zDTYn.jpg,0,0,0,0,0,0,,False,,Horror,,
881820,,VERONICA Skeletons in the Closet,VERONICA Skeletons in the Closet,en,,,2022-01-01,/4qALIN8FituGjeVE4tuCQE0QPdz.jpg,0,0,0,0,0,0,,False,,Horror,,
882008,,Fleshy Headed Mutants of 2051,Fleshy Headed Mutants of 2051,en,,,1989-01-01,/q6K0o0I8SokBI2RCY0onC493lSh.jpg,0,0,0,0,0,0,,False,,Horror,,
882157,,The Black Beyond,The Black Beyond,en,,,1992-01-01,/uIURLX3Up6C8ABaLmmaacFO1lS5.jpg,0,0,0,0,0,0,,False,,Horror,,
882488,,Night,Night,en,,,1996-01-01,/cKHs3M18chk9pWDDNik1ZbNsbuF.jpg,0,0,0,0,0,0,,False,,Horror,,
882596,,Sleep Talker,Sleep Talker,en,,,2021-01-01,/zHzRXPV3732HTJR0wHpgzCDobVP.jpg,0,0,0,0,0,0,,False,,Horror,,
882806,,Gay Teen Werewolf,Gay Teen Werewolf,en,,,2021-01-01,/r0KvUcFMRPV2q3N5L6SHiyjETEz.jpg,0,0,0,0,0,0,,False,,Horror,,
882835,,Paradise Lost,Paradise Lost,en,,,2006-01-01,/5CaYXEX3Lc9jRtZGWc8SQfswEv2.jpg,0,0,0,0,0,0,,False,,Horror,,
883089,,Verified,Verified,en,,,2021-01-01,/3G59T4koJqV4AeZwTpx30cJNe7C.jpg,0,0,0,0,0,0,,False,,Horror,,
883978,,Humpleforeskin: The Res-Erection,Humpleforeskin: The Res-Erection,en,,,2005-01-01,/hjPz8JCRdyeQTQ5qdF3I6WvqLY7.jpg,0,0,0,0,0,0,,False,,Horror,,
883989,,Hawaiian Snap,Hawaiian Snap,en,,,2017-01-01,/dl4FEibeElrREjS08lIM0fBuTz0.jpg,0,0,0,0,0,0,,False,,Horror,,
884180,,Imp,Imp,en,,,2016-01-01,/k26J4N6H0e5oXDiV2QrIL3xyuyt.jpg,0,0,0,0,0,0,,False,,Horror,,
884224,,The Incredible Dyke,The Incredible Dyke,en,,,2007-01-01,/wzplYucwZCQvFOtPtk7YQEKrWVg.jpg,0,0,0,0,0,0,,False,,Horror,,
884288,,What Tomorrow Brings,What Tomorrow Brings,en,,,2014-01-01,/j4Ldn7VtbRBlw8pMY3K5Z7u0NeK.jpg,0,0,0,0,0,0,,False,,Horror,,
884304,,Only Another Day,Only Another Day,en,,,2013-01-01,/9pFAvfSFbZZYnM1YzaM65oPlwXT.jpg,0,0,0,0,0,0,,False,,Horror,,
884402,,Boo!,Boo!,en,,,2011-01-01,/iGGiLZkiDYmOFHIO2whLswk5BK1.jpg,0,0,0,0,0,0,,False,,Horror,,
884415,,Keepsake!,Keepsake!,en,,,2019-01-01,/eUGbBF0PjLq6pndMezAnS0zeH0x.jpg,0,0,0,0,0,0,,False,,Horror,,
884506,,Itch,Itch,en,,,2021-01-01,/nOQkOYGJgGFX6azWUqh9DcIX2Qm.jpg,0,0,0,0,0,0,,False,,Horror,,
884728,,Maybe You Should Be Careful,Maybe You Should Be Careful,en,,,2021-01-01,/4UgvEZbNdXSTmsCZLt7u4IJ7Fep.jpg,0,0,0,0,0,0,,False,,Horror,,
884788,,Island of the Blind Dead,Island of the Blind Dead,en,,,2015-01-01,/oCVh1JvyYc9Cpn6HdtmQBVRBbjS.jpg,0,0,0,0,0,0,,False,,Horror,,
885101,,This Is How You Die,This Is How You Die,en,,,2013-01-01,/jI4pEkrUss8MbWlbzskzYBMyaIc.jpg,0,0,0,0,0,0,,False,,Horror,,
885460,,The Chosen One,The Chosen One,en,,,2022-01-01,/5mhtdZQ5yXK717zRp3PunMdA3fw.jpg,0,0,0,0,0,0,,False,,Horror,,
885837,,The Dinner After,The Dinner After,en,,,2021-01-01,/4dcoVFXx4pVSV1tjNgdUYC5MH34.jpg,0,0,0,0,0,0,,False,,Horror,,
885895,,Siren,Siren,en,,,2021-01-01,/1evsDX16UJXgRvphSXEvjBEb8R0.jpg,0,0,0,0,0,0,,False,,Horror,,
885938,,Fang,Fang,en,,,2022-01-01,/6I8tHZSQBoHEn0GYPkxtNRODDnn.jpg,0,0,0,0,0,0,,False,,Horror,,
886142,,The Hauntings in Madhya Pradesh,The Hauntings in Madhya Pradesh,en,,,2021-01-01,/2zEVfkxxvjx9upH8YSUTygM62Fu.jpg,0,0,0,0,0,0,,False,,Horror,,
886514,,Day Of Disappearance,Day Of Disappearance,en,,,2021-01-01,/pih7ZFRlB1Ij4yL6GPXEd6HTPzH.jpg,0,0,0,0,0,0,,False,,Horror,,
886581,,Tickles the Clown,Tickles the Clown,en,,,2021-01-01,/qBIYtw5n4lvj8dVniuVd9e1YhDU.jpg,0,0,0,0,0,0,,False,,Horror,,
886606,,Spare Body,Spare Body,en,,,2021-01-01,/w1k3VtSOmgNizA6nOZVOPDxusHq.jpg,0,0,0,0,0,0,,False,,Horror,,
886778,,Sins of the Father,Sins of the Father,en,,,2022-01-01,/hzg1P0KhWIj0jwOTJUradOYO99p.jpg,0,0,0,0,0,0,,False,,Horror,,
886873,,The Thing Inside Us,The Thing Inside Us,en,,,2021-01-01,/cKNhcdkF4ob5AHKKqH9Fz2uIVf3.jpg,0,0,0,0,0,0,,False,,Horror,,
886963,,GoodBi,GoodBi,en,,,2022-01-01,/A5BH0RFBLS2DysY6To2q5aB3cfi.jpg,0,0,0,0,0,0,,False,,Horror,,
887690,,Rat,Rat,en,,,2021-01-01,/cx9Q6QYqDPexOLqbMWhMBu1dUOz.jpg,0,0,0,0,0,0,,False,,Horror,,
888192,,In the Name of Satan,In the Name of Satan,en,,,1990-01-01,/yWsNRRsrApohAElPNlnPeI31UuH.jpg,0,0,0,0,0,0,,False,,Horror,,
888368,,The Edge of Evil: The Rise of Satanism in North America,The Edge of Evil: The Rise of Satanism in North America,en,,,1989-01-01,/jKgXbS5lgTisVaMXWCWYli114Sh.jpg,0,0,0,0,0,0,,False,,Horror,,
888842,,Bone Gym,Bone Gym,en,,,2017-01-01,/8InaOYdhgalJwtcbqbpCHPIvJ3C.jpg,0,0,0,0,0,0,,False,,Horror,,
889107,,Fire on the Mountain,Fire on the Mountain,en,,,2020-01-01,/5ZevNS2cgxBKzjrXwHeIB4SApXT.jpg,0,0,0,0,0,0,,False,,Horror,,
889418,,Love Hurts,Love Hurts,en,,,2021-01-01,/xuIUfp5BuuHj8SbyutauxSGm9gJ.jpg,0,0,0,0,0,0,,False,,Horror,,
889539,,DeathHaze: The Rabbit Trial,DeathHaze: The Rabbit Trial,en,,,2020-01-01,/NLhzX4wgUugBSrLGMtYmEMXXkX.jpg,0,0,0,0,0,0,,False,,Horror,,
889658,,Spaghetti Face,Spaghetti Face,en,,,2021-01-01,/xXaKZZcKCLQKuCM3ZknheqDjqxv.jpg,0,0,0,0,0,0,,False,,Horror,,
889685,,My House,My House,en,,,2020-01-01,/r6F6TuapQ0iLhYCKvsi4r4D3o3R.jpg,0,0,0,0,0,0,,False,,Horror,,
889753,,Night Night,Night Night,en,,,2021-01-01,/s21fiJT7C2IjKN0xICtrWmvlEM4.jpg,0,0,0,0,0,0,,False,,Horror,,
891527,,Fame Fatale,Fame Fatale,en,,,2021-01-01,/v528yc0hIKswhWmeuUFB59tlTai.jpg,0,0,0,0,0,0,,False,,Horror,,
891576,,Mummering Legends,Mummering Legends,en,,,2021-01-01,/k88q6rka0DSOtCHLtkJ2BE0LO1g.jpg,0,0,0,0,0,0,,False,,Horror,,
891924,,Chester,Chester,en,,,2011-01-01,/oYiXeIFJNCekixjRda4GC5Kcquc.jpg,0,0,0,0,0,0,,False,,Horror,,
892079,,"Inch Thick, Knee Deep","Inch Thick, Knee Deep",en,,,2021-01-01,/fxf3wgUba5HE5ommCDG9SI9m2wm.jpg,0,0,0,0,0,0,,False,,Horror,,
892417,,The Reaper,The Reaper,en,,,2021-01-01,/ydYOzbU4CqOFU7pXwwrLA8m1W7V.jpg,0,0,0,0,0,0,,False,,Horror,,
892426,,Ivanka The Baby Snatcher,Ivanka The Baby Snatcher,en,,,2021-01-01,/mHPU8Cgr5M35Ox6azTw6a7m4STH.jpg,0,0,0,0,0,0,,False,,Horror,,
892965,,Lux Noctis,Lux Noctis,en,,,2021-01-01,/eRowAmVOv5vKO69jhDROzCSoezF.jpg,0,0,0,0,0,0,,False,,Horror,,
893323,,Rosso,Rosso,en,,,2021-01-01,/y6SC5S8HOcAIXja3D3GAYrw5egI.jpg,0,0,0,0,0,0,,False,,Horror,,
893355,,Zombie Sperm,Zombie Sperm,en,,,2014-01-01,/WIyGSuhgRNcTOIFpywmw65d9i.jpg,0,0,0,0,0,0,,False,,Horror,,
893535,,Grandma,Grandma,en,,,2021-01-01,/xocrOnW2iN2yH7Il2G8Urd0FGis.jpg,0,0,0,0,0,0,,False,,Horror,,
893861,,Chupa,Chupa,en,,,2000-01-01,/ywcNaTjoUSrIXsg8jGOG8a917YF.jpg,0,0,0,0,0,0,,False,,Horror,,
893985,,Evil Online,Evil Online,en,,,2017-01-01,/5hjby95boeF6lntra7eHvRuzWWv.jpg,0,0,0,0,0,0,,False,,Horror,,
894205,,Werewolf by Night,Werewolf by Night,en,,,2022-01-01,/mvIvNKRIJPPS7WSFarFhOAGIVnU.jpg,0,0,0,0,0,0,,False,,Horror,,
894586,,American Exposé: Absence of Light,American Exposé: Absence of Light,en,,,1993-01-01,/30rDuo9tYmgS4JvfUIxZSrn150o.jpg,0,0,0,0,0,0,,False,,Horror,,
895318,,The Risen,The Risen,en,,,2003-01-01,/FP18Chl9sSvpmUxun25rD4Hooh.jpg,0,0,0,0,0,0,,False,,Horror,,
896413,,I'm Still Here,I'm Still Here,en,,,2021-01-01,/ciBoszKuM1EtGHMRQI8IXDPLMuu.jpg,0,0,0,0,0,0,,False,,Horror,,
896662,,Banned & Exposed 200X II,Banned & Exposed 200X II,en,,,2005-01-01,/q2gdGCr1WdebXMIFYZI7HzlwU8w.jpg,0,0,0,0,0,0,,False,,Horror,,
897454,,Night Fill,Night Fill,en,,,2019-01-01,/5I2tPzeiT5aMciWmrjOHKlgg76p.jpg,0,0,0,0,0,0,,False,,Horror,,
898369,,Processing,Processing,en,,,2020-01-01,/hKvohU7bVDwd67Ix9grfJEy4fZT.jpg,0,0,0,0,0,0,,False,,Horror,,
898770,,The Wraith Within,The Wraith Within,en,,,2022-01-01,/mkQ4rQxRJeTJUTHvhN0jxWFFTwB.jpg,0,0,0,0,0,0,,False,,Horror,,
899324,,Tape Head,Tape Head,en,,,2021-01-01,/kOH74Xn5si7yWsoXqAHixOuigoG.jpg,0,0,0,0,0,0,,False,,Horror,,
899603,,He Comes at Night,He Comes at Night,en,,,2021-01-01,/y5CEC7LBVAv4JbbsgNc1DvJ7pA4.jpg,0,0,0,0,0,0,,False,,Horror,,
899606,,Phantasmic,Phantasmic,en,,,2021-01-01,/t689FOgowBfwP8XoCvgFfQrp6gL.jpg,0,0,0,0,0,0,,False,,Horror,,
899977,,Anglerfish,Anglerfish,en,,,2022-01-01,/ha6nqrr444kMIlTNwN6HBji3EQT.jpg,0,0,0,0,0,0,,False,,Horror,,
900273,,Tunnel To The Inferno,Tunnel To The Inferno,en,,,2021-01-01,/azMLKReurL8AeSDqkJXfnOfWWmH.jpg,0,0,0,0,0,0,,False,,Horror,,
900314,,One Last Bite,One Last Bite,en,,,2021-01-01,/bHgCMmdWuNCIO58UcjFUw4fKyTh.jpg,0,0,0,0,0,0,,False,,Horror,,
901090,,The Strong Box,The Strong Box,en,,,2020-01-01,/u27gmei2ZkZhpV7ZY8WlDOzBE6V.jpg,0,0,0,0,0,0,,False,,Horror,,
901330,,Toothache,Toothache,en,,,2019-01-01,/uB31pIFzAaL8wUJi9KFFCkeqePo.jpg,0,0,0,0,0,0,,False,,Horror,,
901338,,Our First Priority,Our First Priority,en,,,2022-01-01,/cXtvAg5HckqngWb7EDDlLGCSnFl.jpg,0,0,0,0,0,0,,False,,Horror,,
903500,,Return of the Salem Witch,Return of the Salem Witch,en,,,2022-01-01,/6iDaJAufAXfzQP48mBITOMqy4HI.jpg,0,0,0,0,0,0,,False,,Horror,,
903513,,Amityville Scarecrow 2,Amityville Scarecrow 2,en,,,2022-01-01,/v05i4Lywhth8cIE0y8EhwORGPMd.jpg,0,0,0,0,0,0,,False,,Horror,,
903802,,Winter's End,Winter's End,en,,,2005-01-01,/oBHAxTh1Cy4l6uaGnawB12dGqSC.jpg,0,0,0,0,0,0,,False,,Horror,,
904669,,Dying IV,Dying IV,en,,,1989-01-01,/f460AuXo0dytVlLD2MFbV3PL1z9.jpg,0,0,0,0,0,0,,False,,Horror,,
905044,,Ingloda: The Possession Within,Ingloda: The Possession Within,en,,,2013-01-01,/h5VNSlnL2KmwtWzi79B1B76pOBC.jpg,0,0,0,0,0,0,,False,,Horror,,
910355,,Ghoul House,Ghoul House,en,,,2021-01-01,/qKuJHU9Sd35p2SZOC1vIBP0aGDO.jpg,0,0,0,0,0,0,,False,,Horror,,
910807,,Fukt,Fukt,en,,,2021-01-01,/kmFFU1nUtBSYwwc9q3IBmMSiobg.jpg,0,0,0,0,0,0,,False,,Horror,,
911106,,Grummy,Grummy,en,,,2021-01-01,/jOHpRm7Hlf5iAYUvpFfiz6OvGis.jpg,0,0,0,0,0,0,,False,,Horror,,
911904,,Demon in the White House,Demon in the White House,en,,,2021-01-01,/bTWJ763ujOgE0ewHTCGcYj4WSIU.jpg,0,0,0,0,0,0,,False,,Horror,,
912133,,Appurtenance,Appurtenance,en,,,2019-01-01,/khRXglhWRKl8HaAp2fHJA5XBQX4.jpg,0,0,0,0,0,0,,False,,Horror,,
912195,,Hylas,Hylas,en,,,2021-01-01,/yGBs559NCuOoey7WybnoHFk9xl.jpg,0,0,0,0,0,0,,False,,Horror,,
912404,,Blank Page,Blank Page,en,,,2021-01-01,/jRpTFTkv8KkrqZh397gLQIvVRjR.jpg,0,0,0,0,0,0,,False,,Horror,,
912878,,Every Time We Meet for Ice Cream Your Whole F*cking Face Explodes,Every Time We Meet for Ice Cream Your Whole F*cking Face Explodes,en,,,2022-01-01,/jEEXgj92JEe0qI9S8gDa2CUEDLV.jpg,0,0,0,0,0,0,,False,,Horror,,
913163,,Hallucinated,Hallucinated,en,,,2020-01-01,/lMgd7ASNrR5x3Jn6gbVyD1Wo1Tj.jpg,0,0,0,0,0,0,,False,,Horror,,
913568,,Life in the XXI Century,Life in the XXI Century,en,,,2021-01-01,/v9zadAZqYrMc3bD0IxBGhSQ3uPZ.jpg,0,0,0,0,0,0,,False,,Horror,,
914520,,Mr. Murakami's Garden,Mr. Murakami's Garden,en,,,1999-01-01,/uzzKDNZv2RnSZRK1q3nRPIKPp5B.jpg,0,0,0,0,0,0,,False,,Horror,,
915160,,CALCO (A Symphony of Echo),CALCO (A Symphony of Echo),en,,,2019-01-01,/8Z84wgSSlo32iXjgo7zZJbgBPAz.jpg,0,0,0,0,0,0,,False,,Horror,,
915296,,Heat It Up! With Chef Richard Beaver,Heat It Up! With Chef Richard Beaver,en,,,2021-01-01,/wnaesOYRa6DH8MwEcMqW1ZPNkxp.jpg,0,0,0,0,0,0,,False,,Horror,,
915572,,Violations,Violations,en,,,1986-01-01,/oKAQOHi9f9PL4tjnt3j8hVIsYwj.jpg,0,0,0,0,0,0,,False,,Horror,,
915984,,Sister Krampus,Sister Krampus,en,,,2021-01-01,/sloxbX05DpVZ0b6QHmoFBMzQgNh.jpg,0,0,0,0,0,0,,False,,Horror,,
916117,,Halloween: A Cut Above the Rest,Halloween: A Cut Above the Rest,en,,,2003-01-01,/f88QzkcpQjyp72vmsZTCi1wKvVp.jpg,0,0,0,0,0,0,,False,,Horror,,
916710,,Mass Male Murder: The Maas Mermaid’s Tale,Mass Male Murder: The Maas Mermaid’s Tale,en,,,2021-01-01,/fGe7FSPds7Vln03a6H0N7PTotwp.jpg,0,0,0,0,0,0,,False,,Horror,,
917315,,Cici,Cici,en,,,2021-01-01,/y7uEQoGvgcXeLsBgsERmdo9d2MF.jpg,0,0,0,0,0,0,,False,,Horror,,
917324,,The Incel Tapes,The Incel Tapes,en,,,2022-01-01,/44xS34m2jTxd8iSzLczk7aUdJcU.jpg,0,0,0,0,0,0,,False,,Horror,,
918007,,Stories of a Gravedigger,Stories of a Gravedigger,en,,,2006-01-01,/flKQt3KJ0UvhP4x7EFwtMYJQQpr.jpg,0,0,0,0,0,0,,False,,Horror,,
918118,,The Seduction of Rose Parrish,The Seduction of Rose Parrish,en,,,2021-01-01,/4aJhHaey5QXM7avvIXiRVq61Nqp.jpg,0,0,0,0,0,0,,False,,Horror,,
918613,,A Little Dead,A Little Dead,en,,,2021-01-01,/gFP5EX81txWMJkJlk2KckioRuXO.jpg,0,0,0,0,0,0,,False,,Horror,,
918749,,In the Devil's Courthouse,In the Devil's Courthouse,en,,,2011-01-01,/iAvRHFT4mAxI0aHO1HEQnhakHsK.jpg,0,0,0,0,0,0,,False,,Horror,,
919076,,Grim Places,Grim Places,en,,,2018-01-01,/xNLsc89Q9lV8zHXI604xReIJEio.jpg,0,0,0,0,0,0,,False,,Horror,,
919873,,Arctic Void,Arctic Void,en,,,2022-01-01,/tNsiUYvnPdzue9stFpqSAcXwuMe.jpg,0,0,0,0,0,0,,False,,Horror,,
920470,,The Creature Of Sherwood Lake,The Creature Of Sherwood Lake,en,,,2021-01-01,/514jJ7y6YNv99L1A9pnaqRouEpP.jpg,0,0,0,0,0,0,,False,,Horror,,
920551,,Dark Roast,Dark Roast,en,,,2017-01-01,/lLfkD2B4CpTCpgmEdrwhZoP7INP.jpg,0,0,0,0,0,0,,False,,Horror,,
920697,,Scary Story,Scary Story,en,,,2021-01-01,/2PyueMCbfn85EttB8G3Ld2jHGTe.jpg,0,0,0,0,0,0,,False,,Horror,,
922562,,Nightshade,Nightshade,en,,,2022-01-01,/8Q0txn1vpJ218nxDLgj0e0rhYYE.jpg,0,0,0,0,0,0,,False,,Horror,,
922742,,Lost Tales from Camp Blood,Lost Tales from Camp Blood,en,,,2009-01-01,/gliBWw9E4xOzUul1moQtsbhGpz.jpg,0,0,0,0,0,0,,False,,Horror,,
922747,,Lost Tales from Camp Blood - Part 2,Lost Tales from Camp Blood - Part 2,en,,,2009-01-01,/jA81ZXjeQTiVu7FPiVDOV3Yq6hC.jpg,0,0,0,0,0,0,,False,,Horror,,
922754,,Lost Tales from Camp Blood - Part 3,Lost Tales from Camp Blood - Part 3,en,,,2009-01-01,/rjzPU8Ge09U1S8GOvuQXwbvT4kc.jpg,0,0,0,0,0,0,,False,,Horror,,
922848,,Deadly Doula,Deadly Doula,en,,,2022-01-01,/saZ1NgVXiPveHFiMQmpTCFCoD1M.jpg,0,0,0,0,0,0,,False,,Horror,,
923162,,The River,The River,en,,,2022-01-01,/zv1dziTCOsQIk7Dp8yYq6TZiibM.jpg,0,0,0,0,0,0,,False,,Horror,,
923255,,Beast,Beast,en,,,2018-01-01,/oU2So86ZeHCzG6LnEUgGlkALs27.jpg,0,0,0,0,0,0,,False,,Horror,,
923995,,Infrared Dreams,Infrared Dreams,en,,,2020-01-01,/eKmyvhCGvY0tJMchWbW9v7nZcBs.jpg,0,0,0,0,0,0,,False,,Horror,,
924033,,The Curse of the Mummy Cat,The Curse of the Mummy Cat,en,,,2010-01-01,/oLKv4wjia0yt6ZUbF7hLydD4Es2.jpg,0,0,0,0,0,0,,False,,Horror,,
924780,,Night of the Devil,Night of the Devil,en,,,2021-01-01,/QAw1gmsIoK9mLlIovbINRmDGsk.jpg,0,0,0,0,0,0,,False,,Horror,,
925045,,Captain America vs. The Mutant,Captain America vs. The Mutant,en,,,1964-01-01,/3XAtjiENBqCj1P0WmL3CcUpFZem.jpg,0,0,0,0,0,0,,False,,Horror,,
925457,,Sinphony: A Clubhouse Horror Anthology,Sinphony: A Clubhouse Horror Anthology,en,,,2022-01-01,/pLz6IDmuU9B39YhQyS7dFNlBmgu.jpg,0,0,0,0,0,0,,False,,Horror,,
925890,,Mitowolksyphon,Mitowolksyphon,en,,,2021-01-01,/uA6sobTsCebY7nvyDWJGUBhVuqE.jpg,0,0,0,0,0,0,,False,,Horror,,
925988,,Revenge of the Great Pumpkin,Revenge of the Great Pumpkin,en,,,2020-01-01,/8N5LwDJpX1FyWVdjGxnx2CuWZtw.jpg,0,0,0,0,0,0,,False,,Horror,,
926003,,The Abominations of Frankenstein,The Abominations of Frankenstein,en,,,2021-01-01,/tkvayA0TT3HTQMZGy68RzDkctWc.jpg,0,0,0,0,0,0,,False,,Horror,,
926054,,Love of the Dead,Love of the Dead,en,,,2011-01-01,/aRnC8d8yE6mf9g3bNK1PUzMPiCv.jpg,0,0,0,0,0,0,,False,,Horror,,
926403,,"Bitten, a Tragedy","Bitten, a Tragedy",en,,,2021-01-01,/tbIF4WXUIdDfMwNY0d4itoJua2E.jpg,0,0,0,0,0,0,,False,,Horror,,
926448,,The Caged Girl?,The Caged Girl?,en,,,2008-01-01,/5IgNTJRggqTmUlT3omCwCcwFraX.jpg,0,0,0,0,0,0,,False,,Horror,,
926682,,Night of the Tommyknockers,Night of the Tommyknockers,en,,,2022-01-01,/tsjkYkj9SJPD5iE8AYIBROYpzrE.jpg,0,0,0,0,0,0,,False,,Horror,,
926827,,Ghosts of Amityville,Ghosts of Amityville,en,,,2022-01-01,/fRwJJXMhFHT2Xn3sZdlCLq7CHKs.jpg,0,0,0,0,0,0,,False,,Horror,,
927138,,Diversion,Diversion,en,,,1979-01-01,/e0RPcLZ7GcqKuo5WqydknIhqmGQ.jpg,0,0,0,0,0,0,,False,,Horror,,
927287,,Ensuring Your Place in Hell,Ensuring Your Place in Hell,en,,,1990-01-01,/bp4objVdbaE19wWKu0hFpEhbuAp.jpg,0,0,0,0,0,0,,False,,Horror,,
927359,,Give Me Your Eyes,Give Me Your Eyes,en,,,2022-01-01,/gJqDeuPGddm2ORNqYRkTxRRsTkL.jpg,0,0,0,0,0,0,,False,,Horror,,
927516,,Manhunt,Manhunt,en,,,2021-01-01,/3bpGXj0b2XPdN1yNEehnXSLvF0T.jpg,0,0,0,0,0,0,,False,,Horror,,
927554,,The Raven,The Raven,en,,,2018-01-01,/3i2mCt0J61nX1koksAiskz2A3Rt.jpg,0,0,0,0,0,0,,False,,Horror,,
927849,,Pines,Pines,en,,,2022-01-01,/iIOhSJjftgzfIPFn9fTR4qNE2M4.jpg,0,0,0,0,0,0,,False,,Horror,,
928087,,All Dressed in White,All Dressed in White,en,,,2019-01-01,/b48fd9Gzx7kLhZB6JnaZpKMtUDg.jpg,0,0,0,0,0,0,,False,,Horror,,
928153,,Shadows,Shadows,en,,,2021-01-01,/jGhtXq1uhgzMUNSAQkSlm4CuGmG.jpg,0,0,0,0,0,0,,False,,Horror,,
928716,,The Exchange,The Exchange,en,,,2021-01-01,/o4hbLwSdiBzBX0ZtNgydUMntIOX.jpg,0,0,0,0,0,0,,False,,Horror,,
930314,,Abduction 2: Revenge of the Hive Queen,Abduction 2: Revenge of the Hive Queen,en,,,2018-01-01,/iJT3SMV0bfvOtfsik4dt8hsNvAR.jpg,0,0,0,0,0,0,,False,,Horror,,
931295,,The Latent Image,The Latent Image,en,,,2022-01-01,/exMURtX5fmeDySiH0RQMQ98gaPA.jpg,0,0,0,0,0,0,,False,,Horror,,
931410,,Jezebel,Jezebel,en,,,2020-01-01,/qiCbzNmvovWD8ocCEysL0miuVIR.jpg,0,0,0,0,0,0,,False,,Horror,,
931510,,Bae Wolf,Bae Wolf,en,,,2022-01-01,/qTh5lYme5kI9qtZhvfysRYWzy5r.jpg,0,0,0,0,0,0,,False,,Horror,,
931579,,Vampire Weekend,Vampire Weekend,en,,,2005-01-01,/dqsvOLwegfYidY9McpUrBlPkdiS.jpg,0,0,0,0,0,0,,False,,Horror,,
931734,,Single Black Female,Single Black Female,en,,,2022-01-01,/4RKCgB1pkC9R0CDsF0kcB6V6GsH.jpg,0,0,0,0,0,0,,False,,Horror,,
932066,,Slice of Life,Slice of Life,en,,,2022-01-01,/zlAH2nDrUkZfTJ1Ht9snMxxoPef.jpg,0,0,0,0,0,0,,False,,Horror,,
932472,,DESCENT,DESCENT,en,,,2021-01-01,/wk4jmRkjBKp1trLeG5cpPGfM1MW.jpg,0,0,0,0,0,0,,False,,Horror,,
932752,,Remains,Remains,en,,,2006-01-01,/r8Nvm4akizBgJCKu8aZa28bzSxd.jpg,0,0,0,0,0,0,,False,,Horror,,
932914,,Cafard,Cafard,en,,,2020-01-01,/ao7bYxPI0EAU89mgubyN1M2v5H2.jpg,0,0,0,0,0,0,,False,,Horror,,
932994,,In Search of All American Massacre: The Lost Texas Chainsaw Film,In Search of All American Massacre: The Lost Texas Chainsaw Film,en,,,2022-01-01,/iHmBDIiqu7qUVWknlC5zbrTXkcl.jpg,0,0,0,0,0,0,,False,,Horror,,
933726,,Weredeer,Weredeer,en,,,2022-01-01,/wsYrOL8cs6kWcWI0RTqNy9szI8t.jpg,0,0,0,0,0,0,,False,,Horror,,
934131,,Soft & Quiet,Soft & Quiet,en,,,2022-01-01,/atNLWJm8KO44xeVGxG4LAByr5tm.jpg,0,0,0,0,0,0,,False,,Horror,,
934241,,The Roommate,The Roommate,en,,,2022-01-01,/sqilcGpyt2LQdlRhilYIbeABZtM.jpg,0,0,0,0,0,0,,False,,Horror,,
934611,,Sheets of Gore,Sheets of Gore,en,,,2018-01-01,/x0SspX4nSIetpI2dEBuHa3pwr2L.jpg,0,0,0,0,0,0,,False,,Horror,,
934781,,Queen of Phoenix: Against Destiny,Queen of Phoenix: Against Destiny,en,,,1990-01-01,/l0GL0MYTPcGgVuIGkCI3LwyZ0M1.jpg,0,0,0,0,0,0,,False,,Horror,,
934864,,Sweater,Sweater,en,,,2022-01-01,/oS6wPQQE2AlylIXrfTkELAyGtvh.jpg,0,0,0,0,0,0,,False,,Horror,,
934957,,The Darker the Lake,The Darker the Lake,en,,,2022-01-01,/haNCTHYAYWFwvwYCeAee96Z8WHK.jpg,0,0,0,0,0,0,,False,,Horror,,
935643,,ARM,ARM,en,,,2021-01-01,/iPEGSZLPfbJdmt6n8Reak3pQpdH.jpg,0,0,0,0,0,0,,False,,Horror,,
935978,,I Blow Up,I Blow Up,en,,,1982-01-01,/fR9XTXoOc1eMAHPyI52bOlxPtjJ.jpg,0,0,0,0,0,0,,False,,Horror,,
936615,,The House Sitter,The House Sitter,en,,,2022-01-01,/lw63PbuH3p3gOqUskbt84gPyAnw.jpg,0,0,0,0,0,0,,False,,Horror,,
936852,,The Ominous Project Universe Presents: CARNAGE,The Ominous Project Universe Presents: CARNAGE,en,,,2021-01-01,/3fAXmgfKlDDM5vmkBmeMk4xuj2P.jpg,0,0,0,0,0,0,,False,,Horror,,
937609,,Girls Night 2,Girls Night 2,en,,,2018-01-01,/4Thqzg2KLn7hrPNMKekRsRS6zeb.jpg,0,0,0,0,0,0,,False,,Horror,,
937663,,Lesbian Beasts 5000 AD,Lesbian Beasts 5000 AD,en,,,2001-01-01,/s3rrTYsqjJ1YFI8bhS8ySmuGQCj.jpg,0,0,0,0,0,0,,False,,Horror,,
938049,,Donor,Donor,en,,,2021-01-01,/8QGePlrv8U5FQawEWjlGrEIyOtY.jpg,0,0,0,0,0,0,,False,,Horror,,
940382,,Epokalipsa,Epokalipsa,en,,,2019-01-01,/5P3WQzBzX1tA66v9DsLMXEF9Ij6.jpg,0,0,0,0,0,0,,False,,Horror,,
940402,,Forbidden Lust,Forbidden Lust,en,,,2004-01-01,/zxyriAXBDLnG9rs8S1Bxcxo5TaN.jpg,0,0,0,0,0,0,,False,,Horror,,
940561,,The Green Monster,The Green Monster,en,,,2009-01-01,/1RdbHV1uduiNTq7eCGy08U8gXql.jpg,0,0,0,0,0,0,,False,,Horror,,
941059,,"My Brother, Jeffrey","My Brother, Jeffrey",en,,,2020-01-01,/ea4ngxgl2rVn3kc6gvyWe9FPom7.jpg,0,0,0,0,0,0,,False,,Horror,,
941060,,The Hitchhiker,The Hitchhiker,en,,,2022-01-01,/sqCfOjSroXqy9b5omxNXZabLhAj.jpg,0,0,0,0,0,0,,False,,Horror,,
941062,,The Doomsloop,The Doomsloop,en,,,2012-01-01,/nJ4k1to8jNAg5tNgfD5Fs6MDxda.jpg,0,0,0,0,0,0,,False,,Horror,,
942202,,Deliver You,Deliver You,en,,,2022-01-01,/4bn5MEEKF6PYClyLFBP8CfbFOTu.jpg,0,0,0,0,0,0,,False,,Horror,,
942905,,Ouch,Ouch,en,,,1990-01-01,/dePP4utGSyjpMWHWPWr0vQzzvQS.jpg,0,0,0,0,0,0,,False,,Horror,,
943233,,Unsheltered,Unsheltered,en,,,2022-01-01,/4NPWMgcQX4r0oDrzoxzmaVnGX9A.jpg,0,0,0,0,0,0,,False,,Horror,,
943527,,The Man in Room 6,The Man in Room 6,en,,,2022-01-01,/zHe5UZkPTr1OsgM0f9rAC3lORma.jpg,0,0,0,0,0,0,,False,,Horror,,
945348,,Brainless Killers,Brainless Killers,en,,,2015-01-01,/nyQeoLk5T7ojnKzAQHefpXDfTxL.jpg,0,0,0,0,0,0,,False,,Horror,,
945591,,Sting of Death,Sting of Death,en,,,1955-01-01,/ncDXStoTqaF4rmhmqtUMnxbCTO4.jpg,0,0,0,0,0,0,,False,,Horror,,
945847,,Helix,Helix,en,,,2020-01-01,/156PiezN71pKXbV5nlvGVkglQaB.jpg,0,0,0,0,0,0,,False,,Horror,,
946253,,Jurassic Island,Jurassic Island,en,,,2022-01-01,/kQYyHrNtOcOP1XZc0ZCU2iMWTJO.jpg,0,0,0,0,0,0,,False,,Horror,,
946723,,En Blue: Chapter II,En Blue: Chapter II,en,,,2022-01-01,/6BSlITKmLbXJXhiZOlkQnhiVUAQ.jpg,0,0,0,0,0,0,,False,,Horror,,
947235,,L.U.N.A.,L.U.N.A.,en,,,2021-01-01,/t8Z8yIlD4D1aVhOXcopefOxG9jM.jpg,0,0,0,0,0,0,,False,,Horror,,
947797,,A Family Affair,A Family Affair,en,,,2020-01-01,/zMUlpNrG2uspJah7gJA6EMQ3MEe.jpg,0,0,0,0,0,0,,False,,Horror,,
947884,,Wedding 93,Wedding 93,en,,,2022-01-01,/hZb5L0QN1DZrhCATEbVNt77eFtn.jpg,0,0,0,0,0,0,,False,,Horror,,
947930,,The Corpse,The Corpse,en,,,1987-01-01,/Rq9uQhmG3h2AwLEyQzllVX8Yj0.jpg,0,0,0,0,0,0,,False,,Horror,,
948259,,Carnal Redemption,Carnal Redemption,en,,,2022-01-01,/9RHIiM7xkqVNXnVas8ZSlxYOBgy.jpg,0,0,0,0,0,0,,False,,Horror,,
948413,,Regalo,Regalo,en,,,2022-01-01,/eWt4O4SCzZC7JVRCosqaWB90Wl5.jpg,0,0,0,0,0,0,,False,,Horror,,
949505,,Le Puppet,Le Puppet,en,,,2020-01-01,/cylV5YBgy4PDkSjTt7o3UUj6IEu.jpg,0,0,0,0,0,0,,False,,Horror,,
949544,,Debbie Does Demons,Debbie Does Demons,en,,,2022-01-01,/bmMQHGmYOVuYwmtwP8rtcZBH1UU.jpg,0,0,0,0,0,0,,False,,Horror,,
949574,,Loving Emily,Loving Emily,en,,,2021-01-01,/ugPB8cYJ74lcH9BuohPMo2x9jKN.jpg,0,0,0,0,0,0,,False,,Horror,,
949578,,The Chicken Run,The Chicken Run,en,,,2015-01-01,/jyGRi366NDOahZ53WLNgcAlUKPY.jpg,0,0,0,0,0,0,,False,,Horror,,
950198,,"What Have You Done, Daniel?","What Have You Done, Daniel?",en,,,2022-01-01,/q4XJZWBc6I8JLsTqdctKQvbjBPf.jpg,0,0,0,0,0,0,,False,,Horror,,
950279,,Essere Amato,Essere Amato,en,,,2018-01-01,/b9KlArggjHL0jBrttTwet81cjYM.jpg,0,0,0,0,0,0,,False,,Horror,,
950434,,Piggy Palace,Piggy Palace,en,,,2022-01-01,/dTKXRBnidvSzRkbvjk7TWklEFim.jpg,0,0,0,0,0,0,,False,,Horror,,
950680,,Discount Workers,Discount Workers,en,,,2020-01-01,/la666g8ebuMh78p7HSJHfzkX5Pj.jpg,0,0,0,0,0,0,,False,,Horror,,
950711,,Am I Evil,Am I Evil,en,,,2007-01-01,/5rzeOmH3l7hSBdj3MI1uqNY7RFS.jpg,0,0,0,0,0,0,,False,,Horror,,
950910,,In His House,In His House,en,,,2018-01-01,/l5ztyDq7DvIySMdXhLfJhBc6pVq.jpg,0,0,0,0,0,0,,False,,Horror,,
951552,,Lamia,Lamia,en,,,2017-01-01,/prLwp5WJsylUGFQ4C7eKzrtSTHX.jpg,0,0,0,0,0,0,,False,,Horror,,
951804,,Q Club,Q Club,en,,,2022-01-01,/vxgZBxcYNl9zVc26hyN7QFov2f3.jpg,0,0,0,0,0,0,,False,,Horror,,
951980,,Glyphs II,Glyphs II,en,,,1977-01-01,/1nTWDznQm44jJYVzYOGjb7HmKy2.jpg,0,0,0,0,0,0,,False,,Horror,,
952297,,El cura confeso,El cura confeso,en,,,2004-01-01,/A8U6WoUlY0Qipzy1FcvOGRDktPc.jpg,0,0,0,0,0,0,,False,,Horror,,
953367,,Night Things,Night Things,en,,,2010-01-01,/aoigQ2hgbOfeKFLTpjxE0s8SG5Z.jpg,0,0,0,0,0,0,,False,,Horror,,
954369,,Cold,Cold,en,,,2018-01-01,/qEDEMLgkQZT1UwhzzvmumghkV6N.jpg,0,0,0,0,0,0,,False,,Horror,,
955224,,White Zombie,White Zombie,en,,,2014-01-01,/lspOWw6ZcRBcwDypc156lMwGGNM.jpg,0,0,0,0,0,0,,False,,Horror,,
955820,,Frankenthug,Frankenthug,en,,,2005-01-01,/tbWcZYK8yi8hfuxJVogXwizvYwT.jpg,0,0,0,0,0,0,,False,,Horror,,
955991,,The Offering,The Offering,en,,,2022-01-01,/tbaTFgGIaTL1Uhd0SMob6Dhi5cK.jpg,0,0,0,0,0,0,,False,,Horror,,
956056,,Memento Mori,Memento Mori,en,,,2008-01-01,/xgcm023crvd1KVP0rIbGYlYa37N.jpg,0,0,0,0,0,0,,False,,Horror,,
956065,,Blood and Water II: Book of Z,Blood and Water II: Book of Z,en,,,2022-01-01,/vN6FRNZGcHcuGyLqpXWeTiU5k87.jpg,0,0,0,0,0,0,,False,,Horror,,
956223,,Anaconda,Anaconda,en,,,2022-01-01,/nzzNE0fH7KTPbagZCky92qzCAyQ.jpg,0,0,0,0,0,0,,False,,Horror,,
956425,,Fresh Meat,Fresh Meat,en,,,2021-01-01,/n4YIVELDFFtNqzB0vuhj7UCWHnZ.jpg,0,0,0,0,0,0,,False,,Horror,,
956490,,A Killer Secret,A Killer Secret,en,,,2021-01-01,/vwYUowyDECBe4nNnACzbNquJo8g.jpg,0,0,0,0,0,0,,False,,Horror,,
956547,,Chameleon,Chameleon,en,,,1999-01-01,/yQtievQJYbQiKQ7ypvkKLTsBD3x.jpg,0,0,0,0,0,0,,False,,Horror,,
956572,,The Crystal Lake Massacres Revisited - Part IV,The Crystal Lake Massacres Revisited - Part IV,en,,,2009-01-01,/ytATwVLxOIDrFf6oxgDrUEiKUCG.jpg,0,0,0,0,0,0,,False,,Horror,,
956835,,Anna and The Dead,Anna and The Dead,en,,,2015-01-01,/8RwwKjOP7nYhepGKIRYauRCkm20.jpg,0,0,0,0,0,0,,False,,Horror,,
957598,,Toilet Zombie Baby Strikes Back,Toilet Zombie Baby Strikes Back,en,,,2021-01-01,/AgVOKr2mHNLU56IHNURfKtSCYy2.jpg,0,0,0,0,0,0,,False,,Horror,,
958633,,Archimime!,Archimime!,en,,,2021-01-01,/kayOFqtVJIwnp9dospFi1SfhQ1m.jpg,0,0,0,0,0,0,,False,,Horror,,
959041,,The Living,The Living,en,,,2022-01-01,/mQW0WVevzoDvbM3MA9Lf05eJKVt.jpg,0,0,0,0,0,0,,False,,Horror,,
959636,,To Catch a Crow,To Catch a Crow,en,,,2000-01-01,/aiaQWBzZ5y30guqygiPNMzg5dDB.jpg,0,0,0,0,0,0,,False,,Horror,,
960486,,Charlie,Charlie,en,,,2022-01-01,/9nfO7wWg5y0BjijXbs2hQ0pDbzt.jpg,0,0,0,0,0,0,,False,,Horror,,
961021,,The Stalker Chronicles: Episode Two - Reflections,The Stalker Chronicles: Episode Two - Reflections,en,,,2008-01-01,/kUfcCujGZgjFVhnEOFZI5kN8AEX.jpg,0,0,0,0,0,0,,False,,Horror,,
961034,,The Stalker Chronicles: Episode Three - Identity,The Stalker Chronicles: Episode Three - Identity,en,,,2009-01-01,/EzkLftn3NpIOxIefO5AxfGyumZ.jpg,0,0,0,0,0,0,,False,,Horror,,
961048,,The Stalker Chronicles: Episode Four - Connection,The Stalker Chronicles: Episode Four - Connection,en,,,2009-01-01,/8kCfJ7PUrONZNol3MT8cFHSaNMM.jpg,0,0,0,0,0,0,,False,,Horror,,
961428,,Die Scream Hate,Die Scream Hate,en,,,2021-01-01,/8RM6Ip1drSTLnBgjS8CvGifBlPF.jpg,0,0,0,0,0,0,,False,,Horror,,
961512,,Jagoff Massacre,Jagoff Massacre,en,,,2013-01-01,/yMs9eQBxzoscRSeIR5aTju4R6B7.jpg,0,0,0,0,0,0,,False,,Horror,,
961613,,A Haunting in Ravenwood,A Haunting in Ravenwood,en,,,2021-01-01,/irRETI08jnisCRTVEbSDRnmRLXO.jpg,0,0,0,0,0,0,,False,,Horror,,
963030,,Shop from Home,Shop from Home,en,,,2015-01-01,/pwMi2BpIK6sbHKGXzT3wLgpOIw1.jpg,0,0,0,0,0,0,,False,,Horror,,
963241,,Satan Cured My Autism,Satan Cured My Autism,en,,,2022-01-01,/wUI2k5ZEEKijyO6u28WLfYaBjXT.jpg,0,0,0,0,0,0,,False,,Horror,,
963591,,Those Who Call,Those Who Call,en,,,2021-01-01,/kps2mkDFWDnb00BY1kKj0GIjSCP.jpg,0,0,0,0,0,0,,False,,Horror,,
963675,,Good Mourning,Good Mourning,en,,,2022-01-01,/dx02eoREzTffbTEg2RqkBWzxQdR.jpg,0,0,0,0,0,0,,False,,Horror,,
964181,,The Family and the Zombie,The Family and the Zombie,en,,,2022-01-01,/2uzaTD2X0fRfqYpWXAXs86ZilLj.jpg,0,0,0,0,0,0,,False,,Horror,,
964847,,The Spiral Staircase,The Spiral Staircase,en,,,1961-01-01,/nydCgBO5VNRU0UyGFVIwRhbAow2.jpg,0,0,0,0,0,0,,False,,Horror,,
965289,,Bad to The Bong: 16 Years of Ebee,Bad to The Bong: 16 Years of Ebee,en,,,2022-01-01,/puuSmCU9mzKZl47EGli5NZ6SIEk.jpg,0,0,0,0,0,0,,False,,Horror,,
965425,,Erotophonophiliac: Documents of a Lust Murderer,Erotophonophiliac: Documents of a Lust Murderer,en,,,2021-01-01,/3BAojeWLiF4SIhkxvHc1nFhGN5x.jpg,0,0,0,0,0,0,,False,,Horror,,
965455,,Medium,Medium,en,,,2021-01-01,/sLWcBYIKUGDB96gGLFS2dwNFLzE.jpg,0,0,0,0,0,0,,False,,Horror,,
965794,,Point Mugu,Point Mugu,en,,,2013-01-01,/jtx9pkdmtkH1atZZ7akTkxaJx2o.jpg,0,0,0,0,0,0,,False,,Horror,,
966844,,The Sound,The Sound,en,,,2022-01-01,/ziaBE6fFJc7bH8jMK5bbrLaspr2.jpg,0,0,0,0,0,0,,False,,Horror,,
967490,,Girls' Night Out of Body,Girls' Night Out of Body,en,,,2019-01-01,/ajkd1g60MwUxmaLBOJO2MsGzuVx.jpg,0,0,0,0,0,0,,False,,Horror,,
967503,,Cursed Videotape,Cursed Videotape,en,,,2016-01-01,/gT9q2N1r4SPSeFF6sOGHVjfEwnz.jpg,0,0,0,0,0,0,,False,,Horror,,
967557,,The Look-See,The Look-See,en,,,2017-01-01,/AvQfzozKLxpzafmrm4dZ3zDyUQp.jpg,0,0,0,0,0,0,,False,,Horror,,
967621,,Golden Ears,Golden Ears,en,,,2022-01-01,/pHgkUqFwgr6C70QtXX7RtwI01Og.jpg,0,0,0,0,0,0,,False,,Horror,,
967742,,Super Host,Super Host,en,,,2022-01-01,/b1NFiawxOnsNZBlcJig3gEyXOY5.jpg,0,0,0,0,0,0,,False,,Horror,,
967967,,Fatal Delusion,Fatal Delusion,en,,,1995-01-01,/jQiFSXPCif1DoZY5E5ZkMo1u9jJ.jpg,0,0,0,0,0,0,,False,,Horror,,
968033,,The Pey,The Pey,en,,,2021-01-01,/4L9cRGCfCotoASe1u0PoK3hDnCc.jpg,0,0,0,0,0,0,,False,,Horror,,
968818,,The Holy Sinners,The Holy Sinners,en,,,2022-01-01,/wBAnj0aVxlL3xYcswn8O002kA15.jpg,0,0,0,0,0,0,,False,,Horror,,
969245,,Images of Death: Highway of Blood,Images of Death: Highway of Blood,en,,,1994-01-01,/iHy9FXdmGrBF6GFJK2rTczkKlDG.jpg,0,0,0,0,0,0,,False,,Horror,,
969686,,4 Horsemen: Apocalypse,4 Horsemen: Apocalypse,en,,,2022-01-01,/dt3mo4tArf2llDiht91cnvUtSgT.jpg,0,0,0,0,0,0,,False,,Horror,,
969719,,Out of the Frying Pan,Out of the Frying Pan,en,,,2021-01-01,/5gXWz7ERd8NjW3xihJrYZ3DYd9s.jpg,0,0,0,0,0,0,,False,,Horror,,
969743,,Daytrip Massacre,Daytrip Massacre,en,,,2021-01-01,/zK5TK9XpyXeA7rhIOtTDABWGc36.jpg,0,0,0,0,0,0,,False,,Horror,,
970806,,In the Dead of Night,In the Dead of Night,en,,,2009-01-01,/rcpVvwajcsGub2sWdzoISSB91CH.jpg,0,0,0,0,0,0,,False,,Horror,,
971148,,Lust of the Vampire Hookers,Lust of the Vampire Hookers,en,,,1999-01-01,/syqorYLF8WcWcR0xUKumlIIYERO.jpg,0,0,0,0,0,0,,False,,Horror,,
971466,,Palmetto Haunting,Palmetto Haunting,en,,,2010-01-01,/jTQqOBsBFAG3vrauVcP4dxWbGpw.jpg,0,0,0,0,0,0,,False,,Horror,,
971788,,Skin,Skin,en,,,2022-01-01,/rta49CvDUuykkfDkOIybd1ReXlI.jpg,0,0,0,0,0,0,,False,,Horror,,
972488,,Toxica,Toxica,en,,,2022-01-01,/kbzXsg4KyhbR7DAOTiTjvPAztw3.jpg,0,0,0,0,0,0,,False,,Horror,,
972617,,La Bamba 2: Hell Is a Drag,La Bamba 2: Hell Is a Drag,en,,,2013-01-01,/z1hTozvSowkbiv10PmLe58f1nhu.jpg,0,0,0,0,0,0,,False,,Horror,,
972642,,Interstate,Interstate,en,,,2022-01-01,/3yzJELaX5L78ZS3UtMixisYM1dp.jpg,0,0,0,0,0,0,,False,,Horror,,
972701,,Death Park: The End,Death Park: The End,en,,,2021-01-01,/tMxj3T40nWmtpjvMvA0hOayEt3G.jpg,0,0,0,0,0,0,,False,,Horror,,
972911,,AMOS 3:5,AMOS 3:5,en,,,2021-01-01,/nBIxn4Y9f1dIbzAReyRHjGnskAs.jpg,0,0,0,0,0,0,,False,,Horror,,
972988,,Violence Men,Violence Men,en,,,1997-01-01,/1DzjKs8rJgIxnyGCVH49qodrnTS.jpg,0,0,0,0,0,0,,False,,Horror,,
973070,,Susie's Bad Day,Susie's Bad Day,en,,,2000-01-01,/6DdZFHbGqB6deTfqguAbGp01VS0.jpg,0,0,0,0,0,0,,False,,Horror,,
973093,,Beyond Evil: The Dead of Night,Beyond Evil: The Dead of Night,en,,,2015-01-01,/eg1Fht0ZOnJlEMvAasAfDuRZTa8.jpg,0,0,0,0,0,0,,False,,Horror,,
973551,,Banshee,Banshee,en,,,2022-01-01,/nscG8AEqXpzMBrm4vQ11bYa5bNF.jpg,0,0,0,0,0,0,,False,,Horror,,
973705,,The Smiling Man,The Smiling Man,en,,,2017-01-01,/30aWLzxXndsnL5YP5iLixtlBRXl.jpg,0,0,0,0,0,0,,False,,Horror,,
973714,,Devil's Snare,Devil's Snare,en,,,2022-01-01,/tJLWXX8ghkRfstJj4bnlma6RJGZ.jpg,0,0,0,0,0,0,,False,,Horror,,
973970,,Deathday,Deathday,en,,,1971-01-01,/1ZzsH6KLOkKW9hxNM5B1PQEb31u.jpg,0,0,0,0,0,0,,False,,Horror,,
973978,,To Lay a Ghost,To Lay a Ghost,en,,,1971-01-01,/zNKCRP7FiK5ZWcMNNrG7iUx3ftd.jpg,0,0,0,0,0,0,,False,,Horror,,
974037,,Dome House Six,Dome House Six,en,,,2022-01-01,/17U8F9effgsbY5jA0DFpNbQBqdm.jpg,0,0,0,0,0,0,,False,,Horror,,
974604,,Terror Train,Terror Train,en,,,2022-01-01,/u9qnyrife64GGFXu6ZHMegshPeV.jpg,0,0,0,0,0,0,,False,,Horror,,
975026,,Welcome Home,Welcome Home,en,,,1971-01-01,/qlgRQyYTSx0KIxVmVImjGAUeKny.jpg,0,0,0,0,0,0,,False,,Horror,,
975887,,Closed,Closed,en,,,2022-01-01,/bfX9Rs6wd2E9QyETPVmNHhXqZJp.jpg,0,0,0,0,0,0,,False,,Horror,,
975952,,Blood Maze,Blood Maze,en,,,2020-01-01,/gnmJQO2mMelBFfMVnU9vqIUgtDV.jpg,0,0,0,0,0,0,,False,,Horror,,
976374,,Battle of the Beasts: Bigfoot vs. Yeti,Battle of the Beasts: Bigfoot vs. Yeti,en,,,2022-01-01,/5Z4nUjhmpQzJgv3Ef0drTeSXfMm.jpg,0,0,0,0,0,0,,False,,Horror,,
976381,,Christmas Eve '45,Christmas Eve '45,en,,,2012-01-01,/znWXLvtCi9MQbTKGe7KJnhJ7Vvt.jpg,0,0,0,0,0,0,,False,,Horror,,
976437,,Scraps,Scraps,en,,,2022-01-01,/tKfJ4BfK32C1kWRwlgcRrJqiP2q.jpg,0,0,0,0,0,0,,False,,Horror,,
977554,,Machination,Machination,en,,,2022-01-01,/fTaxHXHqtf9brM1HKRcmV9arqGS.jpg,0,0,0,0,0,0,,False,,Horror,,
977571,,Skrømt,Skrømt,en,,,2022-01-01,/7rPZy2yZsyLlzyWH0LJoY9FxBRW.jpg,0,0,0,0,0,0,,False,,Horror,,
977598,,Maniac Nun On A Mission To Kill Leo Fountaine,Maniac Nun On A Mission To Kill Leo Fountaine,en,,,2019-01-01,/iUJ712I7kCiX9NrDYDbgo1co6XQ.jpg,0,0,0,0,0,0,,False,,Horror,,
977632,,Kuru,Kuru,en,,,2017-01-01,/jpdC5HEHPXWMmMWJQxB2PVy1jM2.jpg,0,0,0,0,0,0,,False,,Horror,,
977639,,Within 304,Within 304,en,,,2003-01-01,/udLSnA8V9e3rcDoTw6OhhgyDoMs.jpg,0,0,0,0,0,0,,False,,Horror,,
977786,,Septic,Septic,en,,,2022-01-01,/jqiAV3N65QBgeVu4GMtC2SWQKT8.jpg,0,0,0,0,0,0,,False,,Horror,,
978928,,The Huntress of Auschwitz,The Huntress of Auschwitz,en,,,2022-01-01,/2Swo97IutuMDSUulAfpPvmZ7ybp.jpg,0,0,0,0,0,0,,False,,Horror,,
978938,,Razzennest,Razzennest,en,,,2022-01-01,/bGoZSMwlwp531sC7fEUy2jrKU90.jpg,0,0,0,0,0,0,,False,,Horror,,
979018,,The Step Daddy,The Step Daddy,en,,,2020-01-01,/8P2p6XYa0Sjudy6giOuu3ISzv8s.jpg,0,0,0,0,0,0,,False,,Horror,,
979051,,End of Term,End of Term,en,,,2021-01-01,/3f9zEFXGpdSVxMimw1yPWsaytN3.jpg,0,0,0,0,0,0,,False,,Horror,,
979499,,The AGFA Horror Trailer Show: Videorage,The AGFA Horror Trailer Show: Videorage,en,,,2021-01-01,/d5xWOhfmkc1W9atIPqarVKYp8G4.jpg,0,0,0,0,0,0,,False,,Horror,,
979760,,Tooth Fairy: Drill to Kill,Tooth Fairy: Drill to Kill,en,,,2022-01-01,/6M5rB39IdSOA1oE8cYcAxMUOlWW.jpg,0,0,0,0,0,0,,False,,Horror,,
980144,,"Demonic Plastic Surgeon, M D","Demonic Plastic Surgeon, M D",en,,,2022-01-01,/vVLVSmOBZF2d49al8TUKVmxnbw8.jpg,0,0,0,0,0,0,,False,,Horror,,
980150,,Jack and Jill: The Hills of Hell,Jack and Jill: The Hills of Hell,en,,,2022-01-01,/e0dSAGJdbiSF8tRTyFB79sIbX2j.jpg,0,0,0,0,0,0,,False,,Horror,,
980168,,The Cult of Humpty Dumpty,The Cult of Humpty Dumpty,en,,,2022-01-01,/ty1ZqYd8V0Xbfc7BkiBXHpjmk17.jpg,0,0,0,0,0,0,,False,,Horror,,
980173,,Dinosaur Hotel II,Dinosaur Hotel II,en,,,2022-01-01,/xPMxPytHnCO2xJR2ktknr44K84W.jpg,0,0,0,0,0,0,,False,,Horror,,
980325,,Grim Reaper,Grim Reaper,en,,,2021-01-01,/sXd6lKk8pLULhv1f5btKkV4dIvW.jpg,0,0,0,0,0,0,,False,,Horror,,
980844,,An Opening!,An Opening!,en,,,2020-01-01,/jLG4pq5BH0jKiMGJStFmN45K4U0.jpg,0,0,0,0,0,0,,False,,Horror,,
980845,,The Somnambulist,The Somnambulist,en,,,2021-01-01,/kLbNAAG5wP96eTo7tmAhuc4wpkm.jpg,0,0,0,0,0,0,,False,,Horror,,
980941,,Stake Land: The Day I Told My Boyfriend,Stake Land: The Day I Told My Boyfriend,en,,,2011-01-01,/7XuYPdlAUhPBbx7yTGcIareHIDD.jpg,0,0,0,0,0,0,,False,,Horror,,
980942,,Stake Land: Willie,Stake Land: Willie,en,,,2011-01-01,/syo5ASRf2DYhRSzuNZv4st2L93e.jpg,0,0,0,0,0,0,,False,,Horror,,
980945,,Stake Land: Sister,Stake Land: Sister,en,,,2011-01-01,/1uCmsjMGUhqFLYBrOU4UoOVwZY5.jpg,0,0,0,0,0,0,,False,,Horror,,
980948,,Stake Land: Martin,Stake Land: Martin,en,,,2011-01-01,/aLs1ZisEaDjE5Oc2Ij1khnCBUoV.jpg,0,0,0,0,0,0,,False,,Horror,,
981266,,Super Duper,Super Duper,en,,,2000-01-01,/vvS1lpvTUskQRwFUuCtb3yNFgVG.jpg,0,0,0,0,0,0,,False,,Horror,,
981319,,The Rise of the Beast,The Rise of the Beast,en,,,2022-01-01,/2TuJu6g6hqPQhNgalot8Fs2dEkh.jpg,0,0,0,0,0,0,,False,,Horror,,
981322,,Conjuring The Genie 2,Conjuring The Genie 2,en,,,2022-01-01,/qGpLhlY8e8yQR6tgUo36Qktbkvz.jpg,0,0,0,0,0,0,,False,,Horror,,
981567,,LIMP,LIMP,en,,,2022-01-01,/fNzu7XL2iEQW3cEqd3PfK8vC6eL.jpg,0,0,0,0,0,0,,False,,Horror,,
981593,,The Madman,The Madman,en,,,2022-01-01,/ndMCugLCTVk1s1iuYRd2r2kcM6m.jpg,0,0,0,0,0,0,,False,,Horror,,
982455,,The Evil Eyes,The Evil Eyes,en,,,2011-01-01,/bk5ciFO6DkZmva6aUXfNloFINDy.jpg,0,0,0,0,0,0,,False,,Horror,,
982498,,Elvira's Movie Macabre: The Satanic Rites Of Dracula,Elvira's Movie Macabre: The Satanic Rites Of Dracula,en,,,2010-01-01,/hJF6XBDt4sBbdJqlnBxzioRBH1N.jpg,0,0,0,0,0,0,,False,,Horror,,
982552,,Fantastic Tales Of The Unknown: The Movie,Fantastic Tales Of The Unknown: The Movie,en,,,2011-01-01,/xRE4WySmma9u84z8gC1MRjpwfrk.jpg,0,0,0,0,0,0,,False,,Horror,,
982959,,Don't Sweat the Dead/Hott Sushii Double Feature,Don't Sweat the Dead/Hott Sushii Double Feature,en,,,2022-01-01,/3I6WvGSezsqeyusomnstsffD3Lb.jpg,0,0,0,0,0,0,,False,,Horror,,
983228,,**PAID MODELING GIG**,**PAID MODELING GIG**,en,,,2022-01-01,/xuqHShFLgoLEtUfj2dur58J2EFr.jpg,0,0,0,0,0,0,,False,,Horror,,
983496,,Lanier,Lanier,en,,,2022-01-01,/izeOM7ZoR6DsqM21cFmhJp65eGq.jpg,0,0,0,0,0,0,,False,,Horror,,
983527,,Werewolf Cabal,Werewolf Cabal,en,,,2022-01-01,/8F1AEveZolSuIQ65Fb7XugPzb8b.jpg,0,0,0,0,0,0,,False,,Horror,,
983993,,Blue Square,Blue Square,en,,,2022-01-01,/9ebUG7vRqg2YRrYj2tlQGt0GZW0.jpg,0,0,0,0,0,0,,False,,Horror,,
984555,,The Stranger,The Stranger,en,,,2022-01-01,/4dVjVQcgDvgclXhOjzxowGmkvmJ.jpg,0,0,0,0,0,0,,False,,Horror,,
984778,,Unseen,Unseen,en,,,2022-01-01,/kKxNVc6PztnOibArnfGpmiVnY4G.jpg,0,0,0,0,0,0,,False,,Horror,,
984961,,Stag,Stag,en,,,2022-01-01,/iypgSowZCcZGq4jNmkIcoEXoRnL.jpg,0,0,0,0,0,0,,False,,Horror,,
985059,,Deadly Nightshade,Deadly Nightshade,en,,,2021-01-01,/4GYagFFNhoitNopzlaNjtwUAybk.jpg,0,0,0,0,0,0,,False,,Horror,,
985060,,Tumors 2,Tumors 2,en,,,2013-01-01,/fBXfCsaOEaLHjs4qK3waUPFytLz.jpg,0,0,0,0,0,0,,False,,Horror,,
985448,,Any Day Now,Any Day Now,en,,,2022-01-01,/9I3G9mDaH4Qqz9Wz91uJ0tqp8q4.jpg,0,0,0,0,0,0,,False,,Horror,,
985672,,Last Call,Last Call,en,,,2018-01-01,/yhUr2H1iDBaQcKLQ1BN2geEhjSn.jpg,0,0,0,0,0,0,,False,,Horror,,
985892,,Splinter,Splinter,en,,,2022-01-01,/xPz9IOy7MiNrImefjRAoroQN36X.jpg,0,0,0,0,0,0,,False,,Horror,,
986800,,Sucker,Sucker,en,,,2018-01-01,/8XGtLyzjPAGgBgjHIDGSiAFcWc7.jpg,0,0,0,0,0,0,,False,,Horror,,
986805,,Snow Blinded,Snow Blinded,en,,,2022-01-01,/cRxOOdydQNRbLyVHCDcxJsGE3jU.jpg,0,0,0,0,0,0,,False,,Horror,,
987097,,The Monster of the Desert,The Monster of the Desert,en,,,2020-01-01,/4n0ZF4AKFidSxus2bcZN0JunHH4.jpg,0,0,0,0,0,0,,False,,Horror,,
987330,,Trash Arts Killers: Volume Three,Trash Arts Killers: Volume Three,en,,,2022-01-01,/iaMTa7fQm0k8lIw87Be9schH1TE.jpg,0,0,0,0,0,0,,False,,Horror,,
987772,,Cannibal Roommate,Cannibal Roommate,en,,,2018-01-01,/d3OniE67E2otPM1hMpPaa4kmaQB.jpg,0,0,0,0,0,0,,False,,Horror,,
988041,,The Invisible Teenager,The Invisible Teenager,en,,,1962-01-01,/74VGGic0t81a9G5CCwjeL6h32Ra.jpg,0,0,0,0,0,0,,False,,Horror,,
988591,,Mega Lightning,Mega Lightning,en,,,2022-01-01,/eD2lTDAkD9ehTJtypX24jTnt0hQ.jpg,0,0,0,0,0,0,,False,,Horror,,
988680,,Shadow Self,Shadow Self,en,,,2022-01-01,/7eoANOLagsEPcTIoi7Oarw1ShPa.jpg,0,0,0,0,0,0,,False,,Horror,,
988777,,Alien Shark,Alien Shark,en,,,2022-01-01,/7zarAnB9e1pXCKvV26wVrKYAEkI.jpg,0,0,0,0,0,0,,False,,Horror,,
988859,,Last Call,Last Call,en,,,2022-01-01,/2tQq34Y87HCaQRzHL1iWveBbkE5.jpg,0,0,0,0,0,0,,False,,Horror,,
989044,,Alone?,Alone?,en,,,2022-01-01,/7GFhmRhQO67YUmyhVM8g86HdnSi.jpg,0,0,0,0,0,0,,False,,Horror,,
990455,,Birthday Boy,Birthday Boy,en,,,2021-01-01,/jUfNIXOAow4xBLnpRZqifW6ibCc.jpg,0,0,0,0,0,0,,False,,Horror,,
990521,,Mondo Shock,Mondo Shock,en,,,2016-01-01,/lmCBC5Jzc5U7N6GqicDlxwYV212.jpg,0,0,0,0,0,0,,False,,Horror,,
990577,,I Was A Teenage Gorehound,I Was A Teenage Gorehound,en,,,2021-01-01,/ipoouDu5WvHEPZF10NQJr7Xx8YK.jpg,0,0,0,0,0,0,,False,,Horror,,
990806,,Experiments in the Dark,Experiments in the Dark,en,,,2022-01-01,/gEmJDp1HfuZvq0srBJ28IPHmB6f.jpg,0,0,0,0,0,0,,False,,Horror,,
990962,,Dooley Does Murder,Dooley Does Murder,en,,,2022-01-01,/2iJMqyOjkVnkezML6HrlEcBekOg.jpg,0,0,0,0,0,0,,False,,Horror,,
991291,,#No_Filter,#No_Filter,en,,,2022-01-01,/zb07uhzZ3k6F8V3y9JEKgmB1ODr.jpg,0,0,0,0,0,0,,False,,Horror,,
991294,,The Goetia Diaries,The Goetia Diaries,en,,,2022-01-01,/xinizwVvMlJ9fowEQJbGedEDjUw.jpg,0,0,0,0,0,0,,False,,Horror,,
991570,,Memoirs of a Killarney Houseboy,Memoirs of a Killarney Houseboy,en,,,2012-01-01,/gUlesG0zL5rJ1qyk5qSRp3kTYb1.jpg,0,0,0,0,0,0,,False,,Horror,,
991611,,Hollywood Horror,Hollywood Horror,en,,,2005-01-01,/sPdMCZACiUuu6v6HWXWN11b8Ieo.jpg,0,0,0,0,0,0,,False,,Horror,,
992445,,The Monster Inside,The Monster Inside,en,,,2022-01-01,/sBIDsWsdm9QwJASaUxENXtu8DO5.jpg,0,0,0,0,0,0,,False,,Horror,,
992458,,What It Feels Like For A Girl,What It Feels Like For A Girl,en,,,2021-01-01,/xxUBFZpzYRia6zjBcITUI9jxxEI.jpg,0,0,0,0,0,0,,False,,Horror,,
992460,,Night of the Living Dead: Live from Wisconsin - Hosted by Mark & Mike,Night of the Living Dead: Live from Wisconsin - Hosted by Mark & Mike,en,,,2006-01-01,/2Hil2YzgUx0zSVhmYYED32dIKM8.jpg,0,0,0,0,0,0,,False,,Horror,,
992707,,Regicide,Regicide,en,,,2022-01-01,/qwZiZSx2I5e1803AlLHHKquNp0K.jpg,0,0,0,0,0,0,,False,,Horror,,
992709,,What's Love,What's Love,en,,,1987-01-01,/c1r23hXbH2AYFpFI8KDCq852WhG.jpg,0,0,0,0,0,0,,False,,Horror,,
993259,,Harvest,Harvest,en,,,2022-01-01,/yiXRT7Nmyv60dNy8JXiJVIQGSOs.jpg,0,0,0,0,0,0,,False,,Horror,,
993398,,Witching Hour,Witching Hour,en,,,2014-01-01,/n9gAvDMcpm5CXgKBevOsuvonocb.jpg,0,0,0,0,0,0,,False,,Horror,,
993402,,Night of Doom,Night of Doom,en,,,2021-01-01,/upmuaWvCgtjDNScdfBKavxsJli9.jpg,0,0,0,0,0,0,,False,,Horror,,
993651,,Evil Awakes,Evil Awakes,en,,,2019-01-01,/gea1LHwfKvDF3jsZGMAP0YfMFMU.jpg,0,0,0,0,0,0,,False,,Horror,,
993871,,Axegrinder 3,Axegrinder 3,en,,,2022-01-01,/xLWHPwAZ6y8ZdGpkGPuay2pVI8L.jpg,0,0,0,0,0,0,,False,,Horror,,
994348,,Who Kidnapped My Mom?,Who Kidnapped My Mom?,en,,,2022-01-01,/so4lTfAVLtOm6ggHXJm9hXqXTgC.jpg,0,0,0,0,0,0,,False,,Horror,,
994483,,Doors,Doors,en,,,2022-01-01,/ySC1dmWd26DXXfwMXLFAPdaEg1S.jpg,0,0,0,0,0,0,,False,,Horror,,
994515,,In The Shadow Of God,In The Shadow Of God,en,,,2022-01-01,/tbORee86EDjAEpmWZxo78zgBX4J.jpg,0,0,0,0,0,0,,False,,Horror,,
994545,,Love is a Fire,Love is a Fire,en,,,2022-01-01,/9UyaSHeD2Kd4LOT17DX8wy3ONaA.jpg,0,0,0,0,0,0,,False,,Horror,,
994548,,Infested Hearts,Infested Hearts,en,,,2022-01-01,/pIUbxKBoGhFHRG0q7lOpGy1uuYy.jpg,0,0,0,0,0,0,,False,,Horror,,
994640,,Sustained Nightmare,Sustained Nightmare,en,,,2022-01-01,/5P659h5z2O1uGg0FWul1rKxHTGv.jpg,0,0,0,0,0,0,,False,,Horror,,
994728,,Hold Your Breath,Hold Your Breath,en,,,2021-01-01,/cXOkPnON4ofg6M3S5VAZtdzGhXR.jpg,0,0,0,0,0,0,,False,,Horror,,
994734,,AlieNation,AlieNation,en,,,2022-01-01,/y6PGSEXhTtB65tPBVK3IWhOnSb5.jpg,0,0,0,0,0,0,,False,,Horror,,
995052,,Touch,Touch,en,,,2022-01-01,/wME72Nucrg0Ml80lVjHWC9Z2WlC.jpg,0,0,0,0,0,0,,False,,Horror,,
995237,,Nefarious,Nefarious,en,,,2017-01-01,/7VmkvDjLFq6U2x254n1jISHG2lR.jpg,0,0,0,0,0,0,,False,,Horror,,
995764,,The Windigo,The Windigo,en,,,2017-01-01,/bDAMSH4ZgQV1gZU7fpXFjnlnvt.jpg,0,0,0,0,0,0,,False,,Horror,,
996134,,Right Through The Door,Right Through The Door,en,,,2022-01-01,/phekGPlH2fvIPfVmmwJCMRsFGeQ.jpg,0,0,0,0,0,0,,False,,Horror,,
997390,,Demon Pit,Demon Pit,en,,,2022-01-01,/dau6S0yqoZD8Qgbic9bLCj4upmO.jpg,0,0,0,0,0,0,,False,,Horror,,
997622,,Sexy Time,Sexy Time,en,,,2020-01-01,/xGtINyaAVkGgahSz5a40XnFsNhB.jpg,0,0,0,0,0,0,,False,,Horror,,
997697,,Monster Make-Up,Monster Make-Up,en,,,1989-01-01,/wZjpVLtZgeIyrZl9WygRQaPl1wx.jpg,0,0,0,0,0,0,,False,,Horror,,
998134,,Harvested 2,Harvested 2,en,,,2022-01-01,/2X0Ze6DZ34GksEW8CGpJDT9lgWH.jpg,0,0,0,0,0,0,,False,,Horror,,
998494,,Alien Danger! With Raven Van Slender,Alien Danger! With Raven Van Slender,en,,,2021-01-01,/n52JU2uRp4BRzJrGGO7yXc9AAg5.jpg,0,0,0,0,0,0,,False,,Horror,,
999640,,The Devil's Playground,The Devil's Playground,en,,,1989-01-01,/n03YGsx3S140Bn68QV5Wc9ZmzW8.jpg,0,0,0,0,0,0,,False,,Horror,,
999779,,The Caulfield Killer,The Caulfield Killer,en,,,2016-01-01,/aHkfXNpFJiuGZZYnG1KBXUSt5o7.jpg,0,0,0,0,0,0,,False,,Horror,,
999869,,Anacoreta,Anacoreta,en,,,2022-01-01,/f4fRRRIIhkCCgyJTrS4FSODpRUe.jpg,0,0,0,0,0,0,,False,,Horror,,
1000361,,The Love Remains,The Love Remains,en,,,2013-01-01,/5KyJuq8kEuJE2EsaF188XYBpNOA.jpg,0,0,0,0,0,0,,False,,Horror,,
1001226,,Silently Within Your Shadow,Silently Within Your Shadow,en,,,2015-01-01,/ihMlk8ZrqW9T4iR7WlY8ddTXO1y.jpg,0,0,0,0,0,0,,False,,Horror,,
1001547,,Bad Ben: Undead,Bad Ben: Undead,en,,,2022-01-01,/2iSTAegA4QK4k1NFI52Iqt2fyv1.jpg,0,0,0,0,0,0,,False,,Horror,,
1001669,,Bloody Mary Returns,Bloody Mary Returns,en,,,2022-01-01,/7kFyvtu0DiR3txxBMy9IT6RU4UE.jpg,0,0,0,0,0,0,,False,,Horror,,
1001688,,Doomed to Consume,Doomed to Consume,en,,,2006-01-01,/ofu6O5u6LKOvtwG4FMo7INulKvS.jpg,0,0,0,0,0,0,,False,,Horror,,
1001696,,Witching Hour II,Witching Hour II,en,,,2016-01-01,/e1wr42wJnxO69UvH4Ica83gI7uQ.jpg,0,0,0,0,0,0,,False,,Horror,,
1001767,,The Masque of the Red Death,The Masque of the Red Death,en,,,2007-01-01,/sd0pvCVWtiw7SiVU73owoWCglG4.jpg,0,0,0,0,0,0,,False,,Horror,,
1002135,,Faded Memories,Faded Memories,en,,,2021-01-01,/hWmzFqyTwmsJ6OetK8qu63S70Fn.jpg,0,0,0,0,0,0,,False,,Horror,,
1002151,,Where the Witch Lives,Where the Witch Lives,en,,,2022-01-01,/roAg0sRD3OSRCzPIFkiqmVtjqHb.jpg,0,0,0,0,0,0,,False,,Horror,,
1002176,,The Mentor,The Mentor,en,,,2013-01-01,/erQzPVD9tOOLnaZlzWSH1zKG5my.jpg,0,0,0,0,0,0,,False,,Horror,,
1002258,,The Ghost Writer,The Ghost Writer,en,,,2022-01-01,/eQ7ASvRzJ4BlV4iEWFeHYuu6OEU.jpg,0,0,0,0,0,0,,False,,Horror,,
1002325,,The Crystal Lake Massacres Revisited - Part I,The Crystal Lake Massacres Revisited - Part I,en,,,2009-01-01,/nypkmqjTZmPzf444ldgJZUb32ut.jpg,0,0,0,0,0,0,,False,,Horror,,
1002349,,After Hours,After Hours,en,,,2021-01-01,/bSeb1X2M8IV3qZchDYCc6ogmK.jpg,0,0,0,0,0,0,,False,,Horror,,
1002576,,Hell Gig,Hell Gig,en,,,2022-01-01,/fOoprhefo6H1NnTySBONATJe9qO.jpg,0,0,0,0,0,0,,False,,Horror,,
1002639,,Prom Car '91,Prom Car '91,en,,,2022-01-01,/iu9TtGKtdnWuJuWD4EA6cwTLuRO.jpg,0,0,0,0,0,0,,False,,Horror,,
1002644,,Spider,Spider,en,,,2022-01-01,/jireX9062do8ETnOxYcFcvse1fY.jpg,0,0,0,0,0,0,,False,,Horror,,
1002756,,Alindog ni Barbara,Alindog ni Barbara,en,,,1999-01-01,/uVpttPjPBUSplkH1l9k1xFc0msi.jpg,0,0,0,0,0,0,,False,,Horror,,
1003114,,Happy Ever After,Happy Ever After,en,,,1974-01-01,/soO6BtigAi1U4Lgi7DixG5OX5t3.jpg,0,0,0,0,0,0,,False,,Horror,,
1003124,,HOT_GIRL_CINDY_ALONE_INHER_ROOM.3gp,HOT_GIRL_CINDY_ALONE_INHER_ROOM.3gp,en,,,2022-01-01,/8oh7fHiSNQmKzvHWLV9zx8JFHgE.jpg,0,0,0,0,0,0,,False,,Horror,,
1003233,,Things 666,Things 666,en,,,2021-01-01,/t0PU8is9AOIq2HA69EoMOKG9L8C.jpg,0,0,0,0,0,0,,False,,Horror,,
1003819,,Even the Devil Believes in Inflation,Even the Devil Believes in Inflation,en,,,2022-01-01,/9eaWsJIhJVHurK3oAKEM3lxOFmk.jpg,0,0,0,0,0,0,,False,,Horror,,
1003838,,Night of the Bastard,Night of the Bastard,en,,,2022-01-01,/1TWK15jLsA76HC9gJ8IVEr6bOsq.jpg,0,0,0,0,0,0,,False,,Horror,,
1003849,,Cerebrum,Cerebrum,en,,,2022-01-01,/fO0vqtkjFuXHYh9x9dlFcG8F6cH.jpg,0,0,0,0,0,0,,False,,Horror,,
1003960,,Haunted Evil Dead,Haunted Evil Dead,en,,,2021-01-01,/6T6z4J339oIzumFnk0w98tcpo1r.jpg,0,0,0,0,0,0,,False,,Horror,,
1004269,,The Jessica Cabin,The Jessica Cabin,en,,,2022-01-01,/k1BEdMdoVYHILfSY3fuAvcqaJhS.jpg,0,0,0,0,0,0,,False,,Horror,,
1004466,,Headless Horseman,Headless Horseman,en,,,2022-01-01,/zs1P17ow2O09SmMBK6PuO4m4L9E.jpg,0,0,0,0,0,0,,False,,Horror,,
1004691,,Christmas Craft Fair Massacre,Christmas Craft Fair Massacre,en,,,2022-01-01,/pJcHQ58d49ROvedisbfZlZ3eYqU.jpg,0,0,0,0,0,0,,False,,Horror,,
1005378,,Escape: A Ghost Story,Escape: A Ghost Story,en,,,2021-01-01,/1IuPQsKXzg1li6dSDMfFbFGeTzF.jpg,0,0,0,0,0,0,,False,,Horror,,
1005395,,Halloween Special,Halloween Special,en,,,2021-01-01,/a3haAc3aFZaIlhJlN6ouEgjKUcj.jpg,0,0,0,0,0,0,,False,,Horror,,
1006453,,Witchfinder 2,Witchfinder 2,en,,,2008-01-01,/hxsKhfeSdYaGkx2nwjekr5Ml8Vz.jpg,0,0,0,0,0,0,,False,,Horror,,
1006513,,Allegro Vivace,Allegro Vivace,en,,,2022-01-01,/kfYK5c6yHKafMfXOAPBjYGdLW1D.jpg,0,0,0,0,0,0,,False,,Horror,,
1006543,,Tofino 2018,Tofino 2018,en,,,2018-01-01,/88IOBVmYDwYaCtWfGuR5PnzdH3i.jpg,0,0,0,0,0,0,,False,,Horror,,
1006613,,The Crystal Lake Massacres Revisited - Part II,The Crystal Lake Massacres Revisited - Part II,en,,,2009-01-01,/x4rliO80PI2Yq3H4mfqsSoOu0mJ.jpg,0,0,0,0,0,0,,False,,Horror,,
1006860,,Writer's Block,Writer's Block,en,,,2022-01-01,/qhxT9QaO1KBZtQrVdlHX7k23OLi.jpg,0,0,0,0,0,0,,False,,Horror,,
1006998,,Scary Car,Scary Car,en,,,2022-01-01,/zXlWPw5MCMtqE7N8RGF7SbzgSfn.jpg,0,0,0,0,0,0,,False,,Horror,,
1007334,,Daughter of Devil Fish,Daughter of Devil Fish,en,,,1984-01-01,/e04IzMgAOcwYHbg4IneD42QkRXE.jpg,0,0,0,0,0,0,,False,,Horror,,
1007869,,We Got A Dog,We Got A Dog,en,,,2022-01-01,/1I49thknjwQaG3pBrhs3SH8sz5H.jpg,0,0,0,0,0,0,,False,,Horror,,
1007931,,Teddy Told Me To,Teddy Told Me To,en,,,2022-01-01,/cz8fWRkT1XlyDvtbVgcyN6Yd1cm.jpg,0,0,0,0,0,0,,False,,Horror,,
1008026,,Creep Box,Creep Box,en,,,2022-01-01,/sGj2ajc3AqkQADY9VoSBfzxpwKO.jpg,0,0,0,0,0,0,,False,,Horror,,
1008169,,Attack of the Killer Chickens: The Movie,Attack of the Killer Chickens: The Movie,en,,,2022-01-01,/r10EXWRnzWUDh6CA40gPceUs2eL.jpg,0,0,0,0,0,0,,False,,Horror,,
1008368,,Mawkib Al-Ebaa,Mawkib Al-Ebaa,en,,,2005-01-01,/A8bLB1XU0JVvRV2HCmvkJYDKobK.jpg,0,0,0,0,0,0,,False,,Horror,,
1008821,,The House Sitters,The House Sitters,en,,,2022-01-01,/m9BI31mDmMpx5OoBlmnAoHosfKm.jpg,0,0,0,0,0,0,,False,,Horror,,
1008876,,The Surgeon,The Surgeon,en,,,2022-01-01,/ss6vnPiszSyEJQYMZkMESGAOIL.jpg,0,0,0,0,0,0,,False,,Horror,,
1008936,,The Crystal Lake Massacres Revisited - Part III,The Crystal Lake Massacres Revisited - Part III,en,,,2009-01-01,/5J6y4LQUawv2YDutYvnkvj21hdC.jpg,0,0,0,0,0,0,,False,,Horror,,
1009047,,Tech Savvy,Tech Savvy,en,,,2019-01-01,/eOYFqRUcUF8b8o1V2DnEPXeHa6K.jpg,0,0,0,0,0,0,,False,,Horror,,
1009078,,A Real Killjoy,A Real Killjoy,en,,,2021-01-01,/jvNMIg9QmRCoMGpJF5Pf7mOZK0R.jpg,0,0,0,0,0,0,,False,,Horror,,
1009705,,The Making of Habit,The Making of Habit,en,,,1999-01-01,/2SIWZToxkgDv1cRU1NM6ZU88KbJ.jpg,0,0,0,0,0,0,,False,,Horror,,
1009719,,Morbid,Morbid,en,,,2022-01-01,/31aI0ZlnuyPzHn6LeVo4MmCjJWv.jpg,0,0,0,0,0,0,,False,,Horror,,
1010018,,Wasted on the Young,Wasted on the Young,en,,,2020-01-01,/zoyl1SOtINnrPMqqGbfrN4tQfNW.jpg,0,0,0,0,0,0,,False,,Horror,,
1010754,,The Demon Club,The Demon Club,en,,,2011-01-01,/vMBRJwLhax74ifgjinD4ihb3VMA.jpg,0,0,0,0,0,0,,False,,Horror,,
1011025,,Attack of the Baby Doll,Attack of the Baby Doll,en,,,2007-01-01,/bHNYu8Q37f7h16Wd2X642pYE35x.jpg,0,0,0,0,0,0,,False,,Horror,,
1011213,,Human Hibachi 2: Feast in the Forest,Human Hibachi 2: Feast in the Forest,en,,,2022-01-01,/9Oy5nr0I0fiXjvHqgkLE6QbetJI.jpg,0,0,0,0,0,0,,False,,Horror,,
1011219,,The Way Out,The Way Out,en,,,2022-01-01,/RWHZ2lyKrf40gZB3Uh0xxPdqTu.jpg,0,0,0,0,0,0,,False,,Horror,,
1011566,,Low Life,Low Life,en,,,2022-01-01,/nMlEsd2DEi7PJLIO3FIRcMIalma.jpg,0,0,0,0,0,0,,False,,Horror,,
1011609,,Amityville Witch Activity,Amityville Witch Activity,en,,,2018-01-01,/zGGCcEXqBk2AvSWzjUUQfIFWy2z.jpg,0,0,0,0,0,0,,False,,Horror,,
1011621,,Diaspora,Diaspora,en,,,2022-01-01,/3xbl6g5O8nXKDMYnCKqEgSzhr55.jpg,0,0,0,0,0,0,,False,,Horror,,
1012009,,13 Minutes of Horror: Sci-Fi Horror,13 Minutes of Horror: Sci-Fi Horror,en,,,2022-01-01,/2aDv3flq8uZtauIOne4Q95KL2E7.jpg,0,0,0,0,0,0,,False,,Horror,,
1012298,,The Turn of the Screw,The Turn of the Screw,en,,,1959-01-01,/bFVGUajbaNDrmKd8w3hZGg8A2PK.jpg,0,0,0,0,0,0,,False,,Horror,,
1012706,,Brightwood,Brightwood,en,,,2022-01-01,/359JRjSSr3t1l6ObcmZFbJwvKI8.jpg,0,0,0,0,0,0,,False,,Horror,,
1012855,,Kidnapped & Chloroformed Coeds,Kidnapped & Chloroformed Coeds,en,,,1998-01-01,/3SQ9s5HBIAsnDvDk6KCNWSfdJ7k.jpg,0,0,0,0,0,0,,False,,Horror,,
1012971,,You're Not Home,You're Not Home,en,,,2022-01-01,/hn3XaY1cJQ6ZwsZYYF3ObE5ZcyU.jpg,0,0,0,0,0,0,,False,,Horror,,
1013325,,The Picture of Dorian Gray,The Picture of Dorian Gray,en,,,1961-01-01,/hNcAk0obm9TuH7nzJNt2GMhqGud.jpg,0,0,0,0,0,0,,False,,Horror,,
1013328,,LUCY - A Short Horror Comedy,LUCY - A Short Horror Comedy,en,,,2020-01-01,/n7Fk0hjBOxCKX3A9Y8Chcg0lHWV.jpg,0,0,0,0,0,0,,False,,Horror,,
1013589,,The Legacy of The Texas Chain Saw Massacre,The Legacy of The Texas Chain Saw Massacre,en,,,2022-01-01,/kiMo4a2MAsvqrZ5T9OGxvEZF4o9.jpg,0,0,0,0,0,0,,False,,Horror,,
1013667,,White Wedding,White Wedding,en,,,2022-01-01,/Aq6Zfe1DjjI441flLDjxZxKWXLj.jpg,0,0,0,0,0,0,,False,,Horror,,
1013932,,Prairie,Prairie,en,,,2022-01-01,/5MfZ9zjhFRUXvjyImMz6O9CD2DR.jpg,0,0,0,0,0,0,,False,,Horror,,
1014310,,Head Melt,Head Melt,en,,,2009-01-01,/3nlWOOceubQmrH7fdP0slWnJElS.jpg,0,0,0,0,0,0,,False,,Horror,,
1014373,,Trap Door in the Sun,Trap Door in the Sun,en,,,2021-01-01,/tFhk2uQ7nb8see07MolSA0YMNnO.jpg,0,0,0,0,0,0,,False,,Horror,,
1014410,,Hands off,Hands off,en,,,2019-01-01,/lLdKCFCyLloVpydvHE181NWEjCK.jpg,0,0,0,0,0,0,,False,,Horror,,
1014501,,Grotesque,Grotesque,en,,,2022-01-01,/eoMsojXOiO18leSgHHOxzYOtG5o.jpg,0,0,0,0,0,0,,False,,Horror,,
1014503,,One Shot: Fear Without Cut,One Shot: Fear Without Cut,en,,,2014-01-01,/6lDQAbymIzorQVLfqHsd55USIHt.jpg,0,0,0,0,0,0,,False,,Horror,,
1015081,,Spoonful of Sugar,Spoonful of Sugar,en,,,2022-01-01,/q4cLHdAJCHqAWIIplCHEyG6JgrR.jpg,0,0,0,0,0,0,,False,,Horror,,
1015180,,The Wilds,The Wilds,en,,,2022-01-01,/5CF1wCgdRnMvNERdsXXO8SmTrps.jpg,0,0,0,0,0,0,,False,,Horror,,
1015254,,Mask of the Devil,Mask of the Devil,en,,,2022-01-01,/xc1WhYCMzEUPZR4F4Xwp1ReXQT4.jpg,0,0,0,0,0,0,,False,,Horror,,
1015261,,Save Me from Everything,Save Me from Everything,en,,,2021-01-01,/1JZptJxKpme0FVYwdfYc7wLD31y.jpg,0,0,0,0,0,0,,False,,Horror,,
1015360,,The Blind Date Strangler,The Blind Date Strangler,en,,,2003-01-01,/pxgE1qPPjwXEQwQvRNGRSg5L5q9.jpg,0,0,0,0,0,0,,False,,Horror,,
1015642,,Strange Weather,Strange Weather,en,,,2015-01-01,/gzeIgexBIGYG8AXrUXhk5a729x0.jpg,0,0,0,0,0,0,,False,,Horror,,
1016361,,Final Girl,Final Girl,en,,,2021-01-01,/cxL7YjaagYJoF6jozCy6LXY6lus.jpg,0,0,0,0,0,0,,False,,Horror,,
1016383,,My Name Is Max,My Name Is Max,en,,,2019-01-01,/zhyuGm4xHrJUCZcovnU3w1l067S.jpg,0,0,0,0,0,0,,False,,Horror,,
1016453,,"The Myrtles Plantation: Murder, Mystery, and Magic","The Myrtles Plantation: Murder, Mystery, and Magic",en,,,2022-01-01,/wDNWpnoDZAN4oMQwII2DUEFuWWt.jpg,0,0,0,0,0,0,,False,,Horror,,
1016686,,Subject 101,Subject 101,en,,,2022-01-01,/8gA3ytywTmH3Wn2a02c19oXCacv.jpg,0,0,0,0,0,0,,False,,Horror,,
1017014,,The Little Demon,The Little Demon,en,,,2021-01-01,/6RSGfHOgGlKUjKyEYYvIFhNg1b9.jpg,0,0,0,0,0,0,,False,,Horror,,
1017072,,Love at First Bite,Love at First Bite,en,,,2022-01-01,/19fD9oiauOns8OIZIhjFiSzcx8F.jpg,0,0,0,0,0,0,,False,,Horror,,
1017075,,Dead Dog World,Dead Dog World,en,,,2022-01-01,/kxQUp5lMjMDJAYeV76Bl7jv1ocC.jpg,0,0,0,0,0,0,,False,,Horror,,
1017635,,Natasha Nighty's Boudoir of Blood 2,Natasha Nighty's Boudoir of Blood 2,en,,,2022-01-01,/oyCQom1xYHshi148JUfwllXv3HU.jpg,0,0,0,0,0,0,,False,,Horror,,
1017733,,Mickey Dogface,Mickey Dogface,en,,,2022-01-01,/7oZsnrzgYH3oRFoUHVb4rpzHDXW.jpg,0,0,0,0,0,0,,False,,Horror,,
1017752,,The Shackled Demon Project,The Shackled Demon Project,en,,,2022-01-01,/fzBMWUv6YkDQPKnCpUFQuF24UFg.jpg,0,0,0,0,0,0,,False,,Horror,,
1017920,,Blender,Blender,en,,,2022-01-01,/g17oKSZfCEyhtnORmtGla0mHKHS.jpg,0,0,0,0,0,0,,False,,Horror,,
1018106,,Topless Tori's Tomb of Terror,Topless Tori's Tomb of Terror,en,,,2022-01-01,/BOhifU04DCPpRNb2te2aCt3Spj.jpg,0,0,0,0,0,0,,False,,Horror,,
1018149,,Dracula in the Movies,Dracula in the Movies,en,,,1992-01-01,/tvzA6hboENrjiVlpNZciUKjRgMg.jpg,0,0,0,0,0,0,,False,,Horror,,
1018357,,Crushed,Crushed,en,,,1995-01-01,/8gg4BjhyCkenPnUVRM0A13AWNjO.jpg,0,0,0,0,0,0,,False,,Horror,,
1018416,,Slaughter Beach,Slaughter Beach,en,,,2022-01-01,/A4FXKZF2gB0numBXis847gCy4Gp.jpg,0,0,0,0,0,0,,False,,Horror,,
1018429,,Human Cattle,Human Cattle,en,,,2017-01-01,/17lugjT3VDs5Rz5qEliSg9uoSM1.jpg,0,0,0,0,0,0,,False,,Horror,,
1019018,,Heck,Heck,en,,,2020-01-01,/2x6lWLQ1qXkWOC2T0tsHXAPq1bz.jpg,0,0,0,0,0,0,,False,,Horror,,
1019179,,Darkside,Darkside,en,,,1990-01-01,/loEFIaiOA9MBC4Qsj6n7ifLIZLu.jpg,0,0,0,0,0,0,,False,,Horror,,
1019967,,Summoners,Summoners,en,,,2022-01-01,/dkGmsZFY3Ao4fx84yEykDkNbWCA.jpg,0,0,0,0,0,0,,False,,Horror,,
1019996,,The Terror of the Goonie Monster,The Terror of the Goonie Monster,en,,,1982-01-01,/asj8Blf5WyUuQhXY473Gu1FoGn9.jpg,0,0,0,0,0,0,,False,,Horror,,
1020011,,High Strangeness,High Strangeness,en,,,2021-01-01,/hJjyKTFY5M0aQuRpW7qL791ELE2.jpg,0,0,0,0,0,0,,False,,Horror,,
1020182,,The Christmas Tapes,The Christmas Tapes,en,,,2022-01-01,/rAx4L10nn7wH4CxFkYzSwEMCvKY.jpg,0,0,0,0,0,0,,False,,Horror,,
1020410,,Easter Bunny Massacre: The Bloody Trail,Easter Bunny Massacre: The Bloody Trail,en,,,2022-01-01,/eciqDTQaZ9wwdkKajh32y87njRk.jpg,0,0,0,0,0,0,,False,,Horror,,
1020625,,One for the Road,One for the Road,en,,,2019-01-01,/sJIGYK6FOSlJSriyv8OcGyRHRyg.jpg,0,0,0,0,0,0,,False,,Horror,,
1020857,,House of Horrors: The Movie,House of Horrors: The Movie,en,,,2009-01-01,/gcCTAH1XyxeRPzCVkUPQUUZAIo9.jpg,0,0,0,0,0,0,,False,,Horror,,
1021092,,The 9th Wonder of the World:  The Making of 'Gorgo',The 9th Wonder of the World:  The Making of 'Gorgo',en,,,2013-01-01,/65FUtpOlvGpYzEedG4hfEIPYZa9.jpg,0,0,0,0,0,0,,False,,Horror,,
1021093,,Becoming Creature,Becoming Creature,en,,,2022-01-01,/64MrfFTFsCKLq2GELtqOct1W27Y.jpg,0,0,0,0,0,0,,False,,Horror,,
1021335,,Obstacle Corpse,Obstacle Corpse,en,,,2022-01-01,/bRRfCQ7UsnrWaiujSbgpZwubtUf.jpg,0,0,0,0,0,0,,False,,Horror,,
1022680,,Sticky Sock,Sticky Sock,en,,,2022-01-01,/hkiI1UPSaAVPOg7vf8xCw3H6ScU.jpg,0,0,0,0,0,0,,False,,Horror,,
1022700,,Tebel Venyn,Tebel Venyn,en,,,2022-01-01,/pmjyRec3LY0MyHCrCS9rXPRdKiL.jpg,0,0,0,0,0,0,,False,,Horror,,
1022827,,Dementia: An Experiment in Terror,Dementia: An Experiment in Terror,en,,,2006-01-01,/e1z45qVOIcYqqK4qJbB63xT56EY.jpg,0,0,0,0,0,0,,False,,Horror,,
1023082,,The Lady's Maid's Bell,The Lady's Maid's Bell,en,,,1983-01-01,/xvaMQXAXu3T6o3ZXtNynqelRIE0.jpg,0,0,0,0,0,0,,False,,Horror,,
1023125,,The Assignment,The Assignment,en,,,2022-01-01,/dHZ0YSU9n5NPloZhPFC89wjamil.jpg,0,0,0,0,0,0,,False,,Horror,,
1023257,,Aftertaste,Aftertaste,en,,,2022-01-01,/idTvnogO9Ri9HHgZsOcHbsnYrN.jpg,0,0,0,0,0,0,,False,,Horror,,
1023315,,Legends of Sleepy Hollow,Legends of Sleepy Hollow,en,,,2021-01-01,/sFDKPorrF34V45ntIKGuGw22f6E.jpg,0,0,0,0,0,0,,False,,Horror,,
1023802,,Eyes Out,Eyes Out,en,,,2021-01-01,/z8bMVW7vSa3THKayovrsMHEwQ3Y.jpg,0,0,0,0,0,0,,False,,Horror,,
1023853,,THEYSUCK,THEYSUCK,en,,,2022-01-01,/5BV91jhz0OezA6pn6EH4F5U5pgD.jpg,0,0,0,0,0,0,,False,,Horror,,
1024223,,Meraki,Meraki,en,,,2019-01-01,/jeADm5Jp9rZdUtN29SOI0qa1Iqa.jpg,0,0,0,0,0,0,,False,,Horror,,
1024702,,Ribspreader,Ribspreader,en,,,2022-01-01,/bhtgQ7NEaBhWqb0yFUSAS47AHPQ.jpg,0,0,0,0,0,0,,False,,Horror,,
1025165,,Overtime,Overtime,en,,,2022-01-01,/pnid4Hrt1FPJBGekyuqEEQ5cLnS.jpg,0,0,0,0,0,0,,False,,Horror,,
1025832,,Wicked Game,Wicked Game,en,,,2022-01-01,/zUG6zU2e0V4R37Fkl568ojoh0KL.jpg,0,0,0,0,0,0,,False,,Horror,,
1026256,,The Lost Pueblo,The Lost Pueblo,en,,,2016-01-01,/gUA1zqiMxh6dA7sqMQeeQ1bwhWK.jpg,0,0,0,0,0,0,,False,,Horror,,
1026280,,The Businessman,The Businessman,en,,,2022-01-01,/oBLLW7zTryVFvyOd1astEE3TGw5.jpg,0,0,0,0,0,0,,False,,Horror,,
1026421,,Land of Celtic Ghosts,Land of Celtic Ghosts,en,,,1979-01-01,/w3DR1V6uoQYpfwEvDUkoVQnBXLZ.jpg,0,0,0,0,0,0,,False,,Horror,,
1026574,,Cinefilia,Cinefilia,en,,,2022-01-01,/5bqcrrZYDvzPcuiOrWfQDFobxa8.jpg,0,0,0,0,0,0,,False,,Horror,,
1026606,,Do Not Resuscitate,Do Not Resuscitate,en,,,2022-01-01,/ieRf8vYVDcBNBkLV9SSFfA586Se.jpg,0,0,0,0,0,0,,False,,Horror,,
1026718,,Out of Service,Out of Service,en,,,2017-01-01,/2eONNsuKQ7f5aU1GXCaaRdNdWIH.jpg,0,0,0,0,0,0,,False,,Horror,,
1026810,,Message From Beyond,Message From Beyond,en,,,2015-01-01,/zIX1SpUnGtOp1TF3G3nkA63h0VF.jpg,0,0,0,0,0,0,,False,,Horror,,
1026891,,Demon Dolls,Demon Dolls,en,,,2015-01-01,/dcY9b78AMJE3868bwpsB4TxwkF3.jpg,0,0,0,0,0,0,,False,,Horror,,
1026938,,The Macabre,The Macabre,en,,,2022-01-01,/aUF0DZCKjSzKoeCAs8IAFTNJ32L.jpg,0,0,0,0,0,0,,False,,Horror,,
1027094,,Lovers Retreat,Lovers Retreat,en,,,2022-01-01,/s13bPDVjwicLeMPCUyr0oVV8Z8t.jpg,0,0,0,0,0,0,,False,,Horror,,
1027377,,The Good Word,The Good Word,en,,,2014-01-01,/rhtg2POvkMhbL9WNswZq6Smdrmt.jpg,0,0,0,0,0,0,,False,,Horror,,
1027385,,Dangerous Game: The Legacy Murders,Dangerous Game: The Legacy Murders,en,,,2022-01-01,/xkRhMw0tBpDtg28bytxN2hrhyri.jpg,0,0,0,0,0,0,,False,,Horror,,
1027451,,The Blueprint,The Blueprint,en,,,2022-01-01,/aCJBwVEBAxFEEZ9gfAQX3IbG6r4.jpg,0,0,0,0,0,0,,False,,Horror,,
1027482,,The Jäger Within,The Jäger Within,en,,,2020-01-01,/8hqGLEGRutn9n5fQaIrLUOeAgwd.jpg,0,0,0,0,0,0,,False,,Horror,,
1027629,,The Elevator,The Elevator,en,,,2015-01-01,/d5eqqUVlzjYEtQhVWKAMc9OdSfZ.jpg,0,0,0,0,0,0,,False,,Horror,,
1027680,,Candle Smoke,Candle Smoke,en,,,2021-01-01,/mI7txovHl7ABDhIwMUGBuddqN0p.jpg,0,0,0,0,0,0,,False,,Horror,,
1027865,,In the Flesh,In the Flesh,en,,,2022-01-01,/87sgUQSYMt7sCqGqqQq9YRpJ9tL.jpg,0,0,0,0,0,0,,False,,Horror,,
1027876,,No Sleep: Fragments of Horror,No Sleep: Fragments of Horror,en,,,2021-01-01,/n5gVyF32DHyAiLlWcHTK5X6TRD8.jpg,0,0,0,0,0,0,,False,,Horror,,
1028215,,A Creature is Stirring,A Creature is Stirring,en,,,2021-01-01,/27P4l0GlOpG0PfoKGAuHAkTe3lw.jpg,0,0,0,0,0,0,,False,,Horror,,
1028296,,Faithful Witness: In The Middle,Faithful Witness: In The Middle,en,,,2022-01-01,/fb8HvhHIIqo2PdqiB6lky8RxqGl.jpg,0,0,0,0,0,0,,False,,Horror,,
1028623,,Piñata,Piñata,en,,,2017-01-01,/fLDM6AVSpkeyfFg5BHeh75alsg5.jpg,0,0,0,0,0,0,,False,,Horror,,
1028648,,Photoshop Nightmare,Photoshop Nightmare,en,,,2017-01-01,/s3BMcMAzCl4v32WZCGp0lJ4hbok.jpg,0,0,0,0,0,0,,False,,Horror,,
1028653,,Shortest Horror Movie Ever,Shortest Horror Movie Ever,en,,,2017-01-01,/56XePfXaSga6q0l8GgW09ffPwIE.jpg,0,0,0,0,0,0,,False,,Horror,,
1028674,,The Exorcism,The Exorcism,en,,,2017-01-01,/yWrsyqRLSsp2Nbp5JWKMhHW1GI7.jpg,0,0,0,0,0,0,,False,,Horror,,
1028677,,Puppeteered,Puppeteered,en,,,2017-01-01,/1aGuwjZ1iCTGiXkNKrC5XnBokO9.jpg,0,0,0,0,0,0,,False,,Horror,,
1028703,,The OctoGames,The OctoGames,en,,,2022-01-01,/qGz5rffXhegQH5PGUDiObqoOt06.jpg,0,0,0,0,0,0,,False,,Horror,,
1028908,,Dual,Dual,en,,,2009-01-01,/3QmMsN3nN8XENy8EIT60tkz0mPF.jpg,0,0,0,0,0,0,,False,,Horror,,
1028999,,Do Not Watch Me,Do Not Watch Me,en,,,2017-01-01,/jumhzgt2DCl2uhcwWwdGXUXNiZK.jpg,0,0,0,0,0,0,,False,,Horror,,
1029027,,Motion at Your Door,Motion at Your Door,en,,,2022-01-01,/fSBYWOYC91wuGGA7FlJs6C7yh2u.jpg,0,0,0,0,0,0,,False,,Horror,,
1029038,,Deadtime Stories: Grave Secrets,Deadtime Stories: Grave Secrets,en,,,2012-01-01,/yyzhZg06smCVUcEwLMMgtJkGGRK.jpg,0,0,0,0,0,0,,False,,Horror,,
1029324,,Deadly Vines,Deadly Vines,en,,,2001-01-01,/iXAcnHEKti04Vz1WtqYBkFMIQi6.jpg,0,0,0,0,0,0,,False,,Horror,,
1029352,,Good Boy,Good Boy,en,,,2022-01-01,/gvAqmHk9dfuk9aqcKxZfvo9o0Ed.jpg,0,0,0,0,0,0,,False,,Horror,,
1029539,,"100 Best Kills: Texas Birth Control, Dick Destruction","100 Best Kills: Texas Birth Control, Dick Destruction",en,,,2022-01-01,/aKP5zLbgwe0YLOXhPD6QMNW5wpE.jpg,0,0,0,0,0,0,,False,,Horror,,
1029663,,T is for Tickles,T is for Tickles,en,,,2011-01-01,/dQED4TeHOkZ5MXV7ipMRkqkssYO.jpg,0,0,0,0,0,0,,False,,Horror,,
1029683,,House of Dolls,House of Dolls,en,,,2017-01-01,/vcDPrjrN2bnwTnTjzecMXB0Con9.jpg,0,0,0,0,0,0,,False,,Horror,,
1029686,,Drowners,Drowners,en,,,2017-01-01,/ugHD5jgnkvk9TRg8Sc1SuNsNzm3.jpg,0,0,0,0,0,0,,False,,Horror,,
1029728,,Specimens,Specimens,en,,,1982-01-01,/y3pnRJ2FZ0yOfWQhp29JMaevch0.jpg,0,0,0,0,0,0,,False,,Horror,,
1029773,,The Final Rose,The Final Rose,en,,,2022-01-01,/wqUc1FYud9lLfjMvfYjWTnI9VUq.jpg,0,0,0,0,0,0,,False,,Horror,,
1029813,,Seafoam,Seafoam,en,,,2022-01-01,/4bTOJCN13EfPofcs48M7iwBc6cQ.jpg,0,0,0,0,0,0,,False,,Horror,,
1030089,,Into the Darkness,Into the Darkness,en,,,2021-01-01,/mFezBtom2ekB4MlhFsTei3Ce846.jpg,0,0,0,0,0,0,,False,,Horror,,
1030149,,Holy Shit.... Zombies!,Holy Shit.... Zombies!,en,,,2007-01-01,/Ad4gMvTgktXH62yagnMzYChqNqT.jpg,0,0,0,0,0,0,,False,,Horror,,
1030247,,Tripping The Dark Fantastic,Tripping The Dark Fantastic,en,,,2022-01-01,/21EJ1JapZrKk2yaTEXz1jrKF3yX.jpg,0,0,0,0,0,0,,False,,Horror,,
1030250,,Freeze,Freeze,en,,,2022-01-01,/4f8XAdQ7DOXsX3xogURJryFi7H3.jpg,0,0,0,0,0,0,,False,,Horror,,
1030253,,On the Edge,On the Edge,en,,,2022-01-01,/bVlKtZLqIUIMYL2qX86e8PcG5HO.jpg,0,0,0,0,0,0,,False,,Horror,,
1030460,,Your Love Is Mine,Your Love Is Mine,en,,,2022-01-01,/kZFsUaEPIgKt4vmSbAulbfsaeAb.jpg,0,0,0,0,0,0,,False,,Horror,,
1030721,,Banned from Television: Prison Files II,Banned from Television: Prison Files II,en,,,1998-01-01,/58QPCPgOIWlIpRowqNXeHCTCAuM.jpg,0,0,0,0,0,0,,False,,Horror,,
1031133,,Never Ever Open It,Never Ever Open It,en,,,2011-01-01,/zmvDR5bv9gcXDtt56ht6GSxWlmW.jpg,0,0,0,0,0,0,,False,,Horror,,
1031134,,Hungry Hickory,Hungry Hickory,en,,,2010-01-01,/j14jS0qs4DFTOoHjnHzTh3xo4Fv.jpg,0,0,0,0,0,0,,False,,Horror,,
1031144,,The Roommate,The Roommate,en,,,2003-01-01,/vZ64qzoj6iP3p5EeNU2VU9vRmxU.jpg,0,0,0,0,0,0,,False,,Horror,,
1031146,,Hands,Hands,en,,,2017-01-01,/aG5UI5hWJmrFbi27BlgivXsFhdH.jpg,0,0,0,0,0,0,,False,,Horror,,
1031206,,Cursed Friends,Cursed Friends,en,,,2022-01-01,/zKxK1rZ0y3k6SQfRotq0jLMzz2Q.jpg,0,0,0,0,0,0,,False,,Horror,,
1031283,,Sadistic: The Exorcism Of Lily Deckert,Sadistic: The Exorcism Of Lily Deckert,en,,,2022-01-01,/x0ffcFG731Chc2yieDmOK7xrdOh.jpg,0,0,0,0,0,0,,False,,Horror,,
1031359,,Chimera,Chimera,en,,,2022-01-01,/3PPCouvMMC9TrVyeFd8yAWwNNHI.jpg,0,0,0,0,0,0,,False,,Horror,,
1031488,,Don't Trick-Or-Treat Alone!,Don't Trick-Or-Treat Alone!,en,,,2022-01-01,/la2mV2dStSDedImGMaojnTfvwFY.jpg,0,0,0,0,0,0,,False,,Horror,,
1031540,,The Hampton Family Massacre,The Hampton Family Massacre,en,,,2017-01-01,/7JSSm8x5AXUnVnK08ihxFl5A817.jpg,0,0,0,0,0,0,,False,,Horror,,
1031702,,KillHer,KillHer,en,,,2022-01-01,/4GCOIfYkjWvKqp4NjJE0xt6tDJw.jpg,0,0,0,0,0,0,,False,,Horror,,
1031745,,All Boys Cry Wolf,All Boys Cry Wolf,en,,,2022-01-01,/aKt7242vVMNycZiIKWFWZpjHpsN.jpg,0,0,0,0,0,0,,False,,Horror,,
1031876,,Minacious,Minacious,en,,,2022-01-01,/lHiOjju8BSGTVUfDweZZie0KV3x.jpg,0,0,0,0,0,0,,False,,Horror,,
1032061,,Odd Noggins,Odd Noggins,en,,,2015-01-01,/jkFrhpXgIEW6AcxZ9vklkunLcdS.jpg,0,0,0,0,0,0,,False,,Horror,,
1032152,,Last Train,Last Train,en,,,2022-01-01,/qCPtrrd4FULmDrICO6ZMufqE9ZB.jpg,0,0,0,0,0,0,,False,,Horror,,
1032305,,Cookies,Cookies,en,,,2022-01-01,/378AjVdK1MRTxH7TRfZjOSdiBct.jpg,0,0,0,0,0,0,,False,,Horror,,
1032419,,3 Wishes II,3 Wishes II,en,,,2021-01-01,/qjkdoofzXiPWNfzx8wlktb82HnA.jpg,0,0,0,0,0,0,,False,,Horror,,
1032439,,We Forgot About the Zombies,We Forgot About the Zombies,en,,,2022-01-01,/bCFpS5e9gdsdhkTL8tfP0mh8mYu.jpg,0,0,0,0,0,0,,False,,Horror,,
1032506,,A Party to Die For,A Party to Die For,en,,,2022-01-01,/rrSSb7fbliP7Xnz0qkC4Z5T0YoO.jpg,0,0,0,0,0,0,,False,,Horror,,
1032612,,Mirror Moves,Mirror Moves,en,,,2022-01-01,/jwdTaWKYMBlYtskmVULHkMuu1Xh.jpg,0,0,0,0,0,0,,False,,Horror,,
1032664,,The Winter Witch,The Winter Witch,en,,,2022-01-01,/qMT9xKQny3eCFrYpVE2oqM6GKMK.jpg,0,0,0,0,0,0,,False,,Horror,,
1032744,,When The Earth Gives Up The Dead,When The Earth Gives Up The Dead,en,,,2022-01-01,/CGSGxENbuGlWEPe254AxUDngHK.jpg,0,0,0,0,0,0,,False,,Horror,,
1032780,,Dark Reunion: Slaughter of the Children,Dark Reunion: Slaughter of the Children,en,,,2012-01-01,/X9bnoX49Gty5LyM3gGw2Xlxi5e.jpg,0,0,0,0,0,0,,False,,Horror,,
1032876,,Cryptid,Cryptid,en,,,2022-01-01,/7co40dkpueinjxBOcVzxh3ZskLo.jpg,0,0,0,0,0,0,,False,,Horror,,
1032910,,It's Funny,It's Funny,en,,,2022-01-01,/kXs8zWoLXEaVn0NAiWauhYFeiAN.jpg,0,0,0,0,0,0,,False,,Horror,,
1032988,,Final Girl,Final Girl,en,,,2022-01-01,/8Telww7ZwoLzAo1w82vFwLRpnvE.jpg,0,0,0,0,0,0,,False,,Horror,,
1033052,,The Mean One,The Mean One,en,,,2022-01-01,/56yQqjnGo9Ky65bSSGxz5vDaNUo.jpg,0,0,0,0,0,0,,False,,Horror,,
1033113,,The Ghosts Of Eden Hall,The Ghosts Of Eden Hall,en,,,2015-01-01,/cu9yE2abfmT4WDEPjkh9w7dBiyh.jpg,0,0,0,0,0,0,,False,,Horror,,
1033153,,Who Goes There,Who Goes There,en,,,2022-01-01,/1wtAeJ3f39RVHU4g08ALLOt0kne.jpg,0,0,0,0,0,0,,False,,Horror,,
1033244,,Dead Kids 2,Dead Kids 2,en,,,1996-01-01,/90I6bSDDRRxj0hfHtGFCYZE4hsy.jpg,0,0,0,0,0,0,,False,,Horror,,
1033320,,"Blood, Guts and Sunshine: The History of Horror Made in Florida","Blood, Guts and Sunshine: The History of Horror Made in Florida",en,,,2021-01-01,/3yb7Y06pTjBaHEkQgTYyxtRyz8C.jpg,0,0,0,0,0,0,,False,,Horror,,
1033413,,The Unfinished,The Unfinished,en,,,2022-01-01,/jQRw2LmQUgJ5zNNhlbLAQfWb7wE.jpg,0,0,0,0,0,0,,False,,Horror,,
1033431,,Nzu,Nzu,en,,,2022-01-01,/zIByNrUeWno9eNu7kKil0E4zUF5.jpg,0,0,0,0,0,0,,False,,Horror,,
1033467,,Shadowban,Shadowban,en,,,2022-01-01,/eJgn3SkJkd4ZpdF418KMGvNyNOU.jpg,0,0,0,0,0,0,,False,,Horror,,
1033494,,Welcome to Deer Creek,Welcome to Deer Creek,en,,,2009-01-01,/3E19g0GJknzcVZy8pZEhER2GrXX.jpg,0,0,0,0,0,0,,False,,Horror,,
1033566,,The Phantom of the Cinematheque,The Phantom of the Cinematheque,en,,,2008-01-01,/mPIbMDtc7vSAe5t3HUKQXAiGHfY.jpg,0,0,0,0,0,0,,False,,Horror,,
1033636,,WJHC AM,WJHC AM,en,,,2022-01-01,/m3cItJnmZvyCtBXcvM6GodpNjaq.jpg,0,0,0,0,0,0,,False,,Horror,,
1033801,,The Curse of Robert the Doll,The Curse of Robert the Doll,en,,,2022-01-01,/jhkzbOsnrhE6COA5mT3XLd5swKo.jpg,0,0,0,0,0,0,,False,,Horror,,
1033805,,Nocturnal Butcher,Nocturnal Butcher,en,,,2010-01-01,/hYNaMwHOByExFbZ0udJf731d8RW.jpg,0,0,0,0,0,0,,False,,Horror,,
1033807,,Premonitions Following an Evil Deed,Premonitions Following an Evil Deed,en,,,1995-01-01,/lcrZxQButYmTtOPV79g89th5K8P.jpg,0,0,0,0,0,0,,False,,Horror,,
1033808,,Dysfunction,Dysfunction,en,,,2006-01-01,/8plB7qRcqk1hzoqLX0LJ6ZBthEz.jpg,0,0,0,0,0,0,,False,,Horror,,
1033883,,Satan Lives: The Rise of the Illuminati Hotties,Satan Lives: The Rise of the Illuminati Hotties,en,,,2022-01-01,/hb9rQEehs0hRpqZGY6dJf3xqw1O.jpg,0,0,0,0,0,0,,False,,Horror,,
1033909,,Dreaded Light,Dreaded Light,en,,,2022-01-01,/uAZG5SOzdZcgrZFuMhZbE0ys8A7.jpg,0,0,0,0,0,0,,False,,Horror,,
1033931,,Sunfall,Sunfall,en,,,2022-01-01,/Si0Xlynsh9oUBjZwFilddnBZBp.jpg,0,0,0,0,0,0,,False,,Horror,,
1033936,,Pandemic Thirst,Pandemic Thirst,en,,,2022-01-01,/fBMLnTRa9pyG0dFU11mPCTP6wXL.jpg,0,0,0,0,0,0,,False,,Horror,,
1033946,,Dark Departure 3,Dark Departure 3,en,,,2022-01-01,/711v4lytVpGkkZHYBgYI33AgsP9.jpg,0,0,0,0,0,0,,False,,Horror,,
1034067,,Keep Watching the Skies,Keep Watching the Skies,en,,,1975-01-01,/hmr0gH0cGfunzqCUqyWWK8Ks0NS.jpg,0,0,0,0,0,0,,False,,Horror,,
1034097,,Catching Spirits,Catching Spirits,en,,,2022-01-01,/iQX9ke2tI18zZZ166XdDr2E653S.jpg,0,0,0,0,0,0,,False,,Horror,,
1034123,,There's Something in My Room,There's Something in My Room,en,,,2013-01-01,/iFsRVoYOzTEbfk96I0g8HCemqZk.jpg,0,0,0,0,0,0,,False,,Horror,,
1034245,,APOPHENIA,APOPHENIA,en,,,2022-01-01,/ApZJRWrV6enjrRk7lKYnPpUmi5j.jpg,0,0,0,0,0,0,,False,,Horror,,
1034408,,The Return of Dracula,The Return of Dracula,en,,,1967-01-01,/Aj5Ls5l1My2IIl6XG0haSytsSrl.jpg,0,0,0,0,0,0,,False,,Horror,,
1034480,,Mirror,Mirror,en,,,2022-01-01,/hXmbkvXMgA5hnqGZlkdpZsirrRa.jpg,0,0,0,0,0,0,,False,,Horror,,
1034483,,Halloween Alone,Halloween Alone,en,,,2020-01-01,/bFEApgaA1hQtwP7DZuFmxs8bvyc.jpg,0,0,0,0,0,0,,False,,Horror,,
1034485,,Noose,Noose,en,,,2020-01-01,/kloIukLw4vqEuViC4akBnYsX16f.jpg,0,0,0,0,0,0,,False,,Horror,,
1034542,,Mother,Mother,en,,,2006-01-01,/75aVFqblpcnf3bE0c8SRnDyrahq.jpg,0,0,0,0,0,0,,False,,Horror,,
1034673,,Bathtub Shark Attack,Bathtub Shark Attack,en,,,2022-01-01,/1zf10mVZoWwWEIfQTLgg7PfEC9v.jpg,0,0,0,0,0,0,,False,,Horror,,
1034689,,The Hellraiser Chronicles: Lifebringer,The Hellraiser Chronicles: Lifebringer,en,,,2008-01-01,/jvxdKLaqDWncIxURxuMWPZEX6WO.jpg,0,0,0,0,0,0,,False,,Horror,,
1034693,,Hellraiser: What's Your Pleasure?,Hellraiser: What's Your Pleasure?,en,,,2015-01-01,/wjAvIgozqyvh6Kxr3Cf8EnQo9vX.jpg,0,0,0,0,0,0,,False,,Horror,,
1034725,,SlashFM,SlashFM,en,,,2022-01-01,/s9r6DftmtF9QbDJGQXoUCVH2CkC.jpg,0,0,0,0,0,0,,False,,Horror,,
1034732,,The Getaway,The Getaway,en,,,2020-01-01,/aaWbCIyMxDOuy1WX51l4ygHk7qp.jpg,0,0,0,0,0,0,,False,,Horror,,
1034771,,Bloody Shadows,Bloody Shadows,en,,,2018-01-01,/nqmKyoROAMjfFOwWhICLttdEDzp.jpg,0,0,0,0,0,0,,False,,Horror,,
1034785,,Mare,Mare,en,,,2016-01-01,/2iuPux0UcEciLftgVzECXdgxkzI.jpg,0,0,0,0,0,0,,False,,Horror,,
1034861,,Dura,Dura,en,,,2022-01-01,/l0pZaE3Vv3MxB110S94MaCLKEjR.jpg,0,0,0,0,0,0,,False,,Horror,,
1034887,,Meat Eater,Meat Eater,en,,,2019-01-01,/qJD5lnYZKDZKSxSomFR68jdHhxE.jpg,0,0,0,0,0,0,,False,,Horror,,
1034929,,Ride or Die,Ride or Die,en,,,2022-01-01,/mYVh17vpWJgqHm90qUyg02PvwuL.jpg,0,0,0,0,0,0,,False,,Horror,,
1035013,,Late Night Walking,Late Night Walking,en,,,2022-01-01,/7xIKVLNg7Mqpe5EEtEmnpzv9uIh.jpg,0,0,0,0,0,0,,False,,Horror,,
1035065,,Clean Freak,Clean Freak,en,,,2022-01-01,/6gkhqJe5KC673FmplYk0aytagV0.jpg,0,0,0,0,0,0,,False,,Horror,,
1035084,,The Kid's Revenge,The Kid's Revenge,en,,,2022-01-01,/hjpqac91cBs7dvx9MBW92eHkVod.jpg,0,0,0,0,0,0,,False,,Horror,,
1035187,,Bug,Bug,en,,,2022-01-01,/aZMh301lByac0yAaE2x9UojKpJV.jpg,0,0,0,0,0,0,,False,,Horror,,
1035188,,Incomplete,Incomplete,en,,,2022-01-01,/aZMh301lByac0yAaE2x9UojKpJV.jpg,0,0,0,0,0,0,,False,,Horror,,
1035189,,Remote,Remote,en,,,2022-01-01,/hPEznNhgLZwG8femSzawznqM0vM.jpg,0,0,0,0,0,0,,False,,Horror,,
1035383,,Undeveloped,Undeveloped,en,,,2019-01-01,/6pRNuu4nYVwgQXB9kQDej4LbzBm.jpg,0,0,0,0,0,0,,False,,Horror,,
1035450,,Giantess Attack vs. Mecha Fembot,Giantess Attack vs. Mecha Fembot,en,,,2019-01-01,/uG5ntBa24Zw5mRyiV9NZCaRdlRm.jpg,0,0,0,0,0,0,,False,,Horror,,
1035462,,The Domestic,The Domestic,en,,,2022-01-01,/qKs4yuq9d4qO0HvYxY4cArRseHY.jpg,0,0,0,0,0,0,,False,,Horror,,
1035499,,Polk Road: The Homecoming,Polk Road: The Homecoming,en,,,2010-01-01,/dER94mQLLHpRR9ncsbsTPVifQyU.jpg,0,0,0,0,0,0,,False,,Horror,,
1035544,,Present,Present,en,,,2022-01-01,/xwMTSSICWJN4IrFZ9aw5SKdIpdc.jpg,0,0,0,0,0,0,,False,,Horror,,
1035583,,Here for Blood,Here for Blood,en,,,2022-01-01,/pj1qooBHoRvBm00PFiE0EumDt6V.jpg,0,0,0,0,0,0,,False,,Horror,,
1035584,,Wish We Never Met,Wish We Never Met,en,,,2022-01-01,/9K5fZRGafXLpG5aKhfmWmq9lidH.jpg,0,0,0,0,0,0,,False,,Horror,,
1035595,,The Abstraction,The Abstraction,en,,,2015-01-01,/uxyyIpYOe7GfPwptz0nb7LY54L5.jpg,0,0,0,0,0,0,,False,,Horror,,
1035641,,Sleep. Walk. Kill.,Sleep. Walk. Kill.,en,,,2022-01-01,/wLx1c4Fkje7Pn85qe9A5hL8ROtt.jpg,0,0,0,0,0,0,,False,,Horror,,
1035654,,The Apology,The Apology,en,,,2022-01-01,/gUFHThondPpmjqeh3XI1yXnCRDa.jpg,0,0,0,0,0,0,,False,,Horror,,
1035689,,The Damned - A Night Of A Thousand Vampires Live In London,The Damned - A Night Of A Thousand Vampires Live In London,en,,,2022-01-01,/AnW1AZfeKbjcoqQWYZbrYWFUKu1.jpg,0,0,0,0,0,0,,False,,Horror,,
1035835,,The Legend of Buck Hill,The Legend of Buck Hill,en,,,2022-01-01,/9UMctdtkQdPh0Gp3ig5HYENEj69.jpg,0,0,0,0,0,0,,False,,Horror,,
1035882,,Cannibal Sacrifice 2,Cannibal Sacrifice 2,en,,,2010-01-01,/KylTKTCvZX2JLk7tyIDOop08Xz.jpg,0,0,0,0,0,0,,False,,Horror,,
1035903,,The Quiet Ones,The Quiet Ones,en,,,2010-01-01,/rQm4m8pZBv54y9lyu8YYyD88jOI.jpg,0,0,0,0,0,0,,False,,Horror,,
1036023,,Fake Plastic Blood,Fake Plastic Blood,en,,,2022-01-01,/knQySUZQT9H8hrNmpKDKWqJgFe4.jpg,0,0,0,0,0,0,,False,,Horror,,
1036026,,The Night Nurse,The Night Nurse,en,,,2022-01-01,/eWlPpPHukyUt6TRM7NDKgMDJ1iS.jpg,0,0,0,0,0,0,,False,,Horror,,
1036133,,You Have No Right To Live,You Have No Right To Live,en,,,2021-01-01,/kZYgf6Zs9BthBRhcVAYFLl2E2sg.jpg,0,0,0,0,0,0,,False,,Horror,,
1036139,,Dark Tales,Dark Tales,en,,,2021-01-01,/tYEfNUoBH9a11ebbKgBuQNNGzQy.jpg,0,0,0,0,0,0,,False,,Horror,,
1036291,,The Quantum Terror,The Quantum Terror,en,,,2022-01-01,/55xRqOj4BkELKXlGa1wij4iaxMO.jpg,0,0,0,0,0,0,,False,,Horror,,
1036293,,The Unintended Sequel,The Unintended Sequel,en,,,2022-01-01,/n1u4mS98jJz4ZIsVkJftruM3188.jpg,0,0,0,0,0,0,,False,,Horror,,
1036432,,Hurry Hurry Faster Faster,Hurry Hurry Faster Faster,en,,,1965-01-01,/wapxekH6En2PVlETaLENAJcnBY3.jpg,0,0,0,0,0,0,,False,,Horror,,
1036451,,Otherkin,Otherkin,en,,,2022-01-01,/aor95VgPrYtUs9uD1bp5LhwgNXS.jpg,0,0,0,0,0,0,,False,,Horror,,
1036609,,Old Blood,Old Blood,en,,,2022-01-01,/6l2AFz2Q4r8McHAEAQa1um9OzGS.jpg,0,0,0,0,0,0,,False,,Horror,,
1036637,,The Beckoning,The Beckoning,en,,,2022-01-01,/nEHwwETUATNYcLn8ixr7SwyXJCi.jpg,0,0,0,0,0,0,,False,,Horror,,
1036684,,The Camp,The Camp,en,,,2021-01-01,/wuLtoeY7DJYtg035f57dEksw5IS.jpg,0,0,0,0,0,0,,False,,Horror,,
1036685,,"Horrorathon, Volume One","Horrorathon, Volume One",en,,,2020-01-01,/qh7JdvkAi6UL7GjSnyCeh4aqXId.jpg,0,0,0,0,0,0,,False,,Horror,,
1036701,,Amy,Amy,en,,,2017-01-01,/z8BQIiN0Q8BKrCqZEH3GY6oUnAM.jpg,0,0,0,0,0,0,,False,,Horror,,
1036809,,The Devil's Door,The Devil's Door,en,,,2022-01-01,/1Iuh7ZJdbz42IaTDV4Ubq7ZE7vp.jpg,0,0,0,0,0,0,,False,,Horror,,
1036814,,Induced,Induced,en,,,2022-01-01,/6UB9fMw56OAEnP6F52QMkcR8rCP.jpg,0,0,0,0,0,0,,False,,Horror,,
1036820,,Below,Below,en,,,2022-01-01,/nEX182v8gmg01KlR8OXlGMpu8LS.jpg,0,0,0,0,0,0,,False,,Horror,,
1037017,,Dead Body Man Chronicles,Dead Body Man Chronicles,en,,,2008-01-01,/oSrQUW9jlcuCeLeGIXMFre9KJsH.jpg,0,0,0,0,0,0,,False,,Horror,,
1037125,,Live Escape,Live Escape,en,,,2022-01-01,/wWW5pi1bNqIaSir0Isvi5Ww0xT3.jpg,0,0,0,0,0,0,,False,,Horror,,
1037217,,Laugh Baby Baby Laugh,Laugh Baby Baby Laugh,en,,,2022-01-01,/s1atS4qvrsiLL41zrvBqD2zRAsj.jpg,0,0,0,0,0,0,,False,,Horror,,
1037459,,#Shockfight,#Shockfight,en,,,2022-01-01,/ztmdvt7fsjoRCOzLDYpAl6qZDBj.jpg,0,0,0,0,0,0,,False,,Horror,,
1037461,,Until Death Do Us Part,Until Death Do Us Part,en,,,2021-01-01,/deRQIgagGI2hqyI3zmPcaFWDtkE.jpg,0,0,0,0,0,0,,False,,Horror,,
1037464,,The Graveyard Shift,The Graveyard Shift,en,,,2021-01-01,/vBEqAubClzIDUoAMkH6O7uBBEd3.jpg,0,0,0,0,0,0,,False,,Horror,,
1037545,,Uncle,Uncle,en,,,2022-01-01,/oZ0MHLYGm5iuoTqcdFOuF9h1OK6.jpg,0,0,0,0,0,0,,False,,Horror,,
1037578,,Marvin,Marvin,en,,,2022-01-01,/pwumjZyBtyACATxLT5YbCgXEtup.jpg,0,0,0,0,0,0,,False,,Horror,,
1037581,,The Gate Nothing Is Coming,The Gate Nothing Is Coming,en,,,2019-01-01,/6qwVZtce835LsvzJkyRVVMYMGLK.jpg,0,0,0,0,0,0,,False,,Horror,,
1037618,,You and Me and You Again,You and Me and You Again,en,,,2022-01-01,/bDjwU62vRIEmSWLxZoXZyUXo950.jpg,0,0,0,0,0,0,,False,,Horror,,
1037628,,Ghosts of Flight 401,Ghosts of Flight 401,en,,,2022-01-01,/eSFCnkNbpML2AsbvUxDuyC2XMR4.jpg,0,0,0,0,0,0,,False,,Horror,,
1037635,,Awful Silence,Awful Silence,en,,,2022-01-01,/845ANVxBqbxecsHbqtPbpLRfI1D.jpg,0,0,0,0,0,0,,False,,Horror,,
1037664,,Welcome to the Game,Welcome to the Game,en,,,2022-01-01,/fF18cVoVaQhVzJxo6IUiwWqjbRQ.jpg,0,0,0,0,0,0,,False,,Horror,,
1037684,,Cicada: I Was a Teenage Horror Movie!,Cicada: I Was a Teenage Horror Movie!,en,,,2022-01-01,/uGfIPs4tEe2Jacmu1aL1HhJGeUP.jpg,0,0,0,0,0,0,,False,,Horror,,
1037785,,We Wanted Children,We Wanted Children,en,,,2022-01-01,/uRnE0Q7BnAlq9UqwwcVzVMSg9vf.jpg,0,0,0,0,0,0,,False,,Horror,,
1037791,,The Whistle,The Whistle,en,,,2017-01-01,/y2Ui2RskH9QIaek0gODdzCSyTKy.jpg,0,0,0,0,0,0,,False,,Horror,,
1037799,,The Whistle 2,The Whistle 2,en,,,2018-01-01,/9Az5Apyc5F1EcAnWnrzOynOmHcQ.jpg,0,0,0,0,0,0,,False,,Horror,,
1037806,,The Whistle 3,The Whistle 3,en,,,2019-01-01,/2hHFyqqhgvSF3CUHgozPSnVbVM.jpg,0,0,0,0,0,0,,False,,Horror,,
1037841,,Retro Freaks,Retro Freaks,en,,,2022-01-01,/q11irpOtl1AyPsUOBfjN4mApZZi.jpg,0,0,0,0,0,0,,False,,Horror,,
1037854,,Deep Tissue,Deep Tissue,en,,,2021-01-01,/t5Gvu6xfV81ayXJ1WaWvalZyWzU.jpg,0,0,0,0,0,0,,False,,Horror,,
1037863,,Finding Flubber,Finding Flubber,en,,,2018-01-01,/Lw0kWg2WzLCQfr0F2sL7R5a5vd.jpg,0,0,0,0,0,0,,False,,Horror,,
1037880,,Analog Exposure,Analog Exposure,en,,,2022-01-01,/5iPSyEvDkwZFMWr2E8v0mpILlJh.jpg,0,0,0,0,0,0,,False,,Horror,,
1037903,,Our Trip to Berribrook,Our Trip to Berribrook,en,,,2022-01-01,/pSruFymIPVepSfFwZeXbqWOGKBR.jpg,0,0,0,0,0,0,,False,,Horror,,
1038002,,Tahoe Joe,Tahoe Joe,en,,,2022-01-01,/uW4j7OUExzcf72NW94mXYxZLrUX.jpg,0,0,0,0,0,0,,False,,Horror,,
1038043,,#Float,#Float,en,,,2022-01-01,/xNyqgBBkbII8qBejh5czNqrT70p.jpg,0,0,0,0,0,0,,False,,Horror,,
1038048,,Life's a Bitch Then You Die,Life's a Bitch Then You Die,en,,,2020-01-01,/9ydHqzLHrJ9zyx3Z8tkla3N1u81.jpg,0,0,0,0,0,0,,False,,Horror,,
1038068,,Halloween Inferno,Halloween Inferno,en,,,2019-01-01,/zJTWfCQP6abyM05ZUeYKHQQAYO4.jpg,0,0,0,0,0,0,,False,,Horror,,
1038083,,Goodnight My Love,Goodnight My Love,en,,,2012-01-01,/xkabNLPmYNStPlulFhckMx9BCIy.jpg,0,0,0,0,0,0,,False,,Horror,,
1038092,,John Doe: Video Diary of a Serial Killer,John Doe: Video Diary of a Serial Killer,en,,,2017-01-01,/jQMZCzDXXhLJnnBTxqlQhDFyxpX.jpg,0,0,0,0,0,0,,False,,Horror,,
1038116,,Death Camp,Death Camp,en,,,2022-01-01,/rifPEmf0C0jPdIOhRKV13TI7dAv.jpg,0,0,0,0,0,0,,False,,Horror,,
1038134,,The Mount,The Mount,en,,,2022-01-01,/bVehv9BOmiRmFXUjJX7sTfGO64O.jpg,0,0,0,0,0,0,,False,,Horror,,
1038143,,"Anything, Anything","Anything, Anything",en,,,2022-01-01,/iUL1dcrY7m5BRhRc7GSnY5pBYNi.jpg,0,0,0,0,0,0,,False,,Horror,,
1038217,,Zo in Exile,Zo in Exile,en,,,2022-01-01,/u0sLzZUF8WVXAK2kRGyr15wgMPJ.jpg,0,0,0,0,0,0,,False,,Horror,,
1038225,,Man Cow: Demon of the Cream,Man Cow: Demon of the Cream,en,,,2021-01-01,/aniz6PQ7eM3jIUJ6AxALHC3UG2s.jpg,0,0,0,0,0,0,,False,,Horror,,
1038257,,Fulfilled: A Halloween Story,Fulfilled: A Halloween Story,en,,,1999-01-01,/6l2bp88IrExUHWe231Li9gkDEJq.jpg,0,0,0,0,0,0,,False,,Horror,,
1038272,,Kate Calloway’s Second Annual Haunted Halloween Sleepover,Kate Calloway’s Second Annual Haunted Halloween Sleepover,en,,,2022-01-01,/noHlJUpifN38O2TOxeDeI2w1AVx.jpg,0,0,0,0,0,0,,False,,Horror,,
1038378,,Bliss of Evil,Bliss of Evil,en,,,2022-01-01,/eIx5suf4u6weO3IQgqatD3vbshD.jpg,0,0,0,0,0,0,,False,,Horror,,
1038454,,DVD,DVD,en,,,2016-01-01,/pC4iRC76gzI3AAr6o1tTYuBQqVV.jpg,0,0,0,0,0,0,,False,,Horror,,
1038460,,DVD 2,DVD 2,en,,,2019-01-01,/x8JLvxgpmqK8NrXZdVfbX0MzalF.jpg,0,0,0,0,0,0,,False,,Horror,,
1038473,,The Exorcists,The Exorcists,en,,,2022-01-01,/fNMPUdGCBhJcvUHaYFonsJDMRUf.jpg,0,0,0,0,0,0,,False,,Horror,,
1038481,,Kid Free Weekend,Kid Free Weekend,en,,,2022-01-01,/glegYAOQUqyy0PVaOBVGmABUu39.jpg,0,0,0,0,0,0,,False,,Horror,,
1038505,,Penny,Penny,en,,,2022-01-01,/fhG0ebZtXOdGIf4hz5zIlovCZBD.jpg,0,0,0,0,0,0,,False,,Horror,,
1038587,,First Halloween,First Halloween,en,,,2012-01-01,/cmRCHRG3OtdZfQCdQf9NWdx33dg.jpg,0,0,0,0,0,0,,False,,Horror,,
1038595,,Last Year's Halloween Candy,Last Year's Halloween Candy,en,,,2014-01-01,/ufaSYEPtubGy1DLla7CtR4vAtEI.jpg,0,0,0,0,0,0,,False,,Horror,,
1038596,,Fallacious,Fallacious,en,,,2016-01-01,/s56Ccl8XmdBr5PtfM94Lh3WJprR.jpg,0,0,0,0,0,0,,False,,Horror,,
1038601,,Tightening Our Belts,Tightening Our Belts,en,,,2013-01-01,/aEaGM2ds8mTf2O6fzkd5MmyU3RO.jpg,0,0,0,0,0,0,,False,,Horror,,
1038609,,The Best Halloween Ever,The Best Halloween Ever,en,,,2014-01-01,/uG1yqA4T9HRVexi3tWFfrJxPJM3.jpg,0,0,0,0,0,0,,False,,Horror,,
1038621,,Z Investigation,Z Investigation,en,,,2021-01-01,/vMwRj1QEMVPzJkvYFbJEtp7Pqh0.jpg,0,0,0,0,0,0,,False,,Horror,,
1038699,,The Face Of Oblivion,The Face Of Oblivion,en,,,2022-01-01,/a8jOwG73hsdZj3mJ0F1PZFt4Ft9.jpg,0,0,0,0,0,0,,False,,Horror,,
1038711,,Red Flooded You,Red Flooded You,en,,,2022-01-01,/laOuN7IfonxAe6iav6vtbmdmyCi.jpg,0,0,0,0,0,0,,False,,Horror,,
1038766,,Basement Bags,Basement Bags,en,,,2018-01-01,/u1CS7G2XsU4vDvg3iTg3DzBbgut.jpg,0,0,0,0,0,0,,False,,Horror,,
1038794,,It Had Pale Skin,It Had Pale Skin,en,,,2016-01-01,/j34oiAqYE9BWQl73j8RDe5yQPVs.jpg,0,0,0,0,0,0,,False,,Horror,,
1038869,,Blood on the Carpet,Blood on the Carpet,en,,,2022-01-01,/v43Sff2PA75gbIIM6VozUSjW5OX.jpg,0,0,0,0,0,0,,False,,Horror,,
1038871,,The Fore-Men,The Fore-Men,en,,,2022-01-01,/tkGuRkmGJe9JGjhepo3Mj4KQVDC.jpg,0,0,0,0,0,0,,False,,Horror,,
1038887,,Paws,Paws,en,,,2022-01-01,/vk5pdAd8jrebSz31RYkpmOgJj0e.jpg,0,0,0,0,0,0,,False,,Horror,,
1038972,,10 Eyes,10 Eyes,en,,,2022-01-01,/aOs9yRdzhqjYIAqPJlNvi4obgmB.jpg,0,0,0,0,0,0,,False,,Horror,,
1039099,,Blood Moon,Blood Moon,en,,,2012-01-01,/fOwTTTB85200bK9uImtm4laZtxw.jpg,0,0,0,0,0,0,,False,,Horror,,
1039103,,The Lady's Guide To Surviving The Zombie Apocalypse,The Lady's Guide To Surviving The Zombie Apocalypse,en,,,2022-01-01,/3CtS3SSpTXI4W6wV7u4aoLWwW8k.jpg,0,0,0,0,0,0,,False,,Horror,,
1039108,,Take One,Take One,en,,,2019-01-01,/wY1CiiityEMrezHFvusS7esZ7ST.jpg,0,0,0,0,0,0,,False,,Horror,,
1039183,,OSARU-CHAN,OSARU-CHAN,en,,,2021-01-01,/ozsTOoedAmadOBsMKjrR8jItQnj.jpg,0,0,0,0,0,0,,False,,Horror,,
1039204,,Strings,Strings,en,,,2022-01-01,/iCeZLUqRaZEBw3qNfcgPJ68EQ8Q.jpg,0,0,0,0,0,0,,False,,Horror,,
1039213,,The Widow in White,The Widow in White,en,,,2020-01-01,/xDlvPSjs8OpK3wzADjmwuKw3cvQ.jpg,0,0,0,0,0,0,,False,,Horror,,
1039233,,The Complex,The Complex,en,,,2012-01-01,/8fZKKePnk6ASONClmvz85Y5aePx.jpg,0,0,0,0,0,0,,False,,Horror,,
1039282,,Fiber Optics,Fiber Optics,en,,,2022-01-01,/23xSoqtttEIYSdTXovyVc3VckrO.jpg,0,0,0,0,0,0,,False,,Horror,,
1039335,,KILLER KABBAGE,KILLER KABBAGE,en,,,2011-01-01,/zTcc8rVo5w2iy3ZVQTjU9y5Ueq5.jpg,0,0,0,0,0,0,,False,,Horror,,
1039359,,Role Play,Role Play,en,,,2022-01-01,/1o28hvanLPOSy22P5wF2N2g0GIt.jpg,0,0,0,0,0,0,,False,,Horror,,
1039368,,Black Forest,Black Forest,en,,,2015-01-01,/eUMPvSwUd93CeoXbL9iAlDbCLo2.jpg,0,0,0,0,0,0,,False,,Horror,,
1039380,,Shedim,Shedim,en,,,2022-01-01,/1VwKDxX3MYCAgKZ7F4tgDhR21NR.jpg,0,0,0,0,0,0,,False,,Horror,,
1039425,,The Audition,The Audition,en,,,2022-01-01,/wWZvsydfTrlkAFOxYjfA0cOerKZ.jpg,0,0,0,0,0,0,,False,,Horror,,
1039442,,The Sparkle Spell: Ghosting Made Fun!,The Sparkle Spell: Ghosting Made Fun!,en,,,2022-01-01,/rvmwI3yuY4IzlFw9i5p752OrNzj.jpg,0,0,0,0,0,0,,False,,Horror,,
1039454,,Deep Red Murders,Deep Red Murders,en,,,2022-01-01,/sSUP3YeIakppqTpduoV3gLI1PrV.jpg,0,0,0,0,0,0,,False,,Horror,,
1039508,,"Archie, Bald","Archie, Bald",en,,,2022-01-01,/kXIt80R0DokHavfV6sG2j0UMJBR.jpg,0,0,0,0,0,0,,False,,Horror,,
1039672,,Tom,Tom,en,,,2017-01-01,/3Y8qLbJLKslH7v1dLE6UpEHIwuV.jpg,0,0,0,0,0,0,,False,,Horror,,
1039725,,Friendship Bracelet,Friendship Bracelet,en,,,2018-01-01,/w1Zop4jtf5NvqVQvT84Sxq6Tq5K.jpg,0,0,0,0,0,0,,False,,Horror,,
1039750,,The Bogus Beast Project,The Bogus Beast Project,en,,,2022-01-01,/m361hu5aQINtWBQcDNSRCoo32PN.jpg,0,0,0,0,0,0,,False,,Horror,,
1039777,,Means to an End,Means to an End,en,,,2022-01-01,/zDGK4ENaN1gsV9SoSMFDr8km1Xu.jpg,0,0,0,0,0,0,,False,,Horror,,
1039779,,It Got Bloody,It Got Bloody,en,,,2022-01-01,/aS2Wc9ZAygdsWMAn6aREuCDfyk2.jpg,0,0,0,0,0,0,,False,,Horror,,
1039790,,Xavier,Xavier,en,,,2022-01-01,/7HGCvzOXl2yj2LzSGS3Umu92C56.jpg,0,0,0,0,0,0,,False,,Horror,,
1039792,,The Castle,The Castle,en,,,2022-01-01,/mSyCr2PExikd9APwvJnVb3VUVhL.jpg,0,0,0,0,0,0,,False,,Horror,,
1039795,,Mascara Diablo,Mascara Diablo,en,,,2005-01-01,/5vXf8VtG6UcmkIi1BA3uowSAYDT.jpg,0,0,0,0,0,0,,False,,Horror,,
1039811,,ReZistance,ReZistance,en,,,2014-01-01,/fxLqlrpdgloVVJQkpWGoAj3wPrr.jpg,0,0,0,0,0,0,,False,,Horror,,
1039821,,Fear Falls,Fear Falls,en,,,2022-01-01,/A1B5r9m67ytn7eyV1u6VqA5PiGx.jpg,0,0,0,0,0,0,,False,,Horror,,
1039824,,Jessicarved,Jessicarved,en,,,2022-01-01,/p2FyEg4xNPG4rPao9bdbAQC2mug.jpg,0,0,0,0,0,0,,False,,Horror,,
1039871,,The Zompocalypse Therapy Sessions,The Zompocalypse Therapy Sessions,en,,,2022-01-01,/4kGxxiRRcGRISPKVaGb3XI5HNCr.jpg,0,0,0,0,0,0,,False,,Horror,,
1039886,,InsoMania,InsoMania,en,,,2022-01-01,/hHsbr2En19cmmU4wDCtHU9ZWcCN.jpg,0,0,0,0,0,0,,False,,Horror,,
1039898,,Burying,Burying,en,,,2022-01-01,/3s69sDczxEs4TaRPKIqUqFWvmAQ.jpg,0,0,0,0,0,0,,False,,Horror,,
1039901,,The Trouble With One-Night Stands,The Trouble With One-Night Stands,en,,,2017-01-01,/2XfK290yBTaew54yaz9GfJal6oV.jpg,0,0,0,0,0,0,,False,,Horror,,
1039928,,London After Midnight,London After Midnight,en,,,2005-01-01,/ojmKsLSmh18VlrbvKFm0vPx5TlS.jpg,0,0,0,0,0,0,,False,,Horror,,
1039948,,The Handbook,The Handbook,en,,,2022-01-01,/8PcRTf0GZijvU5AVwhDIQ68KdeI.jpg,0,0,0,0,0,0,,False,,Horror,,
1039958,,Nightmare at Camp Bloodbath,Nightmare at Camp Bloodbath,en,,,2022-01-01,/a3VlFnsfSS5z7KCrdTlL9xkOusA.jpg,0,0,0,0,0,0,,False,,Horror,,
1040077,,Creep,Creep,en,,,2002-01-01,/A9KMG0AXhn1B1rxOvG0Gt5jGM5K.jpg,0,0,0,0,0,0,,False,,Horror,,
1040089,,Scarecrow at Midnight,Scarecrow at Midnight,en,,,2011-01-01,/gL9OvIsKCaJG9HqOtct1JDPzVw4.jpg,0,0,0,0,0,0,,False,,Horror,,
1040091,,Dollface,Dollface,en,,,2011-01-01,/vrsYZnqG5XDux976DT9iLcK12y2.jpg,0,0,0,0,0,0,,False,,Horror,,
1040095,,Halloween Party,Halloween Party,en,,,2018-01-01,/xn5yI3dMzsv9vi9hWPtwnonIgJC.jpg,0,0,0,0,0,0,,False,,Horror,,
1040101,,Wicked Jack: Ethereal Pilgrim,Wicked Jack: Ethereal Pilgrim,en,,,2021-01-01,/9Y6qDFNegVH2T6kiTZ8WGgB8Suk.jpg,0,0,0,0,0,0,,False,,Horror,,
1040128,,Pink Diamond,Pink Diamond,en,,,2021-01-01,/4Vj0SaeQKIuT40jA6Re7yISJQuP.jpg,0,0,0,0,0,0,,False,,Horror,,
1040134,,Pest,Pest,en,,,2016-01-01,/3jqw7tl3TEvtoY51jADfRRA4Alx.jpg,0,0,0,0,0,0,,False,,Horror,,
1040144,,The Game of the Clock,The Game of the Clock,en,,,2019-01-01,/7hPfBwblBdGULH0VRfu2F0XBMXQ.jpg,0,0,0,0,0,0,,False,,Horror,,
1040150,,The Hospital,The Hospital,en,,,2022-01-01,/epNfn94uNs2rMWcqffndK5DwFxy.jpg,0,0,0,0,0,0,,False,,Horror,,
1040153,,What Killed Timmy Benson?,What Killed Timmy Benson?,en,,,2022-01-01,/dA0zhb0iohZCcCovhH2aN7OwSpi.jpg,0,0,0,0,0,0,,False,,Horror,,
1040155,,Blood Dreams,Blood Dreams,en,,,2018-01-01,/AibSRZDnOemgNDMSR5IngxdsR4p.jpg,0,0,0,0,0,0,,False,,Horror,,
1040161,,Horus,Horus,en,,,2022-01-01,/iLsy0d1bUohcay7x3O92407ZGPa.jpg,0,0,0,0,0,0,,False,,Horror,,
1040176,,Black Clown,Black Clown,en,,,2022-01-01,/gq2eoQ7wrSjX4Hbn4Mi0Vn1nK8N.jpg,0,0,0,0,0,0,,False,,Horror,,
1040182,,10/31 Part 3,10/31 Part 3,en,,,2022-01-01,/6sPqQ4FpA43qeh6TCfXP6gfcFlZ.jpg,0,0,0,0,0,0,,False,,Horror,,
1040197,,Postscript,Postscript,en,,,2016-01-01,/ycTVhFsFQycZ6xlwHIebxsI80HE.jpg,0,0,0,0,0,0,,False,,Horror,,
1040292,,9 Hilton House,9 Hilton House,en,,,2017-01-01,/mek3Z0LAA5LbyazQcB8NvuCaszd.jpg,0,0,0,0,0,0,,False,,Horror,,
1040417,,On The Run,On The Run,en,,,2021-01-01,/defof7O29fma12SGJllwmfAjPD5.jpg,0,0,0,0,0,0,,False,,Horror,,
1040437,,Replacement,Replacement,en,,,2020-01-01,/h1CHeIKa1fOm33AklZhPMJyjrzC.jpg,0,0,0,0,0,0,,False,,Horror,,
1040468,,Attack of the Potato People,Attack of the Potato People,en,,,1984-01-01,/8FzKyYiTXK8xe4V6SXEiLiUX1Hh.jpg,0,0,0,0,0,0,,False,,Horror,,
1040516,,Corduroy,Corduroy,en,,,2022-01-01,/1YHsSvue80hWBe8NRIuNHuSLPlx.jpg,0,0,0,0,0,0,,False,,Horror,,
1040551,,Home-Killer,Home-Killer,en,,,1967-01-01,/etFxbGdIRVtrmQwCfZ96TdWEQ3v.jpg,0,0,0,0,0,0,,False,,Horror,,
1040562,,Magic Cottage,Magic Cottage,en,,,1993-01-01,/aIWlvfsvRi00WWPJKTjI1hgnQoo.jpg,0,0,0,0,0,0,,False,,Horror,,
1040573,,Night Terror,Night Terror,en,,,2017-01-01,/A30PuomYVEsbylasf6QbZfGQA8O.jpg,0,0,0,0,0,0,,False,,Horror,,
1040629,,The Copy-Writer,The Copy-Writer,en,,,2014-01-01,/4FWH3pdcJVVfGCtb24kqqjqcKGy.jpg,0,0,0,0,0,0,,False,,Horror,,
1040632,,The Phantoms,The Phantoms,en,,,2022-01-01,/xe39DMSeHt11euRbpxhD8x6C134.jpg,0,0,0,0,0,0,,False,,Horror,,
1040700,,The Secret of Mount Trolla,The Secret of Mount Trolla,en,,,2022-01-01,/xVBMYgWO3dQlmt2oaftKMKuVg16.jpg,0,0,0,0,0,0,,False,,Horror,,
1040783,,Midnight Lovers,Midnight Lovers,en,,,2016-01-01,/cNwF8KRpGKlX2xvj406d2Xjrg7Q.jpg,0,0,0,0,0,0,,False,,Horror,,
1040785,,Becky,Becky,en,,,2016-01-01,/em4H9Kjlhg0Zc2s7a3ZMKQb4pvW.jpg,0,0,0,0,0,0,,False,,Horror,,
1040789,,He Sees You,He Sees You,en,,,2016-01-01,/xKTHiKBC025CJLnzUTfkfLAcJZU.jpg,0,0,0,0,0,0,,False,,Horror,,
1040821,,House of Clowns,House of Clowns,en,,,2022-01-01,/855MDlJ2qBAk7nBZhDDl5md22wd.jpg,0,0,0,0,0,0,,False,,Horror,,
1040844,,Shelf Life,Shelf Life,en,,,2021-01-01,/rfyQxrqa4enr1bHAMJ9Ual8FDsk.jpg,0,0,0,0,0,0,,False,,Horror,,
1040884,,Quarantine-19,Quarantine-19,en,,,2022-01-01,/6wdaQHsx4ReFJjOtUGJCn3RzkSr.jpg,0,0,0,0,0,0,,False,,Horror,,
1040938,,The Sleep Study Murders,The Sleep Study Murders,en,,,2016-01-01,/nVVs0P7hhl4IQzOLkPOxtXCjnay.jpg,0,0,0,0,0,0,,False,,Horror,,
1040961,,Lost Vegas,Lost Vegas,en,,,2022-01-01,/hAv10IqBUn1xanhQF7zGq9pPPsM.jpg,0,0,0,0,0,0,,False,,Horror,,
1041051,,Vampire Boyfriend,Vampire Boyfriend,en,,,2022-01-01,/7Cmq2mwbq5v6gAwDcfONpxBWwq6.jpg,0,0,0,0,0,0,,False,,Horror,,
1041097,,Meatballs,Meatballs,en,,,2022-01-01,/ojWz3JcVCam9UV2mneTjiKzTQcq.jpg,0,0,0,0,0,0,,False,,Horror,,
1041114,,House Call,House Call,en,,,2014-01-01,/wsd1B9RqRUy97XsJmp1sSSrMzp6.jpg,0,0,0,0,0,0,,False,,Horror,,
1041195,,Fatal Influence: Like. Follow. Survive.,Fatal Influence: Like. Follow. Survive.,en,,,2022-01-01,/kQa4BXyNv8u6hQLTpRJf1Pleldu.jpg,0,0,0,0,0,0,,False,,Horror,,
1041265,,Paranormal Pencil,Paranormal Pencil,en,,,2017-01-01,/1TWbjZImf1oPKQS3jjUL1jtEjSz.jpg,0,0,0,0,0,0,,False,,Horror,,
1041399,,Paranormal Investigators,Paranormal Investigators,en,,,2022-01-01,/1Kk2Wgtjkcc9BorneIFc71b3QlQ.jpg,0,0,0,0,0,0,,False,,Horror,,
1041404,,Wolves,Wolves,en,,,2021-01-01,/5MOJ7pzy9znUbtdEJHF61P0MnW.jpg,0,0,0,0,0,0,,False,,Horror,,
1041446,,The Blackwell Ghost 7,The Blackwell Ghost 7,en,,,2022-01-01,/2D9dwwHIOYdns5u6KdZB6uLFhZ1.jpg,0,0,0,0,0,0,,False,,Horror,,
1041471,,The Great Wake,The Great Wake,en,,,2022-01-01,/dGYQHWTnH7eGs1U8XuXJ3qZYnkX.jpg,0,0,0,0,0,0,,False,,Horror,,
1041569,,The Blair Rat Project,The Blair Rat Project,en,,,2020-01-01,/AnGhfAJejalquFpjwSF7Y1SoxOE.jpg,0,0,0,0,0,0,,False,,Horror,,
1041631,,The Haunted Museum: 3 Ring Inferno,The Haunted Museum: 3 Ring Inferno,en,,,2022-01-01,/agGG7Zzd0tJAF4hxiaWvi8EQhXU.jpg,0,0,0,0,0,0,,False,,Horror,,
1041660,,Peek a Boo,Peek a Boo,en,,,2017-01-01,/kvkb8hXzQ5L6M8Xt3XpS4LYYkkV.jpg,0,0,0,0,0,0,,False,,Horror,,
1041680,,Deadly Dealings,Deadly Dealings,en,,,2022-01-01,/rSsu7qUu22b5L7oUdOtOYo2umsJ.jpg,0,0,0,0,0,0,,False,,Horror,,
1041905,,Bloody Nipples,Bloody Nipples,en,,,1996-01-01,/7BMaE7WA9UTHTUSdrXSiZeqNrve.jpg,0,0,0,0,0,0,,False,,Horror,,
1041968,,Masked Ghost Lady Presents Scary Stories,Masked Ghost Lady Presents Scary Stories,en,,,2022-01-01,/yVOEHWyBFQuqxIzA5MH60ngYGeM.jpg,0,0,0,0,0,0,,False,,Horror,,
1041971,,J. Daughter presents Scary Stories,J. Daughter presents Scary Stories,en,,,2022-01-01,/tdh10a20gQs4gCqldBtDMCSU7j.jpg,0,0,0,0,0,0,,False,,Horror,,
1041972,,Worth Each Penny Presents Scary Stories,Worth Each Penny Presents Scary Stories,en,,,2022-01-01,/mppefgyMgicn90j2olekO5bAVNI.jpg,0,0,0,0,0,0,,False,,Horror,,
1042028,,Kill Me Slowly,Kill Me Slowly,en,,,1996-01-01,/pv566BCQtfPoGQkEtUqhAOBXA9u.jpg,0,0,0,0,0,0,,False,,Horror,,
1042091,,The Witch of Devils Canyon,The Witch of Devils Canyon,en,,,2017-01-01,/ulNG3npdKF9rKedhvfRUFooqLXF.jpg,0,0,0,0,0,0,,False,,Horror,,
1042114,,They're Gone,They're Gone,en,,,2022-01-01,/c3PdRYHXPWWeqFETGKCtxRZPvL3.jpg,0,0,0,0,0,0,,False,,Horror,,
1042158,,Hoax,Hoax,en,,,2022-01-01,/tK81iAZQguMpiiNbRR6jxzIEnpm.jpg,0,0,0,0,0,0,,False,,Horror,,
1042179,,Worst Laid Plans,Worst Laid Plans,en,,,2022-01-01,/z2XLK9OW0P4EsNAmAvJQmE2f1ZE.jpg,0,0,0,0,0,0,,False,,Horror,,
1042240,,Amy & I,Amy & I,en,,,2022-01-01,/qmytNmd0txNUx77OWiN54YZbe0G.jpg,0,0,0,0,0,0,,False,,Horror,,
1042250,,Sama Ka?,Sama Ka?,en,,,2021-01-01,/cgkmSjeO3tvcGS1YaG36dY54Yq.jpg,0,0,0,0,0,0,,False,,Horror,,
1042253,,VLOG: Sasama Ka Ba?,VLOG: Sasama Ka Ba?,en,,,2022-01-01,/gFbHvmTaHAr2WvOsXHswSdoFNts.jpg,0,0,0,0,0,0,,False,,Horror,,
1042277,,Somniphobia,Somniphobia,en,,,2021-01-01,/r2x4jMUid8YO32vstgItKAdA1eu.jpg,0,0,0,0,0,0,,False,,Horror,,
1042321,,Ryan's House Ends,Ryan's House Ends,en,,,2022-01-01,/2udKilX7PrzcjRaQqG60VbWQfuV.jpg,0,0,0,0,0,0,,False,,Horror,,
1042369,,Pandemic Undead,Pandemic Undead,en,,,2022-01-01,/3taI83ewAlJ6hZEgWYWFoY4hCqZ.jpg,0,0,0,0,0,0,,False,,Horror,,
1042390,,Virgil,Virgil,en,,,2022-01-01,/9RUBAh4LYPk0zGd3Sur9pAqz0Qy.jpg,0,0,0,0,0,0,,False,,Horror,,
1042394,,The Knock,The Knock,en,,,2022-01-01,/lYldqa6iEI6ukv0DN1MtTAtTxrU.jpg,0,0,0,0,0,0,,False,,Horror,,
1042407,,Night of The Daniels,Night of The Daniels,en,,,2022-01-01,/i2tPwKRZ0lI69dYDVal6RcRGDWl.jpg,0,0,0,0,0,0,,False,,Horror,,
1042435,,Parasomnia,Parasomnia,en,,,2022-01-01,/ugBCKkcSX9VDfqOpTTV5uRy1Rde.jpg,0,0,0,0,0,0,,False,,Horror,,
1042479,,Flytrap,Flytrap,en,,,2019-01-01,/fNUZkUqgsTxyFEpaoV7nYFlW0CU.jpg,0,0,0,0,0,0,,False,,Horror,,
1042555,,Alone Together,Alone Together,en,,,2021-01-01,/62vPKGGTA2fxirPL9fwZvh9zsr5.jpg,0,0,0,0,0,0,,False,,Horror,,
1042568,,Blood Bond,Blood Bond,en,,,2021-01-01,/vdf3bOSOwIUrEMBxXzq2jLcQOJR.jpg,0,0,0,0,0,0,,False,,Horror,,
1042602,,Hunters,Hunters,en,,,2022-01-01,/lPKJJkEtzPsAcdmXv797NGkDQIS.jpg,0,0,0,0,0,0,,False,,Horror,,
1042644,,Chimera,Chimera,en,,,2003-01-01,/aMCGMJ7LMdTa156VKCC8mAHQu8z.jpg,0,0,0,0,0,0,,False,,Horror,,
1042667,,Hangnail,Hangnail,en,,,2022-01-01,/uVjAmC0DcTl7jH6sDFupGbCUWYH.jpg,0,0,0,0,0,0,,False,,Horror,,
1042678,,Toilet Paper Soldiers,Toilet Paper Soldiers,en,,,2021-01-01,/8oMwoZU5r4y9sI3DsNqHbCSoedP.jpg,0,0,0,0,0,0,,False,,Horror,,
1042700,,Trick or Treat 2!,Trick or Treat 2!,en,,,2022-01-01,/iGKMk60csQFpApinlCebvtATbon.jpg,0,0,0,0,0,0,,False,,Horror,,
1042720,,Sympathy for the Devil,Sympathy for the Devil,en,,,2021-01-01,/tJeXqn69fhoVuoGnp6J8I8sWm0Z.jpg,0,0,0,0,0,0,,False,,Horror,,
1042736,,Fatalities and Phantasms,Fatalities and Phantasms,en,,,2022-01-01,/qj5rOMRf7AyhdttB7QSSqo3k8Ca.jpg,0,0,0,0,0,0,,False,,Horror,,
1042835,,Slains,Slains,en,,,2020-01-01,/fVH3DZBVJEE0XFvHE9yj1nVLswo.jpg,0,0,0,0,0,0,,False,,Horror,,
1042962,,Revival of Darkness: Beyond the Grave,Revival of Darkness: Beyond the Grave,en,,,2009-01-01,/70FFZLlNAxfWnuCjrpvgg58Zzdn.jpg,0,0,0,0,0,0,,False,,Horror,,
1043041,,Nowhere To Escape,Nowhere To Escape,en,,,2022-01-01,/xIwgvmdTAbYs191uoku50M16A55.jpg,0,0,0,0,0,0,,False,,Horror,,
1043228,,Crib,Crib,en,,,2018-01-01,/vxGE6iLrvh3tdfKI0WNZ6Kg0mJw.jpg,0,0,0,0,0,0,,False,,Horror,,
1043258,,They're Watching,They're Watching,en,,,2019-01-01,/mDRnxwmPUoVnJeEdzcUBimtm2qL.jpg,0,0,0,0,0,0,,False,,Horror,,
1043267,,Fear of Fall,Fear of Fall,en,,,2019-01-01,/tXny2ChRdVAamu8w1YUspYPJYZR.jpg,0,0,0,0,0,0,,False,,Horror,,
1043274,,The Faceless,The Faceless,en,,,2020-01-01,/oNJWSwYy4uzAGNZPa7jPiozM4l0.jpg,0,0,0,0,0,0,,False,,Horror,,
1043284,,Lucid,Lucid,en,,,2022-01-01,/vZLh0qIitZKplM2aj7UeHfql6te.jpg,0,0,0,0,0,0,,False,,Horror,,
1043291,,Can I Help You?,Can I Help You?,en,,,2022-01-01,/aJwyDExuGzWfrW9gavijwy1xjSn.jpg,0,0,0,0,0,0,,False,,Horror,,
1043306,,Spooky House,Spooky House,en,,,2012-01-01,/d90JfCjY3tTwgyGZ7JvskGw9t1M.jpg,0,0,0,0,0,0,,False,,Horror,,
1043513,,The Ghost of Kelly Winters,The Ghost of Kelly Winters,en,,,2018-01-01,/xt78MNuB3kXdx3mY8LkZJLVglfC.jpg,0,0,0,0,0,0,,False,,Horror,,
1043571,,Night Kiss,Night Kiss,en,,,2022-01-01,/qRpYiel1dlqeSfUkEoDe7By8FDj.jpg,0,0,0,0,0,0,,False,,Horror,,
1043590,,Annie's Lamp,Annie's Lamp,en,,,2021-01-01,/uXPS1igtTVVOAYSIPOL9Qj2kpEQ.jpg,0,0,0,0,0,0,,False,,Horror,,
1043635,,The Call of Cableulhu,The Call of Cableulhu,en,,,2021-01-01,/qwJtvdhDR5QvwsT6s6WkfyCr85u.jpg,0,0,0,0,0,0,,False,,Horror,,
1043639,,The Monster Upstairs,The Monster Upstairs,en,,,2021-01-01,/9UAvn898n7huH67MUVDo44Ed04H.jpg,0,0,0,0,0,0,,False,,Horror,,
1043648,,Bingo,Bingo,en,,,2022-01-01,/jtBW2tiq2Dk4YUY4v1eSFDqTrjY.jpg,0,0,0,0,0,0,,False,,Horror,,
1043848,,Short Lease,Short Lease,en,,,2010-01-01,/dOPRLNwBFee2MROCYzXAB2wFy4F.jpg,0,0,0,0,0,0,,False,,Horror,,
1043984,,Cocaine Crabs From Outer Space,Cocaine Crabs From Outer Space,en,,,2022-01-01,/821jXtkiF2ePOIhhDicGPa6a1F0.jpg,0,0,0,0,0,0,,False,,Horror,,
1044303,,La Hermosa,La Hermosa,en,,,2019-01-01,/nfDXVPGokeqHWbfHLO81tgI93mN.jpg,0,0,0,0,0,0,,False,,Horror,,
1044305,,Dracula vs. Frankenstein's Monster,Dracula vs. Frankenstein's Monster,en,,,2016-01-01,/3Sb1kAYZb3ehxorGLERLtDjlYe0.jpg,0,0,0,0,0,0,,False,,Horror,,
1044433,,Gap Year 2018.mov,Gap Year 2018.mov,en,,,2021-01-01,/pnENvcdlGy4wvIQyX2eLp5vFau2.jpg,0,0,0,0,0,0,,False,,Horror,,
1044442,,Blade Sisters,Blade Sisters,en,,,1999-01-01,/qecMvb9rNFeteeLdbIkY7BpwkCW.jpg,0,0,0,0,0,0,,False,,Horror,,
1044488,,Jenny Secoma In: The Blind Spot,Jenny Secoma In: The Blind Spot,en,,,2018-01-01,/4bGK1qfOZEfIWWe3LHV47WhAOdM.jpg,0,0,0,0,0,0,,False,,Horror,,
1044525,,The Truth,The Truth,en,,,2022-01-01,/qvlg0odNHSKivRTB7rlFayqTvtX.jpg,0,0,0,0,0,0,,False,,Horror,,
1044533,,"Like Father, Like Daughter","Like Father, Like Daughter",en,,,2022-01-01,/oUfLfCaOM0p35NObbcJfUHVasNI.jpg,0,0,0,0,0,0,,False,,Horror,,
1044548,,10/31/85,10/31/85,en,,,2022-01-01,/oP2MMIcgK06ON6fOTQW4MEVQOWi.jpg,0,0,0,0,0,0,,False,,Horror,,
1044551,,Judy,Judy,en,,,2021-01-01,/rMAAp8ph7GzsJGMONrYnKc74WpE.jpg,0,0,0,0,0,0,,False,,Horror,,
1044641,,Slit,Slit,en,,,2016-01-01,/mr4YInflBcWVhkHdHlCyvKrSoLW.jpg,0,0,0,0,0,0,,False,,Horror,,
1044650,,Chapel Of Rest,Chapel Of Rest,en,,,2022-01-01,/ut6eNA9qlePCxqiyXBlsVw26Pux.jpg,0,0,0,0,0,0,,False,,Horror,,
1044660,,Call My Name,Call My Name,en,,,2013-01-01,/5E00IKAdFJfsnuWIFgF1Yskn3oX.jpg,0,0,0,0,0,0,,False,,Horror,,
1044714,,Final,Final,en,,,2016-01-01,/hL4oZfMioElORHySGcm87wdTX20.jpg,0,0,0,0,0,0,,False,,Horror,,
1044719,,Abstractions,Abstractions,en,,,2018-01-01,/bXPsOV0ddooAUCTIEUaQKFM5Rxm.jpg,0,0,0,0,0,0,,False,,Horror,,
1044798,,SEDALIA,SEDALIA,en,,,2021-01-01,/lxiXEGxyVyqoKLM78DzovDuY9dO.jpg,0,0,0,0,0,0,,False,,Horror,,
1044827,,"The Day ""IT"" Came","The Day ""IT"" Came",en,,,2021-01-01,/yWkU6fdHFl569Uuyf2rrp0ipu7G.jpg,0,0,0,0,0,0,,False,,Horror,,
1044833,,Gnaw,Gnaw,en,,,2022-01-01,/wVHzWQ4MFZZzPaYBJlFyv2bmbNi.jpg,0,0,0,0,0,0,,False,,Horror,,
1044873,,The Invited,The Invited,en,,,1991-01-01,/fmQEC16WK68xIvzkOhmZHjRxXHY.jpg,0,0,0,0,0,0,,False,,Horror,,
1044895,,You're Out,You're Out,en,,,2022-01-01,/dvObMpplQaa3zaCh5fKhYU8iLw2.jpg,0,0,0,0,0,0,,False,,Horror,,
1044945,,Hellbilly Hollow,Hellbilly Hollow,en,,,2022-01-01,/eUP17UP4pmcVSnlfrxLwxAmt6Dy.jpg,0,0,0,0,0,0,,False,,Horror,,
1045001,,Tumbal Kenikmatan Portabel,Tumbal Kenikmatan Portabel,en,,,2022-01-01,/6j39xZv4J3w9aZHufSWsCFDYj8q.jpg,0,0,0,0,0,0,,False,,Horror,,
1045057,,The Cathedral,The Cathedral,en,,,2022-01-01,/PGXP7brE8A4IPzYwTz2WWiBggv.jpg,0,0,0,0,0,0,,False,,Horror,,
1045129,,Damned Supper,Damned Supper,en,,,2022-01-01,/uI3dQ7fUBIhB93zHyA9SThpZKGo.jpg,0,0,0,0,0,0,,False,,Horror,,
1045145,,Televoir,Televoir,en,,,2022-01-01,/rBRox5ImFFtnlf7CiVwjnUDhpZK.jpg,0,0,0,0,0,0,,False,,Horror,,
1045182,,Law of Retribution,Law of Retribution,en,,,2020-01-01,/2Bj3xHspy7nEjU9KA3JH8SXyRtg.jpg,0,0,0,0,0,0,,False,,Horror,,
1045189,,Moonstruck,Moonstruck,en,,,2022-01-01,/dDYBhOZ1ZgP88fE8d8haUNKmjJM.jpg,0,0,0,0,0,0,,False,,Horror,,
1045190,,The Missisippi Tapes,The Missisippi Tapes,en,,,2021-01-01,/kIBKYimz0TulxTSa28qDIUXNxgi.jpg,0,0,0,0,0,0,,False,,Horror,,
1045203,,The Club,The Club,en,,,2022-01-01,/xJlBP3gG2u4FG3lR6wcoNeC349R.jpg,0,0,0,0,0,0,,False,,Horror,,
1045235,,Cat of Death,Cat of Death,en,,,2021-01-01,/2xAfuUhXeyLFQ4qDFf1oQYRwJHk.jpg,0,0,0,0,0,0,,False,,Horror,,
1045275,,Carter,Carter,en,,,2022-01-01,/5fHE4pgAOpebZKj9Wsk4aasLxkM.jpg,0,0,0,0,0,0,,False,,Horror,,
1045276,,The Date,The Date,en,,,2016-01-01,/ulKMgfWViR33xGKbUG41Yuslv2J.jpg,0,0,0,0,0,0,,False,,Horror,,
1045280,,Dr. Drayce,Dr. Drayce,en,,,2018-01-01,/7Z66nKItOYY52JqYLa7so6iAtUF.jpg,0,0,0,0,0,0,,False,,Horror,,
1045283,,Salmon Baits,Salmon Baits,en,,,2019-01-01,/ycUhtXzp0P6vwQcpiAly2kjNglg.jpg,0,0,0,0,0,0,,False,,Horror,,
1045536,,1911,1911,en,,,2018-01-01,/jN0qRCl9GsLOBDbehAo7joV4Pfq.jpg,0,0,0,0,0,0,,False,,Horror,,
1045572,,Gnawbone,Gnawbone,en,,,2016-01-01,/qlaiuqxifpbJuuNC94h4qT622XS.jpg,0,0,0,0,0,0,,False,,Horror,,
1045599,,Inner Devils,Inner Devils,en,,,2022-01-01,/lg6yLZZYGCKYlGWrOLB6bmfxS6d.jpg,0,0,0,0,0,0,,False,,Horror,,
1045620,,Let's Bounce,Let's Bounce,en,,,2022-01-01,/r3Bl69pK2yeoCMlTHT9yTQRONPT.jpg,0,0,0,0,0,0,,False,,Horror,,
1045745,,The Bag Witch Project,The Bag Witch Project,en,,,1999-01-01,/4vkcwvGSlEk37jTL9YB415Uodip.jpg,0,0,0,0,0,0,,False,,Horror,,
1045777,,Hunting Grounds,Hunting Grounds,en,,,2010-01-01,/8PYPhsW7HArzXO6SxgO5w6SyDZv.jpg,0,0,0,0,0,0,,False,,Horror,,
1045801,,Church of Darkness,Church of Darkness,en,,,2022-01-01,/u5or5ivAntzYC1sM2PC1IiWUbSt.jpg,0,0,0,0,0,0,,False,,Horror,,
1045980,,Solita,Solita,en,,,2022-01-01,/9cxcHesS8Dg73IAQgfTJkadMqjG.jpg,0,0,0,0,0,0,,False,,Horror,,
1045983,,The Bellaire House (The Heatherington Family),The Bellaire House (The Heatherington Family),en,,,2022-01-01,/rVJkMVz3j2WOyJl7o1UeYukVO75.jpg,0,0,0,0,0,0,,False,,Horror,,
1046059,,The Ucxioru Cult Tape,The Ucxioru Cult Tape,en,,,2022-01-01,/aJfICbjS4Fgge0OMCgcYgu0cdk9.jpg,0,0,0,0,0,0,,False,,Horror,,
1046150,,Another Nightmare: The Dream Legacy,Another Nightmare: The Dream Legacy,en,,,2013-01-01,/3vhU2KpoHlBUXV2ME5S0xhqrKrY.jpg,0,0,0,0,0,0,,False,,Horror,,
1046297,,The Day Lacey Called,The Day Lacey Called,en,,,2022-01-01,/v2QJFJC3VRvjhnsFZQzQIDB1G9I.jpg,0,0,0,0,0,0,,False,,Horror,,
1046594,,Bride of the Killer Piñata,Bride of the Killer Piñata,en,,,2022-01-01,/1iZumMChOo2qBraxnab4m0fPQU7.jpg,0,0,0,0,0,0,,False,,Horror,,
1046603,,Split,Split,en,,,2022-01-01,/xcvQfImLVgYbpnZMv4mKgchxLTh.jpg,0,0,0,0,0,0,,False,,Horror,,
1046810,,Bigfoot: The Monster Within,Bigfoot: The Monster Within,en,,,2022-01-01,/qnC5RFqHNvLFNoJ6tBKdG7N45mz.jpg,0,0,0,0,0,0,,False,,Horror,,
1046896,,Apocalypse Unknown,Apocalypse Unknown,en,,,2022-01-01,/iCww5KuM5BbU23B5viIiIQGPG6P.jpg,0,0,0,0,0,0,,False,,Horror,,
1046909,,Acronychal,Acronychal,en,,,2022-01-01,/8PADSSeyiMeyIaHr44xennIEVLb.jpg,0,0,0,0,0,0,,False,,Horror,,
1046969,,Lady Hyde,Lady Hyde,en,,,2022-01-01,/1LOfEjILUny1OuB3xpdYXf2iqen.jpg,0,0,0,0,0,0,,False,,Horror,,
1047135,,Message from Jerusalem,Message from Jerusalem,en,,,2011-01-01,/i9IuxOubrBDieX7aFiggicz17J1.jpg,0,0,0,0,0,0,,False,,Horror,,
1047189,,The Headless Princess,The Headless Princess,en,,,2015-01-01,/eXWDKEcIpUUpXq2M576Quda1WgN.jpg,0,0,0,0,0,0,,False,,Horror,,
1047237,,Plastic Him,Plastic Him,en,,,2022-01-01,/tA11kFR3RMnlpSC17IcwwAgVERj.jpg,0,0,0,0,0,0,,False,,Horror,,
1047365,,Franny Kruugerr presents Scary Stories,Franny Kruugerr presents Scary Stories,en,,,2022-01-01,/cjcvDMmZbZYIdzQ3Pj3596n9Bds.jpg,0,0,0,0,0,0,,False,,Horror,,
1047376,,Valley of Sickness and Death,Valley of Sickness and Death,en,,,2022-01-01,/l4uqoYxrNOC0qTDlwAcMns8Ff3f.jpg,0,0,0,0,0,0,,False,,Horror,,
1047453,,Legends of Burkittsville: 3 Days Before Heather Left,Legends of Burkittsville: 3 Days Before Heather Left,en,,,2021-01-01,/p7FRU9r9YLZnmnpQdnj4SCzk5CU.jpg,0,0,0,0,0,0,,False,,Horror,,
1047458,,Nun With a Chainsaw,Nun With a Chainsaw,en,,,2022-01-01,/nEY1kWIPpS3ccOuUnxXezorJwBe.jpg,0,0,0,0,0,0,,False,,Horror,,
1047597,,Bird Seed,Bird Seed,en,,,2011-01-01,/1Ohd7DNlp3SYy5SRk59Giams467.jpg,0,0,0,0,0,0,,False,,Horror,,
1047662,,Baobhan Sith,Baobhan Sith,en,,,2017-01-01,/cXJapyK94iEAJUCTvZ8LZPMVaEI.jpg,0,0,0,0,0,0,,False,,Horror,,
1047810,,Tap Man,Tap Man,en,,,2022-01-01,/3Xz032JUA4SZyKyiFWOn165QKQ.jpg,0,0,0,0,0,0,,False,,Horror,,
1047886,,Ashes to Slashes,Ashes to Slashes,en,,,1988-01-01,/xu98DqW5RpaDUV1YtYoS2OVOez2.jpg,0,0,0,0,0,0,,False,,Horror,,
1047900,,Sons and Heirs,Sons and Heirs,en,,,2022-01-01,/gG9dM7qXV6Aa2tPXy6n7KzgeJZM.jpg,0,0,0,0,0,0,,False,,Horror,,
1048097,,After School Lunch Special,After School Lunch Special,en,,,2019-01-01,/keKa5725TEOMjx6HLUc7f3mj8GB.jpg,0,0,0,0,0,0,,False,,Horror,,
1048099,,Babezilla vs The Zombie Whorde,Babezilla vs The Zombie Whorde,en,,,2022-01-01,/7YURm0GNEcxSo0BSeh8F1u45uBm.jpg,0,0,0,0,0,0,,False,,Horror,,
1048107,,Night Crew,Night Crew,en,,,1979-01-01,/cIqyhM2XLOyvsXUOTzBwdBCCzwY.jpg,0,0,0,0,0,0,,False,,Horror,,
1048127,,Lets fuck part 2,Lets fuck part 2,en,,,2022-01-01,/d24IitY2c7YPjlcLLD4AdrIER6k.jpg,0,0,0,0,0,0,,False,,Horror,,
1048140,,Don Cheadle is Captain Planet - Part 2,Don Cheadle is Captain Planet - Part 2,en,,,2012-01-01,/h2KsFCeDTuqCetZXd5aRLgsxOcW.jpg,0,0,0,0,0,0,,False,,Horror,,
1048149,,Don Cheadle is Captain Planet - Part 3,Don Cheadle is Captain Planet - Part 3,en,,,2012-01-01,/s5hxQE5qarRQt6uavOT7CcG6aW8.jpg,0,0,0,0,0,0,,False,,Horror,,
1048156,,Don Cheadle is Captain Planet - Part 4,Don Cheadle is Captain Planet - Part 4,en,,,2012-01-01,/7KTQt8Av89TwvTrBXPpBgQ9sofW.jpg,0,0,0,0,0,0,,False,,Horror,,
1048232,,Our Lady of Sorrows,Our Lady of Sorrows,en,,,2022-01-01,/cI7IuYvrLQoq9LyteLEeDU1N7oK.jpg,0,0,0,0,0,0,,False,,Horror,,
1048237,,STOP,STOP,en,,,2022-01-01,/5ZtJXP3zlTSmurtkvFn1SEAvRMA.jpg,0,0,0,0,0,0,,False,,Horror,,
1048372,,Giving Up The Ghost,Giving Up The Ghost,en,,,2022-01-01,/2vdl5YRIOIeVSEGh3VLXitytfcV.jpg,0,0,0,0,0,0,,False,,Horror,,
1048373,,The Cake,The Cake,en,,,2022-01-01,/xfig5A4r5donsvSgpXxEwmJ8KUM.jpg,0,0,0,0,0,0,,False,,Horror,,
1048375,,Mantis,Mantis,en,,,2022-01-01,/wuj7s3CQ1wrb67NwFpuSOEzzIZh.jpg,0,0,0,0,0,0,,False,,Horror,,
1048428,,South,South,en,,,2022-01-01,/1lapM47NmL1kUE0oDoJ3Ux47D72.jpg,0,0,0,0,0,0,,False,,Horror,,
1048448,,The Legend of Viper's Hill,The Legend of Viper's Hill,en,,,2006-01-01,/qmOV35TutN7Bwep8kH4KRVGhmi2.jpg,0,0,0,0,0,0,,False,,Horror,,
1048582,,Haunted: Indiana State Sanatorium,Haunted: Indiana State Sanatorium,en,,,2022-01-01,/dWflHOw0XR9bqo6UfiFSXAPf2fK.jpg,0,0,0,0,0,0,,False,,Horror,,
1048694,,"Videozone: The Making of ""Puppet Master 4""","Videozone: The Making of ""Puppet Master 4""",en,,,1995-01-01,/uax0XaVdDq3CdjnWWcgAeJdFSUw.jpg,0,0,0,0,0,0,,False,,Horror,,
1048697,,"Videozone: The Making of ""Curse of the Puppet Master""","Videozone: The Making of ""Curse of the Puppet Master""",en,,,1998-01-01,/1xSoFjnt0TklcHJmeG1UyOIxDwY.jpg,0,0,0,0,0,0,,False,,Horror,,
1048700,,"Videozone: The Making of ""Puppet Master 5""","Videozone: The Making of ""Puppet Master 5""",en,,,1994-01-01,/AdT2EqzHpSAEODy5veYTMtMU5Pj.jpg,0,0,0,0,0,0,,False,,Horror,,
1048783,,Lygophobia,Lygophobia,en,,,2016-01-01,/xlXIhHfKahVH0OtDWMdfN5QMKAW.jpg,0,0,0,0,0,0,,False,,Horror,,
1048957,,There is no food,There is no food,en,,,2019-01-01,/kBFRGRNGdrixjIqCFt9KN44LGAy.jpg,0,0,0,0,0,0,,False,,Horror,,
1048986,,"Run, Girl, Run!","Run, Girl, Run!",en,,,2022-01-01,/5NwjfLL4ztKaC5wFdY5Ug2L5kHA.jpg,0,0,0,0,0,0,,False,,Horror,,
1049070,,Enter Room 6: The Making of The Man in Room 6,Enter Room 6: The Making of The Man in Room 6,en,,,2022-01-01,/6Wx4EX8QR7Lcu2GO6uYJxiflIYM.jpg,0,0,0,0,0,0,,False,,Horror,,
1049075,,A Night of the Undead,A Night of the Undead,en,,,2022-01-01,/zxh5Z2zpbAtAuS2CoVaO0pkkes8.jpg,0,0,0,0,0,0,,False,,Horror,,
1049249,,Douen,Douen,en,,,2022-01-01,/7oxtETBuhF6mB8LKW7Li7VJ4koF.jpg,0,0,0,0,0,0,,False,,Horror,,
1049333,,Monophobia,Monophobia,en,,,2017-01-01,/wF9I3bguUdTrA0JUDRbClhxvfkH.jpg,0,0,0,0,0,0,,False,,Horror,,
1049435,,The Creepers,The Creepers,en,,,2022-01-01,/2GSDad9e5xLdizpjtUiTUA6J7LV.jpg,0,0,0,0,0,0,,False,,Horror,,
1049450,,Kasi,Kasi,en,,,2022-01-01,/8H2m91SotucAGaKirRwiKxW79eo.jpg,0,0,0,0,0,0,,False,,Horror,,
1049501,,He Knows,He Knows,en,,,2022-01-01,/l4i4dTjNMGEnnJpxr3e0Uh9FXt3.jpg,0,0,0,0,0,0,,False,,Horror,,
1049577,,Blackifier,Blackifier,en,,,2022-01-01,/hKexLpQEBZvTVj0VxvoWGrXLgaA.jpg,0,0,0,0,0,0,,False,,Horror,,
1049581,,Polterguest,Polterguest,en,,,2022-01-01,/nKQXNwjFMl8WIDC3kXlckwvDVYD.jpg,0,0,0,0,0,0,,False,,Horror,,
1049591,,Hellfire Hades Attacks The 1980's,Hellfire Hades Attacks The 1980's,en,,,2022-01-01,/tci0lXJmv1yU7LpZUkERwMpyEyA.jpg,0,0,0,0,0,0,,False,,Horror,,
1049609,,Clowns,Clowns,en,,,2011-01-01,/kAux9sDioaAOnhPT5jNXdfrri70.jpg,0,0,0,0,0,0,,False,,Horror,,
1049622,,It's Not Over,It's Not Over,en,,,2022-01-01,/iRaStKb3pFXXXrYGdllci4nn2Le.jpg,0,0,0,0,0,0,,False,,Horror,,
1049818,,Bitten,Bitten,en,,,2020-01-01,/i49bJtJOHsSqwIMs1K6hA0ZxiOK.jpg,0,0,0,0,0,0,,False,,Horror,,
1049823,,A Weekend At The Shanley Hotel,A Weekend At The Shanley Hotel,en,,,2018-01-01,/9N2cv6N4vf7Ay4o7hqaWe4vM5h3.jpg,0,0,0,0,0,0,,False,,Horror,,
1049827,,Dissonant,Dissonant,en,,,2022-01-01,/wHuhcaSbHZJ5Vg1Qt6rLGW4nnxO.jpg,0,0,0,0,0,0,,False,,Horror,,
1050243,,Safe Neighborhood,Safe Neighborhood,en,,,2022-01-01,/AuvEMAgdhNiHJkxh1uTrAU4VEsJ.jpg,0,0,0,0,0,0,,False,,Horror,,
1050249,,Slaughter,Slaughter,en,,,2009-01-01,/suZM7beeVizeNd4y0KNInkHjqjF.jpg,0,0,0,0,0,0,,False,,Horror,,
1050317,,The Eucharist,The Eucharist,en,,,2022-01-01,/wMXFlQoMQxgcmOUvIaZrjBTh1EW.jpg,0,0,0,0,0,0,,False,,Horror,,
1050366,,Krampen,Krampen,en,,,2022-01-01,/vX4MouGfZfnwqEkFXdn2XPKxbEM.jpg,0,0,0,0,0,0,,False,,Horror,,
1050407,,The Kirkbride Project,The Kirkbride Project,en,,,2014-01-01,/jhZzgRLdUYRiPWSdPyoZxRZHgIA.jpg,0,0,0,0,0,0,,False,,Horror,,
1050443,,Forgotten,Forgotten,en,,,2022-01-01,/hta2PL27Lv6BUyfoy0Pvhn46IgL.jpg,0,0,0,0,0,0,,False,,Horror,,
1050464,,Hypnotica,Hypnotica,en,,,2022-01-01,/zgLJ7QtPONevfL2sxhuc9mHgLQl.jpg,0,0,0,0,0,0,,False,,Horror,,
1050469,,Ringing Rocks,Ringing Rocks,en,,,2022-01-01,/zq4jrbQXhn1TNlUUyBKEizidJvc.jpg,0,0,0,0,0,0,,False,,Horror,,
1050581,,Don't Feed the Horses,Don't Feed the Horses,en,,,2022-01-01,/8tmQP0PoXLRO5hurN3U8F4zAibP.jpg,0,0,0,0,0,0,,False,,Horror,,
1050619,,Monstruo,Monstruo,en,,,2017-01-01,/sb2MNZkDypRZio696QzbTbttM4P.jpg,0,0,0,0,0,0,,False,,Horror,,
1050624,,Inferno,Inferno,en,,,2015-01-01,/dJZ0DlcbDUpBIUM4Ck8jLcg1UiP.jpg,0,0,0,0,0,0,,False,,Horror,,
1050676,,Leviticus,Leviticus,en,,,2022-01-01,/536H1lhGPQ9b00ubSUxOCXXArUT.jpg,0,0,0,0,0,0,,False,,Horror,,
1050703,,Haunting Tales: A Horror Anthology,Haunting Tales: A Horror Anthology,en,,,2022-01-01,/vqjKYoZmlbQA8Bl3RjLjEd6rAgY.jpg,0,0,0,0,0,0,,False,,Horror,,
1050988,,Hadron,Hadron,en,,,2016-01-01,/iqWmt6DyqdVJ3O5Ma9MlBV0Db6V.jpg,0,0,0,0,0,0,,False,,Horror,,
1051170,,Found Footage Dracula,Found Footage Dracula,en,,,2022-01-01,/v0HbspnWaYUmYfZoyfGuCFzis9.jpg,0,0,0,0,0,0,,False,,Horror,,
1051317,,CREEKER,CREEKER,en,,,2022-01-01,/5u3ZKbuZg5zopxsBofNunbuUbbG.jpg,0,0,0,0,0,0,,False,,Horror,,
1051318,,L'oeuf,L'oeuf,en,,,2022-01-01,/sz1itQsgk8K3zbTRxLCRggfYm8x.jpg,0,0,0,0,0,0,,False,,Horror,,
1051321,,Joy,Joy,en,,,2022-01-01,/7ihXUi1jAloHTdyJSPmqMi8Tynb.jpg,0,0,0,0,0,0,,False,,Horror,,
1051335,,Smile,Smile,en,,,2022-01-01,/lc07IrBft0zX4ArVjHRFORWi1N9.jpg,0,0,0,0,0,0,,False,,Horror,,
1051483,,The House Across the Bridge,The House Across the Bridge,en,,,2022-01-01,/waxYDLoI2zXJvQdC8UlsY6HAjbH.jpg,0,0,0,0,0,0,,False,,Horror,,
1051518,,#ChadGetsTheAxe,#ChadGetsTheAxe,en,,,2022-01-01,/e7xDEISTHDw80X7R1jMPKVW73k9.jpg,0,0,0,0,0,0,,False,,Horror,,
1051569,,Devil's Got My Back,Devil's Got My Back,en,,,2018-01-01,/8VgJNSfW28PtUDAbSvPsCeF3Nyy.jpg,0,0,0,0,0,0,,False,,Horror,,
1051735,,Doll Shark,Doll Shark,en,,,2022-01-01,/3DQgAru9Ou8d7v3Ve6Dd7sCqvya.jpg,0,0,0,0,0,0,,False,,Horror,,
1051738,,The Madness in the Grooves,The Madness in the Grooves,en,,,2022-01-01,/9HJEoFlXjezSlo3jQIx34CKUcAh.jpg,0,0,0,0,0,0,,False,,Horror,,
1051946,,Do Us Part,Do Us Part,en,,,2019-01-01,/15NoZOvhis1GTXdxn3csg4CDJbn.jpg,0,0,0,0,0,0,,False,,Horror,,
1052113,,5 Candles,5 Candles,en,,,2013-01-01,/1VAAnrm1qdhQHkecgbBzK2tiMx9.jpg,0,0,0,0,0,0,,False,,Horror,,
1052114,,ZOMBIE,ZOMBIE,en,,,2011-01-01,/qwto3UMmce6Z1nThMsPm5EtEzGC.jpg,0,0,0,0,0,0,,False,,Horror,,
1052147,,SPOT,SPOT,en,,,2017-01-01,/w4VTt1f56GLjTSiKvJUDH1asNfU.jpg,0,0,0,0,0,0,,False,,Horror,,
1052157,,Subject,Subject,en,,,2022-01-01,/roPCUGYeESddNcbfpD2fPXmfLNt.jpg,0,0,0,0,0,0,,False,,Horror,,
1052194,,Trick or Bleat,Trick or Bleat,en,,,2020-01-01,/aDypCgoFQk2yTyOer30NIsk9elX.jpg,0,0,0,0,0,0,,False,,Horror,,
1052244,,Sakobi: The Snake Girl,Sakobi: The Snake Girl,en,,,1998-01-01,/n5nlBPTIrRmrXfS37JoLr4HvHvM.jpg,0,0,0,0,0,0,,False,,Horror,,
1052299,,PMS: Pre-teen Monster Syndrome,PMS: Pre-teen Monster Syndrome,en,,,2015-01-01,/3bN2MOUwaGPRZIvR78QFADKr2KV.jpg,0,0,0,0,0,0,,False,,Horror,,
1052409,,Find Me,Find Me,en,,,2022-01-01,/jM1ILg17I4MjC7xFykbtQdBbI2B.jpg,0,0,0,0,0,0,,False,,Horror,,
1052633,,Last Burial,Last Burial,en,,,2000-01-01,/rx72Uq3PnpG6PaMElf0TUpKet5U.jpg,0,0,0,0,0,0,,False,,Horror,,
1052716,,Thanksgiving 1978,Thanksgiving 1978,en,,,2021-01-01,/a2qAaYzXsPORvTFjQD3vuWydm8Z.jpg,0,0,0,0,0,0,,False,,Horror,,
1052749,,Portrait of Michael Vogler,Portrait of Michael Vogler,en,,,2022-01-01,/eL00PS3M8gsZ4QjKwhi84cbShqz.jpg,0,0,0,0,0,0,,False,,Horror,,
1052775,,Footage Found,Footage Found,en,,,2009-01-01,/ecp950f5uRzlM66PGE3KKz7fEws.jpg,0,0,0,0,0,0,,False,,Horror,,
1052849,,The Watcher's Woods,The Watcher's Woods,en,,,2017-01-01,/neRxwMfSt1q29v4wtshme49bSgN.jpg,0,0,0,0,0,0,,False,,Horror,,
1052853,,Roadkill,Roadkill,en,,,2014-01-01,/d87BLvYtbGkfSN62FksUjV7zhit.jpg,0,0,0,0,0,0,,False,,Horror,,
1052857,,Bigfoot,Bigfoot,en,,,2017-01-01,/6x8mlQpU6Dl3MVu8YYYc3FQzlFJ.jpg,0,0,0,0,0,0,,False,,Horror,,
1052907,,Trepidation,Trepidation,en,,,2015-01-01,/xfktFEVZc7IzIG6thFQ4HL46oKh.jpg,0,0,0,0,0,0,,False,,Horror,,
1053065,,The Difficulties Of Being Drunk Alone,The Difficulties Of Being Drunk Alone,en,,,2022-01-01,/10XvNRXQnB1ZbsGOZjySIGFjxNc.jpg,0,0,0,0,0,0,,False,,Horror,,
1053106,,The Shack,The Shack,en,,,2006-01-01,/4wXRe692mCnRHdoxViG3VtdPoHA.jpg,0,0,0,0,0,0,,False,,Horror,,
1053244,,Martian Massacre,Martian Massacre,en,,,2021-01-01,/mowFp1QJTwGeJW6bNsvRGzkcQF1.jpg,0,0,0,0,0,0,,False,,Horror,,
1053328,,Fire Shall Come,Fire Shall Come,en,,,2022-01-01,/y2ew5rpeacvx7OPrIZORV5QbtCS.jpg,0,0,0,0,0,0,,False,,Horror,,
1053734,,Bootleg Death Tape,Bootleg Death Tape,en,,,2012-01-01,/2ZAHDuwEW2Ar7qKbhgo3BL7uiWd.jpg,0,0,0,0,0,0,,False,,Horror,,
1053746,,LOUD,LOUD,en,,,2022-01-01,/ipbRHvmfvmg39iMzApSraozLzt8.jpg,0,0,0,0,0,0,,False,,Horror,,
1053846,,13 Tracks to Frighten Agatha Black,13 Tracks to Frighten Agatha Black,en,,,2022-01-01,/sOoK4jNPH9fiMGvCx3IeRLsWxz5.jpg,0,0,0,0,0,0,,False,,Horror,,
1053892,,Warmth,Warmth,en,,,2021-01-01,/7bunpQOqO18LzCIDxphLXWGdsJj.jpg,0,0,0,0,0,0,,False,,Horror,,
1053931,,Get Out of There,Get Out of There,en,,,2022-01-01,/1c0MVmf9joJB6qLoKYyO9e0j3Qv.jpg,0,0,0,0,0,0,,False,,Horror,,
1054029,,Everybody Wants It All,Everybody Wants It All,en,,,2015-01-01,/hcVgRD0BJogXUx6NtBeFCyVRLeu.jpg,0,0,0,0,0,0,,False,,Horror,,
1054109,,The Graves of Edgar Allan Poe and the Women Who Haunted Him,The Graves of Edgar Allan Poe and the Women Who Haunted Him,en,,,2022-01-01,/2KPWoUVYnpJMvnwrD5G9FfPhkGg.jpg,0,0,0,0,0,0,,False,,Horror,,
1054156,,Some Thing,Some Thing,en,,,2022-01-01,/znGJlXWOZHKxaIKvgOQ5vir9PjI.jpg,0,0,0,0,0,0,,False,,Horror,,
1054273,,Tammie Brown's Halloween Spooktacular,Tammie Brown's Halloween Spooktacular,en,,,2022-01-01,/zzTbj6fMsgtPIB3doOvW0HhRvBI.jpg,0,0,0,0,0,0,,False,,Horror,,
1054299,,Noseman,Noseman,en,,,2022-01-01,/bzzXiBZeYklLGJ8bqWY81Kt2X8e.jpg,0,0,0,0,0,0,,False,,Horror,,
1054422,,Blamed,Blamed,en,,,2022-01-01,/gFLrTCgwjdIlu32jMyZpxArlVVg.jpg,0,0,0,0,0,0,,False,,Horror,,
1054426,,Waterlogged,Waterlogged,en,,,2022-01-01,/9azvWX2aN03nKgidM83zYwEXVE1.jpg,0,0,0,0,0,0,,False,,Horror,,
1054502,,Harvey's Dream,Harvey's Dream,en,,,2015-01-01,/vDJyIV9YyUowMuvY4h2YqpnEdVu.jpg,0,0,0,0,0,0,,False,,Horror,,
1054573,,Pray,Pray,en,,,2014-01-01,/gG4YJuhv2Zpu0TpBgHWcpnDd5cw.jpg,0,0,0,0,0,0,,False,,Horror,,
1054624,,Terror Train 2,Terror Train 2,en,,,2022-01-01,/feOlrUtL8OAysMxbpUa1YWtp9qX.jpg,0,0,0,0,0,0,,False,,Horror,,
1054853,,The Eel,The Eel,en,,,2004-01-01,/taGpWcQmBkfT1MzkXcuW86HQJgi.jpg,0,0,0,0,0,0,,False,,Horror,,
1054947,,Door Into Darkness,Door Into Darkness,en,,,2022-01-01,/lpDDPkxdBmNt1V2Fn4mtXio3mGt.jpg,0,0,0,0,0,0,,False,,Horror,,
1054958,,Last Known Interview With Zachary Weinstein (100 Years Old),Last Known Interview With Zachary Weinstein (100 Years Old),en,,,2022-01-01,/szSFh444LdSbCtkTRqH5NrvfYMJ.jpg,0,0,0,0,0,0,,False,,Horror,,
1055108,,Mold,Mold,en,,,2022-01-01,/mCdSZYjfSkJHyJwyuPCWWI4wOiR.jpg,0,0,0,0,0,0,,False,,Horror,,
1055201,,Hunted,Hunted,en,,,2022-01-01,/8zGEFUm5ixX8zjpBGJ340IIkF62.jpg,0,0,0,0,0,0,,False,,Horror,,
1055206,,The 12 Slays of Christmas,The 12 Slays of Christmas,en,,,2022-01-01,/2RKVC8s0LLLnh1617m2PB8YROh2.jpg,0,0,0,0,0,0,,False,,Horror,,
1055363,,American Resurrection,American Resurrection,en,,,2022-01-01,/2ZDZIlY0hkJaeqtFhQHgzuaXdTd.jpg,0,0,0,0,0,0,,False,,Horror,,
1055384,,Maniacal Night,Maniacal Night,en,,,2022-01-01,/7rAPbJkcVrInJcufAr3ysHsVJam.jpg,0,0,0,0,0,0,,False,,Horror,,
1055424,,Plum,Plum,en,,,2013-01-01,/iR4bxsdxPx4hQ2CNpX01z2nO9IT.jpg,0,0,0,0,0,0,,False,,Horror,,
1055470,,Snap,Snap,en,,,1994-01-01,/xkr1HonKRaD0Qag4nfHHmynazD3.jpg,0,0,0,0,0,0,,False,,Horror,,
1055510,,The Cottage,The Cottage,en,,,2022-01-01,/pwMTS14dbeuLM8bqTt6KJtLAKNC.jpg,0,0,0,0,0,0,,False,,Horror,,
1055777,,MANANG,MANANG,en,,,2022-01-01,/9GSJC5FV3GO2ztQ9MaOLHI2VAB.jpg,0,0,0,0,0,0,,False,,Horror,,
1056366,,Unseen,Unseen,en,,,2022-01-01,/zJuOa3IMUUyN3m2F8Y5opUD4irr.jpg,0,0,0,0,0,0,,False,,Horror,,
1056376,,Spilling Blood,Spilling Blood,en,,,2016-01-01,/iuxWb3HZmm6b4tQ4U4jRjuTHbg2.jpg,0,0,0,0,0,0,,False,,Horror,,
1056446,,Cheaders Creek,Cheaders Creek,en,,,2022-01-01,/tGa3RLjSLYFrdMkWhQgpnp70p5e.jpg,0,0,0,0,0,0,,False,,Horror,,
1056495,,PT: Urban Legend,PT: Urban Legend,en,,,2020-01-01,/cChHRav1vusu3rFecRJHo0fHSsP.jpg,0,0,0,0,0,0,,False,,Horror,,
1056502,,Paranoia Tapes X: The Night Stalker Case Investigation,Paranoia Tapes X: The Night Stalker Case Investigation,en,,,2022-01-01,/hUW3vM1fejgpDCXGvTEbBdEFcZn.jpg,0,0,0,0,0,0,,False,,Horror,,
1056548,,Paranormal Stuff,Paranormal Stuff,en,,,2010-01-01,/2VFHk3cCYansM9QlIkO7JsicRt5.jpg,0,0,0,0,0,0,,False,,Horror,,
1056561,,The Etruscan Mask,The Etruscan Mask,en,,,2007-01-01,/u6hMNuG8XaZeDyikeWsxqP9OZS1.jpg,0,0,0,0,0,0,,False,,Horror,,
1056569,,Battle for Pandora,Battle for Pandora,en,,,2022-01-01,/5AoLseh165m3phMhlSQbPGyKByb.jpg,0,0,0,0,0,0,,False,,Horror,,
1056581,,Treatment,Treatment,en,,,2022-01-01,/v86daAXmCN3iUYM4YG43oaGFECH.jpg,0,0,0,0,0,0,,False,,Horror,,
1056780,,Clowning Around,Clowning Around,en,,,2022-01-01,/63erWphFuEOPc2OXPWD8Zjv2Idb.jpg,0,0,0,0,0,0,,False,,Horror,,
1056838,,"Mark of the Devil 777: The Moralist, Part 2","Mark of the Devil 777: The Moralist, Part 2",en,,,2022-01-01,/cHDFGMky6mH2V5b47RPgYhmPP4l.jpg,0,0,0,0,0,0,,False,,Horror,,
1056861,,The God's Eye,The God's Eye,en,,,2018-01-01,/bFmxf4TkqmHzZiN9L3hqfBv3qY0.jpg,0,0,0,0,0,0,,False,,Horror,,
1057062,,Dark Magic,Dark Magic,en,,,1993-01-01,/rc58LnlwiBtQ9AnNiC3VgBxdyem.jpg,0,0,0,0,0,0,,False,,Horror,,
1057299,,Routine,Routine,en,,,2016-01-01,/k9faXHfRO4WBr4dlovjewiNctbz.jpg,0,0,0,0,0,0,,False,,Horror,,
1057626,,I'm Haunted,I'm Haunted,en,,,2022-01-01,/3YEvz38YZIgUE1xx5EdGhQJxZr3.jpg,0,0,0,0,0,0,,False,,Horror,,
1057768,,Traders,Traders,en,,,2022-01-01,/lVcBG3p2g4lrbmRbCExjCOvehsP.jpg,0,0,0,0,0,0,,False,,Horror,,
1057798,,By the Campfire,By the Campfire,en,,,2021-01-01,/bDwbFMeb8Tn7aAROeRIF2Jpj1wB.jpg,0,0,0,0,0,0,,False,,Horror,,
1058028,,Sleeping Demon,Sleeping Demon,en,,,2022-01-01,/bWUVtU0p1Eb4BogRux5ZekMlqGB.jpg,0,0,0,0,0,0,,False,,Horror,,
1058073,,Sloppy Seconds,Sloppy Seconds,en,,,2022-01-01,/c2bV5YkSSRYjoXCT0r1OQpBs9g4.jpg,0,0,0,0,0,0,,False,,Horror,,
1058081,,A Bitter Murmur,A Bitter Murmur,en,,,2022-01-01,/tSaQZUizp4aAQdEyyr3NJaYod80.jpg,0,0,0,0,0,0,,False,,Horror,,
1058152,,Prince of the Crimson Void,Prince of the Crimson Void,en,,,2022-01-01,/4r3BWo4qJTaufSEmU8Xjv4REWuK.jpg,0,0,0,0,0,0,,False,,Horror,,
1058306,,Mystery Box,Mystery Box,en,,,2022-01-01,/7jwX1zIlxLztD2NOVZ5nDmPpb0V.jpg,0,0,0,0,0,0,,False,,Horror,,
1058343,,Gore Grind,Gore Grind,en,,,2020-01-01,/vfhbEwllsl0bGTECkthuERwRtPt.jpg,0,0,0,0,0,0,,False,,Horror,,
1058372,,Gore Grind 2,Gore Grind 2,en,,,2022-01-01,/zX0qUUlf0mM4GPj86UOxp220kiT.jpg,0,0,0,0,0,0,,False,,Horror,,
1058716,,A Knife in the Dark,A Knife in the Dark,en,,,2021-01-01,/xnlycfghcCtj3At6qZ3nBIPLoYa.jpg,0,0,0,0,0,0,,False,,Horror,,
1058717,,Terrifying T-Rex,Terrifying T-Rex,en,,,2022-01-01,/haekQjTG0MkBLKGVzNFghrLm6Af.jpg,0,0,0,0,0,0,,False,,Horror,,
1058724,,Birdsong,Birdsong,en,,,2022-01-01,/tKWknX1kv7DAopTWfyqM3qgeFGW.jpg,0,0,0,0,0,0,,False,,Horror,,
1058746,,A Step Too Far,A Step Too Far,en,,,2014-01-01,/vPHV2woYBQ3YKy5DLrIa4MUQReq.jpg,0,0,0,0,0,0,,False,,Horror,,
1058860,,The Girl in the Gramophone,The Girl in the Gramophone,en,,,2022-01-01,/lMJcqS7D31IcCWaWEPP85xV8E6C.jpg,0,0,0,0,0,0,,False,,Horror,,
1058883,,Michael and the Dragon,Michael and the Dragon,en,,,2022-01-01,/Ab2bMKNw1xFcyJFsBPAp6WH8y2S.jpg,0,0,0,0,0,0,,False,,Horror,,
1058901,,We Live Alone,We Live Alone,en,,,2022-01-01,/wTKT1B4AoVIdFticiTEdJz0ffqj.jpg,0,0,0,0,0,0,,False,,Horror,,
1058909,,Apotheosis,Apotheosis,en,,,2021-01-01,/5gGvlQpflCenzniKzQLSOQpHsLg.jpg,0,0,0,0,0,0,,False,,Horror,,
1058930,,White Whale,White Whale,en,,,2019-01-01,/AdmEnKpToY43kXJ5V1Jp7tr0EqJ.jpg,0,0,0,0,0,0,,False,,Horror,,
1058972,,The Piano Man,The Piano Man,en,,,2019-01-01,/3rg3BfzjeQvI5y4VvFJU40wFav4.jpg,0,0,0,0,0,0,,False,,Horror,,
1058981,,House Party,House Party,en,,,2022-01-01,/mvgKsSWaRcyVqv69lJgyKLJCxrH.jpg,0,0,0,0,0,0,,False,,Horror,,
1059149,,Deeds of the Dead,Deeds of the Dead,en,,,2022-01-01,/8OoYqgIvUjtjd5D2CH0QvgR1Zjv.jpg,0,0,0,0,0,0,,False,,Horror,,
1059407,,Party Bus,Party Bus,en,,,2022-01-01,/mz0qFR0eLa1u6jTJ60o9gyh4EQs.jpg,0,0,0,0,0,0,,False,,Horror,,
1059537,,Kill Time,Kill Time,en,,,2022-01-01,/1Ror4u1rWg1VFbVthVtZAdTYXVJ.jpg,0,0,0,0,0,0,,False,,Horror,,
1059555,,MARMITE,MARMITE,en,,,2022-01-01,/Adi0ingxFxHS4AwU01WphMJnFLJ.jpg,0,0,0,0,0,0,,False,,Horror,,
1059778,,Static,Static,en,,,2015-01-01,/3xKAlvElYSQTq0myuOyr15oyeE7.jpg,0,0,0,0,0,0,,False,,Horror,,
1059901,,Feed,Feed,en,,,2022-01-01,/ozhD1INKY93LSsltIs4k1WV1fya.jpg,0,0,0,0,0,0,,False,,Horror,,
1059916,,Cabbage,Cabbage,en,,,2022-01-01,/bJs33G5KJsiJNiO8TGQo7t4CtSh.jpg,0,0,0,0,0,0,,False,,Horror,,
1059990,,The Mothman Tapes,The Mothman Tapes,en,,,2022-01-01,/4Wx9w9pq9JTo7e2O3l0vYrRlvSt.jpg,0,0,0,0,0,0,,False,,Horror,,
1060183,,WWW,WWW,en,,,2022-01-01,/hEJAt5o0QMrvKITvlzeDP1t04Wb.jpg,0,0,0,0,0,0,,False,,Horror,,
1060205,,Abnormality,Abnormality,en,,,2022-01-01,/tOn6VtAk2PKncks3xk3Dw8U5QI7.jpg,0,0,0,0,0,0,,False,,Horror,,
1060227,,WNUF Christmas Special,WNUF Christmas Special,en,,,2013-01-01,/2Kcw4rIuF9BXLh2Jh1ATez9hLxH.jpg,0,0,0,0,0,0,,False,,Horror,,
1060240,,AKARI,AKARI,en,,,2022-01-01,/lpVSB4ZYPX4YN0hxkfw2dgrhjNC.jpg,0,0,0,0,0,0,,False,,Horror,,
1060341,,Terror of the Master,Terror of the Master,en,,,1998-01-01,/kBSH9YTmdv4qyqmuITA2krY8tUt.jpg,0,0,0,0,0,0,,False,,Horror,,
1060351,,The Bhen-Jah-Man,The Bhen-Jah-Man,en,,,2022-01-01,/i4JF7gj8iZajY92f3zTdlTOyQwj.jpg,0,0,0,0,0,0,,False,,Horror,,
1060454,,BLOOM,BLOOM,en,,,2021-01-01,/Af4jhRyqRJliX2vnRRANirMqou6.jpg,0,0,0,0,0,0,,False,,Horror,,
1060604,,Kiddo,Kiddo,en,,,2022-01-01,/md2u3OBC9SHDznpMJ5YcNDwgTra.jpg,0,0,0,0,0,0,,False,,Horror,,
1060750,,Revenge of the Lesbian Vampires,Revenge of the Lesbian Vampires,en,,,2022-01-01,/94iaIRn70u7wXb7vhfAnXrvLUdL.jpg,0,0,0,0,0,0,,False,,Horror,,
1060851,,SOMETHING IS SERIOUSLY WRONG WITH TYLER,SOMETHING IS SERIOUSLY WRONG WITH TYLER,en,,,2022-01-01,/95xZaTMvRAUmG2LhE52bSvsAChJ.jpg,0,0,0,0,0,0,,False,,Horror,,
1061020,,The Farmer's Daughters,The Farmer's Daughters,en,,,2022-01-01,/lNHut0iKYYBGtZEGgk4SnqJ2Kn0.jpg,0,0,0,0,0,0,,False,,Horror,,
1061120,,Winter's Bite,Winter's Bite,en,,,2022-01-01,/sphJual6O8KHXilpPKYFRgjjMtO.jpg,0,0,0,0,0,0,,False,,Horror,,
1061125,,Night of the Axe,Night of the Axe,en,,,2022-01-01,/bIizlgHOPBVkIvQHrRmHPFTh7qo.jpg,0,0,0,0,0,0,,False,,Horror,,
1061347,,3: All Hallow's Eve,3: All Hallow's Eve,en,,,2014-01-01,/4BL71Q0rkOYjRONOJe4oORUhEjj.jpg,0,0,0,0,0,0,,False,,Horror,,
1061396,,Lupe,Lupe,en,,,2022-01-01,/1BQhXrphIT9l9uglIT5Azt4GO96.jpg,0,0,0,0,0,0,,False,,Horror,,
1061422,,Rec,Rec,en,,,2022-01-01,/7pZDYaQSDA0S6RdDYYzhktxeiAa.jpg,0,0,0,0,0,0,,False,,Horror,,
1061429,,Copley: An American Fairytale,Copley: An American Fairytale,en,,,2008-01-01,/anMXa4yNYqqGFyznI5LPCPNhToC.jpg,0,0,0,0,0,0,,False,,Horror,,
1061437,,First Annual Barbecue,First Annual Barbecue,en,,,2014-01-01,/Rc4W6f8HPWY3RJFyIHAGraA1eQ.jpg,0,0,0,0,0,0,,False,,Horror,,
1061449,,Ramshackle Blues,Ramshackle Blues,en,,,2018-01-01,/udArmbiex4nNGePjLbKvjc7d3Od.jpg,0,0,0,0,0,0,,False,,Horror,,
1061519,,Selfie,Selfie,en,,,2020-01-01,/m9bQIpVy8Ao2PeRh65FFveX3Tyj.jpg,0,0,0,0,0,0,,False,,Horror,,
1061524,,Tick.,Tick.,en,,,2022-01-01,/aV35PJm0J3Gnt3AyeSvopgiDYjQ.jpg,0,0,0,0,0,0,,False,,Horror,,
1061531,,Fair and Foul,Fair and Foul,en,,,2021-01-01,/40YWVZKJU85PeR0HQRjDJnpci3u.jpg,0,0,0,0,0,0,,False,,Horror,,
1061774,,The Unlocking,The Unlocking,en,,,2022-01-01,/ft3KR7rpTlPBvoMCh20xzehowxf.jpg,0,0,0,0,0,0,,False,,Horror,,
1061783,,Marriage Graveyard,Marriage Graveyard,en,,,2022-01-01,/i1itLejwBHKrPhS2mG3J09Ur9KH.jpg,0,0,0,0,0,0,,False,,Horror,,
1061944,,Vivid,Vivid,en,,,2022-01-01,/jvTDILRF724XkOeEBNvxJtNZdTj.jpg,0,0,0,0,0,0,,False,,Horror,,
1061964,,Stares,Stares,en,,,2022-01-01,/f7a6YD31AAmJhvFYMZ3iSKh6apQ.jpg,0,0,0,0,0,0,,False,,Horror,,
1062084,,Lesbian Dracula Submarine,Lesbian Dracula Submarine,en,,,2020-01-01,/pLh8MYW9fB5oUhBmhg6iNjoUiIL.jpg,0,0,0,0,0,0,,False,,Horror,,
1062127,,I’m No Longer Here,I’m No Longer Here,en,,,2022-01-01,/mGfLIbQ8huYLAHNxTo4HCi7jCtg.jpg,0,0,0,0,0,0,,False,,Horror,,
1062137,,Jije,Jije,en,,,2022-01-01,/nkwGf7CNqKVEPEHNNHekaNNTpv6.jpg,0,0,0,0,0,0,,False,,Horror,,
1062171,,"Backwards Heaven, Forward Hell?","Backwards Heaven, Forward Hell?",en,,,2022-01-01,/11E2AotiWpHjfrL3KzhPOPkeCcL.jpg,0,0,0,0,0,0,,False,,Horror,,
1062181,,Zombie Drug Lord,Zombie Drug Lord,en,,,2017-01-01,/9jz9UKjr4O5D0DfHTRqgEjjIbkY.jpg,0,0,0,0,0,0,,False,,Horror,,
1062283,,Girl #9,Girl #9,en,,,2014-01-01,/dnMuEzLgg763Q7Fztu5vBtMvYkM.jpg,0,0,0,0,0,0,,False,,Horror,,
1062292,,The Scent,The Scent,en,,,2014-01-01,/eqvV7F6sZbkVUCwbEkfMRpjzhIX.jpg,0,0,0,0,0,0,,False,,Horror,,
1062413,,Heretic,Heretic,en,,,2021-01-01,/2kl8UpHt0MpQI7QG5lKUcnIyRFh.jpg,0,0,0,0,0,0,,False,,Horror,,
1062667,,Scavengers,Scavengers,en,,,2020-01-01,/6BEE2enB4QcnAirJr0cPT00QflW.jpg,0,0,0,0,0,0,,False,,Horror,,
1062839,,2025 Armageddon,2025 Armageddon,en,,,2022-01-01,/uUdBpr84ceikxTEUe33Ub8XNNKY.jpg,0,0,0,0,0,0,,False,,Horror,,
1062851,,Prime-Age,Prime-Age,en,,,2007-01-01,/nGcDXNxMEABUlzIIUusTIYSamEb.jpg,0,0,0,0,0,0,,False,,Horror,,
1062852,,Harvey's Dream,Harvey's Dream,en,,,2012-01-01,/vPo7idnxEgzSfG0O5znE05haLue.jpg,0,0,0,0,0,0,,False,,Horror,,
1062860,,Harvey's Dream,Harvey's Dream,en,,,2013-01-01,/b3kFGsQaUTDmekhuecZg0AlyDmr.jpg,0,0,0,0,0,0,,False,,Horror,,
1062870,,I Am the Doorway,I Am the Doorway,en,,,2012-01-01,/esGG2ASrjyyNeaXqZ8WHy2ceJ1W.jpg,0,0,0,0,0,0,,False,,Horror,,
1062936,,She Burns in Hell: Chapter 2,She Burns in Hell: Chapter 2,en,,,2022-01-01,/jc1avKozVyoGHVmZbdVIho4NbS5.jpg,0,0,0,0,0,0,,False,,Horror,,
1062970,,Watch Out,Watch Out,en,,,2021-01-01,/1CeLAdsUpAszYxhf01mrhtVqjMN.jpg,0,0,0,0,0,0,,False,,Horror,,
1063055,,T Is for Twig,T Is for Twig,en,,,2012-01-01,/jo9tDcDRLSf6aAM0wUy71vQng9P.jpg,0,0,0,0,0,0,,False,,Horror,,
1063589,,Devil’s Knock,Devil’s Knock,en,,,2016-01-01,/ojag9CXrlxKLPyNT3jPgtO93Kxu.jpg,0,0,0,0,0,0,,False,,Horror,,
1063687,,Malingee,Malingee,en,,,2020-01-01,/zyKCIajLgGRFCCu74ylOjMoo3Gt.jpg,0,0,0,0,0,0,,False,,Horror,,
1063707,,The Demojordan,The Demojordan,en,,,2022-01-01,/bINsCMadLeI3v8aq2vLcuJKodbK.jpg,0,0,0,0,0,0,,False,,Horror,,
1063731,,The Judgment,The Judgment,en,,,2016-01-01,/nRU4hDcOJuaF1eTOlXhFtCByEyb.jpg,0,0,0,0,0,0,,False,,Horror,,
1063818,,Snow Globe,Snow Globe,en,,,2022-01-01,/w4ADktoMSgvrTyze04iZyGUY9fY.jpg,0,0,0,0,0,0,,False,,Horror,,
1063876,,Silent Night Bloody Night,Silent Night Bloody Night,en,,,2008-01-01,/hfDwPf32xP0ozKVvkBENXhQZz84.jpg,0,0,0,0,0,0,,False,,Horror,,
1064061,,Stray,Stray,en,,,2018-01-01,/8JkMBvOZ6EIsODAHWcyZIrZA3Ix.jpg,0,0,0,0,0,0,,False,,Horror,,
1064238,,The Smog,The Smog,en,,,2022-01-01,/dMflgpukKptdoHjUO0pK6Zc7741.jpg,0,0,0,0,0,0,,False,,Horror,,
1064280,,Wicked Children,Wicked Children,en,,,2018-01-01,/oRZDkGTlHBBDJLWH69mVrlPgmYM.jpg,0,0,0,0,0,0,,False,,Horror,,
1064281,,Vagabond,Vagabond,en,,,2019-01-01,/t3yXBukGsRfGC8QIYyFBOXFfPL.jpg,0,0,0,0,0,0,,False,,Horror,,
1064497,,INTERSTICE,INTERSTICE,en,,,2022-01-01,/doQqQM51mezvpGF5tr6SFyoxqOr.jpg,0,0,0,0,0,0,,False,,Horror,,
1064516,,LIZ,LIZ,en,,,2021-01-01,/pGjAZVzsfwzQ9I29ZcppMrA0Q6w.jpg,0,0,0,0,0,0,,False,,Horror,,
1064591,,H3INEKEN,H3INEKEN,en,,,2021-01-01,/kl9MZYlHxVRhKRwzFvQOEgU9K8x.jpg,0,0,0,0,0,0,,False,,Horror,,
1064775,,Vapor Green,Vapor Green,en,,,2022-01-01,/wf4noW0RZ03HVXbFYBK5ZfbNDIn.jpg,0,0,0,0,0,0,,False,,Horror,,
1064784,,Color Space Blood Red,Color Space Blood Red,en,,,2022-01-01,/6zLjSngWVT7xLhFxf9oDB1jvey6.jpg,0,0,0,0,0,0,,False,,Horror,,
1065007,,Incubus,Incubus,en,,,2019-01-01,/7dJ9I77WlNLDUxA8ZvrR9ygsuUP.jpg,0,0,0,0,0,0,,False,,Horror,,
1065058,,The Devil in Bitter Woods,The Devil in Bitter Woods,en,,,2022-01-01,/p9hiEMOroh2e3tPgZ7HHZOzkqfK.jpg,0,0,0,0,0,0,,False,,Horror,,
1065131,,Left,Left,en,,,2013-01-01,/r8sUYqGDFdepQuWffxv8Os7WBNr.jpg,0,0,0,0,0,0,,False,,Horror,,
1065719,,The Faceless: Director's Cut,The Faceless: Director's Cut,en,,,2022-01-01,/yeB8Juuemw8HleF94wlQQR2r3hs.jpg,0,0,0,0,0,0,,False,,Horror,,
1065769,,Reflection of a Tormented Butterfly,Reflection of a Tormented Butterfly,en,,,2019-01-01,/pQtWTO3Fr5Vz3ZTQd1Y3U1Ba7Kp.jpg,0,0,0,0,0,0,,False,,Horror,,
1065869,,MAL,MAL,en,,,2019-01-01,/xaQOQROSaBYzixVdN0Ydrr6ZdNE.jpg,0,0,0,0,0,0,,False,,Horror,,
1065934,,Bug Complex,Bug Complex,en,,,2012-01-01,/tI44xiixBUHQaiGuD83wcAHbmhB.jpg,0,0,0,0,0,0,,False,,Horror,,
1065938,,Tequila,Tequila,en,,,2013-01-01,/6alMEHKWh2xzC3JRrUDioKRRglt.jpg,0,0,0,0,0,0,,False,,Horror,,
1066511,,Peekaboo,Peekaboo,en,,,2022-01-01,/zPlnPgT0WFeeE3DXrdllKQf4sZi.jpg,0,0,0,0,0,0,,False,,Horror,,
1066703,,The Undoing,The Undoing,en,,,2019-01-01,/mefE4h0FdhBvxQ40dcHCbVL081W.jpg,0,0,0,0,0,0,,False,,Horror,,
1066767,,S5,S5,en,,,2022-01-01,/w9r3hBS5zpGywbGtA66OzRGNFzb.jpg,0,0,0,0,0,0,,False,,Horror,,
1066780,,Leftover Tapes: Epiphany Inside,Leftover Tapes: Epiphany Inside,en,,,2022-01-01,/xmwwOtwtu1Vgfy2CYjdR3hgsKiz.jpg,0,0,0,0,0,0,,False,,Horror,,
1067053,,Stereo Psychosis,Stereo Psychosis,en,,,2022-01-01,/cee9PsGU8qqlErC6djjLsIoBYMt.jpg,0,0,0,0,0,0,,False,,Horror,,
1067066,,Suicide Technical Considerations,Suicide Technical Considerations,en,,,2022-01-01,/kisjAnZaP1mPcEGVrYLKZ9zdXYp.jpg,0,0,0,0,0,0,,False,,Horror,,
1067090,,Shape,Shape,en,,,2022-01-01,/ckLJ8GukQMIdAPUGTPK2E1vzzTX.jpg,0,0,0,0,0,0,,False,,Horror,,
1067283,,Still Meadows,Still Meadows,en,,,2012-01-01,/4HbnJaIT5iQGydEni9wmnTE7v4p.jpg,0,0,0,0,0,0,,False,,Horror,,
1067337,,The Spirit Board Sessions,The Spirit Board Sessions,en,,,2022-01-01,/3x02ELE5SDtfnsq08W3LNEn1VPS.jpg,0,0,0,0,0,0,,False,,Horror,,
1067509,,Untitled 001,Untitled 001,en,,,1999-01-01,/dhQ1ACoI24go6HEHqSuX9ed7W60.jpg,0,0,0,0,0,0,,False,,Horror,,
1067568,,"Horrorathon, Volume Two","Horrorathon, Volume Two",en,,,2020-01-01,/kRLwPal8WOwbRQ5EvtBeJGdcZ92.jpg,0,0,0,0,0,0,,False,,Horror,,
1067571,,Spirit's Revenge,Spirit's Revenge,en,,,2022-01-01,/pKtp4mOAkSRA2uNZCc4Sl70UiTj.jpg,0,0,0,0,0,0,,False,,Horror,,
1067575,,Previews of Coming Attractions,Previews of Coming Attractions,en,,,2020-01-01,/d4ek2xEpHNUbaZJpkeARSViIXPA.jpg,0,0,0,0,0,0,,False,,Horror,,
1067825,,Night of the Falling Stars,Night of the Falling Stars,en,,,2021-01-01,/ahOTXFXE4m5dQgVUp0FvbgLKhra.jpg,0,0,0,0,0,0,,False,,Horror,,
1067936,,Dear Santa,Dear Santa,en,,,2022-01-01,/uyBNRGCbVp4xhB5aqDZpENsF0zn.jpg,0,0,0,0,0,0,,False,,Horror,,
1068362,,Deep Sleep,Deep Sleep,en,,,2022-01-01,/xjGyQkw0h3mNvbWTC7xfoRYBKBC.jpg,0,0,0,0,0,0,,False,,Horror,,
1068408,,The Man Who Loved Flowers,The Man Who Loved Flowers,en,,,2018-01-01,/7GrzqaXPhbd7lJSz6FUbdTuT52w.jpg,0,0,0,0,0,0,,False,,Horror,,
1068423,,The Man Who Loved Flowers,The Man Who Loved Flowers,en,,,2017-01-01,/l1QUHRaqYvKQRBa4DsIn8zRyRmw.jpg,0,0,0,0,0,0,,False,,Horror,,
1068444,,Cain Rose Up,Cain Rose Up,en,,,2021-01-01,/ntxGJ2C5B2E3rzyeYfXWbgzpm7u.jpg,0,0,0,0,0,0,,False,,Horror,,
1068478,,The Fappening,The Fappening,en,,,2021-01-01,/nIyje8SMZGlBQrFG2KRm13fEgfU.jpg,0,0,0,0,0,0,,False,,Horror,,
1068623,,Self Isolated,Self Isolated,en,,,2021-01-01,/hQ9YSlWnO7jdM8bQDBygU9kZrdx.jpg,0,0,0,0,0,0,,False,,Horror,,
1068691,,One Bad Night,One Bad Night,en,,,2019-01-01,/kO5z6tdckD1ul1LzA4e5URBckhi.jpg,0,0,0,0,0,0,,False,,Horror,,
1068715,,Black Cat in a Dark Room,Black Cat in a Dark Room,en,,,2019-01-01,/xVIaqwAlTFntB6Uu5qrBiMN9J0J.jpg,0,0,0,0,0,0,,False,,Horror,,
1068747,,The Survivors,The Survivors,en,,,2016-01-01,/A6ZlhDVEyBMH8mzb2Y0PMWnLg9A.jpg,0,0,0,0,0,0,,False,,Horror,,
1068936,,They Don't Cast Shadows,They Don't Cast Shadows,en,,,2022-01-01,/qde7CeccdLiT7z3GtYucm2ICdfN.jpg,0,0,0,0,0,0,,False,,Horror,,
1068952,,Haunted Hotties,Haunted Hotties,en,,,2022-01-01,/hHGFwr54Z6wrpxZeijJgvdj2PsH.jpg,0,0,0,0,0,0,,False,,Horror,,
1068995,,The Return of the Living Dead:  The Decade of Darkness,The Return of the Living Dead:  The Decade of Darkness,en,,,2007-01-01,/hJThGKXWzHzp220okwLUTW9IQbu.jpg,0,0,0,0,0,0,,False,,Horror,,
1069118,,Hidden Above,Hidden Above,en,,,2022-01-01,/hyDwcDq2U9eCS8VRvXVjSe4AHc9.jpg,0,0,0,0,0,0,,False,,Horror,,
1069267,,The Devil's Harvest,The Devil's Harvest,en,,,2019-01-01,/nx5EzmNsbOXyxMtNbZ9KLDn3qyk.jpg,0,0,0,0,0,0,,False,,Horror,,
1069350,,Tales from Middleton High,Tales from Middleton High,en,,,2022-01-01,/M805aAW3xAYoYWKsG3129IWdLw.jpg,0,0,0,0,0,0,,False,,Horror,,
1069510,,Let Us In!,Let Us In!,en,,,2022-01-01,/jkyoVmBOoxqLyB2OY1eudRJaIu3.jpg,0,0,0,0,0,0,,False,,Horror,,
1069630,,Bones in the Barn,Bones in the Barn,en,,,2000-01-01,/7pc81mJVbXO973hszgnkLlIcK02.jpg,0,0,0,0,0,0,,False,,Horror,,
1069788,,Was it a Dream,Was it a Dream,en,,,2020-01-01,/n5eKoZzcFCvIdPKLQSSyABXFfGd.jpg,0,0,0,0,0,0,,False,,Horror,,
1069825,,Tiffany the Doll,Tiffany the Doll,en,,,2022-01-01,/xdKFRwNYdr2fmcXDJrao6kp3AeI.jpg,0,0,0,0,0,0,,False,,Horror,,
1069869,,Suicide School Girls,Suicide School Girls,en,,,2003-01-01,/vS0LtndRVPDS06af4LvuAjEYhuk.jpg,0,0,0,0,0,0,,False,,Horror,,
1069885,,Dolly,Dolly,en,,,2022-01-01,/znf0s1P1zK9EldvrZiRgBHo6lv1.jpg,0,0,0,0,0,0,,False,,Horror,,
1070225,,Night of the Loving Dead,Night of the Loving Dead,en,,,2013-01-01,/z7AsGpDD9sLOtYYQm6hplxcMp4Z.jpg,0,0,0,0,0,0,,False,,Horror,,
1070291,,Craig’s Big Day,Craig’s Big Day,en,,,2014-01-01,/wE0tlBwJwKm5trgVSIXbkbpDZu.jpg,0,0,0,0,0,0,,False,,Horror,,
1070432,,The Guest,The Guest,en,,,1977-01-01,/dLEVoAdmsuRfSgFzilOnsaOHVyF.jpg,0,0,0,0,0,0,,False,,Horror,,
1070455,,Swallow,Swallow,en,,,2017-01-01,/uqauIeB2KCYbSfy6aQEqlXeLc4u.jpg,0,0,0,0,0,0,,False,,Horror,,
1070867,,The New Homeowner's Guide to Happiness,The New Homeowner's Guide to Happiness,en,,,1987-01-01,/sPYvQyQpYWUSEFLEyOKobr9xboK.jpg,0,0,0,0,0,0,,False,,Horror,,
1071002,,The Caul,The Caul,en,,,2020-01-01,/fh0ZTHJwH0iSBagdIQq9GxgBOcd.jpg,0,0,0,0,0,0,,False,,Horror,,
1071084,,Dendam Hantu Latah,Dendam Hantu Latah,en,,,2022-01-01,/n9fZWeRKEIXSUhUAiZDu15p0wb7.jpg,0,0,0,0,0,0,,False,,Horror,,
1071115,,Hunting Day,Hunting Day,en,,,2022-01-01,/jLbIJQumesSAFpqBJZLWFtZS9SF.jpg,0,0,0,0,0,0,,False,,Horror,,
1071129,,Bethany and Beer Santa,Bethany and Beer Santa,en,,,2022-01-01,/64bYuM2ZXYQsK6pFdfVJAKB0PU6.jpg,0,0,0,0,0,0,,False,,Horror,,
1071197,,Working With Damian,Working With Damian,en,,,2017-01-01,/pVWxf5fBSwSpeqBfVLFGv2DQc2X.jpg,0,0,0,0,0,0,,False,,Horror,,
1071199,,Jenny’s House,Jenny’s House,en,,,2012-01-01,/oKtdIS4oiL7XCXdHeHRN8TjukLl.jpg,0,0,0,0,0,0,,False,,Horror,,
1071258,,Secret Horror,Secret Horror,en,,,1980-01-01,/rk1pLOij7jn3EsMKuUwxCiF7sH0.jpg,0,0,0,0,0,0,,False,,Horror,,
1071279,,Witchbait,Witchbait,en,,,1996-01-01,/gsVkSyYrwZWhmgfWsoDcgfdM6On.jpg,0,0,0,0,0,0,,False,,Horror,,
1071529,,Dreaming of Death: Bob Clark's Horror Films,Dreaming of Death: Bob Clark's Horror Films,en,,,2022-01-01,/rUWo2SEC8XWYeF6Fgjn0nYoykn7.jpg,0,0,0,0,0,0,,False,,Horror,,
1071607,,Tales of the Undead,Tales of the Undead,en,,,1985-01-01,/nxgaflQhufW7l450GdgZnzQErMx.jpg,0,0,0,0,0,0,,False,,Horror,,
1071644,,Nightmare,Nightmare,en,,,2020-01-01,/gI6XmE5iT3uIVuUqeQUsbToM8RH.jpg,0,0,0,0,0,0,,False,,Horror,,
1071812,,Bad Ben's Night Before Christmas,Bad Ben's Night Before Christmas,en,,,2019-01-01,/c0SIsLuKW9ibtOJKu7k5G7Kl6xi.jpg,0,0,0,0,0,0,,False,,Horror,,
1071904,,Staying Dead,Staying Dead,en,,,2021-01-01,/rOoxw8GRmjVHPThRXRpZoeAmvmP.jpg,0,0,0,0,0,0,,False,,Horror,,
1072081,,Rush,Rush,en,,,2020-01-01,/bPSxyKBnBBIsjlVk3uq4pqnubMg.jpg,0,0,0,0,0,0,,False,,Horror,,
1072357,,Slash,Slash,en,,,2022-01-01,/c1sJk58lOeRhujklZsyL4ea18aS.jpg,0,0,0,0,0,0,,False,,Horror,,
1072472,,October 31,October 31,en,,,2021-01-01,/9N8lwGrzkoYUf6gGmjUFCmPdlVV.jpg,0,0,0,0,0,0,,False,,Horror,,
1072475,,The Hash-Slinging Slasher,The Hash-Slinging Slasher,en,,,2020-01-01,/i9NKmb7ltDQMJlj3RITJIdOA0vP.jpg,0,0,0,0,0,0,,False,,Horror,,
1072478,,Deer in Headlights,Deer in Headlights,en,,,2019-01-01,/drehPvJy6gvggRdNbhuSiCSPxCf.jpg,0,0,0,0,0,0,,False,,Horror,,
1072485,,China Grove,China Grove,en,,,2018-01-01,/kmV7tZMbClHuuQJil0I5IFUZJDU.jpg,0,0,0,0,0,0,,False,,Horror,,
1072680,,Mark,Mark,en,,,1994-01-01,/wp7VRPV3ej1lCu7FG513IOZTucx.jpg,0,0,0,0,0,0,,False,,Horror,,
1072780,,The Scary Tennis Ball,The Scary Tennis Ball,en,,,2021-01-01,/3pfYJmLe1PiygHmErjeBGUCEQfA.jpg,0,0,0,0,0,0,,False,,Horror,,
1072848,,Zombie Rocks,Zombie Rocks,en,,,2019-01-01,/5UiCUnBY66QzokiZUP83iRSHutk.jpg,0,0,0,0,0,0,,False,,Horror,,
1072898,,Jason Pell's Pinpricks,Jason Pell's Pinpricks,en,,,2021-01-01,/x74oYVk7o2vBnd7cqXXPumZPtsr.jpg,0,0,0,0,0,0,,False,,Horror,,
1072990,,Standing on Your Grave,Standing on Your Grave,en,,,2021-01-01,/bjobLptJlAw7xkuXC6jZ3B3Pj4.jpg,0,0,0,0,0,0,,False,,Horror,,
1073077,,Mortified,Mortified,en,,,2013-01-01,/m4FB5rpouG1CynwTH4WNX1nJv1w.jpg,0,0,0,0,0,0,,False,,Horror,,
1073102,,Fluffernutter,Fluffernutter,en,,,2016-01-01,/2h1MjaCqvDxcZxxlCHhyO38L10G.jpg,0,0,0,0,0,0,,False,,Horror,,
1073105,,From Where it Hides,From Where it Hides,en,,,2022-01-01,/68zcYTcZcSqKYOxrEA7XVmVzyNm.jpg,0,0,0,0,0,0,,False,,Horror,,
1073114,,Former Things,Former Things,en,,,2014-01-01,/teoGbPJF2BDPdPed9lgDDG7qsR.jpg,0,0,0,0,0,0,,False,,Horror,,
1073411,,Rumah Terpilih: Titipan Benda Ghaib,Rumah Terpilih: Titipan Benda Ghaib,en,,,2022-01-01,/vvpdNy3IiVXj9FS1x1QgZKKjrCf.jpg,0,0,0,0,0,0,,False,,Horror,,
1073556,,The Scary Tennis Ball part 2,The Scary Tennis Ball part 2,en,,,2021-01-01,/iB501OL19NitXoBsyScjE7CMteU.jpg,0,0,0,0,0,0,,False,,Horror,,
1073696,,Nightmare,Nightmare,en,,,2022-01-01,/df3H4olyvFEUdwZjsVTXGI3iGDu.jpg,0,0,0,0,0,0,,False,,Horror,,
1073946,,A Monster in the House,A Monster in the House,en,,,2021-01-01,/xh1NFpiN6Q0W2kMvfZ4bITP3HpM.jpg,0,0,0,0,0,0,,False,,Horror,,
1073952,,First Blood,First Blood,en,,,2022-01-01,/7J2jancnWzbckItHA4gt8PpepjU.jpg,0,0,0,0,0,0,,False,,Horror,,
1073968,,The Persistence of Time,The Persistence of Time,en,,,2022-01-01,/igjYsZcTbmLTbCpbaiv19LDrYC4.jpg,0,0,0,0,0,0,,False,,Horror,,
1073971,,Night Work,Night Work,en,,,2022-01-01,/yTzgZxbzrwyN1SmOn50HQt1CDJV.jpg,0,0,0,0,0,0,,False,,Horror,,
1073992,,Scooter,Scooter,en,,,2022-01-01,/cunr3btS6ocS3ZGg3b5wOAKISK0.jpg,0,0,0,0,0,0,,False,,Horror,,
1074012,,Marked,Marked,en,,,2022-01-01,/z2TT79DE9qm6CRR97CR3Qgc2lWJ.jpg,0,0,0,0,0,0,,False,,Horror,,
1074023,,Violet Butterfield: Makeup Artist for the Dead,Violet Butterfield: Makeup Artist for the Dead,en,,,2022-01-01,/1IXGFGAprsWZ26cVHDWQEEp045e.jpg,0,0,0,0,0,0,,False,,Horror,,
1074221,,Hell's Half Acre,Hell's Half Acre,en,,,2017-01-01,/m0ZNdQWpwpX5jO8grhRO9vHw0SU.jpg,0,0,0,0,0,0,,False,,Horror,,
1074236,,Ego,Ego,en,,,2020-01-01,/mNNZaWEMUzNrL40KKkCSl6U4CBs.jpg,0,0,0,0,0,0,,False,,Horror,,
1074242,,Dirt,Dirt,en,,,2021-01-01,/b9YoPY0ZZLQJa4HnT3hbaWphesQ.jpg,0,0,0,0,0,0,,False,,Horror,,
1074249,,Fungi,Fungi,en,,,2022-01-01,/sCt4B1j7CHgYRAmbTRe9S7q81Cl.jpg,0,0,0,0,0,0,,False,,Horror,,
1074531,,Critters: Bounty Hunter,Critters: Bounty Hunter,en,,,2014-01-01,/3H3Hq0KFzSP6n13w5t9YP8dnQv1.jpg,0,0,0,0,0,0,,False,,Horror,,
1074533,,Beyond Dark Dreams,Beyond Dark Dreams,en,,,2021-01-01,/m8cwZAfOg48wbk1I0KCwquCSim5.jpg,0,0,0,0,0,0,,False,,Horror,,
1074543,,Season of Sacrifice,Season of Sacrifice,en,,,2021-01-01,/daRSb6SOyteBM5gEuiuxulLIuJU.jpg,0,0,0,0,0,0,,False,,Horror,,
1074609,,Demons at Dawn,Demons at Dawn,en,,,2022-01-01,/wiN1GdyiKC96cHdP1EYJFo4ogXA.jpg,0,0,0,0,0,0,,False,,Horror,,
1075356,,Senseless,Senseless,en,,,2022-01-01,/lXhfDlkZLeyLf991BmdzAIpZnzj.jpg,0,0,0,0,0,0,,False,,Horror,,
1075391,,The Doc,The Doc,en,,,2018-01-01,/jcjlldoOYOX5imLWvFpQRWKRxRS.jpg,0,0,0,0,0,0,,False,,Horror,,
1075495,,Christmas Movie,Christmas Movie,en,,,2022-01-01,/4gmZHv1lWJbGhppdgl9PpMaJAJw.jpg,0,0,0,0,0,0,,False,,Horror,,
1075616,,Suspicious Sounds of a Reclusive Housemate,Suspicious Sounds of a Reclusive Housemate,en,,,2022-01-01,/2DCHPll4xkhC00vft4GKQjOUHQ5.jpg,0,0,0,0,0,0,,False,,Horror,,
1075848,,Grandma’s little boy,Grandma’s little boy,en,,,2020-01-01,/2FrfCvyGtsPzBlR72dbN45atgNF.jpg,0,0,0,0,0,0,,False,,Horror,,
1076005,,R&R,R&R,en,,,2018-01-01,/aST6omDBJnMqSqGNtfcx67LdqLF.jpg,0,0,0,0,0,0,,False,,Horror,,
1076095,,Alma Mater,Alma Mater,en,,,2021-01-01,/cnj0bk0wcIjKYD0kEnJBGOIVztF.jpg,0,0,0,0,0,0,,False,,Horror,,
1076179,,Eyes for You,Eyes for You,en,,,2019-01-01,/focXpDU2cIyj3fKqREAawzOTVft.jpg,0,0,0,0,0,0,,False,,Horror,,
1076185,,"Terror from 20,000 Leagues Below","Terror from 20,000 Leagues Below",en,,,2020-01-01,/pzOHLaEmtVbn0I1yYqMGJBN9RaQ.jpg,0,0,0,0,0,0,,False,,Horror,,
1076187,,Hypocritical Hit,Hypocritical Hit,en,,,2021-01-01,/e548bp7y6qu61dvWUPSAEezJt2J.jpg,0,0,0,0,0,0,,False,,Horror,,
1076213,,Thirst,Thirst,en,,,2020-01-01,/gFq7j0mXmTEkUkGpoMityBXrZGm.jpg,0,0,0,0,0,0,,False,,Horror,,
1076277,,Kuru,Kuru,en,,,2017-01-01,/hPIzULHNgnFabZ6pzs7BXnS1AxL.jpg,0,0,0,0,0,0,,False,,Horror,,
1076318,,Dracula Unearthed,Dracula Unearthed,en,,,2022-01-01,/7j5sNxgzNPfS0jtx839YSjWo1V3.jpg,0,0,0,0,0,0,,False,,Horror,,
1076331,,The Gnome,The Gnome,en,,,2020-01-01,/kvP6gZJPzTjc3lh4RUCeeJ4q9kw.jpg,0,0,0,0,0,0,,False,,Horror,,
1076759,,Squeeze,Squeeze,en,,,2011-01-01,/vS0JijXWr9U7tSrzi4iEwmO2X6B.jpg,0,0,0,0,0,0,,False,,Horror,,
1076939,,Vitiligo,Vitiligo,en,,,2017-01-01,/55Lgmf42TNrTABcs9Liqw5WJQTs.jpg,0,0,0,0,0,0,,False,,Horror,,
1077102,,The Basement,The Basement,en,,,2008-01-01,/hMoOPoVnHCJexEOKejhnt3F7yoy.jpg,0,0,0,0,0,0,,False,,Horror,,
1077191,,Streetwalker,Streetwalker,en,,,2022-01-01,/789FaCqFOY8HzXEnrWV3hXmqEyf.jpg,0,0,0,0,0,0,,False,,Horror,,
1077198,,Rose Tinted,Rose Tinted,en,,,2022-01-01,/cemhLgJKNf4g6a55ShRsrpeiI1I.jpg,0,0,0,0,0,0,,False,,Horror,,
1077222,,Lost Dojo Warriors GFantis Commercial,Lost Dojo Warriors GFantis Commercial,en,,,2011-01-01,/zzWRGYPMMY1uZGt3mKgA9LPEpmj.jpg,0,0,0,0,0,0,,False,,Horror,,
1077350,,The Devil's Instrument,The Devil's Instrument,en,,,2022-01-01,/vohgeGK4BfZMCFpUS73assnprt4.jpg,0,0,0,0,0,0,,False,,Horror,,
1077470,,Hood Vamps,Hood Vamps,en,,,2003-01-01,/8nqvP5qR7mAxvPJqNy1cSRSLril.jpg,0,0,0,0,0,0,,False,,Horror,,
1077691,,2015,2015,en,,,2020-01-01,/5YC3QjmvfT7eB7yvvRoN9qPFrHW.jpg,0,0,0,0,0,0,,False,,Horror,,
1077846,,Dementia 29,Dementia 29,en,,,2022-01-01,/wCSJlcR5WiPv8efcGmbJwe24gto.jpg,0,0,0,0,0,0,,False,,Horror,,
1077874,,DV4: Electric Nightmares,DV4: Electric Nightmares,en,,,2017-01-01,/j8rqyhSEMGzJkESIrwUORANk2ZX.jpg,0,0,0,0,0,0,,False,,Horror,,
1078079,,Stranger,Stranger,en,,,2022-01-01,/3LUkfkk39nQCrxEjfWGcjR2WYOG.jpg,0,0,0,0,0,0,,False,,Horror,,
1078188,,Furocious,Furocious,en,,,2017-01-01,/wPx4dSzUIRAwwdLhI5sSh54p7fb.jpg,0,0,0,0,0,0,,False,,Horror,,
1078203,,De Profundis: Out of the Depths,De Profundis: Out of the Depths,en,,,2010-01-01,/zXr6ZqEvv3JLOrnfk81cyzXRTUA.jpg,0,0,0,0,0,0,,False,,Horror,,
1078272,,Kaleidoscope Kids,Kaleidoscope Kids,en,,,2021-01-01,/nIJlLFzSYPbmKiUEYSSoCXMxule.jpg,0,0,0,0,0,0,,False,,Horror,,
1078317,,Gothic Hastings Experiment,Gothic Hastings Experiment,en,,,2022-01-01,/61ZHBYqp9SUqL608Tov1Xwfdhqr.jpg,0,0,0,0,0,0,,False,,Horror,,
1078318,,Blood Daughter,Blood Daughter,en,,,2022-01-01,/z8tFB6ssRPLMqvNRREYng03DJGE.jpg,0,0,0,0,0,0,,False,,Horror,,
1078360,,Blink,Blink,en,,,2021-01-01,/nQUvVSaEGOtUMpWM6YDpTvDhv7l.jpg,0,0,0,0,0,0,,False,,Horror,,
1078453,,Sacrificial Birth,Sacrificial Birth,en,,,1990-01-01,/6OAWT7Pdw5DaqVsTjjM1Hqw7O0A.jpg,0,0,0,0,0,0,,False,,Horror,,
1078460,,Final Scream,Final Scream,en,,,1990-01-01,/fSCfLj0fEXoauQEqKdc8BquCbiV.jpg,0,0,0,0,0,0,,False,,Horror,,
1078470,,The Shifters,The Shifters,en,,,1991-01-01,/2KSIn2YJOkLIuTZVsW7dalUsD9b.jpg,0,0,0,0,0,0,,False,,Horror,,
1078474,,Dementia,Dementia,en,,,1991-01-01,/wcCOPG7eOnRwUUGKwHcNFLudndr.jpg,0,0,0,0,0,0,,False,,Horror,,
1078479,,The Harvester,The Harvester,en,,,1992-01-01,/ci81bLlDlp5kaPQHCvDHBqwMzjW.jpg,0,0,0,0,0,0,,False,,Horror,,
1078492,,One for the Road,One for the Road,en,,,1995-01-01,/m0W72RRoHiE84M5D4X3tEwBSH6y.jpg,0,0,0,0,0,0,,False,,Horror,,
1078654,,Kibble,Kibble,en,,,2022-01-01,/9o697EeBBpX5x28RjZHrSCZMDyi.jpg,0,0,0,0,0,0,,False,,Horror,,
1078664,,Regeneration,Regeneration,en,,,2022-01-01,/7hGuwFLc6zzGkG0qE7sP1rUPKRH.jpg,0,0,0,0,0,0,,False,,Horror,,
1078670,,Four Polaroids,Four Polaroids,en,,,2021-01-01,/qEe2ZQpCdPqpZs7N5qiP4TQHhCC.jpg,0,0,0,0,0,0,,False,,Horror,,
1078867,,The Writer's Block,The Writer's Block,en,,,2022-01-01,/rfizlk2MKQZ9rLfIVaXbZ7QBvFG.jpg,0,0,0,0,0,0,,False,,Horror,,
1078907,,Plague of the Dead,Plague of the Dead,en,,,2021-01-01,/uZj8uJXaCPcBR4Umod0odZwi3Ok.jpg,0,0,0,0,0,0,,False,,Horror,,
1078963,,When We Get to Heaven,When We Get to Heaven,en,,,2012-01-01,/d0OtY0CHIbEOFPbxCUHLl8EVlQq.jpg,0,0,0,0,0,0,,False,,Horror,,
1079017,,Closing Shift,Closing Shift,en,,,2022-01-01,/bXJdqApWpJ8We7LfgeRjNnAbxR3.jpg,0,0,0,0,0,0,,False,,Horror,,
1079158,,Haunted Valley,Haunted Valley,en,,,2022-01-01,/f4pO8xDSY4kjo241CtWulMzh6sN.jpg,0,0,0,0,0,0,,False,,Horror,,
1079250,,Dangerous Lies Vol. 2,Dangerous Lies Vol. 2,en,,,2017-01-01,/cvGV8WLaJTSymmuh3olLFz7uk3M.jpg,0,0,0,0,0,0,,False,,Horror,,
1079377,,The Grindhouse,The Grindhouse,en,,,2022-01-01,/zRVl0xs1gi7cyZky8aPGq3eJM4q.jpg,0,0,0,0,0,0,,False,,Horror,,
1079402,,Vampire's Rage,Vampire's Rage,en,,,2016-01-01,/9JiD85OqhMEyeodPH9jLheamJPu.jpg,0,0,0,0,0,0,,False,,Horror,,
1079508,,Becoming a Werewolf,Becoming a Werewolf,en,,,2005-01-01,/4Zud5OQjgWT14U1XvbOmiFs7Ip9.jpg,0,0,0,0,0,0,,False,,Horror,,
1079613,,Trolled,Trolled,en,,,2022-01-01,/vevsDrvYnV2Pl49jXOz8oE0F1pl.jpg,0,0,0,0,0,0,,False,,Horror,,
1079640,,Sophie and the Serial Killers,Sophie and the Serial Killers,en,,,2022-01-01,/kCCCobAqrgKkI7YpNoj4VYiA68V.jpg,0,0,0,0,0,0,,False,,Horror,,
1079707,,The Stationary Bike,The Stationary Bike,en,,,2022-01-01,/olPoYxNfjaMALcJayejBUVoKDpr.jpg,0,0,0,0,0,0,,False,,Horror,,
1079740,,Modified Apocalypse,Modified Apocalypse,en,,,2022-01-01,/gL0UBFHuzODtqQZzdYRBIIem85o.jpg,0,0,0,0,0,0,,False,,Horror,,
1079820,,Night Hunt,Night Hunt,en,,,2022-01-01,/qZUsrV79bj3X8Y1AjFVdabux1lK.jpg,0,0,0,0,0,0,,False,,Horror,,
1079845,,Icehouse,Icehouse,en,,,2011-01-01,/u1DsM2QnKOWdFeejmD1qc6tOWle.jpg,0,0,0,0,0,0,,False,,Horror,,
1079915,,Harlow's Haunt,Harlow's Haunt,en,,,2022-01-01,/w8v0Lq42QGDCEN7dC62pOElXSE4.jpg,0,0,0,0,0,0,,False,,Horror,,
1079916,,Trepidity,Trepidity,en,,,2022-01-01,/yDGt8HlBZa3UajJDYBP3GycmUSw.jpg,0,0,0,0,0,0,,False,,Horror,,
1079928,,Subliminal,Subliminal,en,,,2022-01-01,/z9M6tK2e4Zcs70u4E0X2HZg8XoM.jpg,0,0,0,0,0,0,,False,,Horror,,
1079937,,The Monster Mash,The Monster Mash,en,,,2022-01-01,/1qCAIAaoy079m5zDguiH1qRVvaU.jpg,0,0,0,0,0,0,,False,,Horror,,
1079940,,New York Blood,New York Blood,en,,,2009-01-01,/gRfYz8QWHfijUKGsE8wOCJW0fJ5.jpg,0,0,0,0,0,0,,False,,Horror,,
1079992,,One Night On Dover St.,One Night On Dover St.,en,,,2021-01-01,/dirCWHbp9Nd8cjBL6E1kBEy3eFV.jpg,0,0,0,0,0,0,,False,,Horror,,
1080069,,Menagerie,Menagerie,en,,,2018-01-01,/yo1BQjNDbiIoShngPgoaVdDXcwM.jpg,0,0,0,0,0,0,,False,,Horror,,
1080179,,Zandavi Lives,Zandavi Lives,en,,,2018-01-01,/9zIBRFpJudtJqigVVeCptRd2q0G.jpg,0,0,0,0,0,0,,False,,Horror,,
1080284,,With You,With You,en,,,2006-01-01,/a4b45XM1YusWvnZMENgyuGZy3Rw.jpg,0,0,0,0,0,0,,False,,Horror,,
1080299,,D.O.D.,D.O.D.,en,,,2022-01-01,/hQMlGDaxaHTfyGElQcRqU6AEBnM.jpg,0,0,0,0,0,0,,False,,Horror,,
1080357,,Are You Still Here?,Are You Still Here?,en,,,2020-01-01,/x2Aj8lGsQHWlnyS7sVeJbaeBuyW.jpg,0,0,0,0,0,0,,False,,Horror,,
1080391,,Attack of the Nightmare-a-saurus,Attack of the Nightmare-a-saurus,en,,,2009-01-01,/7CdRXZb8h2CJAJgrlnhJ8cokVIA.jpg,0,0,0,0,0,0,,False,,Horror,,
1080419,,Surreal Broadcast,Surreal Broadcast,en,,,2020-01-01,/98rQAZ0jMxOvaw2aGZKeE3YwiyU.jpg,0,0,0,0,0,0,,False,,Horror,,
1080764,,Method,Method,en,,,2022-01-01,/mtpSYCUP1mRZfu5Yj6IarJSCbWX.jpg,0,0,0,0,0,0,,False,,Horror,,
1080816,,VHS Violence: Bootlegged,VHS Violence: Bootlegged,en,,,2022-01-01,/jRwrEQMBk46ati05gMnmF7vIcpJ.jpg,0,0,0,0,0,0,,False,,Horror,,
1080942,,Salem's Flames,Salem's Flames,en,,,2022-01-01,/kuStAQu2s9zvIj0aVfKKzgs8ER2.jpg,0,0,0,0,0,0,,False,,Horror,,
1081069,,Bleed Out,Bleed Out,en,,,2011-01-01,/2yPB6UKhnh7eXJSKT6BOm76oFei.jpg,0,0,0,0,0,0,,False,,Horror,,
1081308,,Hallowed Ground,Hallowed Ground,en,,,2014-01-01,/QvyENpniZGW1GK1SJygb3AG0QC.jpg,0,0,0,0,0,0,,False,,Horror,,
1081494,,The Sapphic Evil Within,The Sapphic Evil Within,en,,,2022-01-01,/55yotmkoWgMaCsNEFAG9kM2BkC0.jpg,0,0,0,0,0,0,,False,,Horror,,
1081619,,Frankenstein: How to Make a Monster,Frankenstein: How to Make a Monster,en,,,2022-01-01,/wtxsseJjSXdvlsjSBTAStNubqkd.jpg,0,0,0,0,0,0,,False,,Horror,,
1081987,,Sit in Silence,Sit in Silence,en,,,2011-01-01,/t8abjv8GB9dFAUtBrVwBX8tbZJ0.jpg,0,0,0,0,0,0,,False,,Horror,,
1082133,,Dead Shift,Dead Shift,en,,,2005-01-01,/bm3KHtnOj98Ud9A5qOZJZUF47Hl.jpg,0,0,0,0,0,0,,False,,Horror,,
1082211,,Perfection,Perfection,en,,,2017-01-01,/oTaKdf4TfPQzCAqc74dMOyG9Nh5.jpg,0,0,0,0,0,0,,False,,Horror,,
1082552,,Intrusion,Intrusion,en,,,2014-01-01,/pbdH0m9PYQZDoxPYg3oHhcboC7y.jpg,0,0,0,0,0,0,,False,,Horror,,
1082701,,Fear Itself,Fear Itself,en,,,2007-01-01,/veb9gmv1qJAVNP6XH0Q3GaagwqB.jpg,0,0,0,0,0,0,,False,,Horror,,
1082765,,Mermaid Killer,Mermaid Killer,en,,,2022-01-01,/g9ckhjytimHdlfZI5PFm05jsMI5.jpg,0,0,0,0,0,0,,False,,Horror,,
1082773,,Hallowed,Hallowed,en,,,2021-01-01,/j284QxCBduprIzZ70QdlSS6xGrp.jpg,0,0,0,0,0,0,,False,,Horror,,
1082805,,No Is Yes,No Is Yes,en,,,1997-01-01,/uss50zcXmK8pN0roKgurzGmdFUX.jpg,0,0,0,0,0,0,,False,,Horror,,
1082925,,Brimstone Creek Rd,Brimstone Creek Rd,en,,,2021-01-01,/tLkdNjd3kU7lmAoPtN9kPeXLxkN.jpg,0,0,0,0,0,0,,False,,Horror,,
1083016,,Hellscape,Hellscape,en,,,2022-01-01,/zz7bqCsZaCdDhVkWuo8CGjZXyEK.jpg,0,0,0,0,0,0,,False,,Horror,,
1083022,,I Saw My Death,I Saw My Death,en,,,2022-01-01,/hfaL436BpxjFOpF4haYHZzx7EbB.jpg,0,0,0,0,0,0,,False,,Horror,,
1083041,,Day of the Deb,Day of the Deb,en,,,2022-01-01,/gMkxlKPdrqgE7mCG7Z5h6zaeApd.jpg,0,0,0,0,0,0,,False,,Horror,,
1083051,,The Final Blink,The Final Blink,en,,,2022-01-01,/ao1Xpl4CNClmd4FiCp8pI8aj8lg.jpg,0,0,0,0,0,0,,False,,Horror,,
1083071,,When the Time Comes,When the Time Comes,en,,,2022-01-01,/gMauL6DHtTpfXbJN3l2K1Eu0Dsu.jpg,0,0,0,0,0,0,,False,,Horror,,
1083444,,The Mother,The Mother,en,,,2018-01-01,/lwZoSn8wDErpvvgHJYsTspwMknO.jpg,0,0,0,0,0,0,,False,,Horror,,
1083699,,Witches,Witches,en,,,1998-01-01,/jtRmRA0A784LeC88zjPGSiS5Ynn.jpg,0,0,0,0,0,0,,False,,Horror,,
1083729,,Brutal Bigfoot Encounters: Mutations and Mutilations,Brutal Bigfoot Encounters: Mutations and Mutilations,en,,,2018-01-01,/eb31c2rgppTd7o0Ncn9KMUnXL94.jpg,0,0,0,0,0,0,,False,,Horror,,
1083733,,HE COMES TO KILL,HE COMES TO KILL,en,,,2022-01-01,/yU94Npp0gdkkej3NuRCfkKZKnt8.jpg,0,0,0,0,0,0,,False,,Horror,,
1083816,,Haunted,Haunted,en,,,1998-01-01,/Av169CmH6c5BzTto9aZrK96NEPk.jpg,0,0,0,0,0,0,,False,,Horror,,
1083818,,The Boy in the Tiny House and the Monster Who Lived Next Door,The Boy in the Tiny House and the Monster Who Lived Next Door,en,,,2022-01-01,/64Bm9ltqIfMe58TLPz2Ypio9aHb.jpg,0,0,0,0,0,0,,False,,Horror,,
1083819,,The Final Haunt,The Final Haunt,en,,,2021-01-01,/ggJQgZz1ijkDYJNi0ncqDvj2e4V.jpg,0,0,0,0,0,0,,False,,Horror,,
1084089,,My Inner Circle,My Inner Circle,en,,,2022-01-01,/g98Daw3NApjy06wlMKREXbb5J8b.jpg,0,0,0,0,0,0,,False,,Horror,,
1084287,,Audition Tape 13,Audition Tape 13,en,,,2022-01-01,/1j9hZVxLdrwhffNY7UVdnFiCZML.jpg,0,0,0,0,0,0,,False,,Horror,,
1084439,,SLEIGH!,SLEIGH!,en,,,2021-01-01,/lyO58ZgJZJ7hktg6qMOBis8qSZR.jpg,0,0,0,0,0,0,,False,,Horror,,
1084656,,Trick,Trick,en,,,2016-01-01,/9JY1Ex1MkKBe32oHYigaN6dX3An.jpg,0,0,0,0,0,0,,False,,Horror,,
1084741,,Tales of the Inexplicable,Tales of the Inexplicable,en,,,2021-01-01,/6uZrD3fFebVKwtZRYwxvJPCasj3.jpg,0,0,0,0,0,0,,False,,Horror,,
1084745,,Blood Puppet! Christmas '94,Blood Puppet! Christmas '94,en,,,2019-01-01,/gjR7QGvUq9QBxE02PYMCH5zljWD.jpg,0,0,0,0,0,0,,False,,Horror,,
1085000,,Blood Lust,Blood Lust,en,,,2022-01-01,/sVWNoo1Y7Thj3v9P3pNtbxBgaHJ.jpg,0,0,0,0,0,0,,False,,Horror,,
1085067,,Voodoo Swamp,Voodoo Swamp,en,,,1962-01-01,/hXPASFUh89IhyEMnDdqxLY4crJq.jpg,0,0,0,0,0,0,,False,,Horror,,
1085215,,Carnage of Dracula,Carnage of Dracula,en,,,1967-01-01,/zKmxN8IuEo20sokdFco90Vo0wrl.jpg,0,0,0,0,0,0,,False,,Horror,,
1085252,,The Devil's Stomping Ground,The Devil's Stomping Ground,en,,,2022-01-01,/iXjZyLiBUH4hmMYT8T6vZbnBLIn.jpg,0,0,0,0,0,0,,False,,Horror,,
1085386,,Killing Time with Lizzie Boredom,Killing Time with Lizzie Boredom,en,,,2019-01-01,/kwJNq4dcZT7vexGNXafuL2I2FC7.jpg,0,0,0,0,0,0,,False,,Horror,,
1085394,,Harry Is Not Okay,Harry Is Not Okay,en,,,2021-01-01,/8UsF262IhVgVJsBIO89l9cLnH9i.jpg,0,0,0,0,0,0,,False,,Horror,,
1085549,,Infernal Gluttony,Infernal Gluttony,en,,,2010-01-01,/xwaiDCg2SesKrAoGRenP6cnlJyb.jpg,0,0,0,0,0,0,,False,,Horror,,
1085608,,Bloody Popcorn,Bloody Popcorn,en,,,2018-01-01,/swdPxUdoRsTidloRC9J2YtfEsQI.jpg,0,0,0,0,0,0,,False,,Horror,,
1085617,,Unthinkable,Unthinkable,en,,,2016-01-01,/xsjrziNQk0mLOW7OFGWC2nNtKIH.jpg,0,0,0,0,0,0,,False,,Horror,,
1085788,,Dead Tongues,Dead Tongues,en,,,2016-01-01,/yxFo38p16jwHbWvgi5YDADMcjG2.jpg,0,0,0,0,0,0,,False,,Horror,,
1086238,,Borealis,Borealis,en,,,2022-01-01,/paIt4F2XV8lDSKOJnOAmSAQ0gl.jpg,0,0,0,0,0,0,,False,,Horror,,
1086810,,Compound 87,Compound 87,en,,,2012-01-01,/hdJ0ylWU5AoGTrLdfXmFnxMndpd.jpg,0,0,0,0,0,0,,False,,Horror,,
1087086,,Posers,Posers,en,,,2017-01-01,/mZ5uenAbMIb1gHydk4OgLVf73m7.jpg,0,0,0,0,0,0,,False,,Horror,,
1087293,,Dr. Kim Hunter and the Apparition,Dr. Kim Hunter and the Apparition,en,,,2022-01-01,/lijCfySywZ6kmpkJITf6sazbrL3.jpg,0,0,0,0,0,0,,False,,Horror,,
1087721,,Nice to Finally Meet You,Nice to Finally Meet You,en,,,2021-01-01,/fUVNekQE74crTLzV9O9b4M2GMOZ.jpg,0,0,0,0,0,0,,False,,Horror,,
1087826,,STDemon,STDemon,en,,,2015-01-01,/l8wraC9A9tTVctzviioJXXRxmCu.jpg,0,0,0,0,0,0,,False,,Horror,,
1088060,,AfterLyfe,AfterLyfe,en,,,2021-01-01,/iiPFaHNH7swdBESWIiKBWTiZ2HZ.jpg,0,0,0,0,0,0,,False,,Horror,,
1088179,,The Legacy,The Legacy,en,,,2022-01-01,/cBTeRbBy6iwCVEyEhkVtwoJ1yJM.jpg,0,0,0,0,0,0,,False,,Horror,,
1088423,,MISSING,MISSING,en,,,2019-01-01,/sCRmrDLPT0fFh6oWLE3w927wYPh.jpg,0,0,0,0,0,0,,False,,Horror,,
1088424,,ON THE OTHER SIDE,ON THE OTHER SIDE,en,,,2019-01-01,/rA0h5iszxYx4iYvd02JPQyMpx2X.jpg,0,0,0,0,0,0,,False,,Horror,,
1088454,,Uncle Cankle and the Dancing Ankle,Uncle Cankle and the Dancing Ankle,en,,,1952-01-01,/rfPHjeUjw7mbPvsgUrxwKpQa7eR.jpg,0,0,0,0,0,0,,False,,Horror,,
1088498,,The Market Street 6,The Market Street 6,en,,,2011-01-01,/kHTREGpnCYhLY5NzV9CMUYQVg7O.jpg,0,0,0,0,0,0,,False,,Horror,,
1088501,,Oollalla Oollalla,Oollalla Oollalla,en,,,2020-01-01,/5tNgB62kaafVOYuZC3ANGLYV4ad.jpg,0,0,0,0,0,0,,False,,Horror,,
1088784,,Lurker,Lurker,en,,,2021-01-01,/5NSK5yj519GXhGIsi2r7wbh4k5d.jpg,0,0,0,0,0,0,,False,,Horror,,
1088798,,Evil Night,Evil Night,en,,,2022-01-01,/mNMjhro2hni5vlZXZ08qTZZ0nnv.jpg,0,0,0,0,0,0,,False,,Horror,,
1089134,,The Painting,The Painting,en,,,2019-01-01,/reUCUMu12z8oXL2daMlwfigixS2.jpg,0,0,0,0,0,0,,False,,Horror,,
1089183,,C'est Fini,C'est Fini,en,,,2022-01-01,/1FjFggC84WywoibskRfoj83qPdV.jpg,0,0,0,0,0,0,,False,,Horror,,
1089187,,Ghost Crew,Ghost Crew,en,,,2022-01-01,/aN6AcL0AMYiKrWVn78goiAF1oue.jpg,0,0,0,0,0,0,,False,,Horror,,
1089235,,The Man Who Went Missing in Black Hawk County,The Man Who Went Missing in Black Hawk County,en,,,2020-01-01,/arJUEvKriIuSS9JqQogBIgGFqnk.jpg,0,0,0,0,0,0,,False,,Horror,,
1089242,,This Isn’t a Movie,This Isn’t a Movie,en,,,2014-01-01,/5ovL5vWn2o8Z7BYDgR50i0bTGxA.jpg,0,0,0,0,0,0,,False,,Horror,,
1089839,,Alice,Alice,en,,,2021-01-01,/7szSnh6HD16kNeRiTMXa02HFPjb.jpg,0,0,0,0,0,0,,False,,Horror,,
1089915,,A Killer App,A Killer App,en,,,2010-01-01,/1le7Sg6ruQLNxdMDK7L9OVZJ6jA.jpg,0,0,0,0,0,0,,False,,Horror,,
1089927,,How (Not) to Become a Vampire,How (Not) to Become a Vampire,en,,,2011-01-01,/2Eboo38QhMomz3E1kD22dtzQiFn.jpg,0,0,0,0,0,0,,False,,Horror,,
1089959,,Phantasmagoria,Phantasmagoria,en,,,2022-01-01,/cEKs7fY6k4UT8swfjZvEj5vA3JC.jpg,0,0,0,0,0,0,,False,,Horror,,
1090184,,The Haunting of Malaga Inn,The Haunting of Malaga Inn,en,,,2020-01-01,/3QF6e7vIhZ4442mfL1n1TzVJXMY.jpg,0,0,0,0,0,0,,False,,Horror,,
1090289,,Bloodline,Bloodline,en,,,2021-01-01,/63xRX5hUIpMcs1BBXcSFGlXCZrd.jpg,0,0,0,0,0,0,,False,,Horror,,
1090384,,Zombie Apocalypse,Zombie Apocalypse,en,,,2020-01-01,/saIY40Yi1ASaLhehoeWfZdg6Fqi.jpg,0,0,0,0,0,0,,False,,Horror,,
1090549,,Kerb Crawlers,Kerb Crawlers,en,,,2015-01-01,/cbRmaHlcpYrsFBFTmyQXwo6n3K.jpg,0,0,0,0,0,0,,False,,Horror,,
1090658,,The Murderous Revenge of Lizzie Stillborn,The Murderous Revenge of Lizzie Stillborn,en,,,2014-01-01,/cwUTDygYzf2BgGBQ9BWCKBd5ELE.jpg,0,0,0,0,0,0,,False,,Horror,,
1091254,,Ang Kwento Sa Bahay Ni Lola,Ang Kwento Sa Bahay Ni Lola,en,,,2022-01-01,/1s7F0JwrgisAf7ckBiL9ahYTznd.jpg,0,0,0,0,0,0,,False,,Horror,,
1091269,,Guilt,Guilt,en,,,2007-01-01,/arH1JK817Ia9hdBD2zTPemcJ4rN.jpg,0,0,0,0,0,0,,False,,Horror,,
1091392,,Driller Killer E2,Driller Killer E2,en,,,2012-01-01,/1nSpKeyF57bWQL2fuauTMYPn1ET.jpg,0,0,0,0,0,0,,False,,Horror,,
1091406,,Black Creek Trail,Black Creek Trail,en,,,2022-01-01,/2ym63HUwqPuWDCJIOc8SSNDKhVC.jpg,0,0,0,0,0,0,,False,,Horror,,
1091407,,Blood Lust,Blood Lust,en,,,1979-01-01,/qYVqgTvzUXtu2LghwqWsQu0NbPz.jpg,0,0,0,0,0,0,,False,,Horror,,
1091412,,Check the Locks,Check the Locks,en,,,2022-01-01,/iv6y50Qx0nRyGcHprPICiiUsqC0.jpg,0,0,0,0,0,0,,False,,Horror,,
1091416,,Leave the Baby Outside,Leave the Baby Outside,en,,,2022-01-01,/aZJheSMDi1ZRrvxtzGfkrVkCBBH.jpg,0,0,0,0,0,0,,False,,Horror,,
1091421,,The Tunnel,The Tunnel,en,,,2022-01-01,/qrjoYNRZBWnGQ1ooxuTrBTDkDXg.jpg,0,0,0,0,0,0,,False,,Horror,,
1091546,,It Came Upon a Midnight Clear,It Came Upon a Midnight Clear,en,,,2021-01-01,/lnjmma85cJyadqDdl7HqVNeo2f1.jpg,0,0,0,0,0,0,,False,,Horror,,
1091970,,A Girl Alone in a House,A Girl Alone in a House,en,,,2018-01-01,/slEfSYzo8nqP9qkli0zSSVgg2pf.jpg,0,0,0,0,0,0,,False,,Horror,,
1092006,,Sangre Dulce,Sangre Dulce,en,,,2018-01-01,/xuBmLfo9kBMNmEh7mTGSgiXnjG0.jpg,0,0,0,0,0,0,,False,,Horror,,
1092237,,Deer Girl,Deer Girl,en,,,2022-01-01,/anUyHegNkNqAhmj8OxNApqvHrO9.jpg,0,0,0,0,0,0,,False,,Horror,,
1092892,,The United States of Horror: Chapter 2,The United States of Horror: Chapter 2,en,,,2022-01-01,/hlyNnH4NCHUJS8ydLepbhslP7wi.jpg,0,0,0,0,0,0,,False,,Horror,,
1093028,,James Thurber’s The Night the Ghost Got In,James Thurber’s The Night the Ghost Got In,en,,,1976-01-01,/259OcAgifRsq8QJpNV1FZVj3TtI.jpg,0,0,0,0,0,0,,False,,Horror,,
1093302,,Close to the Bone,Close to the Bone,en,,,2017-01-01,/s753znUgZPRCzVq47OHprQUvfDn.jpg,0,0,0,0,0,0,,False,,Horror,,
1093367,,ARGOS,ARGOS,en,,,2021-01-01,/dsQHO6hfDTyCNEoBX9TmTxZcg9.jpg,0,0,0,0,0,0,,False,,Horror,,
1093549,,Forever Gardens,Forever Gardens,en,,,2022-01-01,/gTzX97e5Zm2EuydBqAHsfmzft80.jpg,0,0,0,0,0,0,,False,,Horror,,
1093590,,Emfucknadas,Emfucknadas,en,,,2019-01-01,/7Fr73DYtWbu6LqEWi6QY0swqRdh.jpg,0,0,0,0,0,0,,False,,Horror,,
1093767,,God Will Fall,God Will Fall,en,,,2014-01-01,/1EtAbFZsBXhkq8rbtm27i4O8dul.jpg,0,0,0,0,0,0,,False,,Horror,,
1093769,,Erotic Green,Erotic Green,en,,,2015-01-01,/nwtJKJyKO4yYYejIDE3T1FxX49p.jpg,0,0,0,0,0,0,,False,,Horror,,
1093790,,A Perfect Slice,A Perfect Slice,en,,,2022-01-01,/yWAr1lrxNWRB2lqM1eXXVK1cYT0.jpg,0,0,0,0,0,0,,False,,Horror,,
1093850,,Leather,Leather,en,,,2022-01-01,/qB3rz9fI1NVEg9pnHvBEjfByrIt.jpg,0,0,0,0,0,0,,False,,Horror,,
1094017,,Gasoline,Gasoline,en,,,2019-01-01,/p3imZqmmODJ8w57SrZBVoqfKiAF.jpg,0,0,0,0,0,0,,False,,Horror,,
1094113,,Sally's Escape from Hell,Sally's Escape from Hell,en,,,2016-01-01,/zCGvIFyVJKSok8Zl7I8APSacFG4.jpg,0,0,0,0,0,0,,False,,Horror,,
1094265,,Zombie Games,Zombie Games,en,,,2021-01-01,/98hP1u1Hnrwut1rhHp0zItouuBf.jpg,0,0,0,0,0,0,,False,,Horror,,
1094324,,The Butchery of Leatherface,The Butchery of Leatherface,en,,,2019-01-01,/AjQZEFY2lRCIw7xBXVFTLEiWI29.jpg,0,0,0,0,0,0,,False,,Horror,,
1094329,,RAW,RAW,en,,,2022-01-01,/OcsPHU6HfsCkWdYlIJZcsGJvsS.jpg,0,0,0,0,0,0,,False,,Horror,,
1094345,,Stringer,Stringer,en,,,2021-01-01,/zr0yg1LS8IUsERk5lkCm44yZS4B.jpg,0,0,0,0,0,0,,False,,Horror,,
1094385,,The Missing Left Sock,The Missing Left Sock,en,,,2022-01-01,/wZKUImE6PEQiAokBIimBWvekhVs.jpg,0,0,0,0,0,0,,False,,Horror,,
1094670,,TRUE DARKNESS: KEEP MOVING,TRUE DARKNESS: KEEP MOVING,en,,,2021-01-01,/A0hGoLp1369o32FN4GBVWDnXe59.jpg,0,0,0,0,0,0,,False,,Horror,,
1094678,,Milgram and the Fastwalkers 2,Milgram and the Fastwalkers 2,en,,,2018-01-01,/g8PWnJuQIy5a8xy0S6AFt7tlV4c.jpg,0,0,0,0,0,0,,False,,Horror,,
1094777,,Teenage Vampire II,Teenage Vampire II,en,,,2022-01-01,/esCR4xaD7HpPb1l19EcJ8gIArvd.jpg,0,0,0,0,0,0,,False,,Horror,,
1094984,,Who Else To Blame?,Who Else To Blame?,en,,,2011-01-01,/xjT5Ur1IjbYec0XnEHki6Gi66ip.jpg,0,0,0,0,0,0,,False,,Horror,,
1095001,,Disco 3000,Disco 3000,en,,,2011-01-01,/sLTo9p4xB0J7RtW8B0dDC0hFju6.jpg,0,0,0,0,0,0,,False,,Horror,,
1095036,,Mondo Sacramento,Mondo Sacramento,en,,,2012-01-01,/sXhQEnyCCE12Nh391jObZ75az8Z.jpg,0,0,0,0,0,0,,False,,Horror,,
1095131,,TRUE DARKNESS: DETECTIVES,TRUE DARKNESS: DETECTIVES,en,,,2022-01-01,/gwil8pX7DV2ttfspqfdfjfPVSO.jpg,0,0,0,0,0,0,,False,,Horror,,
1095135,,The October Martyr,The October Martyr,en,,,2022-01-01,/51b7689blQatTPNv3AKiml2XYyw.jpg,0,0,0,0,0,0,,False,,Horror,,
1095541,,Electric Blue 36,Electric Blue 36,en,,,1986-01-01,/4h5HBDacGuPvvzxthbQ7my5cKVI.jpg,0,0,0,0,0,0,,False,,Horror,,
1095649,,Hooker Assassin,Hooker Assassin,en,,,2017-01-01,/zMvdmi14TiHDiMBb52k1E85Ijc.jpg,0,0,0,0,0,0,,False,,Horror,,
1095658,,Gun Shy,Gun Shy,en,,,2015-01-01,/8pY5vXLjuT5Ho5D2hfWjuiQV8hj.jpg,0,0,0,0,0,0,,False,,Horror,,
1095775,,Amber Road,Amber Road,en,,,2022-01-01,/wmRjYh6sdM9oaVqrOpbHwGj2cfu.jpg,0,0,0,0,0,0,,False,,Horror,,
1095844,,Stalemate,Stalemate,en,,,2022-01-01,/kBCQEDnaAvXELzvaRKeUTmpnEWw.jpg,0,0,0,0,0,0,,False,,Horror,,
1095862,,What Wilderness Permits,What Wilderness Permits,en,,,2022-01-01,/gG8eedNGe3n3AurGBU8PwhKLvaS.jpg,0,0,0,0,0,0,,False,,Horror,,
1096022,,The Burned Over District,The Burned Over District,en,,,2022-01-01,/YIPbVgn8yWue1j9SWa07TTiiTf.jpg,0,0,0,0,0,0,,False,,Horror,,
1096082,,Watched,Watched,en,,,2019-01-01,/kKu6Z6Od0pSp0OBfy9utoFRNlzT.jpg,0,0,0,0,0,0,,False,,Horror,,
1096087,,Dracula: A Mystery's Afoot,Dracula: A Mystery's Afoot,en,,,2022-01-01,/aA6nZAKULbQfkka4hqPOjdGcjZS.jpg,0,0,0,0,0,0,,False,,Horror,,
1096130,,Night of the Witch,Night of the Witch,en,,,2017-01-01,/pmoSksPpIAILgzejkeVHMRZDsAs.jpg,0,0,0,0,0,0,,False,,Horror,,
1096304,,Lost In The Woods,Lost In The Woods,en,,,2022-01-01,/ctN2GyfoPm9PTvjFl60Jib7L0If.jpg,0,0,0,0,0,0,,False,,Horror,,
1096486,,The Stone House,The Stone House,en,,,2006-01-01,/efc0sfotSF0CZCBjFwaFG7Ch8ou.jpg,0,0,0,0,0,0,,False,,Horror,,
1096497,,Didn't You Used to Be Satan?,Didn't You Used to Be Satan?,en,,,1996-01-01,/zs0TMLbxS9IoQ11jBLBTUe0jRpw.jpg,0,0,0,0,0,0,,False,,Horror,,
1096630,,Love Blade,Love Blade,en,,,2009-01-01,/twkZyrQg7EzkuqgIMtudGH3i96J.jpg,0,0,0,0,0,0,,False,,Horror,,
1096762,,Erzsabet and the Mystery of Iniquity,Erzsabet and the Mystery of Iniquity,en,,,2021-01-01,/s6s41buHCCuZPBZAANIdkg0Bvns.jpg,0,0,0,0,0,0,,False,,Horror,,
1096864,,The Statement,The Statement,en,,,2022-01-01,/m6kFc37Lm1El3TRhaIjckG3x8bt.jpg,0,0,0,0,0,0,,False,,Horror,,
1096881,,Rêver,Rêver,en,,,2022-01-01,/2tGGwHTHnoojrlEc3JpDY4n9aUf.jpg,0,0,0,0,0,0,,False,,Horror,,
1096890,,"What Happens in the Mountains, Should Stay in the Mountains Part ll","What Happens in the Mountains, Should Stay in the Mountains Part ll",en,,,2021-01-01,/hW0MdIjSdvyde8BkZh6YSe0NjpX.jpg,0,0,0,0,0,0,,False,,Horror,,
1097092,,The Hunchback of Bel Air,The Hunchback of Bel Air,en,,,2021-01-01,/cQ2o3IDVy9VNGbJryhuvmOVim8L.jpg,0,0,0,0,0,0,,False,,Horror,,
1097191,,Meathook Massacre: Next Generation,Meathook Massacre: Next Generation,en,,,2022-01-01,/cFUpDZj8CQ1qzt8xAhlCVwdtdn1.jpg,0,0,0,0,0,0,,False,,Horror,,
1097199,,Skia: The Dusk of Soul,Skia: The Dusk of Soul,en,,,2022-01-01,/gIPqJWEUjiOFbm9hKkzDR2Iwm0G.jpg,0,0,0,0,0,0,,False,,Horror,,
1097251,,The Last Road to Hell,The Last Road to Hell,en,,,2007-01-01,/5UmtUvoxC6Ijjpjv01n3QXcDL5m.jpg,0,0,0,0,0,0,,False,,Horror,,
1097420,,Norman Pinski Come Home,Norman Pinski Come Home,en,,,2017-01-01,/foWu6kBhf7Y7BAeZI9hb7Hs5Tsl.jpg,0,0,0,0,0,0,,False,,Horror,,
1097473,,Night of the Living Denim,Night of the Living Denim,en,,,2022-01-01,/xHtKl400J2pbGN4LB9IbknVzDD1.jpg,0,0,0,0,0,0,,False,,Horror,,
1097745,,Project Heat: Halloween 2,Project Heat: Halloween 2,en,,,2022-01-01,/6MS67obdfaXIS7dSZvwdIuoNFzY.jpg,0,0,0,0,0,0,,False,,Horror,,
1097789,,Red Water 12,Red Water 12,en,,,2022-01-01,/6IrmYHZ7MhzvP2kfHGnKkaUjRNX.jpg,0,0,0,0,0,0,,False,,Horror,,
1097964,,Black Magic,Black Magic,en,,,2017-01-01,/3HyfkKrUtJ5EcBz9BcH4tOMFecu.jpg,0,0,0,0,0,0,,False,,Horror,,
1097971,,Hell Toupee,Hell Toupee,en,,,2022-01-01,/mxNIhcsUjSlJH0dQV8T0jzXi0Nm.jpg,0,0,0,0,0,0,,False,,Horror,,
1097983,,Cheap Thrills: Those Drive-in Horror Flicks,Cheap Thrills: Those Drive-in Horror Flicks,en,,,2022-01-01,/oTRw3oc3MZX66hUzKr5P6cUnoR9.jpg,0,0,0,0,0,0,,False,,Horror,,
1098008,,Horrifying Tales From the Dead,Horrifying Tales From the Dead,en,,,2020-01-01,/yBKPjatdpBfN04ay0EwwjUpHoOL.jpg,0,0,0,0,0,0,,False,,Horror,,
1098018,,Watch Your Step,Watch Your Step,en,,,2022-01-01,/kyik0jZoXoXOcLdF3cYbCGoh7hG.jpg,0,0,0,0,0,0,,False,,Horror,,
1098024,,Call Me 2 The Purge,Call Me 2 The Purge,en,,,2021-01-01,/f5CvDDXUX7gTayJx4leO4MP1m8h.jpg,0,0,0,0,0,0,,False,,Horror,,
1098055,,Idle Girl,Idle Girl,en,,,2020-01-01,/6tqe62e9QXFdMmlITPVBmPR7Jap.jpg,0,0,0,0,0,0,,False,,Horror,,
1098072,,Spooky+,Spooky+,en,,,2022-01-01,/yR20ig53yYc8mn3Uf7b1D7fDRUX.jpg,0,0,0,0,0,0,,False,,Horror,,
1098116,,Dembela,Dembela,en,,,2022-01-01,/6UQ9oLf5PmpJX8dLgrkOMyMp0ED.jpg,0,0,0,0,0,0,,False,,Horror,,
1098117,,American Terror Tales,American Terror Tales,en,,,2020-01-01,/7ahIUokN6Y1H01RMSPr9ZRJUHxA.jpg,0,0,0,0,0,0,,False,,Horror,,
1098118,,"Boobs, Blood, and Mayhem","Boobs, Blood, and Mayhem",en,,,2021-01-01,/58HkrSZ36PQa3XObmRpOz0s2aDq.jpg,0,0,0,0,0,0,,False,,Horror,,
1098163,,Tales From All Hallows Eve,Tales From All Hallows Eve,en,,,2007-01-01,/2wy6syNKHE0UPI2UhFu9BXwh4B0.jpg,0,0,0,0,0,0,,False,,Horror,,
1098179,,Devils,Devils,en,,,2021-01-01,/TorAWfgF1ocshjviui1BiHv9IC.jpg,0,0,0,0,0,0,,False,,Horror,,
1098491,,Paper Clocks,Paper Clocks,en,,,2019-01-01,/vu2gWidbbGPJbApk81AHfiRlszR.jpg,0,0,0,0,0,0,,False,,Horror,,
1098881,,Snowy Night,Snowy Night,en,,,2021-01-01,/nOHQpEpVebDlBDYi9s4b1lhSIuu.jpg,0,0,0,0,0,0,,False,,Horror,,
1098898,,Mark of Death,Mark of Death,en,,,2017-01-01,/taL2kORNZPnIG10fdcAzqHzyiFp.jpg,0,0,0,0,0,0,,False,,Horror,,
1098988,,Scrotum: The Second One,Scrotum: The Second One,en,,,2021-01-01,/5c3KsX405ticIsCH8AIJO0adpbi.jpg,0,0,0,0,0,0,,False,,Horror,,
1099080,,Indestructible,Indestructible,en,,,2009-01-01,/eJ6IaLfZrjiua40OxJ9WGJFOp0h.jpg,0,0,0,0,0,0,,False,,Horror,,
1099085,,Evil on Queen Street: Domination,Evil on Queen Street: Domination,en,,,2009-01-01,/lMd4asCkN4qXOiRg3JvpPxcCBtR.jpg,0,0,0,0,0,0,,False,,Horror,,
1099086,,Rewind 1984,Rewind 1984,en,,,2022-01-01,/zEkO2Cz5OPQlUHOXr00jlmbjzzE.jpg,0,0,0,0,0,0,,False,,Horror,,
1099088,,Rewind 2: 1996,Rewind 2: 1996,en,,,2022-01-01,/6OaIG3MlMjdDuOrnHQ1bsiUGNFa.jpg,0,0,0,0,0,0,,False,,Horror,,
1099228,,Black Dog,Black Dog,en,,,2022-01-01,/czxvnRIFRw6XskVUOGm1qtYNaUo.jpg,0,0,0,0,0,0,,False,,Horror,,
1099655,,Dead Language,Dead Language,en,,,2022-01-01,/aTt3bR9IOOSDpIUwhxlZRc8MOEw.jpg,0,0,0,0,0,0,,False,,Horror,,
1099664,,Petunia,Petunia,en,,,2022-01-01,/xt9LMKrGsI2UdPXV7yULu9hInDT.jpg,0,0,0,0,0,0,,False,,Horror,,
1099667,,Pray,Pray,en,,,2022-01-01,/5ZBcLeCFuFEkiJDAS3dHoZdUzW8.jpg,0,0,0,0,0,0,,False,,Horror,,
1099671,,Rest Stop,Rest Stop,en,,,2022-01-01,/bTQr31fPpxavynzjyTEQr4VokYt.jpg,0,0,0,0,0,0,,False,,Horror,,
1099679,,Incubus,Incubus,en,,,2022-01-01,/1zImiByGguvCn0MLyiIn4vJ4qzv.jpg,0,0,0,0,0,0,,False,,Horror,,
1099688,,Blur,Blur,en,,,2022-01-01,/rabH2UZQ0H4cZ6EMmdqdoQbKWWV.jpg,0,0,0,0,0,0,,False,,Horror,,
1099702,,The Watcher,The Watcher,en,,,2022-01-01,/yLY2Tk8s4SWU1mIsPWUuotsZjUg.jpg,0,0,0,0,0,0,,False,,Horror,,
1099767,,Head-Hunter,Head-Hunter,en,,,2015-01-01,/AvBYRFnEPJVI5JQNlCv5zTGVoNY.jpg,0,0,0,0,0,0,,False,,Horror,,
1100000,,Poppycock,Poppycock,en,,,2019-01-01,/5llO6E0lwAw6HxbB8raSmWmZtyA.jpg,0,0,0,0,0,0,,False,,Horror,,
1100046,,Oops! You're A Vampire,Oops! You're A Vampire,en,,,2022-01-01,/44RXA2Ou1psNRhCLMsSUdU8RsO.jpg,0,0,0,0,0,0,,False,,Horror,,
1100114,,Chump Change,Chump Change,en,,,2010-01-01,/chXkoZcdqAbA7nIv7vn1sdMXXlQ.jpg,0,0,0,0,0,0,,False,,Horror,,
1100125,,Lady M,Lady M,en,,,2011-01-01,/34ERBcpo7bd3w2PfwBEGarD5TQp.jpg,0,0,0,0,0,0,,False,,Horror,,
1100146,,Ice Cream Ants,Ice Cream Ants,en,,,2006-01-01,/qvHFYxvUWZKndYFD49R8r0sxlxz.jpg,0,0,0,0,0,0,,False,,Horror,,
1100221,,The Beast,The Beast,en,,,2002-01-01,/xGnbn6iUKR6Fe6RBaH4vE7pVbbV.jpg,0,0,0,0,0,0,,False,,Horror,,
1100232,,Deadwind: The Sharting Dead,Deadwind: The Sharting Dead,en,,,2015-01-01,/lDbhehbM0dydnQiHbbxegVv4yFb.jpg,0,0,0,0,0,0,,False,,Horror,,
1100244,,Bedridden,Bedridden,en,,,2021-01-01,/qHZShbSk2wiwZU4QmoryfO66yRO.jpg,0,0,0,0,0,0,,False,,Horror,,
1100342,,Danse Macabre,Danse Macabre,en,,,2019-01-01,/xrmqKZ2WYT8oOdrFYVXqbr04hXf.jpg,0,0,0,0,0,0,,False,,Horror,,
1100660,,Catch Your Breath,Catch Your Breath,en,,,2022-01-01,/4lc4qYSaMOzngThnn3mF1sif2GN.jpg,0,0,0,0,0,0,,False,,Horror,,
1100841,,Sailor Fight!,Sailor Fight!,en,,,1993-01-01,/f8nRdJMpfZuxGGgbSiSXQcHILUn.jpg,0,0,0,0,0,0,,False,,Horror,,
1100849,,Sailor Fight!,Sailor Fight!,en,,,2014-01-01,/o1qPz6el9pAf3vmhKNMdJX5eY6O.jpg,0,0,0,0,0,0,,False,,Horror,,
1101017,,Smile for us,Smile for us,en,,,2017-01-01,/puwRWabOLN3wyEEV5lj1VkX5guV.jpg,0,0,0,0,0,0,,False,,Horror,,
1101361,,Red Riding Hood Meets Frankenstein,Red Riding Hood Meets Frankenstein,en,,,2004-01-01,/8sS5ZqsI8gLnlLUAaIUA1VM8Xhf.jpg,0,0,0,0,0,0,,False,,Horror,,
1101500,,Maidens In Distress,Maidens In Distress,en,,,1976-01-01,/nMIh1lRiY7D3o9wA7zsOsCNv4bm.jpg,0,0,0,0,0,0,,False,,Horror,,
1101540,,The Sierra Nevada Murders,The Sierra Nevada Murders,en,,,2022-01-01,/wbKEv43RwmjLmpOEcZi7fg6giOZ.jpg,0,0,0,0,0,0,,False,,Horror,,
1102227,,MAY 9 2022,MAY 9 2022,en,,,2022-01-01,/dNHqevj8nmG0oSCQtjzbXbq8rxJ.jpg,0,0,0,0,0,0,,False,,Horror,,
1102463,,Hangnail,Hangnail,en,,,2020-01-01,/4axfEoy5vu3Qr8qEc6sB6rdCuq2.jpg,0,0,0,0,0,0,,False,,Horror,,
1102526,,Demonoids,Demonoids,en,,,2007-01-01,/eHNuKgYkiiDa5zBJQTN6k5mdBNJ.jpg,0,0,0,0,0,0,,False,,Horror,,
1102711,,KAROLING,KAROLING,en,,,2021-01-01,/ydUo7DEaOTvaVVImlfwCavZW1IL.jpg,0,0,0,0,0,0,,False,,Horror,,
1102821,,The Yattering And Jack,The Yattering And Jack,en,,,1987-01-01,/e1mRbL5uhAwuPQWiOlwlx6Ma1IO.jpg,0,0,0,0,0,0,,False,,Horror,,
1102856,,Phobia,Phobia,en,,,2016-01-01,/zJNjifeZPORikyKepyKmflgbbfJ.jpg,0,0,0,0,0,0,,False,,Horror,,
1103018,,Chunk Blower,Chunk Blower,en,,,1990-01-01,/jCDmhgyx9hl7alWftoYXU124BY8.jpg,0,0,0,0,0,0,,False,,Horror,,
1103117,,Camp Murder,Camp Murder,en,,,2022-01-01,/zKCr4d2IZkUqrFB2L54StRwXnbc.jpg,0,0,0,0,0,0,,False,,Horror,,
1103160,,Three Days in the Woods 2: Killin' Time,Three Days in the Woods 2: Killin' Time,en,,,2022-01-01,/pnUxQrTUWTDvABGLFQji6zsj3y3.jpg,0,0,0,0,0,0,,False,,Horror,,
1103193,,Aunt Linda,Aunt Linda,en,,,2022-01-01,/a8ime2klOQ0w2oKNwU8fUfNZIk5.jpg,0,0,0,0,0,0,,False,,Horror,,
1103194,,Catalog,Catalog,en,,,2022-01-01,/5HnixFCZCsOOBXAKuwKtruktGII.jpg,0,0,0,0,0,0,,False,,Horror,,
1103383,,Fever Dream,Fever Dream,en,,,2008-01-01,/qU7WrW81YHO0RDJ19DgZWHlkM2R.jpg,0,0,0,0,0,0,,False,,Horror,,
1103441,,Vórtice,Vórtice,en,,,2022-01-01,/qEvWybhPveQ8AsSlIDhXsspHiOT.jpg,0,0,0,0,0,0,,False,,Horror,,
1103463,,Phases of Death - Phase One: Through the Coroner's Eyes,Phases of Death - Phase One: Through the Coroner's Eyes,en,,,1996-01-01,/b773LgORAoZrWJ7jl39M9h6pzXE.jpg,0,0,0,0,0,0,,False,,Horror,,
1103757,,Touch,Touch,en,,,2021-01-01,/qisF245kt5KMPYIFKrHWXwV0JI1.jpg,0,0,0,0,0,0,,False,,Horror,,
1103828,,The House of Evil,The House of Evil,en,,,2017-01-01,/A7C2qB0EDrdRy3LJmvYBLQUs1YD.jpg,0,0,0,0,0,0,,False,,Horror,,
1104048,,Toomie: The Hungry Tumor,Toomie: The Hungry Tumor,en,,,2022-01-01,/toQD9DGFc3DHX8xJ4Kmdh82tYLC.jpg,0,0,0,0,0,0,,False,,Horror,,
1104052,,Slice!,Slice!,en,,,2022-01-01,/3H8AM5qYo0zDv6dQAfqKfDIq4VG.jpg,0,0,0,0,0,0,,False,,Horror,,
1104285,,Tunnel,Tunnel,en,,,2021-01-01,/fE3x50jPPqFmkhOgw0fsOnrttDm.jpg,0,0,0,0,0,0,,False,,Horror,,
1104428,,The Little Helpers,The Little Helpers,en,,,2022-01-01,/z0Il9jd8ntmjktG5tvNlu7FVL0B.jpg,0,0,0,0,0,0,,False,,Horror,,
1105060,,The Killer Balloon,The Killer Balloon,en,,,2022-01-01,/5ChcXLSnaHrfoddHX7YEotjgGsc.jpg,0,0,0,0,0,0,,False,,Horror,,
1105377,,Shudder,Shudder,en,,,2022-01-01,/7YX2NP7gK9uOPVyiVD8HVlj6uuX.jpg,0,0,0,0,0,0,,False,,Horror,,
1105649,,STALKER (short 2021),STALKER (short 2021),en,,,2021-01-01,/jUBusvDw08k95ShPRXkuz9ECnVT.jpg,0,0,0,0,0,0,,False,,Horror,,
1105703,,Pulling Teeth,Pulling Teeth,en,,,2022-01-01,/8sx5tEp3ZnAnHfq944f7lEfkg13.jpg,0,0,0,0,0,0,,False,,Horror,,
1105894,,And Then There Were Two,And Then There Were Two,en,,,2016-01-01,/j1925rncNrwHkiu51uFPk0PzmYw.jpg,0,0,0,0,0,0,,False,,Horror,,
1105920,,Kalley's Last Review,Kalley's Last Review,en,,,2020-01-01,/4T5kulXMSYpr9GPP459WUZ2QoBQ.jpg,0,0,0,0,0,0,,False,,Horror,,
1105971,,Mommy’s Dinner,Mommy’s Dinner,en,,,2021-01-01,/jaJhSlKVDih5cZUlU4EdE8CRgjr.jpg,0,0,0,0,0,0,,False,,Horror,,
1105976,,REDRUM,REDRUM,en,,,2020-01-01,/1maMw5lyQnn3WB4oPNC2Gccq6aE.jpg,0,0,0,0,0,0,,False,,Horror,,
1105980,,Dungo's Palace,Dungo's Palace,en,,,2022-01-01,/9VA2PfTzkKEcScgG9BEzLLEyt84.jpg,0,0,0,0,0,0,,False,,Horror,,
1106012,,The Promise Keeper,The Promise Keeper,en,,,2006-01-01,/pKnHzeP9V7n5kpP5BtksQIwWMKF.jpg,0,0,0,0,0,0,,False,,Horror,,
1106213,,Wolf Mountain,Wolf Mountain,en,,,2022-01-01,/gRBsjarhPCNv0budtWKEKT5eNjw.jpg,0,0,0,0,0,0,,False,,Horror,,
1106372,,Wakener,Wakener,en,,,2022-01-01,/aObD2EENiFoIohrOsjodWlpFT9N.jpg,0,0,0,0,0,0,,False,,Horror,,
1106982,,15/05/11 - ABANDONED GRAIN ELEVATOR,15/05/11 - ABANDONED GRAIN ELEVATOR,en,,,2011-01-01,/4iskGjM4JG8ljSEgdGbUT8C69So.jpg,0,0,0,0,0,0,,False,,Horror,,
1107359,,Chained,Chained,en,,,2022-01-01,/uPSDr3k2A43Ir0J2KuYNpRJyg0W.jpg,0,0,0,0,0,0,,False,,Horror,,
1107501,,Meconium,Meconium,en,,,2021-01-01,/2BMHQPJJOREehghQYE0Vatvodt6.jpg,0,0,0,0,0,0,,False,,Horror,,
1107637,,50 Shades of Scarlett,50 Shades of Scarlett,en,,,2015-01-01,/YpbyOgQOCAPGOvz2jva2r3kyS0.jpg,0,0,0,0,0,0,,False,,Horror,,
1107787,,Chatterbox,Chatterbox,en,,,2022-01-01,/2I5S2OsETs9shqNrNg9eeacjDjT.jpg,0,0,0,0,0,0,,False,,Horror,,
1108428,,IDLE WILD,IDLE WILD,en,,,2021-01-01,/3KDlKvsqWhuZyqfz85xwNGcTBZC.jpg,0,0,0,0,0,0,,False,,Horror,,
1108429,,Innocence,Innocence,en,,,2003-01-01,/sGp8RsZKX9SGP0JjGCVujKUjI1k.jpg,0,0,0,0,0,0,,False,,Horror,,
1108447,,Seed,Seed,en,,,2004-01-01,/vNs2c54pja8PBWssKWjBCnSoIK9.jpg,0,0,0,0,0,0,,False,,Horror,,
1108501,,Caller on Line One,Caller on Line One,en,,,2022-01-01,/hjwxZqxMUmXGebi4NISzQtHtBja.jpg,0,0,0,0,0,0,,False,,Horror,,
1108621,,Wrath of the Minitaur,Wrath of the Minitaur,en,,,2019-01-01,/lgURhDxiIChb8iJ3W7DE5vmrH63.jpg,0,0,0,0,0,0,,False,,Horror,,
1108753,,The End of the Squirrel,The End of the Squirrel,en,,,2022-01-01,/k1PTeAQeYmC9b4tpo59A6yZFaKY.jpg,0,0,0,0,0,0,,False,,Horror,,
1108898,,Hold My Scissors,Hold My Scissors,en,,,2004-01-01,/cw2gYLhjEFl0yWrueef5cFcCItD.jpg,0,0,0,0,0,0,,False,,Horror,,
1108993,,I'm Not Cut Out For This!,I'm Not Cut Out For This!,en,,,2022-01-01,/uEEQvwUz1s8WTyLit3BNgLUi0jP.jpg,0,0,0,0,0,0,,False,,Horror,,
1109467,,Hell Below Us,Hell Below Us,en,,,2020-01-01,/36GyTiQzMiH9FoNN1WvtrQ1jKou.jpg,0,0,0,0,0,0,,False,,Horror,,
1109493,,Wanderlost,Wanderlost,en,,,2010-01-01,/1Lv8a7bo1KQNtSR6hWgyukpHKBF.jpg,0,0,0,0,0,0,,False,,Horror,,
1109739,,Synchronicity,Synchronicity,en,,,2008-01-01,/kPkCPZx7sZAy2yMZB3lnUaMiyI1.jpg,0,0,0,0,0,0,,False,,Horror,,
1109896,,The Overkill,The Overkill,en,,,2022-01-01,/wZxD2NrIvYUHatKwqxiNCq4qwaT.jpg,0,0,0,0,0,0,,False,,Horror,,
1109927,,After School Lunch Special 2: Sloppy Seconds,After School Lunch Special 2: Sloppy Seconds,en,,,2022-01-01,/5NLOxtRAZi8RFgE2FaJ2KCfR8C1.jpg,0,0,0,0,0,0,,False,,Horror,,
1109928,,Necrophiliac and the Killer Gimps,Necrophiliac and the Killer Gimps,en,,,2018-01-01,/iQTFCr0q6CjSJMnciIrjUVg6WpA.jpg,0,0,0,0,0,0,,False,,Horror,,
1110052,,Lost Souls,Lost Souls,en,,,2022-01-01,/eNo6jeK6qkXdiBQRTGmROyxJvrm.jpg,0,0,0,0,0,0,,False,,Horror,,
1110099,,"""Gumdrop"", a short horror","""Gumdrop"", a short horror",en,,,2020-01-01,/lzdK6sqDqBnj4xNSmJG7tF520i9.jpg,0,0,0,0,0,0,,False,,Horror,,
1110171,,Necromance: A Love Story,Necromance: A Love Story,en,,,2015-01-01,/mIbMHt8AwhuvXC18FONGdQm3oug.jpg,0,0,0,0,0,0,,False,,Horror,,
1110301,,The Hand That Feeds You,The Hand That Feeds You,en,,,2021-01-01,/v67CY1OrvNY8Qnqf6eOou8SAGG0.jpg,0,0,0,0,0,0,,False,,Horror,,
1110546,,Gabrielle,Gabrielle,en,,,2013-01-01,/ngA2Wd5d5ir6thaZtRNNoIw0qI3.jpg,0,0,0,0,0,0,,False,,Horror,,
1110587,,The Creeping Darkness,The Creeping Darkness,en,,,2020-01-01,/lF4sVkY05yl7nGexX5oojfcVSaN.jpg,0,0,0,0,0,0,,False,,Horror,,
1110592,,Freelance,Freelance,en,,,2022-01-01,/fuwjcD2fj1hg1zPBOfaktPqWShi.jpg,0,0,0,0,0,0,,False,,Horror,,
1110597,,Soul Casket,Soul Casket,en,,,2022-01-01,/s5eh3KW2X0q6nYilB66LY5IpdpL.jpg,0,0,0,0,0,0,,False,,Horror,,
1110626,,The Runner,The Runner,en,,,2019-01-01,/3iNoyo2CvPgn3sBU7fpZ32Dlojl.jpg,0,0,0,0,0,0,,False,,Horror,,
1110631,,Pocket Watch,Pocket Watch,en,,,2020-01-01,/9Q7zkaXMrvPD9cSgWP4Ey6mBFGL.jpg,0,0,0,0,0,0,,False,,Horror,,
1110645,,Elves on the Shelves,Elves on the Shelves,en,,,2022-01-01,/z6BDZQAKUIKadsZaGMwzbLAIiua.jpg,0,0,0,0,0,0,,False,,Horror,,
1110649,,Elf on the Shelf,Elf on the Shelf,en,,,2021-01-01,/dxvIR2faEi39oGOlUJEGRJRC4dj.jpg,0,0,0,0,0,0,,False,,Horror,,
1111446,,Unearthly Harvest,Unearthly Harvest,en,,,2004-01-01,/jgTIFvxGfVDGYhezmfX36CSeWXd.jpg,0,0,0,0,0,0,,False,,Horror,,
1111582,,Foodsploitation,Foodsploitation,en,,,2011-01-01,/rXfArGjOV60fhM6zNFU4PHTWEmQ.jpg,0,0,0,0,0,0,,False,,Horror,,
1111687,,The Zombie Vlogs,The Zombie Vlogs,en,,,2013-01-01,/9slsM1dxJyeRuvjo2a8CdARY6x.jpg,0,0,0,0,0,0,,False,,Horror,,
1111954,,Vampyr Summer,Vampyr Summer,en,,,2022-01-01,/wTFpVebkUZs3vPz3wovlSu19wQz.jpg,0,0,0,0,0,0,,False,,Horror,,
1112184,,Worry Dolls,Worry Dolls,en,,,2020-01-01,/hsE3IdvjsEPIk7HMaY4OidEPp7y.jpg,0,0,0,0,0,0,,False,,Horror,,
1112200,,LAST MAN,LAST MAN,en,,,2022-01-01,/cPvtQdamZq8pEaPGOIR6PmXflLm.jpg,0,0,0,0,0,0,,False,,Horror,,
1112204,,Saturnalia,Saturnalia,en,,,2022-01-01,/2KZ9WeR6WVeJiDZnxdXNNvJSrxL.jpg,0,0,0,0,0,0,,False,,Horror,,
1112378,,The Chebo,The Chebo,en,,,2018-01-01,/naJz7DCMWd9nl6kwKhmTLTzJRvA.jpg,0,0,0,0,0,0,,False,,Horror,,
1112384,,Harclaw,Harclaw,en,,,2020-01-01,/68eYTZw4ElVtSSCddfhre4lWeBV.jpg,0,0,0,0,0,0,,False,,Horror,,
1112558,,Dream Therapy,Dream Therapy,en,,,2022-01-01,/wyNTpzmKuvzNXjkH5vNwicdYJqT.jpg,0,0,0,0,0,0,,False,,Horror,,
1112585,,Work of Art.,Work of Art.,en,,,2019-01-01,/3FOnkYyHdf4NakcD1Jdkfk2AtbI.jpg,0,0,0,0,0,0,,False,,Horror,,
1112645,,Taste,Taste,en,,,2019-01-01,/yRldacEV19x5wB4tVggmHInJpH4.jpg,0,0,0,0,0,0,,False,,Horror,,
1112718,,Dream Screechers,Dream Screechers,en,,,2019-01-01,/6GQDgErsTAJ5o107TOnDqK9kait.jpg,0,0,0,0,0,0,,False,,Horror,,
1112769,,The Crossing,The Crossing,en,,,2020-01-01,/ltEoojpFMAYcFCGwdTajKEBLDRc.jpg,0,0,0,0,0,0,,False,,Horror,,
1112916,,Vivere,Vivere,en,,,2022-01-01,/icbKseAC87TaFggREcj1uLfoEmG.jpg,0,0,0,0,0,0,,False,,Horror,,
1112941,,Honeymoon at Cold Hollow,Honeymoon at Cold Hollow,en,,,2022-01-01,/pXy2mZvfiy8L77JriAVndFPq0Xf.jpg,0,0,0,0,0,0,,False,,Horror,,
1112967,,Bad Penny,Bad Penny,en,,,2022-01-01,/jSScHLk5PjSpjjAQcPdo5Fs2NPp.jpg,0,0,0,0,0,0,,False,,Horror,,
1113050,,No Signature Required,No Signature Required,en,,,2022-01-01,/1whCoy27IEYnAnSf5btS0Ao8WfP.jpg,0,0,0,0,0,0,,False,,Horror,,
1113062,,Merger,Merger,en,,,2022-01-01,/75weA4qOY9gEZKBKBAs5cHA7Rvk.jpg,0,0,0,0,0,0,,False,,Horror,,
1113068,,How to Make A Ghost,How to Make A Ghost,en,,,2022-01-01,/liEtEPxM2nYxaoUkJFejZtgtkXT.jpg,0,0,0,0,0,0,,False,,Horror,,
1113069,,CIMIM,CIMIM,en,,,2022-01-01,/5WeHFzzFjF6dGRxWq7v7ZlucAbZ.jpg,0,0,0,0,0,0,,False,,Horror,,
1113072,,My Home Is Burning,My Home Is Burning,en,,,2017-01-01,/9anccY7heQ4YXIVbygNdh7rHLq2.jpg,0,0,0,0,0,0,,False,,Horror,,
1113252,,The Dark,The Dark,en,,,2020-01-01,/zHno3K4H65Ausmmue01OHaLdSyF.jpg,0,0,0,0,0,0,,False,,Horror,,
1113253,,Bukwas,Bukwas,en,,,2020-01-01,/Ao7m3fNE4ClDAeLlmkAceD7sXPK.jpg,0,0,0,0,0,0,,False,,Horror,,
1113305,,Slay Ride,Slay Ride,en,,,2022-01-01,/mSmpzcirpOiVx13Eqjaj1vaEUPu.jpg,0,0,0,0,0,0,,False,,Horror,,
1113412,,Guinea Pig: Slaughter Special,Guinea Pig: Slaughter Special,en,,,1988-01-01,/aotsVoVRUKe0gzWrcaSHDzJ4GJ2.jpg,0,0,0,0,0,0,,False,,Horror,,
1113513,,High Stakes,High Stakes,en,,,2022-01-01,/fshInBC1D1GCooLm1AwNLJ3lAhu.jpg,0,0,0,0,0,0,,False,,Horror,,
1113515,,Wolf Whistle,Wolf Whistle,en,,,2022-01-01,/jQV2TqBq82e5Ackw1zkVqhVZR9e.jpg,0,0,0,0,0,0,,False,,Horror,,
1113518,,The Wanderer,The Wanderer,en,,,2022-01-01,/gM2ncdrzua6fS3Iwoywqy4qLqsl.jpg,0,0,0,0,0,0,,False,,Horror,,
1113573,,Judy’s Turn to Cry,Judy’s Turn to Cry,en,,,2022-01-01,/eGa8ccIQvvAATmak2tT9HJZjBcs.jpg,0,0,0,0,0,0,,False,,Horror,,
1113771,,Found Footage of Fear: Digital Terror,Found Footage of Fear: Digital Terror,en,,,2022-01-01,/fe69BxlMMbtW1X7MVqPfb2vGi4I.jpg,0,0,0,0,0,0,,False,,Horror,,
1113786,,Attack of the Ambition!!! (Or the making of the Masked Stabber),Attack of the Ambition!!! (Or the making of the Masked Stabber),en,,,2022-01-01,/zgwR6nyzMEgPAkv3L9fYrW7b6CS.jpg,0,0,0,0,0,0,,False,,Horror,,
1113891,,Flappy,Flappy,en,,,2022-01-01,/31WD5cKlQBxBBK2eNeXqs6fJ5Wi.jpg,0,0,0,0,0,0,,False,,Horror,,
1114040,,Feng Shui,Feng Shui,en,,,2022-01-01,/39gygsPULTWaloH5Vicl16zUwYs.jpg,0,0,0,0,0,0,,False,,Horror,,
1114096,,The Invited,The Invited,en,,,2017-01-01,/yPnHZXGebKJtILIzjM7pbQ4npIk.jpg,0,0,0,0,0,0,,False,,Horror,,
1114142,,Queens Gold,Queens Gold,en,,,2022-01-01,/ff5U98wvMq5qTTvbeAfrFZ9v7LU.jpg,0,0,0,0,0,0,,False,,Horror,,
1114274,,Woodland,Woodland,en,,,2022-01-01,/18TGPvofUX2PWwT43PA5ROUdfPL.jpg,0,0,0,0,0,0,,False,,Horror,,
1114305,,Once Upon a Time in a Haunted House,Once Upon a Time in a Haunted House,en,,,2019-01-01,/4RESvdqzErxCLVQfy4P3qCHm75k.jpg,0,0,0,0,0,0,,False,,Horror,,
1114311,,Skankobite,Skankobite,en,,,2005-01-01,/hUJOKFCUOU4woeM2wcftp8pktV8.jpg,0,0,0,0,0,0,,False,,Horror,,
1114378,,Pastiche of the Dead,Pastiche of the Dead,en,,,2008-01-01,/rZ7jXYTPYU1Kcl1zuAqIhq4SRne.jpg,0,0,0,0,0,0,,False,,Horror,,
1114451,,The Mages of Rage and the Desecration of the House of Mimicry,The Mages of Rage and the Desecration of the House of Mimicry,en,,,2022-01-01,/zApzJI6ndQLbiBniz17mrEGXoGq.jpg,0,0,0,0,0,0,,False,,Horror,,
1114731,,Nice Guys Finish Last,Nice Guys Finish Last,en,,,2011-01-01,/kJjLB77ypYbecRUFwTjLhd950WB.jpg,0,0,0,0,0,0,,False,,Horror,,
1115004,,Roses,Roses,en,,,2020-01-01,/9OUbiNpLmjyB0gKSRgGEgFFdAZz.jpg,0,0,0,0,0,0,,False,,Horror,,
1115037,,453%%#$**---,453%%#$**---,en,,,2021-01-01,/5xIvX1cN37wC8zy5vPaCYIGVohB.jpg,0,0,0,0,0,0,,False,,Horror,,
1115159,,Fragments,Fragments,en,,,2022-01-01,/t917o6tnQEGK3OKVpFPHSfwAMlD.jpg,0,0,0,0,0,0,,False,,Horror,,
1115208,,Attack of the Scarecrow from Mars,Attack of the Scarecrow from Mars,en,,,2021-01-01,/zvVHS2MA0GhvV9BZjbCkRpwE7c1.jpg,0,0,0,0,0,0,,False,,Horror,,
1115761,,Trail of Doom,Trail of Doom,en,,,2022-01-01,/r5pDirTBtFUWO2y8ogHP0225xz9.jpg,0,0,0,0,0,0,,False,,Horror,,
1115771,,Tomb-Stoned,Tomb-Stoned,en,,,2022-01-01,/tyx86rdavOuoVEp6jHos6rR9wUm.jpg,0,0,0,0,0,0,,False,,Horror,,
1115827,,Grim Reaper 2,Grim Reaper 2,en,,,2022-01-01,/6BzGkahrU2SikkCxCLZHpje7KhK.jpg,0,0,0,0,0,0,,False,,Horror,,
1115980,,No More Time,No More Time,en,,,2022-01-01,/dMd4eNWRKLIa6bQkF3vMNtohZHo.jpg,0,0,0,0,0,0,,False,,Horror,,
1116536,,P.U.L: Project Urban Legend,P.U.L: Project Urban Legend,en,,,2014-01-01,/6WJkDZBwzFD8d1e9F4wP3EYs0dK.jpg,0,0,0,0,0,0,,False,,Horror,,
1116717,,Peek-A-Boo,Peek-A-Boo,en,,,2017-01-01,/1xnSOL4GRuPp7f5hCarGGrRM4WQ.jpg,0,0,0,0,0,0,,False,,Horror,,
1116723,,Demon Clown,Demon Clown,en,,,2017-01-01,/cJTlOaph5PAR1e2VZlmoiPjqke7.jpg,0,0,0,0,0,0,,False,,Horror,,
1116949,,Duo,Duo,en,,,2016-01-01,/4HC4rGFu2M18OFgIw13YjfZPLm5.jpg,0,0,0,0,0,0,,False,,Horror,,
1116965,,Horrorshow,Horrorshow,en,,,2008-01-01,/iJjrKGn3Wj7IzpTqKeK0I7zfTAr.jpg,0,0,0,0,0,0,,False,,Horror,,
1117178,,Majestic Mountains,Majestic Mountains,en,,,2010-01-01,/sbfWpUFtL22qgQlW6UAyYnZhqez.jpg,0,0,0,0,0,0,,False,,Horror,,
1117186,,The Red Room Curse,The Red Room Curse,en,,,2016-01-01,/cS8ekhSJp9196hsPnqS1leWpPgy.jpg,0,0,0,0,0,0,,False,,Horror,,
1117377,,Rubberneck,Rubberneck,en,,,2020-01-01,/gHkcDCJqTdlGIxnPht0D8BRCo2B.jpg,0,0,0,0,0,0,,False,,Horror,,
1117384,,Ryan's House Presents: Creatures from Beyond,Ryan's House Presents: Creatures from Beyond,en,,,2022-01-01,/uuczsQdR7MOaCendOVJ8v2eSfoP.jpg,0,0,0,0,0,0,,False,,Horror,,
1117389,,Octophobia,Octophobia,en,,,2018-01-01,/nzLVZPRMHb921YHcFp78AY7vbl1.jpg,0,0,0,0,0,0,,False,,Horror,,
1117400,,Ryan's House Presents: Return from Beyond,Ryan's House Presents: Return from Beyond,en,,,2022-01-01,/lowJiqz9WAPrwbFjV23pXNYb6Ou.jpg,0,0,0,0,0,0,,False,,Horror,,
1117424,,Street of Gravestones,Street of Gravestones,en,,,2000-01-01,/hwJwAYfFGKh8byb9fQsSG0LvFB6.jpg,0,0,0,0,0,0,,False,,Horror,,
1117462,,The Dream,The Dream,en,,,2020-01-01,/1xRSWUMzYl9y2rr8Wkpn6MhpAii.jpg,0,0,0,0,0,0,,False,,Horror,,
1117627,,Demonic Passion,Demonic Passion,en,,,2020-01-01,/n0gIqWnJ3LT2wznzkEmA59YXaPR.jpg,0,0,0,0,0,0,,False,,Horror,,
1117656,,Beach Crawler,Beach Crawler,en,,,2020-01-01,/wcDAKWJv4MwEjQotM9i4B2vsDXp.jpg,0,0,0,0,0,0,,False,,Horror,,
1117979,,Du sang,Du sang,en,,,2021-01-01,/e6X8rQBZ8x7xFjVN0IR1WMsxZXE.jpg,0,0,0,0,0,0,,False,,Horror,,
1118403,,The Chair,The Chair,en,,,2022-01-01,/1amnNMQoEqqSCgJiMlT3cptAe2u.jpg,0,0,0,0,0,0,,False,,Horror,,
1118517,,Get Away,Get Away,en,,,2022-01-01,/oyWFCHelgSo6CreD8QRDJOdzsdB.jpg,0,0,0,0,0,0,,False,,Horror,,
1119249,,The Yellow Wallpaper,The Yellow Wallpaper,en,,,2011-01-01,/mdzYgLN5vOq4AIRUDNxqYPxFe10.jpg,0,0,0,0,0,0,,False,,Horror,,
1119425,,Vampire,Vampire,en,,,2019-01-01,/eLgYXPGZCaYJCtka9Mot2TLPEvF.jpg,0,0,0,0,0,0,,False,,Horror,,
1119855,,KRANCH 1 + 2,KRANCH 1 + 2,en,,,2022-01-01,/6t9kLy7byBVqHD2i10BXqJR0Cq.jpg,0,0,0,0,0,0,,False,,Horror,,
1120025,,Arbor Day,Arbor Day,en,,,1990-01-01,/kTMZr4ObsEkTiBa9zkjZahElXrp.jpg,0,0,0,0,0,0,,False,,Horror,,
1120077,,Scavenger Hunt,Scavenger Hunt,en,,,2022-01-01,/dYxYF03BtCqEQDlRsC4dQ1qk7aL.jpg,0,0,0,0,0,0,,False,,Horror,,
1120080,,Torture,Torture,en,,,2021-01-01,/wpZk074oQstf7ynAAAlzIyFmAis.jpg,0,0,0,0,0,0,,False,,Horror,,
1120246,,Bury Me Twice,Bury Me Twice,en,,,2022-01-01,/CHS1AdqfLhxq6UuS1iXBqRL8bb.jpg,0,0,0,0,0,0,,False,,Horror,,
1120409,,Pursuit: The Search for Bigfoot,Pursuit: The Search for Bigfoot,en,,,2013-01-01,/zBk527XTryHyyikiSMNcsd1snTx.jpg,0,0,0,0,0,0,,False,,Horror,,
1120478,,Burlington Paranormal,Burlington Paranormal,en,,,2022-01-01,/ageOrhd59Kn6IDQEurvi1ywkla9.jpg,0,0,0,0,0,0,,False,,Horror,,
1120489,,He Watches,He Watches,en,,,2022-01-01,/xno5hYIp1dtZSagfSM8Ryr73dWx.jpg,0,0,0,0,0,0,,False,,Horror,,
1120713,,Stalker,Stalker,en,,,2019-01-01,/34Q9lV8gKlZlZt4TWtWocR2L4wM.jpg,0,0,0,0,0,0,,False,,Horror,,
1120727,,How to Survive Your First Date,How to Survive Your First Date,en,,,2022-01-01,/8mH89O2X4wSMwWinb994WyAH9zf.jpg,0,0,0,0,0,0,,False,,Horror,,
1121283,,Another Morning,Another Morning,en,,,2021-01-01,/zb11XOtdczLWlVQCxqLbmHJDlkJ.jpg,0,0,0,0,0,0,,False,,Horror,,
1121322,,Motor Home From Hell,Motor Home From Hell,en,,,2009-01-01,/ydBSuZx2QBUFGZMZAOo1dNtobTZ.jpg,0,0,0,0,0,0,,False,,Horror,,
1121405,,Alone,Alone,en,,,2022-01-01,/hD8PjJB5rOkuzjNpkwfYotl0lDk.jpg,0,0,0,0,0,0,,False,,Horror,,
1121690,,HELLSWINE,HELLSWINE,en,,,2019-01-01,/m6CvD4QeQLnudLw3zJPMAJarZcD.jpg,0,0,0,0,0,0,,False,,Horror,,
1121697,,Neverending Night: The Making of Blair Witch,Neverending Night: The Making of Blair Witch,en,,,2017-01-01,/90EyLlEj60tsnQkLooWjYfFFF1Q.jpg,0,0,0,0,0,0,,False,,Horror,,
1121753,,Motion Detected,Motion Detected,en,,,2022-01-01,/dM8HOQzK11FzmHzrcSwf0mc4Pa8.jpg,0,0,0,0,0,0,,False,,Horror,,
1121866,,"Videozone: The Making of ""The Creeps""","Videozone: The Making of ""The Creeps""",en,,,1997-01-01,/8417wGAXgbNZPmlfpj5NsB8HFDs.jpg,0,0,0,0,0,0,,False,,Horror,,
1121872,,"Videozone: The Making of ""Castle Freak""","Videozone: The Making of ""Castle Freak""",en,,,1995-01-01,/hlPf4FOKUaaHXQgAWBsUEZp1Z0h.jpg,0,0,0,0,0,0,,False,,Horror,,
1121886,,Videozone 2021: Baby Oopsie,Videozone 2021: Baby Oopsie,en,,,2021-01-01,/uMJprpZaV77fcQhsAAO95Xe1UJz.jpg,0,0,0,0,0,0,,False,,Horror,,
1121895,,"Videozone: The Making of ""Trancers II""","Videozone: The Making of ""Trancers II""",en,,,1991-01-01,/A24UQO3ZRRdetCVOuwnlt3Q7rDN.jpg,0,0,0,0,0,0,,False,,Horror,,
1121976,,Zombies V the C.W.A.,Zombies V the C.W.A.,en,,,2022-01-01,/sXUXmxIFtSD01FMAqCNY9uFW8oi.jpg,0,0,0,0,0,0,,False,,Horror,,
1122127,,Dinner for One,Dinner for One,en,,,2019-01-01,/wP01ICxbjZbuWx1EmXrcg0475Mi.jpg,0,0,0,0,0,0,,False,,Horror,,
1122138,,The Ritual,The Ritual,en,,,2021-01-01,/sjdiH73GHwluvazzPfxlmlitmSh.jpg,0,0,0,0,0,0,,False,,Horror,,
1122144,,Paranoia,Paranoia,en,,,2022-01-01,/zGikChhb9wjJGhRYYvMzkB7oSNK.jpg,0,0,0,0,0,0,,False,,Horror,,
1122242,,Tales from the Grave,Tales from the Grave,en,,,2003-01-01,/hu3n3pqy68J6PqNKmc61EFgrZrW.jpg,0,0,0,0,0,0,,False,,Horror,,
1122432,,Totally N Utterly,Totally N Utterly,en,,,2022-01-01,/yRqvRPgk4yiGnFm9ixCf5V7YMcb.jpg,0,0,0,0,0,0,,False,,Horror,,
1122662,,Zombie Debra,Zombie Debra,en,,,2022-01-01,/t5O0HVd1YQ4htlxT2bwOl4g5dND.jpg,0,0,0,0,0,0,,False,,Horror,,
1122867,,Snowblind,Snowblind,en,,,2018-01-01,/jYVErfmltwzNQQDotlbzCcPlx1A.jpg,0,0,0,0,0,0,,False,,Horror,,
1123289,,Bushwhacker Blues,Bushwhacker Blues,en,,,2022-01-01,/fJ1s6J0h3NQlCQJ0QkfycwgAVYs.jpg,0,0,0,0,0,0,,False,,Horror,,
1123380,,"Come, Play!","Come, Play!",en,,,2022-01-01,/syfIist5pXJMc4z8TXI0C9Qa9To.jpg,0,0,0,0,0,0,,False,,Horror,,
1123903,,The Unwanted,The Unwanted,en,,,2022-01-01,/4V8q7k4yMHMpKf29Fv1lmCFjWHW.jpg,0,0,0,0,0,0,,False,,Horror,,
1124618,,The Red Orchid,The Red Orchid,en,,,2022-01-01,/lrOlSm9P4BRezr1raJq5qzaCcHc.jpg,0,0,0,0,0,0,,False,,Horror,,
1124696,,When You're Gone,When You're Gone,en,,,2022-01-01,/bgYnwzCbZBZXDpxkjrtlQZrZqHp.jpg,0,0,0,0,0,0,,False,,Horror,,
1124740,,Canal,Canal,en,,,2022-01-01,/kogEJFfOmFpKy0e732fASrIbIdQ.jpg,0,0,0,0,0,0,,False,,Horror,,
1124777,,Grasshopper!,Grasshopper!,en,,,2013-01-01,/3ZPSyRXE7JHAcOiIfuFQP3VWmXg.jpg,0,0,0,0,0,0,,False,,Horror,,
1125107,,Romeo Contra La Muzzarella Lisergica Asesina,Romeo Contra La Muzzarella Lisergica Asesina,en,,,2005-01-01,/sqCU1DHZNvZ9N8hYKxK6DMNG6sS.jpg,0,0,0,0,0,0,,False,,Horror,,
1125365,,Mr. Withers' Apartment,Mr. Withers' Apartment,en,,,1995-01-01,/jo6HrZhSWVsgFmpaV7T0NVcSWAI.jpg,0,0,0,0,0,0,,False,,Horror,,
1125443,,Project Heat: Halloween,Project Heat: Halloween,en,,,2021-01-01,/w0mLl9pzVh2F4uyxulnVCz5HqFI.jpg,0,0,0,0,0,0,,False,,Horror,,
1125609,,The Washington County Disappearances,The Washington County Disappearances,en,,,2022-01-01,/8c5LYOW0bVmGiNMeWJ7bbzMBapK.jpg,0,0,0,0,0,0,,False,,Horror,,
1125639,,"The Haunted Jizo of Shimo-Mizuno, Sayama City","The Haunted Jizo of Shimo-Mizuno, Sayama City",en,,,2022-01-01,/wqLfNAji0QzFMhPw5n8LlBnQp98.jpg,0,0,0,0,0,0,,False,,Horror,,
1126010,,Plot Front,Plot Front,en,,,2019-01-01,/oeCYoLgxn6TlH23CQF2Utybvxxu.jpg,0,0,0,0,0,0,,False,,Horror,,
1126090,,The Russian Doll,The Russian Doll,en,,,2019-01-01,/lIjYERfGaUSaG06XFjgRVJxRcP1.jpg,0,0,0,0,0,0,,False,,Horror,,
1126095,,House of Prey,House of Prey,en,,,2016-01-01,/8ESh3HbLyxuWXv2cYff2rfoWmNf.jpg,0,0,0,0,0,0,,False,,Horror,,
1126236,,The Red Room Riddle,The Red Room Riddle,en,,,1983-01-01,/wIwyMo9ana8kku59EIusPA8oyG1.jpg,0,0,0,0,0,0,,False,,Horror,,
1126316,,Every 90s Commercial Ever,Every 90s Commercial Ever,en,,,2015-01-01,/hLo2AXfCZ9i46g37T7MYLh3qBzG.jpg,0,0,0,0,0,0,,False,,Horror,,
1127050,,Prédation,Prédation,en,,,2022-01-01,/dB6ZW65GjPc8Za9erz82IV5z4gj.jpg,0,0,0,0,0,0,,False,,Horror,,
1127279,,Genevieve,Genevieve,en,,,2021-01-01,/T8c9v5jqlbU7ubAv06bwS5MbLs.jpg,0,0,0,0,0,0,,False,,Horror,,
1127459,,Disasterpiece Theater: It's Only A Game,Disasterpiece Theater: It's Only A Game,en,,,1992-01-01,/fLyqUlRKomHZWFEeCIlF69OVbbB.jpg,0,0,0,0,0,0,,False,,Horror,,
1127466,,Disasterpiece Theater: Terror Dream,Disasterpiece Theater: Terror Dream,en,,,1992-01-01,/fE0wCjPrJrw1eVKwnR1WDZUmX0r.jpg,0,0,0,0,0,0,,False,,Horror,,
1127474,,Disasterpiece Theater: Fiction or Non-Fiction?,Disasterpiece Theater: Fiction or Non-Fiction?,en,,,1992-01-01,/yEkOdAHOMbiqqW30YxsOg0cYkdn.jpg,0,0,0,0,0,0,,False,,Horror,,
1128006,,The Milk's Gone Bad,The Milk's Gone Bad,en,,,2022-01-01,/3DR1QWyBHgKfQSfaqkfLULNU4Mw.jpg,0,0,0,0,0,0,,False,,Horror,,
1128168,,Dark House,Dark House,en,,,2015-01-01,/2C2F49479BvL1aIX1BHDgu8E2V7.jpg,0,0,0,0,0,0,,False,,Horror,,
1128181,,The Devil Lives Upstairs,The Devil Lives Upstairs,en,,,2014-01-01,/6sXub7na6u8IG76j2v2SkKScoFu.jpg,0,0,0,0,0,0,,False,,Horror,,
1128300,,The Empty Space,The Empty Space,en,,,2020-01-01,/hVPBLoixMhHwAWMgwfpQHf97mi9.jpg,0,0,0,0,0,0,,False,,Horror,,
1128653,,The Tin,The Tin,en,,,2022-01-01,/tNyh9mK8DKaqDV2MXt3sJMcy1xh.jpg,0,0,0,0,0,0,,False,,Horror,,
1128714,,The Well,The Well,en,,,2022-01-01,/bonbqBdbhu9olBIsA6lztyGsn49.jpg,0,0,0,0,0,0,,False,,Horror,,
1128756,,Necropolis,Necropolis,en,,,2022-01-01,/8usCBRmaQpgLrqrA4CWvXbfZryR.jpg,0,0,0,0,0,0,,False,,Horror,,
1128842,,Dehşet Konağı,Dehşet Konağı,en,,,2022-01-01,/utH5TXZ1GLpfeo8e50qWyZGzsHD.jpg,0,0,0,0,0,0,,False,,Horror,,
1129136,,House of Pancakes,House of Pancakes,en,,,1997-01-01,/wNTDDY9lB8hIhRya7bFiMct2Pga.jpg,0,0,0,0,0,0,,False,,Horror,,
1129183,,Zombie Bounty Hunter M.D.,Zombie Bounty Hunter M.D.,en,,,2015-01-01,/9fWpb9Nsz3wNLM8QOCBf0DemInk.jpg,0,0,0,0,0,0,,False,,Horror,,
1129250,,Dead Flesh,Dead Flesh,en,,,2001-01-01,/akyLKWaur7c5lIPMe4PoCZt6NeW.jpg,0,0,0,0,0,0,,False,,Horror,,
1129342,,The Telling,The Telling,en,,,2019-01-01,/5IQ5MH2ZjagVnXvvEdNxbzghVwU.jpg,0,0,0,0,0,0,,False,,Horror,,
1129446,,I’ve Been Hearing Strange Noises from My Attic…,I’ve Been Hearing Strange Noises from My Attic…,en,,,2020-01-01,/36KXkTTanM6bT1V0j5zydda0R2R.jpg,0,0,0,0,0,0,,False,,Horror,,
1129567,,The Seeker,The Seeker,en,,,2017-01-01,/grReARSeORPMA9zVWBOI5lUib6F.jpg,0,0,0,0,0,0,,False,,Horror,,
1129987,,Into The Night,Into The Night,en,,,2021-01-01,/mBEaQa100Gv21Jps6f7tNGURqvR.jpg,0,0,0,0,0,0,,False,,Horror,,
1130097,,All Your Friends Are Dead,All Your Friends Are Dead,en,,,2022-01-01,/dU1kUlIdzsn9tclPG3IcNVMhPw1.jpg,0,0,0,0,0,0,,False,,Horror,,
1130172,,Appalachian Trail,Appalachian Trail,en,,,2022-01-01,/bNW1M8w3DlE0cIpu2RdW36X2dGR.jpg,0,0,0,0,0,0,,False,,Horror,,
1130508,,All the Flowers That Cut Through the Earth,All the Flowers That Cut Through the Earth,en,,,2022-01-01,/2zPjBXRPAUd56YCo5eiC2i2rjCC.jpg,0,0,0,0,0,0,,False,,Horror,,
1130754,,And Away,And Away,en,,,2022-01-01,/6cJhsW2azl7oM0h7hGGavJ5joGG.jpg,0,0,0,0,0,0,,False,,Horror,,
1130797,,Fear The Living,Fear The Living,en,,,2013-01-01,/17bXGDm9mjV5WTzaM5IiwCK05TQ.jpg,0,0,0,0,0,0,,False,,Horror,,
1130810,,Nurse Meow & The Hunt For Sexy Bigfoot,Nurse Meow & The Hunt For Sexy Bigfoot,en,,,2022-01-01,/5o5B9J06dd8Ueji6ROgh4hD32Mu.jpg,0,0,0,0,0,0,,False,,Horror,,
1131120,,Enter The Room,Enter The Room,en,,,2022-01-01,/8Z8JePxyfNwDWRmVoTAhwZM9x8D.jpg,0,0,0,0,0,0,,False,,Horror,,
1131142,,6 Wheels From Hell!,6 Wheels From Hell!,en,,,2022-01-01,/7VFJox78OMZoiZGTDNSXOBBChpZ.jpg,0,0,0,0,0,0,,False,,Horror,,
1131190,,DEAD RADIO,DEAD RADIO,en,,,2019-01-01,/xxEtwU0DXmBbFCkPZqRI06p9vlF.jpg,0,0,0,0,0,0,,False,,Horror,,
1131282,,Dumb Dumbs,Dumb Dumbs,en,,,2012-01-01,/p9Mt9XQQbVwOvvpGqcnjgm7Yqbv.jpg,0,0,0,0,0,0,,False,,Horror,,
1131907,,The Grove,The Grove,en,,,2022-01-01,/soDCVskB1ig6cbUOfbuO34tGNa2.jpg,0,0,0,0,0,0,,False,,Horror,,
1131927,,Violent Justice,Violent Justice,en,,,2016-01-01,/6uZK3C5hG7dmPpIJy0KnkD10rmP.jpg,0,0,0,0,0,0,,False,,Horror,,
1132147,,Dracula,Dracula,en,,,1968-01-01,/f7HzIvCWbN7Ofw6TWlXM3ijXzFQ.jpg,0,0,0,0,0,0,,False,,Horror,,
1132382,,Morse Code,Morse Code,en,,,2022-01-01,/Hb0TaTkJ3x0h07BmqHaabhv275.jpg,0,0,0,0,0,0,,False,,Horror,,
1132413,,Keep Scrolling,Keep Scrolling,en,,,2022-01-01,/nHGsPSs9KcvJY3rKB13EOR93QFl.jpg,0,0,0,0,0,0,,False,,Horror,,
1132631,,The Sixth Gun,The Sixth Gun,en,,,2013-01-01,/4kfuqe5NBgLZDIVw7RMhPHAcitG.jpg,0,0,0,0,0,0,,False,,Horror,,
1132916,,The Booker,The Booker,en,,,2022-01-01,/e3BLoD6JsASdqsdg2KldgOq4ohS.jpg,0,0,0,0,0,0,,False,,Horror,,
1133345,,The Third Roommate,The Third Roommate,en,,,2022-01-01,/q62TvPfes5Do7JfhTdo1sUzHlhf.jpg,0,0,0,0,0,0,,False,,Horror,,
1133667,,Under the Palm Tree,Under the Palm Tree,en,,,2021-01-01,/blIq5N9A4lezsfACTHB6k9EssCI.jpg,0,0,0,0,0,0,,False,,Horror,,
1133969,,Boy Parts,Boy Parts,en,,,2022-01-01,/fqpBO48tipOZs8ATbFWWZ38RTyu.jpg,0,0,0,0,0,0,,False,,Horror,,
1134130,,Resurrection Under The Ocean,Resurrection Under The Ocean,en,,,2021-01-01,/xklmOLmZN62L6NwYA8IW7T4MHWM.jpg,0,0,0,0,0,0,,False,,Horror,,
1134241,,Mad House,Mad House,en,,,2020-01-01,/fohWBPkkykCcjjJaSJf5wNs3UFb.jpg,0,0,0,0,0,0,,False,,Horror,,
1134401,,Sequel: Cruel Summer - Part II,Sequel: Cruel Summer - Part II,en,,,2022-01-01,/p3VHUAfxSL5GMyUAZtI12Mqe5GD.jpg,0,0,0,0,0,0,,False,,Horror,,
1134518,,The Bunker,The Bunker,en,,,2022-01-01,/7ytQrS7Zxj9szZy373M4ENm6zO4.jpg,0,0,0,0,0,0,,False,,Horror,,
1134537,,Suspicious Minds,Suspicious Minds,en,,,2018-01-01,/pI5bcSG3hHQaUvPl420fqloJlmD.jpg,0,0,0,0,0,0,,False,,Horror,,
1134546,,Scream,Scream,en,,,2021-01-01,/yM2PjdjuT5jVwc0dpnOy34PeTWo.jpg,0,0,0,0,0,0,,False,,Horror,,
1134569,,Fungus,Fungus,en,,,2022-01-01,/eDc1I1o4Mvf7KglOrxB6Z3YzkUZ.jpg,0,0,0,0,0,0,,False,,Horror,,
1134570,,Street No. 4,Street No. 4,en,,,2022-01-01,/sGvdX25p7BqmavMOdrhaG9u2Gtg.jpg,0,0,0,0,0,0,,False,,Horror,,
1134663,,Radio Head,Radio Head,en,,,2020-01-01,/rnBvlHFH1smRVqWC7cFydiaBlZz.jpg,0,0,0,0,0,0,,False,,Horror,,
1134664,,Wash It Off,Wash It Off,en,,,2019-01-01,/smEgPyg7vEeUnvWTKunPo6dTm2X.jpg,0,0,0,0,0,0,,False,,Horror,,
1134902,,Hunting,Hunting,en,,,2015-01-01,/Af24RqRcYuFcCSC1IB9SA2XIEnz.jpg,0,0,0,0,0,0,,False,,Horror,,
1135190,,Pumpkin Creep,Pumpkin Creep,en,,,2022-01-01,/hFa0162Jwbv9gEZzH9B0XCIcyx4.jpg,0,0,0,0,0,0,,False,,Horror,,
1135212,,Demons Don't Die,Demons Don't Die,en,,,1990-01-01,/jyzNVRaVzy4Sw22FXme9D7eHH2o.jpg,0,0,0,0,0,0,,False,,Horror,,
1135223,,Lyla,Lyla,en,,,2022-01-01,/lIlZAQbPr840wF2gRIo5KB018jt.jpg,0,0,0,0,0,0,,False,,Horror,,
1135900,,Deadly Lessons,Deadly Lessons,en,,,1995-01-01,/ale2cjSFBQvaeOUOfZKi3ZYM2cL.jpg,0,0,0,0,0,0,,False,,Horror,,
1135963,,In the Closet,In the Closet,en,,,2009-01-01,/se2UE6t82Z9gpIH7SsKJDdwsbz4.jpg,0,0,0,0,0,0,,False,,Horror,,
1136284,,The Death Ox,The Death Ox,en,,,2022-01-01,/bH27pGl4rMo4FRkujAPDgtZhRyz.jpg,0,0,0,0,0,0,,False,,Horror,,
1136314,,Darkness Is Coming,Darkness Is Coming,en,,,2017-01-01,/jYgoqC1FmkVeulttjXPgq9Eoiur.jpg,0,0,0,0,0,0,,False,,Horror,,
1136492,,Consumer,Consumer,en,,,2022-01-01,/8lP6Il6DPcBWwSrnC3319KcD6dG.jpg,0,0,0,0,0,0,,False,,Horror,,
1136684,,Naked Zombie Girl is Back,Naked Zombie Girl is Back,en,,,2022-01-01,/tTvFnohZjyVKMDnEGThpbQT5kCA.jpg,0,0,0,0,0,0,,False,,Horror,,
1137054,,Bloody Halloween,Bloody Halloween,en,,,2013-01-01,/kBEPytOZdLag4pU2pXZfAxAjZIC.jpg,0,0,0,0,0,0,,False,,Horror,,
1137076,,Shift,Shift,en,,,2022-01-01,/4jnuo40fHGswYcL3rT4jEDSNr1R.jpg,0,0,0,0,0,0,,False,,Horror,,
1137458,,Gore Theatre 2,Gore Theatre 2,en,,,2020-01-01,/nUXjBalCm5qG3vydmCWaTYTMBhm.jpg,0,0,0,0,0,0,,False,,Horror,,
1137688,,Cove Road,Cove Road,en,,,2012-01-01,/kYA2AbbmOMsjaSBmRIRBS6DdhJR.jpg,0,0,0,0,0,0,,False,,Horror,,
1137799,,Cult of Nightmares,Cult of Nightmares,en,,,2020-01-01,/aY6s4tdNp1B34oxgMdfRJSTTDCg.jpg,0,0,0,0,0,0,,False,,Horror,,
1137883,,The Quentin Sanders Tapes,The Quentin Sanders Tapes,en,,,2022-01-01,/kMyvVHKUW9nHc8XaaAaZrgBwhje.jpg,0,0,0,0,0,0,,False,,Horror,,
1138221,,A Catalyst,A Catalyst,en,,,2020-01-01,/rcMwww59UsO6w0U0p5lj2Osjg29.jpg,0,0,0,0,0,0,,False,,Horror,,
1138325,,Jaden and the Will of the Smiths,Jaden and the Will of the Smiths,en,,,2022-01-01,/eO2YVJDIqz4mOPbL5rHAfS347tL.jpg,0,0,0,0,0,0,,False,,Horror,,
1138682,,The Turn of the Screw,The Turn of the Screw,en,,,1989-01-01,/w9q2GO7ElRp86NOFrrfbVzWw5w.jpg,0,0,0,0,0,0,,False,,Horror,,
1138685,,Carmilla,Carmilla,en,,,1989-01-01,/3FlbDOLJhc7l5Jk3vicgpFSnZn8.jpg,0,0,0,0,0,0,,False,,Horror,,
1138687,,The Strange Case of Dr. Jekyll and Mr. Hyde,The Strange Case of Dr. Jekyll and Mr. Hyde,en,,,1989-01-01,/tkXPQ81gQLC1UTmBcpxd1jEpfqH.jpg,0,0,0,0,0,0,,False,,Horror,,
1138689,,The Eyes of the Panther,The Eyes of the Panther,en,,,1989-01-01,/20QhSijVOmJ8DRFtdWus0EiRc4R.jpg,0,0,0,0,0,0,,False,,Horror,,
1138722,,Type Till You Bleed,Type Till You Bleed,en,,,2021-01-01,/36AsRi1hPzx3FY2Ai7pU9Rh9A86.jpg,0,0,0,0,0,0,,False,,Horror,,
1138936,,Beneeth,Beneeth,en,,,2011-01-01,/cMXrItWBzGBa1rFIKG6msHMb4DO.jpg,0,0,0,0,0,0,,False,,Horror,,
1139014,,Phony Fiend,Phony Fiend,en,,,2022-01-01,/r9f9yDL3wWaLmCA6JhH2LMaqp3j.jpg,0,0,0,0,0,0,,False,,Horror,,
1139098,,Verge of Darkness,Verge of Darkness,en,,,1995-01-01,/5sZTCzuRiEEDXZ2yzFzzFKkbRf4.jpg,0,0,0,0,0,0,,False,,Horror,,
1139099,,Moonfreak: Creature From Hell,Moonfreak: Creature From Hell,en,,,1992-01-01,/fCCRfoNYN8ByZuzEXXp8SyfKAXM.jpg,0,0,0,0,0,0,,False,,Horror,,
1139138,,Occult Holocaust,Occult Holocaust,en,,,2014-01-01,/3LcTXXt7niIUqy4KYG7jfz3y62t.jpg,0,0,0,0,0,0,,False,,Horror,,
1139141,,Sleepaway Camp 2: What Happened to Molly?,Sleepaway Camp 2: What Happened to Molly?,en,,,2015-01-01,/ld13mURh75KUFYKtR3JCrs4y3lE.jpg,0,0,0,0,0,0,,False,,Horror,,
1139597,,Don’t Hide,Don’t Hide,en,,,2022-01-01,/r5wgYoyWLBLtiFQRJ7D4xtIawJK.jpg,0,0,0,0,0,0,,False,,Horror,,
1140065,,Grave Robbing for Morons,Grave Robbing for Morons,en,,,1990-01-01,/1biUrbuAtbL8oTEGtT9riE7kEbp.jpg,0,0,0,0,0,0,,False,,Horror,,
1140872,,The Night Slasher,The Night Slasher,en,,,2017-01-01,/8YZQoKCpFnfBTRDLnBYOvHrJVDb.jpg,0,0,0,0,0,0,,False,,Horror,,
1140878,,Socks and Robbers,Socks and Robbers,en,,,2020-01-01,/hSYUcU3AmpqkkHJmCDmd8xVSjuY.jpg,0,0,0,0,0,0,,False,,Horror,,
1140881,,Dark Chronicles,Dark Chronicles,en,,,2019-01-01,/nIB94Gql9p34qJg5MSHpdKKoQJr.jpg,0,0,0,0,0,0,,False,,Horror,,
1140892,,Sound of Silence,Sound of Silence,en,,,2020-01-01,/edaD8IZLGCMJReAHDp1hG4mV5pl.jpg,0,0,0,0,0,0,,False,,Horror,,
1141267,,The Demon Within,The Demon Within,en,,,2009-01-01,/34d7buFblRrxiCfltbaIVvO1F28.jpg,0,0,0,0,0,0,,False,,Horror,,
1141302,,Election 2020: A Horror Story,Election 2020: A Horror Story,en,,,2020-01-01,/cn9nApJSDkULofb13885fxf1TGh.jpg,0,0,0,0,0,0,,False,,Horror,,
1141329,,Mama's Watching,Mama's Watching,en,,,2022-01-01,/6I2Wmx1NKsEsM8uenuvMxRzPq13.jpg,0,0,0,0,0,0,,False,,Horror,,
1141416,,Mystery Solved,Mystery Solved,en,,,2022-01-01,/zq0Xw25bIJaLZB77S8YlNialqLS.jpg,0,0,0,0,0,0,,False,,Horror,,
1141664,,Human No More,Human No More,en,,,2004-01-01,/r11m6tcHWJ61fMaJghYqEDv3URj.jpg,0,0,0,0,0,0,,False,,Horror,,
1141741,,Sunday Scaries,Sunday Scaries,en,,,2022-01-01,/1fuYwpMKQL0muxrhJnwWQk2ISlY.jpg,0,0,0,0,0,0,,False,,Horror,,
1141754,,Hunting A Pigman: Part One,Hunting A Pigman: Part One,en,,,2020-01-01,/4IaRC896NTYMWGwpJEp2S82tDFO.jpg,0,0,0,0,0,0,,False,,Horror,,
1141758,,The Curse Of The Fatwolf,The Curse Of The Fatwolf,en,,,2022-01-01,/g2mLvOAUk0VOU2qY13YF4tWjWA6.jpg,0,0,0,0,0,0,,False,,Horror,,
1142186,,Mohanayanangal,Mohanayanangal,en,,,2001-01-01,/5NmbkTG1w6IhFMalK3JzRdogjPk.jpg,0,0,0,0,0,0,,False,,Horror,,
1142205,,Son of Psycho Meets a Gorilla,Son of Psycho Meets a Gorilla,en,,,2001-01-01,/2mlBoVpYmMGhAj6FsEbphEnB8K3.jpg,0,0,0,0,0,0,,False,,Horror,,
1142221,,Ee Rathri Ki Evaru,Ee Rathri Ki Evaru,en,,,2020-01-01,/sTP7o9yCsa0yEL2dVUEr7FnRJVv.jpg,0,0,0,0,0,0,,False,,Horror,,
1142226,,Conspiracy World,Conspiracy World,en,,,2020-01-01,/Arb4SO4beS6FsdFZmVRmXUKDIJl.jpg,0,0,0,0,0,0,,False,,Horror,,
1142238,,Night Out,Night Out,en,,,2013-01-01,/2IfylrN2WZe7BBUYAekd9xg8sn.jpg,0,0,0,0,0,0,,False,,Horror,,
1142255,,Stairs,Stairs,en,,,2011-01-01,/uEOhTGD5yybAJrBHvsRLxX0KjyB.jpg,0,0,0,0,0,0,,False,,Horror,,
1142288,,The legend of Agatha Rose,The legend of Agatha Rose,en,,,2020-01-01,/oTWWZ8E52FozFokjLHoQ5bTIY7R.jpg,0,0,0,0,0,0,,False,,Horror,,
1142293,,A Christmas Miracle,A Christmas Miracle,en,,,2019-01-01,/cDqxAl1loOYo9i1Dhe9SDReCIHL.jpg,0,0,0,0,0,0,,False,,Horror,,
1142301,,Nightshade Labs,Nightshade Labs,en,,,2020-01-01,/65fraPpozvJG4Rr0qVdY0s1k0Xo.jpg,0,0,0,0,0,0,,False,,Horror,,
1142308,,Clay,Clay,en,,,2019-01-01,/nHO5gcYSNwBD2lWgcahWMENAMrZ.jpg,0,0,0,0,0,0,,False,,Horror,,
1142325,,Shadow,Shadow,en,,,2020-01-01,/80eX4Tee4op1Bweqk5oXDJuwYGb.jpg,0,0,0,0,0,0,,False,,Horror,,
1142337,,The Bachelor's Skull,The Bachelor's Skull,en,,,2016-01-01,/n1xWjUHfiOyMquIbttteYedCe8p.jpg,0,0,0,0,0,0,,False,,Horror,,
1142358,,Where.uvi,Where.uvi,en,,,2017-01-01,/gIRhecBZmq6kikySrDRHysabSVb.jpg,0,0,0,0,0,0,,False,,Horror,,
1142360,,Haunting of the White Sparrow,Haunting of the White Sparrow,en,,,2013-01-01,/kCbhNtO510jvMxrBYpzygqXjjyg.jpg,0,0,0,0,0,0,,False,,Horror,,
1142365,,Mommy,Mommy,en,,,2019-01-01,/xQSziHBBlsjj55dVZ5PbiyamLdT.jpg,0,0,0,0,0,0,,False,,Horror,,
1142369,,Love Bitten,Love Bitten,en,,,2016-01-01,/5BNFvcROeIL1NKf7CtmqIzI0dPO.jpg,0,0,0,0,0,0,,False,,Horror,,
1142380,,Jefferson,Jefferson,en,,,2016-01-01,/qkC8Z3uEuy1rlYqdfXS2XxbNsPW.jpg,0,0,0,0,0,0,,False,,Horror,,
1142384,,Tethers,Tethers,en,,,2016-01-01,/nv7C5m136SB0nZH4bD5dm54JeCt.jpg,0,0,0,0,0,0,,False,,Horror,,
1142390,,Shattered Memories,Shattered Memories,en,,,2014-01-01,/7uUnrASnca85CeOL2jjjHs2vlCu.jpg,0,0,0,0,0,0,,False,,Horror,,
1142400,,Resident Horror,Resident Horror,en,,,2009-01-01,/jfuI684yb8jKZqc7OTjb5eAtKPT.jpg,0,0,0,0,0,0,,False,,Horror,,
1142429,,Conclusion,Conclusion,en,,,2010-01-01,/m7SljjD5xTolOd4o9tEKR9oLO1O.jpg,0,0,0,0,0,0,,False,,Horror,,
1142663,,Netmare,Netmare,en,,,2021-01-01,/zaJcrnvIvUPjaBoUiYVbj0ANH6r.jpg,0,0,0,0,0,0,,False,,Horror,,
1142694,,Silent Horror,Silent Horror,en,,,2006-01-01,/2giyfm91JBkfkJgtzT07IMgT1GP.jpg,0,0,0,0,0,0,,False,,Horror,,
1142702,,Beyond the Veil in Bodmin Jail,Beyond the Veil in Bodmin Jail,en,,,2022-01-01,/beidZCKjtcMDPIDrSX5NCO8KLxj.jpg,0,0,0,0,0,0,,False,,Horror,,
1142794,,The Mad Shagger,The Mad Shagger,en,,,2020-01-01,/xfCSogO4US1Fu8KWB0m1RVn4rIG.jpg,0,0,0,0,0,0,,False,,Horror,,
1143000,,Untitled Slasher,Untitled Slasher,en,,,2022-01-01,/g49NFRYvmIb5oQCqSaSWUIzr50m.jpg,0,0,0,0,0,0,,False,,Horror,,
1143215,,"Yes, Mother","Yes, Mother",en,,,2022-01-01,/c0Ag24iTC4ZdHgFaV3g4GQ7GNl9.jpg,0,0,0,0,0,0,,False,,Horror,,
1143330,,Letters,Letters,en,,,1999-01-01,/mrn5NGIIwKA5dAkdnwF9vgVkIdA.jpg,0,0,0,0,0,0,,False,,Horror,,
1143399,,Alienated,Alienated,en,,,2022-01-01,/tR4fawTitso0RmYsSSUdZ6RJuSr.jpg,0,0,0,0,0,0,,False,,Horror,,
1143801,,Quakeasaurus,Quakeasaurus,en,,,2022-01-01,/jAMOBl0PWw3Vxmwi7AGC1d6jarP.jpg,0,0,0,0,0,0,,False,,Horror,,
1144063,,Abandoned,Abandoned,en,,,2018-01-01,/eKU2YR3bTxceaGPa8ICABelHsVc.jpg,0,0,0,0,0,0,,False,,Horror,,
1144122,,Extinction,Extinction,en,,,2017-01-01,/deoRGFvFsOnHDJ1YFIhVEnr8itV.jpg,0,0,0,0,0,0,,False,,Horror,,
1144180,,Bloody Bluefield,Bloody Bluefield,en,,,1998-01-01,/xj3ZxUSpFC62ttZ7VeUDzqGsMcu.jpg,0,0,0,0,0,0,,False,,Horror,,
1144279,,Crypts,Crypts,en,,,2018-01-01,/grlFUDL0HYdNgnAg1eb1uATRLX2.jpg,0,0,0,0,0,0,,False,,Horror,,
1144340,,Dollface: The Terror on Route Nine,Dollface: The Terror on Route Nine,en,,,2020-01-01,/iwBv6S6cVAno5rWX69rX1PK86MY.jpg,0,0,0,0,0,0,,False,,Horror,,
1144423,,Bucket,Bucket,en,,,2017-01-01,/xXLZNCB00DHE1LV14MhUPvoW7Re.jpg,0,0,0,0,0,0,,False,,Horror,,
1144468,,My Demon,My Demon,en,,,2009-01-01,/qCR5I9FqeJDPiPBfD8rnB6PQiOC.jpg,0,0,0,0,0,0,,False,,Horror,,
1144519,,Dream Stalker,Dream Stalker,en,,,1998-01-01,/xGmmX7dG7vc9gCfWsOVG1oP93nU.jpg,0,0,0,0,0,0,,False,,Horror,,
1144527,,The Drift,The Drift,en,,,2014-01-01,/peIt1yCiL01thO4olAjxgiYA1WU.jpg,0,0,0,0,0,0,,False,,Horror,,
1144528,,Discharged,Discharged,en,,,2021-01-01,/jq3ZpGg1faEmg8HnMH3gagXuvZq.jpg,0,0,0,0,0,0,,False,,Horror,,
1144530,,Hide & Seek,Hide & Seek,en,,,2016-01-01,/zU2ILvSPIwDW8Efy8I3WFhUfXbZ.jpg,0,0,0,0,0,0,,False,,Horror,,
1144534,,Something's Missing,Something's Missing,en,,,2020-01-01,/fySBWpM7pf3BxTwPzcI6niMLJct.jpg,0,0,0,0,0,0,,False,,Horror,,
1144572,,Bury the Hatchet,Bury the Hatchet,en,,,2016-01-01,/lTJbW2R09NzCZneZP9S9QWH3MD0.jpg,0,0,0,0,0,0,,False,,Horror,,
1144780,,Vanishing Point,Vanishing Point,en,,,2019-01-01,/rI0pIyZhcvnWA1m5F8JcpE2Qqtk.jpg,0,0,0,0,0,0,,False,,Horror,,
1144835,,Room Tone,Room Tone,en,,,2022-01-01,/kV25Hjy4xuJL4ChW8ghhvdmDDUY.jpg,0,0,0,0,0,0,,False,,Horror,,
1144957,,The Neverending Thought,The Neverending Thought,en,,,2022-01-01,/hfPgiLXbskm2wTpyrxFUY4T8ISa.jpg,0,0,0,0,0,0,,False,,Horror,,
1145197,,Farmer Joe,Farmer Joe,en,,,2003-01-01,/z0ZI2Vxid82ZHtbMWiYfywKgDb7.jpg,0,0,0,0,0,0,,False,,Horror,,
1145327,,SCP: Dollhouse,SCP: Dollhouse,en,,,2019-01-01,/yUyaicdBHA6VjspGM9gk8Cc1zAJ.jpg,0,0,0,0,0,0,,False,,Horror,,
1145501,,A Gift for Toby,A Gift for Toby,en,,,1987-01-01,/2SOsUUoMQhi5ITjGfxzPZFdq0Ix.jpg,0,0,0,0,0,0,,False,,Horror,,
1145542,,Next Door,Next Door,en,,,2020-01-01,/mfVHsi3CLG3IDsGhCt13trol3Xh.jpg,0,0,0,0,0,0,,False,,Horror,,
1145649,,The Man in the Black Suit,The Man in the Black Suit,en,,,2004-01-01,/zlX0XCGMCTwUybTzvkQEgesfhNL.jpg,0,0,0,0,0,0,,False,,Horror,,
1145846,,"Water, Water, Everywhere ...","Water, Water, Everywhere ...",en,,,1971-01-01,/37IYLa4bZxkyVoKRk4FCmzSVyuL.jpg,0,0,0,0,0,0,,False,,Horror,,
1145866,,The End,The End,en,,,2022-01-01,/yqjHk898VhnasbYG24b6R66MdDY.jpg,0,0,0,0,0,0,,False,,Horror,,
1146433,,Human No More: The Feature,Human No More: The Feature,en,,,2021-01-01,/i67hRoVIpaSxJWyz5E90gzVkYUd.jpg,0,0,0,0,0,0,,False,,Horror,,
1146997,,Unidentified,Unidentified,en,,,2020-01-01,/6gX2r3AerT6w6RsWdfqKfnbbnbu.jpg,0,0,0,0,0,0,,False,,Horror,,
1147024,,Aruka,Aruka,en,,,2022-01-01,/v2qe1T2POMs3JYNKI6U9qYmBr7X.jpg,0,0,0,0,0,0,,False,,Horror,,
1147276,,Twisted Minds,Twisted Minds,en,,,2014-01-01,/eb5s8TOfaNVDsOsvTITAWySoRCN.jpg,0,0,0,0,0,0,,False,,Horror,,
1147348,,Boredom,Boredom,en,,,1976-01-01,/7Lb83ejNkLk2TqzAQIVA9ywuBbH.jpg,0,0,0,0,0,0,,False,,Horror,,
1147512,,Maxx Bloodd: Vampire Spy,Maxx Bloodd: Vampire Spy,en,,,1993-01-01,/fBhBDCUfcqbsxaPfNZjYIwlc89G.jpg,0,0,0,0,0,0,,False,,Horror,,
1147560,,Fodder,Fodder,en,,,2022-01-01,/sqih0Ue2eKFYwe88e5s4U9YeRjI.jpg,0,0,0,0,0,0,,False,,Horror,,
1147590,,Ouija Experiment,Ouija Experiment,en,,,2020-01-01,/aPdH8SXAgtAl7ydv4jzbL0ouP3G.jpg,0,0,0,0,0,0,,False,,Horror,,
1147875,,Lonely Water,Lonely Water,en,,,1973-01-01,/mHhIeYW2NPpos5wBtlg5SEV8m4x.jpg,0,0,0,0,0,0,,False,,Horror,,
1147960,,Epilogue,Epilogue,en,,,2020-01-01,/wwjBjpJLRBWEVoeb3hfghOJvbF3.jpg,0,0,0,0,0,0,,False,,Horror,,
1148126,,Brentwood Strangler,Brentwood Strangler,en,,,2015-01-01,/9tToEy7XUGShR3WcC9WzXMc1DZV.jpg,0,0,0,0,0,0,,False,,Horror,,
1148188,,The Holy Path,The Holy Path,en,,,2022-01-01,/nIIkvJYkPdyHz6RrI9alJuPYbzw.jpg,0,0,0,0,0,0,,False,,Horror,,
1148573,,El Lechero,El Lechero,en,,,2018-01-01,/j1gLjmXs7PMY8hhRmlDUUVTl06f.jpg,0,0,0,0,0,0,,False,,Horror,,
1148756,,Sharpener,Sharpener,en,,,2021-01-01,/ji95F2K0393SQA27dtJhNFm2N8h.jpg,0,0,0,0,0,0,,False,,Horror,,
1148770,,The Little Garden Gnome,The Little Garden Gnome,en,,,2021-01-01,/soV2EAK6BiGTQ5rUmFRkxH49nLE.jpg,0,0,0,0,0,0,,False,,Horror,,
1148848,,Saturday Date,Saturday Date,en,,,1994-01-01,/j2QiQFfNvFeQASrgsBpt2Zulvi4.jpg,0,0,0,0,0,0,,False,,Horror,,
1148981,,Crumbs,Crumbs,en,,,2021-01-01,/vW630DpcAgOfoPLvL1CI33ovsUf.jpg,0,0,0,0,0,0,,False,,Horror,,
1149276,,The Strange Case of Dr. Jekyll & Mr. Hyde,The Strange Case of Dr. Jekyll & Mr. Hyde,en,,,2022-01-01,/pnEH7Vjt4oIlqagbp0Yv6qddYV7.jpg,0,0,0,0,0,0,,False,,Horror,,
1149695,,Dodenspel,Dodenspel,en,,,1988-01-01,/iV0sZ6V3YyZDpRZZLc5UdRWboje.jpg,0,0,0,0,0,0,,False,,Horror,,
1149701,,Young Faustus,Young Faustus,en,,,2005-01-01,/zYTe6uGurwur4dAfz44LQ3Jt9r3.jpg,0,0,0,0,0,0,,False,,Horror,,
1149943,,If I Was Your Girl Again,If I Was Your Girl Again,en,,,2019-01-01,/cD3ZWOkrbwWCkUhkH1x5YwEFUoG.jpg,0,0,0,0,0,0,,False,,Horror,,
1150081,,Rideshare,Rideshare,en,,,2020-01-01,/rtLW91kzC2GXnykYxAx5PZEDIwx.jpg,0,0,0,0,0,0,,False,,Horror,,
1150266,,The Blue Whale,The Blue Whale,en,,,2019-01-01,/r6u2DZYBqu8ejQRVcWaJRq3Ajbb.jpg,0,0,0,0,0,0,,False,,Horror,,
1150497,,Shock-X-Treme Vol 2: Death.com,Shock-X-Treme Vol 2: Death.com,en,,,2006-01-01,/bwEWIhy2EmIi4MjD7P7Jns5y7OP.jpg,0,0,0,0,0,0,,False,,Horror,,
1150504,,They want my eyes,They want my eyes,en,,,2009-01-01,/mZ2Cea7Ll1ezd8oF1gBIyA7XGIh.jpg,0,0,0,0,0,0,,False,,Horror,,
1150832,,Bloodfeast!: The Adventures of Sgt. Lunch,Bloodfeast!: The Adventures of Sgt. Lunch,en,,,1992-01-01,/6I83a5CZtxgnU7oHpmqImJfSkIn.jpg,0,0,0,0,0,0,,False,,Horror,,
1150917,,It's Hell Getting Old,It's Hell Getting Old,en,,,2019-01-01,/uzHdUJss4EvCFtD3cSxnrH9V4No.jpg,0,0,0,0,0,0,,False,,Horror,,
1150929,,Drained,Drained,en,,,2022-01-01,/1a98wp0iQ2UoU1tlFciE84vOFYp.jpg,0,0,0,0,0,0,,False,,Horror,,
1151020,,Mute,Mute,en,,,2021-01-01,/3PoDJuK2kb4omi1wV5PPYP5OdvA.jpg,0,0,0,0,0,0,,False,,Horror,,
1151080,,Blood Night,Blood Night,en,,,2011-01-01,/wnWu8e17KzhULWigsu8isytAlmz.jpg,0,0,0,0,0,0,,False,,Horror,,
1151112,,The Basement,The Basement,en,,,2020-01-01,/tl2bbK6cswwqBlnTyF9btrfEl5m.jpg,0,0,0,0,0,0,,False,,Horror,,
1151326,,Celluloid Slaughter Video Magazine Vol. 1,Celluloid Slaughter Video Magazine Vol. 1,en,,,2020-01-01,/1ySzSUZCmYKyCCTRsF9Gq7gx99a.jpg,0,0,0,0,0,0,,False,,Horror,,
1151329,,Horror Movie Workout,Horror Movie Workout,en,,,2013-01-01,/cBhH9CgcH3rrUxO3t0QD98M315c.jpg,0,0,0,0,0,0,,False,,Horror,,
1151505,,Bodyjackers,Bodyjackers,en,,,2001-01-01,/5XE8q8Hyrl4cqephuXN2fEXvJBR.jpg,0,0,0,0,0,0,,False,,Horror,,
1151692,,Mondo Shock 2,Mondo Shock 2,en,,,2021-01-01,/sKaVy4vfzvyh1vL2IzksAUxEQzx.jpg,0,0,0,0,0,0,,False,,Horror,,
1151695,,Mondo Shock 3,Mondo Shock 3,en,,,2021-01-01,/5ccBFSdYVcTbvObhiSryk73VgFj.jpg,0,0,0,0,0,0,,False,,Horror,,
1151700,,VHS Violence II: VHS and KILL,VHS Violence II: VHS and KILL,en,,,2020-01-01,/rtrxsIMcRP1twFswfYeaaTLqyme.jpg,0,0,0,0,0,0,,False,,Horror,,
1151709,,Tales for the Campfire,Tales for the Campfire,en,,,2016-01-01,/dBHfIdNZ1pcK0x6s1A1CVCHJrZw.jpg,0,0,0,0,0,0,,False,,Horror,,
1151713,,The Horror House Cult Murders,The Horror House Cult Murders,en,,,2009-01-01,/gC2zLlU5cTslyVK6GZmhghJGqzs.jpg,0,0,0,0,0,0,,False,,Horror,,
1151716,,Dead Ending,Dead Ending,en,,,2009-01-01,/zYtZPvpAq011osfK9YRNSAmleBY.jpg,0,0,0,0,0,0,,False,,Horror,,
1151746,,Sacrifice Me,Sacrifice Me,en,,,2019-01-01,/nNpnhSis8DPGTom986w8aFblWVR.jpg,0,0,0,0,0,0,,False,,Horror,,
1151750,,Escape From Suffering,Escape From Suffering,en,,,2022-01-01,/oV8kPKrQIW4nJxKlxkyZfapvO5W.jpg,0,0,0,0,0,0,,False,,Horror,,
1151754,,Curse of the Black Cat,Curse of the Black Cat,en,,,2022-01-01,/g21o58jIzlGOiZ4C7BDVzSosfks.jpg,0,0,0,0,0,0,,False,,Horror,,
1151757,,Pizza Ghoul,Pizza Ghoul,en,,,2022-01-01,/aVhddXis17fLb55VbawEolPGN5g.jpg,0,0,0,0,0,0,,False,,Horror,,
1151820,,Deep Dwellers,Deep Dwellers,en,,,2014-01-01,/uNGLanB3pN7JbYU9GJjuK8I00DI.jpg,0,0,0,0,0,0,,False,,Horror,,
1151947,,Othering,Othering,en,,,2020-01-01,/4cRJQj92SyGoof1qbwIQGMiAS42.jpg,0,0,0,0,0,0,,False,,Horror,,
1152303,,Ravenwing & Cybercop vs Spellbynder,Ravenwing & Cybercop vs Spellbynder,en,,,1999-01-01,/6H5ZPpxhopKgXA2urOszjsRUddZ.jpg,0,0,0,0,0,0,,False,,Horror,,
1152341,,Video Tape A #1,Video Tape A #1,en,,,2007-01-01,/gHcTHEWnPkePFvWew2B127q9Klt.jpg,0,0,0,0,0,0,,False,,Horror,,
1152466,,At Least He Didn't Eat the Bodies.,At Least He Didn't Eat the Bodies.,en,,,2010-01-01,/uqBinUE9uxUh5EfqDoUOKy2qQWh.jpg,0,0,0,0,0,0,,False,,Horror,,
1152470,,Mark of the Beast,Mark of the Beast,en,,,1999-01-01,/2GBuSoD8e9GcOlWLsQWfWoILq98.jpg,0,0,0,0,0,0,,False,,Horror,,
1152639,,Watch Them Die Slowly,Watch Them Die Slowly,en,,,2021-01-01,/qjgJwAJXimyQSTXs0xIYVbi6SdY.jpg,0,0,0,0,0,0,,False,,Horror,,
1152657,,Ribcage,Ribcage,en,,,2022-01-01,/tYqV0Jd7h0c7LgtTSXj1lF2pbYA.jpg,0,0,0,0,0,0,,False,,Horror,,
1152735,,Don’t Go into the Lake,Don’t Go into the Lake,en,,,2016-01-01,/fa8uZTQzILNfWdSEb0H9H5ly5RI.jpg,0,0,0,0,0,0,,False,,Horror,,
1152737,,Hag,Hag,en,,,2014-01-01,/rDTJGrzkzzCDTdL98cH761KQvy6.jpg,0,0,0,0,0,0,,False,,Horror,,
1152886,,Hitori Kakurenbo: Hide-and-Seek,Hitori Kakurenbo: Hide-and-Seek,en,,,2014-01-01,/elnCoa3az1gagxKwZNOL6NfkTrF.jpg,0,0,0,0,0,0,,False,,Horror,,
1153539,,The Powers That Be,The Powers That Be,en,,,2022-01-01,/hsU5XPr88vP0RYgJiPRlhVf1WA.jpg,0,0,0,0,0,0,,False,,Horror,,
1153628,,Das Buch Der Blutigen Geschichten,Das Buch Der Blutigen Geschichten,en,,,1991-01-01,/5RzmZGzPOhWlMrs6QeHrlE4zKF3.jpg,0,0,0,0,0,0,,False,,Horror,,
1153861,,EVERYTHING WILL KILL YOU - SNAP,EVERYTHING WILL KILL YOU - SNAP,en,,,2022-01-01,/gAfmoDoYM4Uj1Q1ZLnf1UoFel5b.jpg,0,0,0,0,0,0,,False,,Horror,,
1153882,,The Tunnel,The Tunnel,en,,,2022-01-01,/tmuY9CQ50TvgXfIrQkGdsLhHA2E.jpg,0,0,0,0,0,0,,False,,Horror,,
1153905,,With Truelove Showers,With Truelove Showers,en,,,2013-01-01,/38s78uKe10W4ShaW2PeI3jDYrdr.jpg,0,0,0,0,0,0,,False,,Horror,,
1154187,,Attack of the Undead,Attack of the Undead,en,,,1995-01-01,/dQA7P5MRVzdNFcWD7uY1a7U2dos.jpg,0,0,0,0,0,0,,False,,Horror,,
1154276,,Asvins,Asvins,en,,,2020-01-01,/5URyWEW4UoCXC4PFU7EbPdZtuBO.jpg,0,0,0,0,0,0,,False,,Horror,,
1154456,,Natzee Zombie Carnage,Natzee Zombie Carnage,en,,,2020-01-01,/jE1ssOD9xxHY1ha4Qu8pXTGKuZA.jpg,0,0,0,0,0,0,,False,,Horror,,
1154618,,The Haunted Movie Collection,The Haunted Movie Collection,en,,,2022-01-01,/wCwwZwEIO7RtiCBpVPdqt8CHIjZ.jpg,0,0,0,0,0,0,,False,,Horror,,
1154831,,*666,*666,en,,,2022-01-01,/361PrCwnDveDsFIeBreeMeQxEJX.jpg,0,0,0,0,0,0,,False,,Horror,,
1154994,,Dark Satanic Magick,Dark Satanic Magick,en,,,2014-01-01,/lqKDYDGVTjufHkNY9khoPNm0ry3.jpg,0,0,0,0,0,0,,False,,Horror,,
1154996,,Fixation: When Art Goes Too Far,Fixation: When Art Goes Too Far,en,,,2015-01-01,/toIL4qawf9OB9rSzmoDxnLRyksF.jpg,0,0,0,0,0,0,,False,,Horror,,
1155261,,Severed Lives,Severed Lives,en,,,2006-01-01,/ydqxwY3tmzY1VNecGyGreSnorw0.jpg,0,0,0,0,0,0,,False,,Horror,,
1155547,,Oh! The Horror!,Oh! The Horror!,en,,,2021-01-01,/1TUEahyvhGubmwwRGdkuxh6OFz6.jpg,0,0,0,0,0,0,,False,,Horror,,
1155643,,Tiyanak,Tiyanak,en,,,2017-01-01,/uEFuVABcyn3rl2bkb0fHv0wlgId.jpg,0,0,0,0,0,0,,False,,Horror,,
1155814,,Worm,Worm,en,,,2021-01-01,/6m7EDK8cCu17cMEKRgOlliNDOhk.jpg,0,0,0,0,0,0,,False,,Horror,,
1155858,,Cutthroat,Cutthroat,en,,,2018-01-01,/40GpKaYFt7fDycyhY4tJYkj1oMX.jpg,0,0,0,0,0,0,,False,,Horror,,
1156002,,So bad,So bad,en,,,2022-01-01,/85RZb477itRYpNt4VjAtd36WAWj.jpg,0,0,0,0,0,0,,False,,Horror,,
1156182,,The House of Nod Halloween Special,The House of Nod Halloween Special,en,,,2020-01-01,/tpBf2n9HDyp7X1duvC5p7upCeN6.jpg,0,0,0,0,0,0,,False,,Horror,,
1156361,,Box on the Hill,Box on the Hill,en,,,2022-01-01,/AqJ86csGOuwnsZ0Lx34rwqmMWmD.jpg,0,0,0,0,0,0,,False,,Horror,,
1156362,,Trailersploitation,Trailersploitation,en,,,2018-01-01,/g761U989qn5a63lqPHOR7yA4vCL.jpg,0,0,0,0,0,0,,False,,Horror,,
1156532,,Smoking Drill,Smoking Drill,en,,,2000-01-01,/trGWoxgXRKD1jB4rHtJaaIVZKju.jpg,0,0,0,0,0,0,,False,,Horror,,
1156538,,Killer Zombies,Killer Zombies,en,,,1986-01-01,/mhInbDo1liVtOQcld06vPgHFpPY.jpg,0,0,0,0,0,0,,False,,Horror,,
1156546,,A Party For Me,A Party For Me,en,,,2014-01-01,/27ZZyQ2awzr2KQ365BmWem721DX.jpg,0,0,0,0,0,0,,False,,Horror,,
1156591,,Cut-Out,Cut-Out,en,,,2014-01-01,/auVghkI6OWY88EVfjLQ5QZO07Pl.jpg,0,0,0,0,0,0,,False,,Horror,,
1156721,,Curse,Curse,en,,,2018-01-01,/aLxbOKmiybfjtDVmoRdFT0LsqvD.jpg,0,0,0,0,0,0,,False,,Horror,,
1156820,,Meat's Meat... And Man's Gotta Eat,Meat's Meat... And Man's Gotta Eat,en,,,1990-01-01,/j6qVsEvsrpkkfdqem305Ssew727.jpg,0,0,0,0,0,0,,False,,Horror,,
1156834,,The Smell of Death,The Smell of Death,en,,,1991-01-01,/j6qVsEvsrpkkfdqem305Ssew727.jpg,0,0,0,0,0,0,,False,,Horror,,
1156893,,The Possessed,The Possessed,en,,,2017-01-01,/7nYRv4LesOlfoGyT4MXD3JQnqOb.jpg,0,0,0,0,0,0,,False,,Horror,,
1156991,,Midnight Abyss,Midnight Abyss,en,,,2011-01-01,/7z2MTzlni1hRwDYZOJeslmwwUwC.jpg,0,0,0,0,0,0,,False,,Horror,,
1157237,,Social Murders,Social Murders,en,,,2008-01-01,/g9xzlpjHhRQTYlzpm88HpwbPjDn.jpg,0,0,0,0,0,0,,False,,Horror,,
1157482,,The Ghouligans! Super Show!,The Ghouligans! Super Show!,en,,,2008-01-01,/g039VhRhpasZFqIeN31QKV5lEr0.jpg,0,0,0,0,0,0,,False,,Horror,,
1157933,,Better Off Inside,Better Off Inside,en,,,2013-01-01,/6UMMuTlTwSUv03rkj7wzxGPu7Oj.jpg,0,0,0,0,0,0,,False,,Horror,,
1157983,,A Banded Perturbation,A Banded Perturbation,en,,,2022-01-01,/8N7lHtGKhXvPUEF8pC7bCrRuS2N.jpg,0,0,0,0,0,0,,False,,Horror,,
1157988,,I Heard It,I Heard It,en,,,2021-01-01,/2KjKD19LuHYjeo1LBCCdJZwlfac.jpg,0,0,0,0,0,0,,False,,Horror,,
1158031,,Midnight,Midnight,en,,,2020-01-01,/q0O2dWGPkyFZd2JgHre4MOpPlbZ.jpg,0,0,0,0,0,0,,False,,Horror,,
1158052,,Fright,Fright,en,,,2020-01-01,/wUvoWjGgTlBa2WSyFPqKv34AODP.jpg,0,0,0,0,0,0,,False,,Horror,,
1158179,,Cold Shoulder,Cold Shoulder,en,,,2015-01-01,/e7eyBJ6cF9BivNIDMXlV8EHCNAx.jpg,0,0,0,0,0,0,,False,,Horror,,
1158226,,Journey to the Unknown,Journey to the Unknown,en,,,1969-01-01,/aGhBTuSfn5GqcvX0es8u0IasRBa.jpg,0,0,0,0,0,0,,False,,Horror,,
1158271,,Terror/Forming,Terror/Forming,en,,,2022-01-01,/xoeZled99mVbVv7u6MGGGqaopyW.jpg,0,0,0,0,0,0,,False,,Horror,,
1158326,,Poor Herman,Poor Herman,en,,,2022-01-01,/raZkvb2ZXLHSCHyYSJ5KFazMmay.jpg,0,0,0,0,0,0,,False,,Horror,,
1158427,,Temptation,Temptation,en,,,2005-01-01,/fJ2jLFvAInCkvFuS12ZNppzhmol.jpg,0,0,0,0,0,0,,False,,Horror,,
1158505,,The Ancestry,The Ancestry,en,,,2019-01-01,/7CgHmNc8VemVjvHHHnmYlkNSCuI.jpg,0,0,0,0,0,0,,False,,Horror,,
1158513,,Starve,Starve,en,,,2018-01-01,/yLZX2FNGhN2hAu7zSDhh8ScbXQr.jpg,0,0,0,0,0,0,,False,,Horror,,
1158776,,Baby's Breath,Baby's Breath,en,,,2003-01-01,/gi49AxvGRKw5aJb6Hj82MWbYJQ7.jpg,0,0,0,0,0,0,,False,,Horror,,
1159437,,It's Coming,It's Coming,en,,,2017-01-01,/y2SJRS3iu2rjCzgqC9ObQAMTyQl.jpg,0,0,0,0,0,0,,False,,Horror,,
1159456,,The Hauntening,The Hauntening,en,,,2016-01-01,/6mwFdFCx6rWBLuFWM7OE2t8dgTu.jpg,0,0,0,0,0,0,,False,,Horror,,
1160063,,Phantom Theater,Phantom Theater,en,,,2010-01-01,/7fb4zR2IuECEnHsmVILM5nY1In8.jpg,0,0,0,0,0,0,,False,,Horror,,
1160065,,Visit to the Grave,Visit to the Grave,en,,,2022-01-01,/z0hwBOkF7llsa8ZzG6pG7dGujDc.jpg,0,0,0,0,0,0,,False,,Horror,,
1160134,,Strange Stories,Strange Stories,en,,,1953-01-01,/jAWQfvRiAW5z3tH3dxC4RzdMb0F.jpg,0,0,0,0,0,0,,False,,Horror,,
1160137,,Maze,Maze,en,,,1969-01-01,/c84m9o6PvsXjsZKEeukv31QVahM.jpg,0,0,0,0,0,0,,False,,Horror,,
1160572,,A Blinking Existence,A Blinking Existence,en,,,2021-01-01,/9HC95hT9FM7ApYAtDFLSGjXh95e.jpg,0,0,0,0,0,0,,False,,Horror,,
1160858,,The Horror Portfolio,The Horror Portfolio,en,,,2012-01-01,/bDkEubVSBtdqrLL6I89MdTSjmZd.jpg,0,0,0,0,0,0,,False,,Horror,,
1161145,,12 Inches of Dangling Fury,12 Inches of Dangling Fury,en,,,2002-01-01,/2wt6t6wVYFQQ9LOXEnDQD3s3yTz.jpg,0,0,0,0,0,0,,False,,Horror,,
1161226,,There Is No Door,There Is No Door,en,,,2017-01-01,/1Ei9Hc87bxc4sUuLmnlT1dDs5TZ.jpg,0,0,0,0,0,0,,False,,Horror,,
1161343,,Up on the Housetop,Up on the Housetop,en,,,2022-01-01,/ehjcIcc9fH70MmFZlxPa5XGBit4.jpg,0,0,0,0,0,0,,False,,Horror,,
1161543,,Closure Corps,Closure Corps,en,,,2022-01-01,/lTSKHPfLBXNqv9zJSwAYPU6ek1D.jpg,0,0,0,0,0,0,,False,,Horror,,
1161687,,Stranger,Stranger,en,,,2017-01-01,/2rxr4fn2xRTS7EqZM6i9hVRkeSx.jpg,0,0,0,0,0,0,,False,,Horror,,
1161738,,Cure,Cure,en,,,2020-01-01,/kKkDtcCuSYuZEvKHjr5xeELnj5n.jpg,0,0,0,0,0,0,,False,,Horror,,
1162176,,Homestay,Homestay,en,,,2021-01-01,/q1wXPzmvayyEAvMFrP8RiY1HM2p.jpg,0,0,0,0,0,0,,False,,Horror,,
1162682,,Fear,Fear,en,,,2001-01-01,/tbHumYU4xob85KAJ2HodV12uBwn.jpg,0,0,0,0,0,0,,False,,Horror,,
1162685,,Storage Locker,Storage Locker,en,,,2022-01-01,/4yW2CRh3ToYtUPFHvlBLwa5QuBj.jpg,0,0,0,0,0,0,,False,,Horror,,
1162841,,The Invitation,The Invitation,en,,,2017-01-01,/iSuyUCFB8cY970XigqeiWf75OEN.jpg,0,0,0,0,0,0,,False,,Horror,,
1163216,,Doll Eyes,Doll Eyes,en,,,2021-01-01,/jdaDwE5fGrIoL5T6k9veTfBTFXE.jpg,0,0,0,0,0,0,,False,,Horror,,
1163237,,The Estate Agent,The Estate Agent,en,,,2014-01-01,/joD8LY2OuGT6VJk8mNrzlalGErJ.jpg,0,0,0,0,0,0,,False,,Horror,,
1163338,,Foresight,Foresight,en,,,2021-01-01,/5Yr8C2wlRyR7ILkM0L6gHHCyLly.jpg,0,0,0,0,0,0,,False,,Horror,,
1163339,,PANIC,PANIC,en,,,2022-01-01,/uIVR49absyZopbkldfDV1U4LmUK.jpg,0,0,0,0,0,0,,False,,Horror,,
1163775,,The House On Bonejack Hill,The House On Bonejack Hill,en,,,2006-01-01,/y2Bnb8rUF7GthsCmJRRCYodkLUX.jpg,0,0,0,0,0,0,,False,,Horror,,
1163930,,Elevator Express,Elevator Express,en,,,2021-01-01,/5CWXEC4Gj2MYdxqLBjjw0MJxmIQ.jpg,0,0,0,0,0,0,,False,,Horror,,
1163931,,Tesla's Suicide,Tesla's Suicide,en,,,2007-01-01,/qEhFbvggjnPvzBjqeYsSdStl0vU.jpg,0,0,0,0,0,0,,False,,Horror,,
1163964,,Unfazed,Unfazed,en,,,2022-01-01,/16ottkJtXwZHUmCd1oD7TpS5jaB.jpg,0,0,0,0,0,0,,False,,Horror,,
1164176,,Monster Mania,Monster Mania,en,,,1991-01-01,/arsztr6mkZujrcW47fbj0do0hh.jpg,0,0,0,0,0,0,,False,,Horror,,
1164387,,For a Moment,For a Moment,en,,,2017-01-01,/oEGky8YoGASXacEjPiJkyH8BgCC.jpg,0,0,0,0,0,0,,False,,Horror,,
1164563,,Return of the Redneck Zombies,Return of the Redneck Zombies,en,,,2017-01-01,/dItKk9u5sV8QLxsxm8VkyRSLhJJ.jpg,0,0,0,0,0,0,,False,,Horror,,
1165456,,Bone Chillers: Art Intimidates Life,Bone Chillers: Art Intimidates Life,en,,,1997-01-01,/5ZwPeoscwhYHHFZVQhZA2SjzBpI.jpg,0,0,0,0,0,0,,False,,Horror,,
1165867,,Turquoise Boy,Turquoise Boy,en,,,2014-01-01,/lTyNXNIfu0sBnq46YenwQ8uql1U.jpg,0,0,0,0,0,0,,False,,Horror,,
1165947,,¿Dónde estoy?,¿Dónde estoy?,en,,,2021-01-01,/jwjUWFghVQkb03Er2ZZWh8fyq5b.jpg,0,0,0,0,0,0,,False,,Horror,,
1166156,,Status Change,Status Change,en,,,2015-01-01,/gyfNxXZXT39b1xc2Zhdr8PbSTKN.jpg,0,0,0,0,0,0,,False,,Horror,,
1166420,,Turtle Soup,Turtle Soup,en,,,2022-01-01,/jOodNharM6gcsEo0l7Gdwh2jEvY.jpg,0,0,0,0,0,0,,False,,Horror,,
1166523,,One Time In The Woods,One Time In The Woods,en,,,2019-01-01,/20SDJCuXZAhLCJvdFuXivi7vgiU.jpg,0,0,0,0,0,0,,False,,Horror,,
1166528,,Hillbilly Frankenstein from Hell,Hillbilly Frankenstein from Hell,en,,,2021-01-01,/2ygiG2tnsj0fvw4idRjUYD0NVN9.jpg,0,0,0,0,0,0,,False,,Horror,,
1166592,,Neethraa,Neethraa,en,,,2020-01-01,/ysS3rWm8GD59XaEOnJrY8ESK99A.jpg,0,0,0,0,0,0,,False,,Horror,,
1166666,,Immolation,Immolation,en,,,2022-01-01,/nCbFT59Rghccs7qnpvB63gEYrWc.jpg,0,0,0,0,0,0,,False,,Horror,,
1166723,,The Island,The Island,en,,,2022-01-01,/pAB4BBZxxLkpNn3OyEZWrBfxSYn.jpg,0,0,0,0,0,0,,False,,Horror,,
1166725,,The Seance,The Seance,en,,,2022-01-01,/cVHQh1WxjFJL0RoLvqipuovDGd7.jpg,0,0,0,0,0,0,,False,,Horror,,
1167300,,Benda Keramat,Benda Keramat,en,,,2021-01-01,/lI9b2EYaq33kJMkYDLN7pAm5Jui.jpg,0,0,0,0,0,0,,False,,Horror,,
1167553,,Frankenstein (I Swear on My Mother's Eyes) The True Story,Frankenstein (I Swear on My Mother's Eyes) The True Story,en,,,1983-01-01,/j8ySc1TExS3Tw0G3ZHKB1YE8YB6.jpg,0,0,0,0,0,0,,False,,Horror,,
1167764,,Sympathy,Sympathy,en,,,2004-01-01,/y5bbHWArS502tHbZIewiPMZFFoY.jpg,0,0,0,0,0,0,,False,,Horror,,
1168089,,Wolfika,Wolfika,en,,,2006-01-01,/ozpWQfq8uxUY0tIuc97nGC9A7IK.jpg,0,0,0,0,0,0,,False,,Horror,,
1168257,,Cooperate,Cooperate,en,,,2014-01-01,/tzoiNVY0MBwyHyQsVWGbGU9dwKc.jpg,0,0,0,0,0,0,,False,,Horror,,
1168742,,Science of a Seance,Science of a Seance,en,,,2022-01-01,/yMmcrDoLYtYz4RG0TVkyOzGZAql.jpg,0,0,0,0,0,0,,False,,Horror,,
1168744,,Mindful Meditation,Mindful Meditation,en,,,2022-01-01,/tbwvIwEOxUY8CesC0TEtgZDw9zo.jpg,0,0,0,0,0,0,,False,,Horror,,
1168989,,A Patch Of Desert,A Patch Of Desert,en,,,2021-01-01,/zBsYQF9eKvVbwXbX0dNkdfWhehY.jpg,0,0,0,0,0,0,,False,,Horror,,
1169406,,The Fumigation Before Christmas,The Fumigation Before Christmas,en,,,2021-01-01,/cdYnDZRVgkFggrZT8KoFvBHbUv9.jpg,0,0,0,0,0,0,,False,,Horror,,
1169439,,"Strange Encounters: Vampires, UFOs and Hauntings","Strange Encounters: Vampires, UFOs and Hauntings",en,,,2010-01-01,/knpeubjVL6YNH8RqhcWshJS5zot.jpg,0,0,0,0,0,0,,False,,Horror,,
1169681,,The Barghest,The Barghest,en,,,2001-01-01,/u97vqm0lJgWJpjxhulLOSFFsG6.jpg,0,0,0,0,0,0,,False,,Horror,,
1170043,,Stay Awake,Stay Awake,en,,,2016-01-01,/msplkCvihRwVcPGleXbOh3qMs00.jpg,0,0,0,0,0,0,,False,,Horror,,
1170057,,Maniac: The Making of Documentary,Maniac: The Making of Documentary,en,,,2013-01-01,/mAQ5ShuVu9otrgxPPVDBIpgSuFP.jpg,0,0,0,0,0,0,,False,,Horror,,
1170128,,The Monkey’s Paw,The Monkey’s Paw,en,,,2011-01-01,/oGfPDElRlOM6jqhakiF45fAgcK4.jpg,0,0,0,0,0,0,,False,,Horror,,
1170380,,"Murder Room, Inc","Murder Room, Inc",en,,,2021-01-01,/xoCenXHKb1rD9hCHa2NyGmjfejT.jpg,0,0,0,0,0,0,,False,,Horror,,
1170458,,Scene of the Crime,Scene of the Crime,en,,,2020-01-01,/vhs1KqQJK2VFZYH3NiUKfGoJ8r4.jpg,0,0,0,0,0,0,,False,,Horror,,
1170879,,Little Munchkin,Little Munchkin,en,,,2011-01-01,/4TgPI2Zkovymvqs03lxvbFsrNNC.jpg,0,0,0,0,0,0,,False,,Horror,,
1170910,,There Are No Moms in Hell,There Are No Moms in Hell,en,,,2019-01-01,/7A2yPmOizIR9UEVyTfnlF3Hnrgm.jpg,0,0,0,0,0,0,,False,,Horror,,
1170919,,Pizza Express,Pizza Express,en,,,1999-01-01,/vILJaTWDDYGXqW3L3HC6JT1AXRv.jpg,0,0,0,0,0,0,,False,,Horror,,
1170928,,Terrible Idea,Terrible Idea,en,,,2020-01-01,/60SIQoMEgYu4pKScf2cNVZiqjDf.jpg,0,0,0,0,0,0,,False,,Horror,,
1171230,,Mediatrix,Mediatrix,en,,,2011-01-01,/hkezoFFZf9vVjB6bNn1idemDdvY.jpg,0,0,0,0,0,0,,False,,Horror,,
1171233,,TriTonia,TriTonia,en,,,2018-01-01,/hJ4oHg0yQwQ01QuS6QYKYcvhobD.jpg,0,0,0,0,0,0,,False,,Horror,,
1171605,,Sonny Days,Sonny Days,en,,,2019-01-01,/6lATwWy1CFliLVkRvjMVDLsiQCj.jpg,0,0,0,0,0,0,,False,,Horror,,
1171870,,Housekreeping,Housekreeping,en,,,2019-01-01,/Mth2JgJMWJ0qAXaUjIFnPXeVUQ.jpg,0,0,0,0,0,0,,False,,Horror,,
1171889,,The Wandering Soul,The Wandering Soul,en,,,2021-01-01,/38oUGW34fDUtc4eWEgiuibYj8vA.jpg,0,0,0,0,0,0,,False,,Horror,,
1171895,,Dead Fish,Dead Fish,en,,,2021-01-01,/miSUFyIR5kihSUiBKiUYUY0BUYh.jpg,0,0,0,0,0,0,,False,,Horror,,
1172107,,Blood Orange,Blood Orange,en,,,2020-01-01,/uwB4i1fdqLmSKztPQ9tM936WMeh.jpg,0,0,0,0,0,0,,False,,Horror,,
1172388,,L4ST,L4ST,en,,,2014-01-01,/qDaC49RoA2K7Jy85n3MG7gtmu8I.jpg,0,0,0,0,0,0,,False,,Horror,,
1172440,,Killrats,Killrats,en,,,2013-01-01,/mR1OYkwg76Xewp693Gyk9lHMM2D.jpg,0,0,0,0,0,0,,False,,Horror,,
1172466,,Horror Anthology Volume 1,Horror Anthology Volume 1,en,,,2022-01-01,/6zSvqiwmbcjA4C0sRGD0Tdn36mQ.jpg,0,0,0,0,0,0,,False,,Horror,,
1172468,,Hellbox,Hellbox,en,,,2021-01-01,/6g1bGjOlZTrXgX56mFEXni6fSh4.jpg,0,0,0,0,0,0,,False,,Horror,,
1172491,,Skinny Puppy: Last Rights Backing Film,Skinny Puppy: Last Rights Backing Film,en,,,1992-01-01,/jiiH6oduEt0BinwAgeuwZYuuzz8.jpg,0,0,0,0,0,0,,False,,Horror,,
1172493,,Skinny Puppy: Too Dark Park Backing Film,Skinny Puppy: Too Dark Park Backing Film,en,,,1990-01-01,/16kNroQlOHmrXOksu2R7lfgqBz6.jpg,0,0,0,0,0,0,,False,,Horror,,
1172602,,Perfect Mate,Perfect Mate,en,,,2009-01-01,/lF6L9zMH0aa376177Em1umWgn3j.jpg,0,0,0,0,0,0,,False,,Horror,,
1172652,,Death Rattle LSD,Death Rattle LSD,en,,,2011-01-01,/qhJwiZXeyaI4v1N0K4eOdH9bcwn.jpg,0,0,0,0,0,0,,False,,Horror,,
1172678,,Cannot Play Title,Cannot Play Title,en,,,2022-01-01,/oVZYb103cNyednPMbCfhqxOuiGP.jpg,0,0,0,0,0,0,,False,,Horror,,
1172731,,ONE NIGHT EVERYWHERE,ONE NIGHT EVERYWHERE,en,,,2022-01-01,/wLIJhm3XdrWj8g28C0HvsqATDyx.jpg,0,0,0,0,0,0,,False,,Horror,,
1172809,,The Dog Barks,The Dog Barks,en,,,2016-01-01,/hy3y16UxQhRHckUDsiPuKwFoTeH.jpg,0,0,0,0,0,0,,False,,Horror,,
1172918,,Children of Darkwood House,Children of Darkwood House,en,,,2021-01-01,/5HGVFbzlmE9dWFM1OL2c7hsRTRV.jpg,0,0,0,0,0,0,,False,,Horror,,
1173070,,Urban Decay,Urban Decay,en,,,2007-01-01,/h9KOOd0sYFpJReMPiQFJrgmHvnp.jpg,0,0,0,0,0,0,,False,,Horror,,
1173124,,Pill Head Ed,Pill Head Ed,en,,,2020-01-01,/n2GIx0cYKoSNTAgNVeFNtCE1HNT.jpg,0,0,0,0,0,0,,False,,Horror,,
1173275,,The Lost Goddess,The Lost Goddess,en,,,2019-01-01,/e9MJuXvM23AGCZreLJytQnWCGKR.jpg,0,0,0,0,0,0,,False,,Horror,,
1173316,,The Silver Scream 2: Welcome to Horrorwood,The Silver Scream 2: Welcome to Horrorwood,en,,,2021-01-01,/AmdBx3yy2Ki9B0yYhlKnwAsH682.jpg,0,0,0,0,0,0,,False,,Horror,,
1173368,,Fear View,Fear View,en,,,2012-01-01,/eOGYCox0ri0YGW29yP10bhnYUVC.jpg,0,0,0,0,0,0,,False,,Horror,,
1173371,,The Baby Watcher,The Baby Watcher,en,,,2010-01-01,/rT4yvkqLKywWvKQ6cF91l2pip7I.jpg,0,0,0,0,0,0,,False,,Horror,,
1174161,,The Infiltrators,The Infiltrators,en,,,2004-01-01,/htgHf0jz70XRBO2QEtHkhT3zhzl.jpg,0,0,0,0,0,0,,False,,Horror,,
1174278,,Marrtown,Marrtown,en,,,2017-01-01,/eU2rKVmS5H7TAQSolUHUz3Wf1qU.jpg,0,0,0,0,0,0,,False,,Horror,,
1175503,,Bump In The Night,Bump In The Night,en,,,2022-01-01,/A9xsZ6qatGzObsNzS4U9BlOduLf.jpg,0,0,0,0,0,0,,False,,Horror,,
1175601,,Witch of the Woods,Witch of the Woods,en,,,2022-01-01,/f048MDa90G58A16S8m2YjF0YiR0.jpg,0,0,0,0,0,0,,False,,Horror,,
1175699,,Booty Lick Witch,Booty Lick Witch,en,,,2011-01-01,/b8zAr11qs7cprP6QSep0mfgeQso.jpg,0,0,0,0,0,0,,False,,Horror,,
1176014,,The Fridge,The Fridge,en,,,2017-01-01,/fFynw5zB9UmWkHyxLiQNyqWjFJU.jpg,0,0,0,0,0,0,,False,,Horror,,
1176313,,Roomies,Roomies,en,,,2018-01-01,/f6QmYowICm04TZpyx0Z21HjHuOA.jpg,0,0,0,0,0,0,,False,,Horror,,
1176360,,The Dinner,The Dinner,en,,,2021-01-01,/f8vcd08CK7WcXxiUPcgRIZeeAX1.jpg,0,0,0,0,0,0,,False,,Horror,,
1176393,,I Know What You Did Last Winter,I Know What You Did Last Winter,en,,,2004-01-01,/mzC9VmcQTIS8b8BpfW7WG3G21Jm.jpg,0,0,0,0,0,0,,False,,Horror,,
1176464,,The Flesh Keeper,The Flesh Keeper,en,,,2007-01-01,/8M5cLfRsW7OsPoThVc8ZQUfBkig.jpg,0,0,0,0,0,0,,False,,Horror,,
1176582,,Friday Night Shift,Friday Night Shift,en,,,2020-01-01,/zJpmKX4og2wIIAdcnJmeHbXVEVR.jpg,0,0,0,0,0,0,,False,,Horror,,
1177018,,Vampire,Vampire,en,,,1999-01-01,/oXTH1zMAPO1lRJJVcIb4VynkYUT.jpg,0,0,0,0,0,0,,False,,Horror,,
1177275,,Black Secret,Black Secret,en,,,2021-01-01,/uVOu1acv9oytT4HSMjFrNdueXfw.jpg,0,0,0,0,0,0,,False,,Horror,,
1177512,,Squatters,Squatters,en,,,2018-01-01,/pzD4gWUef9ZNtlwX6ZB9pR0bQ8I.jpg,0,0,0,0,0,0,,False,,Horror,,
1178729,,"Chicken, Its what’s for Dinner","Chicken, Its what’s for Dinner",en,,,2022-01-01,/lmJUCE3HZaTdo3uYGoqzgwbmxX3.jpg,0,0,0,0,0,0,,False,,Horror,,
1178769,,Face,Face,en,,,1999-01-01,/tgubf2YG0sH9lehgCcmFgsVU63I.jpg,0,0,0,0,0,0,,False,,Horror,,
1178905,,The Black Hole,The Black Hole,en,,,1997-01-01,/8Bq1ilz4BlVhgbqsx50t86zMtyq.jpg,0,0,0,0,0,0,,False,,Horror,,
1179110,,Brackish,Brackish,en,,,2007-01-01,/94CUKBbBZIqMh3WLvR1zo4VOxqX.jpg,0,0,0,0,0,0,,False,,Horror,,
1179119,,The Abandoned,The Abandoned,en,,,2008-01-01,/fN1Ry8h3vjw33Z5j8WlHiZ5qFgi.jpg,0,0,0,0,0,0,,False,,Horror,,
1179170,,Death Park: The Beginning,Death Park: The Beginning,en,,,2021-01-01,/hMRj1zpMc6PzezD3Um5nBqr45zu.jpg,0,0,0,0,0,0,,False,,Horror,,
1179922,,Plantlife,Plantlife,en,,,2020-01-01,/9WOA3f3JeDPtPHRr3NOmgqV9uJj.jpg,0,0,0,0,0,0,,False,,Horror,,
1180058,,Firebrand: Dead or Alive,Firebrand: Dead or Alive,en,,,2004-01-01,/slnASGTfq5aFl3fa6gr7sKZyqBI.jpg,0,0,0,0,0,0,,False,,Horror,,
1180483,,Slumber Party Slaughterhouse,Slumber Party Slaughterhouse,en,,,2008-01-01,/zmKZjGgDQCxRgUwxoe8KHN4cOOa.jpg,0,0,0,0,0,0,,False,,Horror,,
1180496,,Reaper Madness,Reaper Madness,en,,,1998-01-01,/jWzaCqgPilcvUeVtm6rKhvTQacd.jpg,0,0,0,0,0,0,,False,,Horror,,
1180626,,Book,Book,en,,,2021-01-01,/z3WCeMrvad9mW8cAbKbKnwOR3wN.jpg,0,0,0,0,0,0,,False,,Horror,,
1180762,,The Claw Monsters,The Claw Monsters,en,,,1966-01-01,/v0xTMNVbzG8sNAVlFhsw8QT0BGb.jpg,0,0,0,0,0,0,,False,,Horror,,
1181181,,Bugbear,Bugbear,en,,,2021-01-01,/g1286Pm60KNDBk65YPLT6PIgGaf.jpg,0,0,0,0,0,0,,False,,Horror,,
1181295,,They Can't Hear You,They Can't Hear You,en,,,2016-01-01,/y4X37AcGlulHgh10Vf50nwKPHdO.jpg,0,0,0,0,0,0,,False,,Horror,,
1181555,,Among the Fallen,Among the Fallen,en,,,2011-01-01,/irRO4NNWhzRjCl9vxAMFl8m6jVi.jpg,0,0,0,0,0,0,,False,,Horror,,
1181746,,515,515,en,,,2015-01-01,/6EV9YJ9NiiVljAfasQlIz07BqFr.jpg,0,0,0,0,0,0,,False,,Horror,,
1182051,,The Novelty,The Novelty,en,,,2014-01-01,/rcNlD8DiIWznEZDcFulsf1p7ATA.jpg,0,0,0,0,0,0,,False,,Horror,,
1182064,,The Lantern,The Lantern,en,,,2015-01-01,/u1Tqc01FnXR7I4rqAMPlmKvCU4m.jpg,0,0,0,0,0,0,,False,,Horror,,
1182074,,The Roman,The Roman,en,,,2016-01-01,/bCXzUXNJLQlJseHi9wsCnPaTHq.jpg,0,0,0,0,0,0,,False,,Horror,,
1182081,,The Should-Not-Be,The Should-Not-Be,en,,,2017-01-01,/3cWygplVeV2RkAhGfS8Sfr3skbN.jpg,0,0,0,0,0,0,,False,,Horror,,
1182087,,The Ex-Pat,The Ex-Pat,en,,,2016-01-01,/1GOZH8W1n0TAVyLolhJjN4K3u2v.jpg,0,0,0,0,0,0,,False,,Horror,,
1182097,,The Devil Doll,The Devil Doll,en,,,2018-01-01,/noRv0QG3MOTnDS2SlHKP22f8v8X.jpg,0,0,0,0,0,0,,False,,Horror,,
1182169,,Smoker of the Future,Smoker of the Future,en,,,1985-01-01,/utGU2zFm8VE9zuicAcbkdTQzntn.jpg,0,0,0,0,0,0,,False,,Horror,,
1182175,,Baby,Baby,en,,,1985-01-01,/AhaCGdoftsH0M9MeVcDYpq6Zoyk.jpg,0,0,0,0,0,0,,False,,Horror,,
1182214,,Lion,Lion,en,,,2017-01-01,/dEoVekUFxXI8ojFOHy4JhNBcCci.jpg,0,0,0,0,0,0,,False,,Horror,,
1182293,,Rock Zombie,Rock Zombie,en,,,2007-01-01,/1FSI84YgBjwN2scdJ4zC8UIPT2g.jpg,0,0,0,0,0,0,,False,,Horror,,
1182454,,The Bloodville Massacre,The Bloodville Massacre,en,,,2021-01-01,/gSc6iPtDEvCXhIMwBMricpQL7h5.jpg,0,0,0,0,0,0,,False,,Horror,,
1182478,,Fish Out of Water,Fish Out of Water,en,,,2022-01-01,/ySABqbzBGyFUL1Y5UtRT8EUzDGZ.jpg,0,0,0,0,0,0,,False,,Horror,,
1182528,,Bile,Bile,en,,,2022-01-01,/lL5IFi870EdvYwhoAG3CZd02Fk0.jpg,0,0,0,0,0,0,,False,,Horror,,
1182646,,Dracula the Impaler,Dracula the Impaler,en,,,2002-01-01,/p28kglhSZqZz418hOfy4BMvLn4J.jpg,0,0,0,0,0,0,,False,,Horror,,
1182750,,Give Me Something Good To Eat,Give Me Something Good To Eat,en,,,2020-01-01,/lAgoNmC2qlIaXOxhYf0tZQw0giw.jpg,0,0,0,0,0,0,,False,,Horror,,
1182752,,Answer Me,Answer Me,en,,,2020-01-01,/m1ufnAkBjPIhgfoeQlvC4ZD2cE3.jpg,0,0,0,0,0,0,,False,,Horror,,
1182919,,Ball-Pit. Wednesday. Lemonade.,Ball-Pit. Wednesday. Lemonade.,en,,,2022-01-01,/mc3c9idAnwwaIDlImad1QQ1y4Ph.jpg,0,0,0,0,0,0,,False,,Horror,,
1183069,,Bound By Blood,Bound By Blood,en,,,2020-01-01,/pz7GgV5QbmkPUoGcP9G4pItd1sM.jpg,0,0,0,0,0,0,,False,,Horror,,
1183096,,Elvira’s Movie Macabre: Night Of The Living Dead,Elvira’s Movie Macabre: Night Of The Living Dead,en,,,2010-01-01,/c459nDAROvXK3Eda7TpDmCy9qAg.jpg,0,0,0,0,0,0,,False,,Horror,,
1183199,,The Wolves of Savin Hill,The Wolves of Savin Hill,en,,,2014-01-01,/blRzzZ5hclLMJKEz1A95Zn7p90h.jpg,0,0,0,0,0,0,,False,,Horror,,
1183212,,Hacking Away at Saw,Hacking Away at Saw,en,,,2005-01-01,/9Xy5zCpyPxgWjtFTpOCawGRAXpS.jpg,0,0,0,0,0,0,,False,,Horror,,
1183405,,The Rare Blue Apes of Cannibal Isle,The Rare Blue Apes of Cannibal Isle,en,,,1974-01-01,/g3ZJgjnjf3ITjjutHiOgFIv05aL.jpg,0,0,0,0,0,0,,False,,Horror,,
1183645,,Birth,Birth,en,,,2022-01-01,/1X7yYpli622rsmilq9dSB8NfwjH.jpg,0,0,0,0,0,0,,False,,Horror,,
1184067,,Taumanu,Taumanu,en,,,2022-01-01,/8CJrjsu8Ap1kmbkzMoZfAJDt4Mt.jpg,0,0,0,0,0,0,,False,,Horror,,
1184230,,Maniac,Maniac,en,,,2022-01-01,/zVnCIDlEgN6dxLW6CIE7dbKWV1k.jpg,0,0,0,0,0,0,,False,,Horror,,
1184300,,Frankenstein Reborn,Frankenstein Reborn,en,,,1993-01-01,/ubFlD2OKYnJEv5EDt9LGCGAqC66.jpg,0,0,0,0,0,0,,False,,Horror,,
1184506,,Cattywampus,Cattywampus,en,,,2022-01-01,/lkZrZgGbc9ZEeCCPQsvv1OZEB7B.jpg,0,0,0,0,0,0,,False,,Horror,,
1184670,,Origin,Origin,en,,,2018-01-01,/bgl7iKdRV3CkE4xTjUHMwuGyQox.jpg,0,0,0,0,0,0,,False,,Horror,,
1185010,,Through The Trees,Through The Trees,en,,,2022-01-01,/h7n889p6Vmbl6Wscx7tyrvnMMG4.jpg,0,0,0,0,0,0,,False,,Horror,,
1185020,,Start Again,Start Again,en,,,2017-01-01,/18LoT65RXYafYSlSPhaa0MG5euj.jpg,0,0,0,0,0,0,,False,,Horror,,
1185076,,The Curse of Highway Sheila,The Curse of Highway Sheila,en,,,2014-01-01,/wYuKiO8tbvQrBlPrNOotHb9ngMm.jpg,0,0,0,0,0,0,,False,,Horror,,
1185192,,Red Midnight,Red Midnight,en,,,1966-01-01,/39th4ZKeqg5oaIJX2d9JULwDP6B.jpg,0,0,0,0,0,0,,False,,Horror,,
1185377,,PCME,PCME,en,,,2020-01-01,/fmMByc54MhkvK351JDnf16baMgu.jpg,0,0,0,0,0,0,,False,,Horror,,
1185602,,"Sex, Love and Black Magic","Sex, Love and Black Magic",en,,,2004-01-01,/us1VMopw0pP49pdB6mNMR69V9Hy.jpg,0,0,0,0,0,0,,False,,Horror,,
1186141,,The “Damsel”,The “Damsel”,en,,,2022-01-01,/57ejKCYzFrsPkKLVXSAik4Ojz83.jpg,0,0,0,0,0,0,,False,,Horror,,
1186332,,Confessions of a Teenage Satanist,Confessions of a Teenage Satanist,en,,,2019-01-01,/6RGoYrOTZkhIdaDE2zrdau3B753.jpg,0,0,0,0,0,0,,False,,Horror,,
1186349,,Milk,Milk,en,,,2021-01-01,/m3KghFHviIRQTf6PcEldbst6wZA.jpg,0,0,0,0,0,0,,False,,Horror,,
1186352,,Citizen Twain Chapter 1: No Country For Bald Men,Citizen Twain Chapter 1: No Country For Bald Men,en,,,2022-01-01,/bN1aaJOHYSEbeTqPyC4dT971LB9.jpg,0,0,0,0,0,0,,False,,Horror,,
1186354,,The Little Boys Room,The Little Boys Room,en,,,2021-01-01,/cNOIX7sqSlp3r4mPyOwXrp6M91C.jpg,0,0,0,0,0,0,,False,,Horror,,
1186356,,The Muppet Video,The Muppet Video,en,,,2020-01-01,/3iLH2l1XQPtOUCETiUn8n3Aot6L.jpg,0,0,0,0,0,0,,False,,Horror,,
1186362,,The Man Who Would Be Michael,The Man Who Would Be Michael,en,,,2019-01-01,/v9CJNK3HGTgMimTZRGuCdOIhOqu.jpg,0,0,0,0,0,0,,False,,Horror,,
1186615,,Nevermore,Nevermore,en,,,2021-01-01,/Ntmc8TJSREqVXDzK8JQkUdzqGZ.jpg,0,0,0,0,0,0,,False,,Horror,,
1186673,,A Tiger in the Subway,A Tiger in the Subway,en,,,2022-01-01,/j5eWfajLXUcmkfcDotQwZOU9kwy.jpg,0,0,0,0,0,0,,False,,Horror,,
1186883,,Sudoku,Sudoku,en,,,2021-01-01,/ezHgjotnbLIVC2TxedgeaWOXuBa.jpg,0,0,0,0,0,0,,False,,Horror,,
1186897,,Downturned Umbrellas,Downturned Umbrellas,en,,,2020-01-01,/5i4fLvqsBc1Bt9u8Nsg42uaZpcG.jpg,0,0,0,0,0,0,,False,,Horror,,
1186909,,Permanent Halloween,Permanent Halloween,en,,,2021-01-01,/2bdOBherzcHiEcTGR5Ejko2cGIp.jpg,0,0,0,0,0,0,,False,,Horror,,
1186941,,Invaders from Venus!,Invaders from Venus!,en,,,2003-01-01,/3BQIdt6ATlVJfSQWMXQDKknaO9J.jpg,0,0,0,0,0,0,,False,,Horror,,
1187044,,Haunted Hollow,Haunted Hollow,en,,,2022-01-01,/q61EL6uCu3PlnCnnLLeWIy0zXbC.jpg,0,0,0,0,0,0,,False,,Horror,,
1187097,,Grindsploitation 9: Revenge of the Schlock,Grindsploitation 9: Revenge of the Schlock,en,,,2021-01-01,/5wSkW3obq7llTTnj8goh3fITsG7.jpg,0,0,0,0,0,0,,False,,Horror,,
1187100,,Into the Park,Into the Park,en,,,2022-01-01,/tMbbTnj13tOLJ66VnSsOKXT7nq6.jpg,0,0,0,0,0,0,,False,,Horror,,
1187295,,Brain-Shaker,Brain-Shaker,en,,,2022-01-01,/tt2tCHo4LZSsx6Cvs1bZQqMzhzB.jpg,0,0,0,0,0,0,,False,,Horror,,
1187464,,Temptation of the Spiritual World,Temptation of the Spiritual World,en,,,1992-01-01,/qaRt5rIGZ9QRBNvVCZTBFbkdCu3.jpg,0,0,0,0,0,0,,False,,Horror,,
1187548,,Breathing Hole,Breathing Hole,en,,,2021-01-01,/5Qa9NOOY14oPjvvfzLLUBgyZehD.jpg,0,0,0,0,0,0,,False,,Horror,,
1187937,,Halloween Top 20,Halloween Top 20,en,,,2016-01-01,/secombLhX181EF9IdhJmWjeKTrc.jpg,0,0,0,0,0,0,,False,,Horror,,
1188083,,A Professional Relationship,A Professional Relationship,en,,,2015-01-01,/zV2fiXnOF8hsIoT3g9MgFA8b8iL.jpg,0,0,0,0,0,0,,False,,Horror,,
1188097,,Upon Reflection,Upon Reflection,en,,,2015-01-01,/aaWFMjbND6bEYN2Tp946WFLSVZg.jpg,0,0,0,0,0,0,,False,,Horror,,
1188626,,Operation Storm Cloud,Operation Storm Cloud,en,,,2005-01-01,/iinOsVHpVgqE5ftDea0j1JikWN1.jpg,0,0,0,0,0,0,,False,,Horror,,
1188767,,Open House,Open House,en,,,2020-01-01,/fStP4VvTKAXWVYLivnMNleNX1Qz.jpg,0,0,0,0,0,0,,False,,Horror,,
1188807,,Nightmare Club,Nightmare Club,en,,,1983-01-01,/x7MHxYVEa6pN2C6A13OJUupwJBH.jpg,0,0,0,0,0,0,,False,,Horror,,
1188920,,Chomp,Chomp,en,,,2014-01-01,/blzDYZ1cGBXQNPuniOpxCJyqfTo.jpg,0,0,0,0,0,0,,False,,Horror,,
1188973,,Hungry,Hungry,en,,,2022-01-01,/uZKZyC9I8vSuPlUiZk1v3va2h3y.jpg,0,0,0,0,0,0,,False,,Horror,,
1189016,,A Haunting on Adams Street: The Haunted Saginaw Museum,A Haunting on Adams Street: The Haunted Saginaw Museum,en,,,2022-01-01,/deZFBzptNdqnAtYnQ7Ulc0EGZKq.jpg,0,0,0,0,0,0,,False,,Horror,,
1189157,,E.V.P.,E.V.P.,en,,,2012-01-01,/yB5mkKxwYT2fAXLb7hamZBhfH5C.jpg,0,0,0,0,0,0,,False,,Horror,,
1189160,,Heidi Slater,Heidi Slater,en,,,2015-01-01,/vTJ2eupnYroiCpRGg1tCeiRf9M6.jpg,0,0,0,0,0,0,,False,,Horror,,
1189259,,Four,Four,en,,,2016-01-01,/nL7H54GFPLpCsZoQ3i6uPolxBIz.jpg,0,0,0,0,0,0,,False,,Horror,,
1189390,,Strange Harvests 1993,Strange Harvests 1993,en,,,1993-01-01,/zVOm1PnLFIt9bhXskKxTDxrBBCq.jpg,0,0,0,0,0,0,,False,,Horror,,
1189524,,Kobold,Kobold,en,,,2018-01-01,/mBzaBFWDP3FUkhaYmvTdnp0jhVU.jpg,0,0,0,0,0,0,,False,,Horror,,
1189670,,Cry Wolf,Cry Wolf,en,,,2017-01-01,/eaRiyazPsAIPlFvdZZSD6wlfyXe.jpg,0,0,0,0,0,0,,False,,Horror,,
1189888,,FARN PORM,FARN PORM,en,,,2021-01-01,/AqtlHy8s1XPiEJBneWmoVSa2fY2.jpg,0,0,0,0,0,0,,False,,Horror,,
1190057,,Uncommon Bond,Uncommon Bond,en,,,2020-01-01,/yPkM9hR4e1OjgAJewBjEc2XuGCf.jpg,0,0,0,0,0,0,,False,,Horror,,
1190406,,The Pumpkin Man 3,The Pumpkin Man 3,en,,,2017-01-01,/q9pingYPuVm8TM9DxmqsLErYP6n.jpg,0,0,0,0,0,0,,False,,Horror,,
1190772,,There's Someone In My House,There's Someone In My House,en,,,2022-01-01,/jcbFxRy1EIgjmm0WJ77DhnCGzlK.jpg,0,0,0,0,0,0,,False,,Horror,,
1190823,,In the Meantime,In the Meantime,en,,,2022-01-01,/hM8ZXmBA9TMmm5bKXRQUMFGkRf9.jpg,0,0,0,0,0,0,,False,,Horror,,
1191937,,GONE,GONE,en,,,2022-01-01,/kSBDyL1zwWixJftKHVGn07vlVUS.jpg,0,0,0,0,0,0,,False,,Horror,,
1192022,,Tick,Tick,en,,,2021-01-01,/1O0U83edIv7fbMMyQr3Y9fpcZvw.jpg,0,0,0,0,0,0,,False,,Horror,,
1192146,,Toga Party Massacre,Toga Party Massacre,en,,,1989-01-01,/hUb46s1QusA6Iiddhh4ZR1lCVoD.jpg,0,0,0,0,0,0,,False,,Horror,,
1192222,,Rappaccini's Daughter,Rappaccini's Daughter,en,,,2013-01-01,/3lWLYGUt9RcqCpbuUdfKCmvkLxl.jpg,0,0,0,0,0,0,,False,,Horror,,
1192496,,Countdown,Countdown,en,,,2016-01-01,/rzrOl7KmVe1jZ5aa2qncSiZjj8l.jpg,0,0,0,0,0,0,,False,,Horror,,
1192736,,Druh,Druh,en,,,2022-01-01,/5hpa4jYoQD3r4wRcM5SZBMGiow7.jpg,0,0,0,0,0,0,,False,,Horror,,
1192922,,Raaz Darr Ka,Raaz Darr Ka,en,,,2022-01-01,/jToQg2D5ThOmFAF4nB4sCJa19gf.jpg,0,0,0,0,0,0,,False,,Horror,,
1193186,,Midnight Talk,Midnight Talk,en,,,2022-01-01,/ej4n3IabVwREuKZwO5Dwc5CTMgU.jpg,0,0,0,0,0,0,,False,,Horror,,
1193262,,Revenge of the Muffin Man,Revenge of the Muffin Man,en,,,2021-01-01,/uADPLCPSEZHPwXB0u0TJZnApjOv.jpg,0,0,0,0,0,0,,False,,Horror,,
1193585,,Herätä,Herätä,en,,,2018-01-01,/yt6HnK9secuc0nwIHrzEJhg2tCq.jpg,0,0,0,0,0,0,,False,,Horror,,
1193816,,Hangman,Hangman,en,,,2016-01-01,/haQLnNHwut0uTmYSORjEnCYnG05.jpg,0,0,0,0,0,0,,False,,Horror,,
1193893,,Blood Shed,Blood Shed,en,,,2008-01-01,/c4uFXcME3hSgfbp6TzIlc6CH3OJ.jpg,0,0,0,0,0,0,,False,,Horror,,
1193965,,The Purgamentum,The Purgamentum,en,,,2019-01-01,/5yvImw8TQmNVYkJokO5J9Qor6kq.jpg,0,0,0,0,0,0,,False,,Horror,,
1193985,,Obstacle Corpse,Obstacle Corpse,en,,,2020-01-01,/kwcASEFYDWtA5ofTLWFHDamqo9A.jpg,0,0,0,0,0,0,,False,,Horror,,
1194363,,Haunted House: Trick-VR-Treat,Haunted House: Trick-VR-Treat,en,,,2022-01-01,/wxfCpAFe84GRvZHOtNn2bsGrLVu.jpg,0,0,0,0,0,0,,False,,Horror,,
1194515,,Onryo,Onryo,en,,,2020-01-01,/nz9XJ0jXmHYzMPuyRbTufHPzNfL.jpg,0,0,0,0,0,0,,False,,Horror,,
1195243,,Sunny Family Cult,Sunny Family Cult,en,,,2017-01-01,/3VEDfyonOp86ENW77bwc4cC7E8r.jpg,0,0,0,0,0,0,,False,,Horror,,
1195248,,So Extremely Itchy,So Extremely Itchy,en,,,2020-01-01,/5oZc0b4CbXSN8Z2JJZVqN8tJ73W.jpg,0,0,0,0,0,0,,False,,Horror,,
1195277,,Limbo,Limbo,en,,,2018-01-01,/mJhNDtqJyTNSbF6AjAWMtA6Ui8H.jpg,0,0,0,0,0,0,,False,,Horror,,
1195335,,Queerantine!,Queerantine!,en,,,2009-01-01,/dOtOg1wKJj82WgWE8eoHjeB6MCK.jpg,0,0,0,0,0,0,,False,,Horror,,
1195363,,Margot's Period,Margot's Period,en,,,2018-01-01,/y3bNmTOqNUOE473aObDHxlKU2Hb.jpg,0,0,0,0,0,0,,False,,Horror,,
1195625,,The Chair,The Chair,en,,,2017-01-01,/fzVIEp0NKZKk8aEjpZd8kFzxRO9.jpg,0,0,0,0,0,0,,False,,Horror,,
1195715,,Psychoville Halloween Special,Psychoville Halloween Special,en,,,2010-01-01,/xHqoHr4mkFRoiOeUvA8MzILCT3V.jpg,0,0,0,0,0,0,,False,,Horror,,
1196070,,Hellmouth,Hellmouth,en,,,2022-01-01,/hn1DEkGI9ZNbEN5jSOpuvoQVn8H.jpg,0,0,0,0,0,0,,False,,Horror,,
1196144,,The Lighthouse Keepers,The Lighthouse Keepers,en,,,2012-01-01,/aQsIRkTYjKpd15lDW9QDNbHlzxe.jpg,0,0,0,0,0,0,,False,,Horror,,
1196145,,In the Darkroom,In the Darkroom,en,,,2013-01-01,/5mpWkRUz37XHP3920E8k6MPeXsc.jpg,0,0,0,0,0,0,,False,,Horror,,
1196156,,Pruitt & Igoe,Pruitt & Igoe,en,,,2022-01-01,/1CQHBJb3hrNnbsgQlZtDDuDfVfG.jpg,0,0,0,0,0,0,,False,,Horror,,
1196315,,SNH-2587,SNH-2587,en,,,2018-01-01,/ecNpXFUVLoBbj72pE1xFYalAjIK.jpg,0,0,0,0,0,0,,False,,Horror,,
1196430,,Sinner's Saint,Sinner's Saint,en,,,2012-01-01,/jcMAIYGu7G1OTpk52Vvu1ukBaZ4.jpg,0,0,0,0,0,0,,False,,Horror,,
1196540,,Susie Q Where Are You!,Susie Q Where Are You!,en,,,2022-01-01,/vva6DfyPlkoJ5v9IK3tnbrfLsS.jpg,0,0,0,0,0,0,,False,,Horror,,
1196997,,Player Piano,Player Piano,en,,,2022-01-01,/s2hYPnSyigORX0SOWKIvIWLWpCE.jpg,0,0,0,0,0,0,,False,,Horror,,
1197007,,The Taxidermist,The Taxidermist,en,,,2022-01-01,/2OaFexLCrjg2HHeJKJfcmbgC3tQ.jpg,0,0,0,0,0,0,,False,,Horror,,
1197078,,Halloween Party,Halloween Party,en,,,1987-01-01,/rh6RxvBaNv7ico6XzrWSicKFXLQ.jpg,0,0,0,0,0,0,,False,,Horror,,
1197672,,Deck the Halls,Deck the Halls,en,,,2005-01-01,/jZnca9xWwuVr0lk9Pa5EG4tnLtf.jpg,0,0,0,0,0,0,,False,,Horror,,
1197884,,The Mannikin,The Mannikin,en,,,1977-01-01,/kHkSQ90EMIrGUq7VvN1431EUxyi.jpg,0,0,0,0,0,0,,False,,Horror,,
1197991,,Hottieween,Hottieween,en,,,2019-01-01,/gcihundXiPaffEDCooV3dgAvSm4.jpg,0,0,0,0,0,0,,False,,Horror,,
1198089,,Flat,Flat,en,,,2018-01-01,/5IrhGN7Bu1dCyexbjysAP3qhclH.jpg,0,0,0,0,0,0,,False,,Horror,,
1198096,,Mamu,Mamu,en,,,2022-01-01,/kLzikJvEM1pLejGQw1X4mWAVucD.jpg,0,0,0,0,0,0,,False,,Horror,,
1198165,,The Knot,The Knot,en,,,2019-01-01,/8HVzqlHJLQXzyHxSSZD55eelmF4.jpg,0,0,0,0,0,0,,False,,Horror,,
1198343,,Heleno,Heleno,en,,,2022-01-01,/ezcbAEgad1w1O8QHophwEwkAN8l.jpg,0,0,0,0,0,0,,False,,Horror,,
1198355,,Charlotte's Net,Charlotte's Net,en,,,2021-01-01,/gS4dsMF3TM5KqNgoB9YQEu0s9a0.jpg,0,0,0,0,0,0,,False,,Horror,,
1198475,,Half Dead,Half Dead,en,,,2013-01-01,/mSPligKIEXI8Nyt59tqqYdCicXj.jpg,0,0,0,0,0,0,,False,,Horror,,
1198554,,Amy's House of Art,Amy's House of Art,en,,,2021-01-01,/9jq9efyP0w6upmfjUjppT3pwcjM.jpg,0,0,0,0,0,0,,False,,Horror,,
1198599,,Attack of the Living Toys: The Motion Picture,Attack of the Living Toys: The Motion Picture,en,,,2020-01-01,/stAykpLH2Qjr5p1d4XEhHGLsSH.jpg,0,0,0,0,0,0,,False,,Horror,,
1199064,,The Understudy,The Understudy,en,,,2022-01-01,/2qdMETBRvEjPEeMbLE2My6pHISr.jpg,0,0,0,0,0,0,,False,,Horror,,
1199289,,A Gentle Art,A Gentle Art,en,,,2007-01-01,/ukLq1BAHIwLFPaEXp4UXaHLRwdI.jpg,0,0,0,0,0,0,,False,,Horror,,
1199496,,Bone Chillers: Frankenturkey,Bone Chillers: Frankenturkey,en,,,1996-01-01,/mg6AQeCSEGgWy8CjT7fDi1slKVl.jpg,0,0,0,0,0,0,,False,,Horror,,
1199533,,The Cabin He Calls Home,The Cabin He Calls Home,en,,,2018-01-01,/xTUKPueWBxqEu7Nq3C6dICfu4FD.jpg,0,0,0,0,0,0,,False,,Horror,,
1199610,,In My Bones,In My Bones,en,,,2022-01-01,/lhp8d5ZHcMHsWrCiVVRvjMmuMLq.jpg,0,0,0,0,0,0,,False,,Horror,,
1199836,,Golden Times,Golden Times,en,,,2009-01-01,/yDYckRBg682bywLRPwvsrrYSDmJ.jpg,0,0,0,0,0,0,,False,,Horror,,
1199996,,The Children Under the House,The Children Under the House,en,,,2022-01-01,/613Mhhljf3xcry2PFjMzDpkVgOk.jpg,0,0,0,0,0,0,,False,,Horror,,
1200167,,Abandoned Explored,Abandoned Explored,en,,,2022-01-01,/iq2uTraTZbO3oGuoHY0FbYl0WoF.jpg,0,0,0,0,0,0,,False,,Horror,,
1200340,,Scream Like a Bitch,Scream Like a Bitch,en,,,2022-01-01,/zfWmSHl8TOHUq4ziM6M32nea6UE.jpg,0,0,0,0,0,0,,False,,Horror,,
1200414,,The Puppet in the Pie,The Puppet in the Pie,en,,,2021-01-01,/wExfGHYilrIBqLIepLKJUDjk1nW.jpg,0,0,0,0,0,0,,False,,Horror,,
1200488,,Black Mask,Black Mask,en,,,2014-01-01,/8t4y8KPsI16wr7Iiay7omCRTktP.jpg,0,0,0,0,0,0,,False,,Horror,,
1200903,,Tales That'll Tear Your Heart Out,Tales That'll Tear Your Heart Out,en,,,2002-01-01,/7mGPKwFWskqrpwDSCL8whVRueSF.jpg,0,0,0,0,0,0,,False,,Horror,,
1200940,,REW,REW,en,,,2012-01-01,/oZFCCp6N6joJyQTxlTfmsvXKkbv.jpg,0,0,0,0,0,0,,False,,Horror,,
1200942,,The Window,The Window,en,,,2013-01-01,/ejlzBo7PC6TdeukRfflspRUK41d.jpg,0,0,0,0,0,0,,False,,Horror,,
1201165,,No Such Thing,No Such Thing,en,,,2022-01-01,/anBET5YWIrUOf1yuJ8z4UiXxrDM.jpg,0,0,0,0,0,0,,False,,Horror,,
1201202,,M is for Matador,M is for Matador,en,,,2016-01-01,/nGmCv89FZesLbLxKRUbvRtrzfSD.jpg,0,0,0,0,0,0,,False,,Horror,,
1201628,,Hands of Destiny,Hands of Destiny,en,,,2022-01-01,/yMs2xaRN3yexJ1MBtteYGx3XHDY.jpg,0,0,0,0,0,0,,False,,Horror,,
1201757,,In Sickness and in Health,In Sickness and in Health,en,,,2008-01-01,/8zQq0SMUC0nLTXY5iil0Z6nuTXq.jpg,0,0,0,0,0,0,,False,,Horror,,
1201775,,Butchered,Butchered,en,,,2019-01-01,/hFeuLckBIkGlHm73gUJVKBI9PtS.jpg,0,0,0,0,0,0,,False,,Horror,,
1201788,,Streets of the Dead,Streets of the Dead,en,,,2021-01-01,/p5cSDZg01dipOuHM8N4qkyzDezL.jpg,0,0,0,0,0,0,,False,,Horror,,
1201840,,Soul Fire Rising,Soul Fire Rising,en,,,2009-01-01,/vr8IUi6AhwggrGoqUIRCqS3ZlHB.jpg,0,0,0,0,0,0,,False,,Horror,,
1202038,,The Last Temptation of Aelred,The Last Temptation of Aelred,en,,,2021-01-01,/nvcM9qE6a8rwlFkgrOxfSNaKrai.jpg,0,0,0,0,0,0,,False,,Horror,,
1202135,,The Sense,The Sense,en,,,2022-01-01,/uVNIWfaSz1qcEDEwfq2cTglnaon.jpg,0,0,0,0,0,0,,False,,Horror,,
1202267,,Ghoulish Chronicles From Bonejack High,Ghoulish Chronicles From Bonejack High,en,,,2005-01-01,/1nTAy8WJZISVWCjOBQluW3FyGKB.jpg,0,0,0,0,0,0,,False,,Horror,,
1202412,,Phantasie,Phantasie,en,,,2009-01-01,/zMtJqZgsITh165LWtL8MGaOzl8e.jpg,0,0,0,0,0,0,,False,,Horror,,
1202417,,Saigone,Saigone,en,,,2019-01-01,/259N7KBrclVWo2ZH7kutADrHHqg.jpg,0,0,0,0,0,0,,False,,Horror,,
1202553,,Dusty,Dusty,en,,,2016-01-01,/1nVcUARuZnsZPIvE9ofBb9AAm65.jpg,0,0,0,0,0,0,,False,,Horror,,
1202554,,Dusty II: Rusty's Revenge,Dusty II: Rusty's Revenge,en,,,2020-01-01,/yCNFpCVwZUUaOVvEa5i6zvZqDx5.jpg,0,0,0,0,0,0,,False,,Horror,,
1203068,,Maysville,Maysville,en,,,2015-01-01,/szp6pce1kFXLfGJZH35lmMSeKT4.jpg,0,0,0,0,0,0,,False,,Horror,,
1203249,,Upstairs,Upstairs,en,,,2017-01-01,/yrkINXnXgkGoECPtQ6yIXbth6xW.jpg,0,0,0,0,0,0,,False,,Horror,,
1203354,,The Dinner Party,The Dinner Party,en,,,2005-01-01,/x2ZHKIwOlDDnsTsZ7Xs8WuAxdns.jpg,0,0,0,0,0,0,,False,,Horror,,
1203364,,Nightmare Station,Nightmare Station,en,,,2010-01-01,/17SzAv3ik6pfKEog9TpAYLKYU6D.jpg,0,0,0,0,0,0,,False,,Horror,,
1203792,,Video Party Massacre,Video Party Massacre,en,,,2014-01-01,/gaRdThV3PevrA76QiWSh0qr6uPv.jpg,0,0,0,0,0,0,,False,,Horror,,
1204357,,Legend of Paul Pry,Legend of Paul Pry,en,,,2022-01-01,/jEfHsttN55SGYQ9mxYVM9rgxGC4.jpg,0,0,0,0,0,0,,False,,Horror,,
1204431,,The Chair,The Chair,en,,,2022-01-01,/qbbK8llwQ2ccfEPIZUvoQD2KTRn.jpg,0,0,0,0,0,0,,False,,Horror,,
1204598,,Meter Things,Meter Things,en,,,2017-01-01,/9zrYpAl6SzCSkBAJ9MBsJVcZyeQ.jpg,0,0,0,0,0,0,,False,,Horror,,
1204648,,The Cranberry Hour,The Cranberry Hour,en,,,2022-01-01,/2SOys7YLVn9EwpbL5SUbro8354i.jpg,0,0,0,0,0,0,,False,,Horror,,
1205108,,The Downfall of Mr. Difford,The Downfall of Mr. Difford,en,,,2015-01-01,/xjkTQ0bF4YDUuRns9wy03mVeU1A.jpg,0,0,0,0,0,0,,False,,Horror,,
1205119,,Ghostwriter: Attack of the Slime Monster,Ghostwriter: Attack of the Slime Monster,en,,,1995-01-01,/9vi95W574YOksyAr2h4RmvqPTC4.jpg,0,0,0,0,0,0,,False,,Horror,,
1205407,,Abigail,Abigail,en,,,2021-01-01,/pgRRRrQZfnR84qEGqoyPXTYqG0V.jpg,0,0,0,0,0,0,,False,,Horror,,
1205414,,You Shouldn't Have,You Shouldn't Have,en,,,2020-01-01,/s47xlLiXMv53sd5owD5QojFSDue.jpg,0,0,0,0,0,0,,False,,Horror,,
1205804,,They're Coming,They're Coming,en,,,2019-01-01,/ceG9qa0JaDYpdGYlY2VuRWYcdgk.jpg,0,0,0,0,0,0,,False,,Horror,,
1205825,,Pigilin Natin ang Dilim,Pigilin Natin ang Dilim,en,,,1995-01-01,/46U4O1GjFB9fcfAKffVUo2bmEHw.jpg,0,0,0,0,0,0,,False,,Horror,,
1205906,,Seasons Greetings,Seasons Greetings,en,,,2015-01-01,/sisgUVZ3YVmSt7BHckb9S5m9T2w.jpg,0,0,0,0,0,0,,False,,Horror,,
1206152,,Aunt Tigress,Aunt Tigress,en,,,2007-01-01,/fP8fLLvdIOsdOBzUTvZIMERo31Q.jpg,0,0,0,0,0,0,,False,,Horror,,
1206349,,The Eyes,The Eyes,en,,,2022-01-01,/lNKBqRdy6cGLrFVdWOgNJ2z3w3a.jpg,0,0,0,0,0,0,,False,,Horror,,
1206388,,Wisborg,Wisborg,en,,,2022-01-01,/viyYNiO9h0EC3UEqTOPAAlHoOYT.jpg,0,0,0,0,0,0,,False,,Horror,,
1206952,,Shocktail Hour: Werewolves! Zombies! ...and Blobs!,Shocktail Hour: Werewolves! Zombies! ...and Blobs!,en,,,2022-01-01,/hC1bo6eNgUoKnJxlGUQtjQSRzOl.jpg,0,0,0,0,0,0,,False,,Horror,,
1206990,,Skinny Puppy: Too Dark Park Archival Footage,Skinny Puppy: Too Dark Park Archival Footage,en,,,2005-01-01,/9UuOkdfs0dI3WrJ1OXwIh4TDXop.jpg,0,0,0,0,0,0,,False,,Horror,,
1206993,,Skinny Puppy: Last Rights Archival Footage,Skinny Puppy: Last Rights Archival Footage,en,,,2005-01-01,/3Q95CxCPSXtd0k76VYiO4HfRx3l.jpg,0,0,0,0,0,0,,False,,Horror,,
1208201,,Stage Fright,Stage Fright,en,,,2022-01-01,/9GEgB4G04HQuX2sgzsuUtyJj5Nd.jpg,0,0,0,0,0,0,,False,,Horror,,
1208394,,Milwaukee Murders,Milwaukee Murders,en,,,1989-01-01,/qV3W3UCUCdivtinyQFoD0uNyzrT.jpg,0,0,0,0,0,0,,False,,Horror,,
1208430,,"IN DREAMS, IM MINE","IN DREAMS, IM MINE",en,,,2016-01-01,/ql5oDt9wR1WqqyLPwJi2EZr49ng.jpg,0,0,0,0,0,0,,False,,Horror,,
1208471,,Adéla,Adéla,en,,,2021-01-01,/oU6k8KXUHuCazOEYCTpszbK9zF9.jpg,0,0,0,0,0,0,,False,,Horror,,
1208477,,Bells,Bells,en,,,2019-01-01,/1n5oFnzz679nsyHgn7YLu06vJ8y.jpg,0,0,0,0,0,0,,False,,Horror,,
1208833,,The Wine,The Wine,en,,,2017-01-01,/u07QSqV0V5gI60HCXqW8fyv4UnX.jpg,0,0,0,0,0,0,,False,,Horror,,
1208836,,The Snow Drifter,The Snow Drifter,en,,,2003-01-01,/rjt4l73STaOWHum3nl5C0YcDr2m.jpg,0,0,0,0,0,0,,False,,Horror,,
1209189,,Hellbound: Adirondack Apocalypse,Hellbound: Adirondack Apocalypse,en,,,2015-01-01,/6DMmdQQilDvchatGduyOd4C5QrL.jpg,0,0,0,0,0,0,,False,,Horror,,
1209324,,Caress of the Vampire 2.5: The Return of Billy the Vampire,Caress of the Vampire 2.5: The Return of Billy the Vampire,en,,,2003-01-01,/85hGjzL89mRaNTiGsbxYxYykRm5.jpg,0,0,0,0,0,0,,False,,Horror,,
1209505,,Cherry,Cherry,en,,,2009-01-01,/1AllX3QvHF9TTO6JkJQixrTDEJz.jpg,0,0,0,0,0,0,,False,,Horror,,
1209583,,Patina,Patina,en,,,2019-01-01,/kx6X89ogRIx2vVi3Eda3pVpK42k.jpg,0,0,0,0,0,0,,False,,Horror,,
1209695,,No Through Road,No Through Road,en,,,2009-01-01,/4HH3HkTu5e02qM45O7U8ojZZmIo.jpg,0,0,0,0,0,0,,False,,Horror,,
1210022,,A Doctor and A Snake,A Doctor and A Snake,en,,,2021-01-01,/mFl8nf0RcfiUxzJM3OMJpqIx6cO.jpg,0,0,0,0,0,0,,False,,Horror,,
1210036,,Cotty Lollies,Cotty Lollies,en,,,2022-01-01,/cIc1lBBggYniAiDhJCOHkgBaQk3.jpg,0,0,0,0,0,0,,False,,Horror,,
1210307,,The Agreement,The Agreement,en,,,1995-01-01,/5mRpaaUHBb4ygmGmYotiZnAvCVt.jpg,0,0,0,0,0,0,,False,,Horror,,
1210312,,Doublecross,Doublecross,en,,,2000-01-01,/f8knrUbQAt8spg72MFNxWUkY97K.jpg,0,0,0,0,0,0,,False,,Horror,,
1210313,,The Bank Heist,The Bank Heist,en,,,2000-01-01,/1KV84SD9DVqKlqXAYONfX6IZ5Tj.jpg,0,0,0,0,0,0,,False,,Horror,,
1210361,,The Ghost of North Carolina,The Ghost of North Carolina,en,,,2009-01-01,/Aa2KRzC1XafhSiejbrWjqIotCZB.jpg,0,0,0,0,0,0,,False,,Horror,,
1210673,,The Library of Terror,The Library of Terror,en,,,2022-01-01,/bHMDbUgTuErD1UvqaCgneSRukG1.jpg,0,0,0,0,0,0,,False,,Horror,,
1210912,,Invited,Invited,en,,,2022-01-01,/jhGIdyWhS9YNCakkgwIP8iDoaGb.jpg,0,0,0,0,0,0,,False,,Horror,,
1211221,,Mama Retreat,Mama Retreat,en,,,2021-01-01,/ogfucuStkisXzCTfN0MMd4hzHOF.jpg,0,0,0,0,0,0,,False,,Horror,,
1211257,,Helpless,Helpless,en,,,2013-01-01,/woZ9XH5rRuCa5iteOCZDJiaqciZ.jpg,0,0,0,0,0,0,,False,,Horror,,
1211290,,Finding GrassMan,Finding GrassMan,en,,,2018-01-01,/oGI7CA8LHXiJ0XzadqAH9sqxCnU.jpg,0,0,0,0,0,0,,False,,Horror,,
1211862,,Fleas 2: Home Remedies,Fleas 2: Home Remedies,en,,,2022-01-01,/kSZMpaI8hr183hamqVx8ShLNSXh.jpg,0,0,0,0,0,0,,False,,Horror,,
1211899,,Ghost Runner,Ghost Runner,en,,,2012-01-01,/qOpz4UziC0gINBuBZRTRIpiOYnA.jpg,0,0,0,0,0,0,,False,,Horror,,
1212156,,Forest Falls,Forest Falls,en,,,2011-01-01,/y5oU1ntxSRArPG6V4c0uIo9i4hT.jpg,0,0,0,0,0,0,,False,,Horror,,
1212366,,Clay Fields,Clay Fields,en,,,2003-01-01,/gssIUl7Q9fZm4hdBF64jM5QxEQ7.jpg,0,0,0,0,0,0,,False,,Horror,,
1212612,,Blue Drank [A Tale of Self-Destruction],Blue Drank [A Tale of Self-Destruction],en,,,2017-01-01,/iJ0XoDQ1zim2GANDgu3dTkuOAR.jpg,0,0,0,0,0,0,,False,,Horror,,
1212622,,Vamp Till Cue,Vamp Till Cue,en,,,2018-01-01,/c9dwCzNQoZNNLrMLFFvj76bNbBm.jpg,0,0,0,0,0,0,,False,,Horror,,
1213042,,Manananggal,Manananggal,en,,,1984-01-01,/2LTxCcbhrwt6EgoYCKFezEHc4rD.jpg,0,0,0,0,0,0,,False,,Horror,,
1213178,,L.A. NAUSÉE,L.A. NAUSÉE,en,,,2018-01-01,/uYStlNXvPFAhLtDg1TebG5LdIdP.jpg,0,0,0,0,0,0,,False,,Horror,,
1213415,,Guts on the Ceiling,Guts on the Ceiling,en,,,1999-01-01,/e4QO8TcEXCcvMxqPidYzvKjiNlH.jpg,0,0,0,0,0,0,,False,,Horror,,
1213685,,Murder Below the Line,Murder Below the Line,en,,,2004-01-01,/tMDsaHVeGQtAfLPx13pjIfq1Lvm.jpg,0,0,0,0,0,0,,False,,Horror,,
1213718,,Revenge of the Necktie Strangler,Revenge of the Necktie Strangler,en,,,2002-01-01,/a53OfOjzzJWGndw2CcsvJ8aFBnj.jpg,0,0,0,0,0,0,,False,,Horror,,
1213733,,Slaughter Massacre,Slaughter Massacre,en,,,2011-01-01,/mDDSU279pZUaQPcdXXZO91lbZhz.jpg,0,0,0,0,0,0,,False,,Horror,,
1213946,,Nightstalker,Nightstalker,en,,,2008-01-01,/qXf4svnzjIO95RkRxOKnP1L8WOb.jpg,0,0,0,0,0,0,,False,,Horror,,
1214117,,The Campsite Killers,The Campsite Killers,en,,,2011-01-01,/4ZZICTsGp7XCixNIzRbamYuDhcT.jpg,0,0,0,0,0,0,,False,,Horror,,
1214141,,++trip.space++,++trip.space++,en,,,2019-01-01,/qP43KCv7upzBQe05QJmNZFOEQx2.jpg,0,0,0,0,0,0,,False,,Horror,,
1214160,,Tar Stains + Bat Lungs,Tar Stains + Bat Lungs,en,,,2020-01-01,/4Hvt8ulZqpjU23xZbvxh3lhul5E.jpg,0,0,0,0,0,0,,False,,Horror,,
1214926,,The Id Proxy,The Id Proxy,en,,,2010-01-01,/m0SowQdITPy1pq4LH3NZl2gWVzQ.jpg,0,0,0,0,0,0,,False,,Horror,,
1214934,,Enigma,Enigma,en,,,2003-01-01,/eFtlnyARTBtLnQ2QJwZJoXcDvUm.jpg,0,0,0,0,0,0,,False,,Horror,,
1214943,,The Milkman,The Milkman,en,,,2006-01-01,/6HMqKSgJXOgffNbuLx9r1j4Z3Fj.jpg,0,0,0,0,0,0,,False,,Horror,,
1215021,,Twinny Twin Twosome,Twinny Twin Twosome,en,,,1992-01-01,/4Tk8gZ0Bg6d9YvbEKtlFk4nmwiC.jpg,0,0,0,0,0,0,,False,,Horror,,
1215034,,Lawyer Luau,Lawyer Luau,en,,,2002-01-01,/8AJeQa3Y6I1qEb09VhakV4SKBkC.jpg,0,0,0,0,0,0,,False,,Horror,,
1215238,,Demon of Temptation,Demon of Temptation,en,,,2004-01-01,/88zot2Y0SWANCkmUuyLsGF1UpaU.jpg,0,0,0,0,0,0,,False,,Horror,,
1215250,,H8,H8,en,,,2021-01-01,/sNdjJEzjEpM8gCteLm4KqXd8xiW.jpg,0,0,0,0,0,0,,False,,Horror,,
1215712,,Suburban Strangler,Suburban Strangler,en,,,2004-01-01,/vT9LpIR3DybmPvMYD80smu1VcxB.jpg,0,0,0,0,0,0,,False,,Horror,,
1216595,,Wolfster Part 1: The Curse of the Emo-Vamp,Wolfster Part 1: The Curse of the Emo-Vamp,en,,,2006-01-01,/jO8YE5MDllh1bcn7DqnXdVDIkbN.jpg,0,0,0,0,0,0,,False,,Horror,,
1217141,,Paroxysm: Fear,Paroxysm: Fear,en,,,2022-01-01,/uCD4117UC3CbB7JPgQvsihP2Cm.jpg,0,0,0,0,0,0,,False,,Horror,,
1217207,,No Reason,No Reason,en,,,2022-01-01,/mNFAT5p3Y8BJtgck6hkKKcB4bq5.jpg,0,0,0,0,0,0,,False,,Horror,,
1217563,,Reverberance,Reverberance,en,,,2022-01-01,/h7HzlvtVBKGvAigC5xvleR4ZGAv.jpg,0,0,0,0,0,0,,False,,Horror,,
1217725,,Murder Girl. A True Story,Murder Girl. A True Story,en,,,2020-01-01,/5oKHIMWj02MCXynuhStgR4XcclY.jpg,0,0,0,0,0,0,,False,,Horror,,
1218072,,VHS Roadkill,VHS Roadkill,en,,,2017-01-01,/i8elDAWJeaHZi8mIiTFvkkqNMWt.jpg,0,0,0,0,0,0,,False,,Horror,,
1218305,,Farm Life's A Killer,Farm Life's A Killer,en,,,2005-01-01,/cIPU8fCyuVVS6e2ILhBisMTX3GI.jpg,0,0,0,0,0,0,,False,,Horror,,
1218320,,The Crimson Thread,The Crimson Thread,en,,,2014-01-01,/3FuRgkqC1ppCTpl2QSYzxMFuAYp.jpg,0,0,0,0,0,0,,False,,Horror,,
1218435,,The Blue Drum,The Blue Drum,en,,,2022-01-01,/ykJj7ViGyx4bxEB32z6cYKWOZV9.jpg,0,0,0,0,0,0,,False,,Horror,,
1218622,,Home,Home,en,,,2019-01-01,/yNO7WucJFZqLz9G6x4Ln4KAGtFE.jpg,0,0,0,0,0,0,,False,,Horror,,
1218707,,KillRoy Was Here,KillRoy Was Here,en,,,2022-01-01,/8KVaav7K53TADF6ufvsfGhCDizu.jpg,0,0,0,0,0,0,,False,,Horror,,
1218787,,Our Lady of Chaos,Our Lady of Chaos,en,,,2009-01-01,/81lcWLjN4EM1DJnivIkZAvtZABj.jpg,0,0,0,0,0,0,,False,,Horror,,
1218804,,Wild Hunt,Wild Hunt,en,,,2019-01-01,/nN7TmR6BxTiawvrpRGwoFnHuU4J.jpg,0,0,0,0,0,0,,False,,Horror,,
1218884,,Ghost Light,Ghost Light,en,,,2021-01-01,/5dBgfq9QxlTl1SC9snElPvhx88x.jpg,0,0,0,0,0,0,,False,,Horror,,
1218933,,Palaisipan,Palaisipan,en,,,2022-01-01,/ysxJbwcRye2qNZkq9xWMHc05ADK.jpg,0,0,0,0,0,0,,False,,Horror,,
1219062,,Model Kill 2: The Return,Model Kill 2: The Return,en,,,2006-01-01,/m3PUBcTbG8v9uovDvpnalWWFdqg.jpg,0,0,0,0,0,0,,False,,Horror,,
1219297,,Sisters,Sisters,en,,,2009-01-01,/zzwDkPagptmiSkxQAnkEk3xQRBz.jpg,0,0,0,0,0,0,,False,,Horror,,
1219604,,Pierre in Peril,Pierre in Peril,en,,,2009-01-01,/2eSUvqHnEIuwTdXQSRRRtVhUy14.jpg,0,0,0,0,0,0,,False,,Horror,,
1219654,,Prey,Prey,en,,,2009-01-01,/mdQmYIzP8N5pfjGdWI132xrXK3Y.jpg,0,0,0,0,0,0,,False,,Horror,,
1219663,,Model Kill 3: Deadly Fantasies,Model Kill 3: Deadly Fantasies,en,,,2009-01-01,/6HuHrBAcH1rWH6suUfDVbyvcXg.jpg,0,0,0,0,0,0,,False,,Horror,,
1220286,,Contract,Contract,en,,,2022-01-01,/l63gd99BteIsftiHNY61QoCUh8Z.jpg,0,0,0,0,0,0,,False,,Horror,,
1220823,,Unwanted,Unwanted,en,,,2012-01-01,/qKwREEKktFqUJPzaeOW7Akz1eHW.jpg,0,0,0,0,0,0,,False,,Horror,,
1220973,,Realm of the Bizarre,Realm of the Bizarre,en,,,1999-01-01,/g1KDnwpSJtx4IHI9E2Rg0sKb65d.jpg,0,0,0,0,0,0,,False,,Horror,,
1220981,,The Golem,The Golem,en,,,2004-01-01,/tzpX4OLaPabkOUnPQ3MG5BVkfJJ.jpg,0,0,0,0,0,0,,False,,Horror,,
1221020,,Pervula,Pervula,en,,,2002-01-01,/bn9AQeYszCF6wrSwA42yQ7Mw7yn.jpg,0,0,0,0,0,0,,False,,Horror,,
1221032,,The Secret,The Secret,en,,,2021-01-01,/aNmhc07kK8OAoUGlFpJU2Nb6jYG.jpg,0,0,0,0,0,0,,False,,Horror,,
1221038,,The Terrible Old Tran,The Terrible Old Tran,en,,,2006-01-01,/AtiorZdFVywpqiXyVzkRBnASMit.jpg,0,0,0,0,0,0,,False,,Horror,,
1221167,,The Dawn is Your Enemy,The Dawn is Your Enemy,en,,,2005-01-01,/6CgQFcZVMujGa7SS82YjGUWFjEA.jpg,0,0,0,0,0,0,,False,,Horror,,
1221201,,The Duty Of Living,The Duty Of Living,en,,,2010-01-01,/33DCKFwAuA5uN3sLhm6iOo6ar2m.jpg,0,0,0,0,0,0,,False,,Horror,,
1221217,,Pray For The Children,Pray For The Children,en,,,2018-01-01,/fsc2iOaDDBMjMUk98Fk1inK8Cb1.jpg,0,0,0,0,0,0,,False,,Horror,,
1221602,,and God Remembered Babylon,and God Remembered Babylon,en,,,2020-01-01,/drTxbVyMN3kTQk6egl0prfsVBJx.jpg,0,0,0,0,0,0,,False,,Horror,,
1221681,,Anatomische Studie van het Hart,Anatomische Studie van het Hart,en,,,2009-01-01,/aLjoxO7JoqWSUqzndbV0ypVWrjM.jpg,0,0,0,0,0,0,,False,,Horror,,
1221976,,Devil's Forest,Devil's Forest,en,,,2020-01-01,/40Qrig5rsZ4tJj8DnBjADYKq41u.jpg,0,0,0,0,0,0,,False,,Horror,,
1222602,,Roald Dahl’s Tales of the Unexpected: The Landlady,Roald Dahl’s Tales of the Unexpected: The Landlady,en,,,1979-01-01,/eyDrtvfYeRT4He8slWvvjhKvsde.jpg,0,0,0,0,0,0,,False,,Horror,,
1222609,,The Ray Bradbury Theater: A Sound of Thunder,The Ray Bradbury Theater: A Sound of Thunder,en,,,1989-01-01,/g2RR9aPgmicdWF1vXquwXFoUhvh.jpg,0,0,0,0,0,0,,False,,Horror,,
1222617,,The Monkey's Paw,The Monkey's Paw,en,,,2014-01-01,/cufuSQ8YjQWantF22lsKgZJLufg.jpg,0,0,0,0,0,0,,False,,Horror,,
1222930,,Daughter's Heaven,Daughter's Heaven,en,,,2020-01-01,/jcptBiDGHutZpSdp0H9mJprLby3.jpg,0,0,0,0,0,0,,False,,Horror,,
1222935,,the creek,the creek,en,,,2021-01-01,/gs3Fg740nCdJEp6kMLesbpsvBsN.jpg,0,0,0,0,0,0,,False,,Horror,,
1223054,,Huhu Attack!,Huhu Attack!,en,,,2011-01-01,/h044g6m65NG7k6aP7tV6dDpOAI3.jpg,0,0,0,0,0,0,,False,,Horror,,
1223121,,Lost Property,Lost Property,en,,,1986-01-01,/8EIjZP5jb51Xje6H6niwYVVm8Jf.jpg,0,0,0,0,0,0,,False,,Horror,,
1223291,,Frankenstein,Frankenstein,en,,,1952-01-01,/e284iS7CKAPt9HcVyWhMpVFnIyB.jpg,0,0,0,0,0,0,,False,,Horror,,
1223357,,Mummy A Gore Gore,Mummy A Gore Gore,en,,,1986-01-01,/XSBHyQ1fv0isbfx6J58LkL93AX.jpg,0,0,0,0,0,0,,False,,Horror,,
1223359,,Cokehead The Soda Slasher,Cokehead The Soda Slasher,en,,,2008-01-01,/9tbtP25j4SyZq1kssUgFPAn1bW.jpg,0,0,0,0,0,0,,False,,Horror,,
1224049,,Fever Queen,Fever Queen,en,,,2020-01-01,/79V1yyvUNTO9lZTLxaw2SxTaZ5w.jpg,0,0,0,0,0,0,,False,,Horror,,
1224170,,Prema Entha Madhuram Priyuraalu Antha Katinam,Prema Entha Madhuram Priyuraalu Antha Katinam,en,,,2017-01-01,/z2TBCDUnVbIzE3YOiIdD0QfIFEo.jpg,0,0,0,0,0,0,,False,,Horror,,
1224289,,Let's Go Home,Let's Go Home,en,,,2016-01-01,/4qNhsqiaGh94HFFMr1zU5lAbFZQ.jpg,0,0,0,0,0,0,,False,,Horror,,
1224315,,The DVD,The DVD,en,,,2019-01-01,/wYpp9KJR0YExZF9EyqhNIuyHcUp.jpg,0,0,0,0,0,0,,False,,Horror,,
1224602,,Dear Joan: We're Going to Scare You to Death,Dear Joan: We're Going to Scare You to Death,en,,,1972-01-01,/7UiC0drORozd10jfRaX6IQBcC50.jpg,0,0,0,0,0,0,,False,,Horror,,
1224714,,The Call of Cthulhu,The Call of Cthulhu,en,,,2001-01-01,/aRP5LrzmW4MiotQWyoqLRrwIZJx.jpg,0,0,0,0,0,0,,False,,Horror,,
1224965,,Diary of the MadMan,Diary of the MadMan,en,,,2022-01-01,/xRlOytpQ4Y1OHYMFwuhyw1ZTbXN.jpg,0,0,0,0,0,0,,False,,Horror,,
1225148,,Say,Say,en,,,2018-01-01,/hMuJDwLDqVkvkhfrUc2h6pQhx6n.jpg,0,0,0,0,0,0,,False,,Horror,,
1225369,,Dreamhouse,Dreamhouse,en,,,1981-01-01,/95gIbKvtRtEeGa3iOlx1qstPVvb.jpg,0,0,0,0,0,0,,False,,Horror,,
1226087,,Hotel of Terror,Hotel of Terror,en,,,2003-01-01,/4VZhCrAV2HLbrK8bECW2RglEYZR.jpg,0,0,0,0,0,0,,False,,Horror,,
1226092,,Bits-n-Pieces,Bits-n-Pieces,en,,,2014-01-01,/9XhvDV7jE332ajbWRf7M48QBmI1.jpg,0,0,0,0,0,0,,False,,Horror,,
1226120,,Jadi bikin?,Jadi bikin?,en,,,2021-01-01,/aCb3pNihWgbPxcMbzpGMnI8DqrO.jpg,0,0,0,0,0,0,,False,,Horror,,
1226585,,Godzilla Resurrection,Godzilla Resurrection,en,,,2018-01-01,/igcDpaPZKlzV2xXpaoVHbqztCTh.jpg,0,0,0,0,0,0,,False,,Horror,,
1226806,,Teething,Teething,en,,,2019-01-01,/UJjW2U40ZgM7eOMrHLAFPdy9mn.jpg,0,0,0,0,0,0,,False,,Horror,,
1226822,,Feel,Feel,en,,,2022-01-01,/aTe4SpeHl8g6ITgN6uySxAuqA1R.jpg,0,0,0,0,0,0,,False,,Horror,,
1227269,,Hobo Sewer Slaughter,Hobo Sewer Slaughter,en,,,2019-01-01,/nE675ngOoh3edZwOxwPTfUWDAPK.jpg,0,0,0,0,0,0,,False,,Horror,,
1227315,,The Amityville Cute Farting Cat,The Amityville Cute Farting Cat,en,,,2022-01-01,/dtrVFd7X7WLDczAvEhOPhRo6Jgd.jpg,0,0,0,0,0,0,,False,,Horror,,
1227460,,Attack of the Radioactive Zombies,Attack of the Radioactive Zombies,en,,,2022-01-01,/bJK1rRn0nmDjXHR1afciBkaqsub.jpg,0,0,0,0,0,0,,False,,Horror,,
1227471,,Sunfall,Sunfall,en,,,2020-01-01,/40X9GLn4HFXjnVSZyxrTtCcglgN.jpg,0,0,0,0,0,0,,False,,Horror,,
1228244,,Nightmare City,Nightmare City,en,,,1984-01-01,/5NNx33XoAjKjgYtf0jXs042seD4.jpg,0,0,0,0,0,0,,False,,Horror,,
1228320,,Mary,Mary,en,,,2010-01-01,/eqwBMSRPu2Ru7wBgqhu0liLGyPj.jpg,0,0,0,0,0,0,,False,,Horror,,
1228340,,Don't Look Back,Don't Look Back,en,,,2021-01-01,/jHbmoHy7blKpSAJY5uuNRdHprQA.jpg,0,0,0,0,0,0,,False,,Horror,,
1228688,,The Flytipper,The Flytipper,en,,,2019-01-01,/b4wphzpxIcQTZTKi7G5uce4901V.jpg,0,0,0,0,0,0,,False,,Horror,,
1228870,,The Ashes,The Ashes,en,,,2017-01-01,/grjMZ6NAlfymPEsKaIFOQackIoz.jpg,0,0,0,0,0,0,,False,,Horror,,
1228963,,Spellbound,Spellbound,en,,,2022-01-01,/nTNYoSxKPNylHiPdbwerkYWIwMn.jpg,0,0,0,0,0,0,,False,,Horror,,
1229021,,Squeak and I'll Run to You,Squeak and I'll Run to You,en,,,2022-01-01,/toylh3ZnnNQe8uFGTShGQtpvCZk.jpg,0,0,0,0,0,0,,False,,Horror,,
1229325,,Nite Time Creatures,Nite Time Creatures,en,,,2018-01-01,/hjadnhFQnzOsAGlc3sBZsr8ToUm.jpg,0,0,0,0,0,0,,False,,Horror,,
1229768,,The Little Death,The Little Death,en,,,2006-01-01,/fPeKCfbGYjFNACxygZEeW9cbVsf.jpg,0,0,0,0,0,0,,False,,Horror,,
1230860,,Re-Flesh,Re-Flesh,en,,,2022-01-01,/v83Sj6KxrUPEFnoRxBoir142lxH.jpg,0,0,0,0,0,0,,False,,Horror,,
1230908,,The Last Bean,The Last Bean,en,,,2020-01-01,/wCdxP3PyO76Y2RKqzcmLJxf2X5k.jpg,0,0,0,0,0,0,,False,,Horror,,
1230992,,The House,The House,en,,,2022-01-01,/o94pZRb0l2zk1n9nAL9a9ab5MTb.jpg,0,0,0,0,0,0,,False,,Horror,,
1231393,,The House on Teddy Bear Lane,The House on Teddy Bear Lane,en,,,2015-01-01,/pv99L6NrQY0m1w89V747mjrC75c.jpg,0,0,0,0,0,0,,False,,Horror,,
1231417,,The Intrusion,The Intrusion,en,,,2020-01-01,/cOj4Q5fJB1XwxJi7L9LxGJ7EK6g.jpg,0,0,0,0,0,0,,False,,Horror,,
1231558,,Ermon County: Gateway of the Fallen,Ermon County: Gateway of the Fallen,en,,,2015-01-01,/mJAeg43KFYWuctwPPUxCV76slYh.jpg,0,0,0,0,0,0,,False,,Horror,,
1231764,,Stash,Stash,en,,,2002-01-01,/u850tsWm4vZScsCI3lt9SH9ojDZ.jpg,0,0,0,0,0,0,,False,,Horror,,
1231910,,Lianne,Lianne,en,,,2022-01-01,/z5VZ6rrscC7GRpyNRa3LHPDetmf.jpg,0,0,0,0,0,0,,False,,Horror,,
1232099,,The Big Sink,The Big Sink,en,,,1993-01-01,/xcViXCdUiQ4qxWNyimWM4zDk5sd.jpg,0,0,0,0,0,0,,False,,Horror,,
1232265,,All You Are Going to Want to Do Is Get Back There,All You Are Going to Want to Do Is Get Back There,en,,,2022-01-01,/oHDumBTKs1RHwJf6XnazHehHOMC.jpg,0,0,0,0,0,0,,False,,Horror,,
1232443,,Folklore,Folklore,en,,,2012-01-01,/2vBZvtLMVVB5yDYco3qZfRS4GTT.jpg,0,0,0,0,0,0,,False,,Horror,,
1232945,,Advocate,Advocate,en,,,2012-01-01,/6Klb7uwCey83A2gqqfHnrrmHXV8.jpg,0,0,0,0,0,0,,False,,Horror,,
1232955,,"Supernaturalz: Weird, Creepy & Random","Supernaturalz: Weird, Creepy & Random",en,,,2012-01-01,/1eCzoREiCzeSIURIdhaFT597pfP.jpg,0,0,0,0,0,0,,False,,Horror,,
1233252,,The Seaning Dead,The Seaning Dead,en,,,2020-01-01,/b9bT9U8ICzQhUDcjkV4jZY3ORaM.jpg,0,0,0,0,0,0,,False,,Horror,,
1233433,,Ouiji,Ouiji,en,,,2016-01-01,/x2J770rSSQXH0AwZI63zb9choJP.jpg,0,0,0,0,0,0,,False,,Horror,,
1233822,,Popsy,Popsy,en,,,2006-01-01,/xR46n9fCK9JbmrK3yQbS6EVJ5BZ.jpg,0,0,0,0,0,0,,False,,Horror,,
1233915,,Kill Devil Hills,Kill Devil Hills,en,,,2022-01-01,/qmwXD3UFVF8JCurjWmSLMllej1f.jpg,0,0,0,0,0,0,,False,,Horror,,
1233964,,Reflection,Reflection,en,,,2020-01-01,/wjfup1dCdpAVqYFdOChUUs04erW.jpg,0,0,0,0,0,0,,False,,Horror,,
1234062,,Winter Chill,Winter Chill,en,,,2014-01-01,/8pCO2mNEYZ1pfplP6mLrtnzJxcg.jpg,0,0,0,0,0,0,,False,,Horror,,
1234064,,The Sins Beneath,The Sins Beneath,en,,,2025-01-01,/awRsbOB5PBtM6axLiiETk5nXVwr.jpg,0,0,0,0,0,0,,False,,Horror,,
1234069,,Flame,Flame,en,,,2022-01-01,/dcJWJX1wmwUuadKFhG6Qw71PE38.jpg,0,0,0,0,0,0,,False,,Horror,,
1234070,,Into Death,Into Death,en,,,2022-01-01,/3KVgCrtHEgibtPEgY93CqhQ6L78.jpg,0,0,0,0,0,0,,False,,Horror,,
1234277,,The Passenger,The Passenger,en,,,2022-01-01,/rpyVXBDBhWtzMqAXRrwvjbGV2LV.jpg,0,0,0,0,0,0,,False,,Horror,,
1234320,,Dead Skin,Dead Skin,en,,,2022-01-01,/rOgQDtXzBqyxjH6HQ3DRejkM4U4.jpg,0,0,0,0,0,0,,False,,Horror,,
1234364,,Ransom,Ransom,en,,,2021-01-01,/jSLWOxpfYpGpxfi9kzBaljYmgeA.jpg,0,0,0,0,0,0,,False,,Horror,,
1234369,,Dinner Party,Dinner Party,en,,,2021-01-01,/yPr6y8r2fKgOz60NQRbHjqHrXxb.jpg,0,0,0,0,0,0,,False,,Horror,,
1234386,,The Neighbor,The Neighbor,en,,,2020-01-01,/AsJ4KHSxSp7VCqJ6LViqdWzerjw.jpg,0,0,0,0,0,0,,False,,Horror,,
1234395,,Tethered,Tethered,en,,,2020-01-01,/3V5svFacbzyjuGPPNiKbQv9KaX6.jpg,0,0,0,0,0,0,,False,,Horror,,
1234448,,The Gaze,The Gaze,en,,,2022-01-01,/z8Cs3FFq3dMkc66b95VsVvA9tAt.jpg,0,0,0,0,0,0,,False,,Horror,,
1234559,,Earth Has Fallen,Earth Has Fallen,en,,,2021-01-01,/ai8bvUizEO67Z3fft7hQia5rswk.jpg,0,0,0,0,0,0,,False,,Horror,,
1234762,,Everbliss Inn,Everbliss Inn,en,,,2022-01-01,/19EXr8fX5949QTeVLV7JGHEaoIZ.jpg,0,0,0,0,0,0,,False,,Horror,,
1234820,,Veggie Killers: Green Hell,Veggie Killers: Green Hell,en,,,2016-01-01,/dg8h55cztIFuko13QDtpmXyo0cN.jpg,0,0,0,0,0,0,,False,,Horror,,
1234882,,Drag Hell: Zombies Meat Lovers,Drag Hell: Zombies Meat Lovers,en,,,2015-01-01,/edn5PlWkBhM3wtac5NzKuRN2DEl.jpg,0,0,0,0,0,0,,False,,Horror,,
1234935,,Umbilical Jim,Umbilical Jim,en,,,2007-01-01,/wWUWpuu2vjAFodNLJT799sBjumB.jpg,0,0,0,0,0,0,,False,,Horror,,
1234938,,Talisman,Talisman,en,,,2022-01-01,/qoKDOhb8epspJTOfp6VRsmCLmoW.jpg,0,0,0,0,0,0,,False,,Horror,,
1235370,,Trespassers,Trespassers,en,,,2019-01-01,/ysjqPIMZZtexM6oMvrQOEOcPlrx.jpg,0,0,0,0,0,0,,False,,Horror,,
1235435,,Warren's Rhapsody,Warren's Rhapsody,en,,,2022-01-01,/fcCC5DgxpuBanRXrF2THdvMlHlG.jpg,0,0,0,0,0,0,,False,,Horror,,
1235558,,Ising,Ising,en,,,2022-01-01,/vkewgzroJRtYcFMOvNYrACtxtMe.jpg,0,0,0,0,0,0,,False,,Horror,,
1235568,,Silo,Silo,en,,,2022-01-01,/1W6tieLWSYcM74nbZajZsdAJK9B.jpg,0,0,0,0,0,0,,False,,Horror,,
1235576,,Follow Me,Follow Me,en,,,2021-01-01,/5yY47kcyNo9COxgaUyMOyCM80jG.jpg,0,0,0,0,0,0,,False,,Horror,,
1236249,,Dead Guys 2: Blind Date,Dead Guys 2: Blind Date,en,,,2005-01-01,/eX9KI1LgCbT4xBuaE6LIonxDQNE.jpg,0,0,0,0,0,0,,False,,Horror,,
1236485,,Silent Hills,Silent Hills,en,,,2022-01-01,/YqzZZmTviNXLEvxDHTm6PQieoa.jpg,0,0,0,0,0,0,,False,,Horror,,
1236920,,Blood Fear,Blood Fear,en,,,2022-01-01,/kjxgu2fY0FBTd7uFqTksBsGm2zm.jpg,0,0,0,0,0,0,,False,,Horror,,
1237327,,Down,Down,en,,,2003-01-01,/5GMMKxvXzlLgyOg5SrR8b7rOBng.jpg,0,0,0,0,0,0,,False,,Horror,,
1237406,,The Playhouse,The Playhouse,en,,,2005-01-01,/o26SlFglpt1cmd3RIMoAutDfT5C.jpg,0,0,0,0,0,0,,False,,Horror,,
1237549,,Darkness Binds,Darkness Binds,en,,,2021-01-01,/ok3w0susqvNQloEzabOQgpAEbsc.jpg,0,0,0,0,0,0,,False,,Horror,,
1237962,,Suffer Little Children…,Suffer Little Children…,en,,,1976-01-01,/giM0wUHNPopmoXGtbhMxPw0afcP.jpg,0,0,0,0,0,0,,False,,Horror,,
1238098,,The Music of Erich Zann,The Music of Erich Zann,en,,,2017-01-01,/g9dXGW1JYsTO5DA3CEB6TmvqXc.jpg,0,0,0,0,0,0,,False,,Horror,,
1238658,,Feeding On The Living,Feeding On The Living,en,,,2022-01-01,/bIZP9TEzxb0ggTJHoxZSsB7r12q.jpg,0,0,0,0,0,0,,False,,Horror,,
1238814,,All My Friends Are Dead,All My Friends Are Dead,en,,,2022-01-01,/nC8jR2gVBfpJZHirczc5RtiKQWI.jpg,0,0,0,0,0,0,,False,,Horror,,
1239093,,Evangeleo,Evangeleo,en,,,2007-01-01,/cmzTlW986xvYNx2KTZEbb3tYkJX.jpg,0,0,0,0,0,0,,False,,Horror,,
1239188,,Remote Viewing,Remote Viewing,en,,,2021-01-01,/vkZUsPk83YWkJfegrtMxucTUjaS.jpg,0,0,0,0,0,0,,False,,Horror,,
1239491,,Sinema,Sinema,en,,,2014-01-01,/9PHbBxBWZsi3AeKwuNrQNHsVIsI.jpg,0,0,0,0,0,0,,False,,Horror,,
1239602,,"Bernisa, jača od smrti","Bernisa, jača od smrti",en,,,1990-01-01,/kyMAFCRwqIeq0FJnelATMhCOeHO.jpg,0,0,0,0,0,0,,False,,Horror,,
1239610,,The Monkey's Paw,The Monkey's Paw,en,,,2022-01-01,/eBE6x76sxnr585kLpKvyTfbUjSN.jpg,0,0,0,0,0,0,,False,,Horror,,
1239670,,They Stole the Pope's Blood!,They Stole the Pope's Blood!,en,,,2014-01-01,/pNoZgWWArTT4Xcwil0gNq3ejP5h.jpg,0,0,0,0,0,0,,False,,Horror,,
1239683,,Cry Baby Blue,Cry Baby Blue,en,,,2018-01-01,/hXO3o9OW9C8qJpno4mA7TrDdyZX.jpg,0,0,0,0,0,0,,False,,Horror,,
1239815,,The Hunt,The Hunt,en,,,1996-01-01,/g1wUG3aMaxloZKmn7FzZEvmzqOi.jpg,0,0,0,0,0,0,,False,,Horror,,
1239816,,Hollow,Hollow,en,,,2022-01-01,/ihGe5K0S6JrMtFrtX3x2Y9Vd5vJ.jpg,0,0,0,0,0,0,,False,,Horror,,
1239817,,W.A.V.E.'s Triple Feature,W.A.V.E.'s Triple Feature,en,,,2018-01-01,/9yXB0mCsH2gqRxaV24yvqwXcHtW.jpg,0,0,0,0,0,0,,False,,Horror,,
1239854,,Welcome to the Neighborhood,Welcome to the Neighborhood,en,,,2019-01-01,/5kzfxV9OLyIWkIlGIkPZW69TClE.jpg,0,0,0,0,0,0,,False,,Horror,,
1240141,,Going Off,Going Off,en,,,2006-01-01,/ArjtDtK8F8bccMUzdgk5z77MmjO.jpg,0,0,0,0,0,0,,False,,Horror,,
1240267,,Home For Infinite Losers,Home For Infinite Losers,en,,,2013-01-01,/qPfgM6V9JFRHCfQsC8d7uDlCQsp.jpg,0,0,0,0,0,0,,False,,Horror,,
1240655,,Infection,Infection,en,,,2022-01-01,/hGPEQXbJ6qTNnSQn9Ndv81jpyB4.jpg,0,0,0,0,0,0,,False,,Horror,,
1240711,,The Crone,The Crone,en,,,2018-01-01,/ncHpIKywFx53PtLeF1uOxPpXl7o.jpg,0,0,0,0,0,0,,False,,Horror,,
1241091,,Bliss,Bliss,en,,,2022-01-01,/gTN91GPpQQ7ny0Tc3g2f50mZRiQ.jpg,0,0,0,0,0,0,,False,,Horror,,
1241195,,Possession,Possession,en,,,2022-01-01,/ljgUTPKhhq6tJ8PbDPrEhcJyE2r.jpg,0,0,0,0,0,0,,False,,Horror,,
1241263,,Podèt,Podèt,en,,,2017-01-01,/dLadjNiTnyBw9RmEo8GUFDimlhf.jpg,0,0,0,0,0,0,,False,,Horror,,
1241902,,The Old Man in the Rocking Chair,The Old Man in the Rocking Chair,en,,,2022-01-01,/uhaddeuzs56ERkPRIza3axB63Qx.jpg,0,0,0,0,0,0,,False,,Horror,,
1241989,,The Thirteenth Clone,The Thirteenth Clone,en,,,2003-01-01,/qspOEVvQShZOGoKKf8BAJWpGNtV.jpg,0,0,0,0,0,0,,False,,Horror,,
1242561,,The Love Object,The Love Object,en,,,1995-01-01,/dlc4sxilytFcWE3ALr7KoWBt3it.jpg,0,0,0,0,0,0,,False,,Horror,,
1242562,,Stalked!,Stalked!,en,,,1993-01-01,/scRvKpf1DdhZDtQe1GE9WHuROfW.jpg,0,0,0,0,0,0,,False,,Horror,,
1242691,,Sewn with Scarlet Strings,Sewn with Scarlet Strings,en,,,2022-01-01,/fIJiIWfqzaKMbMVsZzXZgjqXymZ.jpg,0,0,0,0,0,0,,False,,Horror,,
1242879,,Blood Sick Psychosis,Blood Sick Psychosis,en,,,2022-01-01,/cepFAFR6r6MINUHw2NvF7tF00QY.jpg,0,0,0,0,0,0,,False,,Horror,,
1242914,,The Karening,The Karening,en,,,2020-01-01,/zo5vHmRZ2MtvRFnakN5pAldimSj.jpg,0,0,0,0,0,0,,False,,Horror,,
1243100,,Paleface,Paleface,en,,,2022-01-01,/97pBcK5ZGnkZ6pHhTUFJ061llCJ.jpg,0,0,0,0,0,0,,False,,Horror,,
1243103,,The Forgotten,The Forgotten,en,,,2020-01-01,/7z7gqneAEw1g1TNHjYhZrZ2hxGY.jpg,0,0,0,0,0,0,,False,,Horror,,
1243154,,Hands Off,Hands Off,en,,,2021-01-01,/3PAukcKbrSRy8SSZNom5fvuPX2d.jpg,0,0,0,0,0,0,,False,,Horror,,
1243389,,Camp Fez,Camp Fez,en,,,2022-01-01,/9sRhmNgRcfOvkMsabwT8JivfiGJ.jpg,0,0,0,0,0,0,,False,,Horror,,
1243685,,The Welcoming,The Welcoming,en,,,2017-01-01,/kxnKcHB3bZAMikzjgT2hOCewYdt.jpg,0,0,0,0,0,0,,False,,Horror,,
1243775,,New Age Natural Selection,New Age Natural Selection,en,,,2021-01-01,/b2VpCn77D17JcVJ95taLG7KBl5O.jpg,0,0,0,0,0,0,,False,,Horror,,
1243805,,The Devil Ant,The Devil Ant,en,,,1999-01-01,/efs0hc4Dc703ZB1lK4v1Amopj1T.jpg,0,0,0,0,0,0,,False,,Horror,,
1243853,,Down the Chimney with a Shotgun,Down the Chimney with a Shotgun,en,,,2022-01-01,/wjqil25bZ0TDMxWcxhwBuEh6lE0.jpg,0,0,0,0,0,0,,False,,Horror,,
1243953,,Howl of the Werewolf,Howl of the Werewolf,en,,,2018-01-01,/ifiQ46MwDeFOQY10aK6JZlJnUzu.jpg,0,0,0,0,0,0,,False,,Horror,,
1243988,,Magnum Opus,Magnum Opus,en,,,2022-01-01,/ymkbi0AlYm3BkjFnWrFZgVFmIUl.jpg,0,0,0,0,0,0,,False,,Horror,,
1244017,,Bug,Bug,en,,,2020-01-01,/8q2qfc369tSpoZcGmBta4oxljDL.jpg,0,0,0,0,0,0,,False,,Horror,,
1244101,,Flesh Eaters,Flesh Eaters,en,,,2022-01-01,/oGYj6g5uOoVjEqY297aLsdYv486.jpg,0,0,0,0,0,0,,False,,Horror,,
1244781,,Red Sky at Night,Red Sky at Night,en,,,2020-01-01,/aA9Gga6zqBQe0wIUoEAYZPBYGxI.jpg,0,0,0,0,0,0,,False,,Horror,,
1244966,,Clown Demented,Clown Demented,en,,,2010-01-01,/pIzIixLFXS2PLYi8dEbYkkizePv.jpg,0,0,0,0,0,0,,False,,Horror,,
1245168,,The Bread,The Bread,en,,,2007-01-01,/aQcu0qDGfagnMoaoay430SO61CA.jpg,0,0,0,0,0,0,,False,,Horror,,
1245191,,Ashcan Copies,Ashcan Copies,en,,,2012-01-01,/fQAqfWbFqERYqGQaeYdYoP1o4Mk.jpg,0,0,0,0,0,0,,False,,Horror,,
1245335,,The Agonizer,The Agonizer,en,,,2019-01-01,/siFyCvlmh7HVTpMwKJUgkYzsVUf.jpg,0,0,0,0,0,0,,False,,Horror,,
1245526,,Smell No Evil,Smell No Evil,en,,,2021-01-01,/8JI69iLYIxBQcZjUfJmCyDFD33w.jpg,0,0,0,0,0,0,,False,,Horror,,
1245682,,"Teaching Jake about the Camcorder, Jan '97","Teaching Jake about the Camcorder, Jan '97",en,,,2021-01-01,/7SFXYb3h7lBeZYiTKzdDsPnJxOn.jpg,0,0,0,0,0,0,,False,,Horror,,
1245802,,The Bunker,The Bunker,en,,,2016-01-01,/2X1OPFGXlvGuKLPar2yr4jndXay.jpg,0,0,0,0,0,0,,False,,Horror,,
1246036,,The Murderous Rampage Of Malachi Stitch,The Murderous Rampage Of Malachi Stitch,en,,,2011-01-01,/1lJpwEpU8UxhhCr9sdvvKDACXLo.jpg,0,0,0,0,0,0,,False,,Horror,,
1246269,,E-Mail-Zombies des Grauens - Der Horrorvirus aus dem Internet,E-Mail-Zombies des Grauens - Der Horrorvirus aus dem Internet,en,,,2001-01-01,/mI05qmfmtFNLl7EuqfgWGw8mkPM.jpg,0,0,0,0,0,0,,False,,Horror,,
1246382,,The SMILE Tapes,The SMILE Tapes,en,,,2022-01-01,/iDHHWyHxNndgc8bvzMy5ahglVBC.jpg,0,0,0,0,0,0,,False,,Horror,,
1246403,,One of us,One of us,en,,,2022-01-01,/xUP7NTwonCIzSWRSVSawS4mucQ7.jpg,0,0,0,0,0,0,,False,,Horror,,
1246416,,Vita Carnis - Living Meat Documentary,Vita Carnis - Living Meat Documentary,en,,,2022-01-01,/dElz0tbNrbKu6eN3v02ZBaCilMH.jpg,0,0,0,0,0,0,,False,,Horror,,
1246498,,The House,The House,en,,,2021-01-01,/6emRLeuXSvF6CIDoXoG1dfptyMg.jpg,0,0,0,0,0,0,,False,,Horror,,
1246526,,The House 2: The Awakening,The House 2: The Awakening,en,,,2021-01-01,/rwy8UrmgmPeFgcKtTAaOOVke6mT.jpg,0,0,0,0,0,0,,False,,Horror,,
1246556,,Me Vs. Me 3,Me Vs. Me 3,en,,,2021-01-01,/eHZPsiuIbaqYNuhVVoqt4BJuWIx.jpg,0,0,0,0,0,0,,False,,Horror,,
1246610,,Black Memento,Black Memento,en,,,2007-01-01,/7bR6XCnmKuPyoslc8363gQ1ToZr.jpg,0,0,0,0,0,0,,False,,Horror,,
1246659,,Portraits of Death,Portraits of Death,en,,,2011-01-01,/ouMsfumGQUVyELZ3S0vXnTRNuaD.jpg,0,0,0,0,0,0,,False,,Horror,,
1246699,,Point of Interest,Point of Interest,en,,,2013-01-01,/q68dDrcMHCPVFJPbccTpYMM7F4c.jpg,0,0,0,0,0,0,,False,,Horror,,
1246899,,Filth,Filth,en,,,2020-01-01,/bjiHKO8PO50JK8DxPYOeCoNioNN.jpg,0,0,0,0,0,0,,False,,Horror,,
1246975,,The Tell-Tale Heart,The Tell-Tale Heart,en,,,2022-01-01,/u0rUWsMca93RaTJpz7ag3IHv3an.jpg,0,0,0,0,0,0,,False,,Horror,,
1247153,,T is for Tranny,T is for Tranny,en,,,2011-01-01,/ttnWTbHWavjIfef6VNesIMrhmjg.jpg,0,0,0,0,0,0,,False,,Horror,,
1247172,,T is for Tranny,T is for Tranny,en,,,2013-01-01,/xSXa5IBWLTj84rPSu98wRgGN08r.jpg,0,0,0,0,0,0,,False,,Horror,,
1247276,,The Torture Memos,The Torture Memos,en,,,2021-01-01,/3vtDbpWDLpyKz3cK33cYbLYJSJP.jpg,0,0,0,0,0,0,,False,,Horror,,
1247436,,The Uninvited,The Uninvited,en,,,2010-01-01,/iXfVUhDsmYpeA4Rrh6Sw2T5LFKx.jpg,0,0,0,0,0,0,,False,,Horror,,
1247705,,Two Chairs,Two Chairs,en,,,2021-01-01,/3o15YPAkT6F5nN39QEzkNJlcIGt.jpg,0,0,0,0,0,0,,False,,Horror,,
1247733,,The Gallybagger,The Gallybagger,en,,,2019-01-01,/tLjJaUBbjWfN2AFJaDmgYBDLWxX.jpg,0,0,0,0,0,0,,False,,Horror,,
1247738,,If I Were A Bird,If I Were A Bird,en,,,2019-01-01,/njEeaSo4VFUudhvBALmTlNb6YlU.jpg,0,0,0,0,0,0,,False,,Horror,,
1247846,,The First Episode,The First Episode,en,,,2003-01-01,/n4pwctRJVtysfQmTw6RpyADdZe6.jpg,0,0,0,0,0,0,,False,,Horror,,
1247857,,Nightmare Island: The Legend of Hookface,Nightmare Island: The Legend of Hookface,en,,,2009-01-01,/wvV9UHFcGYGgiKTEHj7KkmrxXIQ.jpg,0,0,0,0,0,0,,False,,Horror,,
1248049,,Touch Tone,Touch Tone,en,,,2020-01-01,/f2sXl5HoiaXpFIrwFESwn0dEHFd.jpg,0,0,0,0,0,0,,False,,Horror,,
1248262,,She Feast,She Feast,en,,,2010-01-01,/1l58XCIOXqeVK7edC8Vxi3M3xZH.jpg,0,0,0,0,0,0,,False,,Horror,,
1248294,,Beyond The Lens,Beyond The Lens,en,,,2022-01-01,/j12TEEtdOtQ4midJMBhc3H99YCe.jpg,0,0,0,0,0,0,,False,,Horror,,
1248339,,Survival,Survival,en,,,2008-01-01,/6CmdDpK7hFqhz2xgHQtojPO5iH3.jpg,0,0,0,0,0,0,,False,,Horror,,
1248492,,One For The Road,One For The Road,en,,,2020-01-01,/klpsAHL1WBaGXyBk3Z7r85dkDlg.jpg,0,0,0,0,0,0,,False,,Horror,,
1248567,,Black Rose,Black Rose,en,,,2011-01-01,/f4uMVARp1EkLv72iiMhMmVv0TQ3.jpg,0,0,0,0,0,0,,False,,Horror,,
1249026,,Synthwave Horror: Dr. Jekyll and Mr. Hyde,Synthwave Horror: Dr. Jekyll and Mr. Hyde,en,,,2015-01-01,/uWcg5TE6ROQMO7f7m6Yis2PEh1s.jpg,0,0,0,0,0,0,,False,,Horror,,
1249125,,"Scream, Evelyn, Scream!","Scream, Evelyn, Scream!",en,,,1970-01-01,/clu62rktK0YL5k7rvBJfvLmIvxe.jpg,0,0,0,0,0,0,,False,,Horror,,
1249240,,The American Bickman Burger,The American Bickman Burger,en,,,2003-01-01,/d8rGKk7s6aROcPNKiyum8fnoEtt.jpg,0,0,0,0,0,0,,False,,Horror,,
1249771,,The Pumpkin Man vs. Kreepy the Clown,The Pumpkin Man vs. Kreepy the Clown,en,,,2017-01-01,/iyNer19yFdBgo1veLmjAC8gTJl2.jpg,0,0,0,0,0,0,,False,,Horror,,
1249773,,The Pumpkin Man 2: Ryan's Nightmare,The Pumpkin Man 2: Ryan's Nightmare,en,,,2016-01-01,/6gGHB2ohdByBT9zVUgnAWj8CRnP.jpg,0,0,0,0,0,0,,False,,Horror,,
1249777,,The Pumpkin Man Returns,The Pumpkin Man Returns,en,,,2018-01-01,/9x4xLKxsN1T0LTiX7cYaandfOQ6.jpg,0,0,0,0,0,0,,False,,Horror,,
1249935,,The Final Maniac,The Final Maniac,en,,,2020-01-01,/bfvi6I026za7zDblN9GGLpMdVtN.jpg,0,0,0,0,0,0,,False,,Horror,,
1250162,,No Screens,No Screens,en,,,2020-01-01,/cB1EKXvyW8vriLOXAbIdENJPyTn.jpg,0,0,0,0,0,0,,False,,Horror,,
1250658,,Read Through,Read Through,en,,,2022-01-01,/oUEzMQ8aA8YdVCJrsCKfF2V4k0.jpg,0,0,0,0,0,0,,False,,Horror,,
1250689,,Nightmare Island 2: Hookface's Revenge,Nightmare Island 2: Hookface's Revenge,en,,,2011-01-01,/uvCPPrtXxg5DjGvziegQCKzmEEk.jpg,0,0,0,0,0,0,,False,,Horror,,
1250691,,Abi's Monster,Abi's Monster,en,,,2022-01-01,/kOrYUY2fWqVlqcIor6CLqSuuirS.jpg,0,0,0,0,0,0,,False,,Horror,,
1250694,,Nightmare Island 3: Rise of the Blood Queen,Nightmare Island 3: Rise of the Blood Queen,en,,,2012-01-01,/s4RJ0cEmck51M0WNWyZ2NEQM5qx.jpg,0,0,0,0,0,0,,False,,Horror,,
1250695,,Zomburbia,Zomburbia,en,,,2017-01-01,/49BfkJY2QbSRMpNfeUGROcEq0aY.jpg,0,0,0,0,0,0,,False,,Horror,,
1250806,,Cupcake,Cupcake,en,,,2022-01-01,/dHTaRLRAPmW3CBYZzoW80TUYDPo.jpg,0,0,0,0,0,0,,False,,Horror,,
1251239,,Run!,Run!,en,,,2021-01-01,/94r5rG5p3xRnSprPUbgfX8r7rkP.jpg,0,0,0,0,0,0,,False,,Horror,,
1251248,,Beast of Prey,Beast of Prey,en,,,2020-01-01,/tMfYJguxt4XuW0T0uNlKPX8IIR2.jpg,0,0,0,0,0,0,,False,,Horror,,
1251427,,The Garden,The Garden,en,,,1996-01-01,/cCFUAGEZvSaXTyYIir5CBrz4VfH.jpg,0,0,0,0,0,0,,False,,Horror,,
1251558,,Every Night I See Them,Every Night I See Them,en,,,2021-01-01,/6lYPYFUPFeLz42yeDudXZiWUZD0.jpg,0,0,0,0,0,0,,False,,Horror,,
1251946,,The Tower,The Tower,en,,,2022-01-01,/9uhWuuMf9ZWaXdC81tgLaBuICuh.jpg,0,0,0,0,0,0,,False,,Horror,,
1251993,,Ngboroh,Ngboroh,en,,,2022-01-01,/csByooFqJwXyiD7r2bps5vTQXLv.jpg,0,0,0,0,0,0,,False,,Horror,,
1252239,,Doors,Doors,en,,,2022-01-01,/ctKOc9dJ8gKS6G0j76HO3HVkb8H.jpg,0,0,0,0,0,0,,False,,Horror,,
1252279,,Attic,Attic,en,,,2020-01-01,/j86qDNBNtgPHJQ49LeEoS510u6u.jpg,0,0,0,0,0,0,,False,,Horror,,
1252361,,Yep,Yep,en,,,2022-01-01,/tTdm01ZcVNS2D2W9Ad4T0ms6RsY.jpg,0,0,0,0,0,0,,False,,Horror,,
1252675,,Torture Fetish,Torture Fetish,en,,,2015-01-01,/rgFROTwaHBGMnyZzM221r8R6wON.jpg,0,0,0,0,0,0,,False,,Horror,,
1253284,,Zombie Beach,Zombie Beach,en,,,2010-01-01,/oJCn5RolRRRB6EBeqJlIgAykjs8.jpg,0,0,0,0,0,0,,False,,Horror,,
1253334,,Noman,Noman,en,,,2022-01-01,/8Oj2cj96K4xvqPLbYQQLc2x1i3e.jpg,0,0,0,0,0,0,,False,,Horror,,
1253367,,The starving dead,The starving dead,en,,,2001-01-01,/p3sx09Ck2KcAmPyvrYeOIf1LWyE.jpg,0,0,0,0,0,0,,False,,Horror,,
1253393,,Toast,Toast,en,,,2022-01-01,/hc0Kzvj5HuRxJeDvE8rR7dWJJeQ.jpg,0,0,0,0,0,0,,False,,Horror,,
1253488,,Mine,Mine,en,,,2022-01-01,/3HBvGnqUtZkzshLN7F8EICMhP9M.jpg,0,0,0,0,0,0,,False,,Horror,,
1253492,,Disfigurement,Disfigurement,en,,,2022-01-01,/aaSwFxUZwBWJf9rQfYJ0hMbazt5.jpg,0,0,0,0,0,0,,False,,Horror,,
1253575,,Creepy Tales,Creepy Tales,en,,,2001-01-01,/yByVJYyyXwMSQAVa7qdmeJONAQj.jpg,0,0,0,0,0,0,,False,,Horror,,
1253606,,The Cadaver,The Cadaver,en,,,2022-01-01,/ipMChAAvON2WSVpTFUPWGbPIE4D.jpg,0,0,0,0,0,0,,False,,Horror,,
1253616,,The Man with the Hat,The Man with the Hat,en,,,2022-01-01,/mqReUH6rTuqln0RL41Uqdt0FO9V.jpg,0,0,0,0,0,0,,False,,Horror,,
1253619,,Scare Monster,Scare Monster,en,,,2022-01-01,/mgXbEgIvHoRc5iQ8pZdSOs82rH4.jpg,0,0,0,0,0,0,,False,,Horror,,
1253624,,The Price of Art,The Price of Art,en,,,2022-01-01,/tL5VwOikuKVUaZwB8MwkYVacqCu.jpg,0,0,0,0,0,0,,False,,Horror,,
1253635,,Grandfather,Grandfather,en,,,2019-01-01,/igrrjuQXmiy34eH0P4OEuKPWeL4.jpg,0,0,0,0,0,0,,False,,Horror,,
1253654,,An Ordinary Day,An Ordinary Day,en,,,2022-01-01,/2p1eFDtPenN7V5mW1XzS1TgSs3m.jpg,0,0,0,0,0,0,,False,,Horror,,
1253740,,Severed Body Parts: The Cannibal Murders,Severed Body Parts: The Cannibal Murders,en,,,2016-01-01,/hT3AamF45PtQHPCRxeMp7JQbceC.jpg,0,0,0,0,0,0,,False,,Horror,,
1253918,,The Face of the Phantom,The Face of the Phantom,en,,,1959-01-01,/8d0zVQ73RBuwPSH2fOxOtJd7DJ8.jpg,0,0,0,0,0,0,,False,,Horror,,
1253925,,Vomitose,Vomitose,en,,,1996-01-01,/6hcGx8vHqMbmKf9k9nGHA1FUbGU.jpg,0,0,0,0,0,0,,False,,Horror,,
1253929,,Grip,Grip,en,,,2001-01-01,/8CnJ45sD5ecyMRVkpWovpH1ufc8.jpg,0,0,0,0,0,0,,False,,Horror,,
1254195,,T. Rex In The Atrium,T. Rex In The Atrium,en,,,2010-01-01,/cYnpt0bW9dRddYJBg55rZWf0OFS.jpg,0,0,0,0,0,0,,False,,Horror,,
1254204,,Public Domain,Public Domain,en,,,2020-01-01,/2zc8AVbIxoMkQjd6IkRFp0zLOKY.jpg,0,0,0,0,0,0,,False,,Horror,,
1254225,,Seagrass,Seagrass,en,,,2019-01-01,/Q6xxZzDwBYMWBKNDpTK99FO4bS.jpg,0,0,0,0,0,0,,False,,Horror,,
1254933,,Maya,Maya,en,,,2022-01-01,/jCFQzoWYE6rN9AbisCVWEam2JmG.jpg,0,0,0,0,0,0,,False,,Horror,,
1255394,,Ceremony of Innocence,Ceremony of Innocence,en,,,2018-01-01,/oXRiYhgBqj5Gn6WwMDrcYvde0Yt.jpg,0,0,0,0,0,0,,False,,Horror,,
1255413,,Liars,Liars,en,,,2002-01-01,/ppQYemFIN7DKLd3PkPh2VM2fhHv.jpg,0,0,0,0,0,0,,False,,Horror,,
1255486,,Moshpit,Moshpit,en,,,2022-01-01,/vyB5AT9f4u1IKOPnphoJYPEa2Qs.jpg,0,0,0,0,0,0,,False,,Horror,,
1255549,,The Descendent,The Descendent,en,,,2006-01-01,/jAxpy8hlFjVHVLbEJ8y2Z0neV4V.jpg,0,0,0,0,0,0,,False,,Horror,,
1255562,,The Change,The Change,en,,,2019-01-01,/93WSAuiyv1ujWtVOat8XaGxGAHX.jpg,0,0,0,0,0,0,,False,,Horror,,
1255659,,Husk,Husk,en,,,2005-01-01,/gXyStfTyMJW24waIzpQcCxo2PU4.jpg,0,0,0,0,0,0,,False,,Horror,,
1255731,,We All Fall Down,We All Fall Down,en,,,2005-01-01,/9C6iRza7prK4S6QDn9NkZRU78Ui.jpg,0,0,0,0,0,0,,False,,Horror,,
1255939,,3:33 A.M.,3:33 A.M.,en,,,2022-01-01,/3WMJQKydZFzJDwepG6w96WgAwml.jpg,0,0,0,0,0,0,,False,,Horror,,
1256214,,Observer,Observer,en,,,2022-01-01,/il5fyWlSzZDciYmjICBNVUz8h04.jpg,0,0,0,0,0,0,,False,,Horror,,
1256424,,After the Wolf,After the Wolf,en,,,2015-01-01,/41g3HXzVHDMyCI8dhkweWCiaBJ1.jpg,0,0,0,0,0,0,,False,,Horror,,
1256600,,Club Dead Presents: The Dead Files,Club Dead Presents: The Dead Files,en,,,1990-01-01,/t2DyMI9BWCd9yHQQAfjHE2s38kI.jpg,0,0,0,0,0,0,,False,,Horror,,
1256679,,Highway to Hell,Highway to Hell,en,,,2022-01-01,/eKsYL2ixMibWWfTn4Pn8hEzjZ3E.jpg,0,0,0,0,0,0,,False,,Horror,,
1256695,,The Gazelle,The Gazelle,en,,,2021-01-01,/4AN5CHknWs6vqdXXVgQ1kX5rFft.jpg,0,0,0,0,0,0,,False,,Horror,,
1257204,,Mary Magdalene,Mary Magdalene,en,,,2017-01-01,/gpP2wGka0QmI1yjaRkYRkQuEBRp.jpg,0,0,0,0,0,0,,False,,Horror,,
1257254,,Number One Fan,Number One Fan,en,,,2022-01-01,/jdcfYqxyLQzsBEQQXUQnA4EEvrt.jpg,0,0,0,0,0,0,,False,,Horror,,
1257641,,Morbus Opus,Morbus Opus,en,,,2017-01-01,/gtwqeU6DQGbHfZeEu2iyMpKqJps.jpg,0,0,0,0,0,0,,False,,Horror,,
1257670,,Hexham Heads,Hexham Heads,en,,,2024-01-01,/npAvF1j6tqXphrg7AYRPRfWFREV.jpg,0,0,0,0,0,0,,False,,Horror,,
1257866,,Mimic,Mimic,en,,,2021-01-01,/1ukxqNEBZr5Hn4bPy0iducyeK8h.jpg,0,0,0,0,0,0,,False,,Horror,,
1258081,,Tomorrow's Bacon,Tomorrow's Bacon,en,,,2001-01-01,/udCsnyz6bqaYs7jpH8ioZKP53NS.jpg,0,0,0,0,0,0,,False,,Horror,,
1258309,,Throat Scorpion,Throat Scorpion,en,,,2017-01-01,/dwjx7zcVsNL2qeNamqzyOM83P30.jpg,0,0,0,0,0,0,,False,,Horror,,
1258328,,Pay to Play,Pay to Play,en,,,2017-01-01,/abTbmuIF3TJY3xxYZZCYp50lvuM.jpg,0,0,0,0,0,0,,False,,Horror,,
1258604,,Bigfoot In Kentucky,Bigfoot In Kentucky,en,,,2021-01-01,/r3S4odKVXSSpXbszjM5J0HTsStH.jpg,0,0,0,0,0,0,,False,,Horror,,
1258785,,Jack Shit,Jack Shit,en,,,2022-01-01,/qM7kv5Fk4p7BOciEMzrs8PaYUka.jpg,0,0,0,0,0,0,,False,,Horror,,
1258930,,The Raven,The Raven,en,,,2020-01-01,/2D1LWbRgf7IthyEVlAb3sP5dtFX.jpg,0,0,0,0,0,0,,False,,Horror,,
1258973,,Stitch: The Weymouth Woods Killer,Stitch: The Weymouth Woods Killer,en,,,2013-01-01,/a247TaMcUn1aaIMTgEr6h5Ap7oL.jpg,0,0,0,0,0,0,,False,,Horror,,
1259004,,Bloodmare,Bloodmare,en,,,2014-01-01,/65QBWa1q2DHsVxUClZ8ye0TwVcg.jpg,0,0,0,0,0,0,,False,,Horror,,
1259038,,Miss Raven,Miss Raven,en,,,2022-01-01,/wJiqtS1fDtA8VHGIzkmcHS0sb8i.jpg,0,0,0,0,0,0,,False,,Horror,,
1259059,,Once Upon a Deadtime Story,Once Upon a Deadtime Story,en,,,2015-01-01,/kMuAOIAUzZ0bNE7y5539N9D7RN9.jpg,0,0,0,0,0,0,,False,,Horror,,
1259270,,Necro Lesbians,Necro Lesbians,en,,,2021-01-01,/sP3blPI8bN0tlVroSadPEjze7CH.jpg,0,0,0,0,0,0,,False,,Horror,,
1259421,,Snaggletooth,Snaggletooth,en,,,2022-01-01,/19Od8SDuKcOcSCxfeUEkCxwciIC.jpg,0,0,0,0,0,0,,False,,Horror,,
1259527,,Leper Party,Leper Party,en,,,2021-01-01,/vqP00cFVa75TPUsQWcrxoKpXyjB.jpg,0,0,0,0,0,0,,False,,Horror,,
1259560,,Party Levitation,Party Levitation,en,,,2021-01-01,/u0fAV9I8YYSC4DhRhojZm2KHOeo.jpg,0,0,0,0,0,0,,False,,Horror,,
1259681,,Unreel,Unreel,en,,,2022-01-01,/lHgg8WV4SnUpXjuzZ4duNo6EtOf.jpg,0,0,0,0,0,0,,False,,Horror,,
1259684,,Overdose,Overdose,en,,,2021-01-01,/603DNXcVCbMsyKbJHMfHPd8LiKy.jpg,0,0,0,0,0,0,,False,,Horror,,
1259729,,Hymns from the Abyss,Hymns from the Abyss,en,,,2021-01-01,/o6fPc8DHAmangjCLytVGIrNfCwE.jpg,0,0,0,0,0,0,,False,,Horror,,
1259734,,The Nightmare,The Nightmare,en,,,2020-01-01,/f1tl4BbrQtTpQVD86kB3g0fRE6a.jpg,0,0,0,0,0,0,,False,,Horror,,
1259895,,Psychotic Bimbo,Psychotic Bimbo,en,,,1998-01-01,/4JrKsW8clxcXPzjfoJFPVND3ye6.jpg,0,0,0,0,0,0,,False,,Horror,,
1260158,,Liars II: Fit To Kill,Liars II: Fit To Kill,en,,,2002-01-01,/i4Eh3BjluXTBqgCt2Msa72HvzYx.jpg,0,0,0,0,0,0,,False,,Horror,,
1260423,,No Through Road II,No Through Road II,en,,,2011-01-01,/7FcDadNinBTOZZCiLUTEqEuEINj.jpg,0,0,0,0,0,0,,False,,Horror,,
1260672,,NAKNE BEN,NAKNE BEN,en,,,2021-01-01,/zgIRuGa2yC6jMlKfbZDtxi0R2pz.jpg,0,0,0,0,0,0,,False,,Horror,,
1260732,,My Wife Is a Vampire,My Wife Is a Vampire,en,,,2009-01-01,/agdiaHbzxmxPwi1zCNg3FxXn8xA.jpg,0,0,0,0,0,0,,False,,Horror,,
1260835,,777,777,en,,,1997-01-01,/7nsbGYR3t4r9jBxdRCIZiKlzoPU.jpg,0,0,0,0,0,0,,False,,Horror,,
1261259,,The 6 Relics of Helena Mason,The 6 Relics of Helena Mason,en,,,2022-01-01,/zFX5rs05P5LzNcwGlF6vevUuJbQ.jpg,0,0,0,0,0,0,,False,,Horror,,
1261260,,Blood Relative,Blood Relative,en,,,2004-01-01,/qfdlFSqRBA584lJ1YuuzIPGvBZp.jpg,0,0,0,0,0,0,,False,,Horror,,
1261577,,James O'Barr's THE CROW,James O'Barr's THE CROW,en,,,1998-01-01,/oktLySoS1aNfPglW0GJ4fqawyfF.jpg,0,0,0,0,0,0,,False,,Horror,,
1261992,,MARA,MARA,en,,,2021-01-01,/ifd5b7QVH6854yzhLwXg8RVawvd.jpg,0,0,0,0,0,0,,False,,Horror,,
1262376,,Anna(stasia),Anna(stasia),en,,,2022-01-01,/AjXJLBLJoYiudAq8Up1jYFUVim5.jpg,0,0,0,0,0,0,,False,,Horror,,
1262681,,Twisted Weekend 2: Coed Slaughter,Twisted Weekend 2: Coed Slaughter,en,,,1999-01-01,/rqE0aOGoVHFJdzwxlsiXdpsO6T3.jpg,0,0,0,0,0,0,,False,,Horror,,
1262700,,Twisted Weekend: Pledges Must Die,Twisted Weekend: Pledges Must Die,en,,,1990-01-01,/m9tLo6qPec5iHjTGgKUBTGtepWa.jpg,0,0,0,0,0,0,,False,,Horror,,
1262718,,Twisted Weekend III: Slacker Holocaust,Twisted Weekend III: Slacker Holocaust,en,,,2003-01-01,/e7p5GCVC20FAAiRYKKR32JAIAyu.jpg,0,0,0,0,0,0,,False,,Horror,,
1263115,,The Corpse Spirit Is Pressing,The Corpse Spirit Is Pressing,en,,,2005-01-01,/icsb5Hip5MSLuq2nmWNV7NzgtqW.jpg,0,0,0,0,0,0,,False,,Horror,,
1263613,,The Day the Shopping Carts Came to Life,The Day the Shopping Carts Came to Life,en,,,1983-01-01,/3WrzTo7t4ynXLy7WPUq4WlC2ILa.jpg,0,0,0,0,0,0,,False,,Horror,,
1263625,,Dial,Dial,en,,,2022-01-01,/jM6DkXFcCB0sZx2VOAKUo83m90j.jpg,0,0,0,0,0,0,,False,,Horror,,
1263634,,Don't Trust the Doll,Don't Trust the Doll,en,,,2022-01-01,/3r6k9H0sfZum1fjTI1DvOolnRrq.jpg,0,0,0,0,0,0,,False,,Horror,,
1263707,,Family Home Evening,Family Home Evening,en,,,2020-01-01,/79q1QP4nA3m7z4RUrOkpQTZdSi2.jpg,0,0,0,0,0,0,,False,,Horror,,
1263723,,Scratch,Scratch,en,,,2000-01-01,/uHZdmXBgMQu0l9241lnQb3l1mSc.jpg,0,0,0,0,0,0,,False,,Horror,,
1263832,,The Abandoned Zoo,The Abandoned Zoo,en,,,2016-01-01,/yEC1JDiYc37bverHc6djgJywi9S.jpg,0,0,0,0,0,0,,False,,Horror,,
1264452,,Hot Kiss,Hot Kiss,en,,,1969-01-01,/emmJjulESgLJvgStCi7I2Z06NxA.jpg,0,0,0,0,0,0,,False,,Horror,,
1264725,,Fracture,Fracture,en,,,2022-01-01,/vQcMga8Gca4R1o2MNKNKCg7Y8Ee.jpg,0,0,0,0,0,0,,False,,Horror,,
1264889,,Death Dummy,Death Dummy,en,,,2013-01-01,/nUXgqzkFzQK9sevkYrDBagxaXnS.jpg,0,0,0,0,0,0,,False,,Horror,,
1264904,,Dead End Drive,Dead End Drive,en,,,2007-01-01,/dGMg6a7Yr2qsNSyUTR767bbFUIz.jpg,0,0,0,0,0,0,,False,,Horror,,
1264910,,Dream Reapers,Dream Reapers,en,,,2016-01-01,/6YOYS7c0kox2dG8CDZ7UB7siscT.jpg,0,0,0,0,0,0,,False,,Horror,,
1264950,,Just Sign It,Just Sign It,en,,,2013-01-01,/kXRaf4XxjKfH6uLEE4lRHhPgZQU.jpg,0,0,0,0,0,0,,False,,Horror,,
1264955,,Cold Blood,Cold Blood,en,,,2007-01-01,/lWeTn3Hu2z06M2KNUW8YLzVtSM8.jpg,0,0,0,0,0,0,,False,,Horror,,
1265218,,Easter Bunny From Hell!,Easter Bunny From Hell!,en,,,1985-01-01,/n0VWI1L8q2dOcAeCrhF9W0A2CD0.jpg,0,0,0,0,0,0,,False,,Horror,,
1265538,,Dracula,Dracula,en,,,1963-01-01,/tVzL9gVegpAfp4uWlkXrMTtIInl.jpg,0,0,0,0,0,0,,False,,Horror,,
1265549,,7:45 of the Dead,7:45 of the Dead,en,,,2011-01-01,/hTDNmq1V3pOOztMQjx2rrZWfrD2.jpg,0,0,0,0,0,0,,False,,Horror,,
1265558,,Zom-B-Gone,Zom-B-Gone,en,,,2019-01-01,/pHup9qeuakwuRvRQj1tOxpW0oEf.jpg,0,0,0,0,0,0,,False,,Horror,,
1265572,,Neck Up,Neck Up,en,,,1995-01-01,/3j2OOtHDfkQG0iplIaqwz0qhUQX.jpg,0,0,0,0,0,0,,False,,Horror,,
1265593,,Snuff Queen,Snuff Queen,en,,,2022-01-01,/r6hoS5vRfrMjlWHfZxEuZ94edbY.jpg,0,0,0,0,0,0,,False,,Horror,,
1265633,,Curse of the Wolf,Curse of the Wolf,en,,,2004-01-01,/55LT1UWRbQWy1zYyHT8sncnCwpp.jpg,0,0,0,0,0,0,,False,,Horror,,
1265637,,The Strange Fetishes,The Strange Fetishes,en,,,1967-01-01,/qrjkfD8dDNe5q2JaHfDw8C8qPDF.jpg,0,0,0,0,0,0,,False,,Horror,,
1265649,,Spandana,Spandana,en,,,2015-01-01,/dUbO9g2aGZpRjxSVvbzJAAoG6WP.jpg,0,0,0,0,0,0,,False,,Horror,,
1265651,,Algo en la camara,Algo en la camara,en,,,2022-01-01,/jxu0z8VnZ5s2np4IPw1eEgavy8k.jpg,0,0,0,0,0,0,,False,,Horror,,
1265679,,Prime Time,Prime Time,en,,,1999-01-01,/yAX5h1PAoYAFAhfM5zW6YaxlPZ5.jpg,0,0,0,0,0,0,,False,,Horror,,
1265866,,The Night the Banshee Cried,The Night the Banshee Cried,en,,,1957-01-01,/esRa72nc4oLnQptVoHh3us06pFB.jpg,0,0,0,0,0,0,,False,,Horror,,
1265920,,The Monster,The Monster,en,,,1953-01-01,/bOCQoyIAvBRSiDZzJJkUu56nh3q.jpg,0,0,0,0,0,0,,False,,Horror,,
1265942,,A Ghost for Sale,A Ghost for Sale,en,,,1952-01-01,/6K3OsiyZUJL0y1kiJbhyKf7Iz1Y.jpg,0,0,0,0,0,0,,False,,Horror,,
1266032,,The Hangman,The Hangman,en,,,2022-01-01,/wdCtcNrTQ9ljbOl6wza2RfC8QJF.jpg,0,0,0,0,0,0,,False,,Horror,,
1266167,,Monster from British Hell,Monster from British Hell,en,,,2021-01-01,/bWoXrT2bb6GwJRBh1tgAQbunl2V.jpg,0,0,0,0,0,0,,False,,Horror,,
1266537,,The Stepping Stones,The Stepping Stones,en,,,2022-01-01,/5cxe8Va473ACLS78zwknPh8wyD8.jpg,0,0,0,0,0,0,,False,,Horror,,
1266635,,Goose Spit,Goose Spit,en,,,2022-01-01,/nkjxE0PPv61j67JPj1bqNPsPWRq.jpg,0,0,0,0,0,0,,False,,Horror,,
1266886,,Gilbert Harding Speaking of Murder,Gilbert Harding Speaking of Murder,en,,,1953-01-01,/cS8LRzf3IdcaxoKkzNO58SVaSZR.jpg,0,0,0,0,0,0,,False,,Horror,,
1266969,,Green Hell From The Void,Green Hell From The Void,en,,,1968-01-01,/kIh53XZGSGtD3s2gygAOJ4tp7K9.jpg,0,0,0,0,0,0,,False,,Horror,,
1266976,,The Strange Case of Dr. Jekyll and Mr. Hyde,The Strange Case of Dr. Jekyll and Mr. Hyde,en,,,1950-01-01,/qSp0MtJPxed7pxZO4gMarwDvyfg.jpg,0,0,0,0,0,0,,False,,Horror,,
1267038,,Dracula Meets the Wolf Man,Dracula Meets the Wolf Man,en,,,1965-01-01,/ry9SPnPiaxh2wTNvIto0qJ1XVKp.jpg,0,0,0,0,0,0,,False,,Horror,,
1267054,,The Heritage,The Heritage,en,,,1962-01-01,/1RHaZ2lLz6YNcgMYErhSAH9CWfM.jpg,0,0,0,0,0,0,,False,,Horror,,
1267056,,Inspector Clutz Saves the Day,Inspector Clutz Saves the Day,en,,,1969-01-01,/5KrubsYZ9SGLgVlvtzEr7PO7soq.jpg,0,0,0,0,0,0,,False,,Horror,,
1267071,,Attack of the Brain Demon,Attack of the Brain Demon,en,,,1967-01-01,/AlYD79e8MRK8ERJ4hJiUsUNeC2L.jpg,0,0,0,0,0,0,,False,,Horror,,
1267219,,Easter Bunny Bloodbath 2: No More Tears,Easter Bunny Bloodbath 2: No More Tears,en,,,2020-01-01,/qoJNEVXNITP7EPddhAIGM3BDE06.jpg,0,0,0,0,0,0,,False,,Horror,,
1267252,,GoreGoyles 2: Back To The Flesh,GoreGoyles 2: Back To The Flesh,en,,,2007-01-01,/iunIIQxGQmhHz3nzDHPjlxHu9S6.jpg,0,0,0,0,0,0,,False,,Horror,,
1267260,,Raid of the Vomit-Blood Fiends,Raid of the Vomit-Blood Fiends,en,,,2012-01-01,/ufPHPzgcvvgtGlOXHy3iyVB22x0.jpg,0,0,0,0,0,0,,False,,Horror,,
1267318,,Sawman,Sawman,en,,,2018-01-01,/4YrAUQRSQitDuD4zcZ0GkAiwJrf.jpg,0,0,0,0,0,0,,False,,Horror,,
1267407,,Feast for the Beast,Feast for the Beast,en,,,2008-01-01,/gF78gzalm9VfQlPrWMjdrQDSBK3.jpg,0,0,0,0,0,0,,False,,Horror,,
1267527,,Easter Massacre,Easter Massacre,en,,,2019-01-01,/rhwMrwkMkLjXLY12S8MV4KKvcFq.jpg,0,0,0,0,0,0,,False,,Horror,,
1267975,,Time of the Eagle,Time of the Eagle,en,,,1979-01-01,/54m5vzZwrKZnJ2aZS2WnaaF13B1.jpg,0,0,0,0,0,0,,False,,Horror,,
1268037,,The Summoner,The Summoner,en,,,2017-01-01,/o102xFACWhs4xlZI1BZQU9G1IAE.jpg,0,0,0,0,0,0,,False,,Horror,,
1268079,,A Ghost Story for Christmas: Count Magnus,A Ghost Story for Christmas: Count Magnus,en,,,2022-01-01,/kHSlbytLWoL7n4uViwvfbs7bE2R.jpg,0,0,0,0,0,0,,False,,Horror,,
1268424,,Exposure,Exposure,en,,,2022-01-01,/i1VZ3YsK7O0s74KpwqTTLkCJxRu.jpg,0,0,0,0,0,0,,False,,Horror,,
1268478,,The Dream of Hamish Mose,The Dream of Hamish Mose,en,,,1969-01-01,/7f4ruEZ0MHoJdEPxM4jHVw6PBsz.jpg,0,0,0,0,0,0,,False,,Horror,,
1269050,,Solitude,Solitude,en,,,2017-01-01,/vjLWG4sW5zm82dxqActzwcHN3Fs.jpg,0,0,0,0,0,0,,False,,Horror,,
1269125,,Full Moon,Full Moon,en,,,2019-01-01,/rPvTgR2CwJ6U2nDXl5Ft7Kvup4k.jpg,0,0,0,0,0,0,,False,,Horror,,
1269161,,A Love Story,A Love Story,en,,,2022-01-01,/dYd6F7zvtOoyNiLTmO6i7u32EwQ.jpg,0,0,0,0,0,0,,False,,Horror,,
1269475,,Schoolgirl Sacrifice,Schoolgirl Sacrifice,en,,,2002-01-01,/kvf0EEK33IlGxgtw1KO7eZO1MDR.jpg,0,0,0,0,0,0,,False,,Horror,,
1269479,,Crimson Kisses,Crimson Kisses,en,,,2000-01-01,/xJT03uuiJcCNjjRH8Tvu6cEV0tj.jpg,0,0,0,0,0,0,,False,,Horror,,
1269485,,Crimson Desires,Crimson Desires,en,,,2001-01-01,/Qlb6duomQLlC88mSYwIWXqi5va.jpg,0,0,0,0,0,0,,False,,Horror,,
1269520,,Spankenstein,Spankenstein,en,,,1999-01-01,/9cl6UpEgDuPlUC6lK0lr5NZq0v3.jpg,0,0,0,0,0,0,,False,,Horror,,
1269643,,Monsters and Magic,Monsters and Magic,en,,,1972-01-01,/2LNwfN211vB0CXekFo4SlQ2vVh4.jpg,0,0,0,0,0,0,,False,,Horror,,
1269647,,The Tell-Tale Heart,The Tell-Tale Heart,en,,,1961-01-01,/ihukskRYJ3EyZmhel0xfhKaEGe5.jpg,0,0,0,0,0,0,,False,,Horror,,
1269655,,The Tell Tale Heart,The Tell Tale Heart,en,,,2010-01-01,/g9Cmrz5xU8M0fbuPPzMKPNRwp8L.jpg,0,0,0,0,0,0,,False,,Horror,,
1269734,,Wendy: Endgame,Wendy: Endgame,en,,,2019-01-01,/9LmodmGt2vzAGe0jsrMWmrqjEFw.jpg,0,0,0,0,0,0,,False,,Horror,,
1270315,,Freezer Burn,Freezer Burn,en,,,2001-01-01,/onS6ryvSon5GICUaT5m8hPmhfjC.jpg,0,0,0,0,0,0,,False,,Horror,,
1271268,,Penumbra,Penumbra,en,,,2021-01-01,/o83pvFxF1e7p0mDnlqeFREe9FyJ.jpg,0,0,0,0,0,0,,False,,Horror,,
1271456,,Unveiled,Unveiled,en,,,2022-01-01,/xj7VUsgF1Z4Zd0BGJdo9kz8HEc4.jpg,0,0,0,0,0,0,,False,,Horror,,
1271685,,Revenge of the Animals,Revenge of the Animals,en,,,2015-01-01,/1u0F4gHJahqnXkzduFrCqFzujPB.jpg,0,0,0,0,0,0,,False,,Horror,,
1272407,,Killer sprite mega movie.,Killer sprite mega movie.,en,,,2022-01-01,/ri9aFZjUDXMAkXo6rb5UVRLWHFp.jpg,0,0,0,0,0,0,,False,,Horror,,
1272611,,Apparitional,Apparitional,en,,,2020-01-01,/2Jy1kiFe4vJauSmiu3ZfWWLDV6U.jpg,0,0,0,0,0,0,,False,,Horror,,
1272727,,Pete & Re-Pete,Pete & Re-Pete,en,,,2022-01-01,/nvXjulVik4yVaMMyLB04M67s7lU.jpg,0,0,0,0,0,0,,False,,Horror,,
1273189,,Every Dream is a Child with Teeth,Every Dream is a Child with Teeth,en,,,2017-01-01,/2cw9hXijT18kx1qR6pM8rzbzFTw.jpg,0,0,0,0,0,0,,False,,Horror,,
1273190,,Maybelles Curse,Maybelles Curse,en,,,2021-01-01,/dDjz4tF0xkVTNdzdaJMYMEDAJb6.jpg,0,0,0,0,0,0,,False,,Horror,,
1273310,,Journey Into Darkness,Journey Into Darkness,en,,,1968-01-01,/3W13cyhOwfLVa5tneUU76H1ILHN.jpg,0,0,0,0,0,0,,False,,Horror,,
1274930,,Libra,Libra,en,,,2022-01-01,/2H5L5xwq6m8UHE2Sdf2bT2LtztD.jpg,0,0,0,0,0,0,,False,,Horror,,
1275319,,See For Yourself,See For Yourself,en,,,2020-01-01,/lJixXae8vmD86tVqM2z5dRBXCgu.jpg,0,0,0,0,0,0,,False,,Horror,,
1275385,,Hysteria,Hysteria,en,,,2022-01-01,/trmnNn2QTvAJlT6HOldhtC6h7k4.jpg,0,0,0,0,0,0,,False,,Horror,,
1275466,,Roid Rage: The Christmas Special,Roid Rage: The Christmas Special,en,,,2012-01-01,/29SfCbOMEbulfFcRklRcAEpxdA0.jpg,0,0,0,0,0,0,,False,,Horror,,
1275526,,Trilogy of Trash,Trilogy of Trash,en,,,2020-01-01,/pvRVa5kvIYrnDIrwa5KGfoXciVH.jpg,0,0,0,0,0,0,,False,,Horror,,
1275527,,The Ascent,The Ascent,en,,,2013-01-01,/3SbN16dZ9iT9TircJNT7qoyCHd8.jpg,0,0,0,0,0,0,,False,,Horror,,
1275530,,Jeepers Reaper,Jeepers Reaper,en,,,2002-01-01,/cuB3MueDCv5xOPYIfPdYS5qv3dC.jpg,0,0,0,0,0,0,,False,,Horror,,
1275531,,Real Detective Stories,Real Detective Stories,en,,,1999-01-01,/8kvHnGodmNKfhYnCJyg6JZEkQzt.jpg,0,0,0,0,0,0,,False,,Horror,,
1275557,,Water Babies,Water Babies,en,,,2022-01-01,/rvhgtA1QV428b0aJQd8caNjXhVp.jpg,0,0,0,0,0,0,,False,,Horror,,
1275890,,The Lost Golfer,The Lost Golfer,en,,,2022-01-01,/mbeRWzuZblnNhZ7VkWfrwjaJ1ew.jpg,0,0,0,0,0,0,,False,,Horror,,
1275930,,Slavez of Horror Land,Slavez of Horror Land,en,,,2005-01-01,/r6ovMB3wsC1WuDXn7YTfZUH7V7b.jpg,0,0,0,0,0,0,,False,,Horror,,
1276177,,Nightmare,Nightmare,en,,,1957-01-01,/7VRU9lOBqpmObIFA9QEwMt1bUqn.jpg,0,0,0,0,0,0,,False,,Horror,,
1276390,,The Test,The Test,en,,,2018-01-01,/n1jRPJTyWaUNUS0QtVqFvkAx0QX.jpg,0,0,0,0,0,0,,False,,Horror,,
1276468,,The Quatermass Experiment,The Quatermass Experiment,en,,,1967-01-01,/kk1Wi9nLpGQlNddHgZE5bCiHKKu.jpg,0,0,0,0,0,0,,False,,Horror,,
1276547,,Sanctimony,Sanctimony,en,,,2015-01-01,/u5frRVtC3F5fMvjaexCPgDkhxoU.jpg,0,0,0,0,0,0,,False,,Horror,,
1276634,,I Have Been Here Before,I Have Been Here Before,en,,,1964-01-01,/ziUCwXIbs8KWiN5qEsYzHeUqIN2.jpg,0,0,0,0,0,0,,False,,Horror,,
1276666,,Allerseelen,Allerseelen,en,,,2021-01-01,/yxuWIAcyrwX3IItFS5Ivm9dlZUx.jpg,0,0,0,0,0,0,,False,,Horror,,
1276743,,The Actor,The Actor,en,,,2015-01-01,/dquDS2sWg0Xm3ZfassJ9aiAOOJh.jpg,0,0,0,0,0,0,,False,,Horror,,
1277013,,Journey to Murder,Journey to Murder,en,,,1971-01-01,/2RMVpnvqhjyeJjDNJ0zU9Njvmua.jpg,0,0,0,0,0,0,,False,,Horror,,
1277131,,Lukewarm,Lukewarm,en,,,2022-01-01,/2Cueypm06Zovb5C9i2GHcAydV5a.jpg,0,0,0,0,0,0,,False,,Horror,,
1277427,,Glomer,Glomer,en,,,2022-01-01,/bWkbTTn2s8paF5dleqGykkXRfIB.jpg,0,0,0,0,0,0,,False,,Horror,,
1277459,,Blood Creature from Beyond the Grave,Blood Creature from Beyond the Grave,en,,,1970-01-01,/s8try0qiL6kEcvExO6zVK59ZK8M.jpg,0,0,0,0,0,0,,False,,Horror,,
1277514,,The Kaleighs,The Kaleighs,en,,,2022-01-01,/bFEBOIEgf3vd1KTL0BL2Spol6rX.jpg,0,0,0,0,0,0,,False,,Horror,,
1277775,,Sasquatch 1: It Begins; the Curse of the Were-squatch,Sasquatch 1: It Begins; the Curse of the Were-squatch,en,,,2018-01-01,/7JlEFqXDXo4a4UzY8bTgwqjmKYn.jpg,0,0,0,0,0,0,,False,,Horror,,
1277836,,Alone,Alone,en,,,2022-01-01,/zYt2MWhddXrdpc2OKF08W6jSheI.jpg,0,0,0,0,0,0,,False,,Horror,,
1278109,,The Pitstriker,The Pitstriker,en,,,2018-01-01,/6z3AkoheC6jtVP4simKjZMxOKD3.jpg,0,0,0,0,0,0,,False,,Horror,,
1278128,,The Unborn,The Unborn,en,,,2015-01-01,/mShn3fbWF1FZLslmTYfKKyoGRhD.jpg,0,0,0,0,0,0,,False,,Horror,,
1278739,,Shadow Falls,Shadow Falls,en,,,2006-01-01,/wb3QDH9yJc3EytIYWnQZdEmaVla.jpg,0,0,0,0,0,0,,False,,Horror,,
1278924,,The Great Satan At Large (666israel),The Great Satan At Large (666israel),en,,,1991-01-01,/qwYSTH4OPggHBIzDVvX7SPfx4Zq.jpg,0,0,0,0,0,0,,False,,Horror,,
1278930,,Corpus Peccati,Corpus Peccati,en,,,2019-01-01,/i3L9xv4Dz0OZUq6SsKQRweIEICW.jpg,0,0,0,0,0,0,,False,,Horror,,
1279504,,Gypsy Vampire: The Final Bloodlust,Gypsy Vampire: The Final Bloodlust,en,,,2010-01-01,/xtOYgnn3vSSGZspwpdWuAtv0sYE.jpg,0,0,0,0,0,0,,False,,Horror,,
1279755,,Creep,Creep,en,,,1998-01-01,/hBTeWOQ8wrwd9Xd63m1sYv2LHoi.jpg,0,0,0,0,0,0,,False,,Horror,,
1279932,,Half Price $ale,Half Price $ale,en,,,2005-01-01,/oCK2zW0WbljWw39swHx3Y0gTyLo.jpg,0,0,0,0,0,0,,False,,Horror,,
1280056,,The Lost End,The Lost End,en,,,2020-01-01,/5nbCmvSkYoL2yXBTYlpJDuOA2Z3.jpg,0,0,0,0,0,0,,False,,Horror,,
1280434,,Keep me safe,Keep me safe,en,,,2013-01-01,/nE6XYKtX8BXfgHIbL0I35iagfb1.jpg,0,0,0,0,0,0,,False,,Horror,,
1280745,,One Minute Before Death,One Minute Before Death,en,,,1972-01-01,/w4RuaEx00BzxHbVTIBKTe5th6sQ.jpg,0,0,0,0,0,0,,False,,Horror,,
1280823,,Something's Wrong With Rose: Making Smile,Something's Wrong With Rose: Making Smile,en,,,2022-01-01,/lCXeGZODO4KDNkBBHnMQfqw7J41.jpg,0,0,0,0,0,0,,False,,Horror,,
1280889,,Hollow,Hollow,en,,,2014-01-01,/qeRMFX3LATAHK2jw40dvVjz54gv.jpg,0,0,0,0,0,0,,False,,Horror,,
1280921,,The Beneath,The Beneath,en,,,2020-01-01,/zRiwXCvzHC6N4qzNDRLEoDytk1u.jpg,0,0,0,0,0,0,,False,,Horror,,
1281141,,Residual,Residual,en,,,2022-01-01,/wlgg71eI3weCJl8vjXlJMSCorFY.jpg,0,0,0,0,0,0,,False,,Horror,,
1281392,,Two Seconds Too Late,Two Seconds Too Late,en,,,2006-01-01,/oNH2FpF9A9fd0TWjUhMmjiqHsJF.jpg,0,0,0,0,0,0,,False,,Horror,,
1281640,,Plantasma,Plantasma,en,,,2022-01-01,/1XOzOsOSYGwLdgionh0qGNXlBwG.jpg,0,0,0,0,0,0,,False,,Horror,,
1281915,,Those Fingers,Those Fingers,en,,,2021-01-01,/w8lvU47tqPYOZjaAf5NmT0HsH4z.jpg,0,0,0,0,0,0,,False,,Horror,,
1282184,,Tales From the Pussy Pound,Tales From the Pussy Pound,en,,,2009-01-01,/9eJxqipL63pzQbEfDgTU1kOYNBF.jpg,0,0,0,0,0,0,,False,,Horror,,
1282333,,An Occasion of Sin,An Occasion of Sin,en,,,2021-01-01,/43C74J6F7fkiwVM7yShYrZZB5P1.jpg,0,0,0,0,0,0,,False,,Horror,,
1282503,,The Cold Open,The Cold Open,en,,,2019-01-01,/avSlTGpkCr1fXdUNxcjnMnu3SYN.jpg,0,0,0,0,0,0,,False,,Horror,,
1282649,,Voodoo Massacre,Voodoo Massacre,en,,,1997-01-01,/6Gw7mkrmflqF5JnjtzDriVQjSxL.jpg,0,0,0,0,0,0,,False,,Horror,,
1282700,,Pay the Tithe,Pay the Tithe,en,,,2022-01-01,/u2vkB7WnMa5S0seSZEdFFXESU4m.jpg,0,0,0,0,0,0,,False,,Horror,,
1282761,,Out Of Order,Out Of Order,en,,,1999-01-01,/bHqzfxKHwxvZ4ryuJpySpg0n89p.jpg,0,0,0,0,0,0,,False,,Horror,,
1283399,,Dead Line,Dead Line,en,,,2018-01-01,/wddjmIt8YLXFh6QnBuh5dCyeheJ.jpg,0,0,0,0,0,0,,False,,Horror,,
1283430,,The Thing in the Tub,The Thing in the Tub,en,,,2020-01-01,/r0pGsHLliOud3FrjKUUxopRnZs.jpg,0,0,0,0,0,0,,False,,Horror,,
1283434,,The Uncredited,The Uncredited,en,,,2021-01-01,/oFi23nlvOYKDSCj7PJwzNPnPqkh.jpg,0,0,0,0,0,0,,False,,Horror,,
1283494,,It Only Spreads,It Only Spreads,en,,,2022-01-01,/hUH5S2bywEPClzULXorfCaeRFF2.jpg,0,0,0,0,0,0,,False,,Horror,,
1283728,,Demon Gate,Demon Gate,en,,,2015-01-01,/2XT1L7y6EEjxKUFGq2Ml15G1RBy.jpg,0,0,0,0,0,0,,False,,Horror,,
1283791,,Fever Dream,Fever Dream,en,,,2022-01-01,/1QzfeUpNYp9Cl2VTGoQiEsNuTlv.jpg,0,0,0,0,0,0,,False,,Horror,,
1284281,,Absence of Mind,Absence of Mind,en,,,2010-01-01,/sUgN52sRN3n59bAilCiAd31EVQ1.jpg,0,0,0,0,0,0,,False,,Horror,,
1284306,,Bobo's Wake,Bobo's Wake,en,,,2014-01-01,/rClTecv3tW2Vu3QGUuP2BbAEf7d.jpg,0,0,0,0,0,0,,False,,Horror,,
1284321,,The Little Black Bag,The Little Black Bag,en,,,1969-01-01,/2mETNDCp09i0DnUqx49aXTY9xFm.jpg,0,0,0,0,0,0,,False,,Horror,,
1284327,,Godless,Godless,en,,,2018-01-01,/8dLLr9mWfAlpwuX0g1vJ2W1FiQm.jpg,0,0,0,0,0,0,,False,,Horror,,
1284476,,Nun Shall Live,Nun Shall Live,en,,,1989-01-01,/qB0SYoLPnTcZ1jUrMl7E9af9Q0h.jpg,0,0,0,0,0,0,,False,,Horror,,
1284702,,Collector,Collector,en,,,2022-01-01,/ynaQrvgpUoGhL7PXgMrP2Vt1TOi.jpg,0,0,0,0,0,0,,False,,Horror,,
1284895,,The New Life,The New Life,en,,,2006-01-01,/glCZrOVzOXwVcFgYhNqlgd3Zn1n.jpg,0,0,0,0,0,0,,False,,Horror,,
1284934,,Sunday Drive,Sunday Drive,en,,,2013-01-01,/wYpg2JbhIhJRqU7yWl8g2hJDLd1.jpg,0,0,0,0,0,0,,False,,Horror,,
1284940,,Lurker,Lurker,en,,,2022-01-01,/pybQuwzEgzxOrT1taeCI4n1CXQM.jpg,0,0,0,0,0,0,,False,,Horror,,
1284951,,Tales from Pandora's Box: The Untold Tales,Tales from Pandora's Box: The Untold Tales,en,,,2022-01-01,/15dtnARLhEnycOAiYB2g5f8t6DO.jpg,0,0,0,0,0,0,,False,,Horror,,
1284957,,Tape,Tape,en,,,2013-01-01,/lCXaCrDmLxIomCvBCu0LyAegGuv.jpg,0,0,0,0,0,0,,False,,Horror,,
1285111,,Vault,Vault,en,,,2008-01-01,/8EqgSUWRDhvPDzH21FGRoCB8AwN.jpg,0,0,0,0,0,0,,False,,Horror,,
1285114,,Hold Your Fire,Hold Your Fire,en,,,2008-01-01,/sV89x28EOt9wZKJZHfe3u45zjdH.jpg,0,0,0,0,0,0,,False,,Horror,,
1285118,,Infernal Gluttony 2,Infernal Gluttony 2,en,,,2021-01-01,/lsMtjzYias9DSqKZcRFBFaATkr5.jpg,0,0,0,0,0,0,,False,,Horror,,
1285132,,Imaginary Terry,Imaginary Terry,en,,,2022-01-01,/t62SVpjHQ9gioZBKBgYbc2QKxIX.jpg,0,0,0,0,0,0,,False,,Horror,,
1285302,,Time in Advance,Time in Advance,en,,,1965-01-01,/qIPig1MvQH3WMCS4amDSn5hUrm7.jpg,0,0,0,0,0,0,,False,,Horror,,
1285863,,Fatal Legend,Fatal Legend,en,,,2008-01-01,/khBTIC0TwcueVlYnMUKg1WqJhpO.jpg,0,0,0,0,0,0,,False,,Horror,,
1286181,,Nyctophobia,Nyctophobia,en,,,2021-01-01,/5D5uh4o9Nf0cdmIKESWsKwSLiu9.jpg,0,0,0,0,0,0,,False,,Horror,,
1286454,,Project Thorn,Project Thorn,en,,,2022-01-01,/q7yOwWR7caL8RJp8kGCvVQcnNk.jpg,0,0,0,0,0,0,,False,,Horror,,
1286498,,Sister Midnight,Sister Midnight,en,,,1974-01-01,/88PlXQ2uq0be6XjwqG3UcZxgftG.jpg,0,0,0,0,0,0,,False,,Horror,,
1287025,,The Last Lonely Man,The Last Lonely Man,en,,,1969-01-01,/hn5V6hvkJZWrZRIzwl17KdEcZ2v.jpg,0,0,0,0,0,0,,False,,Horror,,
1287090,,Monkey on Their Backs,Monkey on Their Backs,en,,,1970-01-01,/4GPPJubqNhNSPd64SS0Y8DsCGDG.jpg,0,0,0,0,0,0,,False,,Horror,,
1287099,,Spook House Ride,Spook House Ride,en,,,2001-01-01,/dHtZcXcIg02w4CzWrYOcysnH4us.jpg,0,0,0,0,0,0,,False,,Horror,,
1287436,,Horror Hot Tub,Horror Hot Tub,en,,,2019-01-01,/el1U3ljeCOSeYGt46sIQaryyhxC.jpg,0,0,0,0,0,0,,False,,Horror,,
1287439,,WIH Massive Blood Drive PSA 2016,WIH Massive Blood Drive PSA 2016,en,,,2016-01-01,/ieP6SWRpn5DAGTPZyzE2mFYe2jm.jpg,0,0,0,0,0,0,,False,,Horror,,
1287465,,Octagon,Octagon,en,,,2020-01-01,/l9GrhHQpdCGxNebQB1MeD3RQmx6.jpg,0,0,0,0,0,0,,False,,Horror,,
1287475,,Ravage Nation,Ravage Nation,en,,,2022-01-01,/opmtiK9jEkaFO8h83DO72lGpthM.jpg,0,0,0,0,0,0,,False,,Horror,,
1287482,,Fire Worms,Fire Worms,en,,,2016-01-01,/fyqwRUPzat3xqWXrCvECeP3WtKr.jpg,0,0,0,0,0,0,,False,,Horror,,
1287801,,Apparition,Apparition,en,,,2009-01-01,/1N36Sxw4ezFJknJuSpHTUUKWPvO.jpg,0,0,0,0,0,0,,False,,Horror,,
1287922,,Imajuik,Imajuik,en,,,2022-01-01,/pKaHORTms1GnMtpQ3C3Y8Jp6HNh.jpg,0,0,0,0,0,0,,False,,Horror,,
1288613,,Zombies of Carnage,Zombies of Carnage,en,,,2013-01-01,/e0UBMhRA7vGGEDZXnEuNh1CQXSI.jpg,0,0,0,0,0,0,,False,,Horror,,
1288717,,Kobudai,Kobudai,en,,,2019-01-01,/7cvGyBQ12Pf1FpJi0kMjSNPZu91.jpg,0,0,0,0,0,0,,False,,Horror,,
1289127,,Mended,Mended,en,,,2022-01-01,/hRzvdP11w91rZukCVc71rBATaXP.jpg,0,0,0,0,0,0,,False,,Horror,,
1289234,,Jack,Jack,en,,,2020-01-01,/vyLDbL4sShxRx28cvGHtJrmAEzw.jpg,0,0,0,0,0,0,,False,,Horror,,
1289243,,Ode to All Cats,Ode to All Cats,en,,,2022-01-01,/aThSIr7Vgs6WGzbuk0sdchZINxv.jpg,0,0,0,0,0,0,,False,,Horror,,
1289513,,Applewood,Applewood,en,,,2022-01-01,/e1k0LfVGro8EmBqBJ4yc2xKpNeA.jpg,0,0,0,0,0,0,,False,,Horror,,
1289639,,Hannibal: The World's Most Notorious Serial Killer Captured on Film,Hannibal: The World's Most Notorious Serial Killer Captured on Film,en,,,2000-01-01,/tQe5Rv9bheoGULmqEe0l3T5l7Vu.jpg,0,0,0,0,0,0,,False,,Horror,,
1289680,,Horsey,Horsey,en,,,2013-01-01,/8K1Pp2xpblUwcK9xuA81005dBJr.jpg,0,0,0,0,0,0,,False,,Horror,,
1289721,,Albularyo,Albularyo,en,,,2022-01-01,/60g2959PphwSrKuHcRN9BDgJYPe.jpg,0,0,0,0,0,0,,False,,Horror,,
1289826,,Mini-Golf Massacre,Mini-Golf Massacre,en,,,2013-01-01,/pXZlUaMjgv4NjAnpc1ueOz0YkJs.jpg,0,0,0,0,0,0,,False,,Horror,,
1289980,,Together Forever,Together Forever,en,,,2022-01-01,/2ydKjd2S1AornsXbgdjbQjiNtQc.jpg,0,0,0,0,0,0,,False,,Horror,,
1289987,,Together Forever,Together Forever,en,,,2021-01-01,/yTpTC5mCgDZ9UKk14vDC58ee3xk.jpg,0,0,0,0,0,0,,False,,Horror,,
1290214,,Fantastic Features - Season Preview,Fantastic Features - Season Preview,en,,,1965-01-01,/7e3hE2s4BhAfpOr8wnMv67QkpT6.jpg,0,0,0,0,0,0,,False,,Horror,,
1290272,,Late: Zombie Etiquette,Late: Zombie Etiquette,en,,,2011-01-01,/x022t5RjZzs5Bg3xTWptx1ZkCp5.jpg,0,0,0,0,0,0,,False,,Horror,,
1290294,,Zombie Etiquette X,Zombie Etiquette X,en,,,2012-01-01,/xgGphm89fz57o5eofQp2H08JjFf.jpg,0,0,0,0,0,0,,False,,Horror,,
1290618,,After The End,After The End,en,,,2005-01-01,/pb2Y27ji1HhtzKFl2RM0rvonUYb.jpg,0,0,0,0,0,0,,False,,Horror,,
1291195,,Dracula's Orgy of the Damned,Dracula's Orgy of the Damned,en,,,2013-01-01,/sO6SibXDYmzCsxdSH6e1USbOwdL.jpg,0,0,0,0,0,0,,False,,Horror,,
1291697,,Deadly Gamble,Deadly Gamble,en,,,2015-01-01,/jMB24dBYJVwtaEdPCZewQ0bn0cV.jpg,0,0,0,0,0,0,,False,,Horror,,
1291718,,The Horror and Mystery of the Succubus,The Horror and Mystery of the Succubus,en,,,1986-01-01,/mzMHmVmIdIf1Pdrd5FfXv3jdQ7n.jpg,0,0,0,0,0,0,,False,,Horror,,
1291776,,The Listing,The Listing,en,,,2017-01-01,/fhWBQX3z0TPuFiacdEVb1uUR3Gq.jpg,0,0,0,0,0,0,,False,,Horror,,
1292185,,The Chase,The Chase,en,,,1997-01-01,/k9nHyBLPbjiLeIzXbAAa7IFjpR.jpg,0,0,0,0,0,0,,False,,Horror,,
1292204,,Sleep Well,Sleep Well,en,,,2020-01-01,/624GSWuV6O1JIBhYT17pw5C9v8F.jpg,0,0,0,0,0,0,,False,,Horror,,
1292212,,Convalescent,Convalescent,en,,,2021-01-01,/5ZfPbj2f06baA6SP1cZjMAHMKGK.jpg,0,0,0,0,0,0,,False,,Horror,,
1292220,,Lovesick,Lovesick,en,,,2022-01-01,/eKBpnFHpcKAMzEyqD5qfuiphkhe.jpg,0,0,0,0,0,0,,False,,Horror,,
1292246,,Boss Battle,Boss Battle,en,,,2018-01-01,/4DQPENbfVYNOe9t8wSVtt0EhrHz.jpg,0,0,0,0,0,0,,False,,Horror,,
1292264,,Nightmare Delivered,Nightmare Delivered,en,,,2021-01-01,/wwbKg5sOWL44E5W5c8LEsa0RWIh.jpg,0,0,0,0,0,0,,False,,Horror,,
1292267,,House Hardy Halloween,House Hardy Halloween,en,,,2018-01-01,/dEAlJRxq09Q8e6jQOishBHocTMY.jpg,0,0,0,0,0,0,,False,,Horror,,
1292291,,Vamperotica: Flesh and Blood,Vamperotica: Flesh and Blood,en,,,2001-01-01,/rvvl7oHTxhDWlKHbjQTU7dLDlf2.jpg,0,0,0,0,0,0,,False,,Horror,,
1292518,,Far Off,Far Off,en,,,2016-01-01,/t5fY7cSMh19PngYEbqekXhPV6oZ.jpg,0,0,0,0,0,0,,False,,Horror,,
1292524,,Onorios,Onorios,en,,,2022-01-01,/pxMEz8Z1KQBdLw4NFFZFTVBbFw3.jpg,0,0,0,0,0,0,,False,,Horror,,
1292665,,It Thirsts for Blood,It Thirsts for Blood,en,,,2015-01-01,/7hfc2PlRG3qRJqLqeaBOqoRf28y.jpg,0,0,0,0,0,0,,False,,Horror,,
1292714,,Subhumane,Subhumane,en,,,2017-01-01,/4T08yXSHJKSfuociutAYrRJ1x8R.jpg,0,0,0,0,0,0,,False,,Horror,,
1292723,,Asterion,Asterion,en,,,2021-01-01,/pfQiYWXb9vyLfdOArOEmCtTAGCN.jpg,0,0,0,0,0,0,,False,,Horror,,
1292727,,Hell Sings for the Damned,Hell Sings for the Damned,en,,,2021-01-01,/bMUQePyJUSSYEErSJIKQqt6fdtN.jpg,0,0,0,0,0,0,,False,,Horror,,
1292807,,Refresh,Refresh,en,,,2021-01-01,/kdZOK1cqQceS5G0xnk4XJGa0ZEZ.jpg,0,0,0,0,0,0,,False,,Horror,,
1293005,,The Terrorists,The Terrorists,en,,,1998-01-01,/ltP2MmsYelHcLIZj77lams8omye.jpg,0,0,0,0,0,0,,False,,Horror,,
1293126,,Killer Clowns,Killer Clowns,en,,,2020-01-01,/3SIjA6wvPGacm7wO9otu2aPwIak.jpg,0,0,0,0,0,0,,False,,Horror,,
1293295,,THE END OF THE DOCTOR'S REPORT,THE END OF THE DOCTOR'S REPORT,en,,,2019-01-01,/iRib33o2Gs4ZqFtBSo7AdJgI0Bz.jpg,0,0,0,0,0,0,,False,,Horror,,
1293317,,Creature,Creature,en,,,1974-01-01,/blOjTp6Y2XbaPlWEmvj2Ro1ygXm.jpg,0,0,0,0,0,0,,False,,Horror,,
1293320,,Into the Depths,Into the Depths,en,,,2011-01-01,/xBMhf3zj5DveBOCXedWiqLjwjIO.jpg,0,0,0,0,0,0,,False,,Horror,,
1293377,,Attack Of The Alien Jelly Monsters From The Depths Of Uranus,Attack Of The Alien Jelly Monsters From The Depths Of Uranus,en,,,2011-01-01,/o8U1ntFUzFgMxGp5EPuBj4eXjd6.jpg,0,0,0,0,0,0,,False,,Horror,,
1293393,,"Real Monsters, Creatures, Ghosts and Demons from Hell","Real Monsters, Creatures, Ghosts and Demons from Hell",en,,,2017-01-01,/fvBo8zyBOBijOeJDTfdUanI71bo.jpg,0,0,0,0,0,0,,False,,Horror,,
1293395,,"Alien Creatures from Beyond: Monsters, Ghosts and Vampires","Alien Creatures from Beyond: Monsters, Ghosts and Vampires",en,,,2015-01-01,/m5XpIiXtGWqKi2daYaWRcs3pmxl.jpg,0,0,0,0,0,0,,False,,Horror,,
1293560,,"Real Monsters Vol. 2: Werewolves, Demons, Vampires and Sea Creatures","Real Monsters Vol. 2: Werewolves, Demons, Vampires and Sea Creatures",en,,,2016-01-01,/p7fpnjexOD377hErBdJk6Kj6Bk0.jpg,0,0,0,0,0,0,,False,,Horror,,
1293589,,Sinister Flesh,Sinister Flesh,en,,,1976-01-01,/nrfbv24e0cNkuqUJMpG1IpzdMwb.jpg,0,0,0,0,0,0,,False,,Horror,,
1293689,,The Mummy,The Mummy,en,,,1966-01-01,/kkNsztmjVwW1FepXrkqZ1UgLuMp.jpg,0,0,0,0,0,0,,False,,Horror,,
1293715,,Witches Brew,Witches Brew,en,,,1960-01-01,/xewHOVL2veR6KHUNGof223qempx.jpg,0,0,0,0,0,0,,False,,Horror,,
1293722,,Dolly Mixture,Dolly Mixture,en,,,1974-01-01,/aSSBHjzVlB7toqin4LPfa1WZ3Pg.jpg,0,0,0,0,0,0,,False,,Horror,,
1293977,,The Open Window,The Open Window,en,,,1972-01-01,/AqmMd1tSXV5JQgrm3WZqLR9fw4Z.jpg,0,0,0,0,0,0,,False,,Horror,,
1294301,,Harmony Falls,Harmony Falls,en,,,2022-01-01,/CZ8nkLJoPCTXvpalk0gcRM2j29.jpg,0,0,0,0,0,0,,False,,Horror,,
1294506,,A Taste of Fear: Return of the Cleveland Torso Killer,A Taste of Fear: Return of the Cleveland Torso Killer,en,,,2005-01-01,/i6iW0dJiDc1oP6J4hJywsjWvcek.jpg,0,0,0,0,0,0,,False,,Horror,,
1294785,,Making of Saw III,Making of Saw III,en,,,2007-01-01,/9cjBPdIMf5vodC2wLe5b7ICfQTO.jpg,0,0,0,0,0,0,,False,,Horror,,
1294916,,Rings (VF),Rings (VF),en,,,2022-01-01,/byyhqaD9GLznJmCye7QoGCEERQa.jpg,0,0,0,0,0,0,,False,,Horror,,
1295149,,Red,Red,en,,,1976-01-01,/5l4byFnfQbw9zINIquDz34Ttn6M.jpg,0,0,0,0,0,0,,False,,Horror,,
1296798,,In The Woods,In The Woods,en,,,2022-01-01,/bbEME79hTOwEmwQ39fGTy0FPfPM.jpg,0,0,0,0,0,0,,False,,Horror,,
1296949,,I Eat Your Skin,I Eat Your Skin,en,,,2019-01-01,/x20hgyGJv36CUZsX5jDFDDHztyB.jpg,0,0,0,0,0,0,,False,,Horror,,
1297133,,CANVAS,CANVAS,en,,,2024-01-01,/khYbiHqiqUG7emL7AMbctWWcaxX.jpg,0,0,0,0,0,0,,False,,Horror,,
1297344,,Nocturnos,Nocturnos,en,,,2008-01-01,/nOUyvjt7YNw0tVkBLQPqkU7xdI9.jpg,0,0,0,0,0,0,,False,,Horror,,
1297422,,Vampire’s Lust,Vampire’s Lust,en,,,1969-01-01,/zhZ4ArY1f4i66lA28m37W2LiQ4Z.jpg,0,0,0,0,0,0,,False,,Horror,,
1297468,,The Heritage,The Heritage,en,,,2022-01-01,/r2gwPJBphqVhPVgrSVcbNnhhtFg.jpg,0,0,0,0,0,0,,False,,Horror,,
1297859,,All Hallows Eve,All Hallows Eve,en,,,1987-01-01,/jOio2OM9KVUE0XVn9Jf4LWnY9Wh.jpg,0,0,0,0,0,0,,False,,Horror,,
1298145,,Acting,Acting,en,,,2021-01-01,/zgpfGEzFDNa2M1ZBwoq5xo5pIch.jpg,0,0,0,0,0,0,,False,,Horror,,
1298622,,Mannequins,Mannequins,en,,,2016-01-01,/c4i5FxgNntDghp17wmDYJbFCJda.jpg,0,0,0,0,0,0,,False,,Horror,,
1298781,,The Boy's Night Out,The Boy's Night Out,en,,,1989-01-01,/gpzktY5K3k9JixKQSRfXQthpc5k.jpg,0,0,0,0,0,0,,False,,Horror,,
1298810,,The Whistleblower,The Whistleblower,en,,,2022-01-01,/gszrGziJIlHUm7q5L9QP5a47cYi.jpg,0,0,0,0,0,0,,False,,Horror,,
1300172,,The Passion of Dracula,The Passion of Dracula,en,,,1980-01-01,/lbHeaaEqTJprWHo4DwWeWU6VKcZ.jpg,0,0,0,0,0,0,,False,,Horror,,
1300565,,The Horror of the Lady of the Lake,The Horror of the Lady of the Lake,en,,,2010-01-01,/379jsNrcGsBDyjK5AMu6g7XXbr5.jpg,0,0,0,0,0,0,,False,,Horror,,
1301472,,Devil's Void,Devil's Void,en,,,2022-01-01,/fBipa4R2Dyn6P3m4el5axRX5DVs.jpg,0,0,0,0,0,0,,False,,Horror,,
1302254,,Ginger,Ginger,en,,,2016-01-01,/xDSnU8x4BUbvCuCAbJdFvrrVAuY.jpg,0,0,0,0,0,0,,False,,Horror,,
1302314,,Clements,Clements,en,,,2021-01-01,/932ozEkxvqCDp2XMzKnd088JATB.jpg,0,0,0,0,0,0,,False,,Horror,,
1302465,,The Koozebanian,The Koozebanian,en,,,1978-01-01,/wSKmbbW8qBHl5w5kEiXagAnNGpj.jpg,0,0,0,0,0,0,,False,,Horror,,
1302468,,Self Portrait in Brains,Self Portrait in Brains,en,,,1978-01-01,/nKFnTmlXq0278IiXqk5yM6ldacM.jpg,0,0,0,0,0,0,,False,,Horror,,
1302656,,Zombie Kid,Zombie Kid,en,,,2016-01-01,/bpDm6gf6pCnab8M0z5SyWepe8SY.jpg,0,0,0,0,0,0,,False,,Horror,,
1303300,,Amerikan Violence,Amerikan Violence,en,,,2014-01-01,/dBGL6igWsiJziRZPOw0aMzQo50r.jpg,0,0,0,0,0,0,,False,,Horror,,
1303531,,Master Bassist,Master Bassist,en,,,2021-01-01,/uqYvTev0CDxnyfkpkFKTlkGyg0C.jpg,0,0,0,0,0,0,,False,,Horror,,
1303705,,Incident at Blood Gorge,Incident at Blood Gorge,en,,,2005-01-01,/zw6yuCGEI9vhZBvSOLR4mYuTqZv.jpg,0,0,0,0,0,0,,False,,Horror,,
1303766,,Imposter Syndrome,Imposter Syndrome,en,,,2022-01-01,/zFXaXOxCT7r5zMYdWxgTK10t5Kc.jpg,0,0,0,0,0,0,,False,,Horror,,
1304144,,Fear Files,Fear Files,en,,,2015-01-01,/hxqFNOsx7PfiKgq4faevN1qoYJE.jpg,0,0,0,0,0,0,,False,,Horror,,
1304298,,Inhumane,Inhumane,en,,,2015-01-01,/o4yoG0ZnYm0DXHHrWjYCt3f3Usq.jpg,0,0,0,0,0,0,,False,,Horror,,
1304314,,Serial: Amoral Uprising,Serial: Amoral Uprising,en,,,2009-01-01,/6GQZG6bOV5wVwT2p1NxvkRsAYW1.jpg,0,0,0,0,0,0,,False,,Horror,,
1304470,,Snuff Video,Snuff Video,en,,,2021-01-01,/cVti5i6iQdfs2u9PgLO2W2q9uGl.jpg,0,0,0,0,0,0,,False,,Horror,,
1304718,,The Deadly Mantis,The Deadly Mantis,en,,,1966-01-01,/azXghIR4xiz7ZU7LUiu1fDrR538.jpg,0,0,0,0,0,0,,False,,Horror,,
1304726,,Vampire of Woodroffe High School,Vampire of Woodroffe High School,en,,,1975-01-01,/cuKJtR4y6Y6v6NQfy65B1Gf7IgP.jpg,0,0,0,0,0,0,,False,,Horror,,
1305124,,When the Ticking Stops,When the Ticking Stops,en,,,2020-01-01,/nwPiD4itHoE8ZidYc193eQULxwK.jpg,0,0,0,0,0,0,,False,,Horror,,
1305129,,Voicemail,Voicemail,en,,,2022-01-01,/4nTUCSSzPqzvHzOYlNRNbeROWxs.jpg,0,0,0,0,0,0,,False,,Horror,,
1305225,,VHSSSS,VHSSSS,en,,,2022-01-01,/joISjJ8RV2q77XKTRxbvoNXYTdn.jpg,0,0,0,0,0,0,,False,,Horror,,
1305500,,Uncle Silas,Uncle Silas,en,,,1968-01-01,/fx5Mo6Cw4Wx9YjXAEH8IgvLowFF.jpg,0,0,0,0,0,0,,False,,Horror,,
1305510,,Frankenstein,Frankenstein,en,,,1968-01-01,/aSBrTTxoB9xfNUmdMQCZy8u2rE9.jpg,0,0,0,0,0,0,,False,,Horror,,
1305514,,The Suicide Club,The Suicide Club,en,,,1970-01-01,/x6SY3xC0yDEBw74Nbdflr6BebE9.jpg,0,0,0,0,0,0,,False,,Horror,,
1305539,,Nightly Jazz Fiasco,Nightly Jazz Fiasco,en,,,2019-01-01,/rUSGLnfXlpPTNIO8kywUK8TgB8f.jpg,0,0,0,0,0,0,,False,,Horror,,
1305562,,Camp Agony,Camp Agony,en,,,2022-01-01,/siJjefHzTiVf6phCZJM1VeCrMwJ.jpg,0,0,0,0,0,0,,False,,Horror,,
1305573,,Mary's Call,Mary's Call,en,,,2021-01-01,/j0XfG5EoSpVOID0pUB79Joih72J.jpg,0,0,0,0,0,0,,False,,Horror,,
1305700,,Theatre of the Deranged III,Theatre of the Deranged III,en,,,2019-01-01,/zVANlH50sBcfjZI9zGnAIOJPndy.jpg,0,0,0,0,0,0,,False,,Horror,,
1305757,,The Fall of the House of Usher,The Fall of the House of Usher,en,,,1966-01-01,/4OVBpyDB331ul4r1mdUirLSLTCd.jpg,0,0,0,0,0,0,,False,,Horror,,
1305761,,The Change,The Change,en,,,2015-01-01,/uvCrRTNizp7866v5j8EwwGUfxWk.jpg,0,0,0,0,0,0,,False,,Horror,,
1305768,,The Open Door,The Open Door,en,,,1966-01-01,/dQ0FSbchZVI6dCRZmcJ0WnDbx2E.jpg,0,0,0,0,0,0,,False,,Horror,,
1305799,,What A Beautiful Wedding,What A Beautiful Wedding,en,,,2021-01-01,/92FZIGUniof40sIxAQUTPbuDrah.jpg,0,0,0,0,0,0,,False,,Horror,,
1305800,,Turn Off Your Bloody Phone: An American Werewolf in London,Turn Off Your Bloody Phone: An American Werewolf in London,en,,,2012-01-01,/fHTdTkV9Uwmd7ZUtg8zwvdGMbjf.jpg,0,0,0,0,0,0,,False,,Horror,,
1305801,,Miss Frankenstein,Miss Frankenstein,en,,,2020-01-01,/90kE7CgqJex1nLQaqSO7wZ0XxPt.jpg,0,0,0,0,0,0,,False,,Horror,,
1306411,,Mortem,Mortem,en,,,2022-01-01,/8FKj1VRzNxIhtrWrk8Ag6JZeM7U.jpg,0,0,0,0,0,0,,False,,Horror,,
1306894,,Bare,Bare,en,,,2021-01-01,/rSyURHwPfbbUHICFxG7BiDsDNao.jpg,0,0,0,0,0,0,,False,,Horror,,
1307267,,The Sculptor's Clayground,The Sculptor's Clayground,en,,,2016-01-01,/jlSMkd45exDbu4kXnzrv14pwxHl.jpg,0,0,0,0,0,0,,False,,Horror,,
1307568,,Wyrmwood: Chronicles of the Dead,Wyrmwood: Chronicles of the Dead,en,,,2017-01-01,/q0y0rSQIhLvTt4J4P0UpnOiyyRx.jpg,0,0,0,0,0,0,,False,,Horror,,
1308238,,Leave Me Alone,Leave Me Alone,en,,,2022-01-01,/cKOcjTg2LgAkUrVkLTjzNkhHqpb.jpg,0,0,0,0,0,0,,False,,Horror,,
1308242,,Son of Werewolf,Son of Werewolf,en,,,1993-01-01,/qPes4q1fdQ50wv97PumEbS8LFQc.jpg,0,0,0,0,0,0,,False,,Horror,,
1308247,,Fold,Fold,en,,,2008-01-01,/yauHVDofQF9Eim6yQLzUf0Ma6Qj.jpg,0,0,0,0,0,0,,False,,Horror,,
1308749,,Knife of the Party,Knife of the Party,en,,,2016-01-01,/bmNz7ILpMlHG3ciqXgmXkuWgnP3.jpg,0,0,0,0,0,0,,False,,Horror,,
1308994,,Husk,Husk,en,,,2022-01-01,/skUDyjuVNuk2H36KfKgc71p8qWj.jpg,0,0,0,0,0,0,,False,,Horror,,
1308996,,The Fortune,The Fortune,en,,,2018-01-01,/yaaul6rEmXzUIKJoJ9JfxRg8M1I.jpg,0,0,0,0,0,0,,False,,Horror,,
1309175,,Investigation of Fear,Investigation of Fear,en,,,1979-01-01,/ya5ybm25U2L2gxWgaBkOmimuhmr.jpg,0,0,0,0,0,0,,False,,Horror,,
1309231,,Gray Matter,Gray Matter,en,,,2017-01-01,/hb8tnOmuJ8JbyxwrgplLHsnv9W2.jpg,0,0,0,0,0,0,,False,,Horror,,
1309236,,Muka'Ku,Muka'Ku,en,,,2016-01-01,/3yf2f7wFpmBvkszvs7FVzVj7uzt.jpg,0,0,0,0,0,0,,False,,Horror,,
1309257,,The Boogeyman,The Boogeyman,en,,,2013-01-01,/4tuNHa303aolMhYci80gpwZuRrO.jpg,0,0,0,0,0,0,,False,,Horror,,
1309374,,Hotel Visitor,Hotel Visitor,en,,,2021-01-01,/u2wH3P5dweJgA3k1dglixOJBOhY.jpg,0,0,0,0,0,0,,False,,Horror,,
1309501,,BOUNDLESS,BOUNDLESS,en,,,2021-01-01,/wgcD8kSeJ3anP6W3fkiyDBb7cLe.jpg,0,0,0,0,0,0,,False,,Horror,,
1309509,,Night Surf,Night Surf,en,,,2015-01-01,/bW7v5zqR6KG0kFlehq55ZMtZOjZ.jpg,0,0,0,0,0,0,,False,,Horror,,
1309530,,The Adventures of Janet: Janet vs Werewolf,The Adventures of Janet: Janet vs Werewolf,en,,,1993-01-01,/43GrRedb82OJTXxb0Dr9IAvRwlz.jpg,0,0,0,0,0,0,,False,,Horror,,
1309535,,Night Surf,Night Surf,en,,,2014-01-01,/hSeKrFeC4QgNAGNnPEzNz83msWH.jpg,0,0,0,0,0,0,,False,,Horror,,
1309575,,The House of the Silent Bat,The House of the Silent Bat,en,,,2020-01-01,/8osrZSrjQrWZXISiZQs3owpzJql.jpg,0,0,0,0,0,0,,False,,Horror,,
1309678,,Rolling Calf,Rolling Calf,en,,,2017-01-01,/ovO46IY9oU4ICOO2vIF28QYzDn8.jpg,0,0,0,0,0,0,,False,,Horror,,
1309747,,FortySix,FortySix,en,,,2015-01-01,/g7RITPWtS7u7EFc8ebW7sbfljDR.jpg,0,0,0,0,0,0,,False,,Horror,,
1310002,,Cain Rose Up,Cain Rose Up,en,,,2010-01-01,/k28oBalqc4uV3a9CtBA2Pc0yoyf.jpg,0,0,0,0,0,0,,False,,Horror,,
1310017,,Cain Rose Up,Cain Rose Up,en,,,2013-01-01,/2wTRdDCGSNRJsWQahaM54DZY72q.jpg,0,0,0,0,0,0,,False,,Horror,,
1310023,,Ghost Goose,Ghost Goose,en,,,2022-01-01,/1lpypCUMeD8YCtyNU6QZwtroSIG.jpg,0,0,0,0,0,0,,False,,Horror,,
1310236,,Son of Monsters on the March,Son of Monsters on the March,en,,,1980-01-01,/3vMMEtinN8hKyxNzQ880PU08zHq.jpg,0,0,0,0,0,0,,False,,Horror,,
1310255,,Sinister Cinema,Sinister Cinema,en,,,1987-01-01,/geIqF7wwdtPXr7J7s4IWCJpFays.jpg,0,0,0,0,0,0,,False,,Horror,,
1310256,,A Chiller Theater Reunion,A Chiller Theater Reunion,en,,,1991-01-01,/xMWi1FtnCwCty7Rk5zHA78gOUck.jpg,0,0,0,0,0,0,,False,,Horror,,
1310286,,Cain Rose Up,Cain Rose Up,en,,,2019-01-01,/2zoWMoHsQMmdAQiS506gc4mDP9P.jpg,0,0,0,0,0,0,,False,,Horror,,
1310322,,Cain Rose Up,Cain Rose Up,en,,,2021-01-01,/qfIlcsJHLWfctosLtE3Fdkf6nB9.jpg,0,0,0,0,0,0,,False,,Horror,,
1310350,,Here There Be Tygers,Here There Be Tygers,en,,,2017-01-01,/wR2rq0TOhD69dBA5f9s7W9NJQcp.jpg,0,0,0,0,0,0,,False,,Horror,,
1310368,,Strawberry Spring,Strawberry Spring,en,,,2013-01-01,/86ZpgdpdFhBE3LHTadEnQnm1hGJ.jpg,0,0,0,0,0,0,,False,,Horror,,
1310375,,The Reaper's Image,The Reaper's Image,en,,,2013-01-01,/fUlf9m5ERxoP0cqUdxCKIPtD8Lo.jpg,0,0,0,0,0,0,,False,,Horror,,
1310383,,Delver Glass,Delver Glass,en,,,2013-01-01,/vBOrOQXiO9HcrUp6QeYjn1j1Azn.jpg,0,0,0,0,0,0,,False,,Horror,,
1310396,,The Reaper's Image,The Reaper's Image,en,,,2013-01-01,/nWfwvryRSo3kdtSkmudyLtF7Dwq.jpg,0,0,0,0,0,0,,False,,Horror,,
1310668,,Suffer the Little Children,Suffer the Little Children,en,,,2015-01-01,/pZ5UQSLitmbHwGSuqBqJYKjCzT9.jpg,0,0,0,0,0,0,,False,,Horror,,
1310678,,Suffer,Suffer,en,,,2016-01-01,/8G8zyjFXjgyU1JJJ2ORHrJVrvHx.jpg,0,0,0,0,0,0,,False,,Horror,,
1310748,,The Boogeyman,The Boogeyman,en,,,2013-01-01,/4GQu6XBY0WnPQSJT8gLsYBAupDy.jpg,0,0,0,0,0,0,,False,,Horror,,
1310783,,The Boogeyman,The Boogeyman,en,,,2014-01-01,/t4imu21d9mAZMlyvJB0fQYfThkW.jpg,0,0,0,0,0,0,,False,,Horror,,
1310789,,The Boogeyman,The Boogeyman,en,,,2014-01-01,/sJwiatwq0lHkUx81ithJfVMGzOv.jpg,0,0,0,0,0,0,,False,,Horror,,
1310835,,The Deader the Better,The Deader the Better,en,,,2005-01-01,/s1Y33718HNdzpbjbo6XeY8ZIyj7.jpg,0,0,0,0,0,0,,False,,Horror,,
1311155,,My Worst Enemy,My Worst Enemy,en,,,2015-01-01,/oPQ3706DADzNcjHmk1XX8ntYmpN.jpg,0,0,0,0,0,0,,False,,Horror,,
1311556,,The Blacky,The Blacky,en,,,2022-01-01,/y1hKrS5Tpl6ClWvzdeeKPcWJton.jpg,0,0,0,0,0,0,,False,,Horror,,
1311876,,The Wolf,The Wolf,en,,,2019-01-01,/aXwYo2dJnIRcT8P2qkkJR2Tdwyy.jpg,0,0,0,0,0,0,,False,,Horror,,
1312017,,The River Runs Black,The River Runs Black,en,,,2012-01-01,/LbPYERQ62zGhQwFyCsVADUobdS.jpg,0,0,0,0,0,0,,False,,Horror,,
1312032,,I Know What You Need,I Know What You Need,en,,,2005-01-01,/9sXsf9icTNjAE1rToYIUkPgRj0Z.jpg,0,0,0,0,0,0,,False,,Horror,,
1312121,,One for the Road,One for the Road,en,,,2010-01-01,/e3pArHEgxoihHyzWrRlQrhsV5Jp.jpg,0,0,0,0,0,0,,False,,Horror,,
1312196,,One for the Road,One for the Road,en,,,2016-01-01,/ruQJGljFyXKnxnnN1BXWcDaZgJ3.jpg,0,0,0,0,0,0,,False,,Horror,,
1312208,,One for the Road,One for the Road,en,,,2017-01-01,/oztU0FZJhgTeNdXaqH2DoRootJx.jpg,0,0,0,0,0,0,,False,,Horror,,
1312359,,Uncle Forry's Ackermansions,Uncle Forry's Ackermansions,en,,,2014-01-01,/vwkABcjTnizbIaoMvTtoluAoAjB.jpg,0,0,0,0,0,0,,False,,Horror,,
1312393,,Black Pines,Black Pines,en,,,2022-01-01,/hbHWNKoF0fx4QCFb3v37WOSUTeQ.jpg,0,0,0,0,0,0,,False,,Horror,,
1312483,,Killer on the Porch,Killer on the Porch,en,,,2021-01-01,/cYTGjJwIFJXwPSM6bpEQWZyYvAk.jpg,0,0,0,0,0,0,,False,,Horror,,
1312565,,Toe Tags,Toe Tags,en,,,1996-01-01,/hHlRCTPt6A7IhV9NQ4EQ5g6Nzx2.jpg,0,0,0,0,0,0,,False,,Horror,,
1312584,,The Man Who Loved Flowers,The Man Who Loved Flowers,en,,,2004-01-01,/u8AtwXflPJ6dKiKNXFb616t8Aca.jpg,0,0,0,0,0,0,,False,,Horror,,
1312609,,Flowers for Norma,Flowers for Norma,en,,,2010-01-01,/2GZ0aDkeRLLdb5ZHK4ZwUCIalO.jpg,0,0,0,0,0,0,,False,,Horror,,
1312633,,Snowglobe,Snowglobe,en,,,2020-01-01,/9nYOJ88Nt7yOjMjHUKJnMaIXl0y.jpg,0,0,0,0,0,0,,False,,Horror,,
1312920,,Eyetanic,Eyetanic,en,,,2021-01-01,/d8NEKTpYprNnoIWCRMLJsEDQ8oe.jpg,0,0,0,0,0,0,,False,,Horror,,
1313293,,Rise of the Recruits: Tale of the Candy-Cane Crawler,Rise of the Recruits: Tale of the Candy-Cane Crawler,en,,,2022-01-01,/8P4j1vWgnE2NvJLp4G4aICYUkWN.jpg,0,0,0,0,0,0,,False,,Horror,,
1313373,,Maltreat,Maltreat,en,,,2019-01-01,/dGeup9vNBDwPPwVOk8vpbSLpEW6.jpg,0,0,0,0,0,0,,False,,Horror,,
1313517,,Evil Tapes,Evil Tapes,en,,,2022-01-01,/lkQzNc6vOjKcJ6cwpJ0WQ6Hw2zN.jpg,0,0,0,0,0,0,,False,,Horror,,
1313831,,Jason Still Lives!,Jason Still Lives!,en,,,1989-01-01,/yMyqHpI0gE8t2LOaPKae95M9S5q.jpg,0,0,0,0,0,0,,False,,Horror,,
1313837,,Jason Still Lives Part 2: The Ski Resort Murders,Jason Still Lives Part 2: The Ski Resort Murders,en,,,1990-01-01,/1UcN7DrpprtfbW4uEl8zl71CgVe.jpg,0,0,0,0,0,0,,False,,Horror,,
1313842,,Jason Part III: The Veiling,Jason Part III: The Veiling,en,,,1992-01-01,/cUoOiPjzxaI7bFRpgAh4c9L2eiM.jpg,0,0,0,0,0,0,,False,,Horror,,
1313846,,Jason Part IV: He's Back Again!!!,Jason Part IV: He's Back Again!!!,en,,,2000-01-01,/1RYCCedexO0cLgRv5Ku6aocMBOx.jpg,0,0,0,0,0,0,,False,,Horror,,
1313863,,evil WARbie bitch,evil WARbie bitch,en,,,2006-01-01,/qyw5rHr58hfMlddBVz7KQyrywCh.jpg,0,0,0,0,0,0,,False,,Horror,,
1314304,,Reality Killers,Reality Killers,en,,,2005-01-01,/vpgQNHpjKFdBurX3LH798GAQRMt.jpg,0,0,0,0,0,0,,False,,Horror,,
1314462,,I Was A Teenage Skateboarder,I Was A Teenage Skateboarder,en,,,1994-01-01,/gyZKFS1MLdvU0t5rO8bRO6YS3ba.jpg,0,0,0,0,0,0,,False,,Horror,,
1314464,,The Mill,The Mill,en,,,2011-01-01,/qhTdcnnUM9kumJS56rgTJlBy26o.jpg,0,0,0,0,0,0,,False,,Horror,,
1314514,,Killer Duck,Killer Duck,en,,,2020-01-01,/fpAM8eK5cdaCgUCFXragv2s4Qxm.jpg,0,0,0,0,0,0,,False,,Horror,,
1314597,,Death Parts Us,Death Parts Us,en,,,2022-01-01,/4UxxzOzOZfJ2iGp9PYFZ2UxO1rj.jpg,0,0,0,0,0,0,,False,,Horror,,
1314748,,She's Safe,She's Safe,en,,,1993-01-01,/7SGtfDQyxsQLmmx4LcnApk2rGPp.jpg,0,0,0,0,0,0,,False,,Horror,,
1314819,,AALO The Light,AALO The Light,en,,,2021-01-01,/1yflW4itqCfpp1PMiMveC1ahvNY.jpg,0,0,0,0,0,0,,False,,Horror,,
1314832,,Thingy,Thingy,en,,,2026-01-01,/3TUPK0tGANA4OmfcDn8j9O9oDzw.jpg,0,0,0,0,0,0,,False,,Horror,,
1315102,,Dildo of the Dead,Dildo of the Dead,en,,,2018-01-01,/thIPEtpOtYke2pqZ7qA7K5HdFhH.jpg,0,0,0,0,0,0,,False,,Horror,,
1315114,,Wenn Krampus Kommt,Wenn Krampus Kommt,en,,,2018-01-01,/7SsDdqpQw5iJXizgxEFocoZUSog.jpg,0,0,0,0,0,0,,False,,Horror,,
1315116,,Murderballs,Murderballs,en,,,2019-01-01,/hPCXkfSmMDZTEJMaNdpWhCaSZIu.jpg,0,0,0,0,0,0,,False,,Horror,,
1315169,,Stalker,Stalker,en,,,2007-01-01,/7B0ZS8lBZxfSeUB2kp2fQ0i6h52.jpg,0,0,0,0,0,0,,False,,Horror,,
1315186,,"Something Evil, Something Dangerous","Something Evil, Something Dangerous",en,,,2009-01-01,/rmnFLshJLj2Qi6gBDtKoSZ4s8bN.jpg,0,0,0,0,0,0,,False,,Horror,,
1315189,,"Something Evil, Something Dangerous 2: The Beginning","Something Evil, Something Dangerous 2: The Beginning",en,,,2009-01-01,/6OXmOc8VdV6CuauAXPfT0q4ohpN.jpg,0,0,0,0,0,0,,False,,Horror,,
1315193,,Room 28,Room 28,en,,,2010-01-01,/ji5WLOfq4cyoEfBlCTTWaWPSvEM.jpg,0,0,0,0,0,0,,False,,Horror,,
1315195,,It's Alive: The Curse of Room 28,It's Alive: The Curse of Room 28,en,,,2010-01-01,/ad5FavvIWNOF1wSMTFrZ8Lmp3qP.jpg,0,0,0,0,0,0,,False,,Horror,,
1315199,,The Killer Teddy Bear,The Killer Teddy Bear,en,,,2010-01-01,/sIui6LGbhPMKJQ5Hr1dOBMKtsn5.jpg,0,0,0,0,0,0,,False,,Horror,,
1315228,,"Welcome Back, Mr. Buzzcock","Welcome Back, Mr. Buzzcock",en,,,2018-01-01,/mdTJqOW4mUFH8fQqoPCyO3lEH2W.jpg,0,0,0,0,0,0,,False,,Horror,,
1315974,,The Jersey Devil: Monster in the Pines,The Jersey Devil: Monster in the Pines,en,,,2020-01-01,/gkGDKdHVQmgdT6fzjbwtHVVBgoQ.jpg,0,0,0,0,0,0,,False,,Horror,,
1316179,,Paranoia,Paranoia,en,,,1970-01-01,/fb8gRL0u4M9iQuPqPCVHYyGeXU8.jpg,0,0,0,0,0,0,,False,,Horror,,
1316181,,Aranea,Aranea,en,,,1972-01-01,/7q0v9VwiNxsyoFcEVCKVV1RD4tc.jpg,0,0,0,0,0,0,,False,,Horror,,
1316186,,Dream Sequence,Dream Sequence,en,,,1975-01-01,/8bEquYNtPYFRZyFcXrUvr63LwEK.jpg,0,0,0,0,0,0,,False,,Horror,,
1316207,,The Uninvited Visitor,The Uninvited Visitor,en,,,1975-01-01,/ZvVQHJBAt95Z4tX4bCRcQw6Ftb.jpg,0,0,0,0,0,0,,False,,Horror,,
1316408,,Amygdala Warrior,Amygdala Warrior,en,,,2018-01-01,/yXHDvi8MP3UvoivkQIeYXTC44mz.jpg,0,0,0,0,0,0,,False,,Horror,,
1316522,,A Family of Ghosts,A Family of Ghosts,en,,,2016-01-01,/nuTNW1uIfXvaw0YSZ5QfluJbkOQ.jpg,0,0,0,0,0,0,,False,,Horror,,
1316538,,Realm of the Unknown,Realm of the Unknown,en,,,2022-01-01,/a2LOVylqhhZiZaQgIqfe421M6v5.jpg,0,0,0,0,0,0,,False,,Horror,,
1316563,,Transcend,Transcend,en,,,2008-01-01,/63StggX88Ovpj7I25gi7ZuPK711.jpg,0,0,0,0,0,0,,False,,Horror,,
1316569,,Gruesome Twosome,Gruesome Twosome,en,,,2021-01-01,/40z81D5IP7dWXK4f11JzgBJTICT.jpg,0,0,0,0,0,0,,False,,Horror,,
1316590,,"Seducer of the Night: Terror in the summer resort, bloodsucking fangs for blonde beauties","Seducer of the Night: Terror in the summer resort, bloodsucking fangs for blonde beauties",en,,,1982-01-01,/eojZwhaCrhDMoBc9jqHE8Z1BHqd.jpg,0,0,0,0,0,0,,False,,Horror,,
1316846,,Providence,Providence,en,,,2021-01-01,/mrjJk5MtF9xNFXpa2ybRRuaia0B.jpg,0,0,0,0,0,0,,False,,Horror,,
1316857,,The Unlocked Door,The Unlocked Door,en,,,2020-01-01,/ddXL37slgVtvXqjQJenKDIfXF4J.jpg,0,0,0,0,0,0,,False,,Horror,,
1317061,,Craypot Sonata,Craypot Sonata,en,,,1979-01-01,/kO3aYf6X5by2vn3UL0OhigLo6vr.jpg,0,0,0,0,0,0,,False,,Horror,,
1317084,,The Rick Sloane Fake Trailers,The Rick Sloane Fake Trailers,en,,,1981-01-01,/k5eoO35Q0bt9GknWzZ36Pj0M360.jpg,0,0,0,0,0,0,,False,,Horror,,
1317104,,The Summerset Sisters,The Summerset Sisters,en,,,1980-01-01,/kEFmLQwKiSgITVD7mWn8WxU8On4.jpg,0,0,0,0,0,0,,False,,Horror,,
1317121,,Suffer or Sacrifice,Suffer or Sacrifice,en,,,2004-01-01,/q3kjnq7Ue3FsUsGnONFGnxfQehU.jpg,0,0,0,0,0,0,,False,,Horror,,
1317200,,HammerHands,HammerHands,en,,,2019-01-01,/7NdeQUEaaVzq7HRSG44Z5J7yZST.jpg,0,0,0,0,0,0,,False,,Horror,,
1317231,,DOG,DOG,en,,,2014-01-01,/lsqv2NLyg2tBWUYJHvfuRAyx1QP.jpg,0,0,0,0,0,0,,False,,Horror,,
1317254,,A Little Monster Movie,A Little Monster Movie,en,,,2017-01-01,/f2BNyAHbqXuCsZdiFPhDdjKLg2s.jpg,0,0,0,0,0,0,,False,,Horror,,
1317262,,"""Daydream"" a short film by shinrabit","""Daydream"" a short film by shinrabit",en,,,2016-01-01,/k7p8jVEv9AEghPl8GozVp1rNepn.jpg,0,0,0,0,0,0,,False,,Horror,,
1317268,,Chain Mail,Chain Mail,en,,,2018-01-01,/iTpKCt69DRf0YgWECPaLhjjmOy2.jpg,0,0,0,0,0,0,,False,,Horror,,
1317321,,Bad Manor,Bad Manor,en,,,1995-01-01,/lWNdBj2bjqUNiTurssDSuYKXt5Q.jpg,0,0,0,0,0,0,,False,,Horror,,
1317586,,Mark of the Devil,Mark of the Devil,en,,,1984-01-01,/dcGB5UVha8eBFCYz7uqvw3ly3SU.jpg,0,0,0,0,0,0,,False,,Horror,,
1317626,,The New House and The Old Life,The New House and The Old Life,en,,,2018-01-01,/gY6zbiiYVEGSPT6K1l72pCGWym7.jpg,0,0,0,0,0,0,,False,,Horror,,
1317781,,At The Edge Of Darkness,At The Edge Of Darkness,en,,,2010-01-01,/ueuw6mZZ4Y0JAEY3wfk7JGbTkXe.jpg,0,0,0,0,0,0,,False,,Horror,,
1317890,,lovespells: Dark Rider,lovespells: Dark Rider,en,,,2018-01-01,/oxWeW8ipLlDdgxvsbatV64ZDkfS.jpg,0,0,0,0,0,0,,False,,Horror,,
1317977,,Blindness,Blindness,en,,,2016-01-01,/5zwAzJ9dhSnFl5bbFv1O6tpFKqk.jpg,0,0,0,0,0,0,,False,,Horror,,
1317994,,Corporate Occult,Corporate Occult,en,,,2011-01-01,/7bEhNFXyWpWoZxQ9173L2IgB4Ps.jpg,0,0,0,0,0,0,,False,,Horror,,
1318016,,Pokerspace,Pokerspace,en,,,2022-01-01,/7ihrnhAUDrKgWmKLyzuzvqG1aqI.jpg,0,0,0,0,0,0,,False,,Horror,,
1318031,,The Last Laugh,The Last Laugh,en,,,1997-01-01,/gqYgkLF5wWlv5nzKalbwYYuNyBS.jpg,0,0,0,0,0,0,,False,,Horror,,
1318084,,Obscure,Obscure,en,,,2015-01-01,/y1hMUv2urSAJlcWKmTpzMMjMuJx.jpg,0,0,0,0,0,0,,False,,Horror,,
1318168,,Santa Claus: A Horror Story,Santa Claus: A Horror Story,en,,,2016-01-01,/vwVkTucxjPUWHTHevevpfyRf1Ji.jpg,0,0,0,0,0,0,,False,,Horror,,
1318265,,30 SECONDS,30 SECONDS,en,,,2021-01-01,/49PQrnMmsYHMzDD0zyUAJnJEEqF.jpg,0,0,0,0,0,0,,False,,Horror,,
1318306,,The Last Motel,The Last Motel,en,,,1981-01-01,/bXeZrkGKnCHGwujr23iwWDNI1dY.jpg,0,0,0,0,0,0,,False,,Horror,,
1318319,,The Job,The Job,en,,,2006-01-01,/cLWzFZMS1TflijlSs0PmB2T7lMi.jpg,0,0,0,0,0,0,,False,,Horror,,
1318433,,Shower Sharks,Shower Sharks,en,,,2018-01-01,/8l1JicwDSi1ZYxFBHHVZC1nrLRP.jpg,0,0,0,0,0,0,,False,,Horror,,
1318453,,Last Day,Last Day,en,,,2009-01-01,/lXubFKhxjlkRDsE0uTEdcjMw8Oq.jpg,0,0,0,0,0,0,,False,,Horror,,
1318458,,That Day,That Day,en,,,2007-01-01,/wNkVRzmqHpEvdmJIYs3HSsKnyBt.jpg,0,0,0,0,0,0,,False,,Horror,,
1318471,,Take My Breath Away,Take My Breath Away,en,,,2020-01-01,/p0FMU9b3PAcfS8SrcSkKjEmowmB.jpg,0,0,0,0,0,0,,False,,Horror,,
1318928,,Lady Gaga: Fame - A Film by Steven Klein,Lady Gaga: Fame - A Film by Steven Klein,en,,,2012-01-01,/3QZsja7CPJZtFgNH2FcmeTYHgPU.jpg,0,0,0,0,0,0,,False,,Horror,,
1319002,,The Truth Behind Those Secrets,The Truth Behind Those Secrets,en,,,2019-01-01,/vHHN7YARFMf0PdElYBxrkZRNKZX.jpg,0,0,0,0,0,0,,False,,Horror,,
1319335,,Haven Place,Haven Place,en,,,2005-01-01,/xl1qwHXYUdprs157M5roEDJaG9w.jpg,0,0,0,0,0,0,,False,,Horror,,
1319347,,Haven Place Part 2,Haven Place Part 2,en,,,2006-01-01,/sr976BY1otvwFfr8nQLDJPJpnEg.jpg,0,0,0,0,0,0,,False,,Horror,,
1319351,,Haven Place Part 3,Haven Place Part 3,en,,,2006-01-01,/k6NLN6SxadjqX7z3oYOOFLXUwOT.jpg,0,0,0,0,0,0,,False,,Horror,,
1319364,,Night of the Vampire,Night of the Vampire,en,,,2017-01-01,/vXw58BLh0WFvEXV8kTN6UnCCrLq.jpg,0,0,0,0,0,0,,False,,Horror,,
1319365,,Chemical X,Chemical X,en,,,2010-01-01,/5Ruhuyuu3C5D9fEGQTR40mmKJIL.jpg,0,0,0,0,0,0,,False,,Horror,,
1319369,,The Botanist,The Botanist,en,,,2009-01-01,/ApbHhJyim6h4viYoQOmyCzv7lXl.jpg,0,0,0,0,0,0,,False,,Horror,,
1319514,,Last Video and Testament,Last Video and Testament,en,,,1984-01-01,/88x1ztr1QO052ZNDoAMq1HGymi1.jpg,0,0,0,0,0,0,,False,,Horror,,
1319571,,The Night Time Creamer,The Night Time Creamer,en,,,2009-01-01,/79oPGuefAddisOOwBVtD4QPH2H1.jpg,0,0,0,0,0,0,,False,,Horror,,
1319618,,Wild House,Wild House,en,,,2021-01-01,/52Gy5ectwETg7dS4IXvR2FyhmNM.jpg,0,0,0,0,0,0,,False,,Horror,,
1319686,,Miserable Sinners,Miserable Sinners,en,,,2018-01-01,/jraBONCYtXMKBAd5HUQI7cnchAW.jpg,0,0,0,0,0,0,,False,,Horror,,
1319825,,The Mask of Sarnath,The Mask of Sarnath,en,,,1981-01-01,/qXD6HtNtcF4spUVBWdAHAmqsTtt.jpg,0,0,0,0,0,0,,False,,Horror,,
1319891,,Acid Spiders,Acid Spiders,en,,,2011-01-01,/oRtgFYUSWBvCige648U86jdlE2G.jpg,0,0,0,0,0,0,,False,,Horror,,
1320004,,Obambo,Obambo,en,,,2022-01-01,/lBJdnI6OrC95Ac89tfZBeIelULT.jpg,0,0,0,0,0,0,,False,,Horror,,
1320139,,Dagon,Dagon,en,,,2017-01-01,/v5AdELI7wnSLTvKO7ZjpclYK28h.jpg,0,0,0,0,0,0,,False,,Horror,,
1320348,,MOUTHFUL HOMERUN MILL,MOUTHFUL HOMERUN MILL,en,,,2020-01-01,/499qveMAEstnRyKVD0Hx0uIAoPn.jpg,0,0,0,0,0,0,,False,,Horror,,
1320604,,Hauntings,Hauntings,en,,,2002-01-01,/8HDo0nDkJkjyGSi6o3SVdnyWQ88.jpg,0,0,0,0,0,0,,False,,Horror,,
1320610,,Zombies,Zombies,en,,,2002-01-01,/xuDCY0gM8OHVnZ9lRSyRCF1rY4I.jpg,0,0,0,0,0,0,,False,,Horror,,
1320741,,BANSHEE,BANSHEE,en,,,2022-01-01,/7BcZ3wftTXeAd4yBZCPfBfqbaaV.jpg,0,0,0,0,0,0,,False,,Horror,,
1321197,,The Possessed,The Possessed,en,,,1969-01-01,/mMIZp5ZLw0jQSmEF8Hikw4oG4UO.jpg,0,0,0,0,0,0,,False,,Horror,,
1321224,,Keiron: The First Voyager,Keiron: The First Voyager,en,,,1985-01-01,/8N0tz4At8jYAWXLrSaTOwlqqMyy.jpg,0,0,0,0,0,0,,False,,Horror,,
1321234,,The Epic of Detective Mandy: Book One - Satan Claus,The Epic of Detective Mandy: Book One - Satan Claus,en,,,1989-01-01,/jbK27Gs6gpjeCVDx8siLBtOWYfP.jpg,0,0,0,0,0,0,,False,,Horror,,
1321236,,Chain Letter,Chain Letter,en,,,1989-01-01,/9XuEJKpsqXtp7wwo4A2o8WobTYe.jpg,0,0,0,0,0,0,,False,,Horror,,
1321245,,"The Unexplained: Witches, Werewolves & Vampires","The Unexplained: Witches, Werewolves & Vampires",en,,,1994-01-01,/yrQcege7ygHP8se2xIitg7VgCFq.jpg,0,0,0,0,0,0,,False,,Horror,,
1321431,,Lovely,Lovely,en,,,2022-01-01,/6OZ9R2bmWV1fycUyhC0BDoeFKMO.jpg,0,0,0,0,0,0,,False,,Horror,,
1321557,,Valley of Carnage,Valley of Carnage,en,,,2020-01-01,/yau9XHGyj0W8wxw9qZZ4aJzznzm.jpg,0,0,0,0,0,0,,False,,Horror,,
1321946,,Zombie Punch,Zombie Punch,en,,,2009-01-01,/rBsCZ0EC6BBjvmoku6k9DwsVOpA.jpg,0,0,0,0,0,0,,False,,Horror,,
1323144,,Half Life,Half Life,en,,,2004-01-01,/onmJ2CytnrxlUIEslPYWfA0cJVX.jpg,0,0,0,0,0,0,,False,,Horror,,
1323245,,Head Bussa,Head Bussa,en,,,2021-01-01,/4G8SiSXMsxAfYy5eljqL4fBQO24.jpg,0,0,0,0,0,0,,False,,Horror,,
1323534,,Lurking,Lurking,en,,,2022-01-01,/aG59Y0QY4x6dhht1I4wDohQBoGF.jpg,0,0,0,0,0,0,,False,,Horror,,
1323618,,Bocas,Bocas,en,,,2019-01-01,/pnUpsQ9C6se7cFqM2V7u2UVMrlM.jpg,0,0,0,0,0,0,,False,,Horror,,
1324112,,Howl of the Werewolf,Howl of the Werewolf,en,,,2022-01-01,/mGYd5p5hnzHFH0acwqOyPgTA9Tl.jpg,0,0,0,0,0,0,,False,,Horror,,
1324120,,La Veuve Noire,La Veuve Noire,en,,,2016-01-01,/5i76JAXZ1QhlBkUXwpPmjpbL2Kj.jpg,0,0,0,0,0,0,,False,,Horror,,
1324129,,The Damnedwich,The Damnedwich,en,,,2017-01-01,/AkomyWU4VkJx02A0bl8lbjZbBqX.jpg,0,0,0,0,0,0,,False,,Horror,,
1324299,,Sunday Roast,Sunday Roast,en,,,2022-01-01,/lHfP4z6ZRWZqwU82MxY0bc26HeD.jpg,0,0,0,0,0,0,,False,,Horror,,
1324375,,Child's Play,Child's Play,en,,,1984-01-01,/4WuGY0SQnmZ2S3AJcIE2MfhHcNo.jpg,0,0,0,0,0,0,,False,,Horror,,
1324386,,The Door,The Door,en,,,2022-01-01,/ipOmmmtMrX9YNdsJlA4wgCtKvb8.jpg,0,0,0,0,0,0,,False,,Horror,,
1324465,,Neuroxica,Neuroxica,en,,,2019-01-01,/iaAipnXUVAhcbyNC9AftE5eDbv1.jpg,0,0,0,0,0,0,,False,,Horror,,
1324751,,Nyctus,Nyctus,en,,,2021-01-01,/axVUwEjWCGmLDudlprSB5TmypMQ.jpg,0,0,0,0,0,0,,False,,Horror,,
1324818,,Dracula,Dracula,en,,,1956-01-01,/wWtMIG5yZfa4jLmeOqcl0MTbtaV.jpg,0,0,0,0,0,0,,False,,Horror,,
1324827,,Dr. Jekyll and Mr. Hyde,Dr. Jekyll and Mr. Hyde,en,,,1955-01-01,/mestSIhpDe6FSlBn73WjW0L44Ms.jpg,0,0,0,0,0,0,,False,,Horror,,
1324828,,Joel D. Wynkoop's The Wynkoop Tales,Joel D. Wynkoop's The Wynkoop Tales,en,,,2017-01-01,/a0P7yxPT2jmRBHioXRr4gerb98y.jpg,0,0,0,0,0,0,,False,,Horror,,
1324832,,The Interpretaris,The Interpretaris,en,,,1966-01-01,/a4kSmcv4IdOxdbEj9vmtT1GKuWY.jpg,0,0,0,0,0,0,,False,,Horror,,
1324844,,Mary Worth,Mary Worth,en,,,2007-01-01,/2ydSYrTQ46PuDFxjRmLActMaRoC.jpg,0,0,0,0,0,0,,False,,Horror,,
1324904,,The Monkey's Paw,The Monkey's Paw,en,,,1973-01-01,/oZV1YnbTW9UHjlbLpxMLVjykDPn.jpg,0,0,0,0,0,0,,False,,Horror,,
1325031,,"Lord, Have Mercy","Lord, Have Mercy",en,,,2018-01-01,/cIGxD73rVCN6MmVD6kKKUOXPog6.jpg,0,0,0,0,0,0,,False,,Horror,,
1325261,,Shadow Vaults,Shadow Vaults,en,,,2022-01-01,/jrx10XH6rB2Sv7ksIWVtUwZInlS.jpg,0,0,0,0,0,0,,False,,Horror,,
1325270,,The Head Incident,The Head Incident,en,,,1999-01-01,/4tRWDlBXZB1PYSN7pHRsWqGz7dv.jpg,0,0,0,0,0,0,,False,,Horror,,
1325466,,In This Economy,In This Economy,en,,,2016-01-01,/Z51RDEntf7XhrlLNUiyEXJh4v2.jpg,0,0,0,0,0,0,,False,,Horror,,
1325821,,Forlorn,Forlorn,en,,,2002-01-01,/sh3cZ8udpaR5KSeSF9iCsz2Fasm.jpg,0,0,0,0,0,0,,False,,Horror,,
1325848,,The Man Who Loved Flowers,The Man Who Loved Flowers,en,,,1996-01-01,/GijedVhM4LaYtWYYgw9mo8mQ65.jpg,0,0,0,0,0,0,,False,,Horror,,
1325856,,Maxwell Edison,Maxwell Edison,en,,,2013-01-01,/pGftB1mjsw8BZpSHP6ecZN3GXXf.jpg,0,0,0,0,0,0,,False,,Horror,,
1325873,,The Man Who Loved Flowers,The Man Who Loved Flowers,en,,,2015-01-01,/2yM2Nop9oUF0pJ37oM5gWfa9Ymz.jpg,0,0,0,0,0,0,,False,,Horror,,
1325880,,The Man Who Loved Flowers,The Man Who Loved Flowers,en,,,2015-01-01,/w5kvHLe08PNdfjCPBgnERgFImDY.jpg,0,0,0,0,0,0,,False,,Horror,,
1325927,,The Man Who Loved Flowers,The Man Who Loved Flowers,en,,,2016-01-01,/7debO3fSO3176hnN1932CNd0PzI.jpg,0,0,0,0,0,0,,False,,Horror,,
1325964,,The Man Who Loved Flowers,The Man Who Loved Flowers,en,,,2018-01-01,/ryk4CjboJOIQIqol2OLupcooSoS.jpg,0,0,0,0,0,0,,False,,Horror,,
1325979,,Hillbilly Cannibal Bloodline,Hillbilly Cannibal Bloodline,en,,,2009-01-01,/uiDBWD7YTPmzBgm4xU3gHuAYRpz.jpg,0,0,0,0,0,0,,False,,Horror,,
1325980,,Bed Time Ghost Tales,Bed Time Ghost Tales,en,,,2009-01-01,/jNfXLuhuadMbWWe0aot3cKYJqJG.jpg,0,0,0,0,0,0,,False,,Horror,,
1325986,,SARS: The Dead Plague,SARS: The Dead Plague,en,,,2010-01-01,/bN7ZrC1ojopat4W1iPU1YoBqgmT.jpg,0,0,0,0,0,0,,False,,Horror,,
1326162,,The Corvini Inheritance,The Corvini Inheritance,en,,,1984-01-01,/uqf0cuqCpY0M1Iw7qKg9ESCoUua.jpg,0,0,0,0,0,0,,False,,Horror,,
1326234,,The Man Who Loved Flowers,The Man Who Loved Flowers,en,,,2021-01-01,/9w8sNYsJKBRKoiF3vWecDHLO2JF.jpg,0,0,0,0,0,0,,False,,Horror,,
1326248,,The Man Who Loved Flowers,The Man Who Loved Flowers,en,,,2021-01-01,/kGwPVRcQ5u5Yo7T51AUqIXqpMU3.jpg,0,0,0,0,0,0,,False,,Horror,,
1326382,,Virtual Terror,Virtual Terror,en,,,1996-01-01,/jbu1cFRSIR6DkmkFb9NnNvTRRsm.jpg,0,0,0,0,0,0,,False,,Horror,,
1326437,,The Woman in the Room,The Woman in the Room,en,,,2017-01-01,/sw8uQEbC5i0bFqw5VDMy424FgdF.jpg,0,0,0,0,0,0,,False,,Horror,,
1326696,,Horror Grindshow Double Feature,Horror Grindshow Double Feature,en,,,2008-01-01,/696o6sm0CxhEQLjtH8SYHdwCKvL.jpg,0,0,0,0,0,0,,False,,Horror,,
1327157,,The Long Island Goregrind Massacre,The Long Island Goregrind Massacre,en,,,2021-01-01,/p2UvvFtF2DYCFmsSO1lh7otzD1m.jpg,0,0,0,0,0,0,,False,,Horror,,
1327206,,The Room,The Room,en,,,2007-01-01,/wB1MnlxG9lPHFZNWt0Nb1DTzKcK.jpg,0,0,0,0,0,0,,False,,Horror,,
1327541,,George Romero's Golden Tales 2,George Romero's Golden Tales 2,en,,,1995-01-01,/p2d2syzVVT59XVgh7OzaZbz0DWt.jpg,0,0,0,0,0,0,,False,,Horror,,
1327806,,Screature,Screature,en,,,2021-01-01,/b7mLxdqlyp5b5kDM52NyRNiyVBB.jpg,0,0,0,0,0,0,,False,,Horror,,
1327854,,Naked Fury,Naked Fury,en,,,2017-01-01,/t2kNFL3ANz3v0gT6y6NTJVPgyGT.jpg,0,0,0,0,0,0,,False,,Horror,,
1328160,,Tapes of Death,Tapes of Death,en,,,2022-01-01,/iMyQMXDhH6q39c7YFmSx6uLiALz.jpg,0,0,0,0,0,0,,False,,Horror,,
1328171,,The Devil's Wedding,The Devil's Wedding,en,,,2009-01-01,/kn7LRpGpBGZQksxHT7MQrvYbSLh.jpg,0,0,0,0,0,0,,False,,Horror,,
1328252,,The Pumpkin Queen,The Pumpkin Queen,en,,,2018-01-01,/3eHcfhWRISHo7qEVcEjJEln2PSb.jpg,0,0,0,0,0,0,,False,,Horror,,
1328265,,The Last Taxi Driver,The Last Taxi Driver,en,,,2015-01-01,/5NRoahiW4L7AJKyhACupSo54gFq.jpg,0,0,0,0,0,0,,False,,Horror,,
1328527,,Welcome To My Vibe,Welcome To My Vibe,en,,,2021-01-01,/eiIulawQNZ4G7gvScFokpcYpLlH.jpg,0,0,0,0,0,0,,False,,Horror,,
1328631,,Twin Cheeks: Who Killed the Homecoming King?,Twin Cheeks: Who Killed the Homecoming King?,en,,,1994-01-01,/3SHr59FE81y75GClLUh9iJwmS6e.jpg,0,0,0,0,0,0,,False,,Horror,,
1328651,,The Amazing Colossal Woman,The Amazing Colossal Woman,en,,,2016-01-01,/5RlZ7hLwaLpgOddeyGZjRyHSnjx.jpg,0,0,0,0,0,0,,False,,Horror,,
1328679,,Vaginal Holocaust,Vaginal Holocaust,en,,,2009-01-01,/XVcV6Lli0UInuEyH5onMijIgmF.jpg,0,0,0,0,0,0,,False,,Horror,,
1328735,,The One That Got Away,The One That Got Away,en,,,2015-01-01,/1KbHPp0qDLu51LIynUtTnRLEItk.jpg,0,0,0,0,0,0,,False,,Horror,,
1328787,,Tropikal Monsters,Tropikal Monsters,en,,,2019-01-01,/5nmtORNy7gdO8VcOnXY6BmsC0aX.jpg,0,0,0,0,0,0,,False,,Horror,,
1328945,,13 Days of the Beast,13 Days of the Beast,en,,,2009-01-01,/kE2JRl2PCeOnepHkqgT7yq3GXDs.jpg,0,0,0,0,0,0,,False,,Horror,,
1329050,,Knock,Knock,en,,,2020-01-01,/3sTOMFUND84vCBA5RUAzNpPPMZi.jpg,0,0,0,0,0,0,,False,,Horror,,
1329390,,Elmer's Ville,Elmer's Ville,en,,,2021-01-01,/6uYeC9fWMq2shH8fLCFY8jMYr0H.jpg,0,0,0,0,0,0,,False,,Horror,,
1329548,,Eggs,Eggs,en,,,2005-01-01,/fw0SL4dcwfgDNbggcucqAVVR6mO.jpg,0,0,0,0,0,0,,False,,Horror,,
1329581,,The Human Beeing,The Human Beeing,en,,,2002-01-01,/pAephfcDDpKElokLQDqbP6w2l1B.jpg,0,0,0,0,0,0,,False,,Horror,,
1330354,,In Possession,In Possession,en,,,1984-01-01,/1ZrNj2aZJRIGLRxUyOgFC0yWzBf.jpg,0,0,0,0,0,0,,False,,Horror,,
1330416,,The Body is a Shell,The Body is a Shell,en,,,1956-01-01,/wRGPUy6nuWvJ2H7gfDtB1CJeYF2.jpg,0,0,0,0,0,0,,False,,Horror,,
1330680,,Bump,Bump,en,,,2020-01-01,/fv4fqOlGGRc3LfCy0gZ4EYSf3Hb.jpg,0,0,0,0,0,0,,False,,Horror,,
1331142,,The Escape,The Escape,en,,,1980-01-01,/5vadavHYbglUseCy6EEBtKisZuh.jpg,0,0,0,0,0,0,,False,,Horror,,
1331378,,Bad Sleeper,Bad Sleeper,en,,,2012-01-01,/155I1qxNxlrPg1yr3rlLQ6g7ISG.jpg,0,0,0,0,0,0,,False,,Horror,,
1331390,,The Satanic Socks,The Satanic Socks,en,,,1980-01-01,/uG3OQ6lgtz9QEdB2bdCuovJPXGH.jpg,0,0,0,0,0,0,,False,,Horror,,
1331396,,Sequence,Sequence,en,,,1980-01-01,/cu87zb9PkkCtdnn388FE8b0Hofy.jpg,0,0,0,0,0,0,,False,,Horror,,
1333104,,Snake Bite,Snake Bite,en,,,2018-01-01,/uiIPxuXkuF8QPb6sHpWRjGbdRqC.jpg,0,0,0,0,0,0,,False,,Horror,,
1333112,,Buttons,Buttons,en,,,2021-01-01,/tu2Q77U6Vaz5PmhwBTeRr8tZ8ES.jpg,0,0,0,0,0,0,,False,,Horror,,
1333152,,Friend Request,Friend Request,en,,,2012-01-01,/7FDLBrs4BZM6bXmEfII2I9C5AOQ.jpg,0,0,0,0,0,0,,False,,Horror,,
1333160,,Nightmare at Bunnyman Bridge,Nightmare at Bunnyman Bridge,en,,,2010-01-01,/esEpH3smq9CAqJAmwctQ8oJ9tLm.jpg,0,0,0,0,0,0,,False,,Horror,,
1333177,,Love Never Dies,Love Never Dies,en,,,2012-01-01,/ktBQmsi9Kv3fYvaTZrwdIaf0vxD.jpg,0,0,0,0,0,0,,False,,Horror,,
1333211,,Nona,Nona,en,,,2015-01-01,/fK4rRT5gp5MxbuaPDfkqHQG9yXS.jpg,0,0,0,0,0,0,,False,,Horror,,
1333556,,Nona,Nona,en,,,2016-01-01,/1pXoUttChk0HwHA9n02sbPFiHFA.jpg,0,0,0,0,0,0,,False,,Horror,,
1333609,,Nona,Nona,en,,,2021-01-01,/bM3bLKQ9T9t3f0qKRQWIZzvCK0T.jpg,0,0,0,0,0,0,,False,,Horror,,
1335828,,The Wolfman's Cure,The Wolfman's Cure,en,,,1998-01-01,/6UplNqWQccu9eKjqiv3qTJOJGVL.jpg,0,0,0,0,0,0,,False,,Horror,,
1335831,,Chucky's Family Vacation,Chucky's Family Vacation,en,,,2005-01-01,/nYU93A4MCy9mAAnrmP8p96Wc26u.jpg,0,0,0,0,0,0,,False,,Horror,,
1335855,,Moth,Moth,en,,,2004-01-01,/6MD9CeEZE0cEb1nIpInn5bZCod0.jpg,0,0,0,0,0,0,,False,,Horror,,
1335930,,The Jaunt,The Jaunt,en,,,2008-01-01,/hP06MKGqxGSIuT5OBLgEoRYd2av.jpg,0,0,0,0,0,0,,False,,Horror,,
1335967,,The Man Who Would Not Shake Hands,The Man Who Would Not Shake Hands,en,,,2009-01-01,/Qv53nsQx9E3KYimeMlDn9yAXon.jpg,0,0,0,0,0,0,,False,,Horror,,
1336592,,Jeremy Marilyn,Jeremy Marilyn,en,,,2019-01-01,/o69tED1qGx22V8cMggvCGsqF16t.jpg,0,0,0,0,0,0,,False,,Horror,,
1336659,,BIRTHDAY BASH,BIRTHDAY BASH,en,,,2021-01-01,/2lSpnZsTJHTNgUyp7s6pEG0jrHn.jpg,0,0,0,0,0,0,,False,,Horror,,
1336741,,Survivor Type,Survivor Type,en,,,2011-01-01,/2dsGndewoPno4eUZCc0EolE4Bah.jpg,0,0,0,0,0,0,,False,,Horror,,
1337199,,Survivor Type,Survivor Type,en,,,2013-01-01,/illlQsPFqk7hwpI1N1i1vd9HkX3.jpg,0,0,0,0,0,0,,False,,Horror,,
1337600,,Paint Me a Murder,Paint Me a Murder,en,,,1984-01-01,/39fVnH6IVFbAOVcSMt1xOcH6ZLN.jpg,0,0,0,0,0,0,,False,,Horror,,
1337729,,The Mental Dead,The Mental Dead,en,,,2003-01-01,/iXDP7Q92eDmbGiHXpl5UFSNr5eu.jpg,0,0,0,0,0,0,,False,,Horror,,
1337903,,White Song,White Song,en,,,2006-01-01,/toDYKXpQ5OAxfi3453UvSKjIEwo.jpg,0,0,0,0,0,0,,False,,Horror,,
1338316,,"Here, Boy!","Here, Boy!",en,,,2019-01-01,/yThJQREVryo8zvn1NGn00glbE8Z.jpg,0,0,0,0,0,0,,False,,Horror,,
1338343,,Morning Deliveries,Morning Deliveries,en,,,2019-01-01,/iLvQSOv0H3JDMi8Lx7tPZ1hn7rD.jpg,0,0,0,0,0,0,,False,,Horror,,
1338965,,Alien Infestation: Part 2,Alien Infestation: Part 2,en,,,2018-01-01,/4h8o5o8sZpzfWpJbMcetDjeiJx3.jpg,0,0,0,0,0,0,,False,,Horror,,
1339092,,Here Comes The Milkman!,Here Comes The Milkman!,en,,,2022-01-01,/wESMvwtJ8YAZpDyp0Dtlm4HHb6y.jpg,0,0,0,0,0,0,,False,,Horror,,
1339155,,George Romero's Golden Tales 3,George Romero's Golden Tales 3,en,,,1995-01-01,/k4qfI1xIqcUuTUS5PC30s3q8CIO.jpg,0,0,0,0,0,0,,False,,Horror,,
1339159,,George Romero's Golden Tales,George Romero's Golden Tales,en,,,1993-01-01,/uSelwPxINV2evN2eztsSWsPcGpL.jpg,0,0,0,0,0,0,,False,,Horror,,
1339214,,The Nightmare of the Unknown,The Nightmare of the Unknown,en,,,2017-01-01,/aq99Fptb1k6yRolTezsYP3d7T5D.jpg,0,0,0,0,0,0,,False,,Horror,,
1339293,,House on Ghost Hill Road,House on Ghost Hill Road,en,,,2016-01-01,/jSgUDwAm8aOG7xrPq2eFIORQej8.jpg,0,0,0,0,0,0,,False,,Horror,,
1339336,,A Night in a Sanitarium,A Night in a Sanitarium,en,,,1973-01-01,/eaSY71gs0O65u8rSx1bE1nir4Yv.jpg,0,0,0,0,0,0,,False,,Horror,,
1339337,,Curse of the Werewolf,Curse of the Werewolf,en,,,1974-01-01,/cR4wrOAxxpEyE6F3f1yPYnelumf.jpg,0,0,0,0,0,0,,False,,Horror,,
1339338,,A Fisherman's Tale,A Fisherman's Tale,en,,,1976-01-01,/qsVhmORBhuXitdd5HINu59JlmSD.jpg,0,0,0,0,0,0,,False,,Horror,,
1339439,,Popsy,Popsy,en,,,2013-01-01,/kRcxgYXaW7CUl0VTZsifQTAurnz.jpg,0,0,0,0,0,0,,False,,Horror,,
1339469,,Popsy,Popsy,en,,,2014-01-01,/9qFq1FJxuDKP4cJH7XyhYc6SGJv.jpg,0,0,0,0,0,0,,False,,Horror,,
1339480,,Popsy,Popsy,en,,,2016-01-01,/5Vtuurp5iZDHvIbWB0nAahHhhpM.jpg,0,0,0,0,0,0,,False,,Horror,,
1339492,,Popsy,Popsy,en,,,2020-01-01,/e0UQ8MqF0N0oBkM4TNNLk4peVun.jpg,0,0,0,0,0,0,,False,,Horror,,
1339506,,Popsy,Popsy,en,,,2018-01-01,/853JGunmBzCtEiJzuuqGIaDn7tN.jpg,0,0,0,0,0,0,,False,,Horror,,
1339529,,Popsy,Popsy,en,,,2019-01-01,/gMNcQ2ZjYp8sk0hbKvJXLsGY8K2.jpg,0,0,0,0,0,0,,False,,Horror,,
1339544,,The Monsters Hunt at Night,The Monsters Hunt at Night,en,,,2020-01-01,/3v2kJGGAN0DFPzJKvUm2kXYn6ho.jpg,0,0,0,0,0,0,,False,,Horror,,
1339580,,The Detour,The Detour,en,,,1979-01-01,/aXmWzh0d0K2G6ZONs4d7nqpTVBE.jpg,0,0,0,0,0,0,,False,,Horror,,
1339599,,Connie,Connie,en,,,2016-01-01,/kWBTVGqQLkefRX5SWTc1Xnf1ALW.jpg,0,0,0,0,0,0,,False,,Horror,,
1339878,,Famous Ghost Stories,Famous Ghost Stories,en,,,1961-01-01,/c7d8qcX2PILCsHW143nVdk463PO.jpg,0,0,0,0,0,0,,False,,Horror,,
1340298,,Hot Department: Dark Web,Hot Department: Dark Web,en,,,2022-01-01,/gsI0aq03EV6tMsw0gZitCfrV2Pn.jpg,0,0,0,0,0,0,,False,,Horror,,
1340374,,Unspeakable Acts,Unspeakable Acts,en,,,2018-01-01,/18QPliuh9jn1hFdgnybLXWsUwFL.jpg,0,0,0,0,0,0,,False,,Horror,,
1340906,,Black Goat,Black Goat,en,,,2011-01-01,/dI618GSHSdZ4SciaUtVko7zclxB.jpg,0,0,0,0,0,0,,False,,Horror,,
1341102,,Split,Split,en,,,2021-01-01,/6pxb98WfL6r3xqTw9sAo61NMdPY.jpg,0,0,0,0,0,0,,False,,Horror,,
1341162,,A Distant Scream,A Distant Scream,en,,,1984-01-01,/1la8Gu9PiyuPfsSM47PHRFGWfux.jpg,0,0,0,0,0,0,,False,,Horror,,
1341502,,Saaya the Mystry,Saaya the Mystry,en,,,2022-01-01,/reVVPu2rgckgNKurThQFT85uEms.jpg,0,0,0,0,0,0,,False,,Horror,,
1341718,,Video Nasty,Video Nasty,en,,,2015-01-01,/6VkhpmPx69wBjBTrW67WtZcS90S.jpg,0,0,0,0,0,0,,False,,Horror,,
1341751,,Unleashed,Unleashed,en,,,1997-01-01,/haF1O5t9hD1jht9roGiZMAxx2mu.jpg,0,0,0,0,0,0,,False,,Horror,,
1346464,,SVEN Ch. I,SVEN Ch. I,en,,,2008-01-01,/pOj1mcfI07xWxDkNg6URduqTcQ0.jpg,0,0,0,0,0,0,,False,,Horror,,
1346487,,Paranormal Activity: The Mark of the Coven,Paranormal Activity: The Mark of the Coven,en,,,2022-01-01,/sY9FpX87z7zowCiP39FSgw2M8ve.jpg,0,0,0,0,0,0,,False,,Horror,,
1346554,,SVEN Ch II,SVEN Ch II,en,,,2008-01-01,/uy4inzIW0Yxznz8IZKp9FuoZLLl.jpg,0,0,0,0,0,0,,False,,Horror,,
1352454,,Hooknasty,Hooknasty,en,,,2011-01-01,/mpWbifrNQnIAQpkCvN3IG0SV9O9.jpg,0,0,0,0,0,0,,False,,Horror,,
1352496,,"Sorry, Right Number","Sorry, Right Number",en,,,2005-01-01,/1mqInfgxCVrJM3KW5XZecArTC5V.jpg,0,0,0,0,0,0,,False,,Horror,,
1353083,,Black Carrion,Black Carrion,en,,,1984-01-01,/4zo9N5qvZpDX8M73fdpIlTrjbCV.jpg,0,0,0,0,0,0,,False,,Horror,,
1353216,,The Shadows of Summer,The Shadows of Summer,en,,,1984-01-01,/dxxLeRctKQVqpau8Evg605kqHvj.jpg,0,0,0,0,0,0,,False,,Horror,,
1353422,,Hanging at Picnic Rock,Hanging at Picnic Rock,en,,,2009-01-01,/b3GsP1vHXLG5GSrKHXhRvFGGuQ.jpg,0,0,0,0,0,0,,False,,Horror,,
1353430,,Making a Death Mask,Making a Death Mask,en,,,1999-01-01,/b7sm2ncMYqwA4S7AENa5lTa0TZJ.jpg,0,0,0,0,0,0,,False,,Horror,,
1353449,,Zombie Bride Bloodbath,Zombie Bride Bloodbath,en,,,2000-01-01,/pBUmWHbiLTgrGkk9iqWhhj5ztsP.jpg,0,0,0,0,0,0,,False,,Horror,,
1353556,,Forever Nothing More,Forever Nothing More,en,,,2022-01-01,/eCxnsVZhca7XuesdCVUxsqlLDdu.jpg,0,0,0,0,0,0,,False,,Horror,,
1353823,,The Neighbor,The Neighbor,en,,,2022-01-01,/8AvG1LJ2DGH5eogm7pQkff8Hl3n.jpg,0,0,0,0,0,0,,False,,Horror,,
1354633,,We Have Evil Dead at Home,We Have Evil Dead at Home,en,,,2022-01-01,/qX5Kk1097Agx0Dus9UDvMcrZHGc.jpg,0,0,0,0,0,0,,False,,Horror,,
1354756,,Max Headroom Pirating Incident,Max Headroom Pirating Incident,en,,,1987-01-01,/yJ6jxAJw0YMznanqwzL3CMNUjdl.jpg,0,0,0,0,0,0,,False,,Horror,,
1354761,,This Old Man,This Old Man,en,,,1975-01-01,/sjhzcduWrSFg0rNibbKQVrtHD6O.jpg,0,0,0,0,0,0,,False,,Horror,,
1354783,,Necrosluts,Necrosluts,en,,,2001-01-01,/36BMziA94hOsEgL21phHgMtlRrq.jpg,0,0,0,0,0,0,,False,,Horror,,
1354791,,Evil Tales 3: The Final Chapter,Evil Tales 3: The Final Chapter,en,,,2003-01-01,/yDberivtQgGAVsnq5SKNZvDVSpG.jpg,0,0,0,0,0,0,,False,,Horror,,
1354805,,Mental Distortion,Mental Distortion,en,,,2007-01-01,/isulppE2OwgAvoxMMXB6Soku5fh.jpg,0,0,0,0,0,0,,False,,Horror,,
1355159,,DV5: Cord Cutter Hell,DV5: Cord Cutter Hell,en,,,2021-01-01,/d3fTlip8tf7OZle3NRDlXizvSWP.jpg,0,0,0,0,0,0,,False,,Horror,,
1356264,,College Town Massacre,College Town Massacre,en,,,2016-01-01,/2hxsojHLJBlFWTDMHmJajOTGINp.jpg,0,0,0,0,0,0,,False,,Horror,,
1356290,,Beyond The Dream Barrier,Beyond The Dream Barrier,en,,,2021-01-01,/erkJOgWRIp8NzOi5kKbGwlzOiGJ.jpg,0,0,0,0,0,0,,False,,Horror,,
1356302,,The Late Nancy Irving,The Late Nancy Irving,en,,,1984-01-01,/lYEUN0hkphsIX3ffQv1tSkNDdVy.jpg,0,0,0,0,0,0,,False,,Horror,,
1356347,,Pontianak,Pontianak,en,,,2018-01-01,/zHzJ2mYfrojD7IkwZubkjggCcoy.jpg,0,0,0,0,0,0,,False,,Horror,,
1356353,,Killuminati,Killuminati,en,,,2018-01-01,/9K821PuGdCY3aBQweaVXsRQSLnd.jpg,0,0,0,0,0,0,,False,,Horror,,
1356356,,Cluster,Cluster,en,,,2012-01-01,/hJLZF5GP5zVmUvo9TOXtZlxOrFt.jpg,0,0,0,0,0,0,,False,,Horror,,
1356360,,Upside Down Polaroid,Upside Down Polaroid,en,,,2018-01-01,/CnDRprSy28X46biPcMWihCYGYY.jpg,0,0,0,0,0,0,,False,,Horror,,
1356581,,What Happened to Candice,What Happened to Candice,en,,,2019-01-01,/j6PEm7NutM28Wan7O4IxOqDym42.jpg,0,0,0,0,0,0,,False,,Horror,,
1356643,,Fly,Fly,en,,,2021-01-01,/xr8T46tO50TmHZht4faW3u5TVOD.jpg,0,0,0,0,0,0,,False,,Horror,,
1356666,,Royal,Royal,en,,,2018-01-01,/dWNhcDLkh8eoUxsIiJ4UzrCycdV.jpg,0,0,0,0,0,0,,False,,Horror,,
1356676,,Floyd the Barber,Floyd the Barber,en,,,2021-01-01,/yKFrGsWXbT92HtKqoE6MufWFHAf.jpg,0,0,0,0,0,0,,False,,Horror,,
1356684,,Herbie,Herbie,en,,,2019-01-01,/cdfq2p0PXRDG8aM9nzSdo0z6MXw.jpg,0,0,0,0,0,0,,False,,Horror,,
1356690,,Grave Tales of the True Vampire,Grave Tales of the True Vampire,en,,,2017-01-01,/yEve7y8OccOPJ2P4sxvFuiZ7JJT.jpg,0,0,0,0,0,0,,False,,Horror,,
1356705,,MiLK,MiLK,en,,,2018-01-01,/m1gzZvDOqMOqx4F3z7e0M9UTqNM.jpg,0,0,0,0,0,0,,False,,Horror,,
1356745,,Radge Land,Radge Land,en,,,2018-01-01,/jsGvOeSbMKlPFgVtNEbT0LHEZXf.jpg,0,0,0,0,0,0,,False,,Horror,,
1356807,,Four Rats for a Cat's Claw,Four Rats for a Cat's Claw,en,,,2020-01-01,/1UrE2GzGJnvfnbabO1D6W5rheru.jpg,0,0,0,0,0,0,,False,,Horror,,
1357190,,The Thing in the Basement,The Thing in the Basement,en,,,1975-01-01,/vYiXmFCI4aDOPZXWbRtt1ZzP4yb.jpg,0,0,0,0,0,0,,False,,Horror,,
1357246,,The Esseker File,The Esseker File,en,,,2009-01-01,/fDFa9rEaeNI2YeoMNJUd5LShyTS.jpg,0,0,0,0,0,0,,False,,Horror,,
1357693,,Grimmwood,Grimmwood,en,,,2018-01-01,/1kT10eVOigmhtfH2DL5l3hivO2g.jpg,0,0,0,0,0,0,,False,,Horror,,
1357769,,Hell's Belles,Hell's Belles,en,,,2012-01-01,/ydfdvyfclErfJV1s9l9Awb3mlEs.jpg,0,0,0,0,0,0,,False,,Horror,,
1357782,,Becoming Giovanni,Becoming Giovanni,en,,,2022-01-01,/w5cd5cHMxW7ReyH7B27wQr7Oduh.jpg,0,0,0,0,0,0,,False,,Horror,,
1358173,,Souloma,Souloma,en,,,2022-01-01,/rAJQzwsXU7GCC6NddgbTVq6KgF6.jpg,0,0,0,0,0,0,,False,,Horror,,
1358437,,How to Love Your Demon,How to Love Your Demon,en,,,2016-01-01,/bnqKWylLlx6E4Tu4VJez7gwFrTW.jpg,0,0,0,0,0,0,,False,,Horror,,
1359117,,Czech Mate,Czech Mate,en,,,1984-01-01,/vO7HbL0CNbdFrMlSzq6dl0o6fuD.jpg,0,0,0,0,0,0,,False,,Horror,,
1359340,,The Sweet Scent of Death,The Sweet Scent of Death,en,,,1984-01-01,/9cCJZQcp4UiRGViNryr9MmS9ECt.jpg,0,0,0,0,0,0,,False,,Horror,,
1359350,,And the Wall Came Tumbling Down,And the Wall Came Tumbling Down,en,,,1984-01-01,/glczGIaN0MWYToXGxOake6ClQf3.jpg,0,0,0,0,0,0,,False,,Horror,,
1359373,,7 Minutes In Heaven,7 Minutes In Heaven,en,,,2011-01-01,/rqSYSKFJ6YDg9LEUnrfccaho0nN.jpg,0,0,0,0,0,0,,False,,Horror,,
1359376,,Tennis Court,Tennis Court,en,,,1984-01-01,/u7TuD8T7c4TPNzNLwDvCfHRlO2Z.jpg,0,0,0,0,0,0,,False,,Horror,,
1361057,,La metamorfosis,La metamorfosis,en,,,1964-01-01,/kFZCVluwmR7MlpOf63oHDpfRW2k.jpg,0,0,0,0,0,0,,False,,Horror,,
1362266,,Phantom Miscarriage,Phantom Miscarriage,en,,,1999-01-01,/DCs1VgZCgyBGKeyigDDOzsYlZO.jpg,0,0,0,0,0,0,,False,,Horror,,
1362270,,Return of the Monster,Return of the Monster,en,,,2002-01-01,/e7K4qHeP1e70sjYP6lsDqVBAdwo.jpg,0,0,0,0,0,0,,False,,Horror,,
1362947,,The Black Nun,The Black Nun,en,,,2022-01-01,/uMWC6UluhnkwdvbvnOgwcbbk60.jpg,0,0,0,0,0,0,,False,,Horror,,
1362981,,Milla: The Movie,Milla: The Movie,en,,,2020-01-01,/tQavMFKMIeseCqY6bO59MD2TrAR.jpg,0,0,0,0,0,0,,False,,Horror,,
1363020,,The Last Tenant,The Last Tenant,en,,,2008-01-01,/nSCQ3IfMeseGUGrci1Qnfn2ADrZ.jpg,0,0,0,0,0,0,,False,,Horror,,
1363021,,Throwaway,Throwaway,en,,,2008-01-01,/w7PJVex9odkZ5scC7UtPlmV5MHY.jpg,0,0,0,0,0,0,,False,,Horror,,
1363037,,Thing in the Dark,Thing in the Dark,en,,,2016-01-01,/fO59I7th6juAb6fl4PJFMTLfXqP.jpg,0,0,0,0,0,0,,False,,Horror,,
1364184,,Torment,Torment,en,,,2018-01-01,/66uureRcW5WNVucvmLGpRrzZDdQ.jpg,0,0,0,0,0,0,,False,,Horror,,
1364300,,A Cenoura Iluminada,A Cenoura Iluminada,en,,,2018-01-01,/7bTcLds5ybEHLY66MQHrw1ij2OR.jpg,0,0,0,0,0,0,,False,,Horror,,
1364671,,Bug,Bug,en,,,2020-01-01,/lXsIld7xW2BPl5gxL1dwDEEQRbS.jpg,0,0,0,0,0,0,,False,,Horror,,
1364756,,The Telephone,The Telephone,en,,,2017-01-01,/hS8b5kN75Nz4kQC4fh2YjOavwT4.jpg,0,0,0,0,0,0,,False,,Horror,,
1364829,,El Chévere,El Chévere,en,,,2016-01-01,/5gKQm2AUpJkC5MfW0mdWmYpGMRa.jpg,0,0,0,0,0,0,,False,,Horror,,
1365521,,Hammy,Hammy,en,,,2019-01-01,/xjHYQqlHJYSAaBBBqZYuaACparu.jpg,0,0,0,0,0,0,,False,,Horror,,
1365584,,The Man in the Black Suit,The Man in the Black Suit,en,,,2014-01-01,/9g3xQA7VkSnBJQpcFSvjuKt6FGf.jpg,0,0,0,0,0,0,,False,,Horror,,
1365603,,Copycat,Copycat,en,,,2019-01-01,/dX2qJTzFscSqxwEt1hqckyiYY6g.jpg,0,0,0,0,0,0,,False,,Horror,,
1365699,,the Z day,the Z day,en,,,2013-01-01,/53DGhfkNBAILaTxj4AfpfudhjKT.jpg,0,0,0,0,0,0,,False,,Horror,,
1365725,,Tony and the Tree,Tony and the Tree,en,,,2022-01-01,/43k1mZQlRgeYVmaFjXs64rzR0ir.jpg,0,0,0,0,0,0,,False,,Horror,,
1365740,,Desolation,Desolation,en,,,2022-01-01,/opsXNDeWuyrfjSdgBCLNwweqos7.jpg,0,0,0,0,0,0,,False,,Horror,,
1365799,,The Toaster,The Toaster,en,,,2021-01-01,/s8j5wuqbHNoAbXV64U0h73mU8oE.jpg,0,0,0,0,0,0,,False,,Horror,,
1365835,,A Nightmare on Elm Street 3: The Fan Film Recreation,A Nightmare on Elm Street 3: The Fan Film Recreation,en,,,1989-01-01,/3WhbdXan0tVmqzSNoFK2LlgRUek.jpg,0,0,0,0,0,0,,False,,Horror,,
1365840,,The Paranormal,The Paranormal,en,,,1998-01-01,/uRrVfQJTjDgf97ThLtSUQfSb7B3.jpg,0,0,0,0,0,0,,False,,Horror,,
1365843,,Tales of the Damned,Tales of the Damned,en,,,1998-01-01,/wNKZe3pTelTfWMePT4ZMB28ljI1.jpg,0,0,0,0,0,0,,False,,Horror,,
1365876,,Angel Boy,Angel Boy,en,,,2014-01-01,/1okLkEokfk9GHyDj7sJsbYuJxY4.jpg,0,0,0,0,0,0,,False,,Horror,,
1366178,,Werewolf vs. Dracula,Werewolf vs. Dracula,en,,,1992-01-01,/1T2JK8CE7KLefVknxSXj0a9WtvK.jpg,0,0,0,0,0,0,,False,,Horror,,
1366237,,BRIAN,BRIAN,en,,,2019-01-01,/9V9UH4oDMNFzXmW4MLr3Rsi5ZAi.jpg,0,0,0,0,0,0,,False,,Horror,,
1366335,,YOU DO NOT RECOGNIZE THE BODIES IN THE WATER,YOU DO NOT RECOGNIZE THE BODIES IN THE WATER,en,,,2021-01-01,/4AV651LWGGuMshXxmaGtrbNeiGz.jpg,0,0,0,0,0,0,,False,,Horror,,
1366342,,The Scream,The Scream,en,,,2022-01-01,/xtKvFGBcZeDlkPzr00u0GIXlidR.jpg,0,0,0,0,0,0,,False,,Horror,,
1366344,,Amethyst,Amethyst,en,,,2019-01-01,/aheeglQbMJwRU4KeAv0UbSyXUuK.jpg,0,0,0,0,0,0,,False,,Horror,,
1366345,,One Call Away,One Call Away,en,,,2021-01-01,/bQkA6AZMihvZsqaR8Cj0vhZywUF.jpg,0,0,0,0,0,0,,False,,Horror,,
1366459,,Filium,Filium,en,,,2020-01-01,/6UtBqaSIPJ4QiGp5y2i2RX5fhUu.jpg,0,0,0,0,0,0,,False,,Horror,,
1366746,,Scarecrow,Scarecrow,en,,,2020-01-01,/5iTZdrScXCxywG1HwqujRggwOXW.jpg,0,0,0,0,0,0,,False,,Horror,,
1366748,,Boinks and The Geezer,Boinks and The Geezer,en,,,2022-01-01,/yzzstqgL4LI7l2NyNUPS4l3afJw.jpg,0,0,0,0,0,0,,False,,Horror,,
1366860,,Making of Predator Island,Making of Predator Island,en,,,2005-01-01,/2PNXhTy5uYt9vGwyPlyCUxfn5Lu.jpg,0,0,0,0,0,0,,False,,Horror,,
1366912,,Ramekins: Ramekin II,Ramekins: Ramekin II,en,,,2021-01-01,/9ADmAheOPdXkDMaFGmgpavcAK9Y.jpg,0,0,0,0,0,0,,False,,Horror,,
1367277,,Alien IV?,Alien IV?,en,,,1994-01-01,/1TkOYdGc6opC6w3yJgW923krxso.jpg,0,0,0,0,0,0,,False,,Horror,,
1367556,,Bad Bunny,Bad Bunny,en,,,2022-01-01,/iOfG7cLIpiBRDOzkvwYLZHbEgcy.jpg,0,0,0,0,0,0,,False,,Horror,,
1367617,,Night Book,Night Book,en,,,2021-01-01,/hSfFlBntUnJcEo8MaSIIolEUgod.jpg,0,0,0,0,0,0,,False,,Horror,,
1367765,,MAD,MAD,en,,,2019-01-01,/saw6v2eZvzL6czES7MeF9n8YKjg.jpg,0,0,0,0,0,0,,False,,Horror,,
1367898,,Get the Hell Out,Get the Hell Out,en,,,2016-01-01,/hDuBAkkkDVfhou2TDVvnWCuKEev.jpg,0,0,0,0,0,0,,False,,Horror,,
1368089,,Unlocking Rose Red: The Diary of Ellen Rimbauer,Unlocking Rose Red: The Diary of Ellen Rimbauer,en,,,2002-01-01,/4ob9XDtA0xrR79ua0F7UeVDCxMY.jpg,0,0,0,0,0,0,,False,,Horror,,
1368279,,Somnum,Somnum,en,,,2022-01-01,/qEWOYC88s2SBo8ttfia8MhTA9E5.jpg,0,0,0,0,0,0,,False,,Horror,,
1368569,,Creepy Mouse,Creepy Mouse,en,,,2020-01-01,/rcUwNTfqQtU8WzpTbqg4qoFxUll.jpg,0,0,0,0,0,0,,False,,Horror,,
1368769,,Honeymoon,Honeymoon,en,,,1997-01-01,/qpRGqIXbktKgJ4c67KHOqcSkWJL.jpg,0,0,0,0,0,0,,False,,Horror,,
1368953,,Incident in a Glass Blower's Shop,Incident in a Glass Blower's Shop,en,,,1969-01-01,/790DVIZUOUNojWOoX0B8BGpmVLf.jpg,0,0,0,0,0,0,,False,,Horror,,
1368954,,Trauma,Trauma,en,,,2015-01-01,/8HI376B2M56ejfIWacI5PxeQUwe.jpg,0,0,0,0,0,0,,False,,Horror,,
1369051,,Far Beyond the Valley,Far Beyond the Valley,en,,,2022-01-01,/88mSBVSHwVD9oCo5U9QsZyqbQ8P.jpg,0,0,0,0,0,0,,False,,Horror,,
1369099,,Bowling for Blood,Bowling for Blood,en,,,1984-01-01,/ugXRaLKku7jHqBtDmtRcJEB2ptE.jpg,0,0,0,0,0,0,,False,,Horror,,
1369137,,R.L. Stine's The Haunting Hour: Really You,R.L. Stine's The Haunting Hour: Really You,en,,,2010-01-01,/taUqvi3ufjZobW6otDRccXL2OU8.jpg,0,0,0,0,0,0,,False,,Horror,,
1369472,,Cain Rose Up,Cain Rose Up,en,,,2010-01-01,/zwgbxZ1KpF8WOah6mEJJ36Xmw53.jpg,0,0,0,0,0,0,,False,,Horror,,
1369744,,KCAL Halloween Scream,KCAL Halloween Scream,en,,,1997-01-01,/c4Jbudu0PLUAppvBRqSeFm8RIwI.jpg,0,0,0,0,0,0,,False,,Horror,,
1369785,,Alluvion,Alluvion,en,,,2021-01-01,/wK5Q75ZrPvX9THCJW9pRVW1k2eI.jpg,0,0,0,0,0,0,,False,,Horror,,
1369816,,Annabelle: Communion,Annabelle: Communion,en,,,2017-01-01,/fqCnHLJGPOeTNIl4ijPjOKMSu3B.jpg,0,0,0,0,0,0,,False,,Horror,,
1369828,,Mother,Mother,en,,,2016-01-01,/u1AeT5lvfs9viCjgPBAmChhce70.jpg,0,0,0,0,0,0,,False,,Horror,,
1369942,,A Lighthouse,A Lighthouse,en,,,2022-01-01,/9rR5QpGnVsMb5h0EG9KvU5ipbM0.jpg,0,0,0,0,0,0,,False,,Horror,,
1370918,,Blood Dreams,Blood Dreams,en,,,1983-01-01,/8KAFCQ4fWnAF6yfODppD2QKHs3Y.jpg,0,0,0,0,0,0,,False,,Horror,,
1370944,,So Say The Dead,So Say The Dead,en,,,1984-01-01,/xonz8Uz31MIz80BbVysys803Tkp.jpg,0,0,0,0,0,0,,False,,Horror,,
1371010,,Return of the Killer Bikini Vampire Girls,Return of the Killer Bikini Vampire Girls,en,,,2005-01-01,/vHFlQeLyUpCg51FV0FbhopzfITq.jpg,0,0,0,0,0,0,,False,,Horror,,
1371158,,Downer,Downer,en,,,2017-01-01,/mHRWqE4f5waMVorMKnHTdR9X7x2.jpg,0,0,0,0,0,0,,False,,Horror,,
1371256,,The Vampire Within,The Vampire Within,en,,,2016-01-01,/W3kx2sAHwLekQe65S5tPWFdY0D.jpg,0,0,0,0,0,0,,False,,Horror,,
1371267,,Mime After Midnight,Mime After Midnight,en,,,2003-01-01,/dCjkt1oojW7uow152Qawq7W9che.jpg,0,0,0,0,0,0,,False,,Horror,,
1371327,,Panty Kill,Panty Kill,en,,,2008-01-01,/wr02oMeNIQfaAPJra3LKprnNb4l.jpg,0,0,0,0,0,0,,False,,Horror,,
1371328,,The Killer Krapper,The Killer Krapper,en,,,2000-01-01,/j3egMKgmSDOifwHLQDb5O8i1a3e.jpg,0,0,0,0,0,0,,False,,Horror,,
1371340,,The Screen,The Screen,en,,,2018-01-01,/eibhxnhYwwjXFScenbsYZGUybbp.jpg,0,0,0,0,0,0,,False,,Horror,,
1371643,,In My Dreams,In My Dreams,en,,,2019-01-01,/on12ckYyJZoF0jfdbq1eTtJolRw.jpg,0,0,0,0,0,0,,False,,Horror,,
1371646,,Have Sex and Die,Have Sex and Die,en,,,2011-01-01,/hiPuRpAY8IXvkOEJ8wIXLK5rb45.jpg,0,0,0,0,0,0,,False,,Horror,,
1371781,,Sally,Sally,en,,,2022-01-01,/xYIXf9jMVJKmHwLvTCy4vC4iASL.jpg,0,0,0,0,0,0,,False,,Horror,,
1371804,,The Call,The Call,en,,,2010-01-01,/hWQ2pn7KNZw9uekGmTTyrk6YSp2.jpg,0,0,0,0,0,0,,False,,Horror,,
1371815,,Dark Heart,Dark Heart,en,,,2009-01-01,/caONitG998HtoHWTNJ21jl2Wr4n.jpg,0,0,0,0,0,0,,False,,Horror,,
1371819,,At the Reefers of Madness,At the Reefers of Madness,en,,,2009-01-01,/jsMWCQURGMot8nIeo9I6loiAvKq.jpg,0,0,0,0,0,0,,False,,Horror,,
1371837,,MST3K Little Gold Statue Preview Special,MST3K Little Gold Statue Preview Special,en,,,1995-01-01,/yflOJjimpGmwbY6aHKm6uRFIAn4.jpg,0,0,0,0,0,0,,False,,Horror,,
1371948,,The Perfect Family,The Perfect Family,en,,,2016-01-01,/xXLpn2uxabKRlcRlrtmDnHwMX0.jpg,0,0,0,0,0,0,,False,,Horror,,
1372026,,Dark Zone Thirteen Part 2,Dark Zone Thirteen Part 2,en,,,2021-01-01,/zNcEqaAOGwYdnpRi91TKSwRS2bd.jpg,0,0,0,0,0,0,,False,,Horror,,
1372102,,The Hour of the Ox,The Hour of the Ox,en,,,1985-01-01,/jUbALmD68TsGClo3MQHPrd86eCo.jpg,0,0,0,0,0,0,,False,,Horror,,
1372292,,Voyeur,Voyeur,en,,,2022-01-01,/rdl0JYF9lL2v3NAGlwr3x5IxFtY.jpg,0,0,0,0,0,0,,False,,Horror,,
1372687,,Dracula's Sorority Sisters,Dracula's Sorority Sisters,en,,,2014-01-01,/dGlu7D5Kee8MnAwT2Hu11pAF8CS.jpg,0,0,0,0,0,0,,False,,Horror,,
1372853,,A Taste Of Flesh,A Taste Of Flesh,en,,,1981-01-01,/m1gb2KmoNwdTSvNHpcKCiyiVZGL.jpg,0,0,0,0,0,0,,False,,Horror,,
1373102,,The Birthmark,The Birthmark,en,,,1987-01-01,/eRMy8kZFvLAY9EndRfShyUPYzO4.jpg,0,0,0,0,0,0,,False,,Horror,,
1373173,,Cold Hands,Cold Hands,en,,,1991-01-01,/eUxDzC7VH4YICHRntExX7ZxZg41.jpg,0,0,0,0,0,0,,False,,Horror,,
1373377,,Night to Day,Night to Day,en,,,2022-01-01,/zYqN4fhy4cETxffJeO5tEbmfIgw.jpg,0,0,0,0,0,0,,False,,Horror,,
1373722,,The Abode of Mad Tales,The Abode of Mad Tales,en,,,2018-01-01,/1xVn6Nxm83qlhpYWNBl1ELxqwSE.jpg,0,0,0,0,0,0,,False,,Horror,,
1373780,,The Killing Silence,The Killing Silence,en,,,2013-01-01,/ybiRUuwq3lQjmVl5Zet1ZjHomxJ.jpg,0,0,0,0,0,0,,False,,Horror,,
1373849,,Toxic Mango,Toxic Mango,en,,,2007-01-01,/eSEHDndTsUCMyt4J4piBrWBUs5p.jpg,0,0,0,0,0,0,,False,,Horror,,
1373933,,Seaton’s Aunt,Seaton’s Aunt,en,,,1983-01-01,/jnTiJqRvCZM552KTJ1oPHwHoS5D.jpg,0,0,0,0,0,0,,False,,Horror,,
1374061,,The Morning After,The Morning After,en,,,2010-01-01,/jYD4J5Rc4XAPDI8uUKlsVfItzmn.jpg,0,0,0,0,0,0,,False,,Horror,,
1374127,,Gorgeous Vortex,Gorgeous Vortex,en,,,2015-01-01,/gRh5laaDlMjfzJdSkVQRyp8600s.jpg,0,0,0,0,0,0,,False,,Horror,,
1374386,,Beyond the North Woods,Beyond the North Woods,en,,,2022-01-01,/a9Mj98Ed7GArxWx9i1MCQrrAMHq.jpg,0,0,0,0,0,0,,False,,Horror,,
1374493,,The Giant Horny Toad Monster,The Giant Horny Toad Monster,en,,,2011-01-01,/3s4rFjxTKsTvoA2S61dFl7ck3h3.jpg,0,0,0,0,0,0,,False,,Horror,,
1374767,,28 Months After,28 Months After,en,,,2010-01-01,/h8rG7UKP1nv54rxb1Hk5t3cx6G3.jpg,0,0,0,0,0,0,,False,,Horror,,
1375163,,Numurkah,Numurkah,en,,,2009-01-01,/dNiaQKh4UJlCn2n1mtGARpbH4V2.jpg,0,0,0,0,0,0,,False,,Horror,,
1375224,,Dawn & The Dead,Dawn & The Dead,en,,,2013-01-01,/611NlajgEmB4qnCRNQ26ocAhDEu.jpg,0,0,0,0,0,0,,False,,Horror,,
1375226,,Spring Break at Zombie Lake,Spring Break at Zombie Lake,en,,,2018-01-01,/2e2pSinsao0txz2ILfEceLRGvwR.jpg,0,0,0,0,0,0,,False,,Horror,,
1375238,,Alvin and the Killmunks,Alvin and the Killmunks,en,,,2017-01-01,/feKBTb5JcEXpb4MzwbtwyoMMhou.jpg,0,0,0,0,0,0,,False,,Horror,,
1375458,,"Halloween, Except the Knife Is 50 Feet Long","Halloween, Except the Knife Is 50 Feet Long",en,,,2019-01-01,/7S5TZ42ezCpT7iGMspa4DwU7Whb.jpg,0,0,0,0,0,0,,False,,Horror,,
1375612,,The Accident,The Accident,en,,,2013-01-01,/m1sL15wA6p3WE1QcK3kYNtDnTaU.jpg,0,0,0,0,0,0,,False,,Horror,,
1375696,,The Bloody Chamber,The Bloody Chamber,en,,,1983-01-01,/1RkUjiobJz9PQcwhQKM6JRBUtuU.jpg,0,0,0,0,0,0,,False,,Horror,,
1375731,,The Deranged Daughter of Daphne Dickensen and the Leftovers from Hell,The Deranged Daughter of Daphne Dickensen and the Leftovers from Hell,en,,,1984-01-01,/3AeW8EAZ93INmVkVJvhfBEVHSPz.jpg,0,0,0,0,0,0,,False,,Horror,,
1375770,,Dawn and the Dead,Dawn and the Dead,en,,,2010-01-01,/iHQLOGa7XHKAJpPIQTi8AXphXkj.jpg,0,0,0,0,0,0,,False,,Horror,,
1375999,,Sardines,Sardines,en,,,2010-01-01,/twYPnKsFcQtf71I5U4XlZ8Mrw8j.jpg,0,0,0,0,0,0,,False,,Horror,,
1376363,,Abnormal Experience Document #1: Vegan Horror!,Abnormal Experience Document #1: Vegan Horror!,en,,,2021-01-01,/3z8vot5iogUPfQBjRQFh3RlRlZL.jpg,0,0,0,0,0,0,,False,,Horror,,
1376435,,Dark Dimensions,Dark Dimensions,en,,,2006-01-01,/zCxVbhL5RXx60mioriNQTsYR13t.jpg,0,0,0,0,0,0,,False,,Horror,,
1376445,,6ix,6ix,en,,,1999-01-01,/rOUxbGtbFJpz7AmDASLReSLqXNp.jpg,0,0,0,0,0,0,,False,,Horror,,
1376788,,Fur Fatale,Fur Fatale,en,,,2007-01-01,/rcuFIOKWGVwxDgTpYnpOvOPoD6a.jpg,0,0,0,0,0,0,,False,,Horror,,
1377573,,The Retreat,The Retreat,en,,,2018-01-01,/bFku1sfeGz6DLhobDw1mOWHx5nz.jpg,0,0,0,0,0,0,,False,,Horror,,
1378130,,The Inner Demon / The Inner Angel,The Inner Demon / The Inner Angel,en,,,2022-01-01,/qelN5JRPIDSDoCGbrgPICZwNTqR.jpg,0,0,0,0,0,0,,False,,Horror,,
1378428,,Living Dead Lock Up 2: March of the Dead,Living Dead Lock Up 2: March of the Dead,en,,,2007-01-01,/c4uvqtE3G5ore7E9r2cbcmbsOTk.jpg,0,0,0,0,0,0,,False,,Horror,,
1378531,,Memories of the Mothman,Memories of the Mothman,en,,,2014-01-01,/t4XgSAQYuTcPR98gbXbhjRJNQg7.jpg,0,0,0,0,0,0,,False,,Horror,,
1378781,,The Giant,The Giant,en,,,2012-01-01,/duRA2LRX6232ZRgWPQhMmVNzjJE.jpg,0,0,0,0,0,0,,False,,Horror,,
1378886,,30 Minutes or Less,30 Minutes or Less,en,,,2001-01-01,/siQsZfTH3JpnukiZc0aPb04Whs3.jpg,0,0,0,0,0,0,,False,,Horror,,
1379039,,Crimson Crusade,Crimson Crusade,en,,,2013-01-01,/5LK0IdEGUmqAcL5dejgGeunmIry.jpg,0,0,0,0,0,0,,False,,Horror,,
1379077,,"Attack of the Psychedelic Zombies, Man!","Attack of the Psychedelic Zombies, Man!",en,,,2015-01-01,/olCvGPSdOxOHyfp52pMjUUwtvOO.jpg,0,0,0,0,0,0,,False,,Horror,,
1379249,,Manifestation,Manifestation,en,,,2021-01-01,/uEWBlRZQ6ZK7XvVxJ1sSYxcTmhp.jpg,0,0,0,0,0,0,,False,,Horror,,
1379372,,Moving Out,Moving Out,en,,,2021-01-01,/9KqUuDOztKIqF8tcr8mm8lKOsbL.jpg,0,0,0,0,0,0,,False,,Horror,,
1379393,,Song for the Pale,Song for the Pale,en,,,2022-01-01,/bWqLRSp4yEPwjsJuY3S9GomL8n3.jpg,0,0,0,0,0,0,,False,,Horror,,
1379578,,Punch,Punch,en,,,2009-01-01,/6QN05jL59Qr71DimSSx3HX44KHl.jpg,0,0,0,0,0,0,,False,,Horror,,
1379606,,Symbolicus Vol. 1,Symbolicus Vol. 1,en,,,2021-01-01,/ccBcyAmLizfo3025ttuNQRrdzUt.jpg,0,0,0,0,0,0,,False,,Horror,,
1379608,,Ghost Hunting with Girls Aloud,Ghost Hunting with Girls Aloud,en,,,2006-01-01,/hqE7kq4ShbXjyMZX3IRXVMrhsUf.jpg,0,0,0,0,0,0,,False,,Horror,,
1379699,,Of Cat and Creature,Of Cat and Creature,en,,,2015-01-01,/8iHu3irx1KcxefTmcPGU1AFwu9Z.jpg,0,0,0,0,0,0,,False,,Horror,,
1379718,,Coming Attractions,Coming Attractions,en,,,2008-01-01,/82Dnb5naDkwh1oB9PHD066WiW0N.jpg,0,0,0,0,0,0,,False,,Horror,,
1379959,,Mind Afloat,Mind Afloat,en,,,2018-01-01,/oedOOl2WFz9X4jAMXlozqHJWUHb.jpg,0,0,0,0,0,0,,False,,Horror,,
1379961,,The Very Hungry Caterpillar,The Very Hungry Caterpillar,en,,,2019-01-01,/rbneb7Nx17OG98AREGzYEYl3iaa.jpg,0,0,0,0,0,0,,False,,Horror,,
1380210,,Rat Boy,Rat Boy,en,,,2020-01-01,/cHj1sYvS88O3urkjc5SnmXIGyMt.jpg,0,0,0,0,0,0,,False,,Horror,,
1380585,,Zombie Hands,Zombie Hands,en,,,2012-01-01,/eXGMAk4dpqlwGuSPAnYOyfusf0B.jpg,0,0,0,0,0,0,,False,,Horror,,
1381446,,Son of Pumpkinman,Son of Pumpkinman,en,,,1993-01-01,/mFV4QzdoW8k7WAeleLVIlkQrVig.jpg,0,0,0,0,0,0,,False,,Horror,,
1381878,,The Day of Reckoning,The Day of Reckoning,en,,,1990-01-01,/3HaIA51A0Cbkch1QYedq6SeeUy8.jpg,0,0,0,0,0,0,,False,,Horror,,
1381887,,The Disruption,The Disruption,en,,,2017-01-01,/2YZTeY2WHiXVVXH247mAvLICUWO.jpg,0,0,0,0,0,0,,False,,Horror,,
1382259,,Gray Matters,Gray Matters,en,,,2019-01-01,/najPEWlH70k4A7cIepntlfy5Wwc.jpg,0,0,0,0,0,0,,False,,Horror,,
1382272,,Kettlemans Forest,Kettlemans Forest,en,,,2013-01-01,/5iGE2BY1KvoQB9UxMoqpggF77fk.jpg,0,0,0,0,0,0,,False,,Horror,,
1382363,,Halo: The Mona Lisa,Halo: The Mona Lisa,en,,,2011-01-01,/67XxlKrBLqIOYruLWHf2lRz4u8a.jpg,0,0,0,0,0,0,,False,,Horror,,
1382798,,Evil's a Foot,Evil's a Foot,en,,,2021-01-01,/tkoz2NF4u7DAN0AmVdzrGOUVYIZ.jpg,0,0,0,0,0,0,,False,,Horror,,
1382912,,The Corpse Can't Play,The Corpse Can't Play,en,,,1968-01-01,/mh7ieI0Q8IGJ6iMbslHrVJIAxeI.jpg,0,0,0,0,0,0,,False,,Horror,,
1382946,,Anti-Wonderful,Anti-Wonderful,en,,,2022-01-01,/6RMvpmZ9fzT9EHzhYCbEz4Hmkk.jpg,0,0,0,0,0,0,,False,,Horror,,
1383100,,Does Dracula Really Suck?,Does Dracula Really Suck?,en,,,1969-01-01,/dLhiY5s34qH7Xk2lxbwLclVhSu5.jpg,0,0,0,0,0,0,,False,,Horror,,
1383259,,The Debutante Ball,The Debutante Ball,en,,,2022-01-01,/qGkRYqUt9uen4vJvOgC7ATkqdnl.jpg,0,0,0,0,0,0,,False,,Horror,,
1383612,,The Best of All Time Horror Classics,The Best of All Time Horror Classics,en,,,1985-01-01,/6ustSisjttgDJ2DqCuoe5ZNzplQ.jpg,0,0,0,0,0,0,,False,,Horror,,
1383632,,Grey Matter,Grey Matter,en,,,2016-01-01,/ivHE1qzP0DUXRGPz0gSIjBQlurG.jpg,0,0,0,0,0,0,,False,,Horror,,
1383676,,Springheel Jack,Springheel Jack,en,,,1997-01-01,/7CVseVMoGvSpuUNMfNTErkB4NuK.jpg,0,0,0,0,0,0,,False,,Horror,,
1383843,,The Flat,The Flat,en,,,2022-01-01,/7jXvXGQHN4xRWeZZQiMOhOhvoGB.jpg,0,0,0,0,0,0,,False,,Horror,,
1384133,,The Stalker,The Stalker,en,,,1997-01-01,/wv1nIzvKqNrIywHfFro9yZj3YIG.jpg,0,0,0,0,0,0,,False,,Horror,,
1384139,,Hitwoman,Hitwoman,en,,,1998-01-01,/lnF7VaBPA0EaMco9BS7JhUW0d9c.jpg,0,0,0,0,0,0,,False,,Horror,,
1384145,,Psycho Charlie Jr.,Psycho Charlie Jr.,en,,,1999-01-01,/2JMZxjxegb7VkJIMWcQ5VSGpQ23.jpg,0,0,0,0,0,0,,False,,Horror,,
1384614,,Wet and Wild 1,Wet and Wild 1,en,,,1993-01-01,/rRcrqBqhg7rgBUVtxAqf36Tbvtn.jpg,0,0,0,0,0,0,,False,,Horror,,
1384623,,Knight Beat,Knight Beat,en,,,1997-01-01,/iOrzHGgzP43EZTO7yp6abKHvrvj.jpg,0,0,0,0,0,0,,False,,Horror,,
1384653,,Wimp,Wimp,en,,,1994-01-01,/8yd7ERKD3K6tLLqCIz6001Orpk4.jpg,0,0,0,0,0,0,,False,,Horror,,
1384655,,Wimp Unleashed,Wimp Unleashed,en,,,1997-01-01,/yMJWm7bLwYHsWhq3uzdkNLMTVAL.jpg,0,0,0,0,0,0,,False,,Horror,,
1384798,,The Basket,The Basket,en,,,2008-01-01,/vWWdMNgdNJxot5QnZ4Vt3RhkgCh.jpg,0,0,0,0,0,0,,False,,Horror,,
1385322,,The Eyes in the Box,The Eyes in the Box,en,,,2022-01-01,/ab2PB4jhpitMOGZlxMk7vUV8d0R.jpg,0,0,0,0,0,0,,False,,Horror,,
1385663,,The Devil's Nightmare,The Devil's Nightmare,en,,,2013-01-01,/i4A4BWKz5qJXHXZWmJwe5jOCtl1.jpg,0,0,0,0,0,0,,False,,Horror,,
1385796,,attic,attic,en,,,2015-01-01,/qEDEBpLLc1KnJXEm6oyVMjqO3iV.jpg,0,0,0,0,0,0,,False,,Horror,,
1385803,,Kino of the Dead,Kino of the Dead,en,,,2018-01-01,/heX6hnWceiHFxAZkyf1z9T21Amx.jpg,0,0,0,0,0,0,,False,,Horror,,
1385818,,Fatal Fonts,Fatal Fonts,en,,,2021-01-01,/woVI3XGxHvb3NuafT5w401gLfoG.jpg,0,0,0,0,0,0,,False,,Horror,,
1385821,,Another Kino of the Dead,Another Kino of the Dead,en,,,2022-01-01,/p9Imuuf7hOBy8SiyD7TMsS7Hdq6.jpg,0,0,0,0,0,0,,False,,Horror,,
1385966,,Meat: An American Cannibal Film,Meat: An American Cannibal Film,en,,,2018-01-01,/uG6qmHu652OYkXE4RacUyVQ5ijp.jpg,0,0,0,0,0,0,,False,,Horror,,
1386507,,Pupil,Pupil,en,,,2019-01-01,/99fft4HsKKeVrQcBwzwol91aRZx.jpg,0,0,0,0,0,0,,False,,Horror,,
1386946,,Night of the Living Relatives,Night of the Living Relatives,en,,,2015-01-01,/5zdBErrClsBwYY8zi8bkOeZm2s5.jpg,0,0,0,0,0,0,,False,,Horror,,
1387023,,The Beast of Druids Hill,The Beast of Druids Hill,en,,,1971-01-01,/taKvzYc7CV7gQSOenvS6rcZgxz.jpg,0,0,0,0,0,0,,False,,Horror,,
1387581,,Ultrafuturo Manifest,Ultrafuturo Manifest,en,,,2008-01-01,/53ikU1JmiVcX1xTADAtTkFF6MWe.jpg,0,0,0,0,0,0,,False,,Horror,,
1387642,,Pumpkinman,Pumpkinman,en,,,1991-01-01,/mFV4QzdoW8k7WAeleLVIlkQrVig.jpg,0,0,0,0,0,0,,False,,Horror,,
1387762,,EMIKO,EMIKO,en,,,2018-01-01,/9oQADWRreIHVgPdXNMPPBYt8wMp.jpg,0,0,0,0,0,0,,False,,Horror,,
1387918,,The Least Among Us,The Least Among Us,en,,,2017-01-01,/f2WOH8hFTlxCXYCKUVZ6nkVnP4p.jpg,0,0,0,0,0,0,,False,,Horror,,
1387945,,The Lake,The Lake,en,,,2013-01-01,/3czBLL3n0eiHpg22oGjtPhs7mip.jpg,0,0,0,0,0,0,,False,,Horror,,
1387955,,Liability,Liability,en,,,2010-01-01,/kpHvCLwta6yoV4MmP1edTnOYqKP.jpg,0,0,0,0,0,0,,False,,Horror,,
1388046,,Sharks & Skin,Sharks & Skin,en,,,2017-01-01,/26c2wHm6BRAsdkISv7NG32UObh9.jpg,0,0,0,0,0,0,,False,,Horror,,
1388050,,Troma Entertainment's Horror Penises,Troma Entertainment's Horror Penises,en,,,2017-01-01,/ecwmIVTgAeIqaCqgESGyOYHfmdO.jpg,0,0,0,0,0,0,,False,,Horror,,
1388443,,The Lovecraft Syndrome,The Lovecraft Syndrome,en,,,2004-01-01,/z8W4ap9SGQhgbeSXseoPROwPVNf.jpg,0,0,0,0,0,0,,False,,Horror,,
1388513,,Crimes Against Pussycat,Crimes Against Pussycat,en,,,1989-01-01,/jze0qeJQmUNJrCrQ4n0Buu0ME2e.jpg,0,0,0,0,0,0,,False,,Horror,,
1388873,,Dark Cherry Twist,Dark Cherry Twist,en,,,2014-01-01,/n7JmbHX5wpUDe7ehS65GfblUgF2.jpg,0,0,0,0,0,0,,False,,Horror,,
1389032,,Phonebox,Phonebox,en,,,2016-01-01,/eaweD8hXyjHncC9r6yqDP2g9gbS.jpg,0,0,0,0,0,0,,False,,Horror,,
1389295,,Daisy,Daisy,en,,,2014-01-01,/5CwN1xG3KaU0aNarws1f1PkaaWy.jpg,0,0,0,0,0,0,,False,,Horror,,
1389525,,Rise from Your Grave,Rise from Your Grave,en,,,2008-01-01,/tSgZUKhltwEJkXHUnHvwJQyS69A.jpg,0,0,0,0,0,0,,False,,Horror,,
1389763,,Dark Shade Creek 4: Ten Years Later,Dark Shade Creek 4: Ten Years Later,en,,,2022-01-01,/bxA6BCI341uxWSmXVMfF3dwRCLs.jpg,0,0,0,0,0,0,,False,,Horror,,
1390237,,Dark Things,Dark Things,en,,,2015-01-01,/iMTy1wXIDUj7IO7oS6IcPdz1963.jpg,0,0,0,0,0,0,,False,,Horror,,
1390299,,Don't Look Up,Don't Look Up,en,,,2020-01-01,/w4zNRyWpbt2Jg0YstH8oLtYFUZL.jpg,0,0,0,0,0,0,,False,,Horror,,
1390555,,Jeremy Dyson's Haunted Recordings,Jeremy Dyson's Haunted Recordings,en,,,2012-01-01,/tYpJ7UptLBLZ9YRrKl6EBpUprUU.jpg,0,0,0,0,0,0,,False,,Horror,,
1390583,,The Hammer Trailer Collection,The Hammer Trailer Collection,en,,,1999-01-01,/6jfiiEdydym90sDnUQoKIlhvf5V.jpg,0,0,0,0,0,0,,False,,Horror,,
1390591,,Meet Cute,Meet Cute,en,,,2021-01-01,/9W62Xch7Z4olmYejY4hEbmxbZyw.jpg,0,0,0,0,0,0,,False,,Horror,,
1390975,,Pumpkinman 2,Pumpkinman 2,en,,,1992-01-01,/mFV4QzdoW8k7WAeleLVIlkQrVig.jpg,0,0,0,0,0,0,,False,,Horror,,
1390977,,Pumpkinman 4: Janet Vs. Pumpkinman,Pumpkinman 4: Janet Vs. Pumpkinman,en,,,1995-01-01,/mFV4QzdoW8k7WAeleLVIlkQrVig.jpg,0,0,0,0,0,0,,False,,Horror,,
1390980,,Night of the Pumpkinmen,Night of the Pumpkinmen,en,,,2004-01-01,/mFV4QzdoW8k7WAeleLVIlkQrVig.jpg,0,0,0,0,0,0,,False,,Horror,,
1390997,,Brayden's Adventures Nature Walk - Tackling Wainuiomata Hill,Brayden's Adventures Nature Walk - Tackling Wainuiomata Hill,en,,,2019-01-01,/vHkRqQP7CklWocrJZeAYYPFZQ9g.jpg,0,0,0,0,0,0,,False,,Horror,,
1391103,,A Hallowed Eve,A Hallowed Eve,en,,,2021-01-01,/GtHSL2a3YiwIUTqkUYb9VBZHkT.jpg,0,0,0,0,0,0,,False,,Horror,,
1391118,,Trauma,Trauma,en,,,2001-01-01,/dzv5AHG8SKV1yvqjWwz0w5I1zyK.jpg,0,0,0,0,0,0,,False,,Horror,,
1391275,,Elixir,Elixir,en,,,2022-01-01,/o0v8kn1eTjl98oMt3MXCKnN6NO2.jpg,0,0,0,0,0,0,,False,,Horror,,
1391355,,Paranoia,Paranoia,en,,,2022-01-01,/29yCXYpMhCpukC8o4dkBu13U6RA.jpg,0,0,0,0,0,0,,False,,Horror,,
1391456,,Divine Intervention,Divine Intervention,en,,,2022-01-01,/7QSh9cALVJC14aodI9pwmkW414O.jpg,0,0,0,0,0,0,,False,,Horror,,
1391478,,The Voice,The Voice,en,,,2022-01-01,/fdl6MuVNw60ziLE2q6jImbLC62Z.jpg,0,0,0,0,0,0,,False,,Horror,,
1391650,,Jack!,Jack!,en,,,2022-01-01,/frrc9RhD4JU1MQlSXzgxcyvSaAf.jpg,0,0,0,0,0,0,,False,,Horror,,
1391690,,Followers,Followers,en,,,2022-01-01,/i9WGXpeCqP7TqBFTwLpyYmJfTOl.jpg,0,0,0,0,0,0,,False,,Horror,,
1391780,,Fovos,Fovos,en,,,2014-01-01,/5rIpP5o59SWTTU3DvO2t8HNPS8r.jpg,0,0,0,0,0,0,,False,,Horror,,
1391841,,Golden Age,Golden Age,en,,,2017-01-01,/AnuWYmP8UFKGTCAJrkDOrNECrTQ.jpg,0,0,0,0,0,0,,False,,Horror,,
1391923,,Castle of Terrors,Castle of Terrors,en,,,1965-01-01,/7T7DfOArO0crms9XRFjI9R7HTRi.jpg,0,0,0,0,0,0,,False,,Horror,,
1391930,,Creatures of the Stars,Creatures of the Stars,en,,,1959-01-01,/f4Qhpphvzrs5xDht4VK6kXLEaTL.jpg,0,0,0,0,0,0,,False,,Horror,,
1391939,,Frankenstein...[a not so gory version],Frankenstein...[a not so gory version],en,,,1963-01-01,/mqti29LfSfDtNvO838Tz5g7QhSi.jpg,0,0,0,0,0,0,,False,,Horror,,
1392522,,Dracula's Bride of Horror,Dracula's Bride of Horror,en,,,2022-01-01,/7r0kypi6xppxpOmOS1s9NtebdPE.jpg,0,0,0,0,0,0,,False,,Horror,,
1392630,,Witchfinder 3,Witchfinder 3,en,,,2016-01-01,/aSG2e3rFGi2fCipYD5hAADKSP2e.jpg,0,0,0,0,0,0,,False,,Horror,,
1392690,,Fun Time,Fun Time,en,,,2015-01-01,/bTJtajc0Hbh3irbbdE9saSMHmMs.jpg,0,0,0,0,0,0,,False,,Horror,,
1393225,,Insomniac,Insomniac,en,,,2022-01-01,/1Ua4GCjEzg72JNJhmjA6w1AGUWg.jpg,0,0,0,0,0,0,,False,,Horror,,
1393344,,137.7,137.7,en,,,2022-01-01,/pve8Wznhz7r3H2uiqWHQlPch4uL.jpg,0,0,0,0,0,0,,False,,Horror,,
1393564,,Zombies of Oz: Tin,Zombies of Oz: Tin,en,,,2012-01-01,/bhQZc5YrSTVXiLEp2bett28MSUI.jpg,0,0,0,0,0,0,,False,,Horror,,
1393569,,Zombies of Oz: No Place Like Home,Zombies of Oz: No Place Like Home,en,,,2014-01-01,/cjB6hKOXO8ZyXRdwt9bDrZZaUQD.jpg,0,0,0,0,0,0,,False,,Horror,,
1393570,,Zombies of Oz: Yellow Brick Road,Zombies of Oz: Yellow Brick Road,en,,,2012-01-01,/pZhAlPyxgZw91Zgaygl7P097zLO.jpg,0,0,0,0,0,0,,False,,Horror,,
1393652,,I Know What You Did in English Class,I Know What You Did in English Class,en,,,2000-01-01,/4e5tHmEoyggcsVxMy1kL639Cpwe.jpg,0,0,0,0,0,0,,False,,Horror,,
1393798,,Dark Trepidation,Dark Trepidation,en,,,2018-01-01,/2keW8oIxtCKwKwavNLDod5UAplG.jpg,0,0,0,0,0,0,,False,,Horror,,
1394340,,Night of the Sea Monkey,Night of the Sea Monkey,en,,,2013-01-01,/ZsdKvLo12sWCzOONzVy1JBK02P.jpg,0,0,0,0,0,0,,False,,Horror,,
1394349,,Nightmare Fuel,Nightmare Fuel,en,,,2012-01-01,/kFRr2q2geQLgtUHDCZY2WSneAWV.jpg,0,0,0,0,0,0,,False,,Horror,,
1395032,,Guts and Glory,Guts and Glory,en,,,2017-01-01,/ahidpKEnH5mRztyYrPsSvdkeE3.jpg,0,0,0,0,0,0,,False,,Horror,,
1395041,,The Screen Behind the Mirror,The Screen Behind the Mirror,en,,,2009-01-01,/ha3Hw1VhNzsS1Kpmg1ePIv60fZv.jpg,0,0,0,0,0,0,,False,,Horror,,
1395245,,Gruesome,Gruesome,en,,,2007-01-01,/oTP9wq2OKG7l9vD4Sq6cRlcVE4o.jpg,0,0,0,0,0,0,,False,,Horror,,
1395464,,Suspicious Night,Suspicious Night,en,,,2022-01-01,/dz9n0Qg6q98xmXgQ2z8u3Dgxfjp.jpg,0,0,0,0,0,0,,False,,Horror,,
1395668,,Loons,Loons,en,,,2016-01-01,/ekyFkhySXhgYkrHEDm5X7gnXjXH.jpg,0,0,0,0,0,0,,False,,Horror,,
1395824,,Ghost Buddies: Special Edition,Ghost Buddies: Special Edition,en,,,2020-01-01,/vwzWsN0NTSg0UUOibyf1qh5Cecy.jpg,0,0,0,0,0,0,,False,,Horror,,
1395994,,Please Mama Don't Murder,Please Mama Don't Murder,en,,,2015-01-01,/4rFmgWjsIbPmi62BOrcmOOFuqlu.jpg,0,0,0,0,0,0,,False,,Horror,,
1396014,,Witchfinder: The Making of a Short Horror Filn,Witchfinder: The Making of a Short Horror Filn,en,,,2014-01-01,/95VGdT8pxNiIAyKwXv0qiKfcO9p.jpg,0,0,0,0,0,0,,False,,Horror,,
1396080,,The Fright Before Christmas,The Fright Before Christmas,en,,,2020-01-01,/jE66Z58ZUxAVRe4ABwycw74O4YF.jpg,0,0,0,0,0,0,,False,,Horror,,
1396101,,The Veil,The Veil,en,,,2021-01-01,/s21JVsCw7GH6zs9sYSJznIm02Xx.jpg,0,0,0,0,0,0,,False,,Horror,,
1396390,,Devoid,Devoid,en,,,2017-01-01,/cPOzzBz5dcJXUwiy2pjCWFkRxZa.jpg,0,0,0,0,0,0,,False,,Horror,,
1396682,,The Butcher of The World,The Butcher of The World,en,,,2020-01-01,/wj1xbaIHjDJ4RfjVOsJzt9hVe1H.jpg,0,0,0,0,0,0,,False,,Horror,,
1396873,,How to Survive a Zombie Attack,How to Survive a Zombie Attack,en,,,2006-01-01,/y6B3F2P795kIMGm7bXGMM7ANvPR.jpg,0,0,0,0,0,0,,False,,Horror,,
1396909,,Mother,Mother,en,,,2019-01-01,/eHSaupBkVuNeHcDVDX1QYcJcvSZ.jpg,0,0,0,0,0,0,,False,,Horror,,
1397111,,Quarantine,Quarantine,en,,,2020-01-01,/7HJrt07go69bzHdaX0CphxEKPWr.jpg,0,0,0,0,0,0,,False,,Horror,,
1397487,,On a Christmas Night,On a Christmas Night,en,,,2017-01-01,/98FkSRJvyhc3S3mdDGxfOQyVFz3.jpg,0,0,0,0,0,0,,False,,Horror,,
1397492,,Stocking Stuffer,Stocking Stuffer,en,,,2022-01-01,/uD3PjMYXZ8PJ02aguPneh03kCBt.jpg,0,0,0,0,0,0,,False,,Horror,,
1397498,,Jingle,Jingle,en,,,2017-01-01,/5jZwYpSg0FqBKNabljIX2NCRU0d.jpg,0,0,0,0,0,0,,False,,Horror,,
1397506,,Secret Santa,Secret Santa,en,,,2018-01-01,/2kV58BE0XF8JY1qC1ymiH20ccQz.jpg,0,0,0,0,0,0,,False,,Horror,,
1397989,,Blackwater Farm,Blackwater Farm,en,,,2011-01-01,/8hvL8PGuwRKmNx5Q9UyWSmEsDBn.jpg,0,0,0,0,0,0,,False,,Horror,,
1398037,,Blood Bath: Blood Wrestling Vol. I,Blood Bath: Blood Wrestling Vol. I,en,,,2007-01-01,/njhOqNXfaIHyrSS7daHoZDpXmCb.jpg,0,0,0,0,0,0,,False,,Horror,,
1398053,,Blood in the Dark,Blood in the Dark,en,,,2021-01-01,/iqpwb09APkzqHuJ3sIyDesfsqh3.jpg,0,0,0,0,0,0,,False,,Horror,,
1398067,,Blood in the Dark 2,Blood in the Dark 2,en,,,2022-01-01,/aYeaROF5Fme8EvyRixEuosQ4Rul.jpg,0,0,0,0,0,0,,False,,Horror,,
1398074,,Blood of the Witch,Blood of the Witch,en,,,2011-01-01,/pGXs7Ex5w1AoHVtEK08Fyy4JIpy.jpg,0,0,0,0,0,0,,False,,Horror,,
1398128,,A Xmas Tree,A Xmas Tree,en,,,2022-01-01,/gAPvHn9L4IREPhRxBQbLoBBubcu.jpg,0,0,0,0,0,0,,False,,Horror,,
1398285,,Deadly Tales II,Deadly Tales II,en,,,2016-01-01,/tczdPtpXbe3nq6C8orkUb5kWYF3.jpg,0,0,0,0,0,0,,False,,Horror,,
1398291,,Deadly Tales III,Deadly Tales III,en,,,2018-01-01,/bGbkRzjWqufqaiUcq4NlqPqTOIN.jpg,0,0,0,0,0,0,,False,,Horror,,
1398292,,Deadly Tales IV,Deadly Tales IV,en,,,2021-01-01,/5Z2h68XEgtjtgJ3P0NqqRFM80wJ.jpg,0,0,0,0,0,0,,False,,Horror,,
1398367,,THE PUMPKIN-MAN AWAKENS,THE PUMPKIN-MAN AWAKENS,en,,,2022-01-01,/jDLrNLnQuqFUQMUyGLVsw2ZiSoz.jpg,0,0,0,0,0,0,,False,,Horror,,
1398418,,Moving In,Moving In,en,,,2013-01-01,/hQZBh3XGr3lZIdLXRmc66wncOjm.jpg,0,0,0,0,0,0,,False,,Horror,,
1398669,,The Grisly Crimes of Dollman,The Grisly Crimes of Dollman,en,,,2021-01-01,/9JFLtu5iTKx2RLJ4662BqXNtN4V.jpg,0,0,0,0,0,0,,False,,Horror,,
1398778,,Gene,Gene,en,,,2018-01-01,/lu9OOCpciMd4FdiAA68B2A2kBMA.jpg,0,0,0,0,0,0,,False,,Horror,,
1398943,,The Mysterious Madame Zola,The Mysterious Madame Zola,en,,,2010-01-01,/faxTBOjz4HFF9UFwWFQ2TcsklMt.jpg,0,0,0,0,0,0,,False,,Horror,,
1399072,,Sweeney Todd: the Demon Barber of Fleet Street,Sweeney Todd: the Demon Barber of Fleet Street,en,,,2009-01-01,/88LDH9HxYYLGdV3HP3SNf2roIx4.jpg,0,0,0,0,0,0,,False,,Horror,,
1400719,,Tree/Gore,Tree/Gore,en,,,2006-01-01,/pt2oTP5vZecokPOnjr94iSUemP6.jpg,0,0,0,0,0,0,,False,,Horror,,
1400869,,The Christmas Horror Story,The Christmas Horror Story,en,,,2017-01-01,/iMAP5oOzqhArd1fo80kRjDGiaBz.jpg,0,0,0,0,0,0,,False,,Horror,,
1400879,,Lecherous,Lecherous,en,,,2019-01-01,/hrE5ZUha4Y9GZzdOHiFordVXNEh.jpg,0,0,0,0,0,0,,False,,Horror,,
1400927,,Baby Doll,Baby Doll,en,,,2019-01-01,/2sWYXWkpaONVOdzWJY0ypRWl8EF.jpg,0,0,0,0,0,0,,False,,Horror,,
1401194,,Hellbound Laments,Hellbound Laments,en,,,2020-01-01,/kev04FLD3aZh19Osjc9VkPMG1Hw.jpg,0,0,0,0,0,0,,False,,Horror,,
1401200,,Haunted,Haunted,en,,,2022-01-01,/hxXxSGF7wfD1wQmu9IwE6W2bbX6.jpg,0,0,0,0,0,0,,False,,Horror,,
1401415,,Moon River,Moon River,en,,,2022-01-01,/dRePdDlh4KwRB2RSxNehy3Nqvpw.jpg,0,0,0,0,0,0,,False,,Horror,,
1401453,,Stull,Stull,en,,,2009-01-01,/pjumc9hzPmMG7kpzwPlivT67Bh6.jpg,0,0,0,0,0,0,,False,,Horror,,
1401667,,Smoke & Mirrors,Smoke & Mirrors,en,,,2016-01-01,/AtABmButrfSfnx997l2BPgI066T.jpg,0,0,0,0,0,0,,False,,Horror,,
1401711,,Halloween Creep Tales,Halloween Creep Tales,en,,,2013-01-01,/sQJ2qdoRYxl5ShaPKkTR3DwHho4.jpg,0,0,0,0,0,0,,False,,Horror,,
1401722,,Porcelain,Porcelain,en,,,2012-01-01,/ivprC4rMQlORE2OH3RnAqBEXF5V.jpg,0,0,0,0,0,0,,False,,Horror,,
1401958,,is this ForReal?,is this ForReal?,en,,,2022-01-01,/1MN0fDwyOMpuxql6E18A5zg9dEf.jpg,0,0,0,0,0,0,,False,,Horror,,
1402192,,Peaceful Oblivion,Peaceful Oblivion,en,,,2014-01-01,/4wJ67sTNeFMgnwqiteENanrSWtw.jpg,0,0,0,0,0,0,,False,,Horror,,
1402213,,Phantoms Of The Fog,Phantoms Of The Fog,en,,,2018-01-01,/dp4f0ODEw9XQndleID7jlK36kYp.jpg,0,0,0,0,0,0,,False,,Horror,,
1402358,,The Hypnotic Spy,The Hypnotic Spy,en,,,1997-01-01,/atDvLjZfWy2FKsQhqDh84jX0g2N.jpg,0,0,0,0,0,0,,False,,Horror,,
1402783,,¡Alacrán!,¡Alacrán!,en,,,2021-01-01,/irBmR7EkX4oN4X3csujxxVstY0e.jpg,0,0,0,0,0,0,,False,,Horror,,
1402886,,The Severed Head Network,The Severed Head Network,en,,,2007-01-01,/qe5N2vti957Oc0Fkv2kgrA1ocNP.jpg,0,0,0,0,0,0,,False,,Horror,,
1402887,,The Devil Lives in Hot Springs,The Devil Lives in Hot Springs,en,,,2008-01-01,/nBwYJYClgcGB0MVvEfwly1fb9o8.jpg,0,0,0,0,0,0,,False,,Horror,,
1402949,,Red Christmas,Red Christmas,en,,,2016-01-01,/5M2K96zKa6P5ON1KmmWCrWxP2Tn.jpg,0,0,0,0,0,0,,False,,Horror,,
1403180,,Spilt Milk,Spilt Milk,en,,,2013-01-01,/y1uIs59LuWyutw6rja1Nu3qK5H0.jpg,0,0,0,0,0,0,,False,,Horror,,
1403447,,The Black Room,The Black Room,en,,,2013-01-01,/A4u9WAW17b3YrZj4MaMfmbBDVU8.jpg,0,0,0,0,0,0,,False,,Horror,,
1403450,,Cupcake,Cupcake,en,,,2014-01-01,/eaJYkpnXq50adWSELT4atrEkhqD.jpg,0,0,0,0,0,0,,False,,Horror,,
1403461,,Circus Sisters,Circus Sisters,en,,,2015-01-01,/3rvO85GpYQ7xRZTH9U8kRAFenL5.jpg,0,0,0,0,0,0,,False,,Horror,,
1403468,,Demon Metal Murder V: New Blood,Demon Metal Murder V: New Blood,en,,,2020-01-01,/jq7gKqlMYEhRwyzgeBeqChiOJc1.jpg,0,0,0,0,0,0,,False,,Horror,,
1403907,,Fear of Hue,Fear of Hue,en,,,2013-01-01,/1tIdhaXVQT1mCAh7NUrotBcesDs.jpg,0,0,0,0,0,0,,False,,Horror,,
1404715,,Peek-a-Boo... then I Strangle You!,Peek-a-Boo... then I Strangle You!,en,,,2001-01-01,/1Ihrn8Dm2yqFIwgUtkxsUaWMueq.jpg,0,0,0,0,0,0,,False,,Horror,,
1405130,,National Vampire,National Vampire,en,,,2006-01-01,/wri0lNmoVwf511EzdEG9aVWxLc6.jpg,0,0,0,0,0,0,,False,,Horror,,
1405714,,Curse of the Black Lagoon,Curse of the Black Lagoon,en,,,2018-01-01,/3tHkjlZp87YhzyN9S5kOUSKklYw.jpg,0,0,0,0,0,0,,False,,Horror,,
1405737,,Shock-X-Treme Vol 3: Gangs of Death,Shock-X-Treme Vol 3: Gangs of Death,en,,,2006-01-01,/2eIldK9AyVpt1GoAOAEvXj7nzmW.jpg,0,0,0,0,0,0,,False,,Horror,,
1405738,,Shock-X-Treme Vol 4: Real Fights,Shock-X-Treme Vol 4: Real Fights,en,,,2012-01-01,/4x8ChzX9Wcbuy22lvGt3QWyC63F.jpg,0,0,0,0,0,0,,False,,Horror,,
1405878,,Meathook Madness,Meathook Madness,en,,,1999-01-01,/a1yhgFP5cSdEWU9ATbufMtCOKdp.jpg,0,0,0,0,0,0,,False,,Horror,,
1405881,,Bloody Axe,Bloody Axe,en,,,1999-01-01,/lKQ5StH4a1ufIsRlAlKfRnMqwza.jpg,0,0,0,0,0,0,,False,,Horror,,
1406088,,Marvel Zombies: The Movie,Marvel Zombies: The Movie,en,,,2008-01-01,/vpVE2jeIJRTCCDqjnEugiMw4LOD.jpg,0,0,0,0,0,0,,False,,Horror,,
1406127,,Key,Key,en,,,2021-01-01,/gGt1hWxfaFPAFO9Hb7Zyj2rRJI6.jpg,0,0,0,0,0,0,,False,,Horror,,
1406137,,The Pencils,The Pencils,en,,,2022-01-01,/4x73l5zac3EoZOlfuHpP653vTt7.jpg,0,0,0,0,0,0,,False,,Horror,,
1406269,,Thawed,Thawed,en,,,2018-01-01,/b1Rbnh9JShHk0nnT4ZIZNQrrggk.jpg,0,0,0,0,0,0,,False,,Horror,,
1406434,,Gold Rush,Gold Rush,en,,,2021-01-01,/wTc5ItxONTSeB3stt8Hctdx7JfK.jpg,0,0,0,0,0,0,,False,,Horror,,
1406476,,Horror Of Laughter,Horror Of Laughter,en,,,1998-01-01,/6tVebJh07LdJ7QGRTCCGOdWgYmM.jpg,0,0,0,0,0,0,,False,,Horror,,
1406539,,"Alex, Vampire Slayer","Alex, Vampire Slayer",en,,,2005-01-01,/yFHkF3eeFZpJ8CCYxA8SmzytrYL.jpg,0,0,0,0,0,0,,False,,Horror,,
1406792,,The Case of Evil,The Case of Evil,en,,,2014-01-01,/3JaEE5brd6Blt10eotI96CC9nWQ.jpg,0,0,0,0,0,0,,False,,Horror,,
1406886,,Scary Girl,Scary Girl,en,,,2011-01-01,/nFcB6p8Bt09eugChpwlESlZ4g7C.jpg,0,0,0,0,0,0,,False,,Horror,,
1407496,,Come Outside 2022,Come Outside 2022,en,,,2022-01-01,/4VlcWB84cztjmNtaRppsU7rdmtX.jpg,0,0,0,0,0,0,,False,,Horror,,
1407574,,Cold Dead Hand,Cold Dead Hand,en,,,2013-01-01,/fiztnJ6OBf4ZrEtUfdKV7Rk3E8g.jpg,0,0,0,0,0,0,,False,,Horror,,
1407579,,Haunting Day,Haunting Day,en,,,2013-01-01,/zsweqtkM3IP6Ta1cRbrEb0ehZTw.jpg,0,0,0,0,0,0,,False,,Horror,,
1407589,,The Announcer,The Announcer,en,,,2014-01-01,/funaYh00REJ6gNf0HT9ZMZtMWqQ.jpg,0,0,0,0,0,0,,False,,Horror,,
1407858,,As Good As Dead,As Good As Dead,en,,,2009-01-01,/AuGI9cjhpHvPOiFCCbyh39mSY42.jpg,0,0,0,0,0,0,,False,,Horror,,
1407884,,Housewitch,Housewitch,en,,,2015-01-01,/bj8SvxJr9tUA5Ul6hlmi4qlqaiu.jpg,0,0,0,0,0,0,,False,,Horror,,
1407890,,The Nutcracker,The Nutcracker,en,,,2016-01-01,/cmZ2kiXP4FeVsWraPNAsi6tyrrQ.jpg,0,0,0,0,0,0,,False,,Horror,,
1408027,,Cyclops Killer,Cyclops Killer,en,,,1996-01-01,/yloH77OGHgtlp7KJz7FGYxS06cn.jpg,0,0,0,0,0,0,,False,,Horror,,
1408336,,RokSaw,RokSaw,en,,,2018-01-01,/nxKcamS7QjKCdKS2dgfWOiMWPq1.jpg,0,0,0,0,0,0,,False,,Horror,,
1408558,,PLAY,PLAY,en,,,2014-01-01,/zdRAWsUbUw16BUoMnCvuvsvbh6Y.jpg,0,0,0,0,0,0,,False,,Horror,,
1408815,,The Buffet is Open,The Buffet is Open,en,,,2013-01-01,/kMESotNRRtptXuci8fhMK3s87hU.jpg,0,0,0,0,0,0,,False,,Horror,,
1408843,,Paranorma There Is Always a Dark Side,Paranorma There Is Always a Dark Side,en,,,2011-01-01,/9fS6J1wFbEDLeUkSXIG4F2OGon1.jpg,0,0,0,0,0,0,,False,,Horror,,
1408844,,P-5,P-5,en,,,2016-01-01,/ovjqIF4OUCYl9Uuffc1oSxyFfYU.jpg,0,0,0,0,0,0,,False,,Horror,,
1408847,,The Purge Bahrain Edition,The Purge Bahrain Edition,en,,,2017-01-01,/cgdotbiPsKH3ynvqeRYuubx0vme.jpg,0,0,0,0,0,0,,False,,Horror,,
1408854,,It,It,en,,,1979-01-01,/dYgmwZ5sGZjZsSli9ckbbbciWxe.jpg,0,0,0,0,0,0,,False,,Horror,,
1408861,,Jason's Curse,Jason's Curse,en,,,1994-01-01,/hj2PNRCg7HbFjAhOLmxscniXc5r.jpg,0,0,0,0,0,0,,False,,Horror,,
1409041,,Blue Pig,Blue Pig,en,,,2019-01-01,/usp7n4dSwa1R9SymAIdan71xKWg.jpg,0,0,0,0,0,0,,False,,Horror,,
1409187,,The Note,The Note,en,,,2022-01-01,/6OkX5Yt4gPnPnyFxv6szi74k77r.jpg,0,0,0,0,0,0,,False,,Horror,,
1409942,,Halloween,Halloween,en,,,2019-01-01,/7dvtPHD320xVnLgYvumX36pWYGU.jpg,0,0,0,0,0,0,,False,,Horror,,
1410067,,Stella,Stella,en,,,2006-01-01,/gHf76s0UP8HyujsjIyoPgvAjK9K.jpg,0,0,0,0,0,0,,False,,Horror,,
1410622,,Blue on Pink,Blue on Pink,en,,,2016-01-01,/bUp72pvldXyuhRbur7toznR9VKw.jpg,0,0,0,0,0,0,,False,,Horror,,
1410879,,Climate Change,Climate Change,en,,,2022-01-01,/pOCzeTjoIJKmARfQ8q3P9IDV0z3.jpg,0,0,0,0,0,0,,False,,Horror,,
1411111,,The Fox Man,The Fox Man,en,,,2021-01-01,/w15f1V5bcdRKAlSBQ1KLX1NJoER.jpg,0,0,0,0,0,0,,False,,Horror,,
1411152,,The Hamleigh Disappearances,The Hamleigh Disappearances,en,,,2015-01-01,/4ni4T5McMw5dsxxIweYQpr3bnLt.jpg,0,0,0,0,0,0,,False,,Horror,,
1411165,,The Secret of Fowst,The Secret of Fowst,en,,,2015-01-01,/63rQFl7hPea1gIYVYyzycYPlsKq.jpg,0,0,0,0,0,0,,False,,Horror,,
1411588,,Fear Itself,Fear Itself,en,,,2017-01-01,/a4J2hRKwytoJLGWG9xyvRadkErt.jpg,0,0,0,0,0,0,,False,,Horror,,
1411606,,The Betrayal of Fowst,The Betrayal of Fowst,en,,,2018-01-01,/9mx2sd8mdbFX1XH2LJAzQmOZKPF.jpg,0,0,0,0,0,0,,False,,Horror,,
1411616,,Acolyte,Acolyte,en,,,2018-01-01,/8TxI17taKMRWCp8bZdxPQ1mC7MH.jpg,0,0,0,0,0,0,,False,,Horror,,
1411855,,Experiment in Death,Experiment in Death,en,,,1991-01-01,/bbjd4o74tOofeef8JRZn7KH5Cw4.jpg,0,0,0,0,0,0,,False,,Horror,,
1411929,,Dungeon of Darkness,Dungeon of Darkness,en,,,1997-01-01,/cPpGbtGZ5vhyLOLCidTjo5txHuv.jpg,0,0,0,0,0,0,,False,,Horror,,
1412002,,Detached,Detached,en,,,2019-01-01,/efhenw1s5jUdMiIXPcpergY0wm6.jpg,0,0,0,0,0,0,,False,,Horror,,
1412090,,Catch,Catch,en,,,2018-01-01,/5eTqDcS04SmBjthi5NjBkywnAxr.jpg,0,0,0,0,0,0,,False,,Horror,,
1412210,,Unknown Serial Killer,Unknown Serial Killer,en,,,2009-01-01,/sQdqPLDH6IN4LN9tnTrjoRhjhkk.jpg,0,0,0,0,0,0,,False,,Horror,,
1412405,,Ash vs. Marvel Zombies,Ash vs. Marvel Zombies,en,,,2013-01-01,/a5OrnmaxmtsYXCpPCb1AJ6Blbno.jpg,0,0,0,0,0,0,,False,,Horror,,
1412533,,Smile,Smile,en,,,2013-01-01,/dQ4wwJMkFxpdRhb8MUTqZKbu5Fe.jpg,0,0,0,0,0,0,,False,,Horror,,
1412547,,Something for Santa,Something for Santa,en,,,2002-01-01,/pZ1hmoiwJB5moU8cvTAzT9Wwgtp.jpg,0,0,0,0,0,0,,False,,Horror,,
1412603,,Get Out Alive,Get Out Alive,en,,,2012-01-01,/7lyFm1nHAqr0r6e7C1chVFHAW9L.jpg,0,0,0,0,0,0,,False,,Horror,,
1412610,,Squared,Squared,en,,,2017-01-01,/viG7EbGVG13bf7ND8MwnFinPcFJ.jpg,0,0,0,0,0,0,,False,,Horror,,
1413208,,Kleptomaniac at the Magic Shop,Kleptomaniac at the Magic Shop,en,,,2021-01-01,/sdMVt3qXP2yevlpEqdfk1kNHYcO.jpg,0,0,0,0,0,0,,False,,Horror,,
1413382,,The Music of Erich Zann,The Music of Erich Zann,en,,,2019-01-01,/hlh0Gj4jmi2wTown6XV9F2otP9x.jpg,0,0,0,0,0,0,,False,,Horror,,
1413493,,Noite Um,Noite Um,en,,,2012-01-01,/vmFGoDDWFFmzy0hBkyC5KlWtilx.jpg,0,0,0,0,0,0,,False,,Horror,,
1413504,,Murder Pool,Murder Pool,en,,,2020-01-01,/8uybkC9ZCQDyd8aHinwuMx9Nd3J.jpg,0,0,0,0,0,0,,False,,Horror,,
1413560,,Serial,Serial,en,,,2005-01-01,/3LPkftiticKmZB8TGVan6kSvmnl.jpg,0,0,0,0,0,0,,False,,Horror,,
1413726,,Silent Hill 4: The Room,Silent Hill 4: The Room,en,,,2004-01-01,/tWH3N5CpHBcAs0hZKT4q2Nh3FjR.jpg,0,0,0,0,0,0,,False,,Horror,,
1413793,,Cannabis Cannibals,Cannabis Cannibals,en,,,2017-01-01,/fOZFlgGSIxPDjB00VmqSw2S47vF.jpg,0,0,0,0,0,0,,False,,Horror,,
1414482,,Two Twisted Tales,Two Twisted Tales,en,,,2021-01-01,/bnOXfZzlsXoRJ8Nzhuqu4dLFSA9.jpg,0,0,0,0,0,0,,False,,Horror,,
1414671,,The Werewolf of Chatsford,The Werewolf of Chatsford,en,,,2018-01-01,/91Na1u5RkmzbxabM4AZkGTztvMl.jpg,0,0,0,0,0,0,,False,,Horror,,
1414677,,The Third Eye of Simon Harker,The Third Eye of Simon Harker,en,,,2018-01-01,/2tH5G2EQTz7lnMidYQ8jyEuXwVM.jpg,0,0,0,0,0,0,,False,,Horror,,
1414868,,The Lord of the Libraries: The Return of the Book,The Lord of the Libraries: The Return of the Book,en,,,2004-01-01,/ApfwNjdvYGBnTMUkTq9sgJkT4R1.jpg,0,0,0,0,0,0,,False,,Horror,,
1415396,,Station Zero,Station Zero,en,,,2012-01-01,/11nxU9hBKB7HYZgSGeVyEIguL8G.jpg,0,0,0,0,0,0,,False,,Horror,,
1415482,,The Spiritwalker,The Spiritwalker,en,,,2022-01-01,/nV6DLZaeWGiZGiC1nHxnuCvbpY8.jpg,0,0,0,0,0,0,,False,,Horror,,
1415595,,Hidden Valley Place,Hidden Valley Place,en,,,2022-01-01,/4xGgHYoVUQzNlJRt6zpqCn5J9Hi.jpg,0,0,0,0,0,0,,False,,Horror,,
1415645,,Paradox,Paradox,en,,,2003-01-01,/d5UFYmzCP9LzFIrgcDy0DExNMUG.jpg,0,0,0,0,0,0,,False,,Horror,,
1415648,,Staying In,Staying In,en,,,2003-01-01,/b9lPZDJZrxo95zTspVawOYKzmVr.jpg,0,0,0,0,0,0,,False,,Horror,,
1415745,,Crucible,Crucible,en,,,2013-01-01,/g9F90MLv847bUDRzNicUafbtMnb.jpg,0,0,0,0,0,0,,False,,Horror,,
1415752,,Hævn 3,Hævn 3,en,,,2018-01-01,/8oZJlpMeUYHb65C2vgFZ9dkyws6.jpg,0,0,0,0,0,0,,False,,Horror,,
1416042,,Heaven & Hell,Heaven & Hell,en,,,2007-01-01,/35YTllFVY0tgwlMiqJnDnUvU8dE.jpg,0,0,0,0,0,0,,False,,Horror,,
1416053,,Mothering Sunday,Mothering Sunday,en,,,2021-01-01,/z3WGSUZNUKEPkLlb3foHbn8rwiK.jpg,0,0,0,0,0,0,,False,,Horror,,
1416131,,Steps,Steps,en,,,2022-01-01,/asRQ7RzhcciVvv5gNOxPnbt65f1.jpg,0,0,0,0,0,0,,False,,Horror,,
1416328,,Legend of the Blue Hole,Legend of the Blue Hole,en,,,2004-01-01,/na1ggSOiGhyughjzKdswsCmj7dr.jpg,0,0,0,0,0,0,,False,,Horror,,
1416517,,Sleep Tight,Sleep Tight,en,,,2017-01-01,/2Bi4zvVQnkdCYqRyBK71SII0isp.jpg,0,0,0,0,0,0,,False,,Horror,,
1417120,,DEAD LINE,DEAD LINE,en,,,2022-01-01,/20CTjW7CvRUomejRuTTSyml1Un3.jpg,0,0,0,0,0,0,,False,,Horror,,
1417270,,M is for Magnetic Tape,M is for Magnetic Tape,en,,,2013-01-01,/12KlsBGJR68zVnleRsnihDUttv.jpg,0,0,0,0,0,0,,False,,Horror,,
1417478,,Janus,Janus,en,,,2022-01-01,/stOT5tXO05dzEkhhzB4ip0rHfxO.jpg,0,0,0,0,0,0,,False,,Horror,,
1417490,,Untitled Horror,Untitled Horror,en,,,2022-01-01,/byvfvpmz5oKNK0ZRD8x2mzWhtN1.jpg,0,0,0,0,0,0,,False,,Horror,,
1417634,,The Red Sultan,The Red Sultan,en,,,2022-01-01,/fUws4ySvUoCEs5sF71ZiodYdfPV.jpg,0,0,0,0,0,0,,False,,Horror,,
1417698,,The Impostor,The Impostor,en,,,2022-01-01,/fkch7XhDaU5IxgRAquFWqrmaxVk.jpg,0,0,0,0,0,0,,False,,Horror,,
1417712,,The Bikini Girl Killer,The Bikini Girl Killer,en,,,2010-01-01,/dLjpfLpFqHzKRXlXhmovnDnQv6B.jpg,0,0,0,0,0,0,,False,,Horror,,
1417714,,Scars of the Predator,Scars of the Predator,en,,,2017-01-01,/r8vGD2I2X0pDscAwWcZsarDNrXI.jpg,0,0,0,0,0,0,,False,,Horror,,
1417736,,Noose,Noose,en,,,2018-01-01,/xLo2vch361FNiYdAg1V8R9k6cxZ.jpg,0,0,0,0,0,0,,False,,Horror,,
1417904,,Wolfen Tickle,Wolfen Tickle,en,,,1995-01-01,/yAglS9siudUvje2ZNuHRYCfoPYt.jpg,0,0,0,0,0,0,,False,,Horror,,
1418047,,Present Day,Present Day,en,,,2010-01-01,/lYLzlCjCmFYoCoMSuvNuwf8vLwb.jpg,0,0,0,0,0,0,,False,,Horror,,
1418793,,Falta De Arrepentirse,Falta De Arrepentirse,en,,,2022-01-01,/iKizUwpvdJRrPOeBTTPB1uwdURy.jpg,0,0,0,0,0,0,,False,,Horror,,
1418864,,Paranoia,Paranoia,en,,,2022-01-01,/oFAdLB7hYsWtLFiTMus0WOCmCxL.jpg,0,0,0,0,0,0,,False,,Horror,,
1418978,,Birthday Bash,Birthday Bash,en,,,2019-01-01,/rZX0oHFzvrno75XBEuMCsjKfMnH.jpg,0,0,0,0,0,0,,False,,Horror,,
1419125,,Terror Vortex,Terror Vortex,en,,,2013-01-01,/jHO0p8ueCKhPITyvoZ6ssLy7mxD.jpg,0,0,0,0,0,0,,False,,Horror,,
1419142,,The Testament of Tom Jacoby,The Testament of Tom Jacoby,en,,,2002-01-01,/aGezCbYJVJwkYZJbbdqU9TmnPho.jpg,0,0,0,0,0,0,,False,,Horror,,
1419296,,The Farm,The Farm,en,,,2022-01-01,/qK1Wz7Nyx1nTVjEQeRMtCgDU21l.jpg,0,0,0,0,0,0,,False,,Horror,,
1419551,,The Thousand Steps,The Thousand Steps,en,,,2020-01-01,/9D0CfWRUgi1YRCy7DfSITY85UI8.jpg,0,0,0,0,0,0,,False,,Horror,,
1420048,,The Devil's Wedding,The Devil's Wedding,en,,,2005-01-01,/mwLjXfcZWx4RgKxB1t1ZEJc0uPW.jpg,0,0,0,0,0,0,,False,,Horror,,
1420331,,The Night,The Night,en,,,2020-01-01,/4GBMgNZONHkqayLUMvYs4Tg3zP.jpg,0,0,0,0,0,0,,False,,Horror,,
1420765,,Sonder: An Anthology of Loss,Sonder: An Anthology of Loss,en,,,2022-01-01,/rzod7ChZeTjZwYmh3XvVS2uFCUP.jpg,0,0,0,0,0,0,,False,,Horror,,
1421497,,Two and a Half Souls,Two and a Half Souls,en,,,2022-01-01,/cysJJb6kt5ggz9to1LRie3KjBh8.jpg,0,0,0,0,0,0,,False,,Horror,,
1421551,,Destruction,Destruction,en,,,1984-01-01,/lgAr4VyyoFtRQoSd8MCKEFsyWUx.jpg,0,0,0,0,0,0,,False,,Horror,,
1421865,,Devil Calling,Devil Calling,en,,,2018-01-01,/u6oUR7eat9bNlr49nXdKCHLAhZk.jpg,0,0,0,0,0,0,,False,,Horror,,
1422098,,The Mexorcist,The Mexorcist,en,,,2022-01-01,/3fPFkkRy9oTT29VBHWMtVz9BjAF.jpg,0,0,0,0,0,0,,False,,Horror,,
1422754,,The Malicious,The Malicious,en,,,2019-01-01,/iCTTZF9wwKuUHIA9ZkrBpXK13M2.jpg,0,0,0,0,0,0,,False,,Horror,,
1422848,,I'm Sorry Mommy,I'm Sorry Mommy,en,,,2017-01-01,/k1ZR9H0Prn1aHbpe2Jrrz10qYai.jpg,0,0,0,0,0,0,,False,,Horror,,
1422993,,Fear in the Forest,Fear in the Forest,en,,,1993-01-01,/iHuOJA4dPjOoPIEuTEWF8eAntco.jpg,0,0,0,0,0,0,,False,,Horror,,
1423103,,Carts,Carts,en,,,1987-01-01,/8aIAWYeBnGqXmvO1nmU36vf0KZR.jpg,0,0,0,0,0,0,,False,,Horror,,
1423107,,HE!,HE!,en,,,1988-01-01,/n1W6v1FGG4WTtVHUyfsofGDYw3.jpg,0,0,0,0,0,0,,False,,Horror,,
1423192,,The Cinema Snob Movie,The Cinema Snob Movie,en,,,2012-01-01,/bynQtlRSHVzLjjQPtWZEQDCcrE6.jpg,0,0,0,0,0,0,,False,,Horror,,
1423964,,Echoes,Echoes,en,,,2022-01-01,/qSMlMineaq7HuWwXWje6JxAHXUt.jpg,0,0,0,0,0,0,,False,,Horror,,
1424001,,Death Hike,Death Hike,en,,,2020-01-01,/tMuWsb8XvMUdIc567nMVT3pbXs9.jpg,0,0,0,0,0,0,,False,,Horror,,
1424059,,Thrill Deviates,Thrill Deviates,en,,,1966-01-01,/8Se3DvJbSIHiUgcSNb2Q2xFzhxK.jpg,0,0,0,0,0,0,,False,,Horror,,
1424618,,Meat Me,Meat Me,en,,,2022-01-01,/dTmtoaBsOuznbeMayeRiF6vL9Sl.jpg,0,0,0,0,0,0,,False,,Horror,,
1424881,,Knit Of The Dead,Knit Of The Dead,en,,,2021-01-01,/rSVkJcc09WB0eCuzYT3CSlBDCni.jpg,0,0,0,0,0,0,,False,,Horror,,
1425323,,Athanasia,Athanasia,en,,,2022-01-01,/xLGvR5DoWX1rhCKchD4klhGXdtC.jpg,0,0,0,0,0,0,,False,,Horror,,
1425728,,Angel of Death,Angel of Death,en,,,2014-01-01,/6BA7NxOeT2M1QLdiKjzf53JD6q7.jpg,0,0,0,0,0,0,,False,,Horror,,
1425734,,Angel of Decay,Angel of Decay,en,,,2018-01-01,/gTBjEulFd7BuC2jXNk0l04K5Hi9.jpg,0,0,0,0,0,0,,False,,Horror,,
1425891,,Run for Your Life,Run for Your Life,en,,,2018-01-01,/n6v3ME7qTCtaMLR6YmpPuvVOag5.jpg,0,0,0,0,0,0,,False,,Horror,,
1427153,,Ghost of the Night,Ghost of the Night,en,,,2018-01-01,/1rEKtKxtDlSANQra1zbkKw1cSKC.jpg,0,0,0,0,0,0,,False,,Horror,,
1427189,,City of Anti-Heroes,City of Anti-Heroes,en,,,2015-01-01,/gVUQEOCf7uZ9doz45WkGlitrLea.jpg,0,0,0,0,0,0,,False,,Horror,,
1427392,,Shadows in the Garden,Shadows in the Garden,en,,,2002-01-01,/nbUxC9IxKUerTeyA89lZAGXdvfr.jpg,0,0,0,0,0,0,,False,,Horror,,
1427458,,Deadly Revenge,Deadly Revenge,en,,,1982-01-01,/u54u5I561wapTaI9RED6rOSiwse.jpg,0,0,0,0,0,0,,False,,Horror,,
1427468,,Exorcist,Exorcist,en,,,1976-01-01,/4PSm83kOjLRNWcJFt5CGyhxCzrz.jpg,0,0,0,0,0,0,,False,,Horror,,
1427478,,Wolves of Darkness,Wolves of Darkness,en,,,1966-01-01,/gnVPnNR4G4e0WVymaxpuSJcZ9sv.jpg,0,0,0,0,0,0,,False,,Horror,,
1427504,,The Asylum,The Asylum,en,,,2004-01-01,/uanUu1NSLKzwmQWNlnDvqvTDuQf.jpg,0,0,0,0,0,0,,False,,Horror,,
1427515,,John Carpenter's Corpse,John Carpenter's Corpse,en,,,2015-01-01,/eauDCkNespj9jN33tBN5PXYSgMa.jpg,0,0,0,0,0,0,,False,,Horror,,
1427529,,Still Visible,Still Visible,en,,,2020-01-01,/5yCkNqb0gIeA5d8ZmdklDgNz3z.jpg,0,0,0,0,0,0,,False,,Horror,,
1427541,,Shanghai Faders,Shanghai Faders,en,,,2017-01-01,/jFTDXgOcfvukqVcKMIDJit1LrJT.jpg,0,0,0,0,0,0,,False,,Horror,,
1427755,,Vagrant,Vagrant,en,,,2021-01-01,/xqxTP934BNO30oz5NYp5VFGEUOp.jpg,0,0,0,0,0,0,,False,,Horror,,
1428428,,Thread,Thread,en,,,2021-01-01,/6fJvxv8H59BvJVkdiXwUu9x46ni.jpg,0,0,0,0,0,0,,False,,Horror,,
1428456,,Satan's Valentine,Satan's Valentine,en,,,2016-01-01,/e7H8iaATiRFLgK97UmLzu9GGhJb.jpg,0,0,0,0,0,0,,False,,Horror,,
1428469,,The Valentine Nightmare,The Valentine Nightmare,en,,,2007-01-01,/jfXns5FoVOSwhpyEj6dgPDaSJly.jpg,0,0,0,0,0,0,,False,,Horror,,
1428514,,Sound of Nothing,Sound of Nothing,en,,,2013-01-01,/mym9mumBZEXcpoiHZRlPPRUotr7.jpg,0,0,0,0,0,0,,False,,Horror,,
1428606,,Deadbangers,Deadbangers,en,,,1994-01-01,/cixGVJdKMCsVBPhPV0HmfTIKLs7.jpg,0,0,0,0,0,0,,False,,Horror,,
1428968,,Death Toilet 3: Doody Calls,Death Toilet 3: Doody Calls,en,,,2020-01-01,/bBX0pcMiZ4n84nnLW0OVsf8dEha.jpg,0,0,0,0,0,0,,False,,Horror,,
1429283,,Night of the Living Dead Live,Night of the Living Dead Live,en,,,2020-01-01,/a0gTo72Fnz9U4pGts242dQ5CbbX.jpg,0,0,0,0,0,0,,False,,Horror,,
1429429,,The Death of the Killer Papangu,The Death of the Killer Papangu,en,,,2014-01-01,/uuk1psg62gdsKSVzEaNy3dhAMSw.jpg,0,0,0,0,0,0,,False,,Horror,,
1429438,,Mr Sleep,Mr Sleep,en,,,2021-01-01,/hhKuZHst11bO6n1Wmv0xSn9cAHG.jpg,0,0,0,0,0,0,,False,,Horror,,
1429444,,Satanic Vampire Lovers,Satanic Vampire Lovers,en,,,1996-01-01,/uecD5U694GvglslxhPddGJprqpk.jpg,0,0,0,0,0,0,,False,,Horror,,
1429456,,Naked Nazi,Naked Nazi,en,,,2012-01-01,/mj4xmO3mprSxsQlaFC2FBmvPIh2.jpg,0,0,0,0,0,0,,False,,Horror,,
1429853,,Spectre,Spectre,en,,,2019-01-01,/5NPUq8URbej8DL0LyuuUAPmCyPJ.jpg,0,0,0,0,0,0,,False,,Horror,,
1429866,,The Beast Within,The Beast Within,en,,,2019-01-01,/5XhJEh0XpVfqIFFlEnynAnF1biH.jpg,0,0,0,0,0,0,,False,,Horror,,
1430892,,Bzzzzzzz,Bzzzzzzz,en,,,2005-01-01,/yYU4mVeTUgQkVR31etqCJzVZHzW.jpg,0,0,0,0,0,0,,False,,Horror,,
1431265,,Innsmouth Legacy,Innsmouth Legacy,en,,,2004-01-01,/uj8C1sndE2rbsemGfVttsYJq2MD.jpg,0,0,0,0,0,0,,False,,Horror,,
1431290,,Happy Halloween 2,Happy Halloween 2,en,,,1990-01-01,/mk82pp3p2endKbkp4JiHqnbiPVO.jpg,0,0,0,0,0,0,,False,,Horror,,
1431298,,"666, Kill Baby, Kill!","666, Kill Baby, Kill!",en,,,1995-01-01,/q7Ql0v0YTIOQnkAKN0Yel5QdfFl.jpg,0,0,0,0,0,0,,False,,Horror,,
1431406,,Deadspiel,Deadspiel,en,,,2008-01-01,/iwAytjIuepaAXOtGZqLX3VMKCn7.jpg,0,0,0,0,0,0,,False,,Horror,,
1431446,,Lost Love,Lost Love,en,,,1995-01-01,/fUqryeMhsbPyBptjoTl346yEUSo.jpg,0,0,0,0,0,0,,False,,Horror,,
1431471,,Irish Whisky,Irish Whisky,en,,,2003-01-01,/dCsG4Cjv6GxItMcZPAGTehnQXKD.jpg,0,0,0,0,0,0,,False,,Horror,,
1431539,,Zombie Girl In My Backyard,Zombie Girl In My Backyard,en,,,2012-01-01,/a1r1EcgFeZbj4KFLRy04clrAIPM.jpg,0,0,0,0,0,0,,False,,Horror,,
1431879,,The Silver Key,The Silver Key,en,,,2010-01-01,/etPNJOjAa4JDD1Acy7ypBnmU8Co.jpg,0,0,0,0,0,0,,False,,Horror,,
1432266,,Fortuna,Fortuna,en,,,2012-01-01,/rXyGvF5pHXXralehJ8Pb4PSLP2z.jpg,0,0,0,0,0,0,,False,,Horror,,
1432968,,The Fun Room,The Fun Room,en,,,2010-01-01,/dQmHabLvvLFrUFBZvNXHrzjw09o.jpg,0,0,0,0,0,0,,False,,Horror,,
1433354,,Murder Death Koreatown,Murder Death Koreatown,en,,,2020-01-01,/4grVbgu3DRUrHsmSkclZcQsAaAe.jpg,0,0,0,0,0,0,,False,,Horror,,
1433659,,Trauma,Trauma,en,,,2018-01-01,/5XbFLSQDfsOjwPN8RFF9daoJxHm.jpg,0,0,0,0,0,0,,False,,Horror,,
1433670,,I'm Not Crazy,I'm Not Crazy,en,,,1989-01-01,/mP11CNyY8HZGAJOIcoPBz5EmrM4.jpg,0,0,0,0,0,0,,False,,Horror,,
1433750,,Terror in Blood,Terror in Blood,en,,,1990-01-01,/e46ScsCHmEN3uYaCZBYor0crOE3.jpg,0,0,0,0,0,0,,False,,Horror,,
1433843,,Sodom-Akne,Sodom-Akne,en,,,1993-01-01,/11mVlreeHEX2qDO4v97JO1YAwSN.jpg,0,0,0,0,0,0,,False,,Horror,,
1433954,,The Refuge of the Accursed,The Refuge of the Accursed,en,,,1977-01-01,/d0ESPjs8XSpO4EQwq0BkSW0BDiF.jpg,0,0,0,0,0,0,,False,,Horror,,
1433963,,At the Height of Horror,At the Height of Horror,en,,,1978-01-01,/sKqmvoO3E60u9oShqMFdvMGlWXh.jpg,0,0,0,0,0,0,,False,,Horror,,
1433966,,The Vampire Strikes Back,The Vampire Strikes Back,en,,,1980-01-01,/37oKRCdvk2HAUhAa3YNTQTL1Ugf.jpg,0,0,0,0,0,0,,False,,Horror,,
1433967,,Blood on the Snow,Blood on the Snow,en,,,1981-01-01,/dQfAQqATxEuRUjO9SuuIBwLzk0f.jpg,0,0,0,0,0,0,,False,,Horror,,
1434383,,Dark Future,Dark Future,en,,,1993-01-01,/aNYkn1K1ohAHC52I1fAt3AoA823.jpg,0,0,0,0,0,0,,False,,Horror,,
1434418,,Graveyard Shift,Graveyard Shift,en,,,1980-01-01,/dUcyxeVSyvSfxes8WRCDQyYgEI7.jpg,0,0,0,0,0,0,,False,,Horror,,
1434447,,HOUSESITTING,HOUSESITTING,en,,,2022-01-01,/tWP9nOGL4zwTIEZpfYoBxPTgla5.jpg,0,0,0,0,0,0,,False,,Horror,,
1434572,,"Strange, Stranger","Strange, Stranger",en,,,2012-01-01,/wzjsGAFmL8VdJ16uUuXVlmko2hg.jpg,0,0,0,0,0,0,,False,,Horror,,
1434635,,Macabre!,Macabre!,en,,,1968-01-01,/1nw3FkzULXWBsGIAmojoRIJQhTY.jpg,0,0,0,0,0,0,,False,,Horror,,
1434721,,Beauty and the Beast,Beauty and the Beast,en,,,2012-01-01,/dPnlFyesN2kflbDpnntcOs43JYG.jpg,0,0,0,0,0,0,,False,,Horror,,
1434864,,A Mind's I,A Mind's I,en,,,2003-01-01,/Zj2oDxXBwtRu1THWfHxtN6XpX1.jpg,0,0,0,0,0,0,,False,,Horror,,
1435401,,8 A.M.s,8 A.M.s,en,,,2019-01-01,/twFVkeOrJNrCI70fItPgRlyarFT.jpg,0,0,0,0,0,0,,False,,Horror,,
1435585,,Invisible Psycho,Invisible Psycho,en,,,2019-01-01,/1UW807Jn6n2CuYyBDreJRHDmssx.jpg,0,0,0,0,0,0,,False,,Horror,,
1435731,,Gothica,Gothica,en,,,2013-01-01,/uSdc21Co76OpHRa5hvFLa2UbQJ9.jpg,0,0,0,0,0,0,,False,,Horror,,
1435755,,Nightmare on Beacon Street,Nightmare on Beacon Street,en,,,1996-01-01,/iaKzr7OYC1b7bjLcxptl3OrHsfI.jpg,0,0,0,0,0,0,,False,,Horror,,
1435802,,Ghost Dicks,Ghost Dicks,en,,,2022-01-01,/kxqryYsr5lufUEiHVXmvvhKTRnC.jpg,0,0,0,0,0,0,,False,,Horror,,
1435836,,Ripple,Ripple,en,,,2017-01-01,/mf7VxEnISeEr6MiHL4UJ5E0rj5O.jpg,0,0,0,0,0,0,,False,,Horror,,
1435886,,Dracula's Guest,Dracula's Guest,en,,,1998-01-01,/zbXYlvydjO7va607E66PautpraV.jpg,0,0,0,0,0,0,,False,,Horror,,
1435898,,Don't Look in the Bedroom,Don't Look in the Bedroom,en,,,2021-01-01,/yAa7H6F599uwnIe5pJLEYP0N9g2.jpg,0,0,0,0,0,0,,False,,Horror,,
1436243,,Spookslayers,Spookslayers,en,,,2013-01-01,/gQUAUPsEa20Nm4muI5PZ06shx1C.jpg,0,0,0,0,0,0,,False,,Horror,,
1436559,,Elvira's Movie Macabre: Legacy of Blood,Elvira's Movie Macabre: Legacy of Blood,en,,,1982-01-01,/1YVquh3UmdRG3vtlgYyo6UltCdd.jpg,0,0,0,0,0,0,,False,,Horror,,
1436618,,The Coin Flip Killer,The Coin Flip Killer,en,,,2012-01-01,/2v2pfkg85IVjgB0zieYDlivsSgI.jpg,0,0,0,0,0,0,,False,,Horror,,
1436994,,Fantasma,Fantasma,en,,,2019-01-01,/9jQP1zbe9hOHd81qMQlYHwTgyBe.jpg,0,0,0,0,0,0,,False,,Horror,,
1437034,,10/31,10/31,en,,,2018-01-01,/5XsFzYNifpxDDkZX9B3Hmd72jUe.jpg,0,0,0,0,0,0,,False,,Horror,,
1437118,,10/32,10/32,en,,,2021-01-01,/8yaeKDdR4HfEdTgfMVxp19pieyE.jpg,0,0,0,0,0,0,,False,,Horror,,
1437546,,Highway Hypnosis,Highway Hypnosis,en,,,1984-01-01,/crnntccPPXbGwuXfCMLmizHYZXD.jpg,0,0,0,0,0,0,,False,,Horror,,
1437763,,The Disturber,The Disturber,en,,,2015-01-01,/3KEG0VryMNPbsWcATn1HL7C4qXV.jpg,0,0,0,0,0,0,,False,,Horror,,
1437879,,Anzur,Anzur,en,,,2020-01-01,/vtiK6NFPCGZbFIKDFeV4hlngLPN.jpg,0,0,0,0,0,0,,False,,Horror,,
1438316,,Detestation,Detestation,en,,,2008-01-01,/dHw65eB9laeioxuKwUfxeRjgCqA.jpg,0,0,0,0,0,0,,False,,Horror,,
1438319,,Purgatory,Purgatory,en,,,2014-01-01,/te9YBeSfRg1nqakNPs5rehyMVED.jpg,0,0,0,0,0,0,,False,,Horror,,
1438752,,Last Person,Last Person,en,,,2013-01-01,/onV9BUsYYvUFYMyKMmzHX2eqNAf.jpg,0,0,0,0,0,0,,False,,Horror,,
1439182,,Rodan! The Flying Monster,Rodan! The Flying Monster,en,,,1957-01-01,/6dAXHzazdMJ6z6kpPJhkrY9iEvx.jpg,0,0,0,0,0,0,,False,,Horror,,
1439283,,Berlin: Part 1,Berlin: Part 1,en,,,2016-01-01,/7iNhG8BNktrxFzgrX6yneCRcUQS.jpg,0,0,0,0,0,0,,False,,Horror,,
1439361,,Death Follows,Death Follows,en,,,2013-01-01,/ixPB9q8YDFJ6mRQbbqHTvpwHarA.jpg,0,0,0,0,0,0,,False,,Horror,,
1439404,,Eliza's Diary,Eliza's Diary,en,,,2012-01-01,/5wzjsiSXkPCZNlwBiJRq91bfYD6.jpg,0,0,0,0,0,0,,False,,Horror,,
1439434,,Dead Boys Club 2,Dead Boys Club 2,en,,,2003-01-01,/gsnKs1Z5rMz0xiWltnUyzod8Jb4.jpg,0,0,0,0,0,0,,False,,Horror,,
1439438,,FLICKER,FLICKER,en,,,2015-01-01,/1RuBlKRWBl1loG5hmCVssDj8aQR.jpg,0,0,0,0,0,0,,False,,Horror,,
1439773,,Backwoods Freaks,Backwoods Freaks,en,,,1995-01-01,/sNcbKOfLHacpkLDjJ5rSRPCiHRs.jpg,0,0,0,0,0,0,,False,,Horror,,
1439929,,Jaret's 2022 Halloween Special,Jaret's 2022 Halloween Special,en,,,2022-01-01,/9Ag3vMljsEWffwst78EuNxYcvNQ.jpg,0,0,0,0,0,0,,False,,Horror,,
1439949,,Move-In Day,Move-In Day,en,,,2022-01-01,/niY0itOv0gJHvOWzp1LONpNPtqG.jpg,0,0,0,0,0,0,,False,,Horror,,
1440137,,Simulacrum,Simulacrum,en,,,1993-01-01,/qQpD3YXCWszpv8wAyszbw5qxSXl.jpg,0,0,0,0,0,0,,False,,Horror,,
1440194,,Passage,Passage,en,,,2021-01-01,/3fMc2Zefdb0nwkyoKSrcmDtZk12.jpg,0,0,0,0,0,0,,False,,Horror,,
1440226,,Clubhouse of Terror,Clubhouse of Terror,en,,,2019-01-01,/uVpVI4zzbglJm7fOg9EJV9YJ3RG.jpg,0,0,0,0,0,0,,False,,Horror,,
1440858,,Bible Black: The Movie,Bible Black: The Movie,en,,,2013-01-01,/sdvtceK8hIRGQ2Risc2VsT0QrGI.jpg,0,0,0,0,0,0,,False,,Horror,,
1441945,,Horror Friends,Horror Friends,en,,,2004-01-01,/tUawGGdJexyItJcmw6lkEJFeXq8.jpg,0,0,0,0,0,0,,False,,Horror,,
1441963,,Slit Mouth,Slit Mouth,en,,,2021-01-01,/13hmdTP1egQ0cqGqNN6XKbYe768.jpg,0,0,0,0,0,0,,False,,Horror,,
1442361,,Camp Dead,Camp Dead,en,,,2011-01-01,/xiZKng908wnN0YPlSG62CVuv14R.jpg,0,0,0,0,0,0,,False,,Horror,,
1442570,,Masked Maniac vs. the Zombies,Masked Maniac vs. the Zombies,en,,,2014-01-01,/j0Fl1imvyAvw7nIs07ynTaCkkxF.jpg,0,0,0,0,0,0,,False,,Horror,,
1442849,,Come Up and Get Me,Come Up and Get Me,en,,,2013-01-01,/73E42Mua3PYXPiN5r3zC0QxXiZL.jpg,0,0,0,0,0,0,,False,,Horror,,
1442878,,Three Miles Up,Three Miles Up,en,,,1995-01-01,/g2V5BfthifaaBkwGjJz7PddTb1r.jpg,0,0,0,0,0,0,,False,,Horror,,
1443096,,La Forêt Sauvage,La Forêt Sauvage,en,,,2014-01-01,/kTFdZL11utn07PkZ2rU07grHAjS.jpg,0,0,0,0,0,0,,False,,Horror,,
1443582,,Welcome to my Darkside: Women in Horror,Welcome to my Darkside: Women in Horror,en,,,2010-01-01,/myowHZMnTewK6Vrk1S03alxjdod.jpg,0,0,0,0,0,0,,False,,Horror,,
1444573,,Barnard T. Ward's Popcorn Bag of Terror,Barnard T. Ward's Popcorn Bag of Terror,en,,,2016-01-01,/oi6rxLnSBrvtdknDACTVn8wlQ1o.jpg,0,0,0,0,0,0,,False,,Horror,,
1444992,,The Vegan Vampire,The Vegan Vampire,en,,,2022-01-01,/z0AIgzjaSVQzOOyN411TSurQQq3.jpg,0,0,0,0,0,0,,False,,Horror,,
1446212,,The Sponsor,The Sponsor,en,,,2022-01-01,/zVChr12gG5fScDbyrIFsBQUkyEx.jpg,0,0,0,0,0,0,,False,,Horror,,
1446781,,A Night to Dismember: The Original Cut,A Night to Dismember: The Original Cut,en,,,2018-01-01,/3zxpwCzJJoaI0m1TLUQjSftj4Hp.jpg,0,0,0,0,0,0,,False,,Horror,,
1446895,,Cat Lady,Cat Lady,en,,,2022-01-01,/s8WDYybfS0ytrYvBYI9jPLTBg7W.jpg,0,0,0,0,0,0,,False,,Horror,,
1447217,,Date of the Dead,Date of the Dead,en,,,2006-01-01,/zCPjYzz0irTtXNlk0GmutGpeB1J.jpg,0,0,0,0,0,0,,False,,Horror,,
1447238,,Halfway,Halfway,en,,,2009-01-01,/5V01EuphgFa43RHRvamN5HYaqJI.jpg,0,0,0,0,0,0,,False,,Horror,,
1447251,,Haunt Ed,Haunt Ed,en,,,2012-01-01,/23k6cpjjIXfhiJz2B1AznL7acQx.jpg,0,0,0,0,0,0,,False,,Horror,,
1447316,,Smoke Alarm,Smoke Alarm,en,,,1990-01-01,/5Icj2Mx6gmVR4qmysAlIP8MXBud.jpg,0,0,0,0,0,0,,False,,Horror,,
1447427,,Blood + Kisses,Blood + Kisses,en,,,2005-01-01,/z3aIW3ON4VzIYfj0Ls7wcAtg3Fs.jpg,0,0,0,0,0,0,,False,,Horror,,
1447446,,Mantra,Mantra,en,,,1992-01-01,/3Cvy9yTVqyCg27FifDXzHJ9Z4Wk.jpg,0,0,0,0,0,0,,False,,Horror,,
1447484,,Long Pig,Long Pig,en,,,2020-01-01,/gnHb2Kho3OUWuge01fwaRa3wxwQ.jpg,0,0,0,0,0,0,,False,,Horror,,
1447506,,The Golem,The Golem,en,,,1960-01-01,/z103POTw7ZVNPq266BeVoHiw8JE.jpg,0,0,0,0,0,0,,False,,Horror,,
1448393,,Control,Control,en,,,2021-01-01,/efZ52fvqzSloFREclkWaZVLCaen.jpg,0,0,0,0,0,0,,False,,Horror,,
1449226,,Circular Potion,Circular Potion,en,,,2017-01-01,/jpIqKKK0U2slxeY6NTemRLAPZOu.jpg,0,0,0,0,0,0,,False,,Horror,,
1449771,,3Girls,3Girls,en,,,2017-01-01,/cjEyIpi9duBICuNwMYsVyO3ccna.jpg,0,0,0,0,0,0,,False,,Horror,,
1450022,,Ada,Ada,en,,,1976-01-01,/kupPqG0bpwoQH6FZvdE236K77x5.jpg,0,0,0,0,0,0,,False,,Horror,,
1451039,,Date with the Dead,Date with the Dead,en,,,2010-01-01,/klCqB17nJHDYk0wlY8OcJmPtfRX.jpg,0,0,0,0,0,0,,False,,Horror,,
1451411,,Headless,Headless,en,,,2014-01-01,/1NzZYlZhOfnupwNUaUg2h8DbvWS.jpg,0,0,0,0,0,0,,False,,Horror,,
1451499,,Bad Jew,Bad Jew,en,,,2014-01-01,/gTp0eaB5V7TZXMZQEiA6yVnZoWs.jpg,0,0,0,0,0,0,,False,,Horror,,
1451524,,Demonio,Demonio,en,,,2013-01-01,/jcu4aAeXbQBjRfyn3MGtJFTg5Ur.jpg,0,0,0,0,0,0,,False,,Horror,,
1451772,,Anything Goes,Anything Goes,en,,,2021-01-01,/aKxkbLiKZFawzLx3OUjlmDq2w1H.jpg,0,0,0,0,0,0,,False,,Horror,,
1452163,,Gone,Gone,en,,,2021-01-01,/s1YbYGNKrpXaWT07CEzsxhWg8vZ.jpg,0,0,0,0,0,0,,False,,Horror,,
1452172,,"Go To Bed, Raymond","Go To Bed, Raymond",en,,,2022-01-01,/jRIBUfYZmCFOXmPGXbqqsAfjTbY.jpg,0,0,0,0,0,0,,False,,Horror,,
1452662,,Goth Girls: The Return,Goth Girls: The Return,en,,,2007-01-01,/6LLKFR5WEGHeGWD6C27Fr2TDway.jpg,0,0,0,0,0,0,,False,,Horror,,
1452668,,Unholy Lust,Unholy Lust,en,,,2009-01-01,/26VqLa6edadXSktwjFyWOUvw1X8.jpg,0,0,0,0,0,0,,False,,Horror,,
1452735,,Autorretrato,Autorretrato,en,,,2021-01-01,/1EVbaEnjrxIV6z29nyDl86jU026.jpg,0,0,0,0,0,0,,False,,Horror,,
1452846,,Remains: Road to Reno,Remains: Road to Reno,en,,,2011-01-01,/hW6K6PN9xnJ901TYySayo6kn1PY.jpg,0,0,0,0,0,0,,False,,Horror,,
1453001,,A Place Beyond the Dark,A Place Beyond the Dark,en,,,2022-01-01,/mfdM5yGC6zAbpcb1aVkjAqPKD6y.jpg,0,0,0,0,0,0,,False,,Horror,,
1453509,,Mandrake,Mandrake,en,,,2021-01-01,/6ck1ZWud71sywmS32Ra7dAB21YI.jpg,0,0,0,0,0,0,,False,,Horror,,
1453705,,Pieta ~Shiawase no Aoi Tori~,Pieta ~Shiawase no Aoi Tori~,en,,,2004-01-01,/keEqs2EUbb5fHBx2KN9bNpP0OD5.jpg,0,0,0,0,0,0,,False,,Horror,,
1453729,,Wrath of God: Confrontation,Wrath of God: Confrontation,en,,,2012-01-01,/pb6sjsZwR2LkXbgzh3e8BjeyJAP.jpg,0,0,0,0,0,0,,False,,Horror,,
1453972,,Blew,Blew,en,,,2020-01-01,/kSBW3WCMODaE5aho3Qef6xq81MJ.jpg,0,0,0,0,0,0,,False,,Horror,,
1454102,,Zombie,Zombie,en,,,2021-01-01,/tpk3pzhIMWdWSCSxawAzLyUkOSt.jpg,0,0,0,0,0,0,,False,,Horror,,
1455078,,KCW: Cold November Pain,KCW: Cold November Pain,en,,,2021-01-01,/6tCoRJ1XEw1VDgFTHFyDeAHo3UK.jpg,0,0,0,0,0,0,,False,,Horror,,
1455634,,Naughty Dreams of Miss Owen,Naughty Dreams of Miss Owen,en,,,1987-01-01,/wuN8UGYyo0ViaWW8mnLPmpEZd7f.jpg,0,0,0,0,0,0,,False,,Horror,,
1455870,,Fear of the Mind,Fear of the Mind,en,,,2021-01-01,/rD222I33V2aX3jVebPF2YHyx6By.jpg,0,0,0,0,0,0,,False,,Horror,,
1456918,,Home Videos 2,Home Videos 2,en,,,2019-01-01,/j3Il8JHJjkXtrNFVTFInTCMgVWc.jpg,0,0,0,0,0,0,,False,,Horror,,
1458097,,The Happy Pill,The Happy Pill,en,,,2020-01-01,/kuTi5At6M8YuZ6Gt2N9OsD90IvT.jpg,0,0,0,0,0,0,,False,,Horror,,
1458222,,Psychedelia,Psychedelia,en,,,2022-01-01,/5RIyWpC2GU4lXlR1NvDmYavxqQz.jpg,0,0,0,0,0,0,,False,,Horror,,
1459218,,A Black Heart In White Hell,A Black Heart In White Hell,en,,,2015-01-01,/4T3nvvCSCVeUdUVm2HxcDO2OMk1.jpg,0,0,0,0,0,0,,False,,Horror,,
1460141,,Hatchet County,Hatchet County,en,,,2020-01-01,/aPWYg94crl57CYYjYZCKlNzANp9.jpg,0,0,0,0,0,0,,False,,Horror,,
1460845,,Take Me Home,Take Me Home,en,,,2016-01-01,/3Tz81RsuCkCVThM0rzkXvt78FqE.jpg,0,0,0,0,0,0,,False,,Horror,,
1461690,,Analogue Aneurysm,Analogue Aneurysm,en,,,2019-01-01,/9asCb1Q8GJJRwWEpsDkH06aSDSo.jpg,0,0,0,0,0,0,,False,,Horror,,
1461752,,Troubled Youth,Troubled Youth,en,,,2018-01-01,/8qV2DHdukolGih3bWT7BVHgdNxu.jpg,0,0,0,0,0,0,,False,,Horror,,
1462136,,Troubled Youth: Nobody's Sheep,Troubled Youth: Nobody's Sheep,en,,,2018-01-01,/Tmucf5GUPR7xm3cgtkIrE7UmBp.jpg,0,0,0,0,0,0,,False,,Horror,,
1462450,,Man With a Fork,Man With a Fork,en,,,2002-01-01,/vYRQGvDsmLH5D9FeQrAj0i2oPSS.jpg,0,0,0,0,0,0,,False,,Horror,,
1463617,,Copycat,Copycat,en,,,2020-01-01,/AfTl7xM7MfH4Tg0DsyHVo2P47Nz.jpg,0,0,0,0,0,0,,False,,Horror,,
1463635,,Terror Tapes,Terror Tapes,en,,,2021-01-01,/7cbbn2dxJZIl0Srr8DfECXDQ5vW.jpg,0,0,0,0,0,0,,False,,Horror,,
1463833,,Diet,Diet,en,,,2020-01-01,/2GXG5OKpg9cTPgJmo2Q2t5rP6I.jpg,0,0,0,0,0,0,,False,,Horror,,
1464366,,B L K,B L K,en,,,2020-01-01,/lMRKGJCbTYFQj2W8l7dX9nsbZcm.jpg,0,0,0,0,0,0,,False,,Horror,,
1465119,,Graves,Graves,en,,,2016-01-01,/rJm8uePkNVJsCqauVNDWqi1iaSq.jpg,0,0,0,0,0,0,,False,,Horror,,
1465516,,The Cold Eyes Of Death,The Cold Eyes Of Death,en,,,2013-01-01,/cEzCBag9s1l9ZpIXDMUO9KnWG3S.jpg,0,0,0,0,0,0,,False,,Horror,,
1465594,,"Welcome To The World, Dear Child","Welcome To The World, Dear Child",en,,,2016-01-01,/r2kwpCrVRiDU4ydvRpRYaSZgS1m.jpg,0,0,0,0,0,0,,False,,Horror,,
1465700,,Fantasia,Fantasia,en,,,2011-01-01,/dt5IFPIKPNjHs4DmUpKmhbd7Trg.jpg,0,0,0,0,0,0,,False,,Horror,,
1465707,,Fantasia 2,Fantasia 2,en,,,2013-01-01,/aj3ATd2vrlq0upCQQEOTXRIl95o.jpg,0,0,0,0,0,0,,False,,Horror,,
1465911,,Formulation,Formulation,en,,,2021-01-01,/8xcOztWvximOANHOY55DozSgRp5.jpg,0,0,0,0,0,0,,False,,Horror,,
1465917,,Skin Tag,Skin Tag,en,,,2020-01-01,/ixYyqr48RiKKtkvM1GKA2WNhjbJ.jpg,0,0,0,0,0,0,,False,,Horror,,
1466236,,Beast,Beast,en,,,2014-01-01,/5FBGu5m5VhM2zQJkMdYStP31fIn.jpg,0,0,0,0,0,0,,False,,Horror,,
1466333,,Eternal Desires,Eternal Desires,en,,,1995-01-01,/6fLHoFPCpHjwG4av4U1i1nBkCZ5.jpg,0,0,0,0,0,0,,False,,Horror,,
1467276,,"""Midnight Stories 3"" - The Birthday Party","""Midnight Stories 3"" - The Birthday Party",en,,,2020-01-01,/iRT4euIGbgxb68iLLARFcZpZ7MF.jpg,0,0,0,0,0,0,,False,,Horror,,
1467288,,"""Midnight stories 1"" - The deadly Pizza","""Midnight stories 1"" - The deadly Pizza",en,,,2020-01-01,/iIHFXtIUePdMroW9wMrS2bW9C6T.jpg,0,0,0,0,0,0,,False,,Horror,,
1467296,,"""Midnight Stories 2"" - The Martian","""Midnight Stories 2"" - The Martian",en,,,2020-01-01,/sY2LCzUSSArRxfGbp6XphcDbTtG.jpg,0,0,0,0,0,0,,False,,Horror,,
1467302,,"""Midnight Stories 4"" - Veronica's Curse","""Midnight Stories 4"" - Veronica's Curse",en,,,2020-01-01,/dAgyhfScW9GqNrhhTgMWrIuC8xT.jpg,0,0,0,0,0,0,,False,,Horror,,
1467408,,Spook Bridge,Spook Bridge,en,,,2017-01-01,/dkJQLCejGrNfw8J5TnlmIqzkF9j.jpg,0,0,0,0,0,0,,False,,Horror,,
1467692,,Prognosticum,Prognosticum,en,,,2016-01-01,/u4OCAQp2TN7XcohIVaOwyRhCVvK.jpg,0,0,0,0,0,0,,False,,Horror,,
1467821,,A Midnight Snack,A Midnight Snack,en,,,2018-01-01,/u96rXpebqFCR4VDTn4yIbzsmy4G.jpg,0,0,0,0,0,0,,False,,Horror,,
1467936,,The Sacrifice,The Sacrifice,en,,,2012-01-01,/nOFcqCxpLgjeTJ4EeP0gsEPI0JG.jpg,0,0,0,0,0,0,,False,,Horror,,
1467951,,Trick 'r Treat: Easter Candy,Trick 'r Treat: Easter Candy,en,,,2011-01-01,/oDgSRYDeO1NVSBEWo797MU5ifgJ.jpg,0,0,0,0,0,0,,False,,Horror,,
1468002,,Tock,Tock,en,,,2020-01-01,/1cXQhyhE9VI7o68K1xLB9RvLBBC.jpg,0,0,0,0,0,0,,False,,Horror,,
1468107,,Body(s),Body(s),en,,,2015-01-01,/97UFW1K1xfrlsZwvyye1XadQdR2.jpg,0,0,0,0,0,0,,False,,Horror,,
1468113,,Wither,Wither,en,,,2017-01-01,/oJnPzH8cpxM9E86lqAeVL4yk4uC.jpg,0,0,0,0,0,0,,False,,Horror,,
1468820,,rest.,rest.,en,,,2020-01-01,/z1sTELzkfdpnUQMMeOvXiYXP9oj.jpg,0,0,0,0,0,0,,False,,Horror,,
1468935,,Skinwalkers: Witches of Navajo Country,Skinwalkers: Witches of Navajo Country,en,,,2006-01-01,/3lKwJRpUO85FR1R3iwSc3pzmcCG.jpg,0,0,0,0,0,0,,False,,Horror,,
1469274,,Faces of Gore 3,Faces of Gore 3,en,,,2000-01-01,/z9RYCbuYX3uEYrf94CVfYFGfo3u.jpg,0,0,0,0,0,0,,False,,Horror,,
1469344,,3 Seconds,3 Seconds,en,,,2016-01-01,/qswrCcveiW86c6o8wyDEAAqFKYw.jpg,0,0,0,0,0,0,,False,,Horror,,
1469440,,After Hours,After Hours,en,,,2016-01-01,/6w4RliK3n0byqZT6eg3hksqxdyU.jpg,0,0,0,0,0,0,,False,,Horror,,
1469761,,Mistaken Identity,Mistaken Identity,en,,,2017-01-01,/1qSvXlkR0eNRCj8OBwKOSHLx2Ss.jpg,0,0,0,0,0,0,,False,,Horror,,
1470035,,I'm 14 and I Hate the World,I'm 14 and I Hate the World,en,,,2011-01-01,/AuuDUCgJxTKDYJdFMAkfcE6Gnwa.jpg,0,0,0,0,0,0,,False,,Horror,,
1470080,,Intrusion,Intrusion,en,,,2012-01-01,/jOVYyWDbdceriOFPg4cD4CSPJ7z.jpg,0,0,0,0,0,0,,False,,Horror,,
1471626,,Alien: Covenant - Prologue: Phobos,Alien: Covenant - Prologue: Phobos,en,,,2017-01-01,/67Q7oOF4W6tDmQcCZx3ysBsa6R4.jpg,0,0,0,0,0,0,,False,,Horror,,
1472421,,The Kidnapped and Chloroformed Wife,The Kidnapped and Chloroformed Wife,en,,,2011-01-01,/a9xrIEWJYMI3pAriX8w8hCA8ROA.jpg,0,0,0,0,0,0,,False,,Horror,,
1472426,,Jogger's Nightmare,Jogger's Nightmare,en,,,2016-01-01,/oXCSZJJbd7PYVboNvHO7hAPoYcc.jpg,0,0,0,0,0,0,,False,,Horror,,
1472449,,Tyger,Tyger,en,,,2007-01-01,/voYggkyGmAYpZoWIVixNmeWpvSO.jpg,0,0,0,0,0,0,,False,,Horror,,
1472467,,Rohan's Alien Encounter,Rohan's Alien Encounter,en,,,2016-01-01,/sgRJeEycYUC73auiaD1m1Tg2hE4.jpg,0,0,0,0,0,0,,False,,Horror,,
1472474,,Sketch,Sketch,en,,,2019-01-01,/iF6fkd3ixvliIMRUyauJuuVWDVi.jpg,0,0,0,0,0,0,,False,,Horror,,
1472510,,Night Surf,Night Surf,en,,,2007-01-01,/3rsgOeEviLjCx4Q0fYO4auYOEtt.jpg,0,0,0,0,0,0,,False,,Horror,,
1472939,,Crimson Rose,Crimson Rose,en,,,2016-01-01,/nujw2p7ufpjMsqG04iBx7AkhU8z.jpg,0,0,0,0,0,0,,False,,Horror,,
1473004,,Our House,Our House,en,,,2012-01-01,/22YhH93nxuineX5dUPCZsfXC1bY.jpg,0,0,0,0,0,0,,False,,Horror,,
1473290,,The Day of Forevermore,The Day of Forevermore,en,,,2016-01-01,/LUKk64kxTz0iQpvIV6GcBPdYgg.jpg,0,0,0,0,0,0,,False,,Horror,,
1474235,,Execution Island: Slaughter Game,Execution Island: Slaughter Game,en,,,2015-01-01,/ct3rbNMHMqL9hLWuendZS16MLIF.jpg,0,0,0,0,0,0,,False,,Horror,,
1474649,,The Boogeyman,The Boogeyman,en,,,2012-01-01,/wD1pOwKTXj6K0zG62EHgTi9qkec.jpg,0,0,0,0,0,0,,False,,Horror,,
1474851,,Grey Matter,Grey Matter,en,,,2021-01-01,/keEqFNNQT7W8tHtCCQ7Yajw5odo.jpg,0,0,0,0,0,0,,False,,Horror,,
1474862,,"Spooks, Sighs and Videotape","Spooks, Sighs and Videotape",en,,,2019-01-01,/rNo76Awhjc4OFPLAByKrgUYWrk9.jpg,0,0,0,0,0,0,,False,,Horror,,
1475181,,Grey Matter,Grey Matter,en,,,2018-01-01,/3Tu7Su9kep454JkshXVE8ATtNYH.jpg,0,0,0,0,0,0,,False,,Horror,,
1475195,,Grey Matter,Grey Matter,en,,,2016-01-01,/buBjrC98OzM4b57MZKsGT4TT59t.jpg,0,0,0,0,0,0,,False,,Horror,,
1475241,,One For The Road,One For The Road,en,,,2013-01-01,/ivfX924tjiOgmm1ODKgdAqWU6u4.jpg,0,0,0,0,0,0,,False,,Horror,,
1475309,,One For The Road,One For The Road,en,,,2019-01-01,/eDpNvHlpun86Sbq24JO5SuKAoPL.jpg,0,0,0,0,0,0,,False,,Horror,,
1475628,,The Haunting of Dolly Parton,The Haunting of Dolly Parton,en,,,2021-01-01,/9Vd1QaKYTNJNecuYokJDZhSYLbS.jpg,0,0,0,0,0,0,,False,,Horror,,
1475831,,The Ray Bradbury Theater: And So Died Riabouchinska,The Ray Bradbury Theater: And So Died Riabouchinska,en,,,1988-01-01,/4gUtu2NUWSevneTKGUuMwCXOpxi.jpg,0,0,0,0,0,0,,False,,Horror,,
1476230,,The Tardy Model,The Tardy Model,en,,,1995-01-01,/kBU2kzKwoyuftKEiI7nJCGc9WdB.jpg,0,0,0,0,0,0,,False,,Horror,,
1476313,,Cutlass,Cutlass,en,,,2022-01-01,/wPlVucWbRbg8L1NuoCn6C6FtCdc.jpg,0,0,0,0,0,0,,False,,Horror,,
1476493,,It's a Haunted Happenin',It's a Haunted Happenin',en,,,2002-01-01,/oZ8eKS4YPpbpwRwfHvBHTOBYSwd.jpg,0,0,0,0,0,0,,False,,Horror,,
1476851,,The Drowned,The Drowned,en,,,2006-01-01,/nWX4YdAnPaY0TlZB80kKSfm05iK.jpg,0,0,0,0,0,0,,False,,Horror,,
1477284,,Close Your Eyes,Close Your Eyes,en,,,2022-01-01,/hHNc1RvYHdZbrW0IIwY95E11W0J.jpg,0,0,0,0,0,0,,False,,Horror,,
1477310,,Inveigh,Inveigh,en,,,2017-01-01,/rUNSDQShLwAO7SqTx5wAM6g0mJC.jpg,0,0,0,0,0,0,,False,,Horror,,
1477322,,Carcera,Carcera,en,,,2018-01-01,/3nFa3tDXrycjMtGEnBPwtUKknGz.jpg,0,0,0,0,0,0,,False,,Horror,,
1477491,,The Perils of Jenny,The Perils of Jenny,en,,,2011-01-01,/pZFq6nU6VWzvOh8bL9Rz5TdWDmI.jpg,0,0,0,0,0,0,,False,,Horror,,
1477595,,The Man Who Loved Flowers,The Man Who Loved Flowers,en,,,2012-01-01,/6wkYOykU8EcqgLHKgFGIjIuk6tx.jpg,0,0,0,0,0,0,,False,,Horror,,
1477936,,Amateur's Guide,Amateur's Guide,en,,,2018-01-01,/aoRO0aCTLMq5YvWKPtwRTkrLtsX.jpg,0,0,0,0,0,0,,False,,Horror,,
1478127,,The Silhouette,The Silhouette,en,,,2019-01-01,/edcGywtL5nwzieOi4RyhrfFKX96.jpg,0,0,0,0,0,0,,False,,Horror,,
1478317,,Abe,Abe,en,,,2013-01-01,/b31JsF9UcbEhbgCMCKfNnfBYgh2.jpg,0,0,0,0,0,0,,False,,Horror,,
1478328,,Road Killers,Road Killers,en,,,1995-01-01,/69PTikq1NWy1YybCuqge6eHSJo9.jpg,0,0,0,0,0,0,,False,,Horror,,
1478581,,The Walk,The Walk,en,,,2017-01-01,/hyEmhb1voL7jwW9d1mvnRu0triZ.jpg,0,0,0,0,0,0,,False,,Horror,,
1478593,,The Man Who Loved Flowers,The Man Who Loved Flowers,en,,,2013-01-01,/tPV6rUu45mef57s17uFHjRbWwzB.jpg,0,0,0,0,0,0,,False,,Horror,,
1478611,,The Man Who Loved Flowers,The Man Who Loved Flowers,en,,,2022-01-01,/9mjxalwznAXNC5RZGXgtiOEpyV4.jpg,0,0,0,0,0,0,,False,,Horror,,
1478683,,The Scariest Movie… Ever?,The Scariest Movie… Ever?,en,,,2011-01-01,/nfkljjdTm9WJwdEmRYdfgKcwIrX.jpg,0,0,0,0,0,0,,False,,Horror,,
1479127,,"Quitters, Inc","Quitters, Inc",en,,,1985-01-01,/dudk8zKiHCzgvqoovKegFffuOGM.jpg,0,0,0,0,0,0,,False,,Horror,,
1479197,,Am I Female?,Am I Female?,en,,,1970-01-01,/gcNUuLUPLiQt0bPQ5o5wXkHrtnB.jpg,0,0,0,0,0,0,,False,,Horror,,
1480129,,Perforations 2001,Perforations 2001,en,,,2001-01-01,/5e1UaGKyyaCdS65FvS5EZEmuupl.jpg,0,0,0,0,0,0,,False,,Horror,,
1480140,,Perforations 2001 Part 2,Perforations 2001 Part 2,en,,,2001-01-01,/1SoxgKWEq0U9mFEycFG59iQq1c8.jpg,0,0,0,0,0,0,,False,,Horror,,
1480292,,Reverse the Punishment,Reverse the Punishment,en,,,2021-01-01,/xCbeob19Np8eE89KGoZbhV4Espo.jpg,0,0,0,0,0,0,,False,,Horror,,
1480494,,Scarefest,Scarefest,en,,,2019-01-01,/v6i16pTJWZjWos9licuXAgAI3aS.jpg,0,0,0,0,0,0,,False,,Horror,,
1480945,,The Sewing Circle: A Tale from Willow Falls,The Sewing Circle: A Tale from Willow Falls,en,,,2018-01-01,/zRvwkopHU1JlicBBNIYSTkc1oaN.jpg,0,0,0,0,0,0,,False,,Horror,,
1481520,,Inhuman Resources,Inhuman Resources,en,,,2022-01-01,/hrpumtbntqCiTUgmHVyYAEaRjcG.jpg,0,0,0,0,0,0,,False,,Horror,,
1481535,,Trilogy Of Terror,Trilogy Of Terror,en,,,1984-01-01,/9AHQvSBgi2pBRuGyck5PKVzsz5T.jpg,0,0,0,0,0,0,,False,,Horror,,
1481943,,Halloween Party,Halloween Party,en,,,1989-01-01,/vfbeC13xwgiQeCT3vZZHRBqQaH2.jpg,0,0,0,0,0,0,,False,,Horror,,
1482376,,Bleep: A Serial Killer's Dog,Bleep: A Serial Killer's Dog,en,,,2022-01-01,/6GHssbp1KuBHymMuVWOFrek0nAk.jpg,0,0,0,0,0,0,,False,,Horror,,
1482801,,Agnes Keedan's Secret Plan,Agnes Keedan's Secret Plan,en,,,1988-01-01,/vYF6YsFJkVu1QZNMyXcApThGk90.jpg,0,0,0,0,0,0,,False,,Horror,,
1483306,,Room Service,Room Service,en,,,2012-01-01,/85wqVmZenYa3dcG7SJaWCLXm50v.jpg,0,0,0,0,0,0,,False,,Horror,,
1484387,,Canvas 5,Canvas 5,en,,,2021-01-01,/izVPR0gN4IFCgBczrHfEgwHdkzw.jpg,0,0,0,0,0,0,,False,,Horror,,
1484461,,Skullface,Skullface,en,,,1994-01-01,/1099xmTpzx9dBkRgTLWbB2eRRu3.jpg,0,0,0,0,0,0,,False,,Horror,,
1484672,,Tape 51,Tape 51,en,,,2019-01-01,/oAOANDUO9n0TbP5Oi70DlgvomLd.jpg,0,0,0,0,0,0,,False,,Horror,,
1484716,,DickRipper,DickRipper,en,,,2016-01-01,/d5V9yPzYXnyZRteGINVVJaNuQTj.jpg,0,0,0,0,0,0,,False,,Horror,,
1484731,,Blood Stab,Blood Stab,en,,,2020-01-01,/4i46PIw7uI3ig5CNa4FztkpeJMd.jpg,0,0,0,0,0,0,,False,,Horror,,
1485886,,Bayou Ghost,Bayou Ghost,en,,,1997-01-01,/pEzTsq99yovztINUA3yOKtTPM8S.jpg,0,0,0,0,0,0,,False,,Horror,,
1486282,,An Impasse,An Impasse,en,,,1999-01-01,/640geG5sditceAK5pAEiUABRkT2.jpg,0,0,0,0,0,0,,False,,Horror,,
1486952,,Master of Horror,Master of Horror,en,,,1965-01-01,/pK6aCcQnCjFBuJMBtPbT44v2ZOd.jpg,0,0,0,0,0,0,,False,,Horror,,
1487079,,The Jaunt,The Jaunt,en,,,2013-01-01,/pJX2J9zowcUpxDGJ1mgcbJHBvOF.jpg,0,0,0,0,0,0,,False,,Horror,,
1487210,,Muddy Hands,Muddy Hands,en,,,1988-01-01,/eISlC1S9TKUCHgt1FP7aR7ZUBwg.jpg,0,0,0,0,0,0,,False,,Horror,,
1487691,,Shemaleficent,Shemaleficent,en,,,2021-01-01,/7F8Ebd3L3v3cqwFDfUtJJe61HUm.jpg,0,0,0,0,0,0,,False,,Horror,,
1488228,,The Wheelhouse,The Wheelhouse,en,,,2006-01-01,/eT5YbX4HxVN2HMJirMvrN8eSmjz.jpg,0,0,0,0,0,0,,False,,Horror,,
1488691,,The Metamorphosis Experiment,The Metamorphosis Experiment,en,,,2017-01-01,/hB9hVIwKJmRVukne2jyP0Vjsl3L.jpg,0,0,0,0,0,0,,False,,Horror,,
1488960,,A Beautiful Death,A Beautiful Death,en,,,2018-01-01,/4itu6YzkPI74uxDrLIGLA1KIMy1.jpg,0,0,0,0,0,0,,False,,Horror,,
1489275,,"This One, for the Lady","This One, for the Lady",en,,,2013-01-01,/a5DEDt2YY4de9rbGnm1Ix4AIViN.jpg,0,0,0,0,0,0,,False,,Horror,,
1489407,,Demons,Demons,en,,,2021-01-01,/fw158VNygaqg3guNUcYiWkw5eRh.jpg,0,0,0,0,0,0,,False,,Horror,,
1489729,,Heshers on the Run,Heshers on the Run,en,,,1996-01-01,/7kUZTiWU0ethOKoO8dPYelNmZGx.jpg,0,0,0,0,0,0,,False,,Horror,,
1490464,,Judas,Judas,en,,,2022-01-01,/6trw6KNX7ReDsHmzMVCMM2ROyLG.jpg,0,0,0,0,0,0,,False,,Horror,,
1491785,,KILLERS,KILLERS,en,,,2021-01-01,/tI6wcZbWpxt9rxGFufNjy70KSq3.jpg,0,0,0,0,0,0,,False,,Horror,,
1493908,,The Dog of Sarandi Alley,The Dog of Sarandi Alley,en,,,2021-01-01,/y7vxhkSjunLIZfW1jS4MyPRrsM1.jpg,0,0,0,0,0,0,,False,,Horror,,
1493966,,The Curse of the Fold,The Curse of the Fold,en,,,2022-01-01,/galIO6OBAxeIB5XNO3SJWjcKzGm.jpg,0,0,0,0,0,0,,False,,Horror,,
1494048,,The Sacrifice Part 2,The Sacrifice Part 2,en,,,2019-01-01,/1UW807Jn6n2CuYyBDreJRHDmssx.jpg,0,0,0,0,0,0,,False,,Horror,,
1494176,,Har du sett henne?,Har du sett henne?,en,,,2019-01-01,/mNtpqDKWE3fLhpX9uKyehVdG1Mh.jpg,0,0,0,0,0,0,,False,,Horror,,
1494221,,Sticks and Stones: Investigating the Blair Witch,Sticks and Stones: Investigating the Blair Witch,en,,,1999-01-01,/6qpMpk3f4ibYlg5TQM3C9cWZA3Q.jpg,0,0,0,0,0,0,,False,,Horror,,
1494294,,Trail of the Werewolf,Trail of the Werewolf,en,,,1992-01-01,/5L0Lq1hyGh99CgJDjsyZ9s5KR9z.jpg,0,0,0,0,0,0,,False,,Horror,,
1494303,,Trail of the Vampire,Trail of the Vampire,en,,,1997-01-01,/c0WYEakeyDR4RY72u4WcGF7bSGU.jpg,0,0,0,0,0,0,,False,,Horror,,
1496428,,Heathen,Heathen,en,,,2010-01-01,/jMgwtfbiYAegSCeSveIdsaL4lFk.jpg,0,0,0,0,0,0,,False,,Horror,,
1496674,,"5 Dark Souls, Part III: Retribution","5 Dark Souls, Part III: Retribution",en,,,2003-01-01,/jQJi3CJ53PbZ8v4GMdtoqyNdS9O.jpg,0,0,0,0,0,0,,False,,Horror,,
1497031,,Return to Bloody Creek,Return to Bloody Creek,en,,,2022-01-01,/19wAJmIOwNMpBW9vLTnapzygfUU.jpg,0,0,0,0,0,0,,False,,Horror,,
1497793,,The Catman,The Catman,en,,,2017-01-01,/1z9hv59fWmhbXNLpS7UmrjLZeit.jpg,0,0,0,0,0,0,,False,,Horror,,
1497801,,Turn,Turn,en,,,2017-01-01,/9TFYwRTa3LGCAXiUcWIsrEgI7Li.jpg,0,0,0,0,0,0,,False,,Horror,,
1497961,,William Shakespeare's Titus Andronicus,William Shakespeare's Titus Andronicus,en,,,2000-01-01,/mvIq4EnzjHuRFq0aVvz2Y8ufPpL.jpg,0,0,0,0,0,0,,False,,Horror,,
1498625,,Never Rest: A Drama About Farm Safety for Children,Never Rest: A Drama About Farm Safety for Children,en,,,1993-01-01,/3DdI8fThC3kSzL1KkGZc8FNpwfd.jpg,0,0,0,0,0,0,,False,,Horror,,
1498933,,Gray Matter,Gray Matter,en,,,2010-01-01,/i9nYyNWU7ko1cdyItf1vPwE2Rq3.jpg,0,0,0,0,0,0,,False,,Horror,,
1499608,,Cold As Soul,Cold As Soul,en,,,2008-01-01,/oZFXfuQU9B7HdjdwPyQKowCOqZM.jpg,0,0,0,0,0,0,,False,,Horror,,
1499796,,Fallen,Fallen,en,,,2021-01-01,/uH39gZjRiCyb83gYRrzsKD3LQev.jpg,0,0,0,0,0,0,,False,,Horror,,
1499821,,A Fly Is Also a Helicopter,A Fly Is Also a Helicopter,en,,,2021-01-01,/xgHB3cJbTj7cD2CMTv535PKQRxq.jpg,0,0,0,0,0,0,,False,,Horror,,
1499856,,Back to Silent Hill,Back to Silent Hill,en,,,2022-01-01,/l3GDmgvjhHFZnHQGZdcPs3HldW4.jpg,0,0,0,0,0,0,,False,,Horror,,
1499927,,Dust & Death,Dust & Death,en,,,2008-01-01,/4PmAEBSxwwFk8dkSZpt4edpPBuJ.jpg,0,0,0,0,0,0,,False,,Horror,,
1500183,,Pig Destroyer Live at CBGB,Pig Destroyer Live at CBGB,en,,,2000-01-01,/jrYEqNsOkoPPKNwG9ha10ITcHw3.jpg,0,0,0,0,0,0,,False,,Horror,,
1500268,,Alexander Not So Great,Alexander Not So Great,en,,,2013-01-01,/aR7MjaF4tgHflY1tHGJJuIdeg0x.jpg,0,0,0,0,0,0,,False,,Horror,,
1500883,,Protein,Protein,en,,,2014-01-01,/lbxFfTwVFa6lN6icaKGZN6uOTwW.jpg,0,0,0,0,0,0,,False,,Horror,,
1500943,,Concerning Brown Jenkin,Concerning Brown Jenkin,en,,,2009-01-01,/8EGAzWzXAq2a7oajNMWtGEFj625.jpg,0,0,0,0,0,0,,False,,Horror,,
1501055,,Razorhead,Razorhead,en,,,2010-01-01,/x71KKVMW135U99SQ2PaIvJ9LdZC.jpg,0,0,0,0,0,0,,False,,Horror,,
1501220,,Cheap,Cheap,en,,,2005-01-01,/fiOTGjubEZJqiFgBRelf2RcVYT7.jpg,0,0,0,0,0,0,,False,,Horror,,
1501370,,Bad Coffee,Bad Coffee,en,,,2002-01-01,/71LR0HIVHUHBNAKDUzEec8auffl.jpg,0,0,0,0,0,0,,False,,Horror,,
1501468,,Handle With Care,Handle With Care,en,,,2021-01-01,/hGpWqMi1R5zZwaEWYU6JMiZbJLM.jpg,0,0,0,0,0,0,,False,,Horror,,
1502079,,Juiced,Juiced,en,,,2021-01-01,/yfJOWDOkmtHvXThiuFvCq0QWFOw.jpg,0,0,0,0,0,0,,False,,Horror,,
1502117,,The Retreat,The Retreat,en,,,2021-01-01,/nZqmDkOfmV6YNyfOk9DoXG9H8T8.jpg,0,0,0,0,0,0,,False,,Horror,,
1502555,,Paranoid: A Chant,Paranoid: A Chant,en,,,1994-01-01,/gA2qC0xOb3gPAFIpNYF3cNLdLNF.jpg,0,0,0,0,0,0,,False,,Horror,,
1503002,,Dr. Jason,Dr. Jason,en,,,2022-01-01,/vTm0xKP1OC4enLGueMLddAeFsEN.jpg,0,0,0,0,0,0,,False,,Horror,,
1503366,,The Last Zombie,The Last Zombie,en,,,2021-01-01,/cPK3rb6yKKUSVO0sIG257oMRix8.jpg,0,0,0,0,0,0,,False,,Horror,,
1503383,,28 Weeks Later: Saturday Afternoon,28 Weeks Later: Saturday Afternoon,en,,,2007-01-01,/kjSN4yGMoUJKEWVHEGSgzko4mMY.jpg,0,0,0,0,0,0,,False,,Horror,,
1503384,,28 Weeks Later: Light 'Em Up,28 Weeks Later: Light 'Em Up,en,,,2007-01-01,/lvi4Nsme7rvK2NuswYdLTJZIgLM.jpg,0,0,0,0,0,0,,False,,Horror,,
1503390,,Genie in a Barrel,Genie in a Barrel,en,,,2014-01-01,/oHif5Hup7ZeCsgRDWoihrs2UpXv.jpg,0,0,0,0,0,0,,False,,Horror,,
1503624,,Heads Are Gonna Roll,Heads Are Gonna Roll,en,,,2004-01-01,/1v0gjJH6Wnu3njaClknRycZ9k2h.jpg,0,0,0,0,0,0,,False,,Horror,,
1503641,,Would Never Die,Would Never Die,en,,,2021-01-01,/y4ExZ74aAJFJ7yGiyVnITxe089N.jpg,0,0,0,0,0,0,,False,,Horror,,
1503643,,The Innsmouth Shadow,The Innsmouth Shadow,en,,,2022-01-01,/jN8iQ2ahwOgS32Xui7nDczMNcc0.jpg,0,0,0,0,0,0,,False,,Horror,,
1503832,,Interview with Cecelia Condit,Interview with Cecelia Condit,en,,,2021-01-01,/7vTFnMeqwJECjUgH1aMUzGyFTOa.jpg,0,0,0,0,0,0,,False,,Horror,,
1504588,,'Til Death,'Til Death,en,,,2013-01-01,/kzsBdd1IdRuXHN7wBE2ouIucQbj.jpg,0,0,0,0,0,0,,False,,Horror,,
1504922,,The Painter,The Painter,en,,,2022-01-01,/hX0FBIZPSXIjtUlgYcVlXFaJ56n.jpg,0,0,0,0,0,0,,False,,Horror,,
1505836,,Insanity,Insanity,en,,,2015-01-01,/hprRgvVBAaR6DCukkbT3VyvqtsZ.jpg,0,0,0,0,0,0,,False,,Horror,,
1506011,,Justice Served,Justice Served,en,,,2016-01-01,/6a5yaXz9zmKRQnNcdJB9HSWEJ7s.jpg,0,0,0,0,0,0,,False,,Horror,,
1506034,,Wormbug,Wormbug,en,,,2013-01-01,/sNVQmYrkMzDxKpY52jtjhdu8KDi.jpg,0,0,0,0,0,0,,False,,Horror,,
1506039,,White Drift,White Drift,en,,,2016-01-01,/i7tDWSDXmZXevpXtVfo8Y3TqlYl.jpg,0,0,0,0,0,0,,False,,Horror,,
1506061,,Simple Procedure,Simple Procedure,en,,,2017-01-01,/wY8tAWxUuPsQZVumIhvotwL2ci5.jpg,0,0,0,0,0,0,,False,,Horror,,
1506269,,He Creeps,He Creeps,en,,,2020-01-01,/hMHLSkXkvnuz7RNTphjx8oa1hbL.jpg,0,0,0,0,0,0,,False,,Horror,,
1506398,,Hello,Hello,en,,,2017-01-01,/7wzac99fJGLmXEfxGDELEaOdbHU.jpg,0,0,0,0,0,0,,False,,Horror,,
1506501,,Sneakers,Sneakers,en,,,2014-01-01,/16C2zOCPTrV9WUSn0V67iZfzJ7Q.jpg,0,0,0,0,0,0,,False,,Horror,,
1507076,,Kitani,Kitani,en,,,2021-01-01,/gZskwSrvLq43OvYhLWS2kSa4yQ9.jpg,0,0,0,0,0,0,,False,,Horror,,
1507156,,My BFF,My BFF,en,,,2015-01-01,/xoSRA8Am9D1Ntk3L52SFugg3fY5.jpg,0,0,0,0,0,0,,False,,Horror,,
1507638,,Cain Rose Up,Cain Rose Up,en,,,2022-01-01,/2UcfXTq11vo8STeRGqXs4uLO4iJ.jpg,0,0,0,0,0,0,,False,,Horror,,
1508060,,The Journal of Edmond Deyers,The Journal of Edmond Deyers,en,,,2005-01-01,/7HtCnwVCuhBTDj6vhGNQXXke4LN.jpg,0,0,0,0,0,0,,False,,Horror,,
1508066,,Means to an End,Means to an End,en,,,2005-01-01,/uV72UahlADeqgs5mJQ5VRQwuFEU.jpg,0,0,0,0,0,0,,False,,Horror,,
1508070,,Let It In,Let It In,en,,,2019-01-01,/4a8yFPJPM2HqySgP9FNawdSQhCG.jpg,0,0,0,0,0,0,,False,,Horror,,
1508071,,Working Stiff,Working Stiff,en,,,2005-01-01,/aXwmU9qVRrhYqDyHqqaiwgE2Z71.jpg,0,0,0,0,0,0,,False,,Horror,,
1508534,,LONGPIG,LONGPIG,en,,,2019-01-01,/kOWFj7MLietMtwqPsUM6DFrPwkG.jpg,0,0,0,0,0,0,,False,,Horror,,
1508882,,Bread Winners,Bread Winners,en,,,2022-01-01,/kC2qHbDciSB8uL68sGUCXdS8f3E.jpg,0,0,0,0,0,0,,False,,Horror,,
1509057,,Sun Dog,Sun Dog,en,,,1993-01-01,/jnztE6PQT29BuAJ2Nvw4kpj6Y2n.jpg,0,0,0,0,0,0,,False,,Horror,,
1509627,,The Goatman,The Goatman,en,,,2018-01-01,/qZxvNbemVXmIMWlVHBgSLS0TMIc.jpg,0,0,0,0,0,0,,False,,Horror,,
1509630,,Goatman,Goatman,en,,,2017-01-01,/l2PKqrPsTRSiVUyHDNMRPQ0FPLD.jpg,0,0,0,0,0,0,,False,,Horror,,
1510332,,The Man in the Black Suit,The Man in the Black Suit,en,,,2019-01-01,/u5uOjY992iWDSfQqFLOXFxlTR9d.jpg,0,0,0,0,0,0,,False,,Horror,,
1510338,,The Man in the Black Suit,The Man in the Black Suit,en,,,2009-01-01,/8OpKJmeMvcEoBY7PjqyvYPKvBA7.jpg,0,0,0,0,0,0,,False,,Horror,,
1510447,,Jangu,Jangu,en,,,2022-01-01,/dO3HJB4CFctVo0nUyI2EnCDDai4.jpg,0,0,0,0,0,0,,False,,Horror,,
1510672,,Gangsters & Zombies: Part II,Gangsters & Zombies: Part II,en,,,2017-01-01,/ia60dQ1QcSzqH66bDFRJY3H3wb3.jpg,0,0,0,0,0,0,,False,,Horror,,
1510675,,Aversion,Aversion,en,,,2022-01-01,/wkZ3y78xkjpANVbi3itGj4Pxig.jpg,0,0,0,0,0,0,,False,,Horror,,
1510739,,The Head Returns,The Head Returns,en,,,2020-01-01,/o09yXtdChkEAC2GttIaDjcw5vtK.jpg,0,0,0,0,0,0,,False,,Horror,,
1510954,,Nuclear Death: Unalive in Texas,Nuclear Death: Unalive in Texas,en,,,1990-01-01,/4aEAno48uNhAByUbUiUjBQ9eeAh.jpg,0,0,0,0,0,0,,False,,Horror,,
1511035,,popstar,popstar,en,,,2021-01-01,/iZ0kYuEK5G0fLSV8ckvdLHxG1Rb.jpg,0,0,0,0,0,0,,False,,Horror,,
1512293,,The vow(บน),The vow(บน),en,,,2020-01-01,/pc2ly9aKPmRrrFwOJinNNKafCv7.jpg,0,0,0,0,0,0,,False,,Horror,,
1512432,,Lunch at the Gotham Café,Lunch at the Gotham Café,en,,,2013-01-01,/jPpMZBdn2LUxyHhAdMtyDnWUqwn.jpg,0,0,0,0,0,0,,False,,Horror,,
1512468,,Autopsy Room Four,Autopsy Room Four,en,,,2003-01-01,/f8qDeCkzYduRXg3PCrXlgnzKdsD.jpg,0,0,0,0,0,0,,False,,Horror,,
1512492,,Autopsy Room 4,Autopsy Room 4,en,,,2008-01-01,/aPmiQSFTzulZtGqtR0pVi3Uko9n.jpg,0,0,0,0,0,0,,False,,Horror,,
1512580,,L.T.'s Theory of Pets,L.T.'s Theory of Pets,en,,,2019-01-01,/7texbih6Naq0gaOCgb0y8PALuSh.jpg,0,0,0,0,0,0,,False,,Horror,,
1513474,,Everything’s Eventual,Everything’s Eventual,en,,,2011-01-01,/l2QpfzaWeJy7aeItdY1SF8WQVHP.jpg,0,0,0,0,0,0,,False,,Horror,,
1513607,,Haunted Child,Haunted Child,en,,,2014-01-01,/AtELPB0U5ayWDQBjUwL1l7qT4lh.jpg,0,0,0,0,0,0,,False,,Horror,,
1513636,,Magic Balls,Magic Balls,en,,,2017-01-01,/kb4XonOfcxBJGcLzOGJPRmxxL5r.jpg,0,0,0,0,0,0,,False,,Horror,,
1513650,,That Feeling,That Feeling,en,,,2022-01-01,/ArpKREY7BzYImEOB2YTpGSmeX65.jpg,0,0,0,0,0,0,,False,,Horror,,
1514116,,Just Desserts,Just Desserts,en,,,2018-01-01,/uVlH9Umphig337ybbRuFoTYqWaV.jpg,0,0,0,0,0,0,,False,,Horror,,
1514122,,Fist Pack,Fist Pack,en,,,2014-01-01,/hJcslPr1VPEA3S5C2g7jMKHbN7o.jpg,0,0,0,0,0,0,,False,,Horror,,
1514212,,Zanni (Proof of Concept),Zanni (Proof of Concept),en,,,2022-01-01,/in7cxWbrjoTRZADWR1WuA7wlPYs.jpg,0,0,0,0,0,0,,False,,Horror,,
1514338,,Don't Go on the Trail,Don't Go on the Trail,en,,,2012-01-01,/uxQLqZBMIwWVIUtB3xANpVT0IH3.jpg,0,0,0,0,0,0,,False,,Horror,,
1514422,,The Bottle Imp,The Bottle Imp,en,,,1992-01-01,/lt2HfAXs3qwphkygj9h0v1xfOZc.jpg,0,0,0,0,0,0,,False,,Horror,,
1514475,,Claud,Claud,en,,,2015-01-01,/ai4yEk6mfHcCb55wDKSrNxGG3ki.jpg,0,0,0,0,0,0,,False,,Horror,,
1514962,,Haunted,Haunted,en,,,1996-01-01,/srkv7XalC1FTqgjWIGmUOSPgNot.jpg,0,0,0,0,0,0,,False,,Horror,,
1515408,,Behind the Mask,Behind the Mask,en,,,2022-01-01,/A0YZlCZ6UH6ryHgGMZm9Vl5n7UZ.jpg,0,0,0,0,0,0,,False,,Horror,,
1515524,,My First Time...,My First Time...,en,,,2016-01-01,/AtQ0kasi0HrHFRA5Kj8RFyYZZBT.jpg,0,0,0,0,0,0,,False,,Horror,,
1515609,,Vengeful Soul,Vengeful Soul,en,,,2017-01-01,/Ajw77TSVFGv0LJUVySvpZCwka2g.jpg,0,0,0,0,0,0,,False,,Horror,,
1515616,,Violet's Revenge,Violet's Revenge,en,,,2017-01-01,/ajoD1sZaHZGADZDT0JyaIgHjDV9.jpg,0,0,0,0,0,0,,False,,Horror,,
1515617,,The Road Virus Heads North,The Road Virus Heads North,en,,,2004-01-01,/fXz3lZj4nz5YCO1VuQ5R4noheoU.jpg,0,0,0,0,0,0,,False,,Horror,,
1515879,,Hereafter,Hereafter,en,,,2021-01-01,/tZ9U7kXDR4gpvDzrcaF2TcRFDNh.jpg,0,0,0,0,0,0,,False,,Horror,,
1516390,,Cry of Fear,Cry of Fear,en,,,2021-01-01,/vRa2Ai00979jhbDgBmmU9wtG5vs.jpg,0,0,0,0,0,0,,False,,Horror,,
1516635,,Viola,Viola,en,,,2021-01-01,/g6NqnL68f6Q6T1k2qrleTkBKp8N.jpg,0,0,0,0,0,0,,False,,Horror,,
1517372,,Blood Drive,Blood Drive,en,,,2017-01-01,/u1VlVRORir0J7Hl7mvEBkFqSwUi.jpg,0,0,0,0,0,0,,False,,Horror,,
1517854,,Angel Abuse,Angel Abuse,en,,,2020-01-01,/qVhvuXMMcAvfk5T6tzs6O1ltzMF.jpg,0,0,0,0,0,0,,False,,Horror,,
1518862,,The Night Surgeon,The Night Surgeon,en,,,2014-01-01,/76huTraHcPSij88QwWGehPfu8aQ.jpg,0,0,0,0,0,0,,False,,Horror,,
1518962,,French Kills,French Kills,en,,,2015-01-01,/c1HTsUcLFJT4aSPE9xHBVcfsSHj.jpg,0,0,0,0,0,0,,False,,Horror,,
1519067,,Offline,Offline,en,,,2015-01-01,/n8Lq27IAKa4v5UXyraFki0WXYhd.jpg,0,0,0,0,0,0,,False,,Horror,,
1519126,,The Curse of the Al Simhara Mummy,The Curse of the Al Simhara Mummy,en,,,2011-01-01,/fzkjVH9pEfI6VjgQKWMSjZolcTf.jpg,0,0,0,0,0,0,,False,,Horror,,
1519163,,Athas,Athas,en,,,2019-01-01,/rn8zPNh3n6J6yD69bNNbc8WBmgS.jpg,0,0,0,0,0,0,,False,,Horror,,
1520017,,Onionhead,Onionhead,en,,,2007-01-01,/4345dPMH9K7DgJcMgky1mSrIuDG.jpg,0,0,0,0,0,0,,False,,Horror,,
1520033,,He Came Home,He Came Home,en,,,2018-01-01,/zn961XQfwd2fMs8KEr31hRde4Mc.jpg,0,0,0,0,0,0,,False,,Horror,,
1520357,,The Woods,The Woods,en,,,2018-01-01,/A4KUFLhkCVtU5CmJL09RoLvtzMv.jpg,0,0,0,0,0,0,,False,,Horror,,
1521069,,Shelves,Shelves,en,,,2016-01-01,/iS1JbdcsELkfsgymIPMK8zTSE8l.jpg,0,0,0,0,0,0,,False,,Horror,,
1522536,,La Propuesta,La Propuesta,en,,,2021-01-01,/xGZvz0ARoau3BbuMccdIBkQUWwm.jpg,0,0,0,0,0,0,,False,,Horror,,
1522620,,Abercorn,Abercorn,en,,,2021-01-01,/94H99BJIbVCfRRuFsO4vUY1d8Sv.jpg,0,0,0,0,0,0,,False,,Horror,,
1523107,,The Furies,The Furies,en,,,2022-01-01,/aVTZP5VE5yNCUTpQDukXus9DVTZ.jpg,0,0,0,0,0,0,,False,,Horror,,
1523565,,"Devils, Dragons, and Vampires","Devils, Dragons, and Vampires",en,,,1999-01-01,/osagRCJ3SGjRa0OfKJfuzDkQZdy.jpg,0,0,0,0,0,0,,False,,Horror,,
1524107,,In the Deathroom,In the Deathroom,en,,,2009-01-01,/7Y90pVSZY7u8DQY7xyUpfJ5Dfon.jpg,0,0,0,0,0,0,,False,,Horror,,
1524128,,Basilisk,Basilisk,en,,,2017-01-01,/hwNqgbN8KPr9X4KMzbVVuxYaWBw.jpg,0,0,0,0,0,0,,False,,Horror,,
1524837,,Alice Otherlands: Leviathan,Alice Otherlands: Leviathan,en,,,2015-01-01,/gtHiwVePJprv574JuDy13YS9oGg.jpg,0,0,0,0,0,0,,False,,Horror,,
1524850,,Who's the Beast,Who's the Beast,en,,,2017-01-01,/y3xDmqNIlt1DCzhQ3U0Wy8hmaa.jpg,0,0,0,0,0,0,,False,,Horror,,
1525465,,Mutt,Mutt,en,,,2022-01-01,/5ByrvW8kttBVav9woktGuMQkT03.jpg,0,0,0,0,0,0,,False,,Horror,,
1526385,,Split Ends,Split Ends,en,,,2018-01-01,/50Dr8O5VZHFoy0CPoR3sgvqUu4L.jpg,0,0,0,0,0,0,,False,,Horror,,
1526837,,Home Invasion,Home Invasion,en,,,2017-01-01,/i6aA1aIogTNXJcQ13mMiKNk6Uka.jpg,0,0,0,0,0,0,,False,,Horror,,
1526900,,Burke and Hare: The Musical,Burke and Hare: The Musical,en,,,1997-01-01,/p7CJTIy8k6YXnagqr3Gibp5HYG5.jpg,0,0,0,0,0,0,,False,,Horror,,
1527063,,Womb,Womb,en,,,2013-01-01,/dqLnHrJLp26p3WNuMN9mASFXioI.jpg,0,0,0,0,0,0,,False,,Horror,,
1527201,,Dilarang Masuk!,Dilarang Masuk!,en,,,2016-01-01,/eqk2wTJ8hnBaK5xrJcz0DqvliNK.jpg,0,0,0,0,0,0,,False,,Horror,,
1527483,,In the Deathroom,In the Deathroom,en,,,2017-01-01,/7LQdSDMDC8dhHiUGyBtZesVsKkB.jpg,0,0,0,0,0,0,,False,,Horror,,
1527670,,Royal: Quiet Deluxe,Royal: Quiet Deluxe,en,,,2020-01-01,/i3yIewlDCVpABNdeRbUQI84Lrjm.jpg,0,0,0,0,0,0,,False,,Horror,,
1527691,,The Milkman,The Milkman,en,,,2022-01-01,/3eKOV8WortRoC7ueV2wn4GTlrGU.jpg,0,0,0,0,0,0,,False,,Horror,,
1528292,,Bamboozled,Bamboozled,en,,,2019-01-01,/n9fFGZKyMBhtwvt5I54r3bQjnRv.jpg,0,0,0,0,0,0,,False,,Horror,,
1528436,,Somebody's Territory,Somebody's Territory,en,,,2022-01-01,/xqWih630gsz8ywZicjyWgae63WK.jpg,0,0,0,0,0,0,,False,,Horror,,
1529179,,The Big Shave,The Big Shave,en,,,2008-01-01,/ug8z1tnl8b2GEKMOKbfvXfjq0sP.jpg,0,0,0,0,0,0,,False,,Horror,,
1529205,,Stuck,Stuck,en,,,2022-01-01,/qlPe8ujJwljDxmzbRoaAv201y3l.jpg,0,0,0,0,0,0,,False,,Horror,,
1529537,,Midnight,Midnight,en,,,2004-01-01,/oQODzN7fGr2c4W8B6s8zz9Vu6fj.jpg,0,0,0,0,0,0,,False,,Horror,,
1529716,,Wither,Wither,en,,,2012-01-01,/gnyB1mgm9BOz3GimZL6AMpq9Nob.jpg,0,0,0,0,0,0,,False,,Horror,,
1529792,,Hunted,Hunted,en,,,2019-01-01,/6KVMY7mtvfhb4mYiGYYWqZO6bqm.jpg,0,0,0,0,0,0,,False,,Horror,,
1529808,,Dawn of the Bed,Dawn of the Bed,en,,,2008-01-01,/qnRi3MTuN2af0QpYUAXYFS3EXnk.jpg,0,0,0,0,0,0,,False,,Horror,,
1530079,,28 Weeks Later: Rage,28 Weeks Later: Rage,en,,,2007-01-01,/6jV4OguCrbGN9aoMkiY9gHb1UOQ.jpg,0,0,0,0,0,0,,False,,Horror,,
1530129,,Secrets of the Dark House,Secrets of the Dark House,en,,,2013-01-01,/rnRHdsnwoDrC0b20mHjTipIAOlB.jpg,0,0,0,0,0,0,,False,,Horror,,
1530317,,Family First,Family First,en,,,2014-01-01,/uzi0FKHpkw6lJEBJYuB1axTXOuc.jpg,0,0,0,0,0,0,,False,,Horror,,
1531102,,Sticks,Sticks,en,,,2016-01-01,/uSTVCp9FusY52KRnwattYY8ua9O.jpg,0,0,0,0,0,0,,False,,Horror,,
1531265,,The Words of the Prophets,The Words of the Prophets,en,,,2016-01-01,/oIFiHGLA4iyMvnPLc3T8zSGGoS0.jpg,0,0,0,0,0,0,,False,,Horror,,
1532032,,Iso-pocalyptis,Iso-pocalyptis,en,,,2020-01-01,/aGOeBmJvb26CiKFkxCozGVDyYMT.jpg,0,0,0,0,0,0,,False,,Horror,,
1532689,,My Tortured Beloved,My Tortured Beloved,en,,,2022-01-01,/9vf5s5oBwTecshUMpqeuVhAYZaz.jpg,0,0,0,0,0,0,,False,,Horror,,
1532703,,online,online,en,,,2021-01-01,/hOvH1MM4703Dz45iU7r7IsWywFz.jpg,0,0,0,0,0,0,,False,,Horror,,
1532800,,Midnight Rush,Midnight Rush,en,,,2022-01-01,/dXzV9Ij8jzrMQjOtydt05CZWIEs.jpg,0,0,0,0,0,0,,False,,Horror,,
1532805,,Family Ties,Family Ties,en,,,2022-01-01,/pzsbmenU236Bxv1tKq6FVZvZ1OR.jpg,0,0,0,0,0,0,,False,,Horror,,
1532810,,Six Degrees of Separation,Six Degrees of Separation,en,,,2022-01-01,/8LyLi48NIa3TtgFfyECSZ4JDlrg.jpg,0,0,0,0,0,0,,False,,Horror,,
1532922,,The Replacements,The Replacements,en,,,2022-01-01,/mhTruyJHeByFXS7qkB01j4C0ttY.jpg,0,0,0,0,0,0,,False,,Horror,,
1533087,,Bulls Creek,Bulls Creek,en,,,2022-01-01,/g1Kg8KNfeOlDoDRSFnQ8Mum7rkv.jpg,0,0,0,0,0,0,,False,,Horror,,
1533266,,Follower,Follower,en,,,2022-01-01,/aSYfGjccbWmgFnbDgs0vsIo3203.jpg,0,0,0,0,0,0,,False,,Horror,,
1533471,,Ornate,Ornate,en,,,2021-01-01,/l5J1MXxKGVrrHMGtwlHRxqsXRCD.jpg,0,0,0,0,0,0,,False,,Horror,,
1533564,,Bloodrunner Zero 2,Bloodrunner Zero 2,en,,,2018-01-01,/g1CaFASW28gaKG8Ij3LJTnH7Qx6.jpg,0,0,0,0,0,0,,False,,Horror,,
1533658,,Combust!,Combust!,en,,,2016-01-01,/3Q4habLwReJpPlzspADg9X7VFyq.jpg,0,0,0,0,0,0,,False,,Horror,,
1534508,,Trouble,Trouble,en,,,2019-01-01,/ln3eVKAo7mLnkBJbVsJCKzlsuNC.jpg,0,0,0,0,0,0,,False,,Horror,,
1534627,,Whitetail,Whitetail,en,,,2020-01-01,/sPqxfzw2cC6tjvP97Z549BX1Ksc.jpg,0,0,0,0,0,0,,False,,Horror,,
1534664,,Forest of the Dead Sharks,Forest of the Dead Sharks,en,,,2019-01-01,/AhIQtqASa5I2XIN8vOTQROmpqY5.jpg,0,0,0,0,0,0,,False,,Horror,,
1535344,,Harvey's Dream,Harvey's Dream,en,,,2007-01-01,/3sUKDCCcii2XHscJLW0PfGSea2O.jpg,0,0,0,0,0,0,,False,,Horror,,
1535799,,Paul's Dream,Paul's Dream,en,,,2007-01-01,/uD5mh9VeVCVjLkvIKuHGYhzVOMQ.jpg,0,0,0,0,0,0,,False,,Horror,,
1536445,,Russian psycho,Russian psycho,en,,,2022-01-01,/nKE4BbYy2ySVsSx9kqEfiwKwex4.jpg,0,0,0,0,0,0,,False,,Horror,,
1536702,,Harvey's Dream,Harvey's Dream,en,,,2012-01-01,/fchIPLIMe79IDfXSxRigyByxHe5.jpg,0,0,0,0,0,0,,False,,Horror,,
1537026,,Harvey's Dream,Harvey's Dream,en,,,2012-01-01,/x9Y2EJNvMxCFDL5JVAg103EuHN4.jpg,0,0,0,0,0,0,,False,,Horror,,
1537039,,The Corridor,The Corridor,en,,,2022-01-01,/mw9cZOeRBt5L7oFW3JQSvUJl7hH.jpg,0,0,0,0,0,0,,False,,Horror,,
1537043,,The Door,The Door,en,,,2021-01-01,/gcdU4QcBIqYkRvYgQtF6Mh6rpGW.jpg,0,0,0,0,0,0,,False,,Horror,,
1537486,,The Sleuth Incident,The Sleuth Incident,en,,,2008-01-01,/n0xwBHCEKuhT5vthmWxnp70PlaP.jpg,0,0,0,0,0,0,,False,,Horror,,
1537654,,Puppet Master: Blitzkrieg Massacre,Puppet Master: Blitzkrieg Massacre,en,,,2018-01-01,/5L7Fuhahz5NW4yYZkkSMm5tJGRv.jpg,0,0,0,0,0,0,,False,,Horror,,
1537732,,Synthwave Horror: Night Of The Living Dead,Synthwave Horror: Night Of The Living Dead,en,,,2018-01-01,/yNrptqoCp269qbeOM0OpiY3JiT0.jpg,0,0,0,0,0,0,,False,,Horror,,
1538218,,Bike,Bike,en,,,2017-01-01,/j3cMY7gEbS7W7MYkUWTyYEkzAPv.jpg,0,0,0,0,0,0,,False,,Horror,,
1538537,,Legally Dead,Legally Dead,en,,,1998-01-01,/dT9Ree7VeR05C4J6xkrzlY4pLGa.jpg,0,0,0,0,0,0,,False,,Horror,,
1539009,,Epaaktuda the Lake,Epaaktuda the Lake,en,,,2011-01-01,/bzy9vA9TesiEjb4EoxN3OojGe5U.jpg,0,0,0,0,0,0,,False,,Horror,,
1539249,,Night Ride,Night Ride,en,,,1967-01-01,/omDuSDXRGX35qwpWgtSkHSRvbgb.jpg,0,0,0,0,0,0,,False,,Horror,,
1539251,,Mirror Mirror,Mirror Mirror,en,,,1969-01-01,/pHwImY1PqzzS1BwqxneEsRHNzFG.jpg,0,0,0,0,0,0,,False,,Horror,,
1539252,,Scarecrow,Scarecrow,en,,,1972-01-01,/zwFEukxUjFwHPVRt1SL5bn0x3Gl.jpg,0,0,0,0,0,0,,False,,Horror,,
1539764,,The Baphomet Séance,The Baphomet Séance,en,,,2021-01-01,/fzZejXkrKGJRgP7pQ66yup9bxUJ.jpg,0,0,0,0,0,0,,False,,Horror,,
1540003,,Unlucky Girl,Unlucky Girl,en,,,2014-01-01,/z7bxoaO0SBtrok1wQDrlANSolFC.jpg,0,0,0,0,0,0,,False,,Horror,,
1540050,,Six Shooter,Six Shooter,en,,,2013-01-01,/mPUFAbw1TlCM2BMvDNtfsUkUusz.jpg,0,0,0,0,0,0,,False,,Horror,,
1540415,,Vermibus,Vermibus,en,,,2012-01-01,/s7mQ2c1TDvWiZfxoPzuycbimyAm.jpg,0,0,0,0,0,0,,False,,Horror,,
1540579,,Hunter,Hunter,en,,,2022-01-01,/oZ7CHsk8vDnaYkTEJiEcuE2nBV8.jpg,0,0,0,0,0,0,,False,,Horror,,
1540652,,The New Necktie Strangler,The New Necktie Strangler,en,,,2011-01-01,/rGW12wuKXxG4OMNRBozrlAJSosw.jpg,0,0,0,0,0,0,,False,,Horror,,
1541134,,The Trapper Reborn,The Trapper Reborn,en,,,2022-01-01,/bX6csrCla67ANWlmw97gQDKGNg6.jpg,0,0,0,0,0,0,,False,,Horror,,
1542164,,Behind the Horror,Behind the Horror,en,,,2013-01-01,/zjInblHLsalPhEwqhM4WfT3E7iC.jpg,0,0,0,0,0,0,,False,,Horror,,
1542165,,Loquita,Loquita,en,,,2017-01-01,/fTB3LiQbP14UFgsHfE8Waaujp3U.jpg,0,0,0,0,0,0,,False,,Horror,,
1542207,,Mirrors,Mirrors,en,,,2022-01-01,/emNePiYSCccpI6tAaaShB28cMxU.jpg,0,0,0,0,0,0,,False,,Horror,,
1542217,,The Necktie Strangler Escapes,The Necktie Strangler Escapes,en,,,2016-01-01,/fAoPpZ93120vjdWGVlzoiBpzHjf.jpg,0,0,0,0,0,0,,False,,Horror,,
1542607,,Of The Dead,Of The Dead,en,,,2013-01-01,/lpq64rKeqxvK8284WxLdoDhewTj.jpg,0,0,0,0,0,0,,False,,Horror,,
1542706,,The Lost Footage,The Lost Footage,en,,,2018-01-01,/vuSHDWUGuQECwPivjPQmxVCaI97.jpg,0,0,0,0,0,0,,False,,Horror,,
1542720,,Wisp,Wisp,en,,,2013-01-01,/32zyd7WAFX10LOpU9UHGAi8Uyf3.jpg,0,0,0,0,0,0,,False,,Horror,,
1542756,,Row me bully boys home,Row me bully boys home,en,,,2022-01-01,/5tnFNT8JN8YcaQGkoHkK0W7E6SX.jpg,0,0,0,0,0,0,,False,,Horror,,
1543086,,Clowning Around,Clowning Around,en,,,2022-01-01,/tNRHMIEnfkB3jLz9ndsVsuRUI27.jpg,0,0,0,0,0,0,,False,,Horror,,
1545065,,Umbilical,Umbilical,en,,,2009-01-01,/vOrLoSYS6gEsA0uEHK5cFOkRM6V.jpg,0,0,0,0,0,0,,False,,Horror,,
1545469,,Echoes From The Grave,Echoes From The Grave,en,,,2022-01-01,/7Y5q5p2ogVfg5ul8j9RcUgPzU6.jpg,0,0,0,0,0,0,,False,,Horror,,
1545798,,Black Water,Black Water,en,,,2019-01-01,/aaej206RA4NDQeRgSW4dhDIiJdT.jpg,0,0,0,0,0,0,,False,,Horror,,
1545989,,Cinemaphobia,Cinemaphobia,en,,,2001-01-01,/x0aPaW3WQ7ZX2paeFCJOJT7FEB9.jpg,0,0,0,0,0,0,,False,,Horror,,
1546018,,Malarkey,Malarkey,en,,,2021-01-01,/cMd3dxfnRw1W5jCpAxeMYi4cogE.jpg,0,0,0,0,0,0,,False,,Horror,,
1546091,,Yondoo,Yondoo,en,,,2022-01-01,/vcMhIms1wZYHE1RCilVHj3VrRo1.jpg,0,0,0,0,0,0,,False,,Horror,,
1546170,,Where It's Warm,Where It's Warm,en,,,2022-01-01,/igJeXpRXI8zYXOaJSm3BkCktSCn.jpg,0,0,0,0,0,0,,False,,Horror,,
1546924,,Raisin Paste,Raisin Paste,en,,,2022-01-01,/oVxn7QzVbRhYMD10QBtIa9j8tOM.jpg,0,0,0,0,0,0,,False,,Horror,,
1547085,,NFsTeve,NFsTeve,en,,,2022-01-01,/7Y7hS4GoaArIt0nuLJE6AtTcMDL.jpg,0,0,0,0,0,0,,False,,Horror,,
1547525,,Poern,Poern,en,,,2015-01-01,/r8fGV7woxjrTAVMUFfBBUUmun2s.jpg,0,0,0,0,0,0,,False,,Horror,,
1547639,,Stagnant,Stagnant,en,,,2022-01-01,/6HpTzz7HNwnjInuJnvgU2gA2pSH.jpg,0,0,0,0,0,0,,False,,Horror,,
1548120,,The Itch,The Itch,en,,,2022-01-01,/iSTMVCnIpheYFSxf1s6qLHDyv4c.jpg,0,0,0,0,0,0,,False,,Horror,,
1548421,,The Summoning,The Summoning,en,,,2015-01-01,/qvYr7SkZ3CW5RSSTlST0CD0hRBc.jpg,0,0,0,0,0,0,,False,,Horror,,
1548647,,Big Wakes of Horror,Big Wakes of Horror,en,,,2004-01-01,/Hpan9fGAD07hfC6vC6EJ5cb3Ky.jpg,0,0,0,0,0,0,,False,,Horror,,
1548780,,The Burial,The Burial,en,,,2015-01-01,/ltBcfULzA0O09CbZk3DLWkLGl2v.jpg,0,0,0,0,0,0,,False,,Horror,,
1548951,,Resident Evil: Red Falls,Resident Evil: Red Falls,en,,,2013-01-01,/2IeJEK6Q4GvlJ2Bi8ADxZrv7iB2.jpg,0,0,0,0,0,0,,False,,Horror,,
1549004,,Lurker,Lurker,en,,,2009-01-01,/iyOMlfNUlKgVEyC0fDWXRkHoWE9.jpg,0,0,0,0,0,0,,False,,Horror,,
1549019,,Evil Night,Evil Night,en,,,2003-01-01,/6lFa7raqSJKmz2gPXSGkKHRfKAG.jpg,0,0,0,0,0,0,,False,,Horror,,
1549071,,Roommatez,Roommatez,en,,,2002-01-01,/iQw2M7HHdPVgOamOosdToUtaYJQ.jpg,0,0,0,0,0,0,,False,,Horror,,
1549075,,Gerry the Psychopath,Gerry the Psychopath,en,,,2018-01-01,/yqRbNsIfJ8GaFyQuigEJQ3C7goK.jpg,0,0,0,0,0,0,,False,,Horror,,
1549265,,Lustful Desires,Lustful Desires,en,,,2014-01-01,/7Ai7T49ikQeB6F2la9IAvTpklIz.jpg,0,0,0,0,0,0,,False,,Horror,,
1549629,,Restare,Restare,en,,,2022-01-01,/f0DUqL6dx4OwBYzOMQ0L3FFnnaK.jpg,0,0,0,0,0,0,,False,,Horror,,
1549799,,Servants’ Quarters,Servants’ Quarters,en,,,2016-01-01,/7tu09eNrRY1BeA44yACE2NW4cdn.jpg,0,0,0,0,0,0,,False,,Horror,,
1550238,,Rest Stop,Rest Stop,en,,,2015-01-01,/pWMfXhtn8o5ReCWLRpLTLkW9dyt.jpg,0,0,0,0,0,0,,False,,Horror,,
1550335,,One Last Trip,One Last Trip,en,,,2025-01-01,/9ozFqQ3HtbE5WdJInypySfoTkoH.jpg,0,0,0,0,0,0,,False,,Horror,,
1550388,,Rest Stop,Rest Stop,en,,,2018-01-01,/ajHpQiFKKz8xfQHqMkenNJdDkXc.jpg,0,0,0,0,0,0,,False,,Horror,,
1550505,,Jetsonio,Jetsonio,en,,,2021-01-01,/lIwA8fltj0B9E3D5MzIjth8fapU.jpg,0,0,0,0,0,0,,False,,Horror,,
1550772,,The Treat,The Treat,en,,,1972-01-01,/fdRvyEigyXyniab54j8Ez7oRJ4X.jpg,0,0,0,0,0,0,,False,,Horror,,
1550778,,The Disappearing Man,The Disappearing Man,en,,,1972-01-01,/aAUVbg0K1dMgginuqG4AHN73Wnb.jpg,0,0,0,0,0,0,,False,,Horror,,
1550963,,Slenderman Is In My House- Not Fake,Slenderman Is In My House- Not Fake,en,,,2013-01-01,/mH6BG5IwAcOUThdKdXhRxbls5Uw.jpg,0,0,0,0,0,0,,False,,Horror,,
1551150,,The NOTICE,The NOTICE,en,,,2020-01-01,/5OwIwDDcxxR4ra7xSggek9t9JFp.jpg,0,0,0,0,0,0,,False,,Horror,,
1551589,,The Turn of the Screw,The Turn of the Screw,en,,,2001-01-01,/cnvDFKLslfJO6XXzFUbyNgTAz1W.jpg,0,0,0,0,0,0,,False,,Horror,,
1551756,,"Hey, Melissa!","Hey, Melissa!",en,,,2022-01-01,/glGmoqXGHOC1izWHDdpZC66OD96.jpg,0,0,0,0,0,0,,False,,Horror,,
1551775,,Pennywise Returns,Pennywise Returns,en,,,2022-01-01,/kpVDPRRDFEZvO1OcWWyqDBNaSHO.jpg,0,0,0,0,0,0,,False,,Horror,,
1552279,,Catastrophe!,Catastrophe!,en,,,2015-01-01,/icvJkrOKl4qHzOtJqlxSRNjgdF0.jpg,0,0,0,0,0,0,,False,,Horror,,
1552554,,The Things They Left Behind,The Things They Left Behind,en,,,2017-01-01,/lkLqZUY3FmWwmBkcgYvL0nYpvpp.jpg,0,0,0,0,0,0,,False,,Horror,,
1553392,,The Red Suit,The Red Suit,en,,,2014-01-01,/SP4xxhXQxG71PSmrnmfrCj5GPZ.jpg,0,0,0,0,0,0,,False,,Horror,,
1553426,,Deathwatch,Deathwatch,en,,,2012-01-01,/lZyyNCoo6QtYZdO9QjMfOQ2oOVZ.jpg,0,0,0,0,0,0,,False,,Horror,,
1553787,,The Radio King,The Radio King,en,,,2019-01-01,/zLEQOCLTVZcUTcGNsGoPPKU88Z3.jpg,0,0,0,0,0,0,,False,,Horror,,
1553816,,Black Mamba,Black Mamba,en,,,2016-01-01,/htYtXh5bcU0MDad6DrJnT8tgVhS.jpg,0,0,0,0,0,0,,False,,Horror,,
1553944,,The Tale of the Blue Faced Man,The Tale of the Blue Faced Man,en,,,2022-01-01,/r2R69H9dP5i6TohVy0BYX9AZGB3.jpg,0,0,0,0,0,0,,False,,Horror,,
1554394,,Lizard's Leg and Owlet's Wing,Lizard's Leg and Owlet's Wing,en,,,1962-01-01,/6UC6PNRcdY5Wu1SKLQLf2YXgCEW.jpg,0,0,0,0,0,0,,False,,Horror,,
1554844,,Grizzly Redux,Grizzly Redux,en,,,2005-01-01,/4tK5yzRe3WRdxtjSDHGV3sUs3u2.jpg,0,0,0,0,0,0,,False,,Horror,,
1554886,,Recipe,Recipe,en,,,2016-01-01,/wnQWGTyKzxLcuZhrnMJjk8mGOG1.jpg,0,0,0,0,0,0,,False,,Horror,,
1556094,,Dunk,Dunk,en,,,2007-01-01,/xE49vG3SmlPxzmCpFiSBxYxLWx4.jpg,0,0,0,0,0,0,,False,,Horror,,
1556452,,The Twilight Zone Tower of Terror - Preshow,The Twilight Zone Tower of Terror - Preshow,en,,,1994-01-01,/gF9BdIL7Ojpte2OfSYUXB0Xy5qh.jpg,0,0,0,0,0,0,,False,,Horror,,
1557097,,The Songwriter,The Songwriter,en,,,2016-01-01,/3gs4fcNojHisAW8lZYAzrCpcmI.jpg,0,0,0,0,0,0,,False,,Horror,,
1557541,,Trick or Treat,Trick or Treat,en,,,1983-01-01,/qI9DOR4fvBuh9WaiXsYoVqefTXD.jpg,0,0,0,0,0,0,,False,,Horror,,
1557557,,Grandmother,Grandmother,en,,,2020-01-01,/pVFzDAZItuyypgGR4jjqu5yyRyd.jpg,0,0,0,0,0,0,,False,,Horror,,
1557562,,The Bug,The Bug,en,,,2020-01-01,/a1hiB10LgUbqYKUXqB3UT61kL4w.jpg,0,0,0,0,0,0,,False,,Horror,,
1557565,,Create-A-Companion,Create-A-Companion,en,,,2020-01-01,/4qAjzzLRFSDEgZygQ1mU2UB1gvX.jpg,0,0,0,0,0,0,,False,,Horror,,
1557568,,Dark Bulb,Dark Bulb,en,,,2021-01-01,/gDVYagLGr5EiUPHRo74Raz2HzIW.jpg,0,0,0,0,0,0,,False,,Horror,,
1558940,,Toothbrush,Toothbrush,en,,,2017-01-01,/46kjnxkm8NQjF6k8aBanh8QhbdP.jpg,0,0,0,0,0,0,,False,,Horror,,
1558950,,Bleeder,Bleeder,en,,,2016-01-01,/sdqDVGoApzgNXmgS85vmBGyLkke.jpg,0,0,0,0,0,0,,False,,Horror,,
1558955,,Who's Afraid of the Octopus Man?,Who's Afraid of the Octopus Man?,en,,,2016-01-01,/jChzJZmPYkLNP2gHThqB7KJnP8.jpg,0,0,0,0,0,0,,False,,Horror,,
1558960,,Take-Out,Take-Out,en,,,2009-01-01,/s1KcdZH2PTDxbW2asaAayn4pwgh.jpg,0,0,0,0,0,0,,False,,Horror,,
1559393,,Sanctum,Sanctum,en,,,1976-01-01,/eYDMqm3xUCbDONSdxe1TnfItBTN.jpg,0,0,0,0,0,0,,False,,Horror,,
1560057,,The Pharmacist,The Pharmacist,en,,,2007-01-01,/3X74CP2j5wTclS4WmpgEBiWAFYr.jpg,0,0,0,0,0,0,,False,,Horror,,
1560102,,Goodnight Darling,Goodnight Darling,en,,,2021-01-01,/vg5iC9HiSXckICnoXQoTHdcS9BO.jpg,0,0,0,0,0,0,,False,,Horror,,
1560608,,The Evil Within,The Evil Within,en,,,1998-01-01,/bDrpbckmtUw5OPIq91sdsOz8PV9.jpg,0,0,0,0,0,0,,False,,Horror,,
1561066,,Chainsaw,Chainsaw,en,,,2016-01-01,/VaFepFX2eUzpmQ7qHtAaRw3Jv8.jpg,0,0,0,0,0,0,,False,,Horror,,
1561415,,Memoir of a Cannibal,Memoir of a Cannibal,en,,,2015-01-01,/6Dbq677ha3hJtF9jaToSY8zubYZ.jpg,0,0,0,0,0,0,,False,,Horror,,
1561417,,The Veggie Masher,The Veggie Masher,en,,,2022-01-01,/2mN5Bd5lI8yzgbqfANeAfwb5eDj.jpg,0,0,0,0,0,0,,False,,Horror,,
1561725,,Secret Beach Party,Secret Beach Party,en,,,2011-01-01,/5HFxVdlpgld8sx6L4cBat7fGcrG.jpg,0,0,0,0,0,0,,False,,Horror,,
1562168,,Wendigo Blues,Wendigo Blues,en,,,2001-01-01,/8LWaoAT9QG5HuVx2vHI5mkGKd6t.jpg,0,0,0,0,0,0,,False,,Horror,,
1562195,,Stories From Tír na nÓg,Stories From Tír na nÓg,en,,,2021-01-01,/7COmPvlXmjYuq1zaV8TXKkGrCzK.jpg,0,0,0,0,0,0,,False,,Horror,,
1562254,,The Sacrifice,The Sacrifice,en,,,2008-01-01,/2gVhhPsAnrPtFj54yuczaPLQrEK.jpg,0,0,0,0,0,0,,False,,Horror,,
1562459,,LANDEaD,LANDEaD,en,,,2018-01-01,/lEmmrmtwrTpYB9r8kjrvGNgd6X7.jpg,0,0,0,0,0,0,,False,,Horror,,
1562478,,Cheap Thrill,Cheap Thrill,en,,,2020-01-01,/pT20dltntEhVYyQ7EByIrkGD6Ji.jpg,0,0,0,0,0,0,,False,,Horror,,
1562687,,The Hunter,The Hunter,en,,,2017-01-01,/oIWIdLBqCTbWEzkLyv4FgraGKXL.jpg,0,0,0,0,0,0,,False,,Horror,,
1562720,,Lost Dog,Lost Dog,en,,,2022-01-01,/r7DyUbPjqTSq4bVQD3uC046zOI8.jpg,0,0,0,0,0,0,,False,,Horror,,
1563145,,Freak Shack,Freak Shack,en,,,1994-01-01,/4dCViLfCJIPYSMR6nRUy6l0qb2F.jpg,0,0,0,0,0,0,,False,,Horror,,
1563184,,The Flesh Eating Menace,The Flesh Eating Menace,en,,,1994-01-01,/fUoCm1hzIL1SNUJFLQoTAYkz5ni.jpg,0,0,0,0,0,0,,False,,Horror,,
1564504,,Island of Torture,Island of Torture,en,,,2006-01-01,/tbYpv2LO0s6DlvaY7SaQ4nmQpCN.jpg,0,0,0,0,0,0,,False,,Horror,,
1564505,,Plastic Toys,Plastic Toys,en,,,2018-01-01,/td2pjxlxcAowk1ILWf7zK6u38sr.jpg,0,0,0,0,0,0,,False,,Horror,,
1564582,,Good Girl Lola,Good Girl Lola,en,,,2020-01-01,/XDs32WDyXv9HT8bXzOLIoXPmZu.jpg,0,0,0,0,0,0,,False,,Horror,,
1564594,,The Photograph,The Photograph,en,,,2003-01-01,/3dd1oPL7mzg4yG9ChyTR3sGGnWd.jpg,0,0,0,0,0,0,,False,,Horror,,
1564952,,Niflheim: Blood & Bullets,Niflheim: Blood & Bullets,en,,,2009-01-01,/eIQs8CjDyQZOI4OTJIGKoNM8WJN.jpg,0,0,0,0,0,0,,False,,Horror,,
1565047,,Proximity,Proximity,en,,,2013-01-01,/pDvL19DpAU5uj5h8ryu00oDrbto.jpg,0,0,0,0,0,0,,False,,Horror,,
1565049,,Space Werewolf,Space Werewolf,en,,,2012-01-01,/6U92fB4Dzm0lzGEsyPiD3qOi2aw.jpg,0,0,0,0,0,0,,False,,Horror,,
1565052,,Spira,Spira,en,,,2012-01-01,/e6YBgkzmKhkuCci6PrHVahRGBa9.jpg,0,0,0,0,0,0,,False,,Horror,,
1565055,,The Curse,The Curse,en,,,2012-01-01,/vuB2DPrk5y187mzB9gr6CcTQWoE.jpg,0,0,0,0,0,0,,False,,Horror,,
1565057,,The Disappointment of Jonathan Bender,The Disappointment of Jonathan Bender,en,,,2012-01-01,/fiy1ju5t2nUTCH03nvdlQuOaVfc.jpg,0,0,0,0,0,0,,False,,Horror,,
1565061,,Therion,Therion,en,,,2011-01-01,/hTm6kqzacICx1kid6TbKexS2M7k.jpg,0,0,0,0,0,0,,False,,Horror,,
1565218,,The Lost Will of Dr. Rant,The Lost Will of Dr. Rant,en,,,1951-01-01,/w4Psy4AoB7O9QxzADquHl19LwLt.jpg,0,0,0,0,0,0,,False,,Horror,,
1565248,,Dance of the Dragon,Dance of the Dragon,en,,,1987-01-01,/vsGg2go0f8PedJxq9A1qUhFqlO9.jpg,0,0,0,0,0,0,,False,,Horror,,
1565265,,The Dust,The Dust,en,,,1986-01-01,/6omLwVvAYIdE2XLzdNQjLK2E8bF.jpg,0,0,0,0,0,0,,False,,Horror,,
1565477,,Weed Wolves,Weed Wolves,en,,,2017-01-01,/82FbkKxnV8nTN5RJ8xbikYvyiiC.jpg,0,0,0,0,0,0,,False,,Horror,,
1565944,,Another Missing Person,Another Missing Person,en,,,2018-01-01,/iAo2ev0yVWmADlZtUNNnqp2fLty.jpg,0,0,0,0,0,0,,False,,Horror,,
1566379,,Manther,Manther,en,,,2017-01-01,/tKP91ObIpvRbCVvVJAfMVVCi7dp.jpg,0,0,0,0,0,0,,False,,Horror,,
1566402,,Show Us Responding: Home Invasion,Show Us Responding: Home Invasion,en,,,2022-01-01,/vnVQsmk7MHf20hXKj5RvfVF1otE.jpg,0,0,0,0,0,0,,False,,Horror,,
1566416,,Fire Side Chat,Fire Side Chat,en,,,2021-01-01,/qYsqzSfzm1G0CQVWBYbzEgqnejb.jpg,0,0,0,0,0,0,,False,,Horror,,
1566551,,Night Five,Night Five,en,,,2022-01-01,/ySmiaTnFV7uM7EnMDlmga7cMVvy.jpg,0,0,0,0,0,0,,False,,Horror,,
1566667,,Night Night,Night Night,en,,,2022-01-01,/4EOkJXIQG7cHT2wjTbWb4pKHcEm.jpg,0,0,0,0,0,0,,False,,Horror,,
1566873,,Honey Wants Blood,Honey Wants Blood,en,,,2021-01-01,/9aR4OKMqf2TWaEuHirgRaDftuME.jpg,0,0,0,0,0,0,,False,,Horror,,
1567594,,The Indestructible,The Indestructible,en,,,2016-01-01,/utLQG9fBOVk5bg8ivKHEpqvQb5T.jpg,0,0,0,0,0,0,,False,,Horror,,
1567776,,The Monkey's Paw,The Monkey's Paw,en,,,2003-01-01,/xjpiRsVTyI2jav0w25c9MnDszJ9.jpg,0,0,0,0,0,0,,False,,Horror,,
1567792,,Trick 'r Treat: Snowmen,Trick 'r Treat: Snowmen,en,,,2012-01-01,/z8JDQx9WzTWRJFUXJ6453yoAe5F.jpg,0,0,0,0,0,0,,False,,Horror,,
1568067,,You'll Die Laughing,You'll Die Laughing,en,,,2003-01-01,/sMyhwuk2PCnreOXBVv7CSnsQpYD.jpg,0,0,0,0,0,0,,False,,Horror,,
1568257,,The Trunk,The Trunk,en,,,2021-01-01,/tvIYewuUXr3vRJ2ZV8qvxBgOihb.jpg,0,0,0,0,0,0,,False,,Horror,,
1568334,,The Ballerina,The Ballerina,en,,,2021-01-01,/tTXxtf7PZ9fqq0OQfxZ6TgQ5LXB.jpg,0,0,0,0,0,0,,False,,Horror,,
1568421,,Demons,Demons,en,,,2016-01-01,/klWBoaKBqZnesbXRRw5Lth1DFdx.jpg,0,0,0,0,0,0,,False,,Horror,,
1568729,,Bloody Bloodsuckers That Bite,Bloody Bloodsuckers That Bite,en,,,2013-01-01,/lzZZtwjcehXEflUR8HudzDxjy6E.jpg,0,0,0,0,0,0,,False,,Horror,,
1569014,,Who's There?,Who's There?,en,,,2017-01-01,/gRkP7VCCHlrz2KXNGKO0Xcxomt4.jpg,0,0,0,0,0,0,,False,,Horror,,
1569153,,Comfort,Comfort,en,,,2018-01-01,/uAa7EXquzWtwB28sY3gSgrUzHm8.jpg,0,0,0,0,0,0,,False,,Horror,,
1569175,,Crimson the Sleeping Owl,Crimson the Sleeping Owl,en,,,2014-01-01,/l1KGOPB559Njt2IylxETFzqs83s.jpg,0,0,0,0,0,0,,False,,Horror,,
1569194,,Cube Zombies,Cube Zombies,en,,,2007-01-01,/77hR5OCv33yyjJouW9CtXoX2ML3.jpg,0,0,0,0,0,0,,False,,Horror,,
1569284,,Friday Night Death Slot,Friday Night Death Slot,en,,,2019-01-01,/kSdssf8vkq0EPJKOuMDPZb1haeC.jpg,0,0,0,0,0,0,,False,,Horror,,
1569299,,Gremlins: Recall,Gremlins: Recall,en,,,2017-01-01,/yjLOqk1qavXGfoxupFhFEXHSJUD.jpg,0,0,0,0,0,0,,False,,Horror,,
1569312,,Insania,Insania,en,,,2016-01-01,/2CMybdTU1bP0Yqdcpy2JEwLRiQ4.jpg,0,0,0,0,0,0,,False,,Horror,,
1569333,,Itch,Itch,en,,,2017-01-01,/cUN5OXWggojsxrVDp0fHLVbOoy1.jpg,0,0,0,0,0,0,,False,,Horror,,
1569349,,Last Month's Rent,Last Month's Rent,en,,,2015-01-01,/qc9OHGgYA97C3aOfCDzeYjJ5IYO.jpg,0,0,0,0,0,0,,False,,Horror,,
1569454,,Verrückt,Verrückt,en,,,2020-01-01,/kfPHu7MFEU3kaHHTfLdidNfW2y7.jpg,0,0,0,0,0,0,,False,,Horror,,
1569463,,Fatal Rejuvenation,Fatal Rejuvenation,en,,,2022-01-01,/mJQocReGY98WEDfg71l61nORL7i.jpg,0,0,0,0,0,0,,False,,Horror,,
1569494,,Once Upon a Haunting,Once Upon a Haunting,en,,,2016-01-01,/iadyYoQo8vXNEWwWHjGGF1VHHqG.jpg,0,0,0,0,0,0,,False,,Horror,,
1569912,,Léa,Léa,en,,,2017-01-01,/eZq0nCHZ8dzO65FKFz3qRFN17rd.jpg,0,0,0,0,0,0,,False,,Horror,,
1569923,,Murder on Marburg,Murder on Marburg,en,,,2016-01-01,/pfBHQi9jeO6iTneh48bJjjgm5iV.jpg,0,0,0,0,0,0,,False,,Horror,,
1569933,,My Possessed Sister,My Possessed Sister,en,,,2018-01-01,/vfydNx3i3NyJ6yroeyxjnWaFmwm.jpg,0,0,0,0,0,0,,False,,Horror,,
1569940,,Neon Sinners,Neon Sinners,en,,,2018-01-01,/zEcenDNilQpm0ZEy8QuH1DxjV60.jpg,0,0,0,0,0,0,,False,,Horror,,
1569954,,Night In,Night In,en,,,2017-01-01,/ooBqH5uTYaE8YqRyF3XAxFMU6B4.jpg,0,0,0,0,0,0,,False,,Horror,,
1570458,,Night Terrors,Night Terrors,en,,,2016-01-01,/poeqnZUu26HUwr64oDMqrzwgM7J.jpg,0,0,0,0,0,0,,False,,Horror,,
1570473,,Blue Mountain Motel,Blue Mountain Motel,en,,,2016-01-01,/lc8BAvJs3Yxu5zdxWLARDiL8ejS.jpg,0,0,0,0,0,0,,False,,Horror,,
1570819,,Over - Ride 'Narc Island',Over - Ride 'Narc Island',en,,,2021-01-01,/lhzDYcUFdF7pN0mFP2uP8YXy1tX.jpg,0,0,0,0,0,0,,False,,Horror,,
1571305,,Kalte Tage,Kalte Tage,en,,,1991-01-01,/kS42ZmGdoknHQoPy96bMpU4OyY6.jpg,0,0,0,0,0,0,,False,,Horror,,
1571445,,The Scarlet Geisha,The Scarlet Geisha,en,,,2022-01-01,/orMfi4agc12SeoKr0YJdb6S7H39.jpg,0,0,0,0,0,0,,False,,Horror,,
1571466,,Grave Expectations,Grave Expectations,en,,,2018-01-01,/xS9cZTDWZzuLcsgXSHEUyZZKwc4.jpg,0,0,0,0,0,0,,False,,Horror,,
1571706,,Halloween Night,Halloween Night,en,,,2020-01-01,/6yNLmxqDkotyWzSyjOMVgSGGejh.jpg,0,0,0,0,0,0,,False,,Horror,,
1571735,,The Tall-N-Short Halloween Special - Vol. I,The Tall-N-Short Halloween Special - Vol. I,en,,,2020-01-01,/dNqi4fjFsx1zjHTuB1T2gfzOlRa.jpg,0,0,0,0,0,0,,False,,Horror,,
1571742,,The Tall-N-Short Halloween Special - Vol. III,The Tall-N-Short Halloween Special - Vol. III,en,,,2022-01-01,/vgLvQiWiv4fvDeGKazoco1Zc3r1.jpg,0,0,0,0,0,0,,False,,Horror,,
1571912,,CH1-0,CH1-0,en,,,1984-01-01,/lOv9Ozv7xMJEGnM4X48GURh8UeD.jpg,0,0,0,0,0,0,,False,,Horror,,
1571925,,A Halloween Tale,A Halloween Tale,en,,,1987-01-01,/c1AFnNujYTpFeq2leocLF8azuB0.jpg,0,0,0,0,0,0,,False,,Horror,,
1571929,,Ghoul School Pilot Film,Ghoul School Pilot Film,en,,,1988-01-01,/whiGOe4fxvRqMCVrJ40L17Imro7.jpg,0,0,0,0,0,0,,False,,Horror,,
1571930,,The Halloween Takeover,The Halloween Takeover,en,,,1989-01-01,/pVH8pgiA8MwI5vskqAKCx1Kc0vo.jpg,0,0,0,0,0,0,,False,,Horror,,
1571933,,Zombies at the Window,Zombies at the Window,en,,,1989-01-01,/ijNxEYmrJmFxEiTpS6M9bnPoBQ3.jpg,0,0,0,0,0,0,,False,,Horror,,
1571934,,Creepy Tales,Creepy Tales,en,,,1989-01-01,/komn1QzzTg28FbkwNGU7ptLMUVp.jpg,0,0,0,0,0,0,,False,,Horror,,
1571937,,Night of the Living Den,Night of the Living Den,en,,,1992-01-01,/dsExmCTo1N53nSVanYWjEmB655j.jpg,0,0,0,0,0,0,,False,,Horror,,
1572119,,The Glitch,The Glitch,en,,,2020-01-01,/1yNuppT8jHYTf4LwNMvPIkXoMY6.jpg,0,0,0,0,0,0,,False,,Horror,,
1572580,,THE RISE OF THE EVIL OWL,THE RISE OF THE EVIL OWL,en,,,2020-01-01,/yKlDjwPnh4c9OmIOLdRIbcEWLok.jpg,0,0,0,0,0,0,,False,,Horror,,
1572996,,The Zombie's Control,The Zombie's Control,en,,,2009-01-01,/b03h7ELds04rKhs3PhheErUxfGP.jpg,0,0,0,0,0,0,,False,,Horror,,
1573119,,Insomnium,Insomnium,en,,,2022-01-01,/xpNAKgR03yHJN5sA1PzkiHPWPf4.jpg,0,0,0,0,0,0,,False,,Horror,,
1573390,,Spirit Trap,Spirit Trap,en,,,2007-01-01,/8srX2Vf0fMqp7jQEJWjURysn2xf.jpg,0,0,0,0,0,0,,False,,Horror,,
1573402,,Spirit Trap II,Spirit Trap II,en,,,2014-01-01,/sz19gACXAOK4PUopB8TkbttAlXR.jpg,0,0,0,0,0,0,,False,,Horror,,
1573408,,Patient Zero,Patient Zero,en,,,2015-01-01,/rNgKJoPeyvijDK7kRowUxxXZIFs.jpg,0,0,0,0,0,0,,False,,Horror,,
1573717,,Red Winter,Red Winter,en,,,2022-01-01,/pzXNY3ToXVs8wF9kKrfyLWfEJ9F.jpg,0,0,0,0,0,0,,False,,Horror,,
1573740,,One Monday,One Monday,en,,,2020-01-01,/jNokxsgWCzDrhPRYZYDTylk0w4o.jpg,0,0,0,0,0,0,,False,,Horror,,
1573917,,Gore,Gore,en,,,2018-01-01,/5xwGLQWiaTH6d6am5yJYTLFJbZF.jpg,0,0,0,0,0,0,,False,,Horror,,
1573929,,Dog Skin and Other Stories,Dog Skin and Other Stories,en,,,2019-01-01,/ffl5zJqaDtA2ji9UOXmYytIGHgj.jpg,0,0,0,0,0,0,,False,,Horror,,
1574254,,Graduation Afternoon,Graduation Afternoon,en,,,2014-01-01,/he6ijbJOFSPfRwdaWzIJ0QusEIn.jpg,0,0,0,0,0,0,,False,,Horror,,
1575007,,Undetected,Undetected,en,,,2018-01-01,/vD9rF5YoFAZYa7rnmKrqkd9CrsK.jpg,0,0,0,0,0,0,,False,,Horror,,
1575465,,The Master of the Discipline,The Master of the Discipline,en,,,1984-01-01,/zUtheTN2jfDp1dZmbCKXi16wtoB.jpg,0,0,0,0,0,0,,False,,Horror,,
1575995,,The Goodnight Mother,The Goodnight Mother,en,,,2022-01-01,/97Qk9BBEFQqFxVjAEVGhFZJ0ghK.jpg,0,0,0,0,0,0,,False,,Horror,,
1576678,,The Exorcism,The Exorcism,en,,,1972-01-01,/Av7qPhQfeGCrIME5Gt9U4GSY85v.jpg,0,0,0,0,0,0,,False,,Horror,,
1577295,,I Am Lonely,I Am Lonely,en,,,2011-01-01,/nPMIetK4iiYHIhNmnqHxY3jBK2z.jpg,0,0,0,0,0,0,,False,,Horror,,
1577317,,Dead Rush,Dead Rush,en,,,2013-01-01,/oxYUv1c9YCvqzTECnuFiLYBnkz7.jpg,0,0,0,0,0,0,,False,,Horror,,
1577323,,Apocalypse Marathon,Apocalypse Marathon,en,,,2013-01-01,/wvVRg8ycIPezy9SwK3wrf6GpHFn.jpg,0,0,0,0,0,0,,False,,Horror,,
1577795,,The Grim Reaper,The Grim Reaper,en,,,1961-01-01,/rLIe5uBPPKw1TnfAmBqHtelI1vV.jpg,0,0,0,0,0,0,,False,,Horror,,
1577821,,The Rise of Shebelby,The Rise of Shebelby,en,,,2021-01-01,/mnIewsHmLwO8tvxIxJTxbkIAkGb.jpg,0,0,0,0,0,0,,False,,Horror,,
1577945,,The Blair Jake Project,The Blair Jake Project,en,,,2022-01-01,/yOlWl1CK2Yd4CclWs1XIt8RGqCT.jpg,0,0,0,0,0,0,,False,,Horror,,
1578059,,The Return,The Return,en,,,2021-01-01,/st41MNz2Jyf5Nx1Vgb8LPBSnyeg.jpg,0,0,0,0,0,0,,False,,Horror,,
1578424,,New Year's Day,New Year's Day,en,,,2008-01-01,/iH5SqQu0zAPHMBQF6HWgxxLnZ3m.jpg,0,0,0,0,0,0,,False,,Horror,,
1578884,,The Loneliest Little Boy In The World,The Loneliest Little Boy In The World,en,,,2000-01-01,/3XfWGGLeikyQUsbHeMXH1cEMwoY.jpg,0,0,0,0,0,0,,False,,Horror,,
1579288,,Bad Habits,Bad Habits,en,,,2018-01-01,/m34J2Lyo447XwI30O4R3i18a5YH.jpg,0,0,0,0,0,0,,False,,Horror,,
1579694,,Elliot,Elliot,en,,,2021-01-01,/t4SUzYMSK2Ip6sb0L7xhoqakoaJ.jpg,0,0,0,0,0,0,,False,,Horror,,
1580421,,A Midnight Snack,A Midnight Snack,en,,,2016-01-01,/4AKZqrxhTVpidlcWNxFvTXF9xhO.jpg,0,0,0,0,0,0,,False,,Horror,,
1582251,,Home Kill,Home Kill,en,,,2000-01-01,/vyNmvc7XiMd2qN3Q55uurEwnYVH.jpg,0,0,0,0,0,0,,False,,Horror,,
1582908,,Get Home Safe,Get Home Safe,en,,,2022-01-01,/6fQNu0kXC4p4ZD3KdtHi1yS9Qgv.jpg,0,0,0,0,0,0,,False,,Horror,,
1583207,,Alma Mater,Alma Mater,en,,,2021-01-01,/44q9IZ6ePYO4SODMVWR4yf605LQ.jpg,0,0,0,0,0,0,,False,,Horror,,
1584033,,The Shadow People,The Shadow People,en,,,2011-01-01,/t6FrVoyqICqFfnzxiPC6SQkNGSy.jpg,0,0,0,0,0,0,,False,,Horror,,
1584039,,While You Pray,While You Pray,en,,,2018-01-01,/t8oo5hNGttg5ypCiQjSf7da8WAq.jpg,0,0,0,0,0,0,,False,,Horror,,
1584068,,The Psychiatrist,The Psychiatrist,en,,,2020-01-01,/be5pTMPZBRJ7BlwCjEWhQZJ6r4d.jpg,0,0,0,0,0,0,,False,,Horror,,
1584091,,Trapped,Trapped,en,,,2020-01-01,/lN2HjtRKeIh4VAB2sn1kZbtYh39.jpg,0,0,0,0,0,0,,False,,Horror,,
1584167,,JUICES,JUICES,en,,,2020-01-01,/uTjKLpnw92rKJe9qqWkrIm2blCi.jpg,0,0,0,0,0,0,,False,,Horror,,
1584675,,The Momo Killer,The Momo Killer,en,,,2022-01-01,/nC7TWH6tmfws9kRpSbM652fo1Mz.jpg,0,0,0,0,0,0,,False,,Horror,,
1585594,,Inimigo Desconhecido,Inimigo Desconhecido,en,,,2020-01-01,/q0UzQSvSJ8rfiRVNmA8UNeJWMQz.jpg,0,0,0,0,0,0,,False,,Horror,,
1585772,,Goosebumps: Be Careful What You Wish For...,Goosebumps: Be Careful What You Wish For...,en,,,1996-01-01,/kxozBAF99FZZLUJYiTngoTFQ3pD.jpg,0,0,0,0,0,0,,False,,Horror,,
1585921,,The Grand River Massacre,The Grand River Massacre,en,,,2022-01-01,/rJUQHoypJjLCOKgGtTcqXdeOYEu.jpg,0,0,0,0,0,0,,False,,Horror,,
1586019,,The Cure,The Cure,en,,,2013-01-01,/QYSDB5QQjDejJtvHjtOPOU9ytK.jpg,0,0,0,0,0,0,,False,,Horror,,
1586441,,Senescent,Senescent,en,,,2017-01-01,/eKFLQTaUqWEeoJjPcLoiPkTT7e8.jpg,0,0,0,0,0,0,,False,,Horror,,
1587613,,Time's Up,Time's Up,en,,,2018-01-01,/kymAhAtk6WYLNvEK3kM4UdyjEBO.jpg,0,0,0,0,0,0,,False,,Horror,,
1588197,,Dystopia,Dystopia,en,,,2017-01-01,/3Yjpxg9r4qP1mxAQ85SBGlWE4vk.jpg,0,0,0,0,0,0,,False,,Horror,,
1588744,,Friday the 31st,Friday the 31st,en,,,1985-01-01,/wYLWfn4xUKLirqWEHH10UErAXgN.jpg,0,0,0,0,0,0,,False,,Horror,,
1589348,,Corpse,Corpse,en,,,2019-01-01,/zPKAqgllx3w9oo9Bk09JZt2pXHc.jpg,0,0,0,0,0,0,,False,,Horror,,
1589520,,Jason Goes Back to Hell,Jason Goes Back to Hell,en,,,2021-01-01,/tyEdytui2HYUhESoNN8cLZ7KVb5.jpg,0,0,0,0,0,0,,False,,Horror,,
1589874,,Paranormal Drunktivity,Paranormal Drunktivity,en,,,2020-01-01,/51S7dnWWwR1fN1V2zGPnW2XVHG6.jpg,0,0,0,0,0,0,,False,,Horror,,
1589890,,The Closet,The Closet,en,,,2015-01-01,/v6Kx7zwn5Zx1r8PloxZRQZ6ueLx.jpg,0,0,0,0,0,0,,False,,Horror,,
1590109,,Angry and Moist: An Undead Chronicle,Angry and Moist: An Undead Chronicle,en,,,2004-01-01,/8CIzr1ZdbnXe3yTbaiowKTzhgzk.jpg,0,0,0,0,0,0,,False,,Horror,,
1590122,,The Oxenhope Experiment,The Oxenhope Experiment,en,,,2009-01-01,/bEthkbiMFf6oDluj8z5qksF4RvM.jpg,0,0,0,0,0,0,,False,,Horror,,
1590133,,Expiation,Expiation,en,,,2013-01-01,/pkLhtSzK57cnD0VtBp9TWNVHHMV.jpg,0,0,0,0,0,0,,False,,Horror,,
1590143,,H.P. Lovecraft's The Book,H.P. Lovecraft's The Book,en,,,2008-01-01,/stLg1Qk0Mswp7BfRKofX9WhMILH.jpg,0,0,0,0,0,0,,False,,Horror,,
1590690,,The Silhouette,The Silhouette,en,,,2022-01-01,/8tHQMgVeNWHAGGWdLPeNlUNzr6Z.jpg,0,0,0,0,0,0,,False,,Horror,,
1591083,,The Devil of Christmas,The Devil of Christmas,en,,,2016-01-01,/csz6h2AflzJhKyR2PZ700IMXmYH.jpg,0,0,0,0,0,0,,False,,Horror,,
1591847,,Ella,Ella,en,,,2021-01-01,/lPAd2jNOC1iBaeiiyPyt2E1dfyH.jpg,0,0,0,0,0,0,,False,,Horror,,
1592257,,Jason Xmas,Jason Xmas,en,,,2014-01-01,/7OdF5OOe1yiADOBtu7Q0kpf3Tdr.jpg,0,0,0,0,0,0,,False,,Horror,,
1592491,,Night of the Living Dead: 30th Anniversary Edition 1999,Night of the Living Dead: 30th Anniversary Edition 1999,en,,,1999-01-01,/hZsRzrTWPsCg3tfBesDK19CNS7l.jpg,0,0,0,0,0,0,,False,,Horror,,
1592995,,The Ho Ho Howling,The Ho Ho Howling,en,,,2019-01-01,/5ZtgBKiSDx3rfJz9UXmMv8cLOQ6.jpg,0,0,0,0,0,0,,False,,Horror,,
1593645,,Garden Plot,Garden Plot,en,,,2022-01-01,/31QjYOEHNfQ5cyqlBThacUqUq0S.jpg,0,0,0,0,0,0,,False,,Horror,,
1594321,,The Call Center from Hell,The Call Center from Hell,en,,,2021-01-01,/wlOkHAOV3g6Ej9Gbd7BGyVRN5SB.jpg,0,0,0,0,0,0,,False,,Horror,,
1594623,,Day of the Stalking Horror,Day of the Stalking Horror,en,,,1980-01-01,/bJO25p26tRtMxP1F0MBcHwjlbZy.jpg,0,0,0,0,0,0,,False,,Horror,,
1594627,,Friday 13,Friday 13,en,,,1973-01-01,/kAVOEfEqaK1iaypLwjfLiKhXjYI.jpg,0,0,0,0,0,0,,False,,Horror,,
1595174,,Best Christmas Ever,Best Christmas Ever,en,,,2020-01-01,/3FgKLvb4Xk02bAuMeVX1WDtkMlo.jpg,0,0,0,0,0,0,,False,,Horror,,
1595421,,The Eye,The Eye,en,,,2015-01-01,/h7guw7alGMXr2ukBYg6u8Sl08N8.jpg,0,0,0,0,0,0,,False,,Horror,,
1595914,,Patient Zero,Patient Zero,en,,,2014-01-01,/itDT3FuWC0ROiqRnizOMYcr2L5d.jpg,0,0,0,0,0,0,,False,,Horror,,
1595916,,The Malevolent,The Malevolent,en,,,2014-01-01,/vfmjg7VTZ1CnlUFQtLBGjzzCMTT.jpg,0,0,0,0,0,0,,False,,Horror,,
1596484,,Trick 'r Treat: Back to School,Trick 'r Treat: Back to School,en,,,2011-01-01,/kc4jc0hO6pLbfVUrvNMk5ieEn0b.jpg,0,0,0,0,0,0,,False,,Horror,,
1597082,,Afterlife,Afterlife,en,,,2002-01-01,/2liHFXfsjRIe8rZbkHenEQvSAyw.jpg,0,0,0,0,0,0,,False,,Horror,,
1597529,,Saint Lucy's Day,Saint Lucy's Day,en,,,2020-01-01,/31Ifp8EbaFIOLqDrypPFgUcgU8x.jpg,0,0,0,0,0,0,,False,,Horror,,
1597656,,The Mannequin Man,The Mannequin Man,en,,,2022-01-01,/2B0qzuhBnxrRiNuRpIrFNvnIOLR.jpg,0,0,0,0,0,0,,False,,Horror,,
1597702,,Dice Man,Dice Man,en,,,2017-01-01,/nHIjJMj8q6BpxkyOEtEFrNyhPGj.jpg,0,0,0,0,0,0,,False,,Horror,,
1598093,,Uncontrol,Uncontrol,en,,,2021-01-01,/xo1JbajVRWSNXvig5KN0aeiNbT2.jpg,0,0,0,0,0,0,,False,,Horror,,
1598211,,Local 58,Local 58,en,,,2017-01-01,/aGWVYapXcPXH49lgacN3s5KfpjH.jpg,0,0,0,0,0,0,,False,,Horror,,
1598217,,Gemini Home Entertainment,Gemini Home Entertainment,en,,,2019-01-01,/eFo9fGWkxWtab37E2WqhfqYi5Gz.jpg,0,0,0,0,0,0,,False,,Horror,,
1598247,,Wolf Meat,Wolf Meat,en,,,2022-01-01,/7IquX8oVhpX5H2whCP0sf8QElZB.jpg,0,0,0,0,0,0,,False,,Horror,,
1598472,,Strangled Accomplice,Strangled Accomplice,en,,,2012-01-01,/vAyfuib20LxCzSIFRqBW7tliV55.jpg,0,0,0,0,0,0,,False,,Horror,,
1598484,,Deadzones,Deadzones,en,,,2022-01-01,/yKNxmcvyyArfDNQ08lBD5CK7SmE.jpg,0,0,0,0,0,0,,False,,Horror,,
1599463,,Strangled Twins,Strangled Twins,en,,,2003-01-01,/slEnxyKLaLq3bwpIA8rlmAdmfUv.jpg,0,0,0,0,0,0,,False,,Horror,,
1599958,,Naughty or Nice,Naughty or Nice,en,,,2021-01-01,/ag8pTBaPRIAATakbFgqREtrJAX1.jpg,0,0,0,0,0,0,,False,,Horror,,
1600671,,The Colour Red,The Colour Red,en,,,2017-01-01,/gc727MelO3XnfhIcnhQ3f3VaWK5.jpg,0,0,0,0,0,0,,False,,Horror,,
1601123,,Attrition,Attrition,en,,,2017-01-01,/tCmnqRa9AYORmRBmkB7oDcssQRG.jpg,0,0,0,0,0,0,,False,,Horror,,
1601605,,Tickle Me Elmo,Tickle Me Elmo,en,,,2019-01-01,/wMbP4RwGJWyNPcL7Dx138iCpYTA.jpg,0,0,0,0,0,0,,False,,Horror,,
1601832,,Incubus,Incubus,en,,,2021-01-01,/l8xxURo9J0PhGYCEeltXpxqqrRc.jpg,0,0,0,0,0,0,,False,,Horror,,
1601981,,In Lucidity,In Lucidity,en,,,2014-01-01,/z3ng9jbFTqSMBKBbq8l2bR4HcN9.jpg,0,0,0,0,0,0,,False,,Horror,,
1602506,,CLUSTER,CLUSTER,en,,,2013-01-01,/9tSamDS0NfcLMcY64eQur3qGShu.jpg,0,0,0,0,0,0,,False,,Horror,,
1602540,,Zoom and Doom,Zoom and Doom,en,,,2020-01-01,/r3V3n8M5erJS7inyjA7e1cseYd5.jpg,0,0,0,0,0,0,,False,,Horror,,
1602549,,Give Her Back,Give Her Back,en,,,2017-01-01,/9AecYGVPW4Ja3Hhip3XAvIeo3Vs.jpg,0,0,0,0,0,0,,False,,Horror,,
1602567,,Our Devil's Night,Our Devil's Night,en,,,2011-01-01,/w1x1m189HWFdFZSZD8LoPxrucbc.jpg,0,0,0,0,0,0,,False,,Horror,,
1604026,,Scarlet Snow,Scarlet Snow,en,,,2017-01-01,/iCg4DMSw6HgyOYRG3zFwKDDTwvL.jpg,0,0,0,0,0,0,,False,,Horror,,
1604613,,Chloroformed Too: They Made Her Sleep,Chloroformed Too: They Made Her Sleep,en,,,2001-01-01,/tt00JTBfr0d8rcgA9EYVopS6L4o.jpg,0,0,0,0,0,0,,False,,Horror,,
1607017,,Hate,Hate,en,,,2011-01-01,/i1pn4vjQdi0eLh4FhEzUGYyd2nD.jpg,0,0,0,0,0,0,,False,,Horror,,
1608097,,The Ungrateful Dead,The Ungrateful Dead,en,,,2010-01-01,/s7ivskZ2HoX09HeQVdAgL2fQsiz.jpg,0,0,0,0,0,0,,False,,Horror,,
1608100,,BEAKS,BEAKS,en,,,2022-01-01,/aUZYsBzoK4BrHCVC5v6ZfaUkrQe.jpg,0,0,0,0,0,0,,False,,Horror,,
1608213,,HOME VIDEO,HOME VIDEO,en,,,2022-01-01,/phFiqsVaMg2nYk3EjmE0VkAxyaI.jpg,0,0,0,0,0,0,,False,,Horror,,
1608925,,Hooked,Hooked,en,,,2018-01-01,/a9ThKBkSBN0juEOWXkMOCK3IJ54.jpg,0,0,0,0,0,0,,False,,Horror,,
1609083,,Ice Trays,Ice Trays,en,,,2022-01-01,/xp2OQz9Ovujdog7pRsvrprREdMg.jpg,0,0,0,0,0,0,,False,,Horror,,
1609222,,The Evil of Chapel Lake,The Evil of Chapel Lake,en,,,2021-01-01,/g4Aj252jeAFuzjO4h1KvyebJmzf.jpg,0,0,0,0,0,0,,False,,Horror,,
1609311,,Sticky,Sticky,en,,,2013-01-01,/bCIz8fjAi61BbVsURAV2955pay8.jpg,0,0,0,0,0,0,,False,,Horror,,
1609454,,Hell Haunt,Hell Haunt,en,,,2017-01-01,/i5o4FuTdHZ12eMKaQCt5zFVDoVc.jpg,0,0,0,0,0,0,,False,,Horror,,
1609509,,Birthday,Birthday,en,,,2015-01-01,/3XfeiopREClDEpvmPVbVxk9x84y.jpg,0,0,0,0,0,0,,False,,Horror,,
1610541,,Disturbed,Disturbed,en,,,2021-01-01,/gvWDt1QkMXB64zDblaOIeCZCpyZ.jpg,0,0,0,0,0,0,,False,,Horror,,
1610597,,Predators: The Chosen,Predators: The Chosen,en,,,2010-01-01,/m8q3lw7qf7OdR6GAMCgG1YxPxYl.jpg,0,0,0,0,0,0,,False,,Horror,,
1611636,,Goosebumps: Don't Wake Mummy,Goosebumps: Don't Wake Mummy,en,,,1997-01-01,/9EU2G7YI02aZgdaM5HiXcXXomiH.jpg,0,0,0,0,0,0,,False,,Horror,,
1611861,,Sign,Sign,en,,,2018-01-01,/bu3UaPviTTkIGJzQL7WDIDeOurH.jpg,0,0,0,0,0,0,,False,,Horror,,
1613002,,The Slenderman,The Slenderman,en,,,2013-01-01,/e3l1ffg5XRdyamh6P62XKFT83mm.jpg,0,0,0,0,0,0,,False,,Horror,,
1613024,,Goosebumps: The House Of No Return,Goosebumps: The House Of No Return,en,,,1997-01-01,/yKlNNxPwlDXyTsew2ZONDzFJ95e.jpg,0,0,0,0,0,0,,False,,Horror,,
1613145,,The Peeping Nun,The Peeping Nun,en,,,2002-01-01,/n4Wm4xtEpIjsi4UMJksz3V3EcYU.jpg,0,0,0,0,0,0,,False,,Horror,,
1613155,,Cat Fever,Cat Fever,en,,,2021-01-01,/e71eNTO9gPjsh88E03KDNF73ayM.jpg,0,0,0,0,0,0,,False,,Horror,,
1613164,,The Rexburg Psycho 3,The Rexburg Psycho 3,en,,,2022-01-01,/mYrz7AiLIqOKRayUoWOqZ9U7KMo.jpg,0,0,0,0,0,0,,False,,Horror,,
1613258,,Children of the Night,Children of the Night,en,,,2000-01-01,/aeAeRUuv9pEArsIfabhGhr2cFzF.jpg,0,0,0,0,0,0,,False,,Horror,,
1614883,,The Rexburg Psycho,The Rexburg Psycho,en,,,2019-01-01,/2Ak9dzbMeyxaVD2PZqLDdKkUlPw.jpg,0,0,0,0,0,0,,False,,Horror,,
1614892,,The Rexburg Psycho 2,The Rexburg Psycho 2,en,,,2019-01-01,/sCOFelbYvOvDKImfQEzeB8SJERh.jpg,0,0,0,0,0,0,,False,,Horror,,
1615868,,Misfire,Misfire,en,,,2022-01-01,/aPwUvunq8aVrcSurTBuyc25f9gr.jpg,0,0,0,0,0,0,,False,,Horror,,
1616278,,Jest,Jest,en,,,2016-01-01,/af2f949NGWoaFDyNujK5vA77Wy6.jpg,0,0,0,0,0,0,,False,,Horror,,
1616405,,Marilyn,Marilyn,en,,,2015-01-01,/zQbLeDer9VQHiiSx98tjp41Xpqv.jpg,0,0,0,0,0,0,,False,,Horror,,
1616439,,Beneath the Crawlspace,Beneath the Crawlspace,en,,,2015-01-01,/uvm8wmQJod1QZ6zTxUNvybxX3OL.jpg,0,0,0,0,0,0,,False,,Horror,,
1616563,,Pain Flow Blood Flow,Pain Flow Blood Flow,en,,,2022-01-01,/hLfZ9nNIrwbChGhnPg39JQhX0Ae.jpg,0,0,0,0,0,0,,False,,Horror,,
1616669,,The Shed Part Two,The Shed Part Two,en,,,1987-01-01,/dlgQJXBCUCEQTKqBnEeYVqGdfEs.jpg,0,0,0,0,0,0,,False,,Horror,,
1617178,,Be Your Own Dentist,Be Your Own Dentist,en,,,2021-01-01,/5Uevw4EaBwmAvwReNfCoAzMA1kB.jpg,0,0,0,0,0,0,,False,,Horror,,
1617299,,Voyeurs,Voyeurs,en,,,2018-01-01,/8ZbPWRtQFCgwmVaTqu3qjrYzYcL.jpg,0,0,0,0,0,0,,False,,Horror,,
1618042,,Good Boy,Good Boy,en,,,2011-01-01,/pN5AUldfNcECHin2c4R4AEgBjyc.jpg,0,0,0,0,0,0,,False,,Horror,,
1618077,,Road Kill,Road Kill,en,,,2022-01-01,/eLqzXVMOTmtHYlkEEfNGqLQZiJ8.jpg,0,0,0,0,0,0,,False,,Horror,,
1618964,,Domestically Disturbed,Domestically Disturbed,en,,,2022-01-01,/vXfR85Xi3BXSRBfbB2SD9kvTbHV.jpg,0,0,0,0,0,0,,False,,Horror,,
1619371,,The Woman of the Roses,The Woman of the Roses,en,,,2020-01-01,/3JM9ac3REECddiTP6ZITYAxCPA1.jpg,0,0,0,0,0,0,,False,,Horror,,
1619455,,IMPOSTOR SYNDROME,IMPOSTOR SYNDROME,en,,,2021-01-01,/kSjerkgoWkQGX1TL1hzKtHNUSJX.jpg,0,0,0,0,0,0,,False,,Horror,,
1619600,,Jason Rising,Jason Rising,en,,,2021-01-01,/pthl3iyWr4fZhHLMO0ppIDxOCCY.jpg,0,0,0,0,0,0,,False,,Horror,,
1620030,,Never Ever EVER Alone,Never Ever EVER Alone,en,,,2017-01-01,/jDYt0AQZAlZZVOvi8zgogWFlPNO.jpg,0,0,0,0,0,0,,False,,Horror,,
1620125,,Shambler,Shambler,en,,,2022-01-01,/xlrC5d52K24kFTil3P6QG9WdoKw.jpg,0,0,0,0,0,0,,False,,Horror,,
1620215,,The Graveyard Feeder,The Graveyard Feeder,en,,,2013-01-01,/qZUzM639J8gbmw8mB0GLXs0O8hM.jpg,0,0,0,0,0,0,,False,,Horror,,
1620244,,Halfway,Halfway,en,,,2022-01-01,/w4d5dAR26U5rC4InWQad2tu2qBF.jpg,0,0,0,0,0,0,,False,,Horror,,
1620503,,Ghosts: A Journey Into the Paranormal,Ghosts: A Journey Into the Paranormal,en,,,1991-01-01,/OEXID0U8OJg6WCJB98PNQpbvyY.jpg,0,0,0,0,0,0,,False,,Horror,,
1620549,,Sinner,Sinner,en,,,2006-01-01,/xgKVo65j3ibjjHGPESSSNtJt6rw.jpg,0,0,0,0,0,0,,False,,Horror,,
1620556,,Confession,Confession,en,,,2006-01-01,/mWTMatPnvfaCEHxKvPHrnBuF8xy.jpg,0,0,0,0,0,0,,False,,Horror,,
1620590,,The Storyteller: Fearnot,The Storyteller: Fearnot,en,,,1988-01-01,/dw2qNGatp1up31we5IFIzl8DuqT.jpg,0,0,0,0,0,0,,False,,Horror,,
1620724,,Rose Blood,Rose Blood,en,,,2021-01-01,/61Ztzp65p0BtDpPufjmZle4SsPM.jpg,0,0,0,0,0,0,,False,,Horror,,
1621264,,The Fall of Camp Blood,The Fall of Camp Blood,en,,,2022-01-01,/fcPSX3yp5GDEyaJxTyGX4y5YAg9.jpg,0,0,0,0,0,0,,False,,Horror,,
1622398,,The Mummy's Ghost,The Mummy's Ghost,en,,,1968-01-01,/rlwyxHNn3yuhUu5ZngwTxpGx4He.jpg,0,0,0,0,0,0,,False,,Horror,,
1622529,,Goose Chase,Goose Chase,en,,,2022-01-01,/u2mQcC7WVKt36fwpzCVcS8qZDnc.jpg,0,0,0,0,0,0,,False,,Horror,,
1622617,,The Commandment,The Commandment,en,,,2018-01-01,/7gBVVY6uM9m2KcRRNYlbVzujLoL.jpg,0,0,0,0,0,0,,False,,Horror,,
1622714,,Mark of Satan,Mark of Satan,en,,,2014-01-01,/wJqRGgaFN6icrH1EuppAdjiB2eK.jpg,0,0,0,0,0,0,,False,,Horror,,
1623134,,From Dusk Til Dawn,From Dusk Til Dawn,en,,,1991-01-01,/9cq1uxUyJAxlBpMhwKfZmT2gn9b.jpg,0,0,0,0,0,0,,False,,Horror,,
1623427,,Bats [found footage],Bats [found footage],en,,,2022-01-01,/zMkFtA5T7A0Aui43bGmXZ6sj2eJ.jpg,0,0,0,0,0,0,,False,,Horror,,
1623581,,Dark Secrets,Dark Secrets,en,,,2018-01-01,/cd504eOACtmqRYEr7ZHLQRqJEP7.jpg,0,0,0,0,0,0,,False,,Horror,,
1623822,,Charles,Charles,en,,,2021-01-01,/3NnoK6fjed1mLMiAgAQht6K7M4x.jpg,0,0,0,0,0,0,,False,,Horror,,
1623949,,The Wolfman,The Wolfman,en,,,1966-01-01,/aEyyRpuYkiWc8iDTAXIfclZDf0C.jpg,0,0,0,0,0,0,,False,,Horror,,
1624163,,Hanky Panky,Hanky Panky,en,,,2014-01-01,/oFu8kYS7CuoV7qf5rXGVr6jJ6w7.jpg,0,0,0,0,0,0,,False,,Horror,,
1625078,,Castle,Castle,en,,,2022-01-01,/sGsYJDPwD2B9xbJ32KvZRXieJWW.jpg,0,0,0,0,0,0,,False,,Horror,,
1625155,,The Treehouse,The Treehouse,en,,,2021-01-01,/1fpituxmwkTlrAoERWxXLw5yTcY.jpg,0,0,0,0,0,0,,False,,Horror,,
1625236,,The Caecus,The Caecus,en,,,2019-01-01,/ftxJNoakzKi8Aa8v0iZHGH3IRNI.jpg,0,0,0,0,0,0,,False,,Horror,,
1625805,,They Are Not Human,They Are Not Human,en,,,2018-01-01,/8QWWrI0MMefCwYSUmwF4K6FzSYo.jpg,0,0,0,0,0,0,,False,,Horror,,
1626129,,Reel,Reel,en,,,2015-01-01,/iX0b2bzVFpwHzooM0IFQfvHOG94.jpg,0,0,0,0,0,0,,False,,Horror,,
1626151,,Reel 2,Reel 2,en,,,2020-01-01,/7v8YBM5DgzRKjXiaxK8eBRazFSg.jpg,0,0,0,0,0,0,,False,,Horror,,
1626254,,Soul Breaker,Soul Breaker,en,,,2015-01-01,/eFW5MDkO0gGf3YzHJD15ZNfIeo4.jpg,0,0,0,0,0,0,,False,,Horror,,
1626368,,Pedro,Pedro,en,,,2015-01-01,/iSuPUAjS8jOVY2lard58OVgnuq5.jpg,0,0,0,0,0,0,,False,,Horror,,
1626415,,The Boston Maniac,The Boston Maniac,en,,,2015-01-01,/iUSQi7u2bJoimHwDpXamAsNRxPD.jpg,0,0,0,0,0,0,,False,,Horror,,
1626547,,The Silhouette: The Sock Conundrum,The Silhouette: The Sock Conundrum,en,,,2022-01-01,/s6gv262oarquQIlOzmT7aJZvJqR.jpg,0,0,0,0,0,0,,False,,Horror,,
1626629,,The Voyage Of Death,The Voyage Of Death,en,,,2021-01-01,/lhQcYetfYRtSc86Dq23n3Vyh0fL.jpg,0,0,0,0,0,0,,False,,Horror,,
1626690,,Pigman,Pigman,en,,,2022-01-01,/4876D4wrCqIR1yl8nY5iztf3Bxv.jpg,0,0,0,0,0,0,,False,,Horror,,
1627243,,Chapter 9,Chapter 9,en,,,2019-01-01,/dR0ZKLjKajge66XPZevg8KnYzmW.jpg,0,0,0,0,0,0,,False,,Horror,,
1627489,,The Stab,The Stab,en,,,2022-01-01,/n7J0QQvJS8uPdRZJRaPLxjAaXqx.jpg,0,0,0,0,0,0,,False,,Horror,,
1627570,,Username:666,Username:666,en,,,2008-01-01,/daaUsVtJPB4HlhRAZbwiDgeHqM0.jpg,0,0,0,0,0,0,,False,,Horror,,
1628566,,The Secret of Sarah Pennington,The Secret of Sarah Pennington,en,,,2013-01-01,/rcF8y6NPDklnnPShgdQTDABlB0H.jpg,0,0,0,0,0,0,,False,,Horror,,
1628765,,"Love, Murder, JoJo","Love, Murder, JoJo",en,,,2021-01-01,/yeG2WQkLqBwsakFsxGGitOe3hVj.jpg,0,0,0,0,0,0,,False,,Horror,,
1630588,,GHOSTFACE vs LEATHERFACE,GHOSTFACE vs LEATHERFACE,en,,,2018-01-01,/8031SQV7igaT3SI3YRe1GPpIoym.jpg,0,0,0,0,0,0,,False,,Horror,,
1630590,,GHOSTFACE vs THE COLLECTOR,GHOSTFACE vs THE COLLECTOR,en,,,2018-01-01,/zLCG3T8wqCzRykAgwalTgznVkOI.jpg,0,0,0,0,0,0,,False,,Horror,,
1630595,,MICHAEL vs JASON: Evil Emerges,MICHAEL vs JASON: Evil Emerges,en,,,2019-01-01,/ubp1GXCQtD9kvLAQ4XJAfUYXkJf.jpg,0,0,0,0,0,0,,False,,Horror,,
1630609,,Michael and Jason: Best Buds,Michael and Jason: Best Buds,en,,,2020-01-01,/cQSC06BDF21qB7nNqxtxmbwlxWZ.jpg,0,0,0,0,0,0,,False,,Horror,,
1630662,,The Last Skitzo!,The Last Skitzo!,en,,,2015-01-01,/lovLYj1agsnI7Aw3I3WVpNPNA8U.jpg,0,0,0,0,0,0,,False,,Horror,,
1630859,,Between Matina,Between Matina,en,,,2016-01-01,/kWgg9k63UydACglUcPrUZitr5Xk.jpg,0,0,0,0,0,0,,False,,Horror,,
1630862,,Horror Icons Celebrate Christmas,Horror Icons Celebrate Christmas,en,,,2021-01-01,/zuRWEiGoM5ROAWSJPiHiJd0Jho9.jpg,0,0,0,0,0,0,,False,,Horror,,
1630953,,Green Fingers,Green Fingers,en,,,2000-01-01,/vW5VTm3OGBdzJRKNxS6JpACG4kY.jpg,0,0,0,0,0,0,,False,,Horror,,
1632187,,Samhain,Samhain,en,,,2019-01-01,/qxMSLbDUpFdYAnnadrIEhvFKhUC.jpg,0,0,0,0,0,0,,False,,Horror,,
1632254,,Before I Wake,Before I Wake,en,,,2017-01-01,/aBMx1Bx6end4SoLilUbcJ4E2I6M.jpg,0,0,0,0,0,0,,False,,Horror,,
1632384,,Silent Hill 2: The Movie,Silent Hill 2: The Movie,en,,,2014-01-01,/5Jd3nOC7k58oAiIeM7e7kRGEnki.jpg,0,0,0,0,0,0,,False,,Horror,,
1632457,,Chekhov’s Gun,Chekhov’s Gun,en,,,2022-01-01,/jFww1c9gSSBh8ZrgpxIrWRWnmza.jpg,0,0,0,0,0,0,,False,,Horror,,
1633044,,Snuff: A Director's Cut,Snuff: A Director's Cut,en,,,2008-01-01,/aqGq5ekNeAv5lXamXpHLYCnvBUD.jpg,0,0,0,0,0,0,,False,,Horror,,
1633391,,Visions of the Shadow Kingdom,Visions of the Shadow Kingdom,en,,,2015-01-01,/8e8tR0jfEkzr4llcEs6qlCOZLhd.jpg,0,0,0,0,0,0,,False,,Horror,,
1633413,,Visions of the Shadow Kingdom II,Visions of the Shadow Kingdom II,en,,,2020-01-01,/bBQcAPfmnyuRVKji9ufG2NfDOp8.jpg,0,0,0,0,0,0,,False,,Horror,,
1634175,,Downtime,Downtime,en,,,2015-01-01,/VdN8ibrSWAxaFhWSy385nC5ykP.jpg,0,0,0,0,0,0,,False,,Horror,,
1634982,,My Special Boy,My Special Boy,en,,,2022-01-01,/v5UqCiDFugszuA0N3NdMCyxUc1t.jpg,0,0,0,0,0,0,,False,,Horror,,
1634987,,A Las Cines,A Las Cines,en,,,1993-01-01,/6TfTN49JMdG0gJJ0pD6c4bnHbyx.jpg,0,0,0,0,0,0,,False,,Horror,,
1635101,,The Horror Movie,The Horror Movie,en,,,1993-01-01,/p7BpOH7dr4FfB5gvxreY52zS98T.jpg,0,0,0,0,0,0,,False,,Horror,,
1635141,,The Son of the Night of the Return of the Attack of the Living Dead Zombie Men from Mars Part II… This Time It's Personal,The Son of the Night of the Return of the Attack of the Living Dead Zombie Men from Mars Part II… This Time It's Personal,en,,,1992-01-01,/fzZjAmhwq2wShgGSiOe55SfmXYs.jpg,0,0,0,0,0,0,,False,,Horror,,
1635676,,Payback! Cannibal Hillbillies 2,Payback! Cannibal Hillbillies 2,en,,,2013-01-01,/jdjSbp5KbOOc1eUsv68CguuEdtH.jpg,0,0,0,0,0,0,,False,,Horror,,
1636535,,Werewolf With Uzi!,Werewolf With Uzi!,en,,,2015-01-01,/vcu4c8qVsqUZ2fZptapQvd8cFiB.jpg,0,0,0,0,0,0,,False,,Horror,,
1637010,,Hell of a Day,Hell of a Day,en,,,2016-01-01,/xFNsSssUiUVMtQyWrt5NpssfBXM.jpg,0,0,0,0,0,0,,False,,Horror,,
1637431,,CCF's Solstice Stories,CCF's Solstice Stories,en,,,2022-01-01,/dJTJZEmDH4bu34UZzOMd1PtaUOQ.jpg,0,0,0,0,0,0,,False,,Horror,,
1639090,,Hellblade: Senua's Sacrifice,Hellblade: Senua's Sacrifice,en,,,2017-01-01,/9R1Qael3h6nMI6cCGggAoZclRUZ.jpg,0,0,0,0,0,0,,False,,Horror,,
1639155,,Halloween: Existence,Halloween: Existence,en,,,2012-01-01,/e4MtDPb68RJxHHQHaca8kMz5eNQ.jpg,0,0,0,0,0,0,,False,,Horror,,
1639192,,The Chopper,The Chopper,en,,,1971-01-01,/3a55RjeAGTigqBC38NIdhKiU2cs.jpg,0,0,0,0,0,0,,False,,Horror,,
1639275,,The Death of Batman,The Death of Batman,en,,,2003-01-01,/sLQiM44mpLwyAFO2QsvpwAR77s.jpg,0,0,0,0,0,0,,False,,Horror,,
1639324,,The Uninvited,The Uninvited,en,,,1971-01-01,/qPUvkZlmZJTiOpZTpANWlUzIMZo.jpg,0,0,0,0,0,0,,False,,Horror,,
1640420,,Powhatan Rat Man,Powhatan Rat Man,en,,,2021-01-01,/ytlf8bOrc7TMC0Ts6tH7xMWddLG.jpg,0,0,0,0,0,0,,False,,Horror,,
1642300,,Granny Fuckers,Granny Fuckers,en,,,2015-01-01,/uWyYZGo5qZuhe8O3tWnLxmGzBHQ.jpg,0,0,0,0,0,0,,False,,Horror,,
1642314,,The Meeting,The Meeting,en,,,2013-01-01,/yg7sB8PTagGJEuOHf8gFhw3MOUD.jpg,0,0,0,0,0,0,,False,,Horror,,
1642419,,Crazy Bitch,Crazy Bitch,en,,,2018-01-01,/nsAvTMNQ7FdgWEcFASUnbSG7vFq.jpg,0,0,0,0,0,0,,False,,Horror,,
1642472,,Out of My Skin,Out of My Skin,en,,,2016-01-01,/rdDFqEWPYtZGa4rVqcYHVJL24Ef.jpg,0,0,0,0,0,0,,False,,Horror,,
1642478,,This Is a Period Piece,This Is a Period Piece,en,,,2020-01-01,/8GHmw8m3ALRVlOnWQ9pMi8gVq1t.jpg,0,0,0,0,0,0,,False,,Horror,,
1642534,,She's Here,She's Here,en,,,2017-01-01,/iUNiFY6uMhmXTcEQ98udzOCYhJx.jpg,0,0,0,0,0,0,,False,,Horror,,
1643476,,Journeys through the Darkzone,Journeys through the Darkzone,en,,,1984-01-01,/NSLif7dE4KWaYAx0k3lpeIMsA1.jpg,0,0,0,0,0,0,,False,,Horror,,
1643486,,The Whispers of the Aspens,The Whispers of the Aspens,en,,,2022-01-01,/qw2kLOWWaQluGbSu7gRlUvWlUu1.jpg,0,0,0,0,0,0,,False,,Horror,,
1643779,,Trashman TV,Trashman TV,en,,,2022-01-01,/6kutSrhJS8eCR3NkrigekbjvPkK.jpg,0,0,0,0,0,0,,False,,Horror,,
1643848,,Gone,Gone,en,,,2019-01-01,/254cq2xkmemGrdnPCBF9FK5TXdN.jpg,0,0,0,0,0,0,,False,,Horror,,
1643849,,Sophie,Sophie,en,,,2015-01-01,/iwqvPWp7sYV1inrQRDthOyqQY2V.jpg,0,0,0,0,0,0,,False,,Horror,,
1644166,,The Beating Eye,The Beating Eye,en,,,2019-01-01,/b2rUYQNFNy7MvBrvQUz83hn555i.jpg,0,0,0,0,0,0,,False,,Horror,,
1644269,,Siren Head,Siren Head,en,,,2020-01-01,/368m6qpnMRNjegx7Gj9cQYKMZKM.jpg,0,0,0,0,0,0,,False,,Horror,,
1645114,,Deadrock Zombies,Deadrock Zombies,en,,,1995-01-01,/pNzQBxtqmG8Lu2fc54tSJWlxf6T.jpg,0,0,0,0,0,0,,False,,Horror,,
1645739,,Lady Gaga - MAC Viva Glam,Lady Gaga - MAC Viva Glam,en,,,2011-01-01,/vH2tqL07Ahk86sRdcTAL2KbJGBc.jpg,0,0,0,0,0,0,,False,,Horror,,
1646442,,The Ominous Project Universe Presents: Monsters Are Real,The Ominous Project Universe Presents: Monsters Are Real,en,,,2020-01-01,/w69aStLU9Gxv3ClMOL9o5ck6EWu.jpg,0,0,0,0,0,0,,False,,Horror,,
1646461,,Charlie's Ear,Charlie's Ear,en,,,1992-01-01,/v8ism2PIp8zjzTJtC85AM5EdxWA.jpg,0,0,0,0,0,0,,False,,Horror,,
1646482,,The Fairy Queen,The Fairy Queen,en,,,2022-01-01,/7i7PYsNVE5m5vBgzg4f9UMSEl9s.jpg,0,0,0,0,0,0,,False,,Horror,,
1646693,,Freddy vs. Ghostbusters,Freddy vs. Ghostbusters,en,,,2004-01-01,/xhVTKqj0TeW6FEiEWCi6vupzM1r.jpg,0,0,0,0,0,0,,False,,Horror,,
1646725,,The Ominous Project Universe Presents: The Devils Within,The Ominous Project Universe Presents: The Devils Within,en,,,2020-01-01,/isakzoKkiS5wOT3LXbVOBCsZI9M.jpg,0,0,0,0,0,0,,False,,Horror,,
1647500,,Ash vs Evil Dead: Beep Beep,Ash vs Evil Dead: Beep Beep,en,,,2016-01-01,/c3XThAhO9GSQYjauhkAL1GEkMQ0.jpg,0,0,0,0,0,0,,False,,Horror,,
1647570,,Inhalant Abuse,Inhalant Abuse,en,,,2021-01-01,/w4HUv0LxA8hRjFZy0F6tisss9ah.jpg,0,0,0,0,0,0,,False,,Horror,,
1647672,,Tasmanian Chainsaw Massacre Part 3,Tasmanian Chainsaw Massacre Part 3,en,,,2004-01-01,/eIfXUwGYrfW1TmWDeMKTJ1BW2Mq.jpg,0,0,0,0,0,0,,False,,Horror,,
1647961,,"Die, Develkok, Die!","Die, Develkok, Die!",en,,,2015-01-01,/a73ase0AAbzM3w7rZEm4tWHIK6c.jpg,0,0,0,0,0,0,,False,,Horror,,
1647973,,Zombie City,Zombie City,en,,,2012-01-01,/7KxIWATkitjjLj3DCyqEEzqXxVN.jpg,0,0,0,0,0,0,,False,,Horror,,
1648075,,Still There,Still There,en,,,2016-01-01,/kjtUN5Xb3u26eTctdK7SsWGLzCn.jpg,0,0,0,0,0,0,,False,,Horror,,
1648573,,The Mexican Mummy,The Mexican Mummy,en,,,2005-01-01,/7pqXw7mL97tc9Q3h80gvwY3h84Z.jpg,0,0,0,0,0,0,,False,,Horror,,
1648649,,The Wishflower,The Wishflower,en,,,2021-01-01,/ef2ytZCRnZy7w6P8e2UA2nn5pVR.jpg,0,0,0,0,0,0,,False,,Horror,,
1649320,,The Spirit Box,The Spirit Box,en,,,2009-01-01,/sh9bihDdXhdXYXH0mVig653bhI5.jpg,0,0,0,0,0,0,,False,,Horror,,
1649693,,Chucky Meets Frankenstein,Chucky Meets Frankenstein,en,,,1996-01-01,/vb22CWs4XJ9UWYFCGgDGnof3xlI.jpg,0,0,0,0,0,0,,False,,Horror,,
1649704,,Something in the Cellar,Something in the Cellar,en,,,1969-01-01,/krw41Ia4CYxkzOrtSCXDzRHeYse.jpg,0,0,0,0,0,0,,False,,Horror,,
1649727,,Taste of Evil,Taste of Evil,en,,,1971-01-01,/6UYCgtWWBF66mDruJvDiSKjPWqn.jpg,0,0,0,0,0,0,,False,,Horror,,
1649762,,Spooked,Spooked,en,,,2008-01-01,/bGIdyyxNFGm7uiKOv823dbjBB69.jpg,0,0,0,0,0,0,,False,,Horror,,
1649766,,Family Man,Family Man,en,,,2008-01-01,/9EEkOKijXAqp3mwYwJypTJyYucJ.jpg,0,0,0,0,0,0,,False,,Horror,,
1649773,,Eater,Eater,en,,,2008-01-01,/oEKQ7xDoPo3glQrFN7jtehoSRGt.jpg,0,0,0,0,0,0,,False,,Horror,,
1649776,,New Year's Day,New Year's Day,en,,,2008-01-01,/lVAAZFzag2aU5hO2YxU351U6wFu.jpg,0,0,0,0,0,0,,False,,Horror,,
1649781,,Fear Itself: Community,Fear Itself: Community,en,,,2008-01-01,/oUnlt8qTtWf7b9KuYrPZYVGS98q.jpg,0,0,0,0,0,0,,False,,Horror,,
1649784,,Skin and Bones,Skin and Bones,en,,,2008-01-01,/5nZCAz2d6s7Jh8s7DZeWgVZaf9a.jpg,0,0,0,0,0,0,,False,,Horror,,
1649786,,Something with Bite,Something with Bite,en,,,2009-01-01,/1rSdHMsy6oT4Y5cwIkQSfO0nt5j.jpg,0,0,0,0,0,0,,False,,Horror,,
1649787,,Chance,Chance,en,,,2009-01-01,/a1asWRChOCFPRPbosxBCTCkwHj.jpg,0,0,0,0,0,0,,False,,Horror,,
1649795,,Echoes,Echoes,en,,,2009-01-01,/vZEc1WNZgzpxvJYuyBPQevaGjAS.jpg,0,0,0,0,0,0,,False,,Horror,,
1649802,,The Circle,The Circle,en,,,2009-01-01,/h2dLoxQV8s0ycebyqnbadHyOMT9.jpg,0,0,0,0,0,0,,False,,Horror,,
1650098,,The Sons and Daughters of Tomorrow,The Sons and Daughters of Tomorrow,en,,,1971-01-01,/sIB9LCaYAfglm0K1EbNIBMlRGx4.jpg,0,0,0,0,0,0,,False,,Horror,,
1650115,,The Last Witness,The Last Witness,en,,,1971-01-01,/ap4FMPz1UPFpip2UP72LRb3nn3g.jpg,0,0,0,0,0,0,,False,,Horror,,
1650124,,The Shattered Eye,The Shattered Eye,en,,,1971-01-01,/7HxV3TWtCYhlV1IyADOy9ljjoop.jpg,0,0,0,0,0,0,,False,,Horror,,
1651069,,SOMA: Transmissions,SOMA: Transmissions,en,,,2015-01-01,/kz6pPghWbCK7Cb7qveFHM7hWu13.jpg,0,0,0,0,0,0,,False,,Horror,,
1651123,,Eyes Of Randy Prozac,Eyes Of Randy Prozac,en,,,2013-01-01,/qPTv0gEceMBl5yQCb2lt4ec1BNk.jpg,0,0,0,0,0,0,,False,,Horror,,
1653076,,Genital Genocide,Genital Genocide,en,,,2008-01-01,/q6c46zWwU1uvbZ73DDSfNvz7GlO.jpg,0,0,0,0,0,0,,False,,Horror,,
1653668,,Late Night,Late Night,en,,,2022-01-01,/6OVKYwu3iGh7yzpl4shqFRK0ijh.jpg,0,0,0,0,0,0,,False,,Horror,,
1653827,,The Harrowing,The Harrowing,en,,,2014-01-01,/1EfSNlWqXQMb9PA1JhKo7EjLvxC.jpg,0,0,0,0,0,0,,False,,Horror,,
1654491,,Large or Finely,Large or Finely,en,,,2019-01-01,/isgM8iZJ00fq2boAtOJgL3Jdlcg.jpg,0,0,0,0,0,0,,False,,Horror,,
1654674,,Outside of Nowhere,Outside of Nowhere,en,,,2004-01-01,/i4ihLDrp8ACUelvhJh3TJZ3NuS1.jpg,0,0,0,0,0,0,,False,,Horror,,
1654701,,How to do a backflip!,How to do a backflip!,en,,,2020-01-01,/3pSQp5EfGob3TByDMYT6WRxwpbe.jpg,0,0,0,0,0,0,,False,,Horror,,
1655132,,Broken Swords,Broken Swords,en,,,2017-01-01,/8B3bTafNdBAIwLYzaesE6TYpyWj.jpg,0,0,0,0,0,0,,False,,Horror,,
1655134,,Fat Rabbit,Fat Rabbit,en,,,2014-01-01,/oOKqrIf2MnNO5Dr5cM16as5MA9Q.jpg,0,0,0,0,0,0,,False,,Horror,,
1655142,,Strange Aeons,Strange Aeons,en,,,2004-01-01,/qhCjfxWN6EHob6RF5KCqGpS5Kml.jpg,0,0,0,0,0,0,,False,,Horror,,
1655148,,Subb Niggurath,Subb Niggurath,en,,,2013-01-01,/2MXN6tbXSUVrReTYkBm0sLfF5nc.jpg,0,0,0,0,0,0,,False,,Horror,,
1655198,,Shadows,Shadows,en,,,2005-01-01,/gtoXtSFcp4of6nxH8PvOqjIxNPJ.jpg,0,0,0,0,0,0,,False,,Horror,,
1655224,,Meggamorphosis,Meggamorphosis,en,,,1993-01-01,/zqLofuQL2gGEtE44YYX1osnEJGf.jpg,0,0,0,0,0,0,,False,,Horror,,
1655673,,Dracula,Dracula,en,,,2002-01-01,/iYZraeNlnlcGhYmgSH8zFN6syXt.jpg,0,0,0,0,0,0,,False,,Horror,,
1655693,,Paradise of Terror,Paradise of Terror,en,,,1965-01-01,/RdNLpon6iIKeNqSdjz9xnfWbnK.jpg,0,0,0,0,0,0,,False,,Horror,,
1655920,,Resting Place,Resting Place,en,,,2015-01-01,/5PTlYMPX39yDDKW3PWGR2YJ6GzJ.jpg,0,0,0,0,0,0,,False,,Horror,,
1655937,,The Hardcore Collection,The Hardcore Collection,en,,,2000-01-01,/fkZKyv7GkWJfwXCwabW99POiGag.jpg,0,0,0,0,0,0,,False,,Horror,,
1655947,,Alone,Alone,en,,,2014-01-01,/dJ2ssu8XFYKUt3obAZ2kSaMJlHK.jpg,0,0,0,0,0,0,,False,,Horror,,
1656101,,The Horror from Beyond,The Horror from Beyond,en,,,1965-01-01,/1mfKLi1OAlJxhGnJ25DXgwuWWU1.jpg,0,0,0,0,0,0,,False,,Horror,,
1656267,,Zombie Run,Zombie Run,en,,,2013-01-01,/oKeKDWHfZfXuFAPIdYCXm85eKFg.jpg,0,0,0,0,0,0,,False,,Horror,,
1656295,,Vampire Cult Queens from Hell,Vampire Cult Queens from Hell,en,,,1996-01-01,/gzZ0W9MemnWaql6Gk4CCnCdqxQB.jpg,0,0,0,0,0,0,,False,,Horror,,
1656311,,Smush!,Smush!,en,,,2012-01-01,/8U1LGqAktcKmWmBXlqLY3ypcDmj.jpg,0,0,0,0,0,0,,False,,Horror,,
1656314,,Super Brainy Zombies,Super Brainy Zombies,en,,,2014-01-01,/4Stwian0ggtpag1EQ6u4RHLjY6B.jpg,0,0,0,0,0,0,,False,,Horror,,
1656845,,Women's Playground,Women's Playground,en,,,2013-01-01,/bUeBJ7oIETb6StIHUMZVnMZrK1R.jpg,0,0,0,0,0,0,,False,,Horror,,
1657117,,Non Compos Mentis (Not of Sound Mind),Non Compos Mentis (Not of Sound Mind),en,,,2003-01-01,/jCIQO7S8UzHNXwaj90AZpji2JbP.jpg,0,0,0,0,0,0,,False,,Horror,,
1657426,,Ghost of TsimFuckis,Ghost of TsimFuckis,en,,,2006-01-01,/pB9VqwY2nFKJsCE18YbBzqlkZkx.jpg,0,0,0,0,0,0,,False,,Horror,,
1657567,,June,June,en,,,2017-01-01,/rnHN2hBuPFmIJ6ZDmcKI5Odr33K.jpg,0,0,0,0,0,0,,False,,Horror,,
1657677,,Real Life Temple Run,Real Life Temple Run,en,,,2013-01-01,/bsjG3i3DTJ4oXWTIlMvGeIzQV1z.jpg,0,0,0,0,0,0,,False,,Horror,,
1658416,,Dead to the Last Drop,Dead to the Last Drop,en,,,2007-01-01,/kmv1IZ3pSg29esluhHcoNNJjKLQ.jpg,0,0,0,0,0,0,,False,,Horror,,
1658844,,In The Woods,In The Woods,en,,,2007-01-01,/liedJLFissIPqfYopfyt6expMg1.jpg,0,0,0,0,0,0,,False,,Horror,,
1659025,,In The Woods 2: Deeper In The Woods,In The Woods 2: Deeper In The Woods,en,,,2007-01-01,/nCgM1R836uF9NmSqBPYhVjCVgS1.jpg,0,0,0,0,0,0,,False,,Horror,,
1659060,,Balloon,Balloon,en,,,2015-01-01,/xMGP5fs7RBaR67Dxhm2SNWUTo1B.jpg,0,0,0,0,0,0,,False,,Horror,,
1659078,,The Cucumber Killer,The Cucumber Killer,en,,,2008-01-01,/xZw8W5P19mCmAQF7na7OZcXTs5X.jpg,0,0,0,0,0,0,,False,,Horror,,
1659083,,The Cucumber Killer 2,The Cucumber Killer 2,en,,,2008-01-01,/9SonhRPy2zJzEIjhDcC3mlZaajk.jpg,0,0,0,0,0,0,,False,,Horror,,
1659151,,The Cry of Mann,The Cry of Mann,en,,,2017-01-01,/92RBXXWOvoRFF1gcNXI8cgO7TAP.jpg,0,0,0,0,0,0,,False,,Horror,,
1659253,,The Fisherman's Wife,The Fisherman's Wife,en,,,2016-01-01,/fcwUXLJ7MIz8WUL0bGIBiYIVvMt.jpg,0,0,0,0,0,0,,False,,Horror,,
1659258,,The Music of Erich Zann,The Music of Erich Zann,en,,,2009-01-01,/ldHhkYkEH2F9YWj3Adrr75fyqBD.jpg,0,0,0,0,0,0,,False,,Horror,,
1659276,,Yuggoth,Yuggoth,en,,,2015-01-01,/ws06C1KZYkQdFxaWi0FWRlzSTR.jpg,0,0,0,0,0,0,,False,,Horror,,
1659713,,Dark Dream: A Lovecraftian Tale of Terror!,Dark Dream: A Lovecraftian Tale of Terror!,en,,,2013-01-01,/ep6D2MiCAb0lvdBuvMg4JdSgKmv.jpg,0,0,0,0,0,0,,False,,Horror,,
1659765,,Black Cocaine,Black Cocaine,en,,,2014-01-01,/2UjXnUc7IS76TcpgoEQjJeGlSHx.jpg,0,0,0,0,0,0,,False,,Horror,,
1659782,,The Deep End,The Deep End,en,,,2014-01-01,/q7fjrAGHYXVgoLsQC9ezVCSm6xD.jpg,0,0,0,0,0,0,,False,,Horror,,
1660263,,The Window Into Time,The Window Into Time,en,,,2011-01-01,/QaJRSPDYL83OmUnL1yTsW8yAJr.jpg,0,0,0,0,0,0,,False,,Horror,,
1660307,,From the Dark,From the Dark,en,,,2009-01-01,/m33WxVGP6D00Qy66VOKQnEU30dW.jpg,0,0,0,0,0,0,,False,,Horror,,
1660517,,Stranger,Stranger,en,,,2015-01-01,/8UiUZmCClPKyddo8LOZiPqO3Ubv.jpg,0,0,0,0,0,0,,False,,Horror,,
1660793,,The Statement of Randi Carter,The Statement of Randi Carter,en,,,2012-01-01,/b98daT8BcQd99UjfeqNGFhWb2pB.jpg,0,0,0,0,0,0,,False,,Horror,,
1661191,,Going Under Part 2,Going Under Part 2,en,,,1998-01-01,/xEMZtFK4ymvvDDisZkvRWAyO4Dk.jpg,0,0,0,0,0,0,,False,,Horror,,
1661480,,The Island,The Island,en,,,2010-01-01,/5OmH8ue4GfhRCKnjg3Xui6ss6vY.jpg,0,0,0,0,0,0,,False,,Horror,,
1662166,,Fuseli,Fuseli,en,,,2016-01-01,/aHHAC9yZ3Lsqo8jzHVvTPw6O5hw.jpg,0,0,0,0,0,0,,False,,Horror,,
1662481,,Friday the 13th: Wanted Legend,Friday the 13th: Wanted Legend,en,,,2015-01-01,/vGzOqNdp7ZeFUJpELX8an4tnvYG.jpg,0,0,0,0,0,0,,False,,Horror,,
1662495,,The Rocky Horror Pixel Show,The Rocky Horror Pixel Show,en,,,2022-01-01,/pA0kZAEqFhm1ms3k8QvVy67hxxd.jpg,0,0,0,0,0,0,,False,,Horror,,
1662585,,Open Late,Open Late,en,,,2022-01-01,/zHMxsNcjEye3FR0kVLs7u5t49v4.jpg,0,0,0,0,0,0,,False,,Horror,,
1663122,,The Screamer,The Screamer,en,,,2009-01-01,/2wwMYpE07wbnTiJO9HwPeb31NgS.jpg,0,0,0,0,0,0,,False,,Horror,,
1663532,,Shelf Life,Shelf Life,en,,,2011-01-01,/f24G3CHK0vSQkDclUpkMpy8k2YQ.jpg,0,0,0,0,0,0,,False,,Horror,,
1663581,,Still Visage,Still Visage,en,,,2022-01-01,/z5L2BaeUads2IoBm7bgHdkyaCax.jpg,0,0,0,0,0,0,,False,,Horror,,
1663979,,Scream Again,Scream Again,en,,,1998-01-01,/4tW3borZS6p19yNcEe8dUGGLhZJ.jpg,0,0,0,0,0,0,,False,,Horror,,
1664190,,Zombie Christ,Zombie Christ,en,,,2000-01-01,/bh7kMRDzZF7Ebe7EQSo8XTFfQ2x.jpg,0,0,0,0,0,0,,False,,Horror,,
1664906,,Cheekh,Cheekh,en,,,2004-01-01,/dtFe1arU67Q0HwHx5Lgqj9aobnX.jpg,0,0,0,0,0,0,,False,,Horror,,
1665937,,Blink Twice,Blink Twice,en,,,2022-01-01,/52RDuR0BNbqgbGiloQm3f2kdsia.jpg,0,0,0,0,0,0,,False,,Horror,,
1666771,,The Werewolf,The Werewolf,en,,,1959-01-01,/5g4zYbBkukAhi031ly8lQRDXyIg.jpg,0,0,0,0,0,0,,False,,Horror,,
1666849,,The Thing That Stalks the Fields,The Thing That Stalks the Fields,en,,,2016-01-01,/wnS4MUYY2CADcMi87rkLZxVUxQb.jpg,0,0,0,0,0,0,,False,,Horror,,
1667813,,Don't Hug Me I'm Scared: Behind the Magic,Don't Hug Me I'm Scared: Behind the Magic,en,,,2017-01-01,/cf9NCFhNye2kGIbvZbbk2j6gefD.jpg,0,0,0,0,0,0,,False,,Horror,,
1667843,,Piracy,Piracy,en,,,2014-01-01,/fMahZp4gnIcFf9fsG52usSrpxb5.jpg,0,0,0,0,0,0,,False,,Horror,,
1668068,,No Regrets,No Regrets,en,,,2016-01-01,/eqhsgESFjDWGRYaFFPAnTZNfIc6.jpg,0,0,0,0,0,0,,False,,Horror,,
1668088,,R/Horror,R/Horror,en,,,2016-01-01,/4DkNwdsYA9MptyZmihgwMosqo24.jpg,0,0,0,0,0,0,,False,,Horror,,
1668573,,Spawn: The Recall,Spawn: The Recall,en,,,2014-01-01,/bI8lPDd8TGERVO18p9sEnbDGigj.jpg,0,0,0,0,0,0,,False,,Horror,,
1668580,,The Mysterious Disappearance of M.M. Bayliss,The Mysterious Disappearance of M.M. Bayliss,en,,,2013-01-01,/5V5u0FiGDyq3YABNEqyFp84qnl.jpg,0,0,0,0,0,0,,False,,Horror,,
1668593,,The Wraith,The Wraith,en,,,2011-01-01,/lN7IEeKoEC9k8nBlF9JOeY0fYzm.jpg,0,0,0,0,0,0,,False,,Horror,,
1668606,,Godless Nights,Godless Nights,en,,,2012-01-01,/o2Et8FWfQJdmpWTBgxB9C1simLn.jpg,0,0,0,0,0,0,,False,,Horror,,
1669469,,Ticci Toby,Ticci Toby,en,,,2018-01-01,/o0TyykCakXhISoH6sdgbQPL245a.jpg,0,0,0,0,0,0,,False,,Horror,,
1669999,,Alien Butchers,Alien Butchers,en,,,2022-01-01,/xTOEv0zwqK3r1Yy9MGieFwsTHVb.jpg,0,0,0,0,0,0,,False,,Horror,,
1670558,,Stay Safe,Stay Safe,en,,,2020-01-01,/yFeE2xMJiPxZazCiqHIEoRklurr.jpg,0,0,0,0,0,0,,False,,Horror,,
1671319,,Psycho 60/98,Psycho 60/98,en,,,2016-01-01,/wr60l6hDogqrtK9YJBwqaGPGPbv.jpg,0,0,0,0,0,0,,False,,Horror,,
1671334,,The Devil Walks Among You,The Devil Walks Among You,en,,,2012-01-01,/sHkfOoEoQri3waZwziY9qrAIQuZ.jpg,0,0,0,0,0,0,,False,,Horror,,
1673140,,Toby Dammit,Toby Dammit,en,,,1968-01-01,/iPigz7cnwSmgV5VocXjzfw4YWfV.jpg,0,0,0,0,0,0,,False,,Horror,,
1673486,,Shades Of The Unseen,Shades Of The Unseen,en,,,2016-01-01,/va9nEUalvTJLy1MKNvwuXUIRwDR.jpg,0,0,0,0,0,0,,False,,Horror,,
1674280,,Jean Salazar,Jean Salazar,en,,,2022-01-01,/nR4QalEuRDeWhFubJ6agTdFIhNe.jpg,0,0,0,0,0,0,,False,,Horror,,
1676058,,Death Spin,Death Spin,en,,,2022-01-01,/lWLrmUPxtJrRHRZuJ6OdmgoHRA0.jpg,0,0,0,0,0,0,,False,,Horror,,
1676367,,Come To Brazil,Come To Brazil,en,,,2019-01-01,/fCMdn1E83lN9WI7ZFNTTi1Xz90r.jpg,0,0,0,0,0,0,,False,,Horror,,
1677587,,Uneducated Education,Uneducated Education,en,,,2022-01-01,/fzDy7mvLta69rbViMRIvokw8pmu.jpg,0,0,0,0,0,0,,False,,Horror,,
1678417,,Freddy vs Dylan,Freddy vs Dylan,en,,,2015-01-01,/989VTnrFm5iqyee8yVfuCRbFomw.jpg,0,0,0,0,0,0,,False,,Horror,,
1679299,,EXALTATION,EXALTATION,en,,,2021-01-01,/m8ATZgMTeZlUiPnl72kGwhLj3ZO.jpg,0,0,0,0,0,0,,False,,Horror,,
1679611,,No Through Road 3,No Through Road 3,en,,,2012-01-01,/mvo1XMZIoGRFG2Vdy4W0xiP1sOZ.jpg,0,0,0,0,0,0,,False,,Horror,,
1679613,,No Through Road 4,No Through Road 4,en,,,2012-01-01,/1naIfSty5k3Nn8Xm03uYEGTJR7l.jpg,0,0,0,0,0,0,,False,,Horror,,
1679862,,Let's All Go to the Lobby!,Let's All Go to the Lobby!,en,,,2021-01-01,/iaP3uUsPxWqSotz5eQUXTBFNqUO.jpg,0,0,0,0,0,0,,False,,Horror,,
1679977,,Tell Him Next Year,Tell Him Next Year,en,,,2010-01-01,/l2VIMEQChi7bmIQLuYKzJsZjB1o.jpg,0,0,0,0,0,0,,False,,Horror,,
1679978,,The Devoured,The Devoured,en,,,2013-01-01,/lywHv5mKV4G7um1IBcYgtkgfJX7.jpg,0,0,0,0,0,0,,False,,Horror,,
1680005,,Vigil,Vigil,en,,,2012-01-01,/3suwziEUW3uLTI7dqspuXYueF7W.jpg,0,0,0,0,0,0,,False,,Horror,,
1680041,,To Face Reality: A Scare You Trilogy,To Face Reality: A Scare You Trilogy,en,,,2007-01-01,/1lCkw6l0oQ638hvKyKQJCboWYd0.jpg,0,0,0,0,0,0,,False,,Horror,,
1680368,,Exandria Unlimited: Calamity,Exandria Unlimited: Calamity,en,,,2022-01-01,/yp1f62aSNP9qFrO4cHQYcbfStgq.jpg,0,0,0,0,0,0,,False,,Horror,,
1680459,,The Warning,The Warning,en,,,2010-01-01,/8Zuc36ocsZBG15hQofvvaY6VBju.jpg,0,0,0,0,0,0,,False,,Horror,,
1680629,,The Faraway Place,The Faraway Place,en,,,2022-01-01,/fJNXAjamohrix7Y7KCtbQQZEVIH.jpg,0,0,0,0,0,0,,False,,Horror,,
1681395,,BLOODGOD,BLOODGOD,en,,,2013-01-01,/jP2L4vEruku08egFHhJDUTUINTa.jpg,0,0,0,0,0,0,,False,,Horror,,
1682410,,Evil Dead - The Musical,Evil Dead - The Musical,en,,,2004-01-01,/tjvv6pYaBwdsA0gTqf2KuHVPRFz.jpg,0,0,0,0,0,0,,False,,Horror,,
1683298,,Dread Count,Dread Count,en,,,2022-01-01,/4rhr7wifDMZ39wfOUO85AYh2ZJl.jpg,0,0,0,0,0,0,,False,,Horror,,
1683578,,Welcome to Hoxford: The Fan Film,Welcome to Hoxford: The Fan Film,en,,,2011-01-01,/c8kSyt5ikQELgTk2f9UryN1BHB1.jpg,0,0,0,0,0,0,,False,,Horror,,
1684269,,Jane Eyre,Jane Eyre,en,,,2020-01-01,/zQquz1QKnEH5MYbn4d6noobS40m.jpg,0,0,0,0,0,0,,False,,Horror,,
1685293,,Run for Your Life,Run for Your Life,en,,,2008-01-01,/yBZZd8pLy7yyjaPxsWtqbZa1Oj6.jpg,0,0,0,0,0,0,,False,,Horror,,
1686103,,A Fistful of Toothpicks,A Fistful of Toothpicks,en,,,2019-01-01,/tesmjocxrX0Qhzk17wZeCFHfUWD.jpg,0,0,0,0,0,0,,False,,Horror,,
1686212,,Metro Exodus: Artyom's Nightmare,Metro Exodus: Artyom's Nightmare,en,,,2019-01-01,/xc2lgRsVJM3yeLmie5evxhXnwPd.jpg,0,0,0,0,0,0,,False,,Horror,,
1686347,,In Your Eye,In Your Eye,en,,,1989-01-01,/emgSsNIlBkCpTHKB56MKr69VASF.jpg,0,0,0,0,0,0,,False,,Horror,,
1686606,,Titans of Destruction: The Evolution of Giant Monster Movies,Titans of Destruction: The Evolution of Giant Monster Movies,en,,,2021-01-01,/lcJJWYfvIyhNCZSTCcI7SNZuvoG.jpg,0,0,0,0,0,0,,False,,Horror,,
1687070,,Angels Gone,Angels Gone,en,,,2019-01-01,/2miu034XR8H83sgtXoH5gm1Z3mX.jpg,0,0,0,0,0,0,,False,,Horror,,
1687636,,Revenge of the Supermarket Trolleys,Revenge of the Supermarket Trolleys,en,,,1999-01-01,/oQCvauKflfXsU2wPjKGRkfBbQLo.jpg,0,0,0,0,0,0,,False,,Horror,,
1687714,,Burnt,Burnt,en,,,2020-01-01,/exjuxGmJJCCuVrO4GIGs0t5Qsyj.jpg,0,0,0,0,0,0,,False,,Horror,,
1687720,,The Groundhog's Day Massacre 2,The Groundhog's Day Massacre 2,en,,,1990-01-01,/4WMngqL0UPvk5vcfb1QMF2PL5Zn.jpg,0,0,0,0,0,0,,False,,Horror,,
1687731,,No Soliciting,No Soliciting,en,,,1990-01-01,/aRYOuoen8rQ0aGKZOqPfqGg7tVN.jpg,0,0,0,0,0,0,,False,,Horror,,
1687742,,The Occurrence on Hollow Road,The Occurrence on Hollow Road,en,,,2018-01-01,/aKpGjScQqzaBHEFVU0bIIFLWUXa.jpg,0,0,0,0,0,0,,False,,Horror,,
1688216,,Drone,Drone,en,,,2017-01-01,/xB0bEtWSqfC5KCZk3eAwrqwGJBp.jpg,0,0,0,0,0,0,,False,,Horror,,
1688318,,The Orchard,The Orchard,en,,,2022-01-01,/lrlEKjmLShWat0UIGXWAn3zimWc.jpg,0,0,0,0,0,0,,False,,Horror,,
1688322,,Unforgotten,Unforgotten,en,,,2004-01-01,/gZHKkoZAgxk3D5YS9JQOjMylPNm.jpg,0,0,0,0,0,0,,False,,Horror,,
1688404,,High,High,en,,,2009-01-01,/9Dw35XfzEACe480AXK2hNuBSlkw.jpg,0,0,0,0,0,0,,False,,Horror,,
1688634,,Dead is dead,Dead is dead,en,,,2000-01-01,/8oIv9lvraXpaTFlrYP6BKc7I2VD.jpg,0,0,0,0,0,0,,False,,Horror,,
1689045,,Night Trouble,Night Trouble,en,,,2019-01-01,/jDEa9bOUQUW7ER2nj9C9Qw6r6Nw.jpg,0,0,0,0,0,0,,False,,Horror,,
1690072,,Fevdrea,Fevdrea,en,,,2006-01-01,/uMbFmXrAQYpW70TsGjmOJzRp0mI.jpg,0,0,0,0,0,0,,False,,Horror,,
1690271,,Jimmy the Killer Dick,Jimmy the Killer Dick,en,,,2017-01-01,/7hYaaDfbUR3OzojarHASRMzCgy6.jpg,0,0,0,0,0,0,,False,,Horror,,
1691346,,View From The Closet,View From The Closet,en,,,2006-01-01,/2xVeGIbjLyvIhWWLliLFiuQSNUx.jpg,0,0,0,0,0,0,,False,,Horror,,
1691723,,Opening Night of the Living Dead,Opening Night of the Living Dead,en,,,2008-01-01,/cpCObMh1xHi85jeZSLZJJSVBXoV.jpg,0,0,0,0,0,0,,False,,Horror,,
1691939,,"At the Midnight, In the Silence","At the Midnight, In the Silence",en,,,1966-01-01,/wmXw0qnlD9A3MhzQDIXjdnNw4YU.jpg,0,0,0,0,0,0,,False,,Horror,,
1692260,,Killer Bikini Vampire Girls Strike Back,Killer Bikini Vampire Girls Strike Back,en,,,2006-01-01,/uuJFhWuhsNCKDLxjSOxxTECnSFc.jpg,0,0,0,0,0,0,,False,,Horror,,
1692264,,Killer Bikini Vampire Girls 3: A New Hope,Killer Bikini Vampire Girls 3: A New Hope,en,,,2007-01-01,/8ofXlTGCJwGo7hyEcv1Un90GmgJ.jpg,0,0,0,0,0,0,,False,,Horror,,
1692266,,Death of the Killer Bikini Vampire Girls: The Final Chapter,Death of the Killer Bikini Vampire Girls: The Final Chapter,en,,,2008-01-01,/biVceW614fZjRmUTCxtVBmMja7F.jpg,0,0,0,0,0,0,,False,,Horror,,
1692267,,The Vampire Awakens,The Vampire Awakens,en,,,2015-01-01,/r29IdhMBg3y8DjDNYammWk5fRO1.jpg,0,0,0,0,0,0,,False,,Horror,,
1692282,,Krasny,Krasny,en,,,1999-01-01,/kYcWGQGu5QKp5nOlhkggnrPX2Ai.jpg,0,0,0,0,0,0,,False,,Horror,,
1692958,,Night Bugs,Night Bugs,en,,,2020-01-01,/hvCVVrZmX8vdhceWmJHhwfj8HXG.jpg,0,0,0,0,0,0,,False,,Horror,,
1693137,,Serurta,Serurta,en,,,2022-01-01,/gWQPFHCxFTwEkDeKsTnVWQUbLXX.jpg,0,0,0,0,0,0,,False,,Horror,,
1693725,,The Mirror,The Mirror,en,,,2021-01-01,/8pkgpnSo5CkR4oOkdCRIpfffKiK.jpg,0,0,0,0,0,0,,False,,Horror,,
1693850,,Do Not Touch The Art,Do Not Touch The Art,en,,,2022-01-01,/nPsaJvbP3JQxojWOrthxOcchf00.jpg,0,0,0,0,0,0,,False,,Horror,,
1694048,,Lost Soul,Lost Soul,en,,,2022-01-01,/yMP64cdjh2rKrNs3mmoxJco9Bps.jpg,0,0,0,0,0,0,,False,,Horror,,
1694915,,House Roxy,House Roxy,en,,,2021-01-01,/z4eUdeVj4mUu846pIHCLtlQhB46.jpg,0,0,0,0,0,0,,False,,Horror,,
1695925,,Blackbags,Blackbags,en,,,2012-01-01,/zb9SyEoaNlCuHHUg7I9FGKKtQ9M.jpg,0,0,0,0,0,0,,False,,Horror,,
1695939,,Banana Seat Bloodbath,Banana Seat Bloodbath,en,,,2015-01-01,/uJ3Yw6yK2Bc5YTBWnPDiKzAwAWX.jpg,0,0,0,0,0,0,,False,,Horror,,
1696028,,096,096,en,,,2020-01-01,/t8JgalIexBSIgRtUonho0zlkho0.jpg,0,0,0,0,0,0,,False,,Horror,,
1696142,,A Drop of Blood,A Drop of Blood,en,,,2004-01-01,/GU90UpfvzF3oyehJLmh0XMrwyL.jpg,0,0,0,0,0,0,,False,,Horror,,
1696173,,Jack Scott's Wood,Jack Scott's Wood,en,,,2017-01-01,/8yAKZruUfstrdbxcPkYRWlfRwsw.jpg,0,0,0,0,0,0,,False,,Horror,,
1696206,,-40 (Forty Years Younger),-40 (Forty Years Younger),en,,,2021-01-01,/49VLRX5UXUIVHgBl5ifKR40YiHt.jpg,0,0,0,0,0,0,,False,,Horror,,
1696210,,Tent,Tent,en,,,2020-01-01,/hotCtfn3xik6Je7X6RuRCg1S2L8.jpg,0,0,0,0,0,0,,False,,Horror,,
1696644,,Shelter Woods,Shelter Woods,en,,,2021-01-01,/6YpclgX8Yk3OBp9JRrj6yWpy6nJ.jpg,0,0,0,0,0,0,,False,,Horror,,
1696660,,The Intel,The Intel,en,,,2018-01-01,/4djFM2EJ1JUZtPsJFjAAnLczPRc.jpg,0,0,0,0,0,0,,False,,Horror,,
1696824,,A Very Tight Place,A Very Tight Place,en,,,2011-01-01,/qJ29LAXhY6v1qsZVuS2lCsmXygL.jpg,0,0,0,0,0,0,,False,,Horror,,
1697318,,Ceci N'est Pas Un Viol,Ceci N'est Pas Un Viol,en,,,2015-01-01,/tV6wO6Hhag0k2F3rDRXZ5q7aPES.jpg,0,0,0,0,0,0,,False,,Horror,,
1697339,,The Legend of El Hombre Lobo: Paul Naschy Werewolf,The Legend of El Hombre Lobo: Paul Naschy Werewolf,en,,,2019-01-01,/w1Zph3CoXMKP5l7JpLX85G4QW12.jpg,0,0,0,0,0,0,,False,,Horror,,
1697620,,Tiny Bible,Tiny Bible,en,,,2015-01-01,/5jJk2OSdTrfpKpfUxONH51S0XBc.jpg,0,0,0,0,0,0,,False,,Horror,,
1697843,,Last Memory,Last Memory,en,,,2015-01-01,/5HLj4UH58am6T0aBcABUxdOGsts.jpg,0,0,0,0,0,0,,False,,Horror,,
1698247,,Karen & Karma,Karen & Karma,en,,,2020-01-01,/9kFcHaGzbMSQwlBLKtRjle8XnCj.jpg,0,0,0,0,0,0,,False,,Horror,,
1698893,,Conrad Brooks vs. the Werewolf,Conrad Brooks vs. the Werewolf,en,,,1994-01-01,/zWbzFI9AUKU9Z30iMVIrLZXW0NB.jpg,0,0,0,0,0,0,,False,,Horror,,
1699309,,Possessed By Evil,Possessed By Evil,en,,,1996-01-01,/eyuVPqUWgCiR9TTnQIw9NDXwe4v.jpg,0,0,0,0,0,0,,False,,Horror,,
1699853,,Frosty the evil snowman,Frosty the evil snowman,en,,,2021-01-01,/3K2INR2flnl9QVooWwJFZmS12rE.jpg,0,0,0,0,0,0,,False,,Horror,,
1700123,,Sweet,Sweet,en,,,2016-01-01,/xlanEH8yohNLhkWu6gXNki14vnu.jpg,0,0,0,0,0,0,,False,,Horror,,
1700361,,Ringu Doorbell,Ringu Doorbell,en,,,2021-01-01,/rjd9tpdGPS4GsoiS9a6CAS9sDfd.jpg,0,0,0,0,0,0,,False,,Horror,,
1700369,,Shutter,Shutter,en,,,2019-01-01,/2C94MDmCHbcXOeAwWg90x124TSj.jpg,0,0,0,0,0,0,,False,,Horror,,
1700440,,Haunted,Haunted,en,,,2002-01-01,/cDN8KQehcv3T9fZMLvCvfJltL1v.jpg,0,0,0,0,0,0,,False,,Horror,,
1700614,,Swan Song,Swan Song,en,,,2015-01-01,/vlVdRiIf5pkB26mEPAMxRcRsXFG.jpg,0,0,0,0,0,0,,False,,Horror,,
1700726,,Vampire Night,Vampire Night,en,,,2002-01-01,/nPm7w4l0GTTDOYXjRapISpvsohE.jpg,0,0,0,0,0,0,,False,,Horror,,
1701045,,Kelton's Dark Corner,Kelton's Dark Corner,en,,,2009-01-01,/qvf87vleNgTlF9Lo3FP6jFwmGES.jpg,0,0,0,0,0,0,,False,,Horror,,
1701052,,Dodgy and Abandoned,Dodgy and Abandoned,en,,,2019-01-01,/MQuojsLNxEckXWeAKjw0tNhBT2.jpg,0,0,0,0,0,0,,False,,Horror,,
1701295,,Clarity,Clarity,en,,,2020-01-01,/fNWcAjzrayiUAE5EwjkUxCdmm4G.jpg,0,0,0,0,0,0,,False,,Horror,,
1701301,,INSIDE,INSIDE,en,,,2021-01-01,/hXg9deqf3QPSsuGvu9W5Wo7zCfd.jpg,0,0,0,0,0,0,,False,,Horror,,
1701305,,Strawberry Spring,Strawberry Spring,en,,,2012-01-01,/s0zh64HE560UreQX7iFvkhNe8k3.jpg,0,0,0,0,0,0,,False,,Horror,,
1701736,,No Such Thing as a Vampire,No Such Thing as a Vampire,en,,,1968-01-01,/97GRd4njd0eRqPwknpkLFcUvAh1.jpg,0,0,0,0,0,0,,False,,Horror,,
1701739,,William and Mary,William and Mary,en,,,1968-01-01,/YyFMkzT5H64HDApUQuPBUfU1eS.jpg,0,0,0,0,0,0,,False,,Horror,,
1701743,,The Triumph of Death,The Triumph of Death,en,,,1968-01-01,/YyFMkzT5H64HDApUQuPBUfU1eS.jpg,0,0,0,0,0,0,,False,,Horror,,
1701746,,The Bells of Hell,The Bells of Hell,en,,,1968-01-01,/YyFMkzT5H64HDApUQuPBUfU1eS.jpg,0,0,0,0,0,0,,False,,Horror,,
1701750,,The Kiss of Blood,The Kiss of Blood,en,,,1968-01-01,/YyFMkzT5H64HDApUQuPBUfU1eS.jpg,0,0,0,0,0,0,,False,,Horror,,
1701829,,Degrassi of the Dead,Degrassi of the Dead,en,,,2007-01-01,/Amcxw64znY6HCPNqwzHwZJzLTzZ.jpg,0,0,0,0,0,0,,False,,Horror,,
1701856,,50 Odd Foot of Shit,50 Odd Foot of Shit,en,,,2004-01-01,/gDrgGCueLuevbGkshhWG1rDypuu.jpg,0,0,0,0,0,0,,False,,Horror,,
1702141,,Used,Used,en,,,2017-01-01,/2AL43xQQ8YL8MPjZWktre9H3JCp.jpg,0,0,0,0,0,0,,False,,Horror,,
1702261,,Goosebumps: The Cuckoo Clock of Doom,Goosebumps: The Cuckoo Clock of Doom,en,,,1995-01-01,/cELL149RqEBdo3OyllSPtZcrp9J.jpg,0,0,0,0,0,0,,False,,Horror,,
1702486,,Donor,Donor,en,,,2020-01-01,/1ow6t6eIHBOMgHuwRp5shFnmmAt.jpg,0,0,0,0,0,0,,False,,Horror,,
1702779,,Halloween: Evil Never Dies,Halloween: Evil Never Dies,en,,,2017-01-01,/w5lhqHDoKNe71gJJ53xlMJg7ywO.jpg,0,0,0,0,0,0,,False,,Horror,,
1702902,,Impostor,Impostor,en,,,2011-01-01,/jngDXnxJScFOj3uoQu7vl39QdOL.jpg,0,0,0,0,0,0,,False,,Horror,,
1703073,,Bible Black: New Testament,Bible Black: New Testament,en,,,2004-01-01,/wOdhlWYXoI3ka5BqhZPYWf6PUD3.jpg,0,0,0,0,0,0,,False,,Horror,,
1703857,,Goosebumps: The Girl Who Cried Monster,Goosebumps: The Girl Who Cried Monster,en,,,1995-01-01,/3gVLU65m7P187EXeHUzgvEWp8WI.jpg,0,0,0,0,0,0,,False,,Horror,,
1704585,,Goosebumps: Phantom of the Auditorium,Goosebumps: Phantom of the Auditorium,en,,,1995-01-01,/2JDCMEgirLMbUGAdE83XUB3T4Tm.jpg,0,0,0,0,0,0,,False,,Horror,,
1704894,,Camping Fun,Camping Fun,en,,,2021-01-01,/weRrZqN5q7z5CJuFODOLSmT0whY.jpg,0,0,0,0,0,0,,False,,Horror,,
1705224,,Goosebumps: Piano Lessons Can Be Murder,Goosebumps: Piano Lessons Can Be Murder,en,,,1995-01-01,/w7XiayVwgjfAMQ4ZBJOPWzEHF2H.jpg,0,0,0,0,0,0,,False,,Horror,,
1705242,,Goosebumps: Night of the Living Dummy II,Goosebumps: Night of the Living Dummy II,en,,,1996-01-01,/ykuHneR9nf2xS9VlxN97oV4E3DF.jpg,0,0,0,0,0,0,,False,,Horror,,
1705249,,Goosebumps: My Hairiest Adventure,Goosebumps: My Hairiest Adventure,en,,,1996-01-01,/92JH6emqYcO9GAM82PFQMzZHuv3.jpg,0,0,0,0,0,0,,False,,Horror,,
1705274,,Goosebumps: Bad Hare Day,Goosebumps: Bad Hare Day,en,,,1996-01-01,/tP5PkVwbaoKxsjQ3zkKw7lww4E7.jpg,0,0,0,0,0,0,,False,,Horror,,
1705411,,Goosebumps: You Can't Scare Me!,Goosebumps: You Can't Scare Me!,en,,,1996-01-01,/6steiB4VR4gqff84bolmCz1jHfE.jpg,0,0,0,0,0,0,,False,,Horror,,
1705879,,Goosebumps: Revenge of the Lawn Gnomes,Goosebumps: Revenge of the Lawn Gnomes,en,,,1996-01-01,/bCYjU1yYE2Tcbvct7ATofh1oe3v.jpg,0,0,0,0,0,0,,False,,Horror,,
1705892,,Goosebumps: Let's Get Invisible!,Goosebumps: Let's Get Invisible!,en,,,1996-01-01,/hTDnUoGtuqJffXwVY5ne785DW3b.jpg,0,0,0,0,0,0,,False,,Horror,,
1706110,,Amityville Horror House,Amityville Horror House,en,,,2021-01-01,/53EcylqLCCpJFz9aEzqLd5c0Drh.jpg,0,0,0,0,0,0,,False,,Horror,,
1706160,,Goosebumps: Vampire Breath,Goosebumps: Vampire Breath,en,,,1996-01-01,/AunJbc2djrkRqSB6B0rBKqf5PCr.jpg,0,0,0,0,0,0,,False,,Horror,,
1706910,,The Recycler,The Recycler,en,,,2008-01-01,/ngkcbV8KTgC8TsEknRhx0dD5jhP.jpg,0,0,0,0,0,0,,False,,Horror,,
1706911,,Mouth Face,Mouth Face,en,,,2010-01-01,/fKqKO8pzr58GFoJJ37TOm4DRA1K.jpg,0,0,0,0,0,0,,False,,Horror,,
1707279,,Uncle Frank's Basement,Uncle Frank's Basement,en,,,2015-01-01,/jGx1v0a2gIlCul6EBziulwlC4lJ.jpg,0,0,0,0,0,0,,False,,Horror,,
1707285,,Uncle Frank's Basement 2,Uncle Frank's Basement 2,en,,,2016-01-01,/dfnPPNFF1C2GJfwMnOYunxsoVOa.jpg,0,0,0,0,0,0,,False,,Horror,,
1707287,,Uncle Frank's Hallway,Uncle Frank's Hallway,en,,,2015-01-01,/bzljMPmPDhNvGpv1QLw6CTFztlK.jpg,0,0,0,0,0,0,,False,,Horror,,
1707295,,Clap Clap,Clap Clap,en,,,2017-01-01,/hjcISRx93tbW6vIzlMIhHAl8oAA.jpg,0,0,0,0,0,0,,False,,Horror,,
1707736,,Beetlejuice The Musical. The Musical. The Musical.,Beetlejuice The Musical. The Musical. The Musical.,en,,,2018-01-01,/noU4QQkX5ZouMaWW8ZN3ZFGkF9R.jpg,0,0,0,0,0,0,,False,,Horror,,
1709185,,True Horror with Anthony Head,True Horror with Anthony Head,en,,,2004-01-01,/ogpCDeJ6ZfaXhfIQ960styYaD89.jpg,0,0,0,0,0,0,,False,,Horror,,
1710019,,Illusion?,Illusion?,en,,,2004-01-01,/lkpuZ7pVDRWr4IQnMm2R3jbrVEy.jpg,0,0,0,0,0,0,,False,,Horror,,
1710331,,Down the Bayou,Down the Bayou,en,,,2020-01-01,/28V6w1t9WBi3vfAk6CGixqDyNyG.jpg,0,0,0,0,0,0,,False,,Horror,,
1710415,,The City Eats Its Weak,The City Eats Its Weak,en,,,2005-01-01,/hZOMx5WfsRMYcStO0codbk5Hu7I.jpg,0,0,0,0,0,0,,False,,Horror,,
1711077,,Hiding in Plain Sight,Hiding in Plain Sight,en,,,2021-01-01,/gasSNSmnrUw51dNqDosYx8C2Yu6.jpg,0,0,0,0,0,0,,False,,Horror,,
1711115,,Nostalgia,Nostalgia,en,,,2018-01-01,/4zTssrkjPv6rtb0SxlDNlhi1ttk.jpg,0,0,0,0,0,0,,False,,Horror,,
1711129,,Kiss of the Moon,Kiss of the Moon,en,,,2009-01-01,/wT2IiJOSKJQfTTCwOhPvWvjQCwN.jpg,0,0,0,0,0,0,,False,,Horror,,
1711145,,Te llevo en la Piel,Te llevo en la Piel,en,,,2022-01-01,/gNtuB8whzKPbALaq3FJiQGtfi7S.jpg,0,0,0,0,0,0,,False,,Horror,,
1711214,,M Is for Midget,M Is for Midget,en,,,2013-01-01,/l5Hi7pJm6RX1XAyVsDxf7MT5NdA.jpg,0,0,0,0,0,0,,False,,Horror,,
1711292,,Zelda Catwoman of Queens,Zelda Catwoman of Queens,en,,,1990-01-01,/t5eV9kEedq7vBNiJ3LfDytS9HtQ.jpg,0,0,0,0,0,0,,False,,Horror,,
1711841,,Bloodbath,Bloodbath,en,,,2012-01-01,/bDu1kiPCV3npjlyUwhmCSLfuXGG.jpg,0,0,0,0,0,0,,False,,Horror,,
1712144,,Sleep Tight,Sleep Tight,en,,,2022-01-01,/yqHrmnrtrdtWEBUiJBPBn0YpfiZ.jpg,0,0,0,0,0,0,,False,,Horror,,
1712256,,Sleepaway Camp 3: Tony Lives,Sleepaway Camp 3: Tony Lives,en,,,2015-01-01,/9T5D1vfhyjBhWpZ5qqUMFp9RZwH.jpg,0,0,0,0,0,0,,False,,Horror,,
1712546,,Not My Responsibility,Not My Responsibility,en,,,2020-01-01,/svnKFlk0WaDmU585NtaETk0a9Je.jpg,0,0,0,0,0,0,,False,,Horror,,
1712787,,Tenants,Tenants,en,,,1997-01-01,/vS09M5LYIJSMFXBc3JhUy5FYJUu.jpg,0,0,0,0,0,0,,False,,Horror,,
1713744,,EGG,EGG,en,,,2017-01-01,/veYKdhGQHXKPAsy0pXnxqfte5CX.jpg,0,0,0,0,0,0,,False,,Horror,,
1714093,,Black Easter,Black Easter,en,,,1994-01-01,/7j1L44kOnlAqoPUXWgDSnKDYjRU.jpg,0,0,0,0,0,0,,False,,Horror,,
1715853,,The Rexburg Psycho: Origins,The Rexburg Psycho: Origins,en,,,2022-01-01,/okOLrQzuRkZOTXiIovqBtO0QqDN.jpg,0,0,0,0,0,0,,False,,Horror,,
1715886,,Goosebumps: The Barking Ghost,Goosebumps: The Barking Ghost,en,,,1997-01-01,/n25BjQScnG3FlsoUdIbgnoSr3x5.jpg,0,0,0,0,0,0,,False,,Horror,,
1715919,,Reflections,Reflections,en,,,2023-01-01,/qSge0nb57vx9ZAGApB6fOCXfMXv.jpg,0,0,0,0,0,0,,False,,Horror,,
1716707,,The Nun,The Nun,en,,,2022-01-01,/miHvzg3COKAyKyGjqBjdb8lQEVE.jpg,0,0,0,0,0,0,,False,,Horror,,
1716748,,SLEEP WELL,SLEEP WELL,en,,,2020-01-01,/bI6nYj779gjMuX8PxCdTOsR5X02.jpg,0,0,0,0,0,0,,False,,Horror,,
1716852,,Bent: Volume One,Bent: Volume One,en,,,2002-01-01,/h0Dcob1YRoRBo0eYQvKPRAwlifM.jpg,0,0,0,0,0,0,,False,,Horror,,
1717504,,Snap,Snap,en,,,2016-01-01,/ggagtrnl1KE0F89bArug1IegJIk.jpg,0,0,0,0,0,0,,False,,Horror,,
1717511,,Doggy See Evil,Doggy See Evil,en,,,2017-01-01,/cBxuqayEK17QRjHW3pTlJcmcfiP.jpg,0,0,0,0,0,0,,False,,Horror,,
1717744,,Escape Room,Escape Room,en,,,2022-01-01,/8nNkQ8nPGjTczLRzsXJ5xaKa3kb.jpg,0,0,0,0,0,0,,False,,Horror,,
1717814,,A Flesh Offering,A Flesh Offering,en,,,2010-01-01,/btzaqPdVONox0oh09IBog88cZ6H.jpg,0,0,0,0,0,0,,False,,Horror,,
1718978,,This Place,This Place,en,,,2003-01-01,/29aAXNuFOuOiyfhZLDkL6wKepru.jpg,0,0,0,0,0,0,,False,,Horror,,
1719182,,First World Zombie Problems,First World Zombie Problems,en,,,2014-01-01,/ovbcizZZ04pVfVDknzmzfeuS1hk.jpg,0,0,0,0,0,0,,False,,Horror,,
1719478,,Beyond the Basement Door,Beyond the Basement Door,en,,,2013-01-01,/yHIbEr0za1FsiVEeT2RGJbXLe2K.jpg,0,0,0,0,0,0,,False,,Horror,,
1720150,,The Haunting Hour: My Old House,The Haunting Hour: My Old House,en,,,2014-01-01,/zwe2SWNVwD0Bv1mNBkOosxUlgCx.jpg,0,0,0,0,0,0,,False,,Horror,,
1720402,,Goosebumps: Don't Go to Sleep!,Goosebumps: Don't Go to Sleep!,en,,,1997-01-01,/4C1HsskcxLIwlPfrsEFLaOd7kvD.jpg,0,0,0,0,0,0,,False,,Horror,,
1720448,,Goosebumps: Say Cheese and Die... Again,Goosebumps: Say Cheese and Die... Again,en,,,1998-01-01,/yTnxLBtOxbrvL8q62kLn30xz91H.jpg,0,0,0,0,0,0,,False,,Horror,,
1720656,,A Domestic Incident in Boylan Heights,A Domestic Incident in Boylan Heights,en,,,2017-01-01,/ybvjql7xZPAa4HtxEEMVD0ididN.jpg,0,0,0,0,0,0,,False,,Horror,,
1720666,,Allegedly,Allegedly,en,,,2021-01-01,/3HKuBoZbN4HKICUozQU4XKeQd74.jpg,0,0,0,0,0,0,,False,,Horror,,
1721033,,The Devil's Window,The Devil's Window,en,,,1968-01-01,/yfHnla34EkjCI9bGtAjcLrPvPTK.jpg,0,0,0,0,0,0,,False,,Horror,,
1721042,,The Face On The Wall,The Face On The Wall,en,,,1985-01-01,/cWYO3RnAI6UnGvqJLKvdhoPrfQH.jpg,0,0,0,0,0,0,,False,,Horror,,
1721425,,Black Hills,Black Hills,en,,,2012-01-01,/rKlUAAF58f3Qq3bMsYVMp1Y1lar.jpg,0,0,0,0,0,0,,False,,Horror,,
1721759,,"Marimacha, la encarnación","Marimacha, la encarnación",en,,,2014-01-01,/wt7edxgd4DEl7fj8tjpbqXWMgT1.jpg,0,0,0,0,0,0,,False,,Horror,,
1722449,,Very Pig Trouble,Very Pig Trouble,en,,,2020-01-01,/3puKgY4SOHhWNmcKapA9DoNEJN6.jpg,0,0,0,0,0,0,,False,,Horror,,
1722489,,When The Owling Has Come,When The Owling Has Come,en,,,1989-01-01,/8Ktll8aGgfMnfYLEo1GjTzAzLYp.jpg,0,0,0,0,0,0,,False,,Horror,,
1722535,,Timber Falls,Timber Falls,en,,,2007-01-01,/zCed8tgPLFwAESSNeZoyBzdZ7nN.jpg,0,0,0,0,0,0,,False,,Horror,,
1722702,,Devour,Devour,en,,,2022-01-01,/3wTdJfHJCWdsIbRdupPFZTtFiv.jpg,0,0,0,0,0,0,,False,,Horror,,
1722917,,Thunderbirds: Attack of the Alligators!,Thunderbirds: Attack of the Alligators!,en,,,1966-01-01,/42iMTCA84PYmNrpkUrNw2ZavCcc.jpg,0,0,0,0,0,0,,False,,Horror,,
1722957,,Snatcher,Snatcher,en,,,1991-01-01,/tmmGoQRM99OLN1PMsZ1MFaYXUEf.jpg,0,0,0,0,0,0,,False,,Horror,,
1723640,,Jailbird,Jailbird,en,,,2020-01-01,/aAkFpdNuYYavTapm8vu3lmueHLb.jpg,0,0,0,0,0,0,,False,,Horror,,
1723787,,Atomic Cookbook,Atomic Cookbook,en,,,2019-01-01,/8utfigqMQ4pXBtNldp9rW0oJdce.jpg,0,0,0,0,0,0,,False,,Horror,,
1723809,,Things Left Buried,Things Left Buried,en,,,2022-01-01,/8gbWo5kmJLwCKwmhqaFC94t1j6K.jpg,0,0,0,0,0,0,,False,,Horror,,
1725329,,The Untitled,The Untitled,en,,,1998-01-01,/hTKNkydTNLe4yeM1ugpjzo1qfaG.jpg,0,0,0,0,0,0,,False,,Horror,,
1725966,,Zanzibar,Zanzibar,en,,,2018-01-01,/jlNVnTmi49lo2y4mCt6CzF6lcMe.jpg,0,0,0,0,0,0,,False,,Horror,,
1727719,,Victim,Victim,en,,,2019-01-01,/f3N6LOVepXVFseTks7xnvvv85iL.jpg,0,0,0,0,0,0,,False,,Horror,,
1727728,,The Invitation,The Invitation,en,,,2022-01-01,/q54Fy3Vo6JG6eZN703DLUdGvDTh.jpg,0,0,0,0,0,0,,False,,Horror,,
1728265,,Dark Stories: Tales from Beyond the Grave,Dark Stories: Tales from Beyond the Grave,en,,,2001-01-01,/84ECasHp2eykrJ89jr3QC0cK2dL.jpg,0,0,0,0,0,0,,False,,Horror,,
1728774,,The Pig Witch,The Pig Witch,en,,,2008-01-01,/hBkhU6mpk5OyrRFFmo3dLzrvtq2.jpg,0,0,0,0,0,0,,False,,Horror,,
1729057,,Gateway of the Mind,Gateway of the Mind,en,,,2016-01-01,/tEaMqnNjQu9uyp3dhE97RUD6Erz.jpg,0,0,0,0,0,0,,False,,Horror,,
1729739,,Consuming Beauty,Consuming Beauty,en,,,2015-01-01,/wbKtaVSPYLoRH5LfmCmxGOauSOZ.jpg,0,0,0,0,0,0,,False,,Horror,,
1731176,,Short Night,Short Night,en,,,1986-01-01,/NJOdsaM5Jj9BA3imW7uL9BbI9A.jpg,0,0,0,0,0,0,,False,,Horror,,
1731666,,The Injustices,The Injustices,en,,,2019-01-01,/pw1Xc59gOZvCdofTj1PNHpbBRfM.jpg,0,0,0,0,0,0,,False,,Horror,,
1732870,,Apocalypse Marathon Part 2,Apocalypse Marathon Part 2,en,,,2014-01-01,/fuwp2gXKGhcOGXmBkLsxR0VClmQ.jpg,0,0,0,0,0,0,,False,,Horror,,
1733119,,The Glimpse | A horror short film,The Glimpse | A horror short film,en,,,2025-01-01,/6aIvU75ZgMOyiibO4BBXkIE0rnx.jpg,0,0,0,0,0,0,,False,,Horror,,
1733132,,Left 4 Dead: The Movie,Left 4 Dead: The Movie,en,,,2016-01-01,/8lZtaw6hxJ5LJFYJh7JJ6aUK0al.jpg,0,0,0,0,0,0,,False,,Horror,,
1734901,,The Coldest Caller,The Coldest Caller,en,,,2021-01-01,/34pwuRGhebIokXMLFG2mEVMuBSL.jpg,0,0,0,0,0,0,,False,,Horror,,
1735570,,Akhari Page,Akhari Page,en,,,2006-01-01,/e6xrtVfqscKknYtHnKbnnu8dEQU.jpg,0,0,0,0,0,0,,False,,Horror,,
1735681,,The Legend of Sombrerón,The Legend of Sombrerón,en,,,2021-01-01,/dSi1p6qJFuE7KmfSdnUNJX9YfNv.jpg,0,0,0,0,0,0,,False,,Horror,,
1736222,,Cinzar,Cinzar,en,,,2026-01-01,/m8RUQ26B1owJJN7k3dIEGUQS20p.jpg,0,0,0,0,0,0,,False,,Horror,,
1736276,,Nasty,Nasty,en,,,2015-01-01,/1mtGntTrrWL3EEg9VinfEqKMs6D.jpg,0,0,0,0,0,0,,False,,Horror,,
1736284,,Blow the Shit Away,Blow the Shit Away,en,,,2004-01-01,/1mtGntTrrWL3EEg9VinfEqKMs6D.jpg,0,0,0,0,0,0,,False,,Horror,,
1736339,,The Class,The Class,en,,,2024-01-01,/6saIS2E7FWLRbzan9qFRuPQHUeo.jpg,0,0,0,0,0,0,,False,,Horror,,
1736356,,The Spot,The Spot,en,,,2023-01-01,/yy9Pw69PrdQbNPVEkFKEevCTNXY.jpg,0,0,0,0,0,0,,False,,Horror,,
1736376,,Mutant Muscles,Mutant Muscles,en,,,1986-01-01,/xN31iEMxvgSicojj1n5yO8mXDYQ.jpg,0,0,0,0,0,0,,False,,Horror,,
1736717,,Back from the Dead,Back from the Dead,en,,,2008-01-01,/cGXAVl4a6efuIzackPaLLBtiMef.jpg,0,0,0,0,0,0,,False,,Horror,,
1736763,,Christmas Horror,Christmas Horror,en,,,2024-01-01,/zMCERwePv4uxgshM84od8QNiz4M.jpg,0,0,0,0,0,0,,False,,Horror,,
1737111,,Nostalgia (or The Kenopsic Anemoia of the Mind),Nostalgia (or The Kenopsic Anemoia of the Mind),en,,,2021-01-01,/sN5UNZKAhTa09nlWn0GEh7LIxbr.jpg,0,0,0,0,0,0,,False,,Horror,,
1737162,,The Utility Room,The Utility Room,en,,,2023-01-01,/tyTIxodpH7s788WfLLOx8PpvrKE.jpg,0,0,0,0,0,0,,False,,Horror,,
