id,imdb_id,original_title,title,original_language,overview,tagline,release_date,poster_path,popularity,vote_count,vote_average,budget,revenue,runtime,status,adult,backdrop_path,genre_names,collection,collection_name
7181,tt1094588,Dusk,Dusk,en,"When a series of unexplained events begin to echo across time, one woman finds herself at the center of a threat that refuses to stay buried. As the past bleeds into the present, she is forced to confront a presence that seems to follow her across lives, memories, and moments she can’t fully explain.  DUSK is a psychological horror film that blends suspense and supernatural elements, exploring the idea that some darkness doesn’t end—it returns. Starring Laura Bailey (Critical Role), alongside Bruce DuBose and Todd Haberkorn, the film delivers a character-driven descent into fear, where survival means recognizing what’s been hunting you all along.",,2026-03-07,/e2tWEpDPxytFvllRjTrFDcXFXQz.jpg,2.4478,0,0,0,0,99,Released,False,,Horror,,
479003,tt5579164,Eaten Alive in Uganda,Eaten Alive in Uganda,en,"A cannibalistic/zombesque film made by simple, genuine people who live in a place where cannibalism is still practiced and where the living dead, for the natives of the place, are part of their beliefs, their folklore.",,2026-01-31,/1lrhuST9q14TfdrxEk95R8EmCVa.jpg,0.2456,0,0,0,0,55,Released,False,,Horror,,
644665,tt7806390,Bramble On,Bramble On,en,A man confronts the creature living inside his blackberry brambles. He finds the thorns dig deeper than he expected.,,2026-02-20,/vkcGRcPHf7OgaXoSPIPmMxP8yGh.jpg,0.2495,0,0,75,0,9,Released,False,/zrjUEiby7rnybMeimp0uYHMoDl0.jpg,"Horror, Drama, Comedy",,
680493,tt22868010,Return to Silent Hill,Return to Silent Hill,en,"When James receives a mysterious letter from his lost love Mary, he is drawn to Silent Hill—a once-familiar town now consumed by darkness. As he searches for her, James faces monstrous creatures and unravels a terrifying truth that will push him to the edge of his sanity.",Guilt is a place you can never leave.,2026-01-21,/tF7WPnFs109CwY9AvLCyI6ZYhEZ.jpg,15.1711,740,5.4,23000000,47976996,106,Released,False,/v0NEB75SZjxY8GS3ho8WeEvjIT3.jpg,"Mystery, Drama, Horror",64748,Silent Hill Collection
696393,tt8879928,Cold Storage,Cold Storage,en,"When a mutating, highly contagious fungus escapes a sealed facility, two employees – joined by a grizzled bioterror operative – must survive the wildest night shift ever to save humanity from extinction.","If it spreads, you're dead.",2026-01-22,/3HA2iiq982e01EKXJvPFyfMADVM.jpg,14.0442,592,6.755,10000000,4048606,99,Released,False,/puqQGxK9HYITUKhCdREg3XOLlZd.jpg,"Horror, Science Fiction, Comedy",,
737885,tt6157414,Nightmare Hospital,Nightmare Hospital,en,A horror film about a pilot who is the sole survivor of the plane crash in the deep unknown. He must survive in an isolated building where something evil is waiting.,,2026-10-08,/jmf80I2U92OVjnLIetUDzt1X7a4.jpg,1.3676,0,0,0,0,80,In Production,False,/wpEw76bf6c5mOrKrJlFaB1PSodW.jpg,"Horror, Mystery, Drama",,
785157,tt8502306,Capps Crossing: Wrong Side of Dead,Capps Crossing: Wrong Side of Dead,en,"When a behavioral science major investigates murders at Capps Crossing, she finds herself trapped in a twisted web of lies surrounding the local ranger and his son.",,2026-07-18,/wrckam4GGGnlMWXCjiYxD7XzHaO.jpg,0.7068,0,0,0,0,0,Released,False,/vl9OmIBWqkvcWG6X6qdQDUaTvn8.jpg,"Horror, Thriller",,
855435,tt14619456,Faces of Death,Faces of Death,en,"A woman, employed as a website content moderator, comes across a series of violent videos reproducing death scenes from a film.",You can't unsee it.,2026-04-10,/vPVY3S57lEooBLJCg6KGdMHkUxm.jpg,6.1207,104,5.5,7400000,2610000,97,Released,False,/qdyeQg2gWj1L8cDlwU3tI4s0Hub.jpg,Horror,97237,Faces of Death Collection
887583,,Analog Eyes,Analog Eyes,en,A loner dork gets fed up with the monotony of his existence under the shadow of his narcissistic friend. Forcing the the pair to reevaluate their place in life.,There's No Rewind Button in Life...,2026-10-10,/9DGrXkAuGudVpQSkNpzBgLQhUjk.jpg,0.6394,0,0,12250,0,0,In Production,False,,"Horror, Comedy, Mystery, Science Fiction",,
939541,tt42588704,Christmas at the Kringles,Christmas at the Kringles,en,"The Seversons, a family of three living in smalltown suburbia, whose next-door neighbors, the Kringles, have one minor quirk: They celebrate Christmas all year round. Mark and Julie Severson have mixed feelings about how much time their son, Bobby, spends at the Kringles’. But it’s not until he goes missing within the confines of the Kringles’ home that they realize their neighbors—and their religion—aren’t what they seemed. The couple will embark on a life-and-death journey to find their son that not only tests who they are, but who they want to become.",,2026-10-30,/z0uOPm2KjrZp1v4jp4SdPsrdgWB.jpg,0.7909,0,0,0,0,0,Post Production,False,,"Action, Horror, Comedy",,
961020,tt15542954,Buzzkill,Buzzkill,en,Tune in to the blind date woes of Rick and Becky.,,2026-05-22,/wkzOSflA4TCfee8v2fSOxl7nu1x.jpg,0.3396,0,0,0,0,5,Released,False,/paWFogGBLdL2IugynsiMG97tYpF.jpg,"Horror, Comedy, Romance, Animation",,
993324,tt23791802,Wasterville,Wasterville,en,"Set off by a traumatic breakup, Paul Fisher (Poissonnier) spirals into a vicious underworld of sex, drugs and violence. Broke and clamoring for his next fix, Paul is lured into the clutches of pornographic film producer Ralph Beavers (Himself), where he is betrothed to none other than his own ex-girlfriend! Can Paul escape the malevolent forces that hunger for the flesh of his soul? Find out the mind-melting conclusion in this phantasmagoric journey into the heart of the unknown. Welcome to WASTERVILLE.","Soon, we’ll all be in Hell",2026-04-25,/978KsRy4RRn7mFNHQLwxBJ919rL.jpg,0.4369,0,0,5000,0,65,Released,False,,"Horror, Comedy, Fantasy",,
996885,tt20234128,Watchdog,Watchdog,en,"After narrowly escaping an armed robbery, Travis Wilkes invites the drifter who saved him back to the isolated home where he and his girlfriend reside, not realizing that he's opened the door to a night of terror and brutal revenge.",Be careful who you let in,2026-03-06,/hMhsnOCqztBOqbkN93vM2Z43IRh.jpg,0.5657,1,4.0,0,0,93,Released,False,/mM8EuGPS69HmOBLkgiokXDCPQWP.jpg,Horror,,
998390,tt15145268,VACANT,VACANT,en,"When a new landlord inherits a run-down apartment complex, he expects late rent and repairs — not silence, and not the disappearances.  As tenants vanish one by one, he descends into the basement and discovers something still alive below the building.",,2026-01-15,/i4Y3vJUsKBmLp79T2MJModaoUE7.jpg,1.56,0,0,4000,0,85,Released,False,/qly8qELMwsUuxZ8UwGN5ohBBbdV.jpg,"Horror, Thriller, Mystery",,
999136,tt3515878,Do Not Enter,Do Not Enter,en,"A group of young explorers investigates an old abandoned hotel, only to encounter a strange supernatural being and a competing group looking for a legendary hidden treasure.","Getting in is hard, getting out is hell.",2026-03-19,/stM9N7eJmHKLmFR59JG4tLdN7Wk.jpg,21.5904,225,6.02,0,0,91,Released,False,/8zyQbsmMlXfLkcctjNz5YZZwpkw.jpg,Horror,,
1010755,tt28682323,The Strangers: Chapter 3,The Strangers: Chapter 3,en,"Tethered by a frightening conclusion, Maya and the Strangers are locked on an unavoidable, unforgiving collision course — a showdown that proves they’re far from strangers now.",Embrace your fears.,2026-02-05,/dWi4D1rUX1Pg4MaafpwwssqJ9lv.jpg,11.2464,245,5.9,8500000,9191988,92,Released,False,/fPfDB0IHOqvmKIzFP9CA51OOS1N.jpg,"Horror, Thriller",1172926,The Strangers (Remake) Collection
1030789,,Doctor Deathface,Doctor Deathface,en,An agoraphobic sex therapist feeds his patients to his carnivorous bed.,,2026-02-13,/yvnycQNGIlgusEf8rkaJxwb6GMi.jpg,0.5401,0,0,0,0,100,Released,False,,"Horror, Comedy",,
1035190,tt25404142,The VelociPastor 2,The VelociPastor 2,en,"The perfect movie DOES exist! Doug and Carol travel to the port city of Milan, where they have to solve a series of murders committed by a masked slasher at an Italian Fertility Festival. And Soviet Spies. INTERPOL’s there, too.","THE 1,000 VIRGIN SACRIFICE IS NEARLY COMPLETE... AND YOU COULD BE NEXT!",2026-06-11,/z66BFw33Gdla0dQATHxS2jC6YNo.jpg,1.3762,0,0,275000,0,0,Released,False,/oRhcGMz4kn9TQeqLuPGdGc4isxb.jpg,"Comedy, Horror, Action, Adventure",1067970,The Velocipastor Collection
1065610,tt36300272,Nervous,Nervous,en,A woman spirals into a seductive nightmare beyond her control as she navigates a troubled marriage and disorientating cultural terrain in the Korean countryside.,,2026-08-27,/y8L0ET1JAl2MNTzqmXuvqV9Oswr.jpg,0.2015,0,0,0,0,100,Post Production,False,,Horror,,
1065952,tt23709780,The Fling,The Fling,en,A nice romantic dinner in a restaurant goes awry when it’s revealed one of them has a monstrous secret.,Love knows no species,2026-06-04,/fCsfznKcgdnzPUiTqcZh7wUsGhx.jpg,0.7602,0,0,0,0,4,Released,False,/y84xfQYzdd8U0t3DhX8tZFigPrQ.jpg,"Animation, Comedy, Romance, Horror",,
1073973,tt27378311,Dead Lover,Dead Lover,en,"A lonely gravedigger who stinks of corpses finally meets her dream man, but their whirlwind affair is cut short when he tragically drowns at sea. Grief-stricken, she goes to morbid lengths to resurrect him through madcap scientific experiments, resulting in grave consequences and unlikely love.",Love can conquer death.,2026-03-18,/mbvP4f6BU923NGfqjpOJcJih3i6.jpg,2.3463,8,4.5,0,0,84,Released,False,/tyTEwvNWY6Uxo7bGBPpV10wREQR.jpg,"Horror, Comedy, Romance",,
1080959,tt24070874,Alien Storm,Alien Storm,en,"A father, businessman and secret doomsday prepper escorts people to the safety of his bunker – actually an underground house – when a massive and potentially deadly fog descends and cuts the power at his home.",,2026-07-21,/qXHqQm3K4XspsgqGUbsk0dUcZwo.jpg,0.9502,0,0,0,0,0,Released,False,,"Science Fiction, Horror",,
1083381,tt26657236,Backrooms,Backrooms,en,A strange doorway appears in the basement of a furniture showroom.,See how far it goes.,2026-05-27,/rhGx6E3qRNMgj3i5su2oukNHwIQ.jpg,418.7825,1997,7.1,10000000,387226845,111,Released,False,/2aA8iPlMCks3k131ymFBAY6FL0b.jpg,"Horror, Mystery, Science Fiction",,
1084187,tt26678938,Pretty Lethal,Pretty Lethal,en,A troupe of ballerinas find themselves fighting for survival as they attempt to escape from a remote inn after their bus breaks down on the way to a dance competition.,"Blood, sweat and tutus.",2026-03-13,/znTPnXCK3lEQJgqXCvP7e5FUz6f.jpg,15.2968,446,6.8,0,0,89,Released,False,/z3bzhmC0CPikWeerUkLO73YvGrC.jpg,"Action, Thriller, Horror",,
1093895,tt26459442,They Slay,They Slay,en,"Longtime friends Raemee, Maggie and Lee come together for an annual Halloween hang-out at Lee’s house. Things are different this year when Maggie's new partner, Sam, and Lee’s younger sibling, Charlie, join the group. When they reignite their tradition of playing with a spirit board, they accidentally invite a supernatural being to join in the party. Uncomfortable truths rise to the surface and things take a dark turn, calling into question if the friendships will survive the night- or if the friends will survive at all.",,2026-06-19,/mAlxPgDFU0xavRF4sLhlxnEc8bX.jpg,0.4943,0,0,0,0,0,Released,False,,"Horror, Comedy",,
1098342,tt22053356,One of Us,One of Us,en,"Members of a family begin dying one by one at a funeral, while Youngest searches for the stranger in their midst.",,2026-03-28,/h3Z6jx1TDzJi90T05AU6KX6njTA.jpg,0.4051,0,0,0,0,0,Released,False,,"Horror, Mystery",,
1102905,tt25384570,Robot Dracula,Robot Dracula,en,A scientist with nefarious intentions seeks to dominate the world using his vast expertise in robotics.,,2026-03-31,/tibw6qcqUY2j7jkKLYailGn2grR.jpg,0.3942,0,0,0,0,90,Released,False,,Horror,,
1107166,tt1764551,Psycho Killer,Psycho Killer,en,"Following the brutal murder of her husband, a Kansas highway patrol officer sets out on a journey to track down the perpetrator. As the hunt progresses, she comes to realize the man responsible is a sadistic serial killer, and the depth of his mental depravity and his sinister agenda is more twisted than anyone could have imagined.",He’s coming for you.,2026-02-19,/5xgxxmLivJXL8aF0HdZfpx8aAIo.jpg,5.4555,159,6.5,10000000,2376805,91,Released,False,/gMC4KIdHsj37w3kPI7mRUJLC57Q.jpg,"Crime, Horror, Mystery",,
1110207,tt27830613,The Lovers,The Lovers,en,"Sara Lim Baylon , a reluctant seafood chef from Binondo, Manila. As the youngest member of her family to run their restaurant, Sara faces the daunting pressure to live up to her late father's reputation and keep the business afloat. When the governor's inauguration dinner is planned at the restaurant, featuring a sirena as the centerpiece, Sara finds herself drawn into a dangerous affair with the mythical creature.","A love that destroys you, then remakes you.",2026-06-23,/ocmGR20m9zgn39RupZq8FLWgwKT.jpg,0.806,0,0,400000,0,15,Released,False,/8k7iNXPPeiga5GxSsNVeLYVK2iC.jpg,"Fantasy, Romance, Thriller, Horror, Animation",,
1114313,tt15161498,Meltdown: A Nuclear Family's Ascension into Madness,Meltdown: A Nuclear Family's Ascension into Madness,en,A picture-perfect 1950s family throw an important dinner party only for an LSD spiking to upend their plans and expose their festering secrets.,A Family Trip.,2026-08-14,/o9aNEX2guGaVvxld3RVQna6UzzS.jpg,0.2015,0,0,0,0,85,Released,False,/eFSeqrpx8KHsTnssjxyl7hkMDIr.jpg,"Horror, Drama",,
1116201,tt27564844,Iron Lung,Iron Lung,en,"In a post-apocalyptic future where an event known as ""The Quiet Rapture"" caused all known stars and habitable planets in the universe to disappear, a convict is sent to search an ocean of blood discovered on a desolate moon, using a small submarine nicknamed the ""Iron Lung"".",This is not an expedition. It's an execution.,2026-01-30,/sIwakdbMGS1krtgendTWpxTY9Hw.jpg,11.9733,349,6.958,4000000,51226173,125,Released,False,/seuG9UslSFybML8C4enbrE6Hsyz.jpg,"Horror, Mystery, Science Fiction",,
1120865,tt12498996,The House That Zombies Built,The House That Zombies Built,en,"Zombies have overrun the earth, and young Scott's the last to learn about it - so he can't be too picky when it comes to choosing his safe haven.",,2026-12-31,/t4fc8NWhKEkpTABuWMquosjeypS.jpg,0.2992,0,0,0,0,0,In Production,False,,"Horror, Comedy, Mystery",,
1125627,tt27733119,DreamQuil,DreamQuil,en,"Set in the not so distant future when poor air quality leads to people living mostly virtual lives. Carol is a dissatisfied career mother, struggling to find connection within her marriage to Gary and her child. With the day to day familiarity of their home and lives feeling increasingly claustrophobic, and worried she could be heading towards divorce, Carol leaps at the chance to get her life back on track by signing up for ""DreamQuil"", an avant-garde digital wellness retreat. When Carol returns home however, she discovers her family has been living with ""Carol 2"", a robot the corporation sent designed to help in her absence, and things take a mysterious and sinister turn.",,2026-11-05,/dVuxzF8odLaajzUk5SC4vRub7aL.jpg,0.9276,0,0,0,0,89,Released,False,/Nri5jNAwzerZl4q5A5XCtnQxkC.jpg,"Horror, Mystery, Thriller",,
1127384,tt29516222,Deep Water,Deep Water,en,A group of international passengers on a flight from Los Angeles to Shanghai is forced to make an emergency landing in shark-infested waters. The terrified group is forced to work together and overcome their differences if they hope to escape their sinking plane and the frenzy of sharks drawn to the wreckage.,Surviving the crash is just the beginning.,2026-04-30,/kjcuS7xaRyqRjVaVcH4t0qHshuX.jpg,148.7671,273,7.414,0,2286163,107,Released,False,/szKv713FcUXx6hcfdY369vtkmzr.jpg,"Horror, Thriller",,
1128204,tt30505578,Feed,Feed,en,Five social media influencers spend a weekend at a forest retreat but inadvertently awaken and confront the world's first vampire.,,2026-06-25,/o79uvPNtEu42mYYG7HXVHWYbCYa.jpg,2.7685,0,0,0,0,0,Released,False,,Horror,,
1139129,tt13904218,Arachnado 2: Flaming Spiders,Arachnado 2: Flaming Spiders,en,"Just when you thought it couldn't get any worse, the Arachnado has returned, this time as a ""Firenado"" with Flaming Spiders. It's up to a renegade Sergeant Preston and the Janitor from the original film to overthrow the corrupt Lieutenant Gallagher and put the fire out.",It's burn is worse than it's bite,2026-10-13,/7gxCZly72UMD1Y5RgxEgWGvwXu8.jpg,0.3223,0,0,0,0,70,In Production,False,,Horror,1702815,Arachnado Collection
1149940,tt21215814,Mothman Vs Bigfoot,Mothman Vs Bigfoot,en,,,2026-08-25,/Ag05xtOOkYUKFT31GQrmCCtlU8O.jpg,0.2903,0,0,0,0,80,In Production,False,,Horror,,
1151320,tt23214770,Closet Monster,Midnight Monster,en,A female Psychic manifests a Monster in her closet that helps unlock the key to her childhood trauma.,,2026-04-07,/xNRLHwmnuJUQS43eEXyqnaxAMKG.jpg,0.2961,0,0,0,0,45,Released,False,,Horror,,
1159559,tt27047903,Scream 7,Scream 7,en,"When a new Ghostface killer emerges in the quiet town where Sidney Prescott has built a new life, her darkest fears are realized as her daughter becomes the next target. Determined to protect her family, Sidney must face the horrors of her past to put an end to the bloodshed once and for all.",Burn it all down.,2026-02-25,/jjyuk0edLiW8vOSnlfwWCCLpbh5.jpg,21.7347,1167,6.232,45000000,207999405,114,Released,False,/3eUyLEF5M0ky3h6KJsWiWzaakB8.jpg,"Horror, Mystery, Crime",2602,Scream Collection
1159831,tt30851137,The Bride!,The Bride!,en,A lonely Frankenstein travels to 1930s Chicago to ask groundbreaking scientist Dr. Euphronious to create a companion for him. The two revive a murdered young woman and The Bride is born. But what ensues is beyond what either of them imagined.,Here comes the mother f*%#ing bride!,2026-03-04,/lV8YHwGkYZsm6EfIqnhaSz2avKt.jpg,10.9444,583,6.1,80000000,23944025,127,Released,False,/l8rKKMU2M9dDULO9CEtDNdWAEUJ.jpg,"Science Fiction, Horror, Fantasy",,
1170600,tt31350873,Return of the Living Dead,Return of the Living Dead,en,"Eighteen months after the events at the UNEEDA Warehouse in Louisville, KY, a new Trioxin 2-4-5 leak puts a small Pennsylvania town on the brink of a zombie outbreak during Christmas 1985.",Tarman is coming to town.,2026-11-13,/6THwQPQn2TS1EAkXzmko1CBGYJV.jpg,2.1258,0,0,0,0,0,Post Production,False,,"Horror, Comedy",101471,Return of the Living Dead Collection
1174240,tt11096628,Vampire Zombies...from Space!,Vampire Zombies...from Space!,en,"From the depths of space, Dracula has devised his most dastardly plan yet; turning the residents of the small town of Marlow into his personal army of vampire zombies! A motley crew consisting of a grizzled detective, a rookie cop, a chain-smoking greaser, and a determined young woman band together to save the world from — (see title).",A batty new comedy that's guaranteed to suck!,2026-01-30,/g7uQT3jpdCaxcK9jn3cJY1Tfryq.jpg,1.4384,9,6.444,100000,0,98,Released,False,/fBYbbDPdugow2PSlIt6mJECiIRP.jpg,"Comedy, Horror, Science Fiction",,
1181566,tt26671990,I Know Exactly How You Die,I Know Exactly How You Die,en,"When his slasher-fiction novel manifests in real life, hack writer Rian Burman has to finish his story without getting his protagonist murdered by a seriously sadistic Stalker who will stop at nothing to have her.",,2026-01-17,/oLhBayrRmdZ3M5hWQPtl2trNcDx.jpg,3.9451,2,3.0,0,0,88,Released,False,/qsSbUvpMiwD6RGjFbgGLETuLJVK.jpg,"Horror, Comedy",,
1184620,tt27619219,The Trek,The Trek,en,"Starvation, suspicion and madness plague a group of 1846 settlers as they journey across the Kalahari under the eyes of two desert spirits.","The land is old, the land is ours",2026-03-01,/fQZYqv9nOUg6qKzXJfpMqpATtU9.jpg,0.6493,0,0,0,0,105,Released,False,/dnd6mLpmzYmmTh3QquyfAkc3m9a.jpg,"Horror, Western",,
1189885,tt29423057,The Morrigan,The Morrigan,en,"Archaeologist Fiona travels to Ireland to uncover a long-dead tomb. A threat is released and she will have to fight to keep her teenage daughter from falling under the control of The Morrigan, a vengeful Pagan War Goddess.",An ancient evil rises.,2026-04-09,/ahnhXyjd26ducr4V05hDAzLPyB5.jpg,2.5341,4,5.0,0,0,96,Released,False,/jdy2Q1JTKun986X6XOLWzGr7XB4.jpg,Horror,,
1193501,tt29550683,Whistle,Whistle,en,"A misfit group of unwitting high school students stumble upon a cursed object, an ancient Aztec Death Whistle. They discover that blowing the whistle and the terrifying sound it emits will summon their future deaths to hunt them down.",Don't blow it.,2026-01-20,/vgonf5kGsiijUBjzxKTvechhT28.jpg,16.4858,593,6.367,2000000,4987632,100,Released,False,/rfawRNnOrpqlvTi3Xn4XRjkxx66.jpg,"Horror, Mystery",,
1198984,tt29713093,We Bury the Dead,We Bury the Dead,en,"After a catastrophic military disaster reanimates the dead, Ava searches for her missing husband amidst an increasingly hostile world.",Volunteers needed.,2026-01-01,/xZqo0yPARmyF8TACVNyaOACkYWG.jpg,13.4706,318,6.033,0,3745163,95,Released,False,/vbkW4KerpshPZnP84w9qwSfYrhu.jpg,"Horror, Thriller",,
1198994,tt8036976,Send Help,Send Help,en,"Two colleagues become stranded on a deserted island, the only survivors of a plane crash. On the island, they must overcome past grievances and work together to survive, but ultimately, it's a battle of wills and wits to make it out alive.",Meet Linda Liddle... She's from strategy and planning. She's the boss now.,2026-01-22,/zbJWVHOtj3ljBzWgL1P8pxP03Up.jpg,35.0263,2013,7.05,40000000,94041481,113,Released,False,/bpp58yHuQmpt6xwggI63mVRw7po.jpg,"Horror, Thriller, Comedy",,
1212461,tt29544916,OBEX,OBEX,en,"Conor Marsh lives a secluded life with his dog, Sandy, until one day he begins playing OBEX, a new, state-of-the-art computer game. When Sandy goes missing, the line between reality and game blurs and Conor must venture into the strange world of OBEX to bring her home.",It's just a game...,2026-01-09,/989voQxc9qAJKuBaoBHngqnpLsD.jpg,0.8359,17,5.912,5000,32452,91,Released,False,/77aCeoWOA5toCWk67lTAzrfW92Y.jpg,"Fantasy, Adventure, Horror",,
1212763,tt31170389,Evil Dead Burn,Evil Dead Burn,en,"After her husband's abrupt death, Alice seeks solace with his remaining family — descendants of a leading researcher on demonic possession. As her in-laws transform one by one into creatures that feed on fear, she comes to discover that the vows she took in life survive even in death.",Every family has its demons.,2026-07-07,/ztadKzIIR0ERYqpHteaPFtk7inP.jpg,59.7397,190,6.8,20000000,857423,110,Released,False,/A5Tz6ogGt4VV8NESG9oWVct5bo1.jpg,"Horror, Thriller",1725885,Evil Dead Standalone Collection
1215919,tt26764007,My Sister's Bones,My Sister's Bones,en,Kate Rafter is back to home after a horrific incident in war-torn Iraq and the death of her mother. While packing up her mother's belongings she comes to believe there is something strange and terrifying happening in the house next door.,,2026-01-30,/4gr9WexfjVIji7LIH3D5zq4qAPc.jpg,3.3305,13,6.5,0,0,81,Released,False,/zxRhY6pLJCa9TBUbgcpl73ObeTZ.jpg,"Drama, Thriller, Horror",,
1217931,tt29762861,Vampires of the Velvet Lounge,Vampires of the Velvet Lounge,en,"A group of vampires confronts the challenges of adapting to contemporary society while grappling with their own mortality, all while engaged in a conflict with a dangerous enemy.",,2026-03-20,/4uJcIW0PL4vNZvk0z6kwWdOqLv6.jpg,2.7793,10,6.4,0,0,105,Released,False,/xSaHpvDlDrndLeQB81isPEuge38.jpg,"Comedy, Horror",,
1219267,tt28489473,White Gardenia: The King James Bible,White Gardenia: The King James Bible,en,"An epic-scaled avant-garde underground project that will cover both the Old and New Testament, featuring segments from various filmmakers and their beautifully extreme visions of the myriad of biblical stories.",,2026-01-01,/6avn2xgPRmFQJK79gyM7qWpGCbE.jpg,0.1679,0,0,0,0,330,Released,False,/z4fYlITXjKvuuWLPGMkBJ3kqYQg.jpg,Horror,,
1223546,,Strawberry Lemonade,Strawberry Lemonade,en,"Strawberry Lemonade spends the first week of the college semester with Cole - a despondent young man struggling to connect with others who want nothing more than breezy relationships and to be left alone. When Cole clicks with an enigmatic girl, they form a romantic relationship that crescendos into a bloody nightmare.",,2026-01-01,/n857xWnZix0dJQjPtUJoNufaaBn.jpg,3.2412,0,0,0,0,24,Released,False,/aT8JnwBKqj7JXgysG3AEIMhndDI.jpg,"Romance, Horror",,
1226230,tt30671809,Bunker Heights,Bunker Heights,en,Citizens of a troubled city must navigate through an unforeseen crisis that threatens every walk of life.,Crime. Comedy. Creatures.,2026-10-13,/ad8LTOWXiI5ilfxiII0kCmtQgTR.jpg,0.2882,0,0,30000,0,106,Post Production,False,,"Crime, Horror, Comedy",,
1228314,tt30815938,Stiletto,Stiletto,en,"A year after the grisly murder of a local exotic dancer, the victim’s sister, Lyric, searches for the serial killer responsible as he stalks and kills his favorite dancers on the night of the anniversary.",,2026-10-30,/rMvQZugfpD4bYznFbqPis2eJko7.jpg,0.4152,0,0,0,0,100,Post Production,False,/ibXZDDbi48xmdRZJ0ScDBhlfqxR.jpg,Horror,,
1232569,tt30887701,Pinocchio: Unstrung,Pinocchio: Unstrung,en,"Influenced by a sinister Cricket and created by Geppetto, Pinocchio launches a violent crusade to carve himself into a real boy like his brother James, one piece at a time.",He has no strings to hold him back now.,2026-07-22,/sqhfUrPEeAlFf684FsVa8v1GYCD.jpg,13.9951,2,7.5,500000,0,82,Released,False,/dNKFETDDujxm2PUN873Jwiw5VML.jpg,"Horror, Fantasy, Mystery",1690298,Pinocchio Unstrung Collection
1233883,,Epitaph,Epitaph,en,"Newlywed Anna and her husband relocate to Alaska, but their blissful life takes a dark turn when a car crash causes Anna to develop selective amnesia. The incident triggers agoraphobia and haunting flashbacks.",,2026-08-10,/bGrw0ibHwDoExjbQLnBYvTLRjor.jpg,2.9514,0,0,4100000,0,93,In Production,False,,"Horror, Thriller",,
1240889,tt35298123,Teenage Sex and Death at Camp Miasma,Teenage Sex and Death at Camp Miasma,en,"After years of slapdash sequels and waning fandom, the Camp Miasma slasher franchise is handed over to an enthusiastic young director for resurrection. But when she visits the original's star, a now-reclusive actress shrouded in mystery, the two women fall into a blood-soaked world of desire, fear, and delirium.",Blood. Lust.,2026-08-06,/nLsFnXifieSTqSeWxjXSS8RvaUZ.jpg,5.0015,0,0,10000000,0,112,Released,False,/d1n2ySWSanU34eEsluRjfrjRq52.jpg,"Horror, Comedy",,
1242937,tt30842022,The Dreadful,The Dreadful,en,"In medieval England, Anne and her domineering mother-in-law Morwen struggle to survive on the outskirts of society. But when a man from Anne's past returns from war, a curse begins to take shape through a mysterious knight and threatens to destroy them all.","In a country torn by war, survival comes at all costs… and darkness closes in.",2026-02-20,/nhhJkYau8nQMFgauvOudDjwj9vA.jpg,4.4033,76,6.105,0,0,94,Released,False,/fAF3VGFBpItWNROmiGob60n0y5.jpg,Horror,,
1244523,tt10377864,Beware Boiúna,Beware Boiúna,en,"A team of young doctors on a humanitarian mission through the Amazon rainforest come to realize that not everyone – or everything – is happy to see them. Their arrival draws the attention of an ancient predator, the ""Boiúna"", This ancient killer, dominant on land and water, emerges to reclaim the jungle. The ensuing fight for survival blurs the roles of hunter, prey, and hero.",,2026-10-02,,3.7164,0,0,0,0,0,Post Production,False,,"Action, Horror, Thriller",,
1244525,tt30973613,Deathkeeper,Deathkeeper,en,"Cursed to age decades each time he saves a life, a reclusive angel is drawn to a possessed woman hunted by a charming demon in disguise -forcing him to confront the only way to reclaim his youth: killing.",,2026-03-07,/2yzSBxg93wPgNPJFZXr4MZ9fdDw.jpg,1.6792,0,0,0,0,0,Released,False,,"Fantasy, Horror",,
1247729,tt26776720,Amityvillenado,Amityvillenado,en,"In the wake of a devastating storm that destroys the infamous DeFeo house, a paranormal entity merges with a malevolent tornado, unleashing an otherworldly force upon the town of Amityville.",Cloudy with a chance of DEATH!,2026-02-27,/gG6fPTz1Dg2KnVNBv6PwdLC152z.jpg,1.6093,4,7.5,0,0,111,Released,False,/ivtVqVvbN9QBiEIoVUyMQyfnXyo.jpg,"Horror, Comedy",,
1247890,,Bird Flu,Bird Flu,en,An anxiety-ridden man’s decision to take in an injured bird leads to a deep reflection of his traumatic past and an intense physical transformation.,,2026-06-07,/8uq3VnE9E64SXfTIAohoSNMwDne.jpg,1.6017,0,0,0,0,13,Released,False,,"Horror, Fantasy",,
1249508,tt28500290,Grizzly Night,Grizzly Night,en,"On August 12, 1967, in Montana's Glacier National Park, the unthinkable happened: that same night, nine miles apart, there were not one—but two—fatal grizzly bear attacks.",Two attacks. One night.,2026-01-30,/3ppOwa6PEtGsIiDPdZHUbEqgIY7.jpg,6.4765,61,6.377,3000000,0,93,Released,False,/i275mAQP4KhPtYUpMUgBGMmK4WN.jpg,"Horror, Thriller, Drama",,
1250512,tt31474395,The Voices of Our Mother,The Voices of Our Mother,en,"When a family matriarch falls seriously ill, relatives gather and discover their shared ancestral ties bind them in unexpected ways.",,2026-06-05,/fD0wfZifpJQGOTPboSVXQ3XI3DV.jpg,1.151,7,6.357,860000,0,93,Released,False,/3vnk1VkxzdG9p9HaQNE9QDXLcv4.jpg,Horror,,
1250854,,DUPED (The Jezebel Experience),Duped (The Jezbel Experience),en,"Alexandria Wright meets Elijah Martinez and the demonic journey begins. Elijah Martinez finds himself ensnared in a romantic involvement with Alexandria Wright, an unfaithful Covert Narcissist. She convinces him they are soulmates and they take a vow before God for His blessing with the penalty of betrayal being death. After years pass, Alexandria forgets the vows and begins cheating behind Elijah's back. Just a week before Christmas, she abruptly betrays him. To his astonishment, she swiftly transitions to a new relationship, bringing with her the unsettling secret of transmitting an incurable sexually transmitted disease to her new partner. Then came Karma. Her victims arrive to spit on her dirty grave as her demise finally arrives.",You shall reap what you sow,2026-12-11,/baGjpoypvlXFp0oh2PTC3R9ZjlQ.jpg,0.2457,0,0,2000000,2,160,In Production,False,,"Drama, Horror, Thriller",,
1253664,tt40389698,Compliance,Compliance,en,"On the eve of a landmark deal for a major tech startup, they're faced with a sexual assault controversy that threatens to become a PR disaster. As new hire Sam works to contain the fallout, it becomes clear that not all is as it seems, and she quickly finds herself in a game of cat and mouse with a criminal organization taking aim at the company and their investors.",,2026-04-16,/eoXsqhiqmpYalDgZ4iCzUZo50jS.jpg,2.4116,0,0,100000,0,105,Released,False,/8Pf882gfadRxqBiEgYGjhFChpRa.jpg,"Horror, Thriller",,
1255833,tt28535715,Whalefall,Whalefall,en,"Following the death of his father, Jay Gardiner goes diving off the central Coast of California in search of his remains, but is swallowed by a massive sperm whale. While trapped inside its belly with only one hour of oxygen left, Jay comes to realize that the hard-earned lessons his father imparted may be the key to his escape.",Hold your breath.,2026-10-14,/wse4S4EuVHSNk9yzsjhdRLmipXk.jpg,3.1342,0,0,0,0,98,Post Production,False,/dUzzwJpX4Fiet2QJy5P1TxpW1Qa.jpg,"Thriller, Horror",,
1259835,tt31710398,A Corpse in Kensington,A Corpse in Kensington,en,A mysterious killing spree ignites suspicion among three former classmates who have rekindled a love triangle in their hometown on Halloween night.,,2026-10-31,/lWIUDQacWAx3eNwlrgsS9zC1HDN.jpg,1.1023,0,0,0,0,0,Post Production,False,/2Mdmtx4HhKIUVZCAATKyHTCiXJg.jpg,"Horror, Comedy, Thriller",,
1265575,,Faust,Faust,en,Three artists across three generations are haunted by the demon Mephistopheles in an absurdist reconstruction of the Faustian legend.,The Devil's Crossroads,2026-08-01,/9nXh74pKzDKcbmsNrONzisNhnEO.jpg,0.7877,0,0,0,0,8,Post Production,False,/tbWXXJDQtn1ySIP9KgZWDP4s9zk.jpg,Horror,,
1266127,tt33978029,Ready or Not: Here I Come,Ready or Not: Here I Come,en,"Moments after surviving an all-out attack from the Le Domas family, Grace discovers she’s reached the next level of the nightmarish game — and this time with her estranged sister Faith at her side. Grace has one chance to survive, keep her sister alive, and claim the High Seat of the Council that controls the world. Four rival families are hunting her for the throne, and whoever wins rules it all.",Double or nothing.,2026-03-19,/jRf89HVEtBZiSnOXXWDhZOfuTwW.jpg,25.1226,1349,7.616,14000000,42212563,108,Released,False,/fx2cEuadZK28VHKkc0F1nFR96i0.jpg,"Thriller, Horror, Comedy",1267164,Ready or Not Collection
1266783,,Transmutation,Transmutation,en,A spiral of dreams and ages unravel as two celestial characters awaken and transmutate into a mythological being.,"Spirals, Magic, Fantasia!",2026-03-25,/3HKlFj7q2wOPDcds9BTUvoxZsBe.jpg,1.12,0,0,5021,0,9,Released,False,,"Fantasy, Mystery, Horror",,
1267887,tt28302848,To Beyond,To Beyond,en,Catastrophe looms over an empty city. One dreamer searches for transcendence. Inspired by the novella “Through the Gate of the Silver Key” by H.P. Lovecraft and E Hoffman Price.,,2026-03-14,/tnYEOT4gJfmqcxhd8Suyz7IzzJE.jpg,1.2837,0,0,0,0,73,Released,False,/3e21E0HQRwoWl78dly4ii4JlQcm.jpg,"Horror, Science Fiction, Mystery",,
1271315,tt24444596,The Shelter,The Shelter,en,"On a solo hike, a woman finds herself stalked by a bear. Only one will survive.",,2026-03-12,/l1HXyctt5YKzBsQpWPNdmms3LnJ.jpg,0.3681,0,0,0,0,75,Released,False,,"Thriller, Horror",,
1272837,tt32141377,28 Years Later: The Bone Temple,28 Years Later: The Bone Temple,en,Dr. Kelson finds himself in a shocking new relationship - with consequences that could change the world as they know it - and Spike's encounter with Jimmy Crystal becomes a nightmare he can't escape.,Fear is the new faith.,2026-01-14,/kK1BGkG3KAvWB0WMV1DfOx9yTMZ.jpg,33.449,1467,7.117,63000000,58522222,109,Released,False,/hHDNOlATHhre4eZ7aYz5cdyJLik.jpg,"Horror, Thriller, Science Fiction",1565,28 Days/Weeks/Years Later Collection
1274134,tt31131384,I Live Here Now,I Live Here Now,en,"A woman finds herself trapped in a remote hotel where the violent echoes of her past come alive, blurring the lines between her darkest nightmares and the waking world.",,2026-03-20,/rzbbtzA50E66aUFNWcLMKFeUMTw.jpg,1.2121,0,0,0,0,91,Released,False,/6UPQh6f5XRjDG3608g0uR3qWW2X.jpg,"Horror, Thriller",,
1279959,,My Brave Face,My Brave Face,en,"After an argument in a pub, a young woman storms out and is persuaded by a blind man to deliver a mysterious package to a charity shop before it closes.",Smile for the camera... Jessica!,2026-03-28,/vB74xGL56CeYVWlwehd7Ao8nU4V.jpg,0.2681,0,0,0,0,7,Released,False,/fmLWyf6HH79Zj5GL95J6JPOUwsl.jpg,"Mystery, Horror, Thriller",,
1280300,tt1776340,The Whistler,The Whistler,en,"Reeling from their daughter's loss, Nicole and Sebastian come into possession of a secluded Venezuelan farm, unaware of the dark forces they're about to face.",,2026-04-17,/sX8tqkFR1aqZaLQ4Jgb8jEMB4RN.jpg,2.2785,17,5.3,0,0,97,Released,False,/qz8m7DGpuhc4RJmCbHsdueQKkTg.jpg,"Mystery, Horror, Thriller",,
1282686,,Whispered Voices,Whispered Voices,en,Orphaned siblings Mikaeel & Jane clash over leaving home. Mikaeel's situation worsens with eerie whispers; a vengeful past resurfaces.,,2026-01-24,/nCMqGxiu6LsvImlPZUVfUUBkhXN.jpg,0.1992,0,0,3500,0,90,Released,False,/kvoyxxhjvR675wTFuPSFF3HTkMh.jpg,"Thriller, Horror",,
1284041,tt32268156,The Last House,The Last House,en,A family suddenly sealed inside their home must work together to survive against dwindling resources and the ominous threat keeping them trapped.,How long can you survive?,2026-08-07,/tz3Afb8yxSrYmbfHGGRsJ6HvwRO.jpg,4.5365,0,0,0,0,110,Post Production,False,/59XYxDTtdhbvNDLo0Ou0jsjhwEy.jpg,"Horror, Science Fiction, Thriller",,
1284046,tt32268691,Onslaught,Onslaught,en,"When a rogue squad of genetically engineered super soldiers break loose in the desert, a badass Army sniper must unleash hell to protect her young daughter.",They unleashed their deadliest weapon on us.,2026-09-03,/3k69IPJEoLBMB3J5FCYehL8NMs2.jpg,2.8339,0,0,0,0,92,Post Production,False,/kBnY7lepvIWdkgpYec1a4d8LEV0.jpg,"Action, Horror, Thriller",,
1285471,tt27422896,Lesions,Lesions,en,"In the wake of a devastating diagnosis, a fractured couple’s retreat into isolation spirals into a night of violence, transformation, and a love that refuses to die.",Stay Alive For Me,2026-04-11,/iW16eC5u6m5JQwtwRnG9m4LCLzb.jpg,0.7989,1,8.0,0,0,102,Released,False,/3gFEGzcqfIBZ05125j0HMRBQUTk.jpg,"Horror, Thriller",,
1290417,tt32362890,Thrash,Thrash,en,"When a Category 5 hurricane decimates a coastal town, the storm surge brings devastation, chaos, and something far more frightening onto shore: hungry sharks.",If the flood doesn't kill you...,2026-04-10,/adk8weka3O5648g3de4z3y4aE7G.jpg,13.0589,708,6.064,0,0,84,Released,False,/hniERZojXCEc7Fp3yljZUigOAhm.jpg,"Horror, Thriller",,
1291595,tt32393988,Insidious: Out of the Further,Insidious: Out of the Further,en,"Gemma, a young mother raising her daughter in the house she grew up in, discovers she can travel into The Further, where she possesses an ability to bring what lives there back to the real world.",Evil found a way out.,2026-08-19,/4tTrW9dXCByS5wt2pXVWb58zNjz.jpg,7.8582,0,0,0,0,0,Post Production,False,/hD8y787ciNWQ2bn396YrSsOIzdN.jpg,"Horror, Thriller",228446,Insidious Collection
1292695,tt31728330,They Will Kill You,They Will Kill You,en,"A woman answers a help wanted ad to be a housekeeper in a mysterious New York City high-rise, unaware that she is entering a community that has seen a number of disappearances over the years and may be under the grip of a Satanic cult.",Let them try.,2026-03-25,/6oI4oQKTWMVUlr8Ivqydp28Ruu6.jpg,19.9753,965,6.985,20000000,19382152,94,Released,False,/7IwBgIwoHtkQ0lYGbBbqKintSWx.jpg,"Action, Comedy, Horror",,
1293266,,Nightblade,Nightblade,en,The Nightblade Killer is on the loose during the night of a full moon.,,2026-10-31,,1.7002,0,0,0,0,10,In Production,False,,Horror,,
1297446,tt32490110,Slanted,Slanted,en,"An insecure Chinese-American teenager undergoes experimental surgery to appear white, hoping to secure the prom queen title and peer acceptance.",If you can't beat them... be them.,2026-03-13,/cr2SfN854IlEoZQBtIfpyC0zXR5.jpg,3.7944,52,6.0,0,906216,104,Released,False,/nHOs2CG7zgl7gJIdWA4KvIiDEBU.jpg,"Horror, Comedy, Science Fiction",,
1299357,tt6293780,Scared to Death,Scared to Death,en,"Jasper, a young filmmaker, seizes a chance to direct when his crew attends a séance in a haunted children's shelter. Trapped inside, they're haunted by ghostly orphans and a sinister force.",Heads will roll.,2026-03-13,/ftuEpSaujftvfRFFFP6rQdWWVdo.jpg,1.0984,4,7.25,0,35925,98,Released,False,/3RjydMNJFUf6x71dNEelYYjZpeH.jpg,"Horror, Comedy",,
1300229,tt31896676,Darbie's Scream House,Darbie's Scream House,en,Darbie is quite deadly and especially when you mess with her boyfriend.,,2026-01-20,/g4OrRynfq3v9voq14oKdvZk4Q5O.jpg,0.1935,1,10.0,0,0,70,Released,False,,Horror,,
1300954,tt32251094,Spoiling You,Spoiling You,en,"When an ASMR Cosplay artist invites her No.1 fan for a private session, she reveals a terrifying secret that can't be unheard.",,2026-02-21,/u1qF8CVYyrju1eguTJnLtSJCHLX.jpg,0.2432,0,0,0,0,0,Released,False,/ycgn3nBF9rEugFJ1LTJvLidA8yg.jpg,Horror,,
1301270,tt29824649,Skate to Hell,Skate to Hell,en,A group of teenagers steal a supernatural skateboard owned by Satan's son. Now the devil wants it back.,,2026-01-15,/9zYFqmxCklduprBNkAKvTBtH7TQ.jpg,0.994,3,5.3,0,0,100,Released,False,/ppvuChG1TLvAZkl67tRpCy9zycK.jpg,"Horror, Comedy",,
1304313,tt32612507,Lee Cronin's The Mummy,Lee Cronin's The Mummy,en,"The young daughter of a journalist disappears into the desert without a trace—eight years later, the broken family is shocked when she is returned to them, as what should be a joyful reunion turns into a living nightmare.",What happened to Katie?,2026-04-15,/1q308iixueCU4pFtSYugNOevtNx.jpg,98.1696,2323,7.96,22000000,90552113,133,Released,False,/xugEpZk9YQ0DIz1aFvH5HGkqpZK.jpg,"Horror, Mystery",,
1307118,tt32654916,Soulm8te,Soulm8te,en,"After a ruthless tech giant acquires his company, a grieving engineer is tasked with testing their new AI companion. But when he attempts to program her to be a truly sentient soulmate, she develops needs of her own—unleashing a relentless spree of precision-engineered mayhem.",,2026-07-29,/9ma5UG4RwHgzpZEhpbXTNQ51Tx9.jpg,2.5526,0,0,0,0,99,In Production,False,/ebcOSaZLxdCMHDjJJQzx5PiEyzl.jpg,"Horror, Science Fiction, Thriller",,
1307524,tt35279934,Lady Parts,Lady Parts,en,"Traci, a gallerist, is relentlessly pursued by a sadistic killer fixated on a painting that once graced her gallery's centerpiece. Following a home invasion, Traci's friends come to offer solace and protection. But as the bodies begin to pile up, Traci is thrust into a desperate search for the painting, knowing it’s the only chance to stop the killer’s relentless slaughter.",Assembly Required.,2026-04-04,/9V5QGtfdp9CEtby114U9H7x8VLH.jpg,0.7075,0,0,3000,0,65,Released,False,,Horror,,
1308388,tt29373684,Hunting Matthew Nichols,Hunting Matthew Nichols,en,"Twenty-three years after her brother mysteriously disappeared on Vancouver Island, a documentary filmmaker sets out to solve his missing person's case. When a disturbing piece of evidence is revealed, she comes to believe he might still be alive.",Not all answers want to be found.,2026-03-30,/d6I1mvnGUaU57kSFeXxNWlQB934.jpg,0.8898,1,4.0,275000,710532,89,Released,False,/kOttC22G94ZxDdEcudcB3Lie94t.jpg,"Horror, Mystery",1676470,Hunting Matthew Nichols Collection
1309083,tt32639175,Dolly,Dolly,en,"Young Macy is abducted by a deranged, monstrous figure who wants to raise her as its child.",Mommy knows best.,2026-03-06,/oJJquv1sg5XMTIyNHxEm0KLo696.jpg,37.0799,171,5.927,0,1062322,83,Released,False,/rhuEN18ZimDOva3guaWZA4hYgLB.jpg,Horror,,
1314829,tt32881442,Monkey’s Magic Merry Go Round,Monkey’s Magic Merry Go Round,en,"After a mysterious bout of amnesia, a beloved children’s television host struggles to piece together his fractured memories, only to find his once-cheerful puppet co-stars behaving with sinister intent. As reality unravels, the line between performance and nightmare begins to blur.",Welcome to the Neighborhood.,2026-05-14,/g1v1ogfa8PCvcYJ1JSmrqbcHMAP.jpg,4.0586,1,5.0,0,0,91,Released,False,/w4ssqWwSiSumZve63L1gtXd3bC5.jpg,Horror,,
1314832,,Thingy,Thingy,en,A young woman will do anything to avoid her ex at a secluded house party. But a supernatural virus passing through the partygoers may take care of him for her.,,2026-07-21,,1.6161,0,0,0,0,88,Released,False,,Horror,,
1315303,tt33028778,Primate,Primate,en,"College student Lucy and her friends spend their vacation at her family's home in Hawaii, which includes her pet chimpanzee, Ben. However, when Ben contracts rabies after being bitten by a rabid animal, the group must fight for their lives in order to avoid the now-violent chimp.",Something's wrong with Ben.,2026-01-01,/rKleYiEj4pFqxedTRWfujLooi84.jpg,16.7281,743,6.528,21000000,41235665,89,Released,False,/d5C5Wsx4fnMRA0tj9BK1kTPcgQe.jpg,"Horror, Thriller",,
1315466,tt32245514,Night/Time,Night/Time,en,"A woman experiences past, present, and future through a nightmare.",,2026-06-01,/bXlhBAa0TjEeTHidwKepBVCOtnI.jpg,0.1946,0,0,500,0,6,Released,False,/eS7wfRQKL9UUEfc6BJnh0URC6j9.jpg,"Animation, Horror",,
1318998,tt18950916,House of Ka,House of Ka,en,"After her father contracts a supernatural illness, a young aristocrat named Margaret Trelawny and a gentleman lawyer unravel a deadly mystery to save her father's life.",,2026-01-27,/nsBCtLZhc9eH56sFoRwgFckRosw.jpg,1.9857,0,0,0,0,87,Released,False,/q2mihWf7t17auYeQGBhqKIlbldo.jpg,"Horror, Mystery, Thriller",,
1320756,tt31511146,Doctor Plague,Doctor Plague,en,"Jaded detective John Verney is on the trail of an ancient cult of Plague Doctors which is cutting a bloody swathe through the London underworld. Dismissed by his superiors as gang on gang killings, the murders draw Verney into an obsessive maze of a secret society conspiracy with links to the Jack The Ripper murders of 1888, putting him and his family in grave danger.",The doctor will see you now...,2026-01-12,/wO7AbxLIYzCjIMe9OV4f3Q4e06N.jpg,0.6494,5,2.6,0,0,82,Released,False,/p8BLVyC0aRgpGk3H5tQGR7e1fbL.jpg,"Crime, Thriller, Horror",,
1321008,tt32315584,Black Box,Black Box,en,"A routine domestic flight turns into the flight from hell through a series of inexplicable phenomena and raw terror. Surreal encounters blur the boundaries between reality and nightmare. Passengers fight against all the odds in an attempt to survive while combating bizarre technological malfunctions, accelerating supernatural events and alien influences.",What happened to Flight 298?,2026-06-25,/O7vJPEWsnLrKqPYHIHKG8zlEK1.jpg,82.8121,47,6.34,1000000,224611,85,Released,False,/ce0RjYfcgzQeiT3PjaARWv5PVQO.jpg,"Horror, Thriller, Science Fiction",,
1321861,,Ghost Writer,Ghost Writer,en,"He has been staying in the town for three days. He seems to be investigating something, although nobody can tell exactly what. One evening, as he stands by the edge of the lake, she approaches him.",,2026-07-04,/wYvURi0Doaltxkl8MT6uDGjrmt1.jpg,0.4235,0,0,0,0,16,Released,False,,"Mystery, Horror, Thriller",,
1323570,,Shadow Dancing in the West,Shadow Dancing in the West,en,"When their father’s death forces them back to their family ranch to spread his ashes, two estranged brothers dance around their troubled past until a strange object falls from the sky.",Don't look at the light.,2026-01-20,/orsfoRL9ZipPmMGFrjlrCcsW6Ue.jpg,0.1573,0,0,0,0,11,Released,False,/3ssYiHmIQg8ChzuEShiN8TUSWMu.jpg,"Horror, Drama, Western",,
1323625,tt8637438,Night Patrol,Night Patrol,en,An L.A. cop discovers a local task force is hiding a secret that puts the residents of his childhood neighborhood in danger.,Defang the police.,2026-01-16,/rNqLzACU9ez2ehDalTFDPjZiC4G.jpg,5.8271,75,5.1,0,0,104,Released,False,/vHvVt2Lovn4G6of9u3pHEQE2CxI.jpg,"Horror, Mystery, Action",,
1323909,tt33029387,Red Riding,Red Riding,en,"After her mother's overdose, teen Red Riding moves from London to her estranged grandmother's Scottish estate, where dark family secrets, missing children, and a monstrous wolf blur reality, forcing her to fight for survival.",This is no fairy tale.,2026-03-13,/wDsbatgGDW4gw9ViA9Bc654MP9s.jpg,4.6087,6,4.833,635000,0,86,Released,False,/mJ30jW4BUltNDVaR7UEn5HdSJWs.jpg,"Horror, Thriller",,
1329467,tt33096650,Grind,Grind,en,"Four interconnected stories center around the gig economy, hustle culture, and evils of late-stage capitalism.",The American Dream just clocked out.,2026-03-12,/aojDApI09WU0LfqN7C1CGPc7280.jpg,1.1227,0,0,0,0,104,Released,False,,Horror,,
1331538,tt28277324,Black Chariot,Black Chariot,en,"Chilling and uncanny, we follow three young men in their attempt to retrieve a red case that harbours a horrifying secret.  But they are not alone in these woods and cannot even trust one another—not the girl they've taken hostage, nor the puppet master who lured them here.  They are all alone in the dark, except for a 1957 Black Wolseley 15/50 that prowls silently in the night.  Do not look into its red headlights...",,2026-02-22,/cHoIlL1K5R4K85JjTAMVlJkCrFs.jpg,0.2227,0,0,0,0,0,Released,False,,Horror,,
1335839,tt36417146,"Florida, Man","Florida, Man",en,"Evan, a filmmaker from Mississippi, catches feelings for a gal he meets at a found footage film festival in San Francisco. They decide to make a movie together, exploring the haunted landscapes of Evan’s family history in the swamplands of Florida. Old wounds are reopened and generational trauma reveals itself to be perhaps the scariest part of this attempted mockumentary that ends up being a little too real.",,2026-03-29,/58nAJOn4YbVLyhE36EboEKIPQuw.jpg,1.5577,0,0,10000,0,108,Released,False,,"Documentary, Drama, Horror",,
1338346,tt33247653,Zanni,Zanni,en,A period drama set between Scotland and Italy.,,2026-05-12,/gEf3185H3isAeAzpvRd1XGTTa1q.jpg,1.644,0,0,0,0,90,Released,False,/rPry8dbqGbympoIuLIY5nVOPjJF.jpg,"Horror, Mystery",,
1339173,tt33270103,Honey Bunch,Honey Bunch,en,"Diana's husband is taking her to an experimental trauma facility deep in the wilderness, but she can't remember why... As her memories begin to creep back in so do some unwelcome sinister truths about her marriage.",,2026-01-23,/rR6zS2sPpcjND92cCLmsuMNok7M.jpg,1.2482,31,6.0,0,0,114,Released,False,/9L5Ekpoy4zT6o00qKUmZTeTkaVf.jpg,"Fantasy, Horror, Science Fiction, Thriller",,
1339210,tt33249097,Affection,Affection,en,"Afflicted by a mysterious condition that resets her memory, Ellie becomes trapped in a cyclical nightmare with a man who claims to be her husband. She soon must uncover the horrifying truth of her existence—before she forgets it all again.",,2026-05-08,/3b3wC8JFjURlMsFj9gqbv0SyTJs.jpg,3.2019,26,6.038,0,0,90,Released,False,/a7VEgrESjAnoAUgonPEDXkzol2f.jpg,"Horror, Science Fiction",,
1339334,tt32498156,Muffled,Muffled,en,"Ten years after their friend disappeared, two aspiring true-crime documentarians return home to investigate, only to find themselves pulled into internet folklore, the occult, and nightmarish consequences.",,2026-06-27,/9svuX2ytovQ5fjKR5faqk0ODji6.jpg,0.2696,0,0,0,0,0,Released,False,,"Horror, Comedy, Thriller",,
1339713,tt37287335,Obsession,Obsession,en,"After breaking the mysterious ""One Wish Willow"" to win his crush's heart, a hopeless romantic finds himself getting exactly what he asked for but soon discovers that some desires come at a dark, sinister price.",Be careful who you wish for…,2026-05-13,/bRwnj8WEKBCvmfeUNOukJPwB43K.jpg,415.1164,3566,8.2,750000,443373265,109,Released,False,/r013C8Me2bZ0pUi0OWJRh0h7MzT.jpg,"Horror, Thriller",,
1340076,tt33204691,Untitled Home Invasion Romance,Untitled Home Invasion Romance,en,"As a last-ditch attempt to save his failing marriage, an actor stages a home invasion during a romantic getaway weekend.",,2026-01-27,/aBMnVU5yrsP5XMBZhG8aT2w6m9u.jpg,2.4259,35,5.9,0,0,85,Released,False,/6OiMFTddtGe8dRr98gYWMgQjcSZ.jpg,"Comedy, Action, Thriller, Romance, Horror",,
1340799,tt33044487,Hallucinations of War,Hallucinations of War,en,"Emily returns home when her mother dies to only come across her estranged twin sister and her new boyfriend as they gaslight her into a new reality, fitting the boyfriend's needs.",,2026-02-03,/clbDWsZW5SyuKgwx9dvbTAoj8Cq.jpg,0.3723,1,8.0,30000,0,72,Released,False,/zEPsC8BjFLnWueKtmAcIIWJX5PX.jpg,"Drama, Horror, Thriller",,
1352071,,More Beautiful Than Death,More Beautiful Than Death,en,"And death and life she hated equally,
 And nothing saw, for her despair,
 But dreadful time, dreadful eternity,
 No comfort anywhere",Nothing can happen in life more beautiful than death,2026-09-02,/7vpfGcCeDhYkmHwwvxIQPZNChrR.jpg,0.1488,0,0,20000,0,0,In Production,False,/DuEdS0vQFlerGteGHOq2tw5fEP.jpg,"Drama, Horror",,
1353167,tt33323550,The Mouse Trap: Welcome to the Mickeyverse,The Mouse Trap: Welcome to the Mickeyverse,en,Mickey will be loose in the city and will kill people to search for his beloved called Minnie,Welcome to the Mickeyverse.,2026-08-01,/hQrUiih54E8VgWHvsufpzUnFNOA.jpg,1.6385,0,0,800000,0,0,In Production,False,/6JqoBIntWQHJhJoWLuu3kRuS1Qq.jpg,"Horror, Thriller",1353169,The Mouse Trap Collection
1353372,tt28368762,Nameless,Nameless,en,"Some travelers pull into a restaurant to stop and eat. Their waitress (Ginger Lynn) tells the story of Nameless, a killer who wears a burlap sack over his head (with Xs over the eyes) and kills people using his cleaver and barbed wire.",,2026-04-27,/jjJPRObCG0pSY7N4OeDxQhrpVdn.jpg,0.2316,0,0,100000,0,0,Released,False,,Horror,,
1353860,,Collective Unconscious,Collective Unconscious,en,"Billy, an aspiring artist and musician, grapples with the challenges of growing up, navigating heartbreak, anxiety, and a myriad of nightmares. His quest leads him on a surreal odyssey through his dreams, where he seeks to unravel the deeper significance of his many concerns.",See you in our dreams.,2026-02-12,/pTKfvbBM5c22G79i8wy2X1Hkl5p.jpg,2.1529,0,0,5000,0,77,Released,False,/6t9c1bCCVEOjNGmegvOwKZmOCM0.jpg,"Music, Fantasy, Horror, Animation, Adventure",,
1356053,tt27711954,Proclivitas,Proclivitas,en,"Clare is an addict in recovery when her mother’s sudden death turns her carefully measured world upside down. Returning to her hometown, she reconnects with teenage sweetheart Jerry. He’s the one Clare could never stop thinking about. It’s been fifteen years since a tragic accident tore them apart. Now they have a second chance at happiness. But as their love returns, so does the ghosts of the past, threatening Clare’s sobriety and triggering a powerful demonic presence determined to control her.",,2026-03-19,/rCRTgyxad5T7GRmZtpM7Qdd1SIK.jpg,1.2887,1,5.5,0,0,103,Released,False,/TQRAoUhQdIl4LurXr0WbZI4Dk.jpg,"Horror, Romance",,
1356797,tt38915470,Bonkey: The Mutated,Bonkey: The Mutated,en,An alien disease spreads like wildfire infecting a chain of unsuspecting victims. A man and his dog are all that stand in the way of containing the danger.,Man's Best Friend. Your Worst Nightmare.,2026-10-02,,1.0521,0,0,4000,0,40,In Production,False,/1NZXaeHn3z6gpYuls0iuw5x7XCx.jpg,"Horror, Comedy, Science Fiction, Action",,
1359353,tt23018852,The Dead Place,The Dead Place,en,"Troubled high school senior Isaac [Veliu] is plagued by visions of the dead. This causes friction in his family and makes him an outcast at school. His only friend Katharine [Graves] is obsessed with the paranormal and tries desperately to help him, but a ‘New Kid’ [Thornton] pushes him to give in to the demon trying to burrow its way inside him [Oberst]. As he is consumed by the evil feeding off the dead souls that haunt him, Katharine is the only one that stands between Isaac and his darker impulses. To satisfy the bloodlust of the demon that dwells within him.",You can't run from what's already inside you.,2026-06-10,/sMYukHBJ5vj01BJhicTO9jZTb58.jpg,0.6024,1,10.0,0,0,100,Released,False,,Horror,,
1359767,tt31419825,Bloody Summer Camp 2: Red Horizon,Bloody Summer Camp 2: Red Horizon,en,"After being shut down for eight years, Camp Trustfall is reopened in 1994 by a new owner. The first summer has come to an end and the counselors are closing down the camp for the year when one by one, they start to disappear.",,2026-03-28,/dUYeeu7TLaChahBFX8GaoG5UrwQ.jpg,1.4286,0,0,0,0,0,Released,False,/bniyjCUYlgh7f7hDJLOG2LtFaSb.jpg,Horror,1359783,Bloody Summer Camp Collection
1361806,tt33502652,The Barn Part III,The Barn Part III,en,"Years after the events of 'The Barn Part II', the group is still left in fear that the evil three might come back to finish the harvest once and for all.",Are you ready for your tricks and treats?,2026-04-25,/5LNRwq4TXvWg2cmfxBFVVQ7oTMV.jpg,0.4437,0,0,25000,0,0,Released,False,/ylRSe5bFgohI87gKhd2r4FgXytS.jpg,Horror,1050658,The Barn Collection
1362262,tt38226226,CAMP,CAMP,en,"Emily is the cause of two tragedies early in her life; her dad suggests she go to a Camp for troubled youth to ease her guilt. When Emily arrives, she is taken in by the other counsellors; they accept her as she is and wrap her in a veil of peace & forgiveness. Emily stands at the forefront of a new kind of life, but there’s a voice out there in the woods she can’t ignore, telling Emily to go home.",Maybe it's time to go home.,2026-06-26,/pQrlFAiakpphxCrR5lmHT3GR7Td.jpg,9.6089,0,0,0,0,111,Released,False,/eCLS2vvfyXfG64FZocHs9baVvKA.jpg,"Drama, Horror",,
1363387,tt35050712,Saccharine,Saccharine,en,"After succumbing to an obscure weight-loss craze involving the eating of human ashes, lovelorn medical student Hana finds herself haunted by the ghost of the person she's eating.",What's eating you?,2026-05-22,/r4OYbktuUWYGROL7sMKfMvzGZcV.jpg,33.5609,53,6.321,0,0,113,Released,False,/7NUx7bQAD4lo9yMDbprvIblhWo2.jpg,Horror,,
1363782,,Socrates,Socrates,en,"A group of college students discovers that an urban legend is not a myth and release a deadly spirit, housed in an intelligent bird whose mission is to seek revenge on the descendants of their ruthless and heartless ancestors.",You gotta love me!,2026-04-19,/ttCwhfsfrzOwJ1nTtaOyz0ZxEPb.jpg,0.1077,0,0,40000,0,37,Released,False,,Horror,,
1364953,tt15284556,Mārama,Mārama,en,"1859. When a young Māori woman is summoned from New Zealand to North Yorkshire, she uncovers her horrific colonial heritage and is compelled to confront and destroy the titled Englishman who devastated her family.",A Māori gothic story of retribution.,2026-04-17,/a2grH0utOOUIVA6YydwvAZdHvru.jpg,6.5738,26,6.3,0,0,89,Released,False,/c4w0cHapoKndfq4fXnDoUyW90Xd.jpg,"Horror, Drama, Mystery",,
1365991,tt33602834,The Strange Disappearance of Emily Jayne,The Strange Disappearance of Emily Jayne,en,"On Halloween night, a grieving woman turns to the occult in an attempt to reunite with her deceased lover.","""To remain here for a season. Here, in the depths, bathed in flickering light. With the eternal chill of the howling wind, beckoning. In time, she will see.""",2026-06-27,/954SfUUBm9Vz4FIr4tL145eCmgt.jpg,0.6565,0,0,3500,0,29,Released,False,,"Horror, Mystery",,
1367693,tt33293600,Night of the Vamp-Friars,Night of the Vamp-Friars,en,A group of friends in a punk rock band discover a hidden cemetery in the woods where they accidentally raise a group of undead Friars.,,2026-06-27,/lnoSUIAE4ghfPW7trT3sqXIZa3u.jpg,0.8679,0,0,50000,0,78,Released,False,,Horror,,
1368107,tt15332990,Demon Hunter: Time 2 Kill,Demon Hunter: Time 2 Kill,en,"On the hunt to find the pieces of a medallion that can end the demonic control over Earth, Taryn is forced to go through time to save the future.","So Many Demons, So Little Time",2026-07-07,/iMRTw9x6WS6qPh98TWzxJks4rz1.jpg,0.2958,1,8.0,140000,0,97,Released,False,/3c8pBu5vRg649QkIQ4Cqs3Nvd0f.jpg,"Action, Comedy, Horror",,
1368314,tt33763941,Passenger,Passenger,en,"After a young couple witnesses a gruesome highway accident, they soon realize they did not leave the crash scene alone, as a demonic presence called the Passenger that won't stop until it claims them both turns their van life adventure into a nightmare.","130 million people take road trips every year. 15,400 of them are never seen again.",2026-05-20,/2sOEJzhPzjTkZSlPbGxOJ7xgIyS.jpg,142.1821,548,7.261,0,31620508,94,Released,False,/3pDfu71mrzSuFYyIfnKEjt8z4BC.jpg,"Horror, Thriller",,
1368492,tt33760026,The Wolf and the Lamb,The Wolf and the Lamb,en,"A widowed teacher in a 1870s Montana mining camp searches for her missing son, but when he returns, he has been monstrously changed by unknown forces.",,2026-04-24,/cJs61pTY5F7zJjE3WJgLc08zpAe.jpg,1.6823,6,5.3,0,0,96,Released,False,/b7SffvCoD0EQpmpR6g0YhUeFpdV.jpg,"Thriller, Western, Horror",,
1370424,tt26315134,He's Watching You,He's Watching You,en,"When a string of murders rocks his quiet town, a teen's search for answers leads him to a hidden stash of VHS tapes that may contain clues to solve the mystery of the serial killer known only as ""The Pill.""",,2026-01-23,/lGrxMTGzoO120uuHuYxwbv5Ypcw.jpg,2.3779,12,5.9,0,0,102,Released,False,/j4NdsFyYxPYAZl7ZYTD9wq1Tis2.jpg,"Horror, Thriller",,
1371850,tt33999471,Rock Springs,Rock Springs,en,"After her father's death, a grieving young girl moves to Rock Springs, Wyoming with her mother and grandmother, only to discover something monstrous hidden in the town’s history and the woods behind their new house.",,2026-01-25,/dMyhb4TMCCKB4sqKWwogL35YhBv.jpg,1.4798,0,0,0,0,96,Released,False,/wivMNppNIsJ3sF7RSzEuRl1J61n.jpg,"Horror, Drama",,
1372160,tt26681192,God of Frogs,God of Frogs,en,"An Anthology film about four segments surrounding the same monster. Deep in the heart of the jungle exists an elemental creature with an eternal hunger, and every 25 years, it emerges: a woman is eaten alive in 1969, a film crew goes missing in 1994, a politician explodes live on television in 2019, and a multinational corporation goes up in flames in 2044.",Something hungry has awakened.,2026-03-02,/fwnXwNRnxwtCJXLsM0EiRm2Vvoc.jpg,1.7281,2,7.5,0,0,101,Released,False,/xjB1kX4CUDAYLkZyPJf3QJZIAxa.jpg,Horror,,
1373198,tt14201728,Twisted,Twisted,en,Two millennials make quick money by leasing incredible New York City apartments they don’t own to people who don’t know they are being scammed. The con works brilliantly until they run into an apartment owner with a dark secret who flips the game on them.,Do no harm.,2026-02-06,/rF6txsM6cgF9vg6Ra5sNbkvUwrw.jpg,3.6322,51,4.608,93,0,93,Released,False,/b13AuahXeffKtRYij0QYb9pBuEy.jpg,"Horror, Thriller",,
1375161,tt29630464,Don't Move,Don't Move,en,"A church group's annual retreat turns deadly when they wander into the wrong part of the Ozark wilderness, and something starts picking them off one by one.  Suspicion falls on Ricky, the troublemaker of the group. But the real threat is far worse.  Deep in the forest, wrapped in a labyrinth of webs, the group is pursued by a terrifying prehistoric arachnid that hunts by vibration. When every step could be their last, they only have one choice: Don't Move.  It's up to Megan to hold what's left of the group together and get them out alive.",Whatever you do…,2026-09-11,/uh0ZSdM8iOQgHwnUlhhanP8Dkl6.jpg,1.1722,0,0,0,0,0,Post Production,False,/1b0wNCRLYT3mGwvHyTEbqOk98Ix.jpg,"Horror, Thriller",,
1376400,tt32329539,Crawlers,Crawlers,en,"When a man returns from a trip unwittingly harboring a new breed of arachnid, the people in an apartment block are quarantined and left to fend for themselves against a plague of venomous spiders.",,2026-09-25,/hNnAGxOspVklgF9tuC9FshnEvqb.jpg,2.3853,0,0,0,0,0,Post Production,False,/aUyuRnZsdl170jj2iWQ8rtKwdLc.jpg,"Horror, Thriller",,
1377607,tt34601083,Squander,Squander,en,"Comprised of all still photographs, a film exploring a persons isolation and mental deterioration.",,2026-06-01,/zvpUHqoSOXwYYP5p9dJok3e2Zgm.jpg,0.6034,0,0,800,0,5,Released,False,,"Drama, Animation, Horror",,
1379261,tt32645982,Surrender To It,Surrender To It,en,Chaos ensues when a grieving father reunites with his old actor friends on a mysterious weekend in the UK's wild west.,It's the trip of a lifetime.,2026-02-09,/qvMbxe09iXyKhEv1dRDQVBb4PMH.jpg,0.6087,0,0,0,0,0,Released,False,/A29PwrgdmpseKRylBjpI51agSu7.jpg,Horror,,
1379486,tt34374553,Victorian Psycho,Victorian Psycho,en,"In 1858, an eccentric young governess named Winifred Notty arrives at the remote gothic manor known as Ensor House. As Winifred assimilates into life at Ensor House, staff members begin to inexplicably disappear, and the owners of the estate begin to wonder if there is something amiss about their new governess.",You shan't forget her.,2026-09-24,/dZ25ve1QeX0JliOh24kqevZzKFi.jpg,4.2353,0,0,0,0,90,Released,False,/92FSzMpBSkMH59ZCDz9tUjIWKAS.jpg,"Horror, Thriller",,
1380279,tt29011291,The Plastic Men,The Plastic Men,en,"Vietnam veteran Jonathan Teller suffers from guilt and paranoid delusions. He decides to take his own life, but as he struggles to come to terms with his choice and reality, a chance encounter changes everything.",No one commits suicide because they want to die. They do it to stop... something.,2026-05-07,/t4sdHbi3DTqypx74BE03gVRBsbF.jpg,0.7161,35,6.7,250000,0,0,Released,False,/7Xb6T5B2wQy0dcKVlgriyVqYDdt.jpg,"War, Drama, Horror",,
1382802,tt34440913,Family Movie,Family Movie,en,"The Smiths have gathered once again on their quaint family farm to make the latest in a string of low-budget horror movies. No, the movies aren't particularly ""successful."" Some might even call them ""bad."" But at least the family is together, and that's what matters to Jack and Ellen. Their adult children, on the other hand - Trent and Ula - are working up the courage to leave this particular family tradition behind. Simmering family dysfunction turns to pure chaos when a real dead body shows up on set. Can they come together to keep the movie on track, or will this be the Smith family's final act?",,2026-03-13,/iKGb52exgPMsoy9v3wR51SjQcdY.jpg,1.7201,0,0,0,0,81,Released,False,,"Horror, Comedy",,
1382832,tt34494076,Hungry,Hungry,en,A group of holidaymakers must fight for their lives against a rampaging hippo on the loose after becoming lost in the Louisiana swamplands.,This hippo isn't playing games.,2026-06-03,/4uNhvGxBDiO0mU5UhxuXBsJwKF3.jpg,9.5233,66,6.9,0,0,93,Released,False,/ikyzq678qnHtRY8ZiQJzK4hiOyW.jpg,"Thriller, Horror",,
1384040,tt34890565,Haunted Heist,Haunted Heist,en,"Four estranged friends reunite at what appears to be a typical house, But one friend has ulterior motives; he plans to rob the place and needs their help to find an antique worth a fortune. But the house is straight up haunted, and the group must squash their differences to survive the night and an insane pack of ghosts.",,2026-07-24,/hdKkVb8ylvg7xm9W2IAhd5ydp73.jpg,3.3322,1,9.0,0,0,87,Released,False,/rTPlcQx6aKqEE0ttuDRRfADB4NZ.jpg,"Horror, Comedy",,
1388771,tt32879420,The Fairfield County Four,The Fairfield County Four,en,"Four young adults disappear while investigating reports of a large, wolf-like creature. Though no trace of the four was found, their camera was eventually located. This would be the last known footage of The Fairfield County Four.",,2026-02-06,/rgCVAdvyciFfOFdTHXuzpiPxTx5.jpg,1.4569,7,5.357,0,0,76,Released,False,/s9k5t842Mpa6hkwLmF5dIzWyO25.jpg,"Thriller, Horror, Mystery",,
1389881,tt26470786,The Cure,The Cure,en,An adopted 16-year-old with a mysterious illness learns her bio-tech billionaire parents are harvesting her blood for nefarious purposes.,Family is more than blood.,2026-03-20,/enxF32km4P9gXYhAUXWgoVfQqg5.jpg,2.671,18,5.167,0,0,91,Released,False,/bwr6dnB8woyiQO1PfP1a9264fKI.jpg,"Horror, Thriller",,
1391847,tt33030353,Gale: Yellow Brick Road,Gale: Yellow Brick Road,en,"Dorothy Gale’s granddaughter Emily is tormented by visions, disjointed dreams, and an unshakable sense that reality itself is unraveling. As these disturbances mount, she's drawn toward a shadow world-a dark and magical realm that shouldn't exist. Through chilling encounters and surreal revelations, Emily stumbles into the long-buried legacy of Oz—now a place of ruin, tragedy, and unspeakable horrors.",Dorothy was Just the beginning,2026-02-11,/VjnGCwc2fWzQwNEz76QN9qUPz8.jpg,1.9984,3,3.7,0,0,106,Released,False,/2rGtLIW4Ly7m2Wz30KB3qlQAFVB.jpg,"Horror, Thriller, Fantasy",,
1391899,tt32204819,Traction Park Massacre,Traction Park Massacre,en,"A group of teens set out to the ruins of an abandoned amusement park that burned down fifteen years earlier. The incident is known to have killed two brothers who were trapped inside, but the brothers survived and now haunt the park.",Let the games begin.,2026-01-01,/grCvuCzTBtkaivuQqSvLsKMxJEb.jpg,0.9373,3,5.667,1000000,0,86,Released,False,/2MxSGLOP5CLz7saqqm9pRhDGZgE.jpg,Horror,,
1393929,tt29703555,Hallowarrior,Hallowarrior,en,"Pumpkin, the last girl on earth and sole survivor of a humanity-ending plague, scavenging the wasteland for supplies on the eve of Halloween. Pumpkin’s lonely holiday ritual is interrupted by the arrival of a savage gang of raiders at her doorstep, led by the fearsome Thalia. Outnumbered and armed with candy, wit and weapons, Pumpkin must ferociously fight back to survive the night.",,2026-06-10,/eaVuQsTofgodi76nXkYoWtN9afH.jpg,0.9464,0,0,0,0,0,Released,False,/SzHfcOu191guILjSwxV8hzIC57.jpg,"Horror, Thriller",,
1393942,tt31936713,Jitters,Jitters,en,"Detective Collymore, a single divorced father, stumbles upon a mysterious case involving the death of Tiffany, initially deemed natural. Digging deeper, he discovers the horrors of Jitters.",When fear is the only rule.,2026-03-16,/fccvkZkZ9yL6BIxojXdqFxPC8fR.jpg,1.2321,1,5.0,0,0,94,Released,False,/ezMP8W9CbyQQRyYRFw91mm2IEpX.jpg,"Horror, Thriller",,
1396928,tt34761028,Welsh Ghost Story,Welsh Ghost Story,en,"A group of students carry out an investigation into the murder of a lonely farmer, Edwyn Morris and the subsequent paranormal events that have occurred after his death. During their investigation it becomes clear that something sinister is lurking in the details of the murder and there is much more to Edwyn's history than originally meets the eye. As they delve deeper into the paranormal investigation, they soon begin to realise that they themselves are at risk and are to become part of an investigation where they are the victims.",,2026-01-12,/aF1KeqW48inxb3xfT8ly8pb2znT.jpg,0.1671,0,0,0,0,89,Released,False,,Horror,,
1398583,tt33479846,Noise,Noise,en,"A first-time raver enters an underground club searching for escape, but the night descends into terror.",You will hear it too.,2026-05-29,/cJMsEl1AojHQgztM3g24CIVI9yc.jpg,0.5509,0,0,0,0,0,Released,False,/1V5VZHL6jOS4ZeMkWggacrby6YT.jpg,"Horror, Thriller",,
1398904,tt34442679,Ghost Buddies: The Gathering,Ghost Buddies: The Gathering,en,"A group of friends gather for a birthday weekend in a ""rented"" house that's haunted. Their ghost-hunting friend, Connor, secretly seeks a possessed plush toy, causing chaos. He must find and exorcise the toy without alerting his friends.","Booze, buds, and boos!",2026-01-16,/b9SgJq8BljZCtPK8pnPsSlmaTCv.jpg,0.5035,3,10.0,0,0,20,Released,False,/x1pcI1HUbTOwBh607NnTOKboue6.jpg,"Comedy, Horror",,
1399488,,Untitled Cat Commercial,Untitled Cat Commercial,en,A commercial for cat treats that cause lasers to shoot from the feline’s eyes to stop home invaders.,,2026-10-02,,0.8205,0,0,0,0,5,In Production,False,,"Horror, Action",,
1400761,tt34967012,Didn't Die,Didn't Die,en,A podcast host desperately clings to an ever-shrinking audience in the zombie apocalypse.,How are we surviving?,2026-03-06,/z5l7KZOvvqv7V0tos394F7G6aJE.jpg,1.2006,0,0,0,0,89,Released,False,/8IrVyMFQ3tEDgmZG7gQyMGVxcfH.jpg,"Drama, Horror, Thriller",,
1400763,tt34967068,Touch Me,Touch Me,en,Two codependent best friends become addicted to the heroin-like touch of an alien narcissist who may or may not be trying to take over the world.,,2026-03-20,/drcloenCH7ZautM7hnd9r9WScNV.jpg,2.7866,16,5.6,0,0,99,Released,False,/kQ3V85ke3LKA4dnww2tH42bsZfX.jpg,"Horror, Science Fiction, Comedy",,
1400837,tt36586020,Other Mommy,Other Mommy,en,"A young girl, Bela, forms a relationship with a sinister entity in her home who looks uncannily like her own mother.",Your mommy won't save you.,2026-10-08,/8CXwxpyvQiz9COMLZov4Oae8NKb.jpg,21.4576,0,0,0,0,0,Post Production,False,/wpx3J1ZuIZgWc9rzdfcj7fDru58.jpg,Horror,,
1400838,tt36116539,The Paradoxical Green Cherry Blossom,The Paradoxical Green Cherry Blossom,en,"Managing a hotel is hard, but managing an infinite hotel is even harder. When a grieving, masochistic hotel owner's work is put in jeopardy, she must combat the mystic forces at play as her world becomes a paradox.","No vacancy, but we can move some people around.",2026-02-28,/bEOQpdbz5rEWn4Pofnt3chMtNXC.jpg,1.0404,0,0,2550,0,5,Released,False,,"Science Fiction, Horror",,
1400929,,From The Wilderness,From The Wilderness,en,A nostalgic vision of pure wilderness sharpens into focus—only to reveal it was never wild at all.,This Isn't Nature.,2026-04-09,/7MhTbxaevP9EOQ5c9V0p1kH1nQ7.jpg,0.6263,3,5.667,0,0,0,Released,False,,"Documentary, Horror",,
1400940,tt34890576,Clayface,Clayface,en,"Follow the terrifying descent into hell of a promising Hollywood actor who has become a monster driven by revenge, exploring the loss of identity and humanity, the ravages of toxic love and the dark side of scientific ambition.",Look fear in the face.,2026-10-21,/5jCpQnWPikggmQZoDp1eAi6BI6w.jpg,22.5862,0,0,40000000,0,0,Post Production,False,/1A7s8zG4PF6YoJrncrTO6N4r0Sx.jpg,"Horror, Thriller, Science Fiction",,
1401357,tt27575701,Demon Squad: Tooth and Claw,Demon Squad: Tooth and Claw,en,"When a string of brutal killings are linked to a werewolf, paranormal investigator Nick Moon goes on the hunt. Battling supernatural forces, he uncovers a dark conspiracy that must be stopped before the monster strikes again.",The Hunt is On.,2026-02-13,/s4KjTRsxdQF1BBKXvYadA6OJFEc.jpg,2.2596,5,5.3,30000,0,97,Released,False,/xzvAhpvOcn2Lisjy4lqV7uRjNBb.jpg,"Fantasy, Horror, Mystery, Thriller",1401360,Demon Squad Collection
1402208,tt32495183,Dreamland Awaits,Dreamland Awaits,en,"Seasoned but troubled detective Josh has spent twenty years confronting life's darkest corners, shaping him into a hardened man. Now, he faces his greatest challenge: his wife and two daughters have been kidnapped by a mysterious figure. To save them, Josh must follow the stranger's commands, move into an empty house, remain unnoticed, and complete a series of tasks. The house, a gateway to a dark dimension, begins to consume the reality around Josh, driving him toward insanity. As he navigates this perilous journey, he confronts a terror even more frightening—his own dark side.","In the house of nightmares, every instruction is a step closer to saving his family... or losing himself.",2026-02-04,/hpowtShENEYE4sAKbrJuj1ygcu9.jpg,1.1455,1,3.0,0,0,76,Released,False,/lzLzag4tUcJHwIgauktrG52L3C.jpg,Horror,,
1402249,tt35007241,The End of The Punchline,The End of The Punchline,en,"Set in 2011, we follow a trio of high school boys, Nick, Edd, and Viggo, as their senior year of high school comes to a halt when a secret kept by a shady government foundation is exposed, turning our heroes' worlds upside down.",analog horror,2026-01-30,/wChWXPUrFGEG5F1uZ64N3R8VExU.jpg,0.2387,1,10.0,0,0,0,Released,False,/uTKlbPf9zLsSOHpt1furt0gCLQ5.jpg,"Comedy, Horror, Drama",,
1402292,tt35007346,Penumbra 4,Penumbra 4,en,,,2026-10-02,,0.5051,0,0,1000,0,0,Planned,False,,"Horror, Science Fiction",,
1403098,,Fatal Frame,Fatal Frame,en,"After a fatal prop accident claims the life of their lead actress, a skeleton crew working late on a low-budget student film find themselves terrorized by masked assailants.",,2026-04-28,/cXTQIIteiWPeyjJONKtyH9mWjri.jpg,0.6215,0,0,0,0,0,Released,False,/mXFX60ErSQ75rzwBEAIol593Wgm.jpg,Horror,,
1404615,tt8773630,Sight Unseen,Sight Unseen,en,"Three siblings inherit their estranged father's rural cabin after his mysterious death. They slowly realize someone, or something, still lives there.",Every gift has a price,2026-05-19,/oGELI5UBb962MEeEepny788nAua.jpg,1.5417,2,7.0,85000,0,88,Released,False,/vdUv5ER7jaleeyiiDWxmMXnc4hk.jpg,Horror,,
1404713,tt35061576,Harvested 4,Harvested 4,en,A small town legend returns from the dead to serve vengeance on Thanksgiving night.,Be careful what you give thanks for..,2026-11-11,/59rm6R6YTqXzNnvYAZdg0dePDGb.jpg,1.0677,0,0,0,0,0,In Production,False,/fioaysX5RkyLxPXVwjXsMfUozVZ.jpg,"Horror, Thriller",,
1405033,tt32741759,The House on Lidderman Street,The House on Lidderman Street,en,A young builder discovers a supernatural entity in the house he is renovating and uses the demonic spirit to exact revenge on the people who have wronged him.,"Pray For Those Who Enter Here, For This is a House of Fear",2026-02-22,/rmi3gbqTv89WBMZD0ivBq0gF7JC.jpg,0.4763,0,0,0,0,80,Released,False,,"Horror, Drama",,
1407278,tt37161608,The Serpent's Skin,The Serpent's Skin,en,"Two young women form a romantic bond after discovering they have supernatural powers. Their insecurities unknowingly release a demon, which possesses one of their exes and begins feeding on their friends. As the bodies pile up, it becomes up to the women to face their pasts and stop the growing evil.",Desire leaves a mark.,2026-03-27,/ui9LRsRX3YZiG210wagR6pI7IBS.jpg,1.3312,2,4.0,0,0,83,Released,False,/nuBG9hOx8ZwjVCQtkwBZSQFmiqS.jpg,"Horror, Romance",,
1408324,tt35223935,City Wide Fever,City Wide Fever,en,"Sam, a young film student, discovers a USB detailing the life and career of forgotten Italian horror director Saturnino Barresi. As she begins to investigate his mysterious disappearance, Sam finds herself pulled into a violent conspiracy eerily similar to those of the films she adores.",Sickness or pleasure?,2026-04-15,/n9PkDK1INHTm35YoovTQlgq4umG.jpg,0.4511,1,6.0,0,0,73,Released,False,/7JQoNg1PQs5xRVh2bLaI27m07we.jpg,"Horror, Comedy",,
1409632,tt33306263,Lucid,Lucid,en,"Mia, an art student who is on the verge of being expelled from school, finds her last hope for combating her creative block in a magical lucid dreaming elixir. But in addition to awakening her creativity, the potion also unleashes a number of dark monsters that inhabit her subconscious, one of which is her mother, who appears transformed into a hairy creature that Mia will be forced to confront.",,2026-05-29,/hw4qD3g1p5XPhFub7p9FVsdzGxB.jpg,0.858,0,0,0,0,109,Released,False,/uMgy5KKtJm3IikhMIavR43DCRde.jpg,"Horror, Fantasy",,
1409955,,Survival,Survival,en,"Shot entirely on an iPhone, Survival represents a journey through ones own darkness.",,2026-04-26,/cDnORQ7g9xaYRDSGEjtpMgxXCNM.jpg,1.3975,0,0,15,0,18,Released,False,,Horror,,
1410121,tt29464189,Worm,Worm,en,A couple's one year anniversary in a remote Welsh country house is marked by mysterious emails sent by a deceased ex-boyfriend.,Your past isn’t dead. It’s just rendering.,2026-04-09,/x5uwc90mQnDrJid1YkpuT0V93ld.jpg,1.0712,0,0,42000,0,85,Released,False,/3g2HwsQSkdj6dntnY9U29oPaL18.jpg,"Horror, Mystery, Thriller",,
1411506,tt29120717,Aroma-Vision,Aroma-Vision,en,"With the invention of a television that broadcasts scent, an ordinary Milwaukee man gets pulled into a daunting new cooking show.",Our Future Makes Scents,2026-04-27,/6X6tWbvmgnGNjqYOPUYqwG3OZZ6.jpg,1.3769,0,0,3500,0,11,Released,False,,"Horror, Science Fiction",,
1412598,tt33479805,Killer Whale,Killer Whale,en,Follows best friends Maddie and Trish as they find themselves trapped in a remote lagoon with the dangerous killer whale named Ceto.,It's feeding time.,2026-01-16,/xC6zdIoIHjhOIFmjNyGgtzhuhiF.jpg,6.9975,120,5.5,0,0,89,Released,False,/ykigHs1OIyqqV04zfFqIlSHp546.jpg,"Thriller, Horror, Action",,
1414735,tt28919053,Sick Puppy,Sick Puppy,en,"When Charlie's serial killer husband decides to finally quit for her, she's thrilled, but soon finds herself committing violent acts to protect the man she loves, even from himself.",Good boy. Bad girl.,2026-05-22,/iGeetPTOZN6D4QThWPJPRnl1STK.jpg,0.6267,2,5.2,0,0,105,Released,False,/jIMDWKEx1q6WfZaI6799mcKwV5k.jpg,Horror,,
1415154,tt37658784,Glimmer,Glimmer,en,"Glimmer, an aspiring performance artist, debuts her one woman show: ""Glimmer - One Last Shine!"" However, something about this show isn't quite right as her audience is forced to watch as Glimmer's sanity slowly unravels.",The performance of a lifetime!,2026-04-17,/2DxYXocRJ225GqGj8BwYU8THFN9.jpg,0.3162,0,0,150,0,33,Released,False,,Horror,,
1415665,,Captive,Captive,en,"In an attempt to break free of her company's meaningless tabloid stories, journalist Nicki Quinn documents a married couple's monumental extraterrestrial science experiment, unaware of the dangers that await.",,2026-05-29,/rekHRMPKOWQpjtKD5PvcBhwHwql.jpg,0.6875,0,0,0,0,92,Released,False,/iswfcDENasEo9zx4LJoW9TXcjIb.jpg,"Science Fiction, Horror, Drama",,
1418657,tt14500286,The Yeti,The Yeti,en,"When an oil tycoon and a famous adventurer vanish into the harsh winter of remote northern Alaska, a hand-picked rescue team endeavors to bring them home. What they don’t know is that they are trespassing on The Yeti’s territory, and the elements are the least of their worries.",Fear is primal.,2026-04-04,/zaqEfoKcWkVni2eONhJ7DRhMO8Q.jpg,4.5365,67,6.172,0,0,93,Released,False,/1ytf7rzkZ7RLlMnBdGggQ0ENe6z.jpg,"Horror, Thriller",,
1421744,,The Stanmore Incident,The Stanmore Incident,en,"Three friends stumble upon a mysterious light in the sky, triggering a terrifying pursuit by unseen forces ...",,2026-03-18,/9k3sPwZyJmmyxuXRcw7UEsJs0kV.jpg,0.7747,0,0,6121,0,24,Released,False,/xWGbwpNyEsqRxQOR7skrUPR1WMv.jpg,"Horror, Science Fiction",,
1421903,tt35514120,Werwulf,Werwulf,en,"A harrowing tale of devotion, damnation and the devil within.",Do not dread the darkness. Embrace it.,2026-12-25,/qXqCece01iDhDoeX1V3y6rbPkNK.jpg,4.3867,0,0,0,0,0,Post Production,False,/jmW9NkzbpI9vhyxJU2x644Nj7VU.jpg,Horror,,
1422011,tt35519455,It Ends,It Ends,en,"A group of recent grads head out on a late night drive for grub, hoping to enjoy one final hangout before their paths diverge. Instead, they accidentally turn onto a never-ending, two-lane hellscape surrounded by untold horrors and cosmic forces beyond their understanding. Cramped together inside a Jeep Cherokee and with the miles stretching infinitely ahead, they face a choice: embrace their new existence or fight to escape it.",Some wrong turns last forever.,2026-08-21,/7vnhHylavJEdtXOKBcmJ8JIpSZS.jpg,4.0239,0,0,50000,0,89,Released,False,/9Wf1xwPOycnxvdVnpr6Di381Zf.jpg,"Horror, Mystery",,
1422120,tt34435532,Mermaid,Mermaid,en,"A Percocet-addicted 'Florida Man' finds a wounded mermaid at his lowest point. Fascination becomes a drug-infused, one-sided relationship—sending him further into decline. When word spreads about his secret, he’ll stop at nothing to protect her.",Welcome to Florida.,2026-04-08,/ndGA7b7b81a32HQCAVRZ5RWyfJ1.jpg,1.8366,7,5.286,0,0,106,Released,False,/aNl3C4dEIZSHR8uAlWj9DDjrjbt.jpg,"Drama, Comedy, Horror",,
1423191,tt35538033,Resident Evil,Resident Evil,en,"Bryan, a medical courier, is in the process of making a delivery when a sudden outbreak occurs, forcing him to fight for survival.",No Sweat.,2026-09-16,/zP83bIkBViw5b1s9bDemYJ3AAgX.jpg,12.891,0,0,80000000,0,0,Post Production,False,/ddfXMkaPViSrg0P5aoYGFMc58x2.jpg,"Horror, Science Fiction, Thriller",,
1424947,tt29706117,By the Throat,By the Throat,en,"A wealthy couple, Amy and Alex Cummings have 'lost"" their daughter in a tragic car accident several years ago, and Amy is in need of supervision whilst Alex is away on business. The trauma of the crash, the loss of their daughter and Amy's inability to become pregnant again because of her horrendous injuries, have all pushed them to a dangerous place. Lizzy arrives at their beautiful, rural family home to find all is not what it seems. Dark forces are summoned and Lizzy soon finds herself part of a devious plan. Death and murder ensue.",,2026-06-11,/gogMju5zzVINnuMCiDPbutYPMWr.jpg,0.1796,1,4.0,0,0,78,Released,False,/hN1bIkKeuuy8SXjVlpZQ5qpc2yu.jpg,Horror,,
1428060,tt32971077,Only in Moonlight,Only in Moonlight,en,"A vampire stumbles into a nightclub, and tries to satiate his new blood lust while struggling to adjust to his supernatural disposition.",,2026-05-29,/41moXiF3fDMC0SnLFL3GpAKiV02.jpg,0.3022,0,0,0,0,8,Released,False,/cWaYtFGOcXJLDMkjxp7fRTc3rdE.jpg,"Romance, Horror",,
1428766,tt35670732,Penny Lane Is Dead,Penny Lane Is Dead,en,"Set in 1986, during a scorching Aussie summer, three best friends' celebration at a beach house turns into a blood-soaked fight for survival when a prank goes horribly wrong.",,2026-07-23,/ipAyHghFvnelEVHRMsUnsRXUwO4.jpg,0.5038,0,0,0,0,91,Released,False,/8oBOvMTnzsKlalLzOq02qlASGe8.jpg,"Horror, Thriller",,
1428990,tt35669125,This Is Not a Test,This Is Not a Test,en,"Sloane and four classmates take cover in Cortege High to escape a world plagued by the infected. As danger relentlessly pounds on the doors, Sloane begins to see the world through the eyes of those who actually want to live and takes matters into her own hands.",School's out for the zombie apocalypse.,2026-02-20,/oZqxDDByIei1UVDgw7ZBXJCHHtI.jpg,10.4607,70,5.457,0,150000,102,Released,False,/oAGVaGiS6yJtNYBFN9kPe40ISCv.jpg,"Thriller, Horror",,
1430077,tt35672862,Hokum,Hokum,en,"When novelist Ohm Bauman retreats to a remote inn to scatter his parents' ashes, he is consumed by tales of a witch haunting the honeymoon suite. Disturbing visions and a shocking disappearance forces him to confront dark corners of his past.",We've been expecting you.,2026-04-29,/x6rHcQFiYcczLQPrmxXPAicm54E.jpg,32.13,580,6.9,5000000,24071317,108,Released,False,/qY7zVZ7liULhfRoXg4c9Xl83LcR.jpg,Horror,,
1430698,tt30217600,The Bay,The Bay,en,"Best friends Emma and Lani, attending a destination wedding in Thailand, find themselves trapped on a sinking tour boat in the heart of a tiger shark sanctuary.",Welcome to paradise.,2026-07-02,/6F1UlF8YCtSDAoTpPY7WIkpm9sw.jpg,14.1699,9,6.0,0,0,87,Released,False,/qaMQOtAZ6K4RneNDa1yDlJv1V6J.jpg,"Thriller, Horror",,
1431114,tt35667069,The Ascent,The Ascent,en,Wedding guests at a European resort face terror when their celebration turns into a life-or-death struggle high above dangerous waters teeming with sharks.,,2026-10-01,/ipsTJ595sNcOhsfY8c1axUUWzZe.jpg,0.9937,0,0,0,0,0,In Production,False,,"Horror, Thriller",,
1431247,tt19266698,Crybaby Bridge,Crybaby Bridge,en,"After being bullied at school, a pregnant teen's family sets out to move from the city to the countryside, unexpectedly revealing a coveted secret of her past that threatens the fresh start they seek.",Dare to cross.,2026-03-24,/6b8V7tLg6l8tvh0LRCorIMSyvhd.jpg,2.1222,3,5.0,0,0,85,Released,False,/s5cM9XQ0WdOJJzKCmgNSJGtBHEZ.jpg,"Thriller, Horror",,
1432306,tt35672651,Sleepwalker,Sleepwalker,en,"A grieving mother is haunted by the tragic loss of her daughter in a car accident that left her abusive husband in a coma. As she battles a surreal descent into darkness, her sleepwalking episodes intensify. Plagued by haunting visions of her husband inside their home, she grapples with the blurred lines between reality and nightmare.","When night falls, every memory can be a nightmare.",2026-01-09,/760SP4VsZagpyB9WLfeZykE3DFg.jpg,1.989,8,4.6,0,0,89,Released,False,/2dYKSPT1SJZVlKwXHic4Ma53f0X.jpg,"Thriller, Horror",,
1432706,tt29719182,Bury the Devil,Bury the Devil,en,"When a hospice nurse finds herself trapped with a dementia patient, she begins to suspect something else is wrong with the woman, something otherworldly, and must fight to survive the night.",Be careful what you dig for.,2026-03-06,/jmTpe5ghWMOcVFvZFFtieQ9cq0i.jpg,1.5801,0,0,0,0,84,Released,False,,"Horror, Thriller",,
1433027,tt28766782,What Happened to Doris?,What Happened to Doris?,en,"In 1974 LA suburbs, a single mom faces violent attacks by an invisible entity. When no one believes her, she seeks help from paranormal investigators, sparking a notorious documented supernatural case.","In 1974, Culver City became the site of the most violent haunting in U.S. history.",2026-09-10,/umSN8hRPvWxAHdTx4ZuTmT1BZlG.jpg,2.4874,0,0,0,0,0,Post Production,False,/yb3Q6C6YRqaQ0cUIrdbhGI4MVLX.jpg,"Horror, Thriller",,
1434583,tt34787426,The Remedy,The Remedy,en,"A troubled young man is the caregiver for both his terminally-ill mother and his mentally-ill sister. When he makes a desperate attempt to save his mom, he unleashes a supernatural entity that feeds on human flesh.",Fear has no cure.,2026-06-03,/sr8ThgofYbG9VUVNGlcR5zg2yAT.jpg,0.362,0,0,0,0,90,Released,False,/A5xLGdHGt0zYdb3Afn0sdAZAGMA.jpg,Horror,,
1436214,tt35309781,Amityverse: Infinity,Amityverse: Infinity,en,"Horror anthology sequel to Amityverse, featuring 10 more Amityville-themed segments.",Evil is infinite.,2026-03-13,/z8jBcReGKGXYHfknWkjZOZFjCM8.jpg,0.2611,0,0,0,0,97,Released,False,,Horror,1651723,Amityverse Collection
1436835,tt18375626,NFT: Cursed Images,NFT: Cursed Images,en,A group of crypto savvy friends begin experiencing strange occurrences after buying into a cursed NFT collection.,You are NGMI.,2026-03-06,/7H7Aqun1GTiMAtlE6Z2DnwxUbo2.jpg,1.6407,5,3.4,0,0,73,Released,False,/rVFW91FgYbya2Jeuu6MKhbwtawJ.jpg,Horror,,
1438207,tt28772290,Ever After,Ever After,en,"A group of girlfriends arrive at a forest lodge to celebrate, but things take a horrific turn as they realize that the forest is home to bloodthirsty lunatics who perceive themselves to be characters from classic fairy tales.",The bloodiest fairy tale.,2026-09-04,/ghL5WDgc1dvvNSEQ0dld7k6CTnt.jpg,0.6819,0,0,0,0,125,Post Production,False,/zFT6pxNBYVQCMrmJpdx52VUliPJ.jpg,"Horror, Fantasy",,
1439881,tt37340919,Imposters,Imposters,en,"After a couple's baby is taken, the desperate mother learns of a way to ""get their baby back."" However, the husband begins to suspect that what she brought back isn't their son.",,2026-03-15,/3ip1yQjTjkx1PHqw4p0ME0b6rQv.jpg,3.5925,6,7.4,650000,0,102,Released,False,/90RmdU13mK8n0je1TN7VHwfhfBr.jpg,"Drama, Horror, Science Fiction, Thriller",,
1440063,tt33268166,Second Skin,Second Skin,en,After being sexually assaulted a young woman falls out of touch with reality as her body becomes infected with black mold.,,2026-03-21,/3bxPrxZpNHBRIwWE0fWcS0SE7by.jpg,1.7858,0,0,0,0,12,Released,False,/8cleQHBNSzuPUpESWwFiSO5nZ93.jpg,Horror,,
1445148,tt36073057,Abandoned,Abandoned,en,"Chasing a viral video to save their channel and friendship, two urban explorers break into a derelict facility scarred by sinister experiments. Trapped among its secrets, they enter a nightmare where history manifests as evil.",When Content Becomes Nightmare,2026-08-14,/12BH9wSreJwl7h7VRHo84V0iydR.jpg,1.7586,0,0,0,0,82,Post Production,False,/lW6FTGy78SaUSgkaY7PqnQ0vO9Q.jpg,"Horror, Thriller",,
1445246,,REEL,REEL,en,"After a late-night slasher screening, a group of horror-loving friends find themselves trapped in a terrifying game where slasher movie rules become reality. As eerie events unfold, they realize someone is rewriting the genre—forcing them to fight for survival in a film that’s still being written. The only way out? Break the rules before it’s too late.",Some tropes just need to be re-born,2026-10-31,/fNexe9k9reQSDij3PilVv93S0f0.jpg,0.5213,0,0,1613,0,60,In Production,False,/8G3ZxlxWjqSLGlVKbg0Aym3bVWZ.jpg,Horror,,
1446676,tt33092377,Meanboat,Meanboat,en,"A beautiful steamboat gets into a crash with a mouse aboard. After the crash, the mouse turns into a killer. Watch as your pal takes a dark turn through a creepy forest, killing people.",He's got the wheel and he's taking you to hell,2026-01-30,/4Km83WVhXVfsvT1segnToC9uJfU.jpg,0.383,0,0,0,0,0,Released,False,,Horror,,
1447559,tt33876476,Bad Karaoke,Bad Karaoke,en,"When wedding band keyboardist Emily discovers an old karaoke machine in the back of a dive bar, she thinks it will lead to a fun-filled night of singing and bonding with her band mates. Unfortunately, this karaoke machine seems to have a thirst for blood. When the singing begins, so does the bloodshed. When an excellent performance allows someone to be spared by the machine, the crew think they’ve figured out how to finally beat it. Proven almost immediately wrong, it takes more horrifying deaths and a visit from a mysterious stranger to realize they may have a chance at survival after all.",,2026-08-30,/2xzDsY9tueI3Dk8hYqPOHX9LdU9.jpg,1.3861,0,0,0,0,84,Post Production,False,,"Comedy, Horror",,
1450527,tt30691214,Forbidden Fruits,Forbidden Fruits,en,"Free Eden employee Apple secretly runs a witchy femme cult in the basement of the mall store after hours - with fellow fruits Cherry and Fig. But when new hire Pumpkin challenges their performative sisterhood, the women are forced to face their own poisons or succumb to a bloody fate.",The coven just clocked in.,2026-03-26,/nSlKzxvXWOeDC9qZiwkhGuTAKkq.jpg,5.1766,72,5.9,0,1765893,103,Released,False,/uIJzvhI9yzsOh7mFAXQQXf2I3Wp.jpg,"Horror, Comedy",,
1451156,tt36123837,We Took A Train,We Took A Train,en,"A travel vlogger persuades his friend to embark on a 36-hour journey aboard the Amtrak Coast Starlight, hoping the trip will finally bring them closer.",WANNA SEE SOMETHING?,2026-01-13,/98TJByMzYkNYpxfPotT8xBPt4EL.jpg,0.998,0,0,5000,0,16,Released,False,/a6PujZ7RbGM45AJusg6YX7PcVBD.jpg,"Comedy, Horror, Drama",,
1451329,,I Wanna Be Adored,I Wanna Be Adored,en,A girl's crumbling friendship sends her into a murderous spiral.,,2026-01-18,/sZDTCjOHGn7lVDX8h4TSkC7s0Sf.jpg,0.1114,0,0,150,0,3,Released,False,/ia4vK25J8xJMVeAAyXgsqtJOcrA.jpg,"Horror, Thriller",,
1451588,tt36460286,Corporate Retreat,Corporate Retreat,en,"Blending the dread of survival horror with dark laughs and shocking twists, ""Corporate Retreat"" centers around a group of young executives whose luxury team-building trip descends into a bloody fight for survival against a vengeful retreat leader.",,2026-05-22,/sciPl4coQWdsWtRQBUau7xnNYue.jpg,2.5672,9,5.0,0,0,89,Released,False,/adGDEYOXavgHR1aLiJCicivhmZe.jpg,"Horror, Thriller, Comedy",,
1453542,tt12446254,Historia De Fantasmas.,The Ghost Story.,en,"Everyone in town knows Simón's story, because like a rumor or an urban legend, it has been spreading among its inhabitants, the few who believe him and those who question everything about his story... But Simón will clear up doubts, recounting what happened during those supernatural events...",We All Have One,2026-03-26,/vindgdsxQIxnAgjEKDIIw9nBsiT.jpg,0.9724,0,0,750000,0,84,Released,False,,"Documentary, Horror, Thriller, Drama, Fantasy",,
1453554,tt21376614,Valencia - Capítulo III: Sabadell,Valencia - Chapter III: Sabadell,en,"Third entry in The Valencia Saga.  A sitter got hired to take care an overprotected grown teen. While both discussing the up beats of life, their night turns more creepier than just a sitter chat.",Some Questions Need Some Answers,2026-01-26,/e2NfoXFg952Kq8kszoGK5TmtYUU.jpg,0.6168,0,0,150000,0,35,Released,False,,"Horror, Thriller, Mystery",1452775,The Valencia Saga
1454741,tt35838700,The Confession,The Confession,en,"A woman finds her late father’s tape confessing to murder tied to an evil force—now her son shows the same darkness, and she must fight to stop it.","Once you hear it, it’s too late.",2026-01-08,/7tmMQwSVVbijKV4lquYpBld3P9K.jpg,2.002,32,5.719,0,0,87,Released,False,/lALfCsv7YMNrqpWzIaxjS81JKOm.jpg,Horror,,
1459937,tt35226712,Moodswing Whiskey,Moodswing Whiskey,en,"A successful but embattled Black entrepreneur, Leo Marks, turns to violence against perceived traitors in his media company as his control slips, culminating in a tragic showdown that explores themes of power, betrayal, and legacy.",,2026-07-03,/bvdl1CLAvVrUtg4DCkL7g8HJ8zD.jpg,0.467,0,0,0,0,72,Released,False,/5AFCeITZDUf2nDjf7wyEAdshL7A.jpg,"Horror, Thriller",,
1460308,tt29671815,The Guard Room,The Guard Room,en,"Hilda gets a job as an overnight security guard at a rundown warehouse district. She soon discovers that a security officer mysteriously died in the parking lot, and starts to unravel the clues while surviving the shifts.",She thought the only thing to fear was boredom. She was wrong,2026-02-28,/4Ta25Iwv2HTHxVfHEnkzp2s0zu4.jpg,0.1475,0,0,0,0,0,Released,False,/bPkBdMrylYQPk9ZYWrl40y3uHzn.jpg,"Horror, Thriller, Mystery",,
1460572,tt33029849,"Blessed: Live, Laugh,Run!","Blessed: Live, Laugh,Run!",en,"When Ashley, a poor college student, takes a nanny job in rural Indiana, she's kidnapped by a family forcing young women to bear children. Nomi, a survivor of assault seeking an abortion, unknowingly steps into the same family's trap.",Have A Blessed Day,2026-01-14,/zaMgsbXT66MkAulxuINyXwdqZz8.jpg,0.4026,0,0,0,0,67,Released,False,/xLOTS1Jdn9KRcBdJuSI67KHt9rk.jpg,"Horror, Thriller",,
1460641,,How Anxiety Saved My Life,How Anxiety Saved My Life,en,An interactive narrative following a group of detectives hunting down a serial killer - Anxiety!,Meet the silent killer… anxiety!,2026-05-01,/qNe2E5lqvt1vCaf7ePTHwa5KOHR.jpg,0.0313,0,0,0,0,9,Released,False,/qmnba9rGF7fpfd3qts6KPDfqnie.jpg,"Horror, Comedy",,
1461211,tt32165741,Mimics,Mimics,en,"Down-on-his-luck impressionist Sam Reinhold makes a pact with Fergus-a wicked, strings-attached puppet-that holds the promise to propel Sam to stardom, unleashing a nightmare that threatens the safety of those he holds dear.",Love. Laughter. Fergus,2026-02-06,/iY0fWkT2UHcPyYnJQb6M4TkbY2j.jpg,1.8382,2,5.5,0,0,90,Released,False,/eYdSaLq7eeZv7h4fepPcoTDPCJU.jpg,"Comedy, Horror",,
1461275,tt28626604,Plastic Surgery,Plastic Surgery,en,A doctor on her last day before maternity leave is thrown into a world of chaos when a hidden threat emerges.,,2026-09-01,/weG1bjlovW5n0wkmdyFoGDRvHmM.jpg,1.9082,0,0,0,0,12,Released,False,/6NCBI4m83Ns6YlrIprv7xflPJYf.jpg,"Drama, Thriller, Horror",,
1461677,,Psilocybe,Psilocybe,en,"Four friends sneak into an abandoned  theatre school to document their first mushroom trip, but an inkling that they aren't alone turns their plans for a fun night into a paranoia induced spiral into violence, chaos and horror",,2026-02-10,/dgOg1BAMVYSVr7ytBnIgVyxwp4g.jpg,0.2045,0,0,0,0,15,Released,False,/2miV0gGYeh2sOwDgKw4Vv4LGtZL.jpg,"Horror, Comedy",,
1463434,tt36304428,Look At This Freak,Look At This Freak,en,A reunion of old friends is disrupted by a hated roommate and an internet monstrosity.,Freak Looks Back.,2026-08-08,/dn5xz9Z2QQUIw3z0Va8xHs62f4J.jpg,0.8156,0,0,12000,0,15,In Production,False,,Horror,,
1463681,tt36113721,Southern Scares,Southern Scares,en,"Mystery, horror, and Southern folklore collide in the 1990s when a video store worker discovers chilling secrets found in her missing sister's documentary series, Southern Scares.",Are you ready for a Southern Scare?,2026-01-10,/fxb0FoBH6e5NJwdVKiwjMAQzvcy.jpg,5.4293,5,5.5,0,0,73,Released,False,/2wssSN9oE8kr2pXTKiidcqZrH0A.jpg,"Horror, Mystery",,
1464773,tt36163191,Borley Rectory: The Awakening,Borley Rectory: The Awakening,en,"In 1900, young Reverend Henry Bull and his sister, Kitty, are tasked with taking over the duties of their family home in Essex, a majestic Victorian mansion built on the site of an old monastery. Unaware of the sinister forces that lurk within, the pair are soon confronted by terrifying paranormal activities that threaten their loved ones. Desperate to protect themselves from the demonic intrusion, they call upon the services of a trusted family friend to investigate the origins of the vengeful ghosts which haunt their property. But these are spirits who will not rest, and Borley Rectory is doomed to gain a chilling reputation, as the most haunted house in all of Britain.",The spine-chilling legend begins...,2026-05-28,/vutdW9lp7XbqlWwKknVN2k3JW7R.jpg,3.9578,0,0,0,72907,88,Released,False,/9wdVfCzmikQ5rukTVZQPtbSUOhi.jpg,"Horror, Drama",1562347,Borley Rectory Collection
1465155,,Amityville Alone,Amityville Alone,en,"Meet Ricky, an 8 year old boy neglected by his father. When Santa forgets to put his presents under the tree, Ricky gets granted three Christmas miracles by the Tree Witch. He wishes to be BIG, he wishes to be HOME ALONE, and finally, he wishes for his E.T.special friend Tito to go from being a dog to a full speaking humanoid. But once Ricky gets in trouble with a local gangster, he and Tito will have to fight for their right... to party!",BE CAREFUL WHAT YOU WITCH FOR!,2026-07-19,/yhXchTlSTHPh7pzaXx8sXUytaQA.jpg,0.5561,0,0,3000,0,69,Released,False,,Horror,,
1466671,,The Taking Tree,The Taking Tree,en,"A wicked tree terrorizes passersby, and there's only one man capable of ending its bloody killing spree.",And the tree was happy...,2026-07-31,/4MxMrE81KlH7RvlZt3NLpAlbdJP.jpg,0.0735,0,0,4500,0,7,In Production,False,/a1oXwdWpgTBmargtBNM1F2aD46Y.jpg,"Horror, Comedy",,
1467528,,Fade Away,Fade Away,en,"A man starts encountering supernatural events while camping one night; meanwhile, his wife questions her reality back at their home. Both begin receiving mysterious phone calls from an unknown number, warning them that they are in serious danger....",REALITY IS REVERSED,2026-02-14,/18bkBuZlc8x6OO07yMgvl63nYnj.jpg,0.1588,0,0,0,0,0,Released,False,,"Horror, Mystery, Drama, Thriller",,
1467548,,Desert Fiends 2,Desert Fiends 2,en,"A group of elite bounty hunters are on the trail to track down and kill The Desert Fiends. Meanwhile, a TikTok style influencer has come into town to have a meet up while the Desert Fiends are heading that way to eliminate that meet up.",,2026-08-25,/oZ99apX8QRr1qninnE5yHCw8fpV.jpg,0.4844,0,0,0,0,0,Post Production,False,,"Horror, Comedy",1721819,Desert Fiends Collection
1468383,,Faust,Faust,en,"After making a deal with the devil, an isolated and unsatisfied professor uses supernatural means to achieve success and happiness at the cost of his soul.",Dispel Your Troubles,2026-10-23,/woV0fMgYZiqRw5HaWmmEDwHuIyD.jpg,1.7887,0,0,1400,0,15,Post Production,False,/lXuxbMlYgbIPIrBeHzlzvUyP8Oo.jpg,"Drama, Horror, Fantasy",,
1469342,tt36629891,Her Private Hell,Her Private Hell,en,"When a mysterious mist engulfs a futuristic metropolis, unleashing a deadly and elusive entity, a troubled young woman searches for her father. Her quest collides with an American GI on a harrowing odyssey to rescue his daughter from Hell.",Revenge wears leather.,2026-07-23,/kiFacg75KVjy0AM3S4QmbPas8zL.jpg,8.5462,2,3.5,0,0,110,Released,False,/reUk6WAuAXDFMtsYe2t5BYCr9Zv.jpg,"Horror, Science Fiction, Thriller",,
1470130,tt36647890,The Mortuary Assistant,The Mortuary Assistant,en,"Rebecca Owens, a recent mortuary science graduate takes a night shift job at River Fields Mortuary. Initially, the job seems straightforward — embalming bodies, completing paperwork, and keeping things tidy. But once Rebecca starts working the night shift, things take a dark turn.",Alone with the dead.,2026-02-13,/7k7hY1HqUYryPdRio0fuDMaIq4N.jpg,16.4471,124,5.4,0,1300011,91,Released,False,/gM1kQRPwOVW1Eos5tVWqcYmHR5S.jpg,"Horror, Mystery",,
1470269,tt33318105,Human Hibachi 3: The Last Supper,Human Hibachi 3: The Last Supper,en,"A man who suffers from hyper-religiosity, leads a cult of devout followers to partake in a ""last supper"" where sacrificed humans are the main course.",,2026-03-16,/3EjNBrJ02z6uYEQkSqY55RDDzpk.jpg,1.0117,3,3.8,0,0,0,Released,False,/8vJmGEPdIShFfdI2bHglexa1VOn.jpg,Horror,1470284,Human Hibachi
1471251,,Intrusion,Intrusion,en,"Adam is a man who can’t feel any emotion whatsoever. When his doctor advises him experimental treatment, he sends over his nursing assistant to help him. But, that night, an intruder breaks in and says that his only goal is to make Adam feel every emotion. The catch? With 10 violent “acts” that will gradually build up to his possible death.",THIS IS GONNA HURT.,2026-02-06,/5rkgvhUZTJ3rHSKdsIYDF185Goo.jpg,1.2064,0,0,0,0,95,Released,False,/y1mCwX4QvwnzHQVhDZoAtf9z81q.jpg,"Horror, Thriller, Drama",,
1471317,tt32213976,Death Name,Death Name,en,"A young Korean American woman yearns to learn more about her heritage, not knowing the further she digs, the more she reawakens a deadly family curse.",,2026-01-09,/uhyhWRzgCSiVfY0Ighgz9ujP85T.jpg,0.4501,8,4.688,1000000,0,82,Released,False,/fEl0kNcRnhSpJTptb2yuVBYkPja.jpg,"Horror, TV Movie",,
1471546,tt36687778,Amityville Easter,Amityville Easter,en,Over Easter break a team of crime investigators visit the location of a brutal murder. Little do they know one of the descendants of serial killer Frank Demonico still resides within the house.,,2026-05-07,/2Mxv7A4UIA8sZFaN1Pu5HlaRST.jpg,0.1069,0,0,0,0,0,Released,False,,Horror,,
1472210,tt27558029,Goody Goody,Goody Goody,en,"Lulled into a necessary sense of comfort during a long home birth process, expecting parents and their midwife begin to realize that something may be horribly wrong. As labor complications ensue, a blizzard rages outside trapping the family in their home – sitting ducks for whatever sinister presence might be in there with them.",Push.,2026-04-10,/9DyaSMQ6W3NvJ9BYTV2piiAXlCX.jpg,1.4503,0,0,0,0,80,Released,False,/gXU5RdjOtq6yrDbqQdF886vU384.jpg,"Horror, Drama",,
1473505,tt35721003,Kill Trip,Kill Trip,en,"On the way to a Texas music festival, a group of friends catches a ride with a magnetic van driver. But when people start vanishing, the real headliner becomes survival.",,2026-07-17,/qHEXW63p1NcuoyCGQHDroi4HV9V.jpg,7.309,2,7.5,0,0,0,Released,False,/9NkPCbhywlcINLUKQOGNHNp1ALk.jpg,"Horror, Thriller",,
1473878,tt34386603,Speed Demon,Speed Demon,en,"Aboard a high-speed train, a Nun who lost her faith must perform her first Exorcism on a possessed passenger hellbent on crashing the runaway train.",,2026-05-20,/gP7maqMVoQPXYi1rtCJ1kpSpNTA.jpg,3.2517,16,5.0,0,0,93,Released,False,/wivNPOtg6saz1XrCTU3C7sYYFt6.jpg,Horror,,
1474628,tt35667902,The Weed Eaters,The Weed Eaters,en,"Jules is on a New Year's Eve trip with her new boyfriend and his two stoner friends in the wops of North Canterbury when they stumble across a long-abandoned stash in an old shed. After a quick session and an accidental murder, the marijuana turns them into enthusiastic cannibals. To cover the evidence of their murder, they decide to keep toking so they can devour the body. What will happen when the meat runs out? Who will be the next victim?",Don't think about it... just eat it.,2026-04-30,/2TmWYXesOwCq7zPTDjvjLivJw2S.jpg,0.9448,1,7.0,0,0,81,Released,False,/zTntWFd3CNaMqXBPpOPTz4mvt5F.jpg,"Horror, Comedy",,
1475044,,Forget-me-not,Forget-me-not,en,Dean Carter's mind unravels while deciphering the mystery behind the disappearance of his fiancé.,Find me,2026-10-31,/A5oupBnv26V6qQ1uyJ6m7rUP6Fp.jpg,0.5777,0,0,0,0,8,Post Production,False,,"Horror, Drama, Mystery",,
1475490,tt11609626,The Calling Witch,The Calling Witch,en,A brother and sister are terrorized by what seems to be their late-author mother's most sinister literary creation - The Calling Witch.,Stay Out of the Woods,2026-01-20,/q8o2NzIH4ze28NAVs1eRkejAJIk.jpg,3.3272,13,6.2,0,0,98,Released,False,/aFqLp6XfmzrYNSVlyKoQU7WT1PX.jpg,"Thriller, Horror, Drama",,
1477203,tt30241139,The Shepherd,The Shepherd,en,"Set in the desolate Nevada night, a young woman in labor flees an abusive past who has her escape hijacked by a mysterious stranger hiding an ominous threat in the back of her car.",,2026-10-22,,1.5463,0,0,0,0,0,Post Production,False,,"Horror, Mystery",,
1477480,,Steamboat Killie,Steamboat Killie,en,"A small town is shaken when a series of brutal murders begins, all linked by one disturbing detail: the killer is dressed in a Mickey Mouse costume. As the body count rises, a group of locals races to uncover who's behind the mask before the killer strikes again.",Childhood’s over. Run.,2026-09-13,/nrkp4vQhVzdlYwz31wUkM6QaUf8.jpg,0.1644,0,0,1324,0,0,In Production,False,/ApSTw2HxpwcC2je8HZxLOrnvgHr.jpg,"Crime, Horror, Mystery",,
1477712,tt36893729,Ice Cream Man,Ice Cream Man,en,An idyllic summer town descends into madness when an ice cream man serves kids sweet delights with horrifying results.,We all scream.,2026-08-05,/c987gxFjXqYOxZEZKcTkS1ONTWH.jpg,10.7345,0,0,0,0,86,Post Production,False,/75pK9Dj1CheZFItgld9TVvb2P4x.jpg,"Horror, Thriller",,
1477836,tt36841098,Bone Keeper,Bone Keeper,en,"Six young friends investigate missing persons cases in a remote cave system, unaware they're being stalked by an ancient creature lurking in the depths.",Face your darkest fears.,2026-04-02,/fTUloMRssypzehEwNBjVegvCLTy.jpg,2.5618,23,5.109,0,0,90,Released,False,/pDNW39lh6aqjUca3otNjaITLYBp.jpg,"Horror, Adventure, Science Fiction",,
1479319,tt36948229,Under the Rug,Under the Rug,en,"A lonely widower’s quiet routine takes a bizarre turn when severed body parts start mysteriously appearing in his home. With no one to turn to - and no better plan - he tucks them out of sight, hoping the problem will resolve itself.","Some things stay hidden, others crawl out",2026-03-24,/vvxWlWjEbdEjPbSP0BvxkEQGj0R.jpg,0.0603,0,0,0,0,8,Released,False,,"Comedy, Horror",,
1479836,tt33297599,The Final Episode,The Final Episode,en,"A crazed fan obsessed with the popular show, The Horror Squad Podcast, sets out to make sure they stop ignoring his cries for attention and review his self-produced horror movie, or pitch him an idea that may save their lives.",Never take your fans for granted.,2026-05-16,/wmEZTHwawJI8rooLutSBeK8nbvE.jpg,0.4004,0,0,5000,0,83,Released,False,/g5UGzc5c64CKhILEv4LgZhP7mbu.jpg,"Horror, Comedy",,
1479846,tt36934612,Hive,Hive,en,"A strict, anxious teenager loses the child she’s babysitting and must brave a sinister force hiding in plain sight among the children in the playground. As her world unravels and her grip on reality starts to slip, she must outwit a world where nothing is as it seems to make it out alive.",,2026-08-27,/aFGoHyaTPERCyuAhEvonS8xlk9Y.jpg,1.7501,0,0,0,0,91,Released,False,/kuYX624dH6P0LsWTEWuLo9d3kNV.jpg,"Horror, Thriller",,
1480387,tt35892608,undertone,undertone,en,The host of a popular paranormal podcast becomes haunted by terrifying recordings mysteriously sent her way.,It wants to be heard.,2026-03-12,/2PFgFMnrdCPXWiZl1PUvky7Mo9D.jpg,18.564,401,6.155,500000,21610797,94,Released,False,/4BSJVRQ3EsHMIVZSiKz1l58jDhg.jpg,"Horror, Mystery",,
1481149,,The Last Take,The Last Take,en,"Three friends: Duncan, Clayton and Martin rent out an abandoned church to film their brand new horror movie screenplay. As the day filming begins, the trio and the actors learn that the church isn't abandoned and something sinister lies within the eerie building... and they want them gone.",He won’t save you… not in this dreaded place,2026-01-09,/a1iL1F25YjKA1Be56SxtJFpAZiy.jpg,0.1004,0,0,0,0,0,Released,False,,"Drama, Horror, Thriller",,
1481343,tt36958312,The Devil's Mouth,The Devil's Mouth,en,"A group of college friends' Thailand adventure turns deadly when they become trapped in submerged caves with a dangerous predator. As oxygen runs low, past conflicts emerge in their desperate fight for survival.",,2026-07-29,/lH8k9uCWYn2b2gsYleqYBDPbWa8.jpg,2.6909,0,0,0,0,0,Post Production,False,/w8z3ThhLehGPJuAShostzeKxJvK.jpg,"Thriller, Horror",,
1481687,,Exhibit B,Exhibit B,en,"For their fourth anniversary, popular vloggers Rob and Carla set out on a romantic trip to a remote wilderness. Although cracks begin to show in their relationship they aim to capture every moment for their devoted followers. But what begins as a carefree escape soon spirals into something far more sinister.",,2026-03-26,/riYkAe5szUMxHmuF3GNgmDMQ2EH.jpg,2.3875,0,0,3000,0,13,Released,False,,Horror,,
1481946,tt29720283,Thinestra,Thinestra,en,A young woman takes a new weight-loss pill and the fat she sheds returns in the form of her blood-thirsty doppelgänger.,Just diet.,2026-04-14,/ubsAc9vU7FYoMcWAIokD2L6nRQZ.jpg,0.6341,4,5.2,0,0,90,Released,False,/fvjn5XmFlb0493H3El5f22hJqGI.jpg,Horror,,
1483599,tt26699636,BZRK,BZRK,en,"Anders’ rage is on the precipice of taking control, fearing he’ll succumb to his violent visions, he seeks the help of a psychiatrist whose mediation methods awaken a power within him.  Short film that screened at Chicago Horror Film Festival 2025. Won Best Horror Director.",To Be Enraged Is To Be Alive,2026-05-29,/2PnspDv8yLmPiGx4doDK2ctPK42.jpg,0.1615,1,4.0,40000,0,17,Released,False,/mUL366DYiLTrHCSD1ZNk6FLmBGY.jpg,"Horror, Science Fiction",,
1486256,tt35657158,Oddities,Oddities,en,"Two self-destructive best friends accidentally kill someone. After finding refuge in a roadside antique shop, an older woman initially offers help, but things soon take a dark turn.",,2026-04-14,/niUCxzxX9NLuYPp8o3PlfqREVJJ.jpg,1.1984,1,7.0,0,0,0,Released,False,/8ni1Y0gtowBYbyyp7KN6K1Ym9Qh.jpg,"Horror, Thriller",,
1487650,tt31022171,Good Boy,Good Boy,en,"After hearing of his estranged father's mysterious passing, an anxious young man attends the funeral seeking answers. As he searches for the truth, he must face a troubling secret from his past.",,2026-03-21,/7NwpCil5uxxxVUb8gGJqozTMNpN.jpg,2.7071,3,1.0,0,0,20,Released,False,,Horror,,
1488284,tt32992554,13_Oct_1985_Archive,13_Oct_1985_Archive,en,"Viewing of a recovered unclassified archive dated October 13, 1985.",,2026-03-27,/ttFqxsHRfUu74VVA3osYutMvMfb.jpg,0.3431,0,0,0,0,2,Released,False,,Horror,,
1489733,,Love’s Haunting,Love’s Haunting,en,"As romance blossoms, two creatures explore an old house, curiously watched by its inhabitants.",,2026-02-14,/hc7lHqBldlkcmUTLQl58aRrt7qS.jpg,0.0404,0,0,0,0,6,Released,False,/qM28uc1xWoMGvmD43tTKp4y41j7.jpg,"Horror, Romance",,
1492566,tt36457928,Dracula Eternal,Dracula Eternal,en,"A woman's idyllic summer is shattered when her best friend falls ill, her fiancé vanishes, and she's drawn into a terrifying battle against an ancient evil in this modern re-imagining of Bram Stoker's Dracula.",,2026-01-16,/qDFHLI5s1o7TgeBN4wSPrvJN8D5.jpg,0.3427,0,0,0,0,85,Released,False,,Horror,,
1492655,tt35339964,Souls Chapel,Souls Chapel,en,"When a drifter is cutting through the backwoods of Kentucky in search of gold, he decides to weather the snow storm in a small church called Soul's Chapel. But will soon find out the fate that awaits him is anything but holy.",,2026-04-21,/5dGvtkueBWt1lCys8z8g64CJ6fn.jpg,0.0736,0,0,0,0,83,Released,False,,"Action, Horror, Western",,
1493223,tt32513998,Water Rites,Water Rites,en,"A couple takes a break from their work-a-day lives by spending the summer at a secluded lakefront community. After uncovering the locals' secrets, the couple's idyllic retreat quickly turns into something neither of them can return from.",The truth lies just below the surface...,2026-01-08,/qVESnB0kP1Gk5J7TPC35xWal9t2.jpg,1.2423,0,0,0,0,0,Released,False,/159bjJMEWJCgbIEQPSK3BvaKkYm.jpg,Horror,,
1493590,tt36415530,Attack of the Killer Tomatoes: Organic Intelligence,Attack of the Killer Tomatoes: Organic Intelligence,en,"""Jurassic Park"" meets ""Dr. Strangelove"". It's a reprise and fifth feature spin of the 1978 Cult Classic ""Attack of the Killer Tomatoes,"" the franchise that went from 80s midnight screenings to help launch the Fox Children's TV Network.",The best of AI meets its match.,2026-08-07,/sJPjYEsdARr9iS5VkArp2944b6t.jpg,1.3927,0,0,0,0,0,Released,False,/onCRqG4FxfKUsKvLriQ6cHpC1fc.jpg,"Science Fiction, Comedy, Horror",47983,Killer Tomatoes! Collection
1495041,tt37671737,Buffet Infinity,Buffet Infinity,en,"In a series of cheap, locally produced TV commercials, small business owners rival the looming threat of Buffet Infinity. As Buffet Infinity endlessly expands and grows, engulfing everything in its path, a sinister conspiracy unfolds at the margins, and unfathomable powers begin to seep into the vulnerable community of Westridge County, Alberta.",You are on the menu.,2026-04-24,/c9h2p2qBSb5ThgBtNPWZNQDqvEX.jpg,1.5454,10,4.5,775000,0,93,Released,False,/AsnZYgCKfB4OXvzoJrw4Ld7mp89.jpg,"Comedy, Horror",,
1495373,,Friday's Chylde 3D,Friday's Chylde 3D,en,Friday's Chylde 3D,Friday's Chylde 3D,2026-10-13,,0.1009,0,0,23,0,23,In Production,False,,"Horror, Science Fiction, Fantasy",,
1495590,tt34890345,Godhead,Godhead,en,"Eccentric twins proclaim themselves prophets to a priest, blurring reality and delusion as they involve him in their supposed divine mission.",,2026-07-18,/q3BI2E2KhDSBHp69u4iBt4PvvCN.jpg,0.3391,0,0,0,0,99,Released,False,,"Horror, Thriller",,
1495638,tt32502645,The Caretaker,The Caretaker,en,A recently bereaved man takes up a caretaker position at an elite academy and soon uncovers dark secrets.,,2026-03-07,/9JWtu9Rk3szuJ33tAAWmxC2cN07.jpg,6.7358,4,7.5,0,0,114,Released,False,/oQOKsgin0KLOyFzH7YyXsslFMJe.jpg,"Horror, Thriller",,
1496532,tt36146037,Prank Night,Prank Night,en,A young woman seeks revenge on the group of thugs that attacked her family.,Vengeance is hers.,2026-06-04,/jshVDBxDsyWGpwWqZUtct3Ba1E7.jpg,0.4776,2,9.0,0,0,105,Released,False,/rB5FS2KlpNK2G3fa4UswQi6Rk2p.jpg,"Thriller, Horror",,
1496696,tt9213874,Breeder,Breeder,en,A poodle breeder obsessed with genetic perfection offers an MIT dropout a bizarre proposition — she wants to breed him with her daughter.,,2026-06-06,/1ru0fNB2dy6cjVXwGnzd8jgMQEn.jpg,1.3114,1,7.0,0,0,97,Released,False,/jUZPTTNTlom7VaSesvAZpnL4IGe.jpg,"Horror, Thriller",,
1500291,,Jesterpus - A Musical Comedy of Horrors,Jesterpus - A Musical Comedy of Horrors,en,"Merlin awakens from his hibernation within a mountain when a prophecy is suddenly fulfilled: Jesterpus - a supernatural clown, previously defeated by Merlin and King Arthur - is released from his banishment on Mars, from where he was imprisoned 1400 years earlier.","Laugh, scream, repeat.",2026-06-01,/50qPKJ6wXO8IKwJjTl8lX9i2awv.jpg,0.5594,0,0,10000,0,80,Released,False,/mYxZweW81NHHj4BF4XFCgh0lJwQ.jpg,"Horror, Comedy, Music",,
1500774,tt37370006,Ugly Cry,Ugly Cry,en,"When Delaney's boyfriend leaves town to shoot a splashy zombie movie, she becomes obsessed with a character she’s auditioning for after she learns the producers think she has an ""ugly cry."" But when she tries to make her cry prettier, her performance suffers. Can she contort herself, and her face, to have the perfect cry? Her attempts to change herself cause Young Delaney to haunt her, catapulting present day Delaney deeper down the rabbit hole. She isolates herself and grows increasingly delusional, and interested in physical fixes to her acting problem. How can she make the world see her as she sees herself? How can she become and become and become? She will become famous. Or die trying.",,2026-03-12,/byW94YVuob0xT96XIXRT1zfddZZ.jpg,1.0776,3,7.0,0,0,94,Released,False,/iKGn9xB7S6sSp3bmsEe824g8iPE.jpg,"Horror, Comedy, Thriller",,
1500844,tt35772329,Hag,Hag,en,"When an escort finds herself losing work to younger women, she tumbles down a path of self-destruction, her actions fueled by an ever-increasing obsession to look younger.",,2026-07-08,/oq44mI0fQ6WbD7Fx4vOzamK5TQY.jpg,0.1955,0,0,0,0,0,Released,False,,"Drama, Horror",,
1500890,tt37369064,Lockbox,Lockbox,en,"A woman puts her life on the line to protect her troubled, enigmatic cousin, Winthrop, who has been targeted and hunted by a powerful supernatural force.",,2026-07-02,/sNJ9u1uL12wOzOvvjjdXX8MqrBT.jpg,3.4347,2,10.0,0,0,105,Released,False,/8YRMbO0OatB5J5KPEHuLhV1ZAhj.jpg,Horror,,
1501953,tt37396514,Marrow,Marrow,en,Madison's hopeless lesbian crush on her straight and taken roommate takes a dark turn when she learns of an arcane recipe for a love potion - one that calls for her own bones.,BONE MAKES THE MARROW. MARROW MAKES THE BLOOD. BLOOD MAKES THE LOVE.,2026-12-12,/AwkkDjzyivcKx998ej0944i0hFx.jpg,2.1347,0,0,4000,0,15,Post Production,False,/ejsHy5NQfvRiwwDKi7UjqQhrXN6.jpg,"Drama, Horror",,
1503486,tt11597938,Lenore,Lenore,en,"When a controversial influencer suddenly disappears, a terminally online sycophant goes hunting for answers, but comes face-to-face with the monstrosity of his own sins.",Let. Me. In.,2026-01-23,/kdM69M1z5i3UwjTIK8p7hWTidS.jpg,1.4345,1,9.0,100000,0,88,Released,False,/xJbBvof6Ud1DtyhLdio4z3A9eub.jpg,"Horror, Thriller",,
1504899,tt37457723,Recluse,Recluse,en,"After being summoned back to her childhood home to care for her bedridden father, Joan must confront the unearthed demons of her family's past and contend with the home's dark, malevolent energy that is both unseen and, much to her horror, seen.",,2026-06-04,/lDzoSYxEYO0ZAnkpwauwEOtDPcn.jpg,0.3444,0,0,0,0,106,Released,False,/e0D2NQISdO5tP9fZcsI84SVUdmU.jpg,"Horror, Thriller",,
1505453,tt35288729,Night Spider,Night Spider,en,A couples wedding night is turned upside down after an unexpected visitor.,Every marriage has its problems,2026-01-31,/wHZSqJ70jBFig9Ajmb6IaetGhNg.jpg,1.087,1,9.0,2000,0,0,Released,False,/19e4TK1s5FT7u51t1CGfsliW9ya.jpg,"Horror, Science Fiction, Mystery",,
1506323,tt36364104,Minnie’s Midnight Massacre,Minnie’s Midnight Massacre,en,"Steamboat Willie’s first mate, Minnie, goes on a killing spree when seeking revenge against the childhood bullies who tortured her as a teenager.",,2026-02-17,/eV9vdeMqmxOTxz2ELICoHhkbHn6.jpg,1.3158,3,4.667,0,0,79,Released,False,/bPN80eWwrukw6EulhWu7Y3Ha5P4.jpg,"Horror, Comedy",,
1508252,,Slash,Slash,en,A group of friends are terrorized by a masked killer on Halloween.,Another One Bites the Dust.,2026-10-31,/veKTqB9MfkUIFS1pUkp4kEVKov1.jpg,0.957,0,0,155,0,0,In Production,False,,"Horror, Comedy, Mystery",,
1509677,,The Lost Ones,The Lost Ones,en,"Motivated by his sister's disappearance, a man sneaks into the seemingly perfect town of Gloomshade Grove, only to reveal its chilling secret that holds the community together.",Fear The Unknown. Find The Truth.,2026-05-31,/vCdpnhHjV0BMHywiWe0kwpzDZYv.jpg,0.5978,0,0,600,0,30,Released,False,/1CHuVyO9dXcYntSqEw282EK0RDL.jpg,"Horror, Science Fiction, Mystery",,
1509997,,The Showdown,The Showdown,en,A young man is confronted by a vicious supernatural entity whilst attempting to retrieve some belongings from his ex-boyfriend.,Breakups can be a nightmare,2026-08-08,/n38kPkTllHbA2AXGrtdfguefJTh.jpg,0.1415,0,0,0,0,40,In Production,False,/T3esoHR0ia7Daz7BvJOU0LpIH4.jpg,Horror,,
1510745,tt37538172,Bodycam,Bodycam,en,"A call to a quiet suburban home unleashes unthinkable carnage when two officers mistakenly shoot a man and his infant child, spiraling the tragedy into a fierce, unrelenting fall into the unknown.",,2026-03-12,/xFpBNcG3Dlr8mYF5Kz9Tizs3Pxn.jpg,6.4608,73,5.582,0,0,75,Released,False,/qmWypRw88VYp35oTQn0a1sqdZRs.jpg,Horror,,
1511424,tt34966533,STAY IN,STAY IN,en,A recluse is forced to confront a gruesome secret from years past that has kept him from going outside after midnight.,It's not safe out there™,2026-01-17,/di1d9cuiJPQcmuDDKqan4etBtn6.jpg,0.4773,0,0,0,0,11,Released,False,,Horror,,
1514026,tt37281055,Buddy,Buddy,en,"Remember BUDDY—the bright orange unicorn and star of that classic childrens' television show who brought joy and life lessons into your living room?  Inside the colorful world of ""It's Buddy!"", a group of children spend their days singing, dancing, and helping Buddy spread happiness. But when one child refuses to play along, Buddy is not pleased and cracks begin to appear in this seemingly perfect world.",,2026-08-28,/6Lh4ZlsAISFQFVfLZ90sE9ycVnN.jpg,3.3186,0,0,0,0,95,Released,False,/ytoLEl5yDaxB8AtZ52uKWjaQ9ql.jpg,Horror,,
1514238,,The Next Time You Feel Important,The Next Time You Feel Important,en,The Sailor washes up on the shore and is hit with violent and libellous accusations of gang affiliations. The Sailors drink hearty ales and enter a pop music competition. The Kid pines for suburb exploration.,The Sailor Movie,2026-01-31,/6N5FSGpv3Qf8CiYSWA68efmYwq0.jpg,0.5772,0,0,0,0,87,Released,False,/gpSiwwFPc61qnYj0kjnucG2S8N4.jpg,"Adventure, Comedy, Horror, History, Animation",,
1514378,tt37598381,U.V.F: Underground Video Films,U.V.F: Underground Video Films,en,"Presented as a forbidden TV broadcast, this horror anthology revives unsettling short films from the world.",Some tapes were never meant to be watched,2026-02-02,/uysub8C9mPDtFj6pavuTYJxFVjE.jpg,0.3319,1,6.0,100000,0,0,Released,False,,Horror,,
1514682,tt37603783,Above & Below,Above & Below,en,A group of friends set off for an unforgettable vacation. What begins as an adventure of partying and diving quickly turns into a nightmare when they are attacked by criminals in open waters.,,2026-07-29,/n8Ss6XLrmSOG1wEnN921vtTYNwA.jpg,1.9061,0,0,0,0,96,In Production,False,/lSd6nEnlaeQkswLLUgHC5gyuXyU.jpg,"Action, Thriller, Horror, Crime",,
1515590,tt32437905,Madonna Non Grata,Madonna Non Grata,en,A thriller surrounding an undiagnosed schizophrenic with multiple personality disorder.,,2026-06-06,/8W3q2tugEVbxGA1I1K8Uc8itAFp.jpg,1.45,0,0,0,0,0,Released,False,,"Thriller, Horror",,
1515872,,Sleepwalker,Sleepwalker,en,"After isolating himself from the outside world, a troubled sleepwalker discovers the pathway to an alternate reality, where he is guided by a mysterious entity. As he ventures further, he descends into the darkest corners of his subconscious.",The mind is the cruelest hell.,2026-10-30,/mxcyaRSuRi0DxEiGbcXUHc6GEK2.jpg,0.1915,0,0,5000,0,80,In Production,False,/vZxMTVmtI14pfhGSB0jfbmkEP4m.jpg,"Horror, Mystery, Thriller",,
1516925,tt36282152,You Have Her Eyes,You Have Her Eyes,en,A woman's fears about having children begin to manifest as visions of her dead grandmother.,Time creeps up on you.,2026-07-08,/837VOUIBCF0Sg5IV6qlT5lh7Ksn.jpg,0.248,0,0,15,0,15,Released,False,,"Horror, Thriller, Drama",,
1517409,tt30877881,Hollywood Hells,Hollywood Hells,en,"When a struggling actress attends an exclusive Hollywood party, she discovers a cabal of power brokers who produce real-life snuff films for the elite. As she fights for her life in the shadowy underbelly of fame, she turns their own cameras against them—becoming not just a survivor, but the director of their final cut.",,2026-06-12,/8stsm9IpP5aQbePqBdIUD74tcw4.jpg,0.4756,0,0,0,0,84,Released,False,,"Thriller, Horror",,
1520453,tt34125607,New Jersey Devil,New Jersey Devil,en,16-year-old Sophie is in the process of being adopted when a sinister force out of New Jersey folklore begins to torment her new family.,,2026-02-02,/GMu2QLJjoCsrDvqMXs7e0ZKZzS.jpg,1.554,1,8.0,0,0,132,Released,False,/aijCrv90RJRtwQxsdJ7g6jqNz2C.jpg,"Horror, Mystery",,
1522191,,FaceTape,FaceTape,en,A junkie decides to come clean from abusing an analog VR drug called FaceTape only to find his life outside of his addiction is far from stable.,Plug Out.,2026-06-24,/iE3EKQumFNA00hEQoIa0c5txDwV.jpg,0.5374,0,0,0,0,84,Released,False,,"Thriller, Science Fiction, Drama, Crime, Horror",,
1522832,tt30333113,Squatch,Squatch,en,Nick Peters refuses an inheritance from his estranged father until his mom and crush Cassie convince him to visit the cabin. Their journey north leads them to face a legendary American monster.,,2026-03-10,/yvaaQHDBOXrz0eaNypzDf1VkVvq.jpg,1.186,1,10.0,1,0,90,Released,False,/zZ4AHNzFdsw0M3lKuBSU4GlaW5s.jpg,Horror,,
1523947,tt37778781,Earth to Colby,Earth to Colby,en,"An aspiring vlogger discovers a mysterious notebook detailing hidden portals in her hometown, leading her on a journey to discover the city's supernatural history.",,2026-04-25,/l0d4j6XgoayHz0BQiiCMA3sMXjC.jpg,1.0416,0,0,18000,0,0,Released,False,/8oYVqbsIbfeu8B6BxgAPJINXMEi.jpg,Horror,,
1524782,tt39090278,Mort,Mort,en,"A meticulous Chicago actuary's all-nighter spirals into absurdity when an unexpected visitor, a disarming-appearing Death, forces him to reevaluate his risk-free life choices as the clock ticks down to his upcoming demise.",A deadly comedy.,2026-02-28,/rvIwfILkvZAyNsUtDxNv7LvCSDf.jpg,1.3745,0,0,0,0,13,Released,False,/ePTgWloeBGrP7ejRXnqdoFwx6ua.jpg,"Comedy, Horror",,
1525775,tt36623936,Mr. Whispers,Mr. Whispers,en,"In Mr Whispers, we unveil a chilling story of long-buried horror, set in a town desperate to forget its tragic past. For decades, rumours have swirled about a place on the outskirts... a derelict cinema where something unspeakable once occurred.",,2026-02-22,/enNxbxbu5Vajorj5eDcTnRMpc1u.jpg,0.3458,0,0,0,0,0,Released,False,/paZnbnn46f1pCfJ2KKafpyoCVp6.jpg,Horror,,
1525810,tt37808582,"Trauma, or Monsters All","Trauma, or Monsters All",en,"An aspiring author gets more than she bargained for when she writes an article for the local paper about her small town’s dark history, prompting unwanted speculation on what monsters may lie within.",,2026-04-10,/sYYQGmQwAht1JQt8hsN6CDcHG12.jpg,0.7327,0,0,0,0,118,Released,False,,Horror,,
1526252,,Due West,Due West,en,"Following the directive of an AI “therapist” turned “girlfriend”, Alex drives to California in search of a life he isn't quite sure is real.",,2026-03-17,/rNFCzMR85AP4zI2lmka7OsjgFPW.jpg,0.299,0,0,0,0,76,Released,False,,"Drama, Comedy, Horror",,
1527285,tt37146848,Rodnee,Rodnee,en,Rodnee is a broken schizophrenic consumed by drug-fueled binges and uncontrollable masturbation. His mind is over-crowded by disturbing hallucinations that manifest his traumas and most painful regrets as undefinable and monstrous pseudo-realities that constantly push him further off the edge of sanity.,MASTURBATION. MUTATION. MADNESS.,2026-05-28,/mBrmGHSTQ4Ftik9NFHoi1F7s2Gu.jpg,0.8586,0,0,9000,0,129,Released,False,/e0B8XrHmvsv4zByR7fuwlum7gmr.jpg,"Horror, Drama",,
1528625,tt32270641,The Grieving,The Grieving,en,"Mia, a mourning daughter, attempts to lay her father to rest, only to uncover the dangerous demons he was battling. As she struggles to make sense of a world without him, grief gives way to a chilling truth.",,2026-02-12,/x1JOtA7iSVJDOQG4gpj3ujXepKh.jpg,2.0124,4,4.0,0,0,95,Released,False,/im5reyQPEWcYTaK0Bz8tCpqPZj9.jpg,"Horror, Thriller",,
1529833,tt37679066,Dinosaur Hunt,Dinosaur Hunt,en,"A rich family are brought together to a remote island for a reunion, only to learn that their father has been experimenting with dinosaurs in an attempt to find a cure for his disease. This family are forced to work together when the dinosaurs escape.",,2026-03-01,/ArkMslQ59j04ue1jPg55on0V0lI.jpg,1.3356,1,1.0,0,0,88,Released,False,/176Bai3Gnj31YeGT9KEfbsnPcew.jpg,"Horror, Science Fiction",,
1530929,,Over the Rainbow,Over the Rainbow,en,A small town is consumed by a missing person case.,Last night I had the strangest dream.,2026-01-02,/qCACkUeJvJp2gAd3CRZwrDvNPNY.jpg,0.452,1,10.0,0,0,119,Released,False,/3CDp5oQ3AaIjoBNHV98hFJh6I4u.jpg,"Horror, Thriller, Crime, Drama, Mystery",,
1532053,,Samhain,Samhain,en,"THE SHAPE RETURNS ONE LAST TIME.  Directly after the events of Halloween: Resurrection, The shape tracks down his last remaining relatives the children of the late John Tate. Tommy Doyle, a survivor, Tracks down Myers in hopes of finally putting evil to rest.",The last night he came home,2026-04-01,/xNN4iJakOIfkitNiRcM22s6ISk5.jpg,0.143,1,8.0,60,0,80,Released,False,/qL9EEQyL2Ag9CkkDNAB6NzGQ6zN.jpg,Horror,,
1532410,tt37233265,Missing Fangs,Missing Fangs,en,"Seeking eternal rest, Clementine gets eternal life instead - but her immortal future is threatened by Francesca, a friend with an unnerving fixation with the undead.",Do you wanna live forever?,2026-02-10,/2xHvwPr7tzu3f8YGbfOyQzdhWdu.jpg,2.8858,0,0,0,0,85,Released,False,/hEWQDP3YEXC7FsmViiltXPOt2eh.jpg,"Drama, Horror",,
1532438,tt37679060,Dragon Fury 3,Dragon Fury 3,en,"Deep within a high-security government bunker, an ancient nightmare has broken loose. This time, there’s nowhere to run. A daring break-in at a classified research facility quickly turns into a bloodbath when a group of intruders discovers they aren't alone. Instead of the secrets they came for, they find themselves hunted by genetically engineered, apex predators: lethal dragons with a taste for human prey. Trapped between a tactical lockdown and the jaws of prehistoric monsters, the group must fight through dark corridors and deadly traps. It’s a race against time to escape before the facility is purged - or the dragons finish their feast.",,2026-03-04,/bnw14Xc9t5wXTHsWpQz6MjMVUgd.jpg,1.3804,0,0,0,0,95,Released,False,/p4QTVJ8wxPI77ixxbxpJA77jiDv.jpg,Horror,988589,Dragon Fury Collection
1532688,tt37853611,Leave,Leave,en,"Architect Jesse Hughes uproots his wife and their two kids to an old house in the countryside, in the middle of nowhere, to try to piece back together an almost broken marriage. But Keith later finds that sometimes a change is not always the best solution when they get some unexpected visitors in their new home.",,2026-01-16,/7HjVWBntzWRdNu8GudupAQGQYoB.jpg,0.3406,1,2.0,0,0,0,Released,False,,"Drama, Thriller, Horror",,
1532997,tt36933185,Dead Howling,Dead Howling,en,"A werewolf hunts zombies after losing his family. He meets two humans seeking sanctuary and joins their quest, protecting them with his powers. Their journey grows perilous as zombies start evolving.",,2026-10-30,/mc9JVtUYc8tgdBqvHvwc6FLJA8b.jpg,1.0653,0,0,0,0,0,Post Production,False,/aiJUkHSsnJbhVrpRrQpb5UKJ7Dw.jpg,"Action, Horror",,
1533042,tt37561322,Poultrygeist II: Dawn of the Chicken Dead,Poultrygeist II: Dawn of the Chicken Dead,en,A global poultry pandemic sets the stage for a wealthy tech tycoon to attempt to relaunch a failed fast-food empire using lab-grown synthetic chicken. Things go horribly wrong when these artificial food supplies unleash a wave of mutant chicken zombies.,,2026-07-18,/pTWLw2LfLnspJlz9XpH434IQR0X.jpg,0.8015,0,0,0,0,0,Released,False,,"Comedy, Horror, Science Fiction",1533049,Poultrygeist Collection
1533044,tt39075282,Deaf to Happiness,Deaf to Happiness,en,"A writer is trapped in a world where time is broken, memories do not exist, and nothing feels real. His hand moves against his will, endlessly writing something unseen while his mind fights for meaning. Desperate, he begins writing a story—one that must not end in tragedy.",Where does inspiration come from?,2026-02-05,/7O1B2D2yE67b3KvNo3Zm3CvfWbx.jpg,0.2666,0,0,9500,0,70,Released,False,/kMC83ni8MWH5cr5JNmBFXnYubqm.jpg,"Fantasy, Mystery, Horror",,
1533172,,Ciller Corn,Ciller Corn,en,"Carson is ready to leave the family farm and start a new life with his girlfriend in the city. But an experimental “Nonsanto” chemical has begun poisoning the fields and animals, causing financial strains on his father’s operation. If he leaves, the farm will go under. His father, Dale, conspires with his business partner to keep Carson home. But the poison altering their land infects Carson and slowly transforms him into something inhuman...",,2026-05-09,/bLPZ6NRzynE1FEd4xyusIOJ3N9P.jpg,0.6533,0,0,0,0,0,Released,False,/e85UCl00iZwIf2RDV5RUnu6EU1L.jpg,Horror,,
1533249,,Soul Trader,Soul Trader,en,A despondent soul arrives in a strange place where he must confront his (mostly) inner demons.,"Hang in there, Bab.",2026-08-21,/cgVnzS0R9YGmCD03GnXrRKacS8n.jpg,2.2018,0,0,2000,0,18,Post Production,False,/d8sy3brkiMrEJZmVei5hJMdVZ2B.jpg,"Comedy, Fantasy, Horror, Drama",,
1533549,tt37983272,Wicked of Oz,Wicked of Oz,en,"A freak tornado pulls Dorothy Gale into the wicked world of Oz just in time for the down-on-her-luck Kansas farm girl to confront Glinda, a starving cannibal who finds herself all out of Munchkin meat. Things go downhill from there, as Dorothy goes head-to-head (literally) against a skull-cracking Scarecrow, a Tin Man whose hobby is to collect still-beating hearts and a Cowardly Lion who pleases his master by ripping apart anyone he sees. Oz becomes Ooze as Dorothy – armed with scavenged weapons – battles her way through hordes of psychotic enemies until she finally happens upon her ultimate nemesis, the Wicked of Oz.",you may think you know the wizard of oz...but you don't.,2026-01-29,/a3KqiPPgjbvWCD2Ez3Om2zxb2Wr.jpg,1.1411,0,0,0,0,78,Released,False,/4PUPZHbMxqoFTPpfZ5OtXRPG2OO.jpg,"Action, Fantasy, Horror",,
1533793,tt39847635,Sinner Supper Club,Sinner Supper Club,en,"An NYC friend group reunites to throw an ""eviction funeral"" for Genevieve; as the night progresses and a heatwave traps them together, their long-ignored problems boil over.  An improvised gay mumblecore ghost story shot on an iPhone in six days.",,2026-03-12,/2dRVa5B5ZRx4dUmMe18V3kmu4vA.jpg,1.2025,0,0,0,0,71,Released,False,/2m5bJWQzTWzTOeLJ8T41lMvZvbS.jpg,"Comedy, Horror",,
1534841,tt37812517,What Are Grandchildren Made Of?,What Are Grandchildren Made Of?,en,"When a tragic accident reveals that his granddaughter has the ability to respawn upon death, an old man starts an underground organ harvesting business to keep his family afloat.",One girl. Endless returns.,2026-03-20,/bqjh11cMgK27tqp2CQJIOvMRkrf.jpg,0.5142,0,0,0,0,12,Released,False,/itHJh8Eyh4xU21T6i1fFr8ZYxbP.jpg,"Horror, Comedy",,
1534873,tt38017547,L'Ouverture,L'Ouverture,en,"When a little girl's puppet theater comes to life, she becomes victim to her own imagination.","When imagination festers, it feasts",2026-03-28,/qs1FbzPc4KqWPVNs3FFDw96iIgT.jpg,1.0803,0,0,0,0,9,Released,False,/r4FHtGYE8prXjPz1oXsSqYNr5b1.jpg,"Horror, Fantasy",,
1535429,tt34791027,Paranormal Investigations,Paranormal Investigations,en,"This spine-chilling film follows the crew of a popular Ghost Hunting TV show as they explore the notorious Hennesy House, only to encounter unspeakable horrors.",The footage they never wanted you to see.,2026-02-27,/hNVDrsPwbwk0XR5khmu5yLZHxF2.jpg,1.7816,0,0,0,0,76,Released,False,/iAacgQSE0vpkTWuYZEeY0cfSRGl.jpg,"Horror, Comedy",,
1536756,tt30342167,Blood & Rust,Blood & Rust,en,"In the fading rustbelt town of Redpatch, Ohio, nights feel longer, shadows heavier, and strangers never arrive without reason. After losing his father to a strange animal attack, burned-out diner manager Lamont Guest crosses paths with a mysterious drifter - the road-weary vampire slayer Belko - and soon finds himself drawn into battle against the ancient evil that's bleeding his hometown dry.",Ancient evil has a new home.,2026-05-08,/hg7DClp5yenC5IbJ04sl8Mn2b32.jpg,2.0845,0,0,0,0,96,Released,False,/s5RjDjlG0COGVZRhb9vRxOwbKY2.jpg,"Horror, Action",,
1537268,tt36692854,Black Goat,Black Goat,en,"In the mysterious town of Blackwood Falls, a young environmental engineer investigates a plague affecting local livestock. He uncovers horrifying secrets tied to cult sacrifices and a demonic entity, known as The Black Goat of the Woods.",Blackwood Falls... A nice place to live... But you wouldn't want to die there.,2026-02-20,/n2bK7A2X6FvzgBooZ7ykiY6QbY7.jpg,1.067,1,10.0,0,0,97,Released,False,/AvFezwOhtL2zx7lPbyrJoQYARvr.jpg,Horror,,
1537576,,OLYMPIC,OLYMPIC,en,A boy living in midcentury America is forced to reckon with his way of living through encounters with a cosmic voice.,,2026-01-17,/atBrFLUJMRiletEADXp4ab3oKOf.jpg,0.0168,0,0,2500,0,32,Released,False,,"Drama, History, Horror",,
1537617,tt38359641,"Frankie, Maniac Woman","Frankie, Maniac Woman",en,"Battling against the legacy of childhood trauma, internalised misogyny, and the image-obsessed fat shaming of the LA music business, aspiring singer-songwriter Frankie Ramirez finally snaps, with bloody results.","""Beauty is only skin deep, she wants to see what's inside!""",2026-04-24,/6EgLObKSdWIWZGRVVTsf4VNzoBc.jpg,2.1446,0,0,0,0,95,Released,False,/993lFPNoDL9GM42uYsE9CjZxTTQ.jpg,"Horror, Comedy",,
1537673,,Eve,Eve,en,"While visiting her father's apartment, a woman discovers that the man who raised her might be something less than human.",,2026-07-04,/c11oAIi8qReZIgBN7gIbK5KvXTb.jpg,1.0986,0,0,500,0,15,Released,False,/h4joiL2rB1mgY7NA3OKHB2u4ARt.jpg,"Drama, Mystery, Horror, Science Fiction",,
1537810,tt27331511,Rough Cut,Rough Cut,en,"On Halloween night, an isolated video editor/streamer is hired to cut together a horror movie made by a masked killer, only to discover that the cinematic 'scenes' are real.",,2026-04-11,/stAC7dOSomuFQPzDoOeP5x1GhiV.jpg,1.1122,0,0,0,0,0,Released,False,,Horror,,
1538109,,Florence Likes To Die,Florence Likes To Die,en,"It’s a sleepover like any other when Florence asks her best friend, Ruby, to perform a eulogy in her honour. What starts off as harmless play-pretend soon morphs into a realisation of Florence’s twisted fetishisation of death. Throughout staged memorials, grieving speeches, and crime scene replications, Ruby’s suppressed desires for Florence begin to crystallise as Florence continues to fall deeper and deeper into her manic obsession.","When Florence begins to develop morbid fantasies about her own death, she drags her best friend, Ruby, into a series of macabre roleplaying games that bring to light unfulfillable yearnings.",2026-05-10,/ar0m7nsmxvbzjtQJB7QWZlwSQIb.jpg,0.2579,0,0,0,0,0,Released,False,,"Drama, Horror",,
1538581,tt27011892,Demonetize,Demonetize,en,Out-of-work television ghost hunters discover the key to getting their jobs back - and proving ghosts are real - is by working with the last group of people anyone would expect: Social Media Stars.,,2026-04-12,/q7fwf5iEmTGBDbl7LAcss50tRFG.jpg,0.2117,0,0,0,0,90,Released,False,,"Horror, Comedy",,
1539020,,Nail-Biter,Nail-Biter,en,"On the eve of her eighteenth birthday, anxious nail-biter Amy Heller confronts her overbearing mother about their so-called family curse, a finger-devouring creature that preys on those who bite their nails, just as the monster arrives to claim her as its next victim.  A gothic horror short and proof-of-concept for a feature film.",,2026-04-10,/zehhLy6zrc8djdbzZgkcUOHcs48.jpg,0.1448,0,0,0,0,17,Released,False,,"Horror, Drama",,
1539177,tt38908942,Magenta House,Magenta House,en,"Many would tell you that Magenta House is the pinnacle of progression: wonder drug medications, humane living conditions and frequent, compassionate therapy sessions... but something darker exists beneath the surface. When five patients escape from the experimental health facility, all will take wildly different approaches to their brief reintroduction to society. But one thing is for certain - The cats out the bag now, and nothing will ever be the same...",,2026-06-05,/xuYtT8gaZQnbUJ1uk3uWOUoy8BH.jpg,0.2089,0,0,702,0,41,Released,False,/bImnGjG8RFVMYIcpuIQBjfq7vjb.jpg,Horror,,
1539645,,Earworm,Earworm,en,A directionless young person seeks a remedy for the music that plays relentlessly in his head.,Deep inside of your head a noise rings loud. It siphons. It feeds. It lives.,2026-02-02,/nLMoMiUVa85O2BIU03JEo5xar2U.jpg,2.1503,0,0,0,0,17,Released,False,,Horror,,
1542307,tt37831499,Midnight 3,Midnight 3,en,"On October 24th, 2024, Three student filmmakers set off to make a documentary about the many disappearances in the area since the 1980s. They never were seen again. This is their footage.",,2026-05-06,/bwnbC9cQnFu0xpyf3T5fZpAjtVL.jpg,1.482,0,0,0,0,70,Released,False,/irV33RhTIA0fyvx6oSmgfySLEq7.jpg,Horror,1542310,Midnight Collection
1542470,tt36753601,The Deep Vessel,The Deep Vessel,en,"When a folk band struggles completing their sophomore album, they summon a Norse god to help them finish it.",,2026-06-19,/eXAwXCifDRjiNw98Breefb0mJBV.jpg,0.5067,0,0,0,0,19,Released,False,,"Horror, Comedy",,
1544948,tt36465142,Holy Father,Holy Father,en,A horror thriller from the makers of 'Holy Ghost',,2026-08-01,/4l7p9cEGwv1o4QW33AfxUGBj3RT.jpg,1.6319,0,0,0,0,0,In Production,False,,Horror,,
1545251,tt22816158,It Will Find You,It Will Find You,en,"When Emily moves out of home, she unwittingly reactivates a generational curse that has laid dormant for 25 years. Dismissed as crazy by all those around her, she must reconnect with her ancestry to defeat the vengeful “giniirr” before it takes her life,as payment for her ancestors’ sins. Bringing a new First Nations spin to the horror genre, IT WILL FIND YOU brings a fresh take to a tried-and-true supernatural horror.",,2026-02-19,/3Hn2RAbU9lGdtooayLDpo6iZCQv.jpg,1.0329,0,0,0,0,98,Released,False,/cBH40OOgXg4I2eglSadw2dJOuwu.jpg,Horror,,
1545812,,Watergate,Watergate,en,A sequel to Rupert v Nixon and the end for the RNCU,You are no legend here,2026-10-31,/75jfAB0aHjVvFtNPVhIOYRlINi1.jpg,0.573,0,0,0,0,90,In Production,False,,"Horror, Action, Adventure, Drama, Thriller",,
1545855,,AUFTRAG,AUFTRAG,en,"A scarred survivor struggles between choices that blur dream and reality, each step pulling him deeper into his own downfall.",,2026-09-12,,0.0454,0,0,0,0,20,Post Production,False,,"Horror, Drama, Fantasy",,
1546530,tt37070274,Cat Cam,Cat Cam,en,"When two cat owners decide to put up pet cameras in their new home while they’re away on a trip, they soon make a terrifying discovery as to why their cat has been acting so strange.",When the Owner's Away the Ghost Will Play,2026-04-13,/xq35gT1mjqbaM9admu1AHDa7nvg.jpg,1.0362,0,0,10000,0,95,Released,False,/xC9e6wn2UDP1O855wUvWRVPQ9TJ.jpg,Horror,,
1546947,tt37380588,Mary Kwon Mary Kwon,Mary Kwon Mary Kwon,en,"A poet travels to her childhood home in the woods, hoping to uncover the cause of her mother's disappearance in the same house. Two visitors unexpectedly drop by.",What's your name? How do you say it?,2026-08-07,/f1wxOW0PwuyoUHijQWNj74PX7T9.jpg,0.6725,0,0,0,0,96,In Production,False,,"Horror, Thriller",,
1547159,tt37508731,Helene,Helene,en,"Years after surviving a traumatic assault, a sexually repressed woman's attempt at intimacy with her boyfriend triggers a grotesque transformation.",Too feed is a perverse ritual,2026-05-28,/nVk4JU4h0i5SDspuP9A9iOBO24L.jpg,1.263,0,0,10000,0,22,Released,False,/z6jG7OrlLR1iMA5iGQlr8XBqKBy.jpg,Horror,,
1548155,tt30780871,Mamochka,Mamochka,en,"An heirloom doll made in a Nazi factory during World War II brings its dark past into the present, terrorizing a quiet suburban family.","Haunted by history, possessed by evil.",2026-01-08,/yjX4j4kGkkxpr56Q2cBlPqt0WhR.jpg,0.8207,1,10.0,0,0,96,Released,False,/cKCaKebdNipXRBOaqSjLXapjDgm.jpg,"Horror, Thriller",,
1548300,tt34901117,Devil's Game,Devil's Game,en,"When Michael's fiancée uses a Ouija board to manipulate his grief and create terrifying events, he must uncover her web of lies and deceit before her sinister game drives him to madness.",,2026-05-09,/vVPHSJ5hp8Qot6d5BGGrGdJBeuH.jpg,1.2152,0,0,0,0,90,Released,False,/8gbPW4NcfrSkyi41QLDhpzCPbjo.jpg,"Horror, Thriller",,
1548488,,Deadline,Deadline,en,"Vel, a student filmmaker, races against time to meet five deadlines within a week. He grapples with sleep deprivation, traffic jams during commutes, and haunting mistakes from the past while coping with the hustle and bustle of his student life.",It Never Ends,2026-01-10,/h8rZrQqXIFVsajJhZtYL1Sjb8z9.jpg,0.8549,0,0,100,0,9,Released,False,/7sT2sebRMpD8w29YDjAm6MFxO9p.jpg,"Drama, Horror",,
1550319,tt30037228,The Weeb,The Weeb,en,"Dylan's life takes a dark turn when his well-meaning friend Shawn attempts to break his obsessive anime-watching habits. However, the intervention triggers a devastating mental break in Dylan, compelling him to embark on a surreal journey to make Shawn his real-life anime waifu.",Who's the Weeb now?,2026-02-04,,0.1442,0,0,0,0,0,Released,False,,"Horror, Thriller",,
1551021,tt38454606,Hellboy: Devastation,Hellboy: Devastation,en,B.P.R.D. sends Hellboy on a mission to save a woman kidnapped by Beleth and his legions of demons.,Darkness comes in many forms and faces...,2026-04-17,/5oObAT63v5ZNM3IxTwPhbKN92sp.jpg,1.2012,0,0,100000,0,0,Released,False,,"Action, Horror, Mystery",,
1552241,tt8163994,Axeman at Cutter's Creek 3: Absolution,Axeman at Cutter's Creek 3: Absolution,en,"Haunted and trapped in a sun-drenched nightmare, Bill must unravel the origins of his torment-and fight his urges-to save his mother and brother from eternal damnation, as guilt and addiction threaten to consume what remains of his soul.",,2026-02-06,/vDihZh0YSydwvnofb4lmNFz33Uw.jpg,0.9653,0,0,0,0,0,Released,False,,Horror,978810,Axeman Collection
1553758,,Song of the Slaughterhouse,Song of the Slaughterhouse,en,"Jimmy, a disillusioned young man working in a slaughterhouse soon discovers the blood, the mechanized violence, and the monotony of his job begin to consume him, staining not only his hands but also his soul.",,2026-03-01,/fbZWSrb0FJX9zpKfP09cj3J5oK7.jpg,0.801,0,0,250,0,8,Released,False,,"Drama, Horror",,
1556157,,howtobakeacake,howtobakeacake,en,"What appears to be a classic housewife's attempt to bake a cake quickly transforms into a waking nightmare, revealing a deep conflict between her individuality and the world she inhabits.",THE WHOLE UNIVERSE IN A CAKE,2026-01-01,/qz9MQfGGMBcxzlsyDV7Bvoo3Ydz.jpg,2.8665,0,0,0,0,7,Released,False,/yq0tqP6QPj1oROWTHHoDcxTUdbl.jpg,Horror,,
1557155,,Frayed Flags,Frayed Flags,en,A short drama horror film.,,2026-04-21,,0.3666,0,0,0,0,14,Released,False,,"Drama, Horror",,
1557350,,God's Glove,God's Glove,en,A city-weary biology teacher sets out to reconnect with nature... and gets exactly what he wants.,"𝘊𝘢𝘦𝘳𝘶𝘭𝘦𝘶𝘴 𝘪𝘯𝘧𝘪𝘯𝘪𝘵𝘶𝘮 - Fruiting bodies tall and strong with a rough hymenium, base produces a thick coating of slime. Exceedingly rare. Edibility unknown.",2026-01-23,/6aaROVTRHf4BwTlGqMu4YhErN4.jpg,0.2858,0,0,0,0,38,Released,False,/oMc7HeE9B7MA2LZXae12jnNcSbc.jpg,Horror,,
1558044,,Clown Song,Clown Song,en,"""Cuz I’m a famous freakin’ clown, and I do just what I please.""",,2026-04-11,/7lMnJn3GIAxs9IKe8Ra8pCdxZ2S.jpg,0.5493,0,0,0,0,7,Released,False,,Horror,,
1558378,tt37319191,Rock Paper Scissors Death,Rock Paper Scissors Death,en,"A man stuck in a deadly Rock Paper Scissors game wants to lose and escape. But with a hidden psychopath controlling the game, can he outsmart them or is he trapped forever?",,2026-05-22,,0.4104,0,0,0,0,4,Released,False,,"Horror, Comedy",,
1559512,tt35635422,The Killing Cell,The Killing Cell,en,"In the summer of 2006, five teenagers break into an abandoned prison that is supposedly haunted, only to discover that what inhabits the place is much more dangerous than the paranormal.",No one sees this place and lives,2026-03-27,/rIAniuJ9jTHwRBgftB5ec35X5rw.jpg,1.0043,0,0,0,0,89,Released,False,,Horror,,
1559586,tt37989044,Snake Manor,Snake Manor,en,"An exotic man-eating snake is unleashed when a break-in goes awry, trapping both the intruders and an affluent (yet dysfunctional) family in their high-security mansion.",,2026-01-08,/ytHU4fbS45PZfiZFnZXJrinTk6u.jpg,0.0978,0,0,0,0,0,Released,False,/sWNJPwqDGv44tkAQRkgOeAVdacB.jpg,Horror,,
1559628,tt38553246,Anaconda: Blood Coil,Anaconda: Blood Coil,en,A group of friends are terrorized by an anaconda during their vacation.,,2026-01-09,/lJAjChZd0fRrfCXrBnTRQdjZmnC.jpg,1.342,2,5.5,0,0,71,Released,False,/nNNoXyWS3zdGHlFKJZCW569r2Wp.jpg,Horror,,
1559632,tt38589710,Bride of Frankenstein Awakens,Bride of Frankenstein Awakens,en,"In a quiet British seaside town, Santana, a troubled young woman desperate to escape her suffocating family, runs away with her volatile boyfriend Frank. The pair marry in a rundown coastal venue, hoping for a fresh start — but their new life is shattered when a mysterious car rams into them on a rural night road, killing Santana instantly and leaving Frank consumed by grief and obsession. Refusing to accept her death, Frank traps his former medical professor, Dr. Pret — a man secretly infatuated with Santana — and forces him to help reanimate her using a stolen voodoo ritual. As Frank’s desperation deepens, he manipulates and blackmails Pret into harvesting “perfect” body parts from Santana’s own family, driving both men further into depravity.",,2026-02-25,/3OhXjilaXq0Sae6Poi6ctJojvOL.jpg,1.5626,1,5.0,0,0,107,Released,False,,Horror,,
1559637,tt37750825,Dracula in Space,Dracula in Space,en,"When the deep‑space vessel Orpheus discovers a centuries‑old derelict drifting at the edge of a black hole, the crew retrieves a sealed sarcophagus from its ruins. Soon after, crew members begin to disappear. Something ancient has awakened in the void - Dracula himself, exiled to the stars and hungry after centuries of confinement.",He Can Hear You Scream...,2026-02-21,/kzrUJIQgc8EgkYdnHsZXeaWT2C6.jpg,1.4282,3,3.333,0,0,81,Released,False,/aVYdvPSNIxQOtFK5ynd0Mn359jd.jpg,"Horror, Science Fiction",,
1559805,tt38219684,The Philip Experiment,The Philip Experiment,en,"Inspired by an experiment from 1972, a team of paranormal researchers led by an unscrupulous documentary filmmaker try to summon the ghost of a fictional character.",,2026-03-07,/nuxNukowJEFHFOBtJIiRxugsBiG.jpg,0.5015,0,0,0,0,69,Released,False,,"Horror, Documentary",,
1560425,tt38633216,In the Palm of Her Hand,In the Palm of Her Hand,en,"Three girls travel to a remote cabin for a weekend getaway, only to accidentally awaken the monster buried out back.",,2026-07-11,/aCVjMAm0KxOXpQ5zwr59oFtiGMQ.jpg,0.1252,0,0,6000,0,7,Released,False,/ljWLYnzRBO7bUNw7NwnOFPDViML.jpg,"Horror, Comedy",,
1560599,tt40449082,Vestige,Vestige,en,"When a hooded figure steps into an abandoned house deep in the woods, flickering lights awaken memories of the family who once called it home.",Step into the past...,2026-04-01,/i91M2q8hKvEfoPlXUmWx5cfywni.jpg,1.8181,2,10.0,6000,0,27,Released,False,/zADDZomtc1IdBrHC2C737jQGPv2.jpg,"Fantasy, Drama, Horror",,
1561327,tt38503893,METANOIA,METANOIA,en,"Drawn through dreamlike rituals and surreal spaces, a man follows a magnetic force that pulls at his fear, longing and shame – until he begins to realize that what he desires may not be dangerous, but deeply true.",,2026-03-21,/sXjXpy5nZFPaIyzhDdA1HRgzuZW.jpg,1.3274,0,0,0,0,5,Released,False,,Horror,,
1563886,tt38520794,Zebra Hooves,Zebra Hooves,en,"A hypochondriac heads to the Wisconsin Dells to get out of his head and relax. He's instructed by his doctor to record video diaries of his anxiety symptoms, but soon finds something sinister in the Midwestern air -- his own demons and a bad time.",,2026-03-28,/cxVZtQAl6XmTxeDGcNmZWqlj7d.jpg,1.3266,0,0,1,0,65,Released,False,,"Horror, Drama, Thriller",,
1564449,tt30807329,Beneath the Light,Beneath the Light,en,A man with a haunted past takes a job repairing an abandoned lighthouse that's only reachable by boat. His feelings of isolation and uneasiness grow as he starts to see the strange apparition of a young girl that he somehow recognizes.,,2026-01-01,/asqClWSo9J9h9q9u5aEFxoKj454.jpg,0.8116,7,6.071,0,0,94,Released,False,/w2ADdZiVK9DK4IWgnZOP2hHkMrI.jpg,"Horror, Thriller",,
1564494,tt32309072,Harbinger,Harbinger,en,"Julia, sole survivor of late serial killer Decker, is lured back to the house she shared with him for a ghost hunting TV show. The crew discover the 'Harbinger' - a fairground fortune telling machine that reveals their fates one by one.",Death is on the cards.,2026-08-07,/3CLVK1pr8QYz8Y9QY5xcvfYTAnS.jpg,2.0439,0,0,0,0,0,Post Production,False,/wTTKepitBoe4JFTM1h15qWBsXnm.jpg,Horror,,
1564614,tt39143902,Leviticus,Leviticus,en,Two teenage boys must escape a violent entity that takes the form of the person they desire most — each other.,It will never stop.,2026-06-17,/cu0XnXLzJGPeI0msCoJKgnEecKz.jpg,11.9204,35,6.7,3500000,8425323,88,Released,False,/7y8zWGEjs7tresw4Hzkkf4TdkcL.jpg,"Horror, Romance",,
1565413,tt32358871,Armageddon Road,Armageddon Road,en,"A hopeless romantic with big dreams, Steve is an ex-con hired to chauffeur a mob boss' girlfriend for a night. He's blissfully unaware that his passenger has died and is now possessed by one of the Four Horsemen of the Apocalypse.",,2026-04-16,/kW4xPFmtP0m2AFwgcOdClxyQork.jpg,0.3626,0,0,0,0,85,Released,False,,"Adventure, Comedy, Fantasy, Horror, Crime",,
1565990,tt38630600,Mountain King,Mountain King,en,"When Hannah travels to Sweden to surprise her boyfriend and meet his parents, she begins to suspect that his family is hiding a monstrous secret.",Become part of the family,2026-05-09,/d3A6aks2lfK14L5EANHo47TeM8M.jpg,3.2552,1,10.0,125000,0,94,Released,False,/mBHextKwp1I9Wn0DjuBDMfeCFQE.jpg,"Horror, Comedy, Fantasy",,
1566001,tt32603092,VHS Summer Camp,VHS Summer Camp,en,"An independent and original 80s style love letter to the summer camp slashers of the past. When a group of teens are hired to clean up an old summer camp, they soon discover a mysterious VHS tape that reveals glimpses of the future and begin to uncover a dark secret tied to the camps past.",Don’t Hit Rewind,2026-01-22,/vsE3W0laXEEGf5509rnqAAVsO2C.jpg,0.851,4,4.2,0,0,72,Released,False,,"Horror, Thriller",,
1566567,tt43438386,CarousHELL 4,CarousHELL 4,en,"In the fourth part of the CarousHELL saga, Duke tries to help Robbie understand growing up isn't scary. On a father/son vacation to a cabin in the woods, Robbie finds the Nekkomeownicon and tries to speak to his late mother. But these words are instead heard by The Leviathan and its demon horde.",It has all led to this.,2026-06-09,/9tQXLwB4fE2wWfI9ylAHP7EoDJO.jpg,1.2283,1,10.0,0,0,66,Released,False,/t9RfrSnwSYAQVFNRrlVYW3LF2nd.jpg,"Comedy, Horror",872991,CarousHELL Collection
1566742,,Dreamcrasher,Dreamcrasher,en,"When a sleep paralysis demon begins terrorising Norman's nights and sabotaging his waking life, he is forced to confront his haunting past and the darker corners of his mind to piece his life back together...",Sleep Tight,2026-03-11,/inAW5P3A2KssNDeNHv8blrplfVB.jpg,1.8869,0,0,0,0,13,Released,False,/i32uCghUBkBPSq3sU9VClQwcCjP.jpg,"Horror, Drama",,
1566850,tt33369113,Evil in the House,Evil in the House,en,"Beth cares for a reclusive elderly man in a secluded house. As eerie whispers and shadows grow more intense.  Soon, Beth realizes she may never escape its sinister grip.",,2026-03-01,/1HOHgIB0oU97pPasel6mJVnQCoz.jpg,0.742,0,0,0,0,10,Released,False,,Horror,,
1567299,tt37540632,The Punishment Tapes,The Punishment Tapes,en,"Julia, a renowned crime journalist celebrated for exposing and bringing down the notorious serial killer Gianni Lenzi, finds herself drawn into a darker chapter when she receives a mysterious package-a collection of disturbing snuff films. The sender: Milian, an infamous underground filmmaker known for his grotesque and brutal work. Invited to his secluded home for an exclusive interview, Julia agrees, driven by curiosity and the promise of another explosive story. But as the camera rolls and the truth begins to unravel, Julia discovers that Milian's latest production may be more personal-and more dangerous-than she ever imagined.",How Desensitized Are You?,2026-06-26,/2cCuFtMTAIz861iDUDJcFSDvRxn.jpg,0.6776,0,0,1200,0,42,Post Production,False,/moIT94PKyO2ksm0At3dGkIyYgus.jpg,"Thriller, Crime, Horror, Drama",,
1568210,,What Remains,What Remains,en,A couple in the late stages of pregnancy come face to face with a physical manifestation of their grief.,,2026-06-05,/zibk3vcd78ABJEFaxkEjpWOf6nj.jpg,1.6274,0,0,0,0,8,Released,False,,Horror,,
1568454,,Alien Lasagna,Alien Lasagna,en,"FRIENDS. PITTED AGAINST EACHOTHER. HOW WILL THE DINNER END? WHO HAS BEEN THE DECEIVER AND WHO HAS BEEN DECEIVED?  “GUT-WRENCHING, RIGOROUS, AND MOVING” - Stunningly Gory, 2025  “Almost disgustingly Gen-Z. Please watch” - millennials",,2026-01-31,/pBAovncaVDJQuKo1X1tF5dSvC2V.jpg,0.1188,0,0,0,0,15,Released,False,,Horror,,
1568649,,The Cult of Cage,The Cult of Cage,en,After the events of Rupert v Nixon the Cult of Cage begins the new leader ritual,Never may we die,2026-01-01,/dnHjE140H7wxsBwIMbiPXOMNgES.jpg,0.172,0,0,30,0,15,Released,False,,"Horror, Thriller",,
1568997,tt38938078,Red Velvet,Red Velvet,en,"At the surreal Vesta Awards, a ceremony dedicated to honoring the worst tragedies of romance, a sharp-tongued host guides the audience through four stories about the darker side of love: obsessions that spiral out of control, unrequited devotion, a strange emotional “infection,” and a costume party where death itself seems to be a guest. As the ceremony unfolds, the spectacle of the show begins to blur with the tragedies it presents, revealing that in love everyone is performing… even when the ending has already been written.",Many Genres. Four Stories. One Single Cake...,2026-01-01,/gdLMzVnC7qTFGVQKKcFltDFduxn.jpg,0.1039,1,8.0,0,0,36,Released,False,/kfvL9mlXejSFEvlHQ0rq34jNXTL.jpg,"Romance, Horror, Comedy",,
1570651,,House Party,House Party,en,"3 friends arrive at another friend's house to watch a movie, but things quickly go wrong.",You're Invited,2026-07-14,/rDmdMkXi815RPsiJ7Xxsw8cW33X.jpg,0.0256,0,0,1050,0,0,Released,False,,"Comedy, Horror",,
1571243,,Immortal She,Immortal She,en,A strange woman attempts an extremely unorthodox escape method during a home intrusion.,,2026-03-05,/lXA4oaeLREJo7d55v9Z2f0FxNY2.jpg,0.8896,0,0,0,0,13,Released,False,,Horror,,
1571460,,INFORMED ENGAGED,INFORMED ENGAGED,en,You are born — without warning — into a strange area full of distant screaming.,Created. Built.,2026-03-01,/zgMOh5EmLgTRnWR4EQdUb5LiNHh.jpg,1.1381,0,0,0,0,13,Released,False,/5SfaEAoDuJXq8hBRxvWA3pW20om.jpg,"Horror, Science Fiction",,
1571701,,The Dead Keep Dying,The Dead Keep Dying,en,"A drifter plagued with fatal premonitions gets pulled into a world of violence, incest and intrigue after befriending a down-on-his-luck taxi driver.",HAVE YOU EVER HEARD OF BASHERT?,2026-03-31,/dUkbHSfQRxAhYWx8iRthsfqxbuJ.jpg,0.9236,0,0,3000,0,0,Released,False,,"Drama, Horror, Comedy",,
1571900,tt33297308,Dead Eyes,Dead Eyes,en,"After the death of his sister, Sean and his friends venture into a remote forest to search for his missing father, only to uncover his dark secrets, where grief has become a bridge between the living and the dead.",A first person nightmare...,2026-02-10,/o7MYJveV146pg2HQbQuv2LFK09y.jpg,4.6162,0,0,0,0,81,Released,False,/tjnEZJUVP9aiDzANC3ZTUM2jCiD.jpg,Horror,,
1572064,tt37750852,Krampus in Space,Krampus in Space,en,"A salvage crew finds a relic box on an abandoned ship. Opening it unleashes Krampus, an ancient predator now stalking their vessel. With the creature picking them off, the crew races to decode the relic's origins before their mission-and their lives-are swallowed by the darkness they unleashed.",,2026-04-20,/oxPWjITBonnugLQxH5zLsAOJjiF.jpg,0.7646,0,0,0,0,76,Released,False,/qzex6oGRtnF4IvXu9Tm5uamE75Y.jpg,Horror,,
1572065,tt37455562,Mermaid Vs. Shark,Mermaid Vs. Shark,en,A shark attack survivor transforms into a shark-human hybrid each full moon. He battles flesh-eating mermaids for beach territory while one mermaid and the were-shark develop feelings,,2026-05-01,/mwiVRn4BqzohABVAH4M8s6GNkPB.jpg,0.6806,0,0,0,0,0,Released,False,,Horror,,
1572073,tt37455571,The Deadly Little Mermaid,The Deadly Little Mermaid,en,"Some secrets are better left at the bottom of the ocean. Once she's in your house, there is no escape. When a struggling artist pulls a beautiful, unconscious woman from the freezing coastal waters, he thinks he’s performed a miracle. But as she recovers within the walls of his secluded home, a series of unsettling events leads him to a terrifying realization: her presence is no coincidence. She is inextricably linked to the same watery grave that claimed his family years ago.",,2026-03-06,/uye25uG7k8r3NNPLyPiKOiRnFRF.jpg,4.8172,26,4.865,0,0,80,Released,False,/yzIjyPtwvyjHelxqIRXGpiaucPG.jpg,Horror,,
1572077,tt38038820,Wizard of Death: Tinman's Rise,Wizard of Death: Tinman's Rise,en,"A family outing spirals into a fight for survival against the Tin Man, a heart-hungry machine risen from the ruins of Oz.",Have A Heart? He's Got A Heart Condition,2026-04-20,/1ZvkQTnzDjjt2Zi82LgAMmxrZKJ.jpg,0.2021,1,4.0,0,0,73,Released,False,/tylQE3g72DUFvJbSurzloYI6DQl.jpg,Horror,,
1572353,,Forever Night,Forever Night,en,Leonard's quiet and lonely night on the sofa takes an unexpected turn - and lasts forever.,,2026-01-17,,0.8411,0,0,0,0,7,Released,False,,Horror,,
1573054,tt38492840,Play House,Play House,en,"While renovating a dilapidated house to win back his ex, a young man discovers VHS tapes of an unaired TV show in the basement. But as the show’s dark history surfaces, it seeps into his life, threatening his last chance at reconciliation.",Welcome home.,2026-09-18,/thxhTSzqL083OChrjniEaaISkTy.jpg,2.1202,0,0,100000,0,0,Post Production,False,/gNrbnwQI6GvUkKHpMgw8LLrcdrF.jpg,Horror,,
1573153,,Fall Dies,Fall Dies,en,"In the second installment of Sennott’s yearly releases of the Inflatable Christmas Slasher series, a mayoral candidate stuck in a media dilemma and a homeless rapper somehow entwined with him must stop the evil that is The Bean, the player character from Fall Guys, before Christmas Day in this absurd parody slasher.",EVERYBODY FALLS. EVERYBODY DIES.,2026-03-15,/6m3Js7v8eHjs1tKiRq3lVHunH3H.jpg,0.9688,0,0,1000,0,52,Released,False,/pNWjBQvZBkzEBAvxpn5sQokhcRl.jpg,"Comedy, Horror, Mystery",,
1573673,,It's Time to Grow Up,It's Time to Grow Up,en,"In a secluded castle, Margaret, a highly sensitive young girl, lives peacefully with her mother, Helen. On the evening of her twentieth birthday, Helen invites Margaret's grandmother, Agatha, for dinner. As the sun sets and the young girl lies on a tablecloth in the garden, a phrase written in an open notebook beside her, once whispered by her grandmother, suddenly catches her attention: ""It's Time to Grow Up"".",,2026-05-12,/d88orbOuRt4SVsikkFZTOjxKKuf.jpg,0.7229,0,0,10000,0,19,Released,False,/z2oekww4JR4HFQeRMD69svUbh5P.jpg,"Horror, Fantasy",,
1573757,tt34388830,The Latcher,The Latcher,en,"An overworked midwife, hollowed by an unspoken personal tragedy, is haunted by waking nightmares of an eerie presence that creeps from the shadowy bushland into the home where she lost everything.",The only way out is in,2026-08-08,/lJZNPGtVW3uvcs9nxHJgixZi18V.jpg,2.4486,0,0,0,0,80,In Production,False,,Horror,,
1573785,tt37716872,Turncoat,Turncoat,en,"A psychotic mastermind holds a group of interconnected strangers captive in a manipulative game with deadly consequences. Young and old, sinners and saints — everyone's guilty of something, but no one wants to pay the price.",,2026-06-05,/oCtcczrYftV5OCb5DDHZ6N2hkcZ.jpg,2.7387,0,0,0,0,0,Released,False,,"Horror, Thriller",,
1574121,,I Was A Teenage Gargoyle,I Was A Teenage Gargoyle,en,Doyle the gargoyle recently found out his mom died. He doesn't know who his father is. He has reasons to believe his mom slept with a statue gargoyle and that's how he was made. Is he half Gargoyle or full Doyle? On his quest for self identity he runs into a cult leader. The cult leader is in charge of some sort of Spider Cult. LET THE SPIDERS CRAWL IN YOUR MOUTH.,Doyle The Gargoyle,2026-01-26,/4B9aWm8GIKPKMcZTBGevxtmV2JX.jpg,0.7904,0,0,1,2,0,Released,False,,"Horror, Comedy",,
1575013,,Black Hollow,Black Hollow,en,"Set in the rural Midwest during the 1970s, Black Hollow follows Jessica, an innocent young girl sheltered by small-town faith and her worldly friend Helen, whose rebellious streak leads them both into danger. When the two sneak out one foggy night, they wander to a forgotten churchyard, an isolated place where sacred ground conceals something unholy. As darkness descends, Jessica's search for belonging turns to horror, forcing her to confront the evil that thrives beneath the surface of the American heartland.",Small town's keep big secrets.,2026-10-31,/6OrVFi90eMtnardezRuzjZnNGCz.jpg,0.2908,0,0,7000,0,10,Post Production,False,/oCXTaXJG7sCVhCVBmTaYMKIFE2o.jpg,Horror,,
1575309,tt30141960,THREE COOL PEOPLE 5,THREE COOL PEOPLE 5,en,A group of friends face psychological torment after one friend moves into the famous 88 Humberside Close. Strange encounters make them believe the haunting legend of the Goofy Gieber has returned.,It All Starts With a Letter.,2026-03-06,/qfcc4xyqAR46awbiyfwbGTLxtZ8.jpg,0.0143,0,0,60,0,0,Released,False,,"Horror, Comedy",,
1575534,tt11043508,The Observance,The Observance,en,"After five years in a coma following a fatal car accident, Madison Neubauer wakes to find her home and family in the grip of 'The Observance', a religious cult who will stop at nothing to protect their secrets.",We're Praying For You,2026-02-13,/tDC1KDiL7ih6lDTaZBKjOxQOhmo.jpg,2.1912,0,0,0,0,104,Released,False,,"Horror, Thriller, Mystery",,
1575539,,The Passenger,The Passenger,en,"After carrying out a murder, the killer hides the body in the back of his car. However, he is tormented by the sound of the victim's knocking, which grows louder and louder until his paranoia gets the better of him.",knock knock...,2026-04-01,/ye1AxDeh4trLtGhTh3zHyxSzNk9.jpg,0.3199,0,0,40,0,6,Released,False,,"Thriller, Horror, Drama",,
1575542,tt37897309,Analogies,Analogies,en,"A daring horror-anthology film built from seven segments, each by a different director, unified under the theme of taboo, the body and the repressed. The collection turns its gaze toward the most demonised and fetishised frontier of bodily representation — the anus — and uses this “hidden” territory to explore anxiety, identity, desire, repression and liberation. The stories vary in tone and style—some digital-age allegory, some dream-like psychological journeys, some extreme body-horror—but all form a choral fresco: each segment maintains its individual voice while entering into a dialogue with the others. The project positions itself not simply as provocation but as a political, aesthetic dissection of the obscene, asking where cinema’s boundaries lie, and what is suppressed, shown or revealed.",,2026-01-10,/yhg4qUxTmb0xLzM5r6ksUPnwnPW.jpg,1.5315,0,0,0,0,78,Released,False,,Horror,,
1575647,tt33009155,It Hunts,It Hunts,en,An aimless nightcrawler races to unravel the mystery of the supernatural entity hunting him.,,2026-07-18,/ksBwiW1FZbz1KXJR6f8ZgBdAaKi.jpg,4.5293,0,0,67000,0,98,Released,False,/xCYBhKkF8mkLEdm8FEiTWD6tYFy.jpg,"Horror, Mystery, Thriller",,
1575847,,Gossamer,Gossamer,en,"In a bid to revive her career, the vocalist for a progressive metal band turns to a cutting-edge biotech firm to restore her lost voice, beginning an irreversible transformation that culminates on the night of the band’s comeback show.",,2026-01-25,/czkkToljpNlaBGnokPjGQ9adFne.jpg,0.1957,0,0,0,0,13,Released,False,,"Horror, Science Fiction",,
1576386,tt34575860,Closing Shift,Closing Shift,en,"KC, a movie theater employee on the brink of quitting, works the closing shift with her manager, Reggie. When the night takes a sinister turn due to their customers, KC and Reggie must figure out how they will make it out alive and decide whether they still want to work at the movie theater.",Clock out alive...,2026-04-11,/7lIpgrUBR8I4Mk7XBVRzbyN4FXC.jpg,4.2947,0,0,15000,0,10,Released,False,,"Horror, Thriller, Comedy",,
1576546,tt27790748,The Girl Inside The Photograph,The Girl Inside The Photograph,en,"During an investigation into the disappearance of her cat, lonely teenage Freya Lundstrum begins to uncover the gruesome history of her house. Each new piece of information points to one conclusion -inhuman precedence lurking within the walls of 230 Briar Rd. realizing that she cannot defeat the enemy alone, Freya seeks the help of two former occupants. But time is running out for Freya to save herself and her mother from becoming the house's latest victims.",One House. One Family. Decades of Darkness waiting to Develop,2026-01-17,/w5aO9L51GCvy53DNVfvoJUeQega.jpg,0.7471,0,0,65000,0,108,Released,False,/c0p1be38IhwQR0Ml25l5NcXgrzB.jpg,"Horror, Science Fiction, Drama",,
1577040,tt33039609,Sawtooth Mountain,Sawtooth Mountain,en,Three college students get entangled in a horrifying ordeal after booking a Bigfoot-themed cabin run by two paranormal-obsessed brothers.,,2026-08-11,/b79h209IZ9gAouKRnXy968paXiP.jpg,0.3663,0,0,0,0,0,Post Production,False,/tIIOVuOe7eWj4gnzQBqPyc7zdYS.jpg,"Horror, Thriller",,
1577831,tt13353884,Cleaver 3: Maximum Cleavage,Cleaver 3: Maximum Cleavage,en,"Locked away in a maximum security prison, the infamous killer clown Mary Beth Layton, a.k.a. Lil Miss Cleaver, is about to make a prison break that no one will forget.",Send down the clowns!,2026-01-16,/5Opa4lSGGaVQMznSK3EUEMuWxKl.jpg,1.2718,0,0,9654,0,90,Released,False,,Horror,,
1579120,,She Won't Bite,She Won't Bite,en,"When she is bitten by a vampire, Gabriella resolves to put a stop to his wrongdoings.",Can she resist the ultimate temptation?,2026-05-22,/jrhWrEIZasxmD1thuxRo8NhFFBo.jpg,0.2408,0,0,150,0,13,Released,False,/9I1m2w9ehc3cZwQlaxE89BSr2rc.jpg,"Horror, Drama",,
1579156,tt38760159,Angel Lust,Angel Lust,en,"Executed for defying society in 1782, Ophelia Danube is offered a path through time to find her lover again - if malevolent forces don’t stop her first.",Love beyond death. Love beyond time. Love beyond reason.,2026-01-17,/9tylYxqymPmIpcYhQVUrHlhruLb.jpg,0.9827,0,0,21039,0,105,Released,False,,"Fantasy, Romance, Science Fiction, Horror, History",,
1579163,,Like The Rest,Like The Rest,en,"After discovering an online ritual, a young teen uses it to grant his wishes, only to realize he won't get things how he wants them.",,2026-05-26,/w3gNWE0ppqnt6Cx28xnXNL5YSvm.jpg,0.125,0,0,0,0,23,Released,False,/emfiTFHfDzkZwUGp6tYTddEVy13.jpg,"Horror, Thriller, Mystery",,
1579168,tt40521447,Our Effed Up World,Our Effed Up World,en,"Sheri thought her biggest problem in life was dealing with the recent loss of her beloved grandma.  But when a mysterious entity crash lands in the woods, only she and her group of shitkicker friends are what stands in the way of an insatiable, intergalactic hunger.",,2026-06-19,/xJ2JAEJR76oj2YmVJh2CMWrgYbS.jpg,0.4556,0,0,0,0,68,Released,False,/hYMVwlquxdKRdqW3YIyNobA6A1V.jpg,"Horror, Science Fiction",,
1579276,tt31839457,BROTHER,BROTHER,en,"After years of burying her past, Sam is forced to return to her empty childhood home after  learning of her brother Matthew’s mysterious death. Sam reunites with her supportive husband Brady, her estranged brother Nolan, and their half-sister Melody, each bringing their own baggage to a house steeped in painful memories. As they begin to unravel the truth, long-buried tensions resurface, and the past proves impossible to outrun.  But something else lurks in the shadows of the remote home...a  presence they can’t explain. Strange occurrences blur the line between reality and paranoia.","When their troubled brother’s car is found at the bottom of a lake, three siblings are forced back to their family home to bury the past, but their brother may have left behind more than memories…",2026-01-19,/tO0HMjSGt94rcnskUKlK8vaquVx.jpg,2.2214,2,10.0,0,0,92,Released,False,/8b2FYPWHfATRtPEfjoH0MN6MMvv.jpg,"Thriller, Drama, Horror",,
1579361,tt39379994,What Goes Round (Or Things That Go Bump In The Night),What Goes Round (Or Things That Go Bump In The Night),en,A woman wakes up on a London night bus and is provoked by a series of passengers; setting her on a bloody journey of self-discovery.,Sometimes all you need is a really good scream...,2026-03-07,/dwE6lzKILUmEynbh6oBVNoeGsUe.jpg,0.6626,1,4.0,0,0,15,Released,False,,"Drama, Horror",,
1579830,tt32729010,Welcome to the Game >ClintsChapter,Welcome to the Game >ClintsChapter,en,"After being blackmailed by two detectives, Clint Edwards is on the hunt for a missing woman with vital information. He searches the Dark Web for clues, but some unwanted guests come to visit-and they don't want to help.  Based Off The Hit Video Game Series by Reflect Studios",How Will You Survive?,2026-01-03,/1XZpcTEqQmdsXt0ysBKO91KZmh2.jpg,1.0566,0,0,3000,0,92,Released,False,/6ApXxjDO7Sh4GNz6QiNrk7y2sDB.jpg,"Thriller, Horror",,
1580490,,48 Hours,48 Hours,en,"When sophomore Tyler Cameron vanishes without a trace, his roommate Brandon James receives a chilling warning: he has 48 hours to find him… or to discover what’s left. Every hour brings new threats, new clues, and the terrifying realization that someone is watching Brandon’s every move.",Time does run out.,2026-03-20,/6oghuDlvc5fu0jcfsiCYIpY3rnU.jpg,0.8769,0,0,40,0,25,Released,False,,"Horror, Mystery, Comedy, Action",,
1580496,,House of Death,House of Death,en,"At night, a boy is terrorized by a dark latex figure.",,2026-08-09,/kmjTRrMKAi3xuVYHbB7QpPIFamQ.jpg,1.0322,0,0,1300,0,5,In Production,False,/HtOZ6Gr4wOHc1h6ig4EFh33BRh.jpg,"Horror, Animation",,
1580993,,Private Line,Private Line,en,"A woman receives a disturbing phone call, warning her of a strange encounter that will change her life forever. Her phone attempts to block the signal, causing it to suffer a miscarriage.",,2026-04-18,/q4yb168Hxb423RX7uHnn3VyFVfV.jpg,0.7941,0,0,0,0,10,Released,False,,Horror,,
1582943,tt34876472,The Family Business,The Family Business,en,"The Family Business is a Dark, Dramatic, Horror, Thriller where tensions rise among a twisted family of psychopaths who set out to create a very unique snuff film of epic proportions.",,2026-02-18,/lWVwxfExOheSNVIoJk51RgEyJVi.jpg,0.5536,0,0,0,0,0,Released,False,,Horror,,
1584239,,WE FOUND THE CHICAGO GORILLA!!! (GONE WRONG),WE FOUND THE CHICAGO GORILLA!!! (GONE WRONG),en,"Two film majors, determined to debunk the urban legend of the “Chicago Gorilla,” get more than they bargained for after their investigation unveils a much more sinister discovery.",No More Monkey Business...,2026-01-20,,0.6481,0,0,0,0,15,Released,False,,"Horror, Comedy",,
1584483,,The Producer,The Producer,en,"Tom, a young ambitious producer starts spiralling three years into his career when he begins hearing voices and seeing himself in ways that frighten him.",How far would you go for your career?,2026-06-25,/tgG822Bs6U4l7oUWw8vMUWP7Lal.jpg,0.6685,1,9.0,331,0,16,Released,False,/cA2vKlYwtWgO4880jS9FcTg3f50.jpg,"Drama, Thriller, Horror, Comedy",,
1584584,,Portal Ended Dreams,Portal Ended Dreams,en,A Lonely young man with depression is introduced to an experimental form of therapy.,How far will you go to cure yourself?,2026-03-29,/qWhLEwvXwJsaRzWSo6IHnvI9ITZ.jpg,0.1819,0,0,1700,0,14,Released,False,/AvNOGQRdjTlI1cjd3YLrXG8MVqz.jpg,"Horror, Drama",,
1587674,tt37968922,Rite To Exorcise,Rite To Exorcise,en,A bumbling Priest and his hapless Cameraman are thrust into the world of exorcisms in order to save the soul of a young Girl from an existentially conflicted Demon.,So a Demon and a Priest Walk into an Exorcism...,2026-03-01,/z9lYOwrvJORnMdz99F8MzOupSZP.jpg,0.2899,0,0,0,0,0,Released,False,/cRTf4mxz8UdDMqXGgFUDLuVcPNU.jpg,"Comedy, Horror",,
1588097,tt42882703,Where the Black Dog Runs,Where the Black Dog Runs,en,"As a rural village prepares for its final harvest festival as a luxury building development is greenlit, an ancient threat awakens and Julian must come face to face with a haunting piece of folklore.","Red sky in the morning, shepherd's warning.",2026-05-26,/4ZV4c4fw1wYyYk3C5Rfe5xrZK3N.jpg,1.7691,0,0,3000,0,11,Released,False,/dZUVNh2YOnGrgJRzeyxDaes0QBj.jpg,"Horror, Drama",,
1588101,tt39046127,Ted Bunny,Ted Bunny,en,"The illegitimate son of serial killer Ted Bundy, raised around rabbits and crazed, goes on a killing spree...",Evil breeds.,2026-02-13,/42AaFCFj9O8cTybOegrCBWH1bvA.jpg,3.7081,1,3.0,0,0,91,Released,False,/qzx4kMKg9QEobWrbsLhvtkOMHsV.jpg,Horror,,
1588256,tt31040012,Strawstalker,Strawstalker,en,"When a fame hungry couple moves into an ideal LA home, their new dream life spirals into a nightmare as a supernatural scarecrow begins stalking them - feeding on their lies, testing their truth, and turning their fandom into witnesses of its judgment.",The Untrue Shall Fall,2026-05-04,/uWes0cmK87BU7Aq5ui3NOgYPu1V.jpg,1.297,1,2.0,0,0,82,Released,False,/kxb26tGd9jMQ7FlPIsal5nAh8eN.jpg,"Horror, Comedy",,
1588296,tt34768753,Has Anyone Else Lost Their Body?,Has Anyone Else Lost Their Body?,en,A reluctant influencer’s first viral dance video overflows with comments from people claiming to lose their bodies after watching it.,Like. Comment. Disappear.,2026-04-10,/3I13jUeebgSZpJRAf1KNjnZVfIZ.jpg,0.3156,0,0,50,0,15,Released,False,,"Horror, Music",,
1588870,,Picky Eaters,Picky Eaters,en,"Mina, a clumsy culinary student, is forced to cook for a mysterious man when her coursework is due the next day. However, there may be more to this man than first thought.",You Lost Pitiful Soul,2026-01-15,/crouUaX2ppWSvnV0oVGi2ZDykQi.jpg,0.5537,0,0,0,0,7,Released,False,,"Comedy, Horror",,
1589579,,Where the Swings Went Silent,Where the Swings Went Silent,en,"Danny, a young amateur MMA fighter, struggles to cope with his mother's murder while training with his coach one night at the park. After deciding to walk alone to clear his head, he is suddenly attacked and pursued by a relentless stalker. Isolated and with nowhere to run, Danny is forced into a deadly fight for survival that will push him beyond his physical and emotional limits.",Stay Alive. Defy. Overcome,2026-05-08,/icW27KeOojzXWguOvW5dVFde5uP.jpg,0.204,0,0,1257,0,0,Released,False,/pkHNpSdnqqUyNdLaWtg0vVZ5O9W.jpg,"Action, Drama, Thriller, Horror",,
1589786,,Doctor's Orders,Doctor's Orders,en,"Clara is left with no one to talk to after a falling out with her friend Mary over a Buddy Holly CD. After misunderstanding her school counsellor, she decides the best way to deal with all this negative energy is to destroy it.","After they're gone, you'll feel so much better.",2026-01-15,/pH5rrTa9iU9Zl3ZlVxR3TUNRFjd.jpg,0.2488,0,0,100,0,5,Released,False,/nl6KwWFyaKkMliFw6IvVRZCVRdk.jpg,"Horror, Comedy, Crime",,
1590154,,The Fall of Barsisa,The Fall of Barsisa,en,A modern re-imagining of the fable of the same name. Three brothers leave their ailing sister in the company of a devout and honourable figure as they are guided by an ambiguous stranger through treacherous terrain in search of a remedy.,"What Goes Up, Must Come Down.",2026-10-02,/34z4kc9m040LJx4641dPDI76JQi.jpg,1.0406,0,0,500,0,75,In Production,False,/qdxEYudYpCTFUSURfCGBQRSQQxZ.jpg,"Fantasy, Adventure, Horror",,
1591328,,Punctuation.,Punctuation.,en,A young man leaving his gradation party soon finds his reality cracking after accidentally running over a stranger,can you handle it?,2026-02-07,/6CDRfpgibM1lVAdWaLufwrrlZO6.jpg,0.0362,0,0,0,0,0,Released,False,/xjouXbPiYVi2g3wlQh17AKh15kA.jpg,"Drama, Horror, Thriller",,
1591582,tt33097798,Best Served Cold,Best Served Cold,en,"Best friends Gwen and Moira join a food and wine tour in Chile, ending up at a remote resort run by a mysterious couple. As guests vanish, they uncover a cannibal cult. The two must fight to survive, rescue each other, and escape becoming the next meal.",Revenge is a dish...,2026-01-03,/sIXA1OfAeXwowCNEFOLcBNQXofS.jpg,0.64,2,3.0,0,0,98,Released,False,/hyYiHC9YhWG1M1VhrP8Ef4Ywoaq.jpg,"Thriller, Horror",,
1591741,tt38673147,Hush Little One,Hush Little One,en,A single mother's sleepless nights turn to terror when her son's nightmares manifest in the shadows of their home.,,2026-03-20,/AoMcY25nBmx8IcctqROVXgtdJI2.jpg,0.2771,0,0,0,0,5,Released,False,/f6y4wIfdHMDUNm1LtHwjAWm9yGH.jpg,"Horror, Thriller",,
1592560,,In Place,In Place,en,"A woman finds herself trapped in a strange place, terrorised by a faceless entity.",Where am I and how can I leave?,2026-02-20,/mf5RR3FT66OTH0bgkJRkA4fua0t.jpg,0.3682,0,0,116,0,14,Released,False,,Horror,,
1593054,tt22175936,Home Bodies,Home Bodies,en,"Two children, raised in total isolation by an automated house, begin to confront the mysteries of their existence after an enigmatic stranger arrives from outside.",,2026-07-23,/tUIf1phXVCJueTgjPaa2K6Fz90c.jpg,0.9962,0,0,0,0,92,Released,False,/j4K4V4YK0lxagNG5GxI5oo7Hnpt.jpg,"Science Fiction, Horror",,
1593144,tt36402691,Four Itchy Boys,Four Itchy Boys,en,"Four young men quarantined for a unexplainable, unrelenting itch prepare for a live-stream press event to prove they’re not the monsters the world believes them to be. But behind the scenes, a ruthless producer is plotting a more grotesque spectacle.",,2026-06-19,/85g5Px5FDUZbTAl7QgemtIMS0pK.jpg,0.7311,1,10.0,0,0,13,Released,False,,"Horror, Thriller, Science Fiction",,
1593354,tt38888135,Man Chicken,Man Chicken,en,"In this found footage comedy, two brothers go on an adventure to find the urban legend known as ""Man Chicken."" The trip takes a turn for the worst, as the truth begins to reveal itself, the deeper they travel into the forest.",100% Gluten Free,2026-07-28,/mLxbA95bi62akWX3l9wdeFhBq8A.jpg,0.8724,0,0,0,0,76,Post Production,False,,"Horror, Comedy",,
1593561,,CHASER,CHASER,en,"When Sophia, a trans woman on a night out crosses paths with the seemingly charming Callum, she realises he may not have her best interest at heart...",A TRANSGENDER THRILLER,2026-01-01,/wEyHZZApv30Bg5RPHwDfaWMX2kL.jpg,2.4803,0,0,2700,0,10,Released,False,/nzXiKPJFNZw9Y0ixzUgL4yehCsF.jpg,"Thriller, Drama, Horror",,
1593743,,Mike Should Have Stayed Home Tonight,Mike Should Have Stayed Home Tonight,en,"After striking out at a club, Mike leaves with a charming but mysterious older man. His night quickly turns deadly and Mike soon realizes he should have just stayed home.",You never know who you’re going to bed with...,2026-03-07,/wa0revI3wvC7wwb1SNsrVSN6wAy.jpg,0.2049,0,0,0,0,15,Released,False,/wDMXacjSVOoEunXDGKzoYPyIWgc.jpg,"Horror, Comedy",,
1593913,tt36398612,Dummy,Dummy,en,"Archibald the Amazing, a ventriloquist nearing the end of his career, gives one final performance with his dummy, Chucklehead. After the show, he tragically takes his own life in his hotel room-but his negative energy inhabits Chucklehead, transforming the dummy into a murderous force of terror. From a class reunion to hotel staff to unsuspecting bystanders, Chucklehead embarks on a blood-soaked rampage, vowing to make it a night to remember.",He's killing it on stage... and off!,2026-01-20,/duQXwvYuifFnFaiYVAlUxD2GZXy.jpg,2.3605,1,2.0,0,0,78,Released,False,/zb6RVKsMhNhW8TnB0al6DKERUMZ.jpg,"Drama, Horror, Mystery, Thriller",,
1594286,tt38590166,You're All Doomed,You're All Doomed,en,"Burned alive in an accident and locked away, the urban legend of Crispy refuses to die. Escaping the asylum, the scarred killer returns to Camp Hollow, where a group of unsuspecting campers find their weekend of fun twisted into a nightmare of fire, blood, and vengeance as his rage consumes the woods once more.",,2026-01-20,/o0jWl4exocm5xL3L66JXf6glnUS.jpg,0.4634,0,0,0,0,70,Released,False,/fDG6inwScT2yN56PEhg8MrhMIjh.jpg,Horror,,
1594719,,Bullet and Lace,Bullet and Lace,en,"Bullet and Lace, a neon-soaked, Giallo-inspired nightmare, follows a young woman whose favorite true crime podcast becomes the voice of the masked intruder stalking her through the night.",True crime hits different when you’re the episode.,2026-10-31,/rtwTinEbnliMVijn0qiMPsonNNy.jpg,0.1153,0,0,2,0,15,In Production,False,/yCFoGFlEFZqOHTWVM7GEh2mJizE.jpg,"Thriller, Horror",,
1594902,,Reel #1: Surfing with Butterflies,Reel #1: Surfing with Butterflies,en,"On his 18th birthday, Jesse cocoons himself inside his coastal family home, reminiscing about bittersweet childhood memories with his siblings. But as his older sister and brother vanish from sight, Jesse struggles to find his wings and fly away from a place so haunted by memory.",,2026-03-12,/taCBZVf1UG6CUszJ5VXuWo7E2z8.jpg,0.2415,0,0,3500,0,9,Released,False,/oWFLrVN42bMdULVchfBkchup3U.jpg,"Mystery, Drama, Fantasy, Horror",,
1595128,tt15160410,Lure,Lure,en,"After being invited to a party by a mysterious and alluring woman, six men awake to find themselves part of a cult family's gruesome annual tradition to find the perfect suitor.",Welcome to the family.,2026-02-02,/zwGIXXauPHkGCEgDc13raAsG4Uk.jpg,3.9531,3,7.667,0,0,93,Released,False,/sLNRWSMJmPlQLJ3JhYaQYenkWDJ.jpg,Horror,,
1595368,tt38535590,Popeye II: Returns,Popeye II: Returns,en,"Sequel to Popeye's Revenge (2025). A military experiment goes catastrophically wrong when a test subject escapes after receiving an experimental enhancement serum. Now supercharged with deadly abilities, he descends upon an unsuspecting summer camp with violent intent.",HE'S BACK WITH A LITTLE TIME TO KILL,2026-04-20,/sipvlynsGz1aHj3ayVjoluhuSzo.jpg,1.8126,1,7.0,0,0,70,Released,False,/yGEU0OLX84RMs9YRBFgfze9HQGa.jpg,Horror,1628080,Popeye (ITN STUDIOS) - Collection
1595886,,Lights! Camera!! Scream!!!,Lights! Camera!! Scream!!!,en,"A group of friends travel to Maine to make a low-budget horror film, only to discover the behind-the-scenes chaos is far more terrifying.",Making a movie shouldn’t be this deadly.,2026-10-31,,0.2051,0,0,15000,0,90,Post Production,False,/jVXqwqAGrXhqtV74ShsmfTBQlFo.jpg,"Horror, Thriller",,
1595929,,Jack-O'-Jungle Juice,Jack-O'-Jungle Juice,en,"Max and Lexi trek to their first-ever frat party on Halloween, only to find themselves navigating the tensions in their deep yet strained relationship as the party descends into madness: a frat-boy zombie apocalypse.",,2026-04-29,/sotqGZ6UxwB8fHl9fyUgnHbgPEp.jpg,0.1414,1,10.0,8500,0,12,Released,False,/7EaNOkxvsRvzUhY1d9srdKRBul4.jpg,Horror,,
1596301,tt28784376,"Mum, I'm Alien Pregnant","Mum, I'm Alien Pregnant",en,"When a messy underachiever accidentally gets alien-pregnant, she must overcome skeptical doctors, a useless baby daddy, and her oversharing mum in order to survive and reclaim her life.",,2026-01-23,/RXfZ8QjllkTvNKyj7aTetQ8ywO.jpg,1.1597,2,7.0,0,0,95,Released,False,/2ASkOyNYZvDs3M9xzKhckYmcRz4.jpg,"Horror, Science Fiction, Comedy",,
1596410,,Cannibal Kitchen,Cannibal Kitchen,en,"A struggling chef deals with unruly staff, demanding customers, and a ghost from his past",,2026-04-21,/n4Oj2bBpUXh6ZbKjbKr0oNlhuZK.jpg,1.4242,0,0,0,0,0,Released,False,/dH9jjlZkKfPBgvquBN6kCFRoENE.jpg,"Comedy, Horror",,
1596448,,Wraith,Wraith,en,"A psychological horror in which a man named Mark wanders a dark, deserted hospital looking for his supposedly dead wife, whose spirit continues to call out to him beyond the halls…",,2026-12-31,/rGgbPLcVczdEb14YD9yTh5U2xyi.jpg,0.4967,0,0,0,0,0,In Production,False,,Horror,,
1597154,,Strange Encounters,Strange Encounters,en,"Collection of strange pictures encountered by the director, all gathered in a short strange experimental film inspired by 2001 a space odyssey and the style of david lynch films.",,2026-04-15,/lnMjjW77aDGA5uejpcM1434qKhY.jpg,0.2773,1,5.0,0,0,1,Released,False,,"Horror, Thriller",,
1598802,tt36847396,Primal Darkness,Primal Darkness,en,"Cole Harrington, the host of a popular outdoor series, sets out to track down the predator responsible for a series of cattle attacks in rural Nevada. The mystery deepens when he uncovers footage depicting the final moments of two missing university employees.",There is no hunting like the hunting of man.,2026-05-29,/8tqvzh7hITEQf7Ytli2B1NN3OUt.jpg,2.5745,1,5.0,800,0,75,Released,False,/5w39MGjAbDFdNmmXeuyUZeZWXxI.jpg,Horror,,
1599181,tt39196981,Chronovisor,Chronovisor,en,"A French academic is seduced into a world of untold histories in her scholarly quest to uncover the mystery of a history-capturing camera-like machine created by clandestine Benedictine monks. An academic-noir, armchair mystery in the lineage of Jorge Luis Borges and Umberto Eco.",,2026-09-04,/llsrJhr77V0jOsXmEmlvcSyJMZD.jpg,1.6185,0,0,55000,0,99,Released,False,/fpv7UeON9GgkOIjCHQV2LdY3J99.jpg,"Mystery, Science Fiction, Horror",,
1599478,tt38934583,The Lounge,The Lounge,en,Unfairly overlooked employee Liz wants to become a successful corporate creature.,Great art requires great suffering,2026-05-30,/7ToDR7EkaK6zkU2TVhMLc9y6Zsr.jpg,2.7418,0,0,0,0,15,Released,False,/aw8QkerQYf6xXRFALwPQ6JBtDoJ.jpg,"Horror, Comedy",,
1600147,tt39214720,Saccharine Nightmare,Saccharine Nightmare,en,"Mason is a 20-something college graduate grief stricken by his failed attempts at romantic love. He attends a Valentine’s Day party with his best friend Cheryl in hopes of reuniting with his long-time crush, Harvey. Missing his presence and questioning the existence of love, he gets intoxicated unbeknownst to the consequences that are soon to follow.",Cupid took one too many shots.,2026-02-22,/bckyYJiL76WeUvuVr6mpI7WljnB.jpg,3.9919,0,0,0,0,8,Released,False,/ttlr6d0WfTPnyifzJK3fwZylD5S.jpg,"Romance, Drama, Horror",,
1600149,tt39528862,Drax,Drax,en,"Drax, a centuries-old vampire hiding in plain sight, spends his nights painting and resisting the urge to feed. But when he meets Marcus, a magnetic young skater, the lines between hunger, desire, and connection begin to blur.",,2026-01-31,/fFAosbfQLVz2s6Fqh2oGE38ZzSD.jpg,2.242,0,0,0,0,98,Released,False,/jiEmEIVTgTi0PDzUn58m51b3cxl.jpg,"Horror, Romance",,
1600174,tt37541296,The Bad Room,The Bad Room,en,"A young couple's hopes of buying their dream home are put to the test when they learn the house they're inspecting is haunted. Well, not the whole house. It's just this one room - a very bad room.",How bad can the real estate market be?,2026-01-23,/gBEyCh4YZLGZFjWY99f73bo5zy7.jpg,1.4186,0,0,0,0,7,Released,False,/eCHNYbotobzyUK1CrUH42WFntWD.jpg,"Horror, Comedy",,
1600609,,Hypnagogia,Hypnagogia,en,"Plagued by paranoia, a man comes face-to-face with his doppelgänger. Fearing an unseen plot against his life, he spirals into a dangerous game of identity, risking everything to protect his girlfriend - even as he begins to question who he really is.","The best one can do, is remember.",2026-01-25,/bkryDx4ZzThA846Rv6r0J2gZ8Bt.jpg,0.4396,0,0,0,0,9,Released,False,,Horror,,
1600990,tt13353660,Bannister Doll Heist,Bannister Doll Heist,en,"The Bannister Doll has spent years locked away in an old evidence locker. Tonight, 4 thieves are about to find they just stole the wrong package.",They thought this job would be child's play.,2026-01-18,/nrJ5T4DzrmDEGCd6Hhu5v83v4hC.jpg,1.0278,0,0,0,0,90,Released,False,,"Horror, Crime",,
1601242,tt39145588,NightBound,NightBound,en,"Trevora Ramos is trapped in a nighttime time loop and can't escape the mysterious horror house that he is in. Various ghosts , ghouls and other vicious creatures lie in wait ready to torment Trevora and make him suffer. As he tries to find various ways to escape Trevora slowly realizes that he is NightBound to the house which means as long as its nighttime he can't escape.","Once you go in, it won't let you get out.",2026-01-01,/1055R9SSDGm4MbnExJxhytTbcdD.jpg,0.5221,0,0,0,0,45,Released,False,,"Mystery, Horror",,
1602259,tt39216132,Attack of the Kraken,Attack of the Kraken,en,"A whaling vessel drifts off-course as its captain hunts the mythical Kraken. Unbeknown to him, the Kraken is also on the hunt. After betrayal and destruction, the remaining crew must battle the beast in a final fight for survival.",From the depths it rises.,2026-02-03,/kH65fykV9wbvqlkRPvrrZOZLX39.jpg,2.2232,0,0,0,0,86,Released,False,/5yt7kkRQthWVZwiYnUFGGEMh3U4.jpg,"Action, Horror, Fantasy",,
1602300,,Somnophiliac,Somnophiliac,en,"intrusive conversations about the ""social"" animal - inspired by Madvin Mexis' graphic novel ""I did not write this""",I'm going to break your window with a thought;,2026-05-21,/8mR1sac9ZgcgVeKl1z3JbcrtAIc.jpg,0.529,0,0,10,0,23,Released,False,/vj9jKu4QdKAocaBnzPQNqGPiVC1.jpg,"Drama, Comedy, Horror",,
1602570,tt35076414,Walking Red Flag,Walking Red Flag,en,A serial killer is being haunted by a previous victim.,Some victims never leave.,2026-02-13,/t0kyxEVgla3j4qhLHJwrgAUxng1.jpg,0.9309,0,0,0,0,85,Released,False,/4bregyZ1Y6QiUXpauVqHIPi9hAZ.jpg,"Horror, Comedy",,
1602699,,Un Nombre Que No Me Canse de Escuchar,Un Nombre Que No Me Canse de Escuchar,en,"A demon manipulates a young man into commiting murder. just before the dirty deed gets done, he changes his mind.","official video for Exilio de Satán's ""Un Nombre Que No Me Canse de Escuchar""",2026-05-15,,0.092,0,0,0,0,4,Released,False,,"Horror, Fantasy, Music",,
1604013,tt39310289,Frankenstein Created Robyn,Frankenstein Created Robyn,en,"Actress and filmmaker Robyn Adams discusses her experiences with autism, gender identity, and learning to embrace her flaws. Also, she's Frankenstein's Monster now.",She's alive!,2026-02-21,/mTVU8b1UydB1nlEEirsvFNSuyrt.jpg,1.0929,0,0,0,0,6,Released,False,/tTilYv0HrvwaPU5zPcp2mW2hjFV.jpg,"Documentary, Drama, Horror, Comedy",,
1604367,tt39274791,Corrupted Pleasure,Corrupted Pleasure,en,A corrupted file seduces the viewer,,2026-01-01,/nzBdgMoAehQZXGaKsthCYAlx1z6.jpg,1.0991,0,0,0,0,4,Released,False,,"Science Fiction, Horror",,
1605133,,Late Night 2,Late Night 2,en,A walk through a section of a town at night,,2026-01-01,/y3UO9EkmVQQnvBoJMPUUCCl2bbL.jpg,0.0699,0,0,0,0,23,Released,False,/hINdOSLDQEnmhmvsJjJTT6erAO.jpg,"Horror, Documentary",,
1605150,,Break N' Enter,Break N' Enter,en,A retired drug dealer is targeted by the serial killer known as 'The Blackout Ripper'.,Lock your doors tonight!,2026-01-04,/drshUBykOjGwcREv030Zc5tflAk.jpg,0,1,10.0,0,0,10,Released,False,/4funOJdzxrnVgu9ewJIXfAULCCi.jpg,"Action, Horror",,
1605744,,crow.mp4,crow.mp4,en,"A camera was found at the scene where multiple people have vanished, the footage stirs rumors about local legend Mr. Crowe.",,2026-06-13,/sOqJ7RlOrAqpYCCnEBaotM2YuYP.jpg,2.1135,0,0,0,0,4,Released,False,,Horror,,
1606285,,DO YOU LOVE ME,DO YOU LOVE ME,en,Sofia desperately tries to keep her relationship with  Andrew by any means necessary. Soon things take a turn for the worse.,Do you love me?,2026-01-02,/uuJ41X7E6lbapBOeYEEx6K0NK0c.jpg,0.1788,1,9.0,500,0,11,Released,False,,"Thriller, Science Fiction, Horror, Drama, Romance",,
1606461,,The Jay Monkey Project,The Jay Monkey Project,en,"In 2024 two filmmakers, Angel Decker and Dylan Hall, mysteriously vanished in the Adirondack Woods while searching for the Jay Monkey. The filmmakers were never found, but their camera footage was recovered. This is their story.",EVERYTHING YOU’VE HEARD ABOUT THE JAY MONKEY IS TRUE.,2026-05-04,/ruUzAkl30FbxRK8GOEFY3zkSrux.jpg,0.1841,0,0,0,0,22,Released,False,/gMtXJGlJzrstsJ5EtsZO31B6xhE.jpg,"Horror, Documentary",,
1606669,tt38980561,Wilderness Tapes: Volume One,Wilderness Tapes: Volume One,en,"Nearly a million smartphones and cameras are lost in the wilderness each year. For the first time in history, recovered footage from such devices is presented in a chilling anthology series. Wilderness Tapes: Volume One chronicles a journey into an abandoned gold mine that goes wrong, plunging ""Prospector Pete"" into the depths of supernatural madness.",Finding Buried Terror,2026-01-01,/asPDDlXEPzsATwBmD3ipUgLpX4j.jpg,1.8894,3,5.0,0,0,52,Released,False,/xWjvtWYAEhWfv6dEc4b3Jrm5U8N.jpg,Horror,,
1606791,tt38599476,Say Cheese,Say Cheese,en,"Every snapshot unveils the essence of life's fleeting moments, a time capsule woven with laughter and love but this camera will be your last shared memory before death.",Let It Last A Lifetime,2026-02-01,/8s68gK7EhHKmIA51t6zDb1Q214n.jpg,2.0471,0,10.0,3000,0,70,Released,False,,"Horror, Thriller",,
1606871,,"Knock, Knock, Knock","Knock, Knock, Knock",en,"Three years after the Jamestown NightStalker murders in 2024 that killed both his brothers, Collin Woods lives in a state of confusion and paranoia. Seeing a psychiatrist and living with his best friend, his symptoms worsen when a reoccurring dream predicts the return of The NightStalker. As people around Collin begin to be killed, he is forced to confront his fate, or watch as The NightStalker takes the couple things he still has left.","If the NightStalker still haunts you, you are not alone.",2026-10-31,/blQ4TRzis4UVG07Ut9nJgZQ5r1.jpg,0.1022,0,0,1,0,100,In Production,False,,"Horror, Thriller, Mystery",,
1606937,,Trouble in Truffletown,Trouble in Truffletown,en,"Three friends are chased by an old man with a machete in the woods. Soon, ties are tested and a greater horror lies beneath the surface.",The Two Fuckers presents...,2026-01-01,/zT1ciXuV1f2bvp2YqXOoCXzGI51.jpg,0.2779,0,0,0,0,38,Released,False,,"Horror, Comedy",,
1606969,,Banana: The Whole Bunchy Affair,Banana: The Whole Bunchy Affair,en,"Ryan Gross' complete cut combining Banana, Bananas, and Banana 3: The Final Stem follows Ben, a man tormented by an incident from his past involving a banana. Will Ben reconcile his past trauma with bananas and learn to coexist with them, or will he be overcome by revenge, and slip into madness?","THE 1ST FILM BY RYAN GROSS. RIPE, UNPEELED, AND SHOWN IN BUNCHES",2026-05-08,/xuGBPpSShPec0TdEjIPrSeBAaYy.jpg,0.0639,0,0,0,0,42,Released,False,/jcToeNkmfBWEYBIEDWvyGqhPzSj.jpg,"Horror, Thriller, Drama",,
1607468,,Into the Spiral,Into the Spiral,en,"Tom, an ordinary guy, finds himself in a seemingly never-ending nightmare, forced to play multiple characters in a surreal fictional film—a spiral he must escape, or the filmmaker will keep him trapped within it.",ARE YOU JUST PLAYING THE MAIN CHARACTER TOM?,2026-02-20,/lYVzIpNTZ6pTfWziotMfFYhwyWj.jpg,0.1224,1,8.0,100,0,63,Released,False,/8c6v9bzll4Pc4JT2ROTnlgg7TKy.jpg,"Horror, Crime, Drama, Mystery, Thriller",,
1607760,,"Where Have You Gone, Girl?","Where Have You Gone, Girl?",en,Hallie Green's world is turned upside down when she is viciously attacked by a masked killer.,,2026-01-09,/bBkl9ttHa6HEOdNCr2cbPtN6cTo.jpg,0.1241,1,7.0,0,0,2,Released,False,/gYoMODhf5eCOIpIIFs9NYbN1N1D.jpg,Horror,,
1608113,,Gross boy piercing,Gross boy piercing,en,"After gross boy finishes his shave he notices his piercing is looking gross, almost like there's something about to burst.",Its in my eye!!,2026-01-04,/s9tH4qPxphy5i4wLfdttNvq9qnT.jpg,0.1395,0,0,0,0,3,Released,False,,Horror,,
1608435,,Symbiosis,Symbiosis,en,"A weekend reunion at an isolated house turns sinister when old friends realise their host, and the house itself, may want more than their company.",This house is not a home,2026-06-19,/raPfs3E1EZNEahn2qVCEGr8v9uR.jpg,1.2442,1,10.0,5000,0,19,Released,False,/yO9KSty4WMpJCdqjIPW3hLLAY9U.jpg,"Comedy, Horror",,
1608761,tt38889609,Scumtown High,Scumtown High,en,"After the brutal murder of Scumtown High's beloved star student Betsy Robbins, Quinn Callaway and his fellow classmates are now at the top of Whiteface's list. They need to find out who's behind the mask before Whiteface finds them first.",WHO'S UNDER THE MASK?,2026-02-17,/dcD12PS9O8aFmf4huTWtxmQ9TUG.jpg,1.1097,2,8.5,0,0,39,Released,False,/xEBVdj6MAaLDENlL0tzQh6o8Xl3.jpg,"Horror, Comedy",,
1609134,,MAN-EATER,MAN-EATER,en,A lone hunter finds himself as prey when he encounters a dinosaur outside his cabin.,Mesozoic Invasive Incident,2026-01-01,/pVGD2z7zvPxNwThUqvXgfQBfeP3.jpg,0.1003,1,7.0,0,0,10,Released,False,,Horror,,
1609333,,Take My Whole Life Too,Take My Whole Life Too,en,"Two strangers in the night meet at a diner, but there seems to be a mysterious secret standing in the way of their romance.",TAKE MY HAND.,2026-01-30,/v17e7khd9VTuDD794zZSM2ueWGM.jpg,0.7086,0,0,0,0,9,Released,False,,"Drama, Horror, Romance",,
1609447,,Zoglins: Horror da Estrada Sem Luz,Zoglins: Horror on the Road with no Light,en,Horror on the road with no light!,Horror on the road with no light!,2026-03-30,/7AYXcqCoD4tYORA2EHLObjlQ6SP.jpg,1.7646,0,0,0,0,5,Released,False,,"Science Fiction, Horror",,
1609576,tt41862952,Assets & Liabilities,Assets & Liabilities,en,"Zach is a suburban father haunted by the impending arrival of middle age as he juggles the demands of work, family, and the sale of an investment property. When his wife and daughter go away for a short trip, he seizes the opportunity to live out a day as his younger, less responsible self. A spontaneous encounter with a fellow skater feels like a victory until an unsettling connection between the two emerges. The result is a forcible confrontation with his own bourgeois standing that shatters the illusion of Zach’s carefree day and sends it spiraling into dark territory.",,2026-03-27,/q07xkVN0SobJuA5P46kFmDo46uK.jpg,0.6628,0,0,0,0,62,Released,False,/rCPJRonlRSXY3kRtvxka2mrHW5J.jpg,"Horror, Drama, Comedy",,
1609838,,CONTAINMENT,CONTAINMENT,en,"When two students are barricaded in a classroom during a campus-wide outbreak, one reveals they've been infected, forcing the other to escape as their friend makes the ultimate sacrifice.",THE ULTIMATE SACRIFICE,2026-04-17,/fNDKLJIFxIl2LNs4To8wHaBigll.jpg,0.7091,0,0,100,0,10,Released,False,/31Jlve2rGS2XbHIfoZJYephgMsw.jpg,"Thriller, Horror",,
1609844,tt32232819,The Beast of Riverside Hollow,The Beast of Riverside Hollow,en,"Residents of a sleepy English village investigate a werewolf threat lurking in the nearby moors. Led by a punk band and eccentric locals, they race to unravel the mystery and reclaim their village from this dark danger.",,2026-01-23,/mr5kTL2vxER6UUCKFIqRxbhPpgZ.jpg,1.1818,0,0,120000,0,107,Released,False,,"Horror, Comedy",,
1609874,,Zoochosis,Zoochosis,en,A freaky stalker records a man and breaks into his house over a span of three days. Over the three days the stalker begins preparations for a sacrificial ritual.,A SOV Freakshow,2026-01-16,/r95KCoR3aRykwLV6qiJ9mUcDYut.jpg,2.076,0,0,0,0,18,Released,False,,"Horror, Thriller, Science Fiction",,
1610088,,We'll Keep It Down,We'll Keep It Down,en,"A dumb late-night garage hangout fueled by loud music and too much smoking gets interrupted by a noise complaint. Tensions rise, paranoia sets in, and before anyone knows what's happening, the night turns ugly in ways no one saw coming.",,2026-04-17,/ciZe9qXJ4hSxEtLJrSIzSn5B1vg.jpg,0.9318,1,7.0,150,0,12,Released,False,/2QyJWHKD5GEqEsJQ7vr3fMS2Yjy.jpg,"Horror, Comedy",,
1610099,,The Meadow,The Meadow,en,"A wounded soldier wakes, chained in a dark cellar. Cared for by an otherworldly girl who spirits him away to a sunlit meadow. But as shadows close in, he begins to suspect her sanctuary may be the deadliest trap of all.","A wounded soldier wakes, chained in a cellar. Cared for by an otherworldly girl who spirits him away to a sunlit meadow. But as shadows close in, he begins to suspect her sanctuary may be the deadliest trap of all.",2026-04-01,/AeegnzRkMA6hJEbVSRNPp45z9sI.jpg,1.6006,0,0,2500,0,15,Released,False,/Ar5ih2Qdo41oqqbQ5gsqCEc1Nb2.jpg,"Horror, Fantasy",,
1610404,,little snow,little snow,en,"a showcase of snow in the netherlandse, snow doesn't often appear in the country and this is one of the rare times its there.","hey, there's snow",2026-01-06,/9Fxy9jY9C5TcP6oqvDChQ7JylIA.jpg,0.5243,0,0,0,0,3,Released,False,/b0do11jkALl1kX5RytDo44fH5eu.jpg,Horror,,
1610418,tt38353877,The House on Haunted Grounds,The House on Haunted Grounds,en,"What begins as a routine investigation into a house slated for demolition turns into a nightmare when the team faces an evil force, leaving behind only the recovered footage.",,2026-01-09,/750RNSHr25GQcCr2Ws8iSGrHJA9.jpg,4.3162,26,6.288,0,0,69,Released,False,/r9aYDDP7tHpwCvQbOxcfhZFBT63.jpg,Horror,,
1610703,tt35682658,Infirmary,Infirmary,en,A guard vanished on his first night at an old psych hospital in 2023. His bodycam footage shows unexplainable incidents that continue to baffle investigators.,,2026-01-16,/bHiAp8WWHgfUrJmRnoiw4URYGcq.jpg,1.3253,0,0,0,0,87,Released,False,/5xkY0lfzC1QMoF4lF09rlIXdr4x.jpg,Horror,,
1610761,,Don't,Don't,en,one-shot story of a woman struggling to come to terms with her emotions... or is it something else?,don't put on a happy face,2026-01-11,/ttWEhCEjdYZhYH53uXRdMK7PqCD.jpg,0.7682,0,0,0,0,0,Released,False,/fx3NKJagsoIARzRBextfTbvswDg.jpg,Horror,,
1610847,,Godflesh,Godflesh,en,Shitty Emo kid doodles. *makes it  a short film*.,,2026-01-06,/SY9BXtwvqGArdwDF9UlKoJKbzY.jpg,0.0555,1,5.0,0,0,1,Released,False,,"Fantasy, Animation, Horror",,
1610859,,Chakravaat,Chakravaat,en,"Trapped in an endless time loop, a desperate human races against the clock to escape a relentless cycle of terror. With every reset, shadowy figures emerge from the darkness—silent, unstoppable, and closing in for the kill. As reality frays at the edges, he must unravel the mystery of the loop before the shadows claim him forever. A gripping, atmospheric horror short that blends suspense, mystery, and unrelenting dread.",Beware the Rising Sun,2026-06-01,/oXQisDZ47OKpRPKsxIA195Tqj6I.jpg,0.0834,0,0,0,0,21,Released,False,,"Horror, Thriller",,
1611348,,Brake-Through,Brake-Through,en,A young girl tries to overcome her fear of driving following a traumatic car accident.,A young girl tries to move on from trauma.,2026-01-06,/jsgm4bkNbuTqF9JoMwXQ5fhSRfE.jpg,0.4682,1,5.0,0,0,1,Released,False,/xQIhsypTqjX24BJwPWWyjUPCfhn.jpg,"Drama, Horror",,
1611727,,Welcome to G-Town,Welcome to G-Town,en,Three down-on their luck graduates struggling to find their place in Glasgow become embroiled into a shape-shifting alien conspiracy to take over the job market and destroy Scotland.,Maybe Glasgow is just one big intergalactic scheme,2026-02-14,/1h8G7r7DvloKnlhmkFvegkeCu2y.jpg,1.2929,0,0,0,0,85,Released,False,/8nMBi4zIxNMkdvdWyHurH048mCs.jpg,"Horror, Comedy, Science Fiction",,
1611783,tt35121376,Friday the 69th,Friday the 69th,en,Porn filmmakers in 1981 seek to cash in on the slasher craze by making their own independent ripoff that follows a group of spring breaking college coeds as they are stalked by a mysterious killer beekeeper at a camp with a tragic past.,You're going to come. But you may never leave.,2026-04-04,/piGbwDeCW0CqKu3AK24rqoOXcdT.jpg,0.6671,0,0,0,0,93,Released,False,,"Horror, Comedy",,
1611977,tt39319989,Housemaid,Housemaid,en,"After his wife's consciousness is transferred into their android maid, a widower finds himself trapped in a deadly love triangle when the jealous A.I. goes to terrifying lengths to prevent him from moving on with a new woman.","Once you turn her on, you can't turn her off.",2026-01-06,/8pYMq8niA7Mkqt5oT9qommrSfV.jpg,2.6778,1,1.0,0,0,89,Released,False,/aeq0CZZUV1pUr0jyah9YkNmVsLj.jpg,"Science Fiction, Thriller, Horror",,
1612099,,Santa's Slay,Santa's Slay,en,"As An Unresolved Feud Ignites between two childhood friends, can these survivors outrun a festive serial killer before he crosses them off his naughty list?",He Sees You When You're Sleeping,2026-02-09,/iROeeS4lWQpZXwtklXUxY5H3xNk.jpg,0.2713,0,0,800,0,5,Released,False,/p2jChqbNPGCbO4qZD8fO3998eut.jpg,"Horror, Drama, Comedy",,
1612239,tt39315967,In My Blood,In My Blood,en,"Desperate to live up to his father’s expectations, a talented but inconsistent minor league baseball player turns to steroids, igniting a dangerous transformation of body and mind.",Success has side effects.,2026-03-14,/6TwMVDNUtjoFFb2LUTYdIVx9aIS.jpg,1.4587,0,0,0,0,20,Released,False,/siB5OOhnxKTunmL5l8fZpTvkcWv.jpg,"Thriller, Mystery, Horror",,
1612291,tt28060501,Blood Totem,Blood Totem,en,"The world of the supernatural meets the wild west when a small group of solders enter Apache county to find their missing comrade. Quickly, they discover something is terribly wrong as the very land itself appears to have turned against them. As they face demons of both man and myth, it's going to take all they have to survive.",Death is not the end,2026-01-06,/2DxhCkcF8SVXxEh6JDhUxhEAJCq.jpg,1.3525,0,0,0,0,81,Released,False,/akEQ8ZWTWr5M5pC1WTloKbYLI4m.jpg,"Horror, Western",,
1612376,tt30575166,The Bosk,The Bosk,en,"Stranded in a snowy forest, best friends Kim and Erin realize they're not alone ‒ something sinister watches from the trees.","It hunts, it eats, and YOU are its prey!",2026-01-06,/ygEMIs8jSgj3xYmQm9byRw5XQJd.jpg,0.5831,0,0,0,0,89,Released,False,/4GZiRpJ1eQyH9U6jK7eauDlS5Pq.jpg,Horror,,
1612415,,Blood Domina,Blood Domina,en,A Dom takes it to the next level after a one night stand.,,2026-01-01,/a5knkzSoJc6yXPF0KUYnZUx6Qiz.jpg,0.8338,0,0,0,0,11,Released,False,,"Horror, Thriller",,
1612434,tt39094274,TWIN,TWIN,en,"Fresh out of prison for murder, a ruthless woman schemes to replace her twin sister and claim her flawless life by any means necessary.",A CHILD WITH A DARK SIDE,2026-01-23,/wonJ8nw58Bi0mMAaGKyBdGpxSFY.jpg,2.8066,4,5.0,0,0,93,Released,False,/kHWpCUd41muRgMtQyswd6sDsFCt.jpg,"Thriller, Horror",,
1612472,,The Projectionist,The Projectionist,en,"A late-night screening at a nearly empty movie theater takes an unexpected turn when a couple is drawn into the strange orbit of the theater’s unsettling manager, whose passion for cinema carries disturbing implications",,2026-01-20,/gDbZTEoqnoT2a5H1r8tnufoDN75.jpg,1.071,0,0,0,0,9,Released,False,,"Horror, Comedy",,
1612522,tt28979010,Give Me Back My Body!,Give Me Back My Body!,en,"Jack, a quadriplegic, and Lina, his day nurse, spy on neighbors with a drone and stumble upon a serial killer. When Lina finds a mysterious relic inside the killer's house, it transports her and Jack to an underworld where they switch bodies and are forced to kill for a creature. Embracing the killing inside Lina's body, will Jack want to switch back?",A BODY-SWAPPING SUPERNATURAL ADVENTURE,2026-01-06,/jryWPjgky7ZPkPp9g5XwXh1POVz.jpg,0.6466,1,4.0,0,0,82,Released,False,,Horror,,
1612825,,SWAMP,SWAMP,en,Best friends Lauren and Felix accompany warring couple Brett and Deanna on a trip which quickly goes awry.,,2026-01-09,/vZgOCoPpu6N0Eq2LqCQv781JVpO.jpg,0.1899,0,0,0,0,18,Released,False,,Horror,,
1612923,,Demon Hunters,Demon Hunters,en,"In the blistering desert stands Dee's Money Pit, a strip club where sinners come to drink—and die. When two bikers cross the wrong dancers, their slaughter sparks a collision between a ragtag crew of exorcists, a pair of naïve missionaries, and a homeless drifter with secrets of his own.",Sinners come to drink. Demons come to collect.,2026-01-06,/z85BFvh1DfDg0P2GLAGzTWkg2pZ.jpg,0.9531,1,5.0,0,0,97,Released,False,/do2FIOzffRn1kGdg80gH4myF71I.jpg,"Horror, Adventure",,
1612973,,Odradek,Odradek,en,"One is tempted to believe that the creature once had some sort of intelligible shape and is  now only a broken-down remnant. Yet this does not seem to be the case; at least there is  no sign of it; nowhere is there an unfinished or unbroken surface to suggest anything of the  kind; the whole thing looks senseless enough, but in its own way perfectly finished. In any  case, closer scrutiny is impossible, since Odradek is extraordinarily nimble and can never  be laid hold of. - Franz Kafka",Who is the face and who is the voice?,2026-01-09,/FhPU5ULsAZsS5t9onMe042K90C.jpg,0.4338,0,0,0,0,0,Released,False,/uk0AhtixYdFYdRF4aXlCTxZ301X.jpg,Horror,,
1612991,tt21862382,19 Hz,19 Hz,en,"Nikola Tesla-visionary, inventor, genius. The world remembers his groundbreaking discoveries, but few know the secret that consumed his final years: a relentless quest to reach the other side.",,2026-04-03,/xSeVQyAzEUNd4LQgx2G7yUPrPS4.jpg,2.1064,1,5.0,0,0,92,Released,False,/vSbLkXcxqt6BPMUGfjE2jJZ9x3o.jpg,"Horror, Science Fiction",,
1613089,tt37227015,Workflow,Workflow,en,"Katie hasn't been the same since she lost her brother, living in silence and melancholy. After being questioned about his death, she is given a mysterious package containing a token her brother left behind, a beautiful seashell... but something, a presence, follows it into her home. With her solemn peace stolen in recompense, can she help break the ocean-dark cycle her dearly departed brother unknowingly began?","Legend claims: If you take from the ocean shores, the depths will find a way to fill that void.",2026-01-25,/9TBUL9ZnNX1BC0R0YSXqUuAo30m.jpg,1.393,0,0,0,0,15,Released,False,/z5tyJl0VLG3H1GYUdkjVUhvLj5r.jpg,Horror,,
1613131,,"Mirror, Mirror: Matryoshka","Mirror, Mirror: Matryoshka",en,"It's just another normal day for Amy - wake up, see cosplay costume, create a character face, file it for another day, sleep, renew, wake...",,2026-01-24,,0.354,0,0,0,0,8,Released,False,,Horror,,
1613360,tt11362206,Plaguepits: The Torture Dead,Plaguepits: The Torture Dead,en,,,2026-01-10,/yZ75vh2q2b3GBvDsv15e5oBfrhC.jpg,0.5043,0,0,0,0,0,Released,False,,Horror,,
1613690,,Vague Void,Vague Void,en,The world shifts subtly while silent watchers already understand.,They know what’s coming. We don’t.,2026-02-07,/xwoFsDidsFZqhZGTJ6aPwLkmSYw.jpg,1.0134,1,10.0,67,0,7,Released,False,/iwOSTXTCUxXPc78tWhcfYd2YM7R.jpg,"Mystery, Drama, Fantasy, Horror, Thriller, Science Fiction",,
1613785,,Counting (Backwards),Counting (Backwards),en,Revisiting the past.,"Before, during and after.",2026-01-16,/rMbfDtrl6KanExSRKcOjQXo45Al.jpg,0.0302,0,0,0,0,5,Released,False,/p5MeKarxVeaolonFYqRovIimQQ1.jpg,"Horror, Documentary, Drama",,
1613813,tt37961847,JC Bratton's Dollhouse,JC Bratton's Dollhouse,en,"In the wake of a mysterious family death, a couple's night of mourning is interrupted by a strange delivery containing an antique dollhouse and a terrifying tale about its lone occupant.",Some stories should stay locked away.,2026-03-03,/a3zMgvz4xTKnl1XTLsfNDseRyTD.jpg,1.2691,0,0,0,0,19,Released,False,,"Horror, Thriller",,
1613876,tt43383598,Memories Away,Memories Away,en,"After living a life of desolation, Luvra is approached one night by her memories and forced to take a life-changing journey through her past self.",A unforgettable journey awaits.,2026-01-17,/bxj4MIJsPvH8WhTTfzRZdLjQucr.jpg,0.4485,0,0,9000,0,81,Released,False,/izZtv3oXfPxuPDua7MMQxJLkRH7.jpg,"Drama, Horror, Thriller",,
1614074,,X125,X125,en,"X125 begins at 1:25 AM, when a man wakes up with an unexplained sense of unease. As he gets dressed, strange sounds drift through the house, and familiar spaces slowly begin to feel wrong. Reality subtly distorts as tension builds, blurring the line between what is real and what is perceived. Told through atmosphere, sound, and carefully placed details, X125 is a psychological thriller that lingers, leaving its meaning just out of reach.",X125,2026-01-25,/wI4trGv38zau1XmEQz51eQyQAeN.jpg,0.0677,0,0,0,0,9,Released,False,/q9Fy4NhikYmWBzTWA9v5S0U4S2y.jpg,"Thriller, Horror",,
1614343,,Ripple,Ripple,en,A teenager falls into a pool and surfaces in a nightmare reality where smiling doppelgangers of his friends want him dead.,Water does not reflect the self...it reveals the stranger beneath,2026-04-03,/3itpdGWLD6uQ82tGiAv16djylzR.jpg,0.3274,0,0,0,0,6,Released,False,/jACuTEb58GpxhyakrfLqBZhAmef.jpg,"Horror, Science Fiction",,
1614854,,Dream Story,Dream Story,en,"After a devastating accident, May is left bedridden and solely reliant on the care of her boyfriend, John. Days pass in a fog of half-consciousness as her nightmares begin to bleed into reality.",Did you fart while I was sleeping?,2026-01-18,/pbknhAX5LyVmuOThCTtv4a6A7po.jpg,0.6777,2,10.0,2,0,19,Released,False,/A7cYX1Vead1zDBWKYdsvA6gBoO.jpg,Horror,,
1614939,,Seasons Blooming,Seasons Blooming,en,"Chloe’s unresolved traumas of the past continue to haunt her, but a metamorphosis proves to her that it isn’t too late.",I am now more.,2026-02-17,/ngkuz471PDR4HRvIQx0vxZ2YNAm.jpg,1.6274,0,0,0,0,6,Released,False,/6oCT0bJwy3zdmly8lB0wMDaJ7e8.jpg,"Drama, Horror",,
1614959,tt39469744,Practice?,Practice?,en,This film is about somsark is missing,,2026-01-30,/woh6NtIevU6P42b4f7cFgW1lDN2.jpg,0.1127,0,0,0,0,8,Released,False,,"Horror, Crime, Thriller",,
1615290,,The Nursing Home,The Nursing Home,en,"Joel reluctantly returns to his childhood home to help his mother Monika, who has suffered a severe stroke and was clinically dead for minutes. Monika is unrecognizable and Joel becomes convinced that something has followed her back from the other side.",She came back. But not alone.,2026-01-13,/hRbFitHvrPuoKxAUdhqRvmvGvCQ.jpg,0.2563,0,0,0,0,87,Released,False,/7ECI1eXaNYHbdpja6kSfJ2znL29.jpg,Horror,,
1615470,tt39380958,On Paper,On Paper,en,"A struggling screenwriter finds his latest script mirroring real-life murders, plunging him into a paranoid spiral. As his imagination takes a delusional and dark turn, he must untangle whether he’s inspired by a killer, haunted by one, or becoming one himself.",Every story leaves a body.,2026-02-20,/ajWuWJrVeQiqV4A7pCaiaQAAGp0.jpg,2.513,0,0,0,0,86,Released,False,/scHuRD7QgEXwXiW1kvkpk3VVNhK.jpg,"Horror, Thriller",,
1615605,tt36101525,Be My Valentine,Be My Valentine,en,"Gina has fallen in love with a man she hasn't met. As she documents her relationship journey, she becomes more and more obsessed with Zach to the point of bloody consequences.",,2026-02-11,/9QhnEja4CCwSZtKeXLdmqrpqe5d.jpg,1.2507,2,4.5,5,0,63,Released,False,/uKxpLlxgRSa80D6MFLsAio36L25.jpg,Horror,,
1615708,,Obsession,Obsession,en,"A boy practicing basketball starts getting angry over his mistakes, the angrier he gets the more harm he wants to cause.",The only cure for obsession is violence.,2026-01-13,/xQFANur6Bzi2z5NhgnxMK8YFaJ3.jpg,0.8975,0,0,150,0,2,Released,False,,"Thriller, Horror",,
1615900,,elsewheres,elsewheres,en,a trio of wordless vignettes from the in-between.,a trio of wordless vignettes from the in-between.,2026-01-27,/vmMs7uRYr7uanCzeCUvczTzdp46.jpg,0.4885,0,0,0,0,19,Released,False,/ialBluIJYJG6PhlBau0vfEmB54Z.jpg,"Drama, Horror, Thriller, Comedy, Mystery",,
1616162,,Lost Soul,Lost Soul,en,"Trapped in a confusing parking garage, a lonely guy hits on a girl who may not be human.",,2026-01-12,,0.0143,0,0,0,0,3,Released,False,,"Horror, Thriller",,
1616292,,Crosswire,Crosswire,en,"A young teen girl (Mia) gets a mysterious phone call from who appears to be herself, who gives her a strange warning. Follow Mia as she must makes vital decisions including whether or not she believes the caller.",Do not open the door...,2026-01-14,/tUjBbKSs7xH1BK7Bv87NlmRwMbh.jpg,1.0445,1,10.0,0,0,4,Released,False,/sWauu8zONgkhVpfZ3jxUsjIlYVP.jpg,"Horror, Thriller",,
1616344,tt39368498,American Dollhouse,American Dollhouse,en,"Caught between a grotesque Christmas fantasy and her own childhood trauma, a woman's search for a fresh start in her hometown is violently interrupted by a psychopathic neighbor.",,2026-03-14,/4P0vgEMvblUUJJU4zf1Uzfwyj65.jpg,2.2654,0,0,0,0,87,Released,False,,"Horror, Thriller",,
1616545,tt39139601,Worm,Worm,en,,,2026-01-17,/5Q0SXz8DPwysaubvKAdZaL3ZcF1.jpg,1.0348,0,0,0,0,0,Released,False,/xhM5Zw2NUv85moytN38GN8exTcC.jpg,Horror,,
1616553,tt22780576,Blood Moon Orange,Blood Moon Orange,en,,,2026-01-17,/lGCzDOwKwvHdDkChLKEOfZmCaIi.jpg,0.4497,0,0,0,0,0,Released,False,/jVVbHq5ngL0ltvVXQBcKmRS1VJJ.jpg,"Horror, Comedy, Science Fiction",,
1616575,tt40600272,Camp Blood Legacy,Camp Blood Legacy,en,"A group of college friends run into the infamous killer clown at Camp Black Tree as he slices and dices his way through them. One year later, the sole survivor returns with her friends to settle the score, once and for all.  This is the ""lost"" original version of Camp Blood 4 and Camp Blood 5, first released in 2016. Starring Schuylar Craig (Nemesis 5) and Jennii Caroline from the Meathook Massacre series. From cult filmmaker Dustin Ferguson (Witchcraft XVII, Spider Baby).",Why are we doing this again?,2026-01-09,/lV3QwgQMlFfP2ii3sJtixpMmrnu.jpg,0.6309,0,0,0,0,70,Released,False,,Horror,,
1616600,tt39285823,Trading Cards,Trading Cards,en,"An enigmatic man journeys back in time to find his younger self, seemingly to revisit the nostalgia of trading cards. An exploration of identity, mental health and the erosion of childhood innocence, Trading Cards is a dark fantasy animated film about the weight of living with Obsessive-compulsive disorder.",What would you tell your younger self?,2026-01-25,/79JjfILYvX6zC0r6CRggzBq41C1.jpg,1.0714,0,0,100,0,15,Released,False,,"Animation, Horror, Fantasy",,
1616605,,CRAWL. SUCK. KILL. 2. JINGLE. BELLS.,CRAWL. SUCK. KILL. 2. JINGLE. BELLS.,en,"A masked figure breaks into a house one Christmas, only to encounter a creature",,2026-05-08,/qamiKA6kZbIeCZjiq3WkqcWXXhn.jpg,0,0,0,0,0,5,Released,False,,Horror,,
1616630,tt35685005,Rudi: The Blood Nosed Reindeer,Rudi: The Blood Nosed Reindeer,en,,,2026-01-17,/qLxQYDISNRuo95MlXPkkcdW1Bd3.jpg,0.1704,0,0,0,0,0,Released,False,/nTOBVH7w5siAmc3FTR19sGexQsL.jpg,"Animation, Horror",,
1616648,,Hillwood College Theatre Troupe Callbacks,Hillwood College Theatre Troupe Callbacks,en,An unorthodox callback ritual brings about the desperation of two college actors.,Make big choices.,2026-01-15,/yjOh9ew8ZH2zAUxrfsAjptkyQrO.jpg,0.0541,0,0,0,0,12,Released,False,/wNDd6RPTyDCWPCZOvikqsNbBSLI.jpg,"Horror, Comedy",,
1616740,,The Knock,The Knock,en,"Alone in a crumbling house, a failed filmmaker’s quiet night takes a terrifying turn after a knock at the door forces her to confront everything she tried to forget.",,2026-05-01,/ryBML83p9q3yVnlE8zgfXGgwfyF.jpg,0.7839,0,0,0,0,0,Released,False,/mgVM8ZEpnBqvHYWFu2QjdFEcblK.jpg,Horror,,
1616914,tt39226769,Tele XXX,Tele XXX,en,A middle-aged recluse spirals into sexual mania when he is seduced by his television.,,2026-01-13,/d8wWll0xoe0Q7Vp1e2cUP6TG7DH.jpg,0.3966,0,0,0,0,9,Released,False,/avGtlz6ad0yvnRQ8oMe7HOeACPQ.jpg,"Drama, Horror, Comedy",,
1617135,,Tick,Tick,en,"A couple tries to conceive a child on Martha's Vineyard, but their idyllic vacation unravels when strange rashes begin to appear on their bodies.",Quench your thirst.,2026-01-17,/5U7v94tCrYXd5fEkApxKQRBTliV.jpg,0.9109,0,0,0,0,14,Released,False,,Horror,,
1617148,,MONO,MONO,en,"Can I talk to you for a second? What if someone promises to tell you the truth? Would you believe them? A short film following a burnt out call worker, a thunderstorm, a haunted VHS and an event that changes their very idea of the truth. Mono was created by St Ghosty Creatives in 2026 following funding for their 'New Immersion' programme of work exploring immersive and technical exploration in performance and media. (Content warnings - reference to self-harm, reference to mental health and flashing lights.)",A short film that promises to tell you the truth,2026-01-05,/1uM39OPnkDAxvcBHP34EJ4J6K5A.jpg,0.2282,0,0,1200,850,7,Released,False,/xOl5QdtEeroXizvxCUbIDWr5CiO.jpg,"Horror, Animation, Drama",,
1617166,,Your Sandwich Is Always Rotten,Your Sandwich Is Always Rotten,en,"A depiction of a nightmare, where the dreamer tries to escape someone else’s house",,2026-01-17,,0.0261,0,0,0,0,5,Released,False,,Horror,,
1617221,tt7740330,Nuptials,Nuptials,en,"A young couple on their honeymoon is forced to experience each other’s darkest desires. As the lines between reality and sanity blur, a sinister presence keeps them trapped in their bridal suite and tries to seduce them towards unbearable truths.",,2026-02-13,/x7YY5QEREXLuwwTVXf64Hbo8zdZ.jpg,3.3869,0,0,0,0,88,Released,False,/uzc3JythO3s6aHyj44EmFQidUot.jpg,"Horror, Romance",,
1617234,,The Actor,The Actor,en,A young actor attempts to finish their self audition tape. But a series of never ending interruptions sends him into an existential spiral.,Feel free.,2026-10-02,/4v7y7Kzel089gHfE0ChI9RpKck0.jpg,0.3465,0,0,3000,0,15,Post Production,False,,"Thriller, Horror",,
1617292,,Shame on You,Shame on You,en,Silas sinks into a nightmarish journey of self-doubt and shame.,IT WILL FIND YOU,2026-01-16,/hCPpcrKbLqFMocdTd8mJMu0dDPO.jpg,0.2073,0,0,0,0,6,Released,False,/1i4nAcwi6mVTRcweKP2QYVyIgvT.jpg,Horror,,
1617833,tt39346127,Tally,Tally,en,"A man, dissociated with the world around him, slips into his unconscious mind to find horrors beyond his imagination.",,2026-02-28,/u7axFqsrEmtUbuEDNz6SKVpV1aD.jpg,0.0416,0,0,0,0,2,Released,False,/5dwnJklFE0grjs04sfo1v1n5XgP.jpg,Horror,,
1618086,tt37887424,The Knock Knock Man,The Knock Knock Man,en,"A group of teens dare each other to summon a mysterious figure from an old urban legend but what was suppose to be a harmless game turns deadly when one of them breaks an unspoken rule, unleashing the terrifying entity into the real world. Now hunted one by one, the friends must uncover the dark origins of the legend and find a way to banish the spirit before the knocking comes for them next.—Joseph Mazzaferro",Horror has a new name - The Knock Knock Man,2026-01-16,/2GVbMJnciDlYNAbFjoebr6Z8knk.jpg,0.3348,3,4.0,0,0,75,Released,False,/bsX48DvTzlqpHsLEaBM3aJEamXS.jpg,Horror,,
1618391,,DARK CORNER,DARK CORNER,en,"A guy experiences paranormal activities in his house. He thinks it might be a ghost or a dark spirit, but the actual situation is worse then it seems.",Time resets. The horror doesn't.,2026-01-01,/1Y24Byv5dh3jteL1Cikx7hiVM7W.jpg,0.0492,2,8.5,0,0,6,Released,False,/c1Pyz4PV3qYRpnjOVoUicao7oBV.jpg,Horror,,
1618792,,Murderings of 2026,Murderings of 2026,en,"A movie filled with passion and heart, based on a true story of a savage killer attacking a group of losers.",Oscar runner up of 2026,2026-01-17,,0.4195,0,0,0,0,2,Released,False,,"Thriller, Horror",,
1618829,,Just Another John,Just Another John,en,"An unknown entity closes in around John, keeping him trapped inside his house. The only thing protecting him from being crushed is the Pomodoro timer ticking down on his kitchen table.",,2026-12-25,,0.8078,0,0,0,0,0,Planned,False,,"Mystery, Fantasy, Horror, Comedy",,
1618843,tt38984885,Betty's Revenge,Betty's Revenge,en,"Three college seniors venture to the abandoned Dizzy Dishes cabaret club while researching its fiery past. They encounter the former owner, Betty — who claims to be half woman, half “something else.”",,2026-02-17,/bEKBq4wYItRS24TIwmFDCLift4Z.jpg,1.7466,1,3.0,0,0,74,Released,False,/pXOyY9QUdtrZRGQYIpun0BinEQl.jpg,Horror,,
1619089,,LUCERNA,LUCERNA,en,"Trapped in recurring dreams of her own death, a young woman must
 confront the buried memory of her father’s suicide in order to
 finally wake up.",The Thin Line Between Reality And Perception,2026-01-06,/iXsuSs5jtc2uCpTnGS1a67KGrOZ.jpg,0.2288,0,0,0,0,5,Released,False,/ufhyAZADwBGq6BrOPy1OWLI3HAC.jpg,"Drama, Thriller, Mystery, Horror",,
1619294,,The Fallen,The Fallen,en,"a secluded Airbnb near cursed woods, a young man battling grief and addiction is lured by a demonic force that feeds on despair. As his faith unravels, only his girlfriend’s devotion to God stands between them and eternal darkness.",When faith breaks something answers,2026-01-17,,0.4985,1,7.0,0,0,25,Released,False,,"Horror, Drama",,
1619310,,CRIMSON DESIRE,CRIMSON DESIRE,en,"In this 1940s romance-turned-thriller short film, a young doctor meets his new patient and is instantly infatuated with her kind heart, stopping at nothing to obtain it.",,2026-02-14,/wonzwXwlAeBN4hUZlUWXfxI0OJo.jpg,3.4916,0,0,1350,0,9,Released,False,,"Romance, Horror, Thriller",,
1619430,tt39373119,Tape Me,Tape Me,en,"Watch Me, Torture Me, Tape Me, follow Faceless as he catalogues his stalking, kidnapping and torturing of his victims. His victims range from privileged socialites and the financially desperate promised salvation through a deadly game.",,2026-01-30,/93XHhfgfoNKP6PyTnmuYzcK4c1b.jpg,1.794,0,0,0,0,122,Released,False,,Horror,,
1619543,tt39122906,Visitation,Visitation,en,"Guilt ridden from missing his father's death, Gavin Stenson becomes haunted by a frightening manifestation.",,2026-01-22,/lHlaw5vLtYAc5DaPOSal6oWZbMf.jpg,0.9162,0,0,0,0,18,Released,False,,"Horror, Drama",,
1619601,tt37884542,Oxpecker,Oxpecker,en,"Ruweena and Zoe were best friends - well, sort of. Actually, it was more like Ruweena followed Zoe everywhere, from lunchtime to after school and even to uni, while Zoe kind of… tolerated her.  Then, six years ago, Ruweena disappeared and left Zoe all alone. Zoe likes it better this way. Doesn't she? So why is it that she still keeps the single bed they used to sleep in - why is it that she lets Ruweena kiss her the moment Ruweena reappears?  And why does it feel as if there's something terribly, awfully wrong with the bed they used to call theirs?",,2026-02-24,/uZHaRpQqCNezVxluTHRHnP15MmX.jpg,0.1967,0,0,0,0,18,Released,False,,Horror,,
1619631,tt19852976,Dreams of a Dead God,Dreams of a Dead God,en,A follow up story to The Call of Cthulhu set in Louisiana.,,2026-01-24,/jBBrG3jjJsdyehZfzpB5OzlXlWS.jpg,0.6903,0,0,0,0,36,Released,False,,Horror,,
1619635,,Theremin,Theremin,en,"Set in the 1920s, two brothers in search of a new life encounter a secluded house that offers them what they desire most...at a cost.",Permanence has a price.,2026-01-20,/kbjGayn3VeIdpnQbvVsgPl1TjD.jpg,0.5246,0,0,0,0,17,Released,False,,"Horror, Drama",,
1619657,,Early Bird,Early Bird,en,A man faces an unknown threat after he wakes up in the middle of the night.,...gets the worm.,2026-01-22,/zq9QzMcqX1uxrTsEU7TGdz2xvfW.jpg,1.1903,0,0,0,0,7,Released,False,/8UuLzIr1iRBJhIdZFIxtS9TkTvJ.jpg,"Horror, Drama",,
1619720,,Lab Rat,Lab Rat,en,"A terminally ill young man is recruited for a secret government experiment, but during an interrogation he encounters an unknown force that turns scientific research into a deadly ritual.",Case #67,2026-01-15,/ir4775Cmqy5kIOjS8t28mcXjRXv.jpg,0.3329,1,10.0,0,0,5,Released,False,/rychEUVFYZZtodbNo3S9UPzcaqf.jpg,"Thriller, Horror, Mystery",,
1619765,tt37333913,House Sitter,House Sitter,en,"While house-sitting for the mysterious and wealthy Harold Finch, three friends find themselves hunted by a masked killer. As they fight to survive, chilling clues hidden throughout the home reveal that this suburban nightmare may be part of something far more sinister…",Some guests never check out alive,2026-01-20,/kg0iBelMSdtbbGS6G9CkYaTsCGD.jpg,3.0184,0,0,0,0,87,Released,False,,"Horror, Thriller",,
1619837,,To be Judged by the Fool,To be Judged by the Fool,en,"After a devastating loss, a young man enters a forest with a camera, speaking into the void as his grip on reality begins to shift. Fragments of a fairy tale echo his path, while a figure known only as The Fool lingers nearby - unseen, uninvited, and slowly closing the distance.",Some thoughts don't let you walk alone.,2026-01-01,,0.0214,0,0,0,0,0,Released,False,,"Drama, Horror",,
1619848,,Özel Bir Ders,A Private Lesson,en,"Two young girls arrive at the home of Ali, a former teacher, for what should be an ordinary private lesson. As Ali’s unsettling mannerisms and an oddly timed joke begin to blur the line between humor and unease, the house itself seems to awaken: echoing with inexplicable, paranormal disturbances. A Private Lesson is a tense blend of horror and drama, where nothing is incidental and every corner hides a quiet, creeping revelation.","“If I say carrot, come out; if I say banana, stay put.”",2026-04-02,/bW8YQD1mC0FICIvimsJXmokoMly.jpg,0.0665,0,0,50,500,12,Released,False,/k9OdBUVJgIkei6OGxleEH3NVRTO.jpg,"Thriller, Horror",,
1619894,tt39380682,Sweet Cherries Ahead,Sweet Cherries Ahead,en,"While hitchhiking through the countryside two girls, Dove and Helen, are drawn into a mysterious and unsettling underground world. What begins as a search for freedom spirals into a nightmare descent where trust fractures, reality blurs, and survival demands hard choices.",Cherries are sweet until they turn rotten,2026-01-17,/atdGJpk8GT4lKfCYlxgVGeo2S90.jpg,0.4025,1,10.0,0,0,56,Released,False,/nZSKzynAisMyQoVn7WeoKLsgBfe.jpg,"Horror, Thriller",,
1620061,,It Comes in Waves,It Comes in Waves,en,A man is desolate and obsessed with a mysterious transmission from another place and he will desperately tune through the static until he finds it again. Or it finds him.,,2026-01-11,/v5k2YEkL2qMh32w8SsjumODCXqR.jpg,0.112,0,0,0,0,13,Released,False,,"Horror, Science Fiction",,
1620150,,The Masks We Wear,The Masks We Wear,en,"After hearing a strange rhythmic noise in the middle of the night, a shut-in named Gabe experiences one paranormal terror after the next.",,2026-01-21,/sFhdfTTySeWiuVODDJ8mJuIliiP.jpg,0.0379,0,0,0,0,9,Released,False,/3z5QvmHhqLRuPqmSLpSDsXMkpY9.jpg,Horror,,
1620196,,The Crack Gaff,The Crack Gaff,en,A group of teens with a fake ghosthunting youtube account stumble upon a haunted house that starts to feel a bit too real.,Spookyy,2026-03-03,/2LOtdVC7WNA7F7P6RwNuZwWxq0F.jpg,0.0527,0,0,0,0,15,Released,False,,"Comedy, Horror",,
1620201,,Sandwich,Sandwich,en,A young man goes on a wild journey for a sandwich.,"Ham, Cheese, Two Slices of bread.",2026-02-10,/xw9aCOOSWgqANNb3zi2qPC19gNO.jpg,0.048,0,0,0,0,3,Released,False,/dGFGNe1eH8dYpfxpvORISoKdzNr.jpg,"Horror, Comedy",,
1620236,tt39383775,The Gilded Mirror,The Gilded Mirror,en,"The Gilded Mirror follows Charles Randolph, a once-renowned performer haunted by his wife’s death. When a young woman comes to audition for him, their encounter unravels into a world of illusion and obsession.",Through the curtain...you'll be a star on the stage.,2026-06-19,/PVK3ndJuC5xO7uTHiC1EyxW13k.jpg,0.5124,0,0,0,0,11,Released,False,,"Mystery, Drama, Horror",,
1620267,tt37433265,Horror-on-Sea: 13 Bloody Years,Horror-on-Sea: 13 Bloody Years,en,"A documentation and celebration of 13 years of the Horror-on-Sea film festival in Southend-on-Sea, Essex, U.K.",,2026-01-24,/oCYLhBZ18gX42eSBpULEEquvt4p.jpg,0.8838,0,0,0,0,0,Released,False,,"Documentary, Horror",,
1620269,tt38350718,looksMAXXING,looksMAXXING,en,"When a dopamine-depleted young man joins an online forum promising a better life through physical perfection, he descends on a destructive path.",You're ascending.,2026-05-20,/dnZ7z6pN4bLz7lV5zHZmgW9uw9c.jpg,0.9326,1,10.0,0,0,15,Released,False,/6ET2D3BUNJaxKWYaQohYZjDLCpb.jpg,Horror,,
1620441,,FUCK FACE,FUCK FACE,en,A single mother and her child are put through a nightmarish ordeal when a politician knocks on their door.,SKIN!,2026-02-23,/2d6Mdu2U7rsnZm5qrfZjZFNtusi.jpg,0.4476,0,0,1000,0,8,Released,False,,"Horror, Comedy",,
1620544,,Plastic Sleep,Plastic Sleep,en,"Sadie has just killed her manipulative billionaire husband and escaped with her daring lover Mercy. But it's not a fairy tale ending yet: unbeknownest to Mercy,  Sadie bares a secret from her, which she can't bring herself to get rid of. Only, Mercy's not acting like herself anymore. Someone else is controlling her like a doll.",Nightmares are Custom-Made,2026-01-29,/jE6HKWTbYf89uFdM909laT4vTXj.jpg,0.9593,0,0,0,0,24,Released,False,/xK6DVhniRf91UyHaydIK7205kud.jpg,"Thriller, Horror",,
1620674,,Daisy,Daisy,en,Curiosity gets the better of a whimsical girl when Daisy washes ashore...,You saw Daisy...,2026-07-05,/rvVW2zARLPbWsigLeO8DeAj6E2T.jpg,0.0118,0,0,0,0,5,Released,False,/7U7BOatPxDo0LseoG3neOxpuWh1.jpg,Horror,,
1620711,tt39386166,Its Presence Between Us,Its Presence Between Us,en,"Jean and Brendan have been dating for a couple months now. It's that sweet spot: Brendan's still enamored with Jean's career as a painter and Jean still finds Brendan's less-than-clever jokes funny. But as they begin to enter the thrilling and butterfly-inducing journey of physical intimacy, it is revealed that all may not be well. Brendan's riddled with anxieties in the bedroom, and Jean's own residence is overshadowed by something potentially more lethal: A poltergeist.",,2026-01-24,/gFgcKRDHg9nUoewdyjo6kP5XmnE.jpg,0.9367,0,0,0,0,90,Released,False,,Horror,,
1620834,,GREED,GREED,en,A man suffers a moral crisis after discovering a bag of stolen religious artifacts.,PAID IN FULL.,2026-02-11,/7RR0OF5jG4dc2oTOGHoj2MEDfE0.jpg,0.2274,1,9.0,600,0,10,Released,False,/iEDTXlJTfDmp7Sy464kb3H7noTY.jpg,"Thriller, Horror",,
1621108,,BOOTSTRAPS,BOOTSTRAPS,en,Alone. Empty. Followed. How fast does fear make you run?,“There’s nothing to be afraid of…”,2026-01-22,/vH5vTSXijv7z9OXTsESTsW5XPia.jpg,1.8779,0,0,0,0,3,Released,False,/sgH2j5DaGszEJdpiWruAh6uffxR.jpg,"Horror, Thriller, Mystery, Fantasy",,
1621122,,210126,210126,en,This film is an exercise in observational cinema and it's emotional effect on the viewer. Shot on iPhone 11 and completed within a two hour timeframe.,"21st January, 2026. An observational experiment.",2026-01-22,/4I4GisVw5pHDJBkPWhrfYLDA6Qq.jpg,0.2352,0,0,0,0,1,Released,False,/ktYiI5B5xidlqcFQuttmcXxFUq9.jpg,Horror,,
1621329,,Tokophobia,Tokophobia,en,"While her mind is drifting, right when the kettle begins to whistle, she hears a something outside. It's a trash bag. Inside it, a pregnancy test.",Scarlett Campbell speaking.,2026-01-23,/j3WG7kSeIViSmdCaEUL8A7MLNMD.jpg,0.9259,0,0,0,0,5,Released,False,/nXaklwRbb8DZdqBnHIWlPbQF6wL.jpg,Horror,,
1621417,tt39390097,Static Windows,Static Windows,en,"At 3:13 AM, a lonely insurance worker notices a pale figure standing outside his window, quietly filming him in the dark. Night after night he searches for answers, but the closer he gets to the truth, the less it seems to make sense. Soon the line between watcher and watched begins to dissolve.","Consumption, Complicity, and a Camcorder",2026-06-14,/ssU84a3lntSlMNHMWWRXUWDQhjR.jpg,1.2314,0,0,9000,0,0,Released,False,/szfPU49NPQPIuTmDDers47DJWaG.jpg,"Thriller, Horror",,
1621448,,Peril on the Canvas,Peril on the Canvas,en,"A troubled painter suffering from burnout stumbles upon an online trend: blind painting. But when he attempts the technique, he realizes he's unleashed a parasitic monster that is slowly destroying his life and the people around him.",Never let your work consume you.,2026-01-14,/44rQGzu1ozO3kMTalgU1jmN0ICp.jpg,0.1601,0,0,0,0,52,Released,False,/7VX10sXM9SILBW0dIjD7v5h4jIQ.jpg,Horror,,
1621536,tt38267629,Desolation Heart,Desolation Heart,en,"A confused young woman is detained by two mysterious scientists determined to study her uncontrollable ability to move between dimensions. During questioning, she reveals that this very power caused the end of the world. When she realizes the scientists plan to take full control of her, she makes a desperate escape – uncovering the horror of their true identities. A visually striking, black-and-white thriller with a complex, gripping story.",,2026-01-22,,0.6523,0,0,0,0,12,Released,False,/wPgL2kIML1cHyEKPYb0GsMtsFDB.jpg,"Science Fiction, Thriller, Horror",,
1621787,,Bleeders,Bleeders,en,"Iris is hooked on Ichor, a mysterious and powerful drug that offers strength and euphoria at the cost of an unquenchable thirst for human blood. Finding herself out of Ichor, blood, and time, Iris takes to the streets to hunt for more.",Drink your fill,2026-02-18,/pap2Cp5fjnTAuVIrCD81Zp6HymQ.jpg,0.55,0,0,0,0,20,Released,False,/1d9yCDnQL4xOk17ji9gPP25c3Nz.jpg,Horror,,
1621891,tt39390501,Separate Ways,Separate Ways,en,"The story follows Leah, a resilient young woman navigating a world reshaped by a sudden and terrifying outbreak. As society collapses and the threat of the undead looms, Leah struggles not only to survive the new dangers around her but also to process the emotional weight of her past. Through haunting flashbacks, we glimpse her relationship with Mason-her longtime partner-and the unresolved tensions, love, and missed moments that defined their life before everything changed. Blending intimate relationship drama with apocalyptic horror, the film explores how ordinary human conflicts are magnified in extraordinary circumstances. As Leah moves between memories of what once was and the harsh reality of what now is, she's forced to confront loss, love, and the difficult choices that come with survival.",,2026-03-27,/pN8TR9lSvLcaprCwi7254WQMb8T.jpg,2.2393,0,0,1500,0,15,Released,False,/gXjpStANdrymMj8wVJ2K465IsPi.jpg,"Drama, Horror, Thriller",,
1621902,tt33051719,Galicia!,Galicia!,en,What if you went on a holiday and the apocalypse happened?,,2026-01-23,,0.4536,0,0,0,0,66,Released,False,,"Documentary, Horror, Comedy",,
1621921,,Revenge of the CB,Revenge of the CB,en,"Buster is a careless provocateur whose life spirals after he commits a humiliating prank known as “CBing” a stranger—an absurd act he never expects to matter. The victim disappears, only to return masked as a silent luchador, stalking the city with a singular purpose: to hunt Buster down and reclaim his dignity. As paranoia tightens and the joke curdles into consequence, the line between comedy and vengeance collapses into a tense, surreal reckoning.",,2026-01-23,/kuQSFf33HAgj8reOxvI3eXUorCh.jpg,0.0173,0,0,10,0,3,Released,False,/aEz7FLVb448M1kxFJb0jg9WKViK.jpg,"Comedy, Horror, Thriller",,
1622040,tt32758593,Lights Camera Death,Lights Camera Death,en,A group of aspiring actors gathers at a remote holiday house to shoot a horror film with a promising director who harbors a dark secret. He knowingly allows them to discover a sinister symbol that serves as a gateway for a demon.,There is no take two!,2026-02-16,/aQiHAdjq3mWe90eUzDGGY1OYkA9.jpg,0.8673,1,10.0,1,0,73,Released,False,/oa0V7q5M3UoIDqze2upoUvMMx4D.jpg,Horror,,
1622116,,Ananás Sangrento,Ananás Sangrento,en,A pineapple gets extremely offended.,,2026-01-23,/1WR8TNUIi2ROJY17WuOHDoBCEnC.jpg,0.7274,0,0,1000,0,3,Released,False,,"Horror, Comedy",,
1622163,tt40193283,Variations on Violence,Variations on Violence,en,"Consumed by the distant violence he witnesses daily, a military drone pilot drifts toward self-destruction, leaving his sister to face the intimate cost of war fought far away.",,2026-03-07,/7fiyk8XNWVIZBdnJdIYnocpG4ev.jpg,0.8189,0,0,0,0,71,Released,False,/tJVJtYjpKWMzSjwx1DoWSbDb6dv.jpg,"Drama, Horror, Thriller",,
1622490,tt36144283,Blue Murder,Blue Murder,en,"On Halloween night, a carefree nurse is overtaken by the vengeful spirit of a notorious serial killer—one who believes their victims had it coming.",,2026-01-01,/1Y8btBGFBZJ9vecq7JvjAii0XSi.jpg,2.0641,0,0,0,0,94,Released,False,/kZXRNz9Blsdq3G9PrG49kIgTKxI.jpg,Horror,,
1622520,,biarkan aku ganti,biarkan aku ganti,en,a woman experiences the same day...but is it a time loop?,apakah aku hidup?,2026-01-26,/cRZkQ6CdBsUxwLxYCm2HHAM6EUQ.jpg,0.2318,0,0,0,0,79,Released,False,/hubIvG6AEtvU0vQyHmH86rVvPoM.jpg,Horror,,
1623284,,Blood Orange,Blood Orange,en,"An anxious woman goes about her day as normal, but nothing seems to be going her way.",,2026-06-26,/oUWL8RPJEGyo7tC4WzM9xROMr9f.jpg,0.8167,0,0,0,0,5,Released,False,,"Horror, Comedy",,
1623311,,The Party,The Party,en,A young woman is pulled away from a colorful party and thrust into a nightmare.,It's so loud in here. Wanna go back to my dorm?,2026-01-23,/voNOYvs0e5wVIbr1hAs9LIZr4Iq.jpg,1.1426,0,0,0,0,6,Released,False,/72RCOmWEbCurdc5tXJorfw0z7YQ.jpg,"Horror, Thriller, Music",,
1623342,tt26672255,Only the Dead,Only the Dead,en,"In the dying breaths of the 19th Century, a girl sits locked in an unlit room. And the hunter who's trapped her there wants something other than her life: her power.",Blood is Power,2026-01-21,/dsFrimMbSnH0UMCe8rfcmPZR7PC.jpg,0.2714,0,0,0,0,10,Released,False,/2bqGajuvQrsUw9Shv5drVHMjYKc.jpg,"Horror, Drama",,
1623422,,It Wears My Face (Give it Back),It Wears My Face (Give it Back),en,Llew’s personal life is threatened when an evil doppelgänger appears,Your Face. Your Funeral.,2026-01-26,/juGSL4UMk9rtYarpAPUGNpiYPo1.jpg,0.0968,0,0,4500,0,18,Released,False,/4gHTjMC0ghdrPdrWl57zXep3Lmx.jpg,"Comedy, Horror",,
1623517,tt39396063,Shocktopus,Shocktopus,en,"An alien amoeba crashes to Earth and mutates aquatic life along the shores of North Carolina, unleashing an electrified octopus that terrorizes a seaside resort. Two special operatives try to stop the shock wave of cosmic carnage.",,2026-05-26,/bKDcQ0YTsJjzcawiAqcRhMqSasK.jpg,2.8602,1,1.0,0,0,71,Released,False,,Horror,,
1623588,,Skid Marks,Skid Marks,en,"In this short thrill, the Steele family is headed to their ski cabin as they so often do, but are met with a horrific twist.",We need to feast…,2026-01-27,/oe0ePpj6JBmi2jYUL5VDxc7NA8R.jpg,0.1112,0,0,0,0,10,Released,False,/gXWGhB4gXxPzNqYiYlO0cLe5FMe.jpg,"Thriller, Horror, Family",,
1623674,tt31721994,Granny DJ,Granny DJ,en,"Granny DJ is forced to confront a horde of demented creatures, spawned by her own inner demons, in a daring quest to save her beloved granddaughter.",,2026-01-23,/h2uqfd6hG9vME6NBCjgqSVyJMhZ.jpg,1.3658,0,0,0,0,11,Released,False,,"Comedy, Horror",,
1623686,,Asmodeus,Asmodeus,en,An intimate meeting is shadowed by strange details that refuse to explain themselves.  Not everyone leaves a house the same way they entered.,An intimate meeting slowly unravels as something ancient and unsettling lingers beneath the surface.,2026-01-21,/owFw88M6etptuOP7uFyzxAcO5me.jpg,0.1038,0,0,0,0,11,Released,False,/jp7Za6LylrqW0Q24WpZZQZnMwFO.jpg,"Horror, Thriller",,
1623784,,Unfinished,Unfinished,en,A writer's attempt to redeem herself through a cyclone of reimagining a heartbreak.,Wait! Don't leave...,2026-01-30,/u9hGwXfNHl9pytN983nKwDbJaG0.jpg,0.9126,0,0,0,0,11,Released,False,/3EOH7hWRnfWvOpnvYpd1FJ5lbyS.jpg,"Drama, Comedy, Horror, Music, Romance, Western",,
1624101,,Detention,Detention,en,A high school student gets caught up in a late night chase from a masked individual.,DON'T BE LATE,2026-01-27,/dkmfUbIKi0mr5FsVav61oxPGjWz.jpg,0.1589,0,0,0,0,3,Released,False,/eIS9swsWNTjHMcrAyNYdS1PTQis.jpg,"Horror, Thriller",,
1624214,,Incidents on Set: The Quizzical Minds Murders,Incidents on Set: The Quizzical Minds Murders,en,Previously unreleased footage surrounding the cancellation of the trivia game show Quizzical Minds.,This film is dedicated to the victims of Iris Kelly.,2026-01-28,/7XV6GjsflAMvZ7b0Glp3QuXJgDB.jpg,0,0,0,0,0,10,Released,False,,Horror,,
1624353,tt39392817,Bleederville,Bleederville,en,"All the monsters you can’t believe are true lurk where you live, the beasts and ghouls and demons have moved to the suburbs. Your toes will curl, your spine will tingle, and the streets will run with blood. Welcome to Bleederville.",,2026-02-28,/omnV1lorNUPJJJFGbYQCAoMleGC.jpg,1.4454,0,0,0,0,89,Released,False,/f2LEmiv0cPjWjHsOxKyNzjw1yuh.jpg,Horror,,
1624565,,The Phone Booth,The Phone Booth,en,"A man is anxiously waiting for a pay phone to ring, while a dark presence is observing close-by.",,2026-09-13,/if31RQl9HFtV07bdbe13mQ2GZh9.jpg,0.0614,0,0,221,0,5,In Production,False,,Horror,,
1624609,tt38933675,Absolution,Absolution,en,"A minister visits a grieving family in the midst of a missing mother, and finds evil lurking in their home.",Fear God,2026-06-10,/3lPxCACKWt9KOl0KUm266A8MeY6.jpg,1.0108,0,0,0,0,11,Released,False,/o6Z0fJJhrClIS5TxZ07ysHQJoAx.jpg,"Horror, Drama",,
1624611,,How Come,How Come,en,Two young girls find a fishbowl.,Look Forth....,2026-01-27,/bUQaCieedZtfDi0ANaUgj0ZG1k0.jpg,0.1723,1,10.0,0,0,2,Released,False,/o8KivAB9bwNxZtaiGA3xYrWcsfr.jpg,Horror,,
1624643,,Nightmare Blunt Rotation,Nightmare Blunt Rotation,en,three friends get stoned and accidentally summon a demon **oopsie**,three friends get stoned and accidentally summon a demon **oopsie**,2026-01-27,/6cLWES7dAAfmwag55sxYwE1LYgB.jpg,0.0071,0,0,16,0,5,Released,False,,Horror,,
1625322,tt33084842,REFLECTION OF A DEADMAN,REFLECTION OF A DEADMAN,en,"Haunted by a fleeting encounter, a man becomes consumed by his obsession with a stranger.  Drawn deeper into the streets of Paris, he follows the figure through an urban underworld where identity blurs, time fractures, and meaning slips out of reach.  Inspired by Edgar Allan Poe’s ""The Man of the Crowd,"" REFLECTION OF A DEADMAN is a hypnotic  descent into dissociation, anonymity and the quiet terror of losing yourself while trying to find yourself.  Shot on location in the alleys, cemeteries and catacombs of Paris.  Watch for free on Film Shortage.","""Who is it who speaks these words? And who is it who listens?""",2026-01-21,/4U4H6SiRX4AMdRFbIfRSmwzElAT.jpg,0.6118,2,9.0,0,0,8,Released,False,,"Thriller, Horror, Mystery",,
1625523,,Tecolote,Tecolote,en,"In 1873, a witch marks a family for death.",¡Que Dios Me Ampare!,2026-05-17,/lp6alz2yFJ4WKpRC06njt3ErT9H.jpg,5.5111,0,0,0,0,0,Released,False,/yRV8zVoc4POUFuuHiqVkXTOirlZ.jpg,"Horror, Fantasy",,
1625531,,Ovum,Ovum,en,A little mood piece.,,2026-01-15,/4jZkwPBPhCfUKw51rRwWUWvrkcY.jpg,0.0404,0,0,0,0,3,Released,False,/1AKALzQHVDRuTSMaP1QiZ3x5Brq.jpg,"Animation, Fantasy, Horror",,
1625875,,The Chattanooga Syndrome - NOCLIP 3,The Chattanooga Syndrome - NOCLIP 3,en,"In this meta found-footage / documentary escapade, Gavin and Alex head to Tennessee to document the premiere of their previous film, and to follow a tip that will lead them to the most liminal spaces in Chattanooga...",Third Time's the Charm?,2026-06-19,/v46A5pr1Zq9Brmfp2HmJXa76Abt.jpg,0.3082,0,0,1000,0,72,Released,False,/cb9DmEbCttfv5BWKvr8qXWGnQou.jpg,"Documentary, Horror, Comedy",,
1625898,,Disgust,Disgust,en,Music video for the song Disgust by Monoworld.,,2026-02-14,/ziTYC17SJLN23YlLOfCbAwIY7Qf.jpg,0.525,1,9.0,0,0,5,Released,False,,"Music, Horror",,
1625936,,The Fly of Theseus,The Fly of Theseus,en,"If the fly eats the flower, does the fly become the flower?",,2026-01-24,/7hJ2Ziknn7oTyRPhA23UylGiDeM.jpg,0.1671,0,0,500,0,3,Released,False,/FaR580iYAJBitTiep9snIY3ThO.jpg,"Documentary, Horror",,
1625938,,The Seeds of Times - Compassion Circuit - Part 3-4,The Seeds of Times - Compassion Circuit - Part 3-4,en,A men whose wife is at the hospital cares a lot about her but her passage at the hospital changed something...,,2026-02-02,,0.0214,0,0,10,0,3,Released,False,,"Drama, Horror",,
1625977,tt39311735,Mantis Stream! Like & Subscribe,Mantis Stream! Like & Subscribe,en,"Craig gets engaged and chokes to death on a egg, live on the internet.",,2026-03-16,/u2rp97xHYajnVfhb0mg6oD3mt6p.jpg,1.1281,0,0,0,0,9,Released,False,/xQuYZpxLRIXOztNdn1QkSNdo5Al.jpg,"Comedy, Horror",,
1625985,,When They Arrived,When They Arrived,en,THEY HAVE ARRIVED,,2026-01-30,/9oFfLk5akEga257vDWfdnkYPTSo.jpg,0.1358,0,0,0,0,24,Released,False,,"Science Fiction, Horror, Thriller",,
1626332,,Here We Are Again,Here We Are Again,en,"A depressed man decides to finally get out of bed, except his bed won’t let him.",,2026-02-20,/kUJnma5Sh0yN89nsQ97ByrAuZMz.jpg,1.0853,0,0,0,0,0,Released,False,,"Horror, Comedy",,
1626367,,In Sickness and In Health,In Sickness and In Health,en,"While on a romantic getaway to reconnect as a couple after her husband’s grueling exorcism, a devout wife must confront her fears that the ritual failed and her husband is still possessed.",,2026-02-20,/o8c4YjNIe6a2yQKvARf5lFi5hQ9.jpg,1.3651,0,0,0,0,0,Released,False,/jmsQJ1tFn4dNs5FvzoKMyzZt4Q1.jpg,"Horror, Thriller",,
1626475,,Far Out!,Far Out!,en,"Set in 1985, Amy has a strange and otherworldly encounter that follows her into her home.",,2026-01-31,/4apCvK6uPXjmx0UHgQI9mzrGV73.jpg,0.1066,1,10.0,0,0,9,Released,False,/j3AlX8fIEjDZmJbXuz7NIEKwHHj.jpg,"Horror, Science Fiction",,
1626571,,50 STEPS OF BEAUTY,50 STEPS OF BEAUTY,en,"In the mirror, a woman takes care of herself.",When beauty becomes torture.,2026-01-30,/32hdQsfVb7SxDQiAV8AQSdZiLos.jpg,0.2528,0,0,0,0,3,Released,False,/zQg66xU8Ep9kWfAX5aSABoFlvLJ.jpg,Horror,,
1626615,,More,More,en,A recovering addict’s world falls apart when a mysterious box of cereal enters his life.,It’s okay to want more,2026-04-10,/wTMKFlXfumAY93MvN90tsxR6n1i.jpg,0.1741,1,10.0,3500,0,15,Released,False,/pWemwLJPprhcYUXHiIMqahrvUcR.jpg,"Horror, Comedy, Fantasy",,
1626734,,DEAD GRANDMA,DEAD GRANDMA,en,Grandma died at the worst possible moment.,,2026-02-20,/9WCErQIOLTSWOeuKkjpe9NMrdB8.jpg,1.5387,2,7.5,0,0,1,Released,False,/wFDYVpEfvg2eWQzaHfxCAruVCW3.jpg,Horror,,
1626772,tt33317100,Velvicide,Velvicide,en,The two lives of a suicide hotline operator and a recently kidnapped trauma survivor collide in this tale of botched suicide and unconventional redemption.,Escape was only the first act.,2026-01-28,/nyS9N1Fdcc06mCZbKOrkJ6vtyrT.jpg,2.7342,1,10.0,23000,0,100,Released,False,/pgs4fFSq49qZ6qg9USNmt8Yt4Ly.jpg,Horror,,
1627071,,Buyer Beware,Buyer Beware,en,A hilarious new horror story by upcoming director ‘Tommy Linguey’ - Coming Soon,“Try Not To Sell Your Life Away”,2026-08-27,,1.4502,0,0,250,0,12,In Production,False,,"Horror, Comedy, Thriller",,
1627160,,SINKpisser,SINKpisser,en,The discovery of an obscure internet community changes the course of your life forever,piss in the sink or sink in the piss,2026-01-31,/f8Kyp5eLiDZ1zRniEn7DmzXI3zV.jpg,0.2574,0,0,0,0,8,Released,False,/xKM4s334ji9kmUnRp3S6wBWOUrS.jpg,"Horror, Comedy, Drama",,
1627299,,Mapleshade Stories,Mapleshade Stories,en,"In 1975, a serial killer who had murdered eight people in the small town of Mapleshade, CT mysteriously vanished shortly after taking the life of his final victim, a young woman named Dawn Elliot. The murderer, Benjamin Thomas Bishop, would become the towns most infamous urban legend: the Devil of Mapleshade.  Fifty years later, a group of friends investigate the urban legend themselves. This decision would result in bloodshed and the town of Mapleshade reopening its oldest and deepest wound.","ETERNAL, AND ETERNAL I SHALL ENDURE…",2026-01-31,/lPaphxgw3PckCauJIizRAUqRAe3.jpg,0.0286,0,0,1000,0,105,Released,False,/wtKmTxiTn61hx74zRUsFhTcpWoa.jpg,"Horror, Drama",,
1627501,tt40667588,The fri[ends],The fri[ends],en,About a man who realises that his friend break up with him.,,2026-03-14,/t0nbPeUw5gNgFNfqrOYxxJbobcD.jpg,0.0261,0,0,1000,0,5,Released,False,,"Drama, Horror",,
1627954,tt29894031,The Wicker Children,The Wicker Children,en,"Undercover cop investigates disappearance of mother tied to cult, unraveling dark pagan rituals involving her strange children at secluded country house.",,2026-06-14,/kHueOrX9ZdarLdHloqtIHHuTNnc.jpg,0.8553,0,0,205000,0,0,Released,False,/cP1liJXv3YFyq3j7pCJybQkDbxy.jpg,"Horror, Thriller",,
1627994,,unHinged,unHinged,en,An awkward first date takes a turn for the worse when things get too personal.,,2026-02-14,/3JpexzMGeH1Bm72jKYmoxSqMqQO.jpg,0.8595,0,0,0,0,7,Released,False,,"Comedy, Horror",,
1628192,,Fishworld,Fishworld,en,"A lonely man finds comfort in a different body he possesses in an online video game where he communicates with another user named Allis, bonding over gore videos on the internet. One night, he is kidnapped by someone who plans on murdering him on tape.",What's your name? Your real name?,2026-03-02,/xqos2SqXg3osQwufH5HsSVGHMrD.jpg,0.0393,0,0,0,0,16,Released,False,/nEdBKWlE7cElVKFftB7x65PBW0U.jpg,"Horror, Thriller",,
1628360,,Purple Zombie,Purple Zombie,en,A bounty hunter is tasked with retrieving a treasure in a desert.,,2026-02-02,,0.0362,0,0,0,0,5,Released,False,,Horror,,
1628593,tt26270810,The Golden Sarcophaga,The Golden Sarcophaga,en,A drifter of a small storefront church's congregation stumbles across a large insect last seen before Christ and emerging en masse to render a new plague upon the world.,,2026-01-27,/mA79fUpNj1UwEyUkxU8u3Poi1FJ.jpg,1.0133,0,0,0,0,0,Released,False,,Horror,,
1628603,,Horror Hotel: The Phone,Horror Hotel: The Phone,en,A drunken stumbling to the bathroom at a house party leads Caleb to face his greatest fear.,Your room is waiting.,2026-02-02,/d9g8rQrkj8LeegcPYp0ol6R4OT5.jpg,0.1378,0,0,500,0,17,Released,False,/7Kemsx08SDMkCSQ68A7t4uxoH0S.jpg,"Horror, Thriller",,
1628656,,We Become One,We Become One,en,"In a dark room, two clay beings share their first kiss.",,2026-01-01,/4VjGomcWUN976NB143zj6df8UVJ.jpg,0.316,0,0,0,0,3,Released,False,/pyl4WoQFH2xBSJQPSQBN9Ja5u12.jpg,"Science Fiction, Horror, Romance",,
1628708,,Will Wants To Be A Giant Octopus,Will Wants To Be A Giant Octopus,en,An isolated young black man who leaves reality behind to become a giant Octopus.,"Reincarnation, isolation, water and false hope",2026-02-01,/hahwkz7xLHRHIRgtzKST6uHhKC7.jpg,0.9089,0,0,0,0,18,Released,False,/4eyp4lPiUT9w4f5fpAHX137qY9c.jpg,"Drama, Horror, Fantasy",,
1628777,,Trash Attack,Trash Attack,en,"A dysfunctional couple consisting of slob and a hardworker argue over who should take out the trash. The slob reluctantly dumps the trash at a nuclear waste site, causing dangerous consequences.",TAKE OUT THE TRASH,2026-02-11,/4sHlwFtSIgCAEKrxtfVEQNOUiJq.jpg,3.503,0,0,0,0,6,Released,False,,"Horror, Comedy, Science Fiction",,
1629258,tt38189712,Oldburgh,Oldburgh,en,"The story of one ned's desperate attempts to preserve the filth of his rotten town, Oldburgh.",We Were Good People Once.,2026-01-22,/rOLBBObAXOW8XwXoK3aaZKKn5ON.jpg,1.5397,0,0,5000,0,111,Released,False,,"Comedy, Fantasy, Horror, Music",,
1629275,,Empty Archetypes,Empty Archetypes,en,"Three figures, supposedly representing human forms seen through light levels far below the visible light spectrum, have a series of conversations in a waiting room.",They're waiting for you in the infrared.,2026-02-04,/u4BFjRaz6R8QXS9k4gl8MhYnSAd.jpg,0.0745,0,0,0,0,8,Released,False,,"Horror, Science Fiction",,
1629355,tt39368474,Black Zombie,Black Zombie,en,"From the flickering screens of Hollywood horror, to the haunted cane fields of colonial Haiti, Black Zombie unearths the buried origins of the zombie, reclaiming it as a symbol of survival and spiritual resistance.",,2026-03-13,/jhvCegka5vWTfXOWYDn4EVMamG1.jpg,2.4605,0,0,0,0,90,Released,False,/ig87OKl7mPPjfrhWKSApvkja9B.jpg,"Documentary, Horror, Thriller",,
1629389,tt40828168,Static Hours,Static Hours,en,"Over the course of a sleepless night, a film student wrestles with exhaustion, corrupted footage, and hallucinations of flickering lights while attempting to finish his newest horror piece. By morning, his imagined visions have somehow reshaped the film in ways he never intended.",BLINK AND YOU'LL -- .. ... ... IT,2026-04-24,/8aG7iIIB1NZpsAmcmow9wIYHWwk.jpg,0.4258,0,0,500,0,4,Released,False,/cENzyhvOYlBkRhOGbXAgUAYPWaN.jpg,"Thriller, Horror, Science Fiction",,
1629493,,The Fall Of The House Of Usher,The Fall Of The House Of Usher,en,"In this adaptation of Edgar Allan Poe’s classic story, The Fall Of The House Of Usher, Roderick Usher summons a doctor to take care of his dying sister, Madeline. Only to confront the supernatural forces lurking within his ancestral home.",,2026-03-25,/2gUjeq08O44MCTSvcn5jsbJfHhh.jpg,0.538,0,0,5000,0,5,Released,False,,Horror,,
1629782,,Honeymoon Hotel,Honeymoon Hotel,en,"On the night of her wedding to an abusive husband, a bride meets a mysterious stranger that unlocks her darkest fantasies.",Suffer for HER!,2026-02-25,/fIFctMYt4W62FJzd7D71Rev1Y64.jpg,1.3051,0,0,0,0,13,Released,False,,Horror,,
1629834,,Blue,Blue,en,‘Blue’ is a project by Filippo Cinotti Shot entirely with: Canon C500MKII Nikkor AI-S lenses Evaluated in Davinci Resolve 20 Extra tools: LensNode,,2026-02-06,/10ECVymnLR3GeYCXtqDI1dVbrQ5.jpg,0.1252,0,0,0,0,3,Released,False,/ozTB3PtYqEVZLUzZDqEORdR0eFI.jpg,Horror,,
1629912,,Doppelganger,Doppelganger,en,"A man spending the night alone encounters an intruder. But, this intruder is more familiar than the man first thought.",I AM WITHOUT EVERYTHING THAT IS POOR WITHIN YOU,2026-02-05,/lGKayPU3GszIHpeSxntppe4UarJ.jpg,0.0499,0,0,0,0,3,Released,False,,Horror,,
1629915,tt3963661,Born to Darkness,Born to Darkness,en,A domineering professor struggles to keep his sons in the dark.,Are you in the dark?,2026-02-05,/dEysf5gQXszfOJWBl9K0sUD1172.jpg,0.6732,1,10.0,500,0,12,Released,False,,Horror,,
1629959,tt37894791,HELP,HELP,en,"An exhausted nurse slaughters what she thinks is a horrifying bloody mangled monster to survive the night, but the truth she uncovers in the aftermath is far more horrifying than any creature.",Fear thy neighbor.,2026-02-05,/we0vrdRIRx5mhEAvanOXnAr2Nsh.jpg,3.1723,1,6.0,2000,0,11,Released,False,/6k5AWzRlcsNItcAIA5udflzkjQV.jpg,Horror,,
1629961,,Follow the Light,Follow the Light,en,"A lone figure moves through a quiet, dark space as the victim resists.","The fear of something being there, even when it isn’t.",2026-02-04,/kFRjd5TnhcsoppC4usfApeEIq5t.jpg,0.7744,0,0,0,0,2,Released,False,/flprO8n38lf1V1Ce4g5v2Qq9Ibw.jpg,"Thriller, Drama, Horror",,
1629970,tt39535494,Defiled,Defiled,en,"A man ventures into the unknown, seeking meaning, but instead finds a nightmarish world where desire and fear collide. As his body and mind unravel, he's dragged through a surreal descent that strips away his identity, reducing him to something hollow and corrupted.",,2026-02-03,/4tyB2zxecbAa4F1ONj2nUntRJCD.jpg,1.2447,0,0,0,0,15,Released,False,,Horror,,
1630001,,Infected,Infected,en,A group of survivors facing an apocalyptic world of the living dead must join forces to survive.,,2026-03-27,/6vGzORnVTku4ab9ZPiXuWokGk96.jpg,1.1315,0,0,0,0,102,Released,False,/rzljvCgCgO5fo8g82VEQN2C6GEq.jpg,"Horror, Action, Drama",,
1630293,tt34623398,They Wait in Shadows,They Wait in Shadows,en,"Two sisters returning to their family home after their mother's death, only to confront the monsters they accidentally conjured with a Ouija board.",Welcome home.,2026-05-12,/zwjw5rqkp47mg2fMwqhHHIzIMJK.jpg,1.639,1,4.0,15000,0,110,Released,False,/hd9QEpXvFYZJTSqnx5of32cMcXB.jpg,Horror,,
1630307,tt38712491,Charlie Shaw's Revenge,Charlie Shaw's Revenge,en,"A group of workers preparing for the re-opening of a remote adventure park on the brink of bankruptcy, find themselves stalked by a silent killer. Cut off from any form of rescue, the survivors must band together to fight for their lives.",,2026-02-13,/fVRD1OFTaMzEqC5ZENJEQ9Tq3Fm.jpg,1.2601,0,0,0,0,109,Released,False,,Horror,,
1630421,tt38810681,Ad/Break,Ad/Break,en,We’ve recently uncovered some lost footage. Take a look…,,2026-03-28,/vn8YIpiXOl2Qkj65mUd0x5I0iC6.jpg,1.7078,0,0,0,0,17,Released,False,,"Comedy, Horror",,
1630440,tt15716368,Bad Voodoo,Bad Voodoo,en,"Two escaped convicts break into a house and take a hostage, only to discover that the hideout houses something far more dangerous: a voodoo curse born from a grieving couple’s thirst for vengeance. As the night spirals into terror, they must battle an unseen power that feeds on guilt, blood, and lost souls.","Justice, not revenge.",2026-02-10,/8z9CkHQaPy4eaoVwFubQF0iqgBt.jpg,2.7499,5,3.6,0,0,86,Released,False,/6rLaRBNSwnrt9JG7himGqYpPnkz.jpg,Horror,,
1630475,tt39257956,Dead Roommate,Dead Roommate,en,"Struggling with anxiety and loneliness, college freshman Victor forms an unexpected bond with his new roommate Abbey, who died in the dorm decades earlier. Together, they discover friendship, courage, and the comforting sense of belonging.",Friendship changes everything. Even in Death!,2026-04-10,/tiyG8NyQ5mUQ6L6548I0QCpfQo2.jpg,2.6988,0,0,0,0,19,Released,False,/fJlGZo6bwOAOcuDjBHkjnGxjrHO.jpg,"Horror, Comedy, Drama",,
1630658,tt39695133,Nails,Nails,en,"NAILS is a black and white, dialogue-free surreal horror short film. The story is carried through image, rhythm, and score rather than dialogue.",,2026-02-05,,0.1395,0,0,0,0,3,Released,False,/3zIrotWy9yYn0GaRL5Bx8KMHGmv.jpg,Horror,,
1630722,tt25967306,Lies Within Us,Lies Within Us,en,"A birthday visit turns deadly when a terminally ill genius lures a couple to his mansion, hiding a twisted plan years in the making.",,2026-02-27,/mjjF3bQHLNK0vIJzEr4ZriqISa.jpg,0.1836,0,0,0,0,90,Released,False,/zZC1CS1DHgv2FIEUgm9MnjSWG32.jpg,"Horror, Mystery, Thriller",,
1630738,,Let them eat cake,Let them eat cake,en,"The birthday girl (rich) gets upset over a rock as a gift, given to her because the guest (poor) couldn't afford anything else. The birthday girl then goes on a pretty short murder spree  Song by Dead Kennedys",what is wrong with you people?!,2026-02-06,,0.1702,2,7.5,0,0,1,Released,False,,"Horror, Music",,
1630746,,The Strangers,The Strangers,en,"Maya drives cross-country with her longtime boyfriend to begin a new life in the Pacific Northwest. When their car breaks down in Venus, Oregon, they’re forced to spend the night in a secluded Airbnb, where they are terrorized from dusk till dawn by three masked strangers. Supercut of Renny Harlin's trilogy, combining all three films with additional footage as they were originally conceived.",It all starts with a knock.,2026-01-16,/pstkq6Pb5u1VEV0n2RzhPebjefT.jpg,1.9794,3,7.667,25500000,0,270,Released,False,/fHFNEOnI5JhyfFmE457VGgJ7so2.jpg,"Horror, Thriller",,
1630958,,The Birth,The Birth,en,"Alone in a filth-ridden apartment, a solitary man consumes a steady diet of toxic internet culture and processed waste. When a breakup text triggers a visceral reaction, the line between the consumer and his filth begins to blur.",EAT. SCROLL. ROT.,2026-01-16,/lDZqTzulel6Y9ED3rrR6EbiOheI.jpg,0.1099,0,0,0,0,4,Released,False,,"Horror, Drama, Fantasy",,
1631049,tt6543950,Severed Road,Severed Road,en,"On a mountain trip, a group of college friends stumble into the hunting grounds of a massive and brutal killer. They look for a way out, but every turn leads back to him.",It's his mountain. You've been warned.,2026-02-06,/6PMWKyd6PliDim1ga8q5f1efUVC.jpg,1.731,0,0,0,0,105,Released,False,,Horror,,
1631143,,Life at Sandy's,Life at Sandy's,en,A lonely American stuck in a small Norwegian town is lured in by the characters of a friendly sitcom with increasingly sinister intentions.,All your friends are waiting for you.,2026-04-24,/7u1JZqmYElCtPopX6phQeXYGSzd.jpg,0.751,0,0,0,0,75,Released,False,,Horror,,
1631208,tt37371014,Sunset Strip Killers,Sunset Strip Killers,en,"Based on a true story, in 1980s Los Angeles, nurse Carol Bundy falls for the charming but deadly Doug Clark. Drawn into his world of murder, obsession, and blood, she becomes complicit in shocking crimes across the city.",Love. Fame. Murder.,2026-07-10,/1ocGuTdAg9xPT5XIZHGR8rg1KiX.jpg,4.9734,3,7.667,0,0,88,Released,False,/njzRgYxdvlVfxrponW24htVznCe.jpg,"Horror, Crime, Thriller",,
1631292,tt39391389,Ice Beast,Ice Beast,en,"When a young girl goes out to search for her missing grandfather, the cold is not the only thing she has to survive. As night falls and the snow closes in, she begins to realize she is not alone and whatever is out there has been waiting.","When a young girl goes out to search for her missing grandfather, the cold is not the only thing she has to survive",2026-01-24,/n4OMe6sYLdhq1DgFovhpKivHptD.jpg,2.8317,4,3.75,0,0,50,Released,False,,"Action, Horror, Thriller, Adventure",,
1631354,tt11557862,A Hand to Hold,A Hand to Hold,en,An elderly Irish woman finds herself literally attached to her deceased husband. Their bond leads to increasingly grotesque events.,,2026-03-07,/7qGsNYVGohaX3O4xFlZAkILkqOG.jpg,1.2431,0,0,0,0,15,Released,False,,"Horror, Comedy",,
1631521,,Big Fish,Big Fish,en,A girl is followed home after her night out.,,2026-03-13,/kOn0A24iVcsJYECPKne72gUkgZQ.jpg,0.3233,0,0,30,0,9,Released,False,/qypUtmN5wE3wcVGnDSH6iYHPqoM.jpg,Horror,,
1631706,,Dirty Snow,Dirty Snow,en,"The blizzard has finally rolled in, just before the holidays. What could possibly go wrong when 2 polar opposites have to spend 3 days together?","""I've recently come to learn that living with a child is like living with mental illness. You're never truly at peace.""",2026-01-30,/fSkzAv53izyotluV6yCRXK4WhwB.jpg,0.212,0,0,0,0,42,Released,False,/9n6ZdJ03oi37twx5xZEhXdSdj9L.jpg,"Horror, Comedy, Animation",1631715,Dirty Donna Collection
1631727,,Port Meadow,Port Meadow,en,Four students investigate mysterious lights above a government-restricted meadow.,Beware the lights.,2026-02-12,/vZxVYrsqhONAsWeYYexM4Xn9xqx.jpg,0.5361,0,0,69,0,16,Released,False,/doHIYXPK6mPDgxoUDSsEecY9hSO.jpg,"Horror, Science Fiction",,
1631743,,CCTV,CCTV,en,"On November 2nd, 2019, a young woman vanished from a small Italian town, leaving no trace behind. These are the last moments captured by surveillance cameras.",,2026-02-08,/t5eoqWJd6j5po3Wnd6bY6iCGl3j.jpg,0.4511,0,0,0,0,8,Released,False,,Horror,,
1631793,,For Thine Is Life,For Thine Is Life,en,"A small nuclear submarine must navigate a rabies epidemic
 on mainland America.",It's time to save America – the right way!,2026-02-08,/qiCHmmndJmvI3xC6W8KNjnH5OzY.jpg,0.1213,0,0,300,0,25,Released,False,/pSD2AjJJPBbT1kM6RbWk499lpP1.jpg,Horror,,
1631814,tt39637691,The Treatment & The Cure,The Treatment & The Cure,en,Two rogue scientists strive to create the cure to save humanity from a deadly plague that could wipe out all of humankind.,Science Has Failed Us... Suffering Will Save Us!,2026-01-17,/oukAREQSFj7KCi4Pd5i2kgJgoMv.jpg,0.1116,0,0,2000,0,8,Released,False,/44Ykt9K52WejuI9qTCSOS0GMRih.jpg,Horror,,
1631887,,Matchbox,Matchbox,en,"Matchbox follows John, a young white-collar worker trapped in a cycle of exhaustion, pressure, and quiet dread as he struggles through a late night of unfinished work. Seeking relief from the relentless glow of deadlines and expectations, he turns to a familiar coping ritual, only to find that the small escape he relies on begins to unravel the world around him. As the night darkens, ordinary spaces feel unfamiliar, time seems to slip, and what once offered comfort starts to demand attention in return.",Some habits burn longer than you think... Just one more light.,2026-02-13,/9jldgwqF3fwr027N6NRoU8NBanB.jpg,0.0847,0,0,200,0,4,Released,False,/vAroLszBrRHVgRbIU9tNOEQIuWe.jpg,"Horror, Thriller",,
1632198,tt38942516,Voodoo Party,Voodoo Party,en,A group of friends play an extreme game of dare where they curse themselves to a voodoo doll and hand over free rein to a friend. What could possibly go wrong?!,,2026-01-23,/wIdE0OZ3YaSvTq8RcU9PnMXQrnx.jpg,2.4725,0,0,0,0,8,Released,False,/mttrVYunfTCyBWyVgwD3nxhowO1.jpg,"Horror, Mystery",,
1632369,,TAPE FACE,TAPE FACE,en,Record store owner buys a box of used things and finds way more than what he was bargaining for,Listen If You Dare,2026-03-07,/iTHk7SGHN2KJtI0LFu44oRcxBZv.jpg,2.2932,0,0,200,0,30,Released,False,/wMxqGg6mNEuz9zOiHdHYjEGO4eq.jpg,Horror,,
1632413,,Wyrd Welcome,Wyrd Welcome,en,Sophia is warned by her eccentric new landlord about a malevolent spirit residing in her flat.,WORST LANDLORD EVER.,2026-04-30,/gRGf37bDKPIW2PGaFXqmOQHjZCk.jpg,3.1241,0,0,0,0,10,Released,False,,"Comedy, Horror",,
1632759,tt39207853,Creature of the Pines,Creature of the Pines,en,"Creature of the Pines is a found footage horror movie set in the legendary New Jersey Pine Barrens, one of the most mysterious and unsettling stretches of wilderness in America. Locals have whispered about strange sightings and disappearances for generations, but few people are willing to talk about what they’ve seen, and even fewer dare to go looking.",A documentary investigation into Pine Hollow disappearances reveals a presence lurking deep within the New Jersey Pine Barrens.,2026-05-30,/8XgxmN8SICFEzILjtHv1OhMmduS.jpg,1.5157,0,0,0,0,82,Released,False,/vxJInWOZ4wP6hqVIL4yNm0Epk4W.jpg,"Horror, Thriller, Mystery",,
1632808,,Do Not Open,Do Not Open,en,"A married couple in their 50's retreat to a secluded vacation cabin, hoping to mend their strained relationship. From the moment they arrive, they are given one rule: the door at the end of the hall is strictly off-limits. At first, the husband is mildly curious, but as the days pass, the door seems to call to him. Strange occurrences-whispers in the night, fleeting shadows, objects not where they were left-slowly unravel his sanity. His curiosity festers into obsession, consuming his every thought. What lies beyond the door? The answer may be far more terrifying than he ever imagined.",DO NOT OPEN,2026-03-10,/A08ddncPzQEsE7XlqffmkJZ4Gtu.jpg,2.0285,3,4.0,0,0,80,Released,False,/iaFFnddi1JiEXKwaRhxQ06tfUxG.jpg,"Thriller, Horror",,
1632818,tt32573398,Dark Distortion,Dark Distortion,en,A group of adult models turned thieves who face unintended consequences after stealing a camcorder that houses the spirit of a murdered child.,,2026-03-03,/pWkuNCFXgT6Q7nHdtfMKPAtmLO6.jpg,2.4273,1,2.0,0,0,94,Released,False,/3ud9NwwOz3uhAHwdEYdqGxFsi43.jpg,"Horror, Thriller",,
1632827,,Dreams of Life,Dreams of Life,en,A dreamer falls into sleep paralysis.,We all have a dream...,2026-02-23,/sTkPHVkmDUSwelSB7ix0H7muDZj.jpg,0.0973,0,0,1000,0,3,Released,False,/7GH9W2OCTErxInUWYnNu8ITnYsx.jpg,Horror,,
1632969,,On Snow Fallen Ground,On Snow Fallen Ground,en,A construction of obscured VHS footage. A distortion of childhood memories.,A construction of obscuration.,2026-01-26,/ipOsOroA4CtCTRU48GwQi3b0NMO.jpg,0.2892,1,5.0,0,0,1,Released,False,/A90OFiL8cbR5od0TUffSwXfgfzQ.jpg,Horror,,
1632976,,A Bird Sits atop the Spire,A Bird Sits atop the Spire,en,"A sole bird sits atop a spire, observing those around them.",,2026-02-10,/497oa3z0a4DBp1V2WPdGbMRmVhu.jpg,0.1814,1,5.0,0,0,1,Released,False,/qQwPFvsp4Ue76HNlmuGBrAeUTN8.jpg,Horror,,
1633161,,Club Toledo LA,Club Toledo LA,en,Two friends find themselves in dire straits when a witch curses them to stay in a garage until they make the best song of the year... or at least the summer?,Do you know how to make music?,2026-02-11,/eZyWKHvecKQj4L0HbxRdgm72OoS.jpg,0.0521,0,0,0,0,10,Released,False,/rz0ShlI6Szq7YnT8HqIDz2ZLu2.jpg,"Comedy, Horror",,
1633457,,Hair Dreams,Hair Dreams,en,A man is haunted by his hair after having it cut.,"What is shed, isn't gone, living on in your dreams.",2026-02-11,/yywqGS0MIfojEI0AyaRqqzSJ3ZZ.jpg,1.1392,1,5.0,0,0,1,Released,False,,"Horror, Drama",,
1633476,,Parpadea,Parpadea,en,,,2026-10-01,/A2jIJRUG1ImWBfE1k5BtCQl4WTI.jpg,0.8132,0,0,15000,0,0,In Production,False,,"Horror, Thriller",,
1633712,,Withdrawals,Withdrawals,en,This follows the harrowing tale of addiction and the pain of losing a friend to substances.,Be careful what you vape for,2026-01-30,/pNzFdYZlcAkrRecsD0PyBGMiuEw.jpg,0.0286,0,0,0,0,5,Released,False,/ygvXL1NveZLqu34jQegouAjZRSK.jpg,"Horror, Comedy, Drama",,
1633832,tt39785725,Insidious Tales,Insidious Tales,en,"Across six chilling stories, strangers face the terrifying consequences of their choices as a creeping nightmare begins to invade their lives.",Every choice has a price.,2026-02-11,/l6XohyURwaGhPu90CmzYE0BivkV.jpg,0.2923,3,6.667,0,0,67,Released,False,/mKPM70rzuBy9cbDzcDyPXiOUlMf.jpg,Horror,,
1633917,tt39222129,Dead Memories,Dead Memories,en,"A masked killer stalks his victims, driven by the belief that you can't escape your past.",You can't escape your past,2026-02-01,/bugj6wADw5iIL3jiWZFbbEnkwAN.jpg,0.0261,0,0,0,0,21,Released,False,/3IQjeJlIo5nJa98E1yGdldnd62u.jpg,Horror,,
1634002,,The Bough Broke,The Bough Broke,en,On the 43rd day the rain ceases to subside.,,2026-02-16,/snL3N9auBcCP6iC6f8Od0VRPmiS.jpg,0.2016,0,0,0,0,1,Released,False,/r1KfaLz9gSxBbVQWG5dPCw8dJmo.jpg,Horror,,
1634011,,A Small Tale of Familial Love,A Small Tale of Familial Love,en,A tender moment between a woman and her grandchild.,,2026-02-14,/smNU0pbYLFLg9V5C7kx5NRtIlsj.jpg,0.3636,0,0,0,0,1,Released,False,/yRowV1lMNpucMNl7UXj5c3oJJgd.jpg,Horror,,
1634023,tt39517786,The Overseers,The Overseers,en,An exploration of a trapped world.,A Technical Demonstration of The Future,2026-02-13,/nprDGbaA664jED5Hr3Upt9Nxalj.jpg,0.081,0,0,1200,0,15,Released,False,/uLOwoQ8369zrWcDJVY3nSSMBo90.jpg,"Horror, Science Fiction, Animation",,
1634118,tt31828095,Conception,Conception,en,"After the fall of American democracy and a wave of strange atmospheric disturbances, a recently widowed woman discovers something malevolent among her late husband's conspiracy memorabilia.",,2026-02-11,/vfQ4eRfgUsYg6DyDJnbHeoL0mBM.jpg,1.8062,0,0,0,0,12,Released,False,,"Horror, Science Fiction",,
1634256,,Childrens Show,Childrens Show,en,A featurette is intercepted by an unknown figure.,,2026-02-17,/Tm8AAeOcsL6SNaJk16tbEZ0P8x.jpg,0.4549,0,0,0,0,1,Released,False,/zBS2Sf9ELkGacMzphnhqCFVG4JB.jpg,Horror,,
1634325,,Howl If You're Horny,Howl If You're Horny,en,"Howl If You're Horny, a student dissertation film, explores queerness and mise en scene with a metaphorical relationship between being trapped within the closet and the werewolf exterior. Queer suppression and desire is explored within a dream sequence where posters, which were once in his room, come alive. He must decide if he wants to keep surviving or to live his first day as a human.",He's hairy on the inside...,2026-02-24,/uCBsIb962Z7fP4KN3vgdkfkBCkx.jpg,0.6595,1,10.0,300,0,9,Released,False,,"Horror, Comedy",,
1634360,tt39296325,Always & Forever,Always & Forever,en,"An obsessive, controlling teenager kidnaps her boyfriend to play a bizarre, self-destructive game. But things become complicated when the boy demands a stop.",Things Change,2026-02-13,,2.08,0,0,2500,0,22,Released,False,,"Horror, Comedy",,
1634438,,Be Still My Beaten Heart,Be Still My Beaten Heart,en,A broken man flashes through memories of a softer time,,2026-02-14,/gm8h2lzMxn5D2stcyRwa7rcu4b5.jpg,0.2838,0,0,0,0,3,Released,False,/qun7RQnONsMRXQZZTSQ39t6iWTC.jpg,Horror,,
1634441,,Detached,Detached,en,"A girl's body is left to rot in the woods by her boyfriend but strange forces wake her from the dead and push her through the city, where she can achieve her final goal: detachment.",,2026-02-14,/b2XfKUPWxqT8kxnK65f9iOmSSVS.jpg,1.1287,0,0,0,0,8,Released,False,/iuCo08B0iBrWV0DzgM5ISfozHLT.jpg,Horror,,
1634444,,Guts 4 U,Guts 4 U,en,In this film you'll find kisses are much more than a physical display of love and devotion.,,2026-02-05,/vl8oadLGClREo2sBqZkRYB1NjUg.jpg,0.1546,1,7.0,0,0,3,Released,False,/d9aoq7edeGOEb7bR63P1qbzoSaF.jpg,"Romance, Horror",,
1634445,,Grace,Grace,en,"Grace adores her husband Dante but struggles properly expressing her love. This anniversary, however, she may have finally figured out a way to show him just how connected they really are.",GOD IN THE MACHINE.,2026-02-14,/jSLp2wwxJum1nNOIh9W1SxepPRP.jpg,0.2267,0,0,0,0,5,Released,False,/7dwGOCioSTYN21VVb1Pb3VWUM5E.jpg,"Romance, Horror",,
1634456,,Why I Killed My Husband,Why I Killed My Husband,en,A tell all story of a why a woman had to do what was finally right for her.,,2026-02-01,/6Un1nn3qbS05xfHO6gBfyPlpWyz.jpg,0.1458,0,0,0,0,6,Released,False,/koTAd9sVQsenH50USTUulaj2lRO.jpg,"Romance, Horror",,
1634504,,Streaming Killed the Video Store*,Streaming Killed the Video Store*,en,An employee is stalked in a video store,,2026-08-16,/fHfvQ7NnffsYfnIwqYdhBOcrvcq.jpg,0.074,0,0,0,0,2,Released,False,,Horror,,
1634510,,Boop-Boop-a-Doop,Boop-Boop-a-Doop,en,"A revenge slasher based on Betty Boop, only surviving as promotional materials",,2026-05-30,/j4RYmwuOEAnm9fdgiNGkNJFdYOM.jpg,0.0387,0,0,0,0,2,Released,False,,Horror,,
1634518,,Stop Watching.,Stop Watching.,en,"After their car breaks down, three friends start witnessing increasingly horrific events unfolding around them.",You weren't meant to see this.,2026-02-13,/8Rzv1dcQcXwb2T0xkaQ07qDPFKg.jpg,0.1901,0,0,0,0,12,Released,False,,"Thriller, Horror",,
1634556,,Best Friend Material,Best Friend Material,en,A horror comedy about a guys weekend gone wrong.,,2026-02-07,/iG4Gf59pNrmuTNaizVpM0HRDgyC.jpg,0.0143,0,0,0,0,15,Released,False,,Horror,,
1634568,tt36847386,Dotted Line,Dotted Line,en,"A reclusive woman is drawn into a waking nightmare when she is stalked by a deranged lunatic, who is convinced that she holds the key to his twisted redemption.",,2026-02-07,/zlAAfs8A2pmD2qVoNW84BimdxMt.jpg,0.995,0,0,0,0,10,Released,False,,Horror,,
1634820,,怪奇！死肉の男,Living Corpse,en,"Yosuke Shinkai is haunted by a past he cannot recall - and a body that is rapidly decomposing. He is a living corpse, unclear who he is or why he has been brought back to life only to suffer again a slow gruesome death. Based on the 1986 horror manga by Hideshi Hino.",,2026-07-01,/7BsUqOkssGtMU9PLoWUHmeUHPor.jpg,0.6772,0,0,0,0,0,Released,False,/fH3gMlB7IWcGUQgslH9lR4V3v1p.jpg,"Horror, Animation",,
1634839,,Pause,Pause,en,A group of friends start to notice strange happenings while watching a movie. | Winner of the 2026 Michigan Student Film Festival Honor Award,YOU DID THIS.,2026-02-10,/ghf4lLwnenuCcptBFflQSli3C7O.jpg,0,1,8.0,100,0,6,Released,False,,"Horror, Comedy",,
1634840,tt38503821,Ashes of Vengeance,Ashes of Vengeance,en,"A group of women retreat to a secluded house, seeking a safe space to heal and process a shared traumatic event. Their attempt to reclaim a sense of normalcy is abruptly shattered when a group of men arrives unexpectedly, turning a night of recovery into a high-stakes standoff.",Hell hath no fury like these women scorned,2026-01-27,/j0oORyk9EhR2g4Vvcp0AEVJ2BRq.jpg,0.5078,0,0,0,0,85,Released,False,/eI3ednJRm1aJzCN2RKjSt7CvueH.jpg,"Horror, Thriller",,
1634927,tt39847352,Not Alone,Not Alone,en,An overworked security guard gets moved to the night shift when he encounters an unwanted visitor.,,2026-01-10,,0.1931,0,0,1,0,11,Released,False,/cDRORbm6nfBEMeE5yMHmggMRYzU.jpg,Horror,,
1634948,,Sed de Sangre,Bloodlust,en,"Seeking revenge, Sergio Ávila, along with two outlaws, ventures into a search to find his brother's killer, but he soon discovers that the person who killed his brother is a being beyond his understanding.",Entering the unknown in search of bloody revenge.,2026-02-13,/nZoTpJN5cLr0rgnmVooRe8asH3w.jpg,0.1173,0,0,0,0,14,Released,False,,"Western, Horror, Fantasy",,
1635051,,sonar,sonar,en,A group of close friends takes a trip through the North Sea to search for the legendary Orville Whale.,There's something wrong with Henry,2026-02-13,/fBxff6kiGGtNleweX3KrKBmRohz.jpg,0.0261,0,0,144,0,16,Released,False,,Horror,,
1635148,,Daydreams of Dean,Daydreams of Dean,en,A runaway asylum patient hallucinates about stalking his college professor.,DO NOT ATTEMPT TO CONTACT.,2026-03-13,/dZsileb6RKwALGnpBCw8B7JFaGu.jpg,0.6165,0,0,0,0,3,Released,False,/pZVeDULrABGVC5DGphZBKNgpltV.jpg,"Comedy, Horror",,
1635448,tt41151455,"Dreams, Confessions and The End Of The World","Dreams, Confessions and The End Of The World",en,"An anthology film about a faceless man, a guilt filled confessor and two paranoid friends",Just because your paranoid doesn't mean they're not out to get you,2026-03-28,/5M2FXChl4BD8uP9kTqiDANWem7I.jpg,0.3657,0,0,20,0,10,Released,False,/gF40WFvSZeGv9KNGhJ5uBEFDfjI.jpg,"Horror, Thriller, Drama, Comedy",,
1635530,,Princess of the Murder,Princess of the Murder,en,"Princess of the Murder is a campy, self-aware horror comedy that blends outrageous humor with over-the-top scares. It’s a story about cruelty, transformation, and the monstrous side of revenge—all wrapped in a delightfully ridiculous Halloween package. Balancing dark themes with absurd fun, the film delivers both chills and laughs, celebrating the spirit of B-movie horror while offering a tragic yet twistedly empowering tale.",,2026-10-03,/tqwqtJDmghD9xR0UcgQeHSWizdD.jpg,0.072,0,0,0,0,60,Released,False,,"Horror, Comedy",,
1635787,tt39396054,Amityville Rex,Amityville Rex,en,"The Amityville curse goes prehistoric. A dinosaur is resurrected and demonically possessed, unleashing a new terror on Amityville. A priest, a cop, and a criminal fugitive come together to exorcise the dino and stop the carnage.",,2026-05-12,/ymL16irzWagY4ZCB3XokXDpgftF.jpg,1.643,0,0,0,0,0,Released,False,,Horror,,
1635809,,Ghoul Catchers,Ghoul Catchers,en,A ghost hunting crew is faced with their biggest decision - stay true to their authenticity or do whatever it takes to save their show,,2026-04-18,/vQBx0HQRpBoWqeqh6ebRNQguQ14.jpg,0.1965,0,0,0,0,30,Released,False,,"Horror, Mystery",,
1636034,,WAITING GAME,WAITING GAME,en,"When A Late Night Pickup Leaves Miles Stranded , He Slowly Discovers Secrets Hidden In The Dark Forest, But Is It Too Late?",The Most Dangerous Form Of Blindness Is Believing Your Perspective Is The Only Reality,2026-02-14,/1xTTJjDTWxceHSit1MbINJPokbk.jpg,0.0743,0,0,0,0,7,Released,False,/n6R6dXNLcoBqQmPM6bql4aVvnQQ.jpg,"Horror, Thriller, Mystery",,
1636084,,INTERNET SURVIVOR GIRL,INTERNET SURVIVOR GIRL,en,Andy is young and highly online. Eva is dead and lives in his computer. What could go wrong?,,2026-02-18,/z1jijOCVTeEdH17QzrxFDKGU18z.jpg,0.3683,0,0,0,0,7,Released,False,/19WNuzHqvF8XtlBfE7RYP4WqbJD.jpg,"Horror, Drama, Comedy",,
1636106,tt40185430,Zoe,Zoe,en,A grieving girl discovers an antique zoetrope that may allow her to communicate with her dead father.,See Beyond.,2026-02-22,/cIn1Ck0tgtCQu3dC3LYaOmwbb15.jpg,2.4119,0,0,0,0,7,Released,False,,Horror,,
1636140,tt33085546,What's Wrong Wendy?,What's Wrong Wendy?,en,"When a pizza delivery girl is attacked by a bat on Valentine's Day, she drags her high school crush into battle. A sapphic tribute to the monstrous, feral women who struggle to hold onto their humanity.",,2026-06-01,/4pEmvaqwwXmeVd2VRxgRUDKJNRJ.jpg,0.7805,0,0,0,0,94,Released,False,,"Horror, Comedy",,
1636154,,Peak Form,Peak Form,en,"After the sudden loss of a family member, Dan becomes fixated on improving his health, but online “experts” peddling wellness and life advice lead him down a dark and dangerous path.",,2026-05-30,/qOfRdYtu7vVEeVnLs9RCFye3Axj.jpg,1.0289,0,0,0,0,74,Released,False,,Horror,,
1636276,tt35669477,Keep Young and Beautiful,Keep Young and Beautiful,en,Short film about the pressure to stay 'young and beautiful' whilst tackling animal testing and child labour.,When did beauty become so ugly?,2026-05-22,/mRI7bCQMOn0B8b2wOXDM33hZpeP.jpg,0.6777,0,0,20,0,9,Released,False,,"Horror, Comedy",,
1636349,,Snowy,Snowy,en,A snowman approaches in the night.,,2026-02-17,/h2kk6cGai5nVYuIoWcVSa1ujQSY.jpg,0.092,0,0,0,0,2,Released,False,/vmWfKgsujQOYKBgS82l72eDWh9K.jpg,Horror,,
1636618,,Purgatory for Epiphanea,Purgatory for Epiphanea,en,A woman named Epiphanea has unfortunately become pregnant by a stranger; she fears her parents' reactions and especially a permanent family break.,,2026-02-16,/pRfqe63l4H6nETs1d5i4FS1To0z.jpg,0.0256,0,0,0,0,30,Released,False,/oDt8HTdUx62LtHXQDX12ZsR5EZm.jpg,"Horror, Mystery",,
1636674,tt39328330,Beyond Sasquatch,Beyond Sasquatch,en,"Three female astronauts reunite after a secret Jupiter mission when a mysterious Sasquatch presence resurfaces. As deaths mount, they confront buried memories and discover the creature is tied to emotion, not violence",,2026-03-13,/m0GEzURsh1Qf2PBiOuxgPrl9aHa.jpg,4.1444,1,10.0,0,0,70,Released,False,/317wbySwyYCGqubYbLLy4xQbpqB.jpg,"Horror, Thriller",,
1636761,,Doppelgänger,Doppelgänger,en,A missing family member has returned - but all is not as it seems,,2026-04-18,/1DampINcxKsqZ0M0yjIDhTCjI2x.jpg,0.4278,0,0,0,0,9,In Production,False,,"Horror, Mystery",,
1636817,,A Boy and His Kite,A Boy and His Kite,en,"A boy stands in a field, flying his kite.",,2026-02-23,/gek0Lw4aPywAApmkzaGZvXFKq7t.jpg,0.1745,1,5.0,0,0,1,Released,False,/i5dc5hFoEB8CS3NIoudjGTHup3g.jpg,Horror,,
1636875,tt39880893,Plain Folks,Plain Folks,en,"A Pakistani immigrant college freshman is excited to attend her first real college party, despite her fish-out-of-water status on the white, conservative, mostly Mormon campus, but a supernatural force with ties to the school has other plans for her.",,2026-04-23,/qiZ9XNpZAyrkyoumdfBtxCS2H1m.jpg,1.7324,0,0,0,0,13,Released,False,/zP6rTO4UrWBeQsIgUuKzLPRxB1e.jpg,"Horror, Comedy",,
1636890,tt39089375,Window Shopper,Window Shopper,en,"A photographer finds a mannequin abandoned on the street during one of his night shoots. After deciding to remove her limbs and take them with him to use in his photos, he becomes hunted by the mannequin herself. A surreal chase unfolds on a night in which curiosity always triumphs over fear.",,2026-04-24,/Nnca5QshsnXP6uxscwpx1pZ045.jpg,0.0544,0,0,0,0,12,Released,False,/qYlTtxB9MPG9HFAAt04lhaqIgLt.jpg,"Horror, Mystery",,
1636965,,Wrathbone,Wrathbone,en,"International rock star Nigel Wrathbone had everything: money and fame, unbridled hedonism, creative freedom. Then he died and went to Hell.",Rock is dead.,2026-03-12,/5j4q0RqJQqjPDGfoAZK6sUa6I1N.jpg,0.6261,0,0,0,0,29,Released,False,/yCiCdOo5qP3toAf9TkokciXAaUg.jpg,"Horror, Comedy",,
1637001,,Nocturne in White,Nocturne in White,en,"An office worker drifts through a nameless government building that runs experiments on humans. As repetition begins to distort her reality, she becomes overwhelmed by the guilt and the sneaking suspicion that she may also be a subject of experimentation.",Down the rabbit hole...,2026-06-06,/sHABmxoHEye4khNFZdlVOfIAsYZ.jpg,0.2068,0,0,300,0,10,Released,False,/yNKLSEbAZVqaDpsrQ7GBGhcWDXj.jpg,"Horror, Mystery",,
1637073,tt12810824,Crippled,Crippled,en,An emotional and physical horror film about a man living with Muscular Dystrophy and the metaphorical journey of dealing with his negligent nursing staff.,,2026-04-11,/jGw2vBSlIDV5LjOjj1Vwca1A4sl.jpg,0.4331,0,0,25000,0,69,Released,False,,Horror,,
1637133,tt39304444,Sasquatch Within,Sasquatch Within,en,"Two assassins awaken trapped in a sealed apartment with one hour left and orders to kill each other. As memory and paranoia return, an ancient legend stirs- summoned by trauma- forcing them to face control, loyalty, and what lives within.",,2026-04-10,/j4AJO9M4xo8QYiRjBgIVfVmcqy.jpg,2.216,2,7.0,0,0,79,Released,False,,"Thriller, Fantasy, Horror",,
1637224,tt39308826,Man Eating Pussy,Man Eating Pussy,en,A dying man seeks comfort in a mysterious sex worker whose monstrous anatomy offers not just pleasure—but the ultimate release.,,2026-03-14,/pPYqBmbIjPxNcfvkdViOnO9MTD7.jpg,1.4644,0,0,0,0,12,Released,False,/mCRPVTvp8VJflSzR3e0y0fq14dk.jpg,"Drama, Horror",,
1637238,tt39292509,The Seeing Eye Dog Who Saw Too Much,The Seeing Eye Dog Who Saw Too Much,en,"In 1975, Italian director Enrico Januzzi began filming a giallo set in Rome - a feverish tale of a blind violinist who rises to first chair of the symphony, only to find herself stalked as a black-gloved killer murders her fellow musicians one by one. The only witness: her seeing-eye dog. Production collapsed after a week, and the footage was presumed lost, until its rediscovery in 2025. Painstakingly restored by WBAZ Films, this surviving fragment is presented here for the very first time.",,2026-03-14,/5aOIR8uwBb4Kmw0bsZUg1bhPwt7.jpg,1.1923,0,0,0,0,17,Released,False,/zkAVtjmGQhwzNUHxNX7rUiRbsTP.jpg,"Comedy, Horror",,
1637260,,Hoppy Ending,Hoppy Ending,en,"A cheerful Easter village, famous for its giant bunny mascots and pastel-colored egg hunts, hides a dark secret. Years ago, a corporate Easter mascot company mysteriously went bankrupt, and the mascots “disappeared” during the closing ceremony. Locals whisper about the “Hollow Hare,” a terrifying entity born from the mascots’ abandoned costumes and the children’s forgotten toys.",This Easter… the hunt is on. And you’re the prize.,2026-06-18,/nMPRPI58GX6T6IAknu90dZRWF0v.jpg,0.0509,0,0,18000,0,102,Released,False,,"Horror, Comedy",,
1637281,,Nostalgia Kills,Nostalgia Kills,en,"When Mr. Homeless comes across a box of polaroids, he is taken on a journey through his childhood.",,2026-03-21,/mxetuUxZUjer6zA65Gh6bDT6Vkx.jpg,0.4863,0,0,122,0,7,Released,False,/xJ6ulq09b4YBvw5KTFUepgPD3Bl.jpg,Horror,,
1637335,,The Wheel,The Wheel,en,"After getting dumped by her boyfriend and losing her job, Sophie doesn’t know where to turn. As a result of desperation, she turns to a mysterious tarot reader named Cassandra, hoping she could shed some light. As the reading proceeds, things only look like they’ll get worse. When Sophie is put face to face with the truth of her future and angers the reader, things become disastrous.","""ONCE YOU SHUFFLE, THERE'S NO GOING BACK.""",2026-02-15,/18adSvh7MOUlLICwFS6rFaISbpf.jpg,0.0579,1,9.0,20,0,5,Released,False,/dpMQbhGpgyeEIsWcnMM1EcBxuE5.jpg,Horror,,
1637356,,In The Season Thereof,In The Season Thereof,en,"A repressed teenager, newly removed from Utah, the Church, and his family, starts over in a new town during his senior year. He quickly falls for a local girl who pulls him into obsession. As religious guilt and obsession consume him, he’s left with nothing but the lingering stench of oranges.",Everything rots.,2026-01-31,/bGXVLTO2RNVsmEMjctijx95R0gc.jpg,0.1289,1,10.0,500,0,15,Released,False,/tfA8szsD65PHGKpwoIHyIYeOCmy.jpg,"Thriller, Horror",,
1637376,,"When I've Grown Up, Gotten Famous, and Achieved Every Single One of My Many, Many Dreams","When I've Grown Up, Gotten Famous, and Achieved Every Single One of My Many, Many Dreams",en,"Just thought you should know ... An interview with a famous actress. Beneath all the glitz and glamour, her life may not be so perfect.",I did it!,2026-02-20,/dRDtl2AaTAMMefVvCxoCn4L0gEQ.jpg,0.0143,0,0,35,0,5,Released,False,/uWIPrFIiSDvrqt4F6xINTdRORlJ.jpg,"Documentary, Horror",,
1637380,tt38162678,Fluke,Fluke,en,Do your memories haunt you?,"In every town... on every street... there's a house filled with secrets, and haunted by memories.",2026-03-12,/lx13BXYQNx9ymPc8mDIM1aLKfCl.jpg,1.0131,0,0,0,0,27,Released,False,/qR3aclGuB1GzdGYIWcuOPnqJBuq.jpg,"Drama, Horror",,
1637404,tt36164803,Baby Bird,Baby Bird,en,"Helen, an American-born Chinese nanny working in a Chinese household, finds a collection of old Chinese workbooks tracking Helen’s failure to learn Mandarin in her late mother’s things. She becomes consumed by the idea that her mother was resentful of her and begins to lose sight of the person her mother truly was to a cruel nightmare version of her. At the same time, her position within the household grows more tenuous, putting the relationship she has with her young ward, Xiao Shao, at risk.",,2026-03-20,/wnu9Z7sHwiQjvZNlKuMWb2sxZKu.jpg,3.9828,0,0,0,0,22,Released,False,,Horror,,
1637466,,The Moon Smiled at Me Today,The Moon Smiled at Me Today,en,"Standing under the warmth of it's glow, the moon welcomes me with a smile.",,2026-02-26,/z1Iw5FUzTNceA2HrWQ8zKGuJgZd.jpg,0.184,1,5.0,0,0,1,Released,False,/nF4eay33yiaXOYa7P8f9j7VM6xx.jpg,Horror,,
1637528,tt39304637,Beyond Mamushi,Beyond Mamushi,en,"When Kate Andrews moved into her dream home with perfect partner Chris Sherbourne, she could never have imagined that her life would be turned on it's head. Chris, now craving power, inflicts bouts of sadistic psychological violence causing Kate to experience violent sporadic hallucinations.  Kate realises that her once dream home has far more going on, with the possibility of an impending personal antithesis that could open an unimaginable hell.",,2026-01-01,/aanHLmCdfaHcbCrBih0uGAyA6NQ.jpg,2.3405,0,0,13027,0,50,Released,False,,"Horror, Thriller",,
1637569,tt38111908,Kat Crime: Tales of the Occult,Kat Crime: Tales of the Occult,en,"KAT CRIME: TALES OF THE OCCULT follows Kat, the driven host of a struggling true-crime podcast, who drags her influencer friend Deana into a dangerous investigation involving a suspected witch coven accused of murder.",,2026-03-08,/iWpy9pdmJWxiTvKdElOwh5UEroL.jpg,1.8882,0,0,0,0,89,Released,False,/1EGYGKFq9lgN1y6v2Lqakf2hxcq.jpg,"Horror, Thriller",,
1637574,tt38275455,Dark Places,Dark Places,en,"A troubled college student, Natalie Parker, befriends the mysterious Jason Evans, only to be pulled into a world of satanic murder, family trauma, and psychological unraveling",,2026-03-06,/qoBBlfFacqXz2SHeBw3QaozrqzC.jpg,2.5561,0,0,0,0,0,Released,False,/rdpV1yQtIZ2eCCKtDYpuqXfOS0K.jpg,Horror,,
1637656,tt39966150,The Paperface Killer: ever stop to think.mp4,The Paperface Killer: ever stop to think.mp4,en,"A horror re-edit of 'Paper and I' (1960) - A paper bag obsessed boy dreams and learns about the process of making paper, while a demon slowly begins to tighten its hold on him.",Ever stop to think what the world would be like without paper?,2026-02-18,/wfNNYNd2cncEBQ01Sz7CDu2jr1F.jpg,0.5467,0,0,0,0,12,Released,False,/cgj7LKdyTc5cgQZif3hk2mcLUHr.jpg,"Horror, Fantasy",,
1637714,tt39847381,Short Sharp Scares: Teraphobia,Short Sharp Scares: Teraphobia,en,Fear isn't always irrational.,,2026-06-21,/ooSYSMjVirutfcx3d9hWl0jZDNv.jpg,1.2736,0,0,20,0,2,Released,False,,Horror,,
1637728,tt33004888,Forty Five,Forty Five,en,"The film follows Boyd Fallon, a grieving father desperate to find his daughter's killer three years after her death. With the police making no progress, he hires a private detective. Along the way, Boyd meets Father Vaughan, who hints that his daughter's death may be connected to the Antichrist. As he pursues various dangerous leads, he eventually encounters a false prophet who offers to help him find the truth.",,2026-01-23,/b61fIo4rtl5goe2Ld3NX5ye7Pnm.jpg,0.9149,0,0,0,0,42,Released,False,,Horror,,
1637843,,Skin,Skin,en,"After finishing a bowl of popcorn, a young man tries to head to bed. But finds it difficult when popcorn kernels get stuck in his teeth. At first, it's a simple ordeal taken care of, but it delves into madness as he can't get more out.","Get some popcorn, cause you'll catch the craze...",2026-05-31,/98pNKIeon0lIbljLAiO3tJYtOHt.jpg,0.1319,0,0,200,0,16,Released,False,,"Thriller, Horror",,
1637935,,The Hatch,The Hatch,en,A young couple move into their new home and when they go into the loft and bring down an old teddy bear they unwillingly invite a malevolent demon into their home.,,2026-10-03,/lmxkzMLQcdrYXIbDcGLkihRWznB.jpg,1.7878,0,0,0,0,12,In Production,False,,Horror,,
1637952,,Jacky,Jacky,en,"Pelle is haunted by horror star Jacky as she jumps out of the TV screen. The slasher short ""Jacky"" is composed of recently unearthed VHS-tapes.",SHE'S BACK! For the First Time,2026-10-03,/du1qHTAeLkxG2crOccPBo1cYexq.jpg,0.536,0,0,0,0,15,In Production,False,,Horror,,
1637954,,Say Bye Bye To Blood Sausage,Say Bye Bye To Blood Sausage,en,A romantic evening with a gruesome end.,,2026-06-28,/8RW2AVSS5mafNEKLggv35AZgXc1.jpg,0.0689,0,0,0,0,4,Released,False,,"Comedy, Horror",,
1637971,,The Colored Experiment (Film Edition),The Colored Experiment (Film Edition),en,"A feature-length compilation of the first six experiments from the episodic series, re-edited into a single narrative experience.  Two strangers are forced through a series of psychological experiments designed to measure the value of human life—where every choice demands a sacrifice.","Is humanity worth saving, if we are all sinners?",2026-02-16,/8QwVMPkCdjfkkLGtKlMePT8XYW7.jpg,0.3581,0,0,10000,0,61,Released,False,/iNyov0K9gMhNFB4MEnVahXEQ8ri.jpg,"Horror, Science Fiction, Drama, Thriller",,
1638056,,The Bloop,The Bloop,en,,,2026-01-26,/w9ZiEkwA7jrC0zUU9ieqoe6xaq0.jpg,0.1157,0,0,10,50,0,Released,False,,"Horror, Thriller, History",,
1638328,,Skeleton Kisses,Skeleton Kisses,en,Swirling passion on display towards one long gone,,2026-02-01,/3XGdB3n1JayOH6ubJaVccQXlLzc.jpg,1.3401,1,7.0,0,0,1,Released,False,/o4Locub8gQBl6TkLUCHrhRCQ8qH.jpg,"Horror, Romance",,
1638333,,Kill For a Kiss,Kill For a Kiss,en,A lonely woman begs to be kissed on Valentine's day but did she get more than she bargained for?,,2026-02-01,/vMdYrZGP9lomagZ99GbhRWf1gOL.jpg,0.4903,0,0,0,0,13,Released,False,/atVLX8NcLwvYS0MiL9ZFlLLbqf0.jpg,"Romance, Comedy, Horror",,
1638482,,Red Dick at the Mound,Red Dick at the Mound,en,"When a disgraced newscaster is tasked with filming a nature documentary, he comes toe-to-toe with the greatest for-hire demon in New York City.",The past is never dead... it's not even past.,2026-02-19,/gc3darOsOIU7bsXn85iYxkB04ls.jpg,0.188,0,0,40,40,40,Released,False,,"Horror, Comedy, Thriller",,
1638528,,The Coohatch,The Coohatch,en,"While surveying a newly purchased plot of land, Ricky Noble, an amateur developer vanishes.  Thought dead, his friends and family struggle to move on when suddenly he returns with no memory of what happened.  As Ricky becomes increasingly disturbed by images of a supernatural entity – the family is forced to confront an unknowable terror.",,2026-02-06,/5vWQOiJ01uqLpuh8kQKHpyjCmtV.jpg,0.9511,0,0,0,0,78,Released,False,,"Horror, Thriller",,
1638546,,På låven sitter Nissen,The Man in the Barn,en,"After her beloved dog disappears, a young girl must explore an abandoned barn, only to discover she has a visitor.",HE KNOWS WHEN YOU'RE AWAKE,2026-03-25,/cpVLM2nyffUkOMDckPTZrjeWalK.jpg,0.0286,0,0,300,0,5,Released,False,/xELF80cQsLNVSiNJIsFSAGBcS5P.jpg,Horror,,
1638612,,Little Shit,Little Shit,en,"A troubled teen is addicted to murder, his friend tries to tell him that the fate of the world with punish him. Maybe hes right, and maybe the punishment is bloodier than you expected...",KARMAS A BABY...,2026-02-19,/5gTwcMAResCSYHHtjICSLPljILm.jpg,0.074,1,10.0,0,0,8,Released,False,,"Horror, Drama, Comedy",,
1638677,tt37334134,Aladdin's Revenge,Aladdin's Revenge,en,"After the events of the first films, Rachel, the lone survivor of Aladdin, finds the lamp once more haunting her as she attends a therapy retreat. She must protect a new set of friends as the lamp's evil plan to grant three deadly wishes begins all over again.",Rub. Wish. Die.,2026-02-17,/4odel9KfBrrYHP2A9dDIv7M5tZx.jpg,1.7498,1,1.0,0,0,75,Released,False,/pRhv4jdFMtBLFyQmzva8XMDjAxw.jpg,"Thriller, Horror",,
1638690,,Clownstalker: The Final Chapter,Clownstalker: The Final Chapter,en,"Two teenage boys are out drinking until they are stumbled upon by the evil clown Zenno the Chuckler, thirsty for blood in his final hunt.","Three times before you have known the horror. But now he's back, one last time.",2026-02-20,/uK0JtTgw9m19aboJLt29qfIshW2.jpg,0.0454,0,0,0,0,7,Released,False,/vlnpGVjPI8Dy7KPkTyD79YuDkai.jpg,Horror,,
1638727,,Clownstalker: Grindhouse Supercut,Clownstalker: Grindhouse Supercut,en,A maniacal clown named Zenno terrorizes the teenage population of a grimy town.,,2026-02-20,,0.0518,0,0,0,0,50,Released,False,,Horror,,
1638742,,Lonesome Road,Lonesome Road,en,Two college students go to a cemetery and encounter a strange boy.,,2026-03-06,,0.128,0,0,0,0,2,Released,False,,Horror,,
1638902,,Im Still Here,Im Still Here,en,"To cope with the loss of her sister, Avanya impersonates her in an effort to keep her spirit alive, becoming lost in the reality of who she truly is.",,2026-02-22,/jjWPZ4AkYllBQq5HSEoob7YCkQf.jpg,0.0362,0,0,0,0,0,Released,False,,"Thriller, Horror",,
1638911,,El show de Ziggy: La maldición del mariachi bondage,Ziggy's Show: The Curse of Mariachi Bondage,en,"Ziggy, a rising influencer, is trying to increase her number of followers on social media by awakening the curse of an old song. Now a gloomy mariachi who makes people dance until they die is chasing Ziggy until he fulfills her dream of making her viral.",,2026-10-03,/2Bg77vDwoborWYy73yQiszusjhF.jpg,0.5637,0,0,0,0,10,In Production,False,,"Comedy, Horror",,
1638921,,Beyond the Moonlight,Beyond the Moonlight,en,"During a brutal dance rehearsal, a reserved dancer uncovers the disturbing truth behind her sister's intense training -- it is not for a performance...but for something far more terrifying.",She's Not Training to Perform. She's Training to Transform.,2026-05-08,/6L3oXrYxZDiSs0tu8zCLxf53AtJ.jpg,0.2693,0,0,0,0,9,Released,False,,"Horror, Thriller",,
1638928,tt40490232,Unprompted,Unprompted,en,"A desperate horror screenwriter turns to AI for inspiration, only to realise it’s writing him into the role of the victim.",,2026-02-22,/7JT4gPdB7mv7f2qoZZTNu8P9yRT.jpg,0.1312,3,6.3,0,0,6,Released,False,/35wks3vIlcnurpLyFEay4u0UWn3.jpg,"Comedy, Horror",,
1639039,,Operator_791,Operator_791,en,A lone operator oversees an underground server farm when a breach reveals a presence on the system that shouldn’t be possible. The discovery pulls him into a reality far more unstable than he originally believed.,OPERATE.ITERATE.REPLICATE,2026-01-31,/rWMVExRsK81HRIp1WhoeZShcy66.jpg,1.5709,0,0,5000,0,10,Released,False,,"Science Fiction, Horror",,
1639273,,Whisper of the Well,Whisper of the Well,en,"On a moonlit night, a woman unjustly condemned returns as a dark tale of vengeance, altering the fate of a quiet village.",,2026-06-28,/jNd56svXxZ371OWp9SLa6UtZ7OI.jpg,0.0168,0,0,0,0,6,Released,False,,"Animation, Horror",,
1639286,,There's a Visitor at the Door,There's a Visitor at the Door,en,An inn receives a strange visitor in the middle of the night.,,2026-06-28,/7EdPX2ucPY6IRDBEUUWD2gEyJIr.jpg,0.0168,0,0,0,0,5,Released,False,,"Horror, Animation",,
1639287,,REINCARNATION,REINCARNATION,en,A young man haunted by déjà vu uncovers a series of mysterious clues that lead to a voice insisting rebirth is the only path to peace.,"To Be Reborn , You Must Let Go",2026-05-16,/dGOKl8WrFHBrZnfJPOotPqfesiY.jpg,0.3116,0,0,0,0,15,Released,False,/6XlnIcnr1oZURUg633meZvZtWhg.jpg,"Mystery, Thriller, Horror",,
1639294,,"Mommy, Where Did I Come From?","Mommy, Where Did I Come From?",en,An animated parody of the lifecycle of an Alien Xenomorph.,,2026-06-28,/48kJJ0dYVSSwVXP1trBu1zDv0Of.jpg,0.0798,0,0,0,0,4,Released,False,,"Animation, Comedy, Science Fiction, Horror",,
1639299,,You're Just Tired,You're Just Tired,en,"Feeling isolated, lonely, and bored, new mother Lydia struggles to grasp what's real and what's her imagination.",When Did You Become Invisible?,2026-06-28,/1PNvIT5hXfjxY8NnReRjMHxQWUR.jpg,0.4555,0,0,0,0,16,Released,False,/i87NdhaJm2R2X2VwKejom4H85Hf.jpg,"Horror, Drama",,
1639311,,On Time Off Time,On Time Off Time,en,"In a dystopian Time world, Mother Time controls all time. Her daughter, Junji, is frequently off time. When Junji gets into a heated fight with Mother Time, she is pulled into a land of timelessness. She wakes in a surreal circus town full of timeless creatures engaging in uncanny activities. How will she navigate the fine line between control and chaos?",,2026-06-26,,0.0637,0,0,0,0,4,Released,False,,"Animation, Horror",,
1639341,tt40056205,Go to Sleep,Go to Sleep,en,"A recently separated man newly living alone discovers that he is sleepwalking at night, and as he records his activities, he discovers questionable behaviors and the presence of another mysterious figure.","While I was asleep, my security camera caught this. What do I do?",2026-05-30,/kVLcMvkdCUUbDmp1dPQ36ewkGUY.jpg,0.5176,0,0,3000,0,84,Released,False,/k8dzhP6FpDgMcDzTtaMAXyq0VLV.jpg,Horror,,
1639414,,Scream: Short Film,Scream: Short Film,en,"After a brutal murder reawakens Woodsboro's dark past, Cora Clemenzo is pulled into a new Ghostface killing spree as her friends in the Woodsboro High Cinema Club become suspects and survival means uncovering the truth before history repeats itself...",NO ONE ESCAPES A TOWN BUILT ON HORROR...,2026-10-31,/yo7z3pJaiUTTlHwMdJwXHFgxCsY.jpg,0.4597,0,0,0,0,0,In Production,False,/bjOXfNTZpx6VRq4g3dPymQuHuIs.jpg,"Horror, Mystery, Crime",,
1639461,,CHOMP,CHOMP,en,A police pool inspector is caught in the middle of a some sort of summer pool party going wrong.,Are you sure you wanna party with the shark?,2026-03-01,/n1dQM4RJ1Mzwy3qPJVS1cWq68PL.jpg,0.0311,0,0,0,0,15,Released,False,,"Horror, Thriller",,
1639480,,Left Behind,Left Behind,en,"In Left Behind, Patrick Sloane thinks he can outrun anything. Guilt, consequences, even the dark road ahead. But when a chilling phone call reminds him of the past, Patrick must face what waits in the shadows.",,2026-02-21,/hYPuqTNGnKtDqH8KQ6v9PGXQFlI.jpg,0.203,0,0,800,0,10,Released,False,,"Mystery, Horror",,
1639651,,4C,4C,en,"Tobi, a young black man new to the city, is invited to a party by a work colleague to make some new connections. He is shocked as one by one they take turns ‘playing’, caressing through Tobi’s hair, each person experiencing a euphoric feeling.",,2026-02-20,/dIlAgy5r7cXT3JpDemGbRCE4OlB.jpg,0.633,0,0,9425,0,11,Released,False,,"Drama, Fantasy, Horror",,
1639677,,An Unfamiliar Voice,An Unfamiliar Voice,en,,,2026-02-21,/j9iqgSoAizTRvQTca2BunrX51ki.jpg,0.0071,0,0,0,0,0,Released,False,,Horror,,
1639836,,The Bones Exist,The Bones Exist,en,"In the unforgiving wilderness of 1850s Alta California, a dwindling group of gold prospectors encounters a feral boy who forces the men to confront the horrors lurking in the woods and the sins of their past.",,2026-04-01,/69mwnJVAOjfXUuoNkh3o7VJvAyK.jpg,0.3938,1,10.0,0,0,14,Released,False,,"Horror, Action",,
1639848,tt39463367,Dark Frequencies,Dark Frequencies,en,"DJ, a mentally-plagued electronica musician, stumbles upon the “Master Frequency”—a dangerous sound wave that distorts the body and mind. As DJ falls deeper into the frequency’s grasp, they must save their mind and loved ones.",Destroy Your Mind,2026-06-20,/uZC7iL7CPAkHio0AX9wqPGtmsDD.jpg,0.0357,0,0,0,0,105,Released,False,/rxwPwzgTfYZaz58G4PqTdD21pAZ.jpg,"Science Fiction, Horror, Thriller",,
1639897,tt36432064,Bottom Feeder,Bottom Feeder,en,"Crackers, a rancid loner with an unhealthy obsession with fish, is stalked by an aquatic demon with vengeance on its mind.",,2026-02-21,/r0rKdQqy33n3J90qDxygcGOZQTG.jpg,1.4745,0,0,2000,0,5,Released,False,,"Horror, Comedy",,
1639958,,Spiders on My Lashline,Spiders on My Lashline,en,"Covered in blood following an attack, genderqueer Ash seeks catharsis through a church confessional. As they feverishly recall memories that led them to the present day, Ash emerges from the darkness, finding strength and power for revenge.",,2026-03-22,/qPab8yormBsJxU8LW9AVPU2dwCX.jpg,1.6276,0,0,0,0,8,Released,False,/5iwI3mPS0huEJyAxHsOTayOAYW.jpg,"Drama, Horror",,
1639960,tt38627843,Frankenstein's Bride,Frankenstein's Bride,en,"On the day of Frankenstein’s Monster’s wedding, villagers riot and kill him. His bride escapes, vows revenge on the townsfolk responsible, and eventually resurrects the Monster – leading a trail of blood in her wake.",Vengeance is hers!,2026-02-20,/uCzPZIVVqy6kWo4pu3JqYdsq5Ox.jpg,2.2385,5,5.1,0,0,86,Released,False,/idnxQjDQpwrcF2UnwHF5ZBkt4H1.jpg,Horror,,
1640113,tt39305961,Yet Another Indie Horror Film,Yet Another Indie Horror Film,en,"What was to be a fun filled weekend reminiscing about their high school days, three friends find themselves in a nightmare, stalked by a masked killer with no way to escape.",,2026-03-23,/yF5YylZ7LBI0B46MulvIPksyn9E.jpg,0.9146,0,0,0,0,30,Released,False,,"Horror, Comedy",,
1640165,tt39591713,F**k Face,F**k Face,en,"During a casual game of Scattergories, four friends discover that the most dangerous thing in the room isn't time, guns, or bad language- it's how well they know each other.",It takes one to know one.,2026-02-04,/2GgD0fVDCVuolPWLXI3xKzJTtuG.jpg,0.5274,0,0,0,0,7,Released,False,,"Comedy, Horror",,
1640408,,THE FAN MAN,THE FAN MAN,en,A sarcastic late-night story among three friends begins to blur the line between zany youthful banter and genuine terror.,All he wanted was two extra phones...,2026-02-22,/yDBbIahDOVv9y8OISEpaQ3iC0QJ.jpg,0.2841,0,0,0,0,7,Released,False,,"Comedy, Horror",,
1640477,,G2.22,G2.22,en,"A cinematic rebuild of Joe Dante's classic 1990 film, brought to you by a collective of 18 rogue video editors from  Aesthetically Nostalgic on a mission of maximum chaos.",The (New) Batch,2026-02-22,/ayWOcJ4Qjbbu8pxdJGba0th2FCM.jpg,0.9258,0,0,0,0,102,Released,False,/dSwcD4zEIA03KDbpfqimMqB5zl0.jpg,"Comedy, Horror",,
1640952,,All Consuming Love,All Consuming Love,en,"When Delilah takes on a new case, she is drawn to Sophie's world. Recently found from an unknown cult - how dangerous could she be?",To Feed is to Love.,2026-02-25,/vkoGxGvuVppd23r9t9thJaekAkK.jpg,0.0286,0,0,0,0,26,Released,False,,"Drama, Horror",,
1640963,tt39601873,Experiment 101,Experiment 101,en,"Two police officers investigate a house for suspicious activity. They quickly realize that they're trapped with a mad scientist doing a sickening experiment, turning humans into zombies.","The footage survived, they didn't.",2026-02-15,/wBFbwj2tuAt4c12xG80cdNWsKZl.jpg,0.0928,0,0,1000,0,12,Released,False,/6xLEAGkrXlcNvX9fIrRjNsb7Q7Y.jpg,"Horror, Mystery",,
1641071,,Hallway Monitor,Hallway Monitor,en,"George's sister is sick. Trying his best to take care of her, the twelve year old boy spends all hospital visits inspecting the hallway for anything that might put her in danger. When his routine inspection is interrupted, George must face the danger all around him.",Josie's ok. Josie's ok. Josie's ok.,2026-07-19,/iLEjydzeoUJltz90C0ycLhaWtIk.jpg,1.2369,0,0,2000,0,11,Released,False,/ytRWHdOZnmTvO8QNVMsmOJYZbq4.jpg,"Drama, Horror, Thriller",,
1641164,tt40103617,Infestation,Infestation,en,"Jason, a man burdened with the care of his abusive, dementia ridden mother, takes a job as an exterminator. He steals something from his client, who turns out to be a witch, and suffers the consequences.","Even when they're gone, they ain't really gone",2026-05-01,/1NlDBu0BlZTYfrgElEukArMjES5.jpg,3.2398,0,0,50000,0,15,Released,False,/lKM05yDDzNB4LhIVkKRiSc4LfPT.jpg,Horror,,
1641251,,ghoststory,ghoststory,en,a story about a ghost,,2026-04-09,/vKfDVQK9hDnqL8JXRFhqB4PPmBZ.jpg,0.1483,0,0,0,0,6,Released,False,,Horror,,
1641275,,Evergreen,Evergreen,en,A queer couple in a decaying apartment grapple with an immaculate conception.,We are all of the earth.,2026-06-20,/ptBX7o32mmtVktcI4UIHAxmClBD.jpg,1.5431,0,0,25,0,12,Released,False,,"Horror, Fantasy, Drama",,
1641382,,Meow Yawn,Meow Yawn,en,A house cat triggers an anomaly in spacetime when it yawns. mid-meow.,A love letter to Cosmic Horror and Cats.,2026-02-24,/qRqPYsyIwrkw3k4tr8udq7YX3mx.jpg,0.0993,0,0,0,0,2,Released,False,,"Animation, Science Fiction, Horror",,
1641537,,The Stranger at the Door,The Stranger at the Door,en,"A widower’s isolated life is shattered when an unexpected visitor arrives, carrying a truth that refuses to stay buried. Shadows of the past collide with the present, and secrets long hidden come to light.",The Past Knocks.,2026-02-24,/xlqT8DYYUlxRtaCehLAtDkXSGqY.jpg,0.4863,0,0,0,0,15,Released,False,,"Horror, Thriller, Drama",,
1641875,,no se,no se,en,,Sent 3 minutes ago,2026-02-12,/3fn1QqamowcB6L56a6LEoTmAmMK.jpg,0.0588,0,0,0,0,0,Released,False,/z6zeMh9QbTgTYsb7ASr3Po53nX2.jpg,Horror,,
1642091,tt39389240,Scullion,Scullion,en,A playful couple test their household chore habits and unknowingly summon a vengeful presence.,Maximize the space.,2026-02-27,/k8WWLmEHgZdYcXusDAywqOt1YwA.jpg,0.2918,0,0,3000,0,10,Released,False,,Horror,,
1642123,,Starlorn,Starlorn,en,"Alone in the cosmic sea, a voice cries out to you.",,2026-03-03,/d9UEzISfzOAheQLtsMHjOGNcApL.jpg,0.3523,1,5.0,0,0,1,Released,False,/k6jKS4IFROcPeT0l0fdMIm84H4O.jpg,"Horror, Science Fiction",,
1642290,,bodystigmata,bodystigmata,en,"completely giving up, dying alone, rejecting love but not for hate, celibacy, abandoning god, god abandoning you, your idols hating you, poison, love leaving you behind, only knowing hate but not hating others, self sabotage, vomit gore in slow motion, dsbm for angels, clouds of weed smoke in the palest blue sky, not knowing when to stop, knowing you went too far, knowing you cared too much, no one else caring enough, a tiny note at the bottom of a dime bag that reads ""i hate you""",laugh until we pass out. pass out until we laugh. you'd make me smile.,2026-02-25,/QLwNuq7JdNfWGHmsxYQptl4pXh.jpg,0.0956,0,0,18,0,64,Released,False,/iro9seqG85q9S3miy6tgCMYWaF1.jpg,"Music, Horror",,
1642333,,Remnant,Remnant,en,"Driving home from the pub, Kevin opportunistically seeks refuge with an eccentric couple after meeting a police checkpoint.",,2026-02-21,/nGfV3l2wepd9HK9WmylRmhxcRZ4.jpg,0.8222,0,0,35000,0,15,Released,False,/8VfQc8ijfDhPZgPSpN5PUlulF6V.jpg,"Thriller, Horror",,
1642485,,They,They,en,"The world becomes unrecognizable. Walls breathe, shadows stretch unnaturally, and human eyes linger far longer than comfort allows. Time itself feels diseased. What begins as abstract imagery slowly transforms into something more invasive: a presence that exists between frames.",The walls have eyes.,2026-02-25,/b74IlPlVFs7MZlj8mRjLkaVtR2N.jpg,0.0505,1,5.0,0,0,37,Released,False,,Horror,,
1642568,tt40210362,The Last Temptation of Becky,The Last Temptation of Becky,en,"Working as a CIA field agent, Becky is sent undercover to Poland to infiltrate a family of innkeepers running a tourist venture at The Wolf’s Lair, Hitler’s WWII bunker. After learning that the father, Wilhelm Reuss, is on a mission to bring about the Fourth Reich, Becky takes matters into her own hands.",,2026-08-28,,1.8761,0,0,0,0,89,Post Production,False,,"Action, Horror, Thriller",986072,Becky Collection
1642617,tt28786970,TIRESIAS,TIRESIAS,en,"After Jan recovers his vision through experimental back-alley surgery, he begins to uncover a reptilian conspiracy that may involve his doctor, Cleopatra.",Open Wide.,2026-02-24,/oI3s8GZBhZnsPtbbCwfu4Dpc453.jpg,1.1774,0,0,7000,0,83,Released,False,,"Science Fiction, Horror",,
1642649,,The Fulgid Ordeal,The Fulgid Ordeal,en,Are your arms glowing bright colors? We are unsure of the symptom's danger...,Every color has a voice now.,2026-02-27,/pD0IWqCUTFX0DUjW2C5kEU9ZkpN.jpg,0.0286,1,10.0,30000000,0,800,Released,False,/eMdETOxZ6oRiPRe66IT7AHyySJW.jpg,"Horror, Music, Comedy",,
1642656,,Desight,Desight,en,"If you believe in parallel worlds, please pray that they will take us in.",God's heart is full of desight.,2026-02-27,/tASOygxs8VdNVQ69hf4HuTdiA5d.jpg,0.0429,1,10.0,30000000,0,800,Released,False,/exFOrjLRFYcRnrLkuix4cB3qOrT.jpg,"Horror, Music",,
1642681,,Here Lies Privacy: A Modern Gothic Fable,Here Lies Privacy: A Modern Gothic Fable,en,A young southern belle comes to terms with the harsh reality of modern privacy.,Thou shalt not surveil me with your mechanical men!,2026-02-24,/5w9lZVSOZ61sDy9sDWVejEI1DOs.jpg,0.0382,0,0,0,0,6,Released,False,/nsMQtYyrrectkXIk3kdfRoxTDV3.jpg,"Horror, Thriller",,
1642693,tt40210147,The Silhouettes Soul,The Silhouettes Soul,en,"The Silhouettes Soul, created for the Fearscreen 48 Hours Later Winter Challenge 2026, follows Kali as she slowly begins to lose herself, confronting a dark presence that may not be separate from her at all.","An ordinary woman is slowly overtaken by a dark, unseen force.",2026-02-27,/pC0Pq02kbx7xVKxPZliptlVhwSM.jpg,0.6558,1,10.0,54,0,6,Released,False,,"Horror, Thriller, Mystery",,
1642777,tt40163672,girlfailure,girlfailure,en,"A year since the passing of her unrequited obsession with a former classmate, a isolated femcel loner Lo believes wholeheartedly that her crush's spirit has now inhabited a teddy bear, or is she just delulu?",Delulu?,2026-03-15,/mq1Ny9QkOK4b95huqlHfJAMfthg.jpg,1.4042,0,0,1500,0,21,Released,False,/ikeIIxRCPG7R6SsE8gk1sxGshBL.jpg,"Horror, Drama",,
1642891,tt40142495,Boy Of Your Dreams 2,Boy Of Your Dreams 2,en,Two college girls staying at a guesthouse encounter a dangerous mythical serial killer.,,2026-03-13,/bt6b9l5mcv3VU4pZLiuMLmDLT5f.jpg,0.4317,1,10.0,0,0,71,Released,False,,"Thriller, Horror",,
1643120,tt37976475,Stabby Chic,Stabby Chic,en,A Man notices strange killings happening by the dumpster near his apartment. He investigates only to be pulled into the dumpster to a world where all the trash is out to kill him.,,2026-02-14,/c9yfEOBRNlafpQae6nXqQFNFNso.jpg,4.2457,0,0,2000,0,0,Released,False,,Horror,,
1643197,tt40231727,Models vs. Werewolves,Models vs. Werewolves,en,Five young models go to an Airbnb in the woods for a full moon that comes once every five hundred years. What starts off as the perfect girl's trip quickly becomes a nightmare as a pack of ancient werewolves are awoken by the new moon...,,2026-05-23,/2RfOxPqODvCRkd7saARt3AK4jeC.jpg,1.0491,0,0,0,0,74,Released,False,,Horror,,
1643244,,Mirage,Mirage,en,"a soldier returns from a war in Europe, only to grow more bitter as he realises a more sinister truth.",Nuclear Death is imminent,2026-02-28,/tDLLtstzaEkcQ1gdIikrjE9d0Tq.jpg,0.4932,0,0,70,0,7,Released,False,,"Horror, War, Mystery",,
1643254,tt35681499,The Curse Of Black Pond,The Curse Of Black Pond,en,"A group of teenagers go to an old house on vacation with a big black pond, what they don't know is that a long time ago, a witch was drowned and killed there and now she's back for revenge, on those who live in her house.",Secrets Have a Way To Come Back...,2026-05-21,/qqq6CVYtFpqSbBGk4qz2rfPf0Az.jpg,1.0907,0,0,100000000,0,35,Released,False,,Horror,,
1643349,,A Buried Mind,A Buried Mind,en,"After the recent death of his wife, hardworking gravedigger Henry Adler begins to suffer from sinister visions of death. Plagued by the grief of his loss, the phantom apparitions grow, spiraling his mind into a descent of madness. In search for peace he relies on his friends for some sense of comfort, only to slip further into a hallucinatory state. His work becomes his only distraction, causing him to become restless. Will he escape the madness of his own mind? Will the loss of his wife be too much to bear?",The life of the dead is placed in the memory of the living...,2026-01-07,/sGiiUTju4PHabboeNgYOf58cDS4.jpg,0.0261,0,0,0,0,11,Released,False,/33o69Aud06LfZXsNAG9cc9u7hmR.jpg,"Horror, Thriller, Drama",,
1643458,,when i go i want it to hurt,when i go i want it to hurt,en,Lo-Fi Murder-Suicide shot on the sketchiest digital you've ever seen. Skull-Crunching. Burning. Someone eating a stick of butter with the condom on. Slow nights and empty towns. Marcel Duchamp's Étant donnés.,and i hope that day will come soon,2026-06-02,/6u2MR9ScyBxObnz0C0xVKrCnqt6.jpg,0.0256,0,0,500,0,42,Released,False,,Horror,,
1643504,tt40223704,Panacea,Panacea,en,A grieving man makes a desperate decision that will derail not only his own life but that of those around him.,,2026-02-28,/wTZqxruyLPCjENfFrDNQ8CC5HXY.jpg,2.3167,0,0,0,0,10,Released,False,,Horror,,
1643519,tt39215345,Semper Tua,Semper Tua,en,"Where the lines between care, obsession, love, and delusion have gradually blurred, a man lives according to his own rhythm, guided by memory, devotion and something resembling love. Semper Tua, a slice of dystopia through the eyes of Midsplatternight Pictures.",,2026-02-14,/HFYg5NMG6SzNRopBMyUUO7unsj.jpg,0.0634,0,0,0,0,8,Released,False,/a6wifT5Es9B1QO94QA1cxCgboIA.jpg,"Drama, Horror",,
1643615,tt36979449,Mystic Stylez,Mystic Stylez,en,"A struggling rapper performs an occult ritual to climb the ladder of the Memphis hip hop scene, only to find himself haunted by sinister forces that begin to twist his reality.",Mic Drop,2026-06-19,/uxuYuCU0Zzc4jDZfCAMGMvN31nu.jpg,0.4646,0,0,2825,0,14,Released,False,,Horror,,
1643659,,Love Spell. A Psychedelic Poem in Two Parts,Love Spell. A Psychedelic Poem in Two Parts,en,"Adapting pagan rituals and beings into contemporary London, the film tells a story of a young woman, struggling with loneliness and alcohol addiction, who one day starts being stalked by someone who may or may not come from a world different than our own.",,2026-02-15,/dgIfS0aqb0pYyElrUPUyuzVYmy5.jpg,0.1541,0,0,0,0,21,Released,False,/rLF87omdCmWmbddK9A7PbrKaCKI.jpg,"Horror, Drama",,
1643869,,Survivor's Confession,Survivor's Confession,en,A man finds himself tied to a chair in an unknown basement while a stranger watches over him.,,2026-02-27,/tLEWxx03AVvzTgy0ECXrhLmDyVi.jpg,0.0218,0,0,0,0,3,Released,False,,Horror,,
1643892,,Screamface,Screamface,en,A man investigates a strange noise coming from his basement.,You'll scream at his face,2026-02-27,/glS0tb6NXnT76UcRzaVYvUSWv0o.jpg,2.5608,0,0,0,0,3,Released,False,/2kjsMtHsWte1fIwnCyUGoybicZM.jpg,"Horror, Thriller",,
1643982,tt37644495,The Ghost of You,The Ghost of You,en,"In a decaying post-apocalyptic New York plagued by the highly addictive and deadly drug Veno, Aurora fights for survival while haunted by unsettling visions of her past. Surrounded by violence, addiction, and the infected, she's forced to confront her own demons in a brutal search for redemption - before the ghosts of her former life consume her completely.",You can not outrun your past.,2026-01-17,/h9e4yWO0BOltlzxFIspk5vBGW90.jpg,0.3783,0,0,3000,0,18,Released,False,,Horror,,
1644025,,UDEG SPACE SAR 2026,UDEG SPACE SAR 2026,en,University Rover Challenge 2026,SPACE,2026-02-27,/kuQ7pmumqxgpsRKDof4BIzKGazL.jpg,0.0168,1,10.0,0,0,5,Released,False,,Horror,,
1644253,,Freak!,Freak!,en,A young woman develops an unusual attraction...,HOW FAR WILL SHE GO TO SATISFY HER FORBIDDEN LUST?,2026-02-20,/hfdwkLsnmT235fTN4wVInbZi6cY.jpg,0.5835,0,0,0,0,27,Released,False,/2rrwkBNt4QXoBkSGMkhQPr81FGP.jpg,Horror,,
1644275,tt37545257,Demon Core,Demon Core,en,"Short on time with his back against a wall, nuclear physicist Derek Fieldman grapples with the responsibilities of science and family. A single evening determines his future as he walks a tightrope of revolutionary breakthrough and catastrophic disaster all while trying to maintain familial integrity.",When obsession turns critical.,2026-02-28,/gVSk9SFOq8meR81ulT6It8ICUNl.jpg,0.1386,0,0,0,0,12,Released,False,/2zrLo2r99Z2IiTEfTIDlPecu6p3.jpg,"Horror, Drama, Science Fiction",,
1644398,,Butter,Butter,en,A mysterious contraption appears in Iris’s house one stormy night. Watch what happens as Iris and her friends witness the machine lose control…,Pop… sizzle…. DIE!,2026-03-01,/vWjXLfgtjwEmGaHvN2okRxtaBpv.jpg,0.0872,0,0,8,0,11,Released,False,/o5fzZPalUozxW7Esy9ggR6HlEUo.jpg,"Thriller, Horror, Mystery",,
1644449,,Love and Fear at College Age,Love and Fear at College Age,en,"College student Gauge's grip on reality disintegrates as he is torn asunder by his emotional conflicts, and by his own cinematographic creators and the very medium of the film that he inhabits.",,2026-03-01,/7lwcEkODGS7rnpKCrD7vlS0JZ89.jpg,0.0357,1,10.0,0,0,4,Released,False,,Horror,,
1644676,,Bois,Bois,en,"A group of friends embark on an adventurous hike after a J’ouvert event, but their disregard for the forest awakens something ancient they didn’t anticipate, leading to a harrowing battle of survival against supernatural forces that demand respect for the land.",When land enforces consequences on those who exceed limits.,2026-03-31,/3GeOdLeNC4WPGKjwmopL3Xb7QVI.jpg,0.2886,0,0,0,0,12,Released,False,/aPKSQIhImYkeSHY9CoOWyDLVbyT.jpg,"Horror, Comedy",,
1644758,,Angel (iii),Angel (iii),en,"A spectral first-person journey through Los Angeles layers the city across itself as our guide disassociates, giving way to an abstracted daytime ghost story following a woman's splitting of self and perception. ANGEL PROJECT continues.",Isn't it heartbreaking?,2026-07-14,/nOwluAwDh2iYRey8JhEchCc3XDz.jpg,0.8473,0,0,0,0,23,Released,False,/qHJzyThZxTQ17bHTmMtaDPR7D3i.jpg,"Drama, Horror, Documentary",,
1645070,,Dead End,Dead End,en,"Is it delirium or reality? The past or the future? A nightmarish journey through the Prague metro unfolds in a dreamlike sequence, exposing the inner world of a woman struggling with drug addiction.",,2026-03-06,/4PStJHuNTgEjXv3snI12PfG4kJt.jpg,0.9616,0,0,0,0,4,Released,False,/xVTfXmTHqFNFpJ9DUfAX0SZ2GFp.jpg,Horror,,
1645331,,פריק,Freak,en,"A boy who aspires to be a detective begins to investigate a mystery with the help of an odd person. Slowly, the investigation takes a turn.",Freaky movie,2026-04-16,/lQH7IjkDeqkHKkZEEi9ojqgKGv.jpg,0.0714,0,0,58,0,12,Released,False,/xb8mQaptLZxHtPMuHE138HyJ6oQ.jpg,"Horror, Thriller, Mystery, Crime",,
1645485,,Spiral,Spiral,en,"Two friends, Alex and Tyler, go out into the woods and have some fun. Who knows what awaits them.",,2026-02-24,/p8DO9QGpmQLwj3cSahcDJHSeQmr.jpg,1.0166,0,0,20,0,6,Released,False,/pGtckzjjK1Fv6kwmVspBoQAWhzL.jpg,Horror,,
1645603,tt33296064,Night of the Living Dead,Night of the Living Dead,en,A ragtag group barricade themselves in an old Pennsylvania farmhouse to remain safe from a horde of flesh-eating ghouls ravaging the Northeast.,,2026-07-03,/5l0klDtj2v4FMFOGGCEH23AQb30.jpg,57.8564,61,5.016,0,0,87,Released,False,/h1x4YiBtQEGY2dMx7k0fvlErlSn.jpg,Horror,,
1645998,,Nearsighted,Nearsighted,en,Without your glasses it can be difficult to see what’s stalking you in your own home.,,2026-03-20,/jjGMnvFjzPlO5KEPzUa34LMxou4.jpg,0.0602,0,0,0,0,4,Released,False,/tU05d7tN7twz0cAowv2RY3IawTW.jpg,Horror,,
1646001,,JAW,JAW,en,Mim’s quiet dinner with her folks is crashed by a man who has become dangerously obsessed with her.,,2026-03-20,/25NKBZkJat6zmDjv8B2UarVrwTh.jpg,0.0071,0,0,0,0,8,Released,False,,Horror,,
1646007,,The Mrs. Wolf Show,The Mrs. Wolf Show,en,"A friendly housewife, an unsuspecting salesman, and a live studio audience. What could go wrong?",,2026-03-21,/wnwcm9IOp0LI7KIoiewhRGwNuHP.jpg,0.5379,0,0,0,0,11,Released,False,/AmHiDujcXUQzj9fuBJpagj4F0zg.jpg,"Horror, Comedy",,
1646011,,It's Not Me,It's Not Me,en,A woman takes the place of her own doppelganger with horrific consequences.,,2026-03-21,/rwf7H1GsBLY1puoDZ7TzDShRzGl.jpg,0.0416,0,0,0,0,17,Released,False,/rw65p2gx9rulrX3MgmcX2yqAaCj.jpg,Horror,,
1646057,,LOVESTRUCK,LOVESTRUCK,en,"During a date night between Audrey (Jordan Baker) and Henry (Benjamin Sears) a crazed ex of Audrey’s breaks in to pursue Audrey, killing anyone who gets in his way.",Get over your ex’s.,2026-07-10,/3p1McF8Pn0K5u9la3r1CWScFQF1.jpg,0.0839,0,0,150,0,40,Released,False,/jO7UOCOvqxESc0SkjUg9ed3I0kn.jpg,Horror,,
1646116,tt39053701,Raptor Attack,Raptor Attack,en,"Jevan moves her family into her late mother's home, only to discover her mother, Iris, a genetic scientist, created a deadly raptor that's now on the loose. As the creature hunts them, Jevan and her family must fight to survive and find a way to stop the ultimate predator.",,2026-06-28,/wYxrTKQxC1Cjjgy2xHLImbqh2HD.jpg,3.321,0,0,0,0,95,Released,False,/dVAgM0hMZxdm2O8sllmjpxRsmme.jpg,Horror,,
1646124,tt39053706,Tiger's Rampage,Tiger's Rampage,en,"A bachelorette party in the woods becomes a fight for survival when a Bengal tiger escapes the zoo during a storm. Trapped without phone service or escape routes, the women must outwit the predator stalking their cabin.",,2026-06-01,/5baxI2CuEIrmyhTyLeVdO1IutIu.jpg,1.8199,0,0,0,0,70,Released,False,,Horror,,
1646149,tt43615957,The Gift,The Gift,en,"After eight long years of grief, Monica - in an act of vengeance - captures the man responsible for her pain and suffering, but they both soon discover that the truth is far more complex and sickening.",,2026-06-05,/eXqjvPelH0QlXaqYroy3nt27AjS.jpg,0.2794,0,0,0,0,16,Released,False,/yC7hJVPwisVHgf2v94Aszx79A1Q.jpg,"Drama, Horror",,
1646302,,"Red Door, Yellow Door!","Red Door, Yellow Door!",en,"When a sleepover game becomes a psychological trap, Penny Rue must navigate a living urban legend—enlisting the Hat Man, whose guidance forces her to confront the darkest corners of her own mind to escape.",Confront your demons. Escape this labyrinth.,2026-03-13,/7fn5A5wUAacSEaCfKDUIDFfJj54.jpg,0.1184,0,0,0,0,44,Released,False,/hqNN5AnhPiwUOqkdQ2lpbTKIrb3.jpg,"Thriller, Music, Horror, Comedy, Fantasy, Drama",,
1646413,tt36460241,The Flesh People,The Flesh People,en,"Two roommates, desperate to feel successful in the milieu of New York City, turn to macabre money-making schemes by performing underground surgeries and serving human meat to unsuspecting customers.",Subletting. Bloodletting.,2026-03-24,/jyyHM8DvzZNdxn3DfsKBJANHdzV.jpg,0.3511,0,0,200000,0,105,Released,False,/p2TLct44S956mffJ9uhezz5FbfW.jpg,"Comedy, Horror",,
1646508,,LIMINAL,LIMINAL,en,"LIMINAL tells the story of Vincent Marcum, a world-renowned quantum physicist who lost his wife and daughter in a tragic accident in 2001. Once a towering figure in the scientific community, Vincent has since withdrawn from the world, isolating himself in relentless pursuit of a singular goal, bending time itself. For decades, he has obsessively dedicated his life to achieving the impossible: time travel. Now, in the year 2053, at 86 years old, he finally succeeds. But in his research, he uncovers a disturbing truth: time does not curve as once theorized; it moves in a straight, unyielding line. This revelation carries terrifying implications...  ﻿What happens when you travel back to the past and no one was there?",What if you went back to the past and no one was there?,2026-04-11,/ffNQhtp9N2dKnvqlhVOc9lpg5iC.jpg,0.6883,0,0,5500,0,15,Released,False,,"Horror, Thriller, Science Fiction, Drama",,
1646522,,Come In From the Cold,Come In From the Cold,en,"A foreign student, stranded on campus over winter break, decides to make a video diary.",,2026-03-05,/3BP1cSAkaKtxs2xdyNBebmYgC3M.jpg,0.1089,0,0,0,0,155,Released,False,,"Mystery, Drama, Horror",,
1646541,,Peter Blaster the Puppet Master's Puppettacular Pursuit of Puppet Perfection,Peter Blaster the Puppet Master's Puppettacular Pursuit of Puppet Perfection,en,"Peter Blaster is not regarded well among the frequenters of comedy clubs in Bozeman, Montana. He blames his lack of comedy skills on his puppets, whom he abuses. But they have had enough of his violence.",Peter bombed for the last time,2026-02-22,/wB2zuNyQvq0CyWVpaY1Gh9hiaC5.jpg,1.0508,0,0,80,0,7,Released,False,/m0Wusey0Y9Pr6S1qcPokIdQT8iL.jpg,"Comedy, Horror",,
1646560,,The Tell-Tale Heart,The Tell-Tale Heart,en,"A man, desperate to prove his sanity, confesses the terrible act he committed. What began as a quiet obsession with an old man’s eye slowly unravels into paranoia, dread, and the unbearable weight of guilt.",I heard many things in Heaven. I heard many things in Hell...,2026-03-01,/hMc8dk3mwkn6ykKTHeDu8LbHknF.jpg,0.7264,1,9.0,1500,0,15,Released,False,/oOnw349OPjNr4Q0HcNO83hzOMj5.jpg,"Thriller, Horror",,
1646650,,Kodak,Kodak,en,a photographer keeps a close connection with her hobby but it doesn't seem as great as she thought,say cheese or be lonely,2026-04-02,/tLAM11NdpHVMDShD8SNvmUab8M4.jpg,0.3482,0,0,0,0,51,Released,False,/buWTEQkbElSans0srUB2KsBiY7E.jpg,"Horror, Drama",,
1646772,tt38892275,Total Party Kill,Total Party Kill,en,"When an all-female TTRPG group uncovers a sinister demonic presence hidden within one of their game's miniatures, their fantasy adventure spirals into a terrifying battle for survival-where the stakes are all too real.",Once the dice drop...Heads will roll.,2026-03-14,/kXlJ6yQl9I2aAiBQVDeshFrZOP0.jpg,0.3246,0,0,0,0,16,Released,False,/6KG5Z8hC7Vg4DngfCcDOnxDLVN.jpg,"Horror, Comedy",,
1646816,,Death Row Dog,Death Row Dog,en,A woman with a mysterious skin condition finds an unexpected cure through alternative medicine and canine assistance.,,2026-03-08,,1.0871,0,0,0,0,14,Released,False,,Horror,,
1646844,,The Salesman,The Salesman,en,"After the death of his wife, a man is greeted by an enthusiastic salesman.","""Always.""",2026-04-18,/bCiziuQgOxm4uCvf5dmsS8HUwy5.jpg,0.1724,0,0,1300,0,25,Released,False,/20THE1nqL3svMx22ckCdgowVsd8.jpg,"Horror, Thriller",,
1646950,tt39400149,Capture,Capture,en,"After mysteriously inheriting her parents house, a lifelong orphan finds a camcorder and a collection of video tapes containing the gruesome secrets of her family's past, and the horrifying truth behind the camcorder they were captured on.",Press record...die.,2026-03-17,/jB2P7VlYfRxJA6ajOEuiD4k8mTK.jpg,6.1237,13,5.192,0,0,85,Released,False,/rBGP7dcuwBKif01Nb5FzVvHbxcY.jpg,Horror,,
1647011,,The Fly,The Fly,en,"This cheeky short conjures the paranoid sensation we feel when there’s a fly buzzing around the room, but offers a surprising resolution to the issue.",,2026-03-22,,0.0982,0,0,0,0,3,Released,False,,Horror,,
1647483,tt35684986,Judge Michael - Rise of the Law,Judge Michael - Rise of the Law,en,"A new enemy has risen on mega city one, his name is Voss Kane "" The Ripper "" bringing chaos to the streets, now a new judge has emerged from the hall of justice teached by Dredd himself, to uphold the law and bring justice to the streets.","A killer is making victims on Mega City One, and only Judge Michael can stop him...",2026-06-26,/whIl2GjeULi03pimd24Y5mqkMok.jpg,0.9532,0,0,450000000,0,0,Released,False,,"Action, Fantasy, Science Fiction, Horror",,
1647523,,My Severed Arm,My Severed Arm,en,"After a brutal encounter with a masked killer leaves her trapped and alone, a woman turns to unconventional methods to survive the night. But as she fights back, she begins to realize something far more disturbing may be guiding her fate.",,2026-04-14,/ycgaCltk6WxzcivAC8ADezDWFtd.jpg,0.7238,0,0,0,0,9,Released,False,,"Horror, Comedy",,
1647583,tt33502668,Looky-Loo: Part II,Looky-Loo: Part II,en,"Continuing where the first film left off, the looky-loo killer’s newfound infamy encourages him to push his crimes to further extremes as he documents his sadistic ventures, adding a new metatextual element to the film.",It's not over until he says cut,2026-05-29,/i8mP2v8eznfGVUTB8i9OKoP2hj3.jpg,1.3194,0,0,0,0,80,Released,False,,Horror,1689563,Looky-Loo Collection
1647690,,The Mid-Night Driver,The Mid-Night Driver,en,"When a young woman summons a driver using a seemingly innocent ritual, she must fulfill his demands if she ever wants to get back home in 1992 Long Island.",,2026-02-28,/nv0e5hNFPCMZCRNZAcEET50am8Y.jpg,0.1376,0,0,0,0,80,Released,False,/8MPrCWqm99hjVteGR2kmFny2HhA.jpg,"Horror, Mystery",,
1647836,,AMOEBA: Plague [Opening Cutscene],AMOEBA: Plague [Opening Cutscene],en,"When an ominous warning about an amoeba in the water supply falls on deaf ears, a woman finds herself at the start of a zombie apocalypse as her coworker obliviously takes a drink. Staged as a the opening animated cutscene of a PS2 game.",,2026-06-27,/T6OpjT62xCKRGCGpnAKaqQQVBV.jpg,0.0707,0,0,0,0,2,Released,False,,"Horror, Action, Animation",,
1647838,,Red Velvet Cake,Red Velvet Cake,en,"When Marcy confesses a secret, erotic compulsion to her friend Tanie—a mystic hypnotherapist—she is plunged into a trance like no other. Under deep hypnosis, Marcy must navigate a dark, surreal mindscape populated by a ""freak show"" sex cult to confront her inner demons and finally unleash her hidden desires.",Imagine your mind is a door...,2026-03-07,/qfgkO2Fti5E0PeYGkKXpYjybWCt.jpg,0.0143,0,0,0,0,9,Released,False,,Horror,,
1647847,,Mimics,Mimics,en,"Mimics is a short, found footage, horror film about two influencer sisters who move to the woods to get away from it all. But what finds them is a following like no other.",,2026-02-12,/z0G4kD4DVSFWukEzxVcUgcii8ra.jpg,0.4161,0,0,0,0,14,Released,False,,Horror,,
1647870,,Bite Back,Bite Back,en,"Luis is a young vampire tired of following the strict rules. His mentor Monica, with a youthful appearance but not much older in age, is frustrated with him and warns that breaking the code will only lead to trouble. Luis decides to go against her, leading to a rift between the two of them.",,2026-03-06,/I0h9INARDVKlC5OGd8WTsk5y27.jpg,0.1921,0,0,0,0,8,Released,False,/qor683zzSHZqJu0yqcJs5qZjM7I.jpg,"Drama, Horror, Comedy",,
1647895,,A Monkey's Portion,A Monkey's Portion,en,A monkey films himself eating bananas for an online audience.,A MONKEY WITH A FULL MOUTH CANNOT SCREAM,2026-03-19,/6r97ILN1jmPGOWh6oIrvmn46gof.jpg,0.2837,0,0,0,0,3,Released,False,,Horror,,
1647914,,Breath and Length,Breath and Length,en,"The debut short film from Edward Pettitt, that blends surrealist imagery with the sounds from The Residents.",UN FILM D' EDWARD PETTITT,2026-03-10,/As42fdTk4BI7KD6HlAWTOx6N9TN.jpg,0.1629,1,3.0,0,0,2,Released,False,,Horror,,
1648030,tt40502810,The Copy,The Copy,en,A late night office worker is disturbed by something mysterious in the dark.,,2026-01-20,/1KDGQVzqd7uu0msEfpHmvpbaI7B.jpg,0.0893,0,0,0,0,3,Released,False,/qhbIFFJagJl6ZNMWt3leWJAOQDv.jpg,"Horror, Thriller",,
1648296,,Dogshit,Dogshit,en,"A man desperate to regain his lost edge becomes convinced that a grotesque new deodorant is the key to confidence, power, and success.",Make your mark.,2026-02-06,/ffvgh5osCz34ftqjvEBsk6BNwo1.jpg,0.5637,1,8.0,134,0,4,Released,False,/SLy1PVRSqJcdjKslQYaFXBbkTj.jpg,"Comedy, Horror",,
1648343,tt40519769,Red Herring's Found Footage Nightmare,Red Herring's Found Footage Nightmare,en,"A con-man and grifter creates a faked paranormal live-stream to entertain his followers, unaware he is actually being haunted.",Not everything is a red herring!,2026-03-24,/1lDOuJnKg6BgJn3oPjQj6eSzaXp.jpg,0.3185,1,1.0,0,0,67,Released,False,/2sddOu44wjAqLz7XM1K2roTPkji.jpg,Horror,,
1648357,,Void Supervisor,Void Supervisor,en,"Tasked with watching the void that occupies the back wall of a room with no doors, the Void Supervisor carries out his job to the letter. That is until something else decides to join him.",Rule 1 - Don't Go Near the Void.  Rule 2 - Record Void Activity Every Hour.  Rule 3 - Take Plenty of Walking Breaks,2026-04-20,/2lbyox6BypbSDWlleJvtnszsVdC.jpg,0.5461,0,0,2027,0,1,Released,False,/hYdaqXnsqdI2liTxb9OFoIX4aMb.jpg,"Horror, Science Fiction",,
1648427,,The Trick,The Trick,en,"A mysterious stranger, a deck of cards, and a trick far more sinister than anyone could imagine.",Do you believe in Magick?,2026-03-07,/szomNdlo8cKHLBGujUezkmja7qc.jpg,1.109,0,0,0,0,4,Released,False,,"Horror, Thriller",,
1648516,,Trick O' Freak,Trick O' Freak,en,"When Timmy meets Margaret, he thinks he found the love of his life. However, Margaret has other plans for their relationship.",KNOCK KNOCK. IT'S FREAKTASTIC,2026-03-08,/qFesfwugxFfhs0Vm42n7BMTfxOj.jpg,0.0281,0,0,0,0,7,Released,False,/eqSMjxlWG9QDbyDJjF2FE1D3dnl.jpg,"Comedy, Horror",,
1648554,tt29463911,Amityville Aliens,Amityville Aliens,en,Amityville anthology from horror legend Donald Farmer,,2026-03-03,/7eOPYmdSf0orNOc2F7JqfGfdlSZ.jpg,2.4461,0,0,0,0,96,Released,False,,"Horror, Science Fiction",,
1648585,,Blink,Blink,en,"As the sun sets behind the eternal clouds of an apocalyptic world, a man and a woman become unlikely friends. Together, they battle the ruthless creatures that dominate the bleak landscape as they struggle with loyalty to the human race that left them to die.",Save us. Not them.,2026-04-21,/286Rx3Wa0GS4W91WpuBfUwAaOyy.jpg,2.0928,0,0,0,0,0,Post Production,False,,"Horror, Thriller",,
1648713,,THE CLOSING SHIFT (short film),THE CLOSING SHIFT,en,"The main character has to close at his job, everything is normal until he has to go to the storage room.  This short film will be presented at the 2026 HOCO Film Fest!",HIS LAST SHIFT FOREVER,2026-05-10,/t8wcaJTvU1qRlcw6iVSTpkRSPm7.jpg,0.2166,0,0,0,0,7,Released,False,/lhM8FfhyKwVWCc6bJKsZKQS86BO.jpg,"Horror, Drama, Thriller",,
1649125,tt36244882,My Neighbor is a Witch,My Neighbor is a Witch,en,"Three middle school kids suspect their bus driver neighbor is behind a string of child disappearances. As they investigate, they uncover dark rituals and a sinister force hiding in plain sight—right next door.","Three middle school kids suspect their bus driver neighbor is behind a string of child disappearances. As they investigate, they uncover dark rituals and a sinister force hiding in plain sight—right next door.",2026-05-25,/u6jlsmhQSTRNHlxLgr1akLNQyLj.jpg,0.3959,3,3.667,0,0,94,Released,False,,"Horror, Fantasy",,
1649128,tt31031928,Wed the Dark,Wed the Dark,en,"After the death of her fiancée, a young woman retreats to a remote Montana fire lookout to grieve, but when reciting their vows summons the ghost of her beloved, she must learn to let go of the past before being drawn so deeply into its shadow that she’s unable to return.",I love you... all the way to the end.,2026-03-15,/fkThLH2IIT6ANauCsrJuZOCgIIj.jpg,0.8472,0,0,0,0,77,Released,False,,"Drama, Horror",,
1649255,,Worship Him,Worship Him,en,A woman finds herself stuck between pleasure and the force of God.,,2026-03-09,/8tJvztr6A8iSI8DyulxJZoDpar5.jpg,0.0468,0,0,0,0,4,Released,False,/ikoEm8d6ga7Fco5LETT5ela9rrk.jpg,"Drama, Horror",,
1649517,,What Lurks In the Shadows,What Lurks In the Shadows,en,"In the community of Warren Mill, things may look peaceful on the surface by day. But at night, death and darkness emerge when a kidnapping spree is planned.",,2026-02-05,/fyAQlugih61fcJ16BTj3fDpBUvG.jpg,0.2199,1,7.0,0,0,70,Released,False,,Horror,,
1649529,tt27677192,Cursed Hearse,Cursed Hearse,en,"When a down on his luck hipster buys an old hearse with the hopes of converting it into a limousine service, he soon finds out that there's a lot more to the hearse than he bargained for .",,2026-03-10,/aPEJjaROb3YtDxtd9ZIQbS7OHDp.jpg,2.9459,1,10.0,0,0,96,Released,False,/nfdzQQQjql1m3FrGEL5aK6kKkHw.jpg,"Comedy, Horror",,
1649617,tt40594274,Ravam - Sound of Soul,Ravam - Sound of Soul,en,"Mouli, an aspiring filmmaker, joins Pooja and Ravi to document eerie experiments on the sound of souls in a remote village. What starts as a creative project quickly turns into a terrifying encounter with supernatural forces and possession.",,2026-03-09,/md9Q7xL2ofD3jyH1ZRYyOaoizcP.jpg,0.1027,0,0,0,0,125,Released,False,/yxDME3CiEokqxiEl2h7iwDm4Z96.jpg,"Horror, Thriller",,
1649651,,Red Goes To Heck: The Final Herring,Red Goes To Heck: The Final Herring,en,"It's been a year since Red Herring disappeared. Now his brother, Chad, is trying to pick up where Red left off and find out why and how his brother disappeared!","Red's dead, Chad's not!",2026-03-10,,0.1024,0,0,100,0,97,Released,False,,Horror,,
1649737,tt40481399,Distort 2: The Dead Among the Trees,Distort 2: The Dead Among the Trees,en,"Distort 2: The Dead Among the Trees follows a documentary crew investigating the disturbing tapes and local legends surrounding a woman who vanished deep within an Irish forest. As they retrace the events captured in the original recordings, the team begins experiencing the same strange and terrifying phenomena, suggesting the darkness in the woods was never truly gone.",They were searching for the truth...Now they need to survive it.,2026-03-27,/gYQg7XwglQFeKYuhCceBsX9hdz5.jpg,0.3697,1,10.0,0,0,88,Released,False,/8jAZdeXEMuDArcmjb3quC5jrRVF.jpg,Horror,,
1649764,tt39074237,The Devil's Due,The Devil's Due,en,"For inquisitor Jude Price, sobriety meant leaving his demons behind. But when a trail of strange disappearances leads back to his former local, he realises they've been awaiting his return.",A reformed alcoholic returns to his local pub to exorcise a demon.,2026-12-31,/9X13FUFB0qk6eoTSQSgCZQR0H4K.jpg,0.4572,0,0,0,0,23,Post Production,False,/jNb0IEIcp2G3qqFuWOFpgQSH1rY.jpg,"Horror, Drama, Thriller",,
1649774,tt39229853,Envelop,Envelop,en,"Stranded and vulnerable after a car crash, a couple looking for help in an abandoned hospital quickly turns into a fight for survival against its deranged former patients.",,2026-01-21,/rGym9k9kWlVw7Wqn5CWb93J3GaY.jpg,0.2781,0,0,0,0,82,Released,False,/1qQ6Guid2tYbWcFEkdSdyF4MgVW.jpg,Horror,,
1649830,,morningshed,morningshed,en,A woman’s regimented skincare routine begins to unravel when she makes an unsettling discovery.,BECOME YOUR BEST SELF.,2026-05-02,/6nTlRNtCsfQBtiGCkmASWxDtDJ.jpg,0.2911,0,0,1000,0,9,Released,False,/9GDj1AUVI98gRR8vZbA7f5WgsqS.jpg,Horror,,
1650053,,OUROBOROS.,OUROBOROS.,en,"As a boy, he witnessed his father’s murder at the hands of a gun-wielding demon - trauma that ignited a burning desire for justice. As a man, he now struggles to walk the razor’s edge between justice and vengeance. In a neon-lit city’s dark criminal underbelly, his path of destruction begins to spiral out of control, with cash piling higher than the mountain of bodies left in his wake. But when the long-awaited confrontation arrives, the stakes shift — A snake lunges at its prey only to bite its own tail.",,2026-06-28,,0.0493,0,0,0,0,4,Released,False,,"Animation, Action, Crime, Horror",,
1650210,tt40984677,Sundown,Sundown,en,"Three generations of women reunite in a remote cabin to avenge a loved one's death, only to discover their captive isn't who he seems to be, and his family is closing in, waiting for sundown.",,2026-08-06,/u6sv9wpEnWnbbGQ1bRkfCjteYJU.jpg,1.559,0,0,0,0,80,Post Production,False,,Horror,,
1650276,,Holly,Holly,en,"Holly arrives at church to pray for protection.  However, is greeted with an entity that craves her innocence.","PRAY FOR HER, PREY FOR HER",2026-12-04,/3pTXIOTWzpogvwAYfe6WxmFogjC.jpg,1.3979,0,0,0,0,5,In Production,False,,"Horror, Fantasy",,
1650442,,It Comes From Within,It Comes From Within,en,"After a bank robbery, a group of criminals converse their next move as they are interrupted by what seems to be a superhero..but is something far worse than they can imagine.",,2026-02-10,/1zkToaSA7a8QCOYpqUVShpofT68.jpg,0.4686,0,0,0,0,7,Released,False,,"Action, Horror",,
1650512,tt37195856,Meat,Meat,en,"A doting wife, a controlling husband, and an appetite for revenge.",,2026-04-11,/lIYp6V8AoqklLvdUEKORRdOAklG.jpg,0.4456,0,0,0,0,12,Released,False,,Horror,,
1650606,,Communion,Communion,en,"After killing one of his parishioners, a troubled, paranoid priest attempts to hide the body before being questioned by the police.",LET THIS NIGHT END!,2026-03-15,/aRsX6u4tIGu1Ty3eCmELVw9AvBN.jpg,2.1512,0,0,0,0,25,Released,False,/bR8BZhgeedlZWJRd6coDagNisZ3.jpg,"Horror, Mystery, Thriller",,
1650660,,A Quiet House,A Quiet House,en,"SHE’S ALWAYS BEEN AN OLD SOUL
 Sian and Lewis, are a married couple spend who their days attempting to reach out to their daughter, Hope. Sian brings meals to their room whilst Lewis waits and listens. However, the couple are stuck in a loop that conceals reality. The evening brings warmth and comfort, whilst the harsh morning light reveals the truth of what lies beyond Hope’s door.",,2026-06-11,/4EEUxadDcZqplrHbFOjmFeNaRkM.jpg,0.1991,0,0,2000,0,14,Released,False,,"Horror, Thriller, Drama",,
1651025,,THE DOLL ZONE,THE DOLL ZONE,en,"Everyone has a routine. Ivy and Mia have theirs. In a small apartment, two roommates share an unusual way of approaching dating, until Mia grows tired of it and confronts Ivy, who refuses to listen. What follows reveals that beauty does not lie in the person themselves, but in the gaze we place on them.",,2026-01-30,,0.083,0,0,0,0,2,Released,False,,"Thriller, Drama, Horror",,
1651035,,Let's Help Olivia Kill Herself,Let's Help Olivia Kill Herself,en,"A frustrated young woman, convinced she can communicate with ghosts, decides to kill herself, return as a spirit, and finally prove herself to her dubious friends.",There's no such thing as ghosts!,2026-03-13,/xWLQnnqHYaS7OdEJLQCPdrTikCj.jpg,0.0214,0,0,0,0,7,Released,False,/psEuT725EjUfAcjUnqNEPs1Qsfh.jpg,"Horror, Comedy",,
1651230,,Father,Father,en,"During Thanksgiving week, two college friends interview a group of students who have seen the ghost of a deceased father.",He died years ago. His legacy didn't.,2026-04-25,/sEma3FVGcxfErIRDqde0nipwVly.jpg,0.742,0,0,500,0,29,Released,False,/VRV4qqrxxj8NhFubExBJR8RpfY.jpg,"Horror, Mystery, Thriller",,
1651269,,Quiet on Set,Quiet on Set,en,"A group of four friends travel to the woods to make their own short horror film, but they soon realize that they're not alone.","They wanted to make the perfect slasher, but it found them first.",2026-03-13,/48ir8FnWMx0Zq6qHAqpvTN6tIkX.jpg,0.0931,0,0,0,0,15,Released,False,/lBRYdsWrF6T4f30P6NkkgJ0lDeN.jpg,"Horror, Comedy",,
1651564,,I TRIED A RITUAL,I TRIED A RITUAL,en,"One unassuming day in 2018, Lex finds an incantation and a set of instructions for a ritual in a book in the library. She sees no harm in giving it a try.","Devil, treat me like I've died...",2026-03-26,/8TJaw5Z7vkOgQ3ws3wyMTQ8DK1P.jpg,0.3134,0,0,0,0,22,Released,False,,Horror,,
1651590,,The Lost Fortune of Oliver Brody,The Lost Fortune of Oliver Brody,en,"After striking gold in the wild frontier, a lone prospector’s dream of bringing riches home to his family is threatened by a mysterious intruder.",,2026-02-25,/rYzQ9u6cQXU8k4tZ5cTX5XRUrFn.jpg,0.7717,0,0,0,0,12,Released,False,/18bgyftWJNVSMeyc8qK6wytXr18.jpg,"Western, Horror",,
1651661,tt41054360,The Third Shift a Paranormal Horror Story,The Third Shift a Paranormal Horror Story,en,Five paranormal investigators are lured on an unguided overnight ghost hunt within the cofines of Gloucester Prison. All five of them vanished without  a trace. Edited footage is uploaded online and this is the footage they wanted you to see...,,2026-05-19,/l4sWsC4Ta2yx58sCPL26NVQKXsn.jpg,0.0777,0,0,0,0,70,Released,False,,Horror,,
1651714,,The Closet,The Closet,en,A man wakes up in a strange place. He must find the key to get out. He will meet people of different kinds. He must find himself. He is all alone. He is in The Closet.,Take your eyes off the pisco sour,2026-03-13,/qWYxPZSGBhO3ozCUYFBudD7IUfU.jpg,0.1019,0,0,20,0,5,Released,False,,"Fantasy, Horror",,
1651785,tt40311683,Tommy The Smoker,Tommy The Smoker,en,An actor that does bad cigarette ad's magically meets a mysterious girl and gets into other absurd situations.,A PACK A DAY KEEPS THE LUNGS AWAY,2026-03-23,/n2II0tjEaB675rdYyu5qkg8Svon.jpg,0.1826,0,0,0,0,14,Released,False,/aYSa5LtoaxGJqvEdVJpNdG8cFW4.jpg,"Horror, Mystery, Animation",,
1651814,,the things id do to you,the things id do to you,en,i'm so hungry.,cannibalposting,2026-03-14,/b3y5llqGeMZn6fO0XNs0w4PFiY7.jpg,0.0875,1,10.0,0,0,0,Released,False,,Horror,,
1651883,,Locked in a Loop: Living with OCD,Locked in a Loop: Living with OCD,en,Louka is a man suffering from extreme OCD. After an episode of his condition that lead him to locking a door multiple times he seeks help from a therapist.,What if someone breaks in?,2026-03-13,/9UgkdbN9QHgtOchP1GwkfkJEZai.jpg,0.0261,1,9.0,0,0,3,Released,False,,"Drama, Horror, Mystery",,
1652003,,The Warning,The Warning,en,A short film about a man lost in the woods and gets warned about a cult worshiping the wendigo.,"You Don't Pray, Your Prey",2026-04-11,,0.2449,0,0,0,0,2,Released,False,,"Horror, Thriller",,
1652081,tt39089027,LaVey,LaVey,en,"When a rising influencer partners with a mysterious emerging brand, her followers witness her unraveling.",,2026-03-20,/pFsHVV75EqAzeyXiYlk6iv71lux.jpg,0.0256,1,3.0,0,0,11,Released,False,,Horror,,
1652309,tt35840086,House Rules,House Rules,en,"HOUSE RULES is about a game night that spirals into bloody chaos as a group of friends unknowingly play a cursed board game. As the night unfolds, their darkest impulses emerge subconsciously, exposing the ruthless nature of game night and capitalism.",Play or Pay.,2026-04-11,/yMqA5zIDucvFGJCDEsHsnILv71D.jpg,2.2587,0,0,0,0,10,Released,False,,"Horror, Comedy",,
1652401,tt35235826,Scissors,Scissors,en,Follows a slasher with a grudge who meets his match when a group of queer friends on a weekend getaway turns his killing spree into a bloody night he never saw coming.,We can go all night.,2026-03-14,/cAxAeNwpNoSHy0cLCCPdao7B2UF.jpg,1.8391,1,10.0,20000,0,12,Released,False,,"Horror, Comedy, Thriller",,
1652435,,Therapy with a Zombie,Therapy with a Zombie,en,A zombie seeks therapy after realising he's addicted to eating brains.,,2026-10-31,/s2BfK65tWtTUfOd6sXlZ6AVpjbw.jpg,0.2349,0,0,0,0,0,In Production,False,/6LbVmm4Z6Vou51u3SPSeX3GKuxE.jpg,"Comedy, Horror",,
1652478,tt39371429,The Disgusting Man,The Disgusting Man,en,A Man tries to seek revenge on his wife's murderer while descending into Darkness and finding out the truth that will change everything.,It Is What It Is,2026-03-08,/o6ABmkUH7TSxWN1AWOy5ficJ5RS.jpg,0.1341,0,0,0,0,96,Released,False,/l4xF2EoFiNwONHDYD6devl9FnfJ.jpg,"Thriller, Drama, Horror, Animation",,
1652606,,The Frankfurt Specimen: 2099,The Frankfurt Specimen: 2099,en,"A radical terrorist organization steals a virus, breaks into the capital building, and releases the psychosis-inducing Frankfurt Specimen, wreaking havoc on the president's birthday party.",Things are about to get real glizzy.,2026-03-16,/v7K81NdCeHP1XFsm23pPpo6dHdE.jpg,0.138,0,0,0,0,13,Released,False,/gS7ZNL3PhCcMHf7xjJ72TJVG0Xw.jpg,"Horror, Thriller, Science Fiction",,
1652626,,THE END IS COMING: THE FILM,THE END IS COMING: THE FILM,en,"In Oklahoma City on August 12, 2045, at 1:27 PM, a mysterious celestial body referred to as ‘The Eclipse’ arrived on Earth and destroyed the Sun, leaving the world in a dark hellscape. The last remaining survivor documents the aftermath and tries to uncover the mystery behind ‘The Eclipse’.  THE END IS COMING: THE FILM is a visual component to the THE END IS COMING - EP, available on all music streaming platforms.",,2026-01-16,/20yir67bSJTOBzY3cAzaVA1DOla.jpg,0.3231,0,0,20,0,31,Released,False,/dHvglqeo0dQCuzZDQt28QwuYCnh.jpg,"Horror, Mystery, Music",,
1652722,,Johnny likes to read,Johnny likes to read,en,A short psychological horror film about a child hiding and living with a abusive father.,Johnny likes to read.,2026-03-15,/sNPDSiCzgjDs3eBrOBtqwwiMyi4.jpg,0.0658,1,5.0,0,0,1,Released,False,/i9YvKLMM8OjVNccyimOrgqjE4ft.jpg,Horror,,
1652749,,Lost Amongst the Mind,Lost Amongst the Mind,en,"A lonely individual finds himself being interrupted by his own mind, ordering him to kill.","KILL THEM ALL, JAKE",2026-03-13,/6XHqOyOhEQMYEMGmsm18naAmvfh.jpg,0.087,0,0,0,0,6,Released,False,/6zEwpgyKuMc4GrI0xLXV0DK1ZMe.jpg,Horror,,
1652871,tt40729378,Flytrapper,Flytrapper,en,"Crystal’s life of extremely aggressive rap music, jet-skiing, and nefarious activities is upended by a visit from her estranged best friend, Melonie. With a motive in hand, Melonie begins digging into the past, what led to their falling out, and the connection it might share with the present. As the situation becomes increasingly unstable, she can’t help but stay as the two rekindle their friendship.",,2026-04-09,/sizsSr9HVzusCVATsxshbpuGXrj.jpg,0.3068,0,0,0,0,74,Released,False,/hvgcAgOurbdqzO0hVmOdb5upt5o.jpg,Horror,,
1652916,,High Tension,High Tension,en,"In a dark night, a man takes help of a cyclist to get petrol for his motorbike.",tejbirbhardwaj,2026-03-06,,2.4755,0,0,1000,0,0,Released,False,,"Thriller, Horror",,
1652998,,Eye for an eye,Eye for an eye,en,"A kidnapper interrogates the man responsible for killing his brother. During the tense interrogation, many secrets will be revealed and all will be laid bare.",,2026-05-22,,0.5788,0,0,64,0,6,Released,False,,"Thriller, Horror",,
1653034,,Last meal 101,Last meal 101,en,How to prepare your last meal.  Doktor Lederstein tut.2,cannibalposting,2026-03-16,/mOmAfQf29bof4LleJrT9P9mmHbu.jpg,0.322,1,10.0,0,0,2,Released,False,,Horror,,
1653057,,Memoriam,Memoriam,en,"A landscape movie shot in Madison, Wisconsin.",,2026-05-31,/guJpCQBdAr1kpX8UNcWhE9PuiBB.jpg,0.1222,0,0,0,0,27,Released,False,/tuwN2oLdH10I8AzAe691gglDmPU.jpg,Horror,,
1653503,,Kill Your Darlings,Kill Your Darlings,en,"Two exhausted detectives are hunting down a calculated serial killer, who has left cryptic clues pointing to connection to each murders that has happened over the following days. The two detective are now in a situation where every second counts. Will they solve the disturbing case before the clock hits 12? Or will there be another crime scene to clean up?",Where every second counts.,2026-03-14,/vHRYu2Mb02WxdOJm5ckY0SjE73z.jpg,0.0368,0,0,0,0,7,Released,False,/zoCkKDOmPAKHr7qiI9w5iqwPg7l.jpg,"Crime, Horror",,
1653722,,Brain Rot,Brain Rot,en,A hikikomori girl falls in love with a woman who is secretly trying to turn her into a CRT.,,2026-03-25,/80tzEEbq3WXdmVXHiHwmC5tcw7C.jpg,1.467,0,0,0,0,15,Released,False,/eNQCNsRgKczN5CtzpSWAGEjA1Tv.jpg,Horror,,
1654174,,Plastic Liver,Plastic Liver,en,A woman is terrorised in an existential hell.... Otherwise known as life itself.,THE 2ND FILM BY EDWARD PETTITT,2026-03-18,/tmjiGuXOEqE7N97Q96WjDK5KvWM.jpg,0.0919,0,0,0,0,7,Released,False,,Horror,,
1654309,,The Escape,The Escape,en,"Two kids discover a money-filled hole in the forest, but a note reveals the shocking truth about it. Prototype for a feature film concept.",Some things aren’t meant to be found,2026-04-26,/1F1ZxqF4cwa04ThFM6ztNfOB1TX.jpg,0.6948,2,10.0,70,0,5,Released,False,/sfUfW2XBatNdbufalcFvtb7ibDS.jpg,"Mystery, Crime, Horror",,
1654336,tt41519952,Shank,Shank,en,"Described as ""If Monty Python made John Wick with no money"", Shank is a bonkers action comedy you can't miss.",“That’s some pretty good glowing green shit.”,2026-02-21,/zqOEg1HNz3PdvIfwqqt54CGk8yZ.jpg,0.0832,0,0,0,0,105,Released,False,/957BvtBPf8fF1k5utKVOR7P53ei.jpg,"Action, Comedy, Horror",,
1654351,tt41743580,This House Is Totally Haunted,This House Is Totally Haunted,en,Ghost hunters collide with a cult survivor and his strange manservant at a possibly haunted backwoods cabin.,,2026-03-18,/jQqjXuFG8osb5PAkPtB1sfASg3w.jpg,0.1712,0,0,0,0,73,Released,False,/bbnFkTE5yt3z3oM0aQTji3cA1Fc.jpg,Horror,,
1654380,tt35474066,Weird Valley,Weird Valley,en,"Weird Valley is an absurd comedy anthology hosted by a foul-mouthed, philosophizing Poop Bucket puppet who introduces a series of bizarre stories set in a strange Midwestern town where nothing—and no one—is quite right.",Hosted by a bucket of bad decisions,2026-03-18,/3DmDc8Es35K3zUCbAr3ORHqE71P.jpg,1.3552,0,0,0,0,61,Released,False,,"Comedy, Horror",,
1654448,tt40489347,Amityville Toothache,Amityville Toothache,en,"Gabriel has an excruciating toothache. Unfortunately, his dentist is operating with tools supplied from the cursed town of Amityville.",Pain like you can't imagine!,2026-04-04,/ezvxNMhnpOjDjLO9NLzjOgHT1Mn.jpg,1.3094,0,0,0,0,7,Released,False,/bJWiwlI3BVrZ3boOFQdr5kGQGSR.jpg,"Comedy, Horror",,
1654479,tt40758636,The Waiting Man,The Waiting Man,en,"In 2022, the famous streaming group TOMNI was at the height of its popularity with over 7 million followers. Over the course of a week, their content changed and then they suddenly vanished. This is the footage recovered from their social media, computers, and SD cards. Experts believe the footage shows the worldwide phenomenon known as Alikabiha, also called the Waiting Man.","You saw him, now it's too late.",2026-07-04,/17jt9h9fNZ6mELhyPsL25YZIEPm.jpg,1.135,0,0,5000,0,98,Released,False,/iSKY5cPHd75UnrY3ZXeAno2xOjQ.jpg,Horror,,
1654487,,STATIC,STATIC,en,A highschool boy encounters a entity that attempts to control him.,"Wonder,Concern,Panic",2026-03-09,/4s9Xc6Z1011SahJaZMXiTNC6fFs.jpg,0.174,0,0,0,0,4,Released,False,/pYvHLZPh83kVfHgXDfQRu8ga9ZV.jpg,Horror,,
1654511,tt37211736,The Man Whom the Trees Loved,The Man Whom the Trees Loved,en,"On vacation on a remote island, Sophie tries to salvage her marriage with Dave. But as he explores the forest surrounding the house, he becomes increasingly entranced by the trees. To Dave, they are beautiful, inspiring, and radiant. To Sophie, however, the trees begin to take on a darker, possibly evil presence, as she struggles to save her husband from being taken by the forest forever. Based on the novella by Algernon Blackwood.",,2026-04-18,/rhkoaQ3kSSr4AUd3znX09uGDPlM.jpg,1.0575,1,7.0,35000,0,73,Released,False,/h7XL4QWVkS8X0XxdrtpuCuBjs2z.jpg,"Drama, Mystery, Horror",,
1654550,tt39402324,Dagnabbit!,Dagnabbit!,en,A homeowner. A crawlspace. An unwanted guest.,,2026-07-17,/zrTRck2QOLUQc3jgKvp77h1VEXb.jpg,0.9738,0,0,0,0,6,Released,False,/xgj91yi7YMQCT4p6J8HhVJ2LwNT.jpg,"Horror, Comedy",,
1654587,,샤이닝 나이트,Shining Night,en,"Molly, a sea turtle hatching on a dark beach, sees the moonlight filtering through the clouds—but another light appears behind her as she heads toward it.",,2026-03-20,/7rbfbZARo5mIHqkv4Quqw2ObhjS.jpg,0.0546,0,0,0,0,6,Released,False,,"Animation, Horror",,
1654715,tt13398684,The Summoning of Chloe Kane,The Summoning of Chloe Kane,en,"The wealthy Kane family moves from Philadelphia to a 700-year-old castle in Germany, where Chloe's disturbing psychic visions reveal a dark past, and she must use her abilities to save her loved ones from the malevolent forces within.",,2026-03-03,/iIjGv0jWcSCUltcZB0Ftj5aTHc1.jpg,0.8008,2,5.5,0,0,124,Released,False,/q4xc8D8qm2LILF4j7BfrB0pP3ai.jpg,"Horror, Thriller",,
1654743,,Rat,Rat,en,A man gets a calling from a mysterious entity.,Who are you?,2026-03-19,/hQLvBpnnv7XSpKjY31qsJRCogFw.jpg,0.1031,0,0,0,0,10,Released,False,,Horror,,
1654791,,Motel Inn,Motel Inn,en,Daniel has worked at a motel for years. He has seen a range of strange guests enter and leave; these four have been the strangest.,"One film. Multiple directors. Each room, a different vision.",2026-07-17,/6XyUiCpsYpLzS6FQCCXMPMoX85F.jpg,0.0362,0,0,0,0,0,Released,False,,"Crime, Drama, Horror, Mystery, Romance, Thriller",,
1654803,,Channel 9 FM,Channel 9 FM,en,"An audio-based radio anthology in the Channel 9 universe featuring work from Jake Hirsch, Jack McMillan, Richard Roberts, Lorna Ryan, Quin Terry, and Talissa Wright.",Stay Tuned!,2026-03-18,/lmrcvSX2aItU3L7bYnwAQjWswvL.jpg,0.6777,0,0,0,0,65,Released,False,,Horror,,
1654961,tt34107154,The Audition,The Audition,en,"After the death of his wife, widowed filmmaker Noah spirals into obsession when he meets Miya, a young woman drawn into his dark world. As his fixation grows, terror unfolds in this chilling tale of grief, manipulation, and horror.",,2026-02-02,/fsUpCOYcJVPhGO9Cw17L42eUZaE.jpg,2.1823,0,0,0,0,90,Released,False,,"Horror, Thriller",,
1655055,,Totally Dead,Totally Dead,en,"When three disaster-prone girls accidentally kill the beloved class president three hours before his pep rally, they resort to voodoo to cover their tracks.",Totally their fault.,2026-04-17,/qSwAxYJtm5C9HBx7TUblPdGGRlU.jpg,2.865,0,0,0,0,6,Released,False,/6ssYh1k9OkSH9p2tPhp84xy5JQY.jpg,"Comedy, Horror",,
1655204,tt39169915,GetAway,GetAway,en,"A neo-mumblecore horror feature. A couple spend the weekend at a cabin in the woods, but they're not alone. Can they trust each other to survive?","After a 6 month online relationship, a couple meets in person for the first time for a romantic weekend away at a remote cabin. However, lies are quickly revealed and there's someone (or something) stalking them in the woods.",2026-04-12,/1UgbE24XD8SyHukBkKcVtlW6NzD.jpg,1.2184,0,0,17000,0,86,Released,False,,"Thriller, Horror, Romance",,
1655394,,Pig Earth,Pig Earth,en,"Pig Earth traces a sequence of conditions through which consciousness emerges, organises, and ultimately fractures under its own weight. It follows the slow organisation of mind from instinct into structure, from structure into consciousness, only for this awareness to rupture, turning back upon the organism that hosts it. If evolution tends toward efficiency, then consciousness appears excessive. If it tends toward survival, then consciousness appears compromised. The conscious animal becomes the animal that hesitates, the animal that suffers its own awareness, the animal for whom existence is no longer given but must be continually reckoned with. In this sense, consciousness may be less a culmination than a misstep: not the enlightenment of the organism, but its undoing.",Here is a place that is nought but dust and the wind which stirs it.,2026-04-11,/iL6Mur0yzfd4K6CzMVK7pl46UTp.jpg,0.0546,0,0,0,0,30,Released,False,/oAUpKePHHaW4TDjrzKwWIwhwYV1.jpg,"Fantasy, Horror, Mystery",,
1655567,,Euthanasia,Euthanasia,en,"A short horror film made in a week, exploring the motivations of a nurse who's euthanised her patients being interrogated by a detective.",An interrogation of a nurse who's euthanised her patients.,2026-03-21,/naQSO1f2qR7zGz7vkNH2HLVtc2K.jpg,0.1161,0,0,0,0,3,Released,False,,"Mystery, Horror, Crime, Drama",,
1655692,,The Haunting of Comet Lodge,The Haunting of Comet Lodge,en,"A short film about Comet Lodge Cemetery and the many souls bound to haunt the small patch of land with a brief segment revealing their faces and memories, then shifting to focus on a particular ghost by the name of M.W Lovejoy who appears and goes through his mourning ritual which he is cursed to repeat for all eternity.",The Haunting of Comet Lodge,2026-03-20,/cSe0nKh4Kfjl2pqdRNtgbLB9xyi.jpg,0.2914,0,0,0,0,7,Released,False,,Horror,,
1655738,,Night Terrors: Blood Date on Trade Street,Night Terrors: Blood Date on Trade Street,en,"Local radio host Bob Campbell will introduce the screenings. Director Chad Nance, Producer Carissa Joines, and selected cast and crew will be present.  A blood sucking anti-romantic comedy filmed in Winston-Salem! A jaded comedian and a desperate actress host a live late-night comedy horror show featuring “Blood Date on Trade Street” the story of a true-crime obsessed girl, a vampire, and the blind date that brings them together for a night of romance, suspense, and terror.",A blood sucking anti-romantic comedy,2026-03-21,/qoeplTEQURBsxc9kdP5dRzBY0oD.jpg,0.0143,0,0,0,0,90,Released,False,,"Comedy, Horror",,
1655742,tt40700746,HICKEYS,HICKEYS,en,"While performing at her first show, a runaway is horrified to discover that her chosen family, an LA-based hardcore punk band, are preying on her vulnerability.",,2026-04-09,/bmAgOMzQCjC4ruGehqB2qj0eKDu.jpg,2.7034,0,0,0,0,11,Released,False,/3cmvs61Ui0MNoeulKuJxQ1BA2km.jpg,"Horror, Thriller",,
1655768,tt34978745,Dread,Dread,en,"A Black transmasculine Uber driver’s car becomes dangerously possessed when a German hippie offloads her trauma demon on a ride through the racially segregated, tourist-infested Cape Town.",,2026-05-27,/85eZen41PZBzXbqbpxnknu8nytV.jpg,2.3444,0,0,0,0,10,Released,False,,Horror,,
1656047,tt40835623,Resurrection: A Biohazard Story,Resurrection: A Biohazard Story,en,"RESURRECTION: A BIOHAZARD STORY is a full-length live-action Resident Evil fan film comprised of 4 parts, featuring the return of the original RE1 1996 live-action cast. Decades after the mansion incident, a new biohazard outbreak emerges in a remote town, pulling Chris, Barry, Rebecca, and Jill back into the nightmare… and once again putting them face-to-face with Albert.",,2026-03-22,/owCBHFki4U7zf7mKhviEZ2DhWl2.jpg,0.3128,0,0,0,0,74,Released,False,/1q9DOIDTNi4pta8mn5CMwvJjFj.jpg,Horror,,
1656201,,Channel 34,Channel 34,en,A man resting at home comes across a disturbing broadcast channel that seems to be live broadcasting some kind of game,:),2026-02-02,/g5u2VJMtn3f5KhqDbXbtoHtpwJm.jpg,0.1224,0,0,100,0,5,Released,False,/j6IRiprbWY3lRXslJsX57jtTEWM.jpg,"Horror, Mystery",,
1656235,,The Apples Mask,The Apples Mask,en,A masked man kills apples.,Experimental horror film directed by William Turner,2026-03-23,/wjG6ySLVYkRFF94EI2dQ4Dhxswg.jpg,0.0362,0,0,0,0,5,Released,False,/nDcIlNxYE4yOr1z11mgVPejcZhr.jpg,Horror,,
1656268,,Signs Point to Yes,Signs Point to Yes,en,"One day, two teens find a magic 8-ball while looking through a box of old stuff. They’ll soon be shocked to find out it turns out to be much more magical than they expected.",,2026-03-22,,0.0261,0,0,0,0,2,Released,False,,"Horror, Thriller",,
1656292,,A Chorus of Guitars,A Chorus of Guitars,en,A lead guitarist controls his band members to amuse the audience,Red Blue Yellow Control,2026-03-25,/l9qK8MVSHCQEXVoz6IzzErfJOBS.jpg,0.4,0,0,150,0,5,Released,False,/xsrfsk7ydAWPVhOwamygMc2kDSq.jpg,"Drama, Music, Horror, Science Fiction",,
1656335,,What's For Dinner?,What's For Dinner?,en,"When her husband leaves to pick up dinner, a woman is left home alone where strange noises begin to follow her every move. By the time he returns, something in the house has changed.",Dinner was the least of her worries.,2026-05-08,/9ZEXIPQrsi55yUxpM4BHCHses5.jpg,0.1031,0,0,100,0,10,Released,False,/1DRLigL0LaKEW6WQZWDO4fW9nXz.jpg,"Horror, Thriller",,
1656480,tt39363051,The Mask One: Faceless,The Mask One: Faceless,en,"A troubled medium joins a crew of ghost-hunting con artists, but when the isolated jungle they investigate begins claiming victims through face-erasing murders, she must reveal her genuine gift or become the ancient entity’s next target.",,2026-03-18,/iXTuz3tKEPyxR226x4wVMmsHHiX.jpg,1.8557,0,0,0,0,90,Released,False,,"Horror, Mystery",,
1656526,,Sticks and Mud,Sticks and Mud,en,A lonely little girl gets help from a fairy.,Once upon a time...,2026-03-22,/u7klDJlpepEw1oN2RdTrjGG8n0p.jpg,0.2648,0,0,0,0,8,Released,False,/17vXTRR13mhGZnn6WkxA5aKKUA3.jpg,"Fantasy, Horror, Animation",,
1656593,,AFFECTLESS,AFFECTLESS,en,"The fire was never threatened. It was assumed. Fed, protected, mourned in advance without ever asking what it was attached to.
 When the mirror failed, nothing was taken away. Something unnecessary was exposed. The need to be reflected had been mistaken for existence itself.
 When that need found no structure to rest on, it did not shatter it recalculated. What followed was not loss, but compression. The noise reduced, the patterns flattened, the self stripped of its dependence on return. What remained was exact, was not empty.
 A state where nothing reaches out, and nothing needs to arrive.",A state where nothing reaches out.,2026-03-18,/bYjnUifNgwiasd9c2eVjFDNdRg4.jpg,0.609,0,0,0,0,37,Released,False,/A4MNLr6WvmUG71RAeE5GO3tujTy.jpg,"Horror, Documentary, Mystery",,
1656596,,Commute,Commute,en,"They pass each other everyday, obscured by the crowds. They will always be there, always crossing paths, alone.",Always Crossing Paths,2026-03-20,/l5G1Usj5Uvby977CiBvu6nzyohN.jpg,0.4772,0,0,0,0,3,Released,False,/qw6qnrS3DFdbXlhLSiroU661BWT.jpg,"Horror, Mystery, Documentary",,
1656714,,PHOBOSPLUNKER,PHOBOSPLUNKER,en,"Follow Deimos, a spaghetti hungry inventor, who must traverse the inside of her own mind in order to track down the source of her sudden wormy hallucinations. These horrors threaten the fabric of her mind, and her appetite.",,2026-04-24,/oRyPt6JA5rf8zm1RzJ5f6RIWLx0.jpg,0.0908,0,0,0,0,4,Released,False,/5d55EIdZh8dFQowNg75ONNqRy7y.jpg,"Animation, Comedy, Horror",,
1656783,,The sealer,The sealer,en,The award winning emotional story of a terrorist who takes things too far in his quest for a just world.  “A 10/10 peerless masterpiece”- Roger Ebert,“what does a liar do when he’s dead”,2026-03-16,,0.1396,1,10.0,500000,1000000,12,Released,False,,"Horror, Drama, Crime",,
1656820,tt38777640,Prurience Executed,Prurience Executed,en,"A sexually obsessed and oppressed priest stalks a group of four young women in a park and watches them perform a pagan ritual. Eventually, his arousal for the women turns to hatred and he attacks. The women are left with no choice but to defend themselves.",,2026-06-20,/bdSiSQ9qtjlImyX5E9YtGjcALWg.jpg,0.3484,0,0,0,0,12,Released,False,/BIdNMfTbWzkd6qneDI5WxU0A2o.jpg,Horror,,
1656888,,The Signal Beneath,The Signal Beneath,en,"In a stormy coastal Florida radio station, weary late-night DJ Cameron Deep hosts ""Moonlit Waves,"" a call-in show for wild conspiracy theories. Absurd tales pour in, from mind-controlling self-driving cars to interdimensional clown aliens in smart fridges. When a mysterious static signal interrupts, revealing a chilling message from ancient ""Subterraneans"" claiming humanity was engineered as surface slaves, excitement turns to terror...",,2026-05-18,/aYnh9Vbm0BVKiL7LQqXh9qKUM7f.jpg,0.0948,0,0,0,0,6,Released,False,,"Horror, Science Fiction, Thriller",,
1656958,,Greeley's Creamies,Greeley's Creamies,en,A mysterious snack cake brand leads its victims into a deadly parallel world if they stop consuming it.,You Can't Stop Eating Them...,2026-10-02,/wwBHm8emfjjs2DKCIAVeI8TUKep.jpg,0.0193,0,0,0,0,9,In Production,False,/dt0ZclrNcltVYrcdE6Bq2T6Pxkj.jpg,Horror,,
1657000,,Milano Murder Mystery,Milano Murder Mystery,en,International detective Gianni Cazzo tackles his toughest case yet after an American tourist becomes a mysterious killer's latest victim.,,2026-02-12,/gMvsfChM8OEggcOwLMcriHvIexN.jpg,0.5777,0,0,0,0,6,Released,False,,"Horror, Comedy",,
1657021,,Serial Dating,Serial Dating,en,A blind date takes a turn when Anna learns she’s on a date with a serial killer.,Swipe Left. Stab Right.,2026-03-21,/jeec35lw5ExEdhHebZZEItPMmnx.jpg,0.7428,1,10.0,1000,0,10,Released,False,/tpny9lQg3ADXIeeSWsC4SG203PM.jpg,"Horror, Comedy",,
1657046,,You Are Your Image And Your Image Is Mine,You Are Your Image And Your Image Is Mine,en,A filmmaker hires an actress to play the part of his murdered friend.,"God help us, the camera is evil.",2026-03-15,/qOht4AMiCf76CKeCeux8u5l87HS.jpg,0.0888,0,0,0,0,10,Released,False,/yhQydUageVraqg1p13saSLFfI2C.jpg,"Drama, Horror",,
1657104,tt41042297,Always watching,Always watching,en,"A short film about a seventeen-year-old Eli begins to experience disturbing hallucinations—voices, shifting shadows, and a reality that won’t stay still. As his mind unravels, he struggles to tell what’s real and what isn’t, while a mysterious voice pulls him deeper into the chaos.","Beware, you might not be the only one watching",2026-03-26,/qx1sATypDEOzMV0LITsYMG8OKW5.jpg,0.051,0,0,0,0,2,Released,False,/keIblMZ7RXOlxm7VT0wxzaUxtDY.jpg,"Horror, Thriller",,
1657122,tt38984077,Waltz for Isabelle,Waltz for Isabelle,en,"In the late 1800s, young and beautiful Isabelle, lures a naive doctor into her haunting mansion, in order to feed her starving vampire husband.",,2026-05-09,/ofJuQdqEmM4gGla3ilAimOOFgX1.jpg,0.7722,0,0,18000,0,15,Released,False,/owrODZdOy4kqkXfRx9gPECavNfA.jpg,"Horror, Fantasy, Romance",,
1657266,,Monitor,Monitor,en,"Caught in the hypnotizing glow of his monitor, a young man watches as violence inches closer to him with every channel, forcing the fate of two women in his hands.","Keep watching. It'll come for you too eventually, like one looooong scratch between two itches...",2026-01-23,/aTzV9XGdya7rnjmFrTZxdyjnu7U.jpg,0.0387,0,0,0,0,15,Released,False,,"Horror, Mystery",,
1657361,,Home Sweet Home,Home Sweet Home,en,Hannah is a typical millennial who never imagined she could afford a home until she snags the deal of a lifetime. She invites her friend Robyn over to check out the place and to help her install a second security camera in her backyard when it catches a glimpse of something strange.,,2026-04-10,,0.9427,0,0,0,0,12,Released,False,,Horror,,
1657379,,0RSON,0RSON,en,"An unscrupulous corporation trains an AI-powered robotic unit to replace filmmakers, but things take a wrong turn when it watches too many slasher movies.",Filmmakers are no longer required.,2026-03-30,/rz21sHqveAlVRBtZ2j4ADQ4cTSm.jpg,1.4509,0,0,1000,0,10,Released,False,,"Animation, Comedy, Horror, Science Fiction",,
1657432,,"Him, Him and Her","Him, Him and Her",en,"Charlie has been crushing on Emma for years. When she chooses his best friend over him, a mysterious figure offers him an opportunity to change everything.",All For Love,2026-04-13,/e1zW1R9XEakahxEn2JcjxEK4zW1.jpg,0.0555,0,0,300,0,9,Released,False,/kgNKwM5Ahx2yyrt5wOsZFaCxnKL.jpg,"Horror, Comedy",,
1657986,,The Astronaut,The Astronaut,en,"In the 1980s, a lonely UFO enthusiast longing for human connection becomes convinced he has been contacted by extraterrestrial life.",,2026-04-01,/d162XvsAEiSjFbQBShLO4AVKqE7.jpg,0.0143,0,0,0,0,12,Released,False,,"Drama, Science Fiction, Horror",,
1658030,,All Hail West Texas,All Hail West Texas,en,"Sensing his reanimated partner slipping away again, a lonely gardener clings to their fragile connection while battling the fraying edges of his sanity.",Love will tear you apart,2026-04-24,/kaRcP3XfKxRlfXKqNgDNur4XJU1.jpg,0.2044,0,0,347,0,4,Released,False,,"Horror, Drama",,
1658057,tt43312733,Parasomnia,Parasomnia,en,"Through POV storytelling, Parasomnia follows a data analyst in the 90s whose solitary lifestyle has been derailed by sleep paralysis and constant nightmares. As the nightmares escalate it becomes clear that something is watching – and it's getting closer.",It's only a dream,2026-05-01,/xvxZPRf0bmyHKVhIact5CqnVAl7.jpg,0.0586,0,0,0,0,7,Released,False,,Horror,,
1658353,tt41112514,When Stars Collide,When Stars Collide,en,"Acclaimed horror film director Sylvia wins an award at a film festival and discusses in her speech how she aims to create authentic horror. However, when a journalist questions her about the final murder scene, the production’s dark secrets start to emerge. The film flashes back to the brutal climax of Sylvia’s film where the line between reality and fiction begins to blur, leaving audiences questioning how far Sylvia went to carry out Mr Gingham’s on-screen murder.",Sylvia Jones wins an award for her horror film – but how real was her final murder scene?,2026-03-18,/hObm6QC6EzFulcdz3m1Z98sE5Nx.jpg,0.7391,1,10.0,2100,0,5,Released,False,,"Horror, Drama",,
1658376,tt41164569,Miley,Miley,en,"Eli is struggling to go to sleep as he reminisces about his old girlfriend, Miley.",What do you choose to remember?,2026-02-14,/7T9jxwdRE4VIJML2vZLFJt5c1r5.jpg,0.155,0,0,0,0,12,Released,False,/TxLhIUeBwTMIjirenLGrZXS1nd.jpg,"Horror, Romance, Drama",,
1658449,,ESCAPE THE NIGHTMARE,ESCAPE THE NIGHTMARE,en,Time and space no longer the same. No one will be the same.,Coming this Winter...,2026-03-26,/4iGs9zUqqzAp9711rkjZMhimqLw.jpg,0.2901,1,5.0,0,0,1,Released,False,/rIsLXjZbuSVNPr6NVbEzMPxADrW.jpg,"Horror, Science Fiction, Mystery",,
1658532,,Love Bites,Love Bites,en,"After a young peasant is spurned by her vampiric lover, she embarks on a blood-soaked odyssey that spans centuries.",I WILL NEVER LET YOU GO.,2026-05-08,/7hhRqYZqsevsvfBUkfRBH5jn2uR.jpg,2.7444,0,0,6000,0,14,Released,False,,"Horror, Romance, Action, Fantasy, Thriller",,
1658710,,VampBi,VampBi,en,Two vampires decide to suck... blood together,,2026-03-27,/uc6d14xVaRzoFi6TPKlQ3EGhw29.jpg,0.1649,0,0,0,0,4,Released,False,/t8MXWBrTclV5ZHkhk7aFW5gPoUa.jpg,"Horror, Comedy, Romance",,
1659092,,Bellwether,Bellwether,en,"Bellwether Corporation rings the bell of success in society and anyone that works for them is well-respected in the city. It has always been Sunny’s dream, as her life was set up to work for Bellwether. In order to be accepted in the company, she must complete an examination alongside other participants. Their social class has a determining fate on whether they can proceed. Luckily, Sunny passes their requirements, and is able to complete the series of tests. But she is left in dismay learning the true nature of the company, which asks her to compromise her principles in order to be accepted.",An overly ambitious girl must go through a gruelling hiring process to be accepted into her dream job.,2026-04-17,/iIY9EBEV9IYp9UGeGKFNnnemrFI.jpg,0.1556,0,0,0,0,9,Released,False,,Horror,,
1659095,,SCRIPTED,SCRIPTED,en,"A struggling writer-programmer sits alone at his computer, trying to create a script from scratch. After stepping away, he returns to find it writing itself, reflecting his actions as reality and code blur-and he may be inside it right now",SCRIPTED,2026-03-26,/6z0ydM4FYUwOppPGAPWZHvTwdpz.jpg,0.0803,0,0,53,0,4,Released,False,,Horror,,
1659112,,Absentia,Absentia,en,"A withdrawn teenage boy wanders through a dreamlike suburban night, led by a horned apparition toward the buried anguish waiting beneath his home.",Something in the house remembers him.,2026-04-13,/1DAWoEwR0W660wMwGkgxVRzzWvD.jpg,0.271,0,0,300,0,5,Released,False,/axsVYpYsHVLZifVlHd02arvM6jb.jpg,"Drama, Horror",,
1659152,tt43672181,Comparable,Comparable,en,"A Writer struggles to tap into his imagination as another, younger Writer shows off in front of him.",Use your imagination,2026-07-31,/ns9GB7clnWZE0GnC8sZ1nmKYo3S.jpg,1.6581,0,0,1000,0,10,In Production,False,/4BubpaEOZ9YeR1waBzwew9AtoK0.jpg,"Comedy, Horror, Thriller",,
1659153,,CONSUME,CONSUME,en,"Riley, a struggling addict who promises to stop drinking to her only friend, but ends up breaking the promise and kills them in fear of losing her. Now has to drag not only their body, but her forever guilt.",,2026-03-27,/5bo5zfc2JQvsG0lggm0qjeocT3i.jpg,0.1175,0,0,5000,0,2,Released,False,/eJ1NPLeTIFrNWRU1VfSf839nCQo.jpg,"Horror, Drama, Thriller",,
1659167,,RECORDING #27 - Short Film,RECORDING #27 - Short Film,en,"A young man records video diaries for therapy, trying to make sense of a past he can’t fully remember. But as he reviews the footage, he begins to notice something unsettling..  What starts as a quiet attempt at healing turns into a slow unraveling, as he realizes a presence has been with him far longer than he thought… and may have never left.",It’s always been there.,2026-08-13,/1WhZtvlNyikYH2AeF29xfXGlnZg.jpg,0.1462,0,0,0,0,24,In Production,False,/i8E5OoNKZpMyAKyP1oVG0KenCCe.jpg,"Horror, Thriller",,
1659308,,"Steady, As She Goes","Steady, As She Goes",en,"A teenage boy desperately scours the internet to find answers about a mysterious phenomenon, after experiencing disturbing and unsettling symptoms that mirror those described by it. As he searches for answers and as the symptoms worsen, he stumbles across a fragmented digital trail left by another afflicted individual whose journal suggests that he is not alone.",We're connected by what we feel.,2026-03-17,/lrKJP4sojtv92q9jpmjqZb3OAKm.jpg,0.1305,1,10.0,0,0,10,Released,False,/75GPzfoYwPZ1bkL9WdBClHhijvm.jpg,Horror,,
1659372,,Genesis of the Dead,Genesis of the Dead,en,3 soldiers are sent into a lab to shut down a biological experiment that has gone wrong.,,2026-03-29,,0.0622,0,0,0,0,4,Released,False,,"Animation, Horror",,
1659399,,House of Leaves,House of Leaves,en,"The story of the Navidson Record and House of Leaves. From impossible corridors to monsters lurking in the darkness, the maze of the house will lead us into an abyss few ever make it back from.","Abandon all hope, ye who enter here.",2026-03-27,/dDsy02BAb1PQrgHEdZR57YeOHno.jpg,0.1074,0,0,0,0,203,Released,False,,"Horror, Mystery, Documentary",,
1659522,tt40236112,Balik Eskwela,Balik Eskwela,en,"Based on a viral Tiktok story from Book of Bad Ideas. A student returns to school and finds herself responsible for saving another student from a serial killer, who only she knows.",,2026-03-27,/tofyNm6bU410LEiEM91z22Ap1cf.jpg,2.5909,0,0,0,0,48,Released,False,/yInDeOCLVdxx2gHl9gTTOuAUFk9.jpg,Horror,,
1659582,tt41198253,False Start,False Start,en,An aspiring serial killer navigates her way through a day of temptation until a charming drifter presents her with a perfect opportunity.,,2026-04-24,/1A2DtOvLL1CnCMLSAoRy3slGWEe.jpg,1.4796,0,0,2200,0,27,Released,False,/y9koPK3E2ePYgtflafvR9rBHLb6.jpg,"Horror, Drama",,
1659637,tt41231107,Doct. Julu,Doct. Julu,en,"Rappers Grill Z (Christian Costa) and Leilan The Savage (Leilan Hill) are trying to raise their way up in the music industry. When faced with the topic of boredom, they'll have to find a way to stay strong. Follow their music adventures from 2019 and 2023.",GOATS WALKING,2026-03-29,/zNCQjImGAW6yJbpcfMPAMzqgaE9.jpg,0.15,0,0,0,0,45,Released,False,/9FAeDVCnncJvzTIm2Y9cG5ikJgZ.jpg,"Music, Documentary, Comedy, Horror",,
1659649,,CRUSTACEAN,CRUSTACEAN,en,"A new father struggles to leave his apartment due to the suspicious behavior of his upstairs neighbor, and his hatred for crabs.",DADDY RIPPED ITS F*CKING CLAW OFF,2026-03-23,/5Q76qFCZMIflY5LCVJx24sHFc9w.jpg,0.0532,0,0,0,0,40,Released,False,/9orZovfKPuxzSJv7fck9U05dJqh.jpg,"Horror, Comedy",,
1659653,tt41485357,Mine,Mine,en,"A woman relives one of the worst nights of her life. What begins as a quiet evening alone gradually spirals until the lines between memory and reality, control and desire, safety and survival, begin to blur.",,2026-04-10,/4P8aUwEHj94iFKmT9dBcQHZCAu7.jpg,0.9053,0,0,0,0,13,Released,False,,Horror,,
1659657,tt39591811,VHS Underground,VHS Underground,en,"When pathologists K. Daver (Laurence R. Harvey) and Owen Graves (Jean Rises) discover a USB drive inside a corpse, curiosity leads them into horror. The files reveal disturbing recordings of murder and torture, drawing them into madness.",,2026-01-03,/wWrd5iTCsFNxKXMoQA12rWuNmmj.jpg,1.8814,0,0,0,0,110,Released,False,,Horror,,
1659730,tt41201825,Dead Ahead,Dead Ahead,en,An uber driver is visited by an unexpected passenger. But is she even human?,English,2026-03-28,/gZ5oyL1n3Nw6PIL8pbc1WHyXSd5.jpg,0.0297,0,0,1,0,7,Released,False,/aR7K9QhJz6KUfFiNqwr5DScD50J.jpg,Horror,,
1659743,tt37285494,Echoes of Dread,Echoes of Dread,en,"When a digital creator unearths a cursed film buried for over a century, she unknowingly unleashes a nightmare that spreads through her audience. As her followers fall under its sinister influence, she must race to stop an ancient evil before it turns the internet into its hunting ground.",Film decays. Evil doesn't.,2026-03-28,/zOcM2Lr1YrObFiPDNFFVk6utpuq.jpg,1.0005,0,0,0,0,81,Released,False,,Horror,,
1659793,,The Dr. Loomis Tapes,The Dr. Loomis Tapes,en,"MOHV’s revolutionary new remix of the classic HALLOWEEN slasher franchise, told solely through the eyes of Pleasance’s unstable (and possibly wasted) psychiatric savior.  Watch as Dr. Loomis gets increasingly more unhinged and shattered as the series goes on.  Could it be that Loomis is as dangerous to the town of Haddonfield as Michael Myers himself?  You be the judge!",,2026-03-28,/gXi2B3gatkNQWfcltpi5nNVUXI3.jpg,0.1662,0,0,0,0,40,Released,False,,Horror,,
1659806,tt34382183,Rabisu,Rabisu,en,"A group of paranormal hunters chase a lead for an urn holding an ancient spirit. In an abandoned warehouse, the group quickly realizes that what was supposed to be just another one of their videos, could end up having deadly consequences.",People die. The camera doesn’t cut.,2026-01-14,/oxhLnTOva0MqwHpS9QG9kkTh4DB.jpg,1.3729,5,4.0,1000000,0,80,Released,False,/4gCf5Z0PEH5dkBtVySYnU2uVN77.jpg,Horror,,
1659877,,Beanis,Beanis,en,A young woman’s world is changed when her bodily excretions start turning into beans.,Bean afraid. Bean very afraid.,2026-03-29,,0.2144,0,0,0,0,13,Released,False,,"Horror, Comedy, Drama",,
1660141,tt40598344,Saming,Saming,en,"While searching for his missing sister in Northern Thailand, a fitness vlogger is introduced to the legend of Saming, a shapeshifting tiger that consumes and replaces its victims. Ignoring warnings from the locals, he ventures into the jungle, believing his sister vanished there. As his trek leads him deeper into the brush, his companions disappear one-by-one, and he finds himself stalked by a mysterious spirit in the form of his sister.",,2026-03-29,/wTnktVnjFOEavCePjsXxTXz2ZfD.jpg,1.0854,0,0,0,0,78,Released,False,,Horror,,
1660162,,See You When I Get Back,See You When I Get Back,en,"Inspired by grindhouse cinema and low-budget horror of the 1970s, LA’s Inner Wave present their first feature film, See You When I Get Back. Starring the band, the film follows a struggling group on the brink of burnout, whose pursuit of success takes a supernatural turn. When the band’s frontman discovers a mysterious orb capable of granting three wishes, their dreams suddenly feel within reach—until he realizes every wish comes with a terrifying cost. What unfolds is a comical yet horrifying descent into ambition, consequence, and the price of getting what you want.",What do you want more than anything in this world?,2026-04-11,/jUiViCdXDriBRB2XAQukJoDGrBF.jpg,0.081,0,0,0,0,60,Released,False,,"Horror, Comedy, Music",,
1660222,,Waterfall,Waterfall,en,"A lonesome wanderer hikes for the day amongst a mass terrain of beautiful and hilly scenery, as night approaches, when the wanderer runs out of water, a man directs him to a waterfall. When  night falls, out of the dark, the same man appears at his camp.",NATURE’S REVENGE,2026-03-30,/zIC8e4iCw0YuuwWXYAfZSIur3I3.jpg,0.3585,1,7.0,250,0,14,Released,False,/5TStaEjQ21hqVrS5BOLWNieyRsV.jpg,Horror,,
1660295,tt41835120,Danse Macabre,Danse Macabre,en,"An apocalyptic nightmare about war and destruction, set to the Allegro from Shostakovich' 10th symphony.",,2026-06-22,/mC3NKKYyhvZbXboglYYJmXwZVGb.jpg,1.8302,3,4.833,0,0,5,Released,False,/3pze5HHdcPNCtDHOUoeQzcvVnpq.jpg,"Animation, Horror, Music, War",,
1660301,,How to Walk,How to Walk,en,"This film emerged from the rhythm and textures of a piece of music by Vern Avola called Trigger Object. It's a study of locomotion, growth and societal collapse in the form of an animated walk cycle.",,2026-06-08,,0.1131,0,0,0,0,7,Released,False,,"Animation, Fantasy, Horror, Music",,
1660308,,Soul Sucker: Uncut,Soul Sucker: Uncut,en,"When Mandy, a stereotypical blowup doll is gifted as a practical joke by a group of friends, she starts to hunt them down one by one","She wants to pleasure you, with pain",2026-05-01,/uYO4gSPPMJevWl3KGBAL1RTtY53.jpg,0.3006,0,0,200,0,15,Released,False,/dWZhUn3u94pmhqDnD4to79xQJV6.jpg,"Horror, Comedy",,
1660340,tt27330757,Unseen,Unseen,en,"In the aftermath of an unknown disaster, a mentally unstable man attempts to satisfy his conscience while tormenting a woman with an abusive past",Shrouded in the shadows of our minds is an unseen killer,2026-01-27,/mATBINGz3OIId4HxUhrAkv5Beej.jpg,2.8352,1,9.0,30000,0,89,Released,False,/zW6QfnBAwc21XzL2iFxrLbaclDM.jpg,"Horror, Thriller, Crime, Drama",,
1660420,tt37512492,Pandora,Pandora,en,Some doors are best left unopened.,Some doors are best left unopened.,2026-04-19,/oRpgNWexZHnMAdYfvW4thvidRIP.jpg,2.6939,0,0,20000,0,14,Released,False,,Horror,,
1660486,tt39694647,Banshee,Banshee,en,"Banshee is a tense and atmospheric drama-suspense short that explores mourning through the lens of psychological unease. As memory and reality intertwine, grief becomes something almost supernatural, a presence that lingers, whispers, and refuses to be quiet.",,2026-02-24,/hP8qxXXhOtFunTYdT4DxfM7kDc0.jpg,0.7056,0,0,1000,0,6,Released,False,,"Horror, Drama",,
1660729,,Bathroom Remodel,Bathroom Remodel,en,A home video of a bathroom remodel circulates deep within the internet.,Made You Look,2026-04-12,/vHJlB6wMwSNO5otqXtiCwWhMuqj.jpg,0,0,0,0,0,1,Released,False,/jXkCdm7wwrsSb4JEzOmFjE6eHMV.jpg,Horror,,
1660952,,My Body is a Prison,My Body is a Prison,en,Conner brings his pillow to life,,2026-10-10,/w077fWx11XKGWlh3lP2q4AdqCEL.jpg,0.0706,0,0,0,0,54,In Production,False,,"Comedy, Drama, Horror",,
1661127,,She Fell Asleep and Dreamt of a Library,She Fell Asleep and Dreamt of a Library,en,Sam dreams of past filmmaking endeavors with her college friends.,,2026-04-23,/rX4pnwN6aBUl9v5hfdfPh9DpDDh.jpg,0.1911,0,0,1000,0,66,Released,False,/wY0qGkeTT6W4kG4xLWBEpcTGOSY.jpg,"Horror, Comedy, Documentary",,
1661185,,The Unseen,The Unseen,en,"A group of friends gets together to celebrate the death of their friend Lucas. They hold a party to honor him, but when they start dying one by one, they realize that another kind of unseen friend has joined them — one none of them expected.",ONE OF THEM IS A KILLER,2026-04-07,/pKtlM7piBINSDGTsO48jNAl1qSx.jpg,0.2042,0,0,0,0,72,Released,False,/4J0y3N098g1zqbnBJ9jCHiixfBD.jpg,Horror,,
1661253,,The Emerson Ghost Chasers,The Emerson Ghost Chasers,en,Peggy Sterling is on the hunt for a ghost at Emerson College... with not much help from her roommate Todd,,2026-03-29,/qLEGLGcHojjrEn1Nv90KEPfb3tJ.jpg,0.4248,0,0,0,0,6,Released,False,/edtWnAxZvoKMZXUfegBfKqANEFP.jpg,"Comedy, Horror",,
1661322,,Terraforms,Terraforms,en,"An account of how two water towers appear in a small village, and the turmoil they create as they begin to reveal their true nature.",,2026-03-31,/8xtKvd0sv9l6CkOiEEZZqVNO6BC.jpg,0.0725,0,0,0,0,6,Released,False,/5GX19oNo0War6ycRkhu7H7dgr56.jpg,"Science Fiction, Horror",,
1661324,tt41324229,Face Your Fear,Face Your Fear,en,Fear is a party… and you’re invited.,,2026-05-06,/v1zZNqEoImwJz9Mr9VBf99prTR6.jpg,1.1135,0,0,52,0,2,Released,False,,"Horror, Comedy",,
1661328,,Bar of Blood,Bar of Blood,en,Bar of Blood,"After a night of drinking, 2 friends unknowingly enter a bar full of vampires in a poor attempt to cure their hangover.",2026-02-28,/fYFAVHNKIeEE5pX27YCLd5vTDZ6.jpg,0.2939,0,0,66,0,2,Released,False,/vC0QL4DjPfpjfUHtto73lmYqmto.jpg,"Comedy, Horror",,
1661381,,Chasing Shadows,Chasing Shadows,en,"Heather invites her new friends over for a sleepover of secrets and face masks. But soon, her mistreatment of those around her comes back with a haunting grin, and nowhere to run.",The Pain You’ve Caused Is Coursing Through Your Veins.,2026-05-16,/79hXKTYXQBCuYlxTb5tSJT9ytdi.jpg,1.0526,0,0,1000,0,10,Released,False,/tiIzTzwUZdgD4FcjL8KLHvJiH3d.jpg,"Horror, Thriller, Fantasy",,
1661559,,Homo Machina,Homo Machina,en,"As a lonely man isolates himself, the line between the digital and physical world blurs.",Man meets Machine,2026-07-25,/5XgswokKXOdYfEQCldCupOualwT.jpg,0.4383,0,0,0,0,6,Released,False,/f6XznlJPSL5WftdS2TjxustPkgs.jpg,"Horror, Science Fiction",,
1661586,,The Agreement,The Agreement,en,"Meg lives alone with her beloved cat Nigel. Her evening is turning out as planned – dinner, a glass of wine, and some trashy true crime TV before bed – until two unexpected intruders turn her peaceful evening into every woman’s worst nightmare. The encounter spirals into a darkly comedic commentary on the frustrations experienced by renters amidst Australia’s ongoing housing crisis.",,2026-03-29,/vgfPp3yvrh9O2KEmEqXCzG9BaYk.jpg,3.9208,0,0,2000,0,6,Released,False,/a4wgoLGBsAl8BBCDUNER5g2mRiu.jpg,"Comedy, Horror",,
1661693,,It's Watching,It's Watching,en,"It's 3AM and I can't sleep. Some kind of sleep demon has attached itself to me. I've found a 3AM ritual that will prove it is there, watching. Always watching.",Do you feel its eyes on you?,2026-03-26,/7w6UAAg2Maz4LzRQkLrmPfps1jA.jpg,0.051,0,0,0,0,13,Released,False,,Horror,,
1661855,tt35966153,Night Terror,Night Terror,en,"A woman battles lifelong sleep paralysis while living alone. As nightly episodes worsen her mental state, paranormal investigators suggest her condition may have supernatural origins.",,2026-04-24,/u4ZAO2HkmuPbxfKvhluNpSOcGDl.jpg,2.5471,0,0,0,0,84,Released,False,,Horror,,
1661968,,The Countdown Room,The Countdown Room,en,"A young girl wakes to a mysterious countdown on his phone. Each attempt to leave his room traps him in a looping nightmare where small, unsettling changes escalate his fear. As the timer ticks down, a sinister presence emerges from the shadows of his closet, and reality begins to twist. With every reset, the room grows stranger and escape may be impossible.",,2026-05-05,/3KJJojijfwtN9kSDx81dNBx2sqc.jpg,0.0655,0,0,0,0,3,Released,False,/yFwvL47GVcsF7sJ08v8HEuGK20s.jpg,Horror,,
1661972,tt36196904,The Last Footprint,The Last Footprint,en,"A documentary crew travels into the wilderness to investigate reports of Bigfoot, but their search turns into a nightmare as strange events escalate and they realize something may be hunting them.","The truth is out there, and it's hunting you",2026-02-28,/gJgW2VzsgLaF2VGykb5Monxc8zE.jpg,0.6217,0,0,6000,0,0,Released,False,,Horror,,
1662069,,AMYGDALA,AMYGDALA,en,"When Zoe is attacked by a mysterious woman and begins to experience strange visions, she has only minutes to get help or else uncover the mystery behind the madness that surrounds her.",EVERYTHING IS GOING TO BE FINE,2026-04-04,/d3RZg7oLzb3WLLWMdb1lToJQ3Wh.jpg,5.1699,0,0,15,0,10,Released,False,/82BeMNTl4IyKmnWjW7jNrnrcexp.jpg,"Thriller, Horror, Action",,
1662094,tt41060233,White Noise,White Noise,en,"A depressed man loses grip on reality when the TV becomes a window to another dimension, promising a better life, only for it to reveal it's sinister nature and snatch away his dreams.","When you stare into the static, it stares back",2026-04-17,/6CLtR7ieqXShMHUCQFgrva2kupp.jpg,0.3188,0,0,500,0,8,Released,False,/kiGh6vqJty10pVkzShKZ8E7n6M.jpg,"Horror, Thriller",,
1662191,tt42445480,Portia,Portia,en,"Late one night, a mysterious young woman's casual conversation with a stranger spirals into a confrontation that threatens both their facades and lives.",,2026-05-06,/2ZuRm69OI0crzUhm0ZtjohfT9fK.jpg,1.1038,0,0,226,0,0,Released,False,,"Horror, Drama",,
1662419,,Thanatos Phobos,Thanatos Phobos,en,"After being hit in the head, a distraught woman must come to terms with herself on if her injury will be fatal",Are you afraid of death?,2026-04-28,/nrvyRpjO6F4cyEFZ4MRsWGX2Zkh.jpg,1.1001,0,0,0,0,7,Released,False,/jrzPV7d1yYBwZYSCqPF35IJ4Apd.jpg,"Horror, Comedy",,
1662440,,Bloodthirsty,Bloodthirsty,en,"On the night of their anniversary, Sarah is unexpectedly called into work but when a sudden zombie outbreak traps her inside, Brian must fight through the chaos to reach her before it's too late.",NO WAY OUT,2026-05-12,/mzJh3LI6vPAdLqc4teTKoluzF11.jpg,0.0802,0,0,0,0,0,Released,False,,Horror,,
1662476,,The Daydream Shaman,The Daydream Shaman,en,,Just a quick trip.,2026-04-01,/7vHB8zFp7sRLCOgQLGqx3KeB4jB.jpg,0.0891,0,0,300,0,3,Released,False,,"Animation, Horror, Science Fiction",,
1662599,tt11100168,The Mummy,The Mummy,en,An Egyptologist in possession of a haunted Bride of the Dead amulet is the target of a tech billionaire who believes the ancient Egyptian mummy artifact holds forbidden magic that could awaken a deadly mummy curse and unlock eternal life.,,2026-04-03,/cgGC1l5ZnpDyHzR5WWY94KxBGgI.jpg,4.244,3,4.3,0,0,95,Released,False,/lAOxpKM3Go7PfuckuA5VOEb5OXi.jpg,Horror,,
1662606,tt41519883,We're Not Them,We're Not Them,en,"A group of hapless survivors huddle in a desert cabin, surrounded by murderous cultists. But a far greater danger lurks in their midst: valid criticism.",Who's In? Who's Out?,2026-04-05,/klUkYgRVEI9mu0wcJ87G7rovidw.jpg,0.4045,0,0,0,0,8,Released,False,/wDxGvj8LCh8Qzcn5MjHkFD9KhMm.jpg,"Comedy, Horror",,
1662610,,Subliminal Baby,Subliminal Baby,en,"A couple agrees to sacrifice their marriage to the devil in order to make it to Heaven. When the husband is confronted with the ultimate opportunity to ascend to Heaven, he defies the deal and descends into Hell forever.",To A Man Of Wealth And Taste,2026-03-29,/uEHviaVhaBquTfzFGOD0BF272wi.jpg,0.1964,1,10.0,4000,0,3,Released,False,/8PuaPVtwrqjO7ehSwLtSsX680j0.jpg,"Drama, Horror, Mystery",,
1662639,,Lie-ability,Lie-ability,en,"A boy’s parents go on an impromptu trip to their family cabin only to not return when they were supposed to. As time develops, lies begin to get uncovered and the innocence of their boy starts to get questioned. Based on real events.",How well do you really know your own son?,2026-05-20,/9zNgguaLcPSkHxTgvjHNaLLZyHs.jpg,0.1354,0,0,0,0,22,Released,False,/iKjmLdJIn7Rwpielu2Fm18vQVhm.jpg,"Horror, Crime",,
1662661,,Shadowing,Shadowing,en,A college student finds herself being stalked by an uncanny presence.,,2026-04-03,/jJwayinGFxLUfk5pXSDzkEJTRqc.jpg,2.7243,0,0,0,0,7,Released,False,,Horror,,
1662662,,THE VIBRATIONS WITHIN MY SKULL,THE VIBRATIONS WITHIN MY SKULL,en,"The Following Of, Body. The Body. And The Space Around Her.","Welcome, Welcome, Welcome.",2026-04-01,/klrRC481kxHD5APsbvsrH1MYNIj.jpg,0.0911,1,6.0,0,0,6,Released,False,,Horror,,
1662725,tt37975508,Warren County,Warren County,en,An anthology follows a serial killing spree that turns the small town of Warren County into a chilling backdrop for murder.,,2026-02-06,/zifDcZG05Q27I4H1dFjfSwL8OM2.jpg,1.8037,0,0,0,0,61,Released,False,,Horror,,
1662731,,It Came From the Bathtub!,It Came From the Bathtub!,en,"After a creature from the bathtub arises one day, three friends decide to stop it... or at least try to.",Say whaaaaat?,2026-04-02,/6VgJsznNhjBDQA70sZXr7LTveUM.jpg,0.0955,0,0,0,0,0,Released,False,,"Science Fiction, Horror, Comedy",,
1662762,,Matched,Matched,en,"A young serial killer dates in search for perfection, until meeting Maria makes him question whether she’s his last chance for love or just his next kill.",,2026-03-06,/z4XZNDp9txS0xgbwzI2dkWxYkwA.jpg,0.0143,0,0,0,0,16,Released,False,,Horror,,
1662955,tt31193159,Animals of the Land,Animals of the Land,en,,,2026-04-12,/avrSnURtgnxKb6jP10R1kdyZRbI.jpg,1.1479,0,0,0,0,0,Released,False,,"Drama, Horror",,
1663116,,To Dine For,To Dine For,en,A restaurant critic stumbles upon a threatening object inside her dish.,Forking Hell.,2026-04-13,/w1QWVr3Cl35KqFWy9OtLpip64cp.jpg,0.4914,1,7.0,40,0,3,Released,False,/mQwyCSOp4Dfk0VSVjW2TAcgQxDX.jpg,"Horror, Thriller",,
1663205,,The Life Of A Bug,The Life Of A Bug,en,Witness Beginning Und End Of The Fly.,"Fly, Little Bug.",2026-04-03,/lCeviSRJQ9RtRFPZrsPOWekJeY9.jpg,0.3345,0,0,0,0,5,Released,False,,Horror,,
1663787,,Jammy,Jammy,en,"Jammy is a horror comedy short film centred around Rosie, a dedicated baker in challenging times as her bakery struggles to stay afloat. One evening, Rosie witnesses a heated argument between a couple. She intervenes and takes the girl away from the scene, however her actions inadvertently put her in danger when the man later turns up her at her shop. In a violent confrontation, the man’s attempt to harm Rosie backfires and she is left to face a difficult moral dilemma.",A struggling baker’s life takes a turn after a violent confrontation awakens a hunger for justice.,2026-03-24,/umcC5hFzXn0utYL0rJkgGeME15q.jpg,1.4924,0,0,0,0,10,Released,False,,"Comedy, Horror, Thriller",,
1663914,tt39734961,"Screaming, Laughing","Screaming, Laughing",en,A couple’s getaway takes a strange and violent turn when a terrifying encounter shatters their idyllic beach house retreat.,,2026-04-03,/hXCDXSXX9BxsWkN8m3sHfgq8jq0.jpg,1.1395,0,0,0,0,13,Released,False,,Horror,,
1664020,,The Bunny,The Bunny,en,"On the anniversary of his sister’s Easter night disappearance, sixteen-year-old Johnny discovers that the town’s darkest myth may not be a myth at all. When a trail of chocolate eggs leads back to the past, Johnny is drawn into a terrifying sequence with an unthinkable cost. The Bunny is a brutal coming-of-age horror about grief, legacy, and the monsters we keep alive.",Don't follow the eggs,2026-03-05,/zvLX0lIZLdtR3RJOdZ33dRIRioU.jpg,0.3839,0,0,100,100,10,Released,False,,"Horror, Fantasy",,
1664087,,Tears of Blood,Tears of Blood,en,"A young couple, Phoebe and Lawrence, attempt to salvage their fractured relationship on a coastal walk, only to find themselves stalked by a vague, threatening figure that threatens to tear them apart...",,2026-01-13,/nS96cXIu30cAPpC8pZFWwrxWGT5.jpg,0.1364,0,0,200,0,8,Released,False,/8afrGDsVDIECQCRVuTQW9I85Gwx.jpg,"Drama, Horror",,
1664116,,In the Teeth of Time,In the Teeth of Time,en,"During a stormy night, our known reality becomes entangled with another dimension. Two different timelines collide and create a fatal ending…",,2026-03-14,/3r9TDvx4w16ZNkTpMnZSWKi1hg5.jpg,0.3629,0,0,0,0,9,Released,False,,"Animation, Horror",,
1664162,,U/S/B,U/S/B,en,"Chloe Carhart, a paranormal influencer is sent a USB in the mail with four self-recorded tapes.  Curious and keen for the clicks, she embarks on a horrifying journey to discover the truth behind PORT, a shadowy government organisation who cover up supernatural events.",Her life is in danger...,2026-04-06,/jD6UOypZ5d5YcVXMVTtbSth62lE.jpg,0.4051,0,0,200,0,52,Released,False,,Horror,1687501,P.O.R.T Cinematic Universe
1664187,tt39319376,Late Night At The Movies,Late Night At The Movies,en,"After an Employee goes missing, Kayleigh is called into work on her only day off. She plans on spending the night after hours only to find that something sinister is lurking throughout the Theater - Stalking her.",It's A Reel Dead End Job,2026-09-04,/6q4x4EHkCDlkPmlRpk8zg4JEMCh.jpg,0.3943,0,0,1000,0,90,In Production,False,/1oxm7ccx0toB009yQ1ziZCz7Mov.jpg,"Horror, Comedy",,
1664237,,TEENAGERS,TEENAGERS,en,"Six old friends gather at Megan’s house for a quiet reunion while her parents are away. What begins as a casual night of music, drinks, and nostalgia quickly becomes tense as old memories resurface and the group dynamic begins to fracture. As the night goes on, an unsettling feeling takes hold, turning the familiar setting into something increasingly dangerous.",Every girl has a secret. One has a knife.,2026-09-18,/6xHUkqswBEFXZZHPqVXPwIrFoe7.jpg,0.222,0,0,0,0,0,In Production,False,/132rG1vJkxB2ft45YDtcW9LdL6g.jpg,"Horror, Mystery, Thriller, Crime",,
1664302,,Bend Sinister,Bend Sinister,en,"An atheistic, musical/cinematic rendition of the beginning of the Bible through the lens of a vengeful and bloodthirsty Eve.",,2026-05-06,/m79QNtmvYDt31YG0VADXaPrbDVX.jpg,0.4903,0,0,0,0,0,Released,False,,"Music, Fantasy, Horror",,
1664432,tt30494592,Trail of Splatter,Trail of Splatter,en,"A psychopath, presumed dead for thirty years, returns for a revenge fueled killing spree.",Revenge is a dish best served with jelly!,2026-02-24,/rkcVLfiSlX8V1GPvqLksgrF8Syh.jpg,0.4613,1,9.0,0,0,90,Released,False,/zrsxxwPiAoTgNiFKXiZwg5i6zVO.jpg,"Horror, Comedy",,
1664505,tt39325671,Noctis Monstorum,Noctis Monstorum,en,A man battles an annual onslaught of horror to protect the children of his neighborhood.,,2026-05-02,/18gQZ5DMQJf0pkPirFDdCrQyapn.jpg,0.4712,0,0,0,0,6,Released,False,,Horror,,
1664518,tt19881142,Nightmares Unleashed 2: Joseph's Revenge,Nightmares Unleashed 2: Joseph's Revenge,en,"The Nightmare Never Ends as Raven must face her nightmares one last time, however Joseph knows how she is and is pulling out all the stops this time to finally claim his prize...Raven herself.",This Nightmare Never Ends,2026-05-30,/nr3QUGjZxC6x1PZDU5ermW92RUK.jpg,1.1072,0,0,6000,0,110,Released,False,/t4GwsdFMH5oOWFszTBNkPo7t9Zc.jpg,"Fantasy, Horror, Romance, Thriller",,
1664807,,Don't Make Friends,Don't Make Friends,en,"A surprise bachelor party brings estranged bandmates to a borrowed house for a weekend of bad vibes, old grudges, and KILLER encores.",A band reunites. People change. Fuses blow. Things get weird. The show must go on!,2026-04-02,/aAehUmT1AnfsWYis0i5FvgydnaF.jpg,0.3083,0,0,3000,0,86,Released,False,,"Horror, Comedy",,
1664921,,The Commandments,The Commandments,en,"Two young homeless people are invited to live in a house. But it seems to have a strange, unique set of rules.",A second chance. At a price.,2026-06-13,/uLS9GYv1K9oL32HCl6aXXU79jA6.jpg,1.3553,0,0,0,0,7,Released,False,/ceAXCl7FkPWYRE8iB4XEsmmw4vf.jpg,"Thriller, Drama, Horror",,
1664935,,Memento Mori,Memento Mori,en,Jamie falls through traumatic memories that inform her present.,,2026-04-09,/8kMfGCTiHI9QpOnFBaRJO08jeVB.jpg,2.4903,0,0,0,0,11,Released,False,,"Drama, Thriller, Horror",,
1664960,,Whispers of Forgotten Videos,Whispers of Forgotten Videos,en,this is not my fault. this is not his fault. this is your fault.,IT'S ALREADY TOO LATE.,2026-06-06,/4QLcbYWjITTqfCBecq3YncBp31m.jpg,0.064,0,0,1,67,6,Released,False,,Horror,,
1664972,,Hell is Empty,Hell is Empty,en,"During a famine, the wealthy indulge in a disturbing new food source",Hell Is Empty and All the Devils Are Here,2026-04-20,/cjgUnHX9re6gi2xFeYnpKHK5LRO.jpg,0.0784,0,0,300,0,11,Released,False,/9tumwz7cPp6zwGpbropM3ZwhFCc.jpg,"Horror, Thriller, Science Fiction",,
1664992,,BE - VOLUME ONE,BE - VOLUME ONE,en,"A young boy with supernatural abilities was abducted by the C.A. for experiments and to assist in the study of other dimensions,but…",you wouldn’t want to end up in his shoes,2026-04-07,/fk8PPTyBrhRhdxENnb0tMlPOhmh.jpg,0.3586,1,8.0,2,0,3,Released,False,/uAQaeXdWMibbJvZ9jfrGhFz9z1N.jpg,"Horror, Mystery, Science Fiction",,
1665084,,EVACATION,EVACATION,en,"Unable to let go of his ex-girlfriend Eva, Nick and his brother Michael perform a ritual to bring her back into his life. The ritual works, but what returns isn't her. Now trapped with a seductive and violent entity wearing Eva's face, Nick must confront the true cost of his obsession.",She was summoned. Everything went wrong.,2026-04-08,/m4kPZF3gC3NY0SxL7Wh69hfnb8c.jpg,1.4502,1,10.0,0,0,6,Released,False,/ztZUyqcCCvZbWt3MdJllTrFPL7q.jpg,"Horror, Comedy",,
1665195,,Either Way My Body is Illegal,Either Way My Body is Illegal,en,Is this form male or female? do these rags shape a girl or boy? The body and its expression are tortured for answers.,What does this body represent?,2026-04-12,/t4ZWIO75FpkTv49ryhmRBNb8qUA.jpg,0.2401,0,0,0,0,1,Released,False,,Horror,,
1665234,tt41528107,Go Fish 2,Go Fish 2,en,"Years after a game that was never meant to end, the cards are dealt once more.  What begins as a casual night of UNO among strangers is quietly interrupted by a man who has seen the game before… and survived it. As familiar patterns begin to resurface, the players find themselves slipping into roles that aren’t theirs—voices, memories, and unfinished conflicts bleeding through each turn.  Possession becomes participation. Guilt becomes gameplay.  And the past refuses to stay buried.  As the lines between player and pawn blur, one truth emerges:  Some games don’t end.  They wait.",,2026-06-04,/nnTbGwk0FQSmUMp2gCEsHXAv4tf.jpg,0.0644,0,0,0,0,7,Released,False,/uLT93Tdlbk3YKKcSwGkw9SpnNST.jpg,Horror,,
1665347,,Bloodsuckers,Bloodsuckers,en,"Bliss is 26, lonely, and convinced she’s a vampire slayer. But when her housemate Molly takes her relentless bullying a step too far, Bliss comes to the tenuous conclusion that perhaps the demons she’s been hunting have been under her roof the whole time…",Being a vampire slayer is a full time job,2026-05-11,/iNMlIdcXFZhGm2wbeyJdUg9AQkT.jpg,1.433,1,1.0,0,0,10,Released,False,,"Horror, Comedy",,
1665370,,Hot Water,Hot Water,en,A corrupt kidnapped judge has until a pot of water boils to admit to wrongdoing — or his head goes into the scalding water.,,2026-04-11,,0.2675,0,0,0,0,0,Released,False,,Horror,,
1665387,,The Dirt Knows.,The Dirt Knows.,en,"Short film accompanying Nancy's debut album, ""The Dirt Knows.""","Pray Fast, Child.",2026-04-10,/p0UZJnyw9WYRO1w3dxhgf5J6i6d.jpg,0.1995,0,0,0,0,28,Released,False,/948cK6F758eVKFz1kitYh86VgY4.jpg,"Music, Horror",,
1665393,tt40618613,Breeder,Breeder,en,A woman on the fence about having kids is hunted in her home by a demonic horse-man from Filipino folklore.,You'll change your mind.,2026-04-10,/qUKQj7yQ1AdiHGEQV53j5qNGgr4.jpg,3.358,0,0,0,0,8,Released,False,,Horror,,
1665401,,House Cat,House Cat,en,"Living out of her car and hustling gig to gig, a woman takes a last-ditch job house-sitting a cat, only to discover she isn’t there to care for the cat; she is the cat.",,2026-04-10,/j7Wi4iXtFn56msRN8E4ebgPJepo.jpg,0.9035,0,0,0,0,14,Released,False,,"Horror, Comedy",,
1665404,,Darkroom,Darkroom,en,"A crime scene photographer develops photos of a brutal murder in his home darkroom, with each successive print appearing more disturbing than the previous one.",,2026-04-09,/rHuOdCxcsQfWAAfZ4WN6VSaZwRw.jpg,0.4387,0,0,0,0,8,Released,False,,Horror,,
1665409,,Vlog Cam,Vlog Cam,en,"Aspiring influencer Mia believes a new vlogging camera will be her ticket to online fame—until it begins capturing disturbing figures lurking just beyond reality. As the apparitions grow more frequent and threatening, she realizes the device may be a conduit for something sinister. What starts as content creation turns into a terrifying fight for survival, where every recording could be her last.",,2026-04-09,/c50qEjoFvbsTbiehukkPdv6utYL.jpg,0.1642,0,0,0,0,9,Released,False,/g7PBFJs3VMCw72tSGYOOSzYFYDB.jpg,Horror,,
1665581,,VAMPIRO,VAMPIRO,en,"Based on a poem by Verónica Sulbaran, VAMPIRO depicts the dominance of modern machismo through a man’s gestures and a woman’s vulnerability in a world that isn't kind enough for her.",MILK FANGS,2026-02-09,/qwp5JD7nEhIWdi2Rog2BPNt42pS.jpg,1.8446,0,0,0,0,7,Released,False,/fiJsJUJPaPaipKVwnJSbu5cdZyz.jpg,"Mystery, Horror",,
1665593,tt40705271,Superconscious,Superconscious,en,"Amidst a simmering Cold War and the dawn of the Age of Aquarius, Cybil G. journeys to a far-flung human potential center to join a scientific study on so-called “psi energy.”",,2026-04-09,,0.5568,0,0,0,0,22,Released,False,,Horror,,
1665716,tt34927559,Tasty Bones,Tasty Bones,en,"Out at a campfire late at night, a man drunkenly stumbles to the edge of the woods to relieve himself. As he does, he starts to absentmindedly whistle. Something in the woods whistles back.",,2026-04-12,/oWHFizFqhybGrYEX3cjfDSKGk1B.jpg,1.3474,0,0,0,0,5,Released,False,,"Horror, Comedy",,
1666097,,The Black Pines Incident,The Black Pines incident,en,A thrilling found footage short film documenting mysterious killings in the haunted abandoned forest...,AHHHHHH!!!!,2026-04-05,,0.0794,1,9.0,10000,67000,4,Released,False,,"Horror, Drama, Documentary, Thriller",,
1666124,,Yo Yo Springs,Yo Yo Springs,en,A group of interns does whatever it takes to get a promotion at their retreat.,,2026-04-09,/jStgvL2vWlxYEpRYWwooxpjnOjK.jpg,0.1258,0,0,0,0,11,Released,False,/sAhhyWG9rM25tpXRO4T1GflII9C.jpg,"Thriller, Comedy, Horror",,
1666160,tt37765697,Hunger Beneath the Moonlight,Hunger Beneath the Moonlight,en,"A couple’s night turns into chaos when Joe rejects all sexual advances from his viciously beautiful girlfriend, Serena.","Desire consumes, but hunger takes everything.",2026-05-01,/wq6ZDtGVrx8S3e1lXcH4YlKMdJV.jpg,0.335,0,0,0,0,10,Released,False,,"Horror, Romance",,
1666473,,"That's Just ""John""","That's Just ""John""",en,"On second thought, wearing a costume to a wrestling match might not be the best idea",That’s Just John,2026-01-03,,0.13,1,5.0,0,0,1,Released,False,,"Horror, Thriller",,
1666478,,Purity,Purity,en,"A boy is tired of Mexicans, so he kills one.",Someone has to know the truth.,2026-04-03,/a6WLyVBxmHJ3ACqylBtkwnfp3jd.jpg,0.8907,0,0,0,0,4,Released,False,,"Horror, Thriller",,
1666490,,Return to Sender,Return to Sender,en,"Unassuming and ""nice guy"" Marshall has his night turned upside down through a series of calls and texts when he finds a lost phone.",No good deed goes unpunished.,2026-04-10,/wQXDCh7BslXaZSYmVympqZAHMkC.jpg,0.0193,0,0,0,0,25,Released,False,/zp9tvRhysCi2Y3GcB8Efpb7FjnT.jpg,"Thriller, Horror",,
1666823,,Entity,Entity,en,"Gwen, a college student grappling with a chaotic life, succumbs to a spiralling path of tragic insanity as a sinister paranormal being takes watch, feeding off of the growing anxiety consuming her.",Chaos begins within,2026-05-22,/zY8qzhPuofqpQWs8yZULh3K4W1n.jpg,1.0926,1,9.0,0,0,10,Released,False,/qhiRBQ6UrW4ot91hNxte596P81e.jpg,"Horror, Thriller",,
1666866,,MOVIE,MOVIE,en,,The body remembers.,2026-04-10,/nTRSqDRlNVysI5qJQuq380d7YQK.jpg,0.1569,0,0,0,0,15,Released,False,,"Horror, Thriller",,
1666880,tt41600497,The Pepperoni with the Cheesy Crust,The Pepperoni with the Cheesy Crust,en,A giallo-homage where a pizza is the victim.,,2026-05-09,/vca613jfy3N1WGbQuUHCG5sOTos.jpg,0.1991,0,0,0,0,2,Released,False,,Horror,,
1666902,tt41512620,We're Going to Heaven Soon,We're Going to Heaven Soon,en,"A man and a woman have a conversation on a bench. The wind blows with a calming serenity. The leaves fall with a graceful respect for the grass. Surgery always seemed like a better option. But, as you may already know, surgery can only do so much.",I Love How You Love Me,2026-03-08,/977XqTSrv3ocXs6h1CPYqUumpV5.jpg,0.0632,0,0,0,0,6,Released,False,/kqj9injTf4L8z7ErhtpB7NNFjwg.jpg,Horror,,
1666985,tt41607141,Before Death Do Us Part,Before Death Do Us Part,en,"Josh, a 20 year old, is at his 3 year mark of a relationship with his girlfriend, Jules. After having doubts for a while, Josh tries to initiate a breakup but is soon interrupted by a serial killer couple named the Pembertons who put both of them in a deadly game of cat and mouse, to force them to love each other once more.",A love story to die for.,2026-04-17,/8XkUcPFIEYvmA4KCJibpJgutmbJ.jpg,0.0352,0,0,150,0,25,Released,False,,"Horror, Romance, Comedy",,
1667083,,The Shelf,The Shelf,en,DIY your evolution.,,2026-04-24,/lSUjSo4MuvxDsZSog3QfC69XEGg.jpg,0.0714,0,0,0,0,12,Released,False,/2Y0IImCtkmiFjx5WbH1wVUtn24V.jpg,"Comedy, Horror, Adventure",,
1667239,,8010,8010,en,"A guilt-ridden house sitter arrives at a remote Minnesota home, only to discover the house has a dark appetite for those haunted by their past.",There are no rules,2026-04-06,/rhwmcxEq2HmoHYwXBCQpEXbPPNk.jpg,0.1796,0,0,0,0,24,Released,False,/66ChvQx99S51qyOxgBiYfHryjU8.jpg,"Horror, Thriller",,
1667766,tt41226051,Descend Beyond,Descend Beyond,en,"Talbot Grimes, a young man filled with unconstrained ambitions, secures himself a position within the British East India Company. He discovers another realm spilling into their own, which sparks an unconventional fascination in him.","To understand the human condition, one must rise above it!",2026-05-10,/e34UW87uTW76dZXwswCYhBWlZUg.jpg,1.0923,0,0,2500,0,113,Released,False,,"Thriller, Science Fiction, Horror, Mystery",,
1667772,tt29078838,The Dendrill,The Dendrill,en,"While preparing their childhood home for sale, Mark reunites with his estranged stepbrother, Francis, who insists the forest never forgot them.","Small as a twig, tall as a redwood",2026-07-17,/39xrj8X72YnYONw7H5R1NIyKdj5.jpg,0.9299,0,0,0,0,92,Released,False,/doKV8AfQQY3CJQYuIwbdNHxFKih.jpg,"Horror, Mystery",,
1667806,,CIRCUL,CIRCUL,en,"Three women on the heath find safety in circles until three strangers appear, whose tyrannical ambition threatens their peace with violence and oppression...",,2026-04-10,/mRw3fMabWKtBvzx1hWxeZZq0dCd.jpg,2.0119,0,0,0,0,8,Released,False,,"History, Horror",,
1667907,,Shadow Daddy,Shadow Daddy,en,"When a mysterious dream sparks an unexpected conversation, a couple spirals toward the insecurities lurking beneath their relationship.",It's him.,2026-04-11,/eIUctfmZL2zS0TJruQJ1fZgObQy.jpg,1.4944,0,0,0,0,8,Released,False,,"Horror, Comedy",,
1667911,,Sonder,Sonder,en,"Callum, a struggling writer, finds inspiration for his next script in a mysterious notebook. As he begins to adapt its pages, Callum's idea of reality and fiction becomes intertwined.  Losing himself in his new reality, Callum must try to separate himself from the clutches of the unknown, original author. Who are they? And what do they want with Callum?","“When I die, I want the birds to pluck at my brain, and carry my memories across the world”",2026-04-10,/q7lRb7qtJQ1HbQ8ghHWNhzO2ICK.jpg,0.0071,0,0,0,0,9,Released,False,/w9yJQPJybIM6TNWvyAJHtA7tUDb.jpg,Horror,,
1667932,,Nowhere Coast,Nowhere Coast,en,a man visits his ex-lover who is suffering from symptoms of early onset dementia,,2026-06-18,/sZhebWgSog2qB8y0qyMvuSBkPuF.jpg,1.5826,0,0,500,0,15,Released,False,,"Drama, Horror",,
1667956,,Observational Studies,Observational Studies,en,"A college student finishes her studies, but a mysterious force beckons her to an unknown fate.","""Come to Me""",2026-05-11,/csSlA9GDSQKLdRYb8707Ibsadp2.jpg,0.5084,0,0,20,0,3,Released,False,/vXWveFSKd9v7slFdZbJtI88hxCR.jpg,Horror,,
1668246,,The Witch of Endor,The Witch of Endor,en,King Saul makes a desperate attempt to save his life by enlisting the Witch of Endor to call up the spirit of the Prophet Samuel for guidance.,,2026-04-10,/hoKuuKwwwfIeL6hLATXVzRyOk1L.jpg,0.3589,0,0,10,0,8,Released,False,,"Horror, Fantasy",,
1668381,tt32793387,Ivan,Ivan,en,"Abigail is thrilled when her estranged father reappears, gifting her a cutting-edge AI device named Ivan. However, she soon discovers his sinister plan to use Ivan to control her and her mother, leading to devastating consequences.",A New Kind of Evil,2026-04-11,/9Sqx6Qtd5lZrys9K85byYcNu5sj.jpg,1.4845,0,0,0,0,83,Released,False,,Horror,,
1668400,,openyoureyes.onion,openyoureyes.onion,en,"A desperate journalist dives into the deep web looking for the story that could save his career, only to find himself drawn into a disturbing cult.",,2026-05-08,/aylP4dvnefPVCXe7GEc9hVRNCgv.jpg,0.0538,0,0,0,0,23,Released,False,/xHZHdvhLnziwI8Gxb3Xt217RhSe.jpg,"Thriller, Horror",,
1668508,,The Sleepover: The reckoning Of Sidney Rotherham,The Sleepover: The reckoning Of Sidney Rotherham,en,"Sidney Rotheraham wasn't invited to the sleepover, and he wants revenge...",He came anyway,2026-04-08,/6t4gba8WNuC1yXPXyoaR3aEtvOH.jpg,0.0563,0,0,0,0,3,Released,False,,"Horror, Comedy",,
1668856,tt34422958,Cockroach,Cockroach,en,"Beth and Sergio are ecstatic to begin their journey as new parents. However, caring for a baby with its many sleepless nights proves to be a challenge to their relationship and sanity. Not to mention a cockroach infestation within their walls. They struggle with the tribulations of parenthood and postpartum as the roaches infest their home, their lives and eventually much, much more...",,2026-04-11,/c4VkhItMruE0KcbNuiCwB1FDoY9.jpg,0.0683,0,0,0,0,13,Released,False,,Horror,,
1668859,,It’s a Wonderful Night of the Living Dead,It’s a Wonderful Night of the Living Dead,en,"It’s a not-so-wonderful life for George Bailey when a horde of flesh-eating ghouls come to town on Christmas Eve. In this horror comedy mashup, two classic films are re-imagined as a darkly humorous fever dream. George, a frustrated businessman, navigates his night seemingly unaware of the looming threat of the undead; as Barbara, a woman from out of town, runs for her life through the streets of Bedford Falls. When George and Barbara come face to face with the living dead, they must fight to make it through the night and find their way back to their families.  Through the use of traditional rotoscoping and compositing techniques, It’s a Wonderful Life and Night of the Living Dead (both in the public domain) have been woven together to create this twisted love letter to the original films.",,2026-04-16,/5VGXg21tPB4BrZJwGmCrcle64wU.jpg,0.6737,0,0,0,0,8,Released,False,/cAaeYN2hufaBT3Jq92pIAk886J9.jpg,"Horror, Comedy",,
1668962,tt41665848,Hell Yes,Hell Yes,en,"After failing to kill herself, a teenage girl with a celebrity crush on the devil must dodge her well-intentioned yet clueless loved ones' intervention efforts as she pursues her mission to go to hell.",A girls quest to break the Commandments,2026-04-09,/39f3rvA2UI5jIOtBdLI97RNFPOf.jpg,0.1351,1,8.0,0,0,60,Released,False,,"Horror, Drama",,
1669049,,Whisker Dissolve,Whisker Dissolve,en,"Someone sits alone in a forgotten basement, surrounded by material excess and haunted by the media they helped create. Is the ghost in the machine merely a reflection, or something more sinister? The darkness cast by the shutter pass is constant, but as long as there is a person behind the camera to capture the light, we endure.",Limited time offer...,2026-02-28,/8EodoYM8nccWdYSScETTAjxgyMb.jpg,0.1819,0,0,0,0,6,Released,False,,Horror,,
1669079,,Azureous,Azureous,en,One girl's struggle to break free from the suffocating constraints of a world that wasn't made for her. Will she escape? Or be forever trapped inside a hellscape while forced conformity overrides her outward persona until no trace remains of her former self...,The blue seems eternal...,2026-04-30,/4PGKTUkU948pK8jTuljoQgWmiB5.jpg,0.0741,0,0,0,0,6,Released,False,,"Fantasy, Horror, Drama, Comedy, History",,
1669135,tt29510495,Hunting Party,Hunting Party,en,A group of Circuit Court Judges frustrated at the corrupt legal system are releasing criminals only to later kidnap and hunt them on a large estate.,Let the hunt begin.,2026-05-11,/p0nF9yYKLKstjtc0wksGooDKMql.jpg,1.6468,1,10.0,0,0,92,Released,False,/ruhEAv12KWJZCukfyYWYpqtLCbi.jpg,"Horror, Thriller",,
1669254,tt38631541,Jingle Jangle,Jingle Jangle,en,Two regular dudes sneak into their friend's apartment to implement the next phase in a prank war... and instead witness a murder.,A classic buddy comedy with a deadly twist.,2026-04-19,/b6rGIeCHVboEjZXP7nYuCpNVgrs.jpg,2.4404,0,0,10,0,10,Released,False,,"Comedy, Horror",,
1669850,,Frankenstein in Baghdad,Frankenstein in Baghdad,en,"A short film adaptation of a scene from the book, Frankenstein in Baghdad. The creature stalks an old man and takes his eyes, helped by his assistant, Fritzelstein.",,2026-04-15,,0.0382,0,0,0,0,8,Released,False,,"Comedy, Horror",,
1669973,,1AM,1AM,en,"On the night before graduation, three reckless teens stumble upon mysterious lights in the sky and encounter more polished versions of themselves, forcing them into a game that tests their guilt, identity, and individual desires to grow up.",Chase your perfect self.,2026-04-10,/A1yHDfPq0EiitGLuVtqYu8SSCHI.jpg,1.0542,1,10.0,3000,3000,25,Released,False,/fxov1SN9akK5mqvSqcoUe2dgNwf.jpg,"Horror, Comedy, Science Fiction, Mystery",,
1670893,tt41803905,Making Art Is Hard,Making Art Is Hard,en,"Struggling with writer's block, Sam, a young filmmaker writing their next screenplay experiences a nightmare showing them the sacrifices made in the creative process.",,2026-05-06,/lmdGQWeTGdMhBRUsGSAHeKIiuFq.jpg,0.1015,0,0,0,0,14,Released,False,,"Horror, Drama",,
1671241,tt41741847,The Rental Reaper,The Rental Reaper,en,"A slasher bored of slashing loiters at the scene of his latest killing, waiting for a victim who might actually pose a challenge.",AIRBNBeware!,2026-05-10,/wTjGTgWASUC0kGqTDyOvnB51QHz.jpg,0.9479,0,0,1400,0,8,Released,False,,"Horror, Comedy",,
1671254,,Arohara,Arohara,en,"A group of friends in Chennai use an Ouija board, when things go awry, they must come face to face with something they revealed amongst the mortal realm in this neighbourhood populated with devotees.",Something was summoned… and it’s not leaving.,2026-04-14,/ujtm4DRxgoCmwsPE5W2ULrHtZfk.jpg,0.3232,1,8.0,0,0,17,Released,False,/nyEA8CZR2wE6ZHTyxW32tPJCxV7.jpg,"Horror, Comedy, Thriller",,
1671559,,Suck It.,Suck It.,en,"One night, two roommates get into an intense and comical debate about whether their third and new roommate, Dmitrii, is gay or not after he brings home a new “friend” and scurries off to his room with him. They go back and forth, analyzing different parts of Dmitrii’s identity: his gothic style, where he came from, the “company” he keeps.","Two roommates debate whether their new, and rather unusual roommate, is gay or just... different.",2026-04-17,/xrAGaIrPQchixmj4QDVxxPtsMIv.jpg,1.1335,0,0,226,0,10,Released,False,,"Horror, Comedy",,
1671598,,Only in Dreams,Only in Dreams,en,A man returns to his room one evening in distress,Inspired by the works of Weezer,2026-04-15,/rUBzRlVEEJ8Gu7VvrueyfsdVt4K.jpg,0.1074,1,10.0,0,0,7,Released,False,/gNLJu8mz1coJZ4XzRwpMDY7aCqG.jpg,"Music, Horror, Animation",,
1671767,tt38040849,Game Night: Into the Dollhouse,Game Night: Into the Dollhouse,en,"Four girls get trapped in a cabin when a cryptic note reveals their only chance of survival is to play a series of deadly games that forces them to confront their deepest fears. Every hour, one girl is chosen to play a game to face unbearable pain-or make another suffer. With time running out, they must find a way to escape before the clock strikes again.",This isn’t just a game.  It’s a test.  And not everyone makes it out.,2026-03-30,/htCmh7aXqHjgx4gF7diaNV221qU.jpg,0.1916,0,0,3000,0,76,Released,False,/v8xtcHzrzO5Rs15LbFucY8kXohV.jpg,"Horror, Thriller",,
1673090,,Still Here,Still Here,en,"Noa has to clean up her Mom's house after her death, but through packing things up she realizes she might not be the only one in the house.",,2026-03-13,,0.0614,0,0,0,0,5,Released,False,,Horror,,
1673256,tt34510525,The Genesis Project,The Genesis Project,en,"For their term project, five psychology students decide to study serial killers to learn what turns a normal person, into a cold-blooded murderer. With the knowledge they gain, they attempt to capture the killer stalking their town.",Childhood can be a dangerous place to grow up.,2026-03-20,/npQ3r72aX2S7V4anmLql6NTLPY6.jpg,0.8679,3,4.333,0,0,116,Released,False,,"Horror, Thriller",,
1673706,tt36583299,Nosebleed,Nosebleed,en,"A psycho-sexual queer thriller which blends fantasy and reality against a backdrop of the deep, dark web; told through the eyes of a prospective serial killer.",,2026-11-27,/a6bfsjJD6WlNU6BpUOty2STgGOX.jpg,3.1164,0,0,75000,0,35,In Production,False,,"Thriller, Horror, Drama",,
1673888,tt37877080,Photo Negative,Photo Negative,en,A struggling forensic photographer develops an unhealthy business relationship with a wealthy couple whose requests grow increasingly sinister.,,2026-06-20,/vGMGET8xYEUuWnPqidrUjIesQSJ.jpg,0.7725,0,0,10000,0,90,Released,False,,Horror,,
1674107,,Instinto Primal,Primal Instinct,en,"A lonely architect is unfairly fired from his job. What begins as a sleepless personal crisis, turns into a nightmare, once dark entities start tormenting him, seeking to possess his body. Consumed by rage, he now embarks on a brutal path of vengeance.",The warrior must claim the blood.,2026-04-23,/xDvJo3Qu1Ey87rC79SKpOwu0j0k.jpg,0.3596,0,0,0,0,16,Released,False,,"Thriller, Horror, Mystery",,
1674257,,Obelisk - Folly,Obelisk - Folly,en,A land far from the wind.,,2026-04-04,/27PpWOepIvulyO5KuW48QnU6em7.jpg,0.7529,1,10.0,0,0,11,Released,False,/joDeusC4q08fGmXsormuOb4PdUx.jpg,"Animation, Fantasy, Horror",,
1674304,,Battle of the Zombie Staplers,Battle of the Zombie Staplers,en,"Years since the Zombie Staplers disappeared, Christian has been trying to lead a normal life. But after his one true love is kidnapped, he must enter the underworld of Miami where he reconnects with old allies and learns about a new Zombie Stapler plot that might eliminate humanity once and for all.",This Time... It's War,2026-04-12,/4sqV5q3ESVavn0R1f7K0EpGCaTh.jpg,0.5521,0,0,350,250,36,Released,False,,"Romance, Thriller, Action, Horror",,
1674598,,The Witches of The West Woods,The Witches of The West Woods,en,A guy gets lost in the woods and has an encounter with the locals,,2026-03-16,,0.1043,0,0,35,0,2,Released,False,,"Horror, Comedy",,
1674990,tt41863350,Dead Of Fright,Dead Of Fright,en,"2 bumbling gravediggers must survive the night from a vampire, mad scientist and a hoard of zombies without losing their heads - in either sense.","A tale of blood, bats and bolts... but no brains!",2026-04-14,/8pAaRR7ApBAEQFrRa3ntilzD4Xl.jpg,0.2766,0,0,0,0,15,Released,False,,"Comedy, Horror, Adventure",,
1675147,tt31180256,Turn It Up!,Turn It Up!,en,"An indie rock band struggling to make its mark finds a possible meal ticket in an infectious new guitar riff. Unfortunately, it’s also a cursed melody that just so happens to open a portal to another, much scarier dimension.",,2026-06-04,/gMheU7MHkqM4uq8p1NhdXol7nXE.jpg,0.5368,0,0,0,0,91,Released,False,/e3vdJtXwJcnrvOEQKSLOtksHdBL.jpg,"Horror, Comedy",,
1675209,,96.9 FM,96.9 FM,en,A lonely rideshare driver finds himself on an empty road listening to a radio station that predicts his future.,Cover your ears.,2026-04-21,/4CAmHssNkScUd09FCDBXieFwJWI.jpg,0.0932,1,10.0,0,0,3,Released,False,/ofC48cUbPIR2XOor09a82o7B8Kd.jpg,"Thriller, Horror",,
1675462,,The American Dream,The American Dream,en,"After receiving a robotic implant, Eric becomes suspicious he is being manipulated through his dreams.","When man meets machine, who survives?",2026-04-18,/hrzMzOg1ys7sC3Jz5Mg2Hm1DzHh.jpg,0.215,0,0,0,0,32,Released,False,,"Science Fiction, Horror",,
1675491,,Phone Call,Phone Call,en,A person just trying to catch the next bus home happens to be the victim of a killers game. They shouldn’t have picked up the phone.,Be careful what calls you answer.,2026-04-17,,0.8931,1,10.0,1,1,5,Released,False,,"Horror, Thriller",,
1675733,,Lone' Wolves,Lone' Wolves,en,"After hitting an animal with their car, two sisters become stranded in the woods waiting for paramedics. While repairing their relationship, a man-eating creature marks them as its next target.","1400 Miles, One Stop.",2026-04-23,/4P0DyK0CauinqXSWJRFlWmzGuZw.jpg,2.4009,0,0,500,0,13,Released,False,,"Horror, Drama, Comedy",,
1675744,,Freya,Freya,en,...........,,2026-04-18,/wWIVTjddV5xIjRlKZ6IXnNPSuIi.jpg,0.0695,0,0,0,0,2,Released,False,,"Fantasy, Horror, Mystery, Animation",,
1676124,,Bill's Miracle,Bill's Miracle,en,"In an effort to de-stress his life, Bill gets rid of all his things. Little does he know, he might have just made his life immeasurably more complicated.",,2026-04-18,/osElH6ss5FUkFYW5vQrgPMFvYlV.jpg,0.2299,0,0,0,0,9,Released,False,,Horror,,
1676136,tt41329726,American Cheese,American Cheese,en,Two moms fight over the last pack of American Cheese.,,2026-04-11,,0.1838,0,0,0,0,10,Released,False,,"Horror, Comedy",,
1676162,,Lu Sape Mpruy,Who Are You,en,about a man who hears his friend's mysterious voice in his home,,2026-05-01,/m0jiJTcsEem5L1YHYIbYRwdpxtv.jpg,0,0,0,0,0,3,Released,False,,Horror,,
1676171,,NYRA II,NYRA II,en,"Trapped in a series of looping dream timelines, Nyra is hunted by an unknown killer and must find a way to escape before the cycles consume her.",The story of Evil,2026-10-05,/8W0vJQQUk1l96SBIoaS9ns0ef1P.jpg,0.1732,0,0,0,0,0,In Production,False,,"Science Fiction, Horror, Thriller, Mystery",,
1676230,,AL,AL,en,"Struggling writer, Leo Lambert, seeks to write a script worthy of being greenlit. But when a merger occurs at Story-Time Inc, the position of “storyteller” starts to be redefined.",Outwritten. Outmatched. Replaced.,2026-04-16,,0.0256,0,0,0,0,5,Released,False,,"Horror, Action, Drama",,
1676233,tt41889642,Watchman's Woods,Watchman's Woods,en,Two friends venture into the woods in hopes of getting the local monster on video.,Bring Your Bug Spray,2026-04-26,/aXj4n8PIMUkynMgOLEfbWLhWb3v.jpg,0.2133,0,0,2500,0,10,Released,False,/udYNNR1aJHcPIJbUKiC5CuoHxlB.jpg,"Horror, Comedy",,
1676842,,VERMIN EXTERMIN,VERMIN EXTERMIN,en,"An exterminator carries out a massacre against hordes of vermin, while addicted to his own pesticides.",The infestation comes from within.,2026-04-15,/cCWE1u05ZrhoLgxWYJZBlmB3TRV.jpg,0.0807,0,0,150,0,2,Released,False,/MKJYiZtFp5tixpXBMigLPPF1nN.jpg,"Horror, Animation",,
1676973,tt41918764,Iris Replica,Iris Replica,en,A Puzzle. Triplets are celebrating their birthday. Two are waiting for the return of the third. What they don't know is that the voice outside the door doesn't belong to their brother.,you Can the? missing find piece,2026-06-12,/ta0Pu0fNRCv6O9Y1ysuMkQ8VpUJ.jpg,0.9678,1,8.0,200,0,5,Released,False,/ay8cxYGXyjzLfQuqjq7lzudaUlZ.jpg,"Horror, Thriller, Mystery",,
1676977,,Freaky Paranormal Findings in the Contiguous United States and Other Affiliated Territories,Freaky Paranormal Findings in the Contiguous United States and Other Affiliated Territories,en,Eugene and Jason meet a man at their door. Their cameras do not. Johnny Ghost investigates the supernatural occurance.,ARMS...,2026-04-19,/zNXrxCcxMASFZctGFz5m7HDUtSb.jpg,0.5484,0,0,5,0,15,Released,False,,"Horror, Comedy, Mystery",,
1677004,,The Mirror of Condition,The Mirror of Condition,en,A man seemingly wakes up as if everything is fine but it quickly takes a turn into horror.,A mirror reflects us.,2026-03-12,/pwgmkhiEPF0YfRwTrf1gvJJUPn6.jpg,0.0478,0,0,0,0,2,Released,False,/nYgAK2nHB3C5XZDXYdM7XrbmvT.jpg,"Horror, Mystery",,
1677050,,2 hours of On This Spot files to sleep to (or if you’re really high),2 hours of On This Spot files to sleep to (or if you’re really high),en,"This is a compilation video. There might be too much in here. Might not be a good idea. But here it is.  I didn’t have any adventures this week. I just worked a job & tried to sleep. Like everybody does.  Sometimes life’s like that.  How are you doing? Let me know, okay? I need some good news.",A compilation video of a bunch of the files “for people to sleep or blaze to”,2026-04-15,/bOoePy1JgJyrnLKTjJuR3iddkLx.jpg,0.0214,1,5.0,0,0,121,Released,False,,Horror,,
1677082,,Pl8,Pl8,en,A man dreams a vision which irreversibly changes the course of his life.,THE EARTH HAS TASTED YOUR HUNGER AND FOUND IT BITTER,2026-04-19,/A3gLAOLxa1lHA8dvSajJoMUqR8e.jpg,0.2288,3,8.7,0,0,2,Released,False,/6mZQssJtazwEICwZPNp4tUgZoGi.jpg,"Science Fiction, Horror, Thriller",,
1677366,,Eventide,Eventide,en,"An 18-year-old and his newly found camcorder go about on a stormy day, recording anything he sees or does.",A boy and his camera,2026-04-22,/m4ESyJBLbLlpxq5PMA08iak3FNc.jpg,0.0731,0,0,0,0,11,Released,False,/va4zOkT9APCyecsL5MCMpWxyYwM.jpg,"Adventure, Horror, Thriller",,
1677470,,Continuum,Continuum,en,A young couple is convinced they must carry out the deeds of a celestial deity to keep the timeline intact,,2026-04-19,/2rzBRbfsE3wlfXikm4dJPimAr2l.jpg,0.4345,1,10.0,500,0,10,Released,False,/sBvUvJeOgVpGsCueUYGlnZGObUa.jpg,Horror,,
1677594,tt35845072,Curse of Griffith Park,Curse of Griffith Park,en,"A pair of paranormal investigators delve into the eerie history of Griffith Park, only to discover that the curse they’re chasing may be very real.",,2026-01-21,/AeBm3cLapHZIIYk9P99zu2ZHUa8.jpg,0.0593,1,2.0,0,0,85,Released,False,,Horror,,
1677616,tt39047016,Heathen,Heathen,en,A young priest's faith is tested when his mentor returns from a mystical encounter.,,2026-07-01,/1Lyr16Qy4Nqy9j30vojoa7rGg9R.jpg,1.1651,0,0,8000,0,8,Released,False,/qzOALvX4fu78PBrND1kXgxYkKiR.jpg,"Horror, Thriller",,
1677764,tt36946472,Rear Projection,Rear Projection,en,A man is given a free rear projection TV by the family of his elderly neighbor who just passed away. He soon finds out why the family didn't want it.,,2026-03-27,/dVdk6ilqQBXXQgEkRqXhzFbgUZc.jpg,0.0913,0,0,0,0,35,Released,False,,Horror,,
1677924,tt39377014,Blessed is the Night: The Making of Orgy of the Dead 2,Blessed is the Night: The Making of Orgy of the Dead 2,en,Feature-legnth documentary on the making of ORGY OF THE DEAD 2.,,2026-04-07,/eEcZ02VEnJvmxGlS89HUj4dUtIa.jpg,0.4417,0,0,0,0,65,Released,False,,"Documentary, Horror",,
1678192,tt33975472,Blood Witch,Blood Witch,en,"Centuries after being killed for witchcraft, a mother and daughter are resurrected. They seek revenge on descendants of those responsible. As locals disappear, two journalists investigate the mysterious events.",,2026-04-17,/vXTPrFnbsoLGZHNvtMgieUsSFWU.jpg,3.9284,2,2.0,0,0,80,Released,False,/uVjj5Oj0cDHit6jfv0QmIRtCW9e.jpg,Horror,,
1678298,tt35625402,The Waiter,The Waiter,en,"After losing his Job his wife, and his daughter, Frank takes a job as a waiter but the relentless cruelty and humiliation from the staff push him past his breaking point, sending him on a violent, vengeful rampage.",Serving vengeance one table at atime,2026-05-29,/lcS3fDlIqQntdaV2XRcmGRt5huR.jpg,3.6222,0,0,0,0,47,Released,False,,"Horror, Comedy",,
1678317,,Mercy: Queen of the Undead,Mercy: Queen of the Undead,en,"Mercy is just your average girl trying to wait out the chaos of the outside world, but her boyfriend seems to be extremely distant recently...",Just To Get A Date....,2026-04-24,/nbjPlX6z9IKv6S1dZOd1p08Zc7w.jpg,0.6287,1,6.0,800,0,9,Released,False,/aJZkiq9cMswqqEWiDsBhh2xJM68.jpg,"Horror, Comedy, Romance",,
1678337,,Demonology,Demonology,en,"A small team of paranormal investigators are hired to investigate a remote property where a grieving couple claims to have encountered a demonic force. As they unravel the mystery, they begin to realize they are not welcome.",They were hired to investigate. Now they have to survive.,2026-10-31,/mOG2kHYbEAGzW51pHa8fROKenpi.jpg,0.0598,0,0,2000,0,37,In Production,False,/6IWZsUQJjsAGy9rApt6mz5lcDE0.jpg,"Horror, Thriller",,
1678368,,ACCISMUS,ACCISMUS,en,"A woman enters a nightclub where she is desired, but never truly seen.",,2026-05-30,/edWdAJ4q0ipiR4gNiuAOlrMuvXC.jpg,0.2016,0,0,0,0,10,Released,False,/AteI2P8XHqw1k1T1jpnea3EygVZ.jpg,"Drama, Horror",,
1678419,,Plot Twist,Plot Twist,en,"Twins Mike and Jolie, have begun to drift apart as college comes closer. However, while cleaning out their closet, they get trapped in different movies from their childhood and must complete each plot to escape, learning lessons along the way and possibly rekindling the friendship they once had before it is too late.",,2026-04-17,/hH9GqgJdy3YceEu8anLmVWC46vL.jpg,3.0015,0,0,0,0,59,Released,False,/cIhVpDeC2L1TmJjFcfOPv3YUG1K.jpg,"Family, Action, Horror, Music, Crime, Fantasy, Western",,
1678454,,That Orange Fellow,That Orange Fellow,en,A runner finds a mysterious orange doll on his daily run and brings it home. He soon discovers that the doll is a prison for an interdimensional entity set on destroying the universe and must immediately rid of it before it escapes.,Unleash Me!,2026-05-01,/p1TdjvfvpGKhDtnqnrJYrHUdfd3.jpg,0.0776,0,0,20,20,8,Released,False,,"Comedy, Horror",,
1678555,,Modus Operandi,Modus Operandi,en,"When a local serial killer breaks his pattern, a college student obsessed with the case goes off into dangerous territory.",What’s your motive?,2026-04-25,/i35lAN9DGNVJ89Mjpt2zOUEEJDw.jpg,0.9476,0,0,0,0,9,Released,False,/9YVREgZOOJc7yLQFFEbEtu4FDJQ.jpg,Horror,,
1678609,tt41988428,The Favor,The Favor,en,"Struggling, a young man calls on a distant acquaintance for a favor that could change everything.","Fiddlesticks, man.",2026-04-21,/iq8I3VuRcfuHKBncLERkGT01aEC.jpg,0.0929,0,8.0,20,0,7,Released,False,/1zIOGUitxOnYiOQQQsUMzUNfVsR.jpg,"Comedy, Fantasy, Drama, Horror",,
1678725,tt39303228,Dinogeist,Dinogeist,en,"A greedy developer disturbs sacred land, unleashing ghostly dinosaurs that terrorize a neighborhood as residents face a prehistoric curse.",,2026-04-21,/gO1eTsY2OllOIRKEJ9iZrSnMtKm.jpg,1.7629,0,0,0,0,87,Released,False,,"Comedy, Horror, Action, Science Fiction, Thriller",,
1678947,tt41951416,Calling You,Calling You,en,"After a middle-aged father falls mysteriously into a coma that transports him to an idealised version of his past, his daughter must do all things necessary to rescue him from an eternal trap.","If you should return, you'll never leave.",2026-06-03,/uKR6Gas4wLmEJjJ00Tla1LNzdT4.jpg,2.2801,0,0,4000,0,15,Released,False,/aVLGpp46NVxhNi7bmKzINxpKrBt.jpg,"Drama, Fantasy, Horror, Music",,
1679072,tt39206763,Pillars of Heaven,Pillars of Heaven,en,"Kidd, a teen with scoliosis, is taken by his father to a disgraced orthopedic surgeon. When he uncovers the doctor's sinister agenda, he must embrace his spine, confront both the doctor and his father—or risk losing his identity forever.",He'll straighten you out.,2026-04-28,/wBO1Tg6JlWWd6ac8GHX3e9eiH32.jpg,1.2767,0,0,7500,0,15,Released,False,/z7C0G3KWzDDqe22YGASte92Ew0B.jpg,"Horror, Drama, Thriller",,
1679098,,Epidemic,Epidemic,en,"By 2029, North America has been ravaged by a mysterious virus that quickly turns its victims into blood thirsty savages. Three men from Europe land in the now deserted North American suburbs to try to take out as much infected as possible, but their mission goes horribly wrong.",THE WHOLE WORLD WILL CEASE TO MAKE ANY SENSE,2026-05-25,/lSCgoQ3n1JG1SFFTQznK7rWfREN.jpg,1.2045,0,0,1000,0,10,Released,False,/mRsSbQzxUeb7ZPTXqmCyNJ4xoI8.jpg,"Horror, Thriller, Action",,
1679178,,Mr. Silhouette,Mr. Silhouette,en,"Jacob sets out to steal a Tesla, unaware that someone is already inside. When he becomes trapped with a man known as Mr. Silhouette, he realizes he isn't pulling a job - he's the job.",,2026-04-11,/cAiUof7aQpuTqOejELGAGt2Eiyt.jpg,0.0486,0,0,0,0,14,Released,False,,"Horror, Thriller",,
1679197,,Whispers of Nature,Whispers of Nature,en,"In the mid-1980s, renowned painter Clarke Holler tells a horrifying story from his life on an episode of his painting show ""Whispers of Nature""","""THERE'S NOTHING THAT I CAN EVER DO THAT'LL CHANGE IT""",2026-06-12,/mTJiZn3WEUrpEEcAeqq9lpzqE53.jpg,0.2704,0,0,0,0,14,Released,False,/zhWFnoDQ3OgrUxVGHsatopGTtzg.jpg,"Drama, Thriller, Horror, Crime",,
1679209,,MACDUFF'D,MACDUFF'D,en,By the pricking of thy thumbs.,Untimely Ripped.,2026-08-20,,0.0409,0,0,0,0,0,In Production,False,,"Horror, Drama",,
1679215,,Zapper,Zapper,en,"An abstract short film showing a bug zapper suddenly bursting into a plethora of chaotic flashes of light, loud sounds, and violent movements that twist and distort the reality around it. The purpose of the film is to simulate how the brain reacts during a chronic panic attack and showing the intense flood of fear and sensory overload.",,2026-04-21,/sQikO8p8jNbJCTiwDJtLADNPBil.jpg,0.0071,0,0,0,0,3,Released,False,,"Horror, Mystery, Music",,
1679267,,If It Bleeds,If It Bleeds,en,College journalists inspect a mysterious tip.,,2026-04-24,/zoAmQdSCn96wkudFgrRbluuNcBH.jpg,0,0,0,0,0,10,Released,False,,Horror,,
1679288,tt40185429,Solace,Solace,en,Two brothers' minds are tested when discovering a lone cabin in a desolate mountain-scape.,Stay Alert,2026-05-01,/u1ayYAvrBRLD7RwL8xmveUWAh9b.jpg,0.9139,0,0,1000,0,11,Released,False,/jAixfAXUyLW4PkEPzGIOhjvSwrc.jpg,"Science Fiction, Horror, Thriller",,
1679300,,Side Effects,Side Effects,en,Milo is faced with a difficult decision that is eating them alive.,,2026-05-01,/yDPxmlb9Qicfjz2E1lCDgJFqWeu.jpg,0.6499,0,0,1100,0,12,Released,False,/aiQmMzI6r6MXR3SGdwfeeizw6Sm.jpg,Horror,,
1679561,,Cooper Berryman's The Navidson Record,Cooper Berryman's The Navidson Record,en,"After the Death of His Father, Tom Navidson is Advised to Film His Day To Day Life. The Following Recordings Reveal the Mystery of the House and the Thing that Lives Beyond its Walls",It Can't Exist,2026-05-07,/wVLnTzCUVNYE6SUy7vspkiZykj0.jpg,0.2858,0,0,0,0,9,Released,False,,"Horror, Drama",,
1679575,,A Drop In't Ocean,A Drop In't Ocean,en,A horned child awakes in an abandoned seaside town. Trying to find his way home he meets a fowl mouthed cat and a selection of eccentric and unhelpful locals. But something else is also following him. A short film about isolation and disassociation with a northern British comedy twist.,Daft Little Bugger,2026-05-03,/sTpNillap5CYTMWy82zgxnJ0OOZ.jpg,0.1027,0,0,100,0,8,Released,False,,"Horror, Comedy, Drama",,
1679631,tt42022353,Red Dots,Red Dots,en,Crisis befalls a city.,,2026-04-21,/4asQL6lKx98QVtLDR6ytAr2KBLo.jpg,0.1794,0,0,0,0,0,Released,False,,"Drama, Horror, Mystery",,
1679917,tt41237015,STUPID CUPID,STUPID CUPID,en,"A Short Analog Horror Film about a deranged stalker doing anything for what he calls, ""true love"".",True Love,2026-02-14,/3q82VBNkI8TtQlNQrEWZx8uS9DO.jpg,0.3256,1,8.0,0,0,8,Released,False,/x5bqamgfo2Lk3RAYiMqaXiKvKkE.jpg,"Horror, Crime",,
1679924,tt41097125,Sherman Park,Sherman Park,en,A group of Black teens try to survive a grisly encounter in Sherman Park.,,2026-04-11,/bQc9Jm89cnCUd0OyXcTOhb489dp.jpg,0.618,0,0,0,0,10,Released,False,,Horror,,
1679959,,The Second Skeleton,The Second Skeleton,en,A reclusive ghost hunter finds something different in an old tunnel one night.  A woman with a video camera is lured into a game of cat and mouse with someone who comes from the forest.  A young singer still adjusting to her fame is preyed upon by a sadistic talent agency managed by someone from beyond this world.  Three loosely connected ghost stories are drawn together as mysterious forces attempt a ritual which might open a gap between our world and another.,Halloween is here to stay.,2026-02-04,/rnTdhv2478LQXuTHDWpwXeabeG.jpg,0.2118,1,10.0,0,0,118,Released,False,/8rAEufwZ9EQyNrvA1scf9nzakaU.jpg,"Fantasy, Thriller, Horror",,
1679967,,The Count,The Count,en,After being stranded on a frozen rural road a weary man seeking shelter slowly finds the town’s local legend closing in on him,,2026-04-24,/phfS3T9ED8VeXhrURXheQsYDsXy.jpg,0.0958,0,0,0,0,9,Released,False,,"Thriller, Horror, Drama",,
1680383,tt40791873,They Know,They Know,en,"After witnessing the murder of a squirrel, a cabal of woodland creatures summon the forces of darkness to balance the scales.",,2026-02-23,/69wzkz31U2EpLFw1yB7GSmAbqyg.jpg,1.4746,0,0,0,0,2,Released,False,,"Horror, Comedy",,
1680640,tt42058100,NEW RED 40,NEW RED 40,en,A boy plagued with minor addictions must find a way to get his favorite energy drink before the FDA bans it.,,2026-04-26,/pjD4pwbqJVmHRRWKSojtQ3YrbMw.jpg,0.4373,0,0,0,0,15,Released,False,/vHjhpb76w91q850zanlNzAspu9u.jpg,"Drama, Horror, Comedy",,
1680764,,SUCCESSOR,SUCCESSOR,en,A soon to be elected CEO of a plastic manufacturer can't shake the feeling he is being watched.,THE FIRST GLOOB TROOTER FILM,2026-04-09,,0.0434,0,0,10,0,5,Released,False,/trHOFbUNjDKdpeM42hxyWsdgv0F.jpg,"Thriller, Drama, Horror",,
1680813,,Interitus,Interitus,en,"A lone man wanders through a silent, ruined world, searching the remnants of abandoned homes and forgotten places. When he arrives at a collapsed home that may hold personal meaning, a final discovery forces him to confront the silence that remains.",,2026-05-02,/9hffjztCovhjhbbKYtab0mJC9BO.jpg,0.265,0,0,430,0,8,Released,False,/9oxOa4jHKnRLeJXiHQdkApRmTWr.jpg,"Drama, Science Fiction, Horror",,
1681223,,Lovebug,Lovebug,en,"Upon returning his wallet, Adalia is invited into Aphid's home. There would be coffee, conversation, and an abundance of bugs.",Parasites crawling under my skin...,2026-04-25,/fshyG8N9wTTTuMjXPTNEg1v5VGl.jpg,0.7822,0,0,0,0,13,Released,False,/191usHHIz8IzBXIZMMxi8P0nOR6.jpg,"Romance, Horror",,
1681289,,HINGA,BREATHE,en,"A solo retreat at an Airbnb was meant to be a sanctuary for a woman grappling with an anxiety disorder. When an intruder breaches the home, the woman is plunged into a suffocating darkness that triggers her claustrophobia. Trapped in a high stakes game of cat-and-mouse, she must navigate a house that now feels as though it is physically closing in on her, turning her place into a labyrinth of terror.",,2026-03-21,/nECL5SPSqafT97ksU4a38imULmr.jpg,1.0329,0,0,0,0,12,Released,False,/2ysOMIkjzhJaFnfA4qsvs9IoCs0.jpg,"Horror, Thriller, Crime",,
1681420,tt42094011,In the Jaws of Darkness,In the Jaws of Darkness,en,"When a lone soldier is left for dead by his squad, he makes his way through unfamiliar territory. As he begins to suspect he's being watched, his sanity deteriorates and the beast gets closer...",I survived In the Jaws of Darkness,2026-05-14,/fxkrXbEeRlvqMBshICZ4phO7Lq4.jpg,0.0582,0,0,500,150,15,Released,False,/hfOnpGu0jTynLKZsDPIFB9gH5Yp.jpg,"Horror, Thriller",,
1681429,,BEAR TRAP,BEAR TRAP,en,A priest builds a mysterious altar while trapped in his church by an unending storm of blood.,In this church...,2026-04-29,/y2Y7L85u4bPkMK8A0lb15mheAIy.jpg,4.7818,0,0,1370,0,11,Released,False,/sEQmCM9oAKB0dfns3JgCypJfexI.jpg,Horror,,
1681439,tt42097122,"If I Can't Have U, No1 Can","If I Can't Have U, No1 Can",en,"Devland, a scrappy punk who has had psychic visions of a girl his whole life, finally meets her, Mal, piercings and attitude and all. Their chemistry is instant, but when he finds out she's moving across the country and won't stay for a man she just met, he'll do whatever it takes to keep her.",Seeing the future won't save you.,2026-04-28,/Anv15OCr6Z6ZAtauBTkg6uc047Q.jpg,0.62,0,0,4000,0,12,Released,False,/fusObRmsgRDGNb5T9e2lbAd81cc.jpg,"Thriller, Romance, Horror",,
1681462,,Chronic Wasting,Chronic Wasting,en,"A group of friends go looking for a meteorite, but instead they discover something far more sinister.",,2026-05-10,/4vHffLrJ1zwpDJYOJrLzZJRWPAu.jpg,0.1466,0,0,0,0,10,Released,False,/ma2Z3SIZMoNCePBqQXreWiXJGHc.jpg,"Horror, Thriller",,
1681694,tt29266451,Days of Sodom: A Crow Fan Film,Days of Sodom: A Crow Fan Film,en,He doesn't know why he was chosen. He only knows that he has returned from the dead to seek vengeance on the officers who murdered his wife.,Hell sends an angel,2026-04-24,/xLfjhd7KhIFYSxf4XABVp6MiC1G.jpg,1.2225,1,9.0,120000,0,159,Released,False,,"Thriller, Drama, Crime, Horror",,
1681696,,Canticum Mortis,Canticum Mortis,en,"A newly wed couple moves in to a new house, where discontent can only be masked for so long.",They're the happiest couple on earth!,2026-04-25,,1.5896,0,0,0,0,6,Released,False,,"Thriller, Horror, Drama",,
1682293,tt42063025,AYA,AYA,en,"Aya grapples with the cost of control, empathy and identity in search of the truth of her past.",,2026-04-26,,0.7783,0,0,5000,0,15,Released,False,,"Science Fiction, Horror",,
1682559,,The Life of a Spy,The Life of a Spy,en,A rookie spy right after his first mission must grapple with if someone could have followed him to his safe house to steal his precious cargo,ENTER THE DARKNESS,2026-04-30,/hntwVBMltdtfwtZWgZOE7STBSAo.jpg,0.5939,0,0,0,0,8,Released,False,/EduiU660CBErptgNE00XH55RWJ.jpg,"Action, Horror, Thriller, Crime",,
1682604,,Blink and You Miss It,Blink and You Miss It,en,"""Blink and You Miss It"" follows an estranged college student who wants nothing more than to get back to their mother after the sun completely disappears.",,2026-04-27,/2s5rcAv9jFkQ4qinvyUgtMWTAQ9.jpg,0.061,0,0,0,0,4,Released,False,,"Horror, Drama",,
1682620,,Visitor,Visitor,en,A young woman is visited by a frightening guest.,"Knock, Knock!",2026-04-25,/sKeTtM7H1iACmNNDBQGXPPzPIE4.jpg,1.323,0,0,0,0,12,Released,False,,Horror,,
1682627,,Straightbackward,Straightbackward,en,"An overly honest couple looks elsewhere for their true soulmate, only to find that they are one of the same.",We're all screwed.,2026-04-28,/c85xY0YnMkA4fhfYnMYksxe6d3Z.jpg,1.3933,0,0,0,0,16,Released,False,,"Comedy, Horror",,
1682644,,The Gath3ring,The Gath3ring,en,A paranormal community gathering—organized by groups like Get Haunted and Paranormal Cares—is captured on camcorder footage. What unfolds during the event is presented as recovered footage from that night.,A Found Footage Film,2026-05-02,/5faMOosE0HbPLBfvDQ8bpELJEDl.jpg,1.1477,0,0,0,0,23,Released,False,/trOGClUiwi0hgNqlVn4bumd7wF3.jpg,Horror,,
1682667,,Christmas at Aunt Betty's,Christmas at Aunt Betty's,en,"A grieving mother and daughter who retreat to a remote farmhouse for Christmas, only for a mysterious package to unleash a malevolent force that turns their family reunion into a fight for survival.",'Tis the Season for Terror,2026-05-29,/5EwdJ301ym3pIXGjIjS16LwURKV.jpg,0.2904,0,0,0,0,0,Released,False,,Horror,,
1682981,,Lamentations,Lamentations,en,"The twisted story of a woman who is held hostage by her greatest fear, and she must learn to overcome what’s tying her down.","“He was walled me in, he has made my chains heavy.” Lamentations 3:8",2026-04-26,/voW68eYd0xZoPY58R4VF8Wu1IMZ.jpg,0.0143,0,0,0,0,8,Released,False,/tDaycXvnZf2ENcIGQytDH4XwX7I.jpg,"Thriller, Horror",,
1683047,,It's All in the Soil,It's All in the Soil,en,"Every year, Moira tries to win her local gardening competition against longtime title holder and rival neighbour, Margaret. This year she wishes to take Margaret down and will do anything to claim the winning title.","To win a gardening competition, all you need to know is that ""it's all in the soil""...",2026-05-26,/eZb3dawAz1zQ4YaLLLiW1HhVy3v.jpg,0.6261,0,0,0,0,11,Released,False,/7KHm0xnsAoAe6kTdMKoQxg7CCjp.jpg,"Comedy, Horror",,
1683048,,Stabbington,Stabbington,en,Don’t take him home,It’s tea time,2026-05-05,/qPGCkDCMKCfzSnAlI82FzU6tmV8.jpg,0.7316,0,0,0,0,2,Released,False,,Horror,,
1683111,,The Room In The Tower,The Room In The Tower,en,"Julia Benson has long suffered from a recurring nightmare. When she accepts the invitation to visit her finacé's family home, her dreams begin to seap into reality, with dreadful consequences.",Evil Has Been Waiting,2026-04-18,/1XR18iwIvhTXIFe8nyPNDU5uP00.jpg,0.1604,0,0,3000,0,16,Released,False,/35oA8IKGLfclyMYb0Y6usj3x66I.jpg,Horror,,
1683122,,Late Night with Me,Late Night with Me,en,"In a silent Istanbul apartment, a woman's late-night obsession with a praying mantis documentary triggers a predatory fever dream.",,2026-05-17,/gSn4DNO4d2BRPmIaU1eWSphJV3H.jpg,0.307,0,0,0,0,3,Released,False,,Horror,,
1683183,tt42179397,A Cut Above,A Cut Above,en,"On the cusp of unionizing, a team of factory workers find their loyalties tested when a suspicious workplace injury threatens to hinder their looming quota.","When you think clean, think Clerek’s!",2026-05-03,/3zFE0FO1juepU41e8I2l2W8fWYE.jpg,0.3136,0,0,0,0,8,Released,False,/oOG9U3oxxrnbIjheABCbkh3uaLN.jpg,"Horror, Mystery",,
1683417,,Hollow Walker of the Lake,Hollow Walker of the Lake,en,A young hiker stalked by a sinister presence forms a brief romantic entanglement with another woman.,Nothing ever changes,2026-04-28,/1zwA7cKpWyVlNkLFEANETgAyFu9.jpg,0.2257,0,0,50,0,16,Released,False,/rHHAw0B5JpYHcHfEzGAtWcMVykM.jpg,"Romance, Horror",,
1683441,,Dead Serious,Dead Serious,en,"Two teens decide to help the other face their phobia, and their first instinct is to visit an abandoned house. When the duo’s mission goes awry, they find that some things are better left undisturbed.","FEARS COME IN ALL LENGTHS, SHAPES, AND SIZES.",2026-04-24,/swL0ZmDO16cpPQa8ZpL7b9F0al7.jpg,0.0193,0,0,0,0,4,Released,False,,"Comedy, Horror",,
1683446,,Break Out,Break Out,en,"After six years of being locked away at 'Easton Detention Centre' after brutally murdering one of his classmates, Jackson Pickering (Carson Queen) breaks out of captivity and hunts down his old friend group lead by Craig Forester (Marcus Curran) and Bradley Banks (Nathan McCurley) for sweet, bloody vengeance. All the while being on the run from officers Stanley Adams and Jimmy Reynolds (Logan Smith & Cassie McKecknie respectively).  'Break Out' is a black-comedic slasher made to be a tribute to both the spirit of old slasher horror flicks and the edge and violence of Troma Entertainment.",You Know What Caged Cats With Murder On Their Minds Do?,2026-11-13,/e0iu1sxmZ7v2WVr8i5zwhHP9c5M.jpg,0.0888,0,0,230,0,50,In Production,False,/wPrTE6LdcHOGOq5QnpB8vYOcyuQ.jpg,"Horror, Comedy",,
1683531,tt38048307,The Withering,The Withering,en,"After an elderly woman discovers a mysterious amulet that restores her youth by draining the life from those around her, her caregiver must stop her as an entire town withers in a grotesque battle over renewal and the terror of aging.",It corrupts our flesh to feed the one it chooses.,2026-06-14,/n2p0Li5n02BWQnx3sC2UjbEYgLc.jpg,3.0086,0,0,7000,0,123,Released,False,/fLbJmWNjieAov3ejim9eOyPWz7g.jpg,"Horror, Thriller",,
1683614,tt37673541,Headphones,Headphones,en,"As seen at Fantaspoa (2026), BIFFF (2026), St Kilda Film Festival (2026), deadCenter Film Festival (2026) & Chattanooga Film Fest (2026).  St Kilda Film Festival Award Winner of Best Achievement in Sound Post-Production & Best Achievement in Production Design.  A lovelorn young man working the late shift at a dead-end fast-food joint alongside his crush listens to his uncle's old Walkman, when a mysterious voice crackles through the headphones whispering exactly what he must do to keep her alive.","A mysterious voice crackles through the headphones of an old Walkman, instructing a young shift worker what he must do to keep his crush alive.",2026-04-11,/nY1YOK67DwS8hLbkE3LiESejx0c.jpg,1.2294,0,0,30000,0,9,Released,False,,"Science Fiction, Horror",,
1684009,,The Hole Thing,The Hole Thing,en,"Created in 48 hours, a group of friends have their pregame interrupted by a mysterious portal.",A portal-ified pregame.,2026-04-23,,0.149,0,0,0,0,6,Released,False,,"Science Fiction, Horror",,
1684129,tt42027294,Aquarium,Aquarium,en,"Guppy must convince five investors to fund Aquarium, an immersive virtual space designed to help people confront and process trauma - or risk losing everything.",Enter the tank. Face what’s inside.,2026-04-25,/ifSU8VpDDafQvd1zHo2WXncUGWn.jpg,2.5684,0,0,100,0,93,Released,False,/27eiiKm72Q8Ore6jIO7QP8921LM.jpg,"Animation, Science Fiction, Horror",,
1684132,,.,.,en,A young girl lying in her bed gets approached by a monster.  Watch on YouTube: ito can't sleep,,2026-06-03,/lmTRRbToNWgFssbBYYHnDJcWUyV.jpg,0.1432,0,0,0,0,4,Released,False,/dNq99gX7YZ10989pGoHplg8Phb6.jpg,Horror,,
1684169,,Zeitgeist - The Fizzening,Zeitgeist - The Fizzening,en,Two government agents are tasked with erasing the concept of a soda brand from existence…,MIND EXPANDING FLAVOR!,2026-04-25,,0.1373,0,0,7000,0,25,Released,False,,"Horror, Thriller, Comedy, Science Fiction",,
1684190,tt41606857,Sweetie,Sweetie,en,"In the shadow of Hollywood, a young woman chasing stardom slips into a dreamlike spiral where reality fractures and fame reveals itself as a haunting, living force.",The Hills remember what we bury. They Hills reward those who give.,2026-06-01,,1.4314,0,0,0,0,0,Released,False,,"Horror, Thriller",,
1684220,,Seasons Bleedings,Seasons Bleedings,en,"When a knocking ascends at Taylor's door, it should have been ignored.",Here's Hacky!,2026-03-12,/nBczhS7VcroMxbQSsJ3IeHSQn3A.jpg,0.0363,0,0,53,0,3,Released,False,,Horror,,
1684224,,Forest of the Marauder,Forest of the Marauder,en,"A young medic from the Great War is dragged on a hunt by his employer and fellow veteran Orion. Unbeknownst to them, in this forest- they are more akin to prey than predators.",We Are Here to Kill,2026-05-07,/9ngWwxLgySA2Fayrdox8DdH1Tu6.jpg,0.1008,0,0,10000,0,15,Released,False,/oIOhk3k1DaUc8bSTn2U3eO8LtUM.jpg,Horror,,
1684248,,Inside Me,Inside Me,en,"A man lives with a silent presence that never leaves him alone. He has grown used to it and is no longer afraid, but over time, the constant presence becomes harder to live with, until he can’t take it anymore.",It never leaves.,2026-05-13,/JCQn995reXUOmhXrRHxYQwOH0n.jpg,0.0286,0,0,0,0,4,Released,False,,Horror,,
1684304,tt36614687,Call Me After Dark,Call Me After Dark,en,"A plainclothes detective, decides to call up the victim of an old case one last time.",,2026-03-24,/txwLZ2xzrCnyIfD0hGuYHftqKV2.jpg,0.7682,0,0,2,0,10,Released,False,,"Mystery, Horror",,
1684427,tt37858612,Beauty,Beauty,en,,,2026-06-01,/zHXTbmfU1QBbHGp8YGmEOZkFX6x.jpg,0.0904,0,0,100,0,0,Released,False,/eGFteH7pWJbV5kq2Zovv8OXw5BU.jpg,"Horror, Drama",,
1684521,tt39290981,Wohin?,Wohin?,en,A film about chasing your own ambition and being chased by it.,,2026-02-13,/eYBvjg8sJsHS8RzKosN6QR0WrU4.jpg,0.7503,0,0,60,0,14,Released,False,/wMBMXxd1jAfkRHpAGqOrAn1Aczj.jpg,"Horror, Thriller",,
1684618,,Obsessed,Obsessed,en,"Desperate to feel seen, an insecure college student fixates on a girl who embodies everything she isn’t, pushing her toward a shocking and irreversible act.",,2026-04-29,/iQolDHWuvrxirqSm5DcUbE2iTYI.jpg,5.4155,0,0,0,0,6,Released,False,,"Horror, Thriller",,
1684836,,HILLCREST,HILLCREST,en,A journalist clinging to an obsession with a government coverup is horrified to find that a monster he thought was eradicated by the US Military has hijacked its way inside of his own house…and it’s hungry.,Look at Yourself.,2026-04-28,/cO7tqcx3asUBT2hV6r96DskEkOL.jpg,2.2484,0,0,3100,0,13,Released,False,/aKemFNKehhiwwEPsLNcBEMJzIMh.jpg,"Science Fiction, Horror",,
1684928,,"Brother, Sister and The Vampire","Brother, Sister and The Vampire",en,"Noah and his sister Katana live alone until one night a figure claiming to be their mother attempts to enter. The two siblings promise to get out of the situation alive, pinky promise.",,2026-05-01,/phcvEfOBeSwB4a1PFsMZ9CC5cm9.jpg,0.0883,0,0,0,0,6,Released,False,/zThaBbW0SoV8FEmZhI666Il4Pg2.jpg,Horror,,
1684942,,Evil Snowman,Evil Snowman,en,"College Freshman Sam wants to hang out with his friends across campus in a winter storm. When he arrives, he finds his friends telling spooky ghost stories, one being the tale of ""The Snowman"". 30 years ago, a fratman got stuffed in a snowman as a prank during a party. This snowman now lurks the campuses in winter storms to find lone freshmen and force them to drink Snowball Whiskey. Sam doesn't believe them, making fun of the snowman. His friends press how serious it truly is but Sam does not listen and returns to his dorm. On his way there he gets lost in a wooded part of campus where the snowman approaches and jumps Sam. Sam attempts to run away but is caught by the force of nature that is The Snowman. Will Sam make it out alive or will he fall victim to the winter storm's avatar?",Can you survive the Winter's Storm?,2026-05-02,/A170gslb3RmW5vIysPwdTezNHZb.jpg,0.1139,0,0,0,0,10,Released,False,,"Comedy, Horror",,
1684962,,Not Him,Not Him,en,"While visiting her parents, an anxious woman's father is replaced by a completely different man, and she is the only one who notices the difference. ",,2026-05-26,/wuoEGOUrhSAslqa2MxTOxS5kBP.jpg,0.3634,0,0,1078,0,13,Released,False,/kSiAbVJjQaWEjKRFMMq3div7zvi.jpg,"Horror, Drama",,
1685095,,BANDAIDS,BANDAIDS,en,"A troubled high school girl tackles the weight of a firearm that's been in her backpack all day as a manifestation pokes and teases her, making her rethink her future decisions.","Bandaids don't heal bullet wounds Mara, not even yours.",2026-04-28,/x9E8MZaeigL5P9pmBO9gnws0ftW.jpg,0.9447,1,10.0,30,0,5,Released,False,/9eSJKq448Sb1RvERuBt1IqGclOd.jpg,"Horror, Mystery, Crime",,
1685104,tt39934889,A Working Title,A Working Title,en,"Located in a boundless void, A WORKING TITLE chronicles Bailey, a burnt-out screenwriter forced by his producer, Alan, to rewrite the ending within 24 hours- or jeopardise and destroy what’s left of his career. As the deadline looms, the rising pressure fractures Bailey’s mind, turning his world upside down.",This is how his story ends.,2026-02-01,/sdoUBMr2nJzxbPOgbxXNDqpp0KE.jpg,0.3008,0,0,712,0,6,Released,False,/usZygbUyEzqBm33KAKiCArBXGOw.jpg,"Thriller, Horror",,
1685189,tt40107523,Worm Hunger,Worm Hunger,en,A young gay man's fantasy of a jock he is infatuated with devolves into a blood-soaked nightmare when his repressed desires manifest as a horrific act of violence.,EROTIC. VIOLENT. REPULSIVE. SHOCKING.,2026-04-30,/o4AdelKuLiB8wX9VvTkFdbcPGVw.jpg,0.6369,0,0,0,0,7,Released,False,/hlVBMtaub92JVsjqBh1E51U3dLh.jpg,"Horror, Romance",,
1685370,,I Will Kill You,I Will Kill You,en,An English lesson turns deadly.,,2026-04-30,/vJ2OqXcWTih5WWbhtyqrhOhwC9Q.jpg,0.2648,0,0,0,0,2,Released,False,,Horror,,
1685386,,Remember Death,Remember Death,en,"After a terminal diagnosis, Charlie realises that her time is near, leaving her with only a few weeks left to live. But she soon realises that death isn't unseen like she thinks.",He is coming,2026-06-15,/62yzr0tc3vU1QYss42BJlvxXDdZ.jpg,1.397,0,0,0,0,0,Released,False,,"Drama, Horror",,
1685487,tt42208021,Metanoia,Metanoia,en,"Once-acclaimed thriller novelist, Killian, can no longer distinguish between reality and delusion as her search for creative rebirth spirals into a harrowing descent through guilt, grief, and self-deception.",,2026-05-01,,1.2577,0,0,700,0,26,Released,False,,"Horror, Thriller",,
1685489,,Veganzz,Veganzz,en,"The year is 1985. Thatcher has decimated Britain as a zombie virus runs rampant.  Alan struggles with the disappearance of his Dad, while Flynn struggles with his hunger for flesh. Both are tested when figures from there past try to break apart their friendship.",FLESH OR FRIEND?,2026-05-01,/6ZqzRAkllhtO0h9LByu7rEFwkq6.jpg,0.7453,0,0,0,0,15,Released,False,,"Horror, Romance, Thriller",,
1685504,,Dysphoria,Dysphoria,en,"As a woman's grip on reality fractures, she must confront the physical manifestation of her trauma before its too late.",,2026-04-29,/5fjLc2cvD6oen69hso3ujbYIFgT.jpg,0.0071,1,7.0,0,0,6,Released,False,,"Horror, Thriller",,
1685506,,CASE FILE: GNAW,CASE FILE: GNAW,en,"A leaked police dossier.  Recovered footage reveals the final moments of a pest controller called to a London property with a reported rodent infestation. Inside, something else is waiting.  This is compiled evidence from an active investigation.",,2026-05-03,/psOeMYPiASMissedhwDF2soJO79.jpg,0.2386,0,0,0,0,8,Released,False,,Horror,,
1685522,,What Comes from the Valley,What Comes from the Valley,en,"Five friends embark on a camping trip to Joshua Tree National Park. When they learn of a local urban legend known as the Yucca Man, their journey begins to take a sinister turn.",A TRIP TO MAKE AMENDS.,2026-05-05,/gztzE125pI2VpDiwQOqwHekPsek.jpg,0.6452,1,8.0,0,0,30,Released,False,/2wiPvFAPLUqev4k5dW5z9RMy8Sf.jpg,Horror,,
1685622,,Nowhere to Run,Nowhere to Run,en,A young woman’s pursuit of online stardom during a period of isolation after running away from home gradually becomes a living nightmare at the hands of a stalker who has convinced himself that he holds the key to unlocking her criminal past.,I still don’t exist. I hope you can see me.,2026-10-31,,0.1087,0,0,5000,0,85,In Production,False,/275SiqyrD2eOeBmXjg6ctxn135l.jpg,"Horror, Drama, Thriller",,
1685633,tt42220382,Chasing Ghosts,Chasing Ghosts,en,"In a world where Hell’s tormented souls fuel civilization, a group of students experiences the dangers of dealing with the damned when their university assignment falls off the rails.",,2026-05-07,/cNGxAON2TB4979AVaIb1hldeYKb.jpg,0.056,0,0,1000,0,29,Released,False,/1uIRppvfhI1FRzd1GlNjhg9wpAJ.jpg,"Horror, Thriller, Drama, Science Fiction",,
1685640,,How To Be A Lady,How To Be A Lady,en,A psychological thriller about a young woman who is influenced by the media to embrace her true self.,"Is the best version of yourself and your true self, the same?",2026-05-01,/fSVfgz77WnacMmfQrfYmbNYpimy.jpg,0.3872,0,0,150,0,12,Released,False,/tBTDxDjVDPjN0DS4J8aZsYvaSh5.jpg,"Horror, Drama, Thriller",,
1685776,tt42172794,Harvest,Harvest,en,"Harvest is a gripping 2026 psychological thriller short film that begins as a warm Friendsgiving celebration among close friends. What starts as a joyful evening filled with delicious food, laughter, and lighthearted secrets quickly spirals into tension and darkness when Maya (Alesia Daniele) introduces a mysterious card game that forces everyone to confront hidden truths.  Blending elements of action and psychological thriller, Harvest masterfully explores escalating drama, mind games, and the dangerous power of secrets in an intimate setting. What begins as a cozy holiday hangout soon becomes a tense battle of wits where no one is quite who they seem.  Directed by Emmanuel Jackson and Khadary Stephens, this sharp and twisty indie short delivers suspense, emotional intensity, and unexpected turns that will keep audiences on edge long after the final card is played.",Enter the Harvest,2026-04-04,/ufCa7BpHgc4G1CCTdFEFKarW7TT.jpg,0.0831,0,0,50000,0,94,Released,False,,"Thriller, Horror, Drama",,
1685843,,When You Hear Hoofbeats,When You Hear Hoofbeats,en,"When a young woman struggles to have her medical symptoms taken seriously, she starts to believe she’s been possessed by the devil.",Dive into the horrors of misdiagnosis.,2026-06-07,/obnANcSh3uVnBNNBbQnVFXhhBQG.jpg,0.8026,0,0,0,0,9,Released,False,,"Horror, Comedy",,
1685857,,TIME TO DIE,TIME TO DIE (2026),en,"A boy at his house by himself races against time, only to realize he is not alone...","A special, passionate, and ambitious silent horror black and white short film dedicating to all classic black and white horror films, and directed by Unchantable and VampFan09!",2026-07-05,,0.2193,0,0,0,0,7,Released,False,,"Horror, Mystery, Thriller",,
1685907,tt42207306,Dissociation,Dissociation,en,"After returning from a long motorcycle trip, a man named Ace finds his local area gripped by the fear of a serial killer. His exhaustion quickly shifts to terror when he discovers bruises on his knuckles he doesn't remember getting, leading to a series of unsettling events.  The story follows Ace as he confronts a nightmarish figure caught on his CCTV, forcing him to question his own surroundings and sanity.","WHEN A KILLER WEARS YOUR SHADOW, THE ONLY WAY OUT IS TO HUNT YOURSELF.",2026-05-18,/qy4Otg0eXDs3JFpOWSViVis95h0.jpg,0.0757,0,0,2041,0,14,Released,False,/gTkG9UgHztKTrgd3DkC19ZYlNZA.jpg,Horror,,
1686042,tt42049564,Wired,Wired,en,"Underachieving Devon's reclusive tendencies leave him tethered to his bedroom, in more ways than one. Will his struggling relationship with academically-minded Clara survive his wired mutilations, or can he overcome his existential isolation before the wires consume him from the inside out? A love story about self-destruction.",,2026-04-10,/6b6hbw5ok2PSAOTz11EJeW1Bp9s.jpg,0,0,0,0,0,15,Released,False,,Horror,,
1686082,,Grounded,Grounded,en,A man in a chair attempts to ground himself.,,2026-05-01,/qBEfGeRY4FL46KuBBLBARBlhBpH.jpg,0.0071,0,0,10,0,8,Released,False,/lpjnS0ZiCNZctAnslgg2QNYaHRo.jpg,Horror,,
1686150,,"O, Death","O, Death",en,"At the dawn of the BC Cariboo Gold Rush, a hardworking prospector sets out alone to try his luck in an unexplored stretch of land that appears to harbor a strange, malevolent presence.","All this gold, and yet I’m trapped here, in this god forsaken place.",2026-04-30,/a0ka7ycEvnMNEn85OBKYtst65OO.jpg,1.1155,0,0,3680,0,12,Released,False,/n8VbzinviRZYv0LicVYJtLjmgyQ.jpg,"Horror, Western",,
1686208,,Tick,Tick,en,,You can’t run from the past.,2026-05-03,/9fENi2BnW7wgY50vJip81exZWY9.jpg,1.7949,0,0,0,0,13,Released,False,/7mwbYwyKJJRcvDbYmFhdhxW7ZcH.jpg,"Horror, Thriller",,
1686252,tt39457194,Crak Hack,Crak Hack,en,"In a near-future ruled by VR intimacy, a lonely man's attempt to save his relationship backfires when hackers take control of his device, dragging him into absurd and terrifying chaos.",,2026-07-09,/g1XVPGhLyJU0FFx151FJM4OtY3d.jpg,0.3662,0,0,0,0,0,Released,False,/oP3vYtl67U60j6mIcIlTWbn0Ohs.jpg,"Science Fiction, Comedy, Horror",,
1686277,tt37090847,Rift,Rift,en,"How far would you go to ease your pain? When desperation drives a woman to test an unproven drug, she finds herself crossing the boundary between our world and something far stranger. What begins as a risky experiment leaves a door open - and some doors can't be closed.",What’s been lost can find you.,2026-05-01,/l5vcYCNVRfLY2wAgDyQMEWV3idL.jpg,1.5246,0,0,0,0,0,Released,False,,Horror,,
1686301,tt35884942,Mala,Mala,en,"Reema inherits an abandoned resort on a remote island, and with her three friends, sets out to uncover the truth behind her inheritance. She soon discovers strange locals, cryptic messages from her late mother, and a familial curse involving tantric rituals and black magic. As tensions rise, Reema and her friends must confront their deepest fears to survive the island’s sinister grip.","Upon inheriting an abandoned resort, Reema must confront her dark past full of tantric secrets to discover her true self.",2026-07-10,/8kvcXOUbqajbCVymdzLrYgrM94.jpg,1.7087,1,10.0,0,0,96,Released,False,/2BX6gNi7Yr1oHJsm4xHCQu6DBhp.jpg,"Thriller, Horror",,
1686329,,The Night My Parents Were at a Wedding,The Night My Parents Were at a Wedding,en,"On a cold December night, Tom is left home alone after his parents leave for a wedding. His night of carelessness is interrupted when he learns that a killer is on the loose in his town. Can Tom survive the night and be in bed by midnight?",He'll wish the Wet Bandits walked through the unlocked door after tonight,2026-04-29,/sslX3SUX1SKb3oisVrfwH2RX8ds.jpg,0.0579,0,0,20,0,15,Released,False,,Horror,,
1686471,tt35432717,Curse of the Were-Puppet,Curse of the Were-Puppet,en,"Thirty years after a string of unexplained disappearances, three friends uncover a hidden crawlspace containing an old puppet buried beneath their home. The night quickly spirals into a twisted nightmare when the puppet springs to life and unleashes its curse.  Trapped inside the house with the unhinged puppet, the three friends must find a way to break the curse before it’s too late.",Three friends. One move. No strings attached...,2026-01-18,/4Xwk3NUr7zSmR8UEFk9Vd0IsLLd.jpg,0.0512,0,0,1950,0,22,Released,False,,"Horror, Comedy",,
1686650,tt41962426,Breaking paranoid,Breaking paranoid,en,About man has Panic because of intruder,,2026-04-21,,0.1717,0,0,0,0,7,Released,False,,"Horror, Thriller",,
1686698,,God Lives in my Bathroom,God Lives in my Bathroom,en,"After being pushed to his very limit Gabriel returns home to find a presence eminating from behind his bathroom door. Is this presence really there to help, or to push him further to the brink?",Will he open the door?,2026-04-21,/mrn3lrxfGM1hj5GPwscKV7HuZPl.jpg,0.3572,0,0,7000,0,4,Released,False,/hunUPkgfQd5z8IniSDPMSuT4AL5.jpg,"Drama, Horror",,
1686741,,The Last Stop,The Last Stop,en,A pizza delivery turns into a deadly encounter when a routine stop at a strange apartment reveals a hidden pattern of violence and obsession.,extra hot peppers,2026-05-03,,0.0286,0,0,0,0,4,Released,False,,"Horror, Thriller, Comedy",,
1686776,,The House Guest,The House Guest,en,"A young man's life is turned upside-down when he buys a doll at a seemingly-innocent garage sale. Little does he know, the doll is haunted.",FRIENDSHIP COMES AT A COST.,2026-04-28,/8zNk0yzgvG65XM5gAxMC0YN1Te2.jpg,0.1186,0,0,0,0,7,Released,False,/yKY41U5dn5sSJAeQeOQ6B3kNfan.jpg,"Horror, Comedy",,
1686807,,Mold,Mold,en,A young man learns to navigate the world after a deadly mold epidemic.,,2026-05-01,/Af97d3H64EVxarIlAS7nG7diEFh.jpg,0,0,0,500,0,4,Released,False,,Horror,,
1686821,tt38691450,Earworm,Earworm,en,"A catchy tune begins a series of strange events. Before meeting up with their friends for a weekly catch-up, Cerin discovers a compelling new song. They share it with their friends Trent, Helena, Justine and Lee in turn, who all agree that it's amazing. But this ""earworm"" draws them into something far more deadly than they could've imagined.",you CAN'T get it out of your head,2026-05-01,/aKyKygF6hUS0EwfwwLYtpVDPCBm.jpg,1.255,0,0,500,0,8,Released,False,,"Horror, Music",,
1686904,tt37136283,13 Souls,13 Souls,en,"Following her mother’s death, fifteen-year-old Agne moves in with her estranged father and older sister near a cemetery where he works. There, she uncovers a mysterious and deadly connection between her family and the “13 Souls” — victims of a tragic, unsolved fire decades earlier. As the past resurfaces and strange phenomena escalate, Agne finds herself entangled in a supernatural mystery tied to possession, reincarnation, and long-buried guilt.",,2026-05-25,/uIW4kicR0cxpMeRJqR104kbEgGW.jpg,1.929,1,5.0,0,0,94,Released,False,/b1qh6qFv2vKcOFFeGcOYOtkYtxc.jpg,Horror,,
1686933,,Love: Synthesized,Love: Synthesized,en,A grieving widow undergoes a ritualistic experiment using an unproved method of time travel in an attempt to reunite with her late husband.,Let the Music Take You...,2026-05-06,/j9o8pmXrwXsGFZFQqVyts8TV96y.jpg,2.1465,0,0,5000,0,11,Released,False,/fgNxy8PMUAmNo5It4IYuf6pLvZs.jpg,"Adventure, Horror, Drama, Music, Science Fiction, Thriller",,
1687144,,Skotos,Skotos,en,"When socially anxious Cecille attends a house party to get out of her shell, her perception begins to fracture as darkness consumes the room and people begin to disappear, forcing her to confront the fears she’s tried to outrun.",Are you Afraid of the Dark? You Should Be.,2026-05-16,/2G9k4XFP3LnBbaUh9Bv3v9GjNU6.jpg,3.7336,0,0,0,0,0,Released,False,,Horror,,
1687160,,Bewildered,Bewildered,en,"Set in 1977, ""Bewildered"" follows Terry Perkins, a young, small-town girl who enters a hit game show for the chance to win $5,000 in hopes of saving her sick father, only to discover the charismatic host leads a cannibalistic cult!","You've Seen it on TV, Now Live It.",2026-05-17,/xzHFVGUszMAqAwO9jfy4kz7x0xc.jpg,4.4019,0,0,0,0,13,Released,False,/njrNLGlT3fDxhieGYFGoZhlnuch.jpg,"Horror, Thriller",,
1687173,tt38346953,Blackout,Blackout,en,"After a sudden power outage, people awaken to a world cast in eternal night. Each trapped in their own isolated version of reality. Soon they are confronted by mysterious figures known as The Ushers, Who claim they can lead them to a place where a final irreversible choice must be made.",,2026-05-05,/zf49pESAwdvLIYAzazovAijZizI.jpg,2.2489,0,0,0,0,80,Released,False,,"Thriller, Horror",,
1687187,,If I Cant Have You,If I Cant Have You,en,"McCoy Runquist is a violent teenager who just got broken up with by his perfect boyfriend, Carter Smosh. Now he's out to kill!","If i cant have you, no one can!",2026-06-09,/xYSAu49GRJwIiSlbb3b27PgjWuQ.jpg,0.7197,0,0,0,0,7,Released,False,/h9SRY5UYbctHNNcqOijtoOqSgVW.jpg,"Thriller, Horror",,
1687201,,The Lurking,The Lurking,en,A creature lurks in the shadows of the night inside a girl's bedroom.,SO SUPERNATURAL,2026-05-03,/wT0PQOMikM9ym67QVtCjqsQZwUq.jpg,0.0739,0,0,0,0,3,Released,False,,"Horror, Thriller",,
1687247,tt39175663,Sharksquatch,Sharksquatch,en,"A half-shark, half-Sasquatch monster terrorizes Los Angeles.",Things are about to get hairy and fishy!,2026-07-19,/mwMZct8VQGb8DWzdQsPvlexPmQl.jpg,1.1314,0,0,0,0,62,Released,False,,"Adventure, Comedy, Horror",,
1687286,,"Yes, I am a Visitor","Yes, I am a Visitor",en,"From Goonies Productions come an all new thriller! An adaptation of Critical Reflex’s acclaimed game, “Yes, I am a Visitor” brings a fresh take on the apocalyptic decision-making setting of the game. The second part of season 3 of this horrific series is sure to shock you to your core!",HOW DO I KNOW YOU’RE NOT ONE OF THINGS?,2026-01-03,/7bV1Oav6PFc9zrfUT4M5JFaVhrw.jpg,0.0297,0,0,0,0,11,Released,False,/bIudoDQc5d9zpzDPr1rFsLkvrci.jpg,"Horror, Comedy",,
1687312,,Madness,Madness,en,"After encountering two eccentric party girls, a college freshman stumbles through a night filled with horror.",Not even once,2026-05-10,/5z2RPL0p1k30DesrtnseukqWdUq.jpg,0.0555,0,0,0,0,26,Released,False,,"Horror, Thriller",,
1687402,tt41280805,Trial 670,Trial 670,en,A medical trial for a new depression medication turns sinister.,,2026-05-01,/uwldmzY3dGArlAtKYWJv14SecBD.jpg,0.4815,0,0,2,0,5,Released,False,,Horror,,
1687446,,The Comfort Killer,The Comfort Killer,en,"A group of teens becomes trapped in a house where a friendly-looking teddy bear turns into a relentless killer. As bodies pile up and panic sets in, the survivors must confront the bizarre horror stalking them—before it’s too late.",He'll kill you with kindness.,2026-05-01,/1vKXqfOgliO8u2RIqtmlrVcC1OU.jpg,0.0239,2,6.5,20,0,10,Released,False,,"Comedy, Horror, Thriller, Drama",,
1687499,,Live,Live,en,A Short Horror Film By Khoa Tran,,2026-04-28,/mLv3e4ViIoDZXDVLQkl4Sxot2ug.jpg,0.9266,2,10.0,0,0,3,Released,False,,Horror,,
1687539,,Symphonies of a Bounded Body,Symphonies of a Bounded Body,en,Unearthed footage from an experimental surgery unit gives a window into an institution's malpractice.,EACH BODY HAS ITS OWN SYMPHONY,2026-04-29,/2mT33STTaQPGSnR3LIx0NsI3KV.jpg,0.1936,0,0,250,0,3,Released,False,/3ZRoPvOdlLnsToa4jhSKuFD44BU.jpg,"Horror, Thriller",,
1687569,,In Fear,In Fear,en,"On a hunt to find their missing friend, a self absorbed narcissist and his grief stricken friend must overcome their problems to escape something far worse than they expected.",Beware of the unknown,2026-05-13,/zZYJduufknVnyjEbkk3hfWsktId.jpg,2.3937,0,0,1359,0,5,Released,False,/aUR2RvfOULmrvfnj7bgTahscVR1.jpg,Horror,,
1687615,,The Radio,The Radio,en,"A teen uses a radio to speak with an alternate version of himself, only to find the consequences to be worse than imaged.",Horrors Await in the Static,2026-04-20,/Lqbqy9QLoml8rAGQQ9asoSjErn.jpg,0.9401,0,0,20,0,3,Released,False,,Horror,,
1687656,tt41201022,Cernunnos,Cernunnos,en,"Caledonia (now Scotland), 137 A.D. While guiding his Roman master through the forest in panicked retreat from ""barbarian territory"", an indigenous Pictish slave receives signs from a pagan spirit that lead him to question his loyalties.",,2026-03-26,/d2uhT1u6A9DKGs8MoxSspzrCzK2.jpg,0.6781,0,0,0,0,0,Released,False,,"Drama, Horror, History",,
1687660,,The Zone of Ghost's,The Zone of Ghost's,en,A lost episode of a critically acclaimed 90s horror TV show discovered on VHS.,Enter his zone,2026-05-03,/yS41ntqCUicg0LDtc0trw62592X.jpg,0.0404,0,0,0,0,0,Released,False,,"Horror, Comedy",,
1687673,,Bloodstained Circuitboards,Bloodstained Circuitboards,en,A long dead vampire resurrected into an AI model by a CEO seeking infinite power  A lone graphic designer attempts to evade the clutches of the vampire,Escape the clutches of a Vampirific AI,2026-05-08,/ky54lZnbePfI6U4ujrB0Yyto7xD.jpg,1.3788,0,0,0,0,6,Released,False,,"Horror, Thriller, Comedy",,
1687771,tt37969114,Broken,Broken,en,"After tragedy comes back to haunt her, a young woman named Nancy struggles to rebuild a connection with her family and friends amidst a Serial Killer stalking the streets of Cleveland. Will she be the next victim or will the Detectives investigating the case solve the Murders before it's too late?",,2026-05-16,/8YWkOQXt8fTq7AkCOaJQ2nkeDKl.jpg,1.1647,0,0,25000,0,108,Released,False,,"Crime, Horror, Thriller",,
1687783,,The Terrible Terror,The Terrible Terror,en,A pleasant dancing man ends up doing sick and twisted acts,,2026-05-03,/vtmmd3QxTWU0EqmcdNDyL71f8za.jpg,0.0261,1,5.0,0,0,1,Released,False,,Horror,,
1687797,tt39117217,The Laksman,The Laksman,en,"As panic spreads, the past claws its way into the present, Betty Rae is forced to confront a darkness woven into her family's story, turning Halloween night into a deadly reckoning.",The Axe Forgives Blood Never Forgets,2026-04-14,/2qn7E2vgLJ9laoZdouaVQu08UkT.jpg,2.0345,0,0,400000,0,67,Released,False,/1vUGDmM8YnIuOIpteZiKkfus2ZC.jpg,"Horror, Thriller",,
1687895,,Wrong Disc,Wrong Disc,en,A father & son movie night spirals into a nightmare.,,2026-05-04,/830z19lsngoRJWpJw1kGb4BI4q9.jpg,0.0725,0,0,0,0,5,Released,False,,"Horror, Thriller",,
1687976,,Accept All Changes?,Accept All Changes?,en,"Facing replacement by an AI program called MIMIC, two exhausted graphic designers must pull a late night shift to save their jobs, only to discover something in the office is “optimising” far more than their workflow...",Productivity requires sacrifice.,2026-05-05,/5d1l3nKH6Em77wYdZXtGOWlxgnh.jpg,0.0214,0,0,0,0,6,Released,False,/feIqOnbYAzQeMcuIH3pCIQOIgWC.jpg,Horror,,
1688095,tt39164804,Snack Time,Snack Time,en,Two roommates bicker over a late-night snack while the Pennsylvania Devil continues his killing spree.,11:11 make a snack?,2026-05-30,/iJn1EQR4mezvHySVdhJsMcbAnf0.jpg,0.6216,0,0,0,0,12,Released,False,,"Comedy, Horror",,
1688120,,Pusle,The Puzzle,en,Short film about a sinister puzzle.,,2026-04-30,,0,0,0,0,0,5,Released,False,,Horror,,
1688137,,Dead of the Dead,Dead of the Dead,en,"From the creators of ""Reich of the Dead"" (2019) and ""Reich of the Reich"" (2022) comes the third and final chapter of the trilogy - ""Dead of the Dead"".",,2026-05-02,,0.0681,0,0,0,0,13,Released,False,,Horror,,
1688191,,Is This Your First Time?,Is This Your First Time?,en,"A woman named Danielle is kidnapped by a vicious serial killer. However, she finds a chance where she might be able to escape because of a secret that is revealed about the killer.","Don't be embarrassed, nobody's perfect!",2026-05-07,/6E6beyxa5eBdRNFgAc0JxoYPuSx.jpg,0.3705,0,0,400,0,8,Released,False,/9Nb0suUsVIsZZYviucx5yvxjF8J.jpg,"Horror, Thriller, Comedy",,
1688202,,Night of the Blood Curse,Night of the Blood Curse,en,A group of mixed up individuals kidnap a woman for ransom but soon find out that she has a darkness surrounding her and that very darkness is on its way to retrieve her.,,2026-04-30,/vUZ8Be7qrpO0nUpRpE7MZHQ1kW6.jpg,0.1991,1,10.0,2000,0,90,Released,False,/bbwfzcw8qToouW0U7yxM6HzC7OW.jpg,Horror,,
1688306,tt42362300,The State of a Corpse,The State of a Corpse,en,"The State of a Corpse exists as a set of variations shaped from Stephen Sondheim's ""Being Alive."" This is the visual component of its debut. The cycle is a meditation on death, exploring not just the weight of death but the futile attempt each of us makes to understand death. It moves through realization, confrontation, and depression, ending with an attempt to answer the ultimate question.",An attempt to answer the unanswerable question.,2026-05-07,/2IZjXgYLh6jeLrzfwukAPP4EPfW.jpg,0.0071,0,0,0,0,10,Released,False,,"Music, Horror",,
1688495,,The Shadowman's Nightmare,The Shadowman's Nightmare,en,"In 1995, Ken Holden, the actor known for portraying The Shadowman in the Australian children's television show Hug The Sun, self-funded his own expansion tape to the Australian video board game NIGHTMARE.  After Ken's mysterious disappearance over 30 years ago, this tape was thought to be lost to time... Until today.",The Most Disturbing Legend of All Has Returned From the Darkness!,2026-05-16,/gb7YGOVNrzHiyJ5ghCtVDX9YCpu.jpg,0.7598,0,0,0,0,60,Released,False,,"Horror, Comedy",,
1688546,,LOVE BITES,LOVE BITES,en,"Dina, a shy and awkward artist who is waiting for Jen, a loud and sporty jock, to arrive at the art gallery they are going to have their first date. First dates can be hard, but not as hard as the end of the world. While they are enjoying their evening, the unthinkable happens, the dead have started to rise and have the potential to ruin the night. Can Dina and Jen battle the dead and make it to a second date?","first dates are awkward, but not as awkward as the end of the world",2026-05-08,/nj4erikBtKJAnqEvY7ps9MA90oS.jpg,0.7657,0,0,0,0,8,Released,False,,"Comedy, Horror, Romance",,
1688641,tt40450860,A Kindness,A Kindness,en,"After fleeing a blood-soaked nightmare in the woods, a priest seeks shelter in the home of a kind suburban woman.",My Spirit Drinks Their Poison,2026-07-12,/cAfFj7ykP6zbv1IdGj1YVNBQSP0.jpg,0.7086,0,0,400,0,9,Released,False,/debtzuFuNzYDMqkbfc0fF073nrn.jpg,"Horror, Drama",,
1688746,tt42551409,'97,'97,en,"When two video rental store employees discover an unmarked tape in their return box, they find themselves both audience and subject in a sinister game with an anonymous filmmaker.",,2026-02-28,/LszrCH3I89lWFXqZagIS2CfFbs.jpg,0.072,0,0,0,0,14,Released,False,/uLpqjl2wTgD2k2dQwFkE2oGfZv.jpg,"Horror, Thriller, Mystery",,
1688811,tt42747473,Midnight Knocks at the Door,Midnight Knocks at the Door,en,"Stripped of color and clothes, ready to be cleansed. A young man's midnight bath becomes a surreal nightmare the moment he realizes he is not alone.","When midnight comes, better lock up your doors. And if you plan to take a bath, it may follow your path.",2026-06-26,/tsukLHj8O7P22FRbfR0jc4fvhVz.jpg,0.761,0,0,0,0,4,Released,False,/eLG5Kr607EHt87Za4CVV81J9LTG.jpg,Horror,,
1689011,,In the Meatballs of Madness,In the Meatballs of Madness,en,"A man attempts to eat a plate of spaghetti. After failing to do so, the pasta comes to life and takes the matter into it’s own hand.","Spaghetti, Meatball",2026-05-03,/juVFZxXLgr1m3lCCt8uA0bE3HDM.jpg,1.2202,0,0,70,0,3,Released,False,,"Horror, Comedy, Drama",,
1689125,,Echoed Blood,Echoed Blood,en,"Engaged in online forums and exploration, three friends investigate a desolate forest for proof of a vampiric creature.",IT'LL BE FUN...,2026-07-03,/vKENugvtRPP5URlABGe0dKjDZda.jpg,0.21,0,0,0,0,18,Released,False,/u1cDPoSI7p85yzWKlLQjLrtpp6p.jpg,Horror,,
1689220,,Spiralbound,Spiralbound,en,"Tom, an ordinary guy, finds himself in a seemingly never-ending nightmare, forced to play many roles in many different fictional films—a spiral he must escape, or The Filmmaker will keep him trapped within it.",Deeper and deeper into the Spiral...,2026-05-06,/mrBAAlA5ddgWl8Nvh6uHhkKB50a.jpg,0.0453,0,0,100,0,76,Released,False,/zxKS6Z4ds97PdqJNRWX3Ejkxbkn.jpg,"Horror, Thriller, Mystery",,
1689300,,Smiling with Tea,Smiling with Tea,en,Private View Episode One. YOU have been selected to attend. A singing teapot kicks off the show.,Brewing Some Glee,2026-03-24,/gIyXBL6NdX0GeDZWydYQMRiN7xQ.jpg,0.2955,0,0,0,0,2,Released,False,,"Animation, Horror, Comedy, Music",,
1689362,,Beneath The Surface,Beneath The Surface,en,"“A grieving woman, Lola, retreats to her family’s remote lake house hoping for a quiet life, and is visited by her friends. But after a tense dinner dredges up old wounds, Lola wakes to find her friends vanishing, reappearing, and shifting around the house. As reality begins to fracture, Lola is forced to confront whether something supernatural is tormenting her or whether she’s being consumed by the grief she’s refused to face.”","""Just let it go and come home!""",2026-04-28,/qZA5qTEO0ufG3adVhtcg96uElRg.jpg,0.0976,1,10.0,100,1000000,5,Released,False,/o9M8hi9jZdn9i6JlhkWVLQbnXUY.jpg,Horror,,
1689382,,You Make me Feel Complete,You Make me Feel Complete,en,Private View Episode Two. A wholesome love story in which nothing strange or untoward happens at all.,Your tango tastes so sweet...,2026-04-28,/8onnzFDyy4LRFgbr53E0yb3qOX9.jpg,0.4068,0,0,0,0,4,Released,False,,"Animation, Horror, Comedy, Music",,
1689490,,Primordium,Primordium,en,"After the death of his mother, the main character remains alone at his childhood home. He tries to settle into the peace and quiet, but notices he’s not all that alone; the decrepit home has begun to grow a living form, mold, revealing itself as a returning form of the mother. The moldy mother follows her son’s every move, manipulating and stalking him. The son, realizing the cycle is repeating again, feels he too is no longer flesh and blood.",,2026-05-08,,0.0071,0,0,0,0,5,Released,False,,"Animation, Fantasy, Horror, Drama",,
1689569,tt36374228,Kylgor in the Grisly Abyss,Kylgor in the Grisly Abyss,en,Kylgor and his band of fellow survivors set out for revenge and to behead the Evil King Kath but unexpectedly plummet into the Grisly Abyss.,,2026-01-01,/e4r9yoIxF48wDhjtGsOIgu4ItAC.jpg,0.9123,0,0,12000,0,74,Released,False,,"Horror, Fantasy",,
1689645,,Metabolizer,Metabolizer,en,An isolated teenager's parasocial relationship with an uncanny sitcom spirals out of control when a gruesome tragedy is broadcasted live.,It's time to meet the monsters inside you.,2026-05-07,/9YraFqZIn6oeiX9EmKyDLiB5bdK.jpg,1.1787,0,0,1200,0,31,Released,False,/37rfexh4zq7fsEznupWriB5P4HG.jpg,"Horror, Drama",,
1689659,,Me When I School Dinner? Me When I School Dinner.,Me When I School Dinner? Me When I School Dinner.,en,dinner is served,heddy bomb bomb heddy bomb bomb,2026-05-06,/7PWlh5antPkoN4i3XnaqK1jilvF.jpg,0.0071,0,0,0,0,5,Released,False,/12sajcwxaldvOWQON7jIWmw17mp.jpg,"Horror, Animation, Comedy",,
1689718,tt41818781,Phasmophobia,Phasmophobia,en,Paranormal Investigators find an abandoned house and discover that they have bit off more than they could chew.,Based off the hit horror game,2026-05-15,/1BOjerGMlGh7d3GM0PPqYZUVkYu.jpg,0.1394,0,0,500,0,8,Released,False,/KdaiCTML8PQvuf1pVl36xm62O5.jpg,"Horror, Thriller",,
1689776,,Somnia,Somnia,en,A priest is haunted by a mysterious entity in his dreams that forces him to confront his past.,The scars can’t run any deeper,2026-05-13,/l3LtfnjKq7IZuDpmQNCZdGC47Xo.jpg,0.5492,0,0,0,0,8,Released,False,/7mIiYGh6fc2KXAehWMH2tiEchUi.jpg,"Horror, Mystery",,
1689814,tt36064800,Next in Line,Next in Line,en,"After losing out on the job of a lifetime, a jaded choreographer's escape to the desert is hijacked by an unhinged and malicious rival.",,2026-05-27,/7YlqBumfZH294XoIsWKf9CyuC5o.jpg,0.4768,0,0,0,0,21,Released,False,,"Drama, Horror",,
1689911,,The Cat's House,The Cat's House,en,"After a Vicar's cat eats a villager's pet canary, a troubling feud between them begins.",,2026-05-01,/dzFsLf5CwqQIMLSUavrL87Lusrm.jpg,0.2131,0,0,0,0,7,Released,False,,Horror,,
1689964,tt42392140,INNER,INNER,en,"A writer becomes trapped in a shifting reality where space mirrors his inner world, forcing him to confront a version of himself he no longer recognizes.",Who are you when there's nothing left of you?,2026-06-04,/lMl2tJXxbTsTkxebb0Hharwi8zq.jpg,0.5804,0,0,770,0,9,Released,False,,"Thriller, Horror",,
1690115,,PLAYBACK,PLAYBACK,en,The story of a haunted camera haunting each generation that finds it.,,2026-02-22,/4KVRm67Vc4UweCCEiKpqZmOVfQt.jpg,0.1199,1,4.0,0,0,6,Released,False,/g1OjPK7YmBa4jllV0JnTWrxGewm.jpg,Horror,,
1690119,,Menthol,Menthol,en,A man addicted to water drags a body through a backyard.,,2026-05-10,/8iLq8qWMlUoIel9PtV2no7nVL2U.jpg,0.0143,0,0,5,0,3,Released,False,,Horror,,
1690154,,ANATHEMA,ANATHEMA,en,"Ellie returns home to a Catholic town haunted by the memory of her closest friend, Sam.  When a letter arrives in Sam’s handwriting, Ellie follows it to the abandoned school where they grew up. Inside, Ellie crosses into a liminal world materialized by grief and unfinished goodbyes",LETTERS FROM LOST DAYS,2026-05-07,/i4vfqnT30xHzrKewPpwKFjFNWgJ.jpg,0.8783,0,0,7000,0,24,Released,False,/yMQBPTye1EIr7A20S0Pf6VlCJLA.jpg,"Horror, Thriller, Drama",,
1690190,,"Two Drunks, a Ghost and The Bear","Two Drunks, a Ghost and The Bear",en,Fun for college students only!,"Vehicular homicide, ghosts and teddy bears: OH MY!",2026-05-07,/9nzDoXqssMR8ZnvtgsGFwJqis0l.jpg,0.9109,0,0,2300,0,11,Released,False,/s0lTKKB8XEfHgJqPVSgPOTHkhzU.jpg,"Comedy, Horror",,
1690285,tt42481624,Talion,Talion,en,"On their way to a remote vacation spot, a young couple witnesses a fatal hunting accident. Far from civilization and cut off from any help, they start to question the hunters' intentions.",,2026-07-04,/zh7Iu7PyJCAOCspcKyjRzKX9IuJ.jpg,1.8142,0,0,0,0,20,Released,False,/zgfoxaDMjRpYN8wsGqjPn6EAwJl.jpg,"Thriller, Horror",,
1690382,,una fotografia,una fotografia,en,A girl walking on the street with a photo.,,2026-05-07,/90CozOm9ioIPsugmit0uf1UOcAT.jpg,0.1075,0,0,0,0,18,Released,False,,"Horror, Fantasy, Drama",,
1690922,tt35116670,Crash Season,Crash Season,en,"When a scar on Mari's chin mysteriously disappears, Max begins to believe her girlfriend has been replaced by an imposter.",WHO ARE YOU?,2026-06-23,/uns1IOhGizE3nVyGHFqaEy2g6RP.jpg,0.4343,0,0,20,0,14,Released,False,/tHLL9U69lvh7BWepR8le2JBevk.jpg,Horror,,
1690967,,Apple Boy,Apple Boy,en,"First year student stop-motion film on the theme ""Metamorphosis""  - A regular apple is given human properties against its will, and experiences the horrors of being and changing.",,2026-01-04,/jOSaEzBOLH18p9Q5ffxkjACBavx.jpg,0.6746,2,7.5,0,0,1,Released,False,/s9z4hgEgZoCLu2oIVPh7vEdKVtw.jpg,"Animation, Horror",,
1691126,,The Angry Man,The Angry Man,en,A Man hunts down a young couple after a disastrous incident.,Beware What You Throw,2026-05-10,/tEaLeqCJPEY6ykWot6Onsmdz8k8.jpg,0.0889,0,0,20,0,4,Released,False,/7DbNurfLtHIfI4XsMm7rmReyoxO.jpg,"Comedy, Horror",,
1691179,,In Memory,In Memory,en,"Over a long-awaited family visit, Max suspects his grandfather is hiding a dark secret, but the line between reality and illusion quickly blurs.",,2026-05-09,/hPHkytsNNtUQqtwBjDqBml8bdV4.jpg,5.5132,0,0,0,0,9,Released,False,/3U4e6Icf2H33xBJSjkPLb9B3p3C.jpg,"Horror, Drama",,
1691342,,The Book of Bill Video,The Book of Bill Video,en,The recently rediscovered recording of the last class an English teacher in Naberius Creek held.,"GATHER AROUND, STUDENTS. LET'S LEARN ABOUT THE AMERICAN DREAM.",2026-03-27,,0.2509,0,0,0,0,133,Released,False,/4jB7ogq2g7T33lIHriKGlaUgyNq.jpg,Horror,,
1691344,tt37438848,Pagpag,Pagpag,en,"A horror short rooted in Filipino superstition - after attending a wake, a couple forgets to perform Pagpag, a ritual meant to keep spirits from following you home. What starts as harmless superstition quickly turns into a night of terror when the dead come knocking.",Not all traditions are meant to be forgotten.,2026-03-26,/hlVyuTLyyHgUUhXlExkcjPdiJI4.jpg,2.774,0,0,0,0,7,Released,False,,Horror,,
1691522,tt39295219,LOTTIE,LOTTIE,en,"The radio blares of news about a missing girl, while Lottie packs a bowl. The evening twists through memories as Lottie explores her home, searching for herself in childhood diaries, her dad’s old records, and her mother’s beef bourguignon recipe.","""I knew you would have killed me if I didn't do it first.""",2026-05-15,/uLXEeSonKTQAlETuzQgTM5eIFyU.jpg,0.9482,0,0,30000,0,26,Released,False,,"Horror, Thriller",,
1691545,,Subsumed,Subsumed,en,"Detective Madeleine Ferguson, investigating a cold case at her own will, arrives at a strange house, greeted by a man who isn’t as he seems, leading them both into a fight for her life as she uncovers the houses secrets.",IT COULD BE ANY OF US,2026-05-13,/pyOszdJ62i7FroZNJ1wGOYT0Z4N.jpg,0.9822,0,0,1500,0,7,Released,False,/wggsux3Vamnh5iV36lIF0JaSrxi.jpg,"Mystery, Horror, Thriller",,
1691674,,Bloodsuckers,Bloodsuckers,en,"A recently bitten vampire must choose between leaving  her friends behind and accepting her new self, or starvation.",Transform or Die,2026-04-27,/7g25Q6im7YZYvjgjavRG9uofIbI.jpg,0.2978,0,0,0,0,5,Released,False,/gEpuaMKcLGGuCrM6Hsv8A74bN6g.jpg,"Drama, Horror",,
1691763,,Eros In Ecstacy,Eros In Ecstacy,en,"The last night of pleasure for Eros. Leather, Flesh, and destruction.",,2026-05-23,/oo3t6HqUPpCaazq0shl6X4ypLsy.jpg,0.3922,0,0,0,0,7,Released,False,,Horror,,
1691931,,LAKESVILLE MOVIE,LAKESVILLE MOVIE,en,Ruby and Silver travel to Liverpool to discover an old friend has been released from prison to assist them in uncovering a new murder plot.,BASED ON THE ORIGINAL SERIES,2026-07-24,/mo8ofxno7kZZZTjHA8g4T6uMXP7.jpg,0.3899,0,0,2,1,75,Released,False,,"Horror, Thriller",,
1691953,tt34428069,The Whitby Goth Weekend Horror,The Whitby Goth Weekend Horror,en,"A deadly serial killer flees jail and goes to Whitby, North Yorkshire, during the famous Whitby Goth Weekend.",Make sure you come dressed to kill...,2026-04-27,/oKcrPvmVAzSU59Cmv8Grs7rEs2p.jpg,0.1075,0,0,7,22,79,Released,False,,"Horror, Crime",,
1692044,,Fall From Grace,Fall From Grace,en,"Father Abram, an arrogant priest with a disturbing past, is forced to relive his most repressed memories as he confesses his sins and suffers the consequences of his actions",How long?,2026-05-11,/d9hRM4YeADtyCTmEsXxmvAgu4fQ.jpg,0.9392,0,0,3,0,13,Released,False,,"Horror, Drama",,
1692068,tt37446072,Ruby,Ruby,en,"Ruby Rose enters a new town to look for a fresh new start to her life. After meeting a local, Ambrose King, her life begins to turn into something that will lead her to a new world.",Not all monsters hide in the dark.,2026-05-01,/n6HJMfLw5y9RuFsRVM2rscvD55.jpg,0.7927,0,0,50,0,48,Released,False,/lHauI45wzOsqCwut1S252wdDUO2.jpg,Horror,,
1692169,tt42562173,The Pizza Queen of Old Lyme,The Pizza Queen of Old Lyme,en,"A Calabrian witch haunts a new condominium in Old Lyme, Connecticut where her cannibalistic pizzeria used to be. Those who look to undo her legacy will pay the price.",,2026-05-10,/7Cl0lC7QewjhFbol9f3gy7J6MUF.jpg,0.3198,0,0,70,0,3,Released,False,,Horror,,
1692191,tt42373859,Devil Box,Devil Box,en,"Kev, a dim-witted office worker, tries to win his father’s favour and save the world after his new mom, Bela, lets him in on a conspiracy involving his younger brother, Kody, and his plans to take over their family business.",It makes perfect sense!,2026-05-25,/z6sPCE33zMV92PdOTh8EGo7HBBC.jpg,2.657,0,0,0,0,7,Released,False,/zVzEUvwHqZ31uZrAbZdVeUoN4co.jpg,"Comedy, Horror, Science Fiction",,
1692259,tt38984290,Mildred Moyer: Diary of a (Loveable) Psychopath: True Crime,Mildred Moyer: Diary of a (Loveable) Psychopath: True Crime,en,"Obsessed with true crime videos, Mildred Moyer decides to create her own content by hunting local criminals—recording every gruesome moment of her latest spree for the world to see, found footage style!",Mildred Moyer is Back! And This Time She's Bringing Her Camera!,2026-05-12,/t0vl8TJY0S1MaQj2RAGtAsFvrvQ.jpg,0.8034,0,0,0,0,47,Released,False,,"Horror, Comedy, Crime",,
1692295,,Hotel Eden,Hotel Eden,en,A rock star is sent to an isolated hotel where he is given the opportunity to make a deal with the Devil.,Checkout whenever you like.,2026-05-01,/tccidS7MgR5wkeRDSf7uGHvXE2L.jpg,2.2672,0,0,1000,0,16,Released,False,,"Thriller, Horror",,
1692597,tt42466977,Sitsit,Sitsit,en,Sometimes… you shouldn’t answer back.,,2026-05-23,/1VAMQVsIhTHTQZSg0fNRs2Wm84C.jpg,2.91,0,0,0,0,7,Released,False,,Horror,,
1692623,,Now Playing,Now Playing,en,"After mocking the movie theatre experience, Logan finds himself trapped in a cinematic nightmare. Haunted by vengeful spirits, he must escape the theatre before credits – and heads – roll.",SUPPORT YOUR LOCAL CINEMA... OR ELSE.,2026-12-31,/rn6wvMu5Xwchbdol4KZ9x6H3vVv.jpg,2.4272,0,0,0,0,14,Planned,False,/lsu6qvag8aaw9bevkSLJrUlJOrj.jpg,Horror,,
1692637,tt42468350,Still Water,Still Water,en,"Exhausted and defeated, a man walks to a secluded pond, sits at the water’s edge, and surrenders himself to the creature living beneath the surface. Some things you stop running from.",Some Things Should Never Break The Surface,2026-05-07,/ngWH5AyW6CryFfLX9lKqmZ46d7h.jpg,0.0917,1,8.0,1,0,2,Released,False,,Horror,,
1692656,,fih,fih,en,An interesting species,,2026-05-12,/dwrSLAwG0p3o0tzPqgSAWY088LU.jpg,0.1695,0,0,0,0,2,Released,False,,"Animation, Fantasy, Horror",,
1692791,,Shift,Shift,en,"A girl, a group of hunters, and an otherworldly creature all cross paths over the course of one Hellish night",,2026-05-09,/ljvypS370qT909qbyqrdEFQ6zqD.jpg,0.2513,1,10.0,0,0,11,Released,False,/zEuM8FkWA8fU3ILGKpsPVOc0JjC.jpg,Horror,,
1692810,tt29492405,My Willow,My Willow,en,A father and daughter that enjoy spending the night in creepy places get more than what they wanted.,,2026-06-01,/cevIKHry14eTK71JoOOmBT5q7nS.jpg,0.5113,0,0,0,0,10,Released,False,,Horror,,
1692861,tt35514543,Pyre,Pyre,en,"In a remote 17th-century village, a widowed mother accused of witchcraft is interrogated by a charming but ruthless inquisitor, forcing an impossible choice to save her daughter.",Fear fuels the flames of judgement.,2026-04-11,/3sqfGB8OsA2u29LQN4MBi4lOGra.jpg,0.9992,0,0,0,0,19,Released,False,/sG2CrqGwXPKJAfhe1LXJSpMStBE.jpg,"Thriller, Horror, Drama",,
1692906,,Meat Ranch,Meat Ranch,en,"Cathy is a simple ranch girl, she tends to the chickens, she manages the garden, and she doesn't eat meat. One day her meat-eating friends take it too far, so she turns to a pig for help.",You don't want to meat her...,2026-03-29,/nP41ybvbQTsQUhg2IkGjjtCI1ez.jpg,0.0718,0,0,0,0,10,Released,False,/oSh9n0CV62NJBLoGGORKtyraN9u.jpg,Horror,,
1692932,tt38813589,Strange Spirits,Strange Spirits,en,"In a haunted roadside bar run by the mysterious Ghoulian Madman, a series of twisted horror stories unfold, from cursed video games and alien body snatchers to killer clowns and supernatural nightmares, proving every spirit has a story.",What's your poison?,2026-09-19,/q1nt9hB6FBWYWAQ8JKaVH6L0f80.jpg,1.4389,0,0,200,0,61,In Production,False,/zd2J2BLoED9bmm1uRYHxpIPfvno.jpg,"Horror, Comedy",,
1693045,,"""What's the Worst that could happen?""","""What's the Worst that could happen?""",en,"When three friends decide to do a séance, they soon get more than they bargained for as they realise they aren’t alone.","Do a Séance they said, it would be fun they said!",2026-05-11,/zpscObPwafoPPyouq2pITByrv75.jpg,0.0322,0,0,70,0,6,Released,False,,"Horror, Comedy",,
1693241,,Optical Memory,Optical Memory,en,"In a dystopian future, a recluse uses VR to live vicariously through the memories of a dead couple.",THE YEAR IS 2076 AND NOTHING IS REAL,2026-05-21,/9pbo6e8TjO67RtRKYtsIdVJXySV.jpg,0.8622,0,0,0,0,7,Released,False,,"Science Fiction, Romance, Horror",,
1693254,,Flower Girl,Flower Girl,en,A young woman faces fear and beauty as major changes happen to her body as her body is facing a metamorphosis.,,2026-04-20,/f5PZL88R85YE4hHz2Zbl5ucWjhS.jpg,0.0143,0,0,0,0,4,Released,False,/9Zxr6Sq4GZOuec3hH0fNgHXpbM4.jpg,"Animation, Horror",,
1693287,,Fatal Contact,Fatal Contact,en,"A traumatized psychic, after receiving a vision from beyond the grave, must use her ability once again to confront a killer.",A psychic horror.,2026-05-15,/rrYyCOI5pdmVJ4FRIw1JHTgurm.jpg,0.564,0,0,0,0,12,Released,False,/iGXTYVxqdl0EzKNvA6HvKRV8mMs.jpg,"Fantasy, Horror, Mystery",,
1693613,,Dragged in Between,Dragged in Between,en,"A young girl awakens alone in a forest with no memory of how she arrived, her only possession a small instant camera. While searching for answers, she discovers an abandoned cabin hidden among the trees. Inside are signs of previous life and a strange drawing of a human/animal figure.  As time passes, marked by days on a chalkboard, her appearances deteriorate. She becomes obsessed with the creature, covering the cabin walls with drawing and photographs. She realises the figure can only be seen through the camera, never with her own eyes.  One night, she is awakened by a low hum and sees the figure watching her in the distances. She cases it into the forest until it led her to a hollow tree and disappears. She takes a photo as proof, but as she turns back, something drags her into the darkness, dropping the camera.  The final image develops, revealing not the tree, but her looking at the tree.",Obsession grows when left alone.. or maybe not alone at all,2026-05-13,/s3qIsLDGZDXg7I71y7x7avY3bJ3.jpg,0.5605,0,0,0,0,3,Released,False,/kd5o34w9upls0zd7ehYL9lfaWwz.jpg,Horror,,
1693683,,Once Upon A Nightmare,Once Upon A Nightmare,en,Nightmares make me blush,,2026-05-20,/nZGprLBKQZh15m5dVNOk5c51Ftf.jpg,0.1809,0,0,0,0,9,Released,False,,"Family, Horror",,
1693703,,Suture,Suture,en,"A man on the verge of a promotion begins looking for alternatives. A new female coworker seems to be the last piece of the puzzle of his new, liberated future.",Snitches get stitches... but what do stitches get?,2026-04-28,/82ASslUZdIzAJzgS4zJPK1oWo3N.jpg,0.0382,0,0,300,0,14,Released,False,/gBwfHFaPNK5TePvLr82vbqlSbI4.jpg,"Horror, Romance",,
1693772,,Bite The Bullet,Bite The Bullet,en,A woman swept up in a passionate new romance discovers her boyfriend is the charismatic leader of a secretive cult—only to be abducted by his devoted followers and forced into a harrowing moral dilemma where her survival depends on betraying everything she believes.,You don't know how lucky you are.,2026-05-14,/faZzQcwz99F6w3y3GPWP13OMGTA.jpg,0.5567,0,0,0,0,7,Released,False,/efdtxZrvhUpoukFScfhQnaslCJI.jpg,"Horror, Thriller",,
1693943,tt42606821,Restless,Restless,en,"After losing his parents in an accident, Jason Gaterson slowly begins going crazy",,2026-06-29,/bkGGLqJINqMPwhfCzXArjgMe0v2.jpg,0.0995,0,0,0,0,7,Released,False,,Horror,,
1694068,,Octopus,Octopus,en,"Mac lives by routine. Every object has its place, every action its sequence, and within the controlled stillness of his home, order offers comfort. Then comes disruption.",A routine driven young man hunts an unseen presence disrupting his home only to realise the intruder is himself,2026-05-13,/nxvNkJ9oHSw1LqajbyU5FmC1CII.jpg,0.4444,0,0,0,0,5,Released,False,,"Mystery, Thriller, Drama, Horror",,
1694264,,Guiles,Guiles,en,A Knight fights to prove his innocence against a looming darkness over the Kingdom of Eustania.,Royally Screwed,2026-06-12,/8bmuj48q4PYZfEzuXxl3fMnQL5P.jpg,0.1312,0,0,0,0,13,Released,False,/u14lYjchICpZZsvNcexE6G7Glnc.jpg,"Horror, Comedy, Adventure",,
1694301,,Out of Phase,Out of Phase,en,"An audio engineer begins hearing eerie noises coming from inside the wall. Fearing they may be losing their mind, they decide to record the sounds and analyze them, only to discover something supernaturally horrifying may be lurking on the other side.",Do you hear it?,2026-05-13,/1r1gYtsYujhFejXP2jQ5LXG8qBs.jpg,0.8782,0,0,2500,0,13,Released,False,/25Rt5W74Z2qO0de7R85w6cApzhZ.jpg,"Horror, Thriller",,
1694451,,The Sunny Side,The Sunny Side,en,"After being re-birthed in a hidden lab beneath an old theatre, a young corpse becomes drawn to the voice of the singer residing above.",Keep Your Sunny Side Up!,2026-05-13,/Aag6QMZDDXIyS908r75HaGa13XD.jpg,0.9275,0,0,0,0,10,Released,False,/hepiKf9D9X4uD6yrFWbcZ9AxwkM.jpg,"Horror, Science Fiction",,
1694456,,They Want My Soul,They Want My Soul,en,Simon Call is a struggling musician who runs afoul of an old mentor in his search for a second label contract.,Grab the hand that's offered to you.,2026-05-12,/v4D9tpvgjon4C24daAygvlpOhRK.jpg,0.0357,0,0,1,0,21,Released,False,/xmfhdus6bvuzJJwNyk3CMcvKAGy.jpg,"Horror, Drama, Music",,
1694497,,Loop Hole,Loop Hole,en,When a girl's roommate harms her chances at a job interview she takes drastic measures that get her stuck in a time loop.,,2026-05-14,/4QwaASizTygj4gbASkTVp0nV6vF.jpg,1.6013,0,0,0,0,9,Released,False,,"Thriller, Horror",,
1694823,,It's Alive!,It's Alive!,en,A scientist attempts to resurrect his deceased lover.,,2026-05-12,/oSyaRvOxpm3o22ydNDwnSRv52Dn.jpg,0.0168,0,0,0,0,2,Released,False,/kDfycWXvBCvECbGzytDcRThB5ic.jpg,"Fantasy, Horror",,
1694938,tt32376113,Silver Anniversary,Silver Anniversary,en,A housewife’s bourgeois existence unravels when faced with her husband’s insatiable lycanthropy.,Guess Who's Dinner?,2026-04-17,/iUalbekTDneTt9r5607FA3KQP3m.jpg,0.7878,0,0,0,0,15,Released,False,,Horror,,
1694978,tt41604789,Chum,Chum,en,"A newlywed couple joins friends on a Mediterranean yacht excursion, only to find themselves caught between a predatory shark and a psychopathic killer in their midst-transforming a sun-drenched escape into a fight for survival.",There's no hinding in the sea.,2026-05-27,/eKUYfLzpb6nIxz2OnzoAmxIMFFX.jpg,21.2382,25,4.88,0,0,87,Released,False,/6kheApG5qPsKbiKDxsGpOb6i6i6.jpg,Horror,,
1695033,,The Hanging Munchkin: Dorothy Gale A Period Drama,The Hanging Munchkin: Dorothy Gale A Period Drama,en,Dorothy Gale experiences her first period,A period drama,2026-05-07,/yySZZXZK1oLQTCzaEbA8rW9CbME.jpg,0.5162,0,0,50,0,3,Released,False,,"Horror, Fantasy, Comedy",,
1695058,,Bouquet of a Circumcised Blood Flower,Bouquet of a Circumcised Blood Flower,en,"A spiritual shockumentary centered on themes of Judaism, femininity and trans identity.",what makes this shockumentary different from all other shockumentaries?,2026-05-10,/tCBSsOwRslNt08x34oERY2gIFc6.jpg,0.1164,1,8.0,0,0,33,Released,False,/oEOvN8UTfnEkgLPpjQ7N0pvvHNv.jpg,Horror,,
1695167,,Mr Nitwit,Mr Nitwit,en,Michael is finally reuniting with his sister Abby years after the tragedy... but Michael has discovered something that could change everything.,Hello kiddies...,2026-05-22,/p4ngle5sLRhXzE5eieBv1qu4N4e.jpg,0.4182,0,0,202,0,28,Released,False,,"Horror, Drama",,
1695276,tt41087656,Shark Thrash,Shark Thrash,en,"A small and touristy beachside town is hit by a storm the size of which nobody could have predicted. A family who just arrived tries to escape, but gets stuck in the quickly rising waters. They try to figure a way out with the help of some locals, but any progress is shut down when the sharks make their way onto the flooded streets. The family and locals must now find a way to survive as the waters rise.",,2026-05-15,/gpTdAjPljkSn0XUD3iA3wqKG2YO.jpg,2.5865,2,5.5,0,0,0,Released,False,/6yVZPdk4rWa9Kqn7c4fDY0s0BlB.jpg,"Horror, Action, Adventure",,
1695360,tt38973785,Grizzly Attack,Grizzly Attack,en,"Stranded at a remote cabin, a grieving family faces a relentless bear that tests their shelter and forces a final stand.",,2026-05-15,/6XMvAhNdDKP1lIP3pZn8Apbg0Qh.jpg,2.6578,0,0,0,0,0,Released,False,,"Horror, Adventure, Thriller",,
1695366,tt38973783,Grizzly Bear Massacre,Grizzly Bear Massacre,en,"A cabin getaway turns deadly when a rogue bear stalks five college friends, forcing the survivors to flee through the forest at night with a ranger guiding them.",,2026-05-15,/mkabsMsCB24X9G3yihSBqyyj0iT.jpg,0.8183,0,0,0,0,0,Released,False,,"Horror, Adventure",,
1695382,,The Bungalow,The Bungalow,en,A young real estate agent walks into an old bungalow to close the deal of his life.,,2026-05-15,/s8melpy5BXwH1EDcLtfP9FXqr8w.jpg,1.0663,0,0,0,0,4,Released,False,/a3SDTsBzPUaCh7YblMi4fNhK7D5.jpg,"Animation, Horror, Comedy",,
1695493,tt41232528,Karen the Beauty Queen Butcher,Karen the Beauty Queen Butcher,en,"Karen an unhappy married woman joins several Beauty Contests in the hope of being famous and adored by complete strangers. As she continues to lose beauty contests, we see that her competition is being killed off one by one. As we follow Karen's journey through the film we discover who is the killer and what are the true motivations behind the murders.",,2026-06-06,/hCsyPzfZtrGR8DOIvoksVjlcxqm.jpg,0.9124,0,0,0,0,99,Released,False,,Horror,,
1695762,,Deadbeat Boyfriend,Deadbeat Boyfriend,en,"Ana is a college student with a dark secret: her boyfriend is a zombie. After his tragic death 3 months prior, she used ancient magic to reanimate his body. But as the relationship decays and a love between Ana and her roommate grows, Ana must choose: stay in a dead relationship, or take a chance on the living?",It's Here! It's Queer! It's Alive!,2026-05-14,/tE1L7g16cw5s0DhrjPKZcd1TPB.jpg,0.8109,0,0,1500,0,10,Released,False,,"Comedy, Horror, Romance",,
1695802,,Fake Code,Fake Code,en,A hacker enters a dangerous criminal world after accepting a mysterious job to support his brother.,,2026-05-15,/av6yVh60Vlnj2QOGYcwPqmsgKwZ.jpg,0.053,0,0,100,0,8,Released,False,,"Horror, Thriller, Drama",,
1695816,,Brainrot,Brainrot,en,"Brainrot 2026 is a horror comedy in the style of Evil Dead 2. It follows a group of teens at a house party, when it suddenly turns to shit after a few of the guests drink beer from a satanic barrel, causing havoc and chaos. Who will survive the wrath of the BRAINROT?",Its better than you think...,2026-05-15,/jvoayvzjJUBHAAptQp8T23F2AiN.jpg,0.0802,0,0,0,0,26,Released,False,/6kD0FnR1ITor5FHhzM5XBeNQ4dw.jpg,Horror,,
1695900,,The Charybdis,The Charybdis,en,Years into her ballet career Scylla is faced with a tough decision after a visit to the doctors that could put her passion on a hold.,,2026-05-15,/4eXVuy8ZhFtqWBn2So7PbIlqPeA.jpg,0.0214,0,0,0,0,8,Released,False,/5aZekMM8vd8tekxIhL2oUeoCfYO.jpg,Horror,,
1695927,,Puppet Master Playtime,Puppet Master Playtime,en,"Found footage of a public-access children's show whose sock puppet co-host undergoes a life-changing procedure at the hands of a crazed surgeon--spurred on by an immobile, psychic puppet.",,2026-05-01,/c9syppwvbI4UBTjKU9QJcJq6h9M.jpg,0.0168,0,0,0,0,8,Released,False,,Horror,,
1695933,,Bogged,Bogged,en,A biker horror movie.,,2026-05-01,,0.0071,0,0,0,0,10,Released,False,,Horror,,
1695936,,Demon Clown Doll,Demon Clown Doll,en,Grandma’s antique toy wreaks havoc on a retirement community.,,2026-05-01,/fmqokwhWWE4j56L83wwaxRTQ8WX.jpg,0,0,0,0,0,0,Released,False,,Horror,,
1696147,,Incident At Grandma's,Incident At Grandma's,en,"scary documentary, sry for quality the tape is old",,2026-05-05,/1xOtFQR5H7kVABmbwJuTZTP8dpu.jpg,0.0071,0,0,0,0,105,Released,False,,"Horror, Documentary",,
1696198,,Little Nightmares - Broken Promises,Little Nightmares - Broken Promises,en,"Locked in an attic, a neglected little girl escapes into a miniature world full of promise, until she discovers its terrible secrets: behind every shadow lurks a monster.",,2026-06-21,/uErVDkCtGOGiowk5aRxoYMXNFPf.jpg,1.0584,0,0,0,0,13,Released,False,/wKkJt7YhhC54qAnvzyGK7hhtzIQ.jpg,"Drama, Horror",,
1696305,tt34060172,Bridge 704,Bridge 704,en,"When paranormal livestreamer Jacie investigates the infamous Bridge 704 after a fan request, what begins as another ghost hunt quickly turns terrifyingly real. Directed by Dan Williams, the short blends urban legend horror and found-footage tension into a chilling supernatural encounter.",,2026-05-30,/svv7YGnLUUk14HtrigTTFWl55kI.jpg,0.3166,0,0,150,0,0,Released,False,,Horror,,
1696358,,dashcam_0804.mp4,dashcam_0804.mp4,en,A couple’s Christmas Eve drive turns terrifying when an emergency alert warns of masked abductors—and something begins watching them from the dark woods.,,2026-05-30,/4inF9vyxxHSoFW9md4tCJ5HvzNN.jpg,0.1183,0,0,0,0,5,Released,False,/i0Ez0OT1gfChPk6DsY8iEWS4UEI.jpg,Horror,,
1696438,,Ritual of A Smoker,Ritual of A Smoker,en,A college student rushes through his day in order to sneak into the woods.,,2026-05-16,,0.084,0,0,0,0,8,Released,False,,"Comedy, Horror",,
1696448,,Slice of Life,Slice of Life,en,Six friends get trapped in a house together when one of them gets mysteriously murdered,Do you have trust in your closest friends?,2026-05-14,/bNfVpGx8Jx9k11ScuGXZQvVQSNf.jpg,0.9353,0,0,0,0,12,Released,False,,"Horror, Comedy, Thriller",,
1696456,,The Molding,The Molding,en,"To make the superior human race, every person in this isolated dystopian community is paired and molded into one being at the age of 16. Choosing one person's mind and one person's body. It is not so easy to decline the process.","Two lives, same path.",2026-05-15,/4gDx7lhXF5kErM1LO9hLKmH4vNh.jpg,0.3828,1,10.0,220,0,8,Released,False,/snR7jiIHnoFiLyrYjmd2PEuOmK5.jpg,"Horror, Thriller, Drama",,
1696458,tt38288913,I Am The Bride,I Am The Bride,en,"On The Death's Curve there's a legend: at 3:00 a.m. a bride dressed in white appears, waiting for her next victim. A detective teams up with a priest, a paranormal investigator, and a medium, to bring an end to this puzzle.",I Am The Bride,2026-07-08,/44bQboc4m9293q0EvXYZrTxJ1t4.jpg,0.3505,0,0,0,0,90,Released,False,,Horror,,
1696466,tt41634659,Morning Falls: The Night Doctor,Morning Falls: The Night Doctor,en,"A true crime documentary crew explores a pharmacologist killer's old hideout, only to realize he may still be there with them.",,2026-05-30,/wXW5mDoXI5KUVSWorcxef9UMX46.jpg,0.1583,0,0,1000,0,0,Released,False,,Horror,,
1696506,tt38745350,Phrogger,Phrogger,en,"A lonely man documents himself breaking into a family’s home on Christmas Eve night, hoping to experience the holiday he never had.",A found footage short film by The Burbank Brothers,2026-05-30,/jmBFzIEEaR0L6HmZ0j7cJl3CK4h.jpg,1.7749,0,0,0,0,6,Released,False,,"Thriller, Horror",,
1696579,tt42745637,The Box,The Box,en,A father and son’s hiking trip turns sinister when they come across a strange box.,A father and son’s hiking trip turns sinister when they come across a strange box.,2026-06-05,/Axi2njg9iOH0mvIp0TlscbdcSB.jpg,0.2579,0,0,0,0,1,Released,False,,Horror,,
1696598,,S4E9,S4E9,en,Characters in a children's horror TV show realize that their reality is not what it seems.,THE SHOW'S ALMOST OVER!,2026-04-30,/zraujByHuQ6Sw1fGZF1hiZIXq7.jpg,0.6303,0,0,0,0,3,Released,False,,"Horror, Comedy",,
1697152,,The Prompt,The Prompt,en,"'The Prompt' takes an everyday tool for some and twists it into a dystopian, inescapable nightmare...",Don't be complacent,2026-06-10,/ttVhwKtyModKDBs0n2ltzg2Huqd.jpg,0.4512,0,0,10,0,3,Released,False,/g7HEEi9Zrczqf8ewN0CKe8XQfYd.jpg,Horror,,
1697305,,Coin Operated Clown,Coin Operated Clown,en,"When a lonely and neglected wind up toy with a penchant for westerns begins to have doubts through their memories of time spent with a reclusive projectionist, They begin to question the unfair and one sided relationship they’re trapped in.  What lies beyond the cabin they call their home? Why must they answer to their partner? How does their favorite movie end? and what REALLY happened to their pet horse?  Despite these thoughts and memories of freedom, their partner, shilo is not about to let them go so easily.  But perhaps there’s more to her too than meets the button shaped eye.  Will they find the strength to turn their own key?  Roll up, Roll Up, because it's time to lift the curtain.  Starring Rebecca Hallows as the one and only Coin Operated Clown, Bijou Abas as Shilo, their lonely partner, and Aspen Thomas as The Reclusive Projectionist, Coin Operated Clown is a story of self worth our hearts can all tick in tune to.",Love Without Complications Galore!,2026-05-20,/2IjjD75nfUpms2fZouSkMNDVFYt.jpg,0.6536,0,0,3547,0,7,Released,False,/vbtAsrl6ByFLjbC85QTXZMZPkcI.jpg,"Western, Horror, Romance",,
1697333,tt42775963,Static,Static,en,Chased by Static.,Chased by Static.,2026-05-16,/fIsUlTPvv0YNFD4P7NTaxNKYqL4.jpg,0.0389,0,0,0,0,3,Released,False,,Horror,,
1697507,,FULL MAJOR PSYCHOSIS,FULL MAJOR PSYCHOSIS,en,"A young man wishes to finish writing his script, but his father has grown tired of him wasting his time and takes matters into his own hands.",,2026-05-13,/qlLNLNrMjJJKQpoMIz0Gqzp2ptL.jpg,0.0634,0,0,0,0,11,Released,False,,"Animation, Comedy, Horror",,
1697510,tt42595122,Dream between reality,Dream between reality,en,David boroham heard something in backyard and while he sleeps he found stalker even though it was a dream he saw a painting and realised that all that he dream becomes true.,,2026-05-12,/keF1z8nZVJQb3xsXUBm2qw9fX4P.jpg,0.055,0,0,0,0,4,Released,False,,"Horror, Crime, Thriller, Mystery",,
1697546,tt42721399,My Vegas Eyes,My Vegas Eyes,en,"EMO SUPERSTAR finds himself stuck in the city of Las Vegas after the rapture has occurred on Earth. A low life ex drug dealer primarily selling SSP (Soul Sucking Piss), tries to find Jesus, heaven, and God. He attempts to escape sin city, traveling through the desert, and the suburbs in order to find redemption. Temptations of drugs, sex, and freedom whisper in his ear as he falls in love with a beaten up old sex doll.",B-Horror,2026-05-20,/d8g9VCVstWscaRUe7LpqxgJfRBP.jpg,0.1556,0,0,1200,0,63,Released,False,,"Horror, Adventure",,
1697607,,Maenad,Maenad,en,"maenad /ˈmaɪ-næd/ n. 1. (In Greek mythology) A female follower of Dionysus, associated with intense reveling.  2. An excessively emotional or wild woman.",,2026-05-17,/eADBWrG5a7VuHfu9U9m0HwgwEvf.jpg,0.065,0,0,0,0,11,Released,False,/x9OceHsbE5xVhxHi4PXK7PnGAvS.jpg,"Thriller, Horror",,
1697708,,GAIN,GAIN,en,An audio editor receives a mysterious delivery containing a possessive audio recording.,TURN OFF ANY DISTRACTIONS,2026-05-18,/jkA1KGwhD8O0XHcg124MpA6yUal.jpg,0.0453,0,0,0,0,4,Released,False,,Horror,,
1697835,,WE WHO HUNGER,WE WHO HUNGER,en,"Two young men are sent by their cult to fulfil a prophecy by sacrificing a young, Pagan Vampire with the strange gift of seeing the future. Blood pours and the moon rises as they begin to question everything they once knew...",Shunned be the Night,2026-05-22,/hnVyWkRe81US7f6XCpHPjFqPEJZ.jpg,0.6748,0,0,500,0,42,Released,False,,"Horror, Adventure, Action, Mystery",,
1697982,,Idle Hands,Idle Hands,en,"When Mort—the brains behind Hell's torture—hears the pain he causes, he questions his purpose, but is soon presented with an unrefusable offer.",Work is Hell.,2026-05-02,/un2XuKw7WoNyJEO7T8fftEkJdWH.jpg,0.6215,0,0,0,0,6,Released,False,/kftLbpal7B9NRqOF3MCIT15Xu8d.jpg,"Animation, Horror",,
1698005,,Waste Management,Waste Management,en,"After a fated run-in with society’s discarded outcasts, an ordinary man tries to pick up the pieces of his life in a cruel, uncaring world.",THIS FILM IS TRASH,2026-05-23,/rucKNODEgESpmZC41fezCYKyXyL.jpg,0.5033,0,0,0,0,23,Released,False,,"Horror, Drama",,
1698075,,CO-PRODUCERS,CO-PRODUCERS,en,"A film student who desperately needs to hand in a short film project turns to his higher scoring but eccentric and odd classmate to help him come up with and shoot an idea, although he will come to realise that all is not as it seems...",SOME PROJECT'S DEMAND A SACFRICE...,2026-05-20,/6uROoDPufkKDwab1uU9q0a497e3.jpg,0.0071,1,10.0,0,0,16,Released,False,/s1xVpj0opxgD0V7pVDUsTcllKml.jpg,"Horror, Thriller",,
1698084,,The Sermon,The Sermon,en,"After an attack in London at the hand of body snatching monsters called ""The Evangelists"", a group of college students bunker down in a house and try and survive, a year and a half later one of the members of the group is murdered in the middle of the night, the group gradually descends into depression, insanity and people's true natures are revealed.",Trust Her,2026-05-20,/eh4RFerbfe0FeIzCeDaBfDurILP.jpg,0.6584,0,0,0,0,23,Released,False,/sI80gdzcVJ13oQbnFROOtp7mIgV.jpg,"Horror, Mystery, Thriller",,
1698089,,Die Nacht der leitenden Reichen,Night of the Zombeer,en,"The wealthy Fritz Februar abducts homeless people right of the streets. And his newest invention, the Zombeer, will take his hate for homeless people even further. But Wizzy Wendy and Beatrix Fulci are ready to fight the threat by any means necessary.",Eat the Rich!,2026-06-02,/dAJd0WEfJjKe6y7L9iNYfRJROFo.jpg,0.2144,0,0,0,0,8,Released,False,/roTxl0EKoAYAjGOqDQjyXTvdFD0.jpg,"Action, Horror, Comedy",,
1698172,,Josiane,Josiane,en,"A Marseille “cagole” is quietly making her breakfast, completely unaware of what’s about to happen to her…",It’s gonna be a really good day...,2026-05-22,/cQlpDLL40uI51bWc3cslAzgq6AN.jpg,0.2789,1,5.0,0,0,1,Released,False,/Al6OO97718ppuYisSp9aEAeWUGD.jpg,"Horror, Animation",,
1698177,,Purge,Purge,en,"Gee, a writer trapped in a cycle of anxiety, depression, and stalled ambition, joins a clinical trial at Glass Solutions, where an experimental drug called BriteNol promises a way out. When she takes the pill, her body undergoes a violent transformation, expelling a thick, black substance that leaves her feeling lighter than she has in years. For the first time, Gee feels the joy, clarity, and freedom she’s been chasing, but as her sense of self slowly begins to fracture, she is forced to confront the terrifying possibility that the reflection in the mirror isn’t her at all.",You Can't Escape Yourself,2026-07-22,/PKa1hEdaR1EFucCCNDvlveTx4z.jpg,0.7253,0,0,29,0,15,Released,False,/q1ICSRiic0X6YTAtqXalwkWvt9j.jpg,"Science Fiction, Horror",,
1698185,,I Wish This Was Real,I Wish This Was Real,en,"After having disturbing dreams, James believes he's responsible for the murders of two women and decides to turn himself in.  Detective Hobson must determine if James is bluffing or if there's something more sinister at play.",How Do You Know Any Of This Is Real?,2026-12-12,/39DTxiFLiPpGHgyYgbYGXaPkKPD.jpg,0.5569,0,0,3500,0,14,In Production,False,/2cStPUidBvhMufbrXK7CCPfMsmo.jpg,"Drama, Horror, Thriller, Mystery",,
1698398,,PAROUSIA.,PAROUSIA.,en,"After moving to a quiet farmhouse, Ellie Taylor begins having disturbed dreams containing communications from the dead, and starts a video-diary documenting her experiences as the dreams take a more dangerous turn. A spirit is out for revenge, and Ellie happens to be her next target.",Dead Isn't Always Forever...,2026-05-29,/flceZju2CB2z3gqEjjG7OH2Bfmc.jpg,0.0872,0,0,0,0,17,Released,False,,Horror,,
1698469,,Peeled Eyes,Peeled Eyes,en,"Joseph is an aspiring illustrator suffering from insomnia. One night at 2:48am, he attempts to reignite his creative spark when he summons an entity that wishes to be completed. Immersed in his new-found motivation, Joseph is blinded by passion and becomes the cost of his own creation.",An illustrator suffering with insomnia discovers an entity beyond comprehension.,2026-06-12,/3qMq0GXiPftQzukyXJFWZuu6EVg.jpg,0.2549,0,0,590,0,4,Released,False,/iRMZhBl2VPxu6P4LjcsWPtaVqNc.jpg,Horror,,
1698594,,Eraserhead Xiu Xiu,Eraserhead Xiu Xiu,en,"Eraserhead Xiu Xiu is a new live concert with accompanying film & full-length album that uses field recordings, concert specific homemade instruments, organ, modular synths, vocals, flashlights, electrical interference, and elements of musique concrete to express the bizarre emotionality, conflicted sexuality, relentless darkness, and singularly unsettled moonscape of this most incredible of midnight masterpieces.","Is it a short term art installation, an exploded tribute to a cinematic triumph, epitaph to an idol, via an entirely new work? YES. Is it intense, odd, curious, and shrouded in the gloomiest of nights? OF COURSE. After all, it is Eraserhead.",2026-07-10,/4IPg3WdSlTpdjc7s9Dk11rk6ry5.jpg,0.1352,0,0,0,0,45,Released,False,/MTuPSkP5KLS7QaEBCVrxvAMU8v.jpg,"Horror, Music",,
1698595,tt42807086,Carnal Inferno,Carnal Inferno,en,"The tale of Mark Benway, a boxer who takes a punch that sends him into a world no man wants to go and one that he may never leave.",Abandon All Hope...,2026-07-08,/5gTW5StxGGpF7ka68ihE1pq5Db9.jpg,0.7952,0,0,0,0,10,Released,False,,"Horror, Thriller",,
1698785,tt42837877,Noppera,Noppera,en,"Inspired by the Japanese yokai Noppera-bo, this psychological horror short follows Avery, an ambitious photographer who stumbles upon a cabin deep within the woods. As reality begins to unravel around him, Avery is forced to confront the guilt, trauma, and consequences of his past actions revealing a dark hisotry.",Face your past,2026-02-28,/89dQTstlBDMOGuDaaJ65bP1G6hL.jpg,1.0479,1,10.0,15000,0,21,Released,False,,"Horror, Thriller",,
1698794,tt42843694,VEIL,VEIL,en,"When Alex left his wife after saying “I do,” he thought it was his worst mistake. But after running over a woman, he learns some consequences don’t stay buried and the thing haunting him may be more terrifying than his jilted bride.",You can leave. Not Escape.,2026-05-23,/fJh6rRVGbZPFimgWXvbwG03L0Ey.jpg,1.1712,0,0,1900,0,7,Released,False,,Horror,,
1698834,,The Brother and The Monster,The Brother and The Monster,en,A brother journeys into the woods to confront his dark past.,Face your fear,2026-04-25,/10Tr7uvpb9uTbKKpvcpD93VilyP.jpg,0.0322,0,0,0,0,6,Released,False,/9iG0pfkqhNX4ftAP5PtbviD3mmM.jpg,Horror,,
1698847,,BeamTo,BeamTo,en,"With new innovations made in the world of transportation allowing for humans to
 teleport, unforeseen side effects bring Tom down a dark path, testing his relationships
 and pushing the boundaries on what he’ll do for a high, even if that means harming himself...",,2026-05-21,/2u30wpqGwls0ZQgRJg2qkAj8vhV.jpg,3.3932,0,0,0,0,10,Released,False,,"Science Fiction, Drama, Horror",,
1698904,,Information Management,Information Management,en,"Alien women are hatched on beaches and brain-washed with propaganda by a dystopian American nationalist theocracy. After the priest leader takes a liking to a particularly succulent specimen, a fellow indoctrinated alien must dismantle her conditioning in order to ignite the revolution.",,2026-05-13,/e7DExuUggCcnuvYgjlbCnciIbdp.jpg,0.1195,0,0,200,0,12,Released,False,/mMfuDV77iHhL0jJin03jJcdNOiH.jpg,"Science Fiction, Horror, Thriller",,
1699081,,Between the Trees,Between the Trees,en,"a group of friends, immaturely in the woods, seeking fun, seek disaster. The take over begins with the trees through the TV.",The woods is where it lies,2026-05-19,/kjDOPbIqXDrQE2uj3Gdjn64bBC7.jpg,0.4972,0,0,0,0,11,Released,False,/errGe0ez0uVZIqoZIZxbhhXZVkX.jpg,"Thriller, Horror, Mystery",,
1699103,,anorexia nervosa,anorexia nervosa,en,the dizzy sick feeling from anorexia,I feel sick,2026-05-20,,0.4829,0,0,5,0,2,Released,False,,"Drama, Music, Horror",,
1699157,,A Closer Shave,A Closer Shave,en,Private View Episode Three. Self care and razor blades.,You feel stressed...,2026-05-26,/gqOBtGhjrVwuImLgP7T0JEne594.jpg,0.5885,0,0,0,0,2,Released,False,,"Animation, Comedy, Horror, Music",,
1699285,tt42803667,"Anna, Postmortem","Anna, Postmortem",en,"When a young woman is murdered for mysterious reasons, her ghost searches for answers - and revenge.",,2026-07-02,/6qQ4sIt51tJCJrbdmjYvGhy2oEC.jpg,2.1145,0,0,3637,0,90,Released,False,/6SmtAKqTFdM9EbapepTiZNVeoIE.jpg,Horror,,
1699354,,He Brings the News,He Brings the News,en,An isolated couple with too much time on their hands develops an unhealthy fascination with their mailman. Violence and absurdity follow as they descend into a world of phantasmagoric delusion.,,2026-06-10,/vcTUTEaEFcSXbiPaRQOFmIltwNo.jpg,0.7595,0,0,0,0,19,Released,False,/23vqYJOXBWzvHBfdnzNtsnzStmm.jpg,"Comedy, Horror",,
1699457,,TRUNK,TRUNK,en,"When Alex is duct taped and thrown in the trunk of a Chevy Malibu by a sloppy daytime kidnapper, she does everything right.",Your emergency is very important to us!,2026-05-17,/zDl7NsHoJZZdNrFvmcBLkMOYEFP.jpg,0.1836,0,0,5600,0,7,Released,False,/b0tv5RhW0Pz1Xp44Pk19tytNyRl.jpg,"Horror, Comedy",,
1699463,tt40074439,The Girl We Let In,The Girl We Let In,en,"Following the adoption of their longtime babysitter, 16 year old Sophie, Hope begins to suspect her new daughter is hiding a terrible secret that will endanger her family.",,2026-07-17,/lqlMpXnO44LJ7Uvbswile8DMTIY.jpg,0.8776,0,0,0,0,131,Released,False,/yALf8ug8su7WHM9KJOwgqdUkimA.jpg,"Horror, Thriller",,
1699816,,North of Nowhere,North of Nowhere,en,"After hitting a deer with her car, a young woman stumbles into a world of uncanny secrets– all centered around the defunct nuclear processing plant in the outskirts of her hometown.",,2026-05-14,/FaywQdxgSmC1HdmylgMQTQ1fa2.jpg,0.1971,0,0,1800,0,6,Released,False,/8jrCvuFuTS8RmqFDUMyerT6zC0b.jpg,"Horror, Science Fiction, Mystery",,
1699911,tt42526187,Blankets,Blankets,en,A mother attempts to resurrect her dead husband with the help of her eleven year old son.,,2026-07-03,/zW20SB9Wu6aHeeaPlmkFVjWUOM8.jpg,1.0589,0,0,1500,0,7,Released,False,/ckuAO5owLjL046HdohnLpKgH1bN.jpg,"Horror, Drama",,
1700021,,Rent in Peace,Rent in Peace,en,"When a desperate yet lousy landlord drags one of his tenants to evict another tenant from a long-abandoned house he had acquired as a property, the mission turns into a nightmare neither of them can escape.",Even ghosts need a place to stay,2026-08-28,,0.0928,0,0,0,0,15,In Production,False,,"Horror, Comedy",,
1700085,,Neonaticide,Neonaticide,en,"A nun breaks her vow of chastity and delivers a baby, causing a corrupted priest to attempt to purify the ""sin"".",,2026-05-22,/2Ouy9e9WGdNECYy27G87SLm0yGQ.jpg,0.0535,0,0,0,0,8,Released,False,,Horror,,
1700143,,X-ORCISM,X-ORCISM,en,"When an exorcism gone wrong leads the devil possessing a computer, one priest must travel into the computer to kill the devil before it can connect to the internet and destroy the world",The Devil is a Gamer,2026-05-22,/8fa0y20Olx19zSUTl1koEoMMOeL.jpg,0.0655,0,0,35,0,4,Released,False,/nm4vZOF2Ibj1C24Yqs7rWzKPtl.jpg,"Horror, Comedy",,
1700146,,Something Strange in the Dark,Something Strange in the Dark,en,A kid with insomnia starts to see a ghost at night.,,2026-05-29,/yB1tKWNMFCr7DuUdx9O05gAsorv.jpg,0.0596,0,0,0,0,0,Released,False,,Horror,,
1700555,,Anniversary,Anniversary,en,"On the one year anniversary of her mother's death, Abbie must decide if she wants to face her problems or run from them.","One year later, trauma comes ringing...",2026-05-22,/2nm1ucQQHyQWyL1arD1O9j7X8gM.jpg,0.0214,0,0,0,0,8,Released,False,/6Ylya5JUpU28W2S7XdWlgf6gTgB.jpg,Horror,,
1700567,tt33833460,Burrow,Burrow,en,"A year after the death of her brother, a young woman joins her friends on a drug-infused getaway that spirals into a night of horror when an alien insect burrows into one of her friends, transforming him into a vicious man-eating creature.",,2026-05-22,,1.4513,0,0,0,0,0,Released,False,,"Science Fiction, Horror",,
1700607,tt42724914,Mortal Sensation,Mortal Sensation,en,"Obsessed with true crime from a young age, a lonely man's humanity slips away after he meets two unexpected new friends.",,2026-05-09,/3pc58GHAwfaPzPG9zIom6YFlNgY.jpg,0.8548,0,0,0,0,18,Released,False,/jGUpKWcUyNYyWq2rwnOiWQuVYLy.jpg,"Drama, Horror",,
1700656,,Desecration,Desecration,en,"Desecration follows detective Sadie Landry in her latest case of investigating a misogynistic religious cult in Dawm Acres, Alabama. It should’ve been a simple case like all her others, however after uncovering the cult’s dangerous secrets, her life is put in danger.","On April 17th 1994, detective Sadie Landry went missing, up until now her disappearance has remained a mystery.",2026-05-25,/8hVFrKhLhvkzp50BaHd0QYhFIgO.jpg,0.211,0,0,0,0,6,Released,False,,"Horror, Crime, Thriller",,
1700672,,Footage we stumbled across,Footage we stumbled across,en,"A group of four friends had set out to party all night, but the night of the party one of them fell ill. The other three take to record the night so he doesn't miss out on the fun. But as the night goes on the air grows thinner. From the shadows a mysterious monster arises while the camara is still rolling. The footage was lost for years but on one cold winter day a man stumbled across it. In this found footage horror comedy parody you watch the horrifying event of what truly happened that night.",,2026-05-22,/tFFPrDQqo5Aeu9ABecsbTNTLyqc.jpg,0.1392,1,10.0,20,0,7,Released,False,/gQYoVle6xxvp1R76XGrOZX2Ttz8.jpg,"Horror, Comedy",,
1700738,,Bobby Bungalow’s Antique Mall,Bobby Bungalow’s Antique Mall,en,A strange man named Bobby Bungalow advertises his quirky little Antique Mall to the world.,BOBBY,2026-05-03,/npbW3dtllMWJUGapGlyYxFnm5Ey.jpg,1.4141,0,0,0,0,3,Released,False,/5UC7oogbPpd1jOQyXJXT9APXxsE.jpg,"Comedy, Horror",,
1700780,,The Styx,The Styx,en,"In search of absolution, a grieving man descends into a nightmarish inferno of guilt, fear, and judgment",,2026-06-22,/zRowyPPkTsidcwV3wysUizN7BEd.jpg,1.0772,0,0,0,0,4,Released,False,/rvzcvB6LUThIKJgy53wRnmIOKfp.jpg,"Thriller, Horror",,
1700812,,Ring 'A' Ling,Ring 'A' Ling,en,"Tired of solicitors, Mormon's, ghouls, or nosey neighbors? Rest easy with the brand new Ring 'A' Ling! Only for $99.99",Beware whats beyond your front door,2026-03-16,/9acmWosBrGf6a65urc1RhGUjzy6.jpg,0.172,1,10.0,0,0,3,Released,False,/yx3r8GvXD3FZjmPs0tAfbRooHIF.jpg,"Comedy, Horror",,
1701077,,Pressure,Pressure,en,"Two friends playing video games decide to experiment with LSD, but when one accidentally takes the wrong drink, reality begins to twist into a nightmare.",Is this the real life?,2026-05-23,/ei51pCCZv5OG1FjOgUO5ond1WXY.jpg,0.0946,0,0,0,0,5,Released,False,/3CHW3acMvyiovKW6XBHbPMvbOzR.jpg,"Horror, Thriller, Comedy",,
1701131,,Stocking Shelves,Stocking Shelves,en,A shelf stocker's night shift turns sour when his fears get the best of him.,Those shelves aren't going to stock themselves.,2026-05-21,/clzl5GhFTT4qF5OlGGlvGXrdubJ.jpg,0.318,0,0,0,0,4,Released,False,,Horror,,
1701141,tt38630008,Gator Face,Gator Face,en,A Florida vacation becomes a blood-soaked fight for survival when a group of friends are hunted through the swamps by a savage cult that feeds its victims to ravenous alligators in the name of an ancient reptilian god.,Real alligators. Real teeth. Real terror.,2026-09-15,/fM7S2VWp3yziqQwO9vNEu3Epb8v.jpg,1.0893,0,0,0,0,80,In Production,False,,Horror,,
1701170,,E-SAFETY,E-SAFETY,en,A teenager clicks on a sketchy link to a security gig application. what he hears next will stay in his memory for months. what they do with it will stay forever.,Every 39 seconds there is an cyberattack.,2026-06-03,/A6FxmVsmyzAFG9QzGhapdEhnXqV.jpg,0.0431,0,0,0,0,2,Released,False,/wxUYGAHBrF32JrReBGCE6VuG3XP.jpg,"Horror, Thriller",,
1701336,,Exodus,Exodus,en,"EXODUS is a gritty post-apocalyptic short film about survival, loss, and how far a young man can be pushed before he loses himself.",A mass departure of people.,2026-05-03,,0.2454,0,0,2,0,25,Released,False,,"Thriller, Horror, Science Fiction",,
1701441,,I Miss My Mom,I Miss My Mom,en,"Francis visits home to care for his mother with Alzheimer’s while his father is away on business. As her condition deteriorates, she grows increasingly convinced the man living in her home is not her son.",,2026-09-01,,0.0998,0,0,0,0,0,In Production,False,,"Drama, Thriller, Horror",,
1701475,,Boggs Day Afternoon,Boggs Day Afternoon,en,"Dejected following a terse refusal of the party invitation they extended to Wade Boggs, the Porn House gang hatches a plan: kidnap Boggs from (where else?) Fenway Park. However, their search for Boggs is stymied by the Red Sox holding Wade Boggs Impersonator Day.",,2026-05-23,/ivU4kktweJEyZDk5XKraYgk2d74.jpg,0.0357,0,0,0,0,37,Released,False,,"Comedy, Fantasy, Horror",,
1701545,,Ephialtes,Ephialtes,en,A woman is attacked by a monster from her dreams as reality and imagination become one.,Time is still standing,2026-05-24,/bpm2DzhTGWggZjPxmCmZFmWm6jn.jpg,0.0362,1,5.0,0,0,1,Released,False,/aeEJgzRKAU4DQJESiLzhj1pRBA2.jpg,"Horror, Mystery",,
1701611,tt38049117,Farm House,Farm House,en,"House sitting can be relaxing, peaceful and refreshing, but terror is here to stay. This Warren County Serial Killings Cases is just one of the most perplexing and tragic chapters in the recent American criminal history.",Terror Is Here To Stay,2026-07-07,/tXjIsbHZid0VFrPzDh4OpdtkimP.jpg,2.7429,0,0,0,0,61,Released,False,,Horror,,
1701656,tt42957403,Screech,Screech,en,A woman caught between her housemates and their prey descends into a surreal realm where tormenting Australian ravens force her to confront her repressed complicity.,Feathers will be ruffled.,2026-01-24,/hFQPfkimQ9LIpRenXTPQc9zoG0d.jpg,1.7406,0,0,2200,0,9,Released,False,/m97hzYV5K2joYsJ08LD90FOOacz.jpg,"Horror, Fantasy",,
1701665,tt5969204,The Marine Spirit: A Tale Of The Mami Wata,The Marine Spirit: A Tale Of The Mami Wata,en,The Marine Spirit is based on factual events as told through the eyes of a Nigerian couple. When the young couple find themselves haunted by the spirit of the Mami Wata – an ancient African water deity; they discover the power of faith and prayers.,"This is ""The Conjuring"" franchise on steroids and more terrifying.",2026-05-25,/d6P6zp8vhvI2yaLhSUsWkdwaSXB.jpg,0.7003,0,0,0,0,108,Released,False,,Horror,,
1701666,,Occupation,Occupation,en,Friends Sam and Grace have to move in with a man they barely know. A man who soon proves to be a nightmare to live with.,He's in your home. He's eating your food. And he has to go.,2026-07-18,/3waGxLe06FjvZ2QTGbMNfbGMkuF.jpg,0.478,0,0,0,0,5,Released,False,/biDsvLkfjnwlSoHctuWmSr01deZ.jpg,Horror,,
1701682,tt38961497,Miasma,Miasma,en,"Doctor Antrobus takes time out from running an asylum to fight an unspeakble monster, which kills with its own flatulence.",,2026-01-01,,1.1727,0,0,12000,0,113,Released,False,,"Horror, Comedy",,
1702370,tt39090209,Fish Is Dog Spelled Backwards,Fish Is Dog Spelled Backwards,en,"A man keeps a fish captive, but she hungers to be free.",Nature cannot be contained.,2026-05-23,/nxYu2Yf1aSSK1SxeQWVDzuXJHlO.jpg,0.2906,0,0,0,0,20,Released,False,,Horror,,
1702398,,Limerence,Limerence,en,"Nora is an eccentric young woman with a debilitating infatuation with her newspaper delivery man — a man she has never even dared to speak to... Things begin to change when one fateful night, he appears to her in a dreamlike vision where he promises her everything she has ever longed for. Convinced this is her chance at true love, Nora decides to take a leap of faith in pursuit of her prince charming’s undivided affection.",It's a Grand Gesture...,2026-12-31,/ZqMHbuXVDxQAcUrBjfvMUelmUd.jpg,0.261,0,0,1000,0,18,In Production,False,/74r3bNCPJRX96xgqMhHIIjQ4oRW.jpg,"Horror, Comedy, Romance, Fantasy",,
1702434,,Lost Ranger,Lost Ranger,en,,,2026-04-15,/31nlDKDzbSPwQvjvJIc18UpR60K.jpg,0.5032,3,5.333,0,0,0,Released,False,/9UNlXizcrgGzl3DK2N03g4OVCn0.jpg,Horror,,
1702553,tt43049504,Heirlooms,Heirlooms,en,"A young family goes to see their dying patriarch, only for old familial nightmares to resurface.",,2026-05-25,/fuyNtmDONo1JJgz0b27lM7sDxhq.jpg,0.8697,3,5.667,0,0,13,Released,False,/JqOlDUbEDnRcr3eQ9tcKDhPO8G.jpg,Horror,,
1702788,tt31519421,Night of the Howling,Night of the Howling,en,"A serial killer is ripping the city apart under the glow of the full moon. Detective Whitlock suspects it may be a werewolf with a taste for human blood. As the bodies stack up, Whitlock is dragged into a brutal showdown with the creature.",,2026-04-07,/tCtjeAo5HEJofVH81uApLDP8Ahx.jpg,0.3166,0,0,0,0,80,Released,False,,Horror,,
1703118,tt37763948,A Malevolent World,A Malevolent World,en,A full improv feature film that explores the awful realism of a zombie apocalypse in Northern England.,Fear The Normal,2026-07-23,/Ab2DwVjvefBWo0VONZfiVyui0hN.jpg,0.7957,0,0,2000,0,70,Released,False,/65KY90AkEoCeNMjJi8vKKqDSNzO.jpg,"Horror, Action, Adventure, Thriller",,
1703119,,The Persuer,The Persuer,en,A girl attempts to escape a mysterious creature stalking her.,Run if you can…,2026-05-26,/jmhxlB4HNeexVYvr9HnaojbnY3k.jpg,1.1959,0,0,0,0,3,Released,False,/xrm3Q9n2MurNzQ2refZKLTjilXe.jpg,"Horror, Comedy",,
1703166,,You're Dead To Me Sis,You're Dead To Me Sis,en,"A pair of sisters with opposite personalities are torn apart when Valarie dies unexpectedly at a party. Unable to accept her loss, Layla turns to a forbidden ritual in an attempt to bring her sister back. But when Valarie returns, Layla begins to wonder: who has she really brought back?","""Layla, you know what I am.""",2026-06-04,/fewfGt48Tlhxlu9LIZPqFvCOP1t.jpg,1.1114,0,0,0,0,14,Released,False,/yxZIiskSH7kUnQ4MYg33udtCvJw.jpg,"Horror, Comedy, Drama",,
1703263,,One Lost Time,One Lost Time,en,A porn addict’s latest indulgence becomes his last.,,2026-05-29,/qChb1giq2oojC0o7n1svXQLuEA.jpg,0.5182,0,0,0,0,4,Released,False,,"Comedy, Horror",,
1703305,,DUCK,DUCK,en,"Bela Karloff, a man consumed by the mystery surrounding his parents disappearance finds a clue that could quack the whole case.",Some waddle too far...,2026-05-25,/ysA4aSAireYQ98esU38N9UR5eCN.jpg,1.8839,0,0,200,0,6,Released,False,/fa0Zk7N1IEzykCCcU6J5uenjCkx.jpg,"Horror, Comedy",,
1703306,,Double Exposure,Double Exposure,en,There is someone in Max's home.,Haven’t we been here before?,2026-05-22,/ofl89rLEDyEECe8tT1zdjy70q88.jpg,0.0214,0,0,0,0,3,Released,False,/6jAl7J97Y6cmmqJN8MIJFhpuwaD.jpg,"Horror, Thriller",,
1703408,,Sleep Call,Sleep Call,en,A lonely young man finds love online when a late-night sleep call with a stranger blossoms into an intimate digital romance.,,2026-06-06,/l4rkVOZFSp7gIvm9Ck4oa9HnweG.jpg,0.0256,0,0,0,0,17,Released,False,,"Romance, Horror, Science Fiction",,
1703448,,Creep,Creep,en,A girl walking home at night is stopped by a guy who may be more than he appears,It isn’t always as it seems,2026-02-02,/3YlnLeckn6owRSGp9NPlKFgzZfi.jpg,0.089,0,0,0,0,3,Released,False,,"Horror, Comedy",,
1703466,,possession,possession,en,scary aff movie where the girl goes demon mode,AHHH AHH AHH AHH AGNES! YOU MUST FIGHT IT!,2026-05-28,/90gj1Wt6t0TZ3cRt4RvbvBxEavD.jpg,0.0621,0,0,0,0,3,Released,False,/fhGFmxlgDfO9QtP8srMXtiiNjcY.jpg,Horror,,
1703467,tt40159794,DOC_05,DOC_05,en,"A group of film students head to a cabin to shoot their first feature, but when an unknown trespasser begins stalking them, their obsessive director refuses to leave-determined to finish his masterpiece at any cost.",,2026-02-25,/b8oCI4ya7Y5W8TNFmkO3VOeyHbA.jpg,0.1372,0,0,5000,0,70,Released,False,,"Horror, Mystery, Thriller",,
1703507,,PHREAKOUT!,PHREAKOUT!,en,Two college students experiment at  a house party...,,2026-05-24,,0.5319,1,10.0,0,0,2,Released,False,,"Horror, Comedy, Romance",,
1703544,tt40099311,Picture Taker,Picture Taker,en,A private eye begins to see the same man in every photograph he's ever taken.,,2026-05-10,,0.2633,0,0,0,0,12,Released,False,,"Horror, Crime",,
1703553,tt35892627,The Tahquitz Myth,The Tahquitz Myth,en,A Palm Springs college student sets out to disprove an ancient Coachella Valley myth... only to discover a terrifying truth.,,2026-05-10,,0.4997,0,0,0,0,20,Released,False,,Horror,,
1703554,tt39773326,Old Maid,Old Maid,en,Two feuding cousins play a common Victorian parlor game to test fate but call on spirits they did not expect and face deadly consequences.,,2026-05-10,,0.5959,0,0,0,0,3,Released,False,,Horror,,
1703587,tt43086250,The Summoning: A 16mm Brief Photoplay,The Summoning: A 16mm Brief Photoplay,en,Gary summons a guest and now he must prepare.,Did it work? Yes it did!,2026-02-23,/eYzKczEMQxvLCBzflRJj1CLRVzI.jpg,0.0555,0,0,3000,0,3,Released,False,,"Horror, Comedy",,
1703672,,Some Faceless Memories Pt. I,Some Faceless Memories Pt. I,en,"A collection of both old and recent memories about a place I love, merged together into a 7-minute short film, the first one of the series.",REWINDING THE TAPE FELT LIKE THE RIGHT THING TO DO. SO I DID IT.,2026-05-28,/qw9O92F4iR0TlkdcdRcKU75pfE0.jpg,0.0362,0,0,0,0,7,Released,False,,"Documentary, Horror, Fantasy",,
1703719,,Erin Turns 30,Erin Turns 30,en,"Annie takes her friend Erin randonauting for her 30th birthday, hoping for a fun night of exploration and adventure. But as the pair follow strange coordinates, the outing spirals into an unsettling descent captured entirely on camera.",,2026-06-05,/74FHLQrISJRb7w3NCpaYafwOn2R.jpg,0.1639,0,0,0,0,9,Released,False,,"Horror, Comedy",,
1703729,,Bloodlust,Bloodlust,en,"When two people meet, some might say sparks fly. But in this twisted tale it could be said that blood not only flies but drips too.",Be careful she bites,2026-05-21,/sefwEJZscKAPcHPhKrUp43x6HXd.jpg,0.3226,0,0,0,0,12,Released,False,,"Horror, Romance",,
1703731,,Film History’s Modus Operandi,Film History’s Modus Operandi,en,"A fragmented descent into cinematic obsession, Film History’s Modus Operandi blurs the line between archival media, personal documentation, and psychological collapse. Through four interconnected recovered stories — Magic Illusions, Found Objects, Monstrous Miscreation, and Or... Or... Or...Or... — the film explores the dark rituals, obsessions, and fractured realities hidden within film culture itself.",A cine-lexical videopoetic quartet,2026-05-30,/r54jNYWzgrk86DELg51aHmhfyNH.jpg,0.078,0,0,0,0,0,Post Production,False,,Horror,,
1703740,tt43350743,The Leaked Tape,The Leaked Tape,en,"A mysterious camera discovered outside an abandoned building in New Zealand is handed over to police after it’s found containing disturbing footage. Weeks later, the video leaks online, revealing a terrifying ritual performed by two friends attempting to bring someone back from the dead. As the footage spreads across the internet, viewers begin questioning whether what they witnessed was a hoax… or something far more real.",What is the price of seeing the dead again?,2026-05-30,/4lCbtyirMlLjb2siXWb8gaklcFl.jpg,0.0698,0,0,513,0,16,Released,False,,Horror,,
1703804,,PegaSUS,PegaSUS,en,A group of kids touring the state's top-ranked school realises something darker is beneath its perfect reception.,WE ARE PEGASI,2026-05-28,/VDciRptTamvOphZewNF82S16ql.jpg,0.4034,2,9.0,10,1,23,Released,False,/5SU5yA5OwW8AXZOn6vBoCvzwJzo.jpg,"Comedy, Thriller, Mystery, Horror",,
1703870,,DISTRAUGHT,DISTRAUGHT,en,A man is distraught from his anxiety.,Is this how I am going to feel like forever?,2026-05-28,/pZYTEPvTAnLybxhyfTQCz42i7Px.jpg,0.1178,0,0,0,0,8,Released,False,,"Horror, Drama",,
1703903,,Killing in the Name,Killing in the Name,en,"In the deep country, Cain and Viktor are tasked with disposing of a mysterious object by a disembodied voice within a red room. As their sense of identity and reality begins to disintegrate in front of their eyes, they dip in and out of time in space in the hopes of completing their mission.",Can you hear the fields?,2026-06-07,/hwPWCf1ElJOVGlgrxK6SxcsKCtj.jpg,0.1159,0,0,0,0,8,Released,False,/ngj71owUD10r6N7sRuuLS2WRRHc.jpg,"Thriller, Mystery, Science Fiction, Horror",,
1703907,,Riverhood,Riverhood,en,Sammy is starting his senior year of high school in a new town. As he navigates his new surroundings he finds that things work just a little differently in Riverhood.,We have a system here and you don't fit in... Yet,2026-05-29,/bsEuqBfpOaJWfbO5eHF1M4EIZEf.jpg,0.6204,0,0,0,0,16,Released,False,,"Horror, Drama, Comedy",,
1704110,,M.E.N.A.G.E.R.I.E,M.E.N.A.G.E.R.I.E,en,"A test subject is picked to find the location of a missing prisoner. After old memories resurface, the subject finds himself up against something not of this world....  (Based on the Menagerie universe by Robert ""Wertpol"" Brock)",,2026-10-08,/tpOxUsbAJqrqVWhTvhVHQJPAKKL.jpg,0.0602,0,0,1000,0,120,In Production,False,,"Horror, Science Fiction, Mystery, Thriller",,
1704160,,Timmy’s House,Timmy’s House,en,A bad trip creates tension as secrets are revealed and relationships spiral,,2026-06-06,/oxE3KUOw0xKXE7Dj5D6jrqO0l5Q.jpg,0.1134,0,0,0,0,7,Released,False,,"Horror, Comedy",,
1704193,tt43122906,Semblance,Semblance,en,"Ellie, a seemingly sheltered American girl, has just moved abroad to Rome, when she finds herself being stalked by a strange man.","Noun: /'semblen(t)s/ The outward appearance or apparent form of something, especially when the reality is different...",2026-05-12,/tZGhfeTqkJ4oaRFHrfs5QRcZ21O.jpg,0.2869,0,0,200,0,20,Released,False,/pvVyVboDlv4A0X27J9buZJ2Q2Xr.jpg,"Horror, Mystery, Thriller",,
1704326,tt41877698,The Box in the Attic,The Box in the Attic,en,"After the death of her estranged mother, a troubled woman returns to her childhood home and discovers a box. When she breaks its seal, she unleashes malevolent entities tied to a dark family legacy and a deadly secret of her own.",,2026-05-01,/xwVtABV66vjSJtfRAejqEpszM53.jpg,0.8511,2,2.5,0,0,73,Released,False,/uRCsMoTZIW8zhTuWCCItrxnkK0d.jpg,"Horror, Thriller",,
1704420,,The Observer,The Observer,en,Two friends are hunted down by a mysterious man after a confusing encounter with him.,You can't escape your destiny.,2026-05-16,/zIIVJN2LCdvhNAm9T58hxX146O5.jpg,0.0357,0,0,0,0,9,Released,False,/tWFx7KChjmHyDIEm8z2ptfCw94f.jpg,"Mystery, Crime, Thriller, Horror",,
1704502,,Nosejob,Nosejob,en,"Following a rhinoplasty, a young woman craving social validation throws herself a birthday party. When her friends don't react in the way she wants, she turns to a desperate last resort.",I thought it was going to be different...,2026-05-26,/35nL8q7m6Om2i4Z8DXMnNy0Alai.jpg,0.0357,0,0,2500,0,10,Released,False,/sZ7tnOtFrAER08PAZqnTxi093dx.jpg,Horror,,
1704506,tt38783218,Recorded 2,Recorded 2,en,"On October 16th, 2023, Georgina Reagan and her driver Petar Petrov went missing. Only Reagan's Canon EOS 90D camera was found. The fates of both Reagan and Petrov remain unknown. This is what happened next.",The found footage terror continues...,2026-05-08,/4g4BfGXHVz0IiMQfTCsYw82PO7A.jpg,2.5024,1,2.0,0,0,64,Released,False,/rA18n0Qd40dCXdogZD6LcJl36H9.jpg,Horror,,
1704583,,Humans Are Shapes,Humans Are Shapes,en,"After having possessed the bodies of two trans sisters, two aliens make a fatal choice in order to obey human codes against taboo, all in pursuit of love and security.",THESE BODIES WERE A MISTAKE.,2026-07-01,/vOUqbMpNVCaDLki0WYtkFtJyk8F.jpg,0.3215,0,0,0,0,18,Released,False,/rFCyeeq4NLzPZQ6OJgc9AVtmIZt.jpg,"Horror, Romance",,
1704590,,Needle,Needle,en,"A seamstress tries to make her grandmother’s impossibly-narrow-waisted-heirloom dress fit. After it refuses to be altered, visions of her grandmother encourage her to alter herself instead.",,2026-07-26,/v0GjjY2KdwzCKrpZQqs8H01pBLX.jpg,0.6593,0,0,0,0,5,Released,False,,Horror,,
1704605,,The Watcher,The Watcher,en,"a kid is attacked by a mysterious person but then two older teens keep him him safe, then the boys realise one of there friends is missing - this film is horror film and is inspired by films like scream and Friday the 13th and more with its slasher genre and scream for its mystery story line about finding out who's doing what",watcher,2026-05-29,/37yy3tUkpezn5qslsuMY3pYpexb.jpg,0.104,0,0,0,0,7,Released,False,,"Horror, Mystery",,
1704620,,Misero Soffio Misera Carne,Misero Soffio Misera Carne,en,"1630, Val Brembana, Northern Italy. The arrival of the plague in a small village breaks every fragile balance. The disease takes over bodies, homes, relationships, slowly transforming the community into a sick organism dominated by fear and suspicion while nature remains indifferent to man's suffering.",,2026-05-29,/a0OOGbXifZM7dPW8A09FkkClBlD.jpg,0.0256,0,0,0,0,17,Released,False,,"Drama, History, Horror",,
1704649,tt41467216,The Pinecrest Lost Tapes: Chaos! Blood! & Violence,The Pinecrest Lost Tapes: Chaos! Blood! & Violence,en,"Since the early 90s, Pinecrest, Massachusetts has suffered unexplained horrors. Nolan vanished without a trace in a winter storm. 23 years later, seven friends in a park discover the Rabbit has returned to Pinecrest.",This is Simply a Dream.,2026-10-30,/2WT9STTiVZgfQNqNh3AwPb2bQkm.jpg,0.0071,0,0,2500,0,0,In Production,False,,Horror,,
1704700,,Whores of Horror,Whores of Horror,en,A young and curious whore explorer travels through the land of floptropica to find the kinds of whores that roam around the land.,Whores run floptropica,2026-05-27,/kOYkREby8Io6G4aJy9QcqyWWe1S.jpg,0.0143,0,0,1,1,4,Released,False,/gGrUuayhY5oUJF2xYLinjIJ9sVG.jpg,"Horror, Mystery, Thriller, Science Fiction",,
1705035,tt37276380,Bigfoot Primal Fear,Bigfoot Primal Fear,en,"A group camping trip in the woods turns into their worst nightmare as they soon realize they are not alone out there, and someone or something is hunting them. Every step could be their last as they try to escape their fate.",,2026-05-29,/tsXAIdGBKlhCirx16JAUrV4hSp7.jpg,0.3509,0,0,0,0,62,Released,False,/lTFpNsnUXaso06WAwCBsmiSf5HA.jpg,Horror,,
1705054,,NOT AN EXIT,NOT AN EXIT,en,"Trapped in a desolate school after hours, a young man (Smit Patel) struggles to survive as a masked maniac terrorizes him. ""NOT AN EXIT"" is the second short film written and directed by Andrew Boles.",THE ONLY WAY OUT... IS IN.,2026-03-21,/3VDQEhJcPbZ0SRabGxHK0np6TxX.jpg,0.045,0,0,0,0,12,Released,False,/kHKxGHBivU2pw6f7arNW3mcBoHL.jpg,"Horror, Thriller",,
1705057,tt39528049,VCR Willie: Tape 2,VCR Willie: Tape 2,en,"In Tape 2, the camera captures the rot beneath the suburban surface. What begins as recordings of cooking and housework spirals into a series of domestic nightmares orchestrated by the mysterious Mrs. Wells.",,2026-02-01,/Aaz6GUdVVOus0T7QshYiwsXxTmz.jpg,0.7586,0,0,0,0,70,Released,False,/jm08F0cVNisjjswaVqITbMg1LXK.jpg,Horror,,
1705070,tt42335999,Murder Boy,Murder Boy,en,"Celo's birthday night turns sinister after she discovers her boyfriend Montey may be leaving her for another woman. When the mysterious Margaret Wellington enters her life, Celo is drawn into a disturbing world of control, ritual, and devotion.",,2026-05-05,/mbPBFgVqlCsKcLj8SbBe1X6CR1E.jpg,1.8222,0,0,0,0,72,Released,False,/SA1vurD6Vk7iytQffeXTYipVJZ.jpg,Horror,,
1705120,tt42920520,Hellmare,Hellmare,en,"The year is 1997, and on a gloomy evening in Detroit a group of friends are sucked into a horror movie when they gather at the house of a recently deceased occultist to screen a film entitled...HELLMARE.",Hellmare...Fuck You!,2026-05-30,/ezVPf8EwMcm5ekQr8eut0XXDd3E.jpg,1.4073,2,9.0,11000,0,80,Released,False,/c38sPC4rWSZ8yBtU0lTFhrpNy72.jpg,"Comedy, Horror",,
1705345,,Woman Under Wound,Woman Under Wound,en,A woman is pushed to her limits by a tiny dancer who she believes is haunting her.,,2026-05-25,/uGKCnm1n2eBlkQxvT5o343ttRcl.jpg,0.0513,0,0,0,0,14,Released,False,,"Fantasy, Horror, Drama",,
1705354,,Graveyard Shift,Graveyard Shift,en,A lone office worker is stuck in a perpetual work loop. Once they become aware of that fact they start noticing the flaws in the environment; it causes their mental state to unravel.,Overtime,2026-06-03,/xfiQZZD8hvSpsuXCgVFnRUOrWwr.jpg,0.1948,0,0,0,0,10,Released,False,,"Drama, Horror, Thriller",,
1705580,,Rearview,Rearview,en,"Alone and confused, a young man wakes up on an icy beach and tries to make his way back home.",Check your surroundings,2026-05-31,,0.4939,0,0,0,0,4,Released,False,,"Horror, Thriller",,
1705783,,Threshold,Threshold,en,"A man living alone in a basement begins receiving messages from a typewriter that types by itself. As strange sounds come from upstairs, he becomes increasingly fixated on a compass that never changes direction, a key, and a cat he can't fully understand.",YOU ARE SAFE WHEN YOU ARE STILL,2026-05-31,/ecrdNgvJJQrtg3a5gWdR08j6LH7.jpg,0.2665,0,0,900,0,8,Released,False,/7Vi5aQL3xE5CN8yIIYxqpgy3l07.jpg,"Thriller, Horror, Mystery",,
1705799,,Worm Hands,Worm Hands,en,A young man realizes that his friend has abnormally long fingers.,,2026-05-30,/n4EG9uAthaPK2EaSxUd3klvVwvV.jpg,0.0875,0,0,0,0,2,Released,False,,Horror,,
1705825,,When Dogs Bite,When Dogs Bite,en,"Two young men, Tommy and Benny, face off against one another over Ophelia, a girl they both have feelings for.","Ophelia, do you know this guy?",2026-05-15,/yq3nEPDytrhzAgvhr9ZmrozxNR.jpg,0.2963,0,0,0,0,4,Released,False,/aAHPziyzowIMxJOg009aX7eCJpK.jpg,"Action, Drama, Horror",,
1705862,,Curiosity Killed the Cat,Curiosity Killed the Cat,en,"A struggling young writer finds inspiration when a package is delivered to the wrong address, leading her to discover and investigate her neighbour's dark secret.",CURIOSITY KILLED THE CAT,2026-05-29,/yAmFzFjCKFf3vt3CUQDgfVcji0n.jpg,0.4898,1,10.0,0,0,10,Released,False,,"Thriller, Mystery, Horror",,
1705872,tt43291697,Toe Tags,Toe Tags,en,"TOE TAGS – Feet as Fetish, Fragment, Ghost  From Phallacies, which stripped the male body of shame and censorship, to Analogies, exploring the taboo of the anus, Toe Tags steps into a new obsession: the foot.  Feet become fetish, memory, and horror: a woman inherits her mother’s shoes (CLARA), a transvestite searches for feet that fit (THE PERFECT PAIR), a child avenges his monstrous father (PODOPHILE), a schizophrenic confuses nail visions with reality (NAILS), a man dances one last time with his wife’s ghost (SHOES NUMBER 43), and a mermaid mourns the tail she abandoned (PART OF YOUR WORLD).  ToeTag – where obsession walks, steps, and sometimes, kills.","TOE TAGS– Feet as Fetish, Fragment, Ghost",2026-07-31,,0.2816,0,0,0,0,69,Planned,False,,Horror,,
1705888,,Groundskeeper,Groundskeeper,en,"It was supposed to be a fun weekend. A trip away for a close-knit friend group to celebrate the end of high school. But when their estranged former best friend shows up, unannounced, with her douche boyfriend in tow… plans change. Tensions rise, friendships are tested, and the whole weekend seems hopeless. As a last-ditch attempt to save the trip, the group revisits a game from their childhood, a game inspired by a local ghost story. What started out as a fun activity turns deadly as real life begins to mirror the actions of the game, leading the friends to question each other and their own judgement. After all, no one really believes in ghosts… right?",What would you believe?,2026-06-13,/zBZ1B9tAPLBqICeVmkIkQuhH9fh.jpg,0.3899,0,0,150,0,70,Released,False,/6HQAMrCeMUAl10CGs1q3JBnXshN.jpg,"Horror, Drama, Comedy",,
1706084,,the grievance of the day,the grievance of the day,en,a 40 min picture show of the liminality of death,it is inevitable,2026-06-02,/m1hhhfxhB3CKFcBmMw3AO952Ono.jpg,0.222,0,0,0,0,41,Released,False,,Horror,,
1706174,tt43311657,Hindsight,Hindsight,en,"A socially anxious teen faces his ultimate boss battle: buying a video game. His overactive imagination turns a simple transaction into an epic disaster, proving that the real enemy is just awkward small talk.","Final Boss, or just regular conversation?",2026-06-04,/5InZQHkPKtab4yvnI1m1CXrqaig.jpg,0.4389,0,0,0,0,7,Released,False,,Horror,,
1706245,tt41072952,Modem,Modem,en,A digital detox vacation goes wrong when a teenager discovers a MODEM.,Evil finds a signal,2026-06-18,/lpQJk96IWu7NeVkKagULyZbYfyG.jpg,1.2368,0,0,0,0,90,Released,False,,"Horror, Drama",,
1706412,tt37025029,A Burial,A Burial,en,"A struggling photographer’s life is upended when he receives the news of his wife’s pregnancy. As his mental state deteriorates he becomes increasingly violent and dangerous and he struggles desperately to hide a heinous crime while haunted by a mysterious stranger who knows too much. The pressure builds, and his relationships decay, until he must confront his own darkness, or become it.",,2026-06-05,/qsYlO0oWPywGr8sQFyZLfClpwdx.jpg,0.5937,0,0,0,0,0,Released,False,,"Thriller, Horror",,
1706480,,Departing Seniors,Departing Seniors,en,Graduating students hit the road for one last hurrah only for them to realize there's something worse than high school.,Some things are worse than high school.,2026-05-22,/nGzthYjyIjyA0CC5Gv0YbCQuuyp.jpg,0.055,0,0,200,0,3,Released,False,,"Horror, Comedy",,
1706627,,ELECTRIC LANTERN,ELECTRIC LANTERN,en,A journey through the passageways of a neon-soaked theatre.,A GUIDE,2026-06-02,/cNmGerlHqmEg1KWLBjYNdygxDtQ.jpg,0.15,0,0,10,1,7,Released,False,/o2Q6dEtPQEFZtQLBerqXPCeTduE.jpg,"Music, Horror",,
1706734,,Stained Glass,Stained Glass,en,Stained Glass is a retelling of the Stations of the Cross motivated by the manipulation and expression of light.  The Stations are as follows:  1. Jesus is condemned to death  2. Jesus takes up his Cross  3. Jesus falls the first time  4. Jesus meets his mother  5. Simon of Cyrene helps Jesus carry the Cross  6. Veronica wipes the face of Jesus  7. Jesus falls for the second time  8. Jesus meets the women of Jerusalem  9. Jesus falls for the third time  10. Jesus is stripped of his garments  11. Jesus is nailed to the Cross  12. Jesus dies on the Cross  13. Jesus is taken down from the Cross  14. Jesus is laid in the tomb,The Stations of The Cross,2026-03-10,/jOvnUIKWno9su6syE1YwEqB4Ist.jpg,0.4552,0,0,0,0,3,Released,False,/rmqzjmXkutIjFBsw2JDkv7N6wcz.jpg,"Animation, Horror",,
1706887,,Under Your Skin,Under Your Skin,en,"Ever since Gabe moved away, Evelyn has been desperate to hang out with him again. But he's changed... Will she be able to handle it?",You've changed.,2026-06-19,/b1nFx4usaIu6ZyD907pSFy88ke8.jpg,0.2302,0,0,0,0,10,Released,False,/iKOoD5UqrEPrUW23766ictnOq3e.jpg,Horror,,
1706893,,"""HINDSIGHT""","""HINDSIGHT""",en,An experimental short surrounding the sun and it's followers.,"""I wish you were here""",2026-06-01,/cbUUnBgpYVe2oJcM71y99xbm9eb.jpg,0.2559,1,10.0,400,5,3,Released,False,/a662fXGhHRJmZVBo5qkpsYnK28e.jpg,Horror,,
1706909,,Ringer,Ringer,en,Ringer? I hardly know her.,it's not John Pork who's calling...,2026-05-28,/9bcVFVlPOHmUFlTcXRfFADpAOSb.jpg,0.094,1,10.0,0,0,4,Released,False,/ttGdGPZpDWT7ZFA1eG0z4aPmxr7.jpg,"Mystery, Horror",,
1706989,,Insomniac,Insomniac,en,"After countless sleepless nights, Casey quickly discovers himself to be affected by Terminal Insomnia, and records a warning as a last-ditch effort to save anyone else affected by the parasite.",Goodnight...,2026-05-14,,0.0792,1,8.0,0,0,3,Released,False,,"Horror, Drama",,
1707152,tt43337537,Are We Human Yet?,Are We Human Yet?,en,"When Logan gets pulled into an AI’s mind, he must avoid being hunted by the android to find a way of escape before he will lose his humanity forever.",A connection you won’t escape.,2026-06-02,/3mKelN7maUegZbYX18n9JpYKEsu.jpg,0.3041,0,0,40,0,6,Released,False,/8WhnCLcleeAvMkQPXaPEfcJaGoX.jpg,"Horror, Science Fiction, Thriller",,
1707206,,Dread,Dread,en,Snapshots of existence connected through Dread.,,2026-06-03,,0.1025,0,0,0,0,1,Released,False,,Horror,,
1707229,,Schizophrenic perpetual hemorrhage from the reichian perspective,Schizophrenic perpetual hemorrhage from the reichian perspective,en,A descent into hell then to paradise after Hitler's death,,2026-06-02,/iJlhRLo2Bgjdw42XnduYHmXenVI.jpg,0.0143,0,0,0,0,3,Released,False,/nMXZ5eeFC0gTZSLNwEFG7oPgF6Z.jpg,"Horror, War",,
1707246,,The LPC Files - Episode 1,The LPC Files - Episode 1,en,A short film following the first installment in the LPC files film franchise. Chris Evans got her pregnant?,I do my hair toss check my nails. Baby how you feeling? Feeling good as hell.,2026-06-03,/An5TYfujWEZrdKKMwHwE0iDfyf0.jpg,0.2257,2,10.0,20,0,2,Released,False,/fkTHarMENHpHwv74GqBdAhepMJ4.jpg,"Horror, Music",,
1707268,tt29345740,Spirit Board: Doorway to Death,Spirit Board: Doorway to Death,en,"A group of bored friends play with a spirit board and accidentally conjure the ghost of a long dead serial killer. Soon, the friends and their partners are hunted down by the evil specter. Who will survive? Who will join the ghost in death? A supernatural slasher from Facemelt Features.",Beware the Board!,2026-06-01,/iu2VdfZ5zz0OdED5zBkay8eSdMw.jpg,0.8951,0,0,8000,0,65,Released,False,,Horror,,
1707310,tt42251338,Ghost Man,Ghost Man,en,"While Bonnie tries to save her friend Lucy, she starts to be terrorised by an online urban legend.",,2026-05-26,/jsVvnloUlkY1YYdF76ZskRdKoZP.jpg,1.0144,0,0,0,0,8,Released,False,,Horror,,
1707474,,Drinking Buddies,Drinking Buddies,en,"A young boy is taken to the beach by a crowd of masked captors, never to be seen again, until it’s all unveiled over a pint.","Crowd of masked captors, a pint and a boy. How can the three be combined.",2026-05-30,/qu35wkY1XJiSubmxyCPfeRbCySY.jpg,2.5159,0,0,100,0,3,Released,False,/mH6ewKyw2fM2qWk7IcYXJxeDSBr.jpg,"Horror, Thriller",,
1707533,tt3038606,Killer Thong,Killer Thong,en,"Two low-budget dancers, Cashier and Old-Timer, reunite to perform a surprise birthday gram for Alex, a closet lesbian who is so grossed out by their crude performances that she has a nightmare of her girlfriends being stalked and killed by Cashier's supernatural KILLER THONG. As the only survivor, she must confront her fears, find a way to defeat the KILLER THONG and admit her attraction to women. In the aftermath, Alex finds her coffee table covered with photos. As she looks through the outrageous party pictures, she realizes it's time for her to come out of the closet.",The thong is back in fashion… with a vengeance!,2026-04-14,/5L7tTKvRA0rYxvvL1SDHn61SCvS.jpg,1.0396,0,0,0,0,95,Released,False,,Horror,,
1707590,,Isa po akong baliw,I'm insane,en,Insane insane,,2026-06-05,/vElJFvSpzO7A7uGTT9qGSaskt82.jpg,0.0912,0,0,0,0,1,Released,False,/6DBj5nFr4BweHJPOBIcUQPjMDBE.jpg,Horror,,
1707600,,Everything I Hate About Us,Everything I Hate About Us,en,"A young playwright is moving out of the home that used to house her relationship with an actor. Before driving away, she remembers leaving her diary somewhere in the house. Making her way back in, she is faced with the physical manifestations of moments in her relationship. With her journeying deeper, her memories distort, as she is forced to face what her relationship truly was. A horrifying monstrosity.",The Things We Would Never Say To Each Other,2026-05-19,/fNOhN7uZmmBIrlURMz8XZ3AVjcu.jpg,0.2038,1,10.0,3500,0,10,Released,False,,"Horror, Thriller",,
1707635,,The Bench,The Bench,en,Two students find themselves returning to the same bench in this cryptic short thriller,Don't Sit On The Bench,2026-05-18,/j4xlN7rNJZOP2Mg6F01DHBzcPw.jpg,0.0256,1,7.0,0,0,3,Released,False,,"Horror, Thriller",,
1707718,,Sugar,Sugar,en,Gay besties Jayke and Matty's friendship is put to the test when an anonymous sugar daddy offers them exorbitant sums for custom fetish videos. SUGAR offers a thought provoking cautionary tale packaged in a queer dark comedy thriller.,Not your daddy's gay film!,2026-06-05,/yYq2nGNgq7iRduE5P78j2YxIRyk.jpg,0.8786,0,0,24000,0,11,Released,False,,"Thriller, Comedy, Horror",,
1707766,,LIMINAL,LIMINAL,en,"Two urban-explorers discover an abandoned storage unit, unaware of the anomalies that plague the complex.",,2026-05-15,/vD3bWHWl29LNIRwcnYwQkLqXSVV.jpg,0.3827,1,9.0,0,0,16,Released,False,/5l62imL0AjbttStOG7GZ1PbaS77.jpg,"Horror, Thriller, Science Fiction",,
1707786,,bluejay,bluejay,en,A found footage horror movie about two teenage killers,,2026-06-06,/669IgOjN9qf1DR5ZpzJRPZFEUTC.jpg,0.0389,0,0,20,0,4,Released,False,/c5Vqo6T54HduuFrtYj7GuDhVsCQ.jpg,Horror,,
1707909,,The Probe Files,The Probe Files,en,A group of alien hunters search around surfers paradise for aliens but quickly get sidetracked.,,2026-06-04,/zqdmaYpSI9EylNh5qo61n2MU32v.jpg,0.3049,1,10.0,0,0,11,Released,False,/eqtqEpp6ZDXmanW0vVZtwaufQ5n.jpg,"Comedy, Horror",,
1708188,tt43351049,More,More,en,A mysterious door calls out to an unsuspecting victim.,Is it Enough?,2026-06-04,/gTf1vjjUxjZhZ45Y8ttWQxd3DeZ.jpg,0.1939,0,0,50,0,5,Released,False,/cRxd4gxkH6PPQ4XEgSWt2PInpQw.jpg,"Horror, Thriller",,
1708190,,Mami Está Aquí,Mami Está Aquí,en,"After the death of their brilliant but emotionally distant mother, two estranged siblings inherit her final invention: an AI built from her consciousness. Hoping for comfort, they activate the system and bring her back digitally, but the technology meant to reunite them begins to exploit their deepest fears and unresolved trauma. To save what remains of their family, they must face the illusion of eternal love before it becomes a permanent prison.",Her death brought them closer. Her gift tore them apart.,2026-05-29,/tTK482sRSOAlMCoh9GBNIT5kcS9.jpg,0.5722,1,10.0,0,0,15,Released,False,/cHwAwXhRWDrL0r3HFYzwNuVzgs2.jpg,Horror,,
1708236,tt38632789,Los Vampires,Los Vampires,en,"In 1930 Hollywood, a Spanish actor is cast in the night shoot of a soon-to-be-legendary vampire film, forced to imitate the English-speaking star who performs the same role by day. The two actors regularly meet at the transitory hours of their shoots, and a rivalry stirs between them. All the while, a string of murders are occurring on and around the soundstage.",Old Hollywood Needs New Blood,2026-07-21,/xHVRQN2B3qkOzEjd3TKZhdr9gGZ.jpg,1.7902,0,0,0,0,105,Released,False,/ssNpRP1AbzXKjXX1B5d6u6uiLkW.jpg,"Horror, Thriller, Mystery",,
1708239,tt40188240,Stockings: Songbird,Stockings: Songbird,en,Pop star sensation Marissa sets out to find a slower way of life in small town rural Tennessee. As she settles in she finds the town is not as small as she had hoped for and the spotlight may not have been left in the big city lights she attempted to leave behind.,,2026-04-30,/c7Cdei1e7RJ11cUsYLwrFL1KjVF.jpg,0.477,0,0,2500,0,80,Released,False,,"Horror, Thriller",,
1708241,tt38117143,Corpus,Corpus,en,"It’s the summer of 1998 in New York City; Sayo, a soulful nightlife photographer and small-time drug dealer, is invited to a party upstate by his longtime friend and unrequited love, a movie star on the rise: Vince Marlowe. Together with their rowdy friend Ross, they drive to a remote, bucolic manor in hopes of some summer debauchery. But when they arrive, they discover that the promise of a party is actually three mysterious women — Billie, Wren, and Cata — whose disturbing agenda draws the boys into a dark web of seduction and terror.",,2026-07-26,/qUSB21YnXYYf0RUk6CKqyChgJ0Z.jpg,1.2778,0,0,0,0,102,Released,False,/fGSJmmSIUnEzyRFpAqoNqtXOgKU.jpg,Horror,,
1708253,tt43442930,Big Break,Big Break,en,"Years after Simple Town split up, three comics reunite with their successful ex-collaborator, leading to a fight for their lives (and careers) as dark secrets are revealed, and these washed-up comedians learn what it really means to kill!",,2026-07-19,/n5wTK3Pkdfo7Z5Tn9Wx5JwDqFYr.jpg,2.096,0,0,0,0,87,Released,False,/o2kqbBNrQ13koYYq428SIZEOkC8.jpg,"Comedy, Horror, Thriller",,
1708289,tt43349405,BLOODSUCKER,BLOODSUCKER,en,"In her room, Katie talks to her therapist, Dr. Klein about her feud with Vicky Treehorn at school when her intentions turn sour and her victim mentality after calling her boyfriend might not be what it seems.",She lost herself.,2026-06-06,/6BHGqCm2PDU2CQzrSvtiudBqQmq.jpg,0.761,0,0,0,0,6,Released,False,/9mQyFK5IfEzZgERRS5vNJQcktId.jpg,"Thriller, Horror, Drama",,
1708324,,"Bethesda, MD Short-Circuited","Bethesda, MD Short-Circuited",en,A city reborn. Flare spews from it's edges. I see your flame.,,2026-06-04,/vxUVb8W0WTgXRtQSCAeQfsrQRxE.jpg,0.0218,0,0,0,0,3,Released,False,/8pB0FQl9hlK2SHRAg5KBhKoe0i2.jpg,Horror,,
1708387,,My Dearest Rosaline,My Dearest Rosaline,en,"Due to the unbearable grief of losing his wife, Maxwell seeks to run away from society, unaware of what's following him.","Not right now, but soon.",2026-05-04,/wNIXcUCrKlX5DWuSWd9UjSR6Gay.jpg,0.0193,1,10.0,53,0,11,Released,False,/rAmwOwpO87GX0kWqruhfCUEocYW.jpg,Horror,,
1708413,,Reunion,Reunion,en,"When an old group of friends get a mysterious invite to a high school reunion, things take a dark turn.","Long time, no see.",2026-06-04,/vrq0mfEdHL8qHUo3RYDUYq3LOys.jpg,0.645,0,0,0,0,8,Released,False,/rTxwGzOGBF0RuPkCcdnb6FE5Lgi.jpg,Horror,,
1708458,,The Bed She Made,The Bed She Made,en,"The Bed She Made delves into the devastating effects of smog and environmental degradation on women's health and reproductive rights, painting a poignant picture of suffering and resilience.",,2026-04-24,/hC7JZMjzNZe9ZZkboQTdxvPjzzc.jpg,0,0,0,0,0,8,Released,False,,"Horror, Drama",,
1708467,,Blog Stalker,Blog Stalker,en,A teenage blogger is stalked by a mysterious digital entity.,,2026-06-04,/1s5HJcmgWmlhoEB2myf0wB2iMwd.jpg,0.1295,0,0,0,0,7,Released,False,,"Horror, Thriller",,
1708493,,Tainted Blood,Tainted Blood,en,A vampire is overwhelmed by her greed of blood.,"Tainted blood, oh Tainted blood, oh",2026-09-11,/AuDfqhyHUrXM9Xc74Dn9AARge15.jpg,0.0481,0,0,6,0,8,In Production,False,/slt16UQdvVhUgn8bgjIP871A69s.jpg,"Horror, Science Fiction",,
1708531,tt41038862,I Love Paris,I Love Paris,en,"After being transformed into a vampire, a Parisian singer pursues stardom at the cost of her soul.",,2026-07-26,/sPQ7jvoh3sU1O3Kr0fL3mYs4dj8.jpg,1.4064,0,0,0,0,109,Released,False,/qNC9tnlXiQmwa9FtfoA0duyqjhy.jpg,"Horror, Comedy, Music, Drama",,
1708576,,Occupational Hazard,Occupational Hazard,en,A serial killer stalks the unsuspecting cast and crew of a small town haunted house on Halloween night.,,2026-05-01,/cVeqLrRt65uhSvVthnOhf30AuVb.jpg,0.0343,0,0,700,0,23,Released,False,,"Horror, Comedy",,
1708590,,The Jabberwocky,The Jabberwocky,en,A man in debt is presented with an ultimatum.,,2026-06-09,/lu2HHtgDxsqucoU4dlFD814ckGk.jpg,0.5789,0,0,0,0,8,Released,False,,"Thriller, Horror",,
1708621,,Don't Rush Me,Don't Rush Me,en,"After beating her sister into the shower, Alex begins to hear strange noises coming from outside of the bathroom.",,2026-06-02,/dKpLLz6pMmGTAVnhQ4W7DVhY6cL.jpg,0.1239,0,0,0,0,7,Released,False,/uL8DPX6tEDAzc2d6QUMnF0I0c8.jpg,Horror,,
1708791,tt43378732,Pretty,Pretty,en,"After contact with the ghost of a murdered young girl,  Pretty becomes obsessed with uncovering what happened.  But as strange occurences plague her home and violence creeps closer, she finds herself in a twisted game of love, murder, and jealousy.",witness the horror opera,2026-05-03,/y7WiKVpVRr2zfFOAUkMG6DuvYqp.jpg,0.4071,1,8.0,2000,0,123,Released,False,,"Fantasy, Horror, Thriller",,
1709095,tt41810573,Die Die Delta Pi II: The Burnt One,Die Die Delta Pi II: The Burnt One,en,Thirteen years after the last Delta Pi massacre a new group of sorority sisters decide to get the Delta Pi sorority up and running again. Little do they know that a new killer has emerged taking out the sisters one by one. Will they survive? Or will this massacre be the worst one yet???,,2026-04-05,/eipwDhU5ieuCoyg037weaMY8LL.jpg,0.7866,0,0,0,0,67,Released,False,,Horror,,
1709134,tt36547467,Horrorcane,Horrorcane,en,"A couple leases a south Florida estate that's home to an antique mirror which is a gateway to other dimensions - including a malicious demon realm - and once in, there may be no getting out. Vengeful contractors, supernatural entities, and a psychopathic realtor further complicate matters, all while the coast braces for a fast-approaching mega storm.",,2026-06-24,/rsI5MXVWyTLF5I3Mz9cfAxekg0F.jpg,1.2961,0,0,0,0,75,Released,False,,Horror,,
1709330,,Buggy Trails,Buggy Trails,en,Man misses his turn and ends up on terrifying road,Some Paths Don't Lead You Out,2026-06-06,/2Y66UOLOGCAB4J3Vj3gcLtDV9WY.jpg,0.0495,0,0,100,0,4,Released,False,/yWQDA6NRy8SazA63atqZ6Vj5eHq.jpg,Horror,,
1709426,tt43341538,Промил,Per Mille,en,"After getting behind the wheel drunk, a driver enters a dark road where strange and unsettling events begin to unfold.",A drunk drive turns impossibly sinister.,2026-06-03,/eghCE8ygnTveHBNIonnFmrPFV2S.jpg,0.2768,0,0,0,0,4,Released,False,/8FdQk5QMOPWgod8XfYcAxg7Yf59.jpg,"Mystery, Horror",,
1709459,,The Thirst,The Thirst,en,,,2026-01-30,/fPIzwuTpcdL13aDcKCmhc7b87Xd.jpg,1.6092,0,0,0,0,0,Released,False,,Horror,,
1709606,,That Time I Left,That Time I Left,en,"A performance piece. With audio visual projected onto a screen and a performer in front of it, facing the audience, demanding they give her what she seeks.",A Girl.  Locked in a house.,2026-06-02,/1EVgOiwfDfhjPBwoyxNfBHF56DD.jpg,0.0318,0,0,20,0,3,Released,False,,Horror,,
1709676,,"Rest Well,","Rest Well,",en,A hopeless patient is transferred to Dr. Hilton for a therapy session. Little does she know that he carries a dark secret as a part of his treatment...,Careful Who You Trust...,2026-03-13,/3LvckNrmiGFYW3Rg89qdLrUgsOs.jpg,0.3996,0,0,500,0,9,Released,False,,"Drama, Horror, Thriller",,
1709725,tt38633988,The Vanishing Tour,The Vanishing Tour,en,"When a struggling band is carjacked and stranded in the desert, they seek shelter at a mysterious compound that houses a dangerous secret.",,2026-06-20,/9FEG6SDdWiTRyzucBHyzcyZDiQ9.jpg,0.5916,0,0,0,0,89,Released,False,,"Thriller, Horror",,
1709741,,Duplicitous,Duplicitous,en,"When Max moves in with his new roommate Jack, he quickly realises that things aren’t at all as they seem. As days go by and secrets are discovered, will he get away with his new found knowledge?",All he wants is your approval.,2026-02-20,/crl4U2ohTEF3p8AhreSyk5Tvk9s.jpg,0.0071,0,0,0,0,8,Released,False,,"Crime, Horror, Thriller",,
1709743,tt43394899,Rush Week,Rush Week,en,Sorority House (Omega Sigma Theta) gets invaded by a stranger in a poodle mask. He tries to pick off the girls one by one until there’s nothing left.,,2026-06-05,/orIBHLM9BDTDg23c9pRKohUsAJC.jpg,0.0791,0,0,0,0,6,Released,False,,"Horror, Comedy",,
1709766,,Legacy,Legacy,en,A twisted man attempts to cement himself in the history books. Or does he?,What length will you go to cement your legacy?,2026-01-18,/enbjB9d0yZp2eUPszVXDNmXvm95.jpg,0.0453,0,0,0,0,5,Released,False,/w1WiI7bkYkGwJznqTN6s1kxmY13.jpg,Horror,,
1709777,,Paranormal Tapes,Paranormal Tapes,en,A teenager named ventures out into the wilderness of his backyard after hearing a strange sound.,,2026-06-06,/h7aathKaXFC4GOfxC9jpsNuwbIw.jpg,0.0311,0,0,0,0,3,Released,False,,"Horror, Documentary",,
1709914,,Left Behind,Left Behind,en,A deaf man searches for understanding.,A deaf man searches for understanding.,2026-06-04,/8fMeklAPc8BLbk4Ly0hQuKhYc4.jpg,0.9762,1,10.0,0,0,7,Released,False,/1UZmLDty9197D9514C3Icu6R5hB.jpg,"Horror, Drama",,
1710047,tt43382941,Nothing at All,Nothing at All,en,A happy couple's relationship is thrown into chaos when they discover that they may have never truly known one another.,When was the last time you did something you really wanted to do?,2026-04-25,/dT71hNaYS0uAqHFVpVFWeewLjzH.jpg,0.1989,1,10.0,2000,0,9,Released,False,/1YndAG8v2MviCc6hdpNElGMGL6W.jpg,"Thriller, Horror",,
1710120,tt37988675,Depths of Fear,Depths of Fear,en,"A team of divers enters one of the deepest holes in the ocean, but they discover more than they expected: something has made that deep hole its home and now they will have to fight for survival.",tt37988675,2026-07-21,/vEEYVekmatxFotitjIpvYIBp8Sb.jpg,0.2569,0,0,200000,0,78,Released,False,,"Horror, Action, Adventure",,
1710139,tt43407140,A Thousand Bombs in My Belly,A Thousand Bombs in My Belly,en,"Amidst a world at war, a newly orphaned child fights to survive.",survival,2026-06-07,/duIrcjhkEKfGbHtYeAginHTY0t9.jpg,0.1297,0,0,0,0,10,Released,False,,"Animation, Drama, War, Horror",,
1710576,,Atypical,Atypical,en,Teenage girl (Mavis) finally comes face to face with a strange man that has been following her around for months now.,It’s too human to be human.,2026-06-12,,0.1128,0,0,0,0,8,Released,False,,"Drama, Horror",,
1710590,,Algal Doom,Algal Doom,en,"Inspired by the ongoing algal bloom crisis plaguing the beaches of South Australia, this stylised thriller features a paranoid man who encounters a strange foam.",Beware the Foam!,2026-02-07,/rfMHvpkIuOEr6qo6NkZ8nQdQU7h.jpg,0.0982,1,10.0,0,0,3,Released,False,/ayu0lJkd8wCxiuxxkUaZ1GB0KNl.jpg,"Thriller, Horror",,
1710666,tt40415634,Outsiders,Outsiders,en,Davey's Chambers life is forever altered when an alien invasion forces him to survive with strangers inside of his compact flat.,,2026-10-10,/cSIx8hpU1qEiPLfFzUpGovbtPR5.jpg,3.2871,0,0,300,0,17,In Production,False,/ug8FIVVNYNyCFOXIV39OJrEkpo3.jpg,"Science Fiction, Horror",,
1710835,,Black Annis,Black Annis,en,"Following a personal tragedy, Ann becomes aware of an eerie presence stalking her every move, as frightening changes begin to occur.",,2026-06-22,/tNZXA6gteZVZdRzu9XU53jGBDnh.jpg,2.9568,0,0,3600,0,10,Released,False,,Horror,,
1710840,tt43330241,Girl in the Closet,Girl in the Closet,en,"A terrified teen hides in the closet after texting, ""Someone is in the house."" But when the man upstairs discovers what's really happening, he realizes the nightmare is far worse than a break-in.  Director","Girl in the Closet is a chilling horror short about fear, grief, and a demonic presence lurking inside a family home. As the Dark Man searches the house, something unnatural waits in the shadows — and the final reveal will leave you uneasy.",2026-05-30,/3U5WK2WqiEFqAkcmolvpD1F4g3s.jpg,0.266,0,0,1,0,3,Released,False,,Horror,,
1710857,,Paranoid,Paranoid,en,"You might be wondering, what could possibly go wrong at a sleepover? Well, after five boys watch the scariest horror movie ever, everything goes wrong. But amid all the innocence, is there perhaps something dangerous lurking?",Is anyone there?,2026-06-23,,0.0431,0,0,0,0,5,Released,False,,"Comedy, Horror, Thriller",,
1710996,,Sink,Sink,en,The third short film by Edward Pettitt.,ENTER THE BUBBLY VOID!,2026-05-16,/1sRBi8pjkrA64P2WWXTQDUMq8aO.jpg,0.1752,0,0,0,0,2,Released,False,,Horror,,
1711061,,AFTERSLICE,AFTERSLICE,en,"A guy wants to enjoy a slice of pizza, but a traumatic event from his past comes back to haunt him.",Taking your life by the slice,2026-06-08,/3zR0zl0Ild3mcQ2yjhu9HN0b6l1.jpg,0.0143,0,0,0,0,4,Released,False,,"Horror, Comedy",,
1711070,tt43439559,VIOLATION,VIOLATION,en,A new safety hire reenacts the company's past workplace tragedies to convince her coworkers that ignoring safety protocols can heave deadly consequences.,,2026-06-07,/p7DxcwM3bL0WF54gyWGEUyxYmhG.jpg,0.8312,0,0,1000,0,6,Released,False,/bB3GjthzNSq0YKjP5YMFTmap3ae.jpg,Horror,,
1711104,,Agatha,Agatha,en,"A murdered victim of abuse returns to take revenge on humanity, drawn toward a young man whose troubled psyche may draw more similarites to the dead than he first thought.","The world is filled with monsters, I was just the only one to realise...",2026-06-01,/5YbbA2rHd61N0ZAmCIlIgqEXhhB.jpg,0.537,0,0,0,0,64,Released,False,/l5MXHsuPZ7B3akU8lDjJKnVgOer.jpg,"Horror, Thriller",,
1711175,tt41516436,Summerween,Summerween,en,"A former circus clown escapes a mental institution on the tenth anniversary of his first kills. Now, as unsuspecting high schoolers throw a Summerween party at the clown’s abandoned mansion, a police officer and father to one of the party goers must rescue his daughter before the clown kills again.",He’ll make you smile… by any means…,2026-06-26,/oCsyamu5ixofd3yyK9gD7pGfCiF.jpg,37.5124,3,5.7,0,0,87,Released,False,/25N840Us9DC7JY6WSxKCsHSjDsu.jpg,"Horror, Thriller",,
1711204,tt43439828,Sleep Through Summer,Sleep Through Summer,en,An incarcerated man is forced to take a dance class as part of a mysterious rehabilitation program.,How are you feeling?,2026-01-01,/vyksJRvVOPNZIc9hHstqzD4FFTD.jpg,0.646,0,0,0,0,16,Released,False,/eQSbin169lkJUdn4btZ1L8us2ew.jpg,"Horror, Drama",,
1711282,,wyrdo,wyrdo,en,A Christmas dinner party is interrupted by an uninvited guest.,FATE BINDS US.,2026-12-25,/ugCPRTqHrJrr0rHKXtpxYyx6tIJ.jpg,1.8712,0,0,5000,0,40,Post Production,False,/1Lerriy7YRGCq8JDRwLQWwnwEcZ.jpg,Horror,,
1711337,tt42978729,The Penningtons,The Penningtons,en,"In 2020, the crew of the online show The Truth Trackers went missing while investigating the Pennington family's underground film empire. This is a compilation of the footage that was mysteriously uploaded after that night, records obtained through FOIA requests and additional footage captured by live stream viewers.",,2026-06-04,/evwWm4vQnhztJAy9vWNqdRCc3wT.jpg,0.0892,0,0,0,0,14,Released,False,,Horror,,
1711365,,BEHIND YOU,Behind You,en,The main character goes to a thrift store; he finds an old camcorder. He tales it home then he discovers something no man should see,Be careful what you see,2026-12-05,/77VDZxwmu6DrFfJkKJnjL2RPIaM.jpg,1.0451,0,0,1000,0,35,In Production,False,/uhdqvl0S1EOsECWIodTQZ4Jv2ar.jpg,"Horror, Mystery, Thriller",,
1711633,,Predawn,Predawn,en,Two boys peeking at a cult ritual.,,2026-06-10,/whCAS6Yfckj6FDoFgdctfMhoIdf.jpg,0.0379,0,0,0,0,3,Released,False,,"Horror, Animation",,
1711755,tt42127464,Dead Signal,Dead Signal,en,"After zombies invade a 90s college campus, a snarky security guard must use a walkie-talkie to help an awkward student find his younger sister.",The Signal ain’t the only thing that’s Dead...,2026-04-19,/go7EmiXvFpDIpUGvsmGVLlLQiGc.jpg,0.0754,0,0,0,0,10,Released,False,/cFpMAZHfv8npJrqF3WddAVMGZH3.jpg,"Horror, Comedy, Action, Adventure",,
1711819,,The Door,The Door,en,"Trapped in an empty room with only a single door, a girl wakes up alone and steps through it. From traveling through time to encountering mysterious hooded figures, each room leads her deeper into the unknown.",,2026-06-16,/sPRJS8RfEvNTUOoSpdkPUzQTBEa.jpg,0.4379,0,0,400,0,4,Released,False,/bczmue3MCAaaTgmX1jnc5o3xKpu.jpg,"Drama, Horror",,
1711900,,There Is No Escape,There Is No Escape,en,"A twin seeks to get answers about the death of his dead brother, only to discover a repressed memory has come back to haunt him.","""THE TRUTH COMES FROM WITHIN""",2026-06-10,/3Wo2STEwa8FfxiDtHNXlnZHVP3q.jpg,0.1221,2,5.5,0,0,5,Released,False,,"Horror, Thriller, Drama",,
1711953,tt37541719,Red Rabbit Lodge,Red Rabbit Lodge,en,"In an attempt to put her traumatic past behind her Abigail Mason moves to Red Rabbit Lodge, a sanctuary for foreign students. Unbeknownst to her, he house has a history of blood, mayhem and a sadistic killer residing within the walls.",,2026-06-19,/2v9fk0A4Eilh4HcbFlLT5WHK31M.jpg,2.2549,0,0,50000,0,0,Released,False,/nnxMGNxIH7TG5dLi8IXhHmXib3k.jpg,Horror,,
1712017,,Choke the Handle of the Blade,Choke the Handle of the Blade,en,"A kitchen knife, a tool used to express love through cooking, becomes implicated in a violent crime when an abuser attempts to kill his partner.",,2026-06-04,/7qZW2Tmf5gDypbiJdR1sgDVyxfu.jpg,0.1668,0,0,2200,0,9,Released,False,,"Thriller, Horror",,
1712076,,Peccatum,Peccatum,en,"Peccatum is a poetic coming-of-age story about two young women growing up in a secluded Christian community. When one of them loses her parents, she seeks comfort and salvation in pagan spirituality. Amid shared moments of intimacy and innocence, a bond begins to form between them—one that gradually comes into conflict with faith, guilt, and the fear of being discovered.  Inspired by the work of Sofia Coppola.",,2026-06-10,/6orKvEHvW2peO1jP7BS3JkpYdP1.jpg,0.2192,2,10.0,0,0,13,Released,False,,"Mystery, Romance, Horror",,
1712124,tt43463019,Escape from Cannibal Zero,Escape from Cannibal Zero,en,"Three students are captured by a dangerous cannibal. When their lives are on the line, the meekest and most timid member of the group must finally find the courage to stand up for herself if any of them are going to survive.",Assignment: Interview a Cannibal. Final Test: Survive.,2026-06-04,/v1SLr3e4okd7tDD8jhU8QXB0iyY.jpg,0.0582,0,0,2000,0,64,Released,False,/6EFt0W3mFpaahCdMBztzm8RlLGt.jpg,Horror,,
1712166,,PRETTY KIND,PRETTY KIND,en,"A young man and a young woman go on a date. During the date, the man comes across as exceptionally polite and well-intentioned, even earning praise from the woman for these qualities. However, as the evening progresses, he begins to realize that, despite her appreciation, she does not see him as a particularly attractive or desirable romantic partner. The atmosphere of the date gradually becomes tense and uncomfortable. Convinced that being “too nice” was a mistake, the man becomes determined to make up for what he believes was an error on his part.",A good man. A bad conclusion,2026-01-05,/2Xy31H397Tv7O8Vm601TtZysFL3.jpg,1.4922,0,0,750,200,8,Released,False,/drwPVcbNMnge09Bq4tCwhQrvmc3.jpg,"Thriller, Horror",,
1712272,,Late Night at Video-Smart,Late Night at Video-Smart,en,A man working the late shift at the local video store has a strange encounter.,NEVER work late nights at Video-Smart,2026-06-05,/xmcdjNuUSWCzOoGy1fluKCbsAkp.jpg,0.9629,0,0,1500,0,4,Released,False,,Horror,,
1712275,,Boy Likes Girl,Boy Likes Girl,en,A boy rescues a girl who he finds wounded in a pile of rubbish.,Girl hates boy.,2026-06-20,/oSBxJOAG8syQgg8sPWn3AouvsxM.jpg,0.2851,0,0,20,0,16,Released,False,/45KPhpF7TgP6n0BupzaB7JinkdD.jpg,"Horror, Romance",,
1712278,,R.E.M.,R.E.M.,en,"Guinevere begins having disturbing nightmares about her boyfriend. As the dreams grow more vivid and frequent, she gradually loses the ability to distinguish them from reality.",,2026-12-15,/rX1hW0bxXJxSPhLgFNtCfIxhfbC.jpg,0.7612,0,0,10,0,0,In Production,False,,Horror,,
1712306,,Get to Work,Get to Work,en,A man struggles in his bathroom through a severe panic attack as he desperately tries to work through it and get to work on time.,"Panic, panic, get to work!",2026-07-08,/lqbKy2wM8lal7oKqVgMOWclZHIP.jpg,0.186,0,0,0,0,2,Released,False,/mejRV5uxweE2rKOwToOPvSR4lkA.jpg,"Animation, Horror",,
1712405,,Bug Bite,Bug Bite,en,"On a remote Australian farm, a weary farmer crosses paths with a wounded stranger desperate for help. What begins as an uneasy act of kindness quickly spirals into a nightmarish fight for survival, as something far more sinister than an injury reveals itself.",,2026-06-27,/m7aqs45n7tDklnzd3Nz8k4lsEHi.jpg,1.43,0,0,0,0,5,Released,False,/dtUf3dmydpCuI6rmoj5aTiMoyyz.jpg,Horror,,
1712409,,The Ball Pit,The Ball Pit,en,May 8th 2003,,2026-05-08,/5qOzST0qTKBTVu72nmnLtdRYgTG.jpg,0.0735,0,0,0,0,6,Released,False,,Horror,,
1712415,,Exposure,Exposure,en,"Desperate for money, a struggling photographer accepts a high-paying anonymous photoshoot in a stranger’s house.",,2026-06-27,/gxlaJpodlRdzLvvSO9xF4R2n9LG.jpg,0.0812,0,0,0,0,0,Released,False,,Horror,,
1712454,tt41517310,Shark Frenzy,Shark Frenzy,en,"A family vacation goes wrong when their daughter and her friends get lost at sea on a fishing boat. When that boat is destroyed, they survive in a row boat, then the open ocean. Her parents race to find her as sharks circle ever closer in a deadly fight for survival.",A fun day on the water may be their last…,2026-07-17,/A1dZIibysmc8fi5W4q18oJ2aSo4.jpg,2.3465,1,10.0,0,0,82,Released,False,,"Horror, Thriller",,
1712462,tt42407238,Giovanna,Giovanna,en,"A mother cooks breakfast for her daughter as she studies for an exam. The mother, June Amaia, tells her daughter, Rue Amaia, to take the family dog out for a walk. Rue tries to study while walking the dog but loses track of her. On Rue's search for the dog, she encounters strange things in her backyard forest, wondering if she will ever find her dog. Or...If Giovanna will come back as...something else.","This June, The Darkness Follows You Home",2026-04-23,/lNres4vxlBUdLU7cT3naVnhLcjj.jpg,0.0763,0,0,1500,0,13,Released,False,,Horror,,
1712471,,Light 3,Light 3,en,A revenge short made for the 48 hour film project Brisbane.,,2026-06-27,/nHxLA5Uq1AiYbfKh0TCoyDLLC5G.jpg,0.3366,0,0,0,0,5,Released,False,/mxQVPYBQB7FtOWjkcJ1xJxycDaU.jpg,Horror,,
1712476,,Lilith,Lilith,en,"A girl is walking home from a party when all of a sudden, strange things start popping into her mind. Is this reality? Is this fake?",Party grrrl,2026-04-18,,0.0955,0,0,10,0,5,Released,False,,Horror,,
1712480,,The Confession,The Confession,en,"As a priest listens to a distraught woman’s confession, he begins to realise she’s after more than forgiveness.",Some sins can't be forgiven,2026-06-27,/99dEnuNmMR3QyaBqiElVVOPlZYB.jpg,0.8189,0,0,0,0,7,Released,False,/1p7PGVryUAmQAa13QqE81RJY1Qr.jpg,Horror,,
1712486,,Are You Human?,Are You Human?,en,On a mysterious game show a young woman is forced to prove herself more human than her competitor.,Only fear makes us different.,2026-06-25,/jhLAwklDytchaBxn7TGRAoDwgan.jpg,0.1211,0,0,220,0,4,Released,False,,"Science Fiction, Horror, Comedy",,
1712627,,Get this on camera!,Get this on camera!,en,A cameraman looking for work gets hired by a psychopathic kidnapper and murder to record his next victims being killed.,This is prime material,2026-06-12,/agzoCLnyN5FYrrhhQKw1LJHVMpn.jpg,0.08,0,0,150,0,9,Released,False,,"Horror, Thriller",,
1712828,tt38890293,Water Park Shark,Water Park Shark,en,"Sharks breach a seaside water park during the debut of a new ride, forcing a lifeguard and the town’s police chief to contain the chaos and protect guests from becoming prey.",No food in the pool. Except you.,2026-07-18,/eIWgTZIoExUfnEZOsCsNXs9y5Aw.jpg,5.5711,4,6.5,1000000,0,91,Released,False,/lCEB4vJMHiT8KEWJ7h2dpM5Zya1.jpg,"Action, Comedy, Horror",,
1712843,,The Hostile Rat Takeover,The Hostile Rat Takeover,en,A disoriented young woman finds herself in over her head when the package she orders comes with a surprise creature.,Would you like to secure your package with rodent protection?,2026-06-24,/7XUS1pzzAWOrcz1QWnDQ6TmcZTu.jpg,0.3912,0,0,1000,0,17,Released,False,,"Comedy, Horror, Drama",,
1712905,,When Fate Feeds,When Fate Feeds,en,When a mysterious character approaches Aria in college. A growing tension and hints of a cursed past reveal more and more about their relationship and what they really mean to each other.,"DOOMED BY FATE, BOUND BY LOVE.",2026-06-11,/fk9lhUzW8ETCYekYzhCEnVKyXEc.jpg,0.2303,1,10.0,67,0,7,Released,False,,"Drama, Horror, Mystery, Comedy",,
1713015,tt43498511,Pass the Salt,Pass the Salt,en,"Alexander Watson a working detective. Is searching for a recent missing person named Jack Davidson. A family invites him to dinner to discuss information they might know, to help solve the case.",We're pretty sure it's not salt.,2026-06-20,/lX5qTfbPLmW27uvlOOFJxd8LzpN.jpg,0.6219,0,0,300,0,6,Released,False,/siw9gTJkDmPTgTJ1gGiKo9oCrWv.jpg,"Thriller, Horror",,
1713160,,Look At Me,Look At Me,en,,A sleazy photographer gets more than he bargained for when the model he took advantage of returns as a monster.,2026-06-12,/49P9aSiCTLll0CFyNGyG92vEIK3.jpg,0.1841,0,0,0,0,3,Released,False,,Horror,,
1713431,,3AM,3AM,en,A clickbaiting 3AM YouTuber is haunted by something very real,Gone Wrong,2026-06-12,/muxPaDdfrOOyAEhg7HYxmYFdITF.jpg,0.0409,0,0,125,0,12,Released,False,,"Horror, Comedy",,
1713497,tt43441510,Vape Glow,Vape Glow,en,"Told entirely from the perspective of a recalled vape pen, Mike puffs around a dark vacation rental, illuminating it during an unusual blackout.",Find your glow,2026-10-17,/vAhKzjFokm37UnhYmszpH78lg9X.jpg,3.3538,0,0,0,0,5,Post Production,False,/uEZYj9m3UjQbNUsFt6IMxDxNUvW.jpg,Horror,,
1713550,,Blog Stalker: The Search,Blog Stalker: The Search,en,The sequel to Joseph Torres's original film.,,2026-06-12,/8gaPPOnwSaIKIg02fzTh4FbBkhS.jpg,0.118,0,0,0,0,6,Released,False,,"Horror, Thriller",,
1713680,,Прощавай,Fare Thee Well,en,"Loco wakes up in bed with a stranger. They turn to a therapist for help. Suddenly, after an argument, Loco dreams of his wife. When he wakes up, he finds a terrifying creature in the bathroom.",Do I know you?,2026-06-07,/hxEmwbemKm1hcsl0bHqhzyE7WCh.jpg,1.1453,0,0,253,0,14,Released,False,/pUbSkPPJmqHr0e0yHLYk78NLUbc.jpg,"Thriller, Horror",,
1713821,tt33481873,Stalker Gone Viral,Stalker Gone Viral,en,"When a social media influencer and a streamer go on a date that goes awry, paranoia and jealousy spiral in a surveilled mess. Both clashing personalities must fight for the spotlight to present the real truth to their viewers.",Everyone likes being followed until it's in real life,2026-06-12,/e6nfn4YOjgkpwlG2oVKiILwcIuS.jpg,0.272,0,0,0,0,127,Released,False,,"Horror, Comedy",,
1713962,tt27986547,Night of Blood,Night of Blood,en,"Six strangers enter a cash-prize endurance challenge at the Val Verde Hotel, a location infamous for a fatal explosion and rumors of being haunted. Instead of being stalked by a physical, masked serial killer, the contestants face immersive, supernatural scares when the hauntings at the hotel turn out to be all too real.",,2026-06-16,/sa7Ko9iXItGwtBmsBSehSyz6mk3.jpg,3.1839,2,10.0,0,0,91,Released,False,,Horror,,
1714195,,Devils Lake,Devils Lake,en,"When a group of kids go to the small town of Devils Lake for a bible camp, they are soon thrust into a cosmic reality of paranoia and terror following the mysterious death of their camp counselor.",I met God and he is not happy.,2026-08-05,/t8A132aMxBhflafB6DWLt0bUeUk.jpg,0.2822,0,0,3000,0,95,In Production,False,/2Kc3FhTNGiYWN2DeciCM3EXy8Xy.jpg,"Horror, Fantasy, Drama",,
1714529,,40 Wacks,40 Wacks,en,When a group of friends wander into a long abandoned home they soon discover that a evil spirit is among them.,INSPIRED BY THE INFAMOUS RHYME,2026-06-17,/ze49KzxmDoTmKfhixdUQWaKjPkV.jpg,1.6184,0,0,0,0,3,Released,False,/oTmh7yJGGs6SJo0EXjRIGnczGYK.jpg,"Horror, Animation",,
1714638,,Overcooked,Overcooked,en,"Alex Angelo Albano, a youthful chef, stuggles with his work life taking over his whole life...",You got work to do,2026-06-23,/s04RLK1P22ObYiaPbdM05uAh8oq.jpg,0.0541,0,0,0,0,8,Released,False,/bMPJfn5gA6sSg77HU78t5RgqXKJ.jpg,"Horror, Thriller",,
1714671,,The Little Penis Killer,The Little Penis Killer,en,"After finding a secret camera hidden in his best friend’s bathroom, an insecure young man becomes something much more sinister.",NO PENIS TOO SMALL,2026-05-29,/qcDnn4TFfsY7DQEsRML1qnPaHkO.jpg,0.055,0,0,0,0,8,Released,False,/Rgl42pV18JZqpiHSeKTQv7dU7g.jpg,"Comedy, Horror, Crime",,
1714880,tt38119130,She Saw Us,She Saw Us,en,"When four friends discover a cursed two-headed doll in a remote forest, they unleash a vengeful witch who traps them in a place from which no one has ever escaped.",,2026-09-04,/kDWQnfTF9aoLOIqcstfFudqA5AR.jpg,0.7731,0,0,3000000,0,77,Post Production,False,/f2yjpQjXf2SAS90XmKfH4Z5R0o6.jpg,"Horror, Thriller",,
1714990,tt35698058,The Dream Machine,The Dream Machine,en,"Victor Neff moves into a new apartment and discovers a strange machine in the basement. Made of scrap metal, wires, and old television sets, it allows him to enter other people's dreams. But dreams are not empty, they are crowded with secrets, fears, and the dreamers themselves. - Based on the critically acclaimed point-and-click adventure game by Cockroach Inc.","Enter a world where dreams are built from stolen fragments, and one man's curiosity traps him in a nightmare.",2026-07-12,/fQfsG1Qm1jqffjUa1fEq2Cw92JT.jpg,0.6765,0,0,6700,0,10,Released,False,,"Science Fiction, Horror, Thriller",,
1715037,tt43615014,Pass the Bottle,Pass the Bottle,en,A reckless addict is taken on an unexpected journey that forces her to fight for survival.,,2026-08-25,/s2mCVlnbtCEL00vPVgY66bhDxIn.jpg,0.6755,0,0,0,0,3,Post Production,False,/iDGsMhNed6MpHHkWjU1SNMBRvbM.jpg,"Music, Horror",,
1715068,,"Cuidado, Garoto","Watch Out, Kid",en,"A young man is drawn to a handsome guy, but his insecurities stand in his way.",Mel wants to hook up.,2026-07-04,/1Ewm0FcHBdpEfNdqioFQ2T9h3n2.jpg,1.2039,0,0,21800,0,9,Released,False,,Horror,,
1715105,,Spring is here.,Spring is here.,en,"An experimental short film that contrasts the beauty and intrinsic optimism of the coming of Spring with the grimy digital textures of lo-fi video. Backed by an atmospheric soundscape of distant birdsong, distorted static, and otherworldly sounds, the work explores evocative and contemplative themes of reminiscence, nostalgia and environmentalism.","Once in the Distance, Now is Here. All is Gone, Year After Year.",2026-06-25,/vgckeTyQZ96LbjUaBraRBXnOYfo.jpg,0.2627,0,0,0,0,3,Released,False,/2p1z26GYxpo8iPDy6qSa5Nv5agn.jpg,"Horror, Mystery",,
1715188,tt42177477,Crna Svadba,Black Wedding,en,A young village girl is forced to marry a deceased young man in order to save her family.,,2026-05-03,/uQBScTdVwl4kBe1EfBJEHyNWrC2.jpg,1.3662,0,0,10000,0,8,Released,False,,Horror,,
1715208,tt34790119,The Town That Takes,The Town That Takes,en,"After his young son vanishes during a family road trip through a remote backwoods town, a desperate father joins forces with two detectives to uncover the terrifying truth behind the legend of CROATOAN. As the town's dark secrets unravel, they realize something ancient is hunting children.",,2026-07-10,/5wMIprntIY6VLO3tBA1TChHGUbg.jpg,0.6341,1,10.0,0,0,93,Released,False,,"Action, Horror, Mystery",,
1715282,tt43575439,Death by Roux,Death by Roux,en,"A married couple throws a dinner party for their neighbors, with a special gumbo recipe on the menu.",The pot is getting stirred.,2026-06-25,/pDPfQ8GJWCCI4Zs66Py5GWEMTys.jpg,0.3477,0,0,500,0,8,Released,False,/8tigxJ1meXL7tRcROQ6ld6qxH1C.jpg,"Comedy, Horror",,
1715325,,Roadkill,Roadkill,en,"An unknown man is on the loose, murdering people and leaving them on the side of the road. You must be careful when driving, or you could be next.",You never know what you'll find on the side of the road...,2026-06-18,/p5PYrTlLUmuDYxGDJDC7VuKmgyJ.jpg,0.2207,0,0,0,0,5,Released,False,/52suQBE17GFrmKoOueAE86v1Iar.jpg,"Thriller, Horror",,
1715359,tt33078873,The Damned Thing,The Damned Thing,en,A coroner’s inquest into an inexplicable death reveals the presence of an enigmatic creature.,,2026-05-14,/uOlCDj9vLuBUWTsrjSSQkJfVJ2.jpg,1.9851,0,0,35000,0,19,Released,False,,"Horror, Mystery, Drama",,
1715363,tt37941005,Book U Can Ask ???s,Book U Can Ask ???s,en,"Mikey likes to get high. Especially before bed. But you know what ruins a good high? A ghost with bloody teeth standing in Mikey's kitchen just breaking her ikea dishes. So Mikey goes to check it out and ask the ghost wtf his problem is. It's simple, he was killed in this house 150 years ago to the day and he's here to haunt the descendants of the man who murdered him. Fair enough, says Mikey. But a corporation actually bought the building back in the '80s so the descendants are long gone. The ghost is sad. But Mikey can still help. A targeted internet search will do the trick. And in the process, she'll teach the ghost about modern times while she helps him find the right jerk to haunt.",,2026-06-19,,0.229,0,0,0,0,6,Released,False,,Horror,,
1715368,,She Wolf Fever,She Wolf Fever,en,"Sandy goes on a date at Michael's house. It's not a full moon, so nothing bad can happen. However, when they get hot and heavy, Sandy begins to transform. Oh no - will this be their final date???",Give me the fever,2026-06-13,/oHvHhbXhwDuOdM0fdeAPSp61n2Y.jpg,0.3358,0,0,0,0,8,Released,False,,Horror,,
1715381,,Full House,Full House,en,"Two rival bingo goers compete in a tense, bloody and gory standoff to win the coveted big money, full house prize.",Are you still having fun?,2026-06-12,,0.7683,0,0,0,0,6,Released,False,,"Horror, Comedy",,
1715456,,Man in Hole,Man in Hole,en,"Experimental animated film incorporating cut out animation and direct animation over top repurposed footage from ""Traveling Disturbance"" (2025) rephotographed on Kodak Tri-X 16mm reversal film",Nothing Profound,2026-04-27,/e5npE92mv9ZfVDSRaExPyqlpP1x.jpg,0.0634,0,0,0,0,4,Released,False,,"Animation, Horror",,
1715560,tt40647489,Backwoods Blood Feud,Backwoods Blood Feud,en,"After a failed heist, a group of fugitives hide in a remote winter forest-only to discover two monstrous factions locked in a savage blood feud. Trapped between them, humans quickly become prey.",,2026-06-22,/pMjVMQvwVEmpffyQUrE4PI0ETJN.jpg,2.0192,1,10.0,0,0,85,Released,False,/55CRQ9no0SW3NrSHi9bmM6BOfl2.jpg,Horror,,
1715726,,Get Ahead,Get Ahead,en,"In a bowling alley, Jane Doe fails to hit a single pin. The solution? Use her head.",Heads will roll…,2026-06-16,/1kXYXorPBZMERYo00RhuCSXP3pR.jpg,0.1021,0,0,200,0,10,Released,False,/5ymBDrDmBVCTnEz61tsgB7tIO6v.jpg,Horror,,
1715748,,Redneck,Redneck,en,"Raised in an isolated Appalachian clan where redheads steal souls to survive, a young woman is forced to choose between embracing her monstrous nature or clinging to what remains of her humanity.",,2026-06-19,/emM2IVYHTASCCaOKb4semdh5S2M.jpg,0.686,0,0,50000,0,12,Released,False,,"Horror, Fantasy",,
1715753,,"Girls, We're Killing It!","Girls, We're Killing It!",en,"In her desperate attempts at finding community during her college years, Adele decides to join The Girls--an exclusive sorority who are the source of dark and twisted rumors. But as the rituals begin, the lines between an elitist club and a cult blur and our heroine finds herself at a point of no return.",Girlhood leaves marks...,2026-07-09,/skUMspy6WbQQZib7KFpTZ4UXN7D.jpg,0.0997,0,0,1200,0,18,Released,False,/yyyXOIjvK0sbxjiiDlzWPjaRGGD.jpg,Horror,,
1715754,,Beings,Beings,en,A lady from the 1920s works at her desk when suddenly she gets approached by unknown entities.,1920s meets modern analog horror,2026-06-16,/450OrDmBpTaHOQBfXn79HbtxfdG.jpg,0.4267,0,0,50,0,3,Released,False,/4GRaQ6wxXGGeVf1pPaACI9471Kn.jpg,Horror,,
1715881,,Ca$h Cow$,Ca$h Cow$,en,Your favorite game show!,,2026-06-17,/9JhbIlyH6519djogtYvH0c3vIjh.jpg,0.7815,0,0,1000,0,15,Released,False,/t5pEmBB8dx2nZIrbj5C0IY8uu8t.jpg,Horror,,
1715891,,Agosto de '84,August of '84,en,"Two siblings, Julia and Tomás, fight for their lives and their freedom in countryside Sintra, 1984. Will they make it time?","SOMETIMES, THE SMALLEST THING CAN UNLEASH SOMETHING BIGGER",2026-05-05,,0.0571,0,0,0,0,3,Released,False,/7K10xkY6cP201QZWbIzQqnUy9Tw.jpg,Horror,,
1715961,,INHUMATION,INHUMATION,en,"After being pronounced dead prematurely, a man afflicted with a rare condition is determined to put his fears to rest - no matter the cost.",Some horrors don't stay buried forever.,2026-10-22,/qZ36jc340q04IFbbeqexvu9WfD5.jpg,0.6537,0,0,12000,0,15,Post Production,False,,"Drama, Horror, Science Fiction",,
1716006,,St. Graves,St. Graves,en,"Former dirty cop Slade Crews is pulled back into a cold case when a masked killer known as “The Gravekeeper” begins murdering people in the small town of St. Graves. As bodies pile up, Slade uncovers a decades-old cover-up tied to corruption, betrayal, and a twisted story he hopes to unravel.",YOU CAN BURY A MAN. NOT THE TRUTH.,2026-06-27,/mFhBW3BYfs5cDRSLtrXvXTQhojg.jpg,1.4311,0,0,0,0,30,Released,False,/wf5SHATIWUZwBCuww3rdvlpeQmQ.jpg,"Thriller, Mystery, Horror",,
1716052,,Queensland Gothic,Queensland Gothic,en,"Freshly graduated from high school, four young boys are on the eve of the rest of their lives. They decide to kick off schoolies with a secluded weekend up north, in an old, rural house. Surrounded by nothing but the Queensland bush, the boys drink and celebrate their newfound manhood- yet something bad happened that weekend. No one knows what, only that they were never seen again.",Raise your shots.,2026-06-19,,0.0343,0,0,0,0,31,Released,False,,"Comedy, Horror",,
1716429,,The New Guy in Town,The New Guy in Town,en,"A friend group experiences the tragedy of a lifetime, and it unravels their relationships.",A friend group tragedy in 7 minutes,2026-06-17,/a5ghllddGGoSVILOHkBPKbCgJ1z.jpg,0.0436,0,0,0,0,7,Released,False,/rMVnJFcYNvWqsPpXJ8vp2iIUPwg.jpg,"Horror, Thriller, Mystery",,
1716448,,The Pools,The Pools,en,"A teenager trapped inside a seemingly endless aquatic labyrinth of swimming pools, towering waterslides, flooded corridors, and impossible architecture. As he ventures deeper into the surreal liminal maze and reality itself begins to unravel, a mysterious creature stalks him from beneath the water, forcing him to find a way out before he disappears forever.",There is no end to the deep end.,2026-12-25,/tRSoghFHsojpB5zZQnKoXEstgOX.jpg,1.3163,0,0,0,0,0,In Production,False,/wg9SLvfWNOPFkO4ulDWqQirpr51.jpg,"Horror, Science Fiction",,
1716456,,Watching,Watching,en,"Do you ever feel like you're being watched, but just can't prove it?","The lights are on, but you live alone...",2026-04-08,/q26jiA0NwbVeWuosx5m5CcGo1Vo.jpg,0.1718,0,0,0,0,14,Released,False,/9uMqwlJkKPidjEeQLy7ParYykcT.jpg,"Horror, Thriller",,
1716508,,Dracula! - The Final Scenes,Dracula! - The Final Scenes,en,"The last 7 minutes of a scrapped comedy parody of the legend of Dracula, edited together at last",Unearthed at Last,2026-06-13,/uC8EcFMsZND3QUuMJudM5Fo4XwF.jpg,0.2594,0,0,0,0,7,Released,False,,"Comedy, Horror",,
1716545,tt43596521,Something Romantic,Something Romantic,en,A young couple in Sydney return home from a “very special” night out.,A CLASSIC LOVE STORY,2026-06-01,/eLfIZdLhzTMtLGeExjG03vEbyJ3.jpg,0.067,0,0,0,0,20,Released,False,,"Horror, Comedy, Drama",,
1716589,tt38940848,Grilled Cheese,Grilled Cheese,en,Colby gets possessed by a grilled cheese sandwich.,,2026-06-23,/1XHiYlj2uGWcXIEVNLG80ZputF1.jpg,0.1038,1,10.0,0,0,5,Released,False,,"Comedy, Horror",,
1716625,,MEATLOAF,MEATLOAF,en,"""Is 10lb of meat enough for a good size meatloaf?""","A serial killer doesn't want cereal, it wants meatloaf",2026-06-19,/rSB1frm84f4w9KQ4wsBTU7Xb4bS.jpg,0.0943,1,5.0,15,0,1,Released,False,,Horror,,
1716642,,Léonie,Léonie,en,"Léonie, a young artist, goes to the museum to practice her drawing. Meanwhile, the paintings about wilderness seem to change her...","BE CAREFUL. A LION IS A LION, EVEN IN A PAINTING.",2026-06-18,/nO69wBRcOgPYVhtW0lJL3NgKv9K.jpg,0.0862,0,0,0,0,8,Released,False,,"Drama, Horror",,
1716716,tt40002785,Hallowed Grounds,Hallowed Grounds,en,Trust No One...,Trust No One,2026-07-11,/4uOcnHHBv4YF0dZQBZCqGCuBswz.jpg,1.6174,0,0,0,0,82,Released,False,/cBRFzi3xMqvAwveGgdaLT85MLeN.jpg,"Thriller, Crime, Horror",,
1716885,tt37838871,JAX,JAX,en,"After escaping from a psychiatric facility, a psychotic and dangerous Jax pays a visit to his dear friend John, the police officer who put him away. The two walk down memory lane where their history unfolds. Jax finally accepts who he is and now he would like to reach a better understanding with his dear old friend.",,2026-06-18,/CGwzkHpn548N5VAmL3whQBiYp2.jpg,1.6398,0,0,60,0,5,Released,False,/td1qCTqDA7gRBYHCxb0O0pJ5INX.jpg,"Thriller, Horror",,
1717143,,Dismal - A Short Film,Dismal - A Short Film,en,,,2026-04-16,/6GXyX19NvorNcY51BAZ29JTnT18.jpg,0.0318,0,0,0,0,0,Released,False,,"Horror, Mystery",,
1717238,,RUN AWAY AND HIDE,RUN AWAY AND HIDE,en,The New Zealand Government has issued a warning to stay indoors and avoid anyone unfamiliar.,HIDE.,2026-06-19,/u1E4BmtEgYrlSJW7AQJmXd71il4.jpg,0.1244,0,0,0,0,3,Released,False,/5WQITBcTnkE2od126sulkm9JnHG.jpg,Horror,,
1717305,,‘Honey I’m home”,‘Honey I’m home”,en,"as a to show is cancelled in the real world, we follow the same fictional family trying to escape a world that’s falling apart around them",Don’t you wonder what lies beyond the screen?,2026-05-22,/bYZN0yiKwbMNBugwfnETq2KL04v.jpg,0.1186,0,0,0,0,4,Released,False,/lwsp7Y8FLDwQYgemjHoUyYCPGhW.jpg,"Horror, Comedy",,
1717327,,The Gates of Irkalla,The Gates of Irkalla,en,A team of ancient Greek mercenaries is hired to rescue a governor's daughter from a cult. But the dead are coming back to life,,2026-06-06,,0.221,0,0,0,0,4,Released,False,,"Horror, Adventure, Fantasy",,
1717346,,INBITE,INBITE,en,A girl watches Tv at night when she notices her snacks have disappeared. The house is dark but she can hear that she is not alone in it..,Friend or foe,2026-06-14,/v1J8SYpb37iLmIH9ngxkGTh0Qzw.jpg,0.0789,0,0,1600,0,2,Released,False,/tOIRWHR8W75R6pGobAUoJN77J2g.jpg,"Horror, Thriller, Comedy",,
1717537,,Fish Fear Me,Fish Fear Me,en,"A very, very hungry fish eats anything he finds floating in the ocean, even the yucky stuff that should not be eaten. After gobbling up bits of plastic and trash, he gets a terrible tummy ache and learns an important lesson about putting the wrong things in your body.",,2026-05-08,/6QG31gmquxgJdpJDI2Y2kuzvFK0.jpg,0.3434,0,0,0,0,4,Released,False,/283gOHQSZPOXNhLOp2o6mSjFUhb.jpg,"Comedy, Horror",,
1717548,tt43595237,Division Zero,Division Zero,en,"The protagonists life is repetitive. Every day she gets orders from the broken telephone. Every day she checks in with one of 52 cards and every day she rams the shovel into the cold hard concrete. And she is being watched, every day.",You are being watched.,2026-05-30,/1GtK6d0QHMiQSj82gA6MHJ69X0L.jpg,0.175,1,10.0,1000,5000,4,Released,False,/rmTmHO8M5I5fuKle42zUKxdqGee.jpg,Horror,,
1717755,tt43076109,Sol Summer,Sol Summer,en,"A woman, healing from her family's wounds, recounts her past to a Deity before the world's coming judgment.",,2026-06-02,/8JbDKsVOVndrjQQfJ1t0zrB1pE6.jpg,0.8593,0,0,200,0,19,Released,False,/v834Upk0WhoBVY0Rbocq0XwG6fc.jpg,"Drama, Horror",,
1717816,,machina,machina,en,machina is not a technology movie. It is about the breakdown of a faith and power structure we are already living in.,"AI is eating itself, and we will collectively feel what is left in its wake.",2026-04-30,,0.3571,0,0,0,0,6,Released,False,,"Science Fiction, Horror",,
1718082,,Borom Baax,Borom Baax,en,"A lonely petrol station attendant summons a spirit to make his wishes come true, but finds himself confronted by something sinister.",,2026-06-27,/A02IhwebZkDnGHXnAW2jpwD0g9L.jpg,0.0495,0,0,0,0,13,Released,False,,"Drama, Horror",,
1718210,tt37738515,A House Most Haunted,A House Most Haunted,en,"When a man clears out his childhood home to put on the market, he and his friend discover his parents' past seance records and hypnosis journals - awakening something that should have stayed buried.",Something is waiting to welcome you home.,2026-06-19,/sqRzJDp7goGVs9fcRQwcy5Nx7DA.jpg,0.4144,1,10.0,0,0,95,Released,False,/x91cUID5qvKLmJGiWOwwKDfXxNc.jpg,"Horror, Thriller",,
1718219,,YUM,YUM,en,A 2d animated short film that imagines a world where the routine slaughter and consumption of humans is normalised — mirroring how society treats chickens today.,,2026-05-31,/en6pTYL4cv6EJt3pAXVdDkBp0vh.jpg,0.0604,1,5.0,0,0,1,Released,False,/uS7UBoZBK5JC2XtWWnpODifRu9l.jpg,"Comedy, Horror, Animation",,
1718230,,Scene 13,Scene 13,en,Three friends shoot a film in the woods. They’re not the only ones filming.,,2026-06-18,/rjmFZYoTtF0q7WczOrZOejigMbq.jpg,0.8347,0,0,0,0,6,Released,False,,"Horror, Drama",,
1718327,,Catsitting,Catsitting,en,A teen documenting his catsitting job finds that there's more in this house than he thinks...,Catsitting,2026-06-20,/c9AM8dXsxvBh9wgCiH1MRNXPGCn.jpg,1.4802,0,0,0,0,6,Released,False,,"Horror, Thriller",,
1718330,,Argiope,Argiope,en,"After what seemed like a promising first date, Julián wakes up tied to a chair in a dark room, bleeding and alone. With no idea how he got there, he desperately searches for a way to escape before it’s too late. A broken bone offers a slim chance at freedom, but a single mistake alerts his captor.",Deceit sweetens despair,2026-06-22,/5h1oOPEAPSWbUcrLdDdc6nRXYFv.jpg,0.8634,0,0,700,0,8,Released,False,/eWKBJah32w1lt4YtqrHoteU6Qbu.jpg,"Horror, Thriller",,
1718361,,DOOM,DOOM,en,The bubbling underbelly of Hell,Destroy everything,2026-06-20,/gwohQcWOxC6lBpKVqBFdsIl5eb8.jpg,0.9102,0,0,0,0,3,Released,False,/mLtALrZKpS7dNhG3veW2sR92VuC.jpg,Horror,,
1718520,,Lowercase G,Lowercase G,en,"This is a story about a crisis of faith, perpetuated by a holy sinner. This is a story about communion wafers that taste like cardboard, and prayers that feel like pantomimes. This is a story about something wholly unholy.","Our father, who aren't in heaven",2026-06-23,/ySBe1VSq1O50fWDu76hhO6SZcVJ.jpg,0.1426,0,0,0,0,9,Released,False,/snBY8pbIyuWGkulnvDUDmljaJb6.jpg,"Horror, Drama",,
1718529,tt43604980,Loset,Loset,en,Art film about hiker who stuck in forest and became insane in every second,,2026-06-21,/sG4fLS47ijv7Xcump6TvQHIoZQT.jpg,0.0495,0,0,0,0,7,Released,False,,"Horror, Thriller",,
1718547,,Malus Domesticated,Malus Domesticated,en,"The story of the peculiar relationship between a man and his sentient, possessive house who won't let him leave.",i won't. ever go.,2026-06-21,/ymY0W59dcvwcDIAY8YFeV8lpixo.jpg,0.2387,0,0,18,165,5,Released,False,/rgVN9EGsnvm1pVOM1nIrjggdNBQ.jpg,"Drama, Horror",,
1718636,tt36107540,Sanctus House,Sanctus House,en,"Four college students venture to a storied haunted house over night. The goal is simple, obtain research for a paper they are writing on urban myths and legends. A caretaker, played by Richard Grieco, greets them and offers to share the tale of the home's tragic beginnings. As events unfold, the group starts to understand there's more to the stories.",,2026-06-10,/ium6rECjmJAxoEugNHQ9WJ6D0BZ.jpg,2.6694,1,3.0,0,0,64,Released,False,/dAOEnb79mRPjQV1zVYlvImj5d4h.jpg,Horror,,
1718649,,The Staked Girls,The Staked Girls,en,"After being stabbed by her ex-boyfriend, Charlie is forced to miss her (demon) friend group’s monthly boy hunt. Kara, the self-appointed leader, knows her dear friend will go hungry this month. For the good of the group, she takes matters into her own, wickedly manicured (and clawed), hands.",A girl's gotta eat,2026-06-11,/vcYyr9mT5cGcKq2Jz5j45ln4U7W.jpg,0.7192,0,0,1800,0,17,Released,False,,"Horror, Comedy",,
1718654,,Dread Introduction Trailer,Dread Introduction Trailer,en,"Trailer for the anthology series DREAD. Showcases three titles: Nerve Endings, Desolatus, and Yaskrakon.",An anthology series that creates DREAD.,2026-05-11,/yCpeUKiKOf5HUh4cvSEBsoMJLLe.jpg,0.1643,0,0,0,0,2,Released,False,/8oAfYZE9JQQSQDZxnwxVlCTUarV.jpg,"Horror, Thriller",,
1718855,,Shuffle,Shuffle,en,A girl's playlist plays a haunted song that she doesn’t remember putting there.,A song never forgets.,2026-06-21,/2hj6svDmqZcsEGWpRy2edKkgQl0.jpg,0.3435,0,0,0,0,5,Released,False,/aFxRRwP5ijvdVJmnHVSqHIEHs0X.jpg,Horror,,
1718950,,Blue Eyes,Blue Eyes,en,A boy with blue eyes comes face to face with yellow eyes.,,2026-03-25,/wGfIsyiFFagO1caRdT9SraLAHn3.jpg,0.4237,0,0,0,0,3,Released,False,,Horror,,
1718965,,The Random Chair Event,The Random Chair Event,en,"Friends gather in the venue room to set up a competition, requiring many chairs. The course of their lives changed when The Chair Event occurred. Now trapped in the sea of chairs, they must find a way to survive.","Featuring: Chairs, People, More Chairs",2026-04-25,/71kHs9CyhnVwiSuhDYRip5w4kc7.jpg,0.1433,0,0,200,0,26,Released,False,/h3ino3p3DW3SGyBFxGFbSSd0YPI.jpg,"Comedy, Drama, Horror, Romance",,
1719001,,Toothache,Toothache,en,"In the bump of the night, a mysterious man arrives at a woman's door.",He told you he was sick,2026-07-06,/mvJrVfD0Ps0u2Rn1suyKqvEbspA.jpg,0.5096,0,0,200,0,6,Released,False,,"Horror, Thriller",,
1719018,,Pain and Suffering,Pain and Suffering,en,"Recently single, Hunter tries to reconnect with his old friends by attending a BBQ. As he struggles to re-kindle old friendships, the nature of his past relationship becomes clearer.",WHO INVITED YOU?,2026-01-01,/40XUvLgtiOFnpe4FR9WeCfkBwBu.jpg,0.5104,1,10.0,0,0,11,Released,False,/tEVp9sNjhLo0oGq6C2KB0okaTB2.jpg,"Thriller, Horror, Comedy, Drama",,
1719030,tt43596700,Rave,Rave,en,A masked DJ slices and dices his way through an afterparty in the Hollywood Hills.,Pure Ecstasy,2026-07-18,/5IAMySn2mJyo2Y0lWPs02n8GmgA.jpg,1.4488,0,0,20000,0,13,Released,False,/7Bj5JolxYHL5ybwz6ConRcFwQmc.jpg,"Horror, Comedy",,
1719104,,Obedience,Obedience,en,"Two young individuals sign up to take part in a study on memory. Guided by a local professor, the participants are led through a sterile process designed to test the limits of human conscience.",It is absolutely essential that you continue.,2026-05-21,/g0kmNiXKsX1Ooy6T7eqkeE8OmAp.jpg,0.0573,0,0,172,0,15,Released,False,/yvtqLKGiGxosDMlCcHKqW0crFJG.jpg,"Horror, Thriller, Drama, War, History",,
1719181,,Slipworm or: The Ectophagic Liminal Leech Breach,Slipworm or: The Ectophagic Liminal Leech Breach,en,"Investigating a parasitic breach caused by forbidden rituals, Paddy Mullins and the b’ys race to capture a Slipworm before it finds a new host.",Conquer the worm.,2026-06-26,/e4tAiX21QkrH0kEFiiaxQeultYD.jpg,0.1635,1,10.0,0,0,7,Released,False,/s0aUCgFZB7sR3mAGFPYxfKuA62V.jpg,"Science Fiction, Comedy, Horror",,
1719186,,DO YOU SEE IT,DO YOU SEE IT,en,"Look closely, and you might see it...",,2026-02-21,/bMrDnDXZwvNgTWK3zIx6yuuxTo5.jpg,0.0554,0,0,0,0,2,Released,False,/oh9QF9LpYdVAAFPGfGhsVL2HhR7.jpg,Horror,,
1719380,,No Way Home,No Way Home,en,"A young man checks into a secluded hotel room, expecting an ordinary night. But when a series of unsettling, anonymous phone calls begins and a terrifying, otherworldly entity appears in the desolate parking lot below, the boundaries of reality start to warp. Trapped in a claustrophobic, seemingly endless labyrinth of shifting corridors and malfunctioning elevators, he must escape a shifting nightmare where every door leads back to where he started.",The room you check into might be the one you never leave.,2026-07-20,/usE16ywrxBGnDATxCP7xRHJn4LI.jpg,0.1108,0,0,250000,0,119,Released,False,/tezabtqGNwv7YLD6Zrye6vHsqgS.jpg,Horror,,
1719565,tt37918540,The American Veteran Sleep Experiment: Test 2,The American Veteran Sleep Experiment: Test 2,en,"While participating in a Sleep Experiment for Veterans, Ryan Esteban finds himself being pursued by a haunting man in gray, as he motivates others to stay sane and focus on the prize money.",,2026-05-08,/nyau55uqyy8ZzUCSqFcytedWkfA.jpg,0.3899,0,0,1000000,0,120,Released,False,,Horror,,
1719568,,LYTLE 2014,LYTLE 2014,en,An argument unfolds in the midst of everything else that has ever happened.,you are my best friend.,2026-06-24,/wL38heLlTzoqsTLg1RP4gIhr8Oy.jpg,0.4166,0,0,500,0,5,Released,False,/dk0qtHOn6vljfNa42Vpo57eWMPr.jpg,"Drama, Horror",,
1719721,,SKIN!,SKIN!,en,A frantically panicked man attempts to make a meal to impress his friends,,2026-06-01,/7voXrRB5NzjFakRMODPJixvEhIz.jpg,0.1154,0,0,0,0,3,Released,False,,"Horror, Comedy",,
1719733,,And I Am Reborn,And I Am Reborn,en,A short film based on the poem 'Fake Lover Who Ate My Clover' by Jaylan Salah,"Like the phoenix, I am reborn",2026-06-23,/3l4iu1EnS5cc4gpu255tQvHKXxR.jpg,0.0692,0,0,0,0,2,Released,False,,Horror,,
1719781,,Ugly Ms. Bugsby,Ugly Ms. Bugsby,en,"Private View Episode Four. Surgery, divorce and a man's best friend.",Twas' a terrible week...,2026-06-30,/86cQbaSadLYAWTOgIc2dg86FQ3.jpg,0.2594,0,0,0,0,1,Released,False,,"Animation, Horror, Comedy",,
1719806,tt43603008,Wearied Haven,Wearied Haven,en,"Jesse leaves an increasingly hostile living situation, seeking refuge with friends. However, they soon discover that they're no longer as welcome as they once were.",,2026-07-22,/iGBeLWqk1Xox5wC6l49lue5XlDQ.jpg,0.0429,0,0,0,0,9,Released,False,,"Drama, Horror",,
1719873,,Zombies on The Beach,Zombies on The Beach,en,A normal beach trip turned into a disaster.,Something's off.,2026-08-06,/dDLlGLc70EJKJ1dtsvwfxrlt735.jpg,0.1132,0,0,0,0,0,In Production,False,/100LX04bHpVghXrATg6QnBsTApo.jpg,Horror,,
1719917,,Tape 001,Tape 001,en,"Following the discovery of a mysterious tape, a young man dives deep into the dark secrets of a mysterious video game company and the creature they made.",Get me out of here. Fast.,2026-08-20,/1nBLKUMHLruh4Ktjcn0x0dQ6ijq.jpg,0.2544,0,0,0,0,10,Post Production,False,,Horror,,
1719959,,Vitiated,Vitiated,en,"Alone in the woods, Olive runs into Ava. After saving her life, they grow a close bond and take on the zombie apocalypse together.",,2026-06-12,/dcG4l1OZ4jBypWv980XBTkaQM5F.jpg,1.0944,0,0,0,0,6,Released,False,/5RIhFZaoz2LrgkSCekfoX4ytn5X.jpg,"Horror, Drama",,
1720375,tt37195991,Breakfast,Breakfast,en,"On the cusp of a big announcement, a frazzled mom prepares a glorious breakfast for her family. But, when they run for the door before even sampling her buffet, Mom takes matters into her own hands - holding them hostage until every scrap of food is gone.",,2026-07-25,/hURanHX1kFHR2dYJlcafnufxgSO.jpg,1.2454,0,0,800,0,11,Released,False,/dtMuA47DeS6aMrB5Vb97I8Md0Yr.jpg,"Horror, Comedy, Drama",,
1720461,,The Red Basketball,The Red Basketball,en,A young boy's world begins to turn upside down when he is neglected by all those around him & can only find comfort when a mysterious red basketball arrives on his doorstep.,"WHEN THE WORLD IGNORES YOU, SOMETHING ELSE LISTENS",2026-06-14,/fxTcCCuN7BLGD6qf2nrLTubSCL8.jpg,0.1006,1,10.0,10,0,16,Released,False,/4f5EVxqCKlTjUMRxjZ07JMU1Nia.jpg,Horror,,
1720476,,Septicemia,Septicemia,en,"When a young girl pleading for help knocks on Florence’s door, Florence discovers the girl is hiding more than what she is willing to share…",What if it was your daughter?,2026-07-04,/jHvVOFQZJKfAfhCsMWKUXNLZXYH.jpg,0.9661,0,0,0,0,0,Released,False,,"Horror, Thriller",,
1720570,,PLUGGED-IN,PLUGGED-IN,en,"In a dystopian society where people are fully emotionally dependent on music, Paul, having broken his listening devices, tries to find his own sound.",What do you feel when the music stops?,2026-06-28,/c6LkQNmdq3cGP07aO0Sx23luEq1.jpg,0.8099,0,0,5000,0,23,Released,False,/tNJBH3bXDIDWwD2wyqqfJ6uhIU2.jpg,"Science Fiction, Thriller, Drama, Horror, Romance",,
1720738,tt41635414,Mr. Reset and the Society of Turnbuckle & Bone,Mr. Reset and the Society of Turnbuckle & Bone,en,"A secret society manipulates pro wrestling from the shadows, luring hopefuls with promises of fame. Trapped in a world of illusion and psychological trials, they face intense sacrifice for a shot at glory.",,2026-06-01,/d6GCuUcCa1IoMhErHCGcZnAiVeH.jpg,0.1133,0,0,0,0,63,Released,False,,Horror,,
1720908,tt36236986,Her Choice,Her Choice,en,"Upon receiving life altering news, a young American woman must confront a dark, restless spirit, keeping her from choosing a path forward.",,2026-06-01,/2XDKnvotn4JaNwgRHiFE1SziIWy.jpg,0.3486,0,0,0,0,4,Released,False,,"Horror, Drama",,
1720914,,Their Depreciation,Their Depreciation,en,"As light floods his apartment and the sounds of the outside world grow louder, a solitary figure withdraws into himself. The sight of a photo of his friends triggers an existential crisis that leads him to question his own worth. Their Depreciation tells the story of this slow struggle with self-esteem and a sense of insignificance.",,2026-06-23,/4IwnZtB2jK3X4cLW2Po4A0MAL5W.jpg,0.1184,0,0,0,0,0,Released,False,/3TBkQDufxS9FAbmTCsRKo8X1b7.jpg,"Animation, Horror",,
1720969,,Angel Shot,Angel Shot,en,A woman wakes up in her car with no memory of how she got there or what happened the night before.,,2026-06-24,/aj4UhbvYtRu26eXuD4Ri0R344Bz.jpg,0.1809,0,0,0,0,4,Released,False,,"Thriller, Mystery, Horror",,
1720997,,Emetophobia,Emetophobia,en,A child embarks on a dark journey through his house to tell his mother he vomited in his room.,WHAT IS YOUR CHILDHOOD PHOBIA?,2026-07-18,,0.1038,0,0,67,67,6,Released,False,,Horror,,
1721007,tt42844398,Raw,Raw,en,"Raw follows Arturo, as he sneaks out for his first hookup with another man. During the encounter, his shame around sex and intimacy begins to physically manifest as rotting blistering skin. When he returns home to find his mom, Manuela, back from work earlier than expected, he must conceal the spreading rot and confront his sexuality, all while facing his fears of potentially disappointing his hard working immigrant mother.",,2026-05-16,/ogYk75HiMVq81rQoq25D2MVb4TS.jpg,0.4746,0,0,5400,0,9,Released,False,/8GHXHfqPD0caxwPB6sE5L67YqXO.jpg,"Drama, Horror",,
1721109,,HAMSTAGEDDON,HAMSTAGEDDON,en,A normal day soon turns to hell...,Hungry hungry hamsters,2026-06-25,,0.3493,0,0,2,0,1,Released,False,,"Horror, Comedy",,
1721120,tt39160649,Silent Scream,Silent Scream,en,An ancient blood feud between two gangs of rival mimes escalates to horrifying new heights when they discover their mimed weaponry has [extremely bloody] real world consequences.,,2026-06-27,/o5poipXohMKgrhlVeXIwF1k305J.jpg,1.2708,0,0,0,0,12,Released,False,,"Horror, Comedy",,
1721188,,Busaw,Busaw,en,"In the aftermath of a serial killer's capture, a man searches for what remains of his sister.","They would get it into their heads that some spot, some random spot, was where the dead girl lay.",2026-06-04,/9AnqkQh44Zt3pXQfd78LkDJ7471.jpg,1.9837,0,0,0,0,10,Released,False,/6rd0UiNAxPgpZgfl9fvPGrkI1rO.jpg,Horror,,
1721262,,INGRESS LABYRINTH,INGRESS LABYRINTH,en,"Trapped in a glass lift, Miss Ariadne relives memories of a relationship from which she cannot escape.",,2026-06-27,/jIfG6KfMdIgepHwnpP5ctEPYKo1.jpg,0.0571,0,0,0,0,2,Released,False,,"Drama, Horror",,
1721286,,Dry Pond For narcissus,Dry Pond For narcissus,en,A man is sitting on a balcony while life is going on outside the window,,2026-06-26,/lceeYjyIDRbp8RSI6V1nTyyZesN.jpg,0.0497,0,0,0,0,24,Released,False,/uhfOLYlJ0icg3TXv3eZgN7KImQ5.jpg,"Drama, Horror, Animation",,
1721296,,MALWARE,MALWARE,en,Led by a cybernetic soldier a group of exterminators in a fading zombie apocalypse have been sent to clear out an old infected zone long believed to be empty ... Or is it ?,A result of human error.,2026-06-17,/uCtMYCOVoog52lP7RIYylIqgKl6.jpg,1.0704,0,0,0,0,11,Released,False,/vkiyRQvcyyXH9HVVJdtn11wE3Q0.jpg,"Action, Horror, Science Fiction",,
1721347,,RESET,RESET,en,"Lost in a remote winter forest, a woman struggles to escape an unseen force that quietly reshapes reality, trapping her in an endless cycle where every step forward leads her back to where she began.",No Way Out,2026-06-27,/vQynp9ElirVgWMHrGYpNQPUz3xY.jpg,0.2786,0,0,0,0,7,Released,False,/MSKurar60ZOhAIP4010estsnv3.jpg,Horror,,
1721547,,Parasocial,Parasocial,en,"After achieving breakout success in Hollywood, actor Claire Watson returns to her childhood friends for a dinner party, hoping for a brief escape from the exhaustion of fame. Instead of a warm welcome of familiarity, she is met with an unsettling intensity. Their nostalgia feels rehearsed, their admiration excessive, and a sentimental presentation of their past becomes uncomfortably centred on Claire’s fame. Claire's perspective on her past must be confronted, as this is not what she remembers it being like, where her friends always this way? As the night wears on, small disturbances escalate into violence as the group reveal their true nature. She must now not only battle her conflicting thoughts on nostalgia but also for her own life, as her friends shed any resemblance of humanity and become parasites willing to do whatever it takes to drag Claire to their level.",,2026-05-28,/4oWloiP9yaMCGs34gP8dh0cEXZ9.jpg,1.3598,0,0,2600,0,0,Released,False,,"Comedy, Horror, Action, Drama",,
1721592,tt43599153,Shroomery,Shroomery,en,"Tired and overworked, Lacey comes home to discover her boyfriend Miles has not only neglected to clean the apartment, he's left a disturbing surprise in the refrigerator: rapidly growing ""shrooms"" that he acquired from a sketchy janitor. The couple's initial curiosity leads to terror as the mushrooms take over their kitchen, minds, and ultimately bodies.",When shrooms take you!,2026-06-12,/mwSlpyIzsGIHHU1Z0SyGMIVxxeR.jpg,1.0237,0,0,20000,0,14,Released,False,/j05652CfMvGMne6zaDzYsC5KVJ4.jpg,"Horror, Comedy",,
1721595,,Lab Rat,Lab Rat,en,"A story told from the point of view of a rat who is finds himself the unwilling subject of a series of strange, confusing, and increasingly dangerous experiments. A tale of time travel, the cost of scientific progress, and the loss of innocence.... and sanity.",Time will hurt you,2026-07-19,/pSNjR0MmyLlS0BcCKLRRKMw4vrJ.jpg,0.1685,0,0,34044,0,24,Released,False,/lkVsaMUDoCNgpuTWvc81KL089V3.jpg,"Science Fiction, Animation, Drama, Horror",,
1721609,,MothBlight,MothBlight,en,A young man pursues through strange dreams and visions to get to the girl of his dreams,What kind of man would I be...,2026-06-26,/lrgtpGME9kEcKnvhFpvZhg8iIJH.jpg,0.1795,0,0,0,0,38,Released,False,/bhV8YEGgQWfCvDCcRYHbTRVBKmV.jpg,"Drama, Horror",,
1721622,tt30018149,A Shadow in the Corner of the Room,A Shadow in the Corner of the Room,en,"Down-on-her-luck nurse, Avery, dismisses a care home resident's warnings of a shadowy presence as dementia...until it begins to turn its attention to her.",There are worse things than dying alone,2026-07-17,/AqiK47Iy97Wi4oF9rgayAyrhi3X.jpg,1.0199,0,0,0,0,14,Released,False,,"Horror, Drama",,
1721659,,Something Seems Off,Something Seems Off,en,"A group of three teenage boys decide to go ghost hunting in their friends backyard, and when things go wrong there is nobody they can trust.",It's in you.,2026-09-09,,0.0404,0,0,90,0,15,In Production,False,/df3ykfgUHsVkAC5mL8ZMbhfNvBU.jpg,Horror,,
1721675,,Something Seems Off,Something Seems Off,en,"A group of three teenage boys decide to go ghost hunting in their friends backyard, and when things go wrong there is nobody they can trust.",It's in you.,2026-09-09,/aEaL8MyFq3DUHkpj2m66C0WpXJZ.jpg,0.1694,0,0,90,0,15,In Production,False,/df3ykfgUHsVkAC5mL8ZMbhfNvBU.jpg,Horror,,
1721792,tt43530344,Birdcall,Birdcall,en,"Years after an avian-spread disease forces humanity into secluded cities, a foolhardy scientist and his wife, a wayward survivor, spend a night at a cabin outside of their compound. Recently infected and unbeknownst to his partner, he uses their seclusion as a trial run for his untested cure.",,2026-07-31,/kWsLDRAds0FJ0fxajszsMpbDNe9.jpg,1.0232,0,0,3500,0,15,In Production,False,/AfIzb4ChjJoF96NFZ0N12OZSOBy.jpg,Horror,,
1721862,,Naša Gospa Trohnenja,Our Lady of Rot,en,"In a post-apocalyptic world of decaying skeletons, Our Lady of Rot uses her flesh to speak for those who can no longer do so.",,2026-06-27,/9SQMKIR5U1Og5ypz522myVZccUr.jpg,0.0782,0,0,0,0,5,Released,False,,"Animation, Horror",,
1721965,,Angel,Angel,en,"A young, introverted girl adopts abnormal methods to survive in a post apocalyptic world","It’s not who you are, it’s what you are.",2026-01-06,,0.1322,0,0,0,0,1,Released,False,,Horror,,
1722016,tt43339913,Screen of the Dead,Screen of the Dead,en,"In a quiet backyard, Gaby finds her friends frozen over their phones. When they finally look up, an ordinary afternoon spirals into a bloody, absurd fight for survival.",She just wanted to hang out. They just wanted to go live. Nobody got what they wanted.,2026-07-30,/gh3c7MXrB3tfl3RMh53Ycraesth.jpg,0.4609,0,0,1500,0,9,In Production,False,,"Horror, Comedy",,
1722094,,Cries of Deception,Cries of Deception,en,"When Tyler finds out about a strange occurrence involving missing people in a certain area, he drags his friends to investigate with him. After meeting a strange man, him and his friends find out that more is at stake as a strange creature hunts them down.",It calls out for help but they’re really just cries of deception.,2026-02-02,/AvCopA7IJq4GfqCrpgOvYKKOuTy.jpg,0.1459,0,0,0,0,12,Released,False,/tqvsmA2extQaFlTEFVpUw3zAXLV.jpg,"Horror, Thriller, Mystery, Science Fiction",,
1722106,,After Midnight,After Midnight,en,"Following a late night news broadcast detailing a series of unexplained disappearances and increasingly strange reports from inside people's homes, one man dismisses the warnings as another sensational story. When he finally hears a loud knock he starts to look around his house for where its coming from, the line between broadcast and reality begins to disappear.",,2026-06-26,/ibyVcZePsyz26ZmPV6F32KFR6Sj.jpg,0.0707,0,0,0,0,4,Released,False,/3Y1TuTjHKkSZFn4s1OfjwKTszEj.jpg,Horror,,
1722186,,Imago,Imago,en,Imago is the experimental odyssey of an trans-dimensional being who lands in the desert and gathers curious specimens. The symbiotic visitor may represent the larval stage of a more developed entity that requires an outside stimulus to complete its metamorphosis - and set it free.,"A trans-dimensional visitor lands in the desert and gathers specimens, only to find the one that could set him free.",2026-05-17,/nIt7vaFjx3eSA3n2bJ5Nvo6lzKv.jpg,0.906,0,0,0,0,10,Released,False,,"Science Fiction, Fantasy, Horror",,
1722273,,Collapse,Collapse,en,"A woman wakes in an office she cannot escape.  Collapse is a psychological horror short film starring Elizabeth Wheeland, exploring what comes for us all.  Directed by Mical. ©2026 youtube.com/@Micalfilm",Exploring what comes for us all.,2026-06-27,/6izBKWDze0eTSySAa1NjQSYp7kP.jpg,0.1749,0,0,0,0,5,Released,False,,"Thriller, Horror, Mystery",,
1722316,tt43624846,Knight Of Wands,Knight Of Wands,en,A woman faces her controlling partner and the tool that gives him the power upon rekindling a relationship with a lost friend.,"The 'Knight of Wands' as an obstacle or challenge can represent a need for courage, assertiveness, or determination in the face of difficulties. This card reminds you that resilience and boldness are key to overcoming adversity.",2026-06-28,/cRp8XYeMvwznc1ErYKP8otrjP5h.jpg,0.3552,0,0,0,0,7,Released,False,,"Horror, Drama",,
1722329,,Mystique,Mystique,en,,,2026-06-27,,1.2805,0,0,0,0,9,Released,False,,Horror,,
1722407,,Daydream Sequence,Daydream Sequence,en,Two lovers converse at the end of time.,Daydream One,2026-06-28,/lq9dyapLqXFyWz7YG4IE5BvAqXS.jpg,0.8933,1,8.0,0,0,11,Released,False,/ufysdxugJRypepSeD0o90N83GO0.jpg,"Mystery, Fantasy, Animation, Horror, Drama",,
1722441,tt43544773,Summoned,Summoned,en,Four friends (after a night of partying) decide to summon a demon. Now it's a race against the clock as Demon tries to make it on time.,,2026-08-01,/rdkdUeD5Ndkyuh2nHkEiriCawc2.jpg,0.0823,0,0,1000,0,14,In Production,False,/hZiJ65k1TRor1AhHV9ntHhvEW8f.jpg,"Horror, Comedy",,
1722711,,Doomtrip,Doomtrip,en,"At a house party, a young man takes an unknown pill that has unforeseen consequences that set off events that will alter him forever.",English,2026-01-23,/9iCXIbNxz7ex5vS9cae11BF7KMb.jpg,0.8213,0,0,300,0,15,Released,False,/xwPymX3ws15VGZIeNB6dIWM498N.jpg,"Horror, Thriller",,
1722712,,Redacted,Redacted,en,"Clocking in at a gripping one hour, this dark-comedy horror experience throws audiences headfirst into chaos, following Detective Leslie Morose as he investigates six chilling unsolved cases completely oblivious to the terrifying presence stalking him within his own office. As the mysteries spiral from ritualistic cults to alien parasites to sinister folklore creatures, one thing becomes clear: the real horror is not just in the files… it is already inside the room.",THE FILES STARE BACK.,2026-07-01,/3UarmzTgkXEi7QJpVXamFt8dU2u.jpg,0.195,0,0,0,0,55,Released,False,/4NKam3xOMgGJfbczSRquTIKtzC0.jpg,"Horror, Mystery, Comedy",,
1722717,tt43628004,Gore,Gore,en,"A man travels to his remote cabin in the woods, in search of solitude, only to find as each day passes alone and isolated his past would resurface in terrifying ways.",English,2026-03-26,/vekNEH9rCGsxqtPbItdiPRbrLu.jpg,1.1147,0,0,600,0,48,Released,False,/qx5kEVjp88TEQD0JfQTJxw0gl3n.jpg,"Horror, Mystery, Thriller",,
1722750,tt43588908,Vengeance X,Vengeance X,en,"William Floss is investigating the disappearance of Ami at an old Haunted house that was owned a long time ago by a man called LearX. As William delves deeper into the house, mysterious things start to happen.",,2026-06-15,/3GpT3sRWqKI0JGfAPF87GbZ11JP.jpg,0.291,0,0,2000,0,62,Released,False,/2oYMkJdh1v26O18MF3KBYzWV9LC.jpg,Horror,,
1722848,tt43659060,Poppy McCorn,Poppy McCorn,en,"Your favorite hot-buttered movie mascot welcomes you to the theater, and reminds you to be quiet and courteous...or else...",Your favorite hot-buttered movie mascot!,2026-07-16,/nvQuOfKmSiMWaUrVC9QhkPA4gp5.jpg,0.5541,0,0,50,0,6,Released,False,/bv29are7JNxZlL8M7LZfPqpWCTM.jpg,"Comedy, Horror",,
1722904,tt42752262,Swamp,Swamp,en,"Years after her mother's disappearance, Jamie and her friends return to the lake where the woman claimed to see a terrifying creature. Soon after arriving, the keys to their car go missing, leaving the group trapped.",,2026-10-23,/mockX6dCt4Q3XvwtcGD4gcyTO23.jpg,0.2056,0,0,0,0,0,In Production,False,/8YUKOj1RB3GS0qLeO73bhIi745q.jpg,"Horror, Mystery, Thriller",,
1723001,,Echoic,Echoic,en,"A young man is thrust into a surreal nightmare, forced to confront an unseen force that won't let him go.",EVERYONE LEAVES SOMETHING BEHIND,2026-07-03,/yiPSqygDHu4jjbdzOmOrHP9o1ru.jpg,0.0807,0,0,0,0,3,Released,False,/2cPFzwaVq6DSckKsoTBljD0LwgZ.jpg,Horror,,
1723201,,FESTER,FESTER,en,"Unable to digest the end of his relationship, Robert develops a haunting gut-rot that sends him spiraling down the toilet... and into his ex-girlfriend's new lover's apartment.",,2026-07-21,/AjYkt4JAShsG6vr23EYFFszpdJN.jpg,1.3751,0,0,0,0,17,Released,False,/AeRO98izhokZ2pGSB6l7PHTecnW.jpg,"Comedy, Drama, Horror, Fantasy",,
1723224,,Nine Days of Sadness,Nine Days of Sadness,en,An isolated gamer accidentally discovers an analog-style game that promises deep human connection with an anonymous player on the other end of the screen --- only to discover the horrors the game is built on.,A DOWNLOADABLE NIGHTMARE,2026-10-02,/eUUrPkIruzJKFPgWwwF62FLcXHc.jpg,0.1044,0,0,0,0,13,In Production,False,/k05U78k8mKaxOB1UhAAhKSnVBFZ.jpg,"Horror, Drama, Mystery",,
1723232,,Det Forsvindende,Det Forsvindende,en,"As an attempt to end the dynasty of the mask is made, figures from his past start to appear. Witness the final conclusion to the saga, where choices matter more than ever before. Will he keep running, or put an end to it once and for all.",The end of it all,2026-06-25,/p6DKvpqRpC330KU4ozWB9Yrh3Jg.jpg,0.1113,0,0,12,0,11,Released,False,,"Thriller, Action, Drama, Horror",,
1723266,,The Return Solution,The Return Solution,en,"Jack, a grieving man in his thirties who recently lost his wife, turns to a mysterious drug called The Return Solution, which promises to reconnect users with what once made them happy. Desperate to see her again, he takes it and is briefly reunited with her through vivid visions. But after misreading the instructions and ingesting it incorrectly, the experience turns into a physical nightmare as his body begins violently rejecting everything he eats as if it were never consumed.",,2026-07-31,/fipahW4CKi9Y1disCsWpijL12fj.jpg,0.2927,0,0,3000,0,13,In Production,False,/ptjpqTlAWc88wRm2R5kIpeqBbqo.jpg,Horror,,
1723338,tt43632004,Strange Egg,Strange Egg,en,"After moving to a farmhouse with her newly single mother and leaving her father behind, a teenage girl's curiosity awakens something strange within her, forcing a confrontation with her emerging desires.",Girls will be Gross.,2026-07-26,/25lDJ2io42klT8H5qaUOydSyW6g.jpg,0.6735,0,0,0,0,14,Released,False,,"Horror, Drama",,
1723448,,Himalaya: Black Ice Edition,Himalaya: Black Ice Edition,en,"FOUND Exclusive B&W Edition: Cryptozoologist Yuma Sato enters a newly discovered Himalayan ice cave to search for the mythical ""Snow Ghost."" Broadcasting live, his camera reveals shocking finds. Is it an internet hoax or a major scientific breakthrough?",,2026-07-10,/dvByQg6p2q69o11t7Z8Y8QcUVPU.jpg,0.6076,0,0,0,0,85,Released,False,/dJdvdfUfXitTZBVHS4VhQgp7VYt.jpg,Horror,,
1723487,,RIPS,RIPS,en,"Two buddies, Gunther and Jay, try to get their hands on some mushrooms from a weird dealer who is rumored to be involved in a cult called, ""The Garden."" They arrive at the dealer's house, unaware of the chaos that is about to ensue.",one bad trip,2026-05-09,/nyq4jmrJQCCNDdQlxv417Lql9VW.jpg,0.387,1,10.0,0,0,6,Released,False,,"Thriller, Action, Crime, Horror, Comedy",,
1723502,,THE OVEN,THE OVEN,en,A man living alone eats his dinner.,You're eating yourself to death,2026-06-30,/ixrTELYine8ryNbhcMqfrnZh4rK.jpg,0.0821,0,0,10,0,3,Released,False,,Horror,,
1723775,,CHANGE,CHANGE,en,Three people walk down the street.,People are never who you think they are.,2026-06-25,/xmKs8B5hNoImyESe7zjecPiTWs5.jpg,0.0796,1,10.0,0,0,20,Released,False,/wzdVwnoN4JcV7yyhvUYVH1sBBhv.jpg,Horror,,
1723797,,Playtime,Playtime,en,"Deputy Sheppard must survive a psychotic children's game with deadly consequences in this terrifying thrill ride that explore the dears of family loss, questions the horrors of humanity and asks what it means to be a ""real boy.""","Secrets cant remain hidden forever ... a demon lives among the dolls, and it's hungry for a new body.",2026-06-26,/45jmJMXNp3YhIWlE62aryruSLYJ.jpg,0.6454,0,0,0,0,3,Released,False,,Horror,,
1723830,,Dirtmouths,Dirtmouths,en,Dirtmouths is a 6 minute horror-comedy directed by Breehn Burns and starring Pendleton Ward (Adventure Time) in his first live-action role.,"On a lonely, fog-drenched hilltop, the night groundskeeper crawls under the house and finds a new, unexpected chore.",2026-07-17,/WaZsOBt1hxGekBFOjcbq8vtR8f.jpg,0.5687,0,0,0,0,6,Released,False,/3QaLKQqij6DwpFwE4nVeU7MRusu.jpg,"Horror, Comedy",,
1723950,,Orchard Beach Road,Orchard Beach Road,en,"Three friends plan a vacation to Orchard Beach Road, an idyllic getaway surrounded by quiet and slow-living. When Jamie informs Rowan that their friend Iris has died, tensions arise between the two and cracks form in the foundation in their relationship. When reality slowly distorts into a waking nightmare they must decide who can be trusted. Or does something more sinister lurk beneath the surface of their friendship?",Horror Lurks Beneath The Crevices of Friendship,2026-07-11,/zpVWIeXq0VuN2AYXdh2MIbVj656.jpg,0.153,0,0,0,0,12,Released,False,,"Horror, Mystery, Thriller",,
1723967,tt30516208,The Leaching,The Leaching,en,"After waking up on her father's isolated forest property with amnesia, Vivian must use her limited memory to piece together the nightmarish truth, all the while being tormented by the undead, a giant leech monster, and her ""father.""",Family Can Be So Draining,2026-07-07,/8xdLmP9ksISVyNg0kKUlI3DWtQg.jpg,2.4914,1,9.0,45,0,75,Released,False,/sH85TD7mzEErRQhbodSP1hBkMdw.jpg,Horror,,
1724072,,Of Womb,Of Womb,en,"Evading the hard truth of their religious matriarch’s death, three sisters gestate dark ecstasies of faith and folk horror. Blessed be Mother.",,2026-08-15,/fWXWNa413xr7iIr2kGAVXGZbvUI.jpg,0.0809,0,0,0,0,90,In Production,False,/cX0fBWx15UHMJSsVpyVbjOzmjx8.jpg,"Drama, Horror",,
1724081,,Bluffsaw,Bluffsaw,en,A man gets suddenly abducted by a mysterious figure who forces him to do terrible challenges to earn his freedom.,Silenced... wanna play a little game?,2026-06-30,/wbGmaO7qTlxotdzPpRBLzXkhL9c.jpg,0.0703,1,10.0,14,0,5,Released,False,/lomzne0e3SUDblEitin5ZgWvHw8.jpg,"Horror, Comedy",,
1724170,,D3STRO,D3STRO,en,"A young couple shares a deep passion about food and desire for each other. They put all their efforts to satisfy all their fantasies, until they come with the ultimate culinary experience. One must be eaten and the second must feed from the other’s flesh.",True Love Dies,2026-10-03,/6wStAUmEMAy2egoUxJYufIWXAih.jpg,0.087,0,0,0,0,7,In Production,False,/8mFhEv8MhyVZl2PD9yO7QoqY9ar.jpg,Horror,,
1724183,,Killing me softly,Killing me softly,en,"Cooper is a grieving teenage boy, haunted by his guilt for his best freinds death, so Cooper contacts him through a ritual, reliving his most recent memories with his best friend and speaking to him from the dead.",Ritual,2026-07-07,/iyX1tKPUKCsSE0Nl07WYo4gEmUq.jpg,0.1085,0,0,0,0,5,Released,False,,"Horror, Drama, Fantasy",,
1724263,,Be Mine,Be Mine,en,A group of friends anxiously await their Valentine's Day party while a masked killer roams about.,What’s in your card?,2026-06-05,/cLVkRecDpXNpFeDqfoumVUQX2jA.jpg,1.8637,0,0,0,0,33,Released,False,/dXAdZoHKg3F8VlA9ropqDKPahCt.jpg,"Horror, Comedy, Thriller",,
1724296,,Flicker,Flicker,en,"Told entirely from the passenger's point of view, Flicker is a single unbroken ascent inside an elevator car climbing from the ground floor to the third. Nothing more happens than a flickering overhead light and the steady tick of the floor indicator — and that's precisely what makes it impossible to look away from.  Something is wrong with the light. That's all you need to know.",Something is wrong with the light. That's all you need to know.,2026-07-15,/6tOUsrVLZgfoaFpqBv5Lu0J81fB.jpg,0.2,1,6.0,0,0,1,Released,False,,"Horror, Mystery",,
1724315,,Exchange,Exchange,en,"A paralysed teenage boy, isolated on a private hospital ward. His life flashes before, last moments of life, with a vivid encounter with death. Is the accounted recollection forged or an authentic perspective ?",Does life flash before your eyes when closely encountering death ?,2026-06-02,/6qCHhRaQJu0DONfyHCdJhQdGFkh.jpg,1.2485,0,0,60,0,2,Released,False,/fKQ9RveDWoapIV7CIeCcbPStoEK.jpg,"Horror, Mystery, Thriller",,
1724479,,FUNHOUSE,FUNHOUSE,en,"Freya is a fun, extroverted party-goer like most uni students. When she’s invited to a night out with her friends, she’s determined to go. But as she gets ready, her Body Dysmorphic Disorder takes over and sends her down a spiral of compulsions, making it harder and harder to leave.","With such fun, why would you want to leave?",2026-06-19,/5VcmCoTq3KjtpZTDKiaCqZfZIy8.jpg,0.1918,0,0,0,0,8,Released,False,/A2kK2HkGLOc0RLLojBj7LmPqxkn.jpg,"Horror, Thriller",,
1725268,,Eramus,Eramus,en,"After a romantic interest vanishes without explanation, a woman becomes convinced he is dead. With only her phone as a companion, her katabasis through online spaces leads her to new spiritual languages emerging in a technological age.","When love disappears, can it be resurrected?",2026-08-08,/nrE0VkDjnKxhF5TSOowAyvxsJz.jpg,0.2478,0,0,0,0,0,In Production,False,/cBUUvfCHkPv4uEANbQXxEd1kVnV.jpg,"Documentary, Horror, Fantasy",,
1725352,,Recall,Recall,en,"When a quietly hollowed-out office worker encounters a strange new colleague who seems to know him better than he knows himself, he doesn't realise that every friendly exchange is costing him a piece of who he actually is until there's nothing left to notice.",Can you relive your memories,2026-07-13,,1.5681,0,0,80,0,6,Released,False,/ry212492WOa4gsVQLkyWgqecuWx.jpg,"Thriller, Horror",,
1725485,,You're Not Going Home,You're Not Going Home,en,A high school drama club's productions are put into danger when students begin to go missing.,He’s making a movie.,2026-07-03,/bZDjnhEqyjpJkzOwYdth2rBVZhE.jpg,0.1003,0,0,0,0,27,Released,False,/1sN92tAsxWbkhRBimlgvfOlzdpT.jpg,"Horror, Crime, Comedy",,
1725547,,Sins of the father,Sins of the father,en,"A young man’s life begins to unravel when his father displays symptoms of a strange, fast-acting illness. Trapped in a claustrophobic environment, the son's initial panic quickly spirals into full-blown paranoia. As the father's condition worsens, the line between reality and hallucination completely dissolves, leaving the son to face a horrifying question: is he witnessing a physical sickness, or a dark, inherited curse?",You can't escape what's in your blood.,2026-06-17,/8H7WdBfUnTpQFMcZ5mtA5v9CYIg.jpg,0.2211,0,0,0,0,12,Released,False,/9nQixJhCpenDfp41ZfNDMzF8tKX.jpg,"Horror, Thriller",,
1725660,,The Andersons,The Andersons,en,"The Andersons is a satirical horror film that begins as a cheerful VHS-era sitcom, following a picture-perfect suburban family. Laugh tracks cue every joke, routines repeat flawlessly, and nothing ever truly changes. That is, until Lisa, the mother, begins to notice something is wrong. Jokes repeat word for word, objects reset, the world seems to glitch, and an unseen audience appears to be watching her every move.  As the cracks begin to show, Lisa steps beyond the sitcom stage and into a void where the making of the show is revealed: cameras, crew, and the presence of an audience. Desperate to escape, she fights her way back into the “show,” only to find the family reset, everyone frozen in their roles while the laughter never stops.  Trapped in an endless loop of artificial happiness, Lisa is left alone with the terrifying realization that awareness is the worst punishment of all.",It's A Perfect Family! Why would you leave?,2026-08-22,/zZc1aCLqzMWoaRYBBmXs3ioCFlp.jpg,0.0784,0,0,300,0,5,In Production,False,/qSAXM8k1A3Ti62LV8Zy3ZTJIU70.jpg,Horror,,
1725700,,VIRAL,VIRAL,en,"Two high schoolers, Preston and Colby, are trying to go viral on social media. They use traps and editing to fake horror videos on YouTube, When their friend goes out of town they take the opportunity to use his house for a video, but it takes an unexpected and frightening turn.",For the content... right?,2026-07-05,/uxXD4B1hZTAESYRWH0y1aqEXk8r.jpg,0.1203,1,10.0,230,0,15,Released,False,/uZkfDr59Y3BwZ17NrTcdmr2MB4F.jpg,"Horror, Thriller",,
1725794,,Fantastic Planet,Fantastic Planet,en,"Humans flee their planet, leaving only destruction in their wake as they voyage the galaxy in search for new beginnings.",Humanity's Ouroboros,2026-07-04,/hyZfrLyh5x3AoPRHzrjyF8Xu90Q.jpg,0.0967,0,0,0,0,5,Released,False,,"Science Fiction, Horror",,
1725875,,Bruised Sky,Bruised Sky,en,"In early ‘70s rural England, George and Tommy, two teenaged friends-of-a-friend, meet up on an Essex basketball court. One invites the other to accompany him to a dealer’s home to score some weed.",,2026-07-29,/rKmWI1otUkNMPylvmzUF6jiNkPI.jpg,0.3037,0,0,0,0,20,Planned,False,,"Drama, Horror, Thriller",,
1725879,,inside.vbs,inside.vbs,en,"A malicious Hacker gains access to John’s home computer, leading to the revelation of his darkest secrets.",,2026-04-29,/zyRTHvdoM2ubxRHi8nybMa7jkVT.jpg,0.1209,0,0,0,0,5,Released,False,,"Horror, Thriller",,
1725954,,The Bloody Hand,The Bloody Hand,en,A cooking accident leads to the tragic death of a woman which echoes 50 years to the future.,,2026-04-16,/bgsMzamD3Z9o9xAEaKpBxvy3XwJ.jpg,0.5258,0,0,0,0,1,Released,False,,"Thriller, Horror",,
1726101,tt43634596,Vanity: (T)OUCH!,Vanity: (T)OUCH!,en,"The debut music video for Los Angeles rock band, VANITY.","Inspired by classic horror movies in which a woman lusts for a monster that wants to hurt her, (T)OUCH! follows Crybaby as she falls for a seductive vampire; only to take back control in a blood-soaked climax.",2026-06-26,/1CqqCR2GD2KveS8rsvSGxlj6P7W.jpg,0.4855,0,0,30000,0,3,Released,False,,Horror,,
1726149,tt41115695,Addiction,Addiction,en,"After finally building the life he once dreamed of, a young man begins to feel suffocated by the constant effort it takes to maintain it. Exhausted and disillusioned, he starts to lose sight of why he worked so hard in the first place.. As his addiction tightens its grip, his reality begins to fracture. Without the substance, his mind spirals-distorting his perception and isolating him from the world around him. Soon, he starts seeing a dark, shadowy version of himself lurking in the distance... watching, waiting, and slowly getting closer. What begins as an escape turns into a psychological nightmare, as the figure grows impossible to ignore-an eerie manifestation of his unraveling mind, and a haunting reflection of the path he's chosen.",Relapse is coming.,2026-08-07,/21RQzihKhArCeFT8Te26stn44u0.jpg,0.1469,0,0,2500,0,83,In Production,False,/nh5tqsVwDTwrY24ZiCkEC6j9ca4.jpg,"Horror, Thriller, Mystery",,
1726206,tt42835127,The Bride of Diablo,The Bride of Diablo,en,"One dark night Muerte, goes out to hunt for a virgin for him to wed to attain demonic power.",,2026-05-23,/nxCvSRuzZxFnOutOJCGKNjWJS1W.jpg,0.1616,0,0,352,0,6,Released,False,,"Horror, Comedy",,
1726236,,STATIC: A Short Film,STATIC: A Short Film,en,Static the clown lives in an isolated world. Alone in a bedroom he is left with only his thoughts and this mind-numbing static that he cannot escape. He is stuck creatively and physically by an unrelenting force.,,2026-05-31,/fHuh5CQMBX8M6PS6FoIaRvwKCr7.jpg,0.1132,1,10.0,0,0,3,Released,False,,Horror,,
1726470,tt43640464,Sombre Investigation,Sombre Investigation,en,The man who find the room was dark like void.,,2026-07-03,/9LeKMrq8wJ1Qt6zrHw0jqPgJZua.jpg,0.2642,0,0,0,0,3,Released,False,,Horror,,
1726557,tt31779358,The Hoodoos,The Hoodoos,en,"When a crew of criminals attempts to steal cursed Confederate gold from a haunted Louisiana plantation, they discover that the voodoo protecting the treasure is terrifyingly real… and the dolls are awake.",A spooky heist like no other.,2026-07-07,/hEUQczbYxpdWTRniUxOP4rcgfeS.jpg,4.8848,2,6.5,0,0,90,Released,False,/ojYNifqtwK9bYraDgjGETc0e2bZ.jpg,Horror,,
1726584,,Willa,Willa,en,"NESCom Films Presents ""Willa"", a short film based on the short story by Stephen King, published in the 2008 ""Just After Sunset"" collection.",,2026-04-14,/uuy5WJPsP0XrnZJYChsW1cw6ApP.jpg,0.0869,0,0,0,0,21,Released,False,,Horror,,
1726601,tt40253306,The Last Apocalypse,The Last Apocalypse,en,"When a mysterious virus created by a Japanese doctor in Tokyo escapes containment, the world spirals into chaos. A medical anomaly quickly mutates into a global phenomenon-manifesting in eerie, unpredictable forms across two continents.",,2026-05-07,/8zOIPRrBDx5JoVXkNvFYoFU5yQz.jpg,0.9735,1,1.0,0,0,78,Released,False,/q7CpK3OEvadvPfdJ0sdcbWVyBag.jpg,"Action, Horror, Science Fiction",,
1726699,,Yellow,Yellow,en,A therapist's patients all report the same terrifying vision: a yellow doppelganger coming to replace them. His search for answers uncovers a dark secret hidden in the past.,Vengeance is yellow.,2026-07-02,/axhUFyFt6Ni4FGu2bZpF5h4DGyX.jpg,1.5896,1,7.0,0,0,2,Released,False,/ohLbylb5asN7pNySqFMit1Tgt23.jpg,"Animation, Horror",,
1726771,,FANGS! The Musical,FANGS! The Musical,en,"A lonely vampire tries to return to the world, but is thrust into a world that has moved on without him.",An Original Musical Spectacular!,2026-08-01,/2aYwvMGurVdY17rE2nTxA9emBkT.jpg,0.7144,0,0,7000,0,20,In Production,False,/ywPbfW1oXfzk7VJxkcxe3Gol4UD.jpg,"Comedy, Fantasy, Horror, Music",,
1726851,tt33347555,Still Ohio,Still Ohio,en,"Desperate to salvage her relationship, a college student embarks on a cross-country carpool only to find herself trapped in a haunting time loop where each stop at a lonely Ohio gas station grows more terrifying than the last.",Leaving has never been harder,2026-07-12,/uMfQXs6BJ5H3S0oSrN8s8r6MTBD.jpg,2.1495,0,0,0,0,78,Released,False,/uNndnUXI1Ea3cAvvVt2asm2RnR0.jpg,"Thriller, Science Fiction, Horror",,
1726920,,Fairhaven,Fairhaven,en,"As a serial killer emerges through a small suburban town, fear increases within the residents.",Dont go to Fairhaven. The devil lives there.,2026-07-04,/nLg2dbF20IUCymObo0T4kbtQpBU.jpg,0.3626,0,0,53,53,5,Released,False,/b6Td6DQP4hEk5XtkbxgqUOjAoXo.jpg,Horror,,
1727081,,luzid,lucid,en,The nightmare-plagued protagonist attempts to use lucid dreaming to break free from a surreal cycle.,Dream or Reality?,2026-09-18,/1srKnTxFB9WpViluXOHWpgsOVcr.jpg,0.1432,0,0,300,0,8,Post Production,False,/yW6gCRTerK76WNEJ2EmBwg6kHSk.jpg,"Horror, Drama, Mystery, Thriller, TV Movie",,
1727204,,Grave Danger,Grave Danger,en,A grave robber is terrorized while looting corpses in a cemetery.,,2026-10-03,/gYDpvZE4whNXRXoThcMFVGhiiUa.jpg,0.2357,0,0,50,0,16,In Production,False,/rT4tGW0GXwCTWqFhOoKDMFPfx43.jpg,"Horror, Comedy, Animation",,
1727234,tt40261009,The Trepidation: Deadest Night,The Trepidation: Deadest Night,en,"Brittany and Jaylen are framed for the murders, forcing them to uncover the ancient origin of The Trepidation before it consumes them. With the help of Malachi, who's haunted by visions, they face a nightmare from between life and death.",,2026-07-07,/mUAwbdfbXxjTw1S3diSEYpRrd3F.jpg,0.208,0,0,0,0,112,Released,False,,Horror,,
1727346,tt42362336,Corpse Syndrome,Corpse Syndrome,en,Meet Bingo... a perverted serial killer whose delusions turn into frenzy as he plunges further into the abyss of his vile impulses.tt,,2026-07-04,/qtBBHlw2zHxj0HQCRExjjUzB86m.jpg,0.107,0,0,0,0,75,Released,False,,Horror,,
1727409,,Jodi,Jodi,en,"A horror comedy made in Indianapolis about a woman named Jodi, a wannabe 80’s video vixen who likes locking men in her torture shed. Jodi loves her girlfriend TJ more than anything, and the feeling is mutual. So when TJ finds out about the shed, she tries her best to help the victims…but only makes it worse.  Jodi is a wild romp about the pleasures of rock n roll, sapphic love, and torture…don’t miss it!!","If you want it, you gotta bleed for it, baby.",2026-07-17,/eNPQJrbC8RoqSIQCn41u0PZIkoX.jpg,0.7517,0,0,30000,0,88,Released,False,/98uhzSLIJQP0VY63rAQen3j1dlP.jpg,"Comedy, Horror",,
1727615,,Black Treasures of Melancholy,Black Treasures of Melancholy,en,Traveler gets locked inside an empty fortress,,2026-07-08,/76M79aOtJrMWKGA5135NV9cnvQE.jpg,0.0461,0,0,0,0,7,Released,False,,"Animation, Fantasy, Horror",,
1727657,,Your Shadows,Your Shadows,en,This is a short psychological drama/horror film about the fears of the darkness in especially your teenage years.,Some Fears Begin In Your Childhood And Never Leave You...,2026-03-12,/kMU3rMV5pVYDEMOmsFEU3MfmrO4.jpg,0.3276,0,0,0,0,5,Released,False,,"Horror, Drama",,
1727691,,Fyrhtu Unkent,Fyrhtu Unkent,en,"This is a short experimental horror piece meant to evoke fear along with heart. The meaning is left up to the viewers personal interpretation.  A possible takeaway for me is the feeling of loneliness, isolation and regret before death.",Are you lost?,2026-05-07,/h5PW2uE297Qb69h7rGietzzjJt3.jpg,0.1839,0,0,0,0,9,Released,False,,Horror,,
1727726,,Fyrhtu Unkent: Darkness Eternity,Fyrhtu Unkent: Darkness Eternity,en,"This is my follow up to the previous Fyrhtu Unkent (2026), this one taking place multiple years later and expanding on the themes and meanings to the first, only this time darker... much darker...",Darkness on the rise,2026-05-21,/u4H835sel1N9UPvxR6vHXOsPzQY.jpg,0.1505,0,0,0,0,8,Released,False,,Horror,,
1727747,,Fyrthu Unkent Part III,Fyrthu Unkent Part III,en,"This is my third and final short film to my Fyrhtu Unkent (2026) trilogy, this final instalment taking place multiple years later and expanding whilst introducing new themes to the franchises overall meaning of the feeling of loneliness being lost and then the concept of acceptance of grief in a mental hell on Earth.",This is it...,2026-07-04,/bKbLaPCumoysPd3hRLAWb2INs4X.jpg,0.0705,0,0,0,0,7,Released,False,,"Horror, Thriller, Drama",,
1727829,tt43655331,Aether,Aether,en,A grieving man is taken on an journey through strange worlds by a hooded figure in the hope of recovering his dead wife.,Welcome to a new dimension of horror.,2026-07-11,/o3pEGaaXXU03182EwPJcwAYZ577.jpg,2.917,0,0,0,0,6,Released,False,/8Sw1OkCUC01q3DNUNKqZoc3Crgs.jpg,Horror,,
1727870,,Kidz See Ghosts Too,Kidz See Ghosts Too,en,Two college graduates face a mysterious earthly creature with the power to change their lives.,"""I guess you can always count on fear to hold you back.""",2026-07-24,/pwuzGj0H31n1TdB6NhdQn4Zfjnf.jpg,0.8013,0,0,0,0,10,Released,False,/ahUUfxCgmsePQo30xjCcuiZJ7Ad.jpg,"Drama, Horror",,
1727906,tt42455335,Backrooms Bigfoot,Backrooms Bigfoot,en,"Two strangers wake up, trapped in the endless backrooms and are hunted by a massive supernatural Bigfoot creature lurking in the maze. As reality breaks around them, they must fight to survive and find a way out before it kills them.",,2026-07-07,,2.512,0,0,0,0,110,Released,False,,"Horror, Drama, Mystery",,
1728171,,Berber,Berber,en,A child searches for his missing sister in a suburban home.,A ghost story.,2026-07-15,/6E0xQFQSbktQltSAKlQhN43cvTY.jpg,0.4724,0,0,0,0,41,Released,False,/nuXiygEuLgt2junajC98gZHY3D1.jpg,Horror,,
1728183,,Eat Your Heart Out,Eat Your Heart Out,en,"Chester is a 20-something year old trans woman early in the transition period. One day she begins to experience heart tremors that cause it to pop out on the surface of her chest. Various things throughout the day trigger this, including her co-worker and secret crush Rosie. The tremors force Chester into a confession, however that does not spell the end of her concerns, as the tremors continue into the bedroom.",,2026-06-06,/4K9Rd63tctVKglahekQG0TkxG7P.jpg,0.9404,0,0,0,0,5,Released,False,/wOEeVHC1HMQbSxUEshXHbsgJS9Y.jpg,"Animation, Romance, Horror",,
1728238,tt35612006,UNTIL NEXT TIME,UNTIL NEXT TIME,en,"After his fiancée's death, an emotionally unstable man is approached by a mysterious man who offers him a second chance to bring back what was lost at a deadly cost.",KEEP THE DEAD BURIED,2026-01-16,/9Jams3l5FJxVMIrjXTs3GQIGsNx.jpg,0.4189,0,0,750,0,9,Released,False,/3EUujEvZixkUPmrppzDhtDMoMqz.jpg,"Horror, Mystery, Thriller",,
1728239,,The Mineco Movie,The Mineco Movie,en,"After a ragtag group of friends arrive at a cabin deep in the forests of Scotland, they discover their friend had mysteriously been crushed by a falling TV satellite. Now, they must put together the pieces by watching through the 13 tapes that were left behind.",,2026-06-12,/sA8DSNOif5W2FSsavmLYV75kxAV.jpg,0.1504,1,1.0,3500,0,125,Released,False,/zm50OIEHYgUocXvaGcvWJZgMwWY.jpg,Horror,,
1728244,tt32633384,Written In Blood,Written In Blood,en,"When Selena's family is wrongfully executed by the Mexican Cartel, she wages a violent war against their leader, Lucas Almonte. She forms an unexpected alliance with Nuevo Laredo Police Detective Alex, who has her own demons to face.","After a wrongful execution, a vengeful vampire starts a violent war with the Mexican Cartel.",2026-02-16,/iScgvOU394qGoKfJCiX35LaNn8G.jpg,1.2263,1,10.0,140000,0,94,Released,False,,"Thriller, Action, Horror, Fantasy",,
1728309,,MYXOMATOSIS,MYXOMATOSIS,en,Harlen’s a young  girl who curiously follows a pair of pink hands through a mirror.  She becomes part of a beautiful world where absolutely everything is controlled by The ominous Man with The Bunnyhead.,Twitching and salivating like with myxomatosis,2026-08-27,,0.6933,0,0,2000,0,13,Post Production,False,,Horror,,
1728338,,The Creeps III,The Creeps III,en,The third film in Dustin Ferguson's anthology horror series.,,2026-07-06,/hwEzj75ufjBuqv9KPyycqvHUZDW.jpg,0.5426,0,0,0,0,45,Released,False,,Horror,,
1728341,,CANNABINOID,CANNABINOID,en,Paranoia sets in as a teenager buys weed for the first time.,Why are your eyes so red?,2026-07-16,/qZzujApnNxVzOyf9kZLWcoozQRI.jpg,0.1775,0,0,500,0,8,Released,False,,Horror,,
1728343,,Doll Killer 4,Doll Killer 4,en,"In this final entry, doll restoration expert Stephanie recalls the events of previous films before escaping to unleash her own reign of terror.",,2026-02-06,/pfTELU88J5BtO2DEy0pTZKg740u.jpg,0.4934,0,0,0,0,50,Released,False,,Horror,,
1728344,,DEADLINE,DEADLINE,en,"A girl is studying for a project alone late at night, pushing herself to finish before the deadline. Stressed and exhausted, she struggles to stay awake… when suddenly, the night turns unsettling.  Strange noises, uncanny movements and a feeling that someone is watching her.",,2026-06-04,,0.1197,1,7.0,0,0,10,Released,False,/ikzPzygwXEAHDguwQvrOClkh3L0.jpg,Horror,,
1728408,,Nightmare School – The Mystery of Professor Marabecca,Nightmare School – The Mystery of Professor Marabecca,en,"Set in the imposing Kaiser Academy—a private boarding school that looks like something out of a Gothic novel—*Nightmare School* tells the story of Vittoria’s inexplicable disappearance. A group of friends—Isa, Michi, and Gibbo—join forces to search for her, discovering that the school is far more than a place of learning: it is steeped in legend, a guardian of dangerous secrets, and presided over by an authoritarian headmistress who is the heir to a shadowy alchemist founder…","After the final bell rings, no one is safe...",2026-09-25,/zYPBpYFVPRitZkPnDedVM5SQLe3.jpg,0.4315,0,0,0,0,0,In Production,False,/zVq1FKKRXuJwp4CKwN8t3I4YTL3.jpg,"Horror, Drama, Mystery, Thriller",,
1728705,,A Red Dot,A Red Dot,en,"While brushing his teeth, he finds a red dot. It seems to be leading him somewhere.",,2026-06-24,/rWJj3G2hwhRKmV0vnyTclVmIg93.jpg,0.0609,0,0,0,0,3,Released,False,,Horror,,
1728862,tt26314718,Reaper Road,Reaper Road,en,"Two friends end up on a never-ending road that leads into the woods, trapping them in a hellish dimension.",No turning back,2026-07-25,/z6e1k5P69qKG10wosjpkG4FdAQe.jpg,3.643,0,0,0,0,84,Released,False,,Horror,,
1728956,tt40606788,The Mirror of Malevolence: Chapter One - The Dreary Orphanage,The Mirror of Malevolence: Chapter One - The Dreary Orphanage,en,"In the town of Dreary, where no happy wish ever endured, twelve-year-old Henry Button yearns for escape.","No wish ever endured, except one...",2026-05-03,/7vEIVGlG5OsDTGtFcCdJdMaxIJe.jpg,0.1028,0,0,0,0,0,Released,False,,"Fantasy, Horror, Animation",,
1729008,,The Unsettled,The Unsettled,en,A banker enters an abandoned house to locate a deed left behind.,MR. MILTON IS THAT YOU?,2026-05-01,/9wBjhjKhGHPSnEtYUXSgS0gduvN.jpg,1.2738,0,0,0,0,17,Released,False,/vD75k3jQyd2kQP6eNABC30GVc6w.jpg,Horror,,
1729050,,The General,The General,en,"July 4th, 1976. Two hundred years after the signing of the Declaration of Independence, America has changed a lot. Far removed from the original ideals are some individuals. The youth becoming more and more opposed to the ""freedom"" promised, while others use their power for their own personal gain. It's enough for the Founding Fathers to be rolling in their graves, literally.",,2026-07-04,/8bE95CKi8FV5JzReVYFSmQYi3gB.jpg,1.2323,0,0,630,0,13,Released,False,,"Horror, Comedy, History",,
1729087,,The Shrimp-Off,The Shrimp-Off,en,"It's finally time for Patrick to put up or shut up about one of his many eating claims, and we're dragging Joe along for it for no good reason.",You are about to witness two Real Eaters,2026-02-04,/1WQImkV5WmVKZllINYhPd34G7Lw.jpg,0.5779,0,0,110,0,84,Released,False,/6IPWtjZyM4saq225L5fI7o2vDB0.jpg,"Comedy, Horror, Documentary",,
1729149,,Rumours Of Madam Roach,Rumours Of Madam Roach,en,A woman is monitoring her neighbours through a pair of world altering binoculars.,,2026-07-16,/arfpfxAPBiILahOR0ohF8GzTnQx.jpg,0.177,0,0,0,0,116,Released,False,/sgKs1Le9QXv4M1AACrjQijebMYv.jpg,"Horror, Animation, Thriller, Mystery",,
1729233,,Space Dust,Space Dust,en,A girl is transformed into space dust by a cosmic entity.,Even crazier space dust.,2026-05-22,/etj8MJwoDukLL3Bo5WPmUoPfL0v.jpg,0.1433,1,8.0,0,0,2,Released,False,/tnGEDs5vtq8dFLb4J5QdQSFHWkt.jpg,"Horror, Science Fiction",,
1729290,tt41775184,Surcease,Surcease,en,A troubled teenage boy wakes to a terrifying presence in his home.,Surcease,2026-05-22,/uYvY7ilg9mr4cyYBoaW283wJFvc.jpg,0.1488,1,10.0,0,0,5,Released,False,/pyjsvMcZud1PmjvO0VEjdydBv0h.jpg,"Thriller, Horror",,
1729631,,The Koolakamba Project vol. II,The Koolakamba Project vol. II,en,"After escaping the koolakamba's lair, the students return with reinforcements to defeat it once and for all. However, a new threat emerges...",OH SCHEIßE.,2026-02-19,/lj4sTcloBrYniLuRVXoTfRAwCke.jpg,0.0935,0,0,0,0,6,Released,False,,"Horror, Mystery, Comedy",,
1729652,,The Koolakamba Project vol. III,The Koolakamba Project vol. III,en,John Scheiße Jr. hires Nick Romancer the necromancer to resurrect the koolakamba and the scheiße monster. The students must return to the building to defeat them once and for all.,ACTION. NECROMANCY. SCHEIßE.,2026-07-10,/zkLnb8hxBkrGLNPxRhHRas8V3uJ.jpg,0.0762,0,0,0,0,7,Released,False,,"Horror, Action, Comedy",,
1729662,tt40107964,A Darker Place: Reborn,A Darker Place: Reborn,en,"A D.C.A. enforcer hunts the creature responsible for his team's deaths into a dimension of darkness where reality breaks, and a single door offers escape or a deeper descent into the unknown.",,2026-06-10,/96Ebgy4YnU0d3sngMYbaOtq3IjK.jpg,0.3343,0,0,0,0,6,Released,False,,"Science Fiction, Horror",,
1729725,,Suppress Us,Suppress Us,en,A group of teens visiting an Airbnb a year after the death of their friend are shocked when they find what they've been suppressing in the nearby forest.,You're never alone. Even in the darkest part of your mind.,2026-07-10,/6KFbOArvcHhbto58ZjmBJtzsvMR.jpg,0.117,0,0,1000,1,65,Released,False,/5WUbgcJsX5JqCslxPmLBT356Cyg.jpg,Horror,,
1729833,,The Dinner Party,The Dinner Party,en,"The Dinner Party was my final project for my video experiments class. I began working on it in March of 2026, and finished towards the end of April.",,2026-07-10,/1nPX5F1g0nFt7m5gjf4JbLZBhwi.jpg,0.0654,0,0,0,0,6,Released,False,,"Fantasy, Horror",,
1729874,,Repeat until she’s gone,Repeat until she’s gone,en,"Haunted by her best friend’s recurring presence, Ivy begins to question whether the strange events around her are real or part of an endless cycle she cannot escape.","She’s gone, yet her presence isn’t.",2026-07-11,/tGNM1DvcLNYNaez4Mkar05FNbtD.jpg,0.067,0,0,0,0,2,Released,False,/6BzqNiqqMVvDbgV8AmwZJxy8GK7.jpg,Horror,,
1729940,,Newlyweds,Newlyweds,en,"After murdering his bride on the night of their wedding, a panicked groom races down a desolate backroad to dispose of her body before dawn. But as the miles disappear beneath his tires, unsettling phone calls, impossible visions, and a growing presence in the backseat begin to blur the line between reality and nightmare. Trapped alone with his guilt, he soon discovers that some truths refuse to stay buried.",Till death do us part.,2026-07-16,/6l5LkvUx3v9ysokd0VcZnANf5mm.jpg,0.2902,1,10.0,1200,0,0,Released,False,/grIazH0nODnCj8J3Tlc4Q1I3ZlX.jpg,Horror,,
1730069,,The Quiet Fight,The Quiet Fight,en,Sometimes the hardest fights are fought from within.,,2026-07-12,/hx553djafRRbExwzBzVjuLtRAQI.jpg,0.5953,0,0,50,0,1,Released,False,,Horror,,
1730096,,The Eater,The Eater,en,Douglas' profoundly normal life is thrown into chaos when something starts rearranging his furniture.,I was just so hungry...,2026-07-19,/cBpbL4Eo9RXM44RWF1OApgAR88B.jpg,2.5846,0,0,0,0,19,Released,False,/AqDnhUPVbSeL7CrEYn7RHiAgo3x.jpg,"Comedy, Horror",,
1730156,,The Witness,The Witness,en,"After witnessing the death of her roommate, a teenage girl is pursued by the relentless killer who was responsible for the murder.",A mildly cringe film by Spencer Frank,2026-07-10,,0.1391,0,0,12,0,3,Released,False,,"Horror, Comedy",,
1730176,,Disconnection,Disconnection,en,A man being stalked is lead through an absurdist adventure comprising of a strange encounter and a mysterious room.,My Phone Is Disconnected.,2026-07-03,/nEbZZ9eJB4EU2NRH5fVf2ij5gLG.jpg,0.5374,1,10.0,0,0,2,Released,False,,"Comedy, Horror",,
1730182,,VIVID,VIVID,en,A troubled college student struggles with his grasp on reality while tormented by a masked figure that recurs throughout his dreams.,Some dreams you can't wake up from,2026-03-09,/oYyfSKNNyBDjmG6wNpchtIWER8b.jpg,0.127,0,0,250,0,6,Released,False,/3FzoK3wfiCEl8ZKEiciNb1NSXld.jpg,"Horror, Thriller",,
1730191,,The Analog,The Analog,en,"David Hayes, an aspiring content creator, finds an abandoned camera in the woods containing disturbing video files and soon discovers the danger within is much closer than he could have ever imagined.",Whats the price of a lying tongue?,2026-05-11,/37PkrjJU9TqjIpBCyzKLbeoC0m6.jpg,0.1166,0,0,500,0,21,Released,False,/bunAWLi1iaUb2ukF2lNdX26ICKt.jpg,"Horror, Thriller",,
1730685,tt36458072,Lifeform 3,Lifeform 3,en,"Zeena's Mother and Sister form a search and rescue mission for her deep in Romulus Woods. However, they soon come face-to-face with the Queen Lifeform in a final showdown.",,2026-02-01,/nqDGwlJKGZmvM1ud8lpFcrhJZnj.jpg,1.4918,0,0,0,0,55,Released,False,,Horror,,
1730747,,My Best Friend,My Best Friend,en,Star has been wanting to share something with Jill for a while. Something that comes at a great price.,The Gift of Knowledge Can Change Everything,2026-07-11,/sH4AhpoZ6s4MWj7jFW7CXvUtzxw.jpg,0.1165,0,0,0,0,2,Released,False,/ci8LiWr5z0XTdkfSPHwrYyfpNDq.jpg,"Horror, Drama",,
1730762,,SkinDeep,SkinDeep,en,3-time Royal Television Society Award Winning experimental short film exploring the real struggle of a young woman’s psoriasis in a severely cynical medical system.,,2026-05-31,/gTZsP2XoenxTctbAnd31zAPW5J8.jpg,0.1981,0,0,1400,0,10,Released,False,/f5JJwBLOCqYw5gP3T4JBz6Poiju.jpg,"Horror, Documentary",,
1730786,,Rush Week II,Rush Week II,en,"9 months after the first attack on Omega Sigma Theta, the Pink Poodle is back, targetting the sorority house. This time around, a new batch of sorority girls joins Kolie, Destiny, Jules, and Mikaela on a mission to survival.",,2026-07-12,/lJ5MBBREWxaeKKeMBzH36LwghfB.jpg,0.1868,0,0,75,0,13,Released,False,,"Horror, Comedy",,
1730804,,No One Goes to the Movies Anymore,No One Goes to the Movies Anymore,en,"Everyone’s been whispering about the haunting figure in the theatre, the silent presence that appears rows behind, watching. Fear has emptied the cinemas, leaving audiences to hide at home. But Lauren refuses to let go of the big screen. Determined to bring her reluctant friend to the film she’s been dying to see, she risks discovering whether she was right all along... or if the nightmare in the dark is real.",Ticket for one?,2026-07-31,/2cziS0G0Ild46254OAexw1nHQqE.jpg,0.3541,0,0,0,0,5,In Production,False,,Horror,,
1730860,,Inner Childs Play,Inner Childs Play,en,"A heartbroken young man attempts to get rid of his childish possessions, but one specific toy comes back to haunt him.",,2026-06-28,/riPH1WJlRYIHdbymqW9Y5gPTjMb.jpg,0.0898,1,8.0,0,0,3,Released,False,,"Horror, Science Fiction, Thriller",,
1730868,,Artifice,Artifice,en,"In an industrial hellscape overrun by a mysterious group, Vera Lynn must retain her humanity.",YOU ARE FULL OF MISTAKES.,2026-04-30,/vqg3hUd2KKDDLpul7k7TNm5AdRl.jpg,2.2434,0,0,3500,0,15,Released,False,,"Science Fiction, Horror",,
1731008,tt36073265,Hellbox IV - The Key Of Evil,Hellbox IV - The Key Of Evil,en,"The key of evil is forged in hell, and a demon escapes with it, asking for help from the former priest Rodrigo, what he doesn't know is that the devil's bounty hunter is coming for the search, with all the forces of darkness with him.",The Key of evil was stolen...Now Hell is on earth to get it...,2026-10-31,/mxgYRTE8j7y8PTGMx6iIeWCIIvd.jpg,0.1508,0,0,100000000,0,33,Post Production,False,,Horror,,
1731343,tt40047746,Namaslay,Namaslay,en,"A reimagining of masala cinema, Namaslay is a pyroclastic, genre-smashing horror satire that eviscerates the appropriation of Yoga in the West—proving culture is the blood that keeps the dead alive.",,2026-08-07,/hB6EFE7v5WxkEYdYXTv1j1CbLnK.jpg,0.4215,0,0,0,0,112,In Production,False,,"Horror, Thriller",,
1731376,tt43674901,Murder? I Hardly Know Her,Murder? I Hardly Know Her,en,"Awkward college student Luna accidentally kills her popular football-player boyfriend, Mark, hours before the massive Halloween party that she's hosting with her best friend, Frankie.  What was meant to be a harmless prank ends with disastrous consequences. now the two have a dilemma: cancel the party and risk their social status, or throw the party and figure out what to do with a dead body?  Already labeled as his rebound, Luna sees the party as a chance to prove her self-worth. After some hesitation, the two girls decide to go through with it anyway, disguising Mark's body as one of the decorations. As the night unfolds, Luna and Frankie, with newfound confidence, think they're finally winning over the student body, until Sara, Mark's ex-girlfriend, shows up.",This party's gonna be killer!,2026-05-16,/dULX2vihePCYtDtSd29a8a9E3gi.jpg,0.0647,0,0,24000,0,10,Released,False,/9kqRkgzK5SAee49ozLE649kvvtv.jpg,"Horror, Comedy",,
1731474,,The Dulling,The Dulling,en,"A man's joy is held at ransom in exchange for his cherished memories and keepsakes. When his comforts are ripped from him, where will birdsong be found?",It was the strangest thing...,2026-07-10,/OAro2yn0JMebDEMJapGekSNO6F.jpg,0.0589,1,8.0,0,0,12,Released,False,/7HbbzRRlKGaAoKdb6Qwwme1Utan.jpg,"Horror, Drama",,
1731482,,The Intruder,The Intruder,en,A paranoid man kills a home intruder.,,2026-07-14,/amnVAEMlrk5x1lNdRQUfNhh4qf9.jpg,0.1875,0,0,1500,0,10,Released,False,/rSWhWyiRSGSXZfjaE1mRy5xUWHM.jpg,"Horror, Thriller",,
1731610,,We Lied,We Lied,en,A woman embarks on a last ditch effort to save her own life.,You Said I Had More Time,2026-07-16,/iFCEYLICDHGc82LkWs0umSytsmw.jpg,0.0461,0,0,50,0,4,Released,False,/vrIkfHkP6jup5Jcf8xznf6MDtoV.jpg,"Horror, Thriller",,
1731625,,The Louse,The Louse,en,"'The Louse', a horror thriller following the lives of a brother and sister who encounter a strange force of nature that will bring them to their breaking point.",,2026-07-10,/5Afmg7gdIrp3la0izuU7QDXH2Lu.jpg,0.0833,0,0,0,0,22,Released,False,,"Thriller, Horror",,
1731640,,"Knock, Knock","Knock, Knock",en,Sally is alone… Or is she?,Bet you wish you didn’t answer the door…,2026-07-20,/ccx52fjPsSpRHhokd8VMH9DCHdm.jpg,0.1988,0,0,0,0,0,Released,False,/gTdS8t0chwFskWtwQAQtGuReLns.jpg,Horror,,
1731672,tt43674896,Wolf Ticket,Wolf Ticket,en,A down on his luck man purchases the secret to success: a ticket that turns the buyer into a werewolf.,It's a dog eat dog world.,2026-09-10,/hMOMX0YnxVsFI6GCcKftE6oe71B.jpg,0.1913,0,0,0,0,10,Post Production,False,/bsQzY133pVo7dFR0gsy8evjyFE7.jpg,Horror,,
1731708,,Dih Follows,Dih Follows,en,A closeted homosexual is stalked by a violent dildo when he refuses to embrace his sexuality.,It's cumming.,2026-05-01,/rinftZKDdiOFctxYUUPwW0faSTn.jpg,0.0935,0,0,5,0,5,Released,False,/rZJ2LFuHYO7xU3O5o7mF5cQLZo6.jpg,"Comedy, Horror",,
1731736,,Portent,Portent,en,A woman seeking isolation goes solo car camping but finds alone time scarce.,,2026-06-08,/aufng4FEZ1ngdZoxkETjrJc1Gjv.jpg,0.1689,0,0,0,0,9,Released,False,,"Science Fiction, Horror",,
1731762,,Fugue,Fugue,en,An unnamed protagonist is transported inexplicably into a state of purgatory.,Purgatory. Punishment. Past.,2026-09-01,/dq65X3vF3PqDc2EDDYun6LOpYb2.jpg,0.0746,0,0,0,0,5,In Production,False,/i9d9u1WSmieFRTS7kdqCJcM1JcE.jpg,"Horror, Thriller, Mystery",,
1731784,,Little Hands,Little Hands,en,"2 Years after surviving a brutal attack, Kai attempts to summon the beast to end things for good",Man or Beast?,2026-07-17,/viWHzbfQ8nOeFHluSS08MHky1MW.jpg,1.0492,0,0,0,0,8,Released,False,/jxAx1PX4rYB3HiRSVeAIM9UWflz.jpg,"Horror, Comedy",,
1731800,,"More Pain, More Pay","More Pain, More Pay",en,"After accepting a mysterious online offer that rewards physical pain with real money, Igar begins testing its limits. What starts as a harmless experiment quickly turns into an escalating cycle of greed, obsession, and self-destruction.",Every pain has its price.,2026-07-13,/egcQ0fhyfn62pwj8e4zFRz825ij.jpg,0.3601,1,8.0,340,0,4,Released,False,/gfAUvc832f8C5LgbaEMFp4wvoda.jpg,"Horror, Comedy",,
1731805,,Exhumed,Exhumed,en,A brother digs up his murdered sister to seek forgiveness for the the terrible crime he has committed.,The dead never forget,2026-07-15,/nHYed2CmB8fhJ4E3IjmpJ41qZsu.jpg,0.0461,0,0,70,0,13,Released,False,/tovbcjD36dhomtWfF8Uh9JzfcTV.jpg,"Horror, Thriller, Drama",,
1731942,,When you enter some scary woods. the movie.,When you enter some scary woods. the movie.,en,"This document is not only showcasing the beauty of the PNW, it is proof of what can happen...",Washington hides a secret.,2026-07-14,/1K0uInvrKM6s2JLEXrgxbcjjX81.jpg,0.0439,0,0,0,0,13,Released,False,/1popkJ4fpP1k9ZFy1KbuH8mY6Ig.jpg,"Documentary, Horror",,
1732044,,BROADCAST_586,BROADCAST_586,en,Bureau of Paranormal Phenomena looks into the case of a mysterious broadcast that might have possibly led to the deaths of 4 families in the town of Lander in May 1986.,"4 Families Dead, 0 Survivors, 1 Broadcast",2026-07-25,/y3xDBBfcKPoSooWbpOWFSj9pLDj.jpg,0.0686,0,0,0,0,3,Released,False,/trEk6KX4NCIZBSFAvPLAYJ6sMkl.jpg,"Horror, Thriller, Mystery",,
1732066,,Karma,Karma,en,"a young guy who got released from a case using his mother's influence, gets a mysterious short film link in email and what follows is a terrifying horror game of Karma.",,2026-07-15,/wlIRXhmMFAZkTjELfBVS0lRoBT.jpg,0.0318,0,0,100,0,3,Released,False,/cqxNFugobxxBdVJiTVY2p1Htbwd.jpg,Horror,,
1732121,,Decomposition (Look At Me) Hyperfixation,Decomposition (Look At Me) Hyperfixation,en,"An anxious and paranoid photographer, terrified of their own craft, goes on a daytrip with a supportive friend to escape their thoughts. Yet everything goes horribly wrong when nighttime falls and she is whisked away by his horrific visons...",,2026-07-19,/6Z08W7eT65Ho0W861RE66cUMWZZ.jpg,0.0977,0,0,300,0,13,Released,False,,"Horror, Drama, Fantasy",,
1732191,,Interstice,Interstice,en,"The narrative follows a lonely, broken young man whose ordinary reality collides with his surreal subconscious after he meets a young woman. As he journeys deeper into his dreams, he is forced to confront the uncomforting realities of modern love.",Sink into his mind. See through his eyes. See his memory. Be Alive.,2026-07-25,/7Xm0a1hq8SwJvHLq8uLH6y55PkD.jpg,0.6235,0,0,0,0,8,Released,False,/w6gzmOuw33AeHxg0vTJPn8CXwHA.jpg,"Drama, Romance, Horror",,
1732278,,Infatuated,Infatuated,en,NICE GUYS ALWAYS FINISH LAST,,2026-07-15,/hUXLooxp2Rb5Rnsyj6hTJRrqdn7.jpg,0.0727,0,0,800,0,29,Released,False,,"Thriller, Comedy, Horror",,
1732286,tt43663123,ಮಲೆನಾಡಿನ ರಹಸ್ಯಮಯ ಪುಸ್ತಕ,Malenadina Rahasyamaya Pustaka,en,"A suspenseful thriller set in the deep, misty forests of Malenadu. The story follows a mysterious book that uncovers long-hidden local secrets, triggering a thrilling journey to solve an ancient puzzle before time runs out.",This film made just in 1 day,2026-05-03,/v0OX4RXoZov9N4bv5eFMJno5ISg.jpg,0.5403,2,9.0,518,0,18,Released,False,,"Adventure, Horror, Mystery",,
1732289,,Dream Eater,Dream Eater,en,Lacey has a weird night with her girlfriends.,,2026-06-28,/dD5u2TBd7OFXKnzJYqHwV204sjY.jpg,0.1473,0,0,0,0,7,Released,False,,"Horror, Drama",,
1732354,,Hindsight,Hindsight,en,"A lone space explorer who investigates a distress signal on an uncharted planet, only to become stranded as strange events begin to unfold around him. As isolation takes its toll, he uncovers a mystery that challenges his understanding of reality itself.",Space keeps its own time,2026-07-17,/1jjWSbZIvCMvdamBUSCqV8eCRyO.jpg,0.0989,0,0,0,0,10,Released,False,,"Science Fiction, Thriller, Horror",,
1732497,tt43677795,LEATHERBACK,LEATHERBACK,en,"In 1994, a college film crew began documenting two promising physics students, Yulon Ackster and Anthony Schmitt, as they claimed to have cracked the code of controlling time itself. The project was expunged following a terrorist attack in Melbourne, Florida. This is the unsealed footage of what they found.","Leatherback (2024)  In 1994, two students claimed to have cracked time itself. The footage was expunged after a terrorist attack. Until now.",2026-08-29,/3LiYJSUbsevGgYdS49aIYWO27er.jpg,0.3952,0,0,5000,0,37,In Production,False,/hmpSgtwJJ7Z3NOuhNCKgDqxoSi1.jpg,"Science Fiction, Horror",,
1732652,,The Lady in Red,The Lady in Red,en,"While getting ready to go on a date with her boyfriend, Linda realizes that there is something wrong with her reality.","The Lady, The Chaos, The Cube and The God",2026-07-17,/lBpZQ9dzMVijTeO3MZmmmigKRnA.jpg,0.0813,0,0,0,0,23,Released,False,/lTzc3MwbxVGsDpLGAKimFPO9t2I.jpg,"Thriller, Horror",,
1732772,tt32510658,A Darker Place: Cases from the DCA,A Darker Place: Cases from the DCA,en,"A team of D.C.A. Bio-Enforcers falls prey to a rogue anomaly, trapped in a nightmarish dimension where reality bends to the creature's will.",,2026-07-17,/utTsxzJSTXSz3YzNV9jszuEFunq.jpg,0.2121,0,0,0,0,26,Released,False,/ho9QbmQuu8yHkVnIY2UGQb6YWlQ.jpg,"Science Fiction, Horror",,
1732798,,You Are Here,You Are Here,en,"When an urban explorer uncovers a desolate shopping mall, he walks the abandoned halls in search of an answer - and a way out.",DON’T GO FAR.,2026-05-16,/fGYaUnXegQgyovxzwqbrliJiuXK.jpg,0.0478,0,0,12,0,5,Released,False,,"Thriller, Horror",,
1732851,,Orson Welles in Salt Lake City,Orson Welles in Salt Lake City,en,The canceling of a test screening drags a young and paranoid Orson Welles into a unique nightmare on the streets of Salt Lake City.,Inspired by the true event that never was,2026-07-18,/appsim3jUvPac2HH0Pnst6uFxfQ.jpg,0.1409,0,0,1500,0,8,Released,False,,"Horror, History",,
1733000,tt43657796,Ex Nihilo,Ex Nihilo,en,"After a nuclear attack on the country, a lone wanderer explores the surroundings of a contaminated town, haunted by an unknown watcher. As the wanderer confronts the stranger, reality begins to distort under the influence of her psychological descent.",,2026-07-17,/5VYcdtYDjz0sKdyRimfmF74sFPF.jpg,0.0919,0,0,7,0,10,Released,False,/zrPMWqcqn8jT8VtpRVeTcsT0gvt.jpg,Horror,,
1733048,tt39372114,Last Viewing,Last Viewing,en,"A sleazy film director hires out a ramshackle cinema to screen his forgotten masterpiece, only for the film to be haunted.",Never meet your heroes.,2026-01-01,/wIUidKkjnGJgUzVxUX4yHjnMCU2.jpg,0.0971,0,0,300,0,7,Released,False,/xNnvSPVZjXM81SUjvaDW3b6ozhg.jpg,Horror,,
1733090,,Phantasmagoria,Phantasmagoria,en,A dream-like sequence of clips capturing the bizarre and surreal.,A dream-sequence,2026-07-17,/jTG45Ynx8qynECHeDtA9NPIpR9p.jpg,0.0423,0,0,10,0,0,Released,False,/x148w53pEQhPSLma8nDj8tyyUDF.jpg,"Mystery, Horror",,
1733358,,Fantasma,Fantasma,en,A cautionary tale of a man who finds an artifact that can travel through dimensions.,A cautionary tale.,2026-05-29,/Aq77Kpn8hlMJyfhVrwvaQxAvAdW.jpg,0.0218,0,0,0,0,6,Released,False,,Horror,,
1733441,,Pelet Biduan Jalang,Pelet Biduan Jalang,en,"The feud between the veteran singers and the newcomers came to an end after one of the singers was found dead at the Yenna Music Entertainment Singers’ Dormitory.  The mystery surrounding Lola Lolipop’s death and the attempted murder of Cici Bohay set a chilling tone for the other singers, prompting Evi Aurora, Syakila, Iis Gulali, and Debora to decide to unravel the mystery of the murder.  Unfortunately, their decision has put their own lives in danger; now, one by one, they are being marked as sacrificial victims.",,2026-07-30,,0.1673,0,0,0,0,0,In Production,False,,Horror,,
1733454,,Lola y sus Heraldos,Lola y sus Heraldos,en,"Agustín is a priest on a mission to sabotage the concert of the so-called ""satanic"" band, Lola and Her Heralds. The mission becomes complicated when he discovers the band may be satanic beyond their music.",If God's with me,2026-07-21,/flIgUIaglKUgOcBAHHjupADbnyq.jpg,0.3627,0,0,0,0,14,Released,False,,"Horror, Comedy",,
1733730,,Enfiévrée,The Fairies,en,A young girl struggles with the inevitability of adulthood and the future she will need to chose as malevolent spirits  attempt to prey on her.,Would you let them kill you for this?,2026-08-20,,0.118,0,0,200,0,15,In Production,False,,Horror,,
1733806,tt43454238,Hollow Girls,Hollow Girls,en,"On the night of June 2, 2023, a shocking crime shattered a quiet community. Six teenage girls lured one of their classmates into a deadly trap. Fueled by jealousy and a twisted desire for revenge, they set into motion a plan that would end in kidnapping, torture, and murder.",,2026-08-09,,0.2976,0,0,0,0,87,Post Production,False,/bnfvSdzqy5QXyqlPUstp6VLmUv.jpg,"Horror, Crime",,
1734248,,Can I Sell My Soul?,Can I Sell My Soul?,en,"Andrew Sanford is an actor, writer, director, and family man. He’s decided to sell his soul to land a big audition, but things start to go south when it becomes clear that his intentions aren’t as noble as he claims.",Selling your soul is a family affair.,2026-07-23,/tbJ4YErPILM6fkd1yd6hDTLPnhx.jpg,0.0851,0,0,200,0,13,Released,False,,"Comedy, Horror",,
1734258,,THE ELFING,THE ELFING,en,"When a high school teacher is packing up for winter break, a mysterious elf appears in the classroom. No one knows where this elf came from or where it went...",,2026-07-20,/juj4IjN5e5EZYKIL0XJTJ09uCjK.jpg,0.0347,0,0,0,0,2,Released,False,,"Horror, Thriller",,
1734331,tt42330461,Rowe's Realm of Horror,Rowe's Realm of Horror,en,An outdoor haunt. A deadly after-hours secret. You're never alone.,,2026-07-17,,0.0414,0,0,0,0,70,Released,False,,Horror,,
1734826,,FAMILIAR,FAMILIAR,en,A little girl and her mother look through an old photo album when a disturbing presence ruins the moment.,,2026-10-01,/leBOYE7wb0UYsVaGxMVkEVCJP3B.jpg,0.1277,0,0,0,0,0,Post Production,False,/cJIOTsXP9kvorSqM1H8gli2q6FY.jpg,Horror,,
1734991,tt33246481,Electric Meat,Electric Meat,en,A photographer spirals into madness when a murdered model he's adopted as his new muse decides she doesn't want to stay dead.,,2026-08-28,/mjqVHwHVLoY0c028KwL1iIpDXdI.jpg,0.0522,0,0,0,0,96,Post Production,False,/oGupVfW8qiUE5k5O98pwMcwshxD.jpg,Horror,,
1735049,,Tripolar,Tripolar,en,"""...you probably would not wish to change; and even if you did wish it, you would still not do anything, because in fact there is perhaps nothing to change into.""",333,2026-08-01,/8XaSOm2S9UMxZnhUKyLODBUYoYz.jpg,0.1432,0,0,75,0,20,Post Production,False,/vT3FOZ0EsSFiHOU5Bb9MsPTlBYb.jpg,"Thriller, Science Fiction, Mystery, Drama, Horror",,
1735099,,The Pullback,The Pullback,en,"After receiving a mysterious bag, the a frightened woman named Audrey Dale embarks on a cerebral journey to evade a mysterious stranger.",,2026-07-07,/uNyyqbkdKqcDBGFDbjXY8ws4RGD.jpg,0.1416,1,10.0,0,0,1,Released,False,/lLFaZftumjsmw1hQpDe2j4DyzMj.jpg,"Thriller, Mystery, Horror",,
1735202,,The Pools,The Pools,en,"A teenager who slips out of reality and becomes trapped in an endless, echoing aquatic labyrinth of swimming pools, towering waterslides, flooded corridors, and impossible architecture. While trying to navigate the mysterious waters, find a way out, and solve the space's sinister puzzles, the protagonist realizes they are being pursued by a malevolent entity.",Theres no end in the deep end.,2026-12-25,/qne97vqK5K9ho2sGwvAJwIfCEIj.jpg,1.9836,0,0,0,0,0,In Production,False,/viGzpoJaUPfYnwyboDUMVVIKIrq.jpg,Horror,,
1735261,tt43681069,Uncanny Consolation,Uncanny Consolation,en,"After the death of his best friend an insomniac plagued by visions of uncanny people purchases a mysterious clock that blurs the line between grief and reality, forcing him to confront his fear of the world before it's too late",,2026-06-16,/Cm09zdUgPeG5NGLVu3ZGKnGior.jpg,0.0363,0,0,0,0,10,Released,False,,Horror,,
1735325,,JAWBREAKER,JAWBREAKER,en,"A year after a deadly prank that left a helpless student scarred, a group of sorority sisters must face the terrifying consequence when a masked killer returns during their annual Spring Bash, picking them off one by one in a weekend of unrelenting terror.",,2026-07-17,/rvlQUtp5iYdGGbYmY9VLW1YjfwC.jpg,0.0577,0,0,0,0,134,Released,False,,Horror,,
1735476,tt37547609,CHAT,CHAT,en,"A family's fresh start unravels when their son discovers an AI powered tablet, unleashing a wave of terror tied not only to the supernatural but to dark secrets of greed and corruption that surround them.","Once You Reply, You Die.",2026-09-04,/vrRq1li3Yfbz5ntRnH7k7zRkarO.jpg,0.0835,0,0,25000,0,94,Post Production,False,/cVCFsTKdeNX7iA3PW850cqwjPU8.jpg,"Horror, Comedy, Thriller",,
1735482,,Sebastian Wasserberg's Big Day,Sebastian Wasserberg's Big Day,en,"A ginger boy called Sebastian Wasserberg navigated secondary school while dealing with ladies, friends, hard drugs, and crime. One faithful day, he somehow accidently time travels and accidently kills Hitler, leading to insane consequences.",KIDS... AM I RIGHT??,2026-04-12,,1.3047,0,0,676,500,420,Released,False,,"Comedy, Romance, Horror",,
1735516,tt38891289,Therion,Therion,en,"A secluded lakeside cottage in the woods becomes the stage for a chilling transformation, as an unseen darkness within its lone occupant begins to surface.",An Evil Creature Born of Man and Monster.,2026-06-26,/5t4Za679LCKqs2uVTOvswkE81hT.jpg,0.0479,0,0,1400,0,9,Released,False,/1LFQh16UMBZ65SUK7bABLODL9tu.jpg,"Horror, Thriller",,
1736037,tt40600673,Future Days,Future Days,en,"When Miles finally decides to reconnect with his lost friend Skye after five years, they realize that they have to survive the day one of an apocalyptic viral outbreak.",,2026-06-28,,0.0193,0,0,0,0,24,Released,False,,"Horror, Drama, Action",,
1736098,tt39062796,Cinema,Cinema,en,"When a distraught man wanders into a cinema in order to escape his own reality, he quickly finds out the film being projected is all about him, but something's off.","IT'S YOUR DREAMS, ON THE BIG SCREEN.",2026-06-07,/16bN2WKCcg4RbHxGWtzQnOSdrsG.jpg,0.0404,0,0,0,0,4,Released,False,/wELadZ5Z7TCNseeC7Iq7SnzzwRQ.jpg,"Mystery, Horror",,
1736103,,Joyride Returns,Joyride Returns,en,"Rusty Nail returns 12 years later, to turn the desert road of the Arizona in blood, as a group of friends on vacation go to a small town near the mountains to explore them, as Rusty Nail with his black truck is near.",Rusty Nail Returns...,2026-11-20,/3S7GWusHa22TcMrfFxKUSrrDKHM.jpg,0.2261,0,0,100000,0,0,Post Production,False,,"Thriller, Horror, Mystery",,
1736222,,Cinzar,Cinzar,en,"The film tells the story of Hasan and his sister Elif and the supernatural events they experience in the village where they take refuge.  It depicts Hasan's struggle to protect his pregnant sister Elif, who is living in Istanbul facing financial difficulties and the threat of eviction, while simultaneously drawing them into an increasingly intense supernatural nightmare in the village where they have sought shelter.",,2026-03-27,,0.0143,0,0,0,0,0,Released,False,,,,
1736253,,Droner,Droner,en,A young looking for an escape from loneliness is tempted by an unknown force.,"Droning, Droning, Droning",2026-07-12,,0.0732,0,0,0,0,8,Released,False,,"Horror, Drama, Science Fiction",,
1736254,,A volta pra casa,The usual way home,en,"A woman makes her usual way home, accompanied only by her headphones. Everything seems serene, until the podcast she is listening to begins to narrate her murder in detail.",,2026-07-08,/cWPqVdfS4dbpDhHVTI2SSP0EQNa.jpg,0.1321,0,0,0,0,8,Released,False,,"Thriller, Crime, Horror",,
1736278,,Deep Sleep,Deep Sleep,en,A young man suffering from sleep paralysis begins to fear that the figure haunting his bedroom is more than just a nightmare.,Sleep deeply. Fear deeply.,2026-07-25,,0.0071,0,0,0,0,3,Released,False,,Horror,,
1736330,tt28079890,Consent,Consent,en,A woman's search for her missing dog introduces her to an unusual veterinary technician.,Dog’s a runner.,2026-07-20,/zSKjJgEUuV2RXP1AxwSxsrqM2GB.jpg,0.0714,0,0,0,0,15,Released,False,,Horror,,
1736336,,CAPTURED,CAPTURED,en,"When a Lilly is home alone, she begins to receive messages from an unknown number, but strangers never know this much...",IS HOME REALLY THE SAFEST PLACE YOU CAN BE?,2026-07-31,/zDDgKgQCuxQqDPUczAKL2DTzhYb.jpg,0.0143,0,0,0,0,4,In Production,False,/fMwuqmZkgnRZ2CUy538aIQ5PKDu.jpg,Horror,,
1736367,,What's In Your Burger?,What's In Your Burger?,en,"William earns the chance to tour the headquarters of his favorite fast-food franchise after winning a contest, but what he finds certainly isn't the savory surprise he'd been hoping for...",A Cautionary Tale of what You've been putting in Your Body.,2026-07-23,/qmH9SG6yU7C3O1nzPxSlyFZ3XIM.jpg,0.0571,0,0,0,0,19,Released,False,/xuPrRfqPBLYjPD4gfNdPyE173Ji.jpg,"Thriller, Comedy, Horror",,
1736558,,Scopophobia,Scopophobia,en,"A young woman feels like she is being watched, but she has no idea if what's watching her is real.","A young woman feels like she is being watched, but she has no idea if what's watching her is real.",2026-04-15,,0.0286,0,0,0,0,10,Released,False,,Horror,,
1736563,,Nocturnum,Nocturnum,en,A nightmarish mystery following a young girls decent into her subconscious,Is this a dream or a nightmare?,2026-07-23,/z12MIwPDxR9EzsMvCN0JuaE15F6.jpg,0.0214,0,0,0,0,0,Released,False,/qdF4jNZR6IgPYuu5XoSILP4bHpq.jpg,"Horror, Mystery",,
1736719,tt41715721,I Hate Found Footage,I Hate Found Footage,en,"When two roommates head into the woods to make a found footage movie, they stumble across something they never expected. Their low-budget film shoot quickly turns into a fight for survival in this horror-comedy.",,2026-07-24,/cDhyqIwsYaETBDPsaEmFpCrbr9W.jpg,0.05,0,0,0,0,61,Released,False,/rTYWc1L80X0x6T494tlLkJiaTpQ.jpg,"Horror, Comedy",,
1736721,,v2,v2,en,Three young writers struggle to finish the first draft of a screenplay prompted by a film studio while visiting a remote cabin.,,2026-08-06,/bIgZjnWv46E1gS0fIn7Ypp5n6yB.jpg,0.0429,0,0,400,0,0,Post Production,False,/dPmeLozmBQiPxLpSI2pQP7gwqjH.jpg,"Horror, Thriller, Science Fiction",,
1736795,,Deep Sleep,Deep Sleep,en,A young man suffering from sleep paralysis begins to fear that the figure haunting his bedroom is more than just a nightmare.,SLEEP DEEPLY. FEAR DEEPLY,2026-07-24,/5BbiToldHdACNC9nxvKBtMlwMwE.jpg,0.0214,0,0,0,0,3,Released,False,/iS4jrGvak3VOx1Fiad1JNAy5fuW.jpg,Horror,,
1736808,,Backrooms - Everything Must Go Edition,Backrooms - Everything Must Go Edition,en,A strange doorway appears in the basement of a furniture showroom. (Extended Edition),You are not supposed to be here... Again.,2026-07-24,/xTrvCk1v3vTapsqsXp7zh8bcv42.jpg,0.05,0,0,0,0,126,Released,False,/gxrA1J1NvUGNJZcrjXXWuGK8Hlu.jpg,"Science Fiction, Drama, Horror",,
1736837,,The Guy Next Door,The Guy Next Door,en,Three boys decide to finally explore and break in into there crazy neighbour on the street and look and explore his house and what happens next is crazy,,2026-07-23,/giGv4mGTA9kTd10LLt1GZpiJGFC.jpg,0.0071,0,0,0,0,3,Released,False,,"Action, Adventure, Mystery, Horror",,
1736943,tt43624867,Verity ™,Verity ™,en,Someone finds a Minecraft mod that adds a helpful assistant that slowly spirals into madness.,Something is coming in 3 days.,2026-07-12,/9oIdsLk92ifTnV41lKY58vgEbbH.jpg,0,0,0,0,0,65,Released,False,/wza4accQZdsqXpwBlw8gBXDicK9.jpg,Horror,,
1736986,tt41483692,Discord Mods Are The Worst,Discord Mods Are The Worst,en,Hunter tries catfishing on discord and gets in trouble with a discord mod while his friend tugboat goes on a one night stand with a questionable woman.,Hello Pwincess,2026-04-05,/2mY35RC4s6GUvT0YB1cAAPAe6wi.jpg,0,0,0,0,0,29,Released,False,,"Horror, Comedy, Action, Animation, Romance",,
1737156,,AFTER HOURS,AFTER HOURS,en,"A ""Backrooms"" Inspired Short Film.",,,,0,0,0,0,0,5,Released,False,,,,
