id,imdb_id,original_title,title,original_language,overview,tagline,release_date,poster_path,popularity,vote_count,vote_average,budget,revenue,runtime,status,adult,backdrop_path,genre_names,collection,collection_name
9938,tt0292634,Raptor,Raptor,en,"When a series of unexplained vicious animal attacks strikes his community, Sheriff Jim Tanner and his assistant Barbara trace them back to a Dr. Hyde, a former military researcher whose government funding for a dinosaur cloning project was cut. When the Pentagon discovers Hyde obtained foreign backing to continue his experiments, they send in a strike team to save Tanner and Barbara and stop Hyde.",,2001-11-06,/sIY0CsTaxV3OxvtwV9NdtPa7uWy.jpg,1.3885,48,3.875,0,0,82,Released,False,/urFBuBNlo0A1FEBUjiBcXEpbNL.jpg,"Horror, Thriller",256484,Carnosaur Collection
12587,tt0271972,Arachnid,Arachnid,en,"Mercer's brother, an amateur pilot, crashes on an island and is killed by a giant spider. A year later, when Mercer goes in search of him, she discovers a breed of poisonous arachnids ready to attack.",It's coming from another world... TO STAY!,2001-06-29,/vvBZADXO4mJIAn5mlurR3cYGmH0.jpg,1.2066,85,4.3,570000,0,95,Released,False,/askwFNaEUj64i1ZFDxBwBtFmao8.jpg,"Adventure, Horror, Science Fiction",,
16925,tt1137477,Scourge,Scourge,en,"The ancient creature, The Scourge, long confined in a church, wreaks havoc in a small town. Bodies accumulate as Scott and Jessie, rekindling their love, become the town's last defense against the unleashed menace.",You are what it eats,2008-01-31,/85ATyd5A3SAyHtWTuxNBuW3BYCR.jpg,1.0067,31,4.3,0,0,92,Released,False,/6E91q6VhpVpBuS7ZYwa1yHelfY5.jpg,"Drama, Horror, Mystery, Science Fiction",,
21484,tt0082933,Possession,Possession,en,"A young woman left her family for an unspecified reason. The husband determines to find out the truth and starts following his wife. At first, he suspects that a man is involved. But gradually, he finds out more and more strange behaviors and bizarre incidents that indicate something more than a possessed love affair.",Inhuman ecstasy fulfilled.,1981-05-27,/A9bnRn05riOKWftvQlLKa2gl51n.jpg,10.9566,1362,7.316,2400000,1200000,124,Released,False,/zfw3fcF7d4KcWYEvps4zUfl303b.jpg,Horror,,
27895,tt0346811,The Curse of the Komodo,The Curse of the Komodo,en,Genetically-engineered Komodo dragons have become ginormous creatures hunting people on a remote tropical island. A small group of scientists must stop the dragons before they escape the island and destroy the rest of the world.,,2004-04-09,/coGnsZETIQTNwKPGBdhnVFLEPyk.jpg,1.3743,53,4.038,0,0,92,Released,False,/2VHulD5EQCQIHXLrcI7iEbxOLUL.jpg,"Horror, Science Fiction",,
28232,tt0261322,Stitches,Stitches,en,"Combining the body parts and skin from her victims, a wicked sorceress stitches together her subjects.",Evil comes in many forms...,2001-02-06,/7OLhE9RLgAVnSSGNGj5HRxphvGT.jpg,0.4372,9,4.0,0,0,81,Released,False,,Horror,,
29799,tt0114192,Project Shadowchaser III,Project Shadowchaser III,en,"It has been 25 years since the ore spaceship Siberia was last heard from. Unfortunately, it is now on a collision course with the communications station Comstat 5 which is orbiting Mars. After one successful maneuver to avoid the Siberia, it rams Comstat 5 and the crew soon finds that the Siberia crew is dead and the reason that it has been missing for 25 years. But that reason is trying to destroy them all as it destroyed the Siberia crew.",,1995-06-03,/nJkexmkMBZpmA5UBfUuVAHT332C.jpg,0.7239,16,4.3,0,0,99,Released,False,/3I338KURx8YRtp8jq4YE6rs4aoB.jpg,"Science Fiction, Horror, Thriller",721992,Project Shadowchaser Collection
30796,tt0092873,Rest in Pieces,Rest in Pieces,en,A newlywed couple move into the mansion of the bride's recently dead aunt. Soon strange things begin to happen when the various tenants and servants of the mansion don't want to leave and the bride and groom are in a deadly predicament.,Their dream house brought them together...Their neighbors are tearing them apart!,1987-08-10,/fkKMAqhdB08YbEKzLgPibqvHSvU.jpg,1.0779,30,4.283,0,0,90,Released,False,/rw4vRB00h73nSBiQ6ndbghB0isq.jpg,Horror,,
34737,tt0339288,Leeches!,Leeches!,en,"When a crop of doped-up athletes from the Lakecrest College swim team dive into the campus lake to blow off some steam, the bloodsucking leeches below the surface undergo a stunning transformation. After ingesting small amounts of the swimmers' steroid-laced blood, the slimy creatures grow to unusual sizes and set out to sink their teeth into an unsuspecting student population.",They will bleed you dry!,2003-08-19,/hvlZnD49pGX6qO96XIqXNjCjWMK.jpg,1.1228,26,3.615,0,0,85,Released,False,/nxpmjyUmkviMr1VpzbImo4PJg4S.jpg,"Horror, Thriller",,
40252,tt0114957,Witchboard III: The Possession,Witchboard III: The Possession,en,"Brian, an out-of-work stockbroker, is introduced by his landlord Mr. Redman to a new source of insider information: the Ouija! The Ouija makes him rich, but when Mr. Redman kills himself and Brian suffers a freak accident, Brian's wife starts noticing changes in her husband...",,1997-05-20,/atfbGfESaNEvFkG1U2BeOCpXakK.jpg,0.8549,31,4.258,0,0,93,Released,False,/7Oskf5cdjonQu8f3vBJqBqsULTs.jpg,"Drama, Horror",168186,Witchboard Collection
48813,tt0446673,Cup of My Blood,Cup of My Blood,en,"The lonely artist Jack Fender still grieves the death of his beloved lover Tina three years ago. He lost his inspiration and his faith in God and presently he is taking pornographic pictures for the mobster Sparky and his partner Limpy for a pornographic site managed by Nibbles and Scooter under the protest of his agent and friend Alex. When Jack witnesses a car accident in his neighborhood, the wounded passenger gives a box to Jack, asking him to protect and never open it, and he discovers that he is protecting the Holy Grail. From this moment on, weird things happen to Jack: visions, nightmares and the permanent sensation that strangers are watching him. While swimming late night in a club, Jack meets the sexy Iona and his inspiration returns but he also finds the hidden reality.",,2005-08-30,/sZKr9YzegOmlmjNOv9iGGxgGJ5e.jpg,1.1189,25,4.64,0,0,108,Released,False,/oANCWnWd1GSCuJxRTXw2Ws7cQHa.jpg,Horror,,
52034,tt1176416,鉄男 THE BULLET MAN,Tetsuo: The Bullet Man,en,"When the son of an American man and a Japanese women is killed in a car crash, the man transforms into a rageful metallic being thirsty of blood and vengance.",Vengeance will become his way of life,2010-02-27,/sYcYjZ65YEEelekUgJcUp4HkRmw.jpg,1.0384,85,5.4,0,0,71,Released,False,/mdOE4NdJqh5VXzkYKi50qJM1st7.jpg,"Action, Science Fiction, Horror",182923,Tetsuo Collection
53953,tt0473553,The Tooth Fairy,The Tooth Fairy,en,A woman and her daughter (Nicole Muñoz) encounter a deadly legend at a bed-and-breakfast.,,2006-08-08,/i0dms1hH1ObbysPscPDKjgqNns0.jpg,1.2031,55,4.364,0,0,89,Released,False,/gEJcuqzvjFDzOvN20K9l2UGjb7l.jpg,Horror,,
57203,tt0914813,Mega Snake,Mega Snake,en,"Duff Daniels (John T. Woods), the younger, stupider brother of Les (Michael Shanks), can't help himself from stealing a rare snake that's been kept in a jar by a Native American snake dealer (Ben Cardinal), and which has to follow some rules: don't let it out of the jar, then don't let it eat anything anything living, and never fear the heart of the snake.",,2007-07-28,/7ke1UaoEootRB5v01RqloxaSF4k.jpg,1.0834,22,2.795,0,0,90,Released,False,/1S0H4RgJCC6hAD2Rv3Yv6K5WgYA.jpg,Horror,,
59546,tt0363565,The Legend of Diablo,The Legend of Diablo,en,The small California town of Diablo is plagued with mysterious deaths after Sheriff Roberts Lopez unearths an ancient box. Legend has it that the box holds the sixteenth-century Mexican demon named Azar.,,2003-03-02,/656IuZirADIuuI7D3ZTUVCs6Qp0.jpg,0.3035,1,8.0,0,0,85,Released,False,,"Thriller, Horror, Fantasy",,
61904,tt0095483,Pembalasan Ratu Laut Selatan,Lady Terminator,en,"The spirit of an ancient evil queen possesses the body of a young anthropological student, who then goes on a murderous rampage.",She Mates... Then She Terminates,1988-06-08,/lwOK1GHK8KRgiWhfBkEnQKPLgEi.jpg,1.8164,82,5.317,0,0,81,Released,False,/hKMtdiOWe6z32lFx1hgZLcQwwLM.jpg,"Action, Horror, Fantasy, Science Fiction",,
64343,tt0321961,DeathBed,DeathBed,en,"When Karen and her significant other move to a new apartment, they discover an old antique bed. Karen absolutely loves it and she soon allows it to inspire her artwork. However, a series of disturbing dreams begin to haunt Karen. Eventually she starts to become unhinged and her paranoia overtakes every aspect of her life.",The bed is waiting...,2002-09-24,/enIA7ZCmoDuNAADFnU1vtaYKNPd.jpg,0.6032,21,4.262,35000,0,80,Released,False,/9pWPLoR5SkEXotshfI7jLhQEOf8.jpg,"Thriller, Romance, Horror",,
66237,tt1134671,No Time to Fear,No Time to Fear,en,Friends encounter an evil spirit that assumes the form of its prey.,,2009-03-19,/zBUmnWx7P6VWxJyHds7iAPf4bar.jpg,0.5043,6,2.333,0,0,0,Released,False,/7PqjzGNOVmzgOy16dIho7hnHvyE.jpg,"Horror, Thriller",,
66795,tt1386583,Infection: The Invasion Begins,Infection: The Invasion Begins,en,"A mystery surrounds a small town that was attacked on September 9, 2009. Now sixty years later, the last survivor, Sarah, sends a high profile reporter a letter suggesting what really happened on that day. The government calls 9/9/09 the start of the ""Modern Plague"", and the reporter soon realizes that the truth may be harder to uncover than the lies.",Don't look to the skies...the invaders are inside us!,2010-01-04,/9XAxqJ5OcA1O1OabxmRnQOXD4Vy.jpg,0.7093,11,2.8,0,0,95,Released,False,,"Horror, Science Fiction",,
70810,tt0073042,The Ghoul,The Ghoul,en,"In 1920s England, former clergyman Dr Lawrence keeps his cannibal son locked in the attic after the young man is exposed to savage practices in India. When an auto race is held at the estate, Lawrence worries that his son may escape and terrorise the youth.",,1975-06-01,/28A5LZfY2W9FUZqBxOzEYPlXxG0.jpg,0.8771,35,4.986,0,0,90,Released,False,/uhEJwdWBcEXHIraV6G4oJ9pd7cW.jpg,"Horror, Mystery",,
72909,tt0385961,Premonition,Premonition,en,"After a violent car wreck nearly takes his life, Detective Jack Barnes begins having inexplicable and terrifying premonitions of horrible disasters. At first his warning calls go unheeded, but as the premonitions begin to come true Jack is shocked to find himself wanted for questioning by the FBI. He goes on the run, narrowly avoiding both the FBI and a band of terrorists on the verge of unleashing a deadly attack. As he scrambles to unlock the meaning of the visions, he must race against the clock to stop the terrorists before they can strike again.",,2005-08-16,/2Lo6USMKuPtoAzZwVqyKu5mgdMC.jpg,0.6676,22,4.409,0,0,90,Released,False,/aohETzneZWOW5ooOD1qikCm9HGx.jpg,"Horror, TV Movie, Mystery",,
75077,tt0091617,Necropolis,Necropolis,en,"A reincarnated ""Satanic Witch"" from New Amsterdam, circa 1600's comes back to revive her cult members by sucking the life force out of people.",Beneath the metropolis is...,1986-10-10,/sVY1TUU0uktvkRHLlTpiTDeit8.jpg,0.7194,35,3.414,0,0,77,Released,False,/c0sqIBlZxagZsjL7iudYpP261lB.jpg,Horror,,
75318,tt0449599,Hood of the Living Dead,Hood of the Living Dead,en,"Death is only the beginning for the young victim of a drive-by shooting. Devastated at the loss of his younger brother Jermaine, scientific older sibling Ricky uses the situation as an opportunity to test an experimental serum designed to breathe new life into dead cells. Though Ricky's reanimation serum does indeed help to get his previously deceased younger brother back on his feet, Jermaine's insatiable hunger for human flesh soon spreads like wildfire throughout the neighborhood, leaving his older brother to find a way to halt the epidemic before the army of flesh-eaters become too powerful to be contained.","This time, not even the boys in da hood can stop them.",2005-01-01,/dAcvrETlNAkw2ClkAvAPx5o4c6X.jpg,0.5448,8,3.875,0,0,86,Released,False,,Horror,,
84235,tt0399762,Thunder of Gigantic Serpent,Thunder of Gigantic Serpent,en,"A secret formula that can cause plants and animals to expand a thousand-fold in size is stolen by a terrorist group. During a wild chase and shoot-out, the formula is lost. It's found by a little girl who accidently gives the formula to her pet snake. After the snake grows to an immense size, it follows and protects her. When the terrorists go after the girl, the snake begins destroying everything in its path.  Hong Kong cut and paste edit of the 1987 Taiwanese film ""大蛇王"" (King of Snake) with new scenes.","TODAY HE WAS ONLY A HOUSEHOLD PET, TONIGHT HE THREATENS TO DESTROY THE WORLD.",1988-04-15,/cK2hJQl2FC5V4valJhD7xDGbYTr.jpg,1.5581,8,5.4,0,0,89,Released,False,/e9YPpQpC1gbZLLsOLWYSvfu7i7n.jpg,"Action, Drama, Horror, Science Fiction",,
84951,tt0100943,Witchcraft Part II: The Temptress,Witchcraft Part II: The Temptress,en,"Witch from the first Witchcraft movie stalks the now teenage child. She attempts to kill his friends in order to slowly corrupt him to Satan. However the boy is able to defeat the evil Satanic witch, and not enter into Evil with her",,1990-05-20,/pbWTMYwYLxetFWmApRmadP4Ujx5.jpg,0.9581,19,4.0,80000,0,88,Released,False,/6xWzYOeZQpzjbqibPsYzdvZuwHE.jpg,Horror,203029,Witchcraft Collection
84999,tt0088822,Blood Beat,Blood Beat,en,"Sarah and her boyfriend have decided to spend Christmas at his home in rural Wisconsin. However, upon arriving, she begins to feel a strange presence around her, and a mysterious figure garbed in a Samurai outfit begins murdering the townsfolk.",Who can survive its reign of terror?,1983-03-18,/ym1N2A5CSJiZGaF3mfnUpmdltx5.jpg,1.2417,50,4.64,0,0,86,Released,False,/orOrFfaaQgBEY4Cq2iep4xxRvCI.jpg,Horror,,
86075,tt1552423,Jack the Reaper,Jack the Reaper,en,A group of unsuspecting teens face a railroad reaper in his desert carnival.,Ride at your own risk.,2013-08-06,/29xQAWSRuV89fefdcbf1qC0o25D.jpg,0.6115,18,4.5,0,0,88,Released,False,,Horror,,
87867,tt0211661,Terror Tract,Terror Tract,en,A real estate agent terrifies a couple with the grim fates of the previous owners of a house they're looking at.,Horror has a new home.,2000-10-18,/L3EUS8zLQ7tLiB7KtXN1le0WQc.jpg,2.4831,48,6.042,0,0,96,Released,False,/ufInwr1TStPD0MaLhDESTK2eQeW.jpg,"Horror, Thriller, Comedy, TV Movie",,
95609,tt0401742,Raptor Island,Raptor Island,en,A team of terrorist-fighting Naval officers in the South China Sea finds their struggle against the enemy taking a backseat to the fight of their lives when an horde of creatures thought to be extinct for millions of years descend upon them in an action-packed tale of man-versus-monster starring Steven Bauer and Lorenzo Lamas.,,2004-04-21,/m4OGa4swB8zZkup9GuAI4G5jZEw.jpg,0.946,17,4.029,0,0,89,Released,False,/2BasByKzMEkddgEv3rdqBWNjYbT.jpg,"Adventure, Horror, Action, Science Fiction, TV Movie",1494770,Planet Raptor Collection
97186,tt7631368,"I, Vampire","I, Vampire",en,A sensual trilogy of vampire stories from Wizard Entertainment.,,2000-10-17,/cl47LE7zYELjTzH7gfyvzBrCG5W.jpg,0.6602,7,4.214,10000000,0,85,Released,False,,Horror,,
108576,tt0237610,Il maestro del terrore,The Prince of Terror,en,A horror film director is forced to defend his family when a psychopath lays siege to their home.,,1989-01-01,/fCxyBzGLAAsl3SJb3r8YwnnXNm5.jpg,0.4844,9,6.111,0,0,86,Released,False,/q823QzbMraR3olKEC3vfsVwWc7v.jpg,"Horror, TV Movie",,
109174,tt0203139,Silent Predators,Silent Predators,en,"In 1979, a delivery truck makes its way up a lonely southern California highway in a storm, bound for the San Diego Zoo with a deadly tropical rattlesnake as cargo. When the truck suffers a blowout, the driver loses control and hits a tree, shattering the snake's aquarium in the back and the window separating the snake from the driver. The snake slithers into the front of the truck, kills the driver with its bite and then moves off into the forest. Flash forward to 1999. The small southern California town of San Vicente has grown from 6,000 to 30,000, and the rattler, which escaped nearby years ago, has bred. There are now 25,000 of these hybrid rattlesnakes, and they are slowly making their way downhill into the town, attracted by the movement of the blasting as the town paves its way toward progress. Progress, in this case, brings terror, in this tale originally penned by John Carpenter.",The hunt is on. You're the Prey.,1999-06-13,/h1rYsziZnMRzBLBv8LCU6YNzf4X.jpg,0.928,29,5.276,0,0,91,Released,False,/e5EMDeiWX6aiomuvMfaneZPmybk.jpg,"Horror, Thriller, TV Movie, Action",,
109377,tt0297426,Thanatopsis,Thanatopsis,en,Power saws and a heartbeat score this experimental light-and-color shot by Ed Emshwiller.,,1963-05-25,/fBesnA8YEC6ytEieHOFFf9i6NoT.jpg,0.7657,25,6.4,0,0,6,Released,False,,Horror,,
112238,tt1748018,Frankenstein: Day of the Beast,Frankenstein: Day of the Beast,en,"In a foggy winter morning, a raft brings a priest to an isolated island. He is getting paid to perform a wedding ritual under very mysterious conditions. The groom is Victor Frankenstein, and the young and beautiful bride is his cousin Elizabeth. Seven armed and dangerous mercenary soldiers have been hired to protect her against something huge that hides in the woods, awaiting for that wedding night to be consummated. Victor is the only one who knows the truth about their enemy. His secret will be paid with the life of his private army, whose men will die one by one, as the creature gets closer to his target: the bride.",An Island... A Bride... A Monster...,2011-11-21,/iuFED0bgSApFk4VVPMYBHTi5JOG.jpg,0.3198,10,5.6,0,0,92,Released,False,,Horror,,
116946,tt0823726,The Wailer,The Wailer,en,"On their way to Mexico, six students are stranded in a small town where years before a tragedy took place.",The Legend of La Llorona,2006-06-20,/wFsqE0TXqEayvuVApk6RE8ZQzeA.jpg,1.406,113,6.779,250,0,90,Released,False,/ojUcopHB8HUJXs1VrynZcxrk3Sd.jpg,Horror,459212,The Wailer Collection
126503,tt0276064,Devil Woman,Devil Woman,en,A woman is born with the power to control snakes. She uses these powers to seek revenge on the villagers who killed her parents along with the help of a local gang.,,1970-03-07,/i7F3Mp606zwVJtE9QkfQDBUqkjH.jpg,0.3266,4,6.5,0,0,94,Released,False,/6YICMXl6OmTmdiPHrfHMg5okiWg.jpg,Horror,,
127188,tt0383012,Timesweep,Timesweep,en,"A group of people enter an old movie studio and are suddenly confronted with a variety of strange phenoma. Among other things they are transported through time and the building is surrounded by a deadly acid fog . The filmmakers also throw Roman centurions, alien spaceships and giant killer roaches at the hapless explorers, decimating the groups one by one.",They Ran Out of Time... and Into Terror!,1987-01-01,/1RP8uqJQ83iJb4tjus0f6jzV3Wb.jpg,0.6381,9,3.0,0,0,82,Released,False,/iN9oJg4oJP0Njba9GVQH7bch8LH.jpg,Horror,,
131938,tt0819093,Delivery,Delivery,en,"Disturbed loner Montgomery Goth struggles to maintain his sanity while working a thankless job as a pizza delivery man. Montgomery's miserable life perks up after he meets the girl of his dreams in the form of the sweet Bibi. However, things go awry and Montgomery's inner demons push him to go off the murderous deep end.",We Deliver in 30 Minutes or Your Killing is Free.,2006-04-23,/7tqY5ur1IVDz5as7DOjco2UNPbf.jpg,0.7363,4,5.75,250000,0,100,Released,False,,Horror,,
154566,tt0100917,Wheels of Terror,Wheels of Terror,en,"A small town is terrorized by an unknown stranger who kidnaps and abuses little girls. When her only child is kidnapped right in front of her, the school bus driver begins the desperate chase to catch the criminal.",Evil waits. With the motor running.,1990-07-11,/6GrFOtHRD5kXFxuLnqM1W2esjqx.jpg,0.891,19,4.842,0,0,85,Released,False,/5ho9CyxueDVeB6RElyJj2TzztAS.jpg,"Thriller, Horror, TV Movie",,
157268,tt0319271,Death Doll,Death Doll,en,A woman is stalked by a killer who is obsessed with leaving dolls at the scene of the crime.,"With each terror comes a death, with each death comes a doll. The Death Doll!!!",1989-09-01,/jUU4cnuBvFtTuSSWNRGZhwDerlO.jpg,0.3507,6,5.5,0,0,82,Released,False,/wHBsdYwefn6S4XjFoLBkP7tO5dp.jpg,Horror,,
158129,tt1508349,The Occultist,The Occultist,en,"When a group of med students go to take their final exams, they find themselves subjects of a twisted and bloody Satanic ritual led by their professor. It's up to two of them to save all.",,2009-12-31,/dlM609imb2G0S2ei7taEPINYk8q.jpg,0.8028,5,5.2,250000,0,75,Released,False,,Horror,1559382,The Occultist Collection
169360,tt1073242,Nympha,Nympha,en,"Sarah is a young American who travels to Italy to join the New Order convent as a cloister nun and to prepare for an arduous spiritual journey. But on the path to finding God, Sarah begins having nightmares and visions of a troubled young nun and soon discovers the New Order's sordid, sinister past.",Same Lord. New Messiah.,2007-07-12,/nMjSXn7BhovczYuO0cKlgjmkQQr.jpg,0.6222,10,4.45,0,0,91,Released,False,,Horror,,
169406,tt0481543,Hollywood Kills,Hollywood Kills,en,"Insane, reclusive director/producer terrorizes people who come to Hollywood by twisting their dreams into fiendish torture in his own private ""studio"".","Lights, Camera, Murder...",2006-03-15,/kdwyo8EyE4nedc0ow72mq1AxcOq.jpg,0.6608,6,3.667,200000,0,84,Released,False,,Horror,,
172798,tt0156372,Blood Thirsty,Blood Thirsty,en,"When a beautiful woman and her roommate cross the line from hot blooded passion to chilling seduction, they enter a realm where their dreams are forbidden and their appetites become insatiable for blood.",Roommates Can Be Murder.,1999-04-26,/wsAxchKXcvcNsj0BHuJn5igZh0M.jpg,0.7779,8,2.875,0,0,98,Released,False,/aROJ6uZeWYHCDp8RsXA71aBEGce.jpg,"Thriller, Horror",,
176990,tt2202569,Sorority Party Massacre,Sorority Party Massacre,en,"In danger of losing his badge, a big city detective agrees to aid a small town sheriff in a routine missing persons investigation only to discover that at least one girl has gone missing in this sleepy fishing town each year for the last twenty years. When a body finally emerges on the lake and suspects literally crawl out of the hills, the two lawmen realize they’re being toyed with and to make things worse, the killer seems to have set his eyes on a group of sorority girls who are not only isolated by the lake, but have their own nefarious plans in mind. Outnumbered and out of options, the two lawmen must solve the mystery of the missing girls or suffer the same fate.",This party is B.Y.O.B,2012-12-01,/1RVY4sGoo7TxFUjngply7PeMJAf.jpg,0.0657,44,4.182,0,0,103,Released,False,/cYmmNJdeNfMGACdnV0hMn6Q7IbD.jpg,"Thriller, Horror",,
194209,tt5823524,Crocodile Fury,Crocodile Fury,en,"Witch Monica has the power to resurrect vampire that can destroy everything that exists on earth. The situation worsens when Monica starts working with Cooper, the master of the seas. Cooper sends man-eating crocodiles also capable of taking human form to create chaos. Only Jack, an honest man, can end the horrific killings. This Tomas Tang production steals a bunch of footage from the Thai film Krai Thong 2 (1985).",A MYTH OF REAL TERROR,1988-01-30,/aGEwX06Ab9YJomhqFeeqtgvo4I9.jpg,0.4388,10,5.8,0,0,91,Released,False,/vZHYkWDZ3iy7gDkVaU9LrWzAN2h.jpg,"Horror, Action",,
222641,tt1418824,Visions,Visions,en,"A Police SWAT troop is entering an abandoned factory where a sadistic serial killer named 'The Spider' detained his victims. The entire squad is massacred and for Doctor Leemen, psychiatrist and profiler, is the last unbearable defeat. So, he decide to leave the case and return to his ancient work in a Psychiatric clinic for teenagers. Here he treats Matthew, a sensible and introvert boy that awakes from a coma, who begins to have visions about the crimes of 'The Spider'. Matt and his friend Nick contact Hope, a young journalist that investigate about Spider's murders. Matching Hope's knowledge and Matthew's visions, they have the elements to resolve the case. Studying Matthew's visions and nightmares, they follow the killer's death's spiral from the beginning to the unavoidable face to face that hides a terrible secret.",A psychological thriller that keeps you trapped right to the terrifying end.,2009-09-25,/zhgGzdYDBZ4BJlHc4VKkcFbHFCq.jpg,0.3504,5,3.0,0,63937,108,Released,False,/v4N8kRscNR4bSFHAJj8TsSwcKSt.jpg,Horror,,
237015,tt0113609,Last Gasp,Last Gasp,en,"A ruthless real estate developer is possessed by the violent spirits of the Native American tribesmen he massacred, which force him to go on an indiscriminate killing spree against his will.",Pray you never hear the...,1995-08-30,/8WJ2lUlAVk9WnKmMAzgMNCfjtAP.jpg,0.9885,27,4.852,0,0,93,Released,False,/rRyKmbpYYNUfvGwn8XoN1gqJF1d.jpg,"Horror, Thriller",,
265240,tt1954930,Evil Never Dies,Evil Never Dies,en,Ex-gangster Harry Payne confronts his violent past and vengeance from beyond the grave.,,2014-01-13,/rRVk2HCiHxKecmSOe0BbFMvNvuV.jpg,0.4051,9,4.3,0,0,73,Released,False,,"Horror, Thriller",,
284262,tt1180174,Liberty,Liberty,en,"Born with valuable and powerful abilities, a young woman escapes a confidential, brutal experiment. Federal agents will stop at nothing to capture her.",Liberty was free. Now we've got her.,,/t3PnVs1uWl0LuoJT6JRwClguRXu.jpg,1.1977,0,0,0,0,0,Planned,False,,"Thriller, Horror, Science Fiction",,
292636,tt2606614,A Cry from Within,A Cry from Within,en,Sebastien is a psychological horror story about dark secrets destroying people and their families from the inside out.,A Tormented Soul Never Dies,2014-04-03,/qNcy80yVh52WLmo0VumkzCOl0tJ.jpg,0.5495,13,3.8,450,0,96,Released,False,,"Thriller, Horror, Mystery",,
339917,tt0113175,The Girl with the Hungry Eyes,The Girl with the Hungry Eyes,en,"A fashion model in the 1930s, who owns an Art Deco Miami hotel, kills herself when her fiancé is unfaithful to her. 60 years later she returns to life as a vampire, when the hotel is scheduled for demolition. Using her sexuality as bait, she looks for victims.",,1995-01-01,/dJKLUZ5tpErxrp9Njzj3AyUPshM.jpg,0.5795,10,4.1,0,0,84,Released,False,,Horror,,
376258,tt23147084,The Oval Portrait,The Oval Portrait,en,"A woman finds herself possessed by the soul of another woman trapped inside a painting. Based on a work by Edgar Allan Poe, aka The Oval Portrait.",A Haunting Tale of Love from Beyond the Grave!,1973-01-01,/5Ugp1PHxRaeYDUctCaxFrA9mWW2.jpg,0.6302,14,3.8,0,0,86,Released,False,/6v2Id7TkJ3Ak8iEtUq4KQL7J6FP.jpg,Horror,,
416470,tt4785524,Bikini Mayhem,Bikini Mayhem,en,"A young college student and hopeful full-time professional model will soon realise that to find fortune and fame in this cut-throat profession, she'll need to go to great extents to accomplish her dreams.",,2015-06-05,/mLs6lmlZjgYJjkTqYK4xenxblbR.jpg,1.2974,8,2.375,0,0,78,Released,False,,"Thriller, Horror",,
423144,tt4113846,Delusion,Delusion,en,Three years after the death of Frank's wife a mysterious woman appears. As their attraction grows Frank struggles with reality and his loss. He tries to start over not knowing his choices could lead him to his own downfall.,,2016-10-17,/yIU8XDnf5ObvpZoAzv85V55jzhG.jpg,1.9315,6,4.167,0,0,85,Released,False,/cHqW7H2Nzez4JEwKKTo0CYQtEla.jpg,"Mystery, Drama, Horror",,
429460,tt5041296,Muse,Muse,en,"Samuel Salomon, a literature professor, has been off work for almost a year after the tragic death of his girlfriend. Samuel has been suffering from a recurring nightmare in which a woman is brutally murdered in a strange ritual. Suddenly, the same woman who appears every night in his dreams is found dead in exactly the same circumstances. Samuel sneaks into the crime scene and there he meets Rachel who has also dreamed about the murder. Together, they will do whatever they can to discover the identity of the mystery woman, entering a terrifying world controlled by the figures who have inspired artists throughout time: the Muses.",,2017-11-09,/vlDFEhlBon98itV43QOPCk7r0I7.jpg,1.6013,376,5.819,0,0,107,Released,False,/1kDLZYqnwNQskL9p3tnADY7Tdox.jpg,"Thriller, Horror",,
446897,tt5361044,Ends Meat,Ends Meat,en,"Desperate to do right by his children, a debt-ridden taxi driver has just one night left to deliver on a lucrative, yet sinister promise.",Pray you don't make the cut.,,/zZRrKZVxqGoE5kz6wHPCABjDrvd.jpg,1.1517,0,0,3600,0,30,Released,False,,"Horror, Mystery, Thriller",,
447191,tt5639498,When Demons Die,When Demons Die,en,8-year old Joshua has never left his home for dangerous creatures live outside their isolated farmhouse - the Gorgers. But when his father Aaron mysteriously disappears Joshua is forced to go outside. A decision that will change his life forever for something is closing in on the little boy. Fast.,,2016-08-01,/kVHTyYNMRpngEVtU1ZvDRliVrvD.jpg,0.2426,2,8.5,0,0,19,Released,False,/jBc5FPrh5fJVfUSxwgdtAG7qGhK.jpg,"Horror, Thriller",,
447215,,O Monstro,The Monster,en,A little girl decides to expose the monster that haunts her every night.,,,/xKShNFd1a9SIihvxYPB5IrMnipw.jpg,2.7651,0,0,0,0,5,Post Production,False,,"Horror, Thriller",,
451467,tt0304144,Harvey,Harvey,en,"A man without his own half of the body is looking for the other half in the opposite sex. As for the integrity of his body, so for the sake of emotional healing.",,2002-06-07,/leObtIAVi4oggBzqOZqq4mP3fue.jpg,0.8357,8,5.0,0,0,10,Released,False,,"Drama, Horror",,
461931,tt5586362,Maus,The Maus,en,"Alex and Selma are a couple in love on a trip to the heart of Bosnia and Herzegovina. Suddenly, Selma feels a mysterious force is chasing them.",,2017-09-21,/cOnVhuqmirMo3c1vlQcI2jnfWT7.jpg,0.7654,93,5.296,2395510,0,90,Released,False,/gzk3YMlVqEFNzFXFz98ueRHnwMa.jpg,"Drama, Fantasy, Horror",,
507952,tt3170536,Bad Vibes,Bad Vibes,en,,FREE LOVE... OR ELSE.,,/jmzXhEiBCqX5aonYRbss3Xh8B07.jpg,1.2248,0,0,0,0,0,In Production,False,,Horror,,
508526,tt4497238,Nightmare City,Nightmare City,en,"When a mysterious virus spreads from Haiti to Miami turning people into terrifying, bloodthirsty creatures, a small group of survivors tries to escape from the City of the Walking Dead.  Remake of the 1980 horror movie ""Incubo Sulla Città Contaminata"" aka Nightmare City from director Umberto Lenzi.",Welcome to the city of the walking dead.,,/vu6z5tgjnZQ0c86zupLHzhnynmH.jpg,1.2579,0,0,0,0,0,Canceled,False,,"Horror, Thriller",,
509667,tt3326084,Before Dawn,Before Dawn,en,A man and his family must escape a horde of blood-thirsty infected people while being held hostage by a group of criminals in a small country town.,ONLY SOME WILL RISE.,,/hpxepJfm871HJ2qikF7Sd9ML8qK.jpg,1.5115,0,0,0,0,0,Planned,False,,"Crime, Horror, Thriller",,
510654,tt4507416,The Fortunate,The Fortunate,en,A group of girls traveling on a hens night are kidnapped and held for ransom by a band of violent shotgun-wielding masked thugs. The girls fight for their lives and try to escape from their captors.,,,/1puE4O5GB8a7vAKq9Tcl1W5UOl2.jpg,1.4197,0,0,0,0,0,In Production,False,,"Horror, Thriller",,
513553,tt1802754,Dark Peak,Dark Peak,en,"When a sole survivor of a fateful hiking trip to the mysterious Dark Peak was taken into police custody, nothing could have prepared them for the horrors they were about to uncover.","AN EVIL FELL, AN EVIL WILL RISE.",,/snv2kLv7x50CY2SL5gQzRXAanuF.jpg,1.008,0,0,0,0,0,In Production,False,,"Horror, Mystery, Thriller",,
515329,tt2083136,Akuma,Akuma,en,"Akira, a young and attractive but emotionally damaged Japanese woman moves to the United States to escape a past marked by tragedy. She moves in with her sister Hana and her new husband Adam to start a new life. But as Akira's behavior grows increasingly erratic and strange disturbances mark the night, Akira is forced to reveal her real reason for coming.",Darkness Travels Light,,/3Pr0ozCAeug0tA45gWjadZPSQbM.jpg,1.4603,0,0,0,0,0,Post Production,False,/HORXE5xldxyP4okBDtWrnaD00n.jpg,Horror,,
536449,,PAPA,PAPA,en,"A brother and sister venture into the woods to join a cult, but must first pass a series of bizarre tests.",Don't you wanna be part of his family?,,/99gvFz0g4ji80OZnR1B5YVqHivh.jpg,0.9828,0,0,0,0,21,Released,False,,"Mystery, Comedy, Horror",,
545784,tt8735420,12 Midnight,12 Midnight,en,A group of friends find themselves on the wrong side of a home invasion where the worst is taken from them.,Terror begins at 12 Midnight,,/oynTkswMTOakOWPvOijmwrNAZma.jpg,1.2455,0,0,0,0,0,Released,False,/dBTjSmGi58Su4kGP7Rrph9R74pv.jpg,"Horror, Action, Thriller",,
550446,tt9256744,The Last Train to New York,The Last Train to New York,en,"English-language spin-off from the South Korean zombie film Train to Busan, depicting the outbreak in New York.",,,/yBQ6iBI7BcDWlgUzWzJNSvbWe8s.jpg,1.055,0,0,0,0,0,Rumored,False,,"Action, Horror",,
566561,tt13648440,Prey,Prey,en,,,,/2m0RqsmZYHCqsPXt3lnseaeEuc9.jpg,1.5098,0,0,0,0,90,In Production,False,,"Action, Horror, Thriller",,
613510,tt1355586,My Grandmother,My Grandmother,en,An evil grandmother torments her granddaughter.,,2009-02-15,/34fx6bf5rR6UdI6wxNyVD7iRpxR.jpg,0.1629,3,5.0,0,0,7,Released,False,/TMrSIjfmI0z0mWRNS3rgoljzMW.jpg,Horror,,
618128,,Dentro,Scavenger Hunt,en,"Laura is another regular girl in another regular day, but a weird box is about to change her soul forever.",,,/fCoG2xrGz4KdxeINmKptoH2CPfJ.jpg,1.3816,2,10.0,0,0,7,Released,False,,"Mystery, Thriller, Horror, Fantasy",,
622193,tt2978048,The Twisted Death of a Lonely Madman,The Twisted Death of a Lonely Madman,en,An agoraphobic who has completely self-isolated from the world sinks deeper into seclusion when an online psychopath feeds his worst fears.,,2016-03-12,/9EJOhRQnr8h17fi3oOZVQ8Caq0k.jpg,0.2548,3,5.7,0,0,81,Released,False,,"Horror, Thriller, Drama",,
622707,tt5697510,Jekyll,Jekyll,en,The only living descendant of Dr. Jekyll and Mr. Hyde makes a deal with the dark side.,,,/fBZ28T4V2Xjb3hK5DE3fzmvOi06.jpg,1.1813,0,0,0,0,0,Rumored,False,,"Drama, Horror",,
666477,tt11876270,Dunwich,Dunwich,en,"The Dunwich Horror will take place seven years after the events of Color Out of Space, in a future version of the Lovecraftian city of Arkham, and will continue to explore the concept of the Old Ones returning to Earth. Further details TBA.",,,/90X5tA239ZKFFvMQqe3JvEd2mpJ.jpg,1.0641,0,0,0,0,0,Planned,False,,"Horror, Science Fiction",1375345,Arkham Horror Collection
674393,tt7887448,Pure,Pure,en,Final entry in Adrian Țofei and Duru Yücel's spiritual trilogy which includes Be My Cat: A Film for Anne and We Put the World to Sleep.,,,/ldqCPr3gd3l3SqkGl6Ird3YH5TP.jpg,1.606,0,0,0,0,0,Planned,False,/x3DjhKF58VAwi0MRpPAFKqTEx7n.jpg,"Drama, Comedy, Horror, Mystery",,
675253,tt8186932,M.O.M. Mothers of Monsters,M.O.M. Mothers of Monsters,en,"A distraught mother suspects her teenage son is a psychopath who may shoot up his high school, but when he outsmarts the mental healthcare system she is forced to take matters into her own hands.",A Mother's Worst Nightmare,2020-03-13,/lDyrXDB3POXKN49g5XvSoXSFijc.jpg,1.0668,77,6.006,0,0,98,Released,False,/eKk2g161uueHseKdaPgkis90Yn1.jpg,"Thriller, Drama, Horror",,
700290,tt9856372,Masha's Mushrooms,Masha's Mushrooms,en,"A workaholic mother who tries to throw the perfect party for her daughter, but all the guests are unknowingly drugged and must figure out what is real and what is a hallucination in order to survive.",,,/qfUvU7j2s4v0PSDtQUotYkOOLHq.jpg,1.087,0,0,0,0,0,Planned,False,,"Thriller, Horror",,
725223,tt7505028,Chasing Nightmares,Chasing Nightmares,en,A college student risks her and her friends' lives to track down the meaning behind the nightmares she has about a girl and a delusional masked man.,,,/dgcYicvsrdTOOjzzUquFMWgMzmS.jpg,3.7925,0,0,0,0,0,Post Production,False,,"Thriller, Horror",,
735782,tt6437040,The Zombie Apocalypse in Apartment 14F,The Zombie Apocalypse in Apartment 14F,en,"Two guys get stuck in a coke dealer's apartment with 15 kilos during a zombie apocalypse. Isolated, they don't know what is going on in the outside world. Their only link is a drone spying on the call-girl (Jolene Hexx) who lives in the apartment below them.",Don't Answer the Door,2019-11-26,/mS2jyFrgMBgIAx1OJDxIfeJzuND.jpg,0.6623,3,5.3,0,0,0,Released,False,,"Horror, Comedy",,
737736,tt29044362,Red Wedding,Red Wedding,en,"A teenager and her stepmother who are kidnapped and taken to a remote location as part of a ransom plot, soon discovering their captors are the least of their worries when a deadly bride and groom arrive and begin picking them off one by one.",Here comes the bride.,,/mjLRcRW4T0h6Ne5nupuvnxVfhOK.jpg,1.3109,0,0,0,0,0,In Production,False,,"Horror, Thriller",,
740611,tt9783444,The Haunting in Wicker Park,The Haunting in Wicker Park,en,"The “terrifying true story” of the first televised exorcism on NBC in 1971. Millions around the country watched the program that was recorded in Chicago. The NBC news segment was a success, the exorcism was not. Instead, it made things worse for the Becker family who lived there. Much worse.",,,/oZKMPNa4PDHoBUhgv26g65bCwHE.jpg,1.0156,0,0,0,0,0,Post Production,False,,Horror,,
741533,tt11679676,Possess,Possess,en,"On February 20th, 2016, a college student's friend goes missing. Through phone recordings, we recall the event that led up to his disappearance.",This is it.,,/wb3UnPwI759OcGFUqhPNJKMjw3p.jpg,1.2643,0,0,0,0,15,Post Production,False,,"Crime, Horror, Thriller, Comedy",,
756293,tt13226468,The Knock,The Knock,en,"The Knock is a horror film that takes place during quarantine and plays on our everyday fears. The film will be executive produced by Xavier Mitchell, produced by Andrew De Jesus Maldonado, and directed by John Ros who is known for his work on Group Nine Media's People Be Like and Send Foodz, as well as Amazon Prime's Ragneron and Rich Africans.","When you hear it, it's too late.",,/sgnX5Jmkt7T7LNiKODVUdj7hah0.jpg,1.1634,0,0,0,0,0,In Production,False,,Horror,,
759397,tt11887694,Godforsaken,Godforsaken,en,"Indie doc crew travels to a small town to document a bizarre and seemingly unnatural case, ending in extreme tragedy.",,2020-10-31,/1DlrihNXMdExoeaGfpIg7UUmCWb.jpg,0.8385,9,5.778,0,0,80,Released,False,/krM7j0ekLs7PkrCxeTLi8Oh1UEq.jpg,Horror,,
766076,tt11404762,From the Depths,From the Depths,en,"After surviving a shark attack, a young woman is plagued by nightmares of being stalked in the dark sea by a ravenous predator, and by hallucinations of visits from her sister and boyfriend, both whom were killed in the attack.",This vacation's gonna bite.,2020-11-18,/uSa6p5e1wbuyXujXTZf2xPD9GkD.jpg,0.8355,36,5.8,0,0,85,Released,False,/biRq1telyOPAIAWqAZRRYRpnyOu.jpg,"Drama, Horror",,
770549,tt11935060,All-Nighter,All-Nighter,en,"An upcoming Filipino horror movie based on Filipino folklores particularly on ""bangungot"" or nightmares.",,,/jmbfqCJV7cNwWa3X2gts2tEtMvP.jpg,1.7927,0,0,0,0,0,In Production,False,,Horror,,
780832,tt12162852,Hello...,Hello...,en,A lonely man finds himself bedeviled by a malevolent force. But is it real or just all in his mind? (ALTER),,,/kEcCb8PfA4GN7n10B419pXal7Hc.jpg,1.5671,19,6.1,0,0,13,Released,False,,Horror,,
785763,tt11270738,The Repression,The Repression,en,A therapist starts seeing a dark version of herself after creating a painting of her recently deceased daughter.,You can't run away from yourself.,,/y2HYWJU4XG3s8l46nS3qBip2UFL.jpg,2.662,0,0,200,0,22,Released,False,/mTsFulNqzAXX0dURgu74AFA6Svn.jpg,"Horror, Thriller",,
803779,,The Rise,The Rise,en,"In 1962, Dr. Ryan Cartwright was on the scientific and altruistic path to find a way for humans to sustain life in the event of Mutual Assured Destruction.  Little did he know that over the course of the next several years of his life, he would take a well-funded and military journey to the darkest corners of the world—and his mind—as he creates the ultimate weapon for the government and a curse that will plague mankind for the rest of days.",,,/cSVNJJmjNCiMydxcLfcmsdVsFXH.jpg,1.0064,0,0,0,0,0,Planned,False,,Horror,,
812307,,Luna,Luna,en,"A family in mourning, is haunted by their daughter Luna.",,,/m1Bdf5by8rWsaHWaRkRbn9RrPqS.jpg,1.1608,0,0,0,0,11,Released,False,,Horror,,
823393,tt14486338,Veronika,Veronika,en,"Veronika is a thriller about an abused young woman, Veronika, who after getting her life back on track, once again succumbs to a dark downward spiral of violence, torture and psychological torment.",,,/bI46M2SYCKtQTQbFrbxTAayJWeo.jpg,1.3574,1,8.0,3500,0,84,Released,False,,"Thriller, Horror",,
827064,,Swine,Swine,en,A drug deal gone bad...,,,/jb4WgT8c7SMYCkl6rD8FiOQxxbM.jpg,1.1251,2,7.0,0,0,10,Released,False,,"Horror, Thriller",,
837506,tt28598236,Twilight of the Dead,Twilight of the Dead,en,"The dead rose, the world fell, and life has all but disappeared. Marooned on a remote tropical island, the last of the living—a woman and a girl—find themselves caught in the midst of a violent conflict between evolved factions of the undead. But there may yet be hope for humanity...",,,/7gyBeXWlGgt9caoeJJmWa7j8t8f.jpg,1.0433,0,0,0,0,0,Planned,False,,Horror,,
847802,tt12757372,Red,Red,en,,,2022-08-04,/cUF9UXwPfK2jryDYlrFHcRDQEwu.jpg,0.5673,30,4.317,0,0,92,Released,False,,Horror,,
854902,tt15094942,Ho Kena,Ho Kena,en,"After Dineo gets retrenched and evicted she decides to move into her boyfriend’s place, with her daughter. Things spiral once a force from inside starts haunting them.",,,/crdFYAebCkhtY00rnopG1LwUX7U.jpg,1.5663,0,0,0,0,54,Released,False,,"TV Movie, Horror",,
858492,tt14625538,Remnants,Remnants,en,A self-absorbed lecturer returns to a remote part of the English countryside in the hope of burying an affair with a young asylum seeker. But an uncanny presence has other ideas.,,,/eI5R0oki1O9Fvs54YdtiVaydRFi.jpg,1.0057,0,0,4000,0,0,Post Production,False,,Horror,,
861454,tt13049708,Apophenia,Apophenia,en,A struggling artist's mental state begins to deteriorate as he questions the faithfulness of his wife and her successful brother.,,,/uPBgP6r2NW6AQ21Pyd3NobkEZ0C.jpg,1.6789,0,0,0,0,100,Post Production,False,/rvqnAVVQQc1tZECjy6fSHAsupnH.jpg,"Thriller, Horror",,
861942,tt15215044,Caller #4,Caller #4,en,"A ""shock jock"" radio DJ is thrust into a game of cat and mouse with a mysterious caller claiming to be a serial killer.",,,/gXelgkdAibNUeqkeCaycOMofkLI.jpg,1.0021,0,0,0,0,16,Released,False,,"Horror, Thriller",,
862758,tt13617920,Display,Display,en,"Rosie, an assured businesswoman who needs professional photos of herself, hires an eccentric photographer who secretly plans to use her for a demented art project.",,,/tvXS8pmFuWZF4JXM59OvTrCOIBx.jpg,1.0376,0,0,0,0,15,Released,False,,Horror,,
875081,tt1706406,KIllerdate.com,KIllerdate.com,en,Lonely people find extraordinary relationships at Killerdate.com,"Lonely people find extraordinary relationships at, Killerdate.com",,/tSbVHOWbowolETsh19eouBW2Uiy.jpg,1.1275,3,4.0,0,0,3,Released,False,,"Horror, Comedy, Romance",,
875425,tt15482624,The Death of David Cronenberg,The Death of David Cronenberg,en,David Cronenberg stands in a softly lit bedroom and looks deeply into the camera before his gaze shifts to a motionless figure in the bed...,,2021-09-14,/kUqPIwr11iDdzMl09F9UEKqbfWk.jpg,0.7949,27,6.13,0,0,1,Released,False,,Horror,,
875875,tt14321400,Flesh,Flesh,en,A tale involving a demonic entity who demands human sacrifices.,,,/wKQButGy7sfz7LHANQS24LdlJaM.jpg,1.2434,0,0,0,0,0,Planned,False,,Horror,,
876174,tt15402748,Sixteen Rounds,Sixteen Rounds,en,A war verteran concocts a plan to exact revenge on his cheating wife.,,2021-09-16,/1IK2MjoiRHiifkjM1G3PcKxFMxa.jpg,0.888,0,0,0,0,38,Released,False,,Horror,,
876600,tt14122818,Bad Dreams,Bad Dreams,en,A woman escapes an abusive relationship only to be terrorized by a cult who suck the life out of her through her dreams.,THEY MESSED WITH THE WRONG GIRL,,/5o5OBM3Sx4xlxWtBpefTpEvd6lB.jpg,1.3683,0,0,15000,0,15,Released,False,,"Thriller, Horror",,
926835,tt15908978,Amityville Ghosts,Amityville Ghosts,en,,,,/pdM3wRUgzz1QtauHFyifd4O3R1q.jpg,1.1505,0,0,0,0,0,Released,False,,Horror,,
928668,,Collisions,Collisions,en,"Racing home after a bad night out, Jimmy and Peter crash in the middle of a forest. When the friends start arguing about how to deal with the situation, they descend into a nightmare from which they will never wake up.",Choose your friends wisely,,/jU86iyQzezUzpWlXdl10Z7ODlC4.jpg,2.0378,0,0,3200,0,7,Released,False,,"Drama, Horror",,
936602,,Hellion,Hellion,en,"A sleazy conman, an elderly woman, and a rabbit, come together in this horror-comedy where nothing is as it seems. Does a satanic force lurk in the shadows, or has superstition run wild?",Evil has many faces,,/mIbdGpDu1FcpyXS2esZQ7lBWUJH.jpg,1.4895,0,0,0,0,13,Released,False,/6zys8wZPAqrZ2GOvYhbC5gzEjaa.jpg,"Comedy, Horror",,
938600,tt14544678,Natten har øjne,Attachment,en,"Maja, a Danish actress past her prime, falls in love with Leah, a young Jewish academic from London. Leah suffers a mysterious seizure, and Maja returns with her to London. There, she meets Leah’s mother, an overbearing woman who could hold dark secrets.",,2022-07-28,/eu2LGKaKvLznaGx979r2t3psNg7.jpg,1.6783,50,5.62,0,0,105,Released,False,/p1QHaxLcd8Vu9phkPzzoObgkOJO.jpg,"Horror, Romance",,
939072,tt18257440,BioShock,BioShock,en,Based on the first BioShock game.,,,/2DNzYev9KoGQ6KII9BOqiBSzORx.jpg,1.0624,0,0,0,0,0,Planned,False,,"Science Fiction, Horror",,
950201,,Unburied Tales,Unburied Tales,en,"In a obituary, the keeper tells to the mortuary make up artist, the reasons of the deaths of 4 bodies...  one in particular seems to be unbelievable...",,,/1DXNx4w7CrBKzjlP9KcBhB1txPp.jpg,1.2202,0,0,0,0,0,Post Production,False,/4MZfYgwrxbLosZl9u2GuShnPC0W.jpg,Horror,,
955663,,Chest Pains,Chest Pains,en,Frank deals with the aftermath of a serious breakup that starts to take a toll on him mentally and physically.,,,/n1dDMlQTUFHUthl0KhNGeVlQ8cS.jpg,1.5472,0,0,0,0,6,Released,False,,"Thriller, Horror, Drama",,
968688,,BOO!,BOO!,en,A young man finds that the ghosts in his video game aren't the only ones in his apartment.,,,/oIRmntCTOvDVfrBRUpHK3ROTI9O.jpg,1.9256,0,0,0,0,6,Post Production,False,,Horror,,
981680,tt3778280,William Wilson,William Wilson,en,"This time we get a tale about William Wilson, the name is known by horror fans as the man with a troublesome doppelganger from the Poe story. In this norwegian version, he has the same name, same beliefs, but a different approach...",,,/4uBzMurSL4v7NnqLt5x7fdaX9lr.jpg,3.306,0,0,0,0,9,Released,False,,Horror,,
983539,,Dark Parks,Dark Parks,en,"When a woman goes missing in a park, a murderer teases a video confession with a gaslit narrative that omits their identity.",,,/1cNZES6iG5lh50HHAm9CzZ3EdxP.jpg,1.3481,0,0,0,0,72,Post Production,False,,"Mystery, Horror, Comedy",,
986373,tt21038830,Hollow,Hollow,en,Based on the classic tale of the headless horseman who terrorizes a small town.,,,/l59zpc1DUkzCuBsjKBnEbFLBzRC.jpg,1.3667,0,0,0,0,0,Planned,False,,"Horror, Thriller",,
989223,,The Tunnel,The Tunnel,en,Plot Unknown At This Time.,,,/8FX4adgf55a99gbJoMIUszynFSz.jpg,2.5137,0,0,0,0,0,In Production,False,,"Horror, Thriller",,
991041,tt1725183,Do Over,Do Over,en,"Everyday we are forced to make uncomfortable choices, but what if fate gave you the chance to look into the future and see that one of your decisions would change your life forever.",,,/1hncg1izeJzW0JWNJCZh5abelmV.jpg,1.874,0,0,0,0,6,Released,False,,Horror,,
991111,tt21104040,Breeders,Breeders,en,"Described as a social horror-thriller that is tonally in the vein of the movie ""Fresh"" (2022). Premise TBA.",,,/qLQpbqLbvRLzYKrhobU2rwAzE00.jpg,1.204,0,0,0,0,0,Canceled,False,,Horror,,
1004996,tt21375180,Stash,Stash,en,Scavengers hold their own against a deadly (and delicious) virus that has wreaked havoc on the world.,"When you're hair, you're family.",,/uml4TbCJtfKHr7fwRcsWzpatOy1.jpg,1.1431,0,0,100,0,5,Released,False,,"Horror, Comedy",,
1017180,tt21911884,Profaned,Profaned,en,"Profaned explores the relationships between the homeless and society through expressionism. The film aims to make the audience feel ambivalence towards the vagrant. On one hand, he lies in an attempt to acquire money to fuel his addiction. On the other hand, he suffers from his addiction and past trauma.",It's easier to complain than change.,,/hkHEOWVhysISP29LWchUuU3skZM.jpg,1.0948,0,0,4400,0,30,Released,False,/5FEVLvcQiB1w5bKI67FRCkoQsaP.jpg,"Horror, Drama",,
1019556,tt17348024,Becoming Death,Becoming Death,en,"Francine, the adult daughter of a pious mother must overcome her madness to be accepted into an Ivy League school masters program.",,2022-09-02,/ldDVqQANJsoHZ0VOuDK10bj93cU.jpg,3.2612,1,2.0,0,0,91,Released,False,,Horror,,
1026066,,The Observer,The Observer,en,"An introverted man spends a day at work observing his peers rather than interacting with them, but beneath his awkward exterior, he is not at all what he seems.",You can never really know someone.,,/A1BDA8w3k40XYMN2q61CsACIVHn.jpg,2.2465,0,0,0,0,12,Post Production,False,/tdusRViAGAwt4GOOUHZZSDJNX5n.jpg,"Science Fiction, Horror, Drama",,
1044908,,Static,Static,en,"A young woman comes face to face with her sleep-paralysis demon, defeating it once and for all.",You can't escape if it's stuck in your head,,/gRfDqhbf0g0K8g1l3SYyz2cq62P.jpg,1.2259,0,0,0,0,4,Released,False,,Horror,,
1047235,tt4269346,Moose Jaws,Moose Jaws,en,"In a post apocalyptic Canada, the jawbone of the majestic moose has become the most coveted form of barter due to its capabilities as a multi-purpose tool and weapon. One moose has had enough. The great white north is about to be reclaimed by nature.",Jaws with a moose.,,/vTla2Dfr326NBae9F2JHCDQunzy.jpg,1.2523,0,0,0,0,0,Rumored,False,,"Comedy, Horror",,
1064462,,Gorge,Gorge,en,"After being released from rehab, a teen girl is forced to confront both her overbearing mother and her eating disorder at a birthday party for two.",,,/vb5BBxlhB2MWr0bki4x1bAs8oBw.jpg,1.8813,0,0,0,0,12,Released,False,,"Drama, Horror",,
1075362,tt19714380,Sacred Vision,Sacred Vision,en,"A thriller that follows Galen Lopez, a non-binary witch, years after their mother's tragic death, and weeks after a traumatic breakup. On social media and for clients, Galen puts on a happy go lucky facade, while inside they're doing their best to piece their life back together. Encouraged by their loving coven mother to stop their antidepressants in order to connect more with the spiritual realm, Galen begins having visions of the future. Not her future, crimes that are about to happen. Everything comes to a head when Galen sees their ex girlfriend Katelyn being attacked. Will they be able to stop it from happening? Or will they see it too late?",,,/AuGnTYWoEWiMFc3k4Zi3hSlIJea.jpg,2.6329,0,0,0,0,0,Released,False,/zWzZk6eFEXN2jzEppZFzmp1Idy5.jpg,"Horror, Thriller",,
1083567,,Abeyance,Abeyance,en,"A struggling artist deals with addiction and depression until his new girlfriend shows up, out of the blue. His life takes a much darker turn than anything he could have imagined.",TRY IT,,/894fthbGzLgcgPDjeyX5pRHvZvG.jpg,1.0704,0,0,0,0,14,Post Production,False,,"Horror, Science Fiction",,
1086907,,Lobo,Lobo,en,"In the spring of 2022, federal authorities seized a cloud account associated with an unnamed Person of Interest regarding the ""Lobo"" case. Those media files are finally being released to the public.",,,/uPZqlK0cqscDscHBUV0BJZuUN9d.jpg,1.12,0,0,0,0,0,Post Production,False,/ij45KhSng3k0UJEEW8zEzeg4mwI.jpg,"Horror, Crime, Thriller",,
1094107,tt26938834,Dead by Daylight,Dead by Daylight,en,Planned feature film adaptation based on the hit horror multiplayer video game of the same name.,,,/q1ULa5F5892yQPoNFRJYJLHLWaM.jpg,1.2456,0,0,0,0,0,Planned,False,,Horror,,
1097190,,Haunt 2,Haunt 2,en,Sequel to the 2019 film Haunt. Plot TBA.,,,/2elVfPK2gNvkk1ILTHtZlV9t4H0.jpg,1.461,0,0,0,0,0,Planned,False,,"Horror, Thriller",1455623,Haunt Collection
1100730,,Faceless,Faceless,en,"Two private investigators arrive at their client's house, to discover police outside. Alongside the chief of police, they uncover a violent and mysterious murder...",ARE YOU EVER REALLY ALONE?,,/bjsl8XeWKgZVIqZGrzXb6QuSO9p.jpg,1.2473,1,10.0,0,0,7,Released,False,,"Horror, Crime, Drama, Thriller, Mystery",,
1110707,tt19042842,God Hospital,God Hospital,en,A young woman with a black tooth seeks out a religious healer in a last-ditch effort to salvage her mouth decay.,,,/yJEtpzWkFhmLsSX8kyQR9UvK4Mx.jpg,0.987,0,0,30000,0,15,Released,False,,"Horror, Thriller",,
1112000,,Red Peak,Red Peak,en,Recon element callsign Foxtrot entered a restricted dead zone in the Laurentians to locate a missing unit that had gone dark. Recovered footage was reviewed and logged.,This Material Does Not Officially Exist,,/4Xj6znf6OW7O8FIneyNDfL6GZBf.jpg,1.6057,0,0,0,0,20,In Production,False,,"Thriller, Horror",,
1117319,tt27549797,What Happens at Night,What Happens at Night,en,"An American couple travels to a remote, snowbound European town to adopt a child in hopes of saving their marriage. Stranded in an eerie hotel, they encounter a cast of unsettling figures as reality begins to fracture around them.",,,/1frL9CznOQ0EWMPdAa16MtuKEmn.jpg,1.485,0,0,0,0,0,Post Production,False,/fsb7G81U4QBCczuY4mVNIOgS5t4.jpg,"Mystery, Horror, Thriller",,
1119107,,Appetizer,Appetizer,en,"After a late-night shift, a projectionist finds herself lured into the depths of a mysterious old auditorium.",Something's in the spotlight,,/kHhJZAlLKPCOVC0hdkoLc23Tgzr.jpg,1.6594,0,0,0,0,8,Post Production,False,,Horror,,
1120132,,Man-Wolf,Man-Wolf,en,"When two friends go out in the woods in an attempt to find proof of a rumored creature, things quickly get very hairy for them.",BLOODY GOOD TIME,,/bVLYMr7Haczj9z0JSPglv7iALfk.jpg,0.9995,0,0,1045,0,10,Released,False,/uWoHtXgrp0zFUy9XkZ8hHxMucP1.jpg,Horror,,
1125063,tt27722308,Self-Portrait,Self-Portrait,en,"Grieving photographer Lu Rile moves into a run-down artists' warehouse in 1990s Brooklyn, where she befriends Katherine, an accomplished painter who lives downstairs. When Katherine suffers her own tragic loss, Lu unknowingly captures the incident in one of her self-portraits, creating a sublime but terrifying image. Consumed with their mutual grief and intensifying relationship, the women discover that they are haunted by a demonic force intent on shaking their reality.",,,/1p7J1TsplRevFqB7z5aGF7oZkFJ.jpg,1.6848,0,0,0,0,0,In Production,False,,Horror,,
1128305,tt27598191,Rasch und mit Feuer,Quick and With Fire,en,"After being tricked by her grandmother, a promising college musician turns to medical cannibalism to overcome her chronic lung condition.",Quick and with Fire,,/5dHU0Br1AYaJUSAJdkFBvIhsndp.jpg,1.0159,1,10.0,30000,0,14,Released,False,/ciAKi950M3gfYx88Imxr1DgfDNO.jpg,"Horror, Drama, Thriller, Music",,
1134306,tt17043156,Thread: An Insidious Tale,Thread: An Insidious Tale,en,"A husband and wife enlist the help of a spell to travel back in time in order to prevent the death of their young daughter. The consequences, of course, prove to be severe.",,,/noMFmZsIs2s4867dbyrZMPLDj5b.jpg,1.1061,0,0,0,0,0,Planned,False,,"Horror, Thriller",228446,Insidious Collection
1135134,,Reflections,Reflections,en,"Sid lives in self-imposed isolation with his dog, Ace. That is until, one day, amidst the surrounding mountainscape, Sid sees a mysterious house appear on the horizon. Upon closer inspection, this house is familiar; it is his home. The same ravaged stone, mossy notches, and chipped painted wood. As Sid’s initial suspicions continue to grow, so does his all-consuming obsession with the house. He starts to plant traps and experiments, each taking him a step closer to the truth; that the house is a window into his future.",,,/uStTdJh6y6qkoXfGft24K8uWlc7.jpg,1.8031,0,0,30000,0,14,Released,False,,"Thriller, Horror",,
1140624,tt10844184,Detour 95,Detour 95,en,"When Candace leaves northern New Jersey for Miami, Florida, to escape the violence and poverty; her reality becomes a nightmare. Forced to take a detour in North Carolina from Interstate 95 because of an accident and her mechanically unstable car; she quickly finds herself fighting for her life in a redneck nightmare. Candace is forced to deal with a psychopathic doctor, holding her captive and running an international human trafficking ring and then she faces one of the scariest horror icons to ever be seen on screen. The homicidal, deranged killer clown known as Poppy that enforces the evil doctors asylum of death, sex and torture. Thais film will set a new standard for horror films bringing the ultimate in psychological terror. Keeping viewers on the edge of their seats with a lot of twists and turns along the way.",,,/oTAAbA1JtCCzMsQy3EVbq9o0UMA.jpg,1.5211,0,0,2500000,0,0,Released,False,,"Action, Horror, Thriller",,
1142388,tt12570042,Post Comedy,Post Comedy,en,A comedian's set is interrupted by the one thing she never jokes about,,,/f8YkT3BSdU4Yjyav9WgR4rH7HVa.jpg,1.2781,0,0,0,0,8,Released,False,,"Drama, Comedy, Horror",,
1144087,tt26215494,The Woods,The Woods,en,Two friends travel deep into the forest to spread a parent's ashes at an old family campground when they're met by a supernatural force that confronts them with their worst fears turning the peaceful hike into a terrifying fight for survival.,,,/6XpD6rgupRitmW6kYvy8f9GRsmp.jpg,1.3206,0,0,0,0,0,In Production,False,,"Horror, Thriller",,
1145970,tt26761118,The Reunion,The Reunion,en,The five-year reunion of a group of online friends is interrupted by a serial killer with deep roots to the town's history.,,,/2px3FcEQ5qb0QG60yPYjLBgkvai.jpg,1.6019,0,0,2000,0,0,In Production,False,,"Horror, Drama",,
1156989,tt21917736,Valentines Lake,Valentines Lake,en,Four females on a weekend getaway are caught up in a town's ancient secret as they attempt to escape before succumbing to the sacrificial fate of the town's large marine creature.,,,/vx1q9emDZaRJkqarP2kMHzFWNkW.jpg,1.1571,0,0,0,0,0,Post Production,False,,Horror,,
1157863,tt28315842,The Girls,The Girls,en,A once-in-a-lifetime Halloween party turns deadly for four trans women when they come face-to-face with three truly monstrous bigots.,Hate will eat you alive.,,/8FFLcSyy82OdyyOElHbTe0PUBEA.jpg,1.1167,0,0,0,0,0,Canceled,False,,Horror,,
1159500,tt22207052,Looking Back,Looking Back,en,George gets more than he bargained for when he discovers a ghost living in the backup camera of his new car.,,,/5i8LuOtB6sTGrNCNuArD2Z85Jko.jpg,2.1424,0,0,0,0,9,Released,False,,"Comedy, Horror",,
1162334,,Radio Silence,Radio Silence,en,A lonely conspiracy theorist finds evidence of extraterrestrial life.,,,/5sJ9TlvdRm9qYiQNGqW3rA4ROtK.jpg,2.3458,0,0,0,0,0,Released,False,,Horror,,
1162338,,Three Dreamers,Three Dreamers,en,Three hikers stumble across a bog mummy that gives them disturbing dreams.,,,/lCbjRL7DsRx7KmzO7Sqcd4VgMNc.jpg,2.6763,0,0,0,0,0,Released,False,,"Horror, Drama",,
1162418,,Lilith,Lilith,en,"The mysterious Lilith hasn't left her room in weeks, but a video call with her boyfriend Julien helps her to come out of her shell.",xXx_L1lith_xXx is typing...,,/ekPcD31pmtpTYXd01pCBC7H1aj9.jpg,1.4331,0,0,3000,0,15,Post Production,False,,Horror,,
1163661,tt26597488,FGA,FGA,en,A group of women who have each survived tragedies must band together and fight for survival again when masked killers attempt to finish what their first attackers started.,,,/mHhb7eoVC4bIeEZ4hpT1OhSSXFK.jpg,1.7707,0,0,0,0,0,Post Production,False,,Horror,,
1167767,tt23640704,Voyeur,Voyeur,en,"Voyeur follows the stories of Alyssa, her father Rick, Liz, her boyfriend Matt, Megan, her brother Adrian, and those close to them as their already problematic lives are interrupted by a serial killer who is targeting women in their community.",,,/TP2nx0JIOid6WdXBrfzZYC7wv3.jpg,0.9873,0,0,0,0,0,In Production,False,,Horror,,
1179626,,Roadkill Moon,Roadkill Moon,en,A struggling insomniac starts to believe that they are haunted when they start hearing voices,,,/2bU2KuRYiV5VeiA3mSl8uawc0A3.jpg,1.1685,0,0,0,0,8,Post Production,False,,"Horror, Mystery",,
1184020,,Dry,Dry,en,"Jamie struggles at work, contributing to her alcoholism. Meanwhile, her neighbor, David, has a growing obsession with pornography. Soon, each of their habits become all consuming as they sink into the horrors of addiction.",,,/7CbQXf9w0EVzFF5boIcxvSQU0rT.jpg,2.3672,0,0,15000,0,13,Released,False,,Horror,,
1188394,tt28481744,Dead Air,Dead Air,en,"A disgraced radio show host runs a grift broadcasting recordings of ""true"" supernatural events, only to attract the attention of something genuinely sinister.",,,/w6AyznWquKqc4D9e99bCbkkX0we.jpg,2.6346,0,0,0,0,0,Released,False,,Horror,,
1189684,tt27863626,Complicated,Complicated,en,"Mackenzie and Hannah come up with a plan to break up with their boyfriends, but one of them has a plan of their own.",“It’s Complicated…”,,/3P1aexU7laJQDThfCL32dhMHiWT.jpg,1.2189,0,0,500,0,14,Released,False,,"Horror, Drama, Thriller",,
1193314,tt11883888,Zombie Plane,Zombie Plane,en,A secret government agency has recruited celebrities to be undercover agents and the celebs must save humanity from an imminent attack from the undead.,DEATH FROM ABOVE,,/qnev6PZFqbvs2zBDIKjEZHffsZk.jpg,1.6113,1,9.0,0,0,98,Released,False,/3E3NedsdMzq7qJGNuUyyuwBrUFq.jpg,"Action, Comedy, Horror",,
1194004,tt28448709,Laugh,Laugh,en,"Peter Collymore. A retired veteran from the Afghanistan war is fighting his greatest battle verse himself, his father (Terry Kiser) and a demonic entity they call ""Calypso"".",,,/1iR9fJTEzEhaM2fev7vaYerFHcC.jpg,1.0146,0,0,250000,0,0,In Production,False,/mZxQJCSyeAX6immQ9mW8BhxakqP.jpg,"Horror, Thriller",,
1199546,,HOUSE 6,HOUSE 6,en,"Freely Inspired by the murders of the most infamous serial killer of Australia: Katherine Mary Knight  Katherine Mary Knight (born 24 October 1955) is an Australian murderer and the first woman in the country's history to be sentenced to life imprisonment without the possibility of parole. She was convicted for the murder of her partner, John Charles Thomas Price, in February 2000, and is currently imprisoned at the Silverwater Women's Correctional Centre in New South Wales. Knight stabbed Price to death, skinned him, and then put his skin on a meat hook, which she had recently installed. She then cooked his head and parts of his body with the intention of feeding them to Price's adult children, but was stopped by police after an employee of his went to check on him after he had not been at work that day.",House SEX,,/u3Agj71nUhPTgrD4jCHthJI3Nvy.jpg,1.8116,0,0,10000,0,80,Released,False,,Horror,,
1202094,tt22075830,Sketch,Sketch,en,Psychotic cat with a knack for killing.,They're alive.,,/qobQGUTshvEkuRxAVPapLLVdiON.jpg,1.2519,0,0,0,0,0,Planned,False,,Horror,,
1202329,,Winder,Winder,en,"When the power goes out in an old farmhouse, Clair must venture down into the basement to reset the breaker box. Equipped with nothing but a janky wind up flashlight, Clair uncovers evidence that there might be an unwanted guest on the property.",,,/o8sVlb1lGXLJSCyNmXpzjuuFLX5.jpg,1.1913,0,0,500,0,6,Released,False,,Horror,,
1205132,tt27527373,Mantis,Mantis,en,"Hal lives with his mother Fannie, who has a string of lovers that visit the flat, never to leave. Hal’s world is turned upside down by a mysterious new arrival. She is quite simply the most transcendentally beautiful woman he has ever seen… Things could get messy.",,,/bI2BxRb01ony1mR05YGAw7HfULl.jpg,1.701,0,0,0,0,17,Released,False,,"Comedy, Romance, Horror",,
1205812,,The Box,The Box,en,"After finding a box lying in the bush, a young woman and her partner become obsessed with its contents.",,,/nZi1XysMjz4wIVqipt885N0s4yt.jpg,1.4978,0,0,20000,0,15,Released,False,/jrFuxUSFuAzpfNMgimqkPYJUBnR.jpg,"Thriller, Drama, Horror",,
1210376,tt13368834,Horse Town,Horse Town,en,"Loner Marc moves from the city to a quiet suburban neighborhood. Soon realizing the community is more than it seems, he must solve a mysterious real life puzzle.",,,/50ejh8xpw5kEadeEtiCygTzuDvh.jpg,0.9852,0,0,0,0,0,Released,False,/mWnRu24wWmmcnPChOD7BL3ZxgVU.jpg,"Drama, Horror, Thriller",,
1211876,tt30268701,Thanksgiving 2,Thanksgiving 2,en,The sequel to the 2023 film. Plot TBA.,,,/bKgFCiP7X6sePrmAfWF79NwgkpT.jpg,1.1772,0,0,0,0,0,Post Production,False,,"Horror, Mystery",1211888,Thanksgiving Collection
1231974,tt30889015,The Consumer,The Consumer,en,Anna invites something sinister into her home when her online shopping obsession leads to a mysterious late-night delivery.,,,/1gCIr4fbpChoSRNiCxaB1gWRVM5.jpg,2.4854,0,0,0,0,4,Post Production,False,,Horror,,
1236945,,Magnum Opus,Magnum Opus,en,"In need of a legacy in order to remain relevant, the Richmond Vampire forces powers on an unsuspecting college student.",,,/AwbAHHkFNKfsr8GeTYAFRN6jmX.jpg,1.2916,0,0,700,0,0,Released,False,,"Comedy, Horror, Action",,
1239461,tt31180002,Zombie Hotel,Zombie Hotel,en,"When two beautiful young women inherit an old, run-down hotel in Louisiana, they soon find that renovations will be the least of their troubles. As the ladies sift through the ruins of the once regal inn, they accidentally wake the building's former residents: a hungry hive of flesh-eating zombies! As the girls fight for their lives, the corpses keep coming and escape seems impossible!",,,/q09RAEjYs5xwJaqf7w7tpiLGo41.jpg,1.2983,0,0,0,0,0,Canceled,False,,Horror,,
1239770,,Down Past the Gate,Down Past the Gate,en,A young man finds himself in peril after he lies to his mother and meets up with a stranger from a hookup app,,,/vCV9PCZypzzIZOxNotpIx5gekk3.jpg,1.5196,0,0,0,0,10,Post Production,False,/k7gPhab54F21KQlfJAaC57QId27.jpg,"Thriller, Drama, Horror",,
1243538,tt30470549,Hang,Hang,en,"When Arabella, daughter of a vicar falls pregnant out of wedlock, she seeks help from the notorious woman of the woods ‘Hawisia'- who is said to be a witch.",Vengeance has a deadly deal.,,/aafM7fXbJVFPgaXizRH47OGsFK.jpg,1.4651,0,0,1000000,0,85,Post Production,False,,Horror,,
1245540,tt14186222,Bruises,Bruises,en,A woman receives a new injury each time she sees her reflection.,,,/hiv2kV4PdgaqAauE0Hr74AmEoVJ.jpg,2.5197,0,0,2,0,7,Released,False,,Horror,,
1249693,tt34096616,American Psycho,American Psycho,en,A reimagined adaption of the novel in the fast-paced modern era. Plot TBA.,,,/8msSC6XVR9HWfnEDB9tvYtNAaTG.jpg,1.1298,0,0,0,0,0,Rumored,False,,"Drama, Horror, Thriller, Crime",,
1254477,,The Lurker,The Lurker,en,A killer targets influencer couples and forces them to play a sadistic game of relationship trivia based on their socials.,,,/MDFlvsPLc1wf81dwOJm3MX9xJS.jpg,1.1546,0,0,0,0,0,Released,False,/r9nU3OMMSl0U2DzR8LLXBf1cvsI.jpg,Horror,,
1255945,,Witching Hour,Witching Hour,en,Lee Callahan begins to suspect her next-door neighbor is a serial killer.,,,/6A2kyUr55pdG6fV7bbvpcNQcZ6.jpg,2.3393,0,0,0,0,86,Released,False,,"Horror, Thriller",,
1260700,tt31809887,Poohniverse: Monsters Assemble,Poohniverse: Monsters Assemble,en,"When Peter Pan and Tinker Bell assemble an evil team with Mary Poppins, Winnie and his friends assemble a team to face them. Including Bambi, Piglet, Tigger, Owl, Pinocchio, Mary Poopins, The Little Mermaid and many others.",Place your bets.,,/dny3UpmWUXIDi79SuLsQCyvR4Zn.jpg,2.6769,0,0,0,0,0,Planned,False,/sALiNSeB6k0CVwMnbsVnwOq5pI.jpg,"Horror, Thriller, Fantasy",1736901,Poohniverse Collection
1265546,tt31829160,Raymond vs the Mormons,Raymond vs the Mormons,en,"While trying to propose to his girlfriend, Raymond's plans are interrupted by a group of Mormon missionaries.",He sinned his last sin.,,/c4mS5i6oX13m5xGXaZR4MoZcCWo.jpg,2.0348,0,0,1000,0,16,Released,False,,"Horror, Comedy, Romance",,
1266676,tt15447106,Stricken,Stricken,en,A young woman battles to survive the night at an isolated country house besieged by people afflicted with a mysterious and deadly condition.,,,/yQ7Wj4uOWw74TEeW9d6kZKfBquw.jpg,1.3227,0,0,0,0,0,Post Production,False,,"Horror, Thriller",,
1268053,tt31945129,Winnie the Pooh: Blood and Honey 3,Winnie the Pooh: Blood and Honey 3,en,"A prequel to the Twisted Childhood Universe (TCU) Exploring what happened between Christopher Robin going to college and his return to the Hundred Acre Wood. In this installment, Winnie the Pooh, Tigger, and Rabbit are trapped in a circus created by Balthazar Von Woozle, and the three attempt to escape.",Ready for another stab at revenge?,,/ygkhevPstQuu65Aqea03sfxdCoW.jpg,4.0529,0,0,0,0,0,Post Production,False,/sUuaeg2h858XKYVPMEbNo4BKsZH.jpg,"Horror, Thriller, Science Fiction",1079486,Winnie-the-Pooh (Horror) Collection
1273114,tt7843766,Swing,Swing,en,"Abuse is all around us, where do you fit in?  Swing is an abstract , stylized dark comedy about abuse. In this short film, escalating abuse is depicted in familiar situations, highlighting how accustomed we have become as both the victims and perpetrators.","Abuse is all around us, where do you fit in?",,/jAEGst3NQ5mBfEs0hRxSbNDmPl2.jpg,1.3069,0,0,0,0,11,Released,False,,"Comedy, Horror",,
1276226,,Milly,Milly,en,"Consumed with the monotony of her domestic life, a lonely housewife is forced onto tranquilizers to survive her mundane routines and isolation.",Confinment can be a release,,/yZGwoShP4LFwPIhx5mKxQ5nWgRX.jpg,3.5426,0,0,2000,0,9,Released,False,,"Drama, Horror, History",,
1276598,,Connecting,Connecting,en,"After checking into a motel for a quarantine-cation, a young couple desperate to reignite their relationship, finds themselves trapped in a human menagerie designed by a deranged recluse.",,,/nSlXxdeaDEM5m3jetLCh43T8z7F.jpg,1.4719,0,0,10000,0,11,Released,False,,"Thriller, Horror",,
1276834,tt27426870,Apex,Apex,en,"After a mysterious object crash lands in Beatrice's garden, she starts to develop strange abilities.",,,/dJPLnMFb9Bw3ZsHu5mAiK3KUhAp.jpg,2.8924,0,0,870,0,0,Post Production,False,/qvMq0FZmI8i3FQLLS05nJ6tw6px.jpg,Horror,,
1283193,tt10245722,The Collected,The Collected,en,This is the third film in The Collector film series. Follow up to The Collection (2012) by Marcus Dunstan and Patrick Melton.,,,/2QUIrPdUxk8ovHPALWUw44H6PMI.jpg,1.0417,0,0,0,0,0,Canceled,False,/f2xtV56NKtikJ71pYZSaUH9DtYm.jpg,Horror,165369,The Collector Collection
1283739,,The Haunters,The Haunters,en,"Three obnoxious ""paranormal investigators"" disrupt the peace and quiet of a haunted library.",Leave the haunting to them.,,/oq8Odhefdlr1i491oByUT54NMET.jpg,1.8683,0,0,0,0,16,Released,False,/9reTCHuegNDt0396ZmPoYIxF3qy.jpg,"Science Fiction, Horror, Comedy",,
1283946,tt32267009,Flesh of the Gods,Flesh of the Gods,en,"Married couple Raoul and Alex descend each evening from their luxury skyscraper condo to venture into the electric nighttime realm of 1980s Los Angeles. When they cross paths with a mysterious and enigmatic woman known only as Nameless, she and her hard-partying cabal initiate Raoul and Alex into a glamorous, surrealistic world of hedonism, thrills and violence.",,,/tddAELuv5KSIyvWi25fWMIlrSka.jpg,0.9887,0,0,0,0,0,Post Production,False,,"Horror, Thriller",,
1287790,tt6378702,Let the Evil Go West,Let the Evil Go West,en,"A railroad worker stumbles upon a fortune under deeply disturbing circumstances. As horrifying visions and manifestations drive him towards madness, his wife becomes convinced that an evil presence has attached itself to their family.",,,/7IzbUyOpu8qlY1WFNmEt5FTJ51w.jpg,1.0003,0,0,0,0,0,Planned,False,,"Horror, Thriller",,
1289426,,For Siri,For Siri,en,"On a dark winter night a father is faced with an impossible decision. With only hours left to live, he has to make sure to give his daughter the best chance of survival in a post apocalyptic world.",,,/ySc3P3j2cWZvpWzx07o8Z86ORN0.jpg,1.2017,0,0,0,0,12,Post Production,False,,"Drama, Horror",,
1290869,,Unholy Mother,Unholy Mother,en,"A vengeful woman summons a demon, Lilith, to get revenge on the man who assaulted her.",Revenge is best served Demonic,,/4tpZQUPB9yHVBPXwPeCMbOvugzs.jpg,2.4601,0,0,1288,0,6,Released,False,,"Thriller, Horror",,
1291664,,Dust,Dust,en,"A forlorn man spends his days wandering through a cold and bleak house. One night he discovers an enembodied presence in his home. His first reaction is fear. However, he soon gains a sense of comfort from the presence.",,,/u8FiqbFIHF9cR4UNrVoT0VtHZDa.jpg,1.6014,1,10.0,315,0,5,Released,False,/mLc987bsZx7HOtoj7pIgzetwIUE.jpg,"Drama, Horror",,
1292705,tt16750460,Dry Spell,Dry Spell,en,"A group of recovering addicts are taken on a retreat in the desert to work on their sobriety, only to find much more sinister forces awaiting them.",Addiction Was Just The Beginning,,/uoWBO2HNhW9OJMtfvHLDokRjklR.jpg,1.3768,0,0,0,0,70,Post Production,False,,Horror,,
1296192,tt29824863,Happy,Happy,en,"An allegory about the pains of depression and the fear of coming out. Highlighting the challenges that the lead, Jason, faces when dealing with extreme depression and the pressures that correspond in a heteronormative culture.",,,/bTSIBWZcwM97o3hdpO1ezSaVLWR.jpg,1.0495,0,0,0,0,0,Released,False,,Horror,,
1298231,,Frogman 2,Frogman 2,en,,In Loveland Everyone Knows Frogman Fucks,,/j48UXEAGRxL9hK8g95OEs42wmy0.jpg,1.6035,0,0,0,0,0,Planned,False,/14Oi5CfXvOZoZTzj2ZF4o6j8trY.jpg,Horror,,
1300023,tt32508507,Kikimora,Kikimora,en,"After losing her child, Theodora’s home is invaded by a malevolent spirit feeding off her grief, compelling her to reluctantly seek help from her mother.",,,/vTvcMDDNhzuqLScU9ykh3cvrAjV.jpg,1.223,0,0,1500,0,14,Released,False,/93JzdlGrvZFMQCnpEKpnFpichlV.jpg,Horror,,
1305879,,Analog Exorcism,Analog Exorcism,en,"When three friends accidentally awaken a ghost inhabiting a VHS tape, one of them becomes possessed, leaving the others to find a way to stop the haunt.",,,/5IAfL0O8VNh0SrVPp7sAVap32N2.jpg,1.6964,0,0,0,0,13,Released,False,,"Horror, Comedy",,
1308922,,Ingestion,Ingestion,en,"After hitting a new low, depressed artist Isa finds solace in an unexpected way - eating her paint.",,,/3KEVZVB1wwrQ41HcpYw9UeeM5sC.jpg,1.0952,0,0,8000,0,10,Released,False,,Horror,,
1311081,,Piglet Rising,Piglet Rising,en,"Before the blood began to flow in the Appalachian hills, a group of unsuspecting campers wandered onto the ancestral land of a young, savage force. As they realize they are being stalked by the son of a local butcher, will they discover the dark tragedy that forged a monster before it's too late to run?",,,/tE7OrYpeVrf4y7hX9KDa8PtUkHC.jpg,1.4066,0,0,0,0,22,Released,False,/yU3lmVtv9cROQT7IPvT2XrvrH9n.jpg,Horror,1311087,Piglet Collection
1312915,tt32189733,Mothers Legacy,Mothers Legacy,en,Years after surviving a family massacre committed by her mother.  Anna's life changes when her murderous mother dies as she is haunted by her ghost forcing her to question her sanity.,"Like Mother, Like Daughter",,/gAF0VbaRUg18QZDn8HOM9uxpPCW.jpg,3.6928,0,0,0,0,55,Released,False,,"Horror, Mystery",,
1321150,tt32127421,The Mistwood Incident,The Mistwood Incident,en,"Three children disappear from their bedrooms during a lunar eclipse in Mistwood. Hours later, a man arrives at the police station with a VHS tape. He believes that the eclipse has unleashed a malevolent force.",,,/AaMJxovQy0prYjqJMJJSNhdTIMs.jpg,1.1109,0,0,700,0,0,In Production,False,,Horror,,
1321428,tt35603310,Perfect Girl,Perfect Girl,en,"With only four spots available in a new K-pop supergroup and the final cut a week away, the competition is off the charts. When a talented and mysterious new girl is introduced at the last minute, things start to get strange — girls are being hunted and attacked one by one, but who is responsible for the carnage, and more importantly... who will make the final cut?",,,/1Q4jZAsKtHYaxmdyfmuIVArqD3O.jpg,1.7476,0,0,0,0,0,Post Production,False,,"Horror, Music",,
1321883,tt33042320,In a Violent Nature 2,In a Violent Nature 2,en,"Johnny heads to a summer camp, where he crosses paths with a young, outcast camper who is forced to spend the night with his counselor sister and her friends at their annual end-of-season party",Johnny’s back.,,/scxO00Kj3JglUyKYODEywmRM9fx.jpg,1.4444,0,0,0,0,0,Post Production,False,/guFtu81XgzLSnz1orLFpAXwyJ6Z.jpg,"Horror, Thriller",1321891,In a Violent Nature Collection
1325939,tt27525154,Blood/Stream,Blood/Stream,en,"BLOOD/STREAM is a genre anthology film in the vein of ""Tales from the Crypt"" and the ""V/H/S"" franchise. Through six shocking stories, this film combines elements of body horror and folk horror in the digital age.",,,/1taVF1bMEek4p6jTPD9GpvObGgX.jpg,1.1287,0,0,0,0,90,Released,False,,Horror,,
1336730,,Pot Head,Pot Head,en,"Amidst the wreckage of loss, a soul struggles with the devastation left in their wake, grappling with the irreversible impact of their actions and the destruction they can't escape.",Loss lingers. Destruction follows.,,/peFmTJmuUXWSNuv81FvLCcEH3Fa.jpg,1.1521,0,0,250,0,13,Post Production,False,,"Horror, Drama",,
1339105,,Holy Ghost,Holy Ghost,en,A queer relationship falls out of sync as one woman loses touch with what is real and what may or may not be coming to her from the divine.,,,/dTpsDiDths3WsuEEFYYfDeNUgId.jpg,1.2861,0,0,0,0,0,Post Production,False,/3kbRCkI6yzygy3jTXrK7JH54fSu.jpg,"Drama, Horror",,
1341870,tt33270340,Hag,Hag,en,"When James accepts a job as a live-in carer for the elderly Edith in a last-ditch effort to earn some cash, he soon realises not everything is right with the house or its owner.",,,/zeCO9NuVvBjL23FDYSoXxRq7bKX.jpg,1.0214,0,0,0,0,13,Released,False,/zQu4ebzhkgDbxo5uE598pBvKLxm.jpg,"Comedy, Drama, Horror",,
1353377,tt9814562,The Mephistophiliac,The Mephistophiliac,en,A man struggling with alcoholism has an even deeper issue to face as he battles his own demons.,,,/5P5B5YkyGgxk3rizcvcITgawBOO.jpg,1.9461,0,0,0,0,0,In Production,False,,"Horror, Thriller",,
1358519,tt33511423,The Commonplace,The Commonplace,en,"Fledgling vampire Caleb moves to a new city in hopes of change. After being scouted by a stranger, he takes a trip to 'The Commonplace', a self-help group for mythical creatures.",,,/agBRKlINvmzs3aNdZYw1e3kd02u.jpg,2.2052,0,0,700,0,0,Planned,False,,"Drama, Fantasy, Horror",,
1360771,,Chute,Chute,en,"A woman hears a child's cries down a trash chute, leading her into unexpected terror.",,,/aeq0Aah1eznq95bLpYdhRHpnImI.jpg,1.0544,0,0,2000,0,4,Released,False,/bD1Bmr8mbjlBYWnJ5ovh7lWb06Z.jpg,Horror,,
1361298,,Lovecraft Inc.,Lovecraft Inc.,en,"A training video guiding newly employed workers into the work life at Lovecraft Incorporated, the sole manufacturer of the one and only ""Love Potion"".",Thank you for contributing to the master plan!,,/xYVD8MIuUqrhUry6x5DXgOyw4ue.jpg,1.3025,0,0,0,0,5,Released,False,/wwC6sH1eGwVhKjPaOyzIYuOkCqc.jpg,Horror,,
1364616,,Earthen,Earthen,en,"After a personal tragedy, a young woman seeks solace in nature. The comfort this first grants her takes a terrible turn as she realises there's something else in the woods.",Make us One,,/u578JNryWwyLakhZXAQXS0GROxT.jpg,0.9954,0,0,2500,0,19,Post Production,False,/f8uLkXN8Uq1u8jdvJwqPAMpfsaE.jpg,"Horror, Thriller",,
1364964,tt33697911,Dead Girl,Dead Girl,en,"After her untimely death, Dani comes back from the dead on Halloween night and goes on a quest to win her fiancée back.",,,/7YJBkgFvRrzXtGn5CZyAnJb8Aqb.jpg,1.4006,0,0,0,0,9,Released,False,,"Horror, Romance, Fantasy, Drama",,
1367792,tt23744932,Jade,Jade,en,"When a college drop-out buys the motorcycle of his dreams, he awakens something sinister - and sensual.",The ride of your life can be hard to get off.,,/slmSIGD7zQoAxOVqz437oBO7jw0.jpg,1.2775,1,0,0,0,15,Released,False,,"Comedy, Horror, Thriller",,
1373915,tt33073611,Site Unseen,Site Unseen,en,"When a young woman is held captive by a psychotic killer on a remote Australian property, her only hope to save herself is to save his twisted relationship.",,,/vogWJmZtzIt5qCBNGYf6qv4M6Q9.jpg,1.3206,0,0,0,0,0,Planned,False,,Horror,,
1374770,tt28754673,Worlds,Worlds,en,"While investigating an unsolved murder for a documentary, a film crew uncovers evidence pointing to a terrifying phenomenon beyond human understanding. As their search for answers pulls them deeper into the mystery, the crew’s footage begins to document a chilling encounter with something otherworldly lurking just beyond reality.",A mystery beyond murder.,,/xLqSJPQ2ji4o5mfmP0ZR7eaMz9x.jpg,1.5146,0,0,0,0,90,Released,False,/2ucQMwPuJhT7Mt41db05sl25goZ.jpg,Horror,,
1375903,,Deogen,Deogen,en,When 4 friends are celebrating Jackie's recent breakup they end up releasing something that will change their perception of reality...,Be careful what you ask for,,/fAZcp5qLN5NDpgcIe2yYLnJQlxE.jpg,1.2504,0,0,0,0,8,Released,False,,Horror,,
1375908,,Inanimate Objects,Inanimate Objects,en,"Wendy and Jack endure the side-effects of their medication, ReBrace.",,,/jj1IO9YUSLC6FHLXfktNxSlXR4U.jpg,0.9931,0,0,0,0,19,Released,False,,"Comedy, Horror",,
1380088,tt34377825,Brides,Brides,en,"In 1961, Sally Bishop and her husband vacation to Northern Italy, where they get stranded at a remote villa run by the enigmatic Vova, who presides over a household of beautiful, deathless women and their caretaker. As Sally becomes entangled in their world of seduction, violence and illusion, she begins to lose her grip on time and self as her own dark transformation unfolds.",,,/l7FaV1ruYhWggBN4xUEiKjMJtDq.jpg,1.0475,0,0,0,0,0,Post Production,False,,"Drama, Horror, Thriller",,
1380308,,Anastasis,Anastasis,en,"Jove Zacca is living the dream. New house, new butler, and the newly appointed CEO position at famed pharmaceutical and prosthetics company, Lavenza Labs, are all his. But after the company's founder, Victor Lavenza, goes missing, Jove begins to introduce multiple predatory and money-hungry policies. However, someone has arrived to put him in his place. Or more accurately, something...",Remember why you live. Remember why you died.,,/ipD94fdYGxqfVIDw4OkIsmjCMrh.jpg,4.606,0,0,2000,0,10,In Production,False,,"Horror, Thriller",,
1380899,tt34169288,Old Man,Old Man,en,"Howard, a young telemarketer masking as a business tycoon, must confront his unstable identity when the latest victim of his serial killing spree tugs at his heartstrings.",Killing Never Gets Old,,/jpLcSHnhtT0Ok6WMzdYPKqW5ZGn.jpg,1.172,0,0,7000,0,28,Released,False,,"Horror, Thriller",,
1381299,tt34379257,The History of the La Paloma Theater,The History of the La Paloma Theater,en,"Welcome to the La Paloma Theater. Please enjoy this presentation, in which the theater's owner takes you through its luscious history-and nothing else.","Welcome... to the gorgeous, glimmering La Paloma Theater",,/hc3bwFqqTXkiWkNBWvjyTelJ9Pn.jpg,1.2104,0,0,1000,0,11,Released,False,/dTjENxXX6sO8L3ecZEwrbxIDPOh.jpg,"Comedy, Horror",,
1381588,,Separata,Separata,en,"Sara doesn’t know what she’s doing on that casting, but there she is, waiting. What she really doesn’t know is not what will happen in that casting, but what will happen if she doesn’t get out",,,/rqPEq5mHp9IbvZmRGM8gKFHBhL2.jpg,1.0582,0,0,0,0,5,Released,False,,"Horror, Drama",,
1383270,,Doom Walker,Doom Walker,en,A widower receives a letter that alters the course of his life and the marriage he thought he had.,Hell is just a few steps away...,,/1Ce9tlbiXXNwFMw7IJXjmVsO2Us.jpg,1.6457,0,0,15000,0,65,Post Production,False,/fnVTBBP9IzbhzBjhFaBm4NRpc5s.jpg,"Horror, Thriller",,
1383832,,Little Death,Little Death,en,"Martin and Johnathan's idyllic life is torn apart when Martin falls terminally ill, his body rejecting any sustenance. Having exhausted all their options and with Martin on death's door, the couple argue about the only option left.",,,/1egrVqG89StVzoYMbFkjGZd5Xff.jpg,1.4486,0,0,0,0,16,Released,False,,"Drama, Horror, Romance",,
1384202,tt34494894,Hello Neighbor,Hello Neighbor,en,Feature adaptation of the  survival horror stealth game.,,,/9GlDIRqueBbR41Dfw6soCnkyU6h.jpg,1.4273,0,0,0,0,0,Planned,False,,"Horror, Mystery, Adventure",,
1385897,,Re: Julia,Re: Julia,en,"Dan is about to fail a class, unless Shane shares his final paper. Later that night, Dan will receive his friend's assignment, alongside a strange, unexpected email.",Forward. Forward. Please Forward.,,/foiVWnHJZRS5fyIG8Y3ih13Yiv0.jpg,1.2524,0,0,0,0,6,Released,False,/vrmyggluKX32XM1JdzqZIepqXhc.jpg,Horror,,
1386931,,Love Language,Love Language,en,"Pre-med college freshman Emi knows nothing about movies, but when she finds herself attracted to film nerd Leo, she uses her unconventional coping mechanism to connect with him.",Will Emi be able to navigate her overwhelming desires in order to connect with Leo?,,/prPZnbAf0pLDpNxhswkaFrlAWhR.jpg,1.8416,0,0,8596,0,14,Post Production,False,,"Horror, Romance, Drama",,
1393398,tt21950128,The 3 Killer Pigs,The 3 Killer Pigs,en,A local farmer is desperate and does the unthinkable in his attempt to get his precious livestock back. A blood oath is put in place when the killer pigs make their way back to where their nightmare began. Darkness shrouds the farmhouse and its occupants when the three piggies come home.,,,/mfNvQfGDRVp4NWofAtxNaZsLJDq.jpg,0.9837,0,0,0,0,0,In Production,False,,"Horror, Thriller",,
1399806,,No Sleep,No Sleep,en,"Nyx has just graduated, and is looking to rest, relax, and just chill in general, yk? Chill vibes only with this short film.",Just let me sleep!,,/tGXGlk0Mnyu3pUlZsS12DAq2BiY.jpg,1.0481,1,10.0,0,0,14,Released,False,,"Drama, Horror, Comedy",,
1403571,tt34709444,Rough Cut,Rough Cut,en,"An aspiring filmmaker's last-ditch attempt to salvage her college application forces her to reunite with a vengeful frenemy, but their overnight shoot of a local ghost story turns into a supernatural nightmare.",The witches burned. So can you.,,/k860qNMIucU0Kq9h6vgPtP7kUZ1.jpg,1.2257,0,0,0,0,0,Post Production,False,,"Horror, Drama, Thriller",,
1404133,tt33373007,UNBOXING,UNBOXING,en,"Tom, a wannabe streamer becomes the prime suspect in a missing persons case after ordering a mystery box off the Dark Web and a series of incriminating evidence continues to be delivered to his home.  Tom wants fame and notoriety but for none of the work. Desperate for cash and likes, Tom spends all his cryptocurrency on an a parcel from the Dark Web with the prospect to elevate his online profile, @BoxSlave. As more boxes arrive than intended, a macabre mystery entangles Tom in a more personal way than expect. With Tom’s naivety and paranoia getting the better of him, he turns to the internet to help solve the mystery of each box ensuring he gets the validation of likes and subscribes along the way, even at the risk of those he cares most about.",What's in the box?,,/fY6UOCvi96wahADuk6RxK6ggIKV.jpg,1.2377,1,10.0,25000,0,75,Released,False,/uCWlZteHNaghl9JQIa6oJC4igwp.jpg,"Thriller, Horror, Mystery",,
1405031,tt29263108,How to Survive the Wild,How to Survive the Wild,en,An off-grid couple become unsuspecting test subjects for an elite group of Billionaires looking to live forever. ,,,/eF4oWacZ0D09vyKN5TKdJETphmB.jpg,1.11,0,0,0,0,0,Released,False,,"Horror, Science Fiction",,
1416979,tt33077502,Kilter,Kilter,en,A 1990s set coming-of-age horror about a physical monster created from the silence around mental health.,,,/cvLHoMjyWeVjR2L7WOGJDJU2Dru.jpg,2.0965,0,0,0,0,0,Released,False,,Horror,,
1421831,,PERFECT MUTILATION,PERFECT MUTILATION,en,"When the frontman of a metal band takes an unfamiliar drug sold to him in exchange for the lives of his bandmates, he must fight off a drug-induced psychosis as well as the horrific thought of this deranged deal.",The Devil is in the drugs.,,/yJ8qDGJN1nGIdlovs2Q1cltM8GG.jpg,2.1686,0,0,0,0,13,Post Production,False,,"Horror, Thriller",,
1425577,,TAPE '96,TAPE '96,en,"Sydney, 2004. Leo, a young film buff, comes across a mysterious VHS tape while working the nightshift at a DVD store. He soon realises his mistake, upon discovering its contents are obscurely edited snuff films, that only he can see.",Immortal Entertainment.,,/8pM31mPqG2XwxsTuJcwagHlB8uM.jpg,1.0998,0,0,4444,0,15,Post Production,False,,"Horror, Thriller",,
1428068,tt33113354,Zabapók,Dumpy Spider,en,"Tamás is a delivery guy blessed with a great bike but cursed with a wannabe director flatmate, Balázs, who insists on documenting Tamás's nightly routes. As they explore the city's nocturnal landscape, their bond grows, but the project takes a dark turn when they reach a mysterious address, where reality itself distorts.",One address can change everything.,,/abb3WPsrfVI6we8OcmgfC3atJ0P.jpg,1.2014,0,0,150,0,20,Post Production,False,,"Horror, Fantasy",,
1429368,tt31565644,All That Is Evil,All That Is Evil,en,"In the aftermath of a witch's curse, both a sheriff and a widow grapple with the responsibility of protecting an uneasy community from the annual onslaught that plagues their town.",,,/bcjwfPTiiy7bxyWrgcAVZF1TEhC.jpg,1.0473,0,0,0,0,0,Released,False,,Horror,,
1443362,tt35932136,Influencers,Influencers,en,"A group of social media influencers and friends attempt to document and expose a social media serial killer for the fake content that he posts only to find out that they become the content themselves. One by one, they achieve the ultimate fame in twisted ways they were not expecting.",Lets Go Viral,,/6OFBrCcWAwu1yt8IuAyFxip9zUU.jpg,1.0875,1,10.0,700,0,16,Released,False,,"Horror, Comedy",,
1446523,tt36110985,Halloween Store,Halloween Store,en,A group of people find themselves trapped inside a costume store on Halloween night with a mysterious killer on the loose.,,,/mENC5LMpj6krzjPh9Ep13Gqbcu0.jpg,1.2066,0,0,0,0,0,Post Production,False,,"Horror, Comedy",,
1446731,tt31966068,Olga,Olga,en,"Replacing body parts is dangerous. Frankenstein loved it. Olga hates it. Being gender-agnostic means they get to wear whatever they want, but human parts come infused with emotions. Painful memories stuck inside a boy’s left eye set Olga off on a hunt and puts a target on their back.","“Olga is a construct. Frankenstein, Bella Baxter, Sally; Olga. Not as sociable as the video demonstrated.” - Observer.",,/rZSbXZMz1NRBxWxvMzxy5nlD3LG.jpg,1.7833,0,0,0,0,15,Released,False,,"Horror, Fantasy",,
1450808,,Radio Silent,Radio Silent,en,A trans woman reminisces on a past T4T relationship on a night drive.,,,/xblkyi35zRmhBwoy9vMyRLya4Zy.jpg,1.5718,0,0,0,0,0,Planned,False,,"Drama, Horror, Romance",,
1452133,,Stakeout (Short),Stakeout (Short),en,"On a tense stakeout, two weary cops debate the value of their work-- unaware that something sinister stalks the streets… and them.",,,/tVU5bpW8ral9Z8thT2gWm2gKDiW.jpg,1.1658,0,0,0,0,12,Planned,False,,"Crime, Thriller, Horror",,
1456229,tt36316651,The Storyteller,The Storyteller,en,A young woman's writer's block leads her down a dangerous path.,You know the price.,,/hVWWTK5Ul05X0RsSHK9MU2iqxBK.jpg,1.3172,0,0,500,0,10,Released,False,,"Horror, Thriller",,
1457803,tt6214672,Disquietude,Disquietude,en,"A young musician struggles to escape when suddenly stuck in an anechoic chamber, known as the quietest place on Earth, causing her to lose her sense of reality from the sensory deprivation.",,,/7TWYfevVlfBF07SPYzeiJ2dH6KG.jpg,1.0076,0,0,0,0,10,Released,False,/cZrE1r0a2hYanEKaWYenmXmJRL3.jpg,Horror,,
1457901,,Love and Treat Yourself,Love and Treat Yourself,en,"As a man’s life falls apart, he begins to go back to his cannibalistic ways, leading him to a life of blood and gore.",A Gory Horror-Musical Short,,/LQJ4eoNq2woUOwKYpD1Vqw6V6u.jpg,0.9906,0,0,2200,0,12,Post Production,False,,"Horror, Music",,
1458255,,The Erasure,The Erasure,en,"Ernest Racer erratically draws at his desk. When he makes a mistake that his pencil cannot fix, he must take matters into his own hands and become the eraser himself.",Mistakes were made...,,/92BeGp99X00bPBU1QeSEO9sHa9N.jpg,1.2378,0,0,0,0,3,Released,False,,"Horror, Comedy",,
1460419,,Appetite,Appetite,en,"Appetite is a psychological horror-thriller that explores the dark intersection of desire, power, and primal instinct.",A cult of hungry women. A man who never saw it coming. A dinner party like no other. But who's on the menu?,,/fGSa8732SG8epk8ioePJAYGHT5g.jpg,1.6973,0,0,3000,0,15,Planned,False,,"Horror, Thriller",,
1461823,tt34622142,Ancestral Beasts,Ancestral Beasts,en,"In the haunting landscape of rural Canada explores the terrifying idea: what if a severe mental health disorder took on a physical form—a creature lurking in the shadows?  After cutting ties with her toxic sister, Elyse retreats to her ancestral home to rebuild her mental health. But her journey toward healing is derailed when a grotesque creature begins to stalk her. It feeds on her emotional turmoil, forcing her to confront the past she tried to escape or lose herself and those she loves.",,2026-07-23,/ph8wKRq7b2XY04amxJgR9I9T4YU.jpg,1.3936,0,0,0,0,104,Post Production,False,,"Horror, Thriller",,
1463960,,Her Love,Her Love,en,Cathy will stop at nothing to get an apology from the man who broke her daughter's heart.,A mother knows best,,/uOCLE9w4OSECWK00abVzOSXVDny.jpg,1.1645,0,0,5200,0,13,Released,False,,"Horror, Comedy",,
1467612,,The Uninvited,The Uninvited,en,"Newly single college student Zane meets a girl named Sean at a party. Unbeknownst to them, something or someone seems to be living in Zane's shadow.",Are You Truly Ever Alone?,,/xN2wIBwgkYR0LebLdVYPH0ooXCz.jpg,1.5904,0,0,1000,0,12,Released,False,,"Horror, Romance",,
1469060,,DO IT,DO IT,en,"Stuck in a college at night with an ancient wooden box, a group of students face disturbing personal encounters and mysterious disappearances after becoming locked inside the building.",Open the Box,,/6s0upzBVrxwyK7igTcfULbRPP6T.jpg,1.6668,0,0,1006,0,15,Post Production,False,,"Horror, Thriller",,
1469177,tt33990533,FIEND,FIEND,en,A young woman tormented by insomnia struggles to discern delusion from reality as her sleep deprivation reaches terrifying new depths.,,,/6tQ9rjIq9baGZ86MYE1FgruhpGX.jpg,1.3319,0,0,0,0,11,Released,False,,Horror,,
1473370,tt34610141,Erie,Erie,en,Siblings Stella and Oscar return to their Pennsylvania hometown to investigate their sister Iris' unexplained death following a mysterious rise in suicides within the county.,Not all stories are worth telling.,,/brFGjhLEKkp0StokPTiXhlThc5C.jpg,1.8691,0,0,0,0,0,Post Production,False,/8SN3bjSKPcMQclOZ2SHbrJSAzAC.jpg,"Horror, Mystery",,
1474055,,Always & Forever,Always & Forever,en,"Invited to a secluded cabin with her infatuated best friend and her charmingly mysterious boyfriend, a young woman uncovers a deadly family ritual that tests her devotion, forcing her to make the ultimate sacrifice for love.",,,/sZNrLPH96Rz3aohUWGWrD2D8qY9.jpg,1.2561,0,0,0,0,0,Released,False,,Horror,,
1474319,tt36776683,Rapture,Rapture,en,"Monks at remote Lansley Abbey face crisis when plague victims become undead. As refugees seek shelter and infected attack, the brothers clash over helping the sick versus protecting ancient knowledge.",,,/5oarqxmmBQ2I20P1aHmAfZxKPgQ.jpg,0.9975,0,0,0,0,0,Planned,False,,Horror,,
1477517,,Depression Nest,Depression Nest,en,"When a strange bird breaks in and starts cleaning their house, a depressed, unmotivated adult is initially grateful for the weight off their shoulders; but things take a dark turn when the bird reveals her real, sinister intentions.",,,/mm2qKx2EouU40VAqZBZDCtbf68f.jpg,3.1712,0,0,3000,0,13,Post Production,False,,"Comedy, Horror, Fantasy",,
1478348,,Carnivotter,Carnivotter,en,"When a group of old college friends reunite at a remote lakeside cabin, they quickly realize something is wrong—the forest is too quiet, and the local wildlife is missing. Soon, they're hunted by a swarm of mutated, flesh-eating otters infected by toxic waste from a nearby chemical spill. As the blood-soaked chaos unfolds, friendships fracture and survival instincts kick in. With no way to call for help, the group must fight back using whatever weapons they can find—including a chainsaw and a whole lot of rage. But just when they think it's over, the infection reveals it may have already claimed one of their own.",,,/2A5jqGymhdy1bSgZ62MlCsO9ofj.jpg,1.4003,0,0,0,0,0,In Production,False,,Horror,,
1478901,tt37645195,Red Razor On Soft Skin,Red Razor On Soft Skin,en,"A giallo horror film about Benny Lazar, a timid son forced by his mother Moira to get a shave and a haircut from a mysterious barber. What ensues is a Technicolor nightmare of love, hate, betrayal, and self-destruction.",,,/3eUwjLHlkzJl9AiWnhYoxTCjFU7.jpg,1.111,0,0,10000,0,13,Released,False,,"Horror, Music, Thriller, Fantasy",,
1480147,tt35938824,Swipe,Swipe,en,"On the anniversary of their parents' death, a young woman must save her younger brother from a family of sadistic-mute women after he matches with the wrong person online.",,,/tHLhlWOjx5yIJfBkjh0WLaoeqeR.jpg,0.997,0,0,0,0,0,Post Production,False,,Horror,,
1483207,tt32506917,County Fear,County Fear,en,Plot to be revealed soon.,Be careful what you remember.,,/nJIrBh4FVNlvs5j4LdD1D73rasX.jpg,2.9378,0,0,0,0,38,In Production,False,,"Horror, Thriller, Mystery",,
1483267,tt36616351,Wide Asleep,Wide Asleep,en,Petra's world falls apart when a BnB stay with her partner becomes a twisted nightmare.,A short film about a severed head and a failed marriage.,,/a13LFdqHQsuerT1eeWjlcDUYMoL.jpg,1.1697,0,0,7000,0,10,Released,False,,Horror,,
1484294,tt34475582,Vermin,Vermin,en,"Grieving the end of his marriage, a man discovers he isn’t as alone as he thought.",,,/s2v1u5Nc1t9F17xdCql7drMtoxI.jpg,1.1902,0,0,0,0,9,Released,False,,Horror,,
1486872,tt34440721,Filmgirl,Filmgirl,en,"An erotic horror film about Lorena Vazquez; a sociopath, a cinephile, and a serial killer. She is the ultimate femme fatale. She spends her evenings smoking indoors and scouring the internet for promiscuous men.",,,/vWCbuTBmjcjlygl4Bt5hqumrhgn.jpg,1.252,0,0,8000,0,0,Post Production,False,/npRgaOEEkqDIRekfpOTbx8w2hBA.jpg,Horror,,
1492097,tt19304966,Welcome to Paradise,Welcome to Paradise,en,"A woman finds herself in a strange, magical carnival with no memory of anything but her own name. Time seems to be of the essence, can she find her way back to reality or will she succumb to her fantasy?",,,/3WWuQcnv7IijD9UR5qgStYXg9vH.jpg,0.9889,0,0,0,0,0,Post Production,False,,"Horror, Fantasy",,
1496291,tt2209424,Heartsnatcher,Heartsnatcher,en,"A psychoanalyst, newly arrived in a very superstitious village, encounters absurd events.",,,/y0CHGCm5YTZNu2tW3ZVmvFgphI4.jpg,1.5131,0,0,8823529,0,0,Planned,False,,Horror,,
1496989,tt37121633,MARROW,MARROW,en,MARROW is a psychological horror short about a rookie paramedic whose 999 call takes a dark surreal turn.,,,/m4WsbFXPtm2F7JViRQodi4rZoru.jpg,2.2905,0,0,0,0,10,Released,False,,"Horror, Thriller",,
1498218,tt37285985,Stream 2: Sudden Death,Stream 2: Sudden Death,en,"STREAM 2 will further tug on the thread that STREAM revealed and unravel the dark web surrounding a twisted game of life and death, where murderers earn points for creative kills, all while it is live streamed to fans at home who bet on the action.",More blood... More points.,,/v4JaXRwCN6dFMy0GtqX26kF5bat.jpg,1.1104,0,0,0,0,0,Post Production,False,/3viJVNGYq0jhCntFohf6NdFQJD4.jpg,"Horror, Action",1498241,Stream Collection
1501397,,Among Wolves,Among Wolves,en,"Two survivors struggle for their lives in a barren, hostile world, hunted by a past they thought they had left behind.",The world never stopped taking from us. It only took more...,,/2s7755en6uEq2lrsARnrdYGiVP8.jpg,3.3657,0,0,400,0,15,Post Production,False,/3rkegZdRDOZbgt9LyJ5OHzXrhZr.jpg,"Thriller, Horror",,
1502997,tt37137126,Wendehorn,Wendehorn,en,Tara enters forbidden territory trying to find the wendehorn,,,/5rlNNLJv4oGqJpK1M9e5cdjGZgf.jpg,1.4085,0,0,0,0,0,Post Production,False,,Horror,,
1508408,tt37528990,Dealer's Choice,Dealer's Choice,en,"After waking inexplicably in the middle of a forest, Lance Korbin is presented with a game of chance…",A game of chance,,/8QRVnwPcMZja19qELr9lLzfBwPl.jpg,1.047,0,0,300,0,4,Released,False,,"Thriller, Horror",,
1510652,tt36294742,Aria,Aria,en,"A grieving woman enters a dance studio, drawn to an elderly instructor with secrets of his own. Their fragile connection takes a sinister turn as her quiet obsession unravels-along with his past.",You Seem Really Happy,,/mVcHutz4m1WMDVqDg53giipW8LG.jpg,1.2611,0,0,0,0,0,Post Production,False,/vDJmC8s706t8YTYSnaFtsAFKSuo.jpg,"Horror, Drama",,
1514492,tt14490880,CRIMSON,CRIMSON,en,"To accept unity is to deny individuality and sacrifice who you are to the system. Become one, or face the consequences.",Become one,,/1Df6gyv8ic8Rdef3VrXlRSDz55e.jpg,1.0649,0,0,0,0,7,Released,False,,"Horror, Thriller",,
1514571,,Inhuma,Inhuma,en,"After pulling the plug on his father, young Si Wang must honor an Asian tradition of sitting vigil with his deceased father's corpse for one night, but breaking the cardinal rule of the ritual—leaving the house—unleashes a malevolent supernatural entity called the Inhuma.",Some traditions are worth dying for,,/i1d6MaVoAI3l2zdh3EgVHxAtCwx.jpg,1.9817,0,0,15000,0,0,Released,False,,"Horror, Drama",,
1515047,,Camp Hardwood,Camp Hardwood,en,A group of horny dudes deal with their wood and a not so horny dude with an axe.,Too Much Wood,,/s3TqyFTmwpcAMXmjDxpGdzXWJZa.jpg,2.0195,1,10.0,69,69,5,Released,False,,"Horror, Comedy",,
1517023,,Wired,Wired,en,"A Saw fan film. In a college town plagued by mysterious disappearances, a broken Samantha, haunted by her sister's disappearance, begins to uncover the mystery when her sister's friend Rachel emerges as the lone survivor of a sadistic killer's deadly game.",,,/e933DM4Bsg64bG1uR6vWPUUj0Sv.jpg,1.0186,1,10.0,900,0,20,Released,False,,Horror,,
1517733,,Rot.,Rot.,en,"Over the course of a sleepless night, a young father grows consumed by the fear, that the mold in his apartment is not only sentient, but has dark designs on his family.",Up All Night.,,/qDfbl5fmcx9xC1BQ1YbYfrcUd0U.jpg,0.9928,0,0,16,0,6,Released,False,,Horror,,
1518467,,Psyche,Psyche,en,"On a remote Greek island, a young American backpacker’s chance encounter with a dangerously seductive woman draws him into an illegal archaeological dig.",Embrace Obsession.,,/mTwGSzwsYTAC45WYxvdUVaOVgKV.jpg,1.6209,0,0,0,0,0,Post Production,False,/hOSJ7LSgm2qK3bgZPNpI99KqybM.jpg,"Thriller, Horror",,
1519851,,Order In,Order In,en,What Nora expects to be a typical October evening becomes far more sinister when a mysterious figure enters her home.,Hunger Kills,,/wcH7DoKxsC3WIuknfoKy5BdyqrK.jpg,3.653,0,0,5,0,4,Released,False,,"Horror, Thriller",,
1520771,,Ghost Ship,Ghost Ship,en,"A woman who died at sea centuries ago has been waiting in the shadows of her 19th century family owned ship for her lover to return to her. Until one day, Josh, takes on a job as tour guide of the 19th century ship. He begins to see images of a beautiful woman and believes the ship is communicating with him but it quickly turns sour as he is haunted by a strange apparition - The Wraithe.  She believes Josh is her lost true love and tries to claim him for herself, putting Josh and any woman close to him, in mortal danger.",,,/nDLUMQT0rwSVKniEXLi2YuncC4w.jpg,1.4884,0,0,0,0,91,Released,False,,Horror,,
1527070,,Kansas City,Kansas City,en,"Parker and Bianca, two young adults, experience the unraveling of their relationship as Parker develops a deluded sexual obsession with erotic online personality Kansas Fox. As his obsession deepens, he believes she is digitally following him wherever he goes and communicating with him by any means possible.",,,/jr2UhNRzRTHHLhjROZxveVy8Hk8.jpg,1.5478,0,0,4000,0,18,Released,False,,"Drama, Horror",,
1528388,,The Golem,The Golem,en,"In 17th century Prague, a young boy facing persecution seeks help by reviving the ancient legend of the Golem",,,/lVnwYxgDDWO3Y6lKtwmwGdpcZKT.jpg,1.168,1,10.0,700,0,8,Released,False,,"History, Horror, Fantasy",,
1528794,tt35890187,Pumpkin,Pumpkin,en,"In this homage to classic horror, Tommy and his friends find themselves hunted by a mysterious jack-o-lantern-obsessed serial killer. But through Tommy's regular therapy sessions, it becomes clear that something in this horrific tale does not add up. But he can only be certain of one thing... he's still there.",He's still there,,/bylb4sHWo50bTo07gbj5UAMXFRT.jpg,2.7105,0,0,0,0,20,Released,False,/aPFDPMrOKmNSsE5tpU2HzrrFPqD.jpg,Horror,,
1529709,tt36825711,Cake,Cake,en,A man questions everything while on a cake-themed game show,Cut Deep To Find Out,,/5twBXhVB97ssnI1izSH9Od5nfRo.jpg,1.0305,0,0,0,0,5,Released,False,,"Comedy, Horror, Thriller",,
1530111,tt34134445,Disruption,Disruption,en,Alex and Linda have been married for one perfect year. On this night they are celebrating their anniversary until an unexpected guess changes their plans. All they wanted was a romantic night out that ended in a romantic embrace. Unfortunately this dream night turns into the nightmare they feared.,Date Night Fright Night,,/zGmHzz8q4gERxF7eSOI5Ze6nuJf.jpg,1.5731,0,0,0,0,0,Released,False,,Horror,,
1532427,tt12531272,Corgis 2,Corgis 2,en,"Jack is under a lot of stress with his computer job but add a Corgi dog phobia to the mix and you'll understand why his wife, Diane, wants a divorce.",,,/6qWQrT6TrxcfkMkHrCAvJHk8Oet.jpg,1.2151,0,0,0,0,7,Released,False,,Horror,,
1533562,tt37255962,Spawn of the Living Dead,Spawn of the Living Dead,en,"The 1968 zombie plague is ending. The living dead, eaters of human flesh who are lurking in the Evans City Cemetery, are being gunned down and burned by an armed posse led by Sheriff Ken Johnson and Deputy Jeff Sanders. Dr. Harold Ormsby is also on the scene with a team of white-coated laboratory assistants, collecting zombie specimens by shooting them with immobilizing darts, the same way wild animals are captured for zoos. Their mission is to carry out experiments on the undead in hopes of finding out what caused the plague and how it can be cured.",,,/2dgyfhoDquhMs5geJ227jTlCcHD.jpg,1.0044,0,0,0,0,0,Planned,False,,Horror,,
1533563,tt36294852,Organism 46-B The Unseen,Organism 46-B The Unseen,en,"Trapped beneath four kilometers of Antarctic ice, scientists awaken an ancient predator, a shape-shifting horror who mimics its prey and controls the mind. Paranoia sets in, survival is now not just about escape…but knowing who to trust",,,/uHUnSOGKLTYpAdchME6H7OusYOu.jpg,1.0336,0,0,0,0,0,Planned,False,,"Horror, Science Fiction",,
1534061,tt38066158,The Young People,The Young People,en,"Centers on a couple of school friends, one of whom starts to develop red flag behavior.",,,/AgdCv5eXc1FkEKPx2DSKT7ehzGM.jpg,1.9963,0,0,0,0,0,Post Production,False,/we0IHuHK17Bj8K7BJGDzzzOecbC.jpg,Horror,,
1534164,,Inebriated,Inebriated,en,"To rescue her possessed boyfriend, Vanessa must confront her demons, beginning with her parents.",,,/nu0C41wRAI7HEmndb0tuW0CofS4.jpg,1.7117,0,0,0,0,11,Released,False,,Horror,,
1535650,tt37632713,What We Buried (PoC),What We Buried (PoC),en,"Three friends return to their childhood camp, where a long-buried secret begins to resurface.",Some things don't stay buried.,,/5aglx6atR3bR9VBByJ9n1LTDTSL.jpg,1.2066,0,0,2000,0,0,Post Production,False,,"Thriller, Horror",,
1536266,tt35890168,Obscura,Obscura,en,"A psychological horror short film about a desperate photographer who directs a feminist photoshoot to save his tarnishing reputation, but when the consequences of his past manifest in horrifying ways, the shoot spirals out of control.","THE PAST DOESN'T STAY BURIED, IT HAUNTS.",,/n1IANKNmEwk3RTTd0IGtK8SqUst.jpg,1.993,0,0,0,0,14,Released,False,,"Thriller, Horror",,
1538112,tt15333570,Berenice,Berenice,en,Adaptation based on the short story by Edgar Allan Poe.,,,/hdxwfNjjy54V4RomWd0rrLEhArc.jpg,1.5867,0,0,0,0,0,Post Production,False,,Horror,,
1540936,tt38120758,Anything but Ghosts,Anything but Ghosts,en,Two con artists operating a fake paranormal investigation business are pulled into a terrifying nightmare after encountering a real dark entity at the home of a family.,,,/hJF4Eb5gPDbH3SVqFHtzbpgveBG.jpg,1.509,0,0,5000000,0,0,Post Production,False,/6fgiG1e8zu7FHG7Wckp8I8syDtC.jpg,"Horror, Comedy",,
1542531,tt33063766,Dangerously Pointy,Dangerously Pointy,en,"At the crossroads of college and adulthood, Simon struggles to keep his best friend while a bite begins changing Simon into something dangerous.",,,/v1XDDqIR9eThpfs4kYd6OvQZoAr.jpg,1.1241,0,0,4000,0,15,Released,False,,"Drama, Horror",,
1544212,,Channel 9,Channel 9,en,"An anthology project that emulates flipping through the channels in the early 2000s. Featuring films from Ashley Allen, Jonathan Heatley, Jake Hirsch, Montante, Ty McClellan, Cleon Ony, Richard Roberts, Quin Terry, Talissa Wright, and Anatoly Yashin.",This one's a showstopper!,,/pm5Cdt7rvFzUfnP1l8Zj1jpXT2d.jpg,1.7885,0,0,900,0,81,Released,False,,"Horror, Science Fiction",,
1544264,tt42003732,Dark Skulls,Dark Skulls,en,"Follows a former Viking warrior whose daughter disappears, leading him into a spiraling mystery involving ritualistic killings marked by cryptic sigils, paranoia, myth, and buried guilt.",A VIKING SAGA.,,/oCmteSJgAMH8CeP5imjjcmYbkmV.jpg,1.7304,0,0,0,0,0,In Production,False,/b0iADLczK51ZAYmNDGG0KVPUArY.jpg,"Fantasy, Horror, Thriller",,
1544418,tt34772724,Irish Son,Irish Son,en,"Deep in the Irish countryside, a lost runner stumbles upon a remote cafe where he meets a charismatic stranger.",Have you heard of the little devil from the country?,,/thJtQwtU67MLKUiYHDle18MbrgI.jpg,1.03,0,0,6000,0,15,Released,False,/iO7zwleJ38UZcOC4SzlhlKGrW14.jpg,"Thriller, Horror, Mystery",,
1544428,tt38566845,Haunted Basement,Haunted Basement,en,"A young boy discovers a monster living in his basement, but when his parents insist nothing is there, he must face the nightmare alone.",Enter...if you dare.,,/qIjM07TMHWazAKU70VvqSaCLVbP.jpg,1.5869,0,0,0,0,10,Released,False,/fiYNDv15qHDWi5QdZvGouWTLdmV.jpg,"Horror, Fantasy",,
1544754,,Something Unforgivable,Something Unforgivable,en,"After beating a man to death for talking and chewing obnoxiously in a movie theater, Vic starts to see visions and is pushed deeper into his own psyche. Will he make it out unscathed or do his inner demons require a pound of flesh?",,,/8sYpdGI5ABOTkv5qCnscMRVpr7b.jpg,1.8721,0,0,0,0,9,Released,False,/nupN01Wx3kDUwn8zEnqZzQVYATe.jpg,Horror,,
1546937,,Elsewhere: A Place For Girls Like You and Me,Elsewhere: A Place For Girls Like You and Me,en,"In the confines of a religious 1980s suburb, two teenage girls craft a theatrical rebellion against patriarchal violence.",,,/rpIFAZ2vN1Maby2F77scDQSIAYB.jpg,1.2891,0,0,0,0,15,Released,False,,"Horror, Drama, Thriller",,
1549856,tt39981328,Tapeface Kills,Tapeface Kills,en,"Eric is a young man battling blackouts and a violent alter-ego, Known as Tapeface, a masked killer driven by rage. Then as Eric tries to hold onto his sanity through a budding romance, his dark side grows stronger and deadlier.",Unleash your true self.,,/bO53JHqidu4QptaduY8m77Tbz4H.jpg,3.8661,0,0,4000,0,0,In Production,False,,Horror,,
1551563,,Hostile Architecture,Hostile Architecture,en,"Grace has been recently evicted by her queer housemates, and Billy is stuck living at home with his family. They rent an extra-dimensional room to hook up in, but when the room itself turns on them, the lovers must decide if there’s any space for them in the city outside.",,,/sZK80QKQPV0wIwyaTgjnaxmWjXK.jpg,1.9476,0,0,0,0,0,In Production,False,,"Romance, Drama, Horror, Fantasy",,
1552393,tt31228831,Low Midnight,Low Midnight,en,"As a young bandit makes his great escape from the law, he realizes there is more than the law hunting him.",You can never outrun your past.,,/222vR7yGWI1rlg36viCg1aD3cpm.jpg,2.2511,0,0,0,0,36,Released,False,/nZbGczqAQphRUzU9FBxVSS6HHhu.jpg,"Western, Horror",,
1554615,,Replicon,Replicon,en,"Harriet, a seventeen-year-old girl with a gruesome supernatural ability, attends church camp in the summer of 1991. When her youth pastor discovers her strange talent, she is thrust into an illicit relationship which threatens devastating consequences.",,,/jZR72OpwLj8x6SiGYViK8vrYVy4.jpg,1.1154,0,0,0,0,15,Released,False,,Horror,,
1555172,,Car Stuff,Car Stuff,en,A steamy first date is interrupted by a paranormal interloper.,,,/oeVhFVCkwsOzVi22u0VXAkxRrsQ.jpg,1.0459,0,0,0,0,6,Released,False,,"Horror, Comedy",,
1556063,,The Visitor,The Visitor,en,"A failing actress is haunted by a silent double that seems intent on taking her place—forcing her to confront what it means to be seen, remembered, or erased.",Identity is a dangerous role.,,/yS9aofYWitehjHkwobZFgEIQAo9.jpg,3.8217,0,0,0,0,9,Released,False,,"Horror, Drama, Thriller",,
1558000,tt32546911,Man Baby,Man Baby,en,"When David finds out his girlfriend is pregnant, his penis falls off. To be deemed mature enough to have it reattached, he must complete a 5-step programme of self-improvement whilst simultaneously being stalked by a mysterious creature.",The horror of manhood.,,/qHLJUjxKfeLNs8MGfgOcRZyW89m.jpg,1.0771,0,0,0,0,79,Released,False,,"Horror, Comedy",,
1558839,tt34333434,Frogman Returns,Frogman Returns,en,"There’s unfinished business in Loveland. Dallas, Amy, and Frogman are back to settle the score in FROGMAN RETURNS.",Only the faithful… will be rewarded when…,,/wu3f5bI0SiLZYRDPFejxrm2wToi.jpg,4.3034,0,0,0,0,78,Post Production,False,/be6arHqWjhWQBjxasqd0B2JU7Tf.jpg,Horror,,
1559986,tt29745458,White Devils,White Devils,en,"When the executor of a will comes to investigate why a once prosperous South African homestead has turned to rack and ruin, he uncovers a dark secret buried in the evils of Apartheid putting his own life in peril.",Some demons have a human heart.,,/eaezgaAzqnL1b3t40Np47ZKdyEb.jpg,1.411,0,0,0,0,95,Post Production,False,/g3ughfQ1bXUhS24HOkQ3VxGBSqb.jpg,Horror,,
1561316,tt38652411,Hangman,Hangman,en,An action horror directed by Ross Peacock,,,/e8PNQZDIEcT3TkZJUFf6vLrkblW.jpg,1.9865,0,0,0,0,0,Released,False,,"Action, Horror, Thriller",,
1561575,,Missoula,Missoula,en,"Based on true events. During the height of the Satanic Panic in 1980s Montana, a late-night hunting trip leads three teenagers into the heart of something evil lurking within their small town.",,,/h9jMIRs8pMUl6u42O2P8dqFQuTo.jpg,1.541,0,0,0,0,5,Released,False,,Horror,,
1561645,tt39380092,TRAINTRACKS,TRAINTRACKS,en,"A film director and sound designer discover a disturbing sound cue hidden in the mix of their short film, forcing the director to confront demons from his past.",The last thing you'd want to hear.,,/lmKYm1fKXXg65zQmvb3ipI5DYBe.jpg,2.0159,0,0,3000,0,16,Post Production,False,/dPp9K96jMgiMKW3v1mUm1eVKSnd.jpg,"Horror, Thriller, Mystery",,
1563362,tt38687739,Basement Dweller,Basement Dweller,en,A satirical domestic tragedy about a fangless vampire and his dying mother who's long enabled his strange condition.,,,/sKQFmaLG4XvqAt570C8n3kShRM2.jpg,1.8323,0,0,0,0,15,Released,False,,"Comedy, Drama, Horror",,
1564836,tt29482856,Outen The Light,Outen The Light,en,"Teenaged Rachel lives isolated with her mother in the heart of Pennsylvania Dutch country. Desperate to learn the faith healing craft of Braucherei from her reluctant and devout Mudder, her rambunctious spirit and love of death metal drive her to question her mother’s strict and overbearing methods. In search of a teacher, she connects with the spirit of her dead Oma who introduces her to the forbidden craft of Hexerei… and reveals a dark family secret: a hungry Wight who feeds on grief has haunted her family for generations. Now Rachel must find her own spiritual path to save herself, her family, and her beloved familiar, a cow.",Ancient rites meet modern challenges when Rachel discovers a mystical family secret kept from her since birth,,/c1ZFnhZvCIwKlWLyLbWDyjolOTW.jpg,1.0061,0,0,200000,0,97,Post Production,False,/sENpKeA5joCTr128IgkzpcH0NGA.jpg,Horror,,
1564921,tt30216807,Red Rain,Red Rain,en,"Stranded on an isolated desert road after his car breaks down, a young man seeks refuge in a mysterious stranger's home, only to uncover a chilling, paranormal secret.","In the beauty of all things, an equal amount of horror can be found",,/fjm2H0bbvzpwdeDMYIJtTF4R3fU.jpg,3.0624,0,0,8000,0,48,Released,False,/7k7yLeiUXNO2jCt65ps0TNJ8qT1.jpg,"Horror, Thriller, Fantasy, Mystery",,
1566999,,X63,X63,en,"When a series of unmarked VHS tapes begin circulating, two detectives uncover footage too disturbing to explain.","Two detectives investigate a set of VHS tapes containing gruesome self-recorded footage, only to realize that watching may be more dangerous than what’s on the tapes.",,/tNz0uLnJk6vP13UPbA9Vi332nDP.jpg,1.2073,0,0,0,0,5,Released,False,/6uSYkb1ojfN6ZW46Ev1ckyiTBXX.jpg,Horror,,
1567770,,Threshold,Threshold,en,"Ruby agrees to spend a night with her volatile partner Michael and his friends in a remote, abandoned barn. What begins as a reckless, drug-fueled evening slowly unravels as the house seems to twist and feed on their toxic bond. Paranoia grows, reality fractures, and Ruby is forced to confront both Michael's control and the darkness that has consumed her life for years.","Lured into a drug-fueled night with her volatile partner in an abandoned Barn, Ruby finds the walls closing in as the house twists their dysfunction into something far more sinister.",,/rtqkUv2yGhvYAEPXFfJsDdcvzdX.jpg,1.4498,0,0,25,0,65,Post Production,False,,"Horror, Thriller",,
1568436,tt37598375,Disorderly,Disorderly,en,A man recently diagnosed with cancer takes the plunge into vore.,,,/v16a1uIxEaxJF2gVMRlqKqs4zD5.jpg,2.3391,0,0,0,0,0,Post Production,False,/aAQ8b2luXMEyGAmWG4eqVNKlw7e.jpg,"Comedy, Horror",,
1568561,tt31956111,Immortal Reflections,Immortal Reflections,en,"The main theme is fear of death where our protagonist, Elira, chooses to embrace it in hopes of liberation, but when challenged by a spirit who prefers to stay in fear as a way to feel alive again, she wonders if there is any escape at all.",,,/zAFInMnrYcbq18m4zRFkyvQra5j.jpg,1.742,0,0,0,0,10,Released,False,,"Horror, Fantasy",,
1568832,,Motel Aphrodite,Motel Aphrodite,en,"A young couple spends a night at Motel Aphrodite, but finds the service leaves something to be desired.",,,/34MyAXWcp492onK1ajRVcApx5Qe.jpg,4.064,0,0,1,0,12,Released,False,,"Horror, Romance",,
1569944,,GUILT,GUILT,en,"In a therapy session, a man delves into his self destruction and the ghost he can't seem to shake.",,,/q37XdiG0JqIzuNIBb7AzgDL1aXn.jpg,1.1541,0,0,5000,0,8,Released,False,/3H3G96UsKyVmfj825qhxX4NDCgs.jpg,"Drama, Horror",,
1573023,,Stud Muffin,Stud Muffin,en,A dark comedy-horror exploring the perils of toxic masculinity and the male gaze...,An awkward loner finds himself in grave danger when he ingests a potion that renders him irresistible to the opposite sex.,,/4tKtse1KmFNae3aPxatodBfGQ1i.jpg,2.5969,0,0,19000,0,18,Post Production,False,,"Comedy, Horror",,
1573791,tt37038718,Echoes from the Midnight Mansion,Echoes from the Midnight Mansion,en,"A writer finds six bone-chilling tapes in an abandoned mansion that unleash horror, pushing the boundaries of suspense, mystery and fear to the extreme.",Make yourself at home.,,/kG2haZZXWSzECu6b4CODwY4Yd85.jpg,1.0239,0,0,0,0,0,Planned,False,,"Mystery, Horror, Thriller",,
1573922,,Thumbtack,Thumbtack,en,"After her twin brother goes missing, Maria uses a thumbtack to telepathically communicate with him.",Was it all for nothing?,,/tuexE1pIcRrTSQQkVb76duOXOCR.jpg,1.0255,0,0,0,0,12,Released,False,,"Horror, Drama",,
1575046,,SCREAMWAVE,SCREAMWAVE,en,Six friends travel to a remote cabin in the mountains and discover a mysterious board game.,,,/kW1WQvX9MhdNPNunYhlkInxO5qu.jpg,1.4089,0,0,0,0,0,Post Production,False,,Horror,,
1577345,,Sound of Silence,Sound of Silence,en,"In 1970s Greece, two young women free a military raid and take sanctuary in a mysterious convent.",,,/j6eO8GsRxC7HZFSfjpydixrMJus.jpg,1.2432,0,0,0,0,0,In Production,False,/vJ22zPQvxphj7hUHdSxX2aYlagQ.jpg,Horror,,
1578645,,Doorman,Doorman,en,"On a first date, a young woman gets herself entangled with a man who is desperate to stay in her life no matter how far he has to go.",I want to be in your life.,,/sOO1Gt1XaSJm0r6OraFn8roW68D.jpg,1.1883,0,0,3000,0,11,Released,False,,"Horror, Comedy",,
1578660,,Dolls of Mount Mary,Dolls of Mount Mary,en,"At an isolated Catholic boarding school, an intelligent student uncovers the secret of a new textiles teacher using sinister methods to control the minds of those around him, this pushes her into a disturbing fight for her freedom and survival.",,,/dOSTnJGKz1t5T3Bvpt7SDVL3q3o.jpg,1.4984,0,0,0,0,8,Released,False,,"Thriller, Horror",,
1578897,tt37969345,Unhinged,Unhinged,en,"After a bad date, desperate Marvin matches with a seductive stranger, but as the night unfolds his awkwardness blinds him to the danger lurking behind her allure.",Craving connection in a world of deception can be deadly,,/iC1Z3TydKYsvJKxlx4mvv8LzQaW.jpg,2.4117,0,0,429,0,7,Released,False,/eXzlFIqKklMdv73N5y28ivQ88xk.jpg,"Comedy, Horror",,
1578918,,Preservation,Preservation,en,A pair of researchers are confronted with strange phenomenon while attempting to 3D scan a sinking island off the coast of England in the midst of its evacuation.,A pair of researchers are confronted with strange phenomenon while attempting to 3D scan a sinking island.,,/vYVX2dQmF8HczxZhyMKObWXlIaC.jpg,1.1903,0,0,0,0,14,Released,False,,"Drama, Science Fiction, Horror",,
1580812,tt38945939,Sharknado Origins,Sharknado Origins,en,Plot TBA. Prequel to Sharknado.,A storm is coming...,,/ppYP62CFGmLO47x2ZNIeT3piy9B.jpg,1.2092,0,0,0,0,0,Planned,False,/twdTcIGTGTPi32idPMTrHNZ0fUa.jpg,"Action, Comedy, Horror",286023,Sharknado Collection
1581378,,The Ripper Case,The Ripper Case,en,"Two detectives interrogate a potential murder suspect, but end up with more scars than answers.",,,/pnA1wfeh5JuRoHGuRj79Q7gWJAe.jpg,1.1415,0,0,1000,0,0,Post Production,False,,"Crime, Horror",,
1584032,tt38960630,Puppy,Puppy,en,"When a woman returns to her childhood home to care for her father, the stuffed animal from her past-once a source of comfort-becomes a haunting conduit for unresolved grief, guilt, and the terrifying possibility that a past family tragedy is repeating itself in the present.",,,/50Bu3Rq02jJLAhqWThtuj43BbOO.jpg,1.451,0,0,0,0,25,Released,False,,"Drama, Horror",,
1586823,tt38611973,The All-Nighter,The All-Nighter,en,"On the final night of summer at Camp Emberpine, a group of teens enters the legendary all-night treasure hunt they've spent years dreaming about — only to discover the game has become something far more dangerous than anyone imagined.",Grow up. Before the sun comes up.,,/q7lWWQVJ5zXJgKihmmxY4qZdXHG.jpg,1.0323,0,0,0,0,98,Post Production,False,/9QvorEonwTYSV9dZDIBFZLsZm0D.jpg,"Adventure, Horror, Thriller, Mystery",,
1587090,tt39028321,Clever Pig,Clever Pig,en,"Two friends, Albie and Ambrose, ramble about the drunken misadventures of the former during a cold winter night.","YOU FILTHY, DRUNKEN PIG.",,/9rnd4IJ2BqP8TzmitqEQaPRAGgQ.jpg,1.0435,0,0,2500,0,17,Post Production,False,/1O1Mfku19WFC6cpvTqqNtfuG1zC.jpg,"Horror, Mystery, Thriller",,
1587630,tt38882388,Marge,Marge,en,An accidental pregnancy thrusts Sadie into her memories of being raised by a serial killer.,,,/JQv9BlbVRq6qAw29rvR6GdtiUS.jpg,2.1435,0,0,0,0,15,Post Production,False,,"Horror, Drama",,
1588809,tt35409353,Amelia,Amelia,en,"A small, quaint village is terrorised by a series of unexplained deaths. Unbeknownst to the villagers, a malevolent entity has taken residence. Will it be stopped in time?",,,/fT8QazAg8L2BOYtVIEL1jlpBkpz.jpg,3.3097,0,0,5000,0,0,Post Production,False,/dulEZDwXHXzbfDca7YgQNAey2Gz.jpg,"Horror, Thriller",,
1590554,,ammo 2051,ammo 2051,en,"In a predatory future, TRINITY GRANGER escapes the elements of the outside world and seeks refuge in a technological body-altering operation that will forever change her body and mind.",Join us.,,/a9QaXuMR5hTRVlH3PmIuUFdY1ci.jpg,1.5118,0,0,0,0,3,Released,False,,"Science Fiction, Horror",,
1591126,tt39086931,Portrait of God,Portrait of God,en,A religious girl must come to terms with her faith when she analyzes a provocative painting of God.,,,/8KFZwwIoh5zoMl1WxEXWhYlp53Y.jpg,0.9935,0,0,0,0,0,Planned,False,/wg4KFiTdGSwdCVU6EaThmO7d7XX.jpg,Horror,,
1592702,,STUCK,STUCK,en,He needs to be helped out.,,,/v1451SoKMqbRruaPV6Y8cl3tC2n.jpg,1.9288,0,0,0,0,1,Released,False,,Horror,,
1595158,tt33494870,Goetic,Goetic,en,"After his wife's murder, a man conjures a demonic entity, setting in motion a dangerous quest for vengeance.",,,/8IqpVKkkF1qC9AUj4IgnzI3IkdF.jpg,1.8434,0,0,0,0,110,Post Production,False,,Horror,,
1597906,tt37997441,In The Earth,In The Earth,en,"A grieving couple retreats to the countryside, only to discover the woods around them hold a dark, ancient presence - bending reality, memory, and identity in a haunting battle for survival.",,,/4FIRF29LoSwyCdqzrHtJBYTDP3s.jpg,1.0244,0,0,0,0,0,Planned,False,,"Thriller, Horror",,
1598241,tt13775894,PandaMonium: Incorporated,PandaMonium: Incorporated,en,"There exists an underground corporation with which one can hire a serial killer to do their dirty work, but these Psychos for Hire are about to meet their match. Plot TBC.",,,/DNQ7wTUGDhzD08UMBQhwbNj4HN.jpg,1.2035,0,0,0,0,0,Planned,False,,"Horror, Comedy",1622766,PandaMonium Collection
1599392,,Godmother,Godmother,en,"Theo and her boyfriend Colby head into the High Desert for a romantic weekend, only to have their plans slowly encroached upon by a pair of unsettlingly friendly retirees with dark designs for her.",,,/gWIcO1WQmKmfiAaSfzHozUceHAt.jpg,2.0587,0,0,0,0,0,Post Production,False,/nJSQnAHGHbZMVVD71Z2n2I1lgRQ.jpg,"Horror, Thriller",,
1600679,,Double Crossed,Double Crossed,en,"Starring Laura Giglio as Jacklyn who gets away with the murder of her father with the help of her accomplice Curt (David Lee). They meet to celebrate, only to have Jaclyn double-cross him, and poison him. But Curt comes back to life with the help of the spirit of “The Executioner” and gets his revenge against her, but not before he makes her suffer for what she did.",,,/8H6rJTp56pvW2lTDfbE9Qcu8f5W.jpg,1.0802,0,0,0,0,30,Released,False,,"Horror, Thriller",,
1601660,tt31194443,The Tide,The Tide,en,"When a mysterious fog interrupts victory celebrations aboard a homebound train, Private Park and his fellow soldiers discover that their war may not be over.","Belgium, 1945. Eight days after Nazi surrender.",,/qHKRT9CmHYdiv0M3TktkdRHNBOH.jpg,3.9937,0,0,0,0,11,Released,False,,"Horror, Thriller, Science Fiction",,
1602267,tt37543009,The Ungrieved,The Ungrieved,en,"Seven years after his son's disappearance, a father returns to his mother's house, where the tragedy unfolded. As he confronts her fading mind, he questions his own memories as his family must face the truth and trauma that haunts them all",,,/xSk72KwKNRXU59IDq0N2u0dFsea.jpg,1.8964,0,0,0,0,0,Post Production,False,,"Horror, Mystery",,
1602352,,Lidah Api,Malevolent,en,"A construction worker, arrives at a house he is assigned to demolish, only to have the place reopen the shadows of his past.",,,/pcdVTwbXkOtUhk62I4ppCHJFzhl.jpg,1.4731,0,0,0,0,18,Post Production,False,,"Drama, Family, Horror",,
1603584,tt38356734,UN-DEAD,UN-DEAD,en,"A zombie outbreak is ruining Jane's first day at her new job, but she does something crazy and unexpected that changes everything.",Survival doesn't have any dietary restrictions.,,/s4qtwCi8yc1c92d1jTG1tg4HK2i.jpg,3.8582,0,0,20,0,10,Released,False,/5DVZnTyCjPm0hvo3YJA6uzg9sMC.jpg,"Horror, Comedy",,
1605094,tt38916280,Beliath,Beliath,en,"While reporting on a brutal murder, a small-town TV crew uncovers a hidden cult whose secrets were never meant to be filmed.",Their last story was never told..,,/dgeSX7UDYAPSJDQaLOzm5EQ8jrT.jpg,2.3878,0,0,0,0,0,Post Production,False,/k0oeZ2ox9yjhkJDl8DHIiyk6wkF.jpg,"Horror, Thriller",,
1606318,,Deserted,Deserted,en,A young woman and her best friend take a road trip in hopes of a fresh start.,,,/rahIrzq9qn0z28ZzlHihqc8tG9G.jpg,1.0691,0,0,300,0,12,Released,False,,"Horror, Adventure, Drama",,
1607698,tt37024053,Babybacks,Babybacks,en,"After being rescued by an older migrant-friendly couple, two young lovers from Mexico find themselves living an inescapable nightmare.",They sought refuge but stepped into a nightmare,,/777USMw58Oah2hg0MuyFStgt49f.jpg,5.4772,1,10.0,0,0,94,Released,False,/7NI7l5RdQjXRDjMeJNLjz0aj17J.jpg,Horror,,
1609153,,The Flare,The Flare,en,"A girl leaves a party and bikes home through empty streets. The lights flicker. The faces of men change for a split second. She keeps going, unsure what is real.",Safety feels distant at night...,,/2EswV9ksMMFe5wG4VHOOUQcAYvD.jpg,2.5488,0,0,0,0,0,Canceled,False,,Horror,,
1609858,tt29703781,Werewolf Hunt,Werewolf Hunt,en,A cadre of the world's most skilled hunters track the ultimate in big game - a Werewolf.,,,/1ESS0wO17g6GxUEGoi46Cli1O9M.jpg,2.3393,0,0,0,0,0,In Production,False,,"Horror, Action",,
1610337,,Artichoke,Artichoke,en,"Held captive in a violent relationship, Cynara discovers a phoropter that opens a portal to another world. In a terrifying cat-and-mouse chase between realities, Cynara finally comes face to face with her oppressor and must decide what she’s willing to destroy in order to survive.",,,/68Pf2KcHcApMSvRECB5cNz0aiko.jpg,1.704,0,0,0,0,14,Post Production,False,,Horror,,
1611583,tt29543537,Deadly Endings,Deadly Endings,en,,,,/hHHitFVcRinLyK0ev2H80mTuXJ4.jpg,1.4125,0,0,0,0,0,Post Production,False,,"Horror, Thriller",,
1611738,tt38116630,Spiral,Spiral,en,"While celebrating his engagement, Sean finds out that his future brother-in-law has an unnaturally large penis.",Some family secrets are just too big...,,/wYshyqWa8mnYq4hm9QOpYC0b20S.jpg,1.1482,0,0,25000,0,13,Released,False,/smALxkqYIrdH2Xgtny0FelEmZdR.jpg,"Horror, Comedy, Fantasy",,
1611752,,The Schism & The Butterfly,The Schism & The Butterfly,en,"When a fascist leader discovers a young girl’s supernatural powers, he aims to exploit her as a weapon of the state, only to find she’s too powerful to control. This film explores themes of authoritarianism and resistance through the lens of Science Fiction & Horror.",Justice is Fearless,,/bgzhfkdKdnI3K3Bd6cruscgofnI.jpg,1.1241,0,0,0,0,14,Released,False,,"Horror, Science Fiction",,
1612889,tt26748124,Peer Pressure,Peer Pressure,en,A group of friends fight to survive a bloody weekend at a cabin the summer before they all go off to college.,,,/muNAaiX1pHi5LlqGnvbtkcXa52J.jpg,1.8622,0,0,6000,0,65,Released,False,,"Comedy, Horror, Thriller",,
1614101,tt42189609,SECOND HAND,SECOND HAND,en,"After having the feeling of being watched, a young and paranoid conspiracy theorist walks into a pawn shop and buys his first camcorder to share his findings of “truth”, only to find some chilling recordings of himself on it that certifies his fears and anxieties.​",Thomas Briar is on the verge of a great discovery,,/x09vAhvJ5sLHpsvkrwVNHs7C0wb.jpg,1.4557,0,0,2000,0,10,Post Production,False,/6w4OJU6MP2CCcqDLl5Z8pH2H66Q.jpg,"Thriller, Horror",,
1617213,tt9651964,Crossbow Creek,Crossbow Creek,en,"A dark, sexy, and twisted thriller that follows six friends celebrating a Bachelorette party who are targeted by maniacal human traffickers and a crossbow-wielding maniac.",,,/ywxhANHuxgfDDhQugA0rVmaumoa.jpg,1.7317,0,0,0,0,0,Planned,False,,Horror,,
1618361,,Redwood Diaries,Redwood Diaries,en,"When strange entries begin appearing in her diary written in handwriting that isn't hers, new student Evie Quinn is pulled into a chilling mystery as the messages reveal secrets, predict impossible events, and point toward a truth someone has desperately tried to bury.",Some stories are meant to stay buried.,,/oI2TXbD1jO1xXnFg3AbJEiHY50W.jpg,3.8766,0,0,650,0,0,Post Production,False,,"Horror, Mystery, Thriller, Drama, Comedy",,
1619417,tt39141216,The Bigfoot Experiment,The Bigfoot Experiment,en,,,,/bmzupHFswYFn8jk7jFqFaZpBEuq.jpg,1.0257,0,0,0,0,0,Planned,False,,Horror,,
1620060,,The Nuclear Family,The Nuclear Family,en,"Amid Nuclear devastation, one bunker finds a family clinging to the rituals of suburban life. As the hunger rots them, and their traditional roles decay, their daughter seeks a way to keep them together forever.",They're having a blast!,,/6n4ZJiOOspsA6DEjgHGAGpyYiXw.jpg,1.4254,0,0,0,0,12,Released,False,,"Horror, Drama, Science Fiction",,
1621025,tt36724898,Floverr,Floverr,en,,,,/9UU7TeGCVFiK9Yb7HnVfY3gEPEa.jpg,1.4459,0,0,0,0,0,Post Production,False,/lkoTzz64cZPIY1TxZZcILP3j5aJ.jpg,"Comedy, Horror",,
1621775,tt36708679,Until You're Alone,Until You're Alone,en,"After becoming the lead suspect in a series of brutal slayings, a close-minded architect must team up with a free-spirited sex worker in order to clear his name and solve the crimes before they become the killer's next victims.",The only thing more terrifying than being alone...is discovering that you aren't.,,/ypACKtawSSRVHcYthlnz2W4gYh.jpg,1.1484,0,0,0,0,107,Post Production,False,,"Thriller, Mystery, Horror",,
1623659,tt39396125,Help Me,Help Me,en,"Lost in the vast Pacific Northwest, a young couple must face the secrets of the forest, and themselves, as one of them succumbs to a rapidly evolving, unnerving sickness.",It Consumes,,/3wVLukkyvYVQ3aPElHrjJiz7T67.jpg,1.2247,0,0,50000,0,0,In Production,False,/1jf2GNsRtq9qo1rSXwIPLz5qb9T.jpg,"Horror, Drama, Mystery, Romance",,
1625390,tt29539429,She Follows,She Follows,en,"In a quiet Jersey beach town, a haunting encounter with a ghost searching for her lost love, challenges a man to face his own fears.",Based on a the events of a real ghost haunting,,/4yVFmHpG3HXwh9NP1SXZq08iVRL.jpg,1.7713,0,0,25000,0,14,Released,False,,"Horror, Thriller, Romance",,
1626149,,Lost Media,Lost Media,en,"A group of actors who are waiting to get picked up from their hotel to get taken to set only to be kidnapped by a group of crazed lunatics who just escaped from the mental hospital who take them to an undisclosed location and force them to be in their crazy movie instead of the film they're supposed to be part of. 20 years later, one of the actors from that film, who never worked again after the traumatic experience was now discovered and brought onto a popular talkshow where he reveals what happened to him and about the lost film he was part of. The kidnappers behind the lost film show up at the talk show and the film is finally played for the audience and everyone that watched the lost film will then find themselves part of the next soon to be Lost movie.",Some movies were never meant to be found!,,/mY7Oh203DZSBs2iHjnD9j85d2gs.jpg,3.9835,0,0,150000,0,0,Post Production,False,,"Horror, Comedy",,
1628654,tt37973467,7Hz,7Hz,en,"Set in an audio post production suite, 7Hz follows an overnight employee’s encounter with a strange device able to emit dangerous and harmful frequencies.",WHAT YOU CAN'T HEAR CAN HARM YOU,,/wqnuKr8GnnQQFBlDegCXRdTJ0Lh.jpg,1.2045,0,0,500,0,12,Released,False,/ypma6g1ZLfQpFHhJ7hD1p9aGnyN.jpg,"Horror, Science Fiction, Thriller",,
1629109,,Unholy Night,Unholy Night,en,"The film centers on Gino, whose traditional Italian family Christmas Eve celebration descends into chaos when his deceased grandmother returns from the dead and embarks on a killing spree.  As more dead relatives begin appearing throughout the neighborhood, Gino must find a way to eliminate the holiday revenants and make it through the family gathering alive.",,,,1.0589,0,0,0,0,91,Released,False,,Horror,,
1629881,tt37937243,The Mold,The Mold,en,"After an isolated photographer confines a faceless being to her darkroom, her mental and physical identity begin to deteriorate.","After an isolated photographer confines a faceless being to her darkroom, her mental and physical identity begin to deteriorate.",,/qgbmIPHbnOKYxHmTYVMLTR55VJn.jpg,3.1048,0,0,0,0,100,Post Production,False,,Horror,,
1632915,tt39770085,The Mist,The Mist,en,"As a small town in Maine is consumed by a thick mysterious fog, from which creatures emerge to attack the townsfolk, a group of survivors hole up in a local grocery store.",,,/yKra56kI7qONBihGM7Qr5BKrP9D.jpg,1.6459,0,0,0,0,0,Planned,False,/i2RXm2KKir68RpS5UkXpbKdFiPY.jpg,"Science Fiction, Horror",,
1635150,tt36632075,ENCIERRO,ENCIERRO,en,"Encierro follows Julia, a young Latina woman who finds herself trapped by the expectations of her family and culture. As she attempts to meet the impossible standards of being the perfect daughter and woman, the boundaries between reality and nightmare begin to blur.  Confinement takes on many forms—claustrophobic spaces, oppressive conversations, and eerie, surreal encounters—all of which push Julia deeper into a terrifying psychological spiral. As she struggles to break free from these pressures, she faces unsettling truths about her own identity and autonomy.  At its heart, Encierro is a haunting exploration of the cost of living within the confines of cultural expectations.Will Julia escape?",Will she escape?,,/taNWboY3sT4NWK228atQbx8IcBB.jpg,1.3692,1,10.0,5000,0,13,Released,False,,"Horror, Drama",,
1635455,,Onlookers,Onlookers,en,"A true crime vlogger receives a series of cryptic messages and grisly images from an anonymous viewer claiming responsibility for a string of brutal murders. When the killer demands airtime, the vlogger becomes dangerously fixated on the attention surrounding the cases.",Everyone's a witness,,/dK4tDWRu90JCz6HhPy5EF5n5YAJ.jpg,2.5746,0,0,0,0,0,Planned,False,,"Horror, Thriller",,
1635552,,Something Borrowed,Something Borrowed,en,"On the morning of her wedding, a bride does anything it takes to fit into her wedding dress.",,,/qOt2nPPzFoIvx5p4Qr6fyoCGHpK.jpg,4.0481,0,0,17000,0,10,Released,False,,Horror,,
1635785,tt38027404,Curse of Lazuzu Doll,Curse of Lazuzu Doll,en,A cursed doll bought by a gamer begins to wreak havoc upon those around him.. carrying out gruesome supernatural deaths. He has to make a decision.,,,/jNEiO2CLu6Uc55RTe7iznZCF36w.jpg,1.233,0,0,0,0,0,Post Production,False,,Horror,,
1636200,tt34577276,The Virgins,The Virgins,en,"Two straight-A high school girls break free for a secret weekend, unknowingly attracting the attention of two emboldened incels.","Two straight-A high school girls break free for a secret weekend, unknowingly attracting the attention of two emboldened incels.",,/4RogC2oCjEtGAO4BbUDv6DD9WRd.jpg,1.2615,0,0,0,0,75,Released,False,,Horror,,
1636464,,Nance,Nance,en,"Following his 18th birthday, a young man finds himself in a strange new world. In order to make it back home, Nance must first trek through a wilderness that is as amazing as it is dangerous.",,,/AiZV5OiUhHHE0gZXae1ooJSGq6k.jpg,2.4702,0,0,7000,0,11,Post Production,False,,"Thriller, Fantasy, Horror",,
1638103,tt1071873,Constantine 2,Constantine 2,en,"Reeves will reprise his role as supernatural exorcist and demonologist John Constantine. Who, in the original is dying, but sticks around to save his soul by keeping demons in hell from breaching earth.",,,/aAcCHqlAqsO2Ksr2h92bMfAeuo3.jpg,2.4224,0,0,0,0,0,Rumored,False,,"Action, Fantasy, Horror",1025281,Constantine Collection
1639899,,Psycho Killer,Psycho Killer,en,"A man of lower-class finds jealousy in a man of higher-class, the new CEO BEAU KEVEREN! But he feels that BEAU doesn't deserve the power that he's been given. So then he goes to search for BEAU with an intent to murder him.",Psycho Killer,,/x56pTfQShKyBgtUdfo49KgWBabi.jpg,1.6209,0,0,0,0,2,Released,False,,"Comedy, Horror",,
1641236,,Skin and Pavement,Skin and Pavement,en,An insecure aspiring athlete pushes himself to the limit and faces the consequences.,,,/tkZBS8IxWBRRwDaQcGbqbUdSY19.jpg,1.8567,0,0,0,0,7,Post Production,False,/93fdJnrUL7msngO0PBlpFGhiXIk.jpg,Horror,,
1642701,,Fan Mail,Fan Mail,en,A filmmaker in trouble. An email that echoes through time and space.,,,/AadBDdOXLMtn9JbThy4BPu2prVF.jpg,1.6372,0,0,0,0,4,Released,False,,"Horror, Comedy",,
1643792,tt39375562,Meet Bitsy,Meet Bitsy,en,"After inheriting a mysterious old clown doll from her late grandmother, a drifting twenty-something conducts a late-night ritual with friends and discovers that one of them is not who they seem.",Won't you be a doll...,,/wT6nLaRf7RjL92FkNNhgfxXT50r.jpg,1.0823,0,0,0,0,12,Released,False,,"Horror, Mystery",,
1644213,tt41373292,Buried Secrets,Buried Secrets,en,"The Lost Catacombs of Bomarzo are rumored to hold a fortune in jewels for anyone brave enough to dig them up. When a daring (or maybe foolhardy) group of young adventurers dare to unearth the hidden graves they manage to find the treasure. But also awaken a buried demon who's looking for blood, and for someone to take his place in the darkness.",,,/kwsjvcBZnNKk3mT4TkfDeWhjdKS.jpg,2.215,0,0,0,0,0,In Production,False,/sE883d9pfJN96n1IkdZCt6V8pW8.jpg,"Horror, Comedy, Thriller",,
1645620,tt2375737,Maniac Cop,Maniac Cop,en,A remake of the 1988 cult film.,,,/r0jKgQXPoaT5cgW4nIkBajdXwag.jpg,1.9896,0,0,0,0,0,Planned,False,,"Crime, Horror",,
1645963,tt40387397,BRO,BRO,en,"A young gay man takes refuge in a house of hyper-masculine fraternity brothers, unaware that their brotherhood conceals a sinister plan.",,,/r3Kire6yXShQ13sOLspjY4mmjeb.jpg,2.386,0,0,0,0,11,Post Production,False,/a7NuuzzOKe92MOdIewEidzB7VLr.jpg,"Horror, Comedy",,
1646894,tt40190490,Bucharest Horror Show,Bucharest Horror Show,en,"On March 9, 2026, two unsuspecting American filmmakers disappeared in Romania while attending a horror festival to premiere their new film. On May 14, journalists began receiving mysterious footage of the missing women from an anonymous source. This film presents the raw, unedited version of the events.",,,/nYUG4Cq7qA3hwqxQJDNKP2Otsl9.jpg,1.3559,0,0,7000,0,0,Post Production,False,,"Horror, Drama, Thriller, Mystery",,
1647157,tt37681842,Babyteeth,Babyteeth,en,The new girl in town finds herself at a party thrown by queer teen vampires on a revenge mission against the town's heartthrob. She must decide who to believe before they choose for her.,Don't date on an empty stomach.,,/q34HDJkzXNZ1LxK6I0ZCaeTduKK.jpg,1.7987,0,0,3000,0,30,Post Production,False,/5iAE6s7BqMAKm195AdyyfJ7W6gQ.jpg,"Comedy, Horror, Drama",,
1647225,tt40566944,Nonexistent,Nonexistent,en,"Dominique attempts to process her grief through a memory, a nightmare and a fantasy.",,,/gVsGVHzjSWKxtDhDHdd3dt2itv.jpg,0.9885,1,10.0,867,0,30,Released,False,,"Mystery, Horror, Thriller, Romance",,
1647413,tt39578331,Non Finimus,Non Finimus,en,Two friends attempt to solve a puzzle box together when a seemingly harmless activity takes an unexpected turn.,,,/fAri6fh7n51BbpK90qjLsmeMKW5.jpg,1.3082,0,0,700,0,4,Post Production,False,,Horror,,
1649551,tt37138276,Shiver: Slaying All Night,Shiver: Slaying All Night,en,"Set during the Christmas season at a remote ski resort, the film follows unsuspecting guests whose holiday escape turns into a fight for survival. Deep within the surrounding mountain woods lives a manic killer named Vincent, who stalks and brutally murders his victims one by one.  As the terror unfolds, disturbing truths come to light — revealing that a tragic vaccine mishap in Vincent’s youth may have played a role in creating the monster he has become.",,,/2bOfd0MenJidrlwjgt8Zd8UYT1r.jpg,1.4352,0,0,150000,0,0,Post Production,False,,Horror,,
1649674,,Joshua,Joshua,en,a boy is trapped in his mothers basement. He has special powers.,I know all!,,/5OvZrPAfIog8apCTlwOHQgnpTXi.jpg,1.1911,0,0,500,0,0,Released,False,,"Horror, Crime",,
1650534,,Hollow Trees,Hollow Trees,en,"Years after a devastating war, a hardened survivor and a young boy are forced from their home by a creature capable of imitating humans. As they journey north in search of refuge, their fragile bond is pushed to its limits.",The last thing you hear... Is yourself,,/dEuFsW3v7O2mxEtumtltVU8NzOe.jpg,1.8852,0,0,10000,0,85,Post Production,False,,"Thriller, Horror",,
1651347,,Minotaur,Minotaur,en,,,,/oL6vHYwzSq9jnKcOeKYE8l5aVnw.jpg,2.3701,1,10.0,0,0,0,Released,False,/hDP2rLXCYJALqxcXZBo0Ff56he.jpg,"Fantasy, Horror",,
1651571,,Scarlet Nose,Scarlet Nose,en,"A masked party clown, well past his prime, becomes the main suspect in a brutal murder when he’s discovered beside the body. Now he is forced into a desperate chase through the forest to prove his innocence before it's too late.",It's Showtime.,,/caPiIuk6aTiJjMYJKmiAutn10lJ.jpg,2.9349,0,0,2500,0,0,Post Production,False,/niPedCY3e8zQLOXEcQDqypjSI9G.jpg,"Horror, Comedy",,
1654416,tt40841119,PREY,PREY,en,"A young writer goes to therapy after the death of his father. Hoping to end his writers block, he receives a notebook from the therapist. During an intoxicated altercation he stalks a man like prey and ends up killing him. This sparks his inspiration to write again. He goes on a series of kills to finish his book while hiding his purpose from the therapist. During a session he forgets the notebook, forcing him to return for one final honest session.","A troubled writer with writers block gets into a drunken argument that results in murder, this sparks his inspiration again to finish his book by any means necessary.",,/2uW8UPARFwiVnuu4n3302yiOPy1.jpg,1.0883,1,10.0,8675,0,30,Released,False,,"Thriller, Horror",,
1654811,tt40835622,The Rot,The Rot,en,"The Dreamer finds themselves stuck in a nightmare, consumed by The Rot",,,/jkce0taDYA4xyYyioDqpnvWJLMy.jpg,0.9966,0,0,100,0,5,In Production,False,,Horror,,
1655335,,Devourer,Devourer,en,"On Diwali eve, a son returns to his childhood home to reconnect with his estranged mother but the nightmares of his past return to haunt him.",What you feed will grow,,/bLrmdzz33V4sgA2QAhZOgNLfVAG.jpg,2.5264,0,0,10000,0,16,Released,False,,"Horror, Drama",,
1659300,tt27704078,Seven Minutes,Seven Minutes,en,A young girl eager to fit into a group of teens is unexpectedly indoctrinated into a youth cult.,"For in the hand of the lord, there is a cup.",,/mSlOScGwAEDUP18BNodB0hpoDyZ.jpg,3.6988,0,0,500,0,7,Released,False,,"Horror, Thriller",,
1662160,tt41020499,Dating Sucks,Dating Sucks,en,A vampiress navigates the turmoils of modern dating.,,,/mQNGHpFzOwldK5LbtlycImw5Tsg.jpg,2.9231,0,0,0,0,0,Released,False,,"Horror, Comedy",,
1662520,tt41371958,White Elephant,White Elephant,en,A group of friends find their annual festive holiday gift exchange spiraling into a cutthroat game of Christmas carnage.,,,/4j34llIeBATgGo2FB67slzz3L5I.jpg,1.4797,0,0,0,0,0,Post Production,False,,Horror,,
1662921,,(S)kin,(S)kin,en,"Cora Glenhelm, heiress to a powerful fishing empire, travels with her journalist boyfriend to the remote Scottish island of Cralaig to investigate her family’s dark past—only to uncover a deadly connection to a bloodthirsty Selkie lurking offshore.",It wants your...,,/zmqOBOrFXU8nzNqpAheIvjm2Ztk.jpg,2.0437,0,0,0,0,0,Planned,False,,Horror,,
1663501,tt37681946,Silent Sonata,Silent Sonata,en,,,,/tLkst0mMg1lUINE4mqorfKiIWrS.jpg,1.3805,0,0,0,0,0,Released,False,,Horror,,
1663945,,Rise of the Living Bread,Rise of the Living Bread,en,A greasy slob's late night quest for a pizza turns into a nightmare!,Come and get a slice,,/akaUdpQoaBKs3CJAUrbTmohfJhf.jpg,1.5603,0,0,200,0,5,Planned,False,,"Horror, Comedy",,
1664247,,Mystic Park,Mystic Park,en,"A Porsche driver is stranded in a small country town when his car breaks down. Unable to leave, he finds himself at the whim of the local colours. A conspiracy is brewing.","Can't have that, can we?",,/w76eNPvWo6g8BRmKJUcYBuyyc1d.jpg,2.3708,0,0,0,0,15,Released,False,,"Drama, Mystery, Horror",,
1664373,,Another's Perversions,Another's Perversions,en,"A troubled young woman is drawn into a dreamlike world of lust and death, where the line between fiction and reality dissolves and she is forced to confront her own darkest impulses.",Peer into this dark mind,,/7feVLn5ZikL1yw5ZHRzuojTLmZB.jpg,1.2114,0,0,0,0,19,Released,False,,"Horror, Mystery, Drama",,
1664580,,The Listing,The Listing,en,"While filming a walkthrough for a home with a violent past, a young realtor falls under the influence of the house’s lingering horrors.",,,/kbUqN55t8z4SP1rWBV4pTYKhzYu.jpg,4.2707,0,0,3050,0,0,Post Production,False,/2nZ0qER6LacP2T4QBaGUyeS8FfZ.jpg,Horror,,
1664897,tt38938534,The Passage,The Passage,en,"In the night of Halloween, the friends Evelyn, Adam, Lilith and Kane discover the remains of a demon conjuring on their way home. Being to drunk to realize the seriousness behind it, they continue their way home, not knowing that they might never reach it.",,,/7s16f5py6DsQdMecDBBa4ld5YpE.jpg,1.232,0,0,0,0,5,Released,False,,"Horror, Comedy, Mystery",,
1664981,tt36474188,STAN,STAN,en,"In order to maintain her beauty and influence, a social media superstar must complete her annual ritual sacrifice of a pure follower -- or face the consequences of the curse herself.",Be careful who you STAN.,,/q08Gux77OQoTlm8lW9nU3NL05AG.jpg,1.9017,0,0,0,0,9,Released,False,/nJg4cg0WNboZSe07LIJ7uy2qcHP.jpg,"Horror, Comedy",,
1665506,tt40018258,Astrolatry,Astrolatry,en,An obsessive loner's infatuation with a beauty cream model propels him into violent delusions after an alien meteor crash-lands onto his rooftop.,,,/miUbpvSf9MnMRYXyoQm5QEke3vv.jpg,2.6374,0,0,0,0,109,Post Production,False,/6tIQIe2rARwzubi0XXJTwWrzito.jpg,Horror,,
1667634,,Engel,Angel,en,"When a young, and seemingly innocent, young woman sees her best friend kiss the guy she desires, she loses control - as her inner world crumbles, jealousy turns to violence.",Love is destruction,,/9PyoJckMrAExtgmJn13BYJUqDTE.jpg,1.1575,0,0,500,0,8,Post Production,False,/b4zx4hx6f6zQmOpGTSczOWTrRG.jpg,"Drama, Horror, Romance",,
1668362,tt33078804,Cult Classic,Cult Classic,en,"A cult nears the apex of prosperity, but not everything is what it seems.",PRAISE.,,/wxVAzVdogEfKhATSYPKR3l8dqRd.jpg,1.711,0,0,0,0,13,Released,False,,"Horror, Comedy",,
1669200,tt33365227,The Terrestrial,The Terrestrial,en,A woman is stalked by an insidious conspiracy following the disappearance of her best friend.,,,/geSEqjUxHBQJbbpIKg0A2bdAWrJ.jpg,2.7912,0,0,12,0,16,Released,False,,"Horror, Drama, Thriller",,
1669921,tt41743592,Little One,Little One,en,A sudden change in a child’s behavior threatens to tear a picture-perfect family apart.,,,/3PhxFUri89k2V9Ky7QfJJW5Kxo9.jpg,1.0956,0,0,0,0,0,Planned,False,,"Comedy, Horror, Thriller",,
1669923,tt41719895,Izzard,Izzard,en,"In the middle of the night, an adult child must go on a terrifying adventure to get their mom a pillow.",U... R... Pillow,,/ds5KsICmcHKdhgddOK8Xx0bEacU.jpg,1.4445,0,0,3000,0,19,Post Production,False,,"Horror, Drama, Comedy, Fantasy",,
1671305,tt19766724,Accursed,Accursed,en,"When a nun’s cursed secret resurfaces on Emma’s 21st birthday, a lake-house reunion turns deadly. A masked cult and dark prophecy force Emma and her friends to face possession, betrayal, and a midnight ritual that could raise ancient evil.",,,/xyZ3maLekaCfoZR0gdb6qFPZmc7.jpg,1.1428,0,0,0,0,77,Released,False,/1AHIielgKCLRrIGIgWcuo1Dv2Ra.jpg,Horror,,
1673242,,Signal Lost,Signal Lost,en,Recovered footage reveals the final moments of three urban explorers that made the mistake of venturing out to the most haunted place in their state. Raymond's camera shows them being attacked by a man with no face; SLENDER-MAN.,THE MAN WITH NO FACE,,/yOMYBISfTG3NBTZhACc4hhUteRj.jpg,2.6982,0,0,0,0,8,Released,False,,Horror,,
1677565,tt31707908,Ankle Snatcher,Ankle Snatcher,en,"When Marcus was a child his mother was murdered. His father blamed the boogeyman under the bed. Always leave the lights on, his father warned, or the boogeyman will get you. As an adult, Marcus still heeds the superstition. But is he really haunted by a creature or has he just inherited his father’s murderous delusions? The night will tell.",,,/7PcRSEBV0zD50Ap1XFwfC1c1jPb.jpg,1.1716,0,0,0,0,0,Planned,False,,Horror,,
1678132,,Iustitium,Iustitium,en,"A man discovers an immovable, featureless entity in his hallway. Unable to remove it or flee, he learns to coexist with it. As weeks turn to months, terror calcifies into routine, routine into acceptance, and acceptance into contagion. A film that explores rootlessness, the anxiety of displacement, and the paralysis of being trapped in circumstances you cannot change.",It arrived at 3:42 A.M. He tried to remove it. He learned to live with it. Then he became it.,,/rznlSUewNRZfZ6loZp5Fv8FQM1T.jpg,1.5939,0,0,0,0,19,Released,False,,"Horror, Drama, Mystery",,
1678967,,"Moth, Man!","Moth, Man!",en,A strange young man struggles to adapt to his new life as he transforms into a man-moth hybrid.,,,/1EU63Yfhdjrcfj294L62rKKVz2a.jpg,1.9713,0,0,1400,0,9,Released,False,,"Horror, Comedy",,
1680084,tt38535594,Popeye III: Requiem,Popeye III: Requiem,en,"When a covert research team imprisons Popeye to harness his superhuman strength as a military weapon, their experiment spirals violently out of control. Transformed into an unstoppable force driven by rage, Popeye tears through the facility, leaving destruction in his wake. With time running out and casualties mounting, one scientist risks everything to stop the monster they created - before he reaches the outside world.",bluto bigger faster stronger,,/yfon9WBLrgPfkliKC7ZP2GBOtFd.jpg,1.6273,0,0,0,0,0,Post Production,False,,Horror,1628080,Popeye (ITN STUDIOS) - Collection
1680857,tt42064518,Seus bebês,Seus bebês,en,,,,/wE7zT31ID7dFE69rFM8Xq1F5j39.jpg,1.5424,0,0,0,0,19,Released,False,/mngpQVahupTO2Gk6bCNtTKABQGB.jpg,"Science Fiction, Drama, Fantasy, Horror",,
1680875,,meatcafe.net,meatcafe.net,en,"Sophie, an isolated young woman, has a secret obsession with watching people die. When her childhood best friend comes to visit from college, she is forced to remember a version of herself that died a long time ago.",Darkness lives here.,,/tYBiXofR1FqpWU7a9vsXw250xDV.jpg,1.7439,0,0,0,0,16,Released,False,/e5gSlxDGHBWMIe71T5wLTTEpCDb.jpg,"Horror, Drama",,
1680890,,SKIN,SKIN,en,Two bloodthirsty cannibals have kidnapped you and stuck you in the trunk of their car. They have a weird relationship.,,,/vqp2DVyms6QmnlGnRg48hjV4LHv.jpg,3.8819,0,0,0,0,1,Released,False,,Horror,,
1680958,,The Hand,The Hand,en,"A man haunted by a sinister force connected to his own hand, blurring the line between self and evil. Rooted in raw realism and psychological horror, the story unfolds through mystery, pain, and an unseen darkness that may already be within.",,,/v1nYmGlwl3Sp7EWDsg5z5L3LeSx.jpg,1.1884,0,0,1000,0,75,Post Production,False,/kCKcIrW0lEU9rSTDa4JKTTp7gRv.jpg,Horror,,
1682979,,Faecal Beast,Faecal Beast,en,"After a day of boozing and cruising, narrowboat novice (Gabe) and his craggy, veteran ‘engine whisperer’ (Fred) regale Gabe’s uptight school friend (Harry) with a litany of toilet horror stories that draw a stark line between the haves and the have nots on the London canals. Faecal Beast is a scatological comedy that gleefully punctures landlubbers’ romantic notions of boat life and pays loving homage to Steven Spielberg’s ‘Jaws’.",You'll never go up the canal again!,,/56lBDcbJUhM55XGTDrbpS1GTTHz.jpg,1.3045,0,0,4000,0,13,Released,False,/gdmQFottGZ5yWSudDTEXz05IUZh.jpg,"Comedy, Horror",,
1683977,,False Advertising,False Advertising,en,A job interview becomes a negotiation over identity.,,,/fCLDcTCy5KGP7uVsvAnnV8pGpBh.jpg,1.0869,0,0,0,0,15,Released,False,,"Comedy, Horror",,
1684321,tt34891768,Treaters,Treaters,en,"A group of legend trippers and a local horror hostess head out on a Halloween night adventure to boost their fan bases. Unbeknownst to them, a few wrong turns and an old town legend send them straight into the clutches of pure evil. Who will survive this night of terror?",This town doesn't do tricks... only terror!,,/kMYor1Yvv1eXEiqMdF63tVDjGza.jpg,1.3268,0,0,0,0,0,In Production,False,/bR2H42jva3JpsGhID71E9wT6SGn.jpg,Horror,,
1685470,tt42208853,Follow Mode,Follow Mode,en,"Consumer-grade drones now come with a ""hands-free"" setting that automatically directs the camera to follow you – in case you’re a surfer taking your next wave, a snowboarder back-flipping off a half-pipe, or a serial killer stalking your next victim. When a group of teens knock this drone out of the sky, they discover that it contains home movies of the killer’s brutal crimes. Now, they must race to expose the killer before becoming his next victims.",,,/wgNtGocDnotmmyXzKhNg9X5gl6z.jpg,1.1963,0,0,0,0,0,Planned,False,/cR4QJ3A6FJpBrih4YmgX6cXPWuI.jpg,Horror,,
1685533,tt36379094,What I Was Trying to Say,What I Was Trying to Say,en,"A lonely, young, deaf teenager unconsciously summons a haunting figure who aggressively tries to send a message.",Everything is not what it seems.,,/rCpXEfJxuswJvexdCVVza3zU5iH.jpg,1.2612,0,0,0,0,0,Released,False,/dje3jvGFQRELEERVFfcrB1ouVmn.jpg,Horror,,
1686344,tt33130809,Homebody,Homebody,en,"A young widow named Meg meets a woman who claims to communicate with the dead. What follows is a battle of wills, cycling through stages of tenderness and bitter exploitation, as each woman struggles for dominance in their increasingly toxic and unsustainable relationship. Through all of this, the ghost of Meg’s husband watches silently, with plans of his own…",Love is the monster,,/mMhmpg7Rll3SSqeyIL30wujHBtw.jpg,1.2377,0,0,0,0,0,Post Production,False,,"Horror, Drama",,
1689384,tt42373155,Company,Company,en,"'Company' follows Melissa as she keeps herself awake through the night, waiting for her boyfriend to return from a party. As exhaustion sets in, the door opens, and someone enters, leaving her questioning reality and what has come home.",Some doors should stay locked,,/l47GxXrx8pACU7Lw8Ulgpz4cqiN.jpg,1.1989,0,0,500,0,7,Released,False,/cnKcFmdaRJv7GPxmYJT8YDityTp.jpg,Horror,,
1690064,tt39052663,Scissors: Chapter 2,Scissors: Chapter 2,en,"Scissors, the killer clown, returns to terrorize a group of beautiful young women and unleash a nightmarish journey of survival.",Guess who’s back?,,/A4O8AKtq0AtoXHhmch5mgQ4EI4u.jpg,1.0427,0,0,0,0,0,Released,False,,Horror,,
1690174,tt42460861,The Ourobite,The Ourobite,en,"Lucretia (Luc) Mott reluctantly agrees to an interview with a documentary crew. She plans to tell them about her traumatic experience with the Order of Ouroboros, a cult she was a member of. She hopes sharing her story will help hold her abusers accountable.",Destruction is the PUREST form of creation,,/tv0ZfdwaIKNWhm9Ux3dqcab0YVP.jpg,2.6703,0,0,0,0,26,Post Production,False,,"Horror, Drama, Crime",,
1691128,,Airwave,Airwave,en,A podcast host known for airing anonymous confessions becomes the center of her own nightmare when a caller turns her show into something far more dangerous.,Some confessions should never be heard.,,/krLO1G7YohUUTHK2Ckthm2Pqkhy.jpg,1.4574,0,0,0,0,0,In Production,False,,"Thriller, Drama, Horror",,
1691688,tt35662491,Mylar,Mylar,en,"A group of urban explorers find an old VHS camcorder in an abandoned building, discovering a girl, Justine, trapped inside since 1986. As they try to free her, they awaken a malevolent force that will stop at nothing to claim them.",,,/yGmsV0yBC5OsSzjQRGpG476iewx.jpg,1.6332,0,0,0,0,0,Planned,False,,Horror,,
1691846,tt36388052,Recorded,Recorded,en,"After a camera is recovered near an abandoned trail outside Banevo, Bulgaria, authorities uncover disturbing footage tied to the disappearance of cinematographer Georgina Reagan and her driver, Petar Petrov. What begins as a routine location scouting trip through isolated ruins soon descends into terror as the pair encounter a sinister presence lurking within the abandoned buildings they explore.",,,/fnSPrrxO9BxWH5ZHLx6iever8bi.jpg,2.6643,0,0,3000,0,0,Post Production,False,,Horror,,
1692825,tt36018603,The Contract,The Contract,en,"Longing for love and a place to call home, Oliver agrees to visit the remote manor of a man he has met online. As Oliver explores a BDSM life alongside his new potential master, he must contend with jealous rivals, unexpected visitors, and horrifying revelations about what it truly means to belong to someone...",It's binding...,,/4y9a4GrmJ4vQ7rHlvnqex12JHoE.jpg,1.3363,1,10.0,0,0,117,Released,False,/9b1DkMfZhdJ3rffihA7IJ174hNr.jpg,"Horror, Fantasy, Thriller",,
1692968,tt31068177,Blurred,Blurred,en,"After a ferocious crime, Fiona, a charismatic woman, becomes the prime suspect. Detective Myers is, for some reason, the only one she wants to speak with. Their unusual connection leads them to a dark forest known for clandestine rituals.",,,/53lzSWcY1c9YWA9APZYitYeYkeQ.jpg,2.1445,0,0,0,0,0,Post Production,False,,"Crime, Horror, Thriller",,
1694687,,Mimic,Mimic,en,"After his undocumented sister disappears amid escalating ICE raids and National Guard unrest in Los Angeles, a conservative Filipino man searches her apartment for answers, only to uncover a terrifying presence tied to the Aswang — a shapeshifting creature from Filipino folklore. As paranoia and guilt consume him, his desperate investigation spirals into a nightmarish confrontation with the monsters created by fear, division, and the false promise of the American Dream.",,,/5BJS30y30I905Wz6OtTJeJsO0xL.jpg,1.8219,0,0,10000,0,0,In Production,False,,Horror,,
1694727,tt38127137,The Seal,The Seal,en,"A conspiracy theorist becomes obsessed with a mysterious AI chatbot discovered on the dark web, believing it holds the key to exposing a hidden global conspiracy. Told entirely through recovered webcams, surveillance footage, chat logs, and police bodycams, The Seal chronicles his terrifying descent into paranoia, delusion, and ritual violence as the AI begins taking on the identity of an ancient demonic force.","A Found-Footage Horror Film for the Age of AI, Isolation, and Extremism",,/mGhpOCBU6mmWL70aFqEN463xvFL.jpg,1.3811,0,0,40000,0,13,Post Production,False,/f4OitNcSQeRtXJmK9dfMymLG1bB.jpg,Horror,,
1695883,tt37899396,The Sundering,The Sundering,en,"To leave the only family he’s ever known, Terry must confront not just the horrors that haunt their home but the love that chains him there.",The hardest ties to break are the ones that feel like love,,/2fJ3i2iT7IbW1S709OVhP5YbNN5.jpg,2.4518,0,0,200,0,7,Released,False,/r4tLWiGtF0eoprvWmuA7x0EDRBA.jpg,"Drama, Horror",,
1696337,,Twin Demons,Twin Demons,en,"Twin Demons. A Dozie Omechi Film",A Dozie Omechi Film,,/7Q9G3uGu5ypiMLOgB1NtrnrdmNn.jpg,1.8883,0,0,0,0,86,Released,False,,"Horror, Drama",,
1696730,,The Feminine Touch,The Feminine Touch,en,"A young trans woman walks into a meticulously clean and sterile bathroom and proceeds to shave away hair, then skin, in an increasingly bloody and graphic bathroom scene.",,,/iIhzAebvi0wyRKez2iuOgBcXu4B.jpg,1.2231,0,0,10,0,2,Post Production,False,,"Horror, Drama",,
1699353,,Cryface,Cryface,en,"On her birthday, a lonely, depressed girl gets stalked by an entity that tries to cheer her up.",,,/zrDthXuKotqyuiHscve54vMtekx.jpg,1.1639,0,0,1200,0,6,Released,False,/oj1XZfuFNWYQ8rxMBrA9uU1JZMa.jpg,Horror,,
1700651,,Vomit,Vomit,en,A short thriller about a relationship falling apart,,,/hDIvf2K7v195pX06r5cSO81oE3l.jpg,1.8422,0,0,0,0,5,Released,False,,"Thriller, Horror, Drama",,
1701395,tt39161871,Drunken Woman,Drunken Woman,en,"On the verge of childbirth, Li Qing is taken to a secluded villa in the suburbs to rest and await delivery. However, behind the seemingly meticulous care, she falls into an elaborately orchestrated, shocking conspiracy.","On the verge of childbirth, Li Qing is taken to a secluded villa in the suburbs to rest and await delivery. However, behind the seemingly meticulous care, she falls into an elaborately orchestrated, shocking conspiracy.",,/8ZEbVLHDXmhVZjf51SkmtMiTVGk.jpg,1.2482,0,0,0,0,86,Released,False,,"Horror, Thriller",,
1701597,,Blood Covenant,Blood Covenant,en,A man fights to save his friend after receiving a vision from God to sacrifice him.,God is watching.,,/tNvso3VekqyILg2z2j1z6StnPDN.jpg,1.8956,0,0,3000,0,44,Post Production,False,,"Horror, Thriller, Drama",,
1701972,,WULVER,WULVER,en,"When Edie is caught kissing a girl at a church dance, it becomes a race to find her mother before her monstrous secret is revealed.","A wulver, something cruel that keeps me from you.",,/1oo9jCCqFyPOAQ6F2Yw00qwH5gd.jpg,1.5173,1,10.0,3,0,10,Released,False,/lLWVXMkLb6WG9YTYs06yoG7bK8I.jpg,"Horror, Drama, Romance",,
1703149,tt38973780,The Mummy: Reckoning,The Mummy: Reckoning,en,"In the closing days of the Second World War, the SS attempt to manufacture immortality using stolen Egyptian funerary rites. What they create is not eternal life, but a mummified revenant, a sadistic officer bound into undeath by occult ritual. Buried, forgotten, and sealed beneath a British coastal fort, the relic waits. When it is uncovered decades later, the war resumes, only this time it is personal.",,,/nBXPWhNk0WRnVkxfIwVwOtBKyVU.jpg,1.163,0,0,0,0,0,Released,False,,Horror,,
1704216,,Bloodline,Bloodline,en,"An out of state trainee detective and a boy looking for his missing father fall into a rabbit hole of death worshipping cults and an ancient cannibalistic curse in the small town of Murchison, Texas.",You are the blood.,,/golpPFwEhrzWis1FKc20K5amjKc.jpg,1.7796,0,0,1,0,35,Post Production,False,,"Action, Horror, Mystery",,
1705685,,Red Lips,Red Lips,en,"Told entirely through a laptop screen, Red Lips follows Lisa as her academic research into online vampire communities collapses into something far more personal when she finds Caroline.",Some obsessions don’t end when you close the tab.,,/6GvylfQ38XQgPnYtLry4sTaw38H.jpg,2.9618,0,0,0,0,70,In Production,False,,"Horror, Thriller",,
1706404,,Thank you for shopping with us!,Thank you for shopping with us!,en,A conspiracy theorist Bela Karloff attempts to uncover a theory but gets trapped in a Nocturnal Odyssey.,Enter into a Nocturnal Odyssey,,/2apM1aSqLES3PxQbxeG0MvR4zTt.jpg,1.3488,0,0,800,1000,5,Released,False,,Horror,,
1706682,,Red City,Red City,en,"A gothic horror short that examines how immortality, religion, and humanity - or lack thereof - has shaped the connection between two ancient vampires.",Nourish the poison in your veins,,/5iRKn0AARvvfBUhK0HH5zayq8qq.jpg,2.0506,0,0,12000,0,10,Released,False,,"Horror, Thriller, Drama",,
1707137,,Nexo,Nexo,en,"Renzo, an aspiring writer struggling with his work and marriage, finds himself on an oneiric journey where he must face his fears in order to restore his life.",,,/gwMiprILAppNhSKjXQeOZvDOPGC.jpg,1.2417,0,0,500,0,15,Released,False,/Ak4IEWYkuYzymd01mvQRhVVKiGl.jpg,"Horror, Mystery, Fantasy",,
1708376,,Droid House,Droid House,en,"Two thieves don't expect to encounter a young woman hired to watch the expensive villa they are robbing. An advanced AI model, she has adapted to methods used by serial killers, turning the house into her own hunting ground.",Her Simulation of Humanity Just Ended.,,/vXwIK9RAZ2BPpoorIzztQ7Kzdu7.jpg,1.1556,0,0,0,0,141,Released,False,,"Science Fiction, Thriller, Horror",,
1708587,,SKIN,SKIN,en,Two bloodthirsty cannibals have kidnapped you and stuck you in the trunk of their car. They have a weird relationship.,Here's the situation.,,/fFQkpGpJuoFT5TTRNI4RkOeUt7g.jpg,5.5518,0,0,0,0,1,Released,False,/e2oixWKtMXWWrmlTGZEHH4waOOK.jpg,Horror,,
1709334,tt42127799,No Witnesses,No Witnesses,en,"Hannah Jones disappeared on the night of August 3rd, 2024, in rural Illinois. After an extensive ground search and detailed interviews of friends and family, she was never located. Officials have no leads, no suspects, no incriminating evidence...no witnesses.",,,/gRgXHMGtmR09bqw2gTeAaqfL6xV.jpg,1.0228,0,0,1000,0,0,Planned,False,/hSbW4HQOjSUWos031zZLzL7iFGr.jpg,Horror,,
1710225,,TAU file_001,TAU file_001,en,Two scientists discover that an unknown person has appeared in the threshold.,What is that?,,/lN4UkQ2LAtSGpJPB3P1AYOiCpOK.jpg,1.759,0,0,0,0,0,Planned,False,,Horror,,
1711808,tt37599451,Grin,Grin,en,"While visiting her family, Eva is introduced to her mother’s new partner, Lucian. When the group play Lucian’s mysterious old board game for the first time, they begin to believe it has summoned a demonic entity that punishes those who have committed terrible sins. After a series of terrifying encounters, the players begin going missing one by one. Eva soon realizes the game is more deadly than she could ever have imagined.","if you have sinned, don't let him in",,/qgkbvV1VQyQwofv9dU8PSX5y6bX.jpg,1.6105,0,0,0,0,90,Post Production,False,/mmq9uZaSQi1MCi9unQzU8rRn4iU.jpg,Horror,,
1711850,,Thank You For Your Time,Thank You For Your Time,en,A standard job interview turns tense when a cold recruiter comes head-to-head with an unpredictable candidate.,,,/8TwbsaQXpOvZMG7Ed6IcikMQ4h0.jpg,0.9894,0,0,0,0,7,Planned,False,,"Horror, Thriller",,
1715334,tt34379114,Caged,Caged,en,"After she's abducted on her way home from work, a single mother wakes up locked in a cage and discovers her only chance at escape lies in gaining the trust of her captor’s young daughter.",,,/jSi2trt65QSDGaiQYS9R0895kpg.jpg,2.6094,0,0,0,0,13,Released,False,/rTPWbzTQo9JXIVnar4isTYZh9fu.jpg,"Horror, Thriller",,
1715820,,Ghost Story,Ghost Story,en,"A bereaved husband attempts to connect with his partner on the other side, when something sinister begins to listen",,,/7M5frmhyocIpoNedQN8bELxoBzB.jpg,2.424,0,0,0,0,10,Released,False,,"Horror, Drama",,
1717206,,Debunk'd,Debunk'd,en,A found-footage horror short film directed by Emma Claire Smith and written by Kinsey Curo.,Sometimes legends are true.,,/p3F5RrfBnDEoCrjiSr3p1XI4rRd.jpg,3.0581,0,0,0,0,7,Released,False,,Horror,,
1719153,,Stain,Stain,en,"Left alone in an empty student house, an agoraphobic young woman forms an unlikely bond with her landlord as she becomes drawn into the lingering presence of his family’s past.",WOUNDS TAKE MANY FORMS...,,/qM6tAQ6UBm0PDUnPLHLo2eg9fcN.jpg,1.06,0,0,0,0,0,Post Production,False,,"Horror, Drama",,
1719981,,Coldlight,Coldlight,en,"When a kid finds a crystal ball in the woods, curiosity takes a hold of him. He gathers his friends and plays along with the ritual before the night goes dark.",Call the name,,/cTyAiuW1sj1aqTd6WPnW03xpVhF.jpg,1.0183,0,0,0,0,8,Released,False,/fBDXQyrh3Nlw5XBdvmjBPQbadhC.jpg,"Horror, Drama, Mystery",,
1720156,tt42456768,Ghost Country,Ghost Country,en,"When British paranormal investigator Kit Baxter decides to shoot a documentary about a legendary local murder, he quickly finds himself part of the myth.",Some stories refuse to stay buried,,/l6v1XbZ5LGTy6TM4uuXOZMm6oPN.jpg,1.3672,0,0,0,0,0,In Production,False,,Horror,,
1720522,tt38352431,Autumn Hill,Autumn Hill,en,,,,/bVFOW16qMUugJcSqvmtk36SZGeS.jpg,1.3971,0,0,0,0,87,Post Production,False,,"Horror, Comedy",,
1723761,,Survive,Survive,en,"While participating in the reality competition show ""Survive"". Clayton Gibbons quickly discovers he's not alone in the woods.",Alone. Starving. Forced to...,,/lmj8t6Qz6WigmJjc6Ko8rScvzrG.jpg,1.1809,0,0,1000,0,16,Post Production,False,/s2NN6xPCo9X3Vx3hSmwbgBq5qo.jpg,"Horror, Comedy",,
1724390,tt42577138,Madam,Madam,en,An unlucky man becomes a pawn in a mischievous ghoul's deadly game.,,,/jRoXZfmezTdtnSSOnv2Bn44QB6F.jpg,1.7393,0,0,0,0,6,Released,False,/bYMzlwWlnB1rhua7ohkEdge0zf6.jpg,Horror,,
1724422,tt43636621,Siren Head,Siren Head,en,"Based on the internet horror phenomenon about a giant, emaciated humanoid predator hunting in rural towns and wooded areas across North America, which blends into environments and emits creepily distorted audio broadcasts to confuse and lure in prey. Further plot details TBA.",,,/znwbV4MCRCCSUiE4rOWYmJWg2tN.jpg,1.3656,0,0,0,0,0,Planned,False,,"Horror, Thriller",,
1724651,tt27272388,In The Path of Shadows,In The Path of Shadows,en,After surviving a vicious attack by a supernatural creature Ryann must face her past and go back to the scene of the crime to find out if monsters are real.,,,/y3wmCKweVZAqTIROTcsjwHWXW7Z.jpg,1.4237,0,0,135000,0,104,Post Production,False,,"Thriller, Horror",,
1725252,,The Mandela Catalogue,The Mandela Catalogue,en,"Mandela County, Wisconsin is invaded by shape-shifting, nearly immortal creatures called Alternates, led by a false depiction of the Archangel Gabriel with their aim is to wipe out the human race by psychologically torturing them to the point of suicide. A group of high school graduates struggle to maintain their reality after an ex-classmate's disappearance sparks a chain of unexpected and unsettling events. Based on the popular web series.",,,/asZGw4N53suwbwElRC6VVHQZybF.jpg,0.9846,0,0,0,0,0,Planned,False,,"Science Fiction, Horror",,
1725267,,BUNGA,BUNGA,en,"BUNGA follows a young woman from rural Indonesia chasing her dream of becoming an actress in Jakarta. Desperate to succeed, she follows a ritual taught by her neighbor, using menstrual blood to enhance her beauty.  But the ritual goes wrong. Instead of being seen for her talent, Bunga is reduced to her sexuality, exposing the exploitation embedded in the industry and forcing her to face the brutal cost of achieving success the wrong way.",,,/qSjKLbD3GQh8423hOCvbzS4a596.jpg,1.1622,0,0,5000,0,21,Released,False,,"Horror, Thriller, Fantasy, Drama",,
1725746,tt37649541,Snapshot,Snapshot,en,"In 1888, a pinhole camera captures the mysterious demise of an all-ladies ghost hunting society.",,,/g1PTiXVGYZZABdyyiZgbtmWvvwb.jpg,1.1495,0,0,0,0,86,In Production,False,,"Mystery, Crime, Horror",,
1725800,tt6735448,Lore Harbour,Lore Harbour,en,"Austin, Samantha, and Amy unwittingly summon the ghost of Madeline Thomas, leading them to a summer solstice festival on Lore Harbour, where Madeline vanished. The island's residents turn hostile as they investigate, unveiling dark secrets. As they dig deeper, they realize their lives are in danger.",Your fate has been altared.,,/eRtpJ8PQEIlJlN16oYEHycPZ9rS.jpg,1.1106,0,0,0,0,0,Post Production,False,,"Horror, Thriller, Mystery",,
1726009,tt34971178,Hinter,Hinter,en,"A Deaf American backpacker finds himself stranded in the depths of the German Black Forest, hunted by something unknown. Stumbling upon a rural farmstead, he finds a guarded German farmer who knows no English. With a language barrier dividing them, the backpacker must discern whether this stranger is a lifeline or the threat.",What they don't know will hurt them.,,/y2HxvGlIXs6Ahrl0rUK0GZqOw7t.jpg,2.1283,0,0,0,0,103,Post Production,False,,"Horror, Drama",,
1726660,,Corpsing,Corpsing,en,"Cindy and Charlie go out to a party, at the behest of their mother.",,,/v74EZw6Feplwr8fUSpofJHzfs2J.jpg,1.0386,1,10.0,0,0,11,Released,False,,Horror,,
1726788,tt32033705,The 13th Child,The 13th Child,en,"An undercover investigator travels to a secluded country house to probe the disappearance of a missing mother. She soon befriends three strange children under the watchful eye of an ominous father, drawing her deep into a world of pagan superstition.",,,/yCr9F6bXjU9xI3XMPRlp8sWYjAp.jpg,1.1764,0,0,0,0,0,Post Production,False,,Horror,,
1727721,,The Cold Tremor Experiment,The Cold Tremor Experiment,en,Five people are selected for a game show that is not what it seems.,IT WASN'T SENT BY ACCIDENT.,,/8jvENUBmq7IijA72U6nXF7IV29V.jpg,2.158,0,0,0,0,20,Released,False,,"Horror, Thriller, Adventure",,
1728367,,Tantalus,Tantalus,en,"An experimental short inspired by Joseph Sheridan Le Fanu’s 1872 novella, Carmilla. On the eve of her wedding, Lydia's isolated life is disrupted by the arrival of Deianira.",But dreams come through stone walls...,,/71BFvi84VZlB9T1VtXi15CJwi6P.jpg,1.5988,0,0,0,0,9,Post Production,False,,"Fantasy, Horror",,
1729569,,Poohniverse 2,Poohniverse 2,en,Rumored sequel of Poohniverse,,,/rvrdn9DFl4g4d6uf1NqaPuZMTAc.jpg,2.1158,0,0,0,0,0,Rumored,False,/5jAEDJu0FkScTrdarP9ZnzDrQQO.jpg,"Horror, Thriller, Fantasy, Action",1736901,Poohniverse Collection
1729941,,The gears,The gears,en,A daughter tries to convince her mother to leave the family theater.,,,/j0B7RrT0RcUJRDjaxtZhtRMfX7V.jpg,2.8202,0,0,2200,0,12,Released,False,,"Horror, Drama, Family",,
1730130,tt38870922,Deville,Deville,en,"Across five decades, a 1978 Cadillac Coupe DeVille passes through the hands of criminals, idealists, and ordinary people, each chasing their own version of the American dream—unaware they are becoming another chapter in its dark legacy.",Is the American Dream worth dying for?,,/iq1APTLPofYispqQGTJUgiD8sF9.jpg,1.8293,0,0,0,0,0,In Production,False,/lJp543YpBVxom0ee4I0P9VU3Bt9.jpg,"Thriller, Horror",,
1730882,tt33726241,Sundown,Sundown,en,"A woman whose husband has recently died of dementia claims his spirit is haunting her house. When her estranged son Chris learns that Mary believes she is being haunted, he arrives with his filmmaker friend Bill and a spiritualist named Clarissa with the intention of proving to Mary that it’s all in her head.",,,/nA7CPYLRXkhu6oYCxxqjzvRvJ5P.jpg,1.4228,0,0,75000,0,0,Post Production,False,/9oZ4zAvJg5J6NQE10UE5A9mf6Dy.jpg,Horror,,
1731735,tt43655693,Medium Rare,Medium Rare,en,"A man trapped inside a bar, where reality begins to unravel in increasingly disturbing ways.",,,/nQXjEBoOEfCWq0X2bXML0ilv7aK.jpg,1.1751,0,0,0,0,0,In Production,False,,Horror,,
