id,title,runtime_before,runtime_after,status
27772,"Play Dead, Inc.",0.0,86.0,ok
30479,Always Midnight,0.0,0.0,still_zero
30512,Terror Talk,0.0,0.0,still_zero
70019,Experiments in Terror 2,0.0,0.0,still_zero
83035,Waldile - Der Schlimme Killerhund,0.0,0.0,still_zero
91405,Hantu Dalam Botol Kicap,0.0,75.0,ok
171285,The Toy Box,0.0,0.0,still_zero
190066,Frankenstein's Master,0.0,6.0,ok
198572,Hell Walks the Earth,0.0,86.0,ok
225867,Hold Me Now,0.0,5.0,ok
227739,Drako,0.0,75.0,ok
240665,Tiang Seri,0.0,0.0,still_zero
244158,The Oval Portrait,0.0,18.0,ok
257796,Metalosis Maligna,0.0,8.0,ok
272350,The Gothfather,0.0,82.0,ok
272810,The Pizza Man,0.0,48.0,ok
273422,It Exists,0.0,72.0,ok
273675,A Ripper in Canada: Paranormal Hauntings in the Great White North,0.0,66.0,ok
275804,Goosebumps: Scary House,0.0,44.0,ok
276036,Short Cut Road,0.0,0.0,still_zero
282534,Shock,0.0,0.0,still_zero
287528,The Vampyre Wars,0.0,0.0,still_zero
292227,Night Is the Time for Killing,0.0,70.0,ok
294566,Human Antfarm,0.0,0.0,still_zero
294776,Til Death,0.0,0.0,still_zero
295711,The Border,0.0,0.0,still_zero
301080,101st: A-Company,0.0,0.0,still_zero
301431,Vampire Sunrise,0.0,0.0,still_zero
302644,Blood Effects,0.0,82.0,ok
303204,The Businessman,0.0,65.0,ok
305159,City of Lust,0.0,,not_found
306655,The Resurrections of Clarence Neveldine,0.0,14.0,ok
308128,Grandparents from Outer Space,0.0,31.0,ok
317793,The Alien Conspiracy: Grey Skies,0.0,72.0,ok
320781,Bit Parts,0.0,0.0,still_zero
322170,Beneath a Dead Moon,0.0,0.0,still_zero
325617,Lisa Cook's Deadly Workout,0.0,60.0,ok
328525,Days of the Iguanas,0.0,0.0,still_zero
328526,Death By Tights,0.0,0.0,still_zero
329412,The House Behind the Wall,0.0,0.0,still_zero
330747,Eyewitness Murders: An Experiment in Reality Television,0.0,87.0,ok
332160,Big Bad Wolves,0.0,13.0,ok
334003,Blurred Lines,0.0,91.0,ok
344161,Frankenstein,0.0,30.0,ok
344519,The Adventures of the Spirit,0.0,18.0,ok
346560,Legend of Dark Rider,0.0,0.0,still_zero
349057,Blood Money,0.0,87.0,ok
354325,Govan Ghost Story,0.0,59.0,ok
361193,Death Reel,0.0,80.0,ok
362702,The Skulls of Terror Return,0.0,90.0,ok
374114,Ada Apa Dekat Bus Stop,0.0,0.0,still_zero
379565,Kids And The Occult,0.0,116.0,ok
383327,Chloroformed And Cloned Co-Ed,0.0,63.0,ok
387491,Tuning the Sleeping Machine,0.0,13.0,ok
391915,Jinxed,0.0,15.0,ok
405263,Royal,0.0,20.0,ok
407118,The Outer Limits: The New Series - Time Travel and Infinity,0.0,0.0,still_zero
413296,The Passive Evisceration of the Blackened Soul,0.0,5.0,ok
414431,The Cutting Room Floor,0.0,0.0,still_zero
417119,The Reluctant Witch,0.0,118.0,ok
418266,The Vampire's Curse,0.0,70.0,ok
421151,Midnight Bride,0.0,0.0,still_zero
432503,Delete or Decay,0.0,19.0,ok
441451,Massacre At Rocky Ridge,0.0,0.0,still_zero
444950,Psycho Charlie Returns: Part 2,0.0,81.0,ok
444972,The Archer,0.0,43.0,ok
445264,Horror Film 2,0.0,25.0,ok
446198,Cats of Darkness,0.0,240.0,ok
447215,The Monster,0.0,5.0,ok
448645,Nightmare from Snake,0.0,81.0,ok
452499,Tangerine Dream: Inferno,0.0,71.0,ok
453413,Headcheese,0.0,22.0,ok
459614,Your Eyes Are Bleeding,0.0,93.0,ok
469662,Gone But Not Forgotten,0.0,9.0,ok
469663,Gotta Quarter?,0.0,12.0,ok
469665,Sanguinary Desires,0.0,13.0,ok
469666,Edwin Parker,0.0,13.0,ok
471177,Game Changer: The Legacy of Saw,0.0,58.0,ok
471201,The World of Dracula,0.0,0.0,still_zero
478258,Supernatural,0.0,56.0,ok
478810,Psycho Space Demons,0.0,0.0,still_zero
478813,Blood Boy,0.0,0.0,still_zero
478924,Photo Murders,0.0,0.0,still_zero
478975,Dracula: Bloodline,0.0,,not_found
479320,Trilogy of Death,0.0,0.0,still_zero
479331,The Perils of Penelope,0.0,80.0,ok
479337,The Sleepwalker Strangler,0.0,68.0,ok
479345,Sisters,0.0,0.0,still_zero
482245,Born of the Devil,0.0,0.0,still_zero
483378,Vampire Vixens,0.0,31.0,ok
496865,Re-Animator of the Living Dead,0.0,97.0,ok
502940,Graveyard Rot,0.0,74.0,ok
503001,House Mother,0.0,7.0,ok
504180,Animal Moribus,0.0,69.0,ok
504213,Halloween Lurking,0.0,,not_found
504689,Evil Dead: The Musical,0.0,0.0,still_zero
508388,Rodentia,0.0,0.0,still_zero
512835,Reyes,0.0,0.0,still_zero
514165,Revenge of the Pizza King,0.0,8.0,ok
517459,Keith Loves Ava,0.0,59.0,ok
521485,Madman 2,0.0,0.0,still_zero
521563,Twisted Tales 2,0.0,0.0,still_zero
522285,The Brass Ring,0.0,83.0,ok
522729,The Visitor,0.0,13.0,ok
525854,Arnold,0.0,0.0,still_zero
528077,Witch Of Powell Forest,0.0,51.0,ok
530523,Love Is a Stranger Again,0.0,0.0,still_zero
531502,Funnel Web Family Refrigerated,0.0,59.0,ok
533002,Destiny: Vampire Mermaid #2,0.0,25.0,ok
533294,Miss Werewolf,0.0,,not_found
534656,Vampirisa's Velvet Vault Of Horror!,0.0,0.0,still_zero
536449,PAPA,0.0,21.0,ok
537200,Dream Man: Lời Kết Bạn Chết Chóc,0.0,0.0,still_zero
543733,1 B-TV,0.0,0.0,still_zero
552855,Liberty Horror,0.0,30.0,ok
557513,Bus to Dublin,0.0,0.0,still_zero
565500,Camcorder Atrocity,0.0,52.0,ok
565522,The Sadist,0.0,0.0,still_zero
574790,Toby,0.0,20.0,ok
575514,Werewolf of Carle Place,0.0,76.0,ok
578280,Maleorvs,0.0,0.0,still_zero
578443,VCR GHOST,0.0,3.0,ok
578515,Dracula Now,0.0,0.0,still_zero
579156,Lunch Meat,0.0,60.0,ok
579157,White Massacre,0.0,35.0,ok
591309,Here After,0.0,13.0,ok
594030,Mystic Demon Killer,0.0,77.0,ok
596709,The Hourglass,0.0,0.0,still_zero
596725,Oldtowne,0.0,,not_found
602332,the coming of baphomet,0.0,0.0,still_zero
602889,Between Night And Dawn,0.0,0.0,still_zero
604654,Uncertain Doom,0.0,,not_found
607740,Skin of Man,0.0,10.0,ok
609362,Cannibal Island: Jungle Girls Barbecue,0.0,40.0,ok
609374,Dreams Do Come True: A Nightmare,0.0,8.0,ok
617778,Night Out,0.0,,not_found
617868,Jericho Bridge,0.0,0.0,still_zero
618128,Scavenger Hunt,0.0,7.0,ok
618418,Deadly Encounter,0.0,42.0,ok
630890,The Ingress Tapes,0.0,0.0,still_zero
631592,Pantheon Black,0.0,100.0,ok
635040,Xenia: Priestess of Night,0.0,81.0,ok
636893,Black Easter,0.0,,not_found
638669,Lovers Never Say Goodbye,0.0,14.0,ok
640766,Beware,0.0,80.0,ok
640775,Redbox Killer,0.0,0.0,still_zero
641967,Stomach Ache,0.0,2.0,ok
642078,Boogieman 2,0.0,0.0,still_zero
642103,Method,0.0,0.0,still_zero
643288,Snap,0.0,6.0,ok
643502,Rien the Serial Killer,0.0,85.0,ok
645510,Klaus The Devil's Primate,0.0,69.0,ok
648957,Silhouette,0.0,13.0,ok
649984,Alice after Wonderland,0.0,6.0,ok
651511,Back Woods 2: Mama's Beefbilly Jamboree,0.0,60.0,ok
652794,Cursed Words,0.0,6.0,ok
655754,Blue Android,0.0,23.0,ok
659158,Purveyors Of Blood,0.0,56.0,ok
660985,Age of the Wendigo,0.0,8.0,ok
661924,Clowns of Halloween,0.0,60.0,ok
664045,Horsehair,0.0,7.0,ok
667057,Dogs,0.0,1.0,ok
667098,Organ House,0.0,1.0,ok
669974,Ashley,0.0,44.0,ok
676291,Face Value,0.0,10.0,ok
676613,The Great American Novel,0.0,0.0,still_zero
677108,Seeing Double,0.0,0.0,still_zero
678298,The Man in the Cradle,0.0,3.0,ok
680379,CLAPTRAP,0.0,,not_found
682359,The Hands,0.0,4.0,ok
682994,Gift from the Abyss,0.0,0.0,still_zero
686357,Date Night,0.0,6.0,ok
690122,Beauty Is in the Details,0.0,0.0,still_zero
690124,Just the Tip,0.0,0.0,still_zero
690127,Last Number Dialled,0.0,0.0,still_zero
690128,Emoticon,0.0,0.0,still_zero
690131,The Deli-Very,0.0,0.0,still_zero
690135,The Crows of Culver,0.0,0.0,still_zero
690136,Psycho Messenger,0.0,0.0,still_zero
690137,CPR,0.0,0.0,still_zero
690138,Broken Heart,0.0,0.0,still_zero
691397,HorroRitual,0.0,3.0,ok
692421,Dracula's Dirty Daughter,0.0,0.0,still_zero
694435,The Dead of San Angelo,0.0,4.0,ok
694439,Under Cemetery 2: Guanajuato,0.0,6.0,ok
694951,And All Through the House,0.0,8.0,ok
695042,Going Steady,0.0,8.0,ok
699177,The Fiend with the Electronic Brain,0.0,98.0,ok
703882,Il Volto della Follia,0.0,0.0,still_zero
704262,An Evening with my Great Aunt Bedelia,0.0,44.0,ok
706565,Ripper,0.0,,not_found
706778,The Wound,0.0,9.0,ok
709034,Mondo Veneziano: High Noon in the Sinking City,0.0,33.0,ok
709842,Don't Be Afraid,0.0,12.0,ok
712972,Ruby Red,0.0,8.0,ok
713504,Blind Date,0.0,0.0,still_zero
715951,Not a Baby,0.0,12.0,ok
717859,Bara,0.0,102.0,ok
721257,Channel 309 (1-3),0.0,60.0,ok
724985,Soulless,0.0,8.0,ok
726124,Bestiarii,0.0,0.0,still_zero
726784,Let's Give Kitty a Bath!,0.0,11.0,ok
728690,The Intercessor,0.0,52.0,ok
732114,Amityville Confidential,0.0,90.0,ok
732118,The Asylum of the Insane,0.0,9.0,ok
732550,In Search of the Real Frankenstein,0.0,50.0,ok
732945,Pesadelo,0.0,2.0,ok
734557,A tale of an onion witch,0.0,16.0,ok
735423,TAKAYAMANIA EMPIRE II,0.0,188.0,ok
736308,Alien: Covenant - Prologue: The Secrets of David’s Lab,0.0,,not_found
738110,There's a Ghost in the House,0.0,0.0,still_zero
738890,My Imaginary Friend,0.0,3.0,ok
739068,Nightcap,0.0,4.0,ok
742191,Autophobia,0.0,94.0,ok
744388,Verdict,0.0,9.0,ok
744859,Dawn of the Night of the Dead: The Musical,0.0,5.0,ok
745047,Static Tears,0.0,,not_found
747463,Bush Bash,0.0,0.0,still_zero
747512,Resident Evil: Childhood,0.0,54.0,ok
747578,Truly Dreadful Tales,0.0,0.0,still_zero
748561,Toxic Haircut,0.0,2.0,ok
748712,The Ghoul Log: Trick 'r Treat Sam O'Lantern,0.0,60.0,ok
749173,TWD World Beyond: The Journey So Far,0.0,,not_found
749519,Killer Love,0.0,0.0,still_zero
751004,Sociopath,0.0,0.0,still_zero
751969,The Ominous Project Universe Presents: ISOLATION,0.0,0.0,still_zero
752144,Mr. Ticklez,0.0,0.0,still_zero
752148,Scary Stories to Tell by the Campfire: The Green Ribbon,0.0,0.0,still_zero
752281,SCOURGE OF IRON,0.0,,not_found
754801,Stalk It Out,0.0,7.0,ok
756317,Gumshoe,0.0,24.0,ok
757360,How to Build a Haunted House,0.0,84.0,ok
757720,Face Mask,0.0,6.0,ok
758344,FOR HER,0.0,84.0,ok
759665,Hunters,0.0,0.0,still_zero
759802,A Soundass Halloween,0.0,73.0,ok
760272,"A Boat, Beneath A Moonlit Sky",0.0,0.0,still_zero
760608,In The Wild,0.0,,not_found
762655,Dr Turner's Mental Home,0.0,8.0,ok
763453,Turn Off Your Bloody Phone: Norman J. Warren and the Ghost,0.0,1.0,ok
764814,Lumberjacked,0.0,,not_found
765190,The Starey Bampire,0.0,5.0,ok
768632,To Be Devoured,0.0,0.0,still_zero
773274,What Happened to Crow 64?,0.0,13.0,ok
773647,Welcome to Hoxford : The fan film,0.0,,not_found
774118,EverymanHYBRID,0.0,,not_found
774862,Bat Soup,0.0,3.0,ok
776094,Kababalaghan,0.0,0.0,still_zero
776251,Chill Kill with Johnny Stone,0.0,9.0,ok
777177,Thursday: A Day in Quarantine,0.0,0.0,still_zero
777235,Michael Lives! Out of the Basement's 2019 Halloween Special,0.0,7.0,ok
778126,The Monster,0.0,16.0,ok
783340,Quarantine Comic,0.0,,not_found
783729,The night of the invasion of the garden dwarves from outer space,0.0,9.0,ok
784791,Halloween Quarantine,0.0,4.0,ok
786853,September,0.0,10.0,ok
786990,Fetalboy Goes to Hell!,0.0,76.0,ok
787490,The Drawing,0.0,7.0,ok
791335,Lord of the Shadows,0.0,110.0,ok
792251,Turn Your Bloody Phone Off,0.0,,not_found
793370,Romano Sagrado: Talim sa dilim,0.0,101.0,ok
793549,The Fear,0.0,5.0,ok
795742,The Ash: Safe Haven,0.0,0.0,still_zero
796640,Evaporation,0.0,0.0,still_zero
796945,Seasons,0.0,,not_found
797974,The Curse Of Black Annis,0.0,9.0,ok
801773,Vampire in Union City,0.0,0.0,still_zero
802657,Dracula Is Not Dead,0.0,66.0,ok
802724,Blood Panther: The Way of the Cannibal,0.0,78.0,ok
803779,The Rise,0.0,0.0,still_zero
805748,Wilderness,0.0,90.0,ok
807336,The Royal Secret,0.0,10.0,ok
808600,Bitten By Devils,0.0,30.0,ok
809570,Trypophobia,0.0,5.0,ok
809614,Lust Kills,0.0,1.0,ok
810748,Let's Play,0.0,10.0,ok
811743,Rachel's Eyes,0.0,2.0,ok
811816,Alone,0.0,5.0,ok
811869,Friday The 17th,0.0,21.0,ok
812307,Luna,0.0,11.0,ok
812341,FUBAR Vol. 1,0.0,89.0,ok
812557,CONCEITITY,0.0,0.0,still_zero
812641,Poisoned Blood,0.0,11.0,ok
813066,Thrall,0.0,12.0,ok
817499,A Man in Your Room,0.0,6.0,ok
819250,Paint Me in the Opera House,0.0,13.0,ok
821098,Canonização,0.0,16.0,ok
822075,The Tenderizer,0.0,69.0,ok
823202,Project Taring,0.0,0.0,still_zero
823207,Teror,0.0,0.0,still_zero
823210,Bisikan 69,0.0,0.0,still_zero
824657,Weird Ones,0.0,95.0,ok
825162,You Are a Lesbian Vampire,0.0,3.0,ok
825448,Stalker,0.0,0.0,still_zero
827064,Swine,0.0,10.0,ok
827157,Orang Pilihan,0.0,0.0,still_zero
827255,Damnation,0.0,3.0,ok
828192,Kidnapped and Chloroformed Again,0.0,55.0,ok
834192,I Speak for the Dead: The Legacy of Jigsaw,0.0,81.0,ok
839069,Auto Voyeur,0.0,11.0,ok
839552,Puaka,0.0,0.0,still_zero
839647,Pemuja Kubur,0.0,90.0,ok
842521,Hitch Hike,0.0,4.0,ok
843158,"Hey Mister, You're in the Girls' Room",0.0,5.0,ok
845097,The Curse of Lady Lazarus,0.0,8.0,ok
845319,Good Head,0.0,29.0,ok
846423,Road Kill,0.0,24.0,ok
852829,The Groundhog's Day Massacre,0.0,26.0,ok
853334,Leech,0.0,7.0,ok
855190,Night of the Living Dead II,0.0,0.0,still_zero
856221,A Soul at Night,0.0,0.0,still_zero
857141,Haunted House No. 13,0.0,0.0,still_zero
857334,Shadows in the Old House,0.0,0.0,still_zero
858239,The House That Bleeds,0.0,12.0,ok
858975,Bobo,0.0,25.0,ok
860849,Camp Forest Green,0.0,,not_found
862069,Stab Ya In The Face,0.0,,not_found
862818,A Purple Vision,0.0,13.0,ok
863662,Taker of Souls,0.0,2.0,ok
863856,Los Angeles Bondage Murders,0.0,24.0,ok
864237,Minh Tu Le Scissorhands,0.0,,not_found
865008,A Darker Light,0.0,62.0,ok
873668,Are You Ready?,0.0,,not_found
874594,Nail Gun,0.0,0.0,still_zero
876349,Friday the 13th: Death Curse,0.0,,not_found
876708,The Shadow,0.0,145.0,ok
877772,Dead Dad,0.0,2.0,ok
878113,Mother Mortis: Awakening,0.0,0.0,still_zero
880029,Behind You,0.0,10.0,ok
880271,Tranvía,0.0,9.0,ok
880289,Evie,0.0,19.0,ok
881308,Dreams,0.0,,not_found
881310,Danse Macabre,0.0,7.0,ok
881800,The Hound of Hannibal: An American Werewolf,0.0,58.0,ok
881820,VERONICA Skeletons in the Closet,0.0,9.0,ok
882157,The Black Beyond,0.0,73.0,ok
883978,Humpleforeskin: The Res-Erection,0.0,37.0,ok
886871,Jason Goes Back to Hell,0.0,,not_found
887583,Analog Eyes,0.0,0.0,still_zero
888827,Boutique Fantasque,0.0,0.0,still_zero
888842,Bone Gym,0.0,3.0,ok
892426,Ivanka The Baby Snatcher,0.0,10.0,ok
893323,Rosso,0.0,5.0,ok
893861,Chupa,0.0,109.0,ok
894586,American Exposé: Absence of Light,0.0,36.0,ok
896662,Banned & Exposed 200X II,0.0,57.0,ok
896922,1:00 A.M.,0.0,,not_found
900352,Hatch: Found Footage,0.0,0.0,still_zero
901338,Our First Priority,0.0,10.0,ok
904364,Entropic,0.0,0.0,still_zero
904669,Dying IV,0.0,45.0,ok
910807,Fukt,0.0,0.0,still_zero
913120,The Mask of Satan,0.0,0.0,still_zero
913163,Hallucinated,0.0,12.0,ok
915296,Heat It Up! With Chef Richard Beaver,0.0,5.0,ok
915572,Violations,0.0,0.0,still_zero
916120,Friday the 13th: Halloween Night,0.0,,not_found
916710,Mass Male Murder: The Maas Mermaid’s Tale,0.0,7.0,ok
920697,Scary Story,0.0,0.0,still_zero
925988,Revenge of the Great Pumpkin,0.0,7.0,ok
926403,"Bitten, a Tragedy",0.0,19.0,ok
927138,Diversion,0.0,39.0,ok
927287,Ensuring Your Place in Hell,0.0,120.0,ok
928668,Collisions,0.0,7.0,ok
931579,Vampire Weekend,0.0,1.0,ok
932472,DESCENT,0.0,15.0,ok
934611,Sheets of Gore,0.0,96.0,ok
934864,Sweater,0.0,9.0,ok
935978,I Blow Up,0.0,2.0,ok
936602,Hellion,0.0,13.0,ok
936813,Seven Deadly Tapes,0.0,,not_found
936852,The Ominous Project Universe Presents: CARNAGE,0.0,44.0,ok
938049,Donor,0.0,46.0,ok
939224,MONTHLY PROGRESS REPORT,0.0,,not_found
946723,En Blue: Chapter II,0.0,4.0,ok
947822,A Date With A Cheerleader,0.0,,not_found
947930,The Corpse,0.0,8.0,ok
948259,Carnal Redemption,0.0,0.0,still_zero
950201,Unburied Tales,0.0,0.0,still_zero
951980,Glyphs II,0.0,17.0,ok
954659,Oma the Demonic,0.0,0.0,still_zero
955663,Chest Pains,0.0,6.0,ok
956065,Blood and Water II: Book of Z,0.0,0.0,still_zero
956835,Anna and The Dead,0.0,115.0,ok
958256,Stuffed,0.0,0.0,still_zero
958633,Archimime!,0.0,43.0,ok
959767,Buyut,0.0,0.0,still_zero
961428,Die Scream Hate,0.0,7.0,ok
962458,Hell Van,0.0,86.0,ok
963030,Shop from Home,0.0,4.0,ok
963675,Good Mourning,0.0,3.0,ok
964181,The Family and the Zombie,0.0,29.0,ok
966661,Ghost Woman of the Old Mansion,0.0,93.0,ok
966712,Summer of '85: Mackey Returns,0.0,,not_found
967490,Girls' Night Out of Body,0.0,9.0,ok
967557,The Look-See,0.0,17.0,ok
967621,Golden Ears,0.0,3.0,ok
968017,A Deer in the Woods,0.0,,not_found
968688,BOO!,0.0,6.0,ok
968818,The Holy Sinners,0.0,15.0,ok
969719,Out of the Frying Pan,0.0,3.0,ok
971788,Skin,0.0,7.0,ok
972988,Violence Men,0.0,81.0,ok
973970,Deathday,0.0,50.0,ok
974211,2:22,0.0,,not_found
975026,Welcome Home,0.0,50.0,ok
975887,Closed,0.0,11.0,ok
975952,Blood Maze,0.0,0.0,still_zero
977571,Skrømt,0.0,18.0,ok
977632,Kuru,0.0,10.0,ok
978912,Station ID,0.0,,not_found
979499,The AGFA Horror Trailer Show: Videorage,0.0,71.0,ok
980844,An Opening!,0.0,2.0,ok
980845,The Somnambulist,0.0,3.0,ok
982419,Do Not Enter 2,0.0,59.0,ok
982498,Elvira's Movie Macabre: The Satanic Rites Of Dracula,0.0,99.0,ok
983539,Dark Parks,0.0,72.0,ok
983993,Blue Square,0.0,28.0,ok
985448,Any Day Now,0.0,19.0,ok
987772,Cannibal Roommate,0.0,55.0,ok
988192,Wanalathi,0.0,0.0,still_zero
988409,Angels Die Slowly,0.0,,not_found
989223,The Tunnel,0.0,0.0,still_zero
990382,OnlyFans,0.0,,not_found
990577,I Was A Teenage Gorehound,0.0,59.0,ok
993259,Harvest,0.0,45.0,ok
994545,Love is a Fire,0.0,12.0,ok
994640,Sustained Nightmare,0.0,0.0,still_zero
996134,Right Through The Door,0.0,1.0,ok
997546,Axegrinder 3,0.0,,not_found
997622,Sexy Time,0.0,0.0,still_zero
997697,Monster Make-Up,0.0,37.0,ok
999844,Hell House LLC (Director's Cut),0.0,,not_found
1002176,The Mentor,0.0,0.0,still_zero
1002325,The Crystal Lake Massacres Revisited - Part I,0.0,18.0,ok
1002624,Killer Poop 2: Amityville Poo,0.0,0.0,still_zero
1003124,HOT_GIRL_CINDY_ALONE_INHER_ROOM.3gp,0.0,4.0,ok
1003819,Even the Devil Believes in Inflation,0.0,11.0,ok
1006453,Witchfinder 2,0.0,95.0,ok
1006513,Allegro Vivace,0.0,4.0,ok
1006613,The Crystal Lake Massacres Revisited - Part II,0.0,10.0,ok
1006998,Scary Car,0.0,14.0,ok
1008936,The Crystal Lake Massacres Revisited - Part III,0.0,10.0,ok
1009705,The Making of Habit,0.0,24.0,ok
1010754,The Demon Club,0.0,77.0,ok
1011999,Asleep at the Switch,0.0,4.0,ok
1012855,Kidnapped & Chloroformed Coeds,0.0,64.0,ok
1013328,LUCY - A Short Horror Comedy,0.0,16.0,ok
1013667,White Wedding,0.0,16.0,ok
1013932,Prairie,0.0,13.0,ok
1014310,Head Melt,0.0,2.0,ok
1014684,Rise of the Carriers,0.0,,not_found
1014691,Vlad & Nick,0.0,0.0,still_zero
1016361,Final Girl,0.0,10.0,ok
1017014,The Little Demon,0.0,13.0,ok
1017380,Feel My Fright,0.0,0.0,still_zero
1017752,The Shackled Demon Project,0.0,93.0,ok
1019123,Spookie Dookie,0.0,60.0,ok
1019331,The Hands,0.0,,not_found
1019890,All the Shades of Red,0.0,0.0,still_zero
1019951,WUURM,0.0,0.0,still_zero
1020236,Forest Halloween,0.0,0.0,still_zero
1021093,Becoming Creature,0.0,8.0,ok
1021120,Pumpkinman,0.0,,not_found
1022680,Sticky Sock,0.0,2.0,ok
1022700,Tebel Venyn,0.0,7.0,ok
1024223,Meraki,0.0,5.0,ok
1024642,Malevolent,0.0,,not_found
1024687,You're the Killer,0.0,8.0,ok
1025165,Overtime,0.0,18.0,ok
1026066,The Observer,0.0,12.0,ok
1026401,The Ghost Catcher,0.0,89.0,ok
1026606,Do Not Resuscitate,0.0,5.0,ok
1027094,Lovers Retreat,0.0,12.0,ok
1027451,The Blueprint,0.0,5.0,ok
1027665,My Special Boy,0.0,,not_found
1027859,The Hidden,0.0,0.0,still_zero
1027876,No Sleep: Fragments of Horror,0.0,77.0,ok
1028708,Perjanjian Iblis,0.0,0.0,still_zero
1028908,Dual,0.0,12.0,ok
1029324,Deadly Vines,0.0,0.0,still_zero
1029539,"100 Best Kills: Texas Birth Control, Dick Destruction",0.0,90.0,ok
1029663,T is for Tickles,0.0,4.0,ok
1030635,Blight,0.0,,not_found
1030675,Joke's on You,0.0,,not_found
1030678,Happy Birthday,0.0,,not_found
1030680,Death Record,0.0,,not_found
1030684,Rest ( 2021),0.0,,not_found
1030703,Devil's Door,0.0,,not_found
1030705,Diet,0.0,,not_found
1030707,Bed Head,0.0,,not_found
1030789,Doctor Deathface,0.0,100.0,ok
1030928,Ouija,0.0,,not_found
1030937,Ouija 2,0.0,,not_found
1030961,Date With a Serial Killer,0.0,,not_found
1030964,ASMR,0.0,,not_found
1030968,Do Not Call,0.0,,not_found
1031649,Attack of the flying monks,0.0,,not_found
1032419,3 Wishes II,0.0,48.0,ok
1033244,Dead Kids 2,0.0,100.0,ok
1033413,The Unfinished,0.0,70.0,ok
1033431,Nzu,0.0,9.0,ok
1033494,Welcome to Deer Creek,0.0,86.0,ok
1033805,Nocturnal Butcher,0.0,40.0,ok
1033946,Dark Departure 3,0.0,30.0,ok
1034067,Keep Watching the Skies,0.0,21.0,ok
1034245,APOPHENIA,0.0,44.0,ok
1034408,The Return of Dracula,0.0,0.0,still_zero
1034480,Mirror,0.0,8.0,ok
1034732,The Getaway,0.0,6.0,ok
1034785,Mare,0.0,5.0,ok
1034861,Dura,0.0,32.0,ok
1034929,Ride or Die,0.0,7.0,ok
1035013,Late Night Walking,0.0,3.0,ok
1035065,Clean Freak,0.0,16.0,ok
1035084,The Kid's Revenge,0.0,3.0,ok
1035383,Undeveloped,0.0,10.0,ok
1035544,Present,0.0,5.0,ok
1035835,The Legend of Buck Hill,0.0,5.0,ok
1035882,Cannibal Sacrifice 2,0.0,55.0,ok
1036133,You Have No Right To Live,0.0,7.0,ok
1036609,Old Blood,0.0,8.0,ok
1037017,Dead Body Man Chronicles,0.0,110.0,ok
1037217,Laugh Baby Baby Laugh,0.0,3.0,ok
1037618,You and Me and You Again,0.0,11.0,ok
1037664,Welcome to the Game,0.0,48.0,ok
1037684,Cicada: I Was a Teenage Horror Movie!,0.0,63.0,ok
1037854,Deep Tissue,0.0,10.0,ok
1037863,Finding Flubber,0.0,40.0,ok
1037903,Our Trip to Berribrook,0.0,90.0,ok
1038092,John Doe: Video Diary of a Serial Killer,0.0,75.0,ok
1038143,"Anything, Anything",0.0,7.0,ok
1038454,DVD,0.0,41.0,ok
1038460,DVD 2,0.0,46.0,ok
1038621,Z Investigation,0.0,10.0,ok
1038699,The Face Of Oblivion,0.0,21.0,ok
1038711,Red Flooded You,0.0,5.0,ok
1038887,Paws,0.0,6.0,ok
1039103,The Lady's Guide To Surviving The Zombie Apocalypse,0.0,2.0,ok
1039282,Fiber Optics,0.0,10.0,ok
1039335,KILLER KABBAGE,0.0,35.0,ok
1039368,Black Forest,0.0,103.0,ok
1039442,The Sparkle Spell: Ghosting Made Fun!,0.0,0.0,still_zero
1039750,The Bogus Beast Project,0.0,11.0,ok
1039898,Burying,0.0,12.0,ok
1040134,Pest,0.0,1.0,ok
1040155,Blood Dreams,0.0,61.0,ok
1040516,Corduroy,0.0,3.0,ok
1040551,Home-Killer,0.0,1.0,ok
1040562,Magic Cottage,0.0,25.0,ok
1040938,The Sleep Study Murders,0.0,47.0,ok
1041265,Paranormal Pencil,0.0,33.0,ok
1041471,The Great Wake,0.0,8.0,ok
1041569,The Blair Rat Project,0.0,8.0,ok
1042091,The Witch of Devils Canyon,0.0,47.0,ok
1042114,They're Gone,0.0,94.0,ok
1042158,Hoax,0.0,80.0,ok
1042250,Sama Ka?,0.0,0.0,still_zero
1042253,VLOG: Sasama Ka Ba?,0.0,37.0,ok
1042321,Ryan's House Ends,0.0,6.0,ok
1042394,The Knock,0.0,4.0,ok
1042407,Night of The Daniels,0.0,9.0,ok
1042435,Parasomnia,0.0,3.0,ok
1042678,Toilet Paper Soldiers,0.0,55.0,ok
1042962,Revival of Darkness: Beyond the Grave,0.0,0.0,still_zero
1043041,Nowhere To Escape,0.0,11.0,ok
1043291,Can I Help You?,0.0,3.0,ok
1043306,Spooky House,0.0,8.0,ok
1043590,Annie's Lamp,0.0,3.0,ok
1043648,Bingo,0.0,2.0,ok
1044433,Gap Year 2018.mov,0.0,52.0,ok
1044551,Judy,0.0,16.0,ok
1044827,"The Day ""IT"" Came",0.0,2.0,ok
1044908,Static,0.0,4.0,ok
1045001,Tumbal Kenikmatan Portabel,0.0,13.0,ok
1045145,Televoir,0.0,15.0,ok
1045190,The Missisippi Tapes,0.0,27.0,ok
1045275,Carter,0.0,86.0,ok
1045536,1911,0.0,8.0,ok
1045620,Let's Bounce,0.0,5.0,ok
1045745,The Bag Witch Project,0.0,39.0,ok
1045980,Solita,0.0,7.0,ok
1045983,The Bellaire House (The Heatherington Family),0.0,40.0,ok
1046059,The Ucxioru Cult Tape,0.0,5.0,ok
1046150,Another Nightmare: The Dream Legacy,0.0,20.0,ok
1046909,Acronychal,0.0,142.0,ok
1047376,Valley of Sickness and Death,0.0,122.0,ok
1047453,Legends of Burkittsville: 3 Days Before Heather Left,0.0,40.0,ok
1047810,Tap Man,0.0,2.0,ok
1048107,Night Crew,0.0,6.0,ok
1048127,Lets fuck part 2,0.0,23.0,ok
1048232,Our Lady of Sorrows,0.0,7.0,ok
1048237,STOP,0.0,5.0,ok
1048372,Giving Up The Ghost,0.0,14.0,ok
1048694,"Videozone: The Making of ""Puppet Master 4""",0.0,21.0,ok
1048697,"Videozone: The Making of ""Curse of the Puppet Master""",0.0,20.0,ok
1048700,"Videozone: The Making of ""Puppet Master 5""",0.0,26.0,ok
1048957,There is no food,0.0,5.0,ok
1049249,Douen,0.0,15.0,ok
1049827,Dissonant,0.0,11.0,ok
1050317,The Eucharist,0.0,6.0,ok
1050366,Krampen,0.0,10.0,ok
1050581,Don't Feed the Horses,0.0,2.0,ok
1050988,Hadron,0.0,100.0,ok
1051170,Found Footage Dracula,0.0,25.0,ok
1051317,CREEKER,0.0,12.0,ok
1051321,Joy,0.0,14.0,ok
1051738,The Madness in the Grooves,0.0,29.0,ok
1051946,Do Us Part,0.0,22.0,ok
1052113,5 Candles,0.0,0.0,still_zero
1052147,SPOT,0.0,5.0,ok
1052194,Trick or Bleat,0.0,19.0,ok
1052244,Sakobi: The Snake Girl,0.0,107.0,ok
1052409,Find Me,0.0,0.0,still_zero
1052633,Last Burial,0.0,102.0,ok
1052716,Thanksgiving 1978,0.0,7.0,ok
1052749,Portrait of Michael Vogler,0.0,4.0,ok
1052775,Footage Found,0.0,5.0,ok
1052849,The Watcher's Woods,0.0,8.0,ok
1052853,Roadkill,0.0,7.0,ok
1052857,Bigfoot,0.0,5.0,ok
1052907,Trepidation,0.0,73.0,ok
1053106,The Shack,0.0,22.0,ok
1053328,Fire Shall Come,0.0,5.0,ok
1053746,LOUD,0.0,25.0,ok
1054029,Everybody Wants It All,0.0,3.0,ok
1054299,Noseman,0.0,8.0,ok
1054422,Blamed,0.0,90.0,ok
1054426,Waterlogged,0.0,0.0,still_zero
1054853,The Eel,0.0,0.0,still_zero
1054947,Door Into Darkness,0.0,85.0,ok
1054958,Last Known Interview With Zachary Weinstein (100 Years Old),0.0,8.0,ok
1055068,Shin Yotsuya Ghost Story,0.0,0.0,still_zero
1055384,Maniacal Night,0.0,81.0,ok
1055777,MANANG,0.0,5.0,ok
1056376,Spilling Blood,0.0,0.0,still_zero
1056446,Cheaders Creek,0.0,4.0,ok
1056495,PT: Urban Legend,0.0,15.0,ok
1056502,Paranoia Tapes X: The Night Stalker Case Investigation,0.0,80.0,ok
1056548,Paranormal Stuff,0.0,0.0,still_zero
1056780,Clowning Around,0.0,15.0,ok
1058028,Sleeping Demon,0.0,8.0,ok
1058306,Mystery Box,0.0,18.0,ok
1058860,The Girl in the Gramophone,0.0,20.0,ok
1059149,Deeds of the Dead,0.0,8.0,ok
1059555,MARMITE,0.0,4.0,ok
1059901,Feed,0.0,11.0,ok
1060183,WWW,0.0,5.0,ok
1060227,WNUF Christmas Special,0.0,2.0,ok
1060240,AKARI,0.0,6.0,ok
1060460,THE CHAIN,0.0,0.0,still_zero
1060851,SOMETHING IS SERIOUSLY WRONG WITH TYLER,0.0,8.0,ok
1061020,The Farmer's Daughters,0.0,5.0,ok
1061120,Winter's Bite,0.0,12.0,ok
1061347,3: All Hallow's Eve,0.0,104.0,ok
1061422,Rec,0.0,4.0,ok
1061524,Tick.,0.0,8.0,ok
1061944,Vivid,0.0,32.0,ok
1061964,Stares,0.0,15.0,ok
1062127,I’m No Longer Here,0.0,23.0,ok
1062171,"Backwards Heaven, Forward Hell?",0.0,11.0,ok
1062851,Prime-Age,0.0,13.0,ok
1063589,Devil’s Knock,0.0,65.0,ok
1063687,Malingee,0.0,7.0,ok
1064462,Gorge,0.0,12.0,ok
1064497,INTERSTICE,0.0,4.0,ok
1064591,H3INEKEN,0.0,2.0,ok
1064775,Vapor Green,0.0,45.0,ok
1064784,Color Space Blood Red,0.0,30.0,ok
1065131,Left,0.0,6.0,ok
1065719,The Faceless: Director's Cut,0.0,3.0,ok
1065769,Reflection of a Tormented Butterfly,0.0,5.0,ok
1065869,MAL,0.0,16.0,ok
1065934,Bug Complex,0.0,7.0,ok
1065938,Tequila,0.0,7.0,ok
1066511,Peekaboo,0.0,3.0,ok
1066780,Leftover Tapes: Epiphany Inside,0.0,5.0,ok
1067066,Suicide Technical Considerations,0.0,1.0,ok
1067090,Shape,0.0,2.0,ok
1067509,Untitled 001,0.0,0.0,still_zero
1068362,Deep Sleep,0.0,10.0,ok
1068478,The Fappening,0.0,5.0,ok
1069510,Let Us In!,0.0,58.0,ok
1069630,Bones in the Barn,0.0,24.0,ok
1069869,Suicide School Girls,0.0,72.0,ok
1070225,Night of the Loving Dead,0.0,0.0,still_zero
1070432,The Guest,0.0,5.0,ok
1070455,Swallow,0.0,9.0,ok
1071084,Dendam Hantu Latah,0.0,90.0,ok
1071199,Jenny’s House,0.0,36.0,ok
1071258,Secret Horror,0.0,14.0,ok
1071279,Witchbait,0.0,0.0,still_zero
1071607,Tales of the Undead,0.0,90.0,ok
1071644,Nightmare,0.0,2.0,ok
1071904,Staying Dead,0.0,6.0,ok
1072081,Rush,0.0,2.0,ok
1072357,Slash,0.0,1.0,ok
1072680,Mark,0.0,1.0,ok
1072780,The Scary Tennis Ball,0.0,1.0,ok
1073411,Rumah Terpilih: Titipan Benda Ghaib,0.0,0.0,still_zero
1073556,The Scary Tennis Ball part 2,0.0,2.0,ok
1073968,The Persistence of Time,0.0,9.0,ok
1075391,The Doc,0.0,22.0,ok
1075495,Christmas Movie,0.0,7.0,ok
1075616,Suspicious Sounds of a Reclusive Housemate,0.0,11.0,ok
1075848,Grandma’s little boy,0.0,0.0,still_zero
1076095,Alma Mater,0.0,16.0,ok
1076318,Dracula Unearthed,0.0,68.0,ok
1076759,Squeeze,0.0,3.0,ok
1077198,Rose Tinted,0.0,12.0,ok
1077222,Lost Dojo Warriors GFantis Commercial,0.0,4.0,ok
1077691,2015,0.0,8.0,ok
1078317,Gothic Hastings Experiment,0.0,6.0,ok
1078360,Blink,0.0,3.0,ok
1078453,Sacrificial Birth,0.0,10.0,ok
1078460,Final Scream,0.0,30.0,ok
1078470,The Shifters,0.0,15.0,ok
1078474,Dementia,0.0,40.0,ok
1078479,The Harvester,0.0,60.0,ok
1078492,One for the Road,0.0,90.0,ok
1078664,Regeneration,0.0,8.0,ok
1078670,Four Polaroids,0.0,30.0,ok
1079740,Modified Apocalypse,0.0,15.0,ok
1079928,Subliminal,0.0,20.0,ok
1079992,One Night On Dover St.,0.0,12.0,ok
1080299,D.O.D.,0.0,18.0,ok
1080419,Surreal Broadcast,0.0,0.0,still_zero
1080942,Salem's Flames,0.0,9.0,ok
1081494,The Sapphic Evil Within,0.0,2.0,ok
1081619,Frankenstein: How to Make a Monster,0.0,0.0,still_zero
1082805,No Is Yes,0.0,38.0,ok
1083022,I Saw My Death,0.0,5.0,ok
1083567,Abeyance,0.0,14.0,ok
1083816,Haunted,0.0,106.0,ok
1084232,Man of the House,0.0,0.0,still_zero
1085000,Blood Lust,0.0,5.0,ok
1085394,Harry Is Not Okay,0.0,14.0,ok
1086238,Borealis,0.0,5.0,ok
1086810,Compound 87,0.0,0.0,still_zero
1086907,Lobo,0.0,0.0,still_zero
1088423,MISSING,0.0,3.0,ok
1088424,ON THE OTHER SIDE,0.0,3.0,ok
1088454,Uncle Cankle and the Dancing Ankle,0.0,12.0,ok
1088498,The Market Street 6,0.0,0.0,still_zero
1088784,Lurker,0.0,11.0,ok
1088798,Evil Night,0.0,3.0,ok
1089235,The Man Who Went Missing in Black Hawk County,0.0,64.0,ok
1089242,This Isn’t a Movie,0.0,0.0,still_zero
1089959,Phantasmagoria,0.0,7.0,ok
1090289,Bloodline,0.0,25.0,ok
1090549,Kerb Crawlers,0.0,0.0,still_zero
1091254,Ang Kwento Sa Bahay Ni Lola,0.0,0.0,still_zero
1092006,Sangre Dulce,0.0,1.0,ok
1093028,James Thurber’s The Night the Ghost Got In,0.0,17.0,ok
1093367,ARGOS,0.0,4.0,ok
1093767,God Will Fall,0.0,37.0,ok
1093769,Erotic Green,0.0,24.0,ok
1093790,A Perfect Slice,0.0,23.0,ok
1093850,Leather,0.0,30.0,ok
1094017,Gasoline,0.0,36.0,ok
1094113,Sally's Escape from Hell,0.0,9.0,ok
1094324,The Butchery of Leatherface,0.0,7.0,ok
1094329,RAW,0.0,6.0,ok
1095844,Stalemate,0.0,10.0,ok
1096130,Night of the Witch,0.0,5.0,ok
1096304,Lost In The Woods,0.0,11.0,ok
1096486,The Stone House,0.0,100.0,ok
1096497,Didn't You Used to Be Satan?,0.0,24.0,ok
1096762,Erzsabet and the Mystery of Iniquity,0.0,38.0,ok
1096864,The Statement,0.0,15.0,ok
1096890,"What Happens in the Mountains, Should Stay in the Mountains Part ll",0.0,60.0,ok
1097190,Haunt 2,0.0,0.0,still_zero
1097473,Night of the Living Denim,0.0,5.0,ok
1097964,Black Magic,0.0,83.0,ok
1097983,Cheap Thrills: Those Drive-in Horror Flicks,0.0,76.0,ok
1098008,Horrifying Tales From the Dead,0.0,80.0,ok
1098163,Tales From All Hallows Eve,0.0,73.0,ok
1099228,Black Dog,0.0,65.0,ok
1099664,Petunia,0.0,6.0,ok
1099667,Pray,0.0,12.0,ok
1099671,Rest Stop,0.0,8.0,ok
1099767,Head-Hunter,0.0,2.0,ok
1100221,The Beast,0.0,93.0,ok
1100342,Danse Macabre,0.0,13.0,ok
1100730,Faceless,0.0,7.0,ok
1100841,Sailor Fight!,0.0,111.0,ok
1100849,Sailor Fight!,0.0,57.0,ok
1101500,Maidens In Distress,0.0,9.0,ok
1102227,MAY 9 2022,0.0,8.0,ok
1102547,That Man Upstairs Isn't Your Husband,0.0,0.0,still_zero
1102711,KAROLING,0.0,3.0,ok
1103018,Chunk Blower,0.0,4.0,ok
1103193,Aunt Linda,0.0,6.0,ok
1103194,Catalog,0.0,9.0,ok
1103383,Fever Dream,0.0,3.0,ok
1103441,Vórtice,0.0,10.0,ok
1103892,Mia,0.0,0.0,still_zero
1104428,The Little Helpers,0.0,5.0,ok
1105377,Shudder,0.0,3.0,ok
1105703,Pulling Teeth,0.0,4.0,ok
1105971,Mommy’s Dinner,0.0,5.0,ok
1106982,15/05/11 - ABANDONED GRAIN ELEVATOR,0.0,55.0,ok
1107501,Meconium,0.0,10.0,ok
1108428,IDLE WILD,0.0,12.0,ok
1108429,Innocence,0.0,6.0,ok
1108447,Seed,0.0,8.0,ok
1108501,Caller on Line One,0.0,10.0,ok
1108898,Hold My Scissors,0.0,4.0,ok
1108993,I'm Not Cut Out For This!,0.0,11.0,ok
1109467,Hell Below Us,0.0,12.0,ok
1109739,Synchronicity,0.0,105.0,ok
1109928,Necrophiliac and the Killer Gimps,0.0,77.0,ok
1110171,Necromance: A Love Story,0.0,61.0,ok
1110645,Elves on the Shelves,0.0,8.0,ok
1110649,Elf on the Shelf,0.0,6.0,ok
1111687,The Zombie Vlogs,0.0,46.0,ok
1111954,Vampyr Summer,0.0,21.0,ok
1112000,Red Peak,0.0,20.0,ok
1112200,LAST MAN,0.0,11.0,ok
1112558,Dream Therapy,0.0,1.0,ok
1112585,Work of Art.,0.0,2.0,ok
1113072,My Home Is Burning,0.0,2.0,ok
1113305,Slay Ride,0.0,58.0,ok
1113412,Guinea Pig: Slaughter Special,0.0,73.0,ok
1113513,High Stakes,0.0,2.0,ok
1113515,Wolf Whistle,0.0,5.0,ok
1113518,The Wanderer,0.0,11.0,ok
1113786,Attack of the Ambition!!! (Or the making of the Masked Stabber),0.0,12.0,ok
1114965,Séance,0.0,0.0,still_zero
1115037,453%%#$**---,0.0,77.0,ok
1115159,Fragments,0.0,7.0,ok
1115761,Trail of Doom,0.0,0.0,still_zero
1116457,Parlour,0.0,0.0,still_zero
1116536,P.U.L: Project Urban Legend,0.0,118.0,ok
1116717,Peek-A-Boo,0.0,1.0,ok
1117178,Majestic Mountains,0.0,60.0,ok
1117384,Ryan's House Presents: Creatures from Beyond,0.0,10.0,ok
1117389,Octophobia,0.0,6.0,ok
1117400,Ryan's House Presents: Return from Beyond,0.0,9.0,ok
1117462,The Dream,0.0,3.0,ok
1117656,Beach Crawler,0.0,1.0,ok
1118517,Get Away,0.0,16.0,ok
1119107,Appetizer,0.0,8.0,ok
1119425,Vampire,0.0,13.0,ok
1119487,Gavin Serve,0.0,0.0,still_zero
1119855,KRANCH 1 + 2,0.0,3.0,ok
1120132,Man-Wolf,0.0,10.0,ok
1120409,Pursuit: The Search for Bigfoot,0.0,79.0,ok
1120478,Burlington Paranormal,0.0,21.0,ok
1120727,How to Survive Your First Date,0.0,9.0,ok
1120824,Paige Mayfair's Guide To Power,0.0,0.0,still_zero
1121283,Another Morning,0.0,1.0,ok
1121322,Motor Home From Hell,0.0,105.0,ok
1121405,Alone,0.0,6.0,ok
1121690,HELLSWINE,0.0,3.0,ok
1121866,"Videozone: The Making of ""The Creeps""",0.0,23.0,ok
1121872,"Videozone: The Making of ""Castle Freak""",0.0,9.0,ok
1121886,Videozone 2021: Baby Oopsie,0.0,12.0,ok
1121895,"Videozone: The Making of ""Trancers II""",0.0,25.0,ok
1122432,Totally N Utterly,0.0,8.0,ok
1123380,"Come, Play!",0.0,60.0,ok
1125107,Romeo Contra La Muzzarella Lisergica Asesina,0.0,15.0,ok
1125205,Haunted Houses,0.0,0.0,still_zero
1125365,Mr. Withers' Apartment,0.0,3.0,ok
1125443,Project Heat: Halloween,0.0,37.0,ok
1125639,"The Haunted Jizo of Shimo-Mizuno, Sayama City",0.0,105.0,ok
1126090,The Russian Doll,0.0,36.0,ok
1126095,House of Prey,0.0,3.0,ok
1127050,Prédation,0.0,7.0,ok
1127459,Disasterpiece Theater: It's Only A Game,0.0,12.0,ok
1127466,Disasterpiece Theater: Terror Dream,0.0,19.0,ok
1127474,Disasterpiece Theater: Fiction or Non-Fiction?,0.0,14.0,ok
1128181,The Devil Lives Upstairs,0.0,62.0,ok
1128653,The Tin,0.0,5.0,ok
1129342,The Telling,0.0,18.0,ok
1129446,I’ve Been Hearing Strange Noises from My Attic…,0.0,2.0,ok
1129567,The Seeker,0.0,17.0,ok
1130797,Fear The Living,0.0,15.0,ok
1131190,DEAD RADIO,0.0,8.0,ok
1131282,Dumb Dumbs,0.0,0.0,still_zero
1131407,In the Basement,0.0,0.0,still_zero
1131907,The Grove,0.0,42.0,ok
1132413,Keep Scrolling,0.0,4.0,ok
1132916,The Booker,0.0,12.0,ok
1133345,The Third Roommate,0.0,15.0,ok
1134241,Mad House,0.0,21.0,ok
1134537,Suspicious Minds,0.0,11.0,ok
1134663,Radio Head,0.0,13.0,ok
1134664,Wash It Off,0.0,5.0,ok
1135134,Reflections,0.0,14.0,ok
1135212,Demons Don't Die,0.0,25.0,ok
1136314,Darkness Is Coming,0.0,40.0,ok
1137054,Bloody Halloween,0.0,0.0,still_zero
1138221,A Catalyst,0.0,1.0,ok
1138325,Jaden and the Will of the Smiths,0.0,5.0,ok
1138689,The Eyes of the Panther,0.0,60.0,ok
1140878,Socks and Robbers,0.0,9.0,ok
1140881,Dark Chronicles,0.0,0.0,still_zero
1141741,Sunday Scaries,0.0,45.0,ok
1141754,Hunting A Pigman: Part One,0.0,13.0,ok
1141758,The Curse Of The Fatwolf,0.0,16.0,ok
1142205,Son of Psycho Meets a Gorilla,0.0,39.0,ok
1142226,Conspiracy World,0.0,0.0,still_zero
1142238,Night Out,0.0,13.0,ok
1142255,Stairs,0.0,0.0,still_zero
1142293,A Christmas Miracle,0.0,4.0,ok
1142305,Scary Burrie,0.0,0.0,still_zero
1142358,Where.uvi,0.0,2.0,ok
1142702,Beyond the Veil in Bodmin Jail,0.0,2.0,ok
1143000,Untitled Slasher,0.0,6.0,ok
1143330,Letters,0.0,9.0,ok
1143399,Alienated,0.0,14.0,ok
1143868,Maximum Strollerdrive,0.0,0.0,still_zero
1144063,Abandoned,0.0,23.0,ok
1144180,Bloody Bluefield,0.0,88.0,ok
1144279,Crypts,0.0,65.0,ok
1144528,Discharged,0.0,2.0,ok
1145501,A Gift for Toby,0.0,7.0,ok
1145740,X MILITARY,0.0,0.0,still_zero
1145846,"Water, Water, Everywhere ...",0.0,5.0,ok
1145866,The End,0.0,7.0,ok
1147348,Boredom,0.0,7.0,ok
1147512,Maxx Bloodd: Vampire Spy,0.0,40.0,ok
1147960,Epilogue,0.0,13.0,ok
1148573,El Lechero,0.0,6.0,ok
1148770,The Little Garden Gnome,0.0,2.0,ok
1148848,Saturday Date,0.0,0.0,still_zero
1149695,Dodenspel,0.0,18.0,ok
1149701,Young Faustus,0.0,6.0,ok
1150081,Rideshare,0.0,16.0,ok
1150497,Shock-X-Treme Vol 2: Death.com,0.0,65.0,ok
1150929,Drained,0.0,5.0,ok
1151080,Blood Night,0.0,0.0,still_zero
1151474,"Nang Nak Phra Khanong, New Episode",0.0,0.0,still_zero
1151692,Mondo Shock 2,0.0,44.0,ok
1151695,Mondo Shock 3,0.0,40.0,ok
1151700,VHS Violence II: VHS and KILL,0.0,0.0,still_zero
1151709,Tales for the Campfire,0.0,65.0,ok
1151713,The Horror House Cult Murders,0.0,73.0,ok
1151716,Dead Ending,0.0,13.0,ok
1151746,Sacrifice Me,0.0,4.0,ok
1151750,Escape From Suffering,0.0,7.0,ok
1151754,Curse of the Black Cat,0.0,29.0,ok
1151757,Pizza Ghoul,0.0,9.0,ok
1151820,Deep Dwellers,0.0,6.0,ok
1152303,Ravenwing & Cybercop vs Spellbynder,0.0,59.0,ok
1152341,Video Tape A #1,0.0,2.0,ok
1152466,At Least He Didn't Eat the Bodies.,0.0,18.0,ok
1152470,Mark of the Beast,0.0,64.0,ok
1152639,Watch Them Die Slowly,0.0,60.0,ok
1152735,Don’t Go into the Lake,0.0,0.0,still_zero
1152737,Hag,0.0,15.0,ok
1153628,Das Buch Der Blutigen Geschichten,0.0,0.0,still_zero
1153861,EVERYTHING WILL KILL YOU - SNAP,0.0,6.0,ok
1154187,Attack of the Undead,0.0,37.0,ok
1154831,*666,0.0,3.0,ok
1155261,Severed Lives,0.0,45.0,ok
1155556,The Fight or Flight Response,0.0,0.0,still_zero
1155814,Worm,0.0,6.0,ok
1156002,So bad,0.0,5.0,ok
1156532,Smoking Drill,0.0,1.0,ok
1156820,Meat's Meat... And Man's Gotta Eat,0.0,36.0,ok
1156834,The Smell of Death,0.0,42.0,ok
1157983,A Banded Perturbation,0.0,9.0,ok
1158031,Midnight,0.0,3.0,ok
1158052,Fright,0.0,5.0,ok
1158226,Journey to the Unknown,0.0,105.0,ok
1158427,Temptation,0.0,78.0,ok
1158505,The Ancestry,0.0,3.0,ok
1158513,Starve,0.0,2.0,ok
1159437,It's Coming,0.0,1.0,ok
1159456,The Hauntening,0.0,5.0,ok
1159764,The Trick or Treaters 2: Full Harvest,0.0,0.0,still_zero
1161687,Stranger,0.0,7.0,ok
1161738,Cure,0.0,2.0,ok
1162176,Homestay,0.0,6.0,ok
1162334,Radio Silence,0.0,0.0,still_zero
1162338,Three Dreamers,0.0,0.0,still_zero
1162418,Lilith,0.0,15.0,ok
1162841,The Invitation,0.0,7.0,ok
1163216,Doll Eyes,0.0,7.0,ok
1163339,PANIC,0.0,3.0,ok
1163930,Elevator Express,0.0,2.0,ok
1163931,Tesla's Suicide,0.0,3.0,ok
1163964,Unfazed,0.0,3.0,ok
1164387,For a Moment,0.0,1.0,ok
1164563,Return of the Redneck Zombies,0.0,70.0,ok
1165947,¿Dónde estoy?,0.0,3.0,ok
1166523,One Time In The Woods,0.0,6.0,ok
1166592,Neethraa,0.0,83.0,ok
1167553,Frankenstein (I Swear on My Mother's Eyes) The True Story,0.0,57.0,ok
1167764,Sympathy,0.0,100.0,ok
1168257,Cooperate,0.0,14.0,ok
1169406,The Fumigation Before Christmas,0.0,1.0,ok
1169439,"Strange Encounters: Vampires, UFOs and Hauntings",0.0,87.0,ok
1170919,Pizza Express,0.0,74.0,ok
1171889,The Wandering Soul,0.0,1.0,ok
1172107,Blood Orange,0.0,10.0,ok
1172468,Hellbox,0.0,7.0,ok
1172491,Skinny Puppy: Last Rights Backing Film,0.0,66.0,ok
1172493,Skinny Puppy: Too Dark Park Backing Film,0.0,63.0,ok
1172678,Cannot Play Title,0.0,3.0,ok
1172731,ONE NIGHT EVERYWHERE,0.0,6.0,ok
1172809,The Dog Barks,0.0,16.0,ok
1173124,Pill Head Ed,0.0,80.0,ok
1173172,Monster Cat Akabe Daimyojin,0.0,65.0,ok
1173194,Monsters Catcher Oedo Seven Changes,0.0,80.0,ok
1173196,Yaji Kita Cat Ghost Road,0.0,74.0,ok
1173316,The Silver Scream 2: Welcome to Horrorwood,0.0,42.0,ok
1175503,Bump In The Night,0.0,5.0,ok
1175699,Booty Lick Witch,0.0,20.0,ok
1176360,The Dinner,0.0,7.0,ok
1177018,Vampire,0.0,3.0,ok
1178729,"Chicken, Its what’s for Dinner",0.0,3.0,ok
1178769,Face,0.0,1.0,ok
1178905,The Black Hole,0.0,3.0,ok
1179626,Roadkill Moon,0.0,8.0,ok
1179922,Plantlife,0.0,3.0,ok
1180058,Firebrand: Dead or Alive,0.0,0.0,still_zero
1181627,Untitled,0.0,0.0,still_zero
1182051,The Novelty,0.0,12.0,ok
1182064,The Lantern,0.0,14.0,ok
1182074,The Roman,0.0,12.0,ok
1182081,The Should-Not-Be,0.0,23.0,ok
1182087,The Ex-Pat,0.0,3.0,ok
1182097,The Devil Doll,0.0,20.0,ok
1182169,Smoker of the Future,0.0,1.0,ok
1182175,Baby,0.0,1.0,ok
1182454,The Bloodville Massacre,0.0,3.0,ok
1182528,Bile,0.0,3.0,ok
1182750,Give Me Something Good To Eat,0.0,6.0,ok
1182752,Answer Me,0.0,4.0,ok
1183096,Elvira’s Movie Macabre: Night Of The Living Dead,0.0,90.0,ok
1184020,Dry,0.0,13.0,ok
1184230,Maniac,0.0,8.0,ok
1184300,Frankenstein Reborn,0.0,18.0,ok
1184506,Cattywampus,0.0,25.0,ok
1184925,Midnight Oxygen,0.0,0.0,still_zero
1185377,PCME,0.0,4.0,ok
1186141,The “Damsel”,0.0,3.0,ok
1186349,Milk,0.0,6.0,ok
1186352,Citizen Twain Chapter 1: No Country For Bald Men,0.0,23.0,ok
1186354,The Little Boys Room,0.0,22.0,ok
1186356,The Muppet Video,0.0,36.0,ok
1186362,The Man Who Would Be Michael,0.0,41.0,ok
1186883,Sudoku,0.0,4.0,ok
1186897,Downturned Umbrellas,0.0,4.0,ok
1186909,Permanent Halloween,0.0,10.0,ok
1187044,Haunted Hollow,0.0,0.0,still_zero
1187295,Brain-Shaker,0.0,8.0,ok
1187464,Temptation of the Spiritual World,0.0,0.0,still_zero
1187937,Halloween Top 20,0.0,42.0,ok
1188083,A Professional Relationship,0.0,10.0,ok
1188097,Upon Reflection,0.0,8.0,ok
1188626,Operation Storm Cloud,0.0,53.0,ok
1188767,Open House,0.0,11.0,ok
1189016,A Haunting on Adams Street: The Haunted Saginaw Museum,0.0,115.0,ok
1189390,Strange Harvests 1993,0.0,51.0,ok
1189888,FARN PORM,0.0,18.0,ok
1190057,Uncommon Bond,0.0,85.0,ok
1190330,Haunted Stories And Tales Of Horror,0.0,0.0,still_zero
1191920,The Red Mirror,0.0,0.0,still_zero
1191937,GONE,0.0,2.0,ok
1192022,Tick,0.0,24.0,ok
1192146,Toga Party Massacre,0.0,36.0,ok
1192736,Druh,0.0,0.0,still_zero
1193186,Midnight Talk,0.0,12.0,ok
1193262,Revenge of the Muffin Man,0.0,7.0,ok
1195248,So Extremely Itchy,0.0,1.0,ok
1195625,The Chair,0.0,10.0,ok
1195715,Psychoville Halloween Special,0.0,48.0,ok
1196315,SNH-2587,0.0,11.0,ok
1197078,Halloween Party,0.0,8.0,ok
1197991,Hottieween,0.0,16.0,ok
1198322,sade me,0.0,0.0,still_zero
1198343,Heleno,0.0,18.0,ok
1199546,HOUSE 6,0.0,80.0,ok
1199610,In My Bones,0.0,15.0,ok
1200167,Abandoned Explored,0.0,4.0,ok
1201165,No Such Thing,0.0,12.0,ok
1201327,Tear My Heart To Sleep,0.0,0.0,still_zero
1201757,In Sickness and in Health,0.0,43.0,ok
1202135,The Sense,0.0,5.0,ok
1202329,Winder,0.0,6.0,ok
1204431,The Chair,0.0,1.0,ok
1204648,The Cranberry Hour,0.0,4.0,ok
1205119,Ghostwriter: Attack of the Slime Monster,0.0,89.0,ok
1205804,They're Coming,0.0,10.0,ok
1205812,The Box,0.0,15.0,ok
1205906,Seasons Greetings,0.0,4.0,ok
1206388,Wisborg,0.0,2.0,ok
1206952,Shocktail Hour: Werewolves! Zombies! ...and Blobs!,0.0,108.0,ok
1206990,Skinny Puppy: Too Dark Park Archival Footage,0.0,4.0,ok
1206993,Skinny Puppy: Last Rights Archival Footage,0.0,6.0,ok
1208430,"IN DREAMS, IM MINE",0.0,17.0,ok
1208471,Adéla,0.0,7.0,ok
1209695,No Through Road,0.0,9.0,ok
1210036,Cotty Lollies,0.0,20.0,ok
1210307,The Agreement,0.0,64.0,ok
1210312,Doublecross,0.0,20.0,ok
1210313,The Bank Heist,0.0,27.0,ok
1210361,The Ghost of North Carolina,0.0,5.0,ok
1212612,Blue Drank [A Tale of Self-Destruction],0.0,5.0,ok
1213042,Manananggal,0.0,43.0,ok
1213178,L.A. NAUSÉE,0.0,6.0,ok
1213946,Nightstalker,0.0,128.0,ok
1214141,++trip.space++,0.0,33.0,ok
1214160,Tar Stains + Bat Lungs,0.0,7.0,ok
1214934,Enigma,0.0,44.0,ok
1215021,Twinny Twin Twosome,0.0,10.0,ok
1215034,Lawyer Luau,0.0,45.0,ok
1215712,Suburban Strangler,0.0,60.0,ok
1215987,Astral Projections,0.0,0.0,still_zero
1217141,Paroxysm: Fear,0.0,4.0,ok
1218072,VHS Roadkill,0.0,0.0,still_zero
1218320,The Crimson Thread,0.0,2.0,ok
1218884,Ghost Light,0.0,4.0,ok
1219654,Prey,0.0,6.0,ok
1220823,Unwanted,0.0,31.0,ok
1220973,Realm of the Bizarre,0.0,59.0,ok
1220981,The Golem,0.0,39.0,ok
1221167,The Dawn is Your Enemy,0.0,1.0,ok
1222617,The Monkey's Paw,0.0,32.0,ok
1222930,Daughter's Heaven,0.0,34.0,ok
1222935,the creek,0.0,6.0,ok
1223357,Mummy A Gore Gore,0.0,50.0,ok
1223359,Cokehead The Soda Slasher,0.0,72.0,ok
1223546,Strawberry Lemonade,0.0,24.0,ok
1224542,Unachievable Sound of Silence,0.0,0.0,still_zero
1225369,Dreamhouse,0.0,36.0,ok
1226087,Hotel of Terror,0.0,32.0,ok
1226120,Jadi bikin?,0.0,6.0,ok
1226585,Godzilla Resurrection,0.0,113.0,ok
1226822,Feel,0.0,5.0,ok
1228244,Nightmare City,0.0,61.0,ok
1229021,Squeak and I'll Run to You,0.0,69.0,ok
1229488,Dead Rabbit Skellington,0.0,0.0,still_zero
1230908,The Last Bean,0.0,5.0,ok
1230992,The House,0.0,3.0,ok
1231417,The Intrusion,0.0,5.0,ok
1232265,All You Are Going to Want to Do Is Get Back There,0.0,8.0,ok
1232479,William K. Dozier III’s Version of –The Raven,0.0,0.0,still_zero
1233252,The Seaning Dead,0.0,14.0,ok
1233883,Epitaph,0.0,93.0,ok
1233964,Reflection,0.0,14.0,ok
1234062,Winter Chill,0.0,9.0,ok
1234069,Flame,0.0,5.0,ok
1234070,Into Death,0.0,4.0,ok
1234277,The Passenger,0.0,3.0,ok
1234364,Ransom,0.0,53.0,ok
1234369,Dinner Party,0.0,6.0,ok
1234386,The Neighbor,0.0,6.0,ok
1234395,Tethered,0.0,16.0,ok
1234559,Earth Has Fallen,0.0,85.0,ok
1234935,Umbilical Jim,0.0,6.0,ok
1235352,The Things You Said On That Cloudy Day,0.0,0.0,still_zero
1235435,Warren's Rhapsody,0.0,5.0,ok
1235558,Ising,0.0,18.0,ok
1235568,Silo,0.0,16.0,ok
1236249,Dead Guys 2: Blind Date,0.0,89.0,ok
1236485,Silent Hills,0.0,40.0,ok
1236945,Magnum Opus,0.0,0.0,still_zero
1237327,Down,0.0,10.0,ok
1238098,The Music of Erich Zann,0.0,25.0,ok
1239491,Sinema,0.0,96.0,ok
1239770,Down Past the Gate,0.0,10.0,ok
1239815,The Hunt,0.0,38.0,ok
1239816,Hollow,0.0,5.0,ok
1239817,W.A.V.E.'s Triple Feature,0.0,75.0,ok
1240141,Going Off,0.0,0.0,still_zero
1240267,Home For Infinite Losers,0.0,31.0,ok
1240638,The Girl 2,0.0,0.0,still_zero
1240655,Infection,0.0,3.0,ok
1241091,Bliss,0.0,2.0,ok
1241195,Possession,0.0,5.0,ok
1241263,Podèt,0.0,0.0,still_zero
1241989,The Thirteenth Clone,0.0,85.0,ok
1242561,The Love Object,0.0,52.0,ok
1242562,Stalked!,0.0,0.0,still_zero
1243389,Camp Fez,0.0,0.0,still_zero
1243775,New Age Natural Selection,0.0,7.0,ok
1243988,Magnum Opus,0.0,15.0,ok
1244874,Lucky Penny,0.0,0.0,still_zero
1245168,The Bread,0.0,5.0,ok
1246269,E-Mail-Zombies des Grauens - Der Horrorvirus aus dem Internet,0.0,24.0,ok
1246403,One of us,0.0,16.0,ok
1246463,Fear of the Light,0.0,0.0,still_zero
1246498,The House,0.0,8.0,ok
1246526,The House 2: The Awakening,0.0,11.0,ok
1246556,Me Vs. Me 3,0.0,12.0,ok
1246899,Filth,0.0,26.0,ok
1246935,Systems of Blood and Water,0.0,0.0,still_zero
1246975,The Tell-Tale Heart,0.0,8.0,ok
1247153,T is for Tranny,0.0,4.0,ok
1247172,T is for Tranny,0.0,5.0,ok
1247276,The Torture Memos,0.0,76.0,ok
1247846,The First Episode,0.0,10.0,ok
1247890,Bird Flu,0.0,13.0,ok
1248294,Beyond The Lens,0.0,5.0,ok
1249380,Zhowtime Presents: Siren Stories,0.0,0.0,still_zero
1250854,Duped (The Jezbel Experience),0.0,160.0,ok
1251239,Run!,0.0,3.0,ok
1251558,Every Night I See Them,0.0,5.0,ok
1251946,The Tower,0.0,22.0,ok
1251993,Ngboroh,0.0,0.0,still_zero
1252239,Doors,0.0,5.0,ok
1252279,Attic,0.0,2.0,ok
1252361,Yep,0.0,12.0,ok
1252675,Torture Fetish,0.0,11.0,ok
1253367,The starving dead,0.0,62.0,ok
1253414,5:15,0.0,0.0,still_zero
1253654,An Ordinary Day,0.0,2.0,ok
1253925,Vomitose,0.0,12.0,ok
1254195,T. Rex In The Atrium,0.0,2.0,ok
1254204,Public Domain,0.0,7.0,ok
1254477,The Lurker,0.0,0.0,still_zero
1255945,Witching Hour,0.0,86.0,ok
1256600,Club Dead Presents: The Dead Files,0.0,58.0,ok
1257254,Number One Fan,0.0,8.0,ok
1258309,Throat Scorpion,0.0,8.0,ok
1258604,Bigfoot In Kentucky,0.0,118.0,ok
1258930,The Raven,0.0,16.0,ok
1259038,Miss Raven,0.0,3.0,ok
1259413,The Method,0.0,0.0,still_zero
1259421,Snaggletooth,0.0,5.0,ok
1259527,Leper Party,0.0,33.0,ok
1259560,Party Levitation,0.0,46.0,ok
1259684,Overdose,0.0,42.0,ok
1259729,Hymns from the Abyss,0.0,32.0,ok
1259734,The Nightmare,0.0,7.0,ok
1259895,Psychotic Bimbo,0.0,89.0,ok
1260672,NAKNE BEN,0.0,25.0,ok
1260835,777,0.0,74.0,ok
1261260,Blood Relative,0.0,80.0,ok
1261992,MARA,0.0,4.0,ok
1262288,Plant Dad,0.0,0.0,still_zero
1262376,Anna(stasia),0.0,9.0,ok
1262681,Twisted Weekend 2: Coed Slaughter,0.0,37.0,ok
1262700,Twisted Weekend: Pledges Must Die,0.0,3.0,ok
1262718,Twisted Weekend III: Slacker Holocaust,0.0,60.0,ok
1263115,The Corpse Spirit Is Pressing,0.0,0.0,still_zero
1263625,Dial,0.0,1.0,ok
1263634,Don't Trust the Doll,0.0,1.0,ok
1263707,Family Home Evening,0.0,12.0,ok
1263832,The Abandoned Zoo,0.0,3.0,ok
1263839,Synks,0.0,0.0,still_zero
1264725,Fracture,0.0,9.0,ok
1264955,Cold Blood,0.0,10.0,ok
1265218,Easter Bunny From Hell!,0.0,2.0,ok
1265549,7:45 of the Dead,0.0,2.0,ok
1265558,Zom-B-Gone,0.0,3.0,ok
1265572,Neck Up,0.0,29.0,ok
1265575,Faust,0.0,8.0,ok
1265633,Curse of the Wolf,0.0,73.0,ok
1265651,Algo en la camara,0.0,1.0,ok
1266537,The Stepping Stones,0.0,2.0,ok
1266635,Goose Spit,0.0,20.0,ok
1266656,Maisie's Taste,0.0,0.0,still_zero
1266783,Transmutation,0.0,9.0,ok
1267780,Cold Mountain Night Rain,0.0,0.0,still_zero
1269050,Solitude,0.0,3.0,ok
1269161,A Love Story,0.0,3.0,ok
1269734,Wendy: Endgame,0.0,3.0,ok
1270315,Freezer Burn,0.0,34.0,ok
1272407,Killer sprite mega movie.,0.0,100.0,ok
1272727,Pete & Re-Pete,0.0,10.0,ok
1273189,Every Dream is a Child with Teeth,0.0,13.0,ok
1274087,Dreamweaver,0.0,0.0,still_zero
1274930,Libra,0.0,6.0,ok
1275319,See For Yourself,0.0,10.0,ok
1275527,The Ascent,0.0,12.0,ok
1275531,Real Detective Stories,0.0,74.0,ok
1275557,Water Babies,0.0,14.0,ok
1275890,The Lost Golfer,0.0,5.0,ok
1276226,Milly,0.0,9.0,ok
1276547,Sanctimony,0.0,15.0,ok
1276598,Connecting,0.0,11.0,ok
1277427,Glomer,0.0,75.0,ok
1277514,The Kaleighs,0.0,4.0,ok
1277836,Alone,0.0,1.0,ok
1278924,The Great Satan At Large (666israel),0.0,52.0,ok
1279932,Half Price $ale,0.0,8.0,ok
1279959,My Brave Face,0.0,7.0,ok
1281058,Lost Boys Pizza,0.0,0.0,still_zero
1281141,Residual,0.0,10.0,ok
1281640,Plantasma,0.0,117.0,ok
1281720,The Walls Keep Talking,0.0,3.0,ok
1281915,Those Fingers,0.0,13.0,ok
1282184,Tales From the Pussy Pound,0.0,32.0,ok
1282649,Voodoo Massacre,0.0,10.0,ok
1282686,Whispered Voices,0.0,90.0,ok
1282761,Out Of Order,0.0,36.0,ok
1283399,Dead Line,0.0,32.0,ok
1283430,The Thing in the Tub,0.0,7.0,ok
1283434,The Uncredited,0.0,12.0,ok
1283494,It Only Spreads,0.0,27.0,ok
1283627,Glutton,0.0,0.0,still_zero
1283739,The Haunters,0.0,16.0,ok
1284070,Camp Smokey,0.0,0.0,still_zero
1284088,Latchkey,0.0,0.0,still_zero
1284212,Fear,0.0,0.0,still_zero
1284327,Godless,0.0,6.0,ok
1284476,Nun Shall Live,0.0,0.0,still_zero
1284635,The Ride,0.0,0.0,still_zero
1284702,Collector,0.0,3.0,ok
1284934,Sunday Drive,0.0,7.0,ok
1284940,Lurker,0.0,3.0,ok
1284957,Tape,0.0,3.0,ok
1285114,Hold Your Fire,0.0,9.0,ok
1285118,Infernal Gluttony 2,0.0,6.0,ok
1285132,Imaginary Terry,0.0,25.0,ok
1286181,Nyctophobia,0.0,15.0,ok
1287025,The Last Lonely Man,0.0,49.0,ok
1287090,Monkey on Their Backs,0.0,1.0,ok
1287099,Spook House Ride,0.0,1.0,ok
1287465,Octagon,0.0,3.0,ok
1288932,Lockdown,0.0,0.0,still_zero
1289127,Mended,0.0,13.0,ok
1289234,Jack,0.0,37.0,ok
1289243,Ode to All Cats,0.0,29.0,ok
1289426,For Siri,0.0,12.0,ok
1289980,Together Forever,0.0,4.0,ok
1289987,Together Forever,0.0,17.0,ok
1290560,Body,0.0,0.0,still_zero
1290869,Unholy Mother,0.0,6.0,ok
1291085,Cliché,0.0,0.0,still_zero
1291664,Dust,0.0,5.0,ok
1292185,The Chase,0.0,1.0,ok
1292267,House Hardy Halloween,0.0,26.0,ok
1292291,Vamperotica: Flesh and Blood,0.0,30.0,ok
1292524,Onorios,0.0,5.0,ok
1293005,The Terrorists,0.0,80.0,ok
1293295,THE END OF THE DOCTOR'S REPORT,0.0,22.0,ok
1293689,The Mummy,0.0,5.0,ok
1293715,Witches Brew,0.0,7.0,ok
1294785,Making of Saw III,0.0,36.0,ok
1296316,The Wasp's Nest,0.0,0.0,still_zero
1296798,In The Woods,0.0,2.0,ok
1297859,All Hallows Eve,0.0,40.0,ok
1298231,Frogman 2,0.0,0.0,still_zero
1298781,The Boy's Night Out,0.0,35.0,ok
1298789,Ancient Garden Corpse,0.0,0.0,still_zero
1298810,The Whistleblower,0.0,10.0,ok
1298828,The Razor's Edge,0.0,77.0,ok
1299747,"""I Don't Wanna Do This Anymore""",0.0,85.0,ok
1300172,The Passion of Dracula,0.0,100.0,ok
1301107,Horror Able Women,0.0,0.0,still_zero
1302314,Clements,0.0,10.0,ok
1304470,Snuff Video,0.0,72.0,ok
1305129,Voicemail,0.0,6.0,ok
1305225,VHSSSS,0.0,7.0,ok
1305539,Nightly Jazz Fiasco,0.0,5.0,ok
1305673,Paracusia,0.0,0.0,still_zero
1305800,Turn Off Your Bloody Phone: An American Werewolf in London,0.0,1.0,ok
1305801,Miss Frankenstein,0.0,5.0,ok
1305879,Analog Exorcism,0.0,13.0,ok
1305918,Halloween Horrors: Deadly Devotion,0.0,0.0,still_zero
1306080,Horror Night,0.0,0.0,still_zero
1306090,A Ghost,0.0,0.0,still_zero
1306112,Ruckus at Kwong Cheong Lung,0.0,0.0,still_zero
1306894,Bare,0.0,30.0,ok
1307748,Ride,0.0,0.0,still_zero
1307901,A Picture of Unhealth,0.0,0.0,still_zero
1308661,Mayday,0.0,0.0,still_zero
1308922,Ingestion,0.0,10.0,ok
1309374,Hotel Visitor,0.0,4.0,ok
1309501,BOUNDLESS,0.0,7.0,ok
1309530,The Adventures of Janet: Janet vs Werewolf,0.0,6.0,ok
1309678,Rolling Calf,0.0,9.0,ok
1309747,FortySix,0.0,83.0,ok
1311081,Piglet Rising,0.0,22.0,ok
1311556,The Blacky,0.0,0.0,still_zero
1312483,Killer on the Porch,0.0,10.0,ok
1312584,The Man Who Loved Flowers,0.0,6.0,ok
1312633,Snowglobe,0.0,0.0,still_zero
1313143,When a scream is heard,0.0,0.0,still_zero
1313293,Rise of the Recruits: Tale of the Candy-Cane Crawler,0.0,16.0,ok
1313863,evil WARbie bitch,0.0,38.0,ok
1314462,I Was A Teenage Skateboarder,0.0,20.0,ok
1314514,Killer Duck,0.0,3.0,ok
1314819,AALO The Light,0.0,22.0,ok
1314832,Thingy,0.0,88.0,ok
1315058,Flying Corpse in the Orchid Boudoir,0.0,0.0,still_zero
1315297,Dire Pines,0.0,0.0,still_zero
1315974,The Jersey Devil: Monster in the Pines,0.0,42.0,ok
1316489,Dreams of the Dead,0.0,0.0,still_zero
1316590,"Seducer of the Night: Terror in the summer resort, bloodsucking fangs for blonde beauties",0.0,111.0,ok
1316846,Providence,0.0,7.0,ok
1316857,The Unlocked Door,0.0,5.0,ok
1317231,DOG,0.0,2.0,ok
1317262,"""Daydream"" a short film by shinrabit",0.0,7.0,ok
1317626,The New House and The Old Life,0.0,40.0,ok
1317781,At The Edge Of Darkness,0.0,43.0,ok
1317890,lovespells: Dark Rider,0.0,5.0,ok
1318016,Pokerspace,0.0,9.0,ok
1318031,The Last Laugh,0.0,0.0,still_zero
1318265,30 SECONDS,0.0,5.0,ok
1318453,Last Day,0.0,21.0,ok
1318458,That Day,0.0,39.0,ok
1318471,Take My Breath Away,0.0,34.0,ok
1318512,The Creep,0.0,0.0,still_zero
1318928,Lady Gaga: Fame - A Film by Steven Klein,0.0,9.0,ok
1319002,The Truth Behind Those Secrets,0.0,14.0,ok
1319335,Haven Place,0.0,3.0,ok
1319347,Haven Place Part 2,0.0,3.0,ok
1319351,Haven Place Part 3,0.0,4.0,ok
1319365,Chemical X,0.0,4.0,ok
1319571,The Night Time Creamer,0.0,4.0,ok
1319891,Acid Spiders,0.0,16.0,ok
1320348,MOUTHFUL HOMERUN MILL,0.0,7.0,ok
1320604,Hauntings,0.0,46.0,ok
1320610,Zombies,0.0,47.0,ok
1321557,Valley of Carnage,0.0,12.0,ok
1321861,Ghost Writer,0.0,16.0,ok
1322463,The Horror-ble World of Daniel Roebuck,0.0,0.0,still_zero
1323245,Head Bussa,0.0,4.0,ok
1323570,Shadow Dancing in the West,0.0,11.0,ok
1324112,Howl of the Werewolf,0.0,16.0,ok
1324844,Mary Worth,0.0,21.0,ok
1324904,The Monkey's Paw,0.0,24.0,ok
1325261,Shadow Vaults,0.0,81.0,ok
1325821,Forlorn,0.0,16.0,ok
1326263,Don't Tell Your Mom,0.0,0.0,still_zero
1326334,The Phantom Doublot,0.0,4.0,ok
1326415,The Tell-Tale Heart,0.0,0.0,still_zero
1327541,George Romero's Golden Tales 2,0.0,101.0,ok
1327593,Footsteps,0.0,0.0,still_zero
1328265,The Last Taxi Driver,0.0,14.0,ok
1328527,Welcome To My Vibe,0.0,44.0,ok
1328787,Tropikal Monsters,0.0,10.0,ok
1329495,Camp Horror: Meatsuit Destiny,0.0,0.0,still_zero
1330552,Betty Bites Back,0.0,0.0,still_zero
1331378,Bad Sleeper,0.0,3.0,ok
1333104,Snake Bite,0.0,5.0,ok
1333112,Buttons,0.0,2.0,ok
1335828,The Wolfman's Cure,0.0,10.0,ok
1336592,Jeremy Marilyn,0.0,6.0,ok
1336659,BIRTHDAY BASH,0.0,5.0,ok
1336730,Pot Head,0.0,13.0,ok
1339105,Holy Ghost,0.0,0.0,still_zero
1339155,George Romero's Golden Tales 3,0.0,103.0,ok
1339159,George Romero's Golden Tales,0.0,101.0,ok
1339338,A Fisherman's Tale,0.0,9.0,ok
1340898,Mariara,0.0,0.0,still_zero
1341718,Video Nasty,0.0,0.0,still_zero
1352071,More Beautiful Than Death,0.0,0.0,still_zero
1353430,Making a Death Mask,0.0,3.0,ok
1353556,Forever Nothing More,0.0,7.0,ok
1354783,Necrosluts,0.0,47.0,ok
1356290,Beyond The Dream Barrier,0.0,3.0,ok
1356347,Pontianak,0.0,3.0,ok
1356353,Killuminati,0.0,3.0,ok
1356356,Cluster,0.0,24.0,ok
1356360,Upside Down Polaroid,0.0,3.0,ok
1356807,Four Rats for a Cat's Claw,0.0,13.0,ok
1356926,American Guinea Pig: Slaughter of the Swine,0.0,0.0,still_zero
1357008,Obscura,0.0,0.0,still_zero
1357085,cultus diaboli,0.0,0.0,still_zero
1357190,The Thing in the Basement,0.0,13.0,ok
1357782,Becoming Giovanni,0.0,11.0,ok
1358173,Souloma,0.0,0.0,still_zero
1359373,7 Minutes In Heaven,0.0,42.0,ok
1360771,Chute,0.0,4.0,ok
1361298,Lovecraft Inc.,0.0,5.0,ok
1363782,Socrates,0.0,37.0,ok
1364300,A Cenoura Iluminada,0.0,2.0,ok
1364399,The Birthday Girl,0.0,0.0,still_zero
1364616,Earthen,0.0,19.0,ok
1365483,Reclaim,0.0,0.0,still_zero
1365516,No Sleep Tonight,0.0,0.0,still_zero
1365521,Hammy,0.0,29.0,ok
1365699,the Z day,0.0,3.0,ok
1365740,Desolation,0.0,140.0,ok
1365751,Aliens vs Chainsaw Killer,0.0,0.0,still_zero
1365835,A Nightmare on Elm Street 3: The Fan Film Recreation,0.0,40.0,ok
1365843,Tales of the Damned,0.0,110.0,ok
1365876,Angel Boy,0.0,12.0,ok
1365887,Wellness Check,0.0,0.0,still_zero
1366237,BRIAN,0.0,5.0,ok
1366282,Unblinking,0.0,0.0,still_zero
1366335,YOU DO NOT RECOGNIZE THE BODIES IN THE WATER,0.0,15.0,ok
1366342,The Scream,0.0,6.0,ok
1366345,One Call Away,0.0,16.0,ok
1366459,Filium,0.0,7.0,ok
1366746,Scarecrow,0.0,3.0,ok
1366748,Boinks and The Geezer,0.0,25.0,ok
1366858,H010N,0.0,0.0,still_zero
1366860,Making of Predator Island,0.0,16.0,ok
1367277,Alien IV?,0.0,36.0,ok
1367556,Bad Bunny,0.0,5.0,ok
1367765,MAD,0.0,2.0,ok
1367878,Eclipsed Realities,0.0,0.0,still_zero
1367898,Get the Hell Out,0.0,26.0,ok
1368569,Creepy Mouse,0.0,5.0,ok
1368702,Night Crawl,0.0,0.0,still_zero
1368953,Incident in a Glass Blower's Shop,0.0,12.0,ok
1368954,Trauma,0.0,10.0,ok
1369051,Far Beyond the Valley,0.0,0.0,still_zero
1369744,KCAL Halloween Scream,0.0,60.0,ok
1369785,Alluvion,0.0,13.0,ok
1370918,Blood Dreams,0.0,30.0,ok
1370944,So Say The Dead,0.0,23.0,ok
1371010,Return of the Killer Bikini Vampire Girls,0.0,11.0,ok
1371158,Downer,0.0,7.0,ok
1371256,The Vampire Within,0.0,31.0,ok
1371340,The Screen,0.0,16.0,ok
1371643,In My Dreams,0.0,10.0,ok
1371781,Sally,0.0,15.0,ok
1372292,Voyeur,0.0,24.0,ok
1372853,A Taste Of Flesh,0.0,28.0,ok
1373173,Cold Hands,0.0,63.0,ok
1373509,INTROSPECTION.,0.0,0.0,still_zero
1373725,Devil in Human Being,0.0,0.0,still_zero
1373985,DOORS,0.0,0.0,still_zero
1374767,28 Months After,0.0,104.0,ok
1375224,Dawn & The Dead,0.0,30.0,ok
1375226,Spring Break at Zombie Lake,0.0,40.0,ok
1375458,"Halloween, Except the Knife Is 50 Feet Long",0.0,3.0,ok
1375612,The Accident,0.0,39.0,ok
1375770,Dawn and the Dead,0.0,60.0,ok
1375903,Deogen,0.0,8.0,ok
1375908,Inanimate Objects,0.0,19.0,ok
1376048,Skeleton In The Closet,0.0,3.0,ok
1376369,Dr. Jekyll and Mr. Hyde,0.0,0.0,still_zero
1378130,The Inner Demon / The Inner Angel,0.0,4.0,ok
1379039,Crimson Crusade,0.0,3.0,ok
1379372,Moving Out,0.0,15.0,ok
1379393,Song for the Pale,0.0,5.0,ok
1379699,Of Cat and Creature,0.0,6.0,ok
1380308,Anastasis,0.0,10.0,ok
1380585,Zombie Hands,0.0,2.0,ok
1380868,Her,0.0,0.0,still_zero
1381446,Son of Pumpkinman,0.0,32.0,ok
1381588,Separata,0.0,5.0,ok
1382272,Kettlemans Forest,0.0,23.0,ok
1382946,Anti-Wonderful,0.0,0.0,still_zero
1383270,Doom Walker,0.0,65.0,ok
1383832,Little Death,0.0,16.0,ok
1384133,The Stalker,0.0,75.0,ok
1384139,Hitwoman,0.0,60.0,ok
1384145,Psycho Charlie Jr.,0.0,0.0,still_zero
1384614,Wet and Wild 1,0.0,80.0,ok
1384623,Knight Beat,0.0,0.0,still_zero
1384653,Wimp,0.0,0.0,still_zero
1384655,Wimp Unleashed,0.0,0.0,still_zero
1384798,The Basket,0.0,2.0,ok
1385796,attic,0.0,1.0,ok
1385803,Kino of the Dead,0.0,2.0,ok
1385818,Fatal Fonts,0.0,1.0,ok
1385821,Another Kino of the Dead,0.0,3.0,ok
1385897,Re: Julia,0.0,6.0,ok
1386931,Love Language,0.0,14.0,ok
1387023,The Beast of Druids Hill,0.0,21.0,ok
1387581,Ultrafuturo Manifest,0.0,30.0,ok
1387887,Black Star,0.0,0.0,still_zero
1387980,All Who Wander,0.0,0.0,still_zero
1388030,Bodoach,0.0,0.0,still_zero
1388046,Sharks & Skin,0.0,18.0,ok
1388050,Troma Entertainment's Horror Penises,0.0,23.0,ok
1388513,Crimes Against Pussycat,0.0,2.0,ok
1389525,Rise from Your Grave,0.0,30.0,ok
1390583,The Hammer Trailer Collection,0.0,47.0,ok
1390819,The Forest,0.0,0.0,still_zero
1390997,Brayden's Adventures Nature Walk - Tackling Wainuiomata Hill,0.0,12.0,ok
1391103,A Hallowed Eve,0.0,0.0,still_zero
1391118,Trauma,0.0,6.0,ok
1391275,Elixir,0.0,11.0,ok
1391355,Paranoia,0.0,7.0,ok
1391456,Divine Intervention,0.0,3.0,ok
1391650,Jack!,0.0,4.0,ok
1391690,Followers,0.0,14.0,ok
1391930,Creatures of the Stars,0.0,15.0,ok
1391939,Frankenstein...[a not so gory version],0.0,4.0,ok
1392522,Dracula's Bride of Horror,0.0,90.0,ok
1392630,Witchfinder 3,0.0,50.0,ok
1392934,The Mime,0.0,0.0,still_zero
1393225,Insomniac,0.0,5.0,ok
1393564,Zombies of Oz: Tin,0.0,8.0,ok
1393569,Zombies of Oz: No Place Like Home,0.0,6.0,ok
1393570,Zombies of Oz: Yellow Brick Road,0.0,5.0,ok
1395464,Suspicious Night,0.0,5.0,ok
1395994,Please Mama Don't Murder,0.0,2.0,ok
1396014,Witchfinder: The Making of a Short Horror Filn,0.0,28.0,ok
1396101,The Veil,0.0,2.0,ok
1396682,The Butcher of The World,0.0,14.0,ok
1397111,Quarantine,0.0,2.0,ok
1397492,Stocking Stuffer,0.0,3.0,ok
1397498,Jingle,0.0,2.0,ok
1397589,Palindrome,0.0,0.0,still_zero
1398128,A Xmas Tree,0.0,7.0,ok
1398146,Mommy's Perfect Match,0.0,0.0,still_zero
1398367,THE PUMPKIN-MAN AWAKENS,0.0,5.0,ok
1398669,The Grisly Crimes of Dollman,0.0,55.0,ok
1398943,The Mysterious Madame Zola,0.0,89.0,ok
1399072,Sweeney Todd: the Demon Barber of Fleet Street,0.0,152.0,ok
1399806,No Sleep,0.0,14.0,ok
1400719,Tree/Gore,0.0,4.0,ok
1400929,From The Wilderness,0.0,0.0,still_zero
1401200,Haunted,0.0,4.0,ok
1401415,Moon River,0.0,33.0,ok
1401958,is this ForReal?,0.0,1.0,ok
1402358,The Hypnotic Spy,0.0,42.0,ok
1402706,Screw Year's Eve,0.0,0.0,still_zero
1402783,¡Alacrán!,0.0,6.0,ok
1402887,The Devil Lives in Hot Springs,0.0,49.0,ok
1402949,Red Christmas,0.0,63.0,ok
1403098,Fatal Frame,0.0,0.0,still_zero
1404715,Peek-a-Boo... then I Strangle You!,0.0,58.0,ok
1405737,Shock-X-Treme Vol 3: Gangs of Death,0.0,47.0,ok
1405738,Shock-X-Treme Vol 4: Real Fights,0.0,47.0,ok
1405878,Meathook Madness,0.0,30.0,ok
1405881,Bloody Axe,0.0,19.0,ok
1406127,Key,0.0,2.0,ok
1406137,The Pencils,0.0,0.0,still_zero
1406434,Gold Rush,0.0,7.0,ok
1406476,Horror Of Laughter,0.0,59.0,ok
1409187,The Note,0.0,3.0,ok
1409942,Halloween,0.0,24.0,ok
1409955,Survival,0.0,18.0,ok
1410067,Stella,0.0,19.0,ok
1410879,Climate Change,0.0,22.0,ok
1411111,The Fox Man,0.0,2.0,ok
1411152,The Hamleigh Disappearances,0.0,13.0,ok
1411165,The Secret of Fowst,0.0,12.0,ok
1411520,Queen of the Rats,0.0,0.0,still_zero
1411588,Fear Itself,0.0,13.0,ok
1411606,The Betrayal of Fowst,0.0,5.0,ok
1411616,Acolyte,0.0,5.0,ok
1411929,Dungeon of Darkness,0.0,60.0,ok
1412533,Smile,0.0,1.0,ok
1413726,The Making of Silent Hill 4,0.0,5.0,ok
1414671,The Werewolf of Chatsford,0.0,7.0,ok
1414677,The Third Eye of Simon Harker,0.0,6.0,ok
1414868,The Lord of the Libraries: The Return of the Book,0.0,18.0,ok
1415482,The Spiritwalker,0.0,13.0,ok
1415574,The Good Monkey Massacre,0.0,0.0,still_zero
1415665,Captive,0.0,92.0,ok
1415745,Crucible,0.0,5.0,ok
1416042,Heaven & Hell,0.0,62.0,ok
1417270,M is for Magnetic Tape,0.0,3.0,ok
1417490,Untitled Horror,0.0,6.0,ok
1417712,The Bikini Girl Killer,0.0,69.0,ok
1417904,Wolfen Tickle,0.0,57.0,ok
1417922,Rat King,0.0,0.0,still_zero
1418864,Paranoia,0.0,5.0,ok
1418978,Birthday Bash,0.0,4.0,ok
1419296,The Farm,0.0,15.0,ok
1420048,The Devil's Wedding,0.0,45.0,ok
1420331,The Night,0.0,105.0,ok
1421497,Two and a Half Souls,0.0,5.0,ok
1421551,Destruction,0.0,3.0,ok
1421744,The Stanmore Incident,0.0,24.0,ok
1421831,PERFECT MUTILATION,0.0,13.0,ok
1421865,Devil Calling,0.0,9.0,ok
1424618,Meat Me,0.0,11.0,ok
1425323,Athanasia,0.0,7.0,ok
1425577,TAPE '96,0.0,15.0,ok
1425734,Angel of Decay,0.0,11.0,ok
1427458,Deadly Revenge,0.0,4.0,ok
1427468,Exorcist,0.0,2.0,ok
1427478,Wolves of Darkness,0.0,21.0,ok
1428606,Deadbangers,0.0,55.0,ok
1429283,Night of the Living Dead Live,0.0,94.0,ok
1429429,The Death of the Killer Papangu,0.0,70.0,ok
1429444,Satanic Vampire Lovers,0.0,25.0,ok
1429853,Spectre,0.0,11.0,ok
1429866,The Beast Within,0.0,9.0,ok
1430892,Bzzzzzzz,0.0,0.0,still_zero
1431298,"666, Kill Baby, Kill!",0.0,15.0,ok
1431446,Lost Love,0.0,41.0,ok
1433670,I'm Not Crazy,0.0,0.0,still_zero
1433750,Terror in Blood,0.0,0.0,still_zero
1433802,Grinners,0.0,0.0,still_zero
1433843,Sodom-Akne,0.0,20.0,ok
1433954,The Refuge of the Accursed,0.0,39.0,ok
1433963,At the Height of Horror,0.0,15.0,ok
1433966,The Vampire Strikes Back,0.0,16.0,ok
1433967,Blood on the Snow,0.0,10.0,ok
1434383,Dark Future,0.0,0.0,still_zero
1434447,HOUSESITTING,0.0,17.0,ok
1434635,Macabre!,0.0,9.0,ok
1434721,Beauty and the Beast,0.0,4.0,ok
1435585,Invisible Psycho,0.0,45.0,ok
1435755,Nightmare on Beacon Street,0.0,90.0,ok
1436559,Elvira's Movie Macabre: Legacy of Blood,0.0,96.0,ok
1436618,The Coin Flip Killer,0.0,32.0,ok
1436994,Fantasma,0.0,43.0,ok
1437034,10/31,0.0,63.0,ok
1437118,10/32,0.0,115.0,ok
1438752,Last Person,0.0,1.0,ok
1439061,Tess,0.0,0.0,still_zero
1439182,Rodan! The Flying Monster,0.0,72.0,ok
1439434,Dead Boys Club 2,0.0,60.0,ok
1439929,Jaret's 2022 Halloween Special,0.0,46.0,ok
1439949,Move-In Day,0.0,4.0,ok
1440137,Simulacrum,0.0,101.0,ok
1440194,Passage,0.0,11.0,ok
1440229,The Phantom Tape,0.0,0.0,still_zero
1441963,Slit Mouth,0.0,7.0,ok
1442849,Come Up and Get Me,0.0,13.0,ok
1444891,Sweetheart,0.0,0.0,still_zero
1445246,REEL,0.0,60.0,ok
1446781,A Night to Dismember: The Original Cut,0.0,79.0,ok
1447316,Smoke Alarm,0.0,1.0,ok
1447446,Mantra,0.0,120.0,ok
1447484,Long Pig,0.0,10.0,ok
1447506,The Golem,0.0,60.0,ok
1449226,Circular Potion,0.0,9.0,ok
1450477,MUSH,0.0,0.0,still_zero
1450683,Azzurrina,0.0,0.0,still_zero
1450808,Radio Silent,0.0,0.0,still_zero
1451329,I Wanna Be Adored,0.0,3.0,ok
1451411,Headless,0.0,25.0,ok
1451772,Anything Goes,0.0,17.0,ok
1452133,Stakeout (Short),0.0,12.0,ok
1452172,"Go To Bed, Raymond",0.0,7.0,ok
1452668,Unholy Lust,0.0,34.0,ok
1452735,Autorretrato,0.0,1.0,ok
1453271,Sight Gag,0.0,0.0,still_zero
1453705,Pieta ~Shiawase no Aoi Tori~,0.0,0.0,still_zero
1453972,Blew,0.0,48.0,ok
1454292,Fixation,0.0,0.0,still_zero
1455078,KCW: Cold November Pain,0.0,44.0,ok
1455634,Naughty Dreams of Miss Owen,0.0,51.0,ok
1458129,She Walks At Midnight,0.0,0.0,still_zero
1458222,Psychedelia,0.0,4.0,ok
1458255,The Erasure,0.0,3.0,ok
1460419,Appetite,0.0,15.0,ok
1460641,How Anxiety Saved My Life,0.0,9.0,ok
1461207,Korban Jatuh Tempo: Pinjol,0.0,0.0,still_zero
1461244,Ribcage II,0.0,0.0,still_zero
1461677,Psilocybe,0.0,15.0,ok
1461690,Analogue Aneurysm,0.0,55.0,ok
1462136,Troubled Youth: Nobody's Sheep,0.0,4.0,ok
1462450,Man With a Fork,0.0,15.0,ok
1463635,Terror Tapes,0.0,60.0,ok
1463960,Her Love,0.0,13.0,ok
1464366,B L K,0.0,7.0,ok
1464683,Guilt Trip,0.0,7.0,ok
1465119,Graves,0.0,176.0,ok
1465155,Amityville Alone,0.0,69.0,ok
1465917,Skin Tag,0.0,5.0,ok
1466671,The Taking Tree,0.0,7.0,ok
1467276,"""Midnight Stories 3"" - The Birthday Party",0.0,44.0,ok
1467288,"""Midnight stories 1"" - The deadly Pizza",0.0,34.0,ok
1467296,"""Midnight Stories 2"" - The Martian",0.0,0.0,still_zero
1467302,"""Midnight Stories 4"" - Veronica's Curse",0.0,34.0,ok
1467528,Fade Away,0.0,0.0,still_zero
1467548,Desert Fiends 2,0.0,0.0,still_zero
1467612,The Uninvited,0.0,12.0,ok
1467936,The Sacrifice,0.0,15.0,ok
1468113,Wither,0.0,3.0,ok
1468383,Faust,0.0,15.0,ok
1468935,Skinwalkers: Witches of Navajo Country,0.0,0.0,still_zero
1469060,DO IT,0.0,15.0,ok
1469344,3 Seconds,0.0,2.0,ok
1469761,Mistaken Identity,0.0,24.0,ok
1471251,Intrusion,0.0,95.0,ok
1472421,The Kidnapped and Chloroformed Wife,0.0,27.0,ok
1472426,Jogger's Nightmare,0.0,57.0,ok
1474055,Always & Forever,0.0,0.0,still_zero
1474675,MEAT,0.0,0.0,still_zero
1475044,Forget-me-not,0.0,8.0,ok
1475181,Grey Matter,0.0,11.0,ok
1475241,One For The Road,0.0,25.0,ok
1475628,The Haunting of Dolly Parton,0.0,7.0,ok
1475831,The Ray Bradbury Theater: And So Died Riabouchinska,0.0,24.0,ok
1476230,The Tardy Model,0.0,36.0,ok
1476313,Cutlass,0.0,24.0,ok
1476851,The Drowned,0.0,110.0,ok
1477480,Steamboat Killie,0.0,0.0,still_zero
1477491,The Perils of Jenny,0.0,26.0,ok
1477517,Depression Nest,0.0,13.0,ok
1477595,The Man Who Loved Flowers,0.0,5.0,ok
1477834,The Madness of David Judge,0.0,0.0,still_zero
1477936,Amateur's Guide,0.0,4.0,ok
1478328,Road Killers,0.0,0.0,still_zero
1478348,Carnivotter,0.0,0.0,still_zero
1478683,The Scariest Movie… Ever?,0.0,6.0,ok
1480129,Perforations 2001,0.0,60.0,ok
1480140,Perforations 2001 Part 2,0.0,60.0,ok
1481149,The Last Take,0.0,0.0,still_zero
1481535,Trilogy Of Terror,0.0,25.0,ok
1481568,The Vikar,0.0,0.0,still_zero
1481687,Exhibit B,0.0,13.0,ok
1482801,Agnes Keedan's Secret Plan,0.0,13.0,ok
1483020,Camp Baloney,0.0,0.0,still_zero
1484461,Skullface,0.0,40.0,ok
1485821,MUSH: Wife,0.0,4.0,ok
1486282,An Impasse,0.0,25.0,ok
1487210,Muddy Hands,0.0,24.0,ok
1487435,Th,0.0,0.0,still_zero
1487691,Shemaleficent,0.0,11.0,ok
1488727,The Apocolypse,0.0,0.0,still_zero
1489275,"This One, for the Lady",0.0,2.0,ok
1489407,Demons,0.0,9.0,ok
1489729,Heshers on the Run,0.0,9.0,ok
1489733,Love’s Haunting,0.0,6.0,ok
1490000,The Stars That Fade,0.0,80.0,ok
1491785,KILLERS,0.0,11.0,ok
1492972,Citric Acid,0.0,0.0,still_zero
1493908,The Dog of Sarandi Alley,0.0,1.0,ok
1493966,The Curse of the Fold,0.0,33.0,ok
1494048,The Sacrifice Part 2,0.0,16.0,ok
1496428,Heathen,0.0,70.0,ok
1497031,Return to Bloody Creek,0.0,75.0,ok
1497151,Kinds of Kindness,0.0,0.0,still_zero
1497289,Karunrung 1995,0.0,0.0,still_zero
1497793,The Catman,0.0,5.0,ok
1498933,Gray Matter,0.0,10.0,ok
1499608,Cold As Soul,0.0,76.0,ok
1499796,Fallen,0.0,1.0,ok
1499821,A Fly Is Also a Helicopter,0.0,2.0,ok
1499856,Back to Silent Hill,0.0,6.0,ok
1500003,Anhedonia,0.0,0.0,still_zero
1500183,Pig Destroyer Live at CBGB,0.0,19.0,ok
1500268,Alexander Not So Great,0.0,19.0,ok
1500401,To Kill or be Killed,0.0,0.0,still_zero
1500667,Hellvette,0.0,0.0,still_zero
1500943,Concerning Brown Jenkin,0.0,3.0,ok
1501220,Cheap,0.0,119.0,ok
1501370,Bad Coffee,0.0,29.0,ok
1501397,Among Wolves,0.0,15.0,ok
1501572,Gator Man,0.0,0.0,still_zero
1501624,The Wayfinder,0.0,0.0,still_zero
1502555,Paranoid: A Chant,0.0,8.0,ok
1503390,Genie in a Barrel,0.0,12.0,ok
1503832,Interview with Cecelia Condit,0.0,10.0,ok
1505506,Rocky Wake,0.0,130.0,ok
1506501,Sneakers,0.0,17.0,ok
1508070,Let It In,0.0,3.0,ok
1508252,Slash,0.0,0.0,still_zero
1509057,Sun Dog,0.0,60.0,ok
1509677,The Lost Ones,0.0,30.0,ok
1509997,The Showdown,0.0,40.0,ok
1510332,The Man in the Black Suit,0.0,8.0,ok
1510338,The Man in the Black Suit,0.0,10.0,ok
1510954,Nuclear Death: Unalive in Texas,0.0,58.0,ok
1511035,popstar,0.0,12.0,ok
1512293,The vow(บน),0.0,9.0,ok
1512432,Lunch at the Gotham Café,0.0,10.0,ok
1512492,Autopsy Room 4,0.0,7.0,ok
1513636,Magic Balls,0.0,1.0,ok
1514422,The Bottle Imp,0.0,15.0,ok
1514475,Claud,0.0,91.0,ok
1514571,Inhuma,0.0,0.0,still_zero
1514587,The Haunting of Heather Black,0.0,0.0,still_zero
1514962,Haunted,0.0,46.0,ok
1515047,Camp Hardwood,0.0,5.0,ok
1515609,Vengeful Soul,0.0,15.0,ok
1515616,Violet's Revenge,0.0,23.0,ok
1515872,Sleepwalker,0.0,80.0,ok
1515879,Hereafter,0.0,10.0,ok
1516591,Uncanny Valley,0.0,0.0,still_zero
1517023,Wired,0.0,20.0,ok
1517733,Rot.,0.0,6.0,ok
1517854,Angel Abuse,0.0,63.0,ok
1518467,Psyche,0.0,0.0,still_zero
1518862,The Night Surgeon,0.0,23.0,ok
1518962,French Kills,0.0,76.0,ok
1519067,Offline,0.0,47.0,ok
1519126,The Curse of the Al Simhara Mummy,0.0,9.0,ok
1519851,Order In,0.0,4.0,ok
1520033,He Came Home,0.0,8.0,ok
1520357,The Woods,0.0,7.0,ok
1520771,Ghost Ship,0.0,91.0,ok
1521069,Shelves,0.0,4.0,ok
1522191,FaceTape,0.0,84.0,ok
1524593,Mr. Boots Last’s Recipe,0.0,0.0,still_zero
1524837,Alice Otherlands: Leviathan,0.0,10.0,ok
1524850,Who's the Beast,0.0,12.0,ok
1525218,Narco Shark 3,0.0,99.0,ok
1525465,Mutt,0.0,5.0,ok
1526252,Due West,0.0,,not_found
1526900,Burke and Hare: The Musical,0.0,18.0,ok
1527070,Kansas City,0.0,18.0,ok
1528388,The Golem,0.0,8.0,ok
1529179,The Big Shave,0.0,4.0,ok
1529205,Stuck,0.0,10.0,ok
1529537,Midnight,0.0,7.0,ok
1529716,Wither,0.0,95.0,ok
1529792,Hunted,0.0,7.0,ok
1530317,Family First,0.0,1.0,ok
1530929,Over the Rainbow,0.0,119.0,ok
1532053,Samhain,0.0,80.0,ok
1532689,My Tortured Beloved,0.0,11.0,ok
1532703,online,0.0,4.0,ok
1532800,Midnight Rush,0.0,11.0,ok
1532805,Family Ties,0.0,9.0,ok
1532810,Six Degrees of Separation,0.0,5.0,ok
1533087,Bulls Creek,0.0,7.0,ok
1533172,Ciller Corn,0.0,0.0,still_zero
1533249,Soul Trader,0.0,18.0,ok
1533266,Follower,0.0,4.0,ok
1533564,Bloodrunner Zero 2,0.0,0.0,still_zero
1533658,Combust!,0.0,20.0,ok
1534164,Inebriated,0.0,11.0,ok
1536445,Russian psycho,0.0,4.0,ok
1536556,Grave Echos,0.0,0.0,still_zero
1536608,You Are Here,0.0,0.0,still_zero
1536757,Death Red,0.0,0.0,still_zero
1537039,The Corridor,0.0,4.0,ok
1537043,The Door,0.0,3.0,ok
1537576,OLYMPIC,0.0,32.0,ok
1537654,Puppet Master: Blitzkrieg Massacre,0.0,62.0,ok
1537673,Eve,0.0,15.0,ok
1537732,Synthwave Horror: Night Of The Living Dead,0.0,97.0,ok
1538109,Florence Likes To Die,0.0,0.0,still_zero
1538537,Legally Dead,0.0,9.0,ok
1539020,Nail-Biter,0.0,17.0,ok
1539249,Night Ride,0.0,19.0,ok
1539251,Mirror Mirror,0.0,8.0,ok
1539252,Scarecrow,0.0,17.0,ok
1539645,Earworm,0.0,17.0,ok
1539764,The Baphomet Séance,0.0,0.0,still_zero
1540503,Vampyr,0.0,0.0,still_zero
1540579,Hunter,0.0,6.0,ok
1540652,The New Necktie Strangler,0.0,51.0,ok
1541134,The Trapper Reborn,0.0,31.0,ok
1542207,Mirrors,0.0,18.0,ok
1542217,The Necktie Strangler Escapes,0.0,37.0,ok
1542607,Of The Dead,0.0,28.0,ok
1542756,Row me bully boys home,0.0,5.0,ok
1544212,Channel 9,0.0,81.0,ok
1544754,Something Unforgivable,0.0,9.0,ok
1544970,The Devil and His Son,0.0,0.0,still_zero
1545469,Echoes From The Grave,0.0,120.0,ok
1545798,Black Water,0.0,7.0,ok
1545812,Watergate,0.0,90.0,ok
1546170,Where It's Warm,0.0,15.0,ok
1546390,Beverly Hills Massacre,0.0,0.0,still_zero
1546937,Elsewhere: A Place For Girls Like You and Me,0.0,15.0,ok
1547639,Stagnant,0.0,7.0,ok
1548128,stair's cam,0.0,0.0,still_zero
1548193,The Seven Trumpets Blow on Tuesday,0.0,0.0,still_zero
1548433,No Escape,0.0,0.0,still_zero
1548488,Deadline,0.0,9.0,ok
1548647,Big Wakes of Horror,0.0,55.0,ok
1548817,Cocaine Kills,0.0,0.0,still_zero
1549019,Evil Night,0.0,100.0,ok
1549071,Roommatez,0.0,60.0,ok
1549668,Bait,0.0,0.0,still_zero
1550505,Jetsonio,0.0,33.0,ok
1551150,The NOTICE,0.0,3.0,ok
1551563,Hostile Architecture,0.0,0.0,still_zero
1551756,"Hey, Melissa!",0.0,57.0,ok
1551775,Pennywise Returns,0.0,14.0,ok
1552279,Catastrophe!,0.0,6.0,ok
1552287,Friends of the bizarre trail which has a killer controlled by the boss I,0.0,0.0,still_zero
1553758,Song of the Slaughterhouse,0.0,8.0,ok
1554394,Lizard's Leg and Owlet's Wing,0.0,51.0,ok
1554615,Replicon,0.0,15.0,ok
1554844,Grizzly Redux,0.0,91.0,ok
1555172,Car Stuff,0.0,6.0,ok
1556063,The Visitor,0.0,9.0,ok
1556157,howtobakeacake,0.0,7.0,ok
1556452,The Twilight Zone Tower of Terror - Preshow,0.0,4.0,ok
1557097,The Songwriter,0.0,9.0,ok
1557350,God's Glove,0.0,38.0,ok
1558044,Clown Song,0.0,7.0,ok
1559393,Sanctum,0.0,19.0,ok
1560057,The Pharmacist,0.0,91.0,ok
1561417,The Veggie Masher,0.0,1.0,ok
1561575,Missoula,0.0,5.0,ok
1562076,Halloween Night,0.0,0.0,still_zero
1562168,Wendigo Blues,0.0,18.0,ok
1562195,Stories From Tír na nÓg,0.0,57.0,ok
1562687,The Hunter,0.0,7.0,ok
1562720,Lost Dog,0.0,3.0,ok
1563145,Freak Shack,0.0,16.0,ok
1563184,The Flesh Eating Menace,0.0,17.0,ok
1565248,Dance of the Dragon,0.0,18.0,ok
1565265,The Dust,0.0,24.0,ok
1565477,Weed Wolves,0.0,6.0,ok
1565944,Another Missing Person,0.0,3.0,ok
1566379,Manther,0.0,11.0,ok
1566742,Dreamcrasher,0.0,13.0,ok
1566999,X63,0.0,5.0,ok
1567770,Threshold,0.0,65.0,ok
1568210,What Remains,0.0,8.0,ok
1568257,The Trunk,0.0,6.0,ok
1568454,Alien Lasagna,0.0,15.0,ok
1568649,The Cult of Cage,0.0,15.0,ok
1568729,Bloody Bloodsuckers That Bite,0.0,2.0,ok
1568832,Motel Aphrodite,0.0,12.0,ok
1569454,Verrückt,0.0,15.0,ok
1569944,GUILT,0.0,8.0,ok
1570075,Night Shift at Ned's,0.0,0.0,still_zero
1570651,House Party,0.0,0.0,still_zero
1570837,Echo,0.0,0.0,still_zero
1570993,My Own Rebellion,0.0,0.0,still_zero
1571243,Immortal She,0.0,13.0,ok
1571305,Kalte Tage,0.0,8.0,ok
1571460,INFORMED ENGAGED,0.0,13.0,ok
1571614,Threshold,0.0,0.0,still_zero
1571701,The Dead Keep Dying,0.0,0.0,still_zero
1571735,The Tall-N-Short Halloween Special - Vol. I,0.0,25.0,ok
1571742,The Tall-N-Short Halloween Special - Vol. III,0.0,16.0,ok
1571912,CH1-0,0.0,7.0,ok
1571925,A Halloween Tale,0.0,9.0,ok
1571929,Ghoul School Pilot Film,0.0,4.0,ok
1571930,The Halloween Takeover,0.0,32.0,ok
1571933,Zombies at the Window,0.0,1.0,ok
1571934,Creepy Tales,0.0,9.0,ok
1571937,Night of the Living Den,0.0,1.0,ok
1572580,THE RISE OF THE EVIL OWL,0.0,4.0,ok
1573023,Stud Muffin,0.0,18.0,ok
1573119,Insomnium,0.0,9.0,ok
1573153,Fall Dies,0.0,52.0,ok
1573195,Under the Peel (El especial de Halloween de SantiFilms 3),0.0,,not_found
1573673,It's Time to Grow Up,0.0,19.0,ok
1573717,Red Winter,0.0,26.0,ok
1573756,The Hollow Season,0.0,109.0,ok
1573917,Gore,0.0,5.0,ok
1573922,Thumbtack,0.0,12.0,ok
1574121,I Was A Teenage Gargoyle,0.0,0.0,still_zero
1574215,Ragged Coat of Nightmare,0.0,0.0,still_zero
1575013,Black Hollow,0.0,10.0,ok
1575046,SCREAMWAVE,0.0,0.0,still_zero
1575465,The Master of the Discipline,0.0,60.0,ok
1575539,The Passenger,0.0,6.0,ok
1575847,Gossamer,0.0,13.0,ok
1577345,Sound of Silence,0.0,0.0,still_zero
1577795,The Grim Reaper,0.0,50.0,ok
1577945,The Blair Jake Project,0.0,9.0,ok
1578059,The Return,0.0,23.0,ok
1578424,New Year's Day,0.0,42.0,ok
1578429,End Ink,0.0,0.0,still_zero
1578645,Doorman,0.0,11.0,ok
1578660,Dolls of Mount Mary,0.0,8.0,ok
1578884,The Loneliest Little Boy In The World,0.0,5.0,ok
1578918,Preservation,0.0,14.0,ok
1579120,She Won't Bite,0.0,13.0,ok
1579163,Like The Rest,0.0,23.0,ok
1579694,Elliot,0.0,7.0,ok
1580421,A Midnight Snack,0.0,3.0,ok
1580490,48 Hours,0.0,25.0,ok
1580993,Private Line,0.0,10.0,ok
1581378,The Ripper Case,0.0,0.0,still_zero
1582621,SOUL: Society Of Unfortunate Ladies,0.0,0.0,still_zero
1582908,Get Home Safe,0.0,15.0,ok
1584068,The Psychiatrist,0.0,14.0,ok
1584091,Trapped,0.0,8.0,ok
1584167,JUICES,0.0,8.0,ok
1584483,The Producer,0.0,16.0,ok
1584584,Portal Ended Dreams,0.0,14.0,ok
1584675,The Momo Killer,0.0,59.0,ok
1585057,What Josh Would Of Wanted,0.0,0.0,still_zero
1585921,The Grand River Massacre,0.0,11.0,ok
1586019,The Cure,0.0,6.0,ok
1586888,Hungry Creatures,0.0,0.0,still_zero
1587671,The Note,0.0,0.0,still_zero
1588870,Picky Eaters,0.0,7.0,ok
1589348,Corpse,0.0,70.0,ok
1589579,Where the Swings Went Silent,0.0,0.0,still_zero
1589786,Doctor's Orders,0.0,5.0,ok
1589874,Paranormal Drunktivity,0.0,16.0,ok
1589890,The Closet,0.0,5.0,ok
1590154,The Fall of Barsisa,0.0,75.0,ok
1590554,ammo 2051,0.0,3.0,ok
1591083,The Devil of Christmas,0.0,30.0,ok
1591328,Punctuation.,0.0,0.0,still_zero
1591847,Ella,0.0,16.0,ok
1592491,Night of the Living Dead: 30th Anniversary Edition 1999,0.0,93.0,ok
1592560,In Place,0.0,14.0,ok
1592702,STUCK,0.0,1.0,ok
1593561,CHASER,0.0,10.0,ok
1593743,Mike Should Have Stayed Home Tonight,0.0,15.0,ok
1594623,Day of the Stalking Horror,0.0,8.0,ok
1594627,Friday 13,0.0,11.0,ok
1594719,Bullet and Lace,0.0,15.0,ok
1594902,Reel #1: Surfing with Butterflies,0.0,9.0,ok
1595174,Best Christmas Ever,0.0,6.0,ok
1595421,The Eye,0.0,13.0,ok
1595929,Jack-O'-Jungle Juice,0.0,12.0,ok
1596410,Cannibal Kitchen,0.0,0.0,still_zero
1596448,Wraith,0.0,0.0,still_zero
1597082,Afterlife,0.0,29.0,ok
1597138,The Fields of Abbottsville,0.0,71.0,ok
1597154,Strange Encounters,0.0,1.0,ok
1597656,The Mannequin Man,0.0,96.0,ok
1597702,Dice Man,0.0,1.0,ok
1598247,Wolf Meat,0.0,5.0,ok
1598472,Strangled Accomplice,0.0,12.0,ok
1599392,Godmother,0.0,0.0,still_zero
1599463,Strangled Twins,0.0,19.0,ok
1599958,Naughty or Nice,0.0,27.0,ok
1600609,Hypnagogia,0.0,9.0,ok
1600671,The Colour Red,0.0,7.0,ok
1600679,Double Crossed,0.0,30.0,ok
1601123,Attrition,0.0,27.0,ok
1601605,Tickle Me Elmo,0.0,3.0,ok
1602300,Somnophiliac,0.0,23.0,ok
1602352,Malevolent,0.0,18.0,ok
1602540,Zoom and Doom,0.0,3.0,ok
1602577,All American Devil,0.0,0.0,still_zero
1605133,Late Night 2,0.0,23.0,ok
1605150,Break N' Enter,0.0,10.0,ok
1605727,плакать при свете (cry in the light),0.0,0.0,still_zero
1605744,crow.mp4,0.0,4.0,ok
1606285,DO YOU LOVE ME,0.0,11.0,ok
1606318,Deserted,0.0,12.0,ok
1606461,The Jay Monkey Project,0.0,22.0,ok
1606871,"Knock, Knock, Knock",0.0,100.0,ok
1606937,Trouble in Truffletown,0.0,38.0,ok
1606969,Banana: The Whole Bunchy Affair,0.0,42.0,ok
1607149,The Deep Clean,0.0,0.0,still_zero
1607468,Into the Spiral,0.0,63.0,ok
1607760,"Where Have You Gone, Girl?",0.0,2.0,ok
1608097,The Ungrateful Dead,0.0,44.0,ok
1608100,BEAKS,0.0,12.0,ok
1608113,Gross boy piercing,0.0,3.0,ok
1608435,Symbiosis,0.0,19.0,ok
1608925,Hooked,0.0,6.0,ok
1609134,MAN-EATER,0.0,10.0,ok
1609153,The Flare,0.0,0.0,still_zero
1609222,The Evil of Chapel Lake,0.0,8.0,ok
1609333,Take My Whole Life Too,0.0,9.0,ok
1609447,Zoglins: Horror on the Road with no Light,0.0,5.0,ok
1609838,CONTAINMENT,0.0,10.0,ok
1609874,Zoochosis,0.0,18.0,ok
1610088,We'll Keep It Down,0.0,12.0,ok
1610099,The Meadow,0.0,15.0,ok
1610337,Artichoke,0.0,14.0,ok
1610404,little snow,0.0,3.0,ok
1610541,Disturbed,0.0,0.0,still_zero
1610745,Leshy,0.0,0.0,still_zero
1610761,Don't,0.0,0.0,still_zero
1610859,Chakravaat,0.0,21.0,ok
1611348,Brake-Through,0.0,1.0,ok
1611727,Welcome to G-Town,0.0,85.0,ok
1611752,The Schism & The Butterfly,0.0,14.0,ok
1612048,S/H/V,0.0,0.0,still_zero
1612099,Santa's Slay,0.0,5.0,ok
1612415,Blood Domina,0.0,11.0,ok
1612472,The Projectionist,0.0,9.0,ok
1612825,SWAMP,0.0,18.0,ok
1612923,Demon Hunters,0.0,97.0,ok
1612973,Odradek,0.0,0.0,still_zero
1613002,The Slenderman,0.0,73.0,ok
1613145,The Peeping Nun,0.0,59.0,ok
1613155,Cat Fever,0.0,4.0,ok
1613164,The Rexburg Psycho 3,0.0,8.0,ok
1613258,Children of the Night,0.0,20.0,ok
1613690,Vague Void,0.0,7.0,ok
1613785,Counting (Backwards),0.0,5.0,ok
1614074,X125,0.0,9.0,ok
1614343,Ripple,0.0,6.0,ok
1614854,Dream Story,0.0,19.0,ok
1614883,The Rexburg Psycho,0.0,6.0,ok
1614892,The Rexburg Psycho 2,0.0,9.0,ok
1614939,Seasons Blooming,0.0,6.0,ok
1615290,The Nursing Home,0.0,87.0,ok
1615504,Before the Silence,0.0,0.0,still_zero
1615708,Obsession,0.0,2.0,ok
1615868,Misfire,0.0,117.0,ok
1615900,elsewheres,0.0,19.0,ok
1616292,Crosswire,0.0,4.0,ok
1616563,Pain Flow Blood Flow,0.0,8.0,ok
1616605,CRAWL. SUCK. KILL. 2. JINGLE. BELLS.,0.0,5.0,ok
1616648,Hillwood College Theatre Troupe Callbacks,0.0,12.0,ok
1616669,The Shed Part Two,0.0,41.0,ok
1616740,The Knock,0.0,0.0,still_zero
1617135,Tick,0.0,14.0,ok
1617178,Be Your Own Dentist,0.0,8.0,ok
1617234,The Actor,0.0,15.0,ok
1617292,Shame on You,0.0,6.0,ok
1617511,Fátszedni,0.0,0.0,still_zero
1618361,Redwood Diaries,0.0,0.0,still_zero
1618391,DARK CORNER,0.0,6.0,ok
1618944,SILA,0.0,6.0,ok
1619089,LUCERNA,0.0,5.0,ok
1619310,CRIMSON DESIRE,0.0,9.0,ok
1619371,The Woman of the Roses,0.0,5.0,ok
1619455,IMPOSTOR SYNDROME,0.0,17.0,ok
1619635,Theremin,0.0,17.0,ok
1619657,Early Bird,0.0,7.0,ok
1619720,Lab Rat,0.0,5.0,ok
1619848,A Private Lesson,0.0,12.0,ok
1620030,Never Ever EVER Alone,0.0,54.0,ok
1620060,The Nuclear Family,0.0,12.0,ok
1620061,It Comes in Waves,0.0,13.0,ok
1620125,Shambler,0.0,7.0,ok
1620150,The Masks We Wear,0.0,9.0,ok
1620196,The Crack Gaff,0.0,15.0,ok
1620201,Sandwich,0.0,3.0,ok
1620441,FUCK FACE,0.0,8.0,ok
1620544,Plastic Sleep,0.0,24.0,ok
1620590,The Storyteller: Fearnot,0.0,24.0,ok
1620674,Daisy,0.0,5.0,ok
1620834,GREED,0.0,10.0,ok
1621108,BOOTSTRAPS,0.0,3.0,ok
1621122,210126,0.0,1.0,ok
1621329,Tokophobia,0.0,5.0,ok
1621448,Peril on the Canvas,0.0,52.0,ok
1621787,Bleeders,0.0,20.0,ok
1621921,Revenge of the CB,0.0,3.0,ok
1622116,Ananás Sangrento,0.0,3.0,ok
1622520,biarkan aku ganti,0.0,79.0,ok
1623284,Blood Orange,0.0,5.0,ok
1623422,It Wears My Face (Give it Back),0.0,18.0,ok
1623427,Bats [found footage],0.0,3.0,ok
1623588,Skid Marks,0.0,10.0,ok
1623686,Asmodeus,0.0,11.0,ok
1624101,Detention,0.0,3.0,ok
1624214,Incidents on Set: The Quizzical Minds Murders,0.0,10.0,ok
1624565,The Phone Booth,0.0,5.0,ok
1624611,How Come,0.0,2.0,ok
1624643,Nightmare Blunt Rotation,0.0,5.0,ok
1625523,Tecolote,0.0,0.0,still_zero
1625805,They Are Not Human,0.0,11.0,ok
1625875,The Chattanooga Syndrome - NOCLIP 3,0.0,72.0,ok
1625936,The Fly of Theseus,0.0,3.0,ok
1625985,When They Arrived,0.0,24.0,ok
1626149,Lost Media,0.0,0.0,still_zero
1626332,Here We Are Again,0.0,0.0,still_zero
1626367,In Sickness and In Health,0.0,0.0,still_zero
1626475,Far Out!,0.0,9.0,ok
1626547,The Silhouette: The Sock Conundrum,0.0,4.0,ok
1626571,50 STEPS OF BEAUTY,0.0,3.0,ok
1626615,More,0.0,15.0,ok
1626629,The Voyage Of Death,0.0,19.0,ok
1626690,Pigman,0.0,4.0,ok
1626734,DEAD GRANDMA,0.0,1.0,ok
1627160,SINKpisser,0.0,8.0,ok
1627299,Mapleshade Stories,0.0,105.0,ok
1627489,The Stab,0.0,15.0,ok
1627994,unHinged,0.0,7.0,ok
1628192,Fishworld,0.0,16.0,ok
1628603,Horror Hotel: The Phone,0.0,17.0,ok
1628656,We Become One,0.0,3.0,ok
1628708,Will Wants To Be A Giant Octopus,0.0,18.0,ok
1628765,"Love, Murder, JoJo",0.0,5.0,ok
1628777,Trash Attack,0.0,6.0,ok
1629275,Empty Archetypes,0.0,8.0,ok
1629493,The Fall Of The House Of Usher,0.0,5.0,ok
1629782,Honeymoon Hotel,0.0,13.0,ok
1629834,Blue,0.0,3.0,ok
1629912,Doppelganger,0.0,3.0,ok
1629961,Follow the Light,0.0,2.0,ok
1630001,Infected,0.0,102.0,ok
1630588,GHOSTFACE vs LEATHERFACE,0.0,5.0,ok
1630590,GHOSTFACE vs THE COLLECTOR,0.0,5.0,ok
1630595,MICHAEL vs JASON: Evil Emerges,0.0,29.0,ok
1630609,Michael and Jason: Best Buds,0.0,10.0,ok
1630746,The Strangers,0.0,270.0,ok
1630859,Between Matina,0.0,25.0,ok
1630862,Horror Icons Celebrate Christmas,0.0,5.0,ok
1630958,The Birth,0.0,4.0,ok
1631143,Life at Sandy's,0.0,75.0,ok
1631521,Big Fish,0.0,9.0,ok
1631727,Port Meadow,0.0,16.0,ok
1631743,CCTV,0.0,8.0,ok
1631793,For Thine Is Life,0.0,25.0,ok
1631887,Matchbox,0.0,4.0,ok
1632369,TAPE FACE,0.0,30.0,ok
1632384,Silent Hill 2: The Movie,0.0,94.0,ok
1632413,Wyrd Welcome,0.0,10.0,ok
1632808,Do Not Open,0.0,80.0,ok
1632827,Dreams of Life,0.0,3.0,ok
1632969,On Snow Fallen Ground,0.0,1.0,ok
1632976,A Bird Sits atop the Spire,0.0,1.0,ok
1633161,Club Toledo LA,0.0,10.0,ok
1633391,Visions of the Shadow Kingdom,0.0,15.0,ok
1633413,Visions of the Shadow Kingdom II,0.0,13.0,ok
1633457,Hair Dreams,0.0,1.0,ok
1633476,Parpadea,0.0,0.0,still_zero
1633712,Withdrawals,0.0,5.0,ok
1634002,The Bough Broke,0.0,1.0,ok
1634011,A Small Tale of Familial Love,0.0,1.0,ok
1634256,Childrens Show,0.0,1.0,ok
1634325,Howl If You're Horny,0.0,9.0,ok
1634438,Be Still My Beaten Heart,0.0,3.0,ok
1634441,Detached,0.0,8.0,ok
1634444,Guts 4 U,0.0,3.0,ok
1634445,Grace,0.0,5.0,ok
1634456,Why I Killed My Husband,0.0,6.0,ok
1634504,Streaming Killed the Video Store*,0.0,2.0,ok
1634510,Boop-Boop-a-Doop,0.0,2.0,ok
1634518,Stop Watching.,0.0,12.0,ok
1634556,Best Friend Material,0.0,15.0,ok
1634839,Pause,0.0,6.0,ok
1634948,Bloodlust,0.0,14.0,ok
1634987,A Las Cines,0.0,13.0,ok
1635051,sonar,0.0,16.0,ok
1635101,The Horror Movie,0.0,5.0,ok
1635141,The Son of the Night of the Return of the Attack of the Living Dead Zombie Men from Mars Part II… This Time It's Personal,0.0,17.0,ok
1635148,Daydreams of Dean,0.0,3.0,ok
1635455,Onlookers,0.0,0.0,still_zero
1635530,Princess of the Murder,0.0,60.0,ok
1635552,Something Borrowed,0.0,10.0,ok
1635676,Payback! Cannibal Hillbillies 2,0.0,12.0,ok
1635809,Ghoul Catchers,0.0,30.0,ok
1636034,WAITING GAME,0.0,7.0,ok
1636084,INTERNET SURVIVOR GIRL,0.0,7.0,ok
1636154,Peak Form,0.0,74.0,ok
1636349,Snowy,0.0,2.0,ok
1636464,Nance,0.0,11.0,ok
1636535,Werewolf With Uzi!,0.0,3.0,ok
1636618,Purgatory for Epiphanea,0.0,30.0,ok
1636761,Doppelgänger,0.0,9.0,ok
1636817,A Boy and His Kite,0.0,1.0,ok
1636855,Fish in a Barrel,0.0,95.0,ok
1636965,Wrathbone,0.0,29.0,ok
1637001,Nocturne in White,0.0,10.0,ok
1637260,Hoppy Ending,0.0,102.0,ok
1637281,Nostalgia Kills,0.0,7.0,ok
1637335,The Wheel,0.0,5.0,ok
1637356,In The Season Thereof,0.0,15.0,ok
1637376,"When I've Grown Up, Gotten Famous, and Achieved Every Single One of My Many, Many Dreams",0.0,5.0,ok
1637466,The Moon Smiled at Me Today,0.0,1.0,ok
1637843,Skin,0.0,16.0,ok
1637935,The Hatch,0.0,12.0,ok
1637952,Jacky,0.0,15.0,ok
1637954,Say Bye Bye To Blood Sausage,0.0,4.0,ok
1637971,The Colored Experiment (Film Edition),0.0,61.0,ok
1638056,The Bloop,0.0,,not_found
1638328,Skeleton Kisses,0.0,1.0,ok
1638333,Kill For a Kiss,0.0,13.0,ok
1638482,Red Dick at the Mound,0.0,40.0,ok
1638528,The Coohatch,0.0,78.0,ok
1638546,The Man in the Barn,0.0,5.0,ok
1638612,Little Shit,0.0,8.0,ok
1638690,Clownstalker: The Final Chapter,0.0,7.0,ok
1638902,Im Still Here,0.0,0.0,still_zero
1638911,Ziggy's Show: The Curse of Mariachi Bondage,0.0,10.0,ok
1638921,Beyond the Moonlight,0.0,9.0,ok
1639039,Operator_791,0.0,10.0,ok
1639192,The Chopper,0.0,50.0,ok
1639287,REINCARNATION,0.0,15.0,ok
1639299,You're Just Tired,0.0,16.0,ok
1639414,Scream: Short Film,0.0,0.0,still_zero
1639461,CHOMP,0.0,15.0,ok
1639480,Left Behind,0.0,10.0,ok
1639651,4C,0.0,11.0,ok
1639677,An Unfamiliar Voice,0.0,0.0,still_zero
1639836,The Bones Exist,0.0,14.0,ok
1639899,Psycho Killer,0.0,2.0,ok
1639958,Spiders on My Lashline,0.0,8.0,ok
1640408,THE FAN MAN,0.0,7.0,ok
1640420,Powhatan Rat Man,0.0,12.0,ok
1640477,G2.22,0.0,102.0,ok
1640952,All Consuming Love,0.0,26.0,ok
1641071,Hallway Monitor,0.0,11.0,ok
1641236,Skin and Pavement,0.0,7.0,ok
1641251,ghoststory,0.0,6.0,ok
1641275,Evergreen,0.0,12.0,ok
1641537,The Stranger at the Door,0.0,15.0,ok
1641875,no se,0.0,0.0,still_zero
1642123,Starlorn,0.0,1.0,ok
1642333,Remnant,0.0,15.0,ok
1642485,They,0.0,37.0,ok
1642681,Here Lies Privacy: A Modern Gothic Fable,0.0,6.0,ok
1642701,Fan Mail,0.0,4.0,ok
1643244,Mirage,0.0,7.0,ok
1643349,A Buried Mind,0.0,11.0,ok
1643458,when i go i want it to hurt,0.0,42.0,ok
1643462,Ātaahua,0.0,11.0,ok
1643476,Journeys through the Darkzone,0.0,0.0,still_zero
1643486,The Whispers of the Aspens,0.0,1.0,ok
1643659,Love Spell. A Psychedelic Poem in Two Parts,0.0,21.0,ok
1643779,Trashman TV,0.0,5.0,ok
1643869,Survivor's Confession,0.0,3.0,ok
1643892,Screamface,0.0,3.0,ok
1644025,UDEG SPACE SAR 2026,0.0,5.0,ok
1644166,The Beating Eye,0.0,6.0,ok
1644253,Freak!,0.0,27.0,ok
1644257,Everybody's Got Something to Hide Except Me and My Monkey,0.0,0.0,still_zero
1644269,Siren Head,0.0,6.0,ok
1644398,Butter,0.0,11.0,ok
1644449,Love and Fear at College Age,0.0,4.0,ok
1644676,Bois,0.0,12.0,ok
1644758,Angel (iii),0.0,23.0,ok
1645070,Dead End,0.0,4.0,ok
1645114,Deadrock Zombies,0.0,110.0,ok
1645331,Freak,0.0,12.0,ok
1645485,Spiral,0.0,6.0,ok
1645739,Lady Gaga - MAC Viva Glam,0.0,1.0,ok
1645998,Nearsighted,0.0,4.0,ok
1646001,JAW,0.0,8.0,ok
1646007,The Mrs. Wolf Show,0.0,11.0,ok
1646011,It's Not Me,0.0,17.0,ok
1646057,LOVESTRUCK,0.0,40.0,ok
1646442,The Ominous Project Universe Presents: Monsters Are Real,0.0,61.0,ok
1646508,LIMINAL,0.0,15.0,ok
1646522,Come In From the Cold,0.0,155.0,ok
1646541,Peter Blaster the Puppet Master's Puppettacular Pursuit of Puppet Perfection,0.0,7.0,ok
1646560,The Tell-Tale Heart,0.0,15.0,ok
1646650,Kodak,0.0,51.0,ok
1646725,The Ominous Project Universe Presents: The Devils Within,0.0,29.0,ok
1646844,The Salesman,0.0,25.0,ok
1647500,Ash vs Evil Dead: Beep Beep,0.0,3.0,ok
1647523,My Severed Arm,0.0,9.0,ok
1647672,Tasmanian Chainsaw Massacre Part 3,0.0,4.0,ok
1647690,The Mid-Night Driver,0.0,80.0,ok
1647838,Red Velvet Cake,0.0,9.0,ok
1647847,Mimics,0.0,14.0,ok
1647870,Bite Back,0.0,8.0,ok
1647895,A Monkey's Portion,0.0,3.0,ok
1647914,Breath and Length,0.0,2.0,ok
1648075,Still There,0.0,15.0,ok
1648357,Void Supervisor,0.0,1.0,ok
1648427,The Trick,0.0,4.0,ok
1648516,Trick O' Freak,0.0,7.0,ok
1648585,Blink,0.0,0.0,still_zero
1648649,The Wishflower,0.0,13.0,ok
1648713,THE CLOSING SHIFT,0.0,7.0,ok
1649255,Worship Him,0.0,4.0,ok
1649517,What Lurks In the Shadows,0.0,70.0,ok
1649674,Joshua,0.0,0.0,still_zero
1649704,Something in the Cellar,0.0,50.0,ok
1649727,Taste of Evil,0.0,50.0,ok
1649783,Mild Sauce,0.0,0.0,still_zero
1649830,morningshed,0.0,9.0,ok
1650098,The Sons and Daughters of Tomorrow,0.0,50.0,ok
1650115,The Last Witness,0.0,50.0,ok
1650124,The Shattered Eye,0.0,50.0,ok
1650276,Holly,0.0,5.0,ok
1650442,It Comes From Within,0.0,7.0,ok
1650534,Hollow Trees,0.0,85.0,ok
1650606,Communion,0.0,25.0,ok
1650660,A Quiet House,0.0,14.0,ok
1651035,Let's Help Olivia Kill Herself,0.0,7.0,ok
1651123,Eyes Of Randy Prozac,0.0,0.0,still_zero
1651230,Father,0.0,29.0,ok
1651269,Quiet on Set,0.0,15.0,ok
1651347,Minotaur,0.0,0.0,still_zero
1651564,I TRIED A RITUAL,0.0,22.0,ok
1651571,Scarlet Nose,0.0,0.0,still_zero
1651590,The Lost Fortune of Oliver Brody,0.0,12.0,ok
1651714,The Closet,0.0,5.0,ok
1651814,the things id do to you,0.0,0.0,still_zero
1651883,Locked in a Loop: Living with OCD,0.0,3.0,ok
1652435,Therapy with a Zombie,0.0,0.0,still_zero
1652606,The Frankfurt Specimen: 2099,0.0,13.0,ok
1652699,Whispers in the Shadows,0.0,0.0,still_zero
1652722,Johnny likes to read,0.0,1.0,ok
1652749,Lost Amongst the Mind,0.0,6.0,ok
1653034,Last meal 101,0.0,2.0,ok
1653057,Memoriam,0.0,27.0,ok
1653503,Kill Your Darlings,0.0,7.0,ok
1653668,Late Night,0.0,3.0,ok
1653722,Brain Rot,0.0,15.0,ok
1653827,The Harrowing,0.0,29.0,ok
1654174,Plastic Liver,0.0,7.0,ok
1654309,The Escape,0.0,5.0,ok
1654487,STATIC,0.0,4.0,ok
1654701,How to do a backflip!,0.0,1.0,ok
1654743,Rat,0.0,10.0,ok
1654791,Motel Inn,0.0,0.0,still_zero
1654803,Channel 9 FM,0.0,65.0,ok
1655055,Totally Dead,0.0,6.0,ok
1655224,Meggamorphosis,0.0,1.0,ok
1655335,Devourer,0.0,16.0,ok
1655394,Pig Earth,0.0,30.0,ok
1655567,Euthanasia,0.0,3.0,ok
1655673,Dracula,0.0,104.0,ok
1655692,The Haunting of Comet Lodge,0.0,7.0,ok
1655738,Night Terrors: Blood Date on Trade Street,0.0,90.0,ok
1655937,The Hardcore Collection,0.0,180.0,ok
1656201,Channel 34,0.0,5.0,ok
1656235,The Apples Mask,0.0,5.0,ok
1656335,What's For Dinner?,0.0,10.0,ok
1656593,AFFECTLESS,0.0,37.0,ok
1656596,Commute,0.0,3.0,ok
1656888,The Signal Beneath,0.0,6.0,ok
1656958,Greeley's Creamies,0.0,9.0,ok
1657000,Milano Murder Mystery,0.0,6.0,ok
1657021,Serial Dating,0.0,10.0,ok
1657046,You Are Your Image And Your Image Is Mine,0.0,10.0,ok
1657117,Non Compos Mentis (Not of Sound Mind),0.0,65.0,ok
1657266,Monitor,0.0,15.0,ok
1657426,Ghost of TsimFuckis,0.0,1.0,ok
1657432,"Him, Him and Her",0.0,9.0,ok
1657677,Real Life Temple Run,0.0,2.0,ok
1657986,The Astronaut,0.0,12.0,ok
1658030,All Hail West Texas,0.0,4.0,ok
1658416,Dead to the Last Drop,0.0,40.0,ok
1658449,ESCAPE THE NIGHTMARE,0.0,1.0,ok
1658532,Love Bites,0.0,14.0,ok
1658710,VampBi,0.0,4.0,ok
1658843,The Green Man,0.0,0.0,still_zero
1658844,In The Woods,0.0,7.0,ok
1659025,In The Woods 2: Deeper In The Woods,0.0,13.0,ok
1659078,The Cucumber Killer,0.0,7.0,ok
1659083,The Cucumber Killer 2,0.0,14.0,ok
1659092,Bellwether,0.0,9.0,ok
1659095,SCRIPTED,0.0,4.0,ok
1659112,Absentia,0.0,5.0,ok
1659151,The Cry of Mann,0.0,364.0,ok
1659153,CONSUME,0.0,2.0,ok
1659167,RECORDING #27 - Short Film,0.0,24.0,ok
1659308,"Steady, As She Goes",0.0,10.0,ok
1659399,House of Leaves,0.0,203.0,ok
1659649,CRUSTACEAN,0.0,40.0,ok
1659742,All Legs,0.0,90.0,ok
1659765,Black Cocaine,0.0,8.0,ok
1659793,The Dr. Loomis Tapes,0.0,40.0,ok
1660222,Waterfall,0.0,14.0,ok
1660308,Soul Sucker: Uncut,0.0,15.0,ok
1660729,Bathroom Remodel,0.0,1.0,ok
1660952,My Body is a Prison,0.0,54.0,ok
1661127,She Fell Asleep and Dreamt of a Library,0.0,66.0,ok
1661185,The Unseen,0.0,72.0,ok
1661191,Going Under Part 2,0.0,42.0,ok
1661253,The Emerson Ghost Chasers,0.0,6.0,ok
1661322,Terraforms,0.0,6.0,ok
1661328,Bar of Blood,0.0,2.0,ok
1661381,Chasing Shadows,0.0,10.0,ok
1661559,Homo Machina,0.0,6.0,ok
1661586,The Agreement,0.0,6.0,ok
1661693,It's Watching,0.0,13.0,ok
1661968,The Countdown Room,0.0,3.0,ok
1662069,AMYGDALA,0.0,10.0,ok
1662419,Thanatos Phobos,0.0,7.0,ok
1662440,Bloodthirsty,0.0,0.0,still_zero
1662495,The Rocky Horror Pixel Show,0.0,86.0,ok
1662610,Subliminal Baby,0.0,3.0,ok
1662639,Lie-ability,0.0,22.0,ok
1662661,Shadowing,0.0,7.0,ok
1662662,THE VIBRATIONS WITHIN MY SKULL,0.0,6.0,ok
1662731,It Came From the Bathtub!,0.0,0.0,still_zero
1662762,Matched,0.0,16.0,ok
1662921,(S)kin,0.0,0.0,still_zero
1663116,To Dine For,0.0,3.0,ok
1663122,The Screamer,0.0,14.0,ok
1663205,The Life Of A Bug,0.0,5.0,ok
1663787,Jammy,0.0,10.0,ok
1663945,Rise of the Living Bread,0.0,5.0,ok
1663979,Scream Again,0.0,97.0,ok
1664020,The Bunny,0.0,10.0,ok
1664087,Tears of Blood,0.0,8.0,ok
1664162,U/S/B,0.0,52.0,ok
1664190,Zombie Christ,0.0,30.0,ok
1664237,TEENAGERS,0.0,0.0,still_zero
1664247,Mystic Park,0.0,15.0,ok
1664373,Another's Perversions,0.0,19.0,ok
1664580,The Listing,0.0,0.0,still_zero
1664807,Don't Make Friends,0.0,86.0,ok
1664921,The Commandments,0.0,7.0,ok
1664935,Memento Mori,0.0,11.0,ok
1664960,Whispers of Forgotten Videos,0.0,6.0,ok
1664972,Hell is Empty,0.0,11.0,ok
1664992,BE - VOLUME ONE,0.0,3.0,ok
1665084,EVACATION,0.0,6.0,ok
1665172,ROOMMATES,0.0,105.0,ok
1665195,Either Way My Body is Illegal,0.0,1.0,ok
1665347,Bloodsuckers,0.0,10.0,ok
1665401,House Cat,0.0,14.0,ok
1665404,Darkroom,0.0,8.0,ok
1665409,Vlog Cam,0.0,9.0,ok
1665581,VAMPIRO,0.0,7.0,ok
1666124,Yo Yo Springs,0.0,11.0,ok
1666478,Purity,0.0,4.0,ok
1666490,Return to Sender,0.0,25.0,ok
1666771,The Werewolf,0.0,2.0,ok
1666823,Entity,0.0,10.0,ok
1666866,MOVIE,0.0,15.0,ok
1667083,The Shelf,0.0,12.0,ok
1667239,8010,0.0,24.0,ok
1667634,Angel,0.0,8.0,ok
1667806,CIRCUL,0.0,8.0,ok
1667813,Don't Hug Me I'm Scared: Behind the Magic,0.0,7.0,ok
1667907,Shadow Daddy,0.0,8.0,ok
1667911,Sonder,0.0,9.0,ok
1667932,Nowhere Coast,0.0,15.0,ok
1667956,Observational Studies,0.0,3.0,ok
1668246,The Witch of Endor,0.0,8.0,ok
1668400,openyoureyes.onion,0.0,23.0,ok
1668508,The Sleepover: The reckoning Of Sidney Rotherham,0.0,3.0,ok
1668859,It’s a Wonderful Night of the Living Dead,0.0,8.0,ok
1669049,Whisker Dissolve,0.0,6.0,ok
1669079,Azureous,0.0,6.0,ok
1669469,Ticci Toby,0.0,61.0,ok
1669973,1AM,0.0,25.0,ok
1669999,Alien Butchers,0.0,80.0,ok
1671254,Arohara,0.0,17.0,ok
1671319,Psycho 60/98,0.0,6.0,ok
1671559,Suck It.,0.0,10.0,ok
1673242,Signal Lost,0.0,8.0,ok
1673486,Shades Of The Unseen,0.0,4.0,ok
1673807,Smother,0.0,0.0,still_zero
1674107,Primal Instinct,0.0,16.0,ok
1674304,Battle of the Zombie Staplers,0.0,36.0,ok
1675209,96.9 FM,0.0,3.0,ok
1675462,The American Dream,0.0,32.0,ok
1675733,Lone' Wolves,0.0,13.0,ok
1676124,Bill's Miracle,0.0,9.0,ok
1676162,Who Are You,0.0,3.0,ok
1676171,NYRA II,0.0,0.0,still_zero
1676367,Come To Brazil,0.0,55.0,ok
1676977,Freaky Paranormal Findings in the Contiguous United States and Other Affiliated Territories,0.0,15.0,ok
1676989,Face Value,0.0,7.0,ok
1677004,The Mirror of Condition,0.0,2.0,ok
1677050,2 hours of On This Spot files to sleep to (or if you’re really high),0.0,121.0,ok
1677082,Pl8,0.0,2.0,ok
1677366,Eventide,0.0,11.0,ok
1677470,Continuum,0.0,10.0,ok
1677587,Uneducated Education,0.0,4.0,ok
1678132,Iustitium,0.0,19.0,ok
1678317,Mercy: Queen of the Undead,0.0,9.0,ok
1678337,Demonology,0.0,37.0,ok
1678368,ACCISMUS,0.0,10.0,ok
1678454,That Orange Fellow,0.0,8.0,ok
1678555,Modus Operandi,0.0,9.0,ok
1678967,"Moth, Man!",0.0,9.0,ok
1679098,Epidemic,0.0,10.0,ok
1679178,Mr. Silhouette,0.0,14.0,ok
1679197,Whispers of Nature,0.0,14.0,ok
1679267,If It Bleeds,0.0,10.0,ok
1679300,Side Effects,0.0,12.0,ok
1679561,Cooper Berryman's The Navidson Record,0.0,9.0,ok
1679575,A Drop In't Ocean,0.0,8.0,ok
1679611,No Through Road 3,0.0,3.0,ok
1679613,No Through Road 4,0.0,7.0,ok
1679959,The Second Skeleton,0.0,118.0,ok
1679967,The Count,0.0,9.0,ok
1680041,To Face Reality: A Scare You Trilogy,0.0,75.0,ok
1680368,Exandria Unlimited: Calamity,0.0,999.0,ok
1680813,Interitus,0.0,8.0,ok
1680875,meatcafe.net,0.0,16.0,ok
1680890,SKIN,0.0,1.0,ok
1680924,Soft Things Rot,0.0,70.0,ok
1680958,The Hand,0.0,75.0,ok
1681223,Lovebug,0.0,13.0,ok
1681289,BREATHE,0.0,12.0,ok
1681395,BLOODGOD,0.0,81.0,ok
1681429,BEAR TRAP,0.0,11.0,ok
1681462,Chronic Wasting,0.0,10.0,ok
1682410,Evil Dead - The Musical,0.0,101.0,ok
1682559,The Life of a Spy,0.0,8.0,ok
1682604,Blink and You Miss It,0.0,4.0,ok
1682620,Visitor,0.0,12.0,ok
1682627,Straightbackward,0.0,16.0,ok
1682644,The Gath3ring,0.0,23.0,ok
1682648,The Current,0.0,0.0,still_zero
1682667,Christmas at Aunt Betty's,0.0,0.0,still_zero
1682979,Faecal Beast,0.0,13.0,ok
1682981,Lamentations,0.0,8.0,ok
1683047,It's All in the Soil,0.0,11.0,ok
1683048,Stabbington,0.0,2.0,ok
1683111,The Room In The Tower,0.0,16.0,ok
1683122,Late Night with Me,0.0,3.0,ok
1683417,Hollow Walker of the Lake,0.0,16.0,ok
1683441,Dead Serious,0.0,4.0,ok
1683446,Break Out,0.0,50.0,ok
1683977,False Advertising,0.0,15.0,ok
1684132,.,0.0,4.0,ok
1684156,Fingertips: Reborn,0.0,0.0,still_zero
1684220,Seasons Bleedings,0.0,3.0,ok
1684224,Forest of the Marauder,0.0,15.0,ok
1684248,Inside Me,0.0,4.0,ok
1684618,Obsessed,0.0,6.0,ok
1684836,HILLCREST,0.0,13.0,ok
1684928,"Brother, Sister and The Vampire",0.0,6.0,ok
1684942,Evil Snowman,0.0,10.0,ok
1684962,Not Him,0.0,13.0,ok
1685095,BANDAIDS,0.0,5.0,ok
1685370,I Will Kill You,0.0,2.0,ok
1685386,Remember Death,0.0,0.0,still_zero
1685489,Veganzz,0.0,15.0,ok
1685504,Dysphoria,0.0,6.0,ok
1685506,CASE FILE: GNAW,0.0,8.0,ok
1685522,What Comes from the Valley,0.0,30.0,ok
1685640,How To Be A Lady,0.0,12.0,ok
1685754,The Beauty in Boredom,0.0,20.0,ok
1685843,When You Hear Hoofbeats,0.0,9.0,ok
1686082,Grounded,0.0,8.0,ok
1686103,A Fistful of Toothpicks,0.0,15.0,ok
1686150,"O, Death",0.0,12.0,ok
1686208,Tick,0.0,13.0,ok
1686329,The Night My Parents Were at a Wedding,0.0,15.0,ok
1686347,In Your Eye,0.0,1.0,ok
1686698,God Lives in my Bathroom,0.0,4.0,ok
1686776,The House Guest,0.0,7.0,ok
1686807,Mold,0.0,4.0,ok
1687144,Skotos,0.0,0.0,still_zero
1687160,Bewildered,0.0,13.0,ok
1687187,If I Cant Have You,0.0,7.0,ok
1687201,The Lurking,0.0,3.0,ok
1687286,"Yes, I am a Visitor",0.0,11.0,ok
1687312,Madness,0.0,26.0,ok
1687446,The Comfort Killer,0.0,10.0,ok
1687499,Live,0.0,3.0,ok
1687539,Symphonies of a Bounded Body,0.0,3.0,ok
1687569,In Fear,0.0,5.0,ok
1687615,The Radio,0.0,3.0,ok
1687636,Revenge of the Supermarket Trolleys,0.0,29.0,ok
1687660,The Zone of Ghost's,0.0,0.0,still_zero
1687673,Bloodstained Circuitboards,0.0,6.0,ok
1687720,The Groundhog's Day Massacre 2,0.0,57.0,ok
1687731,No Soliciting,0.0,4.0,ok
1687783,The Terrible Terror,0.0,1.0,ok
1687895,Wrong Disc,0.0,5.0,ok
1687976,Accept All Changes?,0.0,6.0,ok
1688191,Is This Your First Time?,0.0,8.0,ok
1688202,Night of the Blood Curse,0.0,90.0,ok
1688322,Unforgotten,0.0,4.0,ok
1688495,The Shadowman's Nightmare,0.0,60.0,ok
1688546,LOVE BITES,0.0,8.0,ok
1688634,Dead is dead,0.0,79.0,ok
1689011,In the Meatballs of Madness,0.0,3.0,ok
1689125,Echoed Blood,0.0,18.0,ok
1689220,Spiralbound,0.0,76.0,ok
1689362,Beneath The Surface,0.0,5.0,ok
1689645,Metabolizer,0.0,31.0,ok
1689776,Somnia,0.0,8.0,ok
1689911,The Cat's House,0.0,7.0,ok
1690072,Fevdrea,0.0,25.0,ok
1690115,PLAYBACK,0.0,6.0,ok
1690119,Menthol,0.0,3.0,ok
1690154,ANATHEMA,0.0,24.0,ok
1690190,"Two Drunks, a Ghost and The Bear",0.0,11.0,ok
1690382,una fotografia,0.0,18.0,ok
1691126,The Angry Man,0.0,4.0,ok
1691128,Airwave,0.0,0.0,still_zero
1691179,In Memory,0.0,9.0,ok
1691545,Subsumed,0.0,7.0,ok
1691674,Bloodsuckers,0.0,5.0,ok
1691763,Eros In Ecstacy,0.0,7.0,ok
1691931,LAKESVILLE MOVIE,0.0,75.0,ok
1691939,"At the Midnight, In the Silence",0.0,5.0,ok
1692044,Fall From Grace,0.0,13.0,ok
1692282,Krasny,0.0,23.0,ok
1692295,Hotel Eden,0.0,16.0,ok
1692623,Now Playing,0.0,14.0,ok
1692791,Shift,0.0,11.0,ok
1692906,Meat Ranch,0.0,10.0,ok
1693045,"""What's the Worst that could happen?""",0.0,6.0,ok
1693137,Serurta,0.0,43.0,ok
1693241,Optical Memory,0.0,7.0,ok
1693287,Fatal Contact,0.0,12.0,ok
1693613,Dragged in Between,0.0,3.0,ok
1693683,Once Upon A Nightmare,0.0,9.0,ok
1693703,Suture,0.0,14.0,ok
1693725,The Mirror,0.0,5.0,ok
1693772,Bite The Bullet,0.0,7.0,ok
1693850,Do Not Touch The Art,0.0,5.0,ok
1694048,Lost Soul,0.0,5.0,ok
1694068,Octopus,0.0,5.0,ok
1694264,Guiles,0.0,13.0,ok
1694301,Out of Phase,0.0,13.0,ok
1694451,The Sunny Side,0.0,10.0,ok
1694497,Loop Hole,0.0,9.0,ok
1694687,Mimic,0.0,0.0,still_zero
1694823,It's Alive!,0.0,2.0,ok
1694915,House Roxy,0.0,16.0,ok
1695033,The Hanging Munchkin: Dorothy Gale A Period Drama,0.0,3.0,ok
1695058,Bouquet of a Circumcised Blood Flower,0.0,33.0,ok
1695167,Mr Nitwit,0.0,28.0,ok
1695762,Deadbeat Boyfriend,0.0,10.0,ok
1695802,Fake Code,0.0,8.0,ok
1695816,Brainrot,0.0,26.0,ok
1695900,The Charybdis,0.0,8.0,ok
1695927,Puppet Master Playtime,0.0,8.0,ok
1695936,Demon Clown Doll,0.0,0.0,still_zero
1696142,A Drop of Blood,0.0,0.0,still_zero
1696147,Incident At Grandma's,0.0,105.0,ok
1696173,Jack Scott's Wood,0.0,25.0,ok
1696198,Little Nightmares - Broken Promises,0.0,13.0,ok
1696206,-40 (Forty Years Younger),0.0,18.0,ok
1696210,Tent,0.0,13.0,ok
1696337,Twin Demons,0.0,86.0,ok
1696358,dashcam_0804.mp4,0.0,5.0,ok
1696448,Slice of Life,0.0,12.0,ok
1696456,The Molding,0.0,8.0,ok
1696598,S4E9,0.0,3.0,ok
1696644,Shelter Woods,0.0,8.0,ok
1696660,The Intel,0.0,6.0,ok
1696730,The Feminine Touch,0.0,2.0,ok
1697152,The Prompt,0.0,3.0,ok
1697305,Coin Operated Clown,0.0,7.0,ok
1697318,Ceci N'est Pas Un Viol,0.0,8.0,ok
1697607,Maenad,0.0,11.0,ok
1697708,GAIN,0.0,4.0,ok
1697835,WE WHO HUNGER,0.0,42.0,ok
1698005,Waste Management,0.0,23.0,ok
1698075,CO-PRODUCERS,0.0,16.0,ok
1698084,The Sermon,0.0,23.0,ok
1698089,Night of the Zombeer,0.0,8.0,ok
1698177,Purge,0.0,15.0,ok
1698185,I Wish This Was Real,0.0,14.0,ok
1698247,Karen & Karma,0.0,4.0,ok
1698398,PAROUSIA.,0.0,17.0,ok
1698469,Peeled Eyes,0.0,4.0,ok
1698834,The Brother and The Monster,0.0,6.0,ok
1698847,BeamTo,0.0,10.0,ok
1698904,Information Management,0.0,12.0,ok
1699081,Between the Trees,0.0,11.0,ok
1699353,Cryface,0.0,6.0,ok
1699354,He Brings the News,0.0,19.0,ok
1699457,TRUNK,0.0,7.0,ok
1699816,North of Nowhere,0.0,6.0,ok
1699853,Frosty the evil snowman,0.0,3.0,ok
1700085,Neonaticide,0.0,8.0,ok
1700123,Sweet,0.0,9.0,ok
1700143,X-ORCISM,0.0,4.0,ok
1700146,Something Strange in the Dark,0.0,0.0,still_zero
1700555,Anniversary,0.0,8.0,ok
1700651,Vomit,0.0,5.0,ok
1700656,Desecration,0.0,6.0,ok
1700672,Footage we stumbled across,0.0,7.0,ok
1700738,Bobby Bungalow’s Antique Mall,0.0,3.0,ok
1700780,The Styx,0.0,4.0,ok
1700812,Ring 'A' Ling,0.0,3.0,ok
1701052,Dodgy and Abandoned,0.0,45.0,ok
1701077,Pressure,0.0,5.0,ok
1701131,Stocking Shelves,0.0,4.0,ok
1701170,E-SAFETY,0.0,2.0,ok
1701295,Clarity,0.0,3.0,ok
1701301,INSIDE,0.0,9.0,ok
1701305,Strawberry Spring,0.0,10.0,ok
1701475,Boggs Day Afternoon,0.0,37.0,ok
1701545,Ephialtes,0.0,1.0,ok
1701597,Blood Covenant,0.0,44.0,ok
1701666,Occupation,0.0,5.0,ok
1701671,Intrigued,0.0,0.0,still_zero
1701829,Degrassi of the Dead,0.0,11.0,ok
1701856,50 Odd Foot of Shit,0.0,4.0,ok
1701972,WULVER,0.0,10.0,ok
1702398,Limerence,0.0,18.0,ok
1702434,Lost Ranger,0.0,0.0,still_zero
1702923,Shadows of the Circle,0.0,14.0,ok
1703073,Bible Black: New Testament,0.0,180.0,ok
1703119,The Persuer,0.0,3.0,ok
1703166,You're Dead To Me Sis,0.0,14.0,ok
1703263,One Lost Time,0.0,4.0,ok
1703305,DUCK,0.0,6.0,ok
1703306,Double Exposure,0.0,3.0,ok
1703408,Sleep Call,0.0,17.0,ok
1703448,Creep,0.0,3.0,ok
1703466,possession,0.0,3.0,ok
1703672,Some Faceless Memories Pt. I,0.0,7.0,ok
1703719,Erin Turns 30,0.0,9.0,ok
1703729,Bloodlust,0.0,12.0,ok
1703731,Film History’s Modus Operandi,0.0,0.0,still_zero
1703804,PegaSUS,0.0,23.0,ok
1703870,DISTRAUGHT,0.0,8.0,ok
1703903,Killing in the Name,0.0,8.0,ok
1703907,Riverhood,0.0,16.0,ok
1704110,M.E.N.A.G.E.R.I.E : A Presentable Liberty,0.0,120.0,ok
1704160,Timmy’s House,0.0,7.0,ok
1704216,Bloodline,0.0,35.0,ok
1704420,The Observer,0.0,9.0,ok
1704502,Nosejob,0.0,10.0,ok
1704583,Humans Are Shapes,0.0,18.0,ok
1704590,Needle,0.0,5.0,ok
1704605,The Watcher,0.0,7.0,ok
1704620,Misero Soffio Misera Carne,0.0,17.0,ok
1704700,Whores of Horror,0.0,4.0,ok
1705054,NOT AN EXIT,0.0,12.0,ok
1705345,Woman Under Wound,0.0,14.0,ok
1705354,Graveyard Shift,0.0,10.0,ok
1705685,Red Lips,0.0,70.0,ok
1705783,Threshold,0.0,8.0,ok
1705799,Worm Hands,0.0,2.0,ok
1705825,When Dogs Bite,0.0,4.0,ok
1705862,Curiosity Killed the Cat,0.0,10.0,ok
1705888,Groundskeeper,0.0,70.0,ok
1706084,the grievance of the day,0.0,41.0,ok
1706110,Amityville Horror House,0.0,88.0,ok
1706404,Thank you for shopping with us!,0.0,5.0,ok
1706480,Departing Seniors,0.0,3.0,ok
1706682,Red City,0.0,10.0,ok
1706887,Under Your Skin,0.0,10.0,ok
1706893,"""HINDSIGHT""",0.0,3.0,ok
1706909,Ringer,0.0,4.0,ok
1706910,The Recycler,0.0,3.0,ok
1706911,Mouth Face,0.0,3.0,ok
1707137,Nexo,0.0,15.0,ok
1707229,Schizophrenic perpetual hemorrhage from the reichian perspective,0.0,3.0,ok
1707279,Uncle Frank's Basement,0.0,2.0,ok
1707285,Uncle Frank's Basement 2,0.0,2.0,ok
1707287,Uncle Frank's Hallway,0.0,2.0,ok
1707295,Clap Clap,0.0,5.0,ok
1707474,Drinking Buddies,0.0,3.0,ok
1707590,I'm insane,0.0,1.0,ok
1707600,Everything I Hate About Us,0.0,10.0,ok
1707635,The Bench,0.0,3.0,ok
1707718,Sugar,0.0,11.0,ok
1707736,Beetlejuice The Musical. The Musical. The Musical.,0.0,150.0,ok
1707766,LIMINAL,0.0,16.0,ok
1707786,bluejay,0.0,4.0,ok
1707909,The Probe Files,0.0,11.0,ok
1708190,Mami Está Aquí,0.0,15.0,ok
1708324,"Bethesda, MD Short-Circuited",0.0,3.0,ok
1708376,Droid House,0.0,141.0,ok
1708387,My Dearest Rosaline,0.0,11.0,ok
1708413,Reunion,0.0,8.0,ok
1708458,The Bed She Made,0.0,8.0,ok
1708467,Blog Stalker,0.0,7.0,ok
1708493,Tainted Blood,0.0,8.0,ok
1708576,Occupational Hazard,0.0,23.0,ok
1708587,SKIN,0.0,1.0,ok
1708590,The Jabberwocky,0.0,8.0,ok
1708621,Don't Rush Me,0.0,7.0,ok
1709330,Buggy Trails,0.0,4.0,ok
1709459,The Thirst,0.0,0.0,still_zero
1709606,That Time I Left,0.0,3.0,ok
1709676,"Rest Well,",0.0,9.0,ok
1709741,Duplicitous,0.0,8.0,ok
1709766,Legacy,0.0,5.0,ok
1709777,Paranormal Tapes,0.0,3.0,ok
1709914,Left Behind,0.0,7.0,ok
1710225,TAU file_001,0.0,0.0,still_zero
1710590,Algal Doom,0.0,3.0,ok
1710835,Black Annis,0.0,10.0,ok
1710996,Sink,0.0,2.0,ok
1711061,AFTERSLICE,0.0,4.0,ok
1711077,Hiding in Plain Sight,0.0,41.0,ok
1711104,Agatha,0.0,64.0,ok
1711115,Nostalgia,0.0,5.0,ok
1711145,Te llevo en la Piel,0.0,29.0,ok
1711282,wyrdo,0.0,40.0,ok
1711365,Behind You,0.0,35.0,ok
1711651,Carver,0.0,50.0,ok
1711760,Antipathy,0.0,0.0,still_zero
1711819,The Door,0.0,4.0,ok
1711850,Thank You For Your Time,0.0,7.0,ok
1711900,There Is No Escape,0.0,5.0,ok
1712017,Choke the Handle of the Blade,0.0,9.0,ok
1712076,Peccatum,0.0,13.0,ok
1712144,Sleep Tight,0.0,22.0,ok
1712166,PRETTY KIND,0.0,8.0,ok
1712272,Late Night at Video-Smart,0.0,4.0,ok
1712275,Boy Likes Girl,0.0,16.0,ok
1712278,R.E.M.,0.0,0.0,still_zero
1712405,Bug Bite,0.0,5.0,ok
1712409,The Ball Pit,0.0,6.0,ok
1712415,Exposure,0.0,0.0,still_zero
1712471,Light 3,0.0,5.0,ok
1712480,The Confession,0.0,7.0,ok
1712486,Are You Human?,0.0,4.0,ok
1712627,Get this on camera!,0.0,9.0,ok
1712787,Tenants,0.0,16.0,ok
1712843,The Hostile Rat Takeover,0.0,17.0,ok
1712905,When Fate Feeds,0.0,7.0,ok
1713160,Look At Me,0.0,3.0,ok
1713431,3AM,0.0,12.0,ok
1713503,Closing Hour,0.0,5.0,ok
1713550,Blog Stalker: The Search,0.0,6.0,ok
1713680,Fare Thee Well,0.0,14.0,ok
1713744,EGG,0.0,5.0,ok
1714195,Devils Lake,0.0,95.0,ok
1714638,Overcooked,0.0,8.0,ok
1714671,The Little Penis Killer,0.0,8.0,ok
1715068,"Watch Out, Kid",0.0,9.0,ok
1715105,Spring is here.,0.0,3.0,ok
1715325,Roadkill,0.0,5.0,ok
1715368,She Wolf Fever,0.0,8.0,ok
1715726,Get Ahead,0.0,10.0,ok
1715748,Redneck,0.0,12.0,ok
1715753,"Girls, We're Killing It!",0.0,18.0,ok
1715754,Beings,0.0,3.0,ok
1715820,Ghost Story,0.0,10.0,ok
1715853,The Rexburg Psycho: Origins,0.0,7.0,ok
1715881,Ca$h Cow$,0.0,15.0,ok
1715886,Goosebumps: The Barking Ghost,0.0,21.0,ok
1715961,INHUMATION,0.0,15.0,ok
1716006,St. Graves,0.0,30.0,ok
1716429,The New Guy in Town,0.0,7.0,ok
1716448,The Pools,0.0,0.0,still_zero
1716456,Watching,0.0,14.0,ok
1716508,Dracula! - The Final Scenes,0.0,7.0,ok
1716625,MEATLOAF,0.0,1.0,ok
1716642,Léonie,0.0,8.0,ok
1716707,The Nun,0.0,9.0,ok
1716748,SLEEP WELL,0.0,9.0,ok
1716852,Bent: Volume One,0.0,88.0,ok
1717143,Dismal - A Short Film,0.0,0.0,still_zero
1717206,Debunk'd,0.0,7.0,ok
1717238,RUN AWAY AND HIDE,0.0,3.0,ok
1717305,‘Honey I’m home”,0.0,4.0,ok
1717346,INBITE,0.0,2.0,ok
1717537,Fish Fear Me,0.0,4.0,ok
1718082,Borom Baax,0.0,13.0,ok
1718230,Scene 13,0.0,6.0,ok
1718327,Catsitting,0.0,6.0,ok
1718330,Argiope,0.0,8.0,ok
1718361,DOOM,0.0,3.0,ok
1718520,Lowercase G,0.0,9.0,ok
1718547,Malus Domesticated,0.0,5.0,ok
1718649,The Staked Girls,0.0,17.0,ok
1718652,Tobi Zertrennguru,0.0,0.0,still_zero
1718654,Dread Introduction Trailer,0.0,2.0,ok
1718855,Shuffle,0.0,5.0,ok
1718950,Blue Eyes,0.0,3.0,ok
1718965,The Random Chair Event,0.0,26.0,ok
1719001,Toothache,0.0,6.0,ok
1719018,Pain and Suffering,0.0,11.0,ok
1719104,Obedience,0.0,15.0,ok
1719153,Stain,0.0,0.0,still_zero
1719181,Slipworm or: The Ectophagic Liminal Leech Breach,0.0,7.0,ok
1719186,DO YOU SEE IT,0.0,2.0,ok
1719380,No Way Home,0.0,119.0,ok
1719568,LYTLE 2014,0.0,5.0,ok
1719721,SKIN!,0.0,3.0,ok
1719733,And I Am Reborn,0.0,2.0,ok
1719873,Zombies on The Beach,0.0,0.0,still_zero
1719882,New Hope,0.0,1.0,ok
1719917,Tape 001,0.0,10.0,ok
1719959,Vitiated,0.0,6.0,ok
1719981,Coldlight,0.0,8.0,ok
1720150,The Haunting Hour: My Old House,0.0,22.0,ok
1720402,Goosebumps: Don't Go to Sleep!,0.0,22.0,ok
1720448,Goosebumps: Say Cheese and Die... Again,0.0,22.0,ok
1720461,The Red Basketball,0.0,16.0,ok
1720476,Septicemia,0.0,0.0,still_zero
1720570,PLUGGED-IN,0.0,23.0,ok
1720969,Angel Shot,0.0,4.0,ok
1721033,The Devil's Window,0.0,13.0,ok
1721042,The Face On The Wall,0.0,13.0,ok
1721188,Busaw,0.0,10.0,ok
1721262,INGRESS LABYRINTH,0.0,2.0,ok
1721296,MALWARE,0.0,11.0,ok
1721347,RESET,0.0,7.0,ok
1721547,Parasocial,0.0,0.0,still_zero
1721609,MothBlight,0.0,38.0,ok
1721675,Something Seems Off,0.0,15.0,ok
1721759,"Marimacha, la encarnación",0.0,0.0,still_zero
1722094,Cries of Deception,0.0,12.0,ok
1722106,After Midnight,0.0,4.0,ok
1722186,Imago,0.0,10.0,ok
1722273,Collapse,0.0,5.0,ok
1722489,When The Owling Has Come,0.0,6.0,ok
1722535,Timber Falls,0.0,0.0,still_zero
1722702,Devour,0.0,8.0,ok
1722711,Doomtrip,0.0,15.0,ok
1722712,Redacted,0.0,55.0,ok
1722917,Thunderbirds: Attack of the Alligators!,0.0,50.0,ok
1722957,Snatcher,0.0,9.0,ok
1723001,Echoic,0.0,3.0,ok
1723201,FESTER,0.0,17.0,ok
1723224,Nine Days of Sadness,0.0,13.0,ok
1723232,Det Forsvindende,0.0,11.0,ok
1723266,The Return Solution,0.0,13.0,ok
1723448,Himalaya: Black Ice Edition,0.0,85.0,ok
1723487,RIPS,0.0,6.0,ok
1723502,THE OVEN,0.0,3.0,ok
1723640,Jailbird,0.0,4.0,ok
1723761,Survive,0.0,16.0,ok
1723775,CHANGE,0.0,20.0,ok
1723787,Atomic Cookbook,0.0,12.0,ok
1723797,Playtime,0.0,3.0,ok
1723830,Dirtmouths,0.0,6.0,ok
1723950,Orchard Beach Road,0.0,12.0,ok
1724072,Of Womb,0.0,90.0,ok
1724081,Bluffsaw,0.0,5.0,ok
1724170,D3STRO,0.0,7.0,ok
1724183,Killing me softly,0.0,5.0,ok
1724263,Be Mine,0.0,33.0,ok
1724296,Flicker,0.0,1.0,ok
1724315,Exchange,0.0,2.0,ok
1724479,FUNHOUSE,0.0,8.0,ok
1725252,The Mandela Catalogue,0.0,,not_found
1725267,BUNGA,0.0,21.0,ok
1725268,Eramus,0.0,0.0,still_zero
1725485,You're Not Going Home,0.0,27.0,ok
1725547,Sins of the father,0.0,12.0,ok
1725660,The Andersons,0.0,5.0,ok
1725700,VIRAL,0.0,15.0,ok
1725794,Fantastic Planet,0.0,5.0,ok
1725875,Bruised Sky,0.0,20.0,ok
1725879,inside.vbs,0.0,5.0,ok
1725954,The Bloody Hand,0.0,1.0,ok
1725966,Zanzibar,0.0,29.0,ok
1726236,STATIC: A Short Film,0.0,3.0,ok
1726584,Willa,0.0,21.0,ok
1726660,Corpsing,0.0,11.0,ok
1726920,Fairhaven,0.0,5.0,ok
1727081,lucid,0.0,8.0,ok
1727409,Jodi,0.0,88.0,ok
1727657,Your Shadows,0.0,5.0,ok
1727691,Fyrhtu Unkent,0.0,9.0,ok
1727719,Victim,0.0,19.0,ok
1727721,Bruce Keller,0.0,20.0,ok
1727726,Fyrhtu Unkent: Darkness Eternity,0.0,8.0,ok
1727747,Fyrthu Unkent Part III,0.0,7.0,ok
1727870,Kidz See Ghosts Too,0.0,10.0,ok
1728171,Berber,0.0,41.0,ok
1728239,The Mineco Movie,0.0,125.0,ok
1728265,Dark Stories: Tales from Beyond the Grave,0.0,83.0,ok
1728338,The Creeps III,0.0,45.0,ok
1728341,CANNABINOID,0.0,8.0,ok
1728343,Doll Killer 4,0.0,50.0,ok
1728367,Tantalus,0.0,9.0,ok
1728408,Nightmare School – The Mystery of Professor Marabecca,0.0,0.0,still_zero
1728705,A Red Dot,0.0,3.0,ok
1728774,The Pig Witch,0.0,10.0,ok
1729008,The Unsettled,0.0,17.0,ok
1729050,The General,0.0,13.0,ok
1729087,The Shrimp-Off,0.0,84.0,ok
1729233,Space Dust,0.0,2.0,ok
1729569,Poohniverse 2,0.0,0.0,still_zero
1729631,The Koolakamba Project vol. II,0.0,6.0,ok
1729652,The Koolakamba Project vol. III,0.0,7.0,ok
1729725,Suppress Us,0.0,65.0,ok
1729815,The Marked Room,0.0,93.0,ok
1729833,The Dinner Party,0.0,6.0,ok
1729874,Repeat until she’s gone,0.0,2.0,ok
1729940,Newlyweds,0.0,0.0,still_zero
1729941,The gears,0.0,12.0,ok
1730069,The Quiet Fight,0.0,1.0,ok
1730096,The Eater,0.0,19.0,ok
1730176,Disconnection,0.0,2.0,ok
1730182,VIVID,0.0,6.0,ok
1730191,The Analog,0.0,21.0,ok
1730747,My Best Friend,0.0,2.0,ok
1730762,SkinDeep,0.0,10.0,ok
1730786,Rush Week II,0.0,13.0,ok
1730804,No One Goes to the Movies Anymore,0.0,5.0,ok
1730860,Inner Childs Play,0.0,3.0,ok
1730868,Artifice,0.0,15.0,ok
1731474,The Dulling,0.0,12.0,ok
1731482,The Intruder,0.0,10.0,ok
1731610,We Lied,0.0,4.0,ok
1731625,The Louse,0.0,22.0,ok
1731640,"Knock, Knock",0.0,0.0,still_zero
1731708,Dih Follows,0.0,5.0,ok
1731736,Portent,0.0,9.0,ok
1731762,Fugue,0.0,5.0,ok
1731784,Little Hands,0.0,8.0,ok
1731800,"More Pain, More Pay",0.0,4.0,ok
1731805,Exhumed,0.0,13.0,ok
1731942,When you enter some scary woods. the movie.,0.0,13.0,ok
1732044,BROADCAST_586,0.0,3.0,ok
1732066,Karma,0.0,3.0,ok
1732121,Decomposition (Look At Me) Hyperfixation,0.0,13.0,ok
1732191,Interstice,0.0,8.0,ok
1732278,Infatuated,0.0,29.0,ok
1732289,Dream Eater,0.0,7.0,ok
1732354,Hindsight,0.0,10.0,ok
1732615,Consumption,0.0,0.0,still_zero
1732652,The Lady in Red,0.0,23.0,ok
1732798,You Are Here,0.0,5.0,ok
1732851,Orson Welles in Salt Lake City,0.0,8.0,ok
1733090,Phantasmagoria,0.0,0.0,still_zero
1733119,The Glimpse | A horror short film,0.0,4.0,ok
1733358,Fantasma,0.0,6.0,ok
1733454,Lola y sus Heraldos,0.0,14.0,ok
1734248,Can I Sell My Soul?,0.0,13.0,ok
1734258,THE ELFING,0.0,2.0,ok
1734826,FAMILIAR,0.0,0.0,still_zero
1735049,Tripolar,0.0,20.0,ok
1735099,The Pullback,0.0,1.0,ok
1735202,The Pools,0.0,0.0,still_zero
1735325,JAWBREAKER,0.0,134.0,ok
1735570,Akhari Page,0.0,120.0,ok
1736103,Joyride Returns,0.0,0.0,still_zero
1736222,Cinzar,0.0,0.0,still_zero
1736254,The usual way home,0.0,8.0,ok
1736276,Nasty,0.0,3.0,ok
1736284,Blow the Shit Away,0.0,21.0,ok
1736336,CAPTURED,0.0,4.0,ok
1736367,What's In Your Burger?,0.0,,not_found
1736376,Mutant Muscles,0.0,1.0,ok
1736563,Nocturnum,0.0,0.0,still_zero
1736717,Back from the Dead,0.0,29.0,ok
1736721,v2,0.0,,not_found
1736795,Deep Sleep,0.0,3.0,ok
1736808,Backrooms - Everything Must Go Edition,0.0,,not_found
1736837,The Guy Next Door,0.0,3.0,ok
1736943,Verity ™,0.0,,not_found
1737111,Nostalgia (or The Kenopsic Anemoia of the Mind),0.0,4.0,ok
