=== community_72k_chain start Tue Aug  4 00:17:58 UTC 2026 ===
Completed 227 Bytes/227 Bytes (4.1 KiB/s) with 1 file(s) remainingCompleted 256.0 KiB/321.8 KiB (4.6 MiB/s) with 1 file(s) remainingCompleted 321.8 KiB/321.8 KiB (5.7 MiB/s) with 1 file(s) remainingdownload: s3://sagemaker-studio-a5572760/wflike-community-72k/input/qa/skip_labels_ids.txt to data/qa/community_72k/skip_labels_ids.txt
Completed 256.0 KiB/345.8 KiB (4.2 MiB/s) with 1 file(s) remainingCompleted 345.8 KiB/345.8 KiB (5.6 MiB/s) with 1 file(s) remainingdownload: s3://sagemaker-studio-a5572760/wflike-community-72k/input/qa/skip_detecttext_ids.txt to data/qa/community_72k/skip_detecttext_ids.txt
--- S3 write probe ---
Completed 29 Bytes/29 Bytes (375 Bytes/s) with 1 file(s) remainingupload: data/qa/community_72k/S3_PROBE to s3://sagemaker-studio-a5572760/wflike-community-72k/results/S3_PROBE
S3 write OK
--- run community_72k_aws_worker --phase all ---
community_72k_aws_worker bucket=sagemaker-studio-a5572760 prefix=wflike-community-72k phase=all
pulled ids from s3://sagemaker-studio-a5572760/wflike-community-72k/results/tmdb_horror_ids.csv
ids loaded=68,011
download phase: candidates=61,436 no_path=6,575 workers=24
s3 already has 23,402 posters; downloading 38,034
  dl 100/38034 ok=99 fail=1 22.2/s
uploaded s3://sagemaker-studio-a5572760/wflike-community-72k/results/download_manifest.csv
  dl 200/38034 ok=199 fail=1 26.0/s
uploaded s3://sagemaker-studio-a5572760/wflike-community-72k/results/download_manifest.csv
  dl 300/38034 ok=299 fail=1 27.5/s
uploaded s3://sagemaker-studio-a5572760/wflike-community-72k/results/download_manifest.csv
  dl 400/38034 ok=399 fail=1 28.4/s
uploaded s3://sagemaker-studio-a5572760/wflike-community-72k/results/download_manifest.csv
  dl 500/38034 ok=499 fail=1 29.1/s
uploaded s3://sagemaker-studio-a5572760/wflike-community-72k/results/download_manifest.csv
  dl 600/38034 ok=599 fail=1 29.5/s
uploaded s3://sagemaker-studio-a5572760/wflike-community-72k/results/download_manifest.csv
  dl 700/38034 ok=699 fail=1 29.6/s
uploaded s3://sagemaker-studio-a5572760/wflike-community-72k/results/download_manifest.csv
  dl 800/38034 ok=799 fail=1 30.0/s
uploaded s3://sagemaker-studio-a5572760/wflike-community-72k/results/download_manifest.csv
  dl 900/38034 ok=899 fail=1 30.1/s
uploaded s3://sagemaker-studio-a5572760/wflike-community-72k/results/download_manifest.csv
  dl 1000/38034 ok=999 fail=1 30.2/s
uploaded s3://sagemaker-studio-a5572760/wflike-community-72k/results/download_manifest.csv
  dl 1100/38034 ok=1099 fail=1 30.2/s
uploaded s3://sagemaker-studio-a5572760/wflike-community-72k/results/download_manifest.csv
  dl 1200/38034 ok=1199 fail=1 30.3/s
uploaded s3://sagemaker-studio-a5572760/wflike-community-72k/results/download_manifest.csv
  dl 1300/38034 ok=1299 fail=1 30.4/s
uploaded s3://sagemaker-studio-a5572760/wflike-community-72k/results/download_manifest.csv
  dl 1400/38034 ok=1399 fail=1 30.4/s
uploaded s3://sagemaker-studio-a5572760/wflike-community-72k/results/download_manifest.csv
  dl 1500/38034 ok=1499 fail=1 30.6/s
uploaded s3://sagemaker-studio-a5572760/wflike-community-72k/results/download_manifest.csv
  dl 1600/38034 ok=1599 fail=1 30.5/s
uploaded s3://sagemaker-studio-a5572760/wflike-community-72k/results/download_manifest.csv
  dl 1700/38034 ok=1699 fail=1 30.6/s
uploaded s3://sagemaker-studio-a5572760/wflike-community-72k/results/download_manifest.csv
  dl 1800/38034 ok=1799 fail=1 30.6/s
uploaded s3://sagemaker-studio-a5572760/wflike-community-72k/results/download_manifest.csv
  dl 1900/38034 ok=1899 fail=1 30.6/s
uploaded s3://sagemaker-studio-a5572760/wflike-community-72k/results/download_manifest.csv
  dl 2000/38034 ok=1999 fail=1 30.7/s
uploaded s3://sagemaker-studio-a5572760/wflike-community-72k/results/download_manifest.csv
  dl 2100/38034 ok=2099 fail=1 30.7/s
uploaded s3://sagemaker-studio-a5572760/wflike-community-72k/results/download_manifest.csv
  dl 2200/38034 ok=2199 fail=1 30.7/s
uploaded s3://sagemaker-studio-a5572760/wflike-community-72k/results/download_manifest.csv
  dl 2300/38034 ok=2299 fail=1 30.7/s
uploaded s3://sagemaker-studio-a5572760/wflike-community-72k/results/download_manifest.csv
  dl 2400/38034 ok=2399 fail=1 30.8/s
uploaded s3://sagemaker-studio-a5572760/wflike-community-72k/results/download_manifest.csv
  dl 2500/38034 ok=2499 fail=1 30.7/s
uploaded s3://sagemaker-studio-a5572760/wflike-community-72k/results/download_manifest.csv
  dl 2600/38034 ok=2599 fail=1 30.8/s
uploaded s3://sagemaker-studio-a5572760/wflike-community-72k/results/download_manifest.csv
  dl 2700/38034 ok=2699 fail=1 30.7/s
uploaded s3://sagemaker-studio-a5572760/wflike-community-72k/results/download_manifest.csv
  dl 2800/38034 ok=2799 fail=1 30.7/s
uploaded s3://sagemaker-studio-a5572760/wflike-community-72k/results/download_manifest.csv
  dl 2900/38034 ok=2899 fail=1 30.8/s
uploaded s3://sagemaker-studio-a5572760/wflike-community-72k/results/download_manifest.csv
  dl 3000/38034 ok=2999 fail=1 30.8/s
uploaded s3://sagemaker-studio-a5572760/wflike-community-72k/results/download_manifest.csv
  dl 3100/38034 ok=3099 fail=1 30.8/s
uploaded s3://sagemaker-studio-a5572760/wflike-community-72k/results/download_manifest.csv
  dl 3200/38034 ok=3199 fail=1 30.9/s
uploaded s3://sagemaker-studio-a5572760/wflike-community-72k/results/download_manifest.csv
  dl 3300/38034 ok=3299 fail=1 30.9/s
uploaded s3://sagemaker-studio-a5572760/wflike-community-72k/results/download_manifest.csv
  dl 3400/38034 ok=3399 fail=1 30.9/s
uploaded s3://sagemaker-studio-a5572760/wflike-community-72k/results/download_manifest.csv
  dl 3500/38034 ok=3499 fail=1 30.9/s
[periodic-sync 00:20:10]
uploaded s3://sagemaker-studio-a5572760/wflike-community-72k/results/download_manifest.csv
  dl 3600/38034 ok=3599 fail=1 30.8/s
uploaded s3://sagemaker-studio-a5572760/wflike-community-72k/results/download_manifest.csv
  dl 3700/38034 ok=3699 fail=1 30.9/s
uploaded s3://sagemaker-studio-a5572760/wflike-community-72k/results/download_manifest.csv
  dl 3800/38034 ok=3799 fail=1 30.9/s
uploaded s3://sagemaker-studio-a5572760/wflike-community-72k/results/download_manifest.csv
  dl 3900/38034 ok=3899 fail=1 30.9/s
uploaded s3://sagemaker-studio-a5572760/wflike-community-72k/results/download_manifest.csv
  dl 4000/38034 ok=3999 fail=1 30.9/s
uploaded s3://sagemaker-studio-a5572760/wflike-community-72k/results/download_manifest.csv
  dl 4100/38034 ok=4099 fail=1 30.9/s
uploaded s3://sagemaker-studio-a5572760/wflike-community-72k/results/download_manifest.csv
  dl 4200/38034 ok=4199 fail=1 30.9/s
uploaded s3://sagemaker-studio-a5572760/wflike-community-72k/results/download_manifest.csv
  dl 4300/38034 ok=4299 fail=1 30.9/s
uploaded s3://sagemaker-studio-a5572760/wflike-community-72k/results/download_manifest.csv
  dl 4400/38034 ok=4399 fail=1 30.9/s
uploaded s3://sagemaker-studio-a5572760/wflike-community-72k/results/download_manifest.csv
  dl 4500/38034 ok=4499 fail=1 30.9/s
uploaded s3://sagemaker-studio-a5572760/wflike-community-72k/results/download_manifest.csv
  dl 4600/38034 ok=4599 fail=1 30.9/s
uploaded s3://sagemaker-studio-a5572760/wflike-community-72k/results/download_manifest.csv
  dl 4700/38034 ok=4699 fail=1 31.0/s
uploaded s3://sagemaker-studio-a5572760/wflike-community-72k/results/download_manifest.csv
  dl 4800/38034 ok=4799 fail=1 30.9/s
uploaded s3://sagemaker-studio-a5572760/wflike-community-72k/results/download_manifest.csv
  dl 4900/38034 ok=4899 fail=1 31.0/s
uploaded s3://sagemaker-studio-a5572760/wflike-community-72k/results/download_manifest.csv
  dl 5000/38034 ok=4999 fail=1 31.0/s
uploaded s3://sagemaker-studio-a5572760/wflike-community-72k/results/download_manifest.csv
  dl 5100/38034 ok=5099 fail=1 31.0/s
uploaded s3://sagemaker-studio-a5572760/wflike-community-72k/results/download_manifest.csv
  dl 5200/38034 ok=5199 fail=1 31.0/s
uploaded s3://sagemaker-studio-a5572760/wflike-community-72k/results/download_manifest.csv
  dl 5300/38034 ok=5299 fail=1 31.0/s
uploaded s3://sagemaker-studio-a5572760/wflike-community-72k/results/download_manifest.csv
  dl 5400/38034 ok=5399 fail=1 31.0/s
uploaded s3://sagemaker-studio-a5572760/wflike-community-72k/results/download_manifest.csv
  dl 5500/38034 ok=5499 fail=1 31.0/s
uploaded s3://sagemaker-studio-a5572760/wflike-community-72k/results/download_manifest.csv
  dl 5600/38034 ok=5599 fail=1 31.0/s
uploaded s3://sagemaker-studio-a5572760/wflike-community-72k/results/download_manifest.csv
  dl 5700/38034 ok=5699 fail=1 31.0/s
uploaded s3://sagemaker-studio-a5572760/wflike-community-72k/results/download_manifest.csv
  dl 5800/38034 ok=5799 fail=1 31.0/s
uploaded s3://sagemaker-studio-a5572760/wflike-community-72k/results/download_manifest.csv
  dl 5900/38034 ok=5899 fail=1 31.0/s
uploaded s3://sagemaker-studio-a5572760/wflike-community-72k/results/download_manifest.csv
  dl 6000/38034 ok=5999 fail=1 31.1/s
uploaded s3://sagemaker-studio-a5572760/wflike-community-72k/results/download_manifest.csv
  dl 6100/38034 ok=6099 fail=1 31.0/s
uploaded s3://sagemaker-studio-a5572760/wflike-community-72k/results/download_manifest.csv
  dl 6200/38034 ok=6199 fail=1 31.1/s
uploaded s3://sagemaker-studio-a5572760/wflike-community-72k/results/download_manifest.csv
  dl 6300/38034 ok=6299 fail=1 31.1/s
uploaded s3://sagemaker-studio-a5572760/wflike-community-72k/results/download_manifest.csv
  dl 6400/38034 ok=6399 fail=1 31.1/s
uploaded s3://sagemaker-studio-a5572760/wflike-community-72k/results/download_manifest.csv
  dl 6500/38034 ok=6499 fail=1 31.0/s
uploaded s3://sagemaker-studio-a5572760/wflike-community-72k/results/download_manifest.csv
  dl 6600/38034 ok=6599 fail=1 31.1/s
uploaded s3://sagemaker-studio-a5572760/wflike-community-72k/results/download_manifest.csv
  dl 6700/38034 ok=6699 fail=1 31.1/s
uploaded s3://sagemaker-studio-a5572760/wflike-community-72k/results/download_manifest.csv
  dl 6800/38034 ok=6799 fail=1 31.1/s
uploaded s3://sagemaker-studio-a5572760/wflike-community-72k/results/download_manifest.csv
  dl 6900/38034 ok=6899 fail=1 31.0/s
uploaded s3://sagemaker-studio-a5572760/wflike-community-72k/results/download_manifest.csv
  dl 7000/38034 ok=6999 fail=1 31.0/s
uploaded s3://sagemaker-studio-a5572760/wflike-community-72k/results/download_manifest.csv
  dl 7100/38034 ok=7099 fail=1 31.0/s
uploaded s3://sagemaker-studio-a5572760/wflike-community-72k/results/download_manifest.csv
  dl 7200/38034 ok=7199 fail=1 31.0/s
uploaded s3://sagemaker-studio-a5572760/wflike-community-72k/results/download_manifest.csv
  dl 7300/38034 ok=7299 fail=1 31.0/s
uploaded s3://sagemaker-studio-a5572760/wflike-community-72k/results/download_manifest.csv
[periodic-sync 00:22:12]
  dl 7400/38034 ok=7399 fail=1 31.0/s
uploaded s3://sagemaker-studio-a5572760/wflike-community-72k/results/download_manifest.csv
  dl 7500/38034 ok=7499 fail=1 31.0/s
uploaded s3://sagemaker-studio-a5572760/wflike-community-72k/results/download_manifest.csv
  dl 7600/38034 ok=7599 fail=1 31.0/s
uploaded s3://sagemaker-studio-a5572760/wflike-community-72k/results/download_manifest.csv
  dl 7700/38034 ok=7699 fail=1 31.0/s
uploaded s3://sagemaker-studio-a5572760/wflike-community-72k/results/download_manifest.csv
  dl 7800/38034 ok=7799 fail=1 31.0/s
uploaded s3://sagemaker-studio-a5572760/wflike-community-72k/results/download_manifest.csv
  dl 7900/38034 ok=7899 fail=1 31.0/s
uploaded s3://sagemaker-studio-a5572760/wflike-community-72k/results/download_manifest.csv
  dl 8000/38034 ok=7999 fail=1 31.0/s
uploaded s3://sagemaker-studio-a5572760/wflike-community-72k/results/download_manifest.csv
  dl 8100/38034 ok=8099 fail=1 31.0/s
uploaded s3://sagemaker-studio-a5572760/wflike-community-72k/results/download_manifest.csv
  dl 8200/38034 ok=8199 fail=1 30.9/s
uploaded s3://sagemaker-studio-a5572760/wflike-community-72k/results/download_manifest.csv
  dl 8300/38034 ok=8299 fail=1 31.0/s
uploaded s3://sagemaker-studio-a5572760/wflike-community-72k/results/download_manifest.csv
  dl 8400/38034 ok=8399 fail=1 31.0/s
uploaded s3://sagemaker-studio-a5572760/wflike-community-72k/results/download_manifest.csv
  dl 8500/38034 ok=8499 fail=1 31.0/s
uploaded s3://sagemaker-studio-a5572760/wflike-community-72k/results/download_manifest.csv
  dl 8600/38034 ok=8599 fail=1 30.9/s
uploaded s3://sagemaker-studio-a5572760/wflike-community-72k/results/download_manifest.csv
  dl 8700/38034 ok=8699 fail=1 30.9/s
uploaded s3://sagemaker-studio-a5572760/wflike-community-72k/results/download_manifest.csv
  dl 8800/38034 ok=8799 fail=1 30.9/s
uploaded s3://sagemaker-studio-a5572760/wflike-community-72k/results/download_manifest.csv
  dl 8900/38034 ok=8899 fail=1 31.0/s
uploaded s3://sagemaker-studio-a5572760/wflike-community-72k/results/download_manifest.csv
  dl 9000/38034 ok=8999 fail=1 31.0/s
uploaded s3://sagemaker-studio-a5572760/wflike-community-72k/results/download_manifest.csv
  dl 9100/38034 ok=9099 fail=1 30.9/s
uploaded s3://sagemaker-studio-a5572760/wflike-community-72k/results/download_manifest.csv
  dl 9200/38034 ok=9199 fail=1 31.0/s
uploaded s3://sagemaker-studio-a5572760/wflike-community-72k/results/download_manifest.csv
  dl 9300/38034 ok=9299 fail=1 31.0/s
uploaded s3://sagemaker-studio-a5572760/wflike-community-72k/results/download_manifest.csv
  dl 9400/38034 ok=9399 fail=1 30.9/s
uploaded s3://sagemaker-studio-a5572760/wflike-community-72k/results/download_manifest.csv
  dl 9500/38034 ok=9499 fail=1 30.9/s
uploaded s3://sagemaker-studio-a5572760/wflike-community-72k/results/download_manifest.csv
  dl 9600/38034 ok=9599 fail=1 31.0/s
uploaded s3://sagemaker-studio-a5572760/wflike-community-72k/results/download_manifest.csv
  dl 9700/38034 ok=9699 fail=1 31.0/s
uploaded s3://sagemaker-studio-a5572760/wflike-community-72k/results/download_manifest.csv
  dl 9800/38034 ok=9799 fail=1 31.0/s
uploaded s3://sagemaker-studio-a5572760/wflike-community-72k/results/download_manifest.csv
  dl 9900/38034 ok=9899 fail=1 31.0/s
uploaded s3://sagemaker-studio-a5572760/wflike-community-72k/results/download_manifest.csv
  dl 10000/38034 ok=9999 fail=1 31.0/s
uploaded s3://sagemaker-studio-a5572760/wflike-community-72k/results/download_manifest.csv
  dl 10100/38034 ok=10099 fail=1 31.0/s
uploaded s3://sagemaker-studio-a5572760/wflike-community-72k/results/download_manifest.csv
  dl 10200/38034 ok=10199 fail=1 31.0/s
uploaded s3://sagemaker-studio-a5572760/wflike-community-72k/results/download_manifest.csv
  dl 10300/38034 ok=10299 fail=1 31.0/s
uploaded s3://sagemaker-studio-a5572760/wflike-community-72k/results/download_manifest.csv
  dl 10400/38034 ok=10399 fail=1 31.0/s
uploaded s3://sagemaker-studio-a5572760/wflike-community-72k/results/download_manifest.csv
  dl 10500/38034 ok=10499 fail=1 31.0/s
uploaded s3://sagemaker-studio-a5572760/wflike-community-72k/results/download_manifest.csv
  dl 10600/38034 ok=10599 fail=1 31.0/s
uploaded s3://sagemaker-studio-a5572760/wflike-community-72k/results/download_manifest.csv
  dl 10700/38034 ok=10699 fail=1 31.0/s
uploaded s3://sagemaker-studio-a5572760/wflike-community-72k/results/download_manifest.csv
  dl 10800/38034 ok=10799 fail=1 31.0/s
uploaded s3://sagemaker-studio-a5572760/wflike-community-72k/results/download_manifest.csv
  dl 10900/38034 ok=10899 fail=1 31.0/s
uploaded s3://sagemaker-studio-a5572760/wflike-community-72k/results/download_manifest.csv
  dl 11000/38034 ok=10999 fail=1 31.0/s
uploaded s3://sagemaker-studio-a5572760/wflike-community-72k/results/download_manifest.csv
  dl 11100/38034 ok=11099 fail=1 31.0/s
[periodic-sync 00:24:14]
uploaded s3://sagemaker-studio-a5572760/wflike-community-72k/results/download_manifest.csv
  dl 11200/38034 ok=11199 fail=1 30.9/s
uploaded s3://sagemaker-studio-a5572760/wflike-community-72k/results/download_manifest.csv
  dl 11300/38034 ok=11299 fail=1 30.9/s
uploaded s3://sagemaker-studio-a5572760/wflike-community-72k/results/download_manifest.csv
  dl 11400/38034 ok=11399 fail=1 30.9/s
uploaded s3://sagemaker-studio-a5572760/wflike-community-72k/results/download_manifest.csv
  dl 11500/38034 ok=11499 fail=1 30.9/s
uploaded s3://sagemaker-studio-a5572760/wflike-community-72k/results/download_manifest.csv
  dl 11600/38034 ok=11599 fail=1 30.9/s
uploaded s3://sagemaker-studio-a5572760/wflike-community-72k/results/download_manifest.csv
  dl 11700/38034 ok=11699 fail=1 30.9/s
uploaded s3://sagemaker-studio-a5572760/wflike-community-72k/results/download_manifest.csv
  dl 11800/38034 ok=11799 fail=1 30.9/s
uploaded s3://sagemaker-studio-a5572760/wflike-community-72k/results/download_manifest.csv
  dl 11900/38034 ok=11899 fail=1 30.9/s
uploaded s3://sagemaker-studio-a5572760/wflike-community-72k/results/download_manifest.csv
  dl 12000/38034 ok=11999 fail=1 30.9/s
uploaded s3://sagemaker-studio-a5572760/wflike-community-72k/results/download_manifest.csv
  dl 12100/38034 ok=12099 fail=1 30.9/s
uploaded s3://sagemaker-studio-a5572760/wflike-community-72k/results/download_manifest.csv
  dl 12200/38034 ok=12199 fail=1 30.9/s
uploaded s3://sagemaker-studio-a5572760/wflike-community-72k/results/download_manifest.csv
  dl 12300/38034 ok=12299 fail=1 30.9/s
uploaded s3://sagemaker-studio-a5572760/wflike-community-72k/results/download_manifest.csv
  dl 12400/38034 ok=12399 fail=1 30.9/s
uploaded s3://sagemaker-studio-a5572760/wflike-community-72k/results/download_manifest.csv
  dl 12500/38034 ok=12499 fail=1 30.9/s
uploaded s3://sagemaker-studio-a5572760/wflike-community-72k/results/download_manifest.csv
  dl 12600/38034 ok=12599 fail=1 30.9/s
uploaded s3://sagemaker-studio-a5572760/wflike-community-72k/results/download_manifest.csv
  dl 12700/38034 ok=12699 fail=1 30.9/s
uploaded s3://sagemaker-studio-a5572760/wflike-community-72k/results/download_manifest.csv
  dl 12800/38034 ok=12799 fail=1 30.9/s
uploaded s3://sagemaker-studio-a5572760/wflike-community-72k/results/download_manifest.csv
  dl 12900/38034 ok=12899 fail=1 30.9/s
uploaded s3://sagemaker-studio-a5572760/wflike-community-72k/results/download_manifest.csv
  dl 13000/38034 ok=12999 fail=1 30.9/s
uploaded s3://sagemaker-studio-a5572760/wflike-community-72k/results/download_manifest.csv
  dl 13100/38034 ok=13099 fail=1 30.9/s
uploaded s3://sagemaker-studio-a5572760/wflike-community-72k/results/download_manifest.csv
  dl 13200/38034 ok=13199 fail=1 30.9/s
uploaded s3://sagemaker-studio-a5572760/wflike-community-72k/results/download_manifest.csv
  dl 13300/38034 ok=13299 fail=1 30.9/s
uploaded s3://sagemaker-studio-a5572760/wflike-community-72k/results/download_manifest.csv
  dl 13400/38034 ok=13399 fail=1 30.9/s
uploaded s3://sagemaker-studio-a5572760/wflike-community-72k/results/download_manifest.csv
  dl 13500/38034 ok=13499 fail=1 30.9/s
uploaded s3://sagemaker-studio-a5572760/wflike-community-72k/results/download_manifest.csv
  dl 13600/38034 ok=13599 fail=1 30.9/s
uploaded s3://sagemaker-studio-a5572760/wflike-community-72k/results/download_manifest.csv
  dl 13700/38034 ok=13699 fail=1 30.9/s
uploaded s3://sagemaker-studio-a5572760/wflike-community-72k/results/download_manifest.csv
  dl 13800/38034 ok=13799 fail=1 30.9/s
uploaded s3://sagemaker-studio-a5572760/wflike-community-72k/results/download_manifest.csv
  dl 13900/38034 ok=13899 fail=1 30.9/s
uploaded s3://sagemaker-studio-a5572760/wflike-community-72k/results/download_manifest.csv
  dl 14000/38034 ok=13999 fail=1 30.9/s
uploaded s3://sagemaker-studio-a5572760/wflike-community-72k/results/download_manifest.csv
  dl 14100/38034 ok=14099 fail=1 30.9/s
uploaded s3://sagemaker-studio-a5572760/wflike-community-72k/results/download_manifest.csv
  dl 14200/38034 ok=14199 fail=1 30.9/s
uploaded s3://sagemaker-studio-a5572760/wflike-community-72k/results/download_manifest.csv
  dl 14300/38034 ok=14299 fail=1 30.9/s
uploaded s3://sagemaker-studio-a5572760/wflike-community-72k/results/download_manifest.csv
  dl 14400/38034 ok=14399 fail=1 30.9/s
uploaded s3://sagemaker-studio-a5572760/wflike-community-72k/results/download_manifest.csv
  dl 14500/38034 ok=14499 fail=1 30.9/s
uploaded s3://sagemaker-studio-a5572760/wflike-community-72k/results/download_manifest.csv
  dl 14600/38034 ok=14599 fail=1 30.9/s
uploaded s3://sagemaker-studio-a5572760/wflike-community-72k/results/download_manifest.csv
  dl 14700/38034 ok=14699 fail=1 30.9/s
uploaded s3://sagemaker-studio-a5572760/wflike-community-72k/results/download_manifest.csv
  dl 14800/38034 ok=14799 fail=1 30.9/s
uploaded s3://sagemaker-studio-a5572760/wflike-community-72k/results/download_manifest.csv
[periodic-sync 00:26:17]
  dl 14900/38034 ok=14899 fail=1 30.9/s
uploaded s3://sagemaker-studio-a5572760/wflike-community-72k/results/download_manifest.csv
  dl 15000/38034 ok=14999 fail=1 30.9/s
uploaded s3://sagemaker-studio-a5572760/wflike-community-72k/results/download_manifest.csv
  dl 15100/38034 ok=15099 fail=1 30.9/s
uploaded s3://sagemaker-studio-a5572760/wflike-community-72k/results/download_manifest.csv
  dl 15200/38034 ok=15199 fail=1 30.9/s
uploaded s3://sagemaker-studio-a5572760/wflike-community-72k/results/download_manifest.csv
  dl 15300/38034 ok=15299 fail=1 30.9/s
uploaded s3://sagemaker-studio-a5572760/wflike-community-72k/results/download_manifest.csv
  dl 15400/38034 ok=15399 fail=1 30.9/s
uploaded s3://sagemaker-studio-a5572760/wflike-community-72k/results/download_manifest.csv
  dl 15500/38034 ok=15499 fail=1 30.9/s
uploaded s3://sagemaker-studio-a5572760/wflike-community-72k/results/download_manifest.csv
  dl 15600/38034 ok=15599 fail=1 30.9/s
uploaded s3://sagemaker-studio-a5572760/wflike-community-72k/results/download_manifest.csv
  dl 15700/38034 ok=15699 fail=1 30.9/s
uploaded s3://sagemaker-studio-a5572760/wflike-community-72k/results/download_manifest.csv
  dl 15800/38034 ok=15799 fail=1 30.9/s
uploaded s3://sagemaker-studio-a5572760/wflike-community-72k/results/download_manifest.csv
  dl 15900/38034 ok=15899 fail=1 30.9/s
uploaded s3://sagemaker-studio-a5572760/wflike-community-72k/results/download_manifest.csv
  dl 16000/38034 ok=15999 fail=1 30.9/s
uploaded s3://sagemaker-studio-a5572760/wflike-community-72k/results/download_manifest.csv
  dl 16100/38034 ok=16099 fail=1 30.9/s
uploaded s3://sagemaker-studio-a5572760/wflike-community-72k/results/download_manifest.csv
  dl 16200/38034 ok=16199 fail=1 30.9/s
uploaded s3://sagemaker-studio-a5572760/wflike-community-72k/results/download_manifest.csv
  dl 16300/38034 ok=16299 fail=1 30.9/s
uploaded s3://sagemaker-studio-a5572760/wflike-community-72k/results/download_manifest.csv
  dl 16400/38034 ok=16399 fail=1 30.9/s
uploaded s3://sagemaker-studio-a5572760/wflike-community-72k/results/download_manifest.csv
  dl 16500/38034 ok=16499 fail=1 30.9/s
uploaded s3://sagemaker-studio-a5572760/wflike-community-72k/results/download_manifest.csv
  dl 16600/38034 ok=16599 fail=1 30.9/s
uploaded s3://sagemaker-studio-a5572760/wflike-community-72k/results/download_manifest.csv
  dl 16700/38034 ok=16699 fail=1 30.9/s
uploaded s3://sagemaker-studio-a5572760/wflike-community-72k/results/download_manifest.csv
  dl 16800/38034 ok=16799 fail=1 30.9/s
uploaded s3://sagemaker-studio-a5572760/wflike-community-72k/results/download_manifest.csv
  dl 16900/38034 ok=16899 fail=1 30.9/s
uploaded s3://sagemaker-studio-a5572760/wflike-community-72k/results/download_manifest.csv
  dl 17000/38034 ok=16999 fail=1 30.9/s
uploaded s3://sagemaker-studio-a5572760/wflike-community-72k/results/download_manifest.csv
  dl 17100/38034 ok=17099 fail=1 30.8/s
uploaded s3://sagemaker-studio-a5572760/wflike-community-72k/results/download_manifest.csv
  dl 17200/38034 ok=17199 fail=1 30.8/s
uploaded s3://sagemaker-studio-a5572760/wflike-community-72k/results/download_manifest.csv
  dl 17300/38034 ok=17299 fail=1 30.8/s
uploaded s3://sagemaker-studio-a5572760/wflike-community-72k/results/download_manifest.csv
  dl 17400/38034 ok=17399 fail=1 30.8/s
uploaded s3://sagemaker-studio-a5572760/wflike-community-72k/results/download_manifest.csv
  dl 17500/38034 ok=17499 fail=1 30.8/s
uploaded s3://sagemaker-studio-a5572760/wflike-community-72k/results/download_manifest.csv
  dl 17600/38034 ok=17599 fail=1 30.8/s
uploaded s3://sagemaker-studio-a5572760/wflike-community-72k/results/download_manifest.csv
  dl 17700/38034 ok=17699 fail=1 30.8/s
uploaded s3://sagemaker-studio-a5572760/wflike-community-72k/results/download_manifest.csv
  dl 17800/38034 ok=17799 fail=1 30.8/s
uploaded s3://sagemaker-studio-a5572760/wflike-community-72k/results/download_manifest.csv
  dl 17900/38034 ok=17899 fail=1 30.8/s
uploaded s3://sagemaker-studio-a5572760/wflike-community-72k/results/download_manifest.csv
  dl 18000/38034 ok=17999 fail=1 30.8/s
uploaded s3://sagemaker-studio-a5572760/wflike-community-72k/results/download_manifest.csv
  dl 18100/38034 ok=18099 fail=1 30.8/s
uploaded s3://sagemaker-studio-a5572760/wflike-community-72k/results/download_manifest.csv
  dl 18200/38034 ok=18199 fail=1 30.8/s
uploaded s3://sagemaker-studio-a5572760/wflike-community-72k/results/download_manifest.csv
  dl 18300/38034 ok=18299 fail=1 30.8/s
uploaded s3://sagemaker-studio-a5572760/wflike-community-72k/results/download_manifest.csv
  dl 18400/38034 ok=18399 fail=1 30.8/s
uploaded s3://sagemaker-studio-a5572760/wflike-community-72k/results/download_manifest.csv
  dl 18500/38034 ok=18499 fail=1 30.8/s
uploaded s3://sagemaker-studio-a5572760/wflike-community-72k/results/download_manifest.csv
[periodic-sync 00:28:19]
  dl 18600/38034 ok=18599 fail=1 30.8/s
uploaded s3://sagemaker-studio-a5572760/wflike-community-72k/results/download_manifest.csv
  dl 18700/38034 ok=18699 fail=1 30.8/s
uploaded s3://sagemaker-studio-a5572760/wflike-community-72k/results/download_manifest.csv
  dl 18800/38034 ok=18799 fail=1 30.8/s
uploaded s3://sagemaker-studio-a5572760/wflike-community-72k/results/download_manifest.csv
  dl 18900/38034 ok=18899 fail=1 30.8/s
uploaded s3://sagemaker-studio-a5572760/wflike-community-72k/results/download_manifest.csv
  dl 19000/38034 ok=18999 fail=1 30.8/s
uploaded s3://sagemaker-studio-a5572760/wflike-community-72k/results/download_manifest.csv
  dl 19100/38034 ok=19099 fail=1 30.8/s
uploaded s3://sagemaker-studio-a5572760/wflike-community-72k/results/download_manifest.csv
  dl 19200/38034 ok=19199 fail=1 30.8/s
uploaded s3://sagemaker-studio-a5572760/wflike-community-72k/results/download_manifest.csv
  dl 19300/38034 ok=19299 fail=1 30.8/s
uploaded s3://sagemaker-studio-a5572760/wflike-community-72k/results/download_manifest.csv
  dl 19400/38034 ok=19399 fail=1 30.8/s
uploaded s3://sagemaker-studio-a5572760/wflike-community-72k/results/download_manifest.csv
  dl 19500/38034 ok=19499 fail=1 30.8/s
uploaded s3://sagemaker-studio-a5572760/wflike-community-72k/results/download_manifest.csv
  dl 19600/38034 ok=19599 fail=1 30.8/s
uploaded s3://sagemaker-studio-a5572760/wflike-community-72k/results/download_manifest.csv
  dl 19700/38034 ok=19699 fail=1 30.8/s
uploaded s3://sagemaker-studio-a5572760/wflike-community-72k/results/download_manifest.csv
  dl 19800/38034 ok=19799 fail=1 30.8/s
uploaded s3://sagemaker-studio-a5572760/wflike-community-72k/results/download_manifest.csv
  dl 19900/38034 ok=19899 fail=1 30.8/s
uploaded s3://sagemaker-studio-a5572760/wflike-community-72k/results/download_manifest.csv
  dl 20000/38034 ok=19999 fail=1 30.8/s
uploaded s3://sagemaker-studio-a5572760/wflike-community-72k/results/download_manifest.csv
  dl 20100/38034 ok=20099 fail=1 30.8/s
uploaded s3://sagemaker-studio-a5572760/wflike-community-72k/results/download_manifest.csv
  dl 20200/38034 ok=20199 fail=1 30.8/s
uploaded s3://sagemaker-studio-a5572760/wflike-community-72k/results/download_manifest.csv
  dl 20300/38034 ok=20299 fail=1 30.8/s
uploaded s3://sagemaker-studio-a5572760/wflike-community-72k/results/download_manifest.csv
  dl 20400/38034 ok=20399 fail=1 30.8/s
uploaded s3://sagemaker-studio-a5572760/wflike-community-72k/results/download_manifest.csv
  dl 20500/38034 ok=20499 fail=1 30.8/s
uploaded s3://sagemaker-studio-a5572760/wflike-community-72k/results/download_manifest.csv
  dl 20600/38034 ok=20599 fail=1 30.8/s
uploaded s3://sagemaker-studio-a5572760/wflike-community-72k/results/download_manifest.csv
  dl 20700/38034 ok=20699 fail=1 30.8/s
uploaded s3://sagemaker-studio-a5572760/wflike-community-72k/results/download_manifest.csv
  dl 20800/38034 ok=20799 fail=1 30.8/s
uploaded s3://sagemaker-studio-a5572760/wflike-community-72k/results/download_manifest.csv
  dl 20900/38034 ok=20899 fail=1 30.8/s
uploaded s3://sagemaker-studio-a5572760/wflike-community-72k/results/download_manifest.csv
  dl 21000/38034 ok=20999 fail=1 30.8/s
uploaded s3://sagemaker-studio-a5572760/wflike-community-72k/results/download_manifest.csv
  dl 21100/38034 ok=21099 fail=1 30.8/s
uploaded s3://sagemaker-studio-a5572760/wflike-community-72k/results/download_manifest.csv
  dl 21200/38034 ok=21199 fail=1 30.8/s
uploaded s3://sagemaker-studio-a5572760/wflike-community-72k/results/download_manifest.csv
  dl 21300/38034 ok=21299 fail=1 30.8/s
uploaded s3://sagemaker-studio-a5572760/wflike-community-72k/results/download_manifest.csv
  dl 21400/38034 ok=21399 fail=1 30.8/s
uploaded s3://sagemaker-studio-a5572760/wflike-community-72k/results/download_manifest.csv
  dl 21500/38034 ok=21499 fail=1 30.8/s
uploaded s3://sagemaker-studio-a5572760/wflike-community-72k/results/download_manifest.csv
  dl 21600/38034 ok=21599 fail=1 30.8/s
uploaded s3://sagemaker-studio-a5572760/wflike-community-72k/results/download_manifest.csv
  dl 21700/38034 ok=21699 fail=1 30.8/s
uploaded s3://sagemaker-studio-a5572760/wflike-community-72k/results/download_manifest.csv
  dl 21800/38034 ok=21799 fail=1 30.8/s
uploaded s3://sagemaker-studio-a5572760/wflike-community-72k/results/download_manifest.csv
  dl 21900/38034 ok=21899 fail=1 30.8/s
uploaded s3://sagemaker-studio-a5572760/wflike-community-72k/results/download_manifest.csv
  dl 22000/38034 ok=21999 fail=1 30.8/s
uploaded s3://sagemaker-studio-a5572760/wflike-community-72k/results/download_manifest.csv
  dl 22100/38034 ok=22099 fail=1 30.8/s
uploaded s3://sagemaker-studio-a5572760/wflike-community-72k/results/download_manifest.csv
  dl 22200/38034 ok=22199 fail=1 30.8/s
uploaded s3://sagemaker-studio-a5572760/wflike-community-72k/results/download_manifest.csv
  dl 22300/38034 ok=22299 fail=1 30.8/s
uploaded s3://sagemaker-studio-a5572760/wflike-community-72k/results/download_manifest.csv
[periodic-sync 00:30:21]
  dl 22400/38034 ok=22399 fail=1 30.8/s
uploaded s3://sagemaker-studio-a5572760/wflike-community-72k/results/download_manifest.csv
  dl 22500/38034 ok=22499 fail=1 30.8/s
uploaded s3://sagemaker-studio-a5572760/wflike-community-72k/results/download_manifest.csv
  dl 22600/38034 ok=22599 fail=1 30.8/s
uploaded s3://sagemaker-studio-a5572760/wflike-community-72k/results/download_manifest.csv
  dl 22700/38034 ok=22699 fail=1 30.8/s
uploaded s3://sagemaker-studio-a5572760/wflike-community-72k/results/download_manifest.csv
  dl 22800/38034 ok=22799 fail=1 30.8/s
uploaded s3://sagemaker-studio-a5572760/wflike-community-72k/results/download_manifest.csv
  dl 22900/38034 ok=22899 fail=1 30.8/s
uploaded s3://sagemaker-studio-a5572760/wflike-community-72k/results/download_manifest.csv
  dl 23000/38034 ok=22999 fail=1 30.8/s
uploaded s3://sagemaker-studio-a5572760/wflike-community-72k/results/download_manifest.csv
  dl 23100/38034 ok=23099 fail=1 30.8/s
uploaded s3://sagemaker-studio-a5572760/wflike-community-72k/results/download_manifest.csv
  dl 23200/38034 ok=23199 fail=1 30.8/s
uploaded s3://sagemaker-studio-a5572760/wflike-community-72k/results/download_manifest.csv
  dl 23300/38034 ok=23299 fail=1 30.8/s
uploaded s3://sagemaker-studio-a5572760/wflike-community-72k/results/download_manifest.csv
  dl 23400/38034 ok=23399 fail=1 30.8/s
uploaded s3://sagemaker-studio-a5572760/wflike-community-72k/results/download_manifest.csv
  dl 23500/38034 ok=23499 fail=1 30.8/s
uploaded s3://sagemaker-studio-a5572760/wflike-community-72k/results/download_manifest.csv
  dl 23600/38034 ok=23599 fail=1 30.8/s
uploaded s3://sagemaker-studio-a5572760/wflike-community-72k/results/download_manifest.csv
  dl 23700/38034 ok=23699 fail=1 30.8/s
uploaded s3://sagemaker-studio-a5572760/wflike-community-72k/results/download_manifest.csv
  dl 23800/38034 ok=23799 fail=1 30.8/s
uploaded s3://sagemaker-studio-a5572760/wflike-community-72k/results/download_manifest.csv
  dl 23900/38034 ok=23899 fail=1 30.8/s
uploaded s3://sagemaker-studio-a5572760/wflike-community-72k/results/download_manifest.csv
  dl 24000/38034 ok=23999 fail=1 30.8/s
uploaded s3://sagemaker-studio-a5572760/wflike-community-72k/results/download_manifest.csv
  dl 24100/38034 ok=24099 fail=1 30.8/s
uploaded s3://sagemaker-studio-a5572760/wflike-community-72k/results/download_manifest.csv
  dl 24200/38034 ok=24199 fail=1 30.8/s
uploaded s3://sagemaker-studio-a5572760/wflike-community-72k/results/download_manifest.csv
  dl 24300/38034 ok=24299 fail=1 30.8/s
uploaded s3://sagemaker-studio-a5572760/wflike-community-72k/results/download_manifest.csv
  dl 24400/38034 ok=24399 fail=1 30.8/s
uploaded s3://sagemaker-studio-a5572760/wflike-community-72k/results/download_manifest.csv
  dl 24500/38034 ok=24499 fail=1 30.8/s
uploaded s3://sagemaker-studio-a5572760/wflike-community-72k/results/download_manifest.csv
  dl 24600/38034 ok=24599 fail=1 30.8/s
uploaded s3://sagemaker-studio-a5572760/wflike-community-72k/results/download_manifest.csv
  dl 24700/38034 ok=24699 fail=1 30.8/s
uploaded s3://sagemaker-studio-a5572760/wflike-community-72k/results/download_manifest.csv
  dl 24800/38034 ok=24799 fail=1 30.8/s
uploaded s3://sagemaker-studio-a5572760/wflike-community-72k/results/download_manifest.csv
  dl 24900/38034 ok=24899 fail=1 30.8/s
uploaded s3://sagemaker-studio-a5572760/wflike-community-72k/results/download_manifest.csv
  dl 25000/38034 ok=24999 fail=1 30.8/s
uploaded s3://sagemaker-studio-a5572760/wflike-community-72k/results/download_manifest.csv
  dl 25100/38034 ok=25099 fail=1 30.8/s
uploaded s3://sagemaker-studio-a5572760/wflike-community-72k/results/download_manifest.csv
  dl 25200/38034 ok=25199 fail=1 30.8/s
uploaded s3://sagemaker-studio-a5572760/wflike-community-72k/results/download_manifest.csv
  dl 25300/38034 ok=25299 fail=1 30.8/s
uploaded s3://sagemaker-studio-a5572760/wflike-community-72k/results/download_manifest.csv
  dl 25400/38034 ok=25399 fail=1 30.8/s
uploaded s3://sagemaker-studio-a5572760/wflike-community-72k/results/download_manifest.csv
  dl 25500/38034 ok=25499 fail=1 30.8/s
uploaded s3://sagemaker-studio-a5572760/wflike-community-72k/results/download_manifest.csv
  dl 25600/38034 ok=25599 fail=1 30.8/s
uploaded s3://sagemaker-studio-a5572760/wflike-community-72k/results/download_manifest.csv
  dl 25700/38034 ok=25699 fail=1 30.8/s
uploaded s3://sagemaker-studio-a5572760/wflike-community-72k/results/download_manifest.csv
  dl 25800/38034 ok=25799 fail=1 30.8/s
uploaded s3://sagemaker-studio-a5572760/wflike-community-72k/results/download_manifest.csv
  dl 25900/38034 ok=25899 fail=1 30.7/s
uploaded s3://sagemaker-studio-a5572760/wflike-community-72k/results/download_manifest.csv
  dl 26000/38034 ok=25999 fail=1 30.8/s
uploaded s3://sagemaker-studio-a5572760/wflike-community-72k/results/download_manifest.csv
[periodic-sync 00:32:24]
  dl 26100/38034 ok=26099 fail=1 30.7/s
uploaded s3://sagemaker-studio-a5572760/wflike-community-72k/results/download_manifest.csv
  dl 26200/38034 ok=26199 fail=1 30.7/s
uploaded s3://sagemaker-studio-a5572760/wflike-community-72k/results/download_manifest.csv
  dl 26300/38034 ok=26299 fail=1 30.7/s
uploaded s3://sagemaker-studio-a5572760/wflike-community-72k/results/download_manifest.csv
  dl 26400/38034 ok=26399 fail=1 30.7/s
uploaded s3://sagemaker-studio-a5572760/wflike-community-72k/results/download_manifest.csv
  dl 26500/38034 ok=26499 fail=1 30.7/s
uploaded s3://sagemaker-studio-a5572760/wflike-community-72k/results/download_manifest.csv
  dl 26600/38034 ok=26599 fail=1 30.7/s
uploaded s3://sagemaker-studio-a5572760/wflike-community-72k/results/download_manifest.csv
  dl 26700/38034 ok=26699 fail=1 30.7/s
uploaded s3://sagemaker-studio-a5572760/wflike-community-72k/results/download_manifest.csv
  dl 26800/38034 ok=26799 fail=1 30.7/s
uploaded s3://sagemaker-studio-a5572760/wflike-community-72k/results/download_manifest.csv
  dl 26900/38034 ok=26899 fail=1 30.7/s
uploaded s3://sagemaker-studio-a5572760/wflike-community-72k/results/download_manifest.csv
  dl 27000/38034 ok=26999 fail=1 30.7/s
uploaded s3://sagemaker-studio-a5572760/wflike-community-72k/results/download_manifest.csv
  dl 27100/38034 ok=27099 fail=1 30.7/s
uploaded s3://sagemaker-studio-a5572760/wflike-community-72k/results/download_manifest.csv
  dl 27200/38034 ok=27199 fail=1 30.7/s
uploaded s3://sagemaker-studio-a5572760/wflike-community-72k/results/download_manifest.csv
  dl 27300/38034 ok=27299 fail=1 30.7/s
uploaded s3://sagemaker-studio-a5572760/wflike-community-72k/results/download_manifest.csv
  dl 27400/38034 ok=27399 fail=1 30.7/s
uploaded s3://sagemaker-studio-a5572760/wflike-community-72k/results/download_manifest.csv
  dl 27500/38034 ok=27499 fail=1 30.7/s
uploaded s3://sagemaker-studio-a5572760/wflike-community-72k/results/download_manifest.csv
  dl 27600/38034 ok=27599 fail=1 30.7/s
uploaded s3://sagemaker-studio-a5572760/wflike-community-72k/results/download_manifest.csv
  dl 27700/38034 ok=27699 fail=1 30.7/s
uploaded s3://sagemaker-studio-a5572760/wflike-community-72k/results/download_manifest.csv
  dl 27800/38034 ok=27799 fail=1 30.7/s
uploaded s3://sagemaker-studio-a5572760/wflike-community-72k/results/download_manifest.csv
  dl 27900/38034 ok=27899 fail=1 30.7/s
uploaded s3://sagemaker-studio-a5572760/wflike-community-72k/results/download_manifest.csv
  dl 28000/38034 ok=27999 fail=1 30.7/s
uploaded s3://sagemaker-studio-a5572760/wflike-community-72k/results/download_manifest.csv
  dl 28100/38034 ok=28099 fail=1 30.7/s
uploaded s3://sagemaker-studio-a5572760/wflike-community-72k/results/download_manifest.csv
  dl 28200/38034 ok=28199 fail=1 30.7/s
uploaded s3://sagemaker-studio-a5572760/wflike-community-72k/results/download_manifest.csv
  dl 28300/38034 ok=28299 fail=1 30.7/s
uploaded s3://sagemaker-studio-a5572760/wflike-community-72k/results/download_manifest.csv
  dl 28400/38034 ok=28399 fail=1 30.7/s
uploaded s3://sagemaker-studio-a5572760/wflike-community-72k/results/download_manifest.csv
  dl 28500/38034 ok=28499 fail=1 30.7/s
uploaded s3://sagemaker-studio-a5572760/wflike-community-72k/results/download_manifest.csv
  dl 28600/38034 ok=28599 fail=1 30.7/s
uploaded s3://sagemaker-studio-a5572760/wflike-community-72k/results/download_manifest.csv
  dl 28700/38034 ok=28699 fail=1 30.7/s
uploaded s3://sagemaker-studio-a5572760/wflike-community-72k/results/download_manifest.csv
  dl 28800/38034 ok=28799 fail=1 30.7/s
uploaded s3://sagemaker-studio-a5572760/wflike-community-72k/results/download_manifest.csv
  dl 28900/38034 ok=28899 fail=1 30.7/s
uploaded s3://sagemaker-studio-a5572760/wflike-community-72k/results/download_manifest.csv
  dl 29000/38034 ok=28999 fail=1 30.7/s
uploaded s3://sagemaker-studio-a5572760/wflike-community-72k/results/download_manifest.csv
  dl 29100/38034 ok=29099 fail=1 30.7/s
uploaded s3://sagemaker-studio-a5572760/wflike-community-72k/results/download_manifest.csv
  dl 29200/38034 ok=29199 fail=1 30.7/s
uploaded s3://sagemaker-studio-a5572760/wflike-community-72k/results/download_manifest.csv
  dl 29300/38034 ok=29299 fail=1 30.7/s
uploaded s3://sagemaker-studio-a5572760/wflike-community-72k/results/download_manifest.csv
  dl 29400/38034 ok=29399 fail=1 30.7/s
uploaded s3://sagemaker-studio-a5572760/wflike-community-72k/results/download_manifest.csv
  dl 29500/38034 ok=29499 fail=1 30.7/s
uploaded s3://sagemaker-studio-a5572760/wflike-community-72k/results/download_manifest.csv
  dl 29600/38034 ok=29599 fail=1 30.7/s
uploaded s3://sagemaker-studio-a5572760/wflike-community-72k/results/download_manifest.csv
  dl 29700/38034 ok=29699 fail=1 30.7/s
uploaded s3://sagemaker-studio-a5572760/wflike-community-72k/results/download_manifest.csv
[periodic-sync 00:34:26]
  dl 29800/38034 ok=29799 fail=1 30.7/s
uploaded s3://sagemaker-studio-a5572760/wflike-community-72k/results/download_manifest.csv
  dl 29900/38034 ok=29899 fail=1 30.7/s
uploaded s3://sagemaker-studio-a5572760/wflike-community-72k/results/download_manifest.csv
  dl 30000/38034 ok=29999 fail=1 30.7/s
uploaded s3://sagemaker-studio-a5572760/wflike-community-72k/results/download_manifest.csv
  dl 30100/38034 ok=30099 fail=1 30.7/s
uploaded s3://sagemaker-studio-a5572760/wflike-community-72k/results/download_manifest.csv
  dl 30200/38034 ok=30199 fail=1 30.7/s
uploaded s3://sagemaker-studio-a5572760/wflike-community-72k/results/download_manifest.csv
  dl 30300/38034 ok=30299 fail=1 30.7/s
uploaded s3://sagemaker-studio-a5572760/wflike-community-72k/results/download_manifest.csv
  dl 30400/38034 ok=30399 fail=1 30.7/s
uploaded s3://sagemaker-studio-a5572760/wflike-community-72k/results/download_manifest.csv
  dl 30500/38034 ok=30499 fail=1 30.7/s
uploaded s3://sagemaker-studio-a5572760/wflike-community-72k/results/download_manifest.csv
  dl 30600/38034 ok=30599 fail=1 30.7/s
uploaded s3://sagemaker-studio-a5572760/wflike-community-72k/results/download_manifest.csv
  dl 30700/38034 ok=30699 fail=1 30.7/s
uploaded s3://sagemaker-studio-a5572760/wflike-community-72k/results/download_manifest.csv
  dl 30800/38034 ok=30799 fail=1 30.7/s
uploaded s3://sagemaker-studio-a5572760/wflike-community-72k/results/download_manifest.csv
  dl 30900/38034 ok=30899 fail=1 30.7/s
uploaded s3://sagemaker-studio-a5572760/wflike-community-72k/results/download_manifest.csv
  dl 31000/38034 ok=30999 fail=1 30.7/s
uploaded s3://sagemaker-studio-a5572760/wflike-community-72k/results/download_manifest.csv
  dl 31100/38034 ok=31099 fail=1 30.7/s
uploaded s3://sagemaker-studio-a5572760/wflike-community-72k/results/download_manifest.csv
  dl 31200/38034 ok=31199 fail=1 30.7/s
uploaded s3://sagemaker-studio-a5572760/wflike-community-72k/results/download_manifest.csv
  dl 31300/38034 ok=31299 fail=1 30.7/s
uploaded s3://sagemaker-studio-a5572760/wflike-community-72k/results/download_manifest.csv
  dl 31400/38034 ok=31399 fail=1 30.6/s
uploaded s3://sagemaker-studio-a5572760/wflike-community-72k/results/download_manifest.csv
  dl 31500/38034 ok=31499 fail=1 30.6/s
uploaded s3://sagemaker-studio-a5572760/wflike-community-72k/results/download_manifest.csv
  dl 31600/38034 ok=31599 fail=1 30.6/s
uploaded s3://sagemaker-studio-a5572760/wflike-community-72k/results/download_manifest.csv
  dl 31700/38034 ok=31699 fail=1 30.6/s
uploaded s3://sagemaker-studio-a5572760/wflike-community-72k/results/download_manifest.csv
  dl 31800/38034 ok=31799 fail=1 30.6/s
uploaded s3://sagemaker-studio-a5572760/wflike-community-72k/results/download_manifest.csv
  dl 31900/38034 ok=31899 fail=1 30.6/s
uploaded s3://sagemaker-studio-a5572760/wflike-community-72k/results/download_manifest.csv
  dl 32000/38034 ok=31999 fail=1 30.6/s
uploaded s3://sagemaker-studio-a5572760/wflike-community-72k/results/download_manifest.csv
  dl 32100/38034 ok=32099 fail=1 30.6/s
uploaded s3://sagemaker-studio-a5572760/wflike-community-72k/results/download_manifest.csv
  dl 32200/38034 ok=32199 fail=1 30.6/s
uploaded s3://sagemaker-studio-a5572760/wflike-community-72k/results/download_manifest.csv
  dl 32300/38034 ok=32299 fail=1 30.6/s
uploaded s3://sagemaker-studio-a5572760/wflike-community-72k/results/download_manifest.csv
  dl 32400/38034 ok=32399 fail=1 30.6/s
uploaded s3://sagemaker-studio-a5572760/wflike-community-72k/results/download_manifest.csv
  dl 32500/38034 ok=32499 fail=1 30.6/s
uploaded s3://sagemaker-studio-a5572760/wflike-community-72k/results/download_manifest.csv
  dl 32600/38034 ok=32599 fail=1 30.6/s
uploaded s3://sagemaker-studio-a5572760/wflike-community-72k/results/download_manifest.csv
  dl 32700/38034 ok=32699 fail=1 30.6/s
uploaded s3://sagemaker-studio-a5572760/wflike-community-72k/results/download_manifest.csv
  dl 32800/38034 ok=32799 fail=1 30.6/s
uploaded s3://sagemaker-studio-a5572760/wflike-community-72k/results/download_manifest.csv
  dl 32900/38034 ok=32899 fail=1 30.6/s
uploaded s3://sagemaker-studio-a5572760/wflike-community-72k/results/download_manifest.csv
  dl 33000/38034 ok=32999 fail=1 30.6/s
uploaded s3://sagemaker-studio-a5572760/wflike-community-72k/results/download_manifest.csv
  dl 33100/38034 ok=33099 fail=1 30.6/s
uploaded s3://sagemaker-studio-a5572760/wflike-community-72k/results/download_manifest.csv
  dl 33200/38034 ok=33199 fail=1 30.6/s
uploaded s3://sagemaker-studio-a5572760/wflike-community-72k/results/download_manifest.csv
  dl 33300/38034 ok=33299 fail=1 30.6/s
uploaded s3://sagemaker-studio-a5572760/wflike-community-72k/results/download_manifest.csv
  dl 33400/38034 ok=33399 fail=1 30.6/s
uploaded s3://sagemaker-studio-a5572760/wflike-community-72k/results/download_manifest.csv
[periodic-sync 00:36:28]
  dl 33500/38034 ok=33499 fail=1 30.6/s
uploaded s3://sagemaker-studio-a5572760/wflike-community-72k/results/download_manifest.csv
  dl 33600/38034 ok=33599 fail=1 30.6/s
uploaded s3://sagemaker-studio-a5572760/wflike-community-72k/results/download_manifest.csv
  dl 33700/38034 ok=33699 fail=1 30.6/s
uploaded s3://sagemaker-studio-a5572760/wflike-community-72k/results/download_manifest.csv
  dl 33800/38034 ok=33799 fail=1 30.6/s
uploaded s3://sagemaker-studio-a5572760/wflike-community-72k/results/download_manifest.csv
  dl 33900/38034 ok=33899 fail=1 30.6/s
uploaded s3://sagemaker-studio-a5572760/wflike-community-72k/results/download_manifest.csv
  dl 34000/38034 ok=33999 fail=1 30.6/s
uploaded s3://sagemaker-studio-a5572760/wflike-community-72k/results/download_manifest.csv
  dl 34100/38034 ok=34099 fail=1 30.6/s
uploaded s3://sagemaker-studio-a5572760/wflike-community-72k/results/download_manifest.csv
  dl 34200/38034 ok=34199 fail=1 30.6/s
uploaded s3://sagemaker-studio-a5572760/wflike-community-72k/results/download_manifest.csv
  dl 34300/38034 ok=34299 fail=1 30.6/s
uploaded s3://sagemaker-studio-a5572760/wflike-community-72k/results/download_manifest.csv
  dl 34400/38034 ok=34399 fail=1 30.6/s
uploaded s3://sagemaker-studio-a5572760/wflike-community-72k/results/download_manifest.csv
  dl 34500/38034 ok=34499 fail=1 30.6/s
uploaded s3://sagemaker-studio-a5572760/wflike-community-72k/results/download_manifest.csv
  dl 34600/38034 ok=34599 fail=1 30.6/s
uploaded s3://sagemaker-studio-a5572760/wflike-community-72k/results/download_manifest.csv
  dl 34700/38034 ok=34699 fail=1 30.6/s
uploaded s3://sagemaker-studio-a5572760/wflike-community-72k/results/download_manifest.csv
  dl 34800/38034 ok=34799 fail=1 30.6/s
uploaded s3://sagemaker-studio-a5572760/wflike-community-72k/results/download_manifest.csv
  dl 34900/38034 ok=34899 fail=1 30.6/s
uploaded s3://sagemaker-studio-a5572760/wflike-community-72k/results/download_manifest.csv
  dl 35000/38034 ok=34999 fail=1 30.6/s
uploaded s3://sagemaker-studio-a5572760/wflike-community-72k/results/download_manifest.csv
  dl 35100/38034 ok=35099 fail=1 30.6/s
uploaded s3://sagemaker-studio-a5572760/wflike-community-72k/results/download_manifest.csv
  dl 35200/38034 ok=35199 fail=1 30.6/s
uploaded s3://sagemaker-studio-a5572760/wflike-community-72k/results/download_manifest.csv
  dl 35300/38034 ok=35299 fail=1 30.6/s
uploaded s3://sagemaker-studio-a5572760/wflike-community-72k/results/download_manifest.csv
  dl 35400/38034 ok=35399 fail=1 30.6/s
uploaded s3://sagemaker-studio-a5572760/wflike-community-72k/results/download_manifest.csv
  dl 35500/38034 ok=35499 fail=1 30.6/s
uploaded s3://sagemaker-studio-a5572760/wflike-community-72k/results/download_manifest.csv
  dl 35600/38034 ok=35599 fail=1 30.6/s
uploaded s3://sagemaker-studio-a5572760/wflike-community-72k/results/download_manifest.csv
  dl 35700/38034 ok=35699 fail=1 30.6/s
uploaded s3://sagemaker-studio-a5572760/wflike-community-72k/results/download_manifest.csv
  dl 35800/38034 ok=35799 fail=1 30.6/s
uploaded s3://sagemaker-studio-a5572760/wflike-community-72k/results/download_manifest.csv
  dl 35900/38034 ok=35899 fail=1 30.6/s
uploaded s3://sagemaker-studio-a5572760/wflike-community-72k/results/download_manifest.csv
  dl 36000/38034 ok=35999 fail=1 30.6/s
uploaded s3://sagemaker-studio-a5572760/wflike-community-72k/results/download_manifest.csv
  dl 36100/38034 ok=36099 fail=1 30.6/s
uploaded s3://sagemaker-studio-a5572760/wflike-community-72k/results/download_manifest.csv
  dl 36200/38034 ok=36199 fail=1 30.6/s
uploaded s3://sagemaker-studio-a5572760/wflike-community-72k/results/download_manifest.csv
  dl 36300/38034 ok=36299 fail=1 30.6/s
uploaded s3://sagemaker-studio-a5572760/wflike-community-72k/results/download_manifest.csv
  dl 36400/38034 ok=36399 fail=1 30.6/s
uploaded s3://sagemaker-studio-a5572760/wflike-community-72k/results/download_manifest.csv
  dl 36500/38034 ok=36499 fail=1 30.6/s
uploaded s3://sagemaker-studio-a5572760/wflike-community-72k/results/download_manifest.csv
  dl 36600/38034 ok=36599 fail=1 30.6/s
uploaded s3://sagemaker-studio-a5572760/wflike-community-72k/results/download_manifest.csv
  dl 36700/38034 ok=36699 fail=1 30.6/s
uploaded s3://sagemaker-studio-a5572760/wflike-community-72k/results/download_manifest.csv
  dl 36800/38034 ok=36799 fail=1 30.6/s
uploaded s3://sagemaker-studio-a5572760/wflike-community-72k/results/download_manifest.csv
  dl 36900/38034 ok=36899 fail=1 30.6/s
uploaded s3://sagemaker-studio-a5572760/wflike-community-72k/results/download_manifest.csv
  dl 37000/38034 ok=36999 fail=1 30.6/s
uploaded s3://sagemaker-studio-a5572760/wflike-community-72k/results/download_manifest.csv
  dl 37100/38034 ok=37099 fail=1 30.6/s
[periodic-sync 00:38:31]
uploaded s3://sagemaker-studio-a5572760/wflike-community-72k/results/download_manifest.csv
  dl 37200/38034 ok=37199 fail=1 30.5/s
uploaded s3://sagemaker-studio-a5572760/wflike-community-72k/results/download_manifest.csv
  dl 37300/38034 ok=37299 fail=1 30.5/s
uploaded s3://sagemaker-studio-a5572760/wflike-community-72k/results/download_manifest.csv
  dl 37400/38034 ok=37399 fail=1 30.5/s
uploaded s3://sagemaker-studio-a5572760/wflike-community-72k/results/download_manifest.csv
  dl 37500/38034 ok=37499 fail=1 30.5/s
uploaded s3://sagemaker-studio-a5572760/wflike-community-72k/results/download_manifest.csv
  dl 37600/38034 ok=37599 fail=1 30.5/s
uploaded s3://sagemaker-studio-a5572760/wflike-community-72k/results/download_manifest.csv
  dl 37700/38034 ok=37699 fail=1 30.5/s
uploaded s3://sagemaker-studio-a5572760/wflike-community-72k/results/download_manifest.csv
  dl 37800/38034 ok=37799 fail=1 30.5/s
uploaded s3://sagemaker-studio-a5572760/wflike-community-72k/results/download_manifest.csv
  dl 37900/38034 ok=37899 fail=1 30.5/s
uploaded s3://sagemaker-studio-a5572760/wflike-community-72k/results/download_manifest.csv
  dl 38000/38034 ok=37999 fail=1 30.5/s
uploaded s3://sagemaker-studio-a5572760/wflike-community-72k/results/download_manifest.csv
  dl 38034/38034 ok=38033 fail=1 30.5/s
uploaded s3://sagemaker-studio-a5572760/wflike-community-72k/results/download_manifest.csv
uploaded s3://sagemaker-studio-a5572760/wflike-community-72k/results/download_manifest.csv
PAUSE_LABELS present (s3://sagemaker-studio-a5572760/wflike-community-72k/results/PAUSE_LABELS) — waiting before labels
[periodic-sync 00:40:33]
[periodic-sync 00:42:35]
[periodic-sync 00:44:36]
[periodic-sync 00:46:38]
[periodic-sync 00:48:39]
[periodic-sync 00:50:41]
PAUSE_LABELS cleared — continuing to labels
refreshed skip_labels from s3://sagemaker-studio-a5572760/wflike-community-72k/input/qa/skip_labels_ids.txt
skip_labels loaded=49,556
labels phase: skip=49,556 done=0 todo=15,642 workers=10
uploaded s3://sagemaker-studio-a5572760/wflike-community-72k/results/rekognition_community_72k.csv
  labels 25/15642 ok=0 err=25 22.02/s
uploaded s3://sagemaker-studio-a5572760/wflike-community-72k/results/rekognition_community_72k.csv
  labels 50/15642 ok=0 err=50 23.64/s
uploaded s3://sagemaker-studio-a5572760/wflike-community-72k/results/rekognition_community_72k.csv
  labels 75/15642 ok=0 err=75 23.83/s
uploaded s3://sagemaker-studio-a5572760/wflike-community-72k/results/rekognition_community_72k.csv
  labels 100/15642 ok=0 err=100 23.98/s
uploaded s3://sagemaker-studio-a5572760/wflike-community-72k/results/rekognition_community_72k.csv
  labels 125/15642 ok=0 err=125 24.27/s
uploaded s3://sagemaker-studio-a5572760/wflike-community-72k/results/rekognition_community_72k.csv
  labels 150/15642 ok=0 err=150 24.32/s
uploaded s3://sagemaker-studio-a5572760/wflike-community-72k/results/rekognition_community_72k.csv
  labels 175/15642 ok=0 err=175 24.41/s
uploaded s3://sagemaker-studio-a5572760/wflike-community-72k/results/rekognition_community_72k.csv
  labels 200/15642 ok=0 err=200 24.58/s
uploaded s3://sagemaker-studio-a5572760/wflike-community-72k/results/rekognition_community_72k.csv
  labels 225/15642 ok=0 err=225 24.60/s
uploaded s3://sagemaker-studio-a5572760/wflike-community-72k/results/rekognition_community_72k.csv
  labels 250/15642 ok=0 err=250 24.65/s
uploaded s3://sagemaker-studio-a5572760/wflike-community-72k/results/rekognition_community_72k.csv
  labels 275/15642 ok=0 err=275 24.69/s
uploaded s3://sagemaker-studio-a5572760/wflike-community-72k/results/rekognition_community_72k.csv
  labels 300/15642 ok=0 err=300 24.76/s
uploaded s3://sagemaker-studio-a5572760/wflike-community-72k/results/rekognition_community_72k.csv
  labels 325/15642 ok=0 err=325 24.67/s
uploaded s3://sagemaker-studio-a5572760/wflike-community-72k/results/rekognition_community_72k.csv
  labels 350/15642 ok=0 err=350 24.76/s
uploaded s3://sagemaker-studio-a5572760/wflike-community-72k/results/rekognition_community_72k.csv
  labels 375/15642 ok=0 err=375 24.58/s
uploaded s3://sagemaker-studio-a5572760/wflike-community-72k/results/rekognition_community_72k.csv
  labels 400/15642 ok=0 err=400 24.80/s
uploaded s3://sagemaker-studio-a5572760/wflike-community-72k/results/rekognition_community_72k.csv
  labels 425/15642 ok=0 err=425 24.78/s
uploaded s3://sagemaker-studio-a5572760/wflike-community-72k/results/rekognition_community_72k.csv
  labels 450/15642 ok=0 err=450 24.83/s
uploaded s3://sagemaker-studio-a5572760/wflike-community-72k/results/rekognition_community_72k.csv
  labels 475/15642 ok=0 err=475 24.80/s
uploaded s3://sagemaker-studio-a5572760/wflike-community-72k/results/rekognition_community_72k.csv
  labels 500/15642 ok=0 err=500 24.82/s
uploaded s3://sagemaker-studio-a5572760/wflike-community-72k/results/rekognition_community_72k.csv
  labels 525/15642 ok=0 err=525 24.86/s
uploaded s3://sagemaker-studio-a5572760/wflike-community-72k/results/rekognition_community_72k.csv
  labels 550/15642 ok=0 err=550 24.84/s
uploaded s3://sagemaker-studio-a5572760/wflike-community-72k/results/rekognition_community_72k.csv
  labels 575/15642 ok=0 err=575 24.84/s
uploaded s3://sagemaker-studio-a5572760/wflike-community-72k/results/rekognition_community_72k.csv
  labels 600/15642 ok=0 err=600 24.85/s
uploaded s3://sagemaker-studio-a5572760/wflike-community-72k/results/rekognition_community_72k.csv
  labels 625/15642 ok=0 err=625 24.87/s
uploaded s3://sagemaker-studio-a5572760/wflike-community-72k/results/rekognition_community_72k.csv
  labels 650/15642 ok=0 err=650 24.80/s
[periodic-sync 00:52:43]
uploaded s3://sagemaker-studio-a5572760/wflike-community-72k/results/rekognition_community_72k.csv
  labels 675/15642 ok=0 err=675 24.82/s
uploaded s3://sagemaker-studio-a5572760/wflike-community-72k/results/rekognition_community_72k.csv
  labels 700/15642 ok=0 err=700 24.85/s
uploaded s3://sagemaker-studio-a5572760/wflike-community-72k/results/rekognition_community_72k.csv
  labels 725/15642 ok=0 err=725 24.89/s
uploaded s3://sagemaker-studio-a5572760/wflike-community-72k/results/rekognition_community_72k.csv
  labels 750/15642 ok=0 err=750 24.89/s
uploaded s3://sagemaker-studio-a5572760/wflike-community-72k/results/rekognition_community_72k.csv
  labels 775/15642 ok=0 err=775 24.90/s
uploaded s3://sagemaker-studio-a5572760/wflike-community-72k/results/rekognition_community_72k.csv
  labels 800/15642 ok=0 err=800 24.86/s
uploaded s3://sagemaker-studio-a5572760/wflike-community-72k/results/rekognition_community_72k.csv
  labels 825/15642 ok=0 err=825 24.91/s
uploaded s3://sagemaker-studio-a5572760/wflike-community-72k/results/rekognition_community_72k.csv
  labels 850/15642 ok=0 err=850 24.89/s
uploaded s3://sagemaker-studio-a5572760/wflike-community-72k/results/rekognition_community_72k.csv
  labels 875/15642 ok=0 err=875 24.92/s
uploaded s3://sagemaker-studio-a5572760/wflike-community-72k/results/rekognition_community_72k.csv
  labels 900/15642 ok=0 err=900 24.88/s
uploaded s3://sagemaker-studio-a5572760/wflike-community-72k/results/rekognition_community_72k.csv
  labels 925/15642 ok=0 err=925 24.87/s
uploaded s3://sagemaker-studio-a5572760/wflike-community-72k/results/rekognition_community_72k.csv
  labels 950/15642 ok=0 err=950 24.91/s
uploaded s3://sagemaker-studio-a5572760/wflike-community-72k/results/rekognition_community_72k.csv
  labels 975/15642 ok=0 err=975 24.92/s
uploaded s3://sagemaker-studio-a5572760/wflike-community-72k/results/rekognition_community_72k.csv
  labels 1000/15642 ok=0 err=1000 24.92/s
uploaded s3://sagemaker-studio-a5572760/wflike-community-72k/results/rekognition_community_72k.csv
  labels 1025/15642 ok=0 err=1025 24.89/s
uploaded s3://sagemaker-studio-a5572760/wflike-community-72k/results/rekognition_community_72k.csv
  labels 1050/15642 ok=0 err=1050 24.92/s
uploaded s3://sagemaker-studio-a5572760/wflike-community-72k/results/rekognition_community_72k.csv
  labels 1075/15642 ok=0 err=1075 24.92/s
uploaded s3://sagemaker-studio-a5572760/wflike-community-72k/results/rekognition_community_72k.csv
  labels 1100/15642 ok=0 err=1100 24.92/s
uploaded s3://sagemaker-studio-a5572760/wflike-community-72k/results/rekognition_community_72k.csv
  labels 1125/15642 ok=0 err=1125 24.89/s
uploaded s3://sagemaker-studio-a5572760/wflike-community-72k/results/rekognition_community_72k.csv
  labels 1150/15642 ok=0 err=1150 24.93/s
uploaded s3://sagemaker-studio-a5572760/wflike-community-72k/results/rekognition_community_72k.csv
  labels 1175/15642 ok=0 err=1175 24.91/s
uploaded s3://sagemaker-studio-a5572760/wflike-community-72k/results/rekognition_community_72k.csv
  labels 1200/15642 ok=0 err=1200 24.94/s
uploaded s3://sagemaker-studio-a5572760/wflike-community-72k/results/rekognition_community_72k.csv
  labels 1225/15642 ok=0 err=1225 24.93/s
uploaded s3://sagemaker-studio-a5572760/wflike-community-72k/results/rekognition_community_72k.csv
  labels 1250/15642 ok=0 err=1250 24.94/s
uploaded s3://sagemaker-studio-a5572760/wflike-community-72k/results/rekognition_community_72k.csv
  labels 1275/15642 ok=0 err=1275 24.93/s
uploaded s3://sagemaker-studio-a5572760/wflike-community-72k/results/rekognition_community_72k.csv
  labels 1300/15642 ok=0 err=1300 24.90/s
uploaded s3://sagemaker-studio-a5572760/wflike-community-72k/results/rekognition_community_72k.csv
  labels 1325/15642 ok=0 err=1325 24.93/s
uploaded s3://sagemaker-studio-a5572760/wflike-community-72k/results/rekognition_community_72k.csv
  labels 1350/15642 ok=0 err=1350 24.94/s
uploaded s3://sagemaker-studio-a5572760/wflike-community-72k/results/rekognition_community_72k.csv
  labels 1375/15642 ok=0 err=1375 24.92/s
uploaded s3://sagemaker-studio-a5572760/wflike-community-72k/results/rekognition_community_72k.csv
  labels 1400/15642 ok=0 err=1400 24.94/s
uploaded s3://sagemaker-studio-a5572760/wflike-community-72k/results/rekognition_community_72k.csv
  labels 1425/15642 ok=0 err=1425 24.92/s
uploaded s3://sagemaker-studio-a5572760/wflike-community-72k/results/rekognition_community_72k.csv
  labels 1450/15642 ok=0 err=1450 24.94/s
uploaded s3://sagemaker-studio-a5572760/wflike-community-72k/results/rekognition_community_72k.csv
  labels 1475/15642 ok=0 err=1475 24.94/s
uploaded s3://sagemaker-studio-a5572760/wflike-community-72k/results/rekognition_community_72k.csv
  labels 1500/15642 ok=0 err=1500 24.93/s
uploaded s3://sagemaker-studio-a5572760/wflike-community-72k/results/rekognition_community_72k.csv
  labels 1525/15642 ok=0 err=1525 24.93/s
uploaded s3://sagemaker-studio-a5572760/wflike-community-72k/results/rekognition_community_72k.csv
  labels 1550/15642 ok=0 err=1550 24.94/s
uploaded s3://sagemaker-studio-a5572760/wflike-community-72k/results/rekognition_community_72k.csv
  labels 1575/15642 ok=0 err=1575 24.92/s
uploaded s3://sagemaker-studio-a5572760/wflike-community-72k/results/rekognition_community_72k.csv
  labels 1600/15642 ok=0 err=1600 24.95/s
uploaded s3://sagemaker-studio-a5572760/wflike-community-72k/results/rekognition_community_72k.csv
  labels 1625/15642 ok=0 err=1625 24.94/s
uploaded s3://sagemaker-studio-a5572760/wflike-community-72k/results/rekognition_community_72k.csv
  labels 1650/15642 ok=0 err=1650 24.94/s
uploaded s3://sagemaker-studio-a5572760/wflike-community-72k/results/rekognition_community_72k.csv
  labels 1675/15642 ok=0 err=1675 24.91/s
uploaded s3://sagemaker-studio-a5572760/wflike-community-72k/results/rekognition_community_72k.csv
  labels 1700/15642 ok=0 err=1700 24.93/s
uploaded s3://sagemaker-studio-a5572760/wflike-community-72k/results/rekognition_community_72k.csv
  labels 1725/15642 ok=0 err=1725 24.95/s
uploaded s3://sagemaker-studio-a5572760/wflike-community-72k/results/rekognition_community_72k.csv
  labels 1750/15642 ok=0 err=1750 24.95/s
uploaded s3://sagemaker-studio-a5572760/wflike-community-72k/results/rekognition_community_72k.csv
  labels 1775/15642 ok=0 err=1775 24.94/s
uploaded s3://sagemaker-studio-a5572760/wflike-community-72k/results/rekognition_community_72k.csv
  labels 1800/15642 ok=0 err=1800 24.95/s
uploaded s3://sagemaker-studio-a5572760/wflike-community-72k/results/rekognition_community_72k.csv
  labels 1825/15642 ok=0 err=1825 24.95/s
uploaded s3://sagemaker-studio-a5572760/wflike-community-72k/results/rekognition_community_72k.csv
  labels 1850/15642 ok=0 err=1850 24.95/s
uploaded s3://sagemaker-studio-a5572760/wflike-community-72k/results/rekognition_community_72k.csv
  labels 1875/15642 ok=0 err=1875 24.95/s
uploaded s3://sagemaker-studio-a5572760/wflike-community-72k/results/rekognition_community_72k.csv
  labels 1900/15642 ok=0 err=1900 24.94/s
uploaded s3://sagemaker-studio-a5572760/wflike-community-72k/results/rekognition_community_72k.csv
  labels 1925/15642 ok=0 err=1925 24.94/s
uploaded s3://sagemaker-studio-a5572760/wflike-community-72k/results/rekognition_community_72k.csv
  labels 1950/15642 ok=0 err=1950 24.95/s
uploaded s3://sagemaker-studio-a5572760/wflike-community-72k/results/rekognition_community_72k.csv
  labels 1975/15642 ok=0 err=1975 24.94/s
uploaded s3://sagemaker-studio-a5572760/wflike-community-72k/results/rekognition_community_72k.csv
  labels 2000/15642 ok=0 err=2000 24.95/s
uploaded s3://sagemaker-studio-a5572760/wflike-community-72k/results/rekognition_community_72k.csv
  labels 2025/15642 ok=0 err=2025 24.95/s
uploaded s3://sagemaker-studio-a5572760/wflike-community-72k/results/rekognition_community_72k.csv
  labels 2050/15642 ok=0 err=2050 24.95/s
uploaded s3://sagemaker-studio-a5572760/wflike-community-72k/results/rekognition_community_72k.csv
  labels 2075/15642 ok=0 err=2075 24.94/s
uploaded s3://sagemaker-studio-a5572760/wflike-community-72k/results/rekognition_community_72k.csv
  labels 2100/15642 ok=0 err=2100 24.94/s
uploaded s3://sagemaker-studio-a5572760/wflike-community-72k/results/rekognition_community_72k.csv
  labels 2125/15642 ok=0 err=2125 24.95/s
uploaded s3://sagemaker-studio-a5572760/wflike-community-72k/results/rekognition_community_72k.csv
  labels 2150/15642 ok=0 err=2150 24.95/s
uploaded s3://sagemaker-studio-a5572760/wflike-community-72k/results/rekognition_community_72k.csv
  labels 2175/15642 ok=0 err=2175 24.94/s
uploaded s3://sagemaker-studio-a5572760/wflike-community-72k/results/rekognition_community_72k.csv
  labels 2200/15642 ok=0 err=2200 24.96/s
uploaded s3://sagemaker-studio-a5572760/wflike-community-72k/results/rekognition_community_72k.csv
  labels 2225/15642 ok=0 err=2225 24.93/s
uploaded s3://sagemaker-studio-a5572760/wflike-community-72k/results/rekognition_community_72k.csv
  labels 2250/15642 ok=0 err=2250 24.95/s
uploaded s3://sagemaker-studio-a5572760/wflike-community-72k/results/rekognition_community_72k.csv
  labels 2275/15642 ok=0 err=2275 24.96/s
uploaded s3://sagemaker-studio-a5572760/wflike-community-72k/results/rekognition_community_72k.csv
  labels 2300/15642 ok=0 err=2300 24.96/s
uploaded s3://sagemaker-studio-a5572760/wflike-community-72k/results/rekognition_community_72k.csv
  labels 2325/15642 ok=0 err=2325 24.96/s
uploaded s3://sagemaker-studio-a5572760/wflike-community-72k/results/rekognition_community_72k.csv
  labels 2350/15642 ok=0 err=2350 24.96/s
uploaded s3://sagemaker-studio-a5572760/wflike-community-72k/results/rekognition_community_72k.csv
  labels 2375/15642 ok=0 err=2375 24.96/s
uploaded s3://sagemaker-studio-a5572760/wflike-community-72k/results/rekognition_community_72k.csv
  labels 2400/15642 ok=0 err=2400 24.97/s
uploaded s3://sagemaker-studio-a5572760/wflike-community-72k/results/rekognition_community_72k.csv
  labels 2425/15642 ok=0 err=2425 24.95/s
uploaded s3://sagemaker-studio-a5572760/wflike-community-72k/results/rekognition_community_72k.csv
  labels 2450/15642 ok=0 err=2450 24.95/s
uploaded s3://sagemaker-studio-a5572760/wflike-community-72k/results/rekognition_community_72k.csv
  labels 2475/15642 ok=0 err=2475 24.96/s
uploaded s3://sagemaker-studio-a5572760/wflike-community-72k/results/rekognition_community_72k.csv
  labels 2500/15642 ok=0 err=2500 24.93/s
uploaded s3://sagemaker-studio-a5572760/wflike-community-72k/results/rekognition_community_72k.csv
  labels 2525/15642 ok=0 err=2525 24.94/s
uploaded s3://sagemaker-studio-a5572760/wflike-community-72k/results/rekognition_community_72k.csv
  labels 2550/15642 ok=0 err=2550 24.95/s
uploaded s3://sagemaker-studio-a5572760/wflike-community-72k/results/rekognition_community_72k.csv
  labels 2575/15642 ok=0 err=2575 24.94/s
uploaded s3://sagemaker-studio-a5572760/wflike-community-72k/results/rekognition_community_72k.csv
  labels 2600/15642 ok=0 err=2600 24.94/s
uploaded s3://sagemaker-studio-a5572760/wflike-community-72k/results/rekognition_community_72k.csv
  labels 2625/15642 ok=0 err=2625 24.95/s
uploaded s3://sagemaker-studio-a5572760/wflike-community-72k/results/rekognition_community_72k.csv
  labels 2650/15642 ok=0 err=2650 24.96/s
uploaded s3://sagemaker-studio-a5572760/wflike-community-72k/results/rekognition_community_72k.csv
  labels 2675/15642 ok=0 err=2675 24.96/s
uploaded s3://sagemaker-studio-a5572760/wflike-community-72k/results/rekognition_community_72k.csv
  labels 2700/15642 ok=0 err=2700 24.95/s
uploaded s3://sagemaker-studio-a5572760/wflike-community-72k/results/rekognition_community_72k.csv
  labels 2725/15642 ok=0 err=2725 24.96/s
uploaded s3://sagemaker-studio-a5572760/wflike-community-72k/results/rekognition_community_72k.csv
  labels 2750/15642 ok=0 err=2750 24.97/s
uploaded s3://sagemaker-studio-a5572760/wflike-community-72k/results/rekognition_community_72k.csv
  labels 2775/15642 ok=0 err=2775 24.96/s
uploaded s3://sagemaker-studio-a5572760/wflike-community-72k/results/rekognition_community_72k.csv
  labels 2800/15642 ok=0 err=2800 24.96/s
uploaded s3://sagemaker-studio-a5572760/wflike-community-72k/results/rekognition_community_72k.csv
  labels 2825/15642 ok=0 err=2825 24.96/s
uploaded s3://sagemaker-studio-a5572760/wflike-community-72k/results/rekognition_community_72k.csv
  labels 2850/15642 ok=0 err=2850 24.95/s
uploaded s3://sagemaker-studio-a5572760/wflike-community-72k/results/rekognition_community_72k.csv
  labels 2875/15642 ok=0 err=2875 24.96/s
uploaded s3://sagemaker-studio-a5572760/wflike-community-72k/results/rekognition_community_72k.csv
  labels 2900/15642 ok=0 err=2900 24.96/s
uploaded s3://sagemaker-studio-a5572760/wflike-community-72k/results/rekognition_community_72k.csv
  labels 2925/15642 ok=0 err=2925 24.95/s
uploaded s3://sagemaker-studio-a5572760/wflike-community-72k/results/rekognition_community_72k.csv
  labels 2950/15642 ok=0 err=2950 24.95/s
uploaded s3://sagemaker-studio-a5572760/wflike-community-72k/results/rekognition_community_72k.csv
  labels 2975/15642 ok=0 err=2975 24.96/s
uploaded s3://sagemaker-studio-a5572760/wflike-community-72k/results/rekognition_community_72k.csv
  labels 3000/15642 ok=0 err=3000 24.97/s
uploaded s3://sagemaker-studio-a5572760/wflike-community-72k/results/rekognition_community_72k.csv
  labels 3025/15642 ok=0 err=3025 24.96/s
uploaded s3://sagemaker-studio-a5572760/wflike-community-72k/results/rekognition_community_72k.csv
  labels 3050/15642 ok=0 err=3050 24.96/s
uploaded s3://sagemaker-studio-a5572760/wflike-community-72k/results/rekognition_community_72k.csv
  labels 3075/15642 ok=0 err=3075 24.96/s
uploaded s3://sagemaker-studio-a5572760/wflike-community-72k/results/rekognition_community_72k.csv
  labels 3100/15642 ok=0 err=3100 24.95/s
uploaded s3://sagemaker-studio-a5572760/wflike-community-72k/results/rekognition_community_72k.csv
  labels 3125/15642 ok=0 err=3125 24.96/s
uploaded s3://sagemaker-studio-a5572760/wflike-community-72k/results/rekognition_community_72k.csv
  labels 3150/15642 ok=0 err=3150 24.96/s
uploaded s3://sagemaker-studio-a5572760/wflike-community-72k/results/rekognition_community_72k.csv
  labels 3175/15642 ok=0 err=3175 24.96/s
uploaded s3://sagemaker-studio-a5572760/wflike-community-72k/results/rekognition_community_72k.csv
  labels 3200/15642 ok=0 err=3200 24.96/s
uploaded s3://sagemaker-studio-a5572760/wflike-community-72k/results/rekognition_community_72k.csv
  labels 3225/15642 ok=0 err=3225 24.97/s
uploaded s3://sagemaker-studio-a5572760/wflike-community-72k/results/rekognition_community_72k.csv
  labels 3250/15642 ok=0 err=3250 24.97/s
uploaded s3://sagemaker-studio-a5572760/wflike-community-72k/results/rekognition_community_72k.csv
  labels 3275/15642 ok=0 err=3275 24.96/s
uploaded s3://sagemaker-studio-a5572760/wflike-community-72k/results/rekognition_community_72k.csv
  labels 3300/15642 ok=0 err=3300 24.96/s
uploaded s3://sagemaker-studio-a5572760/wflike-community-72k/results/rekognition_community_72k.csv
  labels 3325/15642 ok=0 err=3325 24.96/s
uploaded s3://sagemaker-studio-a5572760/wflike-community-72k/results/rekognition_community_72k.csv
  labels 3350/15642 ok=0 err=3350 24.96/s
uploaded s3://sagemaker-studio-a5572760/wflike-community-72k/results/rekognition_community_72k.csv
  labels 3375/15642 ok=0 err=3375 24.96/s
uploaded s3://sagemaker-studio-a5572760/wflike-community-72k/results/rekognition_community_72k.csv
  labels 3400/15642 ok=0 err=3400 24.97/s
uploaded s3://sagemaker-studio-a5572760/wflike-community-72k/results/rekognition_community_72k.csv
  labels 3425/15642 ok=0 err=3425 24.97/s
uploaded s3://sagemaker-studio-a5572760/wflike-community-72k/results/rekognition_community_72k.csv
  labels 3450/15642 ok=0 err=3450 24.97/s
uploaded s3://sagemaker-studio-a5572760/wflike-community-72k/results/rekognition_community_72k.csv
  labels 3475/15642 ok=0 err=3475 24.96/s
uploaded s3://sagemaker-studio-a5572760/wflike-community-72k/results/rekognition_community_72k.csv
  labels 3500/15642 ok=0 err=3500 24.97/s
uploaded s3://sagemaker-studio-a5572760/wflike-community-72k/results/rekognition_community_72k.csv
  labels 3525/15642 ok=0 err=3525 24.97/s
uploaded s3://sagemaker-studio-a5572760/wflike-community-72k/results/rekognition_community_72k.csv
  labels 3550/15642 ok=0 err=3550 24.97/s
uploaded s3://sagemaker-studio-a5572760/wflike-community-72k/results/rekognition_community_72k.csv
  labels 3575/15642 ok=0 err=3575 24.97/s
uploaded s3://sagemaker-studio-a5572760/wflike-community-72k/results/rekognition_community_72k.csv
  labels 3600/15642 ok=0 err=3600 24.96/s
uploaded s3://sagemaker-studio-a5572760/wflike-community-72k/results/rekognition_community_72k.csv
  labels 3625/15642 ok=0 err=3625 24.96/s
uploaded s3://sagemaker-studio-a5572760/wflike-community-72k/results/rekognition_community_72k.csv
  labels 3650/15642 ok=0 err=3650 24.96/s
uploaded s3://sagemaker-studio-a5572760/wflike-community-72k/results/rekognition_community_72k.csv
  labels 3675/15642 ok=0 err=3675 24.96/s
uploaded s3://sagemaker-studio-a5572760/wflike-community-72k/results/rekognition_community_72k.csv
  labels 3700/15642 ok=0 err=3700 24.97/s
[periodic-sync 00:54:45]
uploaded s3://sagemaker-studio-a5572760/wflike-community-72k/results/rekognition_community_72k.csv
  labels 3725/15642 ok=0 err=3725 24.96/s
uploaded s3://sagemaker-studio-a5572760/wflike-community-72k/results/rekognition_community_72k.csv
  labels 3750/15642 ok=0 err=3750 24.97/s
uploaded s3://sagemaker-studio-a5572760/wflike-community-72k/results/rekognition_community_72k.csv
  labels 3775/15642 ok=0 err=3775 24.97/s
uploaded s3://sagemaker-studio-a5572760/wflike-community-72k/results/rekognition_community_72k.csv
  labels 3800/15642 ok=0 err=3800 24.97/s
uploaded s3://sagemaker-studio-a5572760/wflike-community-72k/results/rekognition_community_72k.csv
  labels 3825/15642 ok=0 err=3825 24.97/s
uploaded s3://sagemaker-studio-a5572760/wflike-community-72k/results/rekognition_community_72k.csv
  labels 3850/15642 ok=0 err=3850 24.96/s
uploaded s3://sagemaker-studio-a5572760/wflike-community-72k/results/rekognition_community_72k.csv
  labels 3875/15642 ok=0 err=3875 24.96/s
uploaded s3://sagemaker-studio-a5572760/wflike-community-72k/results/rekognition_community_72k.csv
  labels 3900/15642 ok=0 err=3900 24.97/s
uploaded s3://sagemaker-studio-a5572760/wflike-community-72k/results/rekognition_community_72k.csv
  labels 3925/15642 ok=0 err=3925 24.96/s
uploaded s3://sagemaker-studio-a5572760/wflike-community-72k/results/rekognition_community_72k.csv
  labels 3950/15642 ok=0 err=3950 24.96/s
uploaded s3://sagemaker-studio-a5572760/wflike-community-72k/results/rekognition_community_72k.csv
  labels 3975/15642 ok=0 err=3975 24.97/s
uploaded s3://sagemaker-studio-a5572760/wflike-community-72k/results/rekognition_community_72k.csv
  labels 4000/15642 ok=0 err=4000 24.96/s
uploaded s3://sagemaker-studio-a5572760/wflike-community-72k/results/rekognition_community_72k.csv
  labels 4025/15642 ok=0 err=4025 24.96/s
uploaded s3://sagemaker-studio-a5572760/wflike-community-72k/results/rekognition_community_72k.csv
  labels 4050/15642 ok=0 err=4050 24.96/s
uploaded s3://sagemaker-studio-a5572760/wflike-community-72k/results/rekognition_community_72k.csv
  labels 4075/15642 ok=0 err=4075 24.97/s
uploaded s3://sagemaker-studio-a5572760/wflike-community-72k/results/rekognition_community_72k.csv
  labels 4100/15642 ok=0 err=4100 24.97/s
uploaded s3://sagemaker-studio-a5572760/wflike-community-72k/results/rekognition_community_72k.csv
  labels 4125/15642 ok=0 err=4125 24.97/s
uploaded s3://sagemaker-studio-a5572760/wflike-community-72k/results/rekognition_community_72k.csv
  labels 4150/15642 ok=0 err=4150 24.97/s
uploaded s3://sagemaker-studio-a5572760/wflike-community-72k/results/rekognition_community_72k.csv
  labels 4175/15642 ok=0 err=4175 24.97/s
uploaded s3://sagemaker-studio-a5572760/wflike-community-72k/results/rekognition_community_72k.csv
  labels 4200/15642 ok=0 err=4200 24.97/s
uploaded s3://sagemaker-studio-a5572760/wflike-community-72k/results/rekognition_community_72k.csv
  labels 4225/15642 ok=0 err=4225 24.97/s
uploaded s3://sagemaker-studio-a5572760/wflike-community-72k/results/rekognition_community_72k.csv
  labels 4250/15642 ok=0 err=4250 24.97/s
uploaded s3://sagemaker-studio-a5572760/wflike-community-72k/results/rekognition_community_72k.csv
  labels 4275/15642 ok=0 err=4275 24.97/s
uploaded s3://sagemaker-studio-a5572760/wflike-community-72k/results/rekognition_community_72k.csv
  labels 4300/15642 ok=0 err=4300 24.97/s
uploaded s3://sagemaker-studio-a5572760/wflike-community-72k/results/rekognition_community_72k.csv
  labels 4325/15642 ok=0 err=4325 24.96/s
uploaded s3://sagemaker-studio-a5572760/wflike-community-72k/results/rekognition_community_72k.csv
  labels 4350/15642 ok=0 err=4350 24.97/s
uploaded s3://sagemaker-studio-a5572760/wflike-community-72k/results/rekognition_community_72k.csv
  labels 4375/15642 ok=0 err=4375 24.97/s
uploaded s3://sagemaker-studio-a5572760/wflike-community-72k/results/rekognition_community_72k.csv
  labels 4400/15642 ok=0 err=4400 24.96/s
uploaded s3://sagemaker-studio-a5572760/wflike-community-72k/results/rekognition_community_72k.csv
  labels 4425/15642 ok=0 err=4425 24.97/s
uploaded s3://sagemaker-studio-a5572760/wflike-community-72k/results/rekognition_community_72k.csv
  labels 4450/15642 ok=0 err=4450 24.97/s
uploaded s3://sagemaker-studio-a5572760/wflike-community-72k/results/rekognition_community_72k.csv
  labels 4475/15642 ok=0 err=4475 24.97/s
uploaded s3://sagemaker-studio-a5572760/wflike-community-72k/results/rekognition_community_72k.csv
  labels 4500/15642 ok=0 err=4500 24.97/s
uploaded s3://sagemaker-studio-a5572760/wflike-community-72k/results/rekognition_community_72k.csv
  labels 4525/15642 ok=0 err=4525 24.96/s
uploaded s3://sagemaker-studio-a5572760/wflike-community-72k/results/rekognition_community_72k.csv
  labels 4550/15642 ok=0 err=4550 24.97/s
uploaded s3://sagemaker-studio-a5572760/wflike-community-72k/results/rekognition_community_72k.csv
  labels 4575/15642 ok=0 err=4575 24.97/s
uploaded s3://sagemaker-studio-a5572760/wflike-community-72k/results/rekognition_community_72k.csv
  labels 4600/15642 ok=0 err=4600 24.97/s
uploaded s3://sagemaker-studio-a5572760/wflike-community-72k/results/rekognition_community_72k.csv
  labels 4625/15642 ok=0 err=4625 24.97/s
uploaded s3://sagemaker-studio-a5572760/wflike-community-72k/results/rekognition_community_72k.csv
  labels 4650/15642 ok=0 err=4650 24.98/s
uploaded s3://sagemaker-studio-a5572760/wflike-community-72k/results/rekognition_community_72k.csv
  labels 4675/15642 ok=0 err=4675 24.97/s
uploaded s3://sagemaker-studio-a5572760/wflike-community-72k/results/rekognition_community_72k.csv
  labels 4700/15642 ok=0 err=4700 24.97/s
uploaded s3://sagemaker-studio-a5572760/wflike-community-72k/results/rekognition_community_72k.csv
  labels 4725/15642 ok=0 err=4725 24.98/s
uploaded s3://sagemaker-studio-a5572760/wflike-community-72k/results/rekognition_community_72k.csv
  labels 4750/15642 ok=0 err=4750 24.97/s
uploaded s3://sagemaker-studio-a5572760/wflike-community-72k/results/rekognition_community_72k.csv
  labels 4775/15642 ok=0 err=4775 24.97/s
uploaded s3://sagemaker-studio-a5572760/wflike-community-72k/results/rekognition_community_72k.csv
  labels 4800/15642 ok=0 err=4800 24.98/s
uploaded s3://sagemaker-studio-a5572760/wflike-community-72k/results/rekognition_community_72k.csv
  labels 4825/15642 ok=0 err=4825 24.97/s
uploaded s3://sagemaker-studio-a5572760/wflike-community-72k/results/rekognition_community_72k.csv
  labels 4850/15642 ok=0 err=4850 24.98/s
uploaded s3://sagemaker-studio-a5572760/wflike-community-72k/results/rekognition_community_72k.csv
  labels 4875/15642 ok=0 err=4875 24.97/s
uploaded s3://sagemaker-studio-a5572760/wflike-community-72k/results/rekognition_community_72k.csv
  labels 4900/15642 ok=0 err=4900 24.97/s
uploaded s3://sagemaker-studio-a5572760/wflike-community-72k/results/rekognition_community_72k.csv
  labels 4925/15642 ok=0 err=4925 24.98/s
uploaded s3://sagemaker-studio-a5572760/wflike-community-72k/results/rekognition_community_72k.csv
  labels 4950/15642 ok=0 err=4950 24.97/s
uploaded s3://sagemaker-studio-a5572760/wflike-community-72k/results/rekognition_community_72k.csv
  labels 4975/15642 ok=0 err=4975 24.98/s
uploaded s3://sagemaker-studio-a5572760/wflike-community-72k/results/rekognition_community_72k.csv
  labels 5000/15642 ok=0 err=5000 24.98/s
uploaded s3://sagemaker-studio-a5572760/wflike-community-72k/results/rekognition_community_72k.csv
  labels 5025/15642 ok=0 err=5025 24.97/s
uploaded s3://sagemaker-studio-a5572760/wflike-community-72k/results/rekognition_community_72k.csv
  labels 5050/15642 ok=0 err=5050 24.98/s
uploaded s3://sagemaker-studio-a5572760/wflike-community-72k/results/rekognition_community_72k.csv
  labels 5075/15642 ok=0 err=5075 24.97/s
uploaded s3://sagemaker-studio-a5572760/wflike-community-72k/results/rekognition_community_72k.csv
  labels 5100/15642 ok=0 err=5100 24.97/s
uploaded s3://sagemaker-studio-a5572760/wflike-community-72k/results/rekognition_community_72k.csv
  labels 5125/15642 ok=0 err=5125 24.97/s
uploaded s3://sagemaker-studio-a5572760/wflike-community-72k/results/rekognition_community_72k.csv
  labels 5150/15642 ok=0 err=5150 24.97/s
uploaded s3://sagemaker-studio-a5572760/wflike-community-72k/results/rekognition_community_72k.csv
  labels 5175/15642 ok=0 err=5175 24.97/s
uploaded s3://sagemaker-studio-a5572760/wflike-community-72k/results/rekognition_community_72k.csv
  labels 5200/15642 ok=0 err=5200 24.97/s
uploaded s3://sagemaker-studio-a5572760/wflike-community-72k/results/rekognition_community_72k.csv
  labels 5225/15642 ok=0 err=5225 24.97/s
uploaded s3://sagemaker-studio-a5572760/wflike-community-72k/results/rekognition_community_72k.csv
  labels 5250/15642 ok=0 err=5250 24.98/s
uploaded s3://sagemaker-studio-a5572760/wflike-community-72k/results/rekognition_community_72k.csv
  labels 5275/15642 ok=0 err=5275 24.97/s
uploaded s3://sagemaker-studio-a5572760/wflike-community-72k/results/rekognition_community_72k.csv
  labels 5300/15642 ok=0 err=5300 24.96/s
uploaded s3://sagemaker-studio-a5572760/wflike-community-72k/results/rekognition_community_72k.csv
  labels 5325/15642 ok=0 err=5325 24.97/s
uploaded s3://sagemaker-studio-a5572760/wflike-community-72k/results/rekognition_community_72k.csv
  labels 5350/15642 ok=0 err=5350 24.98/s
uploaded s3://sagemaker-studio-a5572760/wflike-community-72k/results/rekognition_community_72k.csv
  labels 5375/15642 ok=0 err=5375 24.97/s
uploaded s3://sagemaker-studio-a5572760/wflike-community-72k/results/rekognition_community_72k.csv
  labels 5400/15642 ok=0 err=5400 24.97/s
uploaded s3://sagemaker-studio-a5572760/wflike-community-72k/results/rekognition_community_72k.csv
  labels 5425/15642 ok=0 err=5425 24.98/s
uploaded s3://sagemaker-studio-a5572760/wflike-community-72k/results/rekognition_community_72k.csv
  labels 5450/15642 ok=0 err=5450 24.97/s
uploaded s3://sagemaker-studio-a5572760/wflike-community-72k/results/rekognition_community_72k.csv
  labels 5475/15642 ok=0 err=5475 24.97/s
uploaded s3://sagemaker-studio-a5572760/wflike-community-72k/results/rekognition_community_72k.csv
  labels 5500/15642 ok=0 err=5500 24.97/s
uploaded s3://sagemaker-studio-a5572760/wflike-community-72k/results/rekognition_community_72k.csv
  labels 5525/15642 ok=0 err=5525 24.97/s
uploaded s3://sagemaker-studio-a5572760/wflike-community-72k/results/rekognition_community_72k.csv
  labels 5550/15642 ok=0 err=5550 24.96/s
uploaded s3://sagemaker-studio-a5572760/wflike-community-72k/results/rekognition_community_72k.csv
  labels 5575/15642 ok=0 err=5575 24.95/s
uploaded s3://sagemaker-studio-a5572760/wflike-community-72k/results/rekognition_community_72k.csv
  labels 5600/15642 ok=0 err=5600 24.96/s
uploaded s3://sagemaker-studio-a5572760/wflike-community-72k/results/rekognition_community_72k.csv
  labels 5625/15642 ok=1 err=5624 24.90/s
uploaded s3://sagemaker-studio-a5572760/wflike-community-72k/results/rekognition_community_72k.csv
  labels 5650/15642 ok=1 err=5649 24.85/s
uploaded s3://sagemaker-studio-a5572760/wflike-community-72k/results/rekognition_community_72k.csv
  labels 5675/15642 ok=1 err=5674 24.82/s
uploaded s3://sagemaker-studio-a5572760/wflike-community-72k/results/rekognition_community_72k.csv
  labels 5700/15642 ok=4 err=5696 24.77/s
uploaded s3://sagemaker-studio-a5572760/wflike-community-72k/results/rekognition_community_72k.csv
  labels 5725/15642 ok=24 err=5701 24.50/s
uploaded s3://sagemaker-studio-a5572760/wflike-community-72k/results/rekognition_community_72k.csv
  labels 5750/15642 ok=49 err=5701 24.24/s
uploaded s3://sagemaker-studio-a5572760/wflike-community-72k/results/rekognition_community_72k.csv
  labels 5775/15642 ok=74 err=5701 23.97/s
uploaded s3://sagemaker-studio-a5572760/wflike-community-72k/results/rekognition_community_72k.csv
  labels 5800/15642 ok=99 err=5701 23.72/s
uploaded s3://sagemaker-studio-a5572760/wflike-community-72k/results/rekognition_community_72k.csv
  labels 5825/15642 ok=124 err=5701 23.50/s
uploaded s3://sagemaker-studio-a5572760/wflike-community-72k/results/rekognition_community_72k.csv
  labels 5850/15642 ok=149 err=5701 23.28/s
uploaded s3://sagemaker-studio-a5572760/wflike-community-72k/results/rekognition_community_72k.csv
  labels 5875/15642 ok=174 err=5701 23.05/s
uploaded s3://sagemaker-studio-a5572760/wflike-community-72k/results/rekognition_community_72k.csv
  labels 5900/15642 ok=199 err=5701 22.86/s
uploaded s3://sagemaker-studio-a5572760/wflike-community-72k/results/rekognition_community_72k.csv
  labels 5925/15642 ok=224 err=5701 22.65/s
uploaded s3://sagemaker-studio-a5572760/wflike-community-72k/results/rekognition_community_72k.csv
  labels 5950/15642 ok=249 err=5701 22.44/s
uploaded s3://sagemaker-studio-a5572760/wflike-community-72k/results/rekognition_community_72k.csv
  labels 5975/15642 ok=274 err=5701 22.26/s
[periodic-sync 00:56:46]
uploaded s3://sagemaker-studio-a5572760/wflike-community-72k/results/rekognition_community_72k.csv
  labels 6000/15642 ok=298 err=5702 22.08/s
uploaded s3://sagemaker-studio-a5572760/wflike-community-72k/results/rekognition_community_72k.csv
  labels 6025/15642 ok=312 err=5713 21.97/s
uploaded s3://sagemaker-studio-a5572760/wflike-community-72k/results/rekognition_community_72k.csv
  labels 6050/15642 ok=329 err=5721 21.85/s
uploaded s3://sagemaker-studio-a5572760/wflike-community-72k/results/rekognition_community_72k.csv
  labels 6075/15642 ok=352 err=5723 21.68/s
uploaded s3://sagemaker-studio-a5572760/wflike-community-72k/results/rekognition_community_72k.csv
  labels 6100/15642 ok=377 err=5723 21.50/s
uploaded s3://sagemaker-studio-a5572760/wflike-community-72k/results/rekognition_community_72k.csv
  labels 6125/15642 ok=402 err=5723 21.30/s
uploaded s3://sagemaker-studio-a5572760/wflike-community-72k/results/rekognition_community_72k.csv
  labels 6150/15642 ok=427 err=5723 21.13/s
uploaded s3://sagemaker-studio-a5572760/wflike-community-72k/results/rekognition_community_72k.csv
  labels 6175/15642 ok=452 err=5723 20.96/s
uploaded s3://sagemaker-studio-a5572760/wflike-community-72k/results/rekognition_community_72k.csv
  labels 6200/15642 ok=477 err=5723 20.81/s
uploaded s3://sagemaker-studio-a5572760/wflike-community-72k/results/rekognition_community_72k.csv
  labels 6225/15642 ok=502 err=5723 20.66/s
uploaded s3://sagemaker-studio-a5572760/wflike-community-72k/results/rekognition_community_72k.csv
  labels 6250/15642 ok=527 err=5723 20.50/s
uploaded s3://sagemaker-studio-a5572760/wflike-community-72k/results/rekognition_community_72k.csv
  labels 6275/15642 ok=552 err=5723 20.36/s
uploaded s3://sagemaker-studio-a5572760/wflike-community-72k/results/rekognition_community_72k.csv
  labels 6300/15642 ok=577 err=5723 20.21/s
uploaded s3://sagemaker-studio-a5572760/wflike-community-72k/results/rekognition_community_72k.csv
  labels 6325/15642 ok=602 err=5723 20.06/s
uploaded s3://sagemaker-studio-a5572760/wflike-community-72k/results/rekognition_community_72k.csv
  labels 6350/15642 ok=626 err=5724 19.94/s
uploaded s3://sagemaker-studio-a5572760/wflike-community-72k/results/rekognition_community_72k.csv
  labels 6375/15642 ok=651 err=5724 19.80/s
uploaded s3://sagemaker-studio-a5572760/wflike-community-72k/results/rekognition_community_72k.csv
  labels 6400/15642 ok=674 err=5726 19.68/s
uploaded s3://sagemaker-studio-a5572760/wflike-community-72k/results/rekognition_community_72k.csv
  labels 6425/15642 ok=699 err=5726 19.54/s
uploaded s3://sagemaker-studio-a5572760/wflike-community-72k/results/rekognition_community_72k.csv
  labels 6450/15642 ok=724 err=5726 19.39/s
uploaded s3://sagemaker-studio-a5572760/wflike-community-72k/results/rekognition_community_72k.csv
  labels 6475/15642 ok=749 err=5726 19.28/s
uploaded s3://sagemaker-studio-a5572760/wflike-community-72k/results/rekognition_community_72k.csv
  labels 6500/15642 ok=774 err=5726 19.15/s
uploaded s3://sagemaker-studio-a5572760/wflike-community-72k/results/rekognition_community_72k.csv
  labels 6525/15642 ok=799 err=5726 19.06/s
uploaded s3://sagemaker-studio-a5572760/wflike-community-72k/results/rekognition_community_72k.csv
  labels 6550/15642 ok=824 err=5726 18.94/s
uploaded s3://sagemaker-studio-a5572760/wflike-community-72k/results/rekognition_community_72k.csv
  labels 6575/15642 ok=849 err=5726 18.83/s
uploaded s3://sagemaker-studio-a5572760/wflike-community-72k/results/rekognition_community_72k.csv
  labels 6600/15642 ok=874 err=5726 18.73/s
uploaded s3://sagemaker-studio-a5572760/wflike-community-72k/results/rekognition_community_72k.csv
  labels 6625/15642 ok=899 err=5726 18.62/s
uploaded s3://sagemaker-studio-a5572760/wflike-community-72k/results/rekognition_community_72k.csv
  labels 6650/15642 ok=924 err=5726 18.52/s
uploaded s3://sagemaker-studio-a5572760/wflike-community-72k/results/rekognition_community_72k.csv
  labels 6675/15642 ok=949 err=5726 18.44/s
uploaded s3://sagemaker-studio-a5572760/wflike-community-72k/results/rekognition_community_72k.csv
  labels 6700/15642 ok=974 err=5726 18.32/s
uploaded s3://sagemaker-studio-a5572760/wflike-community-72k/results/rekognition_community_72k.csv
  labels 6725/15642 ok=999 err=5726 18.18/s
uploaded s3://sagemaker-studio-a5572760/wflike-community-72k/results/rekognition_community_72k.csv
  labels 6750/15642 ok=1024 err=5726 18.05/s
uploaded s3://sagemaker-studio-a5572760/wflike-community-72k/results/rekognition_community_72k.csv
  labels 6775/15642 ok=1049 err=5726 17.96/s
uploaded s3://sagemaker-studio-a5572760/wflike-community-72k/results/rekognition_community_72k.csv
  labels 6800/15642 ok=1074 err=5726 17.87/s
uploaded s3://sagemaker-studio-a5572760/wflike-community-72k/results/rekognition_community_72k.csv
  labels 6825/15642 ok=1099 err=5726 17.77/s
uploaded s3://sagemaker-studio-a5572760/wflike-community-72k/results/rekognition_community_72k.csv
  labels 6850/15642 ok=1124 err=5726 17.67/s
uploaded s3://sagemaker-studio-a5572760/wflike-community-72k/results/rekognition_community_72k.csv
  labels 6875/15642 ok=1149 err=5726 17.58/s
[periodic-sync 00:58:48]
uploaded s3://sagemaker-studio-a5572760/wflike-community-72k/results/rekognition_community_72k.csv
  labels 6900/15642 ok=1174 err=5726 17.50/s
uploaded s3://sagemaker-studio-a5572760/wflike-community-72k/results/rekognition_community_72k.csv
  labels 6925/15642 ok=1199 err=5726 17.40/s
uploaded s3://sagemaker-studio-a5572760/wflike-community-72k/results/rekognition_community_72k.csv
  labels 6950/15642 ok=1224 err=5726 17.32/s
uploaded s3://sagemaker-studio-a5572760/wflike-community-72k/results/rekognition_community_72k.csv
  labels 6975/15642 ok=1249 err=5726 17.22/s
uploaded s3://sagemaker-studio-a5572760/wflike-community-72k/results/rekognition_community_72k.csv
  labels 7000/15642 ok=1274 err=5726 17.13/s
uploaded s3://sagemaker-studio-a5572760/wflike-community-72k/results/rekognition_community_72k.csv
  labels 7025/15642 ok=1299 err=5726 17.07/s
uploaded s3://sagemaker-studio-a5572760/wflike-community-72k/results/rekognition_community_72k.csv
  labels 7050/15642 ok=1324 err=5726 16.98/s
uploaded s3://sagemaker-studio-a5572760/wflike-community-72k/results/rekognition_community_72k.csv
  labels 7075/15642 ok=1349 err=5726 16.90/s
uploaded s3://sagemaker-studio-a5572760/wflike-community-72k/results/rekognition_community_72k.csv
  labels 7100/15642 ok=1374 err=5726 16.80/s
uploaded s3://sagemaker-studio-a5572760/wflike-community-72k/results/rekognition_community_72k.csv
  labels 7125/15642 ok=1399 err=5726 16.74/s
uploaded s3://sagemaker-studio-a5572760/wflike-community-72k/results/rekognition_community_72k.csv
  labels 7150/15642 ok=1424 err=5726 16.67/s
uploaded s3://sagemaker-studio-a5572760/wflike-community-72k/results/rekognition_community_72k.csv
  labels 7175/15642 ok=1449 err=5726 16.59/s
uploaded s3://sagemaker-studio-a5572760/wflike-community-72k/results/rekognition_community_72k.csv
  labels 7200/15642 ok=1474 err=5726 16.53/s
uploaded s3://sagemaker-studio-a5572760/wflike-community-72k/results/rekognition_community_72k.csv
  labels 7225/15642 ok=1499 err=5726 16.47/s
uploaded s3://sagemaker-studio-a5572760/wflike-community-72k/results/rekognition_community_72k.csv
  labels 7250/15642 ok=1524 err=5726 16.38/s
uploaded s3://sagemaker-studio-a5572760/wflike-community-72k/results/rekognition_community_72k.csv
  labels 7275/15642 ok=1549 err=5726 16.31/s
uploaded s3://sagemaker-studio-a5572760/wflike-community-72k/results/rekognition_community_72k.csv
  labels 7300/15642 ok=1574 err=5726 16.24/s
uploaded s3://sagemaker-studio-a5572760/wflike-community-72k/results/rekognition_community_72k.csv
  labels 7325/15642 ok=1599 err=5726 16.19/s
uploaded s3://sagemaker-studio-a5572760/wflike-community-72k/results/rekognition_community_72k.csv
  labels 7350/15642 ok=1624 err=5726 16.13/s
uploaded s3://sagemaker-studio-a5572760/wflike-community-72k/results/rekognition_community_72k.csv
  labels 7375/15642 ok=1649 err=5726 16.05/s
uploaded s3://sagemaker-studio-a5572760/wflike-community-72k/results/rekognition_community_72k.csv
  labels 7400/15642 ok=1674 err=5726 15.99/s
uploaded s3://sagemaker-studio-a5572760/wflike-community-72k/results/rekognition_community_72k.csv
  labels 7425/15642 ok=1699 err=5726 15.93/s
uploaded s3://sagemaker-studio-a5572760/wflike-community-72k/results/rekognition_community_72k.csv
  labels 7450/15642 ok=1724 err=5726 15.88/s
uploaded s3://sagemaker-studio-a5572760/wflike-community-72k/results/rekognition_community_72k.csv
  labels 7475/15642 ok=1749 err=5726 15.82/s
uploaded s3://sagemaker-studio-a5572760/wflike-community-72k/results/rekognition_community_72k.csv
  labels 7500/15642 ok=1774 err=5726 15.74/s
uploaded s3://sagemaker-studio-a5572760/wflike-community-72k/results/rekognition_community_72k.csv
  labels 7525/15642 ok=1799 err=5726 15.70/s
uploaded s3://sagemaker-studio-a5572760/wflike-community-72k/results/rekognition_community_72k.csv
  labels 7550/15642 ok=1824 err=5726 15.64/s
uploaded s3://sagemaker-studio-a5572760/wflike-community-72k/results/rekognition_community_72k.csv
  labels 7575/15642 ok=1849 err=5726 15.57/s
uploaded s3://sagemaker-studio-a5572760/wflike-community-72k/results/rekognition_community_72k.csv
  labels 7600/15642 ok=1874 err=5726 15.52/s
uploaded s3://sagemaker-studio-a5572760/wflike-community-72k/results/rekognition_community_72k.csv
  labels 7625/15642 ok=1899 err=5726 15.47/s
uploaded s3://sagemaker-studio-a5572760/wflike-community-72k/results/rekognition_community_72k.csv
  labels 7650/15642 ok=1924 err=5726 15.39/s
uploaded s3://sagemaker-studio-a5572760/wflike-community-72k/results/rekognition_community_72k.csv
  labels 7675/15642 ok=1949 err=5726 15.34/s
uploaded s3://sagemaker-studio-a5572760/wflike-community-72k/results/rekognition_community_72k.csv
  labels 7700/15642 ok=1974 err=5726 15.28/s
uploaded s3://sagemaker-studio-a5572760/wflike-community-72k/results/rekognition_community_72k.csv
  labels 7725/15642 ok=1999 err=5726 15.22/s
uploaded s3://sagemaker-studio-a5572760/wflike-community-72k/results/rekognition_community_72k.csv
  labels 7750/15642 ok=2024 err=5726 15.15/s
[periodic-sync 01:00:50]
uploaded s3://sagemaker-studio-a5572760/wflike-community-72k/results/rekognition_community_72k.csv
  labels 7775/15642 ok=2049 err=5726 15.10/s
uploaded s3://sagemaker-studio-a5572760/wflike-community-72k/results/rekognition_community_72k.csv
  labels 7800/15642 ok=2074 err=5726 15.04/s
uploaded s3://sagemaker-studio-a5572760/wflike-community-72k/results/rekognition_community_72k.csv
  labels 7825/15642 ok=2099 err=5726 14.99/s
uploaded s3://sagemaker-studio-a5572760/wflike-community-72k/results/rekognition_community_72k.csv
  labels 7850/15642 ok=2124 err=5726 14.93/s
uploaded s3://sagemaker-studio-a5572760/wflike-community-72k/results/rekognition_community_72k.csv
  labels 7875/15642 ok=2149 err=5726 14.89/s
uploaded s3://sagemaker-studio-a5572760/wflike-community-72k/results/rekognition_community_72k.csv
  labels 7900/15642 ok=2174 err=5726 14.83/s
uploaded s3://sagemaker-studio-a5572760/wflike-community-72k/results/rekognition_community_72k.csv
  labels 7925/15642 ok=2199 err=5726 14.79/s
uploaded s3://sagemaker-studio-a5572760/wflike-community-72k/results/rekognition_community_72k.csv
  labels 7950/15642 ok=2224 err=5726 14.74/s
uploaded s3://sagemaker-studio-a5572760/wflike-community-72k/results/rekognition_community_72k.csv
  labels 7975/15642 ok=2249 err=5726 14.70/s
uploaded s3://sagemaker-studio-a5572760/wflike-community-72k/results/rekognition_community_72k.csv
  labels 8000/15642 ok=2274 err=5726 14.66/s
uploaded s3://sagemaker-studio-a5572760/wflike-community-72k/results/rekognition_community_72k.csv
  labels 8025/15642 ok=2299 err=5726 14.63/s
uploaded s3://sagemaker-studio-a5572760/wflike-community-72k/results/rekognition_community_72k.csv
  labels 8050/15642 ok=2324 err=5726 14.58/s
uploaded s3://sagemaker-studio-a5572760/wflike-community-72k/results/rekognition_community_72k.csv
  labels 8075/15642 ok=2349 err=5726 14.54/s
uploaded s3://sagemaker-studio-a5572760/wflike-community-72k/results/rekognition_community_72k.csv
  labels 8100/15642 ok=2374 err=5726 14.50/s
uploaded s3://sagemaker-studio-a5572760/wflike-community-72k/results/rekognition_community_72k.csv
  labels 8125/15642 ok=2399 err=5726 14.45/s
uploaded s3://sagemaker-studio-a5572760/wflike-community-72k/results/rekognition_community_72k.csv
  labels 8150/15642 ok=2424 err=5726 14.40/s
uploaded s3://sagemaker-studio-a5572760/wflike-community-72k/results/rekognition_community_72k.csv
  labels 8175/15642 ok=2449 err=5726 14.36/s
uploaded s3://sagemaker-studio-a5572760/wflike-community-72k/results/rekognition_community_72k.csv
  labels 8200/15642 ok=2474 err=5726 14.30/s
uploaded s3://sagemaker-studio-a5572760/wflike-community-72k/results/rekognition_community_72k.csv
  labels 8225/15642 ok=2499 err=5726 14.27/s
uploaded s3://sagemaker-studio-a5572760/wflike-community-72k/results/rekognition_community_72k.csv
  labels 8250/15642 ok=2524 err=5726 14.22/s
uploaded s3://sagemaker-studio-a5572760/wflike-community-72k/results/rekognition_community_72k.csv
  labels 8275/15642 ok=2549 err=5726 14.17/s
uploaded s3://sagemaker-studio-a5572760/wflike-community-72k/results/rekognition_community_72k.csv
  labels 8300/15642 ok=2574 err=5726 14.13/s
uploaded s3://sagemaker-studio-a5572760/wflike-community-72k/results/rekognition_community_72k.csv
  labels 8325/15642 ok=2599 err=5726 14.10/s
uploaded s3://sagemaker-studio-a5572760/wflike-community-72k/results/rekognition_community_72k.csv
  labels 8350/15642 ok=2624 err=5726 14.07/s
uploaded s3://sagemaker-studio-a5572760/wflike-community-72k/results/rekognition_community_72k.csv
  labels 8375/15642 ok=2649 err=5726 14.04/s
uploaded s3://sagemaker-studio-a5572760/wflike-community-72k/results/rekognition_community_72k.csv
  labels 8400/15642 ok=2674 err=5726 14.00/s
uploaded s3://sagemaker-studio-a5572760/wflike-community-72k/results/rekognition_community_72k.csv
  labels 8425/15642 ok=2699 err=5726 13.96/s
uploaded s3://sagemaker-studio-a5572760/wflike-community-72k/results/rekognition_community_72k.csv
  labels 8450/15642 ok=2724 err=5726 13.92/s
uploaded s3://sagemaker-studio-a5572760/wflike-community-72k/results/rekognition_community_72k.csv
  labels 8475/15642 ok=2749 err=5726 13.87/s
uploaded s3://sagemaker-studio-a5572760/wflike-community-72k/results/rekognition_community_72k.csv
  labels 8500/15642 ok=2774 err=5726 13.83/s
uploaded s3://sagemaker-studio-a5572760/wflike-community-72k/results/rekognition_community_72k.csv
  labels 8525/15642 ok=2799 err=5726 13.80/s
uploaded s3://sagemaker-studio-a5572760/wflike-community-72k/results/rekognition_community_72k.csv
  labels 8550/15642 ok=2824 err=5726 13.76/s
uploaded s3://sagemaker-studio-a5572760/wflike-community-72k/results/rekognition_community_72k.csv
  labels 8575/15642 ok=2849 err=5726 13.73/s
uploaded s3://sagemaker-studio-a5572760/wflike-community-72k/results/rekognition_community_72k.csv
  labels 8600/15642 ok=2874 err=5726 13.70/s
uploaded s3://sagemaker-studio-a5572760/wflike-community-72k/results/rekognition_community_72k.csv
  labels 8625/15642 ok=2899 err=5726 13.67/s
uploaded s3://sagemaker-studio-a5572760/wflike-community-72k/results/rekognition_community_72k.csv
  labels 8650/15642 ok=2924 err=5726 13.63/s
[periodic-sync 01:02:51]
uploaded s3://sagemaker-studio-a5572760/wflike-community-72k/results/rekognition_community_72k.csv
  labels 8675/15642 ok=2949 err=5726 13.59/s
uploaded s3://sagemaker-studio-a5572760/wflike-community-72k/results/rekognition_community_72k.csv
  labels 8700/15642 ok=2974 err=5726 13.56/s
uploaded s3://sagemaker-studio-a5572760/wflike-community-72k/results/rekognition_community_72k.csv
  labels 8725/15642 ok=2999 err=5726 13.53/s
uploaded s3://sagemaker-studio-a5572760/wflike-community-72k/results/rekognition_community_72k.csv
  labels 8750/15642 ok=3024 err=5726 13.49/s
uploaded s3://sagemaker-studio-a5572760/wflike-community-72k/results/rekognition_community_72k.csv
  labels 8775/15642 ok=3049 err=5726 13.46/s
uploaded s3://sagemaker-studio-a5572760/wflike-community-72k/results/rekognition_community_72k.csv
  labels 8800/15642 ok=3074 err=5726 13.43/s
uploaded s3://sagemaker-studio-a5572760/wflike-community-72k/results/rekognition_community_72k.csv
  labels 8825/15642 ok=3099 err=5726 13.39/s
uploaded s3://sagemaker-studio-a5572760/wflike-community-72k/results/rekognition_community_72k.csv
  labels 8850/15642 ok=3124 err=5726 13.35/s
uploaded s3://sagemaker-studio-a5572760/wflike-community-72k/results/rekognition_community_72k.csv
  labels 8875/15642 ok=3149 err=5726 13.32/s
uploaded s3://sagemaker-studio-a5572760/wflike-community-72k/results/rekognition_community_72k.csv
  labels 8900/15642 ok=3174 err=5726 13.28/s
uploaded s3://sagemaker-studio-a5572760/wflike-community-72k/results/rekognition_community_72k.csv
  labels 8925/15642 ok=3199 err=5726 13.25/s
uploaded s3://sagemaker-studio-a5572760/wflike-community-72k/results/rekognition_community_72k.csv
  labels 8950/15642 ok=3224 err=5726 13.22/s
uploaded s3://sagemaker-studio-a5572760/wflike-community-72k/results/rekognition_community_72k.csv
  labels 8975/15642 ok=3249 err=5726 13.18/s
uploaded s3://sagemaker-studio-a5572760/wflike-community-72k/results/rekognition_community_72k.csv
  labels 9000/15642 ok=3274 err=5726 13.17/s
uploaded s3://sagemaker-studio-a5572760/wflike-community-72k/results/rekognition_community_72k.csv
  labels 9025/15642 ok=3299 err=5726 13.15/s
uploaded s3://sagemaker-studio-a5572760/wflike-community-72k/results/rekognition_community_72k.csv
  labels 9050/15642 ok=3324 err=5726 13.11/s
uploaded s3://sagemaker-studio-a5572760/wflike-community-72k/results/rekognition_community_72k.csv
  labels 9075/15642 ok=3349 err=5726 13.07/s
uploaded s3://sagemaker-studio-a5572760/wflike-community-72k/results/rekognition_community_72k.csv
  labels 9100/15642 ok=3374 err=5726 13.05/s
uploaded s3://sagemaker-studio-a5572760/wflike-community-72k/results/rekognition_community_72k.csv
  labels 9125/15642 ok=3399 err=5726 13.01/s
uploaded s3://sagemaker-studio-a5572760/wflike-community-72k/results/rekognition_community_72k.csv
  labels 9150/15642 ok=3424 err=5726 12.98/s
uploaded s3://sagemaker-studio-a5572760/wflike-community-72k/results/rekognition_community_72k.csv
  labels 9175/15642 ok=3449 err=5726 12.95/s
uploaded s3://sagemaker-studio-a5572760/wflike-community-72k/results/rekognition_community_72k.csv
  labels 9200/15642 ok=3474 err=5726 12.92/s
uploaded s3://sagemaker-studio-a5572760/wflike-community-72k/results/rekognition_community_72k.csv
  labels 9225/15642 ok=3499 err=5726 12.89/s
uploaded s3://sagemaker-studio-a5572760/wflike-community-72k/results/rekognition_community_72k.csv
  labels 9250/15642 ok=3524 err=5726 12.86/s
uploaded s3://sagemaker-studio-a5572760/wflike-community-72k/results/rekognition_community_72k.csv
  labels 9275/15642 ok=3549 err=5726 12.83/s
uploaded s3://sagemaker-studio-a5572760/wflike-community-72k/results/rekognition_community_72k.csv
  labels 9300/15642 ok=3574 err=5726 12.80/s
uploaded s3://sagemaker-studio-a5572760/wflike-community-72k/results/rekognition_community_72k.csv
  labels 9325/15642 ok=3599 err=5726 12.78/s
uploaded s3://sagemaker-studio-a5572760/wflike-community-72k/results/rekognition_community_72k.csv
  labels 9350/15642 ok=3624 err=5726 12.75/s
uploaded s3://sagemaker-studio-a5572760/wflike-community-72k/results/rekognition_community_72k.csv
  labels 9375/15642 ok=3649 err=5726 12.73/s
uploaded s3://sagemaker-studio-a5572760/wflike-community-72k/results/rekognition_community_72k.csv
  labels 9400/15642 ok=3674 err=5726 12.70/s
uploaded s3://sagemaker-studio-a5572760/wflike-community-72k/results/rekognition_community_72k.csv
  labels 9425/15642 ok=3699 err=5726 12.68/s
uploaded s3://sagemaker-studio-a5572760/wflike-community-72k/results/rekognition_community_72k.csv
  labels 9450/15642 ok=3724 err=5726 12.65/s
uploaded s3://sagemaker-studio-a5572760/wflike-community-72k/results/rekognition_community_72k.csv
  labels 9475/15642 ok=3749 err=5726 12.62/s
uploaded s3://sagemaker-studio-a5572760/wflike-community-72k/results/rekognition_community_72k.csv
  labels 9500/15642 ok=3774 err=5726 12.59/s
[periodic-sync 01:04:53]
uploaded s3://sagemaker-studio-a5572760/wflike-community-72k/results/rekognition_community_72k.csv
  labels 9525/15642 ok=3799 err=5726 12.56/s
uploaded s3://sagemaker-studio-a5572760/wflike-community-72k/results/rekognition_community_72k.csv
  labels 9550/15642 ok=3824 err=5726 12.54/s
uploaded s3://sagemaker-studio-a5572760/wflike-community-72k/results/rekognition_community_72k.csv
  labels 9575/15642 ok=3849 err=5726 12.51/s
uploaded s3://sagemaker-studio-a5572760/wflike-community-72k/results/rekognition_community_72k.csv
  labels 9600/15642 ok=3874 err=5726 12.49/s
uploaded s3://sagemaker-studio-a5572760/wflike-community-72k/results/rekognition_community_72k.csv
  labels 9625/15642 ok=3899 err=5726 12.46/s
uploaded s3://sagemaker-studio-a5572760/wflike-community-72k/results/rekognition_community_72k.csv
  labels 9650/15642 ok=3924 err=5726 12.43/s
uploaded s3://sagemaker-studio-a5572760/wflike-community-72k/results/rekognition_community_72k.csv
  labels 9675/15642 ok=3949 err=5726 12.40/s
uploaded s3://sagemaker-studio-a5572760/wflike-community-72k/results/rekognition_community_72k.csv
  labels 9700/15642 ok=3974 err=5726 12.38/s
uploaded s3://sagemaker-studio-a5572760/wflike-community-72k/results/rekognition_community_72k.csv
  labels 9725/15642 ok=3999 err=5726 12.36/s
uploaded s3://sagemaker-studio-a5572760/wflike-community-72k/results/rekognition_community_72k.csv
  labels 9750/15642 ok=4024 err=5726 12.33/s
uploaded s3://sagemaker-studio-a5572760/wflike-community-72k/results/rekognition_community_72k.csv
  labels 9775/15642 ok=4049 err=5726 12.30/s
uploaded s3://sagemaker-studio-a5572760/wflike-community-72k/results/rekognition_community_72k.csv
  labels 9800/15642 ok=4074 err=5726 12.28/s
uploaded s3://sagemaker-studio-a5572760/wflike-community-72k/results/rekognition_community_72k.csv
  labels 9825/15642 ok=4099 err=5726 12.26/s
uploaded s3://sagemaker-studio-a5572760/wflike-community-72k/results/rekognition_community_72k.csv
  labels 9850/15642 ok=4124 err=5726 12.24/s
uploaded s3://sagemaker-studio-a5572760/wflike-community-72k/results/rekognition_community_72k.csv
  labels 9875/15642 ok=4149 err=5726 12.22/s
uploaded s3://sagemaker-studio-a5572760/wflike-community-72k/results/rekognition_community_72k.csv
  labels 9900/15642 ok=4174 err=5726 12.19/s
uploaded s3://sagemaker-studio-a5572760/wflike-community-72k/results/rekognition_community_72k.csv
  labels 9925/15642 ok=4199 err=5726 12.17/s
uploaded s3://sagemaker-studio-a5572760/wflike-community-72k/results/rekognition_community_72k.csv
  labels 9950/15642 ok=4224 err=5726 12.15/s
uploaded s3://sagemaker-studio-a5572760/wflike-community-72k/results/rekognition_community_72k.csv
  labels 9975/15642 ok=4249 err=5726 12.13/s
uploaded s3://sagemaker-studio-a5572760/wflike-community-72k/results/rekognition_community_72k.csv
  labels 10000/15642 ok=4274 err=5726 12.10/s
uploaded s3://sagemaker-studio-a5572760/wflike-community-72k/results/rekognition_community_72k.csv
  labels 10025/15642 ok=4299 err=5726 12.08/s
uploaded s3://sagemaker-studio-a5572760/wflike-community-72k/results/rekognition_community_72k.csv
  labels 10050/15642 ok=4324 err=5726 12.06/s
uploaded s3://sagemaker-studio-a5572760/wflike-community-72k/results/rekognition_community_72k.csv
  labels 10075/15642 ok=4349 err=5726 12.03/s
uploaded s3://sagemaker-studio-a5572760/wflike-community-72k/results/rekognition_community_72k.csv
  labels 10100/15642 ok=4374 err=5726 12.01/s
uploaded s3://sagemaker-studio-a5572760/wflike-community-72k/results/rekognition_community_72k.csv
  labels 10125/15642 ok=4399 err=5726 11.99/s
uploaded s3://sagemaker-studio-a5572760/wflike-community-72k/results/rekognition_community_72k.csv
  labels 10150/15642 ok=4424 err=5726 11.97/s
uploaded s3://sagemaker-studio-a5572760/wflike-community-72k/results/rekognition_community_72k.csv
  labels 10175/15642 ok=4449 err=5726 11.95/s
uploaded s3://sagemaker-studio-a5572760/wflike-community-72k/results/rekognition_community_72k.csv
  labels 10200/15642 ok=4474 err=5726 11.92/s
uploaded s3://sagemaker-studio-a5572760/wflike-community-72k/results/rekognition_community_72k.csv
  labels 10225/15642 ok=4499 err=5726 11.90/s
uploaded s3://sagemaker-studio-a5572760/wflike-community-72k/results/rekognition_community_72k.csv
  labels 10250/15642 ok=4524 err=5726 11.88/s
uploaded s3://sagemaker-studio-a5572760/wflike-community-72k/results/rekognition_community_72k.csv
  labels 10275/15642 ok=4549 err=5726 11.85/s
uploaded s3://sagemaker-studio-a5572760/wflike-community-72k/results/rekognition_community_72k.csv
  labels 10300/15642 ok=4574 err=5726 11.84/s
uploaded s3://sagemaker-studio-a5572760/wflike-community-72k/results/rekognition_community_72k.csv
  labels 10325/15642 ok=4599 err=5726 11.82/s
uploaded s3://sagemaker-studio-a5572760/wflike-community-72k/results/rekognition_community_72k.csv
  labels 10350/15642 ok=4624 err=5726 11.80/s
[periodic-sync 01:06:55]
uploaded s3://sagemaker-studio-a5572760/wflike-community-72k/results/rekognition_community_72k.csv
  labels 10375/15642 ok=4649 err=5726 11.78/s
uploaded s3://sagemaker-studio-a5572760/wflike-community-72k/results/rekognition_community_72k.csv
  labels 10400/15642 ok=4674 err=5726 11.76/s
uploaded s3://sagemaker-studio-a5572760/wflike-community-72k/results/rekognition_community_72k.csv
  labels 10425/15642 ok=4699 err=5726 11.74/s
uploaded s3://sagemaker-studio-a5572760/wflike-community-72k/results/rekognition_community_72k.csv
  labels 10450/15642 ok=4724 err=5726 11.72/s
uploaded s3://sagemaker-studio-a5572760/wflike-community-72k/results/rekognition_community_72k.csv
  labels 10475/15642 ok=4749 err=5726 11.70/s
uploaded s3://sagemaker-studio-a5572760/wflike-community-72k/results/rekognition_community_72k.csv
  labels 10500/15642 ok=4774 err=5726 11.68/s
uploaded s3://sagemaker-studio-a5572760/wflike-community-72k/results/rekognition_community_72k.csv
  labels 10525/15642 ok=4799 err=5726 11.66/s
uploaded s3://sagemaker-studio-a5572760/wflike-community-72k/results/rekognition_community_72k.csv
  labels 10550/15642 ok=4824 err=5726 11.64/s
uploaded s3://sagemaker-studio-a5572760/wflike-community-72k/results/rekognition_community_72k.csv
  labels 10575/15642 ok=4849 err=5726 11.61/s
uploaded s3://sagemaker-studio-a5572760/wflike-community-72k/results/rekognition_community_72k.csv
  labels 10600/15642 ok=4874 err=5726 11.59/s
uploaded s3://sagemaker-studio-a5572760/wflike-community-72k/results/rekognition_community_72k.csv
  labels 10625/15642 ok=4899 err=5726 11.58/s
uploaded s3://sagemaker-studio-a5572760/wflike-community-72k/results/rekognition_community_72k.csv
  labels 10650/15642 ok=4924 err=5726 11.56/s
uploaded s3://sagemaker-studio-a5572760/wflike-community-72k/results/rekognition_community_72k.csv
  labels 10675/15642 ok=4949 err=5726 11.54/s
uploaded s3://sagemaker-studio-a5572760/wflike-community-72k/results/rekognition_community_72k.csv
  labels 10700/15642 ok=4974 err=5726 11.52/s
uploaded s3://sagemaker-studio-a5572760/wflike-community-72k/results/rekognition_community_72k.csv
  labels 10725/15642 ok=4999 err=5726 11.49/s
uploaded s3://sagemaker-studio-a5572760/wflike-community-72k/results/rekognition_community_72k.csv
  labels 10750/15642 ok=5024 err=5726 11.48/s
uploaded s3://sagemaker-studio-a5572760/wflike-community-72k/results/rekognition_community_72k.csv
  labels 10775/15642 ok=5049 err=5726 11.46/s
uploaded s3://sagemaker-studio-a5572760/wflike-community-72k/results/rekognition_community_72k.csv
  labels 10800/15642 ok=5074 err=5726 11.44/s
uploaded s3://sagemaker-studio-a5572760/wflike-community-72k/results/rekognition_community_72k.csv
  labels 10825/15642 ok=5099 err=5726 11.42/s
uploaded s3://sagemaker-studio-a5572760/wflike-community-72k/results/rekognition_community_72k.csv
  labels 10850/15642 ok=5124 err=5726 11.40/s
uploaded s3://sagemaker-studio-a5572760/wflike-community-72k/results/rekognition_community_72k.csv
  labels 10875/15642 ok=5149 err=5726 11.39/s
uploaded s3://sagemaker-studio-a5572760/wflike-community-72k/results/rekognition_community_72k.csv
  labels 10900/15642 ok=5174 err=5726 11.37/s
uploaded s3://sagemaker-studio-a5572760/wflike-community-72k/results/rekognition_community_72k.csv
  labels 10925/15642 ok=5199 err=5726 11.35/s
uploaded s3://sagemaker-studio-a5572760/wflike-community-72k/results/rekognition_community_72k.csv
  labels 10950/15642 ok=5224 err=5726 11.33/s
uploaded s3://sagemaker-studio-a5572760/wflike-community-72k/results/rekognition_community_72k.csv
  labels 10975/15642 ok=5249 err=5726 11.31/s
uploaded s3://sagemaker-studio-a5572760/wflike-community-72k/results/rekognition_community_72k.csv
  labels 11000/15642 ok=5274 err=5726 11.30/s
uploaded s3://sagemaker-studio-a5572760/wflike-community-72k/results/rekognition_community_72k.csv
  labels 11025/15642 ok=5299 err=5726 11.28/s
uploaded s3://sagemaker-studio-a5572760/wflike-community-72k/results/rekognition_community_72k.csv
  labels 11050/15642 ok=5324 err=5726 11.26/s
uploaded s3://sagemaker-studio-a5572760/wflike-community-72k/results/rekognition_community_72k.csv
  labels 11075/15642 ok=5349 err=5726 11.24/s
uploaded s3://sagemaker-studio-a5572760/wflike-community-72k/results/rekognition_community_72k.csv
  labels 11100/15642 ok=5374 err=5726 11.22/s
uploaded s3://sagemaker-studio-a5572760/wflike-community-72k/results/rekognition_community_72k.csv
  labels 11125/15642 ok=5399 err=5726 11.21/s
uploaded s3://sagemaker-studio-a5572760/wflike-community-72k/results/rekognition_community_72k.csv
  labels 11150/15642 ok=5424 err=5726 11.19/s
uploaded s3://sagemaker-studio-a5572760/wflike-community-72k/results/rekognition_community_72k.csv
  labels 11175/15642 ok=5449 err=5726 11.18/s
[periodic-sync 01:08:56]
uploaded s3://sagemaker-studio-a5572760/wflike-community-72k/results/rekognition_community_72k.csv
  labels 11200/15642 ok=5474 err=5726 11.16/s
uploaded s3://sagemaker-studio-a5572760/wflike-community-72k/results/rekognition_community_72k.csv
  labels 11225/15642 ok=5499 err=5726 11.15/s
uploaded s3://sagemaker-studio-a5572760/wflike-community-72k/results/rekognition_community_72k.csv
  labels 11250/15642 ok=5524 err=5726 11.13/s
uploaded s3://sagemaker-studio-a5572760/wflike-community-72k/results/rekognition_community_72k.csv
  labels 11275/15642 ok=5549 err=5726 11.11/s
uploaded s3://sagemaker-studio-a5572760/wflike-community-72k/results/rekognition_community_72k.csv
  labels 11300/15642 ok=5574 err=5726 11.09/s
uploaded s3://sagemaker-studio-a5572760/wflike-community-72k/results/rekognition_community_72k.csv
  labels 11325/15642 ok=5599 err=5726 11.08/s
uploaded s3://sagemaker-studio-a5572760/wflike-community-72k/results/rekognition_community_72k.csv
  labels 11350/15642 ok=5624 err=5726 11.07/s
uploaded s3://sagemaker-studio-a5572760/wflike-community-72k/results/rekognition_community_72k.csv
  labels 11375/15642 ok=5649 err=5726 11.05/s
uploaded s3://sagemaker-studio-a5572760/wflike-community-72k/results/rekognition_community_72k.csv
  labels 11400/15642 ok=5674 err=5726 11.04/s
uploaded s3://sagemaker-studio-a5572760/wflike-community-72k/results/rekognition_community_72k.csv
  labels 11425/15642 ok=5699 err=5726 11.02/s
uploaded s3://sagemaker-studio-a5572760/wflike-community-72k/results/rekognition_community_72k.csv
  labels 11450/15642 ok=5724 err=5726 11.01/s
uploaded s3://sagemaker-studio-a5572760/wflike-community-72k/results/rekognition_community_72k.csv
  labels 11475/15642 ok=5749 err=5726 10.99/s
uploaded s3://sagemaker-studio-a5572760/wflike-community-72k/results/rekognition_community_72k.csv
  labels 11500/15642 ok=5774 err=5726 10.98/s
uploaded s3://sagemaker-studio-a5572760/wflike-community-72k/results/rekognition_community_72k.csv
  labels 11525/15642 ok=5799 err=5726 10.96/s
uploaded s3://sagemaker-studio-a5572760/wflike-community-72k/results/rekognition_community_72k.csv
  labels 11550/15642 ok=5824 err=5726 10.95/s
uploaded s3://sagemaker-studio-a5572760/wflike-community-72k/results/rekognition_community_72k.csv
  labels 11575/15642 ok=5849 err=5726 10.93/s
uploaded s3://sagemaker-studio-a5572760/wflike-community-72k/results/rekognition_community_72k.csv
  labels 11600/15642 ok=5874 err=5726 10.92/s
uploaded s3://sagemaker-studio-a5572760/wflike-community-72k/results/rekognition_community_72k.csv
  labels 11625/15642 ok=5899 err=5726 10.91/s
uploaded s3://sagemaker-studio-a5572760/wflike-community-72k/results/rekognition_community_72k.csv
  labels 11650/15642 ok=5924 err=5726 10.90/s
uploaded s3://sagemaker-studio-a5572760/wflike-community-72k/results/rekognition_community_72k.csv
  labels 11675/15642 ok=5949 err=5726 10.89/s
uploaded s3://sagemaker-studio-a5572760/wflike-community-72k/results/rekognition_community_72k.csv
  labels 11700/15642 ok=5974 err=5726 10.87/s
uploaded s3://sagemaker-studio-a5572760/wflike-community-72k/results/rekognition_community_72k.csv
  labels 11725/15642 ok=5999 err=5726 10.86/s
uploaded s3://sagemaker-studio-a5572760/wflike-community-72k/results/rekognition_community_72k.csv
  labels 11750/15642 ok=6024 err=5726 10.85/s
uploaded s3://sagemaker-studio-a5572760/wflike-community-72k/results/rekognition_community_72k.csv
  labels 11775/15642 ok=6049 err=5726 10.83/s
uploaded s3://sagemaker-studio-a5572760/wflike-community-72k/results/rekognition_community_72k.csv
  labels 11800/15642 ok=6074 err=5726 10.82/s
uploaded s3://sagemaker-studio-a5572760/wflike-community-72k/results/rekognition_community_72k.csv
  labels 11825/15642 ok=6099 err=5726 10.81/s
uploaded s3://sagemaker-studio-a5572760/wflike-community-72k/results/rekognition_community_72k.csv
  labels 11850/15642 ok=6124 err=5726 10.79/s
uploaded s3://sagemaker-studio-a5572760/wflike-community-72k/results/rekognition_community_72k.csv
  labels 11875/15642 ok=6149 err=5726 10.78/s
uploaded s3://sagemaker-studio-a5572760/wflike-community-72k/results/rekognition_community_72k.csv
  labels 11900/15642 ok=6174 err=5726 10.77/s
uploaded s3://sagemaker-studio-a5572760/wflike-community-72k/results/rekognition_community_72k.csv
  labels 11925/15642 ok=6199 err=5726 10.75/s
uploaded s3://sagemaker-studio-a5572760/wflike-community-72k/results/rekognition_community_72k.csv
  labels 11950/15642 ok=6224 err=5726 10.75/s
uploaded s3://sagemaker-studio-a5572760/wflike-community-72k/results/rekognition_community_72k.csv
  labels 11975/15642 ok=6249 err=5726 10.73/s
uploaded s3://sagemaker-studio-a5572760/wflike-community-72k/results/rekognition_community_72k.csv
  labels 12000/15642 ok=6274 err=5726 10.72/s
[periodic-sync 01:10:58]
uploaded s3://sagemaker-studio-a5572760/wflike-community-72k/results/rekognition_community_72k.csv
  labels 12025/15642 ok=6299 err=5726 10.70/s
uploaded s3://sagemaker-studio-a5572760/wflike-community-72k/results/rekognition_community_72k.csv
  labels 12050/15642 ok=6324 err=5726 10.69/s
uploaded s3://sagemaker-studio-a5572760/wflike-community-72k/results/rekognition_community_72k.csv
  labels 12075/15642 ok=6349 err=5726 10.67/s
uploaded s3://sagemaker-studio-a5572760/wflike-community-72k/results/rekognition_community_72k.csv
  labels 12100/15642 ok=6374 err=5726 10.66/s
uploaded s3://sagemaker-studio-a5572760/wflike-community-72k/results/rekognition_community_72k.csv
  labels 12125/15642 ok=6399 err=5726 10.65/s
uploaded s3://sagemaker-studio-a5572760/wflike-community-72k/results/rekognition_community_72k.csv
  labels 12150/15642 ok=6424 err=5726 10.64/s
uploaded s3://sagemaker-studio-a5572760/wflike-community-72k/results/rekognition_community_72k.csv
  labels 12175/15642 ok=6449 err=5726 10.62/s
uploaded s3://sagemaker-studio-a5572760/wflike-community-72k/results/rekognition_community_72k.csv
  labels 12200/15642 ok=6474 err=5726 10.61/s
uploaded s3://sagemaker-studio-a5572760/wflike-community-72k/results/rekognition_community_72k.csv
  labels 12225/15642 ok=6499 err=5726 10.60/s
uploaded s3://sagemaker-studio-a5572760/wflike-community-72k/results/rekognition_community_72k.csv
  labels 12250/15642 ok=6524 err=5726 10.59/s
uploaded s3://sagemaker-studio-a5572760/wflike-community-72k/results/rekognition_community_72k.csv
  labels 12275/15642 ok=6549 err=5726 10.58/s
uploaded s3://sagemaker-studio-a5572760/wflike-community-72k/results/rekognition_community_72k.csv
  labels 12300/15642 ok=6574 err=5726 10.57/s
uploaded s3://sagemaker-studio-a5572760/wflike-community-72k/results/rekognition_community_72k.csv
  labels 12325/15642 ok=6599 err=5726 10.56/s
uploaded s3://sagemaker-studio-a5572760/wflike-community-72k/results/rekognition_community_72k.csv
  labels 12350/15642 ok=6624 err=5726 10.54/s
uploaded s3://sagemaker-studio-a5572760/wflike-community-72k/results/rekognition_community_72k.csv
  labels 12375/15642 ok=6649 err=5726 10.53/s
uploaded s3://sagemaker-studio-a5572760/wflike-community-72k/results/rekognition_community_72k.csv
  labels 12400/15642 ok=6674 err=5726 10.51/s
uploaded s3://sagemaker-studio-a5572760/wflike-community-72k/results/rekognition_community_72k.csv
  labels 12425/15642 ok=6699 err=5726 10.50/s
uploaded s3://sagemaker-studio-a5572760/wflike-community-72k/results/rekognition_community_72k.csv
  labels 12450/15642 ok=6724 err=5726 10.49/s
uploaded s3://sagemaker-studio-a5572760/wflike-community-72k/results/rekognition_community_72k.csv
  labels 12475/15642 ok=6749 err=5726 10.48/s
uploaded s3://sagemaker-studio-a5572760/wflike-community-72k/results/rekognition_community_72k.csv
  labels 12500/15642 ok=6774 err=5726 10.47/s
uploaded s3://sagemaker-studio-a5572760/wflike-community-72k/results/rekognition_community_72k.csv
  labels 12525/15642 ok=6799 err=5726 10.46/s
uploaded s3://sagemaker-studio-a5572760/wflike-community-72k/results/rekognition_community_72k.csv
  labels 12550/15642 ok=6824 err=5726 10.44/s
uploaded s3://sagemaker-studio-a5572760/wflike-community-72k/results/rekognition_community_72k.csv
  labels 12575/15642 ok=6848 err=5727 10.43/s
uploaded s3://sagemaker-studio-a5572760/wflike-community-72k/results/rekognition_community_72k.csv
  labels 12600/15642 ok=6873 err=5727 10.42/s
uploaded s3://sagemaker-studio-a5572760/wflike-community-72k/results/rekognition_community_72k.csv
  labels 12625/15642 ok=6898 err=5727 10.40/s
uploaded s3://sagemaker-studio-a5572760/wflike-community-72k/results/rekognition_community_72k.csv
  labels 12650/15642 ok=6923 err=5727 10.40/s
uploaded s3://sagemaker-studio-a5572760/wflike-community-72k/results/rekognition_community_72k.csv
  labels 12675/15642 ok=6948 err=5727 10.39/s
uploaded s3://sagemaker-studio-a5572760/wflike-community-72k/results/rekognition_community_72k.csv
  labels 12700/15642 ok=6973 err=5727 10.38/s
uploaded s3://sagemaker-studio-a5572760/wflike-community-72k/results/rekognition_community_72k.csv
  labels 12725/15642 ok=6998 err=5727 10.36/s
uploaded s3://sagemaker-studio-a5572760/wflike-community-72k/results/rekognition_community_72k.csv
  labels 12750/15642 ok=7023 err=5727 10.36/s
uploaded s3://sagemaker-studio-a5572760/wflike-community-72k/results/rekognition_community_72k.csv
  labels 12775/15642 ok=7048 err=5727 10.35/s
uploaded s3://sagemaker-studio-a5572760/wflike-community-72k/results/rekognition_community_72k.csv
  labels 12800/15642 ok=7073 err=5727 10.34/s
uploaded s3://sagemaker-studio-a5572760/wflike-community-72k/results/rekognition_community_72k.csv
  labels 12825/15642 ok=7098 err=5727 10.33/s
[periodic-sync 01:13:00]
uploaded s3://sagemaker-studio-a5572760/wflike-community-72k/results/rekognition_community_72k.csv
  labels 12850/15642 ok=7123 err=5727 10.32/s
uploaded s3://sagemaker-studio-a5572760/wflike-community-72k/results/rekognition_community_72k.csv
  labels 12875/15642 ok=7148 err=5727 10.30/s
uploaded s3://sagemaker-studio-a5572760/wflike-community-72k/results/rekognition_community_72k.csv
  labels 12900/15642 ok=7173 err=5727 10.29/s
uploaded s3://sagemaker-studio-a5572760/wflike-community-72k/results/rekognition_community_72k.csv
  labels 12925/15642 ok=7198 err=5727 10.28/s
uploaded s3://sagemaker-studio-a5572760/wflike-community-72k/results/rekognition_community_72k.csv
  labels 12950/15642 ok=7223 err=5727 10.28/s
uploaded s3://sagemaker-studio-a5572760/wflike-community-72k/results/rekognition_community_72k.csv
  labels 12975/15642 ok=7248 err=5727 10.27/s
uploaded s3://sagemaker-studio-a5572760/wflike-community-72k/results/rekognition_community_72k.csv
  labels 13000/15642 ok=7273 err=5727 10.26/s
uploaded s3://sagemaker-studio-a5572760/wflike-community-72k/results/rekognition_community_72k.csv
  labels 13025/15642 ok=7298 err=5727 10.25/s
uploaded s3://sagemaker-studio-a5572760/wflike-community-72k/results/rekognition_community_72k.csv
  labels 13050/15642 ok=7323 err=5727 10.24/s
uploaded s3://sagemaker-studio-a5572760/wflike-community-72k/results/rekognition_community_72k.csv
  labels 13075/15642 ok=7348 err=5727 10.23/s
uploaded s3://sagemaker-studio-a5572760/wflike-community-72k/results/rekognition_community_72k.csv
  labels 13100/15642 ok=7373 err=5727 10.22/s
uploaded s3://sagemaker-studio-a5572760/wflike-community-72k/results/rekognition_community_72k.csv
  labels 13125/15642 ok=7398 err=5727 10.21/s
uploaded s3://sagemaker-studio-a5572760/wflike-community-72k/results/rekognition_community_72k.csv
  labels 13150/15642 ok=7423 err=5727 10.20/s
uploaded s3://sagemaker-studio-a5572760/wflike-community-72k/results/rekognition_community_72k.csv
  labels 13175/15642 ok=7448 err=5727 10.19/s
uploaded s3://sagemaker-studio-a5572760/wflike-community-72k/results/rekognition_community_72k.csv
  labels 13200/15642 ok=7473 err=5727 10.18/s
uploaded s3://sagemaker-studio-a5572760/wflike-community-72k/results/rekognition_community_72k.csv
  labels 13225/15642 ok=7498 err=5727 10.17/s
uploaded s3://sagemaker-studio-a5572760/wflike-community-72k/results/rekognition_community_72k.csv
  labels 13250/15642 ok=7523 err=5727 10.16/s
uploaded s3://sagemaker-studio-a5572760/wflike-community-72k/results/rekognition_community_72k.csv
  labels 13275/15642 ok=7548 err=5727 10.15/s
uploaded s3://sagemaker-studio-a5572760/wflike-community-72k/results/rekognition_community_72k.csv
  labels 13300/15642 ok=7573 err=5727 10.14/s
uploaded s3://sagemaker-studio-a5572760/wflike-community-72k/results/rekognition_community_72k.csv
  labels 13325/15642 ok=7598 err=5727 10.14/s
uploaded s3://sagemaker-studio-a5572760/wflike-community-72k/results/rekognition_community_72k.csv
  labels 13350/15642 ok=7623 err=5727 10.13/s
uploaded s3://sagemaker-studio-a5572760/wflike-community-72k/results/rekognition_community_72k.csv
  labels 13375/15642 ok=7648 err=5727 10.12/s
uploaded s3://sagemaker-studio-a5572760/wflike-community-72k/results/rekognition_community_72k.csv
  labels 13400/15642 ok=7673 err=5727 10.11/s
uploaded s3://sagemaker-studio-a5572760/wflike-community-72k/results/rekognition_community_72k.csv
  labels 13425/15642 ok=7698 err=5727 10.10/s
uploaded s3://sagemaker-studio-a5572760/wflike-community-72k/results/rekognition_community_72k.csv
  labels 13450/15642 ok=7723 err=5727 10.09/s
uploaded s3://sagemaker-studio-a5572760/wflike-community-72k/results/rekognition_community_72k.csv
  labels 13475/15642 ok=7748 err=5727 10.08/s
uploaded s3://sagemaker-studio-a5572760/wflike-community-72k/results/rekognition_community_72k.csv
  labels 13500/15642 ok=7773 err=5727 10.07/s
uploaded s3://sagemaker-studio-a5572760/wflike-community-72k/results/rekognition_community_72k.csv
  labels 13525/15642 ok=7798 err=5727 10.06/s
uploaded s3://sagemaker-studio-a5572760/wflike-community-72k/results/rekognition_community_72k.csv
  labels 13550/15642 ok=7823 err=5727 10.06/s
uploaded s3://sagemaker-studio-a5572760/wflike-community-72k/results/rekognition_community_72k.csv
  labels 13575/15642 ok=7848 err=5727 10.05/s
uploaded s3://sagemaker-studio-a5572760/wflike-community-72k/results/rekognition_community_72k.csv
  labels 13600/15642 ok=7873 err=5727 10.04/s
uploaded s3://sagemaker-studio-a5572760/wflike-community-72k/results/rekognition_community_72k.csv
  labels 13625/15642 ok=7898 err=5727 10.02/s
uploaded s3://sagemaker-studio-a5572760/wflike-community-72k/results/rekognition_community_72k.csv
  labels 13650/15642 ok=7923 err=5727 10.01/s
[periodic-sync 01:15:01]
uploaded s3://sagemaker-studio-a5572760/wflike-community-72k/results/rekognition_community_72k.csv
  labels 13675/15642 ok=7948 err=5727 10.00/s
uploaded s3://sagemaker-studio-a5572760/wflike-community-72k/results/rekognition_community_72k.csv
  labels 13700/15642 ok=7973 err=5727 10.00/s
uploaded s3://sagemaker-studio-a5572760/wflike-community-72k/results/rekognition_community_72k.csv
  labels 13725/15642 ok=7998 err=5727 9.99/s
uploaded s3://sagemaker-studio-a5572760/wflike-community-72k/results/rekognition_community_72k.csv
  labels 13750/15642 ok=8023 err=5727 9.98/s
uploaded s3://sagemaker-studio-a5572760/wflike-community-72k/results/rekognition_community_72k.csv
  labels 13775/15642 ok=8048 err=5727 9.97/s
uploaded s3://sagemaker-studio-a5572760/wflike-community-72k/results/rekognition_community_72k.csv
  labels 13800/15642 ok=8073 err=5727 9.96/s
uploaded s3://sagemaker-studio-a5572760/wflike-community-72k/results/rekognition_community_72k.csv
  labels 13825/15642 ok=8098 err=5727 9.95/s
uploaded s3://sagemaker-studio-a5572760/wflike-community-72k/results/rekognition_community_72k.csv
  labels 13850/15642 ok=8123 err=5727 9.94/s
uploaded s3://sagemaker-studio-a5572760/wflike-community-72k/results/rekognition_community_72k.csv
  labels 13875/15642 ok=8148 err=5727 9.94/s
uploaded s3://sagemaker-studio-a5572760/wflike-community-72k/results/rekognition_community_72k.csv
  labels 13900/15642 ok=8173 err=5727 9.93/s
uploaded s3://sagemaker-studio-a5572760/wflike-community-72k/results/rekognition_community_72k.csv
  labels 13925/15642 ok=8198 err=5727 9.92/s
uploaded s3://sagemaker-studio-a5572760/wflike-community-72k/results/rekognition_community_72k.csv
  labels 13950/15642 ok=8223 err=5727 9.91/s
uploaded s3://sagemaker-studio-a5572760/wflike-community-72k/results/rekognition_community_72k.csv
  labels 13975/15642 ok=8248 err=5727 9.90/s
uploaded s3://sagemaker-studio-a5572760/wflike-community-72k/results/rekognition_community_72k.csv
  labels 14000/15642 ok=8273 err=5727 9.90/s
uploaded s3://sagemaker-studio-a5572760/wflike-community-72k/results/rekognition_community_72k.csv
  labels 14025/15642 ok=8298 err=5727 9.89/s
uploaded s3://sagemaker-studio-a5572760/wflike-community-72k/results/rekognition_community_72k.csv
  labels 14050/15642 ok=8323 err=5727 9.88/s
uploaded s3://sagemaker-studio-a5572760/wflike-community-72k/results/rekognition_community_72k.csv
  labels 14075/15642 ok=8348 err=5727 9.87/s
uploaded s3://sagemaker-studio-a5572760/wflike-community-72k/results/rekognition_community_72k.csv
  labels 14100/15642 ok=8373 err=5727 9.86/s
uploaded s3://sagemaker-studio-a5572760/wflike-community-72k/results/rekognition_community_72k.csv
  labels 14125/15642 ok=8398 err=5727 9.86/s
uploaded s3://sagemaker-studio-a5572760/wflike-community-72k/results/rekognition_community_72k.csv
  labels 14150/15642 ok=8423 err=5727 9.85/s
uploaded s3://sagemaker-studio-a5572760/wflike-community-72k/results/rekognition_community_72k.csv
  labels 14175/15642 ok=8448 err=5727 9.84/s
uploaded s3://sagemaker-studio-a5572760/wflike-community-72k/results/rekognition_community_72k.csv
  labels 14200/15642 ok=8473 err=5727 9.83/s
uploaded s3://sagemaker-studio-a5572760/wflike-community-72k/results/rekognition_community_72k.csv
  labels 14225/15642 ok=8498 err=5727 9.83/s
uploaded s3://sagemaker-studio-a5572760/wflike-community-72k/results/rekognition_community_72k.csv
  labels 14250/15642 ok=8523 err=5727 9.82/s
uploaded s3://sagemaker-studio-a5572760/wflike-community-72k/results/rekognition_community_72k.csv
  labels 14275/15642 ok=8548 err=5727 9.81/s
uploaded s3://sagemaker-studio-a5572760/wflike-community-72k/results/rekognition_community_72k.csv
  labels 14300/15642 ok=8573 err=5727 9.80/s
uploaded s3://sagemaker-studio-a5572760/wflike-community-72k/results/rekognition_community_72k.csv
  labels 14325/15642 ok=8598 err=5727 9.79/s
uploaded s3://sagemaker-studio-a5572760/wflike-community-72k/results/rekognition_community_72k.csv
  labels 14350/15642 ok=8623 err=5727 9.79/s
uploaded s3://sagemaker-studio-a5572760/wflike-community-72k/results/rekognition_community_72k.csv
  labels 14375/15642 ok=8648 err=5727 9.78/s
uploaded s3://sagemaker-studio-a5572760/wflike-community-72k/results/rekognition_community_72k.csv
  labels 14400/15642 ok=8673 err=5727 9.78/s
uploaded s3://sagemaker-studio-a5572760/wflike-community-72k/results/rekognition_community_72k.csv
  labels 14425/15642 ok=8698 err=5727 9.77/s
uploaded s3://sagemaker-studio-a5572760/wflike-community-72k/results/rekognition_community_72k.csv
  labels 14450/15642 ok=8723 err=5727 9.76/s
uploaded s3://sagemaker-studio-a5572760/wflike-community-72k/results/rekognition_community_72k.csv
  labels 14475/15642 ok=8748 err=5727 9.75/s
[periodic-sync 01:17:03]
uploaded s3://sagemaker-studio-a5572760/wflike-community-72k/results/rekognition_community_72k.csv
  labels 14500/15642 ok=8773 err=5727 9.74/s
uploaded s3://sagemaker-studio-a5572760/wflike-community-72k/results/rekognition_community_72k.csv
  labels 14525/15642 ok=8798 err=5727 9.73/s
uploaded s3://sagemaker-studio-a5572760/wflike-community-72k/results/rekognition_community_72k.csv
  labels 14550/15642 ok=8823 err=5727 9.73/s
uploaded s3://sagemaker-studio-a5572760/wflike-community-72k/results/rekognition_community_72k.csv
  labels 14575/15642 ok=8848 err=5727 9.72/s
uploaded s3://sagemaker-studio-a5572760/wflike-community-72k/results/rekognition_community_72k.csv
  labels 14600/15642 ok=8873 err=5727 9.71/s
uploaded s3://sagemaker-studio-a5572760/wflike-community-72k/results/rekognition_community_72k.csv
  labels 14625/15642 ok=8898 err=5727 9.71/s
uploaded s3://sagemaker-studio-a5572760/wflike-community-72k/results/rekognition_community_72k.csv
  labels 14650/15642 ok=8923 err=5727 9.70/s
uploaded s3://sagemaker-studio-a5572760/wflike-community-72k/results/rekognition_community_72k.csv
  labels 14675/15642 ok=8948 err=5727 9.69/s
uploaded s3://sagemaker-studio-a5572760/wflike-community-72k/results/rekognition_community_72k.csv
  labels 14700/15642 ok=8973 err=5727 9.69/s
uploaded s3://sagemaker-studio-a5572760/wflike-community-72k/results/rekognition_community_72k.csv
  labels 14725/15642 ok=8998 err=5727 9.68/s
uploaded s3://sagemaker-studio-a5572760/wflike-community-72k/results/rekognition_community_72k.csv
  labels 14750/15642 ok=9023 err=5727 9.67/s
uploaded s3://sagemaker-studio-a5572760/wflike-community-72k/results/rekognition_community_72k.csv
  labels 14775/15642 ok=9048 err=5727 9.67/s
uploaded s3://sagemaker-studio-a5572760/wflike-community-72k/results/rekognition_community_72k.csv
  labels 14800/15642 ok=9073 err=5727 9.66/s
uploaded s3://sagemaker-studio-a5572760/wflike-community-72k/results/rekognition_community_72k.csv
  labels 14825/15642 ok=9098 err=5727 9.65/s
uploaded s3://sagemaker-studio-a5572760/wflike-community-72k/results/rekognition_community_72k.csv
  labels 14850/15642 ok=9123 err=5727 9.65/s
uploaded s3://sagemaker-studio-a5572760/wflike-community-72k/results/rekognition_community_72k.csv
  labels 14875/15642 ok=9148 err=5727 9.64/s
uploaded s3://sagemaker-studio-a5572760/wflike-community-72k/results/rekognition_community_72k.csv
  labels 14900/15642 ok=9173 err=5727 9.64/s
uploaded s3://sagemaker-studio-a5572760/wflike-community-72k/results/rekognition_community_72k.csv
  labels 14925/15642 ok=9198 err=5727 9.63/s
uploaded s3://sagemaker-studio-a5572760/wflike-community-72k/results/rekognition_community_72k.csv
  labels 14950/15642 ok=9223 err=5727 9.62/s
uploaded s3://sagemaker-studio-a5572760/wflike-community-72k/results/rekognition_community_72k.csv
  labels 14975/15642 ok=9248 err=5727 9.62/s
uploaded s3://sagemaker-studio-a5572760/wflike-community-72k/results/rekognition_community_72k.csv
  labels 15000/15642 ok=9273 err=5727 9.61/s
uploaded s3://sagemaker-studio-a5572760/wflike-community-72k/results/rekognition_community_72k.csv
  labels 15025/15642 ok=9298 err=5727 9.60/s
uploaded s3://sagemaker-studio-a5572760/wflike-community-72k/results/rekognition_community_72k.csv
  labels 15050/15642 ok=9323 err=5727 9.60/s
uploaded s3://sagemaker-studio-a5572760/wflike-community-72k/results/rekognition_community_72k.csv
  labels 15075/15642 ok=9348 err=5727 9.59/s
uploaded s3://sagemaker-studio-a5572760/wflike-community-72k/results/rekognition_community_72k.csv
  labels 15100/15642 ok=9373 err=5727 9.58/s
uploaded s3://sagemaker-studio-a5572760/wflike-community-72k/results/rekognition_community_72k.csv
  labels 15125/15642 ok=9398 err=5727 9.58/s
uploaded s3://sagemaker-studio-a5572760/wflike-community-72k/results/rekognition_community_72k.csv
  labels 15150/15642 ok=9423 err=5727 9.57/s
uploaded s3://sagemaker-studio-a5572760/wflike-community-72k/results/rekognition_community_72k.csv
  labels 15175/15642 ok=9448 err=5727 9.56/s
uploaded s3://sagemaker-studio-a5572760/wflike-community-72k/results/rekognition_community_72k.csv
  labels 15200/15642 ok=9473 err=5727 9.56/s
uploaded s3://sagemaker-studio-a5572760/wflike-community-72k/results/rekognition_community_72k.csv
  labels 15225/15642 ok=9498 err=5727 9.55/s
uploaded s3://sagemaker-studio-a5572760/wflike-community-72k/results/rekognition_community_72k.csv
  labels 15250/15642 ok=9523 err=5727 9.55/s
uploaded s3://sagemaker-studio-a5572760/wflike-community-72k/results/rekognition_community_72k.csv
  labels 15275/15642 ok=9548 err=5727 9.54/s
uploaded s3://sagemaker-studio-a5572760/wflike-community-72k/results/rekognition_community_72k.csv
  labels 15300/15642 ok=9573 err=5727 9.53/s
[periodic-sync 01:19:05]
uploaded s3://sagemaker-studio-a5572760/wflike-community-72k/results/rekognition_community_72k.csv
  labels 15325/15642 ok=9598 err=5727 9.53/s
uploaded s3://sagemaker-studio-a5572760/wflike-community-72k/results/rekognition_community_72k.csv
  labels 15350/15642 ok=9623 err=5727 9.52/s
uploaded s3://sagemaker-studio-a5572760/wflike-community-72k/results/rekognition_community_72k.csv
  labels 15375/15642 ok=9648 err=5727 9.51/s
uploaded s3://sagemaker-studio-a5572760/wflike-community-72k/results/rekognition_community_72k.csv
  labels 15400/15642 ok=9673 err=5727 9.51/s
uploaded s3://sagemaker-studio-a5572760/wflike-community-72k/results/rekognition_community_72k.csv
  labels 15425/15642 ok=9698 err=5727 9.50/s
uploaded s3://sagemaker-studio-a5572760/wflike-community-72k/results/rekognition_community_72k.csv
  labels 15450/15642 ok=9723 err=5727 9.50/s
uploaded s3://sagemaker-studio-a5572760/wflike-community-72k/results/rekognition_community_72k.csv
  labels 15475/15642 ok=9748 err=5727 9.49/s
uploaded s3://sagemaker-studio-a5572760/wflike-community-72k/results/rekognition_community_72k.csv
  labels 15500/15642 ok=9773 err=5727 9.49/s
uploaded s3://sagemaker-studio-a5572760/wflike-community-72k/results/rekognition_community_72k.csv
  labels 15525/15642 ok=9798 err=5727 9.48/s
uploaded s3://sagemaker-studio-a5572760/wflike-community-72k/results/rekognition_community_72k.csv
  labels 15550/15642 ok=9823 err=5727 9.47/s
uploaded s3://sagemaker-studio-a5572760/wflike-community-72k/results/rekognition_community_72k.csv
  labels 15575/15642 ok=9848 err=5727 9.47/s
uploaded s3://sagemaker-studio-a5572760/wflike-community-72k/results/rekognition_community_72k.csv
  labels 15600/15642 ok=9873 err=5727 9.46/s
uploaded s3://sagemaker-studio-a5572760/wflike-community-72k/results/rekognition_community_72k.csv
  labels 15625/15642 ok=9898 err=5727 9.45/s
uploaded s3://sagemaker-studio-a5572760/wflike-community-72k/results/rekognition_community_72k.csv
  labels 15642/15642 ok=9915 err=5727 9.45/s
uploaded s3://sagemaker-studio-a5572760/wflike-community-72k/results/rekognition_community_72k.csv
detecttext phase: skip=49,462 done=0 todo=15,645 workers=10
uploaded s3://sagemaker-studio-a5572760/wflike-community-72k/results/detecttext_community_72k.csv
  detecttext 25/15645 ok=25 err=0 9.27/s
uploaded s3://sagemaker-studio-a5572760/wflike-community-72k/results/detecttext_community_72k.csv
  detecttext 50/15645 ok=50 err=0 10.25/s
uploaded s3://sagemaker-studio-a5572760/wflike-community-72k/results/detecttext_community_72k.csv
  detecttext 75/15645 ok=75 err=0 10.74/s
uploaded s3://sagemaker-studio-a5572760/wflike-community-72k/results/detecttext_community_72k.csv
  detecttext 100/15645 ok=100 err=0 11.20/s
uploaded s3://sagemaker-studio-a5572760/wflike-community-72k/results/detecttext_community_72k.csv
  detecttext 125/15645 ok=125 err=0 11.35/s
uploaded s3://sagemaker-studio-a5572760/wflike-community-72k/results/detecttext_community_72k.csv
  detecttext 150/15645 ok=150 err=0 11.58/s
uploaded s3://sagemaker-studio-a5572760/wflike-community-72k/results/detecttext_community_72k.csv
  detecttext 175/15645 ok=175 err=0 11.53/s
uploaded s3://sagemaker-studio-a5572760/wflike-community-72k/results/detecttext_community_72k.csv
  detecttext 200/15645 ok=200 err=0 11.78/s
uploaded s3://sagemaker-studio-a5572760/wflike-community-72k/results/detecttext_community_72k.csv
  detecttext 225/15645 ok=225 err=0 11.78/s
uploaded s3://sagemaker-studio-a5572760/wflike-community-72k/results/detecttext_community_72k.csv
  detecttext 250/15645 ok=250 err=0 11.73/s
uploaded s3://sagemaker-studio-a5572760/wflike-community-72k/results/detecttext_community_72k.csv
  detecttext 275/15645 ok=275 err=0 11.94/s
uploaded s3://sagemaker-studio-a5572760/wflike-community-72k/results/detecttext_community_72k.csv
  detecttext 300/15645 ok=300 err=0 11.89/s
uploaded s3://sagemaker-studio-a5572760/wflike-community-72k/results/detecttext_community_72k.csv
  detecttext 325/15645 ok=325 err=0 11.92/s
uploaded s3://sagemaker-studio-a5572760/wflike-community-72k/results/detecttext_community_72k.csv
  detecttext 350/15645 ok=350 err=0 12.01/s
uploaded s3://sagemaker-studio-a5572760/wflike-community-72k/results/detecttext_community_72k.csv
  detecttext 375/15645 ok=375 err=0 12.01/s
uploaded s3://sagemaker-studio-a5572760/wflike-community-72k/results/detecttext_community_72k.csv
  detecttext 400/15645 ok=400 err=0 12.04/s
uploaded s3://sagemaker-studio-a5572760/wflike-community-72k/results/detecttext_community_72k.csv
  detecttext 425/15645 ok=425 err=0 12.11/s
uploaded s3://sagemaker-studio-a5572760/wflike-community-72k/results/detecttext_community_72k.csv
  detecttext 450/15645 ok=450 err=0 12.12/s
uploaded s3://sagemaker-studio-a5572760/wflike-community-72k/results/detecttext_community_72k.csv
  detecttext 475/15645 ok=475 err=0 12.14/s
uploaded s3://sagemaker-studio-a5572760/wflike-community-72k/results/detecttext_community_72k.csv
  detecttext 500/15645 ok=500 err=0 12.14/s
uploaded s3://sagemaker-studio-a5572760/wflike-community-72k/results/detecttext_community_72k.csv
  detecttext 525/15645 ok=525 err=0 12.18/s
uploaded s3://sagemaker-studio-a5572760/wflike-community-72k/results/detecttext_community_72k.csv
  detecttext 550/15645 ok=550 err=0 12.18/s
uploaded s3://sagemaker-studio-a5572760/wflike-community-72k/results/detecttext_community_72k.csv
  detecttext 575/15645 ok=575 err=0 12.19/s
uploaded s3://sagemaker-studio-a5572760/wflike-community-72k/results/detecttext_community_72k.csv
  detecttext 600/15645 ok=600 err=0 12.24/s
uploaded s3://sagemaker-studio-a5572760/wflike-community-72k/results/detecttext_community_72k.csv
  detecttext 625/15645 ok=625 err=0 12.23/s
uploaded s3://sagemaker-studio-a5572760/wflike-community-72k/results/detecttext_community_72k.csv
  detecttext 650/15645 ok=650 err=0 12.12/s
uploaded s3://sagemaker-studio-a5572760/wflike-community-72k/results/detecttext_community_72k.csv
  detecttext 675/15645 ok=675 err=0 12.04/s
uploaded s3://sagemaker-studio-a5572760/wflike-community-72k/results/detecttext_community_72k.csv
  detecttext 700/15645 ok=700 err=0 12.04/s
uploaded s3://sagemaker-studio-a5572760/wflike-community-72k/results/detecttext_community_72k.csv
  detecttext 725/15645 ok=725 err=0 12.03/s
uploaded s3://sagemaker-studio-a5572760/wflike-community-72k/results/detecttext_community_72k.csv
  detecttext 750/15645 ok=750 err=0 12.05/s
[periodic-sync 01:21:06]
uploaded s3://sagemaker-studio-a5572760/wflike-community-72k/results/detecttext_community_72k.csv
  detecttext 775/15645 ok=775 err=0 12.03/s
uploaded s3://sagemaker-studio-a5572760/wflike-community-72k/results/detecttext_community_72k.csv
  detecttext 800/15645 ok=800 err=0 12.03/s
uploaded s3://sagemaker-studio-a5572760/wflike-community-72k/results/detecttext_community_72k.csv
  detecttext 825/15645 ok=825 err=0 12.07/s
uploaded s3://sagemaker-studio-a5572760/wflike-community-72k/results/detecttext_community_72k.csv
  detecttext 850/15645 ok=850 err=0 12.08/s
uploaded s3://sagemaker-studio-a5572760/wflike-community-72k/results/detecttext_community_72k.csv
  detecttext 875/15645 ok=875 err=0 12.08/s
uploaded s3://sagemaker-studio-a5572760/wflike-community-72k/results/detecttext_community_72k.csv
  detecttext 900/15645 ok=900 err=0 12.06/s
uploaded s3://sagemaker-studio-a5572760/wflike-community-72k/results/detecttext_community_72k.csv
  detecttext 925/15645 ok=925 err=0 12.04/s
uploaded s3://sagemaker-studio-a5572760/wflike-community-72k/results/detecttext_community_72k.csv
  detecttext 950/15645 ok=950 err=0 12.09/s
uploaded s3://sagemaker-studio-a5572760/wflike-community-72k/results/detecttext_community_72k.csv
  detecttext 975/15645 ok=975 err=0 12.09/s
uploaded s3://sagemaker-studio-a5572760/wflike-community-72k/results/detecttext_community_72k.csv
  detecttext 1000/15645 ok=1000 err=0 12.06/s
uploaded s3://sagemaker-studio-a5572760/wflike-community-72k/results/detecttext_community_72k.csv
  detecttext 1025/15645 ok=1025 err=0 12.04/s
uploaded s3://sagemaker-studio-a5572760/wflike-community-72k/results/detecttext_community_72k.csv
  detecttext 1050/15645 ok=1050 err=0 12.06/s
uploaded s3://sagemaker-studio-a5572760/wflike-community-72k/results/detecttext_community_72k.csv
  detecttext 1075/15645 ok=1075 err=0 12.00/s
uploaded s3://sagemaker-studio-a5572760/wflike-community-72k/results/detecttext_community_72k.csv
  detecttext 1100/15645 ok=1100 err=0 11.96/s
uploaded s3://sagemaker-studio-a5572760/wflike-community-72k/results/detecttext_community_72k.csv
  detecttext 1125/15645 ok=1125 err=0 11.99/s
uploaded s3://sagemaker-studio-a5572760/wflike-community-72k/results/detecttext_community_72k.csv
  detecttext 1150/15645 ok=1150 err=0 12.00/s
uploaded s3://sagemaker-studio-a5572760/wflike-community-72k/results/detecttext_community_72k.csv
  detecttext 1175/15645 ok=1175 err=0 11.98/s
uploaded s3://sagemaker-studio-a5572760/wflike-community-72k/results/detecttext_community_72k.csv
  detecttext 1200/15645 ok=1200 err=0 11.99/s
uploaded s3://sagemaker-studio-a5572760/wflike-community-72k/results/detecttext_community_72k.csv
  detecttext 1225/15645 ok=1225 err=0 11.98/s
uploaded s3://sagemaker-studio-a5572760/wflike-community-72k/results/detecttext_community_72k.csv
  detecttext 1250/15645 ok=1250 err=0 11.98/s
uploaded s3://sagemaker-studio-a5572760/wflike-community-72k/results/detecttext_community_72k.csv
  detecttext 1275/15645 ok=1275 err=0 11.98/s
uploaded s3://sagemaker-studio-a5572760/wflike-community-72k/results/detecttext_community_72k.csv
  detecttext 1300/15645 ok=1300 err=0 11.94/s
uploaded s3://sagemaker-studio-a5572760/wflike-community-72k/results/detecttext_community_72k.csv
  detecttext 1325/15645 ok=1325 err=0 11.94/s
uploaded s3://sagemaker-studio-a5572760/wflike-community-72k/results/detecttext_community_72k.csv
  detecttext 1350/15645 ok=1350 err=0 11.96/s
uploaded s3://sagemaker-studio-a5572760/wflike-community-72k/results/detecttext_community_72k.csv
  detecttext 1375/15645 ok=1375 err=0 11.95/s
uploaded s3://sagemaker-studio-a5572760/wflike-community-72k/results/detecttext_community_72k.csv
  detecttext 1400/15645 ok=1400 err=0 11.92/s
uploaded s3://sagemaker-studio-a5572760/wflike-community-72k/results/detecttext_community_72k.csv
  detecttext 1425/15645 ok=1425 err=0 11.94/s
uploaded s3://sagemaker-studio-a5572760/wflike-community-72k/results/detecttext_community_72k.csv
  detecttext 1450/15645 ok=1450 err=0 11.94/s
uploaded s3://sagemaker-studio-a5572760/wflike-community-72k/results/detecttext_community_72k.csv
  detecttext 1475/15645 ok=1475 err=0 11.93/s
uploaded s3://sagemaker-studio-a5572760/wflike-community-72k/results/detecttext_community_72k.csv
  detecttext 1500/15645 ok=1500 err=0 11.94/s
uploaded s3://sagemaker-studio-a5572760/wflike-community-72k/results/detecttext_community_72k.csv
  detecttext 1525/15645 ok=1525 err=0 11.91/s
uploaded s3://sagemaker-studio-a5572760/wflike-community-72k/results/detecttext_community_72k.csv
  detecttext 1550/15645 ok=1550 err=0 11.92/s
uploaded s3://sagemaker-studio-a5572760/wflike-community-72k/results/detecttext_community_72k.csv
  detecttext 1575/15645 ok=1575 err=0 11.90/s
uploaded s3://sagemaker-studio-a5572760/wflike-community-72k/results/detecttext_community_72k.csv
  detecttext 1600/15645 ok=1600 err=0 11.89/s
uploaded s3://sagemaker-studio-a5572760/wflike-community-72k/results/detecttext_community_72k.csv
  detecttext 1625/15645 ok=1625 err=0 11.88/s
uploaded s3://sagemaker-studio-a5572760/wflike-community-72k/results/detecttext_community_72k.csv
  detecttext 1650/15645 ok=1650 err=0 11.89/s
uploaded s3://sagemaker-studio-a5572760/wflike-community-72k/results/detecttext_community_72k.csv
  detecttext 1675/15645 ok=1675 err=0 11.90/s
uploaded s3://sagemaker-studio-a5572760/wflike-community-72k/results/detecttext_community_72k.csv
  detecttext 1700/15645 ok=1700 err=0 11.89/s
uploaded s3://sagemaker-studio-a5572760/wflike-community-72k/results/detecttext_community_72k.csv
  detecttext 1725/15645 ok=1725 err=0 11.88/s
uploaded s3://sagemaker-studio-a5572760/wflike-community-72k/results/detecttext_community_72k.csv
  detecttext 1750/15645 ok=1750 err=0 11.87/s
uploaded s3://sagemaker-studio-a5572760/wflike-community-72k/results/detecttext_community_72k.csv
  detecttext 1775/15645 ok=1775 err=0 11.85/s
uploaded s3://sagemaker-studio-a5572760/wflike-community-72k/results/detecttext_community_72k.csv
  detecttext 1800/15645 ok=1800 err=0 11.85/s
uploaded s3://sagemaker-studio-a5572760/wflike-community-72k/results/detecttext_community_72k.csv
  detecttext 1825/15645 ok=1825 err=0 11.87/s
uploaded s3://sagemaker-studio-a5572760/wflike-community-72k/results/detecttext_community_72k.csv
  detecttext 1850/15645 ok=1850 err=0 11.87/s
uploaded s3://sagemaker-studio-a5572760/wflike-community-72k/results/detecttext_community_72k.csv
  detecttext 1875/15645 ok=1875 err=0 11.88/s
uploaded s3://sagemaker-studio-a5572760/wflike-community-72k/results/detecttext_community_72k.csv
  detecttext 1900/15645 ok=1900 err=0 11.87/s
uploaded s3://sagemaker-studio-a5572760/wflike-community-72k/results/detecttext_community_72k.csv
  detecttext 1925/15645 ok=1925 err=0 11.86/s
uploaded s3://sagemaker-studio-a5572760/wflike-community-72k/results/detecttext_community_72k.csv
  detecttext 1950/15645 ok=1950 err=0 11.88/s
uploaded s3://sagemaker-studio-a5572760/wflike-community-72k/results/detecttext_community_72k.csv
  detecttext 1975/15645 ok=1975 err=0 11.88/s
uploaded s3://sagemaker-studio-a5572760/wflike-community-72k/results/detecttext_community_72k.csv
  detecttext 2000/15645 ok=2000 err=0 11.88/s
uploaded s3://sagemaker-studio-a5572760/wflike-community-72k/results/detecttext_community_72k.csv
  detecttext 2025/15645 ok=2025 err=0 11.90/s
uploaded s3://sagemaker-studio-a5572760/wflike-community-72k/results/detecttext_community_72k.csv
  detecttext 2050/15645 ok=2050 err=0 11.91/s
uploaded s3://sagemaker-studio-a5572760/wflike-community-72k/results/detecttext_community_72k.csv
  detecttext 2075/15645 ok=2075 err=0 11.91/s
uploaded s3://sagemaker-studio-a5572760/wflike-community-72k/results/detecttext_community_72k.csv
  detecttext 2100/15645 ok=2100 err=0 11.92/s
uploaded s3://sagemaker-studio-a5572760/wflike-community-72k/results/detecttext_community_72k.csv
  detecttext 2125/15645 ok=2125 err=0 11.91/s
uploaded s3://sagemaker-studio-a5572760/wflike-community-72k/results/detecttext_community_72k.csv
  detecttext 2150/15645 ok=2150 err=0 11.91/s
uploaded s3://sagemaker-studio-a5572760/wflike-community-72k/results/detecttext_community_72k.csv
  detecttext 2175/15645 ok=2175 err=0 11.88/s
[periodic-sync 01:23:08]
uploaded s3://sagemaker-studio-a5572760/wflike-community-72k/results/detecttext_community_72k.csv
  detecttext 2200/15645 ok=2200 err=0 11.86/s
uploaded s3://sagemaker-studio-a5572760/wflike-community-72k/results/detecttext_community_72k.csv
  detecttext 2225/15645 ok=2225 err=0 11.84/s
uploaded s3://sagemaker-studio-a5572760/wflike-community-72k/results/detecttext_community_72k.csv
  detecttext 2250/15645 ok=2250 err=0 11.84/s
uploaded s3://sagemaker-studio-a5572760/wflike-community-72k/results/detecttext_community_72k.csv
  detecttext 2275/15645 ok=2275 err=0 11.85/s
uploaded s3://sagemaker-studio-a5572760/wflike-community-72k/results/detecttext_community_72k.csv
  detecttext 2300/15645 ok=2300 err=0 11.85/s
uploaded s3://sagemaker-studio-a5572760/wflike-community-72k/results/detecttext_community_72k.csv
  detecttext 2325/15645 ok=2325 err=0 11.86/s
uploaded s3://sagemaker-studio-a5572760/wflike-community-72k/results/detecttext_community_72k.csv
  detecttext 2350/15645 ok=2350 err=0 11.87/s
uploaded s3://sagemaker-studio-a5572760/wflike-community-72k/results/detecttext_community_72k.csv
  detecttext 2375/15645 ok=2375 err=0 11.88/s
uploaded s3://sagemaker-studio-a5572760/wflike-community-72k/results/detecttext_community_72k.csv
  detecttext 2400/15645 ok=2400 err=0 11.88/s
uploaded s3://sagemaker-studio-a5572760/wflike-community-72k/results/detecttext_community_72k.csv
  detecttext 2425/15645 ok=2425 err=0 11.87/s
uploaded s3://sagemaker-studio-a5572760/wflike-community-72k/results/detecttext_community_72k.csv
  detecttext 2450/15645 ok=2450 err=0 11.88/s
uploaded s3://sagemaker-studio-a5572760/wflike-community-72k/results/detecttext_community_72k.csv
  detecttext 2475/15645 ok=2475 err=0 11.88/s
uploaded s3://sagemaker-studio-a5572760/wflike-community-72k/results/detecttext_community_72k.csv
  detecttext 2500/15645 ok=2500 err=0 11.87/s
uploaded s3://sagemaker-studio-a5572760/wflike-community-72k/results/detecttext_community_72k.csv
  detecttext 2525/15645 ok=2525 err=0 11.88/s
uploaded s3://sagemaker-studio-a5572760/wflike-community-72k/results/detecttext_community_72k.csv
  detecttext 2550/15645 ok=2550 err=0 11.86/s
uploaded s3://sagemaker-studio-a5572760/wflike-community-72k/results/detecttext_community_72k.csv
  detecttext 2575/15645 ok=2575 err=0 11.85/s
uploaded s3://sagemaker-studio-a5572760/wflike-community-72k/results/detecttext_community_72k.csv
  detecttext 2600/15645 ok=2600 err=0 11.85/s
uploaded s3://sagemaker-studio-a5572760/wflike-community-72k/results/detecttext_community_72k.csv
  detecttext 2625/15645 ok=2625 err=0 11.87/s
uploaded s3://sagemaker-studio-a5572760/wflike-community-72k/results/detecttext_community_72k.csv
  detecttext 2650/15645 ok=2650 err=0 11.87/s
uploaded s3://sagemaker-studio-a5572760/wflike-community-72k/results/detecttext_community_72k.csv
  detecttext 2675/15645 ok=2675 err=0 11.87/s
uploaded s3://sagemaker-studio-a5572760/wflike-community-72k/results/detecttext_community_72k.csv
  detecttext 2700/15645 ok=2700 err=0 11.86/s
uploaded s3://sagemaker-studio-a5572760/wflike-community-72k/results/detecttext_community_72k.csv
  detecttext 2725/15645 ok=2725 err=0 11.87/s
uploaded s3://sagemaker-studio-a5572760/wflike-community-72k/results/detecttext_community_72k.csv
  detecttext 2750/15645 ok=2750 err=0 11.86/s
uploaded s3://sagemaker-studio-a5572760/wflike-community-72k/results/detecttext_community_72k.csv
  detecttext 2775/15645 ok=2775 err=0 11.86/s
uploaded s3://sagemaker-studio-a5572760/wflike-community-72k/results/detecttext_community_72k.csv
  detecttext 2800/15645 ok=2800 err=0 11.83/s
uploaded s3://sagemaker-studio-a5572760/wflike-community-72k/results/detecttext_community_72k.csv
  detecttext 2825/15645 ok=2825 err=0 11.83/s
uploaded s3://sagemaker-studio-a5572760/wflike-community-72k/results/detecttext_community_72k.csv
  detecttext 2850/15645 ok=2850 err=0 11.84/s
uploaded s3://sagemaker-studio-a5572760/wflike-community-72k/results/detecttext_community_72k.csv
  detecttext 2875/15645 ok=2875 err=0 11.82/s
uploaded s3://sagemaker-studio-a5572760/wflike-community-72k/results/detecttext_community_72k.csv
  detecttext 2900/15645 ok=2900 err=0 11.83/s
uploaded s3://sagemaker-studio-a5572760/wflike-community-72k/results/detecttext_community_72k.csv
  detecttext 2925/15645 ok=2925 err=0 11.82/s
uploaded s3://sagemaker-studio-a5572760/wflike-community-72k/results/detecttext_community_72k.csv
  detecttext 2950/15645 ok=2950 err=0 11.82/s
uploaded s3://sagemaker-studio-a5572760/wflike-community-72k/results/detecttext_community_72k.csv
  detecttext 2975/15645 ok=2975 err=0 11.83/s
uploaded s3://sagemaker-studio-a5572760/wflike-community-72k/results/detecttext_community_72k.csv
  detecttext 3000/15645 ok=3000 err=0 11.84/s
uploaded s3://sagemaker-studio-a5572760/wflike-community-72k/results/detecttext_community_72k.csv
  detecttext 3025/15645 ok=3025 err=0 11.85/s
uploaded s3://sagemaker-studio-a5572760/wflike-community-72k/results/detecttext_community_72k.csv
  detecttext 3050/15645 ok=3050 err=0 11.86/s
uploaded s3://sagemaker-studio-a5572760/wflike-community-72k/results/detecttext_community_72k.csv
  detecttext 3075/15645 ok=3075 err=0 11.87/s
uploaded s3://sagemaker-studio-a5572760/wflike-community-72k/results/detecttext_community_72k.csv
  detecttext 3100/15645 ok=3100 err=0 11.86/s
uploaded s3://sagemaker-studio-a5572760/wflike-community-72k/results/detecttext_community_72k.csv
  detecttext 3125/15645 ok=3125 err=0 11.86/s
uploaded s3://sagemaker-studio-a5572760/wflike-community-72k/results/detecttext_community_72k.csv
  detecttext 3150/15645 ok=3150 err=0 11.86/s
uploaded s3://sagemaker-studio-a5572760/wflike-community-72k/results/detecttext_community_72k.csv
  detecttext 3175/15645 ok=3175 err=0 11.87/s
uploaded s3://sagemaker-studio-a5572760/wflike-community-72k/results/detecttext_community_72k.csv
  detecttext 3200/15645 ok=3200 err=0 11.88/s
uploaded s3://sagemaker-studio-a5572760/wflike-community-72k/results/detecttext_community_72k.csv
  detecttext 3225/15645 ok=3225 err=0 11.86/s
uploaded s3://sagemaker-studio-a5572760/wflike-community-72k/results/detecttext_community_72k.csv
  detecttext 3250/15645 ok=3250 err=0 11.86/s
uploaded s3://sagemaker-studio-a5572760/wflike-community-72k/results/detecttext_community_72k.csv
  detecttext 3275/15645 ok=3275 err=0 11.85/s
uploaded s3://sagemaker-studio-a5572760/wflike-community-72k/results/detecttext_community_72k.csv
  detecttext 3300/15645 ok=3300 err=0 11.86/s
uploaded s3://sagemaker-studio-a5572760/wflike-community-72k/results/detecttext_community_72k.csv
  detecttext 3325/15645 ok=3325 err=0 11.86/s
uploaded s3://sagemaker-studio-a5572760/wflike-community-72k/results/detecttext_community_72k.csv
  detecttext 3350/15645 ok=3350 err=0 11.86/s
uploaded s3://sagemaker-studio-a5572760/wflike-community-72k/results/detecttext_community_72k.csv
  detecttext 3375/15645 ok=3375 err=0 11.86/s
uploaded s3://sagemaker-studio-a5572760/wflike-community-72k/results/detecttext_community_72k.csv
  detecttext 3400/15645 ok=3400 err=0 11.86/s
uploaded s3://sagemaker-studio-a5572760/wflike-community-72k/results/detecttext_community_72k.csv
  detecttext 3425/15645 ok=3425 err=0 11.87/s
uploaded s3://sagemaker-studio-a5572760/wflike-community-72k/results/detecttext_community_72k.csv
  detecttext 3450/15645 ok=3450 err=0 11.87/s
uploaded s3://sagemaker-studio-a5572760/wflike-community-72k/results/detecttext_community_72k.csv
  detecttext 3475/15645 ok=3475 err=0 11.87/s
uploaded s3://sagemaker-studio-a5572760/wflike-community-72k/results/detecttext_community_72k.csv
  detecttext 3500/15645 ok=3500 err=0 11.87/s
uploaded s3://sagemaker-studio-a5572760/wflike-community-72k/results/detecttext_community_72k.csv
  detecttext 3525/15645 ok=3525 err=0 11.87/s
uploaded s3://sagemaker-studio-a5572760/wflike-community-72k/results/detecttext_community_72k.csv
  detecttext 3550/15645 ok=3550 err=0 11.86/s
uploaded s3://sagemaker-studio-a5572760/wflike-community-72k/results/detecttext_community_72k.csv
  detecttext 3575/15645 ok=3575 err=0 11.86/s
uploaded s3://sagemaker-studio-a5572760/wflike-community-72k/results/detecttext_community_72k.csv
  detecttext 3600/15645 ok=3600 err=0 11.87/s
uploaded s3://sagemaker-studio-a5572760/wflike-community-72k/results/detecttext_community_72k.csv
  detecttext 3625/15645 ok=3625 err=0 11.87/s
[periodic-sync 01:25:10]
uploaded s3://sagemaker-studio-a5572760/wflike-community-72k/results/detecttext_community_72k.csv
  detecttext 3650/15645 ok=3650 err=0 11.86/s
uploaded s3://sagemaker-studio-a5572760/wflike-community-72k/results/detecttext_community_72k.csv
  detecttext 3675/15645 ok=3675 err=0 11.86/s
uploaded s3://sagemaker-studio-a5572760/wflike-community-72k/results/detecttext_community_72k.csv
  detecttext 3700/15645 ok=3700 err=0 11.87/s
uploaded s3://sagemaker-studio-a5572760/wflike-community-72k/results/detecttext_community_72k.csv
  detecttext 3725/15645 ok=3725 err=0 11.87/s
uploaded s3://sagemaker-studio-a5572760/wflike-community-72k/results/detecttext_community_72k.csv
  detecttext 3750/15645 ok=3750 err=0 11.87/s
uploaded s3://sagemaker-studio-a5572760/wflike-community-72k/results/detecttext_community_72k.csv
  detecttext 3775/15645 ok=3775 err=0 11.88/s
uploaded s3://sagemaker-studio-a5572760/wflike-community-72k/results/detecttext_community_72k.csv
  detecttext 3800/15645 ok=3800 err=0 11.86/s
uploaded s3://sagemaker-studio-a5572760/wflike-community-72k/results/detecttext_community_72k.csv
  detecttext 3825/15645 ok=3825 err=0 11.87/s
uploaded s3://sagemaker-studio-a5572760/wflike-community-72k/results/detecttext_community_72k.csv
  detecttext 3850/15645 ok=3850 err=0 11.87/s
uploaded s3://sagemaker-studio-a5572760/wflike-community-72k/results/detecttext_community_72k.csv
  detecttext 3875/15645 ok=3875 err=0 11.87/s
uploaded s3://sagemaker-studio-a5572760/wflike-community-72k/results/detecttext_community_72k.csv
  detecttext 3900/15645 ok=3900 err=0 11.87/s
uploaded s3://sagemaker-studio-a5572760/wflike-community-72k/results/detecttext_community_72k.csv
  detecttext 3925/15645 ok=3925 err=0 11.87/s
uploaded s3://sagemaker-studio-a5572760/wflike-community-72k/results/detecttext_community_72k.csv
  detecttext 3950/15645 ok=3950 err=0 11.88/s
uploaded s3://sagemaker-studio-a5572760/wflike-community-72k/results/detecttext_community_72k.csv
  detecttext 3975/15645 ok=3975 err=0 11.88/s
uploaded s3://sagemaker-studio-a5572760/wflike-community-72k/results/detecttext_community_72k.csv
  detecttext 4000/15645 ok=4000 err=0 11.88/s
uploaded s3://sagemaker-studio-a5572760/wflike-community-72k/results/detecttext_community_72k.csv
  detecttext 4025/15645 ok=4025 err=0 11.89/s
uploaded s3://sagemaker-studio-a5572760/wflike-community-72k/results/detecttext_community_72k.csv
  detecttext 4050/15645 ok=4050 err=0 11.89/s
uploaded s3://sagemaker-studio-a5572760/wflike-community-72k/results/detecttext_community_72k.csv
  detecttext 4075/15645 ok=4075 err=0 11.90/s
uploaded s3://sagemaker-studio-a5572760/wflike-community-72k/results/detecttext_community_72k.csv
  detecttext 4100/15645 ok=4100 err=0 11.90/s
uploaded s3://sagemaker-studio-a5572760/wflike-community-72k/results/detecttext_community_72k.csv
  detecttext 4125/15645 ok=4125 err=0 11.91/s
uploaded s3://sagemaker-studio-a5572760/wflike-community-72k/results/detecttext_community_72k.csv
  detecttext 4150/15645 ok=4150 err=0 11.89/s
uploaded s3://sagemaker-studio-a5572760/wflike-community-72k/results/detecttext_community_72k.csv
  detecttext 4175/15645 ok=4175 err=0 11.89/s
uploaded s3://sagemaker-studio-a5572760/wflike-community-72k/results/detecttext_community_72k.csv
  detecttext 4200/15645 ok=4200 err=0 11.89/s
uploaded s3://sagemaker-studio-a5572760/wflike-community-72k/results/detecttext_community_72k.csv
  detecttext 4225/15645 ok=4225 err=0 11.90/s
uploaded s3://sagemaker-studio-a5572760/wflike-community-72k/results/detecttext_community_72k.csv
  detecttext 4250/15645 ok=4250 err=0 11.90/s
uploaded s3://sagemaker-studio-a5572760/wflike-community-72k/results/detecttext_community_72k.csv
  detecttext 4275/15645 ok=4275 err=0 11.91/s
uploaded s3://sagemaker-studio-a5572760/wflike-community-72k/results/detecttext_community_72k.csv
  detecttext 4300/15645 ok=4300 err=0 11.91/s
uploaded s3://sagemaker-studio-a5572760/wflike-community-72k/results/detecttext_community_72k.csv
  detecttext 4325/15645 ok=4325 err=0 11.90/s
uploaded s3://sagemaker-studio-a5572760/wflike-community-72k/results/detecttext_community_72k.csv
  detecttext 4350/15645 ok=4350 err=0 11.91/s
uploaded s3://sagemaker-studio-a5572760/wflike-community-72k/results/detecttext_community_72k.csv
  detecttext 4375/15645 ok=4375 err=0 11.90/s
uploaded s3://sagemaker-studio-a5572760/wflike-community-72k/results/detecttext_community_72k.csv
  detecttext 4400/15645 ok=4400 err=0 11.89/s
uploaded s3://sagemaker-studio-a5572760/wflike-community-72k/results/detecttext_community_72k.csv
  detecttext 4425/15645 ok=4425 err=0 11.89/s
uploaded s3://sagemaker-studio-a5572760/wflike-community-72k/results/detecttext_community_72k.csv
  detecttext 4450/15645 ok=4450 err=0 11.89/s
uploaded s3://sagemaker-studio-a5572760/wflike-community-72k/results/detecttext_community_72k.csv
  detecttext 4475/15645 ok=4475 err=0 11.89/s
uploaded s3://sagemaker-studio-a5572760/wflike-community-72k/results/detecttext_community_72k.csv
  detecttext 4500/15645 ok=4500 err=0 11.88/s
uploaded s3://sagemaker-studio-a5572760/wflike-community-72k/results/detecttext_community_72k.csv
  detecttext 4525/15645 ok=4525 err=0 11.87/s
uploaded s3://sagemaker-studio-a5572760/wflike-community-72k/results/detecttext_community_72k.csv
  detecttext 4550/15645 ok=4550 err=0 11.87/s
uploaded s3://sagemaker-studio-a5572760/wflike-community-72k/results/detecttext_community_72k.csv
  detecttext 4575/15645 ok=4575 err=0 11.86/s
uploaded s3://sagemaker-studio-a5572760/wflike-community-72k/results/detecttext_community_72k.csv
  detecttext 4600/15645 ok=4600 err=0 11.86/s
uploaded s3://sagemaker-studio-a5572760/wflike-community-72k/results/detecttext_community_72k.csv
  detecttext 4625/15645 ok=4625 err=0 11.86/s
uploaded s3://sagemaker-studio-a5572760/wflike-community-72k/results/detecttext_community_72k.csv
  detecttext 4650/15645 ok=4650 err=0 11.86/s
uploaded s3://sagemaker-studio-a5572760/wflike-community-72k/results/detecttext_community_72k.csv
  detecttext 4675/15645 ok=4675 err=0 11.86/s
uploaded s3://sagemaker-studio-a5572760/wflike-community-72k/results/detecttext_community_72k.csv
  detecttext 4700/15645 ok=4700 err=0 11.86/s
uploaded s3://sagemaker-studio-a5572760/wflike-community-72k/results/detecttext_community_72k.csv
  detecttext 4725/15645 ok=4725 err=0 11.86/s
uploaded s3://sagemaker-studio-a5572760/wflike-community-72k/results/detecttext_community_72k.csv
  detecttext 4750/15645 ok=4750 err=0 11.86/s
uploaded s3://sagemaker-studio-a5572760/wflike-community-72k/results/detecttext_community_72k.csv
  detecttext 4775/15645 ok=4775 err=0 11.86/s
uploaded s3://sagemaker-studio-a5572760/wflike-community-72k/results/detecttext_community_72k.csv
  detecttext 4800/15645 ok=4800 err=0 11.85/s
uploaded s3://sagemaker-studio-a5572760/wflike-community-72k/results/detecttext_community_72k.csv
  detecttext 4825/15645 ok=4825 err=0 11.86/s
uploaded s3://sagemaker-studio-a5572760/wflike-community-72k/results/detecttext_community_72k.csv
  detecttext 4850/15645 ok=4850 err=0 11.86/s
uploaded s3://sagemaker-studio-a5572760/wflike-community-72k/results/detecttext_community_72k.csv
  detecttext 4875/15645 ok=4875 err=0 11.86/s
uploaded s3://sagemaker-studio-a5572760/wflike-community-72k/results/detecttext_community_72k.csv
  detecttext 4900/15645 ok=4900 err=0 11.86/s
uploaded s3://sagemaker-studio-a5572760/wflike-community-72k/results/detecttext_community_72k.csv
  detecttext 4925/15645 ok=4925 err=0 11.86/s
uploaded s3://sagemaker-studio-a5572760/wflike-community-72k/results/detecttext_community_72k.csv
  detecttext 4950/15645 ok=4950 err=0 11.85/s
uploaded s3://sagemaker-studio-a5572760/wflike-community-72k/results/detecttext_community_72k.csv
  detecttext 4975/15645 ok=4975 err=0 11.83/s
uploaded s3://sagemaker-studio-a5572760/wflike-community-72k/results/detecttext_community_72k.csv
  detecttext 5000/15645 ok=5000 err=0 11.82/s
uploaded s3://sagemaker-studio-a5572760/wflike-community-72k/results/detecttext_community_72k.csv
  detecttext 5025/15645 ok=5025 err=0 11.81/s
[periodic-sync 01:27:11]
uploaded s3://sagemaker-studio-a5572760/wflike-community-72k/results/detecttext_community_72k.csv
  detecttext 5050/15645 ok=5050 err=0 11.81/s
uploaded s3://sagemaker-studio-a5572760/wflike-community-72k/results/detecttext_community_72k.csv
  detecttext 5075/15645 ok=5075 err=0 11.81/s
uploaded s3://sagemaker-studio-a5572760/wflike-community-72k/results/detecttext_community_72k.csv
  detecttext 5100/15645 ok=5100 err=0 11.79/s
uploaded s3://sagemaker-studio-a5572760/wflike-community-72k/results/detecttext_community_72k.csv
  detecttext 5125/15645 ok=5125 err=0 11.79/s
uploaded s3://sagemaker-studio-a5572760/wflike-community-72k/results/detecttext_community_72k.csv
  detecttext 5150/15645 ok=5150 err=0 11.79/s
uploaded s3://sagemaker-studio-a5572760/wflike-community-72k/results/detecttext_community_72k.csv
  detecttext 5175/15645 ok=5175 err=0 11.79/s
uploaded s3://sagemaker-studio-a5572760/wflike-community-72k/results/detecttext_community_72k.csv
  detecttext 5200/15645 ok=5200 err=0 11.78/s
uploaded s3://sagemaker-studio-a5572760/wflike-community-72k/results/detecttext_community_72k.csv
  detecttext 5225/15645 ok=5225 err=0 11.78/s
uploaded s3://sagemaker-studio-a5572760/wflike-community-72k/results/detecttext_community_72k.csv
  detecttext 5250/15645 ok=5250 err=0 11.77/s
uploaded s3://sagemaker-studio-a5572760/wflike-community-72k/results/detecttext_community_72k.csv
  detecttext 5275/15645 ok=5275 err=0 11.77/s
uploaded s3://sagemaker-studio-a5572760/wflike-community-72k/results/detecttext_community_72k.csv
  detecttext 5300/15645 ok=5300 err=0 11.77/s
uploaded s3://sagemaker-studio-a5572760/wflike-community-72k/results/detecttext_community_72k.csv
  detecttext 5325/15645 ok=5325 err=0 11.77/s
uploaded s3://sagemaker-studio-a5572760/wflike-community-72k/results/detecttext_community_72k.csv
  detecttext 5350/15645 ok=5350 err=0 11.76/s
uploaded s3://sagemaker-studio-a5572760/wflike-community-72k/results/detecttext_community_72k.csv
  detecttext 5375/15645 ok=5375 err=0 11.77/s
uploaded s3://sagemaker-studio-a5572760/wflike-community-72k/results/detecttext_community_72k.csv
  detecttext 5400/15645 ok=5400 err=0 11.76/s
uploaded s3://sagemaker-studio-a5572760/wflike-community-72k/results/detecttext_community_72k.csv
  detecttext 5425/15645 ok=5425 err=0 11.77/s
uploaded s3://sagemaker-studio-a5572760/wflike-community-72k/results/detecttext_community_72k.csv
  detecttext 5450/15645 ok=5450 err=0 11.77/s
uploaded s3://sagemaker-studio-a5572760/wflike-community-72k/results/detecttext_community_72k.csv
  detecttext 5475/15645 ok=5475 err=0 11.76/s
uploaded s3://sagemaker-studio-a5572760/wflike-community-72k/results/detecttext_community_72k.csv
  detecttext 5500/15645 ok=5500 err=0 11.76/s
uploaded s3://sagemaker-studio-a5572760/wflike-community-72k/results/detecttext_community_72k.csv
  detecttext 5525/15645 ok=5525 err=0 11.76/s
uploaded s3://sagemaker-studio-a5572760/wflike-community-72k/results/detecttext_community_72k.csv
  detecttext 5550/15645 ok=5550 err=0 11.76/s
uploaded s3://sagemaker-studio-a5572760/wflike-community-72k/results/detecttext_community_72k.csv
  detecttext 5575/15645 ok=5575 err=0 11.77/s
uploaded s3://sagemaker-studio-a5572760/wflike-community-72k/results/detecttext_community_72k.csv
  detecttext 5600/15645 ok=5600 err=0 11.76/s
uploaded s3://sagemaker-studio-a5572760/wflike-community-72k/results/detecttext_community_72k.csv
  detecttext 5625/15645 ok=5625 err=0 11.76/s
uploaded s3://sagemaker-studio-a5572760/wflike-community-72k/results/detecttext_community_72k.csv
  detecttext 5650/15645 ok=5650 err=0 11.76/s
uploaded s3://sagemaker-studio-a5572760/wflike-community-72k/results/detecttext_community_72k.csv
  detecttext 5675/15645 ok=5675 err=0 11.75/s
uploaded s3://sagemaker-studio-a5572760/wflike-community-72k/results/detecttext_community_72k.csv
  detecttext 5700/15645 ok=5700 err=0 11.75/s
uploaded s3://sagemaker-studio-a5572760/wflike-community-72k/results/detecttext_community_72k.csv
  detecttext 5725/15645 ok=5725 err=0 11.74/s
uploaded s3://sagemaker-studio-a5572760/wflike-community-72k/results/detecttext_community_72k.csv
  detecttext 5750/15645 ok=5750 err=0 11.74/s
uploaded s3://sagemaker-studio-a5572760/wflike-community-72k/results/detecttext_community_72k.csv
  detecttext 5775/15645 ok=5775 err=0 11.74/s
uploaded s3://sagemaker-studio-a5572760/wflike-community-72k/results/detecttext_community_72k.csv
  detecttext 5800/15645 ok=5800 err=0 11.74/s
uploaded s3://sagemaker-studio-a5572760/wflike-community-72k/results/detecttext_community_72k.csv
  detecttext 5825/15645 ok=5825 err=0 11.74/s
uploaded s3://sagemaker-studio-a5572760/wflike-community-72k/results/detecttext_community_72k.csv
  detecttext 5850/15645 ok=5850 err=0 11.74/s
uploaded s3://sagemaker-studio-a5572760/wflike-community-72k/results/detecttext_community_72k.csv
  detecttext 5875/15645 ok=5875 err=0 11.74/s
uploaded s3://sagemaker-studio-a5572760/wflike-community-72k/results/detecttext_community_72k.csv
  detecttext 5900/15645 ok=5900 err=0 11.74/s
uploaded s3://sagemaker-studio-a5572760/wflike-community-72k/results/detecttext_community_72k.csv
  detecttext 5925/15645 ok=5925 err=0 11.75/s
uploaded s3://sagemaker-studio-a5572760/wflike-community-72k/results/detecttext_community_72k.csv
  detecttext 5950/15645 ok=5950 err=0 11.75/s
uploaded s3://sagemaker-studio-a5572760/wflike-community-72k/results/detecttext_community_72k.csv
  detecttext 5975/15645 ok=5975 err=0 11.76/s
uploaded s3://sagemaker-studio-a5572760/wflike-community-72k/results/detecttext_community_72k.csv
  detecttext 6000/15645 ok=6000 err=0 11.76/s
uploaded s3://sagemaker-studio-a5572760/wflike-community-72k/results/detecttext_community_72k.csv
  detecttext 6025/15645 ok=6025 err=0 11.77/s
uploaded s3://sagemaker-studio-a5572760/wflike-community-72k/results/detecttext_community_72k.csv
  detecttext 6050/15645 ok=6050 err=0 11.77/s
uploaded s3://sagemaker-studio-a5572760/wflike-community-72k/results/detecttext_community_72k.csv
  detecttext 6075/15645 ok=6075 err=0 11.77/s
uploaded s3://sagemaker-studio-a5572760/wflike-community-72k/results/detecttext_community_72k.csv
  detecttext 6100/15645 ok=6100 err=0 11.76/s
uploaded s3://sagemaker-studio-a5572760/wflike-community-72k/results/detecttext_community_72k.csv
  detecttext 6125/15645 ok=6125 err=0 11.77/s
uploaded s3://sagemaker-studio-a5572760/wflike-community-72k/results/detecttext_community_72k.csv
  detecttext 6150/15645 ok=6150 err=0 11.76/s
uploaded s3://sagemaker-studio-a5572760/wflike-community-72k/results/detecttext_community_72k.csv
  detecttext 6175/15645 ok=6175 err=0 11.76/s
uploaded s3://sagemaker-studio-a5572760/wflike-community-72k/results/detecttext_community_72k.csv
  detecttext 6200/15645 ok=6200 err=0 11.77/s
uploaded s3://sagemaker-studio-a5572760/wflike-community-72k/results/detecttext_community_72k.csv
  detecttext 6225/15645 ok=6225 err=0 11.78/s
uploaded s3://sagemaker-studio-a5572760/wflike-community-72k/results/detecttext_community_72k.csv
  detecttext 6250/15645 ok=6250 err=0 11.78/s
uploaded s3://sagemaker-studio-a5572760/wflike-community-72k/results/detecttext_community_72k.csv
  detecttext 6275/15645 ok=6275 err=0 11.78/s
uploaded s3://sagemaker-studio-a5572760/wflike-community-72k/results/detecttext_community_72k.csv
  detecttext 6300/15645 ok=6300 err=0 11.78/s
uploaded s3://sagemaker-studio-a5572760/wflike-community-72k/results/detecttext_community_72k.csv
  detecttext 6325/15645 ok=6325 err=0 11.78/s
uploaded s3://sagemaker-studio-a5572760/wflike-community-72k/results/detecttext_community_72k.csv
  detecttext 6350/15645 ok=6350 err=0 11.77/s
uploaded s3://sagemaker-studio-a5572760/wflike-community-72k/results/detecttext_community_72k.csv
  detecttext 6375/15645 ok=6375 err=0 11.78/s
uploaded s3://sagemaker-studio-a5572760/wflike-community-72k/results/detecttext_community_72k.csv
  detecttext 6400/15645 ok=6400 err=0 11.78/s
uploaded s3://sagemaker-studio-a5572760/wflike-community-72k/results/detecttext_community_72k.csv
  detecttext 6425/15645 ok=6425 err=0 11.79/s
uploaded s3://sagemaker-studio-a5572760/wflike-community-72k/results/detecttext_community_72k.csv
  detecttext 6450/15645 ok=6450 err=0 11.78/s
[periodic-sync 01:29:13]
uploaded s3://sagemaker-studio-a5572760/wflike-community-72k/results/detecttext_community_72k.csv
  detecttext 6475/15645 ok=6475 err=0 11.79/s
uploaded s3://sagemaker-studio-a5572760/wflike-community-72k/results/detecttext_community_72k.csv
  detecttext 6500/15645 ok=6500 err=0 11.78/s
uploaded s3://sagemaker-studio-a5572760/wflike-community-72k/results/detecttext_community_72k.csv
  detecttext 6525/15645 ok=6525 err=0 11.79/s
uploaded s3://sagemaker-studio-a5572760/wflike-community-72k/results/detecttext_community_72k.csv
  detecttext 6550/15645 ok=6550 err=0 11.79/s
uploaded s3://sagemaker-studio-a5572760/wflike-community-72k/results/detecttext_community_72k.csv
  detecttext 6575/15645 ok=6575 err=0 11.80/s
uploaded s3://sagemaker-studio-a5572760/wflike-community-72k/results/detecttext_community_72k.csv
  detecttext 6600/15645 ok=6600 err=0 11.80/s
uploaded s3://sagemaker-studio-a5572760/wflike-community-72k/results/detecttext_community_72k.csv
  detecttext 6625/15645 ok=6625 err=0 11.80/s
uploaded s3://sagemaker-studio-a5572760/wflike-community-72k/results/detecttext_community_72k.csv
  detecttext 6650/15645 ok=6650 err=0 11.80/s
uploaded s3://sagemaker-studio-a5572760/wflike-community-72k/results/detecttext_community_72k.csv
  detecttext 6675/15645 ok=6675 err=0 11.81/s
uploaded s3://sagemaker-studio-a5572760/wflike-community-72k/results/detecttext_community_72k.csv
  detecttext 6700/15645 ok=6700 err=0 11.81/s
uploaded s3://sagemaker-studio-a5572760/wflike-community-72k/results/detecttext_community_72k.csv
  detecttext 6725/15645 ok=6725 err=0 11.80/s
uploaded s3://sagemaker-studio-a5572760/wflike-community-72k/results/detecttext_community_72k.csv
  detecttext 6750/15645 ok=6750 err=0 11.80/s
uploaded s3://sagemaker-studio-a5572760/wflike-community-72k/results/detecttext_community_72k.csv
  detecttext 6775/15645 ok=6775 err=0 11.80/s
uploaded s3://sagemaker-studio-a5572760/wflike-community-72k/results/detecttext_community_72k.csv
  detecttext 6800/15645 ok=6800 err=0 11.80/s
uploaded s3://sagemaker-studio-a5572760/wflike-community-72k/results/detecttext_community_72k.csv
  detecttext 6825/15645 ok=6825 err=0 11.80/s
uploaded s3://sagemaker-studio-a5572760/wflike-community-72k/results/detecttext_community_72k.csv
  detecttext 6850/15645 ok=6850 err=0 11.80/s
uploaded s3://sagemaker-studio-a5572760/wflike-community-72k/results/detecttext_community_72k.csv
  detecttext 6875/15645 ok=6875 err=0 11.80/s
uploaded s3://sagemaker-studio-a5572760/wflike-community-72k/results/detecttext_community_72k.csv
  detecttext 6900/15645 ok=6900 err=0 11.80/s
uploaded s3://sagemaker-studio-a5572760/wflike-community-72k/results/detecttext_community_72k.csv
  detecttext 6925/15645 ok=6925 err=0 11.80/s
uploaded s3://sagemaker-studio-a5572760/wflike-community-72k/results/detecttext_community_72k.csv
  detecttext 6950/15645 ok=6950 err=0 11.80/s
uploaded s3://sagemaker-studio-a5572760/wflike-community-72k/results/detecttext_community_72k.csv
  detecttext 6975/15645 ok=6975 err=0 11.80/s
uploaded s3://sagemaker-studio-a5572760/wflike-community-72k/results/detecttext_community_72k.csv
  detecttext 7000/15645 ok=7000 err=0 11.80/s
uploaded s3://sagemaker-studio-a5572760/wflike-community-72k/results/detecttext_community_72k.csv
  detecttext 7025/15645 ok=7025 err=0 11.80/s
uploaded s3://sagemaker-studio-a5572760/wflike-community-72k/results/detecttext_community_72k.csv
  detecttext 7050/15645 ok=7050 err=0 11.79/s
uploaded s3://sagemaker-studio-a5572760/wflike-community-72k/results/detecttext_community_72k.csv
  detecttext 7075/15645 ok=7075 err=0 11.79/s
uploaded s3://sagemaker-studio-a5572760/wflike-community-72k/results/detecttext_community_72k.csv
  detecttext 7100/15645 ok=7100 err=0 11.79/s
uploaded s3://sagemaker-studio-a5572760/wflike-community-72k/results/detecttext_community_72k.csv
  detecttext 7125/15645 ok=7125 err=0 11.79/s
uploaded s3://sagemaker-studio-a5572760/wflike-community-72k/results/detecttext_community_72k.csv
  detecttext 7150/15645 ok=7150 err=0 11.79/s
uploaded s3://sagemaker-studio-a5572760/wflike-community-72k/results/detecttext_community_72k.csv
  detecttext 7175/15645 ok=7175 err=0 11.79/s
uploaded s3://sagemaker-studio-a5572760/wflike-community-72k/results/detecttext_community_72k.csv
  detecttext 7200/15645 ok=7200 err=0 11.79/s
uploaded s3://sagemaker-studio-a5572760/wflike-community-72k/results/detecttext_community_72k.csv
  detecttext 7225/15645 ok=7225 err=0 11.80/s
uploaded s3://sagemaker-studio-a5572760/wflike-community-72k/results/detecttext_community_72k.csv
  detecttext 7250/15645 ok=7250 err=0 11.79/s
uploaded s3://sagemaker-studio-a5572760/wflike-community-72k/results/detecttext_community_72k.csv
  detecttext 7275/15645 ok=7275 err=0 11.79/s
uploaded s3://sagemaker-studio-a5572760/wflike-community-72k/results/detecttext_community_72k.csv
  detecttext 7300/15645 ok=7300 err=0 11.79/s
uploaded s3://sagemaker-studio-a5572760/wflike-community-72k/results/detecttext_community_72k.csv
  detecttext 7325/15645 ok=7325 err=0 11.79/s
uploaded s3://sagemaker-studio-a5572760/wflike-community-72k/results/detecttext_community_72k.csv
  detecttext 7350/15645 ok=7350 err=0 11.80/s
uploaded s3://sagemaker-studio-a5572760/wflike-community-72k/results/detecttext_community_72k.csv
  detecttext 7375/15645 ok=7375 err=0 11.80/s
uploaded s3://sagemaker-studio-a5572760/wflike-community-72k/results/detecttext_community_72k.csv
  detecttext 7400/15645 ok=7400 err=0 11.80/s
uploaded s3://sagemaker-studio-a5572760/wflike-community-72k/results/detecttext_community_72k.csv
  detecttext 7425/15645 ok=7425 err=0 11.80/s
uploaded s3://sagemaker-studio-a5572760/wflike-community-72k/results/detecttext_community_72k.csv
  detecttext 7450/15645 ok=7450 err=0 11.80/s
uploaded s3://sagemaker-studio-a5572760/wflike-community-72k/results/detecttext_community_72k.csv
  detecttext 7475/15645 ok=7475 err=0 11.80/s
uploaded s3://sagemaker-studio-a5572760/wflike-community-72k/results/detecttext_community_72k.csv
  detecttext 7500/15645 ok=7500 err=0 11.80/s
uploaded s3://sagemaker-studio-a5572760/wflike-community-72k/results/detecttext_community_72k.csv
  detecttext 7525/15645 ok=7525 err=0 11.81/s
uploaded s3://sagemaker-studio-a5572760/wflike-community-72k/results/detecttext_community_72k.csv
  detecttext 7550/15645 ok=7550 err=0 11.81/s
uploaded s3://sagemaker-studio-a5572760/wflike-community-72k/results/detecttext_community_72k.csv
  detecttext 7575/15645 ok=7575 err=0 11.81/s
uploaded s3://sagemaker-studio-a5572760/wflike-community-72k/results/detecttext_community_72k.csv
  detecttext 7600/15645 ok=7600 err=0 11.81/s
uploaded s3://sagemaker-studio-a5572760/wflike-community-72k/results/detecttext_community_72k.csv
  detecttext 7625/15645 ok=7625 err=0 11.80/s
uploaded s3://sagemaker-studio-a5572760/wflike-community-72k/results/detecttext_community_72k.csv
  detecttext 7650/15645 ok=7650 err=0 11.80/s
uploaded s3://sagemaker-studio-a5572760/wflike-community-72k/results/detecttext_community_72k.csv
  detecttext 7675/15645 ok=7675 err=0 11.80/s
uploaded s3://sagemaker-studio-a5572760/wflike-community-72k/results/detecttext_community_72k.csv
  detecttext 7700/15645 ok=7700 err=0 11.80/s
uploaded s3://sagemaker-studio-a5572760/wflike-community-72k/results/detecttext_community_72k.csv
  detecttext 7725/15645 ok=7725 err=0 11.79/s
uploaded s3://sagemaker-studio-a5572760/wflike-community-72k/results/detecttext_community_72k.csv
  detecttext 7750/15645 ok=7750 err=0 11.80/s
uploaded s3://sagemaker-studio-a5572760/wflike-community-72k/results/detecttext_community_72k.csv
  detecttext 7775/15645 ok=7775 err=0 11.79/s
uploaded s3://sagemaker-studio-a5572760/wflike-community-72k/results/detecttext_community_72k.csv
  detecttext 7800/15645 ok=7800 err=0 11.79/s
uploaded s3://sagemaker-studio-a5572760/wflike-community-72k/results/detecttext_community_72k.csv
  detecttext 7825/15645 ok=7825 err=0 11.79/s
uploaded s3://sagemaker-studio-a5572760/wflike-community-72k/results/detecttext_community_72k.csv
  detecttext 7850/15645 ok=7850 err=0 11.79/s
uploaded s3://sagemaker-studio-a5572760/wflike-community-72k/results/detecttext_community_72k.csv
  detecttext 7875/15645 ok=7875 err=0 11.79/s
uploaded s3://sagemaker-studio-a5572760/wflike-community-72k/results/detecttext_community_72k.csv
  detecttext 7900/15645 ok=7900 err=0 11.79/s
[periodic-sync 01:31:15]
uploaded s3://sagemaker-studio-a5572760/wflike-community-72k/results/detecttext_community_72k.csv
  detecttext 7925/15645 ok=7925 err=0 11.80/s
uploaded s3://sagemaker-studio-a5572760/wflike-community-72k/results/detecttext_community_72k.csv
  detecttext 7950/15645 ok=7950 err=0 11.80/s
uploaded s3://sagemaker-studio-a5572760/wflike-community-72k/results/detecttext_community_72k.csv
  detecttext 7975/15645 ok=7975 err=0 11.81/s
uploaded s3://sagemaker-studio-a5572760/wflike-community-72k/results/detecttext_community_72k.csv
  detecttext 8000/15645 ok=8000 err=0 11.81/s
uploaded s3://sagemaker-studio-a5572760/wflike-community-72k/results/detecttext_community_72k.csv
  detecttext 8025/15645 ok=8025 err=0 11.81/s
uploaded s3://sagemaker-studio-a5572760/wflike-community-72k/results/detecttext_community_72k.csv
  detecttext 8050/15645 ok=8050 err=0 11.82/s
uploaded s3://sagemaker-studio-a5572760/wflike-community-72k/results/detecttext_community_72k.csv
  detecttext 8075/15645 ok=8075 err=0 11.82/s
uploaded s3://sagemaker-studio-a5572760/wflike-community-72k/results/detecttext_community_72k.csv
  detecttext 8100/15645 ok=8100 err=0 11.82/s
uploaded s3://sagemaker-studio-a5572760/wflike-community-72k/results/detecttext_community_72k.csv
  detecttext 8125/15645 ok=8125 err=0 11.83/s
uploaded s3://sagemaker-studio-a5572760/wflike-community-72k/results/detecttext_community_72k.csv
  detecttext 8150/15645 ok=8150 err=0 11.83/s
uploaded s3://sagemaker-studio-a5572760/wflike-community-72k/results/detecttext_community_72k.csv
  detecttext 8175/15645 ok=8175 err=0 11.83/s
uploaded s3://sagemaker-studio-a5572760/wflike-community-72k/results/detecttext_community_72k.csv
  detecttext 8200/15645 ok=8200 err=0 11.83/s
uploaded s3://sagemaker-studio-a5572760/wflike-community-72k/results/detecttext_community_72k.csv
  detecttext 8225/15645 ok=8225 err=0 11.83/s
uploaded s3://sagemaker-studio-a5572760/wflike-community-72k/results/detecttext_community_72k.csv
  detecttext 8250/15645 ok=8250 err=0 11.82/s
uploaded s3://sagemaker-studio-a5572760/wflike-community-72k/results/detecttext_community_72k.csv
  detecttext 8275/15645 ok=8275 err=0 11.82/s
uploaded s3://sagemaker-studio-a5572760/wflike-community-72k/results/detecttext_community_72k.csv
  detecttext 8300/15645 ok=8300 err=0 11.82/s
uploaded s3://sagemaker-studio-a5572760/wflike-community-72k/results/detecttext_community_72k.csv
  detecttext 8325/15645 ok=8325 err=0 11.82/s
uploaded s3://sagemaker-studio-a5572760/wflike-community-72k/results/detecttext_community_72k.csv
  detecttext 8350/15645 ok=8350 err=0 11.83/s
uploaded s3://sagemaker-studio-a5572760/wflike-community-72k/results/detecttext_community_72k.csv
  detecttext 8375/15645 ok=8375 err=0 11.83/s
uploaded s3://sagemaker-studio-a5572760/wflike-community-72k/results/detecttext_community_72k.csv
  detecttext 8400/15645 ok=8400 err=0 11.83/s
uploaded s3://sagemaker-studio-a5572760/wflike-community-72k/results/detecttext_community_72k.csv
  detecttext 8425/15645 ok=8425 err=0 11.83/s
uploaded s3://sagemaker-studio-a5572760/wflike-community-72k/results/detecttext_community_72k.csv
  detecttext 8450/15645 ok=8450 err=0 11.83/s
uploaded s3://sagemaker-studio-a5572760/wflike-community-72k/results/detecttext_community_72k.csv
  detecttext 8475/15645 ok=8475 err=0 11.83/s
uploaded s3://sagemaker-studio-a5572760/wflike-community-72k/results/detecttext_community_72k.csv
  detecttext 8500/15645 ok=8500 err=0 11.82/s
uploaded s3://sagemaker-studio-a5572760/wflike-community-72k/results/detecttext_community_72k.csv
  detecttext 8525/15645 ok=8525 err=0 11.83/s
uploaded s3://sagemaker-studio-a5572760/wflike-community-72k/results/detecttext_community_72k.csv
  detecttext 8550/15645 ok=8550 err=0 11.83/s
uploaded s3://sagemaker-studio-a5572760/wflike-community-72k/results/detecttext_community_72k.csv
  detecttext 8575/15645 ok=8575 err=0 11.84/s
uploaded s3://sagemaker-studio-a5572760/wflike-community-72k/results/detecttext_community_72k.csv
  detecttext 8600/15645 ok=8600 err=0 11.83/s
uploaded s3://sagemaker-studio-a5572760/wflike-community-72k/results/detecttext_community_72k.csv
  detecttext 8625/15645 ok=8625 err=0 11.84/s
uploaded s3://sagemaker-studio-a5572760/wflike-community-72k/results/detecttext_community_72k.csv
  detecttext 8650/15645 ok=8650 err=0 11.83/s
uploaded s3://sagemaker-studio-a5572760/wflike-community-72k/results/detecttext_community_72k.csv
  detecttext 8675/15645 ok=8675 err=0 11.84/s
uploaded s3://sagemaker-studio-a5572760/wflike-community-72k/results/detecttext_community_72k.csv
  detecttext 8700/15645 ok=8700 err=0 11.84/s
uploaded s3://sagemaker-studio-a5572760/wflike-community-72k/results/detecttext_community_72k.csv
  detecttext 8725/15645 ok=8725 err=0 11.84/s
uploaded s3://sagemaker-studio-a5572760/wflike-community-72k/results/detecttext_community_72k.csv
  detecttext 8750/15645 ok=8750 err=0 11.84/s
uploaded s3://sagemaker-studio-a5572760/wflike-community-72k/results/detecttext_community_72k.csv
  detecttext 8775/15645 ok=8775 err=0 11.85/s
uploaded s3://sagemaker-studio-a5572760/wflike-community-72k/results/detecttext_community_72k.csv
  detecttext 8800/15645 ok=8800 err=0 11.84/s
uploaded s3://sagemaker-studio-a5572760/wflike-community-72k/results/detecttext_community_72k.csv
  detecttext 8825/15645 ok=8825 err=0 11.85/s
uploaded s3://sagemaker-studio-a5572760/wflike-community-72k/results/detecttext_community_72k.csv
  detecttext 8850/15645 ok=8850 err=0 11.85/s
uploaded s3://sagemaker-studio-a5572760/wflike-community-72k/results/detecttext_community_72k.csv
  detecttext 8875/15645 ok=8875 err=0 11.84/s
uploaded s3://sagemaker-studio-a5572760/wflike-community-72k/results/detecttext_community_72k.csv
  detecttext 8900/15645 ok=8900 err=0 11.84/s
uploaded s3://sagemaker-studio-a5572760/wflike-community-72k/results/detecttext_community_72k.csv
  detecttext 8925/15645 ok=8925 err=0 11.84/s
uploaded s3://sagemaker-studio-a5572760/wflike-community-72k/results/detecttext_community_72k.csv
  detecttext 8950/15645 ok=8950 err=0 11.84/s
uploaded s3://sagemaker-studio-a5572760/wflike-community-72k/results/detecttext_community_72k.csv
  detecttext 8975/15645 ok=8975 err=0 11.84/s
uploaded s3://sagemaker-studio-a5572760/wflike-community-72k/results/detecttext_community_72k.csv
  detecttext 9000/15645 ok=9000 err=0 11.84/s
uploaded s3://sagemaker-studio-a5572760/wflike-community-72k/results/detecttext_community_72k.csv
  detecttext 9025/15645 ok=9025 err=0 11.84/s
uploaded s3://sagemaker-studio-a5572760/wflike-community-72k/results/detecttext_community_72k.csv
  detecttext 9050/15645 ok=9050 err=0 11.84/s
uploaded s3://sagemaker-studio-a5572760/wflike-community-72k/results/detecttext_community_72k.csv
  detecttext 9075/15645 ok=9075 err=0 11.83/s
uploaded s3://sagemaker-studio-a5572760/wflike-community-72k/results/detecttext_community_72k.csv
  detecttext 9100/15645 ok=9100 err=0 11.83/s
uploaded s3://sagemaker-studio-a5572760/wflike-community-72k/results/detecttext_community_72k.csv
  detecttext 9125/15645 ok=9125 err=0 11.83/s
uploaded s3://sagemaker-studio-a5572760/wflike-community-72k/results/detecttext_community_72k.csv
  detecttext 9150/15645 ok=9150 err=0 11.82/s
uploaded s3://sagemaker-studio-a5572760/wflike-community-72k/results/detecttext_community_72k.csv
  detecttext 9175/15645 ok=9175 err=0 11.82/s
uploaded s3://sagemaker-studio-a5572760/wflike-community-72k/results/detecttext_community_72k.csv
  detecttext 9200/15645 ok=9200 err=0 11.82/s
uploaded s3://sagemaker-studio-a5572760/wflike-community-72k/results/detecttext_community_72k.csv
  detecttext 9225/15645 ok=9225 err=0 11.82/s
uploaded s3://sagemaker-studio-a5572760/wflike-community-72k/results/detecttext_community_72k.csv
  detecttext 9250/15645 ok=9250 err=0 11.82/s
uploaded s3://sagemaker-studio-a5572760/wflike-community-72k/results/detecttext_community_72k.csv
  detecttext 9275/15645 ok=9275 err=0 11.81/s
uploaded s3://sagemaker-studio-a5572760/wflike-community-72k/results/detecttext_community_72k.csv
  detecttext 9300/15645 ok=9300 err=0 11.81/s
uploaded s3://sagemaker-studio-a5572760/wflike-community-72k/results/detecttext_community_72k.csv
  detecttext 9325/15645 ok=9325 err=0 11.81/s
uploaded s3://sagemaker-studio-a5572760/wflike-community-72k/results/detecttext_community_72k.csv
  detecttext 9350/15645 ok=9350 err=0 11.81/s
[periodic-sync 01:33:16]
uploaded s3://sagemaker-studio-a5572760/wflike-community-72k/results/detecttext_community_72k.csv
  detecttext 9375/15645 ok=9375 err=0 11.81/s
uploaded s3://sagemaker-studio-a5572760/wflike-community-72k/results/detecttext_community_72k.csv
  detecttext 9400/15645 ok=9400 err=0 11.81/s
uploaded s3://sagemaker-studio-a5572760/wflike-community-72k/results/detecttext_community_72k.csv
  detecttext 9425/15645 ok=9425 err=0 11.81/s
uploaded s3://sagemaker-studio-a5572760/wflike-community-72k/results/detecttext_community_72k.csv
  detecttext 9450/15645 ok=9450 err=0 11.80/s
uploaded s3://sagemaker-studio-a5572760/wflike-community-72k/results/detecttext_community_72k.csv
  detecttext 9475/15645 ok=9475 err=0 11.81/s
uploaded s3://sagemaker-studio-a5572760/wflike-community-72k/results/detecttext_community_72k.csv
  detecttext 9500/15645 ok=9500 err=0 11.80/s
uploaded s3://sagemaker-studio-a5572760/wflike-community-72k/results/detecttext_community_72k.csv
  detecttext 9525/15645 ok=9525 err=0 11.80/s
uploaded s3://sagemaker-studio-a5572760/wflike-community-72k/results/detecttext_community_72k.csv
  detecttext 9550/15645 ok=9550 err=0 11.80/s
uploaded s3://sagemaker-studio-a5572760/wflike-community-72k/results/detecttext_community_72k.csv
  detecttext 9575/15645 ok=9575 err=0 11.80/s
uploaded s3://sagemaker-studio-a5572760/wflike-community-72k/results/detecttext_community_72k.csv
  detecttext 9600/15645 ok=9600 err=0 11.80/s
uploaded s3://sagemaker-studio-a5572760/wflike-community-72k/results/detecttext_community_72k.csv
  detecttext 9625/15645 ok=9625 err=0 11.79/s
uploaded s3://sagemaker-studio-a5572760/wflike-community-72k/results/detecttext_community_72k.csv
  detecttext 9650/15645 ok=9650 err=0 11.79/s
uploaded s3://sagemaker-studio-a5572760/wflike-community-72k/results/detecttext_community_72k.csv
  detecttext 9675/15645 ok=9675 err=0 11.79/s
uploaded s3://sagemaker-studio-a5572760/wflike-community-72k/results/detecttext_community_72k.csv
  detecttext 9700/15645 ok=9700 err=0 11.79/s
uploaded s3://sagemaker-studio-a5572760/wflike-community-72k/results/detecttext_community_72k.csv
  detecttext 9725/15645 ok=9725 err=0 11.79/s
uploaded s3://sagemaker-studio-a5572760/wflike-community-72k/results/detecttext_community_72k.csv
  detecttext 9750/15645 ok=9750 err=0 11.78/s
uploaded s3://sagemaker-studio-a5572760/wflike-community-72k/results/detecttext_community_72k.csv
  detecttext 9775/15645 ok=9775 err=0 11.77/s
uploaded s3://sagemaker-studio-a5572760/wflike-community-72k/results/detecttext_community_72k.csv
  detecttext 9800/15645 ok=9800 err=0 11.77/s
uploaded s3://sagemaker-studio-a5572760/wflike-community-72k/results/detecttext_community_72k.csv
  detecttext 9825/15645 ok=9825 err=0 11.77/s
uploaded s3://sagemaker-studio-a5572760/wflike-community-72k/results/detecttext_community_72k.csv
  detecttext 9850/15645 ok=9850 err=0 11.76/s
uploaded s3://sagemaker-studio-a5572760/wflike-community-72k/results/detecttext_community_72k.csv
  detecttext 9875/15645 ok=9875 err=0 11.76/s
uploaded s3://sagemaker-studio-a5572760/wflike-community-72k/results/detecttext_community_72k.csv
  detecttext 9900/15645 ok=9900 err=0 11.77/s
uploaded s3://sagemaker-studio-a5572760/wflike-community-72k/results/detecttext_community_72k.csv
  detecttext 9925/15645 ok=9925 err=0 11.76/s
uploaded s3://sagemaker-studio-a5572760/wflike-community-72k/results/detecttext_community_72k.csv
  detecttext 9950/15645 ok=9950 err=0 11.76/s
uploaded s3://sagemaker-studio-a5572760/wflike-community-72k/results/detecttext_community_72k.csv
  detecttext 9975/15645 ok=9975 err=0 11.76/s
uploaded s3://sagemaker-studio-a5572760/wflike-community-72k/results/detecttext_community_72k.csv
  detecttext 10000/15645 ok=10000 err=0 11.76/s
uploaded s3://sagemaker-studio-a5572760/wflike-community-72k/results/detecttext_community_72k.csv
  detecttext 10025/15645 ok=10025 err=0 11.76/s
uploaded s3://sagemaker-studio-a5572760/wflike-community-72k/results/detecttext_community_72k.csv
  detecttext 10050/15645 ok=10050 err=0 11.76/s
uploaded s3://sagemaker-studio-a5572760/wflike-community-72k/results/detecttext_community_72k.csv
  detecttext 10075/15645 ok=10075 err=0 11.76/s
uploaded s3://sagemaker-studio-a5572760/wflike-community-72k/results/detecttext_community_72k.csv
  detecttext 10100/15645 ok=10100 err=0 11.75/s
uploaded s3://sagemaker-studio-a5572760/wflike-community-72k/results/detecttext_community_72k.csv
  detecttext 10125/15645 ok=10125 err=0 11.76/s
uploaded s3://sagemaker-studio-a5572760/wflike-community-72k/results/detecttext_community_72k.csv
  detecttext 10150/15645 ok=10150 err=0 11.75/s
uploaded s3://sagemaker-studio-a5572760/wflike-community-72k/results/detecttext_community_72k.csv
  detecttext 10175/15645 ok=10175 err=0 11.75/s
uploaded s3://sagemaker-studio-a5572760/wflike-community-72k/results/detecttext_community_72k.csv
  detecttext 10200/15645 ok=10200 err=0 11.75/s
uploaded s3://sagemaker-studio-a5572760/wflike-community-72k/results/detecttext_community_72k.csv
  detecttext 10225/15645 ok=10225 err=0 11.75/s
uploaded s3://sagemaker-studio-a5572760/wflike-community-72k/results/detecttext_community_72k.csv
  detecttext 10250/15645 ok=10250 err=0 11.75/s
uploaded s3://sagemaker-studio-a5572760/wflike-community-72k/results/detecttext_community_72k.csv
  detecttext 10275/15645 ok=10275 err=0 11.74/s
uploaded s3://sagemaker-studio-a5572760/wflike-community-72k/results/detecttext_community_72k.csv
  detecttext 10300/15645 ok=10300 err=0 11.75/s
uploaded s3://sagemaker-studio-a5572760/wflike-community-72k/results/detecttext_community_72k.csv
  detecttext 10325/15645 ok=10325 err=0 11.75/s
uploaded s3://sagemaker-studio-a5572760/wflike-community-72k/results/detecttext_community_72k.csv
  detecttext 10350/15645 ok=10350 err=0 11.75/s
uploaded s3://sagemaker-studio-a5572760/wflike-community-72k/results/detecttext_community_72k.csv
  detecttext 10375/15645 ok=10375 err=0 11.74/s
uploaded s3://sagemaker-studio-a5572760/wflike-community-72k/results/detecttext_community_72k.csv
  detecttext 10400/15645 ok=10400 err=0 11.74/s
uploaded s3://sagemaker-studio-a5572760/wflike-community-72k/results/detecttext_community_72k.csv
  detecttext 10425/15645 ok=10425 err=0 11.74/s
uploaded s3://sagemaker-studio-a5572760/wflike-community-72k/results/detecttext_community_72k.csv
  detecttext 10450/15645 ok=10450 err=0 11.74/s
uploaded s3://sagemaker-studio-a5572760/wflike-community-72k/results/detecttext_community_72k.csv
  detecttext 10475/15645 ok=10475 err=0 11.74/s
uploaded s3://sagemaker-studio-a5572760/wflike-community-72k/results/detecttext_community_72k.csv
  detecttext 10500/15645 ok=10500 err=0 11.74/s
uploaded s3://sagemaker-studio-a5572760/wflike-community-72k/results/detecttext_community_72k.csv
  detecttext 10525/15645 ok=10525 err=0 11.73/s
uploaded s3://sagemaker-studio-a5572760/wflike-community-72k/results/detecttext_community_72k.csv
  detecttext 10550/15645 ok=10550 err=0 11.73/s
uploaded s3://sagemaker-studio-a5572760/wflike-community-72k/results/detecttext_community_72k.csv
  detecttext 10575/15645 ok=10575 err=0 11.72/s
uploaded s3://sagemaker-studio-a5572760/wflike-community-72k/results/detecttext_community_72k.csv
  detecttext 10600/15645 ok=10600 err=0 11.72/s
uploaded s3://sagemaker-studio-a5572760/wflike-community-72k/results/detecttext_community_72k.csv
  detecttext 10625/15645 ok=10625 err=0 11.72/s
uploaded s3://sagemaker-studio-a5572760/wflike-community-72k/results/detecttext_community_72k.csv
  detecttext 10650/15645 ok=10650 err=0 11.72/s
uploaded s3://sagemaker-studio-a5572760/wflike-community-72k/results/detecttext_community_72k.csv
  detecttext 10675/15645 ok=10675 err=0 11.72/s
uploaded s3://sagemaker-studio-a5572760/wflike-community-72k/results/detecttext_community_72k.csv
  detecttext 10700/15645 ok=10700 err=0 11.71/s
[periodic-sync 01:35:18]
uploaded s3://sagemaker-studio-a5572760/wflike-community-72k/results/detecttext_community_72k.csv
  detecttext 10725/15645 ok=10725 err=0 11.70/s
uploaded s3://sagemaker-studio-a5572760/wflike-community-72k/results/detecttext_community_72k.csv
  detecttext 10750/15645 ok=10750 err=0 11.70/s
uploaded s3://sagemaker-studio-a5572760/wflike-community-72k/results/detecttext_community_72k.csv
  detecttext 10775/15645 ok=10775 err=0 11.70/s
uploaded s3://sagemaker-studio-a5572760/wflike-community-72k/results/detecttext_community_72k.csv
  detecttext 10800/15645 ok=10800 err=0 11.70/s
uploaded s3://sagemaker-studio-a5572760/wflike-community-72k/results/detecttext_community_72k.csv
  detecttext 10825/15645 ok=10825 err=0 11.70/s
uploaded s3://sagemaker-studio-a5572760/wflike-community-72k/results/detecttext_community_72k.csv
  detecttext 10850/15645 ok=10850 err=0 11.69/s
uploaded s3://sagemaker-studio-a5572760/wflike-community-72k/results/detecttext_community_72k.csv
  detecttext 10875/15645 ok=10875 err=0 11.69/s
uploaded s3://sagemaker-studio-a5572760/wflike-community-72k/results/detecttext_community_72k.csv
  detecttext 10900/15645 ok=10900 err=0 11.69/s
uploaded s3://sagemaker-studio-a5572760/wflike-community-72k/results/detecttext_community_72k.csv
  detecttext 10925/15645 ok=10925 err=0 11.69/s
uploaded s3://sagemaker-studio-a5572760/wflike-community-72k/results/detecttext_community_72k.csv
  detecttext 10950/15645 ok=10950 err=0 11.69/s
uploaded s3://sagemaker-studio-a5572760/wflike-community-72k/results/detecttext_community_72k.csv
  detecttext 10975/15645 ok=10975 err=0 11.68/s
uploaded s3://sagemaker-studio-a5572760/wflike-community-72k/results/detecttext_community_72k.csv
  detecttext 11000/15645 ok=11000 err=0 11.68/s
uploaded s3://sagemaker-studio-a5572760/wflike-community-72k/results/detecttext_community_72k.csv
  detecttext 11025/15645 ok=11025 err=0 11.68/s
uploaded s3://sagemaker-studio-a5572760/wflike-community-72k/results/detecttext_community_72k.csv
  detecttext 11050/15645 ok=11050 err=0 11.68/s
uploaded s3://sagemaker-studio-a5572760/wflike-community-72k/results/detecttext_community_72k.csv
  detecttext 11075/15645 ok=11075 err=0 11.67/s
uploaded s3://sagemaker-studio-a5572760/wflike-community-72k/results/detecttext_community_72k.csv
  detecttext 11100/15645 ok=11100 err=0 11.67/s
uploaded s3://sagemaker-studio-a5572760/wflike-community-72k/results/detecttext_community_72k.csv
  detecttext 11125/15645 ok=11125 err=0 11.67/s
uploaded s3://sagemaker-studio-a5572760/wflike-community-72k/results/detecttext_community_72k.csv
  detecttext 11150/15645 ok=11150 err=0 11.66/s
uploaded s3://sagemaker-studio-a5572760/wflike-community-72k/results/detecttext_community_72k.csv
  detecttext 11175/15645 ok=11175 err=0 11.67/s
uploaded s3://sagemaker-studio-a5572760/wflike-community-72k/results/detecttext_community_72k.csv
  detecttext 11200/15645 ok=11200 err=0 11.67/s
uploaded s3://sagemaker-studio-a5572760/wflike-community-72k/results/detecttext_community_72k.csv
  detecttext 11225/15645 ok=11225 err=0 11.67/s
uploaded s3://sagemaker-studio-a5572760/wflike-community-72k/results/detecttext_community_72k.csv
  detecttext 11250/15645 ok=11250 err=0 11.66/s
uploaded s3://sagemaker-studio-a5572760/wflike-community-72k/results/detecttext_community_72k.csv
  detecttext 11275/15645 ok=11275 err=0 11.66/s
uploaded s3://sagemaker-studio-a5572760/wflike-community-72k/results/detecttext_community_72k.csv
  detecttext 11300/15645 ok=11300 err=0 11.66/s
uploaded s3://sagemaker-studio-a5572760/wflike-community-72k/results/detecttext_community_72k.csv
  detecttext 11325/15645 ok=11325 err=0 11.66/s
uploaded s3://sagemaker-studio-a5572760/wflike-community-72k/results/detecttext_community_72k.csv
  detecttext 11350/15645 ok=11350 err=0 11.66/s
uploaded s3://sagemaker-studio-a5572760/wflike-community-72k/results/detecttext_community_72k.csv
  detecttext 11375/15645 ok=11375 err=0 11.65/s
uploaded s3://sagemaker-studio-a5572760/wflike-community-72k/results/detecttext_community_72k.csv
  detecttext 11400/15645 ok=11400 err=0 11.65/s
uploaded s3://sagemaker-studio-a5572760/wflike-community-72k/results/detecttext_community_72k.csv
  detecttext 11425/15645 ok=11425 err=0 11.65/s
uploaded s3://sagemaker-studio-a5572760/wflike-community-72k/results/detecttext_community_72k.csv
  detecttext 11450/15645 ok=11450 err=0 11.64/s
uploaded s3://sagemaker-studio-a5572760/wflike-community-72k/results/detecttext_community_72k.csv
  detecttext 11475/15645 ok=11475 err=0 11.64/s
uploaded s3://sagemaker-studio-a5572760/wflike-community-72k/results/detecttext_community_72k.csv
  detecttext 11500/15645 ok=11500 err=0 11.64/s
uploaded s3://sagemaker-studio-a5572760/wflike-community-72k/results/detecttext_community_72k.csv
  detecttext 11525/15645 ok=11525 err=0 11.64/s
uploaded s3://sagemaker-studio-a5572760/wflike-community-72k/results/detecttext_community_72k.csv
  detecttext 11550/15645 ok=11550 err=0 11.64/s
uploaded s3://sagemaker-studio-a5572760/wflike-community-72k/results/detecttext_community_72k.csv
  detecttext 11575/15645 ok=11575 err=0 11.64/s
uploaded s3://sagemaker-studio-a5572760/wflike-community-72k/results/detecttext_community_72k.csv
  detecttext 11600/15645 ok=11600 err=0 11.64/s
uploaded s3://sagemaker-studio-a5572760/wflike-community-72k/results/detecttext_community_72k.csv
  detecttext 11625/15645 ok=11625 err=0 11.64/s
uploaded s3://sagemaker-studio-a5572760/wflike-community-72k/results/detecttext_community_72k.csv
  detecttext 11650/15645 ok=11650 err=0 11.63/s
uploaded s3://sagemaker-studio-a5572760/wflike-community-72k/results/detecttext_community_72k.csv
  detecttext 11675/15645 ok=11675 err=0 11.63/s
uploaded s3://sagemaker-studio-a5572760/wflike-community-72k/results/detecttext_community_72k.csv
  detecttext 11700/15645 ok=11700 err=0 11.63/s
uploaded s3://sagemaker-studio-a5572760/wflike-community-72k/results/detecttext_community_72k.csv
  detecttext 11725/15645 ok=11725 err=0 11.64/s
uploaded s3://sagemaker-studio-a5572760/wflike-community-72k/results/detecttext_community_72k.csv
  detecttext 11750/15645 ok=11750 err=0 11.63/s
uploaded s3://sagemaker-studio-a5572760/wflike-community-72k/results/detecttext_community_72k.csv
  detecttext 11775/15645 ok=11775 err=0 11.63/s
uploaded s3://sagemaker-studio-a5572760/wflike-community-72k/results/detecttext_community_72k.csv
  detecttext 11800/15645 ok=11800 err=0 11.63/s
uploaded s3://sagemaker-studio-a5572760/wflike-community-72k/results/detecttext_community_72k.csv
  detecttext 11825/15645 ok=11825 err=0 11.63/s
uploaded s3://sagemaker-studio-a5572760/wflike-community-72k/results/detecttext_community_72k.csv
  detecttext 11850/15645 ok=11850 err=0 11.62/s
uploaded s3://sagemaker-studio-a5572760/wflike-community-72k/results/detecttext_community_72k.csv
  detecttext 11875/15645 ok=11875 err=0 11.62/s
uploaded s3://sagemaker-studio-a5572760/wflike-community-72k/results/detecttext_community_72k.csv
  detecttext 11900/15645 ok=11900 err=0 11.62/s
uploaded s3://sagemaker-studio-a5572760/wflike-community-72k/results/detecttext_community_72k.csv
  detecttext 11925/15645 ok=11925 err=0 11.62/s
uploaded s3://sagemaker-studio-a5572760/wflike-community-72k/results/detecttext_community_72k.csv
  detecttext 11950/15645 ok=11950 err=0 11.61/s
uploaded s3://sagemaker-studio-a5572760/wflike-community-72k/results/detecttext_community_72k.csv
  detecttext 11975/15645 ok=11975 err=0 11.61/s
uploaded s3://sagemaker-studio-a5572760/wflike-community-72k/results/detecttext_community_72k.csv
  detecttext 12000/15645 ok=12000 err=0 11.61/s
[periodic-sync 01:37:20]
uploaded s3://sagemaker-studio-a5572760/wflike-community-72k/results/detecttext_community_72k.csv
  detecttext 12025/15645 ok=12025 err=0 11.60/s
uploaded s3://sagemaker-studio-a5572760/wflike-community-72k/results/detecttext_community_72k.csv
  detecttext 12050/15645 ok=12050 err=0 11.60/s
uploaded s3://sagemaker-studio-a5572760/wflike-community-72k/results/detecttext_community_72k.csv
  detecttext 12075/15645 ok=12075 err=0 11.60/s
uploaded s3://sagemaker-studio-a5572760/wflike-community-72k/results/detecttext_community_72k.csv
  detecttext 12100/15645 ok=12100 err=0 11.59/s
uploaded s3://sagemaker-studio-a5572760/wflike-community-72k/results/detecttext_community_72k.csv
  detecttext 12125/15645 ok=12125 err=0 11.59/s
uploaded s3://sagemaker-studio-a5572760/wflike-community-72k/results/detecttext_community_72k.csv
  detecttext 12150/15645 ok=12150 err=0 11.59/s
uploaded s3://sagemaker-studio-a5572760/wflike-community-72k/results/detecttext_community_72k.csv
  detecttext 12175/15645 ok=12175 err=0 11.59/s
uploaded s3://sagemaker-studio-a5572760/wflike-community-72k/results/detecttext_community_72k.csv
  detecttext 12200/15645 ok=12200 err=0 11.59/s
uploaded s3://sagemaker-studio-a5572760/wflike-community-72k/results/detecttext_community_72k.csv
  detecttext 12225/15645 ok=12225 err=0 11.59/s
uploaded s3://sagemaker-studio-a5572760/wflike-community-72k/results/detecttext_community_72k.csv
  detecttext 12250/15645 ok=12250 err=0 11.59/s
uploaded s3://sagemaker-studio-a5572760/wflike-community-72k/results/detecttext_community_72k.csv
  detecttext 12275/15645 ok=12275 err=0 11.59/s
uploaded s3://sagemaker-studio-a5572760/wflike-community-72k/results/detecttext_community_72k.csv
  detecttext 12300/15645 ok=12300 err=0 11.59/s
uploaded s3://sagemaker-studio-a5572760/wflike-community-72k/results/detecttext_community_72k.csv
  detecttext 12325/15645 ok=12325 err=0 11.59/s
uploaded s3://sagemaker-studio-a5572760/wflike-community-72k/results/detecttext_community_72k.csv
  detecttext 12350/15645 ok=12350 err=0 11.59/s
uploaded s3://sagemaker-studio-a5572760/wflike-community-72k/results/detecttext_community_72k.csv
  detecttext 12375/15645 ok=12375 err=0 11.59/s
uploaded s3://sagemaker-studio-a5572760/wflike-community-72k/results/detecttext_community_72k.csv
  detecttext 12400/15645 ok=12400 err=0 11.58/s
uploaded s3://sagemaker-studio-a5572760/wflike-community-72k/results/detecttext_community_72k.csv
  detecttext 12425/15645 ok=12425 err=0 11.58/s
uploaded s3://sagemaker-studio-a5572760/wflike-community-72k/results/detecttext_community_72k.csv
  detecttext 12450/15645 ok=12450 err=0 11.59/s
uploaded s3://sagemaker-studio-a5572760/wflike-community-72k/results/detecttext_community_72k.csv
  detecttext 12475/15645 ok=12475 err=0 11.59/s
uploaded s3://sagemaker-studio-a5572760/wflike-community-72k/results/detecttext_community_72k.csv
  detecttext 12500/15645 ok=12500 err=0 11.58/s
uploaded s3://sagemaker-studio-a5572760/wflike-community-72k/results/detecttext_community_72k.csv
  detecttext 12525/15645 ok=12525 err=0 11.58/s
uploaded s3://sagemaker-studio-a5572760/wflike-community-72k/results/detecttext_community_72k.csv
  detecttext 12550/15645 ok=12550 err=0 11.57/s
uploaded s3://sagemaker-studio-a5572760/wflike-community-72k/results/detecttext_community_72k.csv
  detecttext 12575/15645 ok=12574 err=1 11.57/s
uploaded s3://sagemaker-studio-a5572760/wflike-community-72k/results/detecttext_community_72k.csv
  detecttext 12600/15645 ok=12599 err=1 11.57/s
uploaded s3://sagemaker-studio-a5572760/wflike-community-72k/results/detecttext_community_72k.csv
  detecttext 12625/15645 ok=12624 err=1 11.57/s
uploaded s3://sagemaker-studio-a5572760/wflike-community-72k/results/detecttext_community_72k.csv
  detecttext 12650/15645 ok=12649 err=1 11.57/s
uploaded s3://sagemaker-studio-a5572760/wflike-community-72k/results/detecttext_community_72k.csv
  detecttext 12675/15645 ok=12674 err=1 11.57/s
uploaded s3://sagemaker-studio-a5572760/wflike-community-72k/results/detecttext_community_72k.csv
  detecttext 12700/15645 ok=12699 err=1 11.57/s
uploaded s3://sagemaker-studio-a5572760/wflike-community-72k/results/detecttext_community_72k.csv
  detecttext 12725/15645 ok=12724 err=1 11.57/s
uploaded s3://sagemaker-studio-a5572760/wflike-community-72k/results/detecttext_community_72k.csv
  detecttext 12750/15645 ok=12749 err=1 11.57/s
uploaded s3://sagemaker-studio-a5572760/wflike-community-72k/results/detecttext_community_72k.csv
  detecttext 12775/15645 ok=12774 err=1 11.57/s
uploaded s3://sagemaker-studio-a5572760/wflike-community-72k/results/detecttext_community_72k.csv
  detecttext 12800/15645 ok=12799 err=1 11.57/s
uploaded s3://sagemaker-studio-a5572760/wflike-community-72k/results/detecttext_community_72k.csv
  detecttext 12825/15645 ok=12824 err=1 11.56/s
uploaded s3://sagemaker-studio-a5572760/wflike-community-72k/results/detecttext_community_72k.csv
  detecttext 12850/15645 ok=12849 err=1 11.57/s
uploaded s3://sagemaker-studio-a5572760/wflike-community-72k/results/detecttext_community_72k.csv
  detecttext 12875/15645 ok=12874 err=1 11.56/s
uploaded s3://sagemaker-studio-a5572760/wflike-community-72k/results/detecttext_community_72k.csv
  detecttext 12900/15645 ok=12899 err=1 11.56/s
uploaded s3://sagemaker-studio-a5572760/wflike-community-72k/results/detecttext_community_72k.csv
  detecttext 12925/15645 ok=12924 err=1 11.56/s
uploaded s3://sagemaker-studio-a5572760/wflike-community-72k/results/detecttext_community_72k.csv
  detecttext 12950/15645 ok=12949 err=1 11.56/s
uploaded s3://sagemaker-studio-a5572760/wflike-community-72k/results/detecttext_community_72k.csv
  detecttext 12975/15645 ok=12974 err=1 11.56/s
uploaded s3://sagemaker-studio-a5572760/wflike-community-72k/results/detecttext_community_72k.csv
  detecttext 13000/15645 ok=12999 err=1 11.56/s
uploaded s3://sagemaker-studio-a5572760/wflike-community-72k/results/detecttext_community_72k.csv
  detecttext 13025/15645 ok=13024 err=1 11.55/s
uploaded s3://sagemaker-studio-a5572760/wflike-community-72k/results/detecttext_community_72k.csv
  detecttext 13050/15645 ok=13049 err=1 11.55/s
uploaded s3://sagemaker-studio-a5572760/wflike-community-72k/results/detecttext_community_72k.csv
  detecttext 13075/15645 ok=13074 err=1 11.55/s
uploaded s3://sagemaker-studio-a5572760/wflike-community-72k/results/detecttext_community_72k.csv
  detecttext 13100/15645 ok=13099 err=1 11.54/s
uploaded s3://sagemaker-studio-a5572760/wflike-community-72k/results/detecttext_community_72k.csv
  detecttext 13125/15645 ok=13124 err=1 11.54/s
uploaded s3://sagemaker-studio-a5572760/wflike-community-72k/results/detecttext_community_72k.csv
  detecttext 13150/15645 ok=13149 err=1 11.54/s
uploaded s3://sagemaker-studio-a5572760/wflike-community-72k/results/detecttext_community_72k.csv
  detecttext 13175/15645 ok=13174 err=1 11.53/s
uploaded s3://sagemaker-studio-a5572760/wflike-community-72k/results/detecttext_community_72k.csv
  detecttext 13200/15645 ok=13199 err=1 11.53/s
uploaded s3://sagemaker-studio-a5572760/wflike-community-72k/results/detecttext_community_72k.csv
  detecttext 13225/15645 ok=13224 err=1 11.53/s
uploaded s3://sagemaker-studio-a5572760/wflike-community-72k/results/detecttext_community_72k.csv
  detecttext 13250/15645 ok=13249 err=1 11.53/s
uploaded s3://sagemaker-studio-a5572760/wflike-community-72k/results/detecttext_community_72k.csv
  detecttext 13275/15645 ok=13274 err=1 11.53/s
uploaded s3://sagemaker-studio-a5572760/wflike-community-72k/results/detecttext_community_72k.csv
  detecttext 13300/15645 ok=13299 err=1 11.53/s
uploaded s3://sagemaker-studio-a5572760/wflike-community-72k/results/detecttext_community_72k.csv
  detecttext 13325/15645 ok=13324 err=1 11.53/s
[periodic-sync 01:39:21]
uploaded s3://sagemaker-studio-a5572760/wflike-community-72k/results/detecttext_community_72k.csv
  detecttext 13350/15645 ok=13349 err=1 11.52/s
uploaded s3://sagemaker-studio-a5572760/wflike-community-72k/results/detecttext_community_72k.csv
  detecttext 13375/15645 ok=13374 err=1 11.52/s
uploaded s3://sagemaker-studio-a5572760/wflike-community-72k/results/detecttext_community_72k.csv
  detecttext 13400/15645 ok=13399 err=1 11.52/s
uploaded s3://sagemaker-studio-a5572760/wflike-community-72k/results/detecttext_community_72k.csv
  detecttext 13425/15645 ok=13424 err=1 11.52/s
uploaded s3://sagemaker-studio-a5572760/wflike-community-72k/results/detecttext_community_72k.csv
  detecttext 13450/15645 ok=13449 err=1 11.52/s
uploaded s3://sagemaker-studio-a5572760/wflike-community-72k/results/detecttext_community_72k.csv
  detecttext 13475/15645 ok=13474 err=1 11.52/s
uploaded s3://sagemaker-studio-a5572760/wflike-community-72k/results/detecttext_community_72k.csv
  detecttext 13500/15645 ok=13499 err=1 11.52/s
uploaded s3://sagemaker-studio-a5572760/wflike-community-72k/results/detecttext_community_72k.csv
  detecttext 13525/15645 ok=13524 err=1 11.52/s
uploaded s3://sagemaker-studio-a5572760/wflike-community-72k/results/detecttext_community_72k.csv
  detecttext 13550/15645 ok=13549 err=1 11.52/s
uploaded s3://sagemaker-studio-a5572760/wflike-community-72k/results/detecttext_community_72k.csv
  detecttext 13575/15645 ok=13574 err=1 11.52/s
uploaded s3://sagemaker-studio-a5572760/wflike-community-72k/results/detecttext_community_72k.csv
  detecttext 13600/15645 ok=13599 err=1 11.52/s
uploaded s3://sagemaker-studio-a5572760/wflike-community-72k/results/detecttext_community_72k.csv
  detecttext 13625/15645 ok=13624 err=1 11.52/s
uploaded s3://sagemaker-studio-a5572760/wflike-community-72k/results/detecttext_community_72k.csv
  detecttext 13650/15645 ok=13649 err=1 11.51/s
uploaded s3://sagemaker-studio-a5572760/wflike-community-72k/results/detecttext_community_72k.csv
  detecttext 13675/15645 ok=13674 err=1 11.51/s
uploaded s3://sagemaker-studio-a5572760/wflike-community-72k/results/detecttext_community_72k.csv
  detecttext 13700/15645 ok=13699 err=1 11.51/s
uploaded s3://sagemaker-studio-a5572760/wflike-community-72k/results/detecttext_community_72k.csv
  detecttext 13725/15645 ok=13724 err=1 11.51/s
uploaded s3://sagemaker-studio-a5572760/wflike-community-72k/results/detecttext_community_72k.csv
  detecttext 13750/15645 ok=13749 err=1 11.51/s
uploaded s3://sagemaker-studio-a5572760/wflike-community-72k/results/detecttext_community_72k.csv
  detecttext 13775/15645 ok=13774 err=1 11.51/s
uploaded s3://sagemaker-studio-a5572760/wflike-community-72k/results/detecttext_community_72k.csv
  detecttext 13800/15645 ok=13799 err=1 11.51/s
uploaded s3://sagemaker-studio-a5572760/wflike-community-72k/results/detecttext_community_72k.csv
  detecttext 13825/15645 ok=13824 err=1 11.51/s
uploaded s3://sagemaker-studio-a5572760/wflike-community-72k/results/detecttext_community_72k.csv
  detecttext 13850/15645 ok=13849 err=1 11.51/s
uploaded s3://sagemaker-studio-a5572760/wflike-community-72k/results/detecttext_community_72k.csv
  detecttext 13875/15645 ok=13874 err=1 11.51/s
uploaded s3://sagemaker-studio-a5572760/wflike-community-72k/results/detecttext_community_72k.csv
  detecttext 13900/15645 ok=13899 err=1 11.51/s
uploaded s3://sagemaker-studio-a5572760/wflike-community-72k/results/detecttext_community_72k.csv
  detecttext 13925/15645 ok=13924 err=1 11.51/s
uploaded s3://sagemaker-studio-a5572760/wflike-community-72k/results/detecttext_community_72k.csv
  detecttext 13950/15645 ok=13949 err=1 11.51/s
uploaded s3://sagemaker-studio-a5572760/wflike-community-72k/results/detecttext_community_72k.csv
  detecttext 13975/15645 ok=13974 err=1 11.51/s
uploaded s3://sagemaker-studio-a5572760/wflike-community-72k/results/detecttext_community_72k.csv
  detecttext 14000/15645 ok=13999 err=1 11.51/s
uploaded s3://sagemaker-studio-a5572760/wflike-community-72k/results/detecttext_community_72k.csv
  detecttext 14025/15645 ok=14024 err=1 11.51/s
uploaded s3://sagemaker-studio-a5572760/wflike-community-72k/results/detecttext_community_72k.csv
  detecttext 14050/15645 ok=14049 err=1 11.51/s
uploaded s3://sagemaker-studio-a5572760/wflike-community-72k/results/detecttext_community_72k.csv
  detecttext 14075/15645 ok=14074 err=1 11.51/s
uploaded s3://sagemaker-studio-a5572760/wflike-community-72k/results/detecttext_community_72k.csv
  detecttext 14100/15645 ok=14099 err=1 11.51/s
uploaded s3://sagemaker-studio-a5572760/wflike-community-72k/results/detecttext_community_72k.csv
  detecttext 14125/15645 ok=14124 err=1 11.51/s
uploaded s3://sagemaker-studio-a5572760/wflike-community-72k/results/detecttext_community_72k.csv
  detecttext 14150/15645 ok=14149 err=1 11.51/s
uploaded s3://sagemaker-studio-a5572760/wflike-community-72k/results/detecttext_community_72k.csv
  detecttext 14175/15645 ok=14174 err=1 11.51/s
uploaded s3://sagemaker-studio-a5572760/wflike-community-72k/results/detecttext_community_72k.csv
  detecttext 14200/15645 ok=14199 err=1 11.50/s
uploaded s3://sagemaker-studio-a5572760/wflike-community-72k/results/detecttext_community_72k.csv
  detecttext 14225/15645 ok=14224 err=1 11.50/s
uploaded s3://sagemaker-studio-a5572760/wflike-community-72k/results/detecttext_community_72k.csv
  detecttext 14250/15645 ok=14249 err=1 11.50/s
uploaded s3://sagemaker-studio-a5572760/wflike-community-72k/results/detecttext_community_72k.csv
  detecttext 14275/15645 ok=14274 err=1 11.50/s
uploaded s3://sagemaker-studio-a5572760/wflike-community-72k/results/detecttext_community_72k.csv
  detecttext 14300/15645 ok=14299 err=1 11.50/s
uploaded s3://sagemaker-studio-a5572760/wflike-community-72k/results/detecttext_community_72k.csv
  detecttext 14325/15645 ok=14324 err=1 11.50/s
uploaded s3://sagemaker-studio-a5572760/wflike-community-72k/results/detecttext_community_72k.csv
  detecttext 14350/15645 ok=14349 err=1 11.50/s
uploaded s3://sagemaker-studio-a5572760/wflike-community-72k/results/detecttext_community_72k.csv
  detecttext 14375/15645 ok=14374 err=1 11.50/s
uploaded s3://sagemaker-studio-a5572760/wflike-community-72k/results/detecttext_community_72k.csv
  detecttext 14400/15645 ok=14399 err=1 11.50/s
uploaded s3://sagemaker-studio-a5572760/wflike-community-72k/results/detecttext_community_72k.csv
  detecttext 14425/15645 ok=14424 err=1 11.49/s
uploaded s3://sagemaker-studio-a5572760/wflike-community-72k/results/detecttext_community_72k.csv
  detecttext 14450/15645 ok=14449 err=1 11.49/s
uploaded s3://sagemaker-studio-a5572760/wflike-community-72k/results/detecttext_community_72k.csv
  detecttext 14475/15645 ok=14474 err=1 11.49/s
uploaded s3://sagemaker-studio-a5572760/wflike-community-72k/results/detecttext_community_72k.csv
  detecttext 14500/15645 ok=14499 err=1 11.49/s
uploaded s3://sagemaker-studio-a5572760/wflike-community-72k/results/detecttext_community_72k.csv
  detecttext 14525/15645 ok=14524 err=1 11.49/s
uploaded s3://sagemaker-studio-a5572760/wflike-community-72k/results/detecttext_community_72k.csv
  detecttext 14550/15645 ok=14549 err=1 11.49/s
uploaded s3://sagemaker-studio-a5572760/wflike-community-72k/results/detecttext_community_72k.csv
  detecttext 14575/15645 ok=14574 err=1 11.48/s
uploaded s3://sagemaker-studio-a5572760/wflike-community-72k/results/detecttext_community_72k.csv
  detecttext 14600/15645 ok=14599 err=1 11.48/s
uploaded s3://sagemaker-studio-a5572760/wflike-community-72k/results/detecttext_community_72k.csv
  detecttext 14625/15645 ok=14624 err=1 11.48/s
uploaded s3://sagemaker-studio-a5572760/wflike-community-72k/results/detecttext_community_72k.csv
  detecttext 14650/15645 ok=14649 err=1 11.48/s
uploaded s3://sagemaker-studio-a5572760/wflike-community-72k/results/detecttext_community_72k.csv
  detecttext 14675/15645 ok=14674 err=1 11.48/s
[periodic-sync 01:41:23]
uploaded s3://sagemaker-studio-a5572760/wflike-community-72k/results/detecttext_community_72k.csv
  detecttext 14700/15645 ok=14699 err=1 11.48/s
uploaded s3://sagemaker-studio-a5572760/wflike-community-72k/results/detecttext_community_72k.csv
  detecttext 14725/15645 ok=14724 err=1 11.48/s
uploaded s3://sagemaker-studio-a5572760/wflike-community-72k/results/detecttext_community_72k.csv
  detecttext 14750/15645 ok=14749 err=1 11.48/s
uploaded s3://sagemaker-studio-a5572760/wflike-community-72k/results/detecttext_community_72k.csv
  detecttext 14775/15645 ok=14774 err=1 11.48/s
uploaded s3://sagemaker-studio-a5572760/wflike-community-72k/results/detecttext_community_72k.csv
  detecttext 14800/15645 ok=14799 err=1 11.48/s
uploaded s3://sagemaker-studio-a5572760/wflike-community-72k/results/detecttext_community_72k.csv
  detecttext 14825/15645 ok=14824 err=1 11.48/s
uploaded s3://sagemaker-studio-a5572760/wflike-community-72k/results/detecttext_community_72k.csv
  detecttext 14850/15645 ok=14849 err=1 11.48/s
uploaded s3://sagemaker-studio-a5572760/wflike-community-72k/results/detecttext_community_72k.csv
  detecttext 14875/15645 ok=14874 err=1 11.48/s
uploaded s3://sagemaker-studio-a5572760/wflike-community-72k/results/detecttext_community_72k.csv
  detecttext 14900/15645 ok=14899 err=1 11.48/s
uploaded s3://sagemaker-studio-a5572760/wflike-community-72k/results/detecttext_community_72k.csv
  detecttext 14925/15645 ok=14924 err=1 11.48/s
uploaded s3://sagemaker-studio-a5572760/wflike-community-72k/results/detecttext_community_72k.csv
  detecttext 14950/15645 ok=14949 err=1 11.48/s
uploaded s3://sagemaker-studio-a5572760/wflike-community-72k/results/detecttext_community_72k.csv
  detecttext 14975/15645 ok=14974 err=1 11.48/s
uploaded s3://sagemaker-studio-a5572760/wflike-community-72k/results/detecttext_community_72k.csv
  detecttext 15000/15645 ok=14999 err=1 11.48/s
uploaded s3://sagemaker-studio-a5572760/wflike-community-72k/results/detecttext_community_72k.csv
  detecttext 15025/15645 ok=15024 err=1 11.47/s
uploaded s3://sagemaker-studio-a5572760/wflike-community-72k/results/detecttext_community_72k.csv
  detecttext 15050/15645 ok=15049 err=1 11.48/s
uploaded s3://sagemaker-studio-a5572760/wflike-community-72k/results/detecttext_community_72k.csv
  detecttext 15075/15645 ok=15074 err=1 11.47/s
uploaded s3://sagemaker-studio-a5572760/wflike-community-72k/results/detecttext_community_72k.csv
  detecttext 15100/15645 ok=15099 err=1 11.47/s
uploaded s3://sagemaker-studio-a5572760/wflike-community-72k/results/detecttext_community_72k.csv
  detecttext 15125/15645 ok=15124 err=1 11.47/s
uploaded s3://sagemaker-studio-a5572760/wflike-community-72k/results/detecttext_community_72k.csv
  detecttext 15150/15645 ok=15149 err=1 11.47/s
uploaded s3://sagemaker-studio-a5572760/wflike-community-72k/results/detecttext_community_72k.csv
  detecttext 15175/15645 ok=15174 err=1 11.48/s
uploaded s3://sagemaker-studio-a5572760/wflike-community-72k/results/detecttext_community_72k.csv
  detecttext 15200/15645 ok=15199 err=1 11.48/s
uploaded s3://sagemaker-studio-a5572760/wflike-community-72k/results/detecttext_community_72k.csv
  detecttext 15225/15645 ok=15224 err=1 11.48/s
uploaded s3://sagemaker-studio-a5572760/wflike-community-72k/results/detecttext_community_72k.csv
  detecttext 15250/15645 ok=15249 err=1 11.48/s
uploaded s3://sagemaker-studio-a5572760/wflike-community-72k/results/detecttext_community_72k.csv
  detecttext 15275/15645 ok=15274 err=1 11.47/s
uploaded s3://sagemaker-studio-a5572760/wflike-community-72k/results/detecttext_community_72k.csv
  detecttext 15300/15645 ok=15299 err=1 11.48/s
uploaded s3://sagemaker-studio-a5572760/wflike-community-72k/results/detecttext_community_72k.csv
  detecttext 15325/15645 ok=15324 err=1 11.48/s
uploaded s3://sagemaker-studio-a5572760/wflike-community-72k/results/detecttext_community_72k.csv
  detecttext 15350/15645 ok=15349 err=1 11.48/s
uploaded s3://sagemaker-studio-a5572760/wflike-community-72k/results/detecttext_community_72k.csv
  detecttext 15375/15645 ok=15374 err=1 11.48/s
uploaded s3://sagemaker-studio-a5572760/wflike-community-72k/results/detecttext_community_72k.csv
  detecttext 15400/15645 ok=15399 err=1 11.48/s
uploaded s3://sagemaker-studio-a5572760/wflike-community-72k/results/detecttext_community_72k.csv
  detecttext 15425/15645 ok=15424 err=1 11.48/s
uploaded s3://sagemaker-studio-a5572760/wflike-community-72k/results/detecttext_community_72k.csv
  detecttext 15450/15645 ok=15449 err=1 11.48/s
uploaded s3://sagemaker-studio-a5572760/wflike-community-72k/results/detecttext_community_72k.csv
  detecttext 15475/15645 ok=15474 err=1 11.48/s
uploaded s3://sagemaker-studio-a5572760/wflike-community-72k/results/detecttext_community_72k.csv
  detecttext 15500/15645 ok=15499 err=1 11.48/s
uploaded s3://sagemaker-studio-a5572760/wflike-community-72k/results/detecttext_community_72k.csv
  detecttext 15525/15645 ok=15524 err=1 11.48/s
uploaded s3://sagemaker-studio-a5572760/wflike-community-72k/results/detecttext_community_72k.csv
  detecttext 15550/15645 ok=15549 err=1 11.48/s
uploaded s3://sagemaker-studio-a5572760/wflike-community-72k/results/detecttext_community_72k.csv
  detecttext 15575/15645 ok=15574 err=1 11.48/s
uploaded s3://sagemaker-studio-a5572760/wflike-community-72k/results/detecttext_community_72k.csv
  detecttext 15600/15645 ok=15599 err=1 11.47/s
uploaded s3://sagemaker-studio-a5572760/wflike-community-72k/results/detecttext_community_72k.csv
  detecttext 15625/15645 ok=15624 err=1 11.47/s
uploaded s3://sagemaker-studio-a5572760/wflike-community-72k/results/detecttext_community_72k.csv
  detecttext 15645/15645 ok=15644 err=1 11.47/s
uploaded s3://sagemaker-studio-a5572760/wflike-community-72k/results/detecttext_community_72k.csv
ALL PHASES DONE
