17
83
136
138
170
176
214
215
229
234
244
326
348
377
395
440
467
523
539
561
565
571
572
573
578
579
580
588
609
622
628
635
653
663
694
747
755
763
764
765
766
768
779
790
791
793
794
805
806
814
827
831
837
919
923
924
927
928
931
948
964
985
1091
1248
1255
1256
1272
1423
1433
1448
1450
1483
1547
1551
1560
1562
1569
1576
1577
1596
1644
1663
1678
1679
1683
1690
1691
1693
1694
1696
1698
1699
1702
1730
1813
1836
1839
1842
1872
1876
1877
1923
1933
1946
1961
1970
1975
1977
1992
1994
2046
2082
2093
2097
2104
2138
2151
2154
2182
2186
2199
2212
2269
2291
2386
2637
2654
2655
2662
2667
2668
2671
2675
2929
2956
2957
2958
2961
2962
2967
2968
2969
2970
2971
2972
2974
2981
2989
2992
2993
3006
3015
3016
3017
3019
3021
3022
3023
3024
3025
3026
3027
3028
3030
3031
3035
3036
3037
3042
3043
3051
3053
3056
3066
3067
3068
3069
3070
3072
3073
3074
3075
3076
3077
3079
3103
3104
3105
3117
3118
3119
3122
3124
3125
3127
3144
3145
3146
3147
3149
3151
3152
3159
3160
3162
3163
3164
3165
3166
3199
3201
3202
3203
3204
3205
3206
3208
3209
3210
3214
3215
3216
3217
3218
3290
3305
3306
3345
3346
3347
3349
3350
3402
3409
3410
3412
3413
3416
3417
3477
3481
3483
3484
3485
3486
3488
3490
3511
3560
3561
3574
3575
3579
3581
3593
3597
3600
3602
3603
3699
3700
3763
3980
4229
4231
4232
4233
4234
4237
4238
4240
4241
4242
4283
4284
4288
4289
4290
4325
4337
4365
4368
4439
4443
4457
4488
4494
4513
4552
4567
4627
4722
4858
4879
4883
4961
4970
5060
5067
5072
5161
5237
5247
5333
5336
5421
5424
5425
5434
5470
5481
5483
5485
5486
5489
5620
5634
5657
5675
5680
5719
5730
5733
5734
5735
5751
5752
5755
5759
5763
5796
5842
5844
5845
5846
5857
5876
5898
5956
6069
6114
6123
6147
6171
6174
6217
6222
6312
6404
6466
6488
6498
6537
6552
6591
6793
6917
6933
6948
6974
6976
7006
7011
7091
7092
7131
7178
7180
7181
7182
7216
7219
7282
7292
7340
7341
7342
7392
7454
7513
7737
7866
7978
7988
8077
8078
8090
8316
8329
8332
8398
8408
8413
8461
8464
8555
8617
8643
8689
8690
8691
8692
8766
8769
8771
8814
8843
8851
8852
8869
8875
8913
8914
8922
8968
8973
8983
8991
8997
9003
9009
9011
9017
9022
9030
9033
9035
9042
9059
9060
9064
9077
9092
9095
9100
9102
9272
9276
9286
9299
9306
9348
9357
9358
9360
9362
9373
9374
9378
9392
9406
9411
9412
9423
9424
9426
9431
9439
9456
9457
9463
9529
9532
9533
9538
9539
9540
9542
9544
9552
9568
9592
9599
9608
9616
9638
9639
9640
9645
9656
9666
9669
9674
9677
9678
9680
9682
9694
9696
9706
9707
9708
9711
9725
9728
9730
9731
9755
9756
9782
9783
9792
9793
9796
9814
9825
9827
9841
9847
9871
9877
9885
9890
9898
9902
9913
9935
9937
9938
9940
9945
9946
9949
9954
9964
9966
9976
9980
9984
9987
9997
10004
10007
10008
10011
10012
10014
10016
10031
10041
10042
10053
10055
10062
10063
10065
10066
10069
10070
10072
10075
10076
10085
10086
10088
10089
10092
10093
10094
10095
10100
10113
10114
10121
10124
10127
10131
10160
10163
10166
10175
10177
10185
10205
10206
10212
10213
10216
10225
10226
10234
10242
10250
10251
10253
10255
10256
10263
10272
10280
10281
10283
10285
10288
10292
10294
10299
10304
10306
10307
10320
10331
10336
10342
10344
10349
10351
10359
10361
10370
10375
10383
10384
10389
10391
10395
10432
10444
10489
10492
10493
10496
10513
10542
10552
10558
10576
10577
10578
10579
10585
10586
10593
10605
10657
10664
10665
10676
10692
10695
10702
10706
10722
10725
10726
10727
10728
10730
10766
10768
10776
10779
10781
10785
10787
10790
10823
10824
10829
10832
10836
10838
10842
10845
10854
10873
10885
10891
10894
10900
10906
10925
10929
10943
10961
10972
10973
10980
10984
10987
10988
11015
11026
11033
11056
11058
11059
11069
11071
11075
11082
11096
11124
11125
11126
11133
11152
11167
11186
11187
11206
11217
11223
11226
11237
11246
11249
11252
11281
11284
11298
11303
11309
11336
11342
11345
11347
11348
11351
11357
11361
11366
11376
11377
11380
11415
11417
11427
11428
11429
11442
11449
11454
11460
11470
11481
11482
11494
11495
11503
11508
11510
11525
11531
11542
11547
11549
11569
11586
11587
11591
11594
11596
11601
11607
11618
11623
11629
11654
11655
11662
11669
11675
11683
11717
11772
11773
11786
11791
11797
11804
11811
11815
11822
11838
11850
11868
11879
11880
11905
11906
11908
11910
11917
11926
11927
11932
11954
11974
11979
11980
12095
12110
12122
12128
12135
12142
12158
12171
12175
12176
12192
12205
12212
12216
12223
12237
12238
12262
12272
12416
12476
12483
12484
12485
12487
12495
12517
12521
12525
12526
12532
12550
12561
12576
12583
12587
12590
12591
12594
12597
12601
12602
12611
12617
12619
12653
12662
12674
12677
12682
12683
12685
12699
12700
12702
12707
12718
12720
12724
12759
12791
12903
13006
13008
13009
13013
13022
13025
13059
13094
13106
13121
13122
13151
13186
13190
13204
13207
13220
13254
13256
13276
13309
13310
13312
13319
13340
13402
13429
13436
13465
13474
13489
13492
13510
13511
13515
13546
13548
13549
13550
13553
13555
13556
13557
13559
13561
13564
13566
13567
13568
13569
13570
13581
13613
13648
13666
13742
13762
13784
13788
13797
13803
13812
13826
13828
13848
13849
13885
13903
13934
13937
13945
13946
13954
13964
14001
14005
14021
14025
14029
14033
14098
14122
14125
14126
14138
14143
14145
14147
14157
14192
14209
14211
14212
14217
14219
14223
14228
14229
14235
14237
14240
14248
14254
14255
14282
14353
14372
14397
14409
14417
14435
14440
14451
14456
14457
14458
14459
14472
14510
14549
14564
14604
14605
14660
14686
14730
14745
14795
14814
14833
14838
14853
14862
14863
14866
14878
14907
14913
14915
14916
14929
14977
14983
15011
15018
15021
15039
15052
15056
15057
15069
15096
15135
15158
15182
15203
15206
15212
15239
15262
15282
15301
15356
15360
15398
15418
15420
15422
15423
15425
15426
15434
15440
15473
15476
15482
15483
15488
15495
15516
15527
15543
15591
15641
15652
15658
15667
15689
15701
15711
15714
15724
15736
15741
15742
15749
15762
15826
15831
15843
15846
15849
15851
15855
15856
15900
15901
15902
15903
15978
15979
15980
15991
15999
16008
16009
16027
16028
16032
16036
16061
16067
16077
16079
16080
16092
16093
16126
16137
16138
16139
16146
16154
16159
16160
16166
16167
16175
16179
16180
16182
16184
16191
16200
16205
16207
16208
16209
16221
16226
16231
16233
16235
16266
16271
16280
16281
16288
16296
16304
16307
16309
16313
16315
16335
16337
16342
16350
16371
16372
16373
16395
16431
16440
16445
16456
16465
16559
16591
16611
16634
16722
16763
16764
16774
16780
16785
16824
16843
16846
16871
16882
16915
16921
16922
16925
16938
16973
17005
17027
17038
17088
17100
17102
17110
17111
17138
17140
17141
17153
17154
17158
17166
17168
17173
17200
17209
17212
17214
17240
17245
17278
17287
17306
17319
17343
17408
17455
17456
17457
17467
17469
17482
17577
17609
17618
17692
17778
17792
17796
17874
17886
17897
17898
17907
17910
17911
17918
17921
17923
17965
17991
17994
18009
18011
18015
18029
18040
18043
18044
18045
18086
18096
18100
18111
18116
18177
18178
18196
18210
18213
18216
18217
18238
18242
18250
18256
18274
18278
18289
18328
18333
18334
18338
18352
18392
18397
18405
18413
18440
18441
18442
18443
18462
18467
18476
18477
18496
18498
18502
18505
18547
18556
18557
18573
18616
18632
18634
18676
18724
18726
18742
18754
18759
18773
18775
18779
18781
18801
18841
18851
18870
18882
18897
18910
18912
18932
18939
18966
18969
18979
18983
18987
18990
18998
19002
19006
19010
19025
19034
19035
19037
19058
19064
19066
19085
19095
19116
19130
19142
19147
19154
19158
19166
19185
19197
19201
19204
19205
19222
19236
19237
19241
19281
19286
19287
19288
19296
19298
19310
19351
19383
19384
19425
19444
19483
19543
19544
19551
19564
19592
19599
19604
19723
19742
19816
19854
19898
19904
19908
19912
19936
19950
19951
19963
19969
19994
20015
20016
20019
20029
20034
20044
20089
20115
20121
20126
20130
20132
20182
20215
20216
20321
20323
20345
20357
20381
20388
20424
20432
20441
20446
20465
20472
20481
20485
20507
20591
20606
20608
20620
20650
20669
20695
20701
20706
20731
20842
20850
20880
20919
20945
20981
21034
21141
21143
21151
21156
21158
21159
21163
21166
21168
21187
21198
21208
21266
21325
21343
21362
21380
21381
21398
21407
21453
21484
21505
21506
21509
21513
21515
21536
21562
21588
21597
21619
21623
21627
21704
21714
21766
21781
21784
21785
21786
21789
21790
21792
21794
21795
21797
21799
21800
21838
21841
21851
21860
21910
21922
21927
21930
21935
21970
22007
22027
22033
22060
22066
22072
22105
22130
22135
22137
22140
22172
22175
22177
22194
22244
22293
22307
22335
22385
22422
22440
22450
22451
22455
22468
22470
22476
22480
22530
22536
22543
22551
22573
22577
22583
22616
22619
22637
22642
22681
22689
22699
22718
22727
22731
22741
22745
22749
22758
22804
22822
22856
22894
22899
22970
23014
23045
23104
23122
23125
23127
23173
23174
23202
23220
23281
23293
23327
23382
23389
23410
23437
23439
23506
23508
23515
23530
23532
23622
23683
23688
23691
23692
23730
23761
23793
23823
23827
23857
23936
23963
23966
23985
23988
24001
24007
24038
24045
24056
24075
24090
24091
24092
24094
24097
24098
24099
24103
24104
24106
24116
24124
24126
24127
24132
24133
24150
24175
24194
24196
24198
24212
24246
24274
24330
24331
24341
24392
24409
24417
24421
24452
24498
24499
24505
24555
24580
24605
24632
24634
24643
24648
24649
24655
24674
24683
24702
24716
24740
24745
24777
24778
24789
24796
24799
24808
24821
24829
24831
24836
24837
24862
24868
24874
24877
24907
24913
24916
24919
24920
24921
24922
24923
24924
24925
24927
24928
24929
24935
24939
24944
24947
24948
24952
24963
24995
24996
25018
25028
25033
25035
25060
25061
25066
25073
25086
25088
25103
25119
25133
25145
25151
25155
25170
25172
25234
25237
25239
25241
25272
25319
25329
25377
25395
25422
25438
25479
25508
25533
25537
25543
25557
25573
25574
25579
25597
25623
25625
25627
25693
25712
25713
25714
25715
25727
25730
25742
25744
25748
25749
25750
25751
25752
25753
25754
25756
25762
25769
25809
25834
25853
25854
25870
25874
25875
25886
25920
25944
25967
25974
25976
25983
25993
25998
26015
26040
26042
26144
26162
26178
26198
26208
26215
26230
26233
26240
26245
26278
26301
26334
26342
26369
26439
26450
26466
26472
26480
26482
26499
26503
26504
26515
26517
26521
26554
26558
26587
26588
26631
26639
26656
26661
26675
26676
26677
26678
26679
26680
26687
26688
26690
26693
26702
26703
26722
26772
26774
26811
26854
26857
26860
26865
26882
26894
26901
26912
26914
26921
26922
26923
26924
26925
26932
26943
26946
26953
26954
26956
26957
26958
26959
26960
26961
26962
26974
27003
27009
27028
27057
27070
27084
27115
27116
27118
27122
27130
27134
27135
27144
27150
27174
27179
27207
27214
27226
27227
27230
27231
27232
27234
27240
27244
27250
27253
27255
27258
27259
27267
27272
27274
27276
27284
27285
27289
27296
27297
27300
27303
27313
27316
27318
27320
27324
27326
27327
27328
27336
27345
27346
27351
27358
27361
27370
27374
27381
27386
27387
27389
27390
27392
27393
27395
27398
27400
27401
27405
27406
27407
27409
27410
27411
27412
27413
27414
27416
27417
27420
27423
27425
27428
27429
27431
27436
27439
27442
27452
27463
27466
27467
27468
27471
27473
27474
27475
27476
27477
27478
27479
27481
27482
27483
27485
27486
27487
27489
27492
27495
27496
27497
27498
27499
27500
27501
27502
27503
27508
27512
27513
27517
27519
27522
27524
27527
27528
27529
27532
27533
27535
27537
27538
27541
27542
27545
27546
27547
27548
27552
27553
27555
27557
27558
27559
27562
27564
27566
27588
27601
27603
27607
27611
27612
27613
27614
27617
27618
27619
27623
27625
27627
27630
27632
27636
27642
27643
27646
27647
27648
27649
27651
27652
27654
27657
27662
27663
27664
27669
27671
27672
27674
27675
27677
27680
27682
27684
27685
27687
27688
27689
27690
27691
27692
27694
27695
27696
27697
27699
27700
27701
27703
27706
27708
27710
27711
27712
27713
27714
27717
27720
27723
27726
27727
27728
27729
27730
27731
27733
27734
27736
27739
27740
27741
27742
27743
27747
27752
27753
27755
27758
27760
27762
27763
27764
27766
27767
27769
27770
27771
27772
27773
27774
27778
27779
27782
27783
27784
27785
27788
27789
27791
27792
27796
27798
27800
27802
27803
27807
27808
27809
27810
27812
27813
27814
27815
27816
27818
27819
27825
27826
27829
27830
27831
27832
27836
27840
27843
27844
27846
27848
27851
27852
27853
27855
27856
27860
27877
27878
27879
27880
27881
27882
27886
27891
27892
27895
27905
27909
27916
27918
27941
27951
27970
28035
28036
28037
28038
28040
28041
28043
28046
28048
28049
28050
28051
28055
28058
28061
28063
28064
28067
28068
28070
28071
28072
28073
28076
28077
28079
28080
28081
28082
28083
28084
28087
28090
28096
28098
28103
28108
28109
28111
28113
28114
28127
28128
28129
28142
28143
28146
28147
28148
28153
28155
28156
28159
28160
28161
28163
28165
28168
28169
28170
28172
28173
28177
28180
28181
28182
28183
28184
28185
28186
28188
28189
28191
28196
28197
28198
28223
28224
28228
28229
28230
28231
28232
28234
28235
28237
28242
28248
28260
28261
28262
28264
28265
28266
28269
28271
28274
28277
28279
28283
28287
28294
28295
28298
28300
28305
28309
28310
28312
28314
28316
28317
28318
28319
28324
28325
28327
28336
28337
28338
28340
28341
28344
28346
28347
28349
28350
28351
28352
28355
28359
28362
28363
28365
28369
28377
28380
28381
28382
28383
28388
28389
28393
28396
28397
28401
28402
28403
28406
28409
28411
28416
28418
28419
28421
28423
28425
28426
28435
28436
28437
28438
28439
28440
28444
28445
28446
28450
28452
28454
28467
28483
28485
28487
28488
28491
28493
28494
28498
28499
28501
28503
28504
28505
28508
28509
28513
28514
28516
28517
28518
28521
28522
28529
28530
28532
28533
28536
28540
28558
28559
28562
28563
28565
28572
28574
28579
28581
28582
28583
28584
28585
28586
28588
28589
28590
28592
28593
28594
28596
28600
28602
28605
28616
28624
28625
28626
28629
28635
28637
28640
28642
28643
28646
28647
28648
28652
28653
28656
28659
28660
28667
28669
28671
28673
28676
28679
28681
28682
28684
28686
28687
28690
28691
28715
28719
28720
28721
28723
28725
28726
28727
28728
28733
28734
28738
28739
28741
28743
28744
28746
28751
28752
28757
28760
28762
28763
28765
28766
28767
28768
28770
28774
28775
28780
28788
28790
28791
28792
28794
28795
28798
28799
28800
28801
28802
28804
28806
28807
28811
28812
28820
28828
28831
28835
28844
28847
28848
28851
28852
28853
28855
28856
28857
28859
28865
28867
28870
28879
28883
28886
28892
28893
28900
28902
28910
28925
28927
28930
28931
28933
28934
28935
28936
28939
28941
28942
28947
28951
28952
28953
28955
28957
28958
28959
28960
28964
28968
29030
29046
29049
29050
29052
29053
29056
29057
29058
29060
29062
29064
29065
29067
29069
29070
29071
29072
29074
29075
29077
29094
29095
29098
29103
29105
29107
29111
29114
29118
29121
29126
29128
29129
29130
29135
29140
29143
29148
29159
29161
29163
29165
29166
29167
29168
29169
29181
29184
29186
29187
29189
29191
29203
29210
29214
29217
29218
29221
29222
29223
29226
29227
29230
29232
29235
29238
29239
29241
29242
29243
29286
29290
29293
29296
29298
29305
29313
29315
29318
29320
29324
29327
29336
29338
29341
29342
29343
29345
29347
29350
29354
29368
29384
29389
29390
29393
29394
29396
29397
29399
29400
29402
29403
29404
29405
29407
29409
29412
29416
29423
29424
29425
29426
29427
29429
29430
29431
29432
29433
29434
29437
29445
29448
29449
29466
29468
29469
29474
29476
29482
29486
29489
29491
29495
29496
29497
29498
29499
29504
29505
29506
29508
29512
29514
29521
29530
29542
29547
29555
29556
29559
29562
29565
29566
29570
29573
29579
29596
29597
29598
29599
29600
29603
29607
29609
29611
29613
29616
29620
29623
29634
29638
29640
29643
29652
29660
29683
29689
29691
29692
29693
29695
29702
29706
29707
29708
29712
29721
29748
29756
29759
29761
29763
29765
29767
29768
29769
29770
29771
29772
29774
29778
29779
29787
29789
29790
29791
29792
29794
29796
29797
29798
29799
29803
29806
29808
29813
29814
29816
29826
29833
29848
29850
29852
29854
29865
29867
29869
29871
29873
29874
29876
29878
29881
29883
29889
29891
29896
29898
29899
29900
29902
29905
29906
29908
29909
29910
29922
29923
29925
29926
29930
29938
29942
29945
29947
29948
29951
29954
29955
29957
29958
29959
29960
29961
29964
29979
29998
30002
30026
30030
30045
30049
30052
30062
30081
30137
30155
30183
30202
30203
30236
30286
30307
30314
30315
30316
30317
30318
30342
30345
30346
30348
30362
30370
30377
30379
30380
30381
30383
30384
30385
30388
30391
30392
30393
30394
30395
30396
30399
30400
30401
30402
30405
30406
30407
30419
30422
30440
30441
30445
30447
30449
30450
30452
30455
30456
30457
30458
30459
30460
30477
30478
30479
30482
30497
30510
30512
30515
30519
30522
30523
30554
30559
30566
30567
30568
30579
30620
30637
30638
30640
30641
30644
30652
30654
30661
30664
30666
30670
30685
30689
30694
30706
30711
30713
30727
30729
30737
30748
30751
30752
30753
30754
30755
30767
30773
30778
30780
30781
30782
30785
30786
30787
30788
30789
30792
30793
30794
30796
30799
30813
30829
30831
30833
30855
30861
30870
30871
30872
30874
30875
30876
30877
30879
30880
30881
30885
30887
30889
30891
30893
30901
30902
30903
30907
30913
30914
30918
30919
30920
30921
30924
30926
30928
30929
30931
30933
30934
30935
30937
30938
30959
30972
30974
30990
30991
30992
30993
30995
30996
30997
31001
31003
31012
31013
31022
31036
31042
31080
31091
31116
31119
31126
31129
31134
31141
31150
31154
31160
31196
31232
31243
31244
31245
31255
31260
31263
31275
31276
31287
31319
31382
31383
31385
31392
31393
31417
31428
31463
31472
31498
31503
31538
31541
31549
31564
31578
31579
31592
31596
31624
31629
31634
31646
31647
31649
31655
31682
31685
31687
31699
31703
31707
31728
31767
31847
31909
31915
31942
31952
31965
31967
31983
31991
31992
32003
32009
32012
32021
32023
32033
32043
32051
32076
32132
32146
32152
32161
32166
32170
32171
32173
32219
32220
32237
32242
32250
32272
32285
32292
32297
32301
32304
32312
32314
32322
32343
32352
32367
32428
32449
32508
32527
32540
32569
32583
32585
32595
32612
32613
32623
32629
32652
32685
32688
32707
32722
32852
32857
32858
32860
32862
32904
32910
32940
32947
32978
32998
33005
33016
33018
33020
33045
33061
33107
33156
33172
33197
33274
33275
33278
33305
33308
33326
33347
33374
33424
33438
33459
33468
33475
33477
33502
33510
33516
33518
33519
33521
33543
33546
33555
33565
33589
33592
33607
33641
33645
33695
33721
33723
33754
33767
33769
33784
33789
33794
33801
33826
33828
33876
33908
33910
33914
33926
33988
33990
34004
34023
34048
34072
34077
34078
34081
34084
34089
34094
34098
34104
34112
34125
34129
34168
34193
34195
34212
34223
34226
34231
34288
34311
34312
34321
34335
34337
34359
34372
34479
34480
34552
34574
34583
34592
34593
34596
34618
34640
34659
34685
34686
34707
34733
34734
34737
34740
34754
34772
34784
34791
34792
34794
34814
34845
34867
34943
34959
34993
34996
35040
35060
35073
35074
35075
35120
35139
35160
35192
35197
35198
35212
35220
35247
35250
35280
35302
35324
35429
35564
35608
35616
35626
35642
35662
35664
35668
35669
35683
35710
35718
35721
35730
35731
35733
35759
35791
35801
35813
35826
35831
35836
35862
35891
35908
35911
35914
35919
35945
35946
35949
35950
35951
35953
35977
35978
35979
35984
35992
36003
36073
36074
36075
36086
36089
36095
36096
36119
36139
36155
36166
36172
36176
36209
36216
36217
36220
36224
36225
36228
36231
36232
36238
36239
36243
36271
36275
36289
36299
36419
36421
36445
36456
36489
36529
36531
36556
36560
36574
36577
36586
36587
36594
36599
36600
36601
36604
36622
36628
36647
36648
36659
36671
36675
36685
36686
36737
36754
36762
36778
36779
36792
36794
36835
36836
36837
36854
36857
36859
36860
36879
36883
36896
36900
36901
36902
36903
36911
36917
36918
36941
36942
36960
36965
36984
36992
37005
37017
37019
37035
37044
37062
37110
37130
37132
37140
37169
37190
37196
37223
37225
37227
37254
37284
37306
37342
37376
37409
37422
37426
37434
37440
37441
37463
37464
37471
37500
37522
37526
37527
37529
37530
37534
37576
37579
37601
37618
37629
37644
37678
37687
37696
37707
37726
37771
37776
37792
37793
37813
37827
37843
37846
37862
37865
37869
37901
37904
37905
37924
37929
37930
37935
37936
37938
37944
37947
37963
37970
37973
37977
37998
38006
38033
38065
38068
38074
38084
38112
38120
38123
38125
38126
38134
38150
38157
38221
38246
38252
38258
38260
38261
38263
38267
38269
38273
38321
38330
38346
38358
38404
38405
38410
38412
38446
38464
38468
38498
38499
38500
38503
38510
38521
38541
38610
38701
38706
38741
38750
38753
38761
38762
38775
38783
38823
38826
38829
38836
38841
38863
38864
38939
38942
38946
38988
38996
39006
39020
39023
39024
39043
39044
39050
39067
39111
39131
39145
39154
39158
39164
39167
39171
39176
39195
39222
39252
39259
39260
39261
39262
39263
39276
39278
39279
39283
39297
39303
39311
39322
39341
39368
39370
39372
39390
39392
39407
39408
39409
39434
39436
39437
39441
39453
39456
39464
39468
39493
39498
39509
39522
39535
39547
39563
39564
39572
39578
39681
39700
39704
39805
39814
39824
39843
39844
39855
39856
39857
39858
39859
39861
39862
39863
39865
39867
39868
39869
39874
39875
39878
39882
39883
39884
39885
39886
39890
39891
39893
39895
39897
39898
39899
39900
39906
39908
39909
39910
39912
39914
39916
39918
39919
39923
39924
39925
39926
39928
39929
39930
39931
39932
39957
39959
39973
39981
39982
39984
39985
39986
39987
39988
39991
39992
39993
39994
39995
39997
39999
40000
40009
40012
40015
40016
40026
40028
40029
40030
40031
40034
40037
40038
40039
40040
40041
40042
40043
40058
40059
40060
40062
40064
40065
40066
40069
40070
40074
40076
40078
40087
40088
40091
40095
40102
40103
40104
40105
40106
40111
40112
40115
40125
40127
40129
40130
40132
40139
40145
40146
40147
40149
40151
40155
40158
40168
40208
40217
40218
40219
40220
40221
40222
40226
40229
40231
40233
40236
40238
40241
40244
40249
40251
40252
40253
40254
40255
40258
40261
40338
40339
40341
40342
40343
40345
40347
40350
40351
40353
40354
40355
40356
40357
40358
40363
40364
40365
40366
40368
40371
40377
40383
40387
40392
40446
40448
40449
40451
40458
40460
40461
40462
40463
40464
40465
40466
40467
40469
40474
40511
40528
40549
40592
40599
40631
40649
40723
40729
40760
40761
40770
40788
40800
40804
40833
40837
40854
40877
40912
40931
40951
40952
40954
40955
40961
40966
40967
40969
40976
40983
41018
41019
41020
41021
41022
41023
41024
41025
41027
41030
41032
41033
41035
41038
41070
41105
41118
41153
41200
41203
41215
41225
41235
41237
41239
41255
41264
41275
41301
41302
41307
41367
41373
41374
41385
41396
41401
41402
41419
41428
41434
41436
41439
41443
41445
41446
41472
41505
41516
41534
41540
41543
41547
41560
41568
41570
41574
41595
41651
41656
41671
41704
41740
41759
41769
41771
41775
41790
41793
41797
41824
41825
41827
41828
41848
41870
41899
41920
41959
41965
41966
41967
41972
42002
42033
42041
42076
42099
42114
42149
42182
42185
42186
42187
42196
42202
42211
42215
42218
42230
42245
42250
42251
42272
42280
42285
42289
42302
42307
42309
42317
42333
42344
42352
42452
42455
42462
42465
42466
42468
42469
42476
42477
42487
42499
42507
42519
42523
42526
42530
42532
42549
42573
42591
42594
42606
42610
42628
42663
42667
42671
42676
42689
42699
42705
42709
42710
42712
42717
42729
42735
42745
42768
42787
42793
42794
42796
42833
42869
42870
42872
42901
42903
42905
42906
42912
42916
42917
42939
42941
42942
42968
42992
42993
42998
43014
43015
43023
43036
43045
43065
43081
43084
43085
43086
43089
43093
43099
43105
43109
43113
43115
43117
43120
43143
43148
43149
43228
43248
43249
43274
43303
43309
43312
43337
43342
43353
43402
43545
43552
43565
43585
43586
43587
43592
43593
43607
43613
43624
43629
43639
43640
43650
43665
43686
43713
43715
43717
43729
43737
43743
43749
43751
43753
43796
43919
43931
43935
43947
43950
44000
44001
44008
44014
44020
44027
44028
44037
44040
44041
44097
44108
44132
44152
44179
44184
44186
44194
44195
44203
44213
44214
44224
44225
44239
44247
44250
44259
44265
44289
44296
44340
44351
44385
44396
44435
44436
44444
44449
44470
44493
44499
44500
44507
44510
44545
44548
44550
44551
44562
44585
44586
44587
44588
44591
44625
44632
44673
44678
44682
44687
44690
44692
44693
44698
44732
44759
44796
44809
44811
44836
44839
44859
44886
44909
44914
44930
44932
44935
44936
44950
44954
44960
44971
45009
45017
45031
45052
45065
45097
45101
45102
45233
45270
45273
45322
45347
45359
45384
45397
45431
45452
45453
45474
45480
45501
45511
45527
45551
45577
45593
45607
45641
45649
45655
45657
45660
45663
45674
45676
45698
45714
45719
45729
45737
45746
45756
45773
45778
45779
45795
45803
45814
45825
45830
45835
45853
45862
45866
45875
45878
45880
45921
45937
45952
45959
45961
45964
46009
46020
46025
46078
46079
46113
46117
46120
46146
46158
46164
46166
46168
46171
46172
46175
46202
46206
46221
46230
46261
46284
46297
46302
46313
46328
46330
46333
46342
46359
46362
46364
46365
46368
46398
46405
46420
46429
46439
46441
46452
46464
46467
46507
46522
46537
46548
46633
46653
46658
46695
46711
46719
46759
46767
46788
46799
46802
46803
46812
46837
46838
46878
46879
46885
46895
46908
46921
46939
46959
46968
46970
46980
46998
47001
47003
47038
47044
47051
47065
47090
47111
47122
47177
47191
47194
47205
47259
47270
47284
47286
47287
47331
47335
47340
47386
47408
47410
47425
47431
47436
47453
47459
47469
47488
47515
47518
47519
47553
47593
47606
47615
47620
47631
47654
47655
47674
47678
47763
47791
47800
47827
47886
47891
47892
47894
47914
47955
47957
48014
48015
48016
48038
48131
48136
48147
48171
48191
48192
48197
48201
48202
48221
48262
48270
48271
48291
48302
48309
48311
48312
48314
48333
48350
48359
48374
48385
48393
48395
48397
48421
48443
48447
48463
48466
48494
48516
48519
48565
48567
48570
48572
48581
48584
48585
48587
48594
48613
48616
48618
48624
48626
48628
48630
48631
48632
48636
48660
48669
48675
48691
48714
48716
48747
48753
48780
48787
48789
48800
48803
48808
48809
48813
48814
48836
48837
48843
48846
48871
48885
48895
48921
48950
49017
49018
49037
49090
49096
49126
49130
49158
49183
49190
49209
49212
49222
49231
49236
49237
49239
49266
49272
49275
49304
49332
49343
49346
49347
49348
49351
49353
49354
49359
49361
49362
49365
49379
49395
49396
49402
49433
49439
49541
49573
49593
49597
49599
49673
49676
49684
49690
49706
49711
49728
49730
49745
49746
49748
49761
49763
49787
49794
49797
49800
49801
49804
49810
49830
49847
49877
49901
49950
49958
49960
49970
49988
50037
50038
50086
50108
50110
50113
50122
50142
50153
50162
50173
50192
50204
50272
50288
50317
50324
50342
50357
50376
50382
50387
50392
50394
50395
50409
50425
50427
50432
50438
50448
50450
50458
50466
50471
50497
50515
50528
50538
50567
50604
50606
50636
50638
50687
50688
50698
50699
50719
50732
50762
50787
50808
50838
50852
50888
50959
50962
50973
50979
51007
51021
51046
51068
51077
51096
51122
51176
51215
51248
51260
51322
51359
51428
51442
51455
51465
51510
51521
51541
51564
51576
51586
51590
51723
51747
51774
51776
51782
51831
51842
51868
51890
51992
52001
52015
52017
52021
52022
52023
52034
52044
52046
52086
52092
52135
52137
52142
52161
52191
52196
52199
52202
52203
52204
52226
52244
52247
52251
52263
52274
52302
52308
52309
52318
52326
52348
52369
52372
52373
52375
52376
52377
52378
52379
52381
52382
52383
52388
52389
52391
52392
52394
52395
52398
52400
52404
52405
52407
52408
52409
52410
52413
52414
52416
52419
52420
52422
52454
52455
52494
52520
52528
52587
52631
52639
52660
52669
52685
52702
52720
52728
52742
52745
52788
52794
52803
52817
52840
52849
52854
52868
52878
52883
52923
52940
52941
52943
52949
53007
53036
53045
53050
53060
53064
53080
53101
53102
53122
53149
53150
53178
53184
53186
53187
53237
53245
53246
53248
53298
53335
53347
53354
53355
53428
53442
53459
53463
53501
53502
53543
53553
53567
53618
53661
53806
53811
53850
53859
53868
53869
53891
53907
53923
53933
53949
53950
53953
53959
53967
53986
53994
53999
54008
54013
54019
54070
54075
54094
54099
54101
54109
54111
54112
54116
54117
54118
54121
54123
54124
54127
54132
54133
54205
54208
54211
54285
54288
54398
54431
54433
54493
54496
54511
54522
54525
54579
54582
54585
54586
54595
54604
54606
54608
54612
54653
54671
54700
54702
54704
54713
54750
54753
54800
54801
54811
54818
54819
54827
54868
54871
54923
54928
54942
54961
54962
54963
54965
54996
55006
55016
55018
55042
55045
55066
55069
55071
55073
55074
55076
55077
55078
55079
55080
55081
55082
55083
55102
55141
55142
55152
55162
55170
55173
55186
55209
55215
55248
55300
55328
55341
55364
55366
55377
55401
55449
55470
55515
55529
55537
55538
55539
55547
55563
55613
55616
55631
55660
55662
55663
55667
55681
55683
55684
55687
55689
55690
55691
55711
55719
55723
55729
55732
55779
55781
55784
55809
55813
55861
55888
55890
55937
55939
55943
55948
55949
55952
56021
56023
56026
56035
56090
56092
56109
56110
56132
56144
56145
56161
56165
56171
56180
56203
56228
56229
56238
56242
56252
56255
56259
56306
56328
56362
56364
56382
56383
56386
56428
56429
56527
56529
56530
56531
56532
56537
56554
56560
56563
56564
56566
56603
56604
56608
56609
56635
56642
56653
56669
56673
56685
56702
56705
56721
56762
56767
56781
56787
56790
56811
56812
56814
56815
56832
56860
56906
56915
56937
56995
56997
57008
57011
57018
57061
57084
57085
57094
57100
57101
57104
57115
57126
57173
57190
57196
57203
57221
57224
57230
57236
57238
57270
57283
57289
57293
57309
57313
57326
57447
57503
57529
57568
57597
57625
57632
57640
57665
57733
57744
57749
57789
57812
57817
57827
57845
57875
57876
57901
57903
57910
57942
57948
57949
57950
57956
57961
57982
57984
57985
58010
58027
58083
58093
58096
58129
58151
58200
58203
58206
58218
58238
58245
58250
58384
58405
58411
58428
58431
58432
58469
58477
58520
58585
58623
58643
58644
58664
58668
58670
58672
58674
58675
58676
58690
58718
58719
58745
58752
58765
58782
58783
58788
58789
58790
58791
58792
58795
58796
58797
58798
58801
58802
58806
58807
58809
58813
58816
58862
58864
58899
58903
58904
58910
58951
58952
58955
58965
58970
58977
58980
58982
58983
58986
58987
58989
58992
58997
58998
59008
59011
59039
59051
59059
59068
59093
59095
59114
59115
59120
59127
59158
59189
59220
59223
59270
59274
59309
59316
59317
59332
59356
59363
59368
59389
59421
59429
59450
59480
59546
59549
59574
59726
59734
59735
59737
59738
59744
59762
59797
59798
59802
59851
59852
59857
59873
59903
59912
59936
60009
60065
60068
60085
60086
60095
60158
60159
60160
60190
60275
60283
60304
60306
60366
60398
60410
60413
60483
60486
60490
60504
60575
60602
60619
60632
60667
60671
60752
60765
60772
60781
60817
60819
60827
60860
60866
60898
60935
60950
60965
61012
61043
61054
61116
61165
61196
61197
61199
61232
61233
61238
61239
61378
61386
61506
61540
61613
61674
61683
61689
61692
61696
61698
61706
61716
61722
61767
61789
61826
61885
61904
61909
61943
61948
61964
61980
61992
61997
62004
62105
62108
62131
62132
62174
62181
62182
62224
62332
62338
62433
62436
62495
62517
62521
62558
62560
62574
62680
62682
62697
62714
62736
62761
62787
62847
62877
62904
62914
62915
62916
62917
62925
62926
62928
62929
62930
62932
62947
62950
62962
62985
62986
62990
62993
63007
63015
63022
63024
63025
63026
63027
63032
63081
63087
63088
63091
63112
63138
63175
63183
63188
63189
63197
63199
63207
63266
63311
63317
63333
63350
63360
63363
63381
63382
63409
63440
63444
63455
63484
63507
63512
63517
63566
63590
63700
63705
63706
63712
63725
63727
63749
63777
63832
63881
63906
63959
63977
64076
64077
64086
64108
64112
64113
64155
64215
64248
64305
64306
64309
64343
64445
64447
64450
64454
64479
64524
64525
64528
64530
64534
64538
64548
64568
64622
64623
64624
64630
64664
64666
64717
64720
64725
64768
64771
64788
64792
64800
64801
64806
64839
64852
64853
64854
64855
64856
64857
64861
64883
64914
64921
64929
64932
64976
64980
64985
64992
65001
65020
65044
65051
65055
65059
65086
65141
65143
65145
65146
65163
65214
65252
65255
65262
65272
65292
65317
65322
65327
65348
65379
65391
65416
65456
65459
65460
65499
65514
65535
65572
65583
65588
65598
65599
65603
65617
65639
65660
65693
65823
65833
65857
65861
65871
65891
65899
65955
65966
65984
65985
65987
65989
65997
66014
66039
66041
66049
66051
66111
66121
66127
66164
66192
66194
66206
66213
66237
66315
66410
66448
66470
66474
66475
66489
66536
66608
66616
66621
66664
66670
66697
66706
66744
66762
66765
66794
66795
66815
66841
66881
66892
66895
66918
66925
66948
67055
67065
67087
67162
67166
67183
67219
67227
67253
67289
67302
67309
67311
67314
67320
67329
67339
67342
67343
67344
67345
67346
67347
67348
67349
67350
67382
67459
67515
67563
67642
67655
67667
67673
67679
67691
67715
67729
67730
67732
67737
67740
67742
67744
67748
67750
67767
67795
67811
67822
67892
67903
67955
67956
67973
67974
67988
68028
68116
68117
68119
68133
68146
68163
68164
68180
68212
68270
68301
68302
68304
68306
68341
68347
68373
68418
68477
68485
68494
68503
68505
68509
68515
68523
68527
68557
68559
68572
68610
68615
68627
68632
68636
68638
68661
68665
68684
68694
68714
68715
68725
68758
68815
68820
68824
68874
68878
68884
68905
68915
68922
68964
68982
69010
69011
69015
69025
69058
69059
69075
69088
69117
69121
69141
69142
69158
69163
69165
69169
69217
69235
69266
69270
69272
69276
69277
69323
69326
69362
69363
69368
69379
69391
69408
69437
69449
69469
69576
69578
69579
69594
69607
69686
69724
69726
69736
69773
69777
69780
69791
69852
69853
69860
69869
69870
69872
69884
69900
69911
69917
69935
69939
69942
69952
69985
70000
70012
70019
70021
70024
70046
70059
70069
70075
70084
70112
70123
70128
70177
70198
70199
70217
70224
70247
70249
70292
70337
70345
70349
70351
70386
70411
70412
70420
70448
70512
70530
70538
70553
70574
70575
70583
70584
70636
70661
70669
70714
70740
70772
70776
70779
70798
70810
70820
70822
70856
70857
70872
70878
70915
70947
70948
70981
70984
71027
71031
71033
71042
71048
71057
71058
71059
71064
71076
71102
71112
71147
71181
71234
71305
71313
71326
71359
71373
71377
71392
71469
71470
71479
71480
71503
71511
71538
71548
71550
71556
71582
71585
71612
71617
71622
71626
71628
71668
71670
71672
71679
71682
71690
71697
71701
71783
71786
71790
71821
71853
71868
71902
71912
71919
71925
71928
71943
71944
71945
71951
71990
72014
72021
72033
72034
72039
72042
72071
72073
72086
72090
72111
72153
72190
72221
72231
72237
72244
72256
72270
72277
72305
72309
72313
72331
72344
72349
72385
72408
72434
72444
72508
72558
72571
72574
72595
72640
72648
72654
72683
72695
72702
72745
72754
72756
72826
72834
72859
72869
72909
72963
72967
72994
73043
73085
73087
73101
73116
73142
73143
73146
73160
73179
73192
73196
73197
73199
73200
73203
73217
73218
73250
73262
73290
73303
73306
73316
73336
73354
73408
73442
73458
73460
73461
73475
73489
73519
73554
73567
73588
73614
73626
73636
73644
73661
73696
73708
73748
73766
73792
73807
73820
73861
73895
73910
73933
73935
73936
73943
73963
73973
73986
74006
74008
74016
74019
74021
74024
74029
74035
74036
74071
74072
74081
74087
74090
74101
74110
74135
74189
74215
74225
74241
74254
74273
74289
74321
74325
74328
74336
74343
74381
74386
74397
74398
74416
74461
74471
74472
74481
74505
74518
74539
74550
74555
74560
74576
74586
74604
74618
74631
74646
74650
74715
74725
74726
74727
74747
74777
74807
74826
74829
74831
74837
74860
74864
74887
74899
74915
74943
74997
75006
75013
75020
75038
75064
75077
75101
75191
75206
75220
75305
75317
75318
75338
75393
75419
75439
75441
75454
75537
75555
75561
75564
75623
75624
75724
75735
75738
75761
75821
75835
75838
75862
75903
75930
75931
75989
76001
76035
76159
76164
76168
76176
76179
76195
76212
76214
76216
76310
76322
76400
76403
76409
76449
76450
76457
76458
76460
76461
76463
76467
76487
76516
76560
76617
76620
76621
76635
76656
76659
76666
76681
76715
76722
76724
76730
76732
76755
76759
76762
76765
76779
76789
76790
76804
76810
76811
76818
76819
76822
76833
76847
76856
76875
76929
76935
76940
77010
77022
77029
77046
77047
77050
77067
77068
77086
77109
77127
77155
77156
77165
77173
77257
77260
77301
77314
77319
77321
77336
77361
77399
77444
77449
77483
77495
77546
77551
77571
77586
77594
77602
77626
77642
77669
77677
77696
77728
77785
77812
77823
77824
77854
77858
77883
77884
77885
77889
77949
78020
78042
78068
78071
78072
78073
78075
78083
78093
78169
78195
78198
78203
78218
78227
78239
78246
78247
78250
78252
78253
78288
78294
78302
78308
78325
78332
78352
78362
78381
78382
78383
78384
78386
78402
78411
78428
78452
78453
78461
78508
78509
78522
78546
78552
78555
78561
79027
79038
79062
79067
79069
79073
79075
79078
79080
79105
79119
79181
79190
79219
79225
79277
79278
79282
79284
79316
79319
79322
79329
79359
79363
79394
79436
79544
79550
79574
79576
79582
79624
79649
79694
79721
79758
79771
79785
79823
79826
79828
79896
79906
79911
79975
80002
80047
80067
80123
80195
80238
80268
80279
80280
80290
80333
80334
80368
80384
80385
80390
80394
80448
80468
80485
80528
80532
80570
80577
80624
80633
80634
80640
80653
80655
80657
80662
80668
80676
80693
80720
80733
80794
80821
80837
80920
80949
80962
80965
81009
81085
81185
81189
81217
81241
81324
81325
81384
81425
81431
81437
81459
81464
81465
81466
81469
81471
81475
81477
81478
81479
81480
81483
81486
81489
81490
81498
81509
81521
81537
81611
81709
81839
81840
81841
81887
81914
81972
81990
82018
82020
82056
82076
82115
82118
82126
82139
82143
82161
82173
82199
82210
82243
82309
82315
82362
82363
82407
82411
82431
82452
82465
82466
82505
82507
82509
82530
82547
82628
82653
82654
82655
82657
82680
82707
82743
82791
82802
82828
82871
82873
82972
82986
82990
82995
82996
82999
83000
83014
83035
83086
83096
83101
83121
83123
83155
83172
83188
83190
83193
83223
83282
83283
83285
83292
83310
83311
83315
83323
83329
83356
83363
83404
83409
83411
83413
83414
83416
83433
83473
83519
83579
83587
83590
83613
83618
83705
83717
83727
83818
83820
83821
83822
83833
83834
83842
83857
83866
83875
83877
83880
83896
83899
83900
83913
83938
83955
83956
83958
83960
83986
84004
84006
84007
84008
84058
84060
84068
84071
84077
84103
84104
84107
84108
84135
84152
84178
84181
84183
84194
84204
84226
84228
84230
84233
84234
84235
84240
84251
84253
84276
84289
84297
84348
84359
84360
84362
84368
84372
84374
84375
84387
84391
84418
84419
84422
84423
84428
84443
84449
84473
84505
84508
84512
84520
84521
84558
84565
84577
84585
84588
84590
84599
84600
84604
84612
84625
84628
84635
84657
84708
84710
84711
84712
84713
84714
84717
84719
84720
84726
84738
84742
84784
84805
84896
84898
84901
84907
84913
84924
84942
84943
84944
84950
84951
84955
84956
84960
84982
84983
84984
84985
84986
84987
84988
84989
84990
84991
84992
84993
84994
84995
84996
84997
84998
84999
85000
85001
85002
85003
85004
85005
85006
85007
85008
85010
85011
85012
85023
85024
85032
85051
85083
85106
85133
85135
85136
85137
85138
85139
85140
85141
85143
85144
85145
85146
85148
85149
85150
85152
85153
85154
85155
85156
85157
85159
85160
85161
85162
85163
85165
85166
85167
85168
85169
85170
85171
85172
85173
85174
85176
85177
85180
85181
85182
85184
85185
85186
85187
85188
85189
85190
85191
85192
85193
85194
85195
85196
85197
85198
85199
85200
85201
85202
85203
85204
85205
85206
85207
85223
85226
85230
85233
85235
85236
85237
85239
85241
85259
85306
85349
85393
85398
85418
85438
85483
85489
85496
85498
85512
85532
85537
85557
85558
85561
85562
85563
85564
85566
85567
85579
85611
85620
85641
85646
85669
85674
85681
85682
85683
85695
85707
85710
85736
85765
85865
85867
85873
85880
85958
85969
85973
85983
86003
86008
86068
86075
86094
86101
86102
86131
86149
86182
86191
86193
86198
86203
86212
86214
86215
86239
86252
86269
86271
86276
86278
86283
86304
86305
86326
86328
86329
86330
86332
86343
86383
86388
86410
86470
86480
86492
86494
86496
86499
86508
86569
86571
86580
86595
86597
86598
86599
86615
86627
86633
86640
86642
86643
86644
86645
86658
86665
86667
86672
86679
86680
86681
86683
86685
86687
86689
86690
86699
86703
86742
86743
86744
86748
86754
86759
86772
86793
86810
86825
86889
86901
86939
86962
86973
86979
86985
87039
87069
87110
87120
87125
87148
87178
87203
87226
87246
87269
87280
87297
87302
87321
87331
87339
87341
87352
87356
87369
87395
87419
87436
87451
87456
87462
87464
87469
87472
87485
87487
87489
87495
87503
87517
87524
87552
87603
87624
87680
87690
87698
87699
87700
87703
87704
87706
87710
87716
87719
87742
87835
87846
87852
87858
87867
87869
87874
87875
87877
87880
87895
87897
87905
87907
87911
87915
87916
87917
88006
88014
88018
88024
88065
88118
88174
88197
88225
88258
88262
88296
88350
88352
88353
88357
88361
88364
88374
88377
88379
88380
88381
88404
88405
88410
88414
88424
88486
88520
88525
88537
88559
88567
88604
88613
88665
88678
88703
88718
88780
88781
88784
88789
88790
88823
88844
88879
88905
88914
88922
88941
88983
89055
89115
89143
89146
89223
89281
89312
89315
89319
89337
89345
89351
89369
89376
89381
89386
89394
89397
89398
89400
89403
89405
89410
89445
89475
89477
89535
89543
89549
89632
89634
89641
89644
89654
89659
89662
89691
89695
89697
89698
89710
89718
89720
89722
89723
89725
89736
89741
89747
89762
89810
89885
89904
89933
89935
89940
89947
89950
89956
89962
89992
89994
89995
90016
90025
90029
90030
90047
90059
90063
90064
90084
90099
90111
90116
90118
90119
90120
90170
90196
90231
90232
90291
90315
90338
90355
90360
90363
90391
90397
90450
90629
90652
90695
90730
90734
90736
90760
90762
90765
90767
90831
90840
90887
90888
90898
90926
90936
90940
90941
90942
90944
90965
90972
90982
90985
90986
91006
91015
91065
91066
91110
91166
91168
91172
91223
91227
91228
91229
91237
91255
91256
91283
91319
91378
91405
91408
91409
91421
91431
91433
91467
91549
91561
91586
91600
91605
91609
91624
91627
91683
91688
91733
91736
91756
91791
91817
91837
91878
91880
91890
91908
91923
91982
92060
92182
92208
92213
92227
92233
92312
92317
92319
92320
92322
92380
92393
92395
92397
92398
92418
92468
92495
92499
92562
92605
92613
92635
92693
92694
92695
92696
92698
92700
92702
92706
92707
92708
92716
92720
92724
92725
92729
92731
92751
92755
92764
92766
92769
92776
92779
92782
92785
92787
92791
92804
92809
92810
92814
92842
92927
92939
92976
92992
93030
93082
93084
93100
93142
93226
93285
93394
93451
93513
93532
93554
93629
93630
93699
93715
93752
93755
93758
93770
93771
93856
93862
93867
93886
93888
93890
93899
93925
93929
93939
93950
93957
93958
93959
94016
94063
94068
94070
94161
94261
94265
94282
94365
94409
94436
94515
94525
94540
94542
94545
94548
94567
94583
94603
94634
94656
94684
94733
94735
94736
94737
94746
94769
94816
94832
94841
94862
94874
94887
94910
94940
95000
95002
95008
95010
95040
95043
95048
95091
95098
95099
95105
95113
95114
95115
95152
95195
95206
95245
95348
95381
95404
95432
95480
95481
95514
95519
95547
95551
95559
95560
95567
95609
95667
95694
95730
95757
95820
95946
95993
96001
96029
96125
96140
96148
96167
96235
96239
96271
96299
96367
96446
96455
96468
96485
96568
96626
96648
96650
96654
96781
96898
96909
96917
96951
96974
96976
96989
97051
97100
97183
97186
97187
97204
97206
97220
97240
97251
97270
97298
97306
97311
97317
97345
97527
97544
97553
97559
97576
97589
97593
97601
97622
97642
97649
97654
97692
97693
97722
97776
97780
97790
97794
97795
97796
97797
97803
97808
97810
97812
97814
97850
97877
97889
97942
97967
97971
97974
97975
97978
97981
97982
97983
97984
97985
97986
98012
98019
98027
98039
98081
98084
98090
98106
98116
98119
98122
98126
98128
98142
98154
98156
98164
98175
98197
98208
98209
98213
98216
98219
98226
98230
98234
98308
98335
98360
98368
98568
98599
98640
98851
98862
98887
98903
98906
98948
99008
99062
99092
99099
99104
99106
99110
99117
99192
99194
99241
99261
99263
99306
99328
99341
99348
99424
99438
99442
99449
99478
99503
99530
99537
99545
99642
99658
99725
99749
99831
99855
99859
99885
99942
100009
100024
100034
100051
100082
100089
100100
100122
100124
100183
100190
100191
100192
100241
100270
100272
100274
100275
100314
100329
100432
100439
100457
100459
100463
100464
100467
100468
100472
100474
100480
100482
100493
100516
100541
100557
100592
100594
100657
100661
100662
100669
100671
100702
100770
100782
100788
100819
100960
101013
101054
101060
101152
101176
101179
101189
101320
101361
101419
101422
101429
101457
101501
101519
101588
101592
101604
101611
101626
101669
101720
101724
101725
101730
101733
101745
101748
101753
101784
101791
101797
101806
101820
101835
101898
101952
101953
101962
101981
101987
102013
102042
102060
102111
102116
102121
102122
102159
102256
102283
102308
102309
102312
102313
102316
102318
102388
102390
102420
102436
102442
102443
102463
102468
102499
102510
102547
102693
102713
102717
102758
102762
102765
102794
102796
102877
102903
103071
103212
103217
103254
103258
103275
103424
103433
103437
103512
103514
103578
103600
103607
103620
103676
103683
103708
103958
103966
103971
103974
103984
104053
104063
104108
104112
104116
104150
104182
104184
104205
104217
104233
104244
104262
104264
104272
104275
104304
104308
104310
104311
104313
104317
104318
104325
104327
104337
104338
104342
104360
104366
104369
104370
104377
104385
104391
104392
104404
104405
104411
104414
104421
104422
104424
104425
104426
104462
104469
104471
104498
104524
104528
104532
104534
104548
104575
104582
104583
104595
104597
104599
104611
104621
104623
104633
104639
104644
104675
104680
104681
104683
104684
104685
104687
104688
104700
104704
104709
104713
104729
104755
104760
104765
104767
104772
104811
104812
104819
104846
104851
104866
104876
104887
104891
104894
104902
104906
104909
104915
104921
104925
104927
104937
104940
104944
104947
104952
104953
104969
104970
104973
104980
104992
105002
105003
105004
105009
105010
105012
105014
105022
105070
105079
105083
105084
105085
105087
105091
105093
105098
105099
105101
105103
105105
105109
105110
105111
105113
105114
105117
105145
105148
105150
105151
105156
105159
105166
105184
105232
105234
105235
105237
105258
105293
105381
105386
105397
105398
105408
105424
105428
105429
105432
105531
105543
105546
105588
105621
105623
105658
105659
105662
105663
105701
105712
105746
105751
105753
105754
105755
105772
105805
105814
105825
105826
105827
105834
105840
105846
105854
105855
105861
105865
105877
105883
105896
105898
105900
105902
105904
105907
105908
105913
105915
105917
105924
105927
105949
105968
105977
105989
106015
106026
106028
106046
106048
106137
106138
106141
106148
106238
106269
106271
106280
106296
106394
106395
106402
106427
106430
106444
106448
106452
106463
106465
106468
106470
106471
106472
106473
106505
106508
106511
106516
106517
106520
106524
106534
106540
106556
106559
106564
106568
106569
106614
106621
106634
106636
106637
106648
106652
106654
106656
106661
106664
106679
106682
106697
106703
106708
106713
106714
106717
106718
106720
106752
106760
106774
106836
106845
106855
106876
106899
106904
106933
106943
106948
106962
106972
106990
107016
107020
107058
107068
107121
107122
107227
107270
107275
107315
107329
107331
107334
107336
107341
107342
107343
107364
107374
107376
107387
107392
107397
107402
107403
107413
107423
107425
107429
107430
107438
107439
107480
107491
107596
107632
107738
107781
107782
107807
107824
107872
107891
107905
107918
107937
107976
107980
107983
107991
108002
108065
108066
108067
108072
108077
108079
108090
108092
108093
108096
108101
108106
108130
108132
108147
108175
108181
108226
108268
108278
108364
108367
108382
108423
108428
108430
108431
108435
108442
108448
108449
108453
108463
108467
108480
108482
108513
108537
108541
108545
108552
108561
108563
108576
108580
108603
108613
108647
108648
108704
108737
108739
108743
108747
108764
108774
108780
108788
108790
108792
108798
108808
108811
108814
108815
108836
108839
108859
108864
108871
108872
108873
108877
108878
108885
108888
108890
108909
108933
108993
109054
109074
109083
109086
109089
109097
109100
109102
109105
109109
109118
109120
109122
109133
109157
109159
109174
109213
109218
109238
109240
109254
109320
109377
109399
109425
109428
109442
109463
109466
109473
109477
109506
109554
109563
109565
109703
109707
109742
109763
109841
109967
110004
110092
110129
110138
110152
110163
110175
110263
110270
110285
110327
110329
110336
110345
110372
110404
110412
110438
110523
110530
110545
110588
110608
110650
110760
110768
110772
110790
110849
110911
110974
110976
110980
110982
110989
110991
110994
111015
111066
111074
111256
111258
111306
111405
111425
111440
111461
111476
111490
111590
111735
111749
111753
111816
111835
111847
111877
111878
111901
111934
112092
112106
112150
112170
112219
112238
112257
112287
112355
112371
112417
112427
112447
112454
112460
112481
112516
112525
112529
112594
112661
112666
112687
112703
112712
112772
112812
112941
112969
112975
113082
113128
113130
113131
113132
113146
113159
113241
113323
113337
113340
113344
113382
113398
113409
113417
113428
113446
113451
113458
113488
113525
113562
113597
113602
113607
113614
113621
113623
113625
113627
113632
113645
113649
113658
113674
113678
113681
113726
113739
113751
113814
113821
113905
113909
113910
113917
113957
113984
113991
114003
114007
114010
114013
114038
114047
114126
114131
114133
114143
114153
114162
114164
114169
114176
114178
114183
114187
114196
114209
114223
114247
114256
114319
114320
114349
114394
114440
114540
114542
114560
114584
114604
114606
114619
114635
114684
114688
114730
114740
114789
114835
114847
114880
114958
114968
115018
115084
115123
115128
115131
115147
115167
115201
115210
115216
115226
115227
115229
115241
115258
115282
115285
115374
115422
115423
115445
115447
115448
115451
115463
115609
115666
115738
115755
115816
115845
115905
115908
115909
115923
115960
116118
116177
116194
116212
116216
116218
116233
116248
116299
116319
116322
116325
116327
116337
116351
116387
116389
116407
116410
116445
116463
116475
116494
116514
116532
116581
116583
116597
116602
116603
116605
116607
116610
116611
116615
116630
116632
116634
116636
116641
116712
116732
116811
116829
116875
116946
116979
116983
116996
116997
117017
117019
117023
117026
117028
117055
117056
117078
117120
117144
117197
117216
117258
117300
117324
117326
117328
117347
117350
117366
117372
117414
117429
117441
117546
117550
117560
117561
117630
117813
117856
117904
117905
117942
117961
117974
117978
118007
118043
118227
118249
118305
118315
118332
118370
118373
118402
118424
118427
118449
118485
118502
118520
118570
118612
118621
118622
118625
118626
118751
118856
118866
118868
118874
118957
118988
119010
119142
119158
119159
119168
119169
119170
119175
119198
119201
119207
119212
119255
119267
119278
119308
119337
119353
119357
119363
119419
119471
119478
119517
119545
119550
119558
119577
119586
119589
119592
119595
119640
119655
119677
119698
119723
119786
119865
119884
119885
119947
119974
119984
120045
120062
120186
120189
120194
120199
120211
120225
120226
120240
120253
120303
120325
120330
120478
120485
120498
120499
120582
120632
120698
120749
120764
120771
120772
120846
120852
120881
120884
121017
121022
121071
121143
121157
121175
121248
121291
121377
121390
121399
121401
121473
121498
121515
121518
121519
121560
121567
121572
121573
121587
121597
121606
121620
121691
121752
121888
121937
121997
122027
122052
122206
122211
122235
122245
122259
122267
122317
122326
122329
122369
122372
122382
122408
122466
122539
122544
122582
122677
122691
122742
122804
122895
122926
122982
123044
123075
123103
123105
123107
123109
123180
123244
123297
123313
123324
123331
123344
123346
123351
123353
123356
123359
123362
123365
123367
123369
123389
123404
123411
123451
123501
123602
123613
123728
123793
123814
123815
123839
123858
123886
123888
123919
123957
123969
123994
124040
124045
124046
124049
124054
124105
124114
124118
124124
124135
124230
124260
124310
124322
124391
124393
124408
124413
124423
124428
124441
124470
124517
124536
124553
124556
124597
124635
124637
124656
124668
124701
124733
124739
124870
124873
125040
125129
125133
125137
125138
125143
125149
125162
125165
125174
125176
125188
125268
125270
125294
125331
125442
125490
125509
125540
125558
125647
125651
125659
125686
125751
125752
125764
125773
125787
125944
125987
126006
126008
126022
126063
126075
126107
126170
126172
126243
126277
126278
126280
126323
126397
126404
126451
126463
126478
126487
126491
126503
126512
126568
126594
126597
126684
126689
126693
126743
126754
126757
126793
126795
126809
126816
126825
126830
126889
126927
126938
126949
126955
126962
126973
127046
127049
127126
127144
127183
127188
127204
127205
127207
127209
127231
127238
127247
127256
127284
127358
127391
127401
127421
127424
127441
127443
127498
127548
127593
127594
127606
127626
127628
127642
127645
127648
127651
127675
127683
127724
127739
127742
127752
127768
127782
127791
127832
127843
127884
127946
127953
128115
128145
128152
128167
128174
128188
128191
128264
128276
128288
128311
128387
128400
128402
128416
128420
128452
128484
128519
128546
128558
128584
128598
128643
128655
128748
128759
128762
128791
128800
128820
128827
128838
128841
128862
128866
128896
128917
128971
128988
129074
129092
129096
129102
129123
129195
129213
129218
129278
129295
129298
129378
129385
129393
129403
129409
129418
129465
129474
129481
129496
129524
129547
129663
129668
129743
129761
129798
129828
129858
129878
129976
130015
130018
130046
130068
130165
130366
130421
130523
130532
130626
130701
130802
130864
130926
130935
130938
130942
130944
130972
131083
131115
131123
131144
131212
131225
131281
131290
131343
131358
131434
131459
131575
131578
131582
131673
131674
131689
131815
131824
131847
131871
131881
131885
131887
131892
131899
131914
131916
131938
131943
131951
131967
131974
131995
132019
132030
132035
132064
132137
132163
132169
132232
132240
132247
132250
132269
132295
132321
132346
132361
132369
132371
132397
132410
132447
132587
132626
132705
132729
132802
132815
132818
132843
132894
132916
132935
132957
133063
133121
133137
133143
133167
133172
133196
133197
133248
133293
133319
133339
133360
133369
133463
133473
133523
133530
133531
133535
133666
133667
133714
133718
133805
133831
133838
133907
133918
133953
133959
133980
133985
133989
133998
134031
134109
134136
134172
134174
134182
134245
134359
134366
134394
134404
134503
134521
134570
134572
134597
134607
134615
134617
134627
134628
134631
134640
134656
134756
134760
134800
134812
134841
134885
134890
135060
135064
135132
135141
135150
135195
135197
135208
135210
135240
135251
135252
135288
135309
135321
135354
135368
135369
135402
135414
135422
135424
135446
135451
135454
135461
135475
135480
135482
135551
135559
135561
135570
135579
135589
135605
135656
135670
135760
135806
135810
135812
135835
135848
135893
135940
135945
135973
136006
136013
136018
136069
136074
136146
136212
136268
136269
136309
136325
136328
136467
136468
136549
136585
136593
136601
136611
136641
136681
136695
136705
136720
136801
136805
136837
136849
136852
136881
136894
136946
136956
136980
137051
137062
137069
137103
137145
137207
137295
137355
137412
137528
137533
137540
137550
137562
137578
137618
137625
137634
137640
137663
137688
137707
137746
137749
137756
137757
137847
137854
137900
137902
137904
137906
137909
137916
137939
137955
137992
138000
138012
138017
138068
138097
138223
138269
138345
138355
138372
138385
138448
138469
138472
138496
138521
138528
138544
138567
138577
138592
138630
138718
138726
138730
138765
138792
138843
138858
138860
138875
138900
138901
138941
138943
138944
138956
138959
138967
138987
138988
138997
138998
138999
139004
139008
139038
139103
139132
139198
139244
139246
139293
139297
139299
139349
139357
139359
139372
139387
139396
139404
139431
139455
139484
139543
139611
139650
139659
139668
139715
139721
139747
139748
139753
139761
139804
139858
139879
139900
139933
139937
139993
140025
140026
140056
140129
140149
140165
140166
140172
140174
140218
140343
140359
140378
140394
140403
140425
140441
140457
140482
140491
140499
140506
140508
140510
140512
140513
140516
140541
140652
140656
140659
140680
140689
140694
140750
140770
140781
140786
140820
140821
140835
140839
140851
140881
140941
140965
140985
141046
141063
141124
141127
141128
141210
141222
141333
141335
141337
141365
141388
141390
141442
141524
141555
141557
141590
141611
141642
141644
141733
141735
141754
141758
141864
141883
141888
141890
141899
142030
142050
142054
142059
142116
142305
142329
142346
142356
142357
142382
142401
142410
142525
142534
142537
142539
142542
142553
142562
142591
142593
142662
142665
142708
142709
142711
142758
142802
142931
143021
143028
143083
143095
143109
143123
143136
143139
143142
143146
143147
143192
143217
143222
143226
143281
143293
143310
143358
143369
143377
143415
143418
143448
143451
143452
143455
143458
143470
143477
143506
143508
143519
143525
143536
143547
143599
143627
143663
143669
143674
143680
143730
143777
143780
143855
143864
143865
143877
143889
143895
143928
143967
144070
144086
144108
144113
144147
144171
144204
144206
144351
144394
144399
144402
144542
144630
144634
144637
144662
144696
144706
144716
144739
144822
144825
144837
144838
144839
144863
144868
144909
144926
144927
144960
145069
145099
145103
145135
145169
145198
145210
145444
145451
145508
145525
145587
145607
145623
145645
145650
145668
145821
145850
145862
145951
145996
145998
146012
146028
146038
146138
146163
146165
146168
146170
146195
146203
146229
146243
146287
146296
146301
146307
146312
146313
146334
146365
146368
146380
146533
146537
146705
146728
146800
146852
146873
147059
147061
147084
147087
147133
147136
147151
147230
147232
147237
147272
147278
147310
147458
147619
147641
147748
147758
147807
147812
147851
147879
147888
147889
147890
147925
147941
147957
147965
147991
148003
148005
148112
148148
148153
148322
148636
148644
148773
148801
148850
148882
148972
148977
148991
148993
148999
149010
149113
149148
149167
149233
149234
149438
149592
149613
149630
149744
149777
149804
149806
149843
149897
150014
150060
150146
150164
150196
150201
150202
150211
150340
150373
150531
150588
150765
150782
150786
150794
150928
151020
151022
151062
151123
151171
151188
151193
151382
151534
151717
151725
151747
151782
151933
152022
152025
152031
152035
152041
152103
152130
152227
152357
152373
152434
152578
152586
152592
152640
152810
152903
152907
152908
152943
153054
153060
153072
153102
153119
153170
153186
153188
153246
153270
153274
153281
153295
153298
153333
153383
153419
153420
153490
153509
153529
153618
153730
153735
153738
153740
153741
153750
153755
153820
153853
154206
154207
154209
154210
154239
154300
154303
154390
154445
154524
154529
154531
154566
154603
154621
154895
154925
155084
155182
155230
155288
155319
155341
155372
155490
155529
155537
155554
155577
155649
155666
155676
155706
155708
155834
155884
155893
155964
155967
156019
156045
156067
156068
156094
156150
156191
156192
156252
156307
156310
156329
156344
156365
156385
156420
156518
156542
156550
156597
156623
156690
156704
156969
156981
157004
157036
157085
157115
157125
157161
157164
157185
157268
157272
157276
157418
157421
157422
157424
157433
157544
157547
157581
157599
157619
157707
157709
157761
157767
157858
157910
157922
157958
157965
158015
158043
158066
158087
158100
158129
158220
158246
158250
158254
158337
158354
158368
158397
158481
158509
158519
158718
158752
158868
158873
158917
158940
158962
159031
159069
159092
159109
159117
159128
159211
159225
159324
159368
159390
159393
159422
159436
159515
159638
159650
159698
159773
159803
159826
159975
160004
160070
160128
160198
160200
160201
160202
160203
160204
160266
160305
160352
160386
160405
160410
160532
160547
160560
160580
160697
160703
160719
160745
160750
160794
160816
160865
160882
160897
160910
160998
161017
161119
161128
161154
161160
161216
161324
161326
161366
161367
161368
161374
161426
161430
161445
161499
161672
161692
161761
161782
161864
161885
161886
162010
162043
162046
162115
162247
162326
162336
162580
162678
162708
162804
162941
163008
163060
163066
163189
163206
163208
163279
163413
163433
163447
163452
163454
163483
163510
163514
163541
163543
163545
163554
163589
163607
163617
163622
163655
163971
164052
164337
164377
164420
164423
164495
164628
164661
164687
164708
164859
164993
165078
165279
165282
165541
165567
165675
165678
165864
166060
166080
166092
166158
166161
166179
166201
166206
166214
166271
166315
166343
166598
166614
166631
166632
166706
166715
166736
166738
166752
166757
166772
166816
166820
166902
166904
166916
166921
166927
166928
166929
166931
166937
166938
166941
166942
166945
166946
166950
166952
166981
167025
167032
167036
167078
167079
167091
167119
167123
167163
167198
167210
167282
167401
167522
167554
167556
167575
167576
167594
167665
167673
167733
167828
167956
167960
167972
167979
168098
168131
168145
168248
168253
168325
168368
168382
168405
168476
168502
168633
168705
168802
168808
168809
168822
168854
168859
168883
168885
168891
168901
168942
168977
169030
169150
169163
169250
169314
169360
169366
169406
169453
169479
169494
169507
169534
169569
169615
169634
169635
169636
169644
169836
169845
169848
169865
169918
169930
170075
170199
170251
170259
170261
170332
170430
170592
170647
170748
170771
170792
170798
170885
170986
171045
171112
171204
171277
171280
171282
171285
171287
171292
171307
171308
171367
171390
171424
171499
171502
171540
171570
171603
171703
171704
171799
171823
171930
171993
171998
172002
172006
172037
172115
172128
172133
172135
172155
172159
172342
172347
172349
172372
172457
172486
172513
172608
172620
172654
172669
172698
172711
172726
172729
172735
172738
172744
172753
172773
172780
172794
172798
172800
172806
172807
172808
172828
172928
172947
172968
172969
173018
173027
173041
173044
173047
173080
173095
173105
173106
173109
173110
173113
173116
173118
173121
173122
173123
173124
173134
173285
173305
173321
173324
173326
173345
173353
173356
173365
173413
173454
173457
173672
173744
173761
173795
173802
173863
173897
173905
174045
174080
174188
174288
174521
174593
174611
174618
174650
174671
174678
174682
174723
174745
174754
174755
174790
174823
174825
174838
175138
175168
175180
175297
175385
175525
175696
175940
175944
175945
176018
176104
176223
176272
176439
176441
176497
176524
176570
176762
176830
176915
176990
177055
177096
177099
177100
177110
177116
177121
177128
177146
177221
177232
177552
177583
177838
177839
177901
178037
178121
178122
178135
178146
178148
178158
178239
178272
178408
178439
178465
178476
178508
178636
178674
178687
178725
178751
178851
178858
178875
178900
179070
179111
179123
179130
179142
179143
179159
179242
179248
179254
179255
179269
179344
179351
179355
179358
179363
179380
179391
179473
179494
179496
179503
179538
179548
179672
179765
179880
179995
180000
180017
180168
180205
180229
180267
180268
180276
180305
180323
180631
180850
180886
180911
181056
181095
181111
181160
181175
181282
181287
181320
181390
181425
181586
181587
181601
181628
181656
181726
181738
181747
181749
181764
181828
181870
181902
181920
181921
181965
182065
182117
182140
182166
182227
182237
182307
182309
182426
182430
182499
182510
182751
182769
182774
182779
182829
182847
182919
182920
182921
183107
183149
183204
183216
183327
183347
183360
183363
183412
183597
183661
183760
183770
183806
183841
183872
184150
184165
184219
184345
184346
184590
184710
184712
184804
184852
184885
184940
184998
185086
185090
185091
185162
185267
185279
185331
185341
185377
185406
185460
185474
185495
185502
185512
185646
185648
185664
185673
185679
185688
185692
185693
185697
185705
185752
185755
185843
185859
186031
186296
186302
186324
186346
186349
186351
186353
186356
186359
186366
186371
186391
186412
186458
186568
186574
186600
186602
186723
186743
186747
186869
186889
186903
186920
186936
186959
186979
187010
187100
187106
187115
187276
187288
187291
187337
187380
187525
187546
187591
187683
187689
187782
187801
187851
187993
188032
188045
188074
188109
188110
188220
188304
188489
188541
188628
188633
188642
188667
188719
188758
188813
188828
188837
188884
188885
189032
189079
189098
189274
189299
189307
189322
189353
189387
189409
189445
189547
189711
189755
189932
190062
190066
190068
190089
190126
190179
190190
190221
190225
190234
190241
190246
190248
190250
190252
190392
190423
190544
190638
190748
190829
190847
190869
190899
191086
191298
191312
191378
191386
191393
191429
191431
191447
191531
191562
191568
191619
191623
191631
191644
191654
191740
191806
191850
192023
192089
192125
192153
192186
192204
192252
192367
192415
192441
192453
192483
192573
192736
192737
192794
192808
192813
192857
192881
192982
192987
193040
193079
193084
193122
193166
193286
193299
193335
193461
193474
193476
193579
193580
193582
193596
193598
193603
193611
193612
193714
193726
193861
193889
194031
194053
194071
194120
194121
194150
194156
194166
194209
194215
194218
194290
194393
194421
194486
194490
194625
194643
194645
194659
194759
194804
194809
194992
195022
195053
195152
195153
195159
195164
195165
195191
195223
195328
195389
195463
195466
195471
195539
195606
195761
195781
195796
195807
195845
195938
196035
196139
196252
196326
196328
196400
196425
196426
196428
196429
196506
196655
196670
196798
196830
196897
196916
197010
197011
197158
197167
197201
197245
197255
197336
197389
197497
197499
197537
197649
197817
197854
197858
197919
198002
198075
198085
198181
198194
198207
198210
198225
198292
198456
198489
198516
198572
198690
198757
198762
198983
198992
199017
199034
199036
199052
199107
199114
199163
199166
199330
199347
199534
199578
199583
199674
199690
199736
199766
199771
199774
199788
199840
199913
199925
199939
200036
200044
200047
200057
200098
200130
200170
200172
200211
200213
200272
200304
200377
200402
200412
200426
200443
200462
200464
200525
200530
200535
200639
200665
200671
200672
200709
200719
200738
200745
200782
200802
200803
200819
200848
200849
200872
200953
200987
201022
201024
201085
201110
201171
201178
201181
201199
201223
201252
201290
201297
201325
201343
201377
201380
201426
201430
201604
201642
201712
201728
201838
201839
201870
201926
201989
202083
202113
202171
202244
202357
202438
202483
202508
202584
202604
202626
202628
202724
202784
202865
203008
203009
203012
203013
203021
203022
203023
203025
203039
203101
203116
203151
203155
203186
203266
203270
203425
203525
203556
203618
203834
203835
203847
203890
203912
203963
203970
203976
204115
204242
204260
204315
204348
204349
204391
204473
204550
204567
204577
204607
204609
204611
204612
204620
204627
204727
204730
204734
204772
204806
204839
204904
204932
204973
205091
205098
205100
205104
205210
205211
205223
205233
205254
205321
205383
205686
205769
205795
205818
205891
205902
205903
205943
206010
206085
206139
206153
206157
206183
206201
206203
206309
206370
206574
206630
206710
206721
206794
206860
206865
206877
206881
206970
207260
207263
207270
207271
207273
207291
207345
207356
207434
207475
207680
207686
207729
207733
207763
207768
207769
207770
207773
207774
207780
207782
207933
208160
208172
208182
208225
208259
208284
208448
208468
208474
208492
208505
208562
208579
208609
208617
208621
208657
208693
208697
208703
208704
208705
208759
208763
208916
208917
208931
208934
209103
209182
209283
209434
209443
209495
209518
209582
209611
209692
209780
209838
209860
209861
209901
209956
209959
209966
210079
210093
210179
210194
210238
210285
210298
210454
210556
210567
210587
210599
210634
210653
210734
210739
210791
210803
210842
210887
210908
210910
210911
210913
210947
211045
211065
211067
211071
211105
211156
211159
211222
211258
211266
211286
211301
211318
211400
211421
211505
211512
211557
211560
211587
211603
211618
211645
211676
211678
211680
211681
211682
211684
211686
211687
211688
211729
211774
211796
211825
211862
211865
211914
211982
211995
211998
211999
212003
212005
212007
212014
212016
212043
212054
212178
212195
212237
212286
212391
212494
212511
212599
212629
212693
212814
212839
212908
212930
212960
212973
213041
213110
213120
213133
213153
213154
213207
213208
213212
213213
213215
213218
213224
213251
213278
213281
213324
213333
213358
213396
213407
213431
213456
213466
213476
213499
213503
213611
213646
213706
213711
213760
213765
213766
213770
213775
213780
213783
213785
213788
213792
213799
213803
213805
213806
213809
213810
213811
213903
213945
213967
214024
214056
214106
214126
214163
214175
214198
214209
214256
214328
214464
214469
214493
214552
214597
214629
214632
214641
214680
214700
214714
214754
214851
214979
214990
215221
215243
215250
215251
215280
215332
215355
215490
215501
215551
215620
215672
215722
215731
215772
215773
215830
215836
215861
215890
215957
215965
215976
216016
216031
216043
216098
216134
216139
216141
216142
216175
216176
216178
216183
216186
216187
216189
216192
216194
216196
216200
216203
216374
216391
216424
216539
216546
216557
216580
216597
216672
216683
216879
217004
217085
217092
217102
217105
217130
217195
217198
217311
217345
217564
217596
217665
217751
217755
217787
217789
217810
217849
217903
217930
217982
218018
218032
218085
218112
218266
218314
218454
218485
218499
218514
218638
218667
218697
218720
218738
218769
218776
218784
218809
218856
218868
219001
219004
219008
219044
219047
219060
219063
219180
219247
219252
219253
219267
219335
219386
219431
219437
219508
219606
219628
219668
219808
219816
219878
219895
219932
219961
220084
220139
220287
220386
220447
220468
220471
220475
220476
220490
220506
220512
220514
220618
220638
220648
220655
220677
220680
220682
220720
220778
220796
220854
220885
220897
221002
221007
221161
221245
221351
221357
221425
221432
221434
221437
221444
221506
221562
221637
221661
221737
221767
221782
221817
221824
221839
221843
221865
221912
221972
222008
222025
222026
222165
222171
222240
222264
222283
222299
222316
222333
222357
222415
222438
222461
222465
222641
222832
222851
222858
222861
222879
222882
222900
222911
222932
222969
223004
223050
223055
223061
223075
223084
223085
223093
223097
223099
223106
223139
223140
223144
223178
223259
223263
223269
223281
223286
223296
223319
223324
223344
223376
223461
223625
223698
223732
223753
223754
223780
223968
223974
224007
224014
224067
224069
224073
224075
224078
224120
224223
224243
224244
224301
224324
224328
224350
224473
224509
224511
224566
224614
224615
224626
224630
224645
224647
224650
224652
224677
224680
224681
224686
224687
224688
224690
224756
224758
224772
224778
224815
224896
224908
224944
224950
224951
224957
224997
225011
225029
225035
225048
225065
225082
225266
225278
225279
225285
225287
225294
225298
225301
225429
225437
225438
225449
225454
225456
225459
225524
225549
225587
225608
225666
225671
225715
225724
225800
225866
225867
225898
225952
225979
225982
226018
226023
226140
226179
226199
226252
226257
226269
226417
226438
226458
226570
226603
226614
226624
226630
226640
226783
226850
226884
226897
226931
226948
226988
226990
226992
226994
227002
227008
227070
227071
227094
227116
227172
227173
227213
227225
227227
227234
227254
227267
227281
227285
227348
227369
227432
227433
227531
227534
227553
227555
227565
227569
227571
227574
227575
227601
227603
227608
227611
227618
227619
227623
227625
227662
227670
227692
227739
227759
227772
227795
227798
227835
227841
227852
227854
227856
227857
227858
227864
227866
227867
227871
227877
227883
227895
227903
227907
227914
227922
227992
228012
228103
228172
228263
228269
228316
228358
228369
228434
228442
228472
228485
228496
228504
228505
228550
228552
228562
228596
228650
228676
228678
228724
228820
228880
228915
228942
228973
229078
229108
229138
229154
229156
229182
229331
229333
229335
229341
229357
229375
229394
229526
229541
229761
229790
229801
229828
229839
229842
229847
229850
229852
229856
229862
229866
229894
229934
230008
230070
230077
230082
230168
230210
230256
230263
230264
230298
230300
230333
230430
230453
230461
230479
230559
230564
230573
230576
230619
230643
230653
230656
230686
230688
230691
230714
230722
230887
230907
230925
230977
230997
231001
231003
231082
231162
231188
231300
231384
231430
231482
231502
231509
231516
231528
231683
231707
231783
231809
231833
231994
232194
232219
232232
232319
232331
232406
232408
232526
232612
232731
232755
232777
232789
232799
232802
232804
232810
232856
232888
232893
232995
233077
233191
233194
233200
233202
233203
233208
233222
233226
233281
233285
233289
233292
233359
233383
233501
233523
233734
233738
233833
233842
233881
233885
233934
233940
233956
234088
234124
234151
234212
234652
234663
234709
234815
234941
234993
235046
235247
235339
235348
235373
235374
235385
235493
235497
235537
235692
235733
235746
235788
235796
235798
235853
236129
236149
236336
236375
236423
236605
236775
236786
236808
236816
236893
237015
237293
237394
237407
237449
237690
237714
237781
237862
238085
238087
238091
238092
238101
238205
238341
238358
238374
238384
238519
238544
238596
238636
238647
238695
238718
238854
238957
239019
239076
239201
239211
239255
239288
239317
239352
239380
239414
239427
239434
239458
239602
239628
239722
239728
239742
239815
239840
239973
240157
240193
240194
240222
240260
240336
240490
240507
240585
240611
240665
240675
240860
240896
240992
241041
241047
241119
241174
241202
241257
241258
241308
241310
241396
241438
241528
241723
241764
241833
241842
241843
241855
241863
241927
241958
242011
242033
242171
242224
242245
242358
242361
242376
242441
242455
242487
242493
242512
242549
242584
242606
243472
243520
243570
243688
243697
243704
243714
243770
243771
243772
243773
243776
243781
243782
243783
243785
243787
243789
243837
243889
243901
243910
243940
243996
243997
243998
244009
244033
244067
244158
244206
244216
244301
244305
244311
244316
244412
244446
244453
244458
244557
244566
244610
244638
244741
244765
244766
244805
244844
244852
245003
245087
245090
245097
245107
245142
245224
245367
245492
245510
245513
245529
245589
245627
245658
245716
245957
245961
245987
245992
246023
246060
246072
246162
246196
246206
246218
246223
246228
246229
246233
246236
246337
246341
246352
246355
246390
246403
246409
246417
246448
246463
246485
246548
246559
246585
246688
246727
246741
246821
246822
246889
246917
246943
247111
247113
247280
247418
247603
247636
247670
247674
247747
247873
248007
248039
248045
248061
248063
248099
248187
248426
248481
248506
248557
248561
248576
248595
248633
248641
248661
248670
248714
248736
248781
248990
248992
248995
249044
249087
249101
249187
249195
249220
249222
249231
249235
249245
249248
249254
249260
249281
249295
249344
249345
249372
249391
249418
249442
249446
249469
249478
249491
249527
249534
249537
249556
249599
249602
249672
249849
249921
249975
249987
250062
250072
250084
250100
250172
250184
250185
250325
250352
250362
250414
250417
250420
250425
250443
250447
250453
250505
250508
250525
250546
250557
250574
250577
250589
250629
250638
250717
250739
250747
250786
250788
250792
250839
250858
250866
250869
250879
250883
250884
250930
250933
250991
251046
251124
251136
251168
251183
251211
251213
251270
251282
251309
251337
251365
251368
251370
251371
251384
251407
251412
251439
251499
251526
251559
251622
251719
251721
251733
251735
251860
252122
252130
252151
252171
252189
252190
252208
252235
252273
252296
252297
252320
252374
252409
252422
252429
252455
252492
252496
252529
252531
252532
252567
252574
252596
252612
252640
252715
252739
252778
252792
252797
252801
252857
252864
252880
252905
252932
253010
253057
253081
253098
253103
253108
253148
253205
253237
253275
253288
253303
253306
253323
253363
253365
253376
253398
253400
253402
253410
253453
253477
253520
253622
253650
253674
253712
253779
253788
253794
253829
253862
253866
253905
253999
254007
254009
254010
254026
254032
254126
254156
254174
254186
254188
254191
254193
254194
254250
254268
254280
254426
254427
254469
254472
254474
254526
254529
254530
254532
254544
254555
254634
254643
254672
254701
254712
254732
254803
254874
255073
255197
255249
255250
255254
255261
255291
255292
255293
255295
255298
255299
255305
255328
255337
255384
255389
255430
255450
255492
255512
255515
255537
255561
255585
255593
255631
255633
255645
255674
255680
255711
255754
255755
255798
255848
255900
255911
255916
255921
255928
255991
256012
256030
256036
256054
256080
256085
256122
256227
256239
256274
256331
256452
256511
256514
256522
256544
256552
256577
256669
256676
256685
256742
256750
256756
256769
256771
256781
256795
256830
256890
256907
256951
256952
257025
257047
257054
257075
257087
257093
257117
257144
257206
257207
257275
257306
257309
257323
257345
257373
257391
257430
257444
257445
257450
257501
257527
257567
257629
257646
257762
257796
257834
257861
257874
257904
257954
257976
257987
258006
258086
258097
258115
258157
258193
258255
258311
258339
258422
258453
258492
258570
258612
258685
258726
258763
258851
258855
258923
258931
258936
258942
259062
259072
259074
259075
259100
259197
259233
259246
259299
259302
259303
259307
259360
259390
259391
259392
259400
259464
259469
259474
259512
259543
259544
259545
259586
259633
259651
259668
259672
259675
259693
259712
259729
259761
259812
259828
259829
259839
259847
259888
259904
259920
259921
259977
259979
260012
260014
260030
260085
260100
260104
260163
260175
260177
260210
260266
260315
260318
260435
260491
260524
260536
260579
260602
260604
260704
260739
260776
260780
260795
260804
260805
260809
260811
260814
260824
260840
260915
260958
260966
260975
261071
261073
261084
261090
261179
261264
261273
261335
261357
261403
261427
261472
261478
261595
261596
261597
261624
261727
261746
261928
261932
261943
262079
262084
262087
262088
262091
262131
262165
262169
262181
262187
262264
262267
262284
262305
262320
262324
262347
262368
262402
262423
262522
262527
262600
262609
262621
262690
262693
262702
262751
262784
262799
262832
262837
262839
262840
262848
262871
262872
262919
262972
262986
262996
263002
263009
263100
263103
263114
263124
263152
263163
263198
263214
263250
263265
263309
263393
263416
263472
263497
263554
263597
263619
263865
263905
263911
263986
264107
264163
264172
264184
264216
264227
264239
264246
264248
264249
264250
264251
264252
264253
264269
264344
264384
264397
264443
264449
264466
264467
264470
264480
264485
264532
264568
264574
264598
264642
264657
264691
264712
264718
264738
264743
264798
264833
264880
264881
264948
264983
264996
265010
265016
265018
265019
265067
265085
265240
265252
265285
265321
265449
265463
265465
265466
265470
265472
265484
265499
265569
265700
265866
265905
266063
266163
266182
266219
266221
266360
266501
266539
266644
266669
266725
266825
266873
266882
267013
267025
267085
267150
267226
267268
267282
267293
267399
267414
267441
267458
267491
267526
267570
267574
267587
267743
267767
267792
267794
267806
267852
267853
267909
267913
267927
268053
268091
268101
268102
268105
268111
268150
268157
268168
268175
268186
268217
268228
268229
268269
268409
268421
268508
268575
268580
268595
268687
268690
268716
268721
268725
268740
268758
268777
268871
268892
268940
268945
268948
268979
268993
269012
269050
269136
269174
269176
269178
269185
269231
269237
269248
269255
269279
269285
269290
269332
269358
269479
269580
269586
269587
269588
269602
269676
269696
269736
269776
269796
269825
269844
269857
269861
269870
269947
269959
270057
270064
270085
270149
270169
270176
270221
270287
270294
270297
270299
270303
270304
270314
270362
270398
270404
270411
270424
270439
270442
270465
270478
270488
270508
270548
270557
270561
270594
270595
270630
270643
270668
270736
270771
270802
270837
270851
270880
270884
270894
270913
270925
271041
271050
271075
271146
271203
271269
271315
271336
271347
271382
271392
271393
271404
271481
271488
271492
271499
271528
271533
271564
271643
271651
271665
271744
271770
271784
271798
271813
271833
271951
272098
272100
272101
272108
272263
272284
272296
272313
272328
272350
272423
272468
272469
272484
272617
272625
272634
272692
272699
272713
272796
272810
272813
272876
272911
272928
272997
273060
273135
273174
273187
273190
273204
273236
273271
273375
273418
273422
273425
273467
273477
273508
273509
273511
273525
273544
273560
273565
273603
273608
273623
273645
273651
273675
273725
273763
273773
273786
273789
273792
273804
273805
273807
273855
273856
273873
273879
273889
273923
273946
273947
274001
274025
274036
274078
274081
274082
274107
274140
274172
274186
274214
274218
274223
274243
274247
274272
274290
274339
274359
274433
274449
274477
274513
274519
274626
274634
274636
274747
274804
274877
274883
274897
274899
274930
274932
274991
275039
275088
275203
275209
275210
275239
275328
275420
275472
275479
275613
275614
275637
275678
275804
275805
275813
275869
275897
275928
275950
275985
276007
276012
276036
276056
276086
276129
276150
276168
276208
276210
276287
276292
276328
276343
276346
276357
276366
276483
276488
276491
276505
276509
276522
276523
276535
276624
276691
276692
276697
276698
276739
276744
276746
276748
276836
276857
276872
276877
276911
276916
276922
276926
276930
276956
277046
277054
277093
277113
277133
277179
277189
277232
277251
277348
277361
277367
277377
277433
277439
277461
277500
277506
277514
277540
277552
277579
277599
277610
277636
277685
277686
277687
277688
277692
277754
277774
277791
277965
278070
278102
278267
278288
278305
278311
278316
278327
278332
278336
278388
278438
278478
278513
278545
278632
278653
278665
278670
278682
278686
278706
278771
278806
278834
278910
278934
278954
278961
278984
278995
279032
279087
279153
279181
279237
279256
279316
279359
279373
279405
279428
279493
279504
279516
279525
279547
279548
279551
279588
279623
279659
279661
279673
279690
279696
279732
279752
279755
279764
279785
279812
279817
279859
279905
279928
279932
279948
279965
279966
279967
279968
279969
279970
279972
279975
279977
279994
279997
279998
280000
280002
280005
280016
280092
280116
280127
280171
280191
280220
280241
280272
280381
280387
280393
280402
280434
280440
280468
280486
280552
280573
280585
280731
280774
280860
280887
280892
280923
280928
280931
281000
281044
281054
281101
281111
281114
281117
281140
281152
281160
281168
281177
281186
281189
281229
281289
281309
281348
281358
281392
281549
281557
281621
281631
281653
281657
281668
281698
281707
281720
281770
281869
281872
281888
281897
281905
281932
281933
281973
281979
282035
282050
282069
282070
282152
282172
282191
282300
282329
282336
282338
282353
282367
282391
282399
282432
282440
282443
282448
282484
282534
282554
282616
282670
282747
282769
282776
282787
282800
282812
282813
282826
282901
282908
282934
282938
282955
282960
283009
283075
283087
283112
283127
283150
283169
283217
283225
283256
283262
283323
283327
283328
283419
283431
283436
283437
283445
283548
283556
283613
283627
283686
283716
283746
283749
283755
283783
283834
283835
283860
283885
283925
284017
284018
284063
284110
284125
284248
284249
284262
284270
284303
284305
284308
284319
284324
284564
284578
284584
284594
284711
284754
284813
284893
284995
285067
285089
285104
285215
285225
285251
285304
285306
285324
285359
285363
285374
285471
285498
285503
285524
285549
285551
285554
285556
285598
285743
285797
285838
285840
285872
285943
285957
285981
286003
286025
286093
286186
286223
286234
286297
286347
286365
286367
286371
286372
286387
286441
286452
286486
286491
286570
286657
286659
286681
286805
286865
286885
286890
286929
286939
286967
286971
287021
287077
287084
287174
287175
287189
287240
287258
287279
287311
287318
287424
287446
287456
287500
287523
287524
287525
287526
287527
287528
287601
287692
287715
287779
287783
287784
287793
287798
287879
287903
287937
287982
288042
288049
288087
288123
288137
288154
288158
288234
288238
288250
288297
288335
288411
288424
288445
288454
288500
288505
288514
288516
288588
288607
288671
288684
288687
288854
288859
288917
289021
289034
289097
289190
289197
289239
289271
289283
289363
289416
289442
289476
289536
289548
289559
289565
289571
289613
289668
289698
289702
289708
289712
289732
289740
289750
289920
289923
289946
290036
290057
290079
290182
290224
290235
290256
290281
290291
290302
290363
290390
290391
290394
290396
290413
290415
290447
290456
290537
290555
290565
290588
290589
290590
290619
290623
290625
290637
290656
290669
290678
290696
290697
290708
290724
290725
290732
290767
290789
290795
290825
290847
290903
290988
290999
291002
291110
291151
291163
291167
291272
291279
291290
291297
291331
291336
291347
291367
291370
291374
291384
291413
291418
291438
291452
291492
291495
291506
291533
291540
291542
291543
291544
291545
291564
291566
291567
291590
291604
291608
291610
291619
291625
291637
291643
291661
291679
291693
291751
291762
291783
291865
291866
291873
291998
292013
292106
292110
292200
292227
292238
292239
292280
292315
292472
292482
292506
292523
292525
292617
292625
292636
292828
292830
292876
292877
292988
292992
293021
293071
293093
293125
293183
293188
293240
293249
293290
293360
293379
293401
293403
293417
293433
293452
293477
293517
293536
293540
293553
293555
293572
293585
293622
293625
293670
293771
293781
293784
293791
293828
293830
293831
293852
293862
293878
293883
293893
293894
293901
293970
293976
293980
294008
294017
294047
294083
294131
294134
294147
294160
294203
294238
294258
294263
294274
294289
294300
294308
294310
294334
294346
294371
294485
294488
294515
294548
294562
294566
294584
294616
294629
294705
294723
294753
294776
294798
294805
294811
294816
294833
294840
294844
294904
294910
294912
294963
294966
294976
294979
295011
295071
295138
295154
295155
295157
295168
295180
295181
295202
295207
295215
295254
295278
295294
295307
295331
295338
295339
295353
295375
295387
295388
295413
295427
295430
295433
295441
295465
295466
295482
295576
295594
295616
295636
295647
295711
295723
295737
295774
295781
295786
295789
295830
295900
295933
295981
295987
296065
296121
296130
296172
296174
296216
296241
296244
296271
296273
296280
296315
296346
296349
296356
296371
296438
296457
296483
296496
296500
296503
296557
296571
296573
296574
296626
296647
296695
296712
296760
296767
296796
296803
296855
296878
296916
296932
296953
296998
297003
297015
297030
297058
297059
297077
297091
297120
297147
297160
297173
297186
297190
297241
297242
297244
297269
297275
297294
297297
297306
297422
297431
297455
297459
297461
297465
297472
297478
297480
297534
297548
297580
297588
297600
297608
297610
297631
297632
297680
297727
297768
297792
297811
297878
297881
298009
298015
298021
298023
298026
298028
298032
298036
298042
298091
298093
298096
298156
298165
298166
298169
298171
298174
298177
298180
298183
298186
298193
298200
298201
298228
298250
298294
298296
298301
298302
298312
298347
298357
298380
298389
298400
298465
298472
298484
298485
298487
298538
298547
298577
298584
298589
298609
298653
298663
298683
298723
298742
298787
298830
298833
298835
298865
298966
298967
298968
298977
298978
298979
298983
299012
299025
299077
299079
299080
299081
299093
299138
299139
299154
299245
299340
299359
299413
299423
299427
299428
299431
299435
299438
299442
299446
299447
299448
299449
299450
299453
299457
299460
299468
299474
299496
299504
299526
299540
299548
299551
299573
299577
299586
299589
299593
299599
299610
299614
299616
299621
299622
299624
299625
299626
299627
299631
299635
299637
299639
299730
299737
299740
299768
299802
299804
299806
299807
299808
299810
299824
299858
299939
299965
300019
300049
300096
300127
300139
300142
300143
300144
300146
300156
300236
300321
300355
300375
300393
300411
300442
300467
300469
300522
300581
300583
300584
300591
300613
300615
300662
300665
300668
300669
300683
300767
300790
300804
300817
300902
300903
300906
300929
300972
300980
300986
300994
300996
301010
301014
301074
301080
301113
301122
301156
301199
301233
301246
301249
301263
301286
301303
301325
301343
301356
301365
301382
301417
301431
301566
301606
301655
301659
301671
301711
301728
301744
301750
301765
301804
301821
301846
301848
301866
301880
301915
301920
301992
302019
302020
302038
302045
302106
302114
302128
302184
302256
302428
302477
302490
302506
302512
302584
302586
302614
302644
302675
302684
302689
302749
302790
302797
302801
302890
302904
303005
303060
303089
303129
303146
303177
303204
303267
303289
303303
303323
303327
303350
303458
303460
303462
303468
303469
303480
303492
303496
303501
303504
303512
303522
303534
303536
303540
303678
303696
303702
303706
303745
303775
303777
303856
303898
303965
303966
304021
304104
304134
304147
304366
304387
304480
304613
304629
304657
304706
304752
304775
304819
304897
304916
305028
305037
305058
305077
305148
305154
305159
305175
305392
305511
305523
305580
305581
305615
305634
305655
305769
305805
305862
305883
305928
305966
305967
306000
306045
306077
306109
306185
306285
306307
306381
306517
306520
306622
306628
306630
306634
306639
306642
306643
306645
306648
306649
306655
306696
306701
306746
306747
306748
306769
306803
306932
306947
306951
306964
306966
306967
306969
307023
307047
307108
307112
307123
307130
307150
307156
307265
307274
307380
307504
307544
307590
307719
307728
307739
308017
308037
308115
308123
308125
308128
308129
308130
308133
308135
308137
308152
308186
308194
308235
308250
308259
308269
308348
308419
308421
308441
308467
308498
308520
308539
308572
308642
308650
308655
308704
308716
308721
308724
308787
308831
308866
308867
308993
309000
309013
309047
309062
309063
309073
309079
309083
309193
309290
309297
309301
309378
309397
309439
309554
309589
309732
309760
309772
309779
309780
309782
309793
309794
309811
309815
309879
309885
309889
309919
309921
309955
310018
310043
310131
310135
310137
310331
310451
310535
310538
310540
310591
310592
310707
310725
310807
310843
310917
310921
310933
310945
310947
310996
311010
311017
311049
311078
311082
311085
311116
311155
311156
311170
311178
311327
311460
311539
311676
311683
311699
311708
311876
312082
312172
312174
312199
312275
312302
312394
312395
312396
312448
312475
312640
312649
312692
312781
312791
312793
312823
312827
312831
312859
312900
312980
312984
313036
313263
313330
313343
313533
313542
313553
313598
313710
313922
313954
314065
314071
314088
314193
314225
314235
314257
314266
314287
314291
314364
314379
314405
314420
314421
314422
314431
314499
314510
314533
314542
314554
314762
314814
314865
314915
314958
314977
314982
315006
315007
315011
315024
315039
315083
315094
315125
315126
315151
315205
315209
315221
315243
315247
315250
315253
315256
315267
315273
315306
315355
315379
315400
315404
315440
315442
315449
315452
315529
315531
315585
315586
315708
315776
315832
315838
315899
315921
315929
315978
316005
316010
316018
316032
316036
316091
316106
316108
316113
316154
316157
316233
316246
316268
316345
316408
316419
316438
316637
316710
316724
316727
316744
316745
316770
316780
316814
316823
316825
316862
316871
316874
316878
316881
316898
316951
316961
316979
317030
317038
317041
317093
317127
317156
317168
317176
317232
317250
317275
317342
317406
317578
317591
317619
317657
317688
317712
317793
317873
317894
317903
317917
317957
317979
317981
317985
318000
318154
318288
318356
318378
318381
318535
318582
318611
318619
318621
318631
318637
318666
318709
318717
318788
318836
318898
318931
318936
318939
318941
318947
319034
319178
319188
319202
319203
319206
319213
319223
319297
319298
319302
319304
319309
319311
319314
319318
319323
319324
319325
319326
319327
319365
319396
319459
319551
319565
319595
319631
319641
319678
319700
319812
319847
319988
320020
320048
320065
320078
320120
320153
320169
320175
320176
320180
320213
320294
320366
320380
320392
320412
320413
320440
320442
320444
320507
320508
320529
320654
320678
320714
320764
320781
320799
320803
320844
320846
320883
320904
320980
321013
321039
321066
321099
321258
321275
321305
321348
321371
321377
321455
321473
321478
321665
321668
321683
321685
321686
321695
321699
321702
321704
321705
321707
321709
321713
321718
321723
321725
321735
321737
321738
321740
321746
321768
321783
321813
321910
322009
322036
322037
322042
322043
322044
322048
322050
322055
322058
322060
322061
322076
322148
322149
322151
322163
322170
322211
322246
322266
322335
322339
322401
322404
322410
322418
322426
322427
322431
322433
322436
322459
322493
322496
322497
322498
322499
322502
322505
322518
322527
322528
322529
322530
322534
322535
322537
322543
322572
322573
322574
322576
322577
322584
322586
322587
322593
322609
322647
322658
322682
322712
322786
322848
322858
322922
323014
323030
323079
323115
323139
323140
323214
323262
323270
323271
323358
323366
323369
323370
323371
323373
323443
323465
323478
323485
323508
323528
323564
323610
323625
323630
323665
323689
323694
323707
323710
323792
323840
323851
323864
323914
323964
324008
324010
324015
324021
324075
324084
324119
324183
324234
324243
324246
324375
324393
324430
324436
324440
324453
324560
324787
324794
324803
324812
324813
324822
324930
324986
325039
325123
325129
325157
325186
325262
325302
325338
325454
325460
325517
325594
325598
325607
325609
325610
325612
325614
325615
325617
325620
325628
325717
325744
325806
325827
325906
325989
326044
326049
326051
326069
326071
326078
326086
326097
326126
326135
326194
326217
326247
326277
326280
326307
326415
326420
326431
326441
326446
326457
326512
326536
326545
326546
326549
326550
326551
326577
326662
326663
326724
326732
326834
326845
326847
326853
326872
326968
326971
326985
326992
326999
327021
327025
327028
327095
327096
327165
327173
327176
327253
327315
327330
327363
327367
327368
327369
327370
327389
327445
327521
327533
327538
327544
327565
327568
327651
327674
327732
327738
327750
327767
327815
327894
327911
327930
328014
328091
328118
328141
328216
328225
328240
328252
328382
328515
328524
328525
328526
328572
328640
328676
328688
328724
328763
328784
328870
328910
328928
328936
328939
328940
328947
328963
328969
328975
328985
328986
328987
328988
328989
329010
329013
329020
329025
329029
329033
329061
329104
329105
329107
329110
329115
329122
329134
329205
329237
329250
329288
329289
329399
329409
329412
329440
329465
329486
329505
329549
329556
329622
329702
329703
329707
329711
329732
329807
329824
329838
329841
329877
329884
329951
329977
330000
330025
330042
330070
330117
330163
330169
330173
330214
330215
330222
330223
330224
330259
330266
330291
330385
330425
330489
330498
330530
330537
330656
330747
330770
330900
330938
330944
330972
330980
330990
330993
330994
330997
330998
331018
331020
331031
331036
331075
331104
331105
331151
331156
331164
331189
331212
331236
331307
331326
331335
331352
331383
331392
331425
331431
331432
331446
331456
331647
331677
331692
331706
331740
331802
331827
331838
331839
331901
331929
332015
332038
332054
332160
332167
332171
332233
332278
332279
332280
332285
332290
332294
332295
332296
332312
332393
332410
332452
332464
332488
332541
332567
332624
332662
332689
332690
332704
332751
332755
332765
332920
332940
332985
333072
333130
333134
333156
333186
333318
333322
333357
333371
333407
333416
333418
333420
333422
333423
333428
333432
333440
333442
333465
333472
333489
333544
333674
333680
333720
333742
333780
333812
333817
333824
333862
333866
333874
333903
333911
333960
333981
334000
334003
334026
334027
334028
334033
334038
334088
334098
334141
334174
334175
334202
334207
334245
334271
334287
334305
334319
334351
334388
334394
334454
334479
334536
334673
334693
334707
334717
334720
334742
334748
334749
334751
334753
334787
334839
334875
334894
334895
334948
334986
334999
335003
335033
335034
335061
335163
335185
335223
335344
335346
335370
335393
335409
335448
335512
335572
335580
335582
335633
335646
335650
335656
335696
335732
335736
335753
335791
335796
335837
335851
335866
335900
336010
336031
336048
336081
336107
336112
336167
336192
336226
336227
336237
336238
336241
336254
336265
336271
336288
336294
336295
336357
336403
336405
336453
336455
336497
336503
336560
336598
336654
336659
336766
336777
336796
336809
336824
336833
336850
336863
336871
336884
336906
336908
336921
336969
337021
337029
337045
337073
337085
337100
337132
337175
337184
337214
337218
337220
337240
337245
337256
337259
337288
337300
337310
337342
337355
337380
337387
337422
337445
337487
337527
337530
337543
337558
337568
337632
337692
337719
337805
337857
337879
337889
337928
337937
337961
337989
337998
338020
338053
338067
338124
338125
338138
338172
338178
338224
338240
338284
338393
338394
338473
338514
338520
338537
338594
338598
338642
338647
338676
338677
338713
338730
338751
338752
338767
338896
338900
338947
338967
338985
339002
339059
339087
339117
339170
339191
339225
339316
339323
339342
339345
339373
339381
339436
339443
339530
339531
339547
339548
339553
339588
339644
339657
339715
339748
339798
339871
339917
339925
339992
339994
340001
340011
340018
340030
340032
340033
340102
340103
340143
340165
340172
340176
340185
340187
340193
340197
340204
340213
340249
340290
340315
340382
340385
340401
340431
340452
340462
340553
340554
340593
340601
340625
340639
340646
340670
340744
340776
340820
340837
340849
340855
340862
340865
340876
340883
340975
341006
341035
341051
341057
341069
341072
341084
341114
341181
341191
341218
341229
341300
341322
341341
341368
341405
341420
341457
341459
341460
341467
341606
341607
341610
341612
341619
341650
341654
341671
341688
341725
341734
341741
341785
341790
341833
341838
341841
341850
341856
341857
341858
341886
341957
341963
341985
341987
341989
341995
342018
342088
342100
342127
342140
342319
342380
342391
342453
342486
342492
342525
342584
342588
342657
342676
342681
342687
342693
342695
342724
342727
342730
342732
342757
342818
342847
342896
342927
342933
342991
343004
343041
343097
343101
343112
343173
343231
343243
343284
343336
343362
343416
343459
343462
343468
343471
343474
343476
343478
343489
343490
343493
343495
343509
343511
343517
343550
343559
343584
343658
343660
343662
343664
343674
343684
343701
343737
343750
343753
343773
343775
343801
343803
343805
343872
343885
343886
343907
343929
343930
343964
343982
344001
344051
344054
344088
344104
344142
344147
344161
344240
344270
344302
344342
344357
344434
344456
344459
344490
344519
344523
344526
344528
344534
344559
344593
344612
344678
344680
344686
344688
344742
344743
344760
344796
344808
344854
344885
344895
344898
344901
345035
345069
345083
345091
345099
345149
345154
345175
345183
345252
345287
345352
345400
345408
345468
345513
345641
345692
345781
345801
345871
345875
345883
345884
345888
345911
345913
345921
345931
345940
345950
345983
346043
346089
346093
346123
346170
346175
346196
346244
346297
346309
346318
346364
346371
346424
346477
346546
346560
346567
346603
346633
346636
346641
346651
346652
346671
346672
346764
346818
346825
346826
346925
346939
346960
346964
346977
346982
346986
347008
347064
347070
347089
347093
347097
347127
347167
347196
347199
347206
347215
347344
347392
347423
347425
347438
347449
347501
347529
347548
347593
347642
347644
347649
347751
347752
347754
347755
347757
347760
347762
347763
347764
347766
347767
347797
347816
347829
347832
347847
347848
347849
347850
347851
347852
347854
347855
347911
347919
347944
347946
347973
347994
348049
348052
348123
348125
348132
348135
348156
348157
348165
348168
348172
348173
348175
348176
348179
348191
348195
348236
348260
348264
348291
348298
348306
348312
348317
348320
348360
348366
348493
348494
348519
348520
348523
348539
348540
348545
348572
348587
348638
348656
348754
348760
348784
348903
348929
348958
348961
349046
349047
349057
349067
349104
349110
349111
349114
349131
349135
349137
349138
349165
349182
349193
349200
349410
349437
349524
349550
349602
349795
349849
349942
350005
350048
350052
350073
350077
350083
350362
350610
350616
350618
350662
350669
350718
350751
350816
350837
350866
350872
350916
351043
351049
351064
351066
351067
351075
351077
351079
351187
351201
351211
351319
351364
351394
351408
351409
351460
351739
351743
351744
351796
351803
351868
351918
351933
351938
351962
351968
352082
352101
352105
352108
352111
352115
352166
352168
352172
352174
352232
352355
352372
352386
352458
352497
352594
352636
352647
352650
352675
352707
352734
352803
352806
352815
352816
352818
352848
352850
352864
352881
352887
352942
352960
352962
352988
353058
353082
353090
353093
353097
353127
353154
353156
353166
353184
353227
353328
353334
353345
353382
353383
353407
353416
353419
353484
353487
353495
353555
353592
353599
353605
353619
353623
353634
353636
353654
353656
353686
353739
353765
353768
353800
353813
353854
353857
353934
353935
353938
353948
353950
353954
353964
353979
353999
354012
354021
354032
354039
354079
354099
354108
354120
354125
354133
354135
354136
354137
354139
354152
354205
354216
354220
354251
354254
354263
354325
354326
354328
354330
354333
354334
354380
354386
354395
354401
354405
354406
354434
354479
354481
354485
354506
354534
354547
354560
354606
354623
354642
354651
354667
354668
354669
354697
354722
354788
354794
354888
354891
354924
355156
355193
355202
355204
355207
355248
355264
355272
355309
355324
355366
355411
355487
355499
355502
355506
355510
355511
355536
355576
355579
355598
355611
355652
355673
355713
355743
355775
355824
355854
355884
355960
355963
355964
356053
356084
356085
356089
356149
356191
356326
356424
356444
356482
356483
356486
356527
356555
356640
356660
356677
356690
356760
356781
356787
356877
356891
356912
357007
357021
357026
357054
357096
357106
357126
357151
357170
357235
357390
357421
357522
357560
357611
357704
357817
357853
357903
357964
357995
358253
358287
358311
358314
358319
358323
358392
358545
358547
358550
358551
358602
358608
358611
358618
358648
358708
358719
358724
358770
358802
358892
358894
358896
358952
358962
358982
359020
359029
359053
359056
359062
359065
359072
359083
359095
359096
359097
359109
359110
359112
359113
359122
359186
359212
359228
359236
359245
359246
359252
359254
359255
359279
359286
359299
359306
359308
359311
359312
359348
359352
359427
359429
359570
359571
359573
359574
359593
359606
359636
359642
359701
359753
359887
359888
359934
359966
360007
360018
360041
360052
360118
360125
360126
360149
360188
360205
360227
360228
360251
360257
360285
360286
360310
360321
360328
360368
360412
360413
360423
360486
360494
360551
360609
360651
360677
360687
360691
360693
360700
360703
360722
360726
360784
360833
360870
360924
360928
360940
361001
361022
361028
361042
361043
361061
361144
361159
361193
361235
361265
361268
361292
361302
361319
361393
361411
361424
361428
361432
361470
361472
361494
361495
361537
361538
361539
361554
361620
361763
361828
361846
361930
361943
361945
361988
362028
362057
362065
362087
362088
362089
362097
362105
362111
362126
362134
362171
362180
362214
362216
362227
362229
362233
362262
362304
362306
362332
362333
362340
362373
362385
362388
362397
362409
362417
362419
362430
362434
362439
362443
362507
362523
362573
362579
362587
362591
362594
362702
362726
362736
362738
362742
362757
362776
362807
362826
362844
362900
362911
362971
362996
363036
363041
363059
363089
363107
363111
363119
363126
363148
363164
363173
363264
363275
363277
363282
363284
363310
363314
363335
363405
363439
363462
363602
363689
363690
363717
363777
363809
363842
363844
363858
363887
363889
363890
363935
363987
363994
364003
364005
364009
364057
364088
364092
364094
364116
364138
364153
364159
364183
364189
364194
364197
364219
364220
364229
364310
364347
364379
364422
364424
364425
364426
364465
364466
364482
364489
364493
364496
364663
364675
364741
364767
364788
364791
364798
364801
364812
364821
364840
364870
364873
364908
364998
365008
365021
365024
365028
365038
365068
365076
365083
365096
365152
365249
365252
365253
365283
365299
365309
365348
365351
365376
365391
365432
365441
365458
365537
365583
365593
365610
365618
365645
365651
365701
365712
365720
365752
365768
365805
365811
365834
365836
365841
365842
365848
365850
365860
365964
365995
366005
366042
366067
366071
366083
366084
366086
366090
366092
366095
366110
366115
366123
366129
366133
366134
366150
366152
366159
366171
366173
366182
366209
366210
366214
366231
366232
366255
366319
366333
366355
366357
366360
366506
366551
366617
366637
366638
366708
366719
366789
366795
366799
366809
366824
366841
366843
366845
366865
366897
366910
366914
366969
367080
367099
367108
367139
367152
367204
367224
367249
367251
367259
367284
367292
367333
367352
367433
367455
367502
367589
367626
367717
367747
367797
367799
367842
367848
367930
367941
367953
368000
368031
368037
368051
368076
368182
368202
368209
368256
368323
368347
368378
368413
368575
368585
368590
368663
368672
368698
368739
368761
368890
368971
369032
369143
369144
369146
369148
369149
369163
369164
369196
369202
369272
369297
369300
369306
369427
369452
369517
369588
369637
369732
369751
369761
369763
369798
369819
369823
369829
369830
369868
369877
369896
369912
369936
369984
370004
370067
370091
370098
370104
370111
370121
370125
370131
370133
370141
370157
370167
370178
370191
370194
370204
370206
370207
370208
370209
370216
370217
370233
370234
370238
370246
370270
370286
370311
370324
370364
370365
370381
370396
370460
370473
370477
370498
370528
370594
370664
370666
370690
370783
370787
370808
370849
370897
370952
371003
371025
371109
371161
371193
371213
371238
371241
371303
371332
371336
371386
371420
371440
371451
371514
371560
371608
371664
371722
371780
371798
371804
371815
371824
371833
371851
371873
371886
371898
371914
372052
372074
372174
372213
372246
372258
372343
372347
372358
372463
372572
372575
372577
372579
372581
372582
372639
372726
372728
372730
372738
372741
372778
372783
372800
372891
372962
373027
373039
373048
373104
373190
373194
373226
373350
373477
373541
373632
373663
373778
373786
373929
373944
374009
374023
374052
374114
374167
374191
374221
374293
374301
374334
374466
374515
374545
374549
374618
374651
374697
374706
374767
374795
374833
374839
374896
374922
374933
375012
375061
375170
375238
375305
375332
375355
375358
375366
375416
375451
375509
375542
375569
375580
375639
375655
375664
375676
375728
375742
375791
375815
375829
375909
375989
376028
376042
376094
376221
376258
376311
376395
376415
376416
376419
376464
376502
376507
376509
376537
376549
376560
376563
376570
376576
376579
376598
376788
376804
376872
376939
377039
377150
377165
377264
377325
377362
377405
377406
377409
377448
377452
377498
377587
377601
377603
377635
377637
377662
377681
377733
377765
377779
377787
377843
377859
377998
378014
378017
378018
378020
378056
378160
378218
378307
378310
378311
378315
378362
378470
378472
378485
378607
378632
378717
378723
378725
378727
378728
378794
378890
378908
378983
378991
379058
379089
379096
379100
379101
379102
379104
379107
379111
379133
379200
379276
379308
379311
379314
379316
379322
379334
379394
379468
379471
379515
379565
379597
379599
379649
379653
379666
379667
379685
379697
379805
379852
379855
379862
379865
379868
379889
379965
380022
380052
380078
380087
380117
380118
380124
380186
380266
380300
380372
380379
380392
380434
380469
380565
380575
380620
380639
380667
380685
380721
380734
380739
380844
380847
380911
380963
380988
381032
381034
381063
381149
381170
381214
381237
381283
381288
381294
381325
381355
381372
381380
381381
381382
381419
381482
381507
381563
381640
381650
381654
381678
381702
381760
381767
381776
381777
381782
381820
381905
381935
381961
381994
382012
382044
382046
382049
382050
382052
382053
382056
382184
382218
382240
382243
382244
382259
382272
382290
382384
382437
382464
382466
382469
382476
382480
382481
382551
382602
382630
382644
382677
382689
382723
382725
382731
382755
382782
382858
382890
382915
382966
383024
383026
383030
383031
383033
383034
383035
383046
383053
383054
383057
383067
383089
383145
383148
383150
383309
383311
383327
383338
383348
383379
383404
383442
383491
383502
383528
383530
383535
383547
383550
383553
383554
383561
383562
383563
383637
383648
383651
383668
383683
383696
383741
383768
383788
383802
383896
383901
384013
384056
384075
384084
384114
384122
384172
384188
384197
384216
384278
384419
384450
384452
384508
384521
384563
384594
384617
384627
384687
384698
384699
384721
384723
384756
384766
384797
384798
384821
384825
384830
384852
384863
384912
384978
384994
384997
385033
385038
385043
385075
385085
385104
385263
385301
385309
385320
385327
385364
385377
385378
385459
385502
385691
385713
385737
385773
385926
385938
385941
385964
385976
386021
386030
386037
386052
386053
386081
386090
386099
386114
386123
386150
386172
386219
386226
386231
386241
386255
386269
386298
386303
386396
386451
386521
386566
386585
386698
386705
386763
386780
386782
386826
386835
386850
386853
386868
386878
386879
386968
386973
387034
387039
387063
387203
387275
387348
387391
387396
387399
387417
387419
387455
387459
387468
387470
387491
387494
387496
387501
387559
387605
387625
387628
387650
387660
387713
387729
387737
387744
387749
387801
387827
387854
387858
387862
387895
387911
387929
388023
388045
388052
388149
388165
388192
388194
388199
388243
388284
388289
388410
388415
388440
388475
388531
388543
388547
388579
388593
388705
388732
388758
388994
389000
389163
389260
389286
389368
389401
389417
389515
389578
389645
389647
389709
389715
389724
389735
389812
389821
389832
389849
389856
389868
389974
390198
390213
390214
390249
390274
390326
390436
390485
390494
390538
390540
390557
390574
390576
390580
390582
390599
390639
390663
390674
390728
390768
390833
390883
390886
390959
391051
391058
391069
391207
391208
391218
391262
391317
391363
391402
391463
391519
391529
391561
391596
391625
391626
391627
391630
391653
391670
391715
391717
391750
391809
391813
391863
391872
391898
391900
391902
391903
391915
391937
391945
391962
391975
391988
392047
392049
392050
392051
392054
392058
392069
392193
392222
392248
392253
392356
392405
392407
392432
392437
392525
392569
392576
392595
392599
392630
392677
392699
392702
392703
392732
392765
392768
392771
392787
392818
392835
393006
393010
393098
393103
393124
393154
393181
393207
393210
393211
393212
393213
393215
393261
393270
393318
393320
393345
393355
393395
393404
393424
393474
393481
393493
393495
393498
393511
393513
393519
393544
393549
393643
393798
393821
393854
393894
393927
394051
394067
394115
394116
394151
394196
394315
394330
394498
394538
394546
394552
394578
394630
394830
394832
394855
394859
394860
394939
394953
395018
395298
395319
395389
395430
395435
395455
395456
395483
395562
395575
395613
395650
395658
395678
395680
395681
395695
395707
395710
395713
395797
395855
395871
395872
395877
395880
395896
395926
395929
395943
395948
395955
395982
395992
396003
396004
396011
396031
396039
396041
396060
396104
396116
396120
396152
396165
396192
396312
396321
396396
396422
396442
396466
396493
396508
396510
396520
396524
396535
396537
396542
396550
396563
396572
396587
396692
396717
396818
396827
396960
396963
396979
397052
397137
397144
397155
397243
397245
397273
397278
397282
397288
397290
397301
397392
397456
397459
397479
397483
397490
397514
397521
397552
397558
397562
397565
397566
397572
397578
397587
397629
397647
397658
397671
397734
397797
397831
397873
397981
398002
398025
398096
398173
398193
398208
398211
398271
398410
398434
398445
398470
398473
398489
398536
398588
398602
398648
398655
398656
398685
398702
398747
398765
398766
398768
398798
398810
398841
398865
398868
398871
398881
398887
398896
398925
398986
399004
399021
399024
399030
399062
399068
399073
399112
399118
399130
399133
399155
399172
399182
399191
399196
399199
399366
399372
399398
399592
399596
399611
399613
399615
399682
399701
399734
399747
399792
399859
399887
399894
399897
399959
400019
400038
400132
400136
400150
400170
400173
400272
400278
400329
400342
400404
400411
400427
400456
400464
400479
400545
400586
400589
400605
400610
400628
400643
400649
400654
400670
400673
400702
400703
400705
400710
400712
400717
400768
400777
400781
400820
400840
400870
400871
400877
400918
400943
400947
400951
400962
400967
400990
401017
401024
401049
401052
401053
401054
401063
401065
401066
401067
401106
401107
401131
401136
401139
401195
401214
401216
401243
401256
401272
401313
401319
401320
401359
401383
401386
401391
401403
401405
401407
401410
401422
401432
401434
401479
401559
401560
401561
401621
401710
401714
401716
401732
401793
401987
402008
402063
402095
402160
402167
402186
402189
402195
402257
402261
402341
402437
402438
402440
402448
402450
402456
402462
402466
402503
402504
402515
402516
402561
402577
402579
402616
402708
402714
402721
402726
402735
402805
402871
402885
402937
402959
402976
402989
403032
403100
403119
403130
403148
403159
403214
403264
403282
403283
403299
403313
403325
403368
403410
403419
403505
403587
403598
403599
403609
403642
403645
403646
403647
403648
403652
403654
403657
403671
403675
403678
403679
403814
403820
403830
403862
403866
403934
403964
404073
404086
404133
404179
404188
404192
404194
404205
404206
404292
404331
404350
404357
404388
404413
404415
404416
404439
404461
404489
404516
404523
404548
404582
404584
404588
404711
404713
404783
404812
404830
404837
404947
404961
404967
404989
405029
405039
405047
405057
405087
405089
405113
405174
405178
405179
405182
405225
405263
405291
405346
405377
405387
405465
405477
405522
405525
405535
405538
405539
405540
405551
405563
405568
405606
405615
405690
405741
405746
405774
405790
405795
405809
405880
405882
405899
405909
405923
405930
405932
405935
405959
405960
406001
406052
406084
406107
406108
406111
406112
406115
406118
406137
406164
406208
406261
406269
406275
406288
406427
406445
406453
406454
406490
406563
406582
406585
406591
406625
406869
406933
406985
406994
407036
407118
407175
407187
407230
407244
407279
407284
407294
407301
407303
407323
407326
407344
407365
407378
407389
407393
407411
407460
407526
407531
407548
407559
407620
407624
407626
407627
407628
407638
407647
407659
407675
407687
407739
407757
407762
407767
407775
407783
407792
407802
407825
407874
407875
407880
407923
407929
407931
407939
407948
408039
408054
408055
408060
408063
408064
408069
408082
408083
408103
408105
408138
408139
408140
408149
408185
408188
408201
408211
408220
408221
408237
408243
408252
408268
408278
408373
408381
408387
408391
408439
408464
408475
408490
408522
408527
408538
408548
408554
408576
408582
408612
408650
408654
408699
408731
408755
408830
408831
408839
408870
408914
408949
408984
409056
409090
409128
409133
409137
409157
409164
409168
409169
409190
409197
409198
409206
409259
409269
409281
409296
409297
409299
409307
409330
409361
409365
409489
409537
409544
409560
409582
409594
409617
410122
410126
410221
410238
410256
410270
410385
410441
410464
410465
410471
410473
410486
410506
410526
410537
410625
410634
410645
410653
410712
410735
410818
410832
410854
410859
410864
410865
410868
410876
410988
410991
410995
411036
411067
411143
411144
411179
411208
411209
411267
411279
411326
411333
411354
411442
411443
411450
411549
411617
411644
411773
411779
411805
411846
411854
411913
412057
412102
412111
412123
412250
412257
412333
412351
412354
412406
412457
412471
412472
412529
412542
412546
412574
412643
412648
412683
412684
412702
412741
412758
412762
412764
412766
412795
412811
412829
412844
412847
412853
412941
412961
412966
412998
413028
413070
413097
413100
413161
413259
413260
413296
413299
413312
413316
413324
413336
413353
413416
413438
413465
413469
413484
413492
413525
413555
413607
413659
413664
413695
413708
413734
413758
413766
413799
413839
413840
413857
413914
413951
413973
413985
413995
414041
414092
414145
414191
414192
414204
414224
414225
414284
414431
414532
414554
414569
414590
414600
414603
414609
414610
414611
414710
414757
414763
414827
414836
414910
415010
415015
415016
415044
415061
415110
415128
415175
415222
415233
415255
415298
415352
415379
415403
415416
415445
415446
415463
415469
415480
415484
415550
415584
415586
415589
415596
415609
415618
415632
415633
415661
415672
415675
415703
415826
415827
415847
415852
415869
415888
415890
415895
415903
415907
415908
415909
415913
415926
415945
415952
415964
416044
416079
416094
416119
416127
416133
416147
416154
416157
416160
416166
416167
416190
416192
416203
416209
416217
416219
416226
416228
416234
416256
416275
416277
416281
416303
416360
416395
416399
416452
416455
416459
416470
416478
416482
416497
416501
416504
416506
416523
416527
416530
416545
416551
416572
416642
416643
416674
416681
416690
416701
416724
416725
416729
416732
416734
416753
416756
416798
416855
416873
416874
416876
416911
416915
416919
416921
416930
416940
416947
416952
417012
417017
417030
417033
417065
417072
417098
417113
417116
417119
417128
417147
417169
417180
417262
417265
417266
417291
417304
417329
417384
417406
417451
417486
417501
417611
417620
417656
417672
417682
417685
417690
417705
417707
417773
417775
417800
417821
417869
417941
418028
418061
418078
418150
418252
418253
418255
418256
418258
418259
418260
418261
418263
418266
418286
418327
418328
418389
418396
418404
418405
418409
418414
418436
418440
418442
418450
418528
418557
418567
418585
418588
418691
418704
418804
418805
418808
418819
418820
418822
418835
418836
418837
418841
418842
418845
418849
418851
418858
418873
418882
418895
418912
418930
418939
418940
418945
418947
418949
418950
418951
418952
418955
418957
418966
418978
418984
419018
419026
419027
419030
419036
419086
419122
419165
419169
419171
419174
419196
419208
419228
419279
419295
419308
419311
419315
419319
419326
419327
419371
419386
419390
419391
419392
419393
419407
419430
419439
419449
419464
419471
419479
419500
419548
419590
419603
419606
419611
419618
419620
419621
419623
419625
419627
419633
419639
419643
419662
419663
419666
419677
419679
419681
419706
419747
419756
419758
419767
419774
419776
419825
419826
419832
419850
419853
419862
419867
419898
419903
419918
419958
419979
420016
420027
420046
420057
420064
420065
420074
420101
420132
420162
420208
420212
420214
420241
420244
420245
420281
420307
420421
420424
420425
420441
420445
420449
420451
420469
420477
420483
420486
420525
420526
420571
420572
420583
420614
420616
420634
420637
420648
420674
420707
420742
420763
420766
420767
420772
420775
420777
420781
420796
420835
420839
420847
420849
420893
420916
420918
420928
420950
420954
420982
420983
420990
420993
421049
421053
421054
421077
421080
421112
421114
421131
421132
421139
421140
421146
421151
421159
421170
421176
421193
421197
421209
421211
421212
421213
421267
421285
421303
421335
421341
421352
421358
421371
421375
421401
421405
421467
421490
421504
421506
421529
421555
421559
421601
421645
421647
421663
421665
421676
421708
421765
421779
421787
421792
421822
421848
421855
421881
421888
421914
421941
421972
421985
421987
421988
421989
421992
422009
422010
422016
422039
422047
422051
422060
422071
422089
422118
422122
422140
422151
422156
422163
422164
422168
422170
422172
422182
422196
422203
422219
422221
422240
422242
422247
422250
422252
422256
422262
422263
422292
422298
422309
422311
422316
422325
422326
422329
422333
422335
422336
422340
422350
422357
422358
422372
422399
422400
422406
422417
422418
422421
422471
422472
422514
422537
422565
422596
422618
422649
422652
422654
422656
422683
422688
422692
422708
422715
422724
422728
422729
422734
422761
422777
422782
422873
422887
422933
422934
422943
422947
422962
422973
422974
422982
422984
422986
422992
422993
422995
422998
423005
423029
423037
423038
423048
423057
423061
423068
423088
423108
423143
423144
423153
423236
423246
423268
423269
423336
423340
423342
423344
423345
423346
423348
423351
423355
423359
423363
423383
423388
423389
423391
423415
423518
423536
423543
423549
423554
423625
423631
423654
423655
423668
423767
423768
423777
423787
423845
423868
423870
423881
423913
423930
424003
424049
424054
424057
424060
424078
424079
424087
424093
424109
424121
424133
424139
424182
424222
424227
424254
424266
424275
424284
424302
424305
424349
424378
424389
424390
424433
424465
424478
424588
424593
424596
424646
424647
424649
424650
424652
424654
424689
424878
424990
424996
425007
425072
425094
425109
425163
425203
425204
425205
425233
425238
425253
425266
425267
425268
425270
425282
425312
425374
425378
425384
425444
425565
425572
425576
425623
425624
425626
425628
425673
425709
425711
425718
425723
425758
425760
425773
425788
425829
425833
425835
425875
425882
425931
425935
425938
425968
425972
425985
426001
426020
426034
426063
426067
426075
426193
426200
426204
426217
426249
426293
426331
426333
426357
426373
426375
426376
426405
426487
426502
426503
426506
426511
426513
426515
426516
426517
426520
426522
426523
426524
426526
426528
426529
426530
426533
426536
426539
426548
426556
426565
426636
426701
426730
426793
426797
426814
426850
426958
426984
427007
427040
427059
427060
427086
427106
427124
427189
427243
427253
427271
427274
427337
427396
427424
427472
427533
427539
427562
427680
427720
427747
427800
427915
427941
427950
427964
427966
427967
428047
428059
428282
428304
428326
428364
428394
428396
428399
428402
428420
428482
428491
428512
428602
428642
428673
428696
428801
428863
428879
428882
428893
428894
428898
428923
428942
429001
429031
429051
429072
429148
429186
429201
429417
429452
429460
429467
429476
429518
429537
429539
429652
429676
429713
429724
429725
429727
429730
429733
429734
429740
429742
429770
429813
429829
429855
429913
429960
429991
430122
430146
430166
430217
430223
430231
430244
430250
430291
430324
430333
430342
430345
430483
430587
430589
430597
430612
430615
430904
430912
430964
430967
430977
430981
430988
430993
431056
431066
431075
431109
431185
431234
431259
431267
431328
431392
431412
431420
431422
431474
431505
431771
431780
431796
431834
431837
431841
431848
431849
431873
431889
431948
431991
432055
432063
432116
432130
432212
432267
432269
432271
432277
432281
432364
432434
432487
432503
432524
432525
432579
432606
432661
432713
432730
432786
432802
432804
432809
432844
432856
432890
432896
432916
432925
432989
433002
433009
433044
433093
433128
433224
433243
433244
433267
433274
433311
433419
433432
433506
433628
433629
433640
433651
433673
433676
433698
433716
433808
433823
433854
433926
433941
433943
433989
434051
434071
434076
434080
434093
434130
434216
434217
434230
434279
434280
434303
434325
434331
434379
434385
434389
434392
434447
434520
434534
434555
434567
434576
434585
434591
434593
434661
434669
434673
434703
434772
434786
434807
434836
434873
434915
434986
435007
435040
435070
435087
435097
435102
435121
435172
435179
435210
435339
435414
435417
435448
435496
435515
435589
435615
435678
435689
435702
435704
435712
435730
435733
435866
435871
435913
435943
435977
435981
436024
436113
436274
436285
436328
436342
436369
436373
436387
436433
436444
436494
436496
436549
436585
436617
436775
436777
436785
436808
436897
436924
436945
436972
436973
437041
437091
437097
437108
437113
437132
437142
437200
437265
437270
437342
437518
437583
437600
437616
437618
437634
437712
437739
437746
437754
437761
437762
437834
437841
437964
437968
437978
438011
438013
438055
438070
438094
438154
438160
438237
438245
438250
438307
438309
438311
438350
438436
438451
438463
438602
438604
438734
438736
438739
438773
438799
438815
438858
438890
438913
438937
438943
438953
438970
438982
439013
439015
439032
439079
439082
439160
439214
439350
439384
439417
439418
439424
439446
439448
439562
439591
439772
439788
439833
439914
439917
439927
439943
439975
439979
439997
440020
440021
440061
440063
440085
440096
440112
440173
440207
440255
440294
440299
440303
440316
440317
440397
440439
440444
440486
440522
440559
440594
440597
440653
440659
440698
440710
440718
440775
440776
440876
440898
440905
440919
440949
440955
440978
440984
440985
440992
441058
441063
441081
441087
441088
441136
441144
441273
441386
441408
441419
441430
441451
441454
441485
441529
441647
441658
441659
441665
441669
441677
441701
441716
441741
441749
441750
441831
441855
441893
441895
441897
441899
441901
441905
441907
441910
441912
441913
441915
441916
441918
441926
442005
442012
442018
442062
442152
442249
442250
442272
442281
442292
442306
442317
442425
442426
442497
442531
442560
442680
442685
442732
442801
442820
442824
442880
442970
442972
442974
443018
443037
443042
443046
443094
443112
443114
443151
443257
443272
443319
443333
443338
443352
443356
443364
443377
443391
443393
443413
443488
443523
443526
443538
443568
443617
443644
443661
443664
443711
443724
443791
443801
443805
443807
443838
443839
443845
444033
444102
444109
444135
444149
444193
444228
444282
444307
444325
444483
444490
444562
444583
444592
444609
444628
444663
444679
444682
444687
444689
444707
444742
444803
444811
444829
444831
444872
444876
444879
444884
444893
444898
444901
444903
444905
444908
444909
444910
444913
444919
444921
444924
444932
444934
444939
444942
444944
444945
444946
444947
444949
444950
444955
444960
444966
444968
444969
444971
444972
445054
445089
445101
445135
445172
445218
445245
445247
445264
445268
445306
445318
445365
445388
445482
445494
445498
445511
445602
445643
445675
445680
445683
445710
445732
445744
445756
445759
445761
445771
445773
445778
445782
445845
445848
445850
445867
445868
445869
445874
445878
445882
445893
445894
445899
445902
445905
445911
445915
445981
445990
446031
446074
446101
446106
446198
446200
446207
446215
446260
446266
446297
446360
446378
446428
446448
446450
446453
446462
446463
446464
446465
446469
446473
446485
446489
446514
446541
446550
446574
446585
446830
446854
446862
446867
446879
446891
446897
446898
446904
447012
447021
447076
447095
447097
447159
447182
447186
447191
447199
447206
447215
447229
447240
447242
447288
447315
447332
447344
447347
447357
447382
447383
447385
447394
447395
447396
447409
447455
447547
447553
447559
447567
447593
447599
447617
447618
447663
447704
447717
447721
447722
447723
447724
447726
447728
447729
447731
447737
447755
447769
447773
447793
447798
447813
447821
447833
447838
447849
447855
447857
447858
447861
447872
447884
447888
447912
447917
447952
447955
447956
447967
448019
448029
448048
448054
448056
448059
448061
448063
448066
448069
448071
448074
448082
448084
448087
448089
448093
448102
448144
448194
448195
448245
448252
448263
448291
448381
448418
448425
448432
448434
448455
448474
448503
448523
448561
448640
448641
448643
448645
448646
448648
448651
448680
448683
448795
448801
448811
448865
448870
448918
448936
448939
448941
448961
448975
448976
448978
448997
449009
449011
449014
449015
449069
449073
449160
449213
449302
449352
449445
449454
449457
449461
449463
449478
449498
449519
449535
449550
449664
449684
449706
449753
449772
449774
449833
449854
449857
449869
449882
449883
449897
449931
449954
449961
449995
450008
450070
450087
450103
450157
450290
450318
450320
450321
450372
450377
450408
450411
450413
450421
450423
450433
450440
450445
450453
450464
450485
450498
450512
450515
450518
450523
450537
450540
450541
450545
450555
450598
450606
450610
450620
450637
450642
450647
450654
450678
450703
450783
450784
450787
450801
450803
450804
450829
450838
450857
450868
450932
450934
450949
450951
450967
450968
450971
450987
450988
450999
451008
451050
451055
451067
451095
451096
451097
451104
451138
451141
451142
451144
451173
451194
451262
451263
451267
451271
451279
451282
451287
451293
451301
451303
451305
451331
451338
451344
451368
451388
451452
451467
451487
451494
451509
451545
451579
451581
451613
451617
451620
451624
451627
451635
451654
451674
451684
451686
451692
451695
451697
451705
451716
451718
451732
451748
451753
451760
451811
451890
451901
451904
451907
451908
451913
451916
451959
451964
451986
452021
452037
452046
452055
452056
452066
452112
452137
452183
452215
452224
452225
452250
452270
452339
452341
452342
452343
452378
452379
452386
452389
452405
452472
452474
452481
452499
452507
452532
452571
452654
452705
452762
452890
452895
452900
452947
452997
453054
453091
453162
453200
453203
453282
453288
453289
453299
453336
453387
453402
453412
453413
453424
453579
453600
453638
453659
453664
453747
453756
453762
453783
453796
453899
454009
454016
454030
454031
454032
454036
454052
454133
454189
454289
454305
454347
454416
454417
454418
454420
454439
454546
454595
454690
454784
454865
454918
454963
454974
455016
455108
455141
455152
455188
455227
455232
455239
455304
455350
455424
455429
455460
455484
455499
455526
455551
455569
455595
455605
455611
455620
455635
455637
455650
455689
455690
455739
455896
455943
455944
455946
455947
455948
456011
456049
456070
456101
456156
456160
456169
456253
456255
456322
456445
456515
456523
456529
456543
456548
456551
456554
456561
456641
456651
456659
456660
456706
456740
456824
456855
456862
456894
456913
456931
456934
456950
456957
457010
457025
457037
457041
457049
457061
457081
457248
457343
457402
457415
457471
457472
457491
457523
457525
457532
457558
457572
457651
457654
457662
457685
457699
457710
457712
457713
457765
457775
457781
457830
457835
457848
457943
457955
458002
458013
458032
458033
458045
458071
458075
458092
458108
458133
458141
458213
458297
458303
458305
458339
458353
458381
458404
458405
458461
458472
458474
458505
458573
458575
458612
458624
458673
458676
458713
458716
458723
458736
458764
458780
458784
458830
458832
458833
458923
458936
458957
458969
458971
458979
458985
458988
459045
459068
459077
459120
459136
459144
459170
459181
459202
459210
459217
459220
459245
459291
459341
459349
459371
459377
459410
459452
459471
459475
459614
459621
459660
459667
459717
459792
459815
459856
459898
459924
459928
459929
459947
459982
459994
460006
460008
460010
460019
460045
460082
460146
460218
460279
460286
460290
460337
460346
460378
460380
460385
460456
460458
460466
460481
460545
460552
460566
460578
460597
460640
460730
460778
460828
460829
460885
460910
460912
460947
460952
460962
460965
461027
461055
461059
461062
461108
461172
461213
461319
461360
461369
461379
461397
461423
461464
461496
461506
461514
461562
461606
461618
461628
461649
461724
461767
461771
461773
461774
461775
461784
461815
461928
461931
461955
461960
461961
461963
461981
461986
461992
462018
462035
462036
462055
462100
462115
462120
462122
462171
462263
462296
462300
462310
462347
462381
462382
462408
462417
462467
462479
462489
462504
462530
462557
462593
462604
462608
462652
462716
462768
462773
462804
462848
462877
462882
462922
462987
463011
463015
463022
463032
463065
463108
463155
463291
463322
463360
463364
463478
463496
463511
463532
463543
463561
463602
463617
463646
463647
463675
463684
463708
463737
463739
463767
463770
463780
463800
463821
463843
463882
463945
463973
464001
464054
464104
464105
464111
464180
464212
464248
464261
464288
464297
464302
464311
464329
464431
464466
464489
464491
464493
464496
464574
464619
464737
464738
464744
464745
464748
464750
464752
464753
464757
464764
464772
464776
464805
464814
464818
464823
464827
464829
464832
464869
464870
464876
464879
464880
464890
464900
464904
464910
464929
464975
465029
465056
465059
465083
465086
465177
465213
465316
465324
465387
465410
465469
465480
465600
465646
465673
465684
465709
465728
465743
465762
465840
465979
465996
466042
466088
466129
466165
466166
466169
466174
466191
466192
466202
466266
466274
466288
466302
466316
466336
466344
466473
466483
466565
466569
466587
466607
466609
466644
466652
466658
466677
466696
466728
466929
466937
466939
466991
467010
467012
467026
467061
467081
467110
467151
467228
467239
467306
467320
467377
467405
467462
467540
467615
467629
467632
467660
467671
467674
467775
467782
467834
467839
467859
467882
467925
467938
467940
467946
467994
467996
468003
468014
468062
468064
468091
468173
468174
468178
468275
468278
468303
468332
468436
468437
468447
468455
468496
468513
468609
468624
468685
468696
468777
468800
468904
468958
468988
469015
469036
469069
469095
469163
469186
469206
469208
469262
469319
469359
469369
469428
469472
469473
469520
469529
469532
469603
469662
469663
469665
469666
469674
469702
469715
469721
469722
469742
469746
469770
469838
469867
469896
469910
469911
469916
469917
469918
469923
469971
469972
470032
470229
470305
470357
470359
470364
470390
470398
470434
470435
470528
470535
470552
470568
470593
470594
470614
470615
470700
470708
470713
470718
470719
470720
470728
470756
470757
470821
470823
470843
470859
471177
471201
471313
471315
471331
471346
471347
471363
471382
471445
471467
471469
471493
471498
471501
471506
471530
471533
471562
471600
471609
471610
471618
471666
471714
471766
471852
471891
471895
471901
471916
471918
471920
471922
471924
471925
471927
471950
471974
471978
471986
471988
471989
472015
472123
472160
472185
472209
472226
472228
472242
472252
472254
472258
472261
472269
472302
472338
472388
472480
472591
472621
472668
472686
472689
472717
472726
472746
472750
472793
472814
472855
472876
472896
472907
472908
472932
472945
472964
473149
473165
473238
473336
473353
473364
473465
473466
473544
473574
473647
473716
473729
473741
473786
473826
473902
473962
473972
474102
474104
474105
474199
474241
474279
474344
474350
474420
474463
474499
474513
474538
474672
474675
474698
474714
474764
474801
474810
474819
474862
474935
475053
475066
475124
475220
475249
475254
475266
475330
475369
475397
475406
475413
475425
475433
475449
475498
475531
475589
475603
475605
475623
475748
475758
475899
475930
475949
475961
475969
476017
476047
476051
476091
476122
476126
476131
476268
476295
476299
476341
476348
476363
476366
476375
476424
476484
476489
476510
476524
476527
476532
476542
476565
476596
476608
476609
476625
476637
476642
476662
476676
476718
476719
476720
476796
476807
476819
476839
476854
476855
476869
476914
476929
477033
477036
477045
477057
477069
477091
477106
477111
477113
477115
477116
477187
477264
477266
477284
477299
477329
477342
477408
477440
477462
477466
477467
477495
477576
477577
477589
477623
477689
477704
477807
477810
477813
477835
477901
477902
477920
477922
477977
477982
478045
478086
478133
478149
478161
478179
478202
478204
478258
478281
478282
478311
478494
478528
478530
478552
478554
478579
478692
478706
478741
478810
478811
478813
478818
478819
478821
478924
478929
478934
478939
478940
478953
478954
478963
478967
478968
478974
478975
479001
479003
479188
479216
479260
479261
479284
479320
479322
479326
479331
479332
479337
479342
479344
479345
479364
479365
479367
479368
479369
479371
479389
479390
479392
479397
479400
479402
479424
479459
479488
479490
479494
479574
479576
479636
479646
479700
479709
479726
479727
479729
479731
479732
479736
479746
479755
479757
479765
479770
479777
479788
479795
479796
479798
479837
479854
479867
479876
479948
479965
480002
480006
480007
480009
480015
480030
480038
480089
480100
480105
480121
480139
480157
480163
480204
480209
480210
480259
480268
480270
480273
480286
480289
480295
480299
480304
480308
480370
480394
480403
480405
480406
480410
480414
480459
480461
480463
480478
480525
480529
480603
480612
480634
480635
480644
480646
480649
480654
480656
480661
480700
480715
480721
480733
480745
480750
480757
480803
480812
480913
480923
480937
480948
480970
480984
481015
481023
481044
481054
481061
481072
481074
481084
481095
481097
481125
481150
481166
481192
481218
481284
481304
481330
481333
481352
481360
481361
481367
481369
481375
481379
481382
481386
481390
481415
481544
481557
481559
481562
481564
481566
481567
481682
481702
481717
481726
481789
481849
481866
481877
481899
481930
481931
481950
481952
481954
481975
482048
482056
482080
482101
482130
482166
482182
482189
482191
482192
482201
482203
482214
482221
482233
482234
482236
482241
482242
482243
482244
482245
482247
482249
482257
482259
482281
482322
482325
482331
482335
482337
482352
482354
482366
482368
482373
482374
482377
482382
482397
482431
482435
482503
482531
482542
482548
482554
482556
482565
482591
482631
482646
482773
482783
482809
482846
482852
482853
482858
482888
482916
482919
482960
482966
482970
482972
482974
482975
482990
483006
483035
483038
483052
483055
483057
483060
483061
483064
483068
483071
483075
483077
483087
483095
483096
483098
483120
483126
483142
483178
483200
483201
483202
483215
483219
483223
483246
483252
483256
483283
483285
483286
483291
483293
483303
483326
483340
483378
483381
483386
483400
483417
483421
483422
483441
483462
483468
483469
483534
483538
483545
483571
483575
483586
483590
483601
483603
483604
483608
483609
483620
483641
483644
483657
483685
483686
483691
483710
483730
483732
483737
483743
483757
483774
483780
483784
483788
483790
483803
483811
483814
483851
483881
483934
483940
483952
483964
483965
483969
483976
483977
483987
484014
484040
484061
484076
484077
484079
484083
484086
484087
484219
484237
484289
484290
484299
484310
484325
484330
484354
484363
484364
484369
484370
484371
484373
484386
484393
484394
484395
484396
484399
484403
484406
484415
484436
484437
484457
484479
484484
484485
484499
484509
484535
484561
484563
484575
484586
484601
484604
484624
484626
484627
484639
484644
484652
484662
484701
484779
484787
484840
484853
484907
484922
484953
484955
484980
484983
485003
485112
485217
485245
485265
485306
485311
485314
485315
485333
485358
485387
485391
485394
485415
485507
485510
485524
485567
485620
485622
485623
485624
485708
485736
485743
485751
485774
485784
485789
485792
485806
485809
485811
485906
485969
486011
486024
486060
486062
486065
486069
486074
486161
486184
486350
486352
486385
486450
486452
486453
486455
486457
486460
486461
486462
486511
486515
486570
486574
486575
486578
486659
486672
486684
486716
486725
486761
486772
486773
486788
486892
486901
486910
486921
486938
486949
486993
487172
487187
487207
487208
487209
487211
487248
487266
487276
487320
487363
487390
487428
487429
487439
487442
487472
487498
487647
487660
487668
487677
487719
487848
487857
487910
487954
487955
487998
488008
488017
488022
488029
488032
488043
488047
488078
488094
488101
488104
488111
488115
488121
488134
488143
488147
488148
488154
488226
488236
488242
488247
488265
488289
488302
488342
488350
488366
488400
488408
488444
488448
488462
488464
488466
488468
488489
488495
488496
488511
488513
488523
488539
488564
488600
488604
488612
488613
488636
488638
488642
488657
488664
488682
488722
488748
488753
488754
488760
488779
488781
488784
488813
488829
488834
488837
488848
488849
488888
488898
488900
488903
488909
488914
488930
488931
488933
488938
489036
489055
489064
489105
489108
489112
489113
489122
489123
489126
489127
489186
489239
489242
489272
489280
489288
489349
489363
489374
489375
489420
489428
489430
489454
489456
489463
489523
489555
489580
489584
489606
489608
489610
489623
489712
489791
489811
489881
489887
489939
490099
490100
490109
490110
490124
490228
490259
490267
490271
490317
490345
490353
490364
490368
490371
490373
490375
490532
490601
490798
490799
490819
490837
490863
490870
491043
491085
491132
491197
491236
491277
491366
491390
491406
491459
491488
491564
491611
491649
491694
491817
491892
491901
491962
492005
492027
492034
492118
492135
492144
492164
492181
492189
492281
492332
492336
492384
492414
492440
492453
492456
492509
492523
492535
492561
492611
492621
492628
492633
492713
492733
492844
492870
492897
492924
492983
493019
493042
493044
493094
493198
493200
493303
493357
493361
493362
493440
493442
493446
493448
493462
493494
493498
493537
493595
493602
493678
493714
493731
493825
493847
493881
493922
493965
494001
494013
494042
494058
494074
494113
494160
494210
494326
494352
494442
494445
494481
494499
494535
494576
494609
494635
494656
494678
494703
494706
494711
494807
494991
495015
495031
495094
495120
495195
495204
495208
495212
495303
495322
495332
495403
495419
495447
495466
495473
495496
495498
495501
495569
495717
495797
495809
495827
495868
495870
495909
495975
495996
496022
496029
496059
496067
496151
496200
496212
496232
496244
496274
496282
496286
496292
496307
496325
496356
496364
496369
496371
496377
496380
496400
496413
496434
496437
496438
496455
496456
496462
496464
496466
496521
496533
496537
496542
496550
496552
496553
496560
496562
496569
496571
496577
496579
496582
496586
496587
496594
496597
496619
496674
496704
496728
496736
496839
496865
496874
496882
496883
496885
496903
496913
496952
496957
496985
497006
497009
497090
497269
497316
497327
497350
497389
497597
497695
497700
497760
497830
497844
497874
497891
497908
497959
497960
498062
498069
498084
498086
498110
498220
498223
498251
498253
498264
498268
498315
498326
498475
498507
498537
498575
498580
498596
498647
498656
498661
498673
498702
498714
498716
498744
498748
498749
498752
498754
498775
498797
498904
498934
498937
498939
498942
499047
499129
499141
499142
499153
499190
499195
499278
499327
499354
499358
499359
499363
499364
499377
499385
499395
499399
499402
499405
499438
499482
499537
499559
499676
499714
499727
499731
499732
499735
499739
499770
499812
499822
499834
499908
499910
499915
499921
499924
499930
499951
499953
499977
499989
499995
500051
500058
500059
500060
500062
500064
500066
500071
500095
500101
500203
500207
500255
500269
500319
500348
500377
500381
500473
500535
500759
500774
500779
500915
500945
500950
500957
500978
500985
501090
501126
501129
501170
501173
501287
501294
501309
501389
501495
501753
501762
501851
501864
501911
501939
501942
501944
501956
501963
501965
501968
501977
502022
502025
502030
502036
502067
502104
502109
502255
502312
502354
502397
502406
502416
502429
502469
502509
502521
502574
502602
502613
502617
502755
502805
502848
502873
502920
502926
502935
502940
503001
503025
503030
503125
503230
503231
503328
503345
503371
503407
503430
503436
503589
503629
503646
503650
503658
503659
503661
503693
503698
503700
503702
503706
503719
503730
503731
503736
503740
503744
503747
503751
503752
503763
503768
503769
503771
503786
503790
503798
503802
503814
503851
503875
503902
503905
503919
504003
504076
504082
504129
504130
504145
504151
504169
504175
504180
504185
504197
504202
504213
504218
504226
504251
504255
504386
504547
504617
504630
504631
504655
504689
504693
504730
504763
504839
504922
504982
505039
505043
505054
505058
505060
505063
505078
505084
505188
505195
505220
505236
505237
505239
505330
505332
505378
505423
505429
505496
505498
505557
505562
505587
505596
505626
505635
505669
505675
505690
505695
505706
505770
505775
505816
505826
505860
505898
505916
505920
505922
505936
506048
506049
506060
506068
506151
506251
506353
506383
506400
506404
506413
506458
506482
506485
506548
506600
506636
506648
506758
506775
506882
506900
506905
506925
506952
506960
506986
507040
507053
507058
507076
507089
507096
507097
507109
507112
507147
507185
507186
507201
507211
507221
507245
507253
507298
507327
507331
507336
507338
507339
507434
507441
507489
507498
507540
507547
507557
507582
507624
507700
507723
507813
507892
507938
507946
507952
507961
507966
507979
507981
507989
508023
508039
508140
508150
508152
508217
508231
508233
508234
508237
508242
508244
508245
508248
508258
508301
508330
508338
508384
508385
508388
508404
508406
508409
508433
508451
508481
508483
508485
508487
508489
508495
508509
508526
508592
508620
508642
508682
508725
508741
508773
508780
508821
508827
508830
508839
508844
508866
508881
508985
509009
509097
509098
509102
509166
509174
509183
509315
509390
509412
509447
509471
509511
509528
509534
509538
509564
509594
509624
509635
509667
509679
509746
509752
509760
509856
509899
509901
510276
510279
510281
510284
510289
510337
510346
510388
510441
510457
510496
510510
510522
510550
510552
510562
510590
510654
510657
510685
510689
510733
510807
510840
510883
510937
510959
510969
511051
511068
511153
511243
511274
511406
511449
511474
511491
511612
511625
511671
511749
511755
511778
511782
511813
511817
511827
511898
511916
511923
511957
511987
512025
512064
512105
512158
512169
512194
512196
512198
512219
512236
512270
512356
512408
512474
512499
512503
512524
512579
512584
512650
512701
512736
512800
512835
512861
512926
512936
512959
512965
513062
513108
513147
513182
513208
513224
513236
513247
513260
513268
513278
513297
513303
513304
513306
513313
513372
513405
513421
513434
513452
513508
513510
513553
513665
513741
513774
513776
513844
513857
513860
513867
513947
513965
513980
513983
513985
513989
513999
514008
514094
514101
514134
514165
514210
514213
514233
514256
514277
514287
514438
514440
514501
514507
514538
514558
514591
514593
514622
514644
514653
514684
514743
514762
514767
514787
514791
514793
514821
514847
514973
514985
515068
515133
515159
515162
515189
515254
515320
515329
515362
515376
515381
515387
515389
515411
515413
515425
515454
515466
515531
515537
515581
515612
515618
515627
515676
515684
515689
515781
515875
515906
515908
515926
515995
515997
516023
516027
516028
516035
516042
516082
516163
516173
516182
516327
516329
516504
516578
516604
516632
516664
516665
516684
516695
516713
516715
516768
516772
516774
516775
516776
516778
516784
516830
516833
516834
516850
516856
517015
517046
517072
517098
517116
517154
517166
517217
517226
517272
517276
517285
517302
517316
517320
517346
517414
517415
517416
517419
517425
517459
517473
517559
517662
517699
517764
517769
517811
517831
517846
517929
517931
517939
517984
518049
518057
518076
518087
518113
518125
518156
518158
518224
518228
518237
518239
518240
518311
518428
518429
518430
518433
518444
518500
518505
518651
518686
518695
518701
518710
518711
518714
518762
518778
518800
518853
518901
518966
518993
519016
519022
519027
519054
519137
519150
519159
519238
519254
519257
519301
519317
519319
519337
519339
519418
519471
519523
519530
519541
519561
519582
519583
519589
519610
519647
519657
519699
519754
519755
519757
519758
519844
519848
519870
519882
519958
519988
520023
520026
520082
520103
520151
520162
520171
520235
520256
520271
520393
520466
520579
520618
520696
520714
520716
520763
520779
520795
520798
520901
520905
520914
520963
520980
520981
521029
521040
521078
521086
521113
521136
521146
521322
521340
521357
521358
521360
521366
521368
521375
521376
521390
521458
521479
521480
521482
521485
521487
521490
521499
521507
521509
521514
521531
521558
521563
521566
521588
521595
521614
521634
521814
521815
521832
521849
521850
521876
521891
521934
521935
521985
522033
522051
522057
522058
522063
522066
522101
522122
522133
522134
522165
522170
522180
522246
522282
522285
522297
522314
522438
522444
522485
522547
522565
522567
522592
522649
522650
522655
522681
522703
522729
522764
522769
522781
522919
522945
522987
523033
523041
523093
523139
523202
523263
523307
523333
523346
523353
523371
523415
523419
523446
523519
523593
523638
523769
523795
523827
523830
523831
523849
523852
523856
523898
523904
523906
523911
523913
523931
523936
523938
523939
523951
524009
524011
524086
524104
524138
524213
524216
524251
524285
524286
524296
524432
524433
524536
524537
524539
524540
524542
524577
524582
524619
524623
524736
524738
524742
524785
524787
524788
524789
524793
524807
524859
524864
524882
524899
524925
524933
525046
525047
525050
525054
525087
525148
525176
525200
525215
525301
525387
525460
525490
525491
525607
525628
525639
525641
525663
525689
525690
525693
525698
525701
525702
525706
525709
525763
525854
525904
525905
525910
525912
525932
525939
525959
525989
526027
526051
526052
526144
526146
526159
526196
526208
526215
526224
526225
526226
526285
526291
526295
526411
526423
526427
526463
526491
526507
526510
526568
526578
526677
526749
526766
526780
526783
526786
526809
526838
526856
526917
526969
527014
527030
527132
527141
527149
527159
527168
527175
527261
527364
527600
527608
527612
527634
527642
527674
527717
527754
527759
527765
527780
527782
527783
527784
527792
527803
527816
527818
527822
527823
527827
527830
527948
527960
527975
527976
527980
528001
528009
528023
528075
528077
528091
528135
528146
528263
528271
528308
528314
528322
528323
528324
528325
528328
528329
528330
528331
528332
528333
528335
528346
528352
528356
528407
528461
528470
528524
528551
528594
528665
528670
528732
528753
528768
528769
528771
528822
528882
528886
528915
528939
528977
528985
529027
529067
529087
529089
529090
529091
529097
529122
529139
529144
529149
529193
529280
529294
529313
529324
529348
529352
529363
529366
529409
529438
529455
529497
529509
529641
529649
529683
529717
529744
529923
529957
529962
530076
530098
530104
530155
530156
530157
530178
530236
530253
530351
530379
530385
530523
530536
530571
530623
530643
530652
530670
530842
530918
530943
531084
531101
531124
531145
531159
531208
531219
531237
531247
531309
531344
531393
531400
531470
531492
531502
531521
531533
531557
531576
531618
531670
531678
531689
531715
531724
531730
531807
531900
532090
532146
532153
532181
532225
532335
532366
532408
532495
532587
532617
532635
532636
532638
532640
532642
532645
532647
532648
532649
532650
532653
532654
532656
532657
532658
532668
532671
532710
532722
532742
532748
532756
532758
532762
532795
532798
532800
532808
532809
532813
532814
532838
532870
532872
532875
532889
532891
532895
532902
532904
532973
532996
533000
533002
533007
533008
533015
533021
533025
533027
533035
533049
533066
533071
533094
533130
533132
533137
533139
533182
533210
533212
533223
533259
533274
533284
533291
533294
533339
533351
533366
533381
533393
533469
533527
533534
533565
533627
533642
533660
533674
533709
533803
533938
533970
533985
533991
533997
534011
534023
534064
534072
534139
534153
534161
534169
534205
534223
534235
534271
534282
534304
534321
534424
534425
534478
534500
534506
534515
534571
534601
534654
534656
534711
534729
534913
534933
535096
535106
535119
535123
535145
535180
535186
535202
535250
535280
535370
535395
535412
535476
535488
535511
535524
535549
535557
535562
535580
535581
535584
535610
535657
535726
535736
535798
535820
535848
535849
535926
535930
535962
536026
536108
536127
536141
536183
536235
536242
536289
536291
536371
536386
536404
536410
536434
536449
536467
536505
536517
536548
536554
536631
536660
536664
536750
536766
536880
536919
537042
537101
537190
537200
537202
537268
537271
537445
537466
537476
537495
537523
537542
537551
537610
537633
537663
537668
537680
537685
537704
537712
537714
537715
537730
537736
537788
537804
537815
537881
537924
537943
538089
538123
538126
538202
538208
538227
538250
538269
538306
538350
538382
538474
538612
538614
538690
538698
538811
538818
538858
538867
538902
539005
539064
539145
539181
539185
539288
539310
539313
539364
539399
539517
539520
539528
539537
539549
539649
539651
539714
539736
539883
539893
539923
539937
539945
539984
540009
540020
540027
540132
540246
540291
540306
540375
540478
540545
540569
540586
540746
540748
540836
540957
540967
540974
541008
541042
541062
541069
541071
541099
541100
541188
541485
541526
541560
541692
541697
541725
541727
541774
541973
541977
541988
541990
542020
542031
542049
542064
542093
542104
542170
542191
542203
542213
542224
542227
542264
542274
542309
542440
542445
542466
542476
542574
542580
542620
542675
542713
542779
542781
542787
542895
543004
543028
543063
543126
543163
543188
543193
543200
543203
543253
543266
543286
543306
543362
543364
543377
543393
543410
543412
543441
543446
543447
543467
543468
543471
543511
543533
543574
543581
543582
543593
543733
543768
543785
543802
543867
543868
543901
543904
543906
543914
543915
543917
543988
543997
543998
544023
544030
544075
544143
544157
544202
544220
544221
544275
544294
544306
544353
544358
544390
544440
544464
544478
544487
544530
544533
544575
544656
544711
544756
544761
544780
544781
544976
544986
545059
545061
545148
545248
545302
545308
545406
545449
545470
545497
545499
545573
545598
545612
545615
545624
545655
545661
545686
545698
545704
545749
545784
545795
545815
545829
545899
545911
545914
545921
546121
546150
546182
546217
546268
546276
546278
546289
546292
546328
546342
546380
546406
546473
546476
546507
546600
546614
546623
546625
546629
546636
546658
546664
546666
546679
546695
546711
546724
546762
546764
546782
546786
546789
546823
546849
546907
546944
547024
547034
547055
547071
547074
547078
547079
547088
547091
547092
547117
547118
547120
547131
547146
547177
547198
547231
547261
547331
547366
547392
547410
547478
547479
547482
547510
547530
547565
547611
547620
547630
547681
547693
547725
547770
547780
547844
547845
547847
547885
547956
548027
548064
548079
548146
548162
548163
548178
548212
548215
548228
548240
548257
548307
548392
548473
548511
548521
548533
548560
548567
548650
548710
548784
548859
548904
548943
549077
549078
549083
549087
549199
549214
549278
549294
549369
549435
549463
549476
549518
549550
549592
549618
549639
549643
549646
549669
549671
549689
549703
549707
549722
549724
549725
549736
549738
549739
549766
549773
549786
549787
549853
549859
549877
549893
549923
549935
549960
549967
549975
550007
550015
550066
550099
550108
550118
550148
550172
550179
550201
550208
550210
550212
550236
550258
550273
550277
550286
550300
550321
550337
550348
550355
550406
550412
550446
550476
550513
550622
550623
550658
550674
550678
550695
550718
550735
550757
550764
550767
550845
550863
550870
551025
551058
551096
551220
551227
551231
551233
551238
551249
551288
551300
551307
551407
551409
551412
551429
551435
551508
551521
551545
551554
551556
551608
551619
551620
551629
551632
551635
551681
551694
551726
551735
551736
551737
551738
551744
551758
551804
551808
551893
551894
551898
551902
551906
551908
551933
551957
551962
551982
551994
552009
552010
552030
552032
552058
552102
552168
552170
552258
552262
552264
552265
552266
552291
552294
552307
552322
552344
552375
552390
552419
552443
552457
552470
552474
552476
552477
552481
552482
552485
552504
552540
552541
552550
552569
552590
552605
552655
552660
552681
552707
552737
552781
552790
552828
552836
552840
552843
552850
552855
552864
552925
552938
552940
552950
553005
553010
553023
553024
553054
553075
553076
553077
553078
553079
553080
553141
553172
553243
553261
553347
553350
553357
553383
553399
553403
553456
553530
553535
553563
553619
553658
553676
553678
553686
553705
553749
553820
553880
553889
553928
553982
554060
554074
554100
554112
554139
554180
554220
554311
554312
554319
554336
554399
554423
554427
554468
554476
554513
554570
554571
554585
554612
554632
554636
554637
554647
554667
554671
554692
554694
554696
554739
554762
554766
554772
554792
554793
554807
554833
554847
554867
554912
554917
554922
554943
554984
555059
555062
555077
555101
555113
555146
555175
555211
555249
555252
555295
555402
555407
555433
555447
555455
555546
555559
555583
555626
555628
555631
555645
555694
555752
555845
555878
555974
556153
556203
556221
556259
556264
556268
556284
556285
556385
556452
556461
556463
556509
556515
556517
556707
556724
556760
556810
556822
556835
556870
556889
556972
557026
557035
557064
557065
557294
557320
557326
557400
557419
557450
557473
557483
557486
557497
557498
557508
557513
557526
557557
557570
557597
557602
557604
557619
557636
557659
557854
557865
557883
557920
557932
557988
557989
557991
558076
558081
558085
558088
558106
558133
558141
558165
558201
558203
558207
558228
558234
558294
558305
558323
558335
558377
558414
558442
558448
558450
558482
558504
558510
558534
558556
558632
558655
558675
558684
558742
558774
558889
558899
558909
559003
559017
559036
559044
559064
559304
559345
559426
559740
559767
559844
559855
559928
559934
559994
560014
560038
560091
560128
560149
560182
560239
560252
560283
560318
560321
560362
560379
560436
560453
560463
560474
560477
560488
560491
560499
560500
560550
560577
560717
560782
560832
560842
560864
560894
560903
560981
561030
561072
561074
561077
561081
561085
561088
561090
561146
561147
561166
561209
561258
561259
561291
561334
561379
561423
561466
561504
561516
561543
561546
561563
561570
561576
561612
561635
561679
561817
561829
561859
561880
561895
561927
561930
562220
562231
562268
562417
562485
562494
562527
562566
562588
562597
562598
562618
562619
562627
562632
562746
562771
562786
562867
562908
563025
563197
563211
563282
563289
563432
563466
563482
563499
563531
563541
563543
563549
563575
563588
563609
563626
563630
563635
563655
563665
563781
563786
563948
563949
563959
563965
563975
564009
564025
564051
564056
564060
564077
564082
564090
564092
564176
564181
564281
564320
564366
564385
564390
564394
564402
564414
564446
564452
564518
564568
564612
564689
564729
564746
564837
564876
565028
565053
565062
565073
565227
565244
565252
565321
565335
565373
565398
565428
565438
565440
565441
565442
565446
565448
565457
565461
565481
565497
565500
565515
565522
565548
565594
565597
565598
565608
565620
565725
565731
565762
565851
565961
565964
565972
565979
566011
566022
566025
566027
566047
566074
566092
566095
566099
566102
566106
566107
566136
566239
566271
566325
566412
566416
566417
566418
566450
566512
566556
566561
566578
566611
566627
566639
566643
566644
566661
566707
566745
566794
566804
566805
566806
566847
566849
566879
566886
566896
566926
566949
566993
567047
567051
567079
567083
567108
567118
567130
567158
567212
567220
567229
567232
567235
567245
567248
567249
567256
567268
567331
567365
567389
567409
567418
567429
567450
567451
567512
567577
567584
567605
567609
567667
567691
567708
567741
567744
567745
567746
567780
567796
567853
567854
567858
567861
567865
567898
567920
567953
567962
567971
567974
567984
568016
568027
568032
568057
568099
568116
568120
568121
568123
568127
568135
568140
568265
568269
568277
568281
568282
568287
568290
568308
568316
568339
568372
568407
568453
568454
568456
568457
568459
568524
568532
568569
568573
568574
568575
568578
568598
568634
568649
568667
568754
568766
568770
568771
568780
568851
568856
568879
568882
568885
568934
568936
569040
569044
569057
569085
569095
569238
569329
569367
569446
569533
569552
569586
569681
569719
569723
569724
569834
569838
569843
569869
569886
569888
569889
569957
569965
570025
570044
570056
570099
570108
570111
570114
570133
570220
570290
570305
570324
570358
570453
570536
570590
570610
570620
570627
570670
570791
570882
570945
571004
571024
571031
571032
571055
571063
571070
571099
571116
571145
571155
571253
571264
571284
571297
571344
571353
571384
571413
571414
571430
571446
571518
571625
571627
571640
571675
571788
571817
571821
571842
571858
571860
571890
571907
571908
571911
571931
571932
571939
572000
572023
572076
572087
572088
572151
572189
572193
572293
572426
572428
572430
572438
572440
572443
572446
572451
572452
572468
572485
572497
572502
572600
572609
572665
572681
572688
572689
572697
572702
572704
572706
572724
572727
572733
572746
572755
572757
572762
572763
572765
572775
572949
573004
573106
573258
573262
573277
573307
573340
573347
573410
573475
573521
573534
573560
573576
573586
573668
573680
573687
573722
573766
573785
573875
573898
573965
573966
573984
573987
573989
573996
574009
574030
574047
574049
574054
574059
574109
574113
574124
574127
574133
574135
574137
574138
574189
574190
574192
574194
574255
574283
574284
574304
574366
574466
574475
574492
574493
574514
574656
574742
574759
574790
574798
574834
574839
574856
574883
574925
574947
575088
575141
575146
575186
575187
575224
575248
575314
575345
575355
575361
575386
575415
575437
575439
575451
575461
575466
575492
575514
575532
575539
575587
575598
575608
575719
575736
575774
575776
575869
575924
575976
575980
575994
576004
576034
576046
576134
576174
576223
576322
576358
576381
576389
576411
576477
576510
576593
576611
576614
576617
576633
576801
576845
576901
576938
576972
576989
577028
577214
577215
577218
577446
577465
577485
577489
577538
577549
577651
577658
577673
577710
577849
577889
577905
577951
578041
578042
578044
578100
578168
578170
578171
578173
578175
578177
578179
578180
578183
578184
578188
578190
578192
578194
578195
578203
578280
578310
578320
578338
578374
578378
578400
578443
578469
578515
578519
578528
578531
578546
578594
578602
578631
578656
578686
578744
578753
578808
578835
578847
578854
578897
578912
578919
578982
579089
579091
579156
579157
579296
579321
579386
579388
579403
579417
579426
579431
579437
579451
579535
579541
579662
579739
579828
579872
579957
579958
579959
579961
579973
580088
580138
580156
580165
580181
580254
580260
580269
580276
580283
580308
580334
580340
580367
580370
580377
580380
580414
580428
580441
580550
580570
580591
580605
580627
580629
580630
580632
580633
580661
580690
580804
580806
580809
580811
580828
580857
580944
580955
580956
580978
581009
581013
581107
581173
581178
581232
581235
581252
581392
581440
581471
581531
581588
581650
581664
581681
581877
581993
582049
582070
582075
582194
582202
582249
582286
582292
582300
582302
582358
582368
582394
582511
582514
582546
582549
582600
582621
582625
582652
582732
582797
582798
582875
582883
582888
582892
582894
582896
582898
582913
583016
583046
583100
583102
583116
583132
583166
583169
583186
583200
583230
583254
583314
583337
583505
583512
583520
583525
583532
583569
583584
583600
583642
583711
583745
583755
583762
583846
583872
583884
583888
583946
583984
583996
584004
584008
584043
584060
584106
584131
584134
584147
584178
584212
584351
584466
584545
584561
584586
584682
584730
584788
584795
584800
584819
584826
584992
585013
585030
585053
585065
585081
585149
585151
585187
585197
585216
585224
585246
585278
585312
585338
585537
585538
585571
585601
585604
585649
585652
585747
585774
585827
585829
585830
585834
585846
585997
586044
586045
586097
586117
586134
586149
586166
586187
586265
586269
586279
586327
586358
586457
586461
586467
586483
586489
586499
586577
586586
586592
586595
586727
586779
586781
586914
586927
586992
587039
587040
587041
587042
587048
587054
587092
587130
587138
587176
587203
587204
587303
587320
587327
587350
587424
587483
587488
587496
587506
587548
587595
587614
587630
587786
587921
587927
588064
588068
588080
588087
588204
588207
588209
588210
588211
588216
588236
588258
588440
588446
588447
588452
588454
588456
588462
588629
588653
588667
588670
588681
588696
588708
588781
588783
588809
588856
588858
588859
588860
588909
588941
588962
589053
589102
589142
589173
589178
589200
589225
589374
589384
589412
589427
589451
589512
589565
589594
589607
589614
589635
589637
589682
589683
589770
589775
589812
589832
589837
589841
589876
589877
589934
590009
590019
590033
590050
590084
590152
590155
590164
590176
590178
590253
590278
590473
590476
590483
590513
590527
590575
590593
590653
590663
590756
590802
590995
591100
591126
591180
591188
591201
591262
591273
591274
591275
591287
591309
591388
591415
591429
591434
591459
591529
591531
591536
591634
591832
591869
591903
591988
592029
592101
592107
592138
592140
592182
592207
592230
592276
592298
592452
592474
592485
592495
592530
592660
592734
592786
592872
592901
592912
592960
592973
592989
593018
593104
593134
593316
593317
593383
593428
593432
593435
593487
593510
593517
593560
593580
593643
593655
593676
593689
593745
593751
593812
593873
593941
593946
593963
594030
594072
594090
594094
594228
594274
594314
594400
594417
594427
594444
594445
594451
594482
594528
594542
594544
594545
594568
594663
594689
594700
594718
594770
594779
594872
594941
595000
595048
595050
595068
595087
595149
595174
595216
595379
595381
595383
595601
595631
595801
595812
595951
595966
596039
596040
596061
596070
596071
596093
596112
596189
596199
596274
596314
596318
596320
596321
596325
596332
596352
596364
596405
596422
596429
596484
596532
596597
596696
596697
596702
596704
596707
596709
596711
596725
596767
596793
596795
596801
596886
596949
597107
597151
597175
597181
597185
597193
597212
597230
597338
597438
597446
597453
597455
597461
597468
597502
597512
597591
597603
597605
597652
597684
597687
597692
597722
597785
597856
597879
597889
597900
597910
597920
597970
598063
598175
598192
598252
598259
598269
598293
598312
598334
598400
598416
598556
598635
598806
598887
598888
598983
599025
599037
599139
599258
599281
599342
599343
599346
599367
599381
599402
599404
599484
599724
599733
599735
599744
599776
599777
599779
599781
599795
599809
599879
599953
599973
599975
600008
600040
600059
600129
600145
600165
600184
600250
600270
600286
600339
600369
600417
600427
600701
600718
600734
600751
600892
600924
600936
600938
600939
600963
601025
601083
601099
601107
601108
601191
601259
601343
601367
601369
601406
601419
601446
601504
601510
601517
601575
601643
601656
601683
601743
601844
601885
601961
601966
601982
602009
602018
602083
602133
602223
602226
602239
602263
602288
602314
602332
602414
602508
602518
602547
602551
602554
602557
602567
602580
602708
602734
602777
602784
602807
602889
602924
602985
602986
603012
603013
603050
603074
603138
603191
603222
603227
603312
603361
603389
603431
603457
603476
603480
603485
603524
603561
603564
603565
603577
603644
603664
603673
603681
603705
603746
603856
603876
603890
603904
603943
603945
603961
603963
604012
604076
604079
604149
604160
604228
604236
604238
604245
604266
604280
604317
604350
604360
604487
604514
604518
604519
604532
604578
604653
604654
604699
604767
604865
604877
604879
604889
605108
605124
605133
605139
605188
605211
605314
605336
605372
605373
605440
605445
605479
605488
605505
605515
605525
605540
605553
605554
605572
605587
605609
605635
605724
605786
605802
605804
605816
605820
605823
605834
605840
605851
605911
606041
606047
606048
606087
606089
606090
606155
606204
606206
606344
606369
606372
606373
606423
606443
606446
606452
606510
606519
606548
606563
606625
606663
606680
606728
606762
606782
606832
606833
606837
606907
606921
606960
606966
607070
607072
607137
607175
607183
607184
607186
607218
607229
607244
607281
607338
607346
607356
607365
607383
607407
607583
607614
607653
607676
607693
607740
607776
607782
607832
607967
607994
608023
608077
608108
608120
608154
608168
608195
608213
608214
608260
608309
608318
608319
608333
608444
608464
608501
608502
608509
608511
608512
608537
608569
608654
608665
608688
608708
608723
608739
608797
608804
608812
608846
608858
608994
609064
609075
609080
609118
609182
609183
609238
609245
609302
609323
609347
609362
609368
609374
609396
609448
609499
609560
609564
609567
609569
609570
609571
609575
609577
609583
609616
609627
609674
609687
609695
609705
609768
609903
609911
609919
609956
609965
609972
610010
610014
610035
610037
610039
610040
610044
610074
610088
610097
610135
610144
610174
610201
610212
610217
610222
610223
610227
610243
610253
610261
610359
610387
610394
610442
610526
610542
610561
610633
610704
610734
610736
610743
610749
610894
611056
611057
611067
611080
611083
611141
611153
611169
611170
611186
611214
611224
611254
611258
611261
611277
611337
611342
611349
611370
611379
611390
611393
611421
611423
611446
611489
611492
611495
611534
611595
611596
611605
611636
611639
611640
611641
611642
611645
611649
611651
611652
611666
611722
611739
611740
611804
611805
611836
611907
611908
611921
611922
611924
611962
611986
612067
612091
612113
612152
612196
612278
612294
612295
612394
612431
612515
612552
612565
612566
612587
612592
612635
612669
612789
612811
612861
612882
612888
612891
612895
612900
612901
612913
612961
612966
613081
613093
613109
613119
613271
613422
613506
613510
613515
613607
613689
613690
613712
613722
613780
613816
613835
614015
614017
614111
614157
614166
614167
614186
614195
614196
614198
614199
614200
614202
614204
614205
614206
614208
614209
614372
614429
614433
614479
614552
614553
614578
614617
614630
614669
614696
614714
614722
614817
614890
614905
614919
614959
614965
615017
615229
615242
615289
615430
615562
615656
615774
615790
615895
615916
615925
615926
615967
615982
616040
616073
616106
616142
616146
616185
616204
616318
616329
616347
616366
616404
616486
616584
616587
616632
616659
616671
616769
616820
616844
616846
616862
616880
616896
616984
617047
617124
617143
617199
617204
617208
617351
617372
617373
617505
617523
617638
617708
617761
617769
617772
617778
617786
617787
617842
617859
617868
617891
617935
617941
618057
618067
618128
618132
618151
618187
618331
618352
618375
618418
618423
618438
618485
618544
618585
618620
618670
618845
618869
618885
618919
618958
619016
619043
619116
619164
619189
619262
619265
619290
619318
619416
619430
619447
619490
619503
619515
619520
619522
619523
619525
619527
619635
619670
619704
619730
619745
619754
619761
619778
619887
619925
619926
620043
620067
620193
620199
620251
620413
620482
620495
620570
620591
620616
620641
620953
621080
621103
621109
621151
621164
621222
621248
621254
621380
621465
621486
621495
621562
621570
621584
621646
621681
621682
621707
621737
621746
621817
621829
621919
621970
622103
622193
622203
622346
622404
622420
622488
622640
622707
622714
622720
622836
622838
622890
622896
622911
623017
623034
623039
623047
623056
623081
623128
623226
623338
623341
623398
623464
623491
623493
623504
623520
623521
623545
623551
623591
623615
623642
623645
623670
623676
623701
623742
623781
623814
623841
624146
624159
624174
624368
624395
624409
624413
624441
624482
624543
624574
624629
624694
624743
624764
624774
624777
624779
624901
625005
625040
625122
625213
625234
625237
625423
625424
625505
625537
625560
625615
625632
625655
625663
625712
625719
625759
625814
625979
626018
626028
626081
626129
626151
626229
626244
626292
626359
626370
626481
626483
626484
626510
626576
626621
626622
626688
626743
626845
626868
626870
626873
626884
626892
626919
626930
626963
627006
627050
627094
627111
627112
627128
627132
627144
627182
627290
627322
627324
627430
627515
627518
627533
627540
627556
627572
627661
627679
627699
627840
627923
627931
628009
628038
628044
628079
628106
628139
628142
628187
628228
628446
628458
628468
628469
628478
628637
628707
628731
628782
628866
628959
629009
629015
629033
629035
629043
629076
629121
629131
629135
629181
629227
629228
629248
629341
629363
629380
629385
629386
629393
629554
629652
629819
629843
629940
629943
629957
629976
630028
630055
630240
630247
630288
630291
630331
630347
630369
630377
630392
630486
630508
630513
630560
630573
630586
630622
630720
630766
630798
630808
630826
630890
630925
630947
630950
630952
630979
631057
631059
631060
631076
631191
631228
631260
631285
631303
631322
631340
631377
631380
631416
631427
631502
631507
631574
631583
631592
631689
631697
631732
631746
631767
631790
631842
631843
631847
631870
631933
631947
632011
632017
632096
632110
632168
632171
632199
632238
632251
632257
632259
632262
632304
632309
632314
632351
632357
632460
632496
632499
632509
632526
632544
632567
632570
632601
632630
632656
632659
632672
632676
632685
632719
632727
632728
632871
632873
632876
632885
632922
632926
632932
632973
632977
633012
633061
633100
633130
633145
633159
633176
633177
633193
633196
633207
633232
633275
633285
633318
633337
633365
633402
633430
633463
633489
633604
633608
633660
633678
633686
633688
633722
633751
633798
633801
633802
633803
633811
633907
633910
633958
633962
633963
633977
633990
634038
634040
634045
634115
634141
634165
634170
634171
634269
634281
634301
634311
634317
634336
634341
634355
634449
634494
634525
634527
634550
634639
634707
634775
634787
634802
634810
634811
634816
634854
634878
634880
634894
634895
634926
634953
634957
634960
634961
635040
635065
635108
635147
635199
635244
635419
635424
635511
635514
635524
635683
635688
635706
635710
635737
635771
635772
635817
635837
635841
635843
635896
635909
635910
635912
635968
636029
636076
636183
636229
636232
636274
636342
636385
636410
636425
636492
636508
636514
636515
636517
636519
636520
636522
636523
636530
636559
636612
636632
636674
636681
636741
636800
636805
636806
636807
636808
636809
636812
636822
636827
636862
636873
636876
636879
636891
636893
636900
636908
636956
637017
637020
637040
637084
637105
637110
637156
637161
637162
637164
637165
637168
637174
637179
637180
637237
637246
637250
637253
637263
637267
637272
637306
637312
637321
637322
637334
637346
637398
637409
637459
637463
637472
637479
637484
637533
637574
637672
637890
637893
637926
637941
637944
637946
637961
637969
637973
637994
638045
638090
638091
638106
638114
638188
638210
638219
638232
638238
638254
638265
638328
638342
638359
638369
638464
638467
638475
638541
638544
638599
638609
638635
638669
638688
638718
638727
638729
638732
638733
638788
638803
638855
638862
638894
638901
638915
638946
638985
638987
638988
639009
639049
639052
639072
639080
639086
639247
639250
639283
639357
639461
639463
639471
639473
639477
639480
639482
639486
639489
639495
639506
639524
639531
639533
639538
639571
639581
639596
639611
639687
639698
639705
639721
639730
639783
639798
639803
639863
639884
639886
639895
639959
639965
639973
640029
640079
640081
640089
640090
640116
640128
640173
640175
640196
640203
640209
640276
640291
640377
640386
640402
640415
640420
640427
640440
640443
640462
640519
640526
640559
640605
640701
640756
640758
640766
640767
640768
640772
640775
640781
640786
640796
640816
640830
640878
640935
640960
640962
640963
640971
640974
640977
641085
641212
641275
641321
641322
641326
641333
641340
641349
641376
641395
641495
641548
641550
641588
641668
641684
641688
641697
641706
641709
641734
641835
641838
641914
641925
641926
641928
641967
641968
641991
641992
642018
642023
642046
642055
642056
642057
642061
642062
642064
642066
642069
642078
642081
642085
642087
642099
642103
642106
642107
642108
642113
642129
642131
642133
642134
642154
642155
642237
642248
642287
642300
642328
642397
642473
642512
642556
642576
642608
642624
642635
642641
642646
642647
642649
642652
642666
642694
642697
642707
642753
642781
642846
642863
642886
642921
642957
642958
642962
642966
642968
642969
642970
642975
642984
642988
642994
643065
643071
643077
643088
643114
643143
643200
643213
643222
643224
643225
643234
643237
643238
643260
643272
643284
643288
643291
643299
643373
643375
643377
643388
643392
643393
643395
643400
643425
643428
643432
643434
643467
643468
643502
643503
643520
643550
643586
643587
643592
643596
643597
643632
643657
643690
643706
643718
643728
643743
643758
643760
643791
643803
643866
643889
643922
643924
643998
644002
644003
644009
644039
644050
644064
644106
644108
644124
644142
644144
644157
644182
644262
644265
644283
644320
644426
644452
644460
644514
644530
644549
644609
644618
644623
644653
644665
644670
644686
644688
644695
644710
644730
644748
644752
644787
644822
644876
644905
644909
644921
644950
645006
645024
645046
645047
645055
645062
645073
645080
645124
645230
645240
645243
645319
645403
645417
645426
645431
645452
645454
645482
645499
645501
645510
645513
645514
645516
645519
645524
645592
645725
645726
645732
645733
645746
645750
645753
645796
645828
645836
645840
645856
645881
645900
645927
645930
645941
646020
646108
646109
646155
646273
646300
646334
646385
646397
646401
646435
646454
646474
646489
646498
646502
646511
646541
646542
646558
646683
646684
646724
646823
646843
646930
646939
646941
646977
647049
647055
647068
647152
647156
647157
647186
647215
647246
647276
647302
647320
647341
647348
647354
647356
647357
647370
647378
647398
647445
647455
647511
647519
647537
647593
647616
647638
647663
647710
647733
647736
647741
647829
647888
647892
647895
647931
647932
647935
647942
647988
647995
648013
648043
648088
648092
648095
648104
648114
648168
648171
648229
648291
648310
648408
648409
648427
648467
648473
648495
648497
648498
648499
648516
648519
648523
648550
648594
648628
648648
648668
648705
648738
648764
648768
648770
648819
648955
648957
648990
649019
649032
649077
649078
649087
649099
649117
649119
649179
649182
649212
649219
649274
649294
649407
649426
649524
649609
649770
649918
649924
649984
650015
650019
650093
650152
650170
650176
650248
650292
650328
650346
650366
650631
650637
650672
650685
650716
650730
650766
650769
650893
650895
650896
650898
650900
650952
651006
651008
651013
651016
651018
651147
651178
651187
651188
651218
651273
651442
651448
651459
651465
651477
651484
651486
651488
651492
651494
651506
651510
651511
651514
651517
651520
651569
651571
651579
651645
651675
651680
651690
651692
651696
651698
651728
651732
651814
651815
651817
651823
651845
651852
651871
651879
651920
652004
652034
652118
652243
652255
652297
652340
652342
652441
652476
652522
652589
652600
652664
652694
652724
652757
652761
652767
652778
652794
652802
652823
652841
652844
652847
652854
652860
652891
652947
652981
652990
653051
653070
653218
653229
653258
653304
653327
653340
653355
653365
653378
653384
653390
653397
653401
653407
653412
653530
653537
653544
653554
653556
653559
653561
653573
653598
653615
653643
653645
653672
653765
653783
653793
653799
653809
653813
653814
653820
653842
653946
654050
654082
654092
654119
654133
654148
654435
654546
654593
654615
654624
654636
654695
654718
654731
654741
654765
654795
654798
654816
654852
654954
654977
654981
655033
655046
655048
655058
655072
655083
655201
655219
655257
655344
655363
655366
655384
655393
655426
655435
655478
655504
655514
655560
655574
655587
655648
655742
655746
655754
655758
655759
655761
655765
655864
655874
656006
656024
656039
656145
656147
656174
656202
656211
656214
656226
656233
656250
656381
656480
656685
656733
656751
656770
656790
656793
656926
656979
656980
656981
657012
657099
657107
657191
657343
657386
657437
657461
657528
657611
657625
657640
657657
657701
657767
657782
657815
657826
657877
657891
658020
658074
658110
658181
658213
658238
658243
658304
658397
658402
658450
658488
658494
658497
658505
658520
658558
658568
658596
658700
658788
658810
658829
658883
658975
659060
659133
659158
659169
659194
659201
659211
659223
659309
659313
659355
659356
659358
659376
659383
659384
659411
659412
659413
659417
659419
659420
659501
659502
659506
659514
659564
659578
659677
659716
659724
659756
659766
659794
659802
659822
659986
660001
660035
660099
660175
660240
660299
660335
660355
660418
660589
660644
660661
660663
660727
660773
660838
660865
660881
660942
660985
661007
661188
661237
661269
661289
661294
661296
661352
661359
661395
661529
661572
661601
661655
661664
661665
661666
661690
661709
661790
661791
661917
661924
661930
661950
661974
662001
662018
662020
662028
662041
662044
662065
662069
662087
662109
662118
662152
662183
662267
662288
662310
662373
662378
662474
662498
662502
662509
662521
662723
662726
662728
662778
662802
662821
662844
662889
662903
662956
662957
662975
662983
662989
663016
663064
663099
663122
663128
663143
663200
663235
663240
663283
663364
663407
663410
663412
663414
663603
663625
663629
663633
663661
663662
663669
663706
663712
663723
663775
663866
663923
663924
663953
663993
664032
664041
664042
664045
664047
664048
664049
664164
664168
664170
664171
664172
664307
664333
664336
664356
664442
664483
664507
664527
664530
664561
664571
664574
664588
664594
664617
664631
664679
664681
664689
664748
664790
664825
664833
664848
664862
664945
664994
665030
665032
665040
665087
665109
665116
665209
665351
665356
665369
665385
665403
665469
665524
665552
665567
665568
665723
665779
665835
665856
665864
665921
665998
666022
666095
666123
666196
666197
666214
666294
666344
666477
666479
666487
666508
666593
666634
666720
666723
666730
666749
666771
666782
666863
666912
667015
667054
667057
667098
667132
667141
667154
667177
667216
667226
667228
667245
667276
667297
667331
667336
667408
667459
667553
667562
667564
667655
667688
667824
667885
667944
667949
667973
667979
667989
667992
667996
668040
668055
668061
668069
668072
668096
668184
668200
668343
668360
668385
668462
668492
668591
668616
668660
668683
668712
668723
668756
668794
668795
668796
668804
668834
668980
669059
669217
669239
669342
669355
669376
669409
669448
669500
669510
669558
669600
669671
669679
669695
669705
669735
669739
669748
669770
669772
669798
669906
669930
669974
670009
670027
670091
670171
670263
670265
670266
670359
670426
670428
670429
670466
670490
670580
670615
670624
670633
670634
670635
670636
670638
670746
670874
670880
670888
670939
670940
670964
670977
670987
671013
671042
671063
671078
671079
671104
671137
671216
671217
671219
671248
671260
671263
671269
671308
671309
671317
671324
671368
671372
671380
671389
671474
671555
671603
671630
671708
671712
671713
671725
671730
671736
671755
671786
671789
671844
671903
671952
671997
672003
672043
672050
672055
672114
672204
672215
672226
672229
672259
672278
672437
672555
672582
672593
672684
672741
672761
672818
672902
672943
672996
673043
673094
673168
673179
673268
673378
673456
673471
673475
673526
673725
673785
673829
673836
673850
673890
673930
673933
673935
674025
674173
674185
674210
674250
674259
674308
674329
674370
674382
674385
674393
674464
674472
674475
674482
674499
674503
674520
674528
674564
674603
674670
674703
674821
674852
674853
674862
674895
674943
675006
675024
675054
675141
675253
675256
675282
675308
675327
675347
675357
675359
675374
675439
675489
675490
675522
675526
675531
675554
675568
675575
675581
675607
675776
675777
675799
675814
675824
675846
675853
675950
675956
676192
676240
676285
676291
676292
676297
676299
676359
676386
676410
676414
676435
676490
676518
676547
676613
676649
676704
676726
676738
676756
676824
676839
676840
676844
676845
676856
676878
676896
676903
676919
676981
677013
677063
677108
677135
677156
677206
677214
677230
677243
677338
677359
677431
677528
677569
677600
677612
677646
677829
677895
677898
678036
678094
678278
678279
678298
678303
678331
678389
678446
678482
678489
678536
678579
678583
678588
678697
678790
678792
678803
678828
678844
678897
678928
678945
678997
679014
679055
679066
679078
679163
679188
679190
679196
679213
679287
679384
679426
679444
679486
679674
679722
679761
679785
679790
679870
679893
679908
679915
679974
679985
680033
680094
680138
680199
680208
680286
680295
680297
680332
680369
680379
680380
680415
680417
680420
680493
680522
680593
680615
680621
680631
680653
680734
680751
680793
680814
680829
680867
680871
680883
680918
680985
681019
681076
681181
681185
681195
681198
681243
681255
681280
681300
681324
681326
681341
681362
681396
681416
681429
681457
681577
681582
681584
681631
681665
681680
681711
681719
681775
681836
681840
681880
681914
681986
681996
682019
682043
682052
682201
682225
682261
682286
682359
682416
682532
682545
682612
682641
682660
682662
682748
682779
682809
682810
682825
682836
682994
682999
683016
683100
683154
683204
683348
683407
683455
683630
683691
683699
683701
683716
683719
683773
683780
683803
683862
683875
683891
683915
684047
684051
684139
684201
684420
684433
684478
684676
684684
684807
684812
684822
684841
684923
684993
685014
685044
685076
685180
685201
685222
685277
685289
685305
685405
685454
685545
685548
685586
685592
685615
685646
685649
685661
685671
685682
685723
685792
685826
685848
685849
685850
685867
685942
685964
685982
686003
686008
686036
686078
686086
686111
686112
686120
686166
686170
686172
686208
686357
686391
686435
686437
686472
686478
686584
686603
686676
686684
686818
686854
686988
687037
687137
687142
687259
687281
687297
687301
687340
687369
687372
687377
687382
687424
687496
687578
687618
687647
687661
687728
687766
687794
687805
687859
687886
687924
687972
687979
687983
688005
688034
688051
688131
688138
688146
688177
688272
688312
688343
688357
688358
688436
688457
688460
688465
688532
688542
688544
688580
688587
688592
688616
688639
688673
688738
688842
688852
688863
688870
688898
688927
688936
689025
689030
689040
689088
689108
689112
689122
689127
689144
689148
689285
689312
689323
689337
689389
689397
689478
689479
689481
689495
689664
689686
689815
689834
689918
689968
690006
690059
690085
690122
690124
690127
690128
690129
690131
690135
690136
690137
690138
690178
690193
690213
690221
690248
690286
690309
690311
690348
690372
690417
690451
690481
690546
690549
690558
690576
690583
690585
690637
690652
690658
690688
690732
690746
690795
690799
690873
690880
690905
691008
691068
691088
691100
691143
691151
691155
691170
691196
691212
691223
691363
691397
691473
691476
691546
691646
691734
691860
691932
692039
692063
692074
692079
692227
692291
692380
692421
692436
692478
692510
692531
692559
692623
692774
692830
692854
692885
692969
693071
693073
693281
693315
693318
693400
693467
693474
693475
693486
693544
693562
693567
693582
693656
693670
693675
693676
693677
693713
693742
693749
693780
693840
693905
693907
694007
694061
694096
694103
694115
694124
694211
694224
694290
694378
694393
694435
694439
694441
694476
694480
694556
694590
694649
694657
694662
694673
694717
694725
694731
694739
694847
694942
694944
694951
695042
695046
695138
695148
695155
695160
695168
695244
695256
695270
695312
695350
695425
695452
695556
695564
695569
695583
695635
695697
695756
695761
695962
696001
696006
696053
696067
696070
696123
696138
696139
696199
696393
696408
696428
696513
696527
696566
696605
696673
696785
696822
696845
696958
696978
697027
697065
697111
697123
697135
697181
697374
697389
697399
697402
697549
697552
697696
697709
697765
697782
697798
697799
697840
697953
698074
698082
698320
698534
698541
698649
698663
698672
698676
698826
698836
698852
698857
698939
698968
698972
699018
699019
699075
699087
699177
699183
699221
699250
699284
699287
699317
699337
699349
699351
699378
699496
699515
699620
699651
699718
699732
699758
699765
699811
700091
700108
700205
700290
700347
700358
700388
700423
700424
700451
700522
700544
700556
700570
700591
700604
700650
700686
700705
700790
701017
701029
701077
701121
701137
701277
701289
701369
701407
701481
701510
701511
701578
701617
701776
701909
701974
702023
702029
702037
702068
702070
702120
702171
702196
702245
702349
702391
702400
702550
702567
702608
702621
702649
702743
702746
702759
702824
702840
702905
703050
703069
703122
703127
703258
703268
703272
703297
703351
703394
703698
703732
703745
703781
703882
704011
704179
704208
704214
704245
704262
704269
704308
704336
704422
704567
704602
704610
704618
704630
704646
704774
704792
704849
704851
704861
704919
704964
704991
704993
705038
705056
705058
705072
705075
705174
705184
705208
705279
705283
705354
705356
705368
705385
705387
705393
705396
705397
705416
705433
705450
705451
705464
705467
705503
705516
705519
705528
705586
705683
705791
705797
705798
705800
705801
705804
705809
705815
705863
705871
705873
705877
705912
705949
706001
706025
706199
706236
706237
706243
706383
706396
706494
706525
706540
706559
706565
706574
706581
706618
706629
706677
706712
706727
706739
706778
706853
706856
706857
706862
706891
706898
706908
706915
706932
707031
707037
707079
707085
707116
707131
707134
707142
707192
707214
707396
707408
707446
707455
707459
707474
707621
707639
707757
707786
707794
707851
707860
707926
708025
708031
708034
708050
708100
708127
708143
708289
708325
708326
708327
708336
708362
708369
708371
708390
708471
708494
708516
708520
708544
708548
708561
708591
708599
708613
708623
708697
708699
708706
708788
708790
708792
708805
708808
708844
708962
708994
709031
709034
709039
709059
709078
709082
709147
709195
709196
709202
709238
709263
709412
709427
709430
709468
709512
709514
709519
709531
709559
709564
709567
709608
709614
709621
709631
709642
709692
709716
709717
709732
709786
709798
709842
709901
709903
709907
709912
709983
709992
710003
710019
710116
710217
710219
710228
710242
710295
710298
710304
710309
710310
710311
710312
710313
710457
710493
710530
710572
710575
710578
710581
710672
710684
710717
710734
710736
710743
710871
710922
711046
711048
711069
711227
711342
711351
711370
711427
711468
711471
711629
711641
711643
711660
711683
711705
711715
711754
711813
711848
711963
711975
712040
712079
712123
712183
712188
712228
712277
712286
712464
712499
712503
712508
712510
712567
712745
712747
712762
712907
712972
713130
713138
713166
713176
713179
713181
713197
713204
713254
713341
713364
713422
713474
713478
713479
713504
713523
713563
713582
713649
713651
713660
713703
713704
713828
713924
713951
714129
714150
714153
714199
714216
714270
714277
714281
714324
714338
714358
714440
714460
714479
714553
714559
714561
714567
714595
714631
714669
714798
714803
714825
714838
714870
714995
715107
715123
715133
715159
715178
715179
715181
715203
715210
715235
715239
715260
715264
715275
715324
715343
715370
715402
715417
715461
715486
715550
715580
715613
715658
715676
715715
715756
715762
715894
715900
715903
715951
716072
716084
716109
716119
716130
716157
716162
716190
716221
716258
716283
716300
716309
716343
716359
716387
716480
716512
716681
716700
716703
716750
716786
716819
716820
716822
716831
716850
716959
716995
717011
717021
717056
717096
717226
717281
717285
717319
717353
717360
717367
717372
717397
717672
717679
717712
717716
717728
717766
717859
717863
717942
717972
717973
718003
718014
718017
718022
718055
718070
718075
718083
718095
718114
718134
718135
718138
718146
718151
718156
718159
718161
718292
718326
718337
718389
718400
718416
718460
718558
718617
718630
718660
718661
718742
718754
718762
718792
718833
718859
718892
718962
719006
719018
719033
719050
719072
719104
719106
719165
719173
719221
719232
719276
719279
719280
719290
719296
719309
719311
719318
719319
719323
719324
719327
719366
719374
719384
719403
719452
719456
719535
719638
719665
719686
719703
719704
719769
719770
719800
719829
719843
719864
719950
720009
720018
720026
720046
720065
720104
720109
720132
720312
720395
720407
720442
720514
720638
720667
720689
720727
720771
720790
720929
720959
721113
721118
721139
721196
721257
721259
721322
721333
721367
721438
721466
721492
721540
721576
721636
721656
721877
721894
721927
721930
721940
721952
721955
722022
722032
722134
722261
722301
722308
722327
722344
722348
722354
722358
722364
722374
722472
722516
722522
722526
722571
722603
722635
722688
722709
722710
722711
722714
722715
722717
722722
722724
722730
722780
722784
722845
722893
723024
723072
723074
723111
723135
723144
723186
723227
723234
723255
723270
723285
723337
723359
723377
723393
723408
723419
723447
723453
723454
723531
723538
723553
723605
723769
723771
723883
723936
723945
724024
724046
724152
724165
724232
724298
724331
724350
724359
724368
724408
724427
724451
724457
724479
724492
724581
724585
724597
724653
724671
724719
724736
724774
724789
724796
724843
724885
724888
724901
724919
724963
724980
724985
725050
725064
725067
725114
725140
725146
725148
725223
725226
725246
725257
725283
725295
725303
725323
725495
725543
725578
725623
725640
725646
725764
725791
725813
725835
725836
725842
725851
725867
725922
725960
725992
726025
726031
726062
726120
726124
726139
726207
726208
726217
726239
726289
726333
726343
726352
726455
726504
726507
726521
726527
726546
726741
726753
726784
726881
726939
726953
726999
727016
727037
727111
727128
727140
727161
727170
727179
727199
727251
727325
727347
727352
727353
727404
727457
727478
727488
727501
727507
727574
727627
727714
727752
727822
728045
728054
728062
728065
728069
728070
728099
728122
728144
728189
728218
728236
728245
728259
728282
728289
728291
728292
728295
728298
728305
728308
728325
728386
728405
728415
728450
728453
728471
728552
728571
728574
728590
728617
728623
728690
728694
728732
728773
728791
728795
728796
728797
728867
728872
728874
728876
728888
728907
728917
728941
728948
728949
729004
729053
729109
729149
729170
729176
729225
729299
729316
729341
729357
729429
729454
729455
729482
729489
729565
729591
729613
729630
729631
729634
729660
729674
729705
729713
729722
729740
729832
729872
729877
729878
729881
729882
729884
729887
729889
729935
729938
729975
729999
730103
730158
730162
730167
730170
730180
730189
730227
730240
730255
730261
730286
730316
730339
730375
730406
730407
730414
730423
730426
730573
730625
730627
730639
730757
730766
730769
730780
730788
730873
730883
730890
730903
730974
730987
731001
731041
731103
731158
731163
731204
731216
731222
731230
731232
731233
731234
731239
731339
731343
731391
731437
731439
731459
731477
731491
731583
731587
731605
731653
731663
731727
731732
731740
731741
731745
731767
731776
731799
731803
731810
731818
731860
731883
731893
731953
731981
731985
732045
732114
732115
732118
732136
732138
732202
732231
732232
732233
732234
732328
732333
732344
732428
732471
732472
732510
732520
732550
732558
732621
732678
732713
732726
732761
732773
732805
732846
732856
732889
732912
732945
732978
733006
733049
733057
733063
733068
733126
733137
733156
733222
733322
733387
733415
733481
733491
733496
733506
733517
733528
733544
733578
733590
733592
733605
733615
733677
733699
733820
733834
733837
733852
733858
733866
733874
733878
733914
733932
733937
733958
733983
733988
734001
734072
734081
734088
734216
734264
734322
734330
734341
734353
734368
734451
734502
734506
734507
734516
734557
734629
734639
734707
734717
734796
734844
734875
734878
734881
734973
734987
735012
735031
735072
735110
735116
735117
735156
735253
735273
735374
735423
735427
735437
735458
735504
735514
735563
735580
735595
735734
735736
735740
735744
735771
735781
735782
735933
735951
735967
735979
735981
736087
736164
736189
736274
736308
736365
736369
736373
736376
736377
736381
736447
736485
736506
736509
736511
736547
736553
736563
736585
736611
736631
736694
736720
736735
736752
736818
736845
736853
736883
736895
736899
736934
737000
737008
737009
737039
737132
737233
737241
737259
737267
737271
737284
737313
737322
737376
737384
737481
737513
737515
737519
737534
737586
737595
737676
737693
737736
737737
737759
737803
737815
737830
737853
737855
737859
737867
737881
737885
737974
737998
738008
738043
738057
738065
738090
738095
738098
738110
738127
738129
738141
738156
738162
738168
738170
738183
738186
738224
738332
738370
738388
738391
738440
738441
738444
738454
738461
738466
738467
738475
738477
738493
738496
738507
738509
738515
738540
738542
738661
738687
738725
738730
738746
738748
738756
738796
738890
738891
738893
738898
738914
738964
739052
739054
739058
739068
739087
739123
739126
739133
739146
739174
739275
739291
739343
739372
739381
739399
739403
739422
739438
739440
739443
739445
739447
739449
739451
739453
739454
739456
739458
739474
739479
739573
739582
739587
739590
739591
739596
739603
739627
739643
739706
739709
739777
739788
739887
739890
739893
739901
739914
739960
739990
739995
740016
740021
740049
740061
740119
740130
740144
740149
740157
740227
740257
740264
740267
740318
740385
740513
740533
740574
740594
740598
740611
740614
740623
740624
740627
740628
740653
740751
740794
740813
740822
740899
740903
740908
740924
740925
740991
740994
741021
741083
741105
741112
741130
741159
741174
741178
741187
741206
741261
741271
741278
741357
741380
741382
741422
741425
741434
741451
741515
741533
741567
741581
741583
741586
741588
741592
741611
741612
741613
741614
741616
741630
741631
741632
741635
741636
741651
741670
741685
741686
741708
741712
741808
741835
741882
741883
741887
741914
741917
741919
741957
741964
741972
741984
741998
742043
742048
742059
742080
742107
742147
742179
742191
742254
742312
742327
742433
742492
742789
742797
742898
742899
742906
742926
742948
742951
742961
742963
742987
743022
743030
743032
743040
743044
743091
743149
743176
743240
743267
743288
743367
743394
743440
743569
743581
743632
743654
743757
743823
743964
743988
744009
744013
744038
744041
744065
744168
744210
744273
744322
744353
744382
744388
744428
744447
744456
744515
744538
744540
744542
744549
744552
744571
744592
744606
744735
744742
744746
744750
744857
744858
744859
744876
744979
745002
745040
745047
745048
745050
745058
745116
745179
745210
745213
745264
745282
745299
745327
745328
745342
745407
745422
745429
745456
745467
745475
745527
745795
745868
745881
745934
745936
745986
745995
745996
746015
746038
746059
746097
746115
746128
746132
746135
746139
746148
746157
746161
746164
746200
746223
746240
746283
746339
746351
746379
746389
746464
746520
746524
746661
746666
746685
746689
746722
746729
746746
746781
746808
746817
746891
746894
746943
746953
746966
746971
747005
747013
747015
747051
747102
747117
747132
747156
747170
747171
747190
747232
747235
747239
747327
747345
747359
747376
747424
747429
747431
747432
747438
747444
747463
747483
747512
747521
747563
747571
747578
747592
747593
747706
747716
747719
747721
747728
747729
747731
747746
747747
747751
747816
747817
747822
747901
747919
747923
747941
747957
748026
748048
748060
748115
748124
748150
748155
748187
748194
748224
748225
748230
748233
748251
748273
748282
748283
748286
748343
748407
748455
748464
748474
748543
748561
748589
748621
748645
748694
748700
748712
748717
748810
748812
748853
748910
748918
748939
748942
748990
749024
749029
749039
749044
749047
749051
749078
749086
749099
749109
749116
749120
749173
749239
749240
749256
749269
749290
749302
749305
749317
749377
749380
749396
749416
749427
749464
749494
749519
749522
749527
749555
749581
749582
749611
749613
749645
749727
749736
749951
749992
750015
750109
750121
750141
750143
750206
750219
750271
750275
750278
750281
750288
750301
750303
750305
750306
750310
750322
750344
750363
750401
750415
750446
750461
750512
750518
750522
750543
750569
750587
750620
750633
750694
750697
750725
750732
750838
750843
750895
750900
750914
750923
751004
751023
751055
751062
751073
751078
751097
751099
751134
751204
751213
751237
751251
751252
751254
751298
751326
751360
751361
751365
751394
751396
751401
751418
751422
751423
751436
751443
751447
751453
751494
751496
751497
751583
751595
751626
751696
751731
751743
751801
751840
751848
751855
751856
751965
751969
752001
752004
752031
752100
752115
752126
752133
752142
752144
752148
752157
752177
752200
752262
752281
752289
752290
752291
752295
752304
752307
752309
752350
752354
752372
752378
752397
752417
752428
752429
752434
752435
752436
752440
752443
752444
752446
752448
752450
752500
752505
752510
752553
752616
752628
752687
752714
752715
752721
752722
752743
752761
752762
752795
752809
752819
752825
752833
752834
752867
752874
752880
752898
752902
752904
752968
753074
753076
753131
753143
753147
753158
753170
753208
753210
753248
753270
753328
753337
753402
753411
753436
753443
753451
753453
753455
753468
753571
753574
753726
753773
753893
753926
753931
753937
753941
753973
754001
754005
754006
754017
754040
754195
754197
754218
754265
754267
754325
754330
754343
754345
754347
754351
754408
754450
754453
754501
754588
754607
754651
754758
754777
754785
754801
754824
754856
754859
754928
754933
754934
754952
754983
755001
755015
755047
755064
755071
755135
755157
755200
755211
755249
755329
755349
755350
755504
755521
755561
755566
755737
755753
755788
755792
755794
755798
755804
755915
755961
755998
756017
756075
756106
756112
756114
756132
756158
756167
756194
756208
756237
756239
756259
756267
756278
756283
756290
756293
756303
756317
756327
756331
756341
756342
756360
756374
756423
756426
756432
756439
756446
756452
756457
756523
756524
756530
756540
756545
756566
756570
756599
756615
756627
756630
756634
756643
756673
756674
756681
756693
756720
756747
756753
756774
756783
756792
756793
756810
756820
756830
756838
756885
756956
756999
757004
757013
757048
757055
757073
757100
757116
757173
757224
757242
757269
757335
757344
757345
757351
757352
757360
757362
757393
757405
757424
757442
757453
757564
757655
757672
757686
757709
757720
757838
757844
757845
757853
757854
757855
757911
757916
757977
757981
758022
758105
758152
758211
758241
758279
758292
758298
758303
758309
758323
758344
758439
758443
758501
758506
758510
758511
758517
758547
758589
758637
758640
758724
758744
758761
758769
758772
758803
758823
758853
758860
758861
758870
758893
758897
759071
759102
759123
759165
759189
759193
759198
759213
759220
759225
759230
759239
759248
759287
759292
759321
759335
759345
759350
759365
759373
759376
759377
759378
759397
759409
759413
759420
759422
759426
759430
759437
759486
759516
759524
759571
759578
759585
759619
759622
759644
759665
759682
759753
759768
759776
759802
759806
759807
759818
759840
759902
759908
759917
759933
759937
759951
759955
759957
759970
760020
760104
760145
760161
760195
760204
760218
760243
760271
760272
760281
760289
760296
760300
760308
760312
760344
760404
760466
760508
760512
760522
760536
760537
760540
760576
760608
760621
760688
760741
760747
760752
760825
760864
760871
760875
760883
760891
760918
760919
760946
760953
760998
761027
761042
761055
761066
761088
761115
761116
761122
761163
761191
761198
761220
761226
761248
761260
761298
761333
761337
761453
761455
761457
761533
761554
761556
761560
761563
761574
761581
761600
761603
761610
761746
761823
761830
761837
761841
761848
761869
761903
761953
761987
762026
762060
762068
762079
762112
762161
762168
762195
762230
762255
762295
762302
762305
762316
762324
762332
762424
762441
762457
762504
762567
762587
762598
762640
762645
762650
762655
762660
762685
762741
762758
762812
762821
762826
762832
762838
762842
762863
762916
762921
762998
763019
763053
763080
763091
763139
763149
763161
763162
763196
763209
763256
763277
763278
763302
763315
763320
763345
763368
763370
763427
763453
763531
763563
763631
763672
763676
763702
763743
763747
763749
763751
763783
763818
763820
763850
763967
763975
763992
764013
764065
764073
764080
764086
764091
764164
764215
764231
764294
764309
764381
764410
764412
764414
764509
764595
764619
764620
764673
764729
764740
764747
764750
764765
764787
764794
764813
764814
764893
764923
764930
765012
765085
765126
765128
765190
765193
765210
765342
765402
765534
765585
765695
765699
765704
765707
765723
765732
765758
765765
765771
765797
765804
765810
765832
765860
765869
765878
765905
765923
765967
765968
765996
766008
766017
766024
766029
766032
766069
766076
766148
766162
766164
766184
766189
766200
766217
766220
766229
766237
766309
766325
766358
766375
766376
766394
766401
766457
766505
766530
766543
766579
766592
766720
766764
766785
766814
767050
767069
767089
767116
767139
767152
767204
767210
767214
767216
767234
767238
767243
767250
767251
767256
767259
767274
767276
767281
767314
767327
767395
767471
767499
767504
767526
767528
767585
767613
767615
767657
767663
767711
767720
767726
767805
767835
767841
767864
767899
767949
768253
768275
768334
768370
768447
768451
768485
768507
768570
768596
768603
768632
768644
768667
768673
768698
768761
768893
768967
768983
769002
769011
769013
769021
769049
769098
769127
769254
769270
769286
769303
769319
769347
769364
769397
769403
769468
769616
769629
769642
769657
769664
769686
769700
769704
769804
769932
770010
770041
770107
770165
770204
770267
770328
770338
770371
770375
770382
770393
770404
770428
770436
770452
770456
770461
770491
770496
770503
770512
770549
770590
770610
770623
770627
770632
770663
770684
770725
770740
770867
770899
770951
770973
770977
770992
771040
771048
771117
771157
771190
771224
771252
771264
771266
771273
771298
771381
771390
771397
771412
771416
771506
771536
771548
771550
771555
771660
771690
771731
771775
771820
771929
771949
771953
771955
771975
771990
771991
772032
772088
772133
772139
772148
772278
772288
772295
772297
772306
772307
772312
772315
772318
772362
772391
772403
772431
772446
772450
772462
772515
772533
772549
772557
772567
772571
772576
772603
772614
772618
772650
772667
772678
772784
772786
772914
772948
772957
772973
772977
773023
773032
773053
773113
773116
773257
773270
773271
773274
773303
773327
773409
773491
773513
773542
773569
773615
773620
773647
773691
773701
773724
773769
773778
773789
773797
773897
773909
773962
773982
774011
774021
774044
774103
774108
774118
774123
774131
774132
774139
774146
774149
774309
774404
774414
774454
774463
774469
774559
774629
774763
774862
774879
774887
774895
774900
774974
774983
774985
774991
774993
774995
775052
775063
775180
775265
775272
775381
775400
775453
775481
775483
775484
775501
775564
775566
775567
775596
775599
775605
775613
775698
775771
775792
775857
775869
775889
775943
776028
776041
776055
776094
776100
776195
776211
776236
776251
776294
776462
776486
776487
776491
776497
776501
776506
776565
776610
776657
776666
776670
776718
776729
776734
776797
776874
776904
776942
776944
776948
776949
777048
777149
777177
777235
777250
777274
777288
777305
777464
777484
777486
777517
777537
777573
777612
777620
777677
777697
777733
777739
777752
777828
777830
777849
777912
777923
778042
778126
778190
778211
778214
778233
778262
778346
778360
778371
778379
778412
778436
778439
778519
778521
778555
778560
778583
778590
778596
778655
778683
778720
778755
778764
778780
778784
778801
778877
778919
779067
779157
779167
779202
779216
779234
779246
779247
779385
779433
779568
779569
779581
779621
779747
779844
779960
780160
780170
780182
780204
780267
780268
780273
780275
780280
780281
780283
780318
780344
780348
780365
780511
780535
780575
780591
780609
780611
780643
780652
780656
780666
780688
780721
780723
780731
780736
780748
780766
780804
780815
780821
780832
780863
780898
780980
781001
781004
781012
781020
781025
781032
781046
781050
781076
781179
781180
781197
781317
781319
781326
781329
781331
781332
781334
781337
781338
781340
781342
781345
781346
781349
781353
781355
781362
781363
781372
781378
781418
781444
781526
781619
781635
781678
781683
781705
781713
781719
781724
781849
781881
781926
781935
781970
781984
781995
782003
782007
782036
782037
782055
782072
782083
782140
782172
782176
782177
782179
782204
782209
782212
782214
782219
782226
782230
782236
782238
782341
782358
782390
782442
782465
782480
782533
782570
782575
782654
782663
782667
782676
782700
782727
782758
782760
782869
782936
782984
783061
783088
783089
783104
783113
783161
783208
783233
783262
783281
783327
783332
783333
783335
783340
783413
783460
783529
783546
783572
783638
783674
783701
783729
783839
783917
783947
783949
783960
783963
783990
784015
784058
784075
784115
784147
784155
784177
784192
784217
784281
784284
784485
784486
784488
784495
784593
784630
784777
784791
784800
784817
784827
784838
784850
784858
785012
785059
785075
785086
785095
785097
785121
785125
785130
785131
785136
785141
785145
785152
785157
785163
785166
785167
785174
785176
785293
785326
785328
785401
785443
785614
785625
785662
785664
785707
785734
785736
785757
785759
785763
785764
785802
785869
785885
785912
786018
786050
786075
786087
786110
786126
786127
786170
786199
786300
786372
786399
786426
786499
786535
786573
786584
786593
786627
786742
786747
786754
786835
786842
786848
786851
786853
786856
786864
786866
786870
786878
786881
786966
786971
786990
787009
787046
787052
787085
787115
787173
787174
787180
787187
787193
787277
787283
787288
787316
787344
787370
787373
787402
787460
787465
787468
787469
787490
787506
787527
787556
787590
787635
787691
787707
787732
787747
787752
787760
787761
787785
787796
787806
787908
787935
787960
788073
788158
788166
788176
788195
788297
788303
788334
788376
788422
788445
788470
788501
788527
788623
788635
788734
788752
788873
788929
789113
789208
789310
789339
789351
789373
789375
789382
789413
789446
789473
789581
789602
789617
789622
789637
789675
789702
789765
789784
789791
789845
789859
789955
789978
790020
790027
790034
790146
790197
790227
790252
790257
790299
790409
790509
790602
790634
790695
790803
790856
790893
790894
790949
790953
791038
791141
791177
791329
791335
791348
791375
791388
791392
791394
791452
791479
791528
791570
791597
791615
791655
791698
791906
791907
791908
791909
791910
792009
792087
792101
792103
792149
792198
792251
792303
792327
792492
792494
792505
792615
792657
792667
792672
792677
792678
792684
792720
792736
792739
792741
792742
792772
792800
792857
792916
792934
792993
792995
793000
793002
793041
793081
793145
793234
793287
793318
793354
793368
793370
793376
793385
793387
793462
793481
793549
793608
793674
793711
793786
793794
793828
793835
793836
793896
793914
793942
793967
794004
794094
794128
794141
794234
794236
794325
794347
794349
794362
794424
794452
794487
794567
794630
794686
794738
794766
794783
794905
794909
794922
794925
794960
794994
795051
795135
795136
795155
795206
795390
795422
795444
795500
795508
795518
795522
795562
795604
795615
795724
795742
795756
795853
795868
795936
795939
795952
795957
795962
795970
795987
796002
796010
796017
796032
796050
796057
796197
796211
796214
796237
796250
796256
796265
796271
796278
796284
796307
796353
796400
796401
796412
796428
796523
796571
796581
796585
796604
796621
796640
796643
796734
796759
796856
796941
796945
797003
797006
797012
797013
797047
797052
797134
797147
797166
797173
797313
797333
797393
797400
797425
797502
797555
797565
797582
797648
797659
797742
797764
797781
797786
797815
797819
797886
797888
797891
797924
797928
797932
797935
797937
797946
797974
798016
798060
798082
798091
798093
798104
798105
798106
798128
798130
798155
798296
798409
798434
798443
798467
798529
798530
798580
798626
798646
798652
798719
798761
798789
798822
798823
798829
798894
798966
799051
799088
799097
799098
799099
799102
799105
799123
799131
799134
799139
799144
799177
799182
799246
799263
799308
799344
799364
799369
799379
799398
799427
799483
799493
799534
799540
799568
799600
799640
799651
799655
799668
799757
799874
799878
799904
799920
799933
799943
799953
799959
799962
799982
800030
800088
800098
800109
800112
800137
800156
800198
800302
800305
800319
800334
800410
800417
800461
800469
800472
800474
800497
800540
800567
800597
800681
800687
800690
800696
800748
800774
800815
800844
800857
800861
800891
800984
800989
801071
801078
801085
801086
801102
801109
801151
801175
801178
801233
801244
801271
801320
801380
801449
801454
801464
801466
801485
801488
801500
801527
801548
801557
801583
801651
801691
801727
801773
801774
801794
801802
801808
801824
801830
801937
801970
802055
802066
802067
802108
802157
802226
802279
802321
802344
802363
802369
802483
802496
802605
802610
802657
802724
802725
802728
802738
802755
802766
802777
802835
802839
802851
802859
802860
802862
802870
802887
802907
802909
802917
802954
802963
802969
803075
803114
803135
803138
803139
803142
803145
803182
803204
803216
803217
803229
803233
803235
803302
803377
803442
803561
803634
803636
803637
803758
803779
803878
803912
803938
803939
804021
804041
804042
804043
804046
804118
804122
804127
804167
804236
804261
804267
804281
804304
804330
804359
804373
804374
804392
804572
804614
804616
804706
804711
804755
804852
804941
805060
805061
805063
805064
805067
805102
805104
805107
805116
805124
805201
805203
805206
805207
805209
805221
805224
805320
805347
805350
805356
805365
805396
805420
805421
805429
805434
805436
805445
805446
805458
805473
805475
805532
805619
805620
805639
805678
805682
805688
805705
805739
805748
805758
805765
805816
805929
806166
806175
806187
806190
806191
806204
806207
806209
806245
806248
806269
806275
806291
806296
806309
806322
806431
806554
806583
806617
806639
806715
806731
806787
806796
806804
806845
806846
806850
806853
806892
806893
806895
806944
806953
807001
807002
807003
807025
807030
807049
807078
807172
807182
807243
807272
807278
807309
807320
807327
807336
807339
807356
807369
807383
807412
807606
807655
807688
807801
807854
807858
807952
807969
808031
808033
808037
808039
808049
808050
808053
808056
808059
808063
808065
808069
808090
808100
808207
808300
808340
808396
808408
808421
808424
808429
808433
808445
808450
808452
808600
808648
808683
808748
808789
808793
808801
808810
808865
809049
809198
809207
809282
809306
809347
809379
809393
809397
809431
809439
809442
809485
809489
809519
809524
809556
809557
809561
809563
809570
809571
809586
809587
809591
809596
809610
809614
809642
809654
809668
809678
809698
809703
809789
809872
809892
809929
809962
810018
810024
810045
810047
810062
810082
810161
810163
810260
810263
810271
810387
810402
810427
810464
810470
810499
810503
810593
810714
810748
810760
810807
810896
810949
810960
811061
811068
811072
811076
811086
811110
811134
811149
811153
811191
811286
811337
811382
811467
811549
811622
811626
811646
811652
811656
811704
811707
811743
811748
811753
811755
811758
811761
811763
811767
811781
811782
811783
811816
811822
811825
811829
811832
811847
811853
811869
811907
811914
811921
811928
811935
811939
812074
812235
812237
812275
812292
812307
812310
812320
812323
812340
812341
812427
812488
812494
812498
812557
812605
812612
812616
812618
812620
812621
812641
812653
812657
812665
812670
812694
812788
812795
812822
812915
812923
812957
812969
812983
812987
813003
813006
813019
813025
813033
813057
813066
813244
813263
813289
813313
813400
813406
813408
813428
813538
813583
813624
813658
813678
813724
813743
813848
813865
813892
813980
813992
814019
814029
814043
814048
814084
814095
814103
814106
814112
814242
814244
814252
814255
814261
814264
814266
814273
814320
814321
814324
814326
814331
814406
814426
814507
814510
814609
814615
814678
814686
814764
814800
814811
814852
814889
814891
814904
814951
815026
815067
815088
815128
815136
815143
815209
815279
815315
815444
815454
815569
815609
815631
815677
815689
815715
815728
815856
815867
816184
816187
816220
816311
816349
816360
816365
816371
816381
816450
816487
816492
816512
816515
816516
816519
816528
816535
816538
816542
816545
816546
816547
816566
816606
816607
816656
816657
816685
816759
816790
816798
816801
816811
816820
816869
816949
816952
816977
817077
817170
817177
817184
817282
817348
817480
817490
817499
817514
817580
817588
817677
817680
817686
817688
817747
817793
817799
817811
817814
817836
817839
817869
818072
818108
818153
818230
818233
818269
818331
818442
818480
818527
818543
818664
818735
818746
818747
818793
818823
818834
818843
818859
818878
818883
818972
818999
819250
819259
819274
819371
819401
819604
819617
819660
819738
819797
819876
819926
820032
820098
820317
820385
820511
820609
820626
820633
820645
820657
820662
820710
820725
820748
820750
820758
820940
821038
821094
821098
821100
821320
821357
821385
821388
821390
821418
821425
821428
821431
821479
821485
821489
821499
821501
821557
821669
821670
821678
821684
821749
821771
821783
821901
821954
821956
821991
822075
822148
822327
822332
822348
822419
822428
822435
822441
822448
822473
822475
822499
822519
822554
822618
822687
822781
822792
822821
822945
823034
823040
823096
823119
823155
823191
823199
823202
823207
823210
823339
823356
823359
823393
823419
823427
823439
823491
823504
823594
823617
823662
823764
823847
823887
824020
824052
824059
824060
824062
824063
824070
824199
824254
824286
824326
824360
824367
824497
824503
824559
824577
824623
824641
824643
824657
824734
824739
824761
824806
824843
824877
824915
824923
824937
824979
824982
825016
825045
825105
825162
825193
825208
825218
825295
825305
825313
825344
825351
825357
825376
825409
825410
825448
825465
825530
825577
825594
825609
825654
825664
825691
825725
825751
825808
825818
825824
825893
825895
825900
826047
826048
826056
826092
826093
826099
826118
826135
826146
826150
826161
826188
826310
826335
826368
826372
826374
826404
826429
826477
826617
826632
826649
826686
826710
826753
826777
826843
826863
826930
826933
826941
827064
827072
827144
827157
827180
827255
827285
827315
827525
827590
827620
827688
827750
827797
827931
828143
828192
828305
828306
828340
828481
828498
828514
828544
828651
828683
828691
828723
828784
828789
828799
828846
829023
829026
829028
829035
829038
829053
829058
829091
829243
829317
829342
829357
829358
829361
829370
829409
829410
829429
829490
829507
829523
829613
829643
829652
829660
829674
829698
829726
829797
829882
830036
830180
830184
830358
830420
830524
830696
830757
830764
830788
830794
830806
830821
830822
830826
830984
831012
831017
831028
831055
831134
831179
831186
831207
831396
831410
831438
831480
831529
831543
831600
831654
831703
831710
831741
831772
831791
831811
831830
831833
831836
831853
831877
832105
832167
832185
832188
832227
832233
832257
832310
832353
832397
832454
832458
832471
832508
832543
832557
832601
832602
832615
832625
832649
832672
832712
832713
832716
832721
832729
832749
832935
833023
833027
833033
833084
833187
833195
833198
833200
833215
833249
833339
833384
833404
833425
833454
833468
833498
833575
833639
833677
833774
833803
833804
834192
834208
834332
834347
834356
834423
834437
834455
834511
834522
834578
834619
834660
834767
834784
834804
834849
834875
834883
834971
834979
835062
835074
835089
835092
835105
835137
835159
835213
835243
835262
835279
835284
835292
835294
835457
835560
835638
835653
835677
835679
835742
835746
835786
835872
835875
835879
835951
836008
836155
836221
836225
836269
836294
836303
836304
836311
836325
836333
836439
836519
836525
836570
836713
836738
836795
836833
836924
836979
836996
836998
837121
837181
837205
837242
837271
837275
837286
837324
837372
837382
837389
837392
837503
837506
837513
837542
837544
837650
837707
837751
837759
837780
837840
837901
837997
838003
838117
838209
838237
838241
838317
838321
838322
838353
838427
838461
838471
838474
838484
838511
838516
838578
838591
838594
838609
838616
838618
838630
838719
838808
838819
838888
838923
838941
838993
839006
839010
839069
839097
839109
839200
839253
839262
839342
839347
839436
839440
839476
839482
839493
839540
839552
839557
839590
839598
839599
839612
839647
839664
839677
839678
839741
839761
839801
839820
839828
839900
839991
840239
840254
840297
840301
840302
840303
840304
840305
840307
840308
840309
840311
840314
840315
840316
840320
840321
840324
840325
840327
840328
840330
840334
840343
840526
840528
840537
840538
840543
840572
840603
840691
840701
840704
840705
840729
840783
840786
840805
840818
840819
840887
840889
840986
841024
841055
841063
841171
841298
841379
841419
841569
841584
841591
841657
841715
841742
841891
841935
841938
841943
841945
841946
842033
842052
842098
842120
842139
842159
842169
842200
842241
842276
842343
842417
842419
842442
842444
842446
842455
842493
842503
842508
842511
842514
842521
842682
842707
842715
842721
842786
842800
842819
842820
842826
842891
842938
842948
843008
843039
843137
843152
843158
843186
843289
843290
843314
843324
843338
843450
843487
843489
843621
843679
843730
843784
843807
843842
843878
843880
843898
843906
843932
843947
843978
844059
844069
844094
844202
844295
844322
844380
844386
844396
844398
844537
844555
844560
844634
844697
844775
844917
844918
844986
845004
845061
845097
845119
845123
845152
845154
845157
845178
845251
845275
845319
845407
845452
845474
845509
845551
845554
845584
845643
845669
845692
845749
845783
845785
845802
845826
845831
846004
846013
846017
846045
846072
846094
846255
846259
846278
846284
846311
846346
846423
846424
846441
846778
846785
846786
846796
846807
846818
846848
846867
846895
846974
847066
847087
847136
847140
847163
847171
847197
847314
847329
847339
847420
847445
847513
847549
847557
847562
847564
847679
847732
847802
847996
848054
848055
848057
848058
848063
848067
848090
848186
848197
848235
848239
848241
848278
848285
848286
848289
848303
848391
848432
848440
848483
848487
848542
848553
848565
848589
848664
848676
848707
848723
848740
848818
848826
848839
848840
848842
848866
848886
848887
848912
848927
848949
848955
848982
849019
849042
849043
849044
849046
849059
849250
849255
849265
849268
849269
849273
849284
849306
849332
849361
849365
849369
849422
849496
849497
849564
849585
849628
849635
849640
849652
849670
849685
849735
849736
849774
849815
849828
849847
849903
850010
850050
850060
850065
850071
850099
850127
850148
850218
850236
850258
850372
850379
850439
850502
850511
850539
850575
850584
850674
850683
850699
850779
850782
850791
850803
850805
850837
850875
850916
850918
850920
850938
850973
851025
851031
851085
851100
851124
851147
851227
851275
851289
851296
851307
851308
851345
851382
851429
851466
851468
851477
851478
851498
851499
851500
851501
851502
851504
851506
851507
851508
851509
851511
851512
851513
851539
851549
851551
851552
851553
851555
851556
851557
851558
851559
851560
851561
851562
851563
851564
851565
851567
851568
851569
851570
851615
851617
851618
851622
851635
851636
851661
851665
851685
851731
851741
851742
851744
851745
851762
851770
851782
851839
851862
851881
851885
851950
851965
851972
852005
852031
852047
852093
852095
852096
852182
852202
852252
852262
852283
852313
852335
852431
852432
852437
852438
852485
852565
852593
852636
852676
852683
852696
852701
852725
852783
852795
852826
852829
852830
852850
852862
852910
852917
852930
852954
852966
852986
852995
853019
853034
853035
853043
853085
853094
853155
853157
853163
853178
853206
853334
853344
853387
853391
853413
853429
853430
853452
853500
853545
853585
853590
853604
853636
853677
853682
853688
853691
853723
853730
853764
853770
853796
853799
853810
853813
853854
853904
853924
853944
853956
853958
853959
853979
854006
854046
854047
854065
854113
854114
854153
854160
854169
854188
854196
854240
854244
854251
854268
854283
854302
854318
854328
854335
854341
854344
854400
854417
854419
854442
854519
854523
854525
854526
854529
854535
854561
854607
854640
854748
854765
854767
854790
854840
854852
854867
854881
854887
854890
854902
854907
854932
854953
854969
854989
854996
855006
855033
855044
855140
855149
855187
855190
855192
855197
855202
855228
855245
855267
855273
855302
855409
855412
855433
855435
855444
855451
855466
855467
855472
855536
855560
855814
855912
855962
855971
855983
855997
856006
856015
856051
856060
856062
856081
856082
856085
856088
856090
856091
856122
856221
856273
856274
856276
856290
856421
856474
856476
856517
856547
856613
856639
856661
856668
856680
856793
856795
856839
856973
856990
857004
857006
857141
857207
857240
857246
857250
857266
857270
857279
857334
857382
857391
857403
857415
857417
857422
857427
857429
857444
857447
857501
857504
857570
857614
857678
857708
857715
857721
857726
857797
857821
857922
857954
858003
858015
858017
858043
858061
858064
858066
858071
858073
858074
858077
858096
858135
858159
858161
858162
858164
858169
858180
858181
858188
858233
858239
858243
858270
858284
858287
858296
858314
858325
858346
858461
858463
858472
858478
858482
858492
858514
858522
858524
858572
858581
858600
858614
858619
858653
858655
858666
858690
858747
858790
858824
858836
858838
858841
858844
858856
858975
859048
859347
859357
859417
859428
859430
859431
859479
859497
859609
859657
859659
859687
859698
859725
859768
859804
859839
859862
859901
859912
859932
859935
859992
860002
860022
860027
860073
860126
860135
860177
860214
860292
860303
860304
860311
860346
860458
860488
860537
860553
860606
860607
860658
860728
860764
860849
860861
860867
860869
860931
860955
861035
861043
861053
861057
861069
861095
861136
861165
861177
861264
861303
861332
861335
861341
861367
861413
861418
861452
861454
861456
861507
861523
861561
861668
861717
861749
861783
861818
861883
861886
861913
861925
861942
861977
862009
862029
862031
862035
862054
862065
862069
862090
862131
862169
862239
862250
862280
862404
862453
862495
862529
862531
862533
862538
862565
862671
862672
862724
862739
862743
862748
862758
862789
862816
862817
862818
862857
862908
862970
863049
863171
863177
863181
863295
863371
863406
863423
863438
863443
863525
863542
863543
863546
863563
863592
863593
863594
863596
863662
863672
863676
863680
863688
863762
863776
863831
863837
863839
863841
863848
863851
863856
863869
863874
863924
863946
864012
864113
864142
864151
864201
864207
864237
864365
864367
864370
864403
864407
864531
864536
864583
864685
864750
864844
864850
864860
864873
864947
864959
865008
865253
865355
865356
865390
865419
865439
865443
865502
865528
865540
865549
865556
865576
865615
865616
865620
865628
865630
865636
865644
865665
865672
865703
865713
865939
865949
866002
866027
866100
866153
866337
866343
866376
866401
866510
866596
866608
866661
866672
866682
866699
866700
866703
866704
866705
866716
866728
866741
868265
868537
868547
868551
868603
868659
868706
868723
868736
868757
868768
868854
869016
869041
869046
869051
869066
869071
869089
869101
869128
869136
869150
869154
869291
869378
869399
869434
869443
869523
869526
869528
869618
869629
869663
869666
869710
869717
869720
869764
869900
869909
869915
869953
869965
869989
870046
870056
870096
870110
870182
870186
870189
870196
870352
870383
870448
870478
870493
870506
870510
870531
870542
870619
870660
870664
870671
870766
870809
870914
870929
870946
870950
870957
870994
871034
871132
871138
871156
871173
871401
871406
871440
871449
871472
871493
871502
871598
871602
871624
871654
871690
871766
871832
871836
871874
871875
871895
871896
871964
871993
872010
872185
872253
872255
872278
872283
872325
872338
872376
872378
872382
872383
872386
872466
872470
872485
872497
872506
872512
872514
872524
872554
872618
872620
872640
872663
872668
872671
872715
872721
872728
872732
872737
872749
872751
872755
872787
872800
872848
872872
872886
872889
872890
872940
872980
873045
873096
873113
873128
873330
873343
873431
873516
873529
873559
873620
873639
873668
873674
873717
873749
873754
873784
873787
873808
873865
873888
873904
873967
873969
873973
874051
874167
874242
874265
874305
874334
874537
874544
874565
874594
874605
874657
874671
874687
874728
874753
874756
874758
874767
874806
874807
874808
874809
874832
874837
874891
874894
874924
874950
874969
874973
874995
875022
875030
875081
875122
875137
875138
875236
875268
875314
875334
875356
875425
875426
875429
875487
875522
875582
875632
875799
875875
875893
875903
875915
875986
875989
875993
876001
876010
876045
876084
876120
876122
876132
876158
876174
876177
876201
876205
876207
876210
876222
876224
876227
876235
876237
876239
876247
876254
876269
876283
876286
876349
876355
876411
876418
876430
876457
876465
876481
876531
876544
876573
876598
876600
876619
876656
876707
876708
876711
876712
876728
876796
876801
876802
876864
876874
876920
876932
876949
877000
877024
877055
877087
877089
877106
877189
877247
877255
877260
877267
877324
877374
877375
877430
877436
877439
877445
877495
877600
877621
877626
877772
877813
877832
877907
877933
877975
878032
878096
878113
878127
878312
878321
878342
878362
878367
878414
878494
878508
878576
878671
878686
878720
878750
878759
878777
878836
878838
878844
878849
878853
878856
878900
878941
878958
879033
879062
879079
879138
879165
879203
879209
879226
879267
879303
879305
879329
879339
879430
879432
879442
879486
879497
879538
879585
879600
879672
879689
879717
879734
879796
879803
879849
879878
879879
879909
879912
879917
879953
879956
879957
879986
880001
880004
880024
880029
880030
880032
880068
880100
880222
880226
880247
880255
880258
880260
880264
880267
880271
880272
880289
880294
880305
880311
880322
880323
880324
880326
880327
880329
880337
880347
880370
880381
880393
880398
880515
880561
880565
880567
880568
880572
880582
880585
880615
880623
880665
880724
880774
880780
880786
880828
880841
880845
880891
880937
880939
880981
881053
881070
881099
881108
881138
881194
881212
881216
881219
881258
881260
881262
881302
881304
881308
881310
881317
881349
881355
881380
881402
881404
881405
881424
881460
881464
881487
881494
881502
881555
881573
881597
881598
881654
881688
881756
881761
881768
881800
881803
881815
881820
881828
881855
881863
881882
881906
882008
882051
882052
882055
882071
882108
882135
882145
882149
882157
882162
882185
882186
882216
882218
882225
882235
882405
882413
882418
882423
882429
882431
882488
882502
882526
882530
882535
882574
882593
882596
882598
882754
882791
882806
882835
882904
882948
882965
883001
883034
883057
883076
883083
883089
883090
883110
883185
883217
883220
883234
883275
883299
883341
883347
883349
883361
883406
883428
883680
883685
883719
883745
883891
883977
883978
883989
884013
884059
884093
884180
884184
884224
884231
884234
884288
884304
884356
884362
884396
884402
884415
884490
884506
884517
884536
884551
884681
884714
884728
884751
884788
884789
884800
884825
884826
884882
884932
885003
885025
885030
885101
885121
885153
885177
885187
885189
885192
885278
885284
885346
885375
885443
885460
885468
885615
885683
885754
885755
885831
885837
885895
885903
885930
885938
886053
886083
886122
886136
886142
886218
886305
886317
886336
886427
886440
886474
886481
886489
886498
886511
886514
886576
886581
886604
886606
886608
886611
886638
886778
886844
886871
886873
886884
886885
886961
886963
887022
887093
887130
887169
887173
887187
887265
887309
887318
887379
887445
887450
887470
887556
887566
887583
887627
887636
887655
887690
887751
887786
887790
887876
887907
887920
887924
888001
888027
888097
888111
888117
888162
888192
888212
888257
888315
888368
888380
888392
888414
888452
888478
888502
888532
888561
888665
888694
888827
888838
888841
888842
888851
889046
889095
889107
889198
889266
889278
889408
889418
889424
889445
889467
889470
889476
889485
889539
889569
889580
889616
889638
889658
889676
889681
889685
889730
889753
889757
889791
889834
889839
889848
889850
889874
889888
889977
889995
890166
890216
890298
890303
890325
890348
890407
890452
890505
890513
890574
890615
890729
890741
890771
890874
890967
890991
891013
891184
891195
891253
891277
891282
891332
891484
891487
891514
891527
891576
891701
891702
891704
891761
891811
891924
891931
891936
891961
891983
891985
891989
891991
891996
892069
892075
892079
892087
892110
892113
892121
892132
892142
892150
892175
892219
892259
892265
892285
892361
892368
892417
892426
892430
892432
892444
892457
892458
892469
892620
892663
892667
892671
892682
892692
892729
892731
892743
892758
892767
892771
892866
892905
892910
892957
892965
893028
893032
893098
893255
893284
893320
893323
893335
893338
893347
893354
893355
893370
893377
893384
893387
893396
893411
893422
893439
893457
893472
893516
893535
893770
893861
893866
893910
893955
893985
894011
894125
894205
894206
894239
894334
894400
894469
894525
894570
894586
894600
894631
894698
894699
894703
894733
894734
894742
894751
894754
894774
894807
894818
894821
894844
894989
895001
895039
895062
895066
895073
895158
895178
895181
895218
895267
895279
895290
895318
895433
895474
895492
895499
895500
895591
895627
895704
895735
895744
895814
895825
895860
895862
895895
895911
895990
896011
896087
896155
896161
896163
896164
896169
896173
896180
896205
896250
896268
896320
896329
896345
896352
896375
896386
896387
896388
896413
896448
896592
896628
896662
896890
896893
896922
896933
896952
896957
896959
897077
897078
897159
897260
897268
897322
897338
897343
897361
897398
897424
897454
897488
897496
897605
897675
897791
897871
897874
897954
898021
898080
898100
898228
898348
898365
898369
898425
898435
898464
898555
898562
898563
898581
898627
898714
898770
898774
898791
898798
898860
899057
899060
899123
899215
899269
899294
899298
899324
899436
899445
899504
899579
899603
899606
899620
899673
899675
899694
899712
899722
899754
899810
899840
899870
899871
899907
899932
899960
899977
899996
900033
900052
900054
900057
900065
900241
900272
900273
900274
900281
900287
900289
900296
900308
900314
900322
900352
900382
900384
900412
900537
900553
900747
900803
900821
900831
900837
900855
900913
901040
901060
901090
901149
901247
901257
901264
901321
901330
901338
901383
901385
901417
901418
901481
901518
901525
901526
901553
901561
902173
902914
902984
902987
903021
903040
903075
903097
903099
903276
903329
903388
903500
903508
903513
903536
903537
903539
903692
903712
903730
903802
903808
903852
903967
904008
904009
904011
904013
904024
904085
904116
904140
904172
904267
904318
904319
904324
904356
904364
904449
904633
904636
904648
904669
904678
904687
904759
904826
904924
904926
904929
904931
905004
905011
905020
905044
905070
906200
906250
906355
906389
906419
906421
906425
906460
907390
908316
908806
910355
910494
910501
910540
910703
910705
910711
910731
910791
910799
910802
910803
910807
910838
910853
910889
911045
911056
911078
911106
911145
911192
911229
911237
911243
911317
911348
911354
911357
911361
911416
911425
911694
911700
911708
911711
911719
911723
911731
911738
911748
911860
911897
911904
911911
911912
911926
911972
911977
912002
912022
912032
912049
912103
912109
912129
912133
912149
912160
912163
912165
912195
912293
912307
912367
912373
912375
912391
912404
912407
912413
912417
912511
912556
912602
912638
912644
912645
912650
912668
912734
912735
912778
912791
912793
912858
912865
912872
912878
912937
912953
913017
913020
913021
913024
913027
913031
913033
913038
913062
913100
913120
913154
913163
913290
913343
913415
913479
913487
913520
913533
913568
913645
913673
913726
913761
913772
913878
913933
914015
914036
914037
914075
914088
914091
914107
914162
914215
914228
914308
914312
914397
914414
914520
914572
914634
914752
914783
914799
914979
914982
914986
915021
915058
915156
915160
915162
915229
915268
915292
915296
915297
915310
915539
915572
915601
915707
915730
915864
915893
915925
915967
915968
915982
915984
916042
916084
916117
916120
916124
916142
916165
916283
916300
916351
916433
916439
916489
916589
916677
916710
916735
916790
916930
916965
916992
917007
917199
917222
917281
917315
917324
917347
917496
917514
917597
917708
917717
917723
917742
917791
917883
917990
918007
918035
918045
918054
918096
918118
918356
918387
918457
918489
918547
918594
918597
918613
918615
918621
918675
918727
918731
918749
918762
918820
918839
918940
919076
919131
919134
919335
919340
919345
919363
919435
919486
919530
919542
919567
919624
919670
919683
919777
919817
919873
919969
920048
920081
920127
920229
920342
920362
920390
920397
920419
920429
920470
920551
920633
920635
920642
920697
920843
920845
920850
920958
920967
920968
920970
920972
921022
921033
921181
921213
921216
921272
921380
921384
921442
921443
921451
921460
921467
921469
921504
921505
921507
921509
921511
921525
921630
921644
921646
921782
921811
921884
921935
921967
922048
922052
922247
922324
922404
922437
922443
922472
922496
922504
922562
922596
922607
922636
922676
922742
922747
922754
922801
922848
922872
922936
922952
922987
923040
923162
923217
923238
923246
923255
923300
923321
923404
923414
923612
923635
923672
923698
923709
923763
923821
923855
923869
923994
923995
924033
924036
924188
924323
924382
924423
924618
924642
924762
924780
924806
924961
924975
924985
925045
925119
925163
925168
925219
925310
925420
925443
925457
925548
925705
925786
925802
925836
925843
925890
925891
925931
925946
925988
925997
926003
926054
926070
926074
926092
926153
926188
926200
926255
926318
926355
926370
926378
926403
926420
926429
926448
926449
926494
926505
926599
926603
926606
926682
926687
926688
926723
926762
926813
926818
926827
926831
926835
926837
926899
926980
926981
927041
927054
927066
927138
927207
927287
927335
927341
927359
927409
927412
927516
927526
927554
927559
927742
927752
927759
927767
927771
927795
927848
927849
927854
927866
927938
927942
927969
928015
928020
928074
928077
928087
928089
928102
928103
928105
928116
928125
928130
928131
928133
928153
928162
928250
928274
928278
928313
928317
928345
928346
928351
928391
928397
928480
928503
928521
928529
928591
928603
928628
928634
928643
928646
928647
928668
928716
928773
928776
928777
928778
928779
928782
928793
928796
928800
928811
928943
929007
929030
929089
929118
929226
929230
929334
929363
929387
929428
929455
929461
929525
929562
929665
929799
929847
929944
929947
930034
930055
930057
930087
930089
930187
930248
930253
930292
930308
930314
930384
930569
930573
930600
930603
930662
930705
930726
930765
930791
930792
930802
930814
930860
930888
930908
930914
930916
930962
930991
931042
931049
931099
931153
931220
931237
931295
931309
931311
931317
931318
931323
931325
931329
931332
931341
931345
931346
931349
931358
931367
931375
931398
931410
931447
931455
931463
931510
931518
931529
931536
931553
931579
931594
931616
931628
931650
931652
931734
931769
931834
931892
931894
931896
931909
931922
931940
931944
931954
931957
931985
932049
932066
932147
932224
932236
932276
932352
932402
932428
932470
932472
932481
932598
932752
932868
932890
932914
932943
932994
933069
933088
933090
933098
933103
933138
933139
933140
933224
933238
933246
933260
933290
933292
933340
933342
933375
933403
933415
933464
933561
933726
933740
933749
933900
933908
933940
934010
934104
934131
934194
934201
934205
934207
934241
934433
934438
934453
934553
934601
934611
934630
934659
934665
934698
934707
934708
934709
934734
934753
934781
934812
934822
934825
934841
934864
934957
935020
935039
935066
935073
935076
935097
935118
935310
935347
935350
935353
935399
935413
935435
935468
935526
935643
935720
935816
935966
935978
935983
935999
936002
936042
936084
936092
936152
936165
936167
936169
936170
936199
936214
936252
936358
936359
936380
936399
936437
936444
936602
936615
936665
936671
936694
936700
936714
936719
936721
936740
936783
936784
936797
936813
936820
936852
936933
937306
937329
937390
937393
937447
937451
937453
937486
937609
937617
937656
937663
937693
937710
937743
937747
937763
937765
937941
937986
938038
938049
938065
938074
938095
938128
938133
938135
938251
938291
938300
938455
938477
938523
938596
938600
938614
938669
938671
938804
938806
938836
938849
938850
938935
938945
938946
939064
939072
939191
939195
939202
939204
939205
939207
939209
939211
939212
939214
939219
939224
939225
939226
939228
939231
939253
939541
939555
939566
939648
939655
939773
939811
939813
939819
939823
939839
939849
939879
939914
939928
939959
940045
940128
940165
940187
940233
940243
940290
940382
940402
940417
940561
940562
940617
940620
940690
940721
940754
940972
941009
941011
941023
941041
941059
941060
941062
941086
941099
941189
941256
941343
941427
941464
941516
941523
941526
941558
941676
941711
941723
941741
941805
941883
941954
942012
942057
942110
942161
942165
942202
942236
942251
942318
942321
942364
942367
942376
942389
942431
942596
942598
942820
942888
942890
942905
942907
942936
942951
943003
943034
943064
943120
943162
943221
943233
943236
943249
943252
943287
943318
943348
943519
943527
943580
943600
943662
943677
943701
943719
943747
943748
943788
943819
943836
943909
943919
943930
943938
943943
943946
943947
943960
944129
944167
944184
944251
944267
944270
944275
944280
944323
944367
944383
944389
944471
944568
944638
944656
944869
944926
944929
944968
944972
944976
944978
944997
945039
945043
945045
945071
945093
945329
945331
945345
945348
945382
945383
945423
945443
945464
945591
945610
945657
945699
945840
945847
945880
945920
945961
945966
945981
945986
946020
946070
946087
946108
946215
946217
946253
946317
946466
946490
946548
946549
946563
946665
946723
946763
946774
946932
947017
947043
947061
947073
947075
947077
947083
947159
947233
947235
947283
947305
947311
947335
947346
947350
947514
947522
947532
947612
947775
947797
947822
947884
947890
947892
947902
947930
947958
948005
948013
948033
948056
948067
948072
948080
948082
948092
948124
948132
948137
948202
948259
948297
948334
948343
948355
948374
948399
948413
948418
948453
948495
948892
948934
949136
949138
949141
949233
949384
949423
949486
949505
949544
949567
949569
949574
949578
949607
949621
949635
949701
949710
949720
949734
949806
949830
949850
949855
949909
950030
950088
950100
950110
950120
950125
950141
950182
950198
950201
950207
950258
950279
950282
950287
950307
950318
950434
950436
950489
950490
950545
950601
950609
950620
950626
950636
950680
950711
950735
950765
950778
950802
950823
950910
950924
950925
950926
950950
950975
951269
951305
951443
951491
951546
951548
951552
951582
951591
951593
951606
951714
951804
951955
951980
951996
952004
952018
952024
952042
952045
952054
952089
952127
952168
952174
952177
952184
952187
952190
952195
952207
952216
952258
952277
952280
952286
952288
952296
952297
952302
952304
952365
952730
952733
952738
952739
952780
952813
952876
952948
953048
953160
953165
953211
953255
953298
953367
953377
953410
953482
953662
953675
953714
953754
953948
953990
953991
954019
954026
954038
954041
954171
954241
954248
954304
954369
954388
954406
954409
954410
954439
954489
954509
954547
954551
954600
954615
954658
954659
954745
954758
954771
954787
954840
954841
954848
954852
954858
954911
954914
954929
955066
955197
955202
955204
955217
955224
955242
955259
955293
955323
955341
955353
955366
955448
955455
955466
955531
955532
955539
955569
955663
955672
955674
955686
955692
955714
955715
955731
955768
955820
955879
955897
955950
955991
956056
956065
956103
956111
956121
956214
956219
956223
956226
956350
956351
956425
956469
956490
956491
956517
956524
956547
956572
956590
956618
956824
956835
956920
956925
956948
956953
957019
957056
957108
957121
957124
957154
957174
957284
957314
957392
957394
957418
957424
957452
957575
957584
957587
957591
957593
957598
957681
957726
957804
957841
957842
957857
958001
958256
958356
958410
958413
958417
958420
958558
958590
958598
958633
958649
958721
958767
958801
958837
958890
958900
958918
958975
958998
959041
959233
959307
959385
959439
959496
959508
959558
959595
959636
959659
959663
959674
959690
959705
959742
959767
959800
959907
959947
959959
959993
960077
960081
960208
960258
960388
960393
960406
960420
960424
960469
960470
960486
960498
960522
960525
960541
960562
960586
960629
960635
960678
960686
960688
960702
960737
960750
960766
960788
960875
960932
960941
960942
960986
961020
961021
961034
961048
961081
961137
961147
961172
961199
961211
961295
961359
961422
961427
961428
961512
961547
961549
961554
961560
961566
961601
961613
961614
961652
961674
961765
961771
961926
961962
961999
962047
962166
962167
962283
962345
962354
962428
962458
962483
962486
962522
962582
962691
962755
962764
962800
962819
962851
962881
962905
962917
963030
963062
963087
963140
963188
963228
963241
963362
963591
963637
963675
963764
963818
963823
963824
963852
963862
964076
964181
964250
964299
964370
964379
964392
964414
964425
964587
964592
964609
964622
964735
964780
964788
964825
964847
964849
964856
964873
964928
964991
965020
965164
965213
965250
965289
965419
965425
965426
965440
965455
965618
965620
965625
965708
965794
965847
965888
965890
965914
965982
966031
966046
966142
966171
966287
966300
966336
966342
966364
966429
966436
966450
966454
966461
966465
966471
966560
966572
966643
966661
966695
966708
966711
966712
966723
966844
966851
966853
966864
966973
967020
967022
967068
967192
967228
967253
967345
967432
967490
967503
967530
967557
967560
967586
967588
967621
967633
967672
967675
967738
967739
967742
967799
967810
967814
967816
967823
967889
967892
967905
967955
967967
967980
967988
967998
968013
968017
968019
968033
968051
968077
968094
968119
968122
968123
968127
968202
968240
968288
968340
968351
968397
968409
968411
968416
968486
968548
968604
968623
968624
968625
968653
968688
968742
968770
968779
968785
968818
968862
968867
968927
968935
968949
968979
969005
969048
969081
969160
969175
969245
969296
969402
969412
969451
969455
969484
969549
969573
969578
969608
969679
969686
969694
969701
969719
969725
969728
969743
969751
969938
969990
970011
970056
970106
970155
970177
970221
970259
970324
970450
970466
970493
970512
970570
970571
970573
970605
970630
970650
970700
970806
970836
970947
971065
971148
971152
971237
971252
971294
971420
971466
971609
971620
971704
971725
971757
971766
971773
971788
972040
972048
972152
972156
972200
972206
972239
972244
972261
972431
972432
972440
972488
972561
972601
972617
972625
972642
972672
972681
972701
972711
972731
972740
972816
972911
972914
972988
973031
973070
973093
973120
973197
973202
973205
973207
973239
973471
973480
973539
973540
973543
973551
973553
973561
973572
973705
973714
973792
973861
973899
973911
973929
973936
973970
973978
974021
974032
974037
974046
974072
974161
974169
974187
974189
974191
974211
974264
974284
974306
974320
974382
974400
974545
974558
974572
974604
974612
974626
974675
974683
974698
974706
974712
974720
974725
974728
974733
974776
974804
974827
974926
974927
974931
974953
975022
975026
975027
975047
975078
975129
975157
975177
975179
975180
975185
975190
975193
975255
975256
975265
975302
975451
975484
975494
975502
975526
975636
975670
975704
975759
975801
975887
975928
975952
975957
975980
976027
976034
976121
976209
976224
976260
976374
976381
976395
976432
976437
976441
976455
976477
976532
976553
976728
976767
976773
976785
976798
976830
976898
976923
976925
976988
977000
977004
977013
977034
977052
977093
977100
977147
977155
977156
977177
977209
977226
977246
977274
977295
977309
977319
977394
977398
977438
977457
977500
977518
977542
977554
977571
977595
977598
977625
977630
977632
977633
977634
977635
977636
977639
977640
977645
977647
977648
977649
977650
977651
977653
977654
977751
977754
977758
977786
977816
977836
977845
977853
977862
977864
977866
977873
977886
977888
977923
977963
977994
978019
978025
978040
978070
978071
978097
978158
978163
978210
978217
978410
978522
978574
978599
978651
978709
978766
978792
978796
978855
978906
978910
978912
978913
978915
978916
978928
978938
978941
978958
978987
979014
979018
979051
979064
979094
979183
979197
979203
979250
979257
979279
979329
979347
979412
979499
979541
979591
979702
979728
979737
979738
979746
979755
979757
979760
979806
979853
979967
979980
980060
980062
980078
980079
980112
980128
980144
980150
980152
980155
980168
980173
980185
980325
980382
980395
980411
980446
980457
980465
980478
980485
980569
980578
980599
980605
980677
980702
980711
980792
980844
980845
980854
980901
980941
980942
980945
980948
980962
980993
981006
981011
981218
981266
981270
981287
981289
981314
981316
981319
981322
981323
981324
981329
981347
981348
981361
981519
981567
981593
981608
981630
981631
981680
981696
981777
981827
981872
981899
981946
981988
982067
982092
982112
982141
982151
982193
982200
982305
982312
982317
982322
982379
982419
982425
982434
982455
982458
982462
982467
982494
982498
982509
982543
982552
982563
982573
982597
982620
982622
982637
982678
982697
982723
982725
982752
982755
982778
982842
982869
982872
982876
982883
982909
982959
982960
982966
983024
983025
983034
983072
983228
983255
983280
983286
983341
983420
983421
983471
983490
983496
983507
983526
983527
983531
983539
983565
983581
983706
983707
983728
983758
983775
983825
983883
983954
983992
983993
984055
984072
984081
984105
984114
984142
984160
984209
984225
984359
984422
984436
984466
984555
984638
984640
984662
984670
984761
984778
984805
984826
984862
984949
984961
984982
985048
985056
985059
985060
985062
985102
985146
985274
985276
985280
985282
985288
985296
985323
985329
985335
985383
985402
985448
985502
985561
985565
985611
985615
985672
985726
985731
985735
985736
985739
985741
985743
985747
985763
985777
985794
985799
985809
985814
985890
985892
985897
985922
985927
986009
986070
986081
986083
986097
986131
986141
986197
986201
986206
986263
986296
986297
986359
986373
986377
986389
986398
986402
986427
986501
986511
986541
986608
986615
986665
986677
986800
986805
986820
986830
986859
986915
986953
986990
987035
987042
987061
987063
987066
987072
987081
987094
987096
987097
987101
987102
987129
987131
987136
987147
987153
987180
987203
987294
987305
987306
987310
987315
987324
987330
987356
987401
987414
987434
987496
987500
987508
987538
987540
987546
987577
987578
987580
987721
987742
987772
987798
987801
987853
987901
987911
987912
987926
987975
988041
988054
988057
988092
988142
988165
988184
988192
988194
988208
988233
988234
988246
988253
988265
988402
988409
988476
988498
988525
988586
988591
988619
988624
988628
988680
988682
988703
988721
988769
988777
988785
988803
988807
988813
988857
988859
988873
988885
988900
988922
988984
988988
988992
988995
989002
989044
989099
989223
989227
989248
989253
989259
989319
989385
989412
989417
989420
989432
989438
989452
989456
989465
989467
989471
989483
989492
989499
989501
989503
989506
989513
989526
989527
989530
989535
989539
989548
989554
989558
989562
989567
989573
989587
989590
989626
989632
989658
989663
989726
989751
989769
989801
989870
989872
989875
989882
989932
989938
990192
990204
990263
990266
990382
990418
990419
990420
990455
990471
990493
990511
990521
990541
990577
990663
990695
990786
990806
990829
990891
990962
990973
990977
990982
991041
991111
991173
991182
991188
991215
991291
991294
991351
991357
991423
991514
991516
991517
991533
991538
991544
991562
991566
991569
991570
991571
991572
991576
991580
991581
991582
991585
991589
991611
991708
991743
991810
991814
991825
991882
991887
991924
991930
991953
992090
992096
992165
992180
992190
992204
992219
992226
992272
992277
992279
992280
992285
992286
992287
992403
992445
992449
992452
992458
992460
992499
992574
992655
992669
992688
992694
992707
992709
992735
992761
992836
992846
992856
992870
992877
992973
993049
993056
993057
993105
993112
993119
993164
993174
993259
993292
993293
993299
993316
993324
993348
993398
993402
993517
993527
993566
993630
993640
993651
993784
993818
993867
993871
993883
993921
994001
994012
994016
994082
994084
994128
994134
994138
994143
994160
994163
994224
994253
994262
994279
994281
994348
994434
994439
994483
994495
994515
994532
994545
994548
994549
994551
994555
994592
994594
994614
994629
994633
994640
994643
994647
994728
994734
994759
994773
994785
994786
994872
994979
995010
995045
995052
995129
995144
995172
995184
995191
995226
995237
995271
995282
995302
995365
995449
995466
995497
995560
995593
995600
995713
995737
995764
995772
995803
995805
995810
995842
995857
995874
995890
995919
995959
996067
996134
996160
996184
996230
996246
996266
996315
996327
996331
996344
996384
996409
996418
996421
996425
996503
996581
996587
996619
996658
996720
996727
996747
996761
996763
996827
996867
996885
996888
996922
996938
996976
997316
997319
997383
997390
997395
997476
997546
997550
997553
997620
997622
997660
997697
997708
997713
997727
997741
997816
997833
997872
997887
997928
998054
998100
998102
998104
998110
998116
998121
998124
998132
998134
998224
998263
998275
998305
998330
998340
998390
998403
998409
998414
998440
998445
998475
998482
998494
998546
998554
998558
998612
998630
998666
998799
999040
999065
999087
999096
999114
999126
999131
999136
999243
999278
999287
999308
999349
999382
999386
999614
999629
999640
999669
999677
999681
999722
999735
999747
999779
999827
999844
999855
999869
999874
999929
999943
999981
1000117
1000173
1000292
1000296
1000322
1000348
1000361
1000562
1000589
1000624
1000723
1000724
1000999
1001011
1001042
1001099
1001104
1001116
1001126
1001130
1001132
1001142
1001221
1001226
1001275
1001288
1001297
1001311
1001348
1001381
1001384
1001414
1001449
1001547
1001654
1001669
1001688
1001696
1001699
1001755
1001767
1001828
1001922
1001995
1002007
1002071
1002135
1002146
1002150
1002151
1002176
1002191
1002226
1002258
1002325
1002349
1002482
1002500
1002576
1002594
1002624
1002632
1002639
1002644
1002748
1002756
1002795
1003078
1003106
1003114
1003124
1003222
1003233
1003243
1003251
1003264
1003273
1003465
1003471
1003632
1003710
1003716
1003734
1003797
1003819
1003821
1003838
1003849
1003870
1003890
1003955
1003960
1003981
1003990
1003992
1004130
1004171
1004269
1004297
1004466
1004563
1004580
1004617
1004635
1004645
1004662
1004691
1004785
1004862
1004885
1004996
1005004
1005007
1005014
1005020
1005102
1005122
1005156
1005185
1005301
1005318
1005337
1005367
1005376
1005378
1005388
1005395
1005500
1005501
1005545
1005550
1005559
1005566
1005616
1005625
1005683
1005770
1005772
1005776
1005789
1005804
1005828
1005852
1005854
1005860
1005977
1005984
1005989
1006025
1006238
1006415
1006437
1006453
1006462
1006513
1006514
1006543
1006571
1006595
1006613
1006679
1006724
1006757
1006760
1006769
1006839
1006860
1006930
1006932
1006937
1006940
1006944
1006947
1006979
1006993
1006998
1007002
1007019
1007022
1007049
1007054
1007205
1007217
1007242
1007272
1007334
1007395
1007462
1007492
1007535
1007595
1007610
1007647
1007869
1007931
1007963
1007983
1008005
1008026
1008042
1008130
1008161
1008169
1008225
1008246
1008270
1008285
1008317
1008323
1008368
1008374
1008385
1008392
1008412
1008413
1008419
1008440
1008452
1008466
1008515
1008543
1008547
1008564
1008637
1008661
1008732
1008734
1008745
1008756
1008812
1008821
1008870
1008876
1008886
1008926
1008936
1008980
1009047
1009049
1009078
1009103
1009140
1009151
1009154
1009358
1009396
1009470
1009583
1009663
1009705
1009719
1009762
1009794
1009802
1009840
1009872
1009917
1010018
1010063
1010080
1010093
1010182
1010301
1010344
1010397
1010485
1010495
1010589
1010600
1010673
1010698
1010708
1010754
1010755
1010756
1010826
1011009
1011017
1011025
1011026
1011034
1011043
1011049
1011064
1011207
1011213
1011215
1011219
1011395
1011541
1011566
1011604
1011607
1011608
1011609
1011616
1011621
1011679
1011759
1011863
1011865
1011873
1011878
1011879
1011903
1011984
1011999
1012007
1012009
1012014
1012017
1012076
1012078
1012198
1012220
1012238
1012279
1012298
1012361
1012362
1012410
1012520
1012560
1012582
1012610
1012643
1012706
1012722
1012756
1012786
1012796
1012803
1012824
1012826
1012840
1012847
1012853
1012855
1012859
1012914
1012953
1012971
1013117
1013132
1013137
1013203
1013325
1013328
1013340
1013356
1013482
1013589
1013599
1013665
1013667
1013694
1013699
1013720
1013764
1013774
1013854
1013870
1013928
1013932
1013934
1013944
1013966
1013970
1013982
1013993
1014049
1014087
1014195
1014226
1014227
1014234
1014236
1014237
1014242
1014245
1014310
1014320
1014333
1014373
1014375
1014410
1014421
1014422
1014430
1014431
1014436
1014437
1014438
1014460
1014501
1014503
1014511
1014531
1014574
1014601
1014629
1014648
1014649
1014659
1014661
1014684
1014689
1014691
1014707
1014738
1014806
1014840
1014932
1015079
1015080
1015081
1015126
1015180
1015254
1015261
1015303
1015327
1015360
1015370
1015416
1015456
1015482
1015493
1015505
1015539
1015642
1015694
1015706
1015715
1015721
1015793
1015798
1015812
1015824
1015845
1015868
1015872
1015887
1015908
1015912
1015936
1015957
1016030
1016129
1016268
1016322
1016341
1016361
1016383
1016385
1016401
1016404
1016406
1016430
1016453
1016500
1016519
1016521
1016526
1016564
1016600
1016642
1016647
1016686
1016688
1016696
1016818
1016848
1016881
1016915
1016923
1017014
1017030
1017063
1017072
1017075
1017089
1017114
1017180
1017184
1017246
1017293
1017324
1017328
1017335
1017338
1017380
1017388
1017396
1017441
1017469
1017539
1017585
1017612
1017621
1017634
1017635
1017667
1017673
1017732
1017733
1017752
1017794
1017797
1017802
1017814
1017818
1017820
1017823
1017829
1017856
1017858
1017889
1017910
1017920
1017995
1018020
1018023
1018026
1018031
1018032
1018055
1018063
1018088
1018092
1018105
1018106
1018133
1018149
1018169
1018190
1018219
1018357
1018391
1018416
1018429
1018510
1018518
1018539
1018542
1018549
1018634
1018650
1018653
1018799
1018804
1018829
1018852
1018879
1018905
1018990
1019018
1019104
1019105
1019123
1019170
1019173
1019179
1019210
1019219
1019247
1019335
1019342
1019444
1019517
1019520
1019523
1019542
1019545
1019556
1019581
1019592
1019620
1019692
1019826
1019836
1019846
1019849
1019858
1019868
1019881
1019890
1019902
1019912
1019917
1019943
1019951
1019961
1019963
1019967
1019984
1019996
1019999
1020011
1020038
1020042
1020182
1020190
1020236
1020255
1020263
1020264
1020266
1020280
1020371
1020402
1020410
1020414
1020528
1020540
1020590
1020625
1020668
1020696
1020701
1020730
1020791
1020822
1020830
1020857
1020862
1020870
1020890
1020896
1020910
1020917
1020999
1021035
1021056
1021064
1021083
1021092
1021093
1021109
1021120
1021122
1021184
1021257
1021335
1021438
1021456
1021470
1021541
1021591
1021689
1021742
1021798
1021839
1021868
1021884
1021921
1021937
1021950
1021967
1021975
1021978
1021989
1021991
1022002
1022010
1022013
1022014
1022015
1022021
1022022
1022024
1022063
1022072
1022082
1022103
1022115
1022128
1022132
1022134
1022197
1022244
1022329
1022453
1022479
1022565
1022613
1022634
1022654
1022668
1022672
1022680
1022700
1022701
1022703
1022767
1022778
1022779
1022819
1022827
1022828
1022833
1022887
1022892
1022903
1022988
1023008
1023082
1023086
1023125
1023156
1023184
1023194
1023224
1023241
1023246
1023251
1023253
1023257
1023262
1023313
1023315
1023371
1023394
1023467
1023492
1023495
1023568
1023588
1023600
1023656
1023660
1023673
1023716
1023717
1023724
1023727
1023735
1023748
1023776
1023783
1023786
1023788
1023794
1023802
1023853
1023920
1023922
1023947
1023985
1024073
1024141
1024142
1024207
1024223
1024379
1024411
1024470
1024530
1024532
1024535
1024555
1024562
1024575
1024591
1024597
1024598
1024626
1024642
1024687
1024702
1024721
1024747
1024773
1024794
1024798
1024800
1024808
1024822
1024823
1024908
1024955
1024983
1025032
1025074
1025137
1025146
1025154
1025165
1025175
1025190
1025437
1025487
1025508
1025523
1025542
1025572
1025573
1025647
1025783
1025796
1025800
1025826
1025832
1025853
1025894
1025918
1025944
1025946
1026057
1026066
1026068
1026072
1026202
1026222
1026244
1026256
1026280
1026299
1026317
1026352
1026355
1026356
1026401
1026421
1026480
1026492
1026496
1026532
1026542
1026563
1026573
1026574
1026589
1026606
1026717
1026718
1026721
1026726
1026727
1026739
1026743
1026772
1026810
1026819
1026836
1026891
1026938
1026942
1026945
1027002
1027027
1027094
1027160
1027257
1027296
1027303
1027306
1027377
1027385
1027396
1027409
1027410
1027448
1027451
1027464
1027465
1027482
1027492
1027496
1027522
1027528
1027535
1027596
1027623
1027629
1027631
1027665
1027680
1027728
1027765
1027800
1027819
1027847
1027853
1027859
1027865
1027873
1027876
1027899
1027919
1027929
1027933
1027950
1027969
1028005
1028098
1028140
1028212
1028215
1028243
1028296
1028339
1028359
1028424
1028562
1028571
1028583
1028609
1028617
1028623
1028648
1028653
1028674
1028677
1028703
1028704
1028708
1028710
1028715
1028720
1028836
1028848
1028871
1028882
1028908
1028909
1028944
1028955
1028998
1028999
1029019
1029027
1029031
1029033
1029038
1029132
1029169
1029202
1029209
1029235
1029239
1029241
1029281
1029322
1029324
1029351
1029352
1029436
1029452
1029465
1029480
1029519
1029539
1029556
1029657
1029659
1029663
1029683
1029686
1029728
1029773
1029801
1029813
1029815
1029843
1029872
1029880
1029955
1029992
1030047
1030062
1030089
1030107
1030109
1030149
1030187
1030247
1030249
1030250
1030253
1030276
1030294
1030308
1030320
1030339
1030372
1030429
1030452
1030457
1030460
1030512
1030552
1030568
1030619
1030635
1030647
1030655
1030658
1030663
1030675
1030677
1030678
1030680
1030684
1030687
1030691
1030699
1030702
1030703
1030705
1030707
1030721
1030789
1030916
1030928
1030931
1030937
1030961
1030962
1030968
1030972
1030983
1031001
1031035
1031077
1031087
1031114
1031127
1031133
1031134
1031139
1031141
1031144
1031146
1031198
1031206
1031208
1031216
1031280
1031283
1031288
1031306
1031358
1031359
1031388
1031393
1031416
1031422
1031441
1031448
1031478
1031488
1031516
1031524
1031540
1031552
1031568
1031649
1031659
1031702
1031707
1031745
1031747
1031801
1031828
1031833
1031838
1031876
1031898
1031929
1031963
1031975
1031989
1032032
1032049
1032061
1032108
1032115
1032121
1032128
1032152
1032169
1032171
1032185
1032201
1032212
1032305
1032321
1032339
1032371
1032372
1032385
1032403
1032419
1032439
1032448
1032479
1032490
1032494
1032506
1032514
1032609
1032612
1032620
1032628
1032641
1032664
1032666
1032667
1032682
1032710
1032744
1032780
1032823
1032876
1032890
1032910
1032948
1032949
1032950
1032988
1032995
1033052
1033095
1033105
1033113
1033118
1033125
1033151
1033153
1033175
1033181
1033185
1033244
1033320
1033345
1033356
1033413
1033424
1033431
1033467
1033489
1033494
1033544
1033566
1033636
1033667
1033710
1033790
1033801
1033805
1033807
1033808
1033833
1033871
1033883
1033909
1033918
1033931
1033936
1033946
1034045
1034061
1034067
1034093
1034097
1034114
1034123
1034172
1034229
1034245
1034332
1034408
1034480
1034483
1034485
1034520
1034541
1034542
1034580
1034590
1034673
1034689
1034693
1034703
1034725
1034732
1034751
1034769
1034771
1034785
1034861
1034863
1034886
1034887
1034902
1034929
1034995
1035013
1035065
1035084
1035187
1035188
1035189
1035190
1035264
1035360
1035366
1035383
1035420
1035450
1035462
1035499
1035544
1035583
1035584
1035595
1035641
1035654
1035689
1035705
1035798
1035835
1035841
1035882
1035903
1035936
1035982
1035995
1036023
1036026
1036030
1036133
1036139
1036186
1036239
1036291
1036293
1036432
1036436
1036451
1036595
1036609
1036620
1036637
1036642
1036680
1036684
1036685
1036701
1036718
1036786
1036791
1036809
1036814
1036820
1036884
1036914
1036969
1036985
1037006
1037010
1037017
1037125
1037145
1037217
1037346
1037352
1037355
1037359
1037440
1037459
1037461
1037464
1037545
1037578
1037581
1037599
1037618
1037628
1037635
1037639
1037664
1037684
1037704
1037705
1037725
1037785
1037791
1037799
1037806
1037809
1037841
1037844
1037854
1037863
1037880
1037903
1038002
1038043
1038048
1038068
1038083
1038092
1038116
1038134
1038141
1038143
1038174
1038190
1038217
1038225
1038257
1038272
1038273
1038378
1038392
1038401
1038416
1038454
1038460
1038473
1038481
1038489
1038505
1038587
1038595
1038596
1038601
1038604
1038609
1038621
1038699
1038711
1038766
1038794
1038799
1038869
1038871
1038887
1038909
1038938
1038972
1038995
1038996
1039099
1039103
1039108
1039162
1039183
1039200
1039204
1039213
1039233
1039280
1039282
1039335
1039359
1039368
1039380
1039395
1039425
1039442
1039448
1039454
1039508
1039672
1039725
1039750
1039761
1039767
1039777
1039779
1039790
1039792
1039795
1039801
1039803
1039811
1039821
1039824
1039871
1039886
1039898
1039901
1039928
1039948
1039958
1040025
1040049
1040067
1040077
1040079
1040085
1040089
1040091
1040095
1040101
1040110
1040127
1040128
1040134
1040137
1040144
1040150
1040153
1040155
1040161
1040176
1040182
1040191
1040197
1040229
1040292
1040417
1040422
1040437
1040468
1040516
1040551
1040562
1040573
1040593
1040605
1040616
1040625
1040629
1040632
1040700
1040742
1040783
1040785
1040789
1040821
1040844
1040880
1040884
1040892
1040926
1040938
1040961
1040967
1041051
1041081
1041097
1041114
1041149
1041195
1041244
1041265
1041320
1041399
1041404
1041446
1041471
1041478
1041494
1041517
1041554
1041569
1041605
1041613
1041631
1041633
1041660
1041680
1041681
1041752
1041835
1041899
1041905
1041952
1041957
1041968
1041971
1041972
1042010
1042028
1042043
1042049
1042065
1042091
1042114
1042134
1042158
1042179
1042201
1042202
1042240
1042250
1042253
1042277
1042316
1042321
1042369
1042390
1042394
1042395
1042407
1042435
1042471
1042479
1042498
1042555
1042565
1042568
1042602
1042623
1042644
1042657
1042667
1042678
1042700
1042720
1042736
1042778
1042827
1042835
1042888
1042952
1042960
1042962
1042967
1043041
1043197
1043199
1043227
1043228
1043247
1043251
1043258
1043267
1043274
1043284
1043291
1043303
1043306
1043313
1043443
1043513
1043571
1043590
1043607
1043635
1043639
1043648
1043656
1043675
1043725
1043746
1043814
1043824
1043848
1043868
1043871
1043890
1043945
1043984
1044042
1044047
1044060
1044095
1044115
1044117
1044303
1044305
1044359
1044396
1044417
1044433
1044442
1044488
1044525
1044533
1044537
1044543
1044546
1044548
1044551
1044560
1044641
1044650
1044660
1044667
1044673
1044684
1044686
1044688
1044697
1044698
1044699
1044700
1044714
1044719
1044798
1044827
1044833
1044873
1044878
1044895
1044908
1044945
1044956
1045001
1045057
1045061
1045129
1045145
1045182
1045189
1045190
1045200
1045203
1045235
1045244
1045249
1045275
1045276
1045280
1045283
1045330
1045343
1045345
1045511
1045536
1045537
1045563
1045572
1045599
1045620
1045745
1045777
1045801
1045819
1045940
1045967
1045980
1045983
1046000
1046021
1046059
1046120
1046150
1046177
1046205
1046207
1046210
1046297
1046326
1046374
1046558
1046572
1046594
1046603
1046614
1046729
1046784
1046810
1046893
1046896
1046905
1046909
1046969
1047060
1047100
1047135
1047189
1047223
1047235
1047237
1047307
1047365
1047376
1047423
1047445
1047453
1047458
1047597
1047641
1047662
1047810
1047820
1047886
1047900
1047902
1048034
1048039
1048094
1048097
1048099
1048107
1048127
1048140
1048149
1048156
1048199
1048216
1048222
1048223
1048224
1048232
1048235
1048237
1048239
1048254
1048259
1048261
1048268
1048318
1048319
1048322
1048324
1048331
1048372
1048373
1048375
1048428
1048448
1048494
1048512
1048517
1048540
1048568
1048582
1048694
1048697
1048700
1048782
1048783
1048813
1048941
1048957
1048986
1049024
1049070
1049075
1049078
1049090
1049134
1049234
1049244
1049249
1049303
1049324
1049327
1049333
1049340
1049347
1049351
1049358
1049366
1049369
1049375
1049380
1049387
1049388
1049404
1049411
1049415
1049419
1049422
1049423
1049426
1049431
1049435
1049438
1049450
1049451
1049501
1049551
1049553
1049560
1049569
1049577
1049580
1049581
1049584
1049586
1049588
1049591
1049607
1049608
1049609
1049622
1049791
1049818
1049823
1049827
1049830
1049864
1049935
1049936
1049940
1049942
1049946
1049949
1049954
1049958
1049962
1049965
1049971
1049981
1049987
1049995
1049997
1049999
1050001
1050004
1050005
1050006
1050008
1050010
1050015
1050017
1050018
1050019
1050020
1050021
1050023
1050025
1050103
1050118
1050120
1050124
1050125
1050130
1050131
1050135
1050137
1050139
1050149
1050181
1050213
1050242
1050243
1050249
1050309
1050315
1050317
1050361
1050366
1050407
1050443
1050464
1050469
1050482
1050485
1050487
1050489
1050490
1050491
1050519
1050525
1050527
1050529
1050562
1050567
1050573
1050576
1050578
1050580
1050581
1050588
1050589
1050590
1050610
1050619
1050624
1050625
1050676
1050703
1050863
1050953
1050988
1051007
1051049
1051170
1051196
1051237
1051246
1051317
1051318
1051321
1051335
1051383
1051385
1051394
1051402
1051483
1051518
1051560
1051569
1051629
1051652
1051716
1051735
1051738
1051809
1051846
1051878
1051896
1051946
1051951
1051955
1051957
1051978
1052029
1052113
1052114
1052147
1052157
1052158
1052169
1052194
1052210
1052211
1052221
1052230
1052244
1052255
1052265
1052271
1052295
1052299
1052321
1052336
1052409
1052411
1052431
1052558
1052559
1052588
1052606
1052614
1052619
1052621
1052624
1052626
1052628
1052629
1052633
1052671
1052716
1052749
1052775
1052809
1052820
1052843
1052849
1052853
1052857
1052865
1052886
1052907
1052940
1053050
1053065
1053105
1053106
1053129
1053140
1053193
1053233
1053238
1053244
1053270
1053276
1053297
1053327
1053328
1053406
1053422
1053435
1053447
1053469
1053516
1053541
1053561
1053563
1053609
1053670
1053712
1053734
1053746
1053808
1053846
1053847
1053859
1053892
1053900
1053908
1053911
1053914
1053916
1053931
1053942
1053943
1053952
1053968
1053993
1053997
1054018
1054022
1054029
1054034
1054109
1054156
1054180
1054273
1054285
1054294
1054299
1054422
1054426
1054462
1054502
1054508
1054561
1054573
1054599
1054624
1054626
1054630
1054643
1054770
1054853
1054903
1054947
1054958
1054964
1054977
1055068
1055108
1055167
1055199
1055201
1055206
1055207
1055233
1055318
1055363
1055365
1055384
1055424
1055451
1055470
1055496
1055510
1055544
1055733
1055744
1055749
1055750
1055754
1055777
1055783
1055786
1056030
1056079
1056112
1056149
1056166
1056186
1056335
1056366
1056376
1056380
1056428
1056446
1056493
1056495
1056502
1056510
1056514
1056517
1056522
1056524
1056528
1056531
1056533
1056546
1056548
1056561
1056569
1056581
1056590
1056603
1056607
1056608
1056745
1056780
1056838
1056861
1056900
1056955
1056968
1057004
1057062
1057071
1057117
1057149
1057228
1057299
1057318
1057333
1057340
1057362
1057443
1057483
1057538
1057544
1057575
1057577
1057621
1057626
1057768
1057769
1057776
1057798
1057818
1057919
1057932
1057938
1057963
1058028
1058063
1058073
1058078
1058081
1058152
1058306
1058343
1058372
1058435
1058444
1058482
1058521
1058537
1058596
1058619
1058638
1058649
1058662
1058689
1058710
1058716
1058717
1058724
1058736
1058746
1058777
1058833
1058860
1058883
1058901
1058909
1058925
1058930
1058936
1058972
1058981
1058990
1059008
1059012
1059051
1059066
1059091
1059149
1059345
1059357
1059407
1059487
1059528
1059537
1059555
1059593
1059651
1059778
1059901
1059916
1059935
1059980
1059990
1060041
1060043
1060136
1060183
1060195
1060205
1060208
1060227
1060234
1060240
1060314
1060341
1060351
1060421
1060454
1060460
1060604
1060630
1060643
1060709
1060743
1060750
1060839
1060851
1060999
1061020
1061032
1061120
1061125
1061189
1061213
1061227
1061242
1061261
1061292
1061347
1061396
1061422
1061429
1061437
1061449
1061456
1061519
1061524
1061531
1061624
1061656
1061661
1061771
1061774
1061783
1061927
1061930
1061944
1061964
1062010
1062040
1062084
1062110
1062127
1062137
1062160
1062171
1062181
1062215
1062276
1062282
1062283
1062292
1062315
1062384
1062401
1062413
1062522
1062528
1062564
1062566
1062579
1062583
1062667
1062668
1062686
1062694
1062714
1062715
1062717
1062722
1062733
1062839
1062851
1062852
1062860
1062870
1062936
1062960
1062962
1062970
1062985
1063040
1063055
1063104
1063110
1063334
1063430
1063436
1063438
1063439
1063470
1063498
1063505
1063528
1063562
1063589
1063631
1063639
1063687
1063707
1063731
1063744
1063750
1063818
1063829
1063843
1063845
1063847
1063850
1063851
1063853
1063857
1063863
1063876
1063877
1063879
1063882
1063884
1063890
1063895
1063898
1063903
1063905
1063906
1063907
1063909
1063910
1063948
1063981
1064014
1064028
1064061
1064083
1064152
1064178
1064238
1064280
1064281
1064294
1064296
1064312
1064332
1064405
1064418
1064435
1064440
1064462
1064497
1064516
1064591
1064598
1064620
1064695
1064775
1064784
1064909
1064931
1065007
1065054
1065058
1065131
1065144
1065167
1065277
1065299
1065320
1065351
1065374
1065610
1065616
1065673
1065683
1065719
1065722
1065769
1065770
1065869
1065897
1065934
1065938
1065952
1066022
1066060
1066078
1066113
1066218
1066220
1066272
1066313
1066376
1066383
1066432
1066485
1066511
1066703
1066707
1066767
1066780
1066902
1066914
1066979
1067000
1067053
1067058
1067063
1067066
1067074
1067090
1067094
1067138
1067151
1067167
1067283
1067337
1067399
1067469
1067509
1067549
1067568
1067571
1067575
1067582
1067693
1067700
1067704
1067714
1067825
1067833
1067931
1067936
1067955
1067959
1067963
1067976
1067993
1068010
1068362
1068368
1068408
1068423
1068425
1068444
1068449
1068471
1068478
1068552
1068619
1068623
1068691
1068715
1068747
1068907
1068936
1068944
1068952
1068954
1068995
1069020
1069108
1069110
1069118
1069169
1069175
1069178
1069211
1069267
1069335
1069350
1069355
1069510
1069578
1069630
1069706
1069778
1069788
1069825
1069869
1069885
1069954
1070038
1070155
1070169
1070225
1070235
1070291
1070373
1070432
1070442
1070450
1070455
1070514
1070535
1070673
1070867
1070923
1070941
1070963
1071002
1071084
1071115
1071129
1071133
1071197
1071199
1071215
1071244
1071258
1071262
1071279
1071309
1071430
1071529
1071552
1071554
1071555
1071607
1071644
1071677
1071779
1071807
1071812
1071904
1071976
1072006
1072032
1072070
1072071
1072074
1072081
1072167
1072187
1072230
1072267
1072286
1072304
1072306
1072341
1072342
1072357
1072404
1072472
1072475
1072478
1072485
1072492
1072493
1072515
1072680
1072709
1072776
1072780
1072848
1072898
1072928
1072990
1073070
1073077
1073079
1073102
1073105
1073109
1073111
1073114
1073222
1073252
1073304
1073335
1073342
1073345
1073405
1073411
1073413
1073449
1073556
1073696
1073752
1073792
1073802
1073841
1073917
1073946
1073952
1073961
1073968
1073969
1073971
1073973
1073975
1073992
1074006
1074012
1074016
1074023
1074037
1074082
1074087
1074103
1074139
1074141
1074147
1074216
1074221
1074236
1074242
1074246
1074249
1074295
1074299
1074322
1074386
1074445
1074524
1074531
1074533
1074543
1074608
1074609
1074648
1074776
1074867
1074900
1074919
1075004
1075038
1075187
1075210
1075270
1075273
1075296
1075299
1075302
1075335
1075350
1075356
1075362
1075391
1075449
1075465
1075475
1075492
1075495
1075616
1075618
1075632
1075682
1075685
1075795
1075848
1075915
1075940
1076001
1076005
1076043
1076061
1076095
1076142
1076153
1076179
1076185
1076187
1076213
1076277
1076318
1076330
1076331
1076352
1076395
1076525
1076692
1076731
1076759
1076768
1076939
1076942
1076959
1077027
1077097
1077102
1077141
1077191
1077198
1077222
1077255
1077277
1077281
1077283
1077284
1077313
1077340
1077350
1077367
1077433
1077470
1077535
1077552
1077559
1077583
1077619
1077627
1077691
1077693
1077698
1077708
1077723
1077751
1077817
1077833
1077846
1077874
1077891
1077984
1078037
1078060
1078079
1078136
1078179
1078188
1078203
1078261
1078272
1078307
1078317
1078318
1078360
1078366
1078367
1078408
1078453
1078460
1078470
1078474
1078479
1078492
1078523
1078529
1078580
1078605
1078654
1078664
1078670
1078673
1078698
1078709
1078712
1078741
1078743
1078768
1078770
1078771
1078780
1078820
1078867
1078869
1078907
1078928
1078963
1078993
1079017
1079054
1079114
1079115
1079122
1079126
1079130
1079158
1079160
1079235
1079250
1079354
1079377
1079402
1079421
1079481
1079485
1079508
1079613
1079634
1079640
1079643
1079686
1079688
1079707
1079713
1079725
1079740
1079820
1079827
1079837
1079845
1079915
1079916
1079928
1079937
1079940
1079992
1080065
1080069
1080133
1080172
1080179
1080193
1080240
1080249
1080282
1080284
1080299
1080335
1080347
1080357
1080391
1080419
1080485
1080512
1080585
1080597
1080646
1080656
1080723
1080732
1080738
1080764
1080800
1080816
1080879
1080917
1080942
1080959
1080980
1081000
1081069
1081088
1081115
1081157
1081158
1081167
1081208
1081260
1081308
1081400
1081494
1081504
1081557
1081575
1081619
1081637
1081662
1081694
1081706
1081713
1081736
1081740
1081759
1081790
1081818
1081854
1081936
1081987
1082058
1082063
1082072
1082110
1082133
1082211
1082246
1082344
1082350
1082368
1082375
1082384
1082389
1082471
1082477
1082491
1082552
1082558
1082597
1082608
1082614
1082622
1082630
1082636
1082701
1082706
1082757
1082765
1082773
1082779
1082783
1082789
1082791
1082805
1082828
1082845
1082921
1082925
1082958
1082993
1083016
1083022
1083028
1083041
1083051
1083070
1083071
1083072
1083119
1083188
1083246
1083381
1083394
1083431
1083433
1083444
1083533
1083567
1083611
1083665
1083669
1083699
1083729
1083733
1083763
1083771
1083773
1083776
1083816
1083818
1083819
1083858
1083862
1083929
1083957
1083968
1083976
1084015
1084031
1084044
1084062
1084089
1084107
1084176
1084187
1084199
1084222
1084225
1084228
1084232
1084237
1084287
1084333
1084376
1084414
1084428
1084437
1084439
1084456
1084477
1084614
1084647
1084652
1084656
1084659
1084661
1084721
1084741
1084744
1084745
1084750
1084753
1084862
1084863
1084872
1084874
1084875
1084890
1084913
1084949
1084966
1085000
1085006
1085011
1085017
1085022
1085045
1085053
1085067
1085079
1085089
1085090
1085093
1085094
1085098
1085099
1085102
1085103
1085111
1085112
1085113
1085123
1085159
1085209
1085210
1085215
1085222
1085223
1085229
1085233
1085252
1085255
1085262
1085322
1085386
1085394
1085403
1085547
1085549
1085556
1085581
1085583
1085592
1085608
1085617
1085692
1085694
1085788
1085801
1085828
1086020
1086046
1086063
1086214
1086238
1086250
1086260
1086321
1086401
1086402
1086440
1086442
1086496
1086543
1086576
1086611
1086712
1086747
1086794
1086810
1086851
1086867
1086877
1086907
1086915
1086984
1087086
1087155
1087169
1087184
1087255
1087293
1087388
1087390
1087615
1087637
1087694
1087695
1087721
1087726
1087728
1087767
1087792
1087803
1087822
1087826
1087828
1087877
1087915
1088001
1088007
1088060
1088080
1088089
1088143
1088157
1088179
1088275
1088419
1088423
1088424
1088454
1088486
1088498
1088501
1088535
1088575
1088606
1088619
1088679
1088763
1088784
1088798
1088813
1088892
1088982
1089110
1089117
1089123
1089134
1089179
1089183
1089187
1089192
1089226
1089228
1089235
1089242
1089251
1089376
1089395
1089459
1089467
1089515
1089545
1089651
1089655
1089674
1089677
1089772
1089789
1089790
1089832
1089838
1089839
1089861
1089871
1089915
1089927
1089951
1089959
1090141
1090171
1090184
1090218
1090222
1090289
1090314
1090323
1090384
1090403
1090423
1090427
1090466
1090505
1090518
1090528
1090538
1090546
1090549
1090568
1090586
1090658
1090854
1090981
1090983
1091172
1091194
1091238
1091254
1091267
1091269
1091297
1091298
1091314
1091392
1091406
1091407
1091410
1091412
1091416
1091421
1091546
1091669
1091671
1091837
1091940
1091944
1091970
1092006
1092031
1092032
1092041
1092051
1092073
1092077
1092087
1092214
1092227
1092237
1092247
1092324
1092343
1092348
1092365
1092403
1092432
1092454
1092471
1092475
1092519
1092549
1092654
1092806
1092882
1092892
1092936
1093028
1093064
1093098
1093151
1093220
1093223
1093228
1093302
1093354
1093367
1093479
1093501
1093538
1093549
1093550
1093565
1093570
1093585
1093590
1093601
1093662
1093733
1093767
1093769
1093779
1093787
1093790
1093793
1093795
1093797
1093850
1093865
1093895
1093939
1093976
1093984
1094007
1094013
1094017
1094054
1094087
1094089
1094091
1094093
1094095
1094097
1094099
1094101
1094107
1094113
1094125
1094157
1094206
1094265
1094274
1094293
1094324
1094329
1094345
1094355
1094378
1094385
1094403
1094596
1094670
1094678
1094713
1094746
1094777
1094836
1094837
1094960
1094962
1094963
1094984
1094996
1095001
1095025
1095036
1095091
1095131
1095135
1095138
1095243
1095272
1095340
1095387
1095499
1095541
1095565
1095616
1095638
1095649
1095658
1095700
1095775
1095807
1095808
1095844
1095849
1095862
1095898
1095976
1096022
1096067
1096076
1096082
1096087
1096130
1096197
1096226
1096234
1096304
1096422
1096443
1096444
1096486
1096496
1096497
1096516
1096592
1096622
1096630
1096637
1096762
1096775
1096791
1096838
1096864
1096879
1096881
1096890
1096898
1096963
1096993
1096996
1097020
1097092
1097135
1097150
1097190
1097191
1097199
1097248
1097251
1097322
1097354
1097405
1097420
1097473
1097512
1097524
1097604
1097607
1097610
1097612
1097615
1097742
1097745
1097781
1097789
1097801
1097925
1097964
1097971
1097983
1098008
1098017
1098018
1098024
1098055
1098072
1098076
1098077
1098099
1098116
1098117
1098118
1098160
1098163
1098173
1098175
1098179
1098252
1098318
1098335
1098342
1098346
1098378
1098379
1098491
1098513
1098583
1098584
1098761
1098777
1098812
1098850
1098881
1098898
1098912
1098915
1098939
1098965
1098988
1099080
1099085
1099086
1099088
1099101
1099109
1099116
1099129
1099206
1099228
1099374
1099411
1099454
1099475
1099646
1099653
1099655
1099663
1099664
1099667
1099670
1099671
1099679
1099686
1099688
1099694
1099696
1099702
1099767
1100000
1100046
1100069
1100114
1100124
1100125
1100134
1100146
1100163
1100170
1100172
1100174
1100177
1100179
1100180
1100181
1100203
1100212
1100213
1100221
1100232
1100235
1100244
1100248
1100256
1100337
1100340
1100342
1100344
1100351
1100352
1100438
1100443
1100444
1100451
1100452
1100453
1100455
1100456
1100457
1100461
1100462
1100464
1100466
1100469
1100470
1100471
1100472
1100473
1100531
1100540
1100547
1100607
1100658
1100660
1100705
1100730
1100782
1100784
1100787
1100791
1100841
1100846
1100849
1100856
1100950
1100982
1100988
1101017
1101025
1101051
1101063
1101091
1101133
1101224
1101273
1101361
1101375
1101418
1101422
1101424
1101432
1101433
1101453
1101454
1101458
1101466
1101470
1101495
1101500
1101501
1101503
1101516
1101521
1101526
1101530
1101534
1101537
1101540
1101550
1101552
1101559
1101563
1101576
1101647
1101681
1101683
1101700
1101703
1101758
1101813
1101818
1101819
1101831
1101839
1101956
1102000
1102006
1102053
1102067
1102104
1102226
1102227
1102231
1102247
1102336
1102408
1102425
1102448
1102463
1102510
1102526
1102547
1102596
1102615
1102711
1102821
1102856
1102857
1102905
1102910
1102940
1102969
1103016
1103018
1103117
1103127
1103140
1103160
1103176
1103185
1103192
1103193
1103194
1103298
1103364
1103383
1103391
1103402
1103407
1103420
1103437
1103441
1103448
1103463
1103495
1103509
1103598
1103674
1103696
1103708
1103717
1103729
1103731
1103756
1103757
1103792
1103828
1103830
1103867
1103883
1103892
1103985
1103992
1104027
1104044
1104048
1104052
1104067
1104131
1104139
1104185
1104191
1104206
1104285
1104315
1104364
1104390
1104428
1104623
1104670
1104761
1104771
1104805
1104999
1105014
1105060
1105121
1105143
1105230
1105283
1105377
1105418
1105435
1105462
1105633
1105649
1105703
1105705
1105736
1105742
1105748
1105848
1105856
1105869
1105888
1105890
1105894
1105902
1105920
1105971
1105976
1105980
1106012
1106099
1106123
1106213
1106239
1106256
1106350
1106372
1106437
1106456
1106491
1106669
1106717
1106729
1106747
1106755
1106757
1106820
1106849
1106931
1106982
1106995
1107026
1107039
1107077
1107103
1107119
1107135
1107151
1107166
1107177
1107325
1107343
1107359
1107388
1107395
1107431
1107492
1107501
1107589
1107594
1107637
1107693
1107717
1107742
1107752
1107787
1107795
1107893
1107947
1107992
1108204
1108226
1108300
1108405
1108428
1108429
1108447
1108495
1108501
1108533
1108590
1108621
1108673
1108753
1108784
1108895
1108898
1108993
1109009
1109114
1109229
1109303
1109400
1109406
1109467
1109493
1109615
1109739
1109763
1109777
1109786
1109789
1109810
1109815
1109817
1109822
1109856
1109896
1109927
1109928
1110034
1110052
1110095
1110099
1110171
1110207
1110301
1110362
1110429
1110504
1110516
1110546
1110584
1110587
1110592
1110597
1110623
1110626
1110631
1110640
1110645
1110648
1110649
1110688
1110690
1110707
1110721
1110746
1110775
1110939
1110948
1110962
1110964
1110968
1110971
1110989
1110997
1111043
1111083
1111092
1111136
1111151
1111152
1111153
1111154
1111155
1111156
1111202
1111207
1111238
1111255
1111340
1111371
1111446
1111469
1111526
1111562
1111571
1111577
1111582
1111627
1111687
1111707
1111783
1111786
1111816
1111817
1111819
1111867
1111873
1111892
1111893
1111906
1111916
1111926
1111948
1111954
1111985
1112000
1112088
1112115
1112171
1112184
1112200
1112204
1112209
1112234
1112284
1112303
1112378
1112384
1112424
1112426
1112443
1112463
1112466
1112468
1112558
1112567
1112573
1112585
1112592
1112596
1112617
1112645
1112718
1112723
1112733
1112769
1112810
1112834
1112863
1112875
1112880
1112916
1112941
1112967
1113041
1113050
1113062
1113068
1113069
1113072
1113085
1113119
1113126
1113140
1113142
1113231
1113252
1113253
1113278
1113305
1113412
1113423
1113484
1113494
1113511
1113513
1113515
1113517
1113518
1113521
1113549
1113573
1113574
1113588
1113595
1113771
1113778
1113786
1113861
1113891
1113894
1113900
1113932
1113953
1114010
1114040
1114042
1114054
1114072
1114096
1114097
1114102
1114115
1114117
1114137
1114142
1114199
1114201
1114205
1114227
1114274
1114305
1114311
1114313
1114323
1114330
1114333
1114335
1114338
1114340
1114344
1114348
1114351
1114355
1114370
1114375
1114378
1114382
1114387
1114391
1114395
1114398
1114414
1114417
1114420
1114424
1114425
1114427
1114440
1114442
1114446
1114447
1114450
1114451
1114455
1114460
1114469
1114477
1114479
1114481
1114482
1114488
1114489
1114490
1114496
1114497
1114513
1114562
1114639
1114678
1114699
1114731
1114743
1114750
1114879
1114885
1114905
1114922
1114928
1114965
1115003
1115004
1115037
1115062
1115075
1115159
1115207
1115208
1115315
1115328
1115377
1115393
1115399
1115548
1115604
1115668
1115694
1115700
1115709
1115710
1115712
1115728
1115744
1115761
1115771
1115827
1115911
1115939
1115980
1115985
1116016
1116067
1116201
1116368
1116439
1116449
1116457
1116466
1116481
1116492
1116536
1116553
1116628
1116717
1116723
1116877
1116949
1116965
1116984
1116989
1117005
1117099
1117115
1117122
1117127
1117133
1117174
1117178
1117185
1117186
1117191
1117193
1117213
1117220
1117226
1117229
1117233
1117276
1117319
1117321
1117377
1117384
1117388
1117389
1117400
1117424
1117442
1117462
1117514
1117550
1117627
1117656
1117702
1117704
1117705
1117769
1117872
1117930
1117979
1117995
1118031
1118033
1118065
1118134
1118185
1118201
1118266
1118273
1118318
1118338
1118367
1118388
1118403
1118464
1118515
1118516
1118517
1118519
1118521
1118608
1118617
1118795
1118800
1118824
1118835
1118857
1118899
1118956
1119018
1119090
1119093
1119107
1119185
1119237
1119244
1119249
1119269
1119288
1119301
1119321
1119341
1119425
1119460
1119467
1119476
1119487
1119622
1119686
1119713
1119719
1119842
1119855
1119873
1119894
1120011
1120016
1120019
1120025
1120062
1120077
1120080
1120108
1120132
1120144
1120217
1120246
1120268
1120277
1120316
1120362
1120409
1120421
1120447
1120463
1120467
1120471
1120478
1120489
1120554
1120622
1120687
1120713
1120727
1120774
1120824
1120863
1120865
1120869
1120944
1120950
1120965
1120980
1121020
1121051
1121059
1121148
1121227
1121283
1121284
1121297
1121317
1121319
1121320
1121322
1121404
1121405
1121432
1121436
1121439
1121583
1121615
1121663
1121679
1121683
1121690
1121697
1121705
1121725
1121753
1121776
1121807
1121866
1121872
1121877
1121886
1121895
1121903
1121976
1122009
1122088
1122097
1122127
1122138
1122140
1122144
1122172
1122217
1122220
1122242
1122315
1122318
1122320
1122323
1122329
1122331
1122332
1122334
1122336
1122337
1122338
1122341
1122342
1122411
1122421
1122432
1122485
1122495
1122504
1122515
1122519
1122561
1122566
1122583
1122585
1122588
1122600
1122658
1122662
1122679
1122732
1122803
1122806
1122867
1122942
1122989
1123006
1123107
1123205
1123273
1123289
1123293
1123373
1123380
1123503
1123587
1123599
1123604
1123626
1123677
1123740
1123778
1123864
1123903
1123926
1123930
1123933
1123947
1123952
1123955
1123956
1123961
1123964
1123966
1123969
1123971
1123974
1123975
1123978
1123981
1124023
1124032
1124101
1124106
1124109
1124111
1124113
1124116
1124119
1124122
1124126
1124130
1124133
1124135
1124152
1124158
1124166
1124204
1124219
1124272
1124353
1124464
1124509
1124533
1124618
1124620
1124621
1124630
1124647
1124651
1124653
1124655
1124658
1124659
1124661
1124664
1124666
1124668
1124672
1124676
1124696
1124698
1124703
1124707
1124711
1124713
1124714
1124718
1124720
1124721
1124724
1124726
1124729
1124735
1124736
1124739
1124740
1124765
1124777
1124792
1124830
1124834
1124836
1124864
1124887
1124914
1124918
1124926
1124995
1125009
1125010
1125056
1125063
1125102
1125107
1125186
1125205
1125258
1125260
1125261
1125262
1125264
1125266
1125267
1125268
1125269
1125273
1125275
1125276
1125277
1125278
1125280
1125282
1125284
1125285
1125286
1125287
1125288
1125311
1125365
1125371
1125443
1125455
1125510
1125551
1125568
1125585
1125590
1125595
1125608
1125609
1125627
1125639
1125649
1125668
1125705
1126010
1126032
1126090
1126094
1126095
1126157
1126198
1126234
1126236
1126310
1126316
1126401
1126467
1126470
1126492
1126504
1126533
1126577
1126599
1126637
1126718
1126748
1126785
1126793
1126809
1126839
1126897
1126945
1127044
1127050
1127083
1127087
1127091
1127132
1127143
1127175
1127191
1127279
1127287
1127304
1127306
1127375
1127384
1127407
1127459
1127466
1127474
1127496
1127546
1127560
1127562
1127569
1127582
1127585
1127586
1127587
1127588
1127590
1127594
1127595
1127602
1127676
1127707
1127732
1127777
1127778
1127781
1127790
1127809
1127839
1127926
1127969
1128006
1128077
1128123
1128165
1128168
1128181
1128187
1128204
1128209
1128252
1128298
1128299
1128300
1128349
1128434
1128474
1128487
1128501
1128553
1128596
1128619
1128633
1128653
1128714
1128756
1128785
1128786
1128791
1128801
1128836
1128842
1128847
1128861
1128941
1129016
1129035
1129040
1129068
1129093
1129106
1129108
1129136
1129183
1129230
1129250
1129316
1129342
1129346
1129396
1129446
1129494
1129567
1129598
1129602
1129606
1129694
1129757
1129811
1129904
1129932
1129984
1129987
1130035
1130053
1130054
1130070
1130097
1130172
1130187
1130208
1130276
1130312
1130316
1130408
1130421
1130482
1130508
1130558
1130571
1130607
1130630
1130662
1130679
1130754
1130781
1130784
1130792
1130797
1130810
1130899
1130910
1130957
1130982
1130995
1131080
1131107
1131120
1131142
1131190
1131220
1131240
1131282
1131308
1131320
1131380
1131402
1131407
1131444
1131666
1131720
1131755
1131794
1131798
1131800
1131802
1131806
1131809
1131820
1131821
1131883
1131907
1131927
1131975
1131986
1131988
1132062
1132074
1132147
1132192
1132281
1132375
1132378
1132382
1132407
1132413
1132414
1132497
1132506
1132554
1132555
1132564
1132575
1132583
1132591
1132631
1132637
1132643
1132647
1132651
1132658
1132663
1132679
1132692
1132701
1132705
1132715
1132719
1132731
1132743
1132766
1132812
1132820
1132829
1132831
1132833
1132836
1132838
1132840
1132844
1132900
1132906
1132916
1132923
1132926
1132927
1132936
1132996
1133022
1133067
1133128
1133140
1133164
1133173
1133248
1133314
1133329
1133345
1133354
1133360
1133368
1133388
1133396
1133404
1133416
1133422
1133496
1133564
1133577
1133651
1133652
1133667
1133778
1133783
1133835
1133838
1133868
1133952
1133969
1133974
1133978
1133983
1134048
1134071
1134089
1134094
1134126
1134130
1134137
1134205
1134208
1134209
1134213
1134215
1134218
1134221
1134224
1134229
1134230
1134232
1134235
1134241
1134244
1134278
1134306
1134357
1134398
1134401
1134427
1134433
1134438
1134450
1134475
1134518
1134537
1134546
1134562
1134569
1134570
1134583
1134585
1134591
1134603
1134605
1134608
1134609
1134611
1134614
1134621
1134625
1134631
1134647
1134650
1134651
1134663
1134664
1134677
1134682
1134697
1134702
1134705
1134707
1134709
1134716
1134721
1134732
1134738
1134739
1134741
1134747
1134748
1134750
1134756
1134757
1134759
1134782
1134838
1134866
1134902
1134969
1135003
1135023
1135028
1135029
1135030
1135032
1135064
1135065
1135067
1135069
1135070
1135072
1135073
1135075
1135076
1135080
1135088
1135122
1135134
1135141
1135161
1135190
1135212
1135223
1135243
1135245
1135247
1135281
1135299
1135333
1135357
1135365
1135381
1135385
1135404
1135408
1135424
1135429
1135431
1135482
1135527
1135528
1135530
1135653
1135812
1135863
1135895
1135900
1135903
1135905
1135909
1135920
1135925
1135930
1135932
1135933
1135935
1135937
1135939
1135940
1135941
1135943
1135946
1135963
1135978
1136019
1136043
1136062
1136063
1136064
1136066
1136068
1136069
1136071
1136073
1136074
1136076
1136078
1136081
1136085
1136087
1136088
1136089
1136090
1136092
1136096
1136098
1136100
1136113
1136175
1136276
1136280
1136284
1136314
1136324
1136334
1136339
1136341
1136342
1136343
1136344
1136347
1136382
1136387
1136403
1136405
1136407
1136411
1136414
1136416
1136424
1136426
1136428
1136429
1136431
1136435
1136437
1136482
1136484
1136485
1136487
1136488
1136492
1136508
1136518
1136539
1136558
1136575
1136684
1136702
1136721
1136848
1136911
1136914
1136918
1136921
1136978
1137036
1137054
1137063
1137068
1137076
1137107
1137142
1137145
1137205
1137232
1137242
1137243
1137251
1137269
1137271
1137284
1137304
1137391
1137418
1137423
1137458
1137494
1137538
1137544
1137563
1137638
1137640
1137645
1137653
1137654
1137688
1137716
1137723
1137799
1137820
1137863
1137874
1137883
1137912
1138000
1138037
1138097
1138194
1138198
1138221
1138227
1138325
1138327
1138474
1138484
1138513
1138518
1138583
1138586
1138682
1138685
1138687
1138689
1138708
1138715
1138722
1138774
1138818
1138888
1138891
1138912
1138936
1138969
1138974
1138978
1138980
1138983
1138985
1138992
1138994
1139014
1139036
1139073
1139095
1139098
1139099
1139106
1139111
1139116
1139126
1139129
1139133
1139138
1139141
1139261
1139264
1139296
1139411
1139495
1139597
1139611
1139617
1139623
1139702
1139713
1139732
1139888
1139909
1139937
1139977
1139981
1140007
1140017
1140020
1140058
1140059
1140060
1140061
1140063
1140064
1140065
1140068
1140070
1140071
1140073
1140075
1140076
1140077
1140080
1140097
1140105
1140108
1140110
1140112
1140114
1140117
1140118
1140121
1140123
1140127
1140129
1140131
1140132
1140133
1140136
1140168
1140191
1140243
1140346
1140356
1140408
1140480
1140491
1140535
1140544
1140550
1140556
1140624
1140648
1140766
1140826
1140847
1140848
1140866
1140872
1140878
1140881
1140884
1140885
1140892
1140905
1140915
1140956
1141057
1141132
1141135
1141182
1141183
1141251
1141267
1141280
1141302
1141329
1141345
1141375
1141416
1141497
1141500
1141564
1141595
1141642
1141664
1141675
1141690
1141721
1141741
1141754
1141758
1141773
1141803
1141826
1141863
1141891
1141907
1141923
1141993
1142026
1142032
1142079
1142107
1142146
1142186
1142188
1142189
1142193
1142201
1142204
1142205
1142221
1142226
1142238
1142255
1142275
1142288
1142293
1142301
1142305
1142308
1142322
1142325
1142337
1142341
1142352
1142355
1142358
1142360
1142365
1142369
1142380
1142384
1142388
1142390
1142400
1142414
1142423
1142426
1142429
1142433
1142435
1142547
1142594
1142617
1142619
1142622
1142625
1142627
1142632
1142633
1142637
1142638
1142643
1142663
1142694
1142702
1142736
1142794
1142820
1142913
1142927
1142930
1142932
1142935
1142936
1142942
1142955
1142965
1143000
1143007
1143063
1143064
1143066
1143077
1143080
1143082
1143086
1143112
1143190
1143196
1143211
1143215
1143237
1143330
1143342
1143367
1143389
1143399
1143401
1143421
1143431
1143479
1143496
1143547
1143697
1143761
1143790
1143801
1143839
1143868
1143879
1143880
1143883
1143884
1143886
1143888
1143889
1143906
1143907
1143909
1143912
1143913
1143915
1143918
1143919
1143921
1143923
1143925
1143926
1143927
1143929
1143959
1143995
1144014
1144022
1144028
1144063
1144067
1144087
1144122
1144140
1144179
1144180
1144211
1144217
1144279
1144340
1144361
1144398
1144423
1144435
1144447
1144468
1144519
1144527
1144528
1144530
1144534
1144536
1144539
1144542
1144572
1144577
1144581
1144689
1144719
1144723
1144725
1144729
1144734
1144745
1144750
1144780
1144785
1144835
1144861
1144917
1144957
1144975
1144978
1145028
1145197
1145219
1145221
1145229
1145233
1145235
1145238
1145248
1145250
1145256
1145258
1145261
1145263
1145268
1145271
1145272
1145275
1145277
1145279
1145291
1145327
1145348
1145351
1145425
1145474
1145501
1145531
1145542
1145545
1145592
1145649
1145685
1145696
1145740
1145765
1145811
1145816
1145817
1145821
1145846
1145851
1145866
1145880
1145881
1145970
1145973
1146019
1146023
1146045
1146059
1146123
1146141
1146143
1146146
1146147
1146148
1146149
1146194
1146195
1146200
1146201
1146202
1146203
1146204
1146208
1146209
1146211
1146212
1146213
1146215
1146234
1146244
1146246
1146249
1146253
1146281
1146343
1146433
1146534
1146536
1146542
1146574
1146575
1146579
1146674
1146687
1146740
1146754
1146755
1146757
1146832
1146836
1146838
1146839
1146913
1146983
1146997
1147023
1147024
1147045
1147057
1147096
1147140
1147177
1147210
1147231
1147236
1147240
1147276
1147322
1147348
1147363
1147422
1147473
1147512
1147516
1147560
1147586
1147590
1147598
1147629
1147634
1147640
1147641
1147660
1147676
1147689
1147691
1147812
1147853
1147855
1147875
1147879
1147882
1147885
1147949
1147960
1147993
1148027
1148040
1148046
1148126
1148188
1148207
1148255
1148353
1148358
1148502
1148515
1148524
1148547
1148561
1148566
1148573
1148664
1148738
1148756
1148770
1148775
1148782
1148787
1148817
1148825
1148848
1148852
1148862
1148920
1148924
1148948
1148960
1148981
1148988
1149010
1149014
1149033
1149152
1149159
1149276
1149279
1149331
1149367
1149442
1149470
1149514
1149552
1149571
1149695
1149701
1149713
1149785
1149881
1149916
1149940
1149943
1149982
1149987
1150081
1150183
1150192
1150222
1150228
1150264
1150266
1150280
1150377
1150394
1150399
1150439
1150441
1150444
1150445
1150447
1150483
1150489
1150495
1150497
1150504
1150508
1150580
1150649
1150653
1150696
1150761
1150828
1150832
1150914
1150917
1150929
1151015
1151020
1151029
1151030
1151031
1151080
1151110
1151112
1151122
1151131
1151141
1151144
1151163
1151167
1151317
1151320
1151323
1151326
1151329
1151352
1151381
1151443
1151444
1151474
1151479
1151488
1151493
1151494
1151497
1151505
1151507
1151556
1151565
1151586
1151593
1151601
1151683
1151692
1151695
1151700
1151703
1151709
1151713
1151716
1151721
1151740
1151746
1151750
1151754
1151757
1151790
1151820
1151827
1151828
1151831
1151832
1151835
1151836
1151838
1151839
1151840
1151841
1151845
1151847
1151856
1151857
1151859
1151872
1151876
1151878
1151879
1151880
1151881
1151882
1151883
1151884
1151885
1151887
1151888
1151889
1151890
1151891
1151892
1151893
1151895
1151896
1151899
1151900
1151901
1151903
1151905
1151907
1151910
1151912
1151913
1151915
1151916
1151917
1151920
1151921
1151923
1151925
1151926
1151928
1151930
1151931
1151933
1151935
1151937
1151939
1151940
1151942
1151944
1151945
1151946
1151947
1151948
1151950
1151952
1151954
1151957
1151958
1151959
1151960
1151962
1151963
1151964
1151966
1151967
1151968
1151969
1151973
1151976
1151978
1151985
1151986
1151987
1151988
1151990
1152004
1152022
1152036
1152048
1152050
1152057
1152060
1152075
1152079
1152222
1152231
1152247
1152284
1152303
1152330
1152341
1152368
1152393
1152415
1152416
1152454
1152459
1152462
1152466
1152470
1152559
1152563
1152599
1152619
1152639
1152657
1152664
1152727
1152735
1152737
1152740
1152758
1152836
1152842
1152879
1152886
1152889
1152932
1152933
1152952
1152982
1153008
1153020
1153132
1153135
1153139
1153142
1153197
1153281
1153403
1153416
1153496
1153516
1153522
1153536
1153538
1153539
1153620
1153628
1153644
1153714
1153720
1153770
1153861
1153868
1153882
1153886
1153905
1153913
1153997
1154001
1154041
1154124
1154142
1154146
1154187
1154245
1154276
1154296
1154330
1154456
1154485
1154536
1154605
1154608
1154615
1154618
1154624
1154625
1154682
1154724
1154740
1154831
1154864
1154957
1154994
1154996
1155059
1155067
1155090
1155095
1155102
1155107
1155122
1155134
1155148
1155164
1155182
1155187
1155241
1155261
1155285
1155301
1155458
1155516
1155519
1155547
1155556
1155558
1155573
1155604
1155616
1155625
1155640
1155643
1155704
1155814
1155858
1155875
1155945
1155980
1156002
1156024
1156047
1156139
1156141
1156166
1156182
1156209
1156211
1156212
1156272
1156361
1156362
1156414
1156427
1156448
1156532
1156538
1156546
1156591
1156640
1156650
1156721
1156820
1156827
1156834
1156893
1156989
1156991
1157018
1157032
1157045
1157075
1157131
1157192
1157237
1157265
1157287
1157430
1157482
1157489
1157563
1157644
1157666
1157667
1157672
1157693
1157699
1157706
1157708
1157727
1157736
1157747
1157784
1157822
1157863
1157900
1157933
1157951
1157955
1157981
1157983
1157988
1158031
1158052
1158083
1158084
1158086
1158087
1158089
1158090
1158101
1158149
1158172
1158179
1158202
1158226
1158248
1158249
1158256
1158271
1158272
1158280
1158285
1158291
1158307
1158310
1158314
1158326
1158359
1158369
1158380
1158385
1158416
1158422
1158427
1158431
1158484
1158505
1158513
1158580
1158582
1158604
1158673
1158680
1158682
1158697
1158709
1158720
1158776
1158794
1158807
1158894
1158945
1158960
1159004
1159015
1159018
1159031
1159104
1159106
1159113
1159159
1159167
1159182
1159204
1159256
1159275
1159315
1159431
1159437
1159456
1159477
1159500
1159518
1159521
1159534
1159559
1159581
1159624
1159639
1159688
1159764
1159774
1159831
1159875
1159895
1159987
1160003
1160021
1160063
1160065
1160100
1160102
1160105
1160109
1160110
1160112
1160134
1160137
1160140
1160153
1160171
1160200
1160226
1160275
1160340
1160414
1160419
1160422
1160427
1160431
1160432
1160466
1160471
1160473
1160477
1160484
1160572
1160574
1160584
1160588
1160591
1160594
1160596
1160600
1160606
1160609
1160612
1160618
1160748
1160763
1160787
1160858
1160923
1161048
1161049
1161084
1161097
1161098
1161105
1161115
1161145
1161226
1161338
1161343
1161345
1161417
1161443
1161507
1161543
1161622
1161655
1161663
1161687
1161714
1161733
1161738
1161761
1161859
1161974
1161985
1161988
1161989
1161995
1162006
1162007
1162035
1162055
1162056
1162058
1162120
1162130
1162175
1162176
1162189
1162200
1162232
1162278
1162334
1162338
1162343
1162348
1162400
1162418
1162479
1162480
1162506
1162526
1162532
1162682
1162685
1162701
1162719
1162725
1162752
1162756
1162772
1162791
1162834
1162841
1162858
1162902
1162911
1162917
1162922
1162936
1162943
1162946
1162961
1162974
1163017
1163027
1163051
1163216
1163237
1163266
1163319
1163338
1163339
1163342
1163412
1163414
1163417
1163418
1163427
1163449
1163486
1163497
1163528
1163591
1163599
1163640
1163661
1163722
1163775
1163797
1163834
1163852
1163878
1163909
1163924
1163930
1163931
1163946
1163950
1163953
1163964
1163969
1164124
1164176
1164227
1164229
1164355
1164362
1164368
1164387
1164495
1164563
1164806
1164825
1164853
1164931
1164935
1165070
1165095
1165120
1165122
1165144
1165176
1165181
1165197
1165206
1165269
1165286
1165359
1165372
1165396
1165398
1165437
1165452
1165455
1165456
1165459
1165462
1165464
1165466
1165472
1165543
1165544
1165581
1165585
1165587
1165619
1165622
1165669
1165680
1165696
1165772
1165815
1165819
1165867
1165890
1165893
1165898
1165900
1165905
1165909
1165913
1165915
1165918
1165927
1165937
1165938
1165942
1165945
1165947
1165951
1166009
1166048
1166099
1166109
1166133
1166156
1166240
1166260
1166337
1166391
1166401
1166411
1166420
1166523
1166528
1166537
1166538
1166544
1166592
1166652
1166666
1166723
1166725
1166773
1166872
1166890
1166947
1166953
1167016
1167042
1167056
1167057
1167205
1167210
1167212
1167218
1167222
1167274
1167300
1167306
1167311
1167379
1167386
1167474
1167518
1167519
1167535
1167553
1167656
1167720
1167727
1167751
1167764
1167767
1167773
1167813
1167834
1167913
1167966
1167976
1167977
1167978
1167981
1167983
1167986
1167988
1167989
1167993
1167996
1168001
1168002
1168059
1168061
1168088
1168089
1168166
1168196
1168251
1168257
1168326
1168409
1168413
1168450
1168458
1168460
1168529
1168674
1168720
1168742
1168744
1168779
1168783
1168794
1168821
1168866
1168897
1168912
1168925
1168951
1168953
1168957
1168989
1169025
1169144
1169163
1169210
1169340
1169396
1169406
1169439
1169449
1169459
1169482
1169523
1169543
1169613
1169666
1169681
1169687
1169712
1169758
1169791
1169810
1169957
1170018
1170021
1170043
1170057
1170128
1170145
1170200
1170380
1170399
1170415
1170458
1170467
1170554
1170600
1170797
1170802
1170879
1170910
1170919
1170928
1170947
1170972
1171008
1171035
1171070
1171121
1171142
1171205
1171211
1171230
1171233
1171264
1171300
1171331
1171347
1171428
1171432
1171435
1171476
1171499
1171552
1171605
1171727
1171787
1171841
1171870
1171884
1171888
1171889
1171893
1171895
1171896
1171916
1171919
1171953
1172010
1172042
1172063
1172094
1172102
1172107
1172121
1172152
1172183
1172237
1172252
1172258
1172266
1172278
1172288
1172345
1172367
1172388
1172398
1172399
1172400
1172413
1172414
1172427
1172435
1172440
1172466
1172468
1172491
1172493
1172531
1172533
1172541
1172554
1172571
1172580
1172586
1172593
1172602
1172604
1172652
1172678
1172700
1172726
1172731
1172769
1172777
1172809
1172816
1172819
1172892
1172918
1172939
1173012
1173049
1173070
1173077
1173108
1173124
1173168
1173172
1173177
1173185
1173194
1173196
1173197
1173214
1173275
1173289
1173316
1173357
1173366
1173368
1173371
1173374
1173379
1173387
1173400
1173408
1173424
1173434
1173480
1173492
1173553
1173559
1173575
1173580
1173589
1173595
1173602
1173609
1173670
1173705
1173733
1173752
1173762
1173774
1173781
1173833
1173840
1173861
1173871
1173895
1173922
1173947
1173960
1173985
1173987
1174019
1174022
1174032
1174048
1174071
1174081
1174161
1174194
1174198
1174200
1174204
1174224
1174227
1174238
1174240
1174247
1174266
1174278
1174279
1174310
1174342
1174386
1174395
1174411
1174417
1174423
1174431
1174432
1174437
1174447
1174471
1174476
1174486
1174489
1174492
1174494
1174500
1174545
1174549
1174561
1174563
1174616
1174618
1174651
1174701
1174727
1174734
1174742
1174766
1174785
1174811
1174886
1174897
1174910
1174949
1175000
1175038
1175141
1175166
1175175
1175182
1175189
1175194
1175198
1175201
1175206
1175227
1175252
1175261
1175269
1175283
1175294
1175310
1175328
1175402
1175436
1175503
1175507
1175527
1175574
1175601
1175668
1175682
1175695
1175699
1175748
1175848
1175856
1175873
1175882
1175964
1175992
1175996
1176003
1176014
1176073
1176128
1176130
1176172
1176173
1176176
1176196
1176206
1176211
1176216
1176235
1176278
1176291
1176313
1176360
1176369
1176392
1176393
1176411
1176418
1176464
1176582
1176590
1176604
1176609
1176625
1176681
1176742
1176762
1176765
1176784
1176788
1176802
1176895
1176999
1177018
1177094
1177099
1177106
1177110
1177124
1177151
1177156
1177158
1177160
1177170
1177174
1177181
1177228
1177260
1177275
1177338
1177377
1177411
1177444
1177445
1177462
1177512
1177513
1177518
1177529
1177533
1177561
1177565
1177570
1177573
1177649
1177747
1177758
1177761
1177871
1177911
1177921
1178074
1178099
1178159
1178329
1178369
1178460
1178499
1178514
1178529
1178536
1178569
1178571
1178669
1178712
1178729
1178764
1178769
1178819
1178828
1178831
1178873
1178905
1178909
1178918
1179091
1179110
1179112
1179116
1179119
1179136
1179137
1179165
1179170
1179171
1179188
1179261
1179262
1179323
1179402
1179453
1179454
1179464
1179502
1179504
1179516
1179549
1179558
1179583
1179595
1179620
1179626
1179684
1179729
1179790
1179841
1179871
1179882
1179916
1179922
1179939
1179958
1179988
1179996
1180036
1180058
1180065
1180123
1180125
1180126
1180128
1180133
1180137
1180158
1180166
1180182
1180209
1180211
1180214
1180218
1180223
1180232
1180236
1180238
1180240
1180255
1180258
1180278
1180281
1180282
1180283
1180297
1180326
1180354
1180371
1180377
1180415
1180431
1180480
1180483
1180484
1180495
1180496
1180505
1180529
1180532
1180533
1180543
1180557
1180576
1180583
1180599
1180623
1180626
1180648
1180696
1180708
1180724
1180751
1180756
1180762
1180763
1180784
1180806
1180837
1180838
1180849
1180853
1180865
1180879
1180889
1180894
1180909
1180931
1180945
1180947
1180988
1180999
1181039
1181041
1181045
1181075
1181181
1181197
1181215
1181217
1181231
1181235
1181244
1181250
1181272
1181277
1181293
1181295
1181296
1181318
1181413
1181429
1181537
1181555
1181561
1181566
1181568
1181627
1181663
1181687
1181690
1181691
1181694
1181696
1181703
1181706
1181720
1181732
1181736
1181739
1181742
1181743
1181746
1181747
1181751
1181769
1181771
1181830
1181893
1182035
1182051
1182064
1182074
1182081
1182087
1182097
1182099
1182133
1182169
1182175
1182204
1182214
1182274
1182275
1182283
1182286
1182293
1182328
1182330
1182397
1182401
1182420
1182443
1182445
1182446
1182454
1182478
1182528
1182531
1182565
1182569
1182576
1182577
1182580
1182584
1182590
1182634
1182635
1182646
1182679
1182687
1182750
1182752
1182768
1182789
1182832
1182835
1182839
1182886
1182898
1182919
1182949
1182953
1182957
1182986
1183069
1183096
1183104
1183112
1183131
1183183
1183199
1183210
1183212
1183245
1183279
1183322
1183372
1183387
1183405
1183448
1183473
1183487
1183489
1183539
1183564
1183584
1183587
1183589
1183592
1183593
1183594
1183600
1183609
1183614
1183616
1183619
1183620
1183622
1183625
1183627
1183629
1183630
1183645
1183661
1183717
1183782
1183797
1183882
1183895
1183937
1183970
1183972
1183982
1184020
1184067
1184188
1184223
1184230
1184294
1184300
1184302
1184308
1184353
1184375
1184401
1184424
1184433
1184491
1184506
1184513
1184531
1184620
1184629
1184631
1184647
1184666
1184670
1184688
1184762
1184784
1184796
1184798
1184805
1184834
1184862
1184897
1184907
1184925
1184936
1184963
1184970
1184971
1184982
1184995
1185010
1185020
1185029
1185045
1185076
1185110
1185127
1185132
1185175
1185192
1185245
1185377
1185383
1185432
1185439
1185441
1185454
1185481
1185501
1185559
1185580
1185602
1185623
1185745
1185764
1185768
1185772
1185777
1185780
1185790
1185856
1185919
1185923
1185927
1185950
1185980
1185988
1185995
1186013
1186014
1186023
1186026
1186060
1186141
1186233
1186274
1186283
1186289
1186293
1186330
1186332
1186349
1186352
1186354
1186356
1186362
1186459
1186466
1186528
1186538
1186605
1186615
1186657
1186673
1186686
1186714
1186735
1186749
1186754
1186758
1186868
1186883
1186894
1186897
1186909
1186941
1187025
1187044
1187058
1187072
1187087
1187097
1187100
1187117
1187186
1187235
1187250
1187295
1187331
1187339
1187345
1187417
1187464
1187474
1187498
1187504
1187548
1187561
1187609
1187619
1187633
1187675
1187742
1187916
1187937
1187956
1187964
1188047
1188057
1188083
1188097
1188172
1188181
1188182
1188269
1188278
1188283
1188286
1188335
1188345
1188394
1188423
1188447
1188508
1188598
1188626
1188657
1188663
1188677
1188679
1188696
1188725
1188738
1188741
1188757
1188766
1188767
1188776
1188807
1188852
1188859
1188918
1188920
1188954
1188956
1188973
1188977
1189015
1189016
1189043
1189092
1189157
1189159
1189160
1189188
1189205
1189259
1189281
1189287
1189310
1189317
1189337
1189347
1189352
1189354
1189361
1189364
1189365
1189370
1189390
1189401
1189422
1189452
1189453
1189470
1189495
1189501
1189508
1189510
1189524
1189546
1189637
1189638
1189639
1189670
1189684
1189715
1189723
1189732
1189735
1189797
1189798
1189827
1189830
1189832
1189836
1189885
1189888
1189894
1189975
1189988
1190025
1190052
1190057
1190071
1190128
1190151
1190183
1190186
1190213
1190330
1190400
1190406
1190416
1190422
1190462
1190499
1190508
1190521
1190525
1190532
1190593
1190611
1190629
1190730
1190748
1190755
1190772
1190774
1190775
1190823
1190852
1190868
1190888
1190914
1190923
1190953
1190986
1191076
1191216
1191283
1191287
1191291
1191295
1191297
1191299
1191318
1191363
1191499
1191588
1191715
1191812
1191815
1191902
1191912
1191920
1191937
1191992
1192007
1192009
1192010
1192011
1192017
1192020
1192022
1192033
1192052
1192055
1192056
1192060
1192124
1192131
1192136
1192146
1192154
1192160
1192197
1192203
1192205
1192222
1192224
1192253
1192257
1192260
1192310
1192346
1192379
1192385
1192386
1192405
1192419
1192441
1192496
1192564
1192618
1192642
1192652
1192658
1192664
1192666
1192676
1192677
1192679
1192702
1192736
1192749
1192793
1192794
1192813
1192828
1192830
1192867
1192868
1192906
1192910
1192916
1192921
1192922
1192937
1192961
1192962
1192970
1193019
1193038
1193062
1193063
1193066
1193155
1193186
1193221
1193256
1193262
1193278
1193314
1193317
1193341
1193345
1193351
1193353
1193357
1193358
1193360
1193361
1193362
1193369
1193371
1193373
1193385
1193396
1193398
1193501
1193585
1193625
1193626
1193659
1193673
1193710
1193731
1193762
1193767
1193776
1193794
1193812
1193814
1193815
1193816
1193817
1193820
1193821
1193824
1193833
1193840
1193843
1193844
1193847
1193848
1193866
1193893
1193919
1193927
1193950
1193965
1193969
1193985
1194004
1194019
1194025
1194129
1194182
1194185
1194235
1194257
1194278
1194280
1194283
1194286
1194288
1194293
1194297
1194298
1194299
1194301
1194303
1194304
1194306
1194309
1194313
1194315
1194317
1194319
1194321
1194322
1194326
1194328
1194329
1194332
1194334
1194337
1194338
1194342
1194343
1194345
1194347
1194363
1194372
1194386
1194388
1194390
1194420
1194437
1194515
1194524
1194550
1194606
1194615
1194644
1194689
1194713
1194724
1194729
1194732
1194742
1194766
1194770
1194776
1194784
1194816
1194829
1194909
1194931
1194955
1194963
1194974
1195041
1195095
1195103
1195107
1195118
1195130
1195161
1195243
1195248
1195277
1195314
1195335
1195339
1195342
1195363
1195397
1195403
1195404
1195407
1195410
1195412
1195565
1195581
1195625
1195638
1195708
1195709
1195715
1195780
1195782
1195853
1195859
1195884
1195895
1195896
1195900
1195901
1195902
1195904
1195905
1195906
1195907
1195908
1195909
1195910
1195912
1195913
1195969
1196034
1196061
1196067
1196070
1196071
1196081
1196086
1196089
1196108
1196144
1196145
1196156
1196263
1196289
1196303
1196308
1196315
1196318
1196319
1196320
1196364
1196367
1196430
1196450
1196454
1196497
1196524
1196540
1196555
1196599
1196646
1196664
1196674
1196701
1196763
1196782
1196810
1196881
1196911
1196939
1196980
1196997
1197007
1197078
1197112
1197137
1197173
1197181
1197186
1197191
1197200
1197246
1197254
1197260
1197262
1197280
1197297
1197302
1197369
1197386
1197395
1197399
1197426
1197464
1197466
1197467
1197471
1197475
1197476
1197478
1197504
1197505
1197506
1197507
1197510
1197515
1197517
1197547
1197565
1197655
1197659
1197672
1197699
1197708
1197714
1197715
1197721
1197761
1197772
1197818
1197830
1197873
1197878
1197884
1197909
1197991
1198050
1198084
1198089
1198096
1198105
1198165
1198167
1198231
1198239
1198251
1198277
1198291
1198322
1198343
1198355
1198378
1198450
1198452
1198475
1198494
1198499
1198554
1198591
1198599
1198607
1198618
1198620
1198652
1198658
1198662
1198688
1198708
1198717
1198727
1198728
1198779
1198782
1198797
1198802
1198809
1198852
1198870
1198873
1198946
1198960
1198962
1198984
1198985
1198987
1198994
1199038
1199064
1199073
1199077
1199097
1199106
1199122
1199124
1199253
1199255
1199289
1199318
1199364
1199389
1199462
1199468
1199496
1199533
1199546
1199568
1199569
1199584
1199591
1199592
1199610
1199661
1199663
1199666
1199710
1199765
1199816
1199820
1199827
1199834
1199836
1199869
1199893
1199906
1199939
1199949
1199957
1199974
1199989
1199990
1199991
1199995
1199996
1199999
1200005
1200012
1200014
1200042
1200055
1200082
1200084
1200093
1200131
1200167
1200189
1200221
1200225
1200229
1200238
1200264
1200271
1200277
1200302
1200309
1200318
1200338
1200340
1200345
1200348
1200352
1200353
1200355
1200372
1200380
1200405
1200414
1200484
1200488
1200512
1200519
1200524
1200526
1200539
1200554
1200677
1200794
1200798
1200801
1200803
1200814
1200815
1200817
1200818
1200822
1200826
1200829
1200835
1200848
1200866
1200875
1200877
1200903
1200912
1200940
1200942
1201024
1201038
1201074
1201107
1201113
1201124
1201126
1201134
1201165
1201175
1201176
1201188
1201198
1201202
1201262
1201268
1201271
1201272
1201274
1201296
1201304
1201327
1201338
1201357
1201413
1201485
1201504
1201547
1201555
1201619
1201621
1201628
1201661
1201697
1201734
1201738
1201753
1201757
1201769
1201775
1201788
1201834
1201840
1201889
1201938
1201979
1201986
1201990
1201993
1202005
1202021
1202025
1202038
1202043
1202094
1202100
1202101
1202103
1202107
1202124
1202135
1202164
1202188
1202267
1202306
1202329
1202338
1202388
1202412
1202415
1202417
1202428
1202453
1202479
1202523
1202534
1202553
1202554
1202563
1202565
1202568
1202603
1202606
1202607
1202613
1202620
1202736
1202746
1202770
1202819
1202830
1202859
1202863
1202865
1202867
1202908
1202913
1202925
1202927
1202930
1202945
1202965
1202967
1202969
1202989
1203015
1203016
1203017
1203018
1203019
1203022
1203023
1203041
1203068
1203112
1203126
1203164
1203226
1203249
1203258
1203312
1203328
1203354
1203364
1203388
1203389
1203394
1203421
1203424
1203443
1203481
1203484
1203509
1203595
1203604
1203652
1203676
1203699
1203734
1203773
1203792
1203817
1203829
1203839
1203861
1203864
1203867
1203869
1203939
1204029
1204055
1204312
1204357
1204419
1204423
1204428
1204431
1204462
1204481
1204484
1204598
1204648
1204650
1204660
1204761
1204772
1204815
1204821
1204830
1204832
1204837
1204881
1204883
1204884
1204895
1204908
1204910
1204913
1204917
1204929
1204933
1204935
1204936
1204938
1204940
1204942
1204943
1204946
1204949
1204966
1204969
1204971
1204975
1204977
1204980
1204987
1204993
1204994
1204998
1205026
1205028
1205034
1205044
1205084
1205093
1205098
1205102
1205105
1205107
1205108
1205109
1205111
1205112
1205114
1205116
1205119
1205121
1205132
1205225
1205229
1205260
1205315
1205369
1205384
1205407
1205414
1205431
1205459
1205503
1205508
1205525
1205528
1205656
1205694
1205696
1205713
1205732
1205801
1205804
1205811
1205812
1205825
1205893
1205906
1205911
1205916
1205961
1206083
1206152
1206189
1206349
1206388
1206415
1206436
1206471
1206558
1206589
1206628
1206635
1206701
1206707
1206723
1206726
1206731
1206735
1206874
1206875
1206921
1206952
1206956
1206989
1206990
1206993
1206999
1207000
1207006
1207013
1207019
1207024
1207032
1207041
1207044
1207068
1207086
1207121
1207191
1207227
1207266
1207292
1207314
1207316
1207348
1207413
1207425
1207434
1207525
1207556
1207583
1207622
1207637
1207655
1207665
1207701
1207739
1207801
1207809
1207821
1207876
1207887
1207897
1207898
1207910
1208002
1208016
1208024
1208033
1208041
1208069
1208130
1208134
1208135
1208138
1208186
1208201
1208242
1208276
1208355
1208388
1208392
1208394
1208397
1208399
1208407
1208413
1208427
1208430
1208457
1208471
1208477
1208540
1208624
1208629
1208641
1208704
1208718
1208725
1208728
1208731
1208734
1208742
1208745
1208808
1208818
1208833
1208836
1208876
1208878
1209028
1209088
1209108
1209152
1209189
1209231
1209312
1209323
1209324
1209433
1209505
1209581
1209583
1209584
1209587
1209591
1209598
1209599
1209602
1209603
1209604
1209605
1209609
1209647
1209650
1209653
1209654
1209655
1209657
1209658
1209660
1209662
1209663
1209664
1209666
1209668
1209669
1209674
1209676
1209677
1209678
1209679
1209695
1209735
1209737
1209784
1209794
1209813
1209827
1209831
1209847
1209850
1209855
1209858
1209859
1209893
1209906
1209994
1210020
1210022
1210035
1210036
1210047
1210062
1210135
1210251
1210253
1210275
1210307
1210312
1210313
1210358
1210361
1210371
1210376
1210378
1210431
1210441
1210481
1210482
1210543
1210584
1210635
1210673
1210727
1210743
1210816
1210846
1210866
1210876
1210899
1210912
1210916
1210939
1210981
1211111
1211117
1211119
1211149
1211157
1211164
1211170
1211207
1211221
1211222
1211257
1211265
1211290
1211305
1211324
1211434
1211474
1211483
1211494
1211507
1211532
1211546
1211557
1211572
1211577
1211714
1211728
1211769
1211825
1211843
1211862
1211876
1211878
1211882
1211884
1211899
1211947
1212046
1212137
1212151
1212156
1212164
1212240
1212254
1212255
1212329
1212340
1212355
1212362
1212366
1212416
1212456
1212461
1212566
1212574
1212612
1212622
1212642
1212657
1212712
1212716
1212742
1212763
1212772
1212829
1212878
1212935
1212944
1213019
1213038
1213042
1213067
1213114
1213167
1213178
1213180
1213199
1213277
1213299
1213301
1213303
1213307
1213309
1213312
1213313
1213314
1213315
1213317
1213318
1213319
1213320
1213321
1213322
1213338
1213357
1213361
1213367
1213383
1213388
1213391
1213394
1213409
1213415
1213419
1213423
1213426
1213429
1213432
1213438
1213440
1213441
1213442
1213452
1213504
1213507
1213513
1213528
1213649
1213652
1213655
1213657
1213659
1213665
1213670
1213674
1213685
1213700
1213714
1213718
1213721
1213724
1213733
1213876
1213881
1213886
1213890
1213892
1213894
1213913
1213946
1213976
1214040
1214057
1214117
1214125
1214136
1214140
1214141
1214144
1214145
1214147
1214151
1214154
1214160
1214164
1214167
1214199
1214222
1214274
1214276
1214279
1214281
1214287
1214289
1214356
1214416
1214421
1214509
1214510
1214514
1214520
1214524
1214529
1214535
1214538
1214543
1214548
1214550
1214555
1214625
1214627
1214657
1214658
1214683
1214699
1214717
1214735
1214795
1214843
1214905
1214919
1214920
1214926
1214934
1214941
1214943
1214952
1215021
1215026
1215034
1215042
1215044
1215077
1215093
1215094
1215096
1215097
1215106
1215163
1215182
1215196
1215204
1215205
1215211
1215227
1215238
1215250
1215314
1215325
1215378
1215392
1215441
1215444
1215462
1215470
1215475
1215478
1215481
1215482
1215628
1215676
1215707
1215712
1215753
1215832
1215834
1215846
1215918
1215919
1215931
1215987
1215988
1215995
1216004
1216008
1216010
1216013
1216017
1216023
1216028
1216033
1216059
1216074
1216080
1216094
1216100
1216102
1216103
1216112
1216127
1216136
1216138
1216140
1216143
1216145
1216149
1216152
1216191
1216195
1216210
1216219
1216240
1216243
1216246
1216247
1216250
1216254
1216255
1216265
1216358
1216359
1216365
1216368
1216370
1216373
1216411
1216498
1216554
1216559
1216572
1216595
1216624
1216645
1216669
1216737
1216740
1216743
1216745
1216784
1216801
1216854
1216867
1216952
1217010
1217098
1217109
1217141
1217166
1217167
1217191
1217207
1217241
1217274
1217277
1217284
1217288
1217291
1217296
1217299
1217391
1217489
1217495
1217563
1217585
1217592
1217624
1217647
1217682
1217683
1217685
1217686
1217687
1217688
1217689
1217691
1217693
1217694
1217696
1217697
1217698
1217699
1217700
1217701
1217720
1217725
1217759
1217781
1217888
1217889
1217899
1217903
1217904
1217909
1217912
1217914
1217915
1217931
1217934
1217939
1217964
1217975
1218072
1218092
1218112
1218156
1218159
1218160
1218161
1218163
1218165
1218166
1218169
1218170
1218174
1218175
1218176
1218178
1218179
1218180
1218181
1218182
1218245
1218249
1218274
1218277
1218279
1218284
1218305
1218320
1218330
1218368
1218380
1218435
1218472
1218478
1218487
1218489
1218493
1218503
1218622
1218653
1218704
1218707
1218716
1218719
1218752
1218774
1218776
1218787
1218804
1218809
1218835
1218884
1218912
1218933
1218962
1218966
1218967
1218969
1218971
1218974
1218978
1218981
1218983
1218987
1218991
1218995
1218996
1218997
1219000
1219008
1219011
1219014
1219016
1219021
1219023
1219027
1219031
1219033
1219035
1219036
1219037
1219038
1219039
1219041
1219044
1219046
1219049
1219050
1219062
1219111
1219114
1219116
1219117
1219120
1219122
1219126
1219134
1219136
1219140
1219141
1219143
1219147
1219156
1219159
1219173
1219176
1219259
1219267
1219275
1219297
1219321
1219348
1219483
1219520
1219522
1219556
1219573
1219579
1219580
1219604
1219654
1219663
1219673
1219694
1219714
1219737
1219739
1219751
1219867
1219893
1219897
1219927
1220158
1220207
1220220
1220229
1220252
1220286
1220301
1220320
1220336
1220410
1220445
1220476
1220630
1220666
1220685
1220708
1220791
1220803
1220808
1220818
1220821
1220823
1220824
1220825
1220826
1220946
1220965
1220973
1220981
1220993
1221014
1221020
1221032
1221038
1221058
1221066
1221099
1221108
1221128
1221167
1221177
1221195
1221201
1221217
1221251
1221296
1221395
1221398
1221401
1221415
1221439
1221473
1221484
1221499
1221548
1221574
1221578
1221579
1221596
1221597
1221602
1221676
1221681
1221690
1221726
1221764
1221840
1221874
1221878
1221882
1221896
1221947
1221968
1221976
1222064
1222065
1222161
1222170
1222173
1222175
1222177
1222179
1222182
1222184
1222188
1222192
1222193
1222199
1222250
1222274
1222319
1222337
1222378
1222446
1222484
1222535
1222550
1222568
1222602
1222609
1222617
1222730
1222732
1222745
1222812
1222872
1222894
1222912
1222930
1222935
1222949
1223050
1223054
1223093
1223121
1223134
1223162
1223170
1223184
1223291
1223297
1223300
1223303
1223321
1223324
1223330
1223338
1223344
1223353
1223357
1223359
1223366
1223376
1223545
1223546
1223663
1223664
1223799
1223965
1224049
1224068
1224096
1224098
1224118
1224146
1224164
1224170
1224207
1224266
1224268
1224287
1224289
1224292
1224315
1224327
1224346
1224369
1224387
1224435
1224455
1224479
1224486
1224542
1224563
1224573
1224578
1224589
1224602
1224612
1224669
1224674
1224714
1224832
1224840
1224843
1224844
1224848
1224850
1224851
1224853
1224855
1224858
1224895
1224917
1224965
1224968
1224971
1224993
1225009
1225036
1225060
1225067
1225091
1225148
1225154
1225202
1225206
1225293
1225343
1225345
1225346
1225349
1225354
1225355
1225356
1225357
1225361
1225362
1225366
1225369
1225372
1225377
1225418
1225475
1225530
1225557
1225559
1225572
1225638
1225648
1225699
1225768
1225812
1225836
1225911
1225963
1225964
1225974
1225977
1226007
1226044
1226087
1226092
1226107
1226120
1226153
1226170
1226189
1226210
1226230
1226270
1226288
1226309
1226320
1226326
1226334
1226337
1226341
1226346
1226393
1226417
1226522
1226523
1226578
1226585
1226601
1226605
1226606
1226609
1226611
1226612
1226615
1226617
1226626
1226641
1226642
1226647
1226651
1226652
1226671
1226762
1226787
1226791
1226794
1226799
1226806
1226822
1226840
1226844
1226849
1226935
1226960
1226963
1227003
1227140
1227144
1227152
1227154
1227159
1227168
1227175
1227269
1227299
1227309
1227311
1227315
1227376
1227379
1227460
1227471
1227615
1227630
1227667
1227704
1227709
1227836
1227841
1227907
1227944
1227990
1228051
1228057
1228082
1228128
1228200
1228244
1228246
1228253
1228261
1228314
1228320
1228324
1228340
1228463
1228473
1228580
1228581
1228582
1228614
1228673
1228688
1228690
1228697
1228698
1228700
1228701
1228704
1228706
1228708
1228736
1228784
1228803
1228813
1228822
1228824
1228829
1228833
1228837
1228839
1228842
1228870
1228877
1228890
1228963
1229004
1229021
1229033
1229034
1229035
1229038
1229040
1229042
1229046
1229050
1229052
1229057
1229078
1229091
1229131
1229159
1229171
1229212
1229229
1229235
1229236
1229244
1229247
1229248
1229255
1229262
1229273
1229320
1229325
1229431
1229488
1229524
1229558
1229559
1229561
1229576
1229586
1229670
1229690
1229713
1229734
1229768
1229772
1229793
1229799
1229906
1229910
1229915
1230021
1230045
1230046
1230058
1230083
1230087
1230089
1230205
1230229
1230325
1230333
1230391
1230402
1230403
1230431
1230453
1230483
1230564
1230719
1230747
1230791
1230793
1230794
1230795
1230796
1230797
1230798
1230799
1230854
1230860
1230894
1230895
1230896
1230898
1230908
1230949
1230992
1231010
1231011
1231045
1231069
1231160
1231175
1231194
1231258
1231268
1231306
1231349
1231385
1231393
1231417
1231459
1231477
1231497
1231554
1231558
1231562
1231576
1231577
1231585
1231648
1231683
1231741
1231764
1231814
1231828
1231854
1231861
1231910
1231912
1231965
1231974
1231979
1232000
1232050
1232062
1232087
1232099
1232175
1232176
1232181
1232214
1232220
1232265
1232290
1232322
1232323
1232380
1232443
1232466
1232468
1232479
1232546
1232569
1232596
1232606
1232638
1232645
1232663
1232669
1232673
1232675
1232676
1232708
1232729
1232747
1232754
1232757
1232787
1232818
1232823
1232892
1232910
1232912
1232933
1232945
1232955
1232976
1232998
1233084
1233111
1233136
1233141
1233150
1233199
1233202
1233210
1233231
1233252
1233303
1233413
1233432
1233433
1233434
1233436
1233449
1233460
1233476
1233501
1233510
1233512
1233557
1233571
1233623
1233624
1233625
1233627
1233628
1233629
1233630
1233631
1233633
1233635
1233636
1233638
1233639
1233776
1233790
1233822
1233883
1233913
1233915
1233964
1234008
1234014
1234015
1234024
1234028
1234042
1234043
1234044
1234045
1234047
1234048
1234049
1234052
1234062
1234064
1234069
1234070
1234076
1234119
1234120
1234155
1234194
1234277
1234317
1234320
1234364
1234369
1234386
1234395
1234414
1234448
1234458
1234473
1234476
1234477
1234479
1234480
1234481
1234483
1234485
1234486
1234488
1234491
1234492
1234493
1234494
1234497
1234498
1234499
1234500
1234502
1234516
1234518
1234519
1234520
1234523
1234524
1234526
1234527
1234528
1234530
1234553
1234555
1234559
1234613
1234626
1234629
1234667
1234731
1234733
1234752
1234759
1234762
1234764
1234776
1234796
1234808
1234820
1234861
1234869
1234882
1234905
1234931
1234935
1234938
1234940
1234941
1234948
1234986
1235020
1235192
1235293
1235343
1235352
1235363
1235370
1235382
1235383
1235386
1235393
1235396
1235399
1235403
1235435
1235501
1235558
1235568
1235576
1235578
1235608
1235665
1235715
1235720
1235766
1235770
1235809
1235811
1235832
1235846
1235926
1235938
1236037
1236163
1236164
1236166
1236189
1236200
1236204
1236224
1236249
1236306
1236377
1236413
1236416
1236418
1236469
1236471
1236485
1236566
1236657
1236706
1236758
1236761
1236765
1236769
1236773
1236775
1236833
1236838
1236841
1236842
1236844
1236847
1236850
1236856
1236859
1236862
1236868
1236920
1236922
1236935
1236945
1236993
1236998
1237000
1237007
1237059
1237158
1237223
1237323
1237327
1237348
1237364
1237376
1237394
1237397
1237401
1237406
1237456
1237494
1237549
1237577
1237759
1237777
1237783
1237785
1237814
1237860
1237876
1237883
1237900
1237914
1237962
1237983
1237985
1238007
1238046
1238091
1238098
1238101
1238120
1238181
1238278
1238283
1238401
1238437
1238481
1238505
1238541
1238552
1238559
1238578
1238658
1238689
1238742
1238773
1238814
1238833
1238848
1238871
1238874
1239044
1239093
1239105
1239134
1239179
1239188
1239230
1239261
1239263
1239327
1239390
1239395
1239456
1239461
1239468
1239491
1239506
1239539
1239602
1239610
1239657
1239670
1239679
1239683
1239693
1239752
1239753
1239757
1239764
1239770
1239771
1239773
1239806
1239809
1239815
1239816
1239817
1239825
1239852
1239854
1239915
1239940
1239944
1240029
1240095
1240131
1240141
1240145
1240174
1240188
1240259
1240262
1240267
1240272
1240281
1240330
1240335
1240469
1240484
1240533
1240550
1240638
1240642
1240655
1240711
1240712
1240792
1240814
1240831
1240889
1240901
1241085
1241091
1241118
1241123
1241126
1241128
1241129
1241195
1241234
1241245
1241250
1241258
1241263
1241298
1241303
1241327
1241429
1241444
1241456
1241470
1241543
1241554
1241564
1241569
1241572
1241584
1241588
1241608
1241624
1241659
1241663
1241665
1241670
1241674
1241675
1241678
1241684
1241685
1241686
1241689
1241692
1241695
1241697
1241701
1241706
1241726
1241810
1241821
1241862
1241869
1241878
1241882
1241886
1241890
1241902
1241903
1241904
1241906
1241989
1241994
1242011
1242034
1242037
1242040
1242042
1242044
1242047
1242051
1242052
1242067
1242069
1242070
1242072
1242073
1242074
1242076
1242077
1242078
1242084
1242086
1242090
1242092
1242097
1242099
1242101
1242103
1242105
1242107
1242109
1242110
1242112
1242113
1242176
1242180
1242193
1242194
1242200
1242212
1242217
1242221
1242225
1242227
1242233
1242237
1242247
1242248
1242249
1242253
1242261
1242268
1242272
1242278
1242280
1242322
1242432
1242483
1242535
1242561
1242562
1242571
1242578
1242590
1242619
1242624
1242630
1242634
1242636
1242640
1242644
1242645
1242653
1242655
1242660
1242666
1242691
1242721
1242726
1242728
1242744
1242762
1242764
1242767
1242770
1242771
1242773
1242774
1242776
1242780
1242782
1242786
1242787
1242791
1242798
1242800
1242803
1242806
1242808
1242811
1242816
1242821
1242823
1242826
1242879
1242886
1242905
1242914
1242937
1243016
1243038
1243044
1243046
1243098
1243100
1243101
1243102
1243103
1243108
1243154
1243234
1243260
1243307
1243328
1243331
1243335
1243345
1243358
1243389
1243442
1243465
1243470
1243481
1243483
1243484
1243488
1243490
1243530
1243538
1243540
1243630
1243647
1243649
1243651
1243652
1243657
1243658
1243659
1243660
1243685
1243775
1243780
1243795
1243799
1243805
1243815
1243849
1243853
1243879
1243910
1243914
1243929
1243953
1243957
1243967
1243988
1243993
1243995
1243997
1244003
1244008
1244010
1244012
1244014
1244017
1244035
1244036
1244039
1244041
1244048
1244062
1244101
1244125
1244126
1244185
1244223
1244240
1244244
1244361
1244381
1244443
1244448
1244468
1244475
1244523
1244524
1244525
1244531
1244548
1244575
1244624
1244643
1244652
1244657
1244660
1244762
1244779
1244781
1244805
1244810
1244831
1244840
1244843
1244846
1244848
1244874
1244878
1244933
1244939
1244944
1244953
1244966
1245001
1245012
1245081
1245112
1245162
1245168
1245191
1245234
1245258
1245297
1245312
1245315
1245316
1245319
1245321
1245335
1245340
1245342
1245398
1245411
1245424
1245457
1245526
1245540
1245557
1245626
1245682
1245683
1245713
1245776
1245802
1245864
1245909
1245934
1245944
1245962
1245965
1245981
1246006
1246008
1246011
1246012
1246014
1246015
1246036
1246049
1246079
1246170
1246269
1246336
1246344
1246366
1246382
1246403
1246412
1246416
1246445
1246459
1246463
1246476
1246478
1246479
1246481
1246483
1246485
1246486
1246488
1246489
1246490
1246498
1246526
1246556
1246559
1246610
1246659
1246699
1246745
1246750
1246754
1246771
1246773
1246774
1246776
1246777
1246778
1246798
1246826
1246832
1246839
1246848
1246899
1246920
1246932
1246935
1246967
1246975
1246989
1246991
1246992
1247013
1247019
1247113
1247130
1247143
1247153
1247170
1247172
1247181
1247182
1247193
1247199
1247213
1247242
1247276
1247289
1247300
1247302
1247304
1247306
1247309
1247311
1247313
1247317
1247319
1247325
1247353
1247430
1247436
1247478
1247567
1247591
1247608
1247651
1247679
1247705
1247708
1247715
1247719
1247729
1247733
1247738
1247788
1247817
1247820
1247821
1247822
1247823
1247824
1247844
1247846
1247857
1247860
1247871
1247890
1247921
1247924
1247925
1247926
1247928
1247931
1247932
1247933
1247934
1247936
1247938
1247941
1247942
1247943
1247944
1247945
1247948
1247950
1247952
1247953
1247956
1248046
1248049
1248083
1248094
1248225
1248227
1248228
1248233
1248235
1248243
1248262
1248294
1248339
1248399
1248469
1248479
1248487
1248492
1248493
1248526
1248544
1248549
1248567
1248570
1248572
1248605
1248637
1248707
1248711
1248868
1248872
1248876
1249013
1249018
1249026
1249036
1249037
1249052
1249075
1249102
1249106
1249119
1249125
1249240
1249336
1249348
1249380
1249385
1249403
1249428
1249508
1249532
1249577
1249591
1249592
1249593
1249595
1249597
1249598
1249599
1249600
1249601
1249602
1249606
1249624
1249629
1249693
1249763
1249771
1249773
1249777
1249817
1249925
1249927
1249928
1249929
1249930
1249931
1249935
1249941
1249943
1249944
1249948
1249949
1249950
1249955
1249977
1249978
1249979
1249980
1249982
1249984
1249985
1249986
1249987
1249989
1249990
1249992
1249995
1249997
1249998
1250002
1250108
1250125
1250147
1250162
1250175
1250203
1250213
1250236
1250256
1250264
1250272
1250346
1250354
1250390
1250391
1250435
1250437
1250438
1250439
1250441
1250442
1250444
1250446
1250447
1250467
1250468
1250469
1250475
1250512
1250513
1250514
1250515
1250516
1250519
1250522
1250536
1250540
1250579
1250625
1250653
1250654
1250658
1250662
1250686
1250689
1250691
1250694
1250695
1250714
1250785
1250800
1250806
1250846
1250852
1250854
1250885
1250960
1250979
1250999
1251046
1251077
1251131
1251138
1251159
1251187
1251222
1251239
1251248
1251300
1251314
1251416
1251427
1251506
1251538
1251540
1251543
1251547
1251550
1251555
1251558
1251603
1251604
1251608
1251617
1251633
1251643
1251644
1251646
1251683
1251688
1251717
1251800
1251882
1251900
1251909
1251910
1251917
1251935
1251946
1251973
1251993
1252045
1252051
1252113
1252121
1252124
1252126
1252129
1252131
1252134
1252138
1252139
1252142
1252145
1252147
1252148
1252157
1252239
1252279
1252287
1252289
1252359
1252361
1252393
1252418
1252420
1252428
1252436
1252471
1252551
1252552
1252627
1252633
1252639
1252662
1252675
1252686
1252693
1252756
1252768
1252772
1252778
1252843
1252908
1252959
1253010
1253036
1253057
1253062
1253274
1253284
1253325
1253334
1253367
1253375
1253376
1253393
1253396
1253411
1253414
1253419
1253488
1253492
1253503
1253540
1253553
1253560
1253575
1253586
1253587
1253588
1253589
1253590
1253592
1253596
1253598
1253600
1253606
1253616
1253619
1253624
1253635
1253644
1253654
1253664
1253740
1253791
1253793
1253797
1253799
1253800
1253802
1253805
1253806
1253807
1253809
1253811
1253812
1253813
1253814
1253815
1253832
1253841
1253845
1253861
1253867
1253871
1253872
1253874
1253885
1253888
1253892
1253894
1253898
1253903
1253918
1253925
1253929
1254021
1254033
1254161
1254174
1254195
1254201
1254204
1254225
1254229
1254234
1254271
1254274
1254304
1254354
1254388
1254477
1254594
1254602
1254640
1254646
1254732
1254755
1254766
1254780
1254836
1254850
1254853
1254858
1254863
1254866
1254877
1254885
1254896
1254933
1254937
1254940
1254941
1254942
1254943
1254945
1254948
1255027
1255029
1255032
1255033
1255040
1255044
1255053
1255072
1255073
1255074
1255075
1255076
1255112
1255162
1255208
1255245
1255272
1255300
1255312
1255337
1255394
1255413
1255440
1255442
1255444
1255445
1255447
1255448
1255451
1255452
1255453
1255454
1255455
1255460
1255463
1255466
1255468
1255469
1255471
1255472
1255473
1255474
1255486
1255515
1255549
1255562
1255616
1255629
1255630
1255651
1255659
1255674
1255722
1255726
1255731
1255760
1255764
1255791
1255810
1255833
1255838
1255847
1255939
1255945
1255946
1255948
1256022
1256076
1256195
1256214
1256218
1256252
1256281
1256380
1256401
1256424
1256464
1256472
1256504
1256520
1256553
1256556
1256559
1256595
1256600
1256602
1256639
1256652
1256679
1256695
1256721
1256723
1256728
1256746
1256756
1256805
1256863
1256988
1257009
1257079
1257081
1257085
1257091
1257129
1257143
1257169
1257204
1257227
1257244
1257254
1257257
1257259
1257264
1257355
1257376
1257380
1257388
1257476
1257483
1257484
1257485
1257489
1257492
1257497
1257498
1257523
1257528
1257530
1257537
1257540
1257567
1257576
1257586
1257641
1257647
1257669
1257670
1257715
1257772
1257775
1257780
1257801
1257826
1257866
1257876
1257951
1258016
1258057
1258081
1258091
1258195
1258205
1258211
1258221
1258280
1258300
1258309
1258328
1258357
1258446
1258455
1258543
1258549
1258558
1258560
1258563
1258568
1258569
1258573
1258580
1258581
1258583
1258584
1258586
1258590
1258595
1258604
1258623
1258641
1258662
1258690
1258745
1258751
1258764
1258785
1258799
1258802
1258805
1258817
1258859
1258921
1258930
1258935
1258973
1259004
1259029
1259038
1259059
1259084
1259089
1259091
1259112
1259118
1259134
1259241
1259244
1259260
1259263
1259270
1259281
1259286
1259287
1259321
1259333
1259341
1259362
1259378
1259409
1259413
1259417
1259421
1259425
1259434
1259436
1259442
1259527
1259560
1259578
1259625
1259653
1259681
1259684
1259727
1259729
1259734
1259735
1259754
1259763
1259835
1259850
1259854
1259895
1259950
1259973
1259993
1260004
1260013
1260040
1260066
1260158
1260163
1260165
1260169
1260173
1260195
1260325
1260421
1260423
1260533
1260594
1260601
1260672
1260700
1260715
1260732
1260794
1260820
1260835
1260836
1260867
1260896
1260922
1260946
1260947
1260948
1260949
1260953
1260956
1260957
1260960
1260961
1260963
1260966
1260968
1261094
1261148
1261149
1261254
1261259
1261260
1261261
1261352
1261382
1261399
1261404
1261407
1261419
1261434
1261460
1261461
1261519
1261543
1261552
1261560
1261561
1261573
1261574
1261577
1261579
1261582
1261644
1261720
1261734
1261756
1261759
1261769
1261770
1261786
1261823
1261861
1261862
1261872
1261876
1261877
1261898
1261902
1261906
1261958
1261992
1262002
1262037
1262070
1262132
1262208
1262288
1262356
1262376
1262396
1262404
1262456
1262504
1262505
1262545
1262584
1262620
1262629
1262634
1262669
1262681
1262700
1262702
1262718
1262740
1262766
1262805
1262808
1262953
1262964
1262983
1262995
1263013
1263071
1263112
1263115
1263116
1263160
1263175
1263180
1263217
1263250
1263254
1263314
1263318
1263334
1263426
1263600
1263613
1263625
1263634
1263642
1263663
1263707
1263723
1263763
1263776
1263832
1263835
1263839
1263842
1263868
1263874
1263885
1263904
1263921
1263992
1264012
1264103
1264152
1264154
1264155
1264157
1264207
1264243
1264244
1264247
1264326
1264397
1264421
1264427
1264429
1264442
1264448
1264452
1264465
1264468
1264548
1264716
1264723
1264725
1264889
1264904
1264910
1264950
1264954
1264955
1264966
1265010
1265079
1265090
1265122
1265131
1265183
1265218
1265257
1265416
1265417
1265438
1265467
1265517
1265520
1265523
1265538
1265544
1265546
1265549
1265558
1265572
1265575
1265580
1265593
1265600
1265611
1265614
1265633
1265637
1265647
1265649
1265651
1265659
1265662
1265679
1265680
1265766
1265795
1265797
1265800
1265802
1265841
1265866
1265903
1265920
1265942
1265973
1265975
1266032
1266048
1266127
1266167
1266171
1266212
1266254
1266263
1266274
1266352
1266356
1266361
1266372
1266379
1266382
1266426
1266485
1266490
1266520
1266537
1266565
1266571
1266589
1266635
1266656
1266676
1266710
1266715
1266783
1266796
1266803
1266814
1266867
1266868
1266869
1266872
1266875
1266879
1266880
1266883
1266885
1266886
1266900
1266908
1266919
1266925
1266938
1266952
1266956
1266959
1266969
1266976
1266980
1267022
1267024
1267030
1267031
1267038
1267046
1267054
1267056
1267062
1267071
1267075
1267079
1267086
1267105
1267123
1267126
1267144
1267153
1267182
1267187
1267196
1267199
1267203
1267205
1267206
1267208
1267209
1267213
1267218
1267219
1267220
1267222
1267225
1267227
1267228
1267230
1267232
1267234
1267235
1267240
1267245
1267252
1267260
1267266
1267268
1267277
1267304
1267318
1267320
1267328
1267360
1267403
1267407
1267448
1267451
1267470
1267505
1267506
1267526
1267527
1267530
1267534
1267535
1267544
1267547
1267549
1267550
1267551
1267552
1267554
1267556
1267557
1267558
1267561
1267563
1267584
1267585
1267597
1267601
1267608
1267629
1267636
1267643
1267648
1267685
1267710
1267715
1267717
1267720
1267722
1267751
1267759
1267780
1267797
1267802
1267821
1267823
1267828
1267845
1267886
1267887
1267937
1267949
1267956
1267961
1267966
1267969
1267975
1267978
1268010
1268037
1268053
1268055
1268079
1268092
1268123
1268163
1268193
1268224
1268263
1268278
1268356
1268358
1268361
1268364
1268365
1268370
1268376
1268391
1268393
1268394
1268395
1268397
1268399
1268401
1268402
1268403
1268406
1268407
1268412
1268413
1268424
1268430
1268468
1268473
1268478
1268583
1268627
1268629
1268661
1268682
1268684
1268685
1268687
1268692
1268693
1268698
1268701
1268703
1268706
1268724
1268725
1268729
1268731
1268733
1268736
1268741
1268742
1268744
1268747
1268748
1268749
1268750
1268752
1268755
1268829
1268870
1268932
1268941
1268944
1268996
1269003
1269021
1269024
1269026
1269050
1269067
1269083
1269089
1269108
1269125
1269161
1269173
1269179
1269181
1269183
1269184
1269185
1269187
1269188
1269189
1269191
1269192
1269193
1269194
1269195
1269196
1269197
1269198
1269199
1269202
1269203
1269204
1269206
1269207
1269210
1269212
1269215
1269218
1269220
1269221
1269224
1269226
1269227
1269230
1269232
1269233
1269234
1269235
1269238
1269239
1269241
1269242
1269243
1269244
1269245
1269248
1269250
1269253
1269254
1269255
1269257
1269265
1269266
1269267
1269268
1269269
1269271
1269272
1269274
1269277
1269279
1269283
1269284
1269285
1269287
1269288
1269290
1269291
1269294
1269296
1269299
1269303
1269305
1269307
1269309
1269310
1269311
1269313
1269316
1269317
1269318
1269324
1269327
1269331
1269335
1269341
1269346
1269348
1269350
1269356
1269360
1269361
1269362
1269364
1269365
1269371
1269372
1269374
1269377
1269379
1269382
1269385
1269389
1269393
1269397
1269413
1269419
1269423
1269425
1269429
1269430
1269431
1269435
1269437
1269475
1269479
1269485
1269489
1269514
1269520
1269526
1269537
1269547
1269549
1269553
1269572
1269640
1269643
1269647
1269648
1269655
1269682
1269734
1269771
1269797
1269800
1269844
1269900
1269908
1269939
1269941
1269968
1269969
1269980
1270088
1270090
1270091
1270121
1270125
1270283
1270296
1270315
1270346
1270452
1270460
1270493
1270494
1270499
1270500
1270503
1270505
1270506
1270507
1270508
1270509
1270510
1270512
1270513
1270515
1270522
1270523
1270528
1270529
1270530
1270532
1270533
1270534
1270541
1270542
1270543
1270557
1270558
1270567
1270594
1270622
1270628
1270642
1270645
1270655
1270657
1270678
1270679
1270683
1270687
1270692
1270695
1270762
1270769
1270828
1270878
1270883
1270891
1270916
1270969
1271023
1271048
1271149
1271212
1271250
1271257
1271264
1271268
1271315
1271338
1271350
1271388
1271390
1271391
1271392
1271394
1271395
1271396
1271397
1271398
1271399
1271403
1271405
1271406
1271407
1271408
1271410
1271411
1271412
1271413
1271414
1271419
1271429
1271431
1271433
1271434
1271436
1271437
1271438
1271443
1271444
1271446
1271447
1271456
1271464
1271467
1271476
1271514
1271530
1271576
1271604
1271607
1271685
1271709
1271722
1271732
1271806
1271845
1271848
1271880
1271883
1271908
1271925
1271958
1271984
1271985
1271986
1272031
1272086
1272152
1272194
1272238
1272250
1272260
1272268
1272300
1272387
1272389
1272390
1272391
1272395
1272396
1272407
1272465
1272611
1272634
1272638
1272708
1272713
1272722
1272727
1272785
1272803
1272814
1272828
1272836
1272837
1272859
1272868
1272873
1272890
1272902
1272914
1272922
1272966
1273005
1273042
1273062
1273064
1273068
1273089
1273092
1273114
1273131
1273151
1273159
1273161
1273166
1273170
1273178
1273189
1273190
1273193
1273232
1273235
1273266
1273310
1273318
1273323
1273324
1273325
1273335
1273342
1273393
1273434
1273453
1273482
1273536
1273543
1273545
1273546
1273547
1273548
1273549
1273553
1273555
1273667
1273668
1273670
1273773
1273802
1273844
1273852
1273853
1273856
1273857
1273877
1273938
1274000
1274005
1274009
1274052
1274087
1274134
1274169
1274205
1274266
1274284
1274289
1274379
1274424
1274515
1274563
1274566
1274623
1274641
1274673
1274749
1274756
1274930
1274941
1274947
1274951
1274978
1275003
1275013
1275020
1275023
1275039
1275126
1275128
1275132
1275152
1275154
1275180
1275198
1275210
1275254
1275319
1275370
1275385
1275425
1275463
1275466
1275516
1275526
1275527
1275530
1275531
1275539
1275549
1275550
1275557
1275709
1275755
1275759
1275760
1275788
1275852
1275862
1275867
1275871
1275877
1275882
1275890
1275930
1276032
1276038
1276063
1276076
1276110
1276131
1276174
1276177
1276200
1276206
1276210
1276226
1276255
1276279
1276324
1276326
1276390
1276430
1276468
1276472
1276507
1276526
1276539
1276547
1276598
1276634
1276647
1276666
1276671
1276678
1276713
1276715
1276717
1276729
1276743
1276774
1276777
1276778
1276793
1276834
1276862
1276916
1276918
1276960
1276970
1277001
1277003
1277004
1277013
1277026
1277039
1277044
1277059
1277131
1277136
1277151
1277170
1277182
1277194
1277200
1277207
1277280
1277284
1277287
1277290
1277337
1277346
1277414
1277423
1277427
1277435
1277446
1277457
1277459
1277502
1277514
1277518
1277521
1277528
1277529
1277531
1277534
1277535
1277587
1277610
1277707
1277744
1277763
1277766
1277772
1277773
1277775
1277792
1277804
1277836
1277897
1277901
1277913
1277919
1277949
1277952
1278021
1278027
1278047
1278048
1278053
1278085
1278109
1278128
1278143
1278162
1278215
1278234
1278255
1278339
1278350
1278429
1278432
1278434
1278435
1278443
1278464
1278490
1278500
1278530
1278544
1278578
1278594
1278670
1278677
1278679
1278680
1278683
1278684
1278687
1278689
1278690
1278693
1278694
1278697
1278701
1278703
1278705
1278739
1278742
1278780
1278808
1278845
1278924
1278930
1278945
1278950
1278989
1279036
1279091
1279130
1279150
1279173
1279174
1279175
1279176
1279177
1279178
1279184
1279185
1279186
1279190
1279191
1279192
1279234
1279237
1279239
1279241
1279243
1279245
1279249
1279251
1279253
1279255
1279257
1279260
1279263
1279265
1279269
1279270
1279271
1279273
1279277
1279278
1279279
1279280
1279281
1279282
1279283
1279284
1279285
1279287
1279288
1279289
1279290
1279291
1279292
1279293
1279295
1279296
1279297
1279298
1279300
1279302
1279303
1279304
1279309
1279316
1279318
1279320
1279321
1279322
1279323
1279325
1279328
1279329
1279330
1279331
1279333
1279334
1279336
1279338
1279339
1279341
1279342
1279343
1279345
1279346
1279348
1279349
1279350
1279353
1279354
1279355
1279364
1279447
1279504
1279550
1279579
1279582
1279584
1279596
1279626
1279695
1279698
1279699
1279701
1279702
1279703
1279705
1279706
1279707
1279710
1279711
1279713
1279716
1279721
1279723
1279724
1279755
1279756
1279758
1279759
1279760
1279763
1279765
1279766
1279768
1279771
1279773
1279774
1279776
1279804
1279891
1279914
1279918
1279930
1279932
1279934
1279959
1279960
1279967
1279985
1280000
1280018
1280029
1280056
1280064
1280070
1280081
1280095
1280215
1280274
1280289
1280300
1280335
1280367
1280376
1280434
1280518
1280521
1280531
1280544
1280551
1280553
1280554
1280575
1280608
1280623
1280646
1280685
1280689
1280691
1280696
1280704
1280707
1280711
1280715
1280723
1280724
1280745
1280755
1280778
1280787
1280789
1280816
1280823
1280826
1280832
1280833
1280889
1280892
1280895
1280896
1280897
1280904
1280909
1280910
1280911
1280919
1280920
1280921
1280932
1280990
1281042
1281048
1281052
1281054
1281058
1281063
1281075
1281078
1281120
1281141
1281146
1281179
1281210
1281245
1281250
1281266
1281392
1281398
1281425
1281434
1281437
1281477
1281504
1281511
1281515
1281519
1281532
1281536
1281540
1281573
1281578
1281582
1281585
1281628
1281629
1281634
1281640
1281644
1281672
1281703
1281713
1281717
1281718
1281720
1281739
1281744
1281745
1281751
1281755
1281858
1281861
1281862
1281863
1281864
1281866
1281867
1281915
1281920
1281935
1281948
1281955
1281957
1281961
1281965
1281983
1281989
1281998
1282006
1282069
1282104
1282144
1282153
1282176
1282179
1282183
1282184
1282207
1282280
1282296
1282300
1282333
1282359
1282391
1282423
1282448
1282489
1282503
1282543
1282647
1282649
1282686
1282700
1282725
1282761
1282772
1282777
1282783
1282822
1282908
1282915
1282926
1282956
1282970
1282980
1283032
1283033
1283051
1283054
1283095
1283187
1283193
1283213
1283277
1283358
1283399
1283409
1283430
1283434
1283437
1283488
1283494
1283502
1283518
1283571
1283609
1283627
1283633
1283728
1283739
1283744
1283791
1283831
1283836
1283846
1283915
1283922
1283946
1284008
1284036
1284041
1284043
1284046
1284070
1284076
1284088
1284098
1284120
1284152
1284200
1284212
1284221
1284239
1284240
1284267
1284270
1284281
1284296
1284304
1284306
1284321
1284327
1284365
1284394
1284404
1284460
1284476
1284554
1284629
1284635
1284646
1284647
1284653
1284667
1284702
1284732
1284789
1284811
1284824
1284883
1284895
1284934
1284940
1284951
1284957
1284963
1285052
1285102
1285108
1285111
1285114
1285118
1285132
1285159
1285166
1285169
1285177
1285230
1285302
1285310
1285347
1285376
1285414
1285451
1285471
1285518
1285637
1285655
1285687
1285728
1285732
1285734
1285863
1285874
1285882
1285965
1286067
1286108
1286111
1286117
1286181
1286185
1286197
1286204
1286214
1286218
1286224
1286233
1286306
1286308
1286311
1286317
1286318
1286320
1286321
1286322
1286324
1286325
1286326
1286328
1286330
1286332
1286333
1286335
1286338
1286339
1286340
1286342
1286346
1286347
1286348
1286349
1286350
1286351
1286352
1286354
1286378
1286380
1286441
1286454
1286493
1286496
1286497
1286498
1286547
1286552
1286556
1286608
1286663
1286758
1286767
1286806
1286846
1286855
1286920
1286987
1287025
1287031
1287042
1287044
1287049
1287052
1287060
1287062
1287065
1287067
1287069
1287070
1287073
1287075
1287078
1287079
1287081
1287083
1287084
1287086
1287090
1287099
1287118
1287123
1287135
1287211
1287232
1287270
1287283
1287291
1287381
1287426
1287436
1287439
1287440
1287443
1287444
1287445
1287446
1287447
1287449
1287450
1287451
1287453
1287465
1287475
1287479
1287481
1287482
1287503
1287512
1287595
1287618
1287624
1287715
1287717
1287720
1287744
1287774
1287790
1287801
1287803
1287826
1287842
1287850
1287878
1287922
1287958
1288023
1288062
1288072
1288081
1288094
1288125
1288150
1288161
1288163
1288165
1288167
1288169
1288170
1288172
1288174
1288175
1288176
1288177
1288179
1288180
1288183
1288185
1288188
1288190
1288191
1288255
1288316
1288349
1288357
1288494
1288497
1288500
1288545
1288597
1288608
1288613
1288616
1288629
1288649
1288652
1288653
1288654
1288655
1288656
1288715
1288717
1288932
1288935
1288937
1288940
1288942
1288998
1288999
1289004
1289018
1289034
1289127
1289162
1289164
1289166
1289173
1289216
1289234
1289243
1289419
1289426
1289428
1289434
1289461
1289473
1289513
1289514
1289610
1289628
1289639
1289680
1289720
1289721
1289734
1289740
1289756
1289784
1289826
1289893
1289921
1289922
1289967
1289969
1289970
1289980
1289987
1290084
1290094
1290158
1290168
1290213
1290214
1290226
1290272
1290285
1290293
1290294
1290310
1290314
1290320
1290324
1290365
1290372
1290409
1290417
1290429
1290430
1290448
1290458
1290498
1290503
1290532
1290547
1290551
1290555
1290560
1290565
1290569
1290572
1290575
1290580
1290591
1290601
1290610
1290614
1290618
1290680
1290683
1290720
1290730
1290740
1290749
1290815
1290823
1290824
1290826
1290847
1290869
1290930
1290973
1290975
1290981
1290994
1290998
1291001
1291017
1291038
1291060
1291072
1291075
1291085
1291139
1291154
1291157
1291165
1291195
1291199
1291247
1291283
1291302
1291305
1291309
1291311
1291312
1291315
1291317
1291318
1291350
1291362
1291452
1291470
1291526
1291594
1291595
1291602
1291603
1291604
1291606
1291609
1291610
1291611
1291612
1291615
1291616
1291617
1291619
1291620
1291622
1291637
1291648
1291661
1291664
1291697
1291705
1291718
1291764
1291776
1291806
1291807
1291899
1291904
1291919
1291954
1291955
1291956
1291957
1291959
1291960
1291962
1291963
1291966
1291967
1291969
1291970
1291973
1291974
1291975
1291977
1291978
1291979
1291980
1291981
1291982
1291984
1292032
1292078
1292085
1292137
1292155
1292156
1292157
1292164
1292185
1292204
1292212
1292220
1292236
1292246
1292264
1292267
1292282
1292291
1292313
1292340
1292341
1292347
1292350
1292355
1292364
1292407
1292442
1292518
1292524
1292540
1292578
1292592
1292610
1292626
1292642
1292645
1292662
1292665
1292695
1292705
1292709
1292714
1292723
1292727
1292752
1292776
1292807
1292844
1292846
1292864
1292868
1292906
1292979
1292986
1292990
1292991
1292995
1292998
1292999
1293001
1293004
1293005
1293038
1293077
1293079
1293108
1293126
1293217
1293227
1293236
1293238
1293242
1293263
1293271
1293291
1293295
1293297
1293299
1293300
1293317
1293320
1293337
1293377
1293384
1293389
1293393
1293395
1293413
1293448
1293500
1293560
1293566
1293589
1293592
1293653
1293655
1293662
1293665
1293669
1293671
1293675
1293677
1293679
1293681
1293684
1293688
1293689
1293712
1293715
1293722
1293735
1293746
1293763
1293766
1293848
1293856
1293885
1293900
1293962
1293977
1294020
1294079
1294086
1294087
1294089
1294094
1294099
1294114
1294131
1294139
1294171
1294180
1294238
1294242
1294263
1294264
1294301
1294314
1294319
1294340
1294351
1294355
1294393
1294440
1294453
1294461
1294477
1294484
1294496
1294506
1294515
1294521
1294550
1294553
1294586
1294607
1294610
1294613
1294687
1294731
1294785
1294800
1294806
1294810
1294847
1294850
1294862
1294900
1294916
1294923
1294930
1294961
1295001
1295006
1295009
1295064
1295085
1295131
1295138
1295144
1295149
1295166
1295188
1295197
1295233
1295287
1295437
1295710
1295714
1295715
1295745
1295750
1295754
1295758
1295760
1295762
1295766
1295768
1295770
1295772
1295774
1295775
1295777
1295816
1295832
1295861
1295888
1295890
1295892
1295969
1295996
1296018
1296035
1296047
1296179
1296192
1296227
1296245
1296264
1296282
1296291
1296316
1296336
1296338
1296350
1296401
1296402
1296407
1296434
1296442
1296473
1296590
1296609
1296622
1296665
1296702
1296733
1296753
1296776
1296790
1296792
1296798
1296893
1296941
1296943
1296949
1296966
1297028
1297065
1297109
1297133
1297233
1297244
1297266
1297297
1297344
1297374
1297398
1297414
1297418
1297422
1297444
1297446
1297454
1297467
1297468
1297487
1297496
1297516
1297529
1297535
1297545
1297558
1297573
1297599
1297601
1297681
1297699
1297706
1297747
1297765
1297774
1297781
1297838
1297859
1297873
1297952
1297964
1298000
1298038
1298069
1298081
1298085
1298089
1298090
1298099
1298145
1298151
1298198
1298224
1298225
1298231
1298276
1298306
1298311
1298316
1298351
1298369
1298378
1298406
1298429
1298459
1298505
1298622
1298712
1298713
1298715
1298766
1298781
1298783
1298789
1298800
1298810
1298814
1298819
1298828
1298868
1298892
1298919
1298956
1298982
1299002
1299043
1299081
1299094
1299128
1299201
1299229
1299357
1299372
1299396
1299401
1299408
1299487
1299502
1299562
1299566
1299592
1299648
1299666
1299726
1299747
1299781
1299837
1299874
1299901
1299908
1299923
1300021
1300023
1300032
1300043
1300054
1300114
1300118
1300172
1300229
1300264
1300266
1300267
1300285
1300318
1300357
1300379
1300385
1300426
1300489
1300504
1300526
1300527
1300533
1300565
1300629
1300694
1300702
1300736
1300760
1300784
1300785
1300805
1300879
1300884
1300891
1300893
1300915
1300920
1300925
1300933
1300942
1300954
1300959
1300962
1300963
1300996
1301032
1301034
1301035
1301038
1301039
1301042
1301043
1301046
1301048
1301049
1301051
1301052
1301053
1301055
1301056
1301057
1301058
1301061
1301068
1301090
1301106
1301107
1301109
1301110
1301111
1301114
1301122
1301143
1301147
1301149
1301158
1301162
1301196
1301238
1301241
1301270
1301273
1301280
1301297
1301299
1301310
1301330
1301333
1301336
1301343
1301360
1301365
1301391
1301393
1301441
1301447
1301472
1301477
1301498
1301511
1301525
1301527
1301530
1301531
1301536
1301537
1301539
1301541
1301542
1301545
1301580
1301611
1301625
1301650
1301656
1301872
1301883
1301887
1301932
1301983
1301997
1302010
1302072
1302128
1302190
1302199
1302202
1302206
1302208
1302209
1302213
1302215
1302216
1302218
1302220
1302254
1302276
1302314
1302317
1302339
1302375
1302378
1302433
1302455
1302461
1302465
1302468
1302480
1302541
1302584
1302590
1302591
1302593
1302594
1302595
1302596
1302597
1302599
1302600
1302602
1302603
1302606
1302608
1302609
1302612
1302613
1302614
1302615
1302616
1302617
1302618
1302620
1302621
1302622
1302623
1302625
1302626
1302627
1302629
1302632
1302633
1302635
1302637
1302656
1302691
1302702
1302703
1302704
1302706
1302707
1302709
1302710
1302711
1302713
1302714
1302716
1302717
1302719
1302720
1302721
1302722
1302723
1302724
1302726
1302727
1302728
1302730
1302732
1302745
1302767
1302792
1302815
1302817
1302828
1302895
1302903
1302916
1302955
1302994
1303039
1303042
1303055
1303113
1303158
1303196
1303203
1303205
1303206
1303246
1303290
1303299
1303300
1303312
1303358
1303393
1303460
1303501
1303522
1303526
1303531
1303550
1303593
1303597
1303651
1303669
1303705
1303712
1303766
1303778
1303812
1303898
1303911
1303922
1303929
1304044
1304072
1304096
1304106
1304144
1304146
1304157
1304172
1304186
1304298
1304313
1304314
1304378
1304429
1304433
1304470
1304480
1304517
1304523
1304544
1304548
1304559
1304567
1304618
1304622
1304642
1304670
1304695
1304704
1304709
1304718
1304723
1304726
1304736
1304747
1304752
1304762
1304867
1304868
1304876
1304881
1304889
1305041
1305044
1305062
1305072
1305094
1305112
1305124
1305129
1305225
1305281
1305307
1305312
1305319
1305331
1305344
1305409
1305423
1305457
1305478
1305483
1305500
1305510
1305514
1305524
1305538
1305539
1305540
1305548
1305555
1305562
1305573
1305586
1305606
1305630
1305673
1305700
1305757
1305759
1305761
1305763
1305764
1305768
1305771
1305799
1305800
1305801
1305819
1305825
1305868
1305873
1305879
1305898
1305918
1305926
1305928
1305942
1306005
1306010
1306012
1306015
1306020
1306022
1306024
1306030
1306033
1306038
1306050
1306052
1306080
1306089
1306090
1306112
1306119
1306121
1306146
1306236
1306259
1306275
1306312
1306411
1306424
1306425
1306508
1306511
1306514
1306520
1306522
1306525
1306532
1306542
1306544
1306573
1306584
1306619
1306638
1306689
1306693
1306707
1306747
1306764
1306772
1306841
1306862
1306863
1306867
1306869
1306873
1306874
1306877
1306894
1306952
1307021
1307033
1307050
1307064
1307112
1307118
1307154
1307178
1307179
1307186
1307189
1307239
1307258
1307267
1307282
1307314
1307317
1307394
1307396
1307400
1307434
1307455
1307459
1307493
1307524
1307525
1307568
1307599
1307600
1307601
1307603
1307632
1307639
1307699
1307714
1307747
1307748
1307770
1307790
1307841
1307860
1307901
1307921
1307993
1308045
1308063
1308067
1308084
1308112
1308155
1308157
1308202
1308215
1308238
1308242
1308247
1308251
1308256
1308264
1308265
1308302
1308305
1308310
1308314
1308328
1308382
1308384
1308388
1308433
1308486
1308512
1308546
1308610
1308617
1308625
1308627
1308638
1308661
1308693
1308697
1308749
1308757
1308773
1308806
1308814
1308823
1308922
1308972
1308975
1308994
1308996
1309009
1309031
1309050
1309060
1309083
1309115
1309129
1309139
1309154
1309175
1309182
1309188
1309191
1309211
1309231
1309236
1309257
1309264
1309266
1309271
1309344
1309367
1309374
1309392
1309450
1309467
1309471
1309476
1309501
1309509
1309530
1309535
1309538
1309575
1309597
1309625
1309669
1309678
1309707
1309747
1309751
1309774
1309836
1309848
1309877
1309881
1309888
1309905
1309954
1310002
1310017
1310023
1310129
1310168
1310212
1310230
1310236
1310250
1310253
1310255
1310256
1310257
1310281
1310286
1310322
1310350
1310368
1310375
1310383
1310396
1310411
1310558
1310565
1310597
1310612
1310659
1310668
1310671
1310678
1310704
1310708
1310720
1310748
1310753
1310758
1310783
1310789
1310799
1310819
1310835
1310853
1310924
1310926
1310976
1311004
1311018
1311026
1311045
1311070
1311081
1311083
1311108
1311118
1311155
1311193
1311200
1311210
1311247
1311288
1311351
1311464
1311483
1311488
1311491
1311551
1311556
1311561
1311585
1311596
1311653
1311681
1311876
1311885
1311888
1311892
1311899
1311926
1311965
1311970
1311983
1311987
1311988
1311994
1312013
1312017
1312023
1312024
1312030
1312032
1312033
1312038
1312056
1312078
1312084
1312121
1312196
1312208
1312228
1312326
1312359
1312393
1312396
1312402
1312403
1312412
1312414
1312421
1312425
1312430
1312432
1312437
1312440
1312445
1312448
1312454
1312470
1312471
1312476
1312477
1312481
1312483
1312512
1312532
1312534
1312542
1312549
1312565
1312584
1312609
1312633
1312762
1312787
1312792
1312799
1312828
1312833
1312852
1312886
1312887
1312892
1312915
1312920
1312925
1312963
1312978
1312979
1313024
1313027
1313030
1313077
1313104
1313105
1313109
1313143
1313173
1313186
1313213
1313247
1313253
1313259
1313293
1313303
1313326
1313364
1313373
1313455
1313456
1313497
1313507
1313517
1313580
1313748
1313756
1313775
1313831
1313837
1313842
1313846
1313862
1313863
1313934
1313938
1313964
1313971
1313973
1313995
1314021
1314031
1314080
1314162
1314174
1314187
1314205
1314233
1314239
1314248
1314301
1314304
1314307
1314309
1314317
1314323
1314377
1314441
1314444
1314446
1314452
1314462
1314464
1314489
1314513
1314514
1314566
1314597
1314603
1314647
1314682
1314739
1314743
1314748
1314812
1314819
1314829
1314832
1314901
1314906
1314912
1315014
1315017
1315028
1315030
1315043
1315044
1315047
1315049
1315058
1315062
1315064
1315066
1315102
1315114
1315116
1315169
1315186
1315189
1315193
1315195
1315199
1315206
1315228
1315297
1315303
1315381
1315382
1315404
1315415
1315420
1315445
1315466
1315476
1315507
1315515
1315519
1315547
1315580
1315592
1315666
1315706
1315750
1315789
1315798
1315801
1315803
1315805
1315841
1315931
1315946
1315961
1315974
1315991
1316011
1316071
1316072
1316077
1316104
1316116
1316179
1316181
1316185
1316186
1316199
1316203
1316207
1316232
1316243
1316270
1316291
1316332
1316334
1316408
1316425
1316482
1316486
1316489
1316496
1316514
1316519
1316521
1316522
1316523
1316524
1316525
1316526
1316527
1316528
1316530
1316532
1316538
1316552
1316554
1316563
1316569
1316580
1316581
1316588
1316590
1316620
1316624
1316625
1316628
1316641
1316643
1316648
1316651
1316673
1316680
1316708
1316709
1316721
1316725
1316726
1316728
1316760
1316762
1316825
1316838
1316846
1316857
1316892
1316975
1316991
1317033
1317061
1317072
1317077
1317084
1317096
1317100
1317101
1317102
1317103
1317104
1317121
1317157
1317162
1317165
1317168
1317171
1317177
1317200
1317218
1317231
1317244
1317254
1317262
1317268
1317271
1317282
1317317
1317321
1317336
1317351
1317394
1317420
1317442
1317480
1317483
1317568
1317569
1317573
1317586
1317605
1317611
1317617
1317626
1317641
1317679
1317686
1317712
1317718
1317781
1317787
1317834
1317877
1317890
1317911
1317962
1317977
1317978
1317994
1318004
1318016
1318031
1318041
1318046
1318051
1318058
1318084
1318106
1318113
1318139
1318144
1318151
1318153
1318167
1318168
1318215
1318253
1318265
1318306
1318319
1318370
1318425
1318433
1318435
1318440
1318452
1318453
1318458
1318471
1318496
1318503
1318505
1318506
1318512
1318518
1318564
1318660
1318691
1318714
1318792
1318842
1318918
1318928
1318933
1318966
1318969
1318998
1319002
1319023
1319029
1319040
1319047
1319048
1319089
1319093
1319106
1319125
1319194
1319195
1319275
1319312
1319335
1319347
1319351
1319364
1319365
1319366
1319368
1319369
1319370
1319413
1319482
1319484
1319514
1319559
1319571
1319583
1319597
1319614
1319618
1319620
1319625
1319635
1319638
1319651
1319663
1319665
1319680
1319686
1319687
1319689
1319695
1319705
1319706
1319708
1319711
1319721
1319724
1319752
1319759
1319787
1319805
1319818
1319825
1319842
1319891
1319902
1319918
1319949
1319951
1320004
1320035
1320054
1320091
1320092
1320124
1320133
1320139
1320144
1320167
1320170
1320176
1320180
1320249
1320320
1320322
1320324
1320330
1320332
1320333
1320348
1320357
1320425
1320467
1320486
1320491
1320500
1320508
1320510
1320514
1320527
1320548
1320551
1320563
1320565
1320585
1320604
1320610
1320643
1320661
1320725
1320728
1320741
1320756
1320762
1320800
1320806
1320890
1320921
1320934
1320942
1320965
1320979
1320982
1321008
1321044
1321049
1321050
1321053
1321057
1321059
1321061
1321064
1321069
1321070
1321071
1321089
1321104
1321107
1321117
1321137
1321150
1321151
1321163
1321173
1321175
1321176
1321186
1321187
1321191
1321197
1321203
1321209
1321224
1321234
1321236
1321239
1321241
1321245
1321252
1321255
1321260
1321266
1321275
1321326
1321343
1321402
1321430
1321431
1321451
1321491
1321512
1321554
1321557
1321608
1321678
1321699
1321733
1321740
1321769
1321781
1321785
1321789
1321818
1321821
1321835
1321847
1321861
1321870
1321883
1321930
1321934
1321946
1321947
1321952
1321966
1322040
1322059
1322110
1322149
1322156
1322219
1322227
1322249
1322256
1322306
1322308
1322311
1322313
1322317
1322344
1322345
1322358
1322374
1322375
1322379
1322410
1322463
1322495
1322502
1322522
1322532
1322543
1322545
1322559
1322560
1322585
1322593
1322616
1322623
1322682
1322696
1322757
1322819
1322935
1322944
1322973
1322976
1322989
1323011
1323012
1323021
1323049
1323062
1323103
1323123
1323144
1323167
1323187
1323189
1323216
1323220
1323245
1323248
1323273
1323276
1323316
1323351
1323409
1323421
1323427
1323428
1323430
1323431
1323488
1323527
1323534
1323570
1323584
1323586
1323618
1323625
1323633
1323712
1323715
1323724
1323747
1323794
1323797
1323798
1323800
1323806
1323825
1323874
1323909
1323911
1323979
1323984
1323987
1324020
1324059
1324072
1324082
1324083
1324101
1324108
1324112
1324120
1324123
1324129
1324166
1324194
1324219
1324236
1324278
1324298
1324299
1324346
1324351
1324375
1324381
1324386
1324465
1324487
1324495
1324531
1324565
1324655
1324730
1324751
1324795
1324799
1324802
1324811
1324818
1324819
1324827
1324828
1324832
1324834
1324844
1324862
1324903
1324904
1324919
1324923
1324959
1324968
1324988
1325022
1325031
1325034
1325038
1325089
1325104
1325108
1325175
1325179
1325201
1325235
1325261
1325270
1325356
1325361
1325397
1325403
1325448
1325456
1325461
1325466
1325490
1325540
1325541
1325566
1325571
1325573
1325603
1325638
1325655
1325707
1325735
1325772
1325785
1325797
1325821
1325833
1325848
1325856
1325857
1325873
1325876
1325880
1325916
1325924
1325927
1325939
1325964
1325979
1325980
1325986
1326030
1326034
1326045
1326126
1326162
1326174
1326184
1326205
1326211
1326225
1326230
1326234
1326248
1326263
1326334
1326338
1326352
1326353
1326382
1326405
1326415
1326437
1326468
1326496
1326547
1326634
1326642
1326680
1326696
1326711
1326829
1326858
1327008
1327157
1327206
1327383
1327408
1327426
1327445
1327535
1327541
1327593
1327634
1327719
1327739
1327768
1327772
1327782
1327794
1327806
1327854
1327876
1327881
1327911
1327953
1327978
1327985
1327996
1328008
1328009
1328012
1328020
1328079
1328084
1328087
1328092
1328097
1328098
1328145
1328157
1328160
1328171
1328192
1328241
1328252
1328255
1328265
1328300
1328302
1328304
1328307
1328308
1328310
1328312
1328313
1328314
1328315
1328316
1328318
1328339
1328395
1328396
1328402
1328481
1328527
1328529
1328542
1328546
1328580
1328618
1328631
1328640
1328651
1328672
1328679
1328700
1328711
1328717
1328735
1328787
1328814
1328870
1328896
1328904
1328920
1328934
1328941
1328945
1328956
1328974
1328976
1328981
1328990
1329017
1329030
1329043
1329050
1329062
1329119
1329121
1329129
1329199
1329207
1329268
1329303
1329321
1329349
1329390
1329425
1329467
1329495
1329518
1329548
1329576
1329581
1329583
1329586
1329629
1329708
1329733
1329801
1329811
1329851
1329877
1329884
1329888
1329924
1329937
1329962
1329966
1329968
1329973
1329996
1330017
1330025
1330035
1330037
1330041
1330043
1330059
1330099
1330167
1330208
1330211
1330216
1330275
1330339
1330343
1330346
1330354
1330373
1330393
1330402
1330416
1330421
1330438
1330440
1330441
1330443
1330445
1330461
1330472
1330475
1330476
1330552
1330573
1330610
1330667
1330674
1330680
1330681
1330709
1330872
1331089
1331142
1331318
1331344
1331378
1331390
1331396
1331460
1331486
1331510
1331538
1331889
1332316
1332386
1332572
1332850
1333078
1333098
1333104
1333112
1333152
1333160
1333177
1333195
1333211
1333214
1333473
1333556
1333609
1333810
1333929
1334664
1335080
1335229
1335650
1335667
1335675
1335727
1335731
1335733
1335754
1335765
1335828
1335831
1335839
1335855
1335856
1335859
1335873
1335896
1335927
1335930
1335967
1335969
1335970
1335974
1336006
1336050
1336089
1336115
1336171
1336189
1336271
1336278
1336298
1336310
1336325
1336344
1336453
1336456
1336473
1336501
1336592
1336611
1336636
1336659
1336679
1336707
1336724
1336730
1336741
1336803
1336930
1336937
1337103
1337104
1337108
1337109
1337133
1337148
1337160
1337199
1337266
1337274
1337286
1337322
1337341
1337409
1337436
1337473
1337523
1337556
1337599
1337600
1337611
1337613
1337629
1337650
1337652
1337671
1337694
1337707
1337729
1337800
1337843
1337886
1337903
1337905
1337929
1337999
1338016
1338034
1338045
1338096
1338148
1338230
1338239
1338257
1338271
1338301
1338302
1338306
1338316
1338343
1338346
1338348
1338366
1338435
1338454
1338461
1338497
1338519
1338571
1338640
1338728
1338753
1338764
1338779
1338814
1338831
1338852
1338873
1338877
1338926
1338947
1338965
1338972
1339071
1339073
1339092
1339105
1339119
1339123
1339128
1339134
1339154
1339155
1339159
1339162
1339166
1339173
1339206
1339210
1339214
1339219
1339232
1339240
1339249
1339258
1339274
1339293
1339296
1339333
1339334
1339336
1339337
1339338
1339358
1339370
1339439
1339469
1339480
1339485
1339492
1339506
1339508
1339516
1339529
1339544
1339562
1339580
1339599
1339668
1339680
1339713
1339746
1339760
1339772
1339775
1339814
1339878
1339904
1339940
1339953
1340031
1340036
1340038
1340050
1340076
1340105
1340108
1340110
1340142
1340163
1340165
1340176
1340233
1340239
1340248
1340252
1340264
1340269
1340298
1340317
1340332
1340367
1340374
1340452
1340512
1340571
1340573
1340602
1340604
1340664
1340692
1340698
1340703
1340727
1340731
1340761
1340770
1340774
1340789
1340790
1340792
1340793
1340799
1340815
1340837
1340898
1340899
1340906
1340907
1340946
1340980
1341009
1341023
1341026
1341031
1341032
1341041
1341070
1341101
1341102
1341130
1341133
1341162
1341178
1341282
1341284
1341327
1341355
1341396
1341397
1341400
1341401
1341432
1341437
1341451
1341488
1341500
1341502
1341556
1341570
1341585
1341634
1341653
1341659
1341660
1341669
1341690
1341701
1341714
1341718
1341751
1341791
1341854
1341862
1341870
1341953
1341954
1342018
1342079
1342096
1342107
1342125
1342177
1342192
1342212
1342227
1342250
1342285
1342299
1342326
1342333
1346405
1346452
1346464
1346487
1346554
1346557
1346637
1346645
1346647
1346688
1350499
1350816
1350823
1351037
1351100
1351104
1351112
1351115
1351188
1351313
1351384
1351591
1351628
1351651
1351660
1351688
1351711
1351758
1351825
1351896
1351919
1352034
1352037
1352044
1352071
1352102
1352150
1352152
1352168
1352251
1352253
1352257
1352272
1352369
1352374
1352378
1352407
1352420
1352445
1352454
1352496
1352510
1352600
1352660
1352774
1352777
1352823
1352858
1352860
1352866
1352874
1352894
1352922
1352952
1352960
1352962
1352992
1353012
1353013
1353018
1353029
1353044
1353058
1353066
1353082
1353083
1353114
1353117
1353143
1353167
1353216
1353226
1353235
1353251
1353262
1353282
1353287
1353328
1353333
1353339
1353352
1353372
1353377
1353385
1353401
1353422
1353430
1353439
1353449
1353450
1353556
1353560
1353564
1353585
1353610
1353701
1353766
1353771
1353776
1353780
1353815
1353823
1353839
1353860
1353946
1353970
1353989
1354000
1354031
1354042
1354045
1354047
1354065
1354072
1354080
1354087
1354189
1354193
1354282
1354424
1354433
1354436
1354441
1354458
1354464
1354556
1354612
1354625
1354627
1354633
1354700
1354756
1354758
1354761
1354762
1354783
1354784
1354791
1354803
1354805
1354814
1354816
1354823
1354827
1354829
1354831
1354834
1354840
1354842
1354844
1354848
1354854
1354862
1354878
1354885
1354899
1354901
1354903
1354905
1354910
1354925
1354935
1354988
1355019
1355085
1355115
1355126
1355140
1355144
1355145
1355147
1355159
1355178
1355180
1355184
1355187
1355197
1355199
1355204
1355205
1355208
1355211
1355217
1355235
1355242
1355247
1355270
1355271
1355273
1355282
1355286
1355297
1355307
1355324
1355326
1355419
1355452
1355458
1355551
1355581
1355583
1355634
1355650
1355654
1355673
1355688
1355692
1355695
1355696
1355698
1355712
1355763
1355839
1355841
1355862
1355866
1355869
1355873
1355891
1355950
1355968
1355979
1355983
1355994
1356049
1356050
1356053
1356143
1356146
1356154
1356160
1356232
1356236
1356241
1356264
1356281
1356290
1356296
1356302
1356334
1356347
1356353
1356355
1356356
1356360
1356391
1356399
1356414
1356438
1356440
1356449
1356563
1356581
1356643
1356666
1356676
1356684
1356690
1356699
1356705
1356745
1356772
1356774
1356791
1356794
1356802
1356807
1356817
1356818
1356820
1356823
1356827
1356831
1356867
1356907
1356917
1356922
1356926
1356928
1356931
1356947
1357008
1357037
1357056
1357075
1357083
1357085
1357119
1357129
1357161
1357181
1357190
1357191
1357199
1357240
1357246
1357302
1357327
1357336
1357341
1357365
1357372
1357411
1357412
1357415
1357426
1357524
1357613
1357614
1357616
1357663
1357664
1357666
1357668
1357669
1357670
1357671
1357675
1357676
1357679
1357681
1357684
1357687
1357690
1357693
1357694
1357696
1357724
1357741
1357769
1357771
1357777
1357778
1357782
1357904
1357912
1357933
1357945
1357952
1357954
1357967
1358027
1358042
1358115
1358118
1358120
1358122
1358123
1358127
1358128
1358137
1358148
1358149
1358152
1358173
1358210
1358226
1358255
1358287
1358329
1358347
1358399
1358407
1358411
1358437
1358510
1358519
1358532
1358668
1358684
1358726
1358748
1358787
1358847
1358888
1358909
1358999
1359013
1359023
1359099
1359104
1359117
1359182
1359185
1359216
1359305
1359340
1359350
1359353
1359373
1359376
1359482
1359555
1359570
1359613
1359651
1359655
1359665
1359685
1359731
1359767
1359781
1359790
1359819
1359905
1359910
1359914
1359959
1359977
1360045
1360055
1360072
1360139
1360142
1360144
1360191
1360217
1360313
1360318
1360380
1360388
1360425
1360459
1360469
1360489
1360501
1360565
1360612
1360636
1360679
1360771
1360799
1360860
1361007
1361044
1361057
1361072
1361083
1361086
1361115
1361128
1361183
1361209
1361249
1361292
1361298
1361305
1361326
1361342
1361372
1361397
1361490
1361515
1361582
1361605
1361641
1361691
1361710
1361722
1361731
1361740
1361782
1361806
1361852
1361938
1361975
1362052
1362063
1362123
1362225
1362251
1362262
1362266
1362270
1362282
1362285
1362288
1362315
1362319
1362348
1362364
1362410
1362416
1362422
1362426
1362472
1362500
1362514
1362527
1362538
1362557
1362575
1362578
1362738
1362739
1362790
1362869
1362905
1362947
1362981
1363000
1363008
1363020
1363021
1363027
1363036
1363037
1363058
1363143
1363163
1363173
1363224
1363235
1363246
1363270
1363273
1363284
1363286
1363304
1363381
1363383
1363387
1363435
1363461
1363470
1363475
1363479
1363481
1363484
1363487
1363503
1363525
1363526
1363531
1363534
1363600
1363620
1363662
1363688
1363693
1363710
1363745
1363776
1363782
1363818
1363881
1363946
1363999
1364016
1364019
1364022
1364036
1364080
1364084
1364096
1364107
1364117
1364168
1364173
1364184
1364235
1364239
1364295
1364300
1364308
1364340
1364399
1364407
1364408
1364438
1364519
1364528
1364560
1364570
1364607
1364616
1364638
1364671
1364725
1364756
1364829
1364835
1364882
1364893
1364953
1364964
1364977
1364992
1365007
1365029
1365046
1365083
1365094
1365149
1365165
1365168
1365209
1365229
1365233
1365273
1365293
1365327
1365358
1365428
1365436
1365453
1365479
1365483
1365487
1365496
1365498
1365512
1365516
1365520
1365521
1365582
1365584
1365594
1365603
1365614
1365699
1365702
1365725
1365731
1365736
1365740
1365742
1365751
1365788
1365794
1365799
1365819
1365822
1365835
1365840
1365843
1365853
1365863
1365865
1365876
1365887
1365922
1365928
1365940
1365946
1365953
1365973
1365975
1365991
1365992
1366025
1366082
1366140
1366142
1366178
1366182
1366210
1366222
1366232
1366236
1366237
1366238
1366242
1366282
1366327
1366329
1366332
1366335
1366342
1366344
1366345
1366346
1366373
1366377
1366445
1366459
1366475
1366502
1366548
1366580
1366582
1366593
1366639
1366741
1366746
1366748
1366763
1366818
1366819
1366822
1366854
1366858
1366860
1366868
1366912
1366955
1366967
1366973
1366975
1366976
1366977
1366979
1367043
1367045
1367084
1367085
1367108
1367125
1367138
1367145
1367189
1367212
1367218
1367245
1367246
1367250
1367277
1367335
1367338
1367344
1367348
1367382
1367384
1367405
1367416
1367437
1367441
1367447
1367451
1367453
1367490
1367514
1367518
1367532
1367551
1367556
1367563
1367591
1367597
1367617
1367650
1367652
1367653
1367693
1367712
1367761
1367763
1367765
1367781
1367792
1367856
1367876
1367878
1367884
1367898
1367908
1367922
1367933
1367958
1368089
1368107
1368114
1368125
1368172
1368213
1368231
1368241
1368245
1368259
1368264
1368274
1368279
1368300
1368314
1368492
1368494
1368515
1368517
1368520
1368522
1368569
1368621
1368702
1368713
1368734
1368769
1368821
1368854
1368940
1368953
1368954
1368965
1368972
1369051
1369074
1369099
1369137
1369152
1369156
1369172
1369175
1369182
1369229
1369298
1369348
1369386
1369397
1369414
1369432
1369467
1369472
1369482
1369522
1369548
1369549
1369566
1369568
1369618
1369656
1369690
1369726
1369733
1369739
1369744
1369745
1369749
1369785
1369816
1369828
1369844
1369852
1369872
1369887
1369901
1369903
1369909
1369912
1369918
1369928
1369935
1369942
1369946
1369953
1369985
1369988
1369991
1370035
1370087
1370127
1370287
1370400
1370424
1370429
1370461
1370478
1370491
1370496
1370534
1370572
1370612
1370651
1370658
1370704
1370712
1370740
1370782
1370918
1370944
1370951
1370980
1370984
1371010
1371026
1371033
1371044
1371050
1371075
1371085
1371096
1371129
1371158
1371172
1371227
1371256
1371267
1371272
1371273
1371278
1371282
1371327
1371328
1371340
1371351
1371357
1371360
1371364
1371431
1371491
1371534
1371609
1371628
1371643
1371646
1371650
1371654
1371759
1371762
1371770
1371781
1371791
1371792
1371804
1371815
1371819
1371829
1371837
1371850
1371858
1371874
1371903
1371909
1371925
1371948
1371989
1372003
1372005
1372026
1372027
1372037
1372102
1372160
1372196
1372210
1372240
1372260
1372273
1372292
1372404
1372432
1372435
1372452
1372458
1372462
1372481
1372590
1372605
1372620
1372629
1372634
1372645
1372678
1372687
1372692
1372707
1372745
1372792
1372793
1372852
1372853
1372908
1372937
1372947
1372952
1372953
1372963
1372966
1372967
1372972
1372978
1373004
1373016
1373019
1373078
1373085
1373102
1373103
1373105
1373106
1373113
1373116
1373122
1373173
1373187
1373198
1373249
1373250
1373276
1373338
1373377
1373402
1373409
1373425
1373434
1373445
1373461
1373509
1373542
1373556
1373562
1373563
1373694
1373704
1373716
1373722
1373725
1373726
1373741
1373749
1373760
1373761
1373780
1373849
1373854
1373876
1373899
1373915
1373921
1373933
1373957
1373982
1373984
1373985
1374005
1374061
1374067
1374068
1374096
1374127
1374157
1374185
1374221
1374230
1374284
1374285
1374294
1374351
1374353
1374356
1374358
1374361
1374373
1374386
1374389
1374408
1374454
1374457
1374462
1374469
1374481
1374485
1374490
1374493
1374509
1374515
1374532
1374550
1374583
1374585
1374586
1374587
1374588
1374590
1374593
1374613
1374615
1374618
1374622
1374623
1374626
1374631
1374637
1374642
1374645
1374672
1374684
1374747
1374767
1374769
1374770
1374774
1374791
1374804
1374884
1374924
1374929
1374940
1374951
1374973
1374990
1375049
1375054
1375061
1375064
1375067
1375072
1375092
1375109
1375113
1375123
1375135
1375136
1375161
1375163
1375165
1375210
1375224
1375226
1375236
1375238
1375272
1375351
1375380
1375382
1375383
1375389
1375394
1375395
1375402
1375416
1375458
1375460
1375462
1375482
1375497
1375560
1375587
1375612
1375646
1375648
1375696
1375708
1375711
1375715
1375716
1375718
1375720
1375722
1375731
1375736
1375762
1375770
1375799
1375831
1375840
1375848
1375880
1375891
1375895
1375903
1375908
1375985
1375989
1375995
1375999
1376011
1376046
1376048
1376122
1376128
1376132
1376150
1376188
1376224
1376233
1376237
1376363
1376369
1376391
1376395
1376400
1376403
1376404
1376405
1376413
1376425
1376427
1376435
1376442
1376443
1376445
1376456
1376488
1376496
1376504
1376545
1376575
1376585
1376636
1376648
1376661
1376668
1376677
1376681
1376727
1376732
1376740
1376742
1376748
1376764
1376782
1376786
1376788
1376820
1376833
1376845
1376847
1376884
1376894
1376908
1376922
1376925
1376945
1376965
1377008
1377028
1377042
1377064
1377152
1377166
1377175
1377197
1377207
1377262
1377310
1377311
1377314
1377336
1377341
1377344
1377357
1377358
1377363
1377368
1377373
1377378
1377381
1377383
1377387
1377389
1377392
1377395
1377413
1377490
1377499
1377505
1377573
1377607
1377640
1377651
1377655
1377666
1377670
1377684
1377690
1377692
1377696
1377699
1377705
1377709
1377722
1377726
1377754
1377755
1377783
1377882
1377925
1377936
1377937
1377940
1377941
1377944
1377961
1377969
1378014
1378017
1378038
1378053
1378068
1378080
1378084
1378130
1378262
1378266
1378344
1378345
1378417
1378428
1378450
1378478
1378516
1378520
1378531
1378553
1378621
1378622
1378645
1378646
1378695
1378757
1378771
1378781
1378793
1378820
1378838
1378854
1378886
1378917
1378955
1378972
1378997
1379005
1379039
1379057
1379077
1379079
1379113
1379243
1379249
1379261
1379290
1379322
1379372
1379384
1379393
1379411
1379447
1379450
1379460
1379480
1379485
1379486
1379490
1379522
1379526
1379538
1379557
1379570
1379578
1379602
1379606
1379608
1379615
1379632
1379645
1379650
1379651
1379656
1379670
1379693
1379697
1379699
1379701
1379708
1379716
1379718
1379731
1379737
1379745
1379857
1379879
1379940
1379959
1379961
1379976
1379981
1380009
1380055
1380078
1380085
1380088
1380157
1380163
1380165
1380210
1380269
1380279
1380283
1380305
1380308
1380332
1380419
1380423
1380427
1380433
1380460
1380463
1380468
1380496
1380499
1380510
1380519
1380545
1380585
1380619
1380632
1380643
1380752
1380774
1380800
1380819
1380827
1380845
1380847
1380850
1380861
1380868
1380870
1380879
1380892
1380896
1380899
1380907
1380925
1380927
1380928
1380930
1380931
1380935
1380936
1380938
1380941
1380942
1380943
1380947
1380948
1380960
1380998
1381002
1381036
1381049
1381071
1381087
1381104
1381139
1381143
1381216
1381217
1381222
1381225
1381244
1381277
1381299
1381317
1381320
1381323
1381334
1381400
1381413
1381446
1381465
1381519
1381534
1381579
1381588
1381600
1381635
1381645
1381656
1381659
1381660
1381669
1381671
1381677
1381688
1381720
1381795
1381816
1381878
1381887
1381901
1381951
1382125
1382163
1382180
1382194
1382206
1382208
1382220
1382259
1382272
1382274
1382279
1382296
1382309
1382321
1382331
1382352
1382363
1382386
1382397
1382472
1382508
1382536
1382553
1382556
1382583
1382594
1382605
1382609
1382632
1382661
1382675
1382710
1382798
1382802
1382804
1382832
1382837
1382873
1382884
1382888
1382895
1382912
1382918
1382939
1382946
1382950
1382975
1382978
1383028
1383054
1383064
1383100
1383154
1383178
1383192
1383197
1383207
1383208
1383235
1383245
1383259
1383270
1383294
1383303
1383313
1383321
1383323
1383327
1383330
1383337
1383345
1383346
1383352
1383353
1383362
1383404
1383425
1383426
1383427
1383437
1383438
1383467
1383535
1383557
1383577
1383612
1383620
1383632
1383673
1383676
1383677
1383795
1383806
1383813
1383816
1383830
1383832
1383834
1383841
1383843
1383845
1383936
1383955
1383991
1383998
1384040
1384133
1384139
1384145
1384180
1384202
1384206
1384213
1384254
1384258
1384302
1384323
1384328
1384336
1384354
1384356
1384360
1384361
1384377
1384504
1384581
1384598
1384614
1384623
1384653
1384655
1384727
1384751
1384784
1384798
1384858
1384870
1384912
1384951
1385033
1385045
1385139
1385143
1385146
1385156
1385169
1385201
1385231
1385298
1385312
1385322
1385379
1385389
1385494
1385573
1385663
1385721
1385756
1385770
1385796
1385803
1385818
1385821
1385830
1385848
1385865
1385897
1385913
1385950
1385963
1385966
1386033
1386039
1386044
1386069
1386111
1386115
1386125
1386179
1386217
1386228
1386238
1386245
1386252
1386411
1386433
1386451
1386458
1386467
1386493
1386507
1386598
1386725
1386734
1386778
1386827
1386836
1386858
1386872
1386914
1386931
1386934
1386946
1386947
1386988
1386991
1387000
1387011
1387023
1387034
1387107
1387112
1387146
1387150
1387255
1387265
1387267
1387269
1387279
1387325
1387411
1387421
1387424
1387450
1387485
1387560
1387580
1387581
1387599
1387617
1387642
1387667
1387679
1387700
1387716
1387762
1387860
1387887
1387891
1387918
1387945
1387955
1387979
1387980
1388009
1388030
1388040
1388046
1388050
1388064
1388088
1388111
1388129
1388193
1388224
1388238
1388263
1388284
1388300
1388302
1388303
1388324
1388330
1388336
1388366
1388368
1388380
1388434
1388439
1388443
1388491
1388513
1388524
1388529
1388542
1388571
1388574
1388595
1388608
1388615
1388633
1388664
1388764
1388771
1388776
1388779
1388783
1388799
1388808
1388824
1388873
1388930
1388950
1388969
1388989
1389009
1389032
1389085
1389158
1389239
1389295
1389316
1389323
1389362
1389384
1389451
1389502
1389514
1389525
1389539
1389540
1389551
1389641
1389646
1389655
1389673
1389688
1389710
1389731
1389739
1389763
1389769
1389772
1389773
1389792
1389861
1389881
1389906
1389931
1389940
1389942
1389945
1389968
1390002
1390022
1390069
1390168
1390171
1390175
1390227
1390233
1390237
1390251
1390299
1390390
1390417
1390451
1390482
1390497
1390520
1390555
1390563
1390583
1390591
1390675
1390819
1390826
1390841
1390906
1390910
1390922
1390975
1390977
1390980
1390983
1390997
1391014
1391047
1391099
1391103
1391118
1391149
1391153
1391181
1391182
1391183
1391198
1391250
1391253
1391275
1391294
1391328
1391355
1391394
1391456
1391464
1391478
1391490
1391511
1391551
1391648
1391650
1391667
1391690
1391707
1391780
1391800
1391817
1391838
1391841
1391847
1391895
1391899
1391923
1391930
1391939
1391962
1392056
1392095
1392110
1392146
1392150
1392180
1392235
1392337
1392362
1392392
1392426
1392452
1392454
1392456
1392522
1392630
1392666
1392668
1392690
1392702
1392774
1392790
1392833
1392898
1392930
1392934
1392940
1393015
1393019
1393056
1393081
1393147
1393163
1393225
1393233
1393326
1393344
1393382
1393397
1393398
1393429
1393444
1393449
1393484
1393497
1393557
1393564
1393569
1393570
1393578
1393601
1393614
1393624
1393652
1393676
1393702
1393713
1393727
1393729
1393798
1393810
1393811
1393836
1393838
1393874
1393879
1393881
1393883
1393889
1393895
1393898
1393905
1393929
1393939
1393942
1394063
1394066
1394068
1394097
1394119
1394125
1394147
1394153
1394178
1394193
1394213
1394227
1394239
1394262
1394336
1394340
1394348
1394349
1394360
1394394
1394439
1394469
1394484
1394486
1394524
1394548
1394566
1394568
1394592
1394629
1394697
1394709
1394724
1394730
1394809
1394825
1394846
1394863
1394908
1394910
1394926
1394941
1394955
1395006
1395028
1395031
1395032
1395033
1395037
1395041
1395068
1395083
1395087
1395110
1395111
1395126
1395127
1395133
1395209
1395211
1395213
1395245
1395248
1395249
1395261
1395286
1395341
1395396
1395413
1395424
1395449
1395464
1395614
1395630
1395649
1395668
1395694
1395697
1395736
1395787
1395815
1395824
1395839
1395841
1395899
1395945
1395949
1395988
1395994
1396014
1396038
1396079
1396080
1396101
1396105
1396113
1396152
1396159
1396179
1396249
1396266
1396272
1396307
1396323
1396341
1396343
1396375
1396390
1396391
1396539
1396549
1396558
1396566
1396581
1396619
1396632
1396682
1396687
1396691
1396693
1396694
1396695
1396696
1396702
1396706
1396708
1396710
1396711
1396715
1396719
1396726
1396730
1396742
1396801
1396819
1396869
1396873
1396909
1396916
1396928
1396961
1396963
1397001
1397006
1397013
1397034
1397092
1397103
1397111
1397120
1397155
1397188
1397215
1397220
1397238
1397245
1397246
1397248
1397262
1397337
1397340
1397378
1397440
1397450
1397481
1397483
1397487
1397492
1397498
1397504
1397506
1397513
1397562
1397577
1397589
1397597
1397667
1397700
1397721
1397742
1397765
1397766
1397911
1397934
1397937
1397989
1397990
1398008
1398009
1398014
1398015
1398037
1398053
1398067
1398074
1398104
1398105
1398127
1398128
1398146
1398158
1398170
1398203
1398223
1398232
1398235
1398244
1398285
1398291
1398292
1398308
1398309
1398367
1398416
1398418
1398512
1398554
1398564
1398572
1398583
1398591
1398601
1398616
1398650
1398669
1398709
1398713
1398734
1398736
1398742
1398758
1398778
1398787
1398788
1398811
1398829
1398841
1398848
1398867
1398903
1398904
1398943
1399001
1399011
1399060
1399072
1399123
1399131
1399139
1399157
1399159
1399186
1399208
1399263
1399316
1399325
1399351
1399356
1399384
1399426
1399444
1399457
1399559
1399573
1399580
1399589
1399626
1399731
1399733
1399763
1399806
1399822
1399932
1399969
1399993
1400000
1400005
1400029
1400039
1400079
1400082
1400089
1400097
1400122
1400149
1400158
1400184
1400254
1400274
1400365
1400491
1400492
1400499
1400500
1400504
1400524
1400581
1400656
1400711
1400719
1400746
1400754
1400761
1400763
1400814
1400837
1400838
1400850
1400869
1400879
1400890
1400927
1400929
1400940
1400964
1400971
1401024
1401052
1401065
1401114
1401158
1401194
1401200
1401207
1401244
1401261
1401267
1401357
1401367
1401376
1401415
1401433
1401453
1401579
1401602
1401615
1401657
1401667
1401711
1401715
1401722
1401875
1401876
1401887
1401904
1401927
1401939
1401958
1401974
1402183
1402192
1402208
1402213
1402225
1402249
1402291
1402353
1402358
1402407
1402410
1402416
1402503
1402538
1402655
1402694
1402698
1402706
1402768
1402783
1402886
1402887
1402892
1402949
1403029
1403097
1403098
1403156
1403180
1403256
1403261
1403263
1403272
1403314
1403322
1403347
1403434
1403447
1403450
1403461
1403468
1403469
1403471
1403475
1403522
1403559
1403571
1403628
1403639
1403764
1403835
1403874
1403907
1403993
1404017
1404018
1404089
1404133
1404180
1404242
1404325
1404401
1404402
1404424
1404535
1404560
1404586
1404593
1404615
1404639
1404673
1404696
1404705
1404713
1404715
1404783
1404791
1404794
1404821
1404933
1404972
1404978
1404982
1404989
1405031
1405033
1405091
1405093
1405094
1405096
1405099
1405100
1405101
1405106
1405109
1405111
1405114
1405115
1405130
1405140
1405156
1405163
1405182
1405195
1405233
1405257
1405328
1405360
1405377
1405492
1405503
1405562
1405586
1405602
1405639
1405651
1405657
1405660
1405670
1405688
1405701
1405713
1405714
1405733
1405737
1405738
1405742
1405803
1405851
1405878
1405879
1405880
1405881
1405945
1406073
1406088
1406127
1406129
1406132
1406137
1406155
1406253
1406266
1406269
1406289
1406356
1406369
1406372
1406390
1406434
1406476
1406485
1406492
1406519
1406521
1406522
1406534
1406539
1406540
1406543
1406552
1406584
1406614
1406636
1406661
1406699
1406714
1406722
1406738
1406744
1406746
1406754
1406761
1406769
1406792
1406800
1406850
1406885
1406886
1406890
1406905
1406909
1406943
1406987
1407039
1407041
1407050
1407051
1407053
1407054
1407056
1407058
1407062
1407064
1407066
1407068
1407093
1407094
1407100
1407125
1407128
1407278
1407297
1407315
1407378
1407393
1407407
1407426
1407454
1407456
1407467
1407496
1407574
1407579
1407582
1407589
1407616
1407631
1407715
1407743
1407764
1407778
1407858
1407861
1407870
1407884
1407890
1407938
1408027
1408076
1408208
1408231
1408257
1408324
1408336
1408389
1408390
1408410
1408493
1408558
1408612
1408614
1408666
1408765
1408815
1408827
1408843
1408844
1408847
1408854
1408861
1409027
1409041
1409053
1409179
1409187
1409213
1409223
1409378
1409388
1409423
1409476
1409489
1409536
1409632
1409633
1409782
1409829
1409850
1409867
1409876
1409877
1409886
1409902
1409942
1409955
1409960
1410067
1410070
1410094
1410112
1410117
1410121
1410134
1410193
1410243
1410274
1410275
1410280
1410282
1410360
1410380
1410399
1410429
1410448
1410537
1410549
1410622
1410693
1410773
1410820
1410879
1410935
1410959
1411059
1411089
1411090
1411093
1411095
1411111
1411152
1411165
1411187
1411189
1411237
1411274
1411353
1411389
1411393
1411454
1411492
1411506
1411520
1411533
1411588
1411606
1411616
1411621
1411625
1411766
1411824
1411855
1411880
1411927
1411929
1411944
1412002
1412041
1412075
1412090
1412169
1412171
1412206
1412210
1412238
1412338
1412342
1412395
1412405
1412415
1412448
1412460
1412515
1412517
1412533
1412537
1412547
1412598
1412603
1412610
1412648
1412761
1412802
1412826
1412880
1412917
1412938
1412940
1412951
1412961
1413003
1413005
1413025
1413035
1413038
1413041
1413109
1413160
1413208
1413213
1413323
1413331
1413334
1413358
1413382
1413424
1413434
1413448
1413493
1413504
1413510
1413519
1413537
1413560
1413571
1413584
1413634
1413643
1413696
1413697
1413725
1413726
1413788
1413793
1413798
1413824
1413846
1413853
1413879
1413897
1413910
1414040
1414243
1414304
1414305
1414344
1414345
1414446
1414469
1414482
1414489
1414506
1414507
1414530
1414577
1414578
1414607
1414626
1414628
1414630
1414631
1414632
1414671
1414676
1414677
1414687
1414708
1414714
1414719
1414735
1414749
1414762
1414868
1415064
1415119
1415154
1415189
1415207
1415228
1415264
1415333
1415382
1415396
1415439
1415482
1415505
1415513
1415537
1415574
1415582
1415595
1415622
1415645
1415648
1415653
1415656
1415664
1415665
1415690
1415731
1415745
1415747
1415752
1415803
1415872
1415946
1415976
1415990
1416031
1416036
1416042
1416053
1416054
1416067
1416103
1416131
1416162
1416176
1416194
1416196
1416283
1416310
1416328
1416367
1416479
1416517
1416534
1416553
1416559
1416571
1416574
1416615
1416632
1416635
1416672
1416694
1416731
1416758
1416864
1416897
1416925
1416951
1416976
1416979
1417030
1417052
1417057
1417120
1417136
1417260
1417270
1417273
1417285
1417289
1417329
1417344
1417453
1417478
1417490
1417498
1417520
1417541
1417545
1417560
1417569
1417580
1417605
1417614
1417634
1417636
1417676
1417681
1417683
1417698
1417712
1417714
1417736
1417796
1417816
1417904
1417922
1418047
1418077
1418114
1418147
1418169
1418187
1418193
1418195
1418280
1418289
1418292
1418302
1418305
1418308
1418336
1418444
1418450
1418456
1418464
1418469
1418600
1418657
1418710
1418715
1418725
1418732
1418736
1418759
1418793
1418806
1418835
1418864
1418873
1418879
1418942
1418967
1418978
1418982
1418989
1419019
1419025
1419027
1419034
1419036
1419105
1419125
1419142
1419183
1419224
1419229
1419232
1419239
1419247
1419257
1419274
1419296
1419322
1419341
1419342
1419390
1419413
1419440
1419454
1419539
1419551
1419584
1419585
1419602
1419643
1419654
1419694
1419726
1419727
1419733
1419735
1419806
1419821
1419863
1419876
1419903
1419942
1420041
1420048
1420113
1420176
1420249
1420291
1420331
1420357
1420501
1420593
1420659
1420660
1420688
1420690
1420705
1420729
1420733
1420744
1420764
1420765
1420780
1420805
1420817
1420818
1420841
1420850
1420871
1420896
1420921
1420952
1420991
1421019
1421023
1421026
1421084
1421148
1421158
1421160
1421183
1421200
1421306
1421331
1421406
1421414
1421497
1421515
1421551
1421634
1421653
1421687
1421744
1421764
1421768
1421777
1421783
1421786
1421789
1421794
1421797
1421801
1421804
1421805
1421806
1421809
1421811
1421831
1421865
1421881
1421903
1421926
1422011
1422052
1422096
1422098
1422120
1422162
1422177
1422195
1422215
1422217
1422294
1422316
1422490
1422495
1422501
1422508
1422510
1422521
1422536
1422539
1422558
1422592
1422679
1422683
1422688
1422706
1422708
1422754
1422762
1422770
1422848
1422949
1422966
1422972
1422975
1422976
1422985
1422993
1423034
1423052
1423103
1423107
1423162
1423184
1423191
1423192
1423203
1423237
1423253
1423283
1423319
1423386
1423420
1423460
1423515
1423519
1423549
1423553
1423560
1423577
1423603
1423612
1423613
1423701
1423721
1423734
1423756
1423775
1423783
1423836
1423901
1423964
1424001
1424007
1424018
1424028
1424031
1424033
1424059
1424086
1424114
1424167
1424169
1424342
1424391
1424401
1424523
1424540
1424553
1424567
1424618
1424699
1424738
1424752
1424783
1424792
1424808
1424817
1424826
1424849
1424875
1424881
1424883
1424906
1424931
1424947
1424950
1424954
1424986
1425010
1425031
1425040
1425050
1425095
1425192
1425279
1425300
1425323
1425363
1425371
1425382
1425466
1425503
1425504
1425508
1425577
1425714
1425728
1425734
1425735
1425746
1425782
1425840
1425843
1425874
1425891
1425895
1425903
1425913
1425936
1425960
1425985
1426110
1426146
1426169
1426263
1426297
1426356
1426364
1426394
1426427
1426489
1426514
1426596
1426600
1426628
1426658
1426663
1426699
1426719
1426755
1426822
1426880
1426881
1426905
1426909
1426912
1426927
1426939
1426971
1427031
1427046
1427081
1427092
1427153
1427169
1427180
1427189
1427194
1427197
1427217
1427223
1427234
1427267
1427273
1427322
1427392
1427448
1427453
1427458
1427468
1427478
1427504
1427507
1427515
1427529
1427537
1427541
1427724
1427726
1427727
1427737
1427738
1427754
1427755
1427803
1427902
1427917
1427968
1428003
1428060
1428068
1428108
1428121
1428189
1428191
1428221
1428274
1428276
1428277
1428330
1428428
1428455
1428456
1428469
1428514
1428524
1428528
1428543
1428560
1428567
1428571
1428606
1428690
1428730
1428752
1428766
1428817
1428879
1428884
1428948
1428968
1428988
1428990
1428992
1429099
1429104
1429153
1429174
1429175
1429204
1429221
1429226
1429248
1429283
1429368
1429383
1429412
1429424
1429429
1429438
1429439
1429441
1429442
1429444
1429445
1429448
1429453
1429456
1429473
1429644
1429688
1429726
1429744
1429763
1429765
1429773
1429784
1429788
1429853
1429866
1430018
1430059
1430061
1430077
1430303
1430326
1430327
1430332
1430344
1430418
1430527
1430536
1430589
1430594
1430618
1430640
1430643
1430698
1430767
1430783
1430805
1430814
1430892
1430915
1430927
1430943
1430958
1430974
1431002
1431039
1431053
1431079
1431114
1431177
1431179
1431183
1431186
1431247
1431265
1431268
1431276
1431288
1431290
1431298
1431376
1431380
1431398
1431406
1431446
1431471
1431511
1431516
1431530
1431539
1431547
1431559
1431596
1431631
1431658
1431675
1431750
1431862
1431879
1431890
1432050
1432130
1432132
1432204
1432235
1432252
1432266
1432291
1432306
1432362
1432441
1432448
1432451
1432457
1432462
1432466
1432516
1432522
1432525
1432526
1432527
1432530
1432531
1432533
1432535
1432538
1432578
1432675
1432699
1432706
1432720
1432726
1432769
1432794
1432844
1432908
1432968
1433015
1433027
1433034
1433035
1433055
1433098
1433114
1433124
1433135
1433247
1433250
1433258
1433273
1433321
1433346
1433354
1433369
1433427
1433445
1433461
1433466
1433497
1433545
1433553
1433568
1433569
1433659
1433665
1433670
1433722
1433723
1433750
1433802
1433807
1433808
1433809
1433836
1433843
1433853
1433855
1433865
1433872
1433873
1433882
1433883
1433889
1433895
1433898
1433901
1433907
1433913
1433923
1433939
1433954
1433963
1433965
1433966
1433967
1433985
1434001
1434036
1434044
1434064
1434161
1434162
1434191
1434199
1434208
1434226
1434332
1434351
1434379
1434383
1434397
1434401
1434418
1434426
1434447
1434449
1434454
1434467
1434482
1434507
1434546
1434552
1434556
1434572
1434581
1434583
1434635
1434721
1434776
1434801
1434864
1434901
1434913
1434988
1434997
1435018
1435032
1435068
1435103
1435136
1435172
1435183
1435251
1435387
1435401
1435408
1435474
1435540
1435542
1435545
1435548
1435549
1435583
1435585
1435657
1435731
1435755
1435802
1435836
1435878
1435886
1435888
1435898
1435949
1435971
1435977
1435979
1435980
1436013
1436015
1436038
1436050
1436067
1436105
1436136
1436163
1436194
1436210
1436214
1436224
1436243
1436264
1436270
1436271
1436276
1436295
1436348
1436375
1436384
1436396
1436483
1436507
1436517
1436539
1436557
1436559
1436561
1436569
1436573
1436609
1436618
1436668
1436678
1436699
1436720
1436781
1436786
1436797
1436824
1436835
1436840
1436914
1436932
1436953
1436970
1436988
1436994
1436997
1437004
1437034
1437035
1437116
1437118
1437147
1437166
1437233
1437315
1437390
1437414
1437479
1437546
1437550
1437567
1437585
1437586
1437589
1437614
1437617
1437655
1437704
1437710
1437758
1437763
1437808
1437850
1437879
1437941
1437958
1438013
1438016
1438030
1438079
1438088
1438109
1438128
1438205
1438207
1438278
1438301
1438316
1438319
1438339
1438412
1438419
1438468
1438494
1438534
1438719
1438732
1438735
1438752
1438761
1438780
1438790
1438806
1438812
1438842
1438883
1438886
1438941
1438996
1439006
1439007
1439061
1439115
1439128
1439145
1439182
1439238
1439283
1439327
1439361
1439385
1439404
1439412
1439423
1439425
1439434
1439438
1439486
1439597
1439604
1439640
1439648
1439692
1439742
1439747
1439759
1439773
1439804
1439870
1439881
1439924
1439929
1439932
1439949
1439954
1439960
1439963
1439989
1440063
1440087
1440100
1440129
1440137
1440172
1440176
1440182
1440194
1440226
1440229
1440246
1440265
1440269
1440271
1440298
1440321
1440427
1440461
1440487
1440529
1440641
1440646
1440682
1440732
1440790
1440805
1440822
1440853
1440858
1440859
1440895
1440905
1440917
1440937
1440988
1441003
1441008
1441049
1441137
1441154
1441189
1441202
1441252
1441280
1441287
1441305
1441307
1441312
1441332
1441348
1441394
1441434
1441451
1441486
1441492
1441516
1441518
1441527
1441551
1441587
1441669
1441718
1441734
1441786
1441885
1441909
1441918
1441945
1441963
1441969
1441978
1442006
1442014
1442044
1442054
1442070
1442085
1442091
1442103
1442106
1442123
1442167
1442207
1442287
1442306
1442361
1442366
1442367
1442370
1442371
1442386
1442450
1442515
1442537
1442553
1442570
1442691
1442704
1442705
1442754
1442776
1442787
1442816
1442818
1442849
1442878
1442912
1442954
1442990
1442992
1442994
1442997
1442999
1443005
1443084
1443087
1443096
1443098
1443124
1443135
1443207
1443218
1443228
1443248
1443259
1443260
1443265
1443276
1443311
1443362
1443424
1443453
1443485
1443582
1443615
1443654
1443683
1443736
1443768
1443832
1443894
1443900
1443948
1443966
1444064
1444084
1444148
1444172
1444194
1444203
1444232
1444302
1444314
1444316
1444319
1444338
1444358
1444376
1444382
1444510
1444547
1444559
1444573
1444614
1444683
1444697
1444747
1444766
1444780
1444783
1444800
1444819
1444891
1444973
1444992
1445044
1445056
1445058
1445130
1445133
1445143
1445148
1445184
1445198
1445218
1445246
1445259
1445308
1445314
1445379
1445428
1445430
1445436
1445446
1445456
1445537
1445550
1445557
1445559
1445566
1445585
1445676
1445682
1445698
1445775
1445777
1445802
1445808
1445818
1445834
1445928
1445945
1445968
1446066
1446078
1446189
1446212
1446261
1446271
1446297
1446390
1446416
1446417
1446447
1446450
1446474
1446485
1446497
1446499
1446510
1446523
1446525
1446590
1446658
1446676
1446692
1446731
1446762
1446765
1446781
1446783
1446787
1446808
1446829
1446830
1446879
1446895
1446900
1446928
1446958
1446995
1447000
1447006
1447011
1447030
1447032
1447063
1447159
1447160
1447217
1447238
1447251
1447277
1447316
1447398
1447413
1447416
1447426
1447427
1447436
1447446
1447484
1447506
1447526
1447559
1447643
1447697
1447843
1447851
1447877
1447925
1447932
1448001
1448003
1448065
1448106
1448123
1448139
1448145
1448353
1448393
1448401
1448428
1448430
1448600
1448662
1448676
1448812
1448910
1448938
1448943
1448951
1448991
1449059
1449064
1449117
1449143
1449147
1449160
1449204
1449226
1449280
1449292
1449293
1449294
1449295
1449298
1449301
1449305
1449308
1449311
1449314
1449316
1449319
1449320
1449337
1449364
1449406
1449413
1449497
1449499
1449517
1449594
1449610
1449632
1449636
1449641
1449648
1449744
1449746
1449753
1449771
1449811
1449826
1449833
1449893
1449934
1449970
1449972
1449984
1449987
1450008
1450012
1450022
1450043
1450053
1450150
1450208
1450216
1450223
1450235
1450236
1450313
1450340
1450401
1450404
1450437
1450470
1450477
1450509
1450527
1450605
1450635
1450678
1450683
1450684
1450704
1450730
1450799
1450808
1450816
1450861
1450881
1450899
1450911
1450940
1450953
1450986
1451039
1451050
1451058
1451061
1451086
1451098
1451101
1451103
1451156
1451157
1451211
1451238
1451290
1451304
1451311
1451322
1451324
1451326
1451329
1451335
1451338
1451359
1451398
1451411
1451499
1451516
1451524
1451542
1451543
1451555
1451570
1451588
1451624
1451651
1451772
1451973
1451975
1452003
1452027
1452029
1452049
1452064
1452081
1452090
1452133
1452163
1452171
1452172
1452176
1452184
1452248
1452256
1452289
1452306
1452442
1452443
1452523
1452529
1452609
1452646
1452656
1452657
1452659
1452662
1452668
1452725
1452727
1452734
1452735
1452743
1452767
1452769
1452770
1452846
1452879
1452913
1452944
1453001
1453105
1453109
1453201
1453245
1453251
1453269
1453271
1453328
1453411
1453447
1453470
1453488
1453490
1453494
1453509
1453520
1453532
1453542
1453554
1453561
1453569
1453577
1453583
1453587
1453590
1453594
1453597
1453602
1453610
1453614
1453615
1453624
1453644
1453645
1453660
1453662
1453704
1453705
1453709
1453725
1453729
1453740
1453821
1453885
1453939
1453950
1453953
1453962
1453968
1453972
1454032
1454046
1454065
1454074
1454100
1454102
1454133
1454155
1454169
1454188
1454210
1454217
1454292
1454295
1454368
1454379
1454424
1454574
1454601
1454602
1454666
1454667
1454682
1454741
1454757
1454768
1454778
1454790
1454797
1454805
1454810
1454859
1454884
1454890
1454898
1454906
1455066
1455078
1455080
1455116
1455167
1455183
1455203
1455238
1455243
1455254
1455256
1455264
1455303
1455315
1455383
1455509
1455589
1455612
1455624
1455634
1455683
1455746
1455792
1455816
1455845
1455870
1455878
1455996
1456078
1456104
1456116
1456124
1456131
1456138
1456146
1456224
1456229
1456238
1456255
1456363
1456370
1456423
1456428
1456452
1456458
1456509
1456583
1456587
1456594
1456596
1456603
1456615
1456623
1456631
1456638
1456643
1456645
1456651
1456658
1456710
1456779
1456812
1456865
1456918
1456954
1456994
1457000
1457029
1457104
1457131
1457290
1457318
1457361
1457400
1457403
1457425
1457483
1457576
1457604
1457622
1457625
1457628
1457642
1457700
1457717
1457719
1457736
1457768
1457790
1457803
1457820
1457845
1457859
1457882
1457885
1457908
1457931
1457932
1457984
1458059
1458097
1458126
1458129
1458134
1458170
1458180
1458191
1458199
1458222
1458246
1458255
1458257
1458267
1458297
1458309
1458329
1458369
1458387
1458416
1458541
1458570
1458579
1458600
1458602
1458624
1458625
1458627
1458702
1458711
1458713
1458740
1458855
1459137
1459218
1459306
1459369
1459402
1459412
1459433
1459494
1459520
1459576
1459608
1459612
1459725
1459792
1459802
1459803
1459830
1459933
1459937
1459950
1460088
1460134
1460141
1460145
1460146
1460162
1460173
1460188
1460189
1460198
1460221
1460244
1460265
1460267
1460308
1460354
1460364
1460419
1460565
1460572
1460576
1460589
1460641
1460652
1460660
1460668
1460689
1460702
1460778
1460815
1460845
1460862
1460863
1460905
1460961
1460973
1460977
1460980
1460989
1461042
1461061
1461091
1461099
1461114
1461115
1461141
1461182
1461207
1461211
1461244
1461254
1461260
1461275
1461311
1461315
1461414
1461469
1461562
1461601
1461628
1461677
1461690
1461691
1461745
1461752
1461799
1461823
1461830
1461870
1461922
1461933
1461968
1462010
1462042
1462063
1462074
1462104
1462136
1462224
1462233
1462303
1462379
1462380
1462384
1462405
1462437
1462450
1462489
1462566
1462591
1462620
1462648
1462651
1462657
1462736
1462822
1462855
1462861
1462899
1462914
1462950
1462960
1462984
1463017
1463076
1463102
1463113
1463135
1463205
1463265
1463402
1463434
1463458
1463518
1463552
1463567
1463594
1463609
1463617
1463620
1463625
1463631
1463635
1463644
1463649
1463681
1463700
1463778
1463815
1463833
1463868
1463960
1463971
1464013
1464019
1464025
1464075
1464126
1464150
1464172
1464183
1464246
1464258
1464283
1464292
1464313
1464339
1464366
1464401
1464438
1464606
1464610
1464683
1464715
1464773
1464992
1465025
1465044
1465074
1465078
1465117
1465119
1465136
1465154
1465155
1465176
1465188
1465259
1465296
1465351
1465394
1465428
1465439
1465500
1465507
1465516
1465556
1465562
1465565
1465594
1465632
1465639
1465646
1465651
1465652
1465673
1465682
1465700
1465707
1465708
1465774
1465811
1465837
1465842
1465855
1465857
1465860
1465885
1465911
1465917
1465986
1466060
1466119
1466122
1466131
1466169
1466172
1466236
1466259
1466320
1466328
1466333
1466392
1466397
1466423
1466456
1466671
1466677
1466733
1466747
1466771
1466796
1466829
1466841
1466894
1466920
1466936
1466978
1467110
1467238
1467243
1467276
1467288
1467296
1467302
1467378
1467391
1467408
1467468
1467476
1467490
1467528
1467536
1467548
1467563
1467583
1467612
1467633
1467634
1467660
1467692
1467704
1467759
1467821
1467848
1467854
1467886
1467936
1467951
1467997
1468002
1468004
1468017
1468029
1468043
1468104
1468107
1468113
1468167
1468169
1468199
1468203
1468291
1468298
1468320
1468349
1468351
1468383
1468394
1468417
1468422
1468435
1468451
1468599
1468604
1468706
1468749
1468777
1468801
1468820
1468846
1468874
1468882
1468922
1468935
1468983
1469026
1469060
1469085
1469170
1469172
1469177
1469222
1469225
1469229
1469274
1469342
1469344
1469428
1469429
1469434
1469440
1469499
1469544
1469570
1469635
1469701
1469761
1469823
1469839
1469930
1470031
1470035
1470080
1470130
1470140
1470150
1470164
1470173
1470178
1470193
1470200
1470269
1470309
1470338
1470353
1470374
1470377
1470378
1470414
1470424
1470425
1470474
1470480
1470561
1470684
1470736
1470772
1470777
1470809
1470820
1470826
1470829
1470843
1470850
1470867
1470899
1470963
1470971
1470975
1471061
1471091
1471107
1471108
1471132
1471163
1471251
1471317
1471333
1471356
1471384
1471385
1471389
1471402
1471447
1471468
1471481
1471525
1471526
1471546
1471598
1471626
1471692
1471737
1471741
1471742
1471795
1471805
1471838
1471877
1471922
1471934
1471938
1471941
1471947
1471951
1471959
1472005
1472020
1472024
1472037
1472069
1472078
1472174
1472210
1472212
1472248
1472268
1472278
1472316
1472341
1472364
1472410
1472419
1472421
1472425
1472426
1472449
1472467
1472474
1472497
1472510
1472575
1472678
1472706
1472750
1472776
1472777
1472816
1472885
1472922
1472939
1473004
1473013
1473023
1473220
1473221
1473227
1473237
1473251
1473254
1473264
1473274
1473289
1473290
1473332
1473356
1473370
1473376
1473396
1473421
1473425
1473505
1473567
1473599
1473639
1473666
1473719
1473792
1473817
1473836
1473839
1473840
1473878
1473880
1473927
1473934
1473976
1474023
1474039
1474055
1474065
1474106
1474119
1474133
1474137
1474170
1474224
1474226
1474232
1474233
1474235
1474270
1474279
1474280
1474319
1474325
1474412
1474492
1474617
1474628
1474649
1474670
1474675
1474679
1474695
1474708
1474788
1474851
1474861
1474862
1474891
1474892
1474895
1474932
1474964
1474972
1475014
1475044
1475045
1475175
1475181
1475187
1475191
1475195
1475218
1475231
1475241
1475260
1475309
1475372
1475375
1475443
1475471
1475476
1475490
1475511
1475515
1475523
1475525
1475554
1475570
1475606
1475616
1475628
1475636
1475675
1475678
1475703
1475721
1475831
1475837
1475842
1475851
1475936
1475943
1476038
1476042
1476046
1476060
1476075
1476089
1476133
1476227
1476230
1476313
1476378
1476410
1476413
1476456
1476493
1476548
1476550
1476585
1476611
1476622
1476689
1476731
1476740
1476745
1476811
1476851
1476856
1476859
1476942
1476947
1477036
1477050
1477267
1477272
1477284
1477292
1477293
1477310
1477322
1477328
1477355
1477412
1477425
1477431
1477454
1477475
1477476
1477477
1477480
1477491
1477499
1477517
1477559
1477595
1477612
1477617
1477642
1477661
1477673
1477709
1477712
1477713
1477741
1477763
1477834
1477836
1477887
1477936
1477953
1477997
1478011
1478029
1478046
1478062
1478127
1478145
1478251
1478297
1478300
1478316
1478317
1478320
1478328
1478347
1478348
1478399
1478423
1478501
1478530
1478531
1478538
1478543
1478574
1478581
1478593
1478611
1478669
1478683
1478694
1478718
1478811
1478826
1478848
1478877
1478883
1478905
1478908
1478939
1478978
1479021
1479024
1479025
1479027
1479093
1479116
1479127
1479143
1479197
1479208
1479309
1479319
1479321
1479354
1479371
1479541
1479632
1479723
1479804
1479836
1479846
1479879
1479922
1479981
1480015
1480024
1480075
1480129
1480140
1480147
1480156
1480165
1480169
1480191
1480207
1480221
1480230
1480243
1480271
1480276
1480292
1480301
1480302
1480359
1480364
1480387
1480415
1480494
1480516
1480613
1480615
1480617
1480645
1480663
1480674
1480676
1480739
1480752
1480785
1480809
1480886
1480893
1480927
1480945
1480952
1480980
1481010
1481017
1481043
1481083
1481145
1481149
1481164
1481165
1481209
1481272
1481300
1481324
1481329
1481331
1481338
1481343
1481379
1481393
1481398
1481520
1481535
1481568
1481603
1481608
1481626
1481630
1481674
1481676
1481684
1481687
1481724
1481732
1481793
1481797
1481798
1481922
1481943
1481946
1481954
1482070
1482078
1482089
1482103
1482173
1482202
1482237
1482242
1482257
1482328
1482342
1482368
1482371
1482376
1482378
1482389
1482399
1482418
1482441
1482445
1482558
1482573
1482596
1482745
1482801
1482839
1482886
1482888
1482926
1482933
1482949
1483020
1483032
1483068
1483116
1483133
1483181
1483207
1483231
1483249
1483251
1483267
1483276
1483306
1483428
1483461
1483499
1483559
1483599
1483605
1483613
1483618
1483633
1483644
1483661
1483718
1483743
1483751
1483776
1483851
1483882
1483888
1483925
1483926
1483948
1483949
1483971
1483974
1484061
1484062
1484136
1484162
1484218
1484256
1484291
1484294
1484303
1484304
1484338
1484344
1484345
1484350
1484387
1484432
1484439
1484461
1484490
1484506
1484513
1484567
1484625
1484627
1484630
1484633
1484636
1484638
1484672
1484694
1484716
1484731
1484760
1484783
1484827
1484840
1484854
1484932
1484947
1484954
1484965
1484970
1484971
1485025
1485051
1485067
1485073
1485104
1485138
1485145
1485169
1485180
1485188
1485193
1485241
1485247
1485255
1485267
1485274
1485282
1485370
1485372
1485379
1485381
1485382
1485446
1485469
1485481
1485502
1485519
1485535
1485576
1485594
1485614
1485616
1485629
1485821
1485835
1485846
1485864
1485886
1485934
1486020
1486071
1486113
1486216
1486256
1486282
1486293
1486302
1486307
1486323
1486332
1486392
1486396
1486397
1486404
1486430
1486442
1486475
1486505
1486557
1486608
1486627
1486633
1486665
1486685
1486752
1486860
1486872
1486874
1486884
1486899
1486901
1486952
1487013
1487079
1487100
1487113
1487151
1487164
1487189
1487210
1487261
1487267
1487289
1487333
1487348
1487394
1487435
1487441
1487445
1487455
1487464
1487474
1487488
1487491
1487502
1487521
1487547
1487643
1487649
1487650
1487673
1487685
1487691
1487700
1487707
1487753
1487800
1488016
1488091
1488099
1488121
1488228
1488236
1488238
1488269
1488284
1488314
1488360
1488379
1488488
1488497
1488499
1488576
1488608
1488691
1488727
1488753
1488756
1488759
1488760
1488771
1488773
1488804
1488854
1488880
1488896
1488903
1488960
1489013
1489052
1489109
1489114
1489202
1489261
1489275
1489313
1489328
1489345
1489353
1489355
1489362
1489389
1489407
1489462
1489489
1489505
1489522
1489597
1489662
1489665
1489681
1489729
1489732
1489733
1489748
1489758
1489789
1489825
1489832
1489860
1489898
1489931
1489934
1489983
1489999
1490000
1490007
1490070
1490081
1490113
1490333
1490341
1490349
1490355
1490449
1490464
1490514
1490665
1490689
1490756
1490826
1490959
1490976
1490997
1491011
1491038
1491040
1491081
1491082
1491092
1491093
1491211
1491232
1491265
1491273
1491303
1491321
1491332
1491333
1491338
1491400
1491427
1491436
1491449
1491563
1491591
1491621
1491625
1491692
1491755
1491756
1491769
1491785
1491897
1491913
1492013
1492028
1492097
1492149
1492155
1492205
1492213
1492280
1492360
1492380
1492402
1492429
1492472
1492506
1492542
1492566
1492613
1492616
1492629
1492635
1492655
1492659
1492769
1492779
1492853
1492866
1492870
1492949
1492972
1493090
1493103
1493129
1493132
1493182
1493223
1493225
1493266
1493296
1493303
1493306
1493308
1493314
1493355
1493378
1493388
1493393
1493425
1493460
1493585
1493590
1493598
1493612
1493616
1493744
1493853
1493897
1493906
1493908
1493966
1493990
1494048
1494060
1494066
1494100
1494113
1494164
1494176
1494215
1494221
1494242
1494294
1494303
1494424
1494594
1494600
1494605
1494614
1494630
1494641
1494654
1494715
1494716
1494779
1494794
1494854
1494945
1495013
1495032
1495039
1495041
1495045
1495071
1495087
1495115
1495147
1495148
1495162
1495184
1495185
1495188
1495203
1495209
1495253
1495287
1495420
1495444
1495590
1495638
1495698
1495699
1495716
1495718
1495749
1495762
1495778
1495795
1495816
1495908
1495933
1495948
1495957
1495971
1496002
1496012
1496043
1496058
1496112
1496128
1496137
1496144
1496150
1496151
1496157
1496161
1496165
1496168
1496171
1496291
1496352
1496354
1496388
1496391
1496425
1496428
1496450
1496476
1496506
1496519
1496532
1496542
1496557
1496558
1496560
1496622
1496656
1496674
1496696
1496707
1496829
1496843
1496863
1496874
1496950
1496952
1496972
1496989
1497008
1497031
1497077
1497080
1497105
1497113
1497128
1497135
1497151
1497160
1497289
1497301
1497315
1497348
1497389
1497397
1497410
1497437
1497461
1497465
1497473
1497520
1497535
1497576
1497618
1497636
1497730
1497744
1497756
1497764
1497793
1497801
1497871
1497883
1497961
1497977
1498024
1498045
1498065
1498070
1498218
1498253
1498287
1498438
1498449
1498452
1498503
1498551
1498625
1498631
1498649
1498718
1498741
1498745
1498758
1498769
1498772
1498777
1498782
1498854
1498858
1498933
1498935
1498936
1498937
1498938
1498950
1498960
1499034
1499057
1499074
1499088
1499144
1499186
1499220
1499297
1499303
1499312
1499319
1499348
1499363
1499466
1499469
1499489
1499555
1499583
1499587
1499590
1499591
1499602
1499608
1499612
1499668
1499675
1499746
1499756
1499796
1499799
1499821
1499837
1499847
1499853
1499856
1499860
1499865
1499872
1499878
1499885
1499886
1499890
1499898
1499905
1499912
1499918
1499927
1499962
1499964
1499969
1500003
1500009
1500111
1500125
1500156
1500160
1500161
1500162
1500166
1500171
1500183
1500187
1500199
1500238
1500268
1500289
1500291
1500292
1500340
1500357
1500367
1500377
1500383
1500396
1500401
1500421
1500442
1500455
1500505
1500515
1500517
1500610
1500612
1500667
1500671
1500686
1500692
1500694
1500748
1500768
1500774
1500788
1500844
1500883
1500890
1500908
1500943
1500948
1500975
1500978
1500983
1500993
1501036
1501055
1501068
1501105
1501119
1501124
1501126
1501220
1501352
1501370
1501397
1501464
1501468
1501477
1501480
1501486
1501498
1501572
1501578
1501622
1501624
1501787
1501813
1501879
1501953
1501965
1501973
1502057
1502079
1502117
1502215
1502234
1502237
1502304
1502346
1502362
1502363
1502367
1502371
1502447
1502462
1502480
1502488
1502491
1502555
1502559
1502597
1502607
1502619
1502683
1502749
1502775
1502814
1502828
1502830
1502842
1502885
1502939
1502943
1502985
1502994
1502997
1503002
1503003
1503113
1503195
1503234
1503245
1503329
1503366
1503383
1503384
1503386
1503390
1503399
1503469
1503486
1503518
1503552
1503559
1503624
1503626
1503631
1503641
1503643
1503648
1503667
1503709
1503726
1503740
1503778
1503832
1503900
1503911
1503917
1503923
1503932
1503954
1503957
1503967
1504054
1504070
1504156
1504168
1504200
1504210
1504229
1504237
1504250
1504263
1504291
1504382
1504407
1504508
1504532
1504588
1504635
1504640
1504643
1504649
1504654
1504677
1504683
1504696
1504708
1504785
1504799
1504830
1504868
1504881
1504891
1504899
1504900
1504913
1504922
1504938
1504945
1504973
1504981
1504985
1505018
1505054
1505082
1505092
1505130
1505147
1505183
1505213
1505246
1505252
1505265
1505280
1505305
1505306
1505312
1505358
1505366
1505379
1505389
1505453
1505506
1505508
1505525
1505533
1505536
1505601
1505614
1505689
1505707
1505715
1505750
1505756
1505766
1505836
1505840
1505844
1505902
1505918
1505933
1505948
1505977
1506011
1506031
1506034
1506037
1506038
1506039
1506061
1506133
1506139
1506222
1506269
1506316
1506319
1506323
1506368
1506398
1506408
1506490
1506501
1506541
1506545
1506618
1506633
1506685
1506692
1506756
1506776
1506815
1506828
1506835
1506844
1506848
1506860
1506869
1506916
1506946
1506978
1506985
1507000
1507012
1507076
1507080
1507133
1507156
1507163
1507190
1507229
1507254
1507277
1507356
1507398
1507441
1507459
1507572
1507620
1507638
1507640
1507652
1507686
1507691
1507694
1507761
1507800
1507811
1507843
1507907
1507926
1508014
1508036
1508041
1508060
1508066
1508070
1508071
1508073
1508090
1508208
1508215
1508252
1508256
1508265
1508311
1508328
1508346
1508394
1508408
1508418
1508455
1508490
1508534
1508583
1508591
1508607
1508620
1508628
1508742
1508776
1508787
1508830
1508837
1508853
1508865
1508882
1509006
1509024
1509057
1509070
1509120
1509121
1509137
1509154
1509197
1509235
1509298
1509351
1509401
1509421
1509425
1509428
1509456
1509461
1509548
1509567
1509626
1509627
1509630
1509638
1509677
1509765
1509846
1509953
1509987
1509993
1509997
1510007
1510042
1510063
1510139
1510207
1510209
1510252
1510253
1510260
1510332
1510338
1510423
1510447
1510451
1510462
1510552
1510606
1510609
1510652
1510669
1510672
1510675
1510696
1510736
1510739
1510745
1510759
1510795
1510823
1510834
1510951
1510954
1511035
1511111
1511135
1511163
1511273
1511397
1511423
1511424
1511505
1511513
1511534
1511553
1511564
1511590
1511600
1511693
1511695
1511727
1511789
1511793
1511794
1511801
1511870
1511873
1511898
1511903
1511906
1511908
1511911
1511946
1511995
1512008
1512010
1512013
1512016
1512023
1512024
1512086
1512221
1512231
1512274
1512293
1512323
1512342
1512346
1512370
1512385
1512432
1512437
1512454
1512456
1512459
1512461
1512468
1512492
1512530
1512580
1512581
1512648
1512651
1512656
1512664
1512728
1512747
1512796
1512857
1512881
1513016
1513029
1513052
1513064
1513136
1513294
1513362
1513400
1513466
1513474
1513493
1513523
1513607
1513636
1513650
1513656
1513664
1513731
1513925
1513983
1514019
1514026
1514034
1514057
1514063
1514090
1514116
1514122
1514130
1514166
1514208
1514212
1514238
1514246
1514250
1514338
1514360
1514364
1514378
1514406
1514422
1514444
1514464
1514475
1514492
1514522
1514533
1514557
1514571
1514584
1514587
1514682
1514691
1514775
1514776
1514916
1514920
1514923
1514947
1514957
1514962
1515014
1515028
1515047
1515061
1515144
1515285
1515286
1515317
1515408
1515495
1515524
1515557
1515590
1515609
1515616
1515617
1515640
1515710
1515862
1515872
1515879
1515907
1516084
1516104
1516126
1516151
1516261
1516367
1516390
1516534
1516591
1516627
1516629
1516635
1516638
1516687
1516692
1516716
1516717
1516734
1516756
1516772
1516815
1516833
1516875
1516880
1516881
1516888
1516907
1516925
1516949
1516951
1516955
1516994
1517023
1517113
1517152
1517221
1517272
1517289
1517298
1517299
1517302
1517372
1517409
1517428
1517485
1517516
1517538
1517624
1517660
1517679
1517708
1517731
1517733
1517766
1517767
1517854
1517908
1517967
1517992
1518186
1518221
1518257
1518305
1518306
1518345
1518445
1518447
1518457
1518462
1518467
1518506
1518548
1518549
1518562
1518572
1518670
1518697
1518721
1518779
1518828
1518851
1518862
1518886
1518900
1518962
1518992
1518994
1519020
1519067
1519087
1519111
1519126
1519151
1519154
1519163
1519168
1519209
1519253
1519347
1519383
1519387
1519390
1519429
1519445
1519461
1519482
1519606
1519622
1519672
1519733
1519736
1519748
1519778
1519851
1519890
1519944
1520012
1520017
1520031
1520033
1520053
1520099
1520103
1520109
1520112
1520119
1520123
1520142
1520193
1520220
1520232
1520273
1520296
1520320
1520343
1520349
1520357
1520367
1520453
1520594
1520601
1520626
1520674
1520706
1520771
1520844
1520919
1520948
1520999
1521011
1521024
1521025
1521049
1521069
1521096
1521129
1521457
1521514
1521791
1521854
1521940
1522023
1522027
1522089
1522097
1522104
1522127
1522142
1522163
1522191
1522278
1522338
1522353
1522380
1522399
1522400
1522420
1522450
1522464
1522473
1522505
1522509
1522536
1522554
1522558
1522620
1522660
1522662
1522664
1522705
1522740
1522775
1522779
1522832
1522835
1522937
1522940
1522947
1522960
1523040
1523101
1523107
1523141
1523201
1523234
1523260
1523307
1523332
1523376
1523397
1523424
1523482
1523512
1523565
1523737
1523786
1523926
1523947
1523973
1524032
1524035
1524039
1524041
1524044
1524082
1524094
1524107
1524128
1524137
1524160
1524192
1524193
1524206
1524208
1524209
1524214
1524216
1524217
1524224
1524226
1524258
1524264
1524267
1524268
1524269
1524271
1524274
1524275
1524314
1524336
1524349
1524352
1524395
1524401
1524454
1524456
1524503
1524537
1524553
1524593
1524632
1524694
1524748
1524782
1524837
1524850
1525028
1525037
1525059
1525087
1525109
1525201
1525218
1525225
1525233
1525341
1525405
1525465
1525478
1525490
1525543
1525574
1525653
1525703
1525739
1525775
1525810
1525857
1525861
1525864
1525882
1525909
1525910
1526006
1526084
1526193
1526199
1526203
1526204
1526210
1526231
1526268
1526380
1526385
1526393
1526409
1526433
1526525
1526531
1526534
1526555
1526590
1526650
1526695
1526723
1526728
1526741
1526760
1526777
1526794
1526817
1526818
1526829
1526837
1526847
1526900
1526957
1526968
1526983
1527009
1527051
1527052
1527063
1527070
1527080
1527179
1527201
1527213
1527218
1527229
1527230
1527236
1527253
1527256
1527285
1527314
1527386
1527415
1527421
1527453
1527483
1527494
1527573
1527629
1527670
1527691
1527711
1527771
1527778
1527789
1527817
1527917
1527982
1528009
1528015
1528021
1528023
1528042
1528067
1528082
1528104
1528133
1528209
1528292
1528388
1528421
1528436
1528448
1528453
1528475
1528532
1528540
1528575
1528581
1528603
1528625
1528626
1528660
1528693
1528707
1528730
1528737
1528741
1528743
1528755
1528772
1528774
1528794
1528824
1528834
1528840
1528841
1528867
1529022
1529047
1529051
1529067
1529088
1529151
1529179
1529189
1529205
1529212
1529217
1529259
1529310
1529322
1529355
1529448
1529520
1529527
1529537
1529547
1529603
1529604
1529610
1529676
1529699
1529709
1529716
1529721
1529792
1529798
1529805
1529808
1529833
1529836
1529900
1529906
1529911
1530005
1530058
1530079
1530111
1530127
1530129
1530130
1530150
1530207
1530260
1530263
1530315
1530317
1530320
1530325
1530344
1530394
1530405
1530561
1530579
1530622
1530640
1530652
1530692
1530695
1530696
1530760
1530803
1530814
1530860
1530900
1530905
1530906
1530929
1530932
1531010
1531037
1531049
1531102
1531108
1531109
1531161
1531186
1531190
1531191
1531192
1531210
1531223
1531265
1531288
1531310
1531388
1531439
1531477
1531505
1531512
1531537
1531545
1531566
1531567
1531573
1531589
1531635
1531716
1531734
1531754
1531811
1531819
1531861
1531869
1531924
1531928
1531940
1532032
1532053
1532111
1532182
1532183
1532196
1532217
1532277
1532289
1532304
1532320
1532334
1532368
1532379
1532392
1532404
1532406
1532409
1532410
1532427
1532438
1532459
1532476
1532507
1532555
1532587
1532635
1532667
1532688
1532689
1532703
1532737
1532765
1532785
1532800
1532805
1532810
1532818
1532819
1532895
1532899
1532903
1532906
1532908
1532922
1532966
1532973
1532981
1532997
1533004
1533042
1533044
1533086
1533087
1533110
1533128
1533137
1533140
1533172
1533199
1533249
1533253
1533266
1533277
1533293
1533309
1533354
1533359
1533362
1533403
1533471
1533491
1533534
1533549
1533562
1533563
1533564
1533601
1533610
1533611
1533632
1533647
1533658
1533699
1533720
1533742
1533784
1533792
1533793
1534061
1534065
1534089
1534100
1534111
1534155
1534164
1534280
1534281
1534284
1534319
1534324
1534340
1534506
1534507
1534508
1534510
1534512
1534516
1534519
1534530
1534580
1534600
1534619
1534627
1534641
1534664
1534700
1534707
1534787
1534789
1534800
1534841
1534873
1534938
1535005
1535021
1535027
1535030
1535059
1535097
1535103
1535118
1535136
1535152
1535192
1535218
1535230
1535265
1535290
1535303
1535311
1535344
1535429
1535650
1535696
1535720
1535726
1535761
1535799
1535812
1535813
1535863
1535870
1535884
1535897
1535903
1535931
1535985
1536008
1536034
1536042
1536068
1536113
1536120
1536129
1536233
1536261
1536266
1536299
1536351
1536383
1536407
1536413
1536445
1536463
1536465
1536535
1536556
1536608
1536702
1536707
1536720
1536738
1536741
1536752
1536756
1536757
1536773
1536842
1536860
1536940
1537005
1537006
1537026
1537039
1537043
1537153
1537182
1537212
1537268
1537344
1537427
1537457
1537486
1537576
1537588
1537609
1537617
1537650
1537654
1537673
1537701
1537719
1537732
1537768
1537790
1537810
1537837
1537863
1538014
1538053
1538109
1538112
1538114
1538195
1538206
1538216
1538218
1538264
1538296
1538359
1538434
1538530
1538537
1538581
1538584
1538592
1538622
1538635
1538687
1538688
1538696
1538712
1538740
1538770
1538774
1538786
1538806
1538824
1538880
1538941
1538946
1538956
1539007
1539009
1539020
1539058
1539137
1539153
1539159
1539177
1539225
1539249
1539251
1539252
1539268
1539291
1539300
1539330
1539513
1539521
1539535
1539539
1539577
1539597
1539623
1539645
1539696
1539705
1539708
1539734
1539764
1539797
1539799
1539833
1539850
1539862
1539904
1539990
1540003
1540050
1540052
1540087
1540152
1540162
1540214
1540310
1540364
1540365
1540412
1540415
1540446
1540474
1540501
1540503
1540522
1540544
1540552
1540579
1540629
1540652
1540661
1540870
1540888
1540936
1540960
1541002
1541046
1541110
1541134
1541192
1541212
1541272
1541273
1541383
1541411
1541422
1541499
1541524
1541548
1541589
1541593
1541599
1541621
1541633
1541644
1541660
1541668
1541672
1541686
1541733
1541783
1541799
1541914
1541944
1541949
1542005
1542025
1542028
1542030
1542055
1542067
1542160
1542164
1542165
1542188
1542199
1542207
1542217
1542220
1542223
1542224
1542228
1542240
1542307
1542435
1542470
1542478
1542531
1542603
1542607
1542655
1542657
1542660
1542677
1542706
1542720
1542733
1542756
1542760
1542774
1542804
1542818
1542872
1542922
1542948
1543002
1543039
1543054
1543086
1543140
1543147
1543151
1543171
1543174
1543178
1543181
1543240
1543265
1543273
1543298
1543356
1543433
1543447
1543453
1543541
1543557
1543587
1543637
1543742
1543765
1543803
1543914
1543939
1543942
1543944
1543952
1544051
1544122
1544159
1544162
1544201
1544212
1544264
1544279
1544291
1544294
1544295
1544300
1544340
1544374
1544396
1544418
1544428
1544481
1544488
1544582
1544645
1544656
1544705
1544714
1544754
1544834
1544867
1544900
1544913
1544948
1544955
1544970
1545044
1545065
1545105
1545161
1545191
1545193
1545197
1545203
1545239
1545243
1545244
1545251
1545266
1545310
1545320
1545361
1545469
1545479
1545500
1545545
1545564
1545570
1545634
1545645
1545657
1545668
1545736
1545746
1545749
1545750
1545757
1545792
1545797
1545798
1545812
1545864
1545900
1545916
1545973
1545984
1545985
1545989
1546003
1546016
1546018
1546022
1546051
1546084
1546085
1546091
1546093
1546102
1546106
1546115
1546170
1546216
1546248
1546254
1546259
1546307
1546358
1546369
1546390
1546391
1546399
1546412
1546419
1546421
1546440
1546446
1546449
1546451
1546486
1546530
1546574
1546608
1546617
1546630
1546684
1546709
1546736
1546737
1546765
1546823
1546833
1546837
1546840
1546847
1546849
1546851
1546885
1546924
1546937
1546947
1546959
1546998
1547015
1547068
1547083
1547085
1547088
1547144
1547159
1547166
1547178
1547256
1547289
1547312
1547367
1547428
1547446
1547453
1547483
1547491
1547508
1547511
1547520
1547524
1547525
1547527
1547561
1547584
1547602
1547615
1547621
1547626
1547639
1547723
1547725
1547751
1547762
1547774
1547879
1548094
1548120
1548128
1548135
1548140
1548141
1548152
1548155
1548162
1548166
1548168
1548169
1548178
1548185
1548188
1548192
1548193
1548207
1548209
1548212
1548300
1548367
1548410
1548421
1548433
1548449
1548472
1548488
1548513
1548527
1548538
1548555
1548561
1548619
1548647
1548658
1548668
1548684
1548696
1548700
1548705
1548711
1548774
1548780
1548783
1548793
1548811
1548816
1548817
1548858
1548930
1548943
1548951
1548981
1548984
1549004
1549019
1549022
1549041
1549042
1549071
1549075
1549085
1549110
1549167
1549241
1549255
1549265
1549268
1549340
1549352
1549403
1549434
1549545
1549629
1549644
1549668
1549709
1549779
1549799
1549813
1549825
1549840
1549856
1549895
1549918
1549919
1549963
1550004
1550036
1550083
1550088
1550096
1550197
1550238
1550247
1550335
1550336
1550337
1550388
1550442
1550486
1550492
1550505
1550533
1550557
1550587
1550664
1550676
1550709
1550749
1550772
1550778
1550822
1550832
1550860
1550863
1550868
1550904
1550912
1550963
1550967
1550975
1550979
1550990
1551003
1551021
1551055
1551063
1551100
1551127
1551136
1551139
1551150
1551167
1551174
1551176
1551195
1551199
1551216
1551218
1551226
1551229
1551230
1551232
1551264
1551281
1551385
1551396
1551417
1551477
1551496
1551528
1551563
1551572
1551589
1551628
1551642
1551697
1551756
1551775
1551786
1551803
1551829
1551887
1551902
1551931
1551952
1551957
1552014
1552050
1552138
1552169
1552179
1552241
1552279
1552284
1552287
1552299
1552378
1552385
1552393
1552400
1552447
1552483
1552493
1552509
1552525
1552554
1552650
1552656
1552668
1552698
1552701
1552703
1552713
1552806
1552891
1552897
1552927
1553052
1553167
1553221
1553275
1553284
1553291
1553322
1553375
1553392
1553398
1553426
1553451
1553456
1553496
1553513
1553516
1553525
1553628
1553686
1553721
1553741
1553758
1553766
1553772
1553787
1553799
1553816
1553820
1553835
1553854
1553878
1553904
1553944
1553971
1554179
1554205
1554219
1554232
1554283
1554374
1554381
1554390
1554394
1554397
1554419
1554431
1554446
1554448
1554449
1554476
1554480
1554497
1554514
1554541
1554565
1554615
1554638
1554640
1554657
1554721
1554728
1554737
1554776
1554834
1554844
1554853
1554860
1554886
1554924
1554926
1554928
1554937
1554943
1554955
1554964
1554977
1554997
1555017
1555022
1555023
1555055
1555096
1555101
1555104
1555108
1555122
1555126
1555131
1555144
1555172
1555197
1555227
1555298
1555358
1555420
1555423
1555428
1555478
1555538
1555550
1555576
1555595
1555600
1555658
1555675
1555712
1555718
1555765
1555833
1555854
1555866
1555907
1555951
1556008
1556050
1556055
1556063
1556091
1556094
1556153
1556157
1556171
1556191
1556261
1556277
1556297
1556300
1556304
1556321
1556404
1556417
1556442
1556452
1556464
1556473
1556531
1556596
1556600
1556605
1556631
1556645
1556647
1556666
1556749
1556755
1556768
1556790
1556901
1556908
1556910
1557056
1557097
1557115
1557132
1557140
1557143
1557152
1557171
1557174
1557177
1557180
1557189
1557203
1557206
1557213
1557235
1557330
1557338
1557341
1557350
1557353
1557365
1557509
1557541
1557557
1557562
1557565
1557568
1557571
1557588
1557639
1557658
1557694
1557702
1557791
1557819
1557882
1557913
1558000
1558025
1558044
1558088
1558100
1558103
1558114
1558121
1558134
1558156
1558157
1558164
1558168
1558184
1558212
1558218
1558240
1558260
1558263
1558271
1558279
1558326
1558369
1558371
1558378
1558386
1558416
1558468
1558473
1558477
1558483
1558506
1558614
1558667
1558705
1558760
1558789
1558810
1558814
1558839
1558899
1558905
1558940
1558944
1558950
1558954
1558955
1558960
1559044
1559048
1559061
1559086
1559094
1559104
1559125
1559160
1559193
1559226
1559234
1559292
1559361
1559364
1559376
1559378
1559380
1559393
1559468
1559469
1559492
1559512
1559575
1559586
1559593
1559628
1559632
1559637
1559671
1559702
1559718
1559738
1559739
1559805
1559827
1559829
1559836
1559838
1559846
1559856
1559864
1559885
1559893
1559898
1559917
1559954
1559958
1559960
1559986
1560024
1560027
1560035
1560057
1560064
1560072
1560087
1560102
1560202
1560227
1560230
1560238
1560242
1560257
1560301
1560305
1560424
1560425
1560434
1560448
1560501
1560511
1560522
1560541
1560573
1560580
1560587
1560588
1560596
1560599
1560605
1560608
1560610
1560615
1560625
1560640
1560650
1560750
1560756
1560759
1560781
1560786
1560837
1560926
1561000
1561045
1561046
1561063
1561066
1561067
1561101
1561110
1561159
1561312
1561316
1561327
1561329
1561345
1561393
1561415
1561417
1561418
1561423
1561434
1561473
1561558
1561563
1561570
1561575
1561597
1561645
1561697
1561704
1561720
1561725
1561836
1561850
1561860
1561909
1561962
1561969
1562012
1562073
1562076
1562107
1562146
1562168
1562169
1562177
1562178
1562195
1562243
1562254
1562272
1562439
1562453
1562459
1562477
1562478
1562579
1562591
1562593
1562597
1562657
1562687
1562700
1562702
1562720
1562780
1562792
1562795
1562803
1562810
1562942
1562959
1563080
1563144
1563145
1563174
1563180
1563184
1563254
1563276
1563290
1563291
1563346
1563362
1563384
1563471
1563506
1563509
1563531
1563535
1563593
1563621
1563633
1563636
1563652
1563653
1563669
1563686
1563709
1563722
1563804
1563818
1563886
1563936
1564011
1564018
1564019
1564035
1564044
1564099
1564157
1564165
1564273
1564349
1564353
1564376
1564389
1564449
1564458
1564494
1564504
1564505
1564509
1564511
1564573
1564582
1564594
1564614
1564641
1564649
1564674
1564695
1564720
1564735
1564795
1564836
1564848
1564878
1564918
1564921
1564930
1564952
1564959
1564985
1564988
1565047
1565049
1565052
1565055
1565056
1565057
1565061
1565062
1565063
1565068
1565082
1565084
1565094
1565107
1565163
1565213
1565218
1565221
1565248
1565249
1565265
1565285
1565401
1565413
1565440
1565447
1565462
1565477
1565487
1565495
1565546
1565580
1565582
1565594
1565649
1565722
1565732
1565756
1565769
1565783
1565798
1565820
1565823
1565877
1565878
1565893
1565922
1565944
1565945
1565948
1565949
1565984
1565990
1566001
1566017
1566023
1566038
1566062
1566070
1566127
1566147
1566150
1566151
1566162
1566186
1566194
1566212
1566231
1566256
1566265
1566272
1566294
1566295
1566307
1566327
1566344
1566379
1566402
1566416
1566417
1566465
1566483
1566488
1566493
1566522
1566551
1566567
1566570
1566581
1566582
1566601
1566603
1566611
1566667
1566694
1566702
1566742
1566850
1566862
1566867
1566873
1566882
1566921
1566924
1566928
1566940
1566978
1566999
1567012
1567013
1567014
1567046
1567048
1567076
1567084
1567091
1567144
1567181
1567187
1567192
1567199
1567203
1567206
1567222
1567252
1567275
1567285
1567299
1567419
1567433
1567512
1567575
1567588
1567594
1567607
1567666
1567671
1567761
1567770
1567776
1567782
1567791
1567792
1567803
1567809
1567813
1567818
1567861
1567865
1567877
1567887
1567891
1567904
1567920
1567924
1567933
1568033
1568056
1568067
1568089
1568113
1568135
1568154
1568165
1568188
1568209
1568210
1568254
1568257
1568323
1568334
1568348
1568380
1568421
1568423
1568436
1568448
1568451
1568452
1568454
1568460
1568465
1568468
1568469
1568472
1568475
1568478
1568561
1568579
1568649
1568666
1568712
1568721
1568729
1568733
1568758
1568804
1568832
1568835
1568856
1568913
1568937
1568997
1569012
1569014
1569042
1569048
1569053
1569062
1569073
1569082
1569102
1569116
1569153
1569154
1569175
1569194
1569198
1569284
1569299
1569312
1569333
1569349
1569350
1569360
1569377
1569454
1569463
1569472
1569475
1569494
1569561
1569585
1569607
1569646
1569660
1569675
1569796
1569829
1569871
1569876
1569885
1569888
1569897
1569905
1569912
1569923
1569933
1569940
1569944
1569947
1569954
1569957
1569993
1570005
1570027
1570053
1570063
1570074
1570075
1570083
1570088
1570096
1570106
1570123
1570128
1570150
1570155
1570174
1570180
1570185
1570187
1570189
1570193
1570197
1570273
1570311
1570328
1570371
1570376
1570408
1570458
1570473
1570504
1570585
1570622
1570630
1570631
1570651
1570654
1570670
1570673
1570715
1570718
1570721
1570733
1570767
1570790
1570802
1570810
1570812
1570819
1570825
1570832
1570837
1570839
1570887
1570915
1570918
1570946
1570993
1570996
1571063
1571098
1571124
1571126
1571137
1571151
1571171
1571231
1571243
1571246
1571251
1571254
1571265
1571288
1571290
1571305
1571365
1571367
1571393
1571406
1571409
1571439
1571445
1571460
1571466
1571536
1571582
1571594
1571599
1571603
1571607
1571614
1571626
1571652
1571698
1571701
1571705
1571706
1571711
1571727
1571731
1571735
1571742
1571745
1571749
1571765
1571766
1571773
1571795
1571829
1571830
1571876
1571885
1571896
1571899
1571900
1571903
1571907
1571912
1571914
1571925
1571929
1571930
1571931
1571933
1571934
1571937
1571938
1571947
1571948
1571950
1571952
1571960
1571969
1571982
1571983
1572012
1572040
1572052
1572062
1572064
1572065
1572067
1572073
1572075
1572077
1572078
1572101
1572119
1572163
1572169
1572193
1572235
1572248
1572273
1572275
1572297
1572316
1572358
1572404
1572413
1572483
1572497
1572580
1572582
1572752
1572782
1572826
1572874
1572899
1572930
1572932
1572936
1572968
1572996
1573023
1573026
1573028
1573054
1573065
1573066
1573074
1573115
1573119
1573129
1573149
1573153
1573162
1573189
1573191
1573194
1573195
1573196
1573199
1573236
1573242
1573286
1573354
1573371
1573387
1573390
1573402
1573408
1573477
1573502
1573537
1573594
1573673
1573680
1573704
1573715
1573717
1573730
1573738
1573740
1573743
1573756
1573757
1573775
1573785
1573791
1573802
1573808
1573818
1573904
1573908
1573917
1573922
1573929
1573971
1574004
1574006
1574059
1574087
1574119
1574121
1574122
1574129
1574142
1574156
1574189
1574214
1574215
1574222
1574225
1574254
1574261
1574339
1574449
1574549
1574555
1574610
1574625
1574634
1574741
1574784
1574798
1574845
1574846
1574879
1574881
1574924
1574944
1574951
1574979
1575003
1575007
1575013
1575025
1575030
1575038
1575046
1575047
1575069
1575083
1575085
1575093
1575277
1575309
1575321
1575350
1575401
1575405
1575406
1575410
1575411
1575452
1575465
1575491
1575497
1575519
1575534
1575535
1575539
1575542
1575549
1575553
1575563
1575605
1575612
1575620
1575627
1575647
1575667
1575673
1575725
1575728
1575762
1575807
1575847
1575887
1575889
1575908
1575970
1575971
1575984
1575988
1575990
1575995
1575998
1576014
1576054
1576074
1576111
1576116
1576222
1576298
1576302
1576307
1576309
1576321
1576386
1576460
1576546
1576549
1576604
1576637
1576678
1576685
1576729
1576734
1576781
1576804
1576810
1576844
1576887
1576928
1576932
1576953
1576959
1576996
1577007
1577040
1577079
1577178
1577189
1577226
1577232
1577286
1577289
1577295
1577308
1577317
1577323
1577329
1577345
1577361
1577473
1577501
1577530
1577697
1577765
1577795
1577796
1577821
1577831
1577871
1577887
1577944
1577945
1577964
1578019
1578024
1578056
1578059
1578071
1578088
1578094
1578233
1578235
1578356
1578390
1578416
1578424
1578429
1578489
1578506
1578534
1578537
1578559
1578565
1578598
1578608
1578643
1578645
1578660
1578753
1578884
1578897
1578918
1578940
1579014
1579084
1579093
1579110
1579120
1579132
1579134
1579138
1579156
1579163
1579168
1579212
1579241
1579268
1579271
1579272
1579273
1579276
1579285
1579288
1579317
1579332
1579361
1579431
1579434
1579519
1579570
1579584
1579611
1579625
1579657
1579691
1579694
1579715
1579758
1579759
1579796
1579803
1579811
1579824
1579830
1579853
1580070
1580120
1580230
1580256
1580280
1580287
1580334
1580356
1580391
1580394
1580399
1580409
1580421
1580458
1580460
1580472
1580490
1580496
1580571
1580595
1580649
1580667
1580685
1580701
1580712
1580812
1580826
1580892
1580898
1580908
1580912
1580918
1580930
1580966
1580992
1580993
1581084
1581125
1581161
1581184
1581218
1581248
1581378
1581397
1581411
1581453
1581469
1581470
1581471
1581475
1581555
1581587
1581757
1581773
1581784
1581852
1581873
1581886
1581894
1581907
1581919
1581922
1581982
1581985
1581988
1582018
1582024
1582037
1582112
1582114
1582115
1582118
1582185
1582188
1582207
1582238
1582251
1582280
1582286
1582300
1582339
1582404
1582410
1582415
1582420
1582425
1582434
1582437
1582467
1582489
1582505
1582551
1582564
1582573
1582577
1582585
1582596
1582621
1582678
1582725
1582742
1582836
1582842
1582908
1582928
1582943
1583139
1583162
1583164
1583174
1583207
1583220
1583235
1583241
1583306
1583340
1583360
1583363
1583493
1583498
1583524
1583527
1583539
1583555
1583558
1583573
1583609
1583714
1583765
1583794
1583798
1583838
1583850
1583855
1583864
1583879
1583927
1583930
1583934
1583940
1583942
1583945
1583947
1583951
1584001
1584015
1584032
1584033
1584039
1584068
1584091
1584167
1584267
1584277
1584480
1584483
1584492
1584502
1584511
1584584
1584664
1584673
1584675
1584723
1584744
1584769
1584785
1584850
1584936
1584956
1585057
1585223
1585397
1585532
1585594
1585666
1585674
1585709
1585710
1585720
1585731
1585763
1585772
1585864
1585906
1585921
1586002
1586019
1586062
1586191
1586192
1586229
1586245
1586264
1586299
1586300
1586304
1586311
1586332
1586351
1586375
1586413
1586418
1586421
1586441
1586465
1586582
1586591
1586641
1586663
1586673
1586748
1586760
1586794
1586823
1586826
1586855
1586868
1586870
1586888
1586893
1586903
1586941
1586962
1586968
1586975
1586983
1587010
1587048
1587056
1587090
1587100
1587107
1587131
1587133
1587142
1587188
1587206
1587212
1587369
1587441
1587473
1587547
1587613
1587617
1587630
1587651
1587671
1587674
1587702
1588064
1588097
1588101
1588197
1588256
1588271
1588296
1588300
1588313
1588364
1588375
1588396
1588407
1588427
1588475
1588477
1588480
1588493
1588709
1588744
1588809
1588820
1588836
1588851
1588861
1588870
1588892
1589083
1589214
1589237
1589252
1589329
1589342
1589346
1589347
1589348
1589423
1589520
1589530
1589579
1589633
1589656
1589665
1589673
1589694
1589707
1589713
1589722
1589786
1589840
1589874
1589890
1589894
1589897
1589913
1589919
1589948
1589968
1590067
1590070
1590109
1590116
1590122
1590128
1590133
1590143
1590149
1590154
1590253
1590432
1590554
1590556
1590562
1590613
1590666
1590690
1590726
1590739
1590787
1590883
1590916
1590953
1590957
1590986
1590988
1591046
1591058
1591083
1591121
1591126
1591150
1591157
1591158
1591217
1591263
1591272
1591276
1591282
1591289
1591328
1591386
1591515
1591582
1591621
1591703
1591705
1591713
1591717
1591730
1591741
1591811
1591831
1591847
1591884
1591893
1591991
1592009
1592085
1592212
1592244
1592257
1592338
1592395
1592429
1592452
1592491
1592554
1592560
1592677
1592702
1592812
1592985
1592995
1593002
1593054
1593094
1593109
1593111
1593144
1593187
1593205
1593262
1593270
1593323
1593349
1593352
1593354
1593375
1593552
1593561
1593589
1593613
1593615
1593645
1593656
1593663
1593681
1593740
1593743
1593870
1593913
1593924
1593932
1594027
1594110
1594139
1594147
1594160
1594257
1594286
1594287
1594321
1594374
1594386
1594432
1594451
1594475
1594478
1594487
1594489
1594562
1594591
1594600
1594610
1594623
1594627
1594651
1594701
1594713
1594719
1594839
1594840
1594891
1594900
1594902
1594922
1595050
1595058
1595111
1595128
1595131
1595149
1595153
1595157
1595158
1595174
1595243
1595271
1595325
1595359
1595365
1595368
1595421
1595447
1595452
1595494
1595559
1595636
1595668
1595672
1595679
1595706
1595712
1595745
1595818
1595835
1595837
1595866
1595875
1595914
1595916
1595929
1595934
1595961
1595970
1596026
1596059
1596093
1596180
1596208
1596212
1596237
1596241
1596301
1596328
1596370
1596383
1596403
1596404
1596410
1596448
1596461
1596482
1596484
1596500
1596515
1596558
1596581
1596625
1596630
1596645
1596699
1596781
1596794
1596871
1596892
1596910
1596920
1596931
1596939
1596943
1597020
1597033
1597082
1597138
1597154
1597267
1597361
1597416
1597429
1597439
1597529
1597536
1597557
1597564
1597573
1597576
1597607
1597653
1597656
1597702
1597726
1597732
1597766
1597774
1597812
1597906
1597907
1597978
1598079
1598082
1598093
1598196
1598211
1598217
1598241
1598247
1598346
1598359
1598383
1598432
1598472
1598477
1598484
1598485
1598634
1598640
1598648
1598688
1598708
1598758
1598797
1598802
1598804
1598832
1598912
1598920
1598925
1598929
1598934
1598943
1598948
1598981
1598989
1599018
1599112
1599117
1599177
1599181
1599200
1599213
1599214
1599238
1599365
1599367
1599392
1599420
1599426
1599447
1599459
1599463
1599478
1599507
1599541
1599566
1599756
1599817
1599958
1599959
1599970
1599979
1600063
1600069
1600076
1600083
1600099
1600129
1600135
1600145
1600147
1600149
1600174
1600278
1600298
1600354
1600369
1600387
1600394
1600449
1600571
1600574
1600609
1600626
1600662
1600671
1600679
1600685
1600721
1600896
1600910
1600920
1600930
1600945
1600989
1600990
1601038
1601101
1601103
1601123
1601141
1601156
1601167
1601242
1601264
1601310
1601478
1601565
1601571
1601572
1601605
1601641
1601645
1601647
1601656
1601660
1601708
1601727
1601793
1601832
1601847
1601848
1601858
1601881
1601906
1601935
1601948
1601975
1601981
1602032
1602078
1602081
1602121
1602163
1602259
1602267
1602300
1602338
1602351
1602352
1602405
1602460
1602483
1602487
1602506
1602508
1602522
1602533
1602540
1602549
1602567
1602570
1602577
1602710
1602715
1602752
1602762
1602806
1602820
1602830
1602835
1602848
1602856
1602880
1603066
1603117
1603162
1603184
1603217
1603318
1603327
1603354
1603393
1603432
1603468
1603520
1603584
1603596
1603610
1603772
1603781
1603785
1603786
1603788
1603850
1603932
1603952
1603956
1603997
1603999
1604011
1604013
1604026
1604034
1604078
1604118
1604121
1604261
1604275
1604289
1604367
1604426
1604473
1604474
1604484
1604497
1604528
1604550
1604555
1604613
1604614
1604634
1604671
1604674
1604798
1604825
1604889
1604936
1605015
1605020
1605022
1605027
1605028
1605094
1605114
1605133
1605150
1605180
1605207
1605276
1605305
1605429
1605448
1605614
1605654
1605663
1605684
1605713
1605727
1605730
1605744
1605817
1605869
1605900
1605903
1605985
1606009
1606179
1606233
1606285
1606305
1606315
1606318
1606322
1606345
1606352
1606461
1606669
1606791
1606871
1606889
1606893
1606937
1606966
1606969
1607003
1607008
1607017
1607134
1607149
1607151
1607160
1607398
1607468
1607507
1607622
1607698
1607708
1607722
1607760
1607762
1608046
1608060
1608072
1608097
1608100
1608113
1608192
1608213
1608237
1608435
1608498
1608593
1608602
1608681
1608692
1608703
1608713
1608753
1608758
1608761
1608831
1608848
1608860
1608914
1608925
1608940
1608943
1608946
1608949
1608998
1609028
1609030
1609083
1609134
1609153
1609222
1609285
1609311
1609333
1609376
1609382
1609447
1609454
1609509
1609576
1609610
1609629
1609732
1609770
1609830
1609838
1609844
1609846
1609852
1609858
1609874
1609876
1609919
1609943
1609975
1610005
1610073
1610088
1610090
1610099
1610201
1610299
1610337
1610404
1610418
1610460
1610463
1610489
1610541
1610597
1610675
1610703
1610720
1610733
1610740
1610745
1610761
1610813
1610847
1610859
1610863
1610883
1610933
1610936
1610951
1611026
1611041
1611044
1611230
1611334
1611348
1611352
1611382
1611390
1611468
1611493
1611583
1611600
1611601
1611636
1611727
1611738
1611750
1611752
1611783
1611830
1611845
1611856
1611861
1611867
1611879
1611977
1611985
1612048
1612099
1612219
1612239
1612253
1612291
1612339
1612362
1612365
1612376
1612415
1612432
1612434
1612472
1612474
1612504
1612509
1612513
1612522
1612629
1612687
1612786
1612825
1612889
1612923
1612973
1612991
1613002
1613024
1613059
1613089
1613145
1613155
1613164
1613246
1613248
1613258
1613279
1613313
1613360
1613378
1613379
1613383
1613388
1613392
1613400
1613405
1613417
1613533
1613542
1613662
1613690
1613721
1613779
1613785
1613790
1613813
1613876
1613997
1614031
1614074
1614083
1614101
1614200
1614208
1614214
1614268
1614343
1614349
1614488
1614492
1614505
1614520
1614546
1614591
1614593
1614629
1614670
1614689
1614773
1614834
1614836
1614838
1614854
1614883
1614888
1614892
1614906
1614917
1614939
1614942
1614959
1615012
1615136
1615144
1615258
1615280
1615290
1615343
1615350
1615356
1615364
1615470
1615504
1615592
1615605
1615609
1615618
1615666
1615680
1615708
1615788
1615791
1615800
1615868
1615896
1615900
1615975
1616160
1616194
1616268
1616278
1616292
1616305
1616344
1616405
1616439
1616469
1616545
1616553
1616563
1616575
1616592
1616600
1616605
1616630
1616648
1616669
1616740
1616824
1616908
1616914
1616999
1617064
1617087
1617135
1617143
1617148
1617178
1617213
1617221
1617234
1617242
1617268
1617271
1617290
1617292
1617299
1617318
1617332
1617511
1617712
1617833
1617912
1617921
1618042
1618077
1618086
1618092
1618361
1618391
1618554
1618558
1618560
1618648
1618843
1618858
1618944
1618964
1619089
1619111
1619246
1619260
1619300
1619310
1619347
1619371
1619416
1619417
1619425
1619430
1619452
1619455
1619543
1619600
1619601
1619610
1619623
1619631
1619635
1619655
1619657
1619697
1619720
1619741
1619765
1619808
1619813
1619848
1619894
1619983
1619992
1620022
1620030
1620059
1620060
1620061
1620069
1620071
1620082
1620125
1620126
1620127
1620150
1620185
1620196
1620201
1620215
1620216
1620236
1620244
1620255
1620267
1620269
1620283
1620305
1620311
1620415
1620441
1620458
1620503
1620516
1620544
1620549
1620556
1620590
1620641
1620649
1620674
1620711
1620712
1620724
1620809
1620810
1620816
1620825
1620834
1620985
1620993
1620994
1621014
1621025
1621108
1621122
1621184
1621258
1621264
1621268
1621275
1621287
1621299
1621329
1621417
1621434
1621448
1621512
1621536
1621573
1621593
1621607
1621649
1621663
1621766
1621775
1621776
1621777
1621787
1621810
1621834
1621891
1621921
1621940
1622040
1622089
1622116
1622128
1622131
1622160
1622163
1622202
1622398
1622465
1622490
1622502
1622520
1622529
1622533
1622535
1622574
1622617
1622651
1622714
1622794
1622807
1622899
1622936
1623020
1623029
1623030
1623077
1623101
1623102
1623134
1623152
1623210
1623284
1623294
1623303
1623311
1623342
1623422
1623425
1623427
1623446
1623517
1623539
1623581
1623588
1623640
1623659
1623674
1623686
1623740
1623784
1623787
1623822
1623925
1623927
1623942
1623949
1623966
1623992
1624000
1624101
1624139
1624163
1624214
1624252
1624292
1624352
1624353
1624388
1624474
1624475
1624482
1624489
1624495
1624501
1624503
1624511
1624513
1624544
1624565
1624609
1624611
1624643
1624708
1624783
1624898
1624955
1624958
1625033
1625067
1625072
1625074
1625078
1625102
1625155
1625172
1625181
1625189
1625236
1625278
1625322
1625381
1625390
1625430
1625455
1625457
1625499
1625523
1625531
1625552
1625601
1625701
1625715
1625782
1625805
1625848
1625875
1625898
1625900
1625936
1625969
1625977
1625985
1626027
1626099
1626128
1626129
1626149
1626151
1626210
1626254
1626332
1626367
1626368
1626398
1626415
1626475
1626532
1626547
1626571
1626583
1626588
1626615
1626629
1626690
1626713
1626715
1626734
1626756
1626772
1626798
1626918
1626927
1627094
1627095
1627123
1627134
1627154
1627160
1627187
1627199
1627204
1627213
1627218
1627243
1627299
1627380
1627489
1627494
1627501
1627570
1627840
1627865
1627954
1627958
1627970
1627994
1628136
1628148
1628171
1628192
1628258
1628279
1628288
1628313
1628402
1628486
1628525
1628566
1628593
1628603
1628618
1628621
1628622
1628654
1628656
1628682
1628708
1628756
1628765
1628777
1628859
1628888
1628927
1628954
1629051
1629077
1629130
1629176
1629209
1629250
1629258
1629261
1629275
1629286
1629320
1629326
1629355
1629389
1629493
1629662
1629686
1629690
1629692
1629737
1629757
1629774
1629782
1629787
1629797
1629822
1629834
1629849
1629881
1629912
1629915
1629959
1629961
1629970
1629988
1630001
1630003
1630071
1630165
1630235
1630293
1630307
1630343
1630353
1630364
1630367
1630421
1630440
1630475
1630478
1630530
1630588
1630590
1630595
1630607
1630609
1630662
1630722
1630746
1630752
1630768
1630853
1630858
1630859
1630862
1630865
1630953
1630958
1631027
1631049
1631061
1631071
1631104
1631107
1631143
1631164
1631208
1631235
1631252
1631257
1631291
1631292
1631354
1631388
1631506
1631521
1631665
1631706
1631727
1631734
1631743
1631790
1631793
1631796
1631810
1631814
1631887
1631935
1632004
1632017
1632098
1632131
1632187
1632189
1632198
1632231
1632247
1632254
1632290
1632296
1632301
1632348
1632369
1632384
1632413
1632452
1632457
1632504
1632520
1632627
1632751
1632759
1632764
1632808
1632818
1632827
1632848
1632915
1632927
1632937
1632969
1632976
1633011
1633032
1633044
1633091
1633161
1633164
1633274
1633295
1633391
1633411
1633413
1633421
1633457
1633461
1633476
1633579
1633689
1633712
1633728
1633730
1633802
1633832
1633917
1634002
1634011
1634012
1634023
1634049
1634118
1634129
1634137
1634175
1634216
1634256
1634294
1634323
1634325
1634359
1634369
1634395
1634410
1634428
1634438
1634441
1634444
1634445
1634456
1634499
1634504
1634510
1634518
1634536
1634556
1634568
1634693
1634820
1634839
1634840
1634860
1634903
1634908
1634927
1634941
1634943
1634948
1634982
1634987
1635051
1635101
1635141
1635148
1635150
1635161
1635246
1635448
1635455
1635530
1635552
1635671
1635676
1635715
1635785
1635786
1635787
1635789
1635798
1635804
1635809
1635976
1636007
1636034
1636048
1636084
1636106
1636140
1636145
1636154
1636169
1636171
1636200
1636215
1636224
1636232
1636234
1636255
1636276
1636285
1636349
1636464
1636506
1636535
1636588
1636595
1636618
1636639
1636674
1636703
1636761
1636817
1636822
1636838
1636848
1636855
1636875
1636890
1636959
1636965
1636980
1637001
1637010
1637015
1637073
1637127
1637133
1637163
1637218
1637224
1637234
1637238
1637260
1637268
1637280
1637281
1637320
1637334
1637335
1637356
1637376
1637380
1637404
1637431
1637439
1637440
1637450
1637466
1637528
1637554
1637569
1637574
1637580
1637589
1637656
1637714
1637728
1637750
1637843
1637880
1637935
1637946
1637952
1637954
1637971
1638000
1638046
1638056
1638103
1638124
1638132
1638229
1638286
1638305
1638309
1638328
1638333
1638354
1638482
1638508
1638510
1638520
1638528
1638529
1638533
1638538
1638546
1638565
1638588
1638605
1638612
1638677
1638690
1638703
1638718
1638821
1638902
1638911
1638917
1638921
1638928
1638985
1639015
1639026
1639039
1639061
1639090
1639155
1639192
1639273
1639275
1639286
1639287
1639289
1639294
1639299
1639307
1639324
1639341
1639360
1639364
1639366
1639398
1639400
1639414
1639456
1639461
1639480
1639488
1639531
1639594
1639595
1639620
1639651
1639677
1639723
1639836
1639848
1639853
1639897
1639899
1639928
1639947
1639958
1639960
1640113
1640140
1640144
1640165
1640184
1640235
1640304
1640408
1640420
1640423
1640477
1640562
1640882
1640930
1640952
1640963
1641007
1641071
1641125
1641164
1641236
1641251
1641275
1641286
1641315
1641377
1641382
1641389
1641436
1641537
1641622
1641832
1641875
1641964
1642091
1642122
1642123
1642143
1642290
1642300
1642314
1642333
1642419
1642459
1642472
1642478
1642485
1642534
1642568
1642617
1642649
1642656
1642658
1642677
1642681
1642693
1642701
1642766
1642777
1642815
1642829
1642891
1642939
1642963
1642974
1642985
1643019
1643024
1643043
1643118
1643120
1643158
1643182
1643197
1643207
1643244
1643250
1643254
1643290
1643300
1643328
1643349
1643351
1643458
1643462
1643476
1643486
1643504
1643519
1643615
1643659
1643695
1643774
1643779
1643789
1643792
1643793
1643848
1643849
1643869
1643871
1643892
1643982
1643992
1644025
1644041
1644083
1644090
1644127
1644166
1644213
1644221
1644250
1644253
1644257
1644269
1644275
1644336
1644367
1644398
1644449
1644475
1644488
1644490
1644501
1644639
1644676
1644758
1644811
1644902
1644951
1644972
1644978
1644987
1644990
1644995
1645003
1645007
1645043
1645051
1645070
1645114
1645184
1645208
1645251
1645266
1645277
1645288
1645331
1645387
1645426
1645441
1645485
1645552
1645593
1645603
1645620
1645714
1645724
1645732
1645739
1645758
1645929
1645963
1645998
1646001
1646004
1646007
1646011
1646025
1646057
1646061
1646084
1646116
1646124
1646142
1646149
1646156
1646206
1646239
1646251
1646281
1646290
1646302
1646412
1646413
1646442
1646448
1646461
1646482
1646508
1646522
1646541
1646560
1646650
1646686
1646693
1646725
1646772
1646775
1646816
1646844
1646867
1646894
1646950
1647031
1647157
1647225
1647267
1647294
1647401
1647413
1647441
1647483
1647494
1647500
1647523
1647570
1647583
1647587
1647593
1647649
1647652
1647672
1647690
1647701
1647716
1647787
1647795
1647836
1647838
1647847
1647870
1647895
1647902
1647914
1647961
1647973
1648030
1648045
1648075
1648088
1648175
1648180
1648295
1648296
1648310
1648322
1648343
1648357
1648369
1648427
1648434
1648516
1648554
1648573
1648585
1648649
1648706
1648713
1648815
1648833
1648895
1648897
1649028
1649063
1649125
1649128
1649192
1649198
1649212
1649255
1649313
1649320
1649398
1649412
1649419
1649423
1649437
1649441
1649443
1649517
1649529
1649551
1649563
1649588
1649617
1649674
1649689
1649693
1649704
1649727
1649737
1649747
1649762
1649764
1649766
1649773
1649774
1649776
1649781
1649783
1649784
1649786
1649787
1649795
1649802
1649830
1649899
1649901
1649950
1650027
1650028
1650032
1650098
1650115
1650124
1650210
1650257
1650276
1650290
1650442
1650512
1650513
1650534
1650553
1650606
1650660
1650664
1650708
1650839
1650854
1650861
1650910
1650953
1651032
1651035
1651069
1651123
1651162
1651230
1651235
1651269
1651331
1651347
1651542
1651564
1651571
1651590
1651631
1651661
1651714
1651744
1651766
1651785
1651814
1651837
1651883
1651909
1651992
1652001
1652009
1652071
1652081
1652300
1652309
1652401
1652435
1652478
1652480
1652506
1652541
1652606
1652626
1652650
1652660
1652699
1652710
1652722
1652749
1652871
1652916
1652955
1653034
1653057
1653067
1653076
1653081
1653127
1653134
1653144
1653243
1653292
1653331
1653451
1653461
1653503
1653570
1653619
1653630
1653635
1653643
1653654
1653668
1653722
1653827
1653862
1653963
1654026
1654051
1654077
1654112
1654172
1654174
1654240
1654269
1654309
1654336
1654351
1654380
1654416
1654448
1654471
1654479
1654482
1654485
1654487
1654491
1654509
1654511
1654550
1654574
1654585
1654587
1654674
1654701
1654709
1654715
1654743
1654791
1654803
1654811
1654928
1654961
1655025
1655029
1655036
1655042
1655050
1655055
1655061
1655071
1655078
1655094
1655132
1655134
1655142
1655148
1655187
1655198
1655204
1655224
1655291
1655335
1655375
1655387
1655394
1655567
1655633
1655673
1655692
1655693
1655738
1655742
1655768
1655842
1655920
1655937
1655943
1655947
1655948
1656013
1656017
1656047
1656073
1656101
1656117
1656122
1656151
1656201
1656228
1656235
1656245
1656267
1656282
1656292
1656295
1656311
1656314
1656335
1656350
1656356
1656432
1656454
1656471
1656480
1656526
1656546
1656563
1656570
1656593
1656596
1656600
1656616
1656637
1656670
1656681
1656714
1656820
1656845
1656888
1656932
1656936
1656949
1656958
1657000
1657021
1657034
1657046
1657095
1657104
1657117
1657122
1657165
1657261
1657266
1657376
1657379
1657402
1657426
1657432
1657534
1657567
1657579
1657630
1657677
1657678
1657767
1657779
1657783
1657928
1657986
1658010
1658030
1658057
1658073
1658105
1658121
1658226
1658267
1658268
1658353
1658376
1658389
1658416
1658449
1658476
1658524
1658532
1658630
1658665
1658701
1658710
1658752
1658770
1658843
1658844
1658973
1658993
1659025
1659055
1659059
1659060
1659063
1659078
1659083
1659092
1659095
1659112
1659128
1659141
1659151
1659152
1659153
1659167
1659253
1659258
1659276
1659278
1659300
1659305
1659308
1659312
1659315
1659399
1659445
1659447
1659461
1659522
1659582
1659637
1659643
1659649
1659653
1659657
1659672
1659713
1659723
1659730
1659742
1659743
1659751
1659765
1659782
1659793
1659806
1659900
1659917
1659953
1660093
1660141
1660162
1660174
1660196
1660222
1660239
1660242
1660263
1660286
1660295
1660307
1660308
1660312
1660340
1660343
1660348
1660389
1660420
1660429
1660486
1660495
1660517
1660672
1660698
1660729
1660738
1660761
1660793
1660905
1660916
1660920
1660952
1660961
1661002
1661127
1661185
1661191
1661195
1661219
1661225
1661253
1661322
1661324
1661328
1661381
1661436
1661471
1661480
1661559
1661568
1661586
1661663
1661667
1661692
1661693
1661763
1661827
1661838
1661841
1661855
1661968
1661972
1661997
1662014
1662026
1662051
1662069
1662075
1662086
1662092
1662094
1662160
1662166
1662191
1662220
1662251
1662350
1662415
1662419
1662440
1662452
1662476
1662480
1662481
1662483
1662486
1662495
1662520
1662526
1662585
1662591
1662599
1662606
1662610
1662631
1662639
1662661
1662662
1662725
1662731
1662762
1662826
1662862
1662910
1662921
1662955
1662965
1663019
1663082
1663116
1663122
1663126
1663131
1663196
1663200
1663204
1663205
1663230
1663321
1663501
1663532
1663581
1663587
1663735
1663787
1663817
1663914
1663945
1663979
1664015
1664020
1664087
1664100
1664116
1664133
1664162
1664187
1664190
1664237
1664247
1664302
1664373
1664389
1664404
1664432
1664439
1664505
1664518
1664519
1664530
1664537
1664544
1664548
1664557
1664580
1664693
1664760
1664807
1664820
1664824
1664876
1664897
1664906
1664921
1664935
1664945
1664951
1664960
1664972
1664981
1664992
1664997
1665034
1665084
1665100
1665138
1665166
1665172
1665195
1665234
1665291
1665347
1665379
1665387
1665393
1665401
1665404
1665409
1665432
1665460
1665466
1665506
1665518
1665581
1665623
1665716
1665739
1665861
1665894
1665937
1666010
1666087
1666124
1666160
1666334
1666400
1666419
1666464
1666478
1666490
1666573
1666771
1666773
1666823
1666828
1666844
1666847
1666849
1666851
1666855
1666866
1666880
1666902
1666912
1666985
1667057
1667083
1667224
1667239
1667444
1667528
1667533
1667590
1667620
1667634
1667685
1667766
1667772
1667806
1667813
1667843
1667854
1667903
1667907
1667911
1667915
1667932
1667956
1667994
1668068
1668071
1668088
1668141
1668176
1668210
1668246
1668263
1668276
1668322
1668362
1668371
1668381
1668400
1668450
1668462
1668508
1668532
1668553
1668573
1668580
1668593
1668606
1668620
1668846
1668856
1668859
1668962
1669049
1669079
1669135
1669166
1669174
1669194
1669200
1669241
1669245
1669254
1669272
1669419
1669469
1669892
1669921
1669923
1669926
1669973
1669999
1670534
1670558
1670560
1670570
1670656
1670667
1670893
1671171
1671172
1671197
1671241
1671254
1671305
1671319
1671334
1671363
1671392
1671441
1671489
1671492
1671497
1671499
1671501
1671508
1671511
1671526
1671559
1671598
1671630
1671701
1671716
1671767
1672724
1672909
1672948
1673140
1673229
1673234
1673240
1673242
1673246
1673251
1673256
1673365
1673405
1673408
1673471
1673486
1673706
1673807
1673825
1673888
1673943
1674107
1674203
1674209
1674222
1674242
1674269
1674280
1674304
1674330
1674513
1674663
1674684
1674703
1674771
1674971
1674990
1675037
1675147
1675209
1675237
1675356
1675358
1675462
1675499
1675733
1675744
1675969
1676056
1676058
1676124
1676162
1676171
1676233
1676367
1676373
1676415
1676459
1676532
1676541
1676575
1676818
1676842
1676948
1676973
1676977
1676989
1677004
1677050
1677082
1677112
1677257
1677340
1677347
1677366
1677403
1677470
1677565
1677587
1677594
1677616
1677619
1677725
1677743
1677764
1677786
1677790
1677924
1678022
1678081
1678102
1678132
1678146
1678170
1678192
1678263
1678298
1678301
1678317
1678337
1678353
1678368
1678405
1678417
1678419
1678454
1678494
1678509
1678555
1678565
1678609
1678725
1678747
1678802
1678926
1678947
1678967
1679002
1679019
1679072
1679094
1679097
1679098
1679107
1679178
1679197
1679215
1679216
1679224
1679260
1679267
1679288
1679299
1679300
1679484
1679533
1679561
1679575
1679611
1679613
1679631
1679653
1679799
1679829
1679853
1679862
1679886
1679917
1679924
1679959
1679967
1679977
1679978
1679992
1679996
1680005
1680017
1680040
1680041
1680059
1680084
1680087
1680169
1680226
1680254
1680265
1680278
1680283
1680302
1680336
1680368
1680371
1680383
1680385
1680459
1680468
1680538
1680587
1680629
1680640
1680657
1680798
1680813
1680857
1680875
1680888
1680890
1680924
1680958
1681021
1681095
1681219
1681223
1681289
1681342
1681388
1681395
1681414
1681420
1681421
1681428
1681429
1681439
1681462
1681560
1681625
1681694
1681699
1681703
1681718
1681974
1682042
1682063
1682163
1682255
1682367
1682406
1682410
1682427
1682437
1682445
1682505
1682520
1682559
1682600
1682604
1682620
1682627
1682644
1682648
1682667
1682679
1682695
1682718
1682747
1682763
1682820
1682822
1682979
1682981
1682996
1683006
1683042
1683047
1683048
1683058
1683091
1683111
1683122
1683150
1683168
1683182
1683183
1683209
1683254
1683261
1683288
1683298
1683310
1683365
1683393
1683397
1683417
1683441
1683446
1683531
1683578
1683584
1683614
1683639
1683645
1683762
1683786
1683977
1684004
1684026
1684027
1684104
1684111
1684129
1684132
1684156
1684205
1684220
1684224
1684248
1684269
1684304
1684320
1684321
1684427
1684506
1684521
1684532
1684586
1684596
1684618
1684649
1684836
1684867
1684928
1684939
1684941
1684942
1684946
1684951
1684962
1685010
1685095
1685104
1685189
1685293
1685370
1685386
1685432
1685438
1685462
1685470
1685486
1685487
1685489
1685504
1685506
1685522
1685533
1685633
1685640
1685675
1685701
1685748
1685754
1685769
1685773
1685776
1685788
1685843
1685907
1685962
1685995
1685999
1686028
1686042
1686052
1686062
1686082
1686103
1686150
1686208
1686212
1686223
1686252
1686266
1686277
1686301
1686329
1686344
1686347
1686398
1686471
1686571
1686582
1686606
1686620
1686698
1686705
1686725
1686740
1686744
1686776
1686782
1686807
1686821
1686904
1686933
1687070
1687074
1687144
1687160
1687173
1687185
1687187
1687188
1687190
1687192
1687201
1687247
1687266
1687286
1687312
1687328
1687402
1687446
1687451
1687472
1687499
1687539
1687554
1687559
1687569
1687615
1687636
1687656
1687660
1687667
1687673
1687690
1687710
1687714
1687720
1687729
1687731
1687742
1687746
1687771
1687783
1687797
1687823
1687844
1687895
1687943
1687976
1688095
1688118
1688191
1688202
1688209
1688216
1688273
1688276
1688301
1688306
1688318
1688322
1688404
1688495
1688546
1688633
1688634
1688640
1688641
1688646
1688662
1688665
1688710
1688746
1688757
1688811
1688933
1688947
1689011
1689021
1689045
1689125
1689187
1689220
1689300
1689318
1689332
1689355
1689362
1689380
1689382
1689384
1689480
1689484
1689493
1689501
1689510
1689516
1689520
1689522
1689523
1689528
1689532
1689543
1689569
1689617
1689644
1689645
1689677
1689718
1689760
1689776
1689797
1689814
1689819
1689911
1689919
1689941
1689964
1690012
1690061
1690064
1690070
1690072
1690115
1690119
1690141
1690154
1690161
1690174
1690190
1690198
1690199
1690200
1690225
1690234
1690244
1690271
1690285
1690288
1690311
1690323
1690382
1690482
1690554
1690560
1690705
1690722
1690765
1690782
1690853
1690922
1690967
1691097
1691126
1691128
1691179
1691240
1691272
1691300
1691303
1691344
1691346
1691380
1691495
1691522
1691542
1691545
1691606
1691640
1691666
1691674
1691688
1691723
1691728
1691754
1691763
1691805
1691846
1691890
1691931
1691939
1691953
1691978
1691987
1692030
1692044
1692068
1692134
1692169
1692191
1692259
1692260
1692264
1692266
1692267
1692282
1692295
1692314
1692381
1692417
1692531
1692539
1692597
1692609
1692623
1692637
1692656
1692791
1692810
1692825
1692861
1692906
1692922
1692930
1692932
1692955
1692958
1692968
1692997
1693045
1693137
1693194
1693215
1693241
1693254
1693287
1693298
1693399
1693613
1693630
1693641
1693663
1693681
1693683
1693688
1693703
1693725
1693772
1693848
1693850
1693929
1693943
1693963
1694048
1694068
1694089
1694134
1694171
1694205
1694209
1694264
1694301
1694302
1694327
1694451
1694456
1694487
1694497
1694567
1694595
1694612
1694623
1694687
1694708
1694727
1694761
1694793
1694815
1694823
1694875
1694880
1694884
1694889
1694895
1694915
1694938
1694978
1695033
1695058
1695059
1695135
1695167
1695276
1695360
1695366
1695382
1695481
1695488
1695493
1695550
1695572
1695577
1695580
1695609
1695620
1695633
1695651
1695699
1695762
1695789
1695800
1695802
1695816
1695838
1695874
1695883
1695900
1695925
1695927
1695936
1695939
1695963
1695974
1696007
1696028
1696042
1696115
1696121
1696142
1696147
1696162
1696173
1696192
1696198
1696199
1696206
1696210
1696274
1696290
1696305
1696306
1696337
1696358
1696442
1696448
1696454
1696456
1696458
1696466
1696506
1696510
1696569
1696579
1696598
1696625
1696644
1696660
1696730
1696811
1696824
1696849
1697053
1697152
1697203
1697305
1697318
1697321
1697333
1697339
1697438
1697472
1697487
1697507
1697510
1697517
1697529
1697546
1697558
1697560
1697596
1697607
1697620
1697671
1697708
1697805
1697819
1697824
1697835
1697843
1697908
1697915
1697927
1697957
1697981
1697982
1698005
1698036
1698069
1698075
1698084
1698087
1698089
1698172
1698177
1698185
1698189
1698247
1698269
1698270
1698345
1698361
1698382
1698397
1698398
1698408
1698419
1698469
1698524
1698594
1698595
1698623
1698643
1698785
1698794
1698826
1698834
1698847
1698893
1698904
1699040
1699043
1699061
1699065
1699081
1699088
1699147
1699151
1699157
1699215
1699230
1699236
1699275
1699285
1699296
1699309
1699353
1699354
1699457
1699463
1699562
1699637
1699813
1699816
1699847
1699853
1699906
1699911
1699912
1699958
1699959
1700039
1700085
1700104
1700123
1700143
1700146
1700155
1700161
1700162
1700163
1700166
1700361
1700369
1700416
1700430
1700440
1700521
1700546
1700555
1700566
1700567
1700589
1700602
1700607
1700614
1700651
1700656
1700672
1700726
1700738
1700752
1700780
1700812
1700868
1700921
1700966
1700969
1700972
1701005
1701045
1701052
1701077
1701100
1701123
1701131
1701141
1701170
1701223
1701287
1701295
1701297
1701301
1701304
1701305
1701314
1701323
1701395
1701420
1701437
1701446
1701450
1701475
1701524
1701530
1701545
1701597
1701611
1701656
1701665
1701666
1701671
1701682
1701698
1701736
1701739
1701743
1701746
1701750
1701774
1701829
1701856
1701861
1701914
1701972
1702141
1702185
1702261
1702311
1702322
1702340
1702370
1702398
1702434
1702437
1702477
1702486
1702511
1702553
1702569
1702585
1702597
1702699
1702751
1702779
1702786
1702788
1702839
1702902
1702923
1702927
1702970
1703039
1703073
1703118
1703119
1703149
1703166
1703248
1703252
1703256
1703263
1703290
1703295
1703305
1703306
1703337
1703407
1703408
1703425
1703448
1703466
1703467
1703533
1703542
1703544
1703553
1703554
1703570
1703582
1703587
1703618
1703672
1703686
1703706
1703719
1703729
1703731
1703740
1703746
1703804
1703857
1703870
1703903
1703907
1703922
1703969
1703978
1704068
1704099
1704105
1704110
1704160
1704193
1704210
1704216
1704218
1704268
1704269
1704326
1704357
1704420
1704502
1704506
1704508
1704578
1704583
1704585
1704590
1704605
1704620
1704649
1704700
1704741
1704788
1704811
1704874
1704891
1704894
1704951
1705022
1705035
1705054
1705057
1705070
1705120
1705155
1705224
1705242
1705249
1705274
1705299
1705345
1705354
1705411
1705451
1705532
1705539
1705580
1705685
1705783
1705799
1705825
1705862
1705872
1705879
1705880
1705884
1705888
1705892
1705966
1706004
1706043
1706051
1706084
1706110
1706138
1706160
1706174
1706212
1706245
1706365
1706404
1706412
1706456
1706480
1706538
1706627
1706665
1706682
1706734
1706739
1706774
1706790
1706830
1706844
1706847
1706887
1706893
1706900
1706901
1706909
1706910
1706911
1706985
1706986
1707029
1707092
1707137
1707150
1707152
1707188
1707206
1707229
1707246
1707249
1707262
1707268
1707279
1707285
1707287
1707295
1707310
1707312
1707474
1707530
1707533
1707547
1707555
1707559
1707590
1707600
1707629
1707635
1707646
1707658
1707669
1707718
1707736
1707744
1707748
1707766
1707786
1707874
1707880
1707909
1707927
1707955
1707964
1708037
1708188
1708190
1708227
1708236
1708239
1708241
1708250
1708253
1708257
1708275
1708289
1708324
1708376
1708382
1708387
1708413
1708458
1708467
1708469
1708488
1708493
1708503
1708531
1708576
1708587
1708590
1708615
1708621
1708660
1708661
1708678
1708737
1708747
1708760
1708791
1709095
1709097
1709115
1709134
1709140
1709185
1709187
1709191
1709330
1709334
1709339
1709426
1709451
1709459
1709463
1709485
1709578
1709606
1709628
1709631
1709654
1709676
1709689
1709725
1709741
1709743
1709755
1709766
1709777
1709788
1709914
1710014
1710019
1710028
1710034
1710047
1710120
1710139
1710219
1710225
1710229
1710267
1710298
1710331
1710341
1710347
1710348
1710415
1710442
1710462
1710464
1710466
1710473
1710495
1710510
1710518
1710590
1710666
1710754
1710835
1710840
1710871
1710996
1711061
1711070
1711077
1711079
1711096
1711104
1711115
1711129
1711145
1711159
1711175
1711204
1711214
1711247
1711282
1711292
1711337
1711365
1711389
1711400
1711478
1711494
1711496
1711606
1711633
1711651
1711663
1711691
1711755
1711760
1711762
1711796
1711805
1711808
1711819
1711841
1711850
1711900
1711953
1712003
1712017
1712042
1712069
1712076
1712088
1712124
1712144
1712166
1712205
1712256
1712272
1712275
1712278
1712306
1712405
1712409
1712411
1712415
1712454
1712458
1712462
1712471
1712480
1712486
1712532
1712546
1712562
1712582
1712606
1712608
1712627
1712644
1712674
1712721
1712787
1712819
1712828
1712843
1712865
1712905
1712998
1713000
1713002
1713015
1713160
1713161
1713172
1713306
1713314
1713410
1713418
1713431
1713478
1713497
1713503
1713550
1713554
1713680
1713744
1713759
1713794
1713821
1713962
1714026
1714093
1714149
1714195
1714225
1714407
1714409
1714529
1714638
1714671
1714675
1714709
1714747
1714804
1714843
1714880
1714933
1714990
1715020
1715037
1715053
1715068
1715089
1715095
1715105
1715134
1715180
1715188
1715208
1715221
1715242
1715251
1715255
1715270
1715282
1715286
1715325
1715334
1715347
1715359
1715368
1715382
1715434
1715443
1715454
1715456
1715503
1715534
1715560
1715610
1715628
1715726
1715748
1715753
1715754
1715800
1715820
1715838
1715853
1715864
1715881
1715882
1715886
1715919
1715961
1715974
1715996
1716006
1716193
1716203
1716222
1716240
1716383
1716389
1716429
1716448
1716456
1716497
1716508
1716545
1716589
1716595
1716622
1716625
1716640
1716642
1716649
1716707
1716716
1716748
1716776
1716779
1716852
1716885
1716980
1717038
1717087
1717108
1717143
1717150
1717167
1717206
1717238
1717278
1717305
1717346
1717428
1717448
1717461
1717504
1717511
1717537
1717548
1717718
1717744
1717746
1717748
1717755
1717788
1717814
1717861
1717873
1717874
1717952
1718050
1718082
1718115
1718150
1718165
1718172
1718201
1718210
1718219
1718230
1718286
1718326
1718327
1718330
1718361
1718388
1718465
1718494
1718520
1718529
1718547
1718636
1718649
1718652
1718654
1718667
1718672
1718855
1718950
1718965
1718978
1719001
1719018
1719030
1719050
1719104
1719117
1719144
1719153
1719181
1719182
1719186
1719203
1719215
1719230
1719236
1719241
1719246
1719257
1719261
1719262
1719306
1719307
1719351
1719380
1719450
1719463
1719478
1719504
1719517
1719565
1719568
1719593
1719683
1719721
1719733
1719751
1719781
1719806
1719841
1719844
1719854
1719873
1719882
1719884
1719917
1719959
1719965
1719978
1719981
1720042
1720050
1720065
1720110
1720148
1720150
1720156
1720185
1720353
1720375
1720378
1720402
1720448
1720461
1720476
1720522
1720570
1720581
1720656
1720666
1720696
1720708
1720738
1720748
1720774
1720908
1720914
1720922
1720969
1720988
1721005
1721007
1721011
1721033
1721042
1721046
1721102
1721120
1721138
1721188
1721197
1721262
1721286
1721296
1721305
1721339
1721347
1721379
1721425
1721439
1721495
1721547
1721589
1721592
1721595
1721607
1721609
1721616
1721622
1721669
1721675
1721759
1721760
1721792
1721804
1721842
1721862
1722006
1722016
1722036
1722077
1722083
1722094
1722106
1722152
1722176
1722186
1722246
1722273
1722316
1722322
1722343
1722407
1722438
1722441
1722449
1722487
1722489
1722502
1722506
1722535
1722576
1722664
1722683
1722702
1722711
1722712
1722717
1722750
1722767
1722815
1722848
1722854
1722860
1722890
1722895
1722904
1722917
1722932
1722953
1722957
1723001
1723069
1723074
1723201
1723217
1723223
1723224
1723232
1723256
1723266
1723267
1723316
1723338
1723448
1723487
1723502
1723520
1723534
1723565
1723640
1723652
1723711
1723761
1723775
1723787
1723797
1723809
1723814
1723830
1723896
1723898
1723914
1723950
1723967
1723985
1723995
1724001
1724018
1724037
1724041
1724072
1724081
1724146
1724166
1724170
1724183
1724192
1724263
1724277
1724296
1724315
1724360
1724390
1724396
1724397
1724422
1724453
1724479
1724581
1724619
1724651
1724695
1724813
1724881
1724892
1724898
1724937
1724944
1724954
1724997
1725028
1725138
1725145
1725239
1725252
1725255
1725258
1725267
1725268
1725329
1725485
1725547
1725660
1725700
1725731
1725738
1725746
1725794
1725800
1725873
1725875
1725878
1725879
1725883
1725941
1725954
1725966
1725988
1726009
1726066
1726101
1726149
1726206
1726224
1726236
1726255
1726267
1726343
1726470
1726479
1726519
1726557
1726584
1726601
1726612
1726660
1726699
1726750
1726771
1726788
1726817
1726851
1726920
1727036
1727070
1727081
1727123
1727159
1727204
1727234
1727259
1727278
1727336
1727346
1727347
1727408
1727409
1727428
1727599
1727601
1727610
1727615
1727627
1727636
1727657
1727691
1727719
1727721
1727726
1727728
1727747
1727777
1727787
1727829
1727834
1727867
1727870
1727906
1727910
1727919
1727920
1728042
1728086
1728101
1728158
1728171
1728183
1728192
1728238
1728239
1728244
1728265
1728327
1728338
1728341
1728343
1728367
1728370
1728378
1728408
1728462
1728631
1728705
1728713
1728774
1728829
1728834
1728851
1728862
1728868
1728876
1728944
1728956
1728993
1729008
1729030
1729035
1729041
1729047
1729050
1729057
1729079
1729087
1729108
1729112
1729131
1729149
1729160
1729201
1729233
1729290
1729323
1729326
1729403
1729418
1729508
1729522
1729536
1729567
1729569
1729631
1729652
1729662
1729725
1729739
1729815
1729833
1729856
1729858
1729874
1729881
1729900
1729908
1729940
1729941
1730069
1730096
1730130
1730131
1730132
1730142
1730156
1730158
1730176
1730182
1730191
1730257
1730370
1730391
1730565
1730610
1730612
1730644
1730682
1730685
1730747
1730756
1730762
1730786
1730804
1730811
1730818
1730860
1730862
1730864
1730865
1730868
1730871
1730875
1730878
1730882
1730896
1730944
1730952
1730957
1730996
1731008
1731159
1731171
1731176
1731186
1731196
1731215
1731221
1731223
1731246
1731282
1731343
1731361
1731376
1731399
1731458
1731463
1731474
1731482
1731528
1731610
1731625
1731640
1731655
1731666
1731672
1731678
1731708
1731735
1731736
1731748
1731762
1731778
1731784
1731800
1731805
1731806
1731920
1731939
1731942
1732044
1732048
1732064
1732066
1732121
1732191
1732209
1732263
1732268
1732278
1732286
1732289
1732305
1732354
1732383
1732393
1732440
1732497
1732524
1732554
1732606
1732615
1732616
1732619
1732624
1732626
1732652
1732772
1732798
1732827
1732839
1732851
1732865
1732870
1732918
1732968
1732979
1733000
1733010
1733018
1733047
1733048
1733090
1733119
1733132
1733142
1733143
1733358
1733454
1733470
1733638
1733718
1733721
1733747
1733777
1733783
1733846
1733858
1733862
1733875
1733985
1734034
1734127
1734209
1734248
1734250
1734258
1734271
1734331
1734379
1734420
1734539
1734667
1734682
1734826
1734901
1734939
1734956
1734991
1735005
1735049
1735099
1735202
1735209
1735261
1735325
1735402
1735476
1735511
1735516
1735540
1735570
1735681
1735776
1735822
1735825
1735913
1736037
1736038
1736084
1736098
1736103
1736222
1736253
1736254
1736263
1736272
1736276
1736284
1736292
1736297
1736299
1736304
1736320
1736330
1736336
1736339
1736356
1736367
1736376
1736410
1736563
1736572
1736685
1736717
1736719
1736721
1736763
1736769
1736773
1736795
1736808
1736837
1736943
1736947
1737002
1737054
1737072
1737111
1737153
1737162
1737195
1737197
1737242
1737280
1737289
1737292
1737307
1737333
1737337
1737373
1737374
1737411
1737643
1737663
1737833
1737860
1737866
1737885
1737892
1737902
1737917
1737922
1737934
1737942
1737966
1737996
1738001
1738071
1738082
1738085
1738107
1738124
1738155
1738181
1738228
1738359
1738383
1738388
1738539
1738557
1738558
1738605
1738616
1738620
1738625
1738651
1738748
1738813
1738815
1738821
1738853
1738922
1739010
1739016
1739025
1739043
1739045
1739060
1739062
1739070
1739109
1739157
1739165
1739191
1739209
1739211
1739293
1739297
1739309
1739323
1739382
1739403
1739405
1739436
1739438
1739442
1739465
1739499
1739528
1739586
1739615
1739634
1739639
1739655
1739744
1739757
1739774
1739824
1739831
1739843
1739906
1739930
1739944
1739964
1740064
1740074
1740090
1740101
1740106
1740133
1740162
1740165
1740171
1740233
1740234
1740284
1740470
1740518
1740552
1740656
1740677
1740695
1740702
1740730
1740757
1740836
1740853
1741038
1741074
1741086
1741089
1741094
1741100
1741132
1741143
1741155
1741194
1741200
1741204
1741224
1741227
1741233
1741301
1741310
1741315
1741329
1741339
1741355
1741370
1741386
1741413
1741439
1741573
1741585
1741595
1741625
1741655
1741679
1741727
1741736
1741770
1741801
1741857
1741908
1741909
1741934
1741962
1742059
1742064
1742103
1742105
1742115
1742137
1742141
1742143
1742148
1742155
1742161
1742163
1742171
1742182
1742196
1742197
1742211
1742235
1742291
1742312
1742364
1742375
1742388
1742402
1742441
1742458
1742506
1742507
1742520
1742535
1742556
1742590
1742620
1742629
1742654
1742669
