=== custom_labels_infer_chain start Wed Aug  5 14:05:34 UTC 2026 ===
bucket=s3://sagemaker-studio-a5572760/wflike-custom-labels/infer/ posters=s3://sagemaker-studio-a5572760/wflike-community-72k/posters/
workers=8 interval=0.05 limit=0 min_iu=1
{
    "UserId": "AROAYIJ24UMDFGSQJEH54:i-0d280ed45c9a33f04",
    "Account": "567596065542",
    "Arn": "arn:aws:sts::567596065542:assumed-role/wflike-ec2-role/i-0d280ed45c9a33f04"
}
Completed 541 Bytes/541 Bytes (6.6 KiB/s) with 1 file(s) remainingCompleted 256.0 KiB/465.9 KiB (2.1 MiB/s) with 1 file(s) remainingCompleted 465.9 KiB/465.9 KiB (3.7 MiB/s) with 1 file(s) remainingdownload: s3://sagemaker-studio-a5572760/wflike-custom-labels/infer/infer_ids.txt to data/qa/medium_custom_labels/infer_ids.txt
--- S3 write probe ---
Completed 29 Bytes/29 Bytes (209 Bytes/s) with 1 file(s) remainingupload: data/qa/medium_custom_labels/S3_PROBE to s3://sagemaker-studio-a5572760/wflike-custom-labels/infer/results/S3_PROBE
--- StartProjectVersion (MinInferenceUnits=1) right before infer ---
model_prestart_status=STOPPED
{
    "Status": "STARTING"
}
--- infer ---
ids=65201 done=0 todo=65201 workers=8 interval=0.05 s3://sagemaker-studio-a5572760/wflike-community-72k/posters/ version=v202608040132
model_status=STARTING msg=The model is starting.
model_status=STARTING msg=The model is starting.
model_status=STARTING msg=The model is starting.
model_status=STARTING msg=The model is starting.
model_status=STARTING msg=The model is starting.
model_status=STARTING msg=The model is starting.
model_status=STARTING msg=The model is starting.
model_status=STARTING msg=The model is starting.
model_status=STARTING msg=The model is starting.
model_status=STARTING msg=The model is starting.
model_status=STARTING msg=The model is starting.
model_status=RUNNING msg=The model is running.
[25/65201] ok=24 err=1 last_id=609 pred=composite st=ok
[50/65201] ok=49 err=1 last_id=831 pred=painted st=ok
[75/65201] ok=71 err=4 last_id=1663 pred= st=miss
[100/65201] ok=95 err=5 last_id=1842 pred=painted st=ok
[125/65201] ok=119 err=6 last_id=2662 pred=painted st=ok
[150/65201] ok=143 err=7 last_id=3015 pred=painted st=ok
[175/65201] ok=168 err=7 last_id=3074 pred=painted st=ok
[200/65201] ok=192 err=8 last_id=3160 pred=photo st=ok
[225/65201] ok=215 err=10 last_id=3349 pred=painted st=ok
[250/65201] ok=237 err=13 last_id=3575 pred=painted st=ok
[275/65201] ok=262 err=13 last_id=4242 pred=painted st=ok
[300/65201] ok=286 err=14 last_id=5421 pred=photo st=ok
[325/65201] ok=311 err=14 last_id=5752 pred=photo st=ok
[350/65201] ok=335 err=15 last_id=5845 pred=composite st=ok
[375/65201] ok=359 err=16 last_id=7454 pred=photo st=ok
[400/65201] ok=383 err=17 last_id=8771 pred=composite st=ok
[425/65201] ok=408 err=17 last_id=8869 pred=painted st=ok
[450/65201] ok=432 err=18 last_id=9392 pred=composite st=ok
[475/65201] ok=455 err=20 last_id=9638 pred=painted st=ok
[500/65201] ok=479 err=21 last_id=9711 pred=composite st=ok
[525/65201] ok=504 err=21 last_id=9987 pred=photo st=ok
[550/65201] ok=527 err=23 last_id=10053 pred=composite st=ok
[575/65201] ok=552 err=23 last_id=10226 pred=painted st=ok
[600/65201] ok=576 err=24 last_id=10306 pred=photo st=ok
[625/65201] ok=600 err=25 last_id=10579 pred=composite st=ok
[650/65201] ok=624 err=26 last_id=10785 pred=painted st=ok
[675/65201] ok=649 err=26 last_id=10987 pred=composite st=ok
[700/65201] ok=671 err=29 last_id=11206 pred=composite st=ok
[725/65201] ok=696 err=29 last_id=11442 pred=photo st=ok
[750/65201] ok=718 err=32 last_id=11594 pred=composite st=ok
[775/65201] ok=742 err=33 last_id=11880 pred=painted st=ok
[800/65201] ok=766 err=34 last_id=12223 pred=photo st=ok
[825/65201] ok=791 err=34 last_id=12590 pred=composite st=ok
[850/65201] ok=813 err=37 last_id=13009 pred=painted st=ok
[875/65201] ok=837 err=38 last_id=13151 pred=painted st=ok
[900/65201] ok=862 err=38 last_id=13567 pred=painted st=ok
[925/65201] ok=886 err=39 last_id=14021 pred=painted st=ok
[950/65201] ok=911 err=39 last_id=14235 pred=photo st=ok
[975/65201] ok=936 err=39 last_id=14745 pred=composite st=ok
[1000/65201] ok=961 err=39 last_id=15069 pred=photo st=ok
[1025/65201] ok=986 err=39 last_id=15482 pred=painted st=ok
[1050/65201] ok=1008 err=42 last_id=15741 pred=composite st=ok
[1075/65201] ok=1032 err=43 last_id=16061 pred=photo st=ok
[1100/65201] ok=1056 err=44 last_id=16233 pred= st=miss
[1125/65201] ok=1081 err=44 last_id=16395 pred=painted st=ok
[1150/65201] ok=1105 err=45 last_id=16973 pred=painted st=ok
[1175/65201] ok=1128 err=47 last_id=17138 pred=photo st=ok
[1200/65201] ok=1151 err=49 last_id=17991 pred=painted st=ok
[1225/65201] ok=1175 err=50 last_id=18178 pred=composite st=ok
[1250/65201] ok=1200 err=50 last_id=18496 pred=painted st=ok
[1275/65201] ok=1225 err=50 last_id=18910 pred=painted st=ok
[1300/65201] ok=1250 err=50 last_id=19116 pred=painted st=ok
[1325/65201] ok=1273 err=52 last_id=19154 pred=composite st=ok
[1350/65201] ok=1297 err=53 last_id=20044 pred=composite st=ok
[1375/65201] ok=1322 err=53 last_id=20507 pred=painted st=ok
[1400/65201] ok=1347 err=53 last_id=21166 pred=photo st=ok
[1425/65201] ok=1371 err=54 last_id=21627 pred=painted st=ok
[1450/65201] ok=1396 err=54 last_id=21562 pred=photo st=ok
[1475/65201] ok=1421 err=54 last_id=22293 pred=painted st=ok
[1500/65201] ok=1445 err=55 last_id=22681 pred=painted st=ok
[1525/65201] ok=1469 err=56 last_id=23174 pred=photo st=ok
[1550/65201] ok=1493 err=57 last_id=24045 pred=photo st=ok
[1575/65201] ok=1517 err=58 last_id=24196 pred=photo st=ok
[1600/65201] ok=1542 err=58 last_id=24683 pred=photo st=ok
[1625/65201] ok=1565 err=60 last_id=24916 pred=painted st=ok
[1650/65201] ok=1590 err=60 last_id=25066 pred=painted st=ok
[1675/65201] ok=1615 err=60 last_id=25574 pred=painted st=ok
[1700/65201] ok=1640 err=60 last_id=25756 pred=painted st=ok
[1725/65201] ok=1663 err=62 last_id=26215 pred=painted st=ok
[1750/65201] ok=1686 err=64 last_id=26515 pred=painted st=ok
[1775/65201] ok=1709 err=66 last_id=26865 pred=painted st=ok
[1800/65201] ok=1733 err=67 last_id=27003 pred=painted st=ok
[1825/65201] ok=1758 err=67 last_id=27244 pred=painted st=ok
[1850/65201] ok=1783 err=67 last_id=27345 pred=composite st=ok
[1875/65201] ok=1808 err=67 last_id=27393 pred=painted st=ok
[1900/65201] ok=1832 err=68 last_id=27476 pred=painted st=ok
[1925/65201] ok=1857 err=68 last_id=27508 pred=painted st=ok
[1950/65201] ok=1880 err=70 last_id=27562 pred=composite st=ok
[1975/65201] ok=1905 err=70 last_id=27646 pred=painted st=ok
[2000/65201] ok=1930 err=70 last_id=27689 pred=photo st=ok
[2025/65201] ok=1953 err=72 last_id=27740 pred=composite st=ok
[2050/65201] ok=1976 err=74 last_id=27783 pred=photo st=ok
[2075/65201] ok=1998 err=77 last_id=27815 pred=painted st=ok
[2100/65201] ok=2020 err=80 last_id=27895 pred=painted st=ok
[2125/65201] ok=2045 err=80 last_id=28072 pred=painted st=ok
[2150/65201] ok=2069 err=81 last_id=28129 pred=photo st=ok
[2175/65201] ok=2093 err=82 last_id=28189 pred=photo st=ok
[2200/65201] ok=2118 err=82 last_id=28271 pred=painted st=ok
[2225/65201] ok=2142 err=83 last_id=28300 pred=painted st=ok
[2250/65201] ok=2166 err=84 last_id=28403 pred=painted st=ok
[2275/65201] ok=2191 err=84 last_id=28452 pred=painted st=ok
[2300/65201] ok=2216 err=84 last_id=28446 pred=photo st=ok
[2325/65201] ok=2237 err=88 last_id=28596 pred=painted st=ok
[2350/65201] ok=2261 err=89 last_id=28660 pred=photo st=ok
[2375/65201] ok=2286 err=89 last_id=28746 pred=composite st=ok
[2400/65201] ok=2311 err=89 last_id=28800 pred=painted st=ok
[2425/65201] ok=2336 err=89 last_id=28886 pred=photo st=ok
[2450/65201] ok=2358 err=92 last_id=28960 pred=composite st=ok
[2475/65201] ok=2381 err=94 last_id=29098 pred=painted st=ok
[2500/65201] ok=2405 err=95 last_id=29181 pred=painted st=ok
[2525/65201] ok=2427 err=98 last_id=29293 pred=composite st=ok
[2550/65201] ok=2452 err=98 last_id=29390 pred=painted st=ok
[2575/65201] ok=2475 err=100 last_id=29445 pred=photo st=ok
[2600/65201] ok=2497 err=103 last_id=29506 pred=painted st=ok
[2625/65201] ok=2520 err=105 last_id=29634 pred=composite st=ok
[2650/65201] ok=2543 err=107 last_id=29613 pred=painted st=ok
[2675/65201] ok=2565 err=110 last_id=29772 pred=painted st=ok
[2700/65201] ok=2587 err=113 last_id=29922 pred=composite st=ok
[2725/65201] ok=2609 err=116 last_id=30052 pred= st=miss
[2750/65201] ok=2632 err=118 last_id=30381 pred= st=miss
[2775/65201] ok=2655 err=120 last_id=30449 pred=photo st=ok
[2800/65201] ok=2680 err=120 last_id=30478 pred=painted st=ok
[2825/65201] ok=2705 err=120 last_id=30751 pred=painted st=ok
[2850/65201] ok=2729 err=121 last_id=30870 pred=painted st=ok
[2875/65201] ok=2753 err=122 last_id=30921 pred=composite st=ok
[2900/65201] ok=2777 err=123 last_id=31013 pred=composite st=ok
[2925/65201] ok=2802 err=123 last_id=31319 pred=painted st=ok
[2950/65201] ok=2826 err=124 last_id=31646 pred=painted st=ok
[2975/65201] ok=2851 err=124 last_id=32021 pred=painted st=ok
[3000/65201] ok=2874 err=126 last_id=32352 pred= st=miss
[3025/65201] ok=2898 err=127 last_id=32707 pred=composite st=ok
[3050/65201] ok=2922 err=128 last_id=33275 pred=photo st=ok
[3075/65201] ok=2946 err=129 last_id=33754 pred=painted st=ok
[3100/65201] ok=2971 err=129 last_id=34048 pred=photo st=ok
[3125/65201] ok=2995 err=130 last_id=34552 pred=composite st=ok
[3150/65201] ok=3016 err=134 last_id=34791 pred=composite st=ok
[3175/65201] ok=3041 err=134 last_id=35662 pred=painted st=ok
[3200/65201] ok=3064 err=136 last_id=35919 pred=painted st=ok
[3225/65201] ok=3087 err=138 last_id=36220 pred=painted st=ok
[3250/65201] ok=3110 err=140 last_id=36560 pred=photo st=ok
[3275/65201] ok=3133 err=142 last_id=36835 pred=photo st=ok
[3300/65201] ok=3157 err=143 last_id=36992 pred=painted st=ok
[3325/65201] ok=3178 err=147 last_id=37464 pred=painted st=ok
[3350/65201] ok=3201 err=149 last_id=37813 pred=painted st=ok
[3375/65201] ok=3225 err=150 last_id=38068 pred=painted st=ok
[3400/65201] ok=3249 err=151 last_id=38065 pred=photo st=ok
[3425/65201] ok=3274 err=151 last_id=38826 pred=painted st=ok
[3450/65201] ok=3295 err=155 last_id=39167 pred=composite st=ok
[3475/65201] ok=3318 err=157 last_id=39303 pred=photo st=ok
[3500/65201] ok=3341 err=159 last_id=39843 pred=composite st=ok
[3525/65201] ok=3364 err=161 last_id=39869 pred=composite st=ok
[3550/65201] ok=3389 err=161 last_id=39925 pred=painted st=ok
[3575/65201] ok=3413 err=162 last_id=39984 pred=photo st=ok
[3600/65201] ok=3438 err=162 last_id=40059 pred=painted st=ok
[3625/65201] ok=3462 err=163 last_id=40218 pred=painted st=ok
[3650/65201] ok=3485 err=165 last_id=40342 pred=painted st=ok
[3675/65201] ok=3509 err=166 last_id=40449 pred=painted st=ok
[3700/65201] ok=3533 err=167 last_id=40770 pred=photo st=ok
[3725/65201] ok=3556 err=169 last_id=41023 pred=painted st=ok
[3750/65201] ok=3581 err=169 last_id=41200 pred=photo st=ok
[3775/65201] ok=3606 err=169 last_id=41446 pred=photo st=ok
[3800/65201] ok=3630 err=170 last_id=41793 pred=photo st=ok
[3825/65201] ok=3654 err=171 last_id=42272 pred=painted st=ok
[3850/65201] ok=3679 err=171 last_id=42573 pred=painted st=ok
[3875/65201] ok=3704 err=171 last_id=42869 pred=painted st=ok
[3900/65201] ok=3727 err=173 last_id=43065 pred=composite st=ok
[3925/65201] ok=3751 err=174 last_id=43303 pred= st=miss
[3950/65201] ok=3774 err=176 last_id=43743 pred=photo st=ok
[3975/65201] ok=3798 err=177 last_id=44179 pred=painted st=ok
[4000/65201] ok=3823 err=177 last_id=44396 pred=photo st=ok
[4025/65201] ok=3846 err=179 last_id=44796 pred= st=miss
[4050/65201] ok=3870 err=180 last_id=45270 pred=photo st=ok
[4075/65201] ok=3894 err=181 last_id=45655 pred=photo st=ok
[4100/65201] ok=3918 err=182 last_id=45952 pred=painted st=ok
[4125/65201] ok=3941 err=184 last_id=46261 pred=painted st=ok
[4150/65201] ok=3963 err=187 last_id=46548 pred= st=miss
[4175/65201] ok=3986 err=189 last_id=46968 pred=photo st=ok
[4200/65201] ok=4010 err=190 last_id=47122 pred=painted st=ok
[4225/65201] ok=4032 err=193 last_id=47674 pred=composite st=ok
[4250/65201] ok=4056 err=194 last_id=48262 pred=composite st=ok
[4275/65201] ok=4079 err=196 last_id=48565 pred=photo st=ok
[4300/65201] ok=4098 err=202 last_id=48716 pred=composite st=ok
[4325/65201] ok=4123 err=202 last_id=49017 pred=photo st=ok
[4350/65201] ok=4147 err=203 last_id=49347 pred=painted st=ok
[4375/65201] ok=4171 err=204 last_id=49748 pred=photo st=ok
[4400/65201] ok=4194 err=206 last_id=49804 pred=photo st=ok
[4425/65201] ok=4216 err=209 last_id=50515 pred= st=miss
[4450/65201] ok=4241 err=209 last_id=50732 pred=photo st=ok
[4475/65201] ok=4265 err=210 last_id=51260 pred=painted st=ok
[4500/65201] ok=4289 err=211 last_id=52137 pred=painted st=ok
[4525/65201] ok=4313 err=212 last_id=52375 pred=composite st=ok
[4550/65201] ok=4337 err=213 last_id=52414 pred=photo st=ok
[4575/65201] ok=4361 err=214 last_id=52883 pred=painted st=ok
[4600/65201] ok=4385 err=215 last_id=53248 pred=photo st=ok
[4625/65201] ok=4409 err=216 last_id=53859 pred=painted st=ok
[4650/65201] ok=4433 err=217 last_id=54123 pred=painted st=ok
[4675/65201] ok=4456 err=219 last_id=54612 pred=painted st=ok
[4700/65201] ok=4481 err=219 last_id=54963 pred=painted st=ok
[4725/65201] ok=4503 err=222 last_id=55209 pred=painted st=ok
[4750/65201] ok=4526 err=224 last_id=55662 pred=photo st=ok
[4775/65201] ok=4548 err=227 last_id=55943 pred=photo st=ok
[4800/65201] ok=4572 err=228 last_id=56161 pred=composite st=ok
[4825/65201] ok=4592 err=233 last_id=56604 pred=photo st=ok
[4850/65201] ok=4612 err=238 last_id=57018 pred=photo st=ok
[4875/65201] ok=4636 err=239 last_id=57230 pred=photo st=ok
[4900/65201] ok=4660 err=240 last_id=57876 pred=photo st=ok
[4925/65201] ok=4685 err=240 last_id=58200 pred=painted st=ok
[4950/65201] ok=4709 err=241 last_id=58788 pred=photo st=ok
[4975/65201] ok=4733 err=242 last_id=58864 pred=painted st=ok
[5000/65201] ok=4757 err=243 last_id=59158 pred=painted st=ok
[5025/65201] ok=4782 err=243 last_id=59744 pred=painted st=ok
[5050/65201] ok=4806 err=244 last_id=60275 pred=composite st=ok
[5075/65201] ok=4831 err=244 last_id=60827 pred=painted st=ok
[5100/65201] ok=4854 err=246 last_id=61506 pred=painted st=ok
[5125/65201] ok=4879 err=246 last_id=62131 pred=composite st=ok
[5150/65201] ok=4902 err=248 last_id=62916 pred=painted st=ok
[5175/65201] ok=4925 err=250 last_id=63081 pred=composite st=ok
[5200/65201] ok=4949 err=251 last_id=63512 pred=painted st=ok
[5225/65201] ok=4973 err=252 last_id=64113 pred=composite st=ok
[5250/65201] ok=4995 err=255 last_id=64720 pred=photo st=ok
[5275/65201] ok=5017 err=258 last_id=65001 pred= st=miss
[5300/65201] ok=5042 err=258 last_id=65459 pred=painted st=ok
[5325/65201] ok=5064 err=261 last_id=65984 pred=painted st=ok
[5350/65201] ok=5088 err=262 last_id=66474 pred=composite st=ok
[5375/65201] ok=5113 err=262 last_id=67087 pred=painted st=ok
[5400/65201] ok=5138 err=262 last_id=67382 pred=painted st=ok
[5425/65201] ok=5161 err=264 last_id=67730 pred=photo st=ok
[5450/65201] ok=5185 err=265 last_id=68485 pred=painted st=ok
[5475/65201] ok=5209 err=266 last_id=68715 pred=photo st=ok
[5500/65201] ok=5233 err=267 last_id=69163 pred=photo st=ok
[5525/65201] ok=5257 err=268 last_id=69607 pred=composite st=ok
[5550/65201] ok=5282 err=268 last_id=70019 pred=composite st=ok
[5575/65201] ok=5305 err=270 last_id=70217 pred=photo st=ok
[5600/65201] ok=5328 err=272 last_id=70856 pred=painted st=ok
[5625/65201] ok=5352 err=273 last_id=71373 pred=photo st=ok
[5650/65201] ok=5376 err=274 last_id=71612 pred=composite st=ok
[5675/65201] ok=5401 err=274 last_id=71626 pred=painted st=ok
[5700/65201] ok=5426 err=274 last_id=72508 pred=painted st=ok
[5725/65201] ok=5447 err=278 last_id=73143 pred=photo st=ok
[5750/65201] ok=5468 err=282 last_id=73408 pred=composite st=ok
[5775/65201] ok=5492 err=283 last_id=73943 pred=composite st=ok
[5800/65201] ok=5517 err=283 last_id=74215 pred=painted st=ok
[5825/65201] ok=5542 err=283 last_id=74560 pred=painted st=ok
[5850/65201] ok=5566 err=284 last_id=74915 pred=composite st=ok
[5875/65201] ok=5590 err=285 last_id=75555 pred=photo st=ok
[5900/65201] ok=5615 err=285 last_id=76400 pred=painted st=ok
[5925/65201] ok=5640 err=285 last_id=76681 pred=painted st=ok
[5950/65201] ok=5665 err=285 last_id=77046 pred=painted st=ok
[5975/65201] ok=5689 err=286 last_id=77551 pred=photo st=ok
[6000/65201] ok=5714 err=286 last_id=78042 pred=composite st=ok
[6025/65201] ok=5739 err=286 last_id=78362 pred=painted st=ok
[6050/65201] ok=5764 err=286 last_id=79075 pred=photo st=ok
[6075/65201] ok=5788 err=287 last_id=79436 pred=painted st=ok
[6100/65201] ok=5811 err=289 last_id=80195 pred=composite st=ok
[6125/65201] ok=5834 err=291 last_id=80655 pred=painted st=ok
[6150/65201] ok=5857 err=293 last_id=81464 pred=composite st=ok
[6175/65201] ok=5882 err=293 last_id=81477 pred=painted st=ok
[6200/65201] ok=5906 err=294 last_id=82465 pred= st=miss
[6225/65201] ok=5928 err=297 last_id=82999 pred=painted st=ok
[6250/65201] ok=5952 err=298 last_id=83223 pred=composite st=ok
[6275/65201] ok=5977 err=298 last_id=83880 pred=photo st=ok
[6300/65201] ok=6001 err=299 last_id=84152 pred=painted st=ok
[6325/65201] ok=6026 err=299 last_id=84387 pred=painted st=ok
[6350/65201] ok=6051 err=299 last_id=84612 pred=painted st=ok
[6375/65201] ok=6076 err=299 last_id=84924 pred=photo st=ok
[6400/65201] ok=6101 err=299 last_id=84995 pred=painted st=ok
[6425/65201] ok=6126 err=299 last_id=85137 pred=painted st=ok
[6450/65201] ok=6151 err=299 last_id=85171 pred=painted st=ok
[6475/65201] ok=6176 err=299 last_id=85196 pred=painted st=ok
[6500/65201] ok=6200 err=300 last_id=85438 pred=photo st=ok
[6525/65201] ok=6223 err=302 last_id=85620 pred=painted st=ok
[6550/65201] ok=6247 err=303 last_id=86075 pred=photo st=ok
[6575/65201] ok=6272 err=303 last_id=86328 pred=painted st=ok
[6600/65201] ok=6296 err=304 last_id=86672 pred=painted st=ok
[6625/65201] ok=6321 err=304 last_id=87039 pred=photo st=ok
[6650/65201] ok=6343 err=307 last_id=87462 pred= st=miss
[6675/65201] ok=6368 err=307 last_id=87710 pred=painted st=ok
[6700/65201] ok=6392 err=308 last_id=88014 pred=painted st=ok
[6725/65201] ok=6417 err=308 last_id=88520 pred=painted st=ok
[6750/65201] ok=6441 err=309 last_id=88983 pred=painted st=ok
[6775/65201] ok=6466 err=309 last_id=89535 pred=photo st=ok
[6800/65201] ok=6490 err=310 last_id=89885 pred=painted st=ok
[6825/65201] ok=6515 err=310 last_id=90084 pred=painted st=ok
[6850/65201] ok=6539 err=311 last_id=90765 pred=photo st=ok
[6875/65201] ok=6564 err=311 last_id=91227 pred=painted st=ok
[6900/65201] ok=6587 err=313 last_id=91605 pred=composite st=ok
[6925/65201] ok=6610 err=315 last_id=91982 pred=photo st=ok
[6950/65201] ok=6634 err=316 last_id=92731 pred= st=miss
[6975/65201] ok=6658 err=317 last_id=92791 pred=painted st=ok
[7000/65201] ok=6682 err=318 last_id=93890 pred=painted st=ok
[7025/65201] ok=6706 err=319 last_id=94365 pred=painted st=ok
[7050/65201] ok=6730 err=320 last_id=95002 pred=photo st=ok
[7075/65201] ok=6754 err=321 last_id=95551 pred=painted st=ok
[7100/65201] ok=6777 err=323 last_id=96568 pred= st=miss
[7125/65201] ok=6801 err=324 last_id=97306 pred=composite st=ok
[7150/65201] ok=6825 err=325 last_id=97642 pred=painted st=ok
[7175/65201] ok=6850 err=325 last_id=97985 pred=painted st=ok
[7200/65201] ok=6873 err=327 last_id=98360 pred=photo st=ok
[7225/65201] ok=6894 err=331 last_id=99194 pred=painted st=ok
[7250/65201] ok=6915 err=335 last_id=99537 pred=photo st=ok
[7275/65201] ok=6937 err=338 last_id=100472 pred= st=miss
[7300/65201] ok=6961 err=339 last_id=101060 pred=composite st=ok
[7325/65201] ok=6984 err=341 last_id=101733 pred=painted st=ok
[7350/65201] ok=7002 err=348 last_id=102283 pred=photo st=ok
[7375/65201] ok=7024 err=351 last_id=103212 pred=composite st=ok
[7400/65201] ok=7049 err=351 last_id=103971 pred=painted st=ok
[7425/65201] ok=7074 err=351 last_id=104360 pred=painted st=ok
[7450/65201] ok=7099 err=351 last_id=104583 pred=painted st=ok
[7475/65201] ok=7124 err=351 last_id=104687 pred=painted st=ok
[7500/65201] ok=7149 err=351 last_id=104947 pred=painted st=ok
[7525/65201] ok=7171 err=354 last_id=105091 pred=photo st=ok
[7550/65201] ok=7196 err=354 last_id=105184 pred=painted st=ok
[7575/65201] ok=7220 err=355 last_id=105755 pred=composite st=ok
[7600/65201] ok=7245 err=355 last_id=105924 pred=composite st=ok
[7625/65201] ok=7268 err=357 last_id=106444 pred=painted st=ok
[7650/65201] ok=7293 err=357 last_id=106505 pred=photo st=ok
[7675/65201] ok=7316 err=359 last_id=106774 pred=painted st=ok
[7700/65201] ok=7339 err=361 last_id=107342 pred=photo st=ok
[7725/65201] ok=7363 err=362 last_id=107413 pred=photo st=ok
[7750/65201] ok=7386 err=364 last_id=108093 pred=photo st=ok
[7775/65201] ok=7411 err=364 last_id=108561 pred=painted st=ok
[7800/65201] ok=7434 err=366 last_id=108859 pred= st=miss
[7825/65201] ok=7457 err=368 last_id=109109 pred=painted st=ok
[7850/65201] ok=7481 err=369 last_id=109565 pred=painted st=ok
[7875/65201] ok=7506 err=369 last_id=110523 pred=painted st=ok
[7900/65201] ok=7531 err=369 last_id=111074 pred=painted st=ok
[7925/65201] ok=7556 err=369 last_id=112371 pred=photo st=ok
[7950/65201] ok=7581 err=369 last_id=113082 pred=painted st=ok
[7975/65201] ok=7606 err=369 last_id=113458 pred=photo st=ok
[8000/65201] ok=7631 err=369 last_id=113991 pred=painted st=ok
[8025/65201] ok=7651 err=374 last_id=114320 pred=painted st=ok
[8050/65201] ok=7674 err=376 last_id=115167 pred=photo st=ok
[8075/65201] ok=7698 err=377 last_id=115816 pred=painted st=ok
[8100/65201] ok=7723 err=377 last_id=116351 pred=photo st=ok
[8125/65201] ok=7746 err=379 last_id=116875 pred=painted st=ok
[8150/65201] ok=7771 err=379 last_id=117414 pred=photo st=ok
[8175/65201] ok=7794 err=381 last_id=117978 pred=photo st=ok
[8200/65201] ok=7816 err=384 last_id=119159 pred=painted st=ok
[8225/65201] ok=7841 err=384 last_id=119592 pred=painted st=ok
[8250/65201] ok=7866 err=384 last_id=120194 pred=photo st=ok
[8275/65201] ok=7889 err=386 last_id=121175 pred=photo st=ok
[8300/65201] ok=7911 err=389 last_id=122027 pred=painted st=ok
[8325/65201] ok=7935 err=390 last_id=122539 pred=composite st=ok
[8350/65201] ok=7960 err=390 last_id=122582 pred=composite st=ok
[8375/65201] ok=7982 err=393 last_id=124114 pred=composite st=ok
[8400/65201] ok=8007 err=393 last_id=124637 pred=composite st=ok
[8425/65201] ok=8031 err=394 last_id=125331 pred=painted st=ok
[8450/65201] ok=8053 err=397 last_id=126491 pred=photo st=ok
[8475/65201] ok=8078 err=397 last_id=126962 pred=photo st=ok
[8500/65201] ok=8103 err=397 last_id=127548 pred=painted st=ok
[8525/65201] ok=8126 err=399 last_id=127953 pred=painted st=ok
[8550/65201] ok=8150 err=400 last_id=128748 pred=painted st=ok
[8575/65201] ok=8171 err=404 last_id=129102 pred=painted st=ok
[8600/65201] ok=8193 err=407 last_id=130068 pred=photo st=ok
[8625/65201] ok=8217 err=408 last_id=131358 pred=composite st=ok
[8650/65201] ok=8240 err=410 last_id=131995 pred=painted st=ok
[8675/65201] ok=8265 err=410 last_id=132295 pred=painted st=ok
[8700/65201] ok=8290 err=410 last_id=133463 pred=photo st=ok
[8725/65201] ok=8315 err=410 last_id=134182 pred=photo st=ok
[8750/65201] ok=8340 err=410 last_id=134800 pred=painted st=ok
[8775/65201] ok=8363 err=412 last_id=135454 pred= st=miss
[8800/65201] ok=8387 err=413 last_id=135579 pred=painted st=ok
[8825/65201] ok=8412 err=413 last_id=136881 pred=painted st=ok
[8850/65201] ok=8436 err=414 last_id=137634 pred=composite st=ok
[8875/65201] ok=8459 err=416 last_id=137939 pred=photo st=ok
[8900/65201] ok=8481 err=419 last_id=138765 pred=painted st=ok
[8925/65201] ok=8506 err=419 last_id=139103 pred=painted st=ok
[8950/65201] ok=8530 err=420 last_id=139804 pred=painted st=ok
[8975/65201] ok=8555 err=420 last_id=140499 pred=painted st=ok
[9000/65201] ok=8579 err=421 last_id=141124 pred=painted st=ok
[9025/65201] ok=8604 err=421 last_id=141864 pred=painted st=ok
[9050/65201] ok=8629 err=421 last_id=141883 pred=painted st=ok
[9075/65201] ok=8651 err=424 last_id=143217 pred=photo st=ok
[9100/65201] ok=8674 err=426 last_id=143680 pred=painted st=ok
[9125/65201] ok=8698 err=427 last_id=144204 pred=photo st=ok
[9150/65201] ok=8723 err=427 last_id=144739 pred=photo st=ok
[9175/65201] ok=8747 err=428 last_id=145668 pred=photo st=ok
[9200/65201] ok=8769 err=431 last_id=147061 pred=painted st=ok
[9225/65201] ok=8790 err=435 last_id=147965 pred=composite st=ok
[9250/65201] ok=8812 err=438 last_id=149438 pred=photo st=ok
[9275/65201] ok=8835 err=440 last_id=150531 pred=painted st=ok
[9300/65201] ok=8858 err=442 last_id=152357 pred=photo st=ok
[9325/65201] ok=8881 err=444 last_id=153420 pred=photo st=ok
[9350/65201] ok=8905 err=445 last_id=153853 pred=photo st=ok
[9375/65201] ok=8927 err=448 last_id=155706 pred=composite st=ok
[9400/65201] ok=8951 err=449 last_id=156623 pred=photo st=ok
[9425/65201] ok=8975 err=450 last_id=157422 pred=photo st=ok
[9450/65201] ok=9000 err=450 last_id=158481 pred=painted st=ok
[9475/65201] ok=9025 err=450 last_id=159436 pred=painted st=ok
[9500/65201] ok=9048 err=452 last_id=160580 pred=painted st=ok
[9525/65201] ok=9072 err=453 last_id=161154 pred=painted st=ok
[9550/65201] ok=9096 err=454 last_id=161672 pred=composite st=ok
[9575/65201] ok=9119 err=456 last_id=164628 pred= st=miss
[9600/65201] ok=9143 err=457 last_id=165675 pred=painted st=ok
[9625/65201] ok=9167 err=458 last_id=166929 pred=composite st=ok
[9650/65201] ok=9190 err=460 last_id=167556 pred=painted st=ok
[9675/65201] ok=9213 err=462 last_id=167576 pred=painted st=ok
[9700/65201] ok=9236 err=464 last_id=169615 pred=painted st=ok
[9725/65201] ok=9260 err=465 last_id=170798 pred=painted st=ok
[9750/65201] ok=9285 err=465 last_id=171993 pred=painted st=ok
[9775/65201] ok=9309 err=466 last_id=172513 pred=painted st=ok
[9800/65201] ok=9334 err=466 last_id=173105 pred=painted st=ok
[9825/65201] ok=9358 err=467 last_id=173356 pred=photo st=ok
[9850/65201] ok=9382 err=468 last_id=174755 pred=painted st=ok
[9875/65201] ok=9404 err=471 last_id=177100 pred= st=miss
[9900/65201] ok=9428 err=472 last_id=177116 pred=composite st=ok
[9925/65201] ok=9450 err=475 last_id=179344 pred= st=miss
[9950/65201] ok=9472 err=478 last_id=180267 pred=painted st=ok
[9975/65201] ok=9496 err=479 last_id=181656 pred=photo st=ok
[10000/65201] ok=9521 err=479 last_id=182919 pred=photo st=ok
[10025/65201] ok=9546 err=479 last_id=184590 pred=photo st=ok
[10050/65201] ok=9571 err=479 last_id=185512 pred=painted st=ok
[10075/65201] ok=9594 err=481 last_id=186353 pred=painted st=ok
[10100/65201] ok=9618 err=482 last_id=187276 pred=photo st=ok
[10125/65201] ok=9642 err=483 last_id=188828 pred=composite st=ok
[10150/65201] ok=9665 err=485 last_id=190089 pred=painted st=ok
[10175/65201] ok=9683 err=492 last_id=190252 pred=painted st=ok
[10200/65201] ok=9707 err=493 last_id=192483 pred=photo st=ok
[10225/65201] ok=9731 err=494 last_id=193335 pred=painted st=ok
[10250/65201] ok=9756 err=494 last_id=194645 pred=painted st=ok
[10275/65201] ok=9777 err=498 last_id=195471 pred=photo st=ok
[10300/65201] ok=9801 err=499 last_id=197167 pred=painted st=ok
[10325/65201] ok=9824 err=501 last_id=198572 pred=painted st=ok
[10350/65201] ok=9848 err=502 last_id=199107 pred=composite st=ok
[10375/65201] ok=9871 err=504 last_id=200525 pred=painted st=ok
[10400/65201] ok=9896 err=504 last_id=201110 pred=photo st=ok
[10425/65201] ok=9920 err=505 last_id=201712 pred=painted st=ok
[10450/65201] ok=9945 err=505 last_id=203270 pred=composite st=ok
[10475/65201] ok=9967 err=508 last_id=204349 pred=composite st=ok
[10500/65201] ok=9990 err=510 last_id=205321 pred=photo st=ok
[10525/65201] ok=10015 err=510 last_id=206794 pred=photo st=ok
[10550/65201] ok=10040 err=510 last_id=207780 pred=composite st=ok
[10575/65201] ok=10065 err=510 last_id=208705 pred=composite st=ok
[10600/65201] ok=10088 err=512 last_id=210079 pred=photo st=ok
[10625/65201] ok=10112 err=513 last_id=210913 pred=photo st=ok
[10650/65201] ok=10134 err=516 last_id=211301 pred= st=miss
[10675/65201] ok=10152 err=523 last_id=212043 pred=painted st=ok
[10700/65201] ok=10175 err=525 last_id=213153 pred=painted st=ok
[10725/65201] ok=10194 err=531 last_id=213766 pred=photo st=ok
[10750/65201] ok=10212 err=538 last_id=213945 pred=painted st=ok
[10775/65201] ok=10235 err=540 last_id=215620 pred=photo st=ok
[10800/65201] ok=10257 err=543 last_id=216186 pred=photo st=ok
[10825/65201] ok=10278 err=547 last_id=217345 pred= st=miss
[10850/65201] ok=10301 err=549 last_id=218514 pred=painted st=ok
[10875/65201] ok=10324 err=551 last_id=219001 pred=painted st=ok
[10900/65201] ok=10347 err=553 last_id=220475 pred=composite st=ok
[10925/65201] ok=10371 err=554 last_id=221506 pred=painted st=ok
[10950/65201] ok=10396 err=554 last_id=222333 pred=photo st=ok
[10975/65201] ok=10414 err=561 last_id=223099 pred=composite st=ok
[11000/65201] ok=10436 err=564 last_id=223753 pred=painted st=ok
[11025/65201] ok=10459 err=566 last_id=224650 pred= st=miss
[11050/65201] ok=10482 err=568 last_id=225029 pred=painted st=ok
[11075/65201] ok=10502 err=573 last_id=225800 pred= st=miss
[11100/65201] ok=10524 err=576 last_id=225898 pred=painted st=ok
[11125/65201] ok=10543 err=582 last_id=227002 pred=painted st=ok
[11150/65201] ok=10565 err=585 last_id=227565 pred=composite st=ok
[11175/65201] ok=10588 err=587 last_id=227895 pred=composite st=ok
[11200/65201] ok=10610 err=590 last_id=228915 pred=painted st=ok
[11225/65201] ok=10632 err=593 last_id=229862 pred=painted st=ok
[11250/65201] ok=10653 err=597 last_id=230333 pred=painted st=ok
[11275/65201] ok=10674 err=601 last_id=230977 pred=painted st=ok
[11300/65201] ok=10691 err=609 last_id=232856 pred=photo st=ok
[11325/65201] ok=10715 err=610 last_id=233292 pred= st=miss
[11350/65201] ok=10739 err=611 last_id=235537 pred=painted st=ok
[11375/65201] ok=10762 err=613 last_id=237862 pred=photo st=ok
[11400/65201] ok=10782 err=618 last_id=238957 pred=composite st=ok
[11425/65201] ok=10802 err=623 last_id=240194 pred= st=miss
[11450/65201] ok=10824 err=626 last_id=241843 pred=painted st=ok
[11475/65201] ok=10847 err=628 last_id=243770 pred=painted st=ok
[11500/65201] ok=10870 err=630 last_id=244158 pred=photo st=ok
[11525/65201] ok=10895 err=630 last_id=245367 pred=photo st=ok
[11550/65201] ok=10917 err=633 last_id=246223 pred=painted st=ok
[11575/65201] ok=10942 err=633 last_id=247418 pred=photo st=ok
[11600/65201] ok=10966 err=634 last_id=248641 pred=painted st=ok
[11625/65201] ok=10990 err=635 last_id=249254 pred=photo st=ok
[11650/65201] ok=11013 err=637 last_id=250325 pred=painted st=ok
[11675/65201] ok=11034 err=641 last_id=250717 pred=photo st=ok
[11700/65201] ok=11055 err=645 last_id=251371 pred=painted st=ok
[11725/65201] ok=11079 err=646 last_id=252409 pred=painted st=ok
[11750/65201] ok=11102 err=648 last_id=252801 pred=composite st=ok
[11775/65201] ok=11122 err=653 last_id=253323 pred=painted st=ok
[11800/65201] ok=11147 err=653 last_id=254156 pred=painted st=ok
[11825/65201] ok=11170 err=655 last_id=255249 pred=painted st=ok
[11850/65201] ok=11192 err=658 last_id=255633 pred=composite st=ok
[11875/65201] ok=11214 err=661 last_id=256514 pred=painted st=ok
[11900/65201] ok=11238 err=662 last_id=257047 pred=composite st=ok
[11925/65201] ok=11262 err=663 last_id=257646 pred=painted st=ok
[11950/65201] ok=11283 err=667 last_id=258851 pred= st=miss
[11975/65201] ok=11306 err=669 last_id=259469 pred=painted st=ok
[12000/65201] ok=11328 err=672 last_id=259920 pred=painted st=ok
[12025/65201] ok=11352 err=673 last_id=260804 pred= st=miss
[12050/65201] ok=11371 err=679 last_id=261595 pred=painted st=ok
[12075/65201] ok=11395 err=680 last_id=262324 pred=painted st=ok
[12100/65201] ok=11419 err=681 last_id=262996 pred=photo st=ok
[12125/65201] ok=11443 err=682 last_id=264107 pred=painted st=ok
[12150/65201] ok=11466 err=684 last_id=264485 pred=composite st=ok
[12175/65201] ok=11490 err=685 last_id=264948 pred=painted st=ok
[12200/65201] ok=11512 err=688 last_id=266182 pred=composite st=ok
[12225/65201] ok=11534 err=691 last_id=267767 pred=photo st=ok
[12250/65201] ok=11558 err=692 last_id=268575 pred=painted st=ok
[12275/65201] ok=11583 err=692 last_id=269185 pred=composite st=ok
[12300/65201] ok=11607 err=693 last_id=270057 pred=painted st=ok
[12325/65201] ok=11624 err=701 last_id=270478 pred=photo st=ok
[12350/65201] ok=11646 err=704 last_id=271075 pred=painted st=ok
[12375/65201] ok=11669 err=706 last_id=272108 pred=painted st=ok
[12400/65201] ok=11690 err=710 last_id=272713 pred=composite st=ok
[12425/65201] ok=11711 err=714 last_id=273511 pred=painted st=ok
[12450/65201] ok=11732 err=718 last_id=274081 pred=photo st=ok
[12475/65201] ok=11753 err=722 last_id=274339 pred=painted st=ok
[12500/65201] ok=11771 err=729 last_id=275805 pred=composite st=ok
[12525/65201] ok=11793 err=732 last_id=276483 pred=photo st=ok
[12550/65201] ok=11818 err=732 last_id=276930 pred=painted st=ok
[12575/65201] ok=11839 err=736 last_id=277774 pred= st=miss
[12600/65201] ok=11864 err=736 last_id=278682 pred=painted st=ok
[12625/65201] ok=11887 err=738 last_id=279359 pred=painted st=ok
[12650/65201] ok=11906 err=744 last_id=279764 pred=painted st=ok
[12675/65201] ok=11930 err=745 last_id=280402 pred= st=miss
[12700/65201] ok=11950 err=750 last_id=281101 pred=painted st=ok
[12725/65201] ok=11972 err=753 last_id=281897 pred=photo st=ok
[12750/65201] ok=11995 err=755 last_id=282443 pred=composite st=ok
[12775/65201] ok=12016 err=759 last_id=283112 pred=photo st=ok
[12800/65201] ok=12038 err=762 last_id=283225 pred=painted st=ok
[12825/65201] ok=12060 err=765 last_id=284813 pred=photo st=ok
[12850/65201] ok=12079 err=771 last_id=285743 pred=painted st=ok
[12875/65201] ok=12101 err=774 last_id=286570 pred=painted st=ok
[12900/65201] ok=12123 err=777 last_id=287318 pred=photo st=ok
[12925/65201] ok=12147 err=778 last_id=288154 pred=photo st=ok
[12950/65201] ok=12169 err=781 last_id=289197 pred=photo st=ok
[12975/65201] ok=12193 err=782 last_id=290079 pred=photo st=ok
[13000/65201] ok=12217 err=783 last_id=290619 pred=painted st=ok
[13025/65201] ok=12238 err=787 last_id=290697 pred= st=miss
[13050/65201] ok=12262 err=788 last_id=291506 pred=painted st=ok
[13075/65201] ok=12284 err=791 last_id=292013 pred=photo st=ok
[13100/65201] ok=12308 err=792 last_id=293240 pred=painted st=ok
[13125/65201] ok=12328 err=797 last_id=293071 pred=painted st=ok
[13150/65201] ok=12352 err=798 last_id=294274 pred=photo st=ok
[13175/65201] ok=12376 err=799 last_id=294816 pred=painted st=ok
[13200/65201] ok=12396 err=804 last_id=294979 pred=photo st=ok
[13225/65201] ok=12416 err=809 last_id=295786 pred=painted st=ok
[13250/65201] ok=12438 err=812 last_id=296457 pred=painted st=ok
[13275/65201] ok=12461 err=814 last_id=296998 pred=painted st=ok
[13300/65201] ok=12484 err=816 last_id=297478 pred=photo st=ok
[13325/65201] ok=12506 err=819 last_id=298009 pred=composite st=ok
[13350/65201] ok=12525 err=825 last_id=298380 pred=photo st=ok
[13375/65201] ok=12548 err=827 last_id=298830 pred=painted st=ok
[13400/65201] ok=12571 err=829 last_id=299431 pred=painted st=ok
[13425/65201] ok=12593 err=832 last_id=299599 pred=composite st=ok
[13450/65201] ok=12616 err=834 last_id=299740 pred=photo st=ok
[13475/65201] ok=12639 err=836 last_id=300442 pred=painted st=ok
[13500/65201] ok=12660 err=840 last_id=301010 pred=painted st=ok
[13525/65201] ok=12684 err=841 last_id=301365 pred=composite st=ok
[13550/65201] ok=12708 err=842 last_id=302506 pred=painted st=ok
[13575/65201] ok=12728 err=847 last_id=303327 pred= st=miss
[13600/65201] ok=12753 err=847 last_id=303856 pred=painted st=ok
[13625/65201] ok=12775 err=850 last_id=305077 pred=painted st=ok
[13650/65201] ok=12797 err=853 last_id=306307 pred=photo st=ok
[13675/65201] ok=12817 err=858 last_id=306967 pred=composite st=ok
[13700/65201] ok=12840 err=860 last_id=307739 pred=painted st=ok
[13725/65201] ok=12861 err=864 last_id=308650 pred=photo st=ok
[13750/65201] ok=12885 err=865 last_id=309589 pred= st=miss
[13775/65201] ok=12907 err=868 last_id=310592 pred= st=miss
[13800/65201] ok=12931 err=869 last_id=311116 pred=composite st=ok
[13825/65201] ok=12952 err=873 last_id=312275 pred=painted st=ok
[13850/65201] ok=12973 err=877 last_id=314235 pred=painted st=ok
[13875/65201] ok=12994 err=881 last_id=315011 pred=composite st=ok
[13900/65201] ok=13016 err=884 last_id=315404 pred=painted st=ok
[13925/65201] ok=13040 err=885 last_id=316106 pred=composite st=ok
[13950/65201] ok=13064 err=886 last_id=316979 pred=composite st=ok
[13975/65201] ok=13087 err=888 last_id=317957 pred=painted st=ok
[14000/65201] ok=13108 err=892 last_id=318788 pred=painted st=ok
[14025/65201] ok=13130 err=895 last_id=319551 pred=photo st=ok
[14050/65201] ok=13151 err=899 last_id=320366 pred= st=miss
[14075/65201] ok=13176 err=899 last_id=321099 pred=photo st=ok
[14100/65201] ok=13196 err=904 last_id=321709 pred=painted st=ok
[14125/65201] ok=13213 err=912 last_id=322149 pred= st=miss
[14150/65201] ok=13236 err=914 last_id=322163 pred=photo st=ok
[14175/65201] ok=13260 err=915 last_id=322647 pred=painted st=ok
[14200/65201] ok=13284 err=916 last_id=323528 pred=photo st=ok
[14225/65201] ok=13308 err=917 last_id=324243 pred=painted st=ok
[14250/65201] ok=13331 err=919 last_id=324393 pred=photo st=ok
[14275/65201] ok=13347 err=928 last_id=326086 pred=photo st=ok
[14300/65201] ok=13371 err=929 last_id=326732 pred=painted st=ok
[14325/65201] ok=13392 err=933 last_id=326872 pred=painted st=ok
[14350/65201] ok=13411 err=939 last_id=327930 pred= st=miss
[14375/65201] ok=13433 err=942 last_id=328975 pred=painted st=ok
[14400/65201] ok=13457 err=943 last_id=329289 pred=photo st=ok
[14425/65201] ok=13482 err=943 last_id=330025 pred=composite st=ok
[14450/65201] ok=13505 err=945 last_id=330944 pred=painted st=ok
[14475/65201] ok=13528 err=947 last_id=331425 pred=composite st=ok
[14500/65201] ok=13551 err=949 last_id=332167 pred=photo st=ok
[14525/65201] ok=13574 err=951 last_id=332567 pred=photo st=ok
[14550/65201] ok=13592 err=958 last_id=333680 pred= st=miss
[14575/65201] ok=13615 err=960 last_id=334098 pred=composite st=ok
[14600/65201] ok=13636 err=964 last_id=334394 pred=photo st=ok
[14625/65201] ok=13659 err=966 last_id=335512 pred=painted st=ok
[14650/65201] ok=13681 err=969 last_id=336241 pred=photo st=ok
[14675/65201] ok=13705 err=970 last_id=336871 pred=photo st=ok
[14700/65201] ok=13726 err=974 last_id=337355 pred= st=miss
[14725/65201] ok=13749 err=976 last_id=338067 pred=painted st=ok
[14750/65201] ok=13774 err=976 last_id=338713 pred=painted st=ok
[14775/65201] ok=13799 err=976 last_id=338900 pred=photo st=ok
[14800/65201] ok=13820 err=980 last_id=340103 pred=photo st=ok
[14825/65201] ok=13843 err=982 last_id=340744 pred=painted st=ok
[14850/65201] ok=13865 err=985 last_id=341069 pred=painted st=ok
[14875/65201] ok=13885 err=990 last_id=341856 pred=composite st=ok
[14900/65201] ok=13907 err=993 last_id=342584 pred= st=miss
[14925/65201] ok=13926 err=999 last_id=343336 pred= st=miss
[14950/65201] ok=13946 err=1004 last_id=343664 pred=painted st=ok
[14975/65201] ok=13969 err=1006 last_id=344104 pred=photo st=ok
[15000/65201] ok=13993 err=1007 last_id=344796 pred=photo st=ok
[15025/65201] ok=14016 err=1009 last_id=345154 pred=painted st=ok
[15050/65201] ok=14040 err=1010 last_id=346318 pred=painted st=ok
[15075/65201] ok=14058 err=1017 last_id=346986 pred=composite st=ok
[15100/65201] ok=14080 err=1020 last_id=347548 pred=painted st=ok
[15125/65201] ok=14104 err=1021 last_id=347919 pred=composite st=ok
[15150/65201] ok=14125 err=1025 last_id=348236 pred=painted st=ok
[15175/65201] ok=14146 err=1029 last_id=349046 pred=painted st=ok
[15200/65201] ok=14170 err=1030 last_id=349849 pred=photo st=ok
[15225/65201] ok=14191 err=1034 last_id=350916 pred=painted st=ok
[15250/65201] ok=14212 err=1038 last_id=351933 pred=composite st=ok
[15275/65201] ok=14230 err=1045 last_id=352232 pred=painted st=ok
[15300/65201] ok=14251 err=1049 last_id=353093 pred=photo st=ok
[15325/65201] ok=14275 err=1050 last_id=353634 pred=photo st=ok
[15350/65201] ok=14293 err=1057 last_id=354152 pred=photo st=ok
[15375/65201] ok=14312 err=1063 last_id=354606 pred=painted st=ok
[15400/65201] ok=14331 err=1069 last_id=355487 pred= st=miss
[15425/65201] ok=14353 err=1072 last_id=356053 pred=painted st=ok
[15450/65201] ok=14376 err=1074 last_id=357021 pred=painted st=ok
[15475/65201] ok=14396 err=1079 last_id=358550 pred= st=miss
[15500/65201] ok=14417 err=1083 last_id=359056 pred=photo st=ok
[15525/65201] ok=14439 err=1086 last_id=359308 pred=photo st=ok
[15550/65201] ok=14460 err=1090 last_id=360118 pred=photo st=ok
[15575/65201] ok=14482 err=1093 last_id=360691 pred=painted st=ok
[15600/65201] ok=14503 err=1097 last_id=361265 pred=painted st=ok
[15625/65201] ok=14524 err=1101 last_id=362028 pred=painted st=ok
[15650/65201] ok=14546 err=1104 last_id=362340 pred=composite st=ok
[15675/65201] ok=14570 err=1105 last_id=362826 pred=photo st=ok
[15700/65201] ok=14591 err=1109 last_id=363264 pred=photo st=ok
[15725/65201] ok=14613 err=1112 last_id=364009 pred=photo st=ok
[15750/65201] ok=14635 err=1115 last_id=364425 pred=composite st=ok
[15775/65201] ok=14653 err=1122 last_id=365068 pred=painted st=ok
[15800/65201] ok=14674 err=1126 last_id=365834 pred=composite st=ok
[15825/65201] ok=14690 err=1135 last_id=366152 pred= st=miss
[15850/65201] ok=14710 err=1140 last_id=366637 pred=photo st=ok
[15875/65201] ok=14735 err=1140 last_id=367251 pred=composite st=ok
[15900/65201] ok=14759 err=1141 last_id=368256 pred=painted st=ok
[15925/65201] ok=14781 err=1144 last_id=369300 pred=painted st=ok
[15950/65201] ok=14804 err=1146 last_id=370091 pred=photo st=ok
[15975/65201] ok=14821 err=1154 last_id=370286 pred=composite st=ok
[16000/65201] ok=14845 err=1155 last_id=370787 pred= st=miss
[16025/65201] ok=14867 err=1158 last_id=371873 pred= st=miss
[16050/65201] ok=14884 err=1166 last_id=372581 pred=painted st=ok
[16075/65201] ok=14904 err=1171 last_id=374221 pred=painted st=ok
[16100/65201] ok=14928 err=1172 last_id=375061 pred=composite st=ok
[16125/65201] ok=14951 err=1174 last_id=375909 pred=painted st=ok
[16150/65201] ok=14973 err=1177 last_id=377150 pred=painted st=ok
[16175/65201] ok=14995 err=1180 last_id=377998 pred=composite st=ok
[16200/65201] ok=15018 err=1182 last_id=379096 pred= st=miss
[16225/65201] ok=15039 err=1186 last_id=379471 pred=painted st=ok
[16250/65201] ok=15062 err=1188 last_id=380372 pred=painted st=ok
[16275/65201] ok=15083 err=1192 last_id=381063 pred=painted st=ok
[16300/65201] ok=15103 err=1197 last_id=381355 pred=photo st=ok
[16325/65201] ok=15123 err=1202 last_id=382012 pred=composite st=ok
[16350/65201] ok=15145 err=1205 last_id=383053 pred=painted st=ok
[16375/65201] ok=15170 err=1205 last_id=383035 pred=painted st=ok
[16400/65201] ok=15191 err=1209 last_id=384056 pred=painted st=ok
[16425/65201] ok=15211 err=1214 last_id=384912 pred=painted st=ok
[16450/65201] ok=15229 err=1221 last_id=385075 pred= st=miss
[16475/65201] ok=15251 err=1224 last_id=386298 pred=photo st=ok
[16500/65201] ok=15267 err=1233 last_id=386850 pred=painted st=ok
[16525/65201] ok=15288 err=1237 last_id=387749 pred=painted st=ok
[16550/65201] ok=15311 err=1239 last_id=388531 pred=painted st=ok
[16575/65201] ok=15332 err=1243 last_id=389849 pred=composite st=ok
[16600/65201] ok=15354 err=1246 last_id=391051 pred=painted st=ok
[16625/65201] ok=15377 err=1248 last_id=391363 pred=painted st=ok
[16650/65201] ok=15401 err=1249 last_id=392222 pred=photo st=ok
[16675/65201] ok=15420 err=1255 last_id=392818 pred=photo st=ok
[16700/65201] ok=15440 err=1260 last_id=393493 pred=painted st=ok
[16725/65201] ok=15464 err=1261 last_id=394578 pred=photo st=ok
[16750/65201] ok=15481 err=1269 last_id=395483 pred= st=miss
[16775/65201] ok=15503 err=1272 last_id=396060 pred=composite st=ok
[16800/65201] ok=15525 err=1275 last_id=396321 pred=composite st=ok
[16825/65201] ok=15546 err=1279 last_id=397558 pred= st=miss
[16850/65201] ok=15569 err=1281 last_id=398208 pred=photo st=ok
[16875/65201] ok=15590 err=1285 last_id=398896 pred= st=miss
[16900/65201] ok=15610 err=1290 last_id=399372 pred=painted st=ok
[16925/65201] ok=15632 err=1293 last_id=400150 pred=painted st=ok
[16950/65201] ok=15655 err=1295 last_id=400710 pred=photo st=ok
[16975/65201] ok=15674 err=1301 last_id=401106 pred=composite st=ok
[17000/65201] ok=15696 err=1304 last_id=401560 pred=photo st=ok
[17025/65201] ok=15718 err=1307 last_id=402008 pred= st=miss
[17050/65201] ok=15739 err=1311 last_id=403032 pred=composite st=ok
[17075/65201] ok=15763 err=1312 last_id=403609 pred=painted st=ok
[17100/65201] ok=15786 err=1314 last_id=404350 pred=painted st=ok
[17125/65201] ok=15809 err=1316 last_id=405029 pred=painted st=ok
[17150/65201] ok=15829 err=1321 last_id=405563 pred= st=miss
[17175/65201] ok=15852 err=1323 last_id=406107 pred=photo st=ok
[17200/65201] ok=15876 err=1324 last_id=406445 pred=composite st=ok
[17225/65201] ok=15896 err=1329 last_id=407526 pred=painted st=ok
[17250/65201] ok=15919 err=1331 last_id=407775 pred=composite st=ok
[17275/65201] ok=15939 err=1336 last_id=408221 pred=composite st=ok
[17300/65201] ok=15963 err=1337 last_id=408650 pred=painted st=ok
[17325/65201] ok=15986 err=1339 last_id=409361 pred=painted st=ok
[17350/65201] ok=16008 err=1342 last_id=410526 pred=photo st=ok
[17375/65201] ok=16028 err=1347 last_id=411143 pred=composite st=ok
[17400/65201] ok=16052 err=1348 last_id=412333 pred=painted st=ok
[17425/65201] ok=16076 err=1349 last_id=412741 pred=painted st=ok
[17450/65201] ok=16100 err=1350 last_id=413353 pred=painted st=ok
[17475/65201] ok=16121 err=1354 last_id=414192 pred=painted st=ok
[17500/65201] ok=16143 err=1357 last_id=415061 pred=photo st=ok
[17525/65201] ok=16161 err=1364 last_id=415609 pred=composite st=ok
[17550/65201] ok=16182 err=1368 last_id=415890 pred=photo st=ok
[17575/65201] ok=16197 err=1378 last_id=416459 pred= st=miss
[17600/65201] ok=16217 err=1383 last_id=416470 pred=painted st=ok
[17625/65201] ok=16235 err=1390 last_id=416753 pred=photo st=ok
[17650/65201] ok=16258 err=1392 last_id=417685 pred=composite st=ok
[17675/65201] ok=16273 err=1402 last_id=418286 pred=painted st=ok
[17700/65201] ok=16294 err=1406 last_id=418822 pred=painted st=ok
[17725/65201] ok=16318 err=1407 last_id=419030 pred= st=miss
[17750/65201] ok=16339 err=1411 last_id=419390 pred=composite st=ok
[17775/65201] ok=16364 err=1411 last_id=419663 pred=photo st=ok
[17800/65201] ok=16385 err=1415 last_id=419918 pred= st=miss
[17825/65201] ok=16410 err=1415 last_id=420212 pred=composite st=ok
[17850/65201] ok=16429 err=1421 last_id=420766 pred= st=miss
[17875/65201] ok=16445 err=1430 last_id=421140 pred=painted st=ok
[17900/65201] ok=16470 err=1430 last_id=421193 pred=painted st=ok
[17925/65201] ok=16494 err=1431 last_id=421985 pred=painted st=ok
[17950/65201] ok=16518 err=1432 last_id=422203 pred=composite st=ok
[17975/65201] ok=16542 err=1433 last_id=422357 pred=painted st=ok
[18000/65201] ok=16565 err=1435 last_id=422777 pred= st=miss
[18025/65201] ok=16588 err=1437 last_id=422998 pred=painted st=ok
[18050/65201] ok=16609 err=1441 last_id=423363 pred= st=miss
[18075/65201] ok=16629 err=1446 last_id=424054 pred=composite st=ok
[18100/65201] ok=16652 err=1448 last_id=424389 pred=composite st=ok
[18125/65201] ok=16672 err=1453 last_id=425109 pred=photo st=ok
[18150/65201] ok=16692 err=1458 last_id=425709 pred=painted st=ok
[18175/65201] ok=16712 err=1463 last_id=426333 pred= st=miss
[18200/65201] ok=16727 err=1473 last_id=426536 pred= st=miss
[18225/65201] ok=16749 err=1476 last_id=427040 pred=painted st=ok
[18250/65201] ok=16770 err=1480 last_id=428282 pred=photo st=ok
[18275/65201] ok=16789 err=1486 last_id=429148 pred= st=miss
[18300/65201] ok=16808 err=1492 last_id=429855 pred=painted st=ok
[18325/65201] ok=16827 err=1498 last_id=430342 pred=photo st=ok
[18350/65201] ok=16848 err=1502 last_id=431420 pred= st=miss
[18375/65201] ok=16870 err=1505 last_id=432524 pred=painted st=ok
[18400/65201] ok=16894 err=1506 last_id=433267 pred=painted st=ok
[18425/65201] ok=16917 err=1508 last_id=434130 pred=painted st=ok
[18450/65201] ok=16941 err=1509 last_id=434447 pred=composite st=ok
[18475/65201] ok=16964 err=1511 last_id=435179 pred=photo st=ok
[18500/65201] ok=16988 err=1512 last_id=436496 pred=painted st=ok
[18525/65201] ok=17011 err=1514 last_id=437600 pred=photo st=ok
[18550/65201] ok=17034 err=1516 last_id=438237 pred=painted st=ok
[18575/65201] ok=17059 err=1516 last_id=438734 pred=composite st=ok
[18600/65201] ok=17079 err=1521 last_id=439997 pred=composite st=ok
[18625/65201] ok=17102 err=1523 last_id=440444 pred=painted st=ok
[18650/65201] ok=17122 err=1528 last_id=441087 pred= st=miss
[18675/65201] ok=17144 err=1531 last_id=441910 pred=photo st=ok
[18700/65201] ok=17167 err=1533 last_id=442680 pred=painted st=ok
[18725/65201] ok=17189 err=1536 last_id=443352 pred=photo st=ok
[18750/65201] ok=17213 err=1537 last_id=444109 pred=composite st=ok
[18775/65201] ok=17231 err=1544 last_id=444876 pred= st=miss
[18800/65201] ok=17241 err=1559 last_id=444944 pred= st=miss
[18825/65201] ok=17257 err=1568 last_id=445498 pred=painted st=ok
[18850/65201] ok=17282 err=1568 last_id=445882 pred=painted st=ok
[18875/65201] ok=17307 err=1568 last_id=446360 pred=photo st=ok
[18900/65201] ok=17330 err=1570 last_id=446904 pred=composite st=ok
[18925/65201] ok=17352 err=1573 last_id=447347 pred=painted st=ok
[18950/65201] ok=17377 err=1573 last_id=447755 pred=composite st=ok
[18975/65201] ok=17401 err=1574 last_id=447858 pred=painted st=ok
[19000/65201] ok=17426 err=1574 last_id=448425 pred=painted st=ok
[19025/65201] ok=17448 err=1577 last_id=448976 pred=painted st=ok
[19050/65201] ok=17472 err=1578 last_id=449463 pred=painted st=ok
[19075/65201] ok=17497 err=1578 last_id=450157 pred=composite st=ok
[19100/65201] ok=17520 err=1580 last_id=450610 pred=painted st=ok
[19125/65201] ok=17544 err=1581 last_id=450868 pred=photo st=ok
[19150/65201] ok=17567 err=1583 last_id=451279 pred=composite st=ok
[19175/65201] ok=17592 err=1583 last_id=451695 pred=photo st=ok
[19200/65201] ok=17615 err=1585 last_id=452046 pred=painted st=ok
[19225/65201] ok=17640 err=1585 last_id=452654 pred=photo st=ok
[19250/65201] ok=17665 err=1585 last_id=453289 pred=composite st=ok
[19275/65201] ok=17690 err=1585 last_id=454417 pred=photo st=ok
[19300/65201] ok=17715 err=1585 last_id=455239 pred=photo st=ok
[19325/65201] ok=17740 err=1585 last_id=455690 pred=composite st=ok
[19350/65201] ok=17764 err=1586 last_id=456862 pred=photo st=ok
[19375/65201] ok=17788 err=1587 last_id=457651 pred=painted st=ok
[19400/65201] ok=17812 err=1588 last_id=458108 pred=composite st=ok
[19425/65201] ok=17836 err=1589 last_id=458780 pred=composite st=ok
[19450/65201] ok=17861 err=1589 last_id=459291 pred=composite st=ok
[19475/65201] ok=17886 err=1589 last_id=460006 pred=composite st=ok
[19500/65201] ok=17911 err=1589 last_id=460778 pred=painted st=ok
[19525/65201] ok=17935 err=1590 last_id=461496 pred=composite st=ok
[19550/65201] ok=17960 err=1590 last_id=461992 pred=painted st=ok
[19575/65201] ok=17984 err=1591 last_id=462604 pred=photo st=ok
[19600/65201] ok=18007 err=1593 last_id=463532 pred=photo st=ok
[19625/65201] ok=18030 err=1595 last_id=464105 pred=painted st=ok
[19650/65201] ok=18054 err=1596 last_id=464745 pred=composite st=ok
[19675/65201] ok=18079 err=1596 last_id=464900 pred=composite st=ok
[19700/65201] ok=18101 err=1599 last_id=465387 pred=painted st=ok
[19725/65201] ok=18126 err=1599 last_id=466165 pred=composite st=ok
[19750/65201] ok=18150 err=1600 last_id=467632 pred=photo st=ok
[19775/65201] ok=18175 err=1600 last_id=468062 pred=photo st=ok
[19800/65201] ok=18199 err=1601 last_id=469262 pred=painted st=ok
[19825/65201] ok=18224 err=1601 last_id=469867 pred=composite st=ok
[19850/65201] ok=18249 err=1601 last_id=470615 pred=composite st=ok
[19875/65201] ok=18274 err=1601 last_id=471469 pred=photo st=ok
[19900/65201] ok=18296 err=1604 last_id=471924 pred=painted st=ok
[19925/65201] ok=18320 err=1605 last_id=472621 pred=composite st=ok
[19950/65201] ok=18344 err=1606 last_id=473353 pred=photo st=ok
[19975/65201] ok=18367 err=1608 last_id=474463 pred=painted st=ok
[20000/65201] ok=18392 err=1608 last_id=475531 pred=painted st=ok
[20025/65201] ok=18413 err=1612 last_id=476299 pred=photo st=ok
[20050/65201] ok=18438 err=1612 last_id=476796 pred=photo st=ok
[20075/65201] ok=18462 err=1613 last_id=477342 pred=painted st=ok
[20100/65201] ok=18484 err=1616 last_id=478161 pred=photo st=ok
[20125/65201] ok=18508 err=1617 last_id=478924 pred=painted st=ok
[20150/65201] ok=18532 err=1618 last_id=479188 pred=photo st=ok
[20175/65201] ok=18557 err=1618 last_id=479392 pred=photo st=ok
[20200/65201] ok=18582 err=1618 last_id=479798 pred=painted st=ok
[20225/65201] ok=18607 err=1618 last_id=480210 pred=photo st=ok
[20250/65201] ok=18632 err=1618 last_id=480654 pred=painted st=ok
[20275/65201] ok=18655 err=1620 last_id=481072 pred=painted st=ok
[20300/65201] ok=18679 err=1621 last_id=481544 pred=painted st=ok
[20325/65201] ok=18704 err=1621 last_id=482214 pred=painted st=ok
[20350/65201] ok=18728 err=1622 last_id=482368 pred=painted st=ok
[20375/65201] ok=18753 err=1622 last_id=482888 pred=painted st=ok
[20400/65201] ok=18778 err=1622 last_id=483060 pred=photo st=ok
[20425/65201] ok=18802 err=1623 last_id=483256 pred=composite st=ok
[20450/65201] ok=18826 err=1624 last_id=483686 pred= st=miss
[20475/65201] ok=18851 err=1624 last_id=483977 pred=painted st=ok
[20500/65201] ok=18875 err=1625 last_id=484371 pred=painted st=ok
[20525/65201] ok=18899 err=1626 last_id=484601 pred=photo st=ok
[20550/65201] ok=18924 err=1626 last_id=485245 pred=photo st=ok
[20575/65201] ok=18948 err=1627 last_id=485789 pred=photo st=ok
[20600/65201] ok=18973 err=1627 last_id=486461 pred=composite st=ok
[20625/65201] ok=18997 err=1628 last_id=487248 pred= st=miss
[20650/65201] ok=19022 err=1628 last_id=488008 pred=composite st=ok
[20675/65201] ok=19047 err=1628 last_id=488236 pred=photo st=ok
[20700/65201] ok=19072 err=1628 last_id=488636 pred=painted st=ok
[20725/65201] ok=19097 err=1628 last_id=488834 pred=photo st=ok
[20750/65201] ok=19122 err=1628 last_id=489374 pred=painted st=ok
[20775/65201] ok=19146 err=1629 last_id=489555 pred=photo st=ok
[20800/65201] ok=19168 err=1632 last_id=491366 pred= st=miss
[20825/65201] ok=19193 err=1632 last_id=492384 pred=painted st=ok
[20850/65201] ok=19218 err=1632 last_id=493042 pred=photo st=ok
[20875/65201] ok=19243 err=1632 last_id=493965 pred=painted st=ok
[20900/65201] ok=19266 err=1634 last_id=495031 pred=photo st=ok
[20925/65201] ok=19291 err=1634 last_id=495809 pred=photo st=ok
[20950/65201] ok=19315 err=1635 last_id=496437 pred=painted st=ok
[20975/65201] ok=19338 err=1637 last_id=496560 pred=composite st=ok
[21000/65201] ok=19362 err=1638 last_id=497695 pred=composite st=ok
[21025/65201] ok=19386 err=1639 last_id=497960 pred=composite st=ok
[21050/65201] ok=19409 err=1641 last_id=498752 pred=photo st=ok
[21075/65201] ok=19432 err=1643 last_id=499402 pred=composite st=ok
[21100/65201] ok=19456 err=1644 last_id=500062 pred=composite st=ok
[21125/65201] ok=19481 err=1644 last_id=500915 pred=painted st=ok
[21150/65201] ok=19506 err=1644 last_id=501389 pred=painted st=ok
[21175/65201] ok=19529 err=1646 last_id=502805 pred=painted st=ok
[21200/65201] ok=19554 err=1646 last_id=503659 pred=painted st=ok
[21225/65201] ok=19578 err=1647 last_id=503905 pred=painted st=ok
[21250/65201] ok=19601 err=1649 last_id=504763 pred=painted st=ok
[21275/65201] ok=19625 err=1650 last_id=505498 pred=photo st=ok
[21300/65201] ok=19648 err=1652 last_id=506049 pred=composite st=ok
[21325/65201] ok=19672 err=1653 last_id=507040 pred=painted st=ok
[21350/65201] ok=19697 err=1653 last_id=507331 pred=painted st=ok
[21375/65201] ok=19720 err=1655 last_id=507700 pred=photo st=ok
[21400/65201] ok=19744 err=1656 last_id=508495 pred=photo st=ok
[21425/65201] ok=19768 err=1657 last_id=508642 pred=composite st=ok
[21450/65201] ok=19792 err=1658 last_id=509624 pred=painted st=ok
[21475/65201] ok=19815 err=1660 last_id=510959 pred=composite st=ok
[21500/65201] ok=19837 err=1663 last_id=512105 pred=painted st=ok
[21525/65201] ok=19862 err=1663 last_id=512959 pred=painted st=ok
[21550/65201] ok=19886 err=1664 last_id=513553 pred= st=miss
[21575/65201] ok=19909 err=1666 last_id=513980 pred=composite st=ok
[21600/65201] ok=19934 err=1666 last_id=514787 pred=painted st=ok
[21625/65201] ok=19958 err=1667 last_id=515684 pred=painted st=ok
[21650/65201] ok=19980 err=1670 last_id=516578 pred=composite st=ok
[21675/65201] ok=20005 err=1670 last_id=517116 pred=painted st=ok
[21700/65201] ok=20030 err=1670 last_id=518049 pred=composite st=ok
[21725/65201] ok=20055 err=1670 last_id=518695 pred=painted st=ok
[21750/65201] ok=20079 err=1671 last_id=519054 pred=composite st=ok
[21775/65201] ok=20101 err=1674 last_id=519758 pred=photo st=ok
[21800/65201] ok=20125 err=1675 last_id=520914 pred=photo st=ok
[21825/65201] ok=20150 err=1675 last_id=521479 pred=painted st=ok
[21850/65201] ok=20173 err=1677 last_id=522057 pred=composite st=ok
[21875/65201] ok=20198 err=1677 last_id=522444 pred=photo st=ok
[21900/65201] ok=20222 err=1678 last_id=523093 pred=painted st=ok
[21925/65201] ok=20246 err=1679 last_id=524009 pred=painted st=ok
[21950/65201] ok=20270 err=1680 last_id=524807 pred=photo st=ok
[21975/65201] ok=20295 err=1680 last_id=525663 pred=photo st=ok
[22000/65201] ok=20319 err=1681 last_id=526052 pred=painted st=ok
[22025/65201] ok=20343 err=1682 last_id=526411 pred=painted st=ok
[22050/65201] ok=20367 err=1683 last_id=527782 pred=photo st=ok
[22075/65201] ok=20390 err=1685 last_id=528322 pred= st=miss
[22100/65201] ok=20413 err=1687 last_id=528551 pred=photo st=ok
[22125/65201] ok=20438 err=1687 last_id=529313 pred=composite st=ok
[22150/65201] ok=20462 err=1688 last_id=530157 pred=painted st=ok
[22175/65201] ok=20486 err=1689 last_id=530842 pred=painted st=ok
[22200/65201] ok=20511 err=1689 last_id=531689 pred=composite st=ok
[22225/65201] ok=20536 err=1689 last_id=532647 pred=painted st=ok
[22250/65201] ok=20561 err=1689 last_id=533000 pred=composite st=ok
[22275/65201] ok=20584 err=1691 last_id=533294 pred= st=miss
[22300/65201] ok=20609 err=1691 last_id=533627 pred=painted st=ok
[22325/65201] ok=20634 err=1691 last_id=534506 pred=painted st=ok
[22350/65201] ok=20659 err=1691 last_id=535657 pred=painted st=ok
[22375/65201] ok=20684 err=1691 last_id=536404 pred=photo st=ok
[22400/65201] ok=20706 err=1694 last_id=536631 pred=painted st=ok
[22425/65201] ok=20731 err=1694 last_id=538123 pred=painted st=ok
[22450/65201] ok=20755 err=1695 last_id=539528 pred=composite st=ok
[22475/65201] ok=20780 err=1695 last_id=540836 pred=composite st=ok
[22500/65201] ok=20804 err=1696 last_id=541042 pred=painted st=ok
[22525/65201] ok=20829 err=1696 last_id=542787 pred=painted st=ok
[22550/65201] ok=20853 err=1697 last_id=543467 pred=photo st=ok
[22575/65201] ok=20877 err=1698 last_id=543915 pred=composite st=ok
[22600/65201] ok=20902 err=1698 last_id=544575 pred=painted st=ok
[22625/65201] ok=20926 err=1699 last_id=545795 pred=painted st=ok
[22650/65201] ok=20951 err=1699 last_id=546342 pred=composite st=ok
[22675/65201] ok=20976 err=1699 last_id=547034 pred=painted st=ok
[22700/65201] ok=21000 err=1700 last_id=547565 pred=composite st=ok
[22725/65201] ok=21024 err=1701 last_id=548307 pred=painted st=ok
[22750/65201] ok=21048 err=1702 last_id=549214 pred=painted st=ok
[22775/65201] ok=21073 err=1702 last_id=549739 pred=photo st=ok
[22800/65201] ok=21098 err=1702 last_id=550277 pred=composite st=ok
[22825/65201] ok=21120 err=1705 last_id=550406 pred=painted st=ok
[22850/65201] ok=21143 err=1707 last_id=551629 pred=photo st=ok
[22875/65201] ok=21165 err=1710 last_id=551962 pred=photo st=ok
[22900/65201] ok=21184 err=1716 last_id=552390 pred=photo st=ok
[22925/65201] ok=21208 err=1717 last_id=552707 pred=painted st=ok
[22950/65201] ok=21232 err=1718 last_id=553456 pred= st=miss
[22975/65201] ok=21256 err=1719 last_id=554060 pred=photo st=ok
[23000/65201] ok=21280 err=1720 last_id=554696 pred= st=miss
[23025/65201] ok=21305 err=1720 last_id=555249 pred=painted st=ok
[23050/65201] ok=21330 err=1720 last_id=556285 pred=photo st=ok
[23075/65201] ok=21354 err=1721 last_id=557400 pred=composite st=ok
[23100/65201] ok=21379 err=1721 last_id=557989 pred=composite st=ok
[23125/65201] ok=21404 err=1721 last_id=558684 pred=painted st=ok
[23150/65201] ok=21429 err=1721 last_id=559994 pred=composite st=ok
[23175/65201] ok=21453 err=1722 last_id=560499 pred=photo st=ok
[23200/65201] ok=21477 err=1723 last_id=561516 pred=photo st=ok
[23225/65201] ok=21502 err=1723 last_id=562588 pred=painted st=ok
[23250/65201] ok=21527 err=1723 last_id=563025 pred=painted st=ok
[23275/65201] ok=21550 err=1725 last_id=564077 pred=photo st=ok
[23300/65201] ok=21574 err=1726 last_id=565252 pred=photo st=ok
[23325/65201] ok=21599 err=1726 last_id=565731 pred=photo st=ok
[23350/65201] ok=21622 err=1728 last_id=566450 pred= st=miss
[23375/65201] ok=21643 err=1732 last_id=566879 pred=photo st=ok
[23400/65201] ok=21667 err=1733 last_id=567229 pred=painted st=ok
[23425/65201] ok=21692 err=1733 last_id=567898 pred=composite st=ok
[23450/65201] ok=21713 err=1737 last_id=568308 pred= st=miss
[23475/65201] ok=21738 err=1737 last_id=568770 pred=composite st=ok
[23500/65201] ok=21763 err=1737 last_id=569838 pred=composite st=ok
[23525/65201] ok=21782 err=1743 last_id=570882 pred=composite st=ok
[23550/65201] ok=21807 err=1743 last_id=571430 pred=photo st=ok
[23575/65201] ok=21829 err=1746 last_id=572087 pred=painted st=ok
[23600/65201] ok=21854 err=1746 last_id=572451 pred=composite st=ok
[23625/65201] ok=21877 err=1748 last_id=573475 pred=painted st=ok
[23650/65201] ok=21902 err=1748 last_id=574124 pred=painted st=ok
[23675/65201] ok=21927 err=1748 last_id=574656 pred=photo st=ok
[23700/65201] ok=21951 err=1749 last_id=575451 pred=photo st=ok
[23725/65201] ok=21975 err=1750 last_id=576223 pred=painted st=ok
[23750/65201] ok=21999 err=1751 last_id=576972 pred=photo st=ok
[23775/65201] ok=22024 err=1751 last_id=578194 pred=photo st=ok
[23800/65201] ok=22049 err=1751 last_id=578897 pred=composite st=ok
[23825/65201] ok=22072 err=1753 last_id=579872 pred=painted st=ok
[23850/65201] ok=22095 err=1755 last_id=580380 pred=painted st=ok
[23875/65201] ok=22120 err=1755 last_id=581009 pred=painted st=ok
[23900/65201] ok=22144 err=1756 last_id=582302 pred=photo st=ok
[23925/65201] ok=22166 err=1759 last_id=583116 pred= st=miss
[23950/65201] ok=22190 err=1760 last_id=583755 pred=painted st=ok
[23975/65201] ok=22215 err=1760 last_id=584800 pred=photo st=ok
[24000/65201] ok=22240 err=1760 last_id=585224 pred=photo st=ok
[24025/65201] ok=22264 err=1761 last_id=586279 pred=painted st=ok
[24050/65201] ok=22289 err=1761 last_id=587320 pred=painted st=ok
[24075/65201] ok=22312 err=1763 last_id=588080 pred=painted st=ok
[24100/65201] ok=22337 err=1763 last_id=588696 pred=painted st=ok
[24125/65201] ok=22362 err=1763 last_id=589682 pred=photo st=ok
[24150/65201] ok=22386 err=1764 last_id=590527 pred=painted st=ok
[24175/65201] ok=22410 err=1765 last_id=591415 pred=painted st=ok
[24200/65201] ok=22434 err=1766 last_id=592960 pred= st=miss
[24225/65201] ok=22458 err=1767 last_id=593946 pred=photo st=ok
[24250/65201] ok=22483 err=1767 last_id=594700 pred=painted st=ok
[24275/65201] ok=22508 err=1767 last_id=594544 pred=painted st=ok
[24300/65201] ok=22532 err=1768 last_id=596707 pred=painted st=ok
[24325/65201] ok=22554 err=1771 last_id=597461 pred=painted st=ok
[24350/65201] ok=22579 err=1771 last_id=597889 pred=painted st=ok
[24375/65201] ok=22604 err=1771 last_id=599484 pred=painted st=ok
[24400/65201] ok=22629 err=1771 last_id=599733 pred=photo st=ok
[24425/65201] ok=22652 err=1773 last_id=601504 pred=composite st=ok
[24450/65201] ok=22677 err=1773 last_id=602551 pred=composite st=ok
[24475/65201] ok=22702 err=1773 last_id=603312 pred=composite st=ok
[24500/65201] ok=22727 err=1773 last_id=604012 pred=photo st=ok
[24525/65201] ok=22751 err=1774 last_id=604238 pred=photo st=ok
[24550/65201] ok=22776 err=1774 last_id=605139 pred=painted st=ok
[24575/65201] ok=22800 err=1775 last_id=606155 pred=painted st=ok
[24600/65201] ok=22824 err=1776 last_id=606663 pred=painted st=ok
[24625/65201] ok=22849 err=1776 last_id=607776 pred=painted st=ok
[24650/65201] ok=22873 err=1777 last_id=608654 pred=painted st=ok
[24675/65201] ok=22898 err=1777 last_id=609362 pred=painted st=ok
[24700/65201] ok=22920 err=1780 last_id=609448 pred=painted st=ok
[24725/65201] ok=22944 err=1781 last_id=610387 pred=painted st=ok
[24750/65201] ok=22968 err=1782 last_id=611214 pred=painted st=ok
[24775/65201] ok=22989 err=1786 last_id=611649 pred=composite st=ok
[24800/65201] ok=23013 err=1787 last_id=611962 pred=photo st=ok
[24825/65201] ok=23038 err=1787 last_id=613093 pred=painted st=ok
[24850/65201] ok=23060 err=1790 last_id=614167 pred=photo st=ok
[24875/65201] ok=23085 err=1790 last_id=614817 pred=painted st=ok
[24900/65201] ok=23109 err=1791 last_id=616185 pred=composite st=ok
[24925/65201] ok=23134 err=1791 last_id=616204 pred=photo st=ok
[24950/65201] ok=23157 err=1793 last_id=617761 pred=composite st=ok
[24975/65201] ok=23180 err=1795 last_id=619447 pred=composite st=ok
[25000/65201] ok=23203 err=1797 last_id=620413 pred=painted st=ok
[25025/65201] ok=23228 err=1797 last_id=621570 pred=painted st=ok
[25050/65201] ok=23252 err=1798 last_id=623047 pred= st=miss
[25075/65201] ok=23276 err=1799 last_id=623701 pred=photo st=ok
[25100/65201] ok=23299 err=1801 last_id=624777 pred=painted st=ok
[25125/65201] ok=23323 err=1802 last_id=626229 pred=photo st=ok
[25150/65201] ok=23348 err=1802 last_id=626919 pred=photo st=ok
[25175/65201] ok=23373 err=1802 last_id=627679 pred=painted st=ok
[25200/65201] ok=23397 err=1803 last_id=629009 pred=painted st=ok
[25225/65201] ok=23420 err=1805 last_id=630288 pred=photo st=ok
[25250/65201] ok=23443 err=1807 last_id=631060 pred=photo st=ok
[25275/65201] ok=23468 err=1807 last_id=631790 pred=painted st=ok
[25300/65201] ok=23492 err=1808 last_id=632509 pred=painted st=ok
[25325/65201] ok=23516 err=1809 last_id=633012 pred=painted st=ok
[25350/65201] ok=23540 err=1810 last_id=633337 pred=painted st=ok
[25375/65201] ok=23565 err=1810 last_id=634171 pred=photo st=ok
[25400/65201] ok=23590 err=1810 last_id=634816 pred=painted st=ok
[25425/65201] ok=23614 err=1811 last_id=635817 pred=painted st=ok
[25450/65201] ok=23638 err=1812 last_id=636530 pred=composite st=ok
[25475/65201] ok=23661 err=1814 last_id=636862 pred=painted st=ok
[25500/65201] ok=23683 err=1817 last_id=637267 pred=photo st=ok
[25525/65201] ok=23708 err=1817 last_id=638090 pred=composite st=ok
[25550/65201] ok=23732 err=1818 last_id=638544 pred=photo st=ok
[25575/65201] ok=23755 err=1820 last_id=639283 pred=painted st=ok
[25600/65201] ok=23777 err=1823 last_id=639687 pred=painted st=ok
[25625/65201] ok=23801 err=1824 last_id=640386 pred=painted st=ok
[25650/65201] ok=23825 err=1825 last_id=640962 pred=photo st=ok
[25675/65201] ok=23849 err=1826 last_id=641550 pred=painted st=ok
[25700/65201] ok=23874 err=1826 last_id=642078 pred=painted st=ok
[25725/65201] ok=23898 err=1827 last_id=642512 pred=composite st=ok
[25750/65201] ok=23920 err=1830 last_id=642988 pred= st=miss
[25775/65201] ok=23945 err=1830 last_id=643288 pred=composite st=ok
[25800/65201] ok=23969 err=1831 last_id=643597 pred=photo st=ok
[25825/65201] ok=23991 err=1834 last_id=644108 pred=composite st=ok
[25850/65201] ok=24016 err=1834 last_id=644695 pred=composite st=ok
[25875/65201] ok=24041 err=1834 last_id=645080 pred=photo st=ok
[25900/65201] ok=24066 err=1834 last_id=645733 pred=photo st=ok
[25925/65201] ok=24091 err=1834 last_id=646823 pred=composite st=ok
[25950/65201] ok=24115 err=1835 last_id=647378 pred=composite st=ok
[25975/65201] ok=24139 err=1836 last_id=648013 pred=photo st=ok
[26000/65201] ok=24163 err=1837 last_id=648668 pred=composite st=ok
[26025/65201] ok=24185 err=1840 last_id=649407 pred=painted st=ok
[26050/65201] ok=24209 err=1841 last_id=650730 pred=painted st=ok
[26075/65201] ok=24234 err=1841 last_id=651486 pred=painted st=ok
[26100/65201] ok=24259 err=1841 last_id=651698 pred=painted st=ok
[26125/65201] ok=24283 err=1842 last_id=652778 pred=composite st=ok
[26150/65201] ok=24307 err=1843 last_id=653304 pred=painted st=ok
[26175/65201] ok=24331 err=1844 last_id=653672 pred=photo st=ok
[26200/65201] ok=24354 err=1846 last_id=654695 pred=composite st=ok
[26225/65201] ok=24377 err=1848 last_id=655742 pred=painted st=ok
[26250/65201] ok=24401 err=1849 last_id=656480 pred=photo st=ok
[26275/65201] ok=24425 err=1850 last_id=657625 pred=photo st=ok
[26300/65201] ok=24449 err=1851 last_id=658568 pred=painted st=ok
[26325/65201] ok=24469 err=1856 last_id=659420 pred=composite st=ok
[26350/65201] ok=24492 err=1858 last_id=660175 pred=painted st=ok
[26375/65201] ok=24514 err=1861 last_id=661665 pred=photo st=ok
[26400/65201] ok=24539 err=1861 last_id=662118 pred=photo st=ok
[26425/65201] ok=24563 err=1862 last_id=663064 pred= st=miss
[26450/65201] ok=24585 err=1865 last_id=663414 pred=painted st=ok
[26475/65201] ok=24610 err=1865 last_id=664442 pred=painted st=ok
[26500/65201] ok=24631 err=1869 last_id=665109 pred=composite st=ok
[26525/65201] ok=24654 err=1871 last_id=666294 pred=photo st=ok
[26550/65201] ok=24678 err=1872 last_id=666771 pred=composite st=ok
[26575/65201] ok=24702 err=1873 last_id=668040 pred=composite st=ok
[26600/65201] ok=24725 err=1875 last_id=668834 pred=photo st=ok
[26625/65201] ok=24748 err=1877 last_id=669974 pred=photo st=ok
[26650/65201] ok=24773 err=1877 last_id=670940 pred=painted st=ok
[26675/65201] ok=24798 err=1877 last_id=671368 pred=composite st=ok
[26700/65201] ok=24820 err=1880 last_id=672050 pred=photo st=ok
[26725/65201] ok=24841 err=1884 last_id=673378 pred=photo st=ok
[26750/65201] ok=24863 err=1887 last_id=674370 pred= st=miss
[26775/65201] ok=24888 err=1887 last_id=674895 pred=composite st=ok
[26800/65201] ok=24909 err=1891 last_id=676297 pred= st=miss
[26825/65201] ok=24930 err=1895 last_id=676856 pred=painted st=ok
[26850/65201] ok=24954 err=1896 last_id=676726 pred=photo st=ok
[26875/65201] ok=24977 err=1898 last_id=679055 pred=painted st=ok
[26900/65201] ok=25001 err=1899 last_id=679287 pred=painted st=ok
[26925/65201] ok=25023 err=1902 last_id=680871 pred=painted st=ok
[26950/65201] ok=25048 err=1902 last_id=681631 pred=painted st=ok
[26975/65201] ok=25071 err=1904 last_id=682660 pred= st=miss
[27000/65201] ok=25092 err=1908 last_id=683716 pred=painted st=ok
[27025/65201] ok=25113 err=1912 last_id=685014 pred=painted st=ok
[27050/65201] ok=25134 err=1916 last_id=685867 pred=composite st=ok
[27075/65201] ok=25159 err=1916 last_id=686684 pred=composite st=ok
[27100/65201] ok=25181 err=1919 last_id=687886 pred=painted st=ok
[27125/65201] ok=25203 err=1922 last_id=688542 pred=painted st=ok
[27150/65201] ok=25226 err=1924 last_id=689312 pred=photo st=ok
[27175/65201] ok=25249 err=1926 last_id=690122 pred=photo st=ok
[27200/65201] ok=25273 err=1927 last_id=690658 pred=painted st=ok
[27225/65201] ok=25297 err=1928 last_id=691170 pred=photo st=ok
[27250/65201] ok=25318 err=1932 last_id=693318 pred= st=miss
[27275/65201] ok=25341 err=1934 last_id=694007 pred=composite st=ok
[27300/65201] ok=25366 err=1934 last_id=694944 pred=painted st=ok
[27325/65201] ok=25391 err=1934 last_id=695761 pred=painted st=ok
[27350/65201] ok=25414 err=1936 last_id=696978 pred=photo st=ok
[27375/65201] ok=25437 err=1938 last_id=698663 pred=painted st=ok
[27400/65201] ok=25460 err=1940 last_id=699620 pred=photo st=ok
[27425/65201] ok=25484 err=1941 last_id=700388 pred=photo st=ok
[27450/65201] ok=25508 err=1942 last_id=702196 pred= st=miss
[27475/65201] ok=25532 err=1943 last_id=703272 pred=painted st=ok
[27500/65201] ok=25554 err=1946 last_id=704646 pred=photo st=ok
[27525/65201] ok=25578 err=1947 last_id=705396 pred=painted st=ok
[27550/65201] ok=25601 err=1949 last_id=706001 pred=photo st=ok
[27575/65201] ok=25625 err=1950 last_id=706629 pred=composite st=ok
[27600/65201] ok=25648 err=1952 last_id=707621 pred=photo st=ok
[27625/65201] ok=25671 err=1954 last_id=708516 pred=composite st=ok
[27650/65201] ok=25694 err=1956 last_id=709031 pred=painted st=ok
[27675/65201] ok=25719 err=1956 last_id=709716 pred=photo st=ok
[27700/65201] ok=25741 err=1959 last_id=709901 pred=photo st=ok
[27725/65201] ok=25762 err=1963 last_id=710922 pred=photo st=ok
[27750/65201] ok=25784 err=1966 last_id=712510 pred=painted st=ok
[27775/65201] ok=25808 err=1967 last_id=713479 pred=painted st=ok
[27800/65201] ok=25830 err=1970 last_id=714358 pred=painted st=ok
[27825/65201] ok=25851 err=1974 last_id=715275 pred=photo st=ok
[27850/65201] ok=25876 err=1974 last_id=716162 pred=photo st=ok
[27875/65201] ok=25899 err=1976 last_id=717226 pred= st=miss
[27900/65201] ok=25924 err=1976 last_id=717766 pred=composite st=ok
[27925/65201] ok=25948 err=1977 last_id=718617 pred=photo st=ok
[27950/65201] ok=25970 err=1980 last_id=719072 pred=photo st=ok
[27975/65201] ok=25988 err=1987 last_id=719950 pred= st=miss
[28000/65201] ok=26013 err=1987 last_id=720959 pred=photo st=ok
[28025/65201] ok=26038 err=1987 last_id=721656 pred=painted st=ok
[28050/65201] ok=26061 err=1989 last_id=722717 pred=painted st=ok
[28075/65201] ok=26086 err=1989 last_id=723531 pred=painted st=ok
[28100/65201] ok=26109 err=1991 last_id=724479 pred= st=miss
[28125/65201] ok=26134 err=1991 last_id=725148 pred=composite st=ok
[28150/65201] ok=26157 err=1993 last_id=725578 pred=photo st=ok
[28175/65201] ok=26182 err=1993 last_id=726239 pred=composite st=ok
[28200/65201] ok=26204 err=1996 last_id=727478 pred=painted st=ok
[28225/65201] ok=26228 err=1997 last_id=728259 pred=painted st=ok
[28250/65201] ok=26251 err=1999 last_id=728571 pred=photo st=ok
[28275/65201] ok=26274 err=2001 last_id=729565 pred=painted st=ok
[28300/65201] ok=26299 err=2001 last_id=729878 pred=photo st=ok
[28325/65201] ok=26319 err=2006 last_id=730757 pred=painted st=ok
[28350/65201] ok=26343 err=2007 last_id=731477 pred=painted st=ok
[28375/65201] ok=26368 err=2007 last_id=731953 pred=painted st=ok
[28400/65201] ok=26392 err=2008 last_id=732621 pred=painted st=ok
[28425/65201] ok=26416 err=2009 last_id=733481 pred=painted st=ok
[28450/65201] ok=26438 err=2012 last_id=734072 pred=painted st=ok
[28475/65201] ok=26460 err=2015 last_id=734796 pred=photo st=ok
[28500/65201] ok=26483 err=2017 last_id=735116 pred=composite st=ok
[28525/65201] ok=26506 err=2019 last_id=736373 pred=photo st=ok
[28550/65201] ok=26531 err=2019 last_id=737267 pred=photo st=ok
[28575/65201] ok=26553 err=2022 last_id=737881 pred=painted st=ok
[28600/65201] ok=26578 err=2022 last_id=738224 pred=photo st=ok
[28625/65201] ok=26603 err=2022 last_id=738370 pred=composite st=ok
[28650/65201] ok=26627 err=2023 last_id=739372 pred=composite st=ok
[28675/65201] ok=26650 err=2025 last_id=739603 pred=painted st=ok
[28700/65201] ok=26673 err=2027 last_id=740513 pred= st=miss
[28725/65201] ok=26694 err=2031 last_id=741159 pred= st=miss
[28750/65201] ok=26717 err=2033 last_id=741515 pred=painted st=ok
[28775/65201] ok=26740 err=2035 last_id=741917 pred=composite st=ok
[28800/65201] ok=26765 err=2035 last_id=742797 pred=composite st=ok
[28825/65201] ok=26787 err=2038 last_id=743440 pred=painted st=ok
[28850/65201] ok=26811 err=2039 last_id=744746 pred=painted st=ok
[28875/65201] ok=26831 err=2044 last_id=745179 pred=photo st=ok
[28900/65201] ok=26853 err=2047 last_id=746038 pred=painted st=ok
[28925/65201] ok=26876 err=2049 last_id=746817 pred=painted st=ok
[28950/65201] ok=26900 err=2050 last_id=747444 pred= st=miss
[28975/65201] ok=26925 err=2050 last_id=747919 pred=painted st=ok
[29000/65201] ok=26949 err=2051 last_id=748455 pred=composite st=ok
[29025/65201] ok=26972 err=2053 last_id=749044 pred=painted st=ok
[29050/65201] ok=26995 err=2055 last_id=749302 pred=photo st=ok
[29075/65201] ok=27020 err=2055 last_id=750303 pred=composite st=ok
[29100/65201] ok=27045 err=2055 last_id=750697 pred=painted st=ok
[29125/65201] ok=27070 err=2055 last_id=751418 pred=photo st=ok
[29150/65201] ok=27094 err=2056 last_id=751969 pred=painted st=ok
[29175/65201] ok=27112 err=2063 last_id=752378 pred=painted st=ok
[29200/65201] ok=27137 err=2063 last_id=752809 pred=photo st=ok
[29225/65201] ok=27158 err=2067 last_id=753143 pred=composite st=ok
[29250/65201] ok=27181 err=2069 last_id=754005 pred=photo st=ok
[29275/65201] ok=27205 err=2070 last_id=754928 pred=photo st=ok
[29300/65201] ok=27228 err=2072 last_id=755737 pred=composite st=ok
[29325/65201] ok=27250 err=2075 last_id=756290 pred=composite st=ok
[29350/65201] ok=27273 err=2077 last_id=756545 pred=painted st=ok
[29375/65201] ok=27298 err=2077 last_id=756838 pred=photo st=ok
[29400/65201] ok=27321 err=2079 last_id=757352 pred=composite st=ok
[29425/65201] ok=27345 err=2080 last_id=758501 pred=composite st=ok
[29450/65201] ok=27369 err=2081 last_id=759193 pred=photo st=ok
[29475/65201] ok=27391 err=2084 last_id=759437 pred= st=miss
[29500/65201] ok=27415 err=2085 last_id=759933 pred=composite st=ok
[29525/65201] ok=27440 err=2085 last_id=760204 pred=photo st=ok
[29550/65201] ok=27464 err=2086 last_id=760919 pred=composite st=ok
[29575/65201] ok=27489 err=2086 last_id=761554 pred=composite st=ok
[29600/65201] ok=27511 err=2089 last_id=762161 pred= st=miss
[29625/65201] ok=27535 err=2090 last_id=762587 pred=photo st=ok
[29650/65201] ok=27559 err=2091 last_id=763370 pred=painted st=ok
[29675/65201] ok=27583 err=2092 last_id=764231 pred=painted st=ok
[29700/65201] ok=27606 err=2094 last_id=764813 pred=composite st=ok
[29725/65201] ok=27629 err=2096 last_id=765804 pred=photo st=ok
[29750/65201] ok=27654 err=2096 last_id=766220 pred=photo st=ok
[29775/65201] ok=27677 err=2098 last_id=767216 pred=photo st=ok
[29800/65201] ok=27702 err=2098 last_id=767613 pred=composite st=ok
[29825/65201] ok=27727 err=2098 last_id=768893 pred=composite st=ok
[29850/65201] ok=27750 err=2100 last_id=769616 pred=composite st=ok
[29875/65201] ok=27775 err=2100 last_id=770496 pred=photo st=ok
[29900/65201] ok=27799 err=2101 last_id=771224 pred=composite st=ok
[29925/65201] ok=27824 err=2101 last_id=771381 pred=painted st=ok
[29950/65201] ok=27849 err=2101 last_id=772403 pred=photo st=ok
[29975/65201] ok=27871 err=2104 last_id=773023 pred=composite st=ok
[30000/65201] ok=27892 err=2108 last_id=774021 pred=photo st=ok
[30025/65201] ok=27916 err=2109 last_id=774983 pred=painted st=ok
[30050/65201] ok=27940 err=2110 last_id=775381 pred=painted st=ok
[30075/65201] ok=27965 err=2110 last_id=776657 pred=painted st=ok
[30100/65201] ok=27989 err=2111 last_id=776944 pred=painted st=ok
[30125/65201] ok=28013 err=2112 last_id=778436 pred=photo st=ok
[30150/65201] ok=28037 err=2113 last_id=779246 pred=painted st=ok
[30175/65201] ok=28062 err=2113 last_id=780318 pred=painted st=ok
[30200/65201] ok=28084 err=2116 last_id=780863 pred=photo st=ok
[30225/65201] ok=28107 err=2118 last_id=781340 pred=painted st=ok
[30250/65201] ok=28131 err=2119 last_id=781678 pred=photo st=ok
[30275/65201] ok=28156 err=2119 last_id=782358 pred=photo st=ok
[30300/65201] ok=28180 err=2120 last_id=783089 pred=photo st=ok
[30325/65201] ok=28201 err=2124 last_id=784015 pred=composite st=ok
[30350/65201] ok=28225 err=2125 last_id=784817 pred=composite st=ok
[30375/65201] ok=28250 err=2125 last_id=785443 pred=composite st=ok
[30400/65201] ok=28273 err=2127 last_id=786426 pred= st=miss
[30425/65201] ok=28298 err=2127 last_id=786864 pred=photo st=ok
[30450/65201] ok=28322 err=2128 last_id=787115 pred=painted st=ok
[30475/65201] ok=28347 err=2128 last_id=788195 pred=composite st=ok
[30500/65201] ok=28370 err=2130 last_id=788873 pred=composite st=ok
[30525/65201] ok=28395 err=2130 last_id=789978 pred=painted st=ok
[30550/65201] ok=28419 err=2131 last_id=791392 pred=painted st=ok
[30575/65201] ok=28443 err=2132 last_id=792739 pred=composite st=ok
[30600/65201] ok=28467 err=2133 last_id=793041 pred=painted st=ok
[30625/65201] ok=28490 err=2135 last_id=794567 pred= st=miss
[30650/65201] ok=28512 err=2138 last_id=795615 pred=painted st=ok
[30675/65201] ok=28535 err=2140 last_id=796214 pred=painted st=ok
[30700/65201] ok=28559 err=2141 last_id=796640 pred=composite st=ok
[30725/65201] ok=28582 err=2143 last_id=797781 pred=composite st=ok
[30750/65201] ok=28605 err=2145 last_id=798443 pred=painted st=ok
[30775/65201] ok=28630 err=2145 last_id=798646 pred=composite st=ok
[30800/65201] ok=28653 err=2147 last_id=799398 pred=painted st=ok
[30825/65201] ok=28678 err=2147 last_id=800334 pred=composite st=ok
[30850/65201] ok=28701 err=2149 last_id=801109 pred=painted st=ok
[30875/65201] ok=28724 err=2151 last_id=801802 pred= st=miss
[30900/65201] ok=28748 err=2152 last_id=802496 pred=photo st=ok
[30925/65201] ok=28770 err=2155 last_id=803114 pred=composite st=ok
[30950/65201] ok=28794 err=2156 last_id=803636 pred=painted st=ok
[30975/65201] ok=28815 err=2160 last_id=804616 pred=painted st=ok
[31000/65201] ok=28840 err=2160 last_id=805429 pred=composite st=ok
[31025/65201] ok=28864 err=2161 last_id=805758 pred=painted st=ok
[31050/65201] ok=28888 err=2162 last_id=806846 pred=composite st=ok
[31075/65201] ok=28911 err=2164 last_id=807336 pred=photo st=ok
[31100/65201] ok=28935 err=2165 last_id=808207 pred=painted st=ok
[31125/65201] ok=28956 err=2169 last_id=809049 pred=composite st=ok
[31150/65201] ok=28978 err=2172 last_id=809678 pred=painted st=ok
[31175/65201] ok=29001 err=2174 last_id=810163 pred=photo st=ok
[31200/65201] ok=29025 err=2175 last_id=811382 pred=photo st=ok
[31225/65201] ok=29049 err=2176 last_id=811782 pred=photo st=ok
[31250/65201] ok=29071 err=2179 last_id=812488 pred=photo st=ok
[31275/65201] ok=29096 err=2179 last_id=813066 pred=photo st=ok
[31300/65201] ok=29119 err=2181 last_id=814048 pred=composite st=ok
[31325/65201] ok=29144 err=2181 last_id=814678 pred=composite st=ok
[31350/65201] ok=29169 err=2181 last_id=815143 pred=photo st=ok
[31375/65201] ok=29194 err=2181 last_id=816450 pred=photo st=ok
[31400/65201] ok=29218 err=2182 last_id=817177 pred=photo st=ok
[31425/65201] ok=29240 err=2185 last_id=818233 pred=photo st=ok
[31450/65201] ok=29264 err=2186 last_id=819604 pred=photo st=ok
[31475/65201] ok=29289 err=2186 last_id=821385 pred=composite st=ok
[31500/65201] ok=29314 err=2186 last_id=821901 pred=painted st=ok
[31525/65201] ok=29338 err=2187 last_id=823034 pred= st=miss
[31550/65201] ok=29362 err=2188 last_id=824060 pred=composite st=ok
[31575/65201] ok=29383 err=2192 last_id=824982 pred= st=miss
[31600/65201] ok=29405 err=2195 last_id=825609 pred=painted st=ok
[31625/65201] ok=29429 err=2196 last_id=826092 pred=photo st=ok
[31650/65201] ok=29452 err=2198 last_id=826477 pred=composite st=ok
[31675/65201] ok=29474 err=2201 last_id=828784 pred=painted st=ok
[31700/65201] ok=29498 err=2202 last_id=829523 pred=painted st=ok
[31725/65201] ok=29522 err=2203 last_id=829882 pred=photo st=ok
[31750/65201] ok=29543 err=2207 last_id=831543 pred=painted st=ok
[31775/65201] ok=29562 err=2213 last_id=832601 pred=painted st=ok
[31800/65201] ok=29585 err=2215 last_id=834208 pred=photo st=ok
[31825/65201] ok=29608 err=2217 last_id=835137 pred=photo st=ok
[31850/65201] ok=29632 err=2218 last_id=835879 pred=painted st=ok
[31875/65201] ok=29653 err=2222 last_id=836924 pred=photo st=ok
[31900/65201] ok=29674 err=2226 last_id=838209 pred=composite st=ok
[31925/65201] ok=29696 err=2229 last_id=838461 pred=painted st=ok
[31950/65201] ok=29719 err=2231 last_id=839482 pred=painted st=ok
[31975/65201] ok=29744 err=2231 last_id=840239 pred=composite st=ok
[32000/65201] ok=29769 err=2231 last_id=840805 pred=photo st=ok
[32025/65201] ok=29793 err=2232 last_id=841419 pred=photo st=ok
[32050/65201] ok=29816 err=2234 last_id=842682 pred=painted st=ok
[32075/65201] ok=29837 err=2238 last_id=843487 pred=composite st=ok
[32100/65201] ok=29859 err=2241 last_id=844917 pred=painted st=ok
[32125/65201] ok=29882 err=2243 last_id=845785 pred=composite st=ok
[32150/65201] ok=29905 err=2245 last_id=846778 pred=photo st=ok
[32175/65201] ok=29930 err=2245 last_id=847564 pred=painted st=ok
[32200/65201] ok=29952 err=2248 last_id=848440 pred=painted st=ok
[32225/65201] ok=29976 err=2249 last_id=849043 pred=photo st=ok
[32250/65201] ok=30000 err=2250 last_id=849685 pred=painted st=ok
[32275/65201] ok=30023 err=2252 last_id=850584 pred=composite st=ok
[32300/65201] ok=30045 err=2255 last_id=851289 pred=photo st=ok
[32325/65201] ok=30069 err=2256 last_id=851466 pred=painted st=ok
[32350/65201] ok=30094 err=2256 last_id=851618 pred=composite st=ok
[32375/65201] ok=30115 err=2260 last_id=852262 pred=painted st=ok
[32400/65201] ok=30139 err=2261 last_id=852862 pred=photo st=ok
[32425/65201] ok=30163 err=2262 last_id=853206 pred=composite st=ok
[32450/65201] ok=30185 err=2265 last_id=853854 pred= st=miss
[32475/65201] ok=30208 err=2267 last_id=854344 pred=composite st=ok
[32500/65201] ok=30232 err=2268 last_id=854907 pred=photo st=ok
[32525/65201] ok=30255 err=2270 last_id=855444 pred=painted st=ok
[32550/65201] ok=30277 err=2273 last_id=856221 pred=painted st=ok
[32575/65201] ok=30301 err=2274 last_id=857006 pred=composite st=ok
[32600/65201] ok=30323 err=2277 last_id=857570 pred=composite st=ok
[32625/65201] ok=30347 err=2278 last_id=858066 pred=composite st=ok
[32650/65201] ok=30370 err=2280 last_id=858653 pred=composite st=ok
[32675/65201] ok=30395 err=2280 last_id=859479 pred=composite st=ok
[32700/65201] ok=30416 err=2284 last_id=860022 pred=painted st=ok
[32725/65201] ok=30439 err=2286 last_id=861303 pred=photo st=ok
[32750/65201] ok=30461 err=2289 last_id=862031 pred=painted st=ok
[32775/65201] ok=30483 err=2292 last_id=862789 pred=painted st=ok
[32800/65201] ok=30507 err=2293 last_id=863676 pred=painted st=ok
[32825/65201] ok=30530 err=2295 last_id=864207 pred=painted st=ok
[32850/65201] ok=30554 err=2296 last_id=864407 pred=photo st=ok
[32875/65201] ok=30579 err=2296 last_id=866376 pred=photo st=ok
[32900/65201] ok=30601 err=2299 last_id=868854 pred= st=miss
[32925/65201] ok=30624 err=2301 last_id=869150 pred=composite st=ok
[32950/65201] ok=30645 err=2305 last_id=870110 pred=painted st=ok
[32975/65201] ok=30668 err=2307 last_id=871472 pred=photo st=ok
[33000/65201] ok=30692 err=2308 last_id=872338 pred=painted st=ok
[33025/65201] ok=30714 err=2311 last_id=872749 pred=painted st=ok
[33050/65201] ok=30736 err=2314 last_id=873639 pred=painted st=ok
[33075/65201] ok=30758 err=2317 last_id=874051 pred=composite st=ok
[33100/65201] ok=30781 err=2319 last_id=875030 pred=painted st=ok
[33125/65201] ok=30802 err=2323 last_id=876122 pred=photo st=ok
[33150/65201] ok=30823 err=2327 last_id=876430 pred=photo st=ok
[33175/65201] ok=30847 err=2328 last_id=877000 pred=photo st=ok
[33200/65201] ok=30871 err=2329 last_id=877907 pred=photo st=ok
[33225/65201] ok=30895 err=2330 last_id=878853 pred=composite st=ok
[33250/65201] ok=30917 err=2333 last_id=879600 pred=photo st=ok
[33275/65201] ok=30940 err=2335 last_id=879585 pred=painted st=ok
[33300/65201] ok=30962 err=2338 last_id=880398 pred=painted st=ok
[33325/65201] ok=30985 err=2340 last_id=880891 pred= st=miss
[33350/65201] ok=31006 err=2344 last_id=881194 pred= st=miss
[33375/65201] ok=31029 err=2346 last_id=881815 pred=composite st=ok
[33400/65201] ok=31051 err=2349 last_id=882754 pred=painted st=ok
[33425/65201] ok=31076 err=2349 last_id=883275 pred=painted st=ok
[33450/65201] ok=31100 err=2350 last_id=884184 pred=painted st=ok
[33475/65201] ok=31124 err=2351 last_id=885278 pred=photo st=ok
[33500/65201] ok=31148 err=2352 last_id=886317 pred= st=miss
[33525/65201] ok=31170 err=2355 last_id=886489 pred=photo st=ok
[33550/65201] ok=31192 err=2358 last_id=887907 pred=painted st=ok
[33575/65201] ok=31214 err=2361 last_id=888478 pred=photo st=ok
[33600/65201] ok=31236 err=2364 last_id=889730 pred=painted st=ok
[33625/65201] ok=31259 err=2366 last_id=890216 pred=composite st=ok
[33650/65201] ok=31283 err=2367 last_id=891332 pred=painted st=ok
[33675/65201] ok=31306 err=2369 last_id=892285 pred=composite st=ok
[33700/65201] ok=31331 err=2369 last_id=892432 pred=photo st=ok
[33725/65201] ok=31352 err=2373 last_id=893861 pred=painted st=ok
[33750/65201] ok=31376 err=2374 last_id=894742 pred=painted st=ok
[33775/65201] ok=31397 err=2378 last_id=895433 pred=photo st=ok
[33800/65201] ok=31421 err=2379 last_id=896205 pred=painted st=ok
[33825/65201] ok=31445 err=2380 last_id=897322 pred=painted st=ok
[33850/65201] ok=31467 err=2383 last_id=898563 pred=photo st=ok
[33875/65201] ok=31490 err=2385 last_id=899675 pred= st=miss
[33900/65201] ok=31514 err=2386 last_id=899870 pred=painted st=ok
[33925/65201] ok=31538 err=2387 last_id=901247 pred=photo st=ok
[33950/65201] ok=31560 err=2390 last_id=903276 pred=composite st=ok
[33975/65201] ok=31582 err=2393 last_id=904318 pred=painted st=ok
[34000/65201] ok=31605 err=2395 last_id=904926 pred=composite st=ok
[34025/65201] ok=31625 err=2400 last_id=910807 pred=painted st=ok
[34050/65201] ok=31646 err=2404 last_id=911860 pred=painted st=ok
[34075/65201] ok=31669 err=2406 last_id=912404 pred=painted st=ok
[34100/65201] ok=31694 err=2406 last_id=913021 pred=composite st=ok
[34125/65201] ok=31715 err=2410 last_id=913673 pred=composite st=ok
[34150/65201] ok=31740 err=2410 last_id=914075 pred=composite st=ok
[34175/65201] ok=31760 err=2415 last_id=915310 pred=photo st=ok
[34200/65201] ok=31783 err=2417 last_id=917281 pred=photo st=ok
[34225/65201] ok=31804 err=2421 last_id=918547 pred=composite st=ok
[34250/65201] ok=31828 err=2422 last_id=919567 pred=photo st=ok
[34275/65201] ok=31847 err=2428 last_id=920551 pred=painted st=ok
[34300/65201] ok=31870 err=2430 last_id=921811 pred=photo st=ok
[34325/65201] ok=31892 err=2433 last_id=922754 pred=composite st=ok
[34350/65201] ok=31916 err=2434 last_id=923995 pred=photo st=ok
[34375/65201] ok=31938 err=2437 last_id=925219 pred=composite st=ok
[34400/65201] ok=31963 err=2437 last_id=925705 pred=photo st=ok
[34425/65201] ok=31985 err=2440 last_id=927054 pred=photo st=ok
[34450/65201] ok=32008 err=2442 last_id=927969 pred=painted st=ok
[34475/65201] ok=32029 err=2446 last_id=928397 pred= st=miss
[34500/65201] ok=32050 err=2450 last_id=928777 pred=painted st=ok
[34525/65201] ok=32075 err=2450 last_id=930253 pred=composite st=ok
[34550/65201] ok=32096 err=2454 last_id=930802 pred= st=miss
[34575/65201] ok=32118 err=2457 last_id=931341 pred=painted st=ok
[34600/65201] ok=32141 err=2459 last_id=931944 pred=painted st=ok
[34625/65201] ok=32164 err=2461 last_id=933069 pred=photo st=ok
[34650/65201] ok=32185 err=2465 last_id=934010 pred=composite st=ok
[34675/65201] ok=32209 err=2466 last_id=934781 pred=painted st=ok
[34700/65201] ok=32229 err=2471 last_id=935966 pred=painted st=ok
[34725/65201] ok=32250 err=2475 last_id=936694 pred=photo st=ok
[34750/65201] ok=32272 err=2478 last_id=937710 pred= st=miss
[34775/65201] ok=32295 err=2480 last_id=937693 pred=photo st=ok
[34800/65201] ok=32306 err=2494 last_id=939225 pred= st=miss
[34825/65201] ok=32323 err=2502 last_id=940233 pred=photo st=ok
[34850/65201] ok=32347 err=2503 last_id=941516 pred=painted st=ok
[34875/65201] ok=32371 err=2504 last_id=942057 pred=painted st=ok
[34900/65201] ok=32395 err=2505 last_id=943252 pred=photo st=ok
[34925/65201] ok=32418 err=2507 last_id=944280 pred=painted st=ok
[34950/65201] ok=32441 err=2509 last_id=945045 pred=painted st=ok
[34975/65201] ok=32463 err=2512 last_id=945591 pred=painted st=ok
[35000/65201] ok=32483 err=2517 last_id=947073 pred=photo st=ok
[35025/65201] ok=32506 err=2519 last_id=948072 pred=painted st=ok
[35050/65201] ok=32527 err=2523 last_id=948355 pred=photo st=ok
[35075/65201] ok=32552 err=2523 last_id=950182 pred=painted st=ok
[35100/65201] ok=32572 err=2528 last_id=950680 pred=photo st=ok
[35125/65201] ok=32592 err=2533 last_id=951996 pred=painted st=ok
[35150/65201] ok=32616 err=2534 last_id=952288 pred=photo st=ok
[35175/65201] ok=32639 err=2536 last_id=953482 pred=painted st=ok
[35200/65201] ok=32660 err=2540 last_id=954615 pred=painted st=ok
[35225/65201] ok=32681 err=2544 last_id=955066 pred=photo st=ok
[35250/65201] ok=32703 err=2547 last_id=956065 pred=painted st=ok
[35275/65201] ok=32727 err=2548 last_id=957174 pred=painted st=ok
[35300/65201] ok=32750 err=2550 last_id=958001 pred=painted st=ok
[35325/65201] ok=32768 err=2557 last_id=959595 pred= st=miss
[35350/65201] ok=32789 err=2561 last_id=960469 pred=composite st=ok
[35375/65201] ok=32811 err=2564 last_id=961034 pred=photo st=ok
[35400/65201] ok=32834 err=2566 last_id=961295 pred=painted st=ok
[35425/65201] ok=32859 err=2566 last_id=963062 pred=photo st=ok
[35450/65201] ok=32881 err=2569 last_id=964379 pred=photo st=ok
[35475/65201] ok=32904 err=2571 last_id=965455 pred=photo st=ok
[35500/65201] ok=32927 err=2573 last_id=966031 pred=painted st=ok
[35525/65201] ok=32950 err=2575 last_id=967503 pred=composite st=ok
[35550/65201] ok=32974 err=2576 last_id=967988 pred=composite st=ok
[35575/65201] ok=32994 err=2581 last_id=968623 pred=photo st=ok
[35600/65201] ok=33017 err=2583 last_id=969484 pred=painted st=ok
[35625/65201] ok=33035 err=2590 last_id=970466 pred= st=miss
[35650/65201] ok=33059 err=2591 last_id=971766 pred=composite st=ok
[35675/65201] ok=33082 err=2593 last_id=972601 pred=composite st=ok
[35700/65201] ok=33105 err=2595 last_id=973543 pred=photo st=ok
[35725/65201] ok=33126 err=2599 last_id=974382 pred= st=miss
[35750/65201] ok=33150 err=2600 last_id=975047 pred=photo st=ok
[35775/65201] ok=33173 err=2602 last_id=975502 pred=painted st=ok
[35800/65201] ok=33196 err=2604 last_id=976830 pred=painted st=ok
[35825/65201] ok=33220 err=2605 last_id=977309 pred=photo st=ok
[35850/65201] ok=33244 err=2606 last_id=977634 pred=painted st=ok
[35875/65201] ok=33266 err=2609 last_id=978071 pred=composite st=ok
[35900/65201] ok=33283 err=2617 last_id=978938 pred=photo st=ok
[35925/65201] ok=33303 err=2622 last_id=979757 pred=painted st=ok
[35950/65201] ok=33326 err=2624 last_id=979980 pred=photo st=ok
[35975/65201] ok=33351 err=2624 last_id=981287 pred=painted st=ok
[36000/65201] ok=33374 err=2626 last_id=981329 pred=painted st=ok
[36025/65201] ok=33396 err=2629 last_id=982573 pred=composite st=ok
[36050/65201] ok=33419 err=2631 last_id=982872 pred=painted st=ok
[36075/65201] ok=33441 err=2634 last_id=983775 pred=composite st=ok
[36100/65201] ok=33464 err=2636 last_id=984640 pred=painted st=ok
[36125/65201] ok=33487 err=2638 last_id=985282 pred=painted st=ok
[36150/65201] ok=33509 err=2641 last_id=985739 pred=composite st=ok
[36175/65201] ok=33533 err=2642 last_id=986820 pred=photo st=ok
[36200/65201] ok=33555 err=2645 last_id=987081 pred=photo st=ok
[36225/65201] ok=33579 err=2646 last_id=987577 pred=composite st=ok
[36250/65201] ok=33603 err=2647 last_id=988184 pred=painted st=ok
[36275/65201] ok=33626 err=2649 last_id=988885 pred=composite st=ok
[36300/65201] ok=33649 err=2651 last_id=989227 pred=photo st=ok
[36325/65201] ok=33672 err=2653 last_id=989870 pred=painted st=ok
[36350/65201] ok=33694 err=2656 last_id=990829 pred=photo st=ok
[36375/65201] ok=33715 err=2660 last_id=991423 pred=photo st=ok
[36400/65201] ok=33736 err=2664 last_id=992090 pred=photo st=ok
[36425/65201] ok=33760 err=2665 last_id=992709 pred=photo st=ok
[36450/65201] ok=33781 err=2669 last_id=993402 pred=composite st=ok
[36475/65201] ok=33802 err=2673 last_id=993566 pred=painted st=ok
[36500/65201] ok=33826 err=2674 last_id=994759 pred=photo st=ok
[36525/65201] ok=33849 err=2676 last_id=995449 pred=painted st=ok
[36550/65201] ok=33865 err=2685 last_id=996344 pred=painted st=ok
[36575/65201] ok=33888 err=2687 last_id=996067 pred=painted st=ok
[36600/65201] ok=33908 err=2692 last_id=998104 pred=photo st=ok
[36625/65201] ok=33932 err=2693 last_id=998799 pred=photo st=ok
[36650/65201] ok=33956 err=2694 last_id=999677 pred=painted st=ok
[36675/65201] ok=33977 err=2698 last_id=1000723 pred=painted st=ok
[36700/65201] ok=34001 err=2699 last_id=1001696 pred=painted st=ok
[36725/65201] ok=34023 err=2702 last_id=1002594 pred=composite st=ok
[36750/65201] ok=34046 err=2704 last_id=1003838 pred=painted st=ok
[36775/65201] ok=34070 err=2705 last_id=1005004 pred=painted st=ok
[36800/65201] ok=34091 err=2709 last_id=1005772 pred=photo st=ok
[36825/65201] ok=34113 err=2712 last_id=1006462 pred=composite st=ok
[36850/65201] ok=34134 err=2716 last_id=1007395 pred=composite st=ok
[36875/65201] ok=34157 err=2718 last_id=1008440 pred=painted st=ok
[36900/65201] ok=34179 err=2721 last_id=1009151 pred= st=miss
[36925/65201] ok=34202 err=2723 last_id=1010344 pred=painted st=ok
[36950/65201] ok=34227 err=2723 last_id=1011604 pred=painted st=ok
[36975/65201] ok=34250 err=2725 last_id=1011017 pred=composite st=ok
[37000/65201] ok=34265 err=2735 last_id=1012953 pred= st=miss
[37025/65201] ok=34289 err=2736 last_id=1013966 pred=painted st=ok
[37050/65201] ok=34312 err=2738 last_id=1014375 pred= st=miss
[37075/65201] ok=34333 err=2742 last_id=1014691 pred=photo st=ok
[37100/65201] ok=34354 err=2746 last_id=1015872 pred=painted st=ok
[37125/65201] ok=34378 err=2747 last_id=1016564 pred=photo st=ok
[37150/65201] ok=34399 err=2751 last_id=1017328 pred=composite st=ok
[37175/65201] ok=34423 err=2752 last_id=1017889 pred=painted st=ok
[37200/65201] ok=34447 err=2753 last_id=1018416 pred=painted st=ok
[37225/65201] ok=34468 err=2757 last_id=1019219 pred=composite st=ok
[37250/65201] ok=34491 err=2759 last_id=1019917 pred=painted st=ok
[37275/65201] ok=34515 err=2760 last_id=1020402 pred=photo st=ok
[37300/65201] ok=34539 err=2761 last_id=1020999 pred=photo st=ok
[37325/65201] ok=34561 err=2764 last_id=1021989 pred=photo st=ok
[37350/65201] ok=34584 err=2766 last_id=1022701 pred= st=miss
[37375/65201] ok=34608 err=2767 last_id=1023251 pred= st=miss
[37400/65201] ok=34627 err=2773 last_id=1023794 pred=painted st=ok
[37425/65201] ok=34647 err=2778 last_id=1024626 pred=photo st=ok
[37450/65201] ok=34669 err=2781 last_id=1024575 pred=painted st=ok
[37475/65201] ok=34688 err=2787 last_id=1026244 pred=painted st=ok
[37500/65201] ok=34710 err=2790 last_id=1026739 pred=photo st=ok
[37525/65201] ok=34734 err=2791 last_id=1027410 pred=painted st=ok
[37550/65201] ok=34757 err=2793 last_id=1027929 pred=photo st=ok
[37575/65201] ok=34774 err=2801 last_id=1028648 pred=photo st=ok
[37600/65201] ok=34795 err=2805 last_id=1029235 pred=composite st=ok
[37625/65201] ok=34819 err=2806 last_id=1029659 pred=photo st=ok
[37650/65201] ok=34840 err=2810 last_id=1030452 pred= st=miss
[37675/65201] ok=34853 err=2822 last_id=1030931 pred= st=miss
[37700/65201] ok=34874 err=2826 last_id=1031306 pred=painted st=ok
[37725/65201] ok=34898 err=2827 last_id=1031838 pred=painted st=ok
[37750/65201] ok=34920 err=2830 last_id=1032385 pred=composite st=ok
[37775/65201] ok=34942 err=2833 last_id=1032609 pred=painted st=ok
[37800/65201] ok=34965 err=2835 last_id=1033153 pred=composite st=ok
[37825/65201] ok=34990 err=2835 last_id=1033946 pred=painted st=ok
[37850/65201] ok=35015 err=2835 last_id=1034861 pred=painted st=ok
[37875/65201] ok=35040 err=2835 last_id=1035584 pred=composite st=ok
[37900/65201] ok=35065 err=2835 last_id=1035835 pred=painted st=ok
[37925/65201] ok=35090 err=2835 last_id=1037125 pred=painted st=ok
[37950/65201] ok=35115 err=2835 last_id=1037618 pred=photo st=ok
[37975/65201] ok=35140 err=2835 last_id=1038273 pred=painted st=ok
[38000/65201] ok=35165 err=2835 last_id=1038596 pred=photo st=ok
[38025/65201] ok=35190 err=2835 last_id=1039750 pred=composite st=ok
[38050/65201] ok=35213 err=2837 last_id=1039790 pred=composite st=ok
[38075/65201] ok=35238 err=2837 last_id=1040161 pred=photo st=ok
[38100/65201] ok=35262 err=2838 last_id=1040844 pred=composite st=ok
[38125/65201] ok=35287 err=2838 last_id=1041471 pred=composite st=ok
[38150/65201] ok=35311 err=2839 last_id=1042158 pred=composite st=ok
[38175/65201] ok=35336 err=2839 last_id=1042623 pred=painted st=ok
[38200/65201] ok=35360 err=2840 last_id=1043590 pred=painted st=ok
[38225/65201] ok=35384 err=2841 last_id=1044359 pred=photo st=ok
[38250/65201] ok=35408 err=2842 last_id=1044667 pred=composite st=ok
[38275/65201] ok=35431 err=2844 last_id=1045203 pred=composite st=ok
[38300/65201] ok=35456 err=2844 last_id=1046021 pred=painted st=ok
[38325/65201] ok=35481 err=2844 last_id=1046909 pred=painted st=ok
[38350/65201] ok=35505 err=2845 last_id=1048107 pred=composite st=ok
[38375/65201] ok=35530 err=2845 last_id=1048373 pred=painted st=ok
[38400/65201] ok=35555 err=2845 last_id=1049078 pred=composite st=ok
[38425/65201] ok=35580 err=2845 last_id=1049450 pred=painted st=ok
[38450/65201] ok=35605 err=2845 last_id=1049935 pred=painted st=ok
[38475/65201] ok=35630 err=2845 last_id=1050019 pred=photo st=ok
[38500/65201] ok=35655 err=2845 last_id=1050366 pred=painted st=ok
[38525/65201] ok=35680 err=2845 last_id=1050590 pred=painted st=ok
[38550/65201] ok=35704 err=2846 last_id=1051569 pred=composite st=ok
[38575/65201] ok=35729 err=2846 last_id=1052194 pred=painted st=ok
[38600/65201] ok=35754 err=2846 last_id=1052629 pred=painted st=ok
[38625/65201] ok=35779 err=2846 last_id=1053106 pred=painted st=ok
[38650/65201] ok=35803 err=2847 last_id=1053911 pred=composite st=ok
[38675/65201] ok=35828 err=2847 last_id=1054462 pred=composite st=ok
[38700/65201] ok=35853 err=2847 last_id=1055068 pred=photo st=ok
[38725/65201] ok=35878 err=2847 last_id=1056335 pred=composite st=ok
[38750/65201] ok=35903 err=2847 last_id=1056607 pred=composite st=ok
[38775/65201] ok=35928 err=2847 last_id=1057768 pred=photo st=ok
[38800/65201] ok=35953 err=2847 last_id=1058638 pred=painted st=ok
[38825/65201] ok=35978 err=2847 last_id=1059012 pred=painted st=ok
[38850/65201] ok=36003 err=2847 last_id=1060195 pred=photo st=ok
[38875/65201] ok=36028 err=2847 last_id=1061125 pred=painted st=ok
[38900/65201] ok=36052 err=2848 last_id=1061771 pred=painted st=ok
[38925/65201] ok=36076 err=2849 last_id=1062686 pred=painted st=ok
[38950/65201] ok=36099 err=2851 last_id=1062717 pred=photo st=ok
[38975/65201] ok=36124 err=2851 last_id=1063882 pred=painted st=ok
[39000/65201] ok=36149 err=2851 last_id=1064312 pred=composite st=ok
[39025/65201] ok=36173 err=2852 last_id=1065131 pred=painted st=ok
[39050/65201] ok=36196 err=2854 last_id=1066272 pred=painted st=ok
[39075/65201] ok=36221 err=2854 last_id=1067399 pred=photo st=ok
[39100/65201] ok=36246 err=2854 last_id=1068368 pred=painted st=ok
[39125/65201] ok=36270 err=2855 last_id=1069211 pred=painted st=ok
[39150/65201] ok=36295 err=2855 last_id=1070291 pred=painted st=ok
[39175/65201] ok=36320 err=2855 last_id=1071197 pred=painted st=ok
[39200/65201] ok=36344 err=2856 last_id=1072187 pred=composite st=ok
[39225/65201] ok=36369 err=2856 last_id=1073342 pred=composite st=ok
[39250/65201] ok=36394 err=2856 last_id=1074023 pred=painted st=ok
[39275/65201] ok=36419 err=2856 last_id=1074533 pred=painted st=ok
[39300/65201] ok=36442 err=2858 last_id=1075618 pred= st=miss
[39325/65201] ok=36467 err=2858 last_id=1076213 pred=composite st=ok
[39350/65201] ok=36492 err=2858 last_id=1077340 pred=painted st=ok
[39375/65201] ok=36516 err=2859 last_id=1077891 pred=painted st=ok
[39400/65201] ok=36541 err=2859 last_id=1078673 pred=photo st=ok
[39425/65201] ok=36566 err=2859 last_id=1079250 pred=photo st=ok
[39450/65201] ok=36591 err=2859 last_id=1079915 pred=photo st=ok
[39475/65201] ok=36615 err=2860 last_id=1080299 pred=composite st=ok
[39500/65201] ok=36640 err=2860 last_id=1081494 pred=photo st=ok
[39525/65201] ok=36665 err=2860 last_id=1082350 pred=photo st=ok
[39550/65201] ok=36690 err=2860 last_id=1082706 pred=photo st=ok
[39575/65201] ok=36714 err=2861 last_id=1083567 pred= st=miss
[39600/65201] ok=36739 err=2861 last_id=1084015 pred=photo st=ok
[39625/65201] ok=36762 err=2863 last_id=1084744 pred=composite st=ok
[39650/65201] ok=36786 err=2864 last_id=1085090 pred=composite st=ok
[39675/65201] ok=36811 err=2864 last_id=1085581 pred=painted st=ok
[39700/65201] ok=36836 err=2864 last_id=1086543 pred=painted st=ok
[39725/65201] ok=36860 err=2865 last_id=1086402 pred=painted st=ok
[39750/65201] ok=36884 err=2866 last_id=1088080 pred=painted st=ok
[39775/65201] ok=36909 err=2866 last_id=1089242 pred=photo st=ok
[39800/65201] ok=36934 err=2866 last_id=1090184 pred=photo st=ok
[39825/65201] ok=36959 err=2866 last_id=1090658 pred=painted st=ok
[39850/65201] ok=36984 err=2866 last_id=1092032 pred=painted st=ok
[39875/65201] ok=37009 err=2866 last_id=1092892 pred=composite st=ok
[39900/65201] ok=37034 err=2866 last_id=1093793 pred=composite st=ok
[39925/65201] ok=37057 err=2868 last_id=1094101 pred=composite st=ok
[39950/65201] ok=37082 err=2868 last_id=1094403 pred=painted st=ok
[39975/65201] ok=37107 err=2868 last_id=1095638 pred=photo st=ok
[40000/65201] ok=37131 err=2869 last_id=1096516 pred=painted st=ok
[40025/65201] ok=37155 err=2870 last_id=1097604 pred=composite st=ok
[40050/65201] ok=37180 err=2870 last_id=1098116 pred=painted st=ok
[40075/65201] ok=37205 err=2870 last_id=1098912 pred=painted st=ok
[40100/65201] ok=37230 err=2870 last_id=1099670 pred=painted st=ok
[40125/65201] ok=37254 err=2871 last_id=1100114 pred=painted st=ok
[40150/65201] ok=37279 err=2871 last_id=1100461 pred=painted st=ok
[40175/65201] ok=37303 err=2872 last_id=1101017 pred=painted st=ok
[40200/65201] ok=37328 err=2872 last_id=1101501 pred=photo st=ok
[40225/65201] ok=37352 err=2873 last_id=1102006 pred=painted st=ok
[40250/65201] ok=37376 err=2874 last_id=1102940 pred=painted st=ok
[40275/65201] ok=37401 err=2874 last_id=1103463 pred=painted st=ok
[40300/65201] ok=37425 err=2875 last_id=1104185 pred=painted st=ok
[40325/65201] ok=37450 err=2875 last_id=1105705 pred=photo st=ok
[40350/65201] ok=37475 err=2875 last_id=1106099 pred=composite st=ok
[40375/65201] ok=37500 err=2875 last_id=1107395 pred=composite st=ok
[40400/65201] ok=37525 err=2875 last_id=1108501 pred=painted st=ok
[40425/65201] ok=37550 err=2875 last_id=1109615 pred=photo st=ok
[40450/65201] ok=37575 err=2875 last_id=1110623 pred=painted st=ok
[40475/65201] ok=37599 err=2876 last_id=1111153 pred=painted st=ok
[40500/65201] ok=37624 err=2876 last_id=1111819 pred=painted st=ok
[40525/65201] ok=37648 err=2877 last_id=1112184 pred=painted st=ok
[40550/65201] ok=37673 err=2877 last_id=1113050 pred=composite st=ok
[40575/65201] ok=37698 err=2877 last_id=1113119 pred=painted st=ok
[40600/65201] ok=37723 err=2877 last_id=1114117 pred=composite st=ok
[40625/65201] ok=37748 err=2877 last_id=1114382 pred=painted st=ok
[40650/65201] ok=37773 err=2877 last_id=1114440 pred=painted st=ok
[40675/65201] ok=37797 err=2878 last_id=1115159 pred=composite st=ok
[40700/65201] ok=37820 err=2880 last_id=1116449 pred=painted st=ok
[40725/65201] ok=37845 err=2880 last_id=1117191 pred=painted st=ok
[40750/65201] ok=37869 err=2881 last_id=1117550 pred=photo st=ok
[40775/65201] ok=37893 err=2882 last_id=1118521 pred=painted st=ok
[40800/65201] ok=37917 err=2883 last_id=1119467 pred=composite st=ok
[40825/65201] ok=37941 err=2884 last_id=1120277 pred=painted st=ok
[40850/65201] ok=37966 err=2884 last_id=1120824 pred=painted st=ok
[40875/65201] ok=37991 err=2884 last_id=1121807 pred=composite st=ok
[40900/65201] ok=38016 err=2884 last_id=1122320 pred=composite st=ok
[40925/65201] ok=38041 err=2884 last_id=1122561 pred=painted st=ok
[40950/65201] ok=38065 err=2885 last_id=1123778 pred=composite st=ok
[40975/65201] ok=38090 err=2885 last_id=1124126 pred=painted st=ok
[41000/65201] ok=38115 err=2885 last_id=1124630 pred=photo st=ok
[41025/65201] ok=38140 err=2885 last_id=1124765 pred=painted st=ok
[41050/65201] ok=38164 err=2886 last_id=1125276 pred=painted st=ok
[41075/65201] ok=38189 err=2886 last_id=1125627 pred=painted st=ok
[41100/65201] ok=38214 err=2886 last_id=1126637 pred=painted st=ok
[41125/65201] ok=38239 err=2886 last_id=1127384 pred=composite st=ok
[41150/65201] ok=38264 err=2886 last_id=1127839 pred=photo st=ok
[41175/65201] ok=38289 err=2886 last_id=1128785 pred=composite st=ok
[41200/65201] ok=38314 err=2886 last_id=1129446 pred=composite st=ok
[41225/65201] ok=38338 err=2887 last_id=1130312 pred=composite st=ok
[41250/65201] ok=38363 err=2887 last_id=1130910 pred=photo st=ok
[41275/65201] ok=38387 err=2888 last_id=1131666 pred=composite st=ok
[41300/65201] ok=38411 err=2889 last_id=1131986 pred=composite st=ok
[41325/65201] ok=38436 err=2889 last_id=1132926 pred=painted st=ok
[41350/65201] ok=38460 err=2890 last_id=1133667 pred=painted st=ok
[41375/65201] ok=38485 err=2890 last_id=1134218 pred=painted st=ok
[41400/65201] ok=38509 err=2891 last_id=1134518 pred=painted st=ok
[41425/65201] ok=38534 err=2891 last_id=1134605 pred=composite st=ok
[41450/65201] ok=38559 err=2891 last_id=1134902 pred=photo st=ok
[41475/65201] ok=38581 err=2894 last_id=1135385 pred=painted st=ok
[41500/65201] ok=38606 err=2894 last_id=1135940 pred=composite st=ok
[41525/65201] ok=38631 err=2894 last_id=1136088 pred=painted st=ok
[41550/65201] ok=38655 err=2895 last_id=1136387 pred=painted st=ok
[41575/65201] ok=38680 err=2895 last_id=1136492 pred=photo st=ok
[41600/65201] ok=38705 err=2895 last_id=1137284 pred=photo st=ok
[41625/65201] ok=38730 err=2895 last_id=1138194 pred=photo st=ok
[41650/65201] ok=38755 err=2895 last_id=1138992 pred=composite st=ok
[41675/65201] ok=38780 err=2895 last_id=1139713 pred=painted st=ok
[41700/65201] ok=38805 err=2895 last_id=1140076 pred=composite st=ok
[41725/65201] ok=38829 err=2896 last_id=1140131 pred=photo st=ok
[41750/65201] ok=38853 err=2897 last_id=1141251 pred=photo st=ok
[41775/65201] ok=38877 err=2898 last_id=1141803 pred=painted st=ok
[41800/65201] ok=38901 err=2899 last_id=1142308 pred=photo st=ok
[41825/65201] ok=38924 err=2901 last_id=1142594 pred=composite st=ok
[41850/65201] ok=38949 err=2901 last_id=1143000 pred=painted st=ok
[41875/65201] ok=38974 err=2901 last_id=1143479 pred=painted st=ok
[41900/65201] ok=38999 err=2901 last_id=1143912 pred=painted st=ok
[41925/65201] ok=39023 err=2902 last_id=1144527 pred=photo st=ok
[41950/65201] ok=39048 err=2902 last_id=1144734 pred=photo st=ok
[41975/65201] ok=39073 err=2902 last_id=1145501 pred=composite st=ok
[42000/65201] ok=39097 err=2903 last_id=1146019 pred=painted st=ok
[42025/65201] ok=39122 err=2903 last_id=1146215 pred=painted st=ok
[42050/65201] ok=39147 err=2903 last_id=1146754 pred=painted st=ok
[42075/65201] ok=39170 err=2905 last_id=1147598 pred=composite st=ok
[42100/65201] ok=39195 err=2905 last_id=1148515 pred=composite st=ok
[42125/65201] ok=39220 err=2905 last_id=1148988 pred=composite st=ok
[42150/65201] ok=39245 err=2905 last_id=1150081 pred=painted st=ok
[42175/65201] ok=39269 err=2906 last_id=1150497 pred=composite st=ok
[42200/65201] ok=39294 err=2906 last_id=1151352 pred=painted st=ok
[42225/65201] ok=39319 err=2906 last_id=1151740 pred=painted st=ok
[42250/65201] ok=39344 err=2906 last_id=1151878 pred=composite st=ok
[42275/65201] ok=39369 err=2906 last_id=1151915 pred=photo st=ok
[42300/65201] ok=39394 err=2906 last_id=1151947 pred=photo st=ok
[42325/65201] ok=39419 err=2906 last_id=1151954 pred=painted st=ok
[42350/65201] ok=39444 err=2906 last_id=1152619 pred=photo st=ok
[42375/65201] ok=39469 err=2906 last_id=1153197 pred=photo st=ok
[42400/65201] ok=39493 err=2907 last_id=1154296 pred=painted st=ok
[42425/65201] ok=39518 err=2907 last_id=1155107 pred=painted st=ok
[42450/65201] ok=39543 err=2907 last_id=1155516 pred=painted st=ok
[42475/65201] ok=39568 err=2907 last_id=1156820 pred=painted st=ok
[42500/65201] ok=39592 err=2908 last_id=1157672 pred=photo st=ok
[42525/65201] ok=39616 err=2909 last_id=1157933 pred=photo st=ok
[42550/65201] ok=39641 err=2909 last_id=1158505 pred=photo st=ok
[42575/65201] ok=39666 err=2909 last_id=1159113 pred=photo st=ok
[42600/65201] ok=39690 err=2910 last_id=1159875 pred=composite st=ok
[42625/65201] ok=39714 err=2911 last_id=1160431 pred=painted st=ok
[42650/65201] ok=39739 err=2911 last_id=1160584 pred=photo st=ok
[42675/65201] ok=39763 err=2912 last_id=1161507 pred=painted st=ok
[42700/65201] ok=39783 err=2917 last_id=1162278 pred=painted st=ok
[42725/65201] ok=39806 err=2919 last_id=1163051 pred=painted st=ok
[42750/65201] ok=39830 err=2920 last_id=1162936 pred=painted st=ok
[42775/65201] ok=39855 err=2920 last_id=1164355 pred=photo st=ok
[42800/65201] ok=39879 err=2921 last_id=1165464 pred=photo st=ok
[42825/65201] ok=39904 err=2921 last_id=1165918 pred=painted st=ok
[42850/65201] ok=39929 err=2921 last_id=1166592 pred=painted st=ok
[42875/65201] ok=39954 err=2921 last_id=1167311 pred=composite st=ok
[42900/65201] ok=39978 err=2922 last_id=1167981 pred=painted st=ok
[42925/65201] ok=40002 err=2923 last_id=1168720 pred=painted st=ok
[42950/65201] ok=40027 err=2923 last_id=1169758 pred=photo st=ok
[42975/65201] ok=40051 err=2924 last_id=1170600 pred=composite st=ok
[43000/65201] ok=40076 err=2924 last_id=1171870 pred=photo st=ok
[43025/65201] ok=40101 err=2924 last_id=1172258 pred=composite st=ok
[43050/65201] ok=40126 err=2924 last_id=1172652 pred=painted st=ok
[43075/65201] ok=40151 err=2924 last_id=1173177 pred=painted st=ok
[43100/65201] ok=40176 err=2924 last_id=1173602 pred=painted st=ok
[43125/65201] ok=40201 err=2924 last_id=1174071 pred=composite st=ok
[43150/65201] ok=40226 err=2924 last_id=1174386 pred=painted st=ok
[43175/65201] ok=40250 err=2925 last_id=1174949 pred=painted st=ok
[43200/65201] ok=40275 err=2925 last_id=1175310 pred=painted st=ok
[43225/65201] ok=40299 err=2926 last_id=1176196 pred=composite st=ok
[43250/65201] ok=40322 err=2928 last_id=1176765 pred=painted st=ok
[43275/65201] ok=40347 err=2928 last_id=1177529 pred=painted st=ok
[43300/65201] ok=40372 err=2928 last_id=1178514 pred=composite st=ok
[43325/65201] ok=40397 err=2928 last_id=1179188 pred=photo st=ok
[43350/65201] ok=40421 err=2929 last_id=1180058 pred=composite st=ok
[43375/65201] ok=40446 err=2929 last_id=1180236 pred=painted st=ok
[43400/65201] ok=40471 err=2929 last_id=1180626 pred=photo st=ok
[43425/65201] ok=40496 err=2929 last_id=1180988 pred=photo st=ok
[43450/65201] ok=40521 err=2929 last_id=1181568 pred=photo st=ok
[43475/65201] ok=40546 err=2929 last_id=1181830 pred=painted st=ok
[43500/65201] ok=40571 err=2929 last_id=1182528 pred=photo st=ok
[43525/65201] ok=40596 err=2929 last_id=1182835 pred=photo st=ok
[43550/65201] ok=40620 err=2930 last_id=1183592 pred=photo st=ok
[43575/65201] ok=40645 err=2930 last_id=1183937 pred=painted st=ok
[43600/65201] ok=40669 err=2931 last_id=1184631 pred=composite st=ok
[43625/65201] ok=40693 err=2932 last_id=1185192 pred=composite st=ok
[43650/65201] ok=40718 err=2932 last_id=1185856 pred=composite st=ok
[43675/65201] ok=40741 err=2934 last_id=1186459 pred=composite st=ok
[43700/65201] ok=40764 err=2936 last_id=1186941 pred=painted st=ok
[43725/65201] ok=40788 err=2937 last_id=1187633 pred=photo st=ok
[43750/65201] ok=40812 err=2938 last_id=1188741 pred=painted st=ok
[43775/65201] ok=40836 err=2939 last_id=1189310 pred=composite st=ok
[43800/65201] ok=40861 err=2939 last_id=1189546 pred=painted st=ok
[43825/65201] ok=40884 err=2941 last_id=1190128 pred=painted st=ok
[43850/65201] ok=40908 err=2942 last_id=1190775 pred=photo st=ok
[43875/65201] ok=40933 err=2942 last_id=1191937 pred=painted st=ok
[43900/65201] ok=40958 err=2942 last_id=1192253 pred=painted st=ok
[43925/65201] ok=40983 err=2942 last_id=1192224 pred=photo st=ok
[43950/65201] ok=41008 err=2942 last_id=1193317 pred=photo st=ok
[43975/65201] ok=41032 err=2943 last_id=1193731 pred=painted st=ok
[44000/65201] ok=41057 err=2943 last_id=1193965 pred=composite st=ok
[44025/65201] ok=41081 err=2944 last_id=1194309 pred=painted st=ok
[44050/65201] ok=41106 err=2944 last_id=1194372 pred=painted st=ok
[44075/65201] ok=41131 err=2944 last_id=1195103 pred=painted st=ok
[44100/65201] ok=41156 err=2944 last_id=1195853 pred=painted st=ok
[44125/65201] ok=41180 err=2945 last_id=1196108 pred= st=miss
[44150/65201] ok=41205 err=2945 last_id=1196664 pred=painted st=ok
[44175/65201] ok=41230 err=2945 last_id=1197280 pred=photo st=ok
[44200/65201] ok=41255 err=2945 last_id=1197510 pred=composite st=ok
[44225/65201] ok=41280 err=2945 last_id=1198167 pred=composite st=ok
[44250/65201] ok=41304 err=2946 last_id=1198322 pred=painted st=ok
[44275/65201] ok=41329 err=2946 last_id=1198994 pred=painted st=ok
[44300/65201] ok=41353 err=2947 last_id=1199610 pred=painted st=ok
[44325/65201] ok=41378 err=2947 last_id=1200167 pred=photo st=ok
[44350/65201] ok=41403 err=2947 last_id=1200554 pred=photo st=ok
[44375/65201] ok=41428 err=2947 last_id=1201074 pred=composite st=ok
[44400/65201] ok=41453 err=2947 last_id=1200866 pred=photo st=ok
[44425/65201] ok=41478 err=2947 last_id=1202025 pred=photo st=ok
[44450/65201] ok=41501 err=2949 last_id=1202417 pred=painted st=ok
[44475/65201] ok=41526 err=2949 last_id=1202908 pred=painted st=ok
[44500/65201] ok=41551 err=2949 last_id=1203017 pred=painted st=ok
[44525/65201] ok=41575 err=2950 last_id=1203861 pred=composite st=ok
[44550/65201] ok=41600 err=2950 last_id=1204910 pred=photo st=ok
[44575/65201] ok=41625 err=2950 last_id=1205084 pred=composite st=ok
[44600/65201] ok=41649 err=2951 last_id=1205459 pred=painted st=ok
[44625/65201] ok=41673 err=2952 last_id=1205961 pred=photo st=ok
[44650/65201] ok=41696 err=2954 last_id=1207006 pred=composite st=ok
[44675/65201] ok=41721 err=2954 last_id=1207655 pred=photo st=ok
[44700/65201] ok=41746 err=2954 last_id=1208135 pred=composite st=ok
[44725/65201] ok=41771 err=2954 last_id=1208808 pred=photo st=ok
[44750/65201] ok=41796 err=2954 last_id=1209604 pred=photo st=ok
[44775/65201] ok=41821 err=2954 last_id=1209679 pred=composite st=ok
[44800/65201] ok=41846 err=2954 last_id=1210047 pred=painted st=ok
[44825/65201] ok=41870 err=2955 last_id=1210981 pred=photo st=ok
[44850/65201] ok=41895 err=2955 last_id=1211728 pred=painted st=ok
[44875/65201] ok=41919 err=2956 last_id=1212366 pred=composite st=ok
[44900/65201] ok=41943 err=2957 last_id=1212622 pred=painted st=ok
[44925/65201] ok=41968 err=2957 last_id=1213383 pred=composite st=ok
[44950/65201] ok=41993 err=2957 last_id=1213685 pred=composite st=ok
[44975/65201] ok=42016 err=2959 last_id=1214140 pred=composite st=ok
[45000/65201] ok=42041 err=2959 last_id=1214520 pred=painted st=ok
[45025/65201] ok=42064 err=2961 last_id=1214941 pred=photo st=ok
[45050/65201] ok=42089 err=2961 last_id=1215227 pred=painted st=ok
[45075/65201] ok=42113 err=2962 last_id=1216004 pred=painted st=ok
[45100/65201] ok=42138 err=2962 last_id=1216254 pred=photo st=ok
[45125/65201] ok=42163 err=2962 last_id=1216743 pred=composite st=ok
[45150/65201] ok=42187 err=2963 last_id=1217274 pred=composite st=ok
[45175/65201] ok=42212 err=2963 last_id=1217889 pred=composite st=ok
[45200/65201] ok=42237 err=2963 last_id=1218174 pred=composite st=ok
[45225/65201] ok=42262 err=2963 last_id=1218622 pred=painted st=ok
[45250/65201] ok=42287 err=2963 last_id=1218983 pred=painted st=ok
[45275/65201] ok=42312 err=2963 last_id=1219114 pred=painted st=ok
[45300/65201] ok=42337 err=2963 last_id=1219483 pred=photo st=ok
[45325/65201] ok=42362 err=2963 last_id=1220252 pred=photo st=ok
[45350/65201] ok=42386 err=2964 last_id=1220981 pred=painted st=ok
[45375/65201] ok=42411 err=2964 last_id=1221415 pred=painted st=ok
[45400/65201] ok=42436 err=2964 last_id=1222161 pred=photo st=ok
[45425/65201] ok=42461 err=2964 last_id=1222912 pred=composite st=ok
[45450/65201] ok=42486 err=2964 last_id=1223303 pred=painted st=ok
[45475/65201] ok=42511 err=2964 last_id=1224346 pred=photo st=ok
[45500/65201] ok=42536 err=2964 last_id=1224858 pred=composite st=ok
[45525/65201] ok=42559 err=2966 last_id=1225354 pred=painted st=ok
[45550/65201] ok=42583 err=2967 last_id=1226044 pred=painted st=ok
[45575/65201] ok=42608 err=2967 last_id=1226606 pred=photo st=ok
[45600/65201] ok=42633 err=2967 last_id=1226849 pred=composite st=ok
[45625/65201] ok=42658 err=2967 last_id=1227907 pred=photo st=ok
[45650/65201] ok=42683 err=2967 last_id=1228244 pred=painted st=ok
[45675/65201] ok=42708 err=2967 last_id=1229033 pred=composite st=ok
[45700/65201] ok=42733 err=2967 last_id=1229273 pred=painted st=ok
[45725/65201] ok=42758 err=2967 last_id=1230087 pred=photo st=ok
[45750/65201] ok=42783 err=2967 last_id=1230799 pred=composite st=ok
[45775/65201] ok=42808 err=2967 last_id=1231417 pred=photo st=ok
[45800/65201] ok=42832 err=2968 last_id=1232181 pred=photo st=ok
[45825/65201] ok=42857 err=2968 last_id=1232546 pred=painted st=ok
[45850/65201] ok=42882 err=2968 last_id=1233111 pred=composite st=ok
[45875/65201] ok=42907 err=2968 last_id=1233639 pred=composite st=ok
[45900/65201] ok=42932 err=2968 last_id=1234064 pred=photo st=ok
[45925/65201] ok=42957 err=2968 last_id=1234491 pred=composite st=ok
[45950/65201] ok=42982 err=2968 last_id=1234667 pred=composite st=ok
[45975/65201] ok=43006 err=2969 last_id=1235293 pred=painted st=ok
[46000/65201] ok=43031 err=2969 last_id=1235811 pred=painted st=ok
[46025/65201] ok=43055 err=2970 last_id=1236566 pred=composite st=ok
[46050/65201] ok=43079 err=2971 last_id=1237059 pred=photo st=ok
[46075/65201] ok=43104 err=2971 last_id=1237914 pred=painted st=ok
[46100/65201] ok=43127 err=2973 last_id=1238833 pred=painted st=ok
[46125/65201] ok=43151 err=2974 last_id=1239602 pred=photo st=ok
[46150/65201] ok=43174 err=2976 last_id=1240141 pred=painted st=ok
[46175/65201] ok=43199 err=2976 last_id=1240712 pred=painted st=ok
[46200/65201] ok=43223 err=2977 last_id=1241554 pred=photo st=ok
[46225/65201] ok=43248 err=2977 last_id=1241882 pred=painted st=ok
[46250/65201] ok=43272 err=2978 last_id=1242077 pred=painted st=ok
[46275/65201] ok=43297 err=2978 last_id=1242193 pred=composite st=ok
[46300/65201] ok=43322 err=2978 last_id=1242483 pred=photo st=ok
[46325/65201] ok=43347 err=2978 last_id=1242787 pred=painted st=ok
[46350/65201] ok=43372 err=2978 last_id=1243038 pred=painted st=ok
[46375/65201] ok=43396 err=2979 last_id=1243651 pred=composite st=ok
[46400/65201] ok=43421 err=2979 last_id=1243957 pred=photo st=ok
[46425/65201] ok=43446 err=2979 last_id=1244126 pred=painted st=ok
[46450/65201] ok=43470 err=2980 last_id=1244878 pred=painted st=ok
[46475/65201] ok=43495 err=2980 last_id=1245526 pred=painted st=ok
[46500/65201] ok=43519 err=2981 last_id=1246012 pred=painted st=ok
[46525/65201] ok=43544 err=2981 last_id=1246488 pred=painted st=ok
[46550/65201] ok=43568 err=2982 last_id=1246798 pred= st=miss
[46575/65201] ok=43593 err=2982 last_id=1247306 pred=painted st=ok
[46600/65201] ok=43618 err=2982 last_id=1247823 pred=painted st=ok
[46625/65201] ok=43643 err=2982 last_id=1247938 pred=composite st=ok
[46650/65201] ok=43668 err=2982 last_id=1248492 pred=painted st=ok
[46675/65201] ok=43691 err=2984 last_id=1249240 pred=painted st=ok
[46700/65201] ok=43715 err=2985 last_id=1249598 pred=composite st=ok
[46725/65201] ok=43740 err=2985 last_id=1249985 pred=painted st=ok
[46750/65201] ok=43765 err=2985 last_id=1250437 pred=painted st=ok
[46775/65201] ok=43790 err=2985 last_id=1250658 pred=photo st=ok
[46800/65201] ok=43815 err=2985 last_id=1250800 pred=painted st=ok
[46825/65201] ok=43839 err=2986 last_id=1251900 pred=photo st=ok
[46850/65201] ok=43863 err=2987 last_id=1252157 pred=photo st=ok
[46875/65201] ok=43888 err=2987 last_id=1252471 pred=photo st=ok
[46900/65201] ok=43911 err=2989 last_id=1253492 pred=composite st=ok
[46925/65201] ok=43936 err=2989 last_id=1253624 pred=photo st=ok
[46950/65201] ok=43961 err=2989 last_id=1253929 pred=photo st=ok
[46975/65201] ok=43985 err=2990 last_id=1254201 pred=photo st=ok
[47000/65201] ok=44008 err=2992 last_id=1255073 pred=photo st=ok
[47025/65201] ok=44032 err=2993 last_id=1255466 pred=painted st=ok
[47050/65201] ok=44057 err=2993 last_id=1255760 pred=photo st=ok
[47075/65201] ok=44081 err=2994 last_id=1256602 pred=photo st=ok
[47100/65201] ok=44106 err=2994 last_id=1257081 pred=composite st=ok
[47125/65201] ok=44131 err=2994 last_id=1257669 pred=painted st=ok
[47150/65201] ok=44156 err=2994 last_id=1258195 pred=painted st=ok
[47175/65201] ok=44181 err=2994 last_id=1258764 pred=photo st=ok
[47200/65201] ok=44204 err=2996 last_id=1259134 pred=painted st=ok
[47225/65201] ok=44226 err=2999 last_id=1259734 pred=photo st=ok
[47250/65201] ok=44251 err=2999 last_id=1260195 pred=composite st=ok
[47275/65201] ok=44275 err=3000 last_id=1260948 pred=composite st=ok
[47300/65201] ok=44299 err=3001 last_id=1261579 pred=painted st=ok
[47325/65201] ok=44324 err=3001 last_id=1262037 pred=photo st=ok
[47350/65201] ok=44349 err=3001 last_id=1262953 pred=composite st=ok
[47375/65201] ok=44374 err=3001 last_id=1263707 pred=painted st=ok
[47400/65201] ok=44398 err=3002 last_id=1264155 pred= st=miss
[47425/65201] ok=44423 err=3002 last_id=1265257 pred=painted st=ok
[47450/65201] ok=44447 err=3003 last_id=1265679 pred=photo st=ok
[47475/65201] ok=44472 err=3003 last_id=1266263 pred=painted st=ok
[47500/65201] ok=44496 err=3004 last_id=1266814 pred=painted st=ok
[47525/65201] ok=44521 err=3004 last_id=1267054 pred=photo st=ok
[47550/65201] ok=44546 err=3004 last_id=1267220 pred=painted st=ok
[47575/65201] ok=44571 err=3004 last_id=1267320 pred=composite st=ok
[47600/65201] ok=44596 err=3004 last_id=1267648 pred=painted st=ok
[47625/65201] ok=44621 err=3004 last_id=1267966 pred=composite st=ok
[47650/65201] ok=44645 err=3005 last_id=1268263 pred=painted st=ok
[47675/65201] ok=44670 err=3005 last_id=1268706 pred=composite st=ok
[47700/65201] ok=44695 err=3005 last_id=1268944 pred=photo st=ok
[47725/65201] ok=44720 err=3005 last_id=1269198 pred=painted st=ok
[47750/65201] ok=44745 err=3005 last_id=1269232 pred=photo st=ok
[47775/65201] ok=44770 err=3005 last_id=1269287 pred=composite st=ok
[47800/65201] ok=44795 err=3005 last_id=1269331 pred=composite st=ok
[47825/65201] ok=44820 err=3005 last_id=1269435 pred=composite st=ok
[47850/65201] ok=44844 err=3006 last_id=1269968 pred=painted st=ok
[47875/65201] ok=44869 err=3006 last_id=1270513 pred=photo st=ok
[47900/65201] ok=44894 err=3006 last_id=1270532 pred=composite st=ok
[47925/65201] ok=44917 err=3008 last_id=1271250 pred=painted st=ok
[47950/65201] ok=44942 err=3008 last_id=1271433 pred=composite st=ok
[47975/65201] ok=44967 err=3008 last_id=1271908 pred=composite st=ok
[48000/65201] ok=44991 err=3009 last_id=1272708 pred=composite st=ok
[48025/65201] ok=45011 err=3014 last_id=1273068 pred=painted st=ok
[48050/65201] ok=45033 err=3017 last_id=1273543 pred=painted st=ok
[48075/65201] ok=45057 err=3018 last_id=1274009 pred=painted st=ok
[48100/65201] ok=45082 err=3018 last_id=1274673 pred=painted st=ok
[48125/65201] ok=45106 err=3019 last_id=1275550 pred=painted st=ok
[48150/65201] ok=45130 err=3020 last_id=1276177 pred=composite st=ok
[48175/65201] ok=45153 err=3022 last_id=1276774 pred=photo st=ok
[48200/65201] ok=45175 err=3025 last_id=1277136 pred=photo st=ok
[48225/65201] ok=45199 err=3026 last_id=1277529 pred=composite st=ok
[48250/65201] ok=45224 err=3026 last_id=1277897 pred=painted st=ok
[48275/65201] ok=45247 err=3028 last_id=1278670 pred=photo st=ok
[48300/65201] ok=45270 err=3030 last_id=1279175 pred=photo st=ok
[48325/65201] ok=45295 err=3030 last_id=1279273 pred=painted st=ok
[48350/65201] ok=45319 err=3031 last_id=1279297 pred=composite st=ok
[48375/65201] ok=45344 err=3031 last_id=1279353 pred=painted st=ok
[48400/65201] ok=45368 err=3032 last_id=1279713 pred=composite st=ok
[48425/65201] ok=45393 err=3032 last_id=1279934 pred=painted st=ok
[48450/65201] ok=45416 err=3034 last_id=1280029 pred=photo st=ok
[48475/65201] ok=45434 err=3041 last_id=1280778 pred=composite st=ok
[48500/65201] ok=45457 err=3043 last_id=1281075 pred=composite st=ok
[48525/65201] ok=45476 err=3049 last_id=1281628 pred=painted st=ok
[48550/65201] ok=45499 err=3051 last_id=1281957 pred=photo st=ok
[48575/65201] ok=45521 err=3054 last_id=1282333 pred=painted st=ok
[48600/65201] ok=45541 err=3059 last_id=1282822 pred=painted st=ok
[48625/65201] ok=45561 err=3064 last_id=1283946 pred= st=miss
[48650/65201] ok=45584 err=3066 last_id=1284404 pred=photo st=ok
[48675/65201] ok=45609 err=3066 last_id=1284824 pred=composite st=ok
[48700/65201] ok=45634 err=3066 last_id=1285863 pred=composite st=ok
[48725/65201] ok=45659 err=3066 last_id=1285687 pred=photo st=ok
[48750/65201] ok=45684 err=3066 last_id=1286496 pred=painted st=ok
[48775/65201] ok=45707 err=3068 last_id=1287031 pred= st=miss
[48800/65201] ok=45731 err=3069 last_id=1287270 pred=photo st=ok
[48825/65201] ok=45754 err=3071 last_id=1287801 pred=photo st=ok
[48850/65201] ok=45779 err=3071 last_id=1287618 pred=composite st=ok
[48875/65201] ok=45804 err=3071 last_id=1288652 pred=composite st=ok
[48900/65201] ok=45828 err=3072 last_id=1289428 pred=painted st=ok
[48925/65201] ok=45853 err=3072 last_id=1290084 pred=painted st=ok
[48950/65201] ok=45878 err=3072 last_id=1290560 pred=painted st=ok
[48975/65201] ok=45898 err=3077 last_id=1290930 pred=composite st=ok
[49000/65201] ok=45921 err=3079 last_id=1291305 pred=painted st=ok
[49025/65201] ok=45946 err=3079 last_id=1291595 pred=photo st=ok
[49050/65201] ok=45970 err=3080 last_id=1291973 pred=composite st=ok
[49075/65201] ok=45995 err=3080 last_id=1292185 pred=composite st=ok
[49100/65201] ok=46020 err=3080 last_id=1292695 pred=composite st=ok
[49125/65201] ok=46044 err=3081 last_id=1293077 pred=painted st=ok
[49150/65201] ok=46068 err=3082 last_id=1293448 pred=painted st=ok
[49175/65201] ok=46093 err=3082 last_id=1293679 pred=painted st=ok
[49200/65201] ok=46117 err=3083 last_id=1294355 pred= st=miss
[49225/65201] ok=46142 err=3083 last_id=1294806 pred=painted st=ok
[49250/65201] ok=46167 err=3083 last_id=1295715 pred=painted st=ok
[49275/65201] ok=46192 err=3083 last_id=1296035 pred=photo st=ok
[49300/65201] ok=46215 err=3085 last_id=1296702 pred=composite st=ok
[49325/65201] ok=46239 err=3086 last_id=1297344 pred=composite st=ok
[49350/65201] ok=46263 err=3087 last_id=1297747 pred=photo st=ok
[49375/65201] ok=46287 err=3088 last_id=1298505 pred=photo st=ok
[49400/65201] ok=46312 err=3088 last_id=1299201 pred=photo st=ok
[49425/65201] ok=46337 err=3088 last_id=1300172 pred=composite st=ok
[49450/65201] ok=46361 err=3089 last_id=1300527 pred=painted st=ok
[49475/65201] ok=46386 err=3089 last_id=1301051 pred=painted st=ok
[49500/65201] ok=46407 err=3093 last_id=1301196 pred=composite st=ok
[49525/65201] ok=46431 err=3094 last_id=1301330 pred=painted st=ok
[49550/65201] ok=46455 err=3095 last_id=1302213 pred=composite st=ok
[49575/65201] ok=46480 err=3095 last_id=1302594 pred=painted st=ok
[49600/65201] ok=46505 err=3095 last_id=1302635 pred=photo st=ok
[49625/65201] ok=46530 err=3095 last_id=1302728 pred=photo st=ok
[49650/65201] ok=46555 err=3095 last_id=1303300 pred=painted st=ok
[49675/65201] ok=46578 err=3097 last_id=1304044 pred=painted st=ok
[49700/65201] ok=46603 err=3097 last_id=1304695 pred=photo st=ok
[49725/65201] ok=46628 err=3097 last_id=1305225 pred=photo st=ok
[49750/65201] ok=46653 err=3097 last_id=1305573 pred=photo st=ok
[49775/65201] ok=46675 err=3100 last_id=1306005 pred=painted st=ok
[49800/65201] ok=46699 err=3101 last_id=1306112 pred=painted st=ok
[49825/65201] ok=46724 err=3101 last_id=1306772 pred=composite st=ok
[49850/65201] ok=46749 err=3101 last_id=1307524 pred=painted st=ok
[49875/65201] ok=46773 err=3102 last_id=1308112 pred=photo st=ok
[49900/65201] ok=46798 err=3102 last_id=1308384 pred=photo st=ok
[49925/65201] ok=46822 err=3103 last_id=1308922 pred= st=miss
[49950/65201] ok=46845 err=3105 last_id=1309374 pred=photo st=ok
[49975/65201] ok=46870 err=3105 last_id=1310250 pred=painted st=ok
[50000/65201] ok=46895 err=3105 last_id=1310708 pred=painted st=ok
[50025/65201] ok=46919 err=3106 last_id=1311193 pred=composite st=ok
[50050/65201] ok=46941 err=3109 last_id=1311681 pred=composite st=ok
[50075/65201] ok=46957 err=3118 last_id=1312430 pred=photo st=ok
[50100/65201] ok=46978 err=3122 last_id=1312828 pred=photo st=ok
[50125/65201] ok=46998 err=3127 last_id=1313247 pred=painted st=ok
[50150/65201] ok=47023 err=3127 last_id=1313938 pred=painted st=ok
[50175/65201] ok=47048 err=3127 last_id=1314513 pred=photo st=ok
[50200/65201] ok=47072 err=3128 last_id=1315044 pred=composite st=ok
[50225/65201] ok=47097 err=3128 last_id=1315186 pred=photo st=ok
[50250/65201] ok=47120 err=3130 last_id=1315666 pred=painted st=ok
[50275/65201] ok=47144 err=3131 last_id=1316232 pred=composite st=ok
[50300/65201] ok=47169 err=3131 last_id=1316651 pred=painted st=ok
[50325/65201] ok=47193 err=3132 last_id=1317101 pred=painted st=ok
[50350/65201] ok=47218 err=3132 last_id=1317394 pred=composite st=ok
[50375/65201] ok=47242 err=3133 last_id=1317351 pred=composite st=ok
[50400/65201] ok=47265 err=3135 last_id=1318425 pred=painted st=ok
[50425/65201] ok=47290 err=3135 last_id=1318928 pred=painted st=ok
[50450/65201] ok=47313 err=3137 last_id=1319413 pred=photo st=ok
[50475/65201] ok=47336 err=3139 last_id=1319724 pred=photo st=ok
[50500/65201] ok=47361 err=3139 last_id=1320167 pred=painted st=ok
[50525/65201] ok=47385 err=3140 last_id=1320425 pred=composite st=ok
[50550/65201] ok=47410 err=3140 last_id=1321061 pred=photo st=ok
[50575/65201] ok=47434 err=3141 last_id=1321176 pred=painted st=ok
[50600/65201] ok=47459 err=3141 last_id=1321557 pred=photo st=ok
[50625/65201] ok=47483 err=3142 last_id=1322149 pred=painted st=ok
[50650/65201] ok=47508 err=3142 last_id=1322682 pred=painted st=ok
[50675/65201] ok=47532 err=3143 last_id=1323144 pred=composite st=ok
[50700/65201] ok=47557 err=3143 last_id=1323724 pred=photo st=ok
[50725/65201] ok=47581 err=3144 last_id=1324298 pred=painted st=ok
[50750/65201] ok=47606 err=3144 last_id=1324862 pred=photo st=ok
[50775/65201] ok=47630 err=3145 last_id=1325034 pred=painted st=ok
[50800/65201] ok=47655 err=3145 last_id=1325821 pred=photo st=ok
[50825/65201] ok=47679 err=3146 last_id=1326248 pred=photo st=ok
[50850/65201] ok=47704 err=3146 last_id=1327445 pred=painted st=ok
[50875/65201] ok=47728 err=3147 last_id=1328145 pred=painted st=ok
[50900/65201] ok=47753 err=3147 last_id=1328312 pred=painted st=ok
[50925/65201] ok=47777 err=3148 last_id=1328941 pred=composite st=ok
[50950/65201] ok=47800 err=3150 last_id=1328672 pred=painted st=ok
[50975/65201] ok=47823 err=3152 last_id=1330037 pred=composite st=ok
[51000/65201] ok=47848 err=3152 last_id=1330475 pred=composite st=ok
[51025/65201] ok=47871 err=3154 last_id=1332572 pred=photo st=ok
[51050/65201] ok=47895 err=3155 last_id=1335731 pred=composite st=ok
[51075/65201] ok=47919 err=3156 last_id=1335967 pred=composite st=ok
[51100/65201] ok=47943 err=3157 last_id=1337133 pred=photo st=ok
[51125/65201] ok=47968 err=3157 last_id=1337629 pred=painted st=ok
[51150/65201] ok=47993 err=3157 last_id=1338346 pred=painted st=ok
[51175/65201] ok=48016 err=3159 last_id=1339073 pred=composite st=ok
[51200/65201] ok=48040 err=3160 last_id=1339469 pred=photo st=ok
[51225/65201] ok=48064 err=3161 last_id=1339953 pred=photo st=ok
[51250/65201] ok=48088 err=3162 last_id=1340367 pred=painted st=ok
[51275/65201] ok=48111 err=3164 last_id=1340980 pred=photo st=ok
[51300/65201] ok=48135 err=3165 last_id=1341284 pred=photo st=ok
[51325/65201] ok=48159 err=3166 last_id=1342079 pred=composite st=ok
[51350/65201] ok=48184 err=3166 last_id=1346557 pred=photo st=ok
[51375/65201] ok=48209 err=3166 last_id=1352168 pred=photo st=ok
[51400/65201] ok=48233 err=3167 last_id=1352922 pred=composite st=ok
[51425/65201] ok=48257 err=3168 last_id=1353251 pred=painted st=ok
[51450/65201] ok=48281 err=3169 last_id=1353610 pred=photo st=ok
[51475/65201] ok=48305 err=3170 last_id=1354458 pred=photo st=ok
[51500/65201] ok=48329 err=3171 last_id=1354844 pred=photo st=ok
[51525/65201] ok=48354 err=3171 last_id=1355204 pred=composite st=ok
[51550/65201] ok=48379 err=3171 last_id=1355452 pred=composite st=ok
[51575/65201] ok=48404 err=3171 last_id=1356160 pred=painted st=ok
[51600/65201] ok=48428 err=3172 last_id=1356440 pred=painted st=ok
[51625/65201] ok=48449 err=3176 last_id=1356926 pred=composite st=ok
[51650/65201] ok=48474 err=3176 last_id=1357415 pred=photo st=ok
[51675/65201] ok=48499 err=3176 last_id=1357724 pred=photo st=ok
[51700/65201] ok=48524 err=3176 last_id=1358210 pred=painted st=ok
[51725/65201] ok=48546 err=3179 last_id=1358787 pred=composite st=ok
[51750/65201] ok=48570 err=3180 last_id=1359305 pred=composite st=ok
[51775/65201] ok=48594 err=3181 last_id=1360565 pred=composite st=ok
[51800/65201] ok=48618 err=3182 last_id=1361305 pred=painted st=ok
[51825/65201] ok=48642 err=3183 last_id=1362315 pred=photo st=ok
[51850/65201] ok=48665 err=3185 last_id=1362981 pred=painted st=ok
[51875/65201] ok=48689 err=3186 last_id=1363481 pred=composite st=ok
[51900/65201] ok=48714 err=3186 last_id=1364036 pred=painted st=ok
[51925/65201] ok=48739 err=3186 last_id=1364560 pred=photo st=ok
[51950/65201] ok=48761 err=3189 last_id=1365165 pred=painted st=ok
[51975/65201] ok=48786 err=3189 last_id=1365788 pred=photo st=ok
[52000/65201] ok=48811 err=3189 last_id=1365922 pred=painted st=ok
[52025/65201] ok=48835 err=3190 last_id=1366502 pred= st=miss
[52050/65201] ok=48858 err=3192 last_id=1366977 pred=photo st=ok
[52075/65201] ok=48882 err=3193 last_id=1367514 pred=photo st=ok
[52100/65201] ok=48905 err=3195 last_id=1367884 pred=composite st=ok
[52125/65201] ok=48928 err=3197 last_id=1368569 pred=photo st=ok
[52150/65201] ok=48953 err=3197 last_id=1369229 pred=painted st=ok
[52175/65201] ok=48977 err=3198 last_id=1369844 pred= st=miss
[52200/65201] ok=49000 err=3200 last_id=1370478 pred=composite st=ok
[52225/65201] ok=49025 err=3200 last_id=1371033 pred=photo st=ok
[52250/65201] ok=49050 err=3200 last_id=1371643 pred=photo st=ok
[52275/65201] ok=49074 err=3201 last_id=1372037 pred=painted st=ok
[52300/65201] ok=49098 err=3202 last_id=1372634 pred=painted st=ok
[52325/65201] ok=49122 err=3203 last_id=1373004 pred=photo st=ok
[52350/65201] ok=49145 err=3205 last_id=1373509 pred=painted st=ok
[52375/65201] ok=49167 err=3208 last_id=1374127 pred=painted st=ok
[52400/65201] ok=49192 err=3208 last_id=1374532 pred=photo st=ok
[52425/65201] ok=49217 err=3208 last_id=1374672 pred=composite st=ok
[52450/65201] ok=49241 err=3209 last_id=1375165 pred=composite st=ok
[52475/65201] ok=49265 err=3210 last_id=1375462 pred=painted st=ok
[52500/65201] ok=49282 err=3218 last_id=1375903 pred= st=miss
[52525/65201] ok=49305 err=3220 last_id=1376413 pred=photo st=ok
[52550/65201] ok=49328 err=3222 last_id=1376748 pred=photo st=ok
[52575/65201] ok=49353 err=3222 last_id=1377341 pred=composite st=ok
[52600/65201] ok=49377 err=3223 last_id=1377684 pred=composite st=ok
[52625/65201] ok=49400 err=3225 last_id=1377961 pred=photo st=ok
[52650/65201] ok=49425 err=3225 last_id=1378838 pred=composite st=ok
[52675/65201] ok=49450 err=3225 last_id=1379480 pred=photo st=ok
[52700/65201] ok=49475 err=3225 last_id=1379716 pred=painted st=ok
[52725/65201] ok=49498 err=3227 last_id=1380308 pred= st=miss
[52750/65201] ok=49521 err=3229 last_id=1380847 pred=photo st=ok
[52775/65201] ok=49544 err=3231 last_id=1381002 pred=composite st=ok
[52800/65201] ok=49562 err=3238 last_id=1381049 pred= st=miss
[52825/65201] ok=49583 err=3242 last_id=1382259 pred=painted st=ok
[52850/65201] ok=49608 err=3242 last_id=1382594 pred=painted st=ok
[52875/65201] ok=49631 err=3244 last_id=1383245 pred=photo st=ok
[52900/65201] ok=49652 err=3248 last_id=1383323 pred=painted st=ok
[52925/65201] ok=49670 err=3255 last_id=1384133 pred=composite st=ok
[52950/65201] ok=49692 err=3258 last_id=1384356 pred=photo st=ok
[52975/65201] ok=49717 err=3258 last_id=1385494 pred=painted st=ok
[53000/65201] ok=49741 err=3259 last_id=1386245 pred=painted st=ok
[53025/65201] ok=49766 err=3259 last_id=1387011 pred=painted st=ok
[53050/65201] ok=49788 err=3262 last_id=1387617 pred= st=miss
[53075/65201] ok=49813 err=3262 last_id=1388238 pred=photo st=ok
[53100/65201] ok=49834 err=3266 last_id=1388443 pred=photo st=ok
[53125/65201] ok=49859 err=3266 last_id=1389316 pred=photo st=ok
[53150/65201] ok=49884 err=3266 last_id=1389968 pred=composite st=ok
[53175/65201] ok=49908 err=3267 last_id=1390675 pred=composite st=ok
[53200/65201] ok=49932 err=3268 last_id=1391253 pred=painted st=ok
[53225/65201] ok=49957 err=3268 last_id=1391841 pred=photo st=ok
[53250/65201] ok=49981 err=3269 last_id=1392150 pred=composite st=ok
[53275/65201] ok=50004 err=3271 last_id=1393578 pred=painted st=ok
[53300/65201] ok=50029 err=3271 last_id=1393905 pred=photo st=ok
[53325/65201] ok=50053 err=3272 last_id=1394239 pred=photo st=ok
[53350/65201] ok=50078 err=3272 last_id=1395041 pred=composite st=ok
[53375/65201] ok=50102 err=3273 last_id=1395668 pred=photo st=ok
[53400/65201] ok=50127 err=3273 last_id=1396272 pred=photo st=ok
[53425/65201] ok=50152 err=3273 last_id=1396706 pred=composite st=ok
[53450/65201] ok=50177 err=3273 last_id=1397155 pred=composite st=ok
[53475/65201] ok=50202 err=3273 last_id=1397498 pred=painted st=ok
[53500/65201] ok=50227 err=3273 last_id=1398074 pred=photo st=ok
[53525/65201] ok=50251 err=3274 last_id=1398709 pred=composite st=ok
[53550/65201] ok=50275 err=3275 last_id=1399123 pred=composite st=ok
[53575/65201] ok=50299 err=3276 last_id=1399580 pred=photo st=ok
[53600/65201] ok=50324 err=3276 last_id=1400524 pred=photo st=ok
[53625/65201] ok=50349 err=3276 last_id=1401244 pred=painted st=ok
[53650/65201] ok=50373 err=3277 last_id=1401904 pred=photo st=ok
[53675/65201] ok=50398 err=3277 last_id=1403029 pred=composite st=ok
[53700/65201] ok=50422 err=3278 last_id=1403322 pred=photo st=ok
[53725/65201] ok=50445 err=3280 last_id=1404791 pred=photo st=ok
[53750/65201] ok=50469 err=3281 last_id=1405163 pred=composite st=ok
[53775/65201] ok=50492 err=3283 last_id=1405742 pred=composite st=ok
[53800/65201] ok=50517 err=3283 last_id=1406289 pred=painted st=ok
[53825/65201] ok=50540 err=3285 last_id=1406890 pred=photo st=ok
[53850/65201] ok=50565 err=3285 last_id=1407297 pred=painted st=ok
[53875/65201] ok=50590 err=3285 last_id=1408027 pred=composite st=ok
[53900/65201] ok=50615 err=3285 last_id=1408827 pred=composite st=ok
[53925/65201] ok=50640 err=3285 last_id=1410070 pred=photo st=ok
[53950/65201] ok=50665 err=3285 last_id=1410820 pred=photo st=ok
[53975/65201] ok=50690 err=3285 last_id=1411606 pred=photo st=ok
[54000/65201] ok=50714 err=3286 last_id=1412405 pred=photo st=ok
[54025/65201] ok=50736 err=3289 last_id=1413041 pred=painted st=ok
[54050/65201] ok=50761 err=3289 last_id=1413560 pred=composite st=ok
[54075/65201] ok=50786 err=3289 last_id=1414304 pred=photo st=ok
[54100/65201] ok=50811 err=3289 last_id=1415396 pred=painted st=ok
[54125/65201] ok=50836 err=3289 last_id=1415665 pred=composite st=ok
[54150/65201] ok=50861 err=3289 last_id=1416615 pred=painted st=ok
[54175/65201] ok=50883 err=3292 last_id=1417136 pred=photo st=ok
[54200/65201] ok=50908 err=3292 last_id=1418047 pred=painted st=ok
[54225/65201] ok=50933 err=3292 last_id=1418725 pred=composite st=ok
[54250/65201] ok=50958 err=3292 last_id=1419232 pred=photo st=ok
[54275/65201] ok=50983 err=3292 last_id=1419551 pred=photo st=ok
[54300/65201] ok=51008 err=3292 last_id=1420744 pred=painted st=ok
[54325/65201] ok=51033 err=3292 last_id=1421406 pred=photo st=ok
[54350/65201] ok=51056 err=3294 last_id=1421865 pred=painted st=ok
[54375/65201] ok=51081 err=3294 last_id=1422708 pred=composite st=ok
[54400/65201] ok=51106 err=3294 last_id=1423237 pred=photo st=ok
[54425/65201] ok=51131 err=3294 last_id=1424007 pred=painted st=ok
[54450/65201] ok=51156 err=3294 last_id=1424817 pred=painted st=ok
[54475/65201] ok=51180 err=3295 last_id=1425504 pred=composite st=ok
[54500/65201] ok=51205 err=3295 last_id=1426364 pred=painted st=ok
[54525/65201] ok=51230 err=3295 last_id=1427046 pred=painted st=ok
[54550/65201] ok=51255 err=3295 last_id=1427727 pred=painted st=ok
[54575/65201] ok=51278 err=3297 last_id=1428469 pred=painted st=ok
[54600/65201] ok=51303 err=3297 last_id=1429175 pred=photo st=ok
[54625/65201] ok=51327 err=3298 last_id=1429453 pred=painted st=ok
[54650/65201] ok=51350 err=3300 last_id=1429773 pred=photo st=ok
[54675/65201] ok=51374 err=3301 last_id=1431288 pred=painted st=ok
[54700/65201] ok=51398 err=3302 last_id=1432235 pred=painted st=ok
[54725/65201] ok=51423 err=3302 last_id=1432675 pred=composite st=ok
[54750/65201] ok=51447 err=3303 last_id=1433321 pred=painted st=ok
[54775/65201] ok=51471 err=3304 last_id=1433872 pred=painted st=ok
[54800/65201] ok=51494 err=3306 last_id=1433965 pred=composite st=ok
[54825/65201] ok=51519 err=3306 last_id=1434635 pred=composite st=ok
[54850/65201] ok=51544 err=3306 last_id=1435755 pred=photo st=ok
[54875/65201] ok=51566 err=3309 last_id=1436214 pred=painted st=ok
[54900/65201] ok=51591 err=3309 last_id=1436618 pred=painted st=ok
[54925/65201] ok=51615 err=3310 last_id=1437233 pred=photo st=ok
[54950/65201] ok=51640 err=3310 last_id=1438205 pred=composite st=ok
[54975/65201] ok=51665 err=3310 last_id=1438494 pred=photo st=ok
[55000/65201] ok=51690 err=3310 last_id=1439412 pred=composite st=ok
[55025/65201] ok=51711 err=3314 last_id=1440100 pred=painted st=ok
[55050/65201] ok=51736 err=3314 last_id=1440937 pred=photo st=ok
[55075/65201] ok=51761 err=3314 last_id=1441518 pred=painted st=ok
[55100/65201] ok=51786 err=3314 last_id=1442287 pred=composite st=ok
[55125/65201] ok=51811 err=3314 last_id=1442954 pred=painted st=ok
[55150/65201] ok=51834 err=3316 last_id=1443276 pred=photo st=ok
[55175/65201] ok=51859 err=3316 last_id=1444382 pred=photo st=ok
[55200/65201] ok=51884 err=3316 last_id=1445198 pred=painted st=ok
[55225/65201] ok=51909 err=3316 last_id=1445777 pred=painted st=ok
[55250/65201] ok=51934 err=3316 last_id=1446590 pred=composite st=ok
[55275/65201] ok=51956 err=3319 last_id=1447160 pred=composite st=ok
[55300/65201] ok=51980 err=3320 last_id=1448106 pred=photo st=ok
[55325/65201] ok=52005 err=3320 last_id=1449143 pred=composite st=ok
[55350/65201] ok=52030 err=3320 last_id=1449319 pred=photo st=ok
[55375/65201] ok=52053 err=3322 last_id=1450022 pred=painted st=ok
[55400/65201] ok=52077 err=3323 last_id=1450799 pred=composite st=ok
[55425/65201] ok=52100 err=3325 last_id=1451335 pred=composite st=ok
[55450/65201] ok=52123 err=3327 last_id=1452171 pred=composite st=ok
[55475/65201] ok=52147 err=3328 last_id=1452668 pred=composite st=ok
[55500/65201] ok=52171 err=3329 last_id=1453554 pred=photo st=ok
[55525/65201] ok=52196 err=3329 last_id=1453740 pred=photo st=ok
[55550/65201] ok=52221 err=3329 last_id=1454379 pred=photo st=ok
[55575/65201] ok=52246 err=3329 last_id=1455243 pred=painted st=ok
[55600/65201] ok=52270 err=3330 last_id=1456124 pred=photo st=ok
[55625/65201] ok=52294 err=3331 last_id=1456458 pred=painted st=ok
[55650/65201] ok=52319 err=3331 last_id=1457642 pred=photo st=ok
[55675/65201] ok=52343 err=3332 last_id=1458191 pred=photo st=ok
[55700/65201] ok=52367 err=3333 last_id=1458602 pred=photo st=ok
[55725/65201] ok=52392 err=3333 last_id=1459950 pred=composite st=ok
[55750/65201] ok=52416 err=3334 last_id=1460778 pred=photo st=ok
[55775/65201] ok=52441 err=3334 last_id=1461254 pred=composite st=ok
[55800/65201] ok=52466 err=3334 last_id=1462303 pred=photo st=ok
[55825/65201] ok=52491 err=3334 last_id=1462899 pred=photo st=ok
[55850/65201] ok=52516 err=3334 last_id=1463778 pred=photo st=ok
[55875/65201] ok=52540 err=3335 last_id=1464401 pred=composite st=ok
[55900/65201] ok=52563 err=3337 last_id=1465632 pred=composite st=ok
[55925/65201] ok=52588 err=3337 last_id=1465885 pred=painted st=ok
[55950/65201] ok=52613 err=3337 last_id=1466829 pred=painted st=ok
[55975/65201] ok=52636 err=3339 last_id=1467848 pred=photo st=ok
[56000/65201] ok=52661 err=3339 last_id=1468394 pred=composite st=ok
[56025/65201] ok=52686 err=3339 last_id=1469229 pred=painted st=ok
[56050/65201] ok=52709 err=3341 last_id=1470150 pred=painted st=ok
[56075/65201] ok=52733 err=3342 last_id=1470829 pred=painted st=ok
[56100/65201] ok=52757 err=3343 last_id=1471546 pred=photo st=ok
[56125/65201] ok=52781 err=3344 last_id=1472078 pred=painted st=ok
[56150/65201] ok=52806 err=3344 last_id=1472816 pred=painted st=ok
[56175/65201] ok=52830 err=3345 last_id=1473505 pred=painted st=ok
[56200/65201] ok=52854 err=3346 last_id=1474224 pred=photo st=ok
[56225/65201] ok=52878 err=3347 last_id=1474325 pred=painted st=ok
[56250/65201] ok=52903 err=3347 last_id=1475523 pred=photo st=ok
[56275/65201] ok=52928 err=3347 last_id=1476378 pred=photo st=ok
[56300/65201] ok=52953 err=3347 last_id=1476731 pred=painted st=ok
[56325/65201] ok=52977 err=3348 last_id=1477673 pred=painted st=ok
[56350/65201] ok=53001 err=3349 last_id=1478029 pred=painted st=ok
[56375/65201] ok=53026 err=3349 last_id=1478848 pred=painted st=ok
[56400/65201] ok=53049 err=3351 last_id=1480075 pred= st=miss
[56425/65201] ok=53072 err=3353 last_id=1480415 pred=painted st=ok
[56450/65201] ok=53097 err=3353 last_id=1481272 pred=photo st=ok
[56475/65201] ok=53122 err=3353 last_id=1481732 pred=photo st=ok
[56500/65201] ok=53147 err=3353 last_id=1482445 pred=photo st=ok
[56525/65201] ok=53169 err=3356 last_id=1483276 pred=photo st=ok
[56550/65201] ok=53193 err=3357 last_id=1483974 pred=painted st=ok
[56575/65201] ok=53217 err=3358 last_id=1484638 pred=composite st=ok
[56600/65201] ok=53240 err=3360 last_id=1485180 pred=composite st=ok
[56625/65201] ok=53265 err=3360 last_id=1485629 pred=composite st=ok
[56650/65201] ok=53290 err=3360 last_id=1486332 pred=photo st=ok
[56675/65201] ok=53313 err=3362 last_id=1487394 pred=photo st=ok
[56700/65201] ok=53337 err=3363 last_id=1488016 pred=photo st=ok
[56725/65201] ok=53362 err=3363 last_id=1488759 pred=painted st=ok
[56750/65201] ok=53387 err=3363 last_id=1489665 pred=painted st=ok
[56775/65201] ok=53411 err=3364 last_id=1490449 pred=photo st=ok
[56800/65201] ok=53436 err=3364 last_id=1491333 pred=photo st=ok
[56825/65201] ok=53460 err=3365 last_id=1491755 pred=painted st=ok
[56850/65201] ok=53485 err=3365 last_id=1493182 pred=photo st=ok
[56875/65201] ok=53510 err=3365 last_id=1494048 pred=composite st=ok
[56900/65201] ok=53535 err=3365 last_id=1494854 pred=painted st=ok
[56925/65201] ok=53560 err=3365 last_id=1495188 pred=painted st=ok
[56950/65201] ok=53585 err=3365 last_id=1496012 pred=painted st=ok
[56975/65201] ok=53609 err=3366 last_id=1496829 pred=composite st=ok
[57000/65201] ok=53634 err=3366 last_id=1497465 pred=photo st=ok
[57025/65201] ok=53658 err=3367 last_id=1498253 pred=photo st=ok
[57050/65201] ok=53682 err=3368 last_id=1498960 pred=photo st=ok
[57075/65201] ok=53704 err=3371 last_id=1499590 pred= st=miss
[57100/65201] ok=53728 err=3372 last_id=1500003 pred=photo st=ok
[57125/65201] ok=53753 err=3372 last_id=1500377 pred=composite st=ok
[57150/65201] ok=53777 err=3373 last_id=1500978 pred=painted st=ok
[57175/65201] ok=53801 err=3374 last_id=1501953 pred=composite st=ok
[57200/65201] ok=53823 err=3377 last_id=1501498 pred=painted st=ok
[57225/65201] ok=53846 err=3379 last_id=1503329 pred=composite st=ok
[57250/65201] ok=53871 err=3379 last_id=1503832 pred=photo st=ok
[57275/65201] ok=53896 err=3379 last_id=1504643 pred=painted st=ok
[57300/65201] ok=53918 err=3382 last_id=1505082 pred=painted st=ok
[57325/65201] ok=53942 err=3383 last_id=1505766 pred=photo st=ok
[57350/65201] ok=53966 err=3384 last_id=1506398 pred=photo st=ok
[57375/65201] ok=53991 err=3384 last_id=1506978 pred=composite st=ok
[57400/65201] ok=54016 err=3384 last_id=1507926 pred=painted st=ok
[57425/65201] ok=54040 err=3385 last_id=1508252 pred=photo st=ok
[57450/65201] ok=54065 err=3385 last_id=1509298 pred=painted st=ok
[57475/65201] ok=54090 err=3385 last_id=1510253 pred=composite st=ok
[57500/65201] ok=54114 err=3386 last_id=1510795 pred=painted st=ok
[57525/65201] ok=54138 err=3387 last_id=1511898 pred=painted st=ok
[57550/65201] ok=54163 err=3387 last_id=1512468 pred=photo st=ok
[57575/65201] ok=54187 err=3388 last_id=1513362 pred=composite st=ok
[57600/65201] ok=54212 err=3388 last_id=1514208 pred=composite st=ok
[57625/65201] ok=54235 err=3390 last_id=1514947 pred=composite st=ok
[57650/65201] ok=54259 err=3391 last_id=1515285 pred=photo st=ok
[57675/65201] ok=54284 err=3391 last_id=1516716 pred=photo st=ok
[57700/65201] ok=54306 err=3394 last_id=1517733 pred= st=miss
[57725/65201] ok=54329 err=3396 last_id=1518670 pred=painted st=ok
[57750/65201] ok=54353 err=3397 last_id=1519383 pred=photo st=ok
[57775/65201] ok=54377 err=3398 last_id=1520109 pred=photo st=ok
[57800/65201] ok=54401 err=3399 last_id=1521024 pred=composite st=ok
[57825/65201] ok=54424 err=3401 last_id=1522399 pred=photo st=ok
[57850/65201] ok=54449 err=3401 last_id=1522960 pred=painted st=ok
[57875/65201] ok=54474 err=3401 last_id=1524044 pred=photo st=ok
[57900/65201] ok=54499 err=3401 last_id=1524349 pred=composite st=ok
[57925/65201] ok=54524 err=3401 last_id=1525233 pred=painted st=ok
[57950/65201] ok=54549 err=3401 last_id=1526231 pred=painted st=ok
[57975/65201] ok=54573 err=3402 last_id=1526818 pred=painted st=ok
[58000/65201] ok=54597 err=3403 last_id=1527415 pred=painted st=ok
[58025/65201] ok=54622 err=3403 last_id=1527982 pred=photo st=ok
[58050/65201] ok=54644 err=3406 last_id=1528774 pred=photo st=ok
[58075/65201] ok=54668 err=3407 last_id=1529676 pred=painted st=ok
[58100/65201] ok=54690 err=3410 last_id=1530207 pred=painted st=ok
[58125/65201] ok=54714 err=3411 last_id=1530325 pred=painted st=ok
[58150/65201] ok=54739 err=3411 last_id=1531512 pred=composite st=ok
[58175/65201] ok=54764 err=3411 last_id=1532379 pred=painted st=ok
[58200/65201] ok=54788 err=3412 last_id=1532587 pred=photo st=ok
[58225/65201] ok=54813 err=3412 last_id=1533309 pred=photo st=ok
[58250/65201] ok=54835 err=3415 last_id=1533471 pred=painted st=ok
[58275/65201] ok=54858 err=3417 last_id=1534340 pred=composite st=ok
[58300/65201] ok=54883 err=3417 last_id=1535192 pred=painted st=ok
[58325/65201] ok=54907 err=3418 last_id=1535863 pred=photo st=ok
[58350/65201] ok=54931 err=3419 last_id=1536707 pred=photo st=ok
[58375/65201] ok=54956 err=3419 last_id=1537719 pred=photo st=ok
[58400/65201] ok=54980 err=3420 last_id=1538530 pred=painted st=ok
[58425/65201] ok=55003 err=3422 last_id=1539020 pred=composite st=ok
[58450/65201] ok=55028 err=3422 last_id=1539597 pred=composite st=ok
[58475/65201] ok=55052 err=3423 last_id=1540579 pred=composite st=ok
[58500/65201] ok=55077 err=3423 last_id=1541272 pred=composite st=ok
[58525/65201] ok=55102 err=3423 last_id=1542240 pred=photo st=ok
[58550/65201] ok=55126 err=3424 last_id=1542922 pred=painted st=ok
[58575/65201] ok=55151 err=3424 last_id=1543453 pred=photo st=ok
[58600/65201] ok=55174 err=3426 last_id=1544582 pred=painted st=ok
[58625/65201] ok=55196 err=3429 last_id=1545266 pred=photo st=ok
[58650/65201] ok=55221 err=3429 last_id=1545812 pred=composite st=ok
[58675/65201] ok=55246 err=3429 last_id=1546399 pred=photo st=ok
[58700/65201] ok=55271 err=3429 last_id=1546837 pred=painted st=ok
[58725/65201] ok=55294 err=3431 last_id=1547508 pred=photo st=ok
[58750/65201] ok=55319 err=3431 last_id=1548128 pred=photo st=ok
[58775/65201] ok=55344 err=3431 last_id=1548538 pred=painted st=ok
[58800/65201] ok=55368 err=3432 last_id=1548793 pred=photo st=ok
[58825/65201] ok=55393 err=3432 last_id=1549825 pred=painted st=ok
[58850/65201] ok=55416 err=3434 last_id=1550533 pred=composite st=ok
[58875/65201] ok=55441 err=3434 last_id=1551021 pred=composite st=ok
[58900/65201] ok=55465 err=3435 last_id=1551528 pred=painted st=ok
[58925/65201] ok=55488 err=3437 last_id=1552241 pred=photo st=ok
[58950/65201] ok=55513 err=3437 last_id=1553275 pred=composite st=ok
[58975/65201] ok=55537 err=3438 last_id=1553787 pred=composite st=ok
[59000/65201] ok=55561 err=3439 last_id=1554615 pred= st=miss
[59025/65201] ok=55586 err=3439 last_id=1554924 pred=painted st=ok
[59050/65201] ok=55609 err=3441 last_id=1555144 pred=painted st=ok
[59075/65201] ok=55632 err=3443 last_id=1556404 pred=painted st=ok
[59100/65201] ok=55656 err=3444 last_id=1557143 pred=painted st=ok
[59125/65201] ok=55677 err=3448 last_id=1557588 pred=composite st=ok
[59150/65201] ok=55702 err=3448 last_id=1558184 pred=composite st=ok
[59175/65201] ok=55725 err=3450 last_id=1558944 pred= st=miss
[59200/65201] ok=55749 err=3451 last_id=1559469 pred=painted st=ok
[59225/65201] ok=55774 err=3451 last_id=1559954 pred=painted st=ok
[59250/65201] ok=55797 err=3453 last_id=1560072 pred= st=miss
[59275/65201] ok=55822 err=3453 last_id=1561046 pred=painted st=ok
[59300/65201] ok=55845 err=3455 last_id=1561434 pred=photo st=ok
[59325/65201] ok=55869 err=3456 last_id=1562254 pred=painted st=ok
[59350/65201] ok=55894 err=3456 last_id=1563174 pred=composite st=ok
[59375/65201] ok=55918 err=3457 last_id=1563818 pred=composite st=ok
[59400/65201] ok=55943 err=3457 last_id=1564582 pred=painted st=ok
[59425/65201] ok=55964 err=3461 last_id=1565056 pred=painted st=ok
[59450/65201] ok=55986 err=3464 last_id=1565440 pred=painted st=ok
[59475/65201] ok=56011 err=3464 last_id=1565878 pred=painted st=ok
[59500/65201] ok=56036 err=3464 last_id=1566194 pred=painted st=ok
[59525/65201] ok=56061 err=3464 last_id=1566978 pred=photo st=ok
[59550/65201] ok=56084 err=3466 last_id=1567222 pred=painted st=ok
[59575/65201] ok=56108 err=3467 last_id=1567865 pred=painted st=ok
[59600/65201] ok=56132 err=3468 last_id=1568460 pred=photo st=ok
[59625/65201] ok=56154 err=3471 last_id=1569048 pred=composite st=ok
[59650/65201] ok=56178 err=3472 last_id=1569494 pred=composite st=ok
[59675/65201] ok=56202 err=3473 last_id=1569947 pred=painted st=ok
[59700/65201] ok=56226 err=3474 last_id=1570311 pred=photo st=ok
[59725/65201] ok=56249 err=3476 last_id=1570915 pred=composite st=ok
[59750/65201] ok=56273 err=3477 last_id=1571365 pred=painted st=ok
[59775/65201] ok=56297 err=3478 last_id=1571711 pred=composite st=ok
[59800/65201] ok=56320 err=3480 last_id=1571947 pred=photo st=ok
[59825/65201] ok=56343 err=3482 last_id=1572273 pred=photo st=ok
[59850/65201] ok=56365 err=3485 last_id=1573054 pred=photo st=ok
[59875/65201] ok=56389 err=3486 last_id=1573594 pred=composite st=ok
[59900/65201] ok=56413 err=3487 last_id=1573818 pred=painted st=ok
[59925/65201] ok=56436 err=3489 last_id=1574784 pred=painted st=ok
[59950/65201] ok=56461 err=3489 last_id=1574924 pred=photo st=ok
[59975/65201] ok=56485 err=3490 last_id=1575519 pred=photo st=ok
[60000/65201] ok=56509 err=3491 last_id=1576302 pred=photo st=ok
[60025/65201] ok=56534 err=3491 last_id=1576678 pred=photo st=ok
[60050/65201] ok=56557 err=3493 last_id=1577887 pred=composite st=ok
[60075/65201] ok=56581 err=3494 last_id=1578598 pred=painted st=ok
[60100/65201] ok=56601 err=3499 last_id=1579271 pred=painted st=ok
[60125/65201] ok=56626 err=3499 last_id=1579853 pred=painted st=ok
[60150/65201] ok=56651 err=3499 last_id=1580826 pred=composite st=ok
[60175/65201] ok=56674 err=3501 last_id=1581555 pred=composite st=ok
[60200/65201] ok=56698 err=3502 last_id=1582112 pred=composite st=ok
[60225/65201] ok=56722 err=3503 last_id=1582836 pred=painted st=ok
[60250/65201] ok=56747 err=3503 last_id=1583340 pred=painted st=ok
[60275/65201] ok=56770 err=3505 last_id=1584480 pred=painted st=ok
[60300/65201] ok=56794 err=3506 last_id=1585057 pred= st=miss
[60325/65201] ok=56816 err=3509 last_id=1586421 pred=painted st=ok
[60350/65201] ok=56839 err=3511 last_id=1586975 pred=painted st=ok
[60375/65201] ok=56862 err=3513 last_id=1587651 pred=photo st=ok
[60400/65201] ok=56886 err=3514 last_id=1588851 pred=composite st=ok
[60425/65201] ok=56911 err=3514 last_id=1589894 pred=painted st=ok
[60450/65201] ok=56936 err=3514 last_id=1590690 pred=photo st=ok
[60475/65201] ok=56959 err=3516 last_id=1591515 pred=painted st=ok
[60500/65201] ok=56983 err=3517 last_id=1592560 pred=photo st=ok
[60525/65201] ok=57006 err=3519 last_id=1593589 pred=painted st=ok
[60550/65201] ok=57031 err=3519 last_id=1594478 pred=painted st=ok
[60575/65201] ok=57056 err=3519 last_id=1595157 pred=painted st=ok
[60600/65201] ok=57079 err=3521 last_id=1595916 pred=composite st=ok
[60625/65201] ok=57101 err=3524 last_id=1596482 pred= st=miss
[60650/65201] ok=57126 err=3524 last_id=1597033 pred=photo st=ok
[60675/65201] ok=57148 err=3527 last_id=1598241 pred= st=miss
[60700/65201] ok=57173 err=3527 last_id=1598912 pred=composite st=ok
[60725/65201] ok=57197 err=3528 last_id=1599541 pred=photo st=ok
[60750/65201] ok=57222 err=3528 last_id=1600063 pred=painted st=ok
[60775/65201] ok=57246 err=3529 last_id=1601156 pred=painted st=ok
[60800/65201] ok=57270 err=3530 last_id=1602032 pred=composite st=ok
[60825/65201] ok=57293 err=3532 last_id=1602715 pred=photo st=ok
[60850/65201] ok=57318 err=3532 last_id=1603772 pred=composite st=ok
[60875/65201] ok=57343 err=3532 last_id=1604484 pred=painted st=ok
[60900/65201] ok=57366 err=3534 last_id=1605207 pred=photo st=ok
[60925/65201] ok=57391 err=3534 last_id=1606345 pred=photo st=ok
[60950/65201] ok=57413 err=3537 last_id=1605020 pred=photo st=ok
[60975/65201] ok=57438 err=3537 last_id=1608113 pred=composite st=ok
[61000/65201] ok=57462 err=3538 last_id=1609376 pred=composite st=ok
[61025/65201] ok=57486 err=3539 last_id=1610541 pred=composite st=ok
[61050/65201] ok=57509 err=3541 last_id=1611382 pred=photo st=ok
[61075/65201] ok=57531 err=3544 last_id=1612239 pred=composite st=ok
[61100/65201] ok=57555 err=3545 last_id=1612923 pred=painted st=ok
[61125/65201] ok=57579 err=3546 last_id=1613662 pred=composite st=ok
[61150/65201] ok=57603 err=3547 last_id=1614834 pred=photo st=ok
[61175/65201] ok=57628 err=3547 last_id=1615605 pred=composite st=ok
[61200/65201] ok=57653 err=3547 last_id=1616278 pred=composite st=ok
[61225/65201] ok=57677 err=3548 last_id=1617271 pred=painted st=ok
[61250/65201] ok=57700 err=3550 last_id=1618558 pred= st=miss
[61275/65201] ok=57725 err=3550 last_id=1619741 pred=painted st=ok
[61300/65201] ok=57747 err=3553 last_id=1620126 pred= st=miss
[61325/65201] ok=57771 err=3554 last_id=1620985 pred=photo st=ok
[61350/65201] ok=57790 err=3560 last_id=1621184 pred=photo st=ok
[61375/65201] ok=57812 err=3563 last_id=1622490 pred=painted st=ok
[61400/65201] ok=57837 err=3563 last_id=1623422 pred=photo st=ok
[61425/65201] ok=57860 err=3565 last_id=1624214 pred=painted st=ok
[61450/65201] ok=57884 err=3566 last_id=1624353 pred=composite st=ok
[61475/65201] ok=57908 err=3567 last_id=1625181 pred=painted st=ok
[61500/65201] ok=57931 err=3569 last_id=1626532 pred=composite st=ok
[61525/65201] ok=57956 err=3569 last_id=1627213 pred=photo st=ok
[61550/65201] ok=57980 err=3570 last_id=1628525 pred=composite st=ok
[61575/65201] ok=58003 err=3572 last_id=1628954 pred=painted st=ok
[61600/65201] ok=58027 err=3573 last_id=1629320 pred=photo st=ok
[61625/65201] ok=58052 err=3573 last_id=1630590 pred=composite st=ok
[61650/65201] ok=58077 err=3573 last_id=1631164 pred=photo st=ok
[61675/65201] ok=58099 err=3576 last_id=1632231 pred=composite st=ok
[61700/65201] ok=58122 err=3578 last_id=1632937 pred=painted st=ok
[61725/65201] ok=58147 err=3578 last_id=1633274 pred=composite st=ok
[61750/65201] ok=58172 err=3578 last_id=1634510 pred=painted st=ok
[61775/65201] ok=58193 err=3582 last_id=1634943 pred=photo st=ok
[61800/65201] ok=58215 err=3585 last_id=1635976 pred=painted st=ok
[61825/65201] ok=58238 err=3587 last_id=1636890 pred=photo st=ok
[61850/65201] ok=58262 err=3588 last_id=1637356 pred=photo st=ok
[61875/65201] ok=58286 err=3589 last_id=1637843 pred=photo st=ok
[61900/65201] ok=58310 err=3590 last_id=1638328 pred=photo st=ok
[61925/65201] ok=58335 err=3590 last_id=1639341 pred=composite st=ok
[61950/65201] ok=58359 err=3591 last_id=1639960 pred=painted st=ok
[61975/65201] ok=58384 err=3591 last_id=1641275 pred=photo st=ok
[62000/65201] ok=58406 err=3594 last_id=1642419 pred=painted st=ok
[62025/65201] ok=58430 err=3595 last_id=1642963 pred=composite st=ok
[62050/65201] ok=58453 err=3597 last_id=1643848 pred=photo st=ok
[62075/65201] ok=58477 err=3598 last_id=1644490 pred=photo st=ok
[62100/65201] ok=58501 err=3599 last_id=1645288 pred=painted st=ok
[62125/65201] ok=58523 err=3602 last_id=1646124 pred=painted st=ok
[62150/65201] ok=58548 err=3602 last_id=1646541 pred=photo st=ok
[62175/65201] ok=58567 err=3608 last_id=1647583 pred=photo st=ok
[62200/65201] ok=58591 err=3609 last_id=1648088 pred=composite st=ok
[62225/65201] ok=58614 err=3611 last_id=1649313 pred=composite st=ok
[62250/65201] ok=58635 err=3615 last_id=1649766 pred=painted st=ok
[62275/65201] ok=58658 err=3617 last_id=1650534 pred= st=miss
[62300/65201] ok=58681 err=3619 last_id=1651661 pred=painted st=ok
[62325/65201] ok=58706 err=3619 last_id=1652541 pred=composite st=ok
[62350/65201] ok=58730 err=3620 last_id=1653570 pred=painted st=ok
[62375/65201] ok=58754 err=3621 last_id=1654240 pred=painted st=ok
[62400/65201] ok=58779 err=3621 last_id=1655050 pred=composite st=ok
[62425/65201] ok=58800 err=3625 last_id=1655738 pred=painted st=ok
[62450/65201] ok=58825 err=3625 last_id=1656314 pred=composite st=ok
[62475/65201] ok=58848 err=3627 last_id=1656888 pred=composite st=ok
[62500/65201] ok=58873 err=3627 last_id=1657630 pred=photo st=ok
[62525/65201] ok=58897 err=3628 last_id=1658665 pred=painted st=ok
[62550/65201] ok=58918 err=3632 last_id=1659300 pred= st=miss
[62575/65201] ok=58943 err=3632 last_id=1659765 pred=painted st=ok
[62600/65201] ok=58967 err=3633 last_id=1660429 pred=composite st=ok
[62625/65201] ok=58992 err=3633 last_id=1661328 pred=painted st=ok
[62650/65201] ok=59017 err=3633 last_id=1662092 pred=painted st=ok
[62675/65201] ok=59040 err=3635 last_id=1662599 pred=photo st=ok
[62700/65201] ok=59063 err=3637 last_id=1662955 pred=photo st=ok
[62725/65201] ok=59084 err=3641 last_id=1664302 pred=painted st=ok
[62750/65201] ok=59107 err=3643 last_id=1664972 pred=photo st=ok
[62775/65201] ok=59131 err=3644 last_id=1665623 pred=photo st=ok
[62800/65201] ok=59155 err=3645 last_id=1665518 pred=photo st=ok
[62825/65201] ok=59179 err=3646 last_id=1667444 pred=painted st=ok
[62850/65201] ok=59202 err=3648 last_id=1668450 pred=photo st=ok
[62875/65201] ok=59224 err=3651 last_id=1669419 pred=photo st=ok
[62900/65201] ok=59246 err=3654 last_id=1671197 pred=photo st=ok
[62925/65201] ok=59270 err=3655 last_id=1673405 pred=painted st=ok
[62950/65201] ok=59294 err=3656 last_id=1675147 pred=painted st=ok
[62975/65201] ok=59319 err=3656 last_id=1676973 pred=painted st=ok
[63000/65201] ok=59342 err=3658 last_id=1678132 pred= st=miss
[63025/65201] ok=59367 err=3658 last_id=1678747 pred=composite st=ok
[63050/65201] ok=59390 err=3660 last_id=1679799 pred= st=miss
[63075/65201] ok=59414 err=3661 last_id=1680254 pred=photo st=ok
[63100/65201] ok=59437 err=3663 last_id=1681021 pred=painted st=ok
[63125/65201] ok=59459 err=3666 last_id=1681974 pred=composite st=ok
[63150/65201] ok=59484 err=3666 last_id=1682822 pred=composite st=ok
[63175/65201] ok=59507 err=3668 last_id=1683578 pred=painted st=ok
[63200/65201] ok=59530 err=3670 last_id=1684304 pred=photo st=ok
[63225/65201] ok=59555 err=3670 last_id=1684951 pred=painted st=ok
[63250/65201] ok=59578 err=3672 last_id=1685962 pred=photo st=ok
[63275/65201] ok=59602 err=3673 last_id=1686223 pred=painted st=ok
[63300/65201] ok=59626 err=3674 last_id=1687286 pred=composite st=ok
[63325/65201] ok=59650 err=3675 last_id=1687797 pred=photo st=ok
[63350/65201] ok=59675 err=3675 last_id=1688634 pred=photo st=ok
[63375/65201] ok=59699 err=3676 last_id=1689318 pred=photo st=ok
[63400/65201] ok=59723 err=3677 last_id=1689814 pred=painted st=ok
[63425/65201] ok=59745 err=3680 last_id=1690382 pred=photo st=ok
[63450/65201] ok=59769 err=3681 last_id=1691522 pred=painted st=ok
[63475/65201] ok=59792 err=3683 last_id=1692264 pred=photo st=ok
[63500/65201] ok=59816 err=3684 last_id=1692997 pred=photo st=ok
[63525/65201] ok=59839 err=3686 last_id=1693725 pred=painted st=ok
[63550/65201] ok=59862 err=3688 last_id=1694823 pred=photo st=ok
[63575/65201] ok=59887 err=3688 last_id=1695620 pred=painted st=ok
[63600/65201] ok=59911 err=3689 last_id=1696147 pred=composite st=ok
[63625/65201] ok=59934 err=3691 last_id=1696510 pred=photo st=ok
[63650/65201] ok=59958 err=3692 last_id=1697560 pred=photo st=ok
[63675/65201] ok=59982 err=3693 last_id=1697982 pred=painted st=ok
[63700/65201] ok=60007 err=3693 last_id=1698847 pred=painted st=ok
[63725/65201] ok=60031 err=3694 last_id=1699215 pred=composite st=ok
[63750/65201] ok=60056 err=3694 last_id=1700521 pred=composite st=ok
[63775/65201] ok=60079 err=3696 last_id=1701100 pred=painted st=ok
[63800/65201] ok=60102 err=3698 last_id=1701524 pred=photo st=ok
[63825/65201] ok=60125 err=3700 last_id=1701611 pred=photo st=ok
[63850/65201] ok=60150 err=3700 last_id=1703252 pred=painted st=ok
[63875/65201] ok=60170 err=3705 last_id=1703570 pred=painted st=ok
[63900/65201] ok=60194 err=3706 last_id=1704110 pred=composite st=ok
[63925/65201] ok=60219 err=3706 last_id=1704811 pred=photo st=ok
[63950/65201] ok=60241 err=3709 last_id=1705879 pred=painted st=ok
[63975/65201] ok=60261 err=3714 last_id=1706790 pred=painted st=ok
[64000/65201] ok=60284 err=3716 last_id=1707262 pred=composite st=ok
[64025/65201] ok=60309 err=3716 last_id=1707874 pred=photo st=ok
[64050/65201] ok=60332 err=3718 last_id=1708503 pred= st=miss
[64075/65201] ok=60355 err=3720 last_id=1709185 pred=photo st=ok
[64100/65201] ok=60380 err=3720 last_id=1710047 pred=painted st=ok
[64125/65201] ok=60404 err=3721 last_id=1710510 pred=photo st=ok
[64150/65201] ok=60429 err=3721 last_id=1711494 pred=composite st=ok
[64175/65201] ok=60452 err=3723 last_id=1712088 pred=composite st=ok
[64200/65201] ok=60476 err=3724 last_id=1712582 pred= st=miss
[64225/65201] ok=60499 err=3726 last_id=1713478 pred=painted st=ok
[64250/65201] ok=60523 err=3727 last_id=1714880 pred=photo st=ok
[64275/65201] ok=60547 err=3728 last_id=1715334 pred= st=miss
[64300/65201] ok=60571 err=3729 last_id=1715886 pred=photo st=ok
[64325/65201] ok=60596 err=3729 last_id=1716707 pred=painted st=ok
[64350/65201] ok=60620 err=3730 last_id=1717788 pred=composite st=ok
[64375/65201] ok=60645 err=3730 last_id=1718494 pred=photo st=ok
[64400/65201] ok=60670 err=3730 last_id=1719182 pred=painted st=ok
[64425/65201] ok=60694 err=3731 last_id=1719683 pred=painted st=ok
[64450/65201] ok=60717 err=3733 last_id=1719751 pred=painted st=ok
[64475/65201] ok=60740 err=3735 last_id=1721005 pred=painted st=ok
[64500/65201] ok=60765 err=3735 last_id=1721804 pred=photo st=ok
[64525/65201] ok=60789 err=3736 last_id=1722506 pred=composite st=ok
[64550/65201] ok=60814 err=3736 last_id=1722487 pred=composite st=ok
[64575/65201] ok=60837 err=3738 last_id=1723797 pred=photo st=ok
[64600/65201] ok=60862 err=3738 last_id=1724263 pred=painted st=ok
[64625/65201] ok=60880 err=3745 last_id=1725267 pred= st=miss
[64650/65201] ok=60903 err=3747 last_id=1726236 pred=composite st=ok
[64675/65201] ok=60924 err=3751 last_id=1727123 pred=painted st=ok
[64700/65201] ok=60948 err=3752 last_id=1727721 pred= st=miss
[64725/65201] ok=60971 err=3754 last_id=1728341 pred= st=miss
[64750/65201] ok=60996 err=3754 last_id=1729079 pred=composite st=ok
[64775/65201] ok=61020 err=3755 last_id=1729662 pred=photo st=ok
[64800/65201] ok=61043 err=3757 last_id=1730685 pred=painted st=ok
[64825/65201] ok=61067 err=3758 last_id=1731159 pred=painted st=ok
[64850/65201] ok=61090 err=3760 last_id=1731678 pred=photo st=ok
[64875/65201] ok=61115 err=3760 last_id=1732289 pred=composite st=ok
[64900/65201] ok=61140 err=3760 last_id=1732616 pred=painted st=ok
[64925/65201] ok=61165 err=3760 last_id=1733875 pred=composite st=ok
[64950/65201] ok=61190 err=3760 last_id=1735402 pred=painted st=ok
[64975/65201] ok=61214 err=3761 last_id=1736299 pred=painted st=ok
[65000/65201] ok=61233 err=3767 last_id=1736837 pred=photo st=ok
[65025/65201] ok=61258 err=3767 last_id=1737833 pred=composite st=ok
[65050/65201] ok=61283 err=3767 last_id=1738605 pred=composite st=ok
[65075/65201] ok=61308 err=3767 last_id=1739043 pred=composite st=ok
[65100/65201] ok=61333 err=3767 last_id=1739757 pred=photo st=ok
[65125/65201] ok=61358 err=3767 last_id=1740836 pred=composite st=ok
[65150/65201] ok=61383 err=3767 last_id=1741625 pred=composite st=ok
[65175/65201] ok=61408 err=3767 last_id=1742196 pred=composite st=ok
[65200/65201] ok=61433 err=3767 last_id=1742629 pred=photo st=ok
[65201/65201] ok=61434 err=3767 last_id=1742535 pred=painted st=ok
DONE ok=61434 err=3767 out=/home/ubuntu/aof/pipeline/data/qa/medium_custom_labels/infer_full.csv
infer_exit=0
