id,imdb_id,title,year,tmdb_genres,imdb_genres,titleType,reason
1693,tt0365513,Monster Man,2003,Horror,"Adventure, Comedy, Horror",movie,imdb_Comedy_not_tmdb_Comedy
1992,tt1077258,Planet Terror,2007,"Action, Horror, Thriller","Action, Comedy, Horror",movie,imdb_Comedy_not_tmdb_Comedy
2989,tt0083001,Roar,,,"Adventure, Comedy, Thriller",movie,imdb_Comedy_not_tmdb_Comedy
3073,tt0040068,Bud Abbott and Lou Costello Meet Frankenstein,1948,,"Comedy, Family, Fantasy",movie,imdb_Comedy_not_tmdb_Comedy
3119,tt0116356,Frankenstein and Me,,,"Comedy, Family, Fantasy",movie,imdb_Comedy_not_tmdb_Comedy
3145,tt0065851,The Horror of Frankenstein,1970,"Horror, Science Fiction","Comedy, Horror, Sci-Fi",movie,imdb_Comedy_not_tmdb_Comedy
3574,tt0022827,Doctor X,1932,,"Comedy, Crime, Horror",movie,imdb_Comedy_not_tmdb_Comedy
4289,tt0365653,Dinocroc,2004,"Horror, Science Fiction, Thriller","Action, Adventure, Comedy",movie,imdb_Comedy_not_tmdb_Comedy
4290,tt0827735,Supergator,2007,Horror,"Action, Adventure, Comedy",video,imdb_Comedy_not_tmdb_Comedy
9847,tt0760187,The Tripper,2006,Horror,"Comedy, Horror",movie,imdb_Comedy_not_tmdb_Comedy
9980,tt0091499,Maximum Overdrive,1986,"Action, Horror, Science Fiction","Action, Comedy, Horror",movie,imdb_Comedy_not_tmdb_Comedy
10063,tt0455362,The Breed,2006,"Horror, Thriller","Action, Comedy, Horror",movie,imdb_Comedy_not_tmdb_Comedy
10166,tt0100944,The Witches,1990,"Adventure, Family, Fantasy, Horror","Adventure, Comedy, Family",movie,imdb_Comedy_not_tmdb_Comedy
10552,tt0088889,Cat's Eye,1985,"Horror, Thriller","Comedy, Drama, Horror",movie,imdb_Comedy_not_tmdb_Comedy
11508,tt0146402,Addams Family Reunion,,,"Comedy, Family, Fantasy",tvMovie,imdb_Comedy_not_tmdb_Comedy
12521,tt0098320,Shocker,1989,Horror,"Comedy, Horror, Thriller",movie,imdb_Comedy_not_tmdb_Comedy
12759,tt0482495,Doll Graveyard,2005,Horror,"Comedy, Fantasy, Horror",movie,imdb_Comedy_not_tmdb_Comedy
13122,tt0105121,The People Under the Stairs,1991,"Horror, Mystery","Comedy, Horror, Mystery",movie,imdb_Comedy_not_tmdb_Comedy
13151,tt0166792,id 13151,,,"Adventure, Animation, Comedy",video,imdb_Comedy_not_tmdb_Comedy
13340,tt0478305,Triloquist,2008,Horror,"Comedy, Horror",movie,imdb_Comedy_not_tmdb_Comedy
13465,tt0041094,The Adventures of Ichabod and Mr. Toad,1949,,"Animation, Comedy, Family",movie,imdb_Comedy_not_tmdb_Comedy
14248,tt0465502,id 14248,,,"Animation, Comedy, Family",movie,imdb_Comedy_not_tmdb_Comedy
14456,tt0492486,Shrooms,2007,"Horror, Mystery","Comedy, Horror, Mystery",movie,imdb_Comedy_not_tmdb_Comedy
14604,tt0033723,Hold That Ghost,1941,,"Comedy, Crime, Horror",movie,imdb_Comedy_not_tmdb_Comedy
14605,tt0032520,The Ghost Breakers,1940,,"Comedy, Horror, Mystery",movie,imdb_Comedy_not_tmdb_Comedy
14814,tt0974536,Chemical Wedding,2008,"Horror, Mystery, Thriller","Comedy, Horror, Mystery",movie,imdb_Comedy_not_tmdb_Comedy
14862,tt0988083,Killer Movie,2008,"Horror, Mystery, Thriller","Comedy, Horror, Mystery",movie,imdb_Comedy_not_tmdb_Comedy
14915,tt0883398,Dark Reel,2008,"Horror, Mystery, Thriller","Comedy, Horror, Thriller",movie,imdb_Comedy_not_tmdb_Comedy
14929,tt0081186,Mother's Day,1980,"Action, Horror","Comedy, Horror, Thriller",movie,imdb_Comedy_not_tmdb_Comedy
15182,tt0906326,Just Buried,,,"Comedy, Drama, Horror",movie,imdb_Comedy_not_tmdb_Comedy
15591,tt1090189,Black Swarm,2007,Horror,"Action, Comedy, Drama",tvMovie,imdb_Comedy_not_tmdb_Comedy
15991,tt0974977,Bad Biology,2008,"Fantasy, Horror","Comedy, Horror",movie,imdb_Comedy_not_tmdb_Comedy
16067,tt0478073,Final Days of Planet Earth,2006,"Action, Drama, Horror, Science Fiction","Action, Comedy, Drama",tvSeries,imdb_Comedy_not_tmdb_Comedy
16456,tt0353324,The Crow: Wicked Prayer,2005,"Action, Fantasy, Horror, Thriller","Action, Adventure, Comedy",movie,imdb_Comedy_not_tmdb_Comedy
16780,tt0110978,The Return of the Texas Chainsaw Massacre,1995,Horror,"Comedy, Horror, Thriller",movie,imdb_Comedy_not_tmdb_Comedy
16915,tt1087853,Gutterballs,2008,Horror,"Comedy, Horror, Mystery",movie,imdb_Comedy_not_tmdb_Comedy
17038,tt0974583,Lake Placid 2,2007,"Horror, Science Fiction","Action, Adventure, Comedy",tvMovie,imdb_Comedy_not_tmdb_Comedy
17140,tt0118652,The Attic Expeditions,2001,"Horror, Mystery","Comedy, Horror, Mystery",movie,imdb_Comedy_not_tmdb_Comedy
17911,tt1350498,Mega Shark vs. Giant Octopus,2009,"Horror, Science Fiction","Action, Adventure, Comedy",video,imdb_Comedy_not_tmdb_Comedy
18086,tt0097390,Fright Night Part 2,1988,Horror,"Comedy, Horror, Thriller",movie,imdb_Comedy_not_tmdb_Comedy
18213,tt0874869,Bikini Bloodbath,2006,Horror,"Comedy, Horror",video,imdb_Comedy_not_tmdb_Comedy
18851,tt0031143,The Cat and the Canary,1939,,"Comedy, Horror, Mystery",movie,imdb_Comedy_not_tmdb_Comedy
18910,tt0081237,The Ninth Configuration,,,"Comedy, Drama, Horror",movie,imdb_Comedy_not_tmdb_Comedy
19142,tt0098193,The Return of Swamp Thing,1989,"Horror, Science Fiction","Action, Adventure, Comedy",movie,imdb_Comedy_not_tmdb_Comedy
19298,tt0465616,Stagknight,2007,Horror,"Comedy, Horror",movie,imdb_Comedy_not_tmdb_Comedy
19604,tt0118951,Decampitated,1998,Horror,"Comedy, Horror",movie,imdb_Comedy_not_tmdb_Comedy
20215,tt0385560,Boo,2005,Horror,"Adventure, Comedy, Fantasy",movie,imdb_Comedy_not_tmdb_Comedy
20608,tt0130184,Pervirella,,,"Adventure, Comedy",movie,imdb_Comedy_not_tmdb_Comedy
21799,tt0097136,Cutting Class,1989,Horror,"Comedy, Crime, Horror",movie,imdb_Comedy_not_tmdb_Comedy
21922,tt1314248,Sea Beast,2008,"Horror, Science Fiction, Thriller, TV Movie","Action, Adventure, Comedy",tvMovie,imdb_Comedy_not_tmdb_Comedy
22822,tt0918558,ReVamped,2007,"Action, Horror, Thriller","Comedy, Horror",video,imdb_Comedy_not_tmdb_Comedy
23104,tt0033787,King of the Zombies,1941,,"Adventure, Comedy, Horror",movie,imdb_Comedy_not_tmdb_Comedy
23202,tt0862856,Trick 'r Treat,2007,Horror,"Comedy, Horror",movie,imdb_Comedy_not_tmdb_Comedy
23281,tt0037151,One Body Too Many,1944,,"Comedy, Horror, Mystery",movie,imdb_Comedy_not_tmdb_Comedy
23691,tt0795403,The Initiation of Sarah,2006,"Drama, Horror, Thriller, TV Movie","Comedy, Fantasy, Horror",tvMovie,imdb_Comedy_not_tmdb_Comedy
24038,tt0094597,976-EVIL,1988,Horror,"Comedy, Fantasy, Horror",movie,imdb_Comedy_not_tmdb_Comedy
24683,tt0489279,Razortooth,2007,"Action, Horror, Science Fiction, Thriller","Action, Adventure, Comedy",video,imdb_Comedy_not_tmdb_Comedy
24924,tt0093624,Night of the Demons,1988,Horror,"Comedy, Fantasy, Horror",movie,imdb_Comedy_not_tmdb_Comedy
25438,tt0092112,Trick or Treat,1986,Horror,"Comedy, Horror, Music",movie,imdb_Comedy_not_tmdb_Comedy
25479,tt1139783,Black Devil Doll,2007,Horror,"Comedy, Horror",movie,imdb_Comedy_not_tmdb_Comedy
25625,tt0067454,Multiple Maniacs,,,"Comedy, Crime, Horror",movie,imdb_Comedy_not_tmdb_Comedy
25712,tt0080346,The Alien Dead,1980,"Horror, Science Fiction","Comedy, Horror, Sci-Fi",movie,imdb_Comedy_not_tmdb_Comedy
26679,tt0090057,Spookies,1986,Horror,"Comedy, Horror",movie,imdb_Comedy_not_tmdb_Comedy
26772,tt0950749,Flick,2008,Horror,"Comedy, Crime, Horror",movie,imdb_Comedy_not_tmdb_Comedy
26914,tt0105643,Troll 2,1990,"Fantasy, Horror","Comedy, Fantasy, Horror",movie,imdb_Comedy_not_tmdb_Comedy
26962,tt0431340,Puppet Master vs Demonic Toys,2004,Horror,"Comedy, Fantasy, Horror",tvMovie,imdb_Comedy_not_tmdb_Comedy
27463,tt0870176,October Moon 2: November Son,2008,"Horror, Thriller","Comedy, Drama, Horror",movie,imdb_Comedy_not_tmdb_Comedy
27468,tt0316946,Zombiegeddon,2003,Horror,"Comedy, Horror",video,imdb_Comedy_not_tmdb_Comedy
27473,tt0465455,Exterminator City,2005,"Horror, Science Fiction","Comedy, Horror, Sci-Fi",video,imdb_Comedy_not_tmdb_Comedy
27478,tt0301661,Corpses Are Forever,2003,Horror,"Action, Comedy, Crime",video,imdb_Comedy_not_tmdb_Comedy
27485,tt4354312,Megaconda,2010,"Horror, Science Fiction","Action, Adventure, Comedy",video,imdb_Comedy_not_tmdb_Comedy
27487,tt0400439,Fort Doom,2004,"Action, Horror","Action, Comedy, Horror",video,imdb_Comedy_not_tmdb_Comedy
27500,tt0020004,Seven Footprints to Satan,1929,,"Comedy, Crime, Drama",movie,imdb_Comedy_not_tmdb_Comedy
27502,tt0016123,The Monster,1925,,"Comedy, Horror, Mystery",movie,imdb_Comedy_not_tmdb_Comedy
27603,tt1028525,Bikini Bloodbath: Car Wash,,,"Comedy, Horror",video,imdb_Comedy_not_tmdb_Comedy
27619,tt0366555,The Hazing,2004,Horror,"Comedy, Horror",movie,imdb_Comedy_not_tmdb_Comedy
27646,tt1268809,Night of the Demons,2009,Horror,"Action, Comedy, Fantasy",movie,imdb_Comedy_not_tmdb_Comedy
27647,tt0485154,Spring Break Massacre,2008,Horror,"Comedy, Horror, Thriller",video,imdb_Comedy_not_tmdb_Comedy
27652,tt0096950,Blood Nasty,1989,Horror,"Comedy, Horror",movie,imdb_Comedy_not_tmdb_Comedy
27664,tt0091752,The Phantom Empire,1988,"Adventure, Fantasy, Horror, Science Fiction","Adventure, Comedy, Fantasy",video,imdb_Comedy_not_tmdb_Comedy
27747,tt0324213,Terror Toons,2002,Horror,"Comedy, Horror, Sci-Fi",video,imdb_Comedy_not_tmdb_Comedy
27774,tt0918633,Splatter Beach,2007,Horror,"Comedy, Horror",video,imdb_Comedy_not_tmdb_Comedy
27796,tt0098399,Stripped to Kill 2: Live Girls,,,"Comedy, Horror, Thriller",movie,imdb_Comedy_not_tmdb_Comedy
27816,tt0103773,Basket Case 3: The Progeny,1992,Horror,"Comedy, Horror",movie,imdb_Comedy_not_tmdb_Comedy
27832,tt0068414,The Corpse Grinders,1971,Horror,"Comedy, Horror",movie,imdb_Comedy_not_tmdb_Comedy
27844,tt0138408,Drainiac!,2000,Horror,"Comedy, Horror",video,imdb_Comedy_not_tmdb_Comedy
27855,tt0356561,Duck! The Carbine High Massacre,,,"Comedy, Drama, Horror",video,imdb_Comedy_not_tmdb_Comedy
27941,tt1107397,Lockjaw: Rise of the Kulev Serpent,2008,"Family, Horror, Science Fiction","Action, Adventure, Comedy",video,imdb_Comedy_not_tmdb_Comedy
28038,tt0425465,Slaughter Party,2005,Horror,"Comedy, Horror",video,imdb_Comedy_not_tmdb_Comedy
28077,tt0122487,Feast,1992,Horror,"Comedy, Horror",movie,imdb_Comedy_not_tmdb_Comedy
28142,tt0416775,Glass Trap,2005,"Horror, Science Fiction","Action, Adventure, Comedy",movie,imdb_Comedy_not_tmdb_Comedy
28172,tt0056875,Blood Feast,1963,Horror,"Comedy, Drama, Horror",movie,imdb_Comedy_not_tmdb_Comedy
28173,tt0096310,Troma's War,,,"Action, Adventure, Comedy",movie,imdb_Comedy_not_tmdb_Comedy
28177,tt0058694,Two Thousand Maniacs!,1964,Horror,"Comedy, Horror",movie,imdb_Comedy_not_tmdb_Comedy
28191,tt0013458,One Exciting Night,,,"Comedy, Horror, Mystery",movie,imdb_Comedy_not_tmdb_Comedy
28229,tt0114306,Rumpelstiltskin,1995,Horror,"Comedy, Fantasy, Horror",movie,imdb_Comedy_not_tmdb_Comedy
28235,tt0120225,Strawberry Estates,2001,Horror,"Comedy, Horror",movie,imdb_Comedy_not_tmdb_Comedy
28248,tt1027806,Copperhead,2008,"Action, Horror, TV Movie, Western","Action, Adventure, Comedy",tvMovie,imdb_Comedy_not_tmdb_Comedy
28266,tt0102862,Scream Queen Hot Tub Party,1991,Horror,"Comedy, Fantasy, Horror",video,imdb_Comedy_not_tmdb_Comedy
28310,tt0295930,Dr. Horror's Erotic House of Idiots,,,"Comedy, Drama, Horror",video,imdb_Comedy_not_tmdb_Comedy
28312,tt0346550,B-Movie: The Shooting of 'Farmhouse Massacre',,,"Comedy, Horror",video,imdb_Comedy_not_tmdb_Comedy
28341,tt0362843,The Malibu Beach Vampires,1991,Horror,"Adventure, Comedy",movie,imdb_Comedy_not_tmdb_Comedy
28347,tt0485782,The Thirst: Blood War,2008,Horror,"Action, Comedy, Horror",movie,imdb_Comedy_not_tmdb_Comedy
28350,tt0118724,Bimbo Movie Bash,,,"Comedy, Horror, Sci-Fi",movie,imdb_Comedy_not_tmdb_Comedy
28383,tt0147653,Vampire's Seduction,,,"Comedy, Drama, Fantasy",movie,imdb_Comedy_not_tmdb_Comedy
28388,tt0386019,Severe Injuries,2003,"Drama, Horror","Comedy, Horror",movie,imdb_Comedy_not_tmdb_Comedy
28423,tt0032637,The Invisible Woman,1940,,"Comedy, Horror, Romance",movie,imdb_Comedy_not_tmdb_Comedy
28509,tt0455583,Komodo vs. Cobra,2005,"Horror, Science Fiction, TV Movie","Action, Adventure, Comedy",tvMovie,imdb_Comedy_not_tmdb_Comedy
28589,tt0120270,id 28589,,,"Animation, Comedy, Fantasy",tvMovie,imdb_Comedy_not_tmdb_Comedy
28640,tt0493409,Devil's Den,2006,"Action, Horror, Thriller","Action, Comedy, Fantasy",movie,imdb_Comedy_not_tmdb_Comedy
28859,tt0104119,Dolly Dearest,1991,Horror,"Comedy, Drama, Horror",movie,imdb_Comedy_not_tmdb_Comedy
29046,tt0443629,Scorpius Gigantus,2006,"Horror, Science Fiction","Action, Adventure, Comedy",movie,imdb_Comedy_not_tmdb_Comedy
29217,tt0933389,Sigma Die!,2007,Horror,"Comedy, Horror",movie,imdb_Comedy_not_tmdb_Comedy
29286,tt0033397,The Black Cat,1941,,"Comedy, Mystery",movie,imdb_Comedy_not_tmdb_Comedy
29293,tt0435665,House of the Dead 2,2006,"Horror, TV Movie","Action, Comedy, Horror",tvMovie,imdb_Comedy_not_tmdb_Comedy
29324,tt0026819,One Frightened Night,1935,,"Comedy, Horror, Mystery",movie,imdb_Comedy_not_tmdb_Comedy
29327,tt0038055,Scared Stiff,1945,,"Comedy, Mystery",movie,imdb_Comedy_not_tmdb_Comedy
29390,tt0060626,Let's Kill Uncle,1966,"Horror, Thriller","Comedy, Horror, Thriller",movie,imdb_Comedy_not_tmdb_Comedy
29397,tt0062298,The Spirit Is Willing,,,"Comedy, Horror",movie,imdb_Comedy_not_tmdb_Comedy
29404,tt0409842,Corpses,2004,Horror,"Comedy, Horror",video,imdb_Comedy_not_tmdb_Comedy
29609,tt0033660,The Ghost Train,1941,,"Comedy, Horror",movie,imdb_Comedy_not_tmdb_Comedy
29689,tt0313257,The Bare Wench Project 3: Nymphs of Mystery Mountain,,,"Comedy, Horror, Sci-Fi",video,imdb_Comedy_not_tmdb_Comedy
29902,tt0133064,Little Devils: The Birth,1993,Horror,"Comedy, Horror",movie,imdb_Comedy_not_tmdb_Comedy
29926,tt0834906,Dead Boyz Don't Scream,2006,"Horror, Thriller","Comedy, Horror",movie,imdb_Comedy_not_tmdb_Comedy
29930,tt0157102,Tender Flesh,1997,Horror,"Comedy, Horror",movie,imdb_Comedy_not_tmdb_Comedy
29958,tt0320483,Snake Island,2002,"Action, Horror, Thriller","Action, Adventure, Comedy",movie,imdb_Comedy_not_tmdb_Comedy
30183,tt0038270,Zombies on Broadway,1945,,"Comedy, Fantasy, Horror",movie,imdb_Comedy_not_tmdb_Comedy
30342,tt0034540,The Boogie Man Will Get You,1942,,"Comedy, Horror",movie,imdb_Comedy_not_tmdb_Comedy
30370,tt0816694,Vampira: The Movie,2006,"Documentary, Horror","Comedy, Documentary, Drama",video,imdb_Comedy_not_tmdb_Comedy
30385,tt0385592,Chainsaw Sally,2004,Horror,"Comedy, Horror, Thriller",movie,imdb_Comedy_not_tmdb_Comedy
30399,tt0984248,Zeppo: Sinners from Beyond the Moon!,,,"Comedy, Horror, Sci-Fi",movie,imdb_Comedy_not_tmdb_Comedy
30441,tt0420502,Ancient Evil 2: Guardian of the Underworld,2005,Horror,"Action, Comedy, Horror",video,imdb_Comedy_not_tmdb_Comedy
30457,tt0153491,id 30457,,,"Comedy, Horror",movie,imdb_Comedy_not_tmdb_Comedy
30478,tt0092676,Bloody New Year,1987,Horror,"Comedy, Horror, Mystery",movie,imdb_Comedy_not_tmdb_Comedy
30510,tt1568802,As Night Falls,2010,"Action, Horror","Action, Comedy, Fantasy",movie,imdb_Comedy_not_tmdb_Comedy
30515,tt0420151,Screech of the Decapitated,,,"Comedy, Horror, Sci-Fi",video,imdb_Comedy_not_tmdb_Comedy
30567,tt0099657,Ghoul School,1990,Horror,"Comedy, Horror, Sport",video,imdb_Comedy_not_tmdb_Comedy
30644,tt0084573,Raw Force,1982,"Action, Adventure, Horror","Action, Adventure, Comedy",movie,imdb_Comedy_not_tmdb_Comedy
30737,tt0095664,Mr Jolly Lives Next Door,,,Comedy,tvEpisode,imdb_Comedy_not_tmdb_Comedy
30781,tt0283974,Return to Cabin by the Lake,2001,"Horror, Mystery, Thriller, TV Movie","Comedy, Horror, Thriller",tvMovie,imdb_Comedy_not_tmdb_Comedy
30829,tt0072969,Fantasm,,,Comedy,movie,imdb_Comedy_not_tmdb_Comedy
30831,tt0088780,The Beauties and the Beast,1974,Horror,"Adventure, Comedy, Crime",movie,imdb_Comedy_not_tmdb_Comedy
31287,tt0055946,Eegah,1962,Horror,"Adventure, Comedy, Fantasy",movie,imdb_Comedy_not_tmdb_Comedy
31564,tt0102357,Lunatics: A Love Story,,,"Comedy, Drama, Romance",movie,imdb_Comedy_not_tmdb_Comedy
31592,tt0023293,The Old Dark House,1932,,"Adventure, Comedy, Drama",movie,imdb_Comedy_not_tmdb_Comedy
32003,tt0871026,The Caretaker,2008,Horror,"Comedy, Horror",movie,imdb_Comedy_not_tmdb_Comedy
32583,tt0496444,Zombie Town,2007,Horror,"Action, Comedy, Horror",video,imdb_Comedy_not_tmdb_Comedy
32595,tt0093227,Howling III: The Marsupials,1987,Horror,"Comedy, Horror",movie,imdb_Comedy_not_tmdb_Comedy
33061,tt0092115,Troll,1986,"Fantasy, Horror","Comedy, Fantasy, Horror",movie,imdb_Comedy_not_tmdb_Comedy
33477,tt0041085,"Bud Abbott and Lou Costello Meet the Killer, Boris Karloff",1949,,"Comedy, Crime, Horror",movie,imdb_Comedy_not_tmdb_Comedy
33546,tt0039037,The Time of Their Lives,1946,,"Comedy, Fantasy, History",movie,imdb_Comedy_not_tmdb_Comedy
33754,tt0046280,Scared Stiff,,,"Comedy, Horror, Musical",movie,imdb_Comedy_not_tmdb_Comedy
33826,tt0790806,Death Row,2006,"Crime, Horror","Comedy, Crime, Horror",tvMovie,imdb_Comedy_not_tmdb_Comedy
34359,tt0444723,Blue Demon,2004,"Action, Horror, Thriller","Action, Adventure, Comedy",video,imdb_Comedy_not_tmdb_Comedy
34592,tt1134674,ZMD: Zombies of Mass Destruction,2010,Horror,"Comedy, Horror, Sci-Fi",movie,imdb_Comedy_not_tmdb_Comedy
34737,tt0339288,Leeches!,2003,"Horror, Thriller","Comedy, Horror, Sci-Fi",video,imdb_Comedy_not_tmdb_Comedy
35074,tt1545986,Dinoshark,2010,"Horror, Science Fiction, TV Movie","Action, Adventure, Comedy",tvMovie,imdb_Comedy_not_tmdb_Comedy
35120,tt0193013,Black Devil Doll from Hell,1984,Horror,"Comedy, Horror",video,imdb_Comedy_not_tmdb_Comedy
35250,tt0387357,The Locals,2003,Horror,"Comedy, Horror, Thriller",movie,imdb_Comedy_not_tmdb_Comedy
36086,tt0412523,Boa vs. Python,2004,"Horror, Science Fiction","Action, Adventure, Comedy",video,imdb_Comedy_not_tmdb_Comedy
36139,tt1388432,High Plains Invaders,2009,"Horror, Science Fiction, TV Movie, Western","Action, Adventure, Comedy",tvMovie,imdb_Comedy_not_tmdb_Comedy
36421,tt0102067,Howling VI: The Freaks,1991,Horror,"Comedy, Drama, Horror",video,imdb_Comedy_not_tmdb_Comedy
36456,tt0035007,The Mad Doctor of Market Street,1942,,"Comedy, Crime, Drama",movie,imdb_Comedy_not_tmdb_Comedy
37019,tt0112895,Dr. Jekyll and Ms. Hyde,,,"Comedy, Romance, Sci-Fi",movie,imdb_Comedy_not_tmdb_Comedy
37376,tt0291118,The Cube,,,"Animation, Comedy, Drama",tvEpisode,imdb_Comedy_not_tmdb_Comedy
37901,tt0075888,The Crater Lake Monster,1977,"Horror, Science Fiction","Adventure, Comedy, Crime",movie,imdb_Comedy_not_tmdb_Comedy
38412,tt0096117,Slaughterhouse Rock,1988,Horror,"Comedy, Horror",movie,imdb_Comedy_not_tmdb_Comedy
39700,tt1242605,Blood Moon Rising,2009,Horror,"Comedy, Horror",movie,imdb_Comedy_not_tmdb_Comedy
39997,tt0095608,Meet the Hollowheads,,,"Comedy, Horror, Sci-Fi",movie,imdb_Comedy_not_tmdb_Comedy
40028,tt0095756,Not of This Earth,1988,"Horror, Science Fiction","Comedy, Horror, Sci-Fi",movie,imdb_Comedy_not_tmdb_Comedy
40034,tt0080711,Fade to Black,1980,"Drama, Horror, Thriller","Comedy, Crime, Horror",movie,imdb_Comedy_not_tmdb_Comedy
40095,tt0094961,Dead Heat,1988,"Action, Horror, Science Fiction, Thriller","Action, Comedy, Horror",movie,imdb_Comedy_not_tmdb_Comedy
40238,tt0498386,The Slaughter,2006,Horror,"Comedy, Horror",movie,imdb_Comedy_not_tmdb_Comedy
40464,tt0083670,Boardinghouse,1982,Horror,"Comedy, Horror",movie,imdb_Comedy_not_tmdb_Comedy
40466,tt0203425,Crocodile,2000,"Action, Horror, Thriller","Action, Adventure, Comedy",video,imdb_Comedy_not_tmdb_Comedy
40649,tt0104083,Demonic Toys,1992,Horror,"Comedy, Fantasy, Horror",video,imdb_Comedy_not_tmdb_Comedy
40931,tt0480257,Open Cam,,,"Comedy, Drama, Horror",movie,imdb_Comedy_not_tmdb_Comedy
41570,tt0368561,Acne,,,"Comedy, Horror, Sci-Fi",movie,imdb_Comedy_not_tmdb_Comedy
41967,tt0096218,Tales from the Gimli Hospital,1988,"Fantasy, Horror","Comedy, Drama, Fantasy",movie,imdb_Comedy_not_tmdb_Comedy
42280,tt1047544,Warbirds,2008,Horror,"Action, Adventure, Comedy",tvMovie,imdb_Comedy_not_tmdb_Comedy
42901,tt1065092,In the Spider's Web,2007,"Horror, TV Movie","Action, Adventure, Comedy",tvMovie,imdb_Comedy_not_tmdb_Comedy
42905,tt0486099,Kraken: Tentacles of the Deep,2006,"Action, Horror, Science Fiction, TV Movie","Action, Adventure, Comedy",tvMovie,imdb_Comedy_not_tmdb_Comedy
43353,tt0046248,Robot Monster,1953,"Horror, Science Fiction","Comedy, Family, Horror",movie,imdb_Comedy_not_tmdb_Comedy
43796,tt0034224,Spooks Run Wild,1941,,"Comedy, Horror",movie,imdb_Comedy_not_tmdb_Comedy
44037,tt1499249,Lake Placid 3,2010,"Action, Horror, Science Fiction, Thriller","Action, Adventure, Comedy",tvMovie,imdb_Comedy_not_tmdb_Comedy
44385,tt1068958,Werewolf: The Devil's Hound,2007,"Horror, Thriller","Action, Comedy, Horror",video,imdb_Comedy_not_tmdb_Comedy
44548,tt1152403,Vipers,2008,"Action, Horror, Science Fiction, TV Movie","Action, Comedy, Drama",tvMovie,imdb_Comedy_not_tmdb_Comedy
44809,tt1453409,Dinocroc vs. Supergator,2010,"Horror, Science Fiction","Action, Adventure, Comedy",tvMovie,imdb_Comedy_not_tmdb_Comedy
44811,tt1504443,Mongolian Death Worm,2010,"Horror, Science Fiction, TV Movie","Action, Adventure, Comedy",tvMovie,imdb_Comedy_not_tmdb_Comedy
45009,tt1087474,Shark in Venice,2008,Horror,"Action, Adventure, Comedy",movie,imdb_Comedy_not_tmdb_Comedy
45961,tt1122775,Rosencrantz and Guildenstern Are Undead,,,Comedy,movie,imdb_Comedy_not_tmdb_Comedy
46467,tt1468757,Zombie Women of Satan,2009,Horror,"Comedy, Horror, Romance",movie,imdb_Comedy_not_tmdb_Comedy
46711,tt1453967,id 46711,,,"Animation, Comedy, Horror",movie,imdb_Comedy_not_tmdb_Comedy
46788,tt1488163,Trash Humpers,2009,"Drama, Horror","Comedy, Drama, Horror",movie,imdb_Comedy_not_tmdb_Comedy
48333,tt0459392,Hammerhead,2005,"Action, Horror, Science Fiction, TV Movie","Action, Adventure, Comedy",tvMovie,imdb_Comedy_not_tmdb_Comedy
48397,tt0930072,Beyond Loch Ness,2008,"Horror, Mystery, Science Fiction","Action, Adventure, Comedy",tvMovie,imdb_Comedy_not_tmdb_Comedy
48675,tt0478265,Small Town Folk,2007,Horror,"Comedy, Fantasy, Horror",movie,imdb_Comedy_not_tmdb_Comedy
49209,tt0433969,Dead Doll,2004,Horror,"Comedy, Horror",movie,imdb_Comedy_not_tmdb_Comedy
49266,tt1319736,Sand Serpents,2009,"Action, Horror, Thriller","Action, Adventure, Comedy",tvMovie,imdb_Comedy_not_tmdb_Comedy
50382,tt0091544,Monster in the Closet,1986,Horror,"Comedy, Horror, Sci-Fi",movie,imdb_Comedy_not_tmdb_Comedy
50762,tt1603324,Le Fear,,,"Comedy, Horror",movie,imdb_Comedy_not_tmdb_Comedy
50973,tt0058264,Kiss Me Quick!,,,"Comedy, Fantasy, Horror",movie,imdb_Comedy_not_tmdb_Comedy
52326,tt0366894,Angst,2003,Horror,"Comedy, Horror",movie,imdb_Comedy_not_tmdb_Comedy
52454,tt1705773,Mega Shark vs. Crocosaurus,2010,"Action, Horror, Science Fiction","Action, Adventure, Comedy",video,imdb_Comedy_not_tmdb_Comedy
52817,tt1477835,Bitter Feast,2010,"Horror, Thriller","Comedy, Horror, Thriller",movie,imdb_Comedy_not_tmdb_Comedy
53080,tt1478325,Malibu Shark Attack,2009,"Action, Horror, TV Movie","Action, Adventure, Comedy",tvMovie,imdb_Comedy_not_tmdb_Comedy
53101,tt2060525,Manborg,2011,"Horror, Science Fiction","Action, Adventure, Comedy",movie,imdb_Comedy_not_tmdb_Comedy
53850,tt0760306,Basilisk: The Serpent King,2006,"Action, Fantasy, Horror, TV Movie","Action, Adventure, Comedy",tvMovie,imdb_Comedy_not_tmdb_Comedy
54750,tt1104052,The Commune,2009,"Horror, Mystery, Thriller","Comedy, Horror, Mystery",movie,imdb_Comedy_not_tmdb_Comedy
55248,tt1566486,Behemoth,2011,"Horror, Science Fiction","Action, Adventure, Comedy",tvMovie,imdb_Comedy_not_tmdb_Comedy
55663,tt0053768,Dinosaurus!,,,"Adventure, Comedy, Fantasy",movie,imdb_Comedy_not_tmdb_Comedy
56035,tt1176733,Murder Loves Killers Too,2009,"Horror, Thriller","Comedy, Horror, Thriller",movie,imdb_Comedy_not_tmdb_Comedy
56428,tt0106402,Beyond Bedlam,1994,Horror,"Comedy, Horror, Mystery",movie,imdb_Comedy_not_tmdb_Comedy
56429,tt0080066,Up from the Depths,1979,Horror,"Action, Adventure, Comedy",movie,imdb_Comedy_not_tmdb_Comedy
57203,tt0914813,Mega Snake,2007,Horror,"Action, Adventure, Comedy",tvMovie,imdb_Comedy_not_tmdb_Comedy
57789,tt0106763,"Double, Double, Toil and Trouble",1993,"Family, Horror, TV Movie","Adventure, Comedy, Family",tvMovie,imdb_Comedy_not_tmdb_Comedy
57961,tt0286975,Slashers,2001,"Horror, Thriller","Comedy, Horror",video,imdb_Comedy_not_tmdb_Comedy
58788,tt0443334,Attack of the Sabretooth,2005,Horror,"Action, Adventure, Comedy",tvMovie,imdb_Comedy_not_tmdb_Comedy
59114,tt1094598,Ice Scream: The ReMix,2009,Horror,"Comedy, Horror",movie,imdb_Comedy_not_tmdb_Comedy
59158,tt0023935,The Death Kiss,1932,,"Comedy, Crime, Drama",movie,imdb_Comedy_not_tmdb_Comedy
61043,tt0197996,Vampires Anonymous,,,Comedy,movie,imdb_Comedy_not_tmdb_Comedy
61706,tt1355575,Interplanetary,2009,"Horror, Science Fiction","Comedy, Horror, Sci-Fi",movie,imdb_Comedy_not_tmdb_Comedy
61716,tt1603314,Killjoy 3,2010,Horror,"Comedy, Fantasy, Horror",video,imdb_Comedy_not_tmdb_Comedy
63088,tt0059161,The Eye Creatures,1965,"Horror, Science Fiction, TV Movie","Comedy, Horror, Sci-Fi",tvMovie,imdb_Comedy_not_tmdb_Comedy
63749,tt1684927,Swamp Shark,2011,"Horror, Thriller","Action, Adventure, Comedy",tvMovie,imdb_Comedy_not_tmdb_Comedy
64717,tt1513076,Late Fee,2009,Horror,"Comedy, Horror",movie,imdb_Comedy_not_tmdb_Comedy
65146,tt0126814,Big Meat Eater,,,"Comedy, Horror, Musical",movie,imdb_Comedy_not_tmdb_Comedy
65255,tt0810743,Mr. Jingles,2006,Horror,"Comedy, Horror",video,imdb_Comedy_not_tmdb_Comedy
65857,tt0889579,Stupid Teenagers Must Die,2006,Horror,"Comedy, Horror",movie,imdb_Comedy_not_tmdb_Comedy
65955,tt0344843,Ankle Biters,2003,Horror,"Comedy, Horror",video,imdb_Comedy_not_tmdb_Comedy
66470,tt1524134,Orcs!,2011,"Action, Horror","Action, Comedy, Fantasy",movie,imdb_Comedy_not_tmdb_Comedy
66895,tt1587431,Ticked-Off Trannies with Knives,2010,Horror,"Comedy, Horror, Thriller",movie,imdb_Comedy_not_tmdb_Comedy
67309,tt0112492,Beware: Children at Play,1989,Horror,"Comedy, Crime, Horror",movie,imdb_Comedy_not_tmdb_Comedy
67311,tt0428269,Bikini a Go Go,,,"Comedy, Romance",video,imdb_Comedy_not_tmdb_Comedy
67750,tt0113224,The Grotesque,,,"Comedy, Drama, Horror",movie,imdb_Comedy_not_tmdb_Comedy
67795,tt0056083,House on Bare Mountain,,,"Comedy, Horror",movie,imdb_Comedy_not_tmdb_Comedy
68117,tt0100466,Red Blooded American Girl,1990,"Horror, Thriller","Comedy, Horror, Sci-Fi",movie,imdb_Comedy_not_tmdb_Comedy
68304,tt0104463,Humanoids from Atlantis,,,"Comedy, Sci-Fi",movie,imdb_Comedy_not_tmdb_Comedy
68884,tt0098235,Rush Week,1989,Horror,"Comedy, Horror, Thriller",movie,imdb_Comedy_not_tmdb_Comedy
69075,tt0454953,Snakeman,2005,"Adventure, Horror, TV Movie","Comedy, Fantasy, Horror",tvMovie,imdb_Comedy_not_tmdb_Comedy
69437,tt0287497,Infested,2002,"Horror, Science Fiction","Action, Adventure, Comedy",movie,imdb_Comedy_not_tmdb_Comedy
71585,tt0436098,The Bare Wench Project 4: Uncensored,,,"Comedy, Horror",video,imdb_Comedy_not_tmdb_Comedy
71612,tt0975699,Minty the Assassin,,,"Action, Adventure, Comedy",movie,imdb_Comedy_not_tmdb_Comedy
71697,tt0093201,Ghost Chase,1987,"Family, Fantasy, Horror, Science Fiction","Adventure, Comedy, Fantasy",movie,imdb_Comedy_not_tmdb_Comedy
71912,tt0100528,The Runestone,1991,"Adventure, Horror","Adventure, Comedy, Fantasy",movie,imdb_Comedy_not_tmdb_Comedy
72014,tt2074425,Rasuk,2011,Horror,"Comedy, Horror, Mystery",movie,imdb_Comedy_not_tmdb_Comedy
72237,tt0462580,Monster Night,,,"Adventure, Comedy, Family",video,imdb_Comedy_not_tmdb_Comedy
72270,tt0221097,Cry Baby Lane,2000,"Drama, Horror, TV Movie","Comedy, Drama, Family",tvMovie,imdb_Comedy_not_tmdb_Comedy
73142,tt0122132,You're Killing Me...,,,"Action, Comedy, Crime",movie,imdb_Comedy_not_tmdb_Comedy
73200,tt1858402,Goreface Killer,2002,Horror,"Comedy, Horror",movie,imdb_Comedy_not_tmdb_Comedy
73408,tt1305112,Drive-In Horrorshow,2009,Horror,"Comedy, Drama, Fantasy",movie,imdb_Comedy_not_tmdb_Comedy
74101,tt0411265,Dark Harvest,2004,Horror,"Comedy, Horror",video,imdb_Comedy_not_tmdb_Comedy
74321,tt1926310,Planet of the Vampire Women,,,"Comedy, Sci-Fi",movie,imdb_Comedy_not_tmdb_Comedy
74328,tt1657285,Ice Road Terror,2011,"Action, Horror","Action, Adventure, Comedy",tvMovie,imdb_Comedy_not_tmdb_Comedy
74550,tt0034204,The Smiling Ghost,1941,,"Comedy, Horror, Mystery",movie,imdb_Comedy_not_tmdb_Comedy
74604,tt0029541,Sh! The Octopus,1937,,"Comedy, Mystery, Thriller",movie,imdb_Comedy_not_tmdb_Comedy
74631,tt0034850,The Hidden Hand,1942,,"Comedy, Horror, Mystery",movie,imdb_Comedy_not_tmdb_Comedy
76035,tt1881087,id 76035,,,"Adventure, Animation, Comedy",video,imdb_Comedy_not_tmdb_Comedy
76656,tt0350663,Bugs,2003,"Horror, Science Fiction","Action, Adventure, Comedy",tvMovie,imdb_Comedy_not_tmdb_Comedy
76804,tt0017739,The Cat and the Canary,1927,,"Comedy, Horror, Mystery",movie,imdb_Comedy_not_tmdb_Comedy
76810,tt0118739,Bleak Future,,,"Action, Comedy, Horror",movie,imdb_Comedy_not_tmdb_Comedy
77156,tt0072626,The House of the Dead,1978,"Action, Horror, Science Fiction, Thriller","Comedy, Crime, Horror",movie,imdb_Comedy_not_tmdb_Comedy
77594,tt1648062,Dead West,2010,"Action, Horror, Western","Action, Comedy, Drama",movie,imdb_Comedy_not_tmdb_Comedy
78198,tt0350370,Zombie Campout,2002,Horror,"Action, Comedy, Horror",video,imdb_Comedy_not_tmdb_Comedy
78246,tt0124777,Latin Boys Go to Hell,,,"Comedy, Crime, Drama",movie,imdb_Comedy_not_tmdb_Comedy
78381,tt1756851,Twixt,2011,"Fantasy, Horror, Mystery","Comedy, Fantasy, Horror",movie,imdb_Comedy_not_tmdb_Comedy
80532,tt0035938,The Ghost and the Guest,1943,,"Comedy, Drama, Fantasy",movie,imdb_Comedy_not_tmdb_Comedy
80720,tt0033283,You'll Find Out,1940,,"Comedy, Crime, Horror",movie,imdb_Comedy_not_tmdb_Comedy
81459,tt0261587,The Bride of Frank,1996,Horror,"Comedy, Horror",video,imdb_Comedy_not_tmdb_Comedy
83188,tt1618372,Camel Spiders,2011,"Fantasy, Horror, Science Fiction","Action, Adventure, Comedy",tvMovie,imdb_Comedy_not_tmdb_Comedy
83877,tt1540761,Amphibious 3D,2010,Horror,"Action, Adventure, Comedy",movie,imdb_Comedy_not_tmdb_Comedy
83880,tt1698008,Super Shark,,,"Action, Adventure, Comedy",movie,imdb_Comedy_not_tmdb_Comedy
84007,tt0348087,Spirit Warriors,2000,"Action, Fantasy, Horror, Thriller","Action, Comedy, Fantasy",movie,imdb_Comedy_not_tmdb_Comedy
84060,tt0112747,Cruel Jaws,1995,"Adventure, Horror, Thriller","Action, Adventure, Comedy",video,imdb_Comedy_not_tmdb_Comedy
84194,tt1984153,Excision,2012,"Drama, Horror","Comedy, Drama, Horror",movie,imdb_Comedy_not_tmdb_Comedy
84228,tt1533058,Julia X,2011,Horror,"Comedy, Horror, Thriller",movie,imdb_Comedy_not_tmdb_Comedy
84297,tt0481297,Suburban Sasquatch,2004,Horror,"Action, Adventure, Comedy",video,imdb_Comedy_not_tmdb_Comedy
84428,tt2131644,Sweet Prudence & the Erotic Adventure of Bigfoot,,,"Comedy, Mystery, Sci-Fi",movie,imdb_Comedy_not_tmdb_Comedy
84901,tt0116371,Frostbiter: Wrath of the Wendigo,1995,Horror,"Comedy, Horror",movie,imdb_Comedy_not_tmdb_Comedy
84913,tt0466392,Pot Zombies,2005,Horror,"Comedy, Horror",video,imdb_Comedy_not_tmdb_Comedy
85000,tt0136735,Blood Cult,1985,"Horror, Mystery","Comedy, Horror",video,imdb_Comedy_not_tmdb_Comedy
85006,tt0089299,Horror House on Highway Five,1985,Horror,"Comedy, Horror",movie,imdb_Comedy_not_tmdb_Comedy
85011,tt0460834,Jacqueline Hyde,2005,"Horror, Science Fiction","Comedy, Crime, Horror",video,imdb_Comedy_not_tmdb_Comedy
85153,tt0123733,Contagion,1988,"Action, Horror, Science Fiction, Thriller","Comedy, Horror",video,imdb_Comedy_not_tmdb_Comedy
85165,tt0095120,Evil Laugh,1986,Horror,"Comedy, Horror",movie,imdb_Comedy_not_tmdb_Comedy
85207,tt1827354,Airborne,2012,"Horror, Thriller","Comedy, Crime, Horror",movie,imdb_Comedy_not_tmdb_Comedy
85880,tt1998395,Killer Eye: Halloween Haunt,2011,Horror,"Comedy, Horror",movie,imdb_Comedy_not_tmdb_Comedy
86685,tt0181602,The Item,1999,Horror,"Action, Comedy, Crime",movie,imdb_Comedy_not_tmdb_Comedy
86703,tt2043757,2-Headed Shark Attack,2012,"Action, Horror, Science Fiction, Thriller","Action, Adventure, Comedy",movie,imdb_Comedy_not_tmdb_Comedy
87436,tt1935896,The ABCs of Death,2013,Horror,"Action, Comedy, Fantasy",movie,imdb_Comedy_not_tmdb_Comedy
88065,tt0070908,The Werewolf of Washington,1973,Horror,"Comedy, Horror",movie,imdb_Comedy_not_tmdb_Comedy
88424,tt1777591,Sexual Witchcraft,,,"Comedy, Fantasy",tvMovie,imdb_Comedy_not_tmdb_Comedy
89381,tt0245400,Runaway Nightmare,1982,"Crime, Horror, Thriller","Action, Comedy, Horror",movie,imdb_Comedy_not_tmdb_Comedy
89398,tt0102784,Revenge of the Radioactive Reporter,1990,Horror,"Comedy, Horror",movie,imdb_Comedy_not_tmdb_Comedy
89723,tt0031387,The Gorilla,,,"Comedy, Horror",movie,imdb_Comedy_not_tmdb_Comedy
90064,tt2851214,Redneck County Fever,1992,Horror,Comedy,video,imdb_Comedy_not_tmdb_Comedy
90695,tt0035939,Ghosts on the Loose,1943,,"Comedy, Horror",movie,imdb_Comedy_not_tmdb_Comedy
91168,tt1604564,Death of the Dead,,,"Action, Comedy, Horror",video,imdb_Comedy_not_tmdb_Comedy
92322,tt1310641,George: A Zombie Intervention,2009,Horror,"Comedy, Horror",movie,imdb_Comedy_not_tmdb_Comedy
92495,tt0098404,Stuff Stephanie in the Incinerator,,,"Comedy, Horror",movie,imdb_Comedy_not_tmdb_Comedy
93554,tt0033856,Lucky Ghost,1942,,"Comedy, Horror, Thriller",movie,imdb_Comedy_not_tmdb_Comedy
94070,tt0038976,Spook Busters,1946,,"Comedy, Horror",movie,imdb_Comedy_not_tmdb_Comedy
94365,tt1883367,The Human Centipede 3 (Final Sequence),2015,Horror,"Comedy, Horror",movie,imdb_Comedy_not_tmdb_Comedy
94816,tt0013223,The Headless Horseman,1922,,"Comedy, Drama, Horror",movie,imdb_Comedy_not_tmdb_Comedy
95115,tt0100028,Linnea Quigley's Horror Workout,,,"Comedy, Horror, Sport",video,imdb_Comedy_not_tmdb_Comedy
95481,tt1753750,Easter Bunny Bloodbath,2010,Horror,"Comedy, Horror",movie,imdb_Comedy_not_tmdb_Comedy
95547,tt1733732,Triassic Attack,2010,"Horror, Science Fiction, TV Movie","Action, Adventure, Comedy",tvMovie,imdb_Comedy_not_tmdb_Comedy
95667,tt1879012,Night of the Living Dead: Re-Animation,2012,Horror,"Action, Comedy, Horror",movie,imdb_Comedy_not_tmdb_Comedy
95993,tt0315465,Demon Slayer,2003,Horror,"Comedy, Horror",video,imdb_Comedy_not_tmdb_Comedy
97693,tt0210988,Slash Dance,1989,Horror,"Comedy, Crime, Horror",movie,imdb_Comedy_not_tmdb_Comedy
97776,tt0035551,Whispering Ghosts,1942,,"Comedy, Crime, Horror",movie,imdb_Comedy_not_tmdb_Comedy
97889,tt0311231,The Greenskeeper,2002,Horror,"Comedy, Horror, Thriller",movie,imdb_Comedy_not_tmdb_Comedy
98081,tt0089392,Junior,1985,"Horror, Thriller","Comedy, Horror, Thriller",movie,imdb_Comedy_not_tmdb_Comedy
98090,tt0059382,The Lemon Grove Kids Meet the Monsters,,,"Adventure, Comedy, Crime",movie,imdb_Comedy_not_tmdb_Comedy
98119,tt0996913,Attack of the Giant Leeches,2008,Horror,"Comedy, Drama, Horror",movie,imdb_Comedy_not_tmdb_Comedy
98197,tt1325026,Renfield the Undead,2011,Horror,"Comedy, Drama, Horror",tvEpisode,imdb_Comedy_not_tmdb_Comedy
98948,tt2246549,Abraham Lincoln vs. Zombies,2012,"Action, Horror, Thriller","Action, Comedy, Horror",video,imdb_Comedy_not_tmdb_Comedy
100089,tt2130142,Nazis at the Center of the Earth,2012,"Action, Adventure, Horror, Science Fiction, Thriller","Action, Adventure, Comedy",video,imdb_Comedy_not_tmdb_Comedy
100190,tt2276252,Psycho Pike,1992,Horror,"Comedy, Horror",video,imdb_Comedy_not_tmdb_Comedy
100669,tt1078927,Shark Swarm,2008,"Action, Drama, Horror, Thriller","Action, Adventure, Comedy",tvMovie,imdb_Comedy_not_tmdb_Comedy
102318,tt0350128,Slaughterhouse of the Rising Sun,2005,Horror,"Comedy, Horror",movie,imdb_Comedy_not_tmdb_Comedy
102758,tt0462069,Zombie Night,2003,"Horror, Science Fiction","Comedy, Horror, Sci-Fi",video,imdb_Comedy_not_tmdb_Comedy
103433,tt0494712,Hillside Cannibals,2006,Horror,"Comedy, Crime, Horror",video,imdb_Comedy_not_tmdb_Comedy
103437,tt0385218,Scarecrow Gone Wild,2004,Horror,"Comedy, Horror",video,imdb_Comedy_not_tmdb_Comedy
103514,tt1986871,Into the Lion's Den,,,"Comedy, Drama, Horror",video,imdb_Comedy_not_tmdb_Comedy
103984,tt1460014,Muckman,2009,Horror,"Comedy, Horror",video,imdb_Comedy_not_tmdb_Comedy
104304,tt0179471,Sometimes Aunt Martha Does Dreadful Things,1971,Horror,"Comedy, Crime, Horror",movie,imdb_Comedy_not_tmdb_Comedy
104405,tt1319702,Call of the Hunter,2009,"Horror, Thriller","Comedy, Horror",movie,imdb_Comedy_not_tmdb_Comedy
105854,tt0898925,Island of the Living Dead,2007,Horror,"Comedy, Horror",video,imdb_Comedy_not_tmdb_Comedy
106271,tt0436548,Machined,2006,Horror,"Adventure, Comedy, Horror",video,imdb_Comedy_not_tmdb_Comedy
107121,tt0066349,Bizarre,1970,"Fantasy, Horror","Comedy, Fantasy, Horror",movie,imdb_Comedy_not_tmdb_Comedy
108933,tt0100637,The Sleeping Car,1990,Horror,"Comedy, Horror",movie,imdb_Comedy_not_tmdb_Comedy
109109,tt0033728,Horror Island,1941,,"Comedy, Crime, Horror",movie,imdb_Comedy_not_tmdb_Comedy
109240,tt0131494,My Grandpa Is a Vampire,,,"Comedy, Drama, Family",movie,imdb_Comedy_not_tmdb_Comedy
110790,tt0037931,"Murder, He Says",,,"Comedy, Horror, Mystery",movie,imdb_Comedy_not_tmdb_Comedy
110989,tt0160905,Spooky House,2002,"Adventure, Family, Horror, Mystery","Comedy, Family",movie,imdb_Comedy_not_tmdb_Comedy
111461,tt0043585,Ghost Chasers,,,"Action, Adventure, Comedy",movie,imdb_Comedy_not_tmdb_Comedy
113382,tt0068456,Dear Dead Delilah,1972,Horror,"Comedy, Crime, Horror",movie,imdb_Comedy_not_tmdb_Comedy
115210,tt2126362,Stitches,2012,Horror,"Comedy, Fantasy, Horror",movie,imdb_Comedy_not_tmdb_Comedy
116410,tt0056684,The Weird Ones,,,"Comedy, Sci-Fi",movie,imdb_Comedy_not_tmdb_Comedy
116463,tt2151543,Arachnoquake,2012,"Horror, Science Fiction","Action, Adventure, Comedy",tvMovie,imdb_Comedy_not_tmdb_Comedy
116829,tt1948521,Attack of the Herbals,,,"Comedy, Horror",movie,imdb_Comedy_not_tmdb_Comedy
117856,tt1876261,Bigfoot,2012,"Adventure, Horror, Science Fiction, TV Movie","Action, Adventure, Comedy",tvMovie,imdb_Comedy_not_tmdb_Comedy
118622,tt1680119,The Disco Exorcist,2011,Horror,"Comedy, Horror",movie,imdb_Comedy_not_tmdb_Comedy
118625,tt1845848,Pleasures of the Damned,2005,Horror,"Comedy, Horror",movie,imdb_Comedy_not_tmdb_Comedy
119255,tt2151633,"Gangsters, Guns and Zombies",2012,Horror,"Comedy, Horror",movie,imdb_Comedy_not_tmdb_Comedy
119677,tt1691020,Vamperifica,,,"Comedy, Horror",movie,imdb_Comedy_not_tmdb_Comedy
120199,tt0268295,The Fall of the Louse of Usher,,,"Comedy, Fantasy, Horror",movie,imdb_Comedy_not_tmdb_Comedy
120325,tt0443626,Alien Invasion Arizona,2007,"Action, Horror, Science Fiction, Thriller","Action, Adventure, Comedy",video,imdb_Comedy_not_tmdb_Comedy
120499,tt1176102,The Curse of Blanchard Hill,,,"Comedy, Horror, Mystery",video,imdb_Comedy_not_tmdb_Comedy
120846,tt2071491,Jurassic Shark,2012,"Action, Horror, Science Fiction","Action, Adventure, Comedy",movie,imdb_Comedy_not_tmdb_Comedy
122052,tt0476016,Creature from the Hillbilly Lagoon,2005,Horror,"Comedy, Horror, Sci-Fi",video,imdb_Comedy_not_tmdb_Comedy
122408,tt0191019,Buttcrack,1998,Horror,"Comedy, Horror",movie,imdb_Comedy_not_tmdb_Comedy
122691,tt1495819,Kids Go to the Woods... Kids Get Dead,,,"Comedy, Horror",video,imdb_Comedy_not_tmdb_Comedy
123351,tt0340060,Creepies,2003,Horror,"Action, Adventure, Comedy",video,imdb_Comedy_not_tmdb_Comedy
124230,tt0120361,Townies,1999,Horror,"Comedy, Horror",movie,imdb_Comedy_not_tmdb_Comedy
124553,tt0087476,Interface,1985,"Horror, Science Fiction, Thriller","Comedy, Horror, Sci-Fi",movie,imdb_Comedy_not_tmdb_Comedy
125331,tt0962728,Hobgoblins 2,2009,"Horror, Science Fiction","Comedy, Horror, Sci-Fi",video,imdb_Comedy_not_tmdb_Comedy
125442,tt2151560,Killer Klowns from Kansas on Krack,2003,Horror,"Comedy, Horror",video,imdb_Comedy_not_tmdb_Comedy
126172,tt2345613,Leprechaun: Origins,2014,Horror,"Comedy, Fantasy, Horror",movie,imdb_Comedy_not_tmdb_Comedy
126478,tt0261753,It Came!,,,"Comedy, Horror, Sci-Fi",video,imdb_Comedy_not_tmdb_Comedy
126568,tt0328899,The Creature of the Sunny Side Up Trailer Park,,,"Comedy, Horror, Mystery",movie,imdb_Comedy_not_tmdb_Comedy
127421,tt1832516,Supernatural Activity,,,Comedy,movie,imdb_Comedy_not_tmdb_Comedy
128276,tt2081311,May I Kill U?,,,"Comedy, Crime, Horror",movie,imdb_Comedy_not_tmdb_Comedy
128862,tt0250990,The Bogus Witch Project,,,Comedy,tvMovie,imdb_Comedy_not_tmdb_Comedy
128866,tt0370295,Arachnia,2003,"Horror, Science Fiction","Action, Adventure, Comedy",video,imdb_Comedy_not_tmdb_Comedy
129524,tt1832447,Return of the Killer Shrews,2012,Horror,"Comedy, Horror",movie,imdb_Comedy_not_tmdb_Comedy
129663,tt0227113,The Necro Files 2,,,"Action, Comedy, Horror",video,imdb_Comedy_not_tmdb_Comedy
131974,tt0102783,Revenge of Billy the Kid,1992,Horror,"Comedy, Fantasy, Horror",movie,imdb_Comedy_not_tmdb_Comedy
132361,tt0091020,Evil in the Woods,1986,Horror,"Comedy, Fantasy, Horror",movie,imdb_Comedy_not_tmdb_Comedy
133196,tt1753811,Famine,2011,Horror,"Comedy, Horror",movie,imdb_Comedy_not_tmdb_Comedy
133718,tt0431418,Stinger,2005,"Action, Adventure, Horror, Science Fiction","Action, Adventure, Comedy",movie,imdb_Comedy_not_tmdb_Comedy
133953,tt1841840,Snow Shark: Ancient Snow Beast,2011,"Horror, Science Fiction","Action, Adventure, Comedy",video,imdb_Comedy_not_tmdb_Comedy
134756,tt2256858,Killjoy Goes to Hell,2012,Horror,"Comedy, Horror",movie,imdb_Comedy_not_tmdb_Comedy
134890,tt0457342,id 134890,,,"Action, Comedy, Sci-Fi",movie,imdb_Comedy_not_tmdb_Comedy
135251,tt1326278,Yesterday,,,"Action, Comedy, Drama",movie,imdb_Comedy_not_tmdb_Comedy
135288,tt1954520,The House with 100 Eyes,2012,Horror,"Comedy, Horror",movie,imdb_Comedy_not_tmdb_Comedy
135309,tt2117905,Lake Placid: The Final Chapter,2012,"Horror, Science Fiction","Action, Adventure, Comedy",tvMovie,imdb_Comedy_not_tmdb_Comedy
135321,tt2115378,Porkchop II: Rise of the Rind,2011,Horror,"Comedy, Horror",movie,imdb_Comedy_not_tmdb_Comedy
135369,tt0153642,Wanda - The Sadistic Hypnotist,,,"Comedy, Horror",movie,imdb_Comedy_not_tmdb_Comedy
135945,tt0897403,When Evil Calls,2006,Horror,"Comedy, Horror",tvMiniSeries,imdb_Comedy_not_tmdb_Comedy
136268,tt1430618,Incest Death Squad,2009,Horror,"Comedy, Horror",movie,imdb_Comedy_not_tmdb_Comedy
136309,tt2275551,Blood Rush,2012,Horror,"Comedy, Drama, Horror",movie,imdb_Comedy_not_tmdb_Comedy
138017,tt0025169,The Ghost Walks,1934,,"Comedy, Horror, Mystery",movie,imdb_Comedy_not_tmdb_Comedy
138998,tt0150855,HauntedWeen,1991,Horror,"Comedy, Horror",movie,imdb_Comedy_not_tmdb_Comedy
138999,tt0329306,Little Corey Gorey,1993,Horror,"Comedy, Horror",movie,imdb_Comedy_not_tmdb_Comedy
139659,tt2301900,Puppet Master X: Axis Rising,2012,Horror,"Action, Comedy, Fantasy",movie,imdb_Comedy_not_tmdb_Comedy
140218,tt1912531,Zombie Babies,2011,Horror,"Comedy, Horror",video,imdb_Comedy_not_tmdb_Comedy
144822,tt0063559,Scare Their Pants Off!,,,Comedy,movie,imdb_Comedy_not_tmdb_Comedy
146168,tt0309914,NightThirst,2002,Horror,"Comedy, Horror",video,imdb_Comedy_not_tmdb_Comedy
147310,tt0140587,Surrender Dorothy,1998,Horror,"Comedy, Drama, Romance",movie,imdb_Comedy_not_tmdb_Comedy
149777,tt0037100,Murder in the Blue Room,1944,,"Comedy, Crime, Film-Noir",movie,imdb_Comedy_not_tmdb_Comedy
152586,tt0272036,Deep Freeze,2002,"Action, Horror, Science Fiction","Action, Adventure, Comedy",movie,imdb_Comedy_not_tmdb_Comedy
155341,tt0349113,Ax 'Em,1992,Horror,"Comedy, Horror, Mystery",movie,imdb_Comedy_not_tmdb_Comedy
156420,tt0022788,The Crooked Circle,1932,,"Comedy, Mystery",movie,imdb_Comedy_not_tmdb_Comedy
156597,tt2190838,Stage Fright,2014,Horror,"Comedy, Horror, Music",movie,imdb_Comedy_not_tmdb_Comedy
157707,tt0135035,The Truth According to Satan,1972,"Crime, Horror","Comedy, Horror, Thriller",movie,imdb_Comedy_not_tmdb_Comedy
158066,tt0237072,Cannibal Rollerbabes,,,"Comedy, Horror",movie,imdb_Comedy_not_tmdb_Comedy
158337,tt1472192,The Mole Man of Belmont Avenue,,,"Comedy, Horror",movie,imdb_Comedy_not_tmdb_Comedy
158354,tt2355903,The Mommy Returns,,,"Comedy, Horror",movie,imdb_Comedy_not_tmdb_Comedy
159109,tt2381355,The Rambler,2013,"Drama, Horror, Mystery","Comedy, Horror, Mystery",movie,imdb_Comedy_not_tmdb_Comedy
161761,tt2265609,The Shadow of Death,,,"Comedy, Horror",movie,imdb_Comedy_not_tmdb_Comedy
162941,tt0114403,Shadow Creature,1995,Horror,"Comedy, Horror",movie,imdb_Comedy_not_tmdb_Comedy
163208,tt1371623,The Director's Cut,,,"Comedy, Horror",movie,imdb_Comedy_not_tmdb_Comedy
163541,tt0090084,Storm,,,"Action, Comedy, Horror",movie,imdb_Comedy_not_tmdb_Comedy
165279,tt2477730,"Pot Zombies 2: More Pot, Less Plot",,,"Comedy, Horror",movie,imdb_Comedy_not_tmdb_Comedy
166598,tt1773743,The Killage,,,"Comedy, Horror",movie,imdb_Comedy_not_tmdb_Comedy
166904,tt0041644,Master Minds,,,"Comedy, Family, Horror",movie,imdb_Comedy_not_tmdb_Comedy
167828,tt0039897,Things Happen at Night,1948,,"Comedy, Horror",movie,imdb_Comedy_not_tmdb_Comedy
174045,tt0115775,Bugged,1996,Horror,"Comedy, Horror, Sci-Fi",movie,imdb_Comedy_not_tmdb_Comedy
176990,tt2202569,Sorority Party Massacre,2012,"Horror, Thriller","Comedy, Horror",movie,imdb_Comedy_not_tmdb_Comedy
177146,tt2205652,Flying Monkeys,2013,"Fantasy, Horror, Science Fiction","Action, Adventure, Comedy",tvMovie,imdb_Comedy_not_tmdb_Comedy
179255,tt1590190,The Book of Zombie,2010,Horror,"Action, Comedy, Horror",movie,imdb_Comedy_not_tmdb_Comedy
179391,tt0036861,Ghost Catchers,1944,,"Comedy, Horror, Music",movie,imdb_Comedy_not_tmdb_Comedy
179494,tt2158531,Holla 2,2013,Horror,"Comedy, Horror",movie,imdb_Comedy_not_tmdb_Comedy
181587,tt0765488,Yeti: A Love Story,,,"Comedy, Horror, Romance",video,imdb_Comedy_not_tmdb_Comedy
182774,tt1958074,id 182774,,,"Action, Animation, Comedy",video,imdb_Comedy_not_tmdb_Comedy
183347,tt1247693,Sister Mary,2011,"Horror, Mystery, Thriller","Comedy, Musical",movie,imdb_Comedy_not_tmdb_Comedy
185474,tt2392846,Paranormal Movie,,,"Comedy, Fantasy, Horror",movie,imdb_Comedy_not_tmdb_Comedy
191644,tt2388765,The Corpse Grinders 3,2013,Horror,"Comedy, Horror, Thriller",movie,imdb_Comedy_not_tmdb_Comedy
193582,tt1672613,Broken Hearts,,,"Comedy, Horror, Romance",movie,imdb_Comedy_not_tmdb_Comedy
193726,tt2926810,ABCs of Death 2,2014,Horror,"Comedy, Fantasy, Horror",movie,imdb_Comedy_not_tmdb_Comedy
194645,tt0100607,Shreck,1990,Horror,"Comedy, Horror",video,imdb_Comedy_not_tmdb_Comedy
198456,tt0030455,The Missing Guest,,,"Action, Comedy, Crime",movie,imdb_Comedy_not_tmdb_Comedy
199939,tt0331040,Urban Massacre,2002,"Crime, Drama, Horror","Comedy, Crime, Horror",movie,imdb_Comedy_not_tmdb_Comedy
200745,tt1956407,9 Days,2013,"Horror, Thriller","Comedy, Horror, Romance",movie,imdb_Comedy_not_tmdb_Comedy
200819,tt0109232,Beg!,,,"Comedy, Crime, Horror",movie,imdb_Comedy_not_tmdb_Comedy
201110,tt1054508,Sex Hex,,,"Comedy, Drama, Fantasy",video,imdb_Comedy_not_tmdb_Comedy
201181,tt1234241,Bloodspit,,,"Comedy, Horror",video,imdb_Comedy_not_tmdb_Comedy
201926,tt0432006,Puppy,2005,"Drama, Horror, Romance","Comedy, Drama, Horror",movie,imdb_Comedy_not_tmdb_Comedy
203155,tt0272169,Last Bride Of Salem,1974,"Drama, Horror","Comedy, Drama",tvEpisode,imdb_Comedy_not_tmdb_Comedy
204627,tt0478914,Line of Fire,1991,"Horror, Thriller","Action, Comedy, Horror",video,imdb_Comedy_not_tmdb_Comedy
204806,tt1334543,Melvin,,,"Comedy, Drama, Horror",movie,imdb_Comedy_not_tmdb_Comedy
205769,tt1172055,Flesh Eaters from Outer Space,,,"Comedy, Sci-Fi",video,imdb_Comedy_not_tmdb_Comedy
205902,tt0480764,Machine Head,,,"Comedy, Horror, Thriller",video,imdb_Comedy_not_tmdb_Comedy
208160,tt1411252,Tontine Massacre,2011,"Horror, Mystery","Comedy, Horror, Thriller",video,imdb_Comedy_not_tmdb_Comedy
210556,tt2084984,Treasure Chest Of Horrors,2012,Horror,"Comedy, Horror",movie,imdb_Comedy_not_tmdb_Comedy
210567,tt2118760,Treasure Chest of Horrors 2,2013,Horror,"Comedy, Horror, Thriller",movie,imdb_Comedy_not_tmdb_Comedy
210739,tt0285698,Maniacts,2001,Horror,"Action, Comedy, Drama",movie,imdb_Comedy_not_tmdb_Comedy
211682,tt0400410,Catholic Ghoulgirls,2005,Horror,"Action, Comedy, Horror",video,imdb_Comedy_not_tmdb_Comedy
211687,tt1067076,I Dream of Dracula,,,"Comedy, Horror",movie,imdb_Comedy_not_tmdb_Comedy
212973,tt0036864,Gildersleeve's Ghost,1944,,"Adventure, Comedy, Fantasy",movie,imdb_Comedy_not_tmdb_Comedy
213499,tt0360348,All Cheerleaders Die,2001,Horror,"Comedy, Fantasy, Horror",video,imdb_Comedy_not_tmdb_Comedy
213785,tt1282056,Scarlet Fry's Junkfood Horrorfest,2007,Horror,"Comedy, Crime, Drama",movie,imdb_Comedy_not_tmdb_Comedy
213805,tt0436217,Dead Body Man,,,"Comedy, Horror",video,imdb_Comedy_not_tmdb_Comedy
213809,tt0294712,Mayhem Motel,2001,Horror,"Comedy, Horror",video,imdb_Comedy_not_tmdb_Comedy
216142,tt0207351,The Brainsucker,1988,Horror,"Comedy, Horror",movie,imdb_Comedy_not_tmdb_Comedy
216539,tt2600742,Ghost Shark,2013,"Horror, Science Fiction","Comedy, Fantasy, Horror",tvMovie,imdb_Comedy_not_tmdb_Comedy
216546,tt2634414,Ragin Cajun Redneck Gators,2013,"Horror, Science Fiction, Thriller","Action, Adventure, Comedy",movie,imdb_Comedy_not_tmdb_Comedy
220796,tt2076794,Another Night of the Living Dead,,,Comedy,movie,imdb_Comedy_not_tmdb_Comedy
221737,tt3188560,RoboCroc,2013,"Fantasy, Horror, Science Fiction","Action, Adventure, Comedy",tvMovie,imdb_Comedy_not_tmdb_Comedy
222438,tt1640196,Vamps in the City,,,Comedy,movie,imdb_Comedy_not_tmdb_Comedy
223461,tt0222719,Andromina: The Pleasure Planet,,,"Comedy, Fantasy, Horror",movie,imdb_Comedy_not_tmdb_Comedy
225549,tt0038401,The Cat Creeps,1946,,"Comedy, Drama, Horror",movie,imdb_Comedy_not_tmdb_Comedy
227285,tt0940503,Cadaverella,2007,Horror,"Comedy, Horror",video,imdb_Comedy_not_tmdb_Comedy
227553,tt0109596,Demonsoul,1995,Horror,Comedy,movie,imdb_Comedy_not_tmdb_Comedy
227856,tt0378814,Strange Things Happen at Sundown,,,"Action, Comedy, Horror",video,imdb_Comedy_not_tmdb_Comedy
228880,tt0036728,Crazy Knights,1944,,"Comedy, Horror, Romance",movie,imdb_Comedy_not_tmdb_Comedy
230453,tt1343103,Raptor Ranch,2013,"Horror, Science Fiction, Thriller","Action, Adventure, Comedy",movie,imdb_Comedy_not_tmdb_Comedy
230977,tt0486617,LovecraCked! The Movie,,,"Comedy, Fantasy, Horror",movie,imdb_Comedy_not_tmdb_Comedy
232194,tt0083853,Dreams Come True,1984,"Fantasy, Horror, Romance","Adventure, Comedy, Drama",movie,imdb_Comedy_not_tmdb_Comedy
233383,tt0498409,Robin Redbreast,1970,"Horror, Mystery, TV Movie","Comedy, Drama, Horror",tvEpisode,imdb_Comedy_not_tmdb_Comedy
234151,tt1380852,Attack of the Vegan Zombies!,2010,Horror,"Comedy, Horror",movie,imdb_Comedy_not_tmdb_Comedy
235493,tt0064734,The Nine Ages of Nakedness,,,Comedy,movie,imdb_Comedy_not_tmdb_Comedy
240611,tt1501311,"Watch Horror Films, Keep America Strong!",2008,"Documentary, Horror","Comedy, Documentary, Horror",video,imdb_Comedy_not_tmdb_Comedy
242245,tt2827054,Easter Casket,2013,Horror,"Comedy, Horror",video,imdb_Comedy_not_tmdb_Comedy
244638,tt0439479,Brain Fix,1993,"Horror, Science Fiction","Comedy, Horror",video,imdb_Comedy_not_tmdb_Comedy
244852,tt2690160,Poseidon Rex,2014,"Action, Horror, Science Fiction","Action, Adventure, Comedy",movie,imdb_Comedy_not_tmdb_Comedy
248781,tt5647758,ABCs of Death 2.5,2016,Horror,"Comedy, Horror",movie,imdb_Comedy_not_tmdb_Comedy
249087,tt9815072,Pontianak Menjerit,2005,Horror,"Comedy, Horror, Mystery",movie,imdb_Comedy_not_tmdb_Comedy
249260,tt2622826,Avalanche Sharks,2014,"Action, Horror, Science Fiction","Action, Adventure, Comedy",tvMovie,imdb_Comedy_not_tmdb_Comedy
250869,tt1286139,Deader Country,2009,Horror,"Action, Comedy, Fantasy",video,imdb_Comedy_not_tmdb_Comedy
251124,tt1754022,Klown Kamp Massacre,2010,Horror,"Comedy, Horror",movie,imdb_Comedy_not_tmdb_Comedy
251213,tt0259035,Tales of a Salesman,,,Comedy,movie,imdb_Comedy_not_tmdb_Comedy
251384,tt0376582,Dream a Little Evil,1990,Horror,"Comedy, Horror",video,imdb_Comedy_not_tmdb_Comedy
253866,tt1381597,Hysterical Psycho,2009,Horror,"Comedy, Horror",movie,imdb_Comedy_not_tmdb_Comedy
254009,tt1678052,Sucker,2013,"Action, Adventure, Horror, Science Fiction","Action, Adventure, Comedy",movie,imdb_Comedy_not_tmdb_Comedy
255389,tt3160020,Hooked Up,2013,Horror,"Comedy, Horror, Thriller",movie,imdb_Comedy_not_tmdb_Comedy
256452,tt0316352,One Hell of a Christmas,,,"Action, Comedy, Crime",movie,imdb_Comedy_not_tmdb_Comedy
259847,tt1409584,Gothkill,2009,Horror,"Comedy, Horror",video,imdb_Comedy_not_tmdb_Comedy
261727,tt0366146,Age of Demons,,,"Action, Adventure, Comedy",video,imdb_Comedy_not_tmdb_Comedy
261943,tt0760332,Z: A Zombie Musical,,,"Comedy, Musical",movie,imdb_Comedy_not_tmdb_Comedy
263114,tt2087937,Death by VHS,2013,Horror,"Comedy, Horror",movie,imdb_Comedy_not_tmdb_Comedy
264249,tt0478770,In the Little Mansion,2002,"Drama, Horror","Comedy, Drama",video,imdb_Comedy_not_tmdb_Comedy
264743,tt1220715,Poison Sweethearts,2008,Horror,"Comedy, Horror",movie,imdb_Comedy_not_tmdb_Comedy
267794,tt1297456,Psycho Sleepover,2008,Horror,"Action, Comedy, Horror",movie,imdb_Comedy_not_tmdb_Comedy
268053,tt0271157,"Salt, Saliva, Sperm and Sweat",,,"Comedy, Horror, Thriller",movie,imdb_Comedy_not_tmdb_Comedy
270595,tt0477640,1st Bite,2006,"Fantasy, Horror, Romance","Comedy, Drama, Fantasy",movie,imdb_Comedy_not_tmdb_Comedy
270851,tt3723790,Blood Lake,2014,"Horror, Thriller","Action, Comedy, Horror",tvMovie,imdb_Comedy_not_tmdb_Comedy
271336,tt4557826,The Dead Reborn,,,"Comedy, Horror",video,imdb_Comedy_not_tmdb_Comedy
273804,tt1584937,The Night Shift,,,"Adventure, Comedy, Fantasy",movie,imdb_Comedy_not_tmdb_Comedy
274036,tt1792803,Ground Zero,,,"Comedy, Horror",movie,imdb_Comedy_not_tmdb_Comedy
274477,tt3518702,Snakehead Swamp,2014,"Horror, Science Fiction","Action, Adventure, Comedy",tvMovie,imdb_Comedy_not_tmdb_Comedy
274634,tt6512212,The South Will Rise Again,,,Comedy,video,imdb_Comedy_not_tmdb_Comedy
275209,tt1332028,Monster From Bikini Beach,2008,Horror,"Comedy, Horror",movie,imdb_Comedy_not_tmdb_Comedy
276366,tt0888712,Psycho Weene,,,"Comedy, Horror",video,imdb_Comedy_not_tmdb_Comedy
276697,tt0011234,Go and Get It,,,"Comedy, Drama, Horror",movie,imdb_Comedy_not_tmdb_Comedy
277133,tt1657495,Vs. the Dead,,,"Comedy, Horror",video,imdb_Comedy_not_tmdb_Comedy
277367,tt0067211,Homesdale,,,"Comedy, Drama",movie,imdb_Comedy_not_tmdb_Comedy
277377,tt0437353,Necromaniac: Schizophreniac 2,1999,Horror,"Comedy, Drama, Horror",video,imdb_Comedy_not_tmdb_Comedy
278316,tt3104930,Da Sweet Blood of Jesus,2014,"Drama, Horror, Romance","Comedy, Drama, Horror",movie,imdb_Comedy_not_tmdb_Comedy
278653,tt0350050,Revenge of the Unhappy Campers,,,"Comedy, Horror, Thriller",movie,imdb_Comedy_not_tmdb_Comedy
279256,tt1478877,Zombie Werewolves Attack!,2009,Horror,"Comedy, Horror",movie,imdb_Comedy_not_tmdb_Comedy
279732,tt1662556,Piranha-Man Versus WereWolf-Man: Howl of the Piranha,,,"Comedy, Horror",movie,imdb_Comedy_not_tmdb_Comedy
279972,tt1991031,Digging Up the Marrow,2015,"Drama, Fantasy, Horror, Mystery, Science Fiction, Thriller","Comedy, Drama, Fantasy",movie,imdb_Comedy_not_tmdb_Comedy
280731,tt0486568,Destruction Kings,,,"Comedy, Horror",video,imdb_Comedy_not_tmdb_Comedy
281189,tt0396041,Gory Gory Hallelujah,,,"Comedy, Fantasy, Horror",movie,imdb_Comedy_not_tmdb_Comedy
281289,tt0128690,Tainted,,,"Comedy, Thriller",movie,imdb_Comedy_not_tmdb_Comedy
281668,tt0356518,Demons at the Door,2004,Horror,"Action, Comedy, Horror",video,imdb_Comedy_not_tmdb_Comedy
282191,tt0385664,The Dr. Jekyll & Mr. Hyde Rock 'n Roll Musical,,,"Comedy, Horror, Musical",movie,imdb_Comedy_not_tmdb_Comedy
284584,tt1625884,Uncle David,2010,"Drama, Horror, Thriller","Comedy, Horror, Thriller",movie,imdb_Comedy_not_tmdb_Comedy
284711,tt3743126,Sharktopus vs. Pteracuda,2014,"Horror, Science Fiction, TV Movie","Action, Adventure, Comedy",tvMovie,imdb_Comedy_not_tmdb_Comedy
287982,tt3319212,VHS Massacre: Cult Films and the Decline of Physical Media,,,"Comedy, Documentary, History",movie,imdb_Comedy_not_tmdb_Comedy
288297,tt1381402,Baby Jane?,,,"Comedy, Horror",movie,imdb_Comedy_not_tmdb_Comedy
288424,tt3243464,Shock Value,,,"Comedy, Horror",movie,imdb_Comedy_not_tmdb_Comedy
289698,tt2178216,Sheriff Tom Vs. The Zombies,2013,Horror,"Comedy, Horror",movie,imdb_Comedy_not_tmdb_Comedy
290623,tt0406514,The Adventures Of Young Van Helsing - Quest For The Lost Scepter,2004,"Action, Adventure, Horror","Action, Adventure, Comedy",video,imdb_Comedy_not_tmdb_Comedy
291610,tt0378358,Midnight Skater,,,"Comedy, Horror",video,imdb_Comedy_not_tmdb_Comedy
291693,tt0107014,Girlfriends,1993,Horror,"Comedy, Crime, Horror",movie,imdb_Comedy_not_tmdb_Comedy
292013,tt6497790,Phantom of the Grindhouse,,,"Comedy, Horror, Musical",video,imdb_Comedy_not_tmdb_Comedy
294346,tt2435520,Legend of the Hillbilly Butcher,2012,Horror,"Comedy, Horror, Thriller",movie,imdb_Comedy_not_tmdb_Comedy
294562,tt4060576,Lavalantula,2015,"Horror, Science Fiction, Thriller","Action, Adventure, Comedy",tvMovie,imdb_Comedy_not_tmdb_Comedy
294584,tt2678900,"Jesus, the Daughter of God",,,Comedy,movie,imdb_Comedy_not_tmdb_Comedy
294629,tt1841741,Midnight Matinee Psycho,,,"Comedy, Drama, Horror",video,imdb_Comedy_not_tmdb_Comedy
295138,tt3278650,Faux Paws,,,Comedy,movie,imdb_Comedy_not_tmdb_Comedy
295933,tt3417866,Sexsquatch: The Legend of Blood Stool Creek,,,"Comedy, Horror",video,imdb_Comedy_not_tmdb_Comedy
296500,tt2515656,Bad vs Worse,2012,"Drama, Horror, Thriller","Comedy, Drama, Horror",movie,imdb_Comedy_not_tmdb_Comedy
296803,tt0860837,The Confessional,2009,"Action, Crime, Drama, Horror","Action, Comedy, Crime",movie,imdb_Comedy_not_tmdb_Comedy
297480,tt0338436,Singsing Ni Lola,2002,"Family, Fantasy, Horror","Comedy, Family, Fantasy",movie,imdb_Comedy_not_tmdb_Comedy
297600,tt2579034,Knock 'em Dead,,,"Comedy, Horror, Thriller",movie,imdb_Comedy_not_tmdb_Comedy
298228,tt0399485,Peter Rottentail,2004,Horror,"Comedy, Horror",video,imdb_Comedy_not_tmdb_Comedy
298835,tt2553444,After School Massacre,2014,Horror,"Comedy, Horror",movie,imdb_Comedy_not_tmdb_Comedy
298967,tt3144022,Die Die Delta Pi,2013,Horror,"Comedy, Horror",movie,imdb_Comedy_not_tmdb_Comedy
298968,tt3463878,Easter Sunday,2014,Horror,"Comedy, Horror",movie,imdb_Comedy_not_tmdb_Comedy
299359,tt2376440,The Cabining,2014,"Horror, Thriller","Comedy, Horror, Thriller",movie,imdb_Comedy_not_tmdb_Comedy
300996,tt0232992,Zombie Army,1991,Horror,"Comedy, Horror, Sci-Fi",video,imdb_Comedy_not_tmdb_Comedy
301356,tt0224394,The Widower,,,"Comedy, Horror",movie,imdb_Comedy_not_tmdb_Comedy
301382,tt1702399,The Maniac Project,2010,Horror,"Action, Comedy, Horror",movie,imdb_Comedy_not_tmdb_Comedy
301711,tt2043992,Skunk Ape Hunters in Texas,,,"Comedy, Horror",movie,imdb_Comedy_not_tmdb_Comedy
302506,tt2064980,Theatre of the Deranged,2012,Horror,"Comedy, Horror, Thriller",movie,imdb_Comedy_not_tmdb_Comedy
302801,tt1641640,The Oatmeal Man,2014,Horror,"Comedy, Horror, Sci-Fi",movie,imdb_Comedy_not_tmdb_Comedy
306000,tt0362716,Head Games,1996,"Horror, Science Fiction","Action, Comedy, Sci-Fi",video,imdb_Comedy_not_tmdb_Comedy
306285,tt3844084,Zombie Isle,2014,Horror,"Comedy, Horror",movie,imdb_Comedy_not_tmdb_Comedy
306964,tt4163020,Tales of Halloween,2015,"Drama, Horror, Thriller","Adventure, Comedy, Fantasy",movie,imdb_Comedy_not_tmdb_Comedy
307719,tt0117997,id 307719,,,"Comedy, Mystery, Thriller",tvMovie,imdb_Comedy_not_tmdb_Comedy
308123,tt0757991,How to Slay a Vampire,,,"Comedy, Horror",video,imdb_Comedy_not_tmdb_Comedy
308125,tt2100533,id 308125,,,"Comedy, Horror, Thriller",video,imdb_Comedy_not_tmdb_Comedy
309439,tt0431402,Silo Killer 2: The Wrath of Kyle,,,"Comedy, Horror, Western",video,imdb_Comedy_not_tmdb_Comedy
310018,tt3904372,Dead Body Man 2: Separation Anxiety,,,"Comedy, Horror",movie,imdb_Comedy_not_tmdb_Comedy
310591,tt0451999,Actress Apocalypse,2005,Horror,"Comedy, Horror",movie,imdb_Comedy_not_tmdb_Comedy
312396,tt0085708,I Married a Vampire,1987,"Drama, Horror","Comedy, Horror",movie,imdb_Comedy_not_tmdb_Comedy
314071,tt4265962,There's Something in The Pilliga,2015,Horror,"Comedy, Fantasy, Horror",movie,imdb_Comedy_not_tmdb_Comedy
315024,tt2905674,Jurassic City,2015,"Action, Horror, Science Fiction","Action, Adventure, Comedy",movie,imdb_Comedy_not_tmdb_Comedy
315039,tt0202052,The Vampire Raiders,1988,Horror,"Action, Comedy, Fantasy",movie,imdb_Comedy_not_tmdb_Comedy
315832,tt0431022,Dirtbags,,,Comedy,video,imdb_Comedy_not_tmdb_Comedy
318535,tt0272730,The Mesmerist,2002,Horror,"Comedy, Mystery",movie,imdb_Comedy_not_tmdb_Comedy
318947,tt1608612,The Hills Have Thighs,,,"Comedy, Horror, Mystery",video,imdb_Comedy_not_tmdb_Comedy
319396,tt3717324,Zombieworld,2015,Horror,"Comedy, Horror",movie,imdb_Comedy_not_tmdb_Comedy
321377,tt2014319,Plan 9,2015,"Horror, Science Fiction","Comedy, Drama, Fantasy",movie,imdb_Comedy_not_tmdb_Comedy
323665,tt3727982,Ava's Possessions,2015,"Horror, Mystery, Science Fiction, Thriller","Comedy, Horror, Mystery",movie,imdb_Comedy_not_tmdb_Comedy
325157,tt3377670,Haunters,,,"Comedy, Documentary, Horror",movie,imdb_Comedy_not_tmdb_Comedy
325617,tt38941656,Lisa Cook's Deadly Workout,,,"Comedy, Horror, Short",video,imdb_Comedy_not_tmdb_Comedy
330173,tt0021923,The Gorilla,1930,,"Comedy, Horror, Mystery",movie,imdb_Comedy_not_tmdb_Comedy
331352,tt4980812,Playing with Dolls: Bloodlust,2016,Horror,"Action, Comedy, Horror",movie,imdb_Comedy_not_tmdb_Comedy
331446,tt3899796,Sharknado 3: Oh Hell No!,,,"Action, Adventure, Comedy",tvMovie,imdb_Comedy_not_tmdb_Comedy
331706,tt3686878,The Sins of Dracula,2014,Horror,"Comedy, Horror",movie,imdb_Comedy_not_tmdb_Comedy
332285,tt3333870,Antibirth,2016,Horror,"Comedy, Horror, Mystery",movie,imdb_Comedy_not_tmdb_Comedy
332689,tt4145836,Playing with Dolls,2015,Horror,"Action, Comedy, Horror",movie,imdb_Comedy_not_tmdb_Comedy
333742,tt0492874,Casting the Runes,1979,"Horror, Mystery, Thriller, TV Movie","Comedy, Drama",tvEpisode,imdb_Comedy_not_tmdb_Comedy
333862,tt4163042,Bee Sting,,,"Comedy, Horror",movie,imdb_Comedy_not_tmdb_Comedy
334748,tt2300552,Auteur,2015,Horror,"Comedy, Drama, Horror",movie,imdb_Comedy_not_tmdb_Comedy
334986,tt2170114,Heaven is Hell,2014,"Action, Horror, Science Fiction","Action, Comedy, Fantasy",movie,imdb_Comedy_not_tmdb_Comedy
335409,tt3403194,Sharkansas Women's Prison Massacre,2015,"Action, Horror, Science Fiction, TV Movie","Action, Adventure, Comedy",tvMovie,imdb_Comedy_not_tmdb_Comedy
335512,tt0021907,The Ghost Train,1931,,"Comedy, Horror, Thriller",movie,imdb_Comedy_not_tmdb_Comedy
335656,tt4045414,Pure Bloodlines: Bloods Thicker Than Water,,,"Action, Adventure, Comedy",movie,imdb_Comedy_not_tmdb_Comedy
336560,tt4497416,Lake Placid vs. Anaconda,2015,"Action, Horror","Action, Adventure, Comedy",tvMovie,imdb_Comedy_not_tmdb_Comedy
337256,tt2736876,id 337256,,,"Animation, Comedy, Horror",movie,imdb_Comedy_not_tmdb_Comedy
338598,tt3526622,Slay Belles,2018,"Adventure, Horror","Adventure, Comedy, Horror",movie,imdb_Comedy_not_tmdb_Comedy
339644,tt1206339,Terror in the Pharaoh's Tomb,2007,Horror,"Adventure, Comedy, Horror",video,imdb_Comedy_not_tmdb_Comedy
340855,tt3959690,Raiders of the Lost Shark,2015,Horror,"Action, Adventure, Comedy",movie,imdb_Comedy_not_tmdb_Comedy
342927,tt4685096,3-Headed Shark Attack,2015,"Action, Horror, Science Fiction","Action, Adventure, Comedy",video,imdb_Comedy_not_tmdb_Comedy
343097,tt4566574,Mega Shark vs. Kolossus,2015,"Action, Horror, Mystery, Science Fiction, Thriller","Action, Adventure, Comedy",movie,imdb_Comedy_not_tmdb_Comedy
344088,tt0061611,Eat Your Makeup,,,Comedy,movie,imdb_Comedy_not_tmdb_Comedy
344147,tt3292154,Sharktopus vs. Whalewolf,,,"Action, Adventure, Comedy",tvMovie,imdb_Comedy_not_tmdb_Comedy
344885,tt0129921,Fanny Hill Meets Dr. Erotico,,,"Comedy, Horror",movie,imdb_Comedy_not_tmdb_Comedy
346043,tt0075282,Summer of Secrets,1976,"Drama, Horror, Mystery, Science Fiction","Comedy, Mystery, Sci-Fi",movie,imdb_Comedy_not_tmdb_Comedy
346093,tt4699624,KillerSaurus,2015,"Horror, Science Fiction","Action, Adventure, Comedy",movie,imdb_Comedy_not_tmdb_Comedy
347064,tt3469284,Jurassic Prey,2015,"Action, Horror, Science Fiction","Action, Adventure, Comedy",movie,imdb_Comedy_not_tmdb_Comedy
347847,tt3399484,The Sand,2015,Horror,"Comedy, Horror, Sci-Fi",movie,imdb_Comedy_not_tmdb_Comedy
347973,tt3283698,My Bloody Banjo,2015,Horror,"Comedy, Fantasy, Horror",movie,imdb_Comedy_not_tmdb_Comedy
348168,tt0418251,TrashHouse,2005,Horror,"Comedy, Horror",movie,imdb_Comedy_not_tmdb_Comedy
348784,tt0310933,Cryptz,2002,Horror,"Action, Comedy, Horror",video,imdb_Comedy_not_tmdb_Comedy
349135,tt4443784,Roboshark,,,"Action, Adventure, Comedy",tvMovie,imdb_Comedy_not_tmdb_Comedy
353800,tt0439732,Night Visitors,,,"Comedy, Thriller",video,imdb_Comedy_not_tmdb_Comedy
354108,tt0245918,Girl Explores Girl: The Alien Encounter,,,"Comedy, Sci-Fi",video,imdb_Comedy_not_tmdb_Comedy
355854,tt0192339,Mutant Man,1996,Horror,"Comedy, Horror",movie,imdb_Comedy_not_tmdb_Comedy
359056,tt4483960,Primordial,2015,"Drama, Horror, Thriller","Comedy, Crime, Drama",movie,imdb_Comedy_not_tmdb_Comedy
359062,tt2262325,Theatre of the Deranged II,,,"Comedy, Horror, Thriller",movie,imdb_Comedy_not_tmdb_Comedy
360924,tt4011010,Red Billabong,,,"Action, Comedy, Drama",movie,imdb_Comedy_not_tmdb_Comedy
361022,tt2071477,Hush Up Sweet Charlotte,,,"Comedy, Horror",movie,imdb_Comedy_not_tmdb_Comedy
362229,tt4801352,She Kills,2016,"Action, Horror","Action, Comedy, Horror",movie,imdb_Comedy_not_tmdb_Comedy
364840,tt5818680,A Zombie Croc: Evil Has Been Summoned,2015,Horror,"Action, Adventure, Comedy",video,imdb_Comedy_not_tmdb_Comedy
365712,tt4858722,Slasher Weekend,2015,Horror,"Adventure, Comedy, Horror",movie,imdb_Comedy_not_tmdb_Comedy
366210,tt1954961,The Nullarbor Nymph,,,"Comedy, Horror",movie,imdb_Comedy_not_tmdb_Comedy
366360,tt0140137,Hellbent,1988,"Drama, Fantasy, Horror, Mystery","Action, Comedy, Drama",movie,imdb_Comedy_not_tmdb_Comedy
370381,tt2932530,Bullets for the Dead,2015,"Horror, Western","Action, Adventure, Comedy",movie,imdb_Comedy_not_tmdb_Comedy
372581,tt3980840,Snuffet,2014,Horror,"Comedy, Horror",video,imdb_Comedy_not_tmdb_Comedy
374052,tt3908142,The Love Witch,2016,"Fantasy, Horror, Romance","Comedy, Horror, Romance",movie,imdb_Comedy_not_tmdb_Comedy
377448,tt1267299,The Rocky Horror Picture Show: Let's Do the Time Warp Again,,,"Comedy, Horror, Musical",tvMovie,imdb_Comedy_not_tmdb_Comedy
377779,tt0387661,Urban Scumbags vs. Countryside Zombies,,,"Comedy, Horror",movie,imdb_Comedy_not_tmdb_Comedy
378017,tt3390550,The Barn,2016,Horror,"Comedy, Horror",movie,imdb_Comedy_not_tmdb_Comedy
379322,tt2440228,Night of the Dead,,,"Action, Comedy, Horror",video,imdb_Comedy_not_tmdb_Comedy
381063,tt5128826,The Alchemist Cookbook,2016,"Drama, Horror","Comedy, Drama, Horror",movie,imdb_Comedy_not_tmdb_Comedy
382437,tt4514660,Terror Birds,2016,"Horror, Science Fiction","Action, Adventure, Comedy",movie,imdb_Comedy_not_tmdb_Comedy
385320,tt5340882,Zoombies,2016,"Action, Horror, Science Fiction","Action, Adventure, Comedy",movie,imdb_Comedy_not_tmdb_Comedy
386123,tt5307698,Bigfoot vs. Zombies,2016,Horror,"Action, Adventure, Comedy",movie,imdb_Comedy_not_tmdb_Comedy
387396,tt3120314,Shark Exorcist,2015,Horror,"Comedy, Fantasy, Horror",movie,imdb_Comedy_not_tmdb_Comedy
387494,tt2189858,The Freakshow Apocalypse,2007,Horror,"Action, Comedy, Crime",movie,imdb_Comedy_not_tmdb_Comedy
387501,tt2769828,Peelers,2016,Horror,"Comedy, Horror",movie,imdb_Comedy_not_tmdb_Comedy
387660,tt4155680,DinoGator,2024,"Action, Horror","Action, Adventure, Comedy",movie,imdb_Comedy_not_tmdb_Comedy
390833,tt5095208,Dickshark,,,"Comedy, Horror, Sci-Fi",movie,imdb_Comedy_not_tmdb_Comedy
391625,tt0490968,Heather and Puggly Crucify the Devil,,,Comedy,video,imdb_Comedy_not_tmdb_Comedy
391975,tt4932244,2 Lava 2 Lantula!,2016,"Horror, Science Fiction, Thriller","Action, Adventure, Comedy",tvMovie,imdb_Comedy_not_tmdb_Comedy
393511,tt3603104,Blood Sombrero,2016,"Action, Horror","Action, Comedy, Fantasy",movie,imdb_Comedy_not_tmdb_Comedy
393643,tt4030898,Arachnicide,2014,"Action, Horror, Science Fiction","Action, Comedy, Horror",tvMovie,imdb_Comedy_not_tmdb_Comedy
395948,tt5325492,Are We Not Cats,2018,"Horror, Romance","Comedy, Horror, Romance",movie,imdb_Comedy_not_tmdb_Comedy
398096,tt2751140,Freshwater,2016,"Action, Adventure, Horror, Thriller","Action, Adventure, Comedy",movie,imdb_Comedy_not_tmdb_Comedy
398765,tt5703038,Monsterland,2016,"Fantasy, Horror, Thriller","Comedy, Fantasy, Horror",movie,imdb_Comedy_not_tmdb_Comedy
398881,tt0304694,The Sexy Sixth Sense,,,"Comedy, Fantasy",video,imdb_Comedy_not_tmdb_Comedy
401066,tt2322932,The Hunted,,,"Action, Comedy, Horror",movie,imdb_Comedy_not_tmdb_Comedy
401432,tt0131260,Dead End,1985,Horror,"Comedy, Horror, Thriller",video,imdb_Comedy_not_tmdb_Comedy
402516,tt5636234,Sharkenstein,2016,"Horror, Thriller","Action, Adventure, Comedy",movie,imdb_Comedy_not_tmdb_Comedy
402726,tt2733362,Frankenstein the Rapist,,,"Comedy, Horror",video,imdb_Comedy_not_tmdb_Comedy
404489,tt5869032,Atmo HorroX,2016,"Horror, Science Fiction","Comedy, Horror, Mystery",movie,imdb_Comedy_not_tmdb_Comedy
404947,tt5481984,Sinister Squad,2016,"Action, Fantasy, Horror","Action, Comedy, Fantasy",movie,imdb_Comedy_not_tmdb_Comedy
406445,tt0770068,A Photograph,1977,"Drama, Horror","Comedy, Drama, Horror",tvEpisode,imdb_Comedy_not_tmdb_Comedy
406625,tt3620846,Happy Birthday,2016,"Horror, Thriller","Comedy, Horror, Thriller",movie,imdb_Comedy_not_tmdb_Comedy
407460,tt2981254,Deadly Punkettes,2014,"Drama, Horror, Thriller","Comedy, Horror, Thriller",movie,imdb_Comedy_not_tmdb_Comedy
407620,tt5828640,Planet of the Sharks,2016,"Action, Horror, Science Fiction","Action, Adventure, Comedy",tvMovie,imdb_Comedy_not_tmdb_Comedy
407624,tt5899100,Saltwater,,,"Action, Adventure, Comedy",tvMovie,imdb_Comedy_not_tmdb_Comedy
407626,tt5606742,Ozark Sharks,2016,"Action, Horror, Science Fiction, TV Movie","Action, Adventure, Comedy",tvMovie,imdb_Comedy_not_tmdb_Comedy
407627,tt5901326,Ice Sharks,2016,"Action, Adventure, Horror, Science Fiction, TV Movie","Action, Adventure, Comedy",tvMovie,imdb_Comedy_not_tmdb_Comedy
407628,tt5773112,Dam Sharks!,2016,"Action, Horror, Science Fiction","Action, Adventure, Comedy",tvMovie,imdb_Comedy_not_tmdb_Comedy
407739,tt5831924,Spring Break Zombie Massacre,2016,"Adventure, Drama, Fantasy, Horror, Thriller","Action, Adventure, Comedy",movie,imdb_Comedy_not_tmdb_Comedy
412406,tt3020786,Death Walks,2016,Horror,"Comedy, Horror, Mystery",movie,imdb_Comedy_not_tmdb_Comedy
415633,tt5161376,Tonight She Comes,2018,Horror,"Comedy, Horror",movie,imdb_Comedy_not_tmdb_Comedy
416119,tt2932532,Blood Trap,2016,"Action, Crime, Horror, Thriller","Comedy, Crime, Horror",movie,imdb_Comedy_not_tmdb_Comedy
416482,tt1887669,Astro Zombies: M4 - Invaders from Cyberspace,2012,"Horror, Science Fiction","Comedy, Horror, Sci-Fi",movie,imdb_Comedy_not_tmdb_Comedy
417265,tt1661843,Hotel Hollywood,2010,Horror,"Comedy, Horror, Thriller",movie,imdb_Comedy_not_tmdb_Comedy
419327,tt4308714,Other Halves,2016,"Horror, Science Fiction","Comedy, Horror, Sci-Fi",movie,imdb_Comedy_not_tmdb_Comedy
420074,tt37741497,Shark Terror,2025,"Horror, Action","Comedy, Drama, Mystery",movie,imdb_Comedy_not_tmdb_Comedy
422514,tt4933506,Killjoy's Psycho Circus,2016,Horror,"Comedy, Fantasy, Horror",movie,imdb_Comedy_not_tmdb_Comedy
423269,tt5214966,Halloween Spookies,2016,Horror,"Comedy, Family, Horror",movie,imdb_Comedy_not_tmdb_Comedy
423536,tt4705740,Ghosts of Darkness,2017,Horror,"Comedy, Horror, Mystery",movie,imdb_Comedy_not_tmdb_Comedy
424647,tt6144120,Paranormal Sexperiments,2016,"Horror, Romance","Comedy, Horror",tvMovie,imdb_Comedy_not_tmdb_Comedy
426075,tt2812868,"Sex, Chocolate & Zombie Republicans",,,"Comedy, Horror",movie,imdb_Comedy_not_tmdb_Comedy
429051,tt0284805,4 Cheerleaders of the Apocalypse,1997,Horror,"Comedy, Horror",video,imdb_Comedy_not_tmdb_Comedy
431392,tt5156910,Ouija 3: The Charlie Charlie Challenge,2016,Horror,"Comedy, Horror",movie,imdb_Comedy_not_tmdb_Comedy
432063,tt5923752,Pool Party Massacre,2017,Horror,"Comedy, Horror",movie,imdb_Comedy_not_tmdb_Comedy
433628,tt0197776,Potential Sins,,,"Comedy, Horror",movie,imdb_Comedy_not_tmdb_Comedy
433629,tt1440747,Killer Tumbleweeds,,,"Comedy, Horror, Sci-Fi",movie,imdb_Comedy_not_tmdb_Comedy
434520,tt5361326,The Ninth Passenger,2018,Horror,"Action, Comedy, Horror",movie,imdb_Comedy_not_tmdb_Comedy
436945,tt1908452,Addicted to Blood,2011,Horror,"Comedy, Horror",video,imdb_Comedy_not_tmdb_Comedy
438970,tt6298780,Sharknado 5: Global Swarming,,,"Action, Adventure, Comedy",tvMovie,imdb_Comedy_not_tmdb_Comedy
440317,tt5532370,Freehold,,,"Comedy, Horror, Thriller",movie,imdb_Comedy_not_tmdb_Comedy
445643,tt1277731,Reptisaurus,2009,"Horror, Science Fiction","Action, Adventure, Comedy",tvMovie,imdb_Comedy_not_tmdb_Comedy
445732,tt5936582,Johnny Gruesome,2018,Horror,"Comedy, Horror",movie,imdb_Comedy_not_tmdb_Comedy
445911,tt1691879,The Chainsaw Sally Show,2010,Horror,"Comedy, Horror",video,imdb_Comedy_not_tmdb_Comedy
449478,tt4756770,Witchcraft XIV: Angel of Death,2017,"Horror, Mystery","Adventure, Comedy, Drama",movie,imdb_Comedy_not_tmdb_Comedy
449897,tt0385906,Next Victim,2003,Horror,"Comedy, Horror, Thriller",movie,imdb_Comedy_not_tmdb_Comedy
450545,tt6328004,Secret Santa,2018,"Horror, Mystery, Thriller","Action, Comedy, Horror",movie,imdb_Comedy_not_tmdb_Comedy
453659,tt0316551,Scary Tales: The Return of Mr. Longfellow,2003,Horror,"Comedy, Horror",video,imdb_Comedy_not_tmdb_Comedy
458339,tt4905574,Haunted Inc.,,,"Comedy, Horror",movie,imdb_Comedy_not_tmdb_Comedy
458381,tt2250026,Female Zombie Riot,,,"Comedy, Horror",movie,imdb_Comedy_not_tmdb_Comedy
459170,tt5303106,The Jurassic Dead,2017,"Horror, Science Fiction","Action, Adventure, Comedy",movie,imdb_Comedy_not_tmdb_Comedy
460218,tt6719524,5 Headed Shark Attack,2017,"Horror, Science Fiction","Action, Adventure, Comedy",tvMovie,imdb_Comedy_not_tmdb_Comedy
461108,tt6973866,Toxic Shark,2017,"Horror, Science Fiction","Action, Adventure, Comedy",tvMovie,imdb_Comedy_not_tmdb_Comedy
461963,tt6492158,Land Shark,2017,"Horror, Thriller","Action, Adventure, Comedy",movie,imdb_Comedy_not_tmdb_Comedy
462310,tt5821150,The Wanderers: The Quest of The Demon Hunter,2018,"Action, Adventure, Fantasy, Horror","Comedy, Drama, Fantasy",movie,imdb_Comedy_not_tmdb_Comedy
463821,tt2119543,The House with a Clock in Its Walls,,,"Comedy, Family, Fantasy",movie,imdb_Comedy_not_tmdb_Comedy
464329,tt7073518,7 from Etheria,2017,Horror,"Action, Comedy, Fantasy",movie,imdb_Comedy_not_tmdb_Comedy
464776,tt0310643,And Then They Were Dead...,,,"Comedy, Horror, Mystery",video,imdb_Comedy_not_tmdb_Comedy
466316,tt0462238,Creepies 2: Las Vegas Attack,2005,"Horror, Science Fiction","Action, Adventure, Comedy",video,imdb_Comedy_not_tmdb_Comedy
466473,tt4375062,The Painting,,,"Comedy, Horror, Thriller",movie,imdb_Comedy_not_tmdb_Comedy
466587,tt6817296,Bigfoot Horror Camp,,,"Comedy, Horror",tvMovie,imdb_Comedy_not_tmdb_Comedy
466609,tt0478814,Limp Fangs: The Adventures of Count Malt Liquela,1996,Horror,Comedy,video,imdb_Comedy_not_tmdb_Comedy
466929,tt0297175,House of Horror,1929,,"Comedy, Horror, Mystery",movie,imdb_Comedy_not_tmdb_Comedy
467306,tt6723494,Playing with Dolls: Havoc,2017,"Horror, Thriller","Comedy, Horror, Thriller",movie,imdb_Comedy_not_tmdb_Comedy
467377,tt4424292,Crazy Lake,2017,Horror,"Comedy, Horror",movie,imdb_Comedy_not_tmdb_Comedy
467462,tt6982720,Trailer Park Shark,,,"Action, Adventure, Comedy",tvMovie,imdb_Comedy_not_tmdb_Comedy
470614,tt8403680,Tales from the Hood 2,2018,Horror,"Comedy, Crime, Drama",video,imdb_Comedy_not_tmdb_Comedy
471363,tt0389948,Dracula in Vegas,1999,Horror,"Comedy, Horror",video,imdb_Comedy_not_tmdb_Comedy
471618,tt3567168,A Twisted Tale,,,"Comedy, Horror, Thriller",movie,imdb_Comedy_not_tmdb_Comedy
475369,tt5810368,Deadly Detention,2017,Horror,"Comedy, Drama, Horror",movie,imdb_Comedy_not_tmdb_Comedy
475498,tt10280600,Halloween Monster Bash,,,Comedy,tvMovie,imdb_Comedy_not_tmdb_Comedy
475748,tt0154603,Hollyweird,1998,"Drama, Horror, Mystery","Comedy, Crime, Horror",tvMovie,imdb_Comedy_not_tmdb_Comedy
476642,tt1947996,Day of a Thousand Screams,,,"Comedy, Horror, Thriller",movie,imdb_Comedy_not_tmdb_Comedy
477408,tt5835256,Murder Made Easy,2017,"Horror, Thriller","Comedy, Drama, Thriller",movie,imdb_Comedy_not_tmdb_Comedy
478692,tt0814175,Knight of the Living Dead,2005,Horror,"Comedy, Horror",video,imdb_Comedy_not_tmdb_Comedy
479188,tt0120870,Trance,2002,"Drama, Fantasy, Horror","Action, Comedy, Horror",movie,imdb_Comedy_not_tmdb_Comedy
480100,tt7349910,Nightmare Cinema,2018,Horror,"Comedy, Drama, Horror",movie,imdb_Comedy_not_tmdb_Comedy
480295,tt1493823,Psycho Street,2011,Horror,"Comedy, Crime, Drama",movie,imdb_Comedy_not_tmdb_Comedy
481866,tt6427854,Anna,2017,Horror,"Comedy, Horror",movie,imdb_Comedy_not_tmdb_Comedy
482201,tt3592020,Neighbours,2014,Horror,"Comedy, Drama, Horror",movie,imdb_Comedy_not_tmdb_Comedy
482503,tt0023572,Thark,1932,,"Comedy, Horror",movie,imdb_Comedy_not_tmdb_Comedy
483052,tt6140354,Lady Belladonna's Night Shades,,,"Comedy, Horror",movie,imdb_Comedy_not_tmdb_Comedy
486772,tt5939018,I Shall Never Return,2017,"Adventure, Horror","Adventure, Comedy, Horror",movie,imdb_Comedy_not_tmdb_Comedy
488342,tt5283288,Scarecrows,2017,Horror,"Comedy, Horror",movie,imdb_Comedy_not_tmdb_Comedy
488837,tt0575508,The Boy Who Left Home to Find Out About the Shivers,1984,"Family, Fantasy, Horror, TV Movie","Adventure, Comedy, Family",tvEpisode,imdb_Comedy_not_tmdb_Comedy
489108,tt6413038,Dracula in a Women's Prison,2017,Horror,"Comedy, Horror",movie,imdb_Comedy_not_tmdb_Comedy
489610,tt5816046,Guardians,2017,"Horror, Science Fiction","Comedy, Drama, Mystery",movie,imdb_Comedy_not_tmdb_Comedy
494352,tt4089412,Scent,2014,Horror,"Comedy, Horror",movie,imdb_Comedy_not_tmdb_Comedy
498754,tt5270378,Go Mad and Mark,,,"Comedy, Drama, Horror",movie,imdb_Comedy_not_tmdb_Comedy
500319,tt0434159,Lord of the Dead,2000,Horror,"Comedy, Horror",video,imdb_Comedy_not_tmdb_Comedy
503731,tt3598130,Zombie Boy,,,"Action, Comedy",movie,imdb_Comedy_not_tmdb_Comedy
505054,tt4630466,Virgin Cheerleaders in Chains,2018,Horror,"Comedy, Horror",movie,imdb_Comedy_not_tmdb_Comedy
507096,tt0290055,Scary Tales,2001,Horror,"Comedy, Horror",video,imdb_Comedy_not_tmdb_Comedy
508384,tt1641809,Conspiracy of Blood,,,"Action, Comedy, Fantasy",video,imdb_Comedy_not_tmdb_Comedy
509412,tt5594444,Attack of the Southern Fried Zombies,2017,Horror,"Action, Comedy, Horror",movie,imdb_Comedy_not_tmdb_Comedy
509471,tt2087676,Waiting for Dracula,2012,Horror,"Comedy, Horror",video,imdb_Comedy_not_tmdb_Comedy
510733,tt0013170,The Ghost Breaker,1922,,"Comedy, Horror",movie,imdb_Comedy_not_tmdb_Comedy
517046,tt5355890,The New World Horror,2018,Horror,"Adventure, Comedy, Horror",movie,imdb_Comedy_not_tmdb_Comedy
517473,tt2059224,Hipster Holocaust,2011,Horror,"Comedy, Horror, Thriller",movie,imdb_Comedy_not_tmdb_Comedy
519418,tt6293796,Witch-Hunt,2017,"Horror, Mystery, Thriller","Comedy, Horror, Thriller",movie,imdb_Comedy_not_tmdb_Comedy
520980,tt5056154,Manos Returns,2018,Horror,"Comedy, Horror",movie,imdb_Comedy_not_tmdb_Comedy
521876,tt4700872,Dead List,2018,Horror,"Comedy, Horror",movie,imdb_Comedy_not_tmdb_Comedy
522438,tt8360902,6-Headed Shark Attack,2018,"Action, Horror, Science Fiction, TV Movie","Action, Adventure, Comedy",tvMovie,imdb_Comedy_not_tmdb_Comedy
522547,tt7059682,Grindsploitation 4: Meltsploitation,2018,Horror,"Action, Comedy, Horror",movie,imdb_Comedy_not_tmdb_Comedy
523849,tt8031422,The Last Sharknado: It's About Time,,,"Action, Adventure, Comedy",tvMovie,imdb_Comedy_not_tmdb_Comedy
524582,tt8233184,Livescream,2018,Horror,"Action, Adventure, Comedy",movie,imdb_Comedy_not_tmdb_Comedy
525932,tt8917774,Make Me Up,,,"Comedy, Fantasy, Horror",movie,imdb_Comedy_not_tmdb_Comedy
526196,tt5466826,Lyco,2018,Horror,"Action, Comedy, Fantasy",movie,imdb_Comedy_not_tmdb_Comedy
529649,tt8074486,The Row,2018,"Horror, Thriller","Comedy, Horror, Mystery",movie,imdb_Comedy_not_tmdb_Comedy
532889,tt1277402,Terror Overload: Tales from Satan's Truckstop,,,"Action, Comedy, Horror",movie,imdb_Comedy_not_tmdb_Comedy
532996,tt2018071,Halloweenville,,,"Comedy, Documentary",video,imdb_Comedy_not_tmdb_Comedy
542191,tt6649792,Ahockalypse,2018,"Adventure, Fantasy, Horror","Comedy, Horror",movie,imdb_Comedy_not_tmdb_Comedy
542476,tt8305692,Santa Jaws,2018,"Action, Fantasy, Horror","Action, Adventure, Comedy",movie,imdb_Comedy_not_tmdb_Comedy
542781,tt7319064,Killer Kate!,2018,Horror,"Comedy, Horror, Thriller",movie,imdb_Comedy_not_tmdb_Comedy
543906,tt1593711,Killer Shorts 2,2010,Horror,"Comedy, Drama, Fantasy",movie,imdb_Comedy_not_tmdb_Comedy
546823,tt8452036,Demons,2018,Horror,"Comedy, Horror",movie,imdb_Comedy_not_tmdb_Comedy
547611,tt6703652,Demoniac,,,"Comedy, Horror",movie,imdb_Comedy_not_tmdb_Comedy
549369,tt5873694,The Bastard,,,"Comedy, Horror",video,imdb_Comedy_not_tmdb_Comedy
549722,tt7365740,Tales of Frankenstein,2018,Horror,"Comedy, Horror",movie,imdb_Comedy_not_tmdb_Comedy
550179,tt6519668,Bee Sting 2: Bear Sting,,,"Comedy, Horror",movie,imdb_Comedy_not_tmdb_Comedy
550845,tt8833552,Blood Clots,2018,Horror,"Comedy, Horror",movie,imdb_Comedy_not_tmdb_Comedy
551521,tt6688992,id 551521,,,Comedy,tvSeries,imdb_Comedy_not_tmdb_Comedy
552482,tt7118702,Lowriders vs Zombies from Space,2018,Horror,"Comedy, Horror, Sci-Fi",movie,imdb_Comedy_not_tmdb_Comedy
552925,tt3313194,Personal Space Invader,,,"Comedy, Horror, Sci-Fi",movie,imdb_Comedy_not_tmdb_Comedy
555295,tt7942746,Body at Brighton Rock,,,"Comedy, Drama, Fantasy",movie,imdb_Comedy_not_tmdb_Comedy
555878,tt1990308,Ratstar,2004,"Horror, Science Fiction","Comedy, Romance, Sci-Fi",movie,imdb_Comedy_not_tmdb_Comedy
558305,tt8638524,President Evil,2018,Horror,"Comedy, Horror",movie,imdb_Comedy_not_tmdb_Comedy
559994,tt8041922,Watch If You Dare,2018,Horror,"Comedy, Horror",movie,imdb_Comedy_not_tmdb_Comedy
562598,tt6577246,Necro Files 3000,2017,Horror,"Animation, Comedy, Horror",movie,imdb_Comedy_not_tmdb_Comedy
564837,tt5930094,Atomic Shark,,,"Action, Adventure, Comedy",movie,imdb_Comedy_not_tmdb_Comedy
565500,tt29600746,Camcorder Atrocity,,,"Comedy, Horror",video,imdb_Comedy_not_tmdb_Comedy
565594,tt6028328,Freaks,,,"Comedy, Horror",movie,imdb_Comedy_not_tmdb_Comedy
565979,tt5546270,The Sunday Night Slaughter,2018,Horror,"Action, Comedy, Horror",movie,imdb_Comedy_not_tmdb_Comedy
566239,tt10351244,Monster Safari,,,"Comedy, Horror",video,imdb_Comedy_not_tmdb_Comedy
567984,tt6569946,Christmas with Cookie: Locked Away,,,Comedy,movie,imdb_Comedy_not_tmdb_Comedy
568281,tt2217802,Sadistic Eroticism,2012,Horror,"Comedy, Drama, Horror",movie,imdb_Comedy_not_tmdb_Comedy
568575,tt2375196,Monsters on Main Street,2014,Horror,"Comedy, Horror",movie,imdb_Comedy_not_tmdb_Comedy
568578,tt1848983,Little Creeps,2012,Horror,"Comedy, Horror",video,imdb_Comedy_not_tmdb_Comedy
568598,tt0446761,id 568598,,,"Comedy, Horror, Mystery",movie,imdb_Comedy_not_tmdb_Comedy
569886,tt1139124,Razor,2007,Horror,"Comedy, Horror, Thriller",video,imdb_Comedy_not_tmdb_Comedy
570536,tt2724608,Alabama Sasquatch,,,Comedy,movie,imdb_Comedy_not_tmdb_Comedy
570620,tt6231784,Cherokee Creek,2018,Horror,"Comedy, Horror, Thriller",movie,imdb_Comedy_not_tmdb_Comedy
572485,tt6910730,Suburban Coffin,2018,"Fantasy, Horror","Comedy, Fantasy, Horror",movie,imdb_Comedy_not_tmdb_Comedy
574124,tt4183284,Happy Endings Are a Rarity,2017,"Drama, Horror, Romance","Comedy, Drama, Horror",movie,imdb_Comedy_not_tmdb_Comedy
577489,tt7954694,Char Man,2019,"Horror, Thriller","Comedy, Drama, Horror",movie,imdb_Comedy_not_tmdb_Comedy
579296,tt4470288,Abnormal Attraction,,,"Adventure, Comedy, Fantasy",movie,imdb_Comedy_not_tmdb_Comedy
580340,tt2302939,Trannysnatchers!,2012,Horror,"Comedy, Drama, Horror",movie,imdb_Comedy_not_tmdb_Comedy
580370,tt0469178,Satan's House of Yoga,,,"Action, Comedy, Horror",video,imdb_Comedy_not_tmdb_Comedy
580377,tt7921992,Cajun Mystery,2018,"Crime, Drama, Horror, Mystery","Comedy, Crime, Horror",movie,imdb_Comedy_not_tmdb_Comedy
580550,tt1161647,Last Getaway,,,"Comedy, Horror, Mystery",movie,imdb_Comedy_not_tmdb_Comedy
588236,tt6785752,Lillith,2019,Horror,"Comedy, Horror",movie,imdb_Comedy_not_tmdb_Comedy
589877,tt8740332,The Good Things Devils Do,2020,Horror,"Action, Comedy, Horror",movie,imdb_Comedy_not_tmdb_Comedy
590476,tt21066024,Adventures of the Haunted Hunted,2013,Horror,"Comedy, Horror",video,imdb_Comedy_not_tmdb_Comedy
590995,tt4685762,The Craft: Legacy,2020,"Drama, Fantasy, Horror","Comedy, Drama, Fantasy",movie,imdb_Comedy_not_tmdb_Comedy
593676,tt1296163,The Legacy,2009,Horror,"Action, Comedy, Horror",movie,imdb_Comedy_not_tmdb_Comedy
594568,tt1645988,My Mouth Lies Screaming,,,Comedy,video,imdb_Comedy_not_tmdb_Comedy
595631,tt0018978,The Haunted House,1928,,"Comedy, Drama",movie,imdb_Comedy_not_tmdb_Comedy
596697,tt12472174,Sorority Babes in the Slimeball Bowl-O-Rama 2,,,"Comedy, Horror",movie,imdb_Comedy_not_tmdb_Comedy
597453,tt1624415,Beverly Lane,,,"Comedy, Horror",video,imdb_Comedy_not_tmdb_Comedy
597468,tt4662694,id 597468,,,"Comedy, Horror",movie,imdb_Comedy_not_tmdb_Comedy
597785,tt9301428,Deathcember,2019,Horror,"Comedy, Horror",movie,imdb_Comedy_not_tmdb_Comedy
603012,tt1467138,Wet Heat,,,"Action, Comedy",video,imdb_Comedy_not_tmdb_Comedy
603013,tt8702698,Film Crew,,,"Comedy, Horror",video,imdb_Comedy_not_tmdb_Comedy
609075,tt8597424,Another Cinema Snob Movie,,,"Adventure, Comedy, Horror",movie,imdb_Comedy_not_tmdb_Comedy
609919,tt8569578,She Never Died,2019,"Action, Crime, Fantasy, Horror","Action, Comedy, Drama",movie,imdb_Comedy_not_tmdb_Comedy
610014,tt8928500,Ashes,2018,Horror,"Comedy, Horror",movie,imdb_Comedy_not_tmdb_Comedy
610387,tt6780234,Haunting Inside,2019,Horror,"Comedy, Horror",movie,imdb_Comedy_not_tmdb_Comedy
619262,tt9097270,Wrinkles the Clown,,,"Comedy, Documentary, Horror",movie,imdb_Comedy_not_tmdb_Comedy
621080,tt1323974,The Viva Voce Virus,,,"Comedy, Thriller",movie,imdb_Comedy_not_tmdb_Comedy
621109,tt0675399,The Dybbuk,1960,"Drama, Fantasy, History, Horror, TV Movie","Comedy, Drama, Fantasy",tvEpisode,imdb_Comedy_not_tmdb_Comedy
621254,tt3195238,Dead Don't Die in Dallas,2019,Horror,"Action, Comedy, Horror",movie,imdb_Comedy_not_tmdb_Comedy
628959,tt8855888,Lady Belladonna's Tales From The Inferno,2019,Horror,"Comedy, Horror",movie,imdb_Comedy_not_tmdb_Comedy
631689,tt10051586,Scare Attraction,2019,Horror,"Comedy, Horror, Thriller",movie,imdb_Comedy_not_tmdb_Comedy
635896,tt14272662,Zombarella's House Of Whorrors,2019,Horror,"Comedy, Drama, Horror",video,imdb_Comedy_not_tmdb_Comedy
637162,tt0839852,Hollywood Gothic,,,"Comedy, Horror",movie,imdb_Comedy_not_tmdb_Comedy
637237,tt0356891,Minds of Terror,2003,Horror,"Comedy, Drama, Horror",video,imdb_Comedy_not_tmdb_Comedy
638609,tt2936408,Bhoner: The Movie,,,"Comedy, Horror",movie,imdb_Comedy_not_tmdb_Comedy
639687,tt2155464,She Devils a Go Go,2011,Horror,"Comedy, Horror, Thriller",video,imdb_Comedy_not_tmdb_Comedy
640962,tt1985935,7 Down,,,"Comedy, Horror, Thriller",video,imdb_Comedy_not_tmdb_Comedy
641688,tt8285496,Church of Fears,2018,Horror,"Comedy, Horror",movie,imdb_Comedy_not_tmdb_Comedy
643225,tt0114513,The Spirit Gallery,,,"Comedy, Horror",movie,imdb_Comedy_not_tmdb_Comedy
644748,tt4191592,Gnomercy,2019,Horror,"Comedy, Horror",movie,imdb_Comedy_not_tmdb_Comedy
651517,tt0850710,Riverdead,,,"Comedy, Horror",movie,imdb_Comedy_not_tmdb_Comedy
652004,tt11140488,The Wolf of Snow Hollow,2020,"Horror, Thriller","Comedy, Horror, Mystery",movie,imdb_Comedy_not_tmdb_Comedy
659986,tt9806370,The Owners,2020,"Horror, Thriller","Comedy, Crime, Horror",movie,imdb_Comedy_not_tmdb_Comedy
664574,tt11628854,Silent Night,,,"Comedy, Drama, Horror",movie,imdb_Comedy_not_tmdb_Comedy
670266,tt8322060,Tremors: Shrieker Island,2020,"Action, Horror","Action, Adventure, Comedy",video,imdb_Comedy_not_tmdb_Comedy
671324,tt4050462,World of Death,2016,"Horror, Science Fiction","Comedy, Horror, Sci-Fi",movie,imdb_Comedy_not_tmdb_Comedy
672278,tt30876699,Lactasia,,,"Comedy, Horror, Sci-Fi",movie,imdb_Comedy_not_tmdb_Comedy
676756,tt2988210,The Transylvania Television Real Meanin' of Halloween Special Show,,,"Animation, Comedy, Horror",tvEpisode,imdb_Comedy_not_tmdb_Comedy
679761,tt11033574,Bad Girl Dracula,,,Comedy,movie,imdb_Comedy_not_tmdb_Comedy
681416,tt11845692,Tales From Six Feet Under,2020,Horror,"Comedy, Horror, Thriller",movie,imdb_Comedy_not_tmdb_Comedy
681631,tt7904182,Jurassic Thunder,,,"Action, Adventure, Comedy",movie,imdb_Comedy_not_tmdb_Comedy
685964,tt10850450,Cabal,2020,"Action, Horror","Action, Comedy, Horror",movie,imdb_Comedy_not_tmdb_Comedy
689479,tt12098670,Scare Me,2020,Horror,"Comedy, Fantasy, Horror",movie,imdb_Comedy_not_tmdb_Comedy
690481,tt8553606,Aurora,2019,Horror,"Comedy, Drama, Romance",movie,imdb_Comedy_not_tmdb_Comedy
690637,tt7332120,For Jennifer,,,"Comedy, Horror, Thriller",movie,imdb_Comedy_not_tmdb_Comedy
694657,tt12081026,Time Warp Vol. 1: Midnight Madness,,,"Comedy, Documentary, Horror",tvEpisode,imdb_Comedy_not_tmdb_Comedy
695138,tt12031212,Time Warp Vol. 2: Horror and Sci-Fi,,,"Comedy, Documentary, Horror",tvEpisode,imdb_Comedy_not_tmdb_Comedy
696393,tt8879928,Cold Storage,,,"Comedy, Horror, Sci-Fi",movie,imdb_Comedy_not_tmdb_Comedy
708025,tt0059495,The Naked World of Harrison Marks,,,"Comedy, Fantasy",movie,imdb_Comedy_not_tmdb_Comedy
708805,tt12495952,Franky and His Pals,,,Comedy,movie,imdb_Comedy_not_tmdb_Comedy
709263,tt0166157,Crackle of Death,1976,"Horror, Thriller, TV Movie","Comedy, Crime, Drama",tvMovie,imdb_Comedy_not_tmdb_Comedy
709732,tt0356848,id 709732,,,"Adventure, Animation, Comedy",tvEpisode,imdb_Comedy_not_tmdb_Comedy
711705,tt6483422,They Reach,2020,"Adventure, Horror","Adventure, Comedy, Horror",movie,imdb_Comedy_not_tmdb_Comedy
713422,tt8159944,Paranormal Investigation Agency,,,"Comedy, Horror",movie,imdb_Comedy_not_tmdb_Comedy
713474,tt9178004,Clownery,2020,Horror,"Comedy, Horror",movie,imdb_Comedy_not_tmdb_Comedy
715239,tt9419976,Triggered,2020,Horror,"Action, Comedy, Horror",movie,imdb_Comedy_not_tmdb_Comedy
716119,tt2033214,Blood Jungle ...or Eviva il Coltello!,,,"Adventure, Comedy, Fantasy",movie,imdb_Comedy_not_tmdb_Comedy
718292,tt0068254,The Bankrupt,,,"Comedy, Drama, Horror",tvEpisode,imdb_Comedy_not_tmdb_Comedy
720132,tt4980882,Hobbes & Phil V.S. Zombies,,,Comedy,movie,imdb_Comedy_not_tmdb_Comedy
721656,tt12838958,id 721656,,,"Adventure, Animation, Comedy",video,imdb_Comedy_not_tmdb_Comedy
723377,tt12226872,The Scary of Sixty-First,2021,"Horror, Mystery, Thriller","Comedy, Drama, Horror",movie,imdb_Comedy_not_tmdb_Comedy
724457,tt12549474,Hacked,2020,Horror,"Comedy, Drama, Horror",movie,imdb_Comedy_not_tmdb_Comedy
724789,tt5866202,Temple Time,,,Comedy,video,imdb_Comedy_not_tmdb_Comedy
726507,tt7184122,Blood Pageant,2021,"Horror, Thriller","Comedy, Horror, Thriller",movie,imdb_Comedy_not_tmdb_Comedy
727488,tt0168218,Ten Days,1925,,"Action, Comedy, Horror",movie,imdb_Comedy_not_tmdb_Comedy
729316,tt9289116,Nicole,2019,Horror,"Comedy, Horror",movie,imdb_Comedy_not_tmdb_Comedy
729877,tt1520836,7 Deadly Sins: Inside The Ecomm Cult,,,"Biography, Comedy, Crime",movie,imdb_Comedy_not_tmdb_Comedy
733049,tt10725448,The Pizzagate Massacre,,,"Action, Adventure, Comedy",movie,imdb_Comedy_not_tmdb_Comedy
733605,tt5599446,Self-Storage,,,"Comedy, Drama, Horror",movie,imdb_Comedy_not_tmdb_Comedy
734072,tt3994282,Slashening: The Final Beginning,,,"Comedy, Horror, Thriller",movie,imdb_Comedy_not_tmdb_Comedy
736506,tt11760236,Claw,2021,"Horror, Mystery","Comedy, Horror, Sci-Fi",movie,imdb_Comedy_not_tmdb_Comedy
738183,tt12851872,The Caretaker,,,"Comedy, Drama, Horror",movie,imdb_Comedy_not_tmdb_Comedy
738746,tt1333025,Evil Spirits,2008,Horror,"Comedy, Horror",video,imdb_Comedy_not_tmdb_Comedy
739123,tt11453082,Tales from the Hood 3,2020,"Drama, Horror","Comedy, Crime, Drama",video,imdb_Comedy_not_tmdb_Comedy
739603,tt13032902,Like a Dirty French Novel,2021,"Crime, Horror, Mystery, Thriller","Comedy, Crime, Thriller",movie,imdb_Comedy_not_tmdb_Comedy
740267,tt12524030,Naked Cannibal Campers,2020,Horror,"Comedy, Horror",movie,imdb_Comedy_not_tmdb_Comedy
741112,tt10071270,Marineland Carnival: The Munsters Visit Marineland,,,"Comedy, Family, Music",tvMovie,imdb_Comedy_not_tmdb_Comedy
741686,tt10959454,Bloody Summer Camp,2021,Horror,"Comedy, Horror",movie,imdb_Comedy_not_tmdb_Comedy
743022,tt9191844,Fear PHarm,2020,Horror,"Comedy, Horror",movie,imdb_Comedy_not_tmdb_Comedy
748918,tt7708470,The Bloody Man,2020,Horror,"Comedy, Horror",movie,imdb_Comedy_not_tmdb_Comedy
749269,tt1428463,We’re All Gonna Die!,,,"Comedy, Horror, Mystery",video,imdb_Comedy_not_tmdb_Comedy
751583,tt7657896,Beyond McNasty: Filthy McNasty 4,,,"Comedy, Horror",movie,imdb_Comedy_not_tmdb_Comedy
752450,tt13467594,Natasha Nighty’s Boudoir of Blood,,,"Comedy, Crime, Drama",movie,imdb_Comedy_not_tmdb_Comedy
752687,tt11172830,Big Freaking Rat,2020,"Horror, Science Fiction, Thriller","Comedy, Horror, Sci-Fi",movie,imdb_Comedy_not_tmdb_Comedy
758769,tt12447796,Unwelcome,2023,"Horror, Fantasy","Comedy, Horror",movie,imdb_Comedy_not_tmdb_Comedy
758897,tt11204372,Goblin,2020,Horror,"Comedy, Horror, Romance",movie,imdb_Comedy_not_tmdb_Comedy
759682,tt6827138,Demon and the Mummy,1976,"Horror, Thriller, TV Movie","Comedy, Crime, Drama",tvMovie,imdb_Comedy_not_tmdb_Comedy
762916,tt5215606,Vamp Bikers Tres,,,"Comedy, Horror",movie,imdb_Comedy_not_tmdb_Comedy
769664,tt9114272,Cicada!,2018,Horror,Comedy,movie,imdb_Comedy_not_tmdb_Comedy
777912,tt9278074,The Crescent Moon Clown,2018,Horror,"Comedy, Horror",movie,imdb_Comedy_not_tmdb_Comedy
780273,tt13260780,Revenge of the Zombies,2022,Horror,"Comedy, Horror, Mystery",movie,imdb_Comedy_not_tmdb_Comedy
780283,tt4130510,Terror Toons 4,,,"Comedy, Drama, Fantasy",movie,imdb_Comedy_not_tmdb_Comedy
781340,tt10295298,id 781340,,,"Action, Adventure, Comedy",movie,imdb_Comedy_not_tmdb_Comedy
781849,tt10216812,Bloody Nun 2: The Curse,2021,Horror,"Comedy, Horror",movie,imdb_Comedy_not_tmdb_Comedy
782204,tt1312244,Stiff Jobs,,,"Action, Comedy, Horror",video,imdb_Comedy_not_tmdb_Comedy
784593,tt1458666,The Sphere of the Lycanthrope,,,"Action, Comedy, Horror",movie,imdb_Comedy_not_tmdb_Comedy
786110,tt11908982,Jakob's Wife,2021,"Horror, Thriller","Comedy, Horror",movie,imdb_Comedy_not_tmdb_Comedy
786990,tt43628106,Fetalboy Goes to Hell!,,,"Comedy, Horror",movie,imdb_Comedy_not_tmdb_Comedy
787747,tt12706836,Shell,2025,"Horror, Drama, Thriller","Comedy, Horror, Thriller",movie,imdb_Comedy_not_tmdb_Comedy
787752,tt13403046,Fresh,2022,"Horror, Thriller","Comedy, Horror, Romance",movie,imdb_Comedy_not_tmdb_Comedy
788527,tt13628490,Damien,,,"Comedy, Documentary, Horror",movie,imdb_Comedy_not_tmdb_Comedy
792742,tt8941294,Human Hibachi,,,"Comedy, Horror",movie,imdb_Comedy_not_tmdb_Comedy
793942,tt12747444,The Legend of Fall Creek,2021,"Crime, Drama, Horror","Comedy, Crime, Drama",movie,imdb_Comedy_not_tmdb_Comedy
795444,tt1392255,Ulong Pugot: Naglalagot,1993,Horror,Comedy,movie,imdb_Comedy_not_tmdb_Comedy
797003,tt13794972,Dr. Gift,2023,"Horror, Mystery","Comedy, Horror, Mystery",movie,imdb_Comedy_not_tmdb_Comedy
800891,tt11279862,Red Pill,2021,"Horror, Thriller","Comedy, Horror, Thriller",movie,imdb_Comedy_not_tmdb_Comedy
802226,tt13372992,Bingo Hell,,,"Comedy, Horror",movie,imdb_Comedy_not_tmdb_Comedy
802610,tt13862974,Sharks of the Corn,2021,Horror,"Comedy, Horror",movie,imdb_Comedy_not_tmdb_Comedy
809929,tt13835046,Aquarium of the Dead,2021,Horror,"Action, Comedy, Horror",movie,imdb_Comedy_not_tmdb_Comedy
810499,tt14253862,The Gingerweed Man,,,Comedy,movie,imdb_Comedy_not_tmdb_Comedy
824657,tt0211116,Weird Ones,,,Comedy,movie,imdb_Comedy_not_tmdb_Comedy
828691,tt14236094,Killer Concept,2021,"Horror, Thriller","Comedy, Horror, Thriller",movie,imdb_Comedy_not_tmdb_Comedy
831438,tt12449586,The Seed,2021,"Horror, Science Fiction","Comedy, Horror, Sci-Fi",movie,imdb_Comedy_not_tmdb_Comedy
832543,tt1506988,VideoDome Rent-O-Rama,,,"Action, Adventure, Comedy",short,imdb_Comedy_not_tmdb_Comedy
836998,tt0493027,Moonshine,,,"Comedy, Drama, Horror",movie,imdb_Comedy_not_tmdb_Comedy
837997,tt14788018,Cassex,2021,"Fantasy, Horror","Comedy, Fantasy, Horror",movie,imdb_Comedy_not_tmdb_Comedy
843898,tt14905554,She Came from the Woods,2023,Horror,"Adventure, Comedy, Horror",movie,imdb_Comedy_not_tmdb_Comedy
847339,tt0436320,Flatmates Wanted,,,"Comedy, Horror, Thriller",movie,imdb_Comedy_not_tmdb_Comedy
848839,tt0398829,Cannibal Hillbillies,2003,Horror,"Comedy, Horror",video,imdb_Comedy_not_tmdb_Comedy
849369,tt13309978,Superhost,2021,"Horror, Thriller","Comedy, Horror, Thriller",movie,imdb_Comedy_not_tmdb_Comedy
851308,tt0013459,One Glorious Day,1922,,"Adventure, Comedy, Drama",movie,imdb_Comedy_not_tmdb_Comedy
851839,tt12899826,Love Bites,2021,Horror,"Comedy, Horror, Short",short,imdb_Comedy_not_tmdb_Comedy
860861,tt3388008,Hans Crippleton: Talk to the Hans,,,"Comedy, Horror",movie,imdb_Comedy_not_tmdb_Comedy
865439,tt14873410,Jurassic Shark 2: Aquapocalypse,2021,"Action, Horror","Action, Adventure, Comedy",movie,imdb_Comedy_not_tmdb_Comedy
872642,tt1478835,id 872642,,,"Comedy, Horror",movie,imdb_Comedy_not_tmdb_Comedy
873639,tt0460571,Space Zombies: 13 Months of Brain-Spinning Mayhem!,,,"Comedy, Horror, Sci-Fi",movie,imdb_Comedy_not_tmdb_Comedy
873808,tt13729678,Bigfoot vs Megalodon,,,"Adventure, Comedy, Sci-Fi",movie,imdb_Comedy_not_tmdb_Comedy
876084,tt13309464,Feeders 3: The Final Meal,2022,"Horror, Science Fiction","Comedy, Horror, Sci-Fi",video,imdb_Comedy_not_tmdb_Comedy
879329,tt11880264,Lantern's Lane,2021,Horror,"Comedy, Horror, Thriller",movie,imdb_Comedy_not_tmdb_Comedy
879957,tt14858054,Wyrmwood: Apocalypse,2022,"Action, Horror","Action, Comedy, Horror",movie,imdb_Comedy_not_tmdb_Comedy
882431,tt1666612,Deadly Beloved,2009,Horror,"Comedy, Horror, Thriller",movie,imdb_Comedy_not_tmdb_Comedy
884356,tt11085978,Death Toilet Number 2,2019,Horror,"Comedy, Horror",video,imdb_Comedy_not_tmdb_Comedy
886427,tt13044858,My Cherry Pie,2021,Horror,"Comedy, Horror",movie,imdb_Comedy_not_tmdb_Comedy
898770,tt6913472,The Wrath Within,2022,Horror,"Action, Adventure, Comedy",movie,imdb_Comedy_not_tmdb_Comedy
899324,tt16043152,Tape Head,,,"Comedy, Horror",movie,imdb_Comedy_not_tmdb_Comedy
901060,tt15330144,Seven Cemeteries,2024,"Horror, Action, Fantasy, Thriller","Comedy, Fantasy, Horror",movie,imdb_Comedy_not_tmdb_Comedy
904116,tt15094806,Amityville Karen,2022,Horror,"Comedy, Horror, Mystery",movie,imdb_Comedy_not_tmdb_Comedy
910355,tt15564408,Ghoul House,,,Comedy,movie,imdb_Comedy_not_tmdb_Comedy
912865,tt15295190,Monsters in the Closet,2022,"Horror, Thriller","Comedy, Thriller",movie,imdb_Comedy_not_tmdb_Comedy
924618,tt13427442,Tardy Terror,2021,Horror,"Comedy, Horror",movie,imdb_Comedy_not_tmdb_Comedy
926813,tt15536618,Amityville Bigfoot,2024,Horror,"Comedy, Horror, Thriller",movie,imdb_Comedy_not_tmdb_Comedy
926818,tt14797408,Amityville Shark House,2023,Horror,"Comedy, Horror, Thriller",movie,imdb_Comedy_not_tmdb_Comedy
926831,tt15847776,Amityville Thanksgiving,2022,Horror,"Comedy, Drama, Horror",movie,imdb_Comedy_not_tmdb_Comedy
931346,tt17677178,Who Invited Them,2022,"Horror, Thriller","Comedy, Horror",movie,imdb_Comedy_not_tmdb_Comedy
931510,tt14715444,Bae Wolf,,,"Comedy, Fantasy, Horror",movie,imdb_Comedy_not_tmdb_Comedy
933726,tt14972090,Weredeer,,,"Comedy, Horror",movie,imdb_Comedy_not_tmdb_Comedy
938600,tt14544678,Attachment,2022,"Horror, Romance","Comedy, Drama, Horror",movie,imdb_Comedy_not_tmdb_Comedy
941062,tt2212084,The Doomsloop,,,"Comedy, Horror, Thriller",movie,imdb_Comedy_not_tmdb_Comedy
942161,tt15791176,Baby Doll,2021,Horror,"Comedy, Horror",movie,imdb_Comedy_not_tmdb_Comedy
942890,tt18224610,House of Darkness,2022,"Horror, Thriller","Comedy, Horror, Mystery",movie,imdb_Comedy_not_tmdb_Comedy
957598,tt12617956,Toilet Zombie Baby Strikes Back,,,"Comedy, Crime, Horror",movie,imdb_Comedy_not_tmdb_Comedy
968867,tt11166382,The Third Saturday in October Part V,2022,Horror,"Comedy, Horror",movie,imdb_Comedy_not_tmdb_Comedy
972617,tt2619682,La Bamba 2: Hell Is a Drag,,,"Comedy, Horror, Sci-Fi",movie,imdb_Comedy_not_tmdb_Comedy
974926,tt13101714,All Eyes,2022,"Horror, Thriller","Comedy, Horror, Thriller",movie,imdb_Comedy_not_tmdb_Comedy
978938,tt19445266,Razzennest,,,"Comedy, Horror",movie,imdb_Comedy_not_tmdb_Comedy
980128,tt16899216,The Killing Tree,2022,Horror,"Comedy, Horror",movie,imdb_Comedy_not_tmdb_Comedy
982966,tt8407508,Lefty Lucy,2018,"Drama, Horror","Comedy, Drama, Horror",movie,imdb_Comedy_not_tmdb_Comedy
983527,tt14348594,Werewolf Cabal,,,"Comedy, Horror",movie,imdb_Comedy_not_tmdb_Comedy
986070,tt20916568,The Wrath of Becky,2023,"Action, Horror, Thriller","Action, Comedy, Thriller",movie,imdb_Comedy_not_tmdb_Comedy
987772,tt37157709,Cannibal Roommate,,,"Comedy, Horror, Thriller",movie,imdb_Comedy_not_tmdb_Comedy
991170,tt11067932,id 991170,,,"Comedy, Horror",movie,imdb_Comedy_not_tmdb_Comedy
992709,tt5929764,What's Love,,,"Comedy, Drama, Fantasy",movie,imdb_Comedy_not_tmdb_Comedy
996658,tt12264824,All Jacked Up and Full of Worms,2022,Horror,"Comedy, Horror",movie,imdb_Comedy_not_tmdb_Comedy
1001547,tt27489459,Bad Ben: Undead,,,"Comedy, Horror, Sci-Fi",movie,imdb_Comedy_not_tmdb_Comedy
1002135,tt15399018,Faded Memories,,,"Comedy, Horror",movie,imdb_Comedy_not_tmdb_Comedy
1005860,tt28133272,Seeds,2024,"Thriller, Horror, Mystery","Comedy, Crime, Horror",movie,imdb_Comedy_not_tmdb_Comedy
1008169,tt8830290,Attack of the Killer Chickens: The Movie,,,"Comedy, Horror, Sci-Fi",movie,imdb_Comedy_not_tmdb_Comedy
1012298,tt0053384,Startime: Turn of the Screw,1959,"Horror, Thriller, TV Movie","Comedy, Drama, Musical",tvEpisode,imdb_Comedy_not_tmdb_Comedy
1012560,tt2091866,Bloody Wedding,2011,Horror,"Comedy, Horror",movie,imdb_Comedy_not_tmdb_Comedy
1014501,tt9557068,Grotesque,,,"Comedy, Horror",movie,imdb_Comedy_not_tmdb_Comedy
1015872,tt16077616,From Dusk Till Bong,2022,Horror,"Comedy, Horror",movie,imdb_Comedy_not_tmdb_Comedy
1016268,tt16305734,Catnado,2024,"Horror, Thriller","Comedy, Horror, Thriller",movie,imdb_Comedy_not_tmdb_Comedy
1017635,tt22023940,Natasha Nighty's Boudoir of Blood 2,,,"Comedy, Drama, Horror",video,imdb_Comedy_not_tmdb_Comedy
1018416,tt10724432,Slaughter Beach,,,"Comedy, Horror",movie,imdb_Comedy_not_tmdb_Comedy
1018799,tt0135420,Fight That Ghost,1946,,"Comedy, Horror, Music",movie,imdb_Comedy_not_tmdb_Comedy
1018804,tt0202554,Return of Mandy's Husband,1947,,Comedy,movie,imdb_Comedy_not_tmdb_Comedy
1019105,tt21950250,id 1019105,,,"Animation, Comedy, Horror",tvSpecial,imdb_Comedy_not_tmdb_Comedy
1019836,tt22042742,Christmas Bloody Christmas,2022,Horror,"Comedy, Horror",movie,imdb_Comedy_not_tmdb_Comedy
1020182,tt18938222,The Christmas Tapes,,,"Comedy, Horror",movie,imdb_Comedy_not_tmdb_Comedy
1021335,tt15599638,id 1021335,,,"Comedy, Horror",movie,imdb_Comedy_not_tmdb_Comedy
1029038,tt2017492,Deadtime Stories: Grave Secrets,,,"Comedy, Drama, Family",movie,imdb_Comedy_not_tmdb_Comedy
1030149,tt14508766,Holy Shit.... Zombies!,,,"Comedy, Horror",movie,imdb_Comedy_not_tmdb_Comedy
1031206,tt22179486,Cursed Friends,,,"Comedy, Fantasy, Horror",tvMovie,imdb_Comedy_not_tmdb_Comedy
1031702,tt14998356,KillHer,,,"Comedy, Horror, Thriller",movie,imdb_Comedy_not_tmdb_Comedy
1032385,tt15513210,Poppy Loftus,2022,Horror,"Comedy, Drama, Horror",movie,imdb_Comedy_not_tmdb_Comedy
1033052,tt20853816,The Mean One,2022,Horror,"Comedy, Horror",movie,imdb_Comedy_not_tmdb_Comedy
1033636,tt13449566,WJHC AM,,,"Comedy, Horror, Thriller",movie,imdb_Comedy_not_tmdb_Comedy
1034673,tt15534562,Bathtub Shark Attack,,,"Action, Comedy, Horror",movie,imdb_Comedy_not_tmdb_Comedy
1035420,tt1333039,id 1035420,,,"Action, Animation, Comedy",movie,imdb_Comedy_not_tmdb_Comedy
1035450,tt9331776,Giantess Attack vs. Mecha Fembot,,,Comedy,movie,imdb_Comedy_not_tmdb_Comedy
1035499,tt3503004,Polk Road: The Homecoming,,,"Comedy, Mystery, Thriller",movie,imdb_Comedy_not_tmdb_Comedy
1035583,tt15658626,Here for Blood,,,"Comedy, Horror",movie,imdb_Comedy_not_tmdb_Comedy
1035641,tt13875040,Sleep. Walk. Kill.,,,"Comedy, Horror",movie,imdb_Comedy_not_tmdb_Comedy
1036239,tt23337984,Baby Oopsie 3: Burn Baby Burn,2024,"Horror, Thriller","Comedy, Horror",movie,imdb_Comedy_not_tmdb_Comedy
1037841,tt19414026,Retro Freaks,,,"Comedy, Horror",movie,imdb_Comedy_not_tmdb_Comedy
1037903,tt21855432,Our Trip to Berribrook,,,"Comedy, Horror",movie,imdb_Comedy_not_tmdb_Comedy
1039233,tt2258751,The Complex,,,"Comedy, Horror, Sci-Fi",movie,imdb_Comedy_not_tmdb_Comedy
1039871,tt12829654,id 1039871,,,"Comedy, Horror",movie,imdb_Comedy_not_tmdb_Comedy
1041905,tt14549752,id 1041905,,,"Comedy, Short",short,imdb_Comedy_not_tmdb_Comedy
1043984,tt28651516,Cocaine Crabs From Outer Space,,,"Comedy, Horror",movie,imdb_Comedy_not_tmdb_Comedy
1047662,tt4817046,Baobhan Sith,,,"Comedy, Fantasy, Horror",movie,imdb_Comedy_not_tmdb_Comedy
1048097,tt9073068,After School Lunch Special,,,"Comedy, Horror",movie,imdb_Comedy_not_tmdb_Comedy
1048099,tt21603458,Babezilla vs The Zombie Whorde,,,Comedy,movie,imdb_Comedy_not_tmdb_Comedy
1049591,tt23730148,Hellfire Hades Attacks The 1980's,,,"Comedy, Horror, Short",short,imdb_Comedy_not_tmdb_Comedy
1050752,tt23725406,id 1050752,,,"Comedy, Horror, Musical",movie,imdb_Comedy_not_tmdb_Comedy
1051518,tt16194990,#ChadGetsTheAxe,,,"Comedy, Horror",movie,imdb_Comedy_not_tmdb_Comedy
1051735,tt22028678,Doll Shark,,,"Comedy, Horror",movie,imdb_Comedy_not_tmdb_Comedy
1054273,tt23648926,id 1054273,,,Comedy,tvMovie,imdb_Comedy_not_tmdb_Comedy
1055510,tt14629808,The Cottage,,,"Comedy, Horror",movie,imdb_Comedy_not_tmdb_Comedy
1056838,tt22179252,"Mark of the Devil 777: The Moralist, Part 2",,,"Comedy, Horror",movie,imdb_Comedy_not_tmdb_Comedy
1058717,tt15479558,Terrifying T-Rex,,,"Comedy, Fantasy, Horror",movie,imdb_Comedy_not_tmdb_Comedy
1060351,tt22475156,The Bhen-Jah-Man,,,"Action, Comedy, Drama",movie,imdb_Comedy_not_tmdb_Comedy
1060421,tt24248198,id 1060421,,,"Comedy, Horror",movie,imdb_Comedy_not_tmdb_Comedy
1062084,tt21727728,id 1062084,,,Comedy,movie,imdb_Comedy_not_tmdb_Comedy
1068952,tt24018636,Haunted Hotties,,,"Comedy, Drama, Horror",video,imdb_Comedy_not_tmdb_Comedy
1071084,tt32166954,Dendam Hantu Latah,,,"Comedy, Horror",tvMovie,imdb_Comedy_not_tmdb_Comedy
1079640,tt13364008,Sophie and the Serial Killers,,,"Comedy, Horror, Musical",movie,imdb_Comedy_not_tmdb_Comedy
1081575,tt26421126,Amityville Turkey Day,2024,Horror,"Comedy, Horror, Mystery",movie,imdb_Comedy_not_tmdb_Comedy
1084741,tt15309882,Tales of the Inexplicable,,,"Comedy, Horror",movie,imdb_Comedy_not_tmdb_Comedy
1087388,tt20112746,Sting,2024,"Horror, Thriller","Comedy, Horror, Sci-Fi",movie,imdb_Comedy_not_tmdb_Comedy
1091546,tt12813706,It Came Upon a Midnight Clear,,,"Comedy, Horror",movie,imdb_Comedy_not_tmdb_Comedy
1094293,tt20918100,"Silent Night, Bloody Night 3: Descent",2024,Horror,"Comedy, Horror, Mystery",movie,imdb_Comedy_not_tmdb_Comedy
1094355,tt16537858,Bloody Nun 3: Last Rites,2023,Horror,"Comedy, Crime, Horror",movie,imdb_Comedy_not_tmdb_Comedy
1094787,tt21813072,id 1094787,,,"Comedy, Drama, Fantasy",movie,imdb_Comedy_not_tmdb_Comedy
1097971,tt27077697,Hell Toupee,,,"Animation, Comedy, Sci-Fi",movie,imdb_Comedy_not_tmdb_Comedy
1098335,tt27036477,Jurassic Shark 3: Seavenge,2024,Horror,"Action, Adventure, Comedy",movie,imdb_Comedy_not_tmdb_Comedy
1098988,tt21861486,Scrotum: The Second One,,,"Comedy, Horror, Sci-Fi",movie,imdb_Comedy_not_tmdb_Comedy
1100046,tt21358376,Oops! You're A Vampire,,,"Comedy, Horror",movie,imdb_Comedy_not_tmdb_Comedy
1103117,tt12986726,id 1103117,,,"Comedy, Horror",movie,imdb_Comedy_not_tmdb_Comedy
1105060,tt19370248,The Killer Balloon,,,"Comedy, Horror",movie,imdb_Comedy_not_tmdb_Comedy
1109927,tt11951960,After School Lunch Special 2: Sloppy Seconds,,,"Comedy, Horror",movie,imdb_Comedy_not_tmdb_Comedy
1112171,tt27115110,Cocaine Cougar,2023,Horror,"Comedy, Horror, Thriller",video,imdb_Comedy_not_tmdb_Comedy
1112204,tt12986770,Saturnalia,,,"Comedy, Drama, Thriller",movie,imdb_Comedy_not_tmdb_Comedy
1115694,tt20770022,Goatman,2023,Horror,"Comedy, Horror",movie,imdb_Comedy_not_tmdb_Comedy
1120025,tt19637512,Arbor Day,,,"Comedy, Horror",movie,imdb_Comedy_not_tmdb_Comedy
1120863,tt17542684,The Haunted Studio,2024,Horror,"Comedy, Horror",movie,imdb_Comedy_not_tmdb_Comedy
1124023,tt21215806,Mega Ape,2023,"Science Fiction, Horror, Action","Action, Comedy, Horror",movie,imdb_Comedy_not_tmdb_Comedy
1126010,tt42466961,Plot Front,,,"Comedy, Horror",movie,imdb_Comedy_not_tmdb_Comedy
1126577,tt27047448,Til Death Do Us Part,2023,"Horror, Thriller, Action","Action, Comedy, Horror",movie,imdb_Comedy_not_tmdb_Comedy
1127279,tt14720664,Genevieve,,,"Comedy, Horror, Thriller",movie,imdb_Comedy_not_tmdb_Comedy
1129183,tt4007328,Zombie Bounty Hunter M.D.,,,"Action, Comedy, Horror",movie,imdb_Comedy_not_tmdb_Comedy
1129250,tt0437149,Dead Flesh,,,"Comedy, Horror",movie,imdb_Comedy_not_tmdb_Comedy
1131142,tt12730580,6 Wheels From Hell!,,,"Comedy, Horror",movie,imdb_Comedy_not_tmdb_Comedy
1132766,tt27485616,The Last Amityville Movie,2023,Horror,"Comedy, Horror",movie,imdb_Comedy_not_tmdb_Comedy
1134546,tt22098310,Scream,,,"Comedy, Horror, Music",movie,imdb_Comedy_not_tmdb_Comedy
1137538,tt27166743,Amityville Ripper,2023,Horror,"Comedy, Horror",movie,imdb_Comedy_not_tmdb_Comedy
1138198,tt28187351,Caddy Hack,2023,Horror,"Comedy, Horror",movie,imdb_Comedy_not_tmdb_Comedy
1142400,tt1796596,Resident Horror,,,"Comedy, Horror",video,imdb_Comedy_not_tmdb_Comedy
1143790,tt19387356,Space Sharks,2024,"Science Fiction, Horror","Comedy, Horror, Sci-Fi",movie,imdb_Comedy_not_tmdb_Comedy
1145542,tt8531398,Next Door,,,"Comedy, Drama, Horror",movie,imdb_Comedy_not_tmdb_Comedy
1151505,tt0352213,Bodyjackers,,,"Comedy, Horror, Sci-Fi",video,imdb_Comedy_not_tmdb_Comedy
1152330,tt15078286,I Know What You Need,2023,Horror,"Comedy, Drama, Horror",movie,imdb_Comedy_not_tmdb_Comedy
1156182,tt13385630,The House of Nod Halloween Special,,,"Comedy, Horror",tvMovie,imdb_Comedy_not_tmdb_Comedy
1157482,tt1302561,The Ghouligans! Super Show!,,,"Comedy, Drama, Fantasy",tvMovie,imdb_Comedy_not_tmdb_Comedy
1158326,tt21808698,Poor Herman,,,"Comedy, Horror",movie,imdb_Comedy_not_tmdb_Comedy
1161145,tt0398625,12 Inches of Dangling Fury,,,"Comedy, Short",video,imdb_Comedy_not_tmdb_Comedy
1165437,tt43349200,The Cult of AGFA Trailer Show,2023,Horror,"Action, Comedy, Drama",movie,imdb_Comedy_not_tmdb_Comedy
1165456,tt0954591,id 1165456,,,"Comedy, Family, Fantasy",tvEpisode,imdb_Comedy_not_tmdb_Comedy
1171230,tt1921018,id 1171230,,,"Comedy, Horror, Thriller",movie,imdb_Comedy_not_tmdb_Comedy
1173185,tt13202618,The Fetus,2025,"Horror, Thriller","Comedy, Horror",movie,imdb_Comedy_not_tmdb_Comedy
1174240,tt11096628,Vampire Zombies...from Space!,,,"Comedy, Horror, Sci-Fi",movie,imdb_Comedy_not_tmdb_Comedy
1180572,tt1273816,id 1180572,,,"Comedy, Horror, Musical",video,imdb_Comedy_not_tmdb_Comedy
1182601,tt26900234,id 1182601,,,"Comedy, Horror",movie,imdb_Comedy_not_tmdb_Comedy
1193314,tt11883888,Zombie Plane,,,"Action, Comedy",movie,imdb_Comedy_not_tmdb_Comedy
1195638,tt28710370,Infernal,2025,Horror,"Comedy, Horror",movie,imdb_Comedy_not_tmdb_Comedy
1199496,tt0954593,id 1199496,,,"Comedy, Family, Fantasy",tvEpisode,imdb_Comedy_not_tmdb_Comedy
1202267,tt0490948,Ghoulish Chronicles From Bonejack High,,,"Comedy, Horror",video,imdb_Comedy_not_tmdb_Comedy
1206989,tt29720289,Teddiscare,2024,Horror,"Comedy, Horror, Mystery",movie,imdb_Comedy_not_tmdb_Comedy
1209324,tt23053056,id 1209324,,,Comedy,movie,imdb_Comedy_not_tmdb_Comedy
1210358,tt0174914,Melody in the Dark,1949,,"Comedy, Horror, Musical",movie,imdb_Comedy_not_tmdb_Comedy
1211825,tt27179628,Solvent,2024,"Horror, Drama, Mystery","Comedy, Drama, Horror",movie,imdb_Comedy_not_tmdb_Comedy
1213415,tt2216320,Guts on the Ceiling,,,"Comedy, Horror",movie,imdb_Comedy_not_tmdb_Comedy
1213559,tt25050826,id 1213559,,,"Comedy, Horror, Mystery",movie,imdb_Comedy_not_tmdb_Comedy
1214117,tt2109216,The Campsite Killers,,,"Comedy, Horror",movie,imdb_Comedy_not_tmdb_Comedy
1216595,tt0880501,Wolfster Part 1: The Curse of the Emo-Vamp,,,"Comedy, Horror",video,imdb_Comedy_not_tmdb_Comedy
1217931,tt29762861,Vampires of the Velvet Lounge,,,"Action, Comedy, Horror",movie,imdb_Comedy_not_tmdb_Comedy
1218707,tt6993240,KillRoy Was Here,,,"Comedy, Horror",movie,imdb_Comedy_not_tmdb_Comedy
1218787,tt1378306,Our Lady of Chaos,,,"Comedy, Mystery, Short",short,imdb_Comedy_not_tmdb_Comedy
1225377,tt30743549,The Mouse Trap,2024,"Horror, Thriller","Comedy, Fantasy, Horror",movie,imdb_Comedy_not_tmdb_Comedy
1226230,tt30671809,Bunker Heights,,,"Comedy, Crime, Horror",movie,imdb_Comedy_not_tmdb_Comedy
1230046,tt30828956,The Bigfoot Prophecy,2024,"Adventure, Fantasy, Horror","Adventure, Comedy, Fantasy",movie,imdb_Comedy_not_tmdb_Comedy
1232955,tt2172079,"Supernaturalz: Weird, Creepy & Random",,,"Comedy, Horror",movie,imdb_Comedy_not_tmdb_Comedy
1234882,tt5143202,Drag Hell: Zombies Meat Lovers,,,"Animation, Comedy, Horror",movie,imdb_Comedy_not_tmdb_Comedy
1235396,tt27619384,Amityville Job Interview,2023,Horror,"Comedy, Horror, Musical",movie,imdb_Comedy_not_tmdb_Comedy
1243805,tt4621290,The Devil Ant,,,"Comedy, Horror",video,imdb_Comedy_not_tmdb_Comedy
1243953,tt9735022,id 1243953,,,"Comedy, Horror, Sci-Fi",video,imdb_Comedy_not_tmdb_Comedy
1244381,tt29468116,No Budget Theater,2023,"Action, Horror, Science Fiction","Action, Comedy, Horror",movie,imdb_Comedy_not_tmdb_Comedy
1245526,tt29492968,id 1245526,,,"Comedy, Horror",movie,imdb_Comedy_not_tmdb_Comedy
1247729,tt26776720,Amityvillenado,,,"Comedy, Horror",movie,imdb_Comedy_not_tmdb_Comedy
1253284,tt1604064,Zombie Beach,,,"Action, Comedy, Horror",movie,imdb_Comedy_not_tmdb_Comedy
1257984,tt1125300,id 1257984,,,"Action, Comedy, Fantasy",movie,imdb_Comedy_not_tmdb_Comedy
1258195,tt31448377,Cocaine Werewolf,2024,Horror,"Comedy, Horror",movie,imdb_Comedy_not_tmdb_Comedy
1259256,tt17052310,id 1259256,,,"Comedy, Drama, Horror",movie,imdb_Comedy_not_tmdb_Comedy
1259684,tt31462729,Overdose,,,"Comedy, Drama",tvMovie,imdb_Comedy_not_tmdb_Comedy
1260732,tt1504449,My Wife Is a Vampire,,,"Action, Comedy, Crime",movie,imdb_Comedy_not_tmdb_Comedy
1261574,tt21871988,The Bogman,2023,Horror,"Comedy, Horror",movie,imdb_Comedy_not_tmdb_Comedy
1263723,tt0388397,Scratch,,,"Comedy, Horror, Thriller",movie,imdb_Comedy_not_tmdb_Comedy
1264152,tt26921188,Deceased,2024,"Horror, Drama","Action, Comedy, Drama",tvSeries,imdb_Comedy_not_tmdb_Comedy
1266127,tt33978029,Ready or Not: Here I Come,,,"Comedy, Horror, Thriller",movie,imdb_Comedy_not_tmdb_Comedy
1266167,tt14853798,Monster from British Hell,,,Comedy,movie,imdb_Comedy_not_tmdb_Comedy
1267407,tt3570272,Feast for the Beast,,,"Comedy, Horror",movie,imdb_Comedy_not_tmdb_Comedy
1268263,tt31260936,Romantic Rendezvous,2024,"Horror, Romance",Comedy,movie,imdb_Comedy_not_tmdb_Comedy
1271685,tt4585820,Revenge of the Animals,,,Comedy,movie,imdb_Comedy_not_tmdb_Comedy
1277131,tt22463382,Lukewarm,,,"Comedy, Horror, Musical",movie,imdb_Comedy_not_tmdb_Comedy
1278047,tt26597830,Big Cats,2024,Horror,"Comedy, Drama, Horror",movie,imdb_Comedy_not_tmdb_Comedy
1279504,tt3764658,Gypsy Vampire: The Final Bloodlust,,,"Comedy, Horror, Short",short,imdb_Comedy_not_tmdb_Comedy
1279755,tt0138384,Creep,,,"Comedy, Horror",movie,imdb_Comedy_not_tmdb_Comedy
1281755,tt27436793,Final Days: Tales from the End Times,2024,Horror,"Comedy, Horror",movie,imdb_Comedy_not_tmdb_Comedy
1287449,tt27747850,The Bottomfeeder,2023,Horror,"Comedy, Horror",movie,imdb_Comedy_not_tmdb_Comedy
1290294,tt2441600,Zombie Etiquette X,,,"Comedy, Horror, Music",tvSpecial,imdb_Comedy_not_tmdb_Comedy
1290409,tt31777553,Killer Body Count,2024,"Horror, Thriller","Comedy, Horror, Mystery",movie,imdb_Comedy_not_tmdb_Comedy
1290740,tt27385956,Night Harvest,2024,"Horror, Thriller","Comedy, Horror",movie,imdb_Comedy_not_tmdb_Comedy
1292695,tt31728330,They Will Kill You,,,"Action, Comedy, Horror",movie,imdb_Comedy_not_tmdb_Comedy
1297446,tt32490110,Slanted,,,"Comedy, Drama, Horror",movie,imdb_Comedy_not_tmdb_Comedy
1299357,tt6293780,Scared to Death,,,"Comedy, Horror",movie,imdb_Comedy_not_tmdb_Comedy
1299562,tt32187429,CHOKE,2024,"Thriller, Horror","Comedy, Horror, Thriller",movie,imdb_Comedy_not_tmdb_Comedy
1300489,tt20881632,Hard Coin,2024,Horror,"Action, Comedy",movie,imdb_Comedy_not_tmdb_Comedy
1301270,tt29824649,Skate to Hell,,,"Adventure, Comedy, Fantasy",movie,imdb_Comedy_not_tmdb_Comedy
1305540,tt30061012,Unspeakable: Beyond The Wall of Sleep,2024,"Horror, Science Fiction","Adventure, Comedy, Fantasy",movie,imdb_Comedy_not_tmdb_Comedy
1305700,tt9163226,id 1305700,,,"Comedy, Horror, Thriller",movie,imdb_Comedy_not_tmdb_Comedy
1310256,tt10597884,A Chiller Theater Reunion,,,"Comedy, Fantasy, Horror",tvSpecial,imdb_Comedy_not_tmdb_Comedy
1312565,tt0240115,Toe Tags,,,"Comedy, Crime, Horror",tvMovie,imdb_Comedy_not_tmdb_Comedy
1314829,tt32881442,Monkey’s Magic Merry Go Round,,,"Comedy, Drama, Horror",movie,imdb_Comedy_not_tmdb_Comedy
1320661,tt26906742,Darkness Hunting,2023,Horror,"Comedy, Horror",movie,imdb_Comedy_not_tmdb_Comedy
1324129,tt7809366,The Damnedwich,,,"Comedy, Horror, Short",short,imdb_Comedy_not_tmdb_Comedy
1329467,tt33096650,Grind,,,"Comedy, Horror, Sci-Fi",movie,imdb_Comedy_not_tmdb_Comedy
1337729,tt0757905,The Mental Dead,,,"Action, Comedy, Horror",video,imdb_Comedy_not_tmdb_Comedy
1338640,tt33085469,Welcome Back to My Channel,2025,Horror,"Comedy, Drama, Horror",movie,imdb_Comedy_not_tmdb_Comedy
1339173,tt33270103,Honey Bunch,,,"Comedy, Drama, Fantasy",movie,imdb_Comedy_not_tmdb_Comedy
1339333,tt27761411,Happy Ending,2025,"Horror, Thriller","Comedy, Horror",movie,imdb_Comedy_not_tmdb_Comedy
1340076,tt33204691,Untitled Home Invasion Romance,,,"Comedy, Romance, Thriller",movie,imdb_Comedy_not_tmdb_Comedy
1340298,tt20244988,id 1340298,,,Comedy,tvSeries,imdb_Comedy_not_tmdb_Comedy
1341751,tt0234951,Unleashed,,,"Comedy, Horror",movie,imdb_Comedy_not_tmdb_Comedy
1351825,tt0194036,Immediate Possession,1931,,"Comedy, Short",short,imdb_Comedy_not_tmdb_Comedy
1356281,tt26685650,Subhuman: The Amityville Experiment,2024,Horror,"Comedy, Horror",movie,imdb_Comedy_not_tmdb_Comedy
1365983,tt1773069,id 1365983,,,Comedy,video,imdb_Comedy_not_tmdb_Comedy
1366912,tt14914580,Ramekins: Ramekin II,,,"Comedy, Horror",movie,imdb_Comedy_not_tmdb_Comedy
1367338,tt1391548,id 1367338,,,"Animation, Comedy",movie,imdb_Comedy_not_tmdb_Comedy
1368107,tt15332990,Demon Hunter: Time 2 Kill,,,"Action, Comedy, Horror",movie,imdb_Comedy_not_tmdb_Comedy
1374493,tt4621148,id 1374493,,,"Comedy, Horror",video,imdb_Comedy_not_tmdb_Comedy
1375770,tt4413248,Dawn and the Dead,,,"Action, Comedy, Horror",movie,imdb_Comedy_not_tmdb_Comedy
1378553,tt32632888,A Very Flattened Christmas,2024,Horror,"Comedy, Horror",movie,imdb_Comedy_not_tmdb_Comedy
1379077,tt2966670,id 1379077,,,Comedy,movie,imdb_Comedy_not_tmdb_Comedy
1379486,tt34374553,Victorian Psycho,,,"Comedy, Horror, Thriller",movie,imdb_Comedy_not_tmdb_Comedy
1382802,tt34440913,Family Movie,,,"Comedy, Horror, Thriller",movie,imdb_Comedy_not_tmdb_Comedy
1384040,tt34890565,Haunted Heist,,,"Comedy, Horror, Mystery",movie,imdb_Comedy_not_tmdb_Comedy
1385169,tt34171000,Rumpelstiltskin,2025,"Horror, Fantasy","Comedy, Fantasy, Horror",movie,imdb_Comedy_not_tmdb_Comedy
1385925,tt28564190,id 1385925,,,"Comedy, Horror, Sci-Fi",movie,imdb_Comedy_not_tmdb_Comedy
1388873,tt3527388,Dark Cherry Twist,,,"Comedy, Horror",movie,imdb_Comedy_not_tmdb_Comedy
1392690,tt4528156,Fun Time,,,"Comedy, Horror",movie,imdb_Comedy_not_tmdb_Comedy
1395551,tt31390296,id 1395551,,,"Comedy, Horror",movie,imdb_Comedy_not_tmdb_Comedy
1400761,tt34967012,Didn't Die,,,"Action, Adventure, Comedy",movie,imdb_Comedy_not_tmdb_Comedy
1400763,tt34967068,Touch Me,,,"Comedy, Horror, Sci-Fi",movie,imdb_Comedy_not_tmdb_Comedy
1402249,tt35007241,The End of The Punchline,,,"Comedy, Drama, Horror",movie,imdb_Comedy_not_tmdb_Comedy
1404639,tt27385656,Sea of Madness,2024,Horror,"Comedy, Horror",movie,imdb_Comedy_not_tmdb_Comedy
1407315,tt35332651,A Very Special Terrifier Christmas,2024,Horror,"Comedy, Horror",movie,imdb_Comedy_not_tmdb_Comedy
1413560,tt0821008,Serial,,,"Comedy, Horror, Thriller",movie,imdb_Comedy_not_tmdb_Comedy
1422120,tt34435532,Mermaid,,,"Action, Comedy, Horror",movie,imdb_Comedy_not_tmdb_Comedy
1422985,tt28760970,Cocaine Roach,2025,Horror,"Comedy, Horror",movie,imdb_Comedy_not_tmdb_Comedy
1423034,tt43451174,Video Maniacs,2025,Horror,"Comedy, Horror",movie,imdb_Comedy_not_tmdb_Comedy
1423192,tt2262221,The Cinema Snob Movie,,,"Comedy, Crime, Horror",video,imdb_Comedy_not_tmdb_Comedy
1428968,tt12403702,Death Toilet 3: Doody Calls,,,"Comedy, Horror",movie,imdb_Comedy_not_tmdb_Comedy
1439556,tt3548544,id 1439556,,,"Comedy, Drama, Horror",movie,imdb_Comedy_not_tmdb_Comedy
1444573,tt4861698,id 1444573,,,"Comedy, Horror",movie,imdb_Comedy_not_tmdb_Comedy
1447559,tt33876476,id 1447559,,,"Comedy, Horror",movie,imdb_Comedy_not_tmdb_Comedy
1450527,tt30691214,Forbidden Fruits,,,"Comedy, Horror",movie,imdb_Comedy_not_tmdb_Comedy
1451238,tt35893068,Drag,,,"Comedy, Horror, Thriller",movie,imdb_Comedy_not_tmdb_Comedy
1461211,tt32165741,Mimics,,,"Comedy, Horror, Romance",movie,imdb_Comedy_not_tmdb_Comedy
1476493,tt0330464,It's a Haunted Happenin',,,"Comedy, Horror, Musical",video,imdb_Comedy_not_tmdb_Comedy
1479836,tt33297599,id 1479836,,,"Comedy, Horror",movie,imdb_Comedy_not_tmdb_Comedy
1488560,tt35663454,id 1488560,,,Comedy,movie,imdb_Comedy_not_tmdb_Comedy
1495041,tt37671737,Buffet Infinity,,,"Comedy, Horror",movie,imdb_Comedy_not_tmdb_Comedy
1500978,tt12392790,Sock,2025,Horror,"Comedy, Horror",movie,imdb_Comedy_not_tmdb_Comedy
1506323,tt36364104,Minnie’s Midnight Massacre,,,"Comedy, Horror",movie,imdb_Comedy_not_tmdb_Comedy
1520123,tt10133004,Where Is Juan Moctezuma?,2025,"Documentary, Horror","Comedy, Horror, Mystery",movie,imdb_Comedy_not_tmdb_Comedy
1526409,tt36291386,Safe Inside 2,2025,Horror,"Comedy, Horror, Thriller",movie,imdb_Comedy_not_tmdb_Comedy
1532476,tt35265169,Bagworm,2025,Horror,"Comedy, Drama, Horror",movie,imdb_Comedy_not_tmdb_Comedy
1533793,tt39847635,Sinner Supper Club,,,"Comedy, Horror",movie,imdb_Comedy_not_tmdb_Comedy
1534664,tt10015432,Forest of the Dead Sharks,,,"Action, Adventure, Comedy",movie,imdb_Comedy_not_tmdb_Comedy
1537617,tt38359641,"Frankie, Maniac Woman",,,"Comedy, Horror",movie,imdb_Comedy_not_tmdb_Comedy
1538581,tt27011892,Demonetize,,,"Comedy, Horror",movie,imdb_Comedy_not_tmdb_Comedy
1542164,tt2193368,Behind the Horror,,,"Comedy, Horror",movie,imdb_Comedy_not_tmdb_Comedy
1545484,tt30247172,id 1545484,,,"Comedy, Horror",movie,imdb_Comedy_not_tmdb_Comedy
1547525,tt3547530,Poern,,,"Comedy, Drama, Horror",movie,imdb_Comedy_not_tmdb_Comedy
1551003,tt38218065,R.L. Stine's Pumpkinhead,2025,"Horror, Fantasy","Comedy, Fantasy, Horror",movie,imdb_Comedy_not_tmdb_Comedy
1553816,tt6096418,Black Mamba,,,"Action, Comedy, Fantasy",movie,imdb_Comedy_not_tmdb_Comedy
1558000,tt32546911,id 1558000,,,"Comedy, Horror",movie,imdb_Comedy_not_tmdb_Comedy
1565413,tt32358871,Armageddon Road,,,"Adventure, Comedy, Fantasy",movie,imdb_Comedy_not_tmdb_Comedy
1566488,tt35947258,Krackers: The Sadist of Pennsville,2025,Horror,"Comedy, Horror, Thriller",movie,imdb_Comedy_not_tmdb_Comedy
1566567,tt43438386,CarousHELL 4,,,"Comedy, Horror",movie,imdb_Comedy_not_tmdb_Comedy
1569923,tt6901444,Murder on Marburg,,,"Comedy, Horror, Mystery",movie,imdb_Comedy_not_tmdb_Comedy
1579168,tt40521447,Our Effed Up World,,,"Comedy, Horror, Sci-Fi",movie,imdb_Comedy_not_tmdb_Comedy
1589348,tt35643634,Corpse,,,Comedy,movie,imdb_Comedy_not_tmdb_Comedy
1591289,tt30395629,FEVER DREAM,2023,Horror,"Comedy, Drama",movie,imdb_Comedy_not_tmdb_Comedy
1593354,tt38888135,Man Chicken,,,Comedy,movie,imdb_Comedy_not_tmdb_Comedy
1596301,tt28784376,"Mum, I'm Alien Pregnant",,,"Comedy, Fantasy, Horror",movie,imdb_Comedy_not_tmdb_Comedy
1599021,tt36619358,id 1599021,,,"Comedy, Horror",movie,imdb_Comedy_not_tmdb_Comedy
1600149,tt39528862,Drax,,,"Comedy, Drama, Horror",movie,imdb_Comedy_not_tmdb_Comedy
1602570,tt35076414,id 1602570,,,"Comedy, Drama, Horror",movie,imdb_Comedy_not_tmdb_Comedy
1606790,tt39147816,id 1606790,,,"Comedy, Horror",movie,imdb_Comedy_not_tmdb_Comedy
1609844,tt32232819,The Beast of Riverside Hollow,,,"Comedy, Horror, Sci-Fi",movie,imdb_Comedy_not_tmdb_Comedy
1611727,tt39395157,Welcome to G-Town,,,"Comedy, Horror",movie,imdb_Comedy_not_tmdb_Comedy
1611783,tt35121376,Friday the 69th,,,"Comedy, Horror",movie,imdb_Comedy_not_tmdb_Comedy
1612889,tt26748124,id 1612889,,,"Comedy, Horror, Thriller",movie,imdb_Comedy_not_tmdb_Comedy
1612923,tt31409599,Demon Hunters,,,"Action, Comedy, Drama",movie,imdb_Comedy_not_tmdb_Comedy
1629258,tt38189712,id 1629258,,,"Comedy, Horror",movie,imdb_Comedy_not_tmdb_Comedy
1630771,tt34460884,id 1630771,,,"Comedy, Drama, Thriller",movie,imdb_Comedy_not_tmdb_Comedy
1635530,tt38283758,Princess of the Murder,,,"Comedy, Horror",movie,imdb_Comedy_not_tmdb_Comedy
1638985,tt0014160,Itching Palms,,,"Comedy, Crime",movie,imdb_Comedy_not_tmdb_Comedy
1642568,tt40210362,The Last Temptation of Becky,,,"Action, Comedy, Horror",movie,imdb_Comedy_not_tmdb_Comedy
1646461,tt0103941,Charlie's Ear,,,"Comedy, Musical",movie,imdb_Comedy_not_tmdb_Comedy
1649529,tt27677192,Cursed Hearse,,,"Comedy, Horror",movie,imdb_Comedy_not_tmdb_Comedy
1649693,tt27911686,Chucky Meets Frankenstein,,,"Comedy, Horror",movie,imdb_Comedy_not_tmdb_Comedy
1654336,tt41519952,Shank,,,"Action, Comedy, Horror",movie,imdb_Comedy_not_tmdb_Comedy
1654380,tt35474066,id 1654380,,,"Comedy, Horror, Sci-Fi",movie,imdb_Comedy_not_tmdb_Comedy
1655198,tt0486650,Shadows,,,"Comedy, Horror, Mystery",movie,imdb_Comedy_not_tmdb_Comedy
1655738,tt41517402,Night Terrors: Blood Date on Trade Street,,,"Comedy, Horror",movie,imdb_Comedy_not_tmdb_Comedy
1657668,tt37577559,id 1657668,,,"Comedy, Horror",movie,imdb_Comedy_not_tmdb_Comedy
1659637,tt41231107,id 1659637,,,"Comedy, Documentary, Horror",movie,imdb_Comedy_not_tmdb_Comedy
1664187,tt39319376,Late Night At The Movies,,,"Comedy, Horror",movie,imdb_Comedy_not_tmdb_Comedy
1664432,tt30494592,Trail of Splatter,,,"Comedy, Horror",movie,imdb_Comedy_not_tmdb_Comedy
1665172,tt37540875,ROOMMATES,,,Comedy,movie,imdb_Comedy_not_tmdb_Comedy
1675147,tt31180256,Turn It Up!,,,"Comedy, Horror, Sci-Fi",movie,imdb_Comedy_not_tmdb_Comedy
1678298,tt35625402,id 1678298,,,Comedy,movie,imdb_Comedy_not_tmdb_Comedy
1682410,tt27746637,Evil Dead - The Musical,,,"Comedy, Horror, Musical",video,imdb_Comedy_not_tmdb_Comedy
1683097,tt32394367,id 1683097,,,"Comedy, Horror, Sci-Fi",movie,imdb_Comedy_not_tmdb_Comedy
1691160,tt42445484,id 1691160,,,"Comedy, Fantasy, Horror",movie,imdb_Comedy_not_tmdb_Comedy
1698893,tt0189439,Conrad Brooks vs. the Werewolf,,,"Comedy, Horror, Short",short,imdb_Comedy_not_tmdb_Comedy
1700726,tt0236832,Vampire Night,,,"Comedy, Horror",movie,imdb_Comedy_not_tmdb_Comedy
1700752,tt18967506,Parched 3: Beached,2023,Horror,"Comedy, Thriller",movie,imdb_Comedy_not_tmdb_Comedy
1706083,tt43382514,id 1706083,,,"Animation, Comedy, Horror",movie,imdb_Comedy_not_tmdb_Comedy
1707533,tt3038606,Killer Thong,,,"Comedy, Horror, Mystery",movie,imdb_Comedy_not_tmdb_Comedy
1708253,tt43442930,id 1708253,,,"Comedy, Horror, Thriller",movie,imdb_Comedy_not_tmdb_Comedy
1708531,tt41038862,id 1708531,,,"Comedy, Horror",movie,imdb_Comedy_not_tmdb_Comedy
1709842,tt43376986,id 1709842,,,"Adventure, Comedy, Horror",movie,imdb_Comedy_not_tmdb_Comedy
1710331,tt38641089,Down the Bayou,,,"Comedy, Fantasy, Thriller",movie,imdb_Comedy_not_tmdb_Comedy
1713821,tt33481873,id 1713821,,,"Comedy, Horror, Thriller",movie,imdb_Comedy_not_tmdb_Comedy
1720522,tt38352431,Autumn Hill,,,"Comedy, Horror",movie,imdb_Comedy_not_tmdb_Comedy
1726557,tt31779358,id 1726557,,,"Comedy, Horror",movie,imdb_Comedy_not_tmdb_Comedy
1731343,tt40047746,Namaslay,,,"Comedy, Horror",movie,imdb_Comedy_not_tmdb_Comedy
1735476,tt37547609,CHAT,,,"Comedy, Crime, Horror",movie,imdb_Comedy_not_tmdb_Comedy
1736719,tt41715721,I Hate Found Footage,,,"Comedy, Horror",movie,imdb_Comedy_not_tmdb_Comedy
