id,title,year,imdb_id,tmdb_genres,imdb_titleType,flag_tmdb_tv_movie,flag_imdb_tv_type,reason
3024,The Strange Case of Dr. Jekyll and Mr. Hyde,,tt0062908,,tvMovie,0,1,tv_horror_tmdb_or_imdb
3027,Dr. Jekyll and Mr. Hyde,1973,tt0070002,"Horror, Science Fiction",tvMovie,0,1,tv_horror_tmdb_or_imdb
3042,Frankenstein,1993,tt0106959,"Horror, Science Fiction, TV Movie",tvMovie,1,1,tv_horror_tmdb_or_imdb
3056,Frankenstein,2004,tt0397430,"Drama, Horror, Mystery, Science Fiction, TV Movie",tvMovie,1,1,tv_horror_tmdb_or_imdb
3067,Frankenstein,1984,tt0087288,"Horror, Science Fiction, Thriller, TV Movie",tvMovie,1,1,tv_horror_tmdb_or_imdb
3068,Frankenstein,1973,tt0070073,"Horror, Science Fiction, TV Movie",tvEpisode,1,1,tv_horror_tmdb_or_imdb
3070,Frankenstein,1987,tt0311159,"Family, Horror, TV Movie",tvMovie,1,1,tv_horror_tmdb_or_imdb
3105,Frankenstein: The True Story,1974,tt0070074,"Drama, Horror, Science Fiction",tvMovie,0,1,tv_horror_tmdb_or_imdb
3579,Shadow Realm,2002,tt0328723,"Horror, Thriller",tvMovie,0,1,tv_horror_tmdb_or_imdb
4337,The Birds II: Land's End,1994,tt0109275,"Horror, TV Movie",tvMovie,1,1,tv_horror_tmdb_or_imdb
5675,Hollywood Rated 'R',1997,tt0179853,"Documentary, Horror, Science Fiction",tvMovie,0,1,tv_horror_tmdb_or_imdb
6174,The Murders in the Rue Morgue,1986,tt0091574,"Crime, Horror, Mystery, TV Movie",tvMovie,1,1,tv_horror_tmdb_or_imdb
7342,Carrie,2002,tt0319970,"Drama, Horror, TV Movie",tvMovie,1,1,tv_horror_tmdb_or_imdb
9608,The Legend of Sleepy Hollow,1999,tt0214874,"Fantasy, Horror, Mystery",tvMovie,0,1,tv_horror_tmdb_or_imdb
9711,Species III,2004,tt0410650,"Action, Horror, Science Fiction",tvMovie,0,1,tv_horror_tmdb_or_imdb
9755,Bloodsuckers,2005,tt0430926,Horror,tvMovie,0,1,tv_horror_tmdb_or_imdb
10004,Desperation,2006,tt0129871,"Drama, Fantasy, Horror, Mystery, Thriller",tvMovie,0,1,tv_horror_tmdb_or_imdb
11508,Addams Family Reunion,,tt0146402,,tvMovie,0,1,tv_horror_tmdb_or_imdb
14192,Living Hell,2008,tt0479201,"Action, Horror, Science Fiction, Thriller",tvMovie,0,1,tv_horror_tmdb_or_imdb
14730,The Wyvern Mystery,2000,tt0237934,"Drama, History, Horror, Mystery, Thriller, TV Movie",tvMovie,1,1,tv_horror_tmdb_or_imdb
14863,Anaconda 3: Offspring,2008,tt1137996,"Action, Adventure, Horror",tvMovie,0,1,tv_horror_tmdb_or_imdb
15056,The Curse of King Tut's Tomb,2006,tt0464799,"Action, Adventure, Fantasy, Horror, Thriller",tvMovie,0,1,tv_horror_tmdb_or_imdb
15212,Species: The Awakening,2007,tt0844894,"Horror, Science Fiction, Thriller",tvMovie,0,1,tv_horror_tmdb_or_imdb
15360,The Night Stalker,1972,tt0067490,"Horror, Mystery, Thriller, TV Movie",tvMovie,1,1,tv_horror_tmdb_or_imdb
15591,Black Swarm,2007,tt1090189,Horror,tvMovie,0,1,tv_horror_tmdb_or_imdb
16067,Final Days of Planet Earth,2006,tt0478073,"Action, Drama, Horror, Science Fiction",tvSeries,0,1,tv_horror_tmdb_or_imdb
16175,The Diary of Ellen Rimbauer,2003,tt0350811,"Drama, Horror, Mystery, Thriller",tvMovie,0,1,tv_horror_tmdb_or_imdb
16182,The Woman in Black,1989,tt0098672,"History, Horror, Mystery, TV Movie",tvMovie,1,1,tv_horror_tmdb_or_imdb
16200,Storm Cell,2008,tt0983922,"Action, Drama, Horror, Thriller",tvMovie,0,1,tv_horror_tmdb_or_imdb
17038,Lake Placid 2,2007,tt0974583,"Horror, Science Fiction",tvMovie,0,1,tv_horror_tmdb_or_imdb
17100,Trucks,2000,tt0120380,"Horror, Science Fiction, Thriller, TV Movie",tvMovie,1,1,tv_horror_tmdb_or_imdb
17200,Helter Skelter,1976,tt0074621,"Crime, Drama, Horror, Thriller, TV Movie",tvMiniSeries,1,1,tv_horror_tmdb_or_imdb
17792,Omen IV: The Awakening,1991,tt0102585,Horror,tvMovie,0,1,tv_horror_tmdb_or_imdb
18044,Ogre,2008,tt0923824,"Horror, Science Fiction",tvMovie,0,1,tv_horror_tmdb_or_imdb
18676,The Lost Treasure of the Grand Canyon,2008,tt1229370,"Adventure, Fantasy, Horror, TV Movie",tvMovie,1,1,tv_horror_tmdb_or_imdb
18742,The House Next Door,2006,tt0863080,"Horror, Mystery, Thriller",tvMovie,0,1,tv_horror_tmdb_or_imdb
19010,Deep Evil,2004,tt0389912,"Horror, Science Fiction, Thriller",tvMovie,0,1,tv_horror_tmdb_or_imdb
19241,Backwoods,2008,tt1153100,"Horror, Thriller, TV Movie",tvMovie,1,1,tv_horror_tmdb_or_imdb
19543,Anacondas: Trail of Blood,2009,tt1150934,"Action, Adventure, Horror",tvMovie,0,1,tv_horror_tmdb_or_imdb
19544,Deadly Visions,2004,tt0416267,"Drama, Horror, Thriller",tvMovie,0,1,tv_horror_tmdb_or_imdb
20121,Killdozer,1974,tt0071717,"Horror, Science Fiction, Thriller, TV Movie",tvMovie,1,1,tv_horror_tmdb_or_imdb
20182,Alien Abduction: Incident in Lake County,1998,tt0142074,"Drama, Horror, Science Fiction",tvMovie,0,1,tv_horror_tmdb_or_imdb
21505,The Haunted Airman,2006,tt0810892,"Drama, Horror, Thriller",tvMovie,0,1,tv_horror_tmdb_or_imdb
21851,The Lost,2009,tt0831916,"Horror, Mystery, Thriller, TV Movie",tvMovie,1,1,tv_horror_tmdb_or_imdb
21922,Sea Beast,2008,tt1314248,"Horror, Science Fiction, Thriller, TV Movie",tvMovie,1,1,tv_horror_tmdb_or_imdb
22450,Red Water,2003,tt0365677,"Action, Horror",tvMovie,0,1,tv_horror_tmdb_or_imdb
22468,The Presence,1992,tt0104049,"Horror, Thriller, TV Movie",tvMovie,1,1,tv_horror_tmdb_or_imdb
23691,The Initiation of Sarah,2006,tt0795403,"Drama, Horror, Thriller, TV Movie",tvMovie,1,1,tv_horror_tmdb_or_imdb
23692,The Initiation of Sarah,1978,tt0077735,"Horror, TV Movie",tvMovie,1,1,tv_horror_tmdb_or_imdb
24643,Lost Colony: The Legend of Roanoke,2007,tt0875696,"Fantasy, Horror, Mystery, TV Movie",tvMovie,1,1,tv_horror_tmdb_or_imdb
24778,Hydra,2009,tt1034447,"Action, Fantasy, Horror, Science Fiction, TV Movie",tvMovie,1,1,tv_horror_tmdb_or_imdb
24799,Wolvesbayne,,tt1266121,,tvMovie,0,1,tv_horror_tmdb_or_imdb
24921,Rise of the Gargoyles,2009,tt1275786,Horror,tvMovie,0,1,tv_horror_tmdb_or_imdb
25754,Children of the Corn,2009,tt1290135,"Horror, Thriller, TV Movie",tvMovie,1,1,tv_horror_tmdb_or_imdb
26015,Don't Be Afraid of the Dark,1973,tt0069992,"Horror, TV Movie",tvMovie,1,1,tv_horror_tmdb_or_imdb
26215,Quicksilver Highway,1997,tt0119975,"Horror, Thriller, TV Movie",tvMovie,1,1,tv_horror_tmdb_or_imdb
26245,Dark Prince: The True Story of Dracula,2000,tt0240793,"Horror, TV Movie",tvMovie,1,1,tv_horror_tmdb_or_imdb
26301,The Hunt for the BTK Killer,2005,tt0475302,"Crime, Drama, Horror, Thriller, TV Movie",tvMovie,1,1,tv_horror_tmdb_or_imdb
26702,Devil Dog: The Hound of Hell,1978,tt0077429,"Horror, TV Movie",tvMovie,1,1,tv_horror_tmdb_or_imdb
26894,Saint Sinner,2002,tt0313016,"Fantasy, Horror, Science Fiction, TV Movie",tvMovie,1,1,tv_horror_tmdb_or_imdb
26962,Puppet Master vs Demonic Toys,2004,tt0431340,Horror,tvMovie,0,1,tv_horror_tmdb_or_imdb
27482,Burial of the Rats,1995,tt0112599,"Horror, TV Movie",tvMovie,1,1,tv_horror_tmdb_or_imdb
27546,The Wasp Woman,1995,tt0114896,"Horror, Thriller, TV Movie",tvMovie,1,1,tv_horror_tmdb_or_imdb
27769,Sometimes They Come Back,1991,tt0102960,"Horror, TV Movie",tvMovie,1,1,tv_horror_tmdb_or_imdb
27829,Emmanuelle vs. Dracula,2004,tt0428488,Horror,tvEpisode,0,1,tv_horror_tmdb_or_imdb
28248,Copperhead,2008,tt1027806,"Action, Horror, TV Movie, Western",tvMovie,1,1,tv_horror_tmdb_or_imdb
28381,Cruise Into Terror,1978,tt0077382,"Horror, Thriller, TV Movie",tvMovie,1,1,tv_horror_tmdb_or_imdb
28505,Cry of the Winged Serpent,,tt0857208,,tvMovie,0,1,tv_horror_tmdb_or_imdb
28509,Komodo vs. Cobra,2005,tt0455583,"Horror, Science Fiction, TV Movie",tvMovie,1,1,tv_horror_tmdb_or_imdb
28589,id 28589,,tt0120270,,tvMovie,0,1,tv_horror_tmdb_or_imdb
28593,The Haunting of Sorority Row,2007,tt1110048,"Horror, Mystery, Thriller, TV Movie",tvMovie,1,1,tv_horror_tmdb_or_imdb
28594,The Rats,2002,tt0282418,"Horror, Science Fiction, TV Movie",tvMovie,1,1,tv_horror_tmdb_or_imdb
28684,Ring of Darkness,2004,tt0372803,Horror,tvMovie,0,1,tv_horror_tmdb_or_imdb
28686,War Wolves,2009,tt1278153,Horror,tvMovie,0,1,tv_horror_tmdb_or_imdb
28760,Crowhaven Farm,1970,tt0065594,"Horror, TV Movie",tvMovie,1,1,tv_horror_tmdb_or_imdb
29075,"The Horror at 37,000 Feet",1973,tt0068715,"Drama, Horror, TV Movie",tvMovie,1,1,tv_horror_tmdb_or_imdb
29105,The Savage Bees,1976,tt0075166,"Horror, Thriller, TV Movie",tvMovie,1,1,tv_horror_tmdb_or_imdb
29293,House of the Dead 2,2006,tt0435665,"Horror, TV Movie",tvMovie,1,1,tv_horror_tmdb_or_imdb
29296,Psycho Sisters,1974,tt0069292,"Horror, TV Movie",movie,1,0,tv_horror_tmdb_or_imdb
29489,The Dead Don't Die,1975,tt0071395,"Horror, Thriller, TV Movie",tvMovie,1,1,tv_horror_tmdb_or_imdb
29792,Fire Serpent,2007,tt0471561,"Action, Horror, Science Fiction, TV Movie",tvMovie,1,1,tv_horror_tmdb_or_imdb
29803,Twilight Zone: Rod Serling's Lost Classics,1994,tt0111520,"Fantasy, Horror, Mystery, Science Fiction, Thriller",tvMovie,0,1,tv_horror_tmdb_or_imdb
29896,Never Cry Werewolf,2008,tt1135933,Horror,tvMovie,0,1,tv_horror_tmdb_or_imdb
30203,Star Runners,2009,tt1239459,"Horror, Science Fiction, TV Movie",tvMovie,1,1,tv_horror_tmdb_or_imdb
30450,The Darkling,2000,tt0255914,Horror,tvMovie,0,1,tv_horror_tmdb_or_imdb
30554,When a Stranger Calls Back,1993,tt0108556,"Horror, Thriller, TV Movie",tvMovie,1,1,tv_horror_tmdb_or_imdb
30641,Grizzly Rage,2007,tt0896816,"Horror, Thriller, TV Movie",tvMovie,1,1,tv_horror_tmdb_or_imdb
30711,Edgar Allan Poe's Buried Alive,1989,tt0099187,"Horror, Thriller, TV Movie",movie,1,0,tv_horror_tmdb_or_imdb
30737,Mr Jolly Lives Next Door,,tt0095664,,tvEpisode,0,1,tv_horror_tmdb_or_imdb
30780,Cabin by the Lake,2000,tt0199389,"Horror, TV Movie",tvMovie,1,1,tv_horror_tmdb_or_imdb
30781,Return to Cabin by the Lake,2001,tt0283974,"Horror, Mystery, Thriller, TV Movie",tvMovie,1,1,tv_horror_tmdb_or_imdb
30813,Target Earth,1998,tt0140600,"Horror, Science Fiction",tvMovie,0,1,tv_horror_tmdb_or_imdb
30931,Dark Night of the Scarecrow,1983,tt0082235,"Horror, TV Movie",tvMovie,1,1,tv_horror_tmdb_or_imdb
30933,Home for the Holidays,1974,tt0068708,"Horror, Thriller, TV Movie",tvMovie,1,1,tv_horror_tmdb_or_imdb
30937,Maneaters Are Loose!,1978,tt0077902,"Action, Drama, Horror, Thriller, TV Movie",tvMovie,1,1,tv_horror_tmdb_or_imdb
30938,Maneater,2007,tt0846713,"Action, Drama, Horror, Thriller",tvMovie,0,1,tv_horror_tmdb_or_imdb
31012,Cerberus,2005,tt0421121,"Fantasy, Horror",tvMovie,0,1,tv_horror_tmdb_or_imdb
31013,Earth vs. the Spider,2001,tt0282178,"Horror, Science Fiction",tvMovie,0,1,tv_horror_tmdb_or_imdb
31428,Someone's Watching Me!,1978,tt0078295,"Horror, Mystery, Thriller, TV Movie",tvMovie,1,1,tv_horror_tmdb_or_imdb
31847,Hellhounds,2009,tt1305800,"Adventure, Fantasy, Horror, TV Movie",tvMovie,1,1,tv_horror_tmdb_or_imdb
32021,The Night Strangler,1973,tt0069002,"Crime, Horror, Mystery, TV Movie",tvMovie,1,1,tv_horror_tmdb_or_imdb
32219,Blade: House of Chthon,2006,tt0491714,"Action, Horror, TV Movie",tvEpisode,1,1,tv_horror_tmdb_or_imdb
33326,Phantom Racer,2009,tt1320354,"Action, Horror, Thriller",tvMovie,0,1,tv_horror_tmdb_or_imdb
33543,Satan's School for Girls,1973,tt0070633,"Horror, Mystery, TV Movie",tvMovie,1,1,tv_horror_tmdb_or_imdb
33589,Fool's Fire,,tt0210047,,tvMovie,0,1,tv_horror_tmdb_or_imdb
33826,Death Row,2006,tt0790806,"Crime, Horror",tvMovie,0,1,tv_horror_tmdb_or_imdb
34072,A Haunting In Connecticut,2002,tt0439602,"Documentary, Horror, Thriller",tvMovie,0,1,tv_horror_tmdb_or_imdb
34734,Stir of Echoes: The Homecoming,2007,tt0805619,"Horror, Thriller",tvMovie,0,1,tv_horror_tmdb_or_imdb
35040,Croc,2007,tt1127177,Horror,tvMovie,0,1,tv_horror_tmdb_or_imdb
35074,Dinoshark,2010,tt1545986,"Horror, Science Fiction, TV Movie",tvMovie,1,1,tv_horror_tmdb_or_imdb
35429,The Hive,2008,tt1062161,"Horror, Science Fiction",tvMovie,0,1,tv_horror_tmdb_or_imdb
35608,Intensity,1997,tt0118350,"Drama, Horror, Thriller, TV Movie",tvMovie,1,1,tv_horror_tmdb_or_imdb
35801,Dr. Jekyll and Mr. Hyde,2008,tt1159984,"Drama, Horror, Science Fiction, Thriller",tvMovie,0,1,tv_horror_tmdb_or_imdb
35891,Mansquito,2005,tt0430334,"Horror, Science Fiction",tvMovie,0,1,tv_horror_tmdb_or_imdb
35946,The Hollow,2004,tt0367854,Horror,tvMovie,0,1,tv_horror_tmdb_or_imdb
35978,Pumpkinhead: Ashes to Ashes,2010,tt0780593,"Fantasy, Horror",tvMovie,0,1,tv_horror_tmdb_or_imdb
35979,Pumpkinhead: Blood Feud,2007,tt0790816,"Fantasy, Horror, TV Movie",tvMovie,1,1,tv_horror_tmdb_or_imdb
36139,High Plains Invaders,2009,tt1388432,"Horror, Science Fiction, TV Movie, Western",tvMovie,1,1,tv_horror_tmdb_or_imdb
36560,Golden Years,1991,tt0101206,"Horror, Science Fiction, Thriller, TV Movie",tvSeries,1,1,tv_horror_tmdb_or_imdb
36622,Caved In: Prehistoric Terror,2006,tt0468461,"Horror, Science Fiction, TV Movie",tvMovie,1,1,tv_horror_tmdb_or_imdb
36737,Carny,2009,tt1397497,"Horror, Science Fiction, TV Movie",tvMovie,1,1,tv_horror_tmdb_or_imdb
37017,Deadly Invasion: The Killer Bee Nightmare,1995,tt0112826,"Horror, Science Fiction, Thriller",tvMovie,0,1,tv_horror_tmdb_or_imdb
37035,Swarmed,2005,tt0437498,"Action, Horror, Thriller, TV Movie",tvMovie,1,1,tv_horror_tmdb_or_imdb
37254,Mermaid Chronicles Part 1: She Creature,2001,tt0274659,"Fantasy, Horror",tvMovie,0,1,tv_horror_tmdb_or_imdb
37306,Voodoo Moon,2006,tt0462598,"Drama, Fantasy, Horror",tvMovie,0,1,tv_horror_tmdb_or_imdb
37376,The Cube,,tt0291118,,tvEpisode,0,1,tv_horror_tmdb_or_imdb
37434,Devil's Diary,2007,tt1018820,"Drama, Horror",tvMovie,0,1,tv_horror_tmdb_or_imdb
37440,Monster Ark,2008,tt1101038,"Fantasy, Horror, TV Movie",tvMovie,1,1,tv_horror_tmdb_or_imdb
37644,All the Kind Strangers,1974,tt0071120,"Horror, Thriller, TV Movie",tvMovie,1,1,tv_horror_tmdb_or_imdb
37865,Buried Alive,1990,tt0099188,"Horror, Thriller, TV Movie",tvMovie,1,1,tv_horror_tmdb_or_imdb
37938,Stranger in Our House,1979,tt0078330,"Horror, Mystery, TV Movie",tvMovie,1,1,tv_horror_tmdb_or_imdb
38330,The Perfect Neighbor,2005,tt0430457,"Drama, Horror, Thriller",tvMovie,0,1,tv_horror_tmdb_or_imdb
38510,How to Make a Monster,2001,tt0281919,"Horror, Science Fiction, Thriller, TV Movie",tvMovie,1,1,tv_horror_tmdb_or_imdb
38783,Trilogy of Terror,1975,tt0073820,"Horror, Thriller, TV Movie",tvMovie,1,1,tv_horror_tmdb_or_imdb
39368,Flu Bird Horror,2008,tt1282045,"Horror, Thriller",tvMovie,0,1,tv_horror_tmdb_or_imdb
39704,KISS Meets the Phantom of the Park,,tt0077788,,tvMovie,0,1,tv_horror_tmdb_or_imdb
39824,The Sitter,2007,tt0961088,"Horror, Thriller",tvMovie,0,1,tv_horror_tmdb_or_imdb
39999,Daughter of Darkness,1990,tt0099368,"Horror, TV Movie",tvMovie,1,1,tv_horror_tmdb_or_imdb
40217,Terminal Invasion,2002,tt0322008,"Horror, Science Fiction, Thriller, TV Movie",tvMovie,1,1,tv_horror_tmdb_or_imdb
40249,They Nest,2000,tt0221633,"Horror, Science Fiction, TV Movie",tvMovie,1,1,tv_horror_tmdb_or_imdb
40377,Psycho IV: The Beginning,1990,tt0102724,Horror,tvMovie,0,1,tv_horror_tmdb_or_imdb
40631,Dracula,2006,tt0847161,"Drama, Horror, TV Movie",tvMovie,1,1,tv_horror_tmdb_or_imdb
41025,Gargoyles,1972,tt0068622,"Fantasy, Horror, TV Movie",tvMovie,1,1,tv_horror_tmdb_or_imdb
41032,The Stone Tape,1972,tt0069316,"Horror, Science Fiction, TV Movie",tvMovie,1,1,tv_horror_tmdb_or_imdb
41237,They Are Among Us,2004,tt0417191,"Horror, Science Fiction, Thriller, TV Movie",tvMovie,1,1,tv_horror_tmdb_or_imdb
41302,Zontar: The Thing from Venus,1967,tt0061217,"Horror, Science Fiction, TV Movie",tvMovie,1,1,tv_horror_tmdb_or_imdb
41540,The Fallen Ones,2005,tt0421199,"Action, Horror, Thriller, TV Movie",tvMovie,1,1,tv_horror_tmdb_or_imdb
41595,Witch Hunt,1994,tt0111730,"Crime, Horror, Mystery, TV Movie",tvMovie,1,1,tv_horror_tmdb_or_imdb
42185,Shark Attack,1999,tt0161970,Horror,tvMovie,0,1,tv_horror_tmdb_or_imdb
42272,The Watch,2008,tt1166118,"Drama, Horror, Mystery, TV Movie",tvMovie,1,1,tv_horror_tmdb_or_imdb
42280,Warbirds,2008,tt1047544,Horror,tvMovie,0,1,tv_horror_tmdb_or_imdb
42309,Fear Island,2009,tt1109583,"Horror, Mystery, Thriller",tvMovie,0,1,tv_horror_tmdb_or_imdb
42462,Daughter of the Mind,1969,tt0064211,"Horror, Thriller, TV Movie",tvMovie,1,1,tv_horror_tmdb_or_imdb
42901,In the Spider's Web,2007,tt1065092,"Horror, TV Movie",tvMovie,1,1,tv_horror_tmdb_or_imdb
42905,Kraken: Tentacles of the Deep,2006,tt0486099,"Action, Horror, Science Fiction, TV Movie",tvMovie,1,1,tv_horror_tmdb_or_imdb
43099,Mothman,2010,tt1514425,"Horror, Science Fiction, Thriller, TV Movie",tvMovie,1,1,tv_horror_tmdb_or_imdb
44020,Silent Warnings,2003,tt0348031,"Horror, Science Fiction, Thriller",tvMovie,0,1,tv_horror_tmdb_or_imdb
44037,Lake Placid 3,2010,tt1499249,"Action, Horror, Science Fiction, Thriller",tvMovie,0,1,tv_horror_tmdb_or_imdb
44396,Nightmare at the End of the Hall,2008,tt1149606,"Drama, Horror, Thriller, TV Movie",tvMovie,1,1,tv_horror_tmdb_or_imdb
44548,Vipers,2008,tt1152403,"Action, Horror, Science Fiction, TV Movie",tvMovie,1,1,tv_horror_tmdb_or_imdb
44732,Spring Break Shark Attack,2005,tt0450326,"Action, Drama, Horror, Thriller",tvMovie,0,1,tv_horror_tmdb_or_imdb
44809,Dinocroc vs. Supergator,2010,tt1453409,"Horror, Science Fiction",tvMovie,0,1,tv_horror_tmdb_or_imdb
44811,Mongolian Death Worm,2010,tt1504443,"Horror, Science Fiction, TV Movie",tvMovie,1,1,tv_horror_tmdb_or_imdb
45663,The Dunwich Horror,2009,tt1226752,"Action, Horror, Thriller, TV Movie",tvMovie,1,1,tv_horror_tmdb_or_imdb
45875,Trilogy of Terror II,1996,tt0117966,"Horror, Thriller, TV Movie",tvMovie,1,1,tv_horror_tmdb_or_imdb
45959,Dark Relic,2010,tt1471156,"Fantasy, Horror, Science Fiction",tvMovie,0,1,tv_horror_tmdb_or_imdb
46633,Ghostwatch,1992,tt0200659,"Horror, TV Movie",tvMovie,1,1,tv_horror_tmdb_or_imdb
46803,Curse of the Talisman,2001,tt0275285,"Horror, TV Movie",tvMovie,1,1,tv_horror_tmdb_or_imdb
46968,The Turn of the Screw,1999,tt0209440,"Drama, Horror, Thriller, TV Movie",tvMovie,1,1,tv_horror_tmdb_or_imdb
47287,Rough Magik,2000,tt0459531,"Horror, Science Fiction",tvMovie,0,1,tv_horror_tmdb_or_imdb
48333,Hammerhead,2005,tt0459392,"Action, Horror, Science Fiction, TV Movie",tvMovie,1,1,tv_horror_tmdb_or_imdb
48374,Piranha,1995,tt0114137,"Horror, TV Movie",tvMovie,1,1,tv_horror_tmdb_or_imdb
48397,Beyond Loch Ness,2008,tt0930072,"Horror, Mystery, Science Fiction",tvMovie,0,1,tv_horror_tmdb_or_imdb
48516,Child of Mine,2005,tt0455924,"Horror, Thriller",tvMovie,0,1,tv_horror_tmdb_or_imdb
48618,Good Against Evil,1977,tt0076094,"Horror, TV Movie",tvMovie,1,1,tv_horror_tmdb_or_imdb
48747,Jekyll & Hyde,1990,tt0099875,"Horror, Thriller, TV Movie",tvMovie,1,1,tv_horror_tmdb_or_imdb
48871,Red: Werewolf Hunter,2010,tt1626201,"Action, Fantasy, Horror, Thriller",tvMovie,0,1,tv_horror_tmdb_or_imdb
49266,Sand Serpents,2009,tt1319736,"Action, Horror, Thriller",tvMovie,0,1,tv_horror_tmdb_or_imdb
49353,Snowbeast,1977,tt0076731,Horror,tvMovie,0,1,tv_horror_tmdb_or_imdb
49354,Moon of the Wolf,1972,tt0068967,"Horror, Mystery, Thriller, TV Movie",tvMovie,1,1,tv_horror_tmdb_or_imdb
49396,The Haunted,1991,tt0102007,"Horror, Mystery",tvMovie,0,1,tv_horror_tmdb_or_imdb
49676,Too Late to Say Goodbye,2009,tt1486861,"Drama, Horror, Mystery, TV Movie",tvMovie,1,1,tv_horror_tmdb_or_imdb
49804,The Day the World Ended,2001,tt0272575,"Horror, Science Fiction",tvMovie,0,1,tv_horror_tmdb_or_imdb
49877,Locusts: The 8th Plague,2005,tt0491661,"Drama, Horror",tvMovie,0,1,tv_horror_tmdb_or_imdb
50288,House of Bones,2010,tt1334536,Horror,tvMovie,0,1,tv_horror_tmdb_or_imdb
50448,Count Dracula,1977,tt0075882,"Drama, Horror, Thriller, TV Movie",tvMovie,1,1,tv_horror_tmdb_or_imdb
52244,Larva,2005,tt0393421,"Horror, Science Fiction, TV Movie",tvMovie,1,1,tv_horror_tmdb_or_imdb
52395,Fear,1990,tt0099557,"Horror, Thriller",tvMovie,0,1,tv_horror_tmdb_or_imdb
52878,Lost Voyage,2001,tt0252649,"Horror, Thriller",tvMovie,0,1,tv_horror_tmdb_or_imdb
52949,An Evening of Edgar Allan Poe,1970,tt0229371,"Horror, Mystery, TV Movie",movie,1,0,tv_horror_tmdb_or_imdb
53060,Humanoids from the Deep,,tt0117506,,tvMovie,0,1,tv_horror_tmdb_or_imdb
53080,Malibu Shark Attack,2009,tt1478325,"Action, Horror, TV Movie",tvMovie,1,1,tv_horror_tmdb_or_imdb
53245,Yeti: Curse of the Snow Demon,2008,tt0896585,Horror,tvMovie,0,1,tv_horror_tmdb_or_imdb
53428,Nick Knight,1989,tt0097969,"Crime, Drama, Horror, TV Movie",tvMovie,1,1,tv_horror_tmdb_or_imdb
53553,The Glow,2002,tt0286653,"Horror, Mystery, Thriller, TV Movie",tvMovie,1,1,tv_horror_tmdb_or_imdb
53850,Basilisk: The Serpent King,2006,tt0760306,"Action, Fantasy, Horror, TV Movie",tvMovie,1,1,tv_horror_tmdb_or_imdb
53869,Webs,2003,tt0346136,"Horror, Science Fiction, Thriller",tvMovie,0,1,tv_horror_tmdb_or_imdb
53959,Phantom Force,2004,tt0395706,"Action, Horror, Science Fiction, TV Movie",tvMovie,1,1,tv_horror_tmdb_or_imdb
54525,Secrets in the Walls,2010,tt1559359,"Horror, Thriller, TV Movie",tvMovie,1,1,tv_horror_tmdb_or_imdb
54928,Project Viper,2002,tt0310024,"Horror, Science Fiction",tvMovie,0,1,tv_horror_tmdb_or_imdb
55186,Fatal Error,,tt0171689,,tvMovie,0,1,tv_horror_tmdb_or_imdb
55248,Behemoth,2011,tt1566486,"Horror, Science Fiction",tvMovie,0,1,tv_horror_tmdb_or_imdb
55300,Are You in the House Alone?,,tt0077174,,tvMovie,0,1,tv_horror_tmdb_or_imdb
55377,Amityville: The Evil Escapes,1989,tt0096808,Horror,tvMovie,0,1,tv_horror_tmdb_or_imdb
55401,The Deliberate Stranger,1986,tt0090925,"Crime, Drama, Horror, Thriller, TV Movie",tvMiniSeries,1,1,tv_horror_tmdb_or_imdb
56527,Skeleton Man,2004,tt0372832,"Action, Horror",tvMovie,0,1,tv_horror_tmdb_or_imdb
56787,Bad Ronald,1974,tt0071186,"Drama, Horror, Thriller, TV Movie",tvMovie,1,1,tv_horror_tmdb_or_imdb
57173,Monsterwolf,2010,tt1535608,"Fantasy, Horror, TV Movie",tvMovie,1,1,tv_horror_tmdb_or_imdb
57203,Mega Snake,2007,tt0914813,Horror,tvMovie,0,1,tv_horror_tmdb_or_imdb
57529,Ghost Voyage,2008,tt1144579,"Horror, Science Fiction",tvMovie,0,1,tv_horror_tmdb_or_imdb
57789,"Double, Double, Toil and Trouble",1993,tt0106763,"Family, Horror, TV Movie",tvMovie,1,1,tv_horror_tmdb_or_imdb
57948,High Desert Kill,1989,tt0097504,"Horror, Science Fiction, TV Movie",tvMovie,1,1,tv_horror_tmdb_or_imdb
58752,Don't Look Down,1998,tt0172345,"Horror, Thriller, TV Movie",tvMovie,1,1,tv_horror_tmdb_or_imdb
58783,Alien Express,,tt0450258,,tvMovie,0,1,tv_horror_tmdb_or_imdb
58788,Attack of the Sabretooth,2005,tt0443334,Horror,tvMovie,0,1,tv_horror_tmdb_or_imdb
58791,Bone Eater,2007,tt0796306,Horror,tvMovie,0,1,tv_horror_tmdb_or_imdb
58798,Chiller,1985,tt0088912,"Horror, Science Fiction, Thriller, TV Movie",tvMovie,1,1,tv_horror_tmdb_or_imdb
58813,Deathlands,2003,tt0312603,"Horror, Science Fiction, TV Movie",tvMovie,1,1,tv_horror_tmdb_or_imdb
58816,Deep Shock,2003,tt0310991,"Action, Adventure, Horror, Science Fiction",tvMovie,0,1,tv_horror_tmdb_or_imdb
58977,Bela Lugosi: The Fallen Vampire,,tt1161456,,tvMovie,0,1,tv_horror_tmdb_or_imdb
59127,Eye of the Beast,2007,tt0867286,"Horror, Mystery, Thriller, TV Movie",tvMovie,1,1,tv_horror_tmdb_or_imdb
59389,Home,2003,tt0396641,"Drama, Horror, TV Movie",tvMovie,1,1,tv_horror_tmdb_or_imdb
60671,Savage Planet,2007,tt0790746,"Action, Adventure, Horror, Science Fiction",tvMovie,0,1,tv_horror_tmdb_or_imdb
60950,Scream of the Banshee,2011,tt1548628,"Horror, TV Movie",tvMovie,1,1,tv_horror_tmdb_or_imdb
61692,The Last Vampyre,,tt0104688,,tvEpisode,0,1,tv_horror_tmdb_or_imdb
61964,Stepfather 3,1992,tt0105470,"Horror, Thriller, TV Movie",tvMovie,1,1,tv_horror_tmdb_or_imdb
62433,Spectre,1977,tt0076745,"Horror, TV Movie",tvMovie,1,1,tv_horror_tmdb_or_imdb
63088,The Eye Creatures,1965,tt0059161,"Horror, Science Fiction, TV Movie",tvMovie,1,1,tv_horror_tmdb_or_imdb
63517,The Turn of the Screw,2009,tt1577883,"Drama, Horror, Mystery, Thriller, TV Movie",tvMovie,1,1,tv_horror_tmdb_or_imdb
63706,Mandrake,2010,tt1523367,Horror,tvMovie,0,1,tv_horror_tmdb_or_imdb
63749,Swamp Shark,2011,tt1684927,"Horror, Thriller",tvMovie,0,1,tv_horror_tmdb_or_imdb
64086,Deadly Game,,tt0101685,,tvMovie,0,1,tv_horror_tmdb_or_imdb
64248,Child of Glass,,tt0077325,,tvEpisode,0,1,tv_horror_tmdb_or_imdb
64806,Something Beneath,2007,tt0896040,"Horror, Science Fiction, TV Movie",tvMovie,1,1,tv_horror_tmdb_or_imdb
65823,Slayer,2006,tt0760186,"Action, Horror, Science Fiction, TV Movie",tvMovie,1,1,tv_horror_tmdb_or_imdb
66475,Mr. Stitch,,tt0113864,,tvMovie,0,1,tv_horror_tmdb_or_imdb
67055,Black Rain,2009,tt1332033,"Action, Horror, TV Movie",tvMovie,1,1,tv_horror_tmdb_or_imdb
67302,Ants,1977,tt0076214,"Drama, Horror, Thriller, TV Movie",tvMovie,1,1,tv_horror_tmdb_or_imdb
67744,The Spell,1977,tt0076747,"Horror, TV Movie",tvMovie,1,1,tv_horror_tmdb_or_imdb
68133,The Norliss Tapes,1973,tt0070458,"Horror, Thriller, TV Movie",tvMovie,1,1,tv_horror_tmdb_or_imdb
68418,The Screwfly Solution,2006,tt0833098,"Horror, TV Movie",tvEpisode,1,1,tv_horror_tmdb_or_imdb
68572,Possessed,2000,tt0195165,Horror,tvMovie,0,1,tv_horror_tmdb_or_imdb
69075,Snakeman,2005,tt0454953,"Adventure, Horror, TV Movie",tvMovie,1,1,tv_horror_tmdb_or_imdb
69266,Special Bulletin,,tt0086350,,tvMovie,0,1,tv_horror_tmdb_or_imdb
70024,Bats: Human Harvest,2007,tt0482163,Horror,tvMovie,0,1,tv_horror_tmdb_or_imdb
70046,Grave Secrets: The Legacy of Hilltop Drive,1992,tt0104365,"Horror, TV Movie",tvMovie,1,1,tv_horror_tmdb_or_imdb
70177,Secrets of the Summer House,2008,tt1277733,"Horror, Mystery, Thriller, TV Movie",tvMovie,1,1,tv_horror_tmdb_or_imdb
70740,Goblin,2010,tt1512310,"Fantasy, Horror, Science Fiction",tvMovie,0,1,tv_horror_tmdb_or_imdb
70772,Don't Look Under the Bed,1999,tt0208101,"Family, Horror, TV Movie",tvMovie,1,1,tv_horror_tmdb_or_imdb
71147,The Triangle,,tt0271237,,tvMovie,0,1,tv_horror_tmdb_or_imdb
71377,Midnight Offerings,1981,tt0082745,"Horror, TV Movie",tvMovie,1,1,tv_horror_tmdb_or_imdb
71479,Werewolves: The Dark Survivors,,tt1525474,,tvMovie,0,1,tv_horror_tmdb_or_imdb
71511,Medium Raw,2010,tt0886515,"Fantasy, Horror, Thriller",tvMovie,0,1,tv_horror_tmdb_or_imdb
71550,The Sight,2000,tt0262001,"Horror, Mystery, Thriller, TV Movie",tvMovie,1,1,tv_horror_tmdb_or_imdb
71556,S.S. Doomtrooper,2006,tt0795457,"Action, Horror, Science Fiction, TV Movie",tvMovie,1,1,tv_horror_tmdb_or_imdb
71628,Roadkill,2011,tt1637713,"Horror, Thriller, TV Movie",tvMovie,1,1,tv_horror_tmdb_or_imdb
71944,How Awful About Allan,,tt0065858,,tvMovie,0,1,tv_horror_tmdb_or_imdb
72111,The Ghost of Flight 401,,tt0077610,,tvMovie,0,1,tv_horror_tmdb_or_imdb
72270,Cry Baby Lane,2000,tt0221097,"Drama, Horror, TV Movie",tvMovie,1,1,tv_horror_tmdb_or_imdb
72859,Ghost Town,2009,tt1421035,"Horror, Science Fiction, Western",tvMovie,0,1,tv_horror_tmdb_or_imdb
72869,Spirit,2001,tt0292698,"Drama, Horror, Thriller, TV Movie",tvMovie,1,1,tv_horror_tmdb_or_imdb
72909,Předtucha,2005,tt0385961,"Horror, TV Movie",tvMovie,1,1,tv_horror_tmdb_or_imdb
73336,Buried Alive II,1997,tt0118800,"Horror, Thriller",tvMovie,0,1,tv_horror_tmdb_or_imdb
74328,Ice Road Terror,2011,tt1657285,"Action, Horror",tvMovie,0,1,tv_horror_tmdb_or_imdb
74539,Killer Mountain,,tt1728638,,tvMovie,0,1,tv_horror_tmdb_or_imdb
74837,In the Year 2889,1969,tt0060536,"Horror, Science Fiction, TV Movie",tvMovie,1,1,tv_horror_tmdb_or_imdb
75191,Morlocks,2011,tt2014296,"Horror, Science Fiction",tvMovie,0,1,tv_horror_tmdb_or_imdb
75305,Derren Brown: Séance,,tt0413946,,tvSpecial,0,1,tv_horror_tmdb_or_imdb
75735,Zombie Apocalypse,2011,tt1876547,"Action, Horror, Science Fiction",tvMovie,0,1,tv_horror_tmdb_or_imdb
76159,Killer Bash,2005,tt0431193,Horror,tvMovie,0,1,tv_horror_tmdb_or_imdb
76168,The Demon Murder Case,1983,tt0085422,"Horror, TV Movie",tvMovie,1,1,tv_horror_tmdb_or_imdb
76656,Bugs,2003,tt0350663,"Horror, Science Fiction",tvMovie,0,1,tv_horror_tmdb_or_imdb
78239,Full Eclipse,1993,tt0106980,"Action, Horror, TV Movie",tvMovie,1,1,tv_horror_tmdb_or_imdb
78509,Rage of the Yeti,2011,tt2082408,Horror,tvMovie,0,1,tv_horror_tmdb_or_imdb
78555,Possessing Piper Rose,,tt2007430,,tvMovie,0,1,tv_horror_tmdb_or_imdb
79190,Jabberwock Dragon Siege,,tt1734203,,tvMovie,0,1,tv_horror_tmdb_or_imdb
80385,The Hunchback of Notre Dame,,tt0084100,,tvMovie,0,1,tv_horror_tmdb_or_imdb
80577,Terror Out of the Sky,1978,tt0080007,"Drama, Horror",tvMovie,0,1,tv_horror_tmdb_or_imdb
80657,The Perfect Bride,1991,tt0102652,"Drama, Horror, Mystery, Thriller, TV Movie",tvMovie,1,1,tv_horror_tmdb_or_imdb
81009,Invitation to Hell,1984,tt0087480,"Horror, Mystery, Science Fiction, TV Movie",tvMovie,1,1,tv_horror_tmdb_or_imdb
81384,Shadow Zone: The Undead Express,1996,tt0117613,"Drama, Fantasy, Horror, Science Fiction",tvMovie,0,1,tv_horror_tmdb_or_imdb
83101,Ghouls,2008,tt1069228,"Fantasy, Horror",tvMovie,0,1,tv_horror_tmdb_or_imdb
83188,Camel Spiders,2011,tt1618372,"Fantasy, Horror, Science Fiction",tvMovie,0,1,tv_horror_tmdb_or_imdb
83579,The Hound of the Baskervilles,1983,tt0085692,"Crime, Horror, Mystery, TV Movie",tvMovie,1,1,tv_horror_tmdb_or_imdb
83822,The Tower,1985,tt0764666,"Crime, Horror, Mystery, Science Fiction, Thriller",tvMovie,0,1,tv_horror_tmdb_or_imdb
83842,Curse of the Black Widow,1977,tt0075900,"Horror, TV Movie",tvMovie,1,1,tv_horror_tmdb_or_imdb
83938,Scream: The Inside Story,,tt1785550,,tvMovie,0,1,tv_horror_tmdb_or_imdb
84359,Not Like Us,1995,tt0114003,"Horror, Science Fiction",tvMovie,0,1,tv_horror_tmdb_or_imdb
84898,Dead of Night,1977,tt0075917,"Horror, Mystery, Science Fiction, Thriller, TV Movie",tvMovie,1,1,tv_horror_tmdb_or_imdb
84982,Deadly Lessons,1983,tt0085410,"Horror, Thriller, TV Movie",tvMovie,1,1,tv_horror_tmdb_or_imdb
85190,No Place to Hide,1981,tt0082821,"Horror, Mystery, Thriller, TV Movie",tvMovie,1,1,tv_horror_tmdb_or_imdb
85195,Don't Go to Sleep,1982,tt0083844,"Horror, TV Movie",tvMovie,1,1,tv_horror_tmdb_or_imdb
85201,Till Death Do Us Part,1982,tt0084795,"Horror, Romance, Thriller",tvMovie,0,1,tv_horror_tmdb_or_imdb
85483,Something Evil,1972,tt0069298,"Drama, Horror, TV Movie",tvMovie,1,1,tv_horror_tmdb_or_imdb
86131,Child of Rage,1992,tt0103955,"Drama, Horror",tvMovie,0,1,tv_horror_tmdb_or_imdb
86571,Curse of Bigfoot,1978,tt0074365,"Horror, TV Movie",tvMovie,1,1,tv_horror_tmdb_or_imdb
86598,The UFO Incident,,tt0073834,,tvMovie,0,1,tv_horror_tmdb_or_imdb
86793,Trapped,1989,tt0098507,"Horror, Thriller, TV Movie",tvMovie,1,1,tv_horror_tmdb_or_imdb
86889,Dracula,1974,tt0070003,"Drama, Horror, TV Movie",tvMovie,1,1,tv_horror_tmdb_or_imdb
86973,Disappearance,2002,tt0311018,"Horror, Mystery, Thriller, TV Movie",tvMovie,1,1,tv_horror_tmdb_or_imdb
87846,The Haunting of Lisa,1996,tt0113272,"Drama, Horror, TV Movie",tvMovie,1,1,tv_horror_tmdb_or_imdb
87895,Satan’s Triangle,1979,tt0073662,"Horror, Mystery, TV Movie",tvMovie,1,1,tv_horror_tmdb_or_imdb
88357,Shock Chamber,1985,tt0350119,"Horror, TV Movie",tvMovie,1,1,tv_horror_tmdb_or_imdb
88424,Sexual Witchcraft,,tt1777591,,tvMovie,0,1,tv_horror_tmdb_or_imdb
89337,Blood Ties,1991,tt0101477,"Horror, Thriller",tvMovie,0,1,tv_horror_tmdb_or_imdb
90391,When Michael Calls,1972,tt0067977,"Horror, Thriller, TV Movie",tvMovie,1,1,tv_horror_tmdb_or_imdb
90831,Locusts,2005,tt0452640,"Action, Horror, Science Fiction",tvMovie,0,1,tv_horror_tmdb_or_imdb
90840,Manticore,2005,tt0417943,"Action, Fantasy, Horror, Science Fiction, TV Movie",tvMovie,1,1,tv_horror_tmdb_or_imdb
91408,Nails,,tt0104966,,tvMovie,0,1,tv_horror_tmdb_or_imdb
91923,Hybrid,2007,tt0874917,"Fantasy, Horror, Mystery, Thriller",tvMovie,0,1,tv_horror_tmdb_or_imdb
92764,They Come Back,2007,tt0932557,"Horror, Mystery, TV Movie",tvMovie,1,1,tv_horror_tmdb_or_imdb
93630,Curse of the Swamp Creature,1968,tt0060270,"Horror, Science Fiction, TV Movie",tvMovie,1,1,tv_horror_tmdb_or_imdb
93886,The Strange and Deadly Occurrence,1974,tt0072217,"Drama, Horror, TV Movie",tvMovie,1,1,tv_horror_tmdb_or_imdb
93957,Twists of Terror,1997,tt0117382,"Horror, Thriller, TV Movie",tvMovie,1,1,tv_horror_tmdb_or_imdb
94540,Black Forest,2012,tt1776088,"Fantasy, Horror, Science Fiction, TV Movie",tvMovie,1,1,tv_horror_tmdb_or_imdb
95547,Triassic Attack,2010,tt1733732,"Horror, Science Fiction, TV Movie",tvMovie,1,1,tv_horror_tmdb_or_imdb
95609,Raptor Island,2004,tt0401742,"Action, Adventure, Horror, Science Fiction, TV Movie",tvMovie,1,1,tv_horror_tmdb_or_imdb
96235,Vampire Bats,2005,tt0473105,"Action, Adventure, Horror, Science Fiction, TV Movie",tvMovie,1,1,tv_horror_tmdb_or_imdb
96367,WitchSlayer Gretl,2012,tt1684936,"Fantasy, Horror, Science Fiction, TV Movie",tvMovie,1,1,tv_horror_tmdb_or_imdb
97298,It's Alive!,1969,tt0063145,"Horror, Science Fiction, TV Movie",tvMovie,1,1,tv_horror_tmdb_or_imdb
97306,Creature of Destruction,1967,tt0061529,"Horror, Science Fiction, TV Movie",movie,1,0,tv_horror_tmdb_or_imdb
97589,Red Clover,2012,tt1876454,"Fantasy, Horror",tvMovie,0,1,tv_horror_tmdb_or_imdb
97593,Shark Kill,,tt0075205,,tvMovie,0,1,tv_horror_tmdb_or_imdb
98084,Legion of Fire: Killer Ants,1998,tt0122603,"Horror, TV Movie",tvMovie,1,1,tv_horror_tmdb_or_imdb
98197,Renfield the Undead,2011,tt1325026,Horror,tvEpisode,0,1,tv_horror_tmdb_or_imdb
98219,Crawlspace,1972,tt0066954,"Horror, Thriller, TV Movie",tvMovie,1,1,tv_horror_tmdb_or_imdb
98599,The Crying Child,,tt0115989,,tvMovie,0,1,tv_horror_tmdb_or_imdb
98903,The Devil's Daughter,1973,tt0068481,"Horror, TV Movie",tvMovie,1,1,tv_horror_tmdb_or_imdb
100192,Destination: Infestation,2007,tt0961208,"Action, Drama, Horror, Science Fiction, Thriller",tvMovie,0,1,tv_horror_tmdb_or_imdb
100314,Nightmare,2007,tt0993775,"Horror, Mystery",tvMovie,0,1,tv_horror_tmdb_or_imdb
100669,Shark Swarm,2008,tt1078927,"Action, Drama, Horror, Thriller",tvMovie,0,1,tv_horror_tmdb_or_imdb
100788,A Cold Night's Death,1973,tt0068390,"Horror, Science Fiction, Thriller, TV Movie",tvMovie,1,1,tv_horror_tmdb_or_imdb
101060,The House That Would Not Die,1970,tt0065855,"Horror, TV Movie",tvMovie,1,1,tv_horror_tmdb_or_imdb
101320,The Spiral Staircase,,tt0203941,,tvMovie,0,1,tv_horror_tmdb_or_imdb
101592,"Child of Darkness, Child of Light",,tt0101576,,tvMovie,0,1,tv_horror_tmdb_or_imdb
102794,Atomic Dog,1998,tt0147857,"Horror, Science Fiction, TV Movie",tvMovie,1,1,tv_horror_tmdb_or_imdb
104150,The Lottery,,tt0116924,,tvMovie,0,1,tv_horror_tmdb_or_imdb
104709,Ghoul,,tt1877647,,tvMovie,0,1,tv_horror_tmdb_or_imdb
104811,id 104811,,tt1945094,,tvMovie,0,1,tv_horror_tmdb_or_imdb
104846,The Fear of God: 25 Years of The Exorcist,,tt0237235,,tvMovie,0,1,tv_horror_tmdb_or_imdb
105022,The Phantom of Hollywood,1974,tt0071993,"Horror, Thriller, TV Movie",tvMovie,1,1,tv_horror_tmdb_or_imdb
105772,Alien Lockdown,2004,tt0395443,"Horror, Science Fiction",tvMovie,0,1,tv_horror_tmdb_or_imdb
105827,Dario Argento: An Eye for Horror,,tt0297847,,tvMovie,0,1,tv_horror_tmdb_or_imdb
106990,The Possessed,1977,tt0076563,"Horror, TV Movie",tvMovie,1,1,tv_horror_tmdb_or_imdb
108576,The Prince of Terror,1988,tt0237610,Horror,tvEpisode,0,1,tv_horror_tmdb_or_imdb
108788,Out of Mind: The Stories of H.P. Lovecraft,1998,tt0213968,"Fantasy, Horror, TV Movie",tvMovie,1,1,tv_horror_tmdb_or_imdb
109120,This House Possessed,1981,tt0083192,"Horror, TV Movie",tvMovie,1,1,tv_horror_tmdb_or_imdb
109157,A Warning to the Curious,1972,tt0217142,"Drama, Horror, TV Movie",tvEpisode,1,1,tv_horror_tmdb_or_imdb
109174,Silent Predators,1999,tt0203139,"Action, Horror, Thriller, TV Movie",tvMovie,1,1,tv_horror_tmdb_or_imdb
110152,See China and Die,1981,tt0165464,"Drama, Horror, Thriller, TV Movie",tvMovie,1,1,tv_horror_tmdb_or_imdb
110994,The Tower,1993,tt0108371,"Horror, Science Fiction",tvMovie,0,1,tv_horror_tmdb_or_imdb
111816,Bay Coven,1987,tt0092623,"Horror, Thriller, TV Movie",tvMovie,1,1,tv_horror_tmdb_or_imdb
111835,Night Visions,,tt0100253,,tvMovie,0,1,tv_horror_tmdb_or_imdb
112703,The Stepford Children,1987,tt0094036,"Horror, Mystery, Science Fiction, Thriller, TV Movie",tvMovie,1,1,tv_horror_tmdb_or_imdb
114010,Somebody Help Me 2,2010,tt1760998,Horror,tvMovie,0,1,tv_horror_tmdb_or_imdb
114164,Savage County,2010,tt1535080,"Horror, Thriller, TV Movie",tvMovie,1,1,tv_horror_tmdb_or_imdb
114440,Doctor Franken,1980,tt0080639,"Drama, Horror, Science Fiction",tvMovie,0,1,tv_horror_tmdb_or_imdb
115241,Stevie,2008,tt1303233,"Drama, Horror, Thriller",tvMovie,0,1,tv_horror_tmdb_or_imdb
115666,Nightmare on the 13th Floor,1990,tt0100262,"Horror, Mystery, Thriller, TV Movie",tvMovie,1,1,tv_horror_tmdb_or_imdb
116463,Arachnoquake,2012,tt2151543,"Horror, Science Fiction",tvMovie,0,1,tv_horror_tmdb_or_imdb
117258,Look What's Happened to Rosemary's Baby,1976,tt0074815,"Horror, TV Movie",tvMovie,1,1,tv_horror_tmdb_or_imdb
117366,The Haunting of Helen Walker,1995,tt0113271,"Horror, Thriller, TV Movie",tvMovie,1,1,tv_horror_tmdb_or_imdb
117856,Bigfoot,2012,tt1876261,"Adventure, Horror, Science Fiction, TV Movie",tvMovie,1,1,tv_horror_tmdb_or_imdb
117904,I've Been Waiting for You,1998,tt0143296,"Horror, Thriller, TV Movie",tvMovie,1,1,tv_horror_tmdb_or_imdb
118227,The Alien Within,1995,tt0114795,"Horror, Science Fiction",tvMovie,0,1,tv_horror_tmdb_or_imdb
118424,The Iceman Tapes: Conversations with a Killer,1992,tt0874289,"Crime, Documentary, Horror, Thriller",tvEpisode,0,1,tv_horror_tmdb_or_imdb
120045,Attack of the Mayan Mummy,1964,tt0057862,Horror,tvMovie,0,1,tv_horror_tmdb_or_imdb
120330,Fer-de-Lance,1974,tt0071494,"Adventure, Horror, TV Movie",tvMovie,1,1,tv_horror_tmdb_or_imdb
122539,Primal Force,,tt0194543,,tvMovie,0,1,tv_horror_tmdb_or_imdb
122742,El asesino del parking,2006,tt0452275,"Horror, Mystery",tvMovie,0,1,tv_horror_tmdb_or_imdb
122982,The Secretary,1995,tt0114376,"Drama, Horror, TV Movie",tvMovie,1,1,tv_horror_tmdb_or_imdb
123075,The Bad Seed,1985,tt0088766,"Crime, Drama, Horror, Thriller, TV Movie",tvMovie,1,1,tv_horror_tmdb_or_imdb
123324,Strays,1991,tt0102994,Horror,tvMovie,0,1,tv_horror_tmdb_or_imdb
126689,The Turn of the Screw,1974,tt0072328,"Drama, Horror, Thriller, TV Movie",tvMovie,1,1,tv_horror_tmdb_or_imdb
126816,I Can Make You Love Me,1993,tt0107178,"Horror, Thriller, TV Movie",tvMovie,1,1,tv_horror_tmdb_or_imdb
127953,Haunts of the Very Rich,1972,tt0068682,"Horror, Mystery, TV Movie",tvMovie,1,1,tv_horror_tmdb_or_imdb
128484,Boogeyman,2012,tt2118737,Horror,tvMovie,0,1,tv_horror_tmdb_or_imdb
128655,Haunted High,2012,tt2034009,"Fantasy, Horror, Mystery, Science Fiction, Thriller",tvMovie,0,1,tv_horror_tmdb_or_imdb
128748,Curse of the Blair Witch,1999,tt0202493,"Horror, Thriller",tvMovie,0,1,tv_horror_tmdb_or_imdb
128791,Monster Makers,,tt0363827,,tvMovie,0,1,tv_horror_tmdb_or_imdb
128862,The Bogus Witch Project,,tt0250990,,tvMovie,0,1,tv_horror_tmdb_or_imdb
129547,Cry for the Strangers,1982,tt0083772,"Horror, Thriller, TV Movie",tvMovie,1,1,tv_horror_tmdb_or_imdb
131914,The Uninvited,1996,tt0141937,"Drama, Horror, Mystery",tvMovie,0,1,tv_horror_tmdb_or_imdb
132447,From the Dead of Night,1989,tt0097392,"Drama, Fantasy, Horror, Mystery, TV Movie",tvMovie,1,1,tv_horror_tmdb_or_imdb
132894,Aladdin and the Death Lamp,2012,tt2415710,"Adventure, Fantasy, Horror, TV Movie",tvMovie,1,1,tv_horror_tmdb_or_imdb
132935,Blind Witness,1989,tt0096946,"Horror, Mystery, Thriller, TV Movie",tvMovie,1,1,tv_horror_tmdb_or_imdb
133167,The Victim,1972,tt0069461,"Crime, Drama, Horror, Mystery, Thriller, TV Movie",tvMovie,1,1,tv_horror_tmdb_or_imdb
133172,Revenge!,1971,tt0067673,"Horror, Thriller, TV Movie",tvMovie,1,1,tv_horror_tmdb_or_imdb
133197,Sightings: Heartland Ghost,2002,tt0286680,"Horror, Thriller, TV Movie",tvMovie,1,1,tv_horror_tmdb_or_imdb
133714,Within the Rock,1996,tt0118183,"Horror, Science Fiction",tvMovie,0,1,tv_horror_tmdb_or_imdb
134182,The Stalls of Barchester,1971,tt0217060,"Horror, TV Movie",tvEpisode,1,1,tv_horror_tmdb_or_imdb
134404,The Cormorant,1993,tt0106614,"Drama, Horror",tvEpisode,0,1,tv_horror_tmdb_or_imdb
134607,The Unquiet,,tt1059924,,tvMovie,0,1,tv_horror_tmdb_or_imdb
134760,The World Beyond,1978,tt0235068,"Horror, Thriller, TV Movie",tvMovie,1,1,tv_horror_tmdb_or_imdb
134800,The Screaming Woman,1972,tt0067721,"Drama, Horror, Thriller, TV Movie",tvMovie,1,1,tv_horror_tmdb_or_imdb
135309,Lake Placid: The Final Chapter,2012,tt2117905,"Horror, Science Fiction",tvMovie,0,1,tv_horror_tmdb_or_imdb
135940,Terror at London Bridge,1985,tt0088852,"Horror, Thriller",tvMovie,0,1,tv_horror_tmdb_or_imdb
135945,When Evil Calls,2006,tt0897403,Horror,tvMiniSeries,0,1,tv_horror_tmdb_or_imdb
136946,Child in the Night,,tt0099252,,tvMovie,0,1,tv_horror_tmdb_or_imdb
137533,Revenge of the Stepford Wives,1980,tt0081423,"Horror, Science Fiction, Thriller, TV Movie",tvMovie,1,1,tv_horror_tmdb_or_imdb
137540,The Stepford Husbands,1996,tt0117741,"Drama, Horror, Science Fiction, TV Movie",tvMovie,1,1,tv_horror_tmdb_or_imdb
137847,Not of This Earth,1995,tt0114004,"Horror, Science Fiction",tvMovie,0,1,tv_horror_tmdb_or_imdb
138544,American Horror House,2012,tt2402539,Horror,tvMovie,0,1,tv_horror_tmdb_or_imdb
138987,Coda,1987,tt0094971,"Horror, Thriller",tvMovie,0,1,tv_horror_tmdb_or_imdb
139244,The Tale of Sweeney Todd,1998,tt0147582,"Horror, Mystery, TV Movie",tvMovie,1,1,tv_horror_tmdb_or_imdb
139404,Hotline,1982,tt0084095,"Crime, Horror, Mystery, Thriller, TV Movie",tvMovie,1,1,tv_horror_tmdb_or_imdb
140174,Rise of the Zombies,2012,tt2236182,"Action, Horror, Thriller",tvMovie,0,1,tv_horror_tmdb_or_imdb
140820,Deadly Messages,1985,tt0088998,"Horror, TV Movie",tvMovie,1,1,tv_horror_tmdb_or_imdb
141222,Brimstone and Treacle,1976,tt0074241,"Drama, Horror, TV Movie",tvMovie,1,1,tv_horror_tmdb_or_imdb
141735,The Treasure of Abbot Thomas,1974,tt0072312,"Horror, Mystery, TV Movie",tvEpisode,1,1,tv_horror_tmdb_or_imdb
142708,Apology,1986,tt0090653,"Horror, Thriller",tvMovie,0,1,tv_horror_tmdb_or_imdb
143780,Not of This World,1991,tt0102556,"Horror, Science Fiction, TV Movie",tvMovie,1,1,tv_horror_tmdb_or_imdb
144070,A View from a Hill,2005,tt0499593,"Drama, Horror, TV Movie",tvEpisode,1,1,tv_horror_tmdb_or_imdb
144113,Number 13,2006,tt0934533,"Horror, TV Movie",tvEpisode,1,1,tv_horror_tmdb_or_imdb
144206,Whistle and I'll Come to You,2010,tt1795050,"Horror, TV Movie",tvEpisode,1,1,tv_horror_tmdb_or_imdb
144839,Evil Stalks This House,1981,tt0233673,"Horror, Thriller, TV Movie",tvMovie,1,1,tv_horror_tmdb_or_imdb
146028,Ghost Storm,2012,tt1939686,"Action, Horror, Science Fiction, TV Movie",tvMovie,1,1,tv_horror_tmdb_or_imdb
148993,The Devil's Child,1997,tt0123036,"Horror, Thriller",tvMovie,0,1,tv_horror_tmdb_or_imdb
151188,Haunting Desires,2006,tt0407856,"Fantasy, Horror, Thriller",tvMovie,0,1,tv_horror_tmdb_or_imdb
151725,Dead of Night: A Darkness at Blaisedon,1969,tt0356507,"Horror, TV Movie",tvMovie,1,1,tv_horror_tmdb_or_imdb
152130,Playdate,,tt2375417,,tvMovie,0,1,tv_horror_tmdb_or_imdb
152907,The Cat Creature,1973,tt0069855,"Horror, TV Movie",tvMovie,1,1,tv_horror_tmdb_or_imdb
153072,Dream House,1998,tt0149448,"Horror, Science Fiction, Thriller, TV Movie",tvMovie,1,1,tv_horror_tmdb_or_imdb
153102,12 Days Of Terror,2004,tt0373653,"Drama, Horror, TV Movie",tvMovie,1,1,tv_horror_tmdb_or_imdb
154566,Wheels of Terror,1990,tt0100917,"Horror, Thriller, TV Movie",tvMovie,1,1,tv_horror_tmdb_or_imdb
157272,Bio-Dead,,tt1337094,,tvMovie,0,1,tv_horror_tmdb_or_imdb
157910,PROBE: The Devil of Winterborne,1995,tt0180641,"Crime, Horror, Science Fiction, Thriller",tvEpisode,0,1,tv_horror_tmdb_or_imdb
159324,Calendar Girl Murders,,tt0087022,,tvMovie,0,1,tv_horror_tmdb_or_imdb
160697,Tasmanian Devils,2013,tt2180543,"Action, Adventure, Fantasy, Horror, Science Fiction, TV Movie",tvMovie,1,1,tv_horror_tmdb_or_imdb
161119,Survival Earth,1985,tt0192649,"Action, Drama, Horror, Science Fiction",tvMovie,0,1,tv_horror_tmdb_or_imdb
161128,Blue Murder,1985,tt0207348,"Crime, Drama, Horror, Thriller, TV Movie",tvMovie,1,1,tv_horror_tmdb_or_imdb
161374,Tarantulas: The Deadly Cargo,1977,tt0076798,"Adventure, Horror, Thriller, TV Movie",tvMovie,1,1,tv_horror_tmdb_or_imdb
162678,London After Midnight,2002,tt0339312,"Drama, Horror, TV Movie",tvMovie,1,1,tv_horror_tmdb_or_imdb
163008,Deadly Descent,2013,tt1869362,"Fantasy, Horror",tvMovie,0,1,tv_horror_tmdb_or_imdb
168248,The Henderson Monster,,tt0080859,,tvMovie,0,1,tv_horror_tmdb_or_imdb
168802,Heebie Jeebies,2013,tt2327319,Horror,tvMovie,0,1,tv_horror_tmdb_or_imdb
169494,Scream of the Wolf,1974,tt0072128,"Horror, Thriller, TV Movie",tvMovie,1,1,tv_horror_tmdb_or_imdb
170885,Annihilator,1986,tt0090649,"Horror, Mystery, Science Fiction",tvMovie,0,1,tv_horror_tmdb_or_imdb
171292,"I, Desire",1982,tt0083821,"Crime, Horror, Thriller, TV Movie",tvMovie,1,1,tv_horror_tmdb_or_imdb
171308,Baffled!,,tt0068248,,tvMovie,0,1,tv_horror_tmdb_or_imdb
173795,13 Gantry Row,,tt0162128,,tvMovie,0,1,tv_horror_tmdb_or_imdb
177146,Flying Monkeys,2013,tt2205652,"Fantasy, Horror, Science Fiction",tvMovie,0,1,tv_horror_tmdb_or_imdb
178146,The Lady Vanishes,2013,tt2183152,"Horror, Mystery, Thriller",tvMovie,0,1,tv_horror_tmdb_or_imdb
179123,Eyewitness,1990,tt0152992,"Horror, TV Movie",tvEpisode,1,1,tv_horror_tmdb_or_imdb
180276,Chupacabra vs. the Alamo,2013,tt2247748,"Action, Fantasy, Horror, TV Movie",tvMovie,1,1,tv_horror_tmdb_or_imdb
181175,Summoned,2013,tt2429870,"Horror, Thriller, TV Movie",tvMovie,1,1,tv_horror_tmdb_or_imdb
183149,A Near Death Experience,2008,tt1167319,"Drama, Horror, Mystery, TV Movie",tvMovie,1,1,tv_horror_tmdb_or_imdb
183327,I'm Dangerous Tonight,1990,tt0099822,"Horror, Thriller, TV Movie",tvMovie,1,1,tv_horror_tmdb_or_imdb
184150,Death at Love House,1976,tt0074384,"Horror, Mystery, TV Movie",tvMovie,1,1,tv_horror_tmdb_or_imdb
184712,Battledogs,2013,tt2457138,"Action, Horror, Science Fiction",tvMovie,0,1,tv_horror_tmdb_or_imdb
184804,A Taste of Evil,1971,tt0067828,"Horror, Thriller, TV Movie",tvMovie,1,1,tv_horror_tmdb_or_imdb
185406,"Sweet, Sweet Rachel",1971,tt0067811,"Horror, Thriller",tvMovie,0,1,tv_horror_tmdb_or_imdb
186349,The Strange Possession of Mrs. Oliver,1977,tt0076771,"Drama, Horror, Mystery, Thriller, TV Movie",tvMovie,1,1,tv_horror_tmdb_or_imdb
189299,The Haunting of Seacliff Inn,1994,tt0109997,"Drama, Horror, Mystery",tvMovie,0,1,tv_horror_tmdb_or_imdb
198194,Second Sight,2007,tt1151400,"Horror, Thriller",tvMovie,0,1,tv_horror_tmdb_or_imdb
200535,The Werewolf of Woodstock,1975,tt0179510,"Horror, TV Movie",tvEpisode,1,1,tv_horror_tmdb_or_imdb
202626,Night Cries,1978,tt0077990,"Drama, Horror, TV Movie",tvMovie,1,1,tv_horror_tmdb_or_imdb
203116,Shadowhunter,1993,tt0108100,"Action, Drama, Horror, TV Movie",movie,1,0,tv_horror_tmdb_or_imdb
203155,Last Bride Of Salem,1974,tt0272169,"Drama, Horror",tvEpisode,0,1,tv_horror_tmdb_or_imdb
203525,Beastly Boyz,2006,tt0482351,"Horror, Thriller",tvMovie,0,1,tv_horror_tmdb_or_imdb
204730,The Intruder Within,1981,tt0082565,"Horror, Science Fiction, TV Movie",tvMovie,1,1,tv_horror_tmdb_or_imdb
204839,The Stepdaughter,2000,tt0221581,"Horror, Thriller, TV Movie",video,1,0,tv_horror_tmdb_or_imdb
205091,The Yellow Wallpaper,1989,tt0314918,"Drama, History, Horror, Thriller, TV Movie",tvMovie,1,1,tv_horror_tmdb_or_imdb
206157,Into the Badlands,1991,tt0102125,"Horror, TV Movie, Western",tvMovie,1,1,tv_horror_tmdb_or_imdb
206630,"Scream, Pretty Peggy",1973,tt0070657,"Drama, Horror, Mystery, Thriller, TV Movie",tvMovie,1,1,tv_horror_tmdb_or_imdb
206970,A Coffin for the Bride,,tt0212061,,tvEpisode,0,1,tv_horror_tmdb_or_imdb
208492,The Beasts Are on the Streets,,tt0077216,,tvMovie,0,1,tv_horror_tmdb_or_imdb
209434,The Darker Side of Terror,1979,tt0077400,"Horror, Science Fiction, TV Movie",tvMovie,1,1,tv_horror_tmdb_or_imdb
209443,The Aliens Are Coming,,tt0080348,,tvMovie,0,1,tv_horror_tmdb_or_imdb
210298,The Darklings,1999,tt0186019,"Crime, Drama, Horror, Mystery, Thriller",tvMovie,0,1,tv_horror_tmdb_or_imdb
210454,Kiss Me and Die,,tt0212281,,tvEpisode,0,1,tv_horror_tmdb_or_imdb
210599,Killer Bees,1974,tt0071718,"Horror, TV Movie",tvMovie,1,1,tv_horror_tmdb_or_imdb
211318,Emmanuelle - The Private Collection: The Sex Lives Of Ghosts,,tt7425296,,tvEpisode,0,1,tv_horror_tmdb_or_imdb
211421,Screamer,1974,tt0213227,"Crime, Horror, Mystery, Thriller",tvEpisode,0,1,tv_horror_tmdb_or_imdb
213281,Hellfire,1995,tt0113287,"Horror, Thriller",tvMovie,0,1,tv_horror_tmdb_or_imdb
214024,Thirteen to Centaurus,1965,tt0279463,"Drama, Horror, Science Fiction",tvEpisode,0,1,tv_horror_tmdb_or_imdb
214641,Schalcken the Painter,1979,tt0286049,"Drama, Fantasy, Horror, TV Movie",tvMovie,1,1,tv_horror_tmdb_or_imdb
216043,The Iceman Confesses: Secrets of a Mafia Hitman,2001,tt0347228,"Crime, Documentary, Horror, Thriller",tvMovie,0,1,tv_horror_tmdb_or_imdb
216176,Death Car on the Freeway,,tt0080601,,tvMovie,0,1,tv_horror_tmdb_or_imdb
216183,Mysterious Two,,tt0084375,,tvMovie,0,1,tv_horror_tmdb_or_imdb
216194,The Death Train,1978,tt0275293,"Crime, Horror, Thriller, TV Movie",tvMovie,1,1,tv_horror_tmdb_or_imdb
216196,Deathmoon,1978,tt0077411,"Horror, Mystery, TV Movie",tvMovie,1,1,tv_horror_tmdb_or_imdb
216539,Ghost Shark,2013,tt2600742,"Horror, Science Fiction",tvMovie,0,1,tv_horror_tmdb_or_imdb
217085,Night Slaves,1970,tt0066140,"Horror, Science Fiction, TV Movie",tvMovie,1,1,tv_horror_tmdb_or_imdb
218485,The Ripper,,tt0120023,,tvMovie,0,1,tv_horror_tmdb_or_imdb
219180,Murder in Space,,tt0089641,,tvMovie,0,1,tv_horror_tmdb_or_imdb
219247,Zombie Night,2013,tt2978716,Horror,tvMovie,0,1,tv_horror_tmdb_or_imdb
219386,Isn't It Shocking?,,tt0070229,,tvMovie,0,1,tv_horror_tmdb_or_imdb
219878,The Haunting of Sarah Hardy,1989,tt0097482,Horror,tvMovie,0,1,tv_horror_tmdb_or_imdb
219932,The Dollhouse Murders,1992,tt0111144,"Family, Horror, Mystery, Thriller, TV Movie",tvMovie,1,1,tv_horror_tmdb_or_imdb
221002,The Chelsea Murders,1981,tt1235523,"Horror, Thriller",tvEpisode,0,1,tv_horror_tmdb_or_imdb
221506,Satan's School for Girls,2000,tt0203088,"Drama, Horror, TV Movie",tvMovie,1,1,tv_horror_tmdb_or_imdb
221737,RoboCroc,2013,tt3188560,"Fantasy, Horror, Science Fiction",tvMovie,0,1,tv_horror_tmdb_or_imdb
222851,Sawbones,1995,tt0114343,"Horror, TV Movie",tvMovie,1,1,tv_horror_tmdb_or_imdb
222882,House of the Damned,1996,tt0116573,Horror,tvMovie,0,1,tv_horror_tmdb_or_imdb
223263,Inhumanoid,1996,tt0118856,"Horror, Science Fiction, Thriller, TV Movie",tvMovie,1,1,tv_horror_tmdb_or_imdb
223269,The People Across the Lake,1988,tt0095846,Horror,tvMovie,0,1,tv_horror_tmdb_or_imdb
223753,Saurian,2006,tt0478242,"Horror, Science Fiction, TV Movie",tvMovie,1,1,tv_horror_tmdb_or_imdb
223780,13 Witches,2012,tt2233925,Horror,tvSeries,0,1,tv_horror_tmdb_or_imdb
224069,Fantasies,1982,tt0083923,"Horror, Thriller",tvMovie,0,1,tv_horror_tmdb_or_imdb
224073,Body Count,1986,tt1244512,"Crime, Horror, Thriller",tvMovie,0,1,tv_horror_tmdb_or_imdb
224630,The Nightmare Man,1981,tt0170989,"Fantasy, Horror, Mystery, Science Fiction, TV Movie",tvSeries,1,1,tv_horror_tmdb_or_imdb
226179,Forever 16,2013,tt2813064,"Fantasy, Horror, TV Movie",tvMovie,1,1,tv_horror_tmdb_or_imdb
226630,Blackout,1985,tt0088816,"Crime, Horror, Thriller, TV Movie",tvMovie,1,1,tv_horror_tmdb_or_imdb
226640,Black Noon,1971,tt0066836,"Horror, TV Movie, Western",tvMovie,1,1,tv_horror_tmdb_or_imdb
226948,Scarecrow,2013,tt2071571,"Horror, Science Fiction",tvMovie,0,1,tv_horror_tmdb_or_imdb
227008,Bride of Monster Mania,2000,tt0289098,"Documentary, Horror",tvMovie,0,1,tv_horror_tmdb_or_imdb
227213,Gila!,2012,tt2175675,"Horror, Science Fiction, TV Movie",tvMovie,1,1,tv_horror_tmdb_or_imdb
229108,A Howling in the Woods,1971,tt0067221,"Horror, Mystery, TV Movie",tvMovie,1,1,tv_horror_tmdb_or_imdb
229839,Grave Halloween,2013,tt2805748,"Horror, Science Fiction, TV Movie",tvMovie,1,1,tv_horror_tmdb_or_imdb
232777,Sacrifice,2000,tt0156984,"Action, Horror, Thriller",tvMovie,0,1,tv_horror_tmdb_or_imdb
233383,Robin Redbreast,1970,tt0498409,"Horror, Mystery, TV Movie",tvEpisode,1,1,tv_horror_tmdb_or_imdb
233738,The V Word,2006,tt0817401,"Horror, TV Movie",tvEpisode,1,1,tv_horror_tmdb_or_imdb
233885,We All Scream for Ice Cream,2007,tt0817402,"Horror, TV Movie",tvEpisode,1,1,tv_horror_tmdb_or_imdb
237293,id 237293,,tt2980114,,tvMiniSeries,0,1,tv_horror_tmdb_or_imdb
238384,Covenant,1985,tt0088958,"Drama, Horror, TV Movie",tvMovie,1,1,tv_horror_tmdb_or_imdb
241308,The Hunchback of Notre Dame,1976,tt0246689,"Drama, Horror, TV Movie",tvMovie,1,1,tv_horror_tmdb_or_imdb
241310,The Picture of Dorian Gray,1973,tt0070533,"Horror, TV Movie",tvMovie,1,1,tv_horror_tmdb_or_imdb
243714,Night of the Hunter,,tt0102533,,tvMovie,0,1,tv_horror_tmdb_or_imdb
245367,Summer of Fear,,tt0117780,,tvMovie,0,1,tv_horror_tmdb_or_imdb
246822,Wild Grizzly,2000,tt0191653,"Adventure, Horror",tvMovie,0,1,tv_horror_tmdb_or_imdb
248045,The Raven,2007,tt1006947,"Horror, Mystery",tvMovie,0,1,tv_horror_tmdb_or_imdb
249195,The Hound of the Baskervilles,1972,tt0068719,"Crime, Horror, Mystery, TV Movie",tvMovie,1,1,tv_horror_tmdb_or_imdb
249260,Avalanche Sharks,2014,tt2622826,"Action, Horror, Science Fiction",tvMovie,0,1,tv_horror_tmdb_or_imdb
250362,Daemon,1985,tt0090896,"Family, Horror, Mystery",tvMovie,0,1,tv_horror_tmdb_or_imdb
251211,She's Dressed to Kill,,tt0079898,,tvMovie,0,1,tv_horror_tmdb_or_imdb
252273,Final Notice,,tt0097355,,tvMovie,0,1,tv_horror_tmdb_or_imdb
252296,Murder by Night,1989,tt0097932,"Horror, Mystery, Thriller",tvMovie,0,1,tv_horror_tmdb_or_imdb
252297,Murderous Vision,,tt0102486,,tvMovie,0,1,tv_horror_tmdb_or_imdb
252320,The Lightning Incident,1991,tt0102309,"Drama, Horror, Science Fiction, Thriller",tvMovie,0,1,tv_horror_tmdb_or_imdb
252422,Portrait in Terror,1965,tt0131543,"Crime, Horror, Mystery, Thriller",tvMovie,0,1,tv_horror_tmdb_or_imdb
252715,The Deadly Dream,1971,tt0066972,"Drama, Horror, Science Fiction, TV Movie",tvMovie,1,1,tv_horror_tmdb_or_imdb
252857,A Pattern of Roses,1983,tt0213989,"Drama, Horror, Mystery, TV Movie",tvMovie,1,1,tv_horror_tmdb_or_imdb
252880,The Devil and Miss Sarah,1971,tt0066991,"Horror, Western",tvMovie,0,1,tv_horror_tmdb_or_imdb
252905,Maneater,1973,tt0070367,"Adventure, Drama, Horror, Thriller, TV Movie",tvMovie,1,1,tv_horror_tmdb_or_imdb
252932,Locusts,1974,tt0071769,"Drama, Horror, Thriller, TV Movie",tvMovie,1,1,tv_horror_tmdb_or_imdb
256830,The Woman Hunter,,tt0069510,,tvMovie,0,1,tv_horror_tmdb_or_imdb
257646,Homewrecker,1992,tt0104433,"Horror, Science Fiction, TV Movie",tvMovie,1,1,tv_horror_tmdb_or_imdb
258726,The Game,1989,tt0273627,"Horror, Thriller",tvEpisode,0,1,tv_horror_tmdb_or_imdb
259633,Dr Jekyll and Mr Hyde,1980,tt0081853,"Horror, Thriller",tvMovie,0,1,tv_horror_tmdb_or_imdb
261357,They,1993,tt0108324,"Drama, Horror, Mystery, TV Movie",tvMovie,1,1,tv_horror_tmdb_or_imdb
261624,The Lake,1998,tt0137902,"Horror, Mystery, Science Fiction",tvMovie,0,1,tv_horror_tmdb_or_imdb
262305,Curse of the Moon Child,1972,tt0266435,"Horror, TV Movie",movie,1,0,tv_horror_tmdb_or_imdb
262324,Skeletons,1997,tt0117661,"Drama, Horror, Thriller, TV Movie",tvMovie,1,1,tv_horror_tmdb_or_imdb
262522,Poison,,tt0241251,,tvMovie,0,1,tv_horror_tmdb_or_imdb
262837,Victims,,tt0084864,,tvMovie,0,1,tv_horror_tmdb_or_imdb
265067,Vampire,1979,tt0080079,"Horror, TV Movie",tvMovie,1,1,tv_horror_tmdb_or_imdb
270057,The Night Nurse,1978,tt0077991,"Horror, Mystery, TV Movie",tvMovie,1,1,tv_horror_tmdb_or_imdb
270851,Blood Lake,2014,tt3723790,"Horror, Thriller",tvMovie,0,1,tv_horror_tmdb_or_imdb
274025,The Phone Call,1989,tt0098092,"Drama, Horror",tvMovie,0,1,tv_horror_tmdb_or_imdb
274477,Snakehead Swamp,2014,tt3518702,"Horror, Science Fiction",tvMovie,0,1,tv_horror_tmdb_or_imdb
276692,Natural Selection,1994,tt0109547,"Horror, Mystery, Science Fiction, Thriller, TV Movie",tvMovie,1,1,tv_horror_tmdb_or_imdb
276956,The 50 Best Horror Movies You've Never Seen,2014,tt1671746,"Documentary, Horror",tvMovie,0,1,tv_horror_tmdb_or_imdb
278388,The Iceman and the Psychiatrist,2004,tt0875695,"Crime, Documentary, Horror, Thriller",tvMovie,0,1,tv_horror_tmdb_or_imdb
278670,You Belong to Me,2008,tt1124375,"Crime, Horror, Mystery, Thriller, TV Movie",tvMovie,1,1,tv_horror_tmdb_or_imdb
278934,The Fury Within,1998,tt0176739,"Drama, Family, Horror",tvMovie,0,1,tv_horror_tmdb_or_imdb
281111,Midnight's Child,1992,tt0104865,"Horror, Thriller",tvMovie,0,1,tv_horror_tmdb_or_imdb
281979,Doctor Who: The Waters of Mars,,tt1413314,,tvEpisode,0,1,tv_horror_tmdb_or_imdb
282901,Evil Never Dies,2003,tt0355427,"Horror, Thriller",tvMovie,0,1,tv_horror_tmdb_or_imdb
283627,The Forgotten Wells,1994,tt0099603,"Action, Horror, Thriller",tvMovie,0,1,tv_horror_tmdb_or_imdb
284125,Ghostbreakers,1967,tt0447171,"Horror, TV Movie",tvMovie,1,1,tv_horror_tmdb_or_imdb
284249,Fear No Evil,1969,tt0064319,"Horror, Thriller, TV Movie",tvMovie,1,1,tv_horror_tmdb_or_imdb
284319,The Force of Evil,,tt0285569,,tvMovie,0,1,tv_horror_tmdb_or_imdb
284711,Sharktopus vs. Pteracuda,2014,tt3743126,"Horror, Science Fiction, TV Movie",tvMovie,1,1,tv_horror_tmdb_or_imdb
288588,Valerie on the Stairs,2006,tt0805420,"Horror, TV Movie",tvEpisode,1,1,tv_horror_tmdb_or_imdb
289021,Sounds Like,2006,tt0817400,"Horror, TV Movie",tvEpisode,1,1,tv_horror_tmdb_or_imdb
289923,The Burkittsville 7,2000,tt0252966,Horror,tvMovie,0,1,tv_horror_tmdb_or_imdb
290988,MR James: Ghost Writer,2013,tt3425256,"Documentary, Fantasy, Horror, TV Movie",tvMovie,1,1,tv_horror_tmdb_or_imdb
291167,Crystal Skulls,2014,tt3981112,"Adventure, Fantasy, Horror, Mystery, Science Fiction, TV Movie",tvMovie,1,1,tv_horror_tmdb_or_imdb
291279,The Invasion of Carol Enders,1973,tt0218353,"Drama, Horror, TV Movie",tvMovie,1,1,tv_horror_tmdb_or_imdb
292523,Whistle and I'll Come to You,1968,tt0063381,"Horror, TV Movie",tvEpisode,1,1,tv_horror_tmdb_or_imdb
293093,Dark Haul,2014,tt3188614,Horror,tvMovie,0,1,tv_horror_tmdb_or_imdb
293830,Terminal,1996,tt0117879,"Drama, Horror",tvMovie,0,1,tv_horror_tmdb_or_imdb
294562,Lavalantula,2015,tt4060576,"Horror, Science Fiction, Thriller",tvMovie,0,1,tv_horror_tmdb_or_imdb
295774,Once Upon a Midnight Scary,1979,tt0079666,"Horror, TV Movie",tvEpisode,1,1,tv_horror_tmdb_or_imdb
295900,The Unknown,1964,tt0376292,"Horror, Science Fiction, TV Movie",tvMovie,1,1,tv_horror_tmdb_or_imdb
296241,Homecoming,2005,tt0643105,"Horror, Thriller, TV Movie",tvEpisode,1,1,tv_horror_tmdb_or_imdb
296626,Finders Keepers,2014,tt3534842,"Horror, Mystery, Thriller",tvMovie,0,1,tv_horror_tmdb_or_imdb
298723,Pro-Life,2006,tt0785532,"Horror, Thriller, TV Movie",tvEpisode,1,1,tv_horror_tmdb_or_imdb
298830,The Dorm,2014,tt3587064,"Horror, Thriller",tvMovie,0,1,tv_horror_tmdb_or_imdb
299438,Jenifer,2005,tt0643108,"Horror, TV Movie",tvEpisode,1,1,tv_horror_tmdb_or_imdb
299468,Russian Yeti: The Killer Lives,,tt3781666,,tvMovie,0,1,tv_horror_tmdb_or_imdb
301303,The Advocate's Devil,1997,tt0126774,"Crime, Drama, Horror",tvMovie,0,1,tv_horror_tmdb_or_imdb
302038,An Erotic Tale of Ms. Dracula,,tt4270700,,tvMovie,0,1,tv_horror_tmdb_or_imdb
305655,Haeckel's Tale,2006,tt0643106,"Horror, TV Movie",tvEpisode,1,1,tv_horror_tmdb_or_imdb
307719,id 307719,,tt0117997,,tvMovie,0,1,tv_horror_tmdb_or_imdb
308724,Seduced by Evil,1994,tt0111114,"Fantasy, Horror, Thriller, TV Movie",tvMovie,1,1,tv_horror_tmdb_or_imdb
314762,The Curse of King Tut's Tomb,1980,tt0080582,"Horror, Mystery, Thriller, TV Movie",tvMovie,1,1,tv_horror_tmdb_or_imdb
315306,Rattled,1996,tt0117444,"Horror, Thriller, TV Movie",tvMovie,1,1,tv_horror_tmdb_or_imdb
315379,Paper Man,,tt0067551,,tvMovie,0,1,tv_horror_tmdb_or_imdb
319203,Dream Cruise,2007,tt0868394,"Horror, TV Movie",tvEpisode,1,1,tv_horror_tmdb_or_imdb
319206,The Washingtonians,2007,tt0854548,"Horror, TV Movie",tvEpisode,1,1,tv_horror_tmdb_or_imdb
319297,The Black Cat,2007,tt0785533,"Horror, TV Movie",tvEpisode,1,1,tv_horror_tmdb_or_imdb
319302,Right to Die,2007,tt0871197,"Horror, Thriller, TV Movie",tvEpisode,1,1,tv_horror_tmdb_or_imdb
319309,Family,2006,tt0782399,"Horror, TV Movie",tvEpisode,1,1,tv_horror_tmdb_or_imdb
319311,The Damned Thing,2006,tt0805419,"Drama, Horror, TV Movie",tvEpisode,1,1,tv_horror_tmdb_or_imdb
319318,The Fair Haired Child,2006,tt0643112,"Horror, TV Movie",tvEpisode,1,1,tv_horror_tmdb_or_imdb
319323,Chocolate,2006,tt0643101,"Horror, TV Movie",tvEpisode,1,1,tv_horror_tmdb_or_imdb
319324,Dance of the Dead,2005,tt0643102,"Horror, Science Fiction, TV Movie",tvEpisode,1,1,tv_horror_tmdb_or_imdb
319326,Dreams in the Witch House,2005,tt0643104,"Horror, Thriller, TV Movie",tvEpisode,1,1,tv_horror_tmdb_or_imdb
319327,Incident On and Off a Mountain Road,2005,tt0643107,"Horror, TV Movie",tvEpisode,1,1,tv_horror_tmdb_or_imdb
320764,The Haunting Passion,,tt0085652,,tvMovie,0,1,tv_horror_tmdb_or_imdb
321740,Breeding Farm,2013,tt2317412,"Horror, TV Movie",movie,1,0,tv_horror_tmdb_or_imdb
321910,The Picture of Dorian Gray,1976,tt0217723,"Drama, Fantasy, Horror",tvEpisode,0,1,tv_horror_tmdb_or_imdb
327389,Cigarette Burns,2005,tt0643109,"Horror, TV Movie",tvEpisode,1,1,tv_horror_tmdb_or_imdb
328014,The Face of Fear,1990,tt0099534,"Horror, Thriller, TV Movie",tvMovie,1,1,tv_horror_tmdb_or_imdb
331446,Sharknado 3: Oh Hell No!,,tt3899796,,tvMovie,0,1,tv_horror_tmdb_or_imdb
331692,Haunted by Her Past,1987,tt0078218,"Horror, TV Movie",tvMovie,1,1,tv_horror_tmdb_or_imdb
333742,Casting the Runes,1979,tt0492874,"Horror, Mystery, Thriller, TV Movie",tvEpisode,1,1,tv_horror_tmdb_or_imdb
334033,Sick Girl,2006,tt0643111,"Horror, TV Movie",tvEpisode,1,1,tv_horror_tmdb_or_imdb
335033,She Waits,1972,tt0067744,"Horror, TV Movie",tvMovie,1,1,tv_horror_tmdb_or_imdb
335034,Ritual of Evil,1970,tt0064898,"Drama, Horror, TV Movie",tvMovie,1,1,tv_horror_tmdb_or_imdb
335409,Sharkansas Women's Prison Massacre,2015,tt3403194,"Action, Horror, Science Fiction, TV Movie",tvMovie,1,1,tv_horror_tmdb_or_imdb
336237,PROBE: The Zero Imperative,1994,tt0111824,"Action, Adventure, Crime, Horror, Science Fiction",tvEpisode,0,1,tv_horror_tmdb_or_imdb
336238,PROBE: Unnatural Selection,,tt0188263,,tvEpisode,0,1,tv_horror_tmdb_or_imdb
336241,PROBE: The Ghosts of Winterborne,1996,tt0185334,"Crime, Fantasy, Horror, Science Fiction, Thriller",tvEpisode,0,1,tv_horror_tmdb_or_imdb
336560,Lake Placid vs. Anaconda,2015,tt4497416,"Action, Horror",tvMovie,0,1,tv_horror_tmdb_or_imdb
337889,The Fall of the House of Usher,1979,tt0083917,"Drama, Horror",tvMovie,0,1,tv_horror_tmdb_or_imdb
338393,Fade to Black,1993,tt0106853,"Horror, TV Movie",tvMovie,1,1,tv_horror_tmdb_or_imdb
342757,The Eyes Have It,,tt0212141,,tvEpisode,0,1,tv_horror_tmdb_or_imdb
343243,The Sins of Dorian Gray,1983,tt0086315,"Drama, Horror, TV Movie",tvMovie,1,1,tv_horror_tmdb_or_imdb
343930,The Beast from the Beginning of Time,1965,tt4638098,"Horror, Science Fiction, TV Movie",movie,1,0,tv_horror_tmdb_or_imdb
344147,Sharktopus vs. Whalewolf,,tt3292154,,tvMovie,0,1,tv_horror_tmdb_or_imdb
344534,The Anatomist,1956,tt0054626,"Drama, Horror",tvMovie,0,1,tv_horror_tmdb_or_imdb
345035,The Horror Show,1979,tt1409586,"Documentary, Horror",tvMovie,0,1,tv_horror_tmdb_or_imdb
347849,Zombie Shark,2015,tt4704918,"Action, Horror, Science Fiction, TV Movie",tvMovie,1,1,tv_horror_tmdb_or_imdb
349135,Roboshark,,tt4443784,,tvMovie,0,1,tv_horror_tmdb_or_imdb
349410,Nightmare Street,1997,tt0132363,"Horror, Thriller",tvMovie,0,1,tv_horror_tmdb_or_imdb
353383,The Cradle Will Fall,1983,tt0085376,"Drama, Horror, Thriller, TV Movie",tvMovie,1,1,tv_horror_tmdb_or_imdb
353416,I Married a Monster,1998,tt0162999,"Horror, Science Fiction, TV Movie",tvMovie,1,1,tv_horror_tmdb_or_imdb
353654,Scary Tales: Night Elevator,1988,tt0094543,Horror,tvMovie,0,1,tv_horror_tmdb_or_imdb
353999,Mind Over Murder,1979,tt0079559,"Horror, Science Fiction, Thriller",tvMovie,0,1,tv_horror_tmdb_or_imdb
354479,The Phantom of the Opera,1983,tt0086101,"Drama, Horror, TV Movie",tvMovie,1,1,tv_horror_tmdb_or_imdb
354485,The Possession of Michael D.,1995,tt0114167,"Drama, Horror, Thriller",tvMovie,0,1,tv_horror_tmdb_or_imdb
358392,Pulau Hantu,,tt1264107,,tvMovie,0,1,tv_horror_tmdb_or_imdb
361042,The Hollow,2015,tt4472596,"Horror, TV Movie",tvMovie,1,1,tv_horror_tmdb_or_imdb
362333,Rock n' Roll Cowboys,1988,tt0148680,"Horror, Romance, Science Fiction, Thriller",tvMovie,0,1,tv_horror_tmdb_or_imdb
362430,Night of the Wild,2015,tt4926042,"Horror, TV Movie",tvMovie,1,1,tv_horror_tmdb_or_imdb
362434,Ominous,2015,tt5052966,"Horror, Science Fiction, TV Movie",tvMovie,1,1,tv_horror_tmdb_or_imdb
362439,They Found Hell,2015,tt5113926,"Horror, Science Fiction",tvMovie,0,1,tv_horror_tmdb_or_imdb
362844,Survivor,1999,tt0187534,"Action, Horror, Mystery, Science Fiction",tvMovie,0,1,tv_horror_tmdb_or_imdb
365351,Mr. Boogedy,1986,tt0091566,"Adventure, Drama, Horror, TV Movie",tvEpisode,1,1,tv_horror_tmdb_or_imdb
371833,Harry Price: Ghost Hunter,2015,tt4974584,"Drama, Horror",tvMovie,0,1,tv_horror_tmdb_or_imdb
374515,Stalked by My Doctor,,tt5252624,,tvMovie,0,1,tv_horror_tmdb_or_imdb
375569,Kingdom Hospital,2004,tt0324864,Horror,tvMiniSeries,0,1,tv_horror_tmdb_or_imdb
377448,The Rocky Horror Picture Show: Let's Do the Time Warp Again,,tt1267299,,tvMovie,0,1,tv_horror_tmdb_or_imdb
380565,Home Invasion,2016,tt5351000,"Horror, Thriller, TV Movie",video,1,0,tv_horror_tmdb_or_imdb
382218,Ladykillers,1988,tt0095485,"Horror, Mystery, Thriller",tvMovie,0,1,tv_horror_tmdb_or_imdb
386099,Night Train to Terror,1973,tt0748280,"Drama, Horror, Mystery, TV Movie",tvEpisode,1,1,tv_horror_tmdb_or_imdb
390959,Shadow of the Blair Witch,2000,tt0265736,"Horror, Mystery",tvMovie,0,1,tv_horror_tmdb_or_imdb
391069,Night Gallery,1969,tt0064725,"Horror, Mystery, Thriller, TV Movie",tvEpisode,1,1,tv_horror_tmdb_or_imdb
391975,2 Lava 2 Lantula!,2016,tt4932244,"Horror, Science Fiction, Thriller",tvMovie,0,1,tv_horror_tmdb_or_imdb
392703,House of Darkness,2016,tt5472372,"Horror, Thriller, TV Movie",tvMovie,1,1,tv_horror_tmdb_or_imdb
393643,Arachnicide,2014,tt4030898,"Action, Horror, Science Fiction",tvMovie,0,1,tv_horror_tmdb_or_imdb
399747,"Mother, May I Sleep with Danger?",2016,tt5480528,"Horror, Thriller, TV Movie",tvMovie,1,1,tv_horror_tmdb_or_imdb
402261,Nostradamus,2006,tt0862770,"Drama, Horror, TV Movie",tvMovie,1,1,tv_horror_tmdb_or_imdb
406445,A Photograph,1977,tt0770068,"Drama, Horror",tvEpisode,0,1,tv_horror_tmdb_or_imdb
407620,Planet of the Sharks,2016,tt5828640,"Action, Horror, Science Fiction",tvMovie,0,1,tv_horror_tmdb_or_imdb
407624,Saltwater,,tt5899100,,tvMovie,0,1,tv_horror_tmdb_or_imdb
407626,Ozark Sharks,2016,tt5606742,"Action, Horror, Science Fiction, TV Movie",tvMovie,1,1,tv_horror_tmdb_or_imdb
407627,Ice Sharks,2016,tt5901326,"Action, Adventure, Horror, Science Fiction, TV Movie",tvMovie,1,1,tv_horror_tmdb_or_imdb
407628,Dam Sharks!,2016,tt5773112,"Action, Horror, Science Fiction",tvMovie,0,1,tv_horror_tmdb_or_imdb
407948,The Inherited,2015,tt3639656,"Horror, Mystery, Thriller, TV Movie",movie,1,0,tv_horror_tmdb_or_imdb
414590,Stillwatch,1987,tt0094041,"Horror, Thriller",tvMovie,0,1,tv_horror_tmdb_or_imdb
414610,Stalked by My Doctor: The Return,,tt5989054,,tvMovie,0,1,tv_horror_tmdb_or_imdb
414757,Family Sins,1987,tt0093005,"Horror, Thriller",tvMovie,0,1,tv_horror_tmdb_or_imdb
418585,The Crooked Man,2016,tt5979690,Horror,tvMovie,0,1,tv_horror_tmdb_or_imdb
418704,The Night Before Halloween,2016,tt6166250,"Horror, Thriller, TV Movie",tvMovie,1,1,tv_horror_tmdb_or_imdb
424647,Paranormal Sexperiments,2016,tt6144120,"Horror, Romance",tvMovie,0,1,tv_horror_tmdb_or_imdb
424996,Amish Witches: The True Story of Holmes County,2016,tt6079304,"Drama, Horror",tvMovie,0,1,tv_horror_tmdb_or_imdb
432713,Murrain,1975,tt0400143,"Drama, Horror, Mystery, TV Movie",tvEpisode,1,1,tv_horror_tmdb_or_imdb
435871,Haunted: The Ferryman,1974,tt0271539,"Horror, TV Movie",tvMovie,1,1,tv_horror_tmdb_or_imdb
436113,Remember Me,1985,tt0089900,"Drama, Horror, Mystery",tvMovie,0,1,tv_horror_tmdb_or_imdb
436777,The World of Darkness,1977,tt0306238,"Horror, Mystery, TV Movie",tvMovie,1,1,tv_horror_tmdb_or_imdb
437270,3-D Halloween,2000,tt0268104,"Documentary, Horror, TV Movie",tvMovie,1,1,tv_horror_tmdb_or_imdb
437618,Alien Lover,1975,tt0072465,"Drama, Horror, Mystery, Science Fiction, TV Movie",tvEpisode,1,1,tv_horror_tmdb_or_imdb
437978,The Omen,1995,tt0114036,"Horror, Mystery, Thriller, TV Movie",tvMovie,1,1,tv_horror_tmdb_or_imdb
438970,Sharknado 5: Global Swarming,,tt6298780,,tvMovie,0,1,tv_horror_tmdb_or_imdb
440255,The Road,1964,tt2067011,"Drama, Fantasy, Horror, Mystery, Science Fiction, Thriller, TV Movie",tvMovie,1,1,tv_horror_tmdb_or_imdb
445482,Gone to Ground,1978,tt0074579,"Drama, Horror, Mystery",tvMovie,0,1,tv_horror_tmdb_or_imdb
445643,Reptisaurus,2009,tt1277731,"Horror, Science Fiction",tvMovie,0,1,tv_horror_tmdb_or_imdb
445867,Black Wake,2018,tt4839118,"Horror, Science Fiction, Thriller, TV Movie",movie,1,0,tv_horror_tmdb_or_imdb
446514,"Demon, Demon",1975,tt0276057,"Horror, TV Movie",tvMovie,1,1,tv_horror_tmdb_or_imdb
446867,One of Us,2017,tt5974626,"Drama, Horror, Mystery, TV Movie",movie,1,0,tv_horror_tmdb_or_imdb
448561,Who's Watching Oliver,2018,tt6158692,"Horror, TV Movie",movie,1,0,tv_horror_tmdb_or_imdb
451964,Evil Nanny,2016,tt6354166,"Drama, Horror, Thriller, TV Movie",tvMovie,1,1,tv_horror_tmdb_or_imdb
457710,Empire of the Sharks,,tt6846128,,tvMovie,0,1,tv_horror_tmdb_or_imdb
458353,High Heel Homicide,,tt6752320,,tvMovie,0,1,tv_horror_tmdb_or_imdb
458472,Sweeney Todd,,tt0304772,,tvEpisode,0,1,tv_horror_tmdb_or_imdb
460218,5 Headed Shark Attack,2017,tt6719524,"Horror, Science Fiction",tvMovie,0,1,tv_horror_tmdb_or_imdb
460640,Ravenwolf Towers,2016,tt7035992,Horror,tvSeries,0,1,tv_horror_tmdb_or_imdb
461108,Toxic Shark,2017,tt6973866,"Horror, Science Fiction",tvMovie,0,1,tv_horror_tmdb_or_imdb
461172,The Hospice,1987,tt0353539,Horror,tvMovie,0,1,tv_horror_tmdb_or_imdb
463561,The Phantom Creeps,1949,tt0127728,,tvMovie,0,1,tv_horror_tmdb_or_imdb
464431,The Wilding,2016,tt5075490,Horror,tvMovie,0,1,tv_horror_tmdb_or_imdb
466587,Bigfoot Horror Camp,,tt6817296,,tvMovie,0,1,tv_horror_tmdb_or_imdb
467462,Trailer Park Shark,,tt6982720,,tvMovie,0,1,tv_horror_tmdb_or_imdb
467925,The Ghost of Sierra de Cobre,1964,tt0312723,"Horror, Mystery, Thriller, TV Movie",tvMovie,1,1,tv_horror_tmdb_or_imdb
472209,Dream House Nightmare,2017,tt5972196,"Drama, Horror, Thriller",tvMovie,0,1,tv_horror_tmdb_or_imdb
474935,Buried Alive,2008,tt1229820,"Horror, Thriller",tvMiniSeries,0,1,tv_horror_tmdb_or_imdb
475498,Halloween Monster Bash,,tt10280600,,tvMovie,0,1,tv_horror_tmdb_or_imdb
475748,Hollyweird,1998,tt0154603,"Drama, Horror, Mystery",tvMovie,0,1,tv_horror_tmdb_or_imdb
476869,Strange Events,2017,tt7043070,Horror,tvSeries,0,1,tv_horror_tmdb_or_imdb
478963,The Witches of Pendle,1976,tt0400945,"Drama, Horror",tvMovie,0,1,tv_horror_tmdb_or_imdb
479367,The Night of the Headless Horseman,1999,tt0216035,Horror,tvMovie,0,1,tv_horror_tmdb_or_imdb
479837,The Watcher in the Woods,2017,tt6266306,"Horror, TV Movie",tvMovie,1,1,tv_horror_tmdb_or_imdb
480157,House of the Witch,2017,tt6988208,"Horror, TV Movie",tvMovie,1,1,tv_horror_tmdb_or_imdb
480210,Truth or Dare,2017,tt7126746,"Fantasy, Horror, Mystery, Science Fiction, Thriller",tvMovie,0,1,tv_horror_tmdb_or_imdb
480403,Stickman,2017,tt7427404,"Horror, Thriller",tvMovie,0,1,tv_horror_tmdb_or_imdb
480405,Neverknock,2017,tt6713802,"Horror, Science Fiction, Thriller, TV Movie",tvMovie,1,1,tv_horror_tmdb_or_imdb
480525,Drive-In Splatter House,2017,tt6893326,Horror,tvMovie,0,1,tv_horror_tmdb_or_imdb
481304,Wait Until Dark,1982,tt0399861,"Drama, Horror, Thriller",tvEpisode,0,1,tv_horror_tmdb_or_imdb
481333,Two Faced,2017,tt3164064,"Horror, TV Movie",movie,1,0,tv_horror_tmdb_or_imdb
485567,An Echo of Theresa,,tt0070019,,tvEpisode,0,1,tv_horror_tmdb_or_imdb
485620,The Screaming Skull,1973,tt0070658,Horror,tvEpisode,0,1,tv_horror_tmdb_or_imdb
485743,Lights Out,1972,tt0068857,Horror,tvMovie,0,1,tv_horror_tmdb_or_imdb
488017,And the Bones Came Together,1973,tt0185156,"Horror, Mystery, Thriller, TV Movie",tvEpisode,1,1,tv_horror_tmdb_or_imdb
488029,A Beautiful Killing,1974,tt0748265,"Horror, Mystery, TV Movie",tvEpisode,1,1,tv_horror_tmdb_or_imdb
488032,The Black Box Murders,1975,tt0825209,"Drama, Horror, Mystery, TV Movie",tvEpisode,1,1,tv_horror_tmdb_or_imdb
488043,The Book of Murder,1974,tt0748290,"Crime, Horror, Mystery, TV Movie",tvEpisode,1,1,tv_horror_tmdb_or_imdb
488047,The Break,1974,tt0796176,"Drama, Horror, Mystery, TV Movie",tvEpisode,1,1,tv_horror_tmdb_or_imdb
488094,Chant of Silence,1973,tt2038182,"Drama, Horror, Mystery, TV Movie",tvEpisode,1,1,tv_horror_tmdb_or_imdb
488101,The Colour of Blood,,tt0212064,,tvEpisode,0,1,tv_horror_tmdb_or_imdb
488104,"Come Out, Come Out, Wherever You Are",,tt0212886,,tvEpisode,0,1,tv_horror_tmdb_or_imdb
488121,The Deadly Volley,1975,tt0748292,"Drama, Horror, Mystery, Thriller, TV Movie",tvEpisode,1,1,tv_horror_tmdb_or_imdb
488134,id 488134,,tt0212089,,tvEpisode,0,1,tv_horror_tmdb_or_imdb
488147,Dial a Deadly Number,,tt0212099,,tvEpisode,0,1,tv_horror_tmdb_or_imdb
488148,Distant Early Warning,1975,tt0266471,"Drama, Horror, Science Fiction, TV Movie",tvEpisode,1,1,tv_horror_tmdb_or_imdb
488400,Death Is a Bad Trip,1974,tt0748270,"Horror, Mystery, Science Fiction, TV Movie",tvEpisode,1,1,tv_horror_tmdb_or_imdb
488489,"Good Salary, Prospects, Free Coffin",,tt0212192,,tvEpisode,0,1,tv_horror_tmdb_or_imdb
488495,The Haunting of Penthouse D,1974,tt0748293,"Drama, Horror, Mystery, TV Movie",tvEpisode,1,1,tv_horror_tmdb_or_imdb
488496,The Haunting of Rosalind,1973,tt0311265,"Horror, TV Movie",tvEpisode,1,1,tv_horror_tmdb_or_imdb
488511,The House and the Brain,1973,tt0825210,"Drama, Fantasy, Horror, TV Movie",tvEpisode,1,1,tv_horror_tmdb_or_imdb
488513,House of Evil,,tt0271550,,tvMovie,0,1,tv_horror_tmdb_or_imdb
488636,A Killer in Every Corner,,tt0212275,,tvEpisode,0,1,tv_horror_tmdb_or_imdb
488638,A Killer with Two Faces,,tt0212276,,tvEpisode,0,1,tv_horror_tmdb_or_imdb
488642,Kill Two Birds,,tt0212274,,tvEpisode,0,1,tv_horror_tmdb_or_imdb
488657,Lady Killer,,tt0212293,,tvEpisode,0,1,tv_horror_tmdb_or_imdb
488664,Legacy of Blood,1974,tt0748274,"Drama, Horror, Mystery, TV Movie",tvEpisode,1,1,tv_horror_tmdb_or_imdb
488837,The Boy Who Left Home to Find Out About the Shivers,1984,tt0575508,"Family, Fantasy, Horror, TV Movie",tvEpisode,1,1,tv_horror_tmdb_or_imdb
488898,A Little Bit Like Murder,1973,tt0748266,"Drama, Horror, Mystery, TV Movie",tvEpisode,1,1,tv_horror_tmdb_or_imdb
488900,A Midsummer Nightmare,,tt0212345,,tvEpisode,0,1,tv_horror_tmdb_or_imdb
488903,Moving Target,,tt0825208,,tvEpisode,0,1,tv_horror_tmdb_or_imdb
488914,Murder and the Computer,1973,tt5994632,"Drama, Horror, Mystery, Science Fiction, TV Movie",tvEpisode,1,1,tv_horror_tmdb_or_imdb
488938,The Murderers,,tt0825211,,tvEpisode,0,1,tv_horror_tmdb_or_imdb
499354,Murder Works Overtime,1974,tt0748278,"Horror, Mystery, TV Movie",tvEpisode,1,1,tv_horror_tmdb_or_imdb
499358,Sign it Death,1974,tt0212509,"Horror, Mystery, TV Movie",tvEpisode,1,1,tv_horror_tmdb_or_imdb
499359,Someone at the Top of the Stairs,,tt0070715,,tvEpisode,0,1,tv_horror_tmdb_or_imdb
499364,One Deadly Owner,,tt0070480,,tvEpisode,0,1,tv_horror_tmdb_or_imdb
499377,The Next Scream You Hear,,tt0071924,,tvEpisode,0,1,tv_horror_tmdb_or_imdb
499385,Nightmare Step,1973,tt0748281,"Drama, Horror, Mystery, Science Fiction, TV Movie",tvEpisode,1,1,tv_horror_tmdb_or_imdb
499395,Possession,,tt0212442,,tvEpisode,0,1,tv_horror_tmdb_or_imdb
499402,Please Call It Murder,1975,tt0357027,"Drama, Horror, Mystery, TV Movie",tvEpisode,1,1,tv_horror_tmdb_or_imdb
499405,Where the Action Is,,tt0073890,,tvEpisode,0,1,tv_horror_tmdb_or_imdb
499834,Strange Frequency 2,2003,tt0475404,Horror,tvMovie,0,1,tv_horror_tmdb_or_imdb
499977,id 499977,,tt1327772,,tvMovie,0,1,tv_horror_tmdb_or_imdb
499989,id 499989,,tt0396260,,tvMovie,0,1,tv_horror_tmdb_or_imdb
499995,W.S.H.: The Myth of the Urban Myth,,tt0182525,,tvMovie,0,1,tv_horror_tmdb_or_imdb
503650,Deadly Visitor,1973,tt0270913,"Horror, TV Movie",tvEpisode,1,1,tv_horror_tmdb_or_imdb
503693,Murder Motel,,tt0212364,,tvEpisode,0,1,tv_horror_tmdb_or_imdb
503698,The Next Victim,,tt0071903,,tvEpisode,0,1,tv_horror_tmdb_or_imdb
503700,The Next Voice You See,,tt0212382,,tvEpisode,0,1,tv_horror_tmdb_or_imdb
503719,Nightmare for a Nightingale,,tt0212383,,tvEpisode,0,1,tv_horror_tmdb_or_imdb
503730,A Place to Die,,tt0212429,,tvEpisode,0,1,tv_horror_tmdb_or_imdb
503740,A Prowler in the Heart,,tt0748267,,tvEpisode,0,1,tv_horror_tmdb_or_imdb
503747,The Satan Murders,1974,tt0280092,"Horror, TV Movie",tvEpisode,1,1,tv_horror_tmdb_or_imdb
503769,Spell of Evil,,tt0212530,,tvEpisode,0,1,tv_horror_tmdb_or_imdb
503771,The Spy Who Returned from the Dead,,tt0748297,,tvEpisode,0,1,tv_horror_tmdb_or_imdb
503786,id 503786,,tt5901730,,tvEpisode,0,1,tv_horror_tmdb_or_imdb
503790,Too Easy to Kill,1975,tt0748299,"Crime, Drama, Horror, Mystery, TV Movie",tvEpisode,1,1,tv_horror_tmdb_or_imdb
503798,The Two Deaths of Sean Doolittle,1975,tt0348263,"Horror, Mystery, Thriller, TV Movie",tvEpisode,1,1,tv_horror_tmdb_or_imdb
503802,"Won't Write Home, Mom–I'm Dead",,tt0212619,,tvEpisode,0,1,tv_horror_tmdb_or_imdb
503814,Song of the Succubus,1975,tt0277333,"Horror, Thriller",tvMovie,0,1,tv_horror_tmdb_or_imdb
503851,Confessions of a Vampire,,tt8102016,,tvMovie,0,1,tv_horror_tmdb_or_imdb
505039,Illicit Desires,,tt6968652,,tvMovie,0,1,tv_horror_tmdb_or_imdb
511755,Psycho Intern,2021,tt2709446,"Horror, Mystery, Thriller, TV Movie",tvMovie,1,1,tv_horror_tmdb_or_imdb
514256,The Cloning of Clifford Swimmer,1974,tt0446095,"Horror, Mystery, Science Fiction, Thriller, TV Movie",tvEpisode,1,1,tv_horror_tmdb_or_imdb
514440,Nurse Will Make It Better,1975,tt0125720,"Horror, Mystery, TV Movie",tvEpisode,1,1,tv_horror_tmdb_or_imdb
518113,Dead by Midnight (11PM Central),,tt5805788,,tvSeries,0,1,tv_horror_tmdb_or_imdb
520256,Midnight Lace,,tt0081158,,tvMovie,0,1,tv_horror_tmdb_or_imdb
520466,Lake Placid: Legacy,2018,tt7875948,"Action, Horror, Science Fiction, TV Movie",tvMovie,1,1,tv_horror_tmdb_or_imdb
522438,6-Headed Shark Attack,2018,tt8360902,"Action, Horror, Science Fiction, TV Movie",tvMovie,1,1,tv_horror_tmdb_or_imdb
523849,The Last Sharknado: It's About Time,,tt8031422,,tvMovie,0,1,tv_horror_tmdb_or_imdb
523931,Megalodon,2018,tt8235660,"Action, Horror, Science Fiction, TV Movie",tvMovie,1,1,tv_horror_tmdb_or_imdb
526226,Tarry-Dan Tarry-Dan Scarey Old Spooky Man,1978,tt7940986,"Drama, Fantasy, Horror",tvMovie,0,1,tv_horror_tmdb_or_imdb
532814,The Bad Seed,2018,tt4823992,"Drama, Horror, Thriller",tvMovie,0,1,tv_horror_tmdb_or_imdb
533274,Stalked by My Doctor: Patient's Revenge,,tt8499212,,tvMovie,0,1,tv_horror_tmdb_or_imdb
533527,Ouija Seance: The Final Game,2018,tt8655708,"Horror, TV Movie",tvMovie,1,1,tv_horror_tmdb_or_imdb
535580,A Deadly Vision,,tt0118945,,tvMovie,0,1,tv_horror_tmdb_or_imdb
542787,Frenzy,2018,tt8805150,"Horror, Thriller, TV Movie",tvMovie,1,1,tv_horror_tmdb_or_imdb
543004,Nightmare Shark,2018,tt8856940,"Action, Fantasy, Horror",tvMovie,0,1,tv_horror_tmdb_or_imdb
547131,House of Darkness: New Blood,2018,tt8841060,"Horror, TV Movie",tvMovie,1,1,tv_horror_tmdb_or_imdb
547410,French Meat,,tt1542781,,tvMovie,0,1,tv_horror_tmdb_or_imdb
550148,The Body,2018,tt6922148,"Horror, Thriller, TV Movie",tvEpisode,1,1,tv_horror_tmdb_or_imdb
550870,Twinsanity,2018,tt8257624,"Horror, Thriller, TV Movie",movie,1,0,tv_horror_tmdb_or_imdb
551249,id 551249,,tt1780794,,tvMovie,0,1,tv_horror_tmdb_or_imdb
551521,id 551521,,tt6688992,,tvSeries,0,1,tv_horror_tmdb_or_imdb
552660,No Escape Room,2018,tt9099102,"Horror, Mystery, Thriller",tvMovie,0,1,tv_horror_tmdb_or_imdb
553678,Blame it on Toby,2018,tt11974072,Horror,tvEpisode,0,1,tv_horror_tmdb_or_imdb
553928,Karma,2018,tt8637922,Horror,tvMovie,0,1,tv_horror_tmdb_or_imdb
557294,Zombie at 17,2018,tt7890274,"Horror, Thriller",tvMovie,0,1,tv_horror_tmdb_or_imdb
558655,Flesh & Blood,2018,tt8523678,"Horror, Mystery, Thriller",tvEpisode,0,1,tv_horror_tmdb_or_imdb
561563,Wynter,2018,tt6706272,"Drama, Horror",tvMovie,0,1,tv_horror_tmdb_or_imdb
566949,Pooka!,2018,tt8870814,"Horror, Thriller, TV Movie",tvEpisode,1,1,tv_horror_tmdb_or_imdb
567220,"New Year, New You",2018,tt8870816,Horror,tvEpisode,0,1,tv_horror_tmdb_or_imdb
571055,Down,2019,tt9061402,"Drama, Horror, Science Fiction",tvEpisode,0,1,tv_horror_tmdb_or_imdb
571860,Dark Ditties Presents: The Offer,2017,tt6134982,"Horror, TV Movie",movie,1,0,tv_horror_tmdb_or_imdb
576322,Ghost in the Water,1982,tt0282523,"Drama, Horror, TV Movie",tvMovie,1,1,tv_horror_tmdb_or_imdb
576477,Lugosi: The Forgotten King,,tt0088557,,tvMovie,0,1,tv_horror_tmdb_or_imdb
576510,Amazing Stories,1986,tt7763324,"Adventure, Fantasy, Horror, TV Movie",tvMovie,1,1,tv_horror_tmdb_or_imdb
580944,Treehouse,2019,tt9075656,"Horror, TV Movie",tvEpisode,1,1,tv_horror_tmdb_or_imdb
582625,The Road from Erebus,,tt0326662,,tvMovie,0,1,tv_horror_tmdb_or_imdb
591287,13 Scarier Movie Moments,,tt1534783,,tvMovie,0,1,tv_horror_tmdb_or_imdb
595951,Scare BNB,2019,tt9364210,"Horror, Mystery, Thriller, TV Movie",movie,1,0,tv_horror_tmdb_or_imdb
596597,Sharkzilla,,tt2321154,,tvMovie,0,1,tv_horror_tmdb_or_imdb
599724,All That We Destroy,2019,tt8758214,"Horror, TV Movie",tvEpisode,1,1,tv_horror_tmdb_or_imdb
599777,They Come Knocking,2019,tt9308456,"Horror, TV Movie",tvEpisode,1,1,tv_horror_tmdb_or_imdb
601083,Culture Shock,2019,tt9308458,"Horror, Thriller, TV Movie",tvEpisode,1,1,tv_horror_tmdb_or_imdb
604532,School Spirit,2019,tt9308460,"Horror, TV Movie",tvEpisode,1,1,tv_horror_tmdb_or_imdb
614817,Capsized: Blood in the Water,2019,tt10656752,"Drama, Horror, Thriller, TV Movie",tvMovie,1,1,tv_horror_tmdb_or_imdb
615289,Stalked by My Doctor: A Sleepwalker's Nightmare,,tt10579468,,tvMovie,0,1,tv_horror_tmdb_or_imdb
616844,Pure,2019,tt9308464,"Horror, TV Movie",tvEpisode,1,1,tv_horror_tmdb_or_imdb
621109,The Dybbuk,1960,tt0675399,"Drama, Fantasy, History, Horror, TV Movie",tvEpisode,1,1,tv_horror_tmdb_or_imdb
634336,Uncanny Annie,2019,tt10925782,"Horror, TV Movie",tvEpisode,1,1,tv_horror_tmdb_or_imdb
637263,Abducted: The Mary Stauffer Story,2019,tt10127490,"Drama, Horror, Thriller",tvMovie,0,1,tv_horror_tmdb_or_imdb
643866,Pilgrim,2019,tt11045340,"Horror, Thriller",tvEpisode,0,1,tv_horror_tmdb_or_imdb
651569,A Man for Hanging,1972,tt0206116,"Horror, Western",tvMovie,0,1,tv_horror_tmdb_or_imdb
652522,Children of the Full Moon,1980,tt0087051,Horror,tvEpisode,0,1,tv_horror_tmdb_or_imdb
653218,Midnight Kiss,2019,tt11305630,"Horror, TV Movie",tvEpisode,1,1,tv_horror_tmdb_or_imdb
653765,A Nasty Piece of Work,2019,tt11136630,"Horror, Thriller, TV Movie",tvEpisode,1,1,tv_horror_tmdb_or_imdb
655219,Susan Hill's Ghost Story,2019,tt10846772,"Horror, TV Movie",movie,1,0,tv_horror_tmdb_or_imdb
670466,My Valentine,2020,tt11510064,"Horror, Thriller",tvEpisode,0,1,tv_horror_tmdb_or_imdb
676756,The Transylvania Television Real Meanin' of Halloween Special Show,,tt2988210,,tvEpisode,0,1,tv_horror_tmdb_or_imdb
689815,The Spirits of Malvern,2018,tt5973344,Horror,tvMovie,0,1,tv_horror_tmdb_or_imdb
690213,The Witches of Essex,2018,tt10269518,"Documentary, Horror",tvMovie,0,1,tv_horror_tmdb_or_imdb
690221,Church of the Dead,2019,tt10270966,"Documentary, Horror",tvMovie,0,1,tv_horror_tmdb_or_imdb
694657,Time Warp Vol. 1: Midnight Madness,,tt12081026,,tvEpisode,0,1,tv_horror_tmdb_or_imdb
695138,Time Warp Vol. 2: Horror and Sci-Fi,,tt12031212,,tvEpisode,0,1,tv_horror_tmdb_or_imdb
696053,Dark Dreams,1993,tt10760600,"Fantasy, Horror",tvMovie,0,1,tv_horror_tmdb_or_imdb
701510,Delivered,2020,tt11828638,"Horror, Thriller, TV Movie",tvEpisode,1,1,tv_horror_tmdb_or_imdb
709263,Crackle of Death,1976,tt0166157,"Horror, Thriller, TV Movie",tvMovie,1,1,tv_horror_tmdb_or_imdb
709732,id 709732,,tt0356848,,tvEpisode,0,1,tv_horror_tmdb_or_imdb
710684,The Paraseekers: Charlie's House,2020,tt8971470,"Documentary, Horror",tvEpisode,0,1,tv_horror_tmdb_or_imdb
711715,The Current Occupant,2020,tt11629124,"Horror, Mystery, Thriller",tvEpisode,0,1,tv_horror_tmdb_or_imdb
718292,The Bankrupt,,tt0068254,,tvEpisode,0,1,tv_horror_tmdb_or_imdb
725922,Deadly Love,,tt0112827,,tvMovie,0,1,tv_horror_tmdb_or_imdb
728694,id 728694,,tt0190395,,tvEpisode,0,1,tv_horror_tmdb_or_imdb
731810,Dead of Winter: The Donner Party,2015,tt4863622,"Documentary, History, Horror",tvMovie,0,1,tv_horror_tmdb_or_imdb
737039,Parable,,tt12147986,,tvMovie,0,1,tv_horror_tmdb_or_imdb
741112,Marineland Carnival: The Munsters Visit Marineland,,tt10071270,,tvMovie,0,1,tv_horror_tmdb_or_imdb
745002,The Incredible Doktor Markesan,1962,tt0723103,"Horror, Mystery, Thriller",tvEpisode,0,1,tv_horror_tmdb_or_imdb
745327,Real Fear: The Truth Behind the Movies,2012,tt2318647,"Documentary, Horror",tvMovie,0,1,tv_horror_tmdb_or_imdb
746520,The Storm,1962,tt0723118,"Horror, Mystery, Thriller",tvEpisode,0,1,tv_horror_tmdb_or_imdb
747117,Haunted Roots,2020,tt11736712,"Documentary, Horror",tvMovie,0,1,tv_horror_tmdb_or_imdb
748712,The Ghoul Log: Trick 'r Treat Sam O'Lantern,,tt35531747,,tvMovie,0,1,tv_horror_tmdb_or_imdb
752350,Curse of the Mummy,1970,tt0275284,"Drama, Horror, Mystery",tvEpisode,0,1,tv_horror_tmdb_or_imdb
754001,Growing Pains,1980,tt0595616,Horror,tvEpisode,0,1,tv_horror_tmdb_or_imdb
755249,Who Is Killing the Cheerleaders?,,tt13273618,,tvMovie,0,1,tv_horror_tmdb_or_imdb
759682,Demon and the Mummy,1976,tt6827138,"Horror, Thriller, TV Movie",tvMovie,1,1,tv_horror_tmdb_or_imdb
762921,A Creepshow Holiday Special,2020,tt11368686,Horror,tvEpisode,0,1,tv_horror_tmdb_or_imdb
767256,The Two Faces of Evil,1980,tt0274175,Horror,tvEpisode,0,1,tv_horror_tmdb_or_imdb
767259,Visitor from the Grave,1980,tt0595624,Horror,tvEpisode,0,1,tv_horror_tmdb_or_imdb
767720,Carpathian Eagle,1980,tt0337915,Horror,tvEpisode,0,1,tv_horror_tmdb_or_imdb
767726,Guardian of the Abyss,1980,tt0084035,Horror,tvEpisode,0,1,tv_horror_tmdb_or_imdb
772977,A Larceny Christmas,2019,tt10157552,"Crime, Horror, Thriller, TV Movie",tvMovie,1,1,tv_horror_tmdb_or_imdb
780766,The John Wayne Gacy Murders: life and death in Chicago,2020,tt10832728,"Documentary, Horror",tvSeries,0,1,tv_horror_tmdb_or_imdb
786300,Tentacles,2021,tt11828644,"Horror, Romance",tvEpisode,0,1,tv_horror_tmdb_or_imdb
791388,White Lady,1987,tt0283138,"Documentary, Drama, Fantasy, Horror",tvEpisode,0,1,tv_horror_tmdb_or_imdb
794960,Blood Moon,2021,tt11828648,"Fantasy, Horror",tvEpisode,0,1,tv_horror_tmdb_or_imdb
797786,id 797786,,tt13603172,,tvSpecial,0,1,tv_horror_tmdb_or_imdb
805446,American Cannibal,2018,tt13311168,Horror,tvMovie,0,1,tv_horror_tmdb_or_imdb
812983,The Fly Papers: The Buzz on Hollywood's Scariest Insect,2000,tt0484268,"Documentary, Horror, Science Fiction",tvMovie,0,1,tv_horror_tmdb_or_imdb
817282,The Mark of Satan,1980,tt0275501,"Fantasy, Horror",tvEpisode,0,1,tv_horror_tmdb_or_imdb
835074,Dracula: A Chamber Musical,,tt0285530,,tvMovie,0,1,tv_horror_tmdb_or_imdb
835284,Dead End,2013,tt2966002,"Crime, Horror, Thriller",tvMovie,0,1,tv_horror_tmdb_or_imdb
837780,The Devil Made Me Do It,2021,tt14453042,"Documentary, Horror",tvEpisode,0,1,tv_horror_tmdb_or_imdb
844537,Psycho Storm Chaser,2021,tt14544904,"Horror, Thriller",tvMovie,0,1,tv_horror_tmdb_or_imdb
846072,Ultimate Love Games,1998,tt0151397,"Fantasy, Horror, Romance, Thriller, TV Movie",video,1,0,tv_horror_tmdb_or_imdb
852202,The Chameleon Killer,2003,tt0380260,"Horror, Thriller",tvMovie,0,1,tv_horror_tmdb_or_imdb
854442,Next-Door Nightmare,,tt13846126,,tvMovie,0,1,tv_horror_tmdb_or_imdb
854902,Ho Kena,,tt15094942,,tvMovie,0,1,tv_horror_tmdb_or_imdb
860214,A Tribute to Dr. Shock,1980,tt1864247,"Documentary, Horror, TV Movie",tvMovie,1,1,tv_horror_tmdb_or_imdb
865616,Inside,,tt2014254,,tvSeries,0,1,tv_horror_tmdb_or_imdb
883977,The Rockingham Tea Set,1950,tt0712546,"Drama, Horror, Mystery, Thriller",tvEpisode,0,1,tv_horror_tmdb_or_imdb
888478,Famously Haunted: Amityville,2021,tt15729412,"Documentary, Horror",tvMovie,0,1,tv_horror_tmdb_or_imdb
889198,Celebrity Exorcism,2021,tt15750500,"Documentary, Horror",tvMovie,0,1,tv_horror_tmdb_or_imdb
894205,Werewolf by Night,,tt15318872,,tvMovie,0,1,tv_horror_tmdb_or_imdb
895318,The Risen,,tt0335593,,tvMovie,0,1,tv_horror_tmdb_or_imdb
897338,The Bad Seed Returns,2022,tt16030222,"Drama, Horror, Thriller, TV Movie",tvMovie,1,1,tv_horror_tmdb_or_imdb
911904,Demon in the White House,,tt15845538,,tvEpisode,0,1,tv_horror_tmdb_or_imdb
916117,Halloween: A Cut Above the Rest,,tt0379800,,tvMovie,0,1,tv_horror_tmdb_or_imdb
928345,The Incredible Robert Baldick: Never Come Night,1972,tt0399184,"Horror, Science Fiction, TV Movie",tvMovie,1,1,tv_horror_tmdb_or_imdb
930055,Beasts: Special Offer,1976,tt0520325,"Drama, Horror, Mystery, TV Movie",tvEpisode,1,1,tv_horror_tmdb_or_imdb
930057,Beasts: During Barty's Party,1976,tt0520324,"Drama, Horror, Mystery, TV Movie",tvEpisode,1,1,tv_horror_tmdb_or_imdb
931734,Single Black Female,,tt15726046,,tvMovie,0,1,tv_horror_tmdb_or_imdb
932943,Inside Fear,2001,tt0402290,"Documentary, Horror",tvMovie,0,1,tv_horror_tmdb_or_imdb
945591,id 945591,,tt0569913,,tvEpisode,0,1,tv_horror_tmdb_or_imdb
949607,Beasts: Buddy Boy,1976,tt0520323,"Drama, Horror, Mystery, TV Movie",tvEpisode,1,1,tv_horror_tmdb_or_imdb
949621,Beasts: What Big Eyes,1976,tt0075422,"Drama, Horror, Mystery, TV Movie",tvEpisode,1,1,tv_horror_tmdb_or_imdb
949635,Beasts: The Dummy,1976,tt0520326,"Drama, Horror, Mystery, TV Movie",tvEpisode,1,1,tv_horror_tmdb_or_imdb
949855,Black Mold,2024,tt18482800,"Horror, Thriller, Drama, TV Movie",movie,1,0,tv_horror_tmdb_or_imdb
956056,id 956056,,tt1815105,,tvEpisode,0,1,tv_horror_tmdb_or_imdb
964847,The Spiral Staircase,,tt0247716,,tvMovie,0,1,tv_horror_tmdb_or_imdb
969573,Scariest Monsters in America,2022,tt19872200,"Documentary, Horror",tvMovie,0,1,tv_horror_tmdb_or_imdb
969578,Teardrop,2022,tt16463932,"Horror, Mystery, TV Movie, Western",movie,1,0,tv_horror_tmdb_or_imdb
973978,To Lay a Ghost,,tt0281287,,tvEpisode,0,1,tv_horror_tmdb_or_imdb
976374,Battle of the Beasts: Bigfoot vs. Yeti,,tt22309386,,tvMovie,0,1,tv_horror_tmdb_or_imdb
976441,The Mars Project,2015,tt4832430,"Crime, Horror, Science Fiction, Thriller",tvMovie,0,1,tv_horror_tmdb_or_imdb
992460,Night of the Living Dead: Live from Wisconsin - Hosted by Mark & Mike,2006,tt0899284,Horror,tvMovie,0,1,tv_horror_tmdb_or_imdb
993517,Pick Me Up,2006,tt0643110,"Horror, TV Movie",tvEpisode,1,1,tv_horror_tmdb_or_imdb
994759,Ice Road Killer,2022,tt19498054,"Horror, Thriller, TV Movie",tvMovie,1,1,tv_horror_tmdb_or_imdb
1007002,Once the Killing Starts,1974,tt0212400,"Drama, Horror, Mystery, Thriller, TV Movie",tvEpisode,1,1,tv_horror_tmdb_or_imdb
1012298,Startime: Turn of the Screw,1959,tt0053384,"Horror, Thriller, TV Movie",tvEpisode,1,1,tv_horror_tmdb_or_imdb
1013325,The Picture of Dorian Gray,1961,tt1136246,"Drama, Horror, Thriller",tvEpisode,0,1,tv_horror_tmdb_or_imdb
1013699,The Shining Pyramid,1979,tt0400816,"Drama, Horror, TV Movie",tvEpisode,1,1,tv_horror_tmdb_or_imdb
1019105,id 1019105,,tt21950250,,tvSpecial,0,1,tv_horror_tmdb_or_imdb
1023082,The Lady's Maid's Bell,,tt0369648,,tvEpisode,0,1,tv_horror_tmdb_or_imdb
1023315,id 1023315,,tt14116828,,tvSeries,0,1,tv_horror_tmdb_or_imdb
1024598,Marry F*** Kill,2023,tt22871668,"Horror, TV Movie",tvMovie,1,1,tv_horror_tmdb_or_imdb
1029773,The Final Rose,2022,tt21153628,"Horror, Thriller, TV Movie",movie,1,0,tv_horror_tmdb_or_imdb
1031206,Cursed Friends,,tt22179486,,tvMovie,0,1,tv_horror_tmdb_or_imdb
1033801,The Curse of Robert the Doll,,tt21967800,,tvEpisode,0,1,tv_horror_tmdb_or_imdb
1037628,Ghosts of Flight 401,,tt21967808,,tvEpisode,0,1,tv_horror_tmdb_or_imdb
1039761,Trap House,2023,tt21809416,"Crime, Thriller, Horror, TV Movie",movie,1,0,tv_horror_tmdb_or_imdb
1041631,The Haunted Museum: 3 Ring Inferno,,tt16161744,,tvEpisode,0,1,tv_horror_tmdb_or_imdb
1054273,id 1054273,,tt23648926,,tvMovie,0,1,tv_horror_tmdb_or_imdb
1071084,Dendam Hantu Latah,,tt32166954,,tvMovie,0,1,tv_horror_tmdb_or_imdb
1071976,Ice Storm,2023,tt25012890,"Science Fiction, Action, Horror, TV Movie",tvMovie,1,1,tv_horror_tmdb_or_imdb
1087828,The Devil's Academy,2023,tt24940422,"Documentary, Horror",tvEpisode,0,1,tv_horror_tmdb_or_imdb
1089545,Michigan Hell House,2023,tt24939726,"Documentary, Horror",tvEpisode,0,1,tv_horror_tmdb_or_imdb
1099080,Indestructible,,tt1474783,,tvMovie,0,1,tv_horror_tmdb_or_imdb
1107752,The Devil Comes to Kansas City,2023,tt13836760,"Crime, Action, Horror, Thriller, TV Movie",movie,1,0,tv_horror_tmdb_or_imdb
1132147,Dracula,,tt0303928,,tvEpisode,0,1,tv_horror_tmdb_or_imdb
1132631,The Sixth Gun,,tt2655456,,tvMovie,0,1,tv_horror_tmdb_or_imdb
1137145,To Fire You Come at Last,2023,tt27999047,Horror,tvEpisode,0,1,tv_horror_tmdb_or_imdb
1138682,The Turn of the Screw,,tt0186640,,tvEpisode,0,1,tv_horror_tmdb_or_imdb
1138685,Carmilla,,tt0099222,,tvEpisode,0,1,tv_horror_tmdb_or_imdb
1138687,The Strange Case of Dr. Jekyll and Mr. Hyde,,tt0098393,,tvEpisode,0,1,tv_horror_tmdb_or_imdb
1155187,The Lurking Fear,2023,tt3171196,"Horror, TV Movie",movie,1,0,tv_horror_tmdb_or_imdb
1156182,The House of Nod Halloween Special,,tt13385630,,tvMovie,0,1,tv_horror_tmdb_or_imdb
1157482,The Ghouligans! Super Show!,,tt1302561,,tvMovie,0,1,tv_horror_tmdb_or_imdb
1158226,Journey to the Unknown,,tt0421067,,tvMovie,0,1,tv_horror_tmdb_or_imdb
1165095,Trapped in the Cabin,2023,tt27460992,"Thriller, Horror",tvMovie,0,1,tv_horror_tmdb_or_imdb
1165456,id 1165456,,tt0954591,,tvEpisode,0,1,tv_horror_tmdb_or_imdb
1167656,Scariest Places in the World,2023,tt28186534,"Documentary, Horror, TV Movie",movie,1,0,tv_horror_tmdb_or_imdb
1180762,The Claw Monsters,,tt0060243,,tvMovie,0,1,tv_horror_tmdb_or_imdb
1184784,You're Not Supposed to Be Here,2023,tt29335940,"TV Movie, Thriller, Drama, Horror",tvMovie,1,1,tv_horror_tmdb_or_imdb
1198450,id 1198450,,tt4067616,,tvEpisode,0,1,tv_horror_tmdb_or_imdb
1199496,id 1199496,,tt0954593,,tvEpisode,0,1,tv_horror_tmdb_or_imdb
1200677,Still Here,2023,tt27352118,"Thriller, Horror, TV Movie",movie,1,0,tv_horror_tmdb_or_imdb
1223121,id 1223121,,tt0737254,,tvEpisode,0,1,tv_horror_tmdb_or_imdb
1224602,Dear Joan: We're Going to Scare You to Death,,tt0331075,,tvEpisode,0,1,tv_horror_tmdb_or_imdb
1233303,Guess Who,2024,tt30792379,"Horror, Thriller, Mystery, TV Movie",movie,1,0,tv_horror_tmdb_or_imdb
1236706,Prey for the Bride,2025,tt30493168,"Horror, Thriller, TV Movie",tvMovie,1,1,tv_horror_tmdb_or_imdb
1250540,Single Black Female 2: Simone's Revenge,2024,tt31491793,"Thriller, TV Movie, Drama, Horror",,1,0,tv_horror_tmdb_or_imdb
1259684,Overdose,,tt31462729,,tvMovie,0,1,tv_horror_tmdb_or_imdb
1264152,Deceased,2024,tt26921188,"Horror, Drama",tvSeries,0,1,tv_horror_tmdb_or_imdb
1266976,The Strange Case of Dr. Jekyll and Mr. Hyde,,tt1336612,,tvMovie,0,1,tv_horror_tmdb_or_imdb
1274633,id 1274633,,tt29417473,,tvSeries,0,1,tv_horror_tmdb_or_imdb
1276634,I Have Been Here Before,,tt0385767,,tvMovie,0,1,tv_horror_tmdb_or_imdb
1278739,id 1278739,,tt0823365,,tvSeries,0,1,tv_horror_tmdb_or_imdb
1284321,The Little Black Bag,,tt0280876,,tvEpisode,0,1,tv_horror_tmdb_or_imdb
1285302,Time in Advance,,tt0059808,,tvEpisode,0,1,tv_horror_tmdb_or_imdb
1287715,Deadly Invitations,2024,tt32082258,"Thriller, Horror, TV Movie",movie,1,0,tv_horror_tmdb_or_imdb
1290294,Zombie Etiquette X,,tt2441600,,tvSpecial,0,1,tv_horror_tmdb_or_imdb
1304144,id 1304144,,tt4464244,,tvMovie,0,1,tv_horror_tmdb_or_imdb
1305500,Uncle Silas,,tt0304867,,tvEpisode,0,1,tv_horror_tmdb_or_imdb
1305510,Frankenstein,,tt0306826,,tvEpisode,0,1,tv_horror_tmdb_or_imdb
1305514,The Suicide Club,,tt0304761,,tvEpisode,0,1,tv_horror_tmdb_or_imdb
1305757,The Fall of the House of Usher,,tt0297883,,tvEpisode,0,1,tv_horror_tmdb_or_imdb
1305768,The Open Door,,tt0298488,,tvEpisode,0,1,tv_horror_tmdb_or_imdb
1307154,Sinister Surgeon,2024,tt30989112,"Thriller, Horror, TV Movie",tvMovie,1,1,tv_horror_tmdb_or_imdb
1308512,Miz Cracker's Favorite Haunts,2024,tt32368064,"Documentary, Horror, Drama, History, Mystery",tvSpecial,0,1,tv_horror_tmdb_or_imdb
1310256,A Chiller Theater Reunion,,tt10597884,,tvSpecial,0,1,tv_horror_tmdb_or_imdb
1312403,Luk Thep Tom 3,2024,tt32831533,"TV Movie, Horror, Drama, Mystery",movie,1,0,tv_horror_tmdb_or_imdb
1312565,Toe Tags,,tt0240115,,tvMovie,0,1,tv_horror_tmdb_or_imdb
1317586,Mark of the Devil,,tt0131474,,tvEpisode,0,1,tv_horror_tmdb_or_imdb
1319514,Last Video and Testament,,tt0087598,,tvEpisode,0,1,tv_horror_tmdb_or_imdb
1321197,id 1321197,,tt0066703,,tvMiniSeries,0,1,tv_horror_tmdb_or_imdb
1321224,Keiron: The First Voyager,,tt0402318,,tvMovie,0,1,tv_horror_tmdb_or_imdb
1321236,Chain Letter,,tt0896918,,tvMovie,0,1,tv_horror_tmdb_or_imdb
1321245,"The Unexplained: Witches, Werewolves & Vampires",,tt3460552,,tvMovie,0,1,tv_horror_tmdb_or_imdb
1324375,Child's Play,,tt0088909,,tvEpisode,0,1,tv_horror_tmdb_or_imdb
1324818,Dracula,,tt0643501,,tvEpisode,0,1,tv_horror_tmdb_or_imdb
1324827,Dr. Jekyll and Mr. Hyde,,tt0394419,,tvEpisode,0,1,tv_horror_tmdb_or_imdb
1326162,The Corvini Inheritance,,tt0087087,,tvEpisode,0,1,tv_horror_tmdb_or_imdb
1330025,Tales from the Void: Into the Unknown,2024,tt31530699,"Horror, Science Fiction",tvEpisode,0,1,tv_horror_tmdb_or_imdb
1330354,In Possession,,tt0087467,,tvEpisode,0,1,tv_horror_tmdb_or_imdb
1337600,Paint Me a Murder,,tt0213138,,tvEpisode,0,1,tv_horror_tmdb_or_imdb
1339878,Famous Ghost Stories,,tt2009474,,tvMovie,0,1,tv_horror_tmdb_or_imdb
1340298,id 1340298,,tt20244988,,tvSeries,0,1,tv_horror_tmdb_or_imdb
1341162,A Distant Scream,,tt0087153,,tvEpisode,0,1,tv_horror_tmdb_or_imdb
1341556,id 1341556,,tt22797236,,tvSeries,0,1,tv_horror_tmdb_or_imdb
1353083,Black Carrion,,tt0086970,,tvEpisode,0,1,tv_horror_tmdb_or_imdb
1356302,The Late Nancy Irving,,tt0087601,,tvEpisode,0,1,tv_horror_tmdb_or_imdb
1359117,Czech Mate,,tt0087106,,tvEpisode,0,1,tv_horror_tmdb_or_imdb
1359340,The Sweet Scent of Death,,tt0086400,,tvEpisode,0,1,tv_horror_tmdb_or_imdb
1359350,And the Wall Came Tumbling Down,,tt0172119,,tvEpisode,0,1,tv_horror_tmdb_or_imdb
1359376,Tennis Court,,tt0088244,,tvEpisode,0,1,tv_horror_tmdb_or_imdb
1373780,The Killing Silence,,tt3110662,,tvMovie,0,1,tv_horror_tmdb_or_imdb
1373933,Seaton’s Aunt,,tt0399619,,tvEpisode,0,1,tv_horror_tmdb_or_imdb
1373957,Rise of the Ghoul Log,2024,tt33769870,Horror,tvSeries,0,1,tv_horror_tmdb_or_imdb
1379608,Ghost Hunting with Girls Aloud,,tt0913956,,tvSpecial,0,1,tv_horror_tmdb_or_imdb
1381878,The Day of Reckoning,,tt0099370,,tvEpisode,0,1,tv_horror_tmdb_or_imdb
1396038,Twas The Night,2023,tt30579467,"Horror, TV Movie, Fantasy",movie,1,0,tv_horror_tmdb_or_imdb
1425891,id 1425891,,tt7657698,,tvMovie,0,1,tv_horror_tmdb_or_imdb
1433114,Tarot Curse,2025,tt31308914,"Horror, Mystery",tvMovie,0,1,tv_horror_tmdb_or_imdb
1435731,Gothica,,tt2726818,,tvMovie,0,1,tv_horror_tmdb_or_imdb
1442878,Three Miles Up,,tt0202626,,tvEpisode,0,1,tv_horror_tmdb_or_imdb
1450022,id 1450022,,tt1084235,,tvEpisode,0,1,tv_horror_tmdb_or_imdb
1453269,Single Black Female 3: The Final Chapter,2025,tt36294544,"Thriller, Drama, Horror, TV Movie",tvMovie,1,1,tv_horror_tmdb_or_imdb
1471317,Death Name,,tt32213976,,tvMovie,0,1,tv_horror_tmdb_or_imdb
1474695,Nightmares and Lullabies,2023,tt14313166,"Fantasy, Horror",tvMiniSeries,0,1,tv_horror_tmdb_or_imdb
1504922,id 1504922,,tt28254469,,tvSeries,0,1,tv_horror_tmdb_or_imdb
1507076,Kitani,,tt37493517,,tvMiniSeries,0,1,tv_horror_tmdb_or_imdb
1551589,The Turn of the Screw,,tt0461395,,tvMovie,0,1,tv_horror_tmdb_or_imdb
1562254,The Sacrifice,,tt1117022,,tvEpisode,0,1,tv_horror_tmdb_or_imdb
1567671,Britain's Greatest Ghost Stories,2023,tt11915496,"Horror, Mystery, Drama, Documentary",tvSeries,0,1,tv_horror_tmdb_or_imdb
1576678,The Exorcism,,tt0346845,,tvEpisode,0,1,tv_horror_tmdb_or_imdb
1585709,The Boulet Brothers' Holiday of Horrors,2025,tt38897418,Horror,tvSpecial,0,1,tv_horror_tmdb_or_imdb
1598217,id 1598217,,tt17819196,,tvSeries,0,1,tv_horror_tmdb_or_imdb
1639324,The Uninvited,,tt0067905,,tvEpisode,0,1,tv_horror_tmdb_or_imdb
1649320,The Spirit Box,,tt1117017,,tvEpisode,0,1,tv_horror_tmdb_or_imdb
1649762,Spooked,,tt1117020,,tvEpisode,0,1,tv_horror_tmdb_or_imdb
1649766,Family Man,,tt1117025,,tvEpisode,0,1,tv_horror_tmdb_or_imdb
1649773,Eater,,tt1117015,,tvEpisode,0,1,tv_horror_tmdb_or_imdb
1649776,New Year's Day,,tt1117024,,tvEpisode,0,1,tv_horror_tmdb_or_imdb
1649781,Fear Itself: Community,,tt1117021,,tvEpisode,0,1,tv_horror_tmdb_or_imdb
1649784,Skin and Bones,,tt1117027,,tvEpisode,0,1,tv_horror_tmdb_or_imdb
1649786,Something with Bite,,tt1262621,,tvEpisode,0,1,tv_horror_tmdb_or_imdb
1649787,Chance,,tt1117016,,tvEpisode,0,1,tv_horror_tmdb_or_imdb
1649795,Echoes,,tt1117018,,tvEpisode,0,1,tv_horror_tmdb_or_imdb
1649802,The Circle,,tt1117019,,tvEpisode,0,1,tv_horror_tmdb_or_imdb
1684269,id 1684269,,tt12014962,,tvSeries,0,1,tv_horror_tmdb_or_imdb
1709185,True Horror with Anthony Head,,tt0435997,,tvSeries,0,1,tv_horror_tmdb_or_imdb
1730156,The Witness,,tt31631015,,tvMiniSeries,0,1,tv_horror_tmdb_or_imdb
