id,title,year,vote_count,imdb_id,reason
346364,It,2017,16900,tt1396484,tmdb_vote_count_gt_100
381288,Split,2016,15360,tt4972582,tmdb_vote_count_gt_100
694,The Shining,1980,14911,tt0081505,tmdb_vote_count_gt_100
419430,Get Out,2017,14721,tt5052448,tmdb_vote_count_gt_100
72190,World War Z,2013,13440,tt0816711,tmdb_vote_count_gt_100
44214,Black Swan,2010,12624,tt0947798,tmdb_vote_count_gt_100
348,Alien,1979,12083,tt0078748,tmdb_vote_count_gt_100
447332,A Quiet Place,2018,12032,tt6644200,tmdb_vote_count_gt_100
138843,The Conjuring,2013,9735,tt1457767,tmdb_vote_count_gt_100
578,Jaws,1975,8659,tt0073195,tmdb_vote_count_gt_100
539,Psycho,1960,8452,tt0054215,tmdb_vote_count_gt_100
176,Saw,2004,7650,tt0387564,tmdb_vote_count_gt_100
158015,The Purge,2013,7386,tt2184339,tmdb_vote_count_gt_100
300668,Annihilation,2018,7378,tt2798920,tmdb_vote_count_gt_100
126889,Alien: Covenant,2017,7298,tt2316204,tmdb_vote_count_gt_100
474350,It Chapter Two,2019,7221,tt7349950,tmdb_vote_count_gt_100
259693,The Conjuring 2,2016,7061,tt3065204,tmdb_vote_count_gt_100
333371,10 Cloverfield Lane,2016,6808,tt1179933,tmdb_vote_count_gt_100
22970,The Cabin in the Woods,2012,6741,tt1259521,tmdb_vote_count_gt_100
9552,The Exorcist,1973,6535,tt0070047,tmdb_vote_count_gt_100
300669,Don't Breathe,2016,6387,tt4160708,tmdb_vote_count_gt_100
282035,The Mummy,2017,6346,tt2345759,tmdb_vote_count_gt_100
395992,Life,2017,6326,tt5442430,tmdb_vote_count_gt_100
933260,The Substance,2024,6206,tt17526714,tmdb_vote_count_gt_100
458723,Us,2019,6169,tt6857112,tmdb_vote_count_gt_100
345940,The Meg,2018,6068,tt4779682,tmdb_vote_count_gt_100
493922,Hereditary,2018,6057,tt7784604,tmdb_vote_count_gt_100
60304,Hansel & Gretel: Witch Hunters,2013,6015,tt1428538,tmdb_vote_count_gt_100
561,Constantine,2005,5863,tt0360486,tmdb_vote_count_gt_100
381283,mother!,2017,5863,tt5109784,tmdb_vote_count_gt_100
310131,The Witch,2015,5790,tt4263482,tmdb_vote_count_gt_100
2668,Sleepy Hollow,1999,5700,tt0162661,tmdb_vote_count_gt_100
238636,The Purge: Anarchy,2014,5695,tt2975578,tmdb_vote_count_gt_100
49018,Insidious,2010,5689,tt1591095,tmdb_vote_count_gt_100
1091,The Thing,1982,5566,tt0084787,tmdb_vote_count_gt_100
170,28 Days Later,2002,5557,tt0289043,tmdb_vote_count_gt_100
270303,It Follows,2014,5456,tt3235888,tmdb_vote_count_gt_100
1933,The Others,2001,5398,tt0230600,tmdb_vote_count_gt_100
439079,The Nun,2018,5393,tt5814060,tmdb_vote_count_gt_100
1576,Resident Evil,2002,5385,tt0120804,tmdb_vote_count_gt_100
49017,Dracula Untold,2014,5364,tt0829150,tmdb_vote_count_gt_100
250546,Annabelle,2014,5341,tt3322940,tmdb_vote_count_gt_100
4232,Scream,1996,5318,tt0117571,tmdb_vote_count_gt_100
242224,The Babadook,2014,5251,tt2321549,tmdb_vote_count_gt_100
530385,Midsommar,2019,5237,tt8772262,tmdb_vote_count_gt_100
565,The Ring,2002,5208,tt0298130,tmdb_vote_count_gt_100
507089,Five Nights at Freddy's,2023,5095,tt4589218,tmdb_vote_count_gt_100
13885,Sweeney Todd: The Demon Barber of Fleet Street,2007,5091,tt0408236,tmdb_vote_count_gt_100
7131,Van Helsing,2004,4987,tt0338526,tmdb_vote_count_gt_100
755,From Dusk Till Dawn,1996,4977,tt0116367,tmdb_vote_count_gt_100
36647,Blade,1998,4965,tt0120611,tmdb_vote_count_gt_100
1813,The Devil's Advocate,1997,4887,tt0118971,tmdb_vote_count_gt_100
396422,Annabelle: Creation,2017,4859,tt5140878,tmdb_vote_count_gt_100
628,Interview with the Vampire,1994,4852,tt0110148,tmdb_vote_count_gt_100
1233413,Sinners,2025,4835,tt31193180,tmdb_vote_count_gt_100
570670,The Invisible Man,2020,4778,tt1051906,tmdb_vote_count_gt_100
520763,A Quiet Place Part II,2021,4721,tt8332922,tmdb_vote_count_gt_100
423108,The Conjuring: The Devil Made Me Do It,2021,4689,tt7069210,tmdb_vote_count_gt_100
945961,Alien: Romulus,2024,4682,tt18412256,tmdb_vote_count_gt_100
8077,Alien³,1992,4615,tt0103644,tmdb_vote_count_gt_100
316727,The Purge: Election Year,2016,4614,tt4094724,tmdb_vote_count_gt_100
9532,Final Destination,2000,4585,tt0195714,tmdb_vote_count_gt_100
82507,Sinister,2012,4563,tt1922777,tmdb_vote_count_gt_100
332567,The Shallows,2016,4524,tt4052882,tmdb_vote_count_gt_100
948,Halloween,1978,4421,tt0077651,tmdb_vote_count_gt_100
21208,Orphan,2009,4403,tt1148204,tmdb_vote_count_gt_100
201085,Crimson Peak,2015,4396,tt2554274,tmdb_vote_count_gt_100
215,Saw II,2005,4357,tt0432348,tmdb_vote_count_gt_100
23827,Paranormal Activity,2007,4309,tt1179904,tmdb_vote_count_gt_100
6114,Bram Stoker's Dracula,1992,4172,tt0103874,tmdb_vote_count_gt_100
377,A Nightmare on Elm Street,1984,4150,tt0087800,tmdb_vote_count_gt_100
5876,The Mist,2007,4147,tt0884328,tmdb_vote_count_gt_100
615656,Meg 2: The Trench,2023,4032,tt9224104,tmdb_vote_count_gt_100
298312,The Visit,2015,4012,tt3567288,tmdb_vote_count_gt_100
376570,Hush,2016,3990,tt5022702,tmdb_vote_count_gt_100
8078,Alien Resurrection,1997,3981,tt0118583,tmdb_vote_count_gt_100
424139,Halloween,2018,3974,tt1502407,tmdb_vote_count_gt_100
36586,Blade II,2002,3963,tt0187738,tmdb_vote_count_gt_100
522681,Escape Room,2019,3924,tt5886046,tmdb_vote_count_gt_100
133805,Carrie,2013,3919,tt1939659,tmdb_vote_count_gt_100
2667,The Blair Witch Project,1999,3901,tt0185937,tmdb_vote_count_gt_100
1008042,Talk to Me,2023,3829,tt10638522,tmdb_vote_count_gt_100
713704,Evil Dead Rise,2023,3814,tt13345606,tmdb_vote_count_gt_100
426063,Nosferatu,2024,3784,tt5040012,tmdb_vote_count_gt_100
109428,Evil Dead,2013,3758,tt1288558,tmdb_vote_count_gt_100
132232,Mama,2013,3667,tt2023587,tmdb_vote_count_gt_100
395,AVP: Alien vs. Predator,2004,3654,tt0370263,tmdb_vote_count_gt_100
214,Saw III,2006,3653,tt0489270,tmdb_vote_count_gt_100
1577,Resident Evil: Apocalypse,2004,3635,tt0318627,tmdb_vote_count_gt_100
1078605,Weapons,2025,3634,tt26581740,tmdb_vote_count_gt_100
1062722,Frankenstein,2025,3611,tt1312221,tmdb_vote_count_gt_100
3021,1408,2007,3579,tt0450385,tmdb_vote_count_gt_100
52520,Underworld: Awakening,2012,3573,tt1496025,tmdb_vote_count_gt_100
460019,Truth or Dare,2018,3562,tt6772950,tmdb_vote_count_gt_100
351460,Death Note,2017,3560,tt1241317,tmdb_vote_count_gt_100
9533,Red Dragon,2002,3538,tt0289765,tmdb_vote_count_gt_100
91586,Insidious: Chapter 2,2013,3528,tt2226417,tmdb_vote_count_gt_100
588,Silent Hill,2006,3519,tt0384537,tmdb_vote_count_gt_100
1562,28 Weeks Later,2007,3514,tt0463854,tmdb_vote_count_gt_100
9426,The Fly,1986,3512,tt0091064,tmdb_vote_count_gt_100
7737,Resident Evil: Extinction,2007,3492,tt0432021,tmdb_vote_count_gt_100
501170,Doctor Sleep,2019,3486,tt5606664,tmdb_vote_count_gt_100
762441,A Quiet Place: Day One,2024,3433,tt13433802,tmdb_vote_count_gt_100
397243,The Autopsy of Jane Doe,2016,3423,tt3289956,tmdb_vote_count_gt_100
71679,Resident Evil: Retribution,2012,3422,tt1855325,tmdb_vote_count_gt_100
442249,The First Purge,2018,3413,tt6133466,tmdb_vote_count_gt_100
345911,Lights Out,2016,3384,tt4786282,tmdb_vote_count_gt_100
321258,The Boy,2016,3346,tt3882082,tmdb_vote_count_gt_100
340837,A Cure for Wellness,2017,3345,tt4731136,tmdb_vote_count_gt_100
301365,The Neon Demon,2016,3325,tt1974419,tmdb_vote_count_gt_100
9358,Final Destination 2,2003,3321,tt0309593,tmdb_vote_count_gt_100
571,The Birds,1963,3311,tt0056869,tmdb_vote_count_gt_100
36648,Blade: Trinity,2004,3275,tt0359013,tmdb_vote_count_gt_100
35791,Resident Evil: Afterlife,2010,3274,tt1220634,tmdb_vote_count_gt_100
934433,Scream VI,2023,3260,tt17663992,tmdb_vote_count_gt_100
924,Dawn of the Dead,2004,3254,tt0363547,tmdb_vote_count_gt_100
503736,Army of the Dead,2021,3233,tt0993840,tmdb_vote_count_gt_100
346672,Underworld: Blood Wars,2016,3221,tt3717252,tmdb_vote_count_gt_100
805,Rosemary's Baby,1968,3211,tt0063522,tmdb_vote_count_gt_100
758323,The Pope's Exorcist,2023,3211,tt13375076,tmdb_vote_count_gt_100
9286,Final Destination 3,2006,3174,tt0414982,tmdb_vote_count_gt_100
631842,Knock at the Cabin,2023,3132,tt15679400,tmdb_vote_count_gt_100
9392,The Descent,2005,3123,tt0435625,tmdb_vote_count_gt_100
4233,Scream 2,1997,3103,tt0120082,tmdb_vote_count_gt_100
343674,Gerald's Game,2017,3103,tt3748172,tmdb_vote_count_gt_100
764,The Evil Dead,1981,3093,tt0083907,tmdb_vote_count_gt_100
65086,The Woman in Black,2012,3088,tt1596365,tmdb_vote_count_gt_100
631843,Old,2021,3080,tt10954652,tmdb_vote_count_gt_100
7340,Carrie,1976,3055,tt0074285,tmdb_vote_count_gt_100
16871,Drag Me to Hell,2009,3052,tt1127180,tmdb_vote_count_gt_100
298250,Jigsaw,2017,3044,tt3348730,tmdb_vote_count_gt_100
663,Saw IV,2007,3038,tt0890870,tmdb_vote_count_gt_100
1690,Hostel,2005,3023,tt0450278,tmdb_vote_count_gt_100
277685,Unfriended,2014,2994,tt3713166,tmdb_vote_count_gt_100
574475,Final Destination Bloodlines,2025,2961,tt9619824,tmdb_vote_count_gt_100
1032823,Trap,2024,2914,tt26753003,tmdb_vote_count_gt_100
1992,Planet Terror,2007,2881,tt1077258,tmdb_vote_count_gt_100
521029,Annabelle Comes Home,2019,2870,tt8350360,tmdb_vote_count_gt_100
72331,Abraham Lincoln: Vampire Hunter,2012,2855,tt1611224,tmdb_vote_count_gt_100
280092,Insidious: Chapter 3,2015,2833,tt3195644,tmdb_vote_count_gt_100
340102,The New Mutants,2020,2819,tt4682266,tmdb_vote_count_gt_100
49730,Red Riding Hood,2011,2817,tt1486185,tmdb_vote_count_gt_100
11917,Saw V,2008,2815,tt1132626,tmdb_vote_count_gt_100
55779,Final Destination 5,2011,2809,tt1622979,tmdb_vote_count_gt_100
41446,Scream 4,2011,2801,tt1262416,tmdb_vote_count_gt_100
256274,"As Above, So Below",2014,2774,tt2870612,tmdb_vote_count_gt_100
384521,The Cloverfield Paradox,2018,2774,tt2548396,tmdb_vote_count_gt_100
157433,Pet Sematary,2019,2765,tt0837563,tmdb_vote_count_gt_100
1226578,Longlegs,2024,2750,tt23468450,tmdb_vote_count_gt_100
756999,The Black Phone,2022,2736,tt7144666,tmdb_vote_count_gt_100
1138194,Heretic,2024,2728,tt28015403,tmdb_vote_count_gt_100
1100988,28 Years Later,2025,2701,tt10548174,tmdb_vote_count_gt_100
19912,The Final Destination,2009,2670,tt1144884,tmdb_vote_count_gt_100
4234,Scream 3,2000,2664,tt0134084,tmdb_vote_count_gt_100
173897,Resident Evil: The Final Chapter,2016,2642,tt2592614,tmdb_vote_count_gt_100
263472,Knock Knock,2015,2621,tt3605418,tmdb_vote_count_gt_100
511987,Crawl,2019,2608,tt8364368,tmdb_vote_count_gt_100
531309,Brightburn,2019,2566,tt7752126,tmdb_vote_count_gt_100
22804,Saw VI,2009,2559,tt1233227,tmdb_vote_count_gt_100
443791,Underwater,2020,2537,tt5774060,tmdb_vote_count_gt_100
157547,Oculus,2013,2536,tt2388715,tmdb_vote_count_gt_100
30497,The Texas Chain Saw Massacre,1974,2525,tt0072271,tmdb_vote_count_gt_100
968051,The Nun II,2023,2513,tt10160976,tmdb_vote_count_gt_100
10066,House of Wax,2005,2505,tt0397065,tmdb_vote_count_gt_100
1970,The Grudge,2004,2486,tt0391198,tmdb_vote_count_gt_100
514847,The Hunt,2020,2477,tt8244784,tmdb_vote_count_gt_100
44040,Devil,2010,2466,tt1314655,tmdb_vote_count_gt_100
9792,The Hills Have Eyes,2006,2447,tt0454841,tmdb_vote_count_gt_100
1084199,Companion,2025,2431,tt26584495,tmdb_vote_count_gt_100
41439,Saw 3D,2010,2425,tt1477076,tmdb_vote_count_gt_100
622,The Ninth Gate,1999,2421,tt0142688,tmdb_vote_count_gt_100
609,Poltergeist,1982,2416,tt0084516,tmdb_vote_count_gt_100
951491,Saw X,2023,2413,tt21807222,tmdb_vote_count_gt_100
403119,47 Meters Down,2017,2406,tt2932536,tmdb_vote_count_gt_100
438799,Overlord,2018,2406,tt4530422,tmdb_vote_count_gt_100
433808,The Ritual,2017,2397,tt5638642,tmdb_vote_count_gt_100
8922,Jeepers Creepers,2001,2395,tt0263488,tmdb_vote_count_gt_100
242512,Ouija,2014,2393,tt1204977,tmdb_vote_count_gt_100
60935,The Thing,2011,2390,tt0905372,tmdb_vote_count_gt_100
768,From Hell,2001,2380,tt0120681,tmdb_vote_count_gt_100
10585,Child's Play,1988,2335,tt0094862,tmdb_vote_count_gt_100
440,Aliens vs Predator: Requiem,2007,2334,tt0758730,tmdb_vote_count_gt_100
8643,The Exorcism of Emily Rose,2005,2333,tt0404032,tmdb_vote_count_gt_100
452507,1922,2017,2318,tt6214928,tmdb_vote_count_gt_100
406563,Insidious: The Last Key,2018,2313,tt5726086,tmdb_vote_count_gt_100
23437,A Nightmare on Elm Street,2010,2292,tt1179056,tmdb_vote_count_gt_100
4488,Friday the 13th,1980,2289,tt0080761,tmdb_vote_count_gt_100
3597,I Know What You Did Last Summer,1997,2272,tt0119345,tmdb_vote_count_gt_100
313922,Green Room,2015,2272,tt4062536,tmdb_vote_count_gt_100
14564,Rings,2017,2270,tt0498381,tmdb_vote_count_gt_100
4513,30 Days of Night,2007,2267,tt0389722,tmdb_vote_count_gt_100
8413,Event Horizon,1997,2212,tt0119081,tmdb_vote_count_gt_100
417384,Scary Stories to Tell in the Dark,2019,2208,tt3387520,tmdb_vote_count_gt_100
1114513,Speak No Evil,2024,2204,tt27534307,tmdb_vote_count_gt_100
306947,The Invitation,2015,2195,tt2400463,tmdb_vote_count_gt_100
22894,Legion,2010,2190,tt1038686,tmdb_vote_count_gt_100
398173,The House That Jack Built,2018,2186,tt4003440,tmdb_vote_count_gt_100
938614,Late Night with the Devil,2024,2174,tt14966898,tmdb_vote_count_gt_100
9373,The Texas Chainsaw Massacre,2003,2163,tt0324216,tmdb_vote_count_gt_100
17609,Antichrist,2009,2138,tt0870984,tmdb_vote_count_gt_100
9902,Wrong Turn,2003,2127,tt0295700,tmdb_vote_count_gt_100
335796,Ouija: Origin of Evil,2016,2127,tt4361050,tmdb_vote_count_gt_100
13207,Friday the 13th,2009,2106,tt0758746,tmdb_vote_count_gt_100
41436,Paranormal Activity 2,2010,2086,tt1536044,tmdb_vote_count_gt_100
6466,Freddy vs. Jason,2003,2084,tt0329101,tmdb_vote_count_gt_100
9360,Anaconda,1997,2075,tt0118615,tmdb_vote_count_gt_100
361292,Suspiria,2018,2075,tt1034415,tmdb_vote_count_gt_100
83899,You're Next,2011,2041,tt1853739,tmdb_vote_count_gt_100
400710,Flatliners,2017,2035,tt2039338,tmdb_vote_count_gt_100
243688,Poltergeist,2015,2031,tt1029360,tmdb_vote_count_gt_100
576845,Last Night in Soho,2021,2031,tt9639470,tmdb_vote_count_gt_100
539537,Fantasy Island,2020,2020,tt0983946,tmdb_vote_count_gt_100
614479,Insidious: The Red Door,2023,2013,tt13405778,tmdb_vote_count_gt_100
26466,Triangle,2009,2003,tt1187064,tmdb_vote_count_gt_100
418078,It Comes at Night,2017,2003,tt4695012,tmdb_vote_count_gt_100
8914,Deep Blue Sea,1999,2002,tt0149261,tmdb_vote_count_gt_100
10665,The Strangers,2008,2000,tt0482606,tmdb_vote_count_gt_100
480414,The Curse of La Llorona,2019,1998,tt4913966,tmdb_vote_count_gt_100
1034541,Terrifier 3,2024,1994,tt27911000,tmdb_vote_count_gt_100
1038392,The Conjuring: Last Rites,2025,1988,tt22898462,tmdb_vote_count_gt_100
635910,The Last Voyage of the Demeter,2023,1980,tt1001520,tmdb_vote_count_gt_100
9645,Ghost Ship,2002,1978,tt0288477,tmdb_vote_count_gt_100
985,Eraserhead,1977,1961,tt0074486,tmdb_vote_count_gt_100
19898,Pandorum,2009,1952,tt1188729,tmdb_vote_count_gt_100
476299,Ghostland,2018,1950,tt6195094,tmdb_vote_count_gt_100
372343,The Snowman,2017,1948,tt1758810,tmdb_vote_count_gt_100
610253,Halloween Kills,2021,1941,tt10665338,tmdb_vote_count_gt_100
10331,Night of the Living Dead,1968,1935,tt0063350,tmdb_vote_count_gt_100
10320,The Ring Two,2005,1935,tt0377109,tmdb_vote_count_gt_100
28355,Case 39,2009,1935,tt0795351,tmdb_vote_count_gt_100
9003,Hellraiser,1987,1933,tt0093177,tmdb_vote_count_gt_100
38321,Priest,2011,1923,tt0822847,tmdb_vote_count_gt_100
86825,Stoker,2013,1923,tt1682180,tmdb_vote_count_gt_100
602223,The Forever Purge,2021,1904,tt10327252,tmdb_vote_count_gt_100
546121,Run,2020,1901,tt8633478,tmdb_vote_count_gt_100
14001,Dead Silence,2007,1893,tt0455760,tmdb_vote_count_gt_100
4970,Gothika,2003,1883,tt0348836,tmdb_vote_count_gt_100
72571,Paranormal Activity 3,2011,1878,tt1778304,tmdb_vote_count_gt_100
2082,Halloween,2007,1873,tt0373883,tmdb_vote_count_gt_100
10065,The Amityville Horror,2005,1862,tt0384806,tmdb_vote_count_gt_100
8814,Doom,2005,1849,tt0419706,tmdb_vote_count_gt_100
1248,Hannibal Rising,2007,1848,tt0367959,tmdb_vote_count_gt_100
482373,Don't Breathe 2,2021,1847,tt6246322,tmdb_vote_count_gt_100
43947,I Spit on Your Grave,2010,1836,tt1242432,tmdb_vote_count_gt_100
283445,Sinister 2,2015,1832,tt2752772,tmdb_vote_count_gt_100
460458,Resident Evil: Welcome to Raccoon City,2021,1831,tt6920084,tmdb_vote_count_gt_100
37707,Splice,2009,1825,tt1017460,tmdb_vote_count_gt_100
502416,Ma,2019,1823,tt7958736,tmdb_vote_count_gt_100
1151031,Bring Her Back,2025,1792,tt32246771,tmdb_vote_count_gt_100
523139,In the Tall Grass,2019,1788,tt4687108,tmdb_vote_count_gt_100
48171,The Rite,2011,1786,tt1161864,tmdb_vote_count_gt_100
37169,The Human Centipede (First Sequence),2009,1772,tt1467304,tmdb_vote_count_gt_100
184346,Deliver Us from Evil,2014,1760,tt2377322,tmdb_vote_count_gt_100
8913,Pet Sematary,1989,1748,tt0098084,tmdb_vote_count_gt_100
632357,The Unholy,2021,1737,tt9419056,tmdb_vote_count_gt_100
9913,The Skeleton Key,2005,1736,tt0397101,tmdb_vote_count_gt_100
837,Videodrome,1983,1733,tt0086541,tmdb_vote_count_gt_100
646385,Scream,2022,1732,tt11245972,tmdb_vote_count_gt_100
294963,Bone Tomahawk,2015,1730,tt2494362,tmdb_vote_count_gt_100
41402,Let Me In,2010,1728,tt1228987,tmdb_vote_count_gt_100
8461,Funny Games,2008,1709,tt0808279,tmdb_vote_count_gt_100
591273,Fear Street: 1994,2021,1708,tt6566576,tmdb_vote_count_gt_100
604079,The Long Walk,2025,1703,tt10374610,tmdb_vote_count_gt_100
29427,The Crazies,2010,1697,tt0455407,tmdb_vote_count_gt_100
9378,Thir13en Ghosts,2001,1695,tt0245674,tmdb_vote_count_gt_100
439015,Slender Man,2018,1685,tt5690360,tmdb_vote_count_gt_100
762504,Nope,2022,1684,tt10954984,tmdb_vote_count_gt_100
599975,Countdown,2019,1680,tt10039344,tmdb_vote_count_gt_100
923,Dawn of the Dead,1978,1674,tt0077402,tmdb_vote_count_gt_100
7978,The Wolfman,2010,1673,tt0780653,tmdb_vote_count_gt_100
1041613,Immaculate,2024,1673,tt23137390,tmdb_vote_count_gt_100
463684,Velvet Buzzsaw,2019,1671,tt7043012,tmdb_vote_count_gt_100
351211,Blair Witch,2016,1663,tt1540011,tmdb_vote_count_gt_100
375366,The Girl with All the Gifts,2016,1662,tt4547056,tmdb_vote_count_gt_100
1086747,The Watchers,2024,1653,tt26736843,tmdb_vote_count_gt_100
619778,Malignant,2021,1647,tt3811906,tmdb_vote_count_gt_100
1691,Hostel: Part II,2007,1645,tt0498353,tmdb_vote_count_gt_100
335866,Circle,2015,1625,tt3118452,tmdb_vote_count_gt_100
100241,"I, Frankenstein",2014,1623,tt1418377,tmdb_vote_count_gt_100
82990,Paranormal Activity 4,2012,1619,tt2109184,tmdb_vote_count_gt_100
1071215,Thanksgiving,2023,1615,tt1448754,tmdb_vote_count_gt_100
533642,Child's Play,2019,1608,tt8663516,tmdb_vote_count_gt_100
241257,Regression,2015,1593,tt3319920,tmdb_vote_count_gt_100
11281,Halloween II,1981,1591,tt0082495,tmdb_vote_count_gt_100
794,The Omen,1976,1590,tt0075005,tmdb_vote_count_gt_100
980078,Winnie the Pooh: Blood and Honey,2023,1584,tt19623240,tmdb_vote_count_gt_100
3035,Frankenstein,1931,1581,tt0021884,tmdb_vote_count_gt_100
9276,The Faculty,1998,1573,tt0133751,tmdb_vote_count_gt_100
82505,House at the End of the Street,2012,1572,tt1582507,tmdb_vote_count_gt_100
8769,Christine,1983,1571,tt0085333,tmdb_vote_count_gt_100
301804,Before I Wake,2016,1560,tt3174376,tmdb_vote_count_gt_100
1923,Twin Peaks: Fire Walk with Me,1992,1553,tt0105665,tmdb_vote_count_gt_100
1023922,MaXXXine,2024,1551,tt22048412,tmdb_vote_count_gt_100
329440,The Forest,2016,1543,tt3387542,tmdb_vote_count_gt_100
416234,Winchester,2018,1543,tt1072748,tmdb_vote_count_gt_100
579,Jaws 2,1978,1540,tt0077766,tmdb_vote_count_gt_100
460885,Mandy,2018,1537,tt6998518,tmdb_vote_count_gt_100
145135,Dark Skies,2013,1532,tt2387433,tmdb_vote_count_gt_100
820609,No One Will Save You,2023,1527,tt14509110,tmdb_vote_count_gt_100
13515,Mirrors,2008,1520,tt0790686,tmdb_vote_count_gt_100
2655,What Lies Beneath,2000,1503,tt0161081,tmdb_vote_count_gt_100
9100,The Craft,1996,1497,tt0115963,tmdb_vote_count_gt_100
9946,End of Days,1999,1496,tt0146675,tmdb_vote_count_gt_100
1232546,Until Dawn,2025,1494,tt30955489,tmdb_vote_count_gt_100
6171,Dreamcatcher,2003,1486,tt0285531,tmdb_vote_count_gt_100
425972,Cargo,2017,1476,tt3860916,tmdb_vote_count_gt_100
244,King Kong,1933,1468,tt0024216,tmdb_vote_count_gt_100
458305,Vivarium,2019,1466,tt8368406,tmdb_vote_count_gt_100
10014,A Nightmare on Elm Street Part 2: Freddy's Revenge,1985,1460,tt0089686,tmdb_vote_count_gt_100
23202,Trick 'r Treat,2007,1457,tt0862856,tmdb_vote_count_gt_100
326,Snakes on a Plane,2006,1448,tt0417148,tmdb_vote_count_gt_100
10781,The Texas Chainsaw Massacre: The Beginning,2006,1445,tt0420294,tmdb_vote_count_gt_100
11186,Child's Play 2,1990,1434,tt0099253,tmdb_vote_count_gt_100
719221,Tarot,2024,1429,tt14088510,tmdb_vote_count_gt_100
18405,The Last House on the Left,2009,1421,tt0844708,tmdb_vote_count_gt_100
64720,Take Shelter,2011,1416,tt1675192,tmdb_vote_count_gt_100
287424,Maggie,2015,1415,tt1881002,tmdb_vote_count_gt_100
591274,Fear Street: 1978,2021,1406,tt9701940,tmdb_vote_count_gt_100
13510,Eden Lake,2008,1388,tt1020530,tmdb_vote_count_gt_100
77883,The Possession,2012,1378,tt0431021,tmdb_vote_count_gt_100
10072,A Nightmare on Elm Street 3: Dream Warriors,1987,1376,tt0093629,tmdb_vote_count_gt_100
93856,Chernobyl Diaries,2012,1374,tt1991245,tmdb_vote_count_gt_100
602734,Spiral: From the Book of Saw,2021,1362,tt10342730,tmdb_vote_count_gt_100
76617,Texas Chainsaw 3D,2013,1346,tt1572315,tmdb_vote_count_gt_100
585216,Escape Room: Tournament of Champions,2021,1341,tt9844522,tmdb_vote_count_gt_100
437342,The First Omen,2024,1340,tt5672290,tmdb_vote_count_gt_100
11096,Hide and Seek,2005,1339,tt0382077,tmdb_vote_count_gt_100
61012,Silent Hill: Revelation 3D,2012,1336,tt0938330,tmdb_vote_count_gt_100
467660,Unsane,2018,1312,tt7153766,tmdb_vote_count_gt_100
11357,Halloween 4: The Return of Michael Myers,1988,1311,tt0095271,tmdb_vote_count_gt_100
957452,The Crow,2024,1305,tt1340094,tmdb_vote_count_gt_100
11675,Halloween H20: 20 Years Later,1998,1302,tt0120694,tmdb_vote_count_gt_100
807172,The Exorcist: Believer,2023,1300,tt12921446,tmdb_vote_count_gt_100
9348,Species,1995,1294,tt0114508,tmdb_vote_count_gt_100
2662,House of 1000 Corpses,2003,1291,tt0251736,tmdb_vote_count_gt_100
11351,Jeepers Creepers 2,2003,1287,tt0301470,tmdb_vote_count_gt_100
11683,Land of the Dead,2005,1287,tt0418819,tmdb_vote_count_gt_100
9725,Friday the 13th Part 2,1981,1281,tt0082418,tmdb_vote_count_gt_100
505058,Unfriended: Dark Web,2018,1281,tt4761916,tmdb_vote_count_gt_100
167032,Curse of Chucky,2013,1280,tt2230358,tmdb_vote_count_gt_100
377264,Morgan,2016,1280,tt4520364,tmdb_vote_count_gt_100
8843,The Cell,2000,1278,tt0209958,tmdb_vote_count_gt_100
521935,Cam,2018,1275,tt8361028,tmdb_vote_count_gt_100
2654,In the Mouth of Madness,1995,1272,tt0113409,tmdb_vote_count_gt_100
9529,Candyman,1992,1269,tt0103919,tmdb_vote_count_gt_100
527261,The Silence,2019,1269,tt7315484,tmdb_vote_count_gt_100
11336,The Dead Zone,1983,1262,tt0085407,tmdb_vote_count_gt_100
2291,Jacob's Ladder,1990,1262,tt0099871,tmdb_vote_count_gt_100
1551,Flatliners,1990,1253,tt0099582,tmdb_vote_count_gt_100
14254,The Uninvited,2009,1252,tt0815245,tmdb_vote_count_gt_100
591275,Fear Street: 1666,2021,1251,tt9701942,tmdb_vote_count_gt_100
485774,The Open House,2018,1238,tt7608028,tmdb_vote_count_gt_100
1197137,Black Phone 2,2025,1236,tt29644189,tmdb_vote_count_gt_100
227348,Paranormal Activity: The Marked Ones,2014,1235,tt2473682,tmdb_vote_count_gt_100
11187,Child's Play 3,1991,1234,tt0103956,tmdb_vote_count_gt_100
1242011,Together,2025,1234,tt31184028,tmdb_vote_count_gt_100
71469,The Darkest Hour,2011,1229,tt1093357,tmdb_vote_count_gt_100
243940,The Lazarus Effect,2015,1226,tt2918436,tmdb_vote_count_gt_100
3600,I Still Know What You Did Last Summer,1998,1225,tt0130018,tmdb_vote_count_gt_100
50698,Grave Encounters,2011,1222,tt1703199,tmdb_vote_count_gt_100
84348,V/H/S,2012,1217,tt2105044,tmdb_vote_count_gt_100
138,Dracula,1931,1210,tt0021814,tmdb_vote_count_gt_100
77949,The Awakening,2011,1207,tt1687901,tmdb_vote_count_gt_100
146301,Paranormal Activity: The Ghost Dimension,2015,1198,tt2473510,tmdb_vote_count_gt_100
21407,The Collector,2009,1194,tt0844479,tmdb_vote_count_gt_100
635,Angel Heart,1987,1193,tt0092563,tmdb_vote_count_gt_100
341006,The Belko Experiment,2016,1193,tt1082807,tmdb_vote_count_gt_100
13788,The Unborn,2009,1185,tt1139668,tmdb_vote_count_gt_100
424121,Apostle,2018,1185,tt6217306,tmdb_vote_count_gt_100
136,Freaks,1932,1183,tt0022913,tmdb_vote_count_gt_100
542224,Gretel & Hansel,2020,1181,tt9086228,tmdb_vote_count_gt_100
9793,The Hills Have Eyes 2,2007,1175,tt0800069,tmdb_vote_count_gt_100
25769,Carriers,2009,1174,tt0806203,tmdb_vote_count_gt_100
483202,Eli,2019,1170,tt5294518,tmdb_vote_count_gt_100
790,The Fog,1980,1166,tt0080749,tmdb_vote_count_gt_100
10294,Vacancy,2007,1162,tt0452702,tmdb_vote_count_gt_100
480105,47 Meters Down: Uncaged,2019,1157,tt7329656,tmdb_vote_count_gt_100
171424,The Green Inferno,2013,1153,tt2403021,tmdb_vote_count_gt_100
1696,The Devil's Rejects,2005,1145,tt0395584,tmdb_vote_count_gt_100
440597,Wish Upon,2017,1144,tt5322012,tmdb_vote_count_gt_100
112454,Clown,2014,1143,tt1780798,tmdb_vote_count_gt_100
11618,The Haunting,1999,1132,tt0171363,tmdb_vote_count_gt_100
1096197,No Way Up,2024,1128,tt16253418,tmdb_vote_count_gt_100
371608,The Strangers: Prey at Night,2018,1127,tt1285009,tmdb_vote_count_gt_100
532408,The Boogeyman,2023,1122,tt3427252,tmdb_vote_count_gt_100
24150,Halloween II,2009,1120,tt1311067,tmdb_vote_count_gt_100
368031,Friend Request,2016,1117,tt3352390,tmdb_vote_count_gt_100
529962,The Perfection,2018,1116,tt7772580,tmdb_vote_count_gt_100
565028,Candyman,2021,1108,tt9347730,tmdb_vote_count_gt_100
709631,Cobweb,2023,1103,tt9100018,tmdb_vote_count_gt_100
9708,The Wicker Man,2006,1102,tt0450345,tmdb_vote_count_gt_100
11596,New Nightmare,1994,1096,tt0111686,tmdb_vote_count_gt_100
10131,A Nightmare on Elm Street 4: The Dream Master,1988,1095,tt0095742,tmdb_vote_count_gt_100
434555,The Possession of Hannah Grace,2018,1094,tt5734576,tmdb_vote_count_gt_100
250574,Creep,2014,1089,tt2428170,tmdb_vote_count_gt_100
10336,Spawn,1997,1086,tt0120177,tmdb_vote_count_gt_100
292280,The Bye Bye Man,2017,1086,tt4030600,tmdb_vote_count_gt_100
13186,Wrong Turn 2: Dead End,2007,1084,tt0804555,tmdb_vote_count_gt_100
667216,Infinity Pool,2023,1072,tt10365998,tmdb_vote_count_gt_100
11470,Jason X,2001,1069,tt0211443,tmdb_vote_count_gt_100
74997,The Human Centipede 2 (Full Sequence),2011,1067,tt1530509,tmdb_vote_count_gt_100
9728,Friday the 13th Part III,1982,1062,tt0083972,tmdb_vote_count_gt_100
9877,Urban Legend,1998,1062,tt0146336,tmdb_vote_count_gt_100
1228246,Five Nights at Freddy's 2,2025,1062,tt30274401,tmdb_vote_count_gt_100
548473,Color Out of Space,2019,1057,tt5073642,tmdb_vote_count_gt_100
13812,Quarantine,2008,1055,tt1082868,tmdb_vote_count_gt_100
10676,Halloween III: Season of the Witch,1982,1054,tt0085636,tmdb_vote_count_gt_100
1064028,Subservience,2024,1052,tt24871974,tmdb_vote_count_gt_100
470229,Summer of 84,2018,1051,tt5774450,tmdb_vote_count_gt_100
555974,Brahms: The Boy II,2020,1045,tt9173418,tmdb_vote_count_gt_100
300665,Leatherface,2017,1044,tt2620590,tmdb_vote_count_gt_100
411143,Tau,2018,1044,tt4357394,tmdb_vote_count_gt_100
207768,I Spit on Your Grave 2,2013,1043,tt2537176,tmdb_vote_count_gt_100
11547,Cabin Fever,2003,1041,tt0303816,tmdb_vote_count_gt_100
524251,I See You,2019,1041,tt6079516,tmdb_vote_count_gt_100
10166,The Witches,1990,1037,tt0100944,tmdb_vote_count_gt_100
760104,X,2022,1035,tt13560574,tmdb_vote_count_gt_100
45657,The Ward,2010,1030,tt1369706,tmdb_vote_count_gt_100
11284,Freddy's Dead: The Final Nightmare,1991,1029,tt0101917,tmdb_vote_count_gt_100
16307,The Wicker Man,1973,1026,tt0070917,tmdb_vote_count_gt_100
11454,Manhunter,1986,1025,tt0091474,tmdb_vote_count_gt_100
1063877,Don't Move,2024,1021,tt24807110,tmdb_vote_count_gt_100
429417,Ghost Stories,2018,1019,tt5516328,tmdb_vote_count_gt_100
17692,Jaws 3-D,1983,1015,tt0085750,tmdb_vote_count_gt_100
3036,Mary Shelley's Frankenstein,1994,1014,tt0109836,tmdb_vote_count_gt_100
9730,Friday the 13th: The Final Chapter,1984,1013,tt0087298,tmdb_vote_count_gt_100
710295,Wolf Man,2025,1012,tt4216984,tmdb_vote_count_gt_100
11442,Halloween: Resurrection,2002,1000,tt0220506,tmdb_vote_count_gt_100
9945,Vampires,1998,989,tt0120877,tmdb_vote_count_gt_100
11601,Stir of Echoes,1999,985,tt0164181,tmdb_vote_count_gt_100
378018,The Void,2016,984,tt4255304,tmdb_vote_count_gt_100
465086,The Grudge,2020,975,tt3612126,tmdb_vote_count_gt_100
10160,A Nightmare on Elm Street: The Dream Child,1989,972,tt0097981,tmdb_vote_count_gt_100
86597,The Tall Man,2012,971,tt1658837,tmdb_vote_count_gt_100
229,Bride of Frankenstein,1935,970,tt0026138,tmdb_vote_count_gt_100
1029281,Strange Darling,2024,967,tt22375054,tmdb_vote_count_gt_100
8408,Day of the Dead,1985,965,tt0088993,tmdb_vote_count_gt_100
393345,Cult of Chucky,2017,959,tt3280262,tmdb_vote_count_gt_100
632727,Texas Chainsaw Massacre,2022,958,tt11755740,tmdb_vote_count_gt_100
2046,The Gift,2000,955,tt0219699,tmdb_vote_count_gt_100
474764,The Lodge,2020,942,tt7347846,tmdb_vote_count_gt_100
18781,The Haunting in Connecticut,2009,941,tt0492044,tmdb_vote_count_gt_100
14435,My Bloody Valentine,2009,940,tt1179891,tmdb_vote_count_gt_100
297608,The Taking of Deborah Logan,2014,936,tt3387648,tmdb_vote_count_gt_100
71670,Hostel: Part III,2011,928,tt1255916,tmdb_vote_count_gt_100
11361,Halloween 5: The Revenge of Michael Myers,1989,927,tt0097474,tmdb_vote_count_gt_100
168098,Cell,2016,924,tt0775440,tmdb_vote_count_gt_100
155084,13 Sins,2014,917,tt2059171,tmdb_vote_count_gt_100
9538,Scanners,1981,915,tt0081455,tmdb_vote_count_gt_100
2637,The Mothman Prophecies,2002,912,tt0265349,tmdb_vote_count_gt_100
1051896,Arcadian,2024,912,tt22939186,tmdb_vote_count_gt_100
9885,Wolf Creek,2005,908,tt0416315,tmdb_vote_count_gt_100
11152,The Ruins,2008,908,tt0963794,tmdb_vote_count_gt_100
288158,The Woman in Black 2: Angel of Death,2014,908,tt2339741,tmdb_vote_count_gt_100
83,Open Water,2004,905,tt0374102,tmdb_vote_count_gt_100
203835,Amityville: The Awakening,2017,905,tt1935897,tmdb_vote_count_gt_100
23823,Wrong Turn 3: Left for Dead,2009,904,tt1261978,tmdb_vote_count_gt_100
760161,Orphan: First Kill,2022,902,tt11851548,tmdb_vote_count_gt_100
10225,Friday the 13th Part VI: Jason Lives,1986,899,tt0091080,tmdb_vote_count_gt_100
46261,Don't Be Afraid of the Dark,2010,899,tt1270761,tmdb_vote_count_gt_100
316154,The Bad Batch,2017,895,tt4334266,tmdb_vote_count_gt_100
36419,After.Life,2009,892,tt0838247,tmdb_vote_count_gt_100
10016,Ghosts of Mars,2001,890,tt0228333,tmdb_vote_count_gt_100
10053,When a Stranger Calls,2006,886,tt0455857,tmdb_vote_count_gt_100
10307,Stigmata,1999,877,tt0145531,tmdb_vote_count_gt_100
9731,Friday the 13th: A New Beginning,1985,876,tt0089173,tmdb_vote_count_gt_100
1072342,Night Swim,2024,873,tt9682428,tmdb_vote_count_gt_100
34480,The Descent: Part 2,2009,872,tt1073105,tmdb_vote_count_gt_100
806,The Omen,2006,871,tt0466909,tmdb_vote_count_gt_100
1730,Inland Empire,2006,865,tt0460829,tmdb_vote_count_gt_100
9030,The Eye,2008,861,tt0406759,tmdb_vote_count_gt_100
517116,Haunt,2019,858,tt6535880,tmdb_vote_count_gt_100
71672,Wrong Turn 4: Bloody Beginnings,2011,857,tt1865567,tmdb_vote_count_gt_100
282813,The Pyramid,2014,857,tt2799166,tmdb_vote_count_gt_100
10185,The Midnight Meat Train,2008,856,tt0805570,tmdb_vote_count_gt_100
9954,The Covenant,2006,854,tt0475944,tmdb_vote_count_gt_100
1975,The Grudge 2,2006,851,tt0433386,tmdb_vote_count_gt_100
4961,Mimic,1997,848,tt0119675,tmdb_vote_count_gt_100
532671,The Prodigy,2019,847,tt4504044,tmdb_vote_count_gt_100
10787,The Invisible Man,1933,845,tt0024184,tmdb_vote_count_gt_100
9064,Hellbound: Hellraiser II,1988,843,tt0095294,tmdb_vote_count_gt_100
787752,Fresh,2022,843,tt13403046,tmdb_vote_count_gt_100
431075,Polaroid,2019,842,tt5598292,tmdb_vote_count_gt_100
492611,The Turning,2020,842,tt7510346,tmdb_vote_count_gt_100
299245,The Gallows,2015,841,tt2309260,tmdb_vote_count_gt_100
10987,Halloween: The Curse of Michael Myers,1995,840,tt0113253,tmdb_vote_count_gt_100
11979,Queen of the Damned,2002,840,tt0238546,tmdb_vote_count_gt_100
1216191,Oddity,2024,840,tt26470109,tmdb_vote_count_gt_100
38358,The Last Exorcism,2010,839,tt1320244,tmdb_vote_count_gt_100
575774,His House,2020,839,tt8508734,tmdb_vote_count_gt_100
430231,The Endless,2017,838,tt3986820,tmdb_vote_count_gt_100
9009,Dark Water,2005,835,tt0382628,tmdb_vote_count_gt_100
134597,The Collection,2012,833,tt1748227,tmdb_vote_count_gt_100
159117,V/H/S/2,2013,831,tt2450186,tmdb_vote_count_gt_100
11252,Psycho,1998,828,tt0155975,tmdb_vote_count_gt_100
10242,What Ever Happened to Baby Jane?,1962,827,tt0056687,tmdb_vote_count_gt_100
50357,Apollo 18,2011,823,tt1772240,tmdb_vote_count_gt_100
1083433,I Know What You Did Last Summer,2025,821,tt4045450,tmdb_vote_count_gt_100
580,Jaws: The Revenge,1987,817,tt0093300,tmdb_vote_count_gt_100
708336,Return of the Tooth Fairy,2020,813,tt11082246,tmdb_vote_count_gt_100
11549,Invasion of the Body Snatchers,1956,809,tt0049366,tmdb_vote_count_gt_100
630586,Wrong Turn,2021,804,tt9110170,tmdb_vote_count_gt_100
1010600,The Strangers: Chapter 1,2024,804,tt22050754,tmdb_vote_count_gt_100
11850,Invasion of the Body Snatchers,1978,800,tt0077745,tmdb_vote_count_gt_100
49950,The Roommate,2011,800,tt1265990,tmdb_vote_count_gt_100
10823,Children of the Corn,1984,796,tt0087050,tmdb_vote_count_gt_100
10283,Friday the 13th Part VIII: Jason Takes Manhattan,1989,793,tt0097388,tmdb_vote_count_gt_100
9272,The Good Son,1993,789,tt0107034,tmdb_vote_count_gt_100
10281,Friday the 13th Part VII: The New Blood,1988,788,tt0095179,tmdb_vote_count_gt_100
931,Don't Look Now,1973,784,tt0069995,tmdb_vote_count_gt_100
48572,Red State,2011,784,tt0873886,tmdb_vote_count_gt_100
97051,Would You Rather,2012,784,tt1999995,tmdb_vote_count_gt_100
10489,Cujo,1983,782,tt0085382,tmdb_vote_count_gt_100
516329,Antlers,2021,782,tt7740510,tmdb_vote_count_gt_100
357096,I Spit on Your Grave III: Vengeance is Mine,2015,781,tt4530884,tmdb_vote_count_gt_100
11481,Repulsion,1965,780,tt0059646,tmdb_vote_count_gt_100
1140535,Presence,2025,769,tt28249919,tmdb_vote_count_gt_100
11237,Anacondas: The Hunt for the Blood Orchid,2004,765,tt0366174,tmdb_vote_count_gt_100
8398,The Hitcher,2007,761,tt0455960,tmdb_vote_count_gt_100
8852,Prince of Darkness,1987,758,tt0093777,tmdb_vote_count_gt_100
103620,Maniac,2012,757,tt2103217,tmdb_vote_count_gt_100
134366,Grave Encounters 2,2012,753,tt2231554,tmdb_vote_count_gt_100
125509,Wrong Turn 5: Bloodlines,2012,750,tt2375779,tmdb_vote_count_gt_100
631060,Things Heard & Seen,2021,748,tt10962368,tmdb_vote_count_gt_100
10972,Session 9,2001,745,tt0261983,tmdb_vote_count_gt_100
9042,The Cave,2005,745,tt0402901,tmdb_vote_count_gt_100
627290,Antebellum,2020,744,tt10065694,tmdb_vote_count_gt_100
10285,Jason Goes to Hell: The Final Friday,1993,743,tt0107254,tmdb_vote_count_gt_100
582913,The Room,2019,740,tt8485364,tmdb_vote_count_gt_100
21484,Possession,1981,737,tt0082933,tmdb_vote_count_gt_100
858017,I Saw the TV Glow,2024,736,tt15574270,tmdb_vote_count_gt_100
547565,The Night House,2021,730,tt9731534,tmdb_vote_count_gt_100
10395,Wolf,1994,727,tt0111742,tmdb_vote_count_gt_100
19904,The Stepfather,2009,727,tt0814335,tmdb_vote_count_gt_100
364116,The Other Side of the Door,2016,720,tt3702652,tmdb_vote_count_gt_100
672582,The Deep House,2021,717,tt11686490,tmdb_vote_count_gt_100
890771,The Black Demon,2023,716,tt10279472,tmdb_vote_count_gt_100
360784,Hidden,2015,712,tt2131532,tmdb_vote_count_gt_100
748230,Salem's Lot,2024,708,tt10245072,tmdb_vote_count_gt_100
104755,The Lords of Salem,2012,707,tt1731697,tmdb_vote_count_gt_100
1125311,Imaginary,2024,705,tt26658104,tmdb_vote_count_gt_100
11449,The Amityville Horror,1979,704,tt0078767,tmdb_vote_count_gt_100
11377,House on Haunted Hill,1999,699,tt0185371,tmdb_vote_count_gt_100
573,Frenzy,1972,695,tt0068611,tmdb_vote_count_gt_100
12262,The Hills Have Eyes,1977,693,tt0077681,tmdb_vote_count_gt_100
55341,Jeepers Creepers 3,2017,692,tt1139592,tmdb_vote_count_gt_100
252171,A Girl Walks Home Alone at Night,2014,690,tt2326554,tmdb_vote_count_gt_100
203834,Jessabelle,2014,688,tt2300975,tmdb_vote_count_gt_100
9542,The Hitcher,1986,686,tt0091209,tmdb_vote_count_gt_100
19185,Night of the Living Dead,1990,686,tt0100258,tmdb_vote_count_gt_100
11804,White Noise,2005,684,tt0375210,tmdb_vote_count_gt_100
41215,Black Death,2010,684,tt1181791,tmdb_vote_count_gt_100
526051,Look Away,2018,684,tt5834760,tmdb_vote_count_gt_100
28260,Return of the Living Dead III,1993,683,tt0107953,tmdb_vote_count_gt_100
9796,Turistas,2006,683,tt0454970,tmdb_vote_count_gt_100
467,The Hole,2001,682,tt0242527,tmdb_vote_count_gt_100
505423,Wounds,2019,682,tt5913798,tmdb_vote_count_gt_100
11033,Dressed to Kill,1980,680,tt0080661,tmdb_vote_count_gt_100
76487,The Devil Inside,2012,678,tt1560985,tmdb_vote_count_gt_100
9966,The Messengers,2007,677,tt0425430,tmdb_vote_count_gt_100
429476,Hell Fest,2018,677,tt1999890,tmdb_vote_count_gt_100
587496,The Rental,2020,677,tt10003008,tmdb_vote_count_gt_100
11880,Dog Soldiers,2002,675,tt0280609,tmdb_vote_count_gt_100
1683,The Reaping,2007,673,tt0444682,tmdb_vote_count_gt_100
9599,The Blob,1988,672,tt0094761,tmdb_vote_count_gt_100
13474,P2,2007,671,tt0804516,tmdb_vote_count_gt_100
9871,Ginger Snaps,2000,668,tt0210070,tmdb_vote_count_gt_100
9540,Dead Ringers,1988,666,tt0094964,tmdb_vote_count_gt_100
190847,The Last Days on Mars,2013,664,tt1709143,tmdb_vote_count_gt_100
259072,Wrong Turn 6: Last Resort,2014,664,tt3612032,tmdb_vote_count_gt_100
284564,31,2016,662,tt3835080,tmdb_vote_count_gt_100
12122,Village of the Damned,1995,661,tt0114852,tmdb_vote_count_gt_100
1422096,Good Boy,2025,661,tt35521922,tmdb_vote_count_gt_100
290637,Pay the Ghost,2015,658,tt3733778,tmdb_vote_count_gt_100
675327,Shadow in the Cloud,2020,652,tt9691136,tmdb_vote_count_gt_100
11531,Book of Shadows: Blair Witch 2,2000,650,tt0229260,tmdb_vote_count_gt_100
157544,The Vatican Tapes,2015,648,tt1524575,tmdb_vote_count_gt_100
6933,One Missed Call,2008,646,tt0479968,tmdb_vote_count_gt_100
420245,Don't Knock Twice,2017,643,tt3622110,tmdb_vote_count_gt_100
52015,Stake Land,2010,641,tt1464580,tmdb_vote_count_gt_100
1285965,Dangerous Animals,2025,640,tt32299316,tmdb_vote_count_gt_100
118957,Bait,2012,639,tt1438173,tmdb_vote_count_gt_100
13025,Diary of the Dead,2008,637,tt0848557,tmdb_vote_count_gt_100
836225,The Exorcism of God,2022,637,tt10362566,tmdb_vote_count_gt_100
814889,Never Let Go,2024,634,tt14415204,tmdb_vote_count_gt_100
29161,Phenomena,1985,631,tt0087909,tmdb_vote_count_gt_100
8968,Boogeyman,2005,624,tt0357507,tmdb_vote_count_gt_100
11026,Exorcist: The Beginning,2004,621,tt0204313,tmdb_vote_count_gt_100
15849,The Mummy,1932,620,tt0023245,tmdb_vote_count_gt_100
396493,Creep 2,2017,615,tt3654796,tmdb_vote_count_gt_100
590995,The Craft: Legacy,2020,615,tt4685762,tmdb_vote_count_gt_100
420634,Terrifier,2016,612,tt4281724,tmdb_vote_count_gt_100
13465,The Adventures of Ichabod and Mr. Toad,1949,610,tt0041094,tmdb_vote_count_gt_100
41505,6 Souls,2010,610,tt1179069,tmdb_vote_count_gt_100
827931,Time Cut,2024,610,tt14857528,tmdb_vote_count_gt_100
11167,Peeping Tom,1960,606,tt0054167,tmdb_vote_count_gt_100
10069,Stay Alive,2006,606,tt0441796,tmdb_vote_count_gt_100
123105,The Bay,2012,606,tt1713476,tmdb_vote_count_gt_100
449664,Escape Room,2017,606,tt5159414,tmdb_vote_count_gt_100
94365,The Human Centipede 3 (Final Sequence),2015,605,tt1883367,tmdb_vote_count_gt_100
46420,The Loved Ones,2009,604,tt1316536,tmdb_vote_count_gt_100
74725,Kill List,2011,604,tt1788391,tmdb_vote_count_gt_100
13666,The Wolf Man,1941,599,tt0034398,tmdb_vote_count_gt_100
723072,Host,2020,599,tt12749596,tmdb_vote_count_gt_100
791,The Fog,2005,598,tt0432291,tmdb_vote_count_gt_100
215830,Open Grave,2013,598,tt2071550,tmdb_vote_count_gt_100
25508,Cat People,1942,591,tt0034587,tmdb_vote_count_gt_100
669671,Night Teeth,2021,589,tt10763820,tmdb_vote_count_gt_100
11298,The Howling,1981,588,tt0082533,tmdb_vote_count_gt_100
9592,Open Water 2: Adrift,2006,588,tt0470055,tmdb_vote_count_gt_100
329010,Emelie,2016,588,tt4503598,tmdb_vote_count_gt_100
421792,Down a Dark Hall,2018,585,tt2372251,tmdb_vote_count_gt_100
8555,Creep,2004,584,tt0381966,tmdb_vote_count_gt_100
193612,The Quiet Ones,2014,584,tt2235779,tmdb_vote_count_gt_100
760741,Beast,2022,584,tt13223398,tmdb_vote_count_gt_100
10493,Dead Calm,1989,583,tt0097162,tmdb_vote_count_gt_100
10885,Shutter,2008,583,tt0482599,tmdb_vote_count_gt_100
1083968,Locked,2025,582,tt26671996,tmdb_vote_count_gt_100
8617,Prom Night,2008,581,tt0926129,tmdb_vote_count_gt_100
435615,Possessor Uncut,2020,580,tt5918982,tmdb_vote_count_gt_100
713364,Clown in a Cornfield,2025,580,tt23060698,tmdb_vote_count_gt_100
10163,The Lawnmower Man,1992,578,tt0104692,tmdb_vote_count_gt_100
10973,Creature from the Black Lagoon,1954,576,tt0046876,tmdb_vote_count_gt_100
1001414,Fear Street: Prom Queen,2025,575,tt31433402,tmdb_vote_count_gt_100
25983,The House of the Devil,2009,573,tt1172994,tmdb_vote_count_gt_100
353979,Pet,2016,571,tt1183374,tmdb_vote_count_gt_100
1087822,Hellboy: The Crooked Man,2024,571,tt26757462,tmdb_vote_count_gt_100
15301,Twilight Zone: The Movie,1983,569,tt0086491,tmdb_vote_count_gt_100
9980,Maximum Overdrive,1986,568,tt0091499,tmdb_vote_count_gt_100
11569,Hellraiser III: Hell on Earth,1992,567,tt0104409,tmdb_vote_count_gt_100
13220,Splinter,2008,567,tt1031280,tmdb_vote_count_gt_100
15356,The Girl Next Door,2007,566,tt0830558,tmdb_vote_count_gt_100
539181,Relic,2020,566,tt9072352,tmdb_vote_count_gt_100
930600,The Deliverance,2024,565,tt4196566,tmdb_vote_count_gt_100
241855,Spring,2014,563,tt3395184,tmdb_vote_count_gt_100
16938,Black Christmas,1974,560,tt0071222,tmdb_vote_count_gt_100
338676,Extinction,2015,560,tt3467412,tmdb_vote_count_gt_100
1214509,In a Violent Nature,2024,560,tt30321146,tmdb_vote_count_gt_100
11879,Near Dark,1987,557,tt0093605,tmdb_vote_count_gt_100
869291,Cuckoo,2024,557,tt12349832,tmdb_vote_count_gt_100
484437,The Hole in the Ground,2019,553,tt6198946,tmdb_vote_count_gt_100
354216,The Devil's Candy,2017,549,tt4935372,tmdb_vote_count_gt_100
467632,Bad Samaritan,2018,549,tt3203528,tmdb_vote_count_gt_100
539649,The Lie,2018,548,tt7945440,tmdb_vote_count_gt_100
363126,Berlin Syndrome,2017,546,tt3335606,tmdb_vote_count_gt_100
28942,The Brood,1979,544,tt0078908,tmdb_vote_count_gt_100
257345,The Darkness,2016,543,tt1878841,tmdb_vote_count_gt_100
11495,Firestarter,1984,542,tt0087262,tmdb_vote_count_gt_100
9457,Deep Rising,1998,542,tt0118956,tmdb_vote_count_gt_100
11587,The Exorcist III,1990,541,tt0099528,tmdb_vote_count_gt_100
845783,Baghead,2023,541,tt14030816,tmdb_vote_count_gt_100
11586,Exorcist II: The Heretic,1977,540,tt0076009,tmdb_vote_count_gt_100
369300,The Limehouse Golem,2016,540,tt4733640,tmdb_vote_count_gt_100
9022,All the Boys Love Mandy Lane,2006,538,tt0490076,tmdb_vote_count_gt_100
10216,Species II,1998,537,tt0120841,tmdb_vote_count_gt_100
549294,Synchronic,2020,537,tt9016974,tmdb_vote_count_gt_100
58428,The Innkeepers,2011,536,tt1594562,tmdb_vote_count_gt_100
38541,The Divide,2012,533,tt1535616,tmdb_vote_count_gt_100
10577,Dracula 2000,2000,532,tt0219653,tmdb_vote_count_gt_100
1087388,Sting,2024,532,tt20112746,tmdb_vote_count_gt_100
10766,Damien: Omen II,1978,531,tt0077394,tmdb_vote_count_gt_100
10375,D-Tox,2002,530,tt0160184,tmdb_vote_count_gt_100
312831,The Hallow,2015,530,tt2474976,tmdb_vote_count_gt_100
514593,You Should Have Left,2020,529,tt8201852,tmdb_vote_count_gt_100
10007,See No Evil,2006,528,tt0437179,tmdb_vote_count_gt_100
485415,Day of the Dead: Bloodline,2017,528,tt3053228,tmdb_vote_count_gt_100
10692,Henry: Portrait of a Serial Killer,1986,527,tt0099763,tmdb_vote_count_gt_100
13022,Rogue,2007,526,tt0479528,tmdb_vote_count_gt_100
1062215,Afraid,2024,522,tt24577462,tmdb_vote_count_gt_100
11133,Poltergeist II: The Other Side,1986,520,tt0091778,tmdb_vote_count_gt_100
13122,The People Under the Stairs,1991,519,tt0105121,tmdb_vote_count_gt_100
672741,Till Death,2021,518,tt11804152,tmdb_vote_count_gt_100
354251,Southbound,2015,516,tt4935334,tmdb_vote_count_gt_100
586461,Swallow,2020,516,tt8372298,tmdb_vote_count_gt_100
9638,Phantasm,1979,514,tt0079714,tmdb_vote_count_gt_100
24056,The Tournament,2009,514,tt0471041,tmdb_vote_count_gt_100
913673,Nefarious,2023,513,tt14537248,tmdb_vote_count_gt_100
11542,Altered States,1980,509,tt0080360,tmdb_vote_count_gt_100
10552,Cat's Eye,1985,508,tt0088889,tmdb_vote_count_gt_100
838484,Choose or Die,2022,508,tt11514780,tmdb_vote_count_gt_100
15516,The Last House on the Left,1972,507,tt0068833,tmdb_vote_count_gt_100
254191,Honeymoon,2014,507,tt3177316,tmdb_vote_count_gt_100
986070,The Wrath of Becky,2023,507,tt20916568,tmdb_vote_count_gt_100
970450,Werewolves,2024,505,tt15041836,tmdb_vote_count_gt_100
13567,Sleepaway Camp,1983,504,tt0086320,tmdb_vote_count_gt_100
334536,The Blackcoat's Daughter,2017,503,tt3286052,tmdb_vote_count_gt_100
267806,V/H/S: Viral,2014,500,tt3704538,tmdb_vote_count_gt_100
23963,Pontypool,2009,498,tt1226681,tmdb_vote_count_gt_100
123109,No One Lives,2013,496,tt1763264,tmdb_vote_count_gt_100
407559,I Am the Pretty Thing That Lives in the House,2016,496,tt5059406,tmdb_vote_count_gt_100
1977,The Grudge 3,2009,495,tt1053859,tmdb_vote_count_gt_100
63197,Megan Is Missing,2011,495,tt1087461,tmdb_vote_count_gt_100
436274,Radius,2017,495,tt6097798,tmdb_vote_count_gt_100
339547,Jeruzalem,2016,494,tt4552524,tmdb_vote_count_gt_100
27429,Shivers,1975,493,tt0073705,tmdb_vote_count_gt_100
516632,The Empty Man,2020,493,tt5867314,tmdb_vote_count_gt_100
10576,Psycho II,1983,492,tt0086154,tmdb_vote_count_gt_100
228973,Backcountry,2014,492,tt2944198,tmdb_vote_count_gt_100
10344,The Fly II,1989,491,tt0097368,tmdb_vote_count_gt_100
12142,Alone in the Dark,2005,488,tt0369226,tmdb_vote_count_gt_100
384798,Kill Command,2016,488,tt2667380,tmdb_vote_count_gt_100
57876,Area 51,2015,487,tt1519461,tmdb_vote_count_gt_100
9423,Virus,1999,486,tt0120458,tmdb_vote_count_gt_100
89691,ATM,2012,486,tt1603257,tmdb_vote_count_gt_100
10093,The Return,2006,485,tt0433442,tmdb_vote_count_gt_100
199534,Wolf Creek 2,2013,485,tt2004432,tmdb_vote_count_gt_100
1079485,Winnie-the-Pooh: Blood and Honey 2,2024,485,tt23330554,tmdb_vote_count_gt_100
87436,The ABCs of Death,2013,483,tt1935896,tmdb_vote_count_gt_100
340103,The Monster,2016,482,tt3976144,tmdb_vote_count_gt_100
26688,Sorority Row,2009,480,tt1232783,tmdb_vote_count_gt_100
819876,Crimes of the Future,2022,480,tt14549466,tmdb_vote_count_gt_100
428399,Cold Skin,2017,479,tt1034385,tmdb_vote_count_gt_100
763149,Aftermath,2021,479,tt10691162,tmdb_vote_count_gt_100
296271,The Devil Conspiracy,2023,479,tt9663168,tmdb_vote_count_gt_100
11772,The Haunting,1963,478,tt0057129,tmdb_vote_count_gt_100
864873,Hypnotic,2021,478,tt12383460,tmdb_vote_count_gt_100
241258,Incarnate,2016,477,tt3216348,tmdb_vote_count_gt_100
571384,Come Play,2020,477,tt8004664,tmdb_vote_count_gt_100
512025,There's Someone Inside Your House,2021,476,tt8150814,tmdb_vote_count_gt_100
10280,Thinner,1996,475,tt0117894,tmdb_vote_count_gt_100
509635,Alone,2020,474,tt7711170,tmdb_vote_count_gt_100
166271,Haunter,2013,473,tt2345567,tmdb_vote_count_gt_100
10727,Darkness Falls,2003,471,tt0282209,tmdb_vote_count_gt_100
16780,The Return of the Texas Chainsaw Massacre,1995,470,tt0110978,tmdb_vote_count_gt_100
575776,Saint Maud,2020,470,tt7557108,tmdb_vote_count_gt_100
8851,The Blob,1958,468,tt0051418,tmdb_vote_count_gt_100
82657,Flight 7500,2014,461,tt1975159,tmdb_vote_count_gt_100
931349,Ash,2025,461,tt17489650,tmdb_vote_count_gt_100
49787,The Reef,2010,460,tt1320291,tmdb_vote_count_gt_100
10873,Shadow of the Vampire,2000,459,tt0189998,tmdb_vote_count_gt_100
43552,Vanishing on 7th Street,2010,459,tt1452628,tmdb_vote_count_gt_100
740925,No One Gets Out Alive,2021,459,tt13056008,tmdb_vote_count_gt_100
210947,Afflicted,2014,458,tt2309961,tmdb_vote_count_gt_100
605804,The Wretched,2020,458,tt8305806,tmdb_vote_count_gt_100
1029235,Azrael,2024,458,tt22173666,tmdb_vote_count_gt_100
159128,We Are What We Are,2013,457,tt2309021,tmdb_vote_count_gt_100
11348,Fragile,2005,456,tt0422272,tmdb_vote_count_gt_100
13550,The Changeling,1980,455,tt0080516,tmdb_vote_count_gt_100
84194,Excision,2012,455,tt1984153,tmdb_vote_count_gt_100
10212,Ravenous,1999,454,tt0129332,tmdb_vote_count_gt_100
978796,Bagman,2024,453,tt21201300,tmdb_vote_count_gt_100
1244944,The Woman in the Yard,2025,453,tt31314296,tmdb_vote_count_gt_100
25239,I Spit on Your Grave,1978,452,tt0077713,tmdb_vote_count_gt_100
10304,Starship Troopers 2: Hero of the Federation,2004,452,tt0367093,tmdb_vote_count_gt_100
11868,Dracula,1958,451,tt0051554,tmdb_vote_count_gt_100
18476,Horsemen,2009,451,tt0892767,tmdb_vote_count_gt_100
146203,The Last Exorcism Part II,2013,450,tt2034139,tmdb_vote_count_gt_100
10351,Wishmaster,1997,449,tt0120524,tmdb_vote_count_gt_100
59115,Quarantine 2: Terminal,2011,449,tt1699231,tmdb_vote_count_gt_100
10785,The Thing from Another World,1951,448,tt0044121,tmdb_vote_count_gt_100
79316,Devil's Due,2014,448,tt2752758,tmdb_vote_count_gt_100
16372,The Innocents,1961,447,tt0055018,tmdb_vote_count_gt_100
10092,Cry_Wolf,2005,446,tt0384286,tmdb_vote_count_gt_100
65055,Shark Night 3D,2011,444,tt1633356,tmdb_vote_count_gt_100
11954,Lifeforce,1985,443,tt0089489,tmdb_vote_count_gt_100
646683,The Exorcism,2024,441,tt11240348,tmdb_vote_count_gt_100
492336,Deep Blue Sea 2,2018,439,tt7086706,tmdb_vote_count_gt_100
17898,Silver Bullet,1985,438,tt0090021,tmdb_vote_count_gt_100
336455,Viral,2016,438,tt2597892,tmdb_vote_count_gt_100
38410,The Poughkeepsie Tapes,2007,437,tt1010271,tmdb_vote_count_gt_100
830764,Pet Sematary: Bloodlines,2023,436,tt14145436,tmdb_vote_count_gt_100
10984,Valentine,2001,435,tt0242998,tmdb_vote_count_gt_100
43931,My Soul to Take,2010,435,tt0872230,tmdb_vote_count_gt_100
296065,Last Shift,2014,435,tt2965466,tmdb_vote_count_gt_100
65599,The Woman,2011,434,tt1714208,tmdb_vote_count_gt_100
150202,The Haunting in Connecticut 2: Ghosts of Georgia,2013,434,tt1457765,tmdb_vote_count_gt_100
9306,The Island of Dr. Moreau,1996,433,tt0116654,tmdb_vote_count_gt_100
429467,The Lodgers,2017,433,tt4399952,tmdb_vote_count_gt_100
10768,Omen III: The Final Conflict,1981,428,tt0082377,tmdb_vote_count_gt_100
12526,Bug,2006,428,tt0470705,tmdb_vote_count_gt_100
204349,Contracted,2013,426,tt2281159,tmdb_vote_count_gt_100
609972,Paranormal Activity: Next of Kin,2021,426,tt10515988,tmdb_vote_count_gt_100
10513,Plan 9 from Outer Space,1959,425,tt0052077,tmdb_vote_count_gt_100
9102,Screamers,1995,424,tt0114367,tmdb_vote_count_gt_100
9682,Pulse,2006,424,tt0454919,tmdb_vote_count_gt_100
9656,Black Christmas,2006,422,tt0454082,tmdb_vote_count_gt_100
551808,Black Christmas,2019,422,tt10481868,tmdb_vote_count_gt_100
986097,HIM,2025,422,tt20990442,tmdb_vote_count_gt_100
11654,The Hunger,1983,421,tt0085701,tmdb_vote_count_gt_100
375355,Don't Hang Up,2016,420,tt3610746,tmdb_vote_count_gt_100
168705,BloodRayne,2005,419,tt0383222,tmdb_vote_count_gt_100
265016,Extraterrestrial,2014,419,tt2960930,tmdb_vote_count_gt_100
234212,Demonic,2015,419,tt1841642,tmdb_vote_count_gt_100
10657,Needful Things,1993,417,tt0107665,tmdb_vote_count_gt_100
63207,Intruders,2011,417,tt1634121,tmdb_vote_count_gt_100
11015,The Relic,1997,415,tt0120004,tmdb_vote_count_gt_100
807339,Apartment 7A,2024,414,tt14371860,tmdb_vote_count_gt_100
716258,Black Box,2020,413,tt12298506,tmdb_vote_count_gt_100
11815,The Fly,1958,412,tt0051622,tmdb_vote_count_gt_100
42941,30 Days of Night: Dark Days,2010,412,tt1320304,tmdb_vote_count_gt_100
11428,Sleepwalkers,1992,411,tt0105428,tmdb_vote_count_gt_100
111440,The Pact,2012,410,tt2040560,tmdb_vote_count_gt_100
291272,We Are Still Here,2015,409,tt3520418,tmdb_vote_count_gt_100
14510,From Beyond,1986,408,tt0091083,tmdb_vote_count_gt_100
10906,Pet Sematary II,1992,408,tt0105128,tmdb_vote_count_gt_100
126277,American Mary,2012,408,tt1959332,tmdb_vote_count_gt_100
1257009,Primitive War,2025,408,tt18312380,tmdb_vote_count_gt_100
11058,Godsend,2004,407,tt0335121,tmdb_vote_count_gt_100
608195,Ghosts of War,2020,407,tt6508228,tmdb_vote_count_gt_100
1086260,The Astronaut,2025,406,tt13964560,tmdb_vote_count_gt_100
11427,Dead End,2003,402,tt0308152,tmdb_vote_count_gt_100
11206,Wait Until Dark,1967,400,tt0062467,tmdb_vote_count_gt_100
10008,An American Haunting,2005,399,tt0429573,tmdb_vote_count_gt_100
394830,The Crucifixion,2017,397,tt4181782,tmdb_vote_count_gt_100
25018,Leatherface: The Texas Chainsaw Massacre III,1990,396,tt0099994,tmdb_vote_count_gt_100
1644,The Vanishing,1993,396,tt0108473,tmdb_vote_count_gt_100
11980,The Prophecy,1995,396,tt0114194,tmdb_vote_count_gt_100
333674,Intruders,2016,396,tt4009278,tmdb_vote_count_gt_100
8766,Hellraiser: Bloodline,1996,395,tt0116514,tmdb_vote_count_gt_100
27374,Lake Mungo,2009,391,tt0816556,tmdb_vote_count_gt_100
293452,The Disappointments Room,2016,391,tt2364897,tmdb_vote_count_gt_100
381034,I Am Not a Serial Killer,2016,391,tt4303340,tmdb_vote_count_gt_100
599281,Fear of Rain,2021,391,tt10037014,tmdb_vote_count_gt_100
301846,Howl,2015,390,tt2393827,tmdb_vote_count_gt_100
306964,Tales of Halloween,2015,386,tt4163020,tmdb_vote_count_gt_100
6217,Cat People,1982,385,tt0083722,tmdb_vote_count_gt_100
10306,Poltergeist III,1988,383,tt0095889,tmdb_vote_count_gt_100
353686,Visions,2015,383,tt2954474,tmdb_vote_count_gt_100
994143,Skinamarink,2023,383,tt21307994,tmdb_vote_count_gt_100
12212,Urban Legends: Final Cut,2000,381,tt0192731,tmdb_vote_count_gt_100
14372,Leviathan,1989,380,tt0097737,tmdb_vote_count_gt_100
374052,The Love Witch,2016,380,tt3908142,tmdb_vote_count_gt_100
12192,Pathology,2008,377,tt0964539,tmdb_vote_count_gt_100
15856,House on Haunted Hill,1959,376,tt0051744,tmdb_vote_count_gt_100
459928,12 Feet Deep,2017,376,tt5143226,tmdb_vote_count_gt_100
11503,The Serpent and the Rainbow,1988,374,tt0096071,tmdb_vote_count_gt_100
1020910,Influencer,2023,374,tt13309170,tmdb_vote_count_gt_100
532710,Firestarter,2022,373,tt1798632,tmdb_vote_count_gt_100
409297,A Dark Song,2016,372,tt4805316,tmdb_vote_count_gt_100
560362,Rattlesnake,2019,371,tt9257484,tmdb_vote_count_gt_100
29437,Rabid,1977,367,tt0076590,tmdb_vote_count_gt_100
254194,Starry Eyes,2014,366,tt2793490,tmdb_vote_count_gt_100
523638,Prisoners of the Ghostland,2021,366,tt6372694,tmdb_vote_count_gt_100
920081,Megaboa,2021,366,tt16444610,tmdb_vote_count_gt_100
116979,Chained,2012,365,tt1989475,tmdb_vote_count_gt_100
287084,The Town that Dreaded Sundown,2014,365,tt2561546,tmdb_vote_count_gt_100
1010756,The Strangers: Chapter 2,2025,365,tt28671344,tmdb_vote_count_gt_100
265010,The Canal,2014,363,tt2517658,tmdb_vote_count_gt_100
297160,XX,2017,363,tt3322892,tmdb_vote_count_gt_100
780609,Men,2022,362,tt13841850,tmdb_vote_count_gt_100
426814,The Domestics,2018,361,tt5591666,tmdb_vote_count_gt_100
24740,The Entity,1982,360,tt0082334,tmdb_vote_count_gt_100
400411,Satanic,2016,360,tt4796122,tmdb_vote_count_gt_100
1129598,Prey,2024,359,tt27682129,tmdb_vote_count_gt_100
31682,The Incredible Shrinking Man,1957,358,tt0050539,tmdb_vote_count_gt_100
79694,The Apparition,2012,358,tt1433822,tmdb_vote_count_gt_100
492621,The Midnight Man,2016,357,tt5629964,tmdb_vote_count_gt_100
481375,Malevolent,2018,356,tt2386237,tmdb_vote_count_gt_100
20481,Nightbreed,1990,354,tt0100260,tmdb_vote_count_gt_100
14125,Captivity,2007,354,tt0374563,tmdb_vote_count_gt_100
298584,Cabin Fever,2016,354,tt3832096,tmdb_vote_count_gt_100
12597,Hellraiser: Inferno,2000,353,tt0229440,tmdb_vote_count_gt_100
12590,Below,2002,353,tt0276816,tmdb_vote_count_gt_100
14223,Wind Chill,2007,353,tt0486051,tmdb_vote_count_gt_100
16093,Carnival of Souls,1962,352,tt0055830,tmdb_vote_count_gt_100
12095,From Dusk Till Dawn 2: Texas Blood Money,1999,352,tt0120860,tmdb_vote_count_gt_100
433244,Clinical,2017,352,tt5577742,tmdb_vote_count_gt_100
522444,Black Water: Abyss,2020,351,tt7978672,tmdb_vote_count_gt_100
1043197,Dust Bunny,2025,350,tt23172090,tmdb_vote_count_gt_100
606625,Follow Me,2020,348,tt8160834,tmdb_vote_count_gt_100
211067,The Sacrament,2013,347,tt2383068,tmdb_vote_count_gt_100
26515,Pumpkinhead,1988,346,tt0095925,tmdb_vote_count_gt_100
9997,Gabriel,2007,346,tt0857376,tmdb_vote_count_gt_100
115210,Stitches,2012,346,tt2126362,tmdb_vote_count_gt_100
78383,Nurse 3-D,2013,346,tt1913166,tmdb_vote_count_gt_100
14240,Maniac Cop,1988,345,tt0095583,tmdb_vote_count_gt_100
964,The Phantom of the Opera,1925,343,tt0016220,tmdb_vote_count_gt_100
46441,Mirrors 2,2010,342,tt1576699,tmdb_vote_count_gt_100
101669,Mother's Day,2010,336,tt1434435,tmdb_vote_count_gt_100
416160,The Vault,2017,336,tt1785635,tmdb_vote_count_gt_100
39874,My Bloody Valentine,1981,333,tt0082782,tmdb_vote_count_gt_100
507441,Sea Fever,2020,333,tt2716382,tmdb_vote_count_gt_100
26914,Troll 2,1990,332,tt0105643,tmdb_vote_count_gt_100
489064,3 from Hell,2019,331,tt8134742,tmdb_vote_count_gt_100
119278,Smiley,2012,330,tt2025667,tmdb_vote_count_gt_100
12521,Shocker,1989,328,tt0098320,tmdb_vote_count_gt_100
601844,Becky,2020,328,tt10314450,tmdb_vote_count_gt_100
92182,Silent House,2011,326,tt1767382,tmdb_vote_count_gt_100
347754,Curve,2015,325,tt3212904,tmdb_vote_count_gt_100
520901,Doom: Annihilation,2019,325,tt8328716,tmdb_vote_count_gt_100
524216,The Mortuary Collection,2020,324,tt7781432,tmdb_vote_count_gt_100
804616,Something in the Water,2024,324,tt22863968,tmdb_vote_count_gt_100
27346,Maniac,1980,323,tt0081114,tmdb_vote_count_gt_100
272692,The Possession of Michael King,2014,323,tt2282016,tmdb_vote_count_gt_100
343173,The Rezort,2015,322,tt3923662,tmdb_vote_count_gt_100
19236,Santa Sangre,1989,321,tt0098253,tmdb_vote_count_gt_100
21159,The Last Man on Earth,1964,320,tt0058700,tmdb_vote_count_gt_100
2212,Nightwatch,1997,320,tt0119791,tmdb_vote_count_gt_100
11773,Village of the Damned,1960,319,tt0054443,tmdb_vote_count_gt_100
675531,Dark Harvest,2023,317,tt9204328,tmdb_vote_count_gt_100
14456,Shrooms,2007,316,tt0492486,tmdb_vote_count_gt_100
36599,Prom Night,1980,315,tt0081383,tmdb_vote_count_gt_100
146229,Kristy,2014,315,tt2027136,tmdb_vote_count_gt_100
429460,Muse,2017,315,tt5041296,tmdb_vote_count_gt_100
611605,1BR,2019,315,tt7541106,tmdb_vote_count_gt_100
11071,Them!,1954,314,tt0047573,tmdb_vote_count_gt_100
332704,Backtrack,2015,314,tt2784936,tmdb_vote_count_gt_100
419639,The Thinning,2016,314,tt5254868,tmdb_vote_count_gt_100
4722,Body Snatchers,1993,313,tt0106452,tmdb_vote_count_gt_100
11056,Darkness,2002,313,tt0273517,tmdb_vote_count_gt_100
514277,Mara,2018,313,tt1773753,tmdb_vote_count_gt_100
11223,Coma,1978,312,tt0077355,tmdb_vote_count_gt_100
10726,American Psycho II: All American Girl,2002,312,tt0283877,tmdb_vote_count_gt_100
7341,The Rage: Carrie 2,1999,311,tt0144814,tmdb_vote_count_gt_100
5857,I Know Who Killed Me,2007,311,tt0897361,tmdb_vote_count_gt_100
12707,Orca,1977,310,tt0076504,tmdb_vote_count_gt_100
1143190,Fear the Night,2023,310,tt19848268,tmdb_vote_count_gt_100
1190868,V/H/S/Beyond,2024,309,tt32880932,tmdb_vote_count_gt_100
10349,The Dark Half,1993,308,tt0106664,tmdb_vote_count_gt_100
11059,House of the Dead,2003,308,tt0317676,tmdb_vote_count_gt_100
3073,Bud Abbott and Lou Costello Meet Frankenstein,1948,307,tt0040068,tmdb_vote_count_gt_100
18086,Fright Night Part 2,1988,306,tt0097390,tmdb_vote_count_gt_100
13613,Day of the Dead,2008,306,tt0489018,tmdb_vote_count_gt_100
16342,The Children,2008,303,tt1172571,tmdb_vote_count_gt_100
469721,The Cured,2017,303,tt3463106,tmdb_vote_count_gt_100
733156,Sightless,2020,302,tt10303430,tmdb_vote_count_gt_100
12476,The Hidden,1987,301,tt0093185,tmdb_vote_count_gt_100
258193,Alien Abduction,2014,301,tt2510434,tmdb_vote_count_gt_100
9544,FearDotCom,2002,299,tt0295254,tmdb_vote_count_gt_100
455551,The Recall,2017,299,tt5669936,tmdb_vote_count_gt_100
295011,Patient Zero,2018,299,tt3458254,tmdb_vote_count_gt_100
621151,Spell,2020,299,tt10736580,tmdb_vote_count_gt_100
10384,Supernova,2000,298,tt0134983,tmdb_vote_count_gt_100
463602,Slumber,2017,298,tt5181852,tmdb_vote_count_gt_100
24124,The Burning,1981,297,tt0082118,tmdb_vote_count_gt_100
3602,I'll Always Know What You Did Last Summer,2006,297,tt0469111,tmdb_vote_count_gt_100
46429,Gallowwalkers,2012,297,tt0829176,tmdb_vote_count_gt_100
222461,Wer,2013,297,tt2229511,tmdb_vote_count_gt_100
121606,Resolution,2013,296,tt1977895,tmdb_vote_count_gt_100
301728,Infini,2015,296,tt3327624,tmdb_vote_count_gt_100
362826,Wildling,2018,296,tt5085924,tmdb_vote_count_gt_100
10063,The Breed,2006,295,tt0455362,tmdb_vote_count_gt_100
28739,Cabin Fever 2: Spring Fever,2009,295,tt0961722,tmdb_vote_count_gt_100
293771,Dead Rising: Watchtower,2015,295,tt3816458,tmdb_vote_count_gt_100
414191,Our House,2018,295,tt2018069,tmdb_vote_count_gt_100
13555,The Funhouse,1981,294,tt0082427,tmdb_vote_count_gt_100
534072,Great White,2021,294,tt8435002,tmdb_vote_count_gt_100
1024773,It Lives Inside,2023,294,tt15683734,tmdb_vote_count_gt_100
13803,Amusement,2008,293,tt0476958,tmdb_vote_count_gt_100
1288072,Keeper,2025,293,tt32332404,tmdb_vote_count_gt_100
4283,Primeval,2007,292,tt0772193,tmdb_vote_count_gt_100
101179,Truth or Dare,2012,292,tt1838722,tmdb_vote_count_gt_100
125490,Antiviral,2012,291,tt2099556,tmdb_vote_count_gt_100
27130,I Walked with a Zombie,1943,290,tt0036027,tmdb_vote_count_gt_100
1450,Blood: The Last Vampire,2009,290,tt0806027,tmdb_vote_count_gt_100
1006462,The Flood,2023,290,tt15670222,tmdb_vote_count_gt_100
12662,Psycho III,1986,289,tt0091799,tmdb_vote_count_gt_100
20850,Ilsa: She Wolf of the SS,1975,287,tt0071650,tmdb_vote_count_gt_100
11082,The Seventh Sign,1988,287,tt0096073,tmdb_vote_count_gt_100
14211,Prey,2007,286,tt0468536,tmdb_vote_count_gt_100
50838,Wrecked,2010,286,tt1316622,tmdb_vote_count_gt_100
926606,The Home,2025,286,tt17023012,tmdb_vote_count_gt_100
10836,Dagon,2001,285,tt0264508,tmdb_vote_count_gt_100
280002,The Remaining,2014,285,tt2714380,tmdb_vote_count_gt_100
748853,In the Earth,2021,284,tt13429362,tmdb_vote_count_gt_100
3019,Dr. Jekyll and Mr. Hyde,1931,283,tt0022835,tmdb_vote_count_gt_100
74777,Absentia,2011,283,tt1610996,tmdb_vote_count_gt_100
1278950,The Ritual,2025,283,tt32194932,tmdb_vote_count_gt_100
23966,Deadgirl,2008,282,tt0896534,tmdb_vote_count_gt_100
937941,Shelby Oaks,2025,282,tt14999684,tmdb_vote_count_gt_100
37534,The New Daughter,2009,281,tt0951335,tmdb_vote_count_gt_100
46221,The Tunnel,2011,281,tt1735485,tmdb_vote_count_gt_100
244610,The Den,2013,281,tt2503154,tmdb_vote_count_gt_100
463843,Sweetheart,2019,281,tt6560164,tmdb_vote_count_gt_100
715123,Books of Blood,2020,281,tt11242218,tmdb_vote_count_gt_100
6917,The Gate,1987,279,tt0093075,tmdb_vote_count_gt_100
408439,Hounds of Love,2016,279,tt3896738,tmdb_vote_count_gt_100
461992,Hostile,2018,279,tt5085522,tmdb_vote_count_gt_100
1251717,Vicious,2025,279,tt31511689,tmdb_vote_count_gt_100
525460,Welcome Home,2018,278,tt6829180,tmdb_vote_count_gt_100
17918,Swamp Thing,1982,277,tt0084745,tmdb_vote_count_gt_100
116811,Berberian Sound Studio,2012,277,tt1833844,tmdb_vote_count_gt_100
320048,Ratter,2015,277,tt3836512,tmdb_vote_count_gt_100
1241470,Osiris,2025,277,tt31179712,tmdb_vote_count_gt_100
22307,Sisters,1973,276,tt0070698,tmdb_vote_count_gt_100
12611,The Fury,1978,276,tt0077588,tmdb_vote_count_gt_100
9827,Phantoms,1998,276,tt0119891,tmdb_vote_count_gt_100
513268,Body Cam,2020,276,tt8179024,tmdb_vote_count_gt_100
621707,The Vigil,2020,276,tt10793644,tmdb_vote_count_gt_100
10824,Candyman: Farewell to the Flesh,1995,275,tt0112625,tmdb_vote_count_gt_100
917007,Bed Rest,2023,275,tt4896168,tmdb_vote_count_gt_100
29425,The Crazies,1973,274,tt0069895,tmdb_vote_count_gt_100
299551,The Atticus Institute,2015,274,tt3280916,tmdb_vote_count_gt_100
739990,Nightbooks,2021,274,tt10521144,tmdb_vote_count_gt_100
13581,Dead of Night,1945,273,tt0037635,tmdb_vote_count_gt_100
9424,Disturbing Behavior,1998,273,tt0134619,tmdb_vote_count_gt_100
346651,Pandemic,2016,273,tt3774802,tmdb_vote_count_gt_100
1994,The Most Dangerous Game,1932,272,tt0023238,tmdb_vote_count_gt_100
718014,Hold Your Breath,2024,272,tt12573480,tmdb_vote_count_gt_100
24106,The Black Cat,1934,271,tt0024894,tmdb_vote_count_gt_100
1085103,Clock,2023,271,tt17219484,tmdb_vote_count_gt_100
7182,Venom,2005,270,tt0428251,tmdb_vote_count_gt_100
293572,The Houses October Built,2014,269,tt1958043,tmdb_vote_count_gt_100
16235,Amityville II: The Possession,1982,268,tt0083550,tmdb_vote_count_gt_100
50037,Beyond the Black Rainbow,2010,268,tt1534085,tmdb_vote_count_gt_100
420707,Cage Dive,2017,268,tt4126568,tmdb_vote_count_gt_100
753453,V/H/S/94,2021,268,tt14867006,tmdb_vote_count_gt_100
276488,Let Us Prey,2014,267,tt3148348,tmdb_vote_count_gt_100
752505,The Old Ways,2020,267,tt12829958,tmdb_vote_count_gt_100
16559,The Picture of Dorian Gray,1945,266,tt0037988,tmdb_vote_count_gt_100
659986,The Owners,2020,266,tt9806370,tmdb_vote_count_gt_100
359246,Hell House LLC,2015,265,tt4267026,tmdb_vote_count_gt_100
652004,The Wolf of Snow Hollow,2020,265,tt11140488,tmdb_vote_count_gt_100
27414,"Silent Night, Deadly Night",1984,264,tt0088117,tmdb_vote_count_gt_100
40016,Birdemic: Shock and Terror,2010,264,tt1316037,tmdb_vote_count_gt_100
160070,Apartment 1303 3D,2012,264,tt1540767,tmdb_vote_count_gt_100
311539,A Christmas Horror Story,2015,264,tt3688406,tmdb_vote_count_gt_100
26953,Puppet Master,1989,263,tt0098143,tmdb_vote_count_gt_100
12700,Dominion: Prequel to The Exorcist,2005,263,tt0449086,tmdb_vote_count_gt_100
14138,Black Water,2007,263,tt0816436,tmdb_vote_count_gt_100
56906,Husk,2011,262,tt1504403,tmdb_vote_count_gt_100
28941,Chopping Mall,1986,261,tt0090837,tmdb_vote_count_gt_100
13937,Raising Cain,1992,261,tt0105217,tmdb_vote_count_gt_100
9095,Mary Reilly,1996,261,tt0117002,tmdb_vote_count_gt_100
31592,The Old Dark House,1932,260,tt0023293,tmdb_vote_count_gt_100
10213,From Dusk Till Dawn 3: The Hangman's Daughter,1999,259,tt0120695,tmdb_vote_count_gt_100
10900,Surveillance,2008,259,tt0409345,tmdb_vote_count_gt_100
24341,Dolls,1987,257,tt0092906,tmdb_vote_count_gt_100
15158,Phantasm II,1988,257,tt0095863,tmdb_vote_count_gt_100
9456,The Crow: Salvation,2000,257,tt0132910,tmdb_vote_count_gt_100
124470,Exists,2014,257,tt1988621,tmdb_vote_count_gt_100
758724,The Cellar,2022,257,tt14550642,tmdb_vote_count_gt_100
11246,Hellraiser: Hellseeker,2002,256,tt0274546,tmdb_vote_count_gt_100
8973,Lord of Illusions,1995,255,tt0113690,tmdb_vote_count_gt_100
23410,The Thaw,2009,255,tt1235448,tmdb_vote_count_gt_100
10929,Willard,2003,254,tt0310357,tmdb_vote_count_gt_100
371560,The Eyes of My Mother,2016,254,tt5225338,tmdb_vote_count_gt_100
457041,Elizabeth Harvest,2018,254,tt6852872,tmdb_vote_count_gt_100
18573,House of Wax,1953,253,tt0045888,tmdb_vote_count_gt_100
24913,April Fool's Day,1986,251,tt0090655,tmdb_vote_count_gt_100
746524,Blood,2023,251,tt13280054,tmdb_vote_count_gt_100
157424,Cabin Fever: Patient Zero,2014,250,tt2102496,tmdb_vote_count_gt_100
1130276,Succubus,2024,250,tt13778486,tmdb_vote_count_gt_100
26860,White Zombie,1932,249,tt0023694,tmdb_vote_count_gt_100
28501,The Pit and the Pendulum,1961,249,tt0055304,tmdb_vote_count_gt_100
24924,Night of the Demons,1988,249,tt0093624,tmdb_vote_count_gt_100
10075,Blood and Chocolate,2007,249,tt0397044,tmdb_vote_count_gt_100
73936,Retreat,2011,248,tt1410051,tmdb_vote_count_gt_100
226140,See No Evil 2,2014,248,tt3106120,tmdb_vote_count_gt_100
899579,There's Something Wrong with the Children,2023,248,tt16127696,tmdb_vote_count_gt_100
1205656,Hallow Road,2025,248,tt19403516,tmdb_vote_count_gt_100
12171,The Deaths of Ian Stone,2007,247,tt0810823,tmdb_vote_count_gt_100
448194,Pyewacket,2017,247,tt5119116,tmdb_vote_count_gt_100
3077,Son of Frankenstein,1939,246,tt0031951,tmdb_vote_count_gt_100
27452,The Spiral Staircase,1946,246,tt0038975,tmdb_vote_count_gt_100
10361,Ginger Snaps 2: Unleashed,2004,246,tt0353489,tmdb_vote_count_gt_100
185460,Willow Creek,2013,246,tt2885364,tmdb_vote_count_gt_100
407531,Bedeviled,2017,246,tt4998772,tmdb_vote_count_gt_100
469916,Downrange,2018,246,tt6138228,tmdb_vote_count_gt_100
970947,The Shrouds,2025,246,tt20212786,tmdb_vote_count_gt_100
1483,Begotten,1991,245,tt0101420,tmdb_vote_count_gt_100
312827,The Nightmare,2015,245,tt3317522,tmdb_vote_count_gt_100
622420,The Jack in the Box,2019,243,tt10645682,tmdb_vote_count_gt_100
663866,Censor,2021,243,tt10329614,tmdb_vote_count_gt_100
1196067,Worldbreaker,2025,243,tt14264694,tmdb_vote_count_gt_100
398588,Dismissed,2017,242,tt5039994,tmdb_vote_count_gt_100
551238,D-Railed,2018,242,tt8318702,tmdb_vote_count_gt_100
914215,Humane,2024,242,tt16280912,tmdb_vote_count_gt_100
13564,Return to House on Haunted Hill,2007,241,tt0827782,tmdb_vote_count_gt_100
14098,100 Feet,2008,241,tt0899128,tmdb_vote_count_gt_100
312791,GirlHouse,2014,241,tt2577172,tmdb_vote_count_gt_100
291413,Within,2016,241,tt3612320,tmdb_vote_count_gt_100
362057,Martyrs,2016,241,tt1663655,tmdb_vote_count_gt_100
412546,Antrum,2018,241,tt9213244,tmdb_vote_count_gt_100
1202479,Opus,2025,241,tt29929565,tmdb_vote_count_gt_100
11905,The Company of Wolves,1984,240,tt0087075,tmdb_vote_count_gt_100
13059,The Signal,2008,240,tt0780607,tmdb_vote_count_gt_100
193726,ABCs of Death 2,2014,240,tt2926810,tmdb_vote_count_gt_100
290555,Wolves,2014,240,tt1403241,tmdb_vote_count_gt_100
242606,Keep Watching,2017,240,tt2531334,tmdb_vote_count_gt_100
977013,Haunting of the Queen Mary,2023,240,tt3463938,tmdb_vote_count_gt_100
12223,The Stepford Wives,1975,239,tt0073747,tmdb_vote_count_gt_100
9756,Half Light,2006,239,tt0412798,tmdb_vote_count_gt_100
431185,He's Out There,2018,239,tt4052050,tmdb_vote_count_gt_100
580630,Girl on the Third Floor,2019,239,tt9026184,tmdb_vote_count_gt_100
97795,Apartment 143,2011,238,tt1757742,tmdb_vote_count_gt_100
25155,The Stepfather,1987,236,tt0094035,tmdb_vote_count_gt_100
119698,The Dinosaur Project,2012,236,tt1907779,tmdb_vote_count_gt_100
17455,Hellraiser: Deader,2005,235,tt0337636,tmdb_vote_count_gt_100
310137,Bound to Vengeance,2015,235,tt1230213,tmdb_vote_count_gt_100
504631,Mermaid Down,2019,235,tt3584496,tmdb_vote_count_gt_100
680593,The Dark and the Wicked,2020,235,tt10229558,tmdb_vote_count_gt_100
3031,Island of Lost Souls,1932,234,tt0024188,tmdb_vote_count_gt_100
11791,The Hound of the Baskervilles,1959,234,tt0052905,tmdb_vote_count_gt_100
9568,The Dentist,1996,234,tt0116075,tmdb_vote_count_gt_100
10391,Bless the Child,2000,234,tt0163983,tmdb_vote_count_gt_100
14219,Skinwalkers,2006,234,tt0461703,tmdb_vote_count_gt_100
553141,The Head Hunter,2019,234,tt6469548,tmdb_vote_count_gt_100
27475,The Slumber Party Massacre,1982,233,tt0084695,tmdb_vote_count_gt_100
12699,Hellraiser: Hellworld,2005,233,tt0354623,tmdb_vote_count_gt_100
1300962,The Beast Within,2024,233,tt14539318,tmdb_vote_count_gt_100
1145221,It Feeds,2025,233,tt28230296,tmdb_vote_count_gt_100
807356,Watcher,2022,232,tt12004038,tmdb_vote_count_gt_100
1020414,Peter Pan's Neverland Nightmare,2025,232,tt21955520,tmdb_vote_count_gt_100
33518,Alligator,1980,231,tt0080354,tmdb_vote_count_gt_100
1035982,Hell House LLC Origins: The Carmichael Manor,2023,231,tt22796890,tmdb_vote_count_gt_100
1308757,Dead Sea,2024,231,tt11724920,tmdb_vote_count_gt_100
10988,Diabolique,1996,229,tt0116095,tmdb_vote_count_gt_100
14913,Boogeyman 2,2007,229,tt0900357,tmdb_vote_count_gt_100
34335,Nine Dead,2010,228,tt0959329,tmdb_vote_count_gt_100
70584,Hellraiser: Revelations,2011,228,tt1716747,tmdb_vote_count_gt_100
137145,247°F,2011,228,tt1877543,tmdb_vote_count_gt_100
231001,All Hallows' Eve,2013,228,tt2900624,tmdb_vote_count_gt_100
840889,Stopmotion,2024,228,tt14852624,tmdb_vote_count_gt_100
1373445,V/H/S/Halloween,2025,228,tt37676033,tmdb_vote_count_gt_100
24001,The Hills Run Red,2009,227,tt0907676,tmdb_vote_count_gt_100
443319,Phoenix Forgotten,2017,227,tt6574272,tmdb_vote_count_gt_100
703745,Deep Blue Sea 3,2020,227,tt11946300,tmdb_vote_count_gt_100
19592,Dead Birds,2004,226,tt0377749,tmdb_vote_count_gt_100
257087,The Veil,2016,226,tt3533916,tmdb_vote_count_gt_100
38939,Tales from the Crypt,1972,225,tt0069341,tmdb_vote_count_gt_100
1407861,The Bayou,2025,225,tt29343289,tmdb_vote_count_gt_100
13006,Split Second,1992,224,tt0105459,tmdb_vote_count_gt_100
782760,COVID-21: Lethal Virus,2021,224,tt11246434,tmdb_vote_count_gt_100
629015,Shut In,2022,224,tt10131024,tmdb_vote_count_gt_100
39957,Burning Bright,2010,223,tt1244658,tmdb_vote_count_gt_100
25319,The Masque of the Red Death,1964,222,tt0058333,tmdb_vote_count_gt_100
14397,Whisper,2007,222,tt0435528,tmdb_vote_count_gt_100
1330421,Bone Lake,2025,222,tt26783625,tmdb_vote_count_gt_100
13570,Tourist Trap,1979,221,tt0080040,tmdb_vote_count_gt_100
11309,Hardware,1990,221,tt0099740,tmdb_vote_count_gt_100
12619,Cherry Falls,2000,221,tt0175526,tmdb_vote_count_gt_100
34583,The Final,2010,221,tt1390535,tmdb_vote_count_gt_100
78381,Twixt,2011,221,tt1756851,tmdb_vote_count_gt_100
25853,Dahmer,2002,220,tt0285728,tmdb_vote_count_gt_100
5956,Joshua,2007,220,tt0808331,tmdb_vote_count_gt_100
485811,Redcon-1,2018,220,tt2034176,tmdb_vote_count_gt_100
1362315,The Hand That Rocks the Cradle,2025,220,tt33502160,tmdb_vote_count_gt_100
10292,Urban Legends: Bloody Mary,2005,219,tt0451957,tmdb_vote_count_gt_100
1596,Population 436,2006,219,tt0462482,tmdb_vote_count_gt_100
244316,Into the Grizzly Maze,2015,219,tt1694021,tmdb_vote_count_gt_100
899445,Deep Fear,2023,219,tt14865406,tmdb_vote_count_gt_100
1117321,You'll Never Find Me,2024,219,tt22023218,tmdb_vote_count_gt_100
23730,C.H.U.D.,1984,218,tt0087015,tmdb_vote_count_gt_100
177221,The Battery,2012,218,tt2272350,tmdb_vote_count_gt_100
455108,The Little Stranger,2018,218,tt6859762,tmdb_vote_count_gt_100
29787,Monkey Shines,1988,217,tt0095652,tmdb_vote_count_gt_100
207769,Banshee Chapter,2013,216,tt2011276,tmdb_vote_count_gt_100
258086,The Damned,2013,216,tt2387408,tmdb_vote_count_gt_100
44351,Rabbits,2002,215,tt0347840,tmdb_vote_count_gt_100
17,The Dark,2005,215,tt0411267,tmdb_vote_count_gt_100
252529,Another Me,2013,215,tt1816608,tmdb_vote_count_gt_100
355506,Siren,2016,215,tt4667854,tmdb_vote_count_gt_100
3079,The Curse of Frankenstein,1957,214,tt0050280,tmdb_vote_count_gt_100
23439,House of Usher,1960,213,tt0053925,tmdb_vote_count_gt_100
32613,Horror Express,1972,213,tt0068713,tmdb_vote_count_gt_100
10854,Wicked Little Things,2006,213,tt0470000,tmdb_vote_count_gt_100
1024721,Monolith,2023,213,tt18298588,tmdb_vote_count_gt_100
274626,Animal,2014,212,tt2996684,tmdb_vote_count_gt_100
505063,Await Further Instructions,2018,212,tt4971408,tmdb_vote_count_gt_100
7006,White Noise 2: The Light,2007,211,tt0496436,tmdb_vote_count_gt_100
73588,The Caller,2011,211,tt1525890,tmdb_vote_count_gt_100
84226,The Day,2011,211,tt1756799,tmdb_vote_count_gt_100
528985,Assimilate,2019,211,tt5238904,tmdb_vote_count_gt_100
24655,The Car,1977,210,tt0075809,tmdb_vote_count_gt_100
198210,Evidence,2013,210,tt1828970,tmdb_vote_count_gt_100
670429,Witch Hunt,2021,210,tt10160974,tmdb_vote_count_gt_100
957314,The Passenger,2023,210,tt21979910,tmdb_vote_count_gt_100
24274,Dead & Buried,1981,209,tt0082242,tmdb_vote_count_gt_100
9092,Snow White: A Tale of Terror,1997,209,tt0119227,tmdb_vote_count_gt_100
300467,Dark Was the Night,2014,209,tt2251281,tmdb_vote_count_gt_100
11607,DeepStar Six,1989,208,tt0097179,tmdb_vote_count_gt_100
9782,The Night Listener,2006,208,tt0448075,tmdb_vote_count_gt_100
254188,At the Devil's Door,2014,208,tt2597242,tmdb_vote_count_gt_100
16373,The Uninvited,1944,207,tt0037415,tmdb_vote_count_gt_100
180305,Mercy,2014,207,tt2481496,tmdb_vote_count_gt_100
47955,White Dog,1982,206,tt0084899,tmdb_vote_count_gt_100
6948,The Woods,2006,206,tt0380066,tmdb_vote_count_gt_100
153738,Frankenstein's Army,2013,206,tt1925435,tmdb_vote_count_gt_100
503752,What Keeps You Alive,2018,206,tt7073710,tmdb_vote_count_gt_100
632309,The Assent,2020,206,tt9612982,tmdb_vote_count_gt_100
645856,The Seventh Day,2021,206,tt11263022,tmdb_vote_count_gt_100
754934,Son,2021,206,tt5624466,tmdb_vote_count_gt_100
34996,The Addiction,1995,205,tt0112288,tmdb_vote_count_gt_100
9841,Rest Stop,2006,205,tt0787505,tmdb_vote_count_gt_100
30685,Blood Creek,2009,205,tt0450336,tmdb_vote_count_gt_100
9077,Tarantula,1955,204,tt0048696,tmdb_vote_count_gt_100
29514,Two Evil Eyes,1990,204,tt0100827,tmdb_vote_count_gt_100
16028,They,2002,204,tt0283632,tmdb_vote_count_gt_100
15641,Vacancy 2: The First Cut,2008,204,tt1204979,tmdb_vote_count_gt_100
84178,Black Rock,2012,204,tt1930294,tmdb_vote_count_gt_100
444149,Hellraiser: Judgment,2018,204,tt5476182,tmdb_vote_count_gt_100
1174618,Alice in Terrorland,2023,204,tt22398528,tmdb_vote_count_gt_100
1207898,The Jack in the Box Rises,2024,204,tt26628641,tmdb_vote_count_gt_100
18998,Darkman II: The Return of Durant,1995,203,tt0109552,tmdb_vote_count_gt_100
254193,Late Phases,2014,203,tt2420756,tmdb_vote_count_gt_100
8997,Hollow Man II,2006,202,tt0469916,tmdb_vote_count_gt_100
86703,2-Headed Shark Attack,2012,202,tt2043757,tmdb_vote_count_gt_100
146243,Haunt,2013,202,tt2386278,tmdb_vote_count_gt_100
595149,Death of Me,2020,202,tt1830643,tmdb_vote_count_gt_100
744742,The Last Rite,2021,202,tt8941380,tmdb_vote_count_gt_100
1015303,Elevator Game,2023,202,tt14013772,tmdb_vote_count_gt_100
3076,Frankenstein Meets the Wolf Man,1943,201,tt0035899,tmdb_vote_count_gt_100
25103,Night of the Demon,1957,201,tt0050766,tmdb_vote_count_gt_100
27726,Q,1982,201,tt0084556,tmdb_vote_count_gt_100
17911,Mega Shark vs. Giant Octopus,2009,201,tt1350498,tmdb_vote_count_gt_100
10263,Tamara,2005,200,tt0401815,tmdb_vote_count_gt_100
15741,Dorothy Mills,2008,200,tt1034306,tmdb_vote_count_gt_100
759902,Hunter Hunter,2020,200,tt2226162,tmdb_vote_count_gt_100
850439,The Damned,2025,200,tt15010692,tmdb_vote_count_gt_100
27517,The Man Who Laughs,1928,199,tt0019130,tmdb_vote_count_gt_100
12583,Ginger Snaps Back: The Beginning,2004,199,tt0365265,tmdb_vote_count_gt_100
51248,11-11-11,2011,199,tt1712159,tmdb_vote_count_gt_100
333357,Stephanie,2017,199,tt3829378,tmdb_vote_count_gt_100
34193,Magic,1978,198,tt0077889,tmdb_vote_count_gt_100
928480,Monster Summer,2024,198,tt3954936,tmdb_vote_count_gt_100
355193,Devil's Gate,2017,197,tt4610748,tmdb_vote_count_gt_100
767499,The Manor,2021,197,tt13372794,tmdb_vote_count_gt_100
27118,The Hound of the Baskervilles,1939,196,tt0031448,tmdb_vote_count_gt_100
26517,Martin,1976,196,tt0077914,tmdb_vote_count_gt_100
12594,Wishmaster 2: Evil Never Dies,1999,196,tt0156182,tmdb_vote_count_gt_100
74505,Lovely Molly,2011,196,tt1707392,tmdb_vote_count_gt_100
10790,The Abandoned,2006,195,tt0475937,tmdb_vote_count_gt_100
126172,Leprechaun: Origins,2014,195,tt2345613,tmdb_vote_count_gt_100
340601,Delirium,2018,195,tt2069797,tmdb_vote_count_gt_100
517764,The Farm,2019,195,tt7959500,tmdb_vote_count_gt_100
33521,Dracula,1979,194,tt0079073,tmdb_vote_count_gt_100
9017,Outpost,2008,194,tt0892899,tmdb_vote_count_gt_100
127651,The Seasoning House,2012,194,tt1555093,tmdb_vote_count_gt_100
1140648,Double Blind,2024,194,tt14729020,tmdb_vote_count_gt_100
42196,The Bad Seed,1956,193,tt0048977,tmdb_vote_count_gt_100
16180,The Legend of Hell House,1973,193,tt0070294,tmdb_vote_count_gt_100
132137,Werewolf: The Beast Among Us,2012,193,tt1987028,tmdb_vote_count_gt_100
480100,Nightmare Cinema,2018,193,tt7349910,tmdb_vote_count_gt_100
521934,The Witch in the Window,2018,193,tt5936492,tmdb_vote_count_gt_100
10299,"Hush... Hush, Sweet Charlotte",1964,192,tt0058213,tmdb_vote_count_gt_100
49763,Bad Moon,1996,192,tt0115610,tmdb_vote_count_gt_100
10359,Resurrection,1999,192,tt0142804,tmdb_vote_count_gt_100
531145,Boarding School,2018,192,tt6224502,tmdb_vote_count_gt_100
22440,Dracula's Daughter,1936,191,tt0027545,tmdb_vote_count_gt_100
15855,Phantom of the Opera,1943,191,tt0036261,tmdb_vote_count_gt_100
23761,"Alice, Sweet Alice",1976,191,tt0076150,tmdb_vote_count_gt_100
331392,Eloise,2017,191,tt3692652,tmdb_vote_count_gt_100
803114,The Requin,2022,191,tt11348232,tmdb_vote_count_gt_100
38126,Return of the Fly,1959,190,tt0053219,tmdb_vote_count_gt_100
33278,Deadly Friend,1986,190,tt0090917,tmdb_vote_count_gt_100
347847,The Sand,2015,190,tt3399484,tmdb_vote_count_gt_100
1059345,Cult Killer,2024,190,tt21151212,tmdb_vote_count_gt_100
40969,Terror Train,1980,189,tt0081617,tmdb_vote_count_gt_100
1872,Rise: Blood Hunter,2007,189,tt0389328,tmdb_vote_count_gt_100
15262,Boogeyman 3,2008,189,tt1204883,tmdb_vote_count_gt_100
758769,Unwelcome,2023,189,tt12447796,tmdb_vote_count_gt_100
44678,Altitude,2010,188,tt1407049,tmdb_vote_count_gt_100
1058638,Birth/Rebirth,2023,188,tt9048804,tmdb_vote_count_gt_100
1049942,Bambi: The Reckoning,2025,188,tt23621682,tmdb_vote_count_gt_100
31685,The Hunchback of Notre Dame,1939,187,tt0031455,tmdb_vote_count_gt_100
31150,Intruder,1989,187,tt0095379,tmdb_vote_count_gt_100
13559,The Mangler,1995,187,tt0113762,tmdb_vote_count_gt_100
17456,BloodRayne 2: Deliverance,2007,187,tt0896036,tmdb_vote_count_gt_100
353345,The Exorcism of Molly Hartley,2015,187,tt3800796,tmdb_vote_count_gt_100
541560,The Wind,2019,187,tt8426594,tmdb_vote_count_gt_100
27503,The Unknown,1927,186,tt0018528,tmdb_vote_count_gt_100
365995,Inside,2016,186,tt5170810,tmdb_vote_count_gt_100
996727,The Price We Pay,2023,186,tt15441472,tmdb_vote_count_gt_100
26198,The Keep,1983,185,tt0085780,tmdb_vote_count_gt_100
1340110,Redux Redux,2025,185,tt33295741,tmdb_vote_count_gt_100
30346,The Body Snatcher,1945,184,tt0037549,tmdb_vote_count_gt_100
17102,Dracula: Prince of Darkness,1966,184,tt0059127,tmdb_vote_count_gt_100
18775,Demon Seed,1977,184,tt0075931,tmdb_vote_count_gt_100
1160003,Night of the Hunted,2023,184,tt23642744,tmdb_vote_count_gt_100
19142,The Return of Swamp Thing,1989,183,tt0098193,tmdb_vote_count_gt_100
19158,Graveyard Shift,1990,183,tt0099697,tmdb_vote_count_gt_100
14237,Brainscan,1994,183,tt0109327,tmdb_vote_count_gt_100
26587,Dread,2009,183,tt1331307,tmdb_vote_count_gt_100
45964,When a Stranger Calls,1979,182,tt0080130,tmdb_vote_count_gt_100
289416,Grace,2014,182,tt3068192,tmdb_vote_count_gt_100
18983,"Godzilla, King of the Monsters!",1956,181,tt0197521,tmdb_vote_count_gt_100
31909,Invaders from Mars,1986,181,tt0091276,tmdb_vote_count_gt_100
410876,Tell Me How I Die,2016,181,tt5937770,tmdb_vote_count_gt_100
731740,The Block Island Sound,2021,181,tt8747160,tmdb_vote_count_gt_100
26912,Quatermass and the Pit,1967,180,tt0062168,tmdb_vote_count_gt_100
13549,Burnt Offerings,1976,180,tt0074258,tmdb_vote_count_gt_100
14457,Reeker,2005,180,tt0393635,tmdb_vote_count_gt_100
19166,House Of 9,2005,180,tt0395585,tmdb_vote_count_gt_100
133369,The Conspiracy,2012,180,tt2330322,tmdb_vote_count_gt_100
345468,Contracted: Phase II,2015,180,tt4255110,tmdb_vote_count_gt_100
363111,Wolves at the Door,2016,180,tt4670016,tmdb_vote_count_gt_100
388440,The Curse of Sleeping Beauty,2016,180,tt4118606,tmdb_vote_count_gt_100
502406,St. Agatha,2018,180,tt6182078,tmdb_vote_count_gt_100
1081662,Appendage,2023,180,tt17202164,tmdb_vote_count_gt_100
59189,Phase IV,1974,179,tt0070531,tmdb_vote_count_gt_100
31646,Piranha II: The Spawning,1982,179,tt0082910,tmdb_vote_count_gt_100
12238,The Night Flier,1997,179,tt0119784,tmdb_vote_count_gt_100
10605,Vampires: Los Muertos,2002,179,tt0272147,tmdb_vote_count_gt_100
884184,Consecration,2023,179,tt14993352,tmdb_vote_count_gt_100
14458,Altered,2006,178,tt0457275,tmdb_vote_count_gt_100
207774,The Borderlands,2013,178,tt2781832,tmdb_vote_count_gt_100
16139,Phantasm III: Lord of the Dead,1994,177,tt0110823,tmdb_vote_count_gt_100
409617,Killing Ground,2017,177,tt4728386,tmdb_vote_count_gt_100
926599,All Fun and Games,2023,177,tt10092698,tmdb_vote_count_gt_100
47763,The Shrine,2010,176,tt1341710,tmdb_vote_count_gt_100
227094,The Returned,2013,176,tt2093270,tmdb_vote_count_gt_100
830788,The Invitation,2022,176,tt12873562,tmdb_vote_count_gt_100
1232933,Fear Below,2025,176,tt13098590,tmdb_vote_count_gt_100
18990,The Mummy,1959,175,tt0053085,tmdb_vote_count_gt_100
12485,Candyman: Day of the Dead,1999,175,tt0165662,tmdb_vote_count_gt_100
405882,Don't Kill It,2016,175,tt3113696,tmdb_vote_count_gt_100
431259,Escape Room,2017,175,tt5748392,tmdb_vote_count_gt_100
543917,Bloodline,2019,175,tt8883524,tmdb_vote_count_gt_100
826753,Candy Land,2023,175,tt13857556,tmdb_vote_count_gt_100
1032948,V/H/S/85,2023,175,tt22640398,tmdb_vote_count_gt_100
29979,Highwaymen,2004,174,tt0339147,tmdb_vote_count_gt_100
13548,Borderland,2007,174,tt0452592,tmdb_vote_count_gt_100
298093,Poker Night,2014,173,tt2548208,tmdb_vote_count_gt_100
515454,Come True,2020,173,tt7026488,tmdb_vote_count_gt_100
1241674,The Last Breath,2024,173,tt14827150,tmdb_vote_count_gt_100
359228,Ghost House,2017,172,tt4365566,tmdb_vote_count_gt_100
624779,VFW,2019,172,tt9894470,tmdb_vote_count_gt_100
25748,Children of the Corn II: The Final Sacrifice,1992,171,tt0106557,tmdb_vote_count_gt_100
301325,#Horror,2015,171,tt3526286,tmdb_vote_count_gt_100
31965,Witchfinder General,1968,170,tt0063285,tmdb_vote_count_gt_100
28090,Maniac Cop 2,1990,170,tt0100107,tmdb_vote_count_gt_100
15846,The Burrowers,2008,170,tt0445939,tmdb_vote_count_gt_100
440444,Piercing,2018,170,tt6516314,tmdb_vote_count_gt_100
135812,Dracula 3D,2012,169,tt1852770,tmdb_vote_count_gt_100
347762,Most Likely to Die,2015,169,tt4163224,tmdb_vote_count_gt_100
27214,Amityville 3-D,1983,168,tt0085159,tmdb_vote_count_gt_100
18477,The Hills Have Eyes Part II,1985,168,tt0089274,tmdb_vote_count_gt_100
390582,Here Alone,2016,168,tt4814760,tmdb_vote_count_gt_100
853387,Lord of Misrule,2023,168,tt11893676,tmdb_vote_count_gt_100
3103,House of Frankenstein,1944,167,tt0036931,tmdb_vote_count_gt_100
29343,Humanoids from the Deep,1980,167,tt0080904,tmdb_vote_count_gt_100
229182,The Harvest,2015,167,tt2543336,tmdb_vote_count_gt_100
325302,They Look Like People,2016,167,tt4105970,tmdb_vote_count_gt_100
503706,The Haunting of Sharon Tate,2019,167,tt7976208,tmdb_vote_count_gt_100
10725,Wolfen,1981,166,tt0083336,tmdb_vote_count_gt_100
12685,BloodRayne: The Third Reich,2010,166,tt1153546,tmdb_vote_count_gt_100
323370,The Diabolical,2015,166,tt3603808,tmdb_vote_count_gt_100
1148027,New Life,2023,166,tt18973958,tmdb_vote_count_gt_100
3022,Dr. Jekyll and Mr. Hyde,1941,165,tt0033553,tmdb_vote_count_gt_100
831,This Island Earth,1955,165,tt0047577,tmdb_vote_count_gt_100
16921,Autopsy,2008,165,tt0443435,tmdb_vote_count_gt_100
257444,The Boy,2015,165,tt2443822,tmdb_vote_count_gt_100
1094403,Malum,2023,165,tt9472334,tmdb_vote_count_gt_100
1141182,Die Alone,2024,165,tt21097192,tmdb_vote_count_gt_100
23220,The Brides of Dracula,1960,164,tt0053677,tmdb_vote_count_gt_100
10706,Mimic 2,2001,164,tt0239641,tmdb_vote_count_gt_100
3511,The Broken,2008,164,tt0906734,tmdb_vote_count_gt_100
623520,Z,2019,164,tt8995218,tmdb_vote_count_gt_100
40229,The House on Sorority Row,1982,163,tt0085694,tmdb_vote_count_gt_100
960258,Shark Bait,2022,163,tt12550376,tmdb_vote_count_gt_100
22293,Manos: The Hands of Fate,1966,162,tt0060666,tmdb_vote_count_gt_100
15658,Flowers in the Attic,1987,162,tt0093036,tmdb_vote_count_gt_100
10085,Unrest,2006,162,tt0453533,tmdb_vote_count_gt_100
11494,Wilderness,2006,162,tt0465670,tmdb_vote_count_gt_100
226458,Exeter,2015,162,tt1945044,tmdb_vote_count_gt_100
429727,Bad Match,2017,162,tt5990066,tmdb_vote_count_gt_100
761563,Medusa: Queen of the Serpents,2021,162,tt12060154,tmdb_vote_count_gt_100
751237,Umma,2022,162,tt13235822,tmdb_vote_count_gt_100
1212742,The Rule of Jenny Pen,2025,162,tt6874690,tmdb_vote_count_gt_100
9033,The Prophecy II,1998,161,tt0118643,tmdb_vote_count_gt_100
265019,Preservation,2014,161,tt3138558,tmdb_vote_count_gt_100
409582,7 Guardians of the Tomb,2018,161,tt4915672,tmdb_vote_count_gt_100
760195,Separation,2021,161,tt9173154,tmdb_vote_count_gt_100
1388366,Popeye the Slayer Man,2025,161,tt30956852,tmdb_vote_count_gt_100
16335,Walled In,2009,160,tt1104006,tmdb_vote_count_gt_100
216580,Savaged,2014,160,tt2378453,tmdb_vote_count_gt_100
403642,The Neighbor,2016,160,tt3330764,tmdb_vote_count_gt_100
546724,We Summon the Darkness,2020,160,tt8058874,tmdb_vote_count_gt_100
1319951,40 Acres,2025,160,tt29634843,tmdb_vote_count_gt_100
44247,The Prowler,1981,159,tt0082951,tmdb_vote_count_gt_100
16077,My Little Eye,2002,159,tt0280969,tmdb_vote_count_gt_100
294308,Don't Blink,2014,159,tt1572306,tmdb_vote_count_gt_100
814800,Goodnight Mommy,2022,159,tt9000184,tmdb_vote_count_gt_100
59726,Wake Wood,2011,158,tt1296899,tmdb_vote_count_gt_100
472269,Possum,2018,158,tt6081670,tmdb_vote_count_gt_100
1353117,Home Sweet Home: Rebirth,2025,158,tt29425792,tmdb_vote_count_gt_100
32569,X: The Man with the X-Ray Eyes,1963,157,tt0057693,tmdb_vote_count_gt_100
385320,Zoombies,2016,157,tt5340882,tmdb_vote_count_gt_100
467239,Temple,2017,157,tt4898730,tmdb_vote_count_gt_100
801071,The Jack in the Box: Awakening,2022,157,tt12764628,tmdb_vote_count_gt_100
25834,Xtro,1982,156,tt0086610,tmdb_vote_count_gt_100
15667,The Last Winter,2006,156,tt0454864,tmdb_vote_count_gt_100
347548,Containment,2015,156,tt3561236,tmdb_vote_count_gt_100
1006947,Suitable Flesh,2023,156,tt21397580,tmdb_vote_count_gt_100
14126,Catacombs,2007,155,tt0449471,tmdb_vote_count_gt_100
397981,Beyond the Gates,2016,155,tt4687358,tmdb_vote_count_gt_100
1014661,House of Spoils,2024,155,tt21830836,tmdb_vote_count_gt_100
1089123,Daddy's Head,2024,155,tt26682012,tmdb_vote_count_gt_100
19483,It Came from Outer Space,1953,154,tt0045920,tmdb_vote_count_gt_100
29143,Eyes of Laura Mars,1978,154,tt0077530,tmdb_vote_count_gt_100
33061,Troll,1986,154,tt0092115,tmdb_vote_count_gt_100
15495,The Hamiltons,2006,154,tt0443527,tmdb_vote_count_gt_100
296130,Harbinger Down,2015,154,tt3397918,tmdb_vote_count_gt_100
3074,The Ghost of Frankenstein,1942,153,tt0034786,tmdb_vote_count_gt_100
25329,The Echo,2008,153,tt0897347,tmdb_vote_count_gt_100
370178,Scare Campaign,2016,153,tt4467626,tmdb_vote_count_gt_100
463322,The Dark,2018,153,tt6832388,tmdb_vote_count_gt_100
734353,Anything for Jackson,2020,153,tt12137964,tmdb_vote_count_gt_100
774021,Demonic,2021,153,tt13392012,tmdb_vote_count_gt_100
1361292,Cellar Door,2024,153,tt11950888,tmdb_vote_count_gt_100
13557,The Gravedancers,2006,152,tt0435653,tmdb_vote_count_gt_100
19599,Book of Blood,2009,152,tt1169809,tmdb_vote_count_gt_100
720026,Butchers,2020,152,tt8764358,tmdb_vote_count_gt_100
1388808,Into the Deep,2025,152,tt28637027,tmdb_vote_count_gt_100
29794,Howling II: Stirba - Werewolf Bitch,1985,151,tt0089308,tmdb_vote_count_gt_100
28902,In Dreams,1999,151,tt0120710,tmdb_vote_count_gt_100
15069,WΔZ,2007,151,tt0804552,tmdb_vote_count_gt_100
27588,Forget Me Not,2009,151,tt1147684,tmdb_vote_count_gt_100
419706,Mary,2019,151,tt5834854,tmdb_vote_count_gt_100
1032372,Cold Meat,2024,151,tt17067574,tmdb_vote_count_gt_100
28153,It's Alive,1974,150,tt0071675,tmdb_vote_count_gt_100
209901,Nothing Left to Fear,2013,150,tt1662293,tmdb_vote_count_gt_100
306966,Summer Camp,2016,150,tt2638662,tmdb_vote_count_gt_100
1075335,Little Bone Lodge,2023,150,tt19858164,tmdb_vote_count_gt_100
28893,Galaxy of Terror,1981,149,tt0082431,tmdb_vote_count_gt_100
18256,Castle Freak,1995,149,tt0112643,tmdb_vote_count_gt_100
10496,Bats,1999,149,tt0200469,tmdb_vote_count_gt_100
151933,Dead in Tombstone,2013,149,tt2268419,tmdb_vote_count_gt_100
207270,The Hoarder,2015,149,tt1891923,tmdb_vote_count_gt_100
400605,Dead Rising: Endgame,2016,149,tt5481404,tmdb_vote_count_gt_100
1091267,The Well,2024,148,tt26754354,tmdb_vote_count_gt_100
12576,Deathwatch,2002,147,tt0286306,tmdb_vote_count_gt_100
14660,Solstice,2007,147,tt0473267,tmdb_vote_count_gt_100
587130,The Reckoning,2021,147,tt9182964,tmdb_vote_count_gt_100
1215918,Blackwater Lane,2024,147,tt22767628,tmdb_vote_count_gt_100
801937,"Silent Night, Deadly Night",2025,147,tt34508974,tmdb_vote_count_gt_100
21168,The Reflecting Skin,1990,146,tt0100469,tmdb_vote_count_gt_100
12483,Riding the Bullet,2004,146,tt0355954,tmdb_vote_count_gt_100
16456,The Crow: Wicked Prayer,2005,146,tt0353324,tmdb_vote_count_gt_100
60086,Babysitter Wanted,2007,146,tt0819755,tmdb_vote_count_gt_100
1137205,Last Straw,2024,146,tt24249072,tmdb_vote_count_gt_100
24580,The Quatermass Xperiment,1955,145,tt0049646,tmdb_vote_count_gt_100
17994,Witchboard,1986,145,tt0090327,tmdb_vote_count_gt_100
16146,Phantasm IV: Oblivion,1998,145,tt0138703,tmdb_vote_count_gt_100
228358,The Pact II,2014,145,tt2924442,tmdb_vote_count_gt_100
351043,Amnesiac,2015,145,tt2837336,tmdb_vote_count_gt_100
404584,From a House on Willow Street,2017,145,tt4961380,tmdb_vote_count_gt_100
459947,Jackals,2017,145,tt6104206,tmdb_vote_count_gt_100
25752,Children of the Corn 666: Isaac's Return,1999,144,tt0177625,tmdb_vote_count_gt_100
18882,Man-Thing,2005,144,tt0290747,tmdb_vote_count_gt_100
25967,Isolation,2005,144,tt0446719,tmdb_vote_count_gt_100
52454,Mega Shark vs. Crocosaurus,2010,144,tt1705773,tmdb_vote_count_gt_100
157115,Jug Face,2013,144,tt2620736,tmdb_vote_count_gt_100
511449,Family Blood,2018,144,tt7895904,tmdb_vote_count_gt_100
741613,The Boy Behind The Door,2020,144,tt10772662,tmdb_vote_count_gt_100
48197,The Town That Dreaded Sundown,1976,143,tt0075342,tmdb_vote_count_gt_100
14033,Soul Survivors,2001,143,tt0218619,tmdb_vote_count_gt_100
199578,Patrick,2013,143,tt2147459,tmdb_vote_count_gt_100
361159,Navy Seals vs. Zombies,2015,143,tt4511566,tmdb_vote_count_gt_100
35073,"The Beast from 20,000 Fathoms",1953,142,tt0045546,tmdb_vote_count_gt_100
18196,The Sentinel,1977,142,tt0076683,tmdb_vote_count_gt_100
25756,Clownhouse,1989,142,tt0094886,tmdb_vote_count_gt_100
16764,Toolbox Murders,2004,142,tt0367153,tmdb_vote_count_gt_100
21398,Grace,2009,142,tt1220213,tmdb_vote_count_gt_100
342927,3-Headed Shark Attack,2015,142,tt4685096,tmdb_vote_count_gt_100
537788,Daniel Isn't Real,2019,142,tt8745960,tmdb_vote_count_gt_100
1165466,Wake Up,2024,142,tt28662887,tmdb_vote_count_gt_100
25557,The Puppet Masters,1994,141,tt0111003,tmdb_vote_count_gt_100
10943,The Gathering,2001,141,tt0294594,tmdb_vote_count_gt_100
22007,Train,2008,141,tt1015474,tmdb_vote_count_gt_100
344854,The Pack,2015,141,tt4167720,tmdb_vote_count_gt_100
3016,Dr. Jekyll and Mr. Hyde,1920,140,tt0011130,tmdb_vote_count_gt_100
20424,Invaders from Mars,1953,140,tt0045917,tmdb_vote_count_gt_100
40095,Dead Heat,1988,140,tt0094961,tmdb_vote_count_gt_100
1016848,The Front Room,2024,140,tt21905744,tmdb_vote_count_gt_100
17907,The Raven,1935,139,tt0026912,tmdb_vote_count_gt_100
39891,The Devil Rides Out,1968,139,tt0062885,tmdb_vote_count_gt_100
31952,The Vampire Lovers,1970,139,tt0066518,tmdb_vote_count_gt_100
10383,Lost Souls,2000,139,tt0160484,tmdb_vote_count_gt_100
185267,The Human Race,2013,139,tt1427298,tmdb_vote_count_gt_100
205891,The Demented,2013,139,tt2113792,tmdb_vote_count_gt_100
412766,Sam Was Here,2016,139,tt5736592,tmdb_vote_count_gt_100
483737,Totem,2017,139,tt6791238,tmdb_vote_count_gt_100
931628,A Sacrifice,2024,139,tt16491560,tmdb_vote_count_gt_100
32043,The Guardian,1990,138,tt0099710,tmdb_vote_count_gt_100
25749,Children of the Corn III: Urban Harvest,1995,138,tt0109415,tmdb_vote_count_gt_100
17577,The Devil's Tomb,2009,138,tt1147687,tmdb_vote_count_gt_100
74471,The Dead,2010,138,tt1386925,tmdb_vote_count_gt_100
407389,The Remains,2016,138,tt3894312,tmdb_vote_count_gt_100
795853,Gaia,2021,138,tt11881160,tmdb_vote_count_gt_100
1225377,The Mouse Trap,2024,138,tt30743549,tmdb_vote_count_gt_100
28436,The Curse of the Cat People,1944,137,tt0036733,tmdb_vote_count_gt_100
21143,The Day of the Triffids,1962,137,tt0055894,tmdb_vote_count_gt_100
37936,Happy Birthday to Me,1981,137,tt0082498,tmdb_vote_count_gt_100
283686,Out of the Dark,2014,137,tt2872724,tmdb_vote_count_gt_100
399894,Daylight's End,2016,137,tt3007132,tmdb_vote_count_gt_100
384756,Rabid,2019,137,tt5628902,tmdb_vote_count_gt_100
29778,Dracula Has Risen from the Grave,1968,136,tt0062909,tmdb_vote_count_gt_100
426375,Malicious,2018,136,tt6197494,tmdb_vote_count_gt_100
16154,Let's Scare Jessica to Death,1971,135,tt0067341,tmdb_vote_count_gt_100
14549,Night Train,2009,135,tt1020055,tmdb_vote_count_gt_100
38150,Heartless,2009,135,tt1220214,tmdb_vote_count_gt_100
173672,Hunger,2009,135,tt1176252,tmdb_vote_count_gt_100
53459,F,2010,135,tt1486670,tmdb_vote_count_gt_100
436494,Feral,2018,135,tt4974778,tmdb_vote_count_gt_100
732713,Evil Eye,2020,135,tt12882620,tmdb_vote_count_gt_100
13553,The Driller Killer,1979,134,tt0079082,tmdb_vote_count_gt_100
20441,Messengers 2: The Scarecrow,2009,134,tt1299653,tmdb_vote_count_gt_100
241927,Hellions,2015,134,tt3305844,tmdb_vote_count_gt_100
661950,Alone,2020,134,tt10192566,tmdb_vote_count_gt_100
1244531,Beast of War,2025,134,tt29468874,tmdb_vote_count_gt_100
32652,Mystery of the Wax Museum,1933,133,tt0024368,tmdb_vote_count_gt_100
26178,Razorback,1984,133,tt0087981,tmdb_vote_count_gt_100
28774,Communion,1989,133,tt0097100,tmdb_vote_count_gt_100
26954,Puppet Master II,1990,133,tt0100438,tmdb_vote_count_gt_100
55890,Bereavement,2010,133,tt1100051,tmdb_vote_count_gt_100
1072074,Disquiet,2023,133,tt25869142,tmdb_vote_count_gt_100
27970,Werewolf of London,1935,132,tt0027194,tmdb_vote_count_gt_100
30793,House of Dracula,1945,132,tt0037793,tmdb_vote_count_gt_100
28172,Blood Feast,1963,132,tt0056875,tmdb_vote_count_gt_100
30062,Eaten Alive,1976,132,tt0074455,tmdb_vote_count_gt_100
14745,The Haunting of Molly Hartley,2008,132,tt1045655,tmdb_vote_count_gt_100
56811,Cropsey,2009,132,tt1277936,tmdb_vote_count_gt_100
265018,Indigenous,2014,132,tt2815072,tmdb_vote_count_gt_100
323665,Ava's Possessions,2015,132,tt3727982,tmdb_vote_count_gt_100
504982,The Jurassic Games,2018,132,tt6710826,tmdb_vote_count_gt_100
617786,The Other Lamb,2020,132,tt7737734,tmdb_vote_count_gt_100
1098160,The Tank,2023,132,tt14687418,tmdb_vote_count_gt_100
823491,Out of Darkness,2024,132,tt7527682,tmdb_vote_count_gt_100
11623,The Medusa Touch,1978,131,tt0077921,tmdb_vote_count_gt_100
40466,Crocodile,2000,131,tt0203425,tmdb_vote_count_gt_100
12484,The Forsaken,2001,131,tt0245120,tmdb_vote_count_gt_100
17618,Laid to Rest,2009,131,tt1228933,tmdb_vote_count_gt_100
27646,Night of the Demons,2009,131,tt1268809,tmdb_vote_count_gt_100
174682,Raze,2013,131,tt2111392,tmdb_vote_count_gt_100
586586,Bliss,2019,131,tt9026524,tmdb_vote_count_gt_100
1519168,The Jester 2,2025,131,tt37334010,tmdb_vote_count_gt_100
207475,The Ouija Experiment,2011,130,tt2364842,tmdb_vote_count_gt_100
595216,Play or Die,2019,130,tt9537532,tmdb_vote_count_gt_100
28910,Mark of the Vampire,1935,129,tt0026685,tmdb_vote_count_gt_100
33020,Dracula A.D. 1972,1972,129,tt0068505,tmdb_vote_count_gt_100
33016,Deadly Blessing,1981,129,tt0082245,tmdb_vote_count_gt_100
9011,The Prophecy 3: The Ascent,2000,129,tt0183678,tmdb_vote_count_gt_100
22681,Homecoming,2009,129,tt1135500,tmdb_vote_count_gt_100
159211,The Haunting of Helena,2013,129,tt2378191,tmdb_vote_count_gt_100
410988,The Stakelander,2016,129,tt5843670,tmdb_vote_count_gt_100
450932,Armed Response,2017,129,tt4557208,tmdb_vote_count_gt_100
1175038,Stranger in the Woods,2024,129,tt19316408,tmdb_vote_count_gt_100
32023,Son of Dracula,1943,128,tt0036376,tmdb_vote_count_gt_100
28752,The Curse of the Werewolf,1961,128,tt0054777,tmdb_vote_count_gt_100
39929,Hello Mary Lou: Prom Night II,1987,128,tt0093176,tmdb_vote_count_gt_100
13954,Alien Raiders,2008,128,tt0996979,tmdb_vote_count_gt_100
28435,Murders in the Rue Morgue,1932,127,tt0023249,tmdb_vote_count_gt_100
20945,The Seventh Victim,1943,127,tt0036341,tmdb_vote_count_gt_100
33516,Gothic,1986,127,tt0091142,tmdb_vote_count_gt_100
429742,Still/Born,2018,127,tt6087426,tmdb_vote_count_gt_100
532635,The Golem,2018,127,tt8329290,tmdb_vote_count_gt_100
829038,Night Shift,2023,127,tt13380324,tmdb_vote_count_gt_100
27150,Silent Rage,1982,126,tt0084684,tmdb_vote_count_gt_100
13429,Donkey Punch,2008,126,tt0988849,tmdb_vote_count_gt_100
52001,Citadel,2012,126,tt1641975,tmdb_vote_count_gt_100
257874,Beneath,2013,126,tt2991296,tmdb_vote_count_gt_100
347642,Bite,2015,126,tt4264426,tmdb_vote_count_gt_100
592230,Blood Quantum,2019,126,tt7394674,tmdb_vote_count_gt_100
43149,The Son of Kong,1933,125,tt0024593,tmdb_vote_count_gt_100
27230,Christmas Evil,1980,125,tt0081793,tmdb_vote_count_gt_100
11380,Bones,2001,125,tt0166110,tmdb_vote_count_gt_100
47518,The Tortured,2010,125,tt1017464,tmdb_vote_count_gt_100
78294,Panic Button,2011,125,tt1727358,tmdb_vote_count_gt_100
397514,The Windmill Massacre,2016,125,tt2923088,tmdb_vote_count_gt_100
539549,I'll Take Your Dead,2018,125,tt7962932,tmdb_vote_count_gt_100
542713,Starfish,2019,125,tt5700182,tmdb_vote_count_gt_100
716703,What Lies Below,2020,125,tt9264728,tmdb_vote_count_gt_100
717728,Jeepers Creepers: Reborn,2022,125,tt14121726,tmdb_vote_count_gt_100
29030,The Tomb of Ligeia,1964,124,tt0059821,tmdb_vote_count_gt_100
29748,Taste the Blood of Dracula,1970,124,tt0065073,tmdb_vote_count_gt_100
25438,Trick or Treat,1986,124,tt0092112,tmdb_vote_count_gt_100
28635,Wishmaster 3: Beyond the Gates of Hell,2001,124,tt0254871,tmdb_vote_count_gt_100
34081,Ted Bundy,2002,124,tt0284929,tmdb_vote_count_gt_100
47386,YellowBrickRoad,2010,124,tt1398428,tmdb_vote_count_gt_100
298538,Disaster L.A.: The Last Zombie Apocalypse Begins Here,2014,124,tt3439114,tmdb_vote_count_gt_100
262848,Phantasm: Ravager,2016,124,tt3627704,tmdb_vote_count_gt_100
528091,The Furies,2019,124,tt8228172,tmdb_vote_count_gt_100
8875,Timber Falls,2007,123,tt0857295,tmdb_vote_count_gt_100
16167,From Within,2008,123,tt1063056,tmdb_vote_count_gt_100
1088157,Godless: The Eastfield Exorcism,2023,123,tt16296308,tmdb_vote_count_gt_100
1244953,Trust,2025,123,tt31314745,tmdb_vote_count_gt_100
18801,Haunted,1995,122,tt0113269,tmdb_vote_count_gt_100
17209,Madhouse,2004,122,tt0363276,tmdb_vote_count_gt_100
78461,Beneath the Darkness,2012,122,tt1781775,tmdb_vote_count_gt_100
138941,Found,2012,122,tt2149360,tmdb_vote_count_gt_100
409164,Boys in the Trees,2016,122,tt3445580,tmdb_vote_count_gt_100
670266,Tremors: Shrieker Island,2020,122,tt8322060,tmdb_vote_count_gt_100
28503,Dementia 13,1963,121,tt0056983,tmdb_vote_count_gt_100
30137,The Haunted Palace,1963,121,tt0057128,tmdb_vote_count_gt_100
47957,Madman,1981,121,tt0082696,tmdb_vote_count_gt_100
32076,The Believers,1987,121,tt0092632,tmdb_vote_count_gt_100
19058,Down,2001,121,tt0247303,tmdb_vote_count_gt_100
20034,Hush,2008,121,tt1093369,tmdb_vote_count_gt_100
279972,Digging Up the Marrow,2015,121,tt1991031,tmdb_vote_count_gt_100
387399,We Go On,2016,121,tt3904278,tmdb_vote_count_gt_100
463022,The Super,2018,121,tt5884784,tmdb_vote_count_gt_100
1476740,Influencers,2025,121,tt36833584,tmdb_vote_count_gt_100
28421,The Invisible Man Returns,1940,120,tt0032635,tmdb_vote_count_gt_100
12237,Faces of Death,1978,120,tt0077533,tmdb_vote_count_gt_100
35977,Pumpkinhead II: Blood Wings,1995,120,tt0110913,tmdb_vote_count_gt_100
27259,Long Time Dead,2002,120,tt0251806,tmdb_vote_count_gt_100
196830,Stranded,2013,120,tt2268573,tmdb_vote_count_gt_100
584004,Resurrected,2023,120,tt15340206,tmdb_vote_count_gt_100
25993,Asylum,1972,119,tt0068230,tmdb_vote_count_gt_100
26956,Puppet Master III: Toulon's Revenge,1991,119,tt0102728,tmdb_vote_count_gt_100
34098,Ticks,1993,119,tt0108339,tmdb_vote_count_gt_100
25751,Children of the Corn V: Fields of Terror,1998,119,tt0150111,tmdb_vote_count_gt_100
42302,Blood Monkey,2007,119,tt1054564,tmdb_vote_count_gt_100
156597,Stage Fright,2014,119,tt2190838,tmdb_vote_count_gt_100
376579,Let's Be Evil,2016,119,tt3655682,tmdb_vote_count_gt_100
433419,The Hollow Child,2018,119,tt6464360,tmdb_vote_count_gt_100
526224,Big Legend,2018,119,tt6409762,tmdb_vote_count_gt_100
510284,Braid,2019,119,tt4638148,tmdb_vote_count_gt_100
746817,The Call,2020,119,tt12971924,tmdb_vote_count_gt_100
1214140,Monster Island,2025,119,tt29262075,tmdb_vote_count_gt_100
39995,Long Weekend,1979,118,tt0079482,tmdb_vote_count_gt_100
32998,Necronomicon,1993,118,tt0107664,tmdb_vote_count_gt_100
132064,Vile,2011,118,tt1711018,tmdb_vote_count_gt_100
591634,False Positive,2021,118,tt10096842,tmdb_vote_count_gt_100
26857,The Tingler,1959,117,tt0053363,tmdb_vote_count_gt_100
34479,Scars of Dracula,1970,117,tt0067713,tmdb_vote_count_gt_100
53868,The Vault of Horror,1973,117,tt0070868,tmdb_vote_count_gt_100
27361,Black Moon,1975,117,tt0072709,tmdb_vote_count_gt_100
43089,Roadgames,1981,117,tt0083000,tmdb_vote_count_gt_100
91549,The Moth Diaries,2011,117,tt1407065,tmdb_vote_count_gt_100
289712,Mockingbird,2014,117,tt2125685,tmdb_vote_count_gt_100
347751,13 Cameras,2015,117,tt4392454,tmdb_vote_count_gt_100
245627,Abattoir,2016,117,tt1480285,tmdb_vote_count_gt_100
30566,Blacula,1972,116,tt0068284,tmdb_vote_count_gt_100
24634,Ghost Story,1981,116,tt0082449,tmdb_vote_count_gt_100
486011,Like.Share.Follow.,2017,116,tt7441032,tmdb_vote_count_gt_100
554739,The Final Wish,2019,116,tt9109306,tmdb_vote_count_gt_100
630392,The Cursed,2021,116,tt9907782,tmdb_vote_count_gt_100
792657,Safer at Home,2021,116,tt13651858,tmdb_vote_count_gt_100
18987,The Hunchback of Notre Dame,1923,115,tt0014142,tmdb_vote_count_gt_100
26811,Dr. Terror's House of Horrors,1965,115,tt0059125,tmdb_vote_count_gt_100
55538,Bloody Birthday,1981,115,tt0082084,tmdb_vote_count_gt_100
24126,Warlock: The Armageddon,1993,115,tt0108517,tmdb_vote_count_gt_100
10578,Dracula II: Ascension,2003,115,tt0336325,tmdb_vote_count_gt_100
20323,Long Weekend,2009,115,tt1098356,tmdb_vote_count_gt_100
345875,The Abandoned,2015,115,tt3311988,tmdb_vote_count_gt_100
524789,The Devil's Doorway,2018,115,tt6793280,tmdb_vote_count_gt_100
1159477,The King Tide,2024,115,tt6632018,tmdb_vote_count_gt_100
28438,The Leopard Man,1943,114,tt0036104,tmdb_vote_count_gt_100
39261,The House That Dripped Blood,1971,114,tt0065854,tmdb_vote_count_gt_100
46175,Daughters of Darkness,1971,114,tt0067690,tmdb_vote_count_gt_100
26932,The Island of Dr. Moreau,1977,114,tt0076210,tmdb_vote_count_gt_100
28377,Hell Night,1981,114,tt0082511,tmdb_vote_count_gt_100
27135,Tell-Tale,2009,114,tt1135095,tmdb_vote_count_gt_100
356149,Robert,2015,114,tt4141368,tmdb_vote_count_gt_100
797946,The Djinn,2021,114,tt9352356,tmdb_vote_count_gt_100
882598,Smile,2022,114,tt15474916,tmdb_vote_count_gt_100
954388,Quicksand,2023,114,tt19056070,tmdb_vote_count_gt_100
1096838,Here After,2024,114,tt5402714,tmdb_vote_count_gt_100
1222064,River of Blood,2024,114,tt29708137,tmdb_vote_count_gt_100
14459,Storm Warning,2007,113,tt0800367,tmdb_vote_count_gt_100
410126,Patient Seven,2016,113,tt5345298,tmdb_vote_count_gt_100
406107,Dead Awake,2017,113,tt3778010,tmdb_vote_count_gt_100
1126577,Til Death Do Us Part,2023,113,tt27047448,tmdb_vote_count_gt_100
1317218,Mr. Crocket,2024,113,tt32916093,tmdb_vote_count_gt_100
39890,The City of the Dead,1960,112,tt0053719,tmdb_vote_count_gt_100
28667,The Gorgon,1964,112,tt0058155,tmdb_vote_count_gt_100
28264,Blood Rage,1987,112,tt0085253,tmdb_vote_count_gt_100
25066,Tales from the Hood,1995,112,tt0114609,tmdb_vote_count_gt_100
20981,The Call of Cthulhu,2005,112,tt0478988,tmdb_vote_count_gt_100
324803,Hangman,2015,112,tt4441422,tmdb_vote_count_gt_100
880100,Fear,2023,112,tt12830948,tmdb_vote_count_gt_100
25750,Children of the Corn IV: The Gathering,1996,111,tt0115885,tmdb_vote_count_gt_100
14853,Screamers: The Hunting,2009,111,tt1214983,tmdb_vote_count_gt_100
114958,Storage 24,2012,111,tt1986953,tmdb_vote_count_gt_100
1040229,T.I.M.,2023,111,tt21988182,tmdb_vote_count_gt_100
28261,Mad Love,1935,110,tt0026663,tmdb_vote_count_gt_100
29320,The Devil-Doll,1936,110,tt0027521,tmdb_vote_count_gt_100
30348,Isle of the Dead,1945,110,tt0037820,tmdb_vote_count_gt_100
21970,The Watcher in the Woods,1980,110,tt0081738,tmdb_vote_count_gt_100
42149,The Hand,1981,110,tt0082497,tmdb_vote_count_gt_100
27303,Hideaway,1995,110,tt0113303,tmdb_vote_count_gt_100
29512,Bruiser,2000,110,tt0212830,tmdb_vote_count_gt_100
14878,The Objective,2008,110,tt0962711,tmdb_vote_count_gt_100
291865,From the Dark,2014,110,tt4030442,tmdb_vote_count_gt_100
825808,See for Me,2022,110,tt11209212,tmdb_vote_count_gt_100
40952,Alone in the Dark,1982,109,tt0083542,tmdb_vote_count_gt_100
38084,The Horror Show,1989,109,tt0097527,tmdb_vote_count_gt_100
38157,Wishmaster 4: The Prophecy Fulfilled,2002,109,tt0254872,tmdb_vote_count_gt_100
462036,The Monster Project,2017,109,tt4537888,tmdb_vote_count_gt_100
15096,20 Million Miles to Earth,1957,108,tt0050084,tmdb_vote_count_gt_100
11525,Lawnmower Man 2: Beyond Cyberspace,1996,108,tt0116839,tmdb_vote_count_gt_100
33005,Mimic: Sentinel,2003,108,tt0330634,tmdb_vote_count_gt_100
18870,Minotaur,2006,108,tt0415160,tmdb_vote_count_gt_100
21935,The Haunting Hour: Don't Think About It,2007,108,tt0905994,tmdb_vote_count_gt_100
139933,Kiss of the Damned,2012,108,tt1959438,tmdb_vote_count_gt_100
220471,The Devil's Hand,2014,108,tt2290739,tmdb_vote_count_gt_100
392818,The Transfiguration,2016,108,tt5039088,tmdb_vote_count_gt_100
403964,ClownTown,2016,108,tt4577344,tmdb_vote_count_gt_100
29756,13 Ghosts,1960,107,tt0053559,tmdb_vote_count_gt_100
35280,The Other,1972,107,tt0069050,tmdb_vote_count_gt_100
40649,Demonic Toys,1992,107,tt0104083,tmdb_vote_count_gt_100
15991,Bad Biology,2008,107,tt0974977,tmdb_vote_count_gt_100
19197,Mum & Dad,2008,107,tt1129428,tmdb_vote_count_gt_100
15052,The Lodger,2009,107,tt0851530,tmdb_vote_count_gt_100
101176,The Butterfly Room,2012,107,tt1612782,tmdb_vote_count_gt_100
117978,In Their Skin,2012,107,tt1790869,tmdb_vote_count_gt_100
614205,Dark Light,2019,107,tt9135260,tmdb_vote_count_gt_100
820511,Ripper Untold,2021,107,tt14267154,tmdb_vote_count_gt_100
1026819,The Hunted,2024,107,tt22493538,tmdb_vote_count_gt_100
31655,The Terror,1963,106,tt0057569,tmdb_vote_count_gt_100
785759,Two Witches,2023,106,tt10963926,tmdb_vote_count_gt_100
787761,Oracle,2023,106,tt13515258,tmdb_vote_count_gt_100
950141,Organ Trail,2023,106,tt18071972,tmdb_vote_count_gt_100
1008374,Baby Ruby,2023,106,tt21448540,tmdb_vote_count_gt_100
26774,The Blood on Satan's Claw,1971,105,tt0066849,tmdb_vote_count_gt_100
28801,Twins of Evil,1971,105,tt0069427,tmdb_vote_count_gt_100
22175,The Shortcut,2009,105,tt1243955,tmdb_vote_count_gt_100
98948,Abraham Lincoln vs. Zombies,2012,105,tt2246549,tmdb_vote_count_gt_100
816977,They/Them,2022,105,tt14502344,tmdb_vote_count_gt_100
752867,The Outwaters,2023,105,tt13259610,tmdb_vote_count_gt_100
1297028,Rosario,2025,105,tt27674700,tmdb_vote_count_gt_100
19002,Darkman III: Die Darkman Die,1996,104,tt0116033,tmdb_vote_count_gt_100
17245,Mulberry Street,2006,104,tt0473514,tmdb_vote_count_gt_100
17027,Shuttle,2008,104,tt0880648,tmdb_vote_count_gt_100
191619,Beneath,2013,104,tt2325518,tmdb_vote_count_gt_100
473902,The Amityville Murders,2018,104,tt6984258,tmdb_vote_count_gt_100
540291,Isabelle,2019,104,tt6098380,tmdb_vote_count_gt_100
48014,From Beyond the Grave,1974,103,tt0070078,tmdb_vote_count_gt_100
49126,Audrey Rose,1977,103,tt0075704,tmdb_vote_count_gt_100
5237,Dust Devil,1992,103,tt0104155,tmdb_vote_count_gt_100
10838,Dracula 3000,2004,103,tt0367677,tmdb_vote_count_gt_100
11345,The Zodiac,2005,103,tt0371739,tmdb_vote_count_gt_100
15543,Penny Dreadful,2006,103,tt0454224,tmdb_vote_count_gt_100
329289,Always Watching: A Marble Hornets Story,2015,103,tt2737926,tmdb_vote_count_gt_100
711963,Coming Home in the Dark,2021,103,tt6874762,tmdb_vote_count_gt_100
933090,Starve Acre,2024,103,tt17521612,tmdb_vote_count_gt_100
25944,Blood for Dracula,1974,102,tt0071233,tmdb_vote_count_gt_100
50687,Maniac Cop 3: Badge of Silence,1993,102,tt0104808,tmdb_vote_count_gt_100
48787,Mute Witness,1995,102,tt0110604,tmdb_vote_count_gt_100
16266,2012 Doomsday,2008,102,tt1132130,tmdb_vote_count_gt_100
207780,Antisocial,2013,102,tt2772092,tmdb_vote_count_gt_100
334028,Some Kind of Hate,2015,102,tt3698558,tmdb_vote_count_gt_100
332285,Antibirth,2016,102,tt3333870,tmdb_vote_count_gt_100
403368,Havenhurst,2016,102,tt3424690,tmdb_vote_count_gt_100
577889,Hostage Radio,2019,102,tt7857374,tmdb_vote_count_gt_100
1146143,The Puppetman,2023,102,tt19369162,tmdb_vote_count_gt_100
1272890,Lowlifes,2024,102,tt31499750,tmdb_vote_count_gt_100
1286185,The Carpenter's Son,2025,102,tt32304349,tmdb_vote_count_gt_100
18979,Captain Kronos: Vampire Hunter,1974,101,tt0071276,tmdb_vote_count_gt_100
16126,Flight of the Living Dead,2007,101,tt0780583,tmdb_vote_count_gt_100
15039,Against the Dark,2009,101,tt1194271,tmdb_vote_count_gt_100
19237,Kill Theory,2009,101,tt0893532,tmdb_vote_count_gt_100
224815,Skinwalker Ranch,2013,101,tt2881698,tmdb_vote_count_gt_100
385737,Always Shine,2016,101,tt4392770,tmdb_vote_count_gt_100
608994,The Cleansing Hour,2020,101,tt8009906,tmdb_vote_count_gt_100
