id,title,year,genre_names,reason
747,Shaun of the Dead,2004,"Comedy, Horror",tmdb_genre_Comedy
763,Braindead,1992,"Comedy, Horror",tmdb_genre_Comedy
765,Evil Dead II,1987,"Comedy, Fantasy, Horror",tmdb_genre_Comedy
766,Army of Darkness,1992,"Comedy, Fantasy, Horror",tmdb_genre_Comedy
814,An American Werewolf in London,1981,"Comedy, Horror",tmdb_genre_Comedy
927,Gremlins,1984,"Comedy, Fantasy, Horror",tmdb_genre_Comedy
928,Gremlins 2: The New Batch,1990,"Comedy, Fantasy, Horror",tmdb_genre_Comedy
1423,Flying Saucer Rock 'N' Roll,2006,"Adventure, Comedy, Horror, Science Fiction",tmdb_genre_Comedy
1547,The Lost Boys,1987,"Comedy, Horror",tmdb_genre_Comedy
1694,Re-Animator,1985,"Comedy, Horror, Science Fiction",tmdb_genre_Comedy
1961,My Name Is Bruce,2007,"Comedy, Fantasy, Horror",tmdb_genre_Comedy
2151,Man with the Screaming Brain,2005,"Comedy, Horror, Science Fiction",tmdb_genre_Comedy
2182,Attack of the Killer Tomatoes!,1978,"Comedy, Horror, Science Fiction",tmdb_genre_Comedy
2199,My Mom's a Werewolf,1989,"Comedy, Horror",tmdb_genre_Comedy
3023,Abbott and Costello Meet Dr. Jekyll and Mr. Hyde,1953,"Comedy, Horror, Science Fiction",tmdb_genre_Comedy
3028,Jekyll and Hyde... Together Again,1982,"Comedy, Horror, Science Fiction",tmdb_genre_Comedy
3053,The Fearless Vampire Killers,1967,"Comedy, Horror",tmdb_genre_Comedy
3144,Rock 'n' Roll Frankenstein,1999,"Comedy, Horror, Music",tmdb_genre_Comedy
3151,Frankenstein General Hospital,1988,"Comedy, Horror",tmdb_genre_Comedy
3152,Big Monster on Campus,2000,"Comedy, Horror",tmdb_genre_Comedy
3217,Monster Mash: The Movie,1995,"Comedy, Horror",tmdb_genre_Comedy
3218,Mistress Frankenstein,2000,"Comedy, Fantasy, Horror",tmdb_genre_Comedy
3486,The Fiendish Plot of Dr. Fu Manchu,1980,"Comedy, Horror",tmdb_genre_Comedy
3603,Black Sheep,2007,"Comedy, Horror",tmdb_genre_Comedy
3980,Critters,1986,"Comedy, Horror, Science Fiction",tmdb_genre_Comedy
4237,Freak Out,2004,"Comedy, Horror",tmdb_genre_Comedy
4242,Scary Movie,1991,"Comedy, Horror, Thriller",tmdb_genre_Comedy
4365,Munchies,1987,"Comedy, Horror, Science Fiction",tmdb_genre_Comedy
5060,Carry On Screaming,1966,"Comedy, Horror",tmdb_genre_Comedy
5072,Severance,2006,"Comedy, Horror, Thriller",tmdb_genre_Comedy
5657,The Worm Eaters,1977,"Comedy, Horror",tmdb_genre_Comedy
5680,"Elvira, Mistress of the Dark",1988,"Comedy, Fantasy, Horror",tmdb_genre_Comedy
5759,Baghead,2008,"Comedy, Drama, Horror, Romance",tmdb_genre_Comedy
6069,The Witches of Eastwick,1987,"Comedy, Fantasy, Horror",tmdb_genre_Comedy
6488,Arachnophobia,1990,"Comedy, Horror",tmdb_genre_Comedy
6552,Idle Hands,1999,"Comedy, Fantasy, Horror",tmdb_genre_Comedy
7091,Vampire's Kiss,1988,"Comedy, Horror",tmdb_genre_Comedy
8464,Top of the Food Chain,1999,"Comedy, Horror, Science Fiction",tmdb_genre_Comedy
8869,Eight Legged Freaks,2002,"Action, Comedy, Horror, Thriller",tmdb_genre_Comedy
8991,Undead,2003,"Action, Comedy, Horror, Science Fiction",tmdb_genre_Comedy
9035,Slither,2006,"Comedy, Horror, Science Fiction",tmdb_genre_Comedy
9059,Tales from the Crypt: Demon Knight,1995,"Comedy, Horror, Thriller",tmdb_genre_Comedy
9362,Tremors,1990,"Action, Comedy, Horror, Science Fiction",tmdb_genre_Comedy
9374,Death Becomes Her,1992,"Comedy, Fantasy, Horror",tmdb_genre_Comedy
9406,An American Werewolf in Paris,1997,"Comedy, Horror",tmdb_genre_Comedy
9431,Bordello of Blood,1996,"Comedy, Horror",tmdb_genre_Comedy
9680,Uncle Sam,1996,"Comedy, Horror",tmdb_genre_Comedy
9707,Bubba Ho-tep,2002,"Comedy, Fantasy, Horror, Mystery, Thriller",tmdb_genre_Comedy
9825,Lake Placid,1999,"Action, Comedy, Horror, Science Fiction, Thriller",tmdb_genre_Comedy
9890,The Stepford Wives,2004,"Comedy, Horror, Science Fiction, Thriller",tmdb_genre_Comedy
9964,Bad Taste,1987,"Action, Comedy, Horror, Science Fiction",tmdb_genre_Comedy
9976,Satan's Little Helper,2004,"Comedy, Horror, Romance",tmdb_genre_Comedy
10012,Cursed,2005,"Comedy, Horror",tmdb_genre_Comedy
10070,Feast,2005,"Action, Comedy, Horror, Thriller",tmdb_genre_Comedy
10089,Evil Bong,2006,"Comedy, Horror",tmdb_genre_Comedy
10127,Critters 2,1988,"Comedy, Horror, Science Fiction",tmdb_genre_Comedy
10177,Evil Aliens,2006,"Comedy, Horror, Science Fiction",tmdb_genre_Comedy
10205,Cut,2000,"Comedy, Horror, Mystery",tmdb_genre_Comedy
10206,Buffy the Vampire Slayer,1992,"Action, Comedy, Horror",tmdb_genre_Comedy
10288,Fido,2006,"Comedy, Drama, Horror, Romance",tmdb_genre_Comedy
10432,Hack!,2007,"Comedy, Horror",tmdb_genre_Comedy
10776,Little Shop of Horrors,1986,"Comedy, Horror",tmdb_genre_Comedy
10779,The Frighteners,1996,"Comedy, Horror",tmdb_genre_Comedy
10829,Tremors 3: Back to Perfection,2001,"Action, Comedy, Horror, Science Fiction, Thriller",tmdb_genre_Comedy
10845,2001 Maniacs,2005,"Comedy, Horror",tmdb_genre_Comedy
10891,Tremors 4: The Legend Begins,2004,"Action, Comedy, Horror, Western",tmdb_genre_Comedy
10894,May,2003,"Comedy, Drama, Horror",tmdb_genre_Comedy
10925,The Return of the Living Dead,1985,"Comedy, Horror",tmdb_genre_Comedy
10961,Behind the Mask: The Rise of Leslie Vernon,2006,"Comedy, Horror, Thriller",tmdb_genre_Comedy
11069,Tremors 2: Aftershocks,1996,"Action, Comedy, Horror, Science Fiction, Thriller",tmdb_genre_Comedy
11217,Club Dread,2004,"Comedy, Horror",tmdb_genre_Comedy
11249,Seed of Chucky,2004,"Comedy, Horror",tmdb_genre_Comedy
11342,Warlock,1989,"Adventure, Comedy, Fantasy, Horror",tmdb_genre_Comedy
11347,The Lair of the White Worm,1988,"Comedy, Fantasy, Horror",tmdb_genre_Comedy
11415,House,1986,"Comedy, Horror",tmdb_genre_Comedy
11429,Beyond Re-Animator,2003,"Comedy, Horror, Science Fiction",tmdb_genre_Comedy
11629,Legion of the Dead,2001,"Comedy, Fantasy, Horror, Science Fiction",tmdb_genre_Comedy
11797,Fright Night,1985,"Comedy, Horror",tmdb_genre_Comedy
11811,Leprechaun,1993,"Comedy, Horror",tmdb_genre_Comedy
11908,Hatchet,2006,"Comedy, Horror",tmdb_genre_Comedy
11932,Bride of Chucky,1998,"Comedy, Horror",tmdb_genre_Comedy
11974,The 'Burbs,1989,"Comedy, Horror, Thriller",tmdb_genre_Comedy
12110,Dracula: Dead and Loving It,1995,"Comedy, Fantasy, Horror",tmdb_genre_Comedy
12158,Vampire in Brooklyn,1995,"Comedy, Horror, Romance",tmdb_genre_Comedy
12525,Critters 4,1992,"Comedy, Horror, Science Fiction",tmdb_genre_Comedy
12591,Santa's Slay,2005,"Comedy, Fantasy, Horror",tmdb_genre_Comedy
12702,Critters 3,1991,"Comedy, Horror, Science Fiction",tmdb_genre_Comedy
12718,Teenage Caveman,2002,"Comedy, Horror, Science Fiction",tmdb_genre_Comedy
12724,The Convent,2000,"Comedy, Horror, Thriller",tmdb_genre_Comedy
13009,Zombie Strippers!,2008,"Comedy, Horror",tmdb_genre_Comedy
13013,Son of Dracula,1974,"Comedy, Horror, Music",tmdb_genre_Comedy
13094,Dance of the Dead,2008,"Comedy, Horror",tmdb_genre_Comedy
13121,Teeth,2007,"Comedy, Horror",tmdb_genre_Comedy
13489,Lost Boys: The Tribe,2008,"Comedy, Crime, Drama, Horror, Thriller",tmdb_genre_Comedy
13561,Murder Party,2007,"Comedy, Horror",tmdb_genre_Comedy
13762,The Private Eyes,1980,"Comedy, Crime, Horror, Mystery, Thriller",tmdb_genre_Comedy
13797,Feast II: Sloppy Seconds,2008,"Action, Comedy, Horror, Thriller",tmdb_genre_Comedy
13849,The Cottage,2008,"Comedy, Crime, Horror, Thriller",tmdb_genre_Comedy
14005,Terror Firmer,1999,"Comedy, Fantasy, Horror, Thriller",tmdb_genre_Comedy
14907,Alien Apocalypse,2005,"Comedy, Drama, Horror, Science Fiction, Thriller, TV Movie",tmdb_genre_Comedy
15135,Feast III: The Happy Finish,2009,"Action, Comedy, Horror, Thriller",tmdb_genre_Comedy
15239,The Toxic Avenger,1984,"Comedy, Horror, Science Fiction",tmdb_genre_Comedy
15423,Snoop Dogg's Hood of Horror,2006,"Comedy, Horror",tmdb_genre_Comedy
15482,Return of the Killer Tomatoes!,1988,"Comedy, Horror, Science Fiction",tmdb_genre_Comedy
15527,Otis,2008,"Comedy, Horror",tmdb_genre_Comedy
15689,Dead Meat,2004,"Action, Comedy, Horror, Science Fiction",tmdb_genre_Comedy
15762,Night of the Creeps,1986,"Comedy, Horror, Science Fiction",tmdb_genre_Comedy
15851,Death to the Supermodels,2005,"Comedy, Horror",tmdb_genre_Comedy
16159,Sundown: The Vampire in Retreat,1989,"Comedy, Horror",tmdb_genre_Comedy
16191,Highway to Hell,1991,"Action, Comedy, Fantasy, Horror",tmdb_genre_Comedy
16205,Jack Brooks: Monster Slayer,2007,"Action, Comedy, Horror",tmdb_genre_Comedy
16209,Jesus Christ Vampire Hunter,2001,"Action, Comedy, Horror",tmdb_genre_Comedy
16281,Creepshow,1982,"Comedy, Horror",tmdb_genre_Comedy
16288,Creepshow 2,1987,"Comedy, Horror",tmdb_genre_Comedy
16296,Killer Klowns from Outer Space,1988,"Comedy, Horror, Science Fiction",tmdb_genre_Comedy
16304,Creepshow 3,2006,"Comedy, Horror",tmdb_genre_Comedy
16337,The Texas Chainsaw Massacre 2,1986,"Comedy, Horror",tmdb_genre_Comedy
16634,Alien Trespass,2009,"Action, Adventure, Comedy, Horror, Science Fiction",tmdb_genre_Comedy
16846,Gingerdead Man 2: Passion of the Crust,2008,"Comedy, Fantasy, Horror",tmdb_genre_Comedy
17005,Bitten,2008,"Comedy, Horror",tmdb_genre_Comedy
17141,Blood Car,2007,"Comedy, Horror",tmdb_genre_Comedy
17153,Botched,2007,"Comedy, Crime, Horror, Thriller",tmdb_genre_Comedy
17287,Poultrygeist: Night of the Chicken Dead,2006,"Comedy, Horror",tmdb_genre_Comedy
17306,Ice Spiders,2007,"Action, Adventure, Comedy, Horror, Science Fiction, TV Movie",tmdb_genre_Comedy
17796,Freaked,1993,"Comedy, Horror, Science Fiction",tmdb_genre_Comedy
17910,Gnaw,2008,"Comedy, Horror",tmdb_genre_Comedy
17965,The Abominable Dr. Phibes,1971,"Comedy, Horror",tmdb_genre_Comedy
18009,Leprechaun 2,1994,"Comedy, Horror",tmdb_genre_Comedy
18011,Leprechaun in the Hood,2000,"Comedy, Horror",tmdb_genre_Comedy
18111,Bride of Re-Animator,1990,"Comedy, Horror, Science Fiction",tmdb_genre_Comedy
18116,American Zombie,2007,"Comedy, Documentary, Horror",tmdb_genre_Comedy
18216,Brutal Massacre: A Comedy,2008,"Comedy, Horror",tmdb_genre_Comedy
18238,Lesbian Vampire Killers,2009,"Comedy, Horror",tmdb_genre_Comedy
18250,Dr. Phibes Rises Again,1972,"Adventure, Comedy, Horror",tmdb_genre_Comedy
18462,Night of the Comet,1984,"Comedy, Horror, Science Fiction",tmdb_genre_Comedy
18498,Ghoulies,1985,"Comedy, Fantasy, Horror",tmdb_genre_Comedy
18502,The Stuff,1985,"Comedy, Horror, Science Fiction",tmdb_genre_Comedy
18505,Grizzly Park,2008,"Comedy, Horror",tmdb_genre_Comedy
18632,A Dog's Breakfast,2007,"Comedy, Horror",tmdb_genre_Comedy
18841,The Lost Skeleton of Cadavra,2001,"Comedy, Horror, Science Fiction",tmdb_genre_Comedy
18966,Love at First Bite,1979,"Comedy, Horror, Romance",tmdb_genre_Comedy
19064,Once Bitten,1985,"Comedy, Horror, Romance",tmdb_genre_Comedy
19286,Leprechaun 3,1995,"Comedy, Horror",tmdb_genre_Comedy
19287,Leprechaun 4: In Space,1996,"Comedy, Fantasy, Horror, Science Fiction",tmdb_genre_Comedy
19288,Leprechaun: Back 2 tha Hood,2003,"Comedy, Horror",tmdb_genre_Comedy
19310,Spectres of the Spectrum,2000,"Comedy, Horror, Science Fiction",tmdb_genre_Comedy
19351,Maniac Nurses,1992,"Comedy, Horror",tmdb_genre_Comedy
19723,The League of Gentlemen's Apocalypse,2005,"Comedy, Horror",tmdb_genre_Comedy
19908,Zombieland,2009,"Comedy, Horror",tmdb_genre_Comedy
19994,Jennifer's Body,2009,"Comedy, Horror",tmdb_genre_Comedy
20029,Evil Bong 2: King Bong,2009,"Comedy, Horror",tmdb_genre_Comedy
20472,Saturday the 14th,1981,"Comedy, Fantasy, Horror",tmdb_genre_Comedy
20485,Growing Out,2009,"Comedy, Horror",tmdb_genre_Comedy
20606,Doghouse,2009,"Comedy, Horror",tmdb_genre_Comedy
20701,Tales from the Darkside: The Movie,1990,"Comedy, Fantasy, Horror, Thriller",tmdb_genre_Comedy
20842,Children Shouldn't Play with Dead Things,1972,"Comedy, Horror",tmdb_genre_Comedy
21151,My Best Friend Is a Vampire,1987,"Comedy, Family, Horror",tmdb_genre_Comedy
21187,Diagnosis: Death,2010,"Comedy, Horror",tmdb_genre_Comedy
21362,High Spirits,1988,"Comedy, Fantasy, Horror",tmdb_genre_Comedy
21381,Rabid Grannies,1988,"Comedy, Horror",tmdb_genre_Comedy
21509,The Cook,2008,"Comedy, Horror",tmdb_genre_Comedy
21515,Student Bodies,1981,"Comedy, Horror",tmdb_genre_Comedy
21597,Elvira's Haunted Hills,2002,"Comedy, Horror",tmdb_genre_Comedy
21627,Crimewave,1985,"Comedy, Crime, Horror",tmdb_genre_Comedy
21838,Dead & Breakfast,2004,"Comedy, Fantasy, Horror",tmdb_genre_Comedy
21910,I Sell the Dead,2008,"Comedy, Drama, Horror",tmdb_genre_Comedy
22172,Street Trash,1987,"Comedy, Horror",tmdb_genre_Comedy
22244,Society,1989,"Comedy, Horror, Mystery",tmdb_genre_Comedy
22335,Smash Cut,2009,"Comedy, Horror",tmdb_genre_Comedy
22455,Body Melt,1994,"Comedy, Horror, Science Fiction",tmdb_genre_Comedy
22476,Infestation,2009,"Action, Comedy, Horror, Science Fiction",tmdb_genre_Comedy
22573,Last of the Living,2009,"Comedy, Horror",tmdb_genre_Comedy
22637,I Know How Many Runs You Scored Last Summer,2008,"Comedy, Horror",tmdb_genre_Comedy
22642,A Bucket of Blood,1959,"Comedy, Horror",tmdb_genre_Comedy
23127,The Haunted World of El Superbeasto,2009,"Action, Animation, Comedy, Horror",tmdb_genre_Comedy
23173,Tormented,2009,"Comedy, Horror",tmdb_genre_Comedy
23532,How to Be a Serial Killer,2009,"Comedy, Crime, Horror",tmdb_genre_Comedy
23988,Stan Helsing,2009,"Comedy, Horror",tmdb_genre_Comedy
24098,O.C. Babes and the Slasher of Zombietown,2008,"Comedy, Horror",tmdb_genre_Comedy
24103,Haunted Honeymoon,1986,"Comedy, Drama, Horror, Music, Mystery",tmdb_genre_Comedy
24133,One-Eyed Monster,2008,"Comedy, Horror, Science Fiction",tmdb_genre_Comedy
24194,TerrorVision,1986,"Comedy, Horror, Science Fiction",tmdb_genre_Comedy
24409,Nightmare Man,2006,"Comedy, Horror, Thriller",tmdb_genre_Comedy
24452,The Little Shop of Horrors,1960,"Comedy, Horror, Science Fiction",tmdb_genre_Comedy
24632,The Mad,2007,"Comedy, Horror, Thriller",tmdb_genre_Comedy
24777,Private Parts,1972,"Comedy, Horror, Mystery, Thriller",tmdb_genre_Comedy
24831,Piranha,1978,"Comedy, Horror",tmdb_genre_Comedy
24925,Night of the Demons 2,1994,"Comedy, Horror",tmdb_genre_Comedy
24929,Return of the Living Dead Part II,1988,"Comedy, Horror",tmdb_genre_Comedy
24935,Return of the Living Dead: Necropolis,2005,"Action, Comedy, Horror",tmdb_genre_Comedy
24939,Return of the Living Dead: Rave to the Grave,2005,"Action, Comedy, Horror",tmdb_genre_Comedy
24944,Skinned Alive,1990,"Comedy, Horror",tmdb_genre_Comedy
24948,Zombies! Zombies! Zombies!,2008,"Comedy, Horror",tmdb_genre_Comedy
25061,Zombie Nation,2004,"Comedy, Horror",tmdb_genre_Comedy
25088,The Willies,1990,"Comedy, Horror",tmdb_genre_Comedy
25133,Transylvania 6-5000,1985,"Comedy, Horror",tmdb_genre_Comedy
25145,Andre the Butcher,2005,"Comedy, Horror",tmdb_genre_Comedy
25234,Evil Ed,1995,"Comedy, Horror",tmdb_genre_Comedy
25422,Die You Zombie Bastards!,2005,"Comedy, Horror",tmdb_genre_Comedy
25533,Undead or Alive: A Zombedy,2007,"Action, Comedy, Horror",tmdb_genre_Comedy
25574,Dead Moon Rising,2007,"Action, Adventure, Comedy, Horror",tmdb_genre_Comedy
25762,Curse of the Queerwolf,1988,"Comedy, Horror",tmdb_genre_Comedy
26230,Class of Nuke 'Em High 2: Subhumanoid Meltdown,1991,"Comedy, Horror, Science Fiction",tmdb_genre_Comedy
26369,Cannibal Women in the Avocado Jungle of Death,1989,"Action, Adventure, Comedy, Horror, Romance",tmdb_genre_Comedy
26554,Class of Nuke 'Em High,1986,"Comedy, Horror, Science Fiction, Thriller",tmdb_genre_Comedy
26661,Abbott and Costello Meet the Mummy,1955,"Adventure, Comedy, Fantasy, Horror",tmdb_genre_Comedy
26677,The Video Dead,1987,"Comedy, Horror",tmdb_genre_Comedy
26901,"Otto; or, Up with Dead People",2008,"Comedy, Drama, Horror",tmdb_genre_Comedy
27070,Chopper Chicks in Zombietown,1989,"Comedy, Horror",tmdb_genre_Comedy
27134,Boy Eats Girl,2005,"Comedy, Horror",tmdb_genre_Comedy
27207,Bloodsucking Pharaohs in Pittsburgh,1991,"Comedy, Horror",tmdb_genre_Comedy
27274,Frankenhooker,1990,"Comedy, Horror, Science Fiction",tmdb_genre_Comedy
27296,The Gingerdead Man,2005,"Comedy, Fantasy, Horror",tmdb_genre_Comedy
27300,Hair High,2004,"Animation, Comedy, Horror",tmdb_genre_Comedy
27318,Jack Frost,1997,"Comedy, Fantasy, Horror",tmdb_genre_Comedy
27320,Jack Frost 2: The Revenge of the Mutant Killer Snowman,2000,"Comedy, Fantasy, Horror",tmdb_genre_Comedy
27327,Phantom of the Paradise,1974,"Comedy, Fantasy, Horror, Music, Thriller",tmdb_genre_Comedy
27358,Monsturd,2003,"Comedy, Horror, Science Fiction",tmdb_genre_Comedy
27381,Innocent Blood,1992,"Comedy, Crime, Horror, Thriller",tmdb_genre_Comedy
27390,Sorority Babes in the Slimeball Bowl-O-Rama,1988,"Comedy, Horror",tmdb_genre_Comedy
27406,Necroville,2007,"Comedy, Horror",tmdb_genre_Comedy
27412,Hollywood Chainsaw Hookers,1988,"Comedy, Horror",tmdb_genre_Comedy
27476,Nightmare Sisters,1988,"Comedy, Horror",tmdb_genre_Comedy
27486,Voodoo Dollz,2008,"Comedy, Horror",tmdb_genre_Comedy
27492,Satan Hates You,2009,"Comedy, Drama, Horror",tmdb_genre_Comedy
27547,Slime City Massacre,2010,"Comedy, Horror",tmdb_genre_Comedy
27562,Nikos the Impaler,2003,"Comedy, Horror, Thriller",tmdb_genre_Comedy
27601,Citizen Toxie: The Toxic Avenger IV,2001,"Comedy, Horror",tmdb_genre_Comedy
27607,Parents,1989,"Comedy, Horror",tmdb_genre_Comedy
27617,Splatter Disco,2007,"Comedy, Horror",tmdb_genre_Comedy
27723,Psycho Beach Party,2000,"Comedy, Horror",tmdb_genre_Comedy
27740,A Return to Salem's Lot,1987,"Comedy, Horror",tmdb_genre_Comedy
27743,Serial Killing 101,2004,"Comedy, Horror",tmdb_genre_Comedy
27752,Terror Toons 2,2007,"Comedy, Horror",tmdb_genre_Comedy
27767,Slumber Party Massacre III,1990,"Comedy, Horror",tmdb_genre_Comedy
27773,Special Dead,2006,"Action, Adventure, Comedy, Horror",tmdb_genre_Comedy
27788,My Vampire Lover,2002,"Comedy, Horror",tmdb_genre_Comedy
27813,Basket Case,1982,"Comedy, Horror",tmdb_genre_Comedy
27814,Brain Damage,1988,"Comedy, Horror",tmdb_genre_Comedy
27815,Basket Case 2,1990,"Comedy, Horror",tmdb_genre_Comedy
27818,Skeleton Key,2006,"Comedy, Horror",tmdb_genre_Comedy
27825,Bad Girls from Mars,1990,"Comedy, Horror",tmdb_genre_Comedy
27846,Bite Me!,2004,"Comedy, Horror",tmdb_genre_Comedy
27877,Zombie Bloodbath,1993,"Comedy, Horror",tmdb_genre_Comedy
27916,Redneck Zombies,1989,"Comedy, Horror",tmdb_genre_Comedy
28037,Debbie Rochon Confidential: My Years in Tromaville Exposed!,2006,"Comedy, Documentary, Horror",tmdb_genre_Comedy
28070,Surf Nazis Must Die,1987,"Action, Comedy, Drama, Horror",tmdb_genre_Comedy
28128,Hard Rock Zombies,1985,"Comedy, Horror, Music",tmdb_genre_Comedy
28129,Mulva: Zombie Ass Kicker!,2001,"Action, Comedy, Horror",tmdb_genre_Comedy
28163,Evil Ever After,2006,"Comedy, Horror",tmdb_genre_Comedy
28165,The Toxic Avenger Part II,1989,"Comedy, Horror, Science Fiction",tmdb_genre_Comedy
28168,Blood Feast 2: All U Can Eat,2002,"Comedy, Horror",tmdb_genre_Comedy
28169,The Toxic Avenger Part III: The Last Temptation of Toxie,1989,"Comedy, Horror, Science Fiction",tmdb_genre_Comedy
28170,The Gore Gore Girls,1972,"Comedy, Horror, Mystery",tmdb_genre_Comedy
28180,Color Me Blood Red,1965,"Comedy, Horror",tmdb_genre_Comedy
28340,The Invisible Maniac,1990,"Comedy, Horror, Science Fiction",tmdb_genre_Comedy
28346,Krocodylus,2000,"Comedy, Horror",tmdb_genre_Comedy
28349,The Dead Hate the Living!,2000,"Comedy, Horror",tmdb_genre_Comedy
28498,Theatre of Blood,1973,"Comedy, Drama, Horror",tmdb_genre_Comedy
28504,Spider Baby,1967,"Comedy, Horror",tmdb_genre_Comedy
28517,Devil Girl,2007,"Comedy, Horror",tmdb_genre_Comedy
28559,The Munsters' Scary Little Christmas,1996,"Comedy, Family, Horror, TV Movie",tmdb_genre_Comedy
28562,Denizen,2010,"Action, Adventure, Comedy, Horror",tmdb_genre_Comedy
28565,"Silent Night, Zombie Night",2009,"Action, Comedy, Horror, Romance",tmdb_genre_Comedy
28596,Silent But Deadly,2010,"Comedy, Horror",tmdb_genre_Comedy
28605,Ghoulies II,1987,"Comedy, Horror",tmdb_genre_Comedy
28643,Halloween... The Happy Haunting of America!,1997,"Comedy, Documentary, Horror",tmdb_genre_Comedy
28728,Sandy Hook Lingerie Party Massacre,2000,"Comedy, Horror",tmdb_genre_Comedy
28738,Frog-g-g!,2004,"Comedy, Horror, Science Fiction",tmdb_genre_Comedy
28762,Waxwork II: Lost in Time,1992,"Comedy, Fantasy, Horror",tmdb_genre_Comedy
28951,Tele-Zombie,2004,"Comedy, Horror",tmdb_genre_Comedy
28952,Demon Divas and the Lanes of Damnation,2009,"Comedy, Horror",tmdb_genre_Comedy
29050,Slaughter Studios,2002,"Comedy, Horror",tmdb_genre_Comedy
29056,The Raven,1963,"Comedy, Fantasy, Horror",tmdb_genre_Comedy
29074,Tales of Terror,1962,"Comedy, Horror, Mystery, Thriller",tmdb_genre_Comedy
29095,Waxwork,1988,"Comedy, Horror",tmdb_genre_Comedy
29114,Satan's Cheerleaders,1977,"Comedy, Horror",tmdb_genre_Comedy
29135,No Such Thing,2001,"Comedy, Drama, Fantasy, Horror",tmdb_genre_Comedy
29163,The Naked Monster,2005,"Comedy, Horror",tmdb_genre_Comedy
29384,The Horror of It All,1964,"Comedy, Horror",tmdb_genre_Comedy
29400,The Old Dark House,1963,"Comedy, Horror, Mystery",tmdb_genre_Comedy
29426,Survival of the Dead,2010,"Comedy, Horror, Thriller",tmdb_genre_Comedy
29430,Little Big Boy,2010,"Action, Adventure, Comedy, Horror",tmdb_genre_Comedy
29486,The Comedy of Terrors,1964,"Comedy, Horror",tmdb_genre_Comedy
29506,Teenage Exorcist,1991,"Comedy, Horror",tmdb_genre_Comedy
29542,Blood Dolls,1999,"Comedy, Horror",tmdb_genre_Comedy
29613,Caesar and Otto's Summer Camp Massacre,2009,"Comedy, Horror",tmdb_genre_Comedy
29634,Evil Spirits,1990,"Comedy, Horror",tmdb_genre_Comedy
29779,Bimbos B.C.,1990,"Comedy, Horror",tmdb_genre_Comedy
29806,Auntie Lee's Meat Pies,1992,"Comedy, Horror",tmdb_genre_Comedy
30002,The Munsters' Revenge,1981,"Comedy, Crime, Family, Horror, TV Movie",tmdb_genre_Comedy
30081,R.S.V.P.,2002,"Comedy, Horror",tmdb_genre_Comedy
30384,Zombies Anonymous: Last Rites of the Dead,2006,"Comedy, Horror",tmdb_genre_Comedy
30394,Death Plots,2005,"Comedy, Horror",tmdb_genre_Comedy
30395,Mulva 2: Kill Teen Ape!,2005,"Action, Adventure, Comedy, Horror",tmdb_genre_Comedy
30499,Legend Has It,2008,"Comedy, Horror",tmdb_genre_Comedy
30652,Out of the Dark,1988,"Comedy, Horror, Thriller",tmdb_genre_Comedy
30654,Ghoulies IV,1994,"Comedy, Horror, Science Fiction",tmdb_genre_Comedy
30729,Mari-Cookie and the Killer Tarantula,1998,"Comedy, Horror",tmdb_genre_Comedy
30754,Nightmare in Blood,1978,"Comedy, Horror",tmdb_genre_Comedy
30785,Evil Toons,1992,"Animation, Comedy, Horror",tmdb_genre_Comedy
30924,Motel Hell,1980,"Comedy, Horror",tmdb_genre_Comedy
30993,Flesh Eating Mothers,1988,"Comedy, Horror",tmdb_genre_Comedy
30995,I Was a Teenage Zombie,1987,"Comedy, Horror",tmdb_genre_Comedy
31003,Modern Vampires,1998,"Action, Comedy, Horror, Romance, Thriller",tmdb_genre_Comedy
31080,Netherbeast Incorporated,2007,"Comedy, Horror",tmdb_genre_Comedy
31245,Hobgoblins,1988,"Comedy, Horror, Science Fiction",tmdb_genre_Comedy
31260,Die Hard Dracula,1998,"Comedy, Horror",tmdb_genre_Comedy
31503,My Boyfriend's Back,1993,"Comedy, Horror, Romance",tmdb_genre_Comedy
31578,Body Bags,1993,"Comedy, Horror, Science Fiction, TV Movie",tmdb_genre_Comedy
31699,The Jackhammer Massacre,2004,"Comedy, Horror",tmdb_genre_Comedy
31728,Taintlight,2009,"Comedy, Horror",tmdb_genre_Comedy
32220,The Insatiable,2006,"Comedy, Horror, Romance",tmdb_genre_Comedy
32285,Cornered!,2008,"Comedy, Horror",tmdb_genre_Comedy
32527,SoulMaid,2007,"Comedy, Fantasy, Horror",tmdb_genre_Comedy
32685,Ernest Scared Stupid,1991,"Comedy, Family, Fantasy, Horror",tmdb_genre_Comedy
33156,Blood on the Highway,2008,"Comedy, Horror",tmdb_genre_Comedy
33275,Red Hook,2009,"Comedy, Drama, Horror, Thriller",tmdb_genre_Comedy
33374,Class Reunion,1982,"Comedy, Horror",tmdb_genre_Comedy
33475,Abbott and Costello Meet the Invisible Man,1951,"Comedy, Horror",tmdb_genre_Comedy
33789,Wasting Away,2007,"Comedy, Horror",tmdb_genre_Comedy
34023,Bloodsucking Freaks,1976,"Comedy, Horror",tmdb_genre_Comedy
34094,Hide and Creep,2004,"Comedy, Horror, Science Fiction",tmdb_genre_Comedy
34223,Vamp,1986,"Comedy, Horror",tmdb_genre_Comedy
34311,Sleepaway Camp II: Unhappy Campers,1988,"Comedy, Horror",tmdb_genre_Comedy
34312,Sleepaway Camp III: Teenage Wasteland,1989,"Comedy, Horror",tmdb_genre_Comedy
34740,The Backlot Murders,2002,"Comedy, Horror",tmdb_genre_Comedy
34792,Petey Wheatstraw,1977,"Action, Comedy, Fantasy, Horror",tmdb_genre_Comedy
35220,Terror at Blood Fart Lake,2009,"Comedy, Horror",tmdb_genre_Comedy
35564,The Midnight Hour,1985,"Comedy, Horror, TV Movie",tmdb_genre_Comedy
35626,Return to Sleepaway Camp,2008,"Comedy, Horror, Mystery",tmdb_genre_Comedy
35642,Dr. Caligari,1989,"Comedy, Fantasy, Horror, Science Fiction",tmdb_genre_Comedy
35759,My Super Psycho Sweet 16,2009,"Comedy, Drama, Horror, TV Movie",tmdb_genre_Comedy
36209,Zombie vs. Ninja,1988,"Action, Comedy, Horror",tmdb_genre_Comedy
36217,"Class of Nuke 'Em High 3: The Good, the Bad and the Subhumanoid",1994,"Action, Comedy, Horror, Science Fiction",tmdb_genre_Comedy
36220,Spaceship,1983,"Comedy, Horror",tmdb_genre_Comedy
36445,Back Woods,2001,"Comedy, Horror",tmdb_genre_Comedy
36628,Lo,2009,"Comedy, Horror, Romance",tmdb_genre_Comedy
36685,The Rocky Horror Picture Show,1975,"Comedy, Fantasy, Horror, Science Fiction",tmdb_genre_Comedy
36779,Killer Tomatoes Strike Back!,1991,"Action, Comedy, Horror, Science Fiction",tmdb_genre_Comedy
36896,Killer Tomatoes Eat France!,1992,"Comedy, Horror, Science Fiction",tmdb_genre_Comedy
36911,Shredder,2003,"Comedy, Horror",tmdb_genre_Comedy
36941,Scream Bloody Murder,2003,"Comedy, Horror",tmdb_genre_Comedy
37132,I Am Virgin,2010,"Comedy, Horror",tmdb_genre_Comedy
37190,Transylmania,2009,"Comedy, Horror",tmdb_genre_Comedy
37527,Dr. Giggles,1992,"Comedy, Horror, Mystery, Thriller",tmdb_genre_Comedy
37530,House II: The Second Story,1987,"Comedy, Fantasy, Horror",tmdb_genre_Comedy
37776,Dead Fury,2008,"Action, Adventure, Animation, Comedy, Horror",tmdb_genre_Comedy
37843,Blood Beach,1980,"Comedy, Horror, Science Fiction",tmdb_genre_Comedy
37947,Snakehead Terror,2004,"Comedy, Horror, Science Fiction",tmdb_genre_Comedy
38134,Vicious Lips,1987,"Comedy, Horror, Music, Science Fiction",tmdb_genre_Comedy
38404,Bela Lugosi Meets a Brooklyn Gorilla,1952,"Comedy, Horror, Science Fiction",tmdb_genre_Comedy
39131,Dark Rising,2007,"Action, Adventure, Comedy, Fantasy, Horror",tmdb_genre_Comedy
39164,House of the Long Shadows,1983,"Comedy, Horror, Mystery",tmdb_genre_Comedy
39341,Big Bad Wolf,2006,"Comedy, Horror",tmdb_genre_Comedy
39578,The Monster Club,1981,"Comedy, Horror",tmdb_genre_Comedy
39875,Popcorn,1991,"Comedy, Horror",tmdb_genre_Comedy
39895,From a Whisper to a Scream,1987,"Comedy, Horror",tmdb_genre_Comedy
39923,Evil Breed: The Legend of Samhain,2003,"Comedy, Horror",tmdb_genre_Comedy
40000,Mom,1991,"Comedy, Horror",tmdb_genre_Comedy
40062,The Stink of Flesh,2005,"Comedy, Horror",tmdb_genre_Comedy
40076,Bad Girls Dormitory,1986,"Action, Comedy, Drama, Horror, Thriller",tmdb_genre_Comedy
40087,Cheerleader Camp,1988,"Comedy, Horror, Thriller",tmdb_genre_Comedy
40221,The Borrower,1991,"Comedy, Horror, Science Fiction",tmdb_genre_Comedy
40233,The Landlord,2009,"Comedy, Horror",tmdb_genre_Comedy
40446,Sorority House Massacre II,1990,"Comedy, Horror, Thriller",tmdb_genre_Comedy
40729,Gate II,1990,"Comedy, Fantasy, Horror",tmdb_genre_Comedy
40770,Spirit Camp,2009,"Comedy, Horror",tmdb_genre_Comedy
40912,2001 Maniacs: Field of Screams,2010,"Comedy, Horror",tmdb_genre_Comedy
40983,Beware! The Blob,1972,"Comedy, Horror, Science Fiction",tmdb_genre_Comedy
41153,I Bought a Vampire Motorcycle,1990,"Comedy, Horror",tmdb_genre_Comedy
41255,Frankenhood,2009,"Comedy, Horror",tmdb_genre_Comedy
41275,Python,2000,"Comedy, Horror, Science Fiction",tmdb_genre_Comedy
41301,Nature of the Beast,2007,"Comedy, Horror, Romance, Thriller",tmdb_genre_Comedy
41396,Predator Island,2005,"Action, Comedy, Horror, Science Fiction",tmdb_genre_Comedy
41419,Mammoth,2006,"Action, Comedy, Horror, Science Fiction, TV Movie",tmdb_genre_Comedy
41568,Tales from the Crapper,2004,"Comedy, Horror, Science Fiction",tmdb_genre_Comedy
41759,Man's Best Friend,1993,"Comedy, Horror, Science Fiction, Thriller",tmdb_genre_Comedy
41775,There's Nothing Out There,1991,"Comedy, Horror, Science Fiction",tmdb_genre_Comedy
41790,Killer Nerd,1991,"Comedy, Horror",tmdb_genre_Comedy
41828,Prom Night III: The Last Kiss,1990,"Comedy, Horror, Thriller",tmdb_genre_Comedy
41870,Hey Happy,2001,"Comedy, Horror, Science Fiction",tmdb_genre_Comedy
42352,Bachelor Party in the Bungalow of the Damned,2008,"Comedy, Horror",tmdb_genre_Comedy
42465,Please Don't Eat My Mother!,1973,"Comedy, Horror",tmdb_genre_Comedy
42468,Tales That Witness Madness,1973,"Comedy, Horror, Science Fiction",tmdb_genre_Comedy
42912,Must Love Death,2009,"Comedy, Horror",tmdb_genre_Comedy
43085,Dead and Deader,2006,"Action, Comedy, Horror, Science Fiction",tmdb_genre_Comedy
43274,Tower of Terror,1997,"Comedy, Family, Horror, Thriller, TV Movie",tmdb_genre_Comedy
43309,The Gamma People,1956,"Comedy, Horror, Science Fiction",tmdb_genre_Comedy
43593,Piranha 3D,2010,"Comedy, Horror",tmdb_genre_Comedy
43919,Hatchet II,2010,"Comedy, Horror, Thriller",tmdb_genre_Comedy
43935,Dylan Dog: Dead of Night,2011,"Action, Comedy, Horror, Mystery, Science Fiction, Thriller",tmdb_genre_Comedy
44028,Suck,2009,"Comedy, Horror, Music",tmdb_genre_Comedy
44250,Cruel World,2005,"Comedy, Horror, Thriller",tmdb_genre_Comedy
44470,Ice Cream Man,1995,"Comedy, Horror",tmdb_genre_Comedy
44562,Ed and His Dead Mother,1993,"Comedy, Horror",tmdb_genre_Comedy
44687,The Lost Skeleton Returns Again,2010,"Comedy, Horror",tmdb_genre_Comedy
44909,Ghoulies III: Ghoulies Go to College,1991,"Comedy, Fantasy, Horror",tmdb_genre_Comedy
45097,Edison And Leo,2008,"Adventure, Animation, Comedy, Fantasy, Horror, Romance",tmdb_genre_Comedy
45359,Gravestoned,2009,"Comedy, Horror",tmdb_genre_Comedy
45795,Death Bed: The Bed That Eats,1977,"Comedy, Fantasy, Horror",tmdb_genre_Comedy
45878,Return to Horror High,1987,"Comedy, Horror",tmdb_genre_Comedy
45880,Saturday the 14th Strikes Back,1988,"Comedy, Fantasy, Horror",tmdb_genre_Comedy
46020,Sharktopus,2010,"Action, Comedy, Horror, Science Fiction, Thriller, TV Movie",tmdb_genre_Comedy
46168,Zombies Gone Wild,2007,"Comedy, Horror",tmdb_genre_Comedy
46302,Drive Thru,2007,"Comedy, Horror, Thriller",tmdb_genre_Comedy
46333,Pervert!,2005,"Comedy, Horror",tmdb_genre_Comedy
46537,Dark and Stormy Night,2009,"Comedy, Horror, Mystery, Thriller",tmdb_genre_Comedy
46812,Lost Boys: The Thirst,2010,"Action, Adventure, Comedy, Horror",tmdb_genre_Comedy
46838,Tucker and Dale vs. Evil,2010,"Comedy, Horror",tmdb_genre_Comedy
47122,Flaming Creatures,1963,"Comedy, Fantasy, Horror",tmdb_genre_Comedy
47205,La cage aux zombies,1995,"Comedy, Horror",tmdb_genre_Comedy
47631,Bride of Boogedy,1987,"Comedy, Family, Horror, TV Movie",tmdb_genre_Comedy
48202,Creature from the Haunted Sea,1961,"Comedy, Horror",tmdb_genre_Comedy
48302,Bad Channels,1992,"Comedy, Horror, Music, Science Fiction",tmdb_genre_Comedy
48314,Scarecrow,2002,"Comedy, Horror",tmdb_genre_Comedy
48359,Slash,2002,"Comedy, Horror, Thriller",tmdb_genre_Comedy
48463,Incident at Loch Ness,2004,"Adventure, Comedy, Horror",tmdb_genre_Comedy
48789,Psychos in Love,1987,"Comedy, Horror",tmdb_genre_Comedy
48885,The Gruesome Twosome,1967,"Comedy, Horror",tmdb_genre_Comedy
48950,It Came from Somewhere Else,1988,"Action, Comedy, Horror, Science Fiction",tmdb_genre_Comedy
49541,Die-ner (Get It?),2009,"Comedy, Horror",tmdb_genre_Comedy
49728,Office Killer,1997,"Comedy, Horror, Thriller",tmdb_genre_Comedy
50142,Mutant Vampire Zombies from the 'Hood!,2010,"Comedy, Horror",tmdb_genre_Comedy
50204,Burke & Hare,2010,"Comedy, History, Horror, Thriller",tmdb_genre_Comedy
50409,What a Carve Up!,1961,"Comedy, Horror, Mystery, Thriller",tmdb_genre_Comedy
50719,"Silent Night, Deadly Night Part 2",1987,"Comedy, Horror",tmdb_genre_Comedy
51068,Ghost Game,2005,"Comedy, Horror",tmdb_genre_Comedy
51122,Make-Out with Violence,2008,"Comedy, Fantasy, Horror, Romance",tmdb_genre_Comedy
51428,Ghost Writer,2007,"Comedy, Horror",tmdb_genre_Comedy
51510,Biker Zombies,2001,"Comedy, Horror",tmdb_genre_Comedy
51521,My Demon Lover,1987,"Comedy, Fantasy, Horror, Romance",tmdb_genre_Comedy
52199,Invasion of the Saucer-Men,1957,"Comedy, Horror, Science Fiction",tmdb_genre_Comedy
52528,Bloodbath at the House of Death,1984,"Comedy, Horror",tmdb_genre_Comedy
52660,Cast a Deadly Spell,1991,"Comedy, Fantasy, Horror, Mystery, TV Movie",tmdb_genre_Comedy
53050,Ghost of Dragstrip Hollow,1959,"Comedy, Horror",tmdb_genre_Comedy
53150,C.H.U.D. II: Bud the Chud,1989,"Comedy, Horror, Science Fiction",tmdb_genre_Comedy
53237,The Last Lovecraft: Relic of Cthulhu,2009,"Adventure, Comedy, Horror",tmdb_genre_Comedy
53246,Hideous!,1997,"Comedy, Horror",tmdb_genre_Comedy
53891,Cheerleader Autopsy,2003,"Comedy, Horror",tmdb_genre_Comedy
53999,My Super Psycho Sweet 16: Part 2,2010,"Comedy, Horror, TV Movie",tmdb_genre_Comedy
54123,Schlock,1973,"Comedy, Horror, Science Fiction",tmdb_genre_Comedy
54398,Strigoi,2009,"Comedy, Drama, Fantasy, Horror",tmdb_genre_Comedy
54522,The Devil's Music,2008,"Comedy, Crime, Documentary, Horror",tmdb_genre_Comedy
54604,Faces of Schlock,2009,"Comedy, Horror",tmdb_genre_Comedy
54962,Motor Home Massacre,2005,"Comedy, Horror",tmdb_genre_Comedy
55076,"So, You've Downloaded a Demon",2007,"Comedy, Horror",tmdb_genre_Comedy
55082,Nightmare Alley,2010,"Comedy, Horror",tmdb_genre_Comedy
55328,When Good Ghouls Go Bad,2001,"Comedy, Family, Fantasy, Horror, Science Fiction, TV Movie",tmdb_genre_Comedy
55539,Zombie High,1987,"Comedy, Horror",tmdb_genre_Comedy
55563,Tammy and the T-Rex,1994,"Comedy, Horror, Science Fiction",tmdb_genre_Comedy
55681,The Halfway House,2004,"Comedy, Horror",tmdb_genre_Comedy
55690,Future-Kill,1985,"Action, Adventure, Comedy, Horror, Science Fiction, Thriller",tmdb_genre_Comedy
55937,"Monsters, Marriage and Murder in Manchvegas",2009,"Adventure, Comedy, Horror",tmdb_genre_Comedy
55948,I Was a Zombie for the F.B.I.,1982,"Comedy, Horror, Science Fiction",tmdb_genre_Comedy
56145,Geek Maggot Bingo or The Freak from Suckweasel Mountain,1983,"Comedy, Fantasy, Horror",tmdb_genre_Comedy
56554,Stag Night of the Dead,2010,"Comedy, Horror",tmdb_genre_Comedy
56702,The Undertaker and His Pals,1966,"Comedy, Horror",tmdb_genre_Comedy
56915,Blown,2005,"Comedy, Horror, Romance",tmdb_genre_Comedy
57196,Bug Buster,1998,"Comedy, Horror",tmdb_genre_Comedy
57221,Blood & Donuts,1995,"Comedy, Horror",tmdb_genre_Comedy
57901,The Last Horror Film,1982,"Comedy, Horror",tmdb_genre_Comedy
57942,Cinco,2010,"Comedy, Drama, Horror, Thriller",tmdb_genre_Comedy
58096,Killer Pad,2008,"Comedy, Horror",tmdb_genre_Comedy
58151,Fright Night,2011,"Comedy, Horror",tmdb_genre_Comedy
58411,Cannibal Girls,1973,"Comedy, Horror",tmdb_genre_Comedy
58431,Pride and Prejudice and Zombies,2016,"Comedy, Horror, Romance, Thriller",tmdb_genre_Comedy
58469,Now Eat,2000,"Comedy, Horror, Mystery",tmdb_genre_Comedy
58520,Live Freaky! Die Freaky!,2006,"Animation, Comedy, Horror, Music, Science Fiction",tmdb_genre_Comedy
58809,Death by Engagement,2005,"Comedy, Horror",tmdb_genre_Comedy
58951,Vampire Vixens from Venus,1995,"Comedy, Horror, Science Fiction",tmdb_genre_Comedy
58952,Vampire Vixens,2003,"Comedy, Fantasy, Horror",tmdb_genre_Comedy
58992,Retardead,2008,"Comedy, Horror",tmdb_genre_Comedy
59270,Mother Riley Meets the Vampire,1952,"Comedy, Horror",tmdb_genre_Comedy
59574,Zombie Driftwood,2010,"Comedy, Horror",tmdb_genre_Comedy
59798,Girlfriend from Hell,1989,"Comedy, Horror",tmdb_genre_Comedy
60085,Final Flesh,2009,"Comedy, Horror, Science Fiction",tmdb_genre_Comedy
60095,Burke & Hare,1972,"Comedy, History, Horror",tmdb_genre_Comedy
60366,ThanksKilling,2008,"Comedy, Horror",tmdb_genre_Comedy
60410,Remote Control,1988,"Comedy, Horror, Science Fiction",tmdb_genre_Comedy
60817,Ghost in a Teeny Bikini,2006,"Comedy, Horror",tmdb_genre_Comedy
60819,Pelt,2011,"Comedy, Horror",tmdb_genre_Comedy
61197,Space Zombie Bingo!!!,1993,"Comedy, Horror, Science Fiction",tmdb_genre_Comedy
61239,Isle of the Damned,2008,"Comedy, Horror",tmdb_genre_Comedy
61885,Horrid,2009,"Action, Comedy, Horror",tmdb_genre_Comedy
61909,Head of the Family,1996,"Comedy, Horror",tmdb_genre_Comedy
62108,"Mumsy, Nanny, Sonny & Girly",1970,"Comedy, Crime, Horror",tmdb_genre_Comedy
62132,Blood Diner,1987,"Comedy, Horror",tmdb_genre_Comedy
62761,The Cars That Ate Paris,1974,"Comedy, Horror, Mystery, Thriller",tmdb_genre_Comedy
63188,Soulkeeper,2001,"Action, Comedy, Fantasy, Horror, Science Fiction",tmdb_genre_Comedy
63350,Father's Day,2011,"Action, Comedy, Horror",tmdb_genre_Comedy
64921,The Killer Eye,1999,"Comedy, Horror, Science Fiction",tmdb_genre_Comedy
65020,The Taint,2011,"Action, Comedy, Horror",tmdb_genre_Comedy
65416,An American Vampire Story,1997,"Comedy, Horror",tmdb_genre_Comedy
66194,Deadtime Stories,1986,"Comedy, Horror",tmdb_genre_Comedy
66489,Bad,1977,"Comedy, Crime, Horror",tmdb_genre_Comedy
66608,Blubberella,2011,"Action, Comedy, Horror",tmdb_genre_Comedy
66794,Bite Marks,2011,"Comedy, Horror",tmdb_genre_Comedy
66925,Stripperland,2011,"Comedy, Horror",tmdb_genre_Comedy
67515,Luther the Geek,1989,"Comedy, Horror",tmdb_genre_Comedy
67655,Bloodlust Zombies,2011,"Comedy, Horror, Thriller",tmdb_genre_Comedy
67691,The Dark Power,1985,"Comedy, Fantasy, Horror",tmdb_genre_Comedy
67729,Doom Asylum,1988,"Comedy, Horror",tmdb_genre_Comedy
67955,Teenage Catgirls In Heat,1993,"Comedy, Horror",tmdb_genre_Comedy
67988,Curse of the Wolf,2006,"Action, Comedy, Horror",tmdb_genre_Comedy
68164,Witch Academy,1995,"Comedy, Horror",tmdb_genre_Comedy
68485,The Legend of the Psychotic Forest Ranger,2011,"Comedy, Horror",tmdb_genre_Comedy
68684,Detention,2011,"Comedy, Horror, Science Fiction",tmdb_genre_Comedy
69277,Demon Hunters: Dead Camper Lake,2001,"Comedy, Horror",tmdb_genre_Comedy
69852,Woodchipper Massacre,1988,"Comedy, Horror",tmdb_genre_Comedy
69939,Body Parts,1992,"Comedy, Horror, Thriller",tmdb_genre_Comedy
70112,Dahmer vs. Gacy,2010,"Comedy, Horror",tmdb_genre_Comedy
70448,All About Evil,2010,"Comedy, Horror",tmdb_genre_Comedy
70820,Lucky,2002,"Comedy, Fantasy, Horror",tmdb_genre_Comedy
70856,Beverly Hills Vamp,1989,"Comedy, Horror",tmdb_genre_Comedy
71048,Pledge Night,1990,"Comedy, Horror",tmdb_genre_Comedy
71668,Piranha 3DD,2012,"Comedy, Horror, Thriller",tmdb_genre_Comedy
71925,Tequila Body Shots,1999,"Comedy, Horror, Thriller",tmdb_genre_Comedy
72039,Attack of the Virgin Mummies,2004,"Comedy, Horror",tmdb_genre_Comedy
72071,Pep Squad,1998,"Comedy, Crime, Horror",tmdb_genre_Comedy
73303,The Creeps,1997,"Comedy, Horror, Science Fiction",tmdb_genre_Comedy
73460,Earth Day,2009,"Comedy, Horror",tmdb_genre_Comedy
73626,Hysterical,1983,"Comedy, Family, Fantasy, Horror",tmdb_genre_Comedy
73820,Flexing with Monty,2010,"Comedy, Drama, Horror",tmdb_genre_Comedy
73933,Monster Brawl,2011,"Comedy, Horror",tmdb_genre_Comedy
73935,Vamps,2012,"Comedy, Horror, Romance",tmdb_genre_Comedy
74016,Someone's Knocking at the Door,2009,"Comedy, Horror",tmdb_genre_Comedy
74035,Ninjas vs. Zombies,2008,"Action, Comedy, Horror",tmdb_genre_Comedy
74072,"Simon, King of the Witches",1971,"Comedy, Drama, Horror",tmdb_genre_Comedy
74225,Killer Party,1986,"Comedy, Horror",tmdb_genre_Comedy
74461,Knights of Badassdom,2013,"Adventure, Comedy, Fantasy, Horror",tmdb_genre_Comedy
74864,Watch Out,2008,"Comedy, Drama, Horror",tmdb_genre_Comedy
74943,Evil Bong 3: The Wrath of Bong,2011,"Comedy, Horror, Science Fiction",tmdb_genre_Comedy
75013,Ninjas vs. Vampires,2010,"Action, Comedy, Horror, Thriller",tmdb_genre_Comedy
75038,Holla,2006,"Comedy, Horror",tmdb_genre_Comedy
75101,Red Victoria,2008,"Comedy, Horror",tmdb_genre_Comedy
75419,Fangs,2002,"Comedy, Horror, Science Fiction",tmdb_genre_Comedy
75761,John Dies at the End,2013,"Comedy, Horror",tmdb_genre_Comedy
76164,Bong of the Dead,2011,"Action, Comedy, Horror",tmdb_genre_Comedy
76176,Da Hip Hop Witch,2000,"Action, Adventure, Comedy, Horror",tmdb_genre_Comedy
76212,Under Wraps,1997,"Comedy, Family, Horror, TV Movie",tmdb_genre_Comedy
76516,Meet the Applegates,1990,"Comedy, Fantasy, Horror",tmdb_genre_Comedy
76681,Wacko,1982,"Comedy, Horror",tmdb_genre_Comedy
76732,Abnormal Activity,2010,"Comedy, Horror, Mystery, Thriller",tmdb_genre_Comedy
77067,DeadHeads,2011,"Adventure, Comedy, Horror",tmdb_genre_Comedy
77155,Alien Beach Party Massacre,1996,"Comedy, Horror, Science Fiction",tmdb_genre_Comedy
77824,Rockula,1990,"Comedy, Horror, Music, Romance",tmdb_genre_Comedy
79225,I Am Bish,2009,"Action, Comedy, Horror",tmdb_genre_Comedy
79771,Chillerama,2011,"Comedy, Horror",tmdb_genre_Comedy
79828,Meat Market,2000,"Action, Comedy, Horror",tmdb_genre_Comedy
79896,The Revenant,2009,"Comedy, Horror",tmdb_genre_Comedy
79975,Shrunken Heads,1994,"Comedy, Horror, Thriller",tmdb_genre_Comedy
80468,Some Guy Who Kills People,2011,"Comedy, Horror, Thriller",tmdb_genre_Comedy
82407,Bloodsuckers from Outer Space,1984,"Comedy, Horror, Science Fiction",tmdb_genre_Comedy
82466,Chop,2011,"Comedy, Horror, Thriller",tmdb_genre_Comedy
82654,Warm Bodies,2013,"Comedy, Horror, Romance",tmdb_genre_Comedy
82743,Inbred,2011,"Comedy, Horror",tmdb_genre_Comedy
83282,Screamplay,1985,"Comedy, Crime, Horror",tmdb_genre_Comedy
83414,The Granny,1995,"Comedy, Horror",tmdb_genre_Comedy
83416,Kamillions,1989,"Comedy, Horror, Romance, Science Fiction",tmdb_genre_Comedy
83433,The Uh-oh Show,2009,"Comedy, Horror",tmdb_genre_Comedy
83613,Hellgate,1989,"Comedy, Horror",tmdb_genre_Comedy
83896,Sand Sharks,2011,"Comedy, Horror, Science Fiction",tmdb_genre_Comedy
84103,Science Crazed,1989,"Comedy, Horror",tmdb_genre_Comedy
84108,Alabama's Ghost,1973,"Comedy, Horror",tmdb_genre_Comedy
84181,Doctor Spine,2011,"Comedy, Horror",tmdb_genre_Comedy
84204,Grabbers,2012,"Comedy, Horror, Mystery, Science Fiction, Thriller",tmdb_genre_Comedy
84391,My Sucky Teen Romance,2011,"Comedy, Horror, Romance",tmdb_genre_Comedy
84521,Kill Keith,2011,"Comedy, Horror",tmdb_genre_Comedy
84590,Banned,1989,"Comedy, Fantasy, Horror, Music",tmdb_genre_Comedy
84784,Pandemonium,1982,"Comedy, Horror, Mystery",tmdb_genre_Comedy
84960,Thunder Kids 3: Hunt for the Devil Boxer,1989,"Action, Comedy, Fantasy, Horror",tmdb_genre_Comedy
84987,Skullduggery,1983,"Comedy, Horror",tmdb_genre_Comedy
84992,Blood Theatre,1984,"Comedy, Horror",tmdb_genre_Comedy
85172,Cemetery High,1989,"Comedy, Horror",tmdb_genre_Comedy
85182,Terror on Tour,1980,"Comedy, Crime, Horror, Music",tmdb_genre_Comedy
85198,Frightmare,1981,"Comedy, Horror",tmdb_genre_Comedy
85241,The Headless Ghost,1959,"Comedy, Fantasy, Horror",tmdb_genre_Comedy
85563,Barely Legal Lesbian Vampires,2000,"Comedy, Fantasy, Horror",tmdb_genre_Comedy
85683,Psycho Girls,1985,"Comedy, Horror",tmdb_genre_Comedy
85707,Virginia Creepers: The Horror Host Tradition of the Old Dominion,2009,"Comedy, Documentary, Horror",tmdb_genre_Comedy
85867,The Legend of Gator Face,1996,"Adventure, Comedy, Family, Horror",tmdb_genre_Comedy
86101,The Sleeper,2012,"Comedy, Horror, Thriller",tmdb_genre_Comedy
86182,The Cat and the Canary,1978,"Comedy, Horror, Mystery, Thriller",tmdb_genre_Comedy
86214,Vampira,1974,"Comedy, Horror",tmdb_genre_Comedy
86330,Bates Motel,1987,"Comedy, Drama, Horror, TV Movie",tmdb_genre_Comedy
86343,The Ghost in the Invisible Bikini,1966,"Comedy, Horror",tmdb_genre_Comedy
86492,Winterbeast,1992,"Comedy, Horror",tmdb_genre_Comedy
86679,The Jitters,1989,"Action, Comedy, Horror",tmdb_genre_Comedy
86687,Severed Ties,1992,"Comedy, Horror",tmdb_genre_Comedy
87302,Alien Space Avenger,1989,"Comedy, Horror, Science Fiction",tmdb_genre_Comedy
87341,The Further Adventures of Tennessee Buck,1988,"Action, Adventure, Comedy, Horror",tmdb_genre_Comedy
87395,Love at Stake,1987,"Comedy, Fantasy, Horror",tmdb_genre_Comedy
87680,Monstro!,2010,"Action, Comedy, Horror",tmdb_genre_Comedy
87699,Blood Salvage,1990,"Comedy, Horror",tmdb_genre_Comedy
87716,The Monster of Phantom Lake,2006,"Comedy, Horror",tmdb_genre_Comedy
87852,Microwave Massacre,1983,"Comedy, Horror",tmdb_genre_Comedy
87867,Terror Tract,2001,"Comedy, Horror, Thriller",tmdb_genre_Comedy
87897,Homebodies,1974,"Comedy, Horror",tmdb_genre_Comedy
88006,Graveyard Alive: A Zombie Nurse in Love,2003,"Comedy, Horror",tmdb_genre_Comedy
88225,American Scream King,2012,"Comedy, Horror",tmdb_genre_Comedy
88296,The Pink Chiquitas,1987,"Comedy, Horror, Science Fiction",tmdb_genre_Comedy
88353,Surgikill,1989,"Comedy, Horror",tmdb_genre_Comedy
88364,Canvas of Blood,1997,"Comedy, Horror",tmdb_genre_Comedy
88404,Freaky Farley,2007,"Comedy, Horror",tmdb_genre_Comedy
88414,The Janitor,2003,"Comedy, Horror",tmdb_genre_Comedy
88567,Zombie Dearest,2009,"Comedy, Horror",tmdb_genre_Comedy
88678,Francis in the Haunted House,1956,"Comedy, Family, Fantasy, Horror",tmdb_genre_Comedy
88905,Monster Island,2004,"Adventure, Comedy, Horror, TV Movie",tmdb_genre_Comedy
89403,Dear God No!,2011,"Comedy, Horror",tmdb_genre_Comedy
89659,Criminally Insane,1975,"Comedy, Horror",tmdb_genre_Comedy
89725,The Bowery Boys Meet the Monsters,1954,"Comedy, Horror, Science Fiction",tmdb_genre_Comedy
89962,Frankenpimp,2009,"Comedy, Horror",tmdb_genre_Comedy
90099,"Gore-met, Zombie Chef from Hell",1986,"Comedy, Crime, Horror",tmdb_genre_Comedy
90118,A Little Bit Zombie,2012,"Comedy, Horror, Science Fiction",tmdb_genre_Comedy
90232,Humans vs Zombies,2011,"Comedy, Horror, Science Fiction, Thriller",tmdb_genre_Comedy
90360,Dracula (The Dirty Old Man),1969,"Comedy, Horror",tmdb_genre_Comedy
90736,Invasion Earth: The Aliens Are Here,1988,"Comedy, Horror, Science Fiction",tmdb_genre_Comedy
90888,Monster High,1989,"Comedy, Horror, Science Fiction",tmdb_genre_Comedy
90982,Twisted Issues,1988,"Comedy, Horror",tmdb_genre_Comedy
91006,The Bare Wench Project 2: Scared Topless,2001,"Comedy, Horror",tmdb_genre_Comedy
91110,Death Wish Club,1984,"Comedy, Crime, Horror, Romance, Thriller",tmdb_genre_Comedy
91228,Dirty Cop No Donut,1999,"Comedy, Crime, Horror",tmdb_genre_Comedy
91405,Hantu Dalam Botol Kicap,2012,"Comedy, Horror",tmdb_genre_Comedy
91431,Fraternity Massacre at Hell Island,2007,"Comedy, Horror",tmdb_genre_Comedy
91688,Fright Show,1985,"Comedy, Horror, Science Fiction",tmdb_genre_Comedy
92208,Mom's Got a Date with a Vampire,2000,"Comedy, Family, Fantasy, Horror, TV Movie",tmdb_genre_Comedy
92317,Vampire Dentist,2006,"Comedy, Horror",tmdb_genre_Comedy
92700,Night of the Dribbler,1990,"Comedy, Horror",tmdb_genre_Comedy
92716,The Maltese Bippy,1969,"Comedy, Horror, Mystery",tmdb_genre_Comedy
92755,Shock! Shock! Shock!,1987,"Comedy, Horror, Science Fiction, Thriller",tmdb_genre_Comedy
92787,Transylvania Twist,1989,"Comedy, Fantasy, Horror",tmdb_genre_Comedy
93030,Eldorado,2012,"Comedy, Horror, Western",tmdb_genre_Comedy
93451,Creatures from the Pink Lagoon,2006,"Comedy, Horror",tmdb_genre_Comedy
93867,Dr. Heckyl and Mr. Hype,1980,"Comedy, Fantasy, Horror",tmdb_genre_Comedy
94282,Demented Death Farm Massacre,1971,"Comedy, Horror, Thriller",tmdb_genre_Comedy
94583,The Gay Bed and Breakfast of Terror,2007,"Comedy, Horror",tmdb_genre_Comedy
94603,Strippers vs. Werewolves,2012,"Action, Comedy, Crime, Fantasy, Horror",tmdb_genre_Comedy
94769,Romeo & Juliet vs. The Living Dead,2009,"Comedy, Horror, Romance",tmdb_genre_Comedy
95567,The Monster of Camp Sunshine or How I Learned to Stop Worrying and Love Nature,1964,"Comedy, Horror",tmdb_genre_Comedy
95820,Love Bites,1993,"Comedy, Horror, Romance",tmdb_genre_Comedy
97183,Blood Junkie,2010,"Adventure, Comedy, Horror",tmdb_genre_Comedy
97220,Swamphead,2011,"Comedy, Horror",tmdb_genre_Comedy
97622,Camp Daze,2005,"Comedy, Horror",tmdb_genre_Comedy
97722,Cockhammer,2009,"Comedy, Horror",tmdb_genre_Comedy
97814,Skinned Deep,2004,"Comedy, Horror",tmdb_genre_Comedy
98175,Teenage Space Vampires,1999,"Comedy, Horror, Science Fiction",tmdb_genre_Comedy
98209,Nudist Colony of the Dead,1991,"Comedy, Horror, Music",tmdb_genre_Comedy
98308,Teen Vamp,1988,"Comedy, Horror",tmdb_genre_Comedy
98360,Cleavagefield,2009,"Comedy, Horror",tmdb_genre_Comedy
98862,Sorority Babes in the Dance-A-Thon of Death,1991,"Comedy, Horror, Science Fiction",tmdb_genre_Comedy
98887,Sex and the Single Vampire,1970,"Comedy, Horror",tmdb_genre_Comedy
99008,Hillbillys in a Haunted House,1967,"Comedy, Horror, Music",tmdb_genre_Comedy
99104,Bloodletting,1997,"Comedy, Horror",tmdb_genre_Comedy
99263,Schizophreniac: The Whore Mangler,1997,"Comedy, Drama, Horror",tmdb_genre_Comedy
99424,Blood Hook,1987,"Comedy, Horror",tmdb_genre_Comedy
99942,Porn Star Zombies,2009,"Comedy, Horror",tmdb_genre_Comedy
100034,The Worst Horror Movie Ever Made,2005,"Comedy, Horror",tmdb_genre_Comedy
100051,Graverobbers,1988,"Comedy, Horror",tmdb_genre_Comedy
100272,Harold's Going Stiff,2011,"Comedy, Drama, Horror",tmdb_genre_Comedy
100275,Eddie: The Sleepwalking Cannibal,2012,"Comedy, Horror",tmdb_genre_Comedy
100457,Scathed,1995,"Comedy, Horror, Mystery",tmdb_genre_Comedy
100516,Kill,2011,"Comedy, Horror, Thriller",tmdb_genre_Comedy
100782,The Scorned,2005,"Comedy, Horror, Thriller",tmdb_genre_Comedy
101054,Eat and Run,1987,"Comedy, Horror, Science Fiction",tmdb_genre_Comedy
101519,A Fantastic Fear of Everything,2012,"Comedy, Horror, Thriller",tmdb_genre_Comedy
101898,The She Beast,1966,"Comedy, Horror, Thriller",tmdb_genre_Comedy
102420,A Cadaver Christmas,2011,"Comedy, Horror",tmdb_genre_Comedy
102765,That Little Monster,1994,"Comedy, Horror, Science Fiction",tmdb_genre_Comedy
103217,Midnight Movie Massacre,1988,"Comedy, Horror, Mystery, Science Fiction",tmdb_genre_Comedy
104112,Grave Mistake,2008,"Comedy, Horror",tmdb_genre_Comedy
104205,Funny Man,1994,"Comedy, Horror",tmdb_genre_Comedy
104760,Hack Job,2011,"Comedy, Horror, Thriller",tmdb_genre_Comedy
105543,Hollywood Mortuary,1998,"Comedy, Horror",tmdb_genre_Comedy
105968,Untitled,2011,"Comedy, Drama, Horror",tmdb_genre_Comedy
107430,Full Moon High,1981,"Comedy, Fantasy, Horror",tmdb_genre_Comedy
107596,Halloween with the Addams Family,1977,"Comedy, Horror, TV Movie",tmdb_genre_Comedy
107918,Sherlock Holmes and the Baskerville Curse,1983,"Action, Animation, Comedy, Drama, Horror, Mystery, Thriller",tmdb_genre_Comedy
108147,Rise of the Animals,2012,"Adventure, Comedy, Horror",tmdb_genre_Comedy
108435,Zombie Hamlet,2012,"Comedy, Horror",tmdb_genre_Comedy
108541,Cowboy Killer,2008,"Comedy, Horror",tmdb_genre_Comedy
108743,Terror at Red Wolf Inn,1972,"Comedy, Horror",tmdb_genre_Comedy
108792,Parts of the Family,2003,"Comedy, Horror",tmdb_genre_Comedy
108878,Unmasked Part 25,1989,"Comedy, Horror, Romance",tmdb_genre_Comedy
108993,Detention,2010,"Action, Comedy, Horror, Thriller",tmdb_genre_Comedy
109218,The Monster Hunter,1999,"Comedy, Horror",tmdb_genre_Comedy
109563,Mega Scorpions,2003,"Action, Comedy, Horror, Science Fiction",tmdb_genre_Comedy
110588,Gingerdead Man 3: Saturday Night Cleaver,2011,"Comedy, Horror, Science Fiction",tmdb_genre_Comedy
111753,Drawing Blood,1999,"Comedy, Horror",tmdb_genre_Comedy
111878,Shadow Zone: My Teacher Ate My Homework,1997,"Comedy, Horror",tmdb_genre_Comedy
112529,Monstrosity,1987,"Comedy, Horror, Science Fiction",tmdb_genre_Comedy
112666,Love God,1997,"Comedy, Horror",tmdb_genre_Comedy
113340,Escapes,1986,"Action, Comedy, Horror, Thriller, TV Movie",tmdb_genre_Comedy
113344,The American Scream,1988,"Comedy, Horror",tmdb_genre_Comedy
113451,A Polish Vampire in Burbank,1983,"Comedy, Horror",tmdb_genre_Comedy
113625,Dorm of the Dead,2012,"Action, Comedy, Horror",tmdb_genre_Comedy
113984,Lizard Boy,2011,"Action, Comedy, Horror, Science Fiction",tmdb_genre_Comedy
114003,Jersey Shore Shark Attack,2012,"Action, Comedy, Drama, Horror, Science Fiction, TV Movie",tmdb_genre_Comedy
114126,Phantom of the Ritz,1988,"Comedy, Horror",tmdb_genre_Comedy
114169,Quest for the Egg Salad,2002,"Action, Comedy, Fantasy, Horror",tmdb_genre_Comedy
114178,Sea of Dust,2008,"Comedy, Fantasy, Horror",tmdb_genre_Comedy
114606,Cockneys vs Zombies,2012,"Comedy, Horror",tmdb_genre_Comedy
115084,Piranhaconda,2012,"Comedy, Horror, Science Fiction",tmdb_genre_Comedy
115282,Shower of Blood,2004,"Comedy, Horror",tmdb_genre_Comedy
116407,The Wacky World of Dr. Morgus,1962,"Comedy, Horror, Science Fiction",tmdb_genre_Comedy
117216,Terror Eyes,1989,"Comedy, Horror",tmdb_genre_Comedy
117546,Trippin',2011,"Comedy, Horror, Romance",tmdb_genre_Comedy
117942,Girls Gone Dead,2012,"Comedy, Horror",tmdb_genre_Comedy
117974,Sightseers,2012,"Adventure, Comedy, Crime, Horror, Romance",tmdb_genre_Comedy
118305,Fetish Dolls Die Laughing,2012,"Comedy, Fantasy, Horror",tmdb_genre_Comedy
118621,Portrait of a Zombie,2012,"Comedy, Horror",tmdb_genre_Comedy
118866,Blood Relations,1977,"Comedy, Horror",tmdb_genre_Comedy
119159,Sexbomb,1989,"Comedy, Horror",tmdb_genre_Comedy
119169,Mama Dracula,1980,"Comedy, Horror, Thriller",tmdb_genre_Comedy
119363,The Single Girls,1974,"Comedy, Drama, Horror",tmdb_genre_Comedy
119517,Zombies vs. Strippers,2012,"Comedy, Horror",tmdb_genre_Comedy
119586,Vampire Hookers,1978,"Comedy, Horror",tmdb_genre_Comedy
119884,Arnold,1973,"Comedy, Horror, Mystery, Thriller",tmdb_genre_Comedy
120211,Devil in My Ride,2013,"Comedy, Horror",tmdb_genre_Comedy
120771,Bloody Bloody Bible Camp,2012,"Comedy, Horror",tmdb_genre_Comedy
121390,Blades,1989,"Comedy, Horror",tmdb_genre_Comedy
121567,Mon Ami,2012,"Comedy, Horror",tmdb_genre_Comedy
121997,Dust,2001,"Comedy, Horror, Thriller",tmdb_genre_Comedy
122329,Skull & Bones,2007,"Comedy, Horror",tmdb_genre_Comedy
123107,Hellbenders,2013,"Comedy, Horror, Thriller",tmdb_genre_Comedy
123180,Big Junior,2010,"Comedy, Horror",tmdb_genre_Comedy
125540,The Refrigerator,1991,"Comedy, Fantasy, Horror",tmdb_genre_Comedy
125558,Among Friends,2012,"Comedy, Horror",tmdb_genre_Comedy
125659,Disgusting Spaceworms Eat Everyone!!,1989,"Comedy, Horror, Science Fiction",tmdb_genre_Comedy
126075,CreepTales,1989,"Comedy, Fantasy, Horror",tmdb_genre_Comedy
126107,New Guy,2003,"Comedy, Fantasy, Horror",tmdb_genre_Comedy
126170,Director's Cut,2003,"Comedy, Horror",tmdb_genre_Comedy
126491,The Legend of McCullough's Mountain,1975,"Comedy, Horror",tmdb_genre_Comedy
126757,100 Bloody Acres,2012,"Comedy, Horror",tmdb_genre_Comedy
126793,The Nostril Picker,1988,"Comedy, Horror",tmdb_genre_Comedy
128115,The Birthday,2004,"Comedy, Horror, Mystery",tmdb_genre_Comedy
129385,Gingerclown,2013,"Comedy, Horror",tmdb_genre_Comedy
130165,President's Day,2010,"Comedy, Horror, Thriller",tmdb_genre_Comedy
130942,Caesar and Otto's Deadly Xmas,2012,"Comedy, Horror",tmdb_genre_Comedy
131578,World of the Depraved,1967,"Comedy, Crime, Horror, Mystery",tmdb_genre_Comedy
131847,Stepmonster,1993,"Comedy, Horror",tmdb_genre_Comedy
131995,The Necro Files,1997,"Comedy, Horror",tmdb_genre_Comedy
132240,Seram Sejuk,2012,"Comedy, Horror",tmdb_genre_Comedy
132587,The Occultist,1988,"Action, Comedy, Horror, Science Fiction",tmdb_genre_Comedy
133319,Lucky Stiff,1988,"Comedy, Horror",tmdb_genre_Comedy
133463,Redd Inc.,2012,"Comedy, Horror, Thriller",tmdb_genre_Comedy
134570,Dead Men Don't Die,1990,"Comedy, Crime, Horror",tmdb_genre_Comedy
135480,Office of the Dead,2009,"Comedy, Horror",tmdb_genre_Comedy
135579,Dead Before Dawn,2012,"Adventure, Comedy, Horror",tmdb_genre_Comedy
136269,Incest Death Squad 2,2010,"Comedy, Horror",tmdb_genre_Comedy
136585,Return to Nuke 'Em High Volume 1,2013,"Comedy, Horror, Science Fiction",tmdb_genre_Comedy
136805,Dick Night,2011,"Comedy, Horror",tmdb_genre_Comedy
137069,Panman,2011,"Comedy, Horror",tmdb_genre_Comedy
137355,Scream Queen,2002,"Comedy, Horror, Thriller",tmdb_genre_Comedy
137528,You Can't Kill Stephen King,2012,"Comedy, Horror",tmdb_genre_Comedy
137688,Beauty Queen Butcher,1991,"Comedy, Horror, Thriller",tmdb_genre_Comedy
137756,I Spill Your Guts,2012,"Comedy, Horror",tmdb_genre_Comedy
137902,Darkwood Manor,2011,"Comedy, Horror",tmdb_genre_Comedy
137939,The Curse,1999,"Comedy, Horror",tmdb_genre_Comedy
138372,Bad Kids Go To Hell,2012,"Comedy, Horror, Mystery, Thriller",tmdb_genre_Comedy
138385,Midnight,1989,"Comedy, Horror",tmdb_genre_Comedy
139038,A Haunted House,2013,"Comedy, Horror",tmdb_genre_Comedy
139455,Silent Night,2012,"Comedy, Horror, Mystery, Thriller",tmdb_genre_Comedy
139668,Attitude for Destruction,2008,"Comedy, Horror, Music",tmdb_genre_Comedy
139715,Detention of the Dead,2012,"Comedy, Horror",tmdb_genre_Comedy
139721,Billy Club,2013,"Comedy, Horror",tmdb_genre_Comedy
139748,The Christmas Season Massacre,2001,"Comedy, Horror",tmdb_genre_Comedy
139804,Tales of the Third Dimension,1984,"Comedy, Horror",tmdb_genre_Comedy
140165,Video Diary of a Lost Girl,2012,"Comedy, Fantasy, Horror",tmdb_genre_Comedy
140359,Dominator,2003,"Animation, Comedy, Horror",tmdb_genre_Comedy
140403,Fresh Meat,2012,"Comedy, Horror",tmdb_genre_Comedy
140425,Conspiracy of Terror,1975,"Comedy, Crime, Drama, Horror, Thriller, TV Movie",tmdb_genre_Comedy
140652,My Super Psycho Sweet 16: Part 3,2012,"Comedy, Drama, Horror, Mystery, TV Movie",tmdb_genre_Comedy
140750,ThanksKilling 3,2012,"Comedy, Horror, Science Fiction",tmdb_genre_Comedy
141611,Two Front Teeth,2006,"Comedy, Horror",tmdb_genre_Comedy
141733,Cottage Country,2013,"Action, Comedy, Crime, Horror, Romance, Thriller",tmdb_genre_Comedy
142591,Love Bite,2012,"Comedy, Horror",tmdb_genre_Comedy
143369,The House in Nightmare Park,1973,"Comedy, Horror",tmdb_genre_Comedy
144351,Ghost Fever,1987,"Comedy, Horror",tmdb_genre_Comedy
144394,Vampiros Sexos,1988,"Comedy, Horror",tmdb_genre_Comedy
144909,Charm,2013,"Comedy, Crime, Horror",tmdb_genre_Comedy
145645,Cannibal Collector,2010,"Comedy, Horror",tmdb_genre_Comedy
145668,Butcher Boys,2013,"Action, Comedy, Horror, Thriller",tmdb_genre_Comedy
146138,Feeders 2: Slay Bells,1998,"Comedy, Horror, Science Fiction",tmdb_genre_Comedy
146163,Holla If I Kill You,2003,"Comedy, Horror",tmdb_genre_Comedy
147230,Night Crawlers,2009,"Comedy, Horror",tmdb_genre_Comedy
148773,The Age of Insects,1990,"Comedy, Horror, Science Fiction",tmdb_genre_Comedy
149804,The Hook of Woodland Heights,1990,"Comedy, Horror",tmdb_genre_Comedy
149806,Hookers in a Haunted House,1999,"Comedy, Horror",tmdb_genre_Comedy
150782,Bikini Frankenstein,2010,"Comedy, Horror, Romance, Science Fiction",tmdb_genre_Comedy
154621,Dead Bodyman Chronicles,2008,"Comedy, Horror",tmdb_genre_Comedy
155182,Overtime,2012,"Comedy, Horror, Science Fiction",tmdb_genre_Comedy
156307,Sorority House Vampires,1998,"Comedy, Horror",tmdb_genre_Comedy
157036,Revenge of the Red Baron,1994,"Adventure, Comedy, Family, Fantasy, Horror",tmdb_genre_Comedy
157161,I Didn't Come Here to Die,2010,"Comedy, Horror",tmdb_genre_Comedy
158752,Escape from Tomorrow,2013,"Comedy, Horror",tmdb_genre_Comedy
159092,Hell Baby,2013,"Comedy, Horror",tmdb_genre_Comedy
159638,Ghost Team One,2013,"Comedy, Horror",tmdb_genre_Comedy
160352,Night of the Tentacles,2013,"Comedy, Horror",tmdb_genre_Comedy
160405,Nocturna,1979,"Comedy, Horror, Music",tmdb_genre_Comedy
163454,The Hand of Pleasure,1971,"Comedy, Horror, Mystery",tmdb_genre_Comedy
165541,The Erotic Witch Project,2000,"Comedy, Horror",tmdb_genre_Comedy
165864,Hansel and Gretel Get Baked,2013,"Comedy, Horror",tmdb_genre_Comedy
166902,Bad Meat,2011,"Comedy, Horror",tmdb_genre_Comedy
166981,Chastity Bites,2013,"Comedy, Horror",tmdb_genre_Comedy
167282,The Immortalizer,1990,"Comedy, Horror, Science Fiction",tmdb_genre_Comedy
167575,Hatchet III,2013,"Action, Comedy, Horror, Thriller",tmdb_genre_Comedy
167733,Vamp U,2013,"Action, Comedy, Horror",tmdb_genre_Comedy
169366,Cannibal Suburbia,2008,"Comedy, Horror",tmdb_genre_Comedy
169644,Stalled,2013,"Comedy, Horror",tmdb_genre_Comedy
170261,The Legend of Sleepy Hollow,1980,"Comedy, Horror, TV Movie",tmdb_genre_Comedy
171603,Samurai Vampire Bikers from Hell,1992,"Action, Comedy, Fantasy, Horror",tmdb_genre_Comedy
172620,Billy the Kid and the Green Baize Vampire,1985,"Comedy, Horror, Music, Western",tmdb_genre_Comedy
172828,Bad Milo!,2013,"Comedy, Horror",tmdb_genre_Comedy
173802,Killer Barbys vs. Dracula,2002,"Comedy, Horror",tmdb_genre_Comedy
174188,Rapture-Palooza,2013,"Comedy, Fantasy, Horror",tmdb_genre_Comedy
177838,Ooga Booga,2013,"Comedy, Fantasy, Horror",tmdb_genre_Comedy
178135,Dropping Evil,2012,"Comedy, Horror",tmdb_genre_Comedy
178900,Cutting Room,2006,"Comedy, Horror, Mystery",tmdb_genre_Comedy
179111,A Field in England,2013,"Adventure, Comedy, Drama, History, Horror, Thriller",tmdb_genre_Comedy
179248,Vampire Camp,2012,"Comedy, Horror",tmdb_genre_Comedy
179496,Death Nurse 2,1988,"Comedy, Crime, Horror",tmdb_genre_Comedy
179672,Atomic Brain Invasion,2010,"Comedy, Horror, Science Fiction",tmdb_genre_Comedy
181921,Witch's Brew,2011,"Comedy, Horror",tmdb_genre_Comedy
183872,Evil Nurse 2,2011,"Comedy, Horror",tmdb_genre_Comedy
184345,A Haunted House 2,2014,"Comedy, Horror",tmdb_genre_Comedy
186574,Pretty Dead Things,2006,"Comedy, Horror",tmdb_genre_Comedy
186600,The Amateur Monster Movie,2011,"Comedy, Horror",tmdb_genre_Comedy
186869,The Vagrant,1992,"Comedy, Horror, Thriller",tmdb_genre_Comedy
186936,Bloodsucking Redneck Vampires,2004,"Comedy, Horror",tmdb_genre_Comedy
187010,Buck Wild,2013,"Comedy, Horror",tmdb_genre_Comedy
187851,They Bite,1996,"Comedy, Horror, Science Fiction",tmdb_genre_Comedy
188304,The Three Trials,2006,"Comedy, Crime, Fantasy, Horror",tmdb_genre_Comedy
188489,Birdemic 2: The Resurrection,2013,"Action, Comedy, Horror, Science Fiction",tmdb_genre_Comedy
189098,The Zombie King,2013,"Comedy, Horror",tmdb_genre_Comedy
189711,Love in the Time of Monsters,2014,"Comedy, Horror",tmdb_genre_Comedy
189755,The Happy House,2013,"Comedy, Horror",tmdb_genre_Comedy
193079,Kecoh! Hantu Raya Tok Chai,2013,"Comedy, Horror",tmdb_genre_Comedy
193335,Shopping for Fangs,1997,"Comedy, Drama, Horror, Thriller",tmdb_genre_Comedy
193596,Way Upstream,1987,"Comedy, Drama, Horror, TV Movie",tmdb_genre_Comedy
194150,Home: The Horror Story,2000,"Comedy, Horror",tmdb_genre_Comedy
194421,Mirror of Death,1988,"Action, Comedy, Horror",tmdb_genre_Comedy
194486,Ski Wolf,2008,"Comedy, Horror",tmdb_genre_Comedy
194490,Cemetery Sisters,1987,"Comedy, Crime, Horror, Thriller",tmdb_genre_Comedy
194759,Reel Horror,1985,"Comedy, Fantasy, Horror, Mystery",tmdb_genre_Comedy
195022,Kill Me Now,2012,"Comedy, Horror",tmdb_genre_Comedy
196328,Rockabilly Vampire,1996,"Comedy, Horror",tmdb_genre_Comedy
197389,Bride Of Killer Nerd,1992,"Comedy, Horror",tmdb_genre_Comedy
198207,Miss December,2011,"Comedy, Horror, Romance",tmdb_genre_Comedy
200213,Killing Me,2012,"Comedy, Horror",tmdb_genre_Comedy
200665,Invasion for Flesh and Blood,1991,"Comedy, Horror, Science Fiction",tmdb_genre_Comedy
200709,Matthew Blackheart: Monster Smasher,2002,"Action, Comedy, Fantasy, Horror, Science Fiction",tmdb_genre_Comedy
200872,Zombie Cheerleader Camp,2007,"Comedy, Horror",tmdb_genre_Comedy
201022,Asylum,2013,"Comedy, Horror",tmdb_genre_Comedy
201430,Strange Frequency,2001,"Comedy, Fantasy, Horror, Science Fiction",tmdb_genre_Comedy
201712,The Milpitas Monster,1976,"Action, Comedy, Horror, Science Fiction",tmdb_genre_Comedy
202357,The Exotic Ones,1968,"Action, Comedy, Horror",tmdb_genre_Comedy
203266,Beneath the Surface,2007,"Comedy, Drama, Horror",tmdb_genre_Comedy
203847,Tiny Toons Night Ghoulery,1995,"Animation, Comedy, Family, Horror, TV Movie",tmdb_genre_Comedy
203976,Hell's Drifter,2009,"Comedy, Drama, Horror, Thriller",tmdb_genre_Comedy
204473,Ghost Shark 2: Urban Jaws,2015,"Comedy, Horror, Thriller",tmdb_genre_Comedy
204577,Sharp Teeth,2006,"Comedy, Horror",tmdb_genre_Comedy
205321,Sharknado,2013,"Action, Comedy, Fantasy, Horror, Science Fiction, TV Movie",tmdb_genre_Comedy
206153,My Dead Girlfriend,2006,"Comedy, Horror",tmdb_genre_Comedy
206370,The Mystery in Dracula's Castle,1973,"Comedy, Family, Horror, TV Movie",tmdb_genre_Comedy
206721,Hey... Stop Stabbing Me!,2003,"Comedy, Horror",tmdb_genre_Comedy
206860,Tokak,2013,"Comedy, Horror",tmdb_genre_Comedy
207680,Return to... Return to Nuke 'Em High aka Vol. 2,2017,"Comedy, Horror",tmdb_genre_Comedy
209182,Zombie Brigade,1986,"Action, Comedy, Horror",tmdb_genre_Comedy
209495,Misfit Heights,2013,"Comedy, Horror, Music",tmdb_genre_Comedy
210842,WNUF Halloween Special,2013,"Comedy, Horror",tmdb_genre_Comedy
210908,All Cheerleaders Die,2013,"Comedy, Horror, Thriller",tmdb_genre_Comedy
211240,* Cemetery,2010,"Comedy, Horror, Thriller",tmdb_genre_Comedy
211400,Zombie Bankers,2010,"Comedy, Drama, Horror",tmdb_genre_Comedy
211587,Blood Shot,2013,"Action, Comedy, Horror",tmdb_genre_Comedy
212007,Guess What Happened to Count Dracula?,1971,"Comedy, Horror",tmdb_genre_Comedy
213803,The Witching,1993,"Comedy, Horror",tmdb_genre_Comedy
214126,Bigfoot,2006,"Comedy, Horror",tmdb_genre_Comedy
214597,Fright Night 2: New Blood,2013,"Comedy, Horror",tmdb_genre_Comedy
215332,Coons! Night of the Bandits of the Night,2005,"Comedy, Horror",tmdb_genre_Comedy
216178,Phantom Brother,1988,"Comedy, Horror",tmdb_genre_Comedy
216683,Dr. Hackenstein,1989,"Comedy, Horror",tmdb_genre_Comedy
217092,Vampires and Other Stereotypes,1994,"Comedy, Horror",tmdb_genre_Comedy
217787,Paranormal Whacktivity,2013,"Comedy, Horror",tmdb_genre_Comedy
218784,Freaks of Nature,2015,"Comedy, Horror, Science Fiction",tmdb_genre_Comedy
218809,The Lumberjack of All Trades,2006,"Comedy, Horror",tmdb_genre_Comedy
219668,The Vampires of Bloody Island,2010,"Comedy, Horror",tmdb_genre_Comedy
219816,InSpectres,2013,"Comedy, Horror",tmdb_genre_Comedy
220720,Zombie eXs,2012,"Comedy, Horror",tmdb_genre_Comedy
222858,A Bucket of Blood,1995,"Comedy, Horror, Thriller, TV Movie",tmdb_genre_Comedy
222969,Insane In The Brain,2007,"Comedy, Horror",tmdb_genre_Comedy
223178,Black Magic,1992,"Comedy, Drama, Horror, TV Movie",tmdb_genre_Comedy
223324,Macabre Pair of Shorts,1996,"Comedy, Horror",tmdb_genre_Comedy
223344,Maxie,1973,"Comedy, Drama, Horror, Thriller",tmdb_genre_Comedy
223625,The Wicked,1988,"Comedy, Horror, TV Movie",tmdb_genre_Comedy
224324,Conjoined,2013,"Comedy, Horror",tmdb_genre_Comedy
225456,Night of the Living Babes,1987,"Comedy, Horror",tmdb_genre_Comedy
225459,Viewer Discretion Advised,1998,"Comedy, Horror",tmdb_genre_Comedy
227234,Street Team Massacre,2007,"Action, Comedy, Horror",tmdb_genre_Comedy
227867,The Woodland Haunting 2,2006,"Comedy, Horror",tmdb_genre_Comedy
228724,4 Dead Girls: The Soul Taker,2012,"Comedy, Horror",tmdb_genre_Comedy
228942,A Monsterous Holiday,2013,"Animation, Comedy, Family, Horror",tmdb_genre_Comedy
229828,Baby Ghost,1995,"Comedy, Family, Horror",tmdb_genre_Comedy
230070,Stereotypes Don't Just Disappear Into Thin Air,2005,"Comedy, Horror",tmdb_genre_Comedy
230997,Do Not Disturb,2010,"Comedy, Horror",tmdb_genre_Comedy
231082,Gingerdead Man vs. Evil Bong,2013,"Comedy, Horror",tmdb_genre_Comedy
231516,Nightslave,1988,"Comedy, Horror",tmdb_genre_Comedy
232319,Coyote,2014,"Comedy, Fantasy, Horror, Science Fiction, Thriller",tmdb_genre_Comedy
232408,Scarlet Fry's Horrorama,1989,"Comedy, Fantasy, Horror",tmdb_genre_Comedy
232799,Silly Scaries,2011,"Comedy, Horror",tmdb_genre_Comedy
233833,A Slice of Terror,2004,"Comedy, Horror",tmdb_genre_Comedy
235385,Bikers Versus the Undead,1985,"Comedy, Horror",tmdb_genre_Comedy
235746,Sucker: The Vampire,1998,"Comedy, Horror",tmdb_genre_Comedy
236375,Barn of the Blood Llama,1997,"Comedy, Horror",tmdb_genre_Comedy
237714,I.B.S.,2013,"Comedy, Horror",tmdb_genre_Comedy
241528,Infinite Santa 8000,2013,"Action, Animation, Comedy, Horror",tmdb_genre_Comedy
241843,Cooties,2014,"Comedy, Horror",tmdb_genre_Comedy
243520,Unidentified,2013,"Comedy, Horror, Science Fiction",tmdb_genre_Comedy
244458,The Voices,2014,"Comedy, Crime, Fantasy, Horror",tmdb_genre_Comedy
244566,Life After Beth,2014,"Comedy, Horror, Romance",tmdb_genre_Comedy
244741,Room 36,2005,"Comedy, Horror, Thriller",tmdb_genre_Comedy
245716,Bad Movie Police: Case #1: Galaxy Of The Dinosaurs,2003,"Comedy, Horror, Science Fiction",tmdb_genre_Comedy
246223,Hot Wax Zombies on Wheels,1999,"Comedy, Horror",tmdb_genre_Comedy
246403,Tusk,2014,"Comedy, Horror",tmdb_genre_Comedy
246741,What We Do in the Shadows,2014,"Comedy, Horror",tmdb_genre_Comedy
248595,Alien Outlaw,1985,"Comedy, Horror, Mystery, Science Fiction, Western",tmdb_genre_Comedy
248661,Vampire Knights,1988,"Comedy, Horror",tmdb_genre_Comedy
249391,Here Come the Munsters,1995,"Comedy, Family, Horror",tmdb_genre_Comedy
249921,Silent but Deadly,2012,"Comedy, Horror",tmdb_genre_Comedy
250420,I Spit Chew on Your Grave,2008,"Comedy, Horror",tmdb_genre_Comedy
251368,Scream Dream,1989,"Comedy, Horror, Thriller",tmdb_genre_Comedy
251412,Nightlife,1989,"Comedy, Horror, TV Movie",tmdb_genre_Comedy
251719,Strange Tales,1986,"Comedy, Horror",tmdb_genre_Comedy
252130,So Shall You Reap,1999,"Comedy, Horror",tmdb_genre_Comedy
252208,Do You Like My Basement?,2014,"Comedy, Horror, Thriller",tmdb_genre_Comedy
252492,Filthy McNastier: Maximum Dousche,2005,"Comedy, Horror",tmdb_genre_Comedy
252496,Filthy McNastiest: Apocalypse Fuck!,2005,"Comedy, Horror",tmdb_genre_Comedy
253098,Midget Zombie Takeover,2013,"Comedy, Horror",tmdb_genre_Comedy
253108,Pajama Nightmare,2013,"Comedy, Horror, Science Fiction",tmdb_genre_Comedy
253306,Housebound,2014,"Comedy, Horror, Thriller",tmdb_genre_Comedy
253905,Night of the Flesh Eaters,2008,"Comedy, Horror",tmdb_genre_Comedy
254472,Stung,2015,"Comedy, Horror, Science Fiction",tmdb_genre_Comedy
254474,Zombeavers,2014,"Action, Comedy, Horror",tmdb_genre_Comedy
254634,The Chair,1988,"Comedy, Horror, Mystery",tmdb_genre_Comedy
255197,Reel Zombies,2008,"Action, Comedy, Horror",tmdb_genre_Comedy
255337,Doorman,1986,"Comedy, Crime, Horror, Mystery, Thriller",tmdb_genre_Comedy
255754,Dead Kansas,2012,"Comedy, Horror",tmdb_genre_Comedy
255755,The Trouble with Barry,2013,"Comedy, Horror",tmdb_genre_Comedy
255789,The Crotchening,2004,"Comedy, Horror",tmdb_genre_Comedy
255798,Burying the Ex,2014,"Comedy, Horror",tmdb_genre_Comedy
256544,Vampie,2014,"Comedy, Horror",tmdb_genre_Comedy
256669,Inbred Redneck Alien Abduction,2004,"Comedy, Horror, Science Fiction",tmdb_genre_Comedy
257373,Zombie! vs. Mardi Gras,1999,"Comedy, Horror",tmdb_genre_Comedy
257445,Goosebumps,2015,"Adventure, Comedy, Horror",tmdb_genre_Comedy
257450,Piranha Sharks,2014,"Comedy, Horror",tmdb_genre_Comedy
257629,Puss Bucket,1991,"Comedy, Horror, Music",tmdb_genre_Comedy
258851,Blood Cousins,2012,"Comedy, Drama, Horror, Thriller",tmdb_genre_Comedy
259391,Atom the Amazing Zombie Killer,2012,"Comedy, Horror",tmdb_genre_Comedy
259544,Dead on Appraisal,2014,"Comedy, Horror, Science Fiction",tmdb_genre_Comedy
259839,Dolla Morte,2006,"Comedy, Horror",tmdb_genre_Comedy
262088,Chocolate Strawberry Vanilla,2013,"Comedy, Drama, Horror",tmdb_genre_Comedy
262169,Gravy,2015,"Comedy, Horror",tmdb_genre_Comedy
262320,The Midnight Disease,2011,"Comedy, Horror",tmdb_genre_Comedy
262840,WolfCop,2014,"Comedy, Horror",tmdb_genre_Comedy
264227,Stripped,2014,"Comedy, Horror, Thriller",tmdb_genre_Comedy
264691,Science Team,2014,"Comedy, Fantasy, Horror, Science Fiction",tmdb_genre_Comedy
264881,Rock N Roll Mobster Girls,1988,"Comedy, Crime, Horror",tmdb_genre_Comedy
264983,Men in White,2007,"Comedy, Horror",tmdb_genre_Comedy
265252,Time to Kill,2014,"Action, Comedy, Horror",tmdb_genre_Comedy
265449,Summer of Blood,2014,"Comedy, Horror",tmdb_genre_Comedy
265484,Nosferatu vs. Father Pipecock & Sister Funk,2014,"Adventure, Comedy, Fantasy, Horror, Science Fiction",tmdb_genre_Comedy
265866,Blood Circus,1985,"Action, Comedy, Horror, Science Fiction",tmdb_genre_Comedy
267927,Dirty Love,2009,"Action, Comedy, Horror",tmdb_genre_Comedy
268740,I Heart U,2014,"Comedy, Horror",tmdb_genre_Comedy
269825,Black River Monster,1986,"Comedy, Horror",tmdb_genre_Comedy
270064,April Apocalypse,2013,"Comedy, Horror, Romance",tmdb_genre_Comedy
270561,3 Wicked Witches,2014,"Comedy, Horror, Thriller",tmdb_genre_Comedy
270884,The Fergusons,2011,"Comedy, Horror",tmdb_genre_Comedy
271203,Slashers Gone Wild!,2006,"Comedy, Horror",tmdb_genre_Comedy
271315,Mushrooms,1995,"Comedy, Horror",tmdb_genre_Comedy
271744,Goregasm,2007,"Comedy, Horror",tmdb_genre_Comedy
272328,Weenie Roast Massacre,2007,"Comedy, Horror",tmdb_genre_Comedy
273375,Cinco De Mayo,2013,"Comedy, Horror",tmdb_genre_Comedy
273418,Killer Dead,1992,"Comedy, Horror",tmdb_genre_Comedy
273477,Scouts Guide to the Zombie Apocalypse,2015,"Comedy, Horror",tmdb_genre_Comedy
273511,Ghost of Goodnight Lane,2014,"Comedy, Horror",tmdb_genre_Comedy
273651,America's Most Haunted,2013,"Comedy, Horror",tmdb_genre_Comedy
273773,Don't Let the Riverbeast Get You!,2012,"Action, Comedy, Horror",tmdb_genre_Comedy
274001,Die and Let Live,2006,"Comedy, Horror, Romance",tmdb_genre_Comedy
274082,Spike of Love,1994,"Comedy, Horror",tmdb_genre_Comedy
274290,Asylum Night,2004,"Comedy, Horror",tmdb_genre_Comedy
274897,Zombie Toxin,1996,"Comedy, Horror",tmdb_genre_Comedy
275328,Beverly Hills Bodysnatchers,1989,"Comedy, Horror, Mystery",tmdb_genre_Comedy
275813,Vapid Shallow Models Must Die,2006,"Comedy, Horror",tmdb_genre_Comedy
275985,The Coed and the Zombie Stoner,2014,"Comedy, Horror",tmdb_genre_Comedy
276357,Grave Danger,2009,"Comedy, Horror",tmdb_genre_Comedy
276523,Among Us,2004,"Comedy, Horror",tmdb_genre_Comedy
276739,Blood Orgy of the Leather Girls,1988,"Comedy, Crime, Drama, Horror, Thriller",tmdb_genre_Comedy
276857,Mad Cow,2010,"Comedy, Horror, Science Fiction",tmdb_genre_Comedy
277506,Invicta,2009,"Comedy, Horror",tmdb_genre_Comedy
277688,Suburban Gothic,2014,"Comedy, Horror",tmdb_genre_Comedy
277965,The Land of College Prophets,2005,"Action, Comedy, Fantasy, Horror",tmdb_genre_Comedy
278513,Bloodmarsh Krackoon,2014,"Comedy, Horror",tmdb_genre_Comedy
278910,"Daisy Derkins, Dogsitter of the Damned",2013,"Comedy, Horror",tmdb_genre_Comedy
278954,Horno,2009,"Comedy, Horror",tmdb_genre_Comedy
279493,Catch of the Day,2014,"Comedy, Horror",tmdb_genre_Comedy
279551,Haunted Trailer,2014,"Comedy, Horror",tmdb_genre_Comedy
279588,Cool As Hell,2013,"Comedy, Horror",tmdb_genre_Comedy
279690,He Never Died,2015,"Comedy, Drama, Fantasy, Horror",tmdb_genre_Comedy
279764,The Resurrection Game,2001,"Comedy, Horror",tmdb_genre_Comedy
279785,Death Do Us Apart,2014,"Comedy, Horror",tmdb_genre_Comedy
279997,I Survived a Zombie Holocaust,2014,"Comedy, Horror",tmdb_genre_Comedy
280171,Eat Me!,2010,"Comedy, Horror",tmdb_genre_Comedy
280241,Tabloid!,1985,"Comedy, Horror",tmdb_genre_Comedy
280892,Bunks,2013,"Comedy, Horror, TV Movie",tmdb_genre_Comedy
281177,Filthy McNasty,2002,"Comedy, Fantasy, Horror",tmdb_genre_Comedy
281229,Potpourri,2011,"Comedy, Fantasy, Horror, Mystery",tmdb_genre_Comedy
281653,Kissing Darkness,2014,"Comedy, Horror, Thriller",tmdb_genre_Comedy
281707,The Horror Vault 3,2010,"Comedy, Horror",tmdb_genre_Comedy
282440,Bag Boy Lover Boy,2014,"Comedy, Horror",tmdb_genre_Comedy
283087,Die Gstettensaga: The Rise of Echsenfriedl,2014,"Comedy, Fantasy, Horror, Science Fiction",tmdb_genre_Comedy
283217,Midnight Show,2016,"Comedy, Horror",tmdb_genre_Comedy
284110,Bigfoot: Blood Trap,2017,"Comedy, Horror",tmdb_genre_Comedy
285225,Stomping Ground,2014,"Comedy, Horror",tmdb_genre_Comedy
285598,Call Girl of Cthulhu,2014,"Comedy, Horror",tmdb_genre_Comedy
285838,Teen Lust,2014,"Comedy, Horror",tmdb_genre_Comedy
285840,The Editor,2014,"Comedy, Horror, Mystery",tmdb_genre_Comedy
285872,Bite School,2015,"Comedy, Horror",tmdb_genre_Comedy
286865,Killer Biker Chicks,2009,"Action, Comedy, Horror",tmdb_genre_Comedy
286939,Sanctuary; Quite a Conundrum,2012,"Comedy, Horror, Thriller",tmdb_genre_Comedy
287240,Hell's Belles,1995,"Comedy, Fantasy, Horror",tmdb_genre_Comedy
287318,3 Scream Queens,2014,"Comedy, Horror",tmdb_genre_Comedy
287903,Krampus,2015,"Comedy, Fantasy, Horror",tmdb_genre_Comedy
288154,Jersey Shore Massacre,2014,"Comedy, Horror",tmdb_genre_Comedy
289668,Fat Planet,2013,"Comedy, Horror",tmdb_genre_Comedy
289708,Cute Little Buggers,2017,"Comedy, Horror",tmdb_genre_Comedy
290079,Paranormal Activity Security Squad,2016,"Comedy, Horror",tmdb_genre_Comedy
290291,Kawan Aku Mati Dalam Rumah Sewa,2014,"Comedy, Horror",tmdb_genre_Comedy
290696,Dysmorphia,2014,"Comedy, Horror, Science Fiction",tmdb_genre_Comedy
290825,Yoga Hosers,2016,"Comedy, Fantasy, Horror",tmdb_genre_Comedy
290999,Wyrmwood: Road of the Dead,2014,"Action, Comedy, Horror",tmdb_genre_Comedy
291495,American Burger,2014,"Comedy, Horror",tmdb_genre_Comedy
291564,Playhouse,2003,"Comedy, Horror",tmdb_genre_Comedy
291590,The Kiss,2008,"Comedy, Horror, Romance",tmdb_genre_Comedy
291679,Project: Valkyrie,2002,"Comedy, Horror",tmdb_genre_Comedy
291998,Housewife from Hell,1993,"Comedy, Horror",tmdb_genre_Comedy
293290,Scaregivers,2008,"Comedy, Horror",tmdb_genre_Comedy
293403,Night of Vampyrmania,1993,"Comedy, Horror",tmdb_genre_Comedy
293553,Bloody Knuckles,2014,"Comedy, Horror",tmdb_genre_Comedy
293585,Race War: The Remake,2012,"Comedy, Horror",tmdb_genre_Comedy
293862,Night Terrors,2013,"Comedy, Horror",tmdb_genre_Comedy
293970,The Final Girls,2015,"Comedy, Horror",tmdb_genre_Comedy
294816,President Wolfman,2012,"Comedy, Horror",tmdb_genre_Comedy
295576,The Victorville Massacre,2011,"Comedy, Horror, Mystery",tmdb_genre_Comedy
295806,Shockwaves,2013,"Comedy, Drama, Horror",tmdb_genre_Comedy
296121,Trophy Heads,2014,"Comedy, Horror",tmdb_genre_Comedy
296503,Dude Bro Party Massacre III,2015,"Comedy, Horror",tmdb_genre_Comedy
296796,Hi-8 (Horror Independent 8),2014,"Comedy, Horror, Science Fiction",tmdb_genre_Comedy
298096,The Cleanse,2018,"Comedy, Drama, Fantasy, Horror",tmdb_genre_Comedy
298294,Teddy Bomb,2014,"Comedy, Horror",tmdb_genre_Comedy
299080,Marley's Revenge: The Monster Movie,1989,"Comedy, Horror",tmdb_genre_Comedy
302490,Trasharella,2009,"Comedy, Crime, Fantasy, Horror, Music",tmdb_genre_Comedy
303706,Vampire Time Travelers,1998,"Comedy, Horror",tmdb_genre_Comedy
307112,Beaster Day: Here Comes Peter Cottonhell,2014,"Comedy, Horror",tmdb_genre_Comedy
307274,Clinger,2015,"Comedy, Horror",tmdb_genre_Comedy
307739,Satan Place: A Soap Opera from Hell,1988,"Comedy, Horror",tmdb_genre_Comedy
308642,Field Freak,2016,"Comedy, Horror, Thriller",tmdb_genre_Comedy
309793,Get Dead,2014,"Comedy, Horror",tmdb_genre_Comedy
310725,Hoodoo for Voodoo,2006,"Comedy, Horror",tmdb_genre_Comedy
311156,All Hell Breaks Loose,2014,"Action, Comedy, Horror",tmdb_genre_Comedy
312302,Teenape Goes to Camp,2008,"Comedy, Horror",tmdb_genre_Comedy
312448,Alien Incursion,2006,"Comedy, Horror, Science Fiction, Thriller",tmdb_genre_Comedy
312793,The Walking Deceased,2015,"Comedy, Horror",tmdb_genre_Comedy
313036,Violent Night: The Movie,2012,"Comedy, Horror",tmdb_genre_Comedy
313533,The Mothertown,2014,"Comedy, Horror",tmdb_genre_Comedy
314421,Identity Theft,2009,"Action, Comedy, Fantasy, Horror, Thriller",tmdb_genre_Comedy
315126,Doctor S Battles the Sex Crazed Reefer Zombies: The Movie,2009,"Comedy, Horror",tmdb_genre_Comedy
315400,The Heaping Bouncy Breasts That Smothered a Midget,1988,"Action, Comedy, Crime, Horror, Thriller",tmdb_genre_Comedy
315838,Witches' Brew,1980,"Comedy, Horror",tmdb_genre_Comedy
316744,Crazy Bitches,2014,"Comedy, Horror",tmdb_genre_Comedy
316780,The Shower,2013,"Comedy, Horror",tmdb_genre_Comedy
317030,Deadly Scavengers,2001,"Comedy, Horror",tmdb_genre_Comedy
317232,Pizza Girl Massacre,2014,"Comedy, Horror",tmdb_genre_Comedy
317981,Bloodsucking Bastards,2015,"Comedy, Horror",tmdb_genre_Comedy
319700,The Period,2007,"Comedy, Horror",tmdb_genre_Comedy
320169,Ninjas vs. Monsters,2012,"Action, Comedy, Horror",tmdb_genre_Comedy
320412,Camp Massacre,2014,"Comedy, Horror",tmdb_genre_Comedy
320413,The Greasy Strangler,2016,"Comedy, Horror, Thriller",tmdb_genre_Comedy
321099,Ozone! Attack of the Redneck Mutants,1989,"Comedy, Horror",tmdb_genre_Comedy
321348,Oh My Ghost!,2006,"Comedy, Horror",tmdb_genre_Comedy
322151,Chopping Block,2015,"Comedy, Horror",tmdb_genre_Comedy
322502,Frankenstein's Great Aunt Tillie,1984,"Comedy, Horror, Science Fiction",tmdb_genre_Comedy
322712,"Fear Town, USA",2014,"Comedy, Horror",tmdb_genre_Comedy
323262,Holidays,2016,"Comedy, Horror",tmdb_genre_Comedy
323373,Deathgasm,2015,"Comedy, Horror, Music",tmdb_genre_Comedy
323694,Nina Forever,2015,"Comedy, Horror, Romance",tmdb_genre_Comedy
323792,L.A. Slasher,2015,"Comedy, Crime, Horror",tmdb_genre_Comedy
323851,Rumah Pusaka Di Simpang Jalan,2015,"Comedy, Horror",tmdb_genre_Comedy
324436,Dyke Hard,2014,"Action, Adventure, Comedy, Fantasy, Horror, Music, Science Fiction",tmdb_genre_Comedy
324453,The Slashening,2015,"Comedy, Horror",tmdb_genre_Comedy
325186,Smothered,2016,"Comedy, Horror",tmdb_genre_Comedy
325262,Incall,2014,"Comedy, Horror",tmdb_genre_Comedy
325454,Odd Noggins,2000,"Comedy, Horror, Science Fiction",tmdb_genre_Comedy
326051,Terror Telly,2012,"Comedy, Horror",tmdb_genre_Comedy
326126,Bad Exorcists,2015,"Comedy, Horror",tmdb_genre_Comedy
326135,Book of Lore,2007,"Comedy, Horror, Mystery",tmdb_genre_Comedy
326277,SOS: Save Our Skins,2014,"Comedy, Horror",tmdb_genre_Comedy
326546,Cheeseballs,2014,"Comedy, Fantasy, Horror",tmdb_genre_Comedy
326549,Manos: The Rise of Torgo,2018,"Comedy, Horror",tmdb_genre_Comedy
326550,Doll Factory,2014,"Comedy, Horror",tmdb_genre_Comedy
327363,Fungicide,2002,"Comedy, Horror, Science Fiction",tmdb_genre_Comedy
327651,Insectula!,2015,"Comedy, Fantasy, Horror, Science Fiction",tmdb_genre_Comedy
328910,Marina Monster,2008,"Comedy, Horror",tmdb_genre_Comedy
329707,Bikini Bloodbath: Christmas,2009,"Comedy, Horror",tmdb_genre_Comedy
330117,Zombie TV,2018,"Comedy, Horror",tmdb_genre_Comedy
330266,Late Night Double Feature,2016,"Comedy, Horror, Thriller",tmdb_genre_Comedy
330900,The Neon Dead,2015,"Comedy, Horror",tmdb_genre_Comedy
330944,Grave Mistakes,2008,"Comedy, Horror",tmdb_genre_Comedy
330972,Hancur,2005,"Comedy, Horror",tmdb_genre_Comedy
330997,Signs of End Times,2007,"Comedy, Fantasy, Horror",tmdb_genre_Comedy
331212,Speak of the Devil,1989,"Comedy, Horror",tmdb_genre_Comedy
331326,Club Lingerie,2014,"Comedy, Horror, Mystery",tmdb_genre_Comedy
331740,Zombie Dollz,2015,"Comedy, Horror",tmdb_genre_Comedy
332312,Helen Keller vs. Nightwolves,2015,"Action, Comedy, Horror",tmdb_genre_Comedy
333579,Betamax,2015,"Comedy, Horror",tmdb_genre_Comedy
333960,My Pure Joy,2011,"Comedy, Horror",tmdb_genre_Comedy
334141,Badmouth,2011,"Comedy, Horror",tmdb_genre_Comedy
336288,American Backwoods: Slew Hampshire,2015,"Comedy, Horror, Thriller",tmdb_genre_Comedy
336908,The Worst Horror Movie Ever Made: The Re-Make,2008,"Comedy, Horror",tmdb_genre_Comedy
337300,Evil Bong 420,2015,"Comedy, Horror",tmdb_genre_Comedy
337355,The Terror Factor,2007,"Comedy, Horror",tmdb_genre_Comedy
338172,Bloodsucka Jones,2014,"Comedy, Horror",tmdb_genre_Comedy
338967,Zombieland: Double Tap,2019,"Comedy, Horror",tmdb_genre_Comedy
339191,Amigo Undead,2015,"Comedy, Horror",tmdb_genre_Comedy
339443,Herschell Gordon Lewis' BloodMania,2017,"Comedy, Horror",tmdb_genre_Comedy
339530,Tremors 5: Bloodlines,2015,"Action, Adventure, Comedy, Horror, Science Fiction",tmdb_genre_Comedy
339715,Stag Hunt,2015,"Comedy, Horror",tmdb_genre_Comedy
340032,Sammy,2002,"Comedy, Horror",tmdb_genre_Comedy
340187,Uncaged,2016,"Comedy, Horror, Thriller",tmdb_genre_Comedy
340625,Super Hell,2004,"Comedy, Horror, Science Fiction",tmdb_genre_Comedy
340639,Super Hell 2,2008,"Comedy, Horror, Science Fiction",tmdb_genre_Comedy
340646,Super Hell 3,2014,"Comedy, Horror, Science Fiction",tmdb_genre_Comedy
340776,Bigfoot The Movie,2015,"Comedy, Horror",tmdb_genre_Comedy
342818,Volumes of Blood,2015,"Comedy, Horror",tmdb_genre_Comedy
343284,Night of the Living Deb,2015,"Comedy, Horror",tmdb_genre_Comedy
343468,Bubba the Redneck Werewolf,2014,"Comedy, Horror",tmdb_genre_Comedy
343478,Weedwolf,2011,"Comedy, Horror",tmdb_genre_Comedy
343511,Seven Hells,2014,"Comedy, Horror",tmdb_genre_Comedy
343550,Blood Riders: The Devil Rides with Us,2013,"Adventure, Comedy, Horror",tmdb_genre_Comedy
343660,Quad X: The Porn Movie Massacre,2015,"Action, Comedy, Horror",tmdb_genre_Comedy
343662,Hell Town,2015,"Comedy, Horror, Thriller",tmdb_genre_Comedy
343664,Junk Bonds: The Return of Junkbucket,2013,"Comedy, Horror, Thriller",tmdb_genre_Comedy
343753,Junkbucket,2008,"Comedy, Horror",tmdb_genre_Comedy
344528,The Carnage Collection,2016,"Comedy, Horror",tmdb_genre_Comedy
344796,Army of Frankensteins,2013,"Adventure, Comedy, Horror",tmdb_genre_Comedy
345069,Crush the Skull,2015,"Comedy, Horror, Thriller",tmdb_genre_Comedy
345149,Another Yeti a Love Story: Life on the Streets,2017,"Comedy, Horror",tmdb_genre_Comedy
345252,Ghost Meets World,2016,"Comedy, Horror",tmdb_genre_Comedy
345871,Texas Frightmare Massacre,2010,"Comedy, Horror",tmdb_genre_Comedy
345883,Bikini Swamp Girl Massacre,2014,"Comedy, Horror",tmdb_genre_Comedy
345884,Attack of the Mutant Roadkill and the Vampyre Zombies from Beyond the Grave,1994,"Comedy, Horror",tmdb_genre_Comedy
346297,Vixen Velvet's Zombie Massacre,2015,"Comedy, Horror",tmdb_genre_Comedy
346567,Pain Shack,2015,"Comedy, Horror",tmdb_genre_Comedy
346652,Another WolfCop,2017,"Comedy, Horror",tmdb_genre_Comedy
346671,Little Evil,2017,"Comedy, Horror",tmdb_genre_Comedy
346825,Scumbabies,2010,"Comedy, Drama, Horror, Music",tmdb_genre_Comedy
347392,Slice,2018,"Comedy, Horror",tmdb_genre_Comedy
347760,Aaaaaaaah!,2015,"Comedy, Horror, Thriller",tmdb_genre_Comedy
347816,The Underground Sinema,2015,"Comedy, Horror",tmdb_genre_Comedy
348154,16 Days 'til the Rest of Your Life,2005,"Comedy, Horror",tmdb_genre_Comedy
348754,The Jokesters,2015,"Comedy, Horror, Thriller",tmdb_genre_Comedy
348929,You're Killing Me,2015,"Comedy, Horror, Romance",tmdb_genre_Comedy
349111,Lady Psycho Killer,2015,"Comedy, Drama, Horror",tmdb_genre_Comedy
350073,The Ballad of Jeffrey,2015,"Comedy, Drama, Fantasy, Horror",tmdb_genre_Comedy
350083,The Nobodies,2018,"Comedy, Drama, Horror",tmdb_genre_Comedy
350362,Me and My Mates vs. The Zombie Apocalypse,2015,"Comedy, Horror",tmdb_genre_Comedy
350916,Spidarlings,2016,"Comedy, Horror, Music, Thriller",tmdb_genre_Comedy
351064,Films Confiscated from a French Brothel,2022,"Comedy, Crime, Fantasy, Horror",tmdb_genre_Comedy
351067,Bachelor Games,2016,"Comedy, Horror",tmdb_genre_Comedy
351803,Revenge of the Spacemen,2014,"Comedy, Horror, Science Fiction",tmdb_genre_Comedy
352806,Slaw,2017,"Comedy, Horror",tmdb_genre_Comedy
352816,My Lovely Burnt Brother and His Squashed Brain,1988,"Comedy, Drama, Horror",tmdb_genre_Comedy
352960,Lace Crater,2015,"Comedy, Drama, Fantasy, Horror",tmdb_genre_Comedy
353334,Chubbies,2014,"Comedy, Horror",tmdb_genre_Comedy
354032,The Bloody Indulgent,2014,"Comedy, Horror, Music",tmdb_genre_Comedy
354039,Alien Hunger,2017,"Comedy, Horror, Science Fiction",tmdb_genre_Comedy
354079,Lust in Space: The Erotic Witch Project IV,2005,"Comedy, Horror, Science Fiction",tmdb_genre_Comedy
354139,Night of the Snakehead Fish,2003,"Comedy, Horror",tmdb_genre_Comedy
354507,Puppy,2007,"Comedy, Horror",tmdb_genre_Comedy
354891,Suatu Malam Kubur Berasap 2,2014,"Comedy, Horror",tmdb_genre_Comedy
355272,Assignment: Witches Talisman,2013,"Comedy, Fantasy, Horror",tmdb_genre_Comedy
355536,Director's Cut,2016,"Comedy, Horror, Thriller",tmdb_genre_Comedy
356486,Lumberjack Man,2015,"Comedy, Horror",tmdb_genre_Comedy
356640,Fight Like a Girl,2015,"Comedy, Horror",tmdb_genre_Comedy
356690,Lake Fear,2014,"Comedy, Horror",tmdb_genre_Comedy
357611,Showreel,2012,"Comedy, Horror",tmdb_genre_Comedy
357903,Paranormal Parody,2011,"Comedy, Horror",tmdb_genre_Comedy
358602,Night of the Chihuahuas,2004,"Comedy, Horror",tmdb_genre_Comedy
359053,Don't Fuck in the Woods,2016,"Comedy, Horror",tmdb_genre_Comedy
359348,The Worst Movie Ever!,2011,"Action, Comedy, Drama, Horror, Music, Science Fiction",tmdb_genre_Comedy
359888,Not Another Zombie Movie....About the Living Dead,2014,"Comedy, Horror",tmdb_genre_Comedy
360007,Patchwork,2015,"Comedy, Horror",tmdb_genre_Comedy
361265,Trees,2000,"Comedy, Horror",tmdb_genre_Comedy
361268,Trees 2: The Root of All Evil,2004,"Comedy, Horror",tmdb_genre_Comedy
361432,Kottentail,2007,"Comedy, Horror",tmdb_genre_Comedy
361620,Caesar and Otto's Paranormal Halloween,2015,"Comedy, Horror",tmdb_genre_Comedy
362105,R.L. Stine's Monsterville: The Cabinet of Souls,2015,"Comedy, Horror",tmdb_genre_Comedy
362227,Night of Something Strange,2016,"Comedy, Horror",tmdb_genre_Comedy
362306,Milfs vs. Zombies,2015,"Comedy, Horror",tmdb_genre_Comedy
362409,Trash Fire,2016,"Comedy, Horror, Romance",tmdb_genre_Comedy
362443,Fangboner,2015,"Comedy, Horror",tmdb_genre_Comedy
362507,How to Kill a Zombie,2014,"Comedy, Horror",tmdb_genre_Comedy
362594,Death O' Lantern,2011,"Comedy, Horror",tmdb_genre_Comedy
362971,Deep River: The Island,2009,"Action, Comedy, Horror",tmdb_genre_Comedy
363036,Happy Helladays,2011,"Comedy, Horror",tmdb_genre_Comedy
363089,Love Bites,1992,"Comedy, Horror",tmdb_genre_Comedy
363842,Phometrica,2015,"Comedy, Drama, Horror",tmdb_genre_Comedy
363889,The Funhouse Massacre,2015,"Comedy, Horror",tmdb_genre_Comedy
364229,Purgatory Blues,2001,"Action, Comedy, Horror",tmdb_genre_Comedy
364379,Cat Sick Blues,2016,"Comedy, Horror",tmdb_genre_Comedy
364873,Rocky Horror Show Live,2015,"Comedy, Horror, Music",tmdb_genre_Comedy
364998,Cryptic,2014,"Comedy, Horror",tmdb_genre_Comedy
365024,Holy Hell,2015,"Action, Comedy, Horror",tmdb_genre_Comedy
365768,Predatory Lender,2014,"Comedy, Crime, Horror",tmdb_genre_Comedy
366159,Mansion of Blood,2015,"Comedy, Horror",tmdb_genre_Comedy
366182,Space Clown,2016,"Comedy, Horror",tmdb_genre_Comedy
366255,Killer Rack,2015,"Comedy, Horror, Music",tmdb_genre_Comedy
366637,Lake Nowhere,2014,"Comedy, Horror",tmdb_genre_Comedy
367139,Nightmare on Elmo's Street,2015,"Comedy, Horror",tmdb_genre_Comedy
367152,Teenage Slumber Party Nightmare,2015,"Comedy, Horror, Thriller",tmdb_genre_Comedy
368590,Toxic Tutu,2017,"Comedy, Horror, Science Fiction",tmdb_genre_Comedy
368663,Krackoon,2010,"Comedy, Horror",tmdb_genre_Comedy
369984,The Instant Messenger,2011,"Action, Comedy, Horror",tmdb_genre_Comedy
370238,Secret Santa,2015,"Comedy, Horror",tmdb_genre_Comedy
370783,Crying Wolf,2015,"Comedy, Horror",tmdb_genre_Comedy
372741,Marty Jenkins and the Vampire Bitches,2006,"Comedy, Horror",tmdb_genre_Comedy
372800,Sisters of No Mercy,2011,"Action, Comedy, Horror, Music, Thriller",tmdb_genre_Comedy
375358,Crabs!,2021,"Comedy, Horror",tmdb_genre_Comedy
375815,Slimy Little Bastards,2015,"Comedy, Horror",tmdb_genre_Comedy
376598,Fangs,2015,"Comedy, Drama, Horror",tmdb_genre_Comedy
378983,The Orange Man,2015,"Comedy, Horror",tmdb_genre_Comedy
378991,OMG... We're in a Horror Movie,2015,"Comedy, Horror",tmdb_genre_Comedy
379889,The Boneyard Collection,2008,"Comedy, Horror",tmdb_genre_Comedy
380124,Boo! A Madea Halloween,2016,"Comedy, Horror",tmdb_genre_Comedy
381032,Another Evil,2017,"Comedy, Horror",tmdb_genre_Comedy
381237,Office Uprising,2018,"Action, Comedy, Horror",tmdb_genre_Comedy
382259,Werewolves in Heat,2015,"Comedy, Horror",tmdb_genre_Comedy
382551,Terror Toons 3,2015,"Comedy, Fantasy, Horror, Thriller",tmdb_genre_Comedy
382731,Ghost TV,2013,"Comedy, Horror",tmdb_genre_Comedy
383535,They're Watching,2016,"Comedy, Horror, Thriller",tmdb_genre_Comedy
383668,The Legend of Blood Mountain,1965,"Comedy, Horror",tmdb_genre_Comedy
383741,Swarm of the Snakehead,2006,"Comedy, Horror",tmdb_genre_Comedy
383901,The Last Buck Hunt,2013,"Comedy, Horror",tmdb_genre_Comedy
384172,Untitled Horror Comedy,2009,"Comedy, Horror",tmdb_genre_Comedy
384450,Dead 7,2016,"Comedy, Horror, Western",tmdb_genre_Comedy
386090,Badass Monster Killer,2015,"Action, Comedy, Horror",tmdb_genre_Comedy
386826,A Beginner's Guide to Snuff,2016,"Comedy, Horror",tmdb_genre_Comedy
390485,The Snarling,2018,"Comedy, Horror",tmdb_genre_Comedy
390574,Dead Rush,2016,"Comedy, Horror",tmdb_genre_Comedy
390576,Colonel Kill Motherfuckers,2008,"Comedy, Horror",tmdb_genre_Comedy
390639,Pagan Holidays,2014,"Comedy, Drama, Horror",tmdb_genre_Comedy
391317,Shivers Down Your Spine,2015,"Comedy, Horror",tmdb_genre_Comedy
391402,The Hatching,2014,"Comedy, Horror, Science Fiction",tmdb_genre_Comedy
391627,Heather and Puggly Drop a Deuce,2005,"Comedy, Horror",tmdb_genre_Comedy
391630,Heather and Puggly Cock Block the Apocalypse,2006,"Comedy, Horror",tmdb_genre_Comedy
391945,Winners Tape All: The Henderson Brothers Story,2016,"Comedy, Horror",tmdb_genre_Comedy
392050,Big Bad,2016,"Action, Adventure, Comedy, Horror, Science Fiction, Thriller",tmdb_genre_Comedy
392058,"Fear, Inc.",2016,"Comedy, Horror, Thriller",tmdb_genre_Comedy
393424,Deadlock,1997,"Comedy, Horror",tmdb_genre_Comedy
393513,Evil Bong: High 5,2016,"Comedy, Horror",tmdb_genre_Comedy
394552,Tabloid Vivant,2016,"Comedy, Drama, Horror, Mystery, Thriller",tmdb_genre_Comedy
395435,Grace's Room,2016,"Comedy, Fantasy, Horror",tmdb_genre_Comedy
395982,Prevenge,2017,"Comedy, Drama, Fantasy, Horror, Thriller",tmdb_genre_Comedy
396321,Puppet Master: The Littlest Reich,2018,"Comedy, Horror",tmdb_genre_Comedy
398798,The Night Watchmen,2017,"Comedy, Horror",tmdb_genre_Comedy
399191,Erotic Vampires of Beverly Hills,2015,"Comedy, Horror",tmdb_genre_Comedy
399196,Lady Chatterley's Ghost,2011,"Comedy, Horror",tmdb_genre_Comedy
399199,Twilight Vamps,2010,"Comedy, Horror, Romance",tmdb_genre_Comedy
399592,Instruments of Evil,2016,"Comedy, Horror",tmdb_genre_Comedy
400170,Pitfire of Hell,2016,"Comedy, Horror",tmdb_genre_Comedy
400272,"Mutantz, Nazis and Zombies",2013,"Comedy, Horror",tmdb_genre_Comedy
400649,Attack of the Killer Donuts,2016,"Comedy, Horror",tmdb_genre_Comedy
400670,Vampire Whores from Outer Space,2005,"Action, Comedy, Horror",tmdb_genre_Comedy
400768,Killer Piñata,2017,"Comedy, Horror",tmdb_genre_Comedy
401106,Dark Woods,2003,"Adventure, Comedy, Horror",tmdb_genre_Comedy
401139,The Killer in the House,2016,"Action, Comedy, Horror",tmdb_genre_Comedy
401561,Mom and Dad,2018,"Comedy, Horror, Thriller",tmdb_genre_Comedy
401621,Lights Camera Dead,2007,"Comedy, Horror",tmdb_genre_Comedy
402448,"Bullets, Fangs and Dinner at 8",2015,"Comedy, Crime, Drama, Horror, Mystery, Thriller",tmdb_genre_Comedy
402976,Range 15,2016,"Comedy, Horror",tmdb_genre_Comedy
402989,She's Allergic to Cats,2016,"Comedy, Horror, Romance",tmdb_genre_Comedy
403100,Scared Topless,2015,"Comedy, Horror, Mystery, Romance",tmdb_genre_Comedy
403313,The Orchard End Murder,1981,"Comedy, Crime, Drama, Horror, Thriller",tmdb_genre_Comedy
403599,Dolly Deadly,2016,"Comedy, Drama, Horror",tmdb_genre_Comedy
404073,Ghost Team,2016,"Comedy, Horror",tmdb_genre_Comedy
404588,The Cruel Tale of the Medicine Man,2015,"Comedy, Fantasy, Horror",tmdb_genre_Comedy
405795,Confessions,2016,"Comedy, Drama, Horror, Thriller",tmdb_genre_Comedy
406994,Better Watch Out,2017,"Comedy, Horror, Thriller",tmdb_genre_Comedy
407365,I Had A Bloody Good Time At House Harker,2016,"Comedy, Horror",tmdb_genre_Comedy
407378,Collinsville Two: Axes of Evil,2004,"Comedy, Horror",tmdb_genre_Comedy
408140,Blood Moon,2016,"Comedy, Horror, Thriller",tmdb_genre_Comedy
408211,Ibiza Undead,2017,"Action, Comedy, Horror",tmdb_genre_Comedy
408490,It Came from the Desert,2017,"Action, Comedy, Horror",tmdb_genre_Comedy
408582,Egomaniac,2016,"Comedy, Horror",tmdb_genre_Comedy
408650,Creeporia,2014,"Comedy, Horror",tmdb_genre_Comedy
409259,Lumber vs. Jack,2014,"Comedy, Horror, Science Fiction",tmdb_genre_Comedy
410256,Chip & Bernie's Zomance,2015,"Adventure, Comedy, Horror",tmdb_genre_Comedy
411549,Kuso,2017,"Animation, Comedy, Drama, Fantasy, Horror",tmdb_genre_Comedy
412257,High School Spirits,1986,"Comedy, Horror",tmdb_genre_Comedy
412542,Inside Scarlett,2016,"Comedy, Horror",tmdb_genre_Comedy
412741,Auto Shop of Horrors,2016,"Comedy, Horror",tmdb_genre_Comedy
412758,Eat Locals,2017,"Action, Comedy, Horror",tmdb_genre_Comedy
412764,Soft Matter,2018,"Comedy, Horror, Science Fiction",tmdb_genre_Comedy
413857,Tragedy Girls,2017,"Comedy, Horror",tmdb_genre_Comedy
414204,Jack 'O' Slasher,2012,"Comedy, Horror",tmdb_genre_Comedy
415016,Fake Blood,2010,"Comedy, Horror",tmdb_genre_Comedy
415446,Error in the Ménage,2014,"Comedy, Drama, Horror",tmdb_genre_Comedy
416154,CarousHELL,2016,"Comedy, Horror",tmdb_genre_Comedy
417147,Dug Up,2013,"Comedy, Horror",tmdb_genre_Comedy
418406,Night on Has Been Mountain,2010,"Comedy, Horror",tmdb_genre_Comedy
418947,The Big F,2016,"Comedy, Horror",tmdb_genre_Comedy
419479,The Babysitter,2017,"Comedy, Horror",tmdb_genre_Comedy
419747,Halloweed,2016,"Comedy, Horror",tmdb_genre_Comedy
421131,The Carmilla Movie,2017,"Comedy, Horror, Romance",tmdb_genre_Comedy
421555,No Good Heroes,2018,"Comedy, Drama, Horror",tmdb_genre_Comedy
423383,Mercy Christmas,2017,"Action, Comedy, Horror",tmdb_genre_Comedy
423787,Hank Boyd Is Dead,2015,"Comedy, Horror, Thriller",tmdb_genre_Comedy
423930,I Was a Teenage Wereskunk,2016,"Comedy, Horror",tmdb_genre_Comedy
424031,West Skerra Light,2016,"Comedy, Drama, Horror",tmdb_genre_Comedy
424109,Kill House,2006,"Comedy, Horror",tmdb_genre_Comedy
424133,Feast of the Vampires,2010,"Comedy, Horror",tmdb_genre_Comedy
425205,Texas Voodoo Zombies,2016,"Comedy, Horror",tmdb_genre_Comedy
425576,Cinemaphobia,2009,"Comedy, Drama, Horror",tmdb_genre_Comedy
425931,The Black Room,2017,"Comedy, Horror",tmdb_genre_Comedy
425938,I Am Nightmare,2014,"Animation, Comedy, Fantasy, Horror",tmdb_genre_Comedy
426565,The Devil's Restaurant,2017,"Comedy, Horror",tmdb_genre_Comedy
426730,Kecoh! Primadona Kena Hantu!,2016,"Comedy, Horror",tmdb_genre_Comedy
427007,Otis N' Dwayne,2013,"Comedy, Fantasy, Horror, Science Fiction",tmdb_genre_Comedy
427106,Dark Prism,2015,"Comedy, Fantasy, Horror",tmdb_genre_Comedy
427941,The Craving,2011,"Comedy, Drama, Horror",tmdb_genre_Comedy
427967,Preternatural,2016,"Comedy, Horror, Mystery",tmdb_genre_Comedy
428282,Never Open the Door,2014,"Comedy, Horror, Science Fiction",tmdb_genre_Comedy
428304,House of the Damned,1996,"Comedy, Horror",tmdb_genre_Comedy
428402,Hot Tub Party Massacre,2016,"Comedy, Horror",tmdb_genre_Comedy
429733,Mayhem,2017,"Action, Comedy, Horror",tmdb_genre_Comedy
430589,Superstar Female Serial Killer,2000,"Comedy, Crime, Drama, Horror, Mystery, Thriller",tmdb_genre_Comedy
430981,Wolf Tracer's Dinosaur Island,2004,"Adventure, Animation, Comedy, Family, Fantasy, Horror, TV Movie",tmdb_genre_Comedy
431109,Inhumanwich!,2016,"Comedy, Horror, Science Fiction",tmdb_genre_Comedy
432212,Pine Bros. Presents: Cinema Insomnia Haunted House Special,2013,"Comedy, Horror",tmdb_genre_Comedy
433941,Dave Made a Maze,2017,"Adventure, Comedy, Fantasy, Horror",tmdb_genre_Comedy
434080,Double Date,2017,"Comedy, Horror",tmdb_genre_Comedy
434389,The Ice Cream Truck,2017,"Comedy, Horror, Mystery, Thriller",tmdb_genre_Comedy
434593,Devil's Domain,2017,"Comedy, Horror",tmdb_genre_Comedy
434661,Zombie Pizza,2017,"Comedy, Horror",tmdb_genre_Comedy
434873,It Stains the Sands Red,2016,"Comedy, Drama, Horror",tmdb_genre_Comedy
435007,Swamp Ape,2017,"Comedy, Horror, Thriller",tmdb_genre_Comedy
435172,A Guidebook to Killing Your Ex,2016,"Comedy, Drama, Horror",tmdb_genre_Comedy
435448,Dark Seduction,2015,"Comedy, Fantasy, Horror",tmdb_genre_Comedy
435689,Werewolf Bitches from Outer Space,2017,"Comedy, Horror",tmdb_genre_Comedy
437041,Massacre on Aisle 12,2016,"Comedy, Horror",tmdb_genre_Comedy
437518,Friend of the World,2020,"Comedy, Horror, Science Fiction",tmdb_genre_Comedy
437634,3:33 a.m.,2015,"Comedy, Horror",tmdb_genre_Comedy
439032,Getting Schooled,2017,"Comedy, Horror",tmdb_genre_Comedy
439417,Nailed,2007,"Action, Comedy, Horror",tmdb_genre_Comedy
440021,Happy Death Day,2017,"Comedy, Horror, Mystery",tmdb_genre_Comedy
440085,KL24: Zombies,2017,"Action, Comedy, Horror",tmdb_genre_Comedy
440559,Housesitters,2018,"Comedy, Horror",tmdb_genre_Comedy
440876,Sheborg Massacre,2016,"Action, Adventure, Comedy, Horror, Science Fiction",tmdb_genre_Comedy
440949,Wild Men,2017,"Adventure, Comedy, Horror",tmdb_genre_Comedy
441669,Butcher the Bakers,2017,"Comedy, Fantasy, Horror",tmdb_genre_Comedy
442062,Goosebumps 2: Haunted Halloween,2018,"Adventure, Comedy, Family, Fantasy, Horror",tmdb_genre_Comedy
442560,Grampa’s Monster Movies,1988,"Comedy, Fantasy, Horror",tmdb_genre_Comedy
442801,#FromJennifer,2017,"Comedy, Horror, Thriller",tmdb_genre_Comedy
445101,The Bare Wench Project 5: The Final Chapter,2005,"Comedy, Horror",tmdb_genre_Comedy
445247,Wild Spirit,2003,"Comedy, Horror, Romance",tmdb_genre_Comedy
445782,Vampires of Sorority Row,1999,"Comedy, Horror",tmdb_genre_Comedy
445874,My Uncle John Is a Zombie!,2017,"Comedy, Horror",tmdb_genre_Comedy
445902,Dick Johnson & Tommygun vs. The Cannibal Cop,2016,"Comedy, Horror",tmdb_genre_Comedy
446101,Assassination Nation,2018,"Comedy, Horror, Thriller",tmdb_genre_Comedy
446463,Dear Diary,1989,"Comedy, Horror, Mystery",tmdb_genre_Comedy
446464,The Black Witch Project,2001,"Comedy, Horror",tmdb_genre_Comedy
447159,Room-Mates,2017,"Comedy, Horror",tmdb_genre_Comedy
448683,Drakula Goes to R.P.,1973,"Comedy, Horror",tmdb_genre_Comedy
448975,Anderson Bench,2016,"Comedy, Drama, Horror",tmdb_genre_Comedy
449011,The Transformation: A Sandwich of Nightmares,1974,"Comedy, Horror",tmdb_genre_Comedy
449535,Dead Shack,2017,"Action, Comedy, Horror, Thriller",tmdb_genre_Comedy
450103,Black Holler,2017,"Comedy, Horror",tmdb_genre_Comedy
450464,Creepin',2001,"Comedy, Horror",tmdb_genre_Comedy
451301,The Dismembered,1962,"Comedy, Horror",tmdb_genre_Comedy
451916,The Return of the Forest Monster,2003,"Comedy, Horror",tmdb_genre_Comedy
452378,For a Few Zombies More,2015,"Comedy, Horror",tmdb_genre_Comedy
452474,The Devil Made Me Do It,1974,"Comedy, Horror",tmdb_genre_Comedy
453200,Evil Bong 666,2017,"Comedy, Horror",tmdb_genre_Comedy
453299,Sublimate,2016,"Comedy, Horror, Music, Science Fiction",tmdb_genre_Comedy
453579,Evil Cult,2003,"Action, Comedy, Horror",tmdb_genre_Comedy
454416,First Man on Mars,2016,"Comedy, Horror, Science Fiction",tmdb_genre_Comedy
455739,Alien Vs. Zombies,2017,"Adventure, Comedy, Horror",tmdb_genre_Comedy
456659,A Grim Becoming,2014,"Action, Comedy, Horror",tmdb_genre_Comedy
456862,Garden Party Massacre,2017,"Comedy, Horror",tmdb_genre_Comedy
457532,Terror Of The Killer Carnivorous Coat,2011,"Comedy, Horror, Thriller",tmdb_genre_Comedy
457712,The VelociPastor,2018,"Action, Comedy, Horror",tmdb_genre_Comedy
457765,Deceptors,2005,"Comedy, Fantasy, Horror",tmdb_genre_Comedy
457943,Slaughterhouse Rulez,2018,"Action, Comedy, Fantasy, Horror",tmdb_genre_Comedy
458297,President's Day,2016,"Comedy, Horror",tmdb_genre_Comedy
458405,The ParaPod:  A Very British Ghost Hunt,2020,"Comedy, Documentary, Horror",tmdb_genre_Comedy
458676,Demon Hole,2017,"Comedy, Horror",tmdb_genre_Comedy
458957,Shelved,2016,"Comedy, Horror",tmdb_genre_Comedy
458979,The Magnificent Dead,2010,"Comedy, Horror",tmdb_genre_Comedy
459202,Boo 2! A Madea Halloween,2017,"Comedy, Horror",tmdb_genre_Comedy
459717,Guarding Evil,2018,"Comedy, Horror",tmdb_genre_Comedy
460566,Camp Killer,2016,"Comedy, Horror",tmdb_genre_Comedy
460778,Wakers,2014,"Comedy, Fantasy, Horror",tmdb_genre_Comedy
460910,The Haunted House on Kirby Road,2016,"Adventure, Comedy, Horror",tmdb_genre_Comedy
461423,Terror in the Tropics,2006,"Comedy, Horror, Thriller",tmdb_genre_Comedy
461767,Canaries,2017,"Comedy, Horror, Science Fiction",tmdb_genre_Comedy
461773,Lowlife,2017,"Comedy, Crime, Horror, Thriller",tmdb_genre_Comedy
461928,Anna and the Apocalypse,2018,"Comedy, Fantasy, Horror",tmdb_genre_Comedy
462300,Bonejangles,2017,"Comedy, Horror",tmdb_genre_Comedy
462882,Polterheist,2018,"Comedy, Crime, Horror",tmdb_genre_Comedy
463708,Billy & Mandy: Wrath of the Spider Queen,2007,"Animation, Comedy, Fantasy, Horror",tmdb_genre_Comedy
463737,Granny of the Dead,2017,"Comedy, Horror",tmdb_genre_Comedy
464744,Attack of the Adult Babies,2017,"Comedy, Horror",tmdb_genre_Comedy
464745,Fanged Up,2017,"Comedy, Horror",tmdb_genre_Comedy
464910,60 Seconds of Solitude in Year Zero,2011,"Animation, Comedy, Documentary, Drama, Horror, Mystery, Thriller",tmdb_genre_Comedy
465177,Meltdown,2014,"Comedy, Horror",tmdb_genre_Comedy
467629,Mockingbird Lane,2012,"Comedy, Fantasy, Horror, TV Movie",tmdb_genre_Comedy
467839,Predator World,2017,"Comedy, Horror, Science Fiction",tmdb_genre_Comedy
467859,Todd and the Book of Pure Evil: The End of the End,2017,"Animation, Comedy, Horror",tmdb_genre_Comedy
468091,Alien Invasion,2018,"Comedy, Horror, Science Fiction",tmdb_genre_Comedy
468332,Mississippi River Sharks,2017,"Comedy, Horror, Thriller",tmdb_genre_Comedy
469532,Plaga Zombie: American Invasion,2021,"Action, Comedy, Horror",tmdb_genre_Comedy
469715,Snake Outta Compton,2018,"Comedy, Horror, Science Fiction",tmdb_genre_Comedy
469917,Sodomaniac,2015,"Comedy, Horror",tmdb_genre_Comedy
471346,A Very Very Sexy Snuff Movie,2012,"Comedy, Horror",tmdb_genre_Comedy
471347,When the Old Phone Rings,2017,"Comedy, Horror",tmdb_genre_Comedy
471916,Jaws of the Shark,2012,"Comedy, Horror",tmdb_genre_Comedy
472226,Blood Fest,2018,"Comedy, Horror",tmdb_genre_Comedy
472338,Victor Crowley,2017,"Comedy, Horror",tmdb_genre_Comedy
472726,Sugar Skull Girls,2016,"Comedy, Horror",tmdb_genre_Comedy
472945,Space Boobs In Space,2017,"Comedy, Horror, Science Fiction",tmdb_genre_Comedy
473826,Hellitosis: The Legend of Stankmouth,2017,"Comedy, Horror",tmdb_genre_Comedy
474105,Bong of the Living Dead,2017,"Comedy, Horror",tmdb_genre_Comedy
474810,Ghastlies,2016,"Comedy, Horror, Science Fiction",tmdb_genre_Comedy
475220,In Fabric,2018,"Comedy, Fantasy, Horror",tmdb_genre_Comedy
477069,Date of the Dead,2017,"Comedy, Horror",tmdb_genre_Comedy
477264,Young Harvest,2013,"Comedy, Horror, Thriller",tmdb_genre_Comedy
477704,Crustacean,2009,"Comedy, Horror",tmdb_genre_Comedy
477835,The Muffin Man,2006,"Comedy, Horror",tmdb_genre_Comedy
478311,Zap,2002,"Comedy, Horror",tmdb_genre_Comedy
478554,The First Date,2017,"Comedy, Horror",tmdb_genre_Comedy
478811,Zombie City,2017,"Comedy, Horror, Science Fiction",tmdb_genre_Comedy
479854,Natural Born Filmmakers,2016,"Action, Comedy, Drama, Horror",tmdb_genre_Comedy
480635,Frazier Park Recut,2019,"Comedy, Horror, Thriller",tmdb_genre_Comedy
480923,Dead Ant,2017,"Comedy, Horror",tmdb_genre_Comedy
481061,The Midnight Man,2017,"Comedy, Horror",tmdb_genre_Comedy
481717,Solomon's Requiem,2017,"Comedy, Horror, Thriller",tmdb_genre_Comedy
481849,Living Among Us,2018,"Comedy, Fantasy, Horror, Science Fiction, Thriller",tmdb_genre_Comedy
482974,House Shark,2017,"Comedy, Horror",tmdb_genre_Comedy
483096,Gags The Clown,2019,"Comedy, Horror, Thriller",tmdb_genre_Comedy
483851,Scareycrows,2017,"Comedy, Horror",tmdb_genre_Comedy
484624,What Lies Beyond... The Beginning,2014,"Comedy, Horror",tmdb_genre_Comedy
485003,The Legend of Sleepy Hollow,1985,"Comedy, Family, Horror, TV Movie",tmdb_genre_Comedy
485969,Lost & Found: The True Hollywood Story of Silver Screen Cinema Pictures International,2017,"Comedy, Horror",tmdb_genre_Comedy
486350,Dreamland,2019,"Comedy, Fantasy, Horror, Mystery",tmdb_genre_Comedy
487660,Tarnation,2017,"Comedy, Horror",tmdb_genre_Comedy
488265,The Dead Can't Dance,2010,"Comedy, Horror, Science Fiction",tmdb_genre_Comedy
488366,6:66 PM,2017,"Comedy, Horror",tmdb_genre_Comedy
489428,An Accidental Zombie (Named Ted),2017,"Comedy, Horror, Romance",tmdb_genre_Comedy
489811,Dying 2 Meet U,2012,"Comedy, Horror, Thriller",tmdb_genre_Comedy
491611,ZBurbs,2017,"Comedy, Horror",tmdb_genre_Comedy
492034,School Spirits,2017,"Adventure, Comedy, Fantasy, Horror",tmdb_genre_Comedy
492561,The Great Satan,2018,"Comedy, Fantasy, Horror",tmdb_genre_Comedy
493440,Working Stiffs,1989,"Comedy, Horror",tmdb_genre_Comedy
493498,Attack of the Flesh Devouring Space Worms from Space,1998,"Action, Comedy, Horror, Science Fiction",tmdb_genre_Comedy
494703,Convention of the Dead,2016,"Action, Comedy, Horror",tmdb_genre_Comedy
496282,The Night Sitter,2018,"Comedy, Horror",tmdb_genre_Comedy
498673,Attack Of The Bat Monsters,1999,"Comedy, Horror",tmdb_genre_Comedy
498749,The Dark Side of the Womb,2017,"Comedy, Horror",tmdb_genre_Comedy
500957,Psychotic!,2016,"Comedy, Horror",tmdb_genre_Comedy
502104,Seven Stages to Achieve Eternal Bliss,2020,"Comedy, Horror, Thriller",tmdb_genre_Comedy
503125,Little Monsters,2019,"Comedy, Horror",tmdb_genre_Comedy
504730,The Upstairs Neighbour,1994,"Comedy, Drama, Horror, Mystery",tmdb_genre_Comedy
505236,Hens Night,2018,"Comedy, Drama, Horror",tmdb_genre_Comedy
505626,Hell's Kitty,2018,"Comedy, Horror",tmdb_genre_Comedy
506775,Nekrotronic,2018,"Comedy, Horror, Science Fiction",tmdb_genre_Comedy
507245,Clickbait,2019,"Comedy, Horror, Thriller",tmdb_genre_Comedy
507540,Beast Mode,2020,"Comedy, Horror",tmdb_genre_Comedy
507700,Uncle David 2,2018,"Comedy, Horror",tmdb_genre_Comedy
508404,Party Bus To Hell,2018,"Comedy, Horror, Thriller",tmdb_genre_Comedy
509752,Cruising Purgatory,2000,"Comedy, Horror",tmdb_genre_Comedy
510289,Ramekin,2018,"Comedy, Horror",tmdb_genre_Comedy
510388,Villains,2019,"Comedy, Drama, Horror",tmdb_genre_Comedy
511671,Housewife Alien vs. Gay Zombie,2017,"Comedy, Horror",tmdb_genre_Comedy
511778,Shed of the Dead,2019,"Comedy, Horror",tmdb_genre_Comedy
511813,Cannibals and Carpet Fitters,2018,"Comedy, Horror",tmdb_genre_Comedy
511817,Wendell & Wild,2022,"Adventure, Animation, Comedy, Fantasy, Horror",tmdb_genre_Comedy
512105,Jesus H. Zombie,2006,"Comedy, Horror, Science Fiction",tmdb_genre_Comedy
512196,Happy Death Day 2U,2019,"Comedy, Horror, Science Fiction",tmdb_genre_Comedy
512236,Chuck Steel: Night of the Trampires,2018,"Action, Animation, Comedy, Horror",tmdb_genre_Comedy
512408,Ugly Sweater Party,2018,"Comedy, Horror",tmdb_genre_Comedy
512584,Trico Tri Happy Halloween,2018,"Comedy, Family, Horror",tmdb_genre_Comedy
512861,Abduction Day,2013,"Comedy, Horror, Science Fiction",tmdb_genre_Comedy
513062,Unholy Night,2019,"Comedy, Horror",tmdb_genre_Comedy
514538,Forest of the Dead,2007,"Comedy, Horror",tmdb_genre_Comedy
514558,Cynthia,2018,"Comedy, Horror",tmdb_genre_Comedy
514787,At Stake: Vampire Solutions,2012,"Comedy, Horror",tmdb_genre_Comedy
514793,AS:VS Back in Business,2015,"Comedy, Horror",tmdb_genre_Comedy
515362,Maniac Farmer,2019,"Comedy, Horror, Thriller",tmdb_genre_Comedy
515387,American Exorcist,2018,"Comedy, Horror",tmdb_genre_Comedy
515411,Why Hide?,2018,"Comedy, Horror",tmdb_genre_Comedy
515676,Rottentail,2018,"Comedy, Horror",tmdb_genre_Comedy
517662,Sex Madness Revealed,2018,"Comedy, Fantasy, Horror",tmdb_genre_Comedy
518125,Under the Bed,1988,"Comedy, Family, Horror",tmdb_genre_Comedy
518158,Leprechaun Returns,2018,"Comedy, Fantasy, Horror",tmdb_genre_Comedy
518966,Horrorween,2012,"Comedy, Horror",tmdb_genre_Comedy
519523,Evil Bong 777,2018,"Comedy, Fantasy, Horror",tmdb_genre_Comedy
519699,The Next Big Thing,2016,"Comedy, Horror, Thriller",tmdb_genre_Comedy
520023,Bodies Bodies Bodies,2022,"Comedy, Horror, Mystery",tmdb_genre_Comedy
520171,Close Encounters of the Inbred Redneck Kind,2012,"Comedy, Horror, Science Fiction",tmdb_genre_Comedy
520905,Tone-Deaf,2019,"Comedy, Horror, Thriller",tmdb_genre_Comedy
522033,Return of the Scarecrow,2018,"Comedy, Horror",tmdb_genre_Comedy
522101,Fetish Factory,2017,"Comedy, Horror, Science Fiction",tmdb_genre_Comedy
526144,Prisoners of the Dead,2011,"Action, Adventure, Comedy, Drama, Horror",tmdb_genre_Comedy
526208,Leaf Blower Massacre 2,2017,"Comedy, Horror",tmdb_genre_Comedy
526809,The Three Don'ts,2017,"Action, Comedy, Crime, Horror",tmdb_genre_Comedy
527948,Horror and Hamsters,2018,"Comedy, Horror",tmdb_genre_Comedy
528135,Swamp Zombies 2,2018,"Action, Comedy, Horror",tmdb_genre_Comedy
528271,South African Spook Hunter,2018,"Comedy, Horror",tmdb_genre_Comedy
528328,Serial Rabbit V: The Epic Hunt,2017,"Comedy, Horror",tmdb_genre_Comedy
529957,You're So Dead!,2019,"Comedy, Horror, Mystery, Thriller",tmdb_genre_Comedy
530076,Corporate Animals,2019,"Comedy, Horror",tmdb_genre_Comedy
530155,Strip Club Slasher,2010,"Comedy, Crime, Horror, Mystery, Thriller",tmdb_genre_Comedy
530351,Bad Hair,2021,"Comedy, Horror",tmdb_genre_Comedy
530379,The God Inside My Ear,2018,"Comedy, Drama, Horror, Thriller",tmdb_genre_Comedy
531219,Roald Dahl's The Witches,2020,"Adventure, Comedy, Family, Fantasy, Horror",tmdb_genre_Comedy
532648,Dementia Part II,2021,"Comedy, Horror",tmdb_genre_Comedy
532649,Book of Monsters,2019,"Action, Comedy, Horror",tmdb_genre_Comedy
532654,Ravers,2020,"Comedy, Horror",tmdb_genre_Comedy
532658,Killer Weekend,2018,"Comedy, Horror",tmdb_genre_Comedy
532813,Sublimate,2017,"Comedy, Horror",tmdb_genre_Comedy
532838,Deep Murder,2019,"Comedy, Horror",tmdb_genre_Comedy
533985,Bit,2019,"Comedy, Horror",tmdb_genre_Comedy
534282,Head,2015,"Comedy, Horror, Horror",tmdb_genre_Comedy
535581,The Dead Don't Die,2019,"Comedy, Fantasy, Horror",tmdb_genre_Comedy
535584,Kiki Meets the Vampires,2014,"Comedy, Horror",tmdb_genre_Comedy
538227,Extra Ordinary,2019,"Comedy, Fantasy, Horror",tmdb_genre_Comedy
538902,The Beaumonts,2018,"Comedy, Horror, Thriller",tmdb_genre_Comedy
539064,Zombie World 2,2017,"Comedy, Horror",tmdb_genre_Comedy
539364,Satanic Panic,2019,"Comedy, Horror",tmdb_genre_Comedy
540132,Pledges,2018,"Comedy, Horror",tmdb_genre_Comedy
540836,Blood Paradise,2018,"Comedy, Horror, Mystery",tmdb_genre_Comedy
541099,DeadTectives,2019,"Comedy, Horror",tmdb_genre_Comedy
542620,Evil Night,2014,"Comedy, Horror",tmdb_genre_Comedy
543306,The Teeth Beneath,2005,"Comedy, Horror",tmdb_genre_Comedy
543471,Monsterpiece Theatre Volume 1,2011,"Comedy, Horror",tmdb_genre_Comedy
543511,King of the Underground,2011,"Comedy, Drama, Horror",tmdb_genre_Comedy
543988,Lake Michigan Monster,2018,"Comedy, Fantasy, Horror, Mystery",tmdb_genre_Comedy
544294,Incredible Violence,2018,"Comedy, Horror",tmdb_genre_Comedy
545497,Grindsploitation 2: The Lost Reels,2016,"Action, Comedy, Horror",tmdb_genre_Comedy
545598,An Hour To Kill,2018,"Action, Comedy, Horror",tmdb_genre_Comedy
545749,Groundhog,2017,"Comedy, Horror",tmdb_genre_Comedy
546276,Zombies Ate My Prom Date,2008,"Animation, Comedy, Horror",tmdb_genre_Comedy
547261,Above All Things,2018,"Comedy, Drama, Horror, Romance, Thriller",tmdb_genre_Comedy
548064,You Might Be the Killer,2019,"Comedy, Horror, Mystery",tmdb_genre_Comedy
548650,Beach Blanket Frankenstein,2015,"Comedy, Horror",tmdb_genre_Comedy
548725,College Fright Night,2014,"Comedy, Horror",tmdb_genre_Comedy
549077,Better Off Zed,2018,"Comedy, Drama, Horror",tmdb_genre_Comedy
549703,Girls Just Wanna Have Blood,2020,"Comedy, Horror",tmdb_genre_Comedy
550863,Crazy Fat Ethel,2016,"Comedy, Horror",tmdb_genre_Comedy
551429,Camp Death III in 2D!,2018,"Comedy, Horror",tmdb_genre_Comedy
551554,American Nightmares,2018,"Comedy, Horror",tmdb_genre_Comedy
551804,Freaky,2020,"Comedy, Fantasy, Horror, Thriller",tmdb_genre_Comedy
552443,Party Day Massacre Stories,2018,"Comedy, Horror",tmdb_genre_Comedy
552504,Zoo,2019,"Comedy, Drama, Horror, Romance",tmdb_genre_Comedy
552540,Beyond the Valley of Belief,2017,"Comedy, Horror",tmdb_genre_Comedy
552541,Beyond the Valley of Belief Volume 2: Fritz on the Run,2018,"Comedy, Horror",tmdb_genre_Comedy
552681,High on the Hog,2019,"Action, Comedy, Crime, Drama, Horror, Thriller",tmdb_genre_Comedy
552836,"Dark, Deadly & Dreadful",2018,"Comedy, Horror",tmdb_genre_Comedy
553010,Out There Halloween Mega Tape,2022,"Comedy, Horror",tmdb_genre_Comedy
553172,Anonymous Zombie,2018,"Comedy, Horror",tmdb_genre_Comedy
554100,Triggered,2019,"Comedy, Horror, Thriller",tmdb_genre_Comedy
554692,DR. BENDERFAX,1997,"Comedy, Horror",tmdb_genre_Comedy
554762,Death to Metal,2018,"Comedy, Horror",tmdb_genre_Comedy
554984,Beware the Eye of Amun-Ra,2018,"Adventure, Comedy, Horror",tmdb_genre_Comedy
555059,Flesh Blanket,2018,"Comedy, Horror",tmdb_genre_Comedy
555249,Killer High,2018,"Comedy, Horror, TV Movie",tmdb_genre_Comedy
555694,Road Meat,1989,"Comedy, Horror",tmdb_genre_Comedy
556810,Crack Whore,2015,"Comedy, Horror",tmdb_genre_Comedy
556870,Weird Fiction,2018,"Comedy, Horror",tmdb_genre_Comedy
558294,Halloween at Aunt Ethel's,2019,"Comedy, Horror",tmdb_genre_Comedy
558534,Continuance,2021,"Comedy, Horror",tmdb_genre_Comedy
558684,Slimoids,2018,"Comedy, Horror, Science Fiction",tmdb_genre_Comedy
558742,Ghost Light,2018,"Comedy, Horror",tmdb_genre_Comedy
560149,Bikini Vampire Babes,2010,"Comedy, Horror",tmdb_genre_Comedy
560577,Clownado,2023,"Horror, Comedy",tmdb_genre_Comedy
561423,Bloodsucka Jones vs. The Creeping Death,2017,"Comedy, Horror",tmdb_genre_Comedy
561927,Lake Fear 3,2018,"Comedy, Horror",tmdb_genre_Comedy
562527,Bloody Rage of Bigfoot,2010,"Comedy, Horror",tmdb_genre_Comedy
562746,Execution,2010,"Comedy, Horror",tmdb_genre_Comedy
563466,Mandao of the Dead,2018,"Comedy, Horror, Science Fiction",tmdb_genre_Comedy
563541,Chainsaw Maidens from Hell,2016,"Comedy, Horror",tmdb_genre_Comedy
563630,Sledgehammer,2017,"Comedy, Horror",tmdb_genre_Comedy
563635,Halloween Mind Massacre,2018,"Comedy, Horror",tmdb_genre_Comedy
564082,30 Miles from Nowhere,2018,"Comedy, Horror",tmdb_genre_Comedy
564090,The Hoard,2018,"Comedy, Horror",tmdb_genre_Comedy
564366,Strange Vibes,2018,"Comedy, Horror, Music",tmdb_genre_Comedy
564612,Jack vs. Lanterns,2017,"Comedy, Horror, Science Fiction",tmdb_genre_Comedy
565515,Camp Twilight,2020,"Comedy, Horror",tmdb_genre_Comedy
565608,Attack of the Tromaggot,2010,"Comedy, Horror",tmdb_genre_Comedy
565725,Necro-Mancing Dennis,2018,"Comedy, Drama, Horror",tmdb_genre_Comedy
565762,Last American Horror Show,2018,"Comedy, Horror",tmdb_genre_Comedy
566107,Nosferatu's Crush,2006,"Comedy, Horror",tmdb_genre_Comedy
566644,Kiss My Ashes,2018,"Comedy, Horror",tmdb_genre_Comedy
566661,Prudence Drive,2018,"Comedy, Horror",tmdb_genre_Comedy
566805,Mad Heidi,2022,"Action, Adventure, Comedy, Fantasy, Horror",tmdb_genre_Comedy
567418,Chickens Blood,2019,"Comedy, Horror",tmdb_genre_Comedy
567609,Ready or Not,2019,"Comedy, Horror, Thriller",tmdb_genre_Comedy
567971,Vampires vs. the Bronx,2020,"Comedy, Horror",tmdb_genre_Comedy
568372,A Zombie Movie,2009,"Comedy, Horror",tmdb_genre_Comedy
568667,The Good Exorcist,2018,"Comedy, Horror",tmdb_genre_Comedy
569957,Llamageddon,2015,"Comedy, Horror",tmdb_genre_Comedy
571518,At The End Of The Tunnel,2018,"Comedy, Horror",tmdb_genre_Comedy
571908,Nightmare on 34th Street,2023,"Horror, Comedy",tmdb_genre_Comedy
571932,Mortuary Massacre,2017,"Comedy, Horror",tmdb_genre_Comedy
573766,Attack of the Killer Shrews!,2016,"Comedy, Horror",tmdb_genre_Comedy
574009,The Atomic Space Bug,1999,"Action, Comedy, Horror",tmdb_genre_Comedy
574030,Here Comes Hell,2019,"Comedy, Horror",tmdb_genre_Comedy
574284,Harpoon,2019,"Comedy, Horror, Thriller",tmdb_genre_Comedy
576004,Porno,2019,"Comedy, Horror",tmdb_genre_Comedy
576611,Frankenstein In A Women's Prison,2017,"Comedy, Horror",tmdb_genre_Comedy
577951,Connect 5,1996,"Comedy, Horror",tmdb_genre_Comedy
579091,The Drone,2021,"Comedy, Horror",tmdb_genre_Comedy
579403,Moonshine Meat Market Mayhem,2016,"Action, Comedy, Horror",tmdb_genre_Comedy
580428,Big Shark,2023,"Horror, Comedy",tmdb_genre_Comedy
580629,Get Duked!,2019,"Action, Comedy, Horror",tmdb_genre_Comedy
580632,Snatchers,2019,"Comedy, Horror, Science Fiction",tmdb_genre_Comedy
580633,Tales from the Lodge,2019,"Comedy, Horror",tmdb_genre_Comedy
580857,Death Toilet,2018,"Comedy, Horror, War",tmdb_genre_Comedy
582286,Monster with a Movie Camera,2019,"Comedy, Horror",tmdb_genre_Comedy
583186,The Phantom Eye,1999,"Comedy, Horror",tmdb_genre_Comedy
583755,Limbo,2019,"Comedy, Horror",tmdb_genre_Comedy
583984,Re-Elected,2020,"Comedy, Horror",tmdb_genre_Comedy
585013,Shakespeare’s Shitstorm,2020,"Comedy, Horror, Music",tmdb_genre_Comedy
586044,I'm Just F*cking with You,2019,"Comedy, Horror, TV Movie",tmdb_genre_Comedy
586592,Come to Daddy,2019,"Comedy, Horror, Thriller",tmdb_genre_Comedy
586992,Maggots,2019,"Comedy, Horror",tmdb_genre_Comedy
587138,Driven,2019,"Comedy, Horror, Thriller",tmdb_genre_Comedy
587203,Camp Wedding,2019,"Comedy, Horror, Mystery",tmdb_genre_Comedy
588080,The Final Ride,2021,"Comedy, Horror",tmdb_genre_Comedy
588670,Silk Scream,2017,"Comedy, Horror",tmdb_genre_Comedy
589384,Rose and Viktor: No Mercy,2017,"Comedy, Horror",tmdb_genre_Comedy
589427,The Focusing Effect,2018,"Comedy, Drama, Horror",tmdb_genre_Comedy
589812,Vampz!,2019,"Comedy, Horror",tmdb_genre_Comedy
590019,Fingers,2019,"Comedy, Crime, Horror",tmdb_genre_Comedy
592207,Locus of Control,2018,"Comedy, Drama, Horror, Mystery, Thriller",tmdb_genre_Comedy
592485,Zoombies 2,2019,"Action, Adventure, Comedy, Horror",tmdb_genre_Comedy
592973,Mass Hysteria,2019,"Comedy, Horror",tmdb_genre_Comedy
593643,The Menu,2022,"Comedy, Horror",tmdb_genre_Comedy
594072,Ghoul Scout Zombie Massacre,2018,"Comedy, Horror",tmdb_genre_Comedy
594528,127 B,2017,"Comedy, Horror",tmdb_genre_Comedy
596274,Face Eater,2008,"Comedy, Crime, Horror",tmdb_genre_Comedy
596320,Spunk's Not Dead,2019,"Action, Comedy, Crime, Fantasy, Horror",tmdb_genre_Comedy
596707,Weedjies: Halloweed Night,2019,"Comedy, Horror",tmdb_genre_Comedy
597185,Killing Poe,2016,"Comedy, Horror",tmdb_genre_Comedy
597193,Shakespeare's Plan 12 from Outer Space,1996,"Comedy, Fantasy, Horror",tmdb_genre_Comedy
597856,Critters Attack!,2019,"Comedy, Horror, Science Fiction, TV Movie",tmdb_genre_Comedy
598556,Guys at Parties Like It,2024,"Horror, Thriller, Drama, Comedy",tmdb_genre_Comedy
600250,Sexsquatch 2: Teen Ape vs. Sexsquatch,2016,"Comedy, Horror",tmdb_genre_Comedy
600701,Mama Minta Pulsa,2012,"Comedy, Horror",tmdb_genre_Comedy
604578,Spontaneous,2020,"Comedy, Horror",tmdb_genre_Comedy
605133,Slaxx,2020,"Comedy, Horror",tmdb_genre_Comedy
606344,Attack of the Demons,2019,"Animation, Comedy, Horror",tmdb_genre_Comedy
607338,Krazy House,2024,"Comedy, Horror",tmdb_genre_Comedy
607383,Aquaslash,2019,"Comedy, Horror",tmdb_genre_Comedy
608501,My Neighbor Wants Me Dead,2019,"Comedy, Fantasy, Horror",tmdb_genre_Comedy
608569,WitchStars,2018,"Comedy, Horror, Science Fiction",tmdb_genre_Comedy
608654,The Banana Splits Movie,2019,"Comedy, Horror",tmdb_genre_Comedy
611254,Bad CGI Sharks,2019,"Comedy, Horror",tmdb_genre_Comedy
611639,Dead Dicks,2019,"Comedy, Horror, Science Fiction",tmdb_genre_Comedy
611642,Homewrecker,2020,"Comedy, Horror",tmdb_genre_Comedy
612565,Dick Dynamite: 1944,2024,"Action, Comedy, War, Horror",tmdb_genre_Comedy
613722,Bullets of Justice,2020,"Action, Comedy, Horror, Science Fiction, War",tmdb_genre_Comedy
614198,Are We Dead Yet,2019,"Comedy, Horror",tmdb_genre_Comedy
614200,Eat Brains Love,2019,"Comedy, Horror",tmdb_genre_Comedy
615242,Unleashing the Demons,2019,"Comedy, Horror, Thriller",tmdb_genre_Comedy
615774,Scooby-Doo! Return to Zombie Island,2019,"Adventure, Animation, Comedy, Family, Fantasy, Horror, Mystery",tmdb_genre_Comedy
616073,Return to Horror Hotel,2019,"Comedy, Horror, Science Fiction",tmdb_genre_Comedy
617505,Hubie Halloween,2020,"Comedy, Horror, Mystery",tmdb_genre_Comedy
618057,Jessie's Super Normal Regular Average Day,2019,"Comedy, Horror",tmdb_genre_Comedy
618485,Long Night at Blackstone,2018,"Comedy, Horror",tmdb_genre_Comedy
619745,B Negative,2019,"Comedy, Horror",tmdb_genre_Comedy
619761,Devil Music,2019,"Comedy, Horror",tmdb_genre_Comedy
623464,Zombie Tidal Wave,2019,"Action, Adventure, Comedy, Horror, Science Fiction, Thriller",tmdb_genre_Comedy
623491,The Babysitter: Killer Queen,2020,"Comedy, Horror",tmdb_genre_Comedy
623504,Atlanta Vampire Movie,2018,"Comedy, Horror",tmdb_genre_Comedy
624774,Butt Boy,2020,"Comedy, Fantasy, Horror, Thriller",tmdb_genre_Comedy
628446,Killer Sofa,2019,"Comedy, Horror",tmdb_genre_Comedy
629554,The Head,2019,"Comedy, Horror, Romance",tmdb_genre_Comedy
631380,One Must Fall,2018,"Comedy, Horror",tmdb_genre_Comedy
631790,Six Hot Chicks in a Warehouse,2019,"Action, Comedy, Horror",tmdb_genre_Comedy
634880,The Invisible Mother,2018,"Comedy, Horror, Science Fiction",tmdb_genre_Comedy
635772,Two Heads Creek,2019,"Comedy, Horror",tmdb_genre_Comedy
636800,Hawk and Rev: Vampire Slayers,2020,"Comedy, Horror",tmdb_genre_Comedy
636873,It Wants Blood!,2019,"Comedy, Horror",tmdb_genre_Comedy
636891,Scare Package,2019,"Comedy, Horror",tmdb_genre_Comedy
637161,Slaughter Weekend,2010,"Comedy, Horror",tmdb_genre_Comedy
637893,Knock Knock,2017,"Comedy, Horror",tmdb_genre_Comedy
638635,It Came from Trafalgar,2009,"Comedy, Horror, Science Fiction",tmdb_genre_Comedy
639596,Cold Feet,2019,"Comedy, Horror",tmdb_genre_Comedy
640173,15 Things You Didn't Know About Bigfoot,2019,"Comedy, Crime, Horror, Mystery",tmdb_genre_Comedy
641333,"Twitz from Pluto: Graff, Jackass and TV Casualty",2022,"Action, Comedy, Crime, Drama, Horror, Science Fiction",tmdb_genre_Comedy
641395,Clownface,2017,"Action, Comedy, Horror",tmdb_genre_Comedy
641926,Puppet Killer,2019,"Comedy, Horror",tmdb_genre_Comedy
641968,Beast with a Budget,2019,"Comedy, Horror, Thriller",tmdb_genre_Comedy
642099,Blood City Massacre,2011,"Action, Comedy, Horror",tmdb_genre_Comedy
642994,Bob Freeman: Exterminator For Hire,2019,"Comedy, Horror",tmdb_genre_Comedy
643143,Hellarious,2019,"Comedy, Horror",tmdb_genre_Comedy
643373,The Paranormals,2015,"Comedy, Horror",tmdb_genre_Comedy
643586,Willy's Wonderland,2021,"Action, Comedy, Horror",tmdb_genre_Comedy
644950,Urban Fears,2019,"Comedy, Horror",tmdb_genre_Comedy
645519,Pandamonium,2020,"Comedy, Horror",tmdb_genre_Comedy
646108,Philophobia: or the Fear of Falling in Love,2019,"Comedy, Horror",tmdb_genre_Comedy
647302,Benny Loves You,2019,"Comedy, Horror",tmdb_genre_Comedy
649032,Grandma Werewolf,2017,"Comedy, Fantasy, Horror",tmdb_genre_Comedy
649609,Renfield,2023,"Comedy, Fantasy, Horror",tmdb_genre_Comedy
651442,Hunter's Weekend,2019,"Comedy, Horror",tmdb_genre_Comedy
651645,Tennessee Gothic,2019,"Comedy, Horror",tmdb_genre_Comedy
652724,Bigfoot Ate My Boyfriend,2016,"Adventure, Comedy, Horror",tmdb_genre_Comedy
653355,Zombie Massacre,2002,"Comedy, Horror",tmdb_genre_Comedy
653598,Spree,2020,"Comedy, Horror, Thriller",tmdb_genre_Comedy
653643,Scare Me,2020,"Comedy, Horror",tmdb_genre_Comedy
655366,Dial M for Middlesbrough,2019,"Comedy, Horror, Mystery, TV Movie",tmdb_genre_Comedy
656381,Fury,2009,"Comedy, Horror, Music",tmdb_genre_Comedy
656793,Killer Raccoons 2: Dark Christmas in the Dark,2019,"Action, Comedy, Horror",tmdb_genre_Comedy
658883,Bad to the Jones,2011,"Action, Comedy, Horror",tmdb_genre_Comedy
661188,Camp Blood 8: Revelations,2020,"Comedy, Horror",tmdb_genre_Comedy
661690,Lake Artifact,2019,"Comedy, Horror, Science Fiction, Thriller",tmdb_genre_Comedy
662288,The Once and Future Smash,2022,"Comedy, Horror",tmdb_genre_Comedy
662903,I Blame Society,2020,"Comedy, Horror",tmdb_genre_Comedy
662957,Texas Death Trippin',2019,"Comedy, Horror",tmdb_genre_Comedy
663414,Android Re-Enactment,2011,"Comedy, Horror, Science Fiction",tmdb_genre_Comedy
664168,Fat Ass Zombies,2020,"Comedy, Horror",tmdb_genre_Comedy
664588,#funnyFACE,2015,"Comedy, Horror",tmdb_genre_Comedy
665109,A Ghost Waits,2020,"Comedy, Horror, Romance",tmdb_genre_Comedy
667141,12 Hour Shift,2020,"Comedy, Crime, Horror, Thriller",tmdb_genre_Comedy
667154,Uncle Peckerhead,2020,"Comedy, Horror, Music",tmdb_genre_Comedy
667297,Greywood's Plot,2019,"Comedy, Horror",tmdb_genre_Comedy
667824,Primitiva,2019,"Comedy, Horror",tmdb_genre_Comedy
668616,Eye of the Sandman,2010,"Comedy, Horror",tmdb_genre_Comedy
668683,Paranormal Shades,2016,"Comedy, Horror, Mystery",tmdb_genre_Comedy
669376,Road Head,2020,"Comedy, Horror",tmdb_genre_Comedy
669798,Before the Night Is Over,2020,"Comedy, Horror, Thriller",tmdb_genre_Comedy
670428,Psycho Goreman,2020,"Comedy, Horror, Science Fiction",tmdb_genre_Comedy
671725,Chompy & The Girls,2021,"Comedy, Horror",tmdb_genre_Comedy
674482,Ouija Shark,2020,"Comedy, Horror",tmdb_genre_Comedy
674603,Christmas at Dracula's,2015,"Comedy, Horror",tmdb_genre_Comedy
675489,The Frankenstein Monster Project,2019,"Comedy, Horror",tmdb_genre_Comedy
676824,Fuck You Immortality,2019,"Comedy, Fantasy, Horror",tmdb_genre_Comedy
680033,I Need You Dead!,2020,"Comedy, Horror",tmdb_genre_Comedy
680286,Bad Witch,2020,"Comedy, Horror",tmdb_genre_Comedy
680631,Boys from County Hell,2021,"Comedy, Horror",tmdb_genre_Comedy
680653,"Exorcism at 60,000 Feet",2019,"Comedy, Horror",tmdb_genre_Comedy
680734,Crawlers,2020,"Comedy, Horror",tmdb_genre_Comedy
681076,Death Drop Gorgeous,2021,"Comedy, Horror",tmdb_genre_Comedy
681326,It Cuts Deep,2020,"Comedy, Horror",tmdb_genre_Comedy
681457,The Carnivores,2020,"Comedy, Drama, Horror, Mystery, Romance, Thriller",tmdb_genre_Comedy
684420,Corona Zombies,2020,"Comedy, Horror",tmdb_genre_Comedy
685942,Joe Stryker,2019,"Action, Comedy, Crime, Horror",tmdb_genre_Comedy
686684,Pooka Lives!,2020,"Comedy, Horror, TV Movie",tmdb_genre_Comedy
686854,Jesus I Was Evil,2020,"Comedy, Horror",tmdb_genre_Comedy
690546,Ximbi Xombix,2019,"Comedy, Fantasy, Horror",tmdb_genre_Comedy
692436,Darkness Waits,2020,"Comedy, Crime, Horror, Mystery, Thriller",tmdb_genre_Comedy
693676,Attack of the Killer Manatee,1997,"Comedy, Horror",tmdb_genre_Comedy
693907,Barbie & Kendra Save the Tiger King,2020,"Comedy, Horror",tmdb_genre_Comedy
696513,Light From the Tower,2020,"Comedy, Drama, Horror, Mystery",tmdb_genre_Comedy
696822,Bloody Hell,2021,"Comedy, Horror",tmdb_genre_Comedy
699019,Hell Hole,2013,"Comedy, Horror",tmdb_genre_Comedy
699496,They Cry by Night,2020,"Comedy, Horror",tmdb_genre_Comedy
699515,Truckstop Bloodsuckers,2012,"Comedy, Horror",tmdb_genre_Comedy
701909,Vampire Burt's Serenade,2020,"Comedy, Horror, Music",tmdb_genre_Comedy
702608,Sleepaway Slasher,2020,"Comedy, Horror",tmdb_genre_Comedy
703297,Baby Frankenstein,2018,"Comedy, Horror",tmdb_genre_Comedy
704630,Asylum: Twisted Horror & Fantasy Tales,2020,"Comedy, Horror, Science Fiction",tmdb_genre_Comedy
704774,Subferatu,2020,"Comedy, Horror",tmdb_genre_Comedy
706396,Atlanta Zombie Apocalypse,2014,"Comedy, Horror",tmdb_genre_Comedy
706581,It's Only a Movie!,1990,"Comedy, Horror, Music",tmdb_genre_Comedy
706908,Missing In Greenwood,2020,"Comedy, Horror, Thriller",tmdb_genre_Comedy
707396,The Killing Death,2008,"Comedy, Horror",tmdb_genre_Comedy
708808,Witness Infection,2021,"Comedy, Horror",tmdb_genre_Comedy
709514,Cybernetic Showdown,2019,"Action, Comedy, Horror",tmdb_genre_Comedy
710217,A Werewolf in England,2020,"Comedy, Horror",tmdb_genre_Comedy
710717,Good Boy,2020,"Comedy, Horror, Thriller",tmdb_genre_Comedy
712503,Amityville Vibrator,2020,"Comedy, Horror",tmdb_genre_Comedy
713479,Creatures,2021,"Action, Comedy, Horror, Science Fiction",tmdb_genre_Comedy
713703,"Wait, Wait, Don't Kill Me",2020,"Animation, Comedy, Horror, Science Fiction, Thriller",tmdb_genre_Comedy
713951,Hogzilla,2014,"Comedy, Horror",tmdb_genre_Comedy
714995,The Manson Brothers Midnight Zombie Massacre,2021,"Action, Comedy, Horror",tmdb_genre_Comedy
718558,Fried Barry,2020,"Comedy, Horror, Science Fiction",tmdb_genre_Comedy
719072,An Ideal Host,2020,"Comedy, Horror, Science Fiction",tmdb_genre_Comedy
719950,"Stop It, You're Killing Me",2000,"Comedy, Horror",tmdb_genre_Comedy
720046,Cool Summer,2020,"Animation, Comedy, Horror",tmdb_genre_Comedy
720407,Untitled Horror Movie,2021,"Comedy, Horror",tmdb_genre_Comedy
721466,Beyond the Shadows,2020,"Comedy, Horror",tmdb_genre_Comedy
723270,Useless Humans,2021,"Adventure, Comedy, Horror",tmdb_genre_Comedy
726239,Dead,2020,"Comedy, Horror, Mystery",tmdb_genre_Comedy
728054,Vicious Fun,2021,"Comedy, Horror",tmdb_genre_Comedy
728144,The Special,2020,"Comedy, Horror",tmdb_genre_Comedy
728949,Nightbitch,2024,"Comedy, Horror",tmdb_genre_Comedy
729170,Bigfoot!,2020,"Comedy, Horror",tmdb_genre_Comedy
729660,Old Blood,2018,"Comedy, Horror",tmdb_genre_Comedy
730170,Buzzkill New Jersey,2020,"Comedy, Horror",tmdb_genre_Comedy
730180,Beast Lover,2014,"Comedy, Horror",tmdb_genre_Comedy
731163,Pit Stop,2020,"Comedy, Horror",tmdb_genre_Comedy
731491,Hairmetal Shotgun Zombie Massacre: The Movie,2016,"Comedy, Horror",tmdb_genre_Comedy
731727,Cut and Chop,2020,"Comedy, Horror",tmdb_genre_Comedy
732675,The Eliminator,1996,"Action, Comedy, Horror",tmdb_genre_Comedy
732678,The Waiting,2020,"Comedy, Horror",tmdb_genre_Comedy
733852,Spiral Drive,2020,"Comedy, Horror",tmdb_genre_Comedy
733874,A Paranormal Documentary,2020,"Comedy, Horror",tmdb_genre_Comedy
733937,Screwdriver,2020,"Comedy, Horror",tmdb_genre_Comedy
735427,Fix It In Post,2014,"Adventure, Comedy, Horror",tmdb_genre_Comedy
735933,African Kung-Fu Nazis,2019,"Action, Comedy, Horror",tmdb_genre_Comedy
737737,Babysitter Must Die,2021,"Comedy, Horror",tmdb_genre_Comedy
738186,Sister Tempest,2020,"Comedy, Horror, Music, Science Fiction, Thriller",tmdb_genre_Comedy
740991,Monster Killers,2020,"Comedy, Horror",tmdb_genre_Comedy
740994,The Girl with No Name,2017,"Comedy, Horror",tmdb_genre_Comedy
741357,What Happens Next Will Scare You,2020,"Comedy, Horror",tmdb_genre_Comedy
741567,Thrift Shop of Horror,2017,"Comedy, Horror",tmdb_genre_Comedy
741581,Drácula mascafierro,2002,"Comedy, Horror",tmdb_genre_Comedy
741592,Cyst,2020,"Comedy, Horror, Science Fiction",tmdb_genre_Comedy
742254,The Curse of Willow Song,2020,"Action, Adventure, Animation, Comedy, Drama, Fantasy, Horror, Thriller",tmdb_genre_Comedy
743757,Blood Orgy of the Damned,2007,"Comedy, Horror",tmdb_genre_Comedy
745986,Sharkmania: The Top 15 Biggest Baddest Bloodiest Bites,2014,"Comedy, Documentary, Horror, Science Fiction",tmdb_genre_Comedy
747005,The August Club,2020,"Comedy, Family, Horror",tmdb_genre_Comedy
747345,Danni and The Vampire,2022,"Comedy, Horror",tmdb_genre_Comedy
747376,Roommate Wanted,2020,"Comedy, Horror",tmdb_genre_Comedy
747816,Evil Night,2020,"Comedy, Crime, Horror",tmdb_genre_Comedy
748283,Psycho Ape!,2020,"Comedy, Horror",tmdb_genre_Comedy
748407,Murder Bury Win,2020,"Comedy, Crime, Drama, Horror, Thriller",tmdb_genre_Comedy
748589,Housesitter: The Night They Saved Siegfried's Brain,2020,"Comedy, Horror",tmdb_genre_Comedy
749047,Heckle,2020,"Comedy, Drama, Horror",tmdb_genre_Comedy
749086,Spooksbury,2017,"Comedy, Horror",tmdb_genre_Comedy
749645,The Beta Test,2021,"Comedy, Horror, Thriller",tmdb_genre_Comedy
750415,Seven,2016,"Comedy, Horror",tmdb_genre_Comedy
751134,Dead/Undead,2002,"Comedy, Horror",tmdb_genre_Comedy
751251,The Omnipotence of Dreams,2017,"Comedy, Fantasy, Horror",tmdb_genre_Comedy
751360,Spirit Animal,2020,"Comedy, Horror",tmdb_genre_Comedy
751396,Faking a Murderer,2020,"Comedy, Crime, Horror",tmdb_genre_Comedy
751497,Living Arrangements,2009,"Comedy, Drama, Horror",tmdb_genre_Comedy
752354,Monsters of California,2023,"Science Fiction, Adventure, Horror, Comedy",tmdb_genre_Comedy
752834,Scary Bride,2020,"Comedy, Horror",tmdb_genre_Comedy
752968,Life's A Bitch and then One Kills You,2019,"Comedy, Horror",tmdb_genre_Comedy
754343,Follow the Dead,2020,"Comedy, Drama, Horror",tmdb_genre_Comedy
754933,GIRLZ NIGHT,2020,"Comedy, Horror",tmdb_genre_Comedy
755566,Day Shift,2022,"Action, Comedy, Fantasy, Horror",tmdb_genre_Comedy
756523,Stakeout,2020,"Comedy, Horror",tmdb_genre_Comedy
756674,Konga TNT,2020,"Comedy, Horror, Science Fiction",tmdb_genre_Comedy
757853,Kappa Kappa Die,2020,"Comedy, Horror",tmdb_genre_Comedy
757916,Let the Wrong One In,2021,"Comedy, Horror",tmdb_genre_Comedy
758893,Crimson,2020,"Comedy, Horror, Thriller",tmdb_genre_Comedy
761198,YOLO: The Horror Movie,2020,"Comedy, Horror",tmdb_genre_Comedy
763743,Final Caller,2020,"Comedy, Horror",tmdb_genre_Comedy
763820,Sorry I Killed You,2021,"Comedy, Horror",tmdb_genre_Comedy
765758,The Dark Hunter,2003,"Comedy, Horror",tmdb_genre_Comedy
765847,Barbatachthian,2020,"Comedy, Horror",tmdb_genre_Comedy
765869,Black Friday,2021,"Comedy, Horror, Science Fiction",tmdb_genre_Comedy
768507,Debbie and the Devil,2021,"Comedy, Horror, Thriller",tmdb_genre_Comedy
769347,An Inappropriate Affect,2015,"Comedy, Horror, Mystery",tmdb_genre_Comedy
770992,Paintball Massacre,2020,"Comedy, Horror, Thriller",tmdb_genre_Comedy
774123,Abnormal Activity 3,2011,"Comedy, Horror",tmdb_genre_Comedy
774404,Christmas Zombies,2020,"Comedy, Horror",tmdb_genre_Comedy
774454,Red Snow,2021,"Comedy, Horror",tmdb_genre_Comedy
776055,The Last Kiss,2020,"Comedy, Horror",tmdb_genre_Comedy
777250,The Midas Touch,2020,"Comedy, Horror",tmdb_genre_Comedy
777733,Vampire City,2009,"Comedy, Horror",tmdb_genre_Comedy
777739,Vampire City 2: Rock 'N Roll Zombies from Outer Space,2009,"Action, Comedy, Horror",tmdb_genre_Comedy
777830,Samsquanch County,2020,"Comedy, Horror",tmdb_genre_Comedy
778596,Mandao Returns,2020,"Adventure, Comedy, Fantasy, Horror, Science Fiction",tmdb_genre_Comedy
779568,1 Dead Dog,2022,"Comedy, Horror",tmdb_genre_Comedy
781678,Loan Shark Massacre,2018,"Comedy, Horror",tmdb_genre_Comedy
784058,School's Out Forever,2021,"Comedy, Drama, Horror, Thriller",tmdb_genre_Comedy
784075,Attack of the Giant Blurry Finger,2021,"Comedy, Horror, Science Fiction",tmdb_genre_Comedy
786593,Musclecar,2017,"Comedy, Horror, Thriller",tmdb_genre_Comedy
791528,The Hideous Bog Monster,2021,"Comedy, Horror",tmdb_genre_Comedy
792149,Dead Again,2021,"Comedy, Horror, Science Fiction",tmdb_genre_Comedy
792800,Demon,2021,"Comedy, Drama, Horror",tmdb_genre_Comedy
793041,Scream Test,2020,"Comedy, Horror",tmdb_genre_Comedy
793368,Korriganed,2019,"Comedy, Fantasy, Horror",tmdb_genre_Comedy
793794,Menantico Blues,2019,"Comedy, Crime, Horror",tmdb_genre_Comedy
796643,Keeping Company,2021,"Comedy, Horror, Thriller",tmdb_genre_Comedy
797313,Paranormal Prison,2021,"Comedy, Horror, Thriller",tmdb_genre_Comedy
798093,The Blair Witch Rejects,1999,"Comedy, Documentary, Horror",tmdb_genre_Comedy
798104,Hell's Bells,2020,"Comedy, Horror",tmdb_genre_Comedy
798106,Planet Zee,2021,"Comedy, Horror",tmdb_genre_Comedy
799568,IMThem,2021,"Comedy, Horror, Thriller",tmdb_genre_Comedy
800497,Werewolves Within,2021,"Comedy, Horror",tmdb_genre_Comedy
802066,Everybody Gets Stabbed,2020,"Comedy, Horror",tmdb_genre_Comedy
802344,Zombie Abomination: The Italian Zombie - Part 1,2010,"Comedy, Horror, Science Fiction",tmdb_genre_Comedy
805678,Followers,2022,"Comedy, Horror",tmdb_genre_Comedy
807182,The Nanny’s Night,2022,"Comedy, Horror",tmdb_genre_Comedy
808300,Standards of Living,2012,"Comedy, Horror, Science Fiction",tmdb_genre_Comedy
808683,Haunted,1993,"Comedy, Horror",tmdb_genre_Comedy
809524,The Transformations of the Transformations of the Drs. Jenkins,2021,"Comedy, Horror",tmdb_genre_Comedy
810024,Too Late,2021,"Comedy, Horror",tmdb_genre_Comedy
812822,Feast of Burden,2012,"Comedy, Horror, Romance",tmdb_genre_Comedy
813538,The Chamber of Terror,2021,"Comedy, Crime, Horror",tmdb_genre_Comedy
813658,Buzz Cut,2021,"Comedy, Horror",tmdb_genre_Comedy
814764,Eating Cars,2021,"Comedy, Crime, Fantasy, Horror",tmdb_genre_Comedy
816952,My Best Friend's Exorcism,2022,"Comedy, Horror",tmdb_genre_Comedy
817490,Satan's Servant,2021,"Comedy, Horror, Mystery",tmdb_genre_Comedy
818543,Slumber Party Massacre,2021,"Comedy, Horror",tmdb_genre_Comedy
821489,All My Friends Hate Me,2022,"Comedy, Horror, Thriller",tmdb_genre_Comedy
823191,The Hike,2021,"Comedy, Horror",tmdb_genre_Comedy
825751,Little Shop of Horrors,1987,"Comedy, Horror, Music, TV Movie",tmdb_genre_Comedy
826056,Chinese Speaking Vampires,2021,"Action, Comedy, Horror",tmdb_genre_Comedy
826843,Evil Everywhere,2019,"Comedy, Fantasy, Horror",tmdb_genre_Comedy
831410,Bring It On: Cheer or Die,2022,"Comedy, Horror, Thriller, TV Movie",tmdb_genre_Comedy
832601,The Andy Baker Tape,2022,"Comedy, Horror, Thriller",tmdb_genre_Comedy
833198,Vampires Are Real,2020,"Comedy, Horror",tmdb_genre_Comedy
834979,Happy Little Bunnies,2021,"Comedy, Horror",tmdb_genre_Comedy
838578,Kevin Walter's Tower Rats,2020,"Comedy, Horror",tmdb_genre_Comedy
838719,Val,2021,"Comedy, Horror",tmdb_genre_Comedy
839678,Unhuman,2022,"Comedy, Horror",tmdb_genre_Comedy
839761,The Horrific Evil Monsters,2021,"Action, Comedy, Horror",tmdb_genre_Comedy
840819,Staycation,2023,"Comedy, Horror, Science Fiction",tmdb_genre_Comedy
842514,A Comedy of Horrors: Volume 1,2021,"Comedy, Horror",tmdb_genre_Comedy
843621,Something in the Dirt,2022,"Comedy, Horror, Science Fiction",tmdb_genre_Comedy
845802,Cult Following,2021,"Adventure, Comedy, Horror",tmdb_genre_Comedy
848818,Flux Gourmet,2022,"Comedy, Drama, Horror",tmdb_genre_Comedy
848949,Jangan Takut: Kau Takut Aku Pun Takut,2021,"Comedy, Horror",tmdb_genre_Comedy
849497,Massacre Academy,2022,"Comedy, Horror",tmdb_genre_Comedy
850060,Dead Till Death,2021,"Comedy, Horror",tmdb_genre_Comedy
850148,"Hey Monster, Hands Off My City",2017,"Comedy, Crime, Horror",tmdb_genre_Comedy
850674,Super Hot,2021,"Comedy, Horror",tmdb_genre_Comedy
850779,Dead Strange Jam,2015,"Comedy, Horror, Science Fiction",tmdb_genre_Comedy
850920,The Parenting,2025,"Horror, Comedy",tmdb_genre_Comedy
851950,Big Cat Trail,2021,"Comedy, Horror, Thriller",tmdb_genre_Comedy
852096,We Have a Ghost,2023,"Horror, Comedy",tmdb_genre_Comedy
852795,Teenage Vampire,2020,"Comedy, Horror",tmdb_genre_Comedy
853094,When the Screaming Starts,2021,"Comedy, Horror",tmdb_genre_Comedy
853163,Dumb & Dahmer,2021,"Comedy, Horror",tmdb_genre_Comedy
853178,The Leech,2022,"Comedy, Horror",tmdb_genre_Comedy
853810,Winnie the Pooh: Master of Puppets,2023,"Horror, Comedy",tmdb_genre_Comedy
853854,The Haunting of Four Points,2017,"Comedy, Horror",tmdb_genre_Comedy
854417,Bearry,2021,"Comedy, Horror",tmdb_genre_Comedy
855912,Badass Bunyip,2021,"Comedy, Horror",tmdb_genre_Comedy
856274,Water 2: The Cleansing,2020,"Comedy, Horror",tmdb_genre_Comedy
857279,Shaky Shivers,2023,"Horror, Comedy",tmdb_genre_Comedy
857447,Heart  of the Beast,2017,"Comedy, Horror",tmdb_genre_Comedy
861332,Bitter Taste of Ginger,2021,"Comedy, Drama, Horror, Thriller",tmdb_genre_Comedy
862970,Sorry About the Demon,2022,"Comedy, Horror",tmdb_genre_Comedy
863542,The Halloween Store Zombie Wedding Movie,2016,"Comedy, Horror",tmdb_genre_Comedy
863779,No Haunt for a Gentleman,1952,"Comedy, Horror",tmdb_genre_Comedy
864959,The Curse of Bridge Hollow,2022,"Adventure, Comedy, Horror",tmdb_genre_Comedy
868757,The Last House on the Street,2021,"Comedy, Horror",tmdb_genre_Comedy
870196,The Murder Podcast,2022,"Comedy, Horror",tmdb_genre_Comedy
871493,Ankle Biters,2021,"Comedy, Horror",tmdb_genre_Comedy
871502,The Reenactment,2021,"Comedy, Crime, Horror, Thriller",tmdb_genre_Comedy
871896,The Movie,2022,"Comedy, Drama, Horror, Thriller",tmdb_genre_Comedy
872620,CarousHELL The 2nd,2021,"Comedy, Horror",tmdb_genre_Comedy
872671,Zomblogalypse,2022,"Comedy, Horror",tmdb_genre_Comedy
873973,Fresh Hell,2021,"Comedy, Horror",tmdb_genre_Comedy
874605,The Freddy Krueger Special,1988,"Comedy, Horror",tmdb_genre_Comedy
874950,Boo!,1980,"Comedy, Horror",tmdb_genre_Comedy
875429,Seepers: A Love Story,2021,"Comedy, Horror",tmdb_genre_Comedy
876711,Mean Spirited,2023,"Horror, Comedy",tmdb_genre_Comedy
876712,The New Hands,2023,"Horror, Thriller, Comedy",tmdb_genre_Comedy
878671,"Ghost Hunters, Inc. Presents: The Graveyard Shift",2005,"Comedy, Horror",tmdb_genre_Comedy
878686,The Bigfoot Hunter: Still Searchin',2011,"Comedy, Horror",tmdb_genre_Comedy
879689,Raging Grace,2023,"Drama, Thriller, Horror, Comedy, Mystery",tmdb_genre_Comedy
879734,Bad Ben: Benign,2021,"Comedy, Horror",tmdb_genre_Comedy
880937,Blood Freak,2020,"Comedy, Horror",tmdb_genre_Comedy
881108,White Girl Apokalypse,2021,"Comedy, Horror",tmdb_genre_Comedy
881502,Bad Ben,2016,"Comedy, Horror",tmdb_genre_Comedy
882052,Bad Ben: The Mandela Effect,2018,"Comedy, Horror",tmdb_genre_Comedy
882055,Bad Ben 7: The Haunted Highway,2020,"Comedy, Horror",tmdb_genre_Comedy
882438,Working Stiffs,2008,"Comedy, Horror",tmdb_genre_Comedy
885117,Things That Go Bump,1997,"Comedy, Fantasy, Horror",tmdb_genre_Comedy
886083,Deadstream,2022,"Comedy, Horror",tmdb_genre_Comedy
888097,Slayers,2022,"Comedy, Fantasy, Horror",tmdb_genre_Comedy
893338,Gatlopp: Hell of a Game,2022,"Comedy, Horror",tmdb_genre_Comedy
894698,Samhain,2020,"Comedy, Horror",tmdb_genre_Comedy
894699,Stuffings,2021,"Comedy, Horror",tmdb_genre_Comedy
895181,The Mini-Munsters,1973,"Animation, Comedy, Horror",tmdb_genre_Comedy
895744,Studio 666,2022,"Comedy, Horror, Music",tmdb_genre_Comedy
898555,Machine Learning,2021,"Comedy, Horror, Science Fiction",tmdb_genre_Comedy
903276,Evil for Dinner,2025,"Comedy, Horror",tmdb_genre_Comedy
910889,Ride Scare: The Beginning,2021,"Comedy, Horror",tmdb_genre_Comedy
911348,Madelines,2022,"Comedy, Horror, Science Fiction",tmdb_genre_Comedy
912872,Bring on the Damned!,2025,"Horror, Comedy, Science Fiction, Music, Crime",tmdb_genre_Comedy
915968,Scare Package II: Rad Chad’s Revenge,2022,"Comedy, Horror",tmdb_genre_Comedy
916589,Nixon and Hogan Smoke Christmas,2010,"Comedy, Horror",tmdb_genre_Comedy
917496,Beetlejuice Beetlejuice,2024,"Comedy, Fantasy, Horror",tmdb_genre_Comedy
918096,"Hemet, or the Landlady Don't Drink Tea",2024,"Horror, Comedy, Crime, Thriller",tmdb_genre_Comedy
919131,Hanky Panky,2023,"Horror, Comedy",tmdb_genre_Comedy
919530,Maintenance Man,2015,"Comedy, Horror",tmdb_genre_Comedy
920419,Tiny Cinema,2022,"Comedy, Horror",tmdb_genre_Comedy
921022,Walt Disney's Halloween Hilarities,1953,"Animation, Comedy, Fantasy, Horror",tmdb_genre_Comedy
921384,Alien Country,2024,"Science Fiction, Horror, Comedy, Action",tmdb_genre_Comedy
926688,Woods Witch,2023,"Horror, Comedy",tmdb_genre_Comedy
926899,The House,2022,"Animation, Comedy, Drama, Fantasy, Horror",tmdb_genre_Comedy
928077,ManFish,2022,"Comedy, Horror",tmdb_genre_Comedy
928634,Miemien Hantu Posesif,2015,"Comedy, Horror",tmdb_genre_Comedy
929230,Onyx the Fortuitous and the Talisman of Souls,2023,"Comedy, Horror",tmdb_genre_Comedy
931398,Video Shop Tales of Terror,2023,"Horror, Comedy",tmdb_genre_Comedy
934201,The Prank,2024,"Comedy, Thriller, Crime, Horror",tmdb_genre_Comedy
934207,Sissy,2022,"Comedy, Horror, Thriller",tmdb_genre_Comedy
934553,The Human Zoo,2020,"Comedy, Documentary, Horror, Science Fiction",tmdb_genre_Comedy
934601,Jethica,2023,"Comedy, Fantasy, Drama, Horror",tmdb_genre_Comedy
936358,Killer Christmas Elves: The Movie,2022,"Comedy, Horror",tmdb_genre_Comedy
936820,Too Dumb to Live Part 2,2022,"Comedy, Horror",tmdb_genre_Comedy
939914,Glorious,2022,"Comedy, Fantasy, Horror",tmdb_genre_Comedy
941883,Evil Bong 888: Infinity High,2024,"Comedy, Horror",tmdb_genre_Comedy
945880,"Mary Tyler, Millennial",2023,"Comedy, Horror",tmdb_genre_Comedy
948892,From Almost Night Till Almost Day,1996,"Action, Comedy, Horror",tmdb_genre_Comedy
949806,Amityville Gas Chamber,2022,"Comedy, Horror",tmdb_genre_Comedy
952045,Anal Paprika 2: Vampire Killers,2000,"Comedy, Horror",tmdb_genre_Comedy
952302,Bad Ben: Eulogy,2022,"Comedy, Horror",tmdb_genre_Comedy
952733,Quartz Vein,2021,"Comedy, Horror, Science Fiction",tmdb_genre_Comedy
954439,Fat Fleshy Fingers,2023,"Horror, Comedy, Fantasy",tmdb_genre_Comedy
956226,Courtney Gets Possessed,2023,"Horror, Comedy",tmdb_genre_Comedy
956920,There's Something in the Barn,2023,"Horror, Comedy, Fantasy",tmdb_genre_Comedy
958975,Dance Freak,2025,"Horror, Comedy",tmdb_genre_Comedy
966436,Suicide for Beginners,2022,"Comedy, Horror",tmdb_genre_Comedy
967586,Vampirus,2022,"Comedy, Horror",tmdb_genre_Comedy
968397,The Living Impaired,2003,"Comedy, Horror",tmdb_genre_Comedy
968779,Zara & Erika: A Tale of Annabelle,2021,"Comedy, Crime, Horror, Mystery",tmdb_genre_Comedy
970512,9 Ways to Hell,2022,"Comedy, Fantasy, Horror, Thriller",tmdb_genre_Comedy
971766,The Blood Let,2015,"Comedy, Horror",tmdb_genre_Comedy
972244,Darkness of Day,2010,"Action, Comedy, Horror, Mystery",tmdb_genre_Comedy
972625,Monstrum,2013,"Comedy, Horror",tmdb_genre_Comedy
972731,"2025: Blood, White & Blue",2022,"Action, Comedy, Horror",tmdb_genre_Comedy
974558,Destroy All Neighbors,2024,"Horror, Comedy, Music",tmdb_genre_Comedy
974675,Sledgehammers at Dawn,2013,"Comedy, Horror",tmdb_genre_Comedy
974776,Kung Fu Vampire Killers,2001,"Comedy, Horror",tmdb_genre_Comedy
974931,Totally Killer,2023,"Horror, Comedy, Science Fiction",tmdb_genre_Comedy
975670,Mumun,2022,"Comedy, Drama, Horror",tmdb_genre_Comedy
976260,Glashnok,2021,"Comedy, Horror",tmdb_genre_Comedy
976553,Pastacolypse,2023,"Animation, Comedy, Horror",tmdb_genre_Comedy
980185,Eating Miss Campbell,2022,"Comedy, Horror",tmdb_genre_Comedy
980395,House Squatch,2022,"Comedy, Horror",tmdb_genre_Comedy
980446,Mike & Fred vs The Dead,2022,"Comedy, Horror",tmdb_genre_Comedy
981270,Spasm,2022,"Comedy, Horror",tmdb_genre_Comedy
982752,American Carnage,2022,"Comedy, Horror",tmdb_genre_Comedy
983286,Cult Hero,2022,"Action, Comedy, Horror, Thriller",tmdb_genre_Comedy
983420,Psychic Vampire,2022,"Comedy, Horror",tmdb_genre_Comedy
984670,Control the Hunt,2019,"Comedy, Horror, Romance",tmdb_genre_Comedy
986359,Glue Trap,2023,"Horror, Comedy",tmdb_genre_Comedy
986677,Grinders,2023,"Horror, Comedy, Action",tmdb_genre_Comedy
986990,Jack Be Nimble,2022,"Comedy, Horror",tmdb_genre_Comedy
990204,Street Trash,2025,"Horror, Comedy",tmdb_genre_Comedy
990891,HeBGB TV,2022,"Comedy, Horror, Science Fiction",tmdb_genre_Comedy
991357,Welcome Week: A College Horror Anthology,2024,"Horror, Comedy",tmdb_genre_Comedy
992277,The Loneliest Boy in the World,2022,"Comedy, Horror",tmdb_genre_Comedy
992846,Capsules,2023,"Horror, Science Fiction, Comedy",tmdb_genre_Comedy
993784,Lisa Frankenstein,2024,"Horror, Comedy, Romance",tmdb_genre_Comedy
995803,Arena Wars,2024,"Action, Science Fiction, Thriller, Comedy, Horror",tmdb_genre_Comedy
996720,Feed Me,2022,"Comedy, Horror",tmdb_genre_Comedy
996761,Calling Nurse Meow,2022,"Comedy, Horror",tmdb_genre_Comedy
999243,Hell of a Summer,2025,"Horror, Comedy, Mystery",tmdb_genre_Comedy
999874,Everybody Dies by the End,2022,"Comedy, Horror, Mystery, Thriller",tmdb_genre_Comedy
1005004,Murdercise,2023,"Horror, Comedy",tmdb_genre_Comedy
1005020,Ouija Shark 2,2023,"Horror, Fantasy, Comedy",tmdb_genre_Comedy
1008392,The Blackening,2023,"Horror, Comedy",tmdb_genre_Comedy
1008413,Only the Good Survive,2023,"Thriller, Comedy, Horror",tmdb_genre_Comedy
1008732,Clean,2017,"Comedy, Horror",tmdb_genre_Comedy
1009840,The Day After Halloween,2022,"Comedy, Horror, Mystery",tmdb_genre_Comedy
1013482,Borderline,2025,"Comedy, Horror, Thriller",tmdb_genre_Comedy
1013599,Blood Relatives,2022,"Comedy, Horror",tmdb_genre_Comedy
1015539,Santastein,2024,"Horror, Comedy, Fantasy",tmdb_genre_Comedy
1015812,The Point Pleasant Tapes,2024,"Horror, Comedy",tmdb_genre_Comedy
1016696,Terrornet,2022,"Comedy, Horror",tmdb_genre_Comedy
1017324,Grindsploitation 10: Milkin' It,2022,"Comedy, Horror",tmdb_genre_Comedy
1017821,Love and Curses... and All That Jazz,1991,"Comedy, Horror, TV Movie",tmdb_genre_Comedy
1018133,Astonishing Tales of Terror: Rocktapussy!,2022,"Comedy, Fantasy, Horror",tmdb_genre_Comedy
1019123,Spookie Dookie,2022,"Comedy, Horror",tmdb_genre_Comedy
1019444,Zombie Town,2023,"Horror, Comedy",tmdb_genre_Comedy
1019581,Gouge Away,2023,"Horror, Thriller, Mystery, Science Fiction, Comedy",tmdb_genre_Comedy
1021456,Liza: Warden from Hell,2022,"Comedy, Drama, Horror",tmdb_genre_Comedy
1021470,Beyond the Gates of Hell,2022,"Comedy, Drama, Horror",tmdb_genre_Comedy
1022115,Mutant Vampires From The Planet Neptune,2021,"Comedy, Horror, Science Fiction",tmdb_genre_Comedy
1022779,Narco Shark,2024,"Action, Comedy, Horror",tmdb_genre_Comedy
1023371,The Monster of Phantom Lake: The Musical!,2017,"Comedy, Horror, Music",tmdb_genre_Comedy
1024800,Toxic Alien Zombie Babes from Outer Space,2022,"Comedy, Horror, Science Fiction",tmdb_genre_Comedy
1026299,Amityville Christmas Vacation,2022,"Comedy, Horror, Romance",tmdb_genre_Comedy
1026542,Baby Blue,2025,"Horror, Comedy",tmdb_genre_Comedy
1026942,Chronicles of the Dark Carnival,2013,"Comedy, Horror",tmdb_genre_Comedy
1027933,Blight,2022,"Comedy, Horror",tmdb_genre_Comedy
1028359,Give Me an A,2023,"Science Fiction, Comedy, Horror",tmdb_genre_Comedy
1028583,Isleen Pines,2023,"Horror, Science Fiction, Comedy",tmdb_genre_Comedy
1028720,Happy Hour Slasher,2021,"Comedy, Horror",tmdb_genre_Comedy
1029169,The Aunty Donna LIVE Spooktacular,2017,"Comedy, Horror, TV Movie",tmdb_genre_Comedy
1029465,Huluween Dragstravaganza,2022,"Comedy, Horror",tmdb_genre_Comedy
1029955,Kinds of Kindness,2024,"Comedy, Drama, Horror",tmdb_genre_Comedy
1031306,Apocalypse Clown,2023,"Comedy, Horror, Science Fiction",tmdb_genre_Comedy
1031358,Till Death Do Us Part,2021,"Comedy, Horror, Romance",tmdb_genre_Comedy
1032628,Debunk,2022,"Comedy, Horror",tmdb_genre_Comedy
1034045,Hayride to Hell,2023,"Horror, Comedy",tmdb_genre_Comedy
1037355,Wickedly Evil,2023,"Comedy, Horror, Crime, Thriller",tmdb_genre_Comedy
1040892,Slotherhouse,2023,"Horror, Comedy, Thriller",tmdb_genre_Comedy
1041517,Deer Camp '86,2024,"Horror, Comedy, Thriller, Fantasy",tmdb_genre_Comedy
1042316,How to Kill Monsters,2023,"Comedy, Horror",tmdb_genre_Comedy
1042778,A Most Atrocious Thing,2024,"Horror, Comedy",tmdb_genre_Comedy
1046729,Cannibal Comedian,2023,"Horror, Comedy",tmdb_genre_Comedy
1049553,Kick Me,2023,"Action, Comedy, Horror",tmdb_genre_Comedy
1054294,Enter the Drag Dragon,2023,"Action, Comedy, Horror",tmdb_genre_Comedy
1055451,Founders Day,2024,"Horror, Thriller, Comedy",tmdb_genre_Comedy
1055783,The Disinvited,2025,"Comedy, Thriller, Horror",tmdb_genre_Comedy
1057340,Bad Ben: Alien Agenda,2023,"Horror, Science Fiction, Comedy",tmdb_genre_Comedy
1058736,Scream Therapy,2023,"Comedy, Horror",tmdb_genre_Comedy
1060839,Summoning Sylvia,2023,"Comedy, Horror, Thriller",tmdb_genre_Comedy
1063639,Satranic Panic,2023,"Horror, Comedy",tmdb_genre_Comedy
1063750,Residency,2023,"Horror, Documentary, Comedy",tmdb_genre_Comedy
1065616,Amityville Death Toilet,2023,"Comedy, Horror",tmdb_genre_Comedy
1066272,Puppet Shark,2023,"Comedy, Horror",tmdb_genre_Comedy
1071552,Mind Leech,2023,"Horror, Comedy, Science Fiction, Thriller, Crime",tmdb_genre_Comedy
1074386,Death Perception,2024,"Horror, Comedy",tmdb_genre_Comedy
1076692,Poundcake,2023,"Horror, Comedy",tmdb_genre_Comedy
1078743,The Good People of Orphan Ridge,2023,"Comedy, Horror, Music",tmdb_genre_Comedy
1082791,Wolf Hollow,2023,"Horror, Comedy",tmdb_genre_Comedy
1084721,Don't Trip,2025,"Comedy, Thriller, Horror",tmdb_genre_Comedy
1084753,Retreat,2024,"Mystery, Horror, Comedy, Drama",tmdb_genre_Comedy
1090314,Let's Do Blood Magic!,2023,"Comedy, Horror",tmdb_genre_Comedy
1090323,#AMFAD: All My Friends Are Dead,2024,"Horror, Comedy, Thriller",tmdb_genre_Comedy
1093354,Forever Home,2023,"Horror, Comedy",tmdb_genre_Comedy
1094274,Y2K,2024,"Science Fiction, Horror, Comedy",tmdb_genre_Comedy
1094962,Sorority of the Damned,2025,"Horror, Comedy",tmdb_genre_Comedy
1094963,The Omicron Killer,2024,"Horror, Comedy",tmdb_genre_Comedy
1096076,Fish Piss,2023,"Comedy, Horror",tmdb_genre_Comedy
1097322,Cocaine Shark,2023,"Horror, Science Fiction, Comedy",tmdb_genre_Comedy
1098378,Your Monster,2024,"Romance, Comedy, Horror",tmdb_genre_Comedy
1099109,Shingles the Movie,2023,"Horror, Comedy",tmdb_genre_Comedy
1102067,The Boulet Brothers' Halfway to Halloween TV Special,2023,"Horror, Comedy, Music",tmdb_genre_Comedy
1102226,Residence,2024,"Comedy, Adventure, Horror, Action",tmdb_genre_Comedy
1102231,Desert Fiends,2024,"Horror, Comedy",tmdb_genre_Comedy
1103495,Tales from the Great War,2023,"War, Horror, Comedy",tmdb_genre_Comedy
1103598,Movie Theater Massacre,2023,"Horror, Comedy",tmdb_genre_Comedy
1104805,Saving for the Day,2023,"Adventure, Comedy, Romance, Action, Fantasy, Western, Science Fiction, Horror, War, Thriller, Drama",tmdb_genre_Comedy
1111873,Abigail,2024,"Horror, Thriller, Comedy",tmdb_genre_Comedy
1111948,Mr. Anderson's Possessed Car,2023,"Comedy, Horror",tmdb_genre_Comedy
1113278,It's a Wonderful Knife,2023,"Horror, Comedy",tmdb_genre_Comedy
1113484,A Hell of a Difference,2024,"Horror, Comedy",tmdb_genre_Comedy
1114323,Bloody Bridget,2023,"Horror, Comedy",tmdb_genre_Comedy
1118608,Crackcoon,2023,"Horror, Comedy",tmdb_genre_Comedy
1120217,Publish or Perish,2023,"Comedy, Thriller, Horror",tmdb_genre_Comedy
1120362,Caviar,2023,"Horror, Mystery, Thriller, Comedy, Science Fiction",tmdb_genre_Comedy
1121404,Killer Kites,2023,"Horror, Comedy",tmdb_genre_Comedy
1121436,Book of Creatures,2023,"Horror, Comedy",tmdb_genre_Comedy
1123503,Big Milk,2023,"Comedy, Horror, Crime, Mystery",tmdb_genre_Comedy
1124620,The Monkey,2025,"Horror, Comedy",tmdb_genre_Comedy
1125371,Debunk Beraya,2023,"Comedy, Horror",tmdb_genre_Comedy
1127407,Frankie Freako,2024,"Fantasy, Comedy, Horror",tmdb_genre_Comedy
1128474,Don't Suck,2023,"Comedy, Horror",tmdb_genre_Comedy
1129494,Microdosing,2023,"Science Fiction, Comedy, Horror, Animation",tmdb_genre_Comedy
1130458,Barbatachthian 5: Alive,2023,"Horror, Comedy",tmdb_genre_Comedy
1131975,The Haunting of Hype House,2023,"Horror, Comedy",tmdb_genre_Comedy
1134089,Imitation,2023,"Horror, Comedy",tmdb_genre_Comedy
1135429,Nanoshark,2024,"Science Fiction, Comedy, Adventure, Action, Horror",tmdb_genre_Comedy
1136019,CarousHELL 3,2024,"Comedy, Horror",tmdb_genre_Comedy
1136382,Moon Ghost,2023,"Comedy, Horror, Science Fiction",tmdb_genre_Comedy
1139106,We Are Zombies,2024,"Horror, Comedy, Thriller",tmdb_genre_Comedy
1139713,The Radleys,2024,"Comedy, Horror, Thriller",tmdb_genre_Comedy
1141280,Cinemortal,2025,"Horror, Mystery, Comedy",tmdb_genre_Comedy
1144577,Scissors,2025,"Horror, Comedy",tmdb_genre_Comedy
1145348,The Fuzzies,2025,"Horror, Comedy",tmdb_genre_Comedy
1145685,Bad Ben: The Dracula Situation,2023,"Horror, Comedy, Fantasy",tmdb_genre_Comedy
1145817,"Eldritch, USA",2023,"Horror, Comedy, Music",tmdb_genre_Comedy
1146141,Big Easy Queens,2023,"Comedy, Horror, Thriller",tmdb_genre_Comedy
1146147,A Really Haunted Loud House,2023,"TV Movie, Comedy, Family, Horror",tmdb_genre_Comedy
1148040,Booger,2024,"Comedy, Horror",tmdb_genre_Comedy
1148207,New Fears Eve,2025,"Horror, Comedy",tmdb_genre_Comedy
1149279,Bad CGI Gator,2023,"Comedy, Horror",tmdb_genre_Comedy
1149881,SlashFM II,2023,"Horror, Thriller, Comedy",tmdb_genre_Comedy
1150264,This is Budget Productions,2023,"Action, Adventure, Comedy, Horror, Thriller",tmdb_genre_Comedy
1151030,Draculaw,2023,"Horror, Comedy",tmdb_genre_Comedy
1152879,Haunted Ulster Live,2023,"Comedy, Horror",tmdb_genre_Comedy
1153714,Death of a Unicorn,2025,"Horror, Fantasy, Comedy",tmdb_genre_Comedy
1153913,Departing Seniors,2024,"Horror, Comedy, Mystery",tmdb_genre_Comedy
1153997,The Happy Hotel,2023,"Comedy, Horror",tmdb_genre_Comedy
1155102,Werewolf Santa,2023,"Horror, Comedy",tmdb_genre_Comedy
1155519,Art Calloway's Final Concept Album,2024,"Drama, Horror, Mystery, Comedy",tmdb_genre_Comedy
1158149,Et Tu,2025,"Comedy, Thriller, Horror",tmdb_genre_Comedy
1159004,Sammy Slick: Vampire Slayer,2023,"Action, Comedy, Horror",tmdb_genre_Comedy
1159256,Rosemary & Sage Turn Back Thyme,2023,"Horror, Comedy, Action",tmdb_genre_Comedy
1165269,Curse of the Weredeer,2023,"Comedy, Drama, Horror",tmdb_genre_Comedy
1165452,The Last Video Store,2023,"Horror, Comedy",tmdb_genre_Comedy
1165900,Swamp Woman,2023,"Science Fiction, Comedy, Horror, Action",tmdb_genre_Comedy
1167222,"Martinez, Margaritas and Murder!",2024,"Comedy, Mystery, Horror",tmdb_genre_Comedy
1167311,The Pocket Film of Superstitions,2023,"Fantasy, Comedy, Horror, Documentary",tmdb_genre_Comedy
1168458,The Director’s Cut,2025,"Horror, Comedy",tmdb_genre_Comedy
1168821,The Wizard of Oz,2023,"Horror, Fantasy, Comedy",tmdb_genre_Comedy
1170145,Alpacalypse,2024,"Comedy, Horror",tmdb_genre_Comedy
1173197,Revenge of the Empire of the Apes,2023,"Horror, Science Fiction, Comedy",tmdb_genre_Comedy
1174081,It Be an Evil Moon,2023,"Horror, Comedy",tmdb_genre_Comedy
1175402,Bad Haircut,2025,"Horror, Comedy, Thriller",tmdb_genre_Comedy
1177445,Cannibal Mukbang,2025,"Horror, Comedy, Romance",tmdb_genre_Comedy
1177529,Deathgasm 2: Goremageddon,2025,"Horror, Comedy",tmdb_genre_Comedy
1178329,All You Need Is Blood,2023,"Comedy, Horror, Romance",tmdb_genre_Comedy
1179504,The Getback,2023,"Horror, Comedy",tmdb_genre_Comedy
1180583,Flesh Games,2023,"Horror, Comedy",tmdb_genre_Comedy
1183487,Power Cut,2023,"Comedy, Horror",tmdb_genre_Comedy
1183629,Don’t Feed the Gulls!,2023,"Horror, Comedy",tmdb_genre_Comedy
1185441,Bluegrass Spirits,2023,"Comedy, Mystery, Horror, Drama",tmdb_genre_Comedy
1186735,The Hyperborean,2023,"Comedy, Horror, Science Fiction",tmdb_genre_Comedy
1187186,Zombie Strain,2025,"Comedy, Horror",tmdb_genre_Comedy
1187417,Rumours,2024,"Comedy, Horror",tmdb_genre_Comedy
1187609,The Devil Went Down to Islington,2023,"Comedy, Horror",tmdb_genre_Comedy
1188738,The Weedhacker Massacre,2025,"Horror, Comedy",tmdb_genre_Comedy
1188741,Barbie & Kendra Crash Joe Bob's Drive-In Jamboree!,2024,"Comedy, Horror",tmdb_genre_Comedy
1189287,Thursday the 12th,2023,"Horror, Comedy",tmdb_genre_Comedy
1191076,Reptchild,2023,"Horror, Comedy",tmdb_genre_Comedy
1192124,Black Daruma,2023,"Horror, Drama, Comedy",tmdb_genre_Comedy
1194019,As We Know It,2023,"Comedy, Horror, Romance, Drama",tmdb_genre_Comedy
1194257,Night of the Insolent Vermin,2023,"Horror, Comedy",tmdb_genre_Comedy
1195107,Murder Ballads: How to Make It in Rock 'n' Roll,2023,"Comedy, Horror, Music, Crime",tmdb_genre_Comedy
1195342,The Patrolman,2023,"Horror, Thriller, Comedy",tmdb_genre_Comedy
1196782,The Black Heart Collectors Club,2023,"Horror, Comedy, Science Fiction",tmdb_genre_Comedy
1196911,Sheryl,2023,"Horror, Comedy, Thriller",tmdb_genre_Comedy
1197772,Peggy,2023,"Horror, Comedy",tmdb_genre_Comedy
1198620,Carnage for Christmas,2024,"Horror, Comedy, Mystery, Drama",tmdb_genre_Comedy
1200012,The Zombie Wedding,2023,"Comedy, Romance, Horror",tmdb_genre_Comedy
1200512,The Diamond Texter,2023,"Action, Adventure, Horror, Comedy, Crime, Drama",tmdb_genre_Comedy
1200801,F Marry Kill,2025,"Comedy, Thriller, Horror",tmdb_genre_Comedy
1201176,Easter Bloody Easter,2024,"Horror, Comedy, Fantasy",tmdb_genre_Comedy
1201753,Get Away,2024,"Horror, Comedy",tmdb_genre_Comedy
1204462,Dead in Love,2025,"Comedy, Horror, Romance",tmdb_genre_Comedy
1204917,Kung Fu Slayers,2025,"Action, Comedy, Horror, Fantasy",tmdb_genre_Comedy
1205229,Night of the Zoopocalypse,2025,"Animation, Comedy, Horror, Adventure, Science Fiction, Family",tmdb_genre_Comedy
1207910,Work Dreams,2023,"Comedy, Horror, Mystery",tmdb_genre_Comedy
1208024,Sincerely Saul,2024,"Comedy, Drama, Horror, Thriller",tmdb_genre_Comedy
1208130,Mountain Shark,2024,"Comedy, Horror",tmdb_genre_Comedy
1208457,STZ,2025,"Comedy, Horror",tmdb_genre_Comedy
1208704,Dagr,2024,"Horror, Comedy",tmdb_genre_Comedy
1208718,Bloody Frickin Mary,2023,"Horror, Comedy",tmdb_genre_Comedy
1211483,Skal: Fight for Survival,2023,"Action, Horror, Comedy, Thriller",tmdb_genre_Comedy
1213674,Crocodylus: Mating Season,2023,"Horror, Comedy, Fantasy, Science Fiction",tmdb_genre_Comedy
1215211,Strange Things Happen at the Weird House,2023,"Horror, Comedy",tmdb_genre_Comedy
1215227,Easter Evil,2024,"Horror, Comedy",tmdb_genre_Comedy
1216210,eVil Sublet,2023,"Comedy, Horror",tmdb_genre_Comedy
1218493,Ick,2025,"Horror, Science Fiction, Action, Comedy",tmdb_genre_Comedy
1219483,"Blood Actually: A Murder, They Hope Mystery",2023,"Mystery, Comedy, Crime, Thriller, Horror",tmdb_genre_Comedy
1221947,Amityville Frankenstein,2023,"Horror, Comedy, Family",tmdb_genre_Comedy
1223338,Hishkenstien: After Dark,2024,"Comedy, Horror",tmdb_genre_Comedy
1223664,Stitches,2024,"Horror, Comedy",tmdb_genre_Comedy
1224369,Apocalypse Love,2023,"Animation, Comedy, Horror",tmdb_genre_Comedy
1225572,Screamboat,2025,"Horror, Comedy",tmdb_genre_Comedy
1225768,The Brooklyn Butcher,2025,"Horror, Comedy",tmdb_genre_Comedy
1225977,Last Night at Terrace Lanes,2024,"Horror, Thriller, Comedy",tmdb_genre_Comedy
1227299,Mark of the Werebeard,2023,"Horror, Comedy",tmdb_genre_Comedy
1229262,I Don't Understand You,2024,"Horror, Comedy",tmdb_genre_Comedy
1229734,The Inn,2024,"Comedy, Horror",tmdb_genre_Comedy
1232181,Infernal Flesh,2023,"Horror, Comedy",tmdb_genre_Comedy
1233512,Murdaritaville,2024,"Horror, Comedy",tmdb_genre_Comedy
1234731,Anaconda,2025,"Adventure, Comedy, Horror",tmdb_genre_Comedy
1235501,Killington,2024,"Horror, Comedy",tmdb_genre_Comedy
1236935,My Bloody Galentine,2024,"Thriller, Comedy, Horror, TV Movie",tmdb_genre_Comedy
1237985,Evil Puddle,2025,"Comedy, Horror",tmdb_genre_Comedy
1238541,My Cannibal Crush,2024,"Comedy, Horror, Romance",tmdb_genre_Comedy
1239679,Skeleton Xylophone,2023,"Comedy, Horror",tmdb_genre_Comedy
1240792,Tie Die,2024,"Horror, Comedy",tmdb_genre_Comedy
1241444,Don't Get Eaten,2023,"Comedy, Family, Horror",tmdb_genre_Comedy
1243530,Bas Terakhir Malam Raya,2023,"Comedy, Horror",tmdb_genre_Comedy
1244223,Bad Ben 14: Frankenstein,2024,"Comedy, Horror",tmdb_genre_Comedy
1244475,Spirit Riser,2024,"Fantasy, Horror, Comedy",tmdb_genre_Comedy
1245944,A Halloween Feast,2024,"Horror, Comedy",tmdb_genre_Comedy
1247182,Tummy Monster,2024,"Horror, Drama, Comedy",tmdb_genre_Comedy
1248637,Mutants of Nature Cove,2024,"Horror, Comedy",tmdb_genre_Comedy
1250885,Spring of the Brainless,2024,"Comedy, Horror",tmdb_genre_Comedy
1251159,Of Mummies and Martians,2024,"Action, Comedy, Horror",tmdb_genre_Comedy
1254021,Everwinter Night,2023,"Comedy, Horror",tmdb_genre_Comedy
1254853,Snow Valley,2024,"Horror, Thriller, Comedy, Mystery",tmdb_genre_Comedy
1254877,Bull Shark 2,2024,"Horror, Thriller, Comedy",tmdb_genre_Comedy
1256195,Justice: The Movie,2025,"Documentary, Horror, Comedy, Crime",tmdb_genre_Comedy
1256252,Bull Shark 3,2025,"Horror, Thriller, Comedy",tmdb_genre_Comedy
1256756,The Hounds of Darkness,2024,"Comedy, Horror",tmdb_genre_Comedy
1257264,Farces of Death,2024,"Horror, Comedy",tmdb_genre_Comedy
1257355,Vincent,2024,"Horror, Fantasy, Comedy",tmdb_genre_Comedy
1258205,Pandasaurus,2024,"Science Fiction, Horror, Comedy",tmdb_genre_Comedy
1258280,Delicate Arch,2024,"Horror, Comedy",tmdb_genre_Comedy
1258745,Slay,2024,"Comedy, Horror",tmdb_genre_Comedy
1259854,OnlyFangs,2025,"Horror, Comedy",tmdb_genre_Comedy
1260922,Found Footage: The Making of the Patterson Project,2025,"Horror, Comedy",tmdb_genre_Comedy
1261759,Behold The Claw,2024,"Horror, Comedy",tmdb_genre_Comedy
1265614,Graveyard Shark,2024,"Horror, Comedy",tmdb_genre_Comedy
1267597,Super Happy Fun Clown,2025,"Horror, Comedy",tmdb_genre_Comedy
1267643,Mother Father Sister Brother Frank,2024,"Comedy, Horror, Thriller",tmdb_genre_Comedy
1270125,Monster on a Plane,2024,"Horror, Comedy",tmdb_genre_Comedy
1273161,Brain Tumor,2024,"Horror, Comedy, Science Fiction",tmdb_genre_Comedy
1274205,Killer Thriller,2024,"Comedy, Horror",tmdb_genre_Comedy
1277207,For Sale,2024,"Horror, Comedy",tmdb_genre_Comedy
1277897,Shit Happens and Miracles too,2024,"Horror, Romance, Comedy",tmdb_genre_Comedy
1278255,Werewolf Serenade,2024,"Comedy, Horror",tmdb_genre_Comedy
1278578,Massacre at Femur Creek,2024,"Horror, Comedy",tmdb_genre_Comedy
1279918,Pulp Modern: Die Laughing,2024,"Horror, Comedy",tmdb_genre_Comedy
1281983,The Last Audition,2025,"Horror, Thriller, Comedy",tmdb_genre_Comedy
1282300,Mysterious Ways,2025,"Horror, Comedy",tmdb_genre_Comedy
1291350,Moon Ghost Returns,2024,"Comedy, Horror, Science Fiction",tmdb_genre_Comedy
1294496,Haunt Season,2024,"Horror, Comedy, Thriller",tmdb_genre_Comedy
1294586,The Last Twitch,2023,"Comedy, Horror",tmdb_genre_Comedy
1298311,The Pickleball Exorcist,2025,"Horror, Comedy",tmdb_genre_Comedy
1298819,Clickbait: Unfollowed,2024,"Horror, Thriller, Comedy, TV Movie",tmdb_genre_Comedy
1300963,Scared Shitless,2024,"Comedy, Horror",tmdb_genre_Comedy
1302916,Heart Eyes,2025,"Horror, Romance, Comedy",tmdb_genre_Comedy
1305281,Members Club,2024,"Horror, Comedy",tmdb_genre_Comedy
1305331,Bunny Man Slaughter,2024,"Horror, Mystery, Comedy",tmdb_genre_Comedy
1307189,Finally Home,2024,"Horror, Thriller, Comedy",tmdb_genre_Comedy
1307860,Psycho Ape!! Part II: The Wrath of Kong,2024,"Horror, Comedy",tmdb_genre_Comedy
1308546,Carved,2024,"Horror, Comedy",tmdb_genre_Comedy
1309266,"Pareidolia: An Exploration of Human Nature Through Stories About Bigfoot, Presented in Three Acts",2024,"Drama, Comedy, Horror",tmdb_genre_Comedy
1314441,For Sale By Exorcist,2024,"Horror, Comedy",tmdb_genre_Comedy
1314912,The Cigarette,2024,"Horror, Comedy",tmdb_genre_Comedy
1315415,Curtains for Christmas,2024,"Horror, Comedy",tmdb_genre_Comedy
1316496,Narco Sharks,2025,"Horror, Comedy",tmdb_genre_Comedy
1318435,Queens of the Dead,2025,"Horror, Comedy",tmdb_genre_Comedy
1318452,Damned If You Do,2025,"Comedy, Horror",tmdb_genre_Comedy
1319752,My First Horror Film,2024,"Horror, Thriller, Comedy",tmdb_genre_Comedy
1320324,The Last Podcast,2024,"Horror, Comedy",tmdb_genre_Comedy
1322149,Leech,2024,"Drama, Horror, Comedy",tmdb_genre_Comedy
1322256,Season 666,2024,"Horror, Comedy",tmdb_genre_Comedy
1322543,Scarred to Death,2024,"Horror, Comedy, Thriller",tmdb_genre_Comedy
1322545,Killer Kabbage,2024,"Comedy, Horror, Science Fiction",tmdb_genre_Comedy
1323712,Ketchup on Waffles,2024,"Horror, Crime, Comedy",tmdb_genre_Comedy
1325022,Air Fryer Slaughter,2024,"Horror, Comedy",tmdb_genre_Comedy
1327996,Blood Mountain Massacre,2024,"Comedy, Horror",tmdb_genre_Comedy
1328012,Couple In The Woods,2024,"Horror, Comedy",tmdb_genre_Comedy
1329207,Alan at Night,2025,"Horror, Comedy",tmdb_genre_Comedy
1330393,Sharkers,2024,"Comedy, Thriller, Crime, Horror",tmdb_genre_Comedy
1332850,Pizza Guy 8,2025,"Comedy, Horror",tmdb_genre_Comedy
1335080,Arbor Day,2024,"Horror, Comedy",tmdb_genre_Comedy
1336298,Blood Red River Bed,2024,"Horror, Comedy",tmdb_genre_Comedy
1336473,Cholo Zombies,2024,"Horror, Comedy",tmdb_genre_Comedy
1336724,Grotesque 2,2024,"Horror, Comedy",tmdb_genre_Comedy
1337707,Zombeez,2023,"Comedy, Horror",tmdb_genre_Comedy
1340105,Don't F**k with Ghosts,2024,"Comedy, Science Fiction, Horror",tmdb_genre_Comedy
1340664,Black Theta,2024,"Horror, Comedy",tmdb_genre_Comedy
1351688,Screamwalkers,2024,"Horror, Comedy",tmdb_genre_Comedy
1352253,Sydney,2024,"Comedy, Drama, Horror",tmdb_genre_Comedy
1352960,Spandexorcist,2025,"Horror, Comedy",tmdb_genre_Comedy
1354612,Attack Of The Flatulating Dead,2023,"Horror, Comedy",tmdb_genre_Comedy
1354627,SpongeBob Squarepants: Kreepaway Kamp,2024,"TV Movie, Family, Comedy, Horror, Animation",tmdb_genre_Comedy
1355324,States of Mind,2024,"Comedy, Horror, Thriller",tmdb_genre_Comedy
1357327,Mantopus,2025,"Comedy, Horror",tmdb_genre_Comedy
1358255,Bloodspawn,2024,"Horror, Fantasy, Comedy, History, Adventure",tmdb_genre_Comedy
1359099,Once Upon A Killing Time,2025,"Horror, Comedy",tmdb_genre_Comedy
1359790,The Book of the Dead,2024,"Horror, Comedy",tmdb_genre_Comedy
1362426,The Legend of Crick Foot,2024,"Comedy, Horror",tmdb_genre_Comedy
1363273,"Good Mythical Evening: Sexy, Scary, Stupid",2024,"Comedy, Horror",tmdb_genre_Comedy
1365863,The Rebrand,2025,"Horror, Comedy",tmdb_genre_Comedy
1365975,Daylight to Dark,2024,"Action, Horror, Comedy",tmdb_genre_Comedy
1366445,Meathook,2024,"Horror, Comedy",tmdb_genre_Comedy
1366868,Cracula,2025,"Comedy, Horror",tmdb_genre_Comedy
1369432,Hellfire Hades II: 1980's Voodoo,2024,"Horror, Comedy",tmdb_genre_Comedy
1369745,God Dam,2024,"Horror, Comedy",tmdb_genre_Comedy
1370782,Influenza,2024,"Horror, Comedy",tmdb_genre_Comedy
1371829,Explorer from Another World,2024,"Horror, Science Fiction, Comedy",tmdb_genre_Comedy
1372793,Operation War Thunder,2024,"Comedy, Science Fiction, Horror",tmdb_genre_Comedy
1373854,Sugar Rot,2025,"Horror, Comedy",tmdb_genre_Comedy
1374791,Weekend at the End of the World,2025,"Horror, Comedy, Fantasy, Science Fiction",tmdb_genre_Comedy
1375762,Shiver Me Timbers,2025,"Horror, Comedy",tmdb_genre_Comedy
1376224,It's John,2023,"Comedy, Horror",tmdb_genre_Comedy
1380907,Dank Frank,2025,"Science Fiction, Comedy, Fantasy, Horror, Music, Crime, Thriller",tmdb_genre_Comedy
1381216,Gator Lake,2024,"Horror, Comedy, Adventure",tmdb_genre_Comedy
1384336,Another Cabin in the Woods Movie,2024,"Horror, Comedy",tmdb_genre_Comedy
1386827,Coyotes,2025,"Horror, Comedy",tmdb_genre_Comedy
1390390,The Naughty List of Mr. Scrooge,2024,"Horror, Comedy",tmdb_genre_Comedy
1392426,Suckers,2024,"Comedy, Horror, Thriller",tmdb_genre_Comedy
1393449,The Wildman Massacre,2024,"Horror, Comedy, Mystery, Drama",tmdb_genre_Comedy
1393874,Yokelish Yeggs,2024,"Comedy, Horror, Crime",tmdb_genre_Comedy
1395006,Nightmare in Argus,2024,"Horror, Comedy",tmdb_genre_Comedy
1396558,Bloody Axe Wound,2024,"Horror, Comedy",tmdb_genre_Comedy
1397934,Adult Swim Yule Log 2: Branchin' Out,2024,"Horror, Comedy, Romance",tmdb_genre_Comedy
1399932,Son Of Gacy,2024,"Horror, Comedy",tmdb_genre_Comedy
1400039,My First Year Off Campus,2024,"Thriller, Comedy, Horror",tmdb_genre_Comedy
1400274,Gothic Slayers,2025,"Horror, Comedy",tmdb_genre_Comedy
1400656,Sweet Meats,2024,"Horror, Comedy, Music",tmdb_genre_Comedy
1403764,The Beast That Ate Waverly,2024,"Comedy, Horror",tmdb_genre_Comedy
1405742,Portal to Hell,2025,"Comedy, Horror",tmdb_genre_Comedy
1406289,The Man-Tis,2024,"Science Fiction, Comedy, Horror",tmdb_genre_Comedy
1409886,Haunted House of Pancakes,2025,"Horror, Comedy",tmdb_genre_Comedy
1413323,African American Psycho: The Hip Hop Freak,2024,"Horror, Comedy",tmdb_genre_Comedy
1413725,The Yorkie Werewolf,2024,"Horror, Comedy",tmdb_genre_Comedy
1415690,Hoagie,2025,"Comedy, Horror, Action",tmdb_genre_Comedy
1419413,Zombie Apache,2025,"Comedy, Horror",tmdb_genre_Comedy
1424950,The Doom Busters,2025,"Horror, Comedy",tmdb_genre_Comedy
1426912,The Space Rodent,2025,"Comedy, Horror, Science Fiction",tmdb_genre_Comedy
1431002,Quiet,2025,"Animation, Comedy, Drama, Horror",tmdb_genre_Comedy
1433569,Ssssstoner Snake,2025,"Comedy, Horror, Science Fiction",tmdb_genre_Comedy
1436264,Transformers: Terminal,2025,"Fantasy, Comedy, Horror, Drama",tmdb_genre_Comedy
1436668,What Happens After the Massacre?,2025,"Horror, Comedy",tmdb_genre_Comedy
1441492,Mega Blood Moon: The Freelancer,2025,"Horror, Comedy, Thriller",tmdb_genre_Comedy
1442816,Horror Show,2025,"Horror, Comedy",tmdb_genre_Comedy
1445550,The Demon Of Serling,2023,"Horror, Comedy, Crime, Drama",tmdb_genre_Comedy
1445559,Here And Now,2024,"Horror, Comedy, Adventure",tmdb_genre_Comedy
1446474,Revenge of the Boogeyman,2025,"Horror, Comedy",tmdb_genre_Comedy
1448003,Method,2025,"Horror, Comedy",tmdb_genre_Comedy
1449744,I Heard You Buy Souls,2024,"Comedy, Drama, Horror, Thriller",tmdb_genre_Comedy
1450730,Blood Barn,2025,"Horror, Comedy",tmdb_genre_Comedy
1452027,Hacked: A Double Entendre of Rage Fueled Karma,2025,"Comedy, Horror",tmdb_genre_Comedy
1452090,Invasive 2: Getaway,2025,"Horror, Thriller, Comedy",tmdb_genre_Comedy
1452171,Deadly Retreat,2025,"Horror, Comedy",tmdb_genre_Comedy
1452184,The Forest Clown,2025,"Comedy, Horror",tmdb_genre_Comedy
1453939,Don't Let the Cat Out,2025,"Horror, Comedy",tmdb_genre_Comedy
1454805,Field of Screams,2025,"Horror, Comedy",tmdb_genre_Comedy
1457400,Anything That Moves,2025,"Mystery, Comedy, Horror",tmdb_genre_Comedy
1458416,Cutlery,2025,"Horror, Comedy",tmdb_genre_Comedy
1462648,The Purpose,2025,"Horror, Comedy, Mystery",tmdb_genre_Comedy
1463625,Bigfoot: The Movie - The Sequel,2024,"Horror, Comedy",tmdb_genre_Comedy
1464013,Mass State Lottery,2025,"Comedy, Horror, Crime",tmdb_genre_Comedy
1466169,ApoKalypse,2025,"Animation, Comedy, Horror, Science Fiction",tmdb_genre_Comedy
1470736,Open,2025,"Horror, Comedy",tmdb_genre_Comedy
1470963,Night of the Werewolves,2024,"Horror, Comedy",tmdb_genre_Comedy
1471447,Mothershucker,2024,"Horror, Comedy",tmdb_genre_Comedy
1472364,Sins In Saptak,2025,"Horror, Comedy",tmdb_genre_Comedy
1472678,STREAKS,2025,"Comedy, Horror",tmdb_genre_Comedy
1473666,Kombucha,2025,"Horror, Comedy",tmdb_genre_Comedy
1474708,Ghosted,2024,"Comedy, Horror, Thriller",tmdb_genre_Comedy
1476075,KARMA,2025,"Horror, Comedy",tmdb_genre_Comedy
1476133,Serial Rabbit One,2025,"Comedy, Horror",tmdb_genre_Comedy
1477673,Amityville Sasquatch Vs Kreepy Klown,2025,"Horror, Comedy",tmdb_genre_Comedy
1481603,Hold the Fort,2025,"Horror, Comedy",tmdb_genre_Comedy
1482949,Serial,2025,"Comedy, Horror",tmdb_genre_Comedy
1485025,Content,2025,"Horror, Comedy, Thriller",tmdb_genre_Comedy
1485616,Deformelody: An American Nightmare,2025,"Horror, Comedy",tmdb_genre_Comedy
1493425,Morgan: Killer Doll,2025,"Horror, Comedy",tmdb_genre_Comedy
1493460,Girl in the Refrigerator,2025,"Comedy, Crime, Horror",tmdb_genre_Comedy
1493616,Gone with the Dead,2024,"Horror, Comedy",tmdb_genre_Comedy
1493990,Hubbard Street,2025,"Horror, Comedy, Drama, Crime",tmdb_genre_Comedy
1499348,Tales of Jovia Anthology,2025,"Science Fiction, Action, Horror, Romance, Comedy, Fantasy",tmdb_genre_Comedy
1499612,A Devil's Night in Detroit,2023,"Horror, Comedy",tmdb_genre_Comedy
1501813,Trick or Treat with Reed Richmond,2025,"Horror, Comedy",tmdb_genre_Comedy
1502057,The Bludgeoner,2025,"Horror, Comedy",tmdb_genre_Comedy
1502215,White Guilt,2025,"Horror, Comedy, Drama",tmdb_genre_Comedy
1507229,Inbetweening,2024,"Comedy, Horror",tmdb_genre_Comedy
1508865,Feral Female,2025,"Horror, Comedy",tmdb_genre_Comedy
1510736,ZombieCON Vol. 1,2025,"Horror, Action, Comedy",tmdb_genre_Comedy
1511534,Zombucha!,2025,"Comedy, Science Fiction, Horror",tmdb_genre_Comedy
1511903,Mr. Melvin,2025,"Action, Comedy, Horror, Science Fiction",tmdb_genre_Comedy
1512016,Healing Andy,2025,"Horror, Comedy",tmdb_genre_Comedy
1515557,The Death Molester's Barn of Blood,2025,"Horror, Comedy",tmdb_genre_Comedy
1516367,Slasher Days of Summer,2024,"Horror, Comedy",tmdb_genre_Comedy
1518306,Fuck My Son!,2025,"Comedy, Horror",tmdb_genre_Comedy
1519151,Sounds Like A Great Project!,2024,"Comedy, Horror, Science Fiction, Thriller, Action",tmdb_genre_Comedy
1519736,Moon Ghost: Tales From the UnderMoon,2025,"Comedy, Horror, Science Fiction",tmdb_genre_Comedy
1522023,Clown 2,2024,"Comedy, Horror",tmdb_genre_Comedy
1523234,The Murders of Whitney Manor,2025,"Comedy, Horror, Mystery",tmdb_genre_Comedy
1525703,We're So Dead,2025,"Comedy, Horror",tmdb_genre_Comedy
1526231,We Trapped 20 YouTubers in a Haunted City,2025,"Adventure, Horror, Mystery, Documentary, Comedy",tmdb_genre_Comedy
1527771,"The Mother, the Menacer, and Me",2025,"Horror, Comedy, Drama",tmdb_genre_Comedy
1529189,Guillotine,2025,"Horror, Comedy",tmdb_genre_Comedy
1530130,Cramps! A Period Piece,2025,"Horror, Comedy, Fantasy",tmdb_genre_Comedy
1530150,Theater Is Dead,2025,"Comedy, Horror",tmdb_genre_Comedy
1531928,Dracula: Rise of the Vampire,2025,"Action, Comedy, Horror",tmdb_genre_Comedy
1543944,Dracula Revamped,2025,"Horror, Comedy",tmdb_genre_Comedy
1544656,Day of the Dad,2025,"Comedy, Horror",tmdb_genre_Comedy
1545243,Break a Leg,2025,"Comedy, Horror",tmdb_genre_Comedy
1547751,1 Hour to Kill,2025,"Horror, Comedy",tmdb_genre_Comedy
1548527,ATTACK! of the Viper and Cobra,2025,"Comedy, Horror",tmdb_genre_Comedy
1552927,Big Bad Betty,2025,"Horror, Comedy",tmdb_genre_Comedy
1555096,The Book of Hades,2025,"Horror, Comedy",tmdb_genre_Comedy
1557115,Home Videos,2025,"Horror, Comedy",tmdb_genre_Comedy
1558899,Blowie,2025,"Horror, Comedy, Drama",tmdb_genre_Comedy
1560615,Jump Scare,2025,"Horror, Comedy",tmdb_genre_Comedy
1560759,Mad Cow Massacre,2024,"Horror, Comedy",tmdb_genre_Comedy
1564509,Camp Blood Christmas,2025,"Horror, Comedy",tmdb_genre_Comedy
1567887,Retro Freaks II,2025,"Horror, Comedy",tmdb_genre_Comedy
1570187,Mister Sandman,2025,"Horror, Comedy, Science Fiction",tmdb_genre_Comedy
1576887,Confessions in Static,2025,"Crime, Comedy, Horror, Mystery",tmdb_genre_Comedy
1579796,Dropbear,2025,"Comedy, Horror",tmdb_genre_Comedy
1580070,One Big Snake,2025,"Horror, Comedy, Thriller",tmdb_genre_Comedy
1580394,119.MP4,2025,"Horror, Comedy",tmdb_genre_Comedy
1594432,Step 10,2025,"Horror, Comedy, Drama",tmdb_genre_Comedy
1595149,My Best Friend's Dead,2023,"Comedy, Horror",tmdb_genre_Comedy
1597907,Wallace Peebles Paranormal Inspectre,2025,"Comedy, Horror",tmdb_genre_Comedy
1602483,The Patron Saint of Roadkill,2025,"Comedy, Horror",tmdb_genre_Comedy
1604528,Dyngus Day,2025,"Horror, Comedy",tmdb_genre_Comedy
1622651,Pumpkin Patch,2025,"Action, Comedy, Fantasy, Horror",tmdb_genre_Comedy
1632301,EdiblEats,2025,"Comedy, Horror",tmdb_genre_Comedy
1633689,Snow Bunnies,2025,"Comedy, Horror",tmdb_genre_Comedy
1649747,Marriage Bites,2025,"Comedy, Horror",tmdb_genre_Comedy
1651032,Zombie Grindhouse Marathon,2024,"Horror, Comedy, Action, Adventure, Science Fiction, Thriller, Mystery, Crime",tmdb_genre_Comedy
1659643,The Rake Investigation,2025,"Comedy, Horror",tmdb_genre_Comedy
1664439,Bloody Puke Death on Owen Island,2025,"Comedy, Horror",tmdb_genre_Comedy
1673471,Psylibrium: A collection of Short Films by Sergiy Pudich,2025,"Comedy, Horror, Drama, Thriller, Science Fiction",tmdb_genre_Comedy
1701450,Vick & Tarstar's Scarecrow Factory,2025,"Horror, Drama, Comedy",tmdb_genre_Comedy
