id,title,year,vote_count,imdb_id
320380,The Phantom Foe,1920,0,tt0011571
664862,The Dream Cheater,1920,0,tt0011135
948056,The House of Whispers,1920,0,tt0011311
981608,Love Without Question,1920,0,tt0011417
1261573,Black Shadows,1920,0,tt0010996
1258584,His Brother's Keeper,1921,0,tt0011295
510733,The Ghost Breaker,1922,0,tt0013170
851308,One Glorious Day,1922,0,tt0013459
27512,While Paris Sleeps,1923,0,tt0014602
1080723,The Last Moment,1923,0,tt0014188
1261561,The Monkey's Paw,1923,0,tt0175924
643237,A Son of Satan,1924,0,tt0139621
862538,The Shadow of the East,1924,0,tt0015319
918940,Unseen Hands,1924,0,tt0015449
1261552,Those Who Dare,1924,0,tt0015404
727488,Ten Days,1925,0,tt0168218
330169,The Gorilla,1927,0,tt0017947
337184,The Wizard,1927,0,tt0018584
595631,The Haunted House,1928,0,tt0018978
1165122,Haunted Island,1928,0,tt0018979
445494,Black Waters,1929,0,tt0019700
466929,House of Horror,1929,0,tt0297175
580441,The Devil Bear,1929,0,tt0303908
330173,The Gorilla,1930,0,tt0021923
335512,The Ghost Train,1931,0,tt0021907
470435,The Bells,1931,0,tt0021650
852093,Monsters of the Deep,1931,0,tt0151624
1351825,Immediate Possession,1931,0,tt0194036
337380,Condemned to Death,1932,0,tt0022776
343885,Castle Sinister,1932,0,tt0150057
482503,Thark,1932,0,tt0023572
733068,The Horror,1932,0,tt0194949
695270,Obeah,1935,0,tt0026800
1266520,The Burgomeister,1935,0,tt0026158
391463,Love Life of a Gorilla,1937,0,tt0127669
1265841,Voodoo Devil Drums,1944,0,tt0037440
1018799,Fight That Ghost,1946,0,tt0135420
1018804,Return of Mandy's Husband,1947,0,tt0202554
416911,The Fatal Night,1948,0,tt0040345
1210358,Melody in the Dark,1949,0,tt0174914
116875,The Golden Mistress,1954,0,tt0047037
219004,Macumba Love,1960,0,tt0054045
315094,Honeymoon of Terror,1961,0,tt0173908
94063,Sin You Sinners,1963,0,tt0055450
252429,Honeymoon of Horror,1964,0,tt0058205
913062,Fraternity of Horror,1964,0,tt16827892
329711,The Devil's Mistress,1965,0,tt0126865
415632,Fortress of the Dead,1965,0,tt0059195
276748,Creature of Comfort,1968,0,tt0144151
195328,His Wife's Habit,1970,0,tt0065222
646977,End Zone 2,1970,0,tt11108022
146307,The Reincarnate,1971,0,tt0067663
403598,South of Hell Mountain,1971,0,tt0067780
451055,The Slaughter,1971,0,tt0991282
213358,Voodoo Heartbeat,1973,0,tt0069473
258453,The Wednesday Children,1973,0,tt3614944
859992,Thirty Dangerous Seconds,1973,0,tt0133230
28647,The Spectre of Edgar Allan Poe,1974,0,tt0072197
106448,Black Mamba,1974,0,tt0242317
194625,My Brother Has Bad Dreams,1974,0,tt0069238
436328,Diabolic Wedding,1974,0,tt0139858
582888,The Summoned,1974,0,tt11542384
383696,Sasqua,1975,0,tt0877502
558504,OPERA MORTEM,1975,0,tt9222182
167556,My Friends Need Killing,1976,0,tt0074942
346043,Summer of Secrets,1976,0,tt0075282
399021,Whispers of Fear,1976,0,tt0201330
238091,Three Dangerous Ladies,1977,0,tt0441697
30990,The Kirlian Witness,1978,0,tt0077808
92418,TeenAlien,1978,0,tt0078370
193476,Sketches of a Strangler,1978,0,tt0078274
463646,Bruges-La-Morte,1978,0,tt6193494
572076,Shock Rock,1979,0,tt0157465
316979,The Intruder,1981,0,tt0151070
389286,Death in the Family,1981,0,tt5617184
224067,Fair Game,1982,0,tt0123796
255680,The Eyes of the Amaryllis,1982,0,tt0083912
256012,Deadly Sunday,1982,0,tt0238151
372358,The Dark Room,1982,0,tt0083792
752001,Victims,1982,0,tt1764732
84985,The Last Night,1983,0,tt0457033
522297,Trial by Terror,1983,0,tt0086478
776486,Silent Death,1983,0,tt3616290
84989,Evil Judgment,1984,0,tt0087221
280573,Dark Enemy,1984,0,tt0130594
399172,Lipstick and Blood,1984,0,tt0087626
432730,The Slavers,1984,0,tt2155395
461724,The Spirits of Jupiter,1984,0,tt0836701
270439,Church of the Damned,1985,0,tt10083808
546217,Southern Shockers,1985,0,tt4638144
842786,Cannibal Orgy,1985,0,tt36816916
851025,Screambook II,1985,0,tt22302618
213213,Natas: The Reflection,1986,0,tt0249050
225454,Confidential,1986,0,tt0090873
364425,Murderous Intent,1986,0,tt5350196
697181,Misty Darkness,1986,0,tt0196758
711629,Maligno,1986,0,tt27126421
133959,Frenchman's Farm,1987,0,tt0093049
214106,Distortions,1987,0,tt0092900
224645,Streets of Death,1987,0,tt0247735
331839,Rahsia,1987,0,tt0275619
426217,Tainted,1987,0,tt0096213
489186,Frightened To Death,1987,0,tt3751388
695256,Obeah,1987,0,tt0171362
104534,Jungle Heat,1988,0,tt2047840
224014,The Hackers,1988,0,tt1865523
310843,Thrilled to Death,1988,0,tt0096261
443338,Carnage Hall,1988,0,tt2083153
446862,Zodiac America 2: Evil Destroyer,1988,0,tt6958208
482591,Midnight Forest,1988,0,tt0094944
548307,Tales of the Unliving and the Undead,1988,0,tt0143918
758511,Screambook,1988,0,tt22302258
821783,Summer Horror Day,1988,0,tt38604249
1015482,Kiss of the Serpent,1988,0,tt0877493
85173,Deadly Obsession,1989,0,tt0126858
129298,Underground Terror,1989,0,tt0100846
261746,Attack of the Hideopoid,1989,0,tt0206567
265470,Pieces of Darkness,1989,0,tt0976160
271041,Devil Rider!,1989,0,tt0164537
306747,Dead Silence,1989,0,tt6278694
367251,Child of the Sabbat,1989,0,tt0495082
386782,Moonchild,1989,0,tt5528372
451173,A Taste of Hemlock,1989,0,tt0096224
464890,Vegetables,1989,0,tt1959602
479344,Witchfinder,1989,0,tt0266055
749120,Diabolo,1989,0,tt18299176
776497,Deathwalkers,1989,0,tt0148053
999640,The Devil's Playground,1989,0,tt33087821
104887,A Dozen Ways to Die!!,1990,0,tt1764150
292876,Dying Time,1990,0,tt0471668
320176,Dark Romances Vol. 2,1990,0,tt0099362
352881,Tales of the Unknown,1990,0,tt0248518
363935,The Orbitrons,1990,0,tt0100305
451293,The Inheritor,1990,0,tt0122545
184165,Neighbor Hoodz,1991,0,tt4307032
232406,Lethal Nightmare,1991,0,tt10080214
300996,Zombie Army,1991,0,tt0232992
315449,Mystery of the Merry Widow,1991,0,tt0280953
374833,Mutant Massacre,1991,0,tt40411910
413839,The Ghosting,1991,0,tt0104335
415618,Shock Cinema: Volume Three,1991,0,tt0181000
418409,Shock Cinema: Volume Four,1991,0,tt0181001
419958,Kiss and Be Killed,1991,0,tt0102222
485622,Grave Images,1991,0,tt7441950
498264,Steps From Hell,1991,0,tt13931752
637168,Lunatic,1991,0,tt0374010
996619,Slaughter Day,1991,0,tt21078174
1018055,The Hanging Judge,1991,0,tt35635316
28077,Feast,1992,0,tt0122487
28865,Marilyn Alive and Behind Bars,1992,0,tt0104817
85562,Nightmare Asylum,1992,0,tt0174068
90064,Redneck County Fever,1992,0,tt2851214
115123,Dead Is Dead,1992,0,tt0228191
120582,Hell Spa,1992,0,tt0183157
124635,Death Magic,1992,0,tt0228197
235339,Lost Prophet,1992,0,tt0104758
308787,The Scare Game,1992,0,tt13925790
393798,Red Room,1992,0,tt1069265
409168,Spooks A-Poppin',1992,0,tt0244814
418256,Halloween Horrors,1992,0,tt29426580
479322,Slaughtered Secretaries,1992,0,tt0265762
487910,Fangs! A History of Vampires in the Movies,1992,0,tt0312677
891704,Since I Don't Have You,1992,0,tt1982837
28336,Kill Kill Overkill,1993,0,tt0213031
29759,Un vampiro a Miami,1993,0,tt1849192
29772,Bloodthirsty Cannibal Demons,1993,0,tt0196389
226257,The Wrong Door,1993,0,tt0266064
278961,In a Moment of Passion,1993,0,tt0103022
312395,Dead Meat,1993,0,tt0398012
324430,Drag,1993,0,tt0370487
623591,The Hidden,1993,0,tt6180378
657343,The Evil Inside Me,1993,0,tt0113039
719829,Dark:30,1993,0,tt0106667
795444,Ulong Pugot: Naglalagot,1993,0,tt1392255
27690,Sorority Slaughter,1994,0,tt0265785
29652,Queen of Lost Island,1994,0,tt0229334
224688,Nigel the Psychopath,1994,0,tt3294830
309083,Psychotropic Overload,1994,0,tt0326622
417065,Psycho Sisters,1994,0,tt20446458
444946,Hung Jury,1994,0,tt0263454
452046,The House on Todville Road,1994,0,tt0110065
479326,Damsel in Distress 2,1994,0,tt0264511
479332,Dead in the Pool,1994,0,tt36721575
482130,Moray,1994,0,tt0234267
934841,Fantasi,1994,0,tt0270357
155537,Naked Horror,1995,0,tt0113924
224690,Savage Vows,1995,0,tt10213166
363277,Writer's Block,1995,0,tt0114987
370091,Legion of the Night,1995,0,tt0113632
386521,The Rite of Spring,1995,0,tt5508962
401067,Fatal Possession,1995,0,tt11841078
483126,Desperate Obsession,1995,0,tt0144866
523827,Ashes and Flames,1995,0,tt0186833
533035,Mark of the Devil 666: The Moralist,1995,0,tt0289737
533182,Frankenstein's Planet of Monsters!,1995,0,tt0113106
580283,Blood Hunt,1995,0,tt2408286
597684,Immortal,1995,0,tt0122113
611349,Curvaceous Corpses,1995,0,tt10868098
651016,The Dying Game,1995,0,tt0255972
732231,Castle Ghosts of England,1995,0,tt0112644
27537,Red Lips II,1996,0,tt0117452
99725,Dead Cold,1996,0,tt0112815
108537,Danger in Blue,1996,0,tt0367635
211560,Invisible Temptation,1996,0,tt0302666
225724,We Await,1996,0,tt0127355
227565,Evil Sister,1996,0,tt0420610
289548,Impakto,1996,0,tt0378088
369164,Jacker 2: Descent to Hell,1996,0,tt0309726
415890,Virgin Sacrifices,1996,0,tt0262103
419165,Evil Obsession,1996,0,tt0112991
444884,Sorority Slaughter 2,1996,0,tt0265786
446489,The Alien Agenda: Out of the Darkness,1996,0,tt0115502
464104,Karishika,1996,0,tt8239286
466609,Limp Fangs: The Adventures of Count Malt Liquela,1996,0,tt0478814
533008,Slaughtered Socialites,1996,0,tt0265763
589775,Blood Hunter,1996,0,tt13935822
663240,America the Violent,1996,0,tt0421595
710743,Starcrypt,1996,0,tt0179476
732233,Castle Ghosts of Scotland,1996,0,tt0115843
946317,The Abominable Snowman,1996,0,tt0115453
972601,Facez of Death 2000 Vol. 2: Dead in Asia,1996,0,tt5926406
28230,Serial Killer Massacre,1997,0,tt0150429
29765,Dead Things,1997,0,tt13233882
29768,Violent New Breed,1997,0,tt0162746
143139,The Man Next Door,1997,0,tt0300173
229335,Screen Kill,1997,0,tt0261975
336654,Zero,1997,0,tt0356216
426520,Nude Strangle,1997,0,tt7332654
434534,The Alien Agenda: Under the Skin,1997,0,tt0203285
444949,Psycho Charlie Returns: Part 1,1997,0,tt0261926
444950,Psycho Charlie Returns: Part 2,1997,0,tt0261927
446485,Guilty Pleasures,1997,0,tt0128343
461379,Deli Hell,1997,0,tt0261642
631059,Wrath of the Skunkape,1997,0,tt1615133
632110,Bad Blood,1997,0,tt12147928
799182,Lihim,1997,0,tt0381377
805620,Paramedics II,1997,0,tt0398254
864750,Devil Souls,1997,0,tt15285640
878576,The Dying,1997,0,tt2773616
29767,Whispers in the Gloom,1998,0,tt0197099
29770,The Shivers,1998,0,tt0196949
113627,Duct Tape Killer,1998,0,tt1172051
212016,Screaming for Sanity: Truth or Dare 3,1998,0,tt0190741
250414,Gargoyle Girls,1998,0,tt0126924
264598,Creaturealm: From the Dead,1998,0,tt0180623
309073,Night of the Clown,1998,0,tt0960080
323689,Evil Streets,1998,0,tt0303981
426524,Infamous Bondage Murders 2,1998,0,tt7298586
434915,The Glasshead,1998,0,tt0945346
444945,Dungeon of Death 2,1998,0,tt0173781
451368,Starved,1998,0,tt0167413
708788,Midnight Sun,1998,0,tt0264897
759123,After School Hours,1998,0,tt36052362
801449,Titus Andronicus,1998,0,tt0185722
27627,Animals,1999,0,tt0171069
329703,Vampire Vignettes,1999,0,tt4287062
363282,Blood Kiss,1999,0,tt0137393
444663,Debbie Does Damnation,1999,0,tt1566504
451141,Pepeng Agimat,1999,0,tt0347760
464105,Igodo: The Land of the Living Dead,1999,0,tt1813370
471363,Dracula in Vegas,1999,0,tt0389948
479494,The Masked Strangler,1999,0,tt7401350
489239,Ghost Taxi,1999,0,tt0116408
521514,Merchants of Death,1999,0,tt0200851
523830,Only Darkness,1999,0,tt0497649
532366,Backwoods Marcy,1999,0,tt8008870
634115,Dead Air,1999,0,tt0167106
875903,Serpent's Breath,1999,0,tt0197864
888452,Shadow Tracker: Vampire Hunter,1999,0,tt0380706
971148,Lust of the Vampire Hookers,1999,0,tt15274440
37930,The Evilmaker,2000,0,tt0220451
84007,Spirit Warriors,2000,0,tt0348087
198181,Stygian,2000,0,tt0445061
341833,Hunting Season,2000,0,tt0236314
415903,Demonatrix,2000,0,tt12358776
426503,"I, Asphyxia: The Electric Cord Strangler III",2000,0,tt0319532
426539,Shock 2000: Snuff Perversions Part II,2000,0,tt25785706
445882,Proboscis,2000,0,tt0371100
447409,Stageghost,2000,0,tt0251412
483934,Eyes to Heaven,2000,0,tt0148120
521588,The Good Book,2000,0,tt0198520
652891,Lethal Illusions,2000,0,tt37256722
691151,V is for Vampire,2000,0,tt4287082
707446,Evil's Edge,2000,0,tt7134488
783061,All American Massacre,2000,0,tt12695338
27682,Blood of the Werewolf,2001,0,tt0379186
27689,Blood for the Muse,2001,0,tt0303779
27763,Evil Sister 2,2001,0,tt0267479
27803,Hayride Slaughter,2001,0,tt0339107
374933,Recoil,2001,0,tt0290824
400705,Dead Room,2001,0,tt0299744
507096,Scary Tales,2001,0,tt0290055
521357,Living Nightmare,2001,0,tt6201910
556203,Married to a Witch,2001,0,tt3307270
649119,Strangled Starlets,2001,0,tt43709870
781362,Am I My Brother’s Keeper?,2001,0,tt2960870
848842,Chaos.TV,2001,0,tt37985691
854240,Head Hunter,2001,0,tt0318384
871624,New Breed,2001,0,tt8795764
28184,Shockheaded,2002,0,tt0348008
29434,Holy Terror,2002,0,tt0290657
43743,Fabled,2002,0,tt0299863
73519,I'll Bury You Tomorrow,2002,0,tt0358529
227623,None Left Standing,2002,0,tt1419944
251559,The Black Magic,2002,0,tt0338791
253453,Hannah House,2002,0,tt0447642
261090,CanniBallistic!,2002,0,tt0353269
264249,In the Little Mansion,2002,0,tt0478770
278665,The Feral Man,2002,0,tt0382692
291567,Curse of Mardi Gras,2002,0,tt0311984
294310,Essence of Echoes,2002,0,tt0295244
297480,Singsing Ni Lola,2002,0,tt0338436
385459,Until Death,2002,0,tt0293020
415888,HorrorTales.666,2002,0,tt0365343
421779,Sentinels of Darkness,2002,0,tt0318052
452066,Silo Killer,2002,0,tt0335595
508827,Summer's End: The Legend of Samhain,2002,0,tt0844345
527612,Dead Guys,2002,0,tt14356870
569329,Coffins of Light,2002,0,tt0461465
574492,Evil,2002,0,tt0352330
576358,The Stoneman,2002,0,tt0297411
577905,Bites: The Werewolf Chronicles,2002,0,tt0801331
602777,Lord of the Vampires,2002,0,tt0314328
785885,‘Til Death Do Us Part,2002,0,tt0371499
837382,Night Terror,2002,0,tt0323405
859839,Daddy Cool,2002,0,tt0377722
973480,Dracula Vs Frankenstein,2002,0,tt11790094
28181,Evil in the Bayou,2003,0,tt0322209
29505,Expendable,2003,0,tt0387208
82802,Legend of the Phantom Rider,2003,0,tt0210223
213766,This Darkness: The Vampire Virus,2003,0,tt0413371
213775,Dr. Shock's Tales of Terror,2003,0,tt0818485
227858,Terror at Baxter U,2003,0,tt0828159
253999,Clearwater,2003,0,tt9641790
305805,Malefic,2003,0,tt0384308
317793,The Alien Conspiracy: Grey Skies,2003,0,tt0386275
338394,Jack and Jill,2003,0,tt1340586
364422,Abomination: The Evilmaker II,2003,0,tt0349063
403159,Hellbilly,2003,0,tt4331640
448939,Ghost Gate,2003,0,tt1764332
453659,Scary Tales: The Return of Mr. Longfellow,2003,0,tt0316551
459898,Daddy,2003,0,tt0349310
479867,Nightwalkers,2003,0,tt0480079
480299,Face of Evil,2003,0,tt3666794
488754,Addiction,2003,0,tt0380167
556515,Phobias,2003,0,tt0353879
579089,Beyond the Lost World: The Alien Conspiracy III,2003,0,tt0259213
579535,Monstersdotcom,2003,0,tt0393494
617638,Who Wants To Be A Vampire Bride?,2003,0,tt43502419
642287,Blood Rites,2003,0,tt3821074
664617,Raising Hell,2003,0,tt0429020
848839,Cannibal Hillbillies,2003,0,tt0398829
960788,Banned! in America VI,2003,0,tt5897402
59093,Resident Demon,2004,0,tt0392331
59546,The Legend of Diablo,2004,0,tt0363565
74715,Dark Queen,2004,0,tt0372851
82210,The Tenement,2004,0,tt0328528
88559,Haunted From Within,2004,0,tt0426580
132035,Horrific,2004,0,tt7631398
211676,Demon Slaughter,2004,0,tt1300575
227670,Black Cat,2004,0,tt0819870
262423,Bloodline,2004,0,tt0488967
288500,Vampire Boulevard,2004,0,tt0396916
290623,The Adventures Of Young Van Helsing - Quest For The Lost Scepter,2004,0,tt0406514
310917,Realms of Blood,2004,0,tt0392703
421267,Death 4 Told,2004,0,tt0362544
478818,Snuff TV,2004,0,tt5905334
488748,Jesus and Her Gospel of Yes,2004,0,tt1416731
489456,Preylien: Alien Predators,2004,0,tt0491801
521358,Don't Turn Around,2004,0,tt34378813
555878,Ratstar,2004,0,tt1990308
640960,Pizza Man Vs. the Dude,2004,0,tt0419062
663924,Killer Shrimps,2004,0,tt0853189
705283,Jelly Dolly,2004,0,tt0415898
715181,Bloodlust,2004,0,tt0477416
858856,Lake Evermore,2004,0,tt1802170
923672,Sinners and Saints,2004,0,tt0425454
974706,The Inner Circle,2004,0,tt18115802
74021,Desperate Souls,2005,0,tt0478856
145650,The Evil One,2005,0,tt0430066
197011,Eyes Of The Chameleon,2005,0,tt0452617
211682,Catholic Ghoulgirls,2005,0,tt0400410
227841,Siege of Evil,2005,0,tt3141494
239722,Infestation,2005,0,tt0480540
277579,The Horror Within,2005,0,tt0465497
289476,Kill Me Tomorrow,2005,0,tt0275455
330990,The Champagne Club,2005,0,tt0315376
352707,Possessed,2005,0,tt4909266
367797,Silver Night,2005,0,tt0438431
390599,Tower of Blood,2005,0,tt0450178
393010,The Bite,2005,0,tt0835472
393927,Delirium,2005,0,tt0471650
394546,The Orb,2005,0,tt0484873
424079,Fear of the Dark,2005,0,tt3331702
439772,Killers by Nature,2005,0,tt0463331
448811,Manhater,2005,0,tt0473059
449445,Red Midnight,2005,0,tt0459525
466316,Creepies 2: Las Vegas Attack,2005,0,tt0462238
478692,Knight of the Living Dead,2005,0,tt0814175
478968,Beast,2005,0,tt0397920
478974,"Tales from the Grave, Volume 2: Happy Holidays",2005,0,tt0439312
480289,Woods of Evil,2005,0,tt0435779
486453,Heebie Jeebies,2005,0,tt0758037
521360,Angus Valley Farms,2005,0,tt5137256
543203,12:00 AM,2005,0,tt1318805
605587,Buzz Saw,2005,0,tt0447610
607967,Severed Ties,2005,0,tt13422584
642055,Stage Fright,2005,0,tt0406235
642061,Serial Rabbit,2005,0,tt1199525
731653,Radiant,2005,0,tt0472167
787277,Missing,2005,0,tt11483450
862065,The Pool 2,2005,0,tt4799686
866027,The Sins of Government,2005,0,tt0468119
939811,Por qué lloran las Campanas,2005,0,tt0485743
953211,The Jersey Devil,2005,0,tt0419857
979728,Secrets of the Sisterhood,2005,0,tt2244890
1022024,Red Like Blood,2005,0,tt1139125
27289,The Legend Trip,2006,0,tt0482537
27479,Wedding Slashers,2006,0,tt0875630
33876,Death Clique,2006,0,tt0453460
36794,Mutation,2006,0,tt0498369
57061,Legion : The Final Exorcism,2006,0,tt0810811
69235,Safety in Numbers,2006,0,tt0460556
96446,Human Behavior,2006,0,tt1078581
156969,TxT,2006,0,tt0877721
167036,Modern Love,2006,0,tt0808380
211678,The River: Legend of La Llorona,2006,0,tt0804525
227608,Inexchange,2006,0,tt0448002
227864,The Traveler,2006,0,tt0829302
270595,1st Bite,2006,0,tt0477640
273786,Exit 38,2006,0,tt0891301
273923,Prison of the Psychotic Damned,2006,0,tt0780591
274513,House of Carnage,2006,0,tt1146157
275897,Fright Club,2006,0,tt0780520
278806,Edison Death Machine,2006,0,tt0816237
308135,Cryptid,2006,0,tt0832292
309554,Electric Zombies,2006,0,tt0965477
320442,Curse of Halloween,2006,0,tt3300340
339588,Vampire Chicks with Chainsaws,2006,0,tt0796258
354326,Savage Harvest 2: October Blood,2006,0,tt0352814
364424,The Innocent,2006,0,tt0876270
366067,Cycle,2006,0,tt0791296
367799,Flesh for the king,2006,0,tt0929752
443114,39: A Film by Carroll McKane,2006,0,tt0488929
448144,Madness,2006,0,tt0828054
451267,Possessed,2006,0,tt1676989
453387,The Damned,2006,0,tt0495822
501762,Integro,2006,0,tt1391472
505816,M.O.N.,2006,0,tt1709684
521482,Madman,2006,0,tt3426920
523852,Basketweave,2006,0,tt0939588
586483,Clean,2006,0,tt0844289
588696,Mondo Psycho,2006,0,tt0940735
589451,Damnation of Souls,2006,0,tt1517668
590473,Zombies By Design,2006,0,tt0905381
642106,Hell's Half Acre,2006,0,tt0455528
662183,Red Canopy,2006,0,tt0834946
685592,Hurt,2006,0,tt0886499
708697,Unhinged,2006,0,tt1337721
732114,Amityville Confidential,2006,0,tt17425054
918007,Stories of a Gravedigger,2006,0,tt1836147
972200,Redwood Justin: Vampire Hunter: Dance with a Vampire,2006,0,tt0799996
27564,Skin Crawl,2007,0,tt0338441
54211,Torture Room,2007,0,tt1020578
70012,Disintegration,2007,0,tt0841094
97967,Saint Francis,2007,0,tt0437363
99885,Divine Intervention,2007,0,tt0979876
108780,Mrs. Amworth,2007,0,tt1414847
111405,Dream Slashers,2007,0,tt1056053
131212,The Blood Shed,2007,0,tt0820037
153740,Siquijor: Mystic Island,2007,0,tt0782082
155834,The Sign,2007,0,tt1075055
213785,Scarlet Fry's Junkfood Horrorfest,2007,0,tt1282056
226023,The Men Who Fell,2007,0,tt0478208
244766,Dead Hunt,2007,0,tt1114668
270442,Kingdom of the Vampire,2007,0,tt0839875
294840,This Hollow Sacrament,2007,0,tt0460959
307544,The Counting House,2007,0,tt0459239
334245,Altar,2007,0,tt1094988
339644,Terror in the Pharaoh's Tomb,2007,0,tt1206339
347425,Manje',2007,0,tt0892081
357964,Hide & Seek,2007,0,tt1117976
362385,Marblehead,2007,0,tt1273809
367080,Deadly Culture,2007,0,tt0984977
370194,Killing Twice: A Deadhunter Chronicle,2007,0,tt1665748
370209,Homicidal Maniac,2007,0,tt3695010
426200,WildCat,2007,0,tt0972919
457010,The Third Eye,2007,0,tt0952687
460597,The Devil of Blue Mountain,2007,0,tt9191320
477329,Hollywood Scream Queens,2007,0,tt1002568
483969,Cold Ones,2007,0,tt0486561
543467,Lost Suburbia,2007,0,tt1122595
568140,A Woman's Scorn,2007,0,tt1071245
568574,Vampire Noir,2007,0,tt1043755
576411,Curse of La Llorona,2007,0,tt1018705
640963,Harvest Moon,2007,0,tt0926085
642131,A Killer Weekend,2007,0,tt0934485
647593,Hellscape,2007,0,tt1172517
765704,The Disappearance of Jenna Matheson,2007,0,tt0905990
885187,Tree,2007,0,tt1029392
923321,Basic Slaughter,2007,0,tt1183478
936444,Carrion,2007,0,tt1404599
985329,Hunting Season,2007,0,tt1092271
995302,2,2007,0,tt1144456
1010708,Zen,2007,0,tt1034092
7181,Dusk,2008,0,tt1094588
27694,Female Mercenaries 2: The Mad Doctor of Zombie Island!,2008,0,tt27048394
27784,Savaged,2008,0,tt0965378
30393,Hell-ephone,2008,0,tt1231596
34552,Leeds Point,2008,0,tt1186658
54923,The Shiftling,2008,0,tt0960842
69142,The Wrath,2008,0,tt1072458
206139,Fade,2008,0,tt0462283
218720,Hell's Tomb,2008,0,tt11915168
277113,The Deed To Hell,2008,0,tt1091759
329807,Alucard,2008,0,tt1414352
361763,Blackspot,2008,0,tt1273200
458985,Reality Bleed-Through,2008,0,tt1294710
476510,Ghouls Gone Wild,2008,0,tt1297275
521479,Angus Valley Farms 2,2008,0,tt5137284
535476,The Artifact,2008,0,tt8598776
548560,Something Dark,2008,0,tt1139405
568573,Vampire Black: Trail of the Dead,2008,0,tt1277152
590663,Stockholm Syndrome,2008,0,tt1414859
597687,A Vampire's Tale,2008,0,tt3118714
603681,Apocalypse Rising,2008,0,tt1279926
609627,A Few Screws Loose,2008,0,tt1320090
634525,The Sisters Four,2008,0,tt1328645
647931,The Man with Two Faces,2008,0,tt3281326
683016,Aswang: A Journey Into Myth,2008,0,tt1339050
683699,Able,2008,0,tt1283876
697798,Deadly Beauty,2008,0,tt1526584
705586,Sinner,2008,0,tt1369580
705863,The Caretaker,2008,0,tt1488599
736381,Below Man,2008,0,tt10478646
738746,Evil Spirits,2008,0,tt1333025
751062,Deeflowered,2008,0,tt1300574
759951,Athens County Massacre,2008,0,tt12799402
765695,The Moretti House,2008,0,tt1366917
766814,Keith Parker's Shadow People,2008,0,tt1283943
788635,Witch House: The Legend of Petronel Haxley,2008,0,tt1027198
857240,Carnival of the Damned,2008,0,tt1288583
866661,The Man in the Garage,2008,0,tt1269701
974021,High Stakes,2008,0,tt0816523
1014648,Bad Ghost,2008,0,tt1345445
29433,The Good Sisters,2009,0,tt1215064
35160,Tales from Transylvania,2009,0,tt1513697
72385,Animal Soup,2009,0,tt1590271
173285,The Paranormal Disappearance of Ailyn Jesick,2009,0,tt1701973
225035,They Didn't Make it,2009,0,tt1521081
249220,Stem Cell,2009,0,tt1340798
269586,Brainjacked,2009,0,tt1226745
272296,Haunting Villisca,2009,0,tt0458386
279181,Rasukan Ablasa,2009,0,tt1521235
281309,Nightfall,2009,0,tt1380993
296803,The Confessional,2009,0,tt0860837
301655,Demon Haunt,2009,0,tt1429446
332233,Bad Habits,2009,0,tt1378190
340462,Diary of a Sex Offender,2009,0,tt4217890
344342,Spirits Among Us,2009,0,tt1344874
348157,Berdella,2009,0,tt1460766
371386,The Farm,2009,0,tt1424863
401024,Invisible Eyes,2009,0,tt1209371
432802,Everything's Eventual,2009,0,tt1409829
446074,Breaking Nikki,2009,0,tt1282025
452379,Old Habits Die Hard,2009,0,tt1294793
458830,Legend Has It,2009,0,tt1373452
464248,Napoleon's Curse,2009,0,tt2175811
471920,The Grief,2009,0,tt1814890
479736,Soul Killer,2009,0,tt1138008
484484,Mental Scars,2009,0,tt1514833
505770,Fear Girls: Volume One,2009,0,tt1371713
521499,P.O.V.,2009,0,tt34378689
525641,Flicker,2009,0,tt1446069
541062,Fear The Forest,2009,0,tt1381566
543904,Killer Shorts,2009,0,tt1489200
586779,The Gravedigger,2009,0,tt2639128
593676,The Legacy,2009,0,tt1296163
620067,Life Room,2009,0,tt1462562
631057,Victor Juliet's Director's Cut,2009,0,tt3523624
637174,The Carpenter: Part 1 - And So They Die,2009,0,tt1310635
647932,Bloodstone,2009,0,tt3278692
685044,Zombienation (Hail to the Führer),2009,0,tt1542977
705871,Protege,2009,0,tt1460645
705873,His Will Be Done,2009,0,tt1460636
705877,Dark Spaces,2009,0,tt1488560
713478,The Spookshow,2009,0,tt2301231
718134,The Disturbed,2009,0,tt1552636
718138,Hotel Darklight,2009,0,tt1565785
746891,Hive Mind,2009,0,tt1550506
774108,The Dead… Will Rise!,2009,0,tt2286308
859347,Sacred Game,2009,0,tt0963947
859428,Ravage the Scream Queen,2009,0,tt2437796
882431,Deadly Beloved,2009,0,tt1666612
942907,Tapeworm,2009,0,tt1458624
971294,Blood Donors,2009,0,tt1453957
976798,Morticia,2009,0,tt1543523
977052,The New Girls,2009,0,tt1883373
977845,Red Scream Nosferatu,2009,0,tt1530985
982869,Cry,2009,0,tt1374860
108482,Bloodbath in the House of Knives,2010,0,tt1434926
142593,Blood Red Moon,2010,0,tt1589989
144171,Closets,2010,0,tt1563121
193579,Motion Sickness,2010,0,tt1763261
232789,The Legacy of Boggy Creek,2010,0,tt2004395
232802,Terror at Black Tree Forest,2010,0,tt1993409
281888,Under the Scares,2010,0,tt1672133
291418,Zombie Allegiance,2010,0,tt1754935
316157,Frankenstein Rising,2010,0,tt1704143
323508,Angels Die Slowly,2010,0,tt1253837
329104,...And Then I Helped,2010,0,tt2200030
341114,Terror Nation,2010,0,tt1740692
341650,Attack Of The Octopus People,2010,0,tt2422628
409560,Angry,2010,0,tt1700415
417265,Hotel Hollywood,2010,0,tt1661843
438953,Night of the Living Heads,2010,0,tt2363070
478579,Raven,2010,0,tt1371141
481097,Spirit,2010,0,tt1664873
492633,Post-Mortem,2010,0,tt1722632
498716,Creed,2010,0,tt1632705
510346,Lethal Obsession,2010,0,tt1754120
542445,Bikini Monsters,2010,0,tt1711447
543906,Killer Shorts 2,2010,0,tt1593711
552840,Plaster Rock,2010,0,tt1672625
579662,The Gainesville Ripper,2010,0,tt0988858
587506,Trance,2010,0,tt1111235
616318,Psycho Ranger,2010,0,tt2024483
620616,Apparition,2010,0,tt1776808
729878,10 Days To Die,2010,0,tt1743906
756283,Center of Nowhere,2010,0,tt1805186
802363,Zombie Atrocity: The Italian Zombie Movie - Part 2,2010,0,tt1867127
855192,Paranormal Phenomenon 3,2010,0,tt14752300
857382,Hatch,2010,0,tt1656652
858653,Sealed Fates,2010,0,tt1773670
861507,It Came For Friendship But Found Food,2010,0,tt1707227
879878,Ghoul From the Tidal Pool,2010,0,tt1651078
913878,Survival Camp,2010,0,tt1784645
928778,The Last Zombi Hunter,2010,0,tt1595006
952876,The Retelling,2010,0,tt1325016
968094,Fable: Teeth of Beasts,2010,0,tt1283962
968604,Degenerates Ink,2010,0,tt1956470
971466,Palmetto Haunting,2010,0,tt1783358
974046,House of White Spiders,2010,0,tt1651085
1022767,Golgotha of Bessarabia,2010,0,tt3617966
65535,Dilarang Masuk,2011,0,tt1932630
85710,19 Doors,2011,0,tt1899100
97240,Segunda Mano,2011,0,tt2118720
257047,Sumpahan Puaka,2011,0,tt2127358
268091,Low,2011,0,tt1826736
272713,The Trap Door,2011,0,tt1694570
276916,Revenge Is Her Middle Name,2011,0,tt1922698
277189,The Los Angeles Ripper,2011,0,tt2249125
287798,Waterfront Inn,2011,0,tt2016336
306185,Dead Eye,2011,0,tt2123924
323443,Lady of the Dark: Genesis of the Serpent Vampire,2011,0,tt2046114
333817,The Nothing,2011,0,tt1862502
353948,Wake Before I Die,2011,0,tt1587378
416506,The Girl,2011,0,tt1871403
443356,The Poorhouse Revisited,2011,0,tt1921130
451262,Between Two Worlds,2011,0,tt5763018
476363,Emerald Lagoon,2011,0,tt2078608
480209,Grave Tales,2011,0,tt1813338
480295,Psycho Street,2011,0,tt1493823
483246,The Breeder,2011,0,tt2134165
484040,After Party Massacre,2011,0,tt10827142
517473,Hipster Holocaust,2011,0,tt2059224
525912,Dark Flower,2011,0,tt37349008
526507,Down to Sleep,2011,0,tt1998208
529144,Backstabber,2011,0,tt1753471
544781,Monitor,2011,0,tt1600426
605479,Patrol Men,2011,0,tt1394360
636508,Psycho Killer Bloodbath,2011,0,tt1876425
637180,The Corporate Cutthroat Massacre,2011,0,tt1569959
641991,Dead Crazy,2011,0,tt1815664
643728,Blood of Ohma,2011,0,tt1988562
647935,Bloodstone II,2011,0,tt3285284
648427,Howls,2011,0,tt1846588
662802,Bleed 4 Me,2011,0,tt2111274
664833,Ixtab,2011,0,tt2340426
687372,The Ridges,2011,0,tt1781935
704618,Island of the Cannibal Death Gods,2011,0,tt1961361
750219,Dead End,2011,0,tt1956469
765699,The Rake,2011,0,tt6616200
783262,"Something Evil, Something Dangerous: New Moon Rising",2011,0,tt6054906
788176,The Night,2011,0,tt1945204
799959,Prying Eyes,2011,0,tt2459036
851124,Shuddersome,2011,0,tt3181102
853590,To Haunt You,2011,0,tt2193249
918749,In the Devil's Courthouse,2011,0,tt1745912
977147,Only Human,2011,0,tt2241389
982552,Fantastic Tales Of The Unknown: The Movie,2011,0,tt2138042
984081,The Last Sacrifice,2011,0,tt2140365
985726,Not Found 2,2011,0,tt18986726
986859,Houndz from Hell,2011,0,tt1806920
1012560,Bloody Wedding,2011,0,tt2091866
232804,Escape To Black Tree Forest,2012,0,tt2139853
262284,Rudyard Kipling's Mark of the Beast,2012,0,tt1555074
269012,Kidnapped Souls,2012,0,tt2180435
281160,Affliction,2012,0,tt2605302
288049,The Witness,2012,0,tt2293003
294346,Legend of the Hillbilly Butcher,2012,0,tt2435520
316724,Temple Wood: A Quest for Freedom,2012,0,tt2465264
343489,Dense Fear Bloodline,2012,0,tt2783274
346939,Demon Messenger,2012,0,tt2397688
381640,Abnormal Activity 4,2012,0,tt2194796
416545,Nothing Sacred,2012,0,tt2145821
417169,X Game 2,2012,0,tt2139637
449854,Sebastian,2012,0,tt2318669
451263,High School Trap,2012,0,tt2559094
451494,Dark Night of the Pumpkinman 2,2012,0,tt2184658
452389,Cyclical Effect,2012,0,tt2319813
453402,Brutal,2012,0,tt2129932
454009,The Pattern,2012,0,tt1931580
473238,Gut Instincts,2012,0,tt2570056
492523,Rotgut,2012,0,tt1900967
495868,Garden Island: A Paranormal Documentary,2012,0,tt2494578
539528,Stories of the Paranormal: It Came in the Night,2012,0,tt2215551
551556,Joe Vampire,2012,0,tt2672090
568281,Sadistic Eroticism,2012,0,tt2217802
568578,Little Creeps,2012,0,tt1848983
578320,A Sweet and Vicious Beauty,2012,0,tt2438658
580340,Trannysnatchers!,2012,0,tt2302939
596039,Dark Journey,2012,0,tt1342848
639461,Zydeco,2012,0,tt2023835
639473,46 Wounds,2012,0,tt3503770
642046,Fog Island,2012,0,tt3003260
642556,Book of 1000 Deaths,2012,0,tt1772770
646109,After Dark,2012,0,tt3268766
683204,Swamp Witch,2012,0,tt6724852
687377,Black Shuck,2012,0,tt2145597
698968,Possession,2012,0,tt2359241
708623,Blood Lodge,2012,0,tt2078553
723538,Photographic,2012,0,tt1465851
744571,Bloody Red Lips of Blood,2012,0,tt13937592
765534,Acedia,2012,0,tt2408282
765707,The Blaylock House,2012,0,tt2402328
767615,Encounters,2012,0,tt2281221
781353,Slumber Party Slasherthon,2012,0,tt2337764
928776,All the Fear of the Fair,2012,0,tt2606456
971757,Blood Kisses,2012,0,tt1548909
977394,Demon,2012,0,tt1733120
983421,The Darkening,2012,0,tt2317734
987401,"Vamps, Blood & Smoking Guns",2012,0,tt2388502
993056,Razor Days,2012,0,tt1772340
1018169,The Pineland Murders!,2012,0,tt2412558
1023241,2 Nights in Soul Valley,2012,0,tt2246533
191298,My Fair Zombie,2013,0,tt2265453
209956,The Diplomat Hotel,2013,0,tt2994070
212693,The Last Exit,2013,0,tt2733124
217849,Misteri Bisikan Pontianak,2013,0,tt3145626
220139,Paku Pontianak,2013,0,tt3145734
220682,Spirit Cabinet,2013,0,tt2800302
227369,Horror Filmed,2013,0,tt3450306
268758,1 Hour to Die 2,2013,0,tt2299389
279932,Crossland,2013,0,tt2464322
294616,Long Live the Dead,2013,0,tt2543828
302428,Ovulation,2013,0,tt2576120
309921,Pig Death Machine,2013,0,tt1790807
329110,His Devil's Night,2013,0,tt3099286
339373,7 Sins Of The Vampire,2013,0,tt3317382
356444,The Synthetic Man,2013,0,tt2922648
381654,I Love You to Death,2013,0,tt1954621
397282,Nightfall: Second World III,2013,0,tt3242768
413312,Seething,2013,0,tt8214406
422618,Sacrificial Youth,2013,0,tt2302805
432804,Willa,2013,0,tt2199723
447559,"Kill Her, Not Me",2013,0,tt3165206
461606,House of Thaddeus,2013,0,tt3302080
477902,HSP: There Is No Escape from the Terrors Of the Mind,2013,0,tt2947404
479260,The Trail of Dracula,2013,0,tt3225250
544976,Dead American Woman,2013,0,tt3209858
547331,Pursuit of a Legend,2013,0,tt1773638
556461,Courting a Killer,2013,0,tt2533492
565398,Alvina: Thunder & Lightning,2013,0,tt7299150
567584,Blood of the Werewolf II: Wolves & Zombies,2013,0,tt9403512
568135,Vampire Club 3D,2013,0,tt2371456
590278,The Menace with Five Arms,2013,0,tt3881270
590476,Adventures of the Haunted Hunted,2013,0,tt21066024
627324,Monsters of Carnage,2013,0,tt4267590
629843,Do No Harm,2013,0,tt3121660
637179,Music Store Massacre,2013,0,tt3270256
639489,Jebediah,2013,0,tt1710981
651008,Through Your Door,2013,0,tt3054430
653544,Powerplegic,2013,0,tt1914325
668055,A Warning to the Curious,2013,0,tt2691514
714870,21st Century Serial Killer,2013,0,tt3099940
738756,The Killer Walks Among Us,2013,0,tt6261434
762758,House of Blood,2013,0,tt1826693
765771,Game Camera,2013,0,tt2447162
767243,Optica,2013,0,tt3548834
782172,Remnants,2013,0,tt7245472
789375,Silent Lake,2013,0,tt2430166
792772,The Dead Will Rise 2,2013,0,tt2322392
810045,Shortcuts to Hell: Volume 1,2013,0,tt3117066
841657,Real Fear 2: The Truth Behind More Movies,2013,0,tt3642420
848239,Arthur Parker,2013,0,tt3505362
852850,Witch Graveyard,2013,0,tt2450684
855197,Slot,2013,0,tt14840644
953165,Jersey Devil,2013,0,tt4051824
985060,Tumors 2,2013,0,tt8653804
1032490,"Die Sister, Die!",2013,0,tt3111272
253057,My Sight for Sore Eyes,2014,0,tt2246616
270594,101 Modern LA Vampires,2014,0,tt3627828
280860,Pengantin Malam,2014,0,tt3730090
288238,Veil,2014,0,tt2401817
293249,A Phantom of the Opera,2014,0,tt5348912
293852,Nazi Dawn,2014,0,tt2734428
294910,Gemini,2014,0,tt3764970
295789,Headless,2014,0,tt2796462
298577,Full Moon,2014,0,tt3715784
300049,Outcall,2014,0,tt3729766
300994,In Darkness We Live,2014,0,tt4192718
305175,The Becoming 2015,2014,0,tt1827538
305862,House of Mirrors,2014,0,tt2123207
306109,Horror House on Highway 6,2014,0,tt3961654
306932,Queen of Blood,2014,0,tt3263758
323478,Foreclosure,2014,0,tt1651123
328936,Blood Reservoir,2014,0,tt3856040
337530,Make Them Die Sleazy!,2014,0,tt3474484
347854,Hostile,2014,0,tt4075022
358724,The Other One,2014,0,tt2917566
384075,Upsidedown Cross,2014,0,tt3175350
445135,Scary Tales,2014,0,tt3628038
481023,Swamp Terror,2014,0,tt3511344
489122,Nowhere,2014,0,tt3665514
499190,Zombie Dream,2014,0,tt2099797
505922,Bloody Slumber Party,2014,0,tt3350376
522945,Behind the Door,2014,0,tt1270087
538382,Gloved Murderess,2014,0,tt3793846
545899,Acid Girls,2014,0,tt2515450
547482,Prosper,2014,0,tt3479564
568575,Monsters on Main Street,2014,0,tt2375196
585197,The 9th,2014,0,tt2576812
586781,Tales from Beyond the Grave,2014,0,tt3601650
605554,Bigfoot: The Curse of Blood Mountain,2014,0,tt3834906
609368,Rage of the Incubus,2014,0,tt33310760
634527,Ancient Demon Succubi,2014,0,tt2991758
652841,A Cold Day in Hell,2014,0,tt2061579
661237,Moorland,2014,0,tt3331706
713138,The Night Seekers,2014,0,tt3675190
756303,The Nanabijou Tapes,2014,0,tt3636194
781372,Scary Larry,2014,0,tt2364412
799102,Diary of a Demon,2014,0,tt8129312
799139,Dv3,2014,0,tt3724396
810047,Shortcuts to Hell: Volume II,2014,0,tt3965812
829370,Angelus,2014,0,tt3616434
853682,Reunion Massacre,2014,0,tt4354160
853688,The White Faced Man,2014,0,tt4376666
853691,Beyond the Darkness,2014,0,tt4560754
855033,Grim Reapers,2014,0,tt3090628
915967,At All Cost,2014,0,tt3348174
955224,White Zombie,2014,0,tt3159258
982151,Lucifer's Night,2014,0,tt3786730
998403,Our Way,2014,0,tt2651326
1031838,Troma: Horror Boobs,2014,0,tt3962310
217789,Dr Liebenstein,2015,0,tt2974666
320507,Bunyip,2015,0,tt2826124
326217,The Legend of Black Annie,2015,0,tt1807045
334751,Chillers,2015,0,tt4330112
337692,Flesh of my Flesh,2015,0,tt4527698
344559,3 Sisters,2015,0,tt4246750
345154,Gamatisme,2015,0,tt8977454
354888,CCTV,2015,0,tt11204144
361930,Resureksyon,2015,0,tt5049416
364197,The Toxic Retards,2015,0,tt4643328
364465,P=ωρ The Dark Energy,2015,0,tt4644510
364840,A Zombie Croc: Evil Has Been Summoned,2015,0,tt5818680
365720,Taven,2015,0,tt3686630
368575,Maria Labo,2015,0,tt5180118
372074,Banglo Berkunci,2015,0,tt5289734
380078,Boogeyman Cometh,2015,0,tt2369275
382044,Steve: Death Collector,2015,0,tt4312310
393395,The Forsaken,2015,0,tt5124556
440063,Holland Road,2015,0,tt2369740
451344,The Stockholm Bloodbath,2015,0,tt3478772
454420,This Woods Is Cursed,2015,0,tt5734556
479731,Vault of Terror II: The Undead,2015,0,tt4706596
482773,Test Group,2015,0,tt3839478
482809,Gehenna: Darkness Unleashed,2015,0,tt4660950
491901,Frenzy,2015,0,tt4236994
499278,Where the Journey Ends,2015,0,tt5284746
499438,Ghostfinders,2015,0,tt6592520
501911,Collapse,2015,0,tt4333368
502312,The Sacrifice,2015,0,tt4519104
539145,Cabin of Horror,2015,0,tt4486238
556972,Werewolf Massacre at Hell's Gate,2015,0,tt4683694
558889,Paraplegicslist,2015,0,tt4227308
571911,Hulk Blood Tapes,2015,0,tt4442126
581664,The Writer's Ghost,2015,0,tt3570000
581993,The Witch Chronicles,2015,0,tt3892306
609616,American Freakshow,2015,0,tt5206834
616587,The Basement,2015,0,tt4319842
682662,Hiker,2015,0,tt4973214
697027,Friend Request,2015,0,tt4859526
707037,Stalked,2015,0,tt5147202
733615,The Vesuvius Xperiment,2015,0,tt4761912
733699,The Power,2015,0,tt2011313
748251,Vamp Bikers Dos,2015,0,tt3652744
753443,Investigation of Indian Cabin Rd,2015,0,tt8203192
756237,Urban Myths,2015,0,tt4580094
756331,Violet,2015,0,tt3741542
780748,The Last Apartment,2015,0,tt3717824
793786,Stand Off,2015,0,tt3433996
795604,Samana,2015,0,tt43636819
799134,DV2,2015,0,tt3148168
824063,The Forest of Iron,2015,0,tt10183850
875236,Blowing Raspberries,2015,0,tt41280775
881855,Snuff Reel,2015,0,tt3791190
904924,Faces of Dying,2015,0,tt13351968
971152,Shockumentary,2015,0,tt5057916
975265,Lights Camera Blood!,2015,0,tt4616448
341963,Her Name Was Torment II: Agony,2016,0,tt4372360
382184,The Key,2016,0,tt3757374
385976,Diana,2016,0,tt5531322
386269,The Last Case of August T. Harrison,2016,0,tt4041320
387854,Pelepas Saka,2016,0,tt5537376
392356,Like Lambs,2016,0,tt4396722
396120,Cult of the Vampire,2016,0,tt3771792
397572,Scars,2016,0,tt2245119
397797,Nutsack Pt. 1: Lucifer's Cosmonauts,2016,0,tt5601596
404548,Root of Darkness,2016,0,tt5512764
408278,Deceived,2016,0,tt2413014
413799,Moderation,2016,0,tt5609168
415703,Don't Fall Asleep,2016,0,tt5565622
416873,Axeman 2: Overkill,2016,0,tt3702668
418882,Nurse Jill,2016,0,tt6008602
418895,Family Covenant,2016,0,tt6102062
419228,And the Devil Makes Three,2016,0,tt5327232
420132,Volkswagen Kuning,2016,0,tt6102254
424054,Exhume,2016,0,tt3441228
427539,Bad Seeds,2016,0,tt4979222
429991,Fireside Tales,2016,0,tt6286160
431849,Triclops,2016,0,tt3455862
432281,Skookum: The Hunt for Bigfoot,2016,0,tt2571634
443377,Amethyst,2016,0,tt5312630
443724,Forest of the Vampire,2016,0,tt4986978
448474,3 Flies in a Widow's Web,2016,0,tt5676450
448523,Carnifex,2016,0,tt3284082
452112,"I Went France, Cannes",2016,0,tt5900624
456515,Hi8: Resurrectio,2016,0,tt6080428
461369,Fortune Cookie,2016,0,tt5371922
467320,Heavenly Sin,2016,0,tt6553350
467834,O. Unilateralis,2016,0,tt4953348
471610,Life is Cheap,2016,0,tt7681470
475949,The Canadoo,2016,0,tt6059352
479576,Sleepless Nights,2016,0,tt6566600
484479,The House on the Witchpit,2016,0,tt6880600
488111,Jinn,2016,0,tt5942108
490271,Somebody's Darling,2016,0,tt4613688
493446,Harmonika,2016,0,tt5590758
494678,Santa Claus: Serial Rapist,2016,0,tt7594274
496364,In Search of the Exile,2016,0,tt7330622
496594,Valley of the Rats,2016,0,tt5577492
503659,Belly Timber,2016,0,tt5235548
506400,Creepy Clowns,2016,0,tt4724542
508592,Kropemann,2016,0,tt4232188
519647,Hollywood Warrioress: The Movie,2016,0,tt5020866
560903,Dollz,2016,0,tt4890766
568524,The 12 Slays of Christmas,2016,0,tt5123344
571939,Video Killer,2016,0,tt4256366
572949,Night of the Clown,2016,0,tt6029746
588068,Pi Day Die Day,2016,0,tt4791458
603524,Witch Hunt,2016,0,tt3593978
646334,The Shadow Zone,2016,0,tt5198702
663099,The Smudging,2016,0,tt6020094
667054,Shotgun,2016,0,tt5832906
674385,Virus: Extreme Contamination,2016,0,tt5177636
675853,Movie Madness,2016,0,tt5106120
691646,A Deathtrip in Berlin,2016,0,tt6264048
709786,The Dummy 2,2016,0,tt6067292
715275,Beyond the Night,2016,0,tt5915296
733858,Misfit,2016,0,tt7809214
746161,La cage: L'histoire de la Corriveau,2016,0,tt6583894
788470,Mouchuki Forest Bungalow,2016,0,tt7855306
793462,"Matilda's Bridge, a Duppy Story",2016,0,tt6047658
823359,Slumber Party Slaughter Party,2016,0,tt7363650
824923,Once Upon A Nightmare,2016,0,tt5290736
825193,Rhyme Slaya,2016,0,tt5886386
827525,Project D: Classified,2016,0,tt4770876
831017,Beyond the Wall of Fear,2016,0,tt10207660
851275,Vile Prey,2016,0,tt5352998
855560,Fangs Vs Spurs,2016,0,tt3726052
963637,Blood Claws,2016,0,tt5057910
1005367,The Stray,2016,0,tt4423034
1007272,Baron Von Laugho's Halloween Spook-A-Thon!,2016,0,tt5013076
410832,#Slaughterhouse,2017,0,tt5654204
425758,Meathook Massacre II,2017,0,tt6137138
434447,The Legend of the Mad Axeman,2017,0,tt4502432
443617,Confessions of a Homicidal Prostitute,2017,0,tt6561516
448089,The Other One,2017,0,tt6632338
449478,Witchcraft XIV: Angel of Death,2017,0,tt4756770
449772,Scare Bear,2017,0,tt5863352
449954,Taught in Cold Blood,2017,0,tt1876466
451452,Summer people,2017,0,tt1316079
451716,Phantasmagoria,2017,0,tt6818526
452890,Body Farm,2017,0,tt5374392
455188,Seizure,2017,0,tt5241534
461628,Deccal 2,2017,0,tt6793180
469208,Transhuman,2017,0,tt5640126
472750,This Book Is Cursed,2017,0,tt6765632
475531,The Harvesters,2017,0,tt5627502
476341,Guerrilla Blood,2017,0,tt7263324
476542,Capture,2017,0,tt8398244
476608,Don't Let the Devil In,2017,0,tt5260314
476662,Susu,2017,0,tt6913998
479574,Elliot,2017,0,tt3158830
483400,The Forlorned,2017,0,tt4294968
483422,Z.A.N.,2017,0,tt3727922
483790,Apocalyptic Horror,2017,0,tt7548896
483965,Devotion,2017,0,tt7557104
484779,Blood Woods,2017,0,tt7229290
485245,Coyotes Kill for Fun,2017,0,tt7591742
485751,Agony,2017,0,tt6247650
486511,The Last Revenant,2017,0,tt1346630
486772,I Shall Never Return,2017,0,tt5939018
487187,I Dared You! Truth or Dare Part 5,2017,0,tt4940094
488008,The Viper's Hex,2017,0,tt5982964
488247,6 Models in Hell,2017,0,tt2147708
489123,Blaze of Gory,2017,0,tt2267578
493494,The Curse of All Hallows' Eve,2017,0,tt3228450
495303,Irrational Fear,2017,0,tt6155600
498110,Masks,2017,0,tt7144142
502429,The Streets Run Red,2017,0,tt5372392
506404,Chad's Dental Nightmare,2017,0,tt7304574
506413,The Undone,2017,0,tt6304978
507434,Animal Kingdom,2017,0,tt7016298
509166,Doll Murder Spree,2017,0,tt4010062
513508,Bodies,2017,0,tt6129190
515781,The Forces of Horror Anthology: Volume I,2017,0,tt6059268
516833,Amityville Clownhouse,2017,0,tt6828736
521458,Lullaby,2017,0,tt7642974
524882,The Night-Time Winds,2017,0,tt5825358
526749,Tales for the Campfire 2,2017,0,tt6425270
529280,Monster Pool: Seven Deadly Sins,2017,0,tt7535798
534425,Haunted Routes: Evil East Coast Highway,2017,0,tt8093340
535412,Arte Factum,2017,0,tt7713246
539185,The Colours of Desire,2017,0,tt5984856
554060,Industrial Animals,2017,0,tt5805290
555175,Don't You Recognize Me?,2017,0,tt2530452
557498,Meathook Massacre III: First Hunt,2017,0,tt7081402
562231,Crocodylus,2017,0,tt5663962
565244,Curse of the Slasher Nurse,2017,0,tt5912172
571907,Dead Wedding,2017,0,tt6128738
573875,Recovery,2017,0,tt7091980
574124,Happy Endings Are a Rarity,2017,0,tt4183284
583642,Let Me In,2017,0,tt7122852
589565,Toxic Schlock,2017,0,tt6661366
594090,Slaughter Drive,2017,0,tt5376752
604514,Fatal Premonitions,2017,0,tt7383680
605314,Bigfoot at Millcreek,2017,0,tt6579530
612861,The Borer,2017,0,tt6773068
633100,A Whisper in the Dark 2,2017,0,tt4669142
642087,Crispy's Curse,2017,0,tt5980496
645240,Queen Dracula,2017,0,tt8193978
656211,Witiko,2017,0,tt6566998
676704,Kill or be Killed,2017,0,tt2641256
689285,The Spookies,2017,0,tt5639892
697123,Lying Posture of a Lion,2017,0,tt7821108
707455,Terror in Woods Creek,2017,0,tt2607614
727714,The Red Resurrection,2017,0,tt11167046
729881,13 Dolls In Darkness,2017,0,tt6677630
736853,2 Lanes,2017,0,tt7003386
765905,In a Madman's World,2017,0,tt2260324
792103,Portmanteau,2017,0,tt6012076
793376,Cold Case #17-76466,2017,0,tt8081472
800681,The Stream,2017,0,tt7817234
808207,The Book of Life,2017,0,tt6716346
809654,Eaters of the Dead,2017,0,tt8936904
810402,Spooked,2017,0,tt6098336
818999,Are We The Waiting,2017,0,tt5768204
831207,Skeleton Key 3 Part 2,2017,0,tt6653954
850127,GH5,2017,0,tt6244666
853413,The Book of Secrets,2017,0,tt5935196
858524,A Call to the Dark,2017,0,tt6748920
879209,Jack Lantern,2017,0,tt5001852
980062,080817.mp4,2017,0,tt8101628
984862,Wrong Side of the Tracks,2017,0,tt7917976
999131,Taku-He,2017,0,tt8730564
462310,The Wanderers: The Quest of The Demon Hunter,2018,0,tt5821150
464466,The Z Triangle,2018,0,tt7646582
466274,PTSD: The Dread That Follows,2018,0,tt6833050
499915,Gods of Perdition,2018,0,tt7897150
500269,The Barren Pine,2018,0,tt6079364
506048,Deadtime Tales,2018,0,tt9335486
506049,Deadtime Tales 2,2018,0,tt9356670
507981,Carnival of Sorrows,2018,0,tt3646828
510969,Mr. Cleaver,2018,0,tt8001400
513741,Octagon,2018,0,tt5203292
516023,Hi-Death,2018,0,tt4809964
516695,Camp Hideaway Massacre,2018,0,tt8045586
517046,The New World Horror,2018,0,tt5355890
519027,FANG,2018,0,tt6148864
519988,Demon Protocol,2018,0,tt7156756
524785,Boogeyman Pop,2018,0,tt4422886
526411,Tiny Terrors,2018,0,tt8115014
526463,Paralyzed with Fear,2018,0,tt5545996
528665,Covadonga,2018,0,tt7143958
532650,Frankenstein's Creature,2018,0,tt8721634
532668,The Next Kill,2018,0,tt7171224
532891,WrestleMassacre,2018,0,tt7200866
533139,Crescent City Chronicles: Chains in the Attic,2018,0,tt7433876
534321,Sunset Society,2018,0,tt7385836
534424,Taste Me: Death-scort Service Part 3,2018,0,tt8514706
538698,Black Mamba,2018,0,tt7121652
540306,The Hornet's Disciple and the Scars She Left,2018,0,tt8866718
542675,The Foaming Node,2018,0,tt37453103
543998,Xploring Xtro,2018,0,tt8171372
546278,23:59: The Haunting Hour,2018,0,tt8657692
547118,The Foreign Exchange Student,2018,0,tt4686168
549078,Weevil,2018,0,tt7453280
549669,Witch,2018,0,tt11126084
552102,Hush Little Baby Welcome To The Family,2018,0,tt8722030
552476,Noxious,2018,0,tt8840492
553079,Dead by Christmas,2018,0,tt7790040
555752,The Sunless Remembered,2018,0,tt9169512
558448,Deal With the Devil,2018,0,tt4694546
558482,Brutal Bigfoot,2018,0,tt21441218
558774,I Dare You to Open Your Eyes,2018,0,tt9044438
558909,Absurd,2018,0,tt7966360
559844,Welcome to the Strange,2018,0,tt9291476
560038,The Occultist 2: Demons,2018,0,tt8245498
562597,The Whitlow House,2018,0,tt7947902
562786,Conjuring Curse,2018,0,tt9233860
563575,Skinford: Chapter 2,2018,0,tt6869880
564446,Hellbound,2018,0,tt9381742
567248,Corpse,2018,0,tt8289192
568120,Moma's Spirit,2018,0,tt4203788
572293,The Demon of Eagle Rock,2018,0,tt9389132
572485,Suburban Coffin,2018,0,tt6910730
573307,KKKillers,2018,0,tt9146318
574137,Unfollowed,2018,0,tt8477710
574798,Darkness Comes,2018,0,tt2723334
575437,Atrophy!,2018,0,tt8782690
578400,Hunter,2018,0,tt3452966
582621,Ryde or Die,2018,0,tt7434070
585537,The Painted,2018,0,tt6669996
588783,Clown Footage,2018,0,tt8571958
590756,New Chilling Tales: The Anthology,2018,0,tt9606548
604518,Little Monster,2018,0,tt7462322
605553,Theater of Horror,2018,0,tt6888282
611141,Medicated,2018,0,tt9025650
612196,Starcache,2018,0,tt3181614
623493,Sacrificial,2018,0,tt7568324
638254,Headshots,2018,0,tt7145276
641688,Church of Fears,2018,0,tt8285496
641697,The Great Altar,2018,0,tt7255464
644265,The Maker of Monsters,2018,0,tt8772330
644426,Clark Ashton Smith: The Emperor of Dreams,2018,0,tt9014118
644452,Legend of Demoniac,2018,0,tt7181478
644670,The Killing Secret,2018,0,tt3411962
652118,The Branded: Initiation,2018,0,tt7989520
654731,Paranoia Tapes 2: Press Play,2018,0,tt7160284
655344,The Plague 3: The Road's End,2018,0,tt9153006
658975,Silenced,2018,0,tt4728248
692830,Conscious,2018,0,tt5489276
700424,Tales for the Midnight Hour II,2018,0,tt7950632
705072,Callous,2018,0,tt9024942
711813,Beneath: A Cave Horror,2018,0,tt12172388
716820,Virgin Genocide,2018,0,tt9284486
716822,The Devil's Camera,2018,0,tt9284340
720929,Deacon,2018,0,tt5267388
725543,Wolves of Wuhan,2018,0,tt3410974
729872,3 mukhi,2018,0,tt8302502
733506,Remember Redfield,2018,0,tt7687250
750206,Cry,2018,0,tt8470356
750512,Maria's Tale,2018,0,tt7742072
756267,Snowed In,2018,0,tt7959410
756290,Paranoia Tapes 4: Kennel House,2018,0,tt7901274
769664,Cicada!,2018,0,tt9114272
770452,Blood Alley - Chillicothe Makes a Movie,2018,0,tt9248472
775501,The Nightstalker Case,2018,0,tt9678686
777537,God's Law,2018,0,tt8593116
785614,Death World,2018,0,tt9069116
786050,Depraved,2018,0,tt13845976
786966,The Proposal,2018,0,tt2309368
791615,Reel Killz,2018,0,tt6453776
794925,Necropath,2018,0,tt8389598
820725,The Fare,2018,0,tt7641756
842098,Alien Swamp Beast,2018,0,tt14871090
857391,Cracks,2018,0,tt8777222
857614,Warning - No Trespassing,2018,0,tt9162584
860292,#1915House,2018,0,tt10985348
860346,Silence's Crescendo,2018,0,tt9076770
885755,In The House Of Ravens,2018,0,tt9074710
897871,Unearthed: The Curse of Nephthys,2018,0,tt7836694
941723,Night Trap,2018,0,tt0105000
956469,Escape Room: Quest of Fear,2018,0,tt9367926
975957,The Reckoning,2018,0,tt8742528
982966,Lefty Lucy,2018,0,tt8407508
987294,Trash Arts Killers,2018,0,tt7884578
459410,The Beast,2019,0,tt5754414
484061,House Within The Night,2019,0,tt27756365
512650,Beyond Hell,2019,0,tt4736490
514507,Hotel Camarillo,2019,0,tt4539154
515389,Dark Night,2019,0,tt7352264
545308,Far from the Apple Tree,2019,0,tt6910670
567212,The Killer Clown Meets the Candy Man,2019,0,tt7983334
572428,Sniper Corpse,2019,0,tt8287434
578982,Elevator To Insanity,2019,0,tt9318706
579957,Garrow,2019,0,tt4953676
579959,Noctambulist,2019,0,tt5265614
596318,Onryo,2019,0,tt3547502
603312,Stay,2019,0,tt5935518
603457,Captured,2019,0,tt5568962
604012,Mad House: A Paranormal Documentary,2019,0,tt9613538
604076,Red Rabbit Lodge,2019,0,tt3392348
605124,Malevolent Shadows,2019,0,tt8623076
608537,Strange Events 2,2019,0,tt8840224
611596,Kafka's Supermarket,2019,0,tt10617618
614015,Landfall (1734—1987—2018),2019,0,tt10680588
614209,The Perished,2019,0,tt8167484
619265,The Cabin House,2019,0,tt10555920
619430,Devilish Tales,2019,0,tt32739746
620495,Shevenge,2019,0,tt10680596
623017,Bloodsucker's Planet,2019,0,tt10520054
625423,L.A.'s Most Haunted,2019,0,tt8892488
626963,Shorts After Dark,2019,0,tt10886042
629121,Return of the Slasher Nurse,2019,0,tt7978548
629363,It's Here,2019,0,tt10188074
632570,Don't Drink the Milk,2019,0,tt9485052
633489,Ennaval,2019,0,tt11024142
634494,Neighbor,2019,0,tt10331094
635896,Zombarella's House Of Whorrors,2019,0,tt14272662
637926,The Missing,2019,0,tt10617150
638106,Closing Time,2019,0,tt37475670
638732,A Wolf in Sheep's Clothing,2019,0,tt8217368
639052,The Bleak,2019,0,tt11367102
643088,Deep Undead,2019,0,tt11061802
643213,Ten: The Sacrifice,2019,0,tt7514148
643587,Dead Residence,2019,0,tt11067646
643657,Armageddon Gospels,2019,0,tt6235154
644009,One Winter Night,2019,0,tt6692264
644144,Morbid Stories,2019,0,tt10182228
644748,Gnomercy,2019,0,tt4191592
644752,Devils Tramping Ground,2019,0,tt8894018
644876,The Mennonite of the Living Dead,2019,0,tt7512632
649182,Nothing But Haunts: The Story Behind the Scare,2019,0,tt11202682
650672,The Ghost in the Darkness,2019,0,tt10756134
652034,Desert Wolf,2019,0,tt9572674
652847,Giftwrapped and Gutted,2019,0,tt11367804
653537,Whispers,2019,0,tt10873838
653842,Cutoff,2019,0,tt11378928
654082,Be Our Guests,2019,0,tt11322942
654954,Follow the Crows,2019,0,tt6096852
656145,Karma: The Price of Vengeance,2019,0,tt8845046
657611,Blood Type,2019,0,tt5731746
657701,Final Cut,2019,0,tt3717310
658110,Red Letters,2019,0,tt9361810
658596,Close Your Eyes,2019,0,tt7385414
659502,Sweet Dreams,2019,0,tt4595204
659506,GHoSTbRAT,2019,0,tt11273320
663200,Hellthy,2019,0,tt11534742
664336,Meathook Massacre: The Final Chapter,2019,0,tt10077706
664994,The Things that Haunt Us,2019,0,tt18252176
671104,The Grotesque World of Jimmy the Bean,2019,0,tt11421870
674472,Submission,2019,0,tt5270732
675777,Zombie (UK),2019,0,tt4603510
678792,Tokyo Necronomicon,2019,0,tt10039152
679893,Psycho-Therapy,2019,0,tt11255486
683100,Damned Rites,2019,0,tt11137964
689968,The Desert Stalker,2019,0,tt11235086
690481,Aurora,2019,0,tt8553606
691196,Moon of the Blood Beast,2019,0,tt10078664
694673,Forgotten Trash,2019,0,tt11668518
709427,Insight of Evil 2: Vengeance,2019,0,tt10783080
712079,Jimmy Mack,2019,0,tt11500434
730227,Spiral,2019,0,tt8405708
731391,The Ungulate,2019,0,tt9297172
731776,Immortal,2019,0,tt8130414
734001,Knife,2019,0,tt12237604
734707,Red Sunset Drive,2019,0,tt10931910
735979,Evil Under the Skin,2019,0,tt6696280
736447,Ninja Dream,2019,0,tt11323490
736735,The Birth of Deceit,2019,0,tt9834736
740130,At the End of Eight,2019,0,tt11633116
750322,Man In The Box,2019,0,tt10621158
756885,The Understanding,2019,0,tt10313564
770456,A Christmas Carol,2019,0,tt13571948
773769,Don't Get Out,2019,0,tt11482936
781180,Zombie Warriors,2019,0,tt10637522
781713,XIII,2019,0,tt12675460
794766,Almira,2019,0,tt27990792
848186,Maggie Shayne's Embrace the Twilight,2019,0,tt6884074
851296,Season's Grievings,2019,0,tt10140992
851307,The Blood Thins,2019,0,tt8941450
852676,He Drives at Night,2019,0,tt10111580
853730,Blood Mixed,2019,0,tt11962916
856668,Flesher,2019,0,tt9500864
870182,Seagull,2019,0,tt6020742
873787,Dark Zone THirteen,2019,0,tt11132850
884356,Death Toilet Number 2,2019,0,tt11085978
917222,Story Behind the Chirag Project,2019,0,tt14752504
935020,The Counting House,2019,0,tt17677096
954914,Death Files,2019,0,tt11455390
957284,The Gravedigger,2019,0,tt10299528
971773,Blood of Drago,2019,0,tt6976590
975502,Innesti,2019,0,tt21384084
987315,Trash Arts Killers: Volume Two,2019,0,tt10379140
411326,Wonder Valley,2020,0,tt4123414
443018,Powerbomb,2020,0,tt6782632
450620,House of Many Sorrows,2020,0,tt3723784
462604,Wichita,2020,0,tt4043502
500759,Where's Wendy,2020,0,tt5021346
596321,The Samaritans,2020,0,tt5486552
645426,Exit,2020,0,tt8076930
645732,We Wait in the Woods,2020,0,tt8658166
659309,Haunted Hills,2020,0,tt11509538
662044,Gravedigger Dave’s Halfway House,2020,0,tt11559728
666912,A Little More Flesh,2020,0,tt11710248
667015,Black Lake,2020,0,tt6314998
668040,The Cool Kids,2020,0,tt3704808
669906,Force to Fear,2020,0,tt10176540
672902,Tokoloshe: An African Curse,2020,0,tt8182004
675347,Eden Burning,2020,0,tt1628038
679974,Beware the Children,2020,0,tt7533160
680297,Lensface,2020,0,tt11766636
681416,Tales From Six Feet Under,2020,0,tt11845692
683915,Curse of the Bloody Voodoo Sockpuppet,2020,0,tt11584478
687301,Blood Rites of the Vampyr,2020,0,tt11378284
687983,The Truth,2020,0,tt13826620
688898,The Burning Baby,2020,0,tt11807300
689108,Carnival of Gore,2020,0,tt21152390
690085,Italy Possessed: A Brief History of Exorcist Rip-Offs,2020,0,tt12866936
691734,Easter Holocaust,2020,0,tt12092784
693071,Flowers 02,2020,0,tt11633204
694662,An Evil Tale,2020,0,tt6771060
696845,Merry Xmas,2020,0,tt16648640
698663,Holland Road Massacre: The Legend of Pigman,2020,0,tt11736856
698676,Dark Web: Mystery Box,2020,0,tt12083062
699651,Days of Violence,2020,0,tt6169612
700522,Deep Web,2020,0,tt9496420
700591,Marlene,2020,0,tt9142454
702621,Lullaby,2020,0,tt11891246
709147,Melany Rose,2020,0,tt4681668
712508,Axed To Pieces,2020,0,tt12314778
713197,The Convergence of Souls,2020,0,tt4655812
715107,Remy's Demons,2020,0,tt10334998
717319,Mermaid Isle,2020,0,tt12210768
718055,Beg for Life,2020,0,tt10831958
718389,The Angela Chapters,2020,0,tt12104324
721894,Zombieworld 3,2020,0,tt12416790
722526,Evul Twinz,2020,0,tt12088676
723337,Lwa all saints eve,2020,0,tt5762764
724046,Strange Events 3,2020,0,tt11738264
724457,Hacked,2020,0,tt12549474
724492,Blood Tales,2020,0,tt7744940
725283,The Circle,2020,0,tt20250342
725813,Fighting Chupacabra and cartel in Mexico,2020,0,tt11718590
727353,I Cut Your Flesh,2020,0,tt8286558
729613,Morbid Tales,2020,0,tt17278894
729884,Abortifacient,2020,0,tt8708174
731158,Elusive: Bigfoot Abroad,2020,0,tt12192526
731204,Beast by Night,2020,0,tt9076264
731216,Devil's Point,2020,0,tt3763854
731222,I Think We're Alone Now,2020,0,tt12703400
731230,Rough Cut,2020,0,tt12718510
731741,Carnival Evil,2020,0,tt10887520
733415,There’s No Such Thing as Ghosts?,2020,0,tt10941608
733914,Midnight Devils,2020,0,tt8395214
734216,8 Ball Clown 2,2020,0,tt9269262
736934,Horror Movie,2020,0,tt12354812
737855,The Turn of the Screw,2020,0,tt10364478
737859,Into the Haunt,2020,0,tt11669488
737974,İntikam Soğuk Duş,2020,0,tt12893980
738156,Grim Weaver,2020,0,tt5868992
738162,Broken Contact - A Poltergeist Story,2020,0,tt13991322
738467,Schism,2020,0,tt6335796
738730,Alien Autopsy,2020,0,tt26626631
739890,A Cry in the Night: The Legend of La Llorona,2020,0,tt9001550
741174,Monster,2020,0,tt12260412
741178,Killerhertz,2020,0,tt7679334
741422,Frames of Fear III,2020,0,tt7472964
741425,Harvest of Horrors,2020,0,tt8987358
741919,Dinogore,2020,0,tt10298712
746132,Halloween Hero,2020,0,tt12831260
746729,The Darkest Sorrows,2020,0,tt11944684
748464,Yield,2020,0,tt8488102
750569,Behind Closed Doors,2020,0,tt12362668
751073,Tales From Parts Unknown,2020,0,tt13009892
751097,Transference,2020,0,tt10234470
752809,The Tremble Guest House,2020,0,tt13260170
754588,Lone Wolf,2020,0,tt13222192
756783,Cattle Farmer,2020,0,tt11743330
757173,Clownz R Us,2020,0,tt12953434
758853,The Flower Tapes,2020,0,tt13284350
759413,Without a Body,2020,0,tt4196110
763256,Mummy,2020,0,tt13061218
763531,Meeting,2020,0,tt7361504
763747,Nexus of Evil,2020,0,tt12959292
764065,Stir Crazy,2020,0,tt13204230
765732,The Philosophy of Horror: A Symphony of Film Theory,2020,0,tt11157214
766376,Zoom.Mov,2020,0,tt12792172
767528,Psychopath,2020,0,tt4729638
767805,Queen: The Awakening,2020,0,tt14254990
767864,Backwoods,2020,0,tt8501500
769932,Legend of the Muse,2020,0,tt12317242
776041,Joker Scarecrow,2020,0,tt13309670
776236,Phobic,2020,0,tt3145630
776294,The House and The White String,2020,0,tt14591438
777828,Circle,2020,0,tt11833800
778919,Arachnado,2020,0,tt12429968
781342,Creepypasta: Deathnet,2020,0,tt12030076
781346,Found Footage of Fear,2020,0,tt12429872
783333,Huey,2020,0,tt11347394
794004,Bleach,2020,0,tt4139336
801464,Ultimate Zombie Feast,2020,0,tt12387302
804122,Meathook Massacre Part VI: Bloodline,2020,0,tt11454088
805705,Real Paranormal Activity,2020,0,tt13780836
818269,Built to Kill,2020,0,tt13688756
825465,Faces of the Dead,2020,0,tt9452824
826930,Second Chance aka Grey Valley,2020,0,tt12616296
827144,The Corruption of Divine Providence,2020,0,tt7308602
832672,Wicked Ones,2020,0,tt8559708
834619,Frightvision,2020,0,tt13133486
835875,Thingz,2020,0,tt14110868
838322,The Occultist 2: Bloody Guinea Pigs,2020,0,tt14287118
844697,Freak,2020,0,tt13557212
847802,Red,2020,0,tt12757372
848440,Circus,2020,0,tt13566356
851466,Faces of Fear 2020,2020,0,tt10030150
851862,Kaatskill Kannibals,2020,0,tt12786230
852986,Curse of La Llorona,2020,0,tt9544716
854160,One for the Road,2020,0,tt6849784
860022,Breakdown,2020,0,tt3899930
862250,The House On Misty Lane: Chapter Two,2020,0,tt10755624
868706,Black Lizard Tales,2020,0,tt13151732
869528,American Sasquatch,2020,0,tt13758802
869989,Clown Motel Vacancies,2020,0,tt13469366
929030,Cyber Underground,2020,0,tt8483968
931153,Midnight,2020,0,tt3120322
931447,"Truly, Madly",2020,0,tt6984220
944568,The Dark Web Tapes,2020,0,tt11897224
975302,Tales to Tell in the Dark,2020,0,tt14781346
997620,Catch of the Day 2: You Die at Dawn!,2020,0,tt10463692
1030655,Elliot,2020,0,tt11713016
1031198,Horror Nights,2020,0,tt11525468
1031478,Asylum of the Devil,2020,0,tt14707752
331432,Zombie Lover,2021,0,tt1833112
701481,Afraid of the Dark,2021,0,tt10563232
716283,Crack House of the Dead,2021,0,tt4306774
729341,For Roger,2021,0,tt15396826
739590,The Last Ghost Hunters,2021,0,tt10832720
739603,Like a Dirty French Novel,2021,0,tt13032902
758637,Reunion from Hell,2021,0,tt11783786
758823,The Embalmers,2021,0,tt11452024
761841,Daytime Nightmare,2021,0,tt8033250
770393,I Dream of a Psychopomp,2021,0,tt7315032
770725,Circle of Bones,2021,0,tt8313738
780318,Blood-Red Ox,2021,0,tt9149548
781329,Ebola Rex Versus Murder Hornets,2021,0,tt13117144
781332,Bubba's Dead: The Final Massacre,2021,0,tt13351992
781345,Rattlers 2,2021,0,tt13352012
781849,Bloody Nun 2: The Curse,2021,0,tt10216812
785869,concrete_savanna,2021,0,tt13056108
795206,Shadowland,2021,0,tt9015714
795422,Red River Road,2021,0,tt12280764
796265,Last Holler,2021,0,tt26932003
796581,Strix,2021,0,tt11685140
797147,Mother Noose Presents Once Upon a Nightmare,2021,0,tt10655320
799144,The Last Retreat,2021,0,tt38770982
800417,Tom and His Zombie Wife,2021,0,tt6285200
800891,Red Pill,2021,0,tt11279862
801808,Fanboy,2021,0,tt6919982
803442,Who's With Me?,2021,0,tt14153138
804261,Sour,2021,0,tt10402832
805475,Smile Lines,2021,0,tt13629692
805532,Amityville Hex,2021,0,tt12029728
806322,Irul: Ghost Hotel,2021,0,tt14170178
806892,Image of Perception,2021,0,tt15087626
814406,A Little More Flesh II,2021,0,tt14392056
815128,Death Rink,2021,0,tt9761572
816450,Black Friday Subliminal,2021,0,tt11378070
819604,Surveilled,2021,0,tt7336284
822435,Backwoods Bubba,2021,0,tt11609250
825824,The Midwife,2021,0,tt9766814
826933,Winifred Meeks,2021,0,tt11914450
828691,Killer Concept,2021,0,tt14236094
829243,Fangs,2021,0,tt13847304
830806,The Mississippi Mummy,2021,0,tt14526866
830826,Ghost Warrior,2021,0,tt10498806
840537,Pasture,2021,0,tt12675670
840543,Amityville Vampire,2021,0,tt9723642
843289,As the Village Sleeps,2021,0,tt11821582
843880,Purgatory,2021,0,tt15079704
846278,Amityville Cult,2021,0,tt13729068
847163,A Quiet Dinner with Friends,2021,0,tt14746270
847996,Clout,2021,0,tt14929416
848955,Violet's Prey,2021,0,tt12611144
851661,they're coming,2021,0,tt15055500
851839,Love Bites,2021,0,tt12899826
853085,Mystery Spot,2021,0,tt11826520
853155,Bad Blood,2021,0,tt12628280
853157,Bring Out the Fear,2021,0,tt11492524
854283,Intuit,2021,0,tt14961546
854852,The Brilliant Terror,2021,0,tt2752980
855273,The Jack Ruhl Show: The Movie,2021,0,tt15126948
856517,Tales of the Creeping Death,2021,0,tt9471786
859497,Gravedigger Dave’s Anthology Festival,2021,0,tt15249650
860764,Space Vampire,2021,0,tt7640818
862239,Lucia,2021,0,tt12430264
865672,Horrortales.666 Part 2,2021,0,tt13357558
866741,Box,2021,0,tt12966288
869150,The Unsettling,2021,0,tt4772204
870619,Flesh,2021,0,tt15327382
874753,Aku Lupa Aku Luka,2021,0,tt15418540
874756,Kabut,2021,0,tt15416924
874758,Hompimpa,2021,0,tt15416816
876286,Devil's Five,2021,0,tt4682970
878367,Dream Visions,2021,0,tt15660966
878414,The Mountain Stalker,2021,0,tt8810210
878777,CRAM,2021,0,tt15307768
880004,Wicked Games,2021,0,tt15033482
880226,Symbolicus Vol. 2,2021,0,tt15408056
880393,Hollowhood,2021,0,tt11799556
884517,Perfect,2021,0,tt14140682
885346,Barun Rai and the House on the Cliff,2021,0,tt9449952
885468,Hell on the Shelf,2021,0,tt19872770
886427,My Cherry Pie,2021,0,tt13044858
886481,Bashira,2021,0,tt8065292
886514,Day Of Disappearance,2021,0,tt16341768
886963,GoodBi,2021,0,tt14513944
887130,Haunted Trail,2021,0,tt14102146
887445,ForgotteNation,2021,0,tt16263830
888838,The Long Dark Trail,2021,0,tt15389372
889046,Camping Trip,2021,0,tt13852990
889977,Attached: Paranormal,2021,0,tt11855826
890348,Cruel Summer,2021,0,tt14442616
891195,Doll Killer 2,2021,0,tt15262024
891989,Vampire Strippers,2021,0,tt17159338
892087,Gravis Terrae,2021,0,tt15422986
892175,The Wet Ones,2021,0,tt14501448
894239,St. Patrick's Day,2021,0,tt11436686
898100,Rise of the Scarecrows: Hell on Earth,2021,0,tt13124286
899215,The Towel Man,2021,0,tt14112996
899907,The Darkness of the Road,2021,0,tt8618972
903040,Holes In The Sky: The Sean Miller Story,2021,0,tt15412828
904926,Faces of Dying II,2021,0,tt14207022
904929,Faces of Dying III,2021,0,tt14207358
904931,Faces of Dying IV,2021,0,tt15105098
911425,The Outsider,2021,0,tt15011630
911860,Carnal Monsters,2021,0,tt14530552
912858,Death Breed,2021,0,tt15353534
912937,Nefarious,2021,0,tt8542864
916300,The Herald and the Horror,2021,0,tt14299876
917315,Cici,2021,0,tt16452600
918594,The Artist,2021,0,tt16476738
919345,Ring of Desire,2021,0,tt10555544
924618,Tardy Terror,2021,0,tt13427442
934665,The Devil's Children,2021,0,tt15541244
937306,Dark Mixtape,2021,0,tt16964668
944471,Underneath: An Anthology of Terror,2021,0,tt7830062
949569,The Leprechaun's Curse,2021,0,tt14113436
950975,Bigfoot vs Krampus,2021,0,tt20562862
953754,The Ghosts of Somerville: Mrs. Micks,2021,0,tt15503170
972040,Park Street Diary,2021,0,tt21152402
973899,Claw 2: Blood Legacy,2021,0,tt14102720
975047,A Message from Brianna,2021,0,tt12499740
976898,Visions of Filth,2021,0,tt19885634
979051,End of Term,2021,0,tt6044276
982842,Souls: Lost Tapes,2021,0,tt10358560
985897,What You Can't Promise,2021,0,tt15600068
990266,Zero Avenue,2021,0,tt11608494
993402,Night of Doom,2021,0,tt16432256
994614,Approaching Shadows,2021,0,tt9867478
998224,Be Careful What You Wish 4,2021,0,tt15690574
1003273,Im Wald,2021,0,tt15429650
1005376,ReSet,2021,0,tt14746344
1018088,Midnight Screening,2021,0,tt12581128
1022634,The Calling,2021,0,tt13315654
1026772,The Dead Sleep Soundly,2021,0,tt13555924
1031280,They See You,2021,0,tt12724352
504145,Hybristophilia,2022,0,tt5840434
511243,The Wizard Hunter: The Hunt for Evangelion Crowley,2022,0,tt1756836
596484,Skagit,2022,0,tt8707850
613271,VampyrZ on a Boat,2022,0,tt9843390
660175,Edgar Allen Poe's Ligeia,2022,0,tt8749622
663064,Seven Boxes,2022,0,tt8384984
675814,Apetite for Sin,2022,0,tt11469882
676547,Prey for the Devil,2022,0,tt9271672
729454,Don’t Fuck In The Woods 2,2022,0,tt7560830
752510,Tin Can,2022,0,tt8413040
754408,Decline,2022,0,tt10676120
762640,The Hopewell Haunting,2022,0,tt2315938
764086,Masking Threshold,2022,0,tt11586384
773409,Noise in the Middle,2022,0,tt9377332
780273,Revenge of the Zombies,2022,0,tt13260780
780280,ShadowMarsh,2022,0,tt11995882
782936,Nocebo,2022,0,tt11212572
791177,Bones and All,2022,0,tt10168670
799051,Orcus,2022,0,tt11857966
800815,The Pale Blue Eye,2022,0,tt14138650
801078,Walking Against the Rain,2022,0,tt11859058
802917,Rounding,2022,0,tt14181328
805429,The Missing,2022,0,tt13899908
813848,Murmur,2022,0,tt13853146
828514,The Dark Offerings,2022,0,tt12325324
843932,Nanny,2022,0,tt10931784
844396,The Friendship Game,2022,0,tt7339862
851972,Swallowed,2022,0,tt14960854
852252,The Accursed,2022,0,tt14617254
852917,A Savannah Haunting,2022,0,tt12574708
854640,Bundy Manor,2022,0,tt14221522
854748,Ghost Track,2022,0,tt8661444
855202,Into the Black Abyss: Deathstream,2022,0,tt5370514
856290,After She Died,2022,0,tt12664558
863848,Audition: Found Footage Film,2022,0,tt14598224
872890,The Darkness Outside,2022,0,tt13970360
873529,Shady Grove,2022,0,tt15262652
878900,FLATWOODS,2022,0,tt8540428
881212,Fixation,2022,0,tt13460398
881487,The Visitor,2022,0,tt15558152
885903,Survivor's Choice,2022,0,tt12410584
891702,Hosticide,2022,0,tt14084958
891996,In Search of Darkness: Part III,2022,0,tt15768444
895862,Ghost 14,2022,0,tt15432096
898714,Occult,2022,0,tt31457399
898770,The Wrath Within,2022,0,tt6913472
898798,Mandrake,2022,0,tt13533944
904116,Amityville Karen,2022,0,tt15094806
917199,A Town Full of Ghosts,2022,0,tt16020820
921213,Uncle Sleazo's Toxic and Terrifying T.V. Hour,2022,0,tt19785520
922496,Cursor,2022,0,tt15653314
926153,VampFather,2022,0,tt14590886
926687,Brain Hunter: New Breed,2022,0,tt12103444
926831,Amityville Thanksgiving,2022,0,tt15847776
926837,The Amityville Exorcist,2022,0,tt14201674
927359,Give Me Your Eyes,2022,0,tt17220590
927771,Guiltless,2022,0,tt12593058
928777,Hate Little Rabbit,2022,0,tt12482874
928779,Bad Moon Rising,2022,0,tt3637782
928796,Slutty the Clown,2022,0,tt13481480
929118,Bad Girl Boogey,2022,0,tt18227236
929334,Caroltyn,2022,0,tt14989632
930253,A Cloud So High,2022,0,tt3210678
930791,Lexi,2022,0,tt13451112
931049,Beware the Woods,2022,0,tt15089424
931455,Abandoned Creatures,2022,0,tt25177738
932276,Dead Side Manor: Prescription for Fear,2022,0,tt16282292
933138,Mantra,2022,0,tt11084388
933140,Clown Motel Vacancies 2: Daddy,2022,0,tt15035420
934205,Bitch Ass,2022,0,tt13991504
934438,Sin Eater,2022,0,tt11667808
935347,Beyond the Resonator,2022,0,tt18671742
935999,Hounded,2022,0,tt15241758
936783,The History That Haunts Us,2022,0,tt16751496
938935,Menopause,2022,0,tt15773054
941464,MOV,2022,0,tt16959964
941516,Dark Night of the Scarecrow 2: Straweyes,2022,0,tt11806132
941711,Ghosts of Hiroshima,2022,0,tt17065974
943919,Follow Her,2022,0,tt9172960
945610,Amityville in Space,2022,0,tt18454132
946020,Turning Point,2022,0,tt14641364
946217,Wild Bones,2022,0,tt11892056
949567,The Exorcism of Hannah Stevenson,2022,0,tt11959452
950088,LACED,2022,0,tt15333126
950120,Acidic Anna,2022,0,tt19799900
950620,The Zand Order,2022,0,tt13292564
950636,My Inner Demon: A Geraldson Tale,2022,0,tt15470434
955692,Curse Of The Re-Animator,2022,0,tt18765420
957804,Dangerous Methods,2022,0,tt10752266
957842,The White Goddess,2022,0,tt14213242
958598,Unbound Evil,2022,0,tt10489128
960077,They Want Me Gone,2022,0,tt11177846
961137,Pumpkinhole,2022,0,tt13799782
961427,Spirit Halloween: The Movie,2022,0,tt11426228
962458,Hell Van,2022,0,tt18566948
962764,Mister Creep,2022,0,tt19637144
963188,Watchanddie,2022,0,tt18937820
966364,The Demon's Child,2022,0,tt14242974
968340,Wolf Manor,2022,0,tt18939460
968862,The Third Saturday in October,2022,0,tt15978042
968867,The Third Saturday in October Part V,2022,0,tt11166382
968927,Dawning,2022,0,tt16296920
969160,Deinfluencer,2022,0,tt15790974
971065,Sewer Gators,2022,0,tt17373104
974604,Terror Train,2022,0,tt20222422
974926,All Eyes,2022,0,tt13101714
975801,Night of the Zodiac,2022,0,tt19870350
977398,The Investigation: The Mansfield Ghost,2022,0,tt22325678
977866,The Ghosts Of Monday,2022,0,tt13655580
978217,Gelin,2022,0,tt16793192
978987,Billie The Kid,2022,0,tt15068950
979755,Cannibal Lake,2022,0,tt11458170
979757,Tooth Fairy: Queen of Pain,2022,0,tt16113114
979967,Hi-Fear,2022,0,tt11050878
980128,The Killing Tree,2022,0,tt16899216
980155,Jack Frost,2022,0,tt16951524
980411,The Case of: Dakota Moore,2022,0,tt11208072
980605,Wrath of Van Helsing,2022,0,tt15332630
981899,Alien Goddess,2022,0,tt8106530
982312,Frost,2022,0,tt14216086
982909,The Cheerleader Sleepover Slaughter,2022,0,tt20194180
984640,King of Terrors,2022,0,tt18258742
985102,Krampus: The Return,2022,0,tt16951480
985335,Girl at the Window,2022,0,tt15360384
988233,Hex,2022,0,tt6969338
988234,Pterodactyl,2022,0,tt15332622
988586,Dragon Fury: Wrath Of Fire,2022,0,tt16047734
990419,Elicit,2022,0,tt20873606
992499,Ash and Bone,2022,0,tt10015244
994224,Meathook Massacre: Mayhem,2022,0,tt14809378
995184,Clown Motel 2,2022,0,tt10489208
996315,The Flock,2022,0,tt17937674
997383,Stay Out,2022,0,tt20228124
997395,We Found Something,2022,0,tt15180492
997550,Axegrinder 4: Souls of Blood,2022,0,tt17523850
997553,Axegrinder 5: Blood Vengeance,2022,0,tt17632700
997887,Of the Devil,2022,0,tt15338648
999126,Wine Creek,2022,0,tt15806744
999308,Demon Fighter,2022,0,tt11198146
999349,Fate of the Night,2022,0,tt10141678
999681,They Wait in the Dark,2022,0,tt14107778
999735,Abject,2022,0,tt16976670
1000723,Baby Oopsie: Murder Dolls,2022,0,tt21114474
1001755,The Skunk Ape Experiments,2022,0,tt18469850
1002226,Midnight Peepshow,2022,0,tt13209904
1003264,The Group,2022,0,tt21342160
1004563,RIP,2022,0,tt17350138
1004635,Because You're Dead to Me,2022,0,tt10805630
1004645,The Bride in the Box,2022,0,tt14072384
1005388,Nekrology,2022,0,tt16945196
1005545,The Clown Chainsaw Massacre,2022,0,tt26450163
1006437,The Area 51 Incident,2022,0,tt12055088
1007535,Dawn,2022,0,tt15738508
1007983,The Ghost Lights,2022,0,tt13116980
1008385,Amityville - The Resurgence,2022,0,tt18247358
1008756,Pink Rabbit,2022,0,tt14702458
1011017,Sideworld: Haunted Forests of England,2022,0,tt17374564
1011026,Sideworld: Terrors of the Sea,2022,0,tt21337072
1011043,ParaSense: The Naked Experiments,2022,0,tt18270396
1011604,Shark Waters,2022,0,tt21816892
1012279,Masks and Mystery,2022,0,tt20248494
1014422,The Legend Of Hawes,2022,0,tt16898838
1014574,Drawn Into the Night,2022,0,tt17275932
1014932,Mothman,2022,0,tt17157786
1015080,Satanic Hispanics,2022,0,tt22085392
1015872,From Dusk Till Bong,2022,0,tt16077616
1015908,Witch Trials,2022,0,tt11591360
1016453,"The Myrtles Plantation: Murder, Mystery, and Magic",2022,0,tt18116138
1017335,Project Legion,2022,0,tt12885770
1017469,Have Hold Take,2022,0,tt13281788
1018829,Pig Killer,2022,0,tt18548186
1019556,Becoming Death,2022,0,tt17348024
1019836,Christmas Bloody Christmas,2022,0,tt22042742
1020696,Play Dead,2022,0,tt20198774
1020791,How Dark They Prey,2022,0,tt14767346
1021921,The Red Tide Massacre,2022,0,tt10943762
1022128,Don't Look at the Demon,2022,0,tt5249706
1024530,Grimcutty,2022,0,tt17196124
1024532,Carnifex,2022,0,tt18252340
1024535,Matriarch,2022,0,tt17202326
1025647,The Wendigo,2022,0,tt15209814
1026496,Sawed Off,2022,0,tt14562632
1027160,Alone in the Dark,2022,0,tt21859110
1027873,Haunted Connecticut,2022,0,tt20563960
1027899,The Harrisville Haunting: The Real Conjuring House,2022,0,tt14941898
1027950,Hotel Dunsmuir,2022,0,tt12042764
1029132,The Folks,2022,0,tt15428768
1029659,Public Access Limited,2022,0,tt21833886
1030253,On The Edge,2022,0,tt22442200
1030460,Your Love Is Mine,2022,0,tt21974366
1031393,Faces of Dying V,2022,0,tt19878836
1031488,Don't Trick-Or-Treat Alone!,2022,0,tt21187572
1031659,Misfortune,2022,0,tt22796380
1031833,Shifted,2022,0,tt14966920
1032385,Poppy Loftus,2022,0,tt15513210
1032479,Conjuring Baba,2022,0,tt20227992
1032506,A Party To Die For,2022,0,tt22326258
1032620,Gore: All Hallows' Eve,2022,0,tt10476870
1032664,The Winter Witch,2022,0,tt9383752
1033052,The Mean One,2022,0,tt20853816
281897,Anomalies 2: Kill a Prophet,2023,0,tt7642560
328939,Cheerleader Camp 2 the Death,2023,0,tt4354146
443413,Prom Queen,2023,0,tt6502818
489272,Edge of Insanity,2023,0,tt13267122
797003,Dr. Gift,2023,0,tt13794972
801085,The Haunting of the Lady-Jane,2023,0,tt12857892
801548,Unhinged: Retribution,2023,0,tt23941664
834332,Malady,2023,0,tt6385574
852783,Protege Moi,2023,0,tt12511502
926818,Amityville Shark House,2023,0,tt14797408
974320,The Monkey,2023,0,tt16452334
994629,You Can't Stay Here,2023,0,tt21410444
1007217,Brandon Sigloch’s The Riverside Slasher,2023,0,tt21388014
1018549,The Edge Of Hell,2023,0,tt27527409
1031929,"Howdy, Neighbor!",2023,0,tt21974232
1043746,Built 2 Kill,2023,0,tt31038718
1053193,Amityville Ride-Share,2023,0,tt21305702
1055365,Spooky Tales,2023,0,tt1455680
1066485,Letters to the Postman,2023,0,tt5613860
1073752,Surrender Your Horns,2023,0,tt21408682
1074608,Horror-Scopes: Volume One,2023,0,tt13297556
1077433,Wendigo,2023,0,tt38091304
1082828,Cold Blows the Wind,2023,0,tt14770514
1090171,Bull,2023,0,tt26537561
1090222,In the Shadow of Guilt,2023,0,tt26775184
1094355,Bloody Nun 3: Last Rites,2023,0,tt16537858
1095499,The Call Of The Void,2023,0,tt27114711
1097354,Décolleté,2023,0,tt14317980
1098965,Sweet Relief,2023,0,tt23633006
1100213,A Guide to Becoming an Elm Tree,2023,0,tt27040658
1101839,Desperate Souls,2023,0,tt25037098
1102910,Karate Ghost,2023,0,tt21960858
1104185,Scavengers,2023,0,tt14973680
1104761,Demonoids from Hell,2023,0,tt14213908
1105856,DID I?,2023,0,tt13062206
1106350,The Night Butcher,2023,0,tt26470792
1107717,Remember Me 2: Forget Me Not,2023,0,tt27371852
1110690,Ghost,2023,0,tt23462726
1110997,Adhæsit,2023,0,tt27474237
1112234,Eat the Rich,2023,0,tt14555212
1116628,The Haunting of Alexis King,2023,0,tt26684303
1117233,R.I.P. Van Winkle Part 2,2023,0,tt21960080
1118273,Abducted,2023,0,tt27250956
1118388,"Bigfoot, Mothman and the Chupacabra",2023,0,tt27804389
1120016,The Art Of Killing,2023,0,tt20101378
1124219,The J-Horror Virus,2023,0,tt27349978
1124887,Immortal Obsession: A History of Vampires,2023,0,tt27952559
1126234,Corridors,2023,0,tt18884402
1127676,Searching For Sasquatch 7: The Night Stalkers,2023,0,tt26451158
1127707,X Knight Escape From Warp Hell,2023,0,tt13171358
1128165,Family Home,2023,0,tt13508126
1128209,Shadow House: 40 Years of Terror,2023,0,tt26451161
1128298,The Haunting of Oakleigh House: Where Shadows Lie in Wait,2023,0,tt26658002
1132766,The Last Amityville Movie,2023,0,tt27485616
1135381,Chum!,2023,0,tt30496004
1135385,Red Light District Shark Attack,2023,0,tt29143793
1136113,Dragged Beneath the Shadows,2023,0,tt28067867
1137232,Live Survival,2023,0,tt25397908
1139133,Mondo Shock IV: America Blood & Guts,2023,0,tt20672480
1139617,Free Range,2023,0,tt14771302
1140556,Blood and Chopsticks: Echoes of Night Screams,2023,0,tt28218721
1144435,The Abode,2023,0,tt6993154
1144539,Lair of the Killer Clowns,2023,0,tt26765437
1145592,The Horror We Make,2023,0,tt20863072
1146023,Emptiness,2023,0,tt22813892
1152050,Growth,2023,0,tt18075202
1152416,The Vance Institute,2023,0,tt28354062
1154296,Dariuss,2023,0,tt28625676
1155107,I Am Monsters!,2023,0,tt28655477
1157287,Black Clown 2,2023,0,tt27724322
1158807,Twisted Fiction,2023,0,tt28432475
1160171,Prisoner of the Dawn,2023,0,tt21880208
1160618,Variant II,2023,0,tt28865982
1165543,Spooktacular!,2023,0,tt15940746
1171884,Cryptid: The Chupacabra,2023,0,tt29549402
1174019,Soulmate,2023,0,tt13911838
1175000,The Unraveling,2023,0,tt20200106
1175996,The Last House of Horror,2023,0,tt17081064
1177573,House Of Rooms,2023,0,tt27423042
1180166,Life's Edge - First Cut,2023,0,tt29196373
1181217,Dark Tales,2023,0,tt30052135
1183372,Action!,2023,0,tt28751601
1183564,The Hammer of Witches: The Screech Owl,2023,0,tt18828822
1184433,Final Cut,2023,0,tt28254988
1184982,Alex Hugo's White Lily,2023,0,tt29338706
1185029,Visitors from Hell: Paranormal Horror Stories,2023,0,tt26920326
1185432,The haunting in rosemary lane,2023,0,tt28630947
1185623,Thanatomania,2023,0,tt13062416
1185780,Bishop's Cove,2023,0,tt13452102
1187504,Shadows : The Movie,2023,0,tt13123560
1188447,Hello in Here,2023,0,tt23367042
1188677,Z-ERO,2023,0,tt21230750
1189159,Day 66,2023,0,tt27811641
1190629,Dean of the Dead Presents: Holiday Horrors,2023,0,tt31067888
1190755,Dog Shadow,2023,0,tt30006774
1192224,In The Shadows,2023,0,tt13241088
1194185,Squatch Junkies,2023,0,tt29455324
1194644,Jacquilynn The Ripper,2023,0,tt26350915
1194974,Pinoy Ghost Tales,2023,0,tt28941703
1196089,Sigil,2023,0,tt28595397
1196450,Son of Ghoul Log,2023,0,tt29871095
1197547,LGBT: Lethal Gay Butcher of Terror,2023,0,tt22494762
1197721,Mallet,2023,0,tt27799182
1200005,Death Rumble,2023,0,tt15015904
1200042,Stay Out,2023,0,tt24785716
1200554,The Madness,2023,0,tt27164140
1203829,A Box Full of Spiders,2023,0,tt28105824
1204761,Sanctuary,2023,0,tt29595149
1204772,Synthwave Horror: Nosferatu,2023,0,tt28806091
1205369,Mr. Sleepy,2023,0,tt26768008
1206701,Wendigo: The Wrath On Human Garbage,2023,0,tt30036849
1206921,Authentic,2023,0,tt25402556
1211507,Ente,2023,0,tt17345992
1212137,Superterranean,2023,0,tt13512540
1212416,The Haunting of Dalva House,2023,0,tt23261676
1214040,Watch Me Sleep,2023,0,tt29691919
1214625,The American Ripper,2023,0,tt28690150
1220158,Deadly Display,2023,0,tt26342664
1221597,A Coffin of Stars,2023,0,tt27147382
1225091,Sex Pervert Kills A Sasquach,2023,0,tt43717090
1225557,Blood Moon,2023,0,tt35163946
1225638,Ouija Clown,2023,0,tt29431579
1231577,78,2023,0,tt13617546
1233210,The Heiress,2023,0,tt26898027
1234317,The Chant of July,2023,0,tt22695674
1234861,It's with You Now,2023,0,tt19513676
1235396,Amityville Job Interview,2023,0,tt27619384
1237007,BlackHills.mov,2023,0,tt28552322
1239773,Very Frightening Tales,2023,0,tt12798378
1241234,Manhattan Zodiac '77,2023,0,tt14909188
1242483,Aware of the Wolf,2023,0,tt28751290
1243442,Ridgewood River,2023,0,tt32260240
1243465,The Hunting Creek,2023,0,tt30818893
1244381,No Budget Theater,2023,0,tt29468116
1246366,Tales of Dracula 2: Dracula Meets the Wolfman,2023,0,tt29508429
1246839,Summa Lacerta,2023,0,tt30018013
1248868,Lake Effect,2023,0,tt4483530
1250441,Amityville Apocalypse,2023,0,tt28795838
1250979,Katharina,2023,0,tt15440746
1252289,Coyote Cage,2023,0,tt15268036
1252436,The Goatman,2023,0,tt28948279
1254033,Head Case,2023,0,tt26777143
1254354,Hierarchy of Evil,2023,0,tt17595206
1256639,The Hurt Tapes,2023,0,tt20835502
1261574,The Bogman,2023,0,tt21871988
1265131,Found Footage,2023,0,tt28132631
1267240,Crazy Wabbit,2023,0,tt30008489
1267584,Anomalies 3: Killer Tapes,2023,0,tt28545861
1271264,Screams of the Dead,2023,0,tt33095900
1273193,The Housemate,2023,0,tt32466732
1276793,Amityville Tea Bag,2023,0,tt28685968
1278027,Alien Nemesis,2023,0,tt31549312
1284647,Tales from Pandora's Box Vol. 2,2023,0,tt27514127
1288629,The Animals Are Sick With Love,2023,0,tt36998691
1293242,Apocalypse Bigfoot,2023,0,tt27920379
1293413,"Aliens, Cryptids and Creatures: Top Ten Real Monsters",2023,0,tt26933874
1295437,Evil's Lair,2023,0,tt2278006
1301393,Guest of Evil,2023,0,tt29704647
1312437,The Black Quarry,2023,0,tt18828658
1312532,One for the Road,2023,0,tt22732474
1313964,Follow the White Rabbit,2023,0,tt27447090
1316425,Come Back Soon,2023,0,tt35673627
1320661,Darkness Hunting,2023,0,tt26906742
1322976,Goodnight,2023,0,tt23830652
1326352,The Dead Follows,2023,0,tt27691182
1336344,I'm Heather,2023,0,tt22796490
1341397,Night Of The Harvest,2023,0,tt19869998
1353989,River Beauty,2023,0,tt20764956
1354072,The Darkest Place,2023,0,tt24228490
1354080,The First Harvest,2023,0,tt21232712
1378695,The Clock,2023,0,tt26448154
1382605,Obake Neko,2023,0,tt3080706
1387716,Grim Reaper 3,2023,0,tt28613398
1400005,Son Of Gacy: Chapter One,2023,0,tt23476588
1407426,Rotten Shadows,2023,0,tt28692449
1431376,Troubleshooters,2023,0,tt27164371
1460989,This Way to Hell,2023,0,tt28689408
1471742,Watching Amber,2023,0,tt26761732
1480615,Knock,2023,0,tt28476608
1487474,Phobophobia,2023,0,tt30440572
1492870,Graveyard Stories 3,2023,0,tt30784590
1506222,The Boatyard,2023,0,tt28285307
1509235,Withered,2023,0,tt28769589
1527080,The Dim,2023,0,tt26907002
1531210,Vengeance Is Her Name,2023,0,tt18374970
1535136,Somewhere In Nowhere,2023,0,tt23142338
1559593,An Aswang Halloween,2023,0,tt28601869
1564458,Eulogy to Us,2023,0,tt27500319
1566017,Hardcore,2023,0,tt37804304
1583164,Last Sacrament,2023,0,tt7216806
1591289,FEVER DREAM,2023,0,tt30395629
1623303,The Lumberjack (Short 2023),2023,0,tt30787750
1644083,Tromasploitation,2023,0,tt26276110
1700752,Parched 3: Beached,2023,0,tt18967506
1714709,Rabidts,2023,0,tt21335724
1734667,Pigface II,2023,0,tt18303220
1735209,Project Paranoia,2023,0,tt22075252
734881,They Whisper,2024,0,tt12887408
876598,Haze,2024,0,tt15823300
938804,Fear and Love: The Story of The Exorcist,2024,0,tt10065936
962691,Astrid's Saints,2024,0,tt33265736
974284,Wulver’s Stane,2024,0,tt19853734
986201,The Beast Inside,2024,0,tt16448844
996976,I Curse This Land,2024,0,tt16085768
1019858,The Bunny Man,2024,0,tt9275848
1036914,Die Before You Die,2024,0,tt15684200
1048254,Are You Dead Yet?,2024,0,tt21352680
1090141,The Creeps,2024,0,tt26774047
1094293,"Silent Night, Bloody Night 3: Descent",2024,0,tt20918100
1094960,Camp Terror,2024,0,tt9465024
1129093,Spin the Wheel,2024,0,tt24229028
1130070,The Awkward Stage,2024,0,tt21433720
1133128,The Creeps 2,2024,0,tt27881605
1140243,Amityville Backpack,2024,0,tt29457439
1142736,The Last Night in the Life of Death,2024,0,tt27805554
1152222,Game of Death: The Six Doors to Hell,2024,0,tt28373455
1157784,Axes and Os,2024,0,tt21880158
1166953,Kaiju Glam Metal Shark Attack,2024,0,tt31848163
1175574,Migraine,2024,0,tt29114081
1177158,Disremembered,2024,0,tt28979362
1180255,Coffintooth,2024,0,tt27526876
1180326,The Night of the Harvest,2024,0,tt11333048
1190128,Lesbian Psycho,2024,0,tt22306252
1192441,INTERLOPERS,2024,0,tt31115919
1194420,Jason In Indianapolis: A Friday the 13th Tribute,2024,0,tt29515795
1195095,Winemaker,2024,0,tt33083910
1196555,A Cold Grave,2024,0,tt29622420
1198618,"Young Blondes, Stalked and Murdered",2024,0,tt29355254
1198717,Blood Bitch Baby,2024,0,tt43509785
1199389,Red Night at Skye's,2024,0,tt16303532
1204650,Burnt Flowers,2024,0,tt17002260
1205911,Slay Ride,2024,0,tt25993936
1206635,A Witch Lives In The Attic,2024,0,tt30037272
1208002,The Prodigy,2024,0,tt30027908
1208134,Aliens Return,2024,0,tt27641825
1214555,Mosaic,2024,0,tt11738112
1215026,The Coldness,2024,0,tt26760264
1216624,The Depths,2024,0,tt28668144
1221099,Road Kill,2024,0,tt30876721
1221499,Blood Demons,2024,0,tt33232819
1226762,The Last Five Days: The Freak Building,2024,0,tt30222710
1228128,Terrorise,2024,0,tt30810734
1229273,In Search of Fear,2024,0,tt9184760
1229906,Family,2024,0,tt30834999
1230046,The Bigfoot Prophecy,2024,0,tt30828956
1231011,Lachrymose Primrose,2024,0,tt14197480
1232322,The Bleed,2024,0,tt26856411
1232466,Boney Island Reality Show,2024,0,tt30745027
1232468,The Grimm Backward,2024,0,tt3520856
1233432,Voices Carry,2024,0,tt9286972
1234194,Test Screening,2024,0,tt22080222
1234948,Análogos,2024,0,tt26054976
1235665,Hotel Trancesylvania,2024,0,tt43599620
1237059,There is a Monster,2024,0,tt23037638
1237397,Territory,2024,0,tt25669224
1237814,Bigfoot Evidence: Oregon,2024,0,tt30819137
1238505,Spending Some Time Together,2024,0,tt11801892
1239944,Kanbalhi,2024,0,tt31115336
1240174,The Geechee Witch: A Boo Hag Story,2024,0,tt28499861
1242571,Savage,2024,0,tt16056288
1244036,New Folder,2024,0,tt32027418
1244125,Fey,2024,0,tt22938808
1244652,Pesadilla,2024,0,tt27237839
1245112,The Nexus,2024,0,tt23625162
1245962,For God's Sake Wake Her Up,2024,0,tt31187012
1246490,ddd,2024,0,tt38843917
1249403,Vampire Lake,2024,0,tt29118005
1251300,The Melon Heads: House of Crow,2024,0,tt16153564
1252113,The Gifted,2024,0,tt29396981
1252908,Blurred Lines,2024,0,tt31472843
1252959,Compression,2024,0,tt28060455
1256520,Horror Stories,2024,0,tt30225238
1258211,Once Upon a Time in Amityville,2024,0,tt31248889
1259089,Video Vision,2024,0,tt30758882
1259850,House of Ashes,2024,0,tt31778517
1260867,Horror-Scopes: Volume Two - Chinese Zodiac,2024,0,tt30795917
1261770,The Children of the Woods,2024,0,tt31805323
1262995,Whistle in the Wind,2024,0,tt31829970
1265438,Slice,2024,0,tt30290914
1265467,The Last House,2024,0,tt30219389
1266426,Lesbian Vampires from Outer Space,2024,0,tt35679548
1267030,Killer Campout Part II,2024,0,tt19856242
1267470,Crystal Lake,2024,0,tt15219326
1268263,Romantic Rendezvous,2024,0,tt31260936
1269173,Amityville A.I.,2024,0,tt32221158
1269489,Dead Talk Tales: Volume I,2024,0,tt16171656
1270916,Clawface,2024,0,tt30515789
1273802,Stalked by Shadows,2024,0,tt32369662
1276916,The Box,2024,0,tt24020726
1278047,Big Cats,2024,0,tt26597830
1278339,Manson: Summer of Blood,2024,0,tt32201950
1279091,Bloodthirst,2024,0,tt11430948
1282183,What Lives Here,2024,0,tt32109879
1287720,Black.White.Red.,2024,0,tt29705779
1290740,Night Harvest,2024,0,tt27385956
1293038,#Models Wanted,2024,0,tt26237990
1293566,Historically Haunted: The Ghosts of Grand Midway,2024,0,tt31439768
1296473,Secret of Bog Lake,2024,0,tt28769598
1297699,Mother Goose's Scary Tales,2024,0,tt33095646
1297706,Watch If You Dare To,2024,0,tt33095558
1299128,Don't Make a Sound,2024,0,tt26689025
1304567,How to Make a Werewolf,2024,0,tt27415789
1306522,Transpassing,2024,0,tt32623257
1307178,The Bench,2024,0,tt2322611
1307459,The Hellper,2024,0,tt18548912
1309031,Campfire Dead by Dawn,2024,0,tt23804618
1310853,The Ganja,2024,0,tt31214962
1313247,Aphasia,2024,0,tt13281270
1313748,Oculus,2024,0,tt24578878
1315381,The After Dark,2024,0,tt31521080
1316072,Generation Terror,2024,0,tt32889695
1316332,Demon Behind the Glass,2024,0,tt31922431
1317351,The Blue Hole,2024,0,tt15139624
1319029,House On Haunted Hill,2024,0,tt31844824
1320320,The Daemon,2024,0,tt23002208
1320322,The Freaks Of Fancy,2024,0,tt29054720
1320921,The Night Is Young,2024,0,tt28452783
1321151,Old Wounds,2024,0,tt33030164
1321554,Take from Me,2024,0,tt21744722
1322059,The Clear,2024,0,tt1986148
1322156,Left One Alive,2024,0,tt29769136
1322585,Leatherbound,2024,0,tt29965838
1323189,Better to See You With,2024,0,tt10938398
1323427,Heirredrum,2024,0,tt31597594
1324123,Tales of the Forgotten,2024,0,tt23903708
1324487,Thin Walls,2024,0,tt20195706
1324811,Bed of Nails,2024,0,tt13468660
1327768,The Farm,2024,0,tt30888228
1328717,The Unknown,2024,0,tt26457606
1328976,Trope,2024,0,tt29925558
1329268,Quiet,2024,0,tt33095820
1329303,Rebel,2024,0,tt33096140
1329518,Habitat,2024,0,tt26765793
1329996,Sorority Girl Massacre: Guts of Ecstasy,2024,0,tt33097470
1336707,The Clot,2024,0,tt32384966
1337341,Psycho Science,2024,0,tt32093191
1337800,The Punk Rocker's Ghost,2024,0,tt29685732
1338096,Rust 3,2024,0,tt11257664
1339668,The Deserving,2024,0,tt18987096
1340233,Tent Burner,2024,0,tt35662311
1340571,Lord of Wolves,2024,0,tt31629821
1340774,Horror Unmasked,2024,0,tt33009135
1341437,Scary Tales: Dark Walker,2024,0,tt30423160
1342250,Hostage,2024,0,tt14700918
1351660,Sorority Girl Massacre: Ritual Examination,2024,0,tt33305714
1351711,The Dead of Night,2024,0,tt30429463
1352894,The Tormented,2024,0,tt31704720
1353226,The Dog From A Graveyard,2024,0,tt33335553
1353970,Prove Your Love,2024,0,tt30851338
1354031,Witchcast,2024,0,tt33371774
1356281,Subhuman: The Amityville Experiment,2024,0,tt26685650
1356831,The World Drops Dead,2024,0,tt32863810
1356867,Devil's Punchbowl,2024,0,tt30399149
1357129,Water,2024,0,tt30331743
1357954,Florence,2024,0,tt30808984
1358120,The Letter,2024,0,tt5890782
1358407,Sam and Colby: The Legends of the Paranormal,2024,0,tt33454687
1358532,Séance,2024,0,tt20413126
1358999,Severance Mountain,2024,0,tt29455128
1359216,"Dressing Up Halloween: The Story of Ben Cooper, Inc.",2024,0,tt32116966
1360612,Problematic Intentions,2024,0,tt11384012
1363999,Nighthawk: Maison Margiela Artisanal 2024,2024,0,tt33830770
1364173,Dead Name,2024,0,tt27331590
1365582,Melted Lipstick,2024,0,tt30255973
1366025,Death,2024,0,tt28142200
1368264,Treasures of Terror Vol 1,2024,0,tt33130699
1371129,.ask,2024,0,tt27921625
1374929,Blood Suckaz,2024,0,tt33090162
1375989,Solitude,2024,0,tt21414954
1379976,Head Like a Hole,2024,0,tt23118002
1380545,The Superbloom,2024,0,tt27798637
1382583,Evil in Me,2024,0,tt29684999
1382609,Peccatum,2024,0,tt31853062
1383294,The Secrets We Keep,2024,0,tt30803479
1383535,Abacus,2024,0,tt6422322
1383806,Tapeface,2024,0,tt34475663
1385379,ABYSS,2024,0,tt29257351
1386411,Splatterfest Exhumed,2024,0,tt35683273
1388303,Blood Magick,2024,0,tt34583540
1392898,The Girl Who Wore Yellow Lace,2024,0,tt33552038
1395413,Bigfoot prophecy 2,2024,0,tt34800088
1396687,Anxiety,2024,0,tt32459656
1397597,Voodoonaut,2024,0,tt34890595
1398008,Trillberry Murders,2024,0,tt31974346
1398009,Deadly Culture: Species X,2024,0,tt28225748
1399444,Dark Chronicles,2024,0,tt29518772
1400000,Killer Reel,2024,0,tt32314909
1401207,Body & Soul,2024,0,tt24244396
1404639,Sea of Madness,2024,0,tt27385656
1405688,1710 Bunker Hill Avenue,2024,0,tt32857916
1406987,A Creature Was Stirring,2024,0,tt22185500
1407454,Killcast,2024,0,tt32330941
1409213,eROTik 2: The Beyond,2024,0,tt35124454
1410112,Trinitas,2024,0,tt30473914
1410693,Halloween Massacre,2024,0,tt25956478
1411353,Dead-End,2024,0,tt34238450
1414714,31 Kills of Halloween,2024,0,tt32213557
1415333,I Joined a Cult,2024,0,tt26922324
1416534,Flammentod,2024,0,tt33093098
1417683,Alone,2024,0,tt15314332
1418806,Phil Herman's Unearthed,2024,0,tt30526126
1419239,"Mom, I'm on Drugs",2024,0,tt34771244
1424792,Dating Horror Stories,2024,0,tt33058745
1424883,Implanted,2024,0,tt33308486
1427726,Dunwich Journals,2024,0,tt36934602
1433497,Scarytales And Deadtime Stories,2024,0,tt35711383
1433553,Your Loving Mother,2024,0,tt35713735
1436136,The Candy Store,2024,0,tt29107100
1436276,"Blood, Guts and Sunshine 2: The History of Horror Made in Florida",2024,0,tt31456866
1440427,Zombie Jesus Vampire Hunter,2024,0,tt22022044
1440905,Mr. Sandman,2024,0,tt32612795
1442992,The Burned Hand,2024,0,tt30801826
1448910,Shadow Reaper,2024,0,tt33832451
1449636,The Get Out,2024,0,tt31021075
1450940,Hello Stranger,2024,0,tt33131466
1457361,Nightfall: A Paranormal Investigation,2024,0,tt36348026
1470820,Live Different,2024,0,tt34016749
1474617,The Mermaid,2024,0,tt10799024
1487013,Fangs Out: Blood Apocalypse,2024,0,tt32135002
1501578,Baleful,2024,0,tt42846174
1504210,Santa Crawls,2024,0,tt30575356
1511794,E is for Expiation,2024,0,tt35699358
1516261,Your Curse,2024,0,tt33546835
1520053,Intrusive,2024,0,tt32065676
1526555,A Tale of Pentacles: Occult Journeys Thru the Darkness,2024,0,tt34685619
1528581,Verified,2024,0,tt28198153
1532217,Stalker Jane,2024,0,tt33335312
1534507,Mind Harvest,2024,0,tt33430430
1539007,Chasing Zombies: A Tribute To George Romero,2024,0,tt26920161
1539330,Phantoms,2024,0,tt19785004
1545203,Unknown Caller,2024,0,tt33307005
1547446,The Rake,2024,0,tt36409249
1548711,Ravenwood,2024,0,tt27610945
1562792,Three Dead Cowboys,2024,0,tt27734193
1566603,Dominus,2024,0,tt34673922
1579431,Bedtime Stories: Tales of Love and Hate,2024,0,tt33349886
1590957,Mountains in the Water,2024,0,tt35061810
1591121,Christmas Bloodbath,2024,0,tt42092536
1593663,Daydreamer,2024,0,tt15826168
1605985,Soul Traveler,2024,0,tt32886725
1608998,Recalculating,2024,0,tt33061308
1680798,Demo_n,2024,0,tt33334926
1688640,Neon Fangs,2024,0,tt15326560
1704068,The Devil You Become,2024,0,tt33570923
1712608,Early Morning Calm,2024,0,tt22091064
508258,Abductee,2025,0,tt4018322
983758,Folded in Grey,2025,0,tt6398614
989751,Meat,2025,0,tt16113974
991351,The Silence After,2025,0,tt37976303
1018653,Alone in The After,2025,0,tt28228459
1022988,She Came Back,2025,0,tt4632976
1044878,Dooba Dooba,2025,0,tt18226544
1049024,Spread: Pigs to Slaughter,2025,0,tt19371340
1052169,The House Among the Trees,2025,0,tt21066180
1085692,Passenger Jet,2025,0,tt26696114
1089677,Without a Name,2025,0,tt21622756
1101647,Mark of the Werewolf,2025,0,tt13759370
1122679,The Slasher Nurse,2025,0,tt26926062
1137068,Toxoplasma,2025,0,tt27943323
1143112,The Presence of Snowgood,2025,0,tt27881971
1165544,In the Grip of Terror,2025,0,tt33265853
1174492,It Doesn’t Get Any Better Than This,2025,0,tt31912070
1174811,Damaged Disciples,2025,0,tt11480250
1195638,Infernal,2025,0,tt28710370
1196674,We Harvest,2025,0,tt7193124
1201986,The Pitchfork Retreat,2025,0,tt10269022
1202107,Amityville Apt.,2025,0,tt17065786
1209152,God Country,2025,0,tt9561662
1211119,Grind,2025,0,tt28212637
1217624,The Evolution of Horror Cinema Worldwide,2025,0,tt15679984
1218176,The Marianas Web,2025,0,tt14940056
1224455,Return To The Dark House Of Mystery,2025,0,tt30460534
1229244,The Seductress From Hell,2025,0,tt28331533
1240272,The Last Battleship,2025,0,tt8619236
1241554,Dirty Boy,2025,0,tt27205427
1241994,213 Bones,2025,0,tt27242342
1248711,So Fades the Light,2025,0,tt35933503
1252359,Wrath of Thorn,2025,0,tt13297340
1257775,Night of Violence,2025,0,tt21265684
1264548,Waltz,2025,0,tt15018902
1282777,Creature Fear,2025,0,tt32131697
1303312,Kaishaku,2025,0,tt31392217
1306707,I Don't Like It Here,2025,0,tt33143298
1308972,Big Baby,2025,0,tt32229316
1312471,McCurdy Point,2025,0,tt23553406
1314205,Waterwick,2025,0,tt31150229
1314812,Kenneled,2025,0,tt32881455
1317102,The Vermin Within,2025,0,tt32394875
1321173,A Blind Bargain,2025,0,tt29002105
1323276,Sorority Girl Massacre: Black Static at the Moment of Death,2025,0,tt32982147
1323800,Mermaid's Curse 2: Return of the Witch,2025,0,tt32658507
1326353,Monster Girls,2025,0,tt33204125
1326468,Malice,2025,0,tt22247912
1328870,Horror-Scopes: Volume Three - Dark Zodiac,2025,0,tt35048204
1329129,Four Nights in Fear Forest,2025,0,tt33725086
1329801,LandLord,2025,0,tt27370272
1338640,Welcome Back to My Channel,2025,0,tt33085469
1340367,Penance,2025,0,tt4565954
1341023,All This Time,2025,0,tt33165202
1353339,Fairest of them All,2025,0,tt32646625
1354282,#VanLife,2025,0,tt33094626
1357083,Video Shop Tales of Terror II: Lust and Revenge,2025,0,tt17525818
1357616,Small Town Spectres,2025,0,tt33395045
1357952,Ferine,2025,0,tt33397405
1360679,Jacker 3: Road to Hell,2025,0,tt31948698
1364835,Gobblefoot,2025,0,tt34609685
1365229,Beautiful Dreams,2025,0,tt33571977
1373016,Simon Says 2,2025,0,tt33424351
1375736,Return of the Corn Zombies,2025,0,tt32550944
1375848,The Red Mask,2025,0,tt10882924
1380845,Flesh of the Unforgiven,2025,0,tt32421430
1380850,Greet Your Demons,2025,0,tt14809344
1388542,Indecipherable,2025,0,tt34536268
1390983,Dark Frequency,2025,0,tt32245375
1393056,Mickey’s Slayhouse,2025,0,tt34614972
1395736,The Kiss of A Vampire,2025,0,tt31099577
1398309,Blood Red Beach,2025,0,tt33355550
1407616,Vessel 2024,2025,0,tt29419926
1408257,The Death of Dracula,2025,0,tt35620574
1408389,Death of a Child Star,2025,0,tt35342908
1411059,They Live Behind The Curtains,2025,0,tt35255677
1412169,Trail Cam Sasquatch,2025,0,tt35090088
1416758,Thou Shalt Kill,2025,0,tt8800924
1418989,Forest spirit,2025,0,tt35371023
1422985,Cocaine Roach,2025,0,tt28760970
1423034,Video Maniacs,2025,0,tt43451174
1427180,Love or Horror,2025,0,tt27368425
1427223,Unholy Song,2025,0,tt28022241
1427448,Bradlee,2025,0,tt34772313
1427537,Acolyte,2025,0,tt22496058
1428948,Doom Boogie,2025,0,tt33598436
1434001,EXIT MEDEA,2025,0,tt38024571
1435387,Le Béhémoth,2025,0,tt30177506
1436194,Runaway Valley,2025,0,tt35814915
1436561,Demon Spawn,2025,0,tt32843239
1436797,Whispers of the Waves,2025,0,tt35232064
1437414,The Reckoning,2025,0,tt26537202
1437850,Love Hurts,2025,0,tt34717918
1438013,Plankenstein: A Killer Surf Movie,2025,0,tt30229624
1443276,Love Never Leaves,2025,0,tt34717914
1447526,The Lost Episode,2025,0,tt36367372
1447643,Wickedness,2025,0,tt35839936
1448812,Amityville Wasteland,2025,0,tt35823873
1449632,The Prey,2025,0,tt33042420
1454046,The Wraith,2025,0,tt23106924
1455589,Barefoot Labyrinth,2025,0,tt36318482
1456104,Mary's Lake,2025,0,tt36986121
1459433,Love & Ghosts,2025,0,tt35685068
1460364,Bloodsuckers and the Grimoire,2025,0,tt35670167
1462074,Sugarloaf: Home Sweet Home,2025,0,tt28185017
1462566,Hybrid Hazards: Revelation,2025,0,tt23148426
1465673,Dungeon Diaries X,2025,0,tt36474157
1466829,Daisy,2025,0,tt23475348
1467238,Bone Hill,2025,0,tt5178472
1467997,Guardian,2025,0,tt11085690
1469026,Breath of Knees,2025,0,tt36478262
1470031,The Boy from Below,2025,0,tt27337790
1471805,Troubleshooters 2: Roachbots,2025,0,tt33480152
1473289,"The Model, The Mannequin, and Me",2025,0,tt36734120
1473817,Wolf in the Pines,2025,0,tt36759096
1474280,Intravenus,2025,0,tt37956312
1476585,Call of the Void,2025,0,tt27114711
1476622,Night of the Rats,2025,0,tt33333741
1476689,Water Girl,2025,0,tt7097846
1477709,Whispers,2025,0,tt36054825
1478978,Shadows Of The Past,2025,0,tt27046058
1480302,Let's Play,2025,0,tt29870509
1483661,The Red Box Project,2025,0,tt26928676
1486752,The Relic,2025,0,tt30997109
1487348,Gnome Sick: 7 Slays Til Mithras,2025,0,tt34929434
1488314,Vic Effects,2025,0,tt32058061
1489362,Caiman,2025,0,tt24807080
1494641,Shattered,2025,0,tt37188772
1494716,Foreigner,2025,0,tt33063480
1495948,The Pines Still Whisper,2025,0,tt15806618
1495957,Anton,2025,0,tt37146692
1496043,Hollow Lake,2025,0,tt29630926
1496557,Parallel of Dreams,2025,0,tt37012844
1497128,Blockhead,2025,0,tt32221490
1498503,A Teenage Tragedy,2025,0,tt24850758
1498858,Only Fans - Allowed,2025,0,tt15507218
1499847,Srishti,2025,0,tt35853602
1500505,Rufus,2025,0,tt32599649
1500692,Hello My Name Is Gacy,2025,0,tt35310024
1500694,Foxe's Book of Martyrs,2025,0,tt35512067
1500948,The Last Grail Hunter,2025,0,tt34944923
1500978,Sock,2025,0,tt12392790
1502619,The Flayed - Part 2,2025,0,tt38200975
1503329,Ana & Mia,2025,0,tt21201604
1503911,Blood of La Llorona,2025,0,tt36733787
1503917,Paranormal Body Stream,2025,0,tt36733792
1503923,Laserium,2025,0,tt36981724
1503932,Butchered by Sundown,2025,0,tt36981731
1503957,The Mother's Eye,2025,0,tt37304926
1505147,Ms. Kanyin,2025,0,tt37510102
1505533,How Far Does the Dark Go?,2025,0,tt21035134
1506835,Blood Shine,2025,0,tt35255434
1507843,Mourir En Silence,2025,0,tt36315356
1509567,I Hope We Can Still Be Friends,2025,0,tt35615753
1511111,The Things We Keep,2025,0,tt39167505
1511870,Hell's Desires,2025,0,tt36268657
1512010,Parasomnia,2025,0,tt31511441
1512013,FIVE,2025,0,tt29419387
1512024,Foxhollow,2025,0,tt37546201
1514057,The Fortunate Ones,2025,0,tt37955760
1515286,Into Nightmares,2025,0,tt35819831
1518462,Church Swine,2025,0,tt37897431
1519087,In a Cold Vein,2025,0,tt37547195
1520123,Where Is Juan Moctezuma?,2025,0,tt10133004
1522558,Intruder,2025,0,tt33245062
1524160,Exhibition of Evil,2025,0,tt37787385
1524395,Bunny Rabbit,2025,0,tt37786984
1525109,The Devil Whispered My Name,2025,0,tt33099720
1526193,Killstreak,2025,0,tt12092624
1526380,Bela Belara's A Vampire,2025,0,tt39160427
1526409,Safe Inside 2,2025,0,tt36291386
1529527,Midnight Perturbation,2025,0,tt29424503
1531161,Wild Swimmers,2025,0,tt39281779
1531716,The Last Anniversary,2025,0,tt34614056
1533491,The Dark,2025,0,tt13149476
1533534,Evil Unearthed,2025,0,tt25784902
1534089,The Driftless,2025,0,tt37989271
1538206,Piercing Screams,2025,0,tt36094511
1539705,School of Frights,2025,0,tt36983494
1539708,Curse of Crom 2: Crom's Fury,2025,0,tt38776818
1540629,Jim Haggerty's Unnatural Causes,2025,0,tt37320541
1541212,Oscar Tango Hellwater,2025,0,tt14106348
1541273,Amityville La Llorona,2025,0,tt37731784
1542199,Cape Cod Cthulhu,2025,0,tt38110418
1543541,FUR,2025,0,tt23779402
1543557,The Secret Of The Djinn 2,2025,0,tt32350420
1543939,Rotten,2025,0,tt28184371
1543942,Haunted & Devoted,2025,0,tt35920565
1545500,Under My Skin,2025,0,tt38268434
1545545,Killer Content,2025,0,tt36632271
1545668,Bloody Eyes,2025,0,tt6532532
1546016,Creeper in the Woods,2025,0,tt35048177
1546709,Fatal Detour,2025,0,tt32633150
1547602,The Dread,2025,0,tt38351038
1548816,Souvenir,2025,0,tt34625239
1549041,The Legend of Gilbert Flay,2025,0,tt26229904
1550197,Edgar Allan Poe's The Oval Portrait,2025,0,tt35576969
1550486,You're It,2025,0,tt30330850
1550557,Where Darkness Dwells,2025,0,tt30127679
1552509,Killer in the Woods,2025,0,tt16912612
1552525,The Raven,2025,0,tt21321726
1553513,Snow Bunny Chronicle: Looks Do Kill,2025,0,tt38532074
1554640,Triumph Over Evil: Battle of the Exorcists,2025,0,tt38968427
1554853,Witchcraft XVII: The Initiation,2025,0,tt37010807
1555101,The Reborn,2025,0,tt37877860
1555104,Cho: A Tale of Voodoo,2025,0,tt36414928
1556645,Amityville Chupacabra,2025,0,tt38345764
1558103,On Gallows Hill,2025,0,tt28697053
1558164,Curse of the Baby-Eater,2025,0,tt35315829
1558218,Scream a Little Dream,2025,0,tt37152799
1558905,Don't Answer,2025,0,tt29060297
1559086,Hyde,2025,0,tt3712038
1559160,The Gift of Pain,2025,0,tt36016563
1560448,The Anointed,2025,0,tt38583250
1560926,Lookout Weekend: Cruel Summer IV,2025,0,tt35855390
1561110,The Kick Back,2025,0,tt33909896
1563636,A Scream Boat,2025,0,tt38632839
1564695,Voodun,2025,0,tt29567519
1566488,Krackers: The Sadist of Pennsville,2025,0,tt35947258
1567607,Dead Media,2025,0,tt38714277
1567818,The Good Friend,2025,0,tt2133342
1568089,Air Shift,2025,0,tt33239968
1568835,Quiet After Supper,2025,0,tt32655595
1569888,Believe Me or Not,2025,0,tt35488472
1569947,The Priest: Thanksgiving Massacre,2025,0,tt37594278
1570123,Scream a Little Dream,2025,0,tt37152799
1573715,Ghost Fish,2025,0,tt39011688
1575321,Drakulon,2025,0,tt36534881
1576549,Contamination,2025,0,tt38177623
1577796,Hate Thyself,2025,0,tt30526409
1577871,The Women Eaters,2025,0,tt39291017
1578416,Outsiders,2025,0,tt32366671
1580280,Mendocino,2025,0,tt6320722
1580912,Love Wants Us Dead,2025,0,tt37961641
1583220,Molt,2025,0,tt32034428
1586062,Divine Hammer,2025,0,tt39181661
1586264,The Strike,2025,0,tt30012724
1586300,Field of Fears - The Haunting of Randolph County Asylum,2025,0,tt37656930
1586673,Golem.AI,2025,0,tt43499258
1586794,Santa-N the Red Awakening,2025,0,tt37728510
1586870,I Don't Know What It Is,2025,0,tt39017358
1586962,Bad Bunny,2025,0,tt32339555
1587010,Nota de Voz,2025,0,tt38916461
1590432,1998,2025,0,tt36674956
1592395,The Plantation,2025,0,tt10546796
1593932,The Veil,2025,0,tt35980000
1594257,Cursed Encounters,2025,0,tt39110154
1594478,Black Krampus,2025,0,tt37285504
1598981,Don't Come Here,2025,0,tt39195061
1599426,The Quickening,2025,0,tt36986481
1600063,Christmas Rape Tree,2025,0,tt39070369
1602032,The Keeping,2025,0,tt29538091
1602752,The Hanged Man,2025,0,tt36997550
1604474,LaBouche Canalla Wins Her Snack,2025,0,tt29768348
1605429,Dead Bloom,2025,0,tt34842418
1606352,Urban Flesh Eaters,2025,0,tt33376631
1606889,Shadow Death,2025,0,tt36392296
1607507,Payne's Branch,2025,0,tt38907163
1608831,Sight: Unseen,2025,0,tt8773630
1611230,The Ritual House,2025,0,tt17528210
1613246,Razor Blade Smile: Vampires Forever,2025,0,tt37740296
1621258,Cement: The Final Brick in the Wall,2025,0,tt13719710
1622202,Dr. Jekyll and Mr. Shark,2025,0,tt37724614
1622465,VCR Willie: Tape 1,2025,0,tt39017190
1629261,Scissors,2025,0,tt19179060
1632927,Bloody Anniversary,2025,0,tt13476828
1635161,Sundown,2025,0,tt38813309
1637439,The Watch Killer,2025,0,tt37928101
1646251,Tailbone,2025,0,tt37964642
1647716,GroupChat,2025,0,tt35660047
1651837,Ducky,2025,0,tt38691195
1662826,Elevate,2025,0,tt38279719
1667444,Dreadful Longest Night,2025,0,tt37943700
1672724,Jack Hunter's Paranoia Tapes: The Movie,2025,0,tt32392772
1675037,Dead North,2025,0,tt38168743
1677725,The Black Diamond Files: As Night Swallows Day,2025,0,tt36244107
1681342,Werewolf Massacre: Carnage of the Night Creatures,2025,0,tt38759213
1683091,Threads of Blue,2025,0,tt36633499
1686028,The Hounds Gate Haunting,2025,0,tt38589747
1686620,Legacy of Screams: The Evolution of Horror Movies,2025,0,tt3900329
1688209,Psycho Night,2025,0,tt14806444
1701297,Cain,2025,0,tt35072655
1730158,Man-Eater,2025,0,tt36981063
1730682,Lifeforms,2025,0,tt35463326
1734379,A Mind in Chaos,2025,0,tt37519390
2675,Signs,,0,tt0286106
2957,The Mysterious Book,,0,tt0130001
2961,The Destruction of Mankind,,0,tt0130004
2981,The Lost World,,0,tt0016039
2989,Roar,,0,tt0083001
3030,End of the World,,0,tt0075990
3119,Frankenstein and Me,,0,tt0116356
4858,The Invasion,,0,tt0427392
4879,Ten Little Indians,,0,tt0061075
4883,And Then There Were None,,0,tt0072263
5247,Mercy,,0,tt0188055
5470,Beowulf,,0,tt0120604
5719,Mudhoney!,,0,tt0059477
6974,The Angry Red Planet,,0,tt0052564
8090,Untraceable,,0,tt0880578
8316,The Countess,,0,tt0496634
10730,King Kong,,0,tt0074751
13008,An American Crime,,0,tt0802948
13151,id 13151,,0,tt0166792
13945,The Sword and the Sorcerer,,0,tt0084749
14248,id 14248,,0,tt0465502
15182,Just Buried,,0,tt0906326
16431,Dark Heaven,,0,tt0391044
16763,Joy Ride 2: Dead Ahead,,0,tt1140941
17088,Banned from Television,,0,tt0396483
18242,id 18242,,0,tt0108069
18467,Spiral,,0,tt0491162
18910,The Ninth Configuration,,0,tt0081237
19383,Targets,,0,tt0063671
19854,State's Evidence,,0,tt0378804
20608,Pervirella,,0,tt0130184
20620,Seconds,,0,tt0060955
20695,Blessed,,0,tt0390450
22543,Dead Ringer,,0,tt0057997
23985,Cremaster 2,,0,tt0214605
24094,Necessary Evil,,0,tt1084733
24132,The Gates of Hell,,0,tt1191114
24212,Devil Girl from Mars,,0,tt0046907
24498,A Distant Thunder,,0,tt0075945
24862,Crash and Burn,,0,tt0099313
25625,Multiple Maniacs,,0,tt0067454
25874,The Illustrated Man,,0,tt0064473
26472,Poker Run,,0,tt1063338
27227,The Cabinet of Dr. Caligari,,0,tt0441741
27603,Bikini Bloodbath: Car Wash,,0,tt1028525
27649,Robot Ninja,,0,tt0100503
27657,Final Examination,,0,tt0322282
27685,Time Enough: The Alien Conspiracy,,0,tt0267253
27687,GoreGoyles: First Cut,,0,tt0388091
27717,The Phantom Planet,,0,tt0055294
27755,Maniacal,,0,tt0336805
27782,Silk Stocking Strangler,,0,tt0345928
27785,Sinful,,0,tt0441034
27796,Stripped to Kill 2: Live Girls,,0,tt0098399
27836,Summer Camp Nightmare,,0,tt0094070
27848,Shock-O-Rama,,0,tt0439294
27855,Duck! The Carbine High Massacre,,0,tt0356561
27856,Day of the Ax,,0,tt1251728
28147,The Centerfold Girls,,0,tt0071295
28148,Ninja III: The Domination,,0,tt0087805
28173,Troma's War,,0,tt0096310
28185,Dead North,,0,tt21479876
28191,One Exciting Night,,0,tt0013458
28196,The Avenging Conscience,,0,tt0003643
28231,Tales from the Cannibal Side,,0,tt0152876
28277,99 Women,,0,tt0063977
28310,Dr. Horror's Erotic House of Idiots,,0,tt0295930
28312,B-Movie: The Shooting of 'Farmhouse Massacre',,0,tt0346550
28350,Bimbo Movie Bash,,0,tt0118724
28383,Vampire's Seduction,,0,tt0147653
28579,She-Demons of the Black Sun,,0,tt0824772
28582,Rise of the Ghosts,,0,tt1059222
28653,Zero in and Scream,,0,tt0154029
28757,The Swinging Barmaids,,0,tt0073773
28765,Kannibal,,0,tt0330509
28870,Bloodrage,,0,tt0078880
28953,Silent Vengeance,,0,tt0902456
28957,Evil on Queen Street,,0,tt0379280
29203,Sweet Savior,,0,tt0138121
29222,Stopped Dead,,0,tt1452298
29227,Devil's Moon,,0,tt0816475
29397,The Spirit Is Willing,,0,tt0062298
29405,"Curucu, Beast of the Amazon",,0,tt0049115
29640,Magus,,0,tt0918630
29643,Delta Delta Die!,,0,tt0349343
29660,Guns of El Chupacabra,,0,tt0286668
29689,The Bare Wench Project 3: Nymphs of Mystery Mountain,,0,tt0313257
29850,Sugar Cookies,,0,tt0070746
29899,Claustrophobia,,0,tt0315411
30379,Megiddo: The Omega Code 2,,0,tt0263728
30392,Dark Harvest III: Skarecrow,,0,tt0436774
30399,Zeppo: Sinners from Beyond the Moon!,,0,tt0984248
30401,Scream Queens Naked Christmas,,0,tt0180984
30419,Empire of the Dark,,0,tt0099498
30445,Christmas Nightmare,,0,tt0273726
30457,id 30457,,0,tt0153491
30515,Screech of the Decapitated,,0,tt0420151
30829,Fantasm,,0,tt0072969
31001,Sanctimony,,0,tt0234652
31042,Target Earth,,0,tt0047559
31393,The Unearthly,,0,tt0051134
31564,Lunatics: A Love Story,,0,tt0102357
31767,The Devils,,0,tt0066993
33347,Paranoid,,0,tt0197750
33645,Megalodon,,0,tt0284303
33754,Scared Stiff,,0,tt0046280
35683,Single White Female 2: The Psycho,,0,tt0448120
36299,The Grave,,0,tt0116446
36601,Grindstone Road,,0,tt1187042
36859,Bells of Innocence,,0,tt0312450
36883,Midnight Movies: From the Margin to the Mainstream,,0,tt0457414
37019,Dr. Jekyll and Ms. Hyde,,0,tt0112895
38503,Christina's House,,0,tt0216620
38753,Passion Play,,0,tt1396221
38946,Terror in the Midnight Sun,,0,tt0053232
39006,Cruel Passion,,0,tt0075893
39437,Beloved,,0,tt0120603
39893,The Nanny,,0,tt0059496
39925,Fear in the Night,,0,tt0068577
39997,Meet the Hollowheads,,0,tt0095608
40065,Trip with the Teacher,,0,tt0070834
40854,Pornography,,0,tt1144811
40931,Open Cam,,0,tt0480257
41018,Man in the Attic,,0,tt0047209
41443,"Resurrecting ""The Street Walker""",,0,tt1512228
41570,Acne,,0,tt0368561
41740,Alone,,0,tt0263053
42530,What's the Matter with Helen?,,0,tt0067975
44001,The Unseen,,0,tt0038205
44027,"My Son, My Son, What Have Ye Done",,0,tt1233219
44041,The Dark Mirror,,0,tt0038455
44692,The Magnetic Monster,,0,tt0046026
45961,Rosencrantz and Guildenstern Are Undead,,0,tt1122775
46120,Green River Killer,,0,tt0472099
46284,id 46284,,0,tt0289920
46711,id 46711,,0,tt1453967
46878,The Swarm,,0,tt0078350
47259,Cherry Tree Lane,,0,tt1468829
49379,Terror from the Year 5000,,0,tt0052286
49433,Forgive Me For Raping You,,0,tt1781816
49801,The Day It Came to Earth,,0,tt0079030
49810,The Rogues' Tavern,,0,tt0028200
50699,Trancers 6: Life After Deth,,0,tt0295732
50762,Le Fear,,0,tt1603324
50973,Kiss Me Quick!,,0,tt0058264
51021,A Lure: Teen Fight Club,,0,tt1196197
51723,Razor Eaters,,0,tt0293546
52308,Blood Countess,,0,tt1254949
52455,Monster from Green Hell,,0,tt0050723
54871,Click: The Calendar Girl Killer,,0,tt0099278
55663,Dinosaurus!,,0,tt0053768
55943,Night Must Fall,,0,tt0058401
56530,Hysteria,,0,tt0058216
59039,Duffer,,0,tt0217405
60283,Killer School Girls from Outer Space,,0,tt1476411
61043,Vampires Anonymous,,0,tt0197996
61980,Seeing Heaven,,0,tt1577064
61997,Beware the Moon: Remembering 'An American Werewolf in London',,0,tt0978569
62985,Shoot the Girls,,0,tt0450137
63183,Satan's Bed,,0,tt0059679
63199,Banned! In America I,,0,tt0396484
63333,Gog,,0,tt0047033
65146,Big Meat Eater,,0,tt0126814
66111,Luster,,0,tt1351186
66621,The Red Right Hand,,0,tt0273057
66918,Beginning of the End,,0,tt0050177
67311,Bikini a Go Go,,0,tt0428269
67750,The Grotesque,,0,tt0113224
67795,House on Bare Mountain,,0,tt0056083
68304,Humanoids from Atlantis,,0,tt0104463
68306,Zombie Cop,,0,tt0222512
69917,Room,,0,tt0417096
70857,The Demons in My Head,,0,tt0387160
70981,Prometheus,,0,tt1446714
71181,Bullies,,0,tt0090779
71470,Banned from Television II,,0,tt0470201
71585,The Bare Wench Project 4: Uncensored,,0,tt0436098
71612,Minty the Assassin,,0,tt0975699
72237,Monster Night,,0,tt0462580
72277,The Last Wave,,0,tt0076299
73142,You're Killing Me...,,0,tt0122132
73442,American Crime,,0,tt0303633
73661,Munger Road,,0,tt1720172
74110,id 74110,,0,tt0077987
74321,Planet of the Vampire Women,,0,tt1926310
74343,Sonny Boy,,0,tt0100661
76035,id 76035,,0,tt1881087
76790,The Chosen One: Legend of the Raven,,0,tt0147995
76810,Bleak Future,,0,tt0118739
76875,Games,,0,tt0061696
78246,Latin Boys Go to Hell,,0,tt0124777
79219,Still Waters,,0,tt1764610
80333,Dark Spirits,,0,tt0914363
82139,Removal,,0,tt1493828
83880,Super Shark,,0,tt1698008
84428,Sweet Prudence & the Erotic Adventure of Bigfoot,,0,tt2131644
84625,She Came on the Bus,,0,tt0064972
85765,Boom!,,0,tt0062751
86094,Alienator,,0,tt0096786
86102,Beyond the Reef,,0,tt0082070
86203,Psycho from Texas,,0,tt0082955
86283,Snapshot,,0,tt0079917
86304,All Superheroes Must Die,,0,tt1836212
86580,G String Vampire,,0,tt0439185
86615,Amazing World of Ghosts,,0,tt0173635
86644,Die Screaming Marianne,,0,tt0066996
86699,Papertrail,,0,tt0119856
87703,Naked Fear,,0,tt0373183
87905,Tenement,,0,tt0090145
88197,Burning Dead,,0,tt1894425
88941,A Scream in the Streets,,0,tt0060951
89445,Eggshells,,0,tt0404011
89549,Bummer,,0,tt0068324
89723,The Gorilla,,0,tt0031387
89741,Terror Aboard,,0,tt0024649
89994,The Psycho Legacy,,0,tt1230161
90025,Wendigo,,0,tt1085519
91065,Invaders of the Lost Gold,,0,tt0123915
91168,Death of the Dead,,0,tt1604564
91890,Midnight Blue,,0,tt0128347
92495,Stuff Stephanie in the Incinerator,,0,tt0098404
93084,Keyhole,,0,tt1674775
93394,Elevator,,0,tt1728975
93629,The Yesterday Machine,,0,tt0057701
93699,Video X: Evidence,,0,tt0441706
93758,She Mob,,0,tt0063594
93862,Goodbye Gemini,,0,tt0065790
93958,Meat Market 3,,0,tt0808897
93959,Dark Paradox,,0,tt1234243
94736,The Defilers,,0,tt0162928
94746,The Devil's Garden,,0,tt0126864
94841,Cell Count,,0,tt1789724
94887,Girls Against Boys,,0,tt2036376
95002,The Girl with Hungry Eyes,,0,tt0137706
95048,No One Sleeps,,0,tt0244684
95115,Linnea Quigley's Horror Workout,,0,tt0100028
95206,Lady in Waiting,,0,tt0110295
95757,1313: UFO Invasion,,0,tt2136682
97654,The Haunting of Marsten Manor,,0,tt0945564
97986,Sukeban Octopus Pot,,0,tt1333661
98019,Footsteps,,0,tt0770753
98090,The Lemon Grove Kids Meet the Monsters,,0,tt0059382
99859,Crimetime,,0,tt0115976
101588,FilmeFobia,,0,tt1341166
101962,Seance,,0,tt1796607
102060,Shriek of the Sasquatch!,,0,tt1820664
103514,Into the Lion's Den,,0,tt1986871
103676,My Step-Dad's a Freakin' Vampire,,0,tt1289418
103683,The Haunting of Fox Hollow Farm,,0,tt2075337
104713,The Ravager,,0,tt0066285
104812,Great White Death,,0,tt0272115
105293,The Divine Enforcer,,0,tt0101740
107331,Blade,,0,tt0069797
107334,Night of the Templar,,0,tt0768222
107336,Dead On: Relentless II,,0,tt0101672
107341,Relentless 3,,0,tt0107941
107342,Relentless IV: Ashes to Ashes,,0,tt0110966
108226,Invitation to Ruin,,0,tt0063138
108864,Urban Evil: Trilogy of Fear,,0,tt7631344
109240,My Grandpa Is a Vampire,,0,tt0131494
109763,Dead Start,,0,tt1805201
110790,"Murder, He Says",,0,tt0037931
111461,Ghost Chasers,,0,tt0043585
111735,Oddo,,0,tt0253368
111847,Tell Me No Lies,,0,tt0179344
112287,Axed,,0,tt1582198
113132,"Happy Mother's Day, Love George",,0,tt0070152
114394,The Lonely Lady,,0,tt0085863
115201,Raw Nerve,,0,tt0102761
115908,Necrophagia - Nightmare Scenarios,,0,tt0449622
116233,Anchoress,,0,tt0106271
116410,The Weird Ones,,0,tt0056684
116632,Vermilion Eyes,,0,tt0249228
116829,Attack of the Herbals,,0,tt1948521
118449,Tied in Blood,,0,tt1027755
118612,After,,0,tt1799508
119198,The Shadow of No One,,0,tt0482157
119655,The House of Fear,,0,tt0031449
119677,Vamperifica,,0,tt1691020
119723,Zombified,,0,tt1356415
120189,Nature Morte,,0,tt0884803
120199,The Fall of the Louse of Usher,,0,tt0268295
120226,Mondo Keyhole,,0,tt0230538
120240,Fear No More,,0,tt0150524
120499,The Curse of Blanchard Hill,,0,tt1176102
121157,Psychic TV: First Transmission,,0,tt0475584
121515,Specimen,,0,tt0117710
122206,The Dead Will Walk: The Making of Dawn of the Dead,,0,tt0427132
122582,Paranoid Activity 2,,0,tt1754334
122691,Kids Go to the Woods... Kids Get Dead,,0,tt1495819
123728,The Empty Mirror,,0,tt0116192
123994,The Eye of Satan,,0,tt0490920
124260,The Baby Doll Murders,,0,tt0106334
125129,Shocking Asia II: The Last Taboos,,0,tt0075211
125137,Shocking Asia III: After Dark,,0,tt0114431
125149,Hell Mountain,,0,tt0144233
125294,Rough Draft,,0,tt0120039
125787,Sins of Rachel,,0,tt0258161
126478,It Came!,,0,tt0261753
126568,The Creature of the Sunny Side Up Trailer Park,,0,tt0328899
126955,Bad Blood... the Hunger,,0,tt0495024
127421,Supernatural Activity,,0,tt1832516
127782,In Hot Blood,,0,tt0221263
128276,May I Kill U?,,0,tt2081311
128643,KillerKiller,,0,tt0848551
129195,Blue Sextet,,0,tt0066851
129663,The Necro Files 2,,0,tt0227113
129668,Roulette,,0,tt2292897
129761,The Manson Massacre,,0,tt0197664
130864,Terror in the Jungle,,0,tt0063680
131083,The Couch,,0,tt0055870
131225,Yorktown,,0,tt1988841
131885,Report 51,,0,tt1855324
132269,White Witch Doctor,,0,tt0046547
134890,id 134890,,0,tt0457342
135208,Venus Drowning,,0,tt0472201
135251,Yesterday,,0,tt1326278
135252,Your Name Here,,0,tt0837802
135369,Wanda - The Sadistic Hypnotist,,0,tt0153642
136074,Little Monsters,,0,tt2189714
136467,Unearthly Stranger,,0,tt0057623
137295,I.D.S. Rising,,0,tt2513466
137955,Crowsnest,,0,tt2180333
137992,Symbiosis,,0,tt2563162
138223,Forced Entry,,0,tt0087282
138630,My Sweet Killer,,0,tt0161841
138792,Mold!,,0,tt1367236
138901,The Harsh Light of Day,,0,tt1493858
139431,The Comic,,0,tt0088942
139611,Butchered,,0,tt0340150
140541,Blood Sisters of Lesbian Sin,,0,tt0300485
140689,Dumpster Baby,,0,tt0279054
142059,Rape Is a Circle,,0,tt0808437
143147,Spaceship Terror,,0,tt1965108
143508,Killer Instinct,,0,tt0246000
144108,Sheltered,,0,tt1773676
144542,Johnny Sunshine Maximum Violence,,0,tt1263687
144706,Weekend At The Cabin,,0,tt1823267
144822,Scare Their Pants Off!,,0,tt0063559
144863,Fantacide,,0,tt1430814
146012,Scar Crow,,0,tt1305593
146313,The Cottage,,0,tt1977941
147136,The Unholy Order,,0,tt1337510
148972,They Feed,,0,tt0473401
150060,Subterano,,0,tt0255623
152434,The Ghost of Spoon River,,0,tt0265357
154445,Lost Hearts,,0,tt1411886
155708,Abolition,,0,tt1687208
156019,Still Screaming: The Ultimate Scary Movie Retrospective,,0,tt1792617
157581,A Monster Among Men,,0,tt2451688
157599,Killing Obsession,,0,tt0110264
157619,The Dinner Party,,0,tt1451708
157922,The Picture of Dorian Gray,,0,tt0435669
158066,Cannibal Rollerbabes,,0,tt0237072
158337,The Mole Man of Belmont Avenue,,0,tt1472192
158354,The Mommy Returns,,0,tt2355903
159390,Voodoo Curse: The Giddeh,,0,tt0462308
160200,Traces of Death,,0,tt0108373
161154,Help Wanted Female,,0,tt0063061
161761,The Shadow of Death,,0,tt2265609
163208,The Director's Cut,,0,tt1371623
163541,Storm,,0,tt0090084
164495,Long Pig,,0,tt1258202
164687,Dante's Inferno,,0,tt0026262
165279,"Pot Zombies 2: More Pot, Less Plot",,0,tt2477730
166598,The Killage,,0,tt1773743
166904,Master Minds,,0,tt0041644
168368,The Doorway,,0,tt0235353
170748,Solid State,,0,tt2128694
171499,Crush,,0,tt1590316
173326,The Whistler,,0,tt0829441
173345,Where the Dogs Divide Her,,0,tt1801554
177096,C Me Dance,,0,tt1314645
177583,The Raven,,0,tt0005955
179242,23 Minutes to Sunrise,,0,tt2009402
179269,Revelation Road: The Beginning of the End,,0,tt2412746
179503,Devil's Highway,,0,tt0398021
179765,Serpent Island,,0,tt0047470
179880,Legend of the Witches,,0,tt0488757
180850,Lucky Bastard,,0,tt2417854
181587,Yeti: A Love Story,,0,tt0765488
181628,Search for the Beast,,0,tt0129358
182140,The Suckers,,0,tt2120157
182510,The Demon Within,,0,tt0237706
182774,id 182774,,0,tt1958074
184590,Let Me Die Quietly,,0,tt1326235
185474,Paranormal Movie,,0,tt2392846
186031,Hallow's End,,0,tt0338088
187115,Detention,,0,tt0134613
187525,The Sacrifice,,0,tt0818620
188074,Cardiac Arrest,,0,tt0080497
188628,The Cremators,,0,tt0068425
188837,Back Road Diner,,0,tt0247943
190544,Image of the Beast,,0,tt0080915
191447,The Horrible Doctor Bones,,0,tt0240585
191568,id 191568,,0,tt1216489
192808,A Taste of Flesh,,0,tt0062346
192813,Age of Dinosaurs,,0,tt2518926
193582,Broken Hearts,,0,tt1672613
195781,Demon Kiss,,0,tt1306967
198456,The Missing Guest,,0,tt0030455
198572,Hell Walks the Earth,,0,tt5460014
199913,Sexmonster!,,0,tt3296788
200462,Hansel & Gretel,,0,tt2415464
200819,Beg!,,0,tt0109232
201110,Sex Hex,,0,tt1054508
201181,Bloodspit,,0,tt1234241
202483,The House of Adam,,0,tt0481545
202628,Experiments in Terror,,0,tt0427225
203556,GhostWatcher 2,,0,tt0462306
204550,The Eyes of Jukai,,0,tt2326706
204567,Vincent Price's Dracula,,0,tt0263284
204806,Melvin,,0,tt1334543
204904,House of Last Things,,0,tt1464539
204973,Venom,,0,tt1931601
205769,Flesh Eaters from Outer Space,,0,tt1172055
205902,Machine Head,,0,tt0480764
206865,id 206865,,0,tt2742242
207933,Stonehearst Asylum,,0,tt1772264
208609,Almost Invisible,,0,tt1595588
208617,Death Angel December: Vengeance Kill,,0,tt1583754
211222,The Wildman of Kentucky: The Mystery of Panther Rock,,0,tt1405410
211684,id 211684,,0,tt0959457
211686,High Desert,,0,tt1859502
211687,I Dream of Dracula,,0,tt1067076
211999,Twisted Illusions 2,,0,tt0375160
212003,The Psychedelic Priest,,0,tt0291885
212178,The Dead Live,,0,tt0802975
212629,The Phantom of the Opera: Unmasking the Masterpiece,,0,tt3090950
213407,Dead Life,,0,tt0456055
213760,Before I Die,,0,tt0821436
213770,Dead 7,,0,tt0257755
213805,Dead Body Man,,0,tt0436217
213806,Hollywood Vampyr,,0,tt0270991
213810,Edgar Allan Poe's Madhouse,,0,tt0196729
214754,Dolls of Voodoo,,0,tt1151914
215890,The World's End: The Legacy of 'Day of the Dead',,0,tt3276916
216557,Heat of Madness,,0,tt0219757
217195,Banned! In America II,,0,tt0396485
217596,Prague,,0,tt2401719
219044,The Crier,,0,tt0182941
219047,Witch Hunter,,0,tt0368443
219431,Sixteen Tongues,,0,tt0190008
219961,Sonata,,0,tt0331652
220468,Revelation Road 2: The Sea of Glass and Fire,,0,tt2825924
220680,Dead Meat Walking: A Zombie Walk Documentary,,0,tt2383382
220796,Another Night of the Living Dead,,0,tt2076794
222438,Vamps in the City,,0,tt1640196
222879,Bio-Tech Warrior,,0,tt0128077
223259,Crinoline Head,,0,tt0126846
223461,Andromina: The Pleasure Planet,,0,tt0222719
223754,Palace of the Damned,,0,tt2510700
223968,The Pointing Finger,,0,tt0025658
224652,Lunatic,,0,tt0395645
224680,Evil Night,,0,tt0893324
225285,Blackwood,,0,tt2570414
227002,Michael Lives: The Making of Halloween,,0,tt1307455
227227,The Dummy,,0,tt0810847
227531,The Return of the Texas Chainsaw Massacre: The Documentary,,0,tt3575374
227574,Capture the Flag,,0,tt3068704
227619,The Night Owl,,0,tt0478917
227625,The Parasite,,0,tt0130177
227739,Drako,,0,tt31889283
227798,Revenge of La Llorona,,0,tt3120844
227856,Strange Things Happen at Sundown,,0,tt0378814
227866,The Vulture's Eye,,0,tt0406320
227883,Cutting Room!,,0,tt0479887
228562,Apostle of Dracula,,0,tt1773382
229333,Dark Rose: Feedin' & Breedin',,0,tt0417590
230168,Solo,,0,tt3026824
230643,Death Row,,0,tt0790640
230977,LovecraCked! The Movie,,0,tt0486617
233226,The Dark Place,,0,tt2196059
235493,The Nine Ages of Nakedness,,0,tt0064734
236423,A Reckoning,,0,tt1920829
239352,Ghostkeepers,,0,tt3105752
239815,Ascension of the Demonoids,,0,tt0206563
244301,Two Girls for a Madman,,0,tt0062620
244446,The Satan Killer,,0,tt0130996
246233,Banned! In America V: The Final Chapter,,0,tt0397913
246463,Still Life,,0,tt0096177
246821,id 246821,,0,tt3421966
247636,Goodleburg,,0,tt2094829
247747,Barbara,,0,tt0211216
248576,Sanatorium,,0,tt2004419
248714,Alien Presence,,0,tt1343077
249295,Room to Let,,0,tt0042907
250425,Holla if You Hear Me,,0,tt0808303
250577,Doc of the Dead,,0,tt2481248
251213,Tales of a Salesman,,0,tt0259035
251860,Video Nasties: Draconian Days,,0,tt3562516
253862,id 253862,,0,tt0129163
255291,Animosity,,0,tt2464822
255299,Demon,,0,tt2165715
256452,One Hell of a Christmas,,0,tt0316352
259074,Joy Ride 3,,0,tt3138376
260435,Awakened,,0,tt1669268
261595,Back from Hell,,0,tt0171084
261596,Science Friction,,0,tt2189332
261727,Age of Demons,,0,tt0366146
261943,Z: A Zombie Musical,,0,tt0760332
262609,Astro-Zombies M3: Cloned,,0,tt1662628
264172,The Wild and the Naked,,0,tt0153836
264248,Knight Chills,,0,tt0269450
264253,The Pact,,0,tt2875950
264470,The Dummy,,0,tt0275319
265321,A Shred Of Mist,,0,tt3070106
268053,"Salt, Saliva, Sperm and Sweat",,0,tt0271157
268892,Collar,,0,tt3219670
268945,Armynel,,0,tt2211716
269248,Judy,,0,tt0222078
269676,No Place Like Home,,0,tt1259821
271336,The Dead Reborn,,0,tt4557826
271481,Rosebery 7470,,0,tt0945390
272098,Night of the Naked Dead,,0,tt2236642
272313,Murder in the Heartland: The Search For Video X,,0,tt0400667
272699,Speed Demons,,0,tt2417528
272813,Urban Flesh,,0,tt0235847
272928,AB Negative,,0,tt1137433
272997,Don't Fall Asleep,,0,tt1774352
273271,Time Lapse,,0,tt2669336
273525,Deadly Karma,,0,tt1710961
273792,The Incubus,,0,tt1444331
273804,The Night Shift,,0,tt1584937
274036,Ground Zero,,0,tt1792803
274359,Intrusion: Disconnected,,0,tt1809286
274634,The South Will Rise Again,,0,tt6512212
275614,Aquarium,,0,tt0482159
276287,Dead Leaves,,0,tt0308153
276366,Psycho Weene,,0,tt0888712
276522,The Last Gateway,,0,tt0961205
276535,id 276535,,0,tt0800206
276697,Go and Get It,,0,tt0011234
277046,Maintenance,,0,tt0972560
277054,Monsters Gone Wild,,0,tt1252501
277133,Vs. the Dead,,0,tt1657495
277251,Red Scream Vampyres,,0,tt1059315
277367,Homesdale,,0,tt0067211
277461,The Remnant,,0,tt0251369
277500,id 277500,,0,tt3580358
277754,The Attendant,,0,tt0395107
278653,Revenge of the Unhappy Campers,,0,tt0350050
278834,Housebound,,0,tt0160434
279548,id 279548,,0,tt1753565
279673,Ghost Attack on Sutton Street: Poltergeists and Paranormal Entities,,0,tt2403875
279696,Necropolis Awakened,,0,tt0360832
279732,Piranha-Man Versus WereWolf-Man: Howl of the Piranha,,0,tt1662556
279752,Alien Agenda: Project Grey,,0,tt0482018
279948,Paranormal Haunting: The Curse of the Blue Moon Inn,,0,tt2046130
280731,Destruction Kings,,0,tt0486568
281189,Gory Gory Hallelujah,,0,tt0396041
281289,Tainted,,0,tt0128690
281905,The Flesh and the Fury: X-posing Twins of Evil,,0,tt2252356
282191,The Dr. Jekyll & Mr. Hyde Rock 'n Roll Musical,,0,tt0385664
283112,It Happened One Weekend,,0,tt2397234
283885,Return to Boggy Creek,,0,tt0078159
286929,Almaz Black Box,,0,tt1410199
287982,VHS Massacre: Cult Films and the Decline of Physical Media,,0,tt3319212
288123,Catherine's Grove,,0,tt0118828
288297,Baby Jane?,,0,tt1381402
288424,Shock Value,,0,tt3243464
288671,The Deviants,,0,tt1160418
290394,Carmilla,,0,tt0167071
290396,Game of Pleasure,,0,tt0144213
291290,Submerged,,0,tt3236976
291331,Lust for Vengeance,,0,tt1185604
291540,Why Horror?,,0,tt3135424
291604,Lady of the Lake,,0,tt0166681
291610,Midnight Skater,,0,tt0378358
291661,The Photographer: Inside the Mind of a Psycho,,0,tt2132493
292013,Phantom of the Grindhouse,,0,tt6497790
292482,The Housewife Slasher,,0,tt2276001
294203,Monster Madness: The Golden Age of the Horror Film,,0,tt4126358
294488,Maniac Too!,,0,tt3024398
294548,Shadows Light,,0,tt1281967
294584,"Jesus, the Daughter of God",,0,tt2678900
294629,Midnight Matinee Psycho,,0,tt1841741
294833,Scavenger Killers,,0,tt2375906
295138,Faux Paws,,0,tt3278650
295180,Lady Chokey presents Scary Stories,,0,tt22074100
295207,The Season,,0,tt1262955
295933,Sexsquatch: The Legend of Blood Stool Creek,,0,tt3417866
296496,Gold Digger Killer,,0,tt1344721
296571,Sodium Party,,0,tt1773690
296695,Revelation Road 3: The Black Rider,,0,tt3505812
297600,Knock 'em Dead,,0,tt2579034
298302,Lust of the Vampire Girls,,0,tt7074662
299025,Dark Carnival,,0,tt0289911
299548,Knightmare,,0,tt3539930
300236,Carnage: The Legend of Quiltface,,0,tt0259233
300581,Exposure,,0,tt2251306
300903,Gravedigger,,0,tt2631554
300986,Tortured Females,,0,tt0259675
301014,Crybaby Bridge,,0,tt2820006
301356,The Widower,,0,tt0224394
301711,Skunk Ape Hunters in Texas,,0,tt2043992
302512,Awaken the Devil,,0,tt4123888
303204,The Businessman,,0,tt3529662
304021,Point of No Return,,0,tt0211575
304916,Beast in the Basement,,0,tt1604561
305028,Bad Kitties,,0,tt2086806
305511,The Craving,,0,tt0008978
306045,Brutal Jesus and the House of Wasted Youth,,0,tt1774310
308123,How to Slay a Vampire,,0,tt0757991
308125,id 308125,,0,tt2100533
308259,RE,,0,tt3099960
309290,Feeding Billy,,0,tt0144198
309297,id 309297,,0,tt0265435
309439,Silo Killer 2: The Wrath of Kyle,,0,tt0431402
310018,Dead Body Man 2: Separation Anxiety,,0,tt3904372
310945,Invaluable: The True Story of an Epic Artist,,0,tt4934990
310996,The Secret Path,,0,tt3122436
311460,The Vessel,,0,tt1260695
312640,The God Memoirs,,0,tt0989823
312649,El Grito,,0,tt0239444
312692,The Dividing Hour,,0,tt0473473
314193,Original Sins,,0,tt0166298
314266,Drawing Blood,,0,tt0415763
314420,Body,,0,tt3732950
315832,Dirtbags,,0,tt0431022
315978,Voyeur.com,,0,tt0243650
317038,Sacrifice of the White Goddess,,0,tt1382726
318154,The Long Way Home: A Bigfoot Story,,0,tt1247678
318788,The Serpent's Tongue,,0,tt2253554
318947,The Hills Have Thighs,,0,tt1608612
321066,"Scream, Queen! My Nightmare on Elm Street",,0,tt5123896
321665,Wingrave,,0,tt1071972
322266,Buddy Hutchins,,0,tt3380104
322518,The Intruders,,0,tt3496372
323369,Excess Flesh,,0,tt3468698
323564,Bros on Bikes,,0,tt2251235
323625,Ojuju,,0,tt3387582
324015,The Death of Alice Blue,,0,tt1297924
324560,Brimstone,,0,tt1895315
325157,Haunters,,0,tt3377670
325594,At Dawn They Sleep,,0,tt0447604
325598,Christine's Addiction,,0,tt0274427
325607,Lisa's Nightmares,,0,tt2041406
325617,Lisa Cook's Deadly Workout,,0,tt38941656
326845,Jessica: A Ghost Story,,0,tt0219103
327738,Slumber Party Slaughter,,0,tt1935231
328091,The Eternal Present,,0,tt0445009
328240,Sin in '69,,0,tt0271183
328640,Baked Baby Jesus,,0,tt37319898
328985,The Bizarre Ones,,0,tt0211261
329409,Return to Witch Graveyard,,0,tt3813422
329549,Lurking Terror,,0,tt0328084
329556,Landmine Goes Click,,0,tt2186848
329838,id 329838,,0,tt2550666
330656,Black Eve,,0,tt1594913
331307,Bloody Border,,0,tt2390968
333156,American Commando 5: Fury in Red,,0,tt2475226
333862,Bee Sting,,0,tt4163042
334003,Blurred Lines,,0,tt33502717
334038,"Torture Me, Kiss Me",,0,tt0259673
335223,Savage High,,0,tt3830222
335448,Applecart,,0,tt4203868
335646,Bloom,,0,tt3300820
335650,Impurity,,0,tt3401658
335656,Pure Bloodlines: Bloods Thicker Than Water,,0,tt4045414
335736,The Mothman Curse,,0,tt3714366
335900,Paranormal Retreat,,0,tt4550436
336107,Meat the Jones,,0,tt3093618
337021,Little Miss Innocence,,0,tt0124897
337256,id 337256,,0,tt2736876
337259,Black Orchids,,0,tt0006434
337288,The Animal,,0,tt0061358
337387,The Crimson Stain Mystery,,0,tt0006554
337928,Lock Up Your Daughters,,0,tt0127007
338053,Weekend of Fear,,0,tt0229034
338677,Actiongirls: Soldiers of the Dead - Part 1,,0,tt2323972
339002,2Survive,,0,tt3559570
340165,Unwanted Presence,,0,tt3984016
340204,Medusa,,0,tt3237826
340431,The Obsessed One,,0,tt0950707
340820,Lessons in Love,,0,tt3463896
341057,I Told You Not to Call the Police,,0,tt2630828
341460,Horror Rock,,0,tt4704830
342492,Life Without Soul,,0,tt0005615
342730,House of Whores,,0,tt4718508
343004,Homicycle,,0,tt2846372
343041,Lola,,0,tt0004249
344088,Eat Your Makeup,,0,tt0061611
344885,Fanny Hill Meets Dr. Erotico,,0,tt0129921
345091,Mimesis,,0,tt1663990
345781,The Outcasts,,0,tt0244118
346960,Peggy and Fred in Hell: The Complete Cycle,,0,tt10166838
347852,Farhope Tower,,0,tt4440798
348191,Leviathan: The Story of Hellraiser and Hellbound: Hellraiser II,,0,tt3317562
348260,The Transparent Woman,,0,tt4235454
348264,Doll Syndrome,,0,tt3476472
349057,Blood Money,,0,tt21652834
353090,Chill: The Killing Games,,0,tt2103166
353656,Pray.,,0,tt1205599
353800,Night Visitors,,0,tt0439732
354021,The Sun and the Moon,,0,tt1332036
354108,Girl Explores Girl: The Alien Encounter,,0,tt0245918
354642,Censored,,0,tt0171161
354651,A Weekend with Strangers,,0,tt0393961
355743,Deception,,0,tt1278330
357007,Flesh for Olivia,,0,tt0804481
358802,Homeless Joe,,0,tt1951141
359062,Theatre of the Deranged II,,0,tt2262325
360126,Pyromaniac,,0,tt0363916
360285,All Hallows Eve: October 30th,,0,tt3184242
360328,Dartmoor Killing,,0,tt3616292
360413,Mr D's No Thing Tales,,0,tt4693716
360924,Red Billabong,,0,tt4011010
361022,Hush Up Sweet Charlotte,,0,tt2071477
361828,Snuff Video: Volume Red,,0,tt0365768
362807,Paranoid,,0,tt0265496
363284,Night of the Bums,,0,tt1929326
364220,The Keeping Hours,,0,tt5114154
366210,The Nullarbor Nymph,,0,tt1954961
367249,id 367249,,0,tt0233690
369163,Jacker,,0,tt0239068
370191,Hemo,,0,tt1649763
370396,The Spirit Hunter,,0,tt0411909
371851,Danish & Blue,,0,tt0123787
374167,Absolute Zombies,,0,tt5018032
374221,One Hour to Die,,0,tt2137184
376416,Blood Countess 2: The Mayhem Begins,,0,tt1397152
376537,B.C. Butcher,,0,tt3150796
376563,The Hours Till Daylight,,0,tt2982158
377635,Hopscotch,,0,tt4634458
377779,Urban Scumbags vs. Countryside Zombies,,0,tt0387661
379322,Night of the Dead,,0,tt2440228
379965,Dead Is Dead 2: The Incarnation,,0,tt28688981
383327,Chloroformed And Cloned Co-Ed,,0,tt37452942
383491,Infrasexum,,0,tt0170054
383896,Elizabeth Bathory,,0,tt3518858
385085,id 385085,,0,tt0820879
385691,American Descent,,0,tt4060988
385964,The Creightonville Terror,,0,tt2330910
388199,Ouija Board,,0,tt1385612
388415,Meat for Satan's Icebox,,0,tt0847886
388543,Theatre of the Dead,,0,tt2199679
389260,Slender,,0,tt3317158
390833,Dickshark,,0,tt5095208
391625,Heather and Puggly Crucify the Devil,,0,tt0490968
394860,Grimewave: Cockface III,,0,tt3110266
395713,The Mysteries of Myra,,0,tt0007107
397456,Isolate,,0,tt2101509
398211,Pattern of Evil,,0,tt0062104
398881,The Sexy Sixth Sense,,0,tt0304694
399073,Killer Pickton,,0,tt0472119
400038,Insatiable,,0,tt1261049
400717,Maya,,0,tt4805726
400777,Like a Moth to a Flame,,0,tt1495847
401049,Around Midnight,,0,tt0436080
401052,id 401052,,0,tt9034970
401054,Into the Woods,,0,tt1330031
401066,The Hunted,,0,tt2322932
401793,Dark Show,,0,tt4024490
402561,Satan's Cannibal Holocaust,,0,tt0852996
402726,Frankenstein the Rapist,,0,tt2733362
405568,The Love Captive,,0,tt0256159
405774,Bird Box,,0,tt2737304
408083,The Face of Darkness,,0,tt0399036
408220,id 408220,,0,tt2494376
410625,The Mark,,0,tt0410300
411179,Seven Dorms of Death,,0,tt4211840
411208,North Woods,,0,tt5776460
411779,Brothers in Arms,,0,tt0096986
412529,Nazi Hell,,0,tt3995140
413070,The Black Crystal,,0,tt0839743
413985,Water,,0,tt0765850
415596,Shock Cinema: Volume One,,0,tt0180998
415847,Deeper: The Retribution of Beth,,0,tt3307852
416798,One Last Sunset Redux,,0,tt3350058
416874,Vampires: Lucas Rising,,0,tt4666696
417119,The Reluctant Witch,,0,tt38668912
417705,Required Field,,0,tt5857818
418528,id 418528,,0,tt2040319
418805,The Black Stork,,0,tt0160056
419319,Midnight Confessions,,0,tt0113812
419407,Astral,,0,tt4765240
419590,The Love Machine,,0,tt5820980
420046,Mnasidika,,0,tt0064677
421335,Bill Huckstabelle: Serial Rapist,,0,tt5091888
421645,Dark Waves,,0,tt2113607
422649,The Gates of Vanity,,0,tt3772902
422724,Voices From The Grave / All Hallows' Eve: The Dead Have Stories To Tell,,0,tt2619106
425007,It Watches,,0,tt2057920
425718,Foes,,0,tt0206754
426075,"Sex, Chocolate & Zombie Republicans",,0,tt2812868
426793,Parallel,,0,tt4922674
427124,The Watcher Self,,0,tt2237012
427950,Worthless,,0,tt5651572
429855,Zombies of the Living Dead,,0,tt3108954
430217,The Cursed Man,,0,tt2614902
430964,Killer Ink,,0,tt1642248
431056,Canvas of Death,,0,tt4849506
431505,Gray,,0,tt4998746
432856,The Scent of Death,,0,tt0288666
433093,In Hell Everybody Loves Popcorn: The Making of 31,,0,tt6202404
433628,Potential Sins,,0,tt0197776
433629,Killer Tumbleweeds,,0,tt1440747
433823,Vampire Resurrection,,0,tt4432112
434585,5 Years After the Fall,,0,tt5818758
434836,The Black Tape,,0,tt2965446
437761,Troma's Dead Inside,,0,tt2939450
438250,Chaos A.D.,,0,tt5864950
439562,The Book of Birdie,,0,tt5142400
439788,Housebound,,0,tt0349584
440317,Freehold,,0,tt5532370
440522,The Dellville Witch,,0,tt1578738
440698,The Degenerates,,0,tt0216679
440905,The Naked Witch,,0,tt0132354
443644,The Cornshukker,,0,tt21806240
446198,Cats of Darkness,,0,tt23473462
446448,Psychon Invaders,,0,tt0803056
446462,"Prey, in Cold Blood",,0,tt5806798
446550,Charlie's Death Wish,,0,tt0465936
446574,Siberia,,0,tt4687856
447737,Safe Inside,,0,tt3471520
449457,Faces of Snuff,,0,tt5870150
450290,The Evil Dead: Treasures from the Cutting Room Floor,,0,tt1869718
450413,Night Trackers,,0,tt0093622
450703,Beware the Black Widow,,0,tt0211247
452532,Alma's Secret,,0,tt6296274
452654,Inside Ben,,0,tt4553514
452705,The Devil's Mate,,0,tt0216698
453424,Dr. Masher,,0,tt0217393
453600,The Kiss-Off,,0,tt0264760
455232,Cupid's Guillotine,,0,tt4952536
456740,Hellboy,,0,tt2274648
458033,The Demonic Tapes,,0,tt2951616
458339,Haunted Inc.,,0,tt4905574
458381,Female Zombie Riot,,0,tt2250026
458832,Long Night in a Dead City,,0,tt6304610
460965,Silent Scream Play,,0,tt0160870
462018,All the Wrong Friends,,0,tt5278384
463821,The House with a Clock in Its Walls,,0,tt2119543
464496,The Night Shift,,0,tt5458888
464776,And Then They Were Dead...,,0,tt0310643
466473,The Painting,,0,tt4375062
467540,Death-Scort Service Part 2: The Naked Dead,,0,tt6754192
468436,Bride of Violence,,0,tt3813018
468496,The Sabbat of the Black Cat,,0,tt0067697
470823,The Midnight Matinee,,0,tt6911418
471530,The Clinic,,0,tt4865022
471618,A Twisted Tale,,0,tt3567168
472932,Silent Screamplay II,,0,tt0851210
475961,id 475961,,0,tt4720596
476642,Day of a Thousand Screams,,0,tt1947996
477495,The Night Before,,0,tt6006924
477901,Buzzard Hollow Beef,,0,tt5312266
477977,No Stopping the Stover,,0,tt5828442
478258,Supernatural,,0,tt9382690
479003,id 479003,,0,tt5579164
480139,The Network,,0,tt2112300
480634,Derelicts,,0,tt7566944
481360,id 481360,,0,tt5245584
483052,Lady Belladonna's Night Shades,,0,tt6140354
483340,Murder: Ultimate Grounds for Divorce,,0,tt0087758
483421,The Devil in White,,0,tt3466380
483586,Rites of Blood,,0,tt2727008
485391,The Evil Inside,,0,tt4486868
485784,Savage Christmas,,0,tt3040444
485792,Ghoulish Tales,,0,tt3293586
485809,Zombie Bite,,0,tt4333132
486385,The Mitchell Tapes,,0,tt1736046
486892,Hex,,0,tt7335324
487442,Killing Brooke,,0,tt1808228
489463,Do You Believe?,,0,tt6960218
492332,The Lurking,,0,tt5277836
493442,Leolex,,0,tt2845434
493448,id 493448,,0,tt5731468
493595,I Pass for Human,,0,tt0405031
494445,Bloodrape,,0,tt2119392
494991,Blooming Flowers,,0,tt1311062
495496,All Hallows Evil: Lord of the Harvest,,0,tt2292559
498084,Slaughterhouse: House of Whores 2.5,,0,tt7712376
498748,Blood Dynasty,,0,tt6278862
498754,Go Mad and Mark,,0,tt5270378
498797,Dream Nightmare,,0,tt6287420
498886,id 498886,,0,tt6059432
498904,Fleas,,0,tt6087048
499482,Psychomanteum,,0,tt5443372
499812,Dead Love,,0,tt2797930
499822,Blood Mountain,,0,tt5356326
499953,Fly on the Wall,,0,tt5086308
501294,The Spirit Chaser,,0,tt5340542
503646,The Bray Road Beast,,0,tt8841148
503658,The Invisible Man,,0,tt7651078
503731,Zombie Boy,,0,tt3598130
503768,Something of Mine,,0,tt0241971
504076,After the Outbreak,,0,tt4801456
504129,Patient 001,,0,tt9034308
504151,Tied Up,,0,tt0420958
504180,Animal Moribus,,0,tt10937438
504197,Mad Couple,,0,tt6731616
505237,Karpenter,,0,tt7664010
505635,Against,,0,tt0815094
505775,Fear Girls: Volume Two,,0,tt1441430
506485,Chainsaw Redux: Making a Massacre,,0,tt0395964
506758,Bender,,0,tt5338770
506893,id 506893,,0,tt2710342
507624,Thicker Than Water: The Vampire Diaries Part 1,,0,tt1305766
507966,Strange Rituals,,0,tt6574856
508384,Conspiracy of Blood,,0,tt1641809
509315,The Pogo Film Project,,0,tt2767380
509760,Violence of the Mind,,0,tt2290805
510654,The Fortunate,,0,tt4507416
511051,Enactone,,0,tt6340228
511274,Laurence,,0,tt3118072
512356,Pennywise: The Story of ‘It’,,0,tt6682484
514438,In April,,0,tt3856350
515381,Dr. Shock's Grindhouse of Horrors,,0,tt1300576
515537,Camp 139,,0,tt2872902
515612,Paranormal Farm,,0,tt7777074
515997,Trust Your Photographer,,0,tt6244592
516774,WAVE of Terror,,0,tt37353617
516805,id 516805,,0,tt5921668
517072,Fat Tuesday,,0,tt6843652
517276,Shaitaan,,0,tt0398320
517459,Keith Loves Ava,,0,tt15078412
519583,Candie's Harem,,0,tt3833380
519958,The First Man,,0,tt1373138
522285,The Brass Ring,,0,tt1560997
523415,The Many Faces of Dracula,,0,tt7383040
523938,M.I.A. A Greater Evil,,0,tt7108862
525932,Make Me Up,,0,tt8917774
526027,Devil's Path,,0,tt8187918
528077,Witch Of Powell Forest,,0,tt38046121
528732,SheChotic,,0,tt5588786
532889,Terror Overload: Tales from Satan's Truckstop,,0,tt1277402
532996,Halloweenville,,0,tt2018071
533094,Darkest Hour,,0,tt0475247
535106,Redneck Carnage,,0,tt1235168
536434,Red 11,,0,tt7837402
536517,Blood Machines,,0,tt6197070
536554,M3GAN,,0,tt8760708
537466,Embalmer,,0,tt0195680
539651,Don't Let Go,,0,tt6803212
539923,Three Days in the Woods,,0,tt1756839
543468,Beneath the Flesh,,0,tt1520837
545499,Grindsploitation 3: Video Nasty,,0,tt5574342
546328,Scarecrows of the Third Reich,,0,tt8365818
547611,Demoniac,,0,tt6703652
547620,The Temptress,,0,tt1291686
548943,Saving Grace,,0,tt6821108
549369,The Bastard,,0,tt5873694
549639,The Grave Caller,,0,tt6803180
550179,Bee Sting 2: Bear Sting,,0,tt6519668
551435,Ascension,,0,tt5611432
551694,Jaws Finatics,,0,tt4356150
552170,Trashcans of Terror,,0,tt37674593
552569,Alien Surveillance,,0,tt8959742
552925,Personal Space Invader,,0,tt3313194
553820,Playing Cards,,0,tt6669424
554399,Many Ways to Sin,,0,tt2791252
554571,Double Exposure,,0,tt0292495
554917,The Siren,,0,tt7144200
555211,The Phantom Honeymoon,,0,tt0010565
555295,Body at Brighton Rock,,0,tt7942746
557450,The Torment of Laurie Ann Cullom,,0,tt3869588
557883,Valley of Blood,,0,tt2206908
561829,The Sideling Hill,,0,tt5660288
562771,The Hunting,,0,tt5911032
562867,Vile 21,,0,tt0309040
563655,Samhain: A Halloween Horror Movie,,0,tt8968844
564837,Atomic Shark,,0,tt5930094
565500,Camcorder Atrocity,,0,tt29600746
565594,Freaks,,0,tt6028328
566239,Monster Safari,,0,tt10351244
566561,id 566561,,0,tt13648440
566707,Mayhem Park,,0,tt5022714
566848,id 566848,,0,tt8618714
567607,id 567607,,0,tt8215472
567708,Lust Weekend,,0,tt0061926
567984,Christmas with Cookie: Locked Away,,0,tt6569946
568453,The Soviet Sleep Experiment,,0,tt9414024
568598,id 568598,,0,tt0446761
569085,Clownsploitation,,0,tt7583042
570305,Sickle,,0,tt4379480
570453,The Picture of Dorian Gray,,0,tt7642686
570536,Alabama Sasquatch,,0,tt2724608
571782,id 571782,,0,tt4841444
572438,Lonely Hearts,,0,tt7302296
572724,Blood and Bones,,0,tt5755816
572727,Here Be Dragons,,0,tt6524704
574109,Horror Noire: A History of Black Horror,,0,tt9567548
574883,An Affair to Die For,,0,tt8620646
575980,Rust 2,,0,tt6104322
576134,Indestructible: Afterlife,,0,tt6467044
578310,Satan's Menagerie,,0,tt0298139
578378,Rags,,0,tt1921072
579296,Abnormal Attraction,,0,tt4470288
580088,Beyond Blood,,0,tt10107012
580370,Satan's House of Yoga,,0,tt0469178
580550,Last Getaway,,0,tt1161647
582875,Tainted Image,,0,tt13995088
583166,"So Long, Blue Boy",,0,tt0128554
583584,I See You,,0,tt1249439
583711,Phaedra,,0,tt8337916
585081,Knight of the Peeper,,0,tt0837152
585149,The Gown,,0,tt8707566
587786,In a Stranger's House,,0,tt9250156
590802,Girl Number Three,,0,tt1673381
591529,Leda,,0,tt3874520
591832,Main Street Meats,,0,tt6933132
594542,Marco Polo,,0,tt1049403
594568,My Mouth Lies Screaming,,0,tt1645988
595966,Black Wine,,0,tt0301036
596061,Fish Bait: The Movie,,0,tt1379180
596325,Naked Horror: The Movie,,0,tt1496407
596697,Sorority Babes in the Slimeball Bowl-O-Rama 2,,0,tt12472174
597175,id 597175,,0,tt5141260
597446,Vampire Riderz,,0,tt3787132
597453,Beverly Lane,,0,tt1624415
597455,Demon Hunters: Fear the Silence,,0,tt3158266
597468,id 597468,,0,tt4662694
598192,After the Ball Was Over,,0,tt0063990
601108,Dead De La Crème,,0,tt8135000
601656,Daisy Derkins vs. The Bloodthirsty Beast of Barren Pines!,,0,tt2061630
602784,Chop Shop,,0,tt0412582
603012,Wet Heat,,0,tt1467138
603013,Film Crew,,0,tt8702698
603577,id 603577,,0,tt1625327
603705,How NOT to Make a Horror Film,,0,tt4277004
604889,Scream for Christmas,,0,tt7029820
605572,"Damselvis, Daughter of Helvis",,0,tt0109528
606155,Ding Dong,,0,tt0112871
609075,Another Cinema Snob Movie,,0,tt8597424
609080,The Phantom Violin,,0,tt0004468
609238,Indiscretion,,0,tt2316735
612152,Secret Obsession,,0,tt9419834
612394,Big Daddy,,0,tt0058968
614372,Landing Lake,,0,tt6472234
616659,Horror Story,,0,tt0235466
617124,The Unwelcoming House,,0,tt10398776
617373,A Ship of Human Skin,,0,tt10342350
618375,Leap of Faith: William Friedkin on The Exorcist,,0,tt10681070
619262,Wrinkles the Clown,,0,tt9097270
619503,Metal Noir,,0,tt15274150
619704,Frozen Sasquatch,,0,tt8736994
619730,id 619730,,0,tt10731256
621080,The Viva Voce Virus,,0,tt1323974
623341,Meet the Grimswalls,,0,tt7138098
623642,Sikkfukks,,0,tt6275592
625759,Saavat,,0,tt7798984
627840,Mortmain,,0,tt0005772
629227,Let Us In,,0,tt10533804
630486,Night Drive,,0,tt10989240
630925,Down's Revenge,,0,tt8036910
631285,Elliott Mallane's Murder,,0,tt7847702
631592,Pantheon Black,,0,tt1712035
631870,The Baylock Residence,,0,tt6185026
632567,Walrus Yes: The Making of Tusk,,0,tt10985740
635841,The Black Box,,0,tt1727364
636681,Halloween in a Box,,0,tt10208494
636806,Devil's Grove,,0,tt1051704
636808,id 636808,,0,tt0391842
636812,Year of the Donkey,,0,tt1347110
636827,A Whisper in the Dark,,0,tt3444660
637162,Hollywood Gothic,,0,tt0839852
637255,id 637255,,0,tt7400462
638609,Bhoner: The Movie,,0,tt2936408
639357,Thunderbird,,0,tt7993812
639495,Chloroformed,,0,tt4309472
639506,Breaking Spirits,,0,tt5708420
640427,Tales of Found Footage,,0,tt11101550
640756,Hack-Man,,0,tt1725806
640758,Skid Row,,0,tt2875968
640766,Beware,,0,tt1928124
640781,The Spade County Massacre,,0,tt1754714
640962,7 Down,,0,tt1985935
640974,Psycho Killer,,0,tt2301095
641709,Beyond Horror: The History and Sub-Culture of Red Films,,0,tt12138800
642063,id 642063,,0,tt1087430
642064,Hacked Off,,0,tt0473489
642108,Camp Kill,,0,tt1473785
642134,Into the Woods,,0,tt1347523
642694,The Demented,,0,tt6243370
642781,The Barn Part II,,0,tt10442096
643225,The Spirit Gallery,,0,tt0114513
643375,Chiller Theatre Fiend Club Show: Volume 1,,0,tt10319826
643503,Resonance,,0,tt6119210
644030,id 644030,,0,tt8895010
645753,id 645753,,0,tt7060306
646675,id 646675,,0,tt3210252
648764,The Unwelcoming House 2,,0,tt11214970
649407,The Killbillies,,0,tt2231603
649770,Steven Berkoff's Tell Tale Heart,,0,tt5649604
650093,Blood Falls,,0,tt9143166
650893,The Eyes of Isabelle,,0,tt3159212
650895,Captive of a Death Mask,,0,tt2607832
650898,Manson Kilmore: The Night Caller of Coal Miners Holler Part 2 - Payback Is Hell,,0,tt1726863
650900,Bloody Monster,,0,tt3219154
650952,The Rise of Jengo,,0,tt2058715
651006,id 651006,,0,tt2214861
651018,Lunicidal,,0,tt1310382
651488,Hallows Eve: Slaughter on Second Street,,0,tt1412448
651511,Back Woods 2: Mama's Beefbilly Jamboree,,0,tt11372314
651517,Riverdead,,0,tt0850710
651571,Breach,,0,tt9820556
654092,Dead Bodies Everywhere,,0,tt2006093
656174,Tinsel,,0,tt2380293
657528,Deadly Screams of a Naked Siren,,0,tt11011218
657767,"Ze, Zombie",,0,tt5617198
657826,Earwig,,0,tt10062338
661924,Clowns of Halloween,,0,tt13351938
664574,Silent Night,,0,tt11628854
665087,Till Death Do We Rot,,0,tt11368116
671013,Mulch,,0,tt4105642
672278,Lactasia,,0,tt30876699
673526,Maxwell Stein,,0,tt1645777
675824,The Scrotum,,0,tt13386604
676896,La máquina del diablo,,0,tt9669242
676981,id 676981,,0,tt2404219
678997,Killer Among Us,,0,tt9213934
679761,Bad Girl Dracula,,0,tt11033574
680493,Return to Silent Hill,,0,tt22868010
681631,Jurassic Thunder,,0,tt7904182
682532,John and the Hole,,0,tt11307724
683557,id 683557,,0,tt9547578
686208,The Starfish,,0,tt8476198
686478,Season of the Witch,,0,tt1754471
688863,The Evil of Nowhere: A Paranormal Documentary,,0,tt11223288
690549,Doctor Death,,0,tt10680412
690637,For Jennifer,,0,tt7332120
693749,Meat Butcher Baby 2,,0,tt7497844
694224,The Droving,,0,tt9378826
696393,Cold Storage,,0,tt8879928
696785,Time's Up!,,0,tt12597710
697135,The Malevolent,,0,tt4887354
699177,The Fiend with the Electronic Brain,,0,tt0068291
700650,Horrorbabe.com 1,,0,tt1570598
703698,The Dingleberrys,,0,tt2407336
708025,The Naked World of Harrison Marks,,0,tt0059495
708805,Franky and His Pals,,0,tt12495952
709567,Red Days,,0,tt12470822
710457,Blood Orchestra: Cacophony of Death,,0,tt5934606
713422,Paranormal Investigation Agency,,0,tt8159944
715203,Silent Hill: Requiem,,0,tt28054471
716119,Blood Jungle ...or Eviva il Coltello!,,0,tt2033214
718159,Devil's Night: Dawn of the Nain Rouge,,0,tt7086730
718400,The Vanished,,0,tt9794630
718460,Roach,,0,tt8702994
719770,No Witnesses,,0,tt7235666
720104,The Haunting of the Morgan Estate,,0,tt12422064
720132,Hobbes & Phil V.S. Zombies,,0,tt4980882
721656,id 721656,,0,tt12838958
722354,id 722354,,0,tt5343954
723135,Metal Maniac,,0,tt2475736
723419,Mr. Harrigan's Phone,,0,tt12908110
724789,Temple Time,,0,tt5866202
725303,Dead Heading,,0,tt6854600
728069,Shark Season,,0,tt12906784
728122,Mosquito State,,0,tt12789540
728941,Blind Spot,,0,tt12789484
729877,7 Deadly Sins: Inside The Ecomm Cult,,0,tt1520836
730407,Bohemian Moon,,0,tt0204172
731041,Demonica's Reign,,0,tt1672169
733006,Attack of the Unknown,,0,tt8804580
733049,The Pizzagate Massacre,,0,tt10725448
733605,Self-Storage,,0,tt5599446
734072,Slashening: The Final Beginning,,0,tt3994282
735967,Bad Spirits,,0,tt1083446
736485,Monster Hunters,,0,tt12942958
736752,Customer 152,,0,tt0439152
737759,Camp Murder,,0,tt11409750
738183,The Caretaker,,0,tt12851872
738440,Back Road,,0,tt6121426
738914,id 738914,,0,tt5477338
740533,TormenT,,0,tt2828140
742107,Inheritance,,0,tt10472094
742433,Seeds,,0,tt10003994
742926,Planet Blood,,0,tt1572165
745467,Shark Encounters of the Third Kind,,0,tt13132558
746943,Cause of My Death,,0,tt8825508
747359,A Nightmare Wakes,,0,tt5607098
747512,Resident Evil: Childhood,,0,tt14172564
747941,Tears of the Clown,,0,tt11764870
748150,Conjure X,,0,tt13142090
748155,The Muse,,0,tt2076954
748543,Displaced,,0,tt13176784
749269,We’re All Gonna Die!,,0,tt1428463
750344,The Devil Frame,,0,tt5343026
751583,Beyond McNasty: Filthy McNasty 4,,0,tt7657896
752450,Natasha Nighty’s Boudoir of Blood,,0,tt13467594
752715,The Inconsiderables: Last Exit Out of Hollywood,,0,tt11530748
753931,Blade of Death,,0,tt0486087
754017,Paranormalice,,0,tt5813344
754453,Through the Looking Glass,,0,tt0320626
756112,Outliving Dracula: Le Fanu's Carmilla,,0,tt2080354
756293,The Knock,,0,tt13226468
756599,id 756599,,0,tt4905818
757269,Zurviving,,0,tt12951514
758344,FOR HER,,0,tt15469930
759248,The Night of Medusa,,0,tt5489164
759970,Rest Area,,0,tt13370916
761260,Deathboard,,0,tt9765760
762916,Vamp Bikers Tres,,0,tt5215606
763370,Lead Me Astray,,0,tt3367736
763850,Brain Death,,0,tt15255038
764294,Zombies and Bikers,,0,tt13781942
765765,Anthrax,,0,tt8717236
766220,Old Man,,0,tt13456976
770590,Bird's Eye,,0,tt10172996
772278,Orville,,0,tt0796345
772973,The Inhabitant,,0,tt13635702
775567,Psychopomp,,0,tt10172986
775579,id 775579,,0,tt3616132
777486,Eldorado,,0,tt21742864
777573,The Las Vegas Strangler,,0,tt0202451
778042,Slayed,,0,tt13019740
779128,id 779128,,0,tt13508098
779157,Puppet Master: Doktor Death,,0,tt21114402
779167,Coming Back for You,,0,tt9765772
779247,Hell,,0,tt8784464
780182,Terror House,,0,tt2462486
780267,Blood Covered Chocolate,,0,tt13581936
780283,Terror Toons 4,,0,tt4130510
780400,id 780400,,0,tt0489447
781340,id 781340,,0,tt10295298
781349,id 781349,,0,tt13351898
781355,Silly Scaries 2,,0,tt2199998
782204,Stiff Jobs,,0,tt1312244
782442,Monstrous Disunion,,0,tt11983318
782667,White Devil,,0,tt4194162
783638,id 783638,,0,tt26455850
783990,8 Pounds of Flesh: Purgatorium,,0,tt1673731
784593,The Sphere of the Lycanthrope,,0,tt1458666
785757,id 785757,,0,tt0400490
786573,HellKat,,0,tt8804830
786990,Fetalboy Goes to Hell!,,0,tt43628106
787180,Locked Inside,,0,tt13024386
787283,Psikopat,,0,tt7144916
787465,id 787465,,0,tt1045662
787469,id 787469,,0,tt1045661
788527,Damien,,0,tt13628490
790894,Paradise Cove,,0,tt9690790
790953,Fountaine and the Vengeful Nun Who Wouldn't Die,,0,tt13915290
792492,Rivershine,,0,tt5929810
792667,File Box,,0,tt1455806
792739,The Ghost Tank,,0,tt11845846
792741,Markham,,0,tt4017332
792742,Human Hibachi,,0,tt8941294
793370,Romano Sagrado: Talim sa dilim,,0,tt0383602
793896,Triassic Hunt,,0,tt13399406
793914,Blue Lake Butcher,,0,tt0476961
796734,id 796734,,0,tt9666750
797502,Surprise,,0,tt6888762
798443,The Doll Fucking Movie,,0,tt7352904
798529,Creature in the Dark,,0,tt12357496
799933,Collateral Consequences,,0,tt1476427
800319,The Dead of Night,,0,tt8510196
802055,Hell Hath No Fury,,0,tt14029990
802108,Hyde,,0,tt8338100
802226,Bingo Hell,,0,tt13372992
802605,Revenge of the Devil Bat,,0,tt4940000
802724,Blood Panther: The Way of the Cannibal,,0,tt17061450
802954,Swiperight,,0,tt5129792
803229,The Blair Rabbit Project,,0,tt27358770
803912,Ghost Tale,,0,tt6423112
807412,id 807412,,0,tt6192944
809393,Conjuring: The Book of the Dead,,0,tt11540274
809668,Pungo: A Witch's Tale,,0,tt10554196
810499,The Gingerweed Man,,0,tt14253862
811068,The Found Footage Phenomenon,,0,tt12882656
812795,It Never Sleeps,,0,tt3726322
812969,7th and Westlake: Nino's Revenge,,0,tt6119906
814029,White Terror,,0,tt8885020
814048,Dark Mountain,,0,tt12623316
814891,Howl,,0,tt8079664
816365,She Watches from the Woods,,0,tt11166750
818331,Insomniac Frightmare Killers,,0,tt13626382
819371,The Turn of the Screw,,0,tt0373403
820385,The Haunting of Alice Bowles,,0,tt13342216
821479,Tainted Blood,,0,tt13013806
822554,Stalked by My Doctor: Just What the Doctor Ordered,,0,tt14525460
823040,Dark Night of the Pumpkinman,,0,tt1910523
823393,Veronika,,0,tt14486338
824657,Weird Ones,,0,tt0211116
826777,The Sleep Experiment,,0,tt8290478
828305,Rushed,,0,tt10430850
828683,Brew House,,0,tt4419958
829053,Cult of the Shadow People,,0,tt6850640
830821,Toy Box Killers,,0,tt9405714
831055,Graveyard Stories 2,,0,tt12324204
832543,VideoDome Rent-O-Rama,,0,tt1506988
833804,This Is GWAR,,0,tt12104436
835243,The Slayer Chronicles - Volume 1,,0,tt11419500
836008,Ghost Box,,0,tt7304498
836221,Bigfoots and Yetis,,0,tt13293766
836998,Moonshine,,0,tt0493027
840705,Blink Twice,,0,tt14858658
842200,Casting Couch Slaughter 2: The Second Coming,,0,tt14779388
842493,Ribblehead,,0,tt14186922
843878,id 843878,,0,tt0139315
844398,Shattered,,0,tt14923008
844918,Alien Whispers,,0,tt14409080
845004,Shellter,,0,tt1378339
846045,Dismembered,,0,tt0363570
847314,Hacksaw: Documentary of a Psycho Killer,,0,tt2778964
847339,Flatmates Wanted,,0,tt0436320
848278,Jurassic Hunt,,0,tt14442328
849042,Skinwalker,,0,tt12466240
849496,A Folk Horror Tale,,0,tt15145278
849847,id 849847,,0,tt1965196
850099,id 850099,,0,tt4940336
852888,id 852888,,0,tt13679286
854251,Scavengers,,0,tt15042616
855435,Faces of Death,,0,tt14619456
856082,Was Live,,0,tt5810068
857501,Drifter,,0,tt3143384
857821,Limestone Burning,,0,tt2418098
858020,id 858020,,0,tt6816836
858296,Reap of Evil,,0,tt13557350
858600,Already Dead,,0,tt6975466
859430,Boogers of the Antichrist,,0,tt10999932
859431,Sicko the Bloodclown,,0,tt18070258
860177,Girl with a Straight Razor,,0,tt13437796
860767,id 860767,,0,tt14017190
860861,Hans Crippleton: Talk to the Hans,,0,tt3388008
861454,Apophenia,,0,tt13049708
862404,Thrill Kill Video Club,,0,tt0103082
862529,The Welder,,0,tt11091504
862533,The Brand of Satan,,0,tt0007744
863371,2001 Faces,,0,tt0495058
864142,The Ghost Breaker,,0,tt0004013
864207,Fourth Session,,0,tt2281167
864536,Thug,,0,tt6296928
864850,The Last Spark,,0,tt10453044
869434,Unknown Dimension: The Story of Paranormal Activity,,0,tt11272066
869538,id 869538,,0,tt5463338
872253,Animus,,0,tt15155890
872376,Snakes and Ladders,,0,tt5883326
872642,id 872642,,0,tt1478835
873639,Space Zombies: 13 Months of Brain-Spinning Mayhem!,,0,tt0460571
873808,Bigfoot vs Megalodon,,0,tt13729678
876283,Beneath the Old Dark House,,0,tt3789698
876708,The Shadow,,0,tt13742638
877626,id 877626,,0,tt9598958
879203,Bad Ben: The Way In,,0,tt10325070
879538,Crawlspace,,0,tt14394620
879912,Without Mercy,,0,tt0473565
880623,id 880623,,0,tt7256006
882488,Night,,0,tt0127048
882835,Paradise Lost,,0,tt17823062
884288,What Tomorrow Brings,,0,tt3578576
885938,Fang,,0,tt11706558
886142,The Hauntings in Madhya Pradesh,,0,tt14813790
886581,Tickles the Clown,,0,tt13944642
886778,Sins of the Father,,0,tt13839336
886873,The Thing Inside Us,,0,tt15033924
887690,id 887690,,0,tt13920686
888192,In the Name of Satan,,0,tt9871396
888368,id 888368,,0,tt9871442
889418,Love Hurts,,0,tt14112680
889753,Night Night,,0,tt11612890
893861,Chupa,,0,tt21229186
893985,Evil Online,,0,tt7659376
899324,Tape Head,,0,tt16043152
899977,Anglerfish,,0,tt16137982
900273,Tunnel To The Inferno,,0,tt10394176
903500,Return of the Salem Witch,,0,tt15765370
903513,Amityville Scarecrow 2,,0,tt15710808
905044,Ingloda: The Possession Within,,0,tt3010436
907390,The Beetle,,0,tt0247195
910355,Ghoul House,,0,tt15564408
912404,Blank Page,,0,tt14520384
913568,Life in the XXI Century,,0,tt12333022
915984,Sister Krampus,,0,tt16245936
917324,The Incel Tapes,,0,tt15799508
919076,id 919076,,0,tt8525556
919873,Arctic Void,,0,tt9183978
920470,The Creature Of Sherwood Lake,,0,tt15847192
922562,Nightshade,,0,tt9707456
922848,Deadly Doula,,0,tt12280196
923995,Infrared Dreams,,0,tt8706138
924033,The Curse of the Mummy Cat,,0,tt15474792
925457,Sinphony: A Clubhouse Horror Anthology,,0,tt14202334
926003,id 926003,,0,tt12617236
926166,id 926166,,0,tt10805176
926682,Night of the Tommyknockers,,0,tt13240610
926827,Ghosts of Amityville,,0,tt14960286
927287,Ensuring Your Place in Hell,,0,tt41462387
927516,Manhunt,,0,tt10896582
927849,Pines,,0,tt2118741
930314,Abduction 2: Revenge of the Hive Queen,,0,tt6852154
931295,The Latent Image,,0,tt15682790
931510,Bae Wolf,,0,tt14715444
932994,In Search of All American Massacre: The Lost Texas Chainsaw Film,,0,tt13902622
933726,Weredeer,,0,tt14972090
934131,Soft & Quiet,,0,tt14557188
934241,id 934241,,0,tt12290974
934781,Queen of Phoenix: Against Destiny,,0,tt11180260
934957,The Darker the Lake,,0,tt10231726
936615,The House Sitter,,0,tt12502466
938049,Donor,,0,tt16385926
939616,id 939616,,0,tt7775516
939621,id 939621,,0,tt7775532
940382,Epokalipsa,,0,tt10064948
940402,Forbidden Lust,,0,tt5914346
940561,The Green Monster,,0,tt1303721
941060,The Hitchhiker,,0,tt12176712
941062,The Doomsloop,,0,tt2212084
943233,Unsheltered,,0,tt10343124
943527,The Man in Room 6,,0,tt19710434
946253,Jurassic Island,,0,tt10270416
947335,id 947335,,0,tt0008742
947884,Wedding 93,,0,tt8933716
949544,Debbie Does Demons,,0,tt12391962
949574,id 949574,,0,tt13144236
950198,"What Have You Done, Daniel?",,0,tt19315958
950680,id 950680,,0,tt12197972
950711,Am I Evil,,0,tt1141633
953367,Night Things,,0,tt1103272
954369,id 954369,,0,tt5060874
955820,Frankenthug,,0,tt19058694
955991,The Offering,,0,tt13103732
956547,Chameleon,,0,tt1518194
956835,Anna and The Dead,,0,tt27051672
957598,Toilet Zombie Baby Strikes Back,,0,tt12617956
960486,Charlie,,0,tt13885330
961512,Jagoff Massacre,,0,tt3250108
961613,A Haunting in Ravenwood,,0,tt15845768
963591,Those Who Call,,0,tt12986194
965455,Medium,,0,tt13680732
967967,Fatal Delusion,,0,tt0263335
969245,Images of Death: Highway of Blood,,0,tt0395593
969686,4 Horsemen: Apocalypse,,0,tt19766560
970806,In the Dead of Night,,0,tt1507951
972488,Toxica,,0,tt11006566
972617,La Bamba 2: Hell Is a Drag,,0,tt2619682
972701,Death Park: The End,,0,tt13863374
972988,Violence Men,,0,tt17060084
973093,Beyond Evil: The Dead of Night,,0,tt4222512
974037,Dome House Six,,0,tt15422348
976714,id 976714,,0,tt3853386
977554,Machination,,0,tt12919778
977786,Septic,,0,tt22171470
978928,The Huntress of Auschwitz,,0,tt11981274
978938,Razzennest,,0,tt19445266
979499,The AGFA Horror Trailer Show: Videorage,,0,tt43349235
979760,Tooth Fairy: Drill to Kill,,0,tt18078462
980144,"Demonic Plastic Surgeon, M D",,0,tt14113458
980150,Jack and Jill: The Hills of Hell,,0,tt15710822
980168,The Cult of Humpty Dumpty,,0,tt16158856
980173,Dinosaur Hotel II,,0,tt16047762
980325,Grim Reaper,,0,tt15757644
981319,The Rise of the Beast,,0,tt15058024
981322,id 981322,,0,tt16158836
981696,The Haunted Bedroom,,0,tt0010215
983496,Lanier,,0,tt15908740
983527,Werewolf Cabal,,0,tt14348594
983539,Dark Parks,,0,tt20853284
984555,The Stranger,,0,tt9728306
984961,Stag,,0,tt19853336
985059,Deadly Nightshade,,0,tt14328410
985892,Splinter,,0,tt4519736
986805,Snow Blinded,,0,tt9636302
987330,Trash Arts Killers: Volume Three,,0,tt22816824
987772,Cannibal Roommate,,0,tt37157709
988092,The Witching Hour,,0,tt0007576
988480,id 988480,,0,tt1753868
988591,Mega Lightning,,0,tt19119598
988777,Alien Shark,,0,tt16102870
990521,id 990521,,0,tt13351974
990577,I Was A Teenage Gorehound,,0,tt33472002
991170,id 991170,,0,tt11067932
991291,#No_Filter,,0,tt18940322
991294,The Goetia Diaries,,0,tt19895854
991611,Hollywood Horror,,0,tt8310986
992707,Regicide,,0,tt14070824
992709,What's Love,,0,tt5929764
993259,Harvest,,0,tt23789708
993324,Wasterville,,0,tt23791802
993871,Axegrinder 3,,0,tt18664082
994348,Who Kidnapped My Mom?,,0,tt21198718
996885,Watchdog,,0,tt20234128
997390,Demon Pit,,0,tt13917796
998134,id 998134,,0,tt17719794
998293,id 998293,,0,tt19408886
998390,VACANT,,0,tt15145268
999136,Do Not Enter,,0,tt3515878
999869,Anacoreta,,0,tt22533006
1001547,Bad Ben: Undead,,0,tt27489459
1001669,Bloody Mary Returns,,0,tt16951470
1001688,Doomed to Consume,,0,tt0465506
1002135,Faded Memories,,0,tt15399018
1002258,The Ghost Writer,,0,tt5244196
1002644,id 1002644,,0,tt9611872
1003114,Happy Ever After,,0,tt5599714
1003233,Things 666,,0,tt15461828
1003838,Night of the Bastard,,0,tt16420502
1003849,Cerebrum,,0,tt21305808
1003960,Haunted Evil Dead,,0,tt27851108
1004269,The Jessica Cabin,,0,tt14199960
1004466,Headless Horseman,,0,tt20860096
1004691,Christmas Craft Fair Massacre,,0,tt21365830
1007931,Teddy Told Me To,,0,tt21293382
1008169,Attack of the Killer Chickens: The Movie,,0,tt8830290
1008368,Mawkib Al-Ebaa,,0,tt3110446
1008876,The Surgeon,,0,tt13311710
1009719,Morbid,,0,tt15415012
1010673,id 1010673,,0,tt0009617
1010755,The Strangers: Chapter 3,,0,tt28682323
1011213,Human Hibachi 2: Feast in the Forest,,0,tt15052620
1011219,The Way Out,,0,tt14578410
1011566,Low Life,,0,tt6165892
1012706,Brightwood,,0,tt14736734
1013589,The Legacy of The Texas Chain Saw Massacre,,0,tt21818964
1014501,Grotesque,,0,tt9557068
1014503,One Shot: Fear Without Cut,,0,tt21856148
1014975,id 1014975,,0,tt18282266
1015081,Spoonful of Sugar,,0,tt21815772
1015254,Mask of the Devil,,0,tt13826760
1015261,Save Me from Everything,,0,tt15767652
1015360,The Blind Date Strangler,,0,tt38034312
1016686,Subject 101,,0,tt11261538
1017635,Natasha Nighty's Boudoir of Blood 2,,0,tt22023940
1018149,Dracula in the Movies,,0,tt12652730
1018416,Slaughter Beach,,0,tt10724432
1019967,Summoners,,0,tt14713848
1020182,The Christmas Tapes,,0,tt18938222
1020410,Easter Bunny Massacre: The Bloody Trail,,0,tt21844302
1020857,House of Horrors: The Movie,,0,tt1562331
1021335,id 1021335,,0,tt15599638
1021532,id 1021532,,0,tt15574218
1022827,Dementia: An Experiment in Terror,,0,tt0443480
1024702,Ribspreader,,0,tt22940988
1025832,id 1025832,,0,tt20228352
1026421,Land of Celtic Ghosts,,0,tt13530640
1026891,Demon Dolls,,0,tt4360438
1026938,The Macabre,,0,tt11295396
1027385,Dangerous Game: The Legacy Murders,,0,tt16375952
1028703,The OctoGames,,0,tt18559720
1029038,Deadtime Stories: Grave Secrets,,0,tt2017492
1029536,id 1029536,,0,tt21867544
1030149,Holy Shit.... Zombies!,,0,tt14508766
1030250,Freeze,,0,tt21379248
1030537,id 1030537,,0,tt3176998
1030721,Banned from Television: Prison Files II,,0,tt28113568
1030789,Doctor Deathface,,0,tt20159738
1031283,Sadistic: The Exorcism Of Lily Deckert,,0,tt11443106
1031702,KillHer,,0,tt14998356
1031876,Minacious,,0,tt21239560
1032061,Odd Noggins,,0,tt18311522
1032419,3 Wishes II,,0,tt27078055
1032612,id 1032612,,0,tt15975334
1032876,Cryptid,,0,tt4974812
1032988,id 1032988,,0,tt15295550
1033244,Dead Kids 2,,0,tt38984087
1033413,The Unfinished,,0,tt15106604
1033494,Welcome to Deer Creek,,0,tt37475871
1033636,WJHC AM,,0,tt13449566
1033883,Satan Lives: The Rise of the Illuminati Hotties,,0,tt21257868
1033909,Dreaded Light,,0,tt8682922
1034542,Mother,,0,tt3867434
1034673,Bathtub Shark Attack,,0,tt15534562
1034725,SlashFM,,0,tt22749076
1034771,Bloody Shadows,,0,tt6757254
1035420,id 1035420,,0,tt1333039
1035450,Giantess Attack vs. Mecha Fembot,,0,tt9331776
1035462,The Domestic,,0,tt14927016
1035499,Polk Road: The Homecoming,,0,tt3503004
1035583,Here for Blood,,0,tt15658626
1035595,The Abstraction,,0,tt4704862
1035641,Sleep. Walk. Kill.,,0,tt13875040
1035654,The Apology,,0,tt22494914
1035689,The Damned - A Night Of A Thousand Vampires Live In London,,0,tt22694438
1035903,The Quiet Ones,,0,tt1094597
1036291,The Quantum Terror,,0,tt5015218
1036293,The Unintended Sequel,,0,tt15403536
1036685,"Horrorathon, Volume One",,0,tt12085530
1036809,The Devil's Door,,0,tt21307234
1036814,Induced,,0,tt14966664
1036820,Below,,0,tt8728642
1036985,id 1036985,,0,tt21201696
1037125,Live Escape,,0,tt21030240
1037459,id 1037459,,0,tt21085554
1037578,Marvin,,0,tt13229082
1037664,Welcome to the Game,,0,tt21927820
1037841,Retro Freaks,,0,tt19414026
1037903,Our Trip to Berribrook,,0,tt21855432
1038002,Tahoe Joe,,0,tt21329580
1038043,#Float,,0,tt15289312
1038048,Life's a Bitch Then You Die,,0,tt33290575
1038116,Death Camp,,0,tt5870756
1038134,The Mount,,0,tt19284168
1038217,Zo in Exile,,0,tt13533622
1038272,id 1038272,,0,tt17519480
1038378,Bliss of Evil,,0,tt15404618
1038460,DVD 2,,0,tt8108282
1038473,The Exorcists,,0,tt15670322
1038869,Blood on the Carpet,,0,tt22983658
1038972,10 Eyes,,0,tt15427078
1039233,The Complex,,0,tt2258751
1039368,Black Forest,,0,tt2359358
1039380,Shedim,,0,tt6159152
1039425,The Audition,,0,tt13160874
1039454,Deep Red Murders,,0,tt27051139
1039790,id 1039790,,0,tt22503530
1039792,The Castle,,0,tt14760292
1039795,Mascara Diablo,,0,tt0482545
1039811,ReZistance,,0,tt3173562
1039821,id 1039821,,0,tt19720418
1039871,id 1039871,,0,tt12829654
1039928,London After Midnight,,0,tt6670260
1040150,The Hospital,,0,tt22336452
1040155,Blood Dreams,,0,tt26470455
1040161,Horus,,0,tt22199190
1040176,Black Clown,,0,tt21047844
1040182,10/31 Part 3,,0,tt14402976
1040197,Postscript,,0,tt4931948
1040632,id 1040632,,0,tt13404340
1040821,House of Clowns,,0,tt22640784
1040884,Quarantine-19,,0,tt12695436
1040961,id 1040961,,0,tt22441984
1041195,Fatal Influence: Like. Follow. Survive.,,0,tt13045058
1041446,The Blackwell Ghost 7,,0,tt23114968
1041680,Deadly Dealings,,0,tt14201936
1041905,id 1041905,,0,tt14549752
1041968,Masked Ghost Lady Presents Scary Stories,,0,tt22059986
1041971,J. Daughter presents Scary Stories,,0,tt22061140
1041972,Worth Each Penny Presents Scary Stories,,0,tt22073156
1042028,Kill Me Slowly,,0,tt24248480
1042179,Worst Laid Plans,,0,tt23119206
1042369,Pandemic Undead,,0,tt12008892
1042555,id 1042555,,0,tt10753760
1042736,Fatalities and Phantasms,,0,tt19246910
1043608,id 1043608,,0,tt21610644
1043984,Cocaine Crabs From Outer Space,,0,tt28651516
1044305,id 1044305,,0,tt8417538
1044433,Gap Year 2018.mov,,0,tt15415176
1044533,"Like Father, Like Daughter",,0,tt15527318
1044714,Final,,0,tt3904182
1044719,Abstractions,,0,tt9819664
1044873,The Invited,,0,tt9695104
1044945,id 1044945,,0,tt9381994
1045275,Carter,,0,tt21237030
1045572,id 1045572,,0,tt4756326
1045777,Hunting Grounds,,0,tt1540423
1045801,Church of Darkness,,0,tt5593596
1046297,The Day Lacey Called,,0,tt8791350
1046594,Bride of the Killer Piñata,,0,tt16375598
1046603,Split,,0,tt23138450
1046810,Bigfoot: The Monster Within,,0,tt12893770
1046896,Apocalypse Unknown,,0,tt21418328
1046909,Acronychal,,0,tt28504870
1046969,Lady Hyde,,0,tt21001736
1047365,Franny Kruugerr presents Scary Stories,,0,tt22059560
1047662,Baobhan Sith,,0,tt4817046
1048097,After School Lunch Special,,0,tt9073068
1048099,Babezilla vs The Zombie Whorde,,0,tt21603458
1048448,The Legend of Viper's Hill,,0,tt1156317
1048582,id 1048582,,0,tt16481662
1049070,Enter Room 6: The Making of The Man in Room 6,,0,tt22392750
1049075,A Night of the Undead,,0,tt14871494
1049501,He Knows,,0,tt12221126
1049591,Hellfire Hades Attacks The 1980's,,0,tt23730148
1049622,It's Not Over,,0,tt14281262
1050249,Slaughter,,0,tt1581640
1050443,Forgotten,,0,tt20869378
1050464,Hypnotica,,0,tt11295854
1050676,Leviticus,,0,tt22494762
1050752,id 1050752,,0,tt23725406
1051483,The House Across the Bridge,,0,tt20233442
1051518,#ChadGetsTheAxe,,0,tt16194990
1051735,Doll Shark,,0,tt22028678
1052157,Subject,,0,tt10972912
1052244,Sakobi: The Snake Girl,,0,tt8239968
1052559,id 1052559,,0,tt18279118
1052633,Last Burial,,0,tt21920400
1053244,Martian Massacre,,0,tt13521858
1053734,Bootleg Death Tape,,0,tt2358900
1053846,13 Tracks to Frighten Agatha Black,,0,tt10194058
1054109,The Graves of Edgar Allan Poe and the Women Who Haunted Him,,0,tt23289162
1054624,Terror Train 2,,0,tt23854314
1054947,Door Into Darkness,,0,tt16174422
1055108,Mold,,0,tt22815438
1055206,The 12 Slays of Christmas,,0,tt22259668
1055363,id 1055363,,0,tt15567172
1055424,Plum,,0,tt2293288
1055510,The Cottage,,0,tt14629808
1056502,Paranoia Tapes X: The Night Stalker Case Investigation,,0,tt34206380
1056561,The Etruscan Mask,,0,tt1031240
1056569,Battle for Pandora,,0,tt23924182
1056838,"Mark of the Devil 777: The Moralist, Part 2",,0,tt22179252
1057626,id 1057626,,0,tt10763342
1058152,Prince of the Crimson Void,,0,tt23861264
1058343,id 1058343,,0,tt12350732
1058372,Gore Grind 2,,0,tt21355766
1058717,Terrifying T-Rex,,0,tt15479558
1059407,Party Bus,,0,tt21100460
1059537,Kill Time,,0,tt21405814
1059990,The Mothman Tapes,,0,tt21250666
1060205,Abnormality,,0,tt20224190
1060341,Terror of the Master,,0,tt23624992
1060351,The Bhen-Jah-Man,,0,tt22475156
1060421,id 1060421,,0,tt24248198
1061125,Night of the Axe,,0,tt14480518
1061429,Copley: An American Fairytale,,0,tt0984183
1062084,id 1062084,,0,tt21727728
1062137,Jije,,0,tt11891068
1062181,Zombie Drug Lord,,0,tt6971712
1062413,Heretic,,0,tt16742890
1062839,2025 Armageddon,,0,tt24057390
1062970,Watch Out,,0,tt13677300
1063589,Devil’s Knock,,0,tt5776574
1063731,The Judgment,,0,tt5712928
1064775,Vapor Green,,0,tt21616614
1065610,Nervous,,0,tt36300272
1066767,S5,,0,tt15566126
1067337,The Spirit Board Sessions,,0,tt13878098
1067568,"Horrorathon, Volume Two",,0,tt13667500
1067571,Spirit's Revenge,,0,tt14961454
1067575,Previews of Coming Attractions,,0,tt13509236
1067825,Night of the Falling Stars,,0,tt13839382
1067828,id 1067828,,0,tt6868218
1068623,Self Isolated,,0,tt12804904
1068936,They Don't Cast Shadows,,0,tt15072850
1068952,Haunted Hotties,,0,tt24018636
1069350,Tales from Middleton High,,0,tt21062614
1069510,Let Us In!,,0,tt28789378
1069825,Tiffany the Doll,,0,tt16979798
1071115,Hunting Day,,0,tt19896522
1071529,Dreaming of Death: Bob Clark's Horror Films,,0,tt22468998
1072949,id 1072949,,0,tt9426170
1073077,Mortified,,0,tt3268078
1074533,Beyond Dark Dreams,,0,tt14287002
1074609,Demons at Dawn,,0,tt15526930
1075356,Senseless,,0,tt20673836
1076318,Dracula Unearthed,,0,tt39365025
1077191,Streetwalker,,0,tt17511968
1077350,The Devil's Instrument,,0,tt19432908
1077470,Hood Vamps,,0,tt27051794
1077874,DV4: Electric Nightmares,,0,tt7526220
1078079,Stranger,,0,tt21220892
1078203,De Profundis: Out of the Depths,,0,tt1756469
1078318,Blood Daughter,,0,tt6839852
1078907,Plague of the Dead,,0,tt12467358
1079158,Haunted Valley,,0,tt23173132
1079250,Dangerous Lies Vol. 2,,0,tt6954640
1079613,Trolled,,0,tt14272304
1079640,Sophie and the Serial Killers,,0,tt13364008
1079707,The Stationary Bike,,0,tt16282434
1079915,Harlow's Haunt,,0,tt18398938
1079937,The Monster Mash,,0,tt20117176
1079940,New York Blood,,0,tt1318030
1080284,With You,,0,tt0808542
1080816,VHS Violence: Bootlegged,,0,tt23215098
1081069,Bleed Out,,0,tt2139683
1082701,Fear Itself,,0,tt1287480
1082925,Brimstone Creek Rd,,0,tt6923846
1083381,Backrooms,,0,tt26657236
1083699,Witches,,0,tt0493080
1083729,Brutal Bigfoot Encounters: Mutations and Mutilations,,0,tt21441218
1083733,HE COMES TO KILL,,0,tt22973154
1083816,Haunted,,0,tt0178558
1083818,The Boy in the Tiny House and the Monster Who Lived Next Door,,0,tt20872274
1083819,The Final Haunt,,0,tt15909454
1084187,Pretty Lethal,,0,tt26678938
1084287,Audition Tape 13,,0,tt16288978
1084741,Tales of the Inexplicable,,0,tt15309882
1085067,Voodoo Swamp,,0,tt4710960
1085252,The Devil's Stomping Ground,,0,tt22985272
1085788,Dead Tongues,,0,tt7317254
1087293,id 1087293,,0,tt15839650
1088179,The Legacy,,0,tt13211846
1088944,id 1088944,,0,tt25399036
1089134,id 1089134,,0,tt32064054
1089187,Ghost Crew,,0,tt13195436
1090273,id 1090273,,0,tt2871648
1090658,The Murderous Revenge of Lizzie Stillborn,,0,tt6784906
1091546,It Came Upon a Midnight Clear,,0,tt12813706
1092892,The United States of Horror: Chapter 2,,0,tt13110510
1094265,Zombie Games,,0,tt25393900
1094678,Milgram and the Fastwalkers 2,,0,tt15213620
1094787,id 1094787,,0,tt21813072
1094984,Who Else To Blame?,,0,tt1738381
1095036,Mondo Sacramento,,0,tt2152082
1095775,Amber Road,,0,tt11416582
1096022,The Burned Over District,,0,tt13705574
1096486,The Stone House,,0,tt0887163
1096630,Love Blade,,0,tt1458497
1096890,"What Happens in the Mountains, Should Stay in the Mountains Part ll",,0,tt27048406
1097092,The Hunchback of Bel Air,,0,tt14694478
1097191,Meathook Massacre: Next Generation,,0,tt27051294
1097199,id 1097199,,0,tt18926614
1097251,The Last Road to Hell,,0,tt1342887
1097745,Project Heat: Halloween 2,,0,tt27062735
1097789,Red Water 12,,0,tt24948352
1097964,Black Magic,,0,tt27076692
1097971,Hell Toupee,,0,tt27077697
1097983,Cheap Thrills: Those Drive-in Horror Flicks,,0,tt19393738
1098018,id 1098018,,0,tt18548760
1098024,Call Me 2 The Purge,,0,tt22955590
1098055,Idle Girl,,0,tt13484022
1098072,Spooky+,,0,tt23117800
1098117,American Terror Tales,,0,tt27077464
1098118,"Boobs, Blood, and Mayhem",,0,tt12847806
1098163,Tales From All Hallows Eve,,0,tt27090100
1098898,Mark of Death,,0,tt6170878
1098988,Scrotum: The Second One,,0,tt21861486
1099085,Evil on Queen Street: Domination,,0,tt1505338
1099228,Black Dog,,0,tt18332884
1099688,Blur,,0,tt9465624
1100046,Oops! You're A Vampire,,0,tt21358376
1100125,Lady M,,0,tt1982756
1100244,Bedridden,,0,tt13962396
1101540,The Sierra Nevada Murders,,0,tt10762362
1102526,Demonoids,,0,tt1110046
1102838,id 1102838,,0,tt7149594
1102905,id 1102905,,0,tt25384570
1103117,id 1103117,,0,tt12986726
1103160,Three Days in the Woods 2: Killin' Time,,0,tt17350200
1103463,Phases of Death - Phase One: Through the Coroner's Eyes,,0,tt0382903
1104052,id 1104052,,0,tt18569484
1105060,The Killer Balloon,,0,tt19370248
1106012,The Promise Keeper,,0,tt0839957
1106213,Wolf Mountain,,0,tt14298216
1107166,Psycho Killer,,0,tt1764551
1107359,id 1107359,,0,tt14702840
1107637,50 Shades of Scarlett,,0,tt7594322
1107787,id 1107787,,0,tt15800228
1109493,Wanderlost,,0,tt1540093
1109927,After School Lunch Special 2: Sloppy Seconds,,0,tt11951960
1110052,id 1110052,,0,tt19408600
1110099,"""Gumdrop"", a short horror",,0,tt11120888
1110171,Necromance: A Love Story,,0,tt5303420
1110546,Gabrielle,,0,tt3004010
1111446,Unearthly Harvest,,0,tt0452062
1111687,The Zombie Vlogs,,0,tt2401801
1112204,Saturnalia,,0,tt12986770
1113771,id 1113771,,0,tt16918304
1114096,The Invited,,0,tt7270506
1114313,Meltdown: A Nuclear Family's Ascension into Madness,,0,tt15161498
1115208,Attack of the Scarecrow from Mars,,0,tt16024964
1115827,Grim Reaper 2,,0,tt21832248
1115980,No More Time,,0,tt16528140
1116201,Iron Lung,,0,tt27564844
1116536,P.U.L: Project Urban Legend,,0,tt3555126
1117627,Demonic Passion,,0,tt13514454
1120025,Arbor Day,,0,tt19637512
1120080,Torture,,0,tt3112286
1120246,Bury Me Twice,,0,tt9319544
1120409,Pursuit: The Search for Bigfoot,,0,tt15184434
1121322,Motor Home From Hell,,0,tt32230914
1121697,Neverending Night: The Making of Blair Witch,,0,tt7239138
1121753,Motion Detected,,0,tt13399128
1122242,Tales from the Grave,,0,tt0339761
1122867,Snowblind,,0,tt8598918
1123380,"Come, Play!",,0,tt26629920
1123903,The Unwanted,,0,tt10840256
1125609,id 1125609,,0,tt24325840
1125627,DreamQuil,,0,tt27733119
1126010,Plot Front,,0,tt42466961
1127279,Genevieve,,0,tt14720664
1127384,Deep Water,,0,tt29516222
1128168,Dark House,,0,tt27789087
1128181,The Devil Lives Upstairs,,0,tt27789176
1128204,Feed,,0,tt30505578
1128300,The Empty Space,,0,tt9586350
1129136,House of Pancakes,,0,tt0119323
1129183,Zombie Bounty Hunter M.D.,,0,tt4007328
1129250,Dead Flesh,,0,tt0437149
1130097,All Your Friends Are Dead,,0,tt19409324
1130173,id 1130173,,0,tt2224409
1131142,6 Wheels From Hell!,,0,tt12730580
1131907,The Grove,,0,tt30841819
1131927,Violent Justice,,0,tt3411028
1133667,id 1133667,,0,tt6759838
1134546,Scream,,0,tt22098310
1134902,Hunting,,0,tt5004188
1135190,Pumpkin Creep,,0,tt18394418
1135223,Lyla,,0,tt15559878
1135900,id 1135900,,0,tt0109572
1135963,In the Closet,,0,tt1323927
1137076,id 1137076,,0,tt19488430
1137458,Gore Theatre 2,,0,tt10816616
1137688,Cove Road,,0,tt2075144
1137799,Cult of Nightmares,,0,tt9530586
1138936,Beneeth,,0,tt1832901
1139098,Verge of Darkness,,0,tt2712528
1139099,Moonfreak: Creature From Hell,,0,tt10280814
1139129,Arachnado 2: Flaming Spiders,,0,tt13904218
1139138,Occult Holocaust,,0,tt4360428
1141267,The Demon Within,,0,tt1117571
1141416,Mystery Solved,,0,tt22246144
1141741,Sunday Scaries,,0,tt23320342
1142400,Resident Horror,,0,tt1796596
1142694,Silent Horror,,0,tt0899222
1143801,Quakeasaurus,,0,tt16825746
1144340,id 1144340,,0,tt13194326
1144519,Dream Stalker,,0,tt20860048
1144527,The Drift,,0,tt2294855
1145542,Next Door,,0,tt8531398
1146433,Human No More: The Feature,,0,tt8396416
1147276,Twisted Minds,,0,tt2497956
1147590,Ouija Experiment,,0,tt10682030
1149276,The Strange Case of Dr. Jekyll & Mr. Hyde,,0,tt16994096
1149940,Mothman Vs Bigfoot,,0,tt21215814
1149943,If I Was Your Girl Again,,0,tt11469580
1150504,They want my eyes,,0,tt1542885
1150832,Bloodfeast!: The Adventures of Sgt. Lunch,,0,tt29765031
1151320,Midnight Monster,,0,tt23214770
1151326,id 1151326,,0,tt10079028
1151329,Horror Movie Workout,,0,tt27729859
1151505,Bodyjackers,,0,tt0352213
1151709,Tales for the Campfire,,0,tt6047468
1152470,Mark of the Beast,,0,tt30023791
1154456,Natzee Zombie Carnage,,0,tt12093582
1154994,id 1154994,,0,tt2916338
1154996,id 1154996,,0,tt3872950
1155261,Severed Lives,,0,tt1412518
1156834,The Smell of Death,,0,tt32985161
1156991,Midnight Abyss,,0,tt1852843
1158326,Poor Herman,,0,tt21808698
1158776,Baby's Breath,,0,tt0353214
1159559,Scream 7,,0,tt27047903
1159831,The Bride!,,0,tt30851137
1160134,Strange Stories,,0,tt1880339
1161145,12 Inches of Dangling Fury,,0,tt0398625
1162685,Storage Locker,,0,tt19816262
1163256,id 1163256,,0,tt15470550
1163775,id 1163775,,0,tt9598838
1164176,Monster Mania,,0,tt12651036
1166528,Hillbilly Frankenstein from Hell,,0,tt23456170
1168089,Wolfika,,0,tt0846743
1169681,The Barghest,,0,tt11700882
1170057,Maniac: The Making of Documentary,,0,tt3257412
1171230,id 1171230,,0,tt1921018
1171233,TriTonia,,0,tt20723280
1172466,Horror Anthology Volume 1,,0,tt20501878
1172652,Death Rattle LSD,,0,tt1874459
1172918,Children of Darkwood House,,0,tt8244744
1173070,id 1173070,,0,tt0858490
1174093,id 1174093,,0,tt27144141
1174161,The Infiltrators,,0,tt0491556
1174240,Vampire Zombies...from Space!,,0,tt11096628
1174278,Marrtown,,0,tt4472486
1175237,id 1175237,,0,tt19413808
1175601,Witch of the Woods,,0,tt12733242
1176393,I Know What You Did Last Winter,,0,tt0415864
1176464,id 1176464,,0,tt1097002
1177275,id 1177275,,0,tt14962046
1177512,Squatters,,0,tt8006034
1179110,Brackish,,0,tt3094994
1179119,The Abandoned,,0,tt1424000
1179170,Death Park: The Beginning,,0,tt16711066
1179252,id 1179252,,0,tt0430790
1180483,id 1180483,,0,tt1270290
1180572,id 1180572,,0,tt1273816
1181555,Among the Fallen,,0,tt1908455
1181566,I Know Exactly How You Die,,0,tt26671990
1182601,id 1182601,,0,tt26900234
1182646,Dracula the Impaler,,0,tt0290912
1183199,The Wolves of Savin Hill,,0,tt3800674
1183405,The Rare Blue Apes of Cannibal Isle,,0,tt29266802
1184620,The Trek,,0,tt27619219
1185020,Start Again,,0,tt6426970
1185076,The Curse of Highway Sheila,,0,tt4115820
1185192,Red Midnight,,0,tt29266597
1186332,Confessions of a Teenage Satanist,,0,tt9500358
1187097,Grindsploitation 9: Revenge of the Schlock,,0,tt14170458
1187100,Into the Park,,0,tt12975808
1189157,E.V.P.,,0,tt2473186
1189160,Heidi Slater,,0,tt4424818
1189259,Four,,0,tt5871312
1189390,Strange Harvests 1993,,0,tt37762019
1189885,The Morrigan,,0,tt29423057
1190057,Uncommon Bond,,0,tt11689968
1192222,Rappaccini's Daughter,,0,tt2689910
1192922,Raaz Darr Ka,,0,tt21145214
1193314,Zombie Plane,,0,tt11883888
1193501,Whistle,,0,tt29550683
1194931,id 1194931,,0,tt29434522
1195652,id 1195652,,0,tt29246849
1196997,Player Piano,,0,tt29613336
1198355,Charlotte's Net,,0,tt12764238
1198475,Half Dead,,0,tt3094940
1198984,We Bury the Dead,,0,tt29713093
1198994,Send Help,,0,tt8036976
1199289,A Gentle Art,,0,tt1117517
1199731,id 1199731,,0,tt1866124
1199836,Golden Times,,0,tt1642218
1199996,The Children Under the House,,0,tt21340594
1200414,The Puppet in the Pie,,0,tt16711708
1201757,In Sickness and in Health,,0,tt1080700
1202267,Ghoulish Chronicles From Bonejack High,,0,tt0490948
1202568,shuteye,,0,tt18561610
1203068,Maysville,,0,tt5283920
1205108,id 1205108,,0,tt5164480
1208394,Milwaukee Murders,,0,tt30137852
1209189,Hellbound: Adirondack Apocalypse,,0,tt5372266
1209324,id 1209324,,0,tt23053056
1209505,Cherry,,0,tt1662656
1210307,The Agreement,,0,tt0264341
1210376,Horse Town,,0,tt13368834
1211257,Helpless,,0,tt3095256
1211290,Finding GrassMan,,0,tt4404206
1211862,Fleas 2: Home Remedies,,0,tt17544636
1212366,Clay Fields,,0,tt0361448
1212461,OBEX,,0,tt29544916
1212763,Evil Dead Burn,,0,tt31170389
1213218,id 1213218,,0,tt1144542
1213415,Guts on the Ceiling,,0,tt2216320
1213559,id 1213559,,0,tt25050826
1213718,Revenge of the Necktie Strangler,,0,tt0376121
1213733,Slaughter Massacre,,0,tt1814858
1213946,Nightstalker,,0,tt1345503
1214117,The Campsite Killers,,0,tt2109216
1214926,The Id Proxy,,0,tt1265616
1214943,The Milkman,,0,tt1282068
1215034,Lawyer Luau,,0,tt35438161
1215919,My Sister's Bones,,0,tt26764007
1216595,Wolfster Part 1: The Curse of the Emo-Vamp,,0,tt0880501
1217207,id 1217207,,0,tt3304692
1217931,Vampires of the Velvet Lounge,,0,tt29762861
1218622,Home,,0,tt9001594
1218707,KillRoy Was Here,,0,tt6993240
1218787,Our Lady of Chaos,,0,tt1378306
1219062,Model Kill 2: The Return,,0,tt1051243
1219267,White Gardenia: The King James Bible,,0,tt28489473
1219663,Model Kill 3: Deadly Fantasies,,0,tt12663974
1219681,id 1219681,,0,tt22071552
1224289,Let's Go Home,,0,tt5668808
1224315,The DVD,,0,tt9471784
1224965,id 1224965,,0,tt5746510
1225148,id 1225148,,0,tt7742096
1226230,Bunker Heights,,0,tt30671809
1227460,Attack of the Radioactive Zombies,,0,tt21376124
1227471,Sunfall,,0,tt12088246
1228314,Stiletto,,0,tt30815938
1228320,Mary,,0,tt1667457
1228870,id 1228870,,0,tt21990784
1229021,Squeak and I'll Run to You,,0,tt16410938
1229626,id 1229626,,0,tt29938280
1230860,Re-Flesh,,0,tt22204640
1231558,Ermon County: Gateway of the Fallen,,0,tt3780978
1231910,Lianne,,0,tt15154616
1232569,Pinocchio: Unstrung,,0,tt30887701
1232955,"Supernaturalz: Weird, Creepy & Random",,0,tt2172079
1233883,Epitaph,,0,tt18258506
1233915,id 1233915,,0,tt6876592
1234364,Ransom,,0,tt14403394
1234559,Earth Has Fallen,,0,tt8635134
1234882,Drag Hell: Zombies Meat Lovers,,0,tt5143202
1237549,id 1237549,,0,tt15211358
1240889,Teenage Sex and Death at Camp Miasma,,0,tt35298123
1241989,The Thirteenth Clone,,0,tt37353580
1242561,The Love Object,,0,tt37738794
1242879,Blood Sick Psychosis,,0,tt18259430
1242937,The Dreadful,,0,tt30842022
1243538,id 1243538,,0,tt30470549
1243805,The Devil Ant,,0,tt4621290
1243853,Down the Chimney with a Shotgun,,0,tt21367930
1243953,id 1243953,,0,tt9735022
1244101,Flesh Eaters,,0,tt25177786
1244525,Deathkeeper,,0,tt30973613
1244706,id 1244706,,0,tt15558266
1245191,Ashcan Copies,,0,tt2602308
1245526,id 1245526,,0,tt29492968
1245802,The Bunker,,0,tt6679640
1246036,The Murderous Rampage Of Malachi Stitch,,0,tt6948418
1247436,The Uninvited,,0,tt1756831
1247729,Amityvillenado,,0,tt26776720
1248339,Survival,,0,tt0811094
1248896,id 1248896,,0,tt29952067
1249026,id 1249026,,0,tt29927832
1249508,Grizzly Night,,0,tt28500290
1250512,The Voices of Our Mother,,0,tt31474395
1253284,Zombie Beach,,0,tt1604064
1253575,Creepy Tales,,0,tt0431707
1253664,Compliance,,0,tt40389698
1253929,id 1253929,,0,tt15072128
1254933,Maya,,0,tt8426666
1255394,Ceremony of Innocence,,0,tt10939446
1255413,Liars,,0,tt1278391
1255833,id 1255833,,0,tt28535715
1256214,Observer,,0,tt11957322
1257984,id 1257984,,0,tt1125300
1258328,Pay to Play,,0,tt7331218
1259059,Once Upon a Deadtime Story,,0,tt4540966
1259256,id 1259256,,0,tt17052310
1260158,Liars II: Fit To Kill,,0,tt1543318
1260732,My Wife Is a Vampire,,0,tt1504449
1260835,777,,0,tt43634446
1261260,Blood Relative,,0,tt3360820
1261577,James O'Barr's THE CROW,,0,tt40504364
1263723,Scratch,,0,tt0388397
1264452,Hot Kiss,,0,tt0220531
1265593,Snuff Queen,,0,tt15792436
1265637,The Strange Fetishes,,0,tt0246956
1266127,Ready or Not: Here I Come,,0,tt33978029
1266167,Monster from British Hell,,0,tt14853798
1267219,Easter Bunny Bloodbath 2: No More Tears,,0,tt12063522
1267252,GoreGoyles 2: Back To The Flesh,,0,tt0963985
1267277,Snow White in the Dark Woods,,0,tt0313622
1267304,The Black Night,,0,tt0317165
1267407,Feast for the Beast,,0,tt3570272
1267887,To Beyond,,0,tt28302848
1267975,Time of the Eagle,,0,tt9251460
1268053,Winnie the Pooh: Blood and Honey 3,,0,tt31945129
1269475,id 1269475,,0,tt26425274
1271268,Penumbra,,0,tt21382564
1271315,id 1271315,,0,tt24444596
1271685,Revenge of the Animals,,0,tt4585820
1272837,28 Years Later: The Bone Temple,,0,tt32141377
1273310,Journey Into Darkness,,0,tt0230378
1275526,Trilogy of Trash,,0,tt15545462
1275531,Real Detective Stories,,0,tt37430707
1275930,Slavez of Horror Land,,0,tt0445059
1276743,The Actor,,0,tt3710068
1277013,Journey to Murder,,0,tt0329247
1277131,Lukewarm,,0,tt22463382
1277459,Blood Creature from Beyond the Grave,,0,tt14668360
1277775,Sasquatch 1: It Begins; the Curse of the Were-squatch,,0,tt6486294
1278930,Corpus Peccati,,0,tt11697356
1279504,Gypsy Vampire: The Final Bloodlust,,0,tt3764658
1279755,Creep,,0,tt0138384
1280056,The Lost End,,0,tt9232968
1280300,The Whistler,,0,tt1776340
1280745,One Minute Before Death,,0,tt0130927
1281233,id 1281233,,0,tt21599244
1284041,id 1284041,,0,tt32268156
1284046,Onslaught,,0,tt32268691
1285471,Lesions,,0,tt27422896
1286493,The Witch,,0,tt0007574
1286498,Sister Midnight,,0,tt12313330
1287245,id 1287245,,0,tt6547058
1287482,Fire Worms,,0,tt2822960
1288241,id 1288241,,0,tt32187239
1288613,Zombies of Carnage,,0,tt4267598
1289513,Applewood,,0,tt14536276
1290417,Thrash,,0,tt32362890
1291195,Dracula's Orgy of the Damned,,0,tt3063474
1291595,Insidious: Out of the Further,,0,tt32393988
1291697,Deadly Gamble,,0,tt3422272
1291776,The Listing,,0,tt3915368
1292518,Far Off,,0,tt4161096
1292695,They Will Kill You,,0,tt31728330
1292705,id 1292705,,0,tt16750460
1293126,Killer Clowns,,0,tt13155548
1293241,id 1293241,,0,tt29379937
1293393,"Real Monsters, Creatures, Ghosts and Demons from Hell",,0,tt6699022
1293395,"Alien Creatures from Beyond: Monsters, Ghosts and Vampires",,0,tt7130684
1293560,"Real Monsters Vol. 2: Werewolves, Demons, Vampires and Sea Creatures",,0,tt6731798
1294301,Harmony Falls,,0,tt22866280
1295268,id 1295268,,0,tt1826942
1296949,I Eat Your Skin,,0,tt10225400
1297344,Nocturnos,,0,tt1313251
1297446,Slanted,,0,tt32490110
1298145,Acting,,0,tt11767082
1298622,Mannequins,,0,tt3867288
1299357,Scared to Death,,0,tt6293780
1300229,Darbie's Scream House,,0,tt31896676
1300565,The Horror of the Lady of the Lake,,0,tt0478660
1300954,Spoiling You,,0,tt32251094
1301270,Skate to Hell,,0,tt29824649
1301472,Devil's Void,,0,tt14544782
1303300,Amerikan Violence,,0,tt2408922
1303705,Incident at Blood Gorge,,0,tt1067917
1304313,Lee Cronin's The Mummy,,0,tt32612507
1304314,Serial: Amoral Uprising,,0,tt1478961
1304470,Snuff Video,,0,tt16964740
1305700,id 1305700,,0,tt9163226
1307118,Soulm8te,,0,tt32654916
1307524,Lady Parts,,0,tt35279934
1308238,Leave Me Alone,,0,tt23060392
1308388,Hunting Matthew Nichols,,0,tt29373684
1309083,Dolly,,0,tt32639175
1309575,The House of the Silent Bat,,0,tt13045710
1310783,The Boogeyman,,0,tt3812686
1311613,id 1311613,,0,tt3713558
1312017,The River Runs Black,,0,tt2658322
1312359,Uncle Forry's Ackermansions,,0,tt3781718
1312915,id 1312915,,0,tt32189733
1313517,Evil Tapes,,0,tt22494386
1313831,Jason Still Lives!,,0,tt15459106
1313837,Jason Still Lives Part 2: The Ski Resort Murders,,0,tt15465008
1313842,Jason Part III: The Veiling,,0,tt15465920
1314165,id 1314165,,0,tt14190404
1314304,Reality Killers,,0,tt33984648
1314464,The Mill,,0,tt2170637
1314748,She's Safe,,0,tt0137209
1314829,Monkey’s Magic Merry Go Round,,0,tt32881442
1314832,Thingy,,0,tt32881445
1315303,Primate,,0,tt33028778
1316408,Amygdala Warrior,,0,tt7207362
1317048,id 1317048,,0,tt15527956
1317104,The Summerset Sisters,,0,tt7607934
1317321,Bad Manor,,0,tt37353716
1318168,Santa Claus: A Horror Story,,0,tt5996652
1318306,The Last Motel,,0,tt1974395
1318998,id 1318998,,0,tt18950916
1320004,id 1320004,,0,tt30177843
1320610,Zombies,,0,tt0447723
1320756,Doctor Plague,,0,tt31511146
1321008,Black Box,,0,tt32315584
1321946,Zombie Punch,,0,tt1478351
1323534,Lurking,,0,tt19042674
1323618,Bocas,,0,tt7996210
1323625,Night Patrol,,0,tt8637438
1323909,Red Riding,,0,tt33029387
1324129,The Damnedwich,,0,tt7809366
1324828,Joel D. Wynkoop's The Wynkoop Tales,,0,tt7549752
1325261,Shadow Vaults,,0,tt12261692
1325270,The Head Incident,,0,tt5808536
1325939,Blood/Stream,,0,tt27525154
1325979,Hillbilly Cannibal Bloodline,,0,tt1726853
1325980,Bed Time Ghost Tales,,0,tt1745665
1325982,id 1325982,,0,tt1725800
1325984,id 1325984,,0,tt1754450
1325986,SARS: The Dead Plague,,0,tt1726868
1326382,Virtual Terror,,0,tt0118091
1326564,id 1326564,,0,tt30954527
1326696,Horror Grindshow Double Feature,,0,tt1248977
1327806,id 1327806,,0,tt11535200
1328160,id 1328160,,0,tt19402168
1328631,Twin Cheeks: Who Killed the Homecoming King?,,0,tt3952618
1328651,The Amazing Colossal Woman,,0,tt5632254
1328679,id 1328679,,0,tt1368423
1328735,id 1328735,,0,tt2966884
1328945,13 Days of the Beast,,0,tt2456636
1329390,id 1329390,,0,tt14695308
1329467,Grind,,0,tt33096650
1330416,The Body is a Shell,,0,tt0050202
1331234,id 1331234,,0,tt32116520
1331538,Black Chariot,,0,tt28277324
1335839,id 1335839,,0,tt36417146
1337729,The Mental Dead,,0,tt0757905
1338346,id 1338346,,0,tt33247653
1339173,Honey Bunch,,0,tt33270103
1339210,Affection,,0,tt33249097
1339293,House on Ghost Hill Road,,0,tt6103980
1339544,The Monsters Hunt at Night,,0,tt11663280
1339713,Obsession,,0,tt37287335
1340076,Untitled Home Invasion Romance,,0,tt33204691
1340360,id 1340360,,0,tt32141058
1340374,Unspeakable Acts,,0,tt9574846
1340799,Hallucinations of War,,0,tt33044487
1341040,id 1341040,,0,tt33296426
1341502,Saaya the Mystry,,0,tt14909258
1341751,Unleashed,,0,tt0234951
1346487,Paranormal Activity: The Mark of the Coven,,0,tt21602018
1353372,Nameless,,0,tt28368762
1354791,Evil Tales 3: The Final Chapter,,0,tt1190711
1355159,DV5: Cord Cutter Hell,,0,tt14444980
1356050,id 1356050,,0,tt31116756
1356053,Proclivitas,,0,tt27711954
1356264,College Town Massacre,,0,tt5540086
1359353,id 1359353,,0,tt23018852
1359767,Bloody Summer Camp 2: Red Horizon,,0,tt31419825
1361057,La metamorfosis,,0,tt11620870
1361355,id 1361355,,0,tt14980258
1361806,The Barn Part III,,0,tt33502652
1362262,CAMP,,0,tt38226226
1362947,The Black Nun,,0,tt21616292
1362981,Milla: The Movie,,0,tt6711608
1363387,Saccharine,,0,tt35050712
1364184,Torment,,0,tt7670466
1364953,Mārama,,0,tt15284556
1365840,The Paranormal,,0,tt0323579
1365843,Tales of the Damned,,0,tt2051982
1365983,id 1365983,,0,tt1773069
1366912,Ramekins: Ramekin II,,0,tt14914580
1367338,id 1367338,,0,tt1391548
1367693,Night of the Vamp-Friars,,0,tt33293600
1368107,Demon Hunter: Time 2 Kill,,0,tt15332990
1368314,Passenger,,0,tt33763941
1368492,The Wolf and the Lamb,,0,tt33760026
1369992,id 1369992,,0,tt2332324
1370424,He's Watching You,,0,tt26315134
1371646,Have Sex and Die,,0,tt1920954
1371850,Rock Springs,,0,tt33999471
1372026,Dark Zone Thirteen Part 2,,0,tt21209838
1372160,God of Frogs,,0,tt26681192
1372687,id 1372687,,0,tt3922112
1373198,Twisted,,0,tt14201728
1373377,Night to Day,,0,tt22753468
1373722,The Abode of Mad Tales,,0,tt8111528
1374051,id 1374051,,0,tt30406335
1374386,Beyond the North Woods,,0,tt21040858
1374493,id 1374493,,0,tt4621148
1374770,id 1374770,,0,tt28754673
1375161,Don't Move,,0,tt29630464
1375770,Dawn and the Dead,,0,tt4413248
1376400,Crawlers,,0,tt32329539
1376435,Dark Dimensions,,0,tt1341711
1376980,id 1376980,,0,tt34272289
1378428,Living Dead Lock Up 2: March of the Dead,,0,tt1156513
1379077,id 1379077,,0,tt2966670
1379249,Manifestation,,0,tt15765326
1379486,Victorian Psycho,,0,tt34374553
1379578,Punch,,0,tt1283543
1379606,Symbolicus Vol. 1,,0,tt14663150
1380279,The Plastic Men,,0,tt29011291
1381087,Monitor,,0,tt34383418
1382363,id 1382363,,0,tt2133232
1382802,Family Movie,,0,tt34440913
1382832,Hungry,,0,tt34494076
1383270,Doom Walker,,0,tt35260285
1383612,The Best of All Time Horror Classics,,0,tt2177739
1384040,Haunted Heist,,0,tt34890565
1384133,The Stalker,,0,tt34582344
1385663,The Devil's Nightmare,,0,tt2288081
1385925,id 1385925,,0,tt28564190
1388771,The Fairfield County Four,,0,tt32879420
1388873,Dark Cherry Twist,,0,tt3527388
1389763,Dark Shade Creek 4: Ten Years Later,,0,tt22039222
1389881,The Cure,,0,tt26470786
1391780,Fovos,,0,tt4211694
1391847,Gale: Yellow Brick Road,,0,tt33030353
1391899,Traction Park Massacre,,0,tt32204819
1392522,Dracula's Bride of Horror,,0,tt15088646
1392690,Fun Time,,0,tt4528156
1393652,id 1393652,,0,tt32635423
1393942,Jitters,,0,tt31936713
1394349,Nightmare Fuel,,0,tt1323529
1395551,id 1395551,,0,tt31390296
1395668,Loons,,0,tt5297594
1396080,The Fright Before Christmas,,0,tt13046014
1396928,id 1396928,,0,tt34761028
1398037,Blood Bath: Blood Wrestling Vol. I,,0,tt0986218
1398053,Blood in the Dark,,0,tt14681168
1398067,Blood in the Dark 2,,0,tt20193800
1398285,Deadly Tales II,,0,tt5661984
1398291,id 1398291,,0,tt6155532
1398292,id 1398292,,0,tt8466944
1400761,Didn't Die,,0,tt34967012
1400763,Touch Me,,0,tt34967068
1401357,Demon Squad: Tooth and Claw,,0,tt27575701
1401711,Halloween Creep Tales,,0,tt3234038
1402208,Dreamland Awaits,,0,tt32495183
1402249,The End of The Punchline,,0,tt35007241
1402886,The Severed Head Network,,0,tt0298545
1402887,The Devil Lives in Hot Springs,,0,tt1337473
1402949,Red Christmas,,0,tt5120400
1403907,Fear of Hue,,0,tt5847370
1404133,UNBOXING,,0,tt33373007
1404615,Sight Unseen,,0,tt8773630
1404715,Peek-a-Boo... then I Strangle You!,,0,tt37379635
1405033,The House on Lidderman Street,,0,tt32741759
1405130,National Vampire,,0,tt0869111
1405714,Curse of the Black Lagoon,,0,tt7249262
1405737,Shock-X-Treme Vol 3: Gangs of Death,,0,tt41401454
1405738,Shock-X-Treme Vol 4: Real Fights,,0,tt41401796
1406476,Horror Of Laughter,,0,tt35109114
1407278,The Serpent's Skin,,0,tt37161608
1407496,Come Outside 2022,,0,tt21195220
1407858,As Good As Dead,,0,tt1600474
1408324,City Wide Fever,,0,tt35223935
1408336,RokSaw,,0,tt7088072
1408843,Paranorma There Is Always a Dark Side,,0,tt1869616
1408861,Jason's Curse,,0,tt3220512
1409632,Lucid,,0,tt33306263
1410121,Worm,,0,tt29464189
1412598,Killer Whale,,0,tt33479805
1412603,Get Out Alive,,0,tt2011027
1413560,Serial,,0,tt0821008
1414735,Sick Puppy,,0,tt28919053
1415665,Captive,,0,tt43663567
1415752,Hævn 3,,0,tt31463404
1416042,Heaven & Hell,,0,tt38400916
1417714,id 1417714,,0,tt3253484
1417904,Wolfen Tickle,,0,tt38407176
1418657,The Yeti,,0,tt14500286
1419125,Terror Vortex,,0,tt2187099
1420048,The Devil's Wedding,,0,tt38400644
1420331,The Night,,0,tt8102806
1420765,Sonder: An Anthology of Loss,,0,tt24073304
1421042,id 1421042,,0,tt2403938
1422011,It Ends,,0,tt35519455
1422120,Mermaid,,0,tt34435532
1422966,The Haunted Ship,,0,tt0017969
1423191,Resident Evil,,0,tt35538033
1423192,The Cinema Snob Movie,,0,tt2262221
1424947,By the Throat,,0,tt29706117
1427153,Ghost of the Night,,0,tt6882518
1427189,City of Anti-Heroes,,0,tt3603764
1427504,The Asylum,,0,tt5710572
1428514,Sound of Nothing,,0,tt3096044
1428766,Penny Lane Is Dead,,0,tt35670732
1428968,Death Toilet 3: Doody Calls,,0,tt12403702
1428990,This Is Not a Test,,0,tt35669125
1430077,Hokum,,0,tt35672862
1430698,The Bay,,0,tt30217600
1431114,The Ascent,,0,tt35667069
1431247,Crybaby Bridge,,0,tt19266698
1431290,Happy Halloween 2,,0,tt3422230
1432306,Sleepwalker,,0,tt35672651
1432706,Bury the Devil,,0,tt29719182
1432968,The Fun Room,,0,tt1682970
1433354,Murder Death Koreatown,,0,tt11777308
1434572,"Strange, Stranger",,0,tt2176049
1434583,The Remedy,,0,tt34787426
1435836,Ripple,,0,tt7901398
1435898,Don't Look in the Bedroom,,0,tt9597584
1436214,id 1436214,,0,tt35309781
1436835,NFT: Cursed Images,,0,tt18375626
1436994,Fantasma,,0,tt4729642
1437034,10/31,,0,tt6235650
1437546,Highway Hypnosis,,0,tt38017964
1438207,Ever After,,0,tt28772290
1438453,id 1438453,,0,tt32103965
1439556,id 1439556,,0,tt3548544
1439773,Backwoods Freaks,,0,tt3859602
1439851,id 1439851,,0,tt28435299
1439881,Imposters,,0,tt37340919
1440930,id 1440930,,0,tt35927657
1441285,id 1441285,,0,tt36184809
1441813,id 1441813,,0,tt35933079
1442361,Camp Dead,,0,tt2034636
1442570,Masked Maniac vs. the Zombies,,0,tt3499300
1443582,Welcome to my Darkside: Women in Horror,,0,tt1485146
1444158,id 1444158,,0,tt34957111
1444573,id 1444573,,0,tt4861698
1445148,id 1445148,,0,tt36073057
1445953,id 1445953,,0,tt19899582
1447335,id 1447335,,0,tt32775247
1447427,Blood + Kisses,,0,tt0482470
1447446,Mantra,,0,tt38046730
1447559,id 1447559,,0,tt33876476
1449771,3Girls,,0,tt26896065
1450527,Forbidden Fruits,,0,tt30691214
1451238,Drag,,0,tt35893068
1451588,Corporate Retreat,,0,tt36460286
1452662,Goth Girls: The Return,,0,tt0969270
1453509,Mandrake,,0,tt15654884
1453972,Blew,,0,tt32650343
1454102,Zombie,,0,tt15268474
1454741,The Confession,,0,tt35838700
1456696,id 1456696,,0,tt35849306
1456918,id 1456918,,0,tt8188930
1459937,Moodswing Whiskey,,0,tt35226712
1460141,Hatchet County,,0,tt2108531
1460308,The Guard Room,,0,tt29671815
1460572,"Blessed: Live, Laugh,Run!",,0,tt33029849
1461211,Mimics,,0,tt32165741
1463681,Southern Scares,,0,tt36113721
1464773,Borley Rectory: The Awakening,,0,tt36163191
1467408,Spook Bridge,,0,tt6610168
1469274,Faces of Gore 3,,0,tt0251695
1469342,id 1469342,,0,tt36629891
1470080,Intrusion,,0,tt4105082
1470130,The Mortuary Assistant,,0,tt36647890
1472210,Goody Goody,,0,tt27558029
1473290,The Day of Forevermore,,0,tt4667392
1473878,Speed Demon,,0,tt34386603
1474628,The Weed Eaters,,0,tt35667902
1475490,The Calling Witch,,0,tt11609626
1476493,It's a Haunted Happenin',,0,tt0330464
1476851,The Drowned,,0,tt3554954
1477712,Ice Cream Man,,0,tt36893729
1477836,Bone Keeper,,0,tt36841098
1478208,id 1478208,,0,tt15574500
1479197,Am I Female?,,0,tt0210492
1479836,id 1479836,,0,tt33297599
1479846,Hive,,0,tt36934612
1480147,Swipe,,0,tt35938824
1480387,undertone,,0,tt35892608
1481343,id 1481343,,0,tt36958312
1481946,Thinestra,,0,tt29720283
1484542,id 1484542,,0,tt36970918
1484970,In Search of Darkness '70s,,0,tt43365642
1485138,id 1485138,,0,tt37075972
1485886,Bayou Ghost,,0,tt0166501
1486256,Oddities,,0,tt35657158
1486952,Master of Horror,,0,tt1503643
1487300,id 1487300,,0,tt15051954
1488560,id 1488560,,0,tt35663454
1492566,Dracula Eternal,,0,tt36457928
1492655,id 1492655,,0,tt35339964
1494164,Unknown Treasures,,0,tt0017503
1494294,Trail of the Werewolf,,0,tt15485232
1494303,Trail of the Vampire,,0,tt15484024
1494754,id 1494754,,0,tt13709012
1495041,Buffet Infinity,,0,tt37671737
1495050,id 1495050,,0,tt37240666
1495590,id 1495590,,0,tt34890345
1495638,The Caretaker,,0,tt32502645
1496428,Heathen,,0,tt1291534
1496532,Prank Night,,0,tt36146037
1496674,"5 Dark Souls, Part III: Retribution",,0,tt13510066
1496696,Breeder,,0,tt9213874
1497031,Return to Bloody Creek,,0,tt34378210
1497961,William Shakespeare's Titus Andronicus,,0,tt0296898
1497979,id 1497979,,0,tt36413571
1499007,id 1499007,,0,tt29473502
1499608,Cold As Soul,,0,tt40923073
1499927,Dust & Death,,0,tt1266554
1500774,Ugly Cry,,0,tt37370006
1500890,Lockbox,,0,tt37369064
1501220,Cheap,,0,tt1557182
1502117,The Retreat,,0,tt37188576
1503002,Dr. Jason,,0,tt15391274
1503486,Lenore,,0,tt11597938
1504899,Recluse,,0,tt37457723
1506323,Minnie’s Midnight Massacre,,0,tt36364104
1510745,Bodycam,,0,tt37538172
1513607,id 1513607,,0,tt32161981
1513838,id 1513838,,0,tt28642556
1513914,id 1513914,,0,tt36590687
1514026,Buddy,,0,tt37281055
1514338,id 1514338,,0,tt2159916
1514378,U.V.F: Underground Video Films,,0,tt37598381
1514475,Claud,,0,tt4933036
1514682,Above & Below,,0,tt37603783
1514962,Haunted,,0,tt0113269
1515872,Sleepwalker,,0,tt35672651
1515881,id 1515881,,0,tt33502780
1517372,id 1517372,,0,tt35684952
1517409,id 1517409,,0,tt30877881
1519067,Offline,,0,tt5127850
1520453,New Jersey Devil,,0,tt34125607
1522191,FaceTape,,0,tt37893617
1522832,id 1522832,,0,tt30333113
1522849,id 1522849,,0,tt37744652
1524396,id 1524396,,0,tt36243152
1525775,Mr. Whispers,,0,tt36623936
1525810,"Trauma, or Monsters All",,0,tt37808582
1527201,Dilarang Masuk!,,0,tt11618124
1527285,Rodnee,,0,tt37146848
1528625,The Grieving,,0,tt32270641
1529716,Wither,,0,tt2140671
1529833,Dinosaur Hunt,,0,tt37679066
1532032,Iso-pocalyptis,,0,tt12993510
1532410,Missing Fangs,,0,tt37233265
1532438,Dragon Fury 3,,0,tt37679060
1532997,Dead Howling,,0,tt36933185
1533044,Deaf to Happiness,,0,tt39075282
1533549,Wicked of Oz,,0,tt37983272
1533793,Sinner Supper Club,,0,tt39847635
1534664,Forest of the Dead Sharks,,0,tt10015432
1535429,id 1535429,,0,tt34791027
1536432,id 1536432,,0,tt37753094
1536528,id 1536528,,0,tt7254232
1536756,id 1536756,,0,tt30342167
1537268,Black Goat,,0,tt36692854
1537617,"Frankie, Maniac Woman",,0,tt38359641
1537654,Puppet Master: Blitzkrieg Massacre,,0,tt9379674
1537659,id 1537659,,0,tt36986053
1538581,Demonetize,,0,tt27011892
1538584,id 1538584,,0,tt38009703
1539009,Epaaktuda the Lake,,0,tt2441052
1539177,Magenta House,,0,tt38908942
1540678,id 1540678,,0,tt32598608
1542164,Behind the Horror,,0,tt2193368
1542307,id 1542307,,0,tt37831499
1542720,Wisp,,0,tt2883624
1545251,It Will Find You,,0,tt22816158
1545484,id 1545484,,0,tt30247172
1546530,id 1546530,,0,tt37070274
1546924,Raisin Paste,,0,tt19715134
1546947,Mary Kwon Mary Kwon,,0,tt37380588
1547525,Poern,,0,tt3547530
1548155,Mamochka,,0,tt30780871
1548300,Devil's Game,,0,tt34901117
1548421,The Summoning,,0,tt4459162
1548774,id 1548774,,0,tt4641828
1548780,The Burial,,0,tt5978540
1548951,Resident Evil: Red Falls,,0,tt2443852
1549004,Lurker,,0,tt1624395
1549075,Gerry the Psychopath,,0,tt7775686
1549556,id 1549556,,0,tt5918816
1549799,Servants’ Quarters,,0,tt5236976
1550335,id 1550335,,0,tt33241856
1553392,The Red Suit,,0,tt3804510
1553426,Deathwatch,,0,tt2376598
1553816,Black Mamba,,0,tt6096418
1558000,id 1558000,,0,tt32546911
1558839,Frogman Returns,,0,tt34333434
1559512,The Killing Cell,,0,tt35635422
1559628,Anaconda: Blood Coil,,0,tt38553246
1559632,Bride of Frankenstein Awakens,,0,tt38589710
1559637,Dracula in Space,,0,tt37750825
1559805,The Philip Experiment,,0,tt38219684
1559986,White Devils,,0,tt29745458
1560608,id 1560608,,0,tt0172409
1561415,Memoir of a Cannibal,,0,tt3617270
1563886,id 1563886,,0,tt38520794
1564449,Beneath the Light,,0,tt30807329
1564504,Island of Torture,,0,tt0822816
1564505,Plastic Toys,,0,tt4287324
1564594,The Photograph,,0,tt0395707
1564614,Leviticus,,0,tt39143902
1564836,id 1564836,,0,tt29482856
1565413,Armageddon Road,,0,tt32358871
1565990,Mountain King,,0,tt38630600
1566551,Night Five,,0,tt23805370
1566567,CarousHELL 4,,0,tt43438386
1567143,id 1567143,,0,tt37505183
1567299,The Punishment Tapes,,0,tt37540632
1568421,Demons,,0,tt7843428
1569175,Crimson the Sleeping Owl,,0,tt4251004
1569217,id 1569217,,0,tt7844276
1569349,Last Month's Rent,,0,tt3545870
1569494,Once Upon a Haunting,,0,tt7725208
1569923,Murder on Marburg,,0,tt6901444
1570819,Over - Ride 'Narc Island',,0,tt16435174
1571706,Halloween Night,,0,tt10520218
1571900,Dead Eyes,,0,tt33297308
1572064,Krampus in Space,,0,tt37750852
1572073,The Deadly Little Mermaid,,0,tt37455571
1572077,Wizard of Death: Tinman's Rise,,0,tt38038820
1573757,The Latcher,,0,tt34388830
1573791,Echoes from the Midnight Mansion,,0,tt37038718
1573929,Dog Skin and Other Stories,,0,tt38354812
1574274,id 1574274,,0,tt38853928
1575513,id 1575513,,0,tt36052143
1575534,The Observance,,0,tt11043508
1575542,id 1575542,,0,tt37897309
1575647,It Hunts,,0,tt33009155
1576546,The Girl Inside The Photograph,,0,tt27790748
1577795,The Grim Reaper,,0,tt0055858
1577831,Cleaver 3: Maximum Cleavage,,0,tt13353884
1579156,Angel Lust,,0,tt38760159
1579168,Our Effed Up World,,0,tt40521447
1579276,BROTHER,,0,tt31839457
1579830,Welcome to the Game >ClintsChapter,,0,tt32729010
1579880,id 1579880,,0,tt37989107
1581589,id 1581589,,0,tt35305686
1582943,The Family Business,,0,tt34876472
1584033,The Shadow People,,0,tt1579252
1584675,The Momo Killer,,0,tt21352914
1585594,Inimigo Desconhecido,,0,tt3816908
1586823,The All-Nighter,,0,tt38611973
1588101,Ted Bunny,,0,tt39046127
1588256,id 1588256,,0,tt31040012
1588744,Friday the 31st,,0,tt39006696
1589348,Corpse,,0,tt35643634
1589782,id 1589782,,0,tt37478893
1590102,id 1590102,,0,tt33065549
1590154,The Fall of Barsisa,,0,tt35886386
1591582,Best Served Cold,,0,tt33097798
1593054,id 1593054,,0,tt22175936
1593102,id 1593102,,0,tt36354048
1593354,Man Chicken,,0,tt38888135
1593913,Dummy,,0,tt36398612
1594286,You're All Doomed,,0,tt38590166
1595128,Lure,,0,tt15160410
1595158,Goetic,,0,tt33494870
1595368,Popeye II: Returns,,0,tt38535590
1596301,"Mum, I'm Alien Pregnant",,0,tt28784376
1597656,The Mannequin Man,,0,tt19885072
1598802,Primal Darkness,,0,tt36847396
1599021,id 1599021,,0,tt36619358
1599181,Chronovisor,,0,tt39196981
1600149,Drax,,0,tt39528862
1600990,Bannister Doll Heist,,0,tt13353660
1601242,NightBound,,0,tt39145588
1601981,In Lucidity,,0,tt3890216
1602259,id 1602259,,0,tt39216132
1602267,The Ungrieved,,0,tt37543009
1602567,Our Devil's Night,,0,tt2199798
1602570,id 1602570,,0,tt35076414
1604026,Scarlet Snow,,0,tt6057438
1604613,Chloroformed Too: They Made Her Sleep,,0,tt37452937
1605171,id 1605171,,0,tt36276557
1605751,id 1605751,,0,tt38779902
1606669,Wilderness Tapes: Volume One,,0,tt38980561
1606790,id 1606790,,0,tt39147816
1606791,id 1606791,,0,tt38599476
1607017,Hate,,0,tt2077759
1607698,id 1607698,,0,tt37024053
1609576,id 1609576,,0,tt41862952
1609844,The Beast of Riverside Hollow,,0,tt32232819
1610418,The House on Haunted Grounds,,0,tt38353877
1610703,Infirmary,,0,tt35682658
1611600,id 1611600,,0,tt33508846
1611727,Welcome to G-Town,,0,tt39395157
1611783,Friday the 69th,,0,tt35121376
1611977,Housemaid,,0,tt39319989
1612291,id 1612291,,0,tt28060501
1612376,The Bosk,,0,tt30575166
1612434,TWIN,,0,tt39094274
1612522,Give Me Back My Body!,,0,tt28979010
1612889,id 1612889,,0,tt26748124
1612923,Demon Hunters,,0,tt31409599
1612991,id 1612991,,0,tt21862382
1613360,Plaguepits: The Torture Dead,,0,tt11362206
1613876,Memories Away,,0,tt43383598
1615470,id 1615470,,0,tt39380958
1615605,Be My Valentine,,0,tt36101525
1615868,Misfire,,0,tt23392058
1616344,American Dollhouse,,0,tt39368498
1616405,Marilyn,,0,tt5040276
1616575,id 1616575,,0,tt40600272
1617221,Nuptials,,0,tt7740330
1618086,The Knock Knock Man,,0,tt37887424
1618843,Betty's Revenge,,0,tt38984885
1619417,id 1619417,,0,tt39141216
1619430,Tape Me,,0,tt39373119
1619600,Jason Rising,,0,tt7798990
1619765,House Sitter,,0,tt37333913
1619894,Sweet Cherries Ahead,,0,tt39380682
1620503,Ghosts: A Journey Into the Paranormal,,0,tt14840210
1620711,Its Presence Between Us,,0,tt39386166
1620724,Rose Blood,,0,tt13049516
1621264,The Fall of Camp Blood,,0,tt10543530
1621448,Peril on the Canvas,,0,tt39444701
1621775,Until You're Alone,,0,tt36708679
1622040,Lights Camera Death,,0,tt32758593
1622163,Variations on Violence,,0,tt40193283
1622490,Blue Murder,,0,tt36144283
1623127,id 1623127,,0,tt38961397
1623517,Shocktopus,,0,tt39396063
1623822,id 1623822,,0,tt9145132
1624353,Bleederville,,0,tt39392817
1626129,Reel,,0,tt5089740
1626151,Reel 2,,0,tt10196578
1626772,id 1626772,,0,tt33317100
1628566,The Secret of Sarah Pennington,,0,tt2492004
1628593,The Golden Sarcophaga,,0,tt26270810
1629258,id 1629258,,0,tt38189712
1629355,Black Zombie,,0,tt39368474
1629881,id 1629881,,0,tt37937243
1630001,Infected,,0,tt41232453
1630293,id 1630293,,0,tt34623398
1630307,Charlie Shaw's Revenge,,0,tt38712491
1630440,Bad Voodoo,,0,tt15716368
1630722,Lies Within Us,,0,tt25967306
1630771,id 1630771,,0,tt34460884
1631049,id 1631049,,0,tt6543950
1631143,Life at Sandy's,,0,tt40485248
1631208,Sunset Strip Killers,,0,tt37371014
1631292,Ice Beast,,0,tt39391389
1632759,id 1632759,,0,tt39207853
1632808,Do Not Open,,0,tt38345999
1632818,Dark Distortion,,0,tt32573398
1633832,Insidious Tales,,0,tt39785725
1634840,Ashes of Vengeance,,0,tt38503821
1634882,id 1634882,,0,tt36260213
1634982,My Special Boy,,0,tt12026722
1635530,Princess of the Murder,,0,tt38283758
1635787,Amityville Rex,,0,tt39396054
1636140,id 1636140,,0,tt33085546
1636154,Peak Form,,0,tt39901547
1636200,id 1636200,,0,tt34577276
1636674,id 1636674,,0,tt39328330
1637073,id 1637073,,0,tt12810824
1637133,id 1637133,,0,tt39304444
1637528,Beyond Mamushi,,0,tt39304637
1637569,Kat Crime: Tales of the Occult,,0,tt38111908
1637728,id 1637728,,0,tt33004888
1638677,Aladdin's Revenge,,0,tt37334134
1638985,Itching Palms,,0,tt0014160
1639090,id 1639090,,0,tt4674622
1639341,Go to Sleep,,0,tt40056205
1639848,id 1639848,,0,tt39463367
1639960,Frankenstein's Bride,,0,tt38627843
1642568,The Last Temptation of Becky,,0,tt40210362
1642617,TIRESIAS,,0,tt28786970
1642891,id 1642891,,0,tt40142495
1643120,Stabby Chic,,0,tt37976475
1643197,id 1643197,,0,tt40231727
1645603,Night of the Living Dead,,0,tt33296064
1646116,Raptor Attack,,0,tt39053701
1646124,Tiger's Rampage,,0,tt39053706
1646413,The Flesh People,,0,tt36460241
1646461,Charlie's Ear,,0,tt0103941
1646950,Capture,,0,tt39400149
1647335,id 1647335,,0,tt37628116
1647483,Judge Michael - Rise of the Law,,0,tt35684986
1647583,Looky-Loo: Part II,,0,tt33502668
1647690,The Mid-Night Driver,,0,tt39368460
1647961,id 1647961,,0,tt2419848
1648343,Red Herring's Found Footage Nightmare,,0,tt40519769
1648434,The Final Hour,,0,tt40201379
1648554,id 1648554,,0,tt29463911
1649125,My Neighbor is a Witch,,0,tt36244882
1649128,id 1649128,,0,tt31031928
1649529,Cursed Hearse,,0,tt27677192
1649617,id 1649617,,0,tt40594274
1649693,Chucky Meets Frankenstein,,0,tt27911686
1649737,Distort 2: The Dead Among the Trees,,0,tt40481399
1649774,Envelop,,0,tt39229853
1650210,id 1650210,,0,tt40984677
1651111,id 1651111,,0,tt38807636
1651661,The Third Shift a Paranormal Horror Story,,0,tt41054360
1652478,id 1652478,,0,tt39371429
1652871,Flytrapper,,0,tt40729378
1653672,id 1653672,,0,tt39050239
1654336,Shank,,0,tt41519952
1654351,This House Is Totally Haunted,,0,tt41743580
1654380,id 1654380,,0,tt35474066
1654479,The Waiting Man,,0,tt40758636
1654511,The Man Whom the Trees Loved,,0,tt37211736
1654674,Outside of Nowhere,,0,tt0451151
1654715,id 1654715,,0,tt13398684
1654961,id 1654961,,0,tt34107154
1655198,Shadows,,0,tt0486650
1655204,GetAway,,0,tt39169915
1655693,Paradise of Terror,,0,tt41115766
1655738,Night Terrors: Blood Date on Trade Street,,0,tt41517402
1656047,Resurrection: A Biohazard Story,,0,tt40835623
1656101,The Horror from Beyond,,0,tt41075687
1656480,The Mask One: Faceless,,0,tt39363051
1656845,Women's Playground,,0,tt2740892
1657668,id 1657668,,0,tt37577559
1658692,id 1658692,,0,tt33088711
1659522,Balik Eskwela,,0,tt40236112
1659637,id 1659637,,0,tt41231107
1659657,VHS Underground,,0,tt39591811
1659743,Echoes of Dread,,0,tt37285494
1659806,Rabisu,,0,tt34382183
1660141,Saming,,0,tt40598344
1660340,Unseen,,0,tt27330757
1661185,The Unseen,,0,tt27330757
1661855,id 1661855,,0,tt35966153
1662599,The Mummy,,0,tt11100168
1662725,Warren County,,0,tt37975508
1663532,Shelf Life,,0,tt2140393
1664162,U/S/B,,0,tt41472224
1664187,Late Night At The Movies,,0,tt39319376
1664432,Trail of Splatter,,0,tt30494592
1664518,id 1664518,,0,tt19881142
1664906,Cheekh,,0,tt4276428
1665172,ROOMMATES,,0,tt37540875
1665506,Astrolatry,,0,tt40018258
1666010,id 1666010,,0,tt42541654
1667766,Descend Beyond,,0,tt41226051
1667772,id 1667772,,0,tt29078838
1668381,id 1668381,,0,tt32793387
1668962,id 1668962,,0,tt41665848
1669135,Hunting Party,,0,tt29510495
1669914,id 1669914,,0,tt38954660
1671305,id 1671305,,0,tt19766724
1671526,id 1671526,,0,tt38752767
1671767,id 1671767,,0,tt38040849
1673140,Toby Dammit,,0,tt11669728
1673256,The Genesis Project,,0,tt34510525
1673888,id 1673888,,0,tt37877080
1675147,Turn It Up!,,0,tt31180256
1676058,Death Spin,,0,tt36155662
1677594,id 1677594,,0,tt35845072
1677924,Blessed is the Night: The Making of Orgy of the Dead 2,,0,tt39377014
1678192,Blood Witch,,0,tt33975472
1678298,id 1678298,,0,tt35625402
1678417,Freddy vs Dylan,,0,tt4650510
1678725,Dinogeist,,0,tt39303228
1681694,Days of Sodom: A Crow Fan Film,,0,tt29266451
1682410,Evil Dead - The Musical,,0,tt27746637
1683097,id 1683097,,0,tt32394367
1683531,The Withering,,0,tt38048307
1684129,id 1684129,,0,tt42027294
1685776,id 1685776,,0,tt42172794
1686301,id 1686301,,0,tt35884942
1686606,Titans of Destruction: The Evolution of Giant Monster Movies,,0,tt35697706
1686904,id 1686904,,0,tt37136283
1687173,Blackout,,0,tt38346953
1687247,Sharksquatch,,0,tt39175663
1687771,Broken,,0,tt37969114
1687797,The Laksman,,0,tt39117217
1688318,The Orchard,,0,tt23038274
1689220,Spiralbound,,0,tt42718770
1689569,Kylgor in the Grisly Abyss,,0,tt36374228
1690185,id 1690185,,0,tt11130002
1691160,id 1691160,,0,tt42445484
1691953,id 1691953,,0,tt34428069
1692068,Ruby,,0,tt37446072
1692259,id 1692259,,0,tt38984290
1692825,id 1692825,,0,tt36018603
1692932,Strange Spirits,,0,tt38813589
1692958,Night Bugs,,0,tt13464374
1694978,Chum,,0,tt41604789
1695276,Shark Thrash,,0,tt41087656
1695493,Karen the Beauty Queen Butcher,,0,tt41232528
1696068,id 1696068,,0,tt39314176
1696458,id 1696458,,0,tt38288913
1697339,The Legend of El Hombre Lobo: Paul Naschy Werewolf,,0,tt13268284
1697500,id 1697500,,0,tt38354194
1697546,My Vegas Eyes,,0,tt42721399
1698893,Conrad Brooks vs. the Werewolf,,0,tt0189439
1699285,"Anna, Postmortem",,0,tt42803667
1699309,Possessed By Evil,,0,tt14508838
1699463,id 1699463,,0,tt40074439
1700726,Vampire Night,,0,tt0236832
1701045,Kelton's Dark Corner,,0,tt1027702
1701141,id 1701141,,0,tt38630008
1701597,Blood Covenant,,0,tt39493762
1701611,Farm House,,0,tt38049117
1701665,id 1701665,,0,tt5969204
1702788,Night of the Howling,,0,tt31519421
1702817,id 1702817,,0,tt40421482
1703118,A Malevolent World,,0,tt37763948
1703467,DOC_05,,0,tt40159794
1704326,The Box in the Attic,,0,tt41877698
1704506,id 1704506,,0,tt38783218
1705035,id 1705035,,0,tt37276380
1705057,id 1705057,,0,tt39528049
1705070,Murder Boy,,0,tt42335999
1705120,Hellmare,,0,tt42920520
1705685,Red Lips,,0,tt43312702
1705888,Groundskeeper,,0,tt7370586
1706083,id 1706083,,0,tt43382514
1706245,id 1706245,,0,tt41072952
1706412,A Burial,,0,tt37025029
1707179,id 1707179,,0,tt30874432
1707268,Spirit Board: Doorway to Death,,0,tt29345740
1707533,Killer Thong,,0,tt3038606
1708236,id 1708236,,0,tt38632789
1708239,Stockings: Songbird,,0,tt40188240
1708241,Corpus,,0,tt38117143
1708253,id 1708253,,0,tt43442930
1708376,Droid House,,0,tt43646878
1708394,id 1708394,,0,tt38812247
1708531,id 1708531,,0,tt41038862
1708791,Pretty,,0,tt43378732
1709095,Die Die Delta Pi II: The Burnt One,,0,tt41810573
1709134,Horrorcane,,0,tt36547467
1709140,id 1709140,,0,tt41816914
1709725,The Vanishing Tour,,0,tt38633988
1709842,id 1709842,,0,tt43376986
1710120,Depths of Fear,,0,tt37988675
1710331,Down the Bayou,,0,tt38641089
1711129,Kiss of the Moon,,0,tt1352725
1711175,Summerween,,0,tt41516436
1711808,Grin,,0,tt37599451
1711953,Red Rabbit Lodge,,0,tt37541719
1712124,Escape from Cannibal Zero,,0,tt43463019
1712454,id 1712454,,0,tt41517310
1712828,Water Park Shark,,0,tt38890293
1713821,id 1713821,,0,tt33481873
1713962,id 1713962,,0,tt27986547
1714880,id 1714880,,0,tt38119130
1715179,id 1715179,,0,tt36305645
1715208,id 1715208,,0,tt34790119
1715560,id 1715560,,0,tt40647489
1716716,Hallowed Grounds,,0,tt40002785
1717247,id 1717247,,0,tt34954362
1718210,id 1718210,,0,tt37738515
1718636,id 1718636,,0,tt36107540
1719380,No Way Home,,0,tt43613569
1719565,The American Veteran Sleep Experiment: Test 2,,0,tt37918540
1720522,Autumn Hill,,0,tt38352431
1720656,id 1720656,,0,tt7787736
1720666,Allegedly,,0,tt8840758
1720738,Mr. Reset and the Society of Turnbuckle & Bone,,0,tt41635414
1721705,id 1721705,,0,tt38913945
1722506,id 1722506,,0,tt36709964
1722576,id 1722576,,0,tt43611656
1722712,Redacted,,0,tt40525030
1722717,Gore,,0,tt43628004
1722750,Vengeance X,,0,tt43588908
1723967,id 1723967,,0,tt30516208
1724072,Of Womb,,0,tt43677345
1724651,id 1724651,,0,tt27272388
1725746,id 1725746,,0,tt37649541
1726009,id 1726009,,0,tt34971178
1726149,Addiction,,0,tt41115695
1726190,id 1726190,,0,tt33509123
1726557,id 1726557,,0,tt31779358
1726601,The Last Apocalypse,,0,tt40253306
1726851,id 1726851,,0,tt33347555
1727234,The Trepidation: Deadest Night,,0,tt40261009
1727317,id 1727317,,0,tt38453653
1727409,Jodi,,0,tt43685231
1728244,Written In Blood,,0,tt32633384
1728265,Dark Stories: Tales from Beyond the Grave,,0,tt0326819
1728307,id 1728307,,0,tt43498004
1728862,id 1728862,,0,tt26314718
1729725,Suppress Us,,0,tt43647987
1730685,id 1730685,,0,tt36458072
1731343,Namaslay,,0,tt40047746
1733102,id 1733102,,0,tt43685260
1733132,Left 4 Dead: The Movie,,0,tt2055665
1734422,id 1734422,,0,tt43685377
1734954,id 1734954,,0,tt27272753
1734991,Electric Meat,,0,tt33246481
1735325,JAWBREAKER,,0,tt40338266
1735476,CHAT,,0,tt37547609
1735866,id 1735866,,0,tt17521014
1736719,I Hate Found Footage,,0,tt41715721
1737162,The Utility Room,,0,tt28501583
1737966,id 1737966,,0,tt43617581
1738403,id 1738403,,0,tt43625948
1739016,id 1739016,,0,tt11167092
1739442,id 1739442,,0,tt37809947
337445,The Dark Mirror,1920,1,tt0011094
944367,The Hell Diggers,1921,1,tt0012266
27508,A Blind Bargain,1922,1,tt0012949
189547,Midnight Faces,1926,1,tt0017139
148112,The Terror,1928,1,tt0019456
1153281,The Phantom of the Opera,1929,1,tt0016220
84714,The Cat Creeps,1930,1,tt0020748
384627,The Monkey's Paw,1933,1,tt0023235
322858,The Third Sex,1934,1,tt0053353
338020,Return of the Terror,1934,1,tt0025714
602708,The Tell-Tale Heart,1934,1,tt0149973
89641,Angkor,1935,1,tt0127428
335851,The Sea Fiend,1936,1,tt0129356
259729,Candles at Nine,1944,1,tt0036694
402885,Death Is a Number,1951,1,tt0204248
135559,The Dead One,1961,1,tt0054793
260776,House of Dreams,1963,1,tt0057159
337989,Six She's and a He,1963,1,tt0304355
445894,Body of a Female,1964,1,tt0138333
63007,Naked Evil,1966,1,tt0060735
335185,The Equinox...A Journey Into the Supernatural,1967,1,tt7131660
355324,Professor Lust,1967,1,tt0242226
380639,"I, Marquis De Sade",1967,1,tt0220568
50110,The Hand of Night,1968,1,tt0060154
152908,Playgirl Killer,1968,1,tt0065624
194804,Behind Locked Doors,1968,1,tt0074195
211774,The Psychic,1968,1,tt0063471
29599,The Mummy and the Curse of the Jackals,1969,1,tt0131492
244305,The Ice House,1969,1,tt0064466
397052,The Erotic Circus,1969,1,tt0217442
230264,Night of the Bloody Transplant,1970,1,tt0066143
607994,Daughter of Satan,1970,1,tt0382630
28228,The Jekyll and Hyde Portfolio,1971,1,tt0125275
49794,The Curse of the Alpha Stone,1972,1,tt0068437
168476,Premonition,1972,1,tt0069118
406208,Something Wicked This Way Comes,1972,1,tt2174151
743149,The Sex Victims,1973,1,tt0257150
30920,The Photographer,1974,1,tt0207007
446585,The Chaperone,1974,1,tt0279727
458002,The Enemy,1974,1,tt3126708
129858,Violated!,1975,1,tt0256308
216189,Have a Nice Weekend,1975,1,tt0219076
44960,The Clown Murders,1976,1,tt0072792
97317,House of Shadows,1976,1,tt0074649
215836,The Grim Reaper,1976,1,tt0273250
102042,Another Son of Sam,1977,1,tt0206553
508338,The Necrotic,1978,1,tt0788145
885284,All Our Love Spilled On The Walls,1979,1,tt30819095
253402,Diversion ...,1980,1,tt0330222
362419,Ecstatic Stigmatic,1980,1,tt0217425
29072,Night of the Zombies,1981,1,tt0082815
73458,Early Warning,1981,1,tt0350869
173305,Pickman's Model,1981,1,tt1141658
316233,Years of the Beast,1981,1,tt0243036
412683,Atrapados,1981,1,tt3549250
29214,Echoes,1982,1,tt0085471
227569,Early Frost,1982,1,tt0083868
494706,The Toxic Slime Creature,1982,1,tt7001000
30748,The Hereafter,1983,1,tt2148122
89718,Copperhead: The Snake Movie,1983,1,tt0248738
318000,Lock,1983,1,tt0256156
341725,Beasts,1983,1,tt0139883
344898,Hanging Heart,1983,1,tt0237296
84988,The Dark Side of Midnight,1984,1,tt0129861
89935,Thrillkill,1984,1,tt0092089
109074,Day of the Reaper,1984,1,tt0375691
900913,Puri,1984,1,tt0757311
85010,Victims!,1985,1,tt0138165
211998,Twisted Illusions,1985,1,tt0376278
216192,The New York Centerfold Massacre,1985,1,tt0495163
322493,Force of Darkness,1985,1,tt0249518
330938,Dark Echoes,1985,1,tt0319255
401432,Dead End,1985,1,tt0131260
459349,Tenderloin,1985,1,tt0495117
85138,Into the Darkness,1986,1,tt0137842
85144,Revenge,1986,1,tt0091848
113130,Bridge to Nowhere,1986,1,tt0090773
117961,Marauders,1986,1,tt0359658
124045,Night of Terror,1986,1,tt0244100
124118,Ghost Stories: Graveyard Thriller,1986,1,tt0215795
256239,Mania,1986,1,tt0091475
417869,If Looks Could Kill,1986,1,tt0091254
136212,Possession,1987,1,tt0093764
163514,The Darkside,1987,1,tt0092832
224078,Doctor Bloodbath,1987,1,tt0389932
312396,I Married a Vampire,1987,1,tt0085708
86690,Video Murders,1988,1,tt0096384
119786,Predator: The Quietus,1988,1,tt1757841
183760,Run If You Can,1988,1,tt0093892
292877,Astonished,1988,1,tt0092589
416203,Shadows of Blood,1988,1,tt5956832
425444,Shadow Dancing,1988,1,tt0096080
638464,Mad Move,1988,1,tt5813320
85177,Return of the Family Man,1989,1,tt0219275
163554,A Whisper to a Scream,1989,1,tt0098639
168859,Accidents,1989,1,tt0094607
220618,Fatal Images,1989,1,tt0183071
224615,Blind Fear,1989,1,tt0096944
247113,Death in Focus,1989,1,tt0456370
265472,Terrifying Tales,1989,1,tt0395785
298472,Blind Faith,1989,1,tt0299548
300144,Blood Brothers,1989,1,tt11227568
348195,Murder in Law,1989,1,tt0100208
388165,Heaven Becomes Hell,1989,1,tt0237304
642069,Murder On Line One,1989,1,tt0211531
153054,Shredder Orpheus,1990,1,tt0246231
202113,Ain't No Way Back,1990,1,tt0099004
215243,Love & Murder,1990,1,tt0104763
295278,Look Who's Toxic,1990,1,tt0100051
320175,Dark Romances Vol. 1,1990,1,tt0099361
354794,Torment,1990,1,tt2769814
360722,The Returning,1990,1,tt0100483
426067,Midnight Cabaret,1990,1,tt0100146
498937,The Monk,1990,1,tt0099609
28341,The Malibu Beach Vampires,1991,1,tt0362843
30482,Vampire's Embrace,1991,1,tt0249224
109320,Blood Symbol,1991,1,tt0137394
115816,Horror of the Humongous Hungry Hungan,1991,1,tt1312099
204627,Line of Fire,1991,1,tt0478914
227854,Soul of the Demon,1991,1,tt0241973
343476,Wolfman Chronicles,1991,1,tt0242146
348049,Stealth Hunters,1991,1,tt0230818
530918,Maxim Xul,1991,1,tt0102420
28079,Demon Lover,1992,1,tt0307526
29761,Dominion,1992,1,tt0196507
60602,Death Scenes 2,1992,1,tt0228199
131967,Homicidal Impulse,1992,1,tt0102208
155964,Reanimator Academy,1992,1,tt0491120
224677,Last Dance,1992,1,tt0102269
323371,Ninja Zombie,1992,1,tt8184986
361846,Dark Harvest,1992,1,tt0333303
415852,Blood Church,1992,1,tt0191010
465056,Alex's Apartment,1992,1,tt0379691
481975,Distortions,1992,1,tt0105447
208448,Zombie Genocide,1993,1,tt0473737
210179,Midnight 2,1993,1,tt0107568
224687,Burglar from Hell,1993,1,tt0198347
278305,Sandman,1993,1,tt0108038
311327,Death Dancers,1993,1,tt0135362
331151,Encounters,1993,1,tt0106814
459371,Young Goodman Brown,1993,1,tt0108634
212014,Wicked Games,1994,1,tt0111708
222025,Red Eyes,1994,1,tt1517783
224350,Twisted Tales,1994,1,tt0153362
291625,Stalked,1994,1,tt0111276
304897,The Regenerated Man,1994,1,tt0110960
312394,Saurians,1994,1,tt0265705
357817,The Devil's Pet,1994,1,tt0229334
360412,L.A. AIDS Jabber,1994,1,tt6659238
363887,Horrorscope,1994,1,tt2635180
378307,Heaven Is Only in Hell,1994,1,tt5173106
516778,Transgression,1994,1,tt0111476
27416,Freakshow,1995,1,tt0113111
27542,Vicious Kiss,1995,1,tt0183973
27695,Female Mercenaries on Zombie Island,1995,1,tt0262141
76467,Colony Mutation,1995,1,tt0155636
104063,Death Metal Zombies,1995,1,tt0470121
161367,Thriller Zone,1995,1,tt0400886
210194,Human Prey,1995,1,tt0113357
276926,Vamps: Deadly Dreamgirls,1995,1,tt0114826
299079,Dead Stop,1995,1,tt2241113
419171,Ghost Gunfighter,1995,1,tt0180742
640767,Suspicions,1995,1,tt0190053
148148,Night Crawlers,1996,1,tt0189804
276012,Satanic Yuppies,1996,1,tt0116246
306000,Head Games,1996,1,tt0362716
329399,Psycho Scarecrow,1996,1,tt0376095
348172,Caress of the Vampire 2: Teenage Ghoul Girl A Go-Go,1996,1,tt0185220
531393,Reindeer Games,1996,1,tt0234583
28483,Ravage,1997,1,tt0146170
30030,Eyes Are Upon You,1997,1,tt0126899
97810,The Bloody Ape,1997,1,tt0958826
170430,Man of Her Dreams,1997,1,tt0116976
249446,Dead Inn,1997,1,tt0336253
275869,I Was a Teenage Strangler,1997,1,tt1243936
342100,Vampire Holocaust,1997,1,tt0162733
429051,4 Cheerleaders of the Apocalypse,1997,1,tt0284805
485624,Mind Rage,1997,1,tt0251272
875893,Video Psycho,1997,1,tt8517784
27684,The Alien Agenda: Endangered Species,1998,1,tt0115501
27778,Going Under,1998,1,tt0369467
114187,Dead Students Society,1998,1,tt0168634
251365,The Strangers,1998,1,tt0242911
372639,Written in Blood,1998,1,tt0206698
376415,Disembodied,1998,1,tt0225528
377406,Bad Magic,1998,1,tt0300970
425968,Generation Ax,1998,1,tt0171339
432116,She: The Vampire,1998,1,tt0427840
567232,Mistress of Seduction,1998,1,tt0168075
738065,Garden Tool Massacre,1998,1,tt12988602
27688,Crimson Nights,1999,1,tt0303871
28183,Rage of the Werewolf,1999,1,tt0191391
77602,Faces of Gore,1999,1,tt0225679
245957,Nightfall,1999,1,tt1016213
246228,Banned! in America III,1999,1,tt0396486
246229,Banned! In America IV,1999,1,tt0397912
277377,Necromaniac: Schizophreniac 2,1999,1,tt0437353
419311,Ride with the Devil,1999,1,tt0240867
426701,Dementia,1999,1,tt0120416
441659,Limbo,1999,1,tt5874116
533007,Dead In The Pool 2,1999,1,tt36721584
76460,Dead Girl on Film,2000,1,tt2035487
79826,Faces Of Gore 2,2000,1,tt0246611
80733,The 13th Sign,2000,1,tt0263005
144086,Blood Red Planet,2000,1,tt0275229
203009,Blackwood Evil,2000,1,tt1443338
227611,The Slasher,2000,1,tt1098223
253365,I Never Left the White Room,2000,1,tt2199776
309772,Addicted to Murder 3: Bloodlust,2000,1,tt0264335
398871,Hot Vampire Nights,2000,1,tt0300000
400643,The Go-Go Girl Strangler!,2000,1,tt13154978
458573,Hardcore Poisoned Eyes,2000,1,tt0241526
500319,Lord of the Dead,2000,1,tt0434159
706236,Crimson Heather,2000,1,tt0218911
756540,Dark Light,2000,1,tt3124462
776949,"Extreme Life & Death: The Blair Witches of Shockumentaries, Part One",2000,1,tt0415785
804941,Traces Of Death: Special,2000,1,tt16426424
29350,Cremains,2001,1,tt0195614
30045,Victoria's Shadow,2001,1,tt0153533
77260,The Wind,2001,1,tt0329768
108888,The Vault,2001,1,tt0165526
147061,Dweller,2001,1,tt0385667
153186,Sanitarium,2001,1,tt0361507
255328,Harvesters,2001,1,tt0291230
294805,The Night Divides the Day,2001,1,tt2032554
332541,WatchUsDie.com,2001,1,tt0280193
351201,Phantom Love,2001,1,tt0285896
567451,Date with a Vampire,2001,1,tt0330198
40967,Severed,2002,1,tt0306063
123501,Stakes,2002,1,tt0337723
146168,NightThirst,2002,1,tt0309914
179142,Hatred Of A Minute,2002,1,tt0288040
199939,Urban Massacre,2002,1,tt0331040
200130,Bloody Streetz,2002,1,tt0344942
205104,Bleed,2002,1,tt0416609
211688,When Heaven Comes Down,2002,1,tt0344556
215490,A Candle in the Dark,2002,1,tt0799973
267441,Speck,2002,1,tt0321505
294753,Sleepless Nights,2002,1,tt0326635
296647,A Light in the Darkness,2002,1,tt0290233
309079,Insaniac,2002,1,tt0304197
318535,The Mesmerist,2002,1,tt0272730
334174,Last House on Hell Street,2002,1,tt0311422
348784,Cryptz,2002,1,tt0310933
392405,The Coven,2002,1,tt0306684
398887,Vampire Obsession,2002,1,tt0350278
445868,The Legend of Crazy George,2002,1,tt0347392
479188,Trance,2002,1,tt0120870
505596,Killer Love,2002,1,tt0304291
567450,Blood Craving,2002,1,tt0344941
574759,The Killbillies,2002,1,tt0410160
651514,The Craven Cove Murders,2002,1,tt0340069
707085,Valerie,2002,1,tt0352965
745179,Boo! The Movie,2002,1,tt0403890
28388,Severe Injuries,2003,1,tt0386019
85969,Evil Unleashed,2003,1,tt0343647
209959,The Seekers,2003,1,tt0358116
229761,Dawn,2003,1,tt0376558
230688,Exhumed,2003,1,tt0370545
273807,Last Exit (the underground film),2003,1,tt0375909
274218,The Revolting Dead,2003,1,tt0365685
276483,Bloodthirst: Legend of the Chupacabras,2003,1,tt0387075
426533,Machines of Love and Hate,2003,1,tt0300161
429001,Bloody Brothers,2003,1,tt8664006
433698,Spirit of the Glass,2003,1,tt0421879
449897,Next Victim,2003,1,tt0385906
525301,Boogeyman II: Redux,2003,1,tt7744254
637237,Minds of Terror,2003,1,tt0356891
1018542,Inside Inoxia,2003,1,tt9795244
18338,The Mailman,2004,1,tt0425218
27487,Fort Doom,2004,1,tt0400439
27758,Near Death,2004,1,tt0371846
27851,Vampiyaz,2004,1,tt0415348
69323,Street Tales of Terror,2004,1,tt0420227
82995,Sins of the Father,2004,1,tt0388414
96140,UnConventional,2004,1,tt0420285
143226,Reconciled,2004,1,tt0386737
170259,In the Dark,2004,1,tt0456069
177839,The Dead of Night,2004,1,tt0457652
207733,Half-Caste,2004,1,tt0408830
213788,Off the Beaten Path,2004,1,tt0417023
218112,Nursie,2004,1,tt0313013
276086,Creature Unknown,2004,1,tt0314204
281668,Demons at the Door,2004,1,tt0356518
283225,The Possession of Father Thomas,2004,1,tt1042906
352082,Blood Dancers,2004,1,tt0441846
405935,Stabbed in the Face,2004,1,tt2671270
422934,Stiff Odds,2004,1,tt1444277
469206,The Inn,2004,1,tt0435668
541526,Messengers,2004,1,tt0347534
890407,Crawler,2004,1,tt0426432
27714,Scar,2005,1,tt0453543
28096,Studio 666,2005,1,tt0427688
38829,Bubba's Chili Parlor,2005,1,tt1274419
46507,Torture Me No More,2005,1,tt0468560
67956,The Vampire Conspiracy,2005,1,tt0486771
81431,The Shunned,2005,1,tt0477374
106972,Bloodthirst 2: Revenge of the Chupacabras,2005,1,tt0455916
115229,The Path of Evil,2005,1,tt0438314
118625,Pleasures of the Damned,2005,1,tt1845848
135402,Dark Places,2005,1,tt0465434
166816,The Veil,2005,1,tt1692938
196670,Devoured: The Legend Of Alferd Packer,2005,1,tt1822210
249087,Pontianak Menjerit,2005,1,tt9815072
250879,Secret Room No. 7,2005,1,tt1996376
275637,Back Slash,2005,1,tt0443438
310591,Actress Apocalypse,2005,1,tt0451999
328382,Fangoria: Blood Drive II,2005,1,tt0493243
336921,My Demon Within,2005,1,tt0432968
341841,Crippled Creek,2005,1,tt0468464
380117,Light of Blood,2005,1,tt7147748
452137,Dead Serious,2005,1,tt0404908
458624,A Wicked Tale,2005,1,tt0462064
666344,Hamlet,2005,1,tt0818766
681996,Blood Angel 2,2005,1,tt0458331
903802,Winter's End,2005,1,tt0470168
27798,The Deepening,2006,1,tt0784984
55081,Night,2006,1,tt0481592
69686,After Sundown,2006,1,tt0442740
79277,Martyr,2006,1,tt0976146
85561,The Summer of the Massacre,2006,1,tt0937428
106271,Machined,2006,1,tt0436548
119158,Stump The Band,2006,1,tt0498390
139103,The Sorority,2006,1,tt0871019
148977,Savage Spirit,2006,1,tt0779285
227795,Purvos,2006,1,tt0940870
246688,Tiki,2006,1,tt0947089
270085,Stoned Dead,2006,1,tt0828455
282172,Frankenstein's Bloody Nightmare,2006,1,tt0871513
309732,Legend of the Sandsquatch,2006,1,tt0888508
320844,Feral,2006,1,tt0486577
343495,Creature of the Night,2006,1,tt2191653
378794,Acid Bath,2006,1,tt0775415
445675,Branded,2006,1,tt1347514
507336,When Evil Reigns,2006,1,tt0869162
543868,Detour Into Madness Vol. 2,2006,1,tt0487253
634281,Into the Woods,2006,1,tt0949430
24045,The Devil's Muse,2007,1,tt0372005
39297,Dead Teenagers,2007,1,tt1300571
46328,Gothic Vampires from Hell,2007,1,tt0496426
55209,June Cabin,2007,1,tt1067111
107980,Blood Oath,2007,1,tt0972362
121937,Each Time I Kill,2007,1,tt0317401
143967,Bleeding Rose,2007,1,tt0972547
166080,Blood Predator,2007,1,tt0914796
168325,April Fools,2007,1,tt1083844
180911,It Came From Another World!,2007,1,tt0861777
250417,Clay,2007,1,tt1193468
256552,The Horror Convention Massacre,2007,1,tt0829196
258097,Dead Line,2007,1,tt0442278
273135,Wishbaby,2007,1,tt0829318
273763,Antisocial Behaviour,2007,1,tt1058502
278478,Chasing Darkness,2007,1,tt1557181
286890,Greetings,2007,1,tt1186801
297792,On Bloody Sunday,2007,1,tt1129431
309397,Edgar Allan Poe's Darkness,2007,1,tt2204271
342380,Skare,2007,1,tt2776964
360041,Five,2007,1,tt1087446
364675,The Fearmakers Collection,2007,1,tt0984191
382240,Kill Syndrome,2007,1,tt3068648
387494,The Freakshow Apocalypse,2007,1,tt2189858
400712,Queen Cobra,2007,1,tt0972880
401559,Clown,2007,1,tt1059781
446453,Creek,2007,1,tt1023338
451635,Sick Bastard,2007,1,tt0968709
451732,Bell Witch: The Movie,2007,1,tt0385543
460008,Nephilim,2007,1,tt1720175
501389,GiAnts,2007,1,tt0446339
582249,Cope,2007,1,tt1110242
597692,Blood Bound,2007,1,tt1134554
625040,Click Bait,2007,1,tt7294636
691068,Blood Mask: the Possession of Nicole Lameroux,2007,1,tt0984971
752874,White Light,2007,1,tt13254344
763818,The Grindhouse Massacre,2007,1,tt5881272
1026244,The 3rd Floor,2007,1,tt1122575
27255,From a Place of Darkness,2008,1,tt0867295
42285,The Unknown Trilogy,2008,1,tt0462298
50395,Resurrection Mary,2008,1,tt0944142
55073,Destined to be Ingested,2008,1,tt1098337
60752,Fistful of Brains,2008,1,tt1204898
74398,Beneath the Mississippi,2008,1,tt0429658
77854,The Ghosts of Crowley Hall,2008,1,tt1294165
81839,Battle of the Bone,2008,1,tt1785299
95694,Frat House Massacre,2008,1,tt1015460
102308,The 13th Alley,2008,1,tt1090634
115285,Maniac On The Loose,2008,1,tt1269387
137746,The Recovered,2008,1,tt0979435
170075,Zygon: When Being You Just Isn't Enough,2008,1,tt2257268
173321,Little Red Devil,2008,1,tt0969292
232232,The Key,2008,1,tt1249412
240611,"Watch Horror Films, Keep America Strong!",2008,1,tt1501311
246485,Anak,2008,1,tt32741252
274214,Gatekeeper,2008,1,tt1706700
309378,Aspiring Psychopath,2008,1,tt1357352
373190,Prank,2008,1,tt1218509
388194,At the House of Madness,2008,1,tt1276376
401716,The Trek,2008,1,tt1331074
430345,Disgruntled,2008,1,tt1326938
436342,Slaughtered,2008,1,tt1160940
481682,The Evil Cat,2008,1,tt27625324
493462,Xenobites,2008,1,tt1287363
518993,Birthrite,2008,1,tt1176412
47335,Sculpture,2009,1,tt1276982
59114,Ice Scream: The ReMix,2009,1,tt1094598
75738,Psycho Holocaust,2009,1,tt1063103
113621,Disturbed,2009,1,tt1391545
115445,Goatsucker,2009,1,tt1508667
116581,Vampitheatre,2009,1,tt1493279
116610,The House That Jack Built,2009,1,tt1122765
132163,Shroud,2009,1,tt0963948
173365,Evil Offspring,2009,1,tt1653658
250100,Jangan Tegur,2009,1,tt1417079
250869,Deader Country,2009,1,tt1286139
253866,Hysterical Psycho,2009,1,tt1381597
255928,By The Devil's Hands,2009,1,tt1125924
259847,Gothkill,2009,1,tt1409584
271528,Blood Guardian,2009,1,tt1442488
291544,Paranormal,2009,1,tt1537874
294300,The Hiding,2009,1,tt1085518
300393,HalloweeNight,2009,1,tt1815731
346603,Quiet Nights Of Blood And Pain,2009,1,tt2066046
348540,The Possessed,2009,1,tt1067777
381905,Uncut,2009,1,tt1384598
443112,1013 Briar Lane,2009,1,tt1541061
452386,Hell House,2009,1,tt1519662
464180,The Queen of Screams,2009,1,tt0850705
501309,Haunted Airplane,2009,1,tt1204905
508248,The Lift,2009,1,tt1603488
508773,Bounty,2009,1,tt1494649
554427,Beast,2009,1,tt4359322
58027,White House,2010,1,tt1748288
127207,The Gruesome Death of Tommy Pistol,2010,1,tt1472590
219267,Escape,2010,1,tt1640122
255911,Tales of the Dead,2010,1,tt1723656
295202,Project Purgatory,2010,1,tt1395783
301382,The Maniac Project,2010,1,tt1702399
311010,Satan Claus,2010,1,tt25401492
316408,Jimmy Tupper vs. The Goatman of Bowie,2010,1,tt1615153
339059,The Black Mountain Madman,2010,1,tt1744792
355824,Dead of Knight,2010,1,tt1367177
376507,From the Inside,2010,1,tt1231594
428673,Unaired,2010,1,tt1734174
434303,Lamp Post Lane,2010,1,tt1810674
445905,Voodoo Cowboys,2010,1,tt1661311
445911,The Chainsaw Sally Show,2010,1,tt1691879
461514,Blood + Roses,2010,1,tt1207924
479755,Ingression,2010,1,tt1323962
552550,House of Hope,2010,1,tt1724551
557854,Doomsday County,2010,1,tt1294789
616862,The Wrong House,2010,1,tt1648194
642081,The Burningmoore Incident,2010,1,tt1555095
869046,Hysteria,2010,1,tt1078897
951443,The Greatest American Snuff Film,2010,1,tt1559365
57503,The Ascension,2011,1,tt1067062
57817,Red River,2011,1,tt1498568
72014,Rasuk,2011,1,tt2074425
78302,Echap,2011,1,tt2053354
86595,Victims,2011,1,tt1736048
87624,Deadly Dares: Truth or Dare Part IV,2011,1,tt1701213
87858,Ratline,2011,1,tt1336005
107872,Fugue,2011,1,tt1507920
114968,Home Sweet Home,2011,1,tt2069798
125647,Acid Head: The Buzzard Nuts County Slaughter,2011,1,tt1672166
147272,Bunker of Blood,2011,1,tt1753554
208160,Tontine Massacre,2011,1,tt1411252
250084,Lake Noir,2011,1,tt2273349
261179,13th Sign,2011,1,tt1863132
288137,Crowbar,2011,1,tt1756461
294160,Midsummer Nightmares,2011,1,tt2051930
298589,Mary Horror,2011,1,tt2104060
364219,Captive Audience,2011,1,tt2635942
392768,The Grayhaven Maniac,2011,1,tt4619830
496434,Apocrypha,2011,1,tt1922548
546342,Submerged,2011,1,tt1797498
628731,Found Footage,2011,1,tt1853565
637156,Psycho Santa 2,2011,1,tt18108292
639687,She Devils a Go Go,2011,1,tt2155464
668804,The Quarry,2011,1,tt2128699
680918,Ninja: Prophecy of Death,2011,1,tt1951204
709692,The Man in the Maze,2011,1,tt1721692
750306,Zombie Doomsday,2011,1,tt1844114
774131,Outtake Reel,2011,1,tt1954720
776666,Jenny Dixon Beach,2011,1,tt1946271
88014,Sesuatu Yang Tertinggal,2012,1,tt2203889
97649,The Legend of Harrow Woods,2012,1,tt0845952
103708,Aggressive Behavior,2012,1,tt1850459
119640,Sleeper,2012,1,tt1433183
136549,After the Dawn,2012,1,tt1839454
137062,The Killing Games,2012,1,tt1871406
137900,Three's A Shroud,2012,1,tt1951290
160560,Uwharrie,2012,1,tt2334966
246548,The Rafters,2012,1,tt1930526
255916,Below Ground,2012,1,tt2183716
263009,Deadly Presence,2012,1,tt2343086
266725,Ms. Cannibal Holocaust,2012,1,tt2188833
292525,When Death Calls,2012,1,tt1686044
295168,Surreal Sicko,2012,1,tt3452674
302506,Theatre of the Deranged,2012,1,tt2064980
303177,Dark Shade Creek,2012,1,tt3264090
305037,EXHIBIT X,2012,1,tt2169644
305058,Nothing Left,2012,1,tt2301276
323707,Psychotic,2012,1,tt2282703
334749,Blood Rites,2012,1,tt2004175
351743,Camera Phone,2012,1,tt2363119
353950,Remake,2012,1,tt2238899
409537,Loverboy,2012,1,tt2327397
410653,Undead Apocalypse,2012,1,tt2173566
416482,Astro Zombies: M4 - Invaders from Cyberspace,2012,1,tt1887669
469702,Project October,2012,1,tt2641314
472907,Absinthe,2012,1,tt2397310
495717,Attacked on Set,2012,1,tt2184552
587927,Bloody Christmas,2012,1,tt2148871
590483,Heart Attack! The Early Pulse Pounding Cinema of Kelly Hughes,2012,1,tt2518400
644695,Mr. Happy,2012,1,tt11193212
93100,Loss of Life,2013,1,tt2279105
169635,Case No. 666/2013,2013,1,tt2634824
207763,Dementamania,2013,1,tt2311776
208259,Chink,2013,1,tt2346170
210587,Yellow,2013,1,tt2563156
214979,The Profane Exhibit,2013,1,tt2066123
221562,Ghetto Goblin,2013,1,tt2214863
221782,Hell Glades,2013,1,tt3095900
221824,Tiger & Wolf,2013,1,tt2911548
224772,Deathly Love,2013,1,tt3112798
227267,Dry Bones,2013,1,tt2547290
238854,I Am No One,2013,1,tt3342734
247111,Doll Killer,2013,1,tt3111320
255292,DV,2013,1,tt2644690
268102,Zombie Planet 3: Kane Chronicles,2013,1,tt6914570
268575,All American Horror: Gateway to Hell,2013,1,tt2794762
270880,Survive,2013,1,tt2326886
281557,Bikini Bloodbath: Shakespeare,2013,1,tt2824926
294134,Epitaph: Bread and Salt,2013,1,tt1753788
300096,Garden of Hedon,2013,1,tt1737794
307123,The Legend of the 5ive,2013,1,tt2586058
320444,Dark Passions of a Sexual Serial Killer,2013,1,tt5097706
324234,You Better Watch Out!,2013,1,tt3390170
326992,The Bridgewater Triangle,2013,1,tt3315344
327021,Dog Dick,2013,1,tt4477194
331164,Frankenstein's Hungry Dead,2013,1,tt2624716
350718,The Truck,2013,1,tt2820954
362900,Strange Factories,2013,1,tt2150487
369868,Hellhounds,2013,1,tt2943990
388732,Zk3,2013,1,tt4615280
392702,Final Footage,2013,1,tt2802312
424266,Self Induced Nightmares,2013,1,tt2417586
471600,Prayers in the Dark,2013,1,tt2427816
529641,Midnight Man,2013,1,tt2937080
547479,The Ghost Club: Spirits Never Die,2013,1,tt1937374
552474,Vamp Bikers,2013,1,tt2649126
561030,The Devil Knows His Own,2013,1,tt2398316
573521,The Woods,2013,1,tt2644902
584060,Territory,2013,1,tt2528600
613712,Shallow Creek Cult,2013,1,tt2280986
619754,Within the Woods of Undead County,2013,1,tt3409208
882948,Itoro,2013,1,tt20861726
171287,Night of the Dolls,2014,1,tt2186940
256676,Mana,2014,1,tt3547464
259888,Dark Sister,2014,1,tt2231854
265085,The Lashman,2014,1,tt1727375
277552,Murder in Miami,2014,1,tt2181608
287527,Witches Blood,2014,1,tt3201704
291374,Sledge,2014,1,tt2708306
295154,Night of the Living Dead,2014,1,tt3393372
295155,Incorporeal,2014,1,tt3074916
295307,The Murders of Brandywine Theater,2014,1,tt2629936
297422,Basement,2014,1,tt3528318
299965,The House on the Wrong Side of the Tracks,2014,1,tt3159242
304480,Ekimmu the Dead Lust,2014,1,tt2364690
316005,Gilgamesh,2014,1,tt2323804
317156,Kids Get Dead 2: The Kids Get Deader,2014,1,tt3469384
321455,Holocaust Cannibal,2014,1,tt3878638
323528,Der Ritter,2014,1,tt4206624
328524,Dark Shade Creek 2,2014,1,tt4183234
334986,Heaven is Hell,2014,1,tt2170114
352650,Venial,2014,1,tt3377886
372581,Snuffet,2014,1,tt3980840
377325,Serial Kaller,2014,1,tt2787908
385378,Gemini,2014,1,tt3659278
403299,Dogman 2: The Wrath of the Litter,2014,1,tt2989748
412966,All Sinner's Night,2014,1,tt5235434
431948,The Summoning,2014,1,tt1880379
454030,Rumah Gurita,2014,1,tt4005598
458133,Catatonia,2014,1,tt3419906
482201,Neighbours,2014,1,tt3592020
500985,Case#13,2014,1,tt3826940
507331,A Girl,2014,1,tt8902894
538811,Murder Party 2,2014,1,tt6343610
551220,Fairfield,2014,1,tt2975776
580334,Torn: A Shock Youmentary,2014,1,tt2876460
582194,The Trinity of Darkness,2014,1,tt4424404
649924,The Hideout,2014,1,tt2392435
718962,Johnny Ghoulash Escapes from Creightonville,2014,1,tt4022608
719704,The Lesser Evil,2014,1,tt4247092
782140,Carnivale Creepshow,2014,1,tt9208638
851539,F.U.B.A.R.,2014,1,tt2275685
956524,Through the Devil's Eyes,2014,1,tt3161308
993398,Witching Hour,2014,1,tt4473620
313710,A Date With Ghosts,2015,1,tt3089084
327894,Story of Eva,2015,1,tt3078752
342732,Franklin: A Symphony of Pain,2015,1,tt3884666
351319,Chain Mail,2015,1,tt4877660
360928,House of VHS,2015,1,tt3196692
362726,Loving a Vegetable,2015,1,tt4048592
363987,Fractional,2015,1,tt2082276
366789,Badi,2015,1,tt12161996
374023,Haunted Mansion,2015,1,tt3875444
374795,Memento Mortis,2015,1,tt5195730
387911,Hangman's Game,2015,1,tt1827429
395389,Bound X Blood: The Orphan Killer 2,2015,1,tt14143622
395926,Unholy,2015,1,tt4762630
397137,The Devil's Woods,2015,1,tt2938230
441716,Arisen,2015,1,tt3279182
443094,Pregnant,2015,1,tt3831422
451008,Brackish,2015,1,tt5130230
456543,The Mime,2015,1,tt3744032
500381,Reunion,2015,1,tt2748630
520026,Exposure,2015,1,tt4533604
551957,Disintegration,2015,1,tt5078180
560717,Requiem,2015,1,tt8179740
568766,Family Secret,2015,1,tt1700807
574656,Harvest of the Dead,2015,1,tt3856188
605786,Frankenpimp's Revenge: The Romeo and Juliet Massacre,2015,1,tt1590031
699378,Black Eyed Children: Let Me In,2015,1,tt3679978
730766,Isolation 119,2015,1,tt4826714
109442,The Trick or Treaters,2016,1,tt3649946
299504,Life Raft,2016,1,tt3127352
334895,Footsoldier,2016,1,tt3750692
362304,The Red Man,2016,1,tt3154604
379515,In The Hell of Dixie,2016,1,tt3355152
381149,The Yearly Harvest,2016,1,tt4490220
384188,Distiller,2016,1,tt4338076
385713,Androgynym,2016,1,tt4572722
392432,Endless,2016,1,tt5581756
396510,Immune,2016,1,tt4692364
400628,A Wish for the Dead,2016,1,tt3691468
402959,Evil Exhumed,2016,1,tt5311056
407659,The Butcher,2016,1,tt5742880
408554,Initiation,2016,1,tt2781612
418804,Fall Breakers: The Making of 'The Mutilator',2016,1,tt5500480
421665,And Hell Awaits,2016,1,tt5993044
423269,Halloween Spookies,2016,1,tt5214966
425238,Citrus Springs,2016,1,tt3688642
426502,Bloody Blacksmith,2016,1,tt5795332
428396,One Night of Fear,2016,1,tt4165838
432267,Forgotten Tales,2016,1,tt3539424
434385,Blessed Are the Children,2016,1,tt5622770
434703,Dead Ring,2016,1,tt6409482
438858,Realms: Hunt for the Shadow Man,2016,1,tt5419896
440710,The Spiritualist,2016,1,tt4418152
443257,American Scumbags,2016,1,tt6324856
450372,Worst Fears,2016,1,tt5813250
459077,Dead End,2016,1,tt1723108
476532,Legacy Of Thorn,2016,1,tt2949614
498069,House of Whores 2: The Second Cumming,2016,1,tt4915308
498661,Volumes of Blood: Horror Stories,2016,1,tt6211920
503661,Poltergeist Encounters,2016,1,tt6144682
509899,Kingdom of Sin,2016,1,tt5022902
532742,Banshee Blacktop,2016,1,tt4420946
556889,The Obsidian Curse,2016,1,tt5478654
568879,The Prophets of Ignorance,2016,1,tt6241046
622193,The Twisted Death of a Lonely Madman,2016,1,tt2978048
642473,Feast of Fear,2016,1,tt3509702
691546,Dark Side of the Moon,2016,1,tt6014474
824915,Room For Rent,2016,1,tt5959904
865390,From Dust,2016,1,tt6226136
876269,Aylesbury Dead,2016,1,tt4521254
882904,House On The Hill,2016,1,tt15658958
426530,Theta States,2017,1,tt5419398
434591,The Domicile,2017,1,tt5585662
443711,UK18,2017,1,tt5254886
444609,Night Kaleidoscope,2017,1,tt3776068
448263,They Are Mine!,2017,1,tt5515054
450377,Holy Terrors,2017,1,tt7218856
451581,Avarice,2017,1,tt1862451
452405,Dogged,2017,1,tt5579356
454974,Bayou Ghost Story,2017,1,tt5941004
455227,Souleater,2017,1,tt1698655
455350,Behind the Random Denominator,2017,1,tt5923748
460010,The Goblin,2017,1,tt6086876
463767,Three Tears on Bloodstained Flesh,2017,1,tt2112308
463780,"Die, My Dear",2017,1,tt4874812
469359,Witchcraft 16: Hollywood Coven,2017,1,tt4760268
470568,Factory of Paranormal,2017,1,tt4830836
475605,Prank Week,2017,1,tt7220586
476348,Slasher Night,2017,1,tt7346798
476366,The Z Effect,2017,1,tt4360458
477408,Murder Made Easy,2017,1,tt5835256
480721,She Was So Pretty: Be Good For Goodness Sake,2017,1,tt6421998
480803,Devil's Night,2017,1,tt3626368
483952,The Black Gloves,2017,1,tt6819948
484853,Messenger of Wrath,2017,1,tt6456384
485806,Exorcism of the Dead,2017,1,tt6508974
488613,A Rough Cut 2,2017,1,tt7566920
489108,Dracula in a Women's Prison,2017,1,tt6413038
489126,Slasher House 2,2017,1,tt4699434
489712,Interlaced,2017,1,tt4087816
497830,60 Seconds to Die,2017,1,tt4942694
498507,Death at a Barbecue,2017,1,tt5904552
504169,Blood Moon River,2017,1,tt5925370
504693,Surviving the Outbreak,2017,1,tt5087914
504839,Graveyard Stories,2017,1,tt6287252
505220,Hitler Lives!,2017,1,tt6667438
515926,Retreat,2017,1,tt5582856
516028,"Your Flesh, Your Curse",2017,1,tt5125562
519418,Witch-Hunt,2017,1,tt6293796
524433,The Unseen,2017,1,tt7273646
550674,She Rises,2017,1,tt2842938
563626,Texas Terror Tales,2017,1,tt8836308
565481,The Decayed,2017,1,tt7069672
567898,Kill Teaser,2017,1,tt5754892
575924,The Acid Sorcerer,2017,1,tt7018288
578744,The Moose Head Over the Mantel,2017,1,tt5740994
579426,It Came from Below,2017,1,tt5921464
589178,Aggression,2017,1,tt5887262
593510,Everfall,2017,1,tt5700494
639705,One Night in October,2017,1,tt7458638
646401,The Vampire King,2017,1,tt7625154
697399,He Belongs to Us,2017,1,tt5020712
816187,Into the Outbreak,2017,1,tt5801522
435417,Something Sinister,2018,1,tt2791290
439013,Deep Web XXX,2018,1,tt6476146
495031,Demon,2018,1,tt7275352
502574,Shellmont County Massacre,2018,1,tt3827958
505557,Blood Vow,2018,1,tt4372084
513297,Fear Level,2018,1,tt6807256
516042,Ouijageist,2018,1,tt5232468
517098,Atelophobia: Chapter 2,2018,1,tt5258324
524296,"Strike, Dear Mistress, and Cure His Heart",2018,1,tt7364784
526196,Lyco,2018,1,tt5466826
534223,Grindsploitation 5: Schlocksploitation,2018,1,tt6338444
544030,College Pranks,2018,1,tt2160125
546150,The Lease,2018,1,tt7721742
549278,7:02 Only the Righteous,2018,1,tt8128970
549923,Finders Keepers,2018,1,tt4841716
550108,Live,2018,1,tt8890230
552457,Aswang,2018,1,tt3628356
552481,Pharisee,2018,1,tt6361212
552482,Lowriders vs Zombies from Space,2018,1,tt7118702
554112,Conspiracy X,2018,1,tt5831668
554694,Sleep Eaters,2018,1,tt6218234
564281,House of Pain,2018,1,tt9200668
564518,Vanished,2018,1,tt7422416
565979,The Sunday Night Slaughter,2018,1,tt5546270
566092,The Dead Bodies in #223,2018,1,tt7329916
566643,Scariest Night of Your Life,2018,1,tt8618712
568016,Remote Viewing,2018,1,tt7335732
574190,Sever,2018,1,tt3638444
578546,Paranormal Farm 2 - Closer to The Truth,2018,1,tt8991200
582898,Urban Legacy: The Story Behind Urban Legend,2018,1,tt9225048
589607,Out of Gas,2018,1,tt8505942
592029,5ive Must Die,2018,1,tt10188152
596795,8 Ball Clown,2018,1,tt6704038
600339,The Chicken Party,2018,1,tt7423450
603565,Muerte: Tales of Horror,2018,1,tt6025356
605488,Monster,2018,1,tt6840904
608260,Crepitus,2018,1,tt5300736
626873,The Brides,2018,1,tt6730778
627533,American Antichrist,2018,1,tt8938526
629228,Rage of the Mummy,2018,1,tt6080382
643743,Tales From The Campfire,2018,1,tt3726408
646435,Terror! Death! Revenge!,2018,1,tt8725480
654852,Dark Winter,2018,1,tt7984130
669705,Grandma's House,2018,1,tt8637302
683891,Hollow Scream,2018,1,tt7101994
692559,Paranoia Tapes 3: Siren,2018,1,tt7892584
711641,Locked Alone,2018,1,tt9013006
759230,The Seventh Page,2018,1,tt8503240
913726,The Blair Witch Legacy,2018,1,tt7740342
509901,Deadly Reunion,2019,1,tt3968004
525639,House of the Gorgon,2019,1,tt7406430
575187,The Pining,2019,1,tt6603700
579958,Loveland,2019,1,tt9052266
580138,Suburban Coven,2019,1,tt4734108
583505,Godforsaken,2019,1,tt10260554
583512,Bad Dose,2019,1,tt6499516
583525,65th,2019,1,tt7234202
584106,Creature from Cannibal Creek,2019,1,tt8944070
587176,Bloody Shadow,2019,1,tt6499248
594770,Fat Guy with a Shotgun,2019,1,tt6953896
596704,Necropolis: Legion,2019,1,tt10531134
597889,Queen of Snakes,2019,1,tt10262168
599776,Psychedelic Psychopaths,2019,1,tt6280064
600718,Hell's Belle,2019,1,tt8764762
600734,Demon Squad,2019,1,tt4219706
600938,Texas Zombie Wars: El Paso Outpost,2019,1,tt6607258
600963,Nun's Deadly Confession,2019,1,tt7278120
601446,Something Crashed in the Woods,2019,1,tt7391272
603138,Dark Place,2019,1,tt10438238
604149,The House of Murderers,2019,1,tt10358740
605139,A Killer Awaits,2019,1,tt10274598
610442,Underwood,2019,1,tt4355116
616329,Wild Boar,2019,1,tt4012230
617523,The Silence Of Running Water,2019,1,tt9848400
627050,Silver Stars on Red Velvet,2019,1,tt7966836
628637,The Dark Days of Demetrius,2019,1,tt10809934
630055,Bigfoot Girl,2019,1,tt11058740
635710,Scarecrow County,2019,1,tt9891874
636530,Killer Queen,2019,1,tt10794906
638090,Warnings,2019,1,tt8657548
638467,Jackson,2019,1,tt7923350
643272,Genomorph,2019,1,tt6283778
643592,The Fear of Looking Up,2019,1,tt6112986
644262,Blood Cove,2019,1,tt11069456
645513,A Stranger Among The Living,2019,1,tt9741362
649078,Fawn,2019,1,tt4958794
659501,The Death Pledge,2019,1,tt7950028
659822,VI,2019,1,tt10054544
661917,The Theatre of Terror,2019,1,tt9881330
662474,Interment,2019,1,tt8656642
677063,Habitual,2019,1,tt10847812
682641,Blood Hunters: Rise Of The Hybrids,2019,1,tt6754712
693544,Beneath the Black Veil,2019,1,tt8201900
709559,The Kingdom of Var,2019,1,tt7053940
712510,Axegrinder  2,2019,1,tt10983270
720312,No Sin Unpunished,2019,1,tt6787238
729832,Parched 2: Hangry,2019,1,tt10929084
730189,Blood Of The Mummy,2019,1,tt7053948
738475,Where Is She?,2019,1,tt11089638
739596,Beasts of the Field,2019,1,tt5736258
741964,Carolina Grindhouse: Anderson's Own Horror Movie,2019,1,tt11295868
769319,Country of Hotels,2019,1,tt3893206
778560,Blood Cell,2019,1,tt10767010
870383,Detention,2019,1,tt7738704
956351,The Supernatural,2019,1,tt31996489
410238,Tear Us Apart,2020,1,tt4630874
429724,Browse,2020,1,tt5580306
434772,The Onania Club,2020,1,tt1880419
518800,There's No Such Thing as Vampires,2020,1,tt3155720
558450,Home Stay,2020,1,tt6992258
561895,Nothing But the Blood,2020,1,tt11742524
577658,Girl Blood Sport,2020,1,tt9485592
607244,Cannibal Hookers,2020,1,tt7798918
630377,The 5th Dimension,2020,1,tt3869246
637272,Teacher Shortage,2020,1,tt8555778
640462,Kill Giggles,2020,1,tt8998598
645452,The Truth Will Out,2020,1,tt9371362
645746,Millennial Killer,2020,1,tt8090624
651680,Entombed,2020,1,tt8414224
651692,Virtual Death Match,2020,1,tt8444510
669342,The Doctor's Monster,2020,1,tt9201634
671248,Sanzaru,2020,1,tt7975576
671603,Bigfoot's Bride,2020,1,tt7771622
675256,ClownDoll,2020,1,tt8066470
681719,Sunset on the River Styx,2020,1,tt5742712
684051,Violet,2020,1,tt9521590
686112,Zombie Rampage 2,2020,1,tt8894126
686120,The Slaughterhouse Killer,2020,1,tt12223620
687979,Room 441,2020,1,tt11702678
689478,Detroit Driller Killer,2020,1,tt11523762
693905,The House Invictus,2020,1,tt7928156
704646,The Life of Grace,2020,1,tt11557312
713582,Murder Hornets,2020,1,tt12304094
715260,Variant,2020,1,tt10586578
718892,The Goocher,2020,1,tt9398530
721952,Homecoming Massacre,2020,1,tt11890910
722516,Stab! Kill! Die!,2020,1,tt14857090
724963,Hawaiian Ghost Stories,2020,1,tt27942911
728305,The Last Five Days,2020,1,tt8211996
729938,Riders on the Storm,2020,1,tt5028270
733866,The Mountain Kings,2020,1,tt11750260
736611,Ravenstein,2020,1,tt11373084
737586,The Trees Have Eyes,2020,1,tt2990352
737881,Blood Cove 2: Return of the Skull,2020,1,tt11965610
740267,Naked Cannibal Campers,2020,1,tt12524030
741651,Zombies from Sector 9,2020,1,tt5948114
742179,Bloomfield,2020,1,tt12250908
745050,Ride Scare,2020,1,tt13062088
749039,Dangerous to Know,2020,1,tt6119900
750620,FUN.,2020,1,tt9842792
751436,Survival Guide,2020,1,tt11594696
754824,Sebastian’s Unholy Flesh,2020,1,tt13242274
756956,The Klatos Paradox,2020,1,tt11496780
758241,Wreck,2020,1,tt7282482
758292,Key Lime Voodoo,2020,1,tt12403412
759397,Godforsaken,2020,1,tt11887694
759409,American Scarecrow,2020,1,tt21289826
760308,After the Flames: An Apocalypse Anthology,2020,1,tt13380054
760312,Ctrl+Alt+Trick/Treat,2020,1,tt13374176
760688,A Place Among the Dead,2020,1,tt13060796
762645,Squatter,2020,1,tt8245904
763053,Brides of Satan,2020,1,tt6079652
763345,Terror at Bigfoot Pond,2020,1,tt12752158
764813,The Project,2020,1,tt7853142
765923,Paranoia Tapes 5: Rewind,2020,1,tt7915048
766530,Paranoia Tapes 6: 06:06:06,2020,1,tt7943532
766579,Alpine Lake,2020,1,tt5731742
767204,Paranoia Tapes 7: Felts Field,2020,1,tt7977628
767210,Paranoia Tapes 8: DVD+,2020,1,tt7977738
769629,Nuns: An Italian Horror Story,2020,1,tt7066678
769657,A Quarantined Christmas,2020,1,tt7944518
771555,Let's Not Meet in the Woods,2020,1,tt12174436
782236,Flesh Is Heir To,2020,1,tt9012672
798091,C.L.E.A.N.,2020,1,tt6836734
814084,Reap,2020,1,tt8636926
823339,The Exorcism in Amarillo,2020,1,tt12906778
861523,House Monster,2020,1,tt12986812
877106,The Odd World of Felicia Fisher,2020,1,tt15557692
892075,Harvest of the Dead: Halloween Night,2020,1,tt8571594
964609,It Ends With A Knife,2020,1,tt10974942
441750,Jack the St. Ripper,2021,1,tt6480068
584147,Apparitions,2021,1,tt9664948
638091,Repossession,2021,1,tt8574124
660001,Dead & Beautiful,2021,1,tt10639214
660727,Death Rider in the House of Vampires,2021,1,tt11505680
726507,Blood Pageant,2021,1,tt7184122
737885,The Test,2021,1,tt6157414
738748,Ebola Rex,2021,1,tt12680102
739901,The Possessed,2021,1,tt14438348
741686,Bloody Summer Camp,2021,1,tt10959454
757838,The Darkness,2021,1,tt8876488
758506,Last of the Grads,2021,1,tt13361442
765128,A Black Rift Begins to Yawn,2021,1,tt8962346
769397,Giving Up Forever,2021,1,tt9256474
771157,Paranormal Doorways,2021,1,tt7905078
772576,Forgiveness,2021,1,tt9185128
778583,Taste of Blood,2021,1,tt12502702
781326,Amityville in the Hood,2021,1,tt12430040
782072,Obsidian,2021,1,tt11821122
784858,The Awakening of Lilith,2021,1,tt9135240
787344,Devil in the Woods,2021,1,tt9296822
794686,Bottle Monster,2021,1,tt11219136
798296,Companion,2021,1,tt12093604
803142,The Haunting of Hythe House,2021,1,tt11593944
806204,60 Seconds to Die 3,2021,1,tt5576912
808039,American Liar,2021,1,tt13243250
814615,Doll Face,2021,1,tt12192636
815088,At Night Comes Wolves,2021,1,tt8778040
818972,"Wrong Place, Wrong Time",2021,1,tt13281312
819926,Hellbox,2021,1,tt14430560
820645,So Vam,2021,1,tt14489988
830524,Pretty Boy,2021,1,tt14061328
830794,Open Your Eyes,2021,1,tt12492264
833468,Confined,2021,1,tt12843864
835742,Something in the Shadows,2021,1,tt8756966
835746,There's Something in the Shadows,2021,1,tt14741844
837542,Room 9,2021,1,tt8075402
841946,Sustainable Life With Unlimited Transformations,2021,1,tt13642786
848912,Barf Bunny,2021,1,tt14648390
851782,Alone with Bigfoot,2021,1,tt11722496
852565,Kicking Blood,2021,1,tt13464274
856015,I Live Alone,2021,1,tt14349790
856680,Tales of Legend,2021,1,tt14381672
858159,Human Resources,2021,1,tt9085008
858790,The Exchange,2021,1,tt7527960
859912,Autumn Road,2021,1,tt14110504
861264,Triaphilia,2021,1,tt15126962
861367,Familiars,2021,1,tt15251036
862035,If She Screams,2021,1,tt8278572
866376,Spoken,2021,1,tt6455590
869136,Clowns in the Woods,2021,1,tt12908378
869710,Beyond Paranormal,2021,1,tt11121174
872325,Detak,2021,1,tt11423002
876254,At the Mountains of Madness,2021,1,tt13289298
878958,Ouija Japan,2021,1,tt11162178
879600,The Black Book,2021,1,tt6472860
880381,The Eden Theory,2021,1,tt6901648
880515,Gateway,2021,1,tt8765666
881138,Dr. Prim,2021,1,tt1385479
883034,Vore Gore,2021,1,tt13660794
883347,Vampire Nymphets,2021,1,tt15574696
884536,Lucifer's Satanic Daughter,2021,1,tt9038674
887265,Amityville Cop,2021,1,tt6680576
887318,Dante's Shadow of Sin,2021,1,tt15690918
888694,The Devil Came Home,2021,1,tt13388260
892110,Dead County,2021,1,tt12533524
892219,Blood House,2021,1,tt13013162
896163,Portal Runner,2021,1,tt7979258
896352,Adopted,2021,1,tt5307156
897954,Safe House 1618,2021,1,tt14054294
898563,The Zeme,2021,1,tt15554840
912734,Morbid Colors,2021,1,tt9138804
914228,Intervention,2021,1,tt13479822
916489,Scream of the Blind Dead,2021,1,tt15614226
917708,The Wrong Sarah,2021,1,tt14502754
925168,The United States of Horror: Chapter 1,2021,1,tt13110506
953482,Apollyon - The Black Awakening,2021,1,tt2328772
993049,Dark Light,2021,1,tt15035760
663712,Terrifier 2,2022,1,tt10403420
724585,Birdemic 3: Sea Eagle,2022,1,tt15701872
797333,Freak,2022,1,tt12256338
805473,The Breach,2022,1,tt14229154
829410,Sick,2022,1,tt14642626
844380,Nix,2022,1,tt14292086
854890,The Haunting of Pendle Hill,2022,1,tt11995784
873096,Night Caller,2022,1,tt14214670
876084,Feeders 3: The Final Meal,2022,1,tt13309464
878750,Presence,2022,1,tt12993004
879672,Flee the Light,2022,1,tt13141936
882754,Rust Belt Driller,2022,1,tt13400482
883185,The Fall of Usher,2022,1,tt15206662
888212,The Scout,2022,1,tt10670858
888502,As a Prelude to Fear,2022,1,tt3804376
901418,Croc!,2022,1,tt14045614
912865,Monsters in the Closet,2022,1,tt15295190
913415,Honeycomb,2022,1,tt16756254
922504,Blight,2022,1,tt12138298
924323,Exorcist Vengeance,2022,1,tt14242578
928773,Whisper,2022,1,tt6344890
931375,CHEST,2022,1,tt9568318
931529,Unboxed,2022,1,tt10542492
931594,Unborn,2022,1,tt16027608
936042,60 Seconds to Live,2022,1,tt13135756
941041,Texas Chainsaw Mascara,2022,1,tt16417990
945071,Satu Untuk Selamanya,2022,1,tt18884826
945093,Deep Hatred,2022,1,tt9070824
954509,Fortess of Sin,2022,1,tt14508404
955455,8 Days to Hell,2022,1,tt7033820
955950,The Blacklight,2022,1,tt7317866
960688,Remember Me,2022,1,tt7990108
962486,Desert Shadows,2022,1,tt9339936
964873,A Wounded Fawn,2022,1,tt13434562
966723,The Phantom Lake Kids in: The Day the Earth Abruptly Almost Ended,2022,1,tt15600102
969048,Halloween Jack 3D,2022,1,tt21299554
969725,The Creeping,2022,1,tt10929458
969728,Woman In The Chair,2022,1,tt11929598
974264,The Ones You Didn’t Burn,2022,1,tt14080416
977994,The Blackwell Ghost 6,2022,1,tt20417334
985062,Cannibal Tick,2022,1,tt13108420
985890,Among the Living,2022,1,tt15693732
987911,Piranha Women,2022,1,tt19365926
988857,Harmony,2022,1,tt14556190
990982,Last the Night,2022,1,tt14263856
996658,All Jacked Up and Full of Worms,2022,1,tt12264824
1003821,Splinter,2022,1,tt13927000
1005772,Jikirag,2022,1,tt12700358
1007205,York Witches Society,2022,1,tt14772558
1008412,Loon Lake,2022,1,tt10985648
1017328,There's Snow Escape!,2022,1,tt17057254
1019542,Tom,2022,1,tt15300538
637250,Savage Vengeance,2023,1,tt8546642
781331,Hell of the Screaming Undead,2023,1,tt12142522
897343,Incubus: New Beginnings,2023,1,tt15824136
933900,Misery Mountain,2023,1,tt17541226
943701,4 Halloween,2023,1,tt18335168
1024555,A Dream House,2023,1,tt13388176
1035995,Hunting for the Hag,2023,1,tt15082864
1058936,2551.02 – The Orgy of the Damned,2023,1,tt26691709
1064014,Rewilding,2023,1,tt21078792
1072070,They Call Her Headhunter,2023,1,tt24759978
1078136,The King In Yellow,2023,1,tt25816248
1079235,Cabin Tales,2023,1,tt21110216
1079421,The Things We Cannot Change,2023,1,tt22020050
1081000,Dollhouse,2023,1,tt15731330
1081706,Hail Mary,2023,1,tt11125634
1085053,Guts on The Chainsaw,2023,1,tt26231212
1087803,This Land,2023,1,tt17061528
1088982,The Burial,2023,1,tt15029062
1095807,Dr. Saville's Horror Show,2023,1,tt10151386
1098513,Seeds of Satan,2023,1,tt22816038
1101813,Half Dead Fred,2023,1,tt15010318
1102000,Boneless,2023,1,tt7423358
1103192,Homicidal Harry,2023,1,tt21806352
1105462,Unfinished Business,2023,1,tt19428542
1108405,Return to the Theatre of Terror,2023,1,tt26752762
1114562,Autumn Moon,2023,1,tt27499073
1115315,Darkest of Lies,2023,1,tt19796864
1121903,Mega Lightning 2,2023,1,tt27130279
1122217,Amityville Emanuelle,2023,1,tt21223038
1124152,Saurians 2,2023,1,tt27252883
1124464,The People in the Shadows,2023,1,tt27803929
1124792,13 Sherwood Avenue,2023,1,tt27714650
1124914,Jack and Jill 3,2023,1,tt25969212
1128596,Big Freakin' Snake,2023,1,tt27796557
1130784,WOKE,2023,1,tt25367134
1134562,The Woman Under the Stage,2023,1,tt19785624
1135978,Nundead,2023,1,tt27574270
1136100,Unnatural Causes,2023,1,tt28116590
1145279,Ragdoll,2023,1,tt27747497
1149033,Sebastian,2023,1,tt8084498
1152330,I Know What You Need,2023,1,tt15078286
1157693,Attack of the Corn Zombies,2023,1,tt27430218
1158680,The Madness of Humpty Dumpty,2023,1,tt25969130
1164362,Lights Over Montgomery County,2023,1,tt27932470
1174194,Krispr,2023,1,tt13110406
1175182,Big Brood,2023,1,tt23870832
1175992,Her Dark Reflection,2023,1,tt29310845
1179165,Zombie Rage,2023,1,tt16410284
1181215,Glowzies,2023,1,tt29168943
1181830,Split Screen,2023,1,tt29173274
1183104,The Devil's Work,2023,1,tt4743588
1188278,Artifacts of Fear,2023,1,tt7895850
1189510,The Devil's Music,2023,1,tt15006446
1190151,Las Vegas Frankenstein,2023,1,tt26771809
1199990,The Undead,2023,1,tt20770648
1205084,Stalking,2023,1,tt29954304
1209827,A Man Goes on a Killing Spree,2023,1,tt24214758
1210253,Slice 2! Children of the Course,2023,1,tt20234604
1216358,Sex Game,2023,1,tt27299972
1217964,521 North Main Street,2023,1,tt28418991
1218704,The Holy Trinity,2023,1,tt15281656
1222912,I Slay On Christmas,2023,1,tt26146816
1224118,Rival,2023,1,tt20447452
1224479,Amityville Elevator,2023,1,tt27616297
1226787,VIY: The Lost Tapes,2023,1,tt28379047
1230453,The Resurrection Man,2023,1,tt8211492
1231258,Shriek,2023,1,tt33095525
1233571,The Hanged Girl,2023,1,tt29634610
1238437,Brides of Boogeymen,2023,1,tt31722384
1243910,Washerwoman,2023,1,tt24512806
1248876,Group,2023,1,tt25237924
1256988,Black Slasher,2023,1,tt30412607
1261261,Gore,2023,1,tt28225775
1271250,Penumbra 2,2023,1,tt23522578
1287449,The Bottomfeeder,2023,1,tt27747850
1309669,The Trial of Jack the Ripper,2023,1,tt32477026
1333929,The Jealous Daughter,2023,1,tt27812539
1369991,Full Moon Fever,2023,1,tt29456738
1426939,Unknown Crimes,2023,1,tt32159479
1433015,Ghosts in the Graveyard: Pure Pandemonium,2023,1,tt25584410
1484760,Prowling,2023,1,tt26012376
1541668,Sayulita Chrome,2023,1,tt28980718
1630853,Michael and Ghostface: Best Buds THE MOVIE,2023,1,tt30058002
1668071,Near,2023,1,tt21858808
589876,Portraits,2024,1,tt6786948
637312,Dinner with Leatherface,2024,1,tt5862740
935720,Protanopia,2024,1,tt15191954
981777,Big/Bad/Wolf,2024,1,tt15761540
1029033,Watch Them Come Blood,2024,1,tt21745294
1036239,Baby Oopsie 3: Burn Baby Burn,2024,1,tt23337984
1056030,In the Room Where He Waits,2024,1,tt23862956
1064909,The Caregiver,2024,1,tt21079526
1071244,Cold Blooded,2024,1,tt5618528
1081575,Amityville Turkey Day,2024,1,tt26421126
1120863,The Haunted Studio,2024,1,tt17542684
1128299,Trivial,2024,1,tt15267776
1129068,The Color of the Sun,2024,1,tt15426932
1142820,The Frontrooms,2024,1,tt31508894
1147240,The Stalking,2024,1,tt28267564
1155516,Happy Halloween,2024,1,tt13664566
1172726,Midnight Harvest,2024,1,tt28230803
1178831,Woke,2024,1,tt28484284
1192205,Invited,2024,1,tt20601658
1200866,The Only Child,2024,1,tt29253839
1205801,Tahoe Joe 2: The Sierra Nevada Bigfoot Conspiracy,2024,1,tt28437619
1234008,Bring Me A Skin For Dancing In,2024,1,tt21275446
1236868,Blood Gorge,2024,1,tt31937617
1254234,Blood Dried Hands,2024,1,tt17137520
1258751,The Hallowed Knight,2024,1,tt29926244
1264954,The Last Chainsaw Massacre,2024,1,tt32868746
1265257,Adze the African Vampire,2024,1,tt31124207
1265659,Night Games,2024,1,tt14898414
1268163,The John Perkins Tapes,2024,1,tt31629556
1269908,Bigfoot: Grip of the Monster,2024,1,tt30422726
1271257,Penumbra: Requiem,2024,1,tt27591684
1275126,Wrong Places,2024,1,tt32103364
1277151,The House on Mansfield Street II: Evil Next Door,2024,1,tt30958193
1277587,Bittertooth,2024,1,tt26935950
1278234,Cursed in Baja,2024,1,tt28092990
1281210,Mama Bear,2024,1,tt16376156
1287624,INFRASTRATA,2024,1,tt32330975
1288597,The Despaired,2024,1,tt29176210
1292906,Run!,2024,1,tt11237522
1293108,Busted Babies,2024,1,tt32659827
1293735,Death Orchard,2024,1,tt31445362
1295892,Witches' Well,2024,1,tt29793692
1297487,Salem Witch Doll,2024,1,tt32358872
1297964,Cruel Summer III: Pray for Fall,2024,1,tt31172607
1299562,CHOKE,2024,1,tt32187429
1300043,Untitled Footage,2024,1,tt31113577
1313364,"The Haunted, the Possessed and the Damned",2024,1,tt28263812
1315014,Tragic Waste,2024,1,tt30332425
1316071,Janus,2024,1,tt32897525
1321847,There's a Zombie Outside,2024,1,tt22186638
1327535,The Reflected Self,2024,1,tt30803901
1328395,SUN,2024,1,tt31599119
1335754,A Detox Horrific,2024,1,tt32234930
1335859,The Only Ones,2024,1,tt21235030
1340761,The Doll Under the Stairs,2024,1,tt31866790
1352445,Inherit the Witch,2024,1,tt21800454
1352992,Straight On till Morning,2024,1,tt8165076
1356049,Who's Watching,2024,1,tt33372484
1356802,The Vampire and the Vigilante,2024,1,tt14953028
1357778,Chasing Zombies,2024,1,tt26920161
1358118,FanGirl,2024,1,tt32365915
1361605,Diary Of A Necro Piggy,2024,1,tt33384242
1362348,Vegan,2024,1,tt28029985
1368972,10/31 Part 4,2024,1,tt32453803
1370127,I Saw Black Clouds,2024,1,tt33291790
1371858,The Owl Witch,2024,1,tt21066986
1372435,I'm Haunted 3,2024,1,tt32369771
1374490,Cryptic Triptych,2024,1,tt29468242
1374550,Day of the Wicked,2024,1,tt32559640
1375895,The Woods,2024,1,tt33087023
1378553,A Very Flattened Christmas,2024,1,tt32632888
1388324,The Lonely Ones,2024,1,tt32103099
1397990,Deadly Culture: Final Mutation,2024,1,tt28225587
1400746,Weekend Deadaway,2024,1,tt18950204
1415064,Freezer Baby,2024,1,tt36456082
1418873,Take Good Care,2024,1,tt27849498
1426356,The Devil's Sandal,2024,1,tt21235290
1441348,The Hazzard Files Part One,2024,1,tt34893678
1450053,Finger Licking,2024,1,tt28705243
1463700,Amityville Backrooms,2024,1,tt32197722
1492149,Our Happy Place,2024,1,tt34588604
1505358,Death's Sonata,2024,1,tt6041134
1545161,Markings of Murder,2024,1,tt16763162
1604674,Oz,2024,1,tt38566160
1631027,The Devil's Wasteland,2024,1,tt32739355
419767,We Put the World to Sleep,2025,1,tt10069050
571788,The Lone Paddler,2025,1,tt5076132
602567,The Corpse Grinders,2025,1,tt5717668
980457,Suffer,2025,1,tt32400370
1034520,Jim's Room,2025,1,tt15262700
1104999,A Hard Place,2025,1,tt10555668
1126897,A Wonderful Way with Dragons,2025,1,tt7996412
1137423,Sharks N Da Hood,2025,1,tt21215856
1149987,Nightmares Unleashed,2025,1,tt12229012
1185790,I See the Demon,2025,1,tt27845571
1202188,Crawlers,2025,1,tt8639168
1204832,Entity,2025,1,tt27841607
1215707,All Alone Together,2025,1,tt28642389
1242432,If It Bleeds,2025,1,tt27529307
1294607,The Grey Machine,2025,1,tt31793957
1297418,Peripheral,2025,1,tt27011468
1298316,Amityville VR,2025,1,tt33584368
1301333,Lone Star Shark,2025,1,tt32242519
1309707,Lone Star Shark 3,2025,1,tt32244380
1323797,Nazi Zombies,2025,1,tt32658453
1328580,Death Cycle,2025,1,tt33092286
1339219,Bleeding,2025,1,tt33350283
1365165,The Final Party,2025,1,tt33539361
1368940,The R.I.P Man,2025,1,tt33097970
1371874,Psyche,2025,1,tt10182646
1374096,Are You There?,2025,1,tt25433284
1389945,A Final Exorcism,2025,1,tt28693167
1392392,The Arkansas Pigman Massacre,2025,1,tt32869285
1396916,The Haunting at Jack the Ripper’s House,2025,1,tt34501500
1400850,In Search of Darkness: 1995-1999,2025,1,tt35657687
1401433,Appofeniacs,2025,1,tt29870331
1406253,Devour,2025,1,tt14541160
1409633,The Devil Inside Her,2025,1,tt35053183
1415664,Vignettes,2025,1,tt37429255
1419274,Into The Gravel Pit,2025,1,tt28028430
1425503,It Needs Eyes,2025,1,tt31546665
1435103,Blood in Them Hills,2025,1,tt15108230
1436210,Amityverse,2025,1,tt34956187
1443087,Psycho Sex Dolls,2025,1,tt28346132
1443124,Harvester of Eyes,2025,1,tt32620864
1449826,A44,2025,1,tt32253184
1454602,Call of the Void,2025,1,tt16354528
1457290,Night Shift,2025,1,tt36590202
1457984,The Cursed Tapes,2025,1,tt33310245
1462380,The Centipede Strangler,2025,1,tt35422153
1462384,Torment of the Witch,2025,1,tt35534418
1468169,Howler,2025,1,tt36265406
1471737,Wilting Rose,2025,1,tt27914021
1471941,The Ghost of Jim Bray,2025,1,tt36720775
1474023,The Final Frame,2025,1,tt34000698
1476947,The Devil's Hacksaw,2025,1,tt35721585
1484625,Little Bo Creep,2025,1,tt36997632
1485934,The Bombshell Butcher,2025,1,tt32810473
1489999,Loner,2025,1,tt33298831
1491756,Anacondas: Silent Scream,2025,1,tt32276018
1493296,You Know What You Are,2025,1,tt37460971
1503003,Play Along,2025,1,tt30056661
1503954,Dance the Kung Fu,2025,1,tt37113062
1504291,Six Till Midnight,2025,1,tt33337171
1509987,Chronicles of Sonatine or: Shadows of the Broken Memories,2025,1,tt37536085
1512023,The Amityville Lost Tape,2025,1,tt33525523
1512274,Blood Brothers: Life Harvest,2025,1,tt21443306
1516638,Vain,2025,1,tt33354305
1516717,The Rows,2025,1,tt31490918
1516951,The Meathook Massacre,2025,1,tt35463344
1517992,Buried Alive,2025,1,tt16748608
1522027,Son of Sara,2025,1,tt34881854
1522163,Blood Rush,2025,1,tt37458441
1526199,Night of the Strangers,2025,1,tt33087246
1528009,The Restoration at Grayson Manor,2025,1,tt32767134
1528737,Little Pet,2025,1,tt31840715
1528755,Modern Folklore,2025,1,tt29568714
1536773,Phantasmatapes,2025,1,tt41275986
1537344,Projection,2025,1,tt38048294
1545044,The Benefactress (an Exposure of Cinematic Freedom),2025,1,tt37533143
1546399,Nahualli,2025,1,tt36410140
1547178,Mary from the Prayer Ward,2025,1,tt37044990
1547762,Vlog#13,2025,1,tt31044328
1550088,Last to Die,2025,1,tt38131455
1552897,Goblin 2,2025,1,tt36016589
1555017,I'm Haunted 4,2025,1,tt36488574
1555022,I'm Haunted 5,2025,1,tt36980041
1559827,Dorothea,2025,1,tt32909479
1560064,Young and Cursed,2025,1,tt23302730
1560650,Adopted 2,2025,1,tt37136056
1561101,"""CUT!'",2025,1,tt34038187
1564641,Rumpelstiltskin,2025,1,tt35451787
1566231,Fears is a fluke Tears is the root,2025,1,tt38735347
1566581,Vampire Clown,2025,1,tt29506128
1568348,Snake Creek,2025,1,tt37974010
1574087,Don't Come Looking,2025,1,tt37442516
1577007,Amorosa,2025,1,tt21745602
1578356,Hellspin,2025,1,tt38453423
1578489,Afraid?,2025,1,tt22640790
1580391,Only Feet,2025,1,tt36366078
1582339,Haunters of the Silence,2025,1,tt35376582
1591058,Escape to Hell,2025,1,tt30985632
1595111,Skinwalker Island,2025,1,tt31283823
1595271,The Vessel,2025,1,tt28353726
1603781,Return to Death Park,2025,1,tt22795252
1608072,Evidence of the Boogeyman,2025,1,tt38627122
1608237,Tahoe Joe 3: Concrete Wilderness,2025,1,tt34258215
1611334,Don't Look in the Dark,2025,1,tt36604856
1624898,Necropolis,2025,1,tt12928782
1625701,Camera X,2025,1,tt33310382
1676373,Dead Reset,2025,1,tt37434065
1678081,The Inheritance (A Found Footage Horror Film),2025,1,tt39289960
1688662,Sharp Obsession,2025,1,tt28639917
1690070,We Can't Leave,2025,1,tt37001873
27513,The Wolf Man,1924,2,tt0015504
145862,The Hound of the Baskervilles,1931,2,tt0021977
159698,Get That Girl,1932,2,tt0214714
334454,Drums O' Voodoo,1934,2,tt0025072
3488,Drums of Fu Manchu,1943,2,tt0035828
337805,Dr. Terror's House of Horrors,1943,2,tt0240463
93899,The Fat Black Pussycat,1963,2,tt0058090
67715,"The Beautiful, the Bloody, and the Bare",1964,2,tt0057876
93925,Passion in the Sun,1964,2,tt0058455
191393,Curse of the Voodoo,1965,2,tt0057984
271813,Curse of the Stone Hand,1965,2,tt0057987
141128,Take Me Naked,1966,2,tt0061060
89654,Confessions of a Psycho Cat,1968,2,tt0215658
95010,The Kiss of Her Flesh,1968,2,tt0125316
125773,Scream Baby Scream,1969,2,tt0064950
126503,Devil Woman,1970,2,tt0276064
30893,Deviation,1971,2,tt0066990
398193,Secret Rites,1971,2,tt0257119
123404,Curse of the Headless Horseman,1972,2,tt0068438
173095,The Brides Wore Blood,1972,2,tt0129797
85023,A Name for Evil,1973,2,tt0070435
263124,And When She Was Bad...,1973,2,tt0364943
380052,House of Terror,1973,2,tt0068721
97345,Persecution,1974,2,tt0071988
139543,Swingers Massacre,1974,2,tt0128673
156094,Blue Blood,1974,2,tt0069805
222932,The Deathhead Virgin,1974,2,tt0211328
147890,Deafula,1975,2,tt0123790
215861,Haunted,1977,2,tt0079273
98039,Night Creature,1978,2,tt0079626
79911,Weasels Rip My Flesh,1979,2,tt0304927
648114,House of Seven Belles,1979,2,tt11383980
160386,Vengeance,1980,2,tt0081705
193474,Last Rites,1980,2,tt0081034
250788,Savage Encounter,1980,2,tt0301183
356877,The Sleep of Death,1980,2,tt0077567
85185,The Ghost Dance,1982,2,tt0080787
136593,Crosstalk,1982,2,tt0083771
213215,The Returning,1983,2,tt0226378
216187,"Suffer, Little Children",1983,2,tt0457148
224007,Vultures,1983,2,tt0086563
318611,The Lost Tribe,1983,2,tt0139432
366841,El ahorcado,1983,2,tt0349072
80668,Scarab,1984,2,tt0083901
84990,Innocent Prey,1984,2,tt0238302
124105,Satan's Touch,1984,2,tt0261966
212005,Fleshburn,1984,2,tt0087270
334707,Clouds,1984,2,tt0374488
84077,Appointment with Fear,1985,2,tt0092575
108066,The Secret of Seagull Island,1985,2,tt5277730
122245,The Serpent Warriors,1985,2,tt0089993
227571,Bloodstream,1985,2,tt4615308
58010,A Judgment in Stone,1986,2,tt0091305
85146,Spine,1986,2,tt0165960
89933,Mark of Cain,1986,2,tt0089558
194659,Hallucinations,1986,2,tt1260497
27533,Demon Queen,1987,2,tt0186024
110982,Scorched Heat,1987,2,tt0148710
145850,Dance Or Die,1987,2,tt0092821
192982,Delitti,1987,2,tt0092864
224647,The Shaman,1987,2,tt0365747
265463,Deadly Love,1987,2,tt0228193
343872,Channel 13,1987,2,tt4610876
84235,Thunder of Gigantic Serpent,1988,2,tt0399762
89697,Captives,1988,2,tt0237073
124637,Evil Altar,1988,2,tt0097305
164708,Into the Fire,1988,2,tt0093270
233934,The Stick,1988,2,tt0094038
315039,The Vampire Raiders,1988,2,tt0202052
363462,Night Feeder,1988,2,tt4777164
84612,The Urge to Kill,1989,2,tt0254839
88352,The Weirdo,1989,2,tt0122800
88380,The Vampire Is Alive,1989,2,tt0416664
124322,Zombie Rampage,1989,2,tt0197117
203963,Death Scenes,1989,2,tt0140945
312082,Enemy Unseen,1989,2,tt0097277
322658,Time Burst: The Final Alliance,1989,2,tt0242952
401987,Gun's Eye,1989,2,tt2537608
89543,Paint It Black,1990,2,tt0098054
135197,The Serpent of Death,1990,2,tt0098293
156191,Vampyre,1990,2,tt0149327
162043,Madonna: A Case of Blood Ambition,1990,2,tt0100088
163510,Cursed,1990,2,tt0099333
222333,Overexposed,1990,2,tt0100317
223376,Burndown,1990,2,tt0096995
225438,The Channeler,1990,2,tt0207379
364183,Kickboxer from Hell,1990,2,tt0188751
30751,Kingdom of the Vampire,1991,2,tt0239094
86212,Wicked World,1991,2,tt1652379
161216,Immortal Sins,1991,2,tt0101436
251136,The Master Demon,1991,2,tt0198723
264184,The Graveyard Story,1991,2,tt0188647
28931,Soulmates,1992,2,tt0105446
55809,Roots of Evil,1992,2,tt0102806
100190,Psycho Pike,1992,2,tt2276252
108130,Eyes of the Beholder,1992,2,tt0104218
134503,Hellspawn,1993,2,tt0422410
203970,Death Scenes 3,1993,2,tt0287980
244638,Brain Fix,1993,2,tt0439479
262832,Die Watching,1993,2,tt0106718
308115,City of the Vampires,1993,2,tt0106576
29769,Moonchild,1994,2,tt0196764
83618,Ceremony,1994,2,tt0147972
87869,Savage Harvest,1994,2,tt0128453
214056,The Ironbound Vampire,1994,2,tt0261752
405909,Sinistre,1994,2,tt0147507
422933,Jugular Wine: A Vampire Odyssey,1994,2,tt0165840
479777,Turn of the Blade,1994,2,tt0111517
27538,Red Lips,1995,2,tt0114245
96898,"I'll Kill You, I'll Bury You, I'll Spit On Your Grave Too",1995,2,tt0404127
144739,Addicted to Murder,1995,2,tt0112287
162941,Shadow Creature,1995,2,tt0114403
211995,Creep,1995,2,tt0112735
227553,Demonsoul,1995,2,tt0109596
301286,Killing for Love,1995,2,tt0113546
168883,Unnaturally Born Killer,1996,2,tt0128802
180168,Mr. Ice Cream Man,1996,2,tt0323307
204772,Cyberstalker,1996,2,tt0126850
223281,The Unspeakable,1996,2,tt0118051
251371,5 Dark Souls,1996,2,tt0294256
288684,Sweet Evil,1996,2,tt0116306
419169,Dead of Night,1996,2,tt0116050
27680,The Vicious Sweet,1997,2,tt0128823
82871,Auton,1997,2,tt0176465
136006,Spirit Lost,1997,2,tt0117717
261928,Lurid Tales: The Castle Queen,1997,2,tt0116943
62993,Infamous Bondage Murders,1998,2,tt1363469
82411,Auton 2: Sentinel,1998,2,tt0176466
224223,The Gardener,1998,2,tt0140067
264642,Great White,1998,2,tt0332758
283431,Addicted to Murder 2: Tainted Blood,1998,2,tt0134989
323358,Zombie Cult Massacre,1998,2,tt0256535
418286,Deadly Tales,1998,2,tt0184386
568099,Haunted,1998,2,tt0178558
28087,Dr. Wong's Virtual Hell,1999,2,tt0228237
85973,Eyes of the Werewolf,1999,2,tt0191121
97251,Faces of Death: Fact or Fiction?,1999,2,tt0223251
264251,Headcrusher,1999,2,tt0191176
343493,Lycanthrope,1999,2,tt0171497
426516,The Silver Mummy,1999,2,tt1172074
605911,Y2K - Year to Kill,1999,2,tt0776740
126795,Drive In,2000,2,tt0231496
146165,The House That Screamed,2000,2,tt0356706
290537,The Asylum,2000,2,tt0218824
330223,Sleepy Hollow High,2000,2,tt0232657
348175,Dinner for Two,2000,2,tt1354539
371213,Flesh Freaks,2000,2,tt0363614
444679,Dream Witch,2000,2,tt0168714
753574,In the Dark,2000,2,tt20852180
58998,Night of the Groping Dead,2001,2,tt1900940
59274,Den,2001,2,tt0365111
121399,A Chronicle of Corpses,2001,2,tt0249443
208657,She Lives by Night,2001,2,tt0411868
271533,Chain of Souls,2001,2,tt0289108
281186,Freez'er,2001,2,tt0273228
291297,Keeper of Souls,2001,2,tt0292346
312475,Hellgate: The House That Screamed 2,2001,2,tt0298913
348306,CUT,2001,2,tt6235936
27739,The Zombie Chronicles,2002,2,tt0272950
74189,Hobbs End,2002,2,tt0351064
211680,Serial Killer,2002,2,tt0420895
230300,Camp Utopia,2002,2,tt0326791
276930,Vamps 2: Blood Sisters,2002,2,tt0338797
282338,Dr. Jekyll and Mr. Hyde,2002,2,tt0346899
303898,Cut Throat,2002,2,tt0289770
27478,Corpses Are Forever,2003,2,tt0301661
27779,Dr. Jekyll & Mistress Hyde,2003,2,tt0365137
68515,Season of the Hunted,2003,2,tt0368252
87875,China White Serpentine,2003,2,tt0349209
92992,Kill Them and Eat Them,2003,2,tt0493137
100474,The Undertow,2003,2,tt0338518
125442,Killer Klowns from Kansas on Krack,2003,2,tt2151560
212195,Invitation,2003,2,tt0439636
246917,The Bonesetter,2003,2,tt0403888
298547,Exorcism,2003,2,tt0340103
303678,The Witches of Sappho Salon,2003,2,tt4290848
27808,Suburban Nightmare,2004,2,tt0328897
44500,Inheritance,2004,2,tt0296766
133143,Defenceless: A Blood Symphony,2004,2,tt0419679
135414,Zombie Attack: Museum of the Dead,2004,2,tt0325857
172006,The Fanglys,2004,2,tt0414972
227835,Shadowhunters,2004,2,tt0444978
246162,The Bloodletting,2004,2,tt0424856
246206,Dæmos Rising,2004,2,tt0377726
253650,The Ruining,2004,2,tt0435729
268595,Anna's Eve,2004,2,tt0416481
301010,Shadows of the Dead,2004,2,tt0405308
353227,Horror 102: Endgame,2004,2,tt0416821
445680,Brainiac,2004,2,tt0473454
3206,Frankenstein vs. the Creature from Blood Cove,2005,2,tt0451060
13568,Sleepover Nightmare,2005,2,tt0448123
27028,Living Dead Lock Up,2005,2,tt0816564
28036,Horror Business,2005,2,tt0460823
28316,The Witch's Sabbath,2005,2,tt0421007
30441,Ancient Evil 2: Guardian of the Underworld,2005,2,tt0420502
32852,CrossBones,2005,2,tt0420565
41824,Transamerican Killer,2005,2,tt0306148
41825,The Toybox,2005,2,tt0451238
64857,Blood Trail,2005,2,tt0248709
84443,Day X,2005,2,tt0487891
122052,Creature from the Hillbilly Lagoon,2005,2,tt0476016
223139,The Bonesetter Returns,2005,2,tt0443726
262084,Hallowed,2005,2,tt0465485
264738,The Haunting at Thompson High,2005,2,tt0847493
268101,Zombie Planet 2: Adam's Revenge,2005,2,tt0773776
268777,Shira: The Vampire Samurai,2005,2,tt0363971
276208,Skinwalker: Curse of the Shaman,2005,2,tt0433454
283323,The Ridge,2005,2,tt0497655
348168,TrashHouse,2005,2,tt0418251
580690,Killer Campout,2005,2,tt0485511
639884,Deadhouse,2005,2,tt0495097
27951,Ghostwood,2006,2,tt0464966
28317,Blood Legend,2006,2,tt0478764
30370,Vampira: The Movie,2006,2,tt0816694
41239,Serum,2006,2,tt0872335
58795,Butcher House,2006,2,tt0823137
64856,Frightworld,2006,2,tt0867294
68661,Blood Creek,2006,2,tt0796305
72033,The Mummy's Kiss: 2nd Dynasty,2006,2,tt0889208
74029,Mr. Hell,2006,2,tt0418905
96974,Resonnances,2006,2,tt1051915
116630,Watch Me,2006,2,tt0888071
127049,I'll Be There with You,2006,2,tt0762108
130366,ThanXgiving,2006,2,tt0878717
147237,The Remake,2006,2,tt0875001
169406,Hollywood Kills,2006,2,tt0481543
190392,Reptilicant,2006,2,tt0433441
230907,Dead in the Water,2006,2,tt0863065
246448,War of the Dead,2006,2,tt0849483
249044,San Franpsycho,2006,2,tt0809941
260824,Under Surveillance,2006,2,tt0287072
342391,Sickness House,2006,2,tt0489842
360691,Pocahauntus,2006,2,tt0834942
379653,The Bloodstained Bride,2006,2,tt0449846
449931,"Let Us Go and Burn Her Body; Or, The Devil Done Let Out",2006,2,tt0448017
22027,99 Pieces,2007,2,tt0914791
29217,Sigma Die!,2007,2,tt0933389
36860,Blood Sucking Babes from Burbank,2007,2,tt0976024
55074,The Legend of Sorrow Creek,2007,2,tt1117598
55173,The Last,2007,2,tt0929239
89410,The Fun Park,2007,2,tt0986231
108836,Hellbride,2007,2,tt0803003
113146,It's My Party and I'll Die If I Want To,2007,2,tt1220890
115226,Study Hell,2007,2,tt1308035
127742,Voodoo Lagoon,2007,2,tt0478321
136328,Backwoods Bloodbath: Curse of the Black Hodag,2007,2,tt1198053
139858,Sugar Creek,2007,2,tt0811091
173356,Dreams of the Dead,2007,2,tt1043482
260958,The Empty Acre,2007,2,tt0770745
325717,Hell Hath No Fury,2007,2,tt0480813
330994,666 (Beware the End Is at Hand) 2,2007,2,tt2177457
445683,Abe's Tomb,2007,2,tt1271966
479732,Crimson,2007,2,tt1190541
488813,Zombie Farm,2007,2,tt0499601
523093,The Jester,2007,2,tt6687590
569886,Razor,2007,2,tt1139124
7180,RISEN,2008,2,tt0454539
18779,Death on Demand,2008,2,tt0902274
28767,Darkness Surrounds Roberta,2008,2,tt0985050
29218,ROT: Reunion of Terror,2008,2,tt0945587
29774,Academy of Doom,2008,2,tt0814397
29848,Beyond the Dunwich Horror,2008,2,tt1091224
37687,3 A.M.,2008,2,tt1265961
54595,Chronicles of an Exorcism,2008,2,tt0999970
55079,Sabbath,2008,2,tt1199522
76779,The Dead Don't Scream,2008,2,tt1331302
80290,Circulation,2008,2,tt1020874
81521,Bloodlock,2008,2,tt1337589
87269,Rule of Three,2008,2,tt1014807
159368,Chiseled,2008,2,tt0783493
264743,Poison Sweethearts,2008,2,tt1220715
272484,Cycle of Fear: There Is No End,2008,2,tt1248126
276292,Desert of Blood,2008,2,tt0478137
277093,The Horror Vault: Part 1,2008,2,tt0369424
278267,The Dead Walk,2008,2,tt1189032
297173,The Expedition,2008,2,tt1457759
320392,Tortured,2008,2,tt1623649
380575,The Tower,2008,2,tt1337715
381777,Puppet Show,2008,2,tt1280539
424465,Forest Primeval,2008,2,tt1263784
432844,Monster Movie,2008,2,tt1388784
498475,The Sadness,2008,2,tt1444334
526917,Primal,2008,2,tt1172070
639486,Frozen Flesh,2008,2,tt1262128
28584,Crawler,2009,2,tt1471153
50427,Bloodstained Romance,2009,2,tt1339057
58668,Patient X,2009,2,tt1482216
58676,Villa Estrella,2009,2,tt1456915
79119,House of the Wolf Man,2009,2,tt1483768
82653,Devil's Racecourse,2009,2,tt1503771
90765,The 7th Hunt,2009,2,tt1118655
103984,Muckman,2009,2,tt1460014
104405,Call of the Hunter,2009,2,tt1319702
120749,The Awakened,2009,2,tt1234926
170199,Evil Weed,2009,2,tt1537025
253829,The Turnpike Killer,2009,2,tt1500758
279256,Zombie Werewolves Attack!,2009,2,tt1478877
384056,Sick and the Dead,2009,2,tt1366720
393103,Blood Ties,2009,2,tt1374840
480304,Experiment 7,2009,2,tt1380795
490353,Nf713,2009,2,tt3438504
553078,From the Dark,2009,2,tt1269717
86658,Zombie Christ,2010,2,tt1777642
108774,Machete Joe,2010,2,tt1307972
127209,Butterfly,2010,2,tt1342096
156704,Blood Pigs,2010,2,tt2035465
200802,Shackled,2010,2,tt1603379
234151,Attack of the Vegan Zombies!,2010,2,tt1380852
279547,Cannibal Lolita,2010,2,tt1744761
317657,They Came from the Attic,2010,2,tt1461698
433274,Sawblade,2010,2,tt1485779
729882,666,2010,2,tt1690097
54101,Born of Earth,2011,2,tt1132438
70948,Flat 3A,2011,2,tt2074362
90047,Rise of the Damned,2011,2,tt1858775
90170,"Filth to Ashes, Flesh to Dust",2011,2,tt1499302
102316,Fear Eats the Seoul,2011,2,tt2235513
113681,Fright Flick,2011,2,tt1785385
135321,Porkchop II: Rise of the Rind,2011,2,tt2115378
140218,Zombie Babies,2011,2,tt1912531
143192,Rat Scratch Fever,2011,2,tt1311083
166757,Last Ride,2011,2,tt1978467
200719,The Bunker,2011,2,tt1877788
203008,The Bake Street Hauntings,2011,2,tt2117979
249975,Production Hell,2011,2,tt1913106
252574,Vindication,2011,2,tt0800255
272263,The Last Light: An Irish Ghost Story,2011,2,tt1985235
294131,Come and Get Me,2011,2,tt1826635
294371,Totem & Taboo,2011,2,tt1885423
323079,The Basement,2011,2,tt1954886
330000,Underground Lizard People,2011,2,tt2095813
331020,The Cuckoo Clocks of Hell,2011,2,tt2036453
351187,Knifepoint,2011,2,tt1461397
370217,Zombie Infection,2011,2,tt2017641
387391,Bangin' Vengeance!,2011,2,tt2075109
436945,Addicted to Blood,2011,2,tt1908452
445756,Silver Cell,2011,2,tt1965090
554671,"Dracula, Lord of the Damned",2011,2,tt2012586
689389,15 Murders: Inside the Mind of a Serial Killer,2011,2,tt1999067
135422,Terror of Dracula,2012,2,tt2325991
136309,Blood Rush,2012,2,tt2275551
138068,Bled White,2012,2,tt1193622
138944,Blood for Irina,2012,2,tt2255976
142711,South of Sanity,2012,2,tt2243151
146038,Paranormal Case Files: Ghost Investigations,2012,2,tt2177798
154303,The Eschatrilogy: Book of the Dead,2012,2,tt2151849
193122,Purification,2012,2,tt2275917
202508,Everyone Must Die!,2012,2,tt2418198
210556,Treasure Chest Of Horrors,2012,2,tt2084984
223106,The Haunting of Pearson Place,2012,2,tt1301304
237862,Murder University,2012,2,tt2234299
255921,Indemnity: Rage of a Jealous Vampire,2012,2,tt1792806
270630,Horror House,2012,2,tt2328623
270837,Lizard Man,2012,2,tt2233720
275203,Locked in a Room,2012,2,tt1640219
275950,Face: A Frat Party Massacre,2012,2,tt2450026
286297,Rumah Kentang,2012,2,tt2455470
288505,Creeping Crawling,2012,2,tt2234035
294979,Play Hooky,2012,2,tt2288886
297461,Off Season,2012,2,tt2193324
301122,MP2V,2012,2,tt2426024
325906,Spectres,2012,2,tt2229383
348539,Aaron's House,2012,2,tt1986761
375238,Alien Valley,2012,2,tt2815138
378632,Return to Blood Fart Lake,2012,2,tt2279231
406453,Blood Orgy At Beaver Lake,2012,2,tt1986785
441454,Laughter,2012,2,tt2269544
620953,Paranormal Proof,2012,2,tt2080356
188667,Lucid,2013,2,tt2583192
195845,A Measure Of The Sin,2013,2,tt2494590
210567,Treasure Chest of Horrors 2,2013,2,tt2118760
220490,Her Cry: La Llorona Investigation,2013,2,tt2469216
223093,Dead Woman's Hollow,2013,2,tt1934229
224509,House Guest,2013,2,tt2649800
232995,Foresight Killer Instinct,2013,2,tt2254790
235692,Cryptic Plasm,2013,2,tt3327538
239380,Sinister Visions,2013,2,tt1808474
242245,Easter Casket,2013,2,tt2827054
259392,Within the Darkness,2013,2,tt2105055
262693,Corpsing,2013,2,tt1998392
263114,Death by VHS,2013,2,tt2087937
289698,Sheriff Tom Vs. The Zombies,2013,2,tt2178216
307156,Alone,2013,2,tt1800240
327025,Amerikan Holocaust,2013,2,tt2933968
365441,A Plague So Pleasant,2013,2,tt2107644
370098,And Then YOU Die!,2013,2,tt2401579
396312,Normal,2013,2,tt2933986
406084,Video Tape Terror,2013,2,tt2674050
416690,Blood River,2013,2,tt3986352
420526,The Ghost Footage 2,2013,2,tt3542034
458575,Dead Nude Girls,2013,2,tt2843372
754330,The Follower,2013,2,tt3396014
259828,Bloodless,2014,2,tt1645184
263911,Jugular,2014,2,tt3421362
275805,Scherzi - Il film,2014,2,tt3602334
277599,The Legend of Six Fingers,2014,2,tt2989580
278682,The Addicted,2014,2,tt2654738
279153,The Caretakers,2014,2,tt3522000
287784,A Dark Place Inside,2014,2,tt3339208
292110,Eternal Damn Nation,2014,2,tt2290323
294274,Chainsaw Killer,2014,2,tt8088824
300902,Deadly Revisions,2014,2,tt2386291
301606,Matthew 18,2014,2,tt3210998
302801,The Oatmeal Man,2014,2,tt1641640
304104,Zombie Pirates,2014,2,tt3523420
307023,The Shoot,2014,2,tt3575244
307728,The Biker Warrior Babe vs. The Zombie Babies From Hell,2014,2,tt3874122
312859,Bachelors Grove,2014,2,tt3186736
316010,The Other Side,2014,2,tt2921338
321768,Captive,2014,2,tt3747550
322246,White Creek,2014,2,tt2697586
325610,The House on Cuckoo Lane,2014,2,tt4236612
331802,Nocturne Six,2014,2,tt2767440
332940,Tales of the Supernatural,2014,2,tt2136689
337543,The Haunting of Baylock Residence,2014,2,tt3328936
407460,Deadly Punkettes,2014,2,tt2981254
423625,Curse of the Phoenix,2014,2,tt3282370
481386,The Last Halloween,2014,2,tt2295046
494352,Scent,2014,2,tt4089412
499141,Unlisted Owner,2014,2,tt3522198
596405,The Night Before Easter,2014,2,tt3028144
746223,Wormwood's End,2014,2,tt2734554
986608,The Devil's Bargain,2014,2,tt2578418
243697,A House Is Not a Home,2015,2,tt2621784
327750,Within Madness,2015,2,tt4060980
328784,The Lost Tree,2015,2,tt2368606
332464,Scream Machine,2015,2,tt4110664
332751,"Kill, Granny, Kill!",2015,2,tt2677112
333812,Animus: The Tell-Tale Heart,2015,2,tt3353138
334753,Paranormal Extremes: Text Messages from the Dead,2015,2,tt3959084
336295,Gutterballs 2: Balls Deep,2015,2,tt2823518
336824,The Warning,2015,2,tt4287350
343509,Human Resources,2015,2,tt2930668
346925,The Sadist,2015,2,tt1757901
353495,Death-Scort Service,2015,2,tt4504188
359056,Primordial,2015,2,tt4483960
361428,Prairie Dog,2015,2,tt3159412
362573,Invalid,2015,2,tt4708052
365712,Slasher Weekend,2015,2,tt4858722
370131,Absolute Zero,2015,2,tt3691974
374839,Tales of Dracula,2015,2,tt4384308
389821,Flesh for the Inferno,2015,2,tt4779826
394116,Hole,2015,2,tt1704721
399118,Night People,2015,2,tt2856046
403410,"Bye, Felicia",2015,2,tt5298892
405809,Dark Forest,2015,2,tt3237942
413758,Curse of Mesopotamia,2015,2,tt3883976
427533,The Night Visitor,2015,2,tt2797642
432434,Silent Screams,2015,2,tt2762772
452997,Panteon Woods,2015,2,tt5143270
459291,Meathook Massacre,2015,2,tt5057888
498575,Freak of Nurture,2015,2,tt2123265
521850,The Thin Man,2015,2,tt3415686
691212,The Changing of Ben Moore,2015,2,tt2515160
706629,Wonder Valley,2015,2,tt1946120
348236,Scarecrowd: The Musk,2016,2,tt4866056
379649,Survival Knife,2016,2,tt3560166
398685,The Girl in the Cornfield,2016,2,tt5034082
409361,Candiland,2016,2,tt3620120
415661,Exscind,2016,2,tt5343730
417656,Asian Ghost Story,2016,2,tt5703622
419662,8989 Redstone,2016,2,tt3737012
421405,Dead Billy,2016,2,tt2558996
423144,Delusion,2016,2,tt4113846
424878,1:13:7 Ek Tera Saath,2016,2,tt3411076
426193,The Fiancé,2016,2,tt4159698
427915,3 Dead Trick or Treaters,2016,2,tt6285166
428420,Dead Sunrise,2016,2,tt5944812
432277,American Bigfoot,2016,2,tt4827442
432487,Emma,2016,2,tt3319070
443488,Alp,2016,2,tt6209960
452339,Ciaran The Demon Hunter,2016,2,tt3398178
463945,Genesis,2016,2,tt6450610
469319,Heinous,2016,2,tt2761150
485394,Dying To Kill,2016,2,tt4701304
565972,Terror Tales,2016,2,tt4834300
651448,Darkslide,2016,2,tt0926132
671324,World of Death,2016,2,tt4050462
730890,Cruiser,2016,2,tt2451902
434280,American Guinea Pig: Sacrifice,2017,2,tt6204830
439214,Blood Demon Rising,2017,2,tt2262716
441741,The Small Woman in Grey,2017,2,tt5720338
444893,Cannibal Cop,2017,2,tt4765338
448093,Pinwheel,2017,2,tt3455996
456660,Made Me Do It,2017,2,tt3630918
458141,Inhumanity,2017,2,tt3654052
461319,Monsters Among Men,2017,2,tt4387114
469520,Diary of a Necromancer,2017,2,tt5979778
470615,Halloween Tales,2017,2,tt7197272
475124,Hooker with a Hacksaw,2017,2,tt6388200
479646,Death on Scenic Drive,2017,2,tt6704170
479765,Romeo's Distress,2017,2,tt4058910
479796,Demon with the Atomic Brain,2017,2,tt7289838
480121,Prankz,2017,2,tt7528150
483252,The Grinn,2017,2,tt3796876
484299,Wake the Dead,2017,2,tt4765610
484354,Phantasmagoria: A Puzzle of Flesh,2017,2,tt0159646
489610,Guardians,2017,2,tt5816046
495015,Post Human: An Event,2017,2,tt4450562
495870,Death Island: Paranormal Retribution,2017,2,tt7805064
498656,Devil's Acid,2017,2,tt6853910
498744,The Faith Community,2017,2,tt6815734
498752,Paranoia Tapes,2017,2,tt4967450
499676,Flay,2017,2,tt3480662
505498,Parched,2017,2,tt7797926
508433,Beware the Lake,2017,2,tt4769758
508866,Monkey Farm,2017,2,tt7255374
509564,The Demonic Doll,2017,2,tt5867982
518853,Coulrophobia,2017,2,tt3817494
519054,Survivorz,2017,2,tt9762928
524286,Paranormal Evil,2017,2,tt3861144
549724,Cannibal Corpse Killers,2017,2,tt6098734
554220,Satanic Meat Cleaver Massacre,2017,2,tt7202354
554612,The Edict,2017,2,tt5482752
562598,Necro Files 3000,2017,2,tt6577246
567853,Haunted Maze,2017,2,tt1786503
574742,Dimension Z,2017,2,tt7973688
580165,Predatory Moon,2017,2,tt3272572
581252,The Demon Inside,2017,2,tt4458946
596364,White Slaves of K-Town,2017,2,tt6215210
598635,Do You See Me,2017,2,tt6196598
603480,Scream for Summer,2017,2,tt6715992
608797,Vlog Worthy,2017,2,tt7154284
619116,The Demonic Dead,2017,2,tt6069336
704849,Hablar con los Muertos,2017,2,tt7414432
754040,Devil 2.0,2017,2,tt7764846
480270,Island of the Dolls,2018,2,tt4423788
505054,Virgin Cheerleaders in Chains,2018,2,tt4630466
517811,The Ferryman,2018,2,tt6889830
520779,I Thought You Were a Nice Man,2018,2,tt3425408
520980,Manos Returns,2018,2,tt5056154
522547,Grindsploitation 4: Meltsploitation,2018,2,tt7059682
530156,Hurt,2018,2,tt6877562
533212,The Bleeding Game,2018,2,tt8447824
535962,Red Forrest,2018,2,tt8288836
536404,Wolf,2018,2,tt6436666
537445,Parts Unknown,2018,2,tt5759188
543581,2 Die For,2018,2,tt6172572
546473,The Girl in the Crawlspace,2018,2,tt7958132
546907,The Boo,2018,2,tt5024048
548163,Mimesis: Nosferatu,2018,2,tt6131232
549722,Tales of Frankenstein,2018,2,tt7365740
553705,Creature in the Woods,2018,2,tt8343294
557920,Elves,2018,2,tt8593930
559928,Heaven's War,2018,2,tt1885325
562588,It's Just a Game,2018,2,tt6149944
564568,Doses of Horror,2018,2,tt9335666
567331,The Killing House,2018,2,tt8597286
567429,Lycanimator,2018,2,tt6316856
569869,The Trees of the East,2018,2,tt16426178
573004,A Haunting on Finn Road: The Devil's Grove,2018,2,tt9584192
575141,Haunted 2: Apparitions,2018,2,tt2281442
580377,Cajun Mystery,2018,2,tt7921992
589614,Book of Evil,2018,2,tt9154944
593316,Brutality,2018,2,tt6495996
593689,The Horror at Gallery Kay,2018,2,tt6839750
603476,Angel,2018,2,tt7044698
610014,Ashes,2018,2,tt8928500
633608,3:15 am,2018,2,tt4161376
663410,Sunburn,2018,2,tt6146812
664442,Another Plan from Outer Space,2018,2,tt6498220
669735,Covenant,2018,2,tt6395680
408576,Inner Ghosts,2019,2,tt4177670
561635,Altered Skin,2019,2,tt8236848
574189,Foreseen,2019,2,tt4106264
578835,Turbines,2019,2,tt2363483
581681,Flesh City,2019,2,tt4260456
590084,Night,2019,2,tt9659470
596112,A Perfect Host,2019,2,tt8887784
596314,Alien Domicile 2: Lot 24,2019,2,tt6853580
611645,Demons Inside Me,2019,2,tt8741984
618869,Afflatus,2019,2,tt10706724
621248,Permeation,2019,2,tt4842124
621465,Momo: The Missouri Monster,2019,2,tt10732682
622103,Making Monsters,2019,2,tt8150728
624368,Murder Box,2019,2,tt8709364
626292,Big Top Evil,2019,2,tt2596246
628959,Lady Belladonna's Tales From The Inferno,2019,2,tt8855888
629957,Things 5,2019,2,tt12145554
637084,Dementer,2019,2,tt8992690
637398,Camp Blood Kills,2019,2,tt10275180
641925,29 Needles,2019,2,tt9218082
644320,Spine Chiller,2019,2,tt11084682
644688,She Walks the Woods,2019,2,tt7847062
646930,El Diablo Ha Invadido Mi Sangre,2019,2,tt11261336
649212,Fear and Desire,2019,2,tt8973954
655587,Infernum,2019,2,tt7551962
656790,Sacren,2019,2,tt8629434
741187,On the Trail of Bigfoot: The Legend,2019,2,tt10007820
746746,Ouija Mummy,2019,2,tt8834658
748474,Deprivation,2019,2,tt9398252
755200,When the Fever Breaks,2019,2,tt3633598
822441,ReVisitant,2019,2,tt6435770
476637,Bring Me a Dream,2020,2,tt5672750
507938,Reawakened,2020,2,tt4219272
511782,The Girl in the Mirror,2020,2,tt1701176
513304,Those Who Deserve To Die,2020,2,tt7316472
582300,The Bellwether,2020,2,tt6269308
614167,The Dark Within,2020,2,tt6842446
642512,The Investigation: A Haunting in Sherwood,2020,2,tt11130102
645431,The Devil's Familiar,2020,2,tt12935074
655504,The Nights Before Christmas,2020,2,tt7620598
663669,Boneyard,2020,2,tt11744364
674210,Дьявольское ограбление,2020,2,tt10229550
676410,Skullz,2020,2,tt5976054
678588,Aniela,2020,2,tt11729552
685964,Cabal,2020,2,tt10850450
692478,Case 347,2020,2,tt7821116
693073,Doppel,2020,2,tt10423214
699732,Rapture in Blue,2020,2,tt9694682
709430,The Screaming Silent,2020,2,tt4080812
711471,Walk Away,2020,2,tt11742070
718161,Wolfwood,2020,2,tt11575888
726455,Remnants,2020,2,tt12047822
728795,They're Outside,2020,2,tt9733886
728907,7 Sins,2020,2,tt12802016
731233,Fabula,2020,2,tt12670208
731732,The Legend of Dog Lady Island,2020,2,tt6389864
732045,Death by 1000 Cuts,2020,2,tt12029164
741917,Happy Horror Days,2020,2,tt8456656
744428,Miranda Veil,2020,2,tt9657546
748225,The Tales of Strango the Clown,2020,2,tt12965222
749256,Unhuman Nature,2020,2,tt7637160
750732,The Haunting of Grady Farm,2020,2,tt5065030
751252,Bigfoot: Path of the Beast,2020,2,tt11151696
756017,Scary Stories: Dark Web,2020,2,tt13298472
756545,Chills Down Your Spine,2020,2,tt12788198
757981,The Whittler,2020,2,tt11713524
758279,Rebirth,2020,2,tt3976044
758640,RIP: Rest in Pieces,2020,2,tt13382992
758897,Goblin,2020,2,tt11204372
759373,The Lost Vlog of Ruby Real,2020,2,tt12980468
759420,Blood Spirit,2020,2,tt9680126
761116,From the Dark,2020,2,tt11250368
765012,Master Pieces,2020,2,tt11628712
765832,Devil's Prey,2020,2,tt13357042
767276,Blood Pi,2020,2,tt4935782
770496,Onus,2020,2,tt11906018
775483,Children of Camp Blood,2020,2,tt13562408
778780,Zombacter: Center City Contagion,2020,2,tt13392582
784800,The Devil in the Room,2020,2,tt13432090
792720,13 Slays Till X-mas,2020,2,tt13665354
841591,Bad Ben: Pandemic,2020,2,tt12975140
842343,Haunted 4: Demons,2020,2,tt5358902
844059,Haunted 5: Phantoms,2020,2,tt5358912
566926,Death Trip,2021,2,tt13223274
616404,Sam & Mattie Make a Zombie Movie,2021,2,tt10613030
619887,Dwellers,2021,2,tt9285338
624777,Climate of the Hunter,2021,2,tt9755252
735744,No Way Out,2021,2,tt3551684
780204,Dark Tales From Channel X,2021,2,tt11364118
781032,All My Friends Are Dead,2021,2,tt12582160
781338,Zombi VIII: Urban Decay,2021,2,tt13351670
783233,The AGFA Horror Trailer Show: Videorage,2021,2,tt43349235
785174,Heart of the Home,2021,2,tt8247902
793942,The Legend of Fall Creek,2021,2,tt12747444
796759,The Cove,2021,2,tt12922082
797166,The Red Nightmare,2021,2,tt13978498
800109,Nest of Vampires,2021,2,tt10862868
802835,Who Is Bill Rebane?,2021,2,tt14681640
805688,Biomass,2021,2,tt2330733
811847,Venom Coast,2021,2,tt14153900
813006,Decapitarium,2021,2,tt6760620
814426,Mummy Dearest,2021,2,tt6120354
818108,Miracle Valley,2021,2,tt14174586
823427,Don't Let Her In,2021,2,tt14508380
823594,The Curse of Humpty Dumpty,2021,2,tt13563580
823662,The Demon's Waltz,2021,2,tt13625988
826048,Blue Call,2021,2,tt7019516
832227,Tooth Fairy: The Last Extraction,2021,2,tt12974250
837707,The Changed,2021,2,tt10165918
838819,Lullaby Story,2021,2,tt14825676
842721,Father of Flies,2021,2,tt6932148
846785,Juju Stories,2021,2,tt11989466
856661,Fisher,2021,2,tt8763198
862009,The Wild Man,2021,2,tt6892758
863831,The Girl in Cabin Thirteen,2021,2,tt15188978
873904,Monsters of War,2021,2,tt13452524
875268,It Knows You're Alone,2021,2,tt14811236
875314,Dark Web: Descent Into Hell,2021,2,tt14464962
877436,The Hunt,2021,2,tt14412536
877975,Harland Manor,2021,2,tt15138970
879062,Grave Intentions,2021,2,tt12767100
881349,Dogface: A Trap House Horror,2021,2,tt14654918
889485,Frank,2021,2,tt13779414
893032,The Covid Killer,2021,2,tt12810612
918621,Let's Stop at the Morgue,2021,2,tt15090416
953377,Loving Polly,2021,2,tt16350506
616820,Halloween Ends,2022,2,tt10665342
718146,Rucker,2022,2,tt10701788
760204,The Lair,2022,2,tt13468602
812340,The Rideshare Killer,2022,2,tt11432992
828306,Entropy,2022,2,tt11939970
881882,Faye,2022,2,tt11663284
891983,The Unkind,2022,2,tt9257906
898774,Amityville Uprising,2022,2,tt14083308
923763,Children of Sin,2022,2,tt14926864
926378,#Unknown,2022,2,tt15157354
926762,Living with Chucky,2022,2,tt14821406
929947,Trail to Terror,2022,2,tt5863880
952780,Painted in Blood,2022,2,tt14465170
960081,Surrogate,2022,2,tt18311162
969701,They Crawl Beneath,2022,2,tt12324092
972711,The House In Between: Part 2,2022,2,tt18548702
978651,The Razing,2022,2,tt13815488
982467,Tow,2022,2,tt11166308
987136,Bad Bones,2022,2,tt14971936
991173,He's Watching,2022,2,tt21057454
995810,Bridge of the Doomed,2022,2,tt10426796
999386,The Hoot Owl,2022,2,tt3098768
1013982,Something in the Woods,2022,2,tt13800590
1014659,Incantation,2022,2,tt10333688
1028944,Curse of Crom: The Legend of Halloween,2022,2,tt22021238
1028955,In Isolation,2022,2,tt15426246
509447,Belle,2023,2,tt12373754
731477,The Beast Beneath,2023,2,tt12395290
931892,Underground,2023,2,tt15520944
947305,Death Club,2023,2,tt13924872
948495,Reunion from Hell 2,2023,2,tt14642156
972740,The Beast Comes At Midnight,2023,2,tt12439942
980993,Legend of the Lizard Man,2023,2,tt13694152
982322,Stay Safe,2023,2,tt13271368
1003990,Children of the Pines,2023,2,tt13308864
1011207,Evil Lurks,2023,2,tt10323428
1022244,Stranded,2023,2,tt9873376
1053908,Axeman at Cutter's Creek 2,2023,2,tt21304540
1071554,The Skull and the Arm,2023,2,tt28484050
1071807,Let Us Make Eve,2023,2,tt22003512
1080485,American Cannibals,2023,2,tt13799994
1083119,The Lost Chronicles,2023,2,tt23182514
1087615,Doll Killer 3,2023,2,tt21206460
1097801,Psychotic Breakdown Anthology,2023,2,tt27072552
1099454,The Reaper Man,2023,2,tt17500254
1101831,Dark Entities,2023,2,tt12476674
1105121,Guest 2,2023,2,tt26474721
1108673,Dark Lullabies: An Anthology by Michael Coulombe,2023,2,tt12484098
1115744,Pterodactyl 2,2023,2,tt24017670
1121297,The Veil,2023,2,tt15670414
1138198,Caddy Hack,2023,2,tt28187351
1142322,Malice,2023,2,tt14001846
1144917,Necronomicon,2023,2,tt27941169
1146149,Psychosis,2023,2,tt28252746
1151317,Spider Baby,2023,2,tt27726037
1162834,The Last Nosferatu,2023,2,tt19722840
1164935,Depravity,2023,2,tt7531642
1165437,The Cult of AGFA Trailer Show,2023,2,tt43349200
1168953,Horror in the Forest,2023,2,tt28021014
1177377,BONDED,2023,2,tt27957198
1187339,The Ezzera & Gore-Girl Horror Anthology,2023,2,tt12894288
1189354,Bigfoot vs Megalodon 2,2023,2,tt29232978
1190400,Alone Together,2023,2,tt29247236
1192906,The Eye,2023,2,tt10778798
1201834,Black Santa,2023,2,tt28445241
1212329,Tales from Pandora's Box Vol. 3,2023,2,tt28015778
1217109,DEMONETIZED,2023,2,tt37140462
1221596,The Mummy Murders,2023,2,tt28073210
1226393,Killer Tales,2023,2,tt28761708
1232087,Redhead,2023,2,tt20224994
1237394,A Corpse for Christmas,2023,2,tt27002895
1257380,Blood Lust,2023,2,tt28718653
813743,The Whooper Returns,2024,2,tt11151162
839097,Bigfoot Exorcist,2024,2,tt13978610
952813,The Legend of Johnny Jones,2024,2,tt10928904
1008452,Haunted by Her Name,2024,2,tt21829344
1016268,Catnado,2024,2,tt16305734
1042049,Dinosaur Hotel 3,2024,2,tt22462952
1049607,Pigman,2024,2,tt22888912
1081260,Psychonaut,2024,2,tt18573534
1084237,7 Keys,2024,2,tt4485094
1137242,Apex Predators 2: The Spawning,2024,2,tt16495308
1140017,Granny Krampus,2024,2,tt27746179
1151721,American Terror Tales 3,2024,2,tt31843697
1171888,The Skinwalkers: American werewolves 2,2024,2,tt29549208
1172892,Camp Blood 9: Bride of Blood,2024,2,tt28494027
1208138,Tsunami Sharks,2024,2,tt29717460
1216411,Big Bad CGI Monsters,2024,2,tt30399522
1218245,Hellhounds,2024,2,tt15016100
1221058,Urban Nightmares: A Found Footage Anthology,2024,2,tt30008481
1234941,A Knife in the Dark,2024,2,tt29928572
1237456,Vexanthrone,2024,2,tt31079227
1243046,Its Name Was Mormo,2024,2,tt29451309
1254850,Slashercise,2024,2,tt30869594
1257780,Gentleman Caller,2024,2,tt31656936
1259735,Persona,2024,2,tt30060565
1260968,The Matriarch,2024,2,tt28683792
1264468,Am Fear Liath,2024,2,tt15179926
1275550,Coven of the Black Cube,2024,2,tt32659608
1278500,I'm Haunted 2,2024,2,tt29078972
1278808,Alien Hunt,2024,2,tt30971158
1291165,Murderfest,2024,2,tt29507115
1296622,Phallacies,2024,2,tt32466533
1300489,Hard Coin,2024,2,tt20881632
1301241,The Hunter's Anthology: The Demon Hunter,2024,2,tt31579306
1303929,Abduction: The Harvesting,2024,2,tt31107734
1307599,Inverted,2024,2,tt7098710
1308310,Wicked Season,2024,2,tt24227952
1311004,In the Flesh,2024,2,tt31922362
1313507,Huntress,2024,2,tt21033214
1316482,The Girl in Yellow,2024,2,tt32454805
1319665,The TRIP,2024,2,tt15806838
1319721,The Mitchin Murders,2024,2,tt13929822
1320333,Fright,2024,2,tt30020955
1322308,You're Reminded As You Fall Asleep,2024,2,tt33045708
1323987,Transient,2024,2,tt16381608
1335667,Shadows of Bigfoot,2024,2,tt32768358
1336501,Sisterhood of Secrets,2024,2,tt21633208
1337650,Feet of Death,2024,2,tt29304996
1352660,The Town Without Halloween,2024,2,tt28788767
1354556,"Cheater, Cheater",2024,2,tt17909522
1356414,Man in the Fields,2024,2,tt30320712
1357037,Shadows Side,2024,2,tt31987477
1363818,Souls of the Damned,2024,2,tt33182994
1364117,Room Six,2024,2,tt33301565
1373409,Dead In The Water: The Attempted Making Of In A Violent Nature,2024,2,tt43382969
1376925,Don't Break the Rules,2024,2,tt33822154
1380752,Advent,2024,2,tt13209830
1391511,Rose's Last Session,2024,2,tt27161744
1395697,Tragic,2024,2,tt14727382
1396266,The Ritual,2024,2,tt28545673
1396726,Elf in the Hood,2024,2,tt34722137
1404089,The McKinney Family Home Videos,2024,2,tt35050051
1407315,A Very Special Terrifier Christmas,2024,2,tt35332651
1420113,Surrounded by Spirits,2024,2,tt32868733
1548658,Dark Motel,2024,2,tt31710124
1578608,Zombies: Christmas Apocalypse,2024,2,tt33992263
675776,Persona,2025,2,tt10749820
752880,Tinsman Road,2025,2,tt13259900
1012582,Bury Me When I'm Dead,2025,2,tt8834606
1144978,Bears on a Ship,2025,2,tt35242182
1158697,The Dreadful Place,2025,2,tt15382924
1301336,Lone Star Shark 2,2025,2,tt32242715
1311596,Simon Says,2025,2,tt32760049
1365614,No Choice,2025,2,tt34600817
1366242,DRAGN,2025,2,tt33363428
1396539,Shed,2025,2,tt32907610
1401158,The Killgrin,2025,2,tt33452942
1403322,When It Rains in LA,2025,2,tt13934264
1423721,Jabberjaw,2025,2,tt33490030
1426628,Mr. Buzzkill,2025,2,tt14162398
1428528,City of Demons,2025,2,tt35602479
1435172,The Demoness,2025,2,tt34622366
1439115,The Bleeding Dark,2025,2,tt12866914
1442167,Night of Wrath,2025,2,tt29043315
1443135,The Final Possession,2025,2,tt32267529
1455243,Red Static Rising,2025,2,tt34902515
1457104,Disorder,2025,2,tt28534572
1467378,Gush,2025,2,tt36592812
1484513,Bigfoot: Blood on the Farm,2025,2,tt36673871
1488269,Backlash,2025,2,tt31262648
1495115,I Know What You Did Last Christmas,2025,2,tt36990451
1498045,Saturnalia,2025,2,tt32931571
1502749,The Study of Dr Cavaglieri,2025,2,tt37354892
1511793,You're Dead to Me,2025,2,tt29010849
1530405,Reset,2025,2,tt37884781
1532476,Bagworm,2025,2,tt35265169
1535021,Bet Dead Casino,2025,2,tt12678274
1537650,The McKinney Family Home Videos Volume 2,2025,2,tt37961878
1547524,GAME,2025,2,tt38044308
1572782,A Demon's Revenge,2025,2,tt31795370
1573594,Destroy This Tape,2025,2,tt36456038
1575497,Frenzy Moon,2025,2,tt32607259
1578534,Fey,2025,2,tt38514387
1579212,The Visitors,2025,2,tt4893650
1589530,A Town Called Purgatory,2025,2,tt11908652
1591893,The Vindicator,2025,2,tt20189700
1605903,Lady in the Urn,2025,2,tt37968634
1619347,Exophoria,2025,2,tt38936893
1678170,House at the Edge of the Woods,2025,2,tt38047693
249478,Mystery Ranch,1932,3,tt0023257
248063,Ouanga,1935,3,tt0026832
214552,A Face in the Fog,1936,3,tt0144191
1057621,Shadow of Chinatown,1936,3,tt0126659
162247,The Spell of Amy Nugent,1941,3,tt0033088
94070,Spook Busters,1946,3,tt0038976
202784,Frenzy,1946,3,tt0038684
253520,House of Darkness,1948,3,tt0040452
117017,Fright,1956,3,tt0049234
116337,The Man Without a Body,1957,3,tt0050676
80633,The Hands of Orlac,1960,3,tt0054963
132346,Terrified,1963,3,tt0142906
435121,Fantasmagorie,1964,3,tt1368079
85239,Lila,1968,3,tt0063272
94545,The Bushwhacker,1968,3,tt0212017
94737,The Curse of Her Flesh,1968,3,tt0135316
104424,Night After Night After Night,1969,3,tt0064724
3345,Dr. Frankenstein on Campus,1970,3,tt0202358
95559,The Last Step Down,1970,3,tt0183393
213212,Janie,1970,3,tt0130039
161692,The Night God Screamed,1971,3,tt0067488
28780,Deathmaster,1972,3,tt0068459
67320,Stanley,1972,3,tt0069308
89386,Poor Albert and Little Annie,1972,3,tt0071639
98213,The Woman Hunt,1972,3,tt0069509
110404,Sweet Kill,1972,3,tt0065424
112812,The Man with Two Heads,1972,3,tt0068911
126684,Disciple Of Death,1972,3,tt0068489
131582,Voices of Desire,1972,3,tt0339869
273544,Hollywood 90028,1973,3,tt0078728
30831,The Beauties and the Beast,1974,3,tt0088780
39884,Scum of the Earth,1974,3,tt0075088
86744,House of the Living Dead,1974,3,tt0070198
98128,Nightmare Honeymoon,1974,3,tt0070446
140516,Help Me... I'm Possessed,1974,3,tt0135444
190062,Moonchild,1974,3,tt0071855
86470,God's Bloody Acre,1975,3,tt0235433
46970,The Mysterious Monsters,1976,3,tt0073427
92724,Crypt of Dark Secrets,1976,3,tt0285490
347501,The Animal,1976,3,tt3257336
3202,Terror of Frankenstein,1977,3,tt0076881
136720,The Demon Lover,1977,3,tt0074389
213207,Claws,1977,3,tt0075857
256227,Whiskey Mountain,1977,3,tt0076914
39984,Killer's Delight,1978,3,tt0077932
141127,Doctor Dracula,1978,3,tt0082273
144868,Crazed,1978,3,tt0129851
150786,The Brain Leeches,1978,3,tt0075780
82452,Savage Water,1979,3,tt0376868
95000,The Hollywood Strangler Meets the Skid Row Slasher,1979,3,tt0079300
207434,Satan War,1979,3,tt0457124
215722,Shadows of the Mind,1979,3,tt0796605
85187,A Day of Judgment,1981,3,tt0221902
124656,Kiss Daddy Goodbye,1981,3,tt0082620
111877,Invitation to Hell,1982,3,tt0272141
192987,Mongrel,1982,3,tt0084348
225449,Blood Bride,1982,3,tt0137392
92380,Please Don't Eat the Babies,1983,3,tt0086119
226018,Dance of the Dwarfs,1983,3,tt0085396
588781,Terror en los barrios,1983,3,tt0314778
163545,The Surrogate,1984,3,tt0088210
29607,Miami Golem,1985,3,tt0093533
90059,Terror in the Swamp,1985,3,tt0090149
108873,Terminal Choice,1985,3,tt0090148
29814,Terror on Alcatraz,1986,3,tt0092073
66474,The Night Stalker,1986,3,tt0093621
71582,Abducted,1986,3,tt0090578
85143,Night Ripper!,1986,3,tt0137981
141333,Shadow Play,1986,3,tt0091931
382755,Vampires,1986,3,tt0178965
85135,City in Panic,1987,3,tt0299681
90986,True Gore,1987,3,tt0348253
91600,Skull: A Night of Terror!,1987,3,tt0098346
105258,Death Run,1987,3,tt1972636
213967,Venus Flytrap,1987,3,tt0094247
342127,"Ninja, the Violent Sorceror",1987,3,tt0199867
29555,Demon Warrior,1988,3,tt0094996
29948,Epitaph,1988,3,tt0186993
58983,Death Row Diner,1988,3,tt0094975
85167,Hollow Gate,1988,3,tt0150931
86681,To Die For,1988,3,tt0098482
106836,Judgement Day,1988,3,tt0095414
137051,Midnight Matinee,1988,3,tt0095602
204115,The Tale of Ruby Rose,1988,3,tt0096217
216142,The Brainsucker,1988,3,tt0207351
219606,The Dreaming,1988,3,tt0095064
229078,The Shadowed Mind,1988,3,tt0096082
244033,Blackout,1988,3,tt0094756
251439,The Understudy: Graveyard Shift II,1988,3,tt0096335
27652,Blood Nasty,1989,3,tt0096950
58801,Dark Heritage,1989,3,tt0228182
97693,Slash Dance,1989,3,tt0210988
124046,B.O.R.N.,1989,3,tt0094693
138967,Posed for Murder,1989,3,tt0098109
157268,Death Doll,1989,3,tt0319271
180268,Demonstone,1989,3,tt0097184
215772,Night Terror,1989,3,tt0097974
265465,Fright House,1989,3,tt0178213
68117,Red Blooded American Girl,1990,3,tt0100466
119558,Dead Girls,1990,3,tt0182958
139993,Fertilize the Blaspheming Bombshell!,1990,3,tt0099562
227662,Outcast,1990,3,tt0807724
306748,Gorgasm,1990,3,tt0099686
73217,Beasties,1991,3,tt0122992
119550,Where Evil Lives,1991,3,tt2005404
250352,Dream Stalker,1991,3,tt0261662
215280,Billy Badd,1992,3,tt0220653
29902,Little Devils: The Birth,1993,3,tt0133064
176018,Gorotica,1993,3,tt0107038
225715,Red Spirit Lake,1993,3,tt0127226
153490,The Force,1994,3,tt0109826
264252,Crystal Force 2: Dark Angel,1994,3,tt0389895
29683,Portrait in Red,1995,3,tt0127143
80528,The Darkening,1995,3,tt0125060
84726,Raging Angels,1995,3,tt0114226
92769,Relative Fear,1995,3,tt0110965
160202,Traces Of Death III,1995,3,tt0114710
293417,The Sandman,1995,3,tt0114334
396396,The Whispering,1995,3,tt0118153
408464,Stormswept,1995,3,tt0114554
30752,Night Shade,1996,3,tt0124808
58986,Living a Zombie Dream,1996,3,tt0147006
73316,Darklands,1996,3,tt0127500
104377,5 Dead on the Crimson Canvas,1996,3,tt0126909
217311,Things II,1996,3,tt0178935
447955,Tender Loving Care,1996,3,tt0149252
29938,Alien Escape,1997,3,tt0112318
268716,The Westing Game,1997,3,tt0120495
297059,Judge and Jury,1997,3,tt0116723
299077,Dead Innocent,1997,3,tt0116048
318582,Zombie Gang Bangers,1997,3,tt0146369
348572,Ravager,1997,3,tt0119984
29712,Vampire Call Girls,1998,3,tt0169358
34226,The Night Caller,1998,3,tt0127702
124408,Laughing Dead,1998,3,tt0212303
269279,Asylum of Terror,1998,3,tt0326740
386081,Urban Legends,1998,3,tt1315064
30455,Vampire Blues,1999,3,tt0209458
82873,Auton 3: Awakening,1999,3,tt0204851
104422,Knocking on Death's Door,1999,3,tt0191235
117372,Memorial Day,1999,3,tt0189727
124230,Townies,1999,3,tt0120361
215620,Desecration,1999,3,tt0273169
24104,The Apostate,2000,3,tt0172794
27879,Zombie Bloodbath 3: Zombie Armageddon,2000,3,tt0197116
104425,Legend of  the Chupacabra,2000,3,tt0293346
160204,Traces Of Death V,2000,3,tt0371334
214680,Convergence,2000,3,tt0144146
277439,The Big Finish,2000,3,tt0297787
297077,909 Experiment,2000,3,tt3034558
398868,Erotic Witch Project 2: Book of Seduction,2000,3,tt0325321
445773,Deadfall,2000,3,tt0128158
28232,Stitches,2001,3,tt0261322
28274,Vampire Junction,2001,3,tt0274189
34791,Mindstorm,2001,3,tt0263746
213809,Mayhem Motel,2001,3,tt0294712
340033,Seance,2001,3,tt0286055
349165,Biohazardous,2001,3,tt0284907
354135,Never Play with the Dead,2001,3,tt0399402
413324,Vampire Resurrection,2001,3,tt0272851
20706,Fallen Angels,2002,3,tt0322241
28084,The Bagman,2002,3,tt0305264
28514,Killers 2: The Beast,2002,3,tt0298394
55366,Autopsy: A Love Story,2002,3,tt0306496
156252,Phobic,2002,3,tt0331601
212054,Psyclops,2002,3,tt0374975
357106,Lust in the Mummy's Tomb,2002,3,tt0349761
379394,Demon's Kiss,2002,3,tt0278410
28234,Tales from the Grave,2003,3,tt16175076
69010,One of Them,2003,3,tt0378491
109703,Cadaver Bay,2003,3,tt0386352
200782,Cutthroat Alley,2003,3,tt0377720
213765,Toe Tags,2003,3,tt0842033
254544,No Return,2003,3,tt0417017
402167,The Secret Cellar,2003,3,tt0353991
24907,Satan's Schoolgirls,2004,3,tt0456093
27840,Mark of the Astro-Zombies,2004,3,tt0291330
28265,Lovesick: Sick Love,2004,3,tt0385846
28419,Hellbreeder,2004,3,tt0359398
29404,Corpses,2004,3,tt0409842
30664,Quiet Kill,2004,3,tt0274024
113909,Insight of Evil,2004,3,tt0415068
163543,Shelf Life,2004,3,tt0397636
181425,Alien 51,2004,3,tt0384803
197499,Harvest Of Fear,2004,3,tt0419797
203013,Witchcraft XII: In the Lair of the Serpent,2004,3,tt0346147
215355,Feeding the Masses,2004,3,tt0436301
267282,Zombie Planet,2004,3,tt0433268
310451,Vampz,2004,3,tt0428006
346633,Fangoria: Blood Drive,2004,3,tt0438021
535926,Tod Browning's 'Freaks': The Sideshow Cinema,2004,3,tt0452781
28038,Slaughter Party,2005,3,tt0425465
28382,The Devil's Bloody Playthings,2005,3,tt0835028
56144,Razorteeth,2005,3,tt0435314
59220,Darkworld,2005,3,tt0489024
65583,Zombiez,2005,3,tt0467149
72305,Snapped,2005,3,tt0432354
201926,Puppy,2005,3,tt0432006
205903,Raving Maniacs,2005,3,tt0455997
239414,Dead at the Box Office,2005,3,tt0818095
330224,Aunt Rose,2005,3,tt0451142
445759,Tartarus,2005,3,tt0872339
27810,The Absence of Light,2006,3,tt0405632
28518,The Strange Case of Dr. Jekyll and Mr. Hyde,2006,3,tt0472186
36857,Bacterium,2006,3,tt0835419
39167,The Entrance,2006,3,tt0476540
50852,Apartment of Erotic Horror,2006,3,tt0846665
58987,Lockout,2006,3,tt0800116
71234,Greed,2006,3,tt0401449
73143,Wages of Sin,2006,3,tt0825342
97601,Blood Ranch,2006,3,tt0773273
97808,Conjure,2006,3,tt0497345
131938,Delivery,2006,3,tt0819093
132729,White Lady,2006,3,tt0757953
147151,Requiem for a Vampire,2006,3,tt0824768
156623,The Brink,2006,3,tt0352220
225065,Silent Bloodnight,2006,3,tt0826628
275678,Bigfoot at Holler Creek Canyon,2006,3,tt0494235
369517,Dark Reality,2006,3,tt0478129
398747,The Lonely Ones,2006,3,tt0460852
468173,When Darkness Falls,2006,3,tt5702966
550757,Lycan Colony,2006,3,tt0795416
637944,Don't Be Scared,2006,3,tt0951322
46802,Motocross Zombies from Hell,2007,3,tt1050166
52742,Experiment in Torture,2007,3,tt1127181
70069,Doomed,2007,3,tt0956335
81489,Carnivorous,2007,3,tt0884237
85223,Prey for the Beast,2007,3,tt1261935
104184,Death Knows Your Name,2007,3,tt0483083
128584,Borderline Cult,2007,3,tt1075787
132626,Mr. Halloween,2007,3,tt1034454
154390,A Nocturne: Night Of The Vampire,2007,3,tt1185434
221972,Caregiver,2007,3,tt1185234
227285,Cadaverella,2007,3,tt0940503
311085,Jekyll,2007,3,tt0393394
28347,The Thirst: Blood War,2008,3,tt0485782
30383,Torment,2008,3,tt0986268
37862,Intruder,2008,3,tt1313876
54961,Passed the Door of Darkness,2008,3,tt0949835
55083,Satan's Whip,2008,3,tt0863095
83590,The Red Cell,2008,3,tt1217595
113602,Dead on Site,2008,3,tt1240541
213278,Tales from the Dead,2008,3,tt0960855
272911,Death's Door,2008,3,tt0439536
275209,Monster From Bikini Beach,2008,3,tt1332028
294147,Home Made,2008,3,tt1164980
309062,Sorority Sister Slaughter,2008,3,tt0846092
353382,Pink Eye,2008,3,tt0958863
390213,Zombthology,2008,3,tt1127228
413336,Hanah's Gift,2008,3,tt1230376
581107,The Mill,2008,3,tt0497412
27553,Game Over,2009,3,tt1509123
28930,Live Evil,2009,3,tt0791321
35198,"Clear Lake, WI",2009,3,tt1164090
47515,Four Boxes,2009,3,tt1144545
54811,Witchmaster General,2009,3,tt1231600
57293,Deadly Little Christmas,2009,3,tt1348305
70822,Ominous,2009,3,tt1418912
92322,George: A Zombie Intervention,2009,3,tt1310641
95480,"Flesh, TX",2009,3,tt1099199
104426,Fast Zombies with Guns,2009,3,tt1377290
147278,The Chosen One,2009,3,tt1339065
186324,Morris County,2009,3,tt1260579
235733,Eulogy for a Vampire,2009,3,tt1360771
238957,Dracula,2009,3,tt1521769
253103,Scare Zone,2009,3,tt1380281
253410,Mutilation Mile,2009,3,tt1443355
293625,The Ritual,2009,3,tt0460943
348494,What Really Frightens You?,2009,3,tt1422794
373350,Jingles the Clown,2009,3,tt1584708
39392,S.N.U.B!,2010,3,tt1182942
51586,Shadowland,2010,3,tt1097017
65861,Death Hunter,2010,3,tt1736251
66670,Stiff,2010,3,tt1715348
77626,The Defiled,2010,3,tt1592209
93715,Butchered,2010,3,tt0902262
99328,BIOPHAGE,2010,3,tt1412697
113658,Hellweek,2010,3,tt1579956
115447,Hell Is Full,2010,3,tt1699223
179255,The Book of Zombie,2010,3,tt1590190
262264,Sparrow,2010,3,tt1698656
276877,Orgy of the Damned,2010,3,tt1403210
290415,Paranormal Effect,2010,3,tt1602565
301074,The Killing of Jacob Marr,2010,3,tt1591505
369763,The School in the Woods,2010,3,tt1764691
547392,Dead Island,2010,3,tt1735417
69884,Exit 33,2011,3,tt1772850
70714,Penunggu Istana,2011,3,tt1932691
73197,The Anniversary at Shallow Creek,2011,3,tt1754589
80390,The Inner Room,2011,3,tt1715352
115448,The Creepy Doll,2011,3,tt1988805
116514,The Forest,2011,3,tt1488602
147232,Always From Darkness,2011,3,tt1825650
155577,Lilith,2011,3,tt1666188
167079,Windigo,2011,3,tt2272756
171112,Deadly Detour,2011,3,tt1861307
187288,Two Days Back,2011,3,tt2083385
213333,The Shadows,2011,3,tt1337022
231003,Hombre Y Tierra,2011,3,tt2011045
100082,American Maniacs,2012,3,tt1589627
104217,Requiem For The Damned,2012,3,tt1649398
140941,Hemorrhage,2012,3,tt1992150
141899,Dead Soon,2012,3,tt1489958
154239,A Haunting on Potter Street: The Potter Street Station,2012,3,tt2658192
245107,Christmas with the Dead,2012,3,tt1954334
273508,Ready or Not,2012,3,tt2381978
276328,The Death of April,2012,3,tt2229103
281358,Amicus: House of Horrors,2012,3,tt2503272
287526,Zombie Mutation,2012,3,tt2388823
290669,Deliverance from Evil,2012,3,tt1760947
291438,Aleta: Vampire Mistress,2012,3,tt1514044
294515,The G-string Horror,2012,3,tt2380259
309955,"The Video Diary of Madi O, the Final Entries",2012,3,tt2191696
332279,House of Horrors: Gates of Hell,2012,3,tt2428612
425935,Asylum of Darkness,2012,3,tt2196848
515995,Disgruntled Employee,2012,3,tt3358520
161672,The Oxbow Cure,2013,3,tt2207178
191644,The Corpse Grinders 3,2013,3,tt2388765
197858,New York Shadows,2013,3,tt2441218
227070,Ghostlight,2013,3,tt2637196
262087,MurderDrome,2013,3,tt2338708
267909,The Blue Eyes,2013,3,tt1807028
273855,Embedded,2013,3,tt1954419
286223,Shadow Zombie,2013,3,tt2891774
308421,Somebody's There,2013,3,tt2176874
308866,Realm Of Souls,2013,3,tt2568074
322433,Unknown Project,2013,3,tt2400016
327370,Blood Slaughter Massacre,2013,3,tt2551510
483095,St. Osmund's,2013,3,tt2634584
536548,The Pyramid,2013,3,tt2363461
653530,Vegas Skyline,2013,3,tt2927664
205223,Phantasmagoria,2014,3,tt3026102
257054,Dead Walkers: Rise of the 4th Reich,2014,3,tt2909482
262621,Haunted House on Sorority Row,2014,3,tt3299604
270299,The Red House,2014,3,tt1988816
274339,Revelation Trail,2014,3,tt2370410
275472,Candid,2014,3,tt2235602
279970,Show Pieces,2014,3,tt8008606
280381,House at the End of the Drive,2014,3,tt0464054
282329,Craters of the Moon,2014,3,tt2089653
292315,Jin,2014,3,tt2670226
297632,Antidote,2014,3,tt2709716
298966,Pickaxe,2014,3,tt2614814
298968,Easter Sunday,2014,3,tt3463878
300156,The Interrogation of Cheryl Cooper,2014,3,tt3594042
302904,Red Kingdom Rising,2014,3,tt2251465
326724,Exorcism,2014,3,tt1756508
332294,Metamorfosia,2014,3,tt4026632
332296,Malacreanza: From the Diary of a Broken Doll,2014,3,tt4933368
332920,A Werewolf in Slovenia,2014,3,tt4849332
333780,Abandoned in the Dark,2014,3,tt3304184
381820,Cut Her Out,2014,3,tt2932498
384912,Slit Mouth Woman in LA,2014,3,tt3885442
386030,Honky Holocaust,2014,3,tt2403914
442292,Watch Me Die,2014,3,tt3150700
492440,Return of Suspicion,2014,3,tt6819500
543901,P.O.E. Pieces of Eldritch (P.O.E. 3),2014,3,tt3890934
290391,"Run, Hide, Die",2015,3,tt2442662
304706,Lost a Girl,2015,3,tt2909904
316113,The Eve,2015,3,tt1836953
334742,Fractured,2015,3,tt2375844
335633,How the Sky Will Melt,2015,3,tt3570908
336405,Awake In The Woods,2015,3,tt1736040
340452,Zombie Cats from Mars,2015,3,tt4218250
347167,E.N.D. - The Movie,2015,3,tt4680662
347973,My Bloody Banjo,2015,3,tt3283698
348587,Fallen Soldiers,2015,3,tt4489478
369427,The American Werewolf Project,2015,3,tt2426934
370381,Bullets for the Dead,2015,3,tt2932530
378218,In the Dark,2015,3,tt4534492
416470,Bikini Mayhem,2015,3,tt4785524
420101,Scary Tales: Last Stop,2015,3,tt4284282
453664,No Solicitors,2015,3,tt3568380
497006,Glass,2015,3,tt5144236
507109,Chatter,2015,3,tt2577636
535145,The Final Haunting,2015,3,tt2585526
570220,Atelophobia,2015,3,tt3711196
371798,The Blood Harvest,2016,3,tt4048964
383150,Lung,2016,3,tt5073690
396550,Sickhouse,2016,3,tt5695936
396692,Amityville: Vanishing Point,2016,3,tt5539186
404388,Show Yourself,2016,3,tt4361376
405387,She Was So Pretty,2016,3,tt5229754
407303,Quadrant 9EV9,2016,3,tt3205438
412406,Death Walks,2016,3,tt3020786
415222,Dreaming Purple Neon,2016,3,tt5795064
418150,Hollower,2016,3,tt4324020
418396,In a Lonely Place,2016,3,tt6117142
419174,Weresquito: Nazi Hunter,2016,3,tt5958758
419326,The Night Visitor 2: Heather's Story,2016,3,tt2983922
422596,Michael Myers: Absolute Evil,2016,3,tt5596278
438055,Cannibal Claus,2016,3,tt6057694
442005,Poignant,2016,3,tt5533012
446207,Jack Logan,2016,3,tt5321214
472015,Hunting for Shadows,2016,3,tt5269208
472855,Red Net,2016,3,tt5333700
481390,Dances with Werewolves,2016,3,tt6104768
493731,Christmas Apparition,2016,3,tt5637212
496985,Psychophonia,2016,3,tt3098998
510441,Pretty Fine Things,2016,3,tt3834874
519582,Cellar Secret,2016,3,tt4290766
547055,Threshold,2016,3,tt4002210
560782,Furry Nights,2016,3,tt6285002
587040,El Tutor,2016,3,tt6752028
597920,Flesh to Play,2016,3,tt18381680
327369,Pig Pen,2017,3,tt4215828
423415,Red Eye,2017,3,tt4828330
432896,POE 4: The Black Cat,2017,3,tt6384694
444135,Zombies Have Fallen,2017,3,tt4974254
445218,Swamp Freak,2017,3,tt6388844
447617,House of Afflictions,2017,3,tt3804448
447956,Evil in Her,2017,3,tt5526536
451697,3 Hours till Dead,2017,3,tt4854820
454347,The House of Screaming Death,2017,3,tt4675356
459982,Clown Kill,2017,3,tt3443208
460952,Darken,2017,3,tt6472742
461618,Tsunambee,2017,3,tt4586136
464772,Indiana,2017,3,tt3127018
464869,Strangers Within,2017,3,tt3884282
464880,The Howling,2017,3,tt5694044
468303,The Cropsey Incident,2017,3,tt7579788
474199,Locked Away,2017,3,tt1338635
479459,The Litch,2017,3,tt5634336
480715,Invasion on Chestnut Ridge,2017,3,tt7183826
481072,Impossible Horror,2017,3,tt7509538
482249,Invoking 4,2017,3,tt7475886
488888,The Last Hope,2017,3,tt5470742
495466,Bloody Drama,2017,3,tt6957816
507097,Blood Prism,2017,3,tt6130118
526780,The Plan,2017,3,tt6866652
539893,Hell Mountain,2017,3,tt5276332
549893,Attack of the Tattie-Bogle,2017,3,tt7434402
565053,Scary Story Slumber Party,2017,3,tt1640605
580414,The Getaway,2017,3,tt9211466
593317,Killer Campout,2017,3,tt5603976
593941,Strange Tales From Appalachia,2017,3,tt7528504
658020,Xpiation,2017,3,tt7539072
691932,All Hallows' Eve Horror,2017,3,tt6803242
810263,Steelmanville Road,2017,3,tt7392060
837544,Badder Ben: The Final Chapter,2017,3,tt7521846
426373,Peripheral,2018,3,tt5658672
432890,A Taste of Phobia,2018,3,tt6384720
477577,3,2018,3,tt5618160
477920,The Devil's Well,2018,3,tt5987042
500348,The Last Ones,2018,3,tt7234694
513260,Caged,2018,3,tt6751468
518778,Herbert West: Reanimator,2018,3,tt3556410
520151,Exposure,2018,3,tt8844888
524582,Livescream,2018,3,tt8233184
529294,Eyes In The Hills,2018,3,tt8526530
531678,At The Door,2018,3,tt10515340
536141,Occult Angel,2018,3,tt8615816
550476,"Blood, Sweat And Terrors",2018,3,tt8050598
550845,Blood Clots,2018,3,tt8833552
551096,Shadow of the Missing,2018,3,tt4851658
553077,Happy Birthday Hannah,2018,3,tt9097546
553619,Bugs: A Trilogy,2018,3,tt5078618
554312,Haunted 3: Spirits,2018,3,tt5220078
558305,President Evil,2018,3,tt8638524
562618,Foster Home Seance,2018,3,tt9184150
563025,The Lurking Man,2018,3,tt4886942
563289,Truth or Double Dare,2018,3,tt5634556
576381,Nightmare Vacation,2018,3,tt7072824
603050,51 Nevada,2018,3,tt7491968
603904,Trickster,2018,3,tt7558166
609183,eROTik,2018,3,tt10719944
639480,Pumpkins,2018,3,tt4381382
760953,American Psychopath,2018,3,tt8273158
777912,The Crescent Moon Clown,2018,3,tt9278074
130421,Hanukkah,2019,3,tt2562146
504251,Celebrity Crush,2019,3,tt7227044
508150,Mask of Thorn,2019,3,tt6576144
535610,Wretch,2019,3,tt8005088
543533,The Luring,2019,3,tt6418570
550015,Hell of a Night,2019,3,tt3912672
571858,A Wakefield Project,2019,3,tt8764144
573687,Monsterland 2,2019,3,tt7575702
574839,The Haunting of the Suicide House,2019,3,tt9575498
586327,The Rizen: Possession,2019,3,tt4521338
589770,Creep Nation,2019,3,tt8511854
600939,Deadly Playthings,2019,3,tt10078894
606446,Ragmork,2019,3,tt10115644
606728,Mollywood,2019,3,tt6969814
608502,The Lurker,2019,3,tt5201882
612295,Into the Forest,2019,3,tt10514532
613607,Anna 2,2019,3,tt9540232
614206,For We Are Many,2019,3,tt7445304
618331,Dark Whispers - Volume 1,2019,3,tt10448542
626868,Lifeform,2019,3,tt6460932
628478,Beloved Beast,2019,3,tt6619250
629181,Direct to Video: Straight to Video Horror of the 90s,2019,3,tt10165870
631689,Scare Attraction,2019,3,tt10051586
640377,The Seven,2019,3,tt8095862
646558,Widow's Walk,2019,3,tt5506864
647895,Recife Assombrado,2019,3,tt11607370
649117,Ashburn Waters,2019,3,tt2340444
652340,A Haunting on Brockway Street,2019,3,tt11305096
652694,The Man in the Trunk,2019,3,tt3293594
654798,Scarecrow's Revenge,2019,3,tt8552226
656980,Paranormal Farm 3: Halloween,2019,3,tt11426190
658568,Pagan Warrior,2019,3,tt8444480
659223,The Butcher,2019,3,tt11187940
706677,The Whispering Man,2019,3,tt8787834
717397,The Mermaid’s Curse,2019,3,tt10278386
729316,Nicole,2019,3,tt9289116
498220,Nightmare Symphony,2020,3,tt7863462
503025,Captured,2020,3,tt2400305
510937,The Bone Box,2020,3,tt4626020
537523,Deadly Crush,2020,3,tt3908826
602009,Pipeline,2020,3,tt6655214
627515,The Last Thanksgiving,2020,3,tt10809006
653070,Red Handed,2020,3,tt7632274
658829,The Fear Footage 2: Curse of the Tape,2020,3,tt11323964
688131,Carrion,2020,3,tt10419672
713828,GetAWAY,2020,3,tt9314862
722722,A Deadly Legend,2020,3,tt10021582
738170,Dark Tales,2020,3,tt6744058
744168,Bright Hill Road,2020,3,tt9893824
747327,An Unquiet Grave,2020,3,tt10332690
748918,The Bloody Man,2020,3,tt7708470
750109,Anonymous Killers,2020,3,tt3727948
752100,The Haunting at Death Valley Junction,2020,3,tt8359620
752307,Blood From Stone,2020,3,tt8075634
752500,House of Shadows,2020,3,tt10546090
753937,8ight After,2020,3,tt13186470
759377,Desire Path,2020,3,tt12998774
759378,Casting Couch Slaughter,2020,3,tt13129670
759908,Dark Figures,2020,3,tt8373010
782179,The Howling,2020,3,tt11363416
842139,Crypto Legacy,2020,3,tt13298772
635771,No Such Thing As Monsters,2021,3,tt9005542
726527,The Parish,2021,3,tt7681186
780268,Apex Predators,2021,3,tt10078904
784284,Todd,2021,3,tt9412088
795562,The Bridge,2021,3,tt13873530
805102,Stay,2021,3,tt13117720
807278,The Boonies,2021,3,tt11051846
811646,Saltwater: The Battle for Ramree Island,2021,3,tt13293926
821501,Shapeless,2021,3,tt9154818
824739,Brimstone Incorporated,2021,3,tt13330106
836713,Infected: The Darkest Day,2021,3,tt14412524
837997,Cassex,2021,3,tt14788018
843679,The Sleepless Unrest,2021,3,tt14127738
846284,Amityville Scarecrow,2021,3,tt13196156
846441,Heir,2021,3,tt13355630
848664,Woodland Grey,2021,3,tt6550304
854244,Shark Huntress,2021,3,tt13391202
859357,The Forever Room,2021,3,tt12810356
865439,Jurassic Shark 2: Aquapocalypse,2021,3,tt14873410
866510,Ouija Hosts,2021,3,tt11913348
870110,Shot in the Dark,2021,3,tt4435664
872554,World Ends at Camp Z,2021,3,tt13869700
885683,White Sky,2021,3,tt12295244
917514,Doctor Carver,2021,3,tt12974236
926092,Death Cast,2021,3,tt10523122
484907,Homebound,2022,3,tt4788734
529683,Cold Wind Blowing,2022,3,tt7278006
552322,The Huntress: Rune of the Dead,2022,3,tt8284860
634301,Captors,2022,3,tt8610036
784217,Damon's Revenge,2022,3,tt13797216
800198,Know Fear,2022,3,tt9191700
801320,Shriekshow,2022,3,tt7587206
801691,Hellblazers,2022,3,tt11525390
848391,Hillwalkers,2022,3,tt13112698
901385,Significant Other,2022,3,tt15353964
928391,The Red Book Ritual,2022,3,tt14083716
963062,Trip,2022,3,tt10887736
969451,Neon Lights,2022,3,tt12572084
972239,Erzulie,2022,3,tt14069192
979591,Blood in the Water,2022,3,tt12146688
982317,11th Hour Cleaning,2022,3,tt7661648
984142,Death Count,2022,3,tt12338246
987434,Wayward,2022,3,tt14921402
1005776,V/H/S/99,2022,3,tt21651560
1017995,Requiem for a Scream,2022,3,tt20865118
1022103,Conjuring: The Beyond,2022,3,tt20204164
1023086,Devil's Workshop,2022,3,tt12444934
515162,Bite,2023,3,tt7575142
731893,Our Deadly Vows,2023,3,tt26693313
779246,Cryptids,2023,3,tt5778410
874265,Hell's Half Acre,2023,3,tt13204356
882162,Do Not Disturb,2023,3,tt10696116
945382,Sharkula,2023,3,tt14096132
961962,Free to a Bad Home,2023,3,tt14500666
981329,Dinosaur Prison,2023,3,tt20601484
1005318,The Who Incident,2023,3,tt19393984
1053943,Spookt,2023,3,tt14996760
1059593,Do Not Watch,2023,3,tt2636512
1071779,Thorns,2023,3,tt24132084
1082246,Motorboat,2023,3,tt23181112
1093662,Ghost Webcam,2023,3,tt21058250
1101576,The Sudbury Devil,2023,3,tt11651640
1106717,Smart House,2023,3,tt6824720
1107077,Puzzle Box,2023,3,tt26935804
1111892,Shackled,2023,3,tt17071456
1112617,Parasite Lady,2023,3,tt25971184
1126032,I will not take care of you.,2023,3,tt21161308
1130607,Fangs Out,2023,3,tt27443854
1138327,Eyes of Dread,2023,3,tt13687892
1146146,Ghosts of the Void,2023,3,tt15313862
1148862,Night Explorers: The Asylum,2023,3,tt14088788
1153416,The Morning After,2023,3,tt17541886
1157430,"Lust, Magic, and the Witches' Sabbath",2023,3,tt28249546
1163418,Taped Up Memories,2023,3,tt29571530
1175189,Phantom Fun-World,2023,3,tt15676652
1177533,The Haunting Lodge,2023,3,tt15858688
1182445,The Curse of Abigail Proctor,2023,3,tt15840300
1187025,Chapter X,2023,3,tt9881678
1193866,Alice and the Vampire Queen,2023,3,tt27989590
1193927,When the Trash Man Knocks,2023,3,tt27201046
1194713,Flakka Zombie Drug,2023,3,tt6066590
1210584,The Dark Sisters,2023,3,tt26315645
1215325,I Bring Joy,2023,3,tt14448516
1220229,The 12 Slays of Christmas: 2023 Edition,2023,3,tt30494732
1225559,Prime,2023,3,tt28356390
1247193,Slave Dolls,2023,3,tt26773457
387660,DinoGator,2024,3,tt4155680
926813,Amityville Bigfoot,2024,3,tt15536618
1031114,Pins and Needles,2024,3,tt20912374
1111893,Side Effects May Vary,2024,3,tt27487628
1124918,Shockwaves 2,2024,3,tt27130227
1154330,Island of the Dolls 2,2024,3,tt27130480
1201338,Winter Island,2024,3,tt15133756
1204881,Tenants,2024,3,tt29538453
1205384,Cruel: The Cross Village Encounter,2024,3,tt31946256
1208388,Noclip,2024,3,tt31804950
1210727,Jeffrey's Hell,2024,3,tt28662371
1233150,Custom,2024,3,tt28082726
1236769,Dr. Sander's Sleep Cure,2024,3,tt30018159
1239456,Quadrant,2024,3,tt31179749
1247113,House on Rockingham,2024,3,tt28503101
1255112,Mister Sleep,2024,3,tt22866470
1255453,Dance With The Devil,2024,3,tt30217626
1256380,Jurassic Exorcist,2024,3,tt31311119
1263763,The Mill Killers,2024,3,tt18484356
1269980,Byte,2024,3,tt27873964
1273232,Sci-Fi Vixens from Beyond,2024,3,tt31511371
1278544,My Little Nightmare,2024,3,tt3707428
1294263,What Happened to Suzy,2024,3,tt16358764
1295064,Nyctophobia,2024,3,tt16073638
1297558,The Seeds,2024,3,tt31975087
1318106,Ladybug,2024,3,tt30489753
1320170,American Werewolf,2024,3,tt30136827
1322560,Hillock Haunting,2024,3,tt32434447
1326045,Day of the Clones,2024,3,tt17502272
1326211,Final Girl: Halloween,2024,3,tt26230372
1329851,Death Bitch,2024,3,tt23052710
1337652,Sapien,2024,3,tt33014251
1375402,Bitter Souls,2024,3,tt18279174
1379290,Vampire Genesis,2024,3,tt31113017
1389673,Overkill,2024,3,tt32872684
1398903,The Vord,2024,3,tt26925623
1400122,The Summer We Died,2024,3,tt31149937
1400711,The Book of the Witch,2024,3,tt20781534
1403263,Rerouting,2024,3,tt32161526
1410094,Crispy,2024,3,tt23330810
1454682,Monster Awakens,2024,3,tt36113132
1639488,Senua's Saga: Hellblade II,2024,3,tt16386018
1646142,Terrestrial,2024,3,tt25967234
634878,Night Mistress,2025,3,tt8493804
962354,Skillhouse,2025,3,tt19637220
1225202,Round the Decay,2025,3,tt28104012
1228057,The Household,2025,3,tt29412940
1236469,Night Shoot,2025,3,tt21032664
1239390,Monsters Within,2025,3,tt21099718
1251506,The Devil's Teardrop,2025,3,tt31530623
1294484,The Black-Eyed Children,2025,3,tt28813562
1301310,Zombies of the Third Reich,2025,3,tt32516420
1381217,Sugarcane,2025,3,tt32322014
1409423,Room Temperature,2025,3,tt36461726
1443768,Beyond the Drumlins,2025,3,tt36164099
1477887,House of Abraham,2025,3,tt25566562
1484490,Mauler,2025,3,tt29295690
1487394,Blood on the Bleachers,2025,3,tt29569017
1491011,The Blade Cuts Deeper,2025,3,tt27205798
1498253,The Lizzie Borden Game,2025,3,tt35542282
1511513,Sleep Stalker,2025,3,tt31039280
1514947,Spirit Springs,2025,3,tt32212495
1520119,He Kills at Night,2025,3,tt32982796
1523424,Sunny's Mansion,2025,3,tt31796970
1527917,American Cryptids,2025,3,tt15274084
1534340,Lechuza,2025,3,tt15553438
1537609,Tribe,2025,3,tt36719463
1538774,Shadows of Willow Cabin,2025,3,tt32780794
1552378,Terror Tales: Poetry & Death Volume 1,2025,3,tt38274545
1554514,The Showffeür,2025,3,tt37875606
1557341,Possession of Mara,2025,3,tt37231267
1610460,Mile 666,2025,3,tt27335011
94735,The Devil's Daughter,1939,4,tt0031229
97776,Whispering Ghosts,1942,4,tt0035551
29327,Scared Stiff,1945,4,tt0038055
178851,The Man in Half Moon Street,1945,4,tt0037046
253148,The Curse of the Wraydons,1946,4,tt0038442
115609,The Son of Dr. Jekyll,1951,4,tt0044061
116325,Half Human: The Story of the Abominable Snowman,1958,4,tt0050480
261264,The Spaniard's Curse,1958,4,tt0201946
383637,Teenagers Battle the Thing,1958,4,tt4945978
87603,House of Mystery,1961,4,tt27202844
100657,Violent Midnight,1963,4,tt0057434
28300,Pyro... The Thing Without a Face,1964,4,tt0057082
63022,The Thrill Killers,1964,4,tt0058653
85641,Day of the Nightmare,1965,4,tt0059087
29298,Castle of Evil,1966,4,tt0060219
87120,The Navy vs. the Night Monsters,1966,4,tt0060741
89400,The Vulture,1966,4,tt0062463
65059,The Sex Killer,1967,4,tt0138094
28269,The Mighty Gorga,1969,4,tt0064667
149630,Flesh Feast,1970,4,tt0065727
81480,The Manipulator,1971,4,tt0066802
84418,Asylum of Satan,1972,4,tt0068231
92776,The Adult Version of Jekyll & Hide,1972,4,tt0068172
95105,What Became of Jack and Jill?,1972,4,tt0069494
156542,Terror at Orgy Castle,1972,4,tt0067843
160410,Night of the Strangler,1972,4,tt0069006
161324,Hex,1973,4,tt0070174
505239,Lucifer's Women,1974,4,tt7932490
140482,In Search of Dracula,1975,4,tt0073856
108890,Keep My Grave Open,1976,4,tt0080990
138012,Blood Stalkers,1976,4,tt0077245
231188,Mirrors,1978,4,tt0076365
94548,The Capture of Bigfoot,1979,4,tt0124307
40449,The Long Island Cannibal Massacre,1980,4,tt0307105
100662,The Psychotronic Man,1980,4,tt0164143
213208,The House Where Death Lives,1981,4,tt0080607
85193,Dark Sanity,1982,4,tt0083793
186903,Kung Fu from Beyond the Grave,1982,4,tt0084225
28831,The Sinister Doctor Orloff,1984,4,tt0088122
276746,The Enchanted,1984,4,tt1323573
422340,Jungle of Death,1985,4,tt0367472
82431,The Fantasist,1986,4,tt0091032
109238,Mr. Wrong,1986,4,tt0089630
159031,The Ladies Club,1986,4,tt0091370
224614,Las Vegas Serial Killer,1986,4,tt0091380
316961,Cards of Death,1986,4,tt3828160
29598,Mutilations,1987,4,tt0161837
251407,Pretty Kill,1987,4,tt0093775
30661,Perfect Victims,1988,4,tt0095851
85168,Hollywood's New Blood,1988,4,tt0095314
87456,Hostile Takeover,1988,4,tt0095322
105746,Terrorgram,1988,4,tt0248535
110138,Night Wars,1988,4,tt0095734
334098,The Penitent,1988,4,tt0095845
30523,The Masque of the Red Death,1989,4,tt0179334
75206,Houseboat Horror,1989,4,tt0097529
84276,Las Vegas Bloodbath,1989,4,tt0240670
126754,The Forgotten One,1989,4,tt0099601
136468,Heavy Metal Massacre,1989,4,tt1959398
138900,Bloodbath in Psycho Town,1989,4,tt0299555
139761,Family Reunion,1989,4,tt0249506
209283,Rock-A-Die Baby,1989,4,tt0171700
377409,Killer!,1989,4,tt0097666
89398,Revenge of the Radioactive Reporter,1990,4,tt0102784
96976,The Disturbance,1990,4,tt0099440
111476,Playroom,1990,4,tt0100373
132916,Sorority Girls and the Creature From Hell,1990,4,tt0100662
194645,Shreck,1990,4,tt0100607
249372,Crystal Force,1990,4,tt0099330
251384,Dream a Little Evil,1990,4,tt0376582
315529,"Out of Sight, Out of Mind",1990,4,tt0098043
3412,Return from Death: Frankenstein 2000,1991,4,tt0105245
107270,Molly & The Ghost,1991,4,tt0180845
28648,"Mind, Body & Soul",1992,4,tt0104875
98142,Psychic,1992,4,tt0100430
27413,The Dwelling,1993,4,tt0463306
29771,Goblin,1993,4,tt0107022
134521,Lukas' Child,1993,4,tt0234151
276691,Scary Tales,1993,4,tt3522592
291693,Girlfriends,1993,4,tt0107014
295294,Tomcat: Dangerous Desires,1993,4,tt0108360
30727,Inner Sanctum II,1994,4,tt0110138
219628,Biohazard: The Alien Force,1994,4,tt0112511
118427,Mommy,1995,4,tt0113843
354669,Ripper Man,1995,4,tt0117484
58989,Damien's Seed,1996,4,tt0129857
160203,Traces Of Death IV,1996,4,tt0375149
213396,Polymorph,1996,4,tt0127136
291367,Listen,1996,4,tt0116890
326662,Caress of the Vampire,1996,4,tt0185219
223286,The Haunted Sea,1997,4,tt0119261
270557,Hellinger,1997,4,tt0130762
38942,Restless Souls,1998,4,tt0382263
107423,They All Must Die!,1998,4,tt2087994
215551,The Mutilation Man,1998,4,tt0360813
267570,The Werewolf Reborn!,1998,4,tt0175323
417800,Sex Files: Portrait of the Soul,1998,4,tt0189938
29796,Lethal Target,1999,4,tt0284260
89143,In The Woods,1999,4,tt0219096
172798,Blood Thirsty,1999,4,tt0156372
219001,Freak,1999,4,tt0151305
29763,Catacombs,2000,4,tt0228121
56721,The Mummy Theme Park,2000,4,tt0391355
97186,"I, Vampire",2000,4,tt7631368
130018,The Corpse Grinders II,2000,4,tt0308132
145998,Reaper,2000,4,tt0203830
4231,The Erotic Ghost,2001,4,tt0256007
28235,Strawberry Estates,2001,4,tt0120225
43081,Demonicus,2001,4,tt0272069
85865,Alien Factor 2: The Alien Rampage,2001,4,tt0413669
92785,Meat Market 2,2001,4,tt0368019
93755,Sexual Magic,2001,4,tt0303037
113821,This Filthy Earth,2001,4,tt0287021
138345,No One Can Hear You,2001,4,tt0267785
4238,The Erotic Mirror,2002,4,tt0295973
46365,An Erotic Vampire in Paris,2002,4,tt0322191
46464,Satan's School for Lust,2002,4,tt0350091
53661,Bikini Party Massacre,2002,4,tt0346609
73200,Goreface Killer,2002,4,tt1858402
74019,Demon Under Glass,2002,4,tt0306719
76560,Jigsaw,2002,4,tt0330489
103974,Engine Trouble,2002,4,tt0306774
247280,Reality Check,2002,4,tt0285976
10031,Devil's Harvest,2003,4,tt0354502
27474,Vicious,2003,4,tt0309039
28098,Psycho Santa,2003,4,tt0389292
42671,Detour,2003,4,tt0319495
65955,Ankle Biters,2003,4,tt0344843
72034,The Mummy's Kiss,2003,4,tt0347585
73807,Hood Rat,2003,4,tt0277370
96125,Vegas Vampires,2003,4,tt0393939
164423,Ghost of the Needle,2003,4,tt0367798
176223,Goth,2003,4,tt0366530
219808,Despiser,2003,4,tt0349345
29168,Dr. Moreau's House of Pain,2004,4,tt0400383
44632,Jack O'Lantern,2004,4,tt0405055
100329,La promesa,2004,4,tt0414413
112460,London Voodoo,2004,4,tt0352526
163589,Bell Witch Haunting,2004,4,tt0433341
178439,666: The Demon Child,2004,4,tt0423793
244765,Vampire Sisters,2004,4,tt0373423
29504,Demon Sex,2005,4,tt0481504
58955,Avia: Vampire Hunter,2005,4,tt0457285
75318,Hood of the Living Dead,2005,4,tt0449599
76856,Nightmare,2005,4,tt0455983
96455,Rise of the Undead,2005,4,tt0453540
141555,Snakewoman,2005,4,tt0478267
141642,Final Remains,2005,4,tt0475338
153188,Dr. Rage,2005,4,tt0357848
155554,Devon's Ghost: Legend of the Bloody Boy,2005,4,tt0449004
340849,Strange Aeons: The Thing on the Doorstep,2005,4,tt0489410
479726,Penny Dreadful,2005,4,tt0462475
21163,Daddy's Girl,2006,4,tt0800322
35302,Dream Home,2006,4,tt0831872
40012,Raising Jeffrey Dahmer,2006,4,tt0482602
48447,The Demons Among Us,2006,4,tt0869039
50317,Head Trauma,2006,4,tt0439194
67227,Feeding Grounds,2006,4,tt0816497
76762,Demon's Claw,2006,4,tt0984187
102762,Awakening,2006,4,tt0473738
116218,Nailed,2006,4,tt0475989
173353,They Must Eat,2006,4,tt0897286
196916,The 7,2006,4,tt0852987
263309,Dead in the Water,2006,4,tt0494218
297727,Curse of Pirate Death,2006,4,tt0865881
342933,Bloodz vs. Wolvez,2006,4,tt0958827
344526,Storm of the Dead,2006,4,tt0365789
442425,Consequences,2006,4,tt0936466
594482,Path of Darkness: Making 'Silent Hill',2006,4,tt0814250
15057,The Evil Woods,2007,4,tt0968738
36574,Dark Reprieve,2007,4,tt1194423
56026,The Rising Dead,2007,4,tt1050194
59549,Messages,2007,4,tt0411644
60772,Sportkill,2007,4,tt0491166
120325,Alien Invasion Arizona,2007,4,tt0443626
157185,Tin Can Man,2007,4,tt1235811
159393,Little Erin Merryweather,2007,4,tt0330568
209582,The Day of the Dead,2007,4,tt0923671
241438,Decadent Evil 2,2007,4,tt1071909
21034,Hindsight,2008,4,tt0902281
24995,Slices,2008,4,tt0984229
27466,Chainsaw Cheerleaders,2008,4,tt1489154
28616,Dead Country,2008,4,tt1002974
46398,Don't Look In The Cellar,2008,4,tt1535098
50394,Nite Tales: The Movie,2008,4,tt0902312
52923,Hell House,2008,4,tt1216640
55813,Hot Rod Horror,2008,4,tt0955392
74618,Blitzkrieg: Escape from Stalag 69,2008,4,tt1104685
98119,Attack of the Giant Leeches,2008,4,tt0996913
110530,Spike,2008,4,tt0970453
191086,Skinned Alive,2008,4,tt0831377
294289,Demon Resurrection,2008,4,tt0454808
578686,Mating Dance,2008,4,tt0979910
27762,Skull Heads,2009,4,tt1535024
56021,Death of Evil,2009,4,tt1349483
64717,Late Fee,2009,4,tt1513076
76620,Shattered Lives,2009,4,tt1541772
136268,Incest Death Squad,2009,4,tt1430618
158129,The Occultist,2009,4,tt1508349
160547,Sadisticum,2009,4,tt2969042
222641,Visions,2009,4,tt1418824
305883,Contagio,2009,4,tt1462425
29431,Psychic Experiment,2010,4,tt1245111
58643,Wake the Witch,2010,4,tt1536516
65327,Elimination,2010,4,tt1078597
72595,Jack in the Box,2010,4,tt1337505
88118,Sella Turcica,2010,4,tt1773039
125268,Followed Home,2010,4,tt1454099
142709,The Last Vampire On Earth,2010,4,tt1778346
166738,The Feed,2010,4,tt1705956
251124,Klown Kamp Massacre,2010,4,tt1754022
271651,Stricken,2010,4,tt1375754
297631,Spark of Being,2010,4,tt1667485
480937,A Haunting on Hamilton Street,2010,4,tt5297152
44213,The Melancholy Fantastic,2011,4,tt1486846
78042,Haunted Poland,2011,4,tt2040370
102693,The Yellow Wallpaper,2011,4,tt0790788
113678,Savage,2011,4,tt1334473
120881,Documenting the Grey Man,2011,4,tt1808076
123814,Area 51 Confidential,2011,4,tt1900817
166752,The Big Bad,2011,4,tt1985219
240896,Trail of Blood,2011,4,tt1280013
251183,Fortune Cookie Prophecies,2011,4,tt1943710
323710,SafeWord,2011,4,tt2088888
418945,The Skin,2011,4,tt1961595
481352,A Haunting on Hamilton Street 2: The Stable,2011,4,tt2104838
49960,Kiss the Abyss,2012,4,tt1430620
102390,Devil's Bridge,2012,4,tt1595838
108872,Poe,2012,4,tt1553199
140821,The Casebook of Eddie Brewer,2012,4,tt2298489
140965,The Wailer 3,2012,4,tt2400434
141864,The Woodsman,2012,4,tt2330396
151020,Slaughter Creek,2012,4,tt1336106
181160,Death from Above,2012,4,tt1628069
201642,Sloppy the Psychotic,2012,4,tt2210985
222465,A Zombie Invasion,2012,4,tt2287621
273725,Slaughter Daughter,2012,4,tt2140403
274081,The Inflicted,2012,4,tt1823231
289442,Closed Circuit Extreme,2012,4,tt2419086
327445,Till Sunset,2012,4,tt1436046
348179,The Ecstasy of Isabel Mann,2012,4,tt2524934
401479,The Year After Infection,2012,4,tt2082478
407638,Sunshine Girl and The Hunt For Black Eyed Kids,2012,4,tt3034646
509471,Waiting for Dracula,2012,4,tt2087676
200745,9 Days,2013,4,tt1956407
225866,Amnesiac,2013,4,tt2693114
227071,Doom Room,2013,4,tt2157045
234993,7th Day,2013,4,tt2211822
239076,1972 Yellow House,2013,4,tt10476634
255293,Axeman at Cutter's Creek,2013,4,tt2357866
255512,Ombis: Alien Invasion,2013,4,tt2224383
259303,The Poisoning,2013,4,tt1927158
287500,House of Forbidden Secrets,2013,4,tt2630310
294798,Morbid,2013,4,tt2520864
299599,Asylum: the Lost Footage,2013,4,tt3188994
332410,An Irish Exorcism,2013,4,tt2521236
353487,Loony in the Woods,2013,4,tt3781654
381776,The Rohl Farms Haunting,2013,4,tt2944424
393355,Scarred,2013,4,tt2923256
594545,Phantom Of The Woods,2013,4,tt2768874
79062,666: The Devil's Child,2014,4,tt2081314
249672,Diabolique,2014,4,tt3266950
274107,PMS Cop,2014,4,tt2350086
280434,Her Name Was Torment,2014,4,tt3772198
290725,Lazarus: Apocalypse,2014,4,tt2366806
291370,Killervision,2014,4,tt1976576
296371,Jake's Road,2014,4,tt2545936
296438,The Morningside Monster,2014,4,tt2308606
298091,Scarewaves,2014,4,tt3666644
299154,Beneath,2014,4,tt2943556
309811,Shadows on the Wall,2014,4,tt2601260
319595,The Hornet's Sting and the Hell It's Caused,2014,4,tt4047094
323485,New Blood Rising,2014,4,tt2666286
331706,The Sins of Dracula,2014,4,tt3686878
352458,Halloween Hell,2014,4,tt3598196
378310,Tales of Poe,2014,4,tt1829744
424078,Spirits,2014,4,tt3573110
469603,Victimized,2014,4,tt1496035
509009,All the Devils are Here,2014,4,tt3266324
514791,Shhhh,2014,4,tt3038808
563588,You're Invited: The Making of Night of the Demons,2014,4,tt3411034
585312,H.P. Lovecraft: Two Left Arms,2014,4,tt2689660
171282,The Ladies of the House,2015,4,tt2397573
298983,Carver,2015,4,tt3513586
305580,Ghosting,2015,4,tt3349728
314071,There's Something in The Pilliga,2015,4,tt4265962
322211,Dark Vision,2015,4,tt2463524
323271,Unsullied,2015,4,tt3139764
325123,Teeth and Blood,2015,4,tt1991199
326536,The Coven,2015,4,tt2123170
335732,Silverhide,2015,4,tt2780588
336112,A Blood Story,2015,4,tt2497768
340018,Kick,2015,4,tt2402127
343416,Alone in the Ghost House,2015,4,tt4153708
343803,Save Yourself,2015,4,tt3549636
348520,American Guinea Pig: Bloodshock,2015,4,tt5028388
352497,Ditch Party,2015,4,tt4041916
359186,The Fappening,2015,4,tt4262350
364153,Zombie Ninjas vs Black Ops,2015,4,tt3397948
374896,Dracula A.D. 2015,2015,4,tt4761908
379334,Club Dead,2015,4,tt2820578
396963,Death's Door,2015,4,tt4136518
418873,"Silent Night, Bloody Night 2: Revival",2015,4,tt4332746
424182,Female Werewolf,2015,4,tt4255252
432271,Devil's Night,2015,4,tt4017558
450537,Braxton Butcher,2015,4,tt4015930
480750,A Haunting at the Hoyt Library,2015,4,tt5297216
551982,Eyes of the Dead,2015,4,tt4685626
113323,Frankenstein Created Bikers,2016,4,tt2364673
150201,You Are Not Alone,2016,4,tt3576044
259712,Simon,2016,4,tt3283708
370460,In Memory of,2016,4,tt4457008
385104,Lilin's Brood,2016,4,tt4365062
385377,Ballet Of Blood,2016,4,tt3061100
387605,Blood of the Tribades,2016,4,tt4813254
398470,Den of Darkness,2016,4,tt4887028
404489,Atmo HorroX,2016,4,tt5869032
405790,Voodoo Rising,2016,4,tt1626251
408237,Offensive,2016,4,tt5311742
408243,Hallows Eve,2016,4,tt4438128
409299,Jungle Trap,2016,4,tt5877822
415044,The Evil Gene,2016,4,tt3631282
416192,Adam K,2016,4,tt3223534
419979,Hide the Monster,2016,4,tt6018036
425628,Streamer,2016,4,tt6380398
447288,Maniac Tales,2016,4,tt5516586
452021,The Coffin Footage,2016,4,tt4684268
470593,Beach Massacre at Kill Devil Hills,2016,4,tt3666492
489454,The Devil's Warehouse,2016,4,tt6268594
335003,A Room to Die For,2017,4,tt4177498
406111,Bloodlands,2017,4,tt4232130
416157,The Labyrinth,2017,4,tt3224036
420477,Insomnium,2017,4,tt1869491
433854,Wolf House,2017,4,tt4713312
434279,Torment,2017,4,tt6226880
450598,Harbinger,2017,4,tt4007016
451748,Soul Copyright,2017,4,tt5611636
468178,Monster X,2017,4,tt6494542
472814,Deviance,2017,4,tt4386918
474675,The 5th Kind,2017,4,tt5160954
476484,Before I Die,2017,4,tt6063014
477342,Clawed,2017,4,tt0451201
481330,Coffin 2,2017,4,tt5679554
483087,The Unseen,2017,4,tt2042692
483098,Scars of Xavier,2017,4,tt7346786
484701,Cain Hill,2017,4,tt5891704
485623,A Haunting On Dice Road 2: Town of the Dead,2017,4,tt8764448
486949,Lost Gully Road,2017,4,tt6371924
487320,Red Spring,2017,4,tt3894094
487428,Friends Don't Let Friends,2017,4,tt3561204
488242,Killer Christmas,2017,4,tt6456768
488464,The Horror,2017,4,tt7545754
491043,Bear Creek,2017,4,tt5779960
499714,Things 4,2017,4,tt7471706
499951,The Theta Girl,2017,4,tt7379906
309885,The Church,2018,4,tt2482856
416217,Grindhouse Nightmares,2018,4,tt7520216
427060,Abomination,2018,4,tt4667872
427562,Valentine DayZ,2018,4,tt5950092
429730,The Marshes,2018,4,tt5040760
493678,Strawberry Flavored Plastic,2018,4,tt6949398
513947,Marla Mae,2018,4,tt4809590
523353,Edge of Isolation,2018,4,tt6384998
524213,A Brilliant Monster,2018,4,tt6534422
527364,Dark Vale,2018,4,tt3767208
532090,The House on Mansfield Street,2018,4,tt8577370
533137,Armenian Haunting,2018,4,tt7445552
533210,Odyssey of Death,2018,4,tt8332142
534169,Penny Palabras,2018,4,tt6628386
542191,Ahockalypse,2018,4,tt6649792
544780,Terror Talk,2018,4,tt6710888
548533,Dark House,2018,4,tt6902510
552470,Afraid,2018,4,tt8623162
552707,The Dead and the Damned 3: Ravaged,2018,4,tt9135870
553076,Paranormal Highway,2018,4,tt2898904
564009,Shutter,2018,4,tt5782160
565620,Catskill Park,2018,4,tt1780790
568123,Virus of the Dead,2018,4,tt4225092
492713,Drowning Echo,2019,4,tt5050328
502469,The Tombs,2019,4,tt4025798
551726,Sadistic Intentions,2019,4,tt5282590
556268,The Invocation of Enver Simaku,2019,4,tt4565230
576223,Alone in the Dead of Night,2019,4,tt3710938
578631,Water,2019,4,tt9064764
586166,Outpost Earth,2019,4,tt4948858
589102,Muse,2019,4,tt9378360
593104,Between the Darkness,2019,4,tt6214476
594689,Masked Mutilator,2019,4,tt9736774
599781,The Evil Down the Street,2019,4,tt7548732
608168,This Is Our Home,2019,4,tt8179944
608509,Handy Dandy,2019,4,tt8639316
614630,Cult Girls,2019,4,tt5533938
621584,Shed,2019,4,tt10280172
625213,The Faceless Man,2019,4,tt8228290
634775,Gothic Harvest,2019,4,tt7657364
636612,Bride of the Werewolf,2019,4,tt11045776
638219,Clown Nightmare,2019,4,tt10948366
641706,The Obsessed,2019,4,tt7677542
642886,Nefarious,2019,4,tt8422628
643114,The Light,2019,4,tt8996254
646939,Grim Woods,2019,4,tt5875298
648819,A Psycho's Path,2019,4,tt8493638
651698,Zombie with a Shotgun,2019,4,tt5805876
652778,The Last Faust,2019,4,tt8871254
653793,Beneath the Trees,2019,4,tt9673218
656214,Crypsis,2019,4,tt10986394
657461,Hinsdale House,2019,4,tt8479346
697782,Into The Void,2019,4,tt10633454
791906,Entity Project,2019,4,tt9284386
517984,Clownface,2020,4,tt4773982
525910,Occurrence at Mills Creek,2020,4,tt9681250
648168,Cry Havoc,2020,4,tt12158538
654435,Blood Widow,2020,4,tt5587198
660663,Killer Camera Monsters,2020,4,tt5058316
674464,Clown Fear,2020,4,tt8516596
682836,The Wind Walker,2020,4,tt4797182
683875,By Day's End,2020,4,tt4693840
695350,Playdurizm,2020,4,tt9733108
695564,The Jonestown Haunting,2020,4,tt9011916
705058,8 Graves,2020,4,tt6669466
715133,Finding Randy,2020,4,tt12012266
717367,Dwellers: The Curse of Pastor Stokes,2020,4,tt9241412
722358,Dead Voices,2020,4,tt10437542
738168,A Dark Path,2020,4,tt10546058
741882,Paranormal Attraction,2020,4,tt10223876
749044,The World We Knew,2020,4,tt5759610
752687,Big Freaking Rat,2020,4,tt11172830
758298,The Crumbs,2020,4,tt8709044
759955,Woe,2020,4,tt10269684
767841,Slashlorette Party,2020,4,tt10665040
776948,The House in Sherwood,2020,4,tt13641400
787052,Amityville Poltergeist,2020,4,tt13658792
793835,The Leprechaun's Game,2020,4,tt11971932
459994,Behind The Sightings,2021,4,tt6267580
510510,The Village in the Woods,2021,4,tt5053156
512579,No Reasons,2021,4,tt3155936
636908,Knifecorp,2021,4,tt9500346
738057,616 Wilford Lane,2021,4,tt10225926
763209,Cactus Jack,2021,4,tt9001474
776942,Crazy 2 Crazy,2021,4,tt8999492
790509,The Fear Footage 3AM,2021,4,tt13964002
797764,The Canyonlands,2021,4,tt10245776
802777,The Ghosts of Borley Rectory,2021,4,tt10503736
818834,The Spore,2021,4,tt9856574
829035,Axeman at Cutters Creek,2021,4,tt11251590
832233,Conjuring the Genie,2021,4,tt12060182
835679,Blind Ghost,2021,4,tt13050966
845061,The Poltergeist Diaries,2021,4,tt11405568
848740,Sin,2021,4,tt13686748
853770,Isolation,2021,4,tt12712710
860869,It Came from Below,2021,4,tt10862050
861165,Noah’s Shark,2021,4,tt15241706
865419,The Amityville Moon,2021,4,tt14076114
870352,Royal Jelly,2021,4,tt10220406
879879,Spider in the Attic,2021,4,tt13712126
881555,The Last Inn,2021,4,tt8880868
920642,The Seance,2021,4,tt13983972
770684,The Retaliators,2022,4,tt11261830
776944,Dead by Midnight (Y2Kill),2022,4,tt10639624
799878,The Nameless Days,2022,4,tt11010074
833249,Evil at the Door,2022,4,tt12907932
845554,Crow Valley,2022,4,tt14766048
873674,The Sleep: Survival Horror (Part One),2022,4,tt6425830
892771,They Live in The Grey,2022,4,tt10631148
917990,Tales from the Other Side,2022,4,tt16404438
947612,Exploited,2022,4,tt10503988
949710,Manifest Evil,2022,4,tt12034384
992090,Jurassic Domination,2022,4,tt21065316
992836,3 Demons,2022,4,tt13173736
993867,Eradication,2022,4,tt20835552
690286,Mutilator 2,2023,4,tt17499228
876802,Saint Drogo,2023,4,tt15470856
955353,Grieve,2023,4,tt28070240
976923,Punch,2023,4,tt19359470
1022002,Site 13,2023,4,tt6662754
1069178,A House in Jerusalem,2023,4,tt16317452
1079725,5G: The Reckoning,2023,4,tt13457926
1080980,Murderbot,2023,4,tt26457986
1081759,Axegrinder 666,2023,4,tt24316572
1087155,Valentine Bluffs,2023,4,tt14656866
1087694,American Terror Tales 2,2023,4,tt26747543
1093793,The Headmistress,2023,4,tt10487924
1093797,Ghost Town,2023,4,tt14082186
1098939,Homewrecker,2023,4,tt27156875
1101819,Adalynn,2023,4,tt15353442
1107039,Forest of Death,2023,4,tt24237066
1110688,The Woodmen,2023,4,tt21394272
1120447,Dungeon,2023,4,tt15552494
1124533,Van Helsing,2023,4,tt27713536
1145351,XXX-Mas,2023,4,tt27635828
1148852,Holistay,2023,4,tt20201390
1156141,The Finale,2023,4,tt10938608
1168460,Zombie Chronicles: Infection Zone,2023,4,tt28225567
1181277,Circle City Supernatural,2023,4,tt28752698
1182283,It Shall Not Be Named,2023,4,tt13781652
1187498,Monster Grizzly,2023,4,tt23133412
1188598,Scary Tales: Dead Zone,2023,4,tt28226019
1189015,CASSETTE,2023,4,tt26624609
1193776,The Quachita Beast Incident,2023,4,tt28786576
1194955,Inhabitants,2023,4,tt27630387
1224563,Spring Lakes,2023,4,tt23032692
1308433,Population Purge,2023,4,tt15146606
1330343,Wineville,2023,4,tt21158916
1103407,First Contact,2024,4,tt24070610
1127375,The Notorious Finster,2024,4,tt15293064
1139111,Followers,2024,4,tt18937782
1147598,Snakeeater,2024,4,tt8986144
1169791,Stereoscope,2024,4,tt24326398
1172700,Death After Dusk,2024,4,tt28811139
1189370,Silent Thunder,2024,4,tt26773009
1206589,The Activated Man,2024,4,tt26753672
1207622,Salt Along the Tongue,2024,4,tt13392508
1210378,A Stranger in the Woods,2024,4,tt23157098
1222378,Derelict,2024,4,tt23609176
1229576,Gacy: Serial Killer Next Door,2024,4,tt23736318
1242886,Porcelain,2024,4,tt15528316
1244003,You Shouldn't Have Let Me In,2024,4,tt31215597
1273938,Death Web,2024,4,tt31112907
1281755,Final Days: Tales from the End Times,2024,4,tt27436793
1286547,Insane Like Me?,2024,4,tt22751200
1292540,Dracula: The Count's Kin,2024,4,tt32059976
1295144,Dead Teenagers,2024,4,tt22050990
1306542,Pale Horse,2024,4,tt4382736
1320332,Cara,2024,4,tt26598072
1330445,What Happened to Dorothy Bell?,2024,4,tt23784934
1357967,Camp Blood: Clown Shark,2024,4,tt33481393
1414345,Skinjacker,2024,4,tt4875378
512198,Dead Bride,2025,4,tt5255594
900322,The Night Time World,2025,4,tt3631242
1055233,The Wild,2025,4,tt21939714
1143995,Creep Encounters,2025,4,tt13098780
1253036,We're Not Safe Here,2025,4,tt31114820
1323806,Bikini Shark,2025,4,tt33031173
1355019,Stalkers,2025,4,tt19357386
1413879,The Forest Through the Trees,2025,4,tt31539360
1433135,UrbEx,2025,4,tt35218867
1460173,Cutter's Club,2025,4,tt36727311
1485629,Self-Help,2025,4,tt37018900
1487164,Raw File,2025,4,tt34175461
1491621,Bare Skin,2025,4,tt21979682
1508090,Oblivium,2025,4,tt11136060
1511505,1000 Women in Horror,2025,4,tt37676099
1522779,"Satan, Get Thee Behind Me",2025,4,tt37677570
1524401,The Last,2025,4,tt36041986
1524553,Monster Tapes,2025,4,tt37457644
1540365,Hippo's Revenge,2025,4,tt37581896
1557132,The Sticks,2025,4,tt38023337
1559739,Don't Come Here,2025,4,tt13774242
1568135,Glamping,2025,4,tt38066434
1570622,The Haunting of Cottonwood,2025,4,tt23843756
1578088,The Decedent,2025,4,tt38671331
1586941,Herman,2025,4,tt34938727
1595875,The Girl in the Woods,2025,4,tt28820660
186458,Dante's Inferno,1924,5,tt0014826
28048,King of the Wild,1931,5,tt0022028
113751,Shadow of Chinatown,1936,5,tt0028241
3490,Drums of Fu Manchu,1940,5,tt0032420
149777,Murder in the Blue Room,1944,5,tt0037100
179391,Ghost Catchers,1944,5,tt0036861
212973,Gildersleeve's Ghost,1944,5,tt0036864
228880,Crazy Knights,1944,5,tt0036728
112257,A Game of Death,1945,5,tt0038549
29469,Devil Bat's Daughter,1946,5,tt0038470
48800,The Unknown,1946,5,tt0039067
394330,The Hangman Waits,1947,5,tt0175702
127628,The Greed of William Hart,1948,5,tt0040401
29238,The Man Who Turned to Stone,1957,5,tt0050675
194393,The Disembodied,1957,5,tt0050317
211603,Beauty and the Beast,1962,5,tt0055781
126008,Aroused,1966,5,tt0060127
121620,The Touch of Her Flesh,1967,5,tt0062385
77319,The Night of Bloody Horror,1969,5,tt0064726
315531,Sex Rituals of the Occult,1970,5,tt0066359
83310,"If Footmen Tire You, What Will Horses Do?",1971,5,tt0336618
171930,Death by Invitation,1971,5,tt0215704
86276,The Body Shop,1972,5,tt0069811
157707,The Truth According to Satan,1972,5,tt0135035
81483,An Eye for an Eye,1973,5,tt0070572
86494,"Wicked, Wicked",1973,5,tt0070916
320180,Miss Leslie's Dolls,1973,5,tt0230532
49351,Welcome to Arrow Beach,1974,5,tt0072392
90355,The Gardener,1974,5,tt0072133
239728,Legacy of Satan,1974,5,tt0139421
109100,Lord Shango,1975,5,tt0173990
469069,The Intruder,1975,5,tt6299592
85669,The Keeper,1976,5,tt0074737
86642,Blood Voyage,1976,5,tt0261575
119010,"Sasquatch, the Legend of Bigfoot",1976,5,tt0078203
77109,Legacy of Blood,1978,5,tt0077844
99192,Survival Run,1979,5,tt0081576
181282,The Haunting of M.,1979,5,tt0183152
97974,The Loch Ness Horror,1981,5,tt0082669
216139,Burned at the Stake,1981,5,tt0082116
85206,City of Blood,1983,5,tt0209972
84998,Bits and Pieces,1985,5,tt0139893
85000,Blood Cult,1985,5,tt0136735
104621,Mask of Murder,1985,5,tt0089561
263393,After Darkness,1985,5,tt0088679
460730,Stephen King's Golden Tales,1985,5,tt4388650
29947,In the Shadow of Kilimanjaro,1986,5,tt0091264
103600,Dream Lover,1986,5,tt0090970
224075,Torment,1986,5,tt0092100
85155,Lunch Meat,1987,5,tt0093452
88381,Devil's Dynamite,1987,5,tt0165223
100191,Beyond the Seventh Door,1987,5,tt0321432
124536,Night Vision,1987,5,tt0244099
124556,Project Nightmare,1987,5,tt0323727
127188,Timesweep,1987,5,tt0383012
211045,The Soultangler,1987,5,tt0244808
353097,Ghost Riders,1987,5,tt0235424
29961,Death by Dialogue,1988,5,tt0094976
30317,Vampire at Midnight,1988,5,tt0096364
85153,Contagion,1988,5,tt0123733
85166,Fatal Pulse,1988,5,tt0095140
91982,Primal Scream,1988,5,tt0165433
109473,The Boy from Hell,1988,5,tt0122008
117630,Fresh Kill,1988,5,tt0187025
132247,Kadaicha,1988,5,tt0095423
134572,Blood Relations,1988,5,tt0092672
193084,The Drifter,1988,5,tt0095067
194209,Crocodile Fury,1988,5,tt5823524
27741,Satan's Storybook,1989,5,tt0098254
85174,The Freeway Maniac,1989,5,tt0129943
138469,Out of the Body,1989,5,tt0098044
201870,Fatal Exposure,1989,5,tt0097338
354401,Criminal Act,1989,5,tt0097124
81425,Brain Twisters,1991,5,tt0235245
124428,Black Magic Woman,1991,5,tt0101464
138875,New York Vampire,1991,5,tt0183575
138998,HauntedWeen,1991,5,tt0150855
162046,Voodoo Dolls,1991,5,tt0249232
191806,Shriek of Terror,1991,5,tt0865427
290456,Alien Beasts,1991,5,tt0122882
296878,Ambition,1991,5,tt0101320
136013,Forever,1992,5,tt0104290
151062,Mad at the Moon,1992,5,tt0104787
48565,Grey Knight,1993,5,tt0107319
82173,Savage Vengeance,1993,5,tt0179458
27524,Abducted II: The Reunion,1994,5,tt0109033
136641,Demon Keeper,1994,5,tt0109595
171703,Gore Whore,1994,5,tt0109924
27878,Zombie Bloodbath 2: Rage of the Undead,1995,5,tt0197115
336254,Downtime,1995,5,tt0180654
339917,The Girl with the Hungry Eyes,1995,5,tt0113175
108704,Alien Abduction: Intimate Secrets,1996,5,tt0115500
139747,Satan Claus,1996,5,tt0117553
174045,Bugged,1996,5,tt0115775
355854,Mutant Man,1996,5,tt0192339
28083,Witchcraft IX: Bitter Flesh,1997,5,tt0118181
28513,Killers,1997,5,tt0116771
83323,The Nurse,1997,5,tt0117217
118485,Mommy's Day,1997,5,tt0119693
170251,Cupid,1997,5,tt0118908
208182,Asylum,1997,5,tt0115584
258006,Hysteria,1997,5,tt0116590
2992,Appetite,1998,5,tt0149698
27499,Death Mask,1998,5,tt0167107
147310,Surrender Dorothy,1998,5,tt0140587
223296,Club Vampire,1998,5,tt0118868
28624,Embrace the Darkness,1999,5,tt0162945
87880,Ice From the Sun,1999,5,tt0151022
108885,Granny,1999,5,tt0225899
109506,Cannibal Doctor,1999,5,tt1264073
220778,The Coroner,1999,5,tt0121152
3349,Frankenstein & the Werewolf Reborn!,2000,5,tt0267506
27677,Gut Pile,2000,5,tt0119240
27844,Drainiac!,2000,5,tt0138408
140786,Head Cheerleader Dead Cheerleader,2000,5,tt0264675
196139,Helter Skelter,2000,5,tt0273259
203023,Witchcraft XI: Sisters in Blood,2000,5,tt0191654
30400,The Erotic Witch Project III: Witchbabe,2001,5,tt0298602
50471,The Erotic Rites of Countess Dracula,2001,5,tt0292841
72073,Horror 101,2001,5,tt0244941
82363,Skeletons in the Closet,2001,5,tt0212513
133137,Dead Creatures,2001,5,tt0301163
194643,Vengeance of the Dead,2001,5,tt0295002
315929,The Yellow Sign,2001,5,tt0370081
27669,Dead & Rotting,2002,5,tt0301165
28625,Embrace the Darkness II,2002,5,tt0297102
29053,Wolfhound,2002,5,tt0328655
76409,Incubus,2002,5,tt0289719
85873,GhostWatcher,2002,5,tt0365262
246727,Mummy Raider,2002,5,tt0300222
28108,Dead Clowns,2003,5,tt0372859
28182,Birth Rite,2003,5,tt0337877
48147,Frost: Portrait of a Vampire,2003,5,tt0212277
69935,Dark Walker,2003,5,tt0373782
27800,Kill the Scream Queen,2004,5,tt0449519
62986,Lust for Dracula,2004,5,tt0382652
239628,Dead End Road,2004,5,tt0439532
298228,Peter Rottentail,2004,5,tt0399485
4284,Sasquatch Hunters,2005,5,tt0339531
10095,Evil's City,2005,5,tt0400329
63906,Witches of the Caribbean,2005,5,tt0396938
82986,Blood Deep,2005,5,tt0424855
123858,Scab,2005,5,tt0460926
201171,The Wickeds,2005,5,tt0448177
209611,Night Fangs,2005,5,tt0453523
267913,Vampire Assassin,2005,5,tt0472278
360651,Within,2005,5,tt0460609
18213,Bikini Bloodbath,2006,5,tt0874869
28080,Cannibal Taboo,2006,5,tt0879225
29046,Scorpius Gigantus,2006,5,tt0443629
40462,Bachelor Party Massacre,2006,5,tt0490799
45655,For Sale by Owner,2006,5,tt0762096
79027,When a Killer Calls,2006,5,tt0490798
95099,Pathogen,2006,5,tt0481598
116611,The Murder Game,2006,5,tt0877355
400967,The Curse of Lizzie Borden,2006,5,tt0819363
511153,Axegrinder,2006,5,tt0496231
14122,Blur,2007,5,tt0497334
16445,The Woods Have Eyes,2007,5,tt0835384
17154,Black Ribbon,2007,5,tt1077236
19298,Stagknight,2007,5,tt0465616
30477,A Feast of Flesh,2007,5,tt0799913
32910,Jake's Closet,2007,5,tt0463536
46297,Awaken the Dead,2007,5,tt0482456
55078,Mother's Day Massacre,2007,5,tt0847212
58802,DarkPlace,2007,5,tt0976029
85489,It Is Fine! Everything Is Fine.,2007,5,tt0795405
89634,The Forever Dead,2007,5,tt1128214
97850,Marcus,2007,5,tt0497408
114133,Prisoner,2007,5,tt0460909
169360,Nympha,2007,5,tt1073242
172486,Mil Mascaras vs. the Aztec Mummy,2007,5,tt0469135
193286,The Dread,2007,5,tt0487400
303005,Fallen Angels,2007,5,tt0808261
26772,Flick,2008,5,tt0950749
27783,Bryan Loves You,2008,5,tt0802956
29573,Promise,2008,5,tt1259586
32003,The Caretaker,2008,5,tt0871026
48808,Closet Space,2008,5,tt0860835
52348,Beyond the Rave,2008,5,tt1104731
117350,House of Fallen,2008,5,tt1074643
212599,Squeal,2008,5,tt1288399
27643,House of Flesh Mannequins,2009,5,tt1266073
28726,Baseline Killer,2009,5,tt1280491
34168,Uncharted,2009,5,tt1057576
39700,Blood Moon Rising,2009,5,tt1242605
40877,The Familiar,2009,5,tt1446498
44759,Call Back,2009,5,tt0944080
51842,The Knackery,2009,5,tt1785614
52309,Breaking Her Will,2009,5,tt1530527
54750,The Commune,2009,5,tt1104052
56023,Surviving Crooked Lake,2009,5,tt1177094
65499,Platoon of the Dead,2009,5,tt1199558
66815,Trunk,2009,5,tt1260694
73408,Drive-In Horrorshow,2009,5,tt1305112
74024,Prey,2009,5,tt1024232
125331,Hobgoblins 2,2009,5,tt0962728
143222,Guardians,2009,5,tt0486592
180631,The Brotherhood VI: Initiation,2009,5,tt1311063
225979,2084,2009,5,tt1398918
28521,Beg,2010,5,tt1327699
36604,Perfect Life,2010,5,tt0479204
58206,Half Moon,2010,5,tt1713452
63409,Star Vehicle,2010,5,tt1634058
65163,Bloodwood Cannibals,2010,5,tt1606710
71027,The Super,2010,5,tt1640569
71102,Vampegeddon,2010,5,tt1349651
82972,Curio,2010,5,tt1617072
87226,Christopher Roth,2010,5,tt1484942
96271,If A Tree Falls,2010,5,tt1650412
127284,Bad Behaviour,2010,5,tt1621418
248670,Nightbeasts,2010,5,tt1513835
262751,Night Of The Pumpkin,2010,5,tt1627926
284584,Uncle David,2010,5,tt1625884
291608,Farm,2010,5,tt1640644
75441,Exhumed,2011,5,tt1937154
76635,"Battle: New York, Day 2",2011,5,tt1887676
77551,The Passing,2011,5,tt0451154
86410,The Hounds,2011,5,tt1935909
145210,Burlesque Massacre,2011,5,tt1423628
301866,Revived,2011,5,tt1872152
329841,And Here No Devil Can Hurt You,2011,5,tt2123145
114688,You're Nobody 'til Somebody Kills You,2012,5,tt0983250
114730,Lost Woods,2012,5,tt1975205
115451,Spirit Stalkers,2012,5,tt2402701
123244,Serving Up Richard,2012,5,tt1766143
127648,Vampireland,2012,5,tt2234370
127739,1313: Frankenqueen,2012,5,tt2321141
135354,Porkchop 3D,2012,5,tt2369221
140056,Heretic,2012,5,tt2446746
140839,Immortal Kiss: Queen of the Night,2012,5,tt2284752
186602,Zombie A-Hole,2012,5,tt2228102
210734,Battlefield Death Tales,2012,5,tt2218924
293379,Aftermath,2012,5,tt2584642
210238,Exorcist Chronicles,2013,5,tt2239078
218868,Phobia,2013,5,tt2075280
220506,Backwater,2013,5,tt1984116
246218,The Underneath,2013,5,tt2207778
254009,Sucker,2013,5,tt1678052
254010,Panzer Chocolate,2013,5,tt2869762
255305,The Aztec Box,2013,5,tt2280132
263103,Zombie Hood,2013,5,tt2369573
279504,Head Cases: Serial Killers in the Delaware Valley,2013,5,tt2240884
287715,Survival,2013,5,tt3072110
315355,Weaverfish,2013,5,tt2245279
327367,Jengo Hooper,2013,5,tt2443356
338713,Worm,2013,5,tt2380333
362397,Last Girl,2013,5,tt2196104
427086,"A Haunting in Saginaw, Michigan",2013,5,tt3355972
427472,Sheep Skin,2013,5,tt3109842
440294,Like a Bat Outta Hell,2013,5,tt2193167
240222,The Ballad of Skinless Pete,2014,5,tt3290872
291336,Honeyspider,2014,5,tt3526462
298009,Iron Wolf,2014,5,tt2404003
302584,Thr33 Days Dead,2014,5,tt2693076
306285,Zombie Isle,2014,5,tt3844084
331018,Gifts from Strangers,2014,5,tt3853824
343474,Dreadtime Stories,2014,5,tt4482952
361470,Apparition of Evil,2014,5,tt2755622
366824,Alien Strain,2014,5,tt2854692
375655,6 Days Dark,2014,5,tt1801026
423268,Where The Devil Dwells,2014,5,tt3113386
687496,The 4bidden Fables,2014,5,tt3702656
321275,Rage: Midsummer's Eve,2015,5,tt1905005
334748,Auteur,2015,5,tt2300552
346093,KillerSaurus,2015,5,tt4699624
347423,The Cannibal in the Jungle,2015,5,tt4716958
362388,Chicago Rot,2015,5,tt3948764
365752,Creature Lake,2015,5,tt2229952
372258,Christmas Slay,2015,5,tt2431074
379058,Rows,2015,5,tt2076926
391863,The Last House,2015,5,tt4591226
395319,Definition of Fear,2015,5,tt2278911
402438,Feed the Devil,2015,5,tt3288992
410712,Creature Feature,2015,5,tt3809696
480970,Spree,2015,5,tt5488974
488468,Within These Walls,2015,5,tt3546802
490863,Ghost Witch,2015,5,tt2369411
679066,Valley of the Witch,2015,5,tt2908340
283256,Hunters,2016,5,tt2946858
336010,The Chair,2016,5,tt3400932
393511,Blood Sombrero,2016,5,tt3603104
407284,Brides to Be,2016,5,tt4452210
407739,Spring Break Zombie Massacre,2016,5,tt5831924
410221,Dark Cove,2016,5,tt2277834
416190,The Ouija Possession,2016,5,tt5934788
419327,Other Halves,2016,5,tt4308714
423038,Good Tidings,2016,5,tt4823524
428696,Monster: The Prehistoric Project,2016,5,tt4527400
438913,Dead West,2016,5,tt5220430
440207,We All Fall Down,2016,5,tt5555174
454963,Conspiracy Theory,2016,5,tt5354458
463675,"Scaler, Dark Spirit",2016,5,tt4970294
466937,Erasmus,2016,5,tt3894732
410465,Dry Blood,2017,5,tt5195828
441665,Blood Money,2017,5,tt4594286
444707,Sorceress,2017,5,tt4565668
449961,Unwanted,2017,5,tt6074486
455152,A Closer Walk with Thee,2017,5,tt4943620
462804,VHS Lives: A Schlockumentary,2017,5,tt5718764
463496,The Dark Mile,2017,5,tt5483940
466677,Dead South,2017,5,tt2106616
469262,Witchcraft 15: Blood Rose,2017,5,tt4790076
474513,Revelator,2017,5,tt5296086
475623,Ten: Murder Island,2017,5,tt6415838
484980,Hellriser,2017,5,tt7071348
496569,From Hell to the Wild West,2017,5,tt6086718
537101,Red Room,2017,5,tt5738830
478086,To Tokyo,2018,5,tt3115846
486684,Aux,2018,5,tt4443974
488722,Mother Krampus 2: Slay Ride,2018,5,tt4572700
520235,Tales Beyond Madness,2018,5,tt8206940
540375,The Barn,2018,5,tt6539470
545815,Epidemic,2018,5,tt7819394
551412,The Fear Footage,2018,5,tt8675532
552009,The Bad Man,2018,5,tt5372620
555845,Burnt Offering,2018,5,tt7600294
567920,Halloween Horror Tales,2018,5,tt9369332
568287,Antidote,2018,5,tt3809960
569889,Dark Highlands,2018,5,tt4960466
708561,Coven of Evil,2018,5,tt6714558
452037,Strip Club Massacre,2019,5,tt4881430
510457,Beast No More,2019,5,tt4634402
566512,Crucible of the Vampire,2019,5,tt6017926
572000,The Demonologist,2019,5,tt7130192
574834,Blood Craft,2019,5,tt7737656
582652,Straight Edge Kegger,2019,5,tt7608380
591180,Incident at Montauk,2019,5,tt8717296
594228,The 27 Club,2019,5,tt7380420
606960,Dybbuk Box: True Story of Chris Chambers,2019,5,tt10091696
610394,The Haunting of La Llorona,2019,5,tt10195614
621254,Dead Don't Die in Dallas,2019,5,tt3195238
628469,Stained,2019,5,tt4192552
644710,10/31 Part 2,2019,5,tt10584694
645319,Don't Run,2019,5,tt6862078
653820,Rot,2019,5,tt10413374
709798,Blood Immortal,2019,5,tt7635036
578847,Skyman,2020,5,tt8740780
619926,Her Name Was Christa,2020,5,tt7453138
625234,Motel Acacia,2020,5,tt9461104
687972,Space,2020,5,tt8710832
689479,Scare Me,2020,5,tt12098670
713474,Clownery,2020,5,tt9178004
720018,Ouija Craft,2020,5,tt10990970
727478,Curse of Aurore,2020,5,tt12711968
591126,Election Night,2021,5,tt7226254
722603,Battlefield 2025,2021,5,tt8134980
732773,The Lockdown Hauntings,2021,5,tt12764606
762842,Shelter in Place,2021,5,tt12926794
789382,When I Consume You,2021,5,tt11454278
824806,Hoodman,2021,5,tt14403632
826047,Why?,2021,5,tt10313806
832257,Howard’s Mill,2021,5,tt10022716
853764,Baby Oopsie,2021,5,tt15195272
298028,The Prey: Legend of Karnoctus,2022,5,tt2357423
494442,The Last Possession,2022,5,tt4109756
759426,Stoker Hills,2022,5,tt6668220
805209,The Yellow Wallpaper,2022,5,tt8372638
858824,Alone with You,2022,5,tt15040634
945383,The Institute,2022,5,tt12985010
955714,Follower,2022,5,tt7428374
968351,Allegoria,2022,5,tt14939308
982637,The Overnight,2022,5,tt7042798
680867,Butchers Bluff,2023,5,tt11284972
921216,Taeter Burger,2023,5,tt5776252
981323,Nutcracker Massacre,2023,5,tt16475076
1103402,Blue Hour: The Disappearance of Nick Brandreth,2023,5,tt23159982
1110989,Stay Out of the Basement,2023,5,tt23028288
1117388,Foreclosure,2023,5,tt19034552
1122588,Tearsucker,2023,5,tt14162256
1125102,Sleeping Beauties,2023,5,tt10211984
1149916,The Nightgown,2023,5,tt15613864
1165144,Happy Birthday,2023,5,tt17053204
1166773,Waking Nightmare,2023,5,tt5346636
1192618,Spaghetti,2023,5,tt17081088
440775,Galaxy of Horrors,2024,5,tt6188002
862029,Cursed,2024,5,tt13764666
950925,Hunting Souls,2024,5,tt11803064
986402,Devil's Knight,2024,5,tt17278774
1056590,Unnatural,2024,5,tt21254270
1134475,Ouija Castle,2024,5,tt27819383
1222730,Arctic Hollow,2024,5,tt27505523
1229586,Stutter,2024,5,tt21422814
1233790,River of Ghosts,2024,5,tt13445492
1237401,Lizzie Lazarus,2024,5,tt26943806
1250800,They Are Watching,2024,5,tt14554404
1269024,A Game in the Woods,2024,5,tt31615218
1269348,Himalaya,2024,5,tt31923508
1305540,Unspeakable: Beyond The Wall of Sleep,2024,5,tt30061012
1307050,The Girl Who Cried Her Eyes Out,2024,5,tt23830894
1328402,The People in the Walls,2024,5,tt28752971
1341070,All We Wanted,2024,5,tt22741916
1354831,Within the Pines,2024,5,tt27486288
1355326,The Waves of Madness,2024,5,tt28002564
1364638,Doc of Chucky,2024,5,tt33546014
1377311,Aiden,2024,5,tt33513683
1436914,Dr. Jason II - Lights & Shadows,2024,5,tt23871574
1038938,Werewolf Game,2025,5,tt16960240
1220808,The Monster Beneath Us,2025,5,tt15207488
1244126,The Demon Detective,2025,5,tt27109344
1271023,Wind and Bone,2025,5,tt24247392
1338926,Name the Demon,2025,5,tt17078956
1371357,Final Recovery,2025,5,tt33727216
1377413,St. Patrick's Day Massacre,2025,5,tt33834350
1393898,Trick and Treats,2025,5,tt10993870
1430527,The House Was Not Hungry Then,2025,5,tt35635906
1435971,Halloween Candy,2025,5,tt28741199
1484783,American Psychopath,2025,5,tt35098194
1489665,Radiohead X Nosferatu: A Symphony of Horror,2025,5,tt38266746
1532406,Dinner to Die For,2025,5,tt27937172
1534512,Bikini Guillotine,2025,5,tt37891408
1552050,The Hem,2025,5,tt37933993
199034,The Intruder,1933,6,tt0023064
113241,"Chloe, Love Is Calling You",1934,6,tt0026209
93554,Lucky Ghost,1942,6,tt0033856
140680,The Fall of the House of Usher,1950,6,tt0177766
30638,Alias John Preston,1955,6,tt0048938
63091,Man Beast,1956,6,tt0049468
30786,Black Zoo,1963,6,tt0056872
108132,House of the Black Death,1965,6,tt0059285
109102,Picture Mommy Dead,1966,6,tt0060831
53036,Ghosts of Hanley House,1968,6,tt0132184
128400,A Thousand Pleasures,1968,6,tt0063690
27496,Nightmare in Wax,1969,6,tt0064729
50979,The Psycho Lover,1970,6,tt0168137
94261,The Amazing Transplant,1970,6,tt0065390
99537,Sinthia: The Devil's Doll,1970,6,tt0063608
74826,The Rats Are Coming! The Werewolves Are Here!,1972,6,tt0069162
87719,Savage Abduction,1973,6,tt0068440
105701,So Sad About Gloria,1973,6,tt0122722
97553,Corpse Eaters,1974,6,tt0228158
113814,Invasion From Inner Earth,1974,6,tt0071666
81437,The Love Butcher,1975,6,tt0084272
104385,Blood Bath,1975,6,tt0074222
32322,"Dr. Black, Mr. Hyde",1976,6,tt0074430
87369,Devil's Express,1976,6,tt0073031
133838,Shadow of the Hawk,1976,6,tt0075199
113131,Ghosts That Still Walk,1977,6,tt0076081
84183,The Fifth Floor,1978,6,tt0080732
84374,Delirium,1979,6,tt0079039
213251,The Killing of Angel Street,1981,6,tt0082614
190068,The Passing,1983,6,tt0365617
59737,The Devil's Gift,1984,6,tt0218937
88350,Carnage,1984,6,tt0185976
232194,Dreams Come True,1984,6,tt0083853
48803,They Don't Cut the Grass Anymore,1985,6,tt0304818
85003,The Deadly Intruder,1985,6,tt0233536
85007,Murderlust,1985,6,tt0243428
85008,The Ripper,1985,6,tt0089922
86672,Don't Mess with My Sister!,1985,6,tt0089037
98081,Junior,1985,6,tt0089392
78169,Masterblaster,1987,6,tt0089563
86683,Mind Killer,1987,6,tt0158785
88823,Blood Massacre,1987,6,tt0101474
106015,Death Nurse,1987,6,tt0092856
135424,Splatter Farm,1987,6,tt0234786
390540,The Worst of Faces of Death,1987,6,tt0121864
44097,Curse of the Blue Lights,1988,6,tt0199439
70198,Dangerous Game,1988,6,tt0101656
89475,Diamond Ninja Force,1988,6,tt0165230
147888,Vampires on Bikini Beach,1988,6,tt0177329
199347,Pulse Pounders,1988,6,tt0293905
205795,Through the Fire,1988,6,tt0406799
28262,Terror Night,1989,6,tt0094124
47674,The House of Usher,1989,6,tt0095332
181764,Sounds of Silence,1989,6,tt0149016
28600,The Lost Platoon,1990,6,tt0183419
84635,Vampire Cop,1990,6,tt0100856
90898,The Rain Killer,1990,6,tt0102750
128917,Voodoo Dawn,1990,6,tt0100888
28352,Hellroller,1992,6,tt0180740
30782,Project Vampire,1992,6,tt0170459
76935,Bloodlust,1992,6,tt0103841
126022,Dance Macabre,1992,6,tt0101652
138999,Little Corey Gorey,1993,6,tt0329306
187782,Bedevil,1993,6,tt0106373
450087,Midnight Kiss,1993,6,tt0107571
55080,Ozone,1994,6,tt0107764
107781,The Club,1994,6,tt0109449
160201,Traces Of Death II,1994,6,tt0111468
28081,Witchcraft VII: Judgement Hour,1995,6,tt0114958
68874,Mother,1995,6,tt0117090
28082,Witchcraft 8: Salem's Ghost,1996,6,tt0114959
29891,Star Hunter,1996,6,tt0114529
81459,The Bride of Frank,1996,6,tt0261587
28114,Hybrid,1997,6,tt0119339
29930,Tender Flesh,1997,6,tt0157102
28646,Spoiler,1998,6,tt0120187
54800,Urban Ghost Story,1998,6,tt0120423
125764,In The Winter Dark,1998,6,tt0123114
201178,Dark Confessions,1998,6,tt0144156
46009,Revelation,1999,6,tt0161942
132802,Hellblock 13,1999,6,tt0119277
149113,Cold Hearts,1999,6,tt0156417
28127,Sideshow,2000,6,tt0253700
92720,"Mirror, Mirror IV: Reflection",2000,6,tt0236502
115258,Unspeakable,2000,6,tt0259077
191378,Blood,2000,6,tt0190273
227759,Pure Blood,2000,6,tt0285954
28446,Suspended Animation,2001,6,tt0271809
41560,Soft for Digging,2001,6,tt0303397
57950,Campfire Stories,2001,6,tt0244452
61698,Tail Sting,2001,6,tt0290884
77047,Unseen Evil,2001,6,tt0162030
149897,Superstition,2001,6,tt0292707
200803,Altered Species,2001,6,tt0292429
28626,Embrace the Darkness III,2002,6,tt0346934
78198,Zombie Campout,2002,6,tt0350370
91433,Make a Wish,2002,6,tt0328094
141644,Hunting Humans,2002,6,tt0339184
28103,Bog Creatures,2003,6,tt0295884
30318,13 Seconds,2003,6,tt0374474
54965,Ghost Rig,2003,6,tt0297853
123351,Creepies,2003,6,tt0340060
129481,Family Portraits: A Trilogy of America,2003,6,tt0463310
131881,Aquanoids,2003,6,tt0338726
233191,Zombies,2003,6,tt0447723
50466,Countess Dracula's Orgy of Blood,2004,6,tt0379226
81840,Orgasm Torture in Satan's Rape Clinic,2004,6,tt1058559
121587,Camp Slaughter,2004,6,tt0337910
27473,Exterminator City,2005,6,tt0465455
27819,October Moon,2005,6,tt0460887
42705,Haunted Boat,2005,6,tt0428081
55170,Bloodshed,2005,6,tt0454788
68505,Ice Queen,2005,6,tt0228040
92842,Abducted by the Daleks,2005,6,tt0945478
102318,Slaughterhouse of the Rising Sun,2005,6,tt0350128
110329,Deadly End,2005,6,tt0427591
173457,KatieBird* Certifiable Crazy Person,2005,6,tt0435678
485524,The Picture of Dorian Gray,2005,6,tt0364599
29926,Dead Boyz Don't Scream,2006,6,tt0834906
49748,Easter Bunny Kill! Kill!,2006,6,tt0780506
69121,Magdalena's Brain,2006,6,tt0780561
73554,The Raven,2006,6,tt0861730
94862,Plasterhead,2006,6,tt0887770
103966,Psychiatry: An Industry of Death,2006,6,tt1197332
114176,Sea of Fear,2006,6,tt0389360
39805,Psycho Ward,2007,6,tt1135781
40009,Final Draft,2007,6,tt0982914
45101,Side Sho,2007,6,tt0965443
51541,Fist of the Vampire,2007,6,tt1087845
55077,Secrets of the Clown,2007,6,tt1129390
105854,Island of the Living Dead,2007,6,tt0898925
187591,666 (Beware the End Is at Hand),2007,6,tt2175527
223004,Aberration,2007,6,tt0476985
261084,Spiker,2007,6,tt1038902
278102,The Shadow Within,2007,6,tt1261065
29706,Hunting Grounds,2008,6,tt1235433
35324,Sight,2008,6,tt1220903
41543,XII,2008,6,tt0924518
53811,No Through Road,2008,6,tt1337671
58980,Horror House,2008,6,tt1071876
76214,Vlog,2008,6,tt1311672
104108,The Craving,2008,6,tt1291521
269947,The Gateway Meat,2008,6,tt2327563
32012,Dead Noon,2009,6,tt1189377
49090,Finale,2009,6,tt1326218
54608,Nightstalker,2009,6,tt1345503
55691,Tomboys,2009,6,tt1538534
56035,Murder Loves Killers Too,2009,6,tt1176733
77336,Satanic Panic,2009,6,tt1039985
91166,Werewolf Fever,2009,6,tt1578847
116583,Vampiro,2009,6,tt1439559
120498,Death Stop Holocaust,2009,6,tt1619636
12216,The Portal,2010,6,tt1051253
34640,Westbrick Murders,2010,6,tt0903036
49362,Madness,2010,6,tt1602093
50038,D4,2010,6,tt1240540
50606,Ghosts Don't Exist,2010,6,tt1285219
63705,Last Breath,2010,6,tt1006907
83833,Nostrum,2010,6,tt1630607
89885,Keepsake,2010,6,tt2014264
90116,Jessicka Rabid,2010,6,tt1753975
93226,Exquisite Corpse,2010,6,tt1319712
108096,Slaughtered,2010,6,tt1641633
108839,Headhunter: The Assessment Weekend,2010,6,tt0973809
216424,Empty Rooms,2010,6,tt1735350
76730,A Vampire's Tale,2011,6,tt1349486
89281,Antfarm Dickhole,2011,6,tt2028457
113726,Ninja Zombies,2011,6,tt1880293
115374,All Dark Places,2011,6,tt1833637
138959,The Absent,2011,6,tt1308745
143083,Isolation,2011,6,tt1582208
148801,Last Caress,2011,6,tt1787881
93513,Monsters in the Woods,2012,6,tt1686902
100009,DevilDolls,2012,6,tt2492654
134628,2: Voodoo Academy,2012,6,tt2390217
146365,Backslasher,2012,6,tt2316433
149592,From Beneath,2012,6,tt2215366
168885,Demon Hunter,2012,6,tt2106577
208172,The Dark Sleep,2012,6,tt2118694
224997,A Haunting on Gabriel Street,2012,6,tt2290749
262267,Darkest Night,2012,6,tt1935104
280552,The Cohasset Snuff Film,2012,6,tt2145903
296500,Bad vs Worse,2012,6,tt2515656
297455,Preston Castle,2012,6,tt2521436
472908,The Garlock Incident,2012,6,tt2125650
179494,Holla 2,2013,6,tt2158531
205943,Severed Footage,2013,6,tt2375505
213466,The Giant Spider,2013,6,tt2716062
240260,Clean Break,2013,6,tt2041328
320508,There Are Monsters,2013,6,tt2977158
323465,After Dark,2013,6,tt1670387
449463,Turtle Island,2013,6,tt2492540
252409,The House of Him,2014,6,tt3475058
254469,Tape_13,2014,6,tt3453580
257323,The Lock In,2014,6,tt4185488
279965,Shockwave Darkside,2014,6,tt1972752
286805,Dark Dungeons,2014,6,tt3625970
292992,Crazed,2014,6,tt2300913
296855,The Thing on the Doorstep,2014,6,tt2193450
449519,The Control Group,2014,6,tt2270372
481361,A Haunting on Washington Avenue: The Temple Theatre,2014,6,tt4184812
493537,Red Christmas,2014,6,tt4270254
309047,Jonah Lives,2015,6,tt2151270
335696,Survivors,2015,6,tt2340888
341671,Model Hunger,2015,6,tt2274752
342486,Eaten Alive! The Rise and Fall of the Italian Cannibal Film,2015,6,tt4537170
353093,Sisters of the Plague,2015,6,tt4138004
355579,Union Furnace,2015,6,tt2705870
363439,Secrets of a Psychopath,2015,6,tt2855724
364094,Fun Size Horror: Volume Two,2015,6,tt4523928
367941,Violent Shit: the Movie,2015,6,tt4198186
383348,Writers Retreat,2015,6,tt4045384
385327,Evil Souls,2015,6,tt3146120
446200,Cleaver: Rise of the Killer Clown,2015,6,tt4152374
498253,Lilith's Hell,2015,6,tt3753266
343459,Live-In Fear,2016,6,tt2290473
391207,The Tell-Tale Heart,2016,6,tt2087989
392437,The Conduit,2016,6,tt2469200
393154,Amityville Toybox,2016,6,tt5189528
404413,Tear Me Apart,2016,6,tt3562966
405615,The Museum Project,2016,6,tt5251524
407036,On the Brain,2016,6,tt3699572
408252,House Of Salem,2016,6,tt5122092
420572,The Invoking: Paranormal Dimensions,2016,6,tt5900592
422472,Family Possessions,2016,6,tt4933238
433651,House by the Lake,2016,6,tt3983902
440439,Elder Island,2016,6,tt4563460
453412,Grindsploitation,2016,6,tt4490348
473465,Last Ones Out,2016,6,tt4619908
486725,The Gatehouse,2016,6,tt4404296
534205,Face of Evil,2016,6,tt3707284
435678,Mountain Devil,2017,6,tt6341094
440486,Reel Nightmare,2017,6,tt4230192
443272,Brackenmore,2017,6,tt3418844
450654,Out of the Shadows,2017,6,tt4866768
454865,The Portal,2017,6,tt6410534
455635,The Wicked One,2017,6,tt3722356
460146,Patient,2017,6,tt3895554
460552,Demon Hunter,2017,6,tt2375585
464752,3rd Night,2017,6,tt5980242
467228,The Devil's Toy Box,2017,6,tt4596052
468696,Suite 313,2017,6,tt7060566
474819,Countrycide,2017,6,tt4797490
479709,Get My Gun,2017,6,tt5833412
479770,I'm Dreaming of a White Doomsday,2017,6,tt7288442
487719,Blood Child,2017,6,tt5457926
509412,Attack of the Southern Fried Zombies,2017,6,tt5594444
445869,Bloody Ballet,2018,6,tt4729642
462035,House of Demons,2018,6,tt5886388
470398,Muse,2018,6,tt3951206
499921,The Perfect Host: A Southern Gothic Tale,2018,6,tt3142428
503436,Behind the Walls,2018,6,tt4578598
505826,Bigfoot Country,2018,6,tt7114588
506353,Killers Within,2018,6,tt7458872
522282,The Manor,2018,6,tt5989336
532657,CTRL,2018,6,tt4738626
532875,Single AF,2018,6,tt6690236
544656,Anyone Home?,2018,6,tt2205762
546600,Adrenochrome,2018,6,tt2273648
546823,Demons,2018,6,tt8452036
547681,Mandy the Haunted Doll,2018,6,tt6592124
547780,Skeletons in the Closet,2018,6,tt3339376
552477,Let's Not Meet,2018,6,tt7900528
561516,Curse of the Scarecrow,2018,6,tt7398750
564056,The World Is Full of Secrets,2018,6,tt9143604
592660,Red Island,2018,6,tt4965146
598983,Karen Doesn't Dream,2018,6,tt8147680
513236,Something,2019,6,tt6185266
531084,Darkness Visible,2019,6,tt5692786
535096,Phantom Mary,2019,6,tt8783154
548079,Rootwood,2019,6,tt8976608
592495,Mummy Reborn,2019,6,tt8063840
603945,The La Llorona Curse,2019,6,tt10441656
608108,Hallowed Ground,2019,6,tt7771454
612294,Abduction 101,2019,6,tt9860860
617208,Charlotte: The Return,2019,6,tt9551936
619189,The Manson Family Massacre,2019,6,tt7661028
629819,Witnesses,2019,6,tt8394314
636229,Portal,2019,6,tt8398892
636274,Get Gone,2019,6,tt8353934
639477,American Hunt,2019,6,tt8918392
639959,Unknown Visitor,2019,6,tt11219342
643284,Lured,2019,6,tt9440738
645524,School of the Damned,2019,6,tt10147936
729740,Widow's Point,2019,6,tt8902980
514287,Cuties,2020,6,tt5896778
532870,Run Sweetheart Run,2020,6,tt8656686
572443,The Haunting of Molly Bannister,2020,6,tt8636456
624482,Star Light,2020,6,tt7445682
654816,What Goes Around,2020,6,tt11362734
673378,Spirits in the Dark,2020,6,tt7993848
699351,5G Zombies,2020,6,tt12142012
724901,Stalker,2020,6,tt11957450
726953,Return To Splatter Farm,2020,6,tt12755232
735253,Bad Nun: Deadly Vows,2020,6,tt10053426
741883,Archaon: The Halloween Summoning,2020,6,tt13015496
710309,Burial Ground Massacre,2021,6,tt7645102
721930,Where's Rose,2021,6,tt10804210
785734,The Pond,2021,6,tt10739160
798060,Digging to Death,2021,6,tt7752100
799640,Blood Conscious,2021,6,tt7575118
805350,The Inheritance,2021,6,tt10204512
808865,The Believer,2021,6,tt6174150
844295,Behemoth,2021,6,tt11146072
854529,Night at the Eagle Inn,2021,6,tt13828966
856421,Outlier,2021,6,tt13793884
881464,Fear PHarm 2,2021,6,tt13197764
894844,Jekyll and Hyde,2021,6,tt15321376
529193,The Harbinger,2022,6,tt7440124
854881,The Haunting of the Tower of London,2022,6,tt15007046
872640,Infrared,2022,6,tt14584216
884882,Revealer,2022,6,tt14661252
899294,Frank and Penelope,2022,6,tt4459134
918356,Fallen,2022,6,tt16913072
931237,Terror Trips,2022,6,tt10384456
934194,Slash/Back,2022,6,tt9050310
938600,Attachment,2022,6,tt14544678
951546,Reign of Chaos,2022,6,tt7909204
987912,Blackwood,2022,6,tt8933310
988165,H.P. Lovecraft's Witch House,2022,6,tt15427420
1011679,Shark Side of the Moon,2022,6,tt21426434
923217,What Happened at 625 River Road?,2023,6,tt13523166
1027465,A Song from the Dark,2023,6,tt10484164
1032121,Bad Connection,2023,6,tt21410828
1034580,Mary Had a Little Lamb,2023,6,tt22698114
1037599,The Bigfoot Trap,2023,6,tt23039404
1063882,Alive,2023,6,tt11813708
1079837,Undeaducated,2023,6,tt14129132
1080282,The Haunting of Julia Fields,2023,6,tt26446481
1096443,Summoning the Spirit,2023,6,tt26958570
1098077,Something Walks in the Woods,2023,6,tt21915352
1115393,Soft Liquid Center,2023,6,tt28166611
1124023,Mega Ape,2023,6,tt21215806
1139623,The Beast of Walton St.,2023,6,tt17499742
1144028,Wrath of Dracula,2023,6,tt27547215
1152559,Yule Log,2023,6,tt28361249
1161115,Scalper,2023,6,tt23148560
1177871,The Hive,2023,6,tt15847826
1186749,How We Ended Us,2023,6,tt18082016
787174,Shark Island,2024,6,tt9618604
816949,Daemon Mind,2024,6,tt11396604
858161,Daft State,2024,6,tt14790804
863406,The Blue Rose,2024,6,tt15262900
873967,The Devil’s Trap,2024,6,tt3143458
1054643,The Deadly Swarm,2024,6,tt23748546
1145474,Down Below,2024,6,tt27187621
1192794,Listen Carefully,2024,6,tt7365436
1206989,Teddiscare,2024,6,tt29720289
1236416,Wolves Against the World,2024,6,tt22052328
1243997,The Camp Host,2024,6,tt31064797
1245776,Invader,2024,6,tt31381322
1252693,Room 0,2024,6,tt29931567
1259417,Campton Manor,2024,6,tt8192610
1271604,Trucker,2024,6,tt9418306
1316077,Broken Bird,2024,6,tt15908894
1317442,Water Horse,2024,6,tt11307016
1323911,Drained,2024,6,tt29792302
1325573,Pater Noster and the Mission of Light,2024,6,tt33064297
1353018,In Tenebras: Into the Darkness,2024,6,tt28144310
1357912,Texas Cult House,2024,6,tt28083773
1365083,Witch Hunter,2024,6,tt33042923
1371650,Blood of the Werewolf's Claw,2024,6,tt31703758
1386598,The North Witch,2024,6,tt33774036
1393614,Suspicion,2024,6,tt33043898
1552703,Terminator: Skynet Rising,2024,6,tt27534073
1037352,Went Up the Hill,2025,6,tt14303268
1066383,AMP House Massacre,2025,6,tt13803000
1288616,Mother Maker Lover Taker,2025,6,tt30266578
1293848,The Haunted Forest,2025,6,tt30400082
1330610,Bikini Nuns,2025,6,tt33056211
1339333,Happy Ending,2025,6,tt27761411
1372745,Sweeney Todd: Slice & Dice,2025,6,tt33308008
1384751,Noseeums,2025,6,tt35443420
1416615,Distort,2025,6,tt35904865
1426364,Night of the Dead Sorority Babes,2025,6,tt31557927
1444783,Monkey Killer,2025,6,tt35596285
1513523,Wizard of Oz: Dead Walk,2025,6,tt35839924
1554565,Evil Nun,2025,6,tt38265135
1663082,The Last Supper,2025,6,tt38782528
3017,Dr. Jekyll and Mr. Hyde,1920,7,tt0011131
94816,The Headless Horseman,1922,7,tt0013223
156385,Murder at Dawn,1932,7,tt0023247
74550,The Smiling Ghost,1941,7,tt0034204
112712,Devil Monster,1946,7,tt0127512
257275,The Night Comes Too Soon,1946,7,tt0039658
167828,Things Happen at Night,1948,7,tt0039897
29057,Monster from the Ocean Floor,1954,7,tt0047244
117028,Back from the Dead,1957,7,tt0050157
91733,My World Dies Screaming,1958,7,tt0051962
133907,Teenage Monster,1958,7,tt0051063
116389,The Snake Woman,1961,7,tt0055456
89762,Hand of Death,1962,7,tt0056055
53442,The Wizard of Mars,1965,7,tt0059920
261597,Space Probe Taurus,1965,7,tt0059743
121143,A Taste of Blood,1967,7,tt0062345
282812,The Satanist,1968,7,tt0416207
139132,The Mad Room,1969,7,tt0064617
81464,"Guru, the Mad Monk",1970,7,tt0067169
126927,The Ballad of Tam Lin,1970,7,tt0067822
104953,Angels and Cherubs,1972,7,tt0069549
144662,A Thief in the Night,1972,7,tt0070795
235798,Enter the Devil,1972,7,tt0068540
124135,Psyched by the 4D Witch (A Tale of Demonology),1973,7,tt0265587
251499,The Roommates,1973,7,tt0236693
84233,Don't Hang Up,1974,7,tt0080648
104116,Ghost Story,1974,7,tt0071791
54124,Satan's Children,1975,7,tt0128451
112975,The Astrologer,1975,7,tt0187530
187546,Satan's Black Wedding,1976,7,tt0140533
127441,The Meateater,1979,7,tt0079541
22385,Savage Harvest,1981,7,tt0083034
157276,The Appointment,1981,7,tt0082025
214198,Rana: The Legend of Shadow Lake,1981,7,tt0073604
169534,The Curse of the Screaming Dead,1982,7,tt0129855
114619,The Demons of Ludlow,1983,7,tt0223128
85152,The 11th Commandment,1986,7,tt0173794
30928,Demon of Paradise,1987,7,tt0092870
132843,Cassandra,1987,7,tt0090807
149744,Maniac Killer,1987,7,tt0219908
173080,Graveyard Shift,1987,7,tt0093115
258157,Programmed to Kill,1987,7,tt0093790
82020,The Carpenter,1988,7,tt0097017
89698,Cannibal Campout,1988,7,tt0125031
106614,Hard Rock Nightmare,1988,7,tt0095278
27648,The Banker,1989,7,tt0096889
42906,Night Shadow,1989,7,tt0097973
59011,The Evil Below,1989,7,tt0097306
89695,The Basement,1989,7,tt2005367
267414,Heartstopper,1989,7,tt0095285
281168,Blue Vengeance,1989,7,tt0205779
29808,Haunting Fear,1990,7,tt0099742
46759,Silent Scream,1990,7,tt0100619
67730,Living Doll,1990,7,tt0100038
222900,The Night Brings Charlie,1990,7,tt0100248
27654,Camp Fear,1991,7,tt0180590
119353,The Terror Within II,1991,7,tt0100765
132369,The Arrival,1991,7,tt0099059
203022,Witchcraft III: The Kiss of Death,1991,7,tt0103274
53149,To Sleep with a Vampire,1993,7,tt0108348
110163,Things,1993,7,tt0183882
56428,Beyond Bedlam,1994,7,tt0106402
85024,Shatter Dead,1994,7,tt0111159
111749,Witchcraft 666: The Devil's Mistress,1994,7,tt0111731
218514,Temptress,1995,7,tt0109546
27766,Santa Claws,1996,7,tt0117549
32449,Natural Enemy,1996,7,tt0119764
28530,Sorceress II: The Temptress,1997,7,tt0190024
114684,Talisman,1998,7,tt0167438
197649,Misbegotten,1998,7,tt0131484
28143,Witchouse II: Blood Coven,1999,7,tt0244307
97780,Ragdoll,1999,7,tt0226362
138097,Alien Blood,1999,7,tt0191774
203025,Witchcraft X: Mistress of the Craft,1999,7,tt0140697
29925,The Catcher,2000,7,tt0191869
210739,Maniacts,2001,7,tt0285698
213499,All Cheerleaders Die,2001,7,tt0360348
13556,The Ghosts of Edendale,2003,7,tt0301184
20446,Midnight Mass,2003,7,tt0323246
27468,Zombiegeddon,2003,7,tt0316946
53007,Flight to Hell,2003,7,tt0399059
54496,Descendant,2003,7,tt0331466
27483,Tomb of the Werewolf,2004,7,tt0430684
27760,SideFX,2004,7,tt0441821
28418,Darkhunters,2004,7,tt0337598
28743,The Off Season,2004,7,tt0387460
35949,Jennifer's Shadow,2004,7,tt0382761
76195,Centipede,2004,7,tt0321626
135760,Savage Island,2004,7,tt0328378
28237,Blood Relic,2005,7,tt0459216
29898,Dr. Chopper,2005,7,tt0469899
55515,The Choke,2005,7,tt0424890
85011,Jacqueline Hyde,2005,7,tt0460834
99062,Choker,2005,7,tt0421983
26631,In the Blood,2006,7,tt0817911
39252,The Witches Hammer,2006,7,tt0400944
53618,Deadlands: The Rising,2006,7,tt0861701
65857,Stupid Teenagers Must Die,2006,7,tt0889579
77885,Wild Country,2006,7,tt0433482
96781,Soul's Midnight,2006,7,tt0493456
97100,Night of the Dead: Leben Tod,2006,7,tt0816594
172155,The Feeding,2006,7,tt0788072
205210,Petrified,2006,7,tt0833609
27774,Splatter Beach,2007,7,tt0918633
27826,Kinky Killers,2007,7,tt0933342
28687,Unholy,2007,7,tt0443678
30396,Stash,2007,7,tt1111831
31036,When Night Falls,2007,7,tt0973847
34784,Grim Reaper,2007,7,tt0903622
42663,The Cry,2007,7,tt0808210
47593,Bloodlines,2007,7,tt0995032
49746,The Haunting of #24,2007,7,tt0486614
54586,Night Junkies,2007,7,tt0826587
70021,Raiders of the Damned,2007,7,tt0436701
87877,Deadwood Park,2007,7,tt0437150
146380,The Legend of Bloody Jack,2007,7,tt0961206
27226,Dead and Gone,2008,7,tt0489019
27463,October Moon 2: November Son,2008,7,tt0870176
36531,The Death Factory: Bloodletting,2008,7,tt1155637
36556,The Torturer,2008,7,tt1245678
43624,Banshee!!!,2008,7,tt1073482
45921,Haunted Echoes,2008,7,tt1053830
46117,Diary of a Serial Killer,2008,7,tt1252631
46172,Witchcraft 13: Blood of the Chosen,2008,7,tt0473287
54208,Kemper,2008,7,tt1144581
54606,In Search of Lovecraft,2008,7,tt0494237
56642,Night Watcher,2008,7,tt1273811
75537,Son of Sam,2008,7,tt1235074
90936,Aegri Somnia,2008,7,tt1337090
138355,Fetus,2008,7,tt1354543
9935,Hallettsville,2009,7,tt0760169
37771,The Seduction of Dr. Fugazzi,2009,7,tt0830538
39509,Cold Storage,2009,7,tt0462232
49970,Junkyard Dog,2009,7,tt1229405
54070,Red Velvet,2009,7,tt1096991
65141,Black Ice,2009,7,tt1359420
69015,The Jailhouse,2009,7,tt1318516
128558,Death of the Virgin,2009,7,tt1524170
137634,Porn Shoot Massacre,2009,7,tt1572492
198292,Murder Collection V.1,2009,7,tt1471348
27485,Megaconda,2010,7,tt4354312
39572,Zombie Apocalypse,2010,7,tt1624413
49830,Bio Slime,2010,7,tt1189374
65660,Walking the Dead,2010,7,tt1573485
84738,Beware,2010,7,tt1928124
90985,Wendigo: Bound by Blood,2010,7,tt1719680
114847,Porkchop,2010,7,tt1720198
175138,Evidence of a Haunting,2010,7,tt3502802
263198,The Corrupted,2010,7,tt1674197
78288,Unhappy Birthday,2011,7,tt1865551
82707,1313: Wicked Stepbrother,2011,7,tt1727559
94265,The Summer of Massacre,2011,7,tt1874779
110129,The Sacred,2011,7,tt1234947
112238,Frankenstein Day of the Beast,2011,7,tt1748018
118622,The Disco Exorcist,2011,7,tt1680119
235537,1313: Nightmare Mansion,2011,7,tt1507989
336598,The Ideal,2011,7,tt1808452
118856,The Thrill of a Kill,2012,7,tt2044888
135288,The House with 100 Eyes,2012,7,tt1954520
145103,Dogman,2012,7,tt2069756
180267,Pridyider,2012,7,tt2378000
236816,Nightscape,2012,7,tt2048819
256080,Red Krokodil,2012,7,tt2186392
271492,Cut/Print,2012,7,tt1106884
171277,The House Across the Street,2013,7,tt2363449
180323,Bath Salt Zombies,2013,7,tt2691554
241047,House of Bad,2013,7,tt2043882
308467,Roadside,2013,7,tt1958007
312275,Throwback,2013,7,tt2950996
389832,The Bride,2013,7,tt3172678
448976,Saint Bernard,2013,7,tt3327086
268150,Circus of the Dead,2014,7,tt2782232
270802,666: Devilish Charm,2014,7,tt3216846
279087,Specter,2014,7,tt2330380
279516,Ten,2014,7,tt2496400
283262,Third Eye,2014,7,tt3561818
290724,Bigfoot Wars,2014,7,tt2992096
293540,Run Like Hell,2014,7,tt2951396
295413,Theatre of Fear,2014,7,tt2846292
298833,Blood Ransom,2014,7,tt2173248
298835,After School Massacre,2014,7,tt2553444
303702,Kill That Bitch,2014,7,tt3541124
309000,Judy,2014,7,tt4164244
316637,Atrocity,2014,7,tt4278806
360726,The Before Time,2014,7,tt3297586
392253,P.O.V,2014,7,tt3463848
394115,Dead End,2014,7,tt3521148
407344,Afterimages,2014,7,tt2716802
412811,Dark Amazon,2014,7,tt2306511
253288,Ghostline,2015,7,tt2734110
335393,Infernal,2015,7,tt3991052
337879,Sorrow,2015,7,tt2140423
339087,World War Dead: Rise of the Fallen,2015,7,tt3699684
343658,Territorial Behavior,2015,7,tt2916772
358719,Dismembering Christmas,2015,7,tt3407630
363264,Mary Loss of Soul,2015,7,tt2904798
373477,The Legend Of Wasco,2015,7,tt5047424
382052,Not Alone,2015,7,tt1517228
403671,Illusions,2015,7,tt3410954
404967,The Linda Vista Project,2015,7,tt3549566
408221,The Unraveling,2015,7,tt4076916
118626,She Wolf Rising,2016,7,tt1461395
184710,Quarantine L.A.,2016,7,tt2536086
310707,The Dooms Chapel Horror,2016,7,tt2974190
340865,Provoked,2016,7,tt2360586
389856,Laundry Man,2016,7,tt4412268
399062,Paranormal Sex Tape,2016,7,tt5533664
399596,Lost Creek,2016,7,tt5610746
409281,Amityville: No Escape,2016,7,tt5448998
417033,Angel of Reckoning,2016,7,tt3677840
425673,Scathing,2016,7,tt4229948
431066,Shock,2016,7,tt5310410
481702,A Haunting on Dice Road: The Hell House,2016,7,tt7676138
429740,"Rock, Paper, Scissors",2017,7,tt4420040
449882,Claw,2017,7,tt6355580
450642,Alien Domicile,2017,7,tt6574700
455499,Flesh of the Void,2017,7,tt6536904
462171,BnB HELL,2017,7,tt5639410
462263,Dawning of the Dead,2017,7,tt3332282
463032,Hack House,2017,7,tt4624724
464329,7 from Etheria,2017,7,tt7073518
479965,Fake Blood,2017,7,tt6284156
483075,Dis,2017,7,tt7304806
487848,Purgatory Road,2017,7,tt6144876
507211,Alpha Delta Zatan,2017,7,tt6640214
520696,Restraint,2017,7,tt4162860
638855,The Circle,2017,7,tt2943946
503430,Curse of the Witch's Doll,2018,7,tt6578228
516082,Dead Squad: Temple of the Undead,2018,7,tt5431946
517939,Paranormal Demons,2018,7,tt3894958
521876,Dead List,2018,7,tt4700872
532153,Amazon Hot Box,2018,7,tt8178992
553080,Welcome to Hell,2018,7,tt6338506
553686,Th'dread Rattlin',2018,7,tt8275670
560283,Blood Bags,2018,7,tt7362370
565964,Lilith,2018,7,tt6922804
578656,Betsy,2018,7,tt6424188
611534,The Hatred,2018,7,tt7745080
506251,The Haunting of Borley Rectory,2019,7,tt1776097
576938,Slasher Party,2019,7,tt8236214
588236,Lillith,2019,7,tt6785752
605540,The Evil Inside Her,2019,7,tt3763748
609064,A Haunting at Silver Falls: The Return,2019,7,tt6170262
615790,The Cleansing,2019,7,tt6956798
663662,Home with a View of the Monster,2019,7,tt7825558
706862,Annabellum - The Curse of Salem,2019,7,tt10498810
720065,Termination,2019,7,tt10319676
464764,Revenge Ride,2020,7,tt10510416
467026,Strain 100,2020,7,tt5170778
588440,Hotel Inferno 3: The Castle of Screams,2020,7,tt7612146
589877,The Good Things Devils Do,2020,7,tt8740332
592786,The Dead Ones,2020,7,tt1482457
595601,Darkness in Tenement 45,2020,7,tt6806766
671474,Bone Breaker,2020,7,tt9738400
675554,Amityville Island,2020,7,tt12057580
699337,The House in Between,2020,7,tt11568236
701121,Children of the Corn,2020,7,tt12311866
708362,Murder Manual,2020,7,tt12384178
716750,Threshold,2020,7,tt9297478
725146,Death Ranch,2020,7,tt10397188
733322,Evil Takes Root,2020,7,tt7830416
765967,Black Pumpkin,2020,7,tt4180532
862280,Nneka the Pretty Serpent,2020,7,tt13809646
688343,The Curse of Audrey Earnshaw,2021,7,tt7157146
721955,Goodbye Honey,2021,7,tt7841954
797134,C.O.R.N.,2021,7,tt11967404
801485,The Resonator: Miskatonic U,2021,7,tt14034868
849043,Blood Born,2021,7,tt11033046
852862,The Righteous,2021,7,tt11378426
863946,Horror Noire,2021,7,tt15132736
854867,Werewolf Castle,2022,7,tt14996254
915982,Hypochondriac,2022,7,tt12186098
945840,Dead Zone,2022,7,tt18396866
852910,House of Inequity,2023,7,tt5598934
926449,Late Checkout,2023,7,tt16172364
1009663,Snow Angel,2023,7,tt7582428
1027496,The Haunting of the Murder House,2023,7,tt20861742
1077552,Wolf Garden,2023,7,tt12816912
1103420,Doomsday Stories,2023,7,tt19357628
1103448,Half Sisters,2023,7,tt11136638
1126492,Children of the Night,2023,7,tt26493320
1137538,Amityville Ripper,2023,7,tt27166743
1138037,Trauma Therapy: Psychosis,2023,7,tt18181882
1146253,Meet the Killer Parents,2023,7,tt28329577
1151443,As Certain as Death,2023,7,tt12825586
1155067,Transmission,2023,7,tt28346692
1159204,1962 Halloween Massacre,2023,7,tt23133356
1162348,In Its Wake,2023,7,tt8141472
1163969,The Judgment,2023,7,tt28457018
1183972,House of Dolls,2023,7,tt14049394
1185439,Ouija Witch,2023,7,tt19245296
1190071,Decade of the Dead,2023,7,tt27588823
872283,Horny Teenagers Must Die!,2024,7,tt14394870
1028424,Crocodile Swarm,2024,7,tt21844554
1067000,In Search of Darkness: 1990-1994,2024,7,tt29476448
1098335,Jurassic Shark 3: Seavenge,2024,7,tt27036477
1134094,The Woods Are Real,2024,7,tt23035650
1158709,Shark Exorcist 2: Unholy Waters,2024,7,tt31051446
1184294,An Angry Boy,2024,7,tt15521820
1194776,Behave,2024,7,tt23789090
1224327,Come Home,2024,7,tt14093148
1251138,The Legend of Lake Hollow,2024,7,tt9764958
1254896,Beware the Boogeyman,2024,7,tt29244917
1272300,Foreclosure 2,2024,7,tt27712680
1273844,This Never Happened,2024,7,tt13396566
1288255,Death PhD,2024,7,tt26219840
1291661,Tide,2024,7,tt26915157
1304429,Thine Ears Shall Bleed,2024,7,tt30487077
1312787,Fragment,2024,7,tt34565676
1316291,Chateau,2024,7,tt30290848
1320728,Wishes of the Blue Girl,2024,7,tt29084889
1324495,Bad Fish,2024,7,tt16226020
1340770,Good Neighbours,2024,7,tt32138536
1358329,The House on Laura Anne Dr.,2024,7,tt33046086
1375560,Itch!,2024,7,tt33085019
1399580,A Cursed Man,2024,7,tt33063586
1438030,Slaughterhouse 2,2024,7,tt34960723
1026532,The Hermit,2025,7,tt19408240
1118201,Ghost Divers,2025,7,tt5843060
1142913,The Baby in the Basket,2025,7,tt26594761
1358210,Bait,2025,7,tt33365145
1365149,The Protos Experiment,2025,7,tt32409066
1381465,The Bitter Taste,2025,7,tt9711776
1404535,Sherlock Holmes: Mare of the Night,2025,7,tt21052558
1418280,The Ruck March,2025,7,tt33034049
1477476,Savage Flowers,2025,7,tt29817367
1583798,Merge,2025,7,tt38793708
1592985,Hag,2025,7,tt38704743
1595325,The Anacondas,2025,7,tt38043316
262972,Ingagi,1930,8,tt0164686
74631,The Hidden Hand,1942,8,tt0034850
126594,Man With Two Lives,1942,8,tt0035031
80532,The Ghost and the Guest,1943,8,tt0035938
43613,The Soul of a Monster,1944,8,tt0037301
290847,The Phantom Speaks,1945,8,tt0037984
259197,Castle Sinister,1948,8,tt0459083
116216,The Unknown Terror,1957,8,tt0051137
119207,The House in Marsh Road,1960,8,tt0053952
109097,Teen-Age Strangler,1964,8,tt0059786
262919,Catacombs,1964,8,tt0057926
85233,Sting of Death,1966,8,tt0059756
93888,The Black Cat,1966,8,tt0060171
88361,Seeds,1968,8,tt0235751
186351,Venom,1971,8,tt0067934
150014,Superbeast,1972,8,tt0069331
95008,Scream... and Die!,1973,8,tt0070655
81469,Fangs,1974,8,tt0130267
84375,Frozen Scream,1975,8,tt0173866
139198,The Spiral Staircase,1975,8,tt0073739
29964,Haunts,1976,8,tt0076127
89720,Kiss of the Tarantula,1976,8,tt0131449
92695,Manson Family Movies,1979,8,tt0183492
109742,Dr. Jekyll's Dungeon of Death,1979,8,tt0083849
167554,The Orphan,1979,8,tt0079677
43717,Monstroid,1980,8,tt0079573
167119,Nightkill,1980,8,tt0081232
84991,Lady Stay Dead,1981,8,tt0239548
27630,The Black Room,1982,8,tt0086971
69163,The Clairvoyant,1982,8,tt0087555
240490,The Scarecrow,1982,8,tt0084636
91609,BrainWaves,1983,8,tt0083690
171367,The Jar,1984,8,tt0130040
43686,Confessions of a Serial Killer,1985,8,tt0092776
124553,Interface,1985,8,tt0087476
40366,Lucker the Necrophagous,1986,8,tt0091446
132361,Evil in the Woods,1986,8,tt0091020
81465,Tales from the Quadead Zone,1987,8,tt0215234
85161,The Stay Awake,1987,8,tt0183817
88405,Deadly Daphne's Revenge,1987,8,tt0185266
131892,Lucifer,1987,8,tt0235555
366360,Hellbent,1988,8,tt0140137
120225,Crime of Crimes,1989,8,tt0150222
30773,Spirits,1990,8,tt0100672
150794,Demon Cop,1990,8,tt0229332
399004,Highway to Hell,1990,8,tt0102036
3209,No Telling,1991,8,tt0102545
137663,Bikini Island,1991,8,tt0101448
189387,Son of Darkness: To Die For II,1991,8,tt0102961
101720,Zipperface,1992,8,tt0105898
5763,The Mummy Lives,1993,8,tt0107618
27892,Dark Universe,1993,8,tt0106666
87517,Skeeter,1993,8,tt0108154
89319,Darkness,1993,8,tt0106669
144696,Invisible: The Chronicles of Benjamin Knight,1993,8,tt0110153
177901,Witchcraft V: Dance with the Devil,1993,8,tt0108578
133535,Aswang,1994,8,tt0111558
22583,Deadly Sins,1995,8,tt0112830
28351,Blonde Heaven,1995,8,tt0112525
29799,Project Shadowchaser III,1995,8,tt0114192
114540,Mutant Species,1995,8,tt0113881
301233,Terrified,1995,8,tt0111464
53967,Black Circle Boys,1997,8,tt0118730
3290,Lust for Frankenstein,1998,8,tt0175621
3350,Frankenstein Reborn!,1998,8,tt0174658
65456,The Atrocity Exhibition,1998,8,tt0197256
180886,Spooky Town,1999,8,tt0197765
24928,Nutbag,2000,8,tt0320187
60486,Fear Runs Silent,2000,8,tt0185307
27477,Thirteen Erotic Ghosts,2002,8,tt0329954
27529,Deadly Memories,2002,8,tt0283302
43084,Deadly Species,2002,8,tt0355364
172807,Reign in Darkness,2002,8,tt0351639
27532,Screaming Dead,2003,8,tt0367014
29230,The Ghouls,2003,8,tt0387254
39898,Torched,2003,8,tt0447710
108580,S.I.C.K. Serial Insane Clown Killer,2003,8,tt0367817
162336,Hatchetman,2003,8,tt0364396
202171,The Invitation,2003,8,tt0248110
273190,Bound Cargo,2003,8,tt0374333
30385,Chainsaw Sally,2004,8,tt0385592
31707,Curse of the Maya,2004,8,tt0452766
69117,Unseen Evil 2,2004,8,tt0431447
71076,Dream Warrior,2004,8,tt0322651
92814,Jesus Christ: Serial Rapist,2004,8,tt0438883
116603,The Great American Snuff Film,2004,8,tt0471726
28142,Glass Trap,2005,8,tt0416775
34733,Long Distance,2005,8,tt0425206
42667,Within the Woods,2005,8,tt0469227
84913,Pot Zombies,2005,8,tt0466392
133718,Stinger,2005,8,tt0431418
181965,The Brotherhood IV: the Complex,2005,8,tt0445236
10088,Sweet Insanity,2006,8,tt0439834
27174,The Redsin Tower,2006,8,tt0452675
27696,The Thirsting,2006,8,tt0765481
28935,An Erotic Werewolf in London,2006,8,tt0876109
34596,The Darkroom,2006,8,tt0466745
44499,The Graveyard,2006,8,tt0440441
54585,Night Feeders,2006,8,tt0760319
23327,Sarah Landon and the Paranormal Hour,2007,8,tt0990376
27285,Rise of the Dead,2007,8,tt1116047
28723,Diary of a Cannibal,2007,8,tt0826817
28958,Head Case,2007,8,tt0914805
29232,Methodic,2007,8,tt1067078
46171,Witches' Night,2007,8,tt0892117
49231,Afghan Knights,2007,8,tt0760157
76621,Southern Gothic,2007,8,tt0803075
105989,Zombies: The Beginning,2007,8,tt1043585
126938,Acts of Death,2007,8,tt0814100
15282,The Hide,2008,8,tt1305816
26240,Dying God,2008,8,tt1056467
27442,Senseless,2008,8,tt0795463
27941,Lockjaw: Rise of the Kulev Serpent,2008,8,tt1107397
52631,The Open Door,2008,8,tt1308660
59223,Deadlands 2: Trapped,2008,8,tt1103262
16160,Alive or Dead,2009,8,tt1224436
24877,For Sale By Owner,2009,8,tt1094296
30236,The Fear Chamber,2009,8,tt0999972
50638,Savage,2009,8,tt1345512
91409,Dismal,2009,8,tt1261415
108647,Bordello Death Tales,2009,8,tt1312230
119175,The Sky Has Fallen,2009,8,tt1316078
138858,Dire Wolf,2009,8,tt1265294
175944,Abduction,2009,8,tt1221932
220386,The Invisible Chronicles,2009,8,tt1270096
5489,Neowolf,2010,8,tt0847215
30510,As Night Falls,2010,8,tt1568802
34685,Cut,2010,8,tt1390403
39050,Meadowoods,2010,8,tt1616512
50604,Dark Woods,2010,8,tt1308754
51590,Assault of the Sasquatch,2010,8,tt1251368
64861,Thirst,2010,8,tt1101048
76400,Pig,2010,8,tt1637712
147851,Zomblies,2010,8,tt1667156
257861,Abandoned Souls,2010,8,tt1674058
140781,Daylight,2011,8,tt1254978
149148,Dead Inside,2011,8,tt1964630
168633,The Life Zone,2011,8,tt1786714
183347,Sister Mary,2011,8,tt1247693
207345,1313: Haunted Frat,2011,8,tt1698658
228550,Raymond Did It,2011,8,tt1716760
274172,The Backpacker,2011,8,tt1831776
322682,The Houses October Built,2011,8,tt4095942
99478,I Am Zozo,2012,8,tt2076223
115422,DeadTime,2012,8,tt1560479
117055,Carl,2012,8,tt2241069
141524,Inside the Whore,2012,8,tt1705790
165078,Legend of Hell,2012,8,tt1687878
193040,A Slasher House,2012,8,tt2375454
227871,Skull Forest,2012,8,tt2369305
273805,The Zombinator,2012,8,tt2332857
366042,Creeper,2012,8,tt2408566
212494,Don't Go to the Reunion,2013,8,tt2637580
214328,Slink,2013,8,tt2385211
222299,Self Storage,2013,8,tt2166500
230263,Sin Reaper,2013,8,tt2188885
231809,"Silent Night, Bloody Night : The Homecoming",2013,8,tt2210983
254732,Haunted,2013,8,tt2133234
287446,Copiii: The 1st Entry,2013,8,tt2606112
259668,Spirit in the Woods,2014,8,tt2942620
265240,Evil Never Dies,2014,8,tt1954930
281348,American Mummy,2014,8,tt1877890
282448,Hunting the Legend,2014,8,tt2623946
294083,Dead Girls,2014,8,tt3560546
299730,The Dead the Damned and the Darkness,2014,8,tt3449302
371332,Blood Redd,2014,8,tt1691924
416947,The Grotto,2014,8,tt2856578
308539,Axe to Grind,2015,8,tt1634275
310933,Bleeding Hearts,2015,8,tt2622294
324787,Little Red Riding Hood,2015,8,tt3591944
326551,Backtrack,2015,8,tt3121860
332278,"Devil's Backbone, Texas",2015,8,tt4328584
337342,Prom Ride,2015,8,tt3397992
340001,Truth,2015,8,tt3017234
350052,Bad Building,2015,8,tt2257216
356089,Camera Trap,2015,8,tt3067222
356555,I Am Alone,2015,8,tt2352722
360321,Nocturna,2015,8,tt4820296
386255,The Mildew from Planet Xonader,2015,8,tt5246928
450070,Whispers,2015,8,tt1986202
473962,The Duplex,2015,8,tt5466340
373194,Monday at 11:01 A.M.,2016,8,tt4328258
391208,The Break-In,2016,8,tt4921338
391962,Badlands of Kain,2016,8,tt3830574
398841,Blood Lust,2016,8,tt3184720
418327,Blood Is Blood,2016,8,tt3538666
418912,Terrortory,2016,8,tt4005510
419471,The Unbidden,2016,8,tt4154004
422514,Killjoy's Psycho Circus,2016,8,tt4933506
424649,Model for Murder: The Centerfold Killer,2016,8,tt5747412
425723,Lake Fear 2: The Swamp,2016,8,tt5515374
449883,Camp Blood 666,2016,8,tt6301140
457049,Crone Wood,2016,8,tt5261772
445245,Gas Light,2017,8,tt2378145
449461,Altar,2017,8,tt4763340
461562,Capps Crossing,2017,8,tt3148978
464753,Diane,2017,8,tt3021984
471950,Charlotte,2017,8,tt7631786
491488,Hitchhiker Massacre,2017,8,tt3249124
505496,Black Creek,2017,8,tt5940448
589173,Derelict,2017,8,tt6323870
391872,Child of Satan,2018,8,tt2268018
445732,Johnny Gruesome,2018,8,tt5936582
505860,The Outer Wild,2018,8,tt6958520
518228,Shanda's River,2018,8,tt5630030
527014,Alien Psychosis,2018,8,tt8327962
532640,The Tokoloshe,2018,8,tt8047262
550286,Don't Open Your Eyes,2018,8,tt2987806
555559,The Lost Footage of Leah Sullivan,2018,8,tt7391958
556452,The Necromancer,2018,8,tt7240478
570620,Cherokee Creek,2018,8,tt6231784
501495,Greenlight,2019,8,tt6798766
502805,Ladyworld,2019,8,tt3759912
513844,Holiday Hell,2019,8,tt7841536
574047,The Devil's Machine,2019,8,tt8339704
575314,Blood Bound,2019,8,tt4054008
607776,Clinton Road,2019,8,tt1604560
608512,Clown Motel: Spirits Arise,2019,8,tt6255230
610010,Killer Therapy,2019,8,tt9029572
612592,Dolls,2019,8,tt9436204
618620,Wicked Witches,2019,8,tt8983294
626576,Mayday,2019,8,tt6977470
627322,Tabernacle 101,2019,8,tt5265980
644730,Restricted Area,2019,8,tt7091162
700544,Cry for the Bad Man,2019,8,tt8110000
483219,Ouija: Blood Ritual,2020,8,tt7593344
695155,The Hill and the Hole,2020,8,tt8357336
706727,Choke,2020,8,tt11127256
740794,Redwood Massacre: Annihilation,2020,8,tt10473312
746135,The Last Exorcist,2020,8,tt7311330
759213,Captive,2020,8,tt8273104
768275,Deadlocked,2020,8,tt5258550
776506,The Blazing World,2021,8,tt11378876
794783,The Heiress,2021,8,tt8398928
798155,Like Dogs,2021,8,tt9864800
799982,Lair,2021,8,tt10342914
842169,Girl Next,2021,8,tt11423214
844775,Hatched,2021,8,tt11217094
852636,The Devil's Tail,2021,8,tt14858146
878508,While We Sleep,2021,8,tt10539172
928116,You Might Get Lost,2021,8,tt13678976
715370,Burial,2022,8,tt13063384
768447,Motherly,2022,8,tt11464730
796353,Those Who Walk Away,2022,8,tt12292206
856639,The Curse of La Patasola,2022,8,tt12790908
895814,Deadware,2022,8,tt15225976
916735,Mid-Century,2022,8,tt6821198
929562,In the Forest,2022,8,tt13924926
964856,Where the Scary Things Are,2022,8,tt12684068
974187,The Summoned,2022,8,tt12998016
996581,Raven's Hollow,2022,8,tt15245390
874891,The Family,2023,8,tt13238670
955686,Livescreamers,2023,8,tt17524834
978158,Hell Nurse,2023,8,tt7950484
981006,Heir of the Witch,2023,8,tt11608126
981348,Sky Monster,2023,8,tt15204842
1072928,Waking Karma,2023,8,tt15793076
1084176,Demonic Toys: Jack-Attack,2023,8,tt26315810
1084750,The Astral Woods,2023,8,tt22042302
1092365,A Southern Haunting,2023,8,tt11299722
1121615,Casting Kill,2023,8,tt13053618
1128187,The Beehive,2023,8,tt14687716
1157981,The Devil's Left Hand,2023,8,tt26491631
1180763,From the Shadows,2023,8,tt14208454
1193659,Die'ced,2023,8,tt26690602
1556300,True American Horror,2023,8,tt29574920
1100950,The Black Mass,2024,8,tt26628567
1219348,They Turned Us into Killers,2024,8,tt12246076
1236418,Looky-Loo,2024,8,tt27227397
1242590,Nyctophobia,2024,8,tt21241462
1242744,The Stickman's Hollow,2024,8,tt31013268
1318966,Night Talkers,2024,8,tt22852578
1336636,The Apocalypse Box,2024,8,tt23639088
1361740,Replicator,2024,8,tt27040794
1128619,Garden of Eden,2025,8,tt27796928
1241726,Candlewood,2025,8,tt14868932
1312228,In Our Blood,2025,8,tt32647448
1318933,Chain Reactions,2025,8,tt33029845
1448065,Don’t Peek,2025,8,tt34767816
1466747,Portal in the Pines,2025,8,tt29712033
1481331,Nahual,2025,8,tt32293642
1531940,Dark Cuts: A Thriller Anthology,2025,8,tt37835241
1568056,Mirror Life,2025,8,tt21034738
190089,The Unholy Night,1929,9,tt0020534
29499,Murder by the Clock,1931,9,tt0022173
156420,The Crooked Circle,1932,9,tt0022788
126451,The Crimes of Stephen Hawke,1936,9,tt0027481
242358,The Mystery of Marie Roget,1942,9,tt0035107
37463,Phantom of the Rue Morgue,1954,9,tt0047348
72313,Gorilla at Large,1954,9,tt0047041
52202,Giant from the Unknown,1958,9,tt0051654
125686,Devil's Partner,1961,9,tt0051536
80676,Olga's Girls,1964,9,tt0058427
104921,The Embalmer,1965,9,tt0060716
63015,The Ultimate Degenerate,1969,9,tt0065145
114584,Torture Dungeon,1970,9,tt0066475
79576,Crucible of Terror,1971,9,tt0066958
104304,Sometimes Aunt Martha Does Dreadful Things,1971,9,tt0179471
87464,"Piranha, Piranha",1972,9,tt0069091
91066,Invasion of the Blood Farmers,1972,9,tt0068746
376258,One Minute Before Death,1972,9,tt23147084
37130,Impulse,1974,9,tt0071654
105902,Craze,1974,9,tt0069924
5730,Inn of the Damned,1975,9,tt0071661
86939,The Brain Machine,1977,9,tt0075781
119170,Meatcleaver Massacre,1977,9,tt0076380
35664,The Alpha Incident,1978,9,tt0075662
89397,Plague,1979,9,tt0078088
156310,Wolfman,1979,9,tt0141996
90338,Fiend,1980,9,tt0080730
143777,The Killings at Outpost Zeta,1980,9,tt0168922
83818,Night of Horror,1981,9,tt0202496
147641,Alison's Birthday,1981,9,tt0078751
89381,Runaway Nightmare,1982,9,tt0245400
125138,Satan's Mistress,1982,9,tt0083031
27663,The Power,1984,9,tt0081366
28867,What Waits Below,1984,9,tt0088392
114604,The Game,1984,9,tt0235406
110175,Twisted,1986,9,tt0092122
27611,Deranged,1987,9,tt0092872
116605,The Newlydeads,1987,9,tt0093614
64768,Video Violence 2,1988,9,tt0237894
83821,Trapped Alive,1988,9,tt0143952
103607,Lone Wolf,1988,9,tt0095539
124114,Party Line,1988,9,tt0095825
138988,Bloody Wednesday,1988,9,tt0088828
29597,Mutator,1989,9,tt0102489
30522,Masque of the Red Death,1989,9,tt0097844
85176,Moonstalker,1989,9,tt0240736
338730,Mind Games,1989,9,tt0097885
30567,Ghoul School,1990,9,tt0099657
83717,Bloodmoon,1990,9,tt0096954
145951,Disturbed,1990,9,tt0099441
291110,Fatal Exam,1990,9,tt0156529
94436,Curse III: Blood Sacrifice,1991,9,tt0101636
131974,Revenge of Billy the Kid,1992,9,tt0102783
135060,The Turn of the Screw,1992,9,tt0105659
203021,Witchcraft IV: The Virgin Heart,1992,9,tt0105827
30753,Night Owl,1993,9,tt0107681
201252,Return of the Boogeyman,1994,9,tt0162889
58965,Huntress: Spirit of the Night,1995,9,tt0113361
84901,Frostbiter: Wrath of the Wendigo,1995,9,tt0116371
104772,Dangerous Seductress,1995,9,tt0272063
107343,Serpent's Lair,1995,9,tt0114394
59309,Habitat,1997,9,tt0119243
122408,Buttcrack,1998,9,tt0191019
47286,Cool Air,1999,9,tt0200546
86685,The Item,1999,9,tt0181602
97544,Carnivore,2000,9,tt0251005
27535,Witchouse III: Demon Fire,2001,9,tt0289626
35951,Dark Asylum,2001,9,tt0224626
27710,Bleed,2002,9,tt0329334
27733,Death Factory,2002,9,tt0325228
28040,Hell's Highway,2002,9,tt0301393
43086,Dead Above Ground,2002,9,tt0284045
55018,Crazy As Hell,2002,9,tt0285487
64929,Nightstalker,2002,9,tt0342835
97889,The Greenskeeper,2002,9,tt0311231
44493,Horror,2003,9,tt0304166
65143,Enter... Zombie King!,2003,9,tt0376355
10113,Fear Of Clowns,2004,9,tt0362636
49209,Dead Doll,2004,9,tt0433969
131123,Guardian of the Realm,2004,9,tt0361679
61238,Witches of Breastwick 2,2005,9,tt1175522
72754,Decadent Evil,2005,9,tt0452609
109399,Headhunter,2005,9,tt0437217
9949,Haunted Highway,2006,9,tt0451033
24716,Horrors of War,2006,9,tt0439615
24947,Twisted Sisters,2006,9,tt0439569
27672,Dorm of the Dead,2006,9,tt0800011
52086,Wide Awake,2006,9,tt0492502
64771,Mustang Sally's Horror House,2006,9,tt0451134
71690,Beyond the Wall of Sleep,2006,9,tt0279688
98906,Satan's Playground,2006,9,tt0331334
200953,Dark Fields,2006,9,tt0889181
257206,Time of Her Life,2006,9,tt0465643
21343,Reverb,2007,9,tt0772197
24605,Curse of Alcatraz,2007,9,tt0834904
41547,Nobody,2007,9,tt1068774
57085,Artifacts,2007,9,tt1219820
294976,Ouija,2007,9,tt0989851
16207,Dark Honeymoon,2008,9,tt0783501
21841,June 9,2008,9,tt0933876
26208,Credo,2008,9,tt0854670
27527,Blood & Sex Nightmare,2008,9,tt1237863
28939,Army of the Dead,2008,9,tt0478855
56306,Mindflesh,2008,9,tt0964529
82680,A Darker Reality,2008,9,tt1137448
25086,Second Coming,2009,9,tt0932672
33926,Hellbinders,2009,9,tt1339307
61233,Dark Fields,2009,9,tt1212023
61706,Interplanetary,2009,9,tt1355575
65348,Dawning,2009,9,tt1530660
73489,30 Days to Die,2009,9,tt1015987
88604,Maskhead,2009,9,tt1522157
290767,Hunting Buddies,2009,9,tt1520932
42942,Closed for the Season,2010,9,tt1298643
47654,Circle,2010,9,tt1129412
58250,The Bucks County Massacre,2010,9,tt1844635
66795,Infection: The Invasion Begins,2010,9,tt1386583
80837,Dead Genesis,2010,9,tt1650516
89369,Ashes,2010,9,tt1674769
166736,Eyes in the Dark,2010,9,tt1561479
71112,The Tenant,2011,9,tt1258998
84585,1313: Actor Slash Model,2011,9,tt1838433
100274,Comforting Skin,2011,9,tt1930308
133953,Snow Shark: Ancient Snow Beast,2011,9,tt1841840
192483,1313: Giant Killer Bees!,2011,9,tt2165529
207356,1313: Boy Crazies,2011,9,tt1838434
220854,Zombie Warz: Falls the Shadow,2011,9,tt1883184
288250,Sinister,2011,9,tt1841835
290732,VIViD,2011,9,tt1735233
120772,1313: Night of the Widow,2012,9,tt2271135
122544,The Perfect House,2012,9,tt1571247
124873,The Reverend,2012,9,tt1073240
134885,Deer Crossing,2012,9,tt1964634
135973,Pennhurst,2012,9,tt1720189
149234,War of the Worlds the True Story,2012,9,tt2507628
158962,The Caretaker,2012,9,tt2140499
186359,The Inside,2012,9,tt1612083
192415,The Sacred,2012,9,tt1852947
193714,Slice and Dice: The Slasher Film Forever,2012,9,tt1956630
208225,Lost Lake,2012,9,tt1890455
278771,Infliction,2012,9,tt2505856
203039,Snake Club: Revenge of the Snake Woman,2013,9,tt2331073
229375,Pretty Dead,2013,9,tt2069887
248426,Babysitter Massacre,2013,9,tt2585548
250792,Bloodline,2013,9,tt1650041
270643,Love of My Life,2013,9,tt2246831
298967,Die Die Delta Pi,2013,9,tt3144022
314915,In a Heartbeat,2013,9,tt2622988
380372,Seventy-Nine,2013,9,tt2625948
390249,Bunni,2013,9,tt3323588
250184,Locker 13,2014,9,tt1241226
255674,The Visitant,2014,9,tt2276258
281932,ErOddity(s),2014,9,tt3528852
292636,A Cry from Within,2014,9,tt2606614
293536,Werewolf Rising,2014,9,tt3361186
294334,House of the Witchdoctor,2014,9,tt2786780
299359,The Cabining,2014,9,tt2376440
330993,Disciples,2014,9,tt2006719
320065,The Quarantine Hauntings,2015,9,tt2567220
347851,The Shelter,2015,9,tt3400058
350616,The Divine Tragedies,2015,9,tt3575258
353599,The Lake on Clinton Road,2015,9,tt2662764
362216,Collective: Unconscious,2016,9,tt4876302
371804,The Unkindness of Ravens,2016,9,tt5127192
391561,Exit 14,2016,9,tt4202970
403264,Accidental Exorcist,2016,9,tt4834150
408387,Crow,2016,9,tt4114630
417180,Vacant House,2016,9,tt1523575
418389,Plank Face,2016,9,tt5839426
419371,Abbey Grace,2016,9,tt4241824
427966,Camp Blood 5,2016,9,tt5562100
429813,Hotel of the Damned,2016,9,tt4082482
430993,Fox Trap,2016,9,tt3949996
447704,The Evangelist,2016,9,tt4313982
459471,Anomaly,2016,9,tt5457222
440594,HeXing,2017,9,tt6396104
447315,Ascent to Hell,2017,9,tt2805676
455689,Ghost Note,2017,9,tt5109302
456824,House of Evil,2017,9,tt6182054
476131,Bonehill Road,2017,9,tt7127700
483068,10/31,2017,9,tt6235650
483545,Party Night,2017,9,tt5322136
484953,Fall of Grace,2017,9,tt5839116
392407,A Place in Hell,2018,9,tt3418064
506986,Survive The Hollow Shoals,2018,9,tt8021048
507498,Seeds,2018,9,tt3895908
509594,The Crossbreed,2018,9,tt6205996
516604,Hell Trip,2018,9,tt5328602
526510,Night Zero,2018,9,tt7169100
537542,The Incantation,2018,9,tt5361596
548162,[Cargo],2018,9,tt6068554
559994,Watch If You Dare,2018,9,tt8041922
561504,Invoking 5,2018,9,tt8671462
608444,End Trip,2018,9,tt6450662
433989,7 Deadly Sins,2019,9,tt5478746
582302,Pull,2019,9,tt3619972
594314,Blood Myth,2019,9,tt7158904
635737,Devil's Revenge,2019,9,tt9469842
680985,Soul Reaper,2019,9,tt9677100
553357,Archons,2020,9,tt5790218
681195,Shifter,2020,9,tt11685574
690558,Dead by Dawn,2020,9,tt8150698
709519,Bleed with Me,2020,9,tt13188312
711975,Don't Click,2020,9,tt10234450
721927,Wrath Of Souls,2020,9,tt7209472
725495,Day 13,2020,9,tt6829368
743032,Conjuring the Devil,2020,9,tt7904362
744273,Quarantine Girl,2020,9,tt12283738
751254,Dark October,2020,9,tt13198458
754325,The Retreat,2020,9,tt12198524
760871,Demigod,2021,9,tt12058582
802610,Sharks of the Corn,2021,9,tt13862974
843324,Let's Dream,2021,9,tt13274918
879329,Lantern's Lane,2021,9,tt11880264
744746,Caveat,2022,9,tt7917178
861069,Take Back the Night,2022,9,tt6666354
926255,Incarnation,2022,9,tt13157970
848723,Evie,2023,9,tt13540744
857570,Landfill,2023,9,tt6499392
858747,Blood Harvest,2023,9,tt15169036
1086321,The Innsmouth School for Girls,2023,9,tt26315255
1092806,Bibi,2023,9,tt14164156
1173580,Spider,2023,9,tt27426096
1182286,Beneath Us All,2023,9,tt11027288
1186013,The Drowned,2023,9,tt21289618
1210035,You're All Gonna Die,2023,9,tt7272192
1214795,Angel Baby,2023,9,tt14791896
1292662,Slaughterhouse On The Hill,2024,9,tt31323350
1295166,The Exorcism of Saint Patrick,2024,9,tt22051596
1303113,Mummy Shark,2024,9,tt32525522
1319651,The Lady of the Lake,2024,9,tt13782340
1359482,Butchers Book Three: Bonesaw,2024,9,tt33499541
1081088,Protein,2025,9,tt15458812
1115985,I'll Play Mother,2025,9,tt17663238
1127839,Raptus,2025,9,tt23744832
1323798,Leprechaun: The Beginning,2025,9,tt32658505
1367763,Lilly Lives Alone,2025,9,tt22169494
1414749,Manor of Darkness,2025,9,tt17640342
1443832,Livestream,2025,9,tt32221549
1460265,Crazy Texas,2025,9,tt30587102
41027,House of Mystery,1934,10,tt0025271
28362,Torture Ship,1939,10,tt0032047
85226,The Mysterious Doctor,1943,10,tt0036187
122211,Woman Who Came Back,1945,10,tt0038258
86901,The Face of Marble,1946,10,tt0038514
101013,The Catman of Paris,1946,10,tt0038402
263554,The Creeper,1948,10,tt0040254
28659,Cat Girl,1957,10,tt0050235
92809,The Dead Talk Back,1957,10,tt0106682
34089,The Hand,1960,10,tt0053890
111015,The Devil's Messenger,1961,10,tt0054807
37522,The Dungeon of Harrow,1962,10,tt0042423
29118,Psycho a Go-Go,1965,10,tt0134915
115128,Creature of the Walking Dead,1965,10,tt0407696
29390,Let's Kill Uncle,1966,10,tt0060626
30935,She Freak,1967,10,tt0062259
54942,Night of the Cobra Woman,1972,10,tt0069004
29547,Massage Parlor Murders,1973,10,tt0495861
83875,Doctor Death: Seeker of Souls,1973,10,tt0070001
86278,Night of Fear,1973,10,tt0130905
86742,Beyond Atlantis,1973,10,tt0069783
28146,Barn of the Naked Dead,1974,10,tt0070445
227603,A Knife for the Ladies,1974,10,tt0071722
97559,Mako: The Jaws of Death,1976,10,tt0074845
65272,The Shadow of Chikara,1977,10,tt0078240
29423,"Die Sister, Die!",1978,10,tt0068485
72444,Human Experiments,1979,10,tt0080902
85194,Deadly Games,1982,10,tt0083803
104729,Midnight,1982,10,tt0082744
85145,Shadows Run Black,1984,10,tt0091932
85567,Igor and the Lunatics,1985,10,tt0089326
106621,The Abomination,1986,10,tt0090582
29603,Moon in Scorpio,1987,10,tt0093563
58238,Forever Evil,1987,10,tt0093041
27664,The Phantom Empire,1988,10,tt0091752
27729,Rejuvenatrix,1988,10,tt0095971
83283,Iced,1988,10,tt0095350
26943,Alien Seed,1989,10,tt0096784
91172,Freakshow,1989,10,tt0235393
102013,Witch Story,1989,10,tt0098397
108877,Darkroom,1989,10,tt0099366
109086,Cold Light of Day,1989,10,tt0356476
89940,Whispers,1990,10,tt0100926
28266,Scream Queen Hot Tub Party,1991,10,tt0102862
41385,Final Approach,1991,10,tt0101874
222357,Dracula Rising,1993,10,tt0106767
322505,Night Trap,1993,10,tt0107684
60632,The Unborn II,1994,10,tt0111547
92707,"Mirror, Mirror III: The Voyeur",1995,10,tt0199772
128145,The Maddening,1996,10,tt0113732
60009,The Shadow Men,1997,10,tt0127276
116641,Psycho Sisters,1998,10,tt0134914
131358,Sex Files: Alien Erotica,1998,10,tt0208676
30440,Ancient Evil: Scream of the Mummy,1999,10,tt0231138
109466,Urban Menace,1999,10,tt0196181
111074,The Fear: Resurrection,1999,10,tt0184463
134136,Totem,1999,10,tt0211050
79080,Presence of Mind,2000,10,tt0211577
27713,Hell Asylum,2002,10,tt0294852
29958,Snake Island,2002,10,tt0320483
69437,Infested,2002,10,tt0287497
69059,Shark Zone,2003,10,tt0339236
21536,Starkweather,2004,10,tt0404456
27675,Blood Gnome,2004,10,tt0330068
35953,In the Land of the Cannibals,2004,10,tt0420728
13566,The Slaughterhouse Massacre,2005,10,tt0447448
26439,Insecticidal,2005,10,tt0451085
187276,In Memorium,2005,10,tt0491777
207729,Shapeshifter,2005,10,tt0473393
28744,Satanic,2006,10,tt0478135
39869,Joshua,2006,10,tt0491000
45551,Surveillance,2006,10,tt0473398
58796,Canes,2006,10,tt0480516
68301,A Bothered Conscience,2006,10,tt0946984
69942,The Shadow Walkers,2006,10,tt0466978
87280,Mad Cowgirl,2006,10,tt0438204
17469,The Cradle,2007,10,tt0871020
22822,ReVamped,2007,10,tt0918558
27555,Barricade,2007,10,tt0834896
28161,Rapturious,2007,10,tt0482577
29798,Dead Man's Hand,2007,10,tt0864331
32009,Dead Wood,2007,10,tt1043791
44385,Werewolf: The Devil's Hound,2007,10,tt1068958
46452,666: The Beast,2007,10,tt1104679
89632,The House On Hooter Hill,2007,10,tt1123386
295441,Fear Of Clowns 2,2007,10,tt0816496
356677,Just Desserts: The Making of 'Creepshow',2007,10,tt1141261
20880,Midnight Chronicles,2008,10,tt1079372
60965,The Legend of Bloody Mary,2008,10,tt1190074
86599,The Wild Man of the Navidad,2008,10,tt0829442
141063,Skeleton Key 2: 667 Neighbor of the Beast,2008,10,tt1264111
197497,Kandisha,2008,10,tt1033483
25870,Machined Reborn,2009,10,tt1486799
54753,Maneater,2009,10,tt1264098
56560,Slave,2009,10,tt1436463
65322,Sensored,2009,10,tt1204966
71902,Temptation,2009,10,tt1223416
39322,Dark Nature,2010,10,tt1285216
58623,Pickman's Muse,2010,10,tt1488032
77594,Dead West,2010,10,tt1648062
123389,Mr. Hush,2010,10,tt1640220
327674,The Invited,2010,10,tt0490236
77586,The Hagstone Demon,2011,10,tt1339098
82018,Darkening Sky,2011,10,tt1502402
116319,Rift,2011,10,tt0875613
118332,Total Retribution,2011,10,tt2175184
217665,Savages Crossing,2011,10,tt1353810
82056,Collapse,2012,10,tt1524114
84565,1313: Cougar Cult,2012,10,tt2024351
216203,Pieces of Talent,2012,10,tt2098781
287601,House on the Hill,2012,10,tt2513864
107020,Huff,2013,10,tt2128679
166343,Alpha Girls,2013,10,tt2178927
179070,X - He's Always Watching,2013,10,tt2811690
187291,Devils of War,2013,10,tt2675318
211914,Unlucky Charms,2013,10,tt3072668
220514,HazMat,2013,10,tt2821832
225671,Amy,2013,10,tt3007924
356482,Murder in the Dark,2013,10,tt1680102
403214,Milwood,2013,10,tt2181778
215976,Reminiscence,2014,10,tt3036548
252190,American Weapon,2014,10,tt1373403
256511,Cut!,2014,10,tt2179007
260602,Tom Holland's Twisted Tales,2014,10,tt3607814
261273,Toxin,2014,10,tt2118009
279998,Altergeist,2014,10,tt1985196
286371,Feed the Gods,2014,10,tt3138024
290224,Hellmouth,2014,10,tt2596476
343907,Rebound,2014,10,tt2837194
392051,The Damned Thing,2014,10,tt3748076
417707,The Laughing Mask,2014,10,tt2566016
323270,The Horror Network Vol. 1,2015,10,tt3034146
324930,Proof of the Devil,2015,10,tt3867396
332624,Unhallowed Ground,2015,10,tt4198034
350751,Amityville Death House,2015,10,tt4471212
366232,ErOddity(s) 2,2015,10,tt4666748
367284,Sicilian Vampire,2015,10,tt4693464
370664,Abandoned Dead,2015,10,tt3869392
384216,The Purging Hour,2015,10,tt4953610
396104,The Hospital 2,2015,10,tt3718824
408699,The Purgation,2015,10,tt3593626
716786,Residue,2015,10,tt3328442
383145,HoneyBee,2016,10,tt4454930
404086,Lair of the Beast,2016,10,tt2306786
404582,Demon Tongue,2016,10,tt3771510
411805,Walking Dead In The West,2016,10,tt2888068
459170,The Jurassic Dead,2017,10,tt5303106
459210,The Mothman of Point Pleasant,2017,10,tt6417144
461496,In Extremis,2017,10,tt4081012
467306,Playing with Dolls: Havoc,2017,10,tt6723494
480700,The 13th Friday,2017,10,tt5994894
488115,It Kills: Camp Blood 7,2017,10,tt7546024
491459,The Doll,2017,10,tt5176832
492384,Devil's Trail,2017,10,tt7741530
522703,Night Howl,2017,10,tt7583968
449454,E-Demon,2018,10,tt7933282
543126,It Lives Inside,2018,10,tt8912318
554766,Hellmington,2018,10,tt5859352
566879,The Ghost Beyond,2018,10,tt6250792
574856,Wretch,2018,10,tt7221072
577549,Real Cases of Shadow People: The Sarah McCormick Story,2019,10,tt7200076
597900,High Moon,2019,10,tt5351576
606966,#FollowMe,2019,10,tt7272948
626743,Blind,2019,10,tt10504904
651696,Ballet Blanc,2019,10,tt8184104
660838,Welcome to the Circle,2020,10,tt3918800
671903,The Sinners,2020,10,tt7171054
736818,Await the Dawn,2020,10,tt9551424
834347,Wired Shut,2021,10,tt9728962
881460,Planet Dune,2021,10,tt15331462
811061,So Cold the River,2022,10,tt2184390
852696,Immanence,2022,10,tt11626108
933908,Night's End,2022,10,tt14870640
849422,Fire Island,2023,10,tt14074936
950489,Quid Games,2023,10,tt18716808
993164,Anthropophagus II,2023,10,tt13757762
1053914,That's a Wrap,2023,10,tt21331208
1122519,Tell Me a Creepy Story,2023,10,tt26470099
1130571,Aged,2023,10,tt17044020
1063829,Hauntology,2024,10,tt11790352
1196980,The Lonely Man with the Ghost Machine,2024,10,tt29544000
1202859,The Girl in the Trunk,2024,10,tt14026644
1232062,The Ceremony Is About to Begin,2024,10,tt22042436
1245934,Séance Games: Metaxu,2024,10,tt22873516
1258195,Cocaine Werewolf,2024,10,tt31448377
1305928,The Cult,2024,10,tt16408474
1309344,Effigy,2024,10,tt32535102
1316673,Shark Girl,2024,10,tt30700957
1323979,Devon,2024,10,tt33038839
1365953,Do Not Open,2024,10,tt12539228
1452289,The Last Cabin,2025,10,tt35315863
177232,The Crime of Doctor Crespi,1935,11,tt0027479
225549,The Cat Creeps,1946,11,tt0038401
38261,Voodoo Woman,1957,11,tt0051174
44586,She Demons,1958,11,tt0052187
146852,The Brain,1962,11,tt0056601
337998,The Nest of the Cuckoo Birds,1965,11,tt0361953
105101,Night Fright,1967,11,tt0062036
84360,The Ghastly Ones,1968,11,tt0064369
29210,Savage Intruder,1970,11,tt0063552
87472,Cauldron of Blood,1970,11,tt0061494
88374,Bloodthirsty Butchers,1970,11,tt0065480
107121,Bizarre,1970,11,tt0066349
78250,Blood Shack,1971,11,tt0066846
87552,Carnival of Blood,1971,11,tt0066893
89115,The Headless Eyes,1971,11,tt0067192
89146,Angels' Wild Women,1972,11,tt0068211
92320,Garden of the Dead,1972,11,tt0068621
39882,Schoolgirls in Chains,1973,11,tt0197857
112661,Blood,1973,11,tt0071232
160910,Voices,1973,11,tt0070888
29399,Shanks,1974,11,tt0072149
49222,The Thirsty Dead,1974,11,tt0073801
43753,Creature from Black Lake,1976,11,tt0074356
113337,The Astral Factor,1976,11,tt0087479
73354,Phobia,1980,11,tt0081334
126487,Island Claws,1980,11,tt0080933
85197,Honeymoon Horror,1982,11,tt0126948
80965,Blind Date,1984,11,tt0086978
214629,Sleepwalker,1984,11,tt1003059
48312,The Supernaturals,1986,11,tt0092030
83155,Truth or Dare?: A Critical Madness,1986,11,tt0092118
85136,Dreamaniac,1986,11,tt0124442
28338,Evil Spawn,1987,11,tt0092992
63381,Nightflyers,1987,11,tt0093626
85150,Blood Frenzy,1987,11,tt0092670
85154,Lady Beware,1987,11,tt0093379
86269,Mutant Hunt,1987,11,tt0093586
200639,Evil Town,1987,11,tt0071560
27481,Dance of the Damned,1988,11,tt0094942
28800,Transformations,1988,11,tt0094632
85162,Deadly Dreams,1988,11,tt0094969
110976,Necromancer,1988,11,tt0095716
83285,Beyond Dream's Door,1989,11,tt0096919
193611,The Laughing Dead,1989,11,tt0097718
42549,Night Angel,1990,11,tt0100247
123313,Campfire Tales,1991,11,tt0101538
137707,The Dark,1993,11,tt0109551
182499,The Neighbor,1993,11,tt0107666
91605,Future Shock,1994,11,tt0106983
92706,Mirror Mirror 2: Raven Dance,1994,11,tt0110530
95514,Boy Meets Girl,1994,11,tt0109324
100557,Watchers Reborn,1998,11,tt0129568
45511,Teacher's Pet,2000,11,tt0217086
72244,Voodoo Academy,2000,11,tt0232908
97790,Prison of the Dead,2000,11,tt0274738
137749,They Crawl,2001,11,tt0299712
10702,Ascension,2002,11,tt0297745
34959,.com for Murder,2002,11,tt0278259
75454,Groom Lake,2002,11,tt0270393
27728,Red Riding Hood,2003,11,tt0388365
60490,Dorian,2003,11,tt0258534
102758,Zombie Night,2003,11,tt0462069
20669,Death Valley: The Revenge of Bloody Bill,2004,11,tt0403885
27267,Evil Eyes,2004,11,tt0404031
31255,Dark Harvest II: The Maize,2004,11,tt0451109
21704,Sam's Lake,2005,11,tt0423116
28725,B.T.K. Killer,2005,11,tt0472047
36155,Mexican Werewolf in Texas,2005,11,tt0756689
54963,Jolly Roger: Massacre at Cutter's Cove,2005,11,tt0452636
68270,Scarred,2005,11,tt0491137
18397,Fall Down Dead,2007,11,tt0834539
52685,Chill,2007,11,tt0862892
60398,Somebody Help Me,2007,11,tt0499573
60483,A Brush With Death,2007,11,tt0976095
13276,Deadwater,2008,11,tt0914364
28727,Dungeon Girl,2008,11,tt1173486
36594,The Devil's Mercy,2008,11,tt1127215
43587,Uninvited,2008,11,tt0942904
267794,Psycho Sleepover,2008,11,tt1297456
27234,A Siren in the Dark,2009,11,tt1361332
27389,Hanger,2009,11,tt1391469
32367,Crushed,2009,11,tt1192621
35730,Amateur Porn Star Killer 3: The Final Chapter,2009,11,tt1316577
50636,Damned by Dawn,2009,11,tt1442492
80570,Family Demons,2009,11,tt1378238
113917,The Brotherhood V: Alumni,2009,11,tt1283540
381961,The Figurine: Araromire,2009,11,tt1542960
27807,The Dead Matter,2010,11,tt1055363
34104,The Cursed,2010,11,tt1016090
72695,Necronos: Tower of Doom,2010,11,tt1605751
95481,Easter Bunny Bloodbath,2010,11,tt1753750
77127,The Tapes,2011,11,tt1647479
85133,Zombie Apocalypse: Redemption,2011,11,tt1715362
118988,Paranormal Incident,2011,11,tt2095742
130802,A Night in the Woods,2011,11,tt1718714
155706,The Speak,2011,11,tt1656197
170792,I Am Nancy,2011,11,tt1536421
231384,The Family,2011,11,tt1728973
247873,Cheerleader Massacre 2,2011,11,tt1353012
136801,Back from Hell,2012,11,tt2078613
149233,Saint Dracula,2012,11,tt2184267
224301,Roadside Massacre,2012,11,tt2345695
207271,Army of the Damned,2013,11,tt2570436
207773,The Demon's Rook,2013,11,tt2401215
207782,Daylight,2013,11,tt2362036
214493,Isis Rising: Curse of the Lady Mummy,2013,11,tt2441232
220512,Mortal Remains,2013,11,tt2188831
225898,Exit to Hell,2013,11,tt1409798
229526,Killer Holiday,2013,11,tt1982735
255298,Rabid Love,2013,11,tt2325014
273856,Cruel Will,2013,11,tt1870543
291533,Wasteland,2013,11,tt2352892
309193,Rockabilly Zombie Weekend,2013,11,tt2279241
260536,666: Kreepy Kerry,2014,11,tt3378000
279817,Of Silence,2014,11,tt1405413
295254,11:23 - 09:59 (About Fear),2014,11,tt3985628
297269,How to Save Us,2014,11,tt3466248
298156,The Door,2014,11,tt3765746
305615,Interior,2014,11,tt3432286
316951,Beautiful People,2014,11,tt3171784
325827,Dead Still,2014,11,tt2882854
330215,Exile,2014,11,tt2972982
267853,She Who Must Burn,2015,11,tt3589016
345913,The Cutting Room,2015,11,tt3772918
345950,Dracula Reborn,2015,11,tt4767884
349110,Sorority Slaughterhouse,2015,11,tt4316846
370690,Cord,2015,11,tt4429588
372463,Don't Look in the Basement 2,2015,11,tt3523852
374618,Scrawl,2015,11,tt2501366
406582,Delirium,2015,11,tt2322415
457402,The Book of Fire,2015,11,tt2825240
366617,Blood Hunt,2016,11,tt2901896
398765,Monsterland,2016,11,tt5703038
424588,Moth,2016,11,tt4482572
437600,Gorenos,2016,11,tt5087548
365038,Del Playa,2017,11,tt4207196
440020,Lycan,2017,11,tt4031126
441926,Carnivore: Werewolf of London,2017,11,tt5715234
450968,Holy Terror,2017,11,tt5924114
459181,The Kaos Brief,2017,11,tt5575258
461963,Land Shark,2017,11,tt6492158
467377,Crazy Lake,2017,11,tt4424292
477113,Blood Honey,2017,11,tt1380151
500203,Inheritance,2017,11,tt5580602
563549,Murder In The Woods,2017,11,tt6083146
422047,The Dwarves of Demrel,2018,11,tt4836580
430912,Escape from Cannibal Farm,2018,11,tt5822712
447383,Don't Look,2018,11,tt3070506
497269,Bad Apples,2018,11,tt7091300
506068,Living Space,2018,11,tt5887650
511827,Killer Unicorn,2018,11,tt6423998
512701,Ghost of Camp Blood,2018,11,tt8074328
531101,Darkness Reigns,2018,11,tt4520518
551735,Terrortory 2,2018,11,tt6802950
561859,Alien Overlords,2018,11,tt8583930
569367,Night Shift,2018,11,tt6688304
610261,The Curse of Lilith Ratchet,2018,11,tt7358686
532656,Perfect Skin,2019,11,tt6301784
549773,Wolf,2019,11,tt8152324
572426,Cleavers: Killer Clowns,2019,11,tt9006968
577489,Char Man,2019,11,tt7954694
601510,Possession Diaries,2019,11,tt6408924
614202,Stalked,2019,11,tt10486170
628468,The Utah Cabin Murders,2019,11,tt8585940
633159,Art of the Dead,2019,11,tt7612032
633907,Loon Lake,2019,11,tt7857076
515466,Tar,2020,11,tt4351684
550678,I Am Fear,2020,11,tt1369571
619447,The Unborn,2020,11,tt10423074
643791,An English Haunting,2020,11,tt9612368
663706,Cupid,2020,11,tt10817348
669770,Broil,2020,11,tt8997712
744013,Don't Look Back,2020,11,tt10418846
525989,A Dark Foe,2021,11,tt8433210
753926,Toys of Terror,2021,11,tt13316062
754218,C.A.M.,2021,11,tt3121212
800748,The Stairs,2021,11,tt10083174
822618,Eye Without a Face,2021,11,tt9543092
835292,Blackstock Boneyard,2021,11,tt5184138
848067,The Blackout Experiment,2021,11,tt3659284
846778,Margaux,2022,11,tt14967618
931346,Who Invited Them,2022,11,tt17677178
645516,Bite Night,2023,11,tt8059010
723393,In Dreams,2023,11,tt18952404
936002,Doctor Jekyll,2023,11,tt12637946
980382,Bloodthirst,2023,11,tt11430948
1018219,The Pumpkin Man,2023,11,tt21239752
1112171,Cocaine Cougar,2023,11,tt27115110
1131444,Devilreaux,2023,11,tt8010548
1140866,Captive,2023,11,tt11584674
1190025,Dante's Hotel,2023,11,tt26736385
1032448,Jurassic Triangle,2024,11,tt21844572
1113231,Lumina,2024,11,tt5636228
1135245,Spiders on a Plane,2024,11,tt18076284
1143790,Space Sharks,2024,11,tt19387356
1153644,The A-Frame,2024,11,tt27652287
1186605,Black Eyed Susan,2024,11,tt5584906
1201697,Curse of the Sin Eater,2024,11,tt27647321
1237000,Earworm,2024,11,tt21959272
1307258,They Call Her Death,2024,11,tt33609028
1204660,The Twin,2025,11,tt20411300
1355583,Helloween,2025,11,tt31065246
1372605,I Heart Willie,2025,11,tt33365623
1399457,The Man with the Black Umbrella,2025,11,tt38106016
1568856,Whispers of the Witching Hour,2025,11,tt35174041
84713,The Last Performance,1929,12,tt0020078
144147,The Ticket of Leave Man,1937,12,tt0029671
94068,Son of Ingagi,1940,12,tt0033075
90016,The Spider Woman Strikes Back,1946,12,tt0038974
28775,The Neanderthal Man,1953,12,tt0046121
98116,Pharaoh's Curse,1957,12,tt0049616
71990,The Strange World of Planet X,1958,12,tt0051020
173047,The Bride & The Beast,1958,12,tt0051434
90030,The Monster of Piedras Blancas,1959,12,tt0051947
98216,House of the Damned,1963,12,tt0057160
84950,The Beast That Killed Women,1965,12,tt0058955
50959,Death Curse of Tartu,1966,12,tt0060290
48221,Something Weird,1967,12,tt0062288
95404,Doctor Faustus,1967,12,tt0062898
122677,Blood Of Ghastly Horror,1967,12,tt0068291
100671,The Witchmaker,1969,12,tt0065217
77399,Incense for the Damned,1971,12,tt0065887
81479,The Toy Box,1971,12,tt0067871
128174,Blood Thirst,1971,12,tt0066847
50962,Evil Come Evil Go,1972,12,tt0124501
62950,Neither the Sea Nor the Sand,1972,12,tt0068996
113382,Dear Dead Delilah,1972,12,tt0068456
191740,The Fiend,1972,12,tt0067094
78252,Warlock Moon,1973,12,tt0073882
185495,Terror in the Wax Museum,1973,12,tt0070783
68714,The House on Skull Mountain,1974,12,tt0071629
84104,Shriek of the Mutilated,1974,12,tt0072156
86239,The Pack,1977,12,tt0076516
58644,Mardi Gras Massacre,1978,12,tt0077912
103254,Cataclysm,1980,12,tt0080506
85204,American Nightmare,1983,12,tt0085156
119595,The Alchemist,1983,12,tt0088691
81466,The Oracle,1985,12,tt0089735
45031,Raiders of the Living Dead,1986,12,tt0138050
85149,Backwoods,1987,12,tt0130487
85169,The Last Slumber Party,1987,12,tt0212302
106280,Dark Tower,1987,12,tt0092831
28035,Lurkers,1988,12,tt0095557
29315,Demonwarp,1988,12,tt0094998
86689,Headhunter,1988,12,tt0099749
112525,Spellcaster,1988,12,tt0096153
128152,Dracula's Widow,1988,12,tt0097230
86326,Phantom of the Mall: Eric's Revenge,1989,12,tt0098089
208759,American Rickshaw,1989,12,tt0096806
84951,Witchcraft II: The Temptress,1990,12,tt0100943
108933,The Sleeping Car,1990,12,tt0100637
50808,Return to the Lost World,1992,12,tt0105249
237015,Last Gasp,1995,12,tt0113609
28766,Razor Blade Smile,1998,12,tt0159693
36854,Shrieker,1998,12,tt0127282
118043,Bram Stoker's Legend of the Mummy,1998,12,tt0156735
181056,Island of the Dead,2000,12,tt0157836
90120,HorrorVision,2001,12,tt0275410
29883,Sasquatch,2002,12,tt0265944
29922,13th Child,2002,12,tt0273041
133831,Endangered Species,2002,12,tt0302531
58807,Deadly Swarm,2003,12,tt0303773
95993,Demon Slayer,2003,12,tt0315465
110545,Dark Waters,2003,12,tt0391908
27471,"Carmilla, the Lesbian Vampire",2004,12,tt0408309
39909,Bone Sickness,2004,12,tt0433346
189353,Ripper 2: Letter from Within,2004,12,tt0350061
28516,Way of the Vampire,2005,12,tt0423515
36965,Infection,2005,12,tt0472465
173761,Curandero,2005,12,tt0422037
29638,Werewolf in a Women's Prison,2006,12,tt0815258
54653,Gangs of the Dead,2006,12,tt0436498
140172,Cool Air,2006,12,tt0780495
21800,The Ungodly,2007,12,tt0489318
53463,Dreamland,2007,12,tt0391095
57236,Left for Dead,2007,12,tt0820914
110523,Curse of the Zodiac,2007,12,tt1033472
22530,Bled,2008,12,tt0997143
28741,I Can See You,2008,12,tt0871865
37970,Hide,2008,12,tt0827181
19281,Immortally Yours,2009,12,tt0758755
56997,Are You Scared 2,2009,12,tt1043694
83587,Zombie Girl: The Movie,2009,12,tt1278480
44014,Groupie,2010,12,tt1422653
53502,The Dead Undead,2010,12,tt0923653
58765,Slices of Life,2010,12,tt1584730
213711,New Terminal Hotel,2010,12,tt1325773
129798,The Crying Dead,2011,12,tt1814905
85646,Entrance,2012,12,tt1918806
131951,The Disappeared,2012,12,tt2054817
135451,Visible Scars,2012,12,tt1684567
172342,Community,2012,12,tt2087720
206203,After Effect,2012,12,tt1622566
231783,Scream Park,2012,12,tt2336104
245142,The Warning,2012,12,tt2106749
282670,Paranormal Captivity,2012,12,tt1648964
167198,The Midnight Game,2013,12,tt2155391
207260,Wrath of the Crows,2013,12,tt2070897
224328,The Cemetery,2013,12,tt1844793
227172,Hallows' Eve,2013,12,tt2106440
233734,To Jennifer,2013,12,tt2630300
253794,Haunting of the Innocent,2014,12,tt2554714
261071,Happy Camp,2014,12,tt3548442
284754,Lyle,2014,12,tt3333968
312980,Paranormal Island,2014,12,tt2292326
332488,Zombie Resurrection,2014,12,tt2267454
341957,21 Days,2014,12,tt2979366
373541,Dark Awakening,2014,12,tt2718314
306307,Gnome Alone,2015,12,tt3381068
338514,Fun Size Horror: Volume One,2015,12,tt4498162
349849,Kruel,2015,12,tt3362908
369637,Seclusion,2015,12,tt4096608
351739,Dwelling,2016,12,tt3748540
384687,The Channel,2016,12,tt2581480
392054,KILD TV,2016,12,tt3901256
396508,Encounter,2016,12,tt3719434
405899,Beautiful Prison,2016,12,tt2484254
418808,Razors: The Return of Jack the Ripper,2016,12,tt2565974
427964,Camp Blood 4,2016,12,tt5554948
458736,Paramedics,2016,12,tt5742304
631303,The Devil's Hour,2016,12,tt3239564
445602,The Raking,2017,12,tt4897358
446360,The Basement,2017,12,tt4942478
453289,The Rizen,2017,12,tt4173306
481367,But Deliver Us from Evil,2017,12,tt4134826
484415,Hotel Inferno 2: The Cathedral of Pain,2017,12,tt4978404
485217,The Follower,2017,12,tt6885804
523307,Snowbound,2017,12,tt6241768
338598,Slay Belles,2018,12,tt3526622
411267,Webcast,2018,12,tt5617310
496466,The House of Violent Desire,2018,12,tt6623390
550172,High Voltage,2018,12,tt6905442
566011,Curse of the Blind Dead,2019,12,tt7802180
613835,13 Graves,2019,12,tt7504496
621495,One Remains,2019,12,tt7449376
659716,The Blackwell Ghost 4,2020,12,tt11553304
748224,Reaptown,2020,12,tt11638714
762832,The Night They Knocked,2020,12,tt7588822
783546,Hideout,2021,12,tt10899402
801583,The Mutation,2021,12,tt12060172
804046,Fear,2021,12,tt8657270
851622,Dark Ritual,2021,12,tt14513350
842891,Student Body,2022,12,tt11010888
888257,Ghosts of the Ozarks,2022,12,tt11186952
928015,Dracula: The Original Living Vampire,2022,12,tt17042714
879432,Landlocked,2023,12,tt4078934
986197,End Times,2023,12,tt28188398
1027919,Three Blind Mice,2023,12,tt22206922
1034886,T Blockers,2023,12,tt22752692
1059091,Camp Blood 666 Part 2: Exorcism of the Clown,2023,12,tt22780060
1095025,Wintertide,2023,12,tt6628462
1118800,All Hallows' Eve: Trickster,2023,12,tt29607860
966643,He Never Left,2024,12,tt15789102
1152952,H. P. Lovecraft's The Old Ones,2024,12,tt24214948
1174200,Stupid Games,2024,12,tt27703758
1186274,Goldilocks and the Three Bears: Death & Porridge,2024,12,tt27747488
1251973,Ship of the Damned,2024,12,tt30401577
1257801,Night of the Skinwalkers,2024,12,tt30579910
1261352,Dead Whisper,2024,12,tt22853096
1337133,Ghosts of Red Ridge,2024,12,tt31040456
1374294,Killer Rental,2024,12,tt33402092
1383557,Revival,2024,12,tt27330370
1399208,Heretics,2024,12,tt33481587
420074,Shark Terror,2025,12,tt37741497
510657,Wellwood,2025,12,tt7945270
1215077,Gazer,2025,12,tt28633405
1323049,Bone Face,2025,12,tt26906457
1418715,Horror in the High Desert 4: Majesty,2025,12,tt35652701
1426822,Mortal Game,2025,12,tt28134792
1458180,The Arborist,2025,12,tt15366276
1477431,Time of Death,2025,12,tt26689505
27500,Seven Footprints to Satan,1929,13,tt0020004
111306,The Thirteenth Chair,1929,13,tt0020492
29324,One Frightened Night,1935,13,tt0026819
41024,Condemned to Live,1935,13,tt0026230
39441,White Pongo,1945,13,tt0038246
116212,She Devil,1957,13,tt0050958
89662,Curse of the Faceless Man,1958,13,tt0051507
30991,The Curse of the Living Corpse,1964,13,tt0057985
92725,The Naked Witch,1964,13,tt0054111
37579,The Revenge of Dr. X,1967,13,tt0130633
142305,The Body Stealers,1969,13,tt0065089
92782,Blood Legacy,1971,13,tt0066845
102443,Creatures the World Forgot,1971,13,tt0066955
86271,Three on a Meathook,1972,13,tt0069375
83311,The Burning Hell,1974,13,tt0412540
112481,Rattlers,1976,13,tt0073609
78325,Killer's Moon,1978,13,tt0077801
56429,Up from the Depths,1979,13,tt0080066
85184,Nightmares,1980,13,tt0081233
262839,Wolf Lake,1980,13,tt0078508
3165,Frankenstein Island,1981,13,tt0082410
69169,Tattoo,1981,13,tt0083178
21158,A Stranger Is Watching,1982,13,tt0084735
54868,Double Exposure,1982,13,tt0073537
84986,Screamtime,1983,13,tt0086263
35120,Black Devil Doll from Hell,1984,13,tt0193013
85001,Blood Tracks,1985,13,tt0088827
28851,Video Violence,1987,13,tt0094262
30919,The Wind,1987,13,tt0094327
163447,Criminally Insane 2,1987,13,tt0088959
89535,Night Visitor,1989,13,tt0100254
187801,Murder Weapon,1989,13,tt0100205
136881,Mirage,1990,13,tt0121556
69272,Grim,1995,13,tt0113221
30755,Night Hunter,1996,13,tt0113981
88258,Dark Breed,1996,13,tt0116026
135482,Fever Lake,1997,13,tt0116299
169150,The Haunting of Hell House,1999,13,tt0193971
40460,A Crack in the Floor,2001,13,tt0236126
44184,Venomous,2001,13,tt0275039
53501,Shark Hunter,2001,13,tt0329589
117023,Sharkman,2001,13,tt0389371
152586,Deep Freeze,2002,13,tt0272036
28927,The Brotherhood III: Young Demons,2003,13,tt0310805
39908,Beyond the Limits,2003,13,tt0297780
51176,Hellborn,2003,13,tt0352394
52326,Angst,2003,13,tt0366894
63382,Scarecrow Slayer,2003,13,tt0353984
35950,Ghost Lake,2004,13,tt0382011
57289,Rhinoceros Eyes,2004,13,tt0326065
84297,Suburban Sasquatch,2004,13,tt0481297
103437,Scarecrow Gone Wild,2004,13,tt0385218
28188,Swamp Zombies!!!,2005,13,tt0439309
48813,Cup of My Blood,2005,13,tt0446673
10121,Warriors of Terra,2006,13,tt0490240
45746,After...,2006,13,tt0462172
58782,A Dead Calling,2006,13,tt0879801
75020,Gag,2006,13,tt0445972
103433,Hillside Cannibals,2006,13,tt0494712
12175,Ghosts of Goldfield,2007,13,tt0494228
66616,Bottom Feeder,2007,13,tt0872314
27467,Blood Scarab,2008,13,tt1071902
37792,Fear House,2008,13,tt1067071
40599,Red Canyon,2008,13,tt1064801
64788,Dracula's Guest,2008,13,tt1196618
67892,Bonnie & Clyde vs. Dracula,2008,13,tt1117379
24091,Crush,2009,13,tt1170350
36942,Creature of Darkness,2009,13,tt0475970
46467,Zombie Women of Satan,2009,13,tt1468757
49988,Deadfall Trail,2009,13,tt1285217
60765,The Abducted,2009,13,tt1218507
61767,I.C.U.,2009,13,tt1475569
67679,"Blood, Boobs and Beast",2009,13,tt1010379
80634,Room 33,2009,13,tt1629375
44186,Basement,2010,13,tt1509109
52046,Haunted Changi,2010,13,tt1810636
71031,Wound,2010,13,tt1663956
101797,Night Drive,2010,13,tt1610394
116532,Bloody Mary,2011,13,tt1920860
125040,Knock Knock 2,2011,13,tt2093044
133196,Famine,2011,13,tt1753811
248736,Vampires: Brighter in Darkness,2011,13,tt1830402
74006,6 Degrees of Hell,2012,13,tt2002789
102313,Dead Weight,2012,13,tt2094810
102903,The Devil's Business,2012,13,tt1714127
135064,Expiration,2012,13,tt2120057
145198,Bigfoot County,2012,13,tt2108605
148644,Decay,2012,13,tt2523692
168901,Inside,2012,13,tt1977822
200044,Deranged,2012,13,tt2071445
289536,Evil Things,2012,13,tt2222062
31541,Legion of the Dead,2013,13,tt0441041
121175,Before Dawn,2013,13,tt1928123
143146,Ritual,2013,13,tt2218416
168145,Devil May Call,2013,13,tt2569298
204607,Muirhouse,2013,13,tt2146834
207263,Dead of the Nite,2013,13,tt1975146
237690,The Devil's Dozen,2013,13,tt2015503
271488,Malignant,2013,13,tt2181310
272101,Sacrament,2014,13,tt2836370
334894,Nightmare Code,2014,13,tt2848252
301417,Hell Fire,2015,13,tt1529558
356787,The Hollow One,2015,13,tt3305176
358982,Eden Lodge,2015,13,tt2488220
359029,Follow,2015,13,tt4396584
362373,Eaters,2015,13,tt2109127
366969,Luciferous,2015,13,tt3970874
329025,Ditch Day Massacre,2016,13,tt2523426
362229,She Kills,2016,13,tt4801352
421490,Tall Men,2016,13,tt5613902
434576,Haunted,2017,13,tt3530328
443046,Needlestick,2017,13,tt2523096
446428,Valley of Ditches,2017,13,tt5344876
451067,Wraith,2017,13,tt5637736
452762,Alien Implant,2017,13,tt6736282
454546,American Exorcism,2017,13,tt5704704
456101,Aaron's Blood,2017,13,tt3898776
464001,The Wake,2017,13,tt2931376
476424,#Captured,2017,13,tt6856592
492535,Darkness Wakes,2017,13,tt4697228
574283,Close Calls,2017,13,tt5817456
509624,The Lotus,2018,13,tt3310896
559740,Krampus Origins,2018,13,tt8237340
561543,Alpha Wolf,2018,13,tt7712746
582070,Amityville: Mt Misery Road,2018,13,tt8634348
585649,The Blackwell Ghost 2,2018,13,tt8947488
631322,Silhouette,2019,13,tt8200742
635968,The Curse of Halloween Jack,2019,13,tt9186684
671789,Agramon's Gate,2019,13,tt6318954
489280,Getaway,2020,13,tt6263490
695452,The Arbors,2020,13,tt7143598
701369,Edge of Extinction,2020,13,tt6876854
749305,The Blackwell Ghost 5,2020,13,tt14277322
755135,6:45,2021,13,tt5696066
852283,Ditched,2021,13,tt10166508
942161,Baby Doll,2021,13,tt15791176
812320,Slapface,2022,13,tt10601552
833200,Tethered,2022,13,tt14112080
809347,The Haunting of Hell Hole Mine,2023,13,tt11714030
898791,Night of the Caregiver,2023,13,tt15520136
1035705,8 Found Dead,2023,13,tt14571220
1126748,Creepypasta,2023,13,tt12971854
1145881,Bring Her to Me,2023,13,tt28231841
1155059,Creeping Death,2023,13,tt15239014
1167913,Piglady,2023,13,tt12019088
1126094,Festival of the Living Dead,2024,13,tt27739396
1207637,Project Dorothy,2024,13,tt8651780
1211825,Solvent,2024,13,tt27179628
1215834,The Windigo,2024,13,tt10094388
1217647,Iconic,2024,13,tt31565932
1244643,The Intruder,2024,13,tt32117345
1270687,Deadbolt,2024,13,tt31170199
1367922,Freelance,2024,13,tt27634066
1110775,Behold!,2025,13,tt13560252
1291526,Womb,2025,13,tt32205746
1300891,The Reign of Queen Ginnarra,2025,13,tt28608909
1319482,Traumatika,2025,13,tt32903867
1424817,Armed,2025,13,tt31050625
156344,The Drums of Jeopardy,1931,14,tt0021820
156365,The Phantom,1931,14,tt0022265
28305,Behind the Mask,1932,14,tt0022663
22689,A Shriek in the Night,1933,14,tt0024554
18100,Dr. Renault's Secret,1942,14,tt0034681
84711,The Jungle Captive,1945,14,tt0037837
117019,Ghost Ship,1952,14,tt0044656
117026,Daughter of Dr. Jekyll,1957,14,tt0050292
63027,Womaneater,1958,14,tt0051205
158873,The Tell-Tale Heart,1960,14,tt0056565
100770,The Black Torment,1964,14,tt0057890
42869,The Night Caller,1965,14,tt0059504
119212,Face of the Screaming Werewolf,1965,14,tt0058079
92319,Dream No Evil,1970,14,tt0130637
93890,I Eat Your Skin,1971,14,tt0054724
85681,Encounter with the Unknown,1972,14,tt0072937
84423,The House That Cried Murder,1973,14,tt0071626
94542,The Boy Who Cried Werewolf,1973,14,tt0069820
262871,The House of Exorcism,1975,14,tt3420392
105070,Dark August,1976,14,tt0074372
66762,Jennifer,1978,14,tt0077769
85200,Island Of Blood,1982,14,tt0229480
89710,Dogs of Hell,1982,14,tt0131359
5751,Sledgehammer,1983,14,tt0244800
108563,Play Dead,1983,14,tt0082914
40042,Thou Shalt Not Kill... Except,1985,14,tt0090093
85006,Horror House on Highway Five,1985,14,tt0089299
25920,Born of Fire,1987,14,tt0092691
85203,Twisted Nightmare,1987,14,tt0134167
97971,Chillers,1987,14,tt0092750
83913,The Carrier,1988,14,tt0094837
128896,The 13th Floor,1988,14,tt0094591
37977,The Black Cat,1989,14,tt0096932
40088,Curfew,1989,14,tt0097135
89747,The Cellar,1989,14,tt0099235
66706,Grim Prairie Tales,1990,14,tt0099704
41771,Tale of a Vampire,1992,14,tt0105527
124668,The Chill Factor,1993,14,tt0106698
5755,Possessed by the Night,1994,14,tt0110875
60781,The Landlady,1998,14,tt0137904
68180,"I, Zombie: The Chronicles of Pain",1998,14,tt0210740
102463,Ricky 6,2000,14,tt0156020
114162,Sacred Flesh,2000,14,tt0237680
41704,Serial Killers: The Real Life Hannibal Lecters,2001,14,tt0365739
69363,Devil's Prey,2001,14,tt0245866
27747,Terror Toons,2002,14,tt0324213
41920,The Nature of Nicholas,2002,14,tt0305882
73973,The Source,2002,14,tt0265787
27272,Flesh for the Beast,2003,14,tt0372921
34737,Leeches!,2003,14,tt0339288
51046,Visitors,2003,14,tt0301989
128866,Arachnia,2003,14,tt0370295
167078,The Wicksboro Incident,2003,14,tt0358767
33459,Lightning Bug,2004,14,tt0363768
74101,Dark Harvest,2004,14,tt0411265
291545,Parasite,2004,14,tt0352699
15652,Hoboken Hollow,2005,14,tt0455961
46113,Bad Reputation,2005,14,tt0478976
55449,Clawed: The Legend of Sasquatch,2005,14,tt0364616
172002,Alien Abduction,2005,14,tt0426396
10062,UKM: The Ultimate Killing Machine,2006,14,tt0843878
40238,The Slaughter,2006,14,tt0498386
45641,Pray For Morning,2006,14,tt0451164
49348,Trespassers,2006,14,tt0486666
106028,Summer School,2006,14,tt0469979
28111,Home Sick,2007,14,tt0374718
32583,Zombie Town,2007,14,tt0496444
33510,Puffball,2007,14,tt0484881
45835,The Dead One,2007,14,tt0441022
50392,Ghost Son,2007,14,tt0460808
24796,Edges of Darkness,2008,14,tt1442498
25151,Mutants,2008,14,tt1131742
27386,Colour from the Dark,2008,14,tt1318056
35731,Amateur Porn Star Killer 2,2008,14,tt1161951
16722,The Telling,2009,14,tt1298721
19296,Legend of the Bog,2009,14,tt0928375
39370,Ghost Month,2009,14,tt1042503
38498,Hard Ride to Hell,2010,14,tt1654833
57733,Respire,2010,14,tt1458503
66895,Ticked-Off Trannies with Knives,2010,14,tt1587431
70583,Empty,2011,14,tt1798148
78332,Coffin,2011,14,tt1667416
85880,Killer Eye: Halloween Haunt,2011,14,tt1998395
166161,Jacob,2011,14,tt1801063
171045,Dead End,2012,14,tt2393817
172729,An American Terror,2013,14,tt2356500
179473,Compound Fracture,2013,14,tt2125472
200211,Knight of the Dead,2013,14,tt2798680
220476,Pinup Dolls on Ice,2013,14,tt2235876
253477,Torture Chamber,2013,14,tt1663696
257976,The Hospital,2013,14,tt2390341
259543,The 13th Unit,2014,14,tt2063804
275420,Bigfoot vs. D.B. Cooper,2014,14,tt3588938
279975,The Sleeping Room,2014,14,tt3298190
279994,X Moor,2014,14,tt3293138
291452,Camp Blood First Slaughter,2014,14,tt3096810
295339,The Haunting of Alice D,2014,14,tt2306342
297472,Chemical Peel,2014,14,tt2308822
332662,The Scopia Effect,2014,14,tt2673388
372174,House of Manson,2014,14,tt3100678
248633,Zombie Killers: Elephant's Graveyard,2015,14,tt2908090
336453,Judas Ghost,2015,14,tt2338027
338752,FPS: First Person Shooter,2015,14,tt3530830
347755,Wind Walkers,2015,14,tt1236254
364088,Decay,2015,14,tt2776704
365834,Trace,2015,14,tt3733618
416127,Dark Exorcism,2015,14,tt3921348
386123,Bigfoot vs. Zombies,2016,14,tt5307698
391813,Primal Shift,2016,14,tt3246840
396011,Deadly Intent,2016,14,tt3003980
410270,2 Jennifer,2016,14,tt4627224
418691,Shadows of the Dead,2016,14,tt6149120
419627,#SCREAMERS,2016,14,tt5531032
421559,Plan Z,2016,14,tt3597108
424060,The Witching,2016,14,tt6186362
457081,Sacrilege,2017,14,tt5848862
461771,Ravenswood,2017,14,tt5194048
464748,Boots on the Ground,2017,14,tt3494610
475603,House on Elm Lake,2017,14,tt6333200
485906,The Elf,2017,14,tt7136736
507201,The Unwilling,2017,14,tt4781446
508839,Dark Web,2017,14,tt7476416
432524,The Harvesting,2018,14,tt3695346
481952,Werewolves of the Third Reich,2018,14,tt6359082
512064,Anne,2018,14,tt6342062
526295,Another Soul,2018,14,tt5165620
549671,Hide in the Light,2018,14,tt4369136
561291,Winterskin,2018,14,tt7715192
515320,Animal Among Us,2019,14,tt3612008
596767,Recovery,2019,14,tt5473124
604228,The Blackwell Ghost 3,2019,14,tt10323214
614208,The Ascent,2019,14,tt8439934
655426,After She Wakes,2019,14,tt8997134
691100,Ten Minutes to Midnight,2020,14,tt10369866
717672,Kindred,2020,14,tt9742392
733837,The Stalker,2020,14,tt9363342
743022,Fear PHarm,2020,14,tt9191844
790227,Ghost Light,2020,14,tt10969668
766358,Sound of Violence,2021,14,tt11053476
837271,Future Fear,2021,14,tt10437216
922607,Easter Bunny Massacre,2021,14,tt14546664
590164,Mercy Black,2022,14,tt8758086
775400,A Banquet,2022,14,tt11400902
860135,The Free Fall,2022,14,tt10703978
1078741,Bury the Bride,2023,14,tt21073326
1160340,Kill Your Lover,2023,14,tt23897308
1180879,Soul Mates,2023,14,tt21839254
1150399,Skeletons in the Closet,2024,14,tt4923002
1239468,Death Streamer,2024,14,tt31179970
1270762,Visher,2024,14,tt27862813
1327881,Voice of Shadows,2024,14,tt14940390
1337886,Silent Bite,2024,14,tt32631883
1151586,Pig Hill,2025,14,tt27404597
1254780,The Grove,2025,14,tt7891844
1322623,Ed Kemper,2025,14,tt31725949
1383673,Don't Hang Up,2025,14,tt32644258
1423756,The Land That Time Forgot,2025,14,tt33183915
184885,The Bells,1926,15,tt0016640
87907,Crimes at the Dark House,1940,15,tt0032366
86772,The Black Raven,1943,15,tt0035679
116712,Flesh and Fantasy,1943,15,tt0035885
38464,Black Magic,1944,15,tt0036705
91283,The Vampire's Ghost,1945,15,tt0038214
122027,Valley of the Zombies,1946,15,tt0039076
38260,Voodoo Island,1957,15,tt0051173
44693,The Astounding She-Monster,1957,15,tt0050143
41038,The Hideous Sun Demon,1958,15,tt0052888
45674,Frankenstein's Daughter,1958,15,tt0051631
43045,The Hypnotic Eye,1960,15,tt0053931
69780,The Beach Girls and the Monster,1965,15,tt0058954
78411,Dark Intruder,1965,15,tt0059083
83356,Devils of Darkness,1965,15,tt0059100
3149,Jesse James Meets Frankenstein's Daughter,1966,15,tt0060558
52840,Chamber of Horrors,1966,15,tt0060228
77889,Brides of Blood,1968,15,tt0062758
67974,Blood Mania,1970,15,tt0065478
85557,The Body Beneath,1970,15,tt0065483
90315,Beast of Blood,1970,15,tt0065456
63959,The Zodiac Killer,1971,15,tt0143016
85682,The Beast of the Yellow Night,1971,15,tt0066816
53806,The Other Side of the Underneath,1972,15,tt0201820
42333,Legend of the Werewolf,1975,15,tt0073275
114013,Crash!,1976,15,tt0075887
56132,The Mafu Cage,1978,15,tt0077888
77156,The House of the Dead,1978,15,tt0072626
86149,The Attic,1980,15,tt0078806
30918,Blood Link,1982,15,tt0083659
85192,Blood Song,1982,15,tt0083660
47827,A Night to Dismember,1983,15,tt0126527
39932,Hunter's Blood,1986,15,tt0093232
85157,Open House,1987,15,tt0093676
30377,Zombie Death House,1988,15,tt0127503
46695,Witchcraft,1988,15,tt0245567
49343,Dream Demon,1988,15,tt0095063
138997,The Undertaker,1988,15,tt0249218
124124,Grave Secrets,1989,15,tt0097456
29905,The Haunting of Morella,1990,15,tt0099743
31154,Steel and Lace,1991,15,tt0100688
38246,Servants of Twilight,1991,15,tt0102882
57845,Mandroid,1993,15,tt0107505
99092,Jack Be Nimble,1993,15,tt0107242
112969,Slaughter of the Innocents,1993,15,tt0111216
133339,The Surgeon,1995,15,tt0109761
51776,Killers,1996,15,tt0256858
68665,Daddy's Girl,1996,15,tt0116003
19604,Decampitated,1998,15,tt0118951
139484,Witchouse,1999,15,tt0217893
72231,Flying Virus,2001,15,tt0282496
74807,Cubbyhouse,2001,15,tt0255909
117905,Do You Wanna Know a Secret?,2001,15,tt0267440
28113,The Frightening,2002,15,tt0299905
64343,DeathBed,2002,15,tt0321961
96917,Inhabited,2003,15,tt0329224
43545,Lost Things,2004,15,tt0366726
54582,Wilderness Survival for Girls,2004,15,tt0387691
188884,The Sisterhood,2004,15,tt0408191
65051,Dead Men Walking,2005,15,tt0473348
68509,The Beast of Bray Road,2005,15,tt0462193
10272,Jekyll + Hyde,2006,15,tt0425150
17138,The 8th Plague,2006,15,tt0479219
61789,The Hunt,2006,15,tt0454843
27671,Pop Skull,2007,15,tt1110059
28791,Brutal,2007,15,tt1018877
32343,Cult,2007,15,tt0445948
42939,The Tomb,2007,15,tt1039646
47436,Dead Heist,2007,15,tt0457319
14915,Dark Reel,2008,15,tt0883398
24555,Evilution,2008,15,tt1032749
29695,iMurders,2008,15,tt1007032
544023,Text,2008,15,tt1190078
24246,Basement Jack,2009,15,tt1104834
24952,Vampire In Vegas,2009,15,tt1291582
31991,Drifter: Henry Lee Lucas,2009,15,tt1336621
31992,Freeway Killer,2009,15,tt1410020
32857,Surviving Evil,2009,15,tt0804539
33988,The Pit and the Pendulum,2009,15,tt1311082
55939,Break,2009,15,tt1433089
56537,River of Darkness,2011,15,tt1421049
61613,The Inheritance,2011,15,tt1342115
151193,Night Claws,2012,15,tt1874649
153060,Reel Evil,2012,15,tt2388920
193580,P.O.E. : Project of Evil,2012,15,tt2450520
225301,Outpost 11,2012,15,tt2133302
308867,Sick,2012,15,tt2172055
225048,Evangeline,2013,15,tt2649680
232731,Attila,2013,15,tt3184096
251733,The Brides of Sodom,2013,15,tt1608369
255389,Hooked Up,2013,15,tt3160020
263905,Beckoning the Butcher,2013,15,tt3317762
283150,Cross Bearer,2013,15,tt1825728
278706,Chrysalis,2014,15,tt2836260
279525,Bombshell Bloodbath,2014,15,tt3139212
286452,Varsity Blood,2014,15,tt2363518
327368,Crazy Murder,2014,15,tt4007618
315899,Desecrated,2015,15,tt1977919
330537,Anger of the Dead,2015,15,tt3950908
338537,Drink Me,2015,15,tt4229432
339170,We Are Monsters,2015,15,tt4209590
345692,Haunting at the Rectory,2015,15,tt4020312
364426,Fear Itself,2015,15,tt4573906
331352,Playing with Dolls: Bloodlust,2016,15,tt4980812
381507,Home,2016,15,tt2545384
384594,Blood Hunters,2016,15,tt3646592
385309,Kill or Be Killed,2016,15,tt2364774
417451,Reclusion,2016,15,tt4908764
376576,Without Name,2017,15,tt4708346
415826,Among Us,2017,15,tt3226454
453203,Tilt,2017,15,tt5435476
464750,Where the Skin Lies,2017,15,tt6345080
480948,American Gothic,2017,15,tt5031108
483006,Aliens: Zone of Silence,2017,15,tt3604156
484586,The Body Tree,2017,15,tt4588594
516834,Mrs. Claus,2018,15,tt6169934
517015,The Campus,2018,15,tt6772946
535280,Dracula in Love,2018,15,tt7830584
542574,Raccoon Valley,2018,15,tt8727992
544986,The Satanic Nun,2018,15,tt8063826
579386,Darker than Night,2018,15,tt5845440
479424,Ghost in the Graveyard,2019,15,tt7124092
621103,Pentagram,2019,15,tt7711764
634550,Skin Walker,2019,15,tt8348022
640209,Theresa & Allison,2019,15,tt4297380
537736,Let's Scare Julie,2020,15,tt8547768
548511,The Bloodhound,2020,15,tt6920798
596332,Blade: The Iron Cross,2020,15,tt10887344
646542,Coven,2020,15,tt6844138
682825,Abominable,2020,15,tt10674930
719033,Reunion,2020,15,tt9741526
753973,Sweet Taste of Souls,2020,15,tt8985390
736506,Claw,2021,15,tt11760236
854765,The Unlit,2021,15,tt8115996
901321,Summoning Bloody Mary,2021,15,tt14546614
394151,Nosferatu: A Symphony of Horror,2023,15,tt5574078
420637,Malibu Horror Story,2023,15,tt2488666
682286,Daughter,2023,15,tt11226404
1080917,ReBroken,2023,15,tt15293102
1094596,Trim Season,2023,15,tt15846876
1096996,Trinket Box,2023,15,tt21080296
1112303,The Unbinding,2023,15,tt27485427
1136487,Violett,2023,15,tt15417358
1145531,Faceless After Dark,2023,15,tt16310892
978040,Witch,2024,15,tt15150190
1147322,12 to Midnight,2024,15,tt21913192
1247353,Killer Influence,2024,15,tt29720783
1251683,Ba,2024,15,tt14757664
1355581,9 Windows,2024,15,tt16539314
1369988,All Hallows' Eve: Inferno,2024,15,tt33560584
1383321,Swap,2024,15,tt13358302
728623,Don't Log Off,2025,15,tt12798810
1114072,Frankenstein: Legacy,2025,15,tt20240826
1173185,The Fetus,2025,15,tt13202618
1260794,Resurrection Road,2025,15,tt27000642
1321491,The Banished,2025,15,tt33050521
1477953,Jurassic Reborn,2025,15,tt36827466
1503900,Die'ced: Reloaded,2025,15,tt36748605
95348,The Mysterious Island,1929,16,tt0020198
74604,Sh! The Octopus,1937,16,tt0029541
111066,The Night Has Eyes,1942,16,tt0035123
29474,The Flying Serpent,1946,16,tt0038531
52940,Uncle Silas,1947,16,tt0039492
43120,Missile to the Moon,1958,16,tt0053072
116327,How to Make a Monster,1958,16,tt0051746
35662,Teenage Zombies,1960,16,tt0051064
42796,The Strangler,1964,16,tt0058622
95091,Gallery of Horror,1967,16,tt0062193
81477,Mad Doctor of Blood Island,1969,16,tt0063255
92804,Bigfoot,1970,16,tt0065470
156068,Mark of the Witch,1970,16,tt0066058
86979,The Road Builder,1971,16,tt0067486
28224,Blood Sabbath,1972,16,tt0068289
85674,The Twilight People,1972,16,tt0069426
56364,The Pyx,1973,16,tt0070578
63175,Godmonster of Indian Flats,1973,16,tt0070119
104644,A Reflection of Fear,1973,16,tt0070599
68982,Psychic Killer,1975,16,tt0073586
104528,Dogs,1976,16,tt0074419
83820,Screams of a Winter Night,1979,16,tt0079869
166201,Bog,1979,16,tt0077254
182117,Dominique,1979,16,tt0077450
27566,Don't Go Near the Park,1981,16,tt0082276
40464,Boardinghouse,1982,16,tt0083670
81887,Murder by Phone,1982,16,tt0081203
98012,The Devonsville Terror,1983,16,tt0085434
30706,Fatal Games,1984,16,tt0087243
92702,The Strangeness,1985,16,tt0234817
78218,Blood Sisters,1987,16,tt0092673
84253,Blood Lake,1987,16,tt0299551
85156,Night Screams,1987,16,tt0244098
85159,Shallow Grave,1987,16,tt0207093
110327,The Caller,1987,16,tt0097007
27548,Slime City,1988,16,tt0234748
38412,Slaughterhouse Rock,1988,16,tt0096117
71042,Twice Dead,1988,16,tt0096319
82118,555,1988,16,tt0103600
85163,Destroyer,1988,16,tt0095005
69869,The House on Tombstone Hill,1989,16,tt0101670
82126,Things,1989,16,tt0183881
192186,Zombie 90: Extreme Pestilence,1991,16,tt0103336
155341,Ax 'Em,1992,16,tt0349113
158087,Star Time,1992,16,tt0105464
47044,The Secret Life: Jeffrey Dahmer,1993,16,tt0244782
143547,Silent Tongue,1993,16,tt0108135
70249,Watchers 3,1994,16,tt0111672
40252,Witchboard III: The Possession,1995,16,tt0114957
21714,Coven,2000,16,tt0225434
127752,Believe,2000,16,tt0207333
27009,Beneath Loch Ness,2002,16,tt0256155
64801,Curse Of The Forty-Niner,2002,16,tt0325214
110989,Spooky House,2002,16,tt0160905
206183,Bad Karma,2002,16,tt0271984
33308,Unspeakable,2003,16,tt0277412
3069,Frankenstein Reborn,2005,16,tt0460800
15398,Inside,2006,16,tt0425132
41367,The Quick and the Undead,2006,16,tt0495747
45593,Roman,2006,16,tt0454932
53347,The Garden,2006,16,tt0436343
76179,Exorcism: The Possession of Gail Bowers,2006,16,tt0490919
39171,Haunted Forest,2007,16,tt0462517
48675,Small Town Folk,2007,16,tt0478265
67289,Freakshow,2007,16,tt0906005
74254,The House of Usher,2007,16,tt0455537
21790,Killing Ariel,2008,16,tt0485924
161326,Dangerous Worry Dolls,2008,16,tt1174689
25543,Life Blood,2009,16,tt1043673
54612,Sutures,2009,16,tt1209361
39453,Death and Cremation,2010,16,tt1484954
47065,Tales of an Ancient Empire,2010,16,tt1136688
57008,Alice in Murderland,2010,16,tt1753422
60619,The Unforgiving,2010,16,tt1717229
70636,Ghost from the Machine,2010,16,tt1303782
77884,Silver Bullets,2011,16,tt1865503
84924,Deadtime Stories 2,2011,16,tt1156300
134756,Killjoy Goes to Hell,2012,16,tt2256858
194031,Dracula: Reborn,2012,16,tt2320030
216546,Ragin Cajun Redneck Gators,2013,16,tt2634414
230619,Lizzie Borden's Revenge,2013,16,tt2459038
234124,The Dead Inside,2013,16,tt1893415
268993,House of Dust,2013,16,tt1309374
254126,Blood Shed,2014,16,tt2486278
259829,The Crypt,2014,16,tt2309722
262165,The Unwanted,2014,16,tt2488366
337218,Wild in Blue,2014,16,tt3374816
341035,Demon Baby,2014,16,tt3137732
327911,Flowers,2015,16,tt4248930
336294,American Guinea Pig: Bouquet of Guts and Gore,2015,16,tt4128382
338520,Apparition,2015,16,tt2959536
351868,Appetites,2015,16,tt3742300
360205,Invoked,2015,16,tt3837162
416572,Joker's Poltergeist,2015,16,tt3894558
419464,Rorschach,2015,16,tt5113986
355598,Girl in Woods,2016,16,tt2554842
376502,The Blackout Experiments,2016,16,tt5222646
382437,Terror Birds,2016,16,tt4514660
416119,Blood Trap,2016,16,tt2932532
390326,Bad Blood: The Movie,2017,16,tt4066000
422761,Nocturne,2017,16,tt4877606
454418,Herbert West: Re-Animator,2017,16,tt7560964
483571,Can't Take It Back,2017,16,tt2142987
490819,Dark Beacon,2017,16,tt3889156
517769,Central Park,2017,16,tt4788736
496464,The Barge People,2018,16,tt7545216
504255,The Terrible Two,2018,16,tt5278886
518240,The Nursery,2018,16,tt5903358
542476,Santa Jaws,2018,16,tt8305692
514743,Cordelia,2019,16,tt3734688
610387,Haunting Inside,2019,16,tt6780234
610704,The 16th Episode,2019,16,tt3692082
611805,They're Inside,2019,16,tt6015760
678945,Unearth,2020,16,tt5532280
685615,Doll House,2020,16,tt9357288
697953,The Source of Shadows,2020,16,tt10695464
719106,The Curse of Hobbes House,2020,16,tt9253926
731587,Rose: A Love Story,2020,16,tt9643228
754983,Voices,2020,16,tt8640928
860867,The Accursed,2021,16,tt5737388
957394,Reed's Point,2022,16,tt14342906
999677,Final Summer,2023,16,tt12699576
1042623,Blackout,2023,16,tt23186596
1069175,The 3rd Guest,2023,16,tt11488028
1126637,Pollen,2023,16,tt21354090
1153020,Herd,2023,16,tt14348734
1162400,Maid Droid,2023,16,tt26941512
1043725,The Moogai,2024,16,tt21609514
1046120,The Shade,2024,16,tt17059618
1228803,Believer,2024,16,tt29793628
1234905,Bogieville,2024,16,tt4546450
1265122,Light,2024,16,tt11786386
1288500,Invasive,2024,16,tt31777631
1378771,Trapped Inn,2024,16,tt13598996
1206083,Conjuring Tapes,2025,16,tt29954526
1353328,Hook,2025,16,tt32635940
138017,The Ghost Walks,1934,17,tt0025169
179254,The 9th Guest,1934,17,tt0025566
28439,Murder by Television,1935,17,tt0026740
46939,The Door with Seven Locks,1940,17,tt0032406
29476,Return of the Ape Man,1944,17,tt0037217
29368,A Place of One's Own,1945,17,tt0037179
38468,Charlie Chan in The Jade Mask,1945,17,tt0037826
3208,I Was a Teenage Frankenstein,1957,17,tt0050531
117429,Jack the Ripper,1959,17,tt0053961
3210,The Projected Man,1966,17,tt0062159
109089,Theatre of Death,1967,17,tt0062358
49439,Fear Chamber,1968,17,tt0062960
106046,Assault,1971,17,tt0067243
43402,Blood Orgy of the She-Devils,1973,17,tt0068288
113905,Malatesta’s Carnival of Blood,1973,17,tt0215960
120632,Dark Places,1973,17,tt0071391
31126,A*P*E,1976,17,tt0074148
44690,J.D.'s Revenge,1976,17,tt0074703
145444,Scalpel,1977,17,tt0074510
85186,Demented,1980,17,tt0188557
85199,Death Screams,1982,17,tt0085415
87110,Eternal Evil,1985,17,tt0088830
5735,The Tomb,1986,17,tt0090183
85148,Terror at Tenkiller,1986,17,tt0092072
75077,Necropolis,1987,17,tt0091617
78073,Scared Stiff,1987,17,tt0091898
81478,Killing Spree,1987,17,tt0093346
89394,Blue Monkey,1987,17,tt0092677
53355,Nightmare at Noon,1988,17,tt0100261
26678,Night Life,1989,17,tt0097972
15902,Faces of Death IV,1990,17,tt0121262
46230,Pale Blood,1990,17,tt0100324
116494,Clearcut,1991,17,tt0101592
38610,Automatic,1995,17,tt0109178
45773,Aberration,1997,17,tt0123371
188032,Escape from Hell,2000,17,tt0399013
34004,Children of the Living Dead,2001,17,tt0276011
44259,The Brotherhood 2: Young Warlocks,2001,17,tt0280502
59936,"I Spit on Your Corpse, I Piss on Your Grave",2001,17,tt0325597
53994,Dragon Fighter,2003,17,tt0312640
34112,Game Box 1.0,2004,17,tt0414036
17482,Dark Remains,2005,17,tt0433360
24075,Silence Becomes You,2005,17,tt0359984
18634,Puzzlehead,2006,17,tt0450367
39912,Cemetery Gates,2006,17,tt0402904
49359,Shadow: Dead Riot,2006,17,tt0427848
71783,Blackwater Valley Exorcism,2006,17,tt0863005
13106,Dard Divorce,2007,17,tt0936468
21860,Born,2007,17,tt0852940
24683,Razortooth,2007,17,tt0489279
24996,Summer Scars,2007,17,tt0847527
30902,Bane,2008,17,tt0938284
36587,Scarce,2008,17,tt1238302
44682,Resurrection County,2008,17,tt1297943
73614,House of Usher,2008,17,tt1017442
28936,Bundy: A Legacy of Evil,2009,17,tt1235059
29429,Deadtime Stories,2009,17,tt1334526
32585,The Beacon,2009,17,tt1190910
34845,SuicideGirls Must Die!,2010,17,tt1584733
55662,Virus X,2010,17,tt1509125
58862,Herschell Gordon Lewis: The Godfather of Gore,2010,17,tt1683431
65871,Zombie Undead,2010,17,tt1581839
74727,Long Pigs,2010,17,tt0971204
71868,One Way Trip,2011,17,tt1754314
79582,Aliens vs Avatars,2011,17,tt1854506
48809,Parasitic,2012,17,tt1704201
106427,The Dead Want Women,2012,17,tt2125647
413469,Leaving D.C.,2012,17,tt2647078
167673,The Mooring,2013,17,tt1568929
202244,Unaware,2013,17,tt1709173
209103,The Jungle,2013,17,tt2444092
279966,The Forgotten,2014,17,tt2145909
319396,Zombieworld,2015,17,tt3717324
322163,Hayride 2,2015,17,tt2924352
336833,A Haunting in Cawdor,2015,17,tt3268790
354534,The Invoking 2,2015,17,tt4887842
360188,Queen Crab,2015,17,tt2319456
421987,Occupants,2015,17,tt3980310
93950,The Sighting,2016,17,tt0848554
357054,The Suffering,2016,17,tt3220100
402462,Parasites,2016,17,tt4688294
408755,The Binding,2016,17,tt4096750
419386,Besetment,2016,17,tt3750238
441386,The 6th Friend,2016,17,tt2891234
327315,Bloodrunners,2017,17,tt4289062
371003,Kill Game,2017,17,tt3024324
436369,Cut Shoot Kill,2017,17,tt5667696
442824,VooDoo,2017,17,tt3350996
469095,The Crescent,2018,17,tt6044156
551608,Haunting on Fraternity Row,2018,17,tt6089358
566849,Bride of Scarecrow,2018,17,tt7906262
491132,Before Someone Gets Hurt,2019,17,tt3444206
607175,Stay Out Stay Alive,2019,17,tt5956016
706857,Bad Impulse,2019,17,tt7267530
543582,The Nothing,2020,17,tt7948854
639250,The Voices,2020,17,tt5950596
667177,Dead Earth,2020,17,tt6391282
735580,The Last Laugh,2020,17,tt8333418
750121,Witches Of Amityville,2020,17,tt10863072
520963,Bad Candy,2021,17,tt6561576
838594,Devil's Island,2021,17,tt12496582
849361,Don't Say Its Name,2021,17,tt11589366
942890,House of Darkness,2022,17,tt18224610
982620,Maneater,2022,17,tt15262370
981316,The Elevator,2023,17,tt15019152
1083188,Satan Wants You,2023,17,tt26280511
716309,Kill,2024,17,tt5473412
1005860,Seeds,2024,17,tt28133272
1132497,Falling Stars,2024,17,tt10042482
1160748,Bystanders,2024,17,tt28546957
1191318,I Will Never Leave You Alone,2024,17,tt28283676
1357933,The Cellar,2024,17,tt31852558
1052558,iPossessed,2025,17,tt11139374
1073109,Push,2025,17,tt25756108
1291904,Mouse of Horrors,2025,17,tt32119171
1338972,Pitfall,2025,17,tt32338122
1440641,The Jolly Monkey,2025,17,tt35882235
1512581,No Tears in Hell,2025,17,tt28321883
1547527,Stay,2025,17,tt38039379
73179,Haunted Gold,1932,18,tt0022981
100100,The Return of Chandu,1934,18,tt0025712
41022,The Face at the Window,1939,18,tt0031289
40951,The Living Ghost,1942,18,tt0034985
84710,Jungle Woman,1944,18,tt0036975
41033,Fog Island,1945,18,tt0037711
28590,King Dinosaur,1955,18,tt0048256
110336,Blood of Dracula,1957,18,tt0050201
86191,The Four Skulls of Jonathan Drake,1959,18,tt0052820
100661,Terror Is a Man,1959,18,tt0053344
114740,Hands of a Stranger,1962,18,tt0056056
29069,The Velvet Vampire,1971,18,tt0067929
112687,Doomwatch,1972,18,tt0068498
91627,Love Me Deadly,1973,18,tt0136376
28271,I Don't Want to Be Born,1975,18,tt0072867
37904,The Devil's Men,1976,18,tt0074769
40139,Mansion of the Doomed,1976,18,tt0076361
49304,Sisters of Death,1976,18,tt0177226
86633,The Alien Factor,1978,18,tt0075656
65603,Nightwing,1979,18,tt0079631
85188,The Demon,1979,18,tt0074390
97942,Scared to Death,1980,18,tt0081457
83329,Home Sweet Home,1981,18,tt0082522
224626,Olivia,1983,18,tt0082841
84983,Disconnected,1984,18,tt0085442
28734,Hellhole,1985,18,tt0089269
84068,Attack of the Beast Creatures,1985,18,tt0088752
30796,Rest in Pieces,1987,18,tt0092873
71697,Ghost Chase,1987,18,tt0093201
78522,Prime Evil,1988,18,tt0095900
140394,Apprentice to Murder,1988,18,tt0094671
60413,The Chilling,1989,18,tt0097059
68884,Rush Week,1989,18,tt0098235
84071,Night Game,1989,18,tt0097971
418835,La zona del silencio,1990,18,tt0360234
63725,The Paperboy,1994,18,tt0110770
69853,Voodoo,1995,18,tt0114872
133360,Alien Terminator,1996,18,tt0112320
58093,Milo,1998,18,tt0167284
60504,Bone Daddy,1998,18,tt0139076
20216,Cookers,2001,18,tt0233481
57190,Vlad,2003,18,tt0337744
40015,Cold & Dark,2005,18,tt0387126
14417,Driftwood,2006,18,tt0460777
29691,The Last Sect,2006,18,tt0494746
45853,Séance,2006,18,tt0814343
56860,Lost Signal,2006,18,tt0495042
128762,Black Dahlia,2006,18,tt0905968
10256,Metamorphosis,2007,18,tt0431265
16027,Vampire Diary,2007,18,tt0853267
18496,The Cellar Door,2007,18,tt0878657
14472,The Sickhouse,2008,18,tt0451197
16922,Heatstroke,2008,18,tt0925245
18932,Knock Knock,2008,18,tt0471011
25715,Live Animals,2008,18,tt1314363
27647,Spring Break Massacre,2008,18,tt0485154
26482,Haunting of Winchester House,2009,18,tt1521787
46202,Dead Cert,2010,18,tt1499220
61948,Spiderhole,2010,18,tt1496884
71548,The Dead and the Damned,2011,18,tt1565441
86075,Jack the Reaper,2011,18,tt1552423
89405,The Millennium Bug,2011,18,tt1762358
122466,Sick Boy,2011,18,tt1829735
143928,Hellgate,2011,18,tt1430116
163189,6 Plots,2012,18,tt2178915
126962,Infected,2013,18,tt1622991
183661,Animus,2013,18,tt2431576
208703,Rufus,2013,18,tt2256811
227907,Truth or Dare,2013,18,tt2762738
230453,Raptor Ranch,2013,18,tt1343103
484626,Living Dark: The Story of Ted the Caver,2013,18,tt2100573
212814,Death Do Us Part,2014,18,tt2181889
254426,Fields of the Dead,2014,18,tt3186838
259246,Chasing the Devil,2014,18,tt3549656
293894,Viking: The Berserkers,2014,18,tt3451956
296216,Inner Demon,2014,18,tt2887840
330530,Awaiting,2015,18,tt3815430
344434,Suspension,2015,18,tt3625952
347064,Jurassic Prey,2015,18,tt3469284
382725,Sociopathia,2015,18,tt3899706
347850,The Unfolding,2016,18,tt3477620
383502,Riddle Room,2016,18,tt2180317
400456,Exorcist House of Evil,2016,18,tt4864584
407767,Hostage to the Devil,2016,18,tt2652948
416256,The Caretaker,2016,18,tt3109072
475369,Deadly Detention,2017,18,tt5810368
489420,Once Upon a Time at Christmas,2017,18,tt6172696
450545,Secret Santa,2018,18,tt6328004
481954,The Revenge of Robert,2018,18,tt6450628
542781,Killer Kate!,2018,18,tt7319064
569723,Door in the Woods,2019,18,tt6269942
597722,Demon Eye,2019,18,tt8028600
605851,True Fiction,2019,18,tt7995680
617772,Doll Cemetery,2019,18,tt7446692
401313,Extracurricular,2020,18,tt5589212
709621,Tribal: Get Out Alive,2020,18,tt10126136
717942,Sweet River,2020,18,tt10952012
718416,Smiley Face Killers,2020,18,tt12757438
724427,Monstrous,2020,18,tt12198504
726217,Escape: Puzzle of Fear,2020,18,tt6846978
746157,Chop Chop,2020,18,tt10171876
769098,Dirty Fears,2020,18,tt10891586
720109,Antidote,2021,18,tt11840988
801271,Hide and Seek,2021,18,tt7975192
831438,The Seed,2021,18,tt12449586
801970,Refuge,2023,18,tt14351530
1075350,R BnB,2023,18,tt12338584
1115710,The Mount 2,2023,18,tt19284188
1155090,Lore,2024,18,tt13130838
1279596,The Little Mermaid,2024,18,tt27722894
1018852,Queen of Bones,2025,18,tt15207270
1231010,The Severed Sun,2025,18,tt14357812
1468706,Project MKHEXE,2025,18,tt36615506
138956,Night of Terror,1933,19,tt0024382
26921,The Mystery of the Mary Celeste,1935,19,tt0026759
36456,The Mad Doctor of Market Street,1942,19,tt0035007
84230,The Strange Case of Doctor Rx,1942,19,tt0035386
136837,Unknown Island,1948,19,tt0040920
45577,Three Cases of Murder,1955,19,tt0047579
43312,The She-Creature,1956,19,tt0050957
38120,Zombies of Mora Tau,1957,19,tt0051226
29065,War of the Satellites,1958,19,tt0052379
85611,The Stranglers of Bombay,1959,19,tt0054346
28720,The Shadow of the Cat,1961,19,tt0055438
43023,Konga,1961,19,tt0055058
43015,Varan the Unbelievable,1962,19,tt0056648
113739,Ring of Terror,1962,19,tt0056415
42477,Brain of Blood,1971,19,tt0068313
143877,You'll Like My Mother,1972,19,tt0068005
29389,Horror High,1973,19,tt0072331
106402,The Severed Arm,1973,19,tt0070673
30929,The Mutations,1974,19,tt0070423
78075,Abby,1974,19,tt0071095
115131,"Mary, Mary, Bloody Mary",1975,19,tt0074873
40338,Naked Massacre,1976,19,tt0211971
73116,Brimstone & Treacle,1982,19,tt0083693
81475,Julie Darling,1983,19,tt0084182
98106,Spasms,1983,19,tt0086349
84995,Satan's Blade,1984,19,tt0222344
92766,Underworld,1985,19,tt0090233
103424,Witchtrap,1989,19,tt0098662
58200,Shadowzone,1990,19,tt0100586
92562,Metamorphosis : The Alien Factor,1990,19,tt0107561
161368,Killer Crocodile 2,1990,19,tt0099934
30519,Happy Hell Night,1992,19,tt0236283
40115,Netherworld,1992,19,tt0104987
148991,Hellmaster,1992,19,tt0165489
65252,Deadly Instincts,1997,19,tt0162211
48921,Shadow Builder,1998,19,tt0117611
113957,Lovers Lane,1999,19,tt0187251
4368,Dark Wolf,2003,19,tt0326820
12759,Doll Graveyard,2005,19,tt0482495
19816,The Retreat,2005,19,tt0481610
22619,Snuff-Movie,2005,19,tt0403267
10124,Heartstopper,2006,19,tt0485774
33502,The Legend of Lucy Keyes,2006,19,tt0428765
36675,Halloween Night,2006,19,tt0848587
12682,Brotherhood of Blood,2007,19,tt0493404
22072,The Chair,2007,19,tt0772172
24007,More Things That Happened,2007,19,tt1230552
43585,Headless Horseman,2007,19,tt1046930
52023,Succubus: Hell-Bent,2007,19,tt0775544
62962,Supercroc,2007,19,tt0934584
11926,The Vanguard,2008,19,tt0977669
14814,Chemical Wedding,2008,19,tt0974536
45830,Behind the Wall,2008,19,tt1070886
56109,Swamp Devil,2008,19,tt1105742
60827,Snuff: A Documentary About Killing on Camera,2008,19,tt1237926
21166,The Last Resort,2009,19,tt1124048
21562,The Crypt,2009,19,tt1425252
32860,The Dark House,2009,19,tt1388411
55684,Sweatshop,2009,19,tt1160374
78083,Boggy Creek,2010,19,tt1493798
90291,Stalker,2010,19,tt1411236
82655,The Oregonian,2011,19,tt1686327
137904,Art of Darkness,2012,19,tt2162574
202604,The Vatican Exorcisms,2013,19,tt3043194
240507,Zombex,2013,19,tt1916763
292988,Dark Mountain,2013,19,tt2443022
264480,Meet Me There,2014,19,tt3043176
332689,Playing with Dolls,2015,19,tt4145836
362736,The Hexecutioners,2015,19,tt5080804
365083,Harvest Lake,2016,19,tt5129156
376560,The Final Project,2016,19,tt3758334
412111,The Emeryville Experiments,2016,19,tt4513074
464870,The Toymaker,2017,19,tt5457454
481866,Anna,2017,19,tt6427854
498596,The Ballerina,2017,19,tt3517984
512926,Against the Night,2017,19,tt7138894
452947,Lake Alice,2018,19,tt3923004
533938,West of Hell,2018,19,tt4287470
549877,Camp Cold Brook,2018,19,tt5829032
614196,Death of a Vlogger,2019,19,tt8581840
686003,The Dinner Party,2020,19,tt10358198
701277,Evil Little Things,2020,19,tt10331140
804755,Agnes,2021,19,tt11348542
820748,Hollow,2021,19,tt12474816
949423,Pearl,2022,19,tt18925334
937765,I’ll Be Watching,2023,19,tt17624610
1015957,Homestead,2023,19,tt11766766
1024597,The Amityville Curse,2023,19,tt22051468
1045563,The Piper,2023,19,tt13580484
1151703,Island Escape,2023,19,tt27564994
1134866,The Gates,2024,19,tt17501936
1139036,Horror in the High Desert 3: Firewatch,2024,19,tt27523300
1264966,Silence of the Prey,2024,19,tt30129599
1363224,Fear Cabin: The Last Weekend of Summer,2024,19,tt24132234
1377505,Spithood,2024,19,tt18259224
1355271,Jimmy and Stiggs,2025,19,tt33372496
1504635,Great White Waters,2025,19,tt37025253
1544122,Takeout,2025,19,tt37521114
156329,The Mad Genius,1931,20,tt0022103
95560,The Monster Walks,1932,20,tt0023236
118570,Secret of the Blue Room,1933,20,tt0024538
119168,The Lady and the Monster,1944,20,tt0036999
23125,Mesa of Lost Women,1953,20,tt0046066
41030,The Snow Creature,1954,20,tt0047507
38750,The Manster,1959,20,tt0055139
329237,Gigantis: The Fire Monster,1959,20,tt9247554
63087,The Slime People,1963,20,tt0056499
29070,Blood Bath,1966,20,tt0060174
35616,Gammera the Invincible,1966,20,tt0434964
89995,The Frozen Dead,1966,20,tt0060434
49800,The Beast in the Cellar,1970,20,tt0066815
69058,Crescendo,1970,20,tt0064188
27832,The Corpse Grinders,1971,20,tt0068414
30792,Crucible of Horror,1971,20,tt0065595
42487,Necromancy,1972,20,tt0068994
88065,The Werewolf of Washington,1973,20,tt0070908
86743,Death Game,1977,20,tt0075921
114542,Nurse Sherri,1978,20,tt0076478
86499,Effects,1979,20,tt0077485
83857,Windows,1980,20,tt0081759
91561,Deadline,1980,20,tt0082244
84997,They're Playing with Fire,1984,20,tt0088255
119592,Nightmare Weekend,1984,20,tt0091631
90941,Primal Rage,1988,20,tt0102709
109565,Catacombs,1988,20,tt0106636
58690,The Vineyard,1989,20,tt0098600
83363,Offerings,1989,20,tt0098014
31942,Midnight Ride,1990,20,tt0100148
70247,Watchers II,1990,20,tt0100904
128188,Deadly Manor,1990,20,tt0099381
71912,The Runestone,1991,20,tt0100528
55537,Night of the Scarecrow,1995,20,tt0113982
87700,Scanner Cop II,1995,20,tt0114344
89904,The Demolitionist,1995,20,tt0112843
116194,Proteus,1995,20,tt0114196
83409,Feeders,1996,20,tt0183072
27736,Camp Blood 2,2000,20,tt0245814
59317,Scrapbook,2000,20,tt0304676
59095,Revelation,2001,20,tt0278675
27674,Wolves of Wall Street,2002,20,tt0339918
55016,Vampire Clan,2002,20,tt0310298
30767,Eternal,2004,20,tt0382019
43639,Five Across the Eyes,2006,20,tt0888019
48587,Living Death,2006,20,tt0892074
15488,Furnace,2007,20,tt0497373
18440,Days of Darkness,2007,20,tt0499456
23515,Sick Girl,2007,20,tt1078931
69773,Return in Red,2007,20,tt0889218
16925,Scourge,2008,20,tt1137477
25537,Staunton Hill,2009,20,tt1118693
39303,2:13,2009,20,tt1002561
65214,Dead Hooker in a Trunk,2009,20,tt1508661
48016,The Maze,2010,20,tt1675758
52044,Insane,2010,20,tt1491603
73085,Wreckage,2010,20,tt0884214
73986,Anneliese: The Exorcist Tapes,2011,20,tt1911533
83473,7 Nights Of Darkness,2011,20,tt2072029
267743,Mark Of The Witch,2014,20,tt3233972
280005,Blood Moon,2014,20,tt3529110
280923,Death Factory,2014,20,tt2923936
430250,City of Dead Men,2014,20,tt2791026
300321,RWD,2015,20,tt3836480
308194,Zombie Massacre 2: Reich of the Dead,2015,20,tt4117510
316246,The Messenger,2015,20,tt3431016
321377,Plan 9,2015,20,tt2014319
337073,Almost Mercy,2015,20,tt3480446
347855,Curtain,2015,20,tt3118442
355264,The Fear of Darkness,2015,20,tt3484796
413100,Ouija: Summoning,2015,20,tt4450624
289559,House of Purgatory,2016,20,tt1773467
353058,Blood Feast,2016,20,tt4847546
398096,Freshwater,2016,20,tt2751140
419825,The Phoenix Tapes '97,2016,20,tt9036998
426487,The Lighthouse,2016,20,tt3520714
416530,Slasher.com,2017,20,tt3831636
464876,Knights of the Damned,2017,20,tt5931670
471609,The Child Remains,2017,20,tt5343532
478741,Charismata,2017,20,tt5665022
395948,Are We Not Cats,2018,20,tt5325492
531208,Triassic World,2018,20,tt8128866
541042,Aura,2018,20,tt7631320
546476,Sick for Toys,2018,20,tt4602554
511491,My Soul to Keep,2019,20,tt4385944
583337,Artik,2019,20,tt7246106
590050,Candy Corn,2019,20,tt6264182
591459,Pet Graveyard,2019,20,tt8444450
673168,Don't Speak,2020,20,tt10590458
732472,The Amityville Harvest,2020,20,tt11177556
749727,Shepherd,2021,20,tt10196620
811076,Barbarians,2021,20,tt10189536
941256,Craving,2023,20,tt17069062
1034093,Mind Body Spirit,2023,20,tt26748538
901060,Seven Cemeteries,2024,20,tt15330144
1136721,The Glenarma Tapes,2024,20,tt27761801
1252552,Model House,2024,20,tt11749154
1371534,He Sees You When You're Sleeping,2024,20,tt29692592
1095700,The Ruse,2025,20,tt27146069
1235192,Wormtown,2025,20,tt27040807
1409850,The Death of Snow White,2025,20,tt31022851
1519622,The Texas Witch,2025,20,tt14700102
39409,The Strange Door,1951,21,tt0044078
43249,The Cyclops,1957,21,tt0050281
47001,The Thing That Couldn't Die,1958,21,tt0052289
83519,Witchcraft,1964,21,tt0058753
3166,Frankenstein Meets the Space Monster,1965,21,tt0059199
31232,It!,1966,21,tt0061826
28652,Love Camp 7,1969,21,tt0063242
29121,Blood Of Dracula's Castle,1969,21,tt0061412
89351,Daddy's Deadly Darling,1973,21,tt0070537
29854,Seizure,1974,21,tt0072136
47678,The Killing Kind,1974,21,tt0070270
85236,Chosen Survivors,1974,21,tt0071318
37901,The Crater Lake Monster,1977,21,tt0075888
85695,Ruby,1977,21,tt0076644
71503,Cries in the Night,1980,21,tt0083976
40467,Dawn of the Mummy,1981,21,tt0082237
47410,Trapped,1982,21,tt0125308
85202,Trick or Treats,1982,21,tt0084825
42710,Silent Madness,1984,21,tt0088116
3201,The Vindicator,1986,21,tt0092172
69900,Star Crystal,1986,21,tt0092006
41967,Tales from the Gimli Hospital,1988,21,tt0096218
33767,Beyond the Door III,1989,21,tt0096920
36529,Metamorphosis,1990,21,tt0097874
109425,Blood Games,1990,21,tt0099151
78247,Night Terrors,1993,21,tt0108350
92698,Project: Metalbeast,1995,21,tt0114193
55066,The Eternal,1998,21,tt0158011
43749,Wolf Girl,2001,21,tt0265752
55102,The Wisher,2002,21,tt0354216
15473,LD 50 Lethal Dose,2003,21,tt0337659
66121,The Thing Below,2004,21,tt0382443
28660,The Mangler Reborn,2005,21,tt0449066
33197,Chupacabra Terror,2005,21,tt0435617
28640,Devil's Den,2006,21,tt0493409
48519,Dracula's Curse,2006,21,tt0499464
25479,Black Devil Doll,2007,21,tt1139783
28602,Zombie Wars,2007,21,tt0897444
45102,House of Fears,2007,21,tt1002992
76666,Invasion of the Pod People,2007,21,tt1027698
27613,Plaguers,2008,21,tt0918554
25170,The Blackout,2009,21,tt1489946
28585,Bikini Girls on Ice,2009,21,tt1228963
45273,The Bleeding,2009,21,tt1206881
232888,House Swap,2010,21,tt1740762
75862,The Great Ghost Rescue,2011,21,tt1185244
84558,Stormhouse,2011,21,tt1864494
88537,The Fields,2011,21,tt1401236
92635,Snow White: A Deadly Summer,2012,21,tt2149137
122804,Greystone Park,2012,21,tt1588886
131673,It's in the Blood,2012,21,tt2072134
186743,Vampire Boys 2: The New Brood,2013,21,tt2378567
221444,Septic Man,2013,21,tt2574666
268940,The Forbidden Dimensions,2013,21,tt2413516
294047,The Levenger Tapes,2013,21,tt1644669
258255,Mischief Night,2014,21,tt1763256
289190,Felt,2014,21,tt3854104
287525,Kantemir,2015,21,tt2525156
306622,Star Leaf,2015,21,tt3973814
336850,The Encounter,2015,21,tt3746700
355499,Poltergeist Activity,2015,21,tt3231734
380734,Forsaken,2016,21,tt5127300
401359,Breakdown Lane,2017,21,tt3121200
424284,Desolation,2017,21,tt5047400
454439,Flora,2017,21,tt4453756
463015,Devil's Whisper,2017,21,tt5868924
614186,Escape from Marwin,2018,21,tt5554204
545302,Bundy and the Green River Killer,2019,21,tt8549254
680295,A Feral World,2020,21,tt9542116
709642,Vampire Virus,2020,21,tt10960976
674564,The Deep Ones,2021,21,tt11548850
944323,The Dead Girl in Apartment 03,2022,21,tt9093076
923994,"Esme, My Love",2023,21,tt8224010
1059066,Laced,2023,21,tt14844492
1079643,Devil Beneath,2023,21,tt24949716
1101224,The Unseen,2023,21,tt13304086
1114928,Bad Things,2023,21,tt27542845
1145028,Woman in the Maze,2023,21,tt18411838
1158385,Spirit of Fear,2023,21,tt22410094
1022892,Drive Back,2024,21,tt23639696
1296753,Remnant,2024,21,tt15691488
1328814,Amityville: Where the Echo Lives,2024,21,tt10071550
1368213,#MissingCouple,2024,21,tt33794261
955897,The Island Between Tides,2025,21,tt14445366
1563506,Salvation,2025,21,tt7440398
84505,Kongo,1932,22,tt0023101
40091,Sex Madness,1938,22,tt0147467
45607,The Phantom Creeps,1939,22,tt0031796
43796,Spooks Run Wild,1941,22,tt0034224
35914,Cry of the Werewolf,1944,22,tt0036731
29241,Strange Confession,1945,22,tt0038124
64077,Pillow of Death,1945,22,tt0037989
35919,Creature with the Atom Brain,1955,22,tt0047960
22749,Bloodlust!,1961,22,tt0054691
50567,Doctor Blood's Coffin,1961,22,tt0054823
51260,The Crawling Hand,1963,22,tt0056961
30891,Whirlpool,1970,22,tt0065210
56259,Werewolves on Wheels,1971,22,tt0067972
85496,Blood and Lace,1971,22,tt0066848
3162,Blackenstein,1973,22,tt0069795
29596,Nothing But the Night,1973,22,tt0069024
33018,Schizo,1976,22,tt0076670
106682,The Comeback,1978,22,tt0077357
99194,The Evictors,1979,22,tt0079128
25712,The Alien Dead,1980,22,tt0080346
109213,The Zero Boys,1986,22,tt0092288
82315,Retribution,1987,22,tt0095984
83866,Dark Age,1987,22,tt0092830
68347,Food of the Gods II,1989,22,tt0097371
31647,A Nymphoid Barbarian in Dinosaur Hell,1990,22,tt0102569
107438,The Crawlers,1991,22,tt0106620
92779,Seedpeople,1992,22,tt0105347
57597,Xtro 3: Watch the Skies,1995,22,tt0115006
33990,Little Witches,1996,22,tt0116897
9940,Cheerleader Massacre,2003,22,tt0328945
32707,Breaking Dawn,2004,22,tt0366518
34359,Blue Demon,2004,22,tt0444723
18969,Demon Hunter,2005,22,tt0435631
39914,Chaos,2005,22,tt0405977
28344,Bloody Mary,2006,22,tt0469684
16280,13 Hours in a Warehouse,2008,22,tt1065060
44224,Bear,2010,22,tt1468703
48836,Kill Katie Malone,2010,22,tt1523485
70574,A Haunting in Salem,2011,22,tt1912981
71033,The Orphan Killer,2011,22,tt1179071
140343,Shiver,2012,22,tt1800734
172372,Hate Crime,2012,22,tt2257436
201024,Children of Sorrow,2012,22,tt1942828
162010,Nobody Gets Out Alive,2013,22,tt1770675
224950,Solo,2013,22,tt2374196
233208,Warhouse,2013,22,tt2112331
100541,The Ganzfeld Haunting,2014,22,tt1956655
271393,Demon Legacy,2014,22,tt1334558
321478,Hunting Grounds,2015,22,tt3231390
322061,Toxin,2015,22,tt1993396
362065,Fire City: End of Days,2015,22,tt3383214
384452,Cruel Summer,2016,22,tt3071192
388410,Edgar Allan Poe's Lighthouse Keeper,2016,22,tt3181898
405225,The Triangle,2016,22,tt3278988
412471,Dark Silence,2016,22,tt4951834
286003,Angelica,2017,22,tt2741564
340249,The Man in the Shadows,2017,22,tt4363990
432364,The Covenant,2017,22,tt5607782
450829,Redwood,2017,22,tt5949038
482048,Halloween Pussy Trap Kill! Kill!,2017,22,tt7493366
532636,Lasso,2017,22,tt5851598
365651,Minutes to Midnight,2018,22,tt3079568
417611,Beyond the Woods,2018,22,tt5060166
513510,All Light Will End,2018,22,tt6023386
523519,Anonymous 616,2018,22,tt6411954
549214,Strange Nature,2018,22,tt3113836
607072,Deadcon,2019,22,tt7262990
626359,Clown,2019,22,tt10380066
658397,Apparition,2019,22,tt6032704
792101,Bats,2021,22,tt11953368
906460,Death Link,2021,22,tt12503602
338947,Hellraiser,2022,22,tt0887261
880841,Abandoned,2022,22,tt2980152
967022,Abigail,2023,22,tt15531596
1177411,The Portrait,2023,22,tt18115780
1181568,The Exorcists,2023,22,tt28769402
1114137,Birdeater,2024,22,tt20674132
1223050,Roadkill,2024,22,tt4029940
1286218,Mira Mira,2024,22,tt31598462
1321239,Shark Warning,2024,22,tt32990776
1287842,The Dead Thing,2025,22,tt21967916
1297454,The Death That Awaits,2025,22,tt18107136
1385169,Rumpelstiltskin,2025,22,tt34171000
1448938,Abduct,2025,22,tt36437047
1528660,Holy Ghost,2025,22,tt36364273
23389,Revolt of the Zombies,1936,23,tt0028174
80720,You'll Find Out,1940,23,tt0033283
22741,Black Dragons,1942,23,tt0034521
22856,Bride of the Gorilla,1951,23,tt0043360
52639,Blood of the Vampire,1958,23,tt0051422
48421,The Devil's Hand,1961,23,tt0055902
37342,Maniac,1963,23,tt0056219
48136,Two on a Guillotine,1965,23,tt0059837
74397,The Psychopath,1966,23,tt0060866
44000,Trog,1970,23,tt0066492
28160,Grave of the Vampire,1972,23,tt0068658
63317,Poor Pretty Eddie,1975,23,tt0070556
113525,Embryo,1976,23,tt0074475
103578,Prey,1977,23,tt0086872
84628,The Survivor,1981,23,tt0083144
85512,Jaws of Satan,1981,23,tt0082580
49332,Deadly Eyes,1982,23,tt0083801
59738,Girls Nite Out,1982,23,tt0087336
5734,Biohazard,1985,23,tt0086967
85165,Evil Laugh,1986,23,tt0095120
27662,Deep Space,1988,23,tt0092863
59744,Grotesque,1988,23,tt0095256
85170,Memorial Valley Massacre,1988,23,tt0095611
67309,Beware: Children at Play,1989,23,tt0112492
78253,Hell High,1989,23,tt0091192
87469,Syngenor,1990,23,tt0100728
68163,The Hidden II,1993,23,tt0110022
59051,Dark Angel: The Ascent,1994,23,tt0109542
89345,Bloody Murder,2000,23,tt0240380
103971,Bloody Murder 2: Closing Camp,2003,23,tt0303732
37005,All Souls Day: Dia de los Muertos,2005,23,tt0428212
18177,Automaton Transfusion,2006,23,tt0469683
4290,Supergator,2007,23,tt0827735
51782,The Hitchhiker,2007,23,tt0934459
55529,The Thirst,2007,23,tt0490527
25579,Wicked Lake,2008,23,tt0907681
22177,Autumn,2009,23,tt1198333
24392,The Dark Lurking,2010,23,tt1391579
54099,Hyenas,2010,23,tt0887143
61716,Killjoy 3,2010,23,tt1603314
68523,Slow Torture Puke Chamber,2010,23,tt1937329
42916,Fading of the Cries,2011,23,tt1262406
71392,Vampire Boys,2011,23,tt1781947
78308,Blood Runs Cold,2011,23,tt1844633
119255,"Gangsters, Guns and Zombies",2012,23,tt2151633
140166,The Black Dahlia Haunting,2012,23,tt2359347
193603,Hayride,2012,23,tt1861343
179159,Germ,2013,23,tt1495776
197010,Butter on the Latch,2013,23,tt2252304
222264,Paranormal Asylum: The Revenge of Typhoid Mary,2013,23,tt2748088
223732,Bloody Homecoming,2013,23,tt2040295
224951,Evil Feed,2013,23,tt2302601
211258,Wax,2014,23,tt2692538
283749,Ninja Apocalypse,2014,23,tt3085500
290235,Find Me,2014,23,tt3027188
290656,Raised by Wolves,2014,23,tt2350852
293828,Starve,2014,23,tt3350890
286367,Classroom 6,2015,23,tt2609998
319847,Hansel Vs. Gretel,2015,23,tt4145350
408149,Isle of the Dead,2016,23,tt5108168
431392,Ouija 3: The Charlie Charlie Challenge,2016,23,tt5156910
464738,The Terror of Hallow's Eve,2017,23,tt5183500
488342,Scarecrows,2017,23,tt5283288
434520,The Ninth Passenger,2018,23,tt5361326
537943,Malevolence 3: Killer,2018,23,tt3487610
551758,Daddy's Girl,2018,23,tt1662546
555252,Killer Under The Bed,2018,23,tt9149982
566556,The Cabin,2018,23,tt5963066
517831,The Young Cannibals,2019,23,tt6112524
572430,Hacksaw,2020,23,tt7736042
668343,Alien Outbreak,2020,23,tt6409856
683716,Don't Let Them In,2020,23,tt10198072
696605,What Josiah Saw,2021,23,tt3097396
775265,Virus Shark,2021,23,tt13785940
786627,Shook,2021,23,tt7211648
821390,The Retreat,2021,23,tt11392272
1114743,The Curse of the Clown Motel,2023,23,tt14494208
1176128,Santa Isn't Real,2023,23,tt22037872
1116984,All You Need Is Death,2024,23,tt27562761
1376237,Savage Hunt,2025,23,tt31868543
29126,Black Moon,1934,24,tt0024895
26924,The Man with Nine Lives,1940,24,tt0032753
32862,Revenge of the Zombies,1943,24,tt0036307
23281,One Body Too Many,1944,24,tt0037151
29468,Strangler of the Swamp,1946,24,tt0038129
85498,The Maze,1953,24,tt0046057
29412,"The Phantom from 10,000 Leagues",1955,24,tt0049615
38823,Horrors of the Black Museum,1959,24,tt0052901
147941,Curse of the Undead,1959,24,tt0052718
42793,The Flesh Eaters,1964,24,tt0058101
42717,Circus of Fear,1966,24,tt0060865
29491,The Possession of Joel Delaney,1972,24,tt0067601
36600,The Flesh and Blood Show,1972,24,tt0068596
70810,The Ghoul,1975,24,tt0073042
139349,The Premonition,1976,24,tt0075097
87489,Document of the Dead,1981,24,tt0173771
30049,Time Walker,1982,24,tt0084796
72349,Eyes of Fire,1983,24,tt0085515
75564,The Galaxy Invader,1985,24,tt0089185
77361,Death Warmed Up,1985,24,tt0089002
69141,Celia,1989,24,tt0094849
60190,Beyond Darkness,1990,24,tt0103802
95730,Lisa,1990,24,tt0100031
60158,Afraid of the Dark,1991,24,tt0101276
76450,Skinner,1993,24,tt0114466
28529,Sorceress,1995,24,tt0111244
98640,Sleepstalker,1995,24,tt0114473
27336,Lighthouse,2000,24,tt0139426
34794,The St. Francisville Experiment,2000,24,tt0218625
27345,The Mangler 2,2001,24,tt0260162
27712,Killjoy 2: Deliverance from Evil,2002,24,tt0295369
24196,The Hillside Strangler,2004,24,tt0376649
10076,Severed,2005,24,tt0428390
28416,Forest of the Damned,2005,24,tt0417686
25974,Moscow Zero,2006,24,tt0488164
29797,Ed Gein: The Butcher of Plainfield,2007,24,tt0858437
50376,Frayed,2007,24,tt1125188
16309,Monster,2008,24,tt1148277
27231,Colin,2008,24,tt1278322
32540,The Disappeared,2008,24,tt1094295
39564,Dark Moon Rising,2009,24,tt1231593
70059,Wolf Town,2011,24,tt1562928
101791,Elfie Hopkins,2012,24,tt1470022
106238,Gut,2012,24,tt1506459
238519,Taeter City,2012,24,tt2306836
195389,Absence,2013,24,tt2736254
202083,Prank,2013,24,tt2064905
209780,Crawlspace,2013,24,tt2141777
254174,The Penny Dreadful Picture Show,2013,24,tt2317484
186889,Devil's Tower,2014,24,tt2290534
229154,Styria,2014,24,tt1764614
252189,Camp Dread,2014,24,tt2419354
280127,Hazard Jack,2014,24,tt3170972
422010,I Know You're in There,2016,24,tt5116248
423246,Drifter,2016,24,tt4655630
432606,Sleep Has Her House,2017,24,tt6381052
455595,Residue,2017,24,tt5009286
479746,Demons,2017,24,tt6175486
434392,The Rake,2018,24,tt5226192
606443,The Swerve,2018,24,tt7090638
588446,Little Necro Red,2019,24,tt7704346
636514,Portals,2019,24,tt10327842
449753,Human Zoo,2020,24,tt5575918
458673,Hunter's Moon,2020,24,tt5761986
728791,Playhouse,2020,24,tt9449666
739123,Tales from the Hood 3,2020,24,tt11453082
487955,Nebulous Dark,2021,24,tt5911072
852485,She Will,2022,24,tt9340916
596702,Subspecies V: Blood Rise,2023,24,tt11075540
995805,Bermuda Island,2023,24,tt14926914
1017063,Sound of Silence,2023,24,tt19363554
1146249,Cabin Girl,2023,24,tt17519798
831396,The Bunker,2024,24,tt14598536
1086867,Cora,2024,24,tt25504014
1196646,Camp Pleasant Lake,2024,24,tt20864606
27502,The Monster,1925,25,tt0016123
27501,The Bat,1926,25,tt0016629
109841,Supernatural,1933,25,tt0024631
30183,Zombies on Broadway,1945,25,tt0038270
35911,Cult of the Cobra,1955,25,tt0047966
85237,The Vampire,1957,25,tt0051150
56767,The Colossus of New York,1958,25,tt0051484
47003,The Deadly Bees,1966,25,tt0061557
121401,Eye of the Cat,1969,25,tt0064310
28855,The Return of Count Yorga,1971,25,tt0067671
79181,Scream Bloody Murder,1973,25,tt0070654
116445,Wonder Women,1973,25,tt0070926
66765,Act of Vengeance,1974,25,tt0072067
106774,Cathy's Curse,1977,25,tt0075820
87706,The Dark,1979,25,tt0079027
59734,Bloodeaters,1980,25,tt0080448
88410,Beyond Evil,1980,25,tt0080431
91817,Fear No Evil,1981,25,tt0082367
58790,Blood Tide,1982,25,tt0083661
29692,Psycho Cop,1989,25,tt0095922
72756,Meridian,1990,25,tt0100139
39930,Henry: Portrait of a Serial Killer 2 - Mask of Sanity,1996,25,tt0116516
70123,Final Stab,2001,25,tt0280672
115755,The Black Door,2001,25,tt0308049
29556,Rats,2003,25,tt0277986
27417,The Roost,2005,25,tt0387549
68028,Thralls,2005,25,tt0404496
35721,Live Feed,2006,25,tt0481280
42289,666: The Child,2006,25,tt0783492
14143,The Devil's Ground,2008,25,tt1153102
22745,The Seamstress,2009,25,tt1326260
32978,Necrosis,2009,25,tt1131743
68212,The Terror Experiment,2010,25,tt1323917
68610,ReGOREgitated Sacrifice,2010,25,tt1979309
84942,The Watermen,2011,25,tt1715223
111901,The Collapsed,2011,25,tt1734122
86215,The Cloth,2012,25,tt2088923
88379,Osombie,2012,25,tt2141875
91319,1313: Bigfoot Island,2012,25,tt2083123
100024,Bloodwork,2012,25,tt1562567
160128,Sawney: Flesh of Man,2012,25,tt1887748
121572,Toad Road,2013,25,tt2076372
192023,The Invoking,2013,25,tt2435514
201426,Delivery: The Beast Within,2013,25,tt1957886
207770,The Paranormal Diaries: Clophill,2013,25,tt1852137
224243,Soulmate,2013,25,tt2504580
245589,Voodoo Possession,2014,25,tt3341832
293901,Haunting of Cellblock 11,2014,25,tt2544472
324986,The Last House on Cemetery Lane,2015,25,tt3144266
363844,The Ouija Exorcism,2015,25,tt4859032
388994,Ayla,2017,25,tt4044896
423536,Ghosts of Darkness,2017,25,tt4705740
429734,Psychopaths,2017,25,tt5472896
445744,Inoperable,2017,25,tt5325604
468455,Haunters: The Art of the Scare,2017,25,tt4201990
507892,Devil's Tree: Rooted Evil,2018,25,tt7315526
513224,The Executioners,2018,25,tt6185998
586097,Robert Reborn,2019,25,tt8401820
664561,Cruel Peter,2020,25,tt6051260
749240,In Search of Darkness: Part II,2020,25,tt13198946
767250,Die Influencers Die,2020,25,tt12921824
849365,Double Walker,2021,25,tt12752246
912391,Last Radio Call,2022,25,tt14569490
940045,History of Evil,2023,25,tt15476366
1173559,Insidious Inferno,2024,25,tt26349732
1275003,Spirit in the Blood,2024,25,tt31514476
1290409,Killer Body Count,2024,25,tt31777553
1094836,Uncontained,2025,25,tt17278866
108382,The Monster Maker,1944,26,tt0037084
23293,Phantom from Space,1953,26,tt0046186
57665,The Mask,1961,26,tt0055151
93929,The Haunted House of Horror,1969,26,tt0064443
42519,The Brotherhood of Satan,1971,26,tt0066863
46439,Daughters of Satan,1972,26,tt0068448
128971,The Night of a Thousand Cats,1972,26,tt0069018
40387,Night Watch,1973,26,tt0070444
40343,Death Weekend,1976,26,tt0075922
86332,The Redeemer: Son of Satan!,1978,26,tt0130216
84999,Blood Beat,1983,26,tt0088822
36837,FleshEater,1988,26,tt0109809
88377,Robo Vampire,1988,26,tt0121694
126463,Night Killer,1990,26,tt0401696
58864,The Boneyard,1991,26,tt0101497
28790,Arcade,1993,26,tt0106302
27498,Jack-O,1995,26,tt0113449
33695,The Eighteenth Angel,1997,26,tt0119055
51831,The Minion,1998,26,tt0139465
54511,The Collingswood Story,2002,26,tt0328720
27619,The Hazing,2004,26,tt0366555
22060,Spirit Trap,2005,26,tt0419160
35733,Amateur Porn Star Killer,2006,26,tt0772152
18547,The Ferryman,2007,26,tt0808265
30579,Hallowed Ground,2007,26,tt0914372
14209,The Morgue,2008,26,tt0949888
34195,The Dead Outside,2008,26,tt1206082
25693,Albino Farm,2009,26,tt1050001
30286,Penance,2009,26,tt1261414
49847,The Possession of David O'Reilly,2010,26,tt1535617
82628,Xtinction: Predator X,2010,26,tt1666187
54094,Demons Never Die,2011,26,tt1777612
81972,The Hunters,2011,26,tt1591504
101501,The Afflicted,2011,26,tt1566637
107315,Below Zero,2011,26,tt1641388
114635,The Helpers,2012,26,tt1854582
116475,Saturday Morning Massacre,2012,26,tt2321501
178687,616: Paranormal Incident,2013,26,tt2676710
224778,The Gauntlet,2013,26,tt1067773
243901,Dracula: The Impaler,2013,26,tt2543202
260163,Apocalyptic,2014,26,tt3237154
263416,Dead Sea,2014,26,tt1663222
340213,Darkest Day,2015,26,tt2630992
375580,Dead Body,2017,26,tt3844962
391596,Return To Salem's Cove,2017,26,tt3990622
432063,Pool Party Massacre,2017,26,tt5923752
467405,Don't Sleep,2017,26,tt4329806
455304,Sleep No More,2018,26,tt5861882
480394,They Remain,2018,26,tt4991112
541100,Thriller,2018,26,tt7671414
557526,The Dark Red,2018,26,tt5160614
552294,Echoes of Fear,2019,26,tt8236588
585604,Wake Up,2019,26,tt7222228
672761,The Candy Witch,2020,26,tt10843814
717021,The Oak Room,2020,26,tt10743534
681986,The Last Thing Mary Saw,2021,26,tt9741180
750587,Lady Usher,2021,26,tt10657992
874728,The Secret of Sinchanee,2021,26,tt11123012
478530,Impuratus,2023,26,tt4945764
938669,The Bell Keeper,2023,26,tt18252144
989872,"Hunt Her, Kill Her",2023,26,tt20848830
1004130,Stalker,2023,26,tt21379060
1088619,The Unheard,2023,26,tt9112182
1104670,Pillow Party Massacre,2023,26,tt22206816
1148787,Eight Eyes,2023,26,tt28315962
1165918,Megalodon: The Frenzy,2023,26,tt27572862
1179188,The Picture of Dorian Gray,2023,26,tt21411206
1139937,Frogman,2024,26,tt21377766
1146246,The Deep Web: Murdershow,2024,26,tt6810618
1265647,Monster Mash,2024,26,tt30469723
29466,The Magician,1926,27,tt0017103
26162,The Bat Whispers,1930,27,tt0020668
30342,The Boogie Man Will Get You,1942,27,tt0034540
30345,The Black Castle,1952,27,tt0044423
29058,The Beast with a Million Eyes,1955,27,tt0048991
3164,Frankenstein 1970,1958,27,tt0051630
29416,Horror of the Blood Monsters,1970,27,tt0065852
86193,The Incredible 2-Headed Transplant,1971,27,tt0067245
29957,Barracuda,1978,27,tt0077210
31263,Boggy Creek II: And the Legend Continues,1984,27,tt0088772
97975,Special Effects,1984,27,tt0088157
15901,Faces of Death III,1985,27,tt0121261
52318,The Falling,1985,27,tt0092530
85137,Girls' School Screamers,1986,27,tt0091118
59735,Cameron's Closet,1988,27,tt0097008
31129,The Final Sacrifice,1990,27,tt0131550
55952,Xtro 2: The Second Encounter,1990,27,tt0100975
87451,The Unborn,1991,27,tt0103157
29693,Psycho Cop Returns,1993,27,tt0107894
75555,The Fear,1995,27,tt0113043
55667,Carnosaur 3: Primal Species,1996,27,tt0115834
9938,Raptor,2001,27,tt0292634
28572,Antibody,2002,27,tt0295173
28508,Gargoyle: Wings of Darkness,2004,27,tt0409999
37944,The Lazarus Child,2004,27,tt0368836
10042,Within,2005,27,tt0451262
28721,Zodiac Killer,2005,27,tt0469999
51465,The Other Side,2006,27,tt0393567
68116,Incubus,2006,27,tt0462359
18096,The Gray Man,2007,27,tt0478329
29833,Brain Dead,2007,27,tt0914799
25713,Animals,2008,27,tt1056036
27284,Philosophy of a Knife,2008,27,tt0961119
13826,Knife Edge,2009,27,tt0810924
31549,Blood River,2009,27,tt1137999
74008,Undocumented,2010,27,tt1468381
90363,Mysterious Island,2010,27,tt1705125
58792,BreadCrumbs,2011,27,tt1219822
62904,Mask Maker,2011,27,tt1577055
79906,Occupant,2011,27,tt1671582
124054,Shark Week,2012,27,tt2292182
190829,Night of the Living Dead: Resurrection,2012,27,tt2006801
185755,The Taking,2013,27,tt2459028
203186,Abandoned Mine,2013,27,tt1329404
224944,Silent Retreat,2013,27,tt2672180
291347,Lost Time,2014,27,tt2564978
303267,90210 Shark Attack,2015,27,tt3544654
334088,Curse of the Witching Tree,2015,27,tt3796936
387396,Shark Exorcist,2015,27,tt3120314
308017,Silent Retreat,2016,27,tt3563892
405535,The Chamber,2016,27,tt5167934
433002,Amityville Exorcism,2017,27,tt6068978
436285,Serpent,2017,27,tt5876412
466169,Habit,2017,27,tt5240258
548257,Alien Predator,2018,27,tt8633296
560014,The Black String,2018,27,tt6141334
526225,Gates of Darkness,2019,27,tt3859138
583046,1st Summoning,2019,27,tt8142044
609919,She Never Died,2019,27,tt8569578
763368,Incision,2020,27,tt11486994
827315,American Refugee,2021,27,tt14556184
879917,Jack and Jill,2021,27,tt14546630
747731,Johnny Z,2023,27,tt9272826
951996,The Quantum Devil,2023,27,tt14579904
1029322,Ganymede,2023,27,tt21519398
1139296,ROMI,2023,27,tt15789388
1190462,Breathing In,2023,27,tt22234810
1062276,Dark Match,2024,27,tt23648404
1161655,Blind Waters,2024,27,tt28138183
1244039,Butchers Book Two: Raghorn,2024,27,tt27911892
1236204,Birthrite,2025,27,tt28235110
41023,Dead Men Walk,1943,28,tt0035784
43342,Donovan's Brain,1953,28,tt0045699
43248,The Brain from Planet Arous,1957,28,tt0050210
84058,From Hell It Came,1957,28,tt0050414
86667,Grip of the Strangler,1958,28,tt0051706
52745,The Leech Woman,1960,28,tt0054020
37464,Monstrosity,1963,28,tt0057859
56165,Billy the Kid Versus Dracula,1966,28,tt0060168
27831,The Astro-Zombies,1968,28,tt0064048
71945,Night of Dark Shadows,1971,28,tt0067491
91736,Octaman,1971,28,tt0067515
83413,Blood Freak,1972,28,tt0132888
26703,Dracula's Dog,1978,28,tt0077470
38826,Terror,1978,28,tt0141897
79785,Harlequin,1980,28,tt0080842
72574,Death Valley,1982,28,tt0083805
86068,The House Where Evil Dwells,1982,28,tt0084096
85141,The Majorettes,1986,28,tt0091462
78402,Killer Crocodile,1989,28,tt0143338
87704,Curse II: The Bite,1989,28,tt0094929
30921,Scanner Cop,1994,28,tt0111082
48038,Evolver,1995,28,tt0112993
52022,Subspecies 4: Bloodstorm,1998,28,tt0181315
85230,The Clown at Midnight,1998,28,tt0156413
15701,The Irrefutable Truth About Demons,2000,28,tt0267601
17140,The Attic Expeditions,2001,28,tt0118652
10250,The Butcher,2006,28,tt0478165
40465,Chain Reaction,2006,28,tt0460742
78561,Sasquatch Mountain,2006,28,tt0486569
19205,Cthulhu,2007,28,tt0478126
13340,Triloquist,2008,28,tt0478305
25573,Conjurer,2008,28,tt0896533
35247,The Lodge,2008,28,tt0475323
19969,Skeleton Crew,2009,28,tt1297945
45729,Dark House,2009,28,tt1260567
55006,The 7th Dimension,2009,28,tt1436571
41445,Psychosis,2010,28,tt1351784
60306,Victim,2010,28,tt0918575
70878,Mimesis,2011,28,tt1720164
121071,No Tell Motel,2012,28,tt2049511
150211,The Frozen,2012,28,tt2363439
159109,The Rambler,2013,28,tt2381355
228915,Lord of Tears,2013,28,tt2367066
252455,Code Red,2013,28,tt2119404
277687,The Midnight Swim,2015,28,tt3569374
336167,Private Number,2015,28,tt3103412
365432,The Sublet,2015,28,tt4285960
369912,A Night of Horror Volume 1,2015,28,tt4586114
375989,Dark,2015,28,tt2226321
336271,The Dark Stranger,2016,28,tt3653650
434669,My Little Sister,2016,28,tt5178348
440397,A Demon Within,2017,28,tt3499358
477623,Mother Krampus,2017,28,tt6126492
601099,Verotika,2019,28,tt9425078
684139,Behind You,2020,28,tt7335796
733491,They Live Inside Us,2020,28,tt8327630
770428,We Still Say Grace,2020,28,tt3408894
631583,Sacrifice,2021,28,tt10004108
892113,Death Valley,2021,28,tt14623762
870671,The Hunting,2022,28,tt9898844
980152,Medusa's Venom,2023,28,tt16911700
1032949,Beaten to Death,2023,28,tt13852690
1058689,My Animal,2023,28,tt23572542
960470,Woken,2024,28,tt21068514
1221415,Brute 1976,2024,28,tt30561103
1233776,Cellphone,2024,28,tt27991355
1330373,Alien: Rubicon,2024,28,tt33383283
1236471,Everyone Is Going to Die,2025,28,tt14048164
1372260,Your Host,2025,28,tt33980854
30640,The Man Who Changed His Mind,1936,29,tt0027938
106296,The Monster and the Girl,1941,29,tt0033916
109109,Horror Island,1941,29,tt0033728
29071,The Undead,1957,29,tt0051128
27642,Queen of Blood,1966,29,tt0060877
93939,The Shuttered Room,1967,29,tt0062266
39861,Corruption,1968,29,tt0061520
42452,The House of Seven Corpses,1974,29,tt0071627
56383,"Lisa, Lisa",1974,29,tt0075710
39924,Exposé,1976,29,tt0072960
106679,House of Mortal Sin,1976,29,tt0072813
29342,The Bees,1978,29,tt0075620
85196,The Forest,1982,29,tt0122070
47894,Terror in the Aisles,1984,29,tt0088249
84422,Don't Open Till Christmas,1984,29,tt0089038
78068,Blood Harvest,1987,29,tt0092671
61054,Children of the Night,1991,29,tt0103957
70553,Sleepaway Camp IV: The Survivor,1992,29,tt0303058
28671,Habit,1996,29,tt0113241
45431,Devil in the Flesh,1998,29,tt0143213
105588,Progeny,1998,29,tt0167350
40833,King Cobra,1999,29,tt0138797
28933,The Brotherhood,2001,29,tt0265105
4289,Dinocroc,2004,29,tt0365653
40458,Welcome to the Jungle,2007,29,tt1090360
27612,Plague Town,2008,29,tt1118687
43737,Splintered,2010,29,tt1016241
79721,Extinction: The G.M.O. Chronicles,2011,29,tt1416336
87835,Inkubus,2011,29,tt1650537
214990,An American Ghost Story,2012,29,tt2241471
218266,Dracula: The Dark Prince,2013,29,tt2287214
253205,Deadly Weekend,2013,29,tt1523584
255295,Speak No Evil,2013,29,tt2503358
283327,Seed 2,2014,29,tt2916324
343750,Dorchester's Revenge: The Return of Crinoline Head,2014,29,tt3448124
157422,The Wicked Within,2015,29,tt1943014
298036,The Burning Dead,2015,29,tt3369676
334026,Sun Choke,2015,29,tt3395582
350837,Antisocial 2,2015,29,tt4004084
340185,Dead Story,2017,29,tt4282872
345921,Headgame,2018,29,tt4518962
476929,The Witch Files,2018,29,tt4580550
552485,A Child's Voice,2018,29,tt7709804
675253,M.O.M. Mothers of Monsters,2020,29,tt8186932
718022,Heks,2020,29,tt9719452
722780,For the Sake of Vicious,2021,29,tt11014390
1103731,In Vitro,2025,29,tt17081498
1229910,Kryptic,2025,29,tt22697898
1289893,Somnium,2025,29,tt4920098
1536233,The Summoning of Baby Blue,2025,29,tt38057342
96951,Salomé,1922,30,tt0013571
38346,Bowery at Midnight,1942,30,tt0034546
84720,The Brute Man,1946,30,tt0038387
23622,Scared to Death,1947,30,tt0039800
28437,The Black Sleep,1956,30,tt0049013
77571,What Ever Happened to Aunt Alice?,1969,30,tt0065206
52941,"I, Monster",1971,30,tt0068727
27116,Bluebeard,1972,30,tt0068294
28159,The Bat People,1974,30,tt0071198
83172,Spawn of the Slithis,1978,30,tt0078277
28380,Silent Scream,1979,30,tt0081515
61689,Thirst,1979,30,tt0080016
79823,Schizoid,1980,30,tt0081459
40236,The Nesting,1981,30,tt0082804
103071,Demonoid: Messenger of Death,1981,30,tt0082257
30670,Humongous,1982,30,tt0082537
40463,Berserker,1987,30,tt0164393
70779,The American Nightmare,2000,30,tt0259182
24649,Wishcraft,2002,30,tt0255702
97206,Taboo,2002,30,tt0288243
30402,Intermedio,2005,30,tt0414161
31463,Subject Two,2006,30,tt0492912
22551,Believers,2007,30,tt0878652
24874,Dark Mirror,2007,30,tt0486651
24963,Dead Air,2009,30,tt0993841
83877,Amphibious 3D,2010,30,tt1540761
78362,Snow Beast,2011,30,tt1623765
143142,Axe Giant - The Wrath of Paul Bunyan,2013,30,tt1684548
328216,Be My Cat: A Film for Anne,2015,30,tt3176980
342896,I-Lived,2015,30,tt2949196
344593,Cherry Tree,2015,30,tt3792330
396152,Restoration,2016,30,tt4517738
403130,Intruder,2016,30,tt3014556
422471,Pitchfork,2016,30,tt4985848
462115,Dead Trigger,2017,30,tt5662550
511474,Soul to Keep,2018,30,tt5031658
519337,Tempus Tormentum,2018,30,tt6469826
552950,Welcome to Mercy,2018,30,tt2233979
513372,Hoax,2019,30,tt5580688
805682,Horror in the High Desert,2021,30,tt13964404
1115604,Kinderfänger,2023,30,tt21429858
1122504,Exorcism in Utero,2023,30,tt22206842
1124272,Bone Cold,2023,30,tt9658288
1244657,The Blackwell Ghost 8,2024,30,tt31149929
1169210,The Mannequin,2025,30,tt11261532
1188423,Site,2025,30,tt10278542
1554419,Match,2025,30,tt37436190
90695,Ghosts on the Loose,1943,31,tt0035939
39407,The Climax,1944,31,tt0036715
38269,War of the Colossal Beast,1958,31,tt0052378
58997,Invisible Invaders,1959,31,tt0052929
28586,Tormented,1960,31,tt0054393
29403,The Night Walker,1964,31,tt0058403
39262,The Mummy's Shroud,1967,31,tt0062006
3485,The Castle of Fu Manchu,1969,31,tt0064338
31382,The Touch of Satan,1971,31,tt0066476
46359,Demons of the Mind,1972,31,tt0066982
30788,Satan's Slave,1976,31,tt0075164
98851,Parts: The Clonus Horror,1979,31,tt0078062
80624,The Godsend,1980,31,tt0080802
85189,Ghostkeeper,1981,31,tt0128232
46522,The Aftermath,1982,31,tt0083526
54116,Unhinged,1982,31,tt0180274
5733,Scalps,1983,31,tt0086248
90926,Ghost Town,1988,31,tt0095215
31276,Soultaker,1990,31,tt0100665
88174,Whispers in the Dark,1992,31,tt0105811
29098,The Unnamable II,1993,31,tt0108447
27895,The Curse of the Komodo,2004,31,tt0346811
9987,Headspace,2005,31,tt0417745
10114,Ring Around the Rosie,2006,31,tt0331488
29865,Trapped Ashes,2006,31,tt0478303
24198,AVH: Alien vs. Hunter,2007,31,tt1094162
56242,Demonic Toys: Personal Demons,2010,31,tt1444258
64108,The Frankenstein Syndrome,2010,31,tt1337686
176990,Sorority Party Massacre,2012,31,tt2202569
297580,Day of the Mummy,2014,31,tt3116438
356483,Unnatural,2015,31,tt3551400
340197,All I Need,2016,31,tt2370228
347097,Observance,2016,31,tt3591988
347127,The Charnel House,2016,31,tt4633662
394855,Ballad in Blood,2016,31,tt5503824
399611,The Unseen,2016,31,tt4667084
426034,The Changeover,2017,31,tt5699060
444490,Sequence Break,2017,31,tt5798432
464879,Cabin 28,2017,31,tt5457484
457685,Island Zero,2018,31,tt5566778
550412,The Legend of Halloween Jack,2018,31,tt7601296
646541,In the Trap,2020,31,tt3280186
920429,The Great and Terrible Day of the Lord,2021,31,tt8447554
631947,The Legend of La Llorona,2022,31,tt7267498
815136,Alone at Night,2023,31,tt13092974
848887,Outpost,2023,31,tt11573276
1035798,Nightmare Radio: The Night Stalker,2023,31,tt22815452
1140168,Freddy's Fridays,2023,31,tt27819390
1124509,Hostile Dimensions,2024,31,tt27434554
1269021,Wake,2024,31,tt18293318
1280990,Consumed,2024,31,tt13374480
1353333,Mouseboat Massacre,2025,31,tt33362805
1551003,R.L. Stine's Pumpkinhead,2025,31,tt38218065
59158,The Death Kiss,1932,32,tt0023935
29609,The Ghost Train,1941,32,tt0033660
30307,The Devil Commands,1941,32,tt0033530
28363,The Mad Magician,1954,32,tt0047200
52204,The Brain Eaters,1958,32,tt0051432
52203,The Flesh and the Fiends,1960,32,tt0052811
42689,Berserk,1967,32,tt0061398
72153,Virgin Witch,1972,32,tt0069464
40955,Blue Sunshine,1977,32,tt0074226
70084,The Prey,1983,32,tt0086137
83292,The Suckling,1990,32,tt0140581
48291,Dead Space,1991,32,tt0101675
31244,Merlin's Shop of Mystical Wonders,1996,32,tt0174917
65379,Vampires: Out For Blood,2004,32,tt0375562
36960,Memory,2006,32,tt0418879
67742,S&Man,2006,32,tt0800361
9898,The Killing Floor,2007,32,tt0756672
14983,Carver,2008,32,tt1001333
36671,B.T.K.,2008,32,tt1176095
41203,Neighbor,2009,32,tt1362103
45347,The Bleeding House,2011,32,tt1535566
121597,Comedown,2012,32,tt1376168
224244,Discopath,2013,32,tt2677894
252151,The Black Water Vampire,2014,32,tt2853182
266882,Closer to God,2014,32,tt3457486
296244,Plague,2015,32,tt3949586
326415,Headless,2015,32,tt3922350
340855,Raiders of the Lost Shark,2015,32,tt3959690
352988,Dark Moon Rising,2015,32,tt3155734
363690,Tank 432,2015,32,tt4475992
386172,The Rift,2016,32,tt4509840
402516,Sharkenstein,2016,32,tt5636234
403283,Gehenna: Where Death Lives,2016,32,tt4499228
404830,The Creature Below,2016,32,tt4368098
404947,Sinister Squad,2016,32,tt5481984
406625,Happy Birthday,2016,32,tt3620846
427800,Capture Kill Release,2016,32,tt5363736
444689,Quarries,2016,32,tt3709442
449550,Housewife,2017,32,tt6464678
452571,Land of Smiles,2017,32,tt3421124
472686,Dementia 13,2017,32,tt5806506
472717,The Documentary,2017,32,tt3766448
524788,The Appearance,2018,32,tt6857040
525200,The School,2018,32,tt6072502
532653,Fright Fest,2018,32,tt5829104
746953,The Rejected,2018,32,tt14039986
674528,Sacrilege,2020,32,tt10660954
776501,We’re All Going to the World’s Fair,2022,32,tt13648224
1115694,Goatman,2023,32,tt20770022
1197830,Wild Eyed and Wicked,2024,32,tt19224314
1276038,A Desert,2025,32,tt32139458
1317877,Dream Eater,2025,32,tt27861297
27144,The Human Monster,1939,33,tt0031208
26923,Before I Hang,1940,33,tt0032245
84234,The Mad Ghoul,1943,33,tt0036125
64076,Weird Woman,1944,33,tt0037453
28955,First Man into Space,1959,33,tt0052805
29318,Devil Doll,1964,33,tt0058007
31119,Monster a Go-Go,1965,33,tt0059464
63512,Murders in the Rue Morgue,1971,33,tt0067457
83834,The Child,1977,33,tt0075838
94874,Savage Weekend,1979,33,tt0079855
40102,Don't Answer the Phone!,1980,33,tt0080645
30644,Raw Force,1982,33,tt0084573
54132,The Dorm That Dripped Blood,1982,33,tt0082279
73218,The Being,1983,33,tt0085224
14157,Impulse,1984,33,tt0087464
27881,Zombie Island Massacre,1984,33,tt0088454
204611,The McPherson Tape,1989,33,tt0169005
1877,Doctor Mordrid,1992,33,tt0104115
40251,Witchboard 2: The Devil's Doorway,1993,33,tt0108577
87874,Werewolf,1997,33,tt0118137
47488,Hellbent,2004,33,tt0356159
13946,The Rage,2007,33,tt0497432
48837,Midnight Son,2011,33,tt1068961
73943,388 Arletta Avenue,2011,33,tt1767272
117120,The Facility,2012,33,tt1650044
120698,I Am a Ghost,2012,33,tt2076862
121498,Creep Van,2012,33,tt1844643
131887,Entity,2012,33,tt1842356
221161,Devoured,2012,33,tt2010976
279967,Dead Within,2014,33,tt2417970
279977,The Mirror,2014,33,tt3547900
347764,Goddess of Love,2015,33,tt3432552
359255,The Inhabitants,2015,33,tt3919598
366551,Krampus: The Reckoning,2015,33,tt4820312
381170,American Conjuring,2016,33,tt2425866
384978,Puppet Master: Axis Termination,2017,33,tt5257554
541071,Die in One Day,2017,33,tt7115500
445710,Children of the Corn: Runaway,2018,33,tt5565634
524787,The Russian Bride,2019,33,tt6214468
630288,The Final Scream,2020,33,tt7097358
766076,From the Depths,2020,33,tt11404762
675575,Honeydew,2021,33,tt10734864
977000,Moon Garden,2023,33,tt18561446
1081694,The Reading,2023,33,tt13358022
1125186,Home Education,2023,33,tt15056700
1332316,Scurry,2025,33,tt29716595
1362052,The Sound,2025,33,tt21824986
1481608,Mother of Flies,2025,33,tt36871027
1514364,Kill Me Again,2025,33,tt30332302
37426,The Ape,1940,34,tt0032215
28558,The Undying Monster,1942,34,tt0035489
38273,Calling Dr. Death,1943,34,tt0035706
29393,Macabre,1958,34,tt0051885
30637,Corridors of Blood,1958,34,tt0051542
109122,Night of the Blood Beast,1958,34,tt0051993
29103,The Sadist,1963,34,tt0057465
47615,Orgy of the Dead,1965,34,tt0054240
86643,House of Whipcord,1974,34,tt0071628
30833,Drive-In Massacre,1976,34,tt0074434
49673,Snuff,1976,34,tt0072184
49237,Fair Game,1986,34,tt0089122
29345,The Terror Within,1989,34,tt0096246
61904,Lady Terminator,1989,34,tt0095483
71853,Def by Temptation,1990,34,tt0099395
25033,The Last Horror Movie,2004,34,tt0319728
7292,Seven Mummies,2006,34,tt0415345
39855,August Underground's Penance,2007,34,tt0971183
27122,The Attic,2008,34,tt0485857
59120,The Lost Tribe,2009,34,tt0811124
79073,Messages Deleted,2010,34,tt1072754
129418,Bigfoot: The Lost Coast Tapes,2012,34,tt1740725
178408,Dark Feed,2013,34,tt1430077
216016,The Amityville Asylum,2013,34,tt2216212
287793,Cam2Cam,2014,34,tt2469760
288445,The Device,2014,34,tt3593120
298609,Hollows Grove,2014,34,tt4026562
308152,The Perfect Husband,2014,34,tt2820008
319188,Frankenstein vs. The Mummy,2015,34,tt3295482
326247,The House on Pine Street,2015,34,tt4085238
326446,Savageland,2015,34,tt3899154
326834,The Demolisher,2015,34,tt3402594
404133,Blackburn,2015,34,tt3386928
140491,Alienate,2016,34,tt2324928
404461,The Curse of Robert the Doll,2016,34,tt5001436
418930,The Secrets of Emily Blair,2016,34,tt4276206
429725,Camera Obscura,2017,34,tt5651458
452895,7 Witches,2017,34,tt4424722
466174,Knuckleball,2018,34,tt6284256
690248,My Heart Can't Beat Unless You Tell It To,2020,34,tt11084432
756278,Haunting of the Mary Celeste,2020,34,tt13192570
790803,The Nest,2021,34,tt11105376
739643,Escape the Field,2022,34,tt11265320
858015,Dashcam,2022,34,tt15174116
1073079,Kill Her Goats,2023,34,tt13174108
1085113,Where the Devil Roams,2023,34,tt26681671
1175873,Vindicta,2023,34,tt28682039
1249385,Ghost Game,2024,34,tt29341577
729713,Mom,2025,34,tt5923662
99545,Night Monster,1942,35,tt0035124
110980,The Mad Monster,1942,35,tt0035009
84708,Captive Wild Woman,1943,35,tt0035713
84419,House of Horrors,1946,35,tt0038621
27625,It Conquered the World,1956,35,tt0049370
43228,I Was a Teenage Werewolf,1957,35,tt0050530
34593,Monster on the Campus,1958,35,tt0051948
43093,The Giant Behemoth,1959,35,tt0052611
29570,Journey to the Seventh Planet,1962,35,tt0056127
54801,Night of the Big Heat,1967,35,tt0062037
28287,Venus in Furs,1969,35,tt0064789
22480,The Nude Vampire,1970,35,tt0065168
3125,Dracula vs. Frankenstein,1971,35,tt0067017
72086,The Night Visitor,1971,35,tt0066141
30934,Tower of Evil,1972,35,tt0068716
40026,Night Shadows,1984,35,tt0087796
68964,Hide And Go Shriek,1988,35,tt0095299
69276,Nightwish,1989,35,tt0097982
71373,Black Rainbow,1989,35,tt0099143
27720,Mister Frost,1990,35,tt0100161
52021,Bloodlust: Subspecies III,1994,35,tt0109302
40341,Carnival of Souls,1998,35,tt0120627
35250,The Locals,2003,35,tt0387357
45862,Hangman's Curse,2003,35,tt0342508
25060,Zombie Honeymoon,2004,35,tt0399934
53953,The Tooth Fairy,2006,35,tt0473553
34231,The Graves,2010,35,tt1203517
82115,Skew,2011,35,tt1808477
122326,100 Ghost Street: The Return of Richard Speck,2012,35,tt2297108
239019,House of Good and Evil,2013,35,tt1068953
286971,Innocence,2013,35,tt1724965
339345,The Poltergeist of Borley Forest,2013,35,tt2609326
366506,Agoraphobia,2015,35,tt3470656
373048,All Through the House,2015,35,tt4278962
407757,"Sweet, Sweet Lonely Girl",2016,35,tt5207320
444109,Bethany,2017,35,tt4516352
287523,Death House,2018,35,tt2984576
480733,Butterfly Kisses,2018,35,tt5792468
501977,Depraved,2019,35,tt7946216
610743,Along Came the Devil 2,2019,35,tt9652888
649524,Behind the Trees,2019,35,tt8370274
662989,Savage Creatures,2020,35,tt10523424
681711,The Haunting of Alcatraz,2020,35,tt11199514
707214,The Clearing,2020,35,tt7411112
728773,I Am Lisa,2020,35,tt8952968
720395,Let It Snow,2021,35,tt11272898
791910,Rise of the Mummy,2021,35,tt12352250
793967,Phobias,2021,35,tt8129682
796256,Offseason,2022,35,tt11454320
960469,Natty Knocks,2023,35,tt21913634
1092073,The Haunting at Saint Joseph's,2023,35,tt19898888
1250846,The Painted,2024,35,tt21816918
23045,Killers from Space,1954,36,tt0047149
43105,The Alligator People,1959,36,tt0052549
42735,Fanatic,1965,36,tt0059106
31116,Zaat,1971,36,tt0072666
32940,The Terminal Man,1974,36,tt0072267
31134,Track of the Moon Beast,1976,36,tt0075343
46158,Holocaust 2000,1977,36,tt0077332
53950,The Hearse,1980,36,tt0080853
74899,The Fan,1981,36,tt0082362
85191,Scream,1981,36,tt0086262
67642,Evils of the Night,1985,36,tt0089109
57744,The Kiss,1988,36,tt0095454
69158,Grandmother's House,1988,36,tt0097455
95114,Hack-O-Lantern,1988,36,tt0093135
30452,Elves,1989,36,tt0099496
28229,Rumpelstiltskin,1995,36,tt0114306
65460,Carnosaur 2,1995,36,tt0112634
17319,Wrestlemaniac,2006,36,tt0497477
35710,Snakes on a Train,2006,36,tt0843873
45052,The Pumpkin Karver,2006,36,tt0810444
18441,Death of a Ghost Hunter,2007,36,tt1160317
36686,The Tomb,2009,36,tt1038011
39814,Salvage,2010,36,tt1297298
66470,Orcs!,2011,36,tt1524134
77812,The Hike,2011,36,tt1572194
177552,A Resurrection,2013,36,tt1817276
281869,The Bunnyman Massacre,2014,36,tt2043801
332280,Shark Killer,2015,36,tt4025594
378017,The Barn,2016,36,tt3390550
406112,Welcome to Willits,2016,36,tt3074952
434986,Replace,2017,36,tt5563862
436972,Caught,2018,36,tt4485806
477036,The Sonata,2018,36,tt7149066
543412,Do Not Reply,2019,36,tt8168992
597785,Deathcember,2019,36,tt9301428
744750,Held,2020,36,tt10713340
769364,We Need to Do Something,2021,36,tt13363828
942251,The Resurrection of Charles Manson,2023,36,tt18362708
974191,The Harbinger,2023,36,tt13610158
996503,Snake Hotel,2023,36,tt18076250
1006769,Return of Punch and Judy,2023,36,tt18659742
1066376,Night of the Missing,2023,36,tt27749942
1102425,Don't Look Away,2023,36,tt26453759
1080249,Place of Bones,2024,36,tt14226748
1114922,Somewhere Quiet,2024,36,tt15479438
1499885,The Red Book Ritual: Gates of Hell,2025,36,tt36332085
44545,The Werewolf,1956,37,tt0049944
48385,Indestructible Man,1956,37,tt0049363
77173,The Blood Beast Terror,1968,37,tt0061411
85181,To All a Goodnight,1980,37,tt0086449
69870,The Sender,1982,37,tt0084658
29600,Mountaintop Motel Massacre,1983,37,tt0091560
27244,The Dungeonmaster,1984,37,tt0089060
66192,After Midnight,1989,37,tt0096769
91683,Edge of Sanity,1989,37,tt0097263
55949,Vampirella,1996,37,tt0118063
10558,Seven Days to Live,2000,37,tt0221928
41656,Octopus,2000,37,tt0221905
32304,Nine Lives,2002,37,tt0318497
48843,The Barber,2002,37,tt0280462
110004,New Alcatraz,2002,37,tt0250613
18210,Beneath Still Waters,2005,37,tt0371572
55660,Left In Darkness,2006,37,tt0466875
74555,Evil Things,2009,37,tt1413527
116983,The Black Waters of Echo's Pond,2009,37,tt0960066
45527,The Final Storm,2010,37,tt1331329
47891,Cyrus: Mind of a Serial Killer,2010,37,tt1327709
116248,Vampire,2011,37,tt1624996
127594,CLONED: The Recreator Chronicles,2012,37,tt1540005
147879,12/12/12,2012,37,tt2313780
71682,Coffin Baby,2013,37,tt1866251
328763,Echoes,2014,37,tt3033948
405932,All Girls Weekend,2016,37,tt4247682
441647,The Sound,2017,37,tt4669278
415633,Tonight She Comes,2018,37,tt5161376
567409,Hex,2019,37,tt6143782
674025,Aztech,2020,37,tt5237742
740903,The Unhealer,2020,37,tt1318523
806804,Aileen Wuornos: American Boogeywoman,2021,37,tt14265992
861057,Swim,2021,37,tt14973630
1014629,The Fearway,2023,37,tt14992524
1211728,100 Candles Game: The Last Possession,2023,37,tt28768831
1193824,Rabbit Trap,2025,37,tt29567402
1443894,Forgive Us All,2025,37,tt31830814
84719,Man-Made Monster,1941,38,tt0033879
26854,4D Man,1959,38,tt0052530
34077,The Giant Gila Monster,1959,38,tt0052846
31275,The Creeping Terror,1964,38,tt0057970
56092,Twisted Nerve,1968,38,tt0063729
28733,"Count Yorga, Vampire",1970,38,tt0066952
72648,Devil Times Five,1974,38,tt0071413
57949,The Day Time Ended,1980,38,tt0080596
15900,Faces of Death II,1981,38,tt0085518
54133,Madhouse,1981,38,tt0093468
66881,Nightbeast,1982,38,tt0086013
76929,The Nail Gun Massacre,1985,38,tt0089665
80368,The Doctor and the Devils,1985,38,tt0089034
28768,Faceless,1987,38,tt0095125
86252,Deadbeat at Dawn,1988,38,tt0099377
5333,Apartment Zero,1989,38,tt0094667
70351,Mirror Mirror,1990,38,tt0100156
70984,"Silent Night, Deadly Night 5: The Toy Maker",1991,38,tt0105410
40040,Spiders II: Breeding Ground,2001,38,tt0282179
27727,Raging Sharks,2005,38,tt0426556
28109,100 Tears,2007,38,tt0943946
29721,Ghost Adventures,2007,38,tt2637720
22731,Pig Hunt,2008,38,tt1022883
26656,Ghost Machine,2009,38,tt1286147
77785,Madison County,2011,38,tt1687889
77444,The Corridor,2012,38,tt1602617
139659,Puppet Master X: Axis Rising,2012,38,tt2301900
161782,Hansel & Gretel: Warriors of Witchcraft,2013,38,tt2381962
181095,The Appearing,2013,38,tt2290709
226269,13/13/13,2013,38,tt2991516
298296,Heidi,2014,38,tt3581478
298032,VANish,2015,38,tt3058674
309013,Scream at the Devil,2015,38,tt2622672
309879,Dark Signal,2016,38,tt3780208
381063,The Alchemist Cookbook,2016,38,tt5128826
600892,The Odds,2019,38,tt8025310
612587,A.M.I.,2019,38,tt8712750
839436,Dragon Fury,2021,38,tt13563520
1146148,"Sorry, Charlie",2023,38,tt21435186
28365,Tower of London,1939,39,tt0032049
29286,The Black Cat,1941,39,tt0033397
53949,The Monster That Challenged the World,1957,39,tt0050722
35139,Teenagers from Outer Space,1959,39,tt0053337
40954,Beast from Haunted Cave,1959,39,tt0052609
31383,The Incredibly Strange Creatures Who Stopped Living and Became Mixed-Up Zombies!!?,1964,39,tt0057181
3051,Eye of the Devil,1966,39,tt0061634
54008,Sugar Hill,1974,39,tt0072225
29611,Sole Survivor,1984,39,tt0181012
30996,Splatter University,1984,39,tt0125510
34574,Nadja,1994,39,tt0110620
44265,Lurking Fear,1994,39,tt0110410
76403,DNA,1996,39,tt0118912
44289,Octane,2003,39,tt0323465
24090,It Waits,2005,39,tt0430239
10041,Broken,2006,39,tt0454839
24648,The Visitation,2006,39,tt0435770
25119,Are You Scared,2006,39,tt0845955
38065,Salvage,2006,39,tt0492754
17240,Slaughter,2009,39,tt1230206
18278,Perkins' 14,2009,39,tt1230211
39563,The Eclipse,2009,39,tt1346961
41434,Don't Look Up,2009,39,tt1034305
27651,Puppet Master: Axis of Evil,2010,39,tt1504467
39959,Open House,2010,39,tt1448762
52817,Bitter Feast,2010,39,tt1477835
44008,The Victim,2011,39,tt1684564
79078,11/11/11,2011,39,tt2015261
207273,Chilling Visions: 5 Senses of Fear,2013,39,tt2425886
347848,Last Girl Standing,2015,39,tt4520340
355309,Martian Land,2015,39,tt4943934
310043,Johnny Frank Garrett's Last Word,2016,39,tt2836628
405551,Arbor Demon,2016,39,tt4375268
460962,Alien Convergence,2017,39,tt6874406
401732,Delirium,2018,39,tt3131050
554636,Reborn,2018,39,tt7975674
564176,Deadsight,2018,39,tt8551868
517166,The Axiom,2019,39,tt6051096
687340,Abigail Haunting,2020,39,tt10740584
738542,The Haunting of Margam Castle,2020,39,tt10648146
1089951,The Ghost Within,2023,39,tt19895130
1159518,Black Noise,2023,39,tt22805590
856273,The Last Boy on Earth,2024,39,tt27498099
1255208,Bag of Lies,2024,39,tt27597410
1281532,Hard Home,2024,39,tt31974111
1303055,A Breed Apart,2025,39,tt32323148
1530127,Lookout,2025,39,tt33523851
37441,The Ape Man,1943,40,tt0035640
29998,The Amazing Mr. X,1948,40,tt0040829
77669,The Earth Dies Screaming,1964,40,tt0058050
31596,Lemora: A Child's Tale of the Supernatural,1973,40,tt0070300
42455,And Now the Screaming Starts!,1973,40,tt0069715
101422,The Reincarnation of Peter Proud,1975,40,tt0073615
75903,The Uncanny,1977,40,tt0076853
102283,Full Circle,1978,40,tt0074611
40241,The Unseen,1980,40,tt0083261
26675,The Outing,1987,40,tt0091707
86680,The Unholy,1988,40,tt0096340
38499,Howling: New Moon Rising,1995,40,tt0113349
34125,Vampire Journals,1997,40,tt0120428
49597,Vampires: The Turning,2005,40,tt0398378
13254,The Living and the Dead,2006,40,tt0483719
53335,Candy Stripers,2006,40,tt0463935
18443,Decoys 2: Alien Seduction,2007,40,tt0400347
35908,Evil Angel,2009,40,tt0892051
49347,Needle,2010,40,tt1545315
55045,Psych:9,2010,40,tt0901504
84742,Donner Pass,2012,40,tt1626139
120478,The Haunting of Whaley House,2012,40,tt2396701
129524,Return of the Killer Shrews,2012,40,tt1832447
101724,Nailbiter,2013,40,tt2122424
220677,The Bell Witch Haunting,2013,40,tt2991532
347763,The Lesson,2015,40,tt4078160
354125,Cold Moon,2016,40,tt4441098
407775,Knucklebones,2016,40,tt3204254
419548,Krampus: The Devil Returns,2016,40,tt3527772
456950,WTF!,2017,40,tt4678184
470614,Tales from the Hood 2,2018,40,tt8403680
545612,Curse of the Nun,2018,40,tt6993174
510689,Among the Shadows,2019,40,tt5206770
611640,The Deeper You Dig,2019,40,tt10563420
1051560,The Devil Comes at Night,2023,40,tt23571868
1026222,Saint Clare,2025,40,tt9024562
1465986,Man Finds Tape,2025,40,tt36591419
44585,Attack of the Puppet People,1958,41,tt0051381
29060,Diary of a Madman,1963,41,tt0056993
28746,"Ilsa, the Tigress of Siberia",1977,41,tt0078398
40146,Night of the Demon,1980,41,tt0081229
40078,Breeders,1986,41,tt0090771
40028,Not of This Earth,1988,41,tt0095756
59762,Silent Night Deadly Night 4: Initiation,1990,41,tt0100618
41574,Mosquito,1994,41,tt0113858
12532,Rottweiler,2004,41,tt0371920
21794,In a Dark Place,2006,41,tt0460435
24927,Night of the Living Dead 3D,2006,41,tt0489244
18556,Steel Trap,2007,41,tt0973790
18557,Acolytes,2009,41,tt0902952
74915,Episode 50,2011,41,tt1728976
79544,The Wicker Tree,2011,41,tt0323808
132250,Hypothermia,2012,41,tt1313244
135461,Last Kind Words,2012,41,tt1745740
216374,I Will Follow You Into the Dark,2012,41,tt2179087
235046,Darkroom,2013,41,tt1876283
256742,Hotel Inferno,2013,41,tt3398788
321668,Strange Blood,2015,41,tt3304756
383442,The Devil Within,2016,41,tt3276518
416226,Minutes Past Midnight,2016,41,tt5861630
417406,The Possession Experiment,2016,41,tt3697398
417501,Child Eater,2016,41,tt4565400
436775,Clowntergeist,2017,41,tt3808102
497327,Asylum of Fear,2018,41,tt3289080
532647,Trespassers,2019,41,tt7284202
599484,Hell Girl,2019,41,tt5356670
522655,You're Not Alone,2020,41,tt6332158
582292,13 Fanboy,2021,41,tt9077876
741636,Bloodthirsty,2021,41,tt12399056
795518,Broadcast Signal Intrusion,2021,41,tt11151336
771536,You Are Not My Mother,2022,41,tt10406596
1158249,Project Eerie,2023,41,tt28223679
1135281,Life of Belle,2024,41,tt27951176
1330167,What Lurks Beneath,2024,41,tt21417490
34943,The Face Behind the Mask,1941,42,tt0033582
33546,The Time of Their Lives,1946,42,tt0039037
27623,Not of This Earth,1957,42,tt0050778
16271,Massacre at Central High,1976,42,tt0074875
27328,Last House on Dead End Street,1977,42,tt0076295
9640,Mission Galactica: The Cylon Attack,1979,42,tt0077937
40041,Strange Behavior,1981,42,tt0082243
45937,Uninvited,1988,42,tt0096341
41769,Prom Night IV: Deliver Us from Evil,1992,42,tt0105179
27711,Killjoy,2000,42,tt0250469
28314,Ripper: Letter from Hell,2001,42,tt0268579
13546,American Nightmare,2002,42,tt0247164
19085,Vulgar,2002,42,tt0120467
22451,The Bone Snatcher,2003,42,tt0343449
18040,Night Skies,2007,42,tt0460883
19551,Shadow Puppets,2007,42,tt0491145
58664,Mostly Ghostly,2008,42,tt1052024
30449,Imago mortis,2009,42,tt1054112
42917,Outcast,2010,42,tt1396219
195796,Home Sweet Home,2013,42,tt2348394
290789,Breaking at the Edge,2013,42,tt2345721
273187,The Scarehouse,2014,42,tt2988852
156981,Old 37,2015,42,tt1600429
287692,Bastard,2015,42,tt3946300
406115,The Snare,2017,42,tt2935390
527642,Flight 666,2018,42,tt8239736
662821,The Dawn,2020,42,tt7461372
786584,Dawn of the Beast,2021,42,tt13430932
809929,Aquarium of the Dead,2021,42,tt13835046
925705,The Long Night,2022,42,tt10509906
1232645,The Vampire Next Door,2024,42,tt26902267
1286767,Black Cab,2024,42,tt27487086
39311,Murders in the Zoo,1933,43,tt0024360
41118,Scrooge,1935,43,tt0026972
26925,The Man They Could Not Hang,1939,43,tt0031614
108181,The Beast of Hollow Mountain,1956,43,tt0048992
34078,The Screaming Skull,1958,43,tt0052169
43014,Tower of London,1962,43,tt0056606
110412,Symptoms,1974,43,tt0072239
48311,Parasite,1982,43,tt0084472
40222,The Brain,1988,43,tt0094794
28751,976-EVIL 2,1991,43,tt0101256
8771,Mind Ripper,1995,43,tt0114070
40129,Kolobos,1999,43,tt0151239
65255,Mr. Jingles,2006,43,tt0810743
13903,The Wizard of Gore,2007,43,tt0765487
16208,Dead Mary,2007,43,tt0892047
31687,Circle of Eight,2009,43,tt1520496
47194,Blood Night: The Legend of Mary Hatchet,2009,43,tt1161404
395797,The Horde,2016,43,tt3924782
467615,The Curse of Buckout Road,2017,43,tt4847454
885121,Room 203,2022,43,tt12283036
1019961,"Mother, May I?",2023,43,tt16103578
1193341,Walden,2023,43,tt21202916
1152619,Possessions,2024,43,tt14853700
937393,Bloat,2025,43,tt23131648
87911,Sweeney Todd: The Demon Barber of Fleet Street,1936,44,tt0028331
23104,King of the Zombies,1941,44,tt0033787
28359,Voodoo Man,1944,44,tt0037441
41516,The Mole People,1956,44,tt0049516
40244,The Witches,1966,44,tt0060307
28681,Equinox,1970,44,tt0067055
83096,Ganja & Hess,1973,44,tt0068619
44698,The Evil,1978,44,tt0077524
78552,Sweet Sixteen,1983,44,tt0083146
16843,11:11,2004,44,tt0396401
21927,Dark Corners,2006,44,tt0485376
14025,Lake Dead,2007,44,tt0839880
28925,Zone of the Dead,2009,44,tt1191971
45778,Camp Hell,2010,44,tt1047449
56529,The Violent Kind,2010,44,tt1472195
57313,8213: Gacy House,2010,44,tt1667418
138943,Daddy's Little Girl,2014,44,tt2214941
214256,AfterDeath,2015,44,tt2710826
322922,Awaken,2015,44,tt3367686
418588,Day of Reckoning,2017,44,tt5742568
459475,Awaken the Shadowman,2017,44,tt4966046
435097,The Basement,2018,44,tt6118340
560252,Matriarch,2018,44,tt6301452
615017,47 Hours to Live,2019,44,tt7842256
933088,The Abandon,2024,44,tt10273738
1091298,Attack of the Meth Gator,2024,44,tt26899693
1205225,Gates of Flesh,2025,44,tt9387532
42186,Bluebeard,1944,45,tt0036653
43115,Earth vs. the Spider,1958,45,tt0051570
53187,The Return of Dracula,1958,45,tt0052131
28770,The Man Who Could Cheat Death,1959,45,tt0053041
109133,The Cabinet of Caligari,1962,45,tt0055819
64524,Nightmare,1964,45,tt0058405
40350,Fright,1971,45,tt0067119
6976,Whoever Slew Auntie Roo?,1972,45,tt0067983
42466,Scream Blacula Scream,1973,45,tt0070656
30478,Bloody New Year,1987,45,tt0092676
48660,The Kindred,1987,45,tt0091343
42709,"Silent Night, Deadly Night III: Better Watch Out!",1989,45,tt0098331
41793,Scissors,1991,45,tt0102860
52017,Bloodstone: Subspecies II,1993,45,tt0106436
29951,The Hideout,2007,45,tt0852963
45009,Shark in Venice,2008,45,tt1087474
214464,The Dead 2: India,2013,45,tt2917336
242033,Scorned,2013,45,tt2293750
244852,Poseidon Rex,2014,45,tt2690160
263986,The Drownsman,2014,45,tt3450134
321039,The Phoenix Incident,2015,45,tt4341532
345287,Soldiers of the Damned,2015,45,tt2396671
248781,ABCs of Death 2.5,2016,45,tt5647758
436496,Gremlin,2017,45,tt6191390
454417,Unhinged,2017,45,tt5940342
470528,The Blackwell Ghost,2017,45,tt7450356
482325,Bunnyman Vengeance,2017,45,tt3629032
561546,Nazi Overlord,2018,45,tt8760550
1058619,Divinity,2023,45,tt15444046
1359977,Conjuring the Cult,2024,45,tt32545223
41020,The Beast with Five Fingers,1947,46,tt0038338
44591,The Black Scorpion,1957,46,tt0050197
31472,Lust for a Vampire,1971,46,tt0067367
40158,The Mephisto Waltz,1971,46,tt0067419
37618,The Asphyx,1973,46,tt0069738
79649,Eyes of a Stranger,1981,46,tt0082352
26676,Neon Maniacs,1986,46,tt0127045
27771,Sometimes They Come Back... for More,1998,46,tt0171768
32301,Demon Island,2002,46,tt0201844
44195,Fear of the Dark,2003,46,tt0308252
27253,Fingerprints,2006,46,tt0790662
68878,The Zombie Diaries 2,2011,46,tt1733578
71626,Don't Let Him In,2011,46,tt1400515
127626,Hollow,2011,46,tt1869470
183412,Dead Souls,2012,46,tt2188717
368256,Condemned,2015,46,tt3619102
399372,Red Christmas,2016,46,tt5120400
410537,The Amityville Terror,2016,46,tt5312612
512474,All the Creatures Were Stirring,2018,46,tt5273720
521113,Black Site,2018,46,tt6964562
543768,Gwen,2018,46,tt5149490
610359,On Halloween,2020,46,tt6580050
1094713,The Mistress,2023,46,tt13780990
1104771,My House,2023,46,tt13431018
1186023,Don't Turn Out the Lights,2024,46,tt29722945
1090983,The Beldham,2025,46,tt20254992
1227003,Shadow of God,2025,46,tt30442140
1339166,Shaman,2025,46,tt28554021
45803,Svengali,1931,47,tt0022454
29062,Day the World Ended,1955,47,tt0049128
43117,I Married a Monster from Outer Space,1958,47,tt0051756
22718,Attack of the Giant Leeches,1959,47,tt0053611
31287,Eegah,1962,47,tt0055946
29067,"Die, Monster, Die!",1965,47,tt0059465
3145,The Horror of Frankenstein,1970,47,tt0065851
27084,Invasion of the Bee Girls,1973,47,tt0070222
54109,The Witch Who Came from the Sea,1976,47,tt0075433
67822,Rituals,1977,47,tt0076630
40060,The Manitou,1978,47,tt0077904
54118,Night School,1981,47,tt0082812
32033,Pulse,1988,47,tt0095924
58797,Cellar Dweller,1988,47,tt0094850
40448,The Dead Pit,1989,47,tt0122037
39195,Spontaneous Combustion,1990,47,tt0098375
58899,Demon Wind,1990,47,tt0099401
20357,Trauma,2004,47,tt0363143
10055,Room 6,2006,47,tt0451187
14440,The Tattooist,2007,47,tt0817228
77068,War of the Dead,2011,47,tt0780645
92397,Rites of Spring,2011,47,tt1227789
95667,Night of the Living Dead: Re-Animation,2012,47,tt1879012
114789,Dead Season,2012,47,tt1650042
277610,Eat,2014,47,tt3013018
297680,Hangar 10,2014,47,tt3245656
339992,The Redwood Massacre,2014,47,tt3242756
494058,Selfie from Hell,2018,47,tt5686622
593655,Castle Freak,2020,47,tt10701458
842715,Ouija: Deadly Reunion,2021,47,tt12622516
848886,Hellbender,2021,47,tt14905650
737853,Snow Falls,2023,47,tt11569658
1249532,Rippy,2024,47,tt22306090
23014,Invisible Ghost,1941,48,tt0033760
28295,I Saw What You Did,1965,48,tt0059297
42729,A Study in Terror,1965,48,tt0059764
22033,Cry of the Banshee,1970,48,tt0065597
1842,The Legend of Boggy Creek,1972,48,tt0068837
42526,The Nightcomers,1972,48,tt0069007
42215,The Legacy,1978,48,tt0079450
40800,Alligator 2: The Mutation,1991,48,tt0101309
65899,Dark Waters,1993,48,tt0109550
36224,Subconscious Cruelty,2001,48,tt0166370
51215,The Breed,2001,48,tt0265104
57961,Slashers,2001,48,tt0286975
20321,Doctor Sleep,2002,48,tt0286594
16080,Crazy Eights,2006,48,tt0470993
15425,Tooth and Nail,2007,48,tt0922642
24499,Scar,2007,48,tt0847520
26342,The Terminators,2009,48,tt1350512
48669,Terror Trap,2010,48,tt1444252
85207,Airborne,2012,48,tt1827354
121573,My Amityville Horror,2013,48,tt1727523
335753,The Amityville Playhouse,2015,48,tt4086116
368182,Compulsion,2016,48,tt4992060
388243,Bleed,2016,48,tt2948566
472591,Cold Ground,2017,48,tt4144350
480603,The Lullaby,2017,48,tt6149936
436973,Dead Night,2018,48,tt5719076
879957,Wyrmwood: Apocalypse,2022,48,tt14858054
1089228,Dark Windows,2023,48,tt13318942
1105014,Ripper's Revenge,2023,48,tt22987848
1161663,Ghost Project,2023,48,tt22486756
1265517,You Shall Not Sleep Tonight,2024,48,tt31717063
1202306,Hell House LLC: Lineage,2025,48,tt32916228
23122,Maniac,1934,49,tt0025465
19201,Captain Clegg,1962,49,tt0056277
38267,War-Gods of the Deep,1965,49,tt0059895
48350,Psychomania,1973,49,tt0067630
7392,"Ilsa, Harem Keeper of the Oil Sheiks",1976,49,tt0074670
33721,The Boogens,1981,49,tt0082094
17923,Mausoleum,1983,49,tt0085918
5752,Killer Workout,1987,49,tt0091339
49684,It's Alive III: Island of the Alive,1987,49,tt0093286
4457,Witchery,1988,49,tt0096453
28450,The Rift,1990,49,tt0099701
58789,Bleeders,1997,49,tt0119279
42187,Shark Attack 2,2001,49,tt0222355
23174,It's Alive,2008,49,tt1172060
62105,Re-Cut,2010,49,tt1617172
164377,Outpost: Rise of the Spetsnaz,2013,49,tt2241403
241958,Prisoners of the Sun,2013,49,tt0496375
403820,K-Shop,2016,49,tt3221544
512936,4/20 Massacre,2018,49,tt5946668
736509,Intersect,2020,49,tt4205718
982543,V for Vengeance,2022,49,tt15745084
1061656,Perpetrator,2023,49,tt24082454
1287850,Hell Hole,2024,49,tt32394528
1452176,Abraham's Boys: A Dracula Story,2025,49,tt14808764
13784,Black Friday,1940,50,tt0032258
28426,Invisible Agent,1942,50,tt0034902
28073,Curse of the Crimson Altar,1968,50,tt0062833
24097,Don't Look in the Basement,1973,50,tt0069994
84107,The Children,1980,50,tt0080527
44936,Don't Go in the Woods,1981,50,tt0182996
44859,Mortuary,1983,50,tt0087746
31385,Zombie Nightmare,1987,50,tt0092297
33592,White of the Eye,1987,50,tt0094320
87710,The Nest,1988,50,tt0095719
30155,Naked Fear,2007,50,tt0943326
14255,Pulse 3,2008,50,tt1323946
52034,Tetsuo: The Bullet Man,2009,50,tt1176416
45017,Uninhabited,2010,50,tt1459013
58718,Siren,2010,50,tt1548635
64622,Hidden 3D,2011,50,tt1664664
64853,Fertile Ground,2011,50,tt1515199
128841,The Thompsons,2012,50,tt1831806
298026,Reaper,2014,50,tt3081268
326441,Pernicious,2015,50,tt2187444
341886,June,2015,50,tt3379814
618585,Blood Vessel,2019,50,tt8009938
738370,Hosts,2020,50,tt9543062
698320,The Mad Hatter,2021,50,tt10746060
797815,Martyrs Lane,2021,50,tt7413600
872497,Resurrection,2022,50,tt11540726
896448,Beneath the Surface,2022,50,tt12146654
1127175,Mercy Falls,2023,50,tt14360728
1217585,Outbreak,2025,50,tt27791972
77546,The Queen of Spades,1949,51,tt0041776
38125,Curse of the Fly,1965,51,tt0059076
71943,House of Dark Shadows,1970,51,tt0065856
38446,Frightmare,1974,51,tt0071523
26558,Combat Shock,1986,51,tt0090866
2154,The Dark Side of The Moon,1990,51,tt0099364
36421,Howling VI: The Freaks,1991,51,tt0102067
47191,The Calling,2000,51,tt0218067
41235,Ritual,2002,51,tt0250698
26961,Puppet Master: The Legacy,2003,51,tt0390393
22066,The Marsh,2006,51,tt0496350
122372,The Ghostmaker,2011,51,tt1462757
248561,Krampus: The Christmas Devil,2013,51,tt2578608
295723,Kingdom Come,2014,51,tt2701772
309889,The Culling,2015,51,tt2090629
406052,Mostly Ghostly 3: One Night in Doom House,2016,51,tt5127214
470390,The Atoning,2017,51,tt5854198
529649,The Row,2018,51,tt8074486
526052,Becoming,2020,51,tt2573372
513983,Baphomet,2021,51,tt3687528
560981,The Amusement Park,2021,51,tt9270362
786971,Red Woods,2021,51,tt12832916
1000173,Nightman,2023,51,tt18939056
1147236,Loop Track,2023,51,tt13592970
26946,Attack of the Crab Monsters,1957,52,tt0050147
34084,I Bury the Living,1958,52,tt0051755
27405,Circus of Horrors,1960,52,tt0053717
29402,Mr. Sardonicus,1961,52,tt0055200
73203,The Sorcerers,1967,52,tt0062292
65262,He Knows You're Alone,1980,52,tt0080850
40549,The Unnamable,1988,52,tt0096344
55547,Route 666,2001,52,tt0215135
19222,Parasomnia,2008,52,tt0922547
81185,The Amityville Haunting,2011,52,tt2042447
229138,Djinn,2013,52,tt1770672
80920,Repentance,2014,52,tt2012665
278316,Da Sweet Blood of Jesus,2014,52,tt3104930
401272,Ruin Me,2017,52,tt4807272
459068,Darkness Rising,2017,52,tt4314716
516027,Hippopotamus,2017,52,tt3755154
662844,Angels Fallen,2020,52,tt5759590
794234,The Bunker Game,2022,52,tt13893190
938596,Bull Shark,2022,52,tt14912006
517929,Fog City,2023,52,tt5105136
1339206,The Surrender,2025,52,tt33270263
1362514,House on Eden,2025,52,tt33425631
1511789,Captain Hook: The Cursed Tides,2025,52,tt33458086
27918,The Invisible Ray,1936,53,tt0027800
3575,The Return of Doctor X,1939,53,tt0031851
33477,"Bud Abbott and Lou Costello Meet the Killer, Boris Karloff",1949,53,tt0041085
79363,Dementia,1955,53,tt0047976
42344,Paranoiac,1963,53,tt0057401
28156,The Baby,1973,53,tt0069754
39154,The Giant Spider Invasion,1975,53,tt0073043
64976,Day of the Animals,1977,53,tt0075913
47892,Strange Invaders,1983,53,tt0086374
41959,Jack's Back,1988,53,tt0095389
25028,The Dead Next Door,1989,53,tt0094962
47620,Poison,1991,53,tt0102687
87321,Mikey,1992,53,tt0104870
7454,The Bunker,2001,53,tt0252963
12587,Arachnid,2001,53,tt0271972
20591,Cradle of Fear,2001,53,tt0291833
52788,Sisters,2006,53,tt0486652
15418,First Born,2007,53,tt0470761
17158,They Wait,2007,53,tt0869152
30778,I Am Omega,2007,53,tt1075746
14866,Farm House,2008,53,tt0996934
289097,Cell 213,2011,53,tt1288636
316268,Lake Eerie,2016,53,tt2948078
483987,Gnaw,2017,53,tt5641542
432579,Corbin Nash,2018,53,tt2948160
436373,Primal Rage,2018,53,tt5688868
599744,Tooth Fairy,2019,53,tt7906260
637969,Ravage,2020,53,tt8191620
1179558,15 Cameras,2023,53,tt28255598
1109406,Compulsion,2024,53,tt26744645
1199869,Eye for an Eye,2025,53,tt28088571
1352774,Piglet,2025,53,tt33050292
50153,The Man from Planet X,1951,54,tt0043778
43715,The Deadly Mantis,1957,54,tt0050294
47553,Twice-Told Tales,1963,54,tt0057608
40218,The Beast Must Die,1974,54,tt0071200
54121,The Slayer,1982,54,tt0084694
4288,The Final Terror,1983,54,tt0082379
36778,Spellbinder,1988,54,tt0096152
74646,Nightmare Beach,1989,54,tt0095740
28522,Day of the Dead 2: Contagium,2005,54,tt0411269
15420,The Plague,2006,54,tt0479125
15426,Unearthed,2007,54,tt0475417
14838,Hit and Run,2009,54,tt1199550
26334,Run! Bitch Run!,2009,54,tt1136684
35197,The Reeds,2010,54,tt1327200
346170,The Chosen,2015,54,tt4175888
387501,Peelers,2016,54,tt2769828
438734,Devil in the Dark,2017,54,tt5834800
401410,Prey,2019,54,tt5699928
549859,The Dead Center,2019,54,tt8806104
648043,The Driver,2019,54,tt9272568
695569,Penance Lane,2020,54,tt1964995
716819,Spare Parts,2020,54,tt8493998
855228,The Girl Who Got Away,2021,54,tt11859012
981347,The Loch Ness Horror,2023,54,tt15481986
1095340,Malicious,2023,54,tt12313942
1128941,The Demon Disorder,2024,54,tt27424585
28046,The Ghoul,1933,55,tt0024055
26865,X the Unknown,1956,55,tt0049967
39408,The Creature Walks Among Us,1956,55,tt0049103
53045,Hands of the Ripper,1971,55,tt0067176
40034,Fade to Black,1980,55,tt0080711
63590,Hospital Massacre,1981,55,tt0082527
41651,Ghost in the Machine,1993,55,tt0107009
19154,The Second Arrival,1998,55,tt0122961
27860,Pterodactyl,2005,55,tt0452668
20919,The Devil's Chair,2007,55,tt0837791
37196,The Daisy Chain,2008,55,tt1129415
46368,The Rig,2010,55,tt1093906
273509,Blood Widow,2014,55,tt2909124
329205,Ghoul,2015,55,tt3101132
337085,Estranged,2015,55,tt1929276
343097,Mega Shark vs. Kolossus,2015,55,tt4566574
343112,Man Vs.,2015,55,tt3584354
381935,Jack Goes Home,2016,55,tt4797436
421601,Bornless Ones,2016,55,tt6010518
460279,Midnighters,2017,55,tt5737582
741612,The Stylist,2020,55,tt11056910
801557,Cannibal Troll,2021,55,tt12176546
1092324,Horror in the High Desert 2: Minerva,2023,55,tt16376470
1155095,The Moor,2024,55,tt14922882
1160923,DarkGame,2024,55,tt5613018
1328956,Alma & the Wolf,2025,55,tt31849867
28425,The Invisible Man's Revenge,1944,56,tt0036959
29394,Homicidal,1961,56,tt0054988
42787,Lady in a Cage,1964,56,tt0058283
29424,Hungry Wives,1972,56,tt0069239
36992,Shakma,1990,56,tt0100589
63777,Hellbound,1994,56,tt0107101
30926,Pinocchio's Revenge,1996,56,tt0117342
15011,Red Mist,2008,56,tt1185264
32904,Tony,2010,56,tt1120945
71326,Bunnyman,2011,56,tt1308748
135670,Amber Alert,2012,56,tt2093944
278632,Julia,2015,56,tt2582426
309919,The Curse of Downers Grove,2015,56,tt1772261
459667,Circus Kane,2017,56,tt6164014
521509,Extremity,2018,56,tt6664700
1064178,Hunt Club,2023,56,tt21220802
877087,The Man in the White Van,2024,56,tt13232552
1216784,Sunrise,2024,56,tt26742994
1336189,Delivery Run,2024,56,tt30219247
27003,The Black Room,1935,57,tt0026123
28155,It Lives Again,1978,57,tt0077756
52868,House IV: The Repossession,1992,57,tt0104449
84152,Dollman vs. Demonic Toys,1993,57,tt0106743
116946,The Wailer,2006,57,tt0823726
18616,No Man's Land: The Rise of Reeker,2008,57,tt1090671
24505,Necromentia,2009,57,tt1286765
53101,Manborg,2011,57,tt2060525
270221,Neverlake,2014,57,tt3301196
397873,Cyborg X,2016,57,tt3899262
404961,Ghosthunters,2016,57,tt5725894
1032666,Bunker,2023,57,tt8010064
36089,The Giant Claw,1957,58,tt0050432
52196,The Monolith Monsters,1957,58,tt0050720
38701,The Devil's Rain,1975,58,tt0072869
30789,Venom,1981,58,tt0084854
29077,The Bride,1985,58,tt0088851
18773,Doppelganger,1993,58,tt0106753
37062,The Passion of Darkly Noon,1995,58,tt0114099
14833,House,2008,58,tt0837796
119478,Devil Seed,2012,58,tt2061822
298653,Berkshire County,2014,58,tt2726270
365805,Wrecker,2015,58,tt4227282
438982,Game of Death,2017,58,tt6302164
513208,Itsy Bitsy,2019,58,tt6895284
1257586,The Hangman,2024,58,tt31645789
39044,The Curse of the Mummy's Tomb,1964,59,tt0057986
41035,Torture Garden,1967,59,tt0062384
41374,The First Power,1990,59,tt0099578
45779,Mindwarp,1991,59,tt0100152
54702,Malevolence,2004,59,tt0388230
19564,The Prophecy: Uprising,2005,59,tt0365658
37529,The Prophecy V: Forsaken,2005,59,tt0439771
48015,13Hrs,2010,59,tt1411232
197919,A Haunting at Silver Falls,2013,59,tt1813609
409056,Along Came the Devil,2018,59,tt3619070
670426,Lucky,2020,59,tt11701774
843898,She Came from the Woods,2023,59,tt14905554
1301122,Nazi Supersoldier,2024,59,tt22261722
1375831,Diabolic,2025,59,tt17348060
32858,The Return of the Vampire,1943,60,tt0037219
40804,Gorgo,1961,60,tt0054938
28669,Rasputin: The Mad Monk,1966,60,tt0059635
28389,Death Spa,1990,60,tt0099384
26042,Warlock III: The End of Innocence,1999,60,tt0157171
24837,August Underground's Mordum,2003,60,tt0410332
39158,Kaw,2007,60,tt0491005
14212,Pulse 2: Afterlife,2008,60,tt1038072
54700,The Presence,2010,60,tt1298594
427253,Black Hollow Cage,2017,60,tt5687424
449498,Trench 11,2017,60,tt5033290
492414,Alive,2020,60,tt7611352
697799,WarHunt,2022,60,tt6442686
897424,Dark Cloud,2022,60,tt8130518
1084222,Operation Blood Hunt,2024,60,tt23553640
1216103,Out Come the Wolves,2024,60,tt4853290
1081208,The Dogs,2025,60,tt7873304
29347,Fiend Without a Face,1958,61,tt0050393
29052,The Reptile,1966,61,tt0060893
27313,I Drink Your Blood,1970,61,tt0067229
39176,The Awakening,1980,61,tt0080402
50382,Monster in the Closet,1986,61,tt0091544
33305,Scanners III: The Takeover,1992,61,tt0105322
18759,The Cell 2,2009,61,tt1185837
43065,"Nightmares in Red, White and Blue",2009,61,tt1337117
69270,Super Hybrid,2010,61,tt1152827
105531,Jack & Diane,2012,61,tt0850677
169865,The Frankenstein Theory,2013,61,tt2646378
268508,The Mummy Resurrected,2014,61,tt3382842
286372,Treehouse,2014,61,tt1791681
376311,Little Dead Rotting Hood,2016,61,tt5113086
456529,Jacob's Ladder,2019,61,tt3016748
614722,Hell House LLC III: Lake of Fire,2019,61,tt10675136
913290,Barbarian,2022,61,tt15791034
981324,Island of the Dolls,2023,61,tt16158790
1088080,Older Gods,2023,61,tt14817952
1115939,Jagged Mind,2023,61,tt22496012
714669,Run Rabbit Run,2024,61,tt12547822
1502943,Night of the Reaper,2025,61,tt34379050
29852,"Silent Night, Bloody Night",1972,62,tt0070694
40231,The Incredible Melting Man,1977,62,tt0076191
69165,New Year's Evil,1980,62,tt0082806
33519,Amityville: A New Generation,1993,62,tt0106262
32166,Chasing Sleep,2001,62,tt0221069
10251,5ive Girls,2006,62,tt0494199
25035,The Zombie Diaries,2006,62,tt0876294
19116,Asylum,2008,62,tt0804443
26588,Summer's Blood,2009,62,tt1285010
289239,Mostly Ghostly: Have You Met My Ghoulfriend?,2014,62,tt3138192
347752,Road Games,2015,62,tt2929652
363689,The Unspoken,2015,62,tt4229298
396004,The Evil in Us,2016,62,tt4035898
605802,8,2020,62,tt7320482
628866,The Return,2020,62,tt8429394
789413,Bram Stoker's Van Helsing,2021,62,tt13304948
1352874,The Crucifix: Blood of the Exorcist,2025,62,tt32059878
1422052,Descendent,2025,62,tt35521703
43109,The Killer Shrews,1959,63,tt0052969
44625,Dead Man's Curve,1998,63,tt0123034
16973,Love Object,2003,63,tt0328077
69217,Black Cadillac,2003,63,tt0313285
9814,Death Tunnel,2005,63,tt0418627
20016,Trailer Park of Terror,2008,63,tt0892109
37813,Shadow,2009,63,tt1425253
77677,Escapee,2011,63,tt1727258
167960,Sanitarium,2013,63,tt2449810
274899,Inner Demons,2014,63,tt3038142
279661,Killer Legends,2014,63,tt3449040
298865,Lost After Dark,2014,63,tt3397556
315024,Jurassic City,2015,63,tt2905674
339342,Anarchy Parlor,2015,63,tt2948712
544075,Halloween Party,2020,63,tt6250650
839440,Dinosaur Hotel,2021,63,tt13296032
916433,Brooklyn 45,2023,63,tt16431882
979806,Shades of Desire,2023,63,tt27444133
43353,Robot Monster,1953,64,tt0046248
33172,Watchers,1988,64,tt0096425
84060,Cruel Jaws,1995,64,tt0112747
24330,Seventh Moon,2008,64,tt1052040
144204,Thanatomorphose,2012,64,tt2385074
286657,Crawl or Die,2014,64,tt2219210
370234,Dementia,2015,64,tt3611002
466129,The Hatred,2017,64,tt6089700
473165,Dead Again in Tombstone,2017,64,tt5794440
810271,The Resort,2021,64,tt12163074
1291594,Beezel,2024,64,tt28999532
1162858,The Other,2025,64,tt28498159
38775,Night Tide,1963,65,tt0055230
55152,The Oblong Box,1969,65,tt0064747
39263,Blood from the Mummy's Tomb,1971,65,tt0068290
42114,Nightmares,1983,65,tt0086014
72508,The New Kids,1985,65,tt0089679
56705,Crawlspace,1986,65,tt0090881
44340,Wendigo,2001,65,tt0275067
16915,Gutterballs,2008,65,tt1087853
503751,The Ranger,2018,65,tt6598072
550273,Boo!,2019,65,tt7235038
521531,Followed,2020,65,tt5563782
590575,Beneath Us,2020,65,tt5092484
610201,The Pale Door,2020,65,tt9178402
796428,Madres,2021,65,tt13372944
740049,Enys Men,2023,65,tt11698800
3593,Dr. Cyclops,1940,66,tt0032412
14604,Hold That Ghost,1941,66,tt0033723
26922,The Corpse Vanishes,1942,66,tt0034613
45714,Night of the Eagle,1962,66,tt0056279
17212,Patrick,1978,66,tt0078067
37227,Of Unknown Origin,1983,66,tt0086036
21799,Cutting Class,1989,66,tt0097136
40147,Night of the Demons III,1997,66,tt0116073
26233,April Fool's Day,2008,66,tt1018817
44950,A Horrible Way to Die,2010,66,tt1617620
131916,Scary or Die,2012,66,tt1833879
134394,Barricade,2012,66,tt1861279
224908,Embrace of the Vampire,2013,66,tt3148890
352372,Darling,2015,66,tt4126394
405174,Bed of the Dead,2016,66,tt4730706
478528,Beyond The Sky,2018,66,tt3665498
623034,The Haunted,2018,66,tt4572116
612515,Dark Encounter,2019,66,tt8269120
711705,They Reach,2020,66,tt6483422
829358,Queen of Spades,2021,66,tt10260844
946215,In the Fire,2023,66,tt17595094
1136347,The Bad Nun 3,2024,66,tt27746162
29959,It Came from Beneath the Sea,1955,67,tt0048215
30855,Dr Jekyll & Sister Hyde,1971,67,tt0068502
46364,Inseminoid,1981,67,tt0084090
26679,Spookies,1986,67,tt0090057
28223,Creepozoids,1987,67,tt0092795
35945,Howling V: The Rebirth,1989,67,tt0097534
16315,Campfire Tales,1997,67,tt0115813
40039,Spiders,2000,67,tt0203940
64883,Faust: Love of the Damned,2000,67,tt0223268
13569,Thr3e,2006,67,tt0486028
15476,Dead Tone,2007,67,tt0462160
14686,Midnight Movie,2008,67,tt0981224
14862,Killer Movie,2008,67,tt0988083
22135,Not Forgotten,2009,67,tt1127221
25073,Deadline,2009,67,tt1242618
92393,Tape 407,2012,67,tt2062661
100493,The Devil's Carnival,2012,67,tt2204379
306969,Dark Summer,2015,67,tt2910508
760875,The Devil Below,2021,67,tt7646322
787009,Stay Out of the Attic,2021,67,tt11505692
1062528,"Lovely, Dark, and Deep",2023,67,tt15560132
1084225,The Park,2023,67,tt21281688
1058710,Bloodline Killer,2024,67,tt13899250
43148,The Vampire Bat,1933,68,tt0024727
45322,She-Wolf of London,1946,68,tt0038934
22727,The Beast of Yucca Flats,1961,68,tt0054673
46330,The Phantom of the Opera,1962,68,tt0056347
52263,Amityville: Dollhouse,1996,68,tt0115535
19066,Rest Stop: Don't Look Back,2008,68,tt0995863
79550,Rogue River,2012,68,tt1560978
271665,Deep in the Darkness,2014,68,tt2994948
548859,Realms,2017,68,tt1934452
505060,The Gallows Act II,2019,68,tt7473716
582049,Random Acts of Violence,2019,68,tt1925493
589594,Abduction,2019,68,tt7867360
943788,From Black,2023,68,tt13497984
984105,The Mummy Resurrection,2023,68,tt20141822
42469,The Creeping Flesh,1973,69,tt0068424
39868,Evilspeak,1981,69,tt0082346
30666,Stepfather 2,1989,69,tt0098385
26959,Curse of the Puppet Master,1998,69,tt0132451
1693,Monster Man,2003,69,tt0365513
10011,Abominable,2006,69,tt0402743
16179,Breathing Room,2008,69,tt1220706
34592,ZMD: Zombies of Mass Destruction,2010,69,tt1134674
74518,Territories,2010,69,tt1683970
466344,The Houses October Built 2,2017,69,tt7068818
552938,Cucuy: The Boogeyman,2018,69,tt8324462
537476,I Trapped the Devil,2019,69,tt8708304
549935,Head Count,2019,69,tt7350614
600751,Room for Rent,2019,69,tt6747818
994138,Dark Nature,2023,69,tt16427398
1142414,Cheat,2023,69,tt28129069
1189798,Squealer,2023,69,tt14768616
1140847,Cinderella's Revenge,2024,69,tt28087226
787747,Shell,2025,69,tt12706836
29239,The Mummy's Tomb,1942,70,tt0035096
39222,The Kiss of the Vampire,1963,70,tt0057226
70345,Sssssss,1973,70,tt0070622
3117,Frankenstein and the Monster from Hell,1974,70,tt0071519
39844,Deranged,1974,70,tt0071408
17874,Laserblast,1978,70,tt0077834
63360,The Initiation,1984,70,tt0087472
37929,Fortress,1985,70,tt0091069
41848,The Amityville Curse,1990,70,tt0099030
39862,Crocodile 2: Death Swamp,2002,70,tt0257510
92398,Cassadaga,2011,70,tt1747967
100089,Nazis at the Center of the Earth,2012,70,tt2130142
461931,The Maus,2017,70,tt5586362
586577,In Search of Darkness,2019,70,tt9442842
590009,Funhouse,2019,70,tt6852534
806731,Stream,2024,70,tt8964540
957121,The Man in My Basement,2025,70,tt12619462
1426297,Play Dead,2025,70,tt34793095
30202,Children of the Damned,1964,71,tt0056931
62697,Bug,1975,71,tt0072750
47038,The Pit,1981,71,tt0086113
58903,Creature,1985,71,tt0088961
40353,"I, Madman",1989,71,tt0097557
25172,Komodo,1999,71,tt0172669
12653,Romasanta: The Werewolf Hunt,2004,71,tt0374180
14795,Baby Blues,2008,71,tt0972359
24868,Offspring,2009,71,tt1262413
31196,Growth,2010,71,tt1300159
73963,Creature,2011,71,tt1686018
84449,Remains,2011,71,tt1870527
127548,Hold Your Breath,2012,71,tt2240312
268725,Nightlight,2015,71,tt2236160
361043,All Hallows' Eve 2,2015,71,tt5022680
353419,Found Footage 3D,2016,71,tt3449006
404516,Let Her Out,2016,71,tt5810122
632304,The Beach House,2020,71,tt10843306
1052158,Monsternado,2023,71,tt24221914
1030983,Spin the Bottle,2024,71,tt22029194
1330443,Strange Harvest,2025,71,tt33400719
18851,The Cat and the Canary,1939,72,tt0031143
28423,The Invisible Woman,1940,72,tt0032637
29242,The Mummy's Curse,1944,72,tt0037098
29243,The Mummy's Ghost,1944,72,tt0037099
29290,The Green Slime,1968,72,tt0064393
54013,The Visitor,1979,72,tt0080100
86962,The Phantom of the Opera,1989,72,tt0098090
18045,The Dark Hours,2005,72,tt0402249
22105,Danika,2006,72,tt0469062
18726,Perfect Creature,2007,72,tt0403407
21141,Simon Says,2007,72,tt0458480
27258,Home Movie,2008,72,tt1267319
87178,The Whisperer in Darkness,2011,72,tt1498878
421049,The Watcher,2016,72,tt5497458
464757,Nightworld,2017,72,tt5157052
508330,Awoken,2020,72,tt7838536
3124,The Evil of Frankenstein,1964,73,tt0058073
40220,The Boogey Man,1980,73,tt0080464
39899,Turkey Shoot,1982,73,tt0082338
26958,Puppet Master 5: The Final Chapter,1994,73,tt0110916
11376,The Pool,2001,73,tt0283027
29559,Murder-Set-Pieces,2004,73,tt0422779
15422,Dark Ride,2006,73,tt0433963
84577,7 Below,2012,73,tt1988781
336265,The Mind's Eye,2015,73,tt4567486
341051,Deep Dark,2015,73,tt2914740
480410,The Sandman,2017,73,tt7369722
675490,The Unfamiliar,2020,73,tt8109470
707408,Rent-A-Pal,2020,73,tt12274228
27545,The Wasp Woman,1959,74,tt0054462
3025,The Two Faces of Dr. Jekyll,1960,74,tt0054416
65891,The Dunwich Horror,1970,74,tt0065669
40059,The Deadly Spawn,1983,74,tt0087998
24789,Subspecies,1991,74,tt0103002
20381,The Hitcher II: I've Been Waiting,2003,74,tt0299988
421848,Recovery,2016,74,tt3685668
416724,Boar,2018,74,tt4158594
532645,Lifechanger,2018,74,tt7188978
728796,Hall,2020,74,tt9054692
849369,Superhost,2021,74,tt13309978
975022,You're Killing Me,2023,74,tt20222202
1304106,Blood Star,2024,74,tt28452681
76804,The Cat and the Canary,1927,75,tt0017739
43143,The Crawling Eye,1958,75,tt0052320
42476,Ben,1972,75,tt0068264
79319,The Incubus,1982,75,tt0084133
40760,Sorority House Massacre,1986,75,tt0091990
62131,Link,1986,75,tt0091415
10094,Gone,2006,75,tt0482374
12683,Alone in the Dark 2,2008,75,tt0913951
26722,Nine Miles Down,2009,75,tt0812352
66164,Little Deaths,2011,75,tt1614456
73290,Urban Explorer,2011,75,tt1642665
194121,Dark Circles,2013,75,tt1863201
309063,The Ouija Experiment 2: Theatre of Death,2015,75,tt3727824
397278,Fender Bender,2016,75,tt5131906
438736,The Heretics,2017,75,tt6318848
463364,The Isle,2019,75,tt5075662
623521,The Dare,2019,75,tt6270640
1083858,The Angry Black Girl and Her Monster,2023,75,tt19896150
931940,The Fix,2024,75,tt10284944
1042657,Latency,2024,75,tt23146644
1419229,Silent Zone,2025,75,tt9023964
14605,The Ghost Breakers,1940,76,tt0032520
42745,The Skull,1965,76,tt0059727
40064,To the Devil a Daughter,1976,76,tt0075334
27420,Graduation Day,1981,76,tt0082467
30997,Ghosthouse,1988,76,tt0093090
14916,Moontrap,1989,76,tt0097911
3072,Frankenstein Unbound,1990,76,tt0099612
5898,Brain Dead,1990,76,tt0099173
24836,August Underground,2001,76,tt0412467
42307,Road Train,2010,76,tt1241330
257093,Dark House,2014,76,tt1385543
400329,First Born,2016,76,tt4399590
534235,14 Cameras,2018,76,tt7476438
630766,A Night of Horror: Nightmare Radio,2020,76,tt10756374
1293263,The Curse of the Necklace,2024,76,tt32276246
27179,It! The Terror from Beyond Space,1958,77,tt0051786
29960,Vampire Circus,1972,77,tt0067924
42218,Empire of the Ants,1977,77,tt0075989
40469,Final Exam,1981,77,tt0082378
46885,Visiting Hours,1982,77,tt0083296
47340,Dead End Drive-In,1986,77,tt0090915
27816,Basket Case 3: The Progeny,1992,77,tt0103773
24421,Stag Night,2008,77,tt1082599
24116,The Skeptic,2009,77,tt0493451
84520,The Bunny Game,2011,77,tt1522846
120846,Jurassic Shark,2012,77,tt2071491
131689,The Wicked,2013,77,tt1986994
291866,The Hive,2015,77,tt3745906
401065,The Axe Murders of Villisca,2017,77,tt3320500
444193,The Evil Within,2017,77,tt0339736
471493,Ryde,2017,77,tt5339418
786110,Jakob's Wife,2021,77,tt11908982
854887,Gods of the Deep,2023,77,tt13316770
1131755,A Creature Was Stirring,2023,77,tt11050992
1226840,Things Will Be Different,2024,77,tt27491225
1107325,Witchboard,2025,77,tt2256055
1443260,Rob1n,2025,77,tt34493926
28763,Island of Terror,1966,78,tt0060548
42594,Scream and Scream Again,1970,78,tt0064949
39283,Carnosaur,1993,78,tt0106521
27770,Sometimes They Come Back... Again,1996,78,tt0117692
18442,Decoys,2004,78,tt0357585
54075,Choose,2011,78,tt1325723
291151,The Stranger,2014,78,tt2238470
326420,Dig Two Graves,2014,78,tt2633076
256030,Muck,2015,78,tt2207484
381325,The Exorcism of Anna Ecklund,2016,78,tt3564860
327253,The Gracefield Incident,2017,78,tt4464394
513421,Discarnate,2019,78,tt4685940
1058537,Angels Fallen: Warriors of Peace,2024,78,tt20258220
1201262,Grafted,2024,78,tt11162260
38761,Night of the Lepus,1972,79,tt0069005
37935,One Dark Night,1982,79,tt0086050
40219,The Beast Within,1982,79,tt0083629
51442,American Gothic,1987,79,tt0094642
59797,Bad Dreams,1988,79,tt0094701
66892,Tale of the Mummy,1998,79,tt0127919
36239,Slaughtered Vomit Dolls,2006,79,tt0811073
126323,Mine Games,2012,79,tt1928337
299939,Debug,2014,79,tt2769184
347944,Anguish,2015,79,tt3620762
369196,I Spit on Your Grave: Déjà Vu,2019,79,tt4058836
684684,Shortcut,2020,79,tt8960138
3484,The Mask of Fu Manchu,1932,80,tt0023194
3574,Doctor X,1932,80,tt0022827
41021,The Devil Bat,1940,80,tt0032390
38006,The Abominable Snowman,1957,80,tt0050095
28715,Madhouse,1974,80,tt0071790
27495,The Toolbox Murders,1978,80,tt0078405
34288,The Last Broadcast,1998,80,tt0122143
10579,Dracula III: Legacy,2005,80,tt0303929
55723,ChromeSkull: Laid to Rest 2,2011,80,tt1792799
86759,Rosewood Lane,2011,80,tt1840388
128311,Under the Bed,2012,80,tt1934458
138496,Crawlspace,2012,80,tt1890375
516784,The Toybox,2018,80,tt6053472
586595,After Midnight,2019,80,tt8358220
641668,Seance,2021,80,tt11188624
808090,A House on the Bayou,2021,80,tt14405338
477462,The Twin,2022,80,tt12390572
1312833,A Knight's War,2025,80,tt27705545
3075,Frankenstein Must Be Destroyed,1969,81,tt0065738
42245,The Food of the Gods,1976,81,tt0074540
40451,The Mutilator,1985,81,tt0124014
38500,Howling IV: The Original Nightmare,1988,81,tt0095334
25753,Children of the Corn: Revelation,2001,81,tt0279730
86305,Exit Humanity,2011,81,tt1781812
345931,American Poltergeist,2015,81,tt3108604
481192,Talon Falls,2017,81,tt7048676
500535,Seven in Heaven,2018,81,tt4269118
523371,Inmate Zero,2020,81,tt8406660
715239,Triggered,2020,81,tt9419976
680829,Master,2022,81,tt11286210
1067714,Unseen,2023,81,tt17201166
1356236,Saint Catherine,2024,81,tt33319706
36489,Bride of the Monster,1955,82,tt0047898
67087,Curtains,1983,82,tt0085385
23382,Dark Country,2009,82,tt0469318
33555,Sherlock Holmes,2010,82,tt1522835
122369,13 Eerie,2013,82,tt2082152
176570,Shadow People,2013,82,tt1764647
228676,Mischief Night,2013,82,tt2872810
279968,White Settlers,2014,82,tt2883352
891931,Monster Portal,2022,82,tt14157332
609768,Dear David,2023,82,tt9288740
23506,The Wizard of Gore,1970,83,tt0066578
3581,Death Line,1972,83,tt0068458
39867,Don't Go in the House,1979,83,tt0080646
14147,DeVour,2005,83,tt0406706
83727,The Theatre Bizarre,2011,83,tt1763316
98368,Ritual,2012,83,tt2182019
222911,The Monkey's Paw,2013,83,tt2513092
408185,Nails,2017,83,tt4695098
1118033,The Seeding,2024,83,tt22778346
1320330,Year 10,2024,83,tt21154574
71701,The Damned,1962,84,tt0056576
25241,Squirm,1976,84,tt0075261
48131,The Shout,1978,84,tt0078259
52702,Superstition,1982,84,tt0084739
30694,The Resurrected,1991,84,tt0105242
41671,Amityville 1992: It's About Time,1992,84,tt0103678
9847,The Tripper,2006,84,tt0760187
16611,Blackout,2008,84,tt0844666
57812,51,2011,84,tt1629439
100183,Outpost: Black Sun,2012,84,tt1418712
304613,Charlie's Farm,2014,84,tt3317874
267852,Black Mountain Side,2016,84,tt3139756
611651,Sator,2019,84,tt10556320
1130053,Cinderella's Curse,2024,84,tt27819388
35813,The Bat,1959,85,tt0052602
28177,Two Thousand Maniacs!,1964,85,tt0058694
40368,Nightmare,1981,85,tt0082818
1702,Death Machine,1994,85,tt0109575
55888,Ed Gein,2000,85,tt0230169
15714,Like Minds,2006,85,tt0425196
12791,End of the Line,2007,85,tt0494224
75623,The Howling: Reborn,2011,85,tt1554092
78093,Alyce Kills,2011,85,tt1680051
211065,Proxy,2013,85,tt2191888
280000,Lemon Tree Passage,2014,85,tt2396436
285549,Horsehead,2014,85,tt2242176
474104,Demon House,2018,85,tt4130484
513857,The Nanny,2018,85,tt6159268
638045,The Toll,2021,85,tt9202550
845643,The Piper,2023,85,tt14197038
1201734,Algea: God of Pain,2024,85,tt14909408
1282980,825 Forest Road,2025,85,tt15173952
27115,The Walking Dead,1936,86,tt0028478
29396,Strait-Jacket,1964,86,tt0058620
29449,Images,1972,86,tt0068732
24702,Shallow Ground,2005,86,tt0369918
14977,Red Sands,2009,86,tt1103256
84228,Julia X,2011,86,tt1533058
227877,Torment,2013,86,tt2900822
106845,Re-Kill,2015,86,tt1612319
501851,Ouija House,2018,86,tt7375304
573560,The Car: Road to Revenge,2019,86,tt9382596
723377,The Scary of Sixty-First,2021,86,tt12226872
777620,Caged,2021,86,tt6173712
1013870,Kids vs. Aliens,2023,86,tt21862626
1189205,Blood and Snow,2023,86,tt18482470
24923,Messiah of Evil,1973,87,tt0071396
26680,Shock Waves,1977,87,tt0076704
67740,"Butcher, Baker, Nightmare Maker",1981,87,tt0082813
14228,Mortuary,2005,87,tt0415167
228496,Sx_Tape,2013,87,tt2041331
354220,The Girl in the Photographs,2015,87,tt3826866
29094,The Lodger,1944,88,tt0037024
39859,See No Evil,1971,88,tt0067727
26957,Puppet Master 4,1993,88,tt0107899
26960,Retro Puppet Master,1999,88,tt0189047
165567,Static,2012,88,tt1881060
337029,Frankenstein,2015,88,tt4086032
412762,Happy Hunting,2017,88,tt5189770
457775,The Devil and Father Amorth,2018,88,tt6883152
543915,The Boat,2019,88,tt7468616
551994,The Shed,2019,88,tt8236366
639247,Dreamkatcher,2020,88,tt10553210
751394,100 Candles,2020,88,tt12739994
973471,The Sacrifice Game,2023,88,tt20114976
39916,Contamination,1980,89,tt0082000
44932,Without Warning,1980,89,tt0081764
39982,Just Before Dawn,1981,89,tt0082592
13511,Rawhead Rex,1986,89,tt0091829
32595,Howling III: The Marsupials,1987,89,tt0093227
74747,The Curse,1987,89,tt0092809
24038,976-EVIL,1988,89,tt0094597
49365,Lady in White,1988,89,tt0095484
47090,The Pit and the Pendulum,1991,89,tt0100369
17166,Insanitarium,2008,89,tt1103984
18029,Dying Breed,2008,89,tt1064744
46788,Trash Humpers,2009,89,tt1488163
57749,The Clinic,2010,89,tt1345772
127884,Come Out and Play,2012,89,tt2341664
174678,Mr. Jones,2013,89,tt2507280
210910,Almost Human,2013,89,tt2325517
257117,Blood Punch,2014,89,tt2825230
436549,The Field Guide to Evil,2018,89,tt6688354
614204,Witches in the Woods,2019,89,tt8354344
573680,The Banishing,2021,89,tt7329642
767504,Black as Night,2021,89,tt13372884
1134048,Marshmallow,2025,89,tt15220066
1393382,Popeye's Revenge,2025,89,tt33362807
31498,The Mummy's Hand,1940,90,tt0032818
29235,The Premature Burial,1962,90,tt0056368
30315,Kingdom of the Spiders,1977,90,tt0076271
49958,Primal,2010,90,tt1438534
84907,Playback,2012,90,tt1682940
268229,Hungerford,2014,90,tt3552892
532973,Hell House LLC II: The Abaddon Hotel,2018,90,tt8707374
854188,The Kindred,2021,90,tt10306450
821499,The Inheritance,2024,90,tt9271850
28859,Dolly Dearest,1991,91,tt0104119
18015,Shark Attack 3: Megalodon,2002,91,tt0313597
28499,Open Graves,2009,91,tt0870937
32612,The Traveler,2010,91,tt1533084
55861,The Task,2011,91,tt1621446
70386,The Devil's Rock,2011,91,tt1712578
359245,Even Lambs Have Teeth,2015,91,tt4147210
390883,The Dark Tapes,2017,91,tt5068650
611489,Initiation,2020,91,tt7397098
730167,The Reef: Stalked,2022,91,tt12735282
1286663,Control Freak,2025,91,tt30789086
64568,Taste of Fear,1961,92,tt0055505
14929,Mother's Day,1980,92,tt0081186
27886,Slaughter High,1986,92,tt0091969
48309,Prison,1988,92,tt0095904
27387,Gacy,2003,92,tt0330181
21623,Beneath,2007,92,tt0467167
27370,Paranormal Entity,2009,92,tt1586261
354924,The Dead Room,2015,92,tt3952108
438436,Most Beautiful Island,2017,92,tt4866448
534271,The Cleaning Lady,2018,92,tt7044076
1103437,Please Don't Feed the Children,2025,92,tt27208407
39043,Countess Dracula,1971,93,tt0065580
26480,The Legend of the 7 Golden Vampires,1974,93,tt0070297
38996,Deathdream,1974,93,tt0068457
37526,The Dentist 2,1998,93,tt0161492
17110,One Point O,2004,93,tt0317042
25377,Paintball,2009,93,tt1205071
416166,The Institute,2017,93,tt5788136
614199,Spiral,2019,93,tt9247314
636879,A Nun's Curse,2020,93,tt8426182
728874,Violation,2020,93,tt12801814
760919,The Power,2021,93,tt9314984
793002,Dreamcatcher,2021,93,tt9382172
811656,Monstrous,2022,93,tt4624366
41966,Pin,1988,94,tt0095871
32146,Body Parts,1991,94,tt0101492
96648,The Incident,2012,94,tt1027820
496274,The Thinning: New World Order,2018,94,tt7764650
1081400,The Mill,2023,94,tt26569323
55784,Grizzly,1976,95,tt0074593
40168,Scarecrows,1988,95,tt0096046
20432,The Forgotten Ones,2008,95,tt1308169
106717,The Last Will and Testament of Rosalind Leigh,2012,95,tt2332831
276922,Come Back to Me,2014,95,tt2551396
362180,Don't Grow Up,2015,95,tt3557406
448432,The Convent,2018,95,tt3111516
653615,Amulet,2020,95,tt8332802
660335,Hunted,2021,95,tt10011228
33468,The Brain That Wouldn't Die,1962,96,tt0052646
32051,Race with the Devil,1975,96,tt0073600
31915,Prophecy,1980,96,tt0079758
24331,Scanners II: The New Order,1991,96,tt0102848
9783,Sublime,2007,96,tt0822858
18217,Buried Alive,2007,96,tt0479199
47177,Devil's Playground,2010,96,tt1453245
314065,Altar,2014,96,tt3484800
532638,Open 24 Hours,2018,96,tt6521776
981314,Alien Invasion,2023,96,tt20601506
18724,Attack of the 50 Foot Woman,1958,97,tt0051380
29049,The Plague of the Zombies,1966,97,tt0060841
3104,Frankenstein Created Woman,1967,97,tt0061683
42251,Forbidden World,1982,97,tt0083959
20215,Boo,2005,97,tt0385560
41827,Red White & Blue,2010,97,tt1465505
92395,Evidence,2011,97,tt1640218
174671,Dark Touch,2013,97,tt2328549
529149,Darlin',2019,97,tt8396294
40761,Revenge of the Creature,1955,98,tt0048554
3127,The Revenge of Frankenstein,1958,98,tt0050894
18274,Frogs,1972,98,tt0068615
3043,Flesh for Frankenstein,1973,98,tt0071508
49745,The 4th Floor,1999,98,tt0167752
15434,Seed,2007,98,tt0758781
16350,Vinyan,2008,98,tt1029241
63727,Exorcismus,2010,98,tt1322306
64854,Seconds Apart,2011,98,tt1601475
70575,Children of the Corn: Genesis,2011,98,tt1745672
50497,When the Lights Went Out,2012,98,tt1743993
287524,Fear Clinic,2014,98,tt2165765
347757,Worry Dolls,2016,98,tt3384350
369032,Carnage Park,2016,98,tt4335650
391626,The Offering,2016,98,tt3894404
458969,Monster Party,2018,98,tt6556576
530157,Pledge,2019,98,tt6220752
628707,Trick,2019,98,tt9177040
945657,Titanic 666,2022,98,tt18394428
31579,God Told Me To,1976,99,tt0075930
31703,Death Ship,1980,99,tt0080603
27791,Strangeland,1998,99,tt0124102
36086,Boa vs. Python,2004,99,tt0412523
135368,The Barrens,2012,99,tt2050633
323366,Pod,2015,99,tt3541080
715658,The Scientist,2020,99,tt7741388
1097150,Deliver Us,2023,99,tt14462452
26278,Quatermass 2,1957,100,tt0050873
35669,The Satanic Rites of Dracula,1973,100,tt0070634
30885,Vampyres,1974,100,tt0072354
18392,Embrace of the Vampire,1995,100,tt0109723
60575,Prowl,2010,100,tt1559033
153509,Zombie Massacre,2013,100,tt2081438
448252,Be Afraid,2017,100,tt3311020
18979,Captain Kronos: Vampire Hunter,1974,101,tt0071276
16126,Flight of the Living Dead,2007,101,tt0780583
15039,Against the Dark,2009,101,tt1194271
19237,Kill Theory,2009,101,tt0893532
224815,Skinwalker Ranch,2013,101,tt2881698
385737,Always Shine,2016,101,tt4392770
608994,The Cleansing Hour,2020,101,tt8009906
25944,Blood for Dracula,1974,102,tt0071233
50687,Maniac Cop 3: Badge of Silence,1993,102,tt0104808
48787,Mute Witness,1995,102,tt0110604
16266,2012 Doomsday,2008,102,tt1132130
207780,Antisocial,2013,102,tt2772092
334028,Some Kind of Hate,2015,102,tt3698558
332285,Antibirth,2016,102,tt3333870
403368,Havenhurst,2016,102,tt3424690
577889,Hostage Radio,2019,102,tt7857374
1146143,The Puppetman,2023,102,tt19369162
1272890,Lowlifes,2024,102,tt31499750
1286185,The Carpenter's Son,2025,102,tt32304349
48014,From Beyond the Grave,1974,103,tt0070078
49126,Audrey Rose,1977,103,tt0075704
5237,Dust Devil,1992,103,tt0104155
10838,Dracula 3000,2004,103,tt0367677
11345,The Zodiac,2005,103,tt0371739
15543,Penny Dreadful,2006,103,tt0454224
329289,Always Watching: A Marble Hornets Story,2015,103,tt2737926
711963,Coming Home in the Dark,2021,103,tt6874762
933090,Starve Acre,2024,103,tt17521612
19002,Darkman III: Die Darkman Die,1996,104,tt0116033
17245,Mulberry Street,2006,104,tt0473514
17027,Shuttle,2008,104,tt0880648
191619,Beneath,2013,104,tt2325518
473902,The Amityville Murders,2018,104,tt6984258
540291,Isabelle,2019,104,tt6098380
26774,The Blood on Satan's Claw,1971,105,tt0066849
28801,Twins of Evil,1971,105,tt0069427
22175,The Shortcut,2009,105,tt1243955
98948,Abraham Lincoln vs. Zombies,2012,105,tt2246549
816977,They/Them,2022,105,tt14502344
752867,The Outwaters,2023,105,tt13259610
1297028,Rosario,2025,105,tt27674700
31655,The Terror,1963,106,tt0057569
785759,Two Witches,2023,106,tt10963926
787761,Oracle,2023,106,tt13515258
950141,Organ Trail,2023,106,tt18071972
1008374,Baby Ruby,2023,106,tt21448540
29756,13 Ghosts,1960,107,tt0053559
35280,The Other,1972,107,tt0069050
40649,Demonic Toys,1992,107,tt0104083
15991,Bad Biology,2008,107,tt0974977
19197,Mum & Dad,2008,107,tt1129428
15052,The Lodger,2009,107,tt0851530
101176,The Butterfly Room,2012,107,tt1612782
117978,In Their Skin,2012,107,tt1790869
614205,Dark Light,2019,107,tt9135260
820511,Ripper Untold,2021,107,tt14267154
1026819,The Hunted,2024,107,tt22493538
15096,20 Million Miles to Earth,1957,108,tt0050084
11525,Lawnmower Man 2: Beyond Cyberspace,1996,108,tt0116839
33005,Mimic: Sentinel,2003,108,tt0330634
18870,Minotaur,2006,108,tt0415160
21935,The Haunting Hour: Don't Think About It,2007,108,tt0905994
139933,Kiss of the Damned,2012,108,tt1959438
220471,The Devil's Hand,2014,108,tt2290739
392818,The Transfiguration,2016,108,tt5039088
403964,ClownTown,2016,108,tt4577344
40952,Alone in the Dark,1982,109,tt0083542
38084,The Horror Show,1989,109,tt0097527
38157,Wishmaster 4: The Prophecy Fulfilled,2002,109,tt0254872
462036,The Monster Project,2017,109,tt4537888
28261,Mad Love,1935,110,tt0026663
29320,The Devil-Doll,1936,110,tt0027521
30348,Isle of the Dead,1945,110,tt0037820
21970,The Watcher in the Woods,1980,110,tt0081738
42149,The Hand,1981,110,tt0082497
27303,Hideaway,1995,110,tt0113303
29512,Bruiser,2000,110,tt0212830
14878,The Objective,2008,110,tt0962711
291865,From the Dark,2014,110,tt4030442
825808,See for Me,2022,110,tt11209212
25750,Children of the Corn IV: The Gathering,1996,111,tt0115885
14853,Screamers: The Hunting,2009,111,tt1214983
114958,Storage 24,2012,111,tt1986953
1040229,T.I.M.,2023,111,tt21988182
39890,The City of the Dead,1960,112,tt0053719
28667,The Gorgon,1964,112,tt0058155
28264,Blood Rage,1987,112,tt0085253
25066,Tales from the Hood,1995,112,tt0114609
20981,The Call of Cthulhu,2005,112,tt0478988
324803,Hangman,2015,112,tt4441422
880100,Fear,2023,112,tt12830948
14459,Storm Warning,2007,113,tt0800367
410126,Patient Seven,2016,113,tt5345298
406107,Dead Awake,2017,113,tt3778010
1126577,Til Death Do Us Part,2023,113,tt27047448
1317218,Mr. Crocket,2024,113,tt32916093
28438,The Leopard Man,1943,114,tt0036104
39261,The House That Dripped Blood,1971,114,tt0065854
46175,Daughters of Darkness,1971,114,tt0067690
26932,The Island of Dr. Moreau,1977,114,tt0076210
28377,Hell Night,1981,114,tt0082511
27135,Tell-Tale,2009,114,tt1135095
356149,Robert,2015,114,tt4141368
797946,The Djinn,2021,114,tt9352356
882598,Smile,2022,114,tt15474916
954388,Quicksand,2023,114,tt19056070
1096838,Here After,2024,114,tt5402714
1222064,River of Blood,2024,114,tt29708137
18987,The Hunchback of Notre Dame,1923,115,tt0014142
26811,Dr. Terror's House of Horrors,1965,115,tt0059125
55538,Bloody Birthday,1981,115,tt0082084
24126,Warlock: The Armageddon,1993,115,tt0108517
10578,Dracula II: Ascension,2003,115,tt0336325
20323,Long Weekend,2009,115,tt1098356
345875,The Abandoned,2015,115,tt3311988
524789,The Devil's Doorway,2018,115,tt6793280
1159477,The King Tide,2024,115,tt6632018
30566,Blacula,1972,116,tt0068284
24634,Ghost Story,1981,116,tt0082449
486011,Like.Share.Follow.,2017,116,tt7441032
554739,The Final Wish,2019,116,tt9109306
630392,The Cursed,2021,116,tt9907782
792657,Safer at Home,2021,116,tt13651858
26857,The Tingler,1959,117,tt0053363
34479,Scars of Dracula,1970,117,tt0067713
53868,The Vault of Horror,1973,117,tt0070868
27361,Black Moon,1975,117,tt0072709
43089,Roadgames,1981,117,tt0083000
91549,The Moth Diaries,2011,117,tt1407065
289712,Mockingbird,2014,117,tt2125685
347751,13 Cameras,2015,117,tt4392454
245627,Abattoir,2016,117,tt1480285
39995,Long Weekend,1979,118,tt0079482
32998,Necronomicon,1993,118,tt0107664
132064,Vile,2011,118,tt1711018
591634,False Positive,2021,118,tt10096842
25993,Asylum,1972,119,tt0068230
26956,Puppet Master III: Toulon's Revenge,1991,119,tt0102728
34098,Ticks,1993,119,tt0108339
25751,Children of the Corn V: Fields of Terror,1998,119,tt0150111
42302,Blood Monkey,2007,119,tt1054564
156597,Stage Fright,2014,119,tt2190838
376579,Let's Be Evil,2016,119,tt3655682
433419,The Hollow Child,2018,119,tt6464360
526224,Big Legend,2018,119,tt6409762
510284,Braid,2019,119,tt4638148
746817,The Call,2020,119,tt12971924
1214140,Monster Island,2025,119,tt29262075
28421,The Invisible Man Returns,1940,120,tt0032635
12237,Faces of Death,1978,120,tt0077533
35977,Pumpkinhead II: Blood Wings,1995,120,tt0110913
27259,Long Time Dead,2002,120,tt0251806
196830,Stranded,2013,120,tt2268573
584004,Resurrected,2023,120,tt15340206
28503,Dementia 13,1963,121,tt0056983
30137,The Haunted Palace,1963,121,tt0057128
47957,Madman,1981,121,tt0082696
32076,The Believers,1987,121,tt0092632
19058,Down,2001,121,tt0247303
20034,Hush,2008,121,tt1093369
279972,Digging Up the Marrow,2015,121,tt1991031
387399,We Go On,2016,121,tt3904278
463022,The Super,2018,121,tt5884784
1476740,Influencers,2025,121,tt36833584
18801,Haunted,1995,122,tt0113269
17209,Madhouse,2004,122,tt0363276
78461,Beneath the Darkness,2012,122,tt1781775
138941,Found,2012,122,tt2149360
409164,Boys in the Trees,2016,122,tt3445580
670266,Tremors: Shrieker Island,2020,122,tt8322060
8875,Timber Falls,2007,123,tt0857295
16167,From Within,2008,123,tt1063056
1088157,Godless: The Eastfield Exorcism,2023,123,tt16296308
1244953,Trust,2025,123,tt31314745
29030,The Tomb of Ligeia,1964,124,tt0059821
29748,Taste the Blood of Dracula,1970,124,tt0065073
25438,Trick or Treat,1986,124,tt0092112
28635,Wishmaster 3: Beyond the Gates of Hell,2001,124,tt0254871
34081,Ted Bundy,2002,124,tt0284929
47386,YellowBrickRoad,2010,124,tt1398428
298538,Disaster L.A.: The Last Zombie Apocalypse Begins Here,2014,124,tt3439114
262848,Phantasm: Ravager,2016,124,tt3627704
528091,The Furies,2019,124,tt8228172
43149,The Son of Kong,1933,125,tt0024593
27230,Christmas Evil,1980,125,tt0081793
11380,Bones,2001,125,tt0166110
47518,The Tortured,2010,125,tt1017464
78294,Panic Button,2011,125,tt1727358
397514,The Windmill Massacre,2016,125,tt2923088
539549,I'll Take Your Dead,2018,125,tt7962932
542713,Starfish,2019,125,tt5700182
716703,What Lies Below,2020,125,tt9264728
717728,Jeepers Creepers: Reborn,2022,125,tt14121726
27150,Silent Rage,1982,126,tt0084684
13429,Donkey Punch,2008,126,tt0988849
52001,Citadel,2012,126,tt1641975
257874,Beneath,2013,126,tt2991296
347642,Bite,2015,126,tt4264426
592230,Blood Quantum,2019,126,tt7394674
28435,Murders in the Rue Morgue,1932,127,tt0023249
20945,The Seventh Victim,1943,127,tt0036341
33516,Gothic,1986,127,tt0091142
429742,Still/Born,2018,127,tt6087426
532635,The Golem,2018,127,tt8329290
829038,Night Shift,2023,127,tt13380324
32023,Son of Dracula,1943,128,tt0036376
28752,The Curse of the Werewolf,1961,128,tt0054777
39929,Hello Mary Lou: Prom Night II,1987,128,tt0093176
13954,Alien Raiders,2008,128,tt0996979
28910,Mark of the Vampire,1935,129,tt0026685
33020,Dracula A.D. 1972,1972,129,tt0068505
33016,Deadly Blessing,1981,129,tt0082245
9011,The Prophecy 3: The Ascent,2000,129,tt0183678
22681,Homecoming,2009,129,tt1135500
159211,The Haunting of Helena,2013,129,tt2378191
410988,The Stakelander,2016,129,tt5843670
450932,Armed Response,2017,129,tt4557208
1175038,Stranger in the Woods,2024,129,tt19316408
207475,The Ouija Experiment,2011,130,tt2364842
595216,Play or Die,2019,130,tt9537532
11623,The Medusa Touch,1978,131,tt0077921
40466,Crocodile,2000,131,tt0203425
12484,The Forsaken,2001,131,tt0245120
17618,Laid to Rest,2009,131,tt1228933
27646,Night of the Demons,2009,131,tt1268809
174682,Raze,2013,131,tt2111392
586586,Bliss,2019,131,tt9026524
1519168,The Jester 2,2025,131,tt37334010
27970,Werewolf of London,1935,132,tt0027194
30793,House of Dracula,1945,132,tt0037793
28172,Blood Feast,1963,132,tt0056875
30062,Eaten Alive,1976,132,tt0074455
14745,The Haunting of Molly Hartley,2008,132,tt1045655
56811,Cropsey,2009,132,tt1277936
265018,Indigenous,2014,132,tt2815072
323665,Ava's Possessions,2015,132,tt3727982
504982,The Jurassic Games,2018,132,tt6710826
617786,The Other Lamb,2020,132,tt7737734
1098160,The Tank,2023,132,tt14687418
823491,Out of Darkness,2024,132,tt7527682
32652,Mystery of the Wax Museum,1933,133,tt0024368
26178,Razorback,1984,133,tt0087981
28774,Communion,1989,133,tt0097100
26954,Puppet Master II,1990,133,tt0100438
55890,Bereavement,2010,133,tt1100051
1072074,Disquiet,2023,133,tt25869142
13553,The Driller Killer,1979,134,tt0079082
20441,Messengers 2: The Scarecrow,2009,134,tt1299653
241927,Hellions,2015,134,tt3305844
661950,Alone,2020,134,tt10192566
1244531,Beast of War,2025,134,tt29468874
16154,Let's Scare Jessica to Death,1971,135,tt0067341
14549,Night Train,2009,135,tt1020055
38150,Heartless,2009,135,tt1220214
173672,Hunger,2009,135,tt1176252
53459,F,2010,135,tt1486670
436494,Feral,2018,135,tt4974778
732713,Evil Eye,2020,135,tt12882620
29778,Dracula Has Risen from the Grave,1968,136,tt0062909
426375,Malicious,2018,136,tt6197494
28436,The Curse of the Cat People,1944,137,tt0036733
21143,The Day of the Triffids,1962,137,tt0055894
37936,Happy Birthday to Me,1981,137,tt0082498
283686,Out of the Dark,2014,137,tt2872724
399894,Daylight's End,2016,137,tt3007132
384756,Rabid,2019,137,tt5628902
32043,The Guardian,1990,138,tt0099710
25749,Children of the Corn III: Urban Harvest,1995,138,tt0109415
17577,The Devil's Tomb,2009,138,tt1147687
74471,The Dead,2010,138,tt1386925
407389,The Remains,2016,138,tt3894312
795853,Gaia,2021,138,tt11881160
1225377,The Mouse Trap,2024,138,tt30743549
17907,The Raven,1935,139,tt0026912
39891,The Devil Rides Out,1968,139,tt0062885
31952,The Vampire Lovers,1970,139,tt0066518
10383,Lost Souls,2000,139,tt0160484
185267,The Human Race,2013,139,tt1427298
205891,The Demented,2013,139,tt2113792
412766,Sam Was Here,2016,139,tt5736592
483737,Totem,2017,139,tt6791238
931628,A Sacrifice,2024,139,tt16491560
3016,Dr. Jekyll and Mr. Hyde,1920,140,tt0011130
20424,Invaders from Mars,1953,140,tt0045917
40095,Dead Heat,1988,140,tt0094961
1016848,The Front Room,2024,140,tt21905744
25557,The Puppet Masters,1994,141,tt0111003
10943,The Gathering,2001,141,tt0294594
22007,Train,2008,141,tt1015474
344854,The Pack,2015,141,tt4167720
35073,"The Beast from 20,000 Fathoms",1953,142,tt0045546
18196,The Sentinel,1977,142,tt0076683
25756,Clownhouse,1989,142,tt0094886
16764,Toolbox Murders,2004,142,tt0367153
21398,Grace,2009,142,tt1220213
342927,3-Headed Shark Attack,2015,142,tt4685096
537788,Daniel Isn't Real,2019,142,tt8745960
1165466,Wake Up,2024,142,tt28662887
48197,The Town That Dreaded Sundown,1976,143,tt0075342
14033,Soul Survivors,2001,143,tt0218619
199578,Patrick,2013,143,tt2147459
361159,Navy Seals vs. Zombies,2015,143,tt4511566
25752,Children of the Corn 666: Isaac's Return,1999,144,tt0177625
18882,Man-Thing,2005,144,tt0290747
25967,Isolation,2005,144,tt0446719
52454,Mega Shark vs. Crocosaurus,2010,144,tt1705773
157115,Jug Face,2013,144,tt2620736
511449,Family Blood,2018,144,tt7895904
741613,The Boy Behind The Door,2020,144,tt10772662
24580,The Quatermass Xperiment,1955,145,tt0049646
17994,Witchboard,1986,145,tt0090327
16146,Phantasm IV: Oblivion,1998,145,tt0138703
228358,The Pact II,2014,145,tt2924442
351043,Amnesiac,2015,145,tt2837336
404584,From a House on Willow Street,2017,145,tt4961380
459947,Jackals,2017,145,tt6104206
21168,The Reflecting Skin,1990,146,tt0100469
12483,Riding the Bullet,2004,146,tt0355954
16456,The Crow: Wicked Prayer,2005,146,tt0353324
60086,Babysitter Wanted,2007,146,tt0819755
1137205,Last Straw,2024,146,tt24249072
12576,Deathwatch,2002,147,tt0286306
14660,Solstice,2007,147,tt0473267
587130,The Reckoning,2021,147,tt9182964
1215918,Blackwater Lane,2024,147,tt22767628
801937,"Silent Night, Deadly Night",2025,147,tt34508974
1091267,The Well,2024,148,tt26754354
28893,Galaxy of Terror,1981,149,tt0082431
18256,Castle Freak,1995,149,tt0112643
10496,Bats,1999,149,tt0200469
151933,Dead in Tombstone,2013,149,tt2268419
207270,The Hoarder,2015,149,tt1891923
400605,Dead Rising: Endgame,2016,149,tt5481404
28153,It's Alive,1974,150,tt0071675
209901,Nothing Left to Fear,2013,150,tt1662293
306966,Summer Camp,2016,150,tt2638662
1075335,Little Bone Lodge,2023,150,tt19858164
29794,Howling II: Stirba - Werewolf Bitch,1985,151,tt0089308
28902,In Dreams,1999,151,tt0120710
15069,WΔZ,2007,151,tt0804552
27588,Forget Me Not,2009,151,tt1147684
419706,Mary,2019,151,tt5834854
1032372,Cold Meat,2024,151,tt17067574
13557,The Gravedancers,2006,152,tt0435653
19599,Book of Blood,2009,152,tt1169809
720026,Butchers,2020,152,tt8764358
1388808,Into the Deep,2025,152,tt28637027
3074,The Ghost of Frankenstein,1942,153,tt0034786
25329,The Echo,2008,153,tt0897347
370178,Scare Campaign,2016,153,tt4467626
463322,The Dark,2018,153,tt6832388
734353,Anything for Jackson,2020,153,tt12137964
774021,Demonic,2021,153,tt13392012
1361292,Cellar Door,2024,153,tt11950888
19483,It Came from Outer Space,1953,154,tt0045920
29143,Eyes of Laura Mars,1978,154,tt0077530
33061,Troll,1986,154,tt0092115
15495,The Hamiltons,2006,154,tt0443527
296130,Harbinger Down,2015,154,tt3397918
14126,Catacombs,2007,155,tt0449471
397981,Beyond the Gates,2016,155,tt4687358
1014661,House of Spoils,2024,155,tt21830836
1089123,Daddy's Head,2024,155,tt26682012
25834,Xtro,1982,156,tt0086610
15667,The Last Winter,2006,156,tt0454864
347548,Containment,2015,156,tt3561236
1006947,Suitable Flesh,2023,156,tt21397580
32569,X: The Man with the X-Ray Eyes,1963,157,tt0057693
385320,Zoombies,2016,157,tt5340882
467239,Temple,2017,157,tt4898730
801071,The Jack in the Box: Awakening,2022,157,tt12764628
59726,Wake Wood,2011,158,tt1296899
472269,Possum,2018,158,tt6081670
1353117,Home Sweet Home: Rebirth,2025,158,tt29425792
44247,The Prowler,1981,159,tt0082951
16077,My Little Eye,2002,159,tt0280969
294308,Don't Blink,2014,159,tt1572306
814800,Goodnight Mommy,2022,159,tt9000184
16335,Walled In,2009,160,tt1104006
216580,Savaged,2014,160,tt2378453
403642,The Neighbor,2016,160,tt3330764
546724,We Summon the Darkness,2020,160,tt8058874
1319951,40 Acres,2025,160,tt29634843
9033,The Prophecy II,1998,161,tt0118643
265019,Preservation,2014,161,tt3138558
409582,7 Guardians of the Tomb,2018,161,tt4915672
760195,Separation,2021,161,tt9173154
1388366,Popeye the Slayer Man,2025,161,tt30956852
22293,Manos: The Hands of Fate,1966,162,tt0060666
15658,Flowers in the Attic,1987,162,tt0093036
10085,Unrest,2006,162,tt0453533
11494,Wilderness,2006,162,tt0465670
226458,Exeter,2015,162,tt1945044
429727,Bad Match,2017,162,tt5990066
761563,Medusa: Queen of the Serpents,2021,162,tt12060154
751237,Umma,2022,162,tt13235822
1212742,The Rule of Jenny Pen,2025,162,tt6874690
40229,The House on Sorority Row,1982,163,tt0085694
960258,Shark Bait,2022,163,tt12550376
23220,The Brides of Dracula,1960,164,tt0053677
10706,Mimic 2,2001,164,tt0239641
3511,The Broken,2008,164,tt0906734
623520,Z,2019,164,tt8995218
3022,Dr. Jekyll and Mr. Hyde,1941,165,tt0033553
831,This Island Earth,1955,165,tt0047577
16921,Autopsy,2008,165,tt0443435
257444,The Boy,2015,165,tt2443822
1094403,Malum,2023,165,tt9472334
1141182,Die Alone,2024,165,tt21097192
10725,Wolfen,1981,166,tt0083336
12685,BloodRayne: The Third Reich,2010,166,tt1153546
323370,The Diabolical,2015,166,tt3603808
1148027,New Life,2023,166,tt18973958
3103,House of Frankenstein,1944,167,tt0036931
29343,Humanoids from the Deep,1980,167,tt0080904
229182,The Harvest,2015,167,tt2543336
325302,They Look Like People,2016,167,tt4105970
503706,The Haunting of Sharon Tate,2019,167,tt7976208
27214,Amityville 3-D,1983,168,tt0085159
18477,The Hills Have Eyes Part II,1985,168,tt0089274
390582,Here Alone,2016,168,tt4814760
853387,Lord of Misrule,2023,168,tt11893676
135812,Dracula 3D,2012,169,tt1852770
347762,Most Likely to Die,2015,169,tt4163224
31965,Witchfinder General,1968,170,tt0063285
28090,Maniac Cop 2,1990,170,tt0100107
15846,The Burrowers,2008,170,tt0445939
440444,Piercing,2018,170,tt6516314
25748,Children of the Corn II: The Final Sacrifice,1992,171,tt0106557
301325,#Horror,2015,171,tt3526286
359228,Ghost House,2017,172,tt4365566
624779,VFW,2019,172,tt9894470
298093,Poker Night,2014,173,tt2548208
515454,Come True,2020,173,tt7026488
1241674,The Last Breath,2024,173,tt14827150
29979,Highwaymen,2004,174,tt0339147
13548,Borderland,2007,174,tt0452592
18990,The Mummy,1959,175,tt0053085
12485,Candyman: Day of the Dead,1999,175,tt0165662
405882,Don't Kill It,2016,175,tt3113696
431259,Escape Room,2017,175,tt5748392
543917,Bloodline,2019,175,tt8883524
826753,Candy Land,2023,175,tt13857556
1032948,V/H/S/85,2023,175,tt22640398
47763,The Shrine,2010,176,tt1341710
227094,The Returned,2013,176,tt2093270
830788,The Invitation,2022,176,tt12873562
1232933,Fear Below,2025,176,tt13098590
16139,Phantasm III: Lord of the Dead,1994,177,tt0110823
409617,Killing Ground,2017,177,tt4728386
926599,All Fun and Games,2023,177,tt10092698
14458,Altered,2006,178,tt0457275
207774,The Borderlands,2013,178,tt2781832
59189,Phase IV,1974,179,tt0070531
31646,Piranha II: The Spawning,1982,179,tt0082910
12238,The Night Flier,1997,179,tt0119784
10605,Vampires: Los Muertos,2002,179,tt0272147
884184,Consecration,2023,179,tt14993352
26912,Quatermass and the Pit,1967,180,tt0062168
13549,Burnt Offerings,1976,180,tt0074258
14457,Reeker,2005,180,tt0393635
19166,House Of 9,2005,180,tt0395585
133369,The Conspiracy,2012,180,tt2330322
345468,Contracted: Phase II,2015,180,tt4255110
363111,Wolves at the Door,2016,180,tt4670016
388440,The Curse of Sleeping Beauty,2016,180,tt4118606
502406,St. Agatha,2018,180,tt6182078
1081662,Appendage,2023,180,tt17202164
18983,"Godzilla, King of the Monsters!",1956,181,tt0197521
31909,Invaders from Mars,1986,181,tt0091276
410876,Tell Me How I Die,2016,181,tt5937770
731740,The Block Island Sound,2021,181,tt8747160
45964,When a Stranger Calls,1979,182,tt0080130
289416,Grace,2014,182,tt3068192
19142,The Return of Swamp Thing,1989,183,tt0098193
19158,Graveyard Shift,1990,183,tt0099697
14237,Brainscan,1994,183,tt0109327
26587,Dread,2009,183,tt1331307
30346,The Body Snatcher,1945,184,tt0037549
17102,Dracula: Prince of Darkness,1966,184,tt0059127
18775,Demon Seed,1977,184,tt0075931
1160003,Night of the Hunted,2023,184,tt23642744
26198,The Keep,1983,185,tt0085780
1340110,Redux Redux,2025,185,tt33295741
27503,The Unknown,1927,186,tt0018528
365995,Inside,2016,186,tt5170810
996727,The Price We Pay,2023,186,tt15441472
31685,The Hunchback of Notre Dame,1939,187,tt0031455
31150,Intruder,1989,187,tt0095379
13559,The Mangler,1995,187,tt0113762
17456,BloodRayne 2: Deliverance,2007,187,tt0896036
353345,The Exorcism of Molly Hartley,2015,187,tt3800796
541560,The Wind,2019,187,tt8426594
44678,Altitude,2010,188,tt1407049
1058638,Birth/Rebirth,2023,188,tt9048804
1049942,Bambi: The Reckoning,2025,188,tt23621682
40969,Terror Train,1980,189,tt0081617
1872,Rise: Blood Hunter,2007,189,tt0389328
15262,Boogeyman 3,2008,189,tt1204883
758769,Unwelcome,2023,189,tt12447796
38126,Return of the Fly,1959,190,tt0053219
33278,Deadly Friend,1986,190,tt0090917
347847,The Sand,2015,190,tt3399484
1059345,Cult Killer,2024,190,tt21151212
22440,Dracula's Daughter,1936,191,tt0027545
15855,Phantom of the Opera,1943,191,tt0036261
23761,"Alice, Sweet Alice",1976,191,tt0076150
331392,Eloise,2017,191,tt3692652
803114,The Requin,2022,191,tt11348232
10299,"Hush... Hush, Sweet Charlotte",1964,192,tt0058213
49763,Bad Moon,1996,192,tt0115610
10359,Resurrection,1999,192,tt0142804
531145,Boarding School,2018,192,tt6224502
42196,The Bad Seed,1956,193,tt0048977
16180,The Legend of Hell House,1973,193,tt0070294
132137,Werewolf: The Beast Among Us,2012,193,tt1987028
480100,Nightmare Cinema,2018,193,tt7349910
521934,The Witch in the Window,2018,193,tt5936492
33521,Dracula,1979,194,tt0079073
9017,Outpost,2008,194,tt0892899
127651,The Seasoning House,2012,194,tt1555093
1140648,Double Blind,2024,194,tt14729020
10790,The Abandoned,2006,195,tt0475937
126172,Leprechaun: Origins,2014,195,tt2345613
340601,Delirium,2018,195,tt2069797
517764,The Farm,2019,195,tt7959500
27118,The Hound of the Baskervilles,1939,196,tt0031448
26517,Martin,1976,196,tt0077914
12594,Wishmaster 2: Evil Never Dies,1999,196,tt0156182
74505,Lovely Molly,2011,196,tt1707392
355193,Devil's Gate,2017,197,tt4610748
767499,The Manor,2021,197,tt13372794
34193,Magic,1978,198,tt0077889
928480,Monster Summer,2024,198,tt3954936
27517,The Man Who Laughs,1928,199,tt0019130
12583,Ginger Snaps Back: The Beginning,2004,199,tt0365265
51248,11-11-11,2011,199,tt1712159
333357,Stephanie,2017,199,tt3829378
10263,Tamara,2005,200,tt0401815
15741,Dorothy Mills,2008,200,tt1034306
759902,Hunter Hunter,2020,200,tt2226162
850439,The Damned,2025,200,tt15010692
3076,Frankenstein Meets the Wolf Man,1943,201,tt0035899
25103,Night of the Demon,1957,201,tt0050766
27726,Q,1982,201,tt0084556
17911,Mega Shark vs. Giant Octopus,2009,201,tt1350498
8997,Hollow Man II,2006,202,tt0469916
86703,2-Headed Shark Attack,2012,202,tt2043757
146243,Haunt,2013,202,tt2386278
595149,Death of Me,2020,202,tt1830643
744742,The Last Rite,2021,202,tt8941380
1015303,Elevator Game,2023,202,tt14013772
18998,Darkman II: The Return of Durant,1995,203,tt0109552
254193,Late Phases,2014,203,tt2420756
9077,Tarantula,1955,204,tt0048696
29514,Two Evil Eyes,1990,204,tt0100827
16028,They,2002,204,tt0283632
15641,Vacancy 2: The First Cut,2008,204,tt1204979
84178,Black Rock,2012,204,tt1930294
444149,Hellraiser: Judgment,2018,204,tt5476182
1174618,Alice in Terrorland,2023,204,tt22398528
1207898,The Jack in the Box Rises,2024,204,tt26628641
34996,The Addiction,1995,205,tt0112288
9841,Rest Stop,2006,205,tt0787505
30685,Blood Creek,2009,205,tt0450336
47955,White Dog,1982,206,tt0084899
6948,The Woods,2006,206,tt0380066
153738,Frankenstein's Army,2013,206,tt1925435
503752,What Keeps You Alive,2018,206,tt7073710
632309,The Assent,2020,206,tt9612982
645856,The Seventh Day,2021,206,tt11263022
754934,Son,2021,206,tt5624466
16373,The Uninvited,1944,207,tt0037415
180305,Mercy,2014,207,tt2481496
11607,DeepStar Six,1989,208,tt0097179
9782,The Night Listener,2006,208,tt0448075
254188,At the Devil's Door,2014,208,tt2597242
24274,Dead & Buried,1981,209,tt0082242
9092,Snow White: A Tale of Terror,1997,209,tt0119227
300467,Dark Was the Night,2014,209,tt2251281
24655,The Car,1977,210,tt0075809
198210,Evidence,2013,210,tt1828970
670429,Witch Hunt,2021,210,tt10160974
957314,The Passenger,2023,210,tt21979910
7006,White Noise 2: The Light,2007,211,tt0496436
73588,The Caller,2011,211,tt1525890
84226,The Day,2011,211,tt1756799
528985,Assimilate,2019,211,tt5238904
274626,Animal,2014,212,tt2996684
505063,Await Further Instructions,2018,212,tt4971408
23439,House of Usher,1960,213,tt0053925
32613,Horror Express,1972,213,tt0068713
10854,Wicked Little Things,2006,213,tt0470000
1024721,Monolith,2023,213,tt18298588
3079,The Curse of Frankenstein,1957,214,tt0050280
44351,Rabbits,2002,215,tt0347840
17,The Dark,2005,215,tt0411267
252529,Another Me,2013,215,tt1816608
355506,Siren,2016,215,tt4667854
207769,Banshee Chapter,2013,216,tt2011276
258086,The Damned,2013,216,tt2387408
29787,Monkey Shines,1988,217,tt0095652
23730,C.H.U.D.,1984,218,tt0087015
177221,The Battery,2012,218,tt2272350
455108,The Little Stranger,2018,218,tt6859762
10292,Urban Legends: Bloody Mary,2005,219,tt0451957
1596,Population 436,2006,219,tt0462482
244316,Into the Grizzly Maze,2015,219,tt1694021
899445,Deep Fear,2023,219,tt14865406
1117321,You'll Never Find Me,2024,219,tt22023218
25853,Dahmer,2002,220,tt0285728
5956,Joshua,2007,220,tt0808331
485811,Redcon-1,2018,220,tt2034176
1362315,The Hand That Rocks the Cradle,2025,220,tt33502160
13570,Tourist Trap,1979,221,tt0080040
11309,Hardware,1990,221,tt0099740
12619,Cherry Falls,2000,221,tt0175526
34583,The Final,2010,221,tt1390535
78381,Twixt,2011,221,tt1756851
25319,The Masque of the Red Death,1964,222,tt0058333
14397,Whisper,2007,222,tt0435528
1330421,Bone Lake,2025,222,tt26783625
39957,Burning Bright,2010,223,tt1244658
13006,Split Second,1992,224,tt0105459
782760,COVID-21: Lethal Virus,2021,224,tt11246434
629015,Shut In,2022,224,tt10131024
38939,Tales from the Crypt,1972,225,tt0069341
1407861,The Bayou,2025,225,tt29343289
19592,Dead Birds,2004,226,tt0377749
257087,The Veil,2016,226,tt3533916
24001,The Hills Run Red,2009,227,tt0907676
443319,Phoenix Forgotten,2017,227,tt6574272
703745,Deep Blue Sea 3,2020,227,tt11946300
34335,Nine Dead,2010,228,tt0959329
70584,Hellraiser: Revelations,2011,228,tt1716747
137145,247°F,2011,228,tt1877543
231001,All Hallows' Eve,2013,228,tt2900624
840889,Stopmotion,2024,228,tt14852624
1373445,V/H/S/Halloween,2025,228,tt37676033
10988,Diabolique,1996,229,tt0116095
14913,Boogeyman 2,2007,229,tt0900357
33518,Alligator,1980,231,tt0080354
1035982,Hell House LLC Origins: The Carmichael Manor,2023,231,tt22796890
1308757,Dead Sea,2024,231,tt11724920
807356,Watcher,2022,232,tt12004038
1020414,Peter Pan's Neverland Nightmare,2025,232,tt21955520
27475,The Slumber Party Massacre,1982,233,tt0084695
12699,Hellraiser: Hellworld,2005,233,tt0354623
1300962,The Beast Within,2024,233,tt14539318
1145221,It Feeds,2025,233,tt28230296
3031,Island of Lost Souls,1932,234,tt0024188
11791,The Hound of the Baskervilles,1959,234,tt0052905
9568,The Dentist,1996,234,tt0116075
10391,Bless the Child,2000,234,tt0163983
14219,Skinwalkers,2006,234,tt0461703
553141,The Head Hunter,2019,234,tt6469548
17455,Hellraiser: Deader,2005,235,tt0337636
310137,Bound to Vengeance,2015,235,tt1230213
504631,Mermaid Down,2019,235,tt3584496
680593,The Dark and the Wicked,2020,235,tt10229558
25155,The Stepfather,1987,236,tt0094035
119698,The Dinosaur Project,2012,236,tt1907779
97795,Apartment 143,2011,238,tt1757742
12223,The Stepford Wives,1975,239,tt0073747
9756,Half Light,2006,239,tt0412798
431185,He's Out There,2018,239,tt4052050
580630,Girl on the Third Floor,2019,239,tt9026184
11905,The Company of Wolves,1984,240,tt0087075
13059,The Signal,2008,240,tt0780607
193726,ABCs of Death 2,2014,240,tt2926810
290555,Wolves,2014,240,tt1403241
242606,Keep Watching,2017,240,tt2531334
977013,Haunting of the Queen Mary,2023,240,tt3463938
13564,Return to House on Haunted Hill,2007,241,tt0827782
14098,100 Feet,2008,241,tt0899128
312791,GirlHouse,2014,241,tt2577172
291413,Within,2016,241,tt3612320
362057,Martyrs,2016,241,tt1663655
412546,Antrum,2018,241,tt9213244
1202479,Opus,2025,241,tt29929565
398588,Dismissed,2017,242,tt5039994
551238,D-Railed,2018,242,tt8318702
914215,Humane,2024,242,tt16280912
622420,The Jack in the Box,2019,243,tt10645682
663866,Censor,2021,243,tt10329614
1196067,Worldbreaker,2025,243,tt14264694
1483,Begotten,1991,245,tt0101420
312827,The Nightmare,2015,245,tt3317522
3077,Son of Frankenstein,1939,246,tt0031951
27452,The Spiral Staircase,1946,246,tt0038975
10361,Ginger Snaps 2: Unleashed,2004,246,tt0353489
185460,Willow Creek,2013,246,tt2885364
407531,Bedeviled,2017,246,tt4998772
469916,Downrange,2018,246,tt6138228
970947,The Shrouds,2025,246,tt20212786
12171,The Deaths of Ian Stone,2007,247,tt0810823
448194,Pyewacket,2017,247,tt5119116
73936,Retreat,2011,248,tt1410051
226140,See No Evil 2,2014,248,tt3106120
899579,There's Something Wrong with the Children,2023,248,tt16127696
1205656,Hallow Road,2025,248,tt19403516
26860,White Zombie,1932,249,tt0023694
28501,The Pit and the Pendulum,1961,249,tt0055304
24924,Night of the Demons,1988,249,tt0093624
10075,Blood and Chocolate,2007,249,tt0397044
157424,Cabin Fever: Patient Zero,2014,250,tt2102496
1130276,Succubus,2024,250,tt13778486
24913,April Fool's Day,1986,251,tt0090655
746524,Blood,2023,251,tt13280054
18573,House of Wax,1953,253,tt0045888
10929,Willard,2003,254,tt0310357
371560,The Eyes of My Mother,2016,254,tt5225338
457041,Elizabeth Harvest,2018,254,tt6852872
8973,Lord of Illusions,1995,255,tt0113690
23410,The Thaw,2009,255,tt1235448
11246,Hellraiser: Hellseeker,2002,256,tt0274546
24341,Dolls,1987,257,tt0092906
15158,Phantasm II,1988,257,tt0095863
9456,The Crow: Salvation,2000,257,tt0132910
124470,Exists,2014,257,tt1988621
758724,The Cellar,2022,257,tt14550642
10213,From Dusk Till Dawn 3: The Hangman's Daughter,1999,259,tt0120695
10900,Surveillance,2008,259,tt0409345
31592,The Old Dark House,1932,260,tt0023293
28941,Chopping Mall,1986,261,tt0090837
13937,Raising Cain,1992,261,tt0105217
9095,Mary Reilly,1996,261,tt0117002
56906,Husk,2011,262,tt1504403
26953,Puppet Master,1989,263,tt0098143
12700,Dominion: Prequel to The Exorcist,2005,263,tt0449086
14138,Black Water,2007,263,tt0816436
27414,"Silent Night, Deadly Night",1984,264,tt0088117
40016,Birdemic: Shock and Terror,2010,264,tt1316037
160070,Apartment 1303 3D,2012,264,tt1540767
311539,A Christmas Horror Story,2015,264,tt3688406
359246,Hell House LLC,2015,265,tt4267026
652004,The Wolf of Snow Hollow,2020,265,tt11140488
16559,The Picture of Dorian Gray,1945,266,tt0037988
659986,The Owners,2020,266,tt9806370
276488,Let Us Prey,2014,267,tt3148348
752505,The Old Ways,2020,267,tt12829958
16235,Amityville II: The Possession,1982,268,tt0083550
50037,Beyond the Black Rainbow,2010,268,tt1534085
420707,Cage Dive,2017,268,tt4126568
753453,V/H/S/94,2021,268,tt14867006
293572,The Houses October Built,2014,269,tt1958043
7182,Venom,2005,270,tt0428251
24106,The Black Cat,1934,271,tt0024894
1085103,Clock,2023,271,tt17219484
1994,The Most Dangerous Game,1932,272,tt0023238
718014,Hold Your Breath,2024,272,tt12573480
13581,Dead of Night,1945,273,tt0037635
9424,Disturbing Behavior,1998,273,tt0134619
346651,Pandemic,2016,273,tt3774802
29425,The Crazies,1973,274,tt0069895
299551,The Atticus Institute,2015,274,tt3280916
739990,Nightbooks,2021,274,tt10521144
10824,Candyman: Farewell to the Flesh,1995,275,tt0112625
917007,Bed Rest,2023,275,tt4896168
22307,Sisters,1973,276,tt0070698
12611,The Fury,1978,276,tt0077588
9827,Phantoms,1998,276,tt0119891
513268,Body Cam,2020,276,tt8179024
621707,The Vigil,2020,276,tt10793644
17918,Swamp Thing,1982,277,tt0084745
116811,Berberian Sound Studio,2012,277,tt1833844
320048,Ratter,2015,277,tt3836512
1241470,Osiris,2025,277,tt31179712
525460,Welcome Home,2018,278,tt6829180
6917,The Gate,1987,279,tt0093075
408439,Hounds of Love,2016,279,tt3896738
461992,Hostile,2018,279,tt5085522
1251717,Vicious,2025,279,tt31511689
37534,The New Daughter,2009,281,tt0951335
46221,The Tunnel,2011,281,tt1735485
244610,The Den,2013,281,tt2503154
463843,Sweetheart,2019,281,tt6560164
715123,Books of Blood,2020,281,tt11242218
23966,Deadgirl,2008,282,tt0896534
937941,Shelby Oaks,2025,282,tt14999684
3019,Dr. Jekyll and Mr. Hyde,1931,283,tt0022835
74777,Absentia,2011,283,tt1610996
1278950,The Ritual,2025,283,tt32194932
748853,In the Earth,2021,284,tt13429362
10836,Dagon,2001,285,tt0264508
280002,The Remaining,2014,285,tt2714380
14211,Prey,2007,286,tt0468536
50838,Wrecked,2010,286,tt1316622
926606,The Home,2025,286,tt17023012
20850,Ilsa: She Wolf of the SS,1975,287,tt0071650
11082,The Seventh Sign,1988,287,tt0096073
12662,Psycho III,1986,289,tt0091799
27130,I Walked with a Zombie,1943,290,tt0036027
1450,Blood: The Last Vampire,2009,290,tt0806027
1006462,The Flood,2023,290,tt15670222
125490,Antiviral,2012,291,tt2099556
4283,Primeval,2007,292,tt0772193
101179,Truth or Dare,2012,292,tt1838722
13803,Amusement,2008,293,tt0476958
1288072,Keeper,2025,293,tt32332404
13555,The Funhouse,1981,294,tt0082427
534072,Great White,2021,294,tt8435002
1024773,It Lives Inside,2023,294,tt15683734
10063,The Breed,2006,295,tt0455362
28739,Cabin Fever 2: Spring Fever,2009,295,tt0961722
293771,Dead Rising: Watchtower,2015,295,tt3816458
414191,Our House,2018,295,tt2018069
121606,Resolution,2013,296,tt1977895
301728,Infini,2015,296,tt3327624
362826,Wildling,2018,296,tt5085924
24124,The Burning,1981,297,tt0082118
3602,I'll Always Know What You Did Last Summer,2006,297,tt0469111
46429,Gallowwalkers,2012,297,tt0829176
222461,Wer,2013,297,tt2229511
10384,Supernova,2000,298,tt0134983
463602,Slumber,2017,298,tt5181852
9544,FearDotCom,2002,299,tt0295254
455551,The Recall,2017,299,tt5669936
295011,Patient Zero,2018,299,tt3458254
621151,Spell,2020,299,tt10736580
12476,The Hidden,1987,301,tt0093185
258193,Alien Abduction,2014,301,tt2510434
733156,Sightless,2020,302,tt10303430
16342,The Children,2008,303,tt1172571
469721,The Cured,2017,303,tt3463106
18086,Fright Night Part 2,1988,306,tt0097390
13613,Day of the Dead,2008,306,tt0489018
3073,Bud Abbott and Lou Costello Meet Frankenstein,1948,307,tt0040068
10349,The Dark Half,1993,308,tt0106664
11059,House of the Dead,2003,308,tt0317676
1190868,V/H/S/Beyond,2024,309,tt32880932
12707,Orca,1977,310,tt0076504
1143190,Fear the Night,2023,310,tt19848268
7341,The Rage: Carrie 2,1999,311,tt0144814
5857,I Know Who Killed Me,2007,311,tt0897361
11223,Coma,1978,312,tt0077355
10726,American Psycho II: All American Girl,2002,312,tt0283877
4722,Body Snatchers,1993,313,tt0106452
11056,Darkness,2002,313,tt0273517
514277,Mara,2018,313,tt1773753
11071,Them!,1954,314,tt0047573
332704,Backtrack,2015,314,tt2784936
419639,The Thinning,2016,314,tt5254868
36599,Prom Night,1980,315,tt0081383
146229,Kristy,2014,315,tt2027136
429460,Muse,2017,315,tt5041296
611605,1BR,2019,315,tt7541106
14456,Shrooms,2007,316,tt0492486
675531,Dark Harvest,2023,317,tt9204328
11773,Village of the Damned,1960,319,tt0054443
21159,The Last Man on Earth,1964,320,tt0058700
2212,Nightwatch,1997,320,tt0119791
19236,Santa Sangre,1989,321,tt0098253
343173,The Rezort,2015,322,tt3923662
27346,Maniac,1980,323,tt0081114
272692,The Possession of Michael King,2014,323,tt2282016
524216,The Mortuary Collection,2020,324,tt7781432
804616,Something in the Water,2024,324,tt22863968
347754,Curve,2015,325,tt3212904
520901,Doom: Annihilation,2019,325,tt8328716
92182,Silent House,2011,326,tt1767382
12521,Shocker,1989,328,tt0098320
601844,Becky,2020,328,tt10314450
119278,Smiley,2012,330,tt2025667
489064,3 from Hell,2019,331,tt8134742
26914,Troll 2,1990,332,tt0105643
39874,My Bloody Valentine,1981,333,tt0082782
507441,Sea Fever,2020,333,tt2716382
101669,Mother's Day,2010,336,tt1434435
416160,The Vault,2017,336,tt1785635
46441,Mirrors 2,2010,342,tt1576699
964,The Phantom of the Opera,1925,343,tt0016220
14240,Maniac Cop,1988,345,tt0095583
26515,Pumpkinhead,1988,346,tt0095925
9997,Gabriel,2007,346,tt0857376
115210,Stitches,2012,346,tt2126362
78383,Nurse 3-D,2013,346,tt1913166
211067,The Sacrament,2013,347,tt2383068
606625,Follow Me,2020,348,tt8160834
1043197,Dust Bunny,2025,350,tt23172090
522444,Black Water: Abyss,2020,351,tt7978672
16093,Carnival of Souls,1962,352,tt0055830
12095,From Dusk Till Dawn 2: Texas Blood Money,1999,352,tt0120860
433244,Clinical,2017,352,tt5577742
12597,Hellraiser: Inferno,2000,353,tt0229440
12590,Below,2002,353,tt0276816
14223,Wind Chill,2007,353,tt0486051
20481,Nightbreed,1990,354,tt0100260
14125,Captivity,2007,354,tt0374563
298584,Cabin Fever,2016,354,tt3832096
481375,Malevolent,2018,356,tt2386237
492621,The Midnight Man,2016,357,tt5629964
31682,The Incredible Shrinking Man,1957,358,tt0050539
79694,The Apparition,2012,358,tt1433822
1129598,Prey,2024,359,tt27682129
24740,The Entity,1982,360,tt0082334
400411,Satanic,2016,360,tt4796122
426814,The Domestics,2018,361,tt5591666
780609,Men,2022,362,tt13841850
265010,The Canal,2014,363,tt2517658
297160,XX,2017,363,tt3322892
116979,Chained,2012,365,tt1989475
287084,The Town that Dreaded Sundown,2014,365,tt2561546
1010756,The Strangers: Chapter 2,2025,365,tt28671344
254194,Starry Eyes,2014,366,tt2793490
523638,Prisoners of the Ghostland,2021,366,tt6372694
920081,Megaboa,2021,366,tt16444610
29437,Rabid,1977,367,tt0076590
560362,Rattlesnake,2019,371,tt9257484
409297,A Dark Song,2016,372,tt4805316
532710,Firestarter,2022,373,tt1798632
11503,The Serpent and the Rainbow,1988,374,tt0096071
1020910,Influencer,2023,374,tt13309170
15856,House on Haunted Hill,1959,376,tt0051744
459928,12 Feet Deep,2017,376,tt5143226
12192,Pathology,2008,377,tt0964539
14372,Leviathan,1989,380,tt0097737
374052,The Love Witch,2016,380,tt3908142
12212,Urban Legends: Final Cut,2000,381,tt0192731
10306,Poltergeist III,1988,383,tt0095889
353686,Visions,2015,383,tt2954474
994143,Skinamarink,2023,383,tt21307994
6217,Cat People,1982,385,tt0083722
306964,Tales of Halloween,2015,386,tt4163020
301846,Howl,2015,390,tt2393827
27374,Lake Mungo,2009,391,tt0816556
293452,The Disappointments Room,2016,391,tt2364897
381034,I Am Not a Serial Killer,2016,391,tt4303340
599281,Fear of Rain,2021,391,tt10037014
8766,Hellraiser: Bloodline,1996,395,tt0116514
25018,Leatherface: The Texas Chainsaw Massacre III,1990,396,tt0099994
1644,The Vanishing,1993,396,tt0108473
11980,The Prophecy,1995,396,tt0114194
333674,Intruders,2016,396,tt4009278
394830,The Crucifixion,2017,397,tt4181782
10008,An American Haunting,2005,399,tt0429573
11206,Wait Until Dark,1967,400,tt0062467
11427,Dead End,2003,402,tt0308152
1086260,The Astronaut,2025,406,tt13964560
11058,Godsend,2004,407,tt0335121
608195,Ghosts of War,2020,407,tt6508228
14510,From Beyond,1986,408,tt0091083
10906,Pet Sematary II,1992,408,tt0105128
126277,American Mary,2012,408,tt1959332
1257009,Primitive War,2025,408,tt18312380
291272,We Are Still Here,2015,409,tt3520418
111440,The Pact,2012,410,tt2040560
11428,Sleepwalkers,1992,411,tt0105428
11815,The Fly,1958,412,tt0051622
42941,30 Days of Night: Dark Days,2010,412,tt1320304
716258,Black Box,2020,413,tt12298506
807339,Apartment 7A,2024,414,tt14371860
11015,The Relic,1997,415,tt0120004
10657,Needful Things,1993,417,tt0107665
63207,Intruders,2011,417,tt1634121
168705,BloodRayne,2005,419,tt0383222
265016,Extraterrestrial,2014,419,tt2960930
234212,Demonic,2015,419,tt1841642
375355,Don't Hang Up,2016,420,tt3610746
11654,The Hunger,1983,421,tt0085701
9656,Black Christmas,2006,422,tt0454082
551808,Black Christmas,2019,422,tt10481868
986097,HIM,2025,422,tt20990442
9102,Screamers,1995,424,tt0114367
9682,Pulse,2006,424,tt0454919
10513,Plan 9 from Outer Space,1959,425,tt0052077
204349,Contracted,2013,426,tt2281159
609972,Paranormal Activity: Next of Kin,2021,426,tt10515988
10768,Omen III: The Final Conflict,1981,428,tt0082377
12526,Bug,2006,428,tt0470705
9306,The Island of Dr. Moreau,1996,433,tt0116654
429467,The Lodgers,2017,433,tt4399952
65599,The Woman,2011,434,tt1714208
150202,The Haunting in Connecticut 2: Ghosts of Georgia,2013,434,tt1457765
10984,Valentine,2001,435,tt0242998
43931,My Soul to Take,2010,435,tt0872230
296065,Last Shift,2014,435,tt2965466
830764,Pet Sematary: Bloodlines,2023,436,tt14145436
38410,The Poughkeepsie Tapes,2007,437,tt1010271
17898,Silver Bullet,1985,438,tt0090021
336455,Viral,2016,438,tt2597892
492336,Deep Blue Sea 2,2018,439,tt7086706
646683,The Exorcism,2024,441,tt11240348
11954,Lifeforce,1985,443,tt0089489
65055,Shark Night 3D,2011,444,tt1633356
10092,Cry_Wolf,2005,446,tt0384286
16372,The Innocents,1961,447,tt0055018
10785,The Thing from Another World,1951,448,tt0044121
79316,Devil's Due,2014,448,tt2752758
10351,Wishmaster,1997,449,tt0120524
59115,Quarantine 2: Terminal,2011,449,tt1699231
146203,The Last Exorcism Part II,2013,450,tt2034139
11868,Dracula,1958,451,tt0051554
18476,Horsemen,2009,451,tt0892767
25239,I Spit on Your Grave,1978,452,tt0077713
10304,Starship Troopers 2: Hero of the Federation,2004,452,tt0367093
978796,Bagman,2024,453,tt21201300
1244944,The Woman in the Yard,2025,453,tt31314296
10212,Ravenous,1999,454,tt0129332
13550,The Changeling,1980,455,tt0080516
84194,Excision,2012,455,tt1984153
11348,Fragile,2005,456,tt0422272
159128,We Are What We Are,2013,457,tt2309021
210947,Afflicted,2014,458,tt2309961
605804,The Wretched,2020,458,tt8305806
1029235,Azrael,2024,458,tt22173666
10873,Shadow of the Vampire,2000,459,tt0189998
43552,Vanishing on 7th Street,2010,459,tt1452628
740925,No One Gets Out Alive,2021,459,tt13056008
49787,The Reef,2010,460,tt1320291
82657,Flight 7500,2014,461,tt1975159
931349,Ash,2025,461,tt17489650
8851,The Blob,1958,468,tt0051418
16780,The Return of the Texas Chainsaw Massacre,1995,470,tt0110978
575776,Saint Maud,2020,470,tt7557108
10727,Darkness Falls,2003,471,tt0282209
166271,Haunter,2013,473,tt2345567
509635,Alone,2020,474,tt7711170
10280,Thinner,1996,475,tt0117894
512025,There's Someone Inside Your House,2021,476,tt8150814
241258,Incarnate,2016,477,tt3216348
571384,Come Play,2020,477,tt8004664
11772,The Haunting,1963,478,tt0057129
864873,Hypnotic,2021,478,tt12383460
428399,Cold Skin,2017,479,tt1034385
763149,Aftermath,2021,479,tt10691162
296271,The Devil Conspiracy,2023,479,tt9663168
26688,Sorority Row,2009,480,tt1232783
819876,Crimes of the Future,2022,480,tt14549466
340103,The Monster,2016,482,tt3976144
87436,The ABCs of Death,2013,483,tt1935896
10093,The Return,2006,485,tt0433442
199534,Wolf Creek 2,2013,485,tt2004432
1079485,Winnie-the-Pooh: Blood and Honey 2,2024,485,tt23330554
9423,Virus,1999,486,tt0120458
89691,ATM,2012,486,tt1603257
57876,Area 51,2015,487,tt1519461
12142,Alone in the Dark,2005,488,tt0369226
384798,Kill Command,2016,488,tt2667380
10344,The Fly II,1989,491,tt0097368
10576,Psycho II,1983,492,tt0086154
228973,Backcountry,2014,492,tt2944198
27429,Shivers,1975,493,tt0073705
516632,The Empty Man,2020,493,tt5867314
339547,Jeruzalem,2016,494,tt4552524
1977,The Grudge 3,2009,495,tt1053859
63197,Megan Is Missing,2011,495,tt1087461
436274,Radius,2017,495,tt6097798
123109,No One Lives,2013,496,tt1763264
407559,I Am the Pretty Thing That Lives in the House,2016,496,tt5059406
23963,Pontypool,2009,498,tt1226681
267806,V/H/S: Viral,2014,500,tt3704538
334536,The Blackcoat's Daughter,2017,503,tt3286052
13567,Sleepaway Camp,1983,504,tt0086320
970450,Werewolves,2024,505,tt15041836
15516,The Last House on the Left,1972,507,tt0068833
254191,Honeymoon,2014,507,tt3177316
986070,The Wrath of Becky,2023,507,tt20916568
10552,Cat's Eye,1985,508,tt0088889
838484,Choose or Die,2022,508,tt11514780
11542,Altered States,1980,509,tt0080360
913673,Nefarious,2023,513,tt14537248
9638,Phantasm,1979,514,tt0079714
24056,The Tournament,2009,514,tt0471041
354251,Southbound,2015,516,tt4935334
586461,Swallow,2020,516,tt8372298
672741,Till Death,2021,518,tt11804152
13122,The People Under the Stairs,1991,519,tt0105121
11133,Poltergeist II: The Other Side,1986,520,tt0091778
1062215,Afraid,2024,522,tt24577462
13022,Rogue,2007,526,tt0479528
10692,Henry: Portrait of a Serial Killer,1986,527,tt0099763
10007,See No Evil,2006,528,tt0437179
485415,Day of the Dead: Bloodline,2017,528,tt3053228
514593,You Should Have Left,2020,529,tt8201852
10375,D-Tox,2002,530,tt0160184
312831,The Hallow,2015,530,tt2474976
10766,Damien: Omen II,1978,531,tt0077394
10577,Dracula 2000,2000,532,tt0219653
1087388,Sting,2024,532,tt20112746
38541,The Divide,2012,533,tt1535616
58428,The Innkeepers,2011,536,tt1594562
10216,Species II,1998,537,tt0120841
549294,Synchronic,2020,537,tt9016974
9022,All the Boys Love Mandy Lane,2006,538,tt0490076
11586,Exorcist II: The Heretic,1977,540,tt0076009
369300,The Limehouse Golem,2016,540,tt4733640
11587,The Exorcist III,1990,541,tt0099528
845783,Baghead,2023,541,tt14030816
11495,Firestarter,1984,542,tt0087262
9457,Deep Rising,1998,542,tt0118956
257345,The Darkness,2016,543,tt1878841
28942,The Brood,1979,544,tt0078908
363126,Berlin Syndrome,2017,546,tt3335606
539649,The Lie,2018,548,tt7945440
354216,The Devil's Candy,2017,549,tt4935372
467632,Bad Samaritan,2018,549,tt3203528
484437,The Hole in the Ground,2019,553,tt6198946
11879,Near Dark,1987,557,tt0093605
869291,Cuckoo,2024,557,tt12349832
16938,Black Christmas,1974,560,tt0071222
338676,Extinction,2015,560,tt3467412
1214509,In a Violent Nature,2024,560,tt30321146
241855,Spring,2014,563,tt3395184
930600,The Deliverance,2024,565,tt4196566
15356,The Girl Next Door,2007,566,tt0830558
539181,Relic,2020,566,tt9072352
11569,Hellraiser III: Hell on Earth,1992,567,tt0104409
13220,Splinter,2008,567,tt1031280
9980,Maximum Overdrive,1986,568,tt0091499
15301,Twilight Zone: The Movie,1983,569,tt0086491
353979,Pet,2016,571,tt1183374
1087822,Hellboy: The Crooked Man,2024,571,tt26757462
25983,The House of the Devil,2009,573,tt1172994
1001414,Fear Street: Prom Queen,2025,575,tt31433402
10973,Creature from the Black Lagoon,1954,576,tt0046876
10163,The Lawnmower Man,1992,578,tt0104692
435615,Possessor Uncut,2020,580,tt5918982
713364,Clown in a Cornfield,2025,580,tt23060698
8617,Prom Night,2008,581,tt0926129
1083968,Locked,2025,582,tt26671996
10493,Dead Calm,1989,583,tt0097162
10885,Shutter,2008,583,tt0482599
8555,Creep,2004,584,tt0381966
193612,The Quiet Ones,2014,584,tt2235779
760741,Beast,2022,584,tt13223398
421792,Down a Dark Hall,2018,585,tt2372251
11298,The Howling,1981,588,tt0082533
9592,Open Water 2: Adrift,2006,588,tt0470055
329010,Emelie,2016,588,tt4503598
669671,Night Teeth,2021,589,tt10763820
25508,Cat People,1942,591,tt0034587
791,The Fog,2005,598,tt0432291
215830,Open Grave,2013,598,tt2071550
13666,The Wolf Man,1941,599,tt0034398
723072,Host,2020,599,tt12749596
46420,The Loved Ones,2009,604,tt1316536
74725,Kill List,2011,604,tt1788391
94365,The Human Centipede 3 (Final Sequence),2015,605,tt1883367
11167,Peeping Tom,1960,606,tt0054167
10069,Stay Alive,2006,606,tt0441796
123105,The Bay,2012,606,tt1713476
449664,Escape Room,2017,606,tt5159414
13465,The Adventures of Ichabod and Mr. Toad,1949,610,tt0041094
41505,6 Souls,2010,610,tt1179069
827931,Time Cut,2024,610,tt14857528
420634,Terrifier,2016,612,tt4281724
396493,Creep 2,2017,615,tt3654796
590995,The Craft: Legacy,2020,615,tt4685762
15849,The Mummy,1932,620,tt0023245
11026,Exorcist: The Beginning,2004,621,tt0204313
8968,Boogeyman,2005,624,tt0357507
29161,Phenomena,1985,631,tt0087909
814889,Never Let Go,2024,634,tt14415204
13025,Diary of the Dead,2008,637,tt0848557
836225,The Exorcism of God,2022,637,tt10362566
118957,Bait,2012,639,tt1438173
1285965,Dangerous Animals,2025,640,tt32299316
52015,Stake Land,2010,641,tt1464580
420245,Don't Knock Twice,2017,643,tt3622110
6933,One Missed Call,2008,646,tt0479968
157544,The Vatican Tapes,2015,648,tt1524575
11531,Book of Shadows: Blair Witch 2,2000,650,tt0229260
675327,Shadow in the Cloud,2020,652,tt9691136
290637,Pay the Ghost,2015,658,tt3733778
12122,Village of the Damned,1995,661,tt0114852
1422096,Good Boy,2025,661,tt35521922
284564,31,2016,662,tt3835080
190847,The Last Days on Mars,2013,664,tt1709143
259072,Wrong Turn 6: Last Resort,2014,664,tt3612032
9540,Dead Ringers,1988,666,tt0094964
9871,Ginger Snaps,2000,668,tt0210070
13474,P2,2007,671,tt0804516
9599,The Blob,1988,672,tt0094761
1683,The Reaping,2007,673,tt0444682
11880,Dog Soldiers,2002,675,tt0280609
9966,The Messengers,2007,677,tt0425430
429476,Hell Fest,2018,677,tt1999890
587496,The Rental,2020,677,tt10003008
76487,The Devil Inside,2012,678,tt1560985
11033,Dressed to Kill,1980,680,tt0080661
467,The Hole,2001,682,tt0242527
505423,Wounds,2019,682,tt5913798
28260,Return of the Living Dead III,1993,683,tt0107953
9796,Turistas,2006,683,tt0454970
11804,White Noise,2005,684,tt0375210
41215,Black Death,2010,684,tt1181791
526051,Look Away,2018,684,tt5834760
9542,The Hitcher,1986,686,tt0091209
19185,Night of the Living Dead,1990,686,tt0100258
203834,Jessabelle,2014,688,tt2300975
252171,A Girl Walks Home Alone at Night,2014,690,tt2326554
55341,Jeepers Creepers 3,2017,692,tt1139592
12262,The Hills Have Eyes,1977,693,tt0077681
573,Frenzy,1972,695,tt0068611
11377,House on Haunted Hill,1999,699,tt0185371
11449,The Amityville Horror,1979,704,tt0078767
1125311,Imaginary,2024,705,tt26658104
104755,The Lords of Salem,2012,707,tt1731697
748230,Salem's Lot,2024,708,tt10245072
360784,Hidden,2015,712,tt2131532
890771,The Black Demon,2023,716,tt10279472
672582,The Deep House,2021,717,tt11686490
364116,The Other Side of the Door,2016,720,tt3702652
10395,Wolf,1994,727,tt0111742
19904,The Stepfather,2009,727,tt0814335
547565,The Night House,2021,730,tt9731534
858017,I Saw the TV Glow,2024,736,tt15574270
21484,Possession,1981,737,tt0082933
582913,The Room,2019,740,tt8485364
10285,Jason Goes to Hell: The Final Friday,1993,743,tt0107254
627290,Antebellum,2020,744,tt10065694
10972,Session 9,2001,745,tt0261983
9042,The Cave,2005,745,tt0402901
631060,Things Heard & Seen,2021,748,tt10962368
125509,Wrong Turn 5: Bloodlines,2012,750,tt2375779
134366,Grave Encounters 2,2012,753,tt2231554
103620,Maniac,2012,757,tt2103217
8852,Prince of Darkness,1987,758,tt0093777
8398,The Hitcher,2007,761,tt0455960
11237,Anacondas: The Hunt for the Blood Orchid,2004,765,tt0366174
1140535,Presence,2025,769,tt28249919
11481,Repulsion,1965,780,tt0059646
357096,I Spit on Your Grave III: Vengeance is Mine,2015,781,tt4530884
10489,Cujo,1983,782,tt0085382
516329,Antlers,2021,782,tt7740510
931,Don't Look Now,1973,784,tt0069995
48572,Red State,2011,784,tt0873886
97051,Would You Rather,2012,784,tt1999995
10281,Friday the 13th Part VII: The New Blood,1988,788,tt0095179
9272,The Good Son,1993,789,tt0107034
10283,Friday the 13th Part VIII: Jason Takes Manhattan,1989,793,tt0097388
10823,Children of the Corn,1984,796,tt0087050
11850,Invasion of the Body Snatchers,1978,800,tt0077745
49950,The Roommate,2011,800,tt1265990
630586,Wrong Turn,2021,804,tt9110170
1010600,The Strangers: Chapter 1,2024,804,tt22050754
11549,Invasion of the Body Snatchers,1956,809,tt0049366
708336,Return of the Tooth Fairy,2020,813,tt11082246
580,Jaws: The Revenge,1987,817,tt0093300
1083433,I Know What You Did Last Summer,2025,821,tt4045450
50357,Apollo 18,2011,823,tt1772240
10242,What Ever Happened to Baby Jane?,1962,827,tt0056687
11252,Psycho,1998,828,tt0155975
159117,V/H/S/2,2013,831,tt2450186
134597,The Collection,2012,833,tt1748227
9009,Dark Water,2005,835,tt0382628
430231,The Endless,2017,838,tt3986820
38358,The Last Exorcism,2010,839,tt1320244
575774,His House,2020,839,tt8508734
10987,Halloween: The Curse of Michael Myers,1995,840,tt0113253
11979,Queen of the Damned,2002,840,tt0238546
1216191,Oddity,2024,840,tt26470109
299245,The Gallows,2015,841,tt2309260
431075,Polaroid,2019,842,tt5598292
492611,The Turning,2020,842,tt7510346
9064,Hellbound: Hellraiser II,1988,843,tt0095294
787752,Fresh,2022,843,tt13403046
10787,The Invisible Man,1933,845,tt0024184
532671,The Prodigy,2019,847,tt4504044
4961,Mimic,1997,848,tt0119675
1975,The Grudge 2,2006,851,tt0433386
9954,The Covenant,2006,854,tt0475944
10185,The Midnight Meat Train,2008,856,tt0805570
71672,Wrong Turn 4: Bloody Beginnings,2011,857,tt1865567
282813,The Pyramid,2014,857,tt2799166
517116,Haunt,2019,858,tt6535880
9030,The Eye,2008,861,tt0406759
1730,Inland Empire,2006,865,tt0460829
806,The Omen,2006,871,tt0466909
34480,The Descent: Part 2,2009,872,tt1073105
1072342,Night Swim,2024,873,tt9682428
9731,Friday the 13th: A New Beginning,1985,876,tt0089173
10307,Stigmata,1999,877,tt0145531
10053,When a Stranger Calls,2006,886,tt0455857
10016,Ghosts of Mars,2001,890,tt0228333
36419,After.Life,2009,892,tt0838247
316154,The Bad Batch,2017,895,tt4334266
10225,Friday the 13th Part VI: Jason Lives,1986,899,tt0091080
46261,Don't Be Afraid of the Dark,2010,899,tt1270761
760161,Orphan: First Kill,2022,902,tt11851548
23823,Wrong Turn 3: Left for Dead,2009,904,tt1261978
83,Open Water,2004,905,tt0374102
203835,Amityville: The Awakening,2017,905,tt1935897
9885,Wolf Creek,2005,908,tt0416315
11152,The Ruins,2008,908,tt0963794
288158,The Woman in Black 2: Angel of Death,2014,908,tt2339741
2637,The Mothman Prophecies,2002,912,tt0265349
1051896,Arcadian,2024,912,tt22939186
9538,Scanners,1981,915,tt0081455
155084,13 Sins,2014,917,tt2059171
168098,Cell,2016,924,tt0775440
11361,Halloween 5: The Revenge of Michael Myers,1989,927,tt0097474
71670,Hostel: Part III,2011,928,tt1255916
297608,The Taking of Deborah Logan,2014,936,tt3387648
14435,My Bloody Valentine,2009,940,tt1179891
18781,The Haunting in Connecticut,2009,941,tt0492044
474764,The Lodge,2020,942,tt7347846
2046,The Gift,2000,955,tt0219699
632727,Texas Chainsaw Massacre,2022,958,tt11755740
393345,Cult of Chucky,2017,959,tt3280262
8408,Day of the Dead,1985,965,tt0088993
1029281,Strange Darling,2024,967,tt22375054
229,Bride of Frankenstein,1935,970,tt0026138
86597,The Tall Man,2012,971,tt1658837
10160,A Nightmare on Elm Street: The Dream Child,1989,972,tt0097981
465086,The Grudge,2020,975,tt3612126
378018,The Void,2016,984,tt4255304
11601,Stir of Echoes,1999,985,tt0164181
9945,Vampires,1998,989,tt0120877
11442,Halloween: Resurrection,2002,1000,tt0220506
710295,Wolf Man,2025,1012,tt4216984
9730,Friday the 13th: The Final Chapter,1984,1013,tt0087298
3036,Mary Shelley's Frankenstein,1994,1014,tt0109836
17692,Jaws 3-D,1983,1015,tt0085750
429417,Ghost Stories,2018,1019,tt5516328
1063877,Don't Move,2024,1021,tt24807110
11454,Manhunter,1986,1025,tt0091474
16307,The Wicker Man,1973,1026,tt0070917
11284,Freddy's Dead: The Final Nightmare,1991,1029,tt0101917
45657,The Ward,2010,1030,tt1369706
760104,X,2022,1035,tt13560574
10166,The Witches,1990,1037,tt0100944
11547,Cabin Fever,2003,1041,tt0303816
524251,I See You,2019,1041,tt6079516
207768,I Spit on Your Grave 2,2013,1043,tt2537176
300665,Leatherface,2017,1044,tt2620590
411143,Tau,2018,1044,tt4357394
555974,Brahms: The Boy II,2020,1045,tt9173418
470229,Summer of 84,2018,1051,tt5774450
1064028,Subservience,2024,1052,tt24871974
10676,Halloween III: Season of the Witch,1982,1054,tt0085636
13812,Quarantine,2008,1055,tt1082868
548473,Color Out of Space,2019,1057,tt5073642
9728,Friday the 13th Part III,1982,1062,tt0083972
9877,Urban Legend,1998,1062,tt0146336
1228246,Five Nights at Freddy's 2,2025,1062,tt30274401
74997,The Human Centipede 2 (Full Sequence),2011,1067,tt1530509
11470,Jason X,2001,1069,tt0211443
667216,Infinity Pool,2023,1072,tt10365998
13186,Wrong Turn 2: Dead End,2007,1084,tt0804555
10336,Spawn,1997,1086,tt0120177
292280,The Bye Bye Man,2017,1086,tt4030600
250574,Creep,2014,1089,tt2428170
434555,The Possession of Hannah Grace,2018,1094,tt5734576
10131,A Nightmare on Elm Street 4: The Dream Master,1988,1095,tt0095742
11596,New Nightmare,1994,1096,tt0111686
9708,The Wicker Man,2006,1102,tt0450345
709631,Cobweb,2023,1103,tt9100018
565028,Candyman,2021,1108,tt9347730
529962,The Perfection,2018,1116,tt7772580
368031,Friend Request,2016,1117,tt3352390
24150,Halloween II,2009,1120,tt1311067
532408,The Boogeyman,2023,1122,tt3427252
371608,The Strangers: Prey at Night,2018,1127,tt1285009
1096197,No Way Up,2024,1128,tt16253418
11618,The Haunting,1999,1132,tt0171363
112454,Clown,2014,1143,tt1780798
440597,Wish Upon,2017,1144,tt5322012
1696,The Devil's Rejects,2005,1145,tt0395584
171424,The Green Inferno,2013,1153,tt2403021
480105,47 Meters Down: Uncaged,2019,1157,tt7329656
10294,Vacancy,2007,1162,tt0452702
790,The Fog,1980,1166,tt0080749
483202,Eli,2019,1170,tt5294518
25769,Carriers,2009,1174,tt0806203
9793,The Hills Have Eyes 2,2007,1175,tt0800069
542224,Gretel & Hansel,2020,1181,tt9086228
136,Freaks,1932,1183,tt0022913
13788,The Unborn,2009,1185,tt1139668
424121,Apostle,2018,1185,tt6217306
635,Angel Heart,1987,1193,tt0092563
341006,The Belko Experiment,2016,1193,tt1082807
21407,The Collector,2009,1194,tt0844479
146301,Paranormal Activity: The Ghost Dimension,2015,1198,tt2473510
77949,The Awakening,2011,1207,tt1687901
138,Dracula,1931,1210,tt0021814
84348,V/H/S,2012,1217,tt2105044
50698,Grave Encounters,2011,1222,tt1703199
3600,I Still Know What You Did Last Summer,1998,1225,tt0130018
243940,The Lazarus Effect,2015,1226,tt2918436
71469,The Darkest Hour,2011,1229,tt1093357
11187,Child's Play 3,1991,1234,tt0103956
1242011,Together,2025,1234,tt31184028
227348,Paranormal Activity: The Marked Ones,2014,1235,tt2473682
1197137,Black Phone 2,2025,1236,tt29644189
485774,The Open House,2018,1238,tt7608028
591275,Fear Street: 1666,2021,1251,tt9701942
14254,The Uninvited,2009,1252,tt0815245
1551,Flatliners,1990,1253,tt0099582
11336,The Dead Zone,1983,1262,tt0085407
2291,Jacob's Ladder,1990,1262,tt0099871
9529,Candyman,1992,1269,tt0103919
527261,The Silence,2019,1269,tt7315484
2654,In the Mouth of Madness,1995,1272,tt0113409
521935,Cam,2018,1275,tt8361028
8843,The Cell,2000,1278,tt0209958
167032,Curse of Chucky,2013,1280,tt2230358
377264,Morgan,2016,1280,tt4520364
9725,Friday the 13th Part 2,1981,1281,tt0082418
505058,Unfriended: Dark Web,2018,1281,tt4761916
11351,Jeepers Creepers 2,2003,1287,tt0301470
11683,Land of the Dead,2005,1287,tt0418819
2662,House of 1000 Corpses,2003,1291,tt0251736
9348,Species,1995,1294,tt0114508
807172,The Exorcist: Believer,2023,1300,tt12921446
11675,Halloween H20: 20 Years Later,1998,1302,tt0120694
957452,The Crow,2024,1305,tt1340094
11357,Halloween 4: The Return of Michael Myers,1988,1311,tt0095271
467660,Unsane,2018,1312,tt7153766
61012,Silent Hill: Revelation 3D,2012,1336,tt0938330
11096,Hide and Seek,2005,1339,tt0382077
437342,The First Omen,2024,1340,tt5672290
585216,Escape Room: Tournament of Champions,2021,1341,tt9844522
76617,Texas Chainsaw 3D,2013,1346,tt1572315
602734,Spiral: From the Book of Saw,2021,1362,tt10342730
93856,Chernobyl Diaries,2012,1374,tt1991245
10072,A Nightmare on Elm Street 3: Dream Warriors,1987,1376,tt0093629
77883,The Possession,2012,1378,tt0431021
13510,Eden Lake,2008,1388,tt1020530
591274,Fear Street: 1978,2021,1406,tt9701940
287424,Maggie,2015,1415,tt1881002
64720,Take Shelter,2011,1416,tt1675192
18405,The Last House on the Left,2009,1421,tt0844708
719221,Tarot,2024,1429,tt14088510
11186,Child's Play 2,1990,1434,tt0099253
10781,The Texas Chainsaw Massacre: The Beginning,2006,1445,tt0420294
326,Snakes on a Plane,2006,1448,tt0417148
23202,Trick 'r Treat,2007,1457,tt0862856
10014,A Nightmare on Elm Street Part 2: Freddy's Revenge,1985,1460,tt0089686
458305,Vivarium,2019,1466,tt8368406
244,King Kong,1933,1468,tt0024216
425972,Cargo,2017,1476,tt3860916
6171,Dreamcatcher,2003,1486,tt0285531
1232546,Until Dawn,2025,1494,tt30955489
9946,End of Days,1999,1496,tt0146675
9100,The Craft,1996,1497,tt0115963
2655,What Lies Beneath,2000,1503,tt0161081
13515,Mirrors,2008,1520,tt0790686
820609,No One Will Save You,2023,1527,tt14509110
145135,Dark Skies,2013,1532,tt2387433
460885,Mandy,2018,1537,tt6998518
579,Jaws 2,1978,1540,tt0077766
329440,The Forest,2016,1543,tt3387542
416234,Winchester,2018,1543,tt1072748
1023922,MaXXXine,2024,1551,tt22048412
1923,Twin Peaks: Fire Walk with Me,1992,1553,tt0105665
301804,Before I Wake,2016,1560,tt3174376
8769,Christine,1983,1571,tt0085333
82505,House at the End of the Street,2012,1572,tt1582507
9276,The Faculty,1998,1573,tt0133751
3035,Frankenstein,1931,1581,tt0021884
980078,Winnie the Pooh: Blood and Honey,2023,1584,tt19623240
794,The Omen,1976,1590,tt0075005
11281,Halloween II,1981,1591,tt0082495
241257,Regression,2015,1593,tt3319920
533642,Child's Play,2019,1608,tt8663516
1071215,Thanksgiving,2023,1615,tt1448754
82990,Paranormal Activity 4,2012,1619,tt2109184
100241,"I, Frankenstein",2014,1623,tt1418377
335866,Circle,2015,1625,tt3118452
1691,Hostel: Part II,2007,1645,tt0498353
619778,Malignant,2021,1647,tt3811906
1086747,The Watchers,2024,1653,tt26736843
375366,The Girl with All the Gifts,2016,1662,tt4547056
351211,Blair Witch,2016,1663,tt1540011
463684,Velvet Buzzsaw,2019,1671,tt7043012
7978,The Wolfman,2010,1673,tt0780653
1041613,Immaculate,2024,1673,tt23137390
923,Dawn of the Dead,1978,1674,tt0077402
599975,Countdown,2019,1680,tt10039344
762504,Nope,2022,1684,tt10954984
439015,Slender Man,2018,1685,tt5690360
9378,Thir13en Ghosts,2001,1695,tt0245674
29427,The Crazies,2010,1697,tt0455407
604079,The Long Walk,2025,1703,tt10374610
591273,Fear Street: 1994,2021,1708,tt6566576
8461,Funny Games,2008,1709,tt0808279
41402,Let Me In,2010,1728,tt1228987
294963,Bone Tomahawk,2015,1730,tt2494362
646385,Scream,2022,1732,tt11245972
837,Videodrome,1983,1733,tt0086541
9913,The Skeleton Key,2005,1736,tt0397101
632357,The Unholy,2021,1737,tt9419056
8913,Pet Sematary,1989,1748,tt0098084
184346,Deliver Us from Evil,2014,1760,tt2377322
37169,The Human Centipede (First Sequence),2009,1772,tt1467304
48171,The Rite,2011,1786,tt1161864
523139,In the Tall Grass,2019,1788,tt4687108
1151031,Bring Her Back,2025,1792,tt32246771
502416,Ma,2019,1823,tt7958736
37707,Splice,2009,1825,tt1017460
460458,Resident Evil: Welcome to Raccoon City,2021,1831,tt6920084
283445,Sinister 2,2015,1832,tt2752772
43947,I Spit on Your Grave,2010,1836,tt1242432
482373,Don't Breathe 2,2021,1847,tt6246322
1248,Hannibal Rising,2007,1848,tt0367959
8814,Doom,2005,1849,tt0419706
10065,The Amityville Horror,2005,1862,tt0384806
2082,Halloween,2007,1873,tt0373883
72571,Paranormal Activity 3,2011,1878,tt1778304
4970,Gothika,2003,1883,tt0348836
14001,Dead Silence,2007,1893,tt0455760
546121,Run,2020,1901,tt8633478
602223,The Forever Purge,2021,1904,tt10327252
38321,Priest,2011,1923,tt0822847
86825,Stoker,2013,1923,tt1682180
9003,Hellraiser,1987,1933,tt0093177
10331,Night of the Living Dead,1968,1935,tt0063350
10320,The Ring Two,2005,1935,tt0377109
28355,Case 39,2009,1935,tt0795351
610253,Halloween Kills,2021,1941,tt10665338
372343,The Snowman,2017,1948,tt1758810
476299,Ghostland,2018,1950,tt6195094
19898,Pandorum,2009,1952,tt1188729
985,Eraserhead,1977,1961,tt0074486
9645,Ghost Ship,2002,1978,tt0288477
635910,The Last Voyage of the Demeter,2023,1980,tt1001520
1038392,The Conjuring: Last Rites,2025,1988,tt22898462
1034541,Terrifier 3,2024,1994,tt27911000
480414,The Curse of La Llorona,2019,1998,tt4913966
10665,The Strangers,2008,2000,tt0482606
8914,Deep Blue Sea,1999,2002,tt0149261
26466,Triangle,2009,2003,tt1187064
418078,It Comes at Night,2017,2003,tt4695012
614479,Insidious: The Red Door,2023,2013,tt13405778
539537,Fantasy Island,2020,2020,tt0983946
243688,Poltergeist,2015,2031,tt1029360
576845,Last Night in Soho,2021,2031,tt9639470
400710,Flatliners,2017,2035,tt2039338
83899,You're Next,2011,2041,tt1853739
9360,Anaconda,1997,2075,tt0118615
361292,Suspiria,2018,2075,tt1034415
6466,Freddy vs. Jason,2003,2084,tt0329101
41436,Paranormal Activity 2,2010,2086,tt1536044
13207,Friday the 13th,2009,2106,tt0758746
9902,Wrong Turn,2003,2127,tt0295700
335796,Ouija: Origin of Evil,2016,2127,tt4361050
17609,Antichrist,2009,2138,tt0870984
9373,The Texas Chainsaw Massacre,2003,2163,tt0324216
938614,Late Night with the Devil,2024,2174,tt14966898
398173,The House That Jack Built,2018,2186,tt4003440
22894,Legion,2010,2190,tt1038686
306947,The Invitation,2015,2195,tt2400463
1114513,Speak No Evil,2024,2204,tt27534307
417384,Scary Stories to Tell in the Dark,2019,2208,tt3387520
8413,Event Horizon,1997,2212,tt0119081
4513,30 Days of Night,2007,2267,tt0389722
14564,Rings,2017,2270,tt0498381
3597,I Know What You Did Last Summer,1997,2272,tt0119345
313922,Green Room,2015,2272,tt4062536
4488,Friday the 13th,1980,2289,tt0080761
23437,A Nightmare on Elm Street,2010,2292,tt1179056
406563,Insidious: The Last Key,2018,2313,tt5726086
452507,1922,2017,2318,tt6214928
8643,The Exorcism of Emily Rose,2005,2333,tt0404032
440,Aliens vs Predator: Requiem,2007,2334,tt0758730
10585,Child's Play,1988,2335,tt0094862
768,From Hell,2001,2380,tt0120681
60935,The Thing,2011,2390,tt0905372
242512,Ouija,2014,2393,tt1204977
8922,Jeepers Creepers,2001,2395,tt0263488
433808,The Ritual,2017,2397,tt5638642
403119,47 Meters Down,2017,2406,tt2932536
438799,Overlord,2018,2406,tt4530422
951491,Saw X,2023,2413,tt21807222
609,Poltergeist,1982,2416,tt0084516
622,The Ninth Gate,1999,2421,tt0142688
41439,Saw 3D,2010,2425,tt1477076
1084199,Companion,2025,2431,tt26584495
9792,The Hills Have Eyes,2006,2447,tt0454841
44040,Devil,2010,2466,tt1314655
514847,The Hunt,2020,2477,tt8244784
1970,The Grudge,2004,2486,tt0391198
10066,House of Wax,2005,2505,tt0397065
968051,The Nun II,2023,2513,tt10160976
30497,The Texas Chain Saw Massacre,1974,2525,tt0072271
157547,Oculus,2013,2536,tt2388715
443791,Underwater,2020,2537,tt5774060
22804,Saw VI,2009,2559,tt1233227
531309,Brightburn,2019,2566,tt7752126
511987,Crawl,2019,2608,tt8364368
263472,Knock Knock,2015,2621,tt3605418
173897,Resident Evil: The Final Chapter,2016,2642,tt2592614
4234,Scream 3,2000,2664,tt0134084
19912,The Final Destination,2009,2670,tt1144884
1100988,28 Years Later,2025,2701,tt10548174
1138194,Heretic,2024,2728,tt28015403
756999,The Black Phone,2022,2736,tt7144666
1226578,Longlegs,2024,2750,tt23468450
157433,Pet Sematary,2019,2765,tt0837563
256274,"As Above, So Below",2014,2774,tt2870612
384521,The Cloverfield Paradox,2018,2774,tt2548396
41446,Scream 4,2011,2801,tt1262416
55779,Final Destination 5,2011,2809,tt1622979
11917,Saw V,2008,2815,tt1132626
49730,Red Riding Hood,2011,2817,tt1486185
340102,The New Mutants,2020,2819,tt4682266
280092,Insidious: Chapter 3,2015,2833,tt3195644
72331,Abraham Lincoln: Vampire Hunter,2012,2855,tt1611224
521029,Annabelle Comes Home,2019,2870,tt8350360
1992,Planet Terror,2007,2881,tt1077258
1032823,Trap,2024,2914,tt26753003
574475,Final Destination Bloodlines,2025,2961,tt9619824
277685,Unfriended,2014,2994,tt3713166
1690,Hostel,2005,3023,tt0450278
663,Saw IV,2007,3038,tt0890870
298250,Jigsaw,2017,3044,tt3348730
16871,Drag Me to Hell,2009,3052,tt1127180
7340,Carrie,1976,3055,tt0074285
631843,Old,2021,3080,tt10954652
65086,The Woman in Black,2012,3088,tt1596365
764,The Evil Dead,1981,3093,tt0083907
4233,Scream 2,1997,3103,tt0120082
343674,Gerald's Game,2017,3103,tt3748172
9392,The Descent,2005,3123,tt0435625
631842,Knock at the Cabin,2023,3132,tt15679400
9286,Final Destination 3,2006,3174,tt0414982
805,Rosemary's Baby,1968,3211,tt0063522
758323,The Pope's Exorcist,2023,3211,tt13375076
346672,Underworld: Blood Wars,2016,3221,tt3717252
503736,Army of the Dead,2021,3233,tt0993840
924,Dawn of the Dead,2004,3254,tt0363547
934433,Scream VI,2023,3260,tt17663992
35791,Resident Evil: Afterlife,2010,3274,tt1220634
36648,Blade: Trinity,2004,3275,tt0359013
571,The Birds,1963,3311,tt0056869
9358,Final Destination 2,2003,3321,tt0309593
301365,The Neon Demon,2016,3325,tt1974419
340837,A Cure for Wellness,2017,3345,tt4731136
321258,The Boy,2016,3346,tt3882082
345911,Lights Out,2016,3384,tt4786282
442249,The First Purge,2018,3413,tt6133466
71679,Resident Evil: Retribution,2012,3422,tt1855325
397243,The Autopsy of Jane Doe,2016,3423,tt3289956
762441,A Quiet Place: Day One,2024,3433,tt13433802
501170,Doctor Sleep,2019,3486,tt5606664
7737,Resident Evil: Extinction,2007,3492,tt0432021
9426,The Fly,1986,3512,tt0091064
1562,28 Weeks Later,2007,3514,tt0463854
588,Silent Hill,2006,3519,tt0384537
91586,Insidious: Chapter 2,2013,3528,tt2226417
9533,Red Dragon,2002,3538,tt0289765
351460,Death Note,2017,3560,tt1241317
460019,Truth or Dare,2018,3562,tt6772950
52520,Underworld: Awakening,2012,3573,tt1496025
3021,1408,2007,3579,tt0450385
1062722,Frankenstein,2025,3611,tt1312221
1078605,Weapons,2025,3634,tt26581740
1577,Resident Evil: Apocalypse,2004,3635,tt0318627
214,Saw III,2006,3653,tt0489270
395,AVP: Alien vs. Predator,2004,3654,tt0370263
132232,Mama,2013,3667,tt2023587
109428,Evil Dead,2013,3758,tt1288558
426063,Nosferatu,2024,3784,tt5040012
713704,Evil Dead Rise,2023,3814,tt13345606
1008042,Talk to Me,2023,3829,tt10638522
2667,The Blair Witch Project,1999,3901,tt0185937
133805,Carrie,2013,3919,tt1939659
522681,Escape Room,2019,3924,tt5886046
36586,Blade II,2002,3963,tt0187738
424139,Halloween,2018,3974,tt1502407
8078,Alien Resurrection,1997,3981,tt0118583
376570,Hush,2016,3990,tt5022702
298312,The Visit,2015,4012,tt3567288
615656,Meg 2: The Trench,2023,4032,tt9224104
5876,The Mist,2007,4147,tt0884328
377,A Nightmare on Elm Street,1984,4150,tt0087800
6114,Bram Stoker's Dracula,1992,4172,tt0103874
23827,Paranormal Activity,2007,4309,tt1179904
215,Saw II,2005,4357,tt0432348
201085,Crimson Peak,2015,4396,tt2554274
21208,Orphan,2009,4403,tt1148204
948,Halloween,1978,4421,tt0077651
332567,The Shallows,2016,4524,tt4052882
82507,Sinister,2012,4563,tt1922777
9532,Final Destination,2000,4585,tt0195714
316727,The Purge: Election Year,2016,4614,tt4094724
8077,Alien³,1992,4615,tt0103644
945961,Alien: Romulus,2024,4682,tt18412256
423108,The Conjuring: The Devil Made Me Do It,2021,4689,tt7069210
520763,A Quiet Place Part II,2021,4721,tt8332922
570670,The Invisible Man,2020,4778,tt1051906
1233413,Sinners,2025,4835,tt31193180
628,Interview with the Vampire,1994,4852,tt0110148
396422,Annabelle: Creation,2017,4859,tt5140878
1813,The Devil's Advocate,1997,4887,tt0118971
36647,Blade,1998,4965,tt0120611
755,From Dusk Till Dawn,1996,4977,tt0116367
7131,Van Helsing,2004,4987,tt0338526
13885,Sweeney Todd: The Demon Barber of Fleet Street,2007,5091,tt0408236
507089,Five Nights at Freddy's,2023,5095,tt4589218
565,The Ring,2002,5208,tt0298130
530385,Midsommar,2019,5237,tt8772262
242224,The Babadook,2014,5251,tt2321549
4232,Scream,1996,5318,tt0117571
250546,Annabelle,2014,5341,tt3322940
49017,Dracula Untold,2014,5364,tt0829150
1576,Resident Evil,2002,5385,tt0120804
439079,The Nun,2018,5393,tt5814060
1933,The Others,2001,5398,tt0230600
270303,It Follows,2014,5456,tt3235888
170,28 Days Later,2002,5557,tt0289043
1091,The Thing,1982,5566,tt0084787
49018,Insidious,2010,5689,tt1591095
238636,The Purge: Anarchy,2014,5695,tt2975578
2668,Sleepy Hollow,1999,5700,tt0162661
310131,The Witch,2015,5790,tt4263482
561,Constantine,2005,5863,tt0360486
381283,mother!,2017,5863,tt5109784
60304,Hansel & Gretel: Witch Hunters,2013,6015,tt1428538
493922,Hereditary,2018,6057,tt7784604
345940,The Meg,2018,6068,tt4779682
458723,Us,2019,6169,tt6857112
933260,The Substance,2024,6206,tt17526714
395992,Life,2017,6326,tt5442430
282035,The Mummy,2017,6346,tt2345759
300669,Don't Breathe,2016,6387,tt4160708
9552,The Exorcist,1973,6535,tt0070047
22970,The Cabin in the Woods,2012,6741,tt1259521
333371,10 Cloverfield Lane,2016,6808,tt1179933
259693,The Conjuring 2,2016,7061,tt3065204
474350,It Chapter Two,2019,7221,tt7349950
126889,Alien: Covenant,2017,7298,tt2316204
300668,Annihilation,2018,7378,tt2798920
158015,The Purge,2013,7386,tt2184339
176,Saw,2004,7650,tt0387564
539,Psycho,1960,8452,tt0054215
578,Jaws,1975,8659,tt0073195
138843,The Conjuring,2013,9735,tt1457767
447332,A Quiet Place,2018,12032,tt6644200
348,Alien,1979,12083,tt0078748
44214,Black Swan,2010,12624,tt0947798
72190,World War Z,2013,13440,tt0816711
419430,Get Out,2017,14721,tt5052448
694,The Shining,1980,14911,tt0081505
381288,Split,2016,15360,tt4972582
346364,It,2017,16900,tt1396484
