id,width,height,bytes
320380,600,900,107801
664862,500,750,104711
948056,500,750,66069
981608,500,750,95003
510733,500,750,134708
851308,500,750,95562
27512,500,750,110155
1080723,716,1074,211198
862538,500,750,111888
918940,898,1257,306153
330169,500,750,82178
337184,570,855,158122
595631,667,1000,282766
466929,500,750,70403
580441,500,750,133617
330173,500,750,115622
852093,989,1483,341710
1351825,879,1319,130662
482503,869,1304,72957
1266520,625,937,138240
1018799,921,1381,254704
1018804,600,900,178566
1210358,950,1425,296311
116875,500,750,96602
315094,788,1182,336731
252429,653,986,151325
913062,500,750,50518
329711,837,1255,187432
415632,749,1123,213723
276748,792,1188,74714
195328,776,1163,121044
403598,550,823,92237
451055,558,826,75708
258453,500,750,75960
436328,600,900,158882
582888,630,954,106036
383696,960,1440,198328
558504,600,817,100550
167556,803,1232,250490
346043,700,1050,185523
399021,612,1024,136037
30990,783,1174,289343
92418,500,750,99785
193476,668,1000,111404
463646,750,1000,322480
316979,709,1084,112267
256012,500,750,101011
372358,500,750,114437
752001,500,750,50050
522297,500,750,112283
776486,500,750,97398
84989,900,1350,240923
280573,500,750,114523
432730,997,1397,173757
546217,540,812,121854
851025,500,750,21251
213213,500,750,106574
225454,638,954,113527
697181,700,996,146880
711629,920,1380,411560
224645,832,1250,149224
426217,625,938,121569
695256,500,750,48507
104534,983,1475,206160
224014,960,1440,263215
310843,666,1000,145767
443338,960,1440,512448
446862,596,895,227276
482591,600,900,170897
548307,500,750,114487
758511,500,750,13368
129298,500,750,76907
306747,500,750,104333
367251,500,750,50234
386782,888,1347,145675
451173,785,1161,134772
464890,641,962,84587
479344,565,849,141763
749120,500,750,125213
999640,500,750,187858
292876,500,750,58395
320176,693,1000,128028
363935,510,751,72542
451293,667,1000,98578
184165,502,889,144385
315449,503,750,137052
374833,500,750,74066
413839,500,750,79700
419958,533,800,118250
498264,500,750,17275
637168,767,1150,151843
1018055,600,849,128976
85562,600,901,149207
90064,506,765,91032
115123,500,750,108714
120582,800,1200,246578
124635,600,900,148505
393798,787,1236,331632
409168,636,954,216952
479322,600,902,119267
487910,500,750,100960
891704,500,750,71999
29759,996,1494,351863
29772,500,750,96451
312395,534,751,95361
324430,594,891,222660
657343,500,750,65613
719829,500,750,80554
795444,800,1067,186737
29652,600,902,118701
479332,500,750,100733
482130,500,750,103264
934841,500,750,94600
155537,600,897,110587
224690,690,1024,278362
363277,561,861,99565
370091,677,1000,161861
401067,856,1184,339236
483126,500,750,78517
523827,500,750,152330
533182,500,750,86536
580283,500,750,18748
597684,500,750,79543
732231,801,1111,207845
108537,559,800,78464
225724,500,750,91170
227565,700,1051,92408
369164,678,960,240149
419165,667,1000,104020
444884,567,851,88082
464104,653,980,164306
589775,500,750,86629
663240,500,750,71878
710743,566,792,102116
732233,600,900,130561
946317,502,750,109205
972601,500,750,75344
29765,600,900,267982
143139,594,868,102529
336654,914,1287,130352
426520,600,916,146169
434534,504,757,95869
444949,794,1190,145320
444950,528,750,79777
461379,500,750,84114
631059,500,750,55268
799182,947,1424,144668
805620,529,750,107067
864750,583,875,159144
878576,500,750,66580
29767,550,826,141107
29770,600,900,114378
113627,570,843,100825
212016,800,1200,261099
264598,700,1050,142403
309073,500,750,65437
426524,526,777,77723
444945,700,1050,123588
451368,746,1101,105790
708788,624,936,105659
759123,500,750,87272
801449,500,750,92046
27627,500,750,69175
329703,700,1000,76383
363282,500,750,117343
444663,600,900,103122
464105,586,879,143488
471363,800,1200,168616
479494,600,901,144883
489239,600,900,63273
523830,500,750,198207
634115,840,1260,267122
875903,500,750,105598
888452,950,1425,248815
971148,507,750,98464
37930,650,975,92789
84007,960,1440,197405
198181,560,875,61835
341833,500,750,77831
415903,550,853,112993
426539,530,797,85951
447409,694,1045,132419
521588,500,750,107973
652891,600,900,101304
691151,750,1000,126426
707446,500,750,84975
783061,500,750,84896
27682,704,1056,194023
27689,501,750,96276
27803,600,900,215413
374933,600,900,123247
507096,534,750,80276
556203,512,750,103588
649119,900,1350,132107
781362,500,750,107835
854240,500,750,77003
871624,696,1045,154505
29434,960,1440,259901
43743,934,1400,458636
253453,500,750,77509
261090,500,750,65731
294310,841,1243,160495
415888,550,815,75821
421779,500,750,81880
452066,500,750,66222
527612,600,800,77370
569329,500,750,66174
576358,710,1000,146929
577905,550,802,35837
602777,540,758,100470
785885,913,1215,169743
837382,650,923,180419
859839,526,750,81609
28181,500,750,83126
29505,500,750,67471
82802,500,750,71759
213766,500,750,23929
213775,500,762,84894
227858,650,971,134717
364422,500,750,96128
448939,500,750,92657
453659,650,999,83617
479867,569,854,114129
480299,778,1036,45167
488754,700,1050,149579
848839,600,850,129451
59093,564,872,79260
82210,568,852,142605
88559,500,750,81282
132035,700,1050,185335
227670,813,1212,129101
262423,500,750,111238
478818,814,1222,200827
488748,525,754,87161
489456,500,750,68887
555878,526,800,127141
640960,500,750,40721
663924,500,750,52325
705283,550,779,56301
715181,500,751,68188
858856,500,750,97865
923672,639,958,118498
974706,500,750,64832
74021,500,750,103300
145650,500,750,96410
197011,619,879,104047
227841,500,750,105192
239722,851,1276,165315
330990,500,750,63594
352707,500,750,61598
367797,500,750,104829
393010,500,750,146073
393927,530,750,108164
394546,500,750,47811
424079,550,825,114385
439772,500,750,84885
448811,879,1298,129837
449445,679,1014,125217
466316,500,750,84605
478692,500,750,89386
478968,700,1050,159375
478974,600,898,140646
480289,600,900,130549
543203,560,795,95697
642061,500,750,63118
731653,750,1062,73432
787277,560,795,117174
862065,500,750,61107
866027,916,1266,193142
939811,500,750,66641
953211,500,750,82161
979728,500,750,81128
1022024,564,799,80843
27289,500,750,83426
33876,562,750,127940
36794,500,750,99809
69235,500,750,43797
96446,500,750,37313
156969,960,1440,190858
167036,536,750,74631
211678,512,768,86053
227608,531,797,130741
227864,666,1000,78356
270595,600,900,97974
274513,500,750,82674
339588,500,750,69760
354326,500,750,134840
364424,500,750,65981
366067,562,842,83607
367799,598,800,65268
443114,500,750,44292
448144,500,750,65388
451267,500,750,79168
453387,500,750,86047
505816,666,1000,120537
586483,500,750,88967
588696,550,780,108729
642106,500,750,102251
662183,500,750,100804
685592,534,750,92768
708697,500,759,83479
732114,600,900,74061
918007,972,1296,256836
972200,500,750,108538
54211,923,1385,195818
70012,600,900,148486
99885,807,1210,165584
108780,500,750,83846
131212,500,750,187600
153740,500,750,126194
226023,528,750,109143
270442,707,1060,222359
307544,553,750,53864
339644,525,800,139836
347425,500,750,97510
357964,667,1000,175203
367080,500,750,80692
370209,640,960,241960
426200,550,825,68235
457010,555,831,121242
477329,571,853,99195
483969,600,900,148124
543467,533,799,94628
568140,600,900,81016
568574,500,750,112726
576411,500,750,116029
642131,748,1122,211395
923321,505,750,51142
985329,500,750,119962
995302,500,750,93759
1010708,500,750,40971
27694,550,825,107802
30393,700,1040,152115
34552,500,750,24196
54923,508,750,59478
218720,684,1000,183516
277113,500,750,119311
329807,500,750,73202
361763,667,1000,187434
458985,600,850,92800
476510,750,1082,184399
535476,500,750,106495
548560,600,924,188561
568573,500,750,111759
590663,550,791,109928
597687,943,1415,294622
603681,500,750,64447
609627,709,1000,211658
634525,500,750,70695
647931,678,1000,132261
683016,720,960,183182
683699,706,1000,190522
697798,500,750,78209
705586,750,1000,102981
705863,500,750,71418
736381,543,750,88684
738746,588,818,103221
788635,500,750,70795
857240,500,750,84605
866661,500,750,118955
974021,500,750,88936
29433,960,1440,355010
72385,500,750,62102
173285,800,1200,112583
225035,500,750,113216
272296,600,900,94745
281309,500,750,118583
296803,600,900,119727
301655,552,766,138039
340462,500,750,90415
348157,500,750,67315
371386,500,750,107639
446074,542,760,75658
452379,720,1080,130608
458830,500,750,72840
464248,500,750,48107
471920,711,1000,86155
479736,600,900,171422
505770,593,800,107134
521499,500,750,80608
541062,695,1000,146380
543904,750,1000,118256
586779,500,750,174032
593676,500,750,48228
631057,500,750,85553
637174,500,750,107926
647932,684,1000,109389
685044,679,960,153735
705871,500,750,100721
705873,500,750,72468
705877,500,750,44232
713478,530,750,111868
718134,500,750,73189
718138,500,750,46644
746891,500,750,67666
774108,500,750,26781
859428,600,800,214246
882431,931,1397,181622
942907,507,750,121477
971294,500,750,54070
976798,500,750,66813
977052,500,750,44115
977845,500,750,75707
982869,500,750,95657
108482,943,1396,241469
144171,500,750,92471
281888,780,1206,139849
316157,667,1000,238066
329104,718,1024,218835
341114,667,1000,72529
341650,900,1278,293765
417265,500,750,92377
478579,665,1000,222470
481097,600,902,88231
498716,668,1000,182106
510346,666,1000,113973
542445,671,960,150199
543906,750,1000,126147
552840,564,750,62739
616318,700,1000,154909
620616,500,750,112616
729878,675,1000,197578
857382,789,1183,210525
858653,500,750,112685
861507,500,750,76710
879878,887,1344,248365
968094,500,750,102446
968604,508,750,72342
971466,500,750,39313
974046,500,750,71499
1022767,500,750,75722
65535,800,1200,254070
85710,600,900,141271
97240,600,900,36833
257047,500,750,83088
277189,810,1200,226536
306185,600,800,86127
353948,738,1094,240845
416506,500,750,67914
451262,500,750,71817
476363,731,1000,203315
480209,541,813,115791
480295,600,900,192000
483246,630,1200,110273
484040,500,750,67770
517473,726,1089,114541
526507,500,750,63218
529144,500,750,54189
544781,800,1141,102649
605479,562,806,81695
641991,500,750,66676
647935,698,1000,109044
648427,500,750,150223
662802,600,901,194188
664833,750,1000,122569
687372,529,750,66430
788176,500,750,65094
977147,500,750,76843
982552,600,900,132970
984081,500,750,78397
986859,534,800,47874
262284,500,750,124404
288049,797,1181,257605
294346,600,851,151042
343489,507,750,66898
346939,754,1070,156181
381640,600,800,102446
416545,751,1001,112505
417169,500,750,78099
449854,766,1139,178730
451263,500,750,67198
451494,500,750,87005
452389,586,895,83396
453402,666,1000,76497
473238,500,750,93494
492523,563,750,117572
495868,644,960,185861
539528,500,750,50549
551556,532,794,120037
568281,700,1050,220316
568578,700,1050,195377
580340,674,1000,222848
596039,708,1000,179193
639461,600,900,126878
639473,630,945,30014
642556,667,1000,98542
646109,700,1000,110456
683204,500,750,80435
687377,562,799,60194
708623,666,1000,126178
723538,500,750,64837
781353,658,986,128556
971757,500,750,79451
977394,500,750,42232
987401,500,750,79430
993056,502,750,98058
1018169,500,750,113783
209956,960,1440,133785
212693,639,966,177064
220139,500,750,77595
220682,667,1000,118851
227369,500,750,27581
268758,900,1285,140723
279932,707,999,109378
302428,648,960,213028
309921,693,1000,127040
329110,500,750,107754
339373,600,900,244700
381654,537,750,84823
447559,637,964,97907
461606,500,750,76838
477902,742,1088,93825
544976,703,1000,114359
547331,666,1000,112197
565398,500,750,64340
567584,753,1130,192539
568135,500,750,87212
590278,857,1278,371462
590476,500,750,42799
627324,702,1000,267029
629843,500,750,84643
653544,500,750,105181
668055,550,814,84516
714870,599,1140,177123
738756,588,818,94179
789375,677,960,95319
841657,651,960,96668
848239,500,750,42934
852850,849,1274,210768
953165,500,750,83034
985060,560,760,55440
1032490,714,960,108412
253057,832,1248,293940
270594,500,750,60764
280860,500,750,95064
293249,600,900,78747
293852,680,1000,114824
305175,522,783,86483
305862,500,750,129688
306932,500,750,73157
323478,960,1440,257425
328936,500,750,57122
337530,500,750,121992
384075,640,960,78476
445135,750,1000,68285
481023,600,900,132323
489122,700,1050,166599
499190,500,750,86351
538382,637,960,171987
545899,991,1486,50387
547482,727,1000,239051
568575,700,1050,215517
585197,710,1000,87325
586781,500,750,101193
605554,500,750,113103
609368,500,750,122289
634527,500,750,140889
652841,700,1050,188813
661237,620,960,96237
713138,960,1440,353916
781372,750,1125,108274
810047,802,1203,217509
829370,501,750,52582
853688,500,750,36935
853691,636,954,85596
855033,500,750,100302
915967,500,750,59800
955224,960,1280,224066
982151,500,750,77112
337692,660,990,178185
354888,678,960,134486
364840,681,998,296063
365720,692,1038,55570
372074,818,1200,145945
393395,630,945,172227
451344,600,900,86117
454420,500,750,70985
479731,996,1494,528644
482773,637,960,155056
482809,600,900,71537
499278,500,750,97378
499438,666,1000,146483
502312,500,750,92501
539145,652,1000,169178
556972,640,960,86900
558889,698,960,156854
571911,720,1000,180406
581664,658,1000,70068
581993,694,1000,143467
616587,654,872,50501
682662,684,1000,254317
697027,576,960,143229
733615,600,853,134744
733699,586,879,126461
748251,500,750,26830
756331,500,750,46192
780748,680,1000,110520
824063,500,750,84996
875236,640,960,120087
881855,532,750,88659
904924,539,792,86588
971152,500,750,88628
975265,561,750,88961
341963,500,750,72739
382184,707,1000,241253
386269,647,971,181330
387854,524,750,107026
392356,500,750,90766
396120,500,750,71306
397572,654,931,136995
397797,554,750,87714
413799,567,794,71364
415703,500,750,73630
418895,669,1000,123829
420132,562,1000,134742
427539,680,1000,190891
429991,598,885,151987
431849,600,900,160431
432281,510,750,131100
448474,500,750,165789
452112,731,1024,60430
456515,706,1000,115128
467320,500,750,156495
467834,735,1000,127183
471610,566,800,135115
479576,700,1050,182408
484479,706,1000,159919
488111,700,1050,200672
490271,527,800,57277
493446,500,750,112735
494678,536,750,101072
496364,500,750,65098
496594,854,1280,173226
503659,500,750,106958
506400,750,1000,205284
508592,706,1000,137003
519647,500,750,85716
560903,500,750,39923
568524,900,1285,261223
571939,691,1000,214679
572949,551,764,66605
588068,533,802,68268
603524,647,1000,162748
646334,562,798,146592
667054,500,750,133161
674385,500,750,110711
675853,707,1000,172834
691646,707,1000,158100
709786,500,750,127219
715275,600,900,18931
746161,640,960,69283
793462,550,814,141594
827525,578,768,114167
831017,900,1275,140527
851275,661,1000,144677
1005367,720,1080,282289
410832,673,1000,125486
449478,500,750,133199
449772,506,750,92573
451452,801,1200,111421
451716,533,758,95062
461628,699,1000,123158
472750,625,1000,135037
476341,707,1000,78637
476542,675,1000,205015
476662,665,1000,115442
483400,642,953,68718
483422,706,1000,84019
483790,750,1000,95019
483965,621,933,120009
484779,742,1100,200247
485245,550,814,58041
486511,621,960,125087
486772,675,1000,157616
487187,600,900,53497
488247,800,1200,323009
489123,700,1050,197136
493494,706,1000,197619
495303,667,1000,110566
498110,710,1000,147796
506404,750,1000,88495
506413,800,1200,154713
509166,500,750,81079
513508,745,1000,155649
521458,500,750,113738
524882,647,1000,149032
526749,600,900,149468
534425,630,1200,189018
535412,652,1000,212337
539185,758,1011,97791
554060,563,750,121568
565244,686,958,139289
571907,709,1000,206280
574124,674,1000,174934
583642,750,1000,147052
589565,500,750,90188
594090,666,1000,142553
604514,750,1000,252120
605314,500,750,182151
633100,680,1000,103436
645240,658,1000,89059
656211,500,750,30724
689285,675,1000,73098
697123,500,750,34310
729881,608,900,88340
736853,750,1000,215170
810402,500,750,65555
850127,688,1032,167287
462310,600,900,144452
500269,658,1000,188607
516695,500,750,170114
517046,674,1000,126371
519988,888,1332,116470
524785,864,1152,231013
526411,525,750,102408
528665,667,1000,294629
532668,666,1000,118415
533139,500,750,66253
534424,750,1000,193420
538698,820,1230,409521
542675,500,750,70337
543998,500,750,70792
547118,960,1440,281006
549078,960,1440,228695
549669,500,750,102181
552476,750,1000,195677
553079,750,1000,231282
558448,600,900,105301
558774,900,1265,308183
558909,707,1000,70022
559844,550,815,112508
560038,706,1000,79729
562786,960,1440,470824
563575,834,1258,233673
567248,500,750,169692
568120,685,960,176061
573307,750,1000,225967
574137,500,750,14327
574798,501,750,39530
578400,500,750,73318
582621,666,1000,162665
585537,642,960,90440
588783,750,1000,105606
604518,500,750,63583
605553,601,836,126181
611141,711,1000,185037
612196,750,1000,301293
623493,500,770,107417
641688,750,1000,200829
641697,647,1000,153489
644265,688,1000,170105
644426,960,1440,404404
644452,637,1000,126421
652118,720,1080,150291
655344,666,1000,211548
658975,647,1000,90467
692830,707,1000,101829
700424,501,751,58698
705072,662,1000,163774
711813,890,1335,130008
716820,702,1000,112267
716822,702,1000,160306
725543,500,750,84642
733506,675,1000,236609
770452,859,1280,324812
777537,511,750,66447
786050,500,750,91629
794925,788,1182,304498
820725,500,750,81861
842098,500,752,156951
857614,600,900,105031
860292,686,1016,171961
860346,500,750,49489
941723,543,800,68480
975957,700,1000,60231
982966,500,750,80426
459410,666,1000,53170
515389,530,808,81075
567212,500,750,115505
572428,750,1000,269653
579957,750,1000,265975
579959,646,1000,133782
596318,706,1000,51603
603457,640,960,58583
604012,714,1000,143790
605124,563,750,71283
608537,600,820,111349
620495,692,1000,122564
625423,508,750,94009
626963,500,752,57447
629363,600,820,104523
632570,500,750,89282
634494,640,895,121907
638732,576,890,156222
643213,666,1000,194064
643587,647,1000,198994
643657,666,1000,107229
644009,666,1000,69332
644144,750,1000,131138
644752,643,999,120831
649182,750,1000,281225
652034,658,1000,83311
652847,700,1050,210996
653842,600,800,55500
656145,960,1440,124230
657701,750,1000,195769
658110,648,960,83810
658596,666,1000,123377
659506,750,1000,77079
664994,500,750,95032
671104,700,1000,73266
675777,500,750,141900
678792,706,1000,163533
683100,501,750,104008
690481,534,799,142053
694673,800,1200,254758
712079,750,1000,97006
731391,500,750,40560
734707,562,843,102551
736447,608,888,101451
740130,666,1000,102424
756885,708,1000,161809
773769,693,961,129367
851296,501,750,154495
852676,500,750,66453
853730,670,1005,215518
873787,500,750,84440
884356,501,750,80179
935020,824,1236,182875
954914,501,750,39098
971773,500,750,54512
975502,550,781,72147
411326,675,1000,108488
462604,587,800,102464
500759,666,1000,75069
645732,500,750,41739
659309,750,1000,83458
668040,750,1000,123163
669906,500,750,81605
675347,690,1000,150587
679974,642,999,146292
680297,500,750,72285
683915,675,1000,183196
687301,648,960,164960
688898,500,756,55697
690085,642,963,40073
691734,500,750,86608
693071,550,799,136160
694662,752,1000,117422
696845,547,821,113451
698663,666,1000,176270
698676,679,960,173880
699651,666,1000,102034
700522,714,1000,90150
709147,676,1000,87633
713197,750,1000,128240
717319,960,1440,295946
718055,640,960,59294
723337,750,1000,247256
724492,500,750,104408
727353,680,1000,95864
731158,500,750,126940
731204,667,1000,89746
731216,675,1000,218119
731222,708,1000,181398
731230,707,1000,75702
731741,500,750,94927
733914,666,1000,151619
734216,640,960,158125
737974,857,1200,157201
738156,666,1000,94051
738162,500,750,61404
738467,666,1000,142074
738730,566,850,106498
741174,500,750,61752
741178,627,896,59572
741422,536,750,90201
746132,500,750,121637
746729,707,1000,73400
751073,720,1080,146714
756783,666,1000,230748
759413,500,750,101371
763531,500,750,56846
763747,526,779,72693
764065,900,1350,236160
767528,500,750,70058
776041,500,750,90015
777828,500,750,81054
781346,500,750,113877
832672,760,1140,213418
835875,500,750,99036
838322,522,750,119409
844697,524,799,131105
848440,800,1067,170729
851466,904,1280,233327
852986,500,750,85345
862250,500,750,45613
929030,700,1050,171167
944568,584,832,79412
975302,527,750,69535
997620,528,750,130873
331432,531,800,124288
701481,675,1000,51784
758823,864,1296,291532
780318,666,1000,156167
781329,500,750,83692
781332,702,1000,191714
781345,500,750,109801
785869,960,1440,152200
795206,854,1280,131185
799144,550,814,98212
800891,800,1200,364064
801808,750,1125,184356
803442,639,941,42295
804261,500,750,90922
814406,892,1337,250744
816450,828,1113,80832
828691,600,900,138387
830806,849,1280,201555
846278,600,799,189264
847163,800,1200,23259
851839,501,750,85536
853155,800,1200,107229
860764,500,750,144013
862239,506,750,84308
865672,500,750,107059
876286,500,750,82600
878367,500,750,69684
880393,683,1024,125187
885468,900,1200,257870
886514,500,750,50977
887445,500,750,63194
891195,682,1024,103455
891989,500,750,73057
892087,500,750,58736
892175,666,1000,142005
894239,511,768,97231
898100,500,750,135212
904926,500,750,89792
904929,500,750,90553
904931,530,796,84520
911425,680,1000,120665
912937,658,1000,65852
934665,500,750,89711
937306,540,750,62551
972040,500,750,65106
973899,552,827,138175
998224,593,800,96621
1022634,960,1440,299588
663064,828,1242,299109
729454,702,1000,166087
754408,682,1024,135325
762640,540,800,122360
773409,667,1000,87668
799051,505,757,105441
805429,611,917,31761
854748,702,1000,188980
878900,716,941,67589
895862,813,1221,354693
898714,892,1338,151799
921213,500,750,108166
928796,500,750,148878
929334,800,1200,125807
930253,565,751,113514
931049,704,1000,149426
932276,500,750,40690
933140,500,750,75817
935347,629,943,195286
936783,500,750,69961
941516,960,1440,244463
950636,666,1000,97711
962458,980,1397,388967
966364,500,750,55300
971065,783,1174,195161
975801,889,1333,452873
977398,500,750,60584
980128,960,1440,613341
982909,940,1410,300133
985102,972,1458,398063
988233,979,1468,181904
988586,750,1000,232149
997553,960,1440,363217
997887,800,1200,259776
999308,667,1000,173122
1000723,844,1200,288874
1001755,712,1068,58343
1004563,680,978,208497
1005545,500,750,125763
1007983,600,900,135879
1011604,750,1000,98487
1014422,800,1200,305151
1015872,621,932,223328
1027873,667,1000,164270
1027899,691,1024,135285
1029132,500,750,98584
1029659,866,1299,357565
1031393,561,800,153418
1031488,500,750,84983
1032385,500,750,76747
1032620,639,959,89541
1032664,960,1440,342508
328939,667,1000,227551
801548,500,750,137690
1043746,987,1480,135159
1073752,942,1413,143154
1077433,500,750,18353
1082828,533,800,101961
1090222,500,750,48580
1094355,500,750,65585
1097354,572,765,154438
1100213,600,900,93900
1102910,500,750,137149
1106350,500,750,94180
1107717,500,750,169919
1112234,996,1500,287154
1116628,810,1200,185197
1124887,700,1052,112508
1126234,623,928,69288
1128165,501,751,57981
1128209,650,984,133553
1135381,800,1190,219206
1139133,533,800,95523
1140556,669,1003,217972
1144435,500,750,84755
1152050,500,750,58742
1154296,566,800,102172
1155107,500,755,124591
1165543,790,1200,149621
1175000,500,750,39847
1175996,500,750,86031
1183372,522,782,81995
1184982,500,750,121669
1185029,992,1488,165060
1185432,500,750,64804
1185623,720,1022,186257
1185780,500,757,55681
1189159,567,832,64460
1192224,500,750,80725
1194185,800,1131,295624
1196450,500,750,76262
1197547,504,750,125198
1200554,900,1286,248577
1203829,516,775,79039
1205369,506,750,93248
1206921,500,750,89711
1214625,857,1285,275836
1225091,512,768,60637
1234861,500,750,122758
1244381,500,750,134599
1246366,554,831,154608
1246839,988,1480,168496
1250441,500,750,128012
1252289,500,750,106865
1252436,500,750,77711
1254354,960,1440,237578
1276793,500,750,67529
1288629,871,1305,113521
1293242,718,1024,194382
1295437,739,1080,191679
1301393,500,750,119712
1312437,805,1207,261990
1320661,960,1440,209847
1326352,800,1200,255903
1336344,900,1350,198098
1353989,500,750,80325
1354072,500,750,47414
1387716,500,750,123786
1400005,935,1242,136313
1407426,667,1000,195691
1471742,900,1350,302795
1509235,558,836,85674
1527080,791,1107,150024
1559593,767,1080,147947
1564458,805,1208,250251
1566017,600,900,96736
1735209,565,845,122836
962691,847,1200,161964
1094293,865,1225,342182
1152222,600,900,147072
1157784,993,1324,270050
1166953,695,927,141067
1175574,512,768,62929
1180255,719,1025,197676
1190128,500,750,95184
1194420,768,1024,177969
1196555,988,1482,470083
1198717,600,900,184261
1205911,500,750,175973
1208134,500,750,77535
1215026,500,750,58015
1216624,500,750,72087
1226762,500,750,78712
1229906,694,1041,126421
1232322,500,750,60039
1235665,500,750,101498
1237397,500,750,62221
1237814,500,750,68959
1239944,500,750,68949
1242571,500,750,72031
1246490,895,1253,341009
1251300,800,1142,152243
1252113,500,750,63021
1252908,501,750,44203
1259850,800,1200,147939
1265438,750,1000,69436
1267030,952,1420,267095
1269173,695,988,148156
1273802,500,750,105602
1278047,500,750,121687
1293038,813,1135,189522
1297706,666,1000,91599
1307178,848,1200,220873
1309031,500,750,69006
1310853,652,923,100799
1315381,604,807,167730
1316072,540,800,84928
1320320,832,1248,206534
1320322,540,800,41302
1322156,500,750,51113
1323189,640,960,88202
1328717,500,750,12756
1336707,718,1024,131326
1337800,500,750,69637
1340774,500,750,100522
1353226,533,800,166213
1353970,500,750,125484
1354031,720,1080,187267
1365582,546,814,97795
1380545,900,1350,255247
1382583,500,750,56596
1392898,600,900,114084
1398008,563,750,64435
1399444,828,1224,153359
1401207,718,1024,105382
1406987,500,750,123256
1409213,500,750,142374
1411353,682,1024,192505
1417683,996,1494,270960
1419239,750,1125,164989
1424883,562,830,57291
1427726,500,750,100435
1436276,500,750,165075
1440427,702,1000,82585
1442992,973,1372,452860
1449636,600,900,45294
1450940,520,779,129566
1470820,655,868,89378
1501578,533,800,163141
1516261,887,1321,190470
1520053,555,834,85111
1528581,672,1008,153360
1545203,714,1080,76457
1590957,713,1020,103907
1591121,800,1200,151542
1680798,710,1062,170059
1688640,600,900,91424
1712608,500,750,158325
508258,931,1378,291668
1052169,791,1200,144351
1165544,755,1132,197783
1174492,500,750,58538
1174811,500,750,95101
1195638,985,1478,463410
1218176,500,750,60543
1224455,500,750,127830
1252359,500,750,74938
1264548,648,954,72477
1282777,970,1438,231147
1323800,666,1000,89650
1326353,561,841,116441
1326468,600,888,109200
1328870,533,800,70619
1340367,500,750,201539
1357952,932,1399,523493
1364835,695,927,157484
1365229,772,1159,216594
1373016,500,750,91592
1380845,500,750,63306
1380850,675,1000,224887
1388542,720,1080,40520
1395736,555,833,51731
1398309,800,1067,166314
1407616,900,1200,132856
1408257,996,1494,278505
1408389,500,750,99293
1416758,750,1129,104370
1427537,500,750,80736
1428948,508,759,57111
1436797,990,1320,251288
1437414,540,800,102740
1438013,666,999,191643
1447643,500,750,93738
1448812,500,750,127431
1454046,857,1285,125414
1456104,500,750,63333
1467997,932,1319,197131
1473817,720,1080,158847
1476689,900,1285,246540
1486752,521,779,79856
1487348,600,900,122517
1488314,691,1024,163366
1489362,572,846,66178
1494716,683,1024,81561
1500505,597,897,119947
1500948,960,1280,157006
1503329,914,1378,107086
1505533,500,750,129666
1512010,987,1481,235142
1512024,695,983,173828
1514057,533,800,90541
1518462,537,806,130425
1519087,517,755,52316
1520123,555,754,143580
1525109,853,1280,137760
1526193,832,1248,197573
1533491,894,1204,241345
1539708,700,1050,180012
1541212,620,924,84223
1543939,592,882,226964
1543942,620,872,51109
1547602,540,800,80852
1552525,960,1440,90991
1554640,801,1200,144710
1558103,576,767,104066
1559160,706,989,50327
1567607,864,1292,252479
1569888,500,750,46664
1575321,900,1285,302232
1577796,540,800,123518
1580912,593,831,86219
1586794,600,900,131455
1586962,500,750,78506
1587010,610,930,132221
1602752,540,800,111244
1607507,580,871,99576
1613246,504,750,158731
1622202,780,1098,224421
1629261,500,759,51145
1651837,512,778,91119
1683091,525,783,85526
1686028,600,900,82903
2957,946,1418,197428
3119,660,990,115080
5470,600,900,54399
13151,666,1000,210520
20608,500,750,44204
23985,780,1108,64816
24132,600,911,95974
24498,600,900,72564
26472,500,750,88290
27227,667,1000,69056
27685,991,1487,168616
27717,881,1321,214158
27782,600,900,112251
27836,667,1000,195152
28185,500,750,119741
28191,960,1440,233154
28231,680,1000,157201
28277,960,1440,280369
28310,780,1188,152604
28350,648,973,238598
28383,834,1168,194051
28579,500,750,88509
28653,668,1002,99862
28757,984,1476,431141
28953,736,1104,135592
28957,500,751,69574
29203,637,956,132372
29222,694,1000,173487
29227,887,1330,366976
29397,960,1440,402629
29899,500,750,97516
30379,960,1440,224790
30392,960,1440,325065
30399,642,947,101110
30445,926,1316,211617
30457,918,1377,133346
31564,960,1440,210684
33645,500,750,67914
36859,832,1248,129789
36883,960,1440,360941
40931,500,750,72091
41740,500,750,76814
42530,550,825,68529
44001,500,750,84946
44692,960,1440,423646
45961,500,750,103214
46120,960,1440,195402
47259,960,1440,318161
50762,500,750,20713
51021,960,1440,273704
51723,532,798,164460
52308,527,750,110129
52455,960,1440,349406
60283,600,894,149254
62985,500,750,97391
63183,500,750,51495
63333,500,750,61644
66111,780,1170,246373
67795,731,1096,249820
68304,700,1050,148891
68306,500,750,73305
69917,960,1440,168262
70857,500,750,80412
71470,500,750,83690
71612,500,750,78221
72237,960,1440,283823
73442,500,750,70388
74110,771,1157,203238
76035,500,750,91374
76790,500,750,71492
78246,960,1440,257731
79219,500,750,96988
80333,676,960,139528
82139,600,900,159533
83880,960,1440,476091
84428,520,780,149136
84625,500,750,83715
86102,850,1275,241956
86580,511,768,105161
86615,684,1024,134882
88197,500,750,91639
89445,759,1139,102785
89723,714,1071,153392
90025,635,879,149190
91890,554,831,149401
93394,994,1481,154932
93629,600,900,96648
93699,675,1000,62951
93958,508,750,82839
93959,800,1200,55672
94736,780,1170,234068
94746,696,1045,158181
94841,667,1000,235251
95115,500,750,61420
95757,960,1440,258429
97654,600,900,135093
101588,850,1275,157780
103514,960,1440,234853
103676,529,750,111495
103683,500,750,76706
104713,527,793,123306
107331,500,750,73109
107341,800,1200,131029
108226,900,1372,421868
109763,500,750,73550
111461,500,750,138756
111735,500,750,62419
112287,600,900,81207
113132,960,1440,298713
115908,500,750,134950
116632,828,1209,201445
116829,800,1200,211894
118449,530,754,105087
118612,960,1440,301952
119198,848,1200,217413
119655,993,1490,346180
119677,960,1440,368734
120199,750,1063,149068
120240,916,1374,98451
120499,575,863,157440
122582,500,750,53719
123728,960,1440,339482
125129,500,750,98864
125137,666,1000,228106
125149,500,750,79556
126478,600,900,157439
126568,500,750,63068
127782,656,1000,137183
128643,611,813,90712
129195,500,750,90478
129663,500,750,98505
131083,960,1440,206523
131225,640,960,135140
132269,960,1440,327480
135208,700,993,84985
135251,680,1000,84263
135252,500,750,90098
136074,631,947,73061
137295,800,1200,133504
137955,960,1440,174354
138223,960,1440,84391
138630,500,750,61106
139431,733,1077,317298
139611,500,750,97600
140541,500,750,89451
142059,500,750,156086
143508,500,750,70450
144542,500,750,87680
146012,500,750,62678
147136,587,881,60105
148972,720,1080,184983
152434,696,1000,105350
154445,525,750,77224
155708,960,1440,426034
157599,781,1159,128908
157619,750,1000,232609
157922,630,961,113602
158066,500,750,122444
159390,500,750,84637
161154,663,889,200214
163541,600,900,97810
164687,500,750,117274
165279,780,1107,158148
168368,960,1440,333937
177096,780,1156,82975
177583,500,750,106994
179242,620,880,99139
179765,677,1010,144286
180850,960,1440,169275
181587,500,750,118452
181628,500,750,50241
182140,580,872,139951
182510,500,750,93695
184590,505,766,85009
186031,600,900,255532
187115,560,850,165896
187525,500,750,107951
188074,960,1440,280438
188628,500,750,137211
188837,630,1200,172415
193582,500,751,153809
195781,654,982,140840
200462,960,1440,223752
201110,500,750,87220
202628,962,1389,302987
204567,661,992,115694
204904,600,900,46901
205902,555,832,108799
206865,526,750,172149
208609,750,1000,235152
208617,750,1000,237781
211684,500,750,34601
211686,500,750,95648
211687,612,918,53856
211999,500,750,88672
212003,960,1440,336522
212178,500,750,61837
213760,612,867,189933
213805,549,824,176874
213810,505,758,88939
214754,852,1280,312012
216557,550,818,133298
217596,960,1440,332743
219044,800,1117,267298
219047,558,988,194649
219961,617,885,69432
220680,973,1461,379547
222438,946,1420,180366
223259,605,869,155402
223754,731,1000,178782
224680,840,1260,288130
225285,674,1000,141786
227531,715,1000,126570
227574,507,773,51067
227619,500,750,96698
227625,546,766,67213
227739,600,858,99431
227798,500,750,104876
227866,528,750,81859
227883,500,750,62279
228562,840,1200,53132
229333,500,750,39080
230643,810,1200,198024
233226,800,1200,169176
239352,823,1200,161906
244301,558,750,112652
246463,500,750,76443
248714,960,1440,193283
250577,750,1125,220224
253862,500,750,110814
255291,960,1440,346967
255299,721,1000,157235
256452,745,1117,214590
261943,600,888,80314
262609,647,999,129095
264172,830,1245,110216
265321,702,1000,220207
268053,574,861,155845
268892,500,750,90316
269248,500,750,88191
269676,707,1000,109332
271336,576,816,98805
272098,600,900,75933
272313,525,750,102816
272699,500,750,102097
272928,575,799,93365
272997,620,983,103088
273271,791,1200,136405
273792,960,1440,459702
274634,529,750,147263
275614,700,983,107897
276287,500,750,59943
276697,500,750,123264
277046,680,1000,114040
277054,535,753,106831
277133,534,799,96882
277461,746,1093,147319
277500,960,1440,588736
278653,555,750,68751
279673,857,1286,209754
279696,500,750,88730
279732,777,1166,258828
279752,720,960,158008
280731,526,789,102180
281189,960,1440,303664
281905,500,750,110641
282191,500,750,54467
288297,500,750,85989
288424,960,1440,193509
288671,720,1087,60080
290394,500,750,62569
290396,500,750,61243
291290,780,1170,237513
291331,553,750,76259
291610,500,750,91726
291661,500,750,107316
292013,600,900,126195
292482,550,776,114485
294488,700,1037,100386
294548,500,750,67927
294629,500,750,126198
294833,800,1132,213478
295207,500,750,109566
295933,533,800,95927
296496,550,800,115961
298302,720,1028,179381
299025,500,750,76921
300236,618,831,86709
300581,500,750,53370
300903,692,1000,169096
301014,675,1000,99389
301711,500,750,101627
302512,672,1000,128417
303204,550,826,91035
304021,800,1200,203559
304916,960,1440,152699
305028,963,1444,84026
305511,500,750,105944
308123,639,960,91943
308125,608,912,178438
308259,680,1000,159247
309290,942,1380,228869
309297,812,1217,229586
310018,500,750,173074
310996,667,1000,188360
312640,853,1280,104168
312692,720,1058,130500
314193,665,997,234776
314266,533,750,95523
315978,500,750,81984
318788,580,773,102326
318947,776,1165,102875
321665,527,750,132076
322266,667,1000,194176
325157,500,750,67755
325598,503,750,81084
325617,500,750,43588
328091,970,1455,182702
328640,535,750,98399
328985,500,750,51502
329838,500,750,133781
330656,666,1000,161128
331307,500,750,70077
334038,563,827,129732
335223,600,800,118715
335448,500,750,31482
335650,943,1414,161094
335656,500,750,100560
335736,704,1000,141701
335900,500,750,68008
337021,584,872,169108
338053,886,1329,78913
338677,500,751,85124
340820,600,800,85066
341057,500,750,70193
341460,500,891,68566
342492,500,750,102467
342730,960,1440,385092
343041,500,750,100101
344088,600,900,136311
344885,736,1129,207783
345091,667,1000,222435
353090,629,957,149712
353800,632,1000,226734
354021,500,750,35370
354108,600,900,111267
354642,700,1054,201573
354651,611,917,177514
357007,510,750,88910
358802,501,750,119907
359062,650,975,194806
360924,500,750,82325
362807,676,960,141254
367249,888,1333,142938
369163,678,960,91192
371851,500,750,86509
374167,705,1058,315918
376416,500,750,96457
377635,500,750,74580
379322,960,1440,213330
379965,500,750,82404
383327,500,750,82953
385964,597,835,187550
388199,500,750,52832
388415,500,753,113012
388543,987,1481,206838
389260,700,1050,164483
391625,507,750,168886
395713,933,1400,281515
397456,750,1125,74463
398211,500,757,103349
399073,800,1200,132255
400038,500,750,90350
401049,674,960,108313
401052,500,750,122139
401054,704,1000,142580
401793,672,1000,69364
402726,948,1422,177934
408220,700,1050,149350
410625,500,750,100305
411779,700,1049,248463
412529,709,1000,241885
413070,500,750,85409
413985,640,900,29460
416874,500,750,146997
417705,600,900,48988
419319,518,777,81384
419590,666,1000,121238
420046,681,1049,127128
422649,706,1000,119547
425007,960,1440,300246
426075,605,908,94751
429855,698,960,186343
430217,720,1080,149462
431056,675,1000,100064
431505,500,750,80298
432856,600,900,185064
433628,853,1280,67550
433823,500,750,70680
434585,500,750,139038
437761,500,759,140738
439562,800,1200,270959
439788,673,982,121587
440317,960,1440,296581
440522,500,750,53187
440698,896,1344,272070
446198,537,750,52490
446448,500,750,121066
446462,500,750,95564
447737,864,1280,248964
449457,704,1000,210214
450290,720,1080,129854
450413,600,876,115509
450703,578,864,91454
452654,750,1000,167605
452705,965,1392,215392
453600,600,905,97044
455232,707,1000,171278
458033,563,750,100345
458381,800,1200,388825
464776,500,751,77433
466473,675,1000,292872
468436,674,1000,222735
470823,750,1000,217385
476642,500,750,81057
477495,714,1024,174183
477977,706,1000,167197
478258,925,1388,207169
479003,643,1000,173960
480139,611,814,109742
483052,647,1000,223337
483340,500,750,81668
483586,943,1408,202945
485784,632,960,173273
485792,577,784,216428
485809,750,1000,182873
486385,500,750,89972
486892,750,1000,94105
487442,744,1000,281295
489463,675,1000,205089
492332,653,960,28196
493442,700,1000,62593
493448,683,1024,177577
493595,513,750,89171
494991,500,750,103367
495496,691,1024,247712
498084,972,1440,288269
498748,691,1000,138216
498754,706,1000,179683
498797,750,1000,94294
498886,666,1000,58406
498904,500,750,84985
499482,666,1000,80163
499812,735,1108,269228
499953,720,1031,191913
501294,500,750,63438
503658,500,750,116637
503731,500,750,97819
503768,500,750,71564
504076,500,750,176001
504129,720,1080,191702
504151,500,750,81076
504180,799,1200,175782
504197,500,750,70640
505775,507,750,55625
506893,630,1200,253742
507624,500,750,39187
507966,706,1000,175173
508384,500,750,69640
509315,693,1000,127957
509760,500,750,94872
510654,618,960,149400
511051,706,1000,165008
511274,500,750,160516
514438,675,1000,79527
515537,506,750,77163
516774,500,750,123047
517072,562,999,94184
522285,529,750,116481
523415,500,751,46638
523938,750,1000,186809
528732,710,1000,126195
533094,840,1260,326309
535106,600,900,132403
543468,704,1000,76277
545499,685,960,194790
547620,500,750,130387
549369,546,819,82891
549639,750,1000,64482
551435,679,1000,75453
551694,728,1092,148970
552170,750,1334,124792
552925,500,763,90917
555211,500,750,90943
555295,788,1182,235859
557450,648,984,203454
557883,500,750,83596
561829,698,960,198549
562771,666,1000,56886
563655,675,1000,63878
565500,527,750,131941
565594,701,1056,185389
566239,768,1024,157128
566561,707,999,93055
566707,750,1000,116269
566848,666,1000,100709
567607,752,1000,141937
567708,999,1498,199212
567984,750,1000,135183
568598,500,750,137171
569085,679,960,315793
570305,750,1000,118316
570453,600,1000,30886
570536,541,750,160291
571782,675,1000,127940
572438,667,1000,119310
572727,658,1000,125411
575980,526,800,133366
576134,682,999,123100
578378,712,1000,230917
579296,666,1000,143046
580088,706,1000,43379
580370,647,889,75153
580550,500,750,98854
582875,500,750,17652
583166,500,751,67569
583711,667,1000,226365
585081,500,750,93607
585149,500,750,119556
590802,872,1308,426374
591832,600,900,124633
594542,667,1000,145717
594568,684,1025,107002
595966,600,857,160588
596061,500,750,58448
596325,500,750,58303
597175,960,1440,485130
597453,520,780,135284
597455,650,975,171731
597468,636,954,234123
601108,658,1000,182953
601656,667,945,119416
603012,954,1350,207184
603013,656,875,155346
603577,600,847,84586
603705,707,1000,92064
605572,500,750,85406
609075,700,1000,96578
609080,500,750,80857
609238,500,750,84809
612394,500,750,104508
616659,676,1000,68893
618375,666,999,85231
619503,500,750,135681
621080,737,1000,118818
623341,560,750,47253
623642,976,1336,262747
625759,674,1000,244227
627840,573,860,71790
630925,674,1000,158078
631592,500,750,32137
632567,999,1499,251183
636681,647,1000,248629
636806,634,900,113204
636808,500,751,63429
636812,917,1375,74847
636827,750,1000,126861
637162,500,750,96987
637255,665,998,172719
638609,500,750,49630
639495,616,855,115251
639506,652,928,145206
640427,750,1000,164316
640758,800,1200,302605
640766,907,1196,262549
640962,502,750,43635
641709,500,750,34455
642108,707,993,103066
643225,716,1000,185389
643375,851,1280,124358
643503,600,900,136984
649407,680,1000,207510
649770,960,1440,263847
650093,666,1000,214551
650893,500,750,90132
650898,528,750,106193
650900,724,1000,227616
650952,682,1024,176930
651006,500,750,60104
651018,500,750,103384
651488,500,750,53412
654092,500,750,26467
656174,500,750,89983
657528,550,825,70292
657767,666,1000,117190
661924,702,1000,154186
665087,720,960,146392
672278,500,750,106087
673526,707,1000,116241
676896,500,750,89595
676981,720,960,105954
683557,828,1120,52008
686208,600,900,67462
686478,709,1000,142239
688863,646,1000,95076
693749,737,1089,291662
694224,500,750,39767
699177,500,750,120420
700650,684,1024,210738
703698,500,750,108398
708805,500,750,141028
710457,561,800,111205
716119,647,1000,138824
718159,802,1194,217717
718460,500,750,33098
719770,700,1050,132172
720104,750,1000,176883
720132,500,750,125984
722354,792,1203,215268
723135,500,750,101200
724789,910,1340,125981
725303,500,750,61033
728941,500,750,35702
729877,600,900,90248
730407,500,750,90299
731041,600,900,91466
733605,500,750,46120
735967,500,750,59313
736752,659,1000,122535
737759,666,1000,115595
738183,749,1000,100526
738914,500,750,90902
742107,500,750,45894
745467,667,1000,279661
747941,500,750,89311
748155,720,960,155099
748543,958,1437,165097
749269,923,1296,237122
750344,682,910,101873
752450,950,1348,280549
752715,600,900,71680
753931,505,750,73048
754017,658,1000,113296
756112,766,1150,37974
756599,500,750,274839
758344,567,758,58121
759248,500,750,116159
759970,500,750,139257
761260,500,750,92030
762916,500,750,31847
763370,560,830,152457
764294,500,750,106592
770590,500,750,142450
772278,548,829,97103
775567,500,750,76648
777486,500,750,112692
777573,720,1080,54257
778042,960,1440,356956
779167,500,750,75168
779247,506,750,155201
780182,500,750,66955
780400,500,750,83173
782204,600,900,147207
782667,500,750,57023
783638,584,864,203182
784593,750,1045,743725
793914,500,750,114164
796734,595,842,80136
798443,500,750,111384
802605,680,978,231685
802954,603,854,126655
807412,639,904,154042
809668,680,1000,89541
816365,566,750,120795
823393,712,1067,68788
824657,500,750,107109
829053,500,750,142558
832543,812,1218,202438
835243,734,1101,125423
842200,640,960,128117
845004,500,750,108360
846045,500,750,88809
847314,500,750,129951
847339,500,750,78028
849496,828,1242,198788
849847,500,750,115118
858600,500,750,138991
859430,600,800,156940
859431,600,800,128668
860177,500,750,92650
860861,500,750,132994
861454,853,1280,199414
862404,500,750,51240
864142,500,750,66767
864207,678,960,227006
872253,600,800,83643
872376,500,750,60403
872642,960,1440,362078
873639,640,960,201447
873808,889,1333,358971
879912,783,1173,137692
882835,504,750,88514
884288,500,750,106447
885938,854,1280,162514
886142,533,800,73837
887690,600,800,47068
888192,500,750,49384
893861,500,750,133623
893985,672,960,184616
903500,500,750,67876
903513,525,750,110831
917324,500,750,113412
919076,522,750,82387
920470,500,750,75642
926003,543,777,65608
926827,560,839,95987
927287,500,750,73210
927516,500,750,93367
927849,544,816,72415
931510,960,1440,342528
934131,750,1125,218097
936615,960,1440,224713
938049,600,861,51884
940561,600,900,111905
941060,500,750,72889
943233,500,750,84644
947335,975,1462,393247
947884,500,750,87693
950680,904,1280,235959
950711,500,750,88144
953367,544,762,68935
956547,500,750,132723
957598,695,983,151673
961512,501,753,66424
961613,892,1262,172074
965455,500,750,73050
967967,566,849,79972
969245,500,750,67988
972488,900,1350,353934
972988,662,947,33174
973093,500,750,114589
977786,724,1024,176900
978928,942,1413,182339
979499,500,750,55708
979760,960,1440,356523
980150,600,900,86101
980173,683,1024,239310
980325,810,1200,140189
981319,932,1397,301352
981696,918,1377,151325
983527,758,1011,195327
987772,600,850,162007
988092,500,750,75599
988480,647,971,155944
988777,680,1000,204391
990521,584,876,180897
990577,500,750,167322
991611,741,1112,79144
993259,843,1124,82934
996885,800,1200,196835
999869,600,800,73502
1001547,600,900,47969
1001688,500,750,83553
1002135,529,800,79497
1003233,910,1200,208933
1004691,760,1140,240955
1007931,800,1200,551704
1008368,640,861,88086
1008876,960,1440,329738
1010673,500,750,146204
1011219,500,750,101489
1014503,508,762,74463
1015360,524,750,95574
1018416,666,1000,117523
1020182,500,750,105956
1020410,600,900,129674
1022827,500,750,39485
1026891,678,960,97988
1031283,500,750,99171
1032419,500,750,66187
1033413,540,800,165317
1033494,500,750,133265
1033636,563,834,126385
1033883,500,750,102336
1034673,500,750,74063
1035499,500,750,100917
1035689,720,1080,275707
1035903,743,1100,160297
1036293,615,923,99755
1037459,864,1296,272230
1037664,600,900,99987
1038002,967,1449,78940
1038048,960,1440,321463
1038378,894,1340,139813
1038460,500,750,11503
1038869,872,1162,277032
1039368,500,750,13145
1039425,970,1455,241683
1039792,698,1000,152857
1039795,530,750,139806
1039811,960,1280,174062
1039928,550,827,93860
1042179,852,1300,224513
1042369,667,1000,207594
1044433,500,750,10681
1044719,533,800,45831
1044945,651,960,139200
1046603,725,1024,295398
1047365,600,800,105679
1049070,543,800,117841
1050249,595,897,133596
1050676,500,753,93476
1051483,500,750,113403
1052244,500,750,142815
1052633,500,750,115161
1053734,500,750,50160
1054947,500,750,134161
1055108,500,750,133839
1055206,896,1344,353748
1056502,500,750,109549
1056561,500,750,63763
1056838,500,750,60647
1058717,500,750,95823
1062181,500,750,62561
1063589,600,900,59294
1064775,500,750,86451
1066767,676,1013,195481
1067337,500,750,72296
1068623,900,1285,363394
1068952,500,750,100168
1069510,790,1200,231808
1071529,667,1000,130465
1076318,960,1440,292018
1077350,500,750,56670
1077470,633,948,185193
1078318,600,800,63305
1078907,500,750,141066
1080816,682,1023,57763
1082701,500,750,60433
1082925,500,750,119337
1083699,500,750,93749
1083816,500,750,28744
1084741,525,750,38811
1085067,817,1200,152685
1087293,500,750,84026
1088179,507,750,94379
1094265,650,976,82319
1095036,640,960,154050
1096630,500,750,114339
1097092,500,755,46569
1097251,500,750,126176
1098018,500,750,124398
1098024,500,750,54503
1098072,500,750,21294
1098117,500,750,73268
1098898,500,750,76987
1099085,500,750,72607
1099228,577,762,141178
1100125,540,750,100937
1102526,562,750,74598
1103463,500,750,78698
1104052,500,750,100667
1105060,500,750,68636
1107359,786,1180,142211
1107637,500,750,80847
1110171,943,1335,241662
1110546,500,750,124298
1111687,500,750,102211
1114096,600,800,26447
1115208,500,750,45007
1115980,650,960,117434
1116536,500,750,86038
1120025,500,750,134792
1122242,500,750,85697
1125609,566,755,112006
1125627,833,1250,194861
1126010,764,1146,251237
1127279,501,751,95340
1128168,651,977,113240
1128181,653,979,59391
1129136,500,750,129101
1130097,506,750,147456
1131142,599,887,139280
1134546,835,1182,98392
1134902,541,799,76024
1135963,698,977,111722
1137076,600,900,96660
1138936,501,751,43630
1139098,500,750,76094
1139099,500,750,81640
1141267,500,750,141055
1143801,596,844,115994
1144340,680,1000,170519
1145542,800,1200,180121
1147276,562,750,96430
1147590,680,1000,78099
1149943,960,1440,248410
1150832,500,750,103182
1151326,750,1050,307121
1152470,500,750,52358
1154456,500,750,87612
1154994,667,1000,200496
1154996,715,1073,178963
1155261,542,750,57706
1158326,500,750,119579
1160134,640,853,234121
1161145,527,750,70803
1163256,711,1067,205018
1163775,627,928,237839
1164176,500,750,118980
1166528,500,750,51049
1168089,668,960,102946
1169681,631,905,43811
1170057,500,750,55123
1171230,500,750,85928
1171233,589,833,141435
1173070,576,864,161948
1174093,500,750,94177
1174161,800,1120,212572
1176393,500,750,81069
1176464,500,750,60651
1177512,938,1407,224846
1180572,500,750,100204
1183199,625,938,77404
1185192,800,1200,187626
1186332,605,907,152829
1187097,993,1490,341659
1187100,960,1440,125625
1189157,500,750,92724
1189160,500,750,47741
1190057,500,750,101214
1198355,500,750,132008
1199289,592,887,51784
1199996,500,750,72020
1201757,645,966,111875
1203068,500,750,85152
1209505,986,1479,84568
1210307,747,1074,200082
1211290,671,960,197890
1212366,640,960,81072
1213415,500,750,60347
1213718,600,850,145843
1213946,530,750,80442
1214943,500,750,35782
1215034,600,850,124576
1224289,620,930,92118
1224965,800,1200,227592
1227460,986,1480,371081
1228314,500,750,95704
1230860,500,750,150504
1240889,800,1200,247980
1241989,500,752,65151
1242561,600,849,122047
1242879,688,1031,139078
1243538,948,1400,226071
1244525,601,900,154822
1245191,500,750,194660
1245526,500,750,95305
1245802,973,1450,165555
1247436,500,750,14952
1248339,500,750,83604
1255413,500,750,92488
1260158,500,750,81087
1260835,500,750,143212
1261260,750,1125,116000
1261577,551,827,95465
1263723,982,1472,256364
1264452,978,1467,351719
1267407,500,750,72633
1271685,864,1280,197376
1273310,939,1407,143669
1275531,500,750,123796
1276743,602,852,161369
1278930,900,1200,125882
1279504,720,1079,133867
1279755,500,750,95889
1280745,912,1368,317534
1284041,900,1350,267320
1288241,648,958,107280
1288613,500,750,90740
1291776,600,900,81557
1296949,500,750,96986
1298622,500,750,67170
1299357,600,900,149356
1300565,878,1300,329282
1301472,666,1000,116107
1304314,500,750,159503
1304470,813,1147,301261
1305700,871,1307,224795
1313831,500,750,18002
1313837,500,750,17209
1313842,500,750,16147
1314304,500,750,120532
1314464,972,1296,174657
1314748,864,1296,257945
1314832,842,1238,448835
1316408,500,750,101457
1317104,574,803,55997
1318306,716,1074,125601
1320004,500,750,51415
1320610,525,750,64294
1321946,729,1080,77653
1323618,500,750,132572
1323909,995,1492,240736
1324828,612,871,178840
1325939,695,983,189790
1325980,947,1420,290026
1325982,667,1000,196532
1325986,512,768,118375
1326696,889,1333,226242
1328631,526,789,133246
1328651,500,750,138245
1328735,896,1344,239861
1328945,974,1461,203338
1331538,992,1403,331008
1340360,500,750,67937
1340374,500,750,48228
1341751,864,1295,382233
1346487,501,763,50617
1354791,500,750,154952
1356264,500,750,116426
1361355,501,750,114240
1362947,575,862,94348
1362981,500,750,74768
1365840,600,900,96896
1365983,737,1000,130240
1369992,915,1373,77853
1372687,600,900,133819
1373722,639,959,169352
1374493,648,900,133324
1375770,832,1249,183225
1376435,520,780,95797
1378428,960,1440,231278
1379249,836,1254,290674
1379606,705,1000,223783
1382802,500,750,35551
1382832,960,1440,257848
1383612,908,1362,136675
1384133,775,1103,168169
1392522,500,750,61188
1392690,500,750,84179
1393652,500,750,121440
1396928,500,750,87675
1398053,507,750,66455
1398067,712,1000,245853
1402886,500,750,105217
1404715,500,750,123901
1405033,723,1024,97107
1405737,766,1148,154363
1405738,766,1148,183969
1408843,964,1445,300634
1408861,842,1182,341159
1415752,500,750,45189
1416042,900,1261,137042
1417714,648,960,168798
1417904,931,1397,195804
1422966,972,1458,312324
1423191,900,1350,267836
1423192,632,960,127133
1424947,688,1024,119434
1428968,500,750,134637
1431114,600,848,126339
1432706,834,1251,272311
1432968,500,750,67924
1433354,958,1437,67371
1436994,587,881,35845
1439773,932,1398,208981
1439851,700,970,177105
1441285,720,1079,165836
1442361,953,1429,191470
1443582,939,1248,194989
1444158,500,750,101038
1445953,502,750,54635
1447427,813,1138,163465
1453509,727,1079,96153
1453972,776,1087,68119
1467408,964,1446,203396
1469274,602,900,67978
1470080,940,1250,146977
1470130,900,1350,359403
1478208,571,867,127366
1479197,926,1297,101038
1479836,994,1491,215215
1480147,502,750,36246
1481946,725,1094,118909
1485886,737,965,175942
1486952,832,1248,268939
1492655,908,1207,285856
1494164,500,750,70496
1494294,500,750,21310
1494303,500,750,16561
1494754,960,1440,141659
1496674,600,900,84658
1501220,500,750,31080
1502117,657,880,241440
1513607,500,750,139407
1514338,500,750,167808
1514475,854,1280,264108
1522191,900,1350,600184
1527201,840,1200,287283
1532032,565,831,105105
1532438,699,1000,202266
1532997,502,750,73113
1536432,562,750,78391
1538584,955,1433,267241
1539009,650,973,98406
1545251,972,1458,88719
1548774,789,1184,223646
1548951,500,750,55455
1549004,814,1221,168733
1549556,625,938,126619
1553392,718,1024,235086
1553816,500,750,129363
1559805,576,761,132518
1561415,897,1345,294195
1564504,773,1159,186749
1564505,908,1362,177618
1564594,700,1037,87917
1572064,500,750,141589
1575542,500,750,74406
1577795,500,750,58139
1579168,800,1200,295448
1579880,500,750,83109
1584033,500,750,115391
1585594,552,808,292909
1586823,750,1125,63225
1589348,500,750,82633
1590102,718,1024,161499
1596301,734,1087,154045
1599021,972,1440,260244
1600149,648,960,84858
1601242,600,900,76206
1602267,500,750,124744
1602567,500,750,103189
1604613,600,900,201643
1606790,750,1125,177001
1612522,837,1245,340731
1616344,500,750,15235
1616405,563,750,190700
1616575,550,814,123028
1619417,500,750,163177
1619430,608,813,98116
1619600,500,750,213890
1620503,952,1428,335592
1620724,600,835,208773
1622163,540,800,85009
1623127,998,1497,425345
1623822,832,1232,248158
1624353,566,849,109769
1634982,530,750,157084
1635530,600,900,129047
1636140,768,1126,391704
1636200,853,1280,282084
1638985,520,780,143675
1639848,540,800,191688
1643197,661,992,171450
1646116,500,750,161484
1646124,500,750,191605
1646461,500,750,80831
1648343,600,900,207598
1648434,720,1080,47241
1649128,533,800,148062
1653672,500,750,135642
1654674,800,1200,276826
1655198,527,750,77976
1655693,848,1264,260222
1656101,800,1200,106457
1656845,533,801,93385
1658692,803,1211,321388
1662599,500,750,108903
1664906,582,874,171500
1668381,500,750,31721
1668962,506,750,100273
1673140,500,750,34053
1675147,500,750,155623
1678192,600,900,151880
1678417,686,960,127759
1682410,500,750,109169
1683097,564,783,96963
1686904,900,1200,620986
1688318,853,1280,119162
1689220,600,900,41965
1689569,540,800,160235
1691953,724,1024,127937
1692068,691,1036,188395
1692259,848,1264,237558
1695276,768,1140,320743
1695493,600,900,93206
1698893,523,784,203417
1699309,500,750,111010
1700726,500,750,84274
1705035,600,900,89930
1708239,800,1200,178813
1708253,691,1024,36415
1708376,597,800,106771
1708791,795,1193,151061
1711129,500,750,179402
1713821,891,1188,368156
1713962,800,1200,270718
1716716,810,1080,310643
1717247,847,1184,437103
1718636,600,900,60473
1720656,500,750,115706
1720666,500,750,101647
1722750,500,750,62068
1726190,695,1030,234921
1727234,500,750,93789
1728265,780,1156,289740
1731343,655,988,314746
337445,500,750,128092
944367,500,750,131015
189547,819,1228,139000
148112,667,1000,202241
384627,580,870,260874
322858,500,750,78018
602708,750,1000,229439
335851,973,1459,254101
259729,500,750,85991
402885,500,750,95940
135559,800,1200,429317
260776,500,750,144308
337989,600,885,139536
445894,788,1162,132545
63007,600,901,184416
335185,780,1157,307101
380639,876,1314,299587
50110,958,1437,390064
152908,977,1465,348648
211774,576,864,145024
29599,960,1500,609052
397052,848,1272,197949
230264,704,1046,96706
607994,500,750,65540
49794,500,750,72952
168476,500,750,83661
743149,500,750,25291
30920,780,1200,174269
446585,857,1273,144306
97317,700,1051,110635
215836,750,1063,220230
508338,500,750,57954
73458,500,750,83049
173305,950,1425,119100
316233,500,750,65180
227569,600,895,95534
30748,575,862,146946
318000,500,750,66851
341725,734,1124,195985
344898,900,1350,313301
84988,500,756,71573
89935,781,1159,279998
109074,960,1440,184994
85010,667,1000,146440
211998,500,750,89937
216192,541,750,104931
322493,700,1046,177244
330938,500,750,73570
401432,500,750,65885
85138,861,1292,167613
113130,500,750,88936
256239,500,750,33704
163514,500,750,51544
312396,500,750,100215
86690,500,750,71733
119786,680,1000,98240
183760,600,900,108912
292877,600,900,118282
416203,500,750,144162
425444,600,900,133678
638464,699,1000,260647
85177,811,1218,240499
163554,500,750,176890
220618,600,900,99944
247113,500,750,85632
265472,567,862,210274
388165,700,1051,146041
642069,500,750,64229
202113,780,1171,160230
215243,580,871,138776
295278,500,750,132160
360722,500,750,88782
426067,800,1200,178133
28341,556,834,95683
109320,500,750,73492
204627,541,811,117855
227854,500,750,38978
343476,728,1093,268834
348049,572,800,98752
29761,550,825,88169
131967,500,750,103786
323371,500,750,118241
361846,960,1440,203171
415852,525,750,108310
465056,500,907,82594
481975,602,903,100933
208448,681,960,105505
278305,500,750,82717
311327,662,993,125730
331151,960,1440,238417
212014,800,1200,201297
224350,550,825,91189
378307,792,1162,121385
516778,500,750,102176
27542,500,750,79593
76467,500,750,78095
161367,600,898,107789
210194,600,900,146570
276926,595,907,143190
419171,500,750,53279
640767,500,750,109874
148148,690,1042,109479
276012,550,825,96540
306000,557,855,85386
348172,600,901,150528
531393,500,750,102094
28483,557,835,91310
30030,812,1218,132248
97810,705,1000,203753
275869,500,750,112413
342100,550,824,122945
27684,824,1248,152129
27778,500,750,63848
251365,592,841,84135
376415,500,750,169603
432116,629,944,130716
567232,832,1248,207829
77602,700,1000,100115
277377,687,971,145784
419311,630,960,72159
426701,877,1316,144622
441659,525,800,198590
80733,500,750,96871
144086,500,750,89917
309772,500,750,106277
398871,551,775,85088
500319,502,750,83720
756540,517,776,68705
776949,500,751,101561
108888,640,973,137282
153186,660,990,211880
294805,890,1322,166226
351201,668,1000,223801
567451,600,900,142430
179142,800,1199,146284
199939,500,750,80765
200130,800,1200,111868
211688,500,750,35755
215490,546,819,61604
267441,520,778,87432
296647,960,1442,389777
309079,500,750,89933
392405,500,750,53450
445868,551,824,79419
479188,600,903,98475
505596,500,750,96894
567450,600,902,159438
651514,500,750,66269
707085,700,1000,113693
745179,500,750,16379
28388,747,1120,140262
85969,600,900,150319
229761,600,900,60128
230688,600,900,93750
274218,783,1155,228888
426533,500,750,102609
429001,500,750,68505
433698,500,750,72032
449897,830,1243,202490
525301,529,750,59311
637237,533,796,57213
1018542,800,1133,161648
27487,500,750,86746
27758,500,750,114081
69323,500,750,93757
82995,500,750,89279
96140,500,750,54519
143226,500,750,78242
170259,836,1188,168313
177839,500,750,72342
207733,500,750,77886
218112,673,988,120062
276086,500,750,83560
281668,600,900,100241
283225,680,1000,139014
352082,500,751,59673
422934,765,1066,189134
469206,714,1074,135056
541526,500,750,60801
27714,838,1223,167626
28096,780,1190,141091
38829,800,1067,139643
81431,500,750,85973
135402,570,800,166097
166816,642,972,69267
196670,538,750,89750
249087,500,750,103999
250879,500,750,79217
275637,500,750,57307
310591,500,750,73639
336921,500,750,121452
341841,942,1412,236626
452137,627,919,81460
458624,500,750,62152
666344,500,750,56253
681996,667,1000,192484
55081,724,960,134657
69686,780,1170,127155
85561,512,768,129222
106271,500,750,81488
119158,838,1181,245619
148977,500,750,124253
227795,541,811,93880
282172,900,1197,185730
445675,550,792,123205
507336,560,825,62281
543868,700,1000,92220
634281,531,750,113695
24045,773,1082,156706
39297,542,768,116854
46328,960,1440,238267
107980,755,1106,189659
121937,780,1170,43965
143967,750,1000,179685
168325,960,1440,229002
180911,960,1440,199077
250417,800,1200,287999
256552,500,750,106474
273763,575,815,122541
286890,500,750,84545
297792,960,1440,416359
360041,750,1075,211546
364675,546,776,181359
400712,667,1000,125215
401559,525,800,120126
451635,985,1395,146412
451732,541,805,78310
460008,620,836,131653
501389,550,789,129896
582249,500,750,97845
597692,500,750,96974
625040,709,1000,174707
691068,780,1170,91156
752874,567,850,104338
763818,500,750,89411
1026244,750,1125,102453
27255,960,1440,194397
42285,500,750,99591
55073,600,900,186557
74398,667,1000,132375
77854,500,750,87597
81839,780,1101,223623
115285,500,750,39371
137746,947,1421,88599
173321,519,779,76163
240611,500,750,90236
246485,529,750,74432
373190,780,1170,143924
401716,500,750,89738
436342,500,750,114788
481682,500,750,73293
493462,706,1000,157655
518993,500,750,115051
47335,960,1440,501084
59114,500,750,88567
113621,800,1200,216570
115445,776,1164,207375
116581,575,767,93506
116610,966,1449,283568
132163,577,854,126146
250100,511,750,87936
250869,700,1036,143331
255928,500,750,102653
259847,732,1099,303556
294300,993,1489,274089
346603,510,750,98542
443112,500,750,85941
452386,847,1266,99906
464180,723,1084,264176
501309,500,750,93649
508248,500,750,79667
508773,666,1000,193526
58027,500,750,73158
219267,640,900,155683
301382,509,750,143831
311010,500,750,16892
316408,500,750,94808
339059,500,750,46311
376507,969,1448,126081
445905,656,984,85541
445911,648,983,172342
461514,550,826,43102
479755,648,972,178148
552550,639,913,94571
557854,500,750,110481
616862,500,750,130695
642081,892,1294,332603
869046,500,750,98319
951443,530,750,100715
57503,675,1000,162374
57817,500,750,128540
72014,530,750,131504
78302,565,800,115087
87624,800,1200,232026
107872,674,1000,148475
208160,500,750,66529
250084,708,1000,156841
288137,500,780,99989
298589,500,750,92674
364219,532,750,79031
392768,500,750,46248
496434,706,1000,209425
546342,680,1000,127414
628731,689,1000,329437
637156,500,750,86443
639687,528,816,95297
668804,500,750,51357
709692,500,750,97681
750306,500,750,86760
774131,500,750,100411
776666,565,800,77217
88014,810,1200,292882
103708,600,900,108243
136549,640,960,78059
137062,500,750,80854
137900,724,1000,109782
246548,500,750,58902
255916,500,750,139676
295168,714,1000,93107
302506,700,1050,247932
303177,750,1000,101645
305037,500,750,110104
409537,751,1000,71597
410653,648,960,162145
416482,522,750,121883
469702,500,750,73584
472907,676,1000,90945
495717,651,960,65299
644695,750,1000,153635
207763,946,1419,199002
208259,507,750,60875
221782,514,750,92750
221824,674,960,87297
224772,640,960,123747
227267,974,1470,235161
247111,676,960,82914
268575,853,1280,248032
270880,600,901,163163
281557,500,750,48956
294134,640,960,165211
320444,500,750,107767
324234,896,1278,231600
327021,527,791,98040
331164,500,750,87990
369868,600,900,78614
388732,600,900,110674
392702,500,750,40493
424266,557,757,88551
471600,750,1000,126704
529641,500,750,92919
552474,675,1000,149563
561030,666,1000,215241
584060,661,1000,113409
619754,675,1000,155714
882948,680,1000,90387
256676,500,750,71058
265085,700,1045,142822
277552,778,1167,228421
291374,680,1000,155954
295154,523,771,77717
295155,648,960,151835
295307,500,750,105201
299965,675,1000,113656
304480,500,750,124335
316005,598,903,198728
317156,500,750,116484
352650,500,750,68560
372581,500,750,105191
377325,999,1499,307646
482201,600,900,108999
500985,600,886,85636
507331,634,900,155461
538811,666,1000,170642
551220,648,1000,159830
580334,500,750,20073
649924,500,750,94130
719704,500,750,89737
851539,500,750,134127
993398,500,750,104374
342732,500,750,70380
360928,956,1434,162911
362726,500,750,77280
363987,562,800,179663
374023,500,750,110475
374795,674,1037,231716
387911,960,1440,289996
395926,640,960,77477
441716,500,750,58852
456543,600,884,113396
520026,648,960,88726
560717,678,1000,143338
568766,750,1000,197448
605786,675,1000,143700
699378,666,999,191207
109442,500,750,118922
362304,600,900,74322
385713,675,1000,188470
392432,640,960,74753
396510,707,1000,149353
400628,500,750,152806
402959,648,881,119761
418804,577,859,111046
421665,500,750,147955
423269,500,750,30106
425238,675,1000,94353
428396,600,900,179991
432267,500,750,103301
434703,800,1200,288239
438858,500,750,97739
450372,500,750,125610
459077,600,900,67072
498069,540,800,139014
498661,563,1000,127363
503661,500,750,116920
509899,640,960,76757
532742,675,1000,60666
556889,647,1000,185047
622193,666,1000,100508
691546,666,1000,92322
865390,500,750,121780
882904,680,1000,76510
434591,600,900,149729
444609,960,1440,110107
448263,673,1000,101801
450377,698,1000,152132
454974,591,889,94044
455227,500,750,65713
455350,701,1000,102019
460010,713,1000,186186
463767,675,1000,169369
463780,666,1000,140561
469359,600,897,151840
470568,750,1000,120249
475605,750,1000,142836
476348,525,750,86548
476366,675,1000,212275
480721,648,960,95742
480803,666,1000,167773
484853,706,1000,108530
488613,666,1000,176248
489712,682,1000,121758
498507,647,1000,224198
504839,720,1134,168547
505220,710,1000,157589
515926,675,1000,165605
516028,701,1000,66067
519418,666,1000,93162
524433,500,750,72933
563626,647,1000,123964
565481,520,758,137097
579426,550,814,66557
589178,731,1000,83348
593510,960,1440,285426
639705,667,1000,243954
646401,500,750,42876
697399,720,960,142030
435417,706,1000,61443
439013,504,750,95647
495031,733,1000,185057
513297,500,750,100220
517098,658,1000,114916
534223,624,960,134326
549278,676,1000,41754
550108,827,1240,226717
552481,666,1000,66601
552482,658,1000,164551
564281,639,960,107988
564518,500,750,71947
565979,700,1051,258474
566092,670,1000,252858
592029,504,764,113070
596795,500,750,101670
600339,655,1000,120016
626873,500,750,62177
627533,751,1000,98317
629228,752,998,115620
643743,674,1000,261712
669705,960,1440,66512
913726,500,750,62419
580138,500,750,130832
583505,641,950,215859
594770,500,750,84797
596704,800,1067,191153
597889,960,1440,189989
599776,960,1440,427602
600718,562,750,79600
600734,597,864,142043
603138,500,750,40263
605139,563,750,147502
617523,666,1000,117801
627050,638,863,195534
628637,708,1000,78163
630055,788,1080,132124
636530,533,800,104689
643592,707,1000,213348
649078,666,1000,93205
659501,666,1000,122022
661917,750,1000,94912
662474,716,1000,234586
677063,500,750,70473
720312,500,750,58960
729832,960,1440,446849
730189,600,900,145254
738475,500,750,83473
870383,760,1080,273877
956351,500,750,61666
434772,683,1023,84590
558450,675,1000,98906
607244,640,960,187718
630377,666,1000,119664
637272,510,765,104807
640462,683,1024,142171
645452,500,750,71023
645746,706,1000,192114
651680,700,1050,124379
651692,718,1000,164920
669342,747,1000,250661
675256,718,1000,185735
686112,500,750,107355
687979,800,1200,107429
689478,500,750,119376
704646,500,750,78636
713582,652,960,219815
718892,651,960,112092
721952,667,1000,121885
724963,500,750,109129
728305,700,1000,118215
729938,658,1000,82051
733866,716,1000,124248
736611,600,840,90909
737881,712,1000,140528
749039,678,1000,91483
750620,667,1000,196889
759397,720,1080,180239
759409,666,1000,132120
760312,500,750,50471
762645,988,1500,341310
763053,640,960,164156
763345,500,750,76408
764813,500,750,69989
769629,500,750,115347
769657,500,750,89395
771555,500,750,56072
798091,569,800,101117
877106,832,1248,390755
441750,800,1200,273991
638091,952,1428,200033
737885,912,1280,306129
769397,805,1208,81240
781326,800,1140,156458
782072,850,1275,238329
784858,720,960,30144
818972,500,750,86323
819926,500,750,84958
830794,800,1173,245733
835742,500,750,166492
835746,500,750,86123
856015,517,776,77871
856680,512,768,131196
858159,980,1470,221610
878958,666,1000,107885
881138,500,750,168141
914228,768,1024,125247
916489,500,750,150545
953482,800,1200,228269
873096,876,1306,181934
882754,792,1203,154709
888212,800,1200,275164
922504,900,1285,318653
924323,800,1127,159427
954509,750,1069,178861
969728,960,1440,123919
977994,500,750,75441
1003821,500,753,121024
943701,720,960,130554
1079235,500,750,140698
1081706,500,750,66483
1085053,994,1491,451351
1114562,500,750,50907
1121903,500,750,171269
1124152,500,750,124609
1124914,500,750,92098
1130784,509,750,73181
1136100,610,920,149414
1157693,666,1000,178495
1175992,500,750,53447
1179165,960,1440,348039
1188278,598,845,99579
1189510,972,1440,341974
1205084,500,750,46200
1210253,500,750,169684
1222912,764,1119,146107
1238437,500,750,61753
1243910,657,873,103040
1248876,938,1250,87351
1256988,500,750,94598
1261261,640,960,108103
1309669,529,792,51390
1369991,666,1000,109016
1433015,570,853,108185
981777,943,1415,184275
1128299,666,1000,177015
1129068,666,999,263603
1147240,500,750,101385
1234008,500,750,109799
1236868,995,1500,295368
1264954,500,750,83395
1265659,500,750,76079
1268163,717,1024,236534
1277151,888,1332,175156
1278234,600,900,167312
1281210,600,900,116264
1293735,500,750,56725
1295892,500,750,110323
1297487,500,750,69020
1313364,550,814,68970
1328395,540,800,40806
1335754,500,750,132405
1340761,500,750,122911
1352992,600,882,192788
1361605,500,750,98112
1371858,500,750,81737
1374550,500,750,96758
1415064,690,1034,127934
1418873,600,900,112780
1426356,720,1080,139061
1450053,500,750,58063
1463700,714,1000,161990
1604674,600,861,88021
1631027,928,1392,197156
602567,952,1268,175646
1126897,900,1350,129369
1137423,500,750,128826
1202188,500,750,89115
1242432,500,750,66657
1309707,500,750,74137
1323797,500,750,81524
1365165,984,1476,401744
1396916,500,750,116526
1406253,714,1050,234283
1436210,998,1497,212553
1443124,560,840,113718
1484625,720,1080,239786
1504291,800,1200,92334
1528009,900,1350,160293
1561101,500,750,11814
1566231,984,1314,270485
1568348,720,1080,156962
1577007,500,751,34422
1578356,500,750,79125
1688662,960,1440,215827
145862,913,1370,370018
334454,580,874,176168
3488,680,1000,111378
337805,993,1489,360229
271813,655,1000,138628
89654,897,1346,222658
30893,744,1116,150127
398193,500,750,81205
123404,636,954,230022
173095,829,1244,172626
85023,500,750,80129
263124,600,899,175166
380052,500,750,42444
139543,905,1360,497137
156094,780,1170,149779
147890,500,750,65114
648114,781,1159,81664
193474,666,1000,162222
250788,500,750,130138
356877,927,1390,394896
85185,960,1440,261121
136593,960,1440,332963
224007,501,750,80800
318611,500,750,80868
366841,500,750,102365
80668,600,900,119770
124105,500,750,78164
108066,503,754,85989
122245,742,1090,374597
227571,960,1440,136035
85146,500,750,80908
89933,500,750,84028
145850,667,1000,105827
192982,968,1452,175286
224647,600,900,100628
343872,500,750,118000
84235,667,1000,273191
233934,960,1440,209229
315039,666,1000,162091
363462,500,750,97166
84612,780,1170,185779
88352,500,750,125151
88380,640,960,186257
203963,600,900,161368
312082,500,750,158947
322658,500,750,103865
401987,500,750,59798
156191,680,1000,82204
225438,807,1232,406922
364183,667,1000,167836
264184,960,1440,168180
108130,800,1200,139659
134503,500,750,107471
244638,500,750,21559
29769,550,825,104402
83618,600,900,96448
214056,720,1034,164610
479777,664,997,170635
144739,500,750,68682
168883,680,1016,61178
204772,600,900,112360
223281,634,857,85637
251371,500,750,107731
419169,800,1200,95907
27680,667,1000,102606
136006,960,1440,225763
264642,787,1182,276063
283431,500,750,67682
568099,659,989,87596
28087,753,999,150826
85973,501,750,87864
343493,960,1440,191787
605911,866,1488,293183
444679,535,796,93622
58998,500,750,76408
59274,664,960,103012
121399,500,750,99239
208657,700,1050,282422
271533,960,1440,111507
281186,560,750,102927
27739,707,1000,151654
211680,571,750,91009
282338,854,1280,123249
68515,700,1050,125510
92992,500,750,87187
246917,600,900,93575
44500,506,750,95344
133143,500,750,96299
135414,838,1187,183808
227835,500,750,107130
246162,500,750,86105
353227,750,1125,242472
445680,630,1200,116521
3206,780,1156,106567
13568,960,1440,312119
27028,500,750,71778
28316,800,1200,175197
30441,678,966,192151
32852,500,750,98465
41824,706,1000,128304
223139,500,750,83516
268101,780,1167,111529
268777,500,750,84840
276208,909,1364,152122
27951,500,750,98031
28317,706,1000,140008
58795,500,750,112176
68661,508,762,75436
72033,500,750,65174
96974,960,1440,364114
116630,728,1091,162556
127049,780,1170,238239
130366,600,889,200840
246448,780,1119,142054
260824,600,900,106355
342391,932,1318,339168
360691,648,972,55136
379653,750,1124,231087
449931,500,750,71906
22027,500,750,111824
36860,720,1080,109804
55173,500,750,50354
108836,949,1424,330044
113146,500,750,76687
115226,500,750,114716
127742,500,753,97814
136328,600,840,98654
139858,600,900,90789
173356,500,750,73901
260958,950,1425,153754
330994,500,750,98945
445683,800,1187,112185
479732,960,1440,268367
488813,560,840,48115
523093,500,750,113206
569886,706,1000,227613
7180,756,1134,167444
28767,500,750,72657
29218,960,1440,381777
29774,500,750,93133
29848,951,1426,343488
37687,527,750,61250
54595,575,814,114895
55079,500,750,90721
80290,567,815,126775
87269,710,1065,209228
159368,500,750,92097
272484,706,1000,170053
276292,500,750,160094
297173,719,1024,144300
380575,500,750,82172
381777,510,750,89000
424465,885,1328,314888
432844,736,1070,176515
498475,500,750,42290
526917,500,750,45956
639486,588,818,153148
28584,517,776,119044
50427,666,1000,74934
58668,500,750,97188
79119,666,999,177754
82653,669,1000,99162
90765,960,1440,370208
103984,561,834,143866
104405,600,848,63883
170199,720,1080,319774
279256,607,900,128148
480304,600,900,170020
490353,535,750,89554
553078,724,1000,167143
108774,900,1350,289266
127209,680,1000,160965
200802,640,860,134291
433274,500,752,91107
729882,600,900,73909
70948,800,1200,221276
90047,500,750,122509
90170,500,750,100900
113681,730,1024,219091
135321,500,750,110343
200719,845,1200,260323
252574,660,990,112438
294131,800,1200,197386
294371,676,1000,135974
330000,500,750,74778
331020,650,976,203912
351187,667,1000,152586
445756,853,1280,116588
554671,695,1000,219859
689389,647,1000,64901
142711,800,1200,95124
193122,500,750,59154
210556,660,1000,276841
255921,500,750,68283
270630,667,1000,157293
270837,600,900,177307
297461,500,750,75905
301122,647,999,133432
348539,889,1333,126095
378632,500,750,92135
406453,960,1440,342700
441454,695,943,95820
620953,700,1000,199225
188667,500,750,73478
210567,705,1058,165158
223093,700,1050,215939
224509,500,750,154676
242245,500,750,113666
289698,640,960,141406
327025,500,750,91410
365441,691,1000,175968
406084,760,1138,115683
458575,600,849,111925
259828,638,900,121868
277599,600,900,182980
278682,500,750,40948
279153,916,1373,223027
287784,502,750,96746
292110,500,750,92038
294274,666,1000,131937
300902,520,780,88087
301606,960,1440,358204
304104,702,1000,192284
307023,700,1050,193644
312859,500,750,130037
322246,768,1152,143711
331802,700,1000,127945
332940,988,1500,292056
481386,533,802,108779
596405,682,1023,97622
986608,720,1080,174131
243697,700,1000,173427
332464,704,1000,198793
334753,600,902,96402
336295,500,750,77133
336824,550,818,95643
343509,675,1000,208699
346925,828,1242,245598
359056,680,1000,142104
362573,667,1000,108229
365712,500,750,148009
370131,684,1000,190053
374839,859,1288,262319
399118,960,1440,231548
403410,500,750,134174
413758,708,1062,198759
432434,707,1000,155065
452997,533,800,44356
459291,614,960,121747
498575,547,810,108625
521850,611,960,90648
379649,700,1050,186231
409361,707,1000,151330
415661,500,750,95297
419662,724,1086,246213
421405,768,1152,182458
424878,669,960,142960
426193,800,1117,263957
432277,600,901,99475
463945,593,870,72591
469319,500,750,60784
485394,960,1440,240494
651448,675,1000,193756
671324,500,750,138240
730890,667,1000,158577
441741,706,1000,134507
461319,658,1000,140026
469520,674,999,162686
470615,500,750,70674
479646,500,750,88475
479796,647,1000,191397
480121,846,1200,192349
483252,666,999,98700
484299,707,1000,192896
484354,500,750,126019
489610,800,1200,118570
495015,500,750,65315
498656,960,1440,354265
498744,500,750,168377
498752,500,750,104733
505498,500,750,73617
508866,579,800,84108
509564,500,750,83263
518853,500,750,77917
519054,511,768,73789
524286,750,1000,172870
554220,500,750,88621
567853,750,1000,243552
574742,500,751,134127
581252,666,1000,212759
598635,666,1000,79606
608797,513,750,90456
704849,666,1000,80757
480270,707,1000,155858
505054,695,1043,260299
517811,640,960,80171
533212,666,999,121357
536404,506,769,29208
543581,713,1000,103352
546473,750,1000,235066
549722,800,1200,256026
553705,539,808,130549
559928,546,800,140457
567429,700,1050,248652
573004,540,751,75003
575141,714,1000,143886
593689,570,768,43792
610014,500,750,54307
669735,500,750,132616
578835,661,960,118212
596314,671,1000,130165
621248,681,1000,150727
626292,500,750,141535
628959,645,968,147245
637398,696,1000,247799
644688,666,1000,122989
646930,604,908,80909
655587,500,750,105089
746746,640,960,201060
748474,800,1200,1132060
511782,600,900,92434
513304,500,750,64393
582300,666,1000,147612
645431,800,1200,131043
678588,667,1000,139500
692478,658,1000,95770
711471,680,1000,139553
718161,500,750,116522
726455,714,1000,158269
728795,526,800,107170
728907,500,751,61847
731233,500,750,114516
731732,500,750,141872
749256,500,750,40794
750732,667,1000,113087
756545,500,750,114982
758640,683,960,109512
759420,500,750,98980
765012,667,1000,133241
767276,500,750,86807
775483,500,750,72198
778780,577,870,64954
784800,500,750,72639
616404,967,1433,350843
780204,508,752,110046
781032,620,930,99316
781338,665,950,135406
783233,950,1425,195863
785174,922,1370,128084
793942,768,1152,191298
805688,720,1080,133552
811847,631,959,103796
818108,500,750,67248
837707,720,1094,122245
862009,500,750,94233
875268,750,1125,150273
877436,500,750,50719
879062,900,1369,134919
953377,900,1200,362059
812340,583,873,100127
969701,800,1200,344942
999386,720,1080,126111
731477,667,1000,153053
972740,667,1000,157502
980993,500,750,130519
982322,886,1329,255575
1022244,750,1068,191869
1053908,527,791,82593
1083119,500,750,112278
1105121,796,1195,194450
1108673,822,1236,60366
1115744,500,750,98519
1142322,666,1000,76356
1144917,500,750,29899
1151317,607,900,118356
1162834,500,750,114366
1189354,600,800,139456
1192906,696,1044,105741
1201834,960,1440,308132
1212329,550,814,100317
1217109,500,750,117148
1221596,600,900,65751
1226393,900,1250,220764
1237394,500,750,145756
952813,500,750,55074
1042049,500,750,158245
1084237,900,1350,209275
1172892,500,750,123294
1208138,500,750,112444
1216411,500,750,139650
1275550,720,1080,232125
1278500,500,750,59536
1278808,590,875,121253
1308310,500,750,63654
1313507,500,750,39246
1316482,500,750,67909
1319665,865,1280,184494
1337650,960,1440,452734
1373409,750,1125,183121
1395697,672,960,115230
1396266,960,1440,281458
1578608,500,750,108950
1144978,695,1030,222251
1301336,500,750,68381
1311596,853,1280,128989
1423721,609,913,98226
1426628,800,1200,271323
1443135,578,867,64432
1455243,594,890,107550
1488269,720,1080,122179
1495115,500,750,95025
1498045,864,1200,167836
1511793,683,1024,139364
1573594,800,1200,163941
1579212,900,1200,197598
1589530,500,750,108506
1678170,900,1350,208668
249478,500,750,87377
248063,500,758,140557
94070,960,1440,481941
202784,917,1375,258025
253520,960,1440,256190
80633,800,1200,215531
132346,572,858,115728
435121,500,750,54715
94545,936,1404,246637
104424,500,756,55058
3345,580,909,146169
67320,900,1350,220693
110404,500,750,62830
126684,600,803,139556
131582,500,750,50155
39884,780,1170,170221
98128,780,1155,134831
190062,500,750,80058
46970,960,1440,471954
92724,742,1113,93423
347501,600,900,44414
3202,960,1440,187738
213207,960,1440,289951
256227,960,1440,347574
141127,730,1098,134416
144868,666,999,193231
82452,500,750,119176
215722,680,1000,156863
192987,595,934,85456
92380,960,1440,222489
226018,781,1159,193125
163545,780,1170,92313
29607,500,750,98879
90059,500,750,73408
29814,888,1332,185778
91600,500,750,109258
105258,888,1347,146312
213967,600,900,160990
58983,500,750,124577
85167,795,1192,373209
106836,780,1170,188324
204115,670,1023,197565
216142,500,750,159738
219606,500,750,79415
244033,600,900,124359
27652,978,1466,296599
215772,802,1122,183521
265465,600,900,120376
119558,700,1050,157614
139993,500,750,101062
227662,593,908,133680
306748,621,937,193871
215280,500,750,90771
29902,935,1411,206397
176018,875,1313,294650
225715,857,1286,467250
153490,700,1050,141902
293417,500,750,98599
396396,660,991,127752
58986,500,750,93348
73316,528,750,79862
217311,600,900,75569
447955,700,1049,110437
297059,666,1000,187813
299077,780,1080,90368
318582,765,1088,172531
29712,500,751,90500
124408,500,750,106779
386081,528,750,83793
30455,500,750,80771
104422,960,1440,288862
117372,780,1140,74953
24104,720,997,132012
27879,500,750,132822
104425,703,1000,247996
214680,960,1440,197562
277439,500,750,77745
297077,500,750,110015
398868,802,1212,195980
445773,500,750,97806
28232,680,1000,162211
213809,525,788,124361
340033,636,954,132381
349165,780,1184,152717
354135,600,885,122570
20706,630,1200,119680
69010,667,1000,158451
200782,960,1440,418175
213765,500,750,98759
254544,674,1000,152596
402167,500,750,65706
24907,600,900,163596
27840,563,750,97921
30664,960,1440,292083
203013,992,1483,287065
310451,500,750,97947
535926,500,750,68975
59220,600,900,146056
65583,960,1440,246747
72305,500,750,81004
201926,960,1440,335251
205903,758,1056,156581
239414,600,900,104706
330224,750,1125,168809
27810,500,750,66074
28518,960,1440,219003
39167,500,750,102441
50852,500,750,89860
73143,500,750,117715
147151,500,750,149222
225065,500,750,63266
275678,800,1200,238826
369517,500,750,110067
398747,500,750,87275
637944,500,750,79182
52742,500,750,104792
70069,592,841,100551
81489,600,900,124525
104184,533,750,93845
154390,960,1440,176111
221972,535,802,141794
311085,500,750,70388
28347,500,750,97574
55083,960,1440,310917
83590,667,1000,130156
113602,500,750,113231
213278,750,1125,93912
275209,714,1000,265428
294147,500,750,100635
309062,500,750,120458
353382,828,1242,174079
390213,700,1050,168897
413336,667,1000,201678
581107,500,750,94869
27553,645,988,146587
35198,904,1356,187291
57293,780,1121,152412
70822,522,783,80635
92322,500,778,115700
95480,960,1440,200330
147278,500,750,111623
186324,960,1440,237031
235733,800,1200,212823
238957,500,750,36950
253103,960,1440,374796
253410,500,750,76672
293625,537,750,47437
348494,960,1440,301161
373350,850,1275,174562
51586,838,1181,293906
65861,500,750,122555
66670,500,750,54407
93715,960,1440,301990
115447,562,750,73087
179255,506,750,107936
547392,600,852,78677
73197,675,1000,113293
80390,600,900,82907
115448,500,750,49908
147232,500,750,61194
100082,800,1200,254957
140941,940,1422,201019
141899,500,750,89594
154239,640,960,90103
245107,760,1088,155943
281358,500,750,121146
287526,640,853,140170
515995,677,1015,111392
197858,600,900,105037
262087,500,750,155724
267909,507,750,89537
286223,960,1440,158058
308421,500,750,147657
322433,500,750,82384
327370,666,1000,137346
536548,500,750,112453
262621,640,960,140309
292315,500,750,100825
297632,500,750,57717
298968,670,1004,107233
332296,500,750,109460
333780,720,1099,97686
386030,500,750,110106
442292,512,760,116525
543901,500,750,132972
290391,710,1000,135958
340452,647,1000,174459
347167,640,960,124548
369427,640,942,158021
378218,960,1440,450353
416470,500,750,105277
371798,980,1470,460923
383150,550,782,88706
396692,622,932,130269
404388,641,950,139397
415222,960,1440,306608
418150,960,1440,207754
419174,900,1350,331325
438055,500,750,74664
442005,708,1000,146976
446207,500,750,77646
472015,752,1000,127620
472855,666,1000,73491
481390,600,900,89704
493731,504,844,94240
510441,701,1000,194225
547055,660,990,170566
560782,600,900,175473
587040,700,1000,109081
597920,500,750,115066
327369,960,1440,362176
423415,667,1000,218889
432896,678,1000,171859
445218,500,750,93103
447956,666,1000,133233
460952,500,750,66419
461618,701,1000,231689
464772,675,1000,79758
464869,500,750,41889
468303,500,750,125777
479459,667,1000,221615
480715,500,750,80385
488888,600,900,66043
495466,701,1000,99490
565053,519,760,95276
580414,500,750,64177
593941,960,1440,205095
658020,640,960,136137
691932,647,1000,72046
837544,749,1124,74805
426373,599,898,206732
477920,500,750,141371
518778,718,998,210440
529294,500,750,54826
536141,500,750,35201
550845,706,1000,95761
551096,666,1000,168037
553077,750,1000,230059
562618,952,1428,137309
576381,660,960,186252
609183,500,750,128350
508150,500,750,94631
571858,749,1000,112885
573687,600,820,165153
574839,750,1000,170929
586327,666,1000,232352
606446,640,960,74210
646558,678,1000,138020
649117,500,750,87774
652340,500,750,53424
652694,666,1000,135297
654798,718,999,206806
656980,960,1440,205239
658568,500,750,103410
659223,749,1000,170080
706677,666,1000,112195
503025,675,1000,248026
658829,600,900,128898
688131,800,1190,58156
713828,525,787,116928
738170,500,750,90334
752307,900,1332,217654
759378,500,750,108012
759908,926,1226,197837
821501,569,853,25553
846284,500,750,123736
865439,660,990,122306
917514,500,750,78501
926092,566,849,144754
848391,960,1440,189624
1022103,620,930,91397
515162,800,1200,276491
945382,719,1024,191018
1059593,500,750,132076
1071779,500,750,66632
1106717,500,750,54867
1112617,900,1285,196618
1163418,500,750,158532
1182445,500,750,95342
1194713,500,750,75564
926813,500,750,115436
1031114,666,920,95073
1124918,500,750,180905
1154330,500,750,77419
1205384,500,750,167866
1239456,794,1194,216321
1318106,533,800,38687
1322560,500,750,78920
1337652,719,960,42478
1398903,500,750,32819
1403263,886,1329,263790
634878,515,774,84428
962354,500,750,80405
1294484,902,1285,248403
1409423,683,1024,75512
1552378,576,800,100181
94735,500,750,182298
253148,600,900,121073
261264,780,1170,156514
87603,800,1200,230246
100657,960,1440,306675
28300,960,1440,253811
63022,500,750,121128
87120,942,1413,347734
89400,940,1410,206842
65059,629,939,125956
28269,500,750,80726
84418,622,933,164622
92776,500,750,117068
156542,784,1176,155690
160410,960,1440,140030
161324,500,750,48376
108890,600,900,184717
138012,500,750,79253
231188,500,772,92468
94548,520,780,147727
40449,960,1440,314943
100662,500,750,75707
186903,700,1050,135166
276746,500,750,46336
422340,500,750,84950
82431,960,1440,152336
109238,553,830,96583
251407,500,750,69491
105746,666,1000,128776
334098,500,750,61218
30523,500,750,77009
84276,516,930,148892
126754,960,1440,144036
136468,667,1000,161597
138900,813,1213,258733
194645,734,1056,187979
251384,763,1137,164128
315529,500,750,63807
3412,600,901,173846
27413,500,750,87757
29771,630,1200,175231
291693,668,1000,140224
295294,680,1020,79714
30727,780,1170,81621
354669,500,750,89681
58989,624,936,69410
326662,500,751,77965
270557,640,960,242680
107423,500,750,101501
267570,600,900,142900
417800,776,1164,112598
89143,720,1080,212194
172798,600,900,72655
29763,600,900,103550
130018,960,1440,160040
145998,634,900,158553
4231,500,750,68513
43081,780,1244,152336
85865,539,780,74050
93755,551,808,84809
113821,500,750,62947
138345,680,1000,136937
4238,715,1073,140947
74019,500,750,92960
76560,531,750,95771
103974,700,1050,209765
10031,960,1440,238642
27474,732,1098,162983
65955,500,750,81124
164423,500,750,68256
176223,960,1440,224129
100329,500,750,49992
112460,800,1200,61724
163589,500,750,33261
178439,800,1122,277643
29504,500,750,100252
76856,500,750,157201
96455,715,1070,104055
141642,534,750,83700
155554,500,750,92143
479726,675,1012,110429
21163,960,1440,134405
40012,960,1440,339981
48447,516,750,107756
67227,935,1400,238668
102762,838,1177,354212
116218,960,1440,180237
342933,800,1116,292979
344526,640,907,182665
15057,500,750,45731
59549,600,899,124906
120325,600,900,182957
159393,960,1440,316945
209582,575,767,86426
24995,705,1000,142264
46398,500,750,67423
55813,853,1280,186177
74618,517,775,169078
191086,557,835,73498
578686,560,791,83491
64717,960,1440,263150
76620,960,1440,302602
136268,780,1170,215762
158129,500,751,46802
29431,960,1440,474297
58643,680,1000,146210
65327,565,750,94434
72595,630,945,251583
88118,996,1493,256390
251124,900,1329,216823
297631,580,850,118385
480937,564,751,61101
44213,800,1200,227128
78042,500,750,122154
120881,960,1440,276365
123814,701,1000,166467
166752,500,750,133036
240896,800,1200,158255
251183,960,1440,252341
418945,683,1024,154489
481352,692,1000,143924
49960,960,1440,354884
108872,630,1200,141129
140821,500,750,81168
140965,774,1099,155155
181160,500,750,87017
201642,500,750,119251
274081,500,750,61431
327445,706,999,139344
401479,780,1185,91327
509471,648,960,180919
200745,848,1272,193276
225866,500,750,93844
234993,600,800,110994
255512,700,1050,155626
287500,976,1515,587458
299599,666,1000,117972
353487,600,900,102442
393355,960,1440,377165
594545,500,750,67695
79062,960,1440,322030
280434,500,750,65993
290725,640,960,160254
299154,806,1178,116208
319595,560,836,87227
323485,500,750,65074
378310,640,960,59847
469603,600,900,73396
509009,960,1440,252974
514791,600,900,120285
171282,667,1000,129151
326536,500,750,66591
340018,500,750,111677
343416,800,1200,211799
343803,500,750,106217
374896,500,750,56799
379334,860,1290,75137
424182,960,1440,222724
480750,641,1000,142077
113323,672,1008,189307
398470,960,1440,353993
405790,837,1256,219978
408243,500,750,111926
416192,960,1440,276888
425628,832,1248,81885
447288,685,960,167912
452021,701,1000,113863
470593,750,1000,236871
489454,750,998,138247
420477,658,1000,57855
433854,710,1065,170430
434279,500,750,134820
451748,683,1024,187388
474675,909,1363,334774
476484,701,1000,136517
477342,600,847,103081
483087,500,750,58117
484701,660,1000,56141
485623,698,1000,137494
488242,658,1000,78973
491043,675,1000,215177
499714,647,1000,212896
499951,640,960,169945
309885,716,1000,151965
427060,960,1440,49249
429730,800,1200,185270
493678,666,1000,83189
513947,586,879,83711
523353,674,1000,191843
524213,838,1280,154000
527364,500,750,93418
532090,888,1332,128732
533137,667,1000,83479
533210,667,1000,127615
534169,780,1170,78623
542191,502,750,78696
548533,675,1000,75209
553076,658,935,139129
564009,708,1000,141016
565620,800,1200,65375
556268,500,750,148100
578631,500,750,56920
586166,960,1440,336954
589102,680,1017,182320
594689,600,900,144078
599781,800,1215,74081
608168,500,750,95641
621584,500,751,58008
634775,703,1000,133055
641706,501,750,80550
643114,696,1044,86950
648819,710,1000,176976
652778,720,1080,96668
656214,630,1200,90463
791906,500,750,45199
517984,738,1051,132339
660663,666,1000,126124
682836,500,750,36562
705058,500,750,95230
715133,600,900,94814
722358,500,750,81292
758298,500,750,47181
512579,500,750,125317
832233,960,1440,292666
848740,667,1000,143376
865419,680,1020,127933
690286,604,900,55108
1079725,500,750,91788
1080980,856,1285,102185
1087155,670,1005,104387
1101819,700,1050,170090
1156141,720,1080,192579
1182283,988,1482,134317
1188598,500,750,84435
1189015,750,1111,135035
1194955,600,900,81165
1308433,667,1000,189854
1210378,960,1440,121930
1281755,679,1019,93696
1330445,540,800,134321
900322,800,1180,127707
1143995,522,750,94280
1253036,800,1201,126239
1323806,500,750,131350
1413879,579,785,68930
1460173,500,750,70850
1491621,560,840,73191
1557132,650,869,137104
1568135,832,1248,299906
1570622,663,994,253293
1578088,800,1200,123965
1586941,900,1350,110055
186458,841,1261,256256
113751,600,900,114345
3490,960,1440,302495
149777,500,750,108549
179391,960,1440,464765
228880,960,1440,208626
29469,960,1440,440074
394330,714,1071,140826
29238,699,1049,189210
211603,960,1440,277462
121620,780,1170,162784
77319,960,1440,198560
315531,509,763,126048
86276,600,900,93680
157707,500,750,77467
81483,500,750,94039
49351,631,946,105985
90355,500,750,89886
239728,960,1440,195122
85669,600,930,156465
99192,500,750,86236
181282,986,1478,185787
97974,500,750,122206
85206,960,1440,202910
84998,500,750,98967
460730,500,750,85311
29947,960,1440,266230
85155,780,1170,165004
88381,626,947,168798
30317,500,750,65540
85153,960,1440,190581
85166,600,900,117291
109473,500,750,64218
134572,500,750,57116
194209,750,1125,290921
27741,500,750,104004
138469,500,750,108172
162046,500,750,103829
191806,500,750,144629
290456,892,1338,81974
296878,960,1440,113044
136641,930,1417,288579
27878,733,1099,179186
108704,500,750,104246
174045,500,750,72307
28083,700,1050,163675
28513,838,1240,200607
208182,500,750,96229
2992,500,750,77584
147310,674,973,171559
223296,550,824,80633
108885,960,1440,345465
3349,600,901,72554
27844,537,750,124524
196139,500,750,68672
50471,667,1000,100765
72073,505,800,54338
82363,500,750,88550
315929,500,750,100485
27669,500,750,77489
28625,614,935,122036
76409,600,900,70391
85873,800,1200,155382
246727,960,1440,287102
48147,960,1440,272986
69935,576,864,110672
27800,770,1154,151335
239628,619,929,100382
298228,600,899,96863
4284,500,750,71529
10095,600,900,169613
82986,700,1050,124258
123858,500,750,82843
201171,600,900,161590
209611,960,1440,162471
267913,500,750,90587
360651,500,750,114516
18213,990,1479,398089
28080,744,1115,97592
40462,785,1125,214592
79027,960,1440,327835
95099,600,900,151869
116611,500,750,77857
400967,600,900,134233
16445,819,1227,216697
17154,500,750,75377
58802,600,900,162114
85489,795,1192,75460
97850,720,1018,138941
193286,600,900,99686
303005,672,1024,110941
26772,519,778,97731
27783,960,1440,187324
29573,500,750,104843
32003,500,750,69940
48808,700,995,107840
52348,500,750,96473
212599,600,900,151254
27643,600,900,82561
34168,540,810,131079
39700,500,750,159082
40877,960,1440,91320
44759,500,750,63480
54750,666,999,101802
66815,694,1000,179074
74024,800,1200,198955
125331,960,1440,237122
143222,520,780,139721
180631,960,1440,352645
225979,740,995,158332
36604,744,1116,170933
58206,500,752,87682
63409,675,900,215198
71027,668,1000,222827
71102,960,1440,393408
96271,500,750,108045
127284,797,1181,109017
291608,701,960,100307
77551,500,750,48618
86410,500,750,99903
301866,781,1122,230149
329841,624,936,97552
114688,960,1440,206437
114730,688,1010,71080
135354,500,750,88569
140839,979,1468,340189
186602,846,1200,256567
218868,960,1440,219409
246218,500,750,65370
254010,611,859,171471
279504,988,1500,360252
287715,500,750,107683
338713,667,1000,140126
427472,710,1000,235531
291336,720,1080,233752
298009,569,800,126127
302584,665,931,242969
306285,600,800,159330
343474,587,881,78635
423268,960,1440,462038
321275,700,1050,122067
346093,695,1000,261746
347423,960,1440,236955
365752,727,1000,253844
379058,700,1000,169958
391863,500,750,128018
395319,500,750,56385
402438,960,1440,199802
410712,675,1000,109027
488468,500,750,103075
490863,709,1000,221618
283256,600,900,234402
336010,600,900,143846
419327,666,1000,168355
423038,960,1440,427600
428696,500,750,118432
463675,800,1200,90964
441665,960,1440,156945
449961,508,778,42334
455152,700,1050,105615
463496,675,1000,81653
466677,664,996,207715
474513,666,1000,69865
484980,708,960,176674
520235,738,1118,131044
567920,800,1200,153857
568287,987,1490,328465
569889,507,750,73554
708561,750,1125,135120
582652,675,1000,109290
606960,960,1440,180762
709798,666,1000,168140
578847,900,1285,105020
591126,675,1000,122901
955714,823,1152,94001
1103402,533,800,53836
1117388,500,750,53847
862029,527,776,110508
1305540,961,1441,186498
1328402,500,750,96003
1038938,500,754,73588
1377413,500,750,121972
1489665,520,780,139311
199034,700,1050,148584
113241,700,1050,142091
140680,960,1440,171292
30638,709,1064,137334
109102,920,1380,277958
53036,541,800,68092
99537,500,750,56257
87719,700,1050,187389
32322,500,750,78283
84374,780,1170,170044
213251,960,1440,210223
190068,500,750,44087
59737,806,1142,131026
48803,500,750,127060
98081,920,1360,289771
78169,811,1217,245309
88823,500,750,73070
106015,564,846,56434
135424,602,902,135447
390540,842,1264,252362
199347,800,1200,212754
181764,960,1440,207717
28600,500,750,75587
84635,566,849,167662
126022,666,1000,110865
450087,629,943,92509
107781,960,1440,217196
68874,750,1125,238264
29891,960,1440,226906
29930,759,1073,194813
28646,500,750,91471
54800,960,1440,161042
201178,500,750,63287
46009,600,900,143008
92720,774,1161,214126
115258,757,1127,142271
28446,500,750,61542
41560,960,1440,275273
77047,811,1216,131479
200803,960,1440,350013
28103,752,1127,234093
30318,600,900,121657
54965,960,1440,300019
233191,918,1377,87697
81840,500,750,103965
121587,575,862,76922
27473,500,750,102610
55170,500,750,74074
110329,960,1440,549627
69121,500,750,96395
73554,531,750,111890
94862,960,1440,283357
103966,600,900,116255
114176,500,750,69097
39805,845,1200,173391
40009,500,750,81041
51541,960,1440,226383
187591,600,900,143378
223004,780,1170,167302
261084,500,750,103523
278102,849,1276,323602
29706,963,1444,191751
35324,600,900,159188
53811,960,1440,400408
76214,960,1440,186550
104108,720,1080,190979
269947,500,750,128612
91166,960,1440,327607
116583,564,800,55991
12216,500,750,115174
34640,665,1000,235241
49362,666,1000,148910
50038,500,750,119218
50606,500,750,103898
63705,960,1440,265874
108839,838,1175,262087
89281,996,1494,521637
143083,960,1440,286090
100009,564,800,171413
146365,700,1050,113287
208172,701,996,112841
224997,500,750,93590
262267,960,1440,283045
472908,675,1000,219803
240260,500,750,30759
323465,500,750,134014
279965,708,1000,161629
296855,690,1035,137338
449519,667,1000,214409
481361,664,936,180873
493537,500,750,78321
309047,500,750,129309
335696,774,1110,127225
342486,640,960,65645
353093,667,1000,128345
367941,758,1024,139704
385327,960,1440,379342
498253,518,800,77951
393154,960,1440,262732
408252,680,1020,146370
433651,960,1440,337321
453412,500,750,164947
454865,704,1000,129821
455635,960,1440,239895
460146,550,782,113193
464752,709,1000,69492
467228,647,1000,87737
474819,540,802,127092
509412,768,1152,184654
503436,521,772,67305
505826,719,1000,244913
532657,600,900,73334
532875,667,1000,279376
544656,960,1440,228984
561516,500,750,112138
592660,766,1150,277061
598983,500,750,39474
535096,800,1199,183020
592495,960,1440,360235
629819,500,750,88542
729740,500,750,67689
532870,900,1350,239585
572443,800,1200,152153
624482,665,1000,176535
673378,500,750,75192
735253,707,1000,105865
710309,800,1200,128131
894844,945,1332,212483
529193,640,960,105350
1032121,960,1440,299224
1098077,889,1333,140352
1139623,900,1350,252410
1161115,533,800,86901
1186749,500,750,81516
816949,500,750,74255
873967,800,1200,228898
1206989,500,750,86150
1245776,800,1200,181760
1271604,739,1111,174248
1325573,714,1071,270730
1386598,880,1320,197438
1444783,768,1024,175541
156385,960,1440,233755
74550,500,750,102669
257275,500,750,120134
117028,960,1440,267128
91733,829,1244,289430
133907,600,909,204874
116389,532,800,172929
89762,849,1273,312692
53442,618,927,201848
261597,842,1263,288431
121143,500,750,70357
81464,700,1050,200499
104953,612,918,67916
124135,648,972,221333
54124,500,750,70537
127441,500,750,80587
22385,960,1440,466032
157276,781,1159,308145
214198,627,960,225912
169534,500,750,67694
85152,899,1349,154126
30928,888,1332,272251
132843,700,1050,96897
27648,924,1386,129841
59011,700,1050,315184
281168,660,990,118522
119353,600,900,190852
132369,917,1349,122267
110163,600,901,77306
56428,683,1024,111757
85024,500,750,110435
27766,960,1440,245802
28530,724,1086,172580
97780,960,1440,212219
138097,780,1103,108054
29925,554,818,85312
213499,500,750,49668
13556,500,750,50211
27468,600,902,170055
53007,500,750,140166
27483,500,750,79652
28418,500,750,69583
76195,838,1257,133776
85011,600,900,133697
99062,960,1440,290708
26631,780,1167,117544
39252,600,900,121849
65857,500,750,60054
77885,780,1104,188128
96781,960,1440,314624
172155,800,1200,186226
27826,800,1200,185744
28687,960,1440,378616
30396,906,1359,140103
34784,960,1440,212163
54586,936,1404,164391
36531,838,1200,191414
36556,600,904,176220
54208,502,753,63098
90936,500,750,84225
138355,600,850,163485
37771,650,975,91903
39509,500,750,64571
137634,500,750,44998
198292,500,750,54018
39572,734,1000,179552
65660,766,1082,157957
84738,500,750,57062
114847,500,750,182362
175138,800,1200,221318
82707,894,1342,251187
118622,832,1248,228875
336598,800,1200,251353
118856,934,1400,308690
145103,650,1000,146441
256080,550,814,106742
271492,600,900,154362
308467,500,750,126230
312275,648,960,196951
389832,667,1000,147993
448976,780,1171,220810
293540,648,997,161348
295413,500,751,138807
298835,706,1000,196205
303702,667,1000,150676
392253,921,1382,159416
394115,680,1000,177890
407344,683,1024,180045
373477,500,750,98763
310707,600,900,224616
340865,675,1000,86300
389856,672,960,145265
399062,960,1440,512325
409281,500,750,112428
481702,569,802,126270
449882,638,926,137408
462171,675,1000,95958
464329,945,1349,283080
479965,877,1315,296516
483075,718,955,162853
487848,500,751,75334
507211,750,1000,127922
638855,680,999,184473
517939,725,1024,170259
532153,734,1101,223792
553080,667,1000,208979
611534,666,1000,54792
588236,666,1000,57016
706862,750,1000,49361
720065,600,900,168526
588440,666,1000,150332
589877,960,1440,209213
671474,720,1080,190794
862280,900,1350,92986
1137538,500,750,86298
1138037,900,1350,295702
1159204,960,1440,83726
1183972,800,1200,248696
1158709,969,1453,408703
1224327,960,1440,442231
1312787,526,779,106102
1399580,999,1500,132545
1438030,500,750,143788
262972,720,1086,196097
126594,640,956,137376
80532,500,750,116700
43613,600,900,106879
259197,594,891,112495
116216,700,1050,237154
119207,500,750,157623
186351,500,750,61353
150014,600,900,131827
95008,500,750,74716
139198,898,1347,120032
29964,960,1440,164805
109742,500,750,153766
167554,500,750,97433
27630,533,800,60608
240490,800,1200,185901
40366,780,1145,131888
132361,853,1280,371486
88405,667,1000,134355
120225,500,750,118014
30773,500,750,58227
150794,889,1334,170653
399004,824,1237,304453
137663,615,922,65709
27892,833,1250,232477
144696,750,1000,129333
133535,960,1440,244745
22583,500,750,64812
3350,550,828,132638
180886,960,1440,373003
27529,528,753,82688
43084,500,750,102287
29230,838,1181,210315
273190,530,750,101591
69117,500,750,97702
71076,500,750,79333
116603,960,1440,266102
28142,500,750,123581
84913,762,1126,232387
10088,756,1134,173005
27174,627,929,117466
54585,815,1200,124695
23327,800,1200,260155
27285,960,1440,398078
28958,701,1000,217820
46171,576,864,118711
76621,500,750,101405
105989,667,1000,184763
15282,500,750,73465
27442,666,1000,104298
52631,960,1440,317479
24877,780,1170,191649
50638,960,1440,310602
91409,939,1408,224611
119175,500,750,74787
175944,512,750,49706
5489,800,1200,218585
34685,675,1000,178245
39050,695,1000,204926
50604,527,750,89297
51590,780,1175,137081
257861,559,800,91039
140781,706,1000,211736
168633,960,1440,268325
183347,904,1356,194341
207345,960,1440,239972
322682,656,984,72746
165078,570,800,130572
273805,695,1031,176252
212494,960,1440,213326
214328,843,1280,130387
222299,500,750,100648
230263,780,1170,115441
259668,960,1440,491547
281348,750,1125,203449
294083,960,1440,248151
416947,500,750,77097
310933,756,1134,238883
324787,500,750,94139
332278,500,750,66005
337342,666,1000,94464
356089,500,750,103964
473962,500,750,109433
373194,871,1287,174523
418327,960,1440,199059
422514,720,1080,195904
424649,665,998,151986
445245,667,1000,235214
518228,699,1000,152008
527014,680,1020,138650
532640,960,1440,224762
610010,500,750,39618
618620,500,750,96146
626576,700,985,199396
700544,666,999,96663
483219,700,989,113201
706727,664,996,154401
856639,970,1448,256641
978158,750,1125,258275
1084750,720,960,64766
1180763,986,1479,314950
1236418,500,750,85884
29499,960,1440,389305
156420,960,1440,320630
126451,800,1200,235506
72313,960,1440,314923
125686,960,1440,433664
87464,780,1128,161967
376258,562,750,100405
89397,506,750,93967
90338,640,960,157472
143777,733,1100,125571
28867,825,1238,161432
110175,960,1440,149728
27611,600,900,113274
83821,960,1440,304062
103607,500,750,106202
29597,520,780,88498
85176,960,1440,344106
338730,960,1440,217866
30753,960,1440,200982
201252,720,1080,206964
58965,933,1400,459077
84901,960,1440,560559
104772,845,1267,215111
107343,960,1440,145408
122408,903,1366,279656
47286,640,960,202610
86685,808,1213,168461
35951,960,1440,345417
64929,960,1440,210397
44493,500,750,73321
65143,526,750,79938
61238,500,750,84170
24716,838,1176,294251
52086,576,864,86572
64771,500,750,108305
71690,960,1440,362503
98906,500,750,149491
200953,500,750,91863
257206,535,750,72287
21343,500,750,70318
41547,720,1080,103139
56306,500,750,52444
25086,550,815,100122
61233,700,1000,155818
61706,991,1466,295187
42942,500,750,106304
58250,882,1323,327399
80837,563,750,91303
89369,634,951,106053
84585,513,750,66348
100274,960,1440,353929
192483,500,750,78043
207356,960,1440,295406
220854,630,1200,90252
120772,960,1440,364046
122544,700,1050,123729
134885,620,930,133730
135973,960,1440,316781
149234,773,1142,152148
192415,960,1440,306386
278771,500,750,98155
229375,667,1000,72407
314915,500,750,64039
390249,724,1000,270193
281932,700,1050,105865
350616,667,1000,132299
371804,673,1010,137013
417180,750,1000,369069
447315,675,1000,148285
507498,720,1080,125237
509594,714,1000,158412
537542,666,1000,128097
548162,960,1440,294107
433989,500,751,55567
635737,500,750,87761
709519,800,1200,53849
743032,719,1024,137966
760871,988,1481,230831
802610,625,938,145106
857570,838,1257,129887
1214795,960,1440,141684
1359482,667,1000,111346
1081088,719,1079,206109
1367763,972,1440,206340
1443832,683,1024,110283
28362,960,1440,283229
85226,960,1440,221177
122211,578,866,100522
86901,960,1440,374008
263554,960,1440,296718
92809,589,884,184470
34089,960,1440,165083
111015,720,1080,163463
29118,800,1200,227051
86278,960,1440,158062
28146,909,1364,392789
227603,600,900,97533
97559,600,895,62882
29423,684,1026,281352
83283,517,765,93146
26943,500,750,75773
91172,598,800,159334
108877,828,1242,114844
109086,960,1440,294018
322505,500,750,102904
116641,720,1080,165124
131358,746,1119,223837
134136,960,1440,290211
27713,986,1500,135365
29958,960,1440,345366
21536,960,1440,289467
13566,960,1440,380893
26439,960,1440,339893
207729,960,1440,361016
17469,960,1440,261433
27555,500,750,132149
28161,667,1000,93681
29798,500,750,104633
89632,500,750,93258
356677,600,900,141463
60965,500,750,97063
197497,630,945,70434
25870,800,1200,336505
56560,520,770,75791
39322,500,750,95505
58623,500,750,104449
77594,500,750,96366
116319,683,1024,112261
84565,960,1440,277618
216203,560,829,82388
179070,500,750,37716
187291,600,900,145542
211914,666,1000,176761
356482,960,1440,320392
403214,600,900,122665
252190,500,750,152226
261273,500,751,98250
290224,500,750,96620
343907,500,750,167797
392051,500,750,95147
350751,500,750,79573
366232,700,1050,97302
408699,960,1440,425950
404086,500,750,124123
411805,500,750,170693
488115,700,1050,197377
522703,702,1000,194472
554766,800,1200,230881
566879,800,1200,277223
606966,667,1000,83034
651696,716,1000,163148
660838,500,750,60071
1232062,500,750,124166
1305928,500,750,9924
1323979,965,1449,348566
44586,960,1440,293691
105101,500,750,60013
29210,960,1440,739306
107121,500,750,121264
92320,552,826,103735
29399,960,1440,129900
49222,960,1440,339075
43753,960,1440,273604
113337,596,894,89512
73354,500,750,57930
48312,600,900,164393
83155,675,1012,71070
28338,608,912,71470
85150,615,922,133212
86269,900,1350,262460
200639,800,1200,311375
85162,908,1362,270042
182499,600,904,82213
91605,948,1422,162516
92706,960,1440,357469
95514,534,800,110977
72244,966,1451,346312
10702,500,750,74263
34959,500,750,41930
28725,960,1440,241426
54963,600,900,152419
68270,900,1350,217723
28727,500,750,89539
36594,555,755,81112
43587,600,900,76861
27389,780,1170,214794
35730,667,1000,181273
113917,750,1125,232925
381961,500,750,63416
85133,725,1080,285629
118988,960,1440,167699
231384,506,766,101444
136801,800,1200,275722
224301,501,758,68203
207271,666,1000,167494
207782,960,1440,198591
225898,713,1000,187870
229526,500,750,109961
291533,960,1440,513158
260536,596,885,104173
279817,620,930,27811
298156,640,960,135389
316951,867,1300,317778
325827,960,1440,264044
345913,500,750,87325
349110,960,1440,430488
370690,666,1000,123022
406582,500,750,110333
457402,500,750,91202
365038,666,1000,103011
450968,604,900,163375
477113,660,990,105967
500203,674,999,175983
422047,666,999,91014
532656,500,750,43584
572426,800,1200,205774
633907,687,1000,128242
1135245,500,750,132664
1143790,500,750,109211
84713,661,992,206203
94068,500,750,152876
98116,960,1440,317995
71990,601,901,193657
98216,960,1440,269488
50959,960,1440,409855
95404,600,900,123521
77399,500,750,90733
191740,781,1159,130767
78252,600,900,40942
185495,781,1159,173295
58644,780,1170,201934
85204,960,1440,150850
119595,960,1440,218124
81466,720,1080,95036
45031,960,1440,309009
85169,820,1230,237649
86689,500,750,66045
208759,500,750,66954
108933,930,1414,294627
50808,500,751,105713
28766,533,800,88206
29883,500,750,70457
29922,762,1143,241160
27471,600,900,68356
189353,500,750,72956
28516,960,1440,231646
173761,960,1440,243753
53463,960,1440,253104
57236,500,750,61350
110523,500,750,62231
28741,996,1494,156686
37970,960,1440,400357
19281,500,750,106405
56997,960,1440,416071
58765,678,1000,258849
213711,500,750,83681
129798,500,750,161784
85646,960,1440,181757
231783,800,1200,156905
207260,900,1273,225291
224328,600,900,140333
227172,702,1053,246987
332488,706,1000,134085
341957,648,972,202688
306307,960,1440,331460
405899,500,750,131405
458736,500,750,91826
446360,960,1440,377236
484415,666,1000,199724
621495,666,1000,114212
659716,666,999,141662
762832,857,1280,148464
801583,500,750,127918
1257801,960,1440,128067
1374294,805,1207,206049
1458180,960,1440,255160
27500,976,1464,247335
111306,960,1440,307742
29324,960,1440,299986
41024,960,1440,319112
37579,600,900,108710
142305,500,750,77271
86271,700,1050,122265
83311,700,1050,89519
56429,960,1440,318688
3165,960,1440,567021
69169,960,1440,57803
21158,960,1440,233184
84986,680,1020,95156
85001,839,1259,199675
30919,960,1440,206743
135482,960,1440,204916
169150,500,750,90723
44184,500,750,62826
39908,960,1440,232733
52326,500,750,92826
63382,666,999,177868
35950,960,1440,194549
28188,960,1440,399208
10121,500,750,155339
58782,720,1080,102946
75020,750,1125,183143
12175,838,1208,294755
66616,800,1200,303008
37792,852,1278,271071
40599,960,1440,325998
64788,794,1191,269055
24091,960,1440,326198
36942,597,896,146001
46467,696,1000,121153
67679,800,1200,215775
125040,500,750,140137
133196,565,848,97952
248736,960,1440,218078
74006,500,750,95361
168901,600,900,97122
289536,500,750,42511
121175,960,1440,398158
143146,960,1440,336851
168145,960,1440,192810
272101,619,930,172381
334894,884,1326,269923
362373,662,1024,53264
366969,600,900,113511
329025,960,1440,482989
434576,699,1000,204345
451067,675,1000,170789
454546,707,1000,143188
492535,960,1440,380594
574283,960,1440,344935
509624,675,1000,245834
559740,720,1080,152197
585649,500,750,114025
942161,680,1000,165512
1207637,960,1280,236477
1300891,900,1350,311447
1424817,828,1240,226031
156344,960,1440,244223
156365,960,1440,438836
18100,960,1440,340311
84711,960,1440,304056
117019,944,1416,172653
117026,588,882,181678
63027,960,1440,351351
100770,666,1000,171141
42869,960,1440,310034
119212,500,750,125844
92319,960,1440,170522
93890,694,1000,154836
85681,866,1299,207409
84423,960,1440,452297
5751,960,1440,195450
108563,718,1077,225783
37977,830,1245,123706
102463,500,750,103010
41704,800,1200,193342
41920,800,1200,388355
73973,500,750,122854
27272,600,900,100158
51046,960,1440,134639
74101,721,1082,111650
291545,809,1209,132007
172002,500,750,101962
49348,500,750,98681
27386,603,850,123955
35731,946,1419,220842
19296,700,985,185977
39370,500,772,76484
66895,960,1440,401409
70583,500,750,97002
171045,960,1440,438801
257976,800,1200,332756
279975,960,1440,418129
279994,960,1440,360372
347755,960,1440,551349
391813,500,750,120390
396011,500,750,71727
410270,666,999,151752
424060,960,1440,460306
461771,748,1122,156172
475603,708,1000,200329
515320,659,1000,135393
596767,910,1365,235629
655426,960,1440,207877
837271,719,1024,177578
860135,960,1440,253185
1180879,960,1440,276583
1337886,960,1440,245891
1151586,960,1440,189095
184885,960,1440,254772
91283,744,1116,197812
122027,600,900,123706
45674,960,1440,354221
43045,666,1000,173016
78411,960,1440,443587
3149,951,1427,225060
77889,632,948,245974
90315,960,1440,324271
63959,600,900,84847
85682,960,1440,271807
53806,712,1069,192116
86149,811,1219,204870
39932,667,1000,122459
38246,854,1293,187957
112969,620,921,97773
133339,597,896,50275
68665,500,750,42024
19604,960,1440,286861
74807,500,750,92184
28113,600,859,140928
43545,740,1110,217818
54582,500,750,73631
188884,960,1440,126824
68509,500,750,82280
61789,500,750,73735
27671,960,1440,307974
28791,960,1440,443243
32343,500,750,87723
42939,960,1440,155618
47436,756,1067,222371
544023,500,750,99387
31991,740,1110,130921
32857,904,1280,435470
33988,640,960,109278
55939,516,775,34166
56537,500,750,98398
61613,960,1440,270750
193580,500,750,194608
251733,666,1000,168349
263905,960,1440,306487
279525,858,1200,305373
327368,500,750,71481
345692,500,750,99908
381507,500,750,140614
385309,500,750,88717
417451,960,1440,215162
453203,860,1228,87533
480948,960,1440,436625
483006,648,960,87937
484586,740,1110,104117
535280,666,999,129481
542574,750,1000,159289
634550,640,960,75405
596332,682,1024,143699
646542,960,1440,262095
753973,750,1000,99178
901321,800,1200,184003
1147322,500,750,85961
1369988,900,1285,216942
1260794,960,1440,319286
95348,696,1000,218207
74604,948,1422,208941
52940,960,1440,184450
86979,960,1440,173531
104644,960,1440,154066
69869,500,750,122006
82126,960,1440,320063
155341,500,750,80529
158087,500,750,91960
143547,800,1200,99229
27009,500,750,66554
3069,960,1440,338313
15398,600,900,79435
41367,500,750,103203
45593,780,1170,119096
39171,627,937,153648
48675,838,1179,200230
161326,960,1440,327136
25543,960,1440,398018
39453,520,770,92342
70636,500,750,99311
84924,500,750,80341
134756,690,1000,209242
268993,500,750,61595
254126,500,750,94391
262165,500,750,94882
327911,960,1440,339997
376502,500,750,66266
382437,510,755,121340
390326,678,1000,65878
490819,600,888,53688
504255,960,1440,428049
542476,701,1000,108473
1042623,700,1050,109126
1126637,683,1024,101948
1206083,960,1440,175929
138017,960,1440,290634
29368,500,750,100130
38468,960,1440,322997
117429,905,1356,194660
3210,547,821,85620
113905,600,900,129633
44690,600,900,61525
85199,667,1000,126143
87110,900,1350,273865
26678,960,1440,262873
15902,768,1152,226657
38610,780,1170,115746
188032,666,1000,106832
34004,960,1440,321867
44259,960,1440,354997
59936,720,1000,163949
18634,667,937,214921
39912,600,900,108263
49359,960,1440,475678
71783,500,750,107607
24683,526,750,107749
24996,960,1440,376431
30902,960,1440,227400
44682,803,1276,330745
28936,960,1440,341001
55662,960,1440,366740
65871,500,750,122676
71868,960,1440,399773
48809,565,800,67746
319396,573,800,96645
354534,500,750,71866
357054,800,1185,84975
442824,800,1200,226950
706857,503,755,74230
543582,750,1000,80858
735580,960,1440,315390
981316,500,750,60847
1132497,666,999,169883
73179,791,1187,255652
41033,500,750,108883
28590,652,1000,173263
112687,500,750,71149
40139,960,1440,275088
28734,960,1440,231011
30796,500,750,139106
60413,580,862,68697
418835,500,750,121557
69853,500,750,136312
60504,960,1440,323913
20216,960,1440,295657
40015,640,872,60206
14417,960,1440,343960
56860,780,1170,305747
16027,800,1200,214396
18496,800,1200,219645
16922,500,750,170786
26482,600,900,151262
46202,800,1200,283188
163189,996,1494,237975
126962,500,750,73789
208703,500,750,132829
259246,960,1440,136501
293894,780,1170,221278
330530,960,1440,399583
344434,810,1200,213251
347064,500,750,125334
382725,972,1440,285235
597722,500,750,66268
605851,615,1000,46969
746157,500,750,58916
801970,500,750,74190
1075350,500,750,120541
1115710,500,750,61104
1279596,500,750,104850
138956,590,885,120058
26921,700,1050,196860
43312,820,1230,222932
38120,943,1415,318422
85611,600,900,164754
42477,600,900,123560
78075,788,1182,139975
73116,630,945,108368
81475,960,1440,211471
98106,841,1262,290926
92766,960,1440,279233
40115,960,1440,335318
148991,780,1170,239882
65252,500,750,71663
19816,500,750,116120
22619,704,1000,93864
12682,960,1440,374224
22072,960,1440,265390
52023,960,1440,278764
62962,934,1401,272030
11926,500,750,71426
14814,540,810,42543
56109,500,750,62000
32860,680,1000,143959
55684,960,1440,371595
82655,500,750,71470
240507,958,1410,411238
292988,960,1440,442893
264480,666,999,172575
376560,960,1440,331969
1045563,500,750,110199
1377505,590,875,114446
156329,502,754,86728
119168,960,1440,425205
23125,500,750,76631
29070,601,902,180828
49800,500,750,81878
69058,826,1239,222032
88065,960,1440,183620
91561,800,1200,238142
71912,914,1371,208251
116194,702,1001,167592
83409,600,901,148764
59095,500,750,60928
27674,750,1128,161230
30767,960,1440,237365
23515,500,750,82442
16925,500,750,93175
65214,780,1170,282652
73085,960,1440,161562
83473,960,1440,320769
280923,708,1000,266031
316246,780,1170,142439
337073,960,1440,198812
347855,500,750,66006
355264,960,1440,260311
413100,500,750,99237
398096,780,1170,163520
416530,667,1000,81842
395948,900,1350,308503
531208,702,997,174823
43249,960,1440,223288
83519,900,1350,273349
85236,960,1440,218786
85202,960,1440,207801
41967,894,1315,201866
33767,853,1280,183281
43749,744,1116,164776
55102,500,750,54411
66121,700,1050,85138
28640,800,1200,183244
27613,940,1410,233112
25170,592,888,153014
28585,780,1170,158598
45273,967,1451,455263
232888,600,900,114774
75862,800,1200,250957
84558,702,1000,162028
92635,800,1200,155051
131673,675,1000,183486
268940,500,750,75504
355499,500,750,84070
424284,906,1359,274424
680295,960,1440,287694
1563506,960,1440,179595
40091,960,1440,269153
45607,500,780,109947
35914,511,758,79337
35919,901,1351,357945
85496,960,1440,283584
29596,960,1440,201668
33018,960,1440,106792
83866,600,900,118874
33990,780,1170,127839
9940,780,1170,226077
32707,960,1440,83534
18969,960,1440,128061
39914,852,1278,100986
16280,698,999,224436
172372,960,1440,190587
201024,960,1440,442482
224950,780,1170,121218
233208,600,900,104298
100541,960,1440,424814
432364,960,1440,403362
450829,500,750,48191
532636,960,1440,220313
417611,650,975,175461
1223050,680,1000,134381
23389,505,757,95866
22741,836,1254,149092
22856,960,1440,282608
48421,900,1350,359809
48136,960,1440,166581
28160,660,990,145315
5734,500,750,95810
59051,500,750,80166
103971,500,750,69489
37005,960,1440,302415
4290,704,1056,159065
22177,682,1024,164834
61716,665,1000,189787
68523,500,750,122054
78308,601,855,175558
179159,500,750,115406
293828,960,1440,412817
408149,560,840,155940
431392,935,1403,394674
434520,960,1440,233158
517831,960,1440,353137
572430,812,1128,157103
668343,600,848,130771
775265,960,1440,452653
1176128,864,1296,252282
32862,500,750,81201
23281,561,842,144758
38823,960,1440,461313
147941,960,1440,454500
42717,960,1440,198843
29491,750,1125,81245
70810,780,1170,259053
30049,960,1440,272849
75564,960,1440,303103
60158,500,750,90638
27336,934,1401,202768
27345,960,1440,548333
29797,500,750,86157
27231,960,1440,247919
32540,960,1440,217022
195389,988,1482,152804
202083,680,1000,235791
209780,960,1440,238941
229154,500,750,91453
280127,706,1059,216206
422010,500,750,99272
479746,500,750,69305
449753,698,1000,139138
728791,500,750,62577
27502,960,1440,305888
27501,960,1440,123832
79181,960,1440,269690
116445,700,1050,159321
59734,800,1200,236629
70123,700,1050,240887
29556,500,750,77112
68028,680,1000,141916
35721,500,750,118070
42289,788,1080,121845
14143,720,1080,177118
22745,960,1440,391891
68610,609,915,241266
111901,500,750,119612
86215,960,1440,207770
88379,600,900,128105
91319,960,1440,386435
100024,500,750,39611
160128,500,750,77090
201426,960,1440,75885
207770,648,960,169343
293901,708,1000,104153
324986,780,1170,197148
23293,500,750,98964
40343,960,1440,188066
86332,937,1325,290350
51831,500,750,64785
27619,960,1440,283464
22060,960,1440,316030
35733,946,1420,151685
14209,500,750,85923
34195,960,1440,152251
25693,780,1170,149044
49847,542,768,91496
81972,900,1350,295913
101501,555,839,54401
114635,960,1440,192232
224778,600,900,163198
391596,640,960,109781
585604,675,1000,60922
672761,831,1200,284100
1148787,540,800,119598
30342,960,1440,133092
30345,940,1410,353883
29416,864,1296,419234
86193,750,1125,102936
29957,960,1440,348369
97975,960,1440,249365
15901,768,1152,187834
31129,515,770,103413
18096,960,1440,341150
25713,960,1440,312157
27284,500,750,103668
13826,800,1200,257806
74008,960,1440,429409
58792,960,1440,380730
185755,665,986,106856
224944,666,999,147596
291347,800,1200,167528
308017,600,900,64902
433002,960,1440,362188
436285,960,1440,327771
41023,960,1440,208683
52745,576,864,80888
37464,500,750,69035
45729,960,1440,423807
55006,800,1200,225874
150211,603,905,182095
277687,600,889,135999
336271,680,1000,181678
440397,666,1000,231576
733491,666,1000,73852
1221415,800,1200,159063
109109,981,1471,324956
27642,980,1470,308163
93939,642,963,138951
42452,500,750,64848
47894,960,1440,236616
70553,667,1000,116313
4289,956,1434,250622
40458,960,1440,297532
27612,960,1440,448391
79721,527,750,109319
87835,500,750,137103
218266,960,1440,380498
253205,720,1080,180792
334026,800,1200,254454
340185,701,1000,128347
552485,500,750,47996
675253,860,1290,94222
96951,500,750,57091
84720,960,1440,244723
23622,960,1440,393245
27116,960,1440,232166
40236,942,1412,207160
24874,960,1440,284232
24963,667,1000,131256
403130,960,1440,127898
422471,708,1000,141067
511474,983,1368,131168
1115604,980,1470,163303
1244657,888,1332,308887
38269,960,1440,362882
58997,827,1242,358156
29403,960,1440,184636
39262,960,1440,83340
31382,635,975,174438
46359,960,1440,125087
85189,998,1497,287776
90926,960,1440,300462
31276,720,1080,155251
29098,933,1400,237894
27895,800,1200,147037
9987,960,1440,183069
10114,773,1159,192569
176990,723,1024,175782
646541,666,1000,72766
59158,960,1440,281699
29609,600,900,129134
52204,500,750,110640
48291,878,1317,265689
65379,900,1350,259158
14983,960,1440,355329
36671,800,1200,220652
252151,500,750,39325
266882,500,750,75837
296244,708,1000,178492
402516,700,1000,293945
444689,800,1200,50533
472717,666,1000,154493
27144,760,1140,255845
30644,693,1039,219336
117120,960,1440,277991
121498,666,1000,161696
279967,646,999,49992
279977,960,1440,390031
630288,690,960,140101
766076,960,1440,298526
1125186,683,1024,188454
38273,923,1385,204377
109122,837,1255,239261
29103,960,1440,180516
30833,960,1440,284616
71853,800,1200,46454
287793,500,750,50969
298609,960,1440,235406
326247,960,1440,393751
326446,533,800,84573
326834,960,1440,278009
418930,800,1200,100622
1085113,800,1182,166464
110980,600,900,113249
27625,856,1284,293361
54801,832,1248,275851
35250,680,1000,187158
53953,960,1440,227547
34231,960,1440,258731
122326,600,900,117694
286971,780,1170,116466
444109,960,1440,239023
1250846,836,1254,246922
31134,960,1440,274749
46158,500,750,69755
85191,500,750,37171
28229,960,1440,294230
17319,500,750,114531
35710,712,1000,234129
45052,960,1440,472829
66470,504,750,118617
996503,800,1210,244242
1006769,500,750,90588
29600,975,1462,330899
10558,790,1186,170719
41656,714,1000,139510
147879,960,1440,312126
328763,960,1440,222466
674025,896,1280,292555
31275,500,750,86307
56092,960,1440,299054
76929,800,1200,162597
86252,800,1200,126357
29721,680,1000,106855
22731,960,1440,465005
77444,960,1440,66134
161782,720,1080,227831
28365,960,1440,176898
31383,960,1440,276265
3051,800,1200,183215
34574,700,1050,93465
76403,640,960,62310
24648,960,1440,203151
25119,960,1440,420282
39959,734,1101,135752
405551,666,1000,130520
517166,600,900,94675
37441,960,1440,380968
77669,960,1440,260420
53335,800,1200,226867
18443,800,1200,175082
1026222,960,1440,241827
44585,861,1292,273125
29060,540,810,116387
28746,800,1200,182814
24927,960,1440,382016
18556,960,1440,243949
18557,500,750,52805
74915,960,1440,246643
216374,960,1440,205198
256742,960,1440,190268
522655,674,1000,183401
33546,667,1000,120307
40041,580,879,111955
13546,800,1200,122943
19085,896,1345,220657
58664,960,1440,247334
30449,960,1440,397220
287692,500,750,75990
527642,960,1440,277772
662821,667,1000,52447
786584,800,1200,308536
39311,600,900,111303
40129,667,1000,131699
13903,780,1170,125301
31687,600,900,142182
47194,780,1170,187411
1019961,800,1200,102842
87911,721,1081,193866
28359,960,1440,361690
28681,674,1000,204651
21927,960,1440,230880
45778,940,1410,199129
138943,960,1440,194887
42186,832,1248,197421
40350,960,1440,199424
30478,900,1350,233341
29951,960,1440,126571
321039,720,1080,190658
345287,960,1440,309154
436496,800,1200,198867
482325,800,1200,283485
41020,729,1094,63687
31472,783,1174,184232
127626,746,1119,175044
183412,500,750,148220
368256,960,1440,468132
1104771,960,1440,179725
45803,960,1440,248918
31287,500,750,137723
40448,832,1248,178255
20357,900,1350,58080
10055,500,750,47291
14440,800,1200,144334
77068,750,1125,164049
95667,960,1440,338429
494058,594,892,66674
23014,960,1440,383869
24499,800,1200,183446
48669,780,1169,212112
85207,960,1440,328341
480603,600,900,108524
1161663,933,1400,219620
1265517,900,1350,175676
4457,960,1440,289591
23174,780,1170,111060
62105,510,755,51764
403820,960,1440,249122
1287850,605,907,126663
45017,960,1440,170265
128841,960,1440,126498
298026,960,1440,255247
698320,936,1386,189796
77546,960,1440,215141
36421,960,1440,90286
41235,780,1170,61536
248561,500,750,75257
526052,700,1050,130796
65262,800,1200,112090
516027,666,1000,80397
517929,800,1200,107792
27918,500,750,83094
28156,960,1440,208538
25028,500,750,62225
7454,849,1200,86314
483987,960,1440,86437
1109406,832,1259,170265
54121,500,750,98269
28522,666,945,133006
14838,960,1440,184439
20919,960,1440,323630
37196,646,969,69322
337085,960,1440,334294
343097,607,850,174601
29424,904,1356,106055
15011,500,750,110001
32904,960,1440,165390
459667,960,1440,270127
521509,960,1440,266192
84152,960,1440,283870
116946,500,750,56935
24505,960,1440,332000
270221,960,1440,307168
404961,800,1200,141846
36089,768,1152,178111
14833,780,1170,210507
119478,960,1440,314012
41374,563,844,120176
197919,692,1039,169253
40804,658,987,115968
24837,780,1093,229619
29347,800,1200,202648
27313,960,1440,389247
105531,960,1440,303038
286372,500,750,84902
29852,960,1440,182866
40231,960,1440,183006
33519,786,1179,164838
25035,960,1440,401769
26588,960,1440,203305
363689,800,1200,206289
628866,946,1420,212931
37813,667,1000,232964
77677,630,945,141732
274899,960,1440,337798
279661,960,1440,233728
315024,800,1200,138285
979806,500,750,81972
44340,946,1419,121361
521531,855,1283,283138
590575,750,1125,103896
45714,830,1245,251180
44950,590,885,47334
352372,960,1440,80406
623034,960,1440,339163
64883,600,900,57859
13569,960,1440,124227
92393,960,1440,240138
52263,780,1170,113704
79550,960,1440,344402
505060,913,1352,136433
10011,889,1334,234266
16179,800,1200,112130
74518,780,1170,110748
787747,800,1200,192549
39862,960,1440,173185
586577,960,1440,167043
30202,832,1248,184514
62697,780,1170,98233
58903,960,1440,200417
12653,830,1245,194286
14795,719,1080,117623
268725,960,1440,364864
1052158,500,750,97939
18851,960,1440,218175
29290,800,1200,339831
18045,962,1444,182398
27258,800,1200,157467
87178,600,900,105185
26958,500,750,123449
29559,707,1000,147792
15422,960,1440,171297
728796,960,1440,216198
76804,500,750,70844
43143,693,1040,189151
12683,600,900,71044
26722,780,1170,72349
14605,960,1440,233745
27420,828,1242,140105
30997,960,1440,240995
24836,783,1175,177946
39283,960,1440,334730
18442,960,1440,349257
41021,526,789,83011
86759,960,1440,270147
3075,960,1440,244389
25753,800,1200,101387
481192,960,1440,237548
36489,926,1389,477315
67087,960,1440,206960
33555,960,1440,261651
891931,900,1285,157490
83727,675,1000,131216
28177,800,1200,180525
40368,960,1440,230302
55888,960,1440,111694
15714,960,1440,242952
12791,960,1440,232875
474104,864,1280,187044
29396,800,1200,130433
24702,864,1296,173423
14977,800,1200,231430
84228,800,1200,199377
501851,960,1440,188391
39859,774,1161,139090
26957,764,1089,150696
165567,667,1000,116556
337029,960,1440,310950
639247,700,1050,36795
39982,667,1000,137621
24038,960,1440,175544
17166,780,1170,180577
573680,987,1481,75528
84907,999,1500,174399
268229,600,888,145059
28499,907,1360,156458
48309,780,1170,210695
354924,780,1170,99685
38996,960,1440,292403
25377,800,1200,266833
416166,500,750,97193
41966,960,1440,255859
96648,815,1200,201456
496274,500,750,65115
276922,960,1440,332506
33468,960,1440,324897
9783,500,750,71236
92395,960,1440,240649
174671,960,1440,205320
3127,500,750,119708
63727,957,1435,196301
70575,960,1440,332708
50497,960,1440,229399
287524,960,1440,277760
27791,500,750,62992
36086,600,900,131469
60575,960,1440,175926
