id,source,status,in_w,in_h,out_w,out_h,error
1693,orig,ok,1000,1500,1000,1500,
1702,orig,ok,1000,1500,1000,1500,
1842,orig,ok,1000,1500,1000,1500,
1877,orig,ok,1000,1500,1000,1500,
2154,orig,ok,1000,1500,1000,1500,
2675,orig,ok,1000,1500,1000,1500,
2957,up,ok,1892,2836,1000,1500,
2961,orig,ok,1197,1676,1000,1500,
2981,orig,ok,2000,3000,1000,1500,
2989,orig,ok,2000,3000,1000,1500,
2992,up,ok,1000,1500,1000,1500,
3017,orig,ok,1604,2406,1000,1500,
3025,orig,ok,1000,1500,1000,1500,
3030,orig,ok,1000,1500,1000,1500,
3043,orig,ok,2000,2999,1000,1500,
3051,up,ok,1600,2400,1000,1500,
3069,up,ok,1920,2880,1000,1500,
3072,orig,ok,2000,3000,1000,1500,
3075,up,ok,1920,2880,1000,1500,
3104,orig,ok,1000,1500,1000,1500,
3117,orig,ok,1000,1500,1000,1500,
3119,up,ok,1320,1980,1000,1500,
3124,orig,ok,1000,1500,1000,1500,
3125,orig,ok,1000,1500,1000,1500,
3127,up,ok,1000,1500,1000,1500,
3145,orig,ok,1000,1500,1000,1500,
3149,up,ok,1902,2854,1000,1500,
3162,orig,ok,1180,1770,1000,1500,
3164,orig,ok,1000,1500,1000,1500,
3165,up,ok,1920,2880,1000,1500,
3166,orig,ok,1200,1600,1000,1500,
3201,orig,ok,1000,1500,1000,1500,
3202,up,ok,1920,2880,1000,1500,
3206,up,ok,1560,2312,1000,1500,
3208,orig,ok,1410,2115,1000,1500,
3209,orig,ok,1000,1500,1000,1500,
3210,up,ok,1094,1642,1000,1500,
3290,orig,ok,1000,1401,1000,1500,
3345,up,ok,1160,1818,1000,1500,
3349,up,ok,1200,1802,1000,1500,
3350,up,ok,1100,1656,1000,1500,
3412,up,ok,1200,1802,1000,1500,
3484,orig,ok,1600,2400,1000,1500,
3485,orig,ok,1000,1500,1000,1500,
3488,up,ok,1360,2000,1000,1500,
3490,up,ok,1920,2880,1000,1500,
3574,orig,ok,1000,1500,1000,1500,
3575,orig,ok,1000,1500,1000,1500,
3581,orig,ok,1412,2119,1000,1500,
3593,orig,ok,2000,3000,1000,1500,
4231,up,ok,1000,1500,1000,1500,
4238,up,ok,1430,2146,1000,1500,
4284,up,ok,1000,1500,1000,1500,
4288,orig,ok,1000,1500,1000,1500,
4289,up,ok,1912,2868,1000,1500,
4290,up,ok,1408,2112,1000,1500,
4368,orig,ok,1000,1500,1000,1500,
4457,up,ok,1920,2880,1000,1500,
4858,orig,ok,1000,1500,1000,1500,
4879,orig,ok,1880,2820,1000,1500,
4883,orig,ok,1000,1500,1000,1500,
5247,orig,ok,1000,1500,1000,1500,
5333,orig,ok,1000,1500,1000,1500,
5470,up,ok,1200,1800,1000,1500,
5489,up,ok,1600,2400,1000,1500,
5719,orig,ok,1200,1800,1000,1500,
5730,orig,ok,1000,1500,1000,1500,
5733,orig,ok,1000,1500,1000,1500,
5734,up,ok,1000,1500,1000,1500,
5735,orig,ok,1000,1500,1000,1500,
5751,up,ok,1920,2880,1000,1500,
5752,orig,ok,1000,1500,1000,1500,
5755,orig,ok,1280,1920,1000,1500,
5763,orig,ok,1000,1500,1000,1500,
5898,orig,ok,1000,1501,1000,1500,
6974,orig,ok,1350,2025,1000,1500,
6976,orig,ok,1000,1500,1000,1500,
7180,up,ok,1512,2268,1000,1500,
7181,orig,ok,1000,1500,1000,1500,
7292,orig,ok,1000,1500,1000,1500,
7392,orig,ok,1000,1500,1000,1500,
7454,up,ok,1698,2400,1000,1500,
8090,orig,ok,1000,1500,1000,1500,
8316,orig,ok,1000,1500,1000,1500,
8771,orig,ok,1000,1500,1000,1500,
9640,orig,ok,1000,1500,1000,1500,
9783,up,ok,1000,1500,1000,1500,
9814,orig,ok,1400,2100,1000,1500,
9847,orig,ok,1000,1500,1000,1500,
9898,orig,ok,1000,1500,1000,1500,
9935,orig,ok,1000,1500,1000,1500,
9938,orig,ok,1000,1500,1000,1500,
9940,up,ok,1560,2340,1000,1500,
9949,orig,ok,1000,1500,1000,1500,
9987,up,ok,1920,2880,1000,1500,
10011,up,ok,1778,2668,1000,1500,
10031,up,ok,1920,2880,1000,1500,
10041,orig,ok,1500,2222,1000,1500,
10042,orig,ok,1000,1500,1000,1500,
10055,up,ok,1000,1500,1000,1500,
10062,orig,ok,1000,1500,1000,1500,
10076,orig,ok,1000,1500,1000,1500,
10088,up,ok,1512,2268,1000,1500,
10094,orig,ok,1000,1500,1000,1500,
10095,up,ok,1200,1800,1000,1500,
10113,orig,ok,2000,3000,1000,1500,
10114,up,ok,1546,2318,1000,1500,
10121,up,ok,1000,1500,1000,1500,
10124,orig,ok,1000,1500,1000,1500,
10250,orig,ok,1000,1500,1000,1500,
10251,orig,ok,1000,1500,1000,1500,
10256,orig,ok,2000,3000,1000,1500,
10272,orig,ok,1500,2250,1000,1500,
10558,up,ok,1580,2372,1000,1500,
10579,orig,ok,1332,2000,1000,1500,
10702,up,ok,1000,1500,1000,1500,
10730,orig,ok,2000,3000,1000,1500,
11376,orig,ok,1000,1500,1000,1500,
11926,up,ok,1000,1500,1000,1500,
12175,up,ok,1676,2416,1000,1500,
12216,up,ok,1000,1500,1000,1500,
12532,orig,ok,1482,2223,1000,1500,
12587,orig,ok,1000,1500,1000,1500,
12653,up,ok,1660,2490,1000,1500,
12682,up,ok,1920,2880,1000,1500,
12683,up,ok,1200,1800,1000,1500,
12759,orig,ok,1175,1763,1000,1500,
12791,up,ok,1920,2880,1000,1500,
13008,orig,ok,2000,3000,1000,1500,
13106,orig,ok,1500,2250,1000,1500,
13151,up,ok,1332,2000,1000,1500,
13254,orig,ok,1000,1500,1000,1500,
13276,orig,ok,1526,2161,1000,1500,
13340,orig,ok,1000,1500,1000,1500,
13511,orig,ok,1280,1920,1000,1500,
13546,up,ok,1600,2400,1000,1500,
13556,up,ok,1000,1500,1000,1500,
13566,up,ok,1920,2880,1000,1500,
13568,up,ok,1920,2880,1000,1500,
13569,up,ok,1920,2880,1000,1500,
13784,orig,ok,1000,1500,1000,1500,
13826,up,ok,1600,2400,1000,1500,
13903,up,ok,1560,2340,1000,1500,
13945,orig,ok,2000,3000,1000,1500,
13946,orig,ok,1000,1500,1000,1500,
14025,orig,ok,1000,1500,1000,1500,
14122,orig,ok,1500,2250,1000,1500,
14143,up,ok,1440,2160,1000,1500,
14147,orig,ok,1400,2100,1000,1500,
14157,orig,ok,1000,1500,1000,1500,
14209,up,ok,1000,1500,1000,1500,
14212,orig,ok,1000,1500,1000,1500,
14228,orig,ok,1000,1500,1000,1500,
14248,orig,ok,1000,1500,1000,1500,
14255,orig,ok,1000,1500,1000,1500,
14417,up,ok,1920,2880,1000,1500,
14440,up,ok,1600,2400,1000,1500,
14472,orig,ok,1000,1500,1000,1500,
14604,orig,ok,1000,1500,1000,1500,
14605,up,ok,1920,2880,1000,1500,
14686,orig,ok,1000,1500,1000,1500,
14795,up,ok,1438,2160,1000,1500,
14814,up,ok,1080,1620,1000,1500,
14833,up,ok,1560,2340,1000,1500,
14838,up,ok,1920,2880,1000,1500,
14862,orig,ok,1000,1500,1000,1500,
14866,orig,ok,1000,1500,1000,1500,
14915,orig,ok,2000,3000,1000,1500,
14916,orig,ok,1500,2250,1000,1500,
14929,orig,ok,2000,3000,1000,1500,
14977,up,ok,1600,2400,1000,1500,
14983,up,ok,1920,2880,1000,1500,
15011,up,ok,1000,1500,1000,1500,
15057,up,ok,1000,1500,1000,1500,
15182,orig,ok,1000,1500,1000,1500,
15282,up,ok,1000,1500,1000,1500,
15398,up,ok,1200,1800,1000,1500,
15418,orig,ok,1000,1500,1000,1500,
15420,orig,ok,1000,1500,1000,1500,
15422,up,ok,1920,2880,1000,1500,
15425,orig,ok,1000,1500,1000,1500,
15426,orig,ok,1000,1500,1000,1500,
15434,orig,ok,2000,3000,1000,1500,
15473,orig,ok,1000,1500,1000,1500,
15476,orig,ok,1000,1500,1000,1500,
15488,orig,ok,1000,1500,1000,1500,
15652,orig,ok,1000,1500,1000,1500,
15701,orig,ok,1000,1500,1000,1500,
15714,up,ok,1920,2880,1000,1500,
15900,orig,ok,1000,1500,1000,1500,
15901,up,ok,1536,2304,1000,1500,
15902,up,ok,1536,2304,1000,1500,
16027,up,ok,1600,2400,1000,1500,
16080,orig,ok,1000,1500,1000,1500,
16160,orig,ok,1067,1600,1000,1500,
16179,up,ok,1600,2400,1000,1500,
16207,orig,ok,1067,1600,1000,1500,
16208,orig,ok,1000,1500,1000,1500,
16271,orig,ok,1189,1783,1000,1500,
16280,up,ok,1396,1998,1000,1500,
16309,orig,ok,1280,1920,1000,1500,
16315,orig,ok,1000,1500,1000,1500,
16350,orig,ok,1200,1800,1000,1500,
16431,orig,ok,1000,1416,1000,1500,
16445,up,ok,1638,2454,1000,1500,
16611,orig,ok,1000,1500,1000,1500,
16722,orig,ok,1000,1500,1000,1500,
16763,orig,ok,1600,2400,1000,1500,
16843,orig,ok,1000,1500,1000,1500,
16915,orig,ok,1438,2156,1000,1500,
16922,up,ok,1000,1500,1000,1500,
16925,up,ok,1000,1500,1000,1500,
16973,orig,ok,1000,1500,1000,1500,
17088,orig,ok,1079,1417,1000,1500,
17110,orig,ok,1000,1500,1000,1500,
17138,orig,ok,1712,2560,1000,1500,
17140,orig,ok,1000,1500,1000,1500,
17154,up,ok,1000,1500,1000,1500,
17158,orig,ok,1000,1500,1000,1500,
17166,up,ok,1560,2340,1000,1500,
17212,orig,ok,2000,3000,1000,1500,
17240,orig,ok,1000,1500,1000,1500,
17319,up,ok,1000,1500,1000,1500,
17469,up,ok,1920,2880,1000,1500,
17482,orig,ok,1500,2250,1000,1500,
17874,orig,ok,1000,1500,1000,1500,
17923,orig,ok,2000,3000,1000,1500,
18015,orig,ok,1366,2048,1000,1500,
18029,orig,ok,1000,1500,1000,1500,
18040,orig,ok,1161,1741,1000,1500,
18045,up,ok,1924,2888,1000,1500,
18096,up,ok,1920,2880,1000,1500,
18100,up,ok,1920,2880,1000,1500,
18177,orig,ok,1000,1500,1000,1500,
18210,orig,ok,1000,1500,1000,1500,
18213,up,ok,1980,2958,1000,1500,
18217,orig,ok,1920,2880,1000,1500,
18242,orig,ok,2000,3000,1000,1500,
18274,orig,ok,1000,1500,1000,1500,
18278,orig,ok,1000,1500,1000,1500,
18338,orig,ok,1000,1500,1000,1500,
18392,orig,ok,1400,2100,1000,1500,
18397,orig,ok,1000,1500,1000,1500,
18440,orig,ok,1000,1500,1000,1500,
18441,orig,ok,1175,1763,1000,1500,
18442,up,ok,1920,2880,1000,1500,
18443,up,ok,1600,2400,1000,1500,
18467,orig,ok,2000,3000,1000,1500,
18496,up,ok,1600,2400,1000,1500,
18547,orig,ok,1000,1500,1000,1500,
18556,up,ok,1920,2880,1000,1500,
18557,up,ok,1000,1500,1000,1500,
18616,orig,ok,1000,1500,1000,1500,
18634,up,ok,1334,1874,1000,1500,
18724,orig,ok,1000,1500,1000,1500,
18726,orig,ok,1000,1500,1000,1500,
18759,orig,ok,1000,1500,1000,1500,
18773,orig,ok,2000,3000,1000,1500,
18779,orig,ok,1000,1500,1000,1500,
18851,up,ok,1920,2880,1000,1500,
18910,orig,ok,1920,2880,1000,1500,
18932,orig,ok,1374,2061,1000,1500,
18969,up,ok,1920,2880,1000,1500,
19066,orig,ok,1280,1920,1000,1500,
19085,up,ok,1792,2690,1000,1500,
19116,orig,ok,1000,1500,1000,1500,
19154,orig,ok,1000,1500,1000,1500,
19201,orig,ok,1000,1500,1000,1500,
19205,orig,ok,1000,1500,1000,1500,
19222,orig,ok,1000,1500,1000,1500,
19281,up,ok,1000,1500,1000,1500,
19296,up,ok,1400,1970,1000,1500,
19298,orig,ok,1000,1500,1000,1500,
19383,orig,ok,2000,3000,1000,1500,
19551,orig,ok,2000,3000,1000,1500,
19564,orig,ok,1402,2104,1000,1500,
19604,up,ok,1920,2880,1000,1500,
19816,up,ok,1000,1500,1000,1500,
19854,orig,ok,1000,1500,1000,1500,
19969,orig,ok,1000,1500,1000,1500,
20016,orig,ok,1000,1500,1000,1500,
20215,orig,ok,1920,2879,1000,1500,
20216,up,ok,1920,2880,1000,1500,
20321,orig,ok,1000,1500,1000,1500,
20357,up,ok,1800,2700,1000,1500,
20381,orig,ok,1400,2100,1000,1500,
20432,orig,ok,1000,1500,1000,1500,
20446,orig,ok,1000,1500,1000,1500,
20591,orig,ok,1000,1500,1000,1500,
20608,up,ok,1000,1500,1000,1500,
20620,orig,ok,1000,1500,1000,1500,
20669,orig,ok,1000,1500,1000,1500,
20695,orig,ok,1000,1500,1000,1500,
20706,up,ok,1260,2400,1000,1500,
20880,orig,ok,1000,1500,1000,1500,
20919,up,ok,1920,2880,1000,1500,
21034,orig,ok,1260,1800,1000,1500,
21141,orig,ok,1000,1500,1000,1500,
21158,up,ok,1920,2880,1000,1500,
21163,up,ok,1920,2880,1000,1500,
21166,orig,ok,1000,1500,1000,1500,
21343,up,ok,1000,1500,1000,1500,
21536,up,ok,1920,2880,1000,1500,
21562,orig,ok,1060,1590,1000,1500,
21623,orig,ok,1000,1500,1000,1500,
21704,orig,ok,1500,2250,1000,1500,
21714,orig,ok,1000,1500,1000,1500,
21790,orig,ok,2000,3000,1000,1500,
21794,orig,ok,1364,2046,1000,1500,
21799,orig,ok,2000,3000,1000,1500,
21800,orig,ok,1000,1500,1000,1500,
21841,orig,ok,2000,3000,1000,1500,
21860,orig,ok,1438,2157,1000,1500,
21927,up,ok,1920,2880,1000,1500,
22027,up,ok,1000,1500,1000,1500,
22033,orig,ok,2000,3000,1000,1500,
22060,up,ok,1920,2880,1000,1500,
22066,orig,ok,1000,1500,1000,1500,
22072,up,ok,1920,2880,1000,1500,
22105,orig,ok,1000,1500,1000,1500,
22135,orig,ok,2000,3000,1000,1500,
22177,up,ok,1364,2048,1000,1500,
22385,up,ok,1920,2880,1000,1500,
22451,orig,ok,1000,1500,1000,1500,
22480,orig,ok,2000,3000,1000,1500,
22530,orig,ok,1500,2250,1000,1500,
22543,orig,ok,1000,1500,1000,1500,
22551,orig,ok,1400,2100,1000,1500,
22583,up,ok,1000,1500,1000,1500,
22619,up,ok,1408,2000,1000,1500,
22689,orig,ok,1819,2729,1000,1500,
22718,orig,ok,1000,1500,1000,1500,
22727,orig,ok,2000,3000,1000,1500,
22731,up,ok,1920,2880,1000,1500,
22741,up,ok,1672,2508,1000,1500,
22745,up,ok,1920,2880,1000,1500,
22749,orig,ok,1756,2634,1000,1500,
22822,orig,ok,2000,3000,1000,1500,
22856,up,ok,1920,2880,1000,1500,
23014,up,ok,1920,2880,1000,1500,
23045,orig,ok,1308,1962,1000,1500,
23104,orig,ok,1000,1500,1000,1500,
23122,orig,ok,2000,3000,1000,1500,
23125,up,ok,1000,1500,1000,1500,
23174,up,ok,1560,2340,1000,1500,
23281,up,ok,1122,1684,1000,1500,
23293,up,ok,1000,1500,1000,1500,
23327,up,ok,1600,2400,1000,1500,
23382,orig,ok,1400,2087,1000,1500,
23389,up,ok,1010,1514,1000,1500,
23506,orig,ok,1000,1500,1000,1500,
23515,up,ok,1000,1500,1000,1500,
23622,up,ok,1920,2880,1000,1500,
23985,up,ok,1560,2216,1000,1500,
24007,orig,ok,1000,1500,1000,1500,
24038,up,ok,1920,2880,1000,1500,
24045,up,ok,1546,2164,1000,1500,
24075,orig,ok,1000,1500,1000,1500,
24090,orig,ok,1000,1500,1000,1500,
24091,up,ok,1920,2880,1000,1500,
24094,orig,ok,1000,1500,1000,1500,
24097,orig,ok,1218,1827,1000,1500,
24104,up,ok,1440,1994,1000,1500,
24116,orig,ok,1000,1500,1000,1500,
24132,up,ok,1200,1822,1000,1500,
24196,orig,ok,1000,1500,1000,1500,
24198,orig,ok,1000,1500,1000,1500,
24212,orig,ok,1000,1500,1000,1500,
24246,orig,ok,1000,1500,1000,1500,
24330,orig,ok,1000,1500,1000,1500,
24331,orig,ok,2000,3000,1000,1500,
24392,orig,ok,1000,1500,1000,1500,
24421,orig,ok,1000,1500,1000,1500,
24498,up,ok,1200,1800,1000,1500,
24499,up,ok,1600,2400,1000,1500,
24505,up,ok,1920,2880,1000,1500,
24555,orig,ok,1000,1500,1000,1500,
24605,orig,ok,1000,1471,1000,1500,
24648,up,ok,1920,2880,1000,1500,
24649,orig,ok,1000,1500,1000,1500,
24683,up,ok,1052,1500,1000,1500,
24702,up,ok,1728,2592,1000,1500,
24716,up,ok,1676,2352,1000,1500,
24789,orig,ok,1000,1500,1000,1500,
24796,orig,ok,1200,1600,1000,1500,
24836,up,ok,1566,2350,1000,1500,
24837,up,ok,1560,2186,1000,1500,
24862,orig,ok,1000,1500,1000,1500,
24868,orig,ok,2000,3000,1000,1500,
24874,up,ok,1920,2880,1000,1500,
24877,up,ok,1560,2340,1000,1500,
24907,up,ok,1200,1800,1000,1500,
24923,orig,ok,1000,1500,1000,1500,
24927,up,ok,1920,2880,1000,1500,
24928,orig,ok,1067,1500,1000,1500,
24947,orig,ok,1000,1500,1000,1500,
24952,orig,ok,2000,2667,1000,1500,
24963,up,ok,1334,2000,1000,1500,
24995,up,ok,1410,2000,1000,1500,
24996,up,ok,1920,2880,1000,1500,
25028,up,ok,1000,1500,1000,1500,
25033,orig,ok,1000,1500,1000,1500,
25035,up,ok,1920,2880,1000,1500,
25060,orig,ok,1365,2048,1000,1500,
25073,orig,ok,2000,3000,1000,1500,
25086,up,ok,1100,1630,1000,1500,
25119,up,ok,1920,2880,1000,1500,
25151,orig,ok,1000,1500,1000,1500,
25170,up,ok,1184,1776,1000,1500,
25172,orig,ok,1000,1500,1000,1500,
25241,orig,ok,2000,2844,1000,1500,
25377,up,ok,1600,2400,1000,1500,
25479,orig,ok,1795,2664,1000,1500,
25537,orig,ok,2000,3000,1000,1500,
25543,up,ok,1920,2880,1000,1500,
25573,orig,ok,1800,2700,1000,1500,
25579,orig,ok,1000,1500,1000,1500,
25625,orig,ok,1500,2250,1000,1500,
25693,up,ok,1560,2340,1000,1500,
25712,orig,ok,2000,3000,1000,1500,
25713,up,ok,1920,2880,1000,1500,
25715,orig,ok,1000,1500,1000,1500,
25753,up,ok,1600,2400,1000,1500,
25870,up,ok,1600,2400,1000,1500,
25874,orig,ok,2000,3000,1000,1500,
25920,orig,ok,1000,1500,1000,1500,
25974,orig,ok,2000,3000,1000,1500,
26042,orig,ok,1000,1500,1000,1500,
26162,orig,ok,1992,3000,1000,1500,
26208,orig,ok,1000,1500,1000,1500,
26233,orig,ok,1000,1500,1000,1500,
26240,orig,ok,1000,1500,1000,1500,
26278,orig,ok,1000,1500,1000,1500,
26334,orig,ok,1000,1500,1000,1500,
26342,orig,ok,1400,2100,1000,1500,
26439,up,ok,1920,2880,1000,1500,
26472,up,ok,1000,1500,1000,1500,
26480,orig,ok,2000,3000,1000,1500,
26482,up,ok,1200,1800,1000,1500,
26558,orig,ok,1000,1500,1000,1500,
26588,up,ok,1920,2880,1000,1500,
26631,up,ok,1560,2334,1000,1500,
26656,orig,ok,1000,1500,1000,1500,
26675,orig,ok,1000,1500,1000,1500,
26676,orig,ok,2000,3000,1000,1500,
26678,up,ok,1920,2880,1000,1500,
26679,orig,ok,1000,1500,1000,1500,
26680,orig,ok,2000,3000,1000,1500,
26703,orig,ok,1000,1500,1000,1500,
26722,up,ok,1560,2340,1000,1500,
26772,up,ok,1038,1556,1000,1500,
26854,orig,ok,1000,1500,1000,1500,
26865,orig,ok,1000,1500,1000,1500,
26921,up,ok,1400,2100,1000,1500,
26922,orig,ok,1142,1726,1000,1500,
26923,orig,ok,1000,1500,1000,1500,
26924,orig,ok,1000,1500,1000,1500,
26925,orig,ok,1000,1500,1000,1500,
26943,up,ok,1000,1500,1000,1500,
26946,orig,ok,1600,2400,1000,1500,
26957,up,ok,1528,2178,1000,1500,
26958,up,ok,1000,1500,1000,1500,
26959,orig,ok,1365,2048,1000,1500,
26960,orig,ok,1707,2560,1000,1500,
26961,orig,ok,1067,1600,1000,1500,
27003,orig,ok,1000,1500,1000,1500,
27009,up,ok,1000,1500,1000,1500,
27028,up,ok,1000,1500,1000,1500,
27084,orig,ok,1000,1500,1000,1500,
27115,orig,ok,1390,2085,1000,1500,
27116,up,ok,1920,2880,1000,1500,
27122,orig,ok,1000,1500,1000,1500,
27144,up,ok,1520,2280,1000,1500,
27174,up,ok,1254,1858,1000,1500,
27179,orig,ok,1200,1800,1000,1500,
27226,orig,ok,1063,1500,1000,1500,
27227,up,ok,1334,2000,1000,1500,
27231,up,ok,1920,2880,1000,1500,
27234,orig,ok,1528,2160,1000,1500,
27244,orig,ok,1000,1500,1000,1500,
27253,orig,ok,1000,1500,1000,1500,
27255,up,ok,1920,2880,1000,1500,
27258,up,ok,1600,2400,1000,1500,
27267,orig,ok,1400,2100,1000,1500,
27272,up,ok,1200,1800,1000,1500,
27284,up,ok,1000,1500,1000,1500,
27285,up,ok,1920,2880,1000,1500,
27289,up,ok,1000,1500,1000,1500,
27313,up,ok,1920,2880,1000,1500,
27328,orig,ok,1000,1500,1000,1500,
27336,up,ok,1868,2802,1000,1500,
27345,up,ok,1920,2880,1000,1500,
27370,orig,ok,1537,2306,1000,1500,
27386,up,ok,1206,1700,1000,1500,
27387,orig,ok,1200,1800,1000,1500,
27389,up,ok,1560,2340,1000,1500,
27405,orig,ok,1000,1500,1000,1500,
27413,up,ok,1000,1500,1000,1500,
27416,orig,ok,1232,1848,1000,1500,
27417,orig,ok,1500,2250,1000,1500,
27420,up,ok,1656,2484,1000,1500,
27442,up,ok,1332,2000,1000,1500,
27463,orig,ok,1333,2000,1000,1500,
27466,orig,ok,1000,1500,1000,1500,
27467,orig,ok,2000,3000,1000,1500,
27468,up,ok,1200,1804,1000,1500,
27471,up,ok,1200,1800,1000,1500,
27473,up,ok,1000,1500,1000,1500,
27474,up,ok,1464,2196,1000,1500,
27477,orig,ok,1000,1408,1000,1500,
27478,orig,ok,1523,2160,1000,1500,
27479,orig,ok,2000,3000,1000,1500,
27481,orig,ok,1000,1500,1000,1500,
27483,up,ok,1000,1500,1000,1500,
27485,orig,ok,1000,1500,1000,1500,
27487,up,ok,1000,1500,1000,1500,
27495,orig,ok,1000,1500,1000,1500,
27496,orig,ok,2000,3000,1000,1500,
27498,orig,ok,1000,1500,1000,1500,
27499,orig,ok,1000,1500,1000,1500,
27500,up,ok,1952,2928,1000,1500,
27501,up,ok,1920,2880,1000,1500,
27502,up,ok,1920,2880,1000,1500,
27508,orig,ok,1546,2319,1000,1500,
27512,up,ok,1000,1500,1000,1500,
27513,orig,ok,1000,1500,1000,1500,
27524,orig,ok,1200,1800,1000,1500,
27527,orig,ok,1000,1500,1000,1500,
27529,up,ok,1056,1506,1000,1500,
27532,orig,ok,2000,3000,1000,1500,
27533,orig,ok,1000,1500,1000,1500,
27535,orig,ok,1000,1500,1000,1500,
27537,orig,ok,1000,1500,1000,1500,
27538,orig,ok,1000,1500,1000,1500,
27542,up,ok,1000,1500,1000,1500,
27545,orig,ok,2000,3000,1000,1500,
27548,orig,ok,2000,3000,1000,1500,
27553,up,ok,1290,1976,1000,1500,
27555,up,ok,1000,1500,1000,1500,
27564,orig,ok,1000,1500,1000,1500,
27566,orig,ok,1000,1500,1000,1500,
27603,orig,ok,1000,1500,1000,1500,
27611,up,ok,1200,1800,1000,1500,
27612,up,ok,1920,2880,1000,1500,
27613,up,ok,1880,2820,1000,1500,
27619,up,ok,1920,2880,1000,1500,
27623,orig,ok,1000,1500,1000,1500,
27625,up,ok,1712,2568,1000,1500,
27627,up,ok,1000,1500,1000,1500,
27630,up,ok,1066,1600,1000,1500,
27642,up,ok,1960,2940,1000,1500,
27643,up,ok,1200,1800,1000,1500,
27647,orig,ok,1000,1500,1000,1500,
27648,up,ok,1848,2772,1000,1500,
27649,orig,ok,1000,1500,1000,1500,
27651,orig,ok,1000,1500,1000,1500,
27652,up,ok,1956,2932,1000,1500,
27654,orig,ok,1000,1500,1000,1500,
27657,orig,ok,2000,3000,1000,1500,
27662,orig,ok,1350,2025,1000,1500,
27663,orig,ok,2000,3000,1000,1500,
27664,orig,ok,1000,1500,1000,1500,
27669,up,ok,1000,1500,1000,1500,
27671,up,ok,1920,2880,1000,1500,
27672,orig,ok,1000,1500,1000,1500,
27674,up,ok,1500,2256,1000,1500,
27675,orig,ok,2000,3000,1000,1500,
27677,orig,ok,2000,3000,1000,1500,
27680,up,ok,1334,2000,1000,1500,
27682,up,ok,1408,2112,1000,1500,
27684,up,ok,1648,2496,1000,1500,
27685,up,ok,1982,2974,1000,1500,
27687,orig,ok,1520,2143,1000,1500,
27688,orig,ok,1000,1397,1000,1500,
27689,up,ok,1002,1500,1000,1500,
27690,orig,ok,2000,3000,1000,1500,
27694,up,ok,1100,1650,1000,1500,
27695,orig,ok,1067,1600,1000,1500,
27696,orig,ok,1000,1500,1000,1500,
27710,orig,ok,1000,1500,1000,1500,
27711,orig,ok,1000,1500,1000,1500,
27712,orig,ok,1000,1500,1000,1500,
27713,up,ok,1972,3000,1000,1500,
27714,up,ok,1676,2446,1000,1500,
27717,up,ok,1762,2642,1000,1500,
27720,orig,ok,1000,1500,1000,1500,
27727,orig,ok,1000,1500,1000,1500,
27728,orig,ok,1000,1500,1000,1500,
27729,orig,ok,1000,1500,1000,1500,
27733,orig,ok,1000,1500,1000,1500,
27736,orig,ok,1000,1500,1000,1500,
27739,up,ok,1414,2000,1000,1500,
27741,up,ok,1000,1500,1000,1500,
27747,orig,ok,1000,1500,1000,1500,
27755,orig,ok,2000,3000,1000,1500,
27758,up,ok,1000,1500,1000,1500,
27760,orig,ok,1000,1500,1000,1500,
27762,orig,ok,1127,1690,1000,1500,
27763,orig,ok,1062,1500,1000,1500,
27766,up,ok,1920,2880,1000,1500,
27770,orig,ok,1000,1500,1000,1500,
27771,orig,ok,1000,1500,1000,1500,
27774,orig,ok,1000,1500,1000,1500,
27778,up,ok,1000,1500,1000,1500,
27779,orig,ok,1333,2000,1000,1500,
27782,up,ok,1200,1800,1000,1500,
27783,up,ok,1920,2880,1000,1500,
27784,orig,ok,1000,1466,1000,1500,
27785,orig,ok,1303,1954,1000,1500,
27791,up,ok,1000,1500,1000,1500,
27796,orig,ok,1000,1500,1000,1500,
27798,orig,ok,2000,3000,1000,1500,
27800,up,ok,1540,2308,1000,1500,
27803,up,ok,1200,1800,1000,1500,
27807,orig,ok,2000,3000,1000,1500,
27808,orig,ok,1707,2560,1000,1500,
27810,up,ok,1000,1500,1000,1500,
27816,orig,ok,1400,2100,1000,1500,
27819,orig,ok,1000,1500,1000,1500,
27826,up,ok,1600,2400,1000,1500,
27831,orig,ok,2000,3000,1000,1500,
27832,orig,ok,2000,3000,1000,1500,
27836,up,ok,1334,2000,1000,1500,
27840,up,ok,1126,1500,1000,1500,
27844,up,ok,1074,1500,1000,1500,
27848,orig,ok,1000,1500,1000,1500,
27851,orig,ok,2000,3000,1000,1500,
27855,orig,ok,1450,2175,1000,1500,
27856,orig,ok,1400,2100,1000,1500,
27860,orig,ok,1000,1500,1000,1500,
27878,up,ok,1466,2198,1000,1500,
27879,up,ok,1000,1500,1000,1500,
27881,orig,ok,1000,1500,1000,1500,
27886,orig,ok,1000,1500,1000,1500,
27892,up,ok,1666,2500,1000,1500,
27895,up,ok,1600,2400,1000,1500,
27918,up,ok,1000,1500,1000,1500,
27941,orig,ok,1920,2880,1000,1500,
27951,up,ok,1000,1500,1000,1500,
28035,orig,ok,1000,1500,1000,1500,
28036,orig,ok,2000,3000,1000,1500,
28038,orig,ok,1000,1500,1000,1500,
28040,orig,ok,2000,3000,1000,1500,
28046,orig,ok,1812,2718,1000,1500,
28048,orig,ok,1848,2772,1000,1500,
28073,orig,ok,1280,1809,1000,1500,
28077,orig,ok,1000,1500,1000,1500,
28079,orig,ok,1000,1500,1000,1500,
28080,up,ok,1488,2230,1000,1500,
28081,orig,ok,1000,1500,1000,1500,
28082,orig,ok,1000,1500,1000,1500,
28083,up,ok,1400,2100,1000,1500,
28084,orig,ok,1000,1500,1000,1500,
28087,up,ok,1506,1998,1000,1500,
28096,up,ok,1560,2380,1000,1500,
28098,orig,ok,1012,1500,1000,1500,
28103,up,ok,1504,2254,1000,1500,
28108,orig,ok,2000,3000,1000,1500,
28109,orig,ok,1070,1598,1000,1500,
28111,orig,ok,1000,1500,1000,1500,
28113,up,ok,1200,1718,1000,1500,
28114,orig,ok,1000,1500,1000,1500,
28127,orig,ok,1000,1500,1000,1500,
28142,up,ok,1000,1500,1000,1500,
28143,orig,ok,1000,1500,1000,1500,
28146,up,ok,1818,2728,1000,1500,
28147,orig,ok,1000,1500,1000,1500,
28148,orig,ok,2000,3000,1000,1500,
28155,orig,ok,1000,1500,1000,1500,
28156,up,ok,1920,2880,1000,1500,
28159,orig,ok,1666,2499,1000,1500,
28160,up,ok,1320,1980,1000,1500,
28161,up,ok,1334,2000,1000,1500,
28173,orig,ok,1280,1920,1000,1500,
28177,up,ok,1600,2400,1000,1500,
28181,up,ok,1000,1500,1000,1500,
28182,orig,ok,1000,1419,1000,1500,
28183,orig,ok,1100,1539,1000,1500,
28184,orig,ok,2000,3000,1000,1500,
28185,up,ok,1000,1500,1000,1500,
28188,up,ok,1920,2880,1000,1500,
28191,up,ok,1920,2880,1000,1500,
28196,orig,ok,1140,1710,1000,1500,
28223,orig,ok,1000,1500,1000,1500,
28224,orig,ok,1000,1500,1000,1500,
28228,orig,ok,1000,1543,1000,1500,
28229,up,ok,1920,2880,1000,1500,
28230,orig,ok,1000,1500,1000,1500,
28231,up,ok,1360,2000,1000,1500,
28232,up,ok,1360,2000,1000,1500,
28234,orig,ok,1600,2400,1000,1500,
28235,orig,ok,1000,1500,1000,1500,
28237,orig,ok,1000,1500,1000,1500,
28262,orig,ok,1000,1500,1000,1500,
28265,orig,ok,1000,1500,1000,1500,
28266,orig,ok,2000,3000,1000,1500,
28269,up,ok,1000,1500,1000,1500,
28271,orig,ok,1000,1500,1000,1500,
28274,orig,ok,1000,1500,1000,1500,
28277,up,ok,1920,2880,1000,1500,
28287,orig,ok,1891,2860,1000,1500,
28295,orig,ok,1011,1516,1000,1500,
28300,up,ok,1920,2880,1000,1500,
28305,orig,ok,1000,1500,1000,1500,
28310,up,ok,1560,2376,1000,1500,
28312,orig,ok,1000,1496,1000,1500,
28314,orig,ok,1000,1500,1000,1500,
28316,up,ok,1600,2400,1000,1500,
28317,up,ok,1412,2000,1000,1500,
28336,orig,ok,2000,3000,1000,1500,
28338,up,ok,1216,1824,1000,1500,
28341,up,ok,1112,1668,1000,1500,
28344,orig,ok,2000,3000,1000,1500,
28347,up,ok,1000,1500,1000,1500,
28350,up,ok,1296,1946,1000,1500,
28351,orig,ok,1000,1500,1000,1500,
28352,orig,ok,1000,1500,1000,1500,
28359,up,ok,1920,2880,1000,1500,
28362,up,ok,1920,2880,1000,1500,
28363,orig,ok,1000,1500,1000,1500,
28365,up,ok,1920,2880,1000,1500,
28380,orig,ok,1000,1500,1000,1500,
28382,orig,ok,1200,1800,1000,1500,
28383,up,ok,1668,2336,1000,1500,
28388,up,ok,1494,2240,1000,1500,
28389,orig,ok,1000,1500,1000,1500,
28416,orig,ok,1000,1500,1000,1500,
28418,up,ok,1000,1500,1000,1500,
28419,orig,ok,1000,1500,1000,1500,
28423,orig,ok,1000,1500,1000,1500,
28425,orig,ok,1000,1500,1000,1500,
28426,orig,ok,2000,3000,1000,1500,
28437,orig,ok,1300,1950,1000,1500,
28439,orig,ok,1400,2100,1000,1500,
28446,up,ok,1000,1500,1000,1500,
28450,orig,ok,1000,1500,1000,1500,
28483,up,ok,1114,1670,1000,1500,
28499,up,ok,1814,2720,1000,1500,
28508,orig,ok,2000,3000,1000,1500,
28513,up,ok,1676,2480,1000,1500,
28514,orig,ok,1049,1500,1000,1500,
28516,up,ok,1920,2880,1000,1500,
28518,up,ok,1920,2880,1000,1500,
28521,orig,ok,1007,1500,1000,1500,
28522,up,ok,1332,1890,1000,1500,
28529,orig,ok,1998,2687,1000,1500,
28530,up,ok,1448,2172,1000,1500,
28558,orig,ok,1800,2700,1000,1500,
28572,orig,ok,1000,1500,1000,1500,
28579,up,ok,1000,1500,1000,1500,
28582,orig,ok,1400,2100,1000,1500,
28584,up,ok,1034,1552,1000,1500,
28585,up,ok,1560,2340,1000,1500,
28586,orig,ok,1400,2100,1000,1500,
28590,up,ok,1304,2000,1000,1500,
28600,up,ok,1000,1500,1000,1500,
28602,orig,ok,1000,1500,1000,1500,
28616,orig,ok,1400,2100,1000,1500,
28624,orig,ok,2000,3000,1000,1500,
28625,up,ok,1228,1870,1000,1500,
28626,orig,ok,1000,1500,1000,1500,
28640,up,ok,1600,2400,1000,1500,
28646,up,ok,1000,1500,1000,1500,
28647,orig,ok,2000,3000,1000,1500,
28648,orig,ok,1000,1500,1000,1500,
28652,orig,ok,1000,1500,1000,1500,
28653,up,ok,1336,2004,1000,1500,
28659,orig,ok,1000,1500,1000,1500,
28660,orig,ok,1361,1998,1000,1500,
28669,orig,ok,1000,1500,1000,1500,
28671,orig,ok,1000,1500,1000,1500,
28681,up,ok,1348,2000,1000,1500,
28687,up,ok,1920,2880,1000,1500,
28715,orig,ok,1500,2250,1000,1500,
28720,orig,ok,1862,2793,1000,1500,
28721,orig,ok,1000,1500,1000,1500,
28723,orig,ok,1710,2563,1000,1500,
28725,up,ok,1920,2880,1000,1500,
28726,orig,ok,1000,1500,1000,1500,
28727,up,ok,1000,1500,1000,1500,
28733,orig,ok,1600,2400,1000,1500,
28734,up,ok,1920,2880,1000,1500,
28741,up,ok,1992,2988,1000,1500,
28743,orig,ok,1500,2250,1000,1500,
28744,orig,ok,1000,1500,1000,1500,
28746,up,ok,1600,2400,1000,1500,
28751,orig,ok,1000,1500,1000,1500,
28757,up,ok,1968,2952,1000,1500,
28763,orig,ok,1000,1500,1000,1500,
28765,orig,ok,1000,1500,1000,1500,
28766,up,ok,1066,1600,1000,1500,
28767,up,ok,1000,1500,1000,1500,
28768,orig,ok,1536,2304,1000,1500,
28770,orig,ok,1000,1500,1000,1500,
28775,orig,ok,1707,2560,1000,1500,
28780,orig,ok,1000,1500,1000,1500,
28790,orig,ok,1000,1500,1000,1500,
28791,up,ok,1920,2880,1000,1500,
28800,orig,ok,1000,1500,1000,1500,
28831,orig,ok,1000,1500,1000,1500,
28851,orig,ok,1000,1500,1000,1500,
28855,orig,ok,1000,1500,1000,1500,
28859,orig,ok,1000,1500,1000,1500,
28865,orig,ok,1000,1407,1000,1500,
28867,up,ok,1650,2476,1000,1500,
28870,orig,ok,1425,2138,1000,1500,
28925,orig,ok,2000,3000,1000,1500,
28927,orig,ok,1000,1500,1000,1500,
28930,orig,ok,1000,1500,1000,1500,
28931,orig,ok,1000,1500,1000,1500,
28933,orig,ok,1000,1500,1000,1500,
28935,orig,ok,2000,3000,1000,1500,
28936,up,ok,1920,2880,1000,1500,
28939,orig,ok,1000,1500,1000,1500,
28953,up,ok,1472,2208,1000,1500,
28955,orig,ok,1200,1800,1000,1500,
28957,up,ok,1000,1502,1000,1500,
28958,up,ok,1402,2000,1000,1500,
29046,orig,ok,1000,1500,1000,1500,
29049,orig,ok,1191,1786,1000,1500,
29052,orig,ok,1426,2139,1000,1500,
29053,orig,ok,1000,1500,1000,1500,
29057,orig,ok,1749,2652,1000,1500,
29058,orig,ok,1000,1500,1000,1500,
29060,up,ok,1080,1620,1000,1500,
29062,orig,ok,1000,1500,1000,1500,
29065,orig,ok,1000,1500,1000,1500,
29067,orig,ok,1000,1500,1000,1500,
29069,orig,ok,1000,1500,1000,1500,
29070,up,ok,1202,1804,1000,1500,
29071,orig,ok,1600,2400,1000,1500,
29072,orig,ok,2000,3000,1000,1500,
29077,orig,ok,1000,1500,1000,1500,
29094,orig,ok,1280,1920,1000,1500,
29098,up,ok,1866,2800,1000,1500,
29103,up,ok,1920,2880,1000,1500,
29118,up,ok,1600,2400,1000,1500,
29121,orig,ok,1000,1500,1000,1500,
29126,orig,ok,1000,1500,1000,1500,
29168,orig,ok,1000,1500,1000,1500,
29203,up,ok,1274,1912,1000,1500,
29210,up,ok,1920,2880,1000,1500,
29214,orig,ok,1100,1650,1000,1500,
29217,orig,ok,2000,3000,1000,1500,
29218,up,ok,1920,2880,1000,1500,
29222,up,ok,1388,2000,1000,1500,
29227,up,ok,1774,2660,1000,1500,
29230,up,ok,1676,2362,1000,1500,
29232,orig,ok,1469,2048,1000,1500,
29235,orig,ok,1524,2289,1000,1500,
29238,up,ok,1398,2098,1000,1500,
29239,orig,ok,1000,1500,1000,1500,
29241,orig,ok,1670,2505,1000,1500,
29242,orig,ok,1798,2696,1000,1500,
29243,orig,ok,1400,2100,1000,1500,
29286,orig,ok,1182,1773,1000,1500,
29290,up,ok,1600,2400,1000,1500,
29298,orig,ok,1000,1500,1000,1500,
29315,orig,ok,1000,1500,1000,1500,
29318,orig,ok,1000,1500,1000,1500,
29324,up,ok,1920,2880,1000,1500,
29327,orig,ok,1048,1572,1000,1500,
29342,orig,ok,1000,1500,1000,1500,
29345,orig,ok,1781,2671,1000,1500,
29347,up,ok,1600,2400,1000,1500,
29350,orig,ok,2000,3000,1000,1500,
29368,up,ok,1000,1500,1000,1500,
29389,orig,ok,1000,1500,1000,1500,
29390,orig,ok,1080,1620,1000,1500,
29393,orig,ok,1000,1500,1000,1500,
29394,orig,ok,1000,1500,1000,1500,
29396,up,ok,1600,2400,1000,1500,
29397,up,ok,1920,2880,1000,1500,
29399,up,ok,1920,2880,1000,1500,
29402,orig,ok,1000,1500,1000,1500,
29403,up,ok,1920,2880,1000,1500,
29404,orig,ok,1000,1500,1000,1500,
29405,orig,ok,1800,2700,1000,1500,
29412,orig,ok,1245,1868,1000,1500,
29416,up,ok,1728,2592,1000,1500,
29423,up,ok,1368,2052,1000,1500,
29424,up,ok,1808,2712,1000,1500,
29429,orig,ok,1000,1500,1000,1500,
29431,up,ok,1920,2880,1000,1500,
29433,up,ok,1920,2880,1000,1500,
29434,up,ok,1920,2880,1000,1500,
29449,orig,ok,1000,1500,1000,1500,
29466,orig,ok,1223,1835,1000,1500,
29468,orig,ok,1726,2589,1000,1500,
29469,up,ok,1920,2880,1000,1500,
29474,orig,ok,1500,2250,1000,1500,
29476,orig,ok,1740,2611,1000,1500,
29491,up,ok,1500,2250,1000,1500,
29499,up,ok,1920,2880,1000,1500,
29504,up,ok,1000,1500,1000,1500,
29505,up,ok,1000,1500,1000,1500,
29547,orig,ok,1426,2138,1000,1500,
29555,orig,ok,1000,1500,1000,1500,
29556,up,ok,1000,1500,1000,1500,
29559,up,ok,1414,2000,1000,1500,
29570,orig,ok,1000,1500,1000,1500,
29573,up,ok,1000,1500,1000,1500,
29596,up,ok,1920,2880,1000,1500,
29597,up,ok,1040,1560,1000,1500,
29598,orig,ok,1279,1920,1000,1500,
29599,up,ok,1920,3000,1000,1500,
29600,up,ok,1950,2924,1000,1500,
29603,orig,ok,1000,1500,1000,1500,
29607,up,ok,1000,1500,1000,1500,
29609,up,ok,1200,1800,1000,1500,
29611,orig,ok,1000,1500,1000,1500,
29638,orig,ok,1000,1500,1000,1500,
29640,orig,ok,1000,1500,1000,1500,
29643,orig,ok,1000,1500,1000,1500,
29652,up,ok,1200,1804,1000,1500,
29660,orig,ok,1575,2250,1000,1500,
29683,orig,ok,1000,1500,1000,1500,
29689,orig,ok,1000,1500,1000,1500,
29691,orig,ok,1000,1500,1000,1500,
29692,orig,ok,1000,1500,1000,1500,
29693,orig,ok,1000,1500,1000,1500,
29695,orig,ok,2000,3000,1000,1500,
29706,up,ok,1926,2888,1000,1500,
29712,up,ok,1000,1502,1000,1500,
29721,up,ok,1360,2000,1000,1500,
29759,up,ok,1992,2988,1000,1500,
29761,up,ok,1100,1650,1000,1500,
29763,up,ok,1200,1800,1000,1500,
29765,up,ok,1200,1800,1000,1500,
29767,up,ok,1100,1652,1000,1500,
29768,orig,ok,1000,1500,1000,1500,
29769,up,ok,1100,1650,1000,1500,
29770,up,ok,1200,1800,1000,1500,
29771,up,ok,1260,2400,1000,1500,
29772,up,ok,1000,1500,1000,1500,
29774,up,ok,1000,1500,1000,1500,
29796,orig,ok,1000,1500,1000,1500,
29797,up,ok,1000,1500,1000,1500,
29798,up,ok,1000,1500,1000,1500,
29799,orig,ok,1000,1500,1000,1500,
29808,orig,ok,1000,1500,1000,1500,
29814,up,ok,1776,2664,1000,1500,
29833,orig,ok,1000,1500,1000,1500,
29848,up,ok,1902,2852,1000,1500,
29850,orig,ok,1000,1500,1000,1500,
29852,up,ok,1920,2880,1000,1500,
29854,orig,ok,1500,2250,1000,1500,
29865,orig,ok,1433,2148,1000,1500,
29883,up,ok,1000,1500,1000,1500,
29891,up,ok,1920,2880,1000,1500,
29898,orig,ok,2000,3000,1000,1500,
29899,up,ok,1000,1500,1000,1500,
29902,up,ok,1870,2822,1000,1500,
29905,orig,ok,1000,1500,1000,1500,
29922,up,ok,1524,2286,1000,1500,
29925,up,ok,1108,1636,1000,1500,
29926,orig,ok,1200,1600,1000,1500,
29930,up,ok,1518,2146,1000,1500,
29938,orig,ok,1000,1500,1000,1500,
29947,up,ok,1920,2880,1000,1500,
29948,orig,ok,1000,1500,1000,1500,
29951,up,ok,1920,2880,1000,1500,
29957,up,ok,1920,2880,1000,1500,
29958,up,ok,1920,2880,1000,1500,
29959,orig,ok,2000,3000,1000,1500,
29960,orig,ok,1230,1845,1000,1500,
29961,orig,ok,1000,1500,1000,1500,
29964,up,ok,1920,2880,1000,1500,
29998,orig,ok,1500,2250,1000,1500,
30030,up,ok,1624,2436,1000,1500,
30045,orig,ok,1000,1500,1000,1500,
30049,up,ok,1920,2880,1000,1500,
30155,orig,ok,1000,1500,1000,1500,
30183,orig,ok,2000,3000,1000,1500,
30202,up,ok,1664,2496,1000,1500,
30236,orig,ok,1500,2250,1000,1500,
30286,orig,ok,1000,1500,1000,1500,
30307,orig,ok,1000,1500,1000,1500,
30315,orig,ok,1000,1500,1000,1500,
30317,up,ok,1000,1500,1000,1500,
30318,up,ok,1200,1800,1000,1500,
30342,up,ok,1920,2880,1000,1500,
30345,up,ok,1880,2820,1000,1500,
30370,orig,ok,1920,2880,1000,1500,
30377,orig,ok,1000,1500,1000,1500,
30379,up,ok,1920,2880,1000,1500,
30383,orig,ok,2000,3000,1000,1500,
30385,orig,ok,2000,3000,1000,1500,
30392,up,ok,1920,2880,1000,1500,
30393,up,ok,1400,2080,1000,1500,
30396,up,ok,1812,2718,1000,1500,
30399,up,ok,1284,1894,1000,1500,
30400,orig,ok,1396,1943,1000,1500,
30401,orig,ok,1000,1500,1000,1500,
30402,orig,ok,1000,1500,1000,1500,
30419,orig,ok,1000,1500,1000,1500,
30440,orig,ok,1000,1500,1000,1500,
30441,up,ok,1356,1932,1000,1500,
30445,up,ok,1852,2632,1000,1500,
30449,up,ok,1920,2880,1000,1500,
30452,orig,ok,1000,1500,1000,1500,
30455,up,ok,1000,1500,1000,1500,
30457,up,ok,1836,2754,1000,1500,
30477,orig,ok,1000,1500,1000,1500,
30478,up,ok,1800,2700,1000,1500,
30482,orig,ok,2000,3000,1000,1500,
30510,orig,ok,1536,2048,1000,1500,
30515,orig,ok,1000,1500,1000,1500,
30519,orig,ok,1000,1500,1000,1500,
30522,orig,ok,1000,1500,1000,1500,
30523,up,ok,1000,1500,1000,1500,
30567,orig,ok,1000,1500,1000,1500,
30579,orig,ok,1000,1500,1000,1500,
30637,orig,ok,1600,2400,1000,1500,
30638,up,ok,1418,2128,1000,1500,
30640,orig,ok,1008,1512,1000,1500,
30644,up,ok,1386,2078,1000,1500,
30661,orig,ok,1000,1500,1000,1500,
30664,up,ok,1920,2880,1000,1500,
30666,orig,ok,2000,3000,1000,1500,
30670,orig,ok,2000,3000,1000,1500,
30694,orig,ok,1000,1500,1000,1500,
30706,orig,ok,1288,1931,1000,1500,
30727,up,ok,1560,2340,1000,1500,
30748,up,ok,1150,1724,1000,1500,
30751,orig,ok,2000,3000,1000,1500,
30752,orig,ok,1000,1500,1000,1500,
30753,up,ok,1920,2880,1000,1500,
30755,orig,ok,1000,1500,1000,1500,
30767,up,ok,1920,2880,1000,1500,
30773,up,ok,1000,1500,1000,1500,
30778,orig,ok,1000,1500,1000,1500,
30782,orig,ok,1000,1500,1000,1500,
30786,orig,ok,1812,2718,1000,1500,
30788,orig,ok,1827,2734,1000,1500,
30789,orig,ok,1000,1500,1000,1500,
30792,orig,ok,1000,1500,1000,1500,
30796,up,ok,1000,1500,1000,1500,
30829,orig,ok,1000,1500,1000,1500,
30831,orig,ok,1000,1500,1000,1500,
30833,up,ok,1920,2880,1000,1500,
30855,orig,ok,1000,1500,1000,1500,
30885,orig,ok,1000,1500,1000,1500,
30891,orig,ok,1000,1500,1000,1500,
30893,up,ok,1488,2232,1000,1500,
30902,up,ok,1920,2880,1000,1500,
30918,orig,ok,1172,1752,1000,1500,
30919,up,ok,1920,2880,1000,1500,
30920,up,ok,1560,2400,1000,1500,
30921,orig,ok,1000,1500,1000,1500,
30926,orig,ok,1000,1500,1000,1500,
30928,up,ok,1776,2664,1000,1500,
30929,orig,ok,1000,1500,1000,1500,
30934,orig,ok,2000,3000,1000,1500,
30935,orig,ok,1000,1500,1000,1500,
30990,up,ok,1566,2348,1000,1500,
30991,orig,ok,1000,1500,1000,1500,
30996,orig,ok,1000,1500,1000,1500,
30997,up,ok,1920,2880,1000,1500,
31001,orig,ok,1000,1500,1000,1500,
31036,orig,ok,2000,3000,1000,1500,
31042,orig,ok,1947,2921,1000,1500,
31116,orig,ok,1000,1500,1000,1500,
31119,orig,ok,2000,3000,1000,1500,
31126,orig,ok,1632,2449,1000,1500,
31129,up,ok,1030,1540,1000,1500,
31134,up,ok,1920,2880,1000,1500,
31154,orig,ok,1581,2372,1000,1500,
31196,orig,ok,1500,2250,1000,1500,
31232,orig,ok,1000,1500,1000,1500,
31244,orig,ok,1055,1500,1000,1500,
31255,orig,ok,1000,1500,1000,1500,
31263,orig,ok,1000,1500,1000,1500,
31275,up,ok,1000,1500,1000,1500,
31276,up,ok,1440,2160,1000,1500,
31287,up,ok,1000,1500,1000,1500,
31382,up,ok,1270,1950,1000,1500,
31383,up,ok,1920,2880,1000,1500,
31385,orig,ok,1000,1500,1000,1500,
31393,orig,ok,2000,3000,1000,1500,
31463,orig,ok,1000,1500,1000,1500,
31472,up,ok,1566,2348,1000,1500,
31498,orig,ok,1800,2700,1000,1500,
31541,orig,ok,1000,1500,1000,1500,
31549,orig,ok,1000,1500,1000,1500,
31564,up,ok,1920,2880,1000,1500,
31579,orig,ok,2000,3000,1000,1500,
31596,orig,ok,1000,1500,1000,1500,
31647,orig,ok,1000,1500,1000,1500,
31687,up,ok,1200,1800,1000,1500,
31703,orig,ok,2000,3000,1000,1500,
31707,orig,ok,2000,3000,1000,1500,
31767,orig,ok,1280,1920,1000,1500,
31915,orig,ok,1400,2100,1000,1500,
31942,orig,ok,2000,3000,1000,1500,
31991,up,ok,1480,2220,1000,1500,
31992,orig,ok,1400,2100,1000,1500,
32003,up,ok,1000,1500,1000,1500,
32009,orig,ok,1000,1500,1000,1500,
32012,orig,ok,1066,1600,1000,1500,
32033,orig,ok,1000,1500,1000,1500,
32051,orig,ok,1400,2100,1000,1500,
32146,orig,ok,1631,2421,1000,1500,
32166,orig,ok,1000,1500,1000,1500,
32301,orig,ok,1000,1500,1000,1500,
32304,orig,ok,1000,1500,1000,1500,
32322,up,ok,1000,1500,1000,1500,
32343,up,ok,1000,1500,1000,1500,
32367,orig,ok,1000,1500,1000,1500,
32449,orig,ok,1000,1500,1000,1500,
32540,up,ok,1920,2880,1000,1500,
32583,orig,ok,1000,1500,1000,1500,
32585,orig,ok,1000,1500,1000,1500,
32595,orig,ok,2000,3000,1000,1500,
32612,orig,ok,1000,1500,1000,1500,
32707,up,ok,1920,2880,1000,1500,
32852,up,ok,1000,1500,1000,1500,
32857,up,ok,1808,2560,1000,1500,
32858,orig,ok,1000,1500,1000,1500,
32860,up,ok,1360,2000,1000,1500,
32862,up,ok,1000,1500,1000,1500,
32904,up,ok,1920,2880,1000,1500,
32910,orig,ok,1000,1500,1000,1500,
32940,orig,ok,1400,2100,1000,1500,
32978,orig,ok,2000,3000,1000,1500,
33018,up,ok,1920,2880,1000,1500,
33172,orig,ok,1000,1500,1000,1500,
33197,orig,ok,1000,1500,1000,1500,
33305,orig,ok,2000,3000,1000,1500,
33308,orig,ok,1000,1500,1000,1500,
33347,orig,ok,1000,1500,1000,1500,
33459,orig,ok,1400,2100,1000,1500,
33468,up,ok,1920,2880,1000,1500,
33477,orig,ok,1023,1443,1000,1500,
33502,orig,ok,1000,1500,1000,1500,
33510,orig,ok,1000,1500,1000,1500,
33519,up,ok,1572,2358,1000,1500,
33546,up,ok,1334,2000,1000,1500,
33555,up,ok,1920,2880,1000,1500,
33592,orig,ok,1000,1500,1000,1500,
33645,up,ok,1000,1500,1000,1500,
33695,orig,ok,1000,1500,1000,1500,
33721,orig,ok,1000,1500,1000,1500,
33754,orig,ok,1000,1500,1000,1500,
33767,up,ok,1706,2560,1000,1500,
33876,up,ok,1124,1500,1000,1500,
33926,orig,ok,1200,1800,1000,1500,
33988,up,ok,1280,1920,1000,1500,
33990,up,ok,1560,2340,1000,1500,
34004,up,ok,1920,2880,1000,1500,
34077,orig,ok,2000,3000,1000,1500,
34078,orig,ok,1056,1584,1000,1500,
34084,orig,ok,1000,1500,1000,1500,
34089,up,ok,1920,2880,1000,1500,
34104,orig,ok,1827,2482,1000,1500,
34112,orig,ok,1000,1500,1000,1500,
34125,orig,ok,1333,2000,1000,1500,
34168,up,ok,1080,1620,1000,1500,
34195,up,ok,1920,2880,1000,1500,
34226,orig,ok,1000,1500,1000,1500,
34231,up,ok,1920,2880,1000,1500,
34288,orig,ok,2000,3000,1000,1500,
34359,orig,ok,1000,1500,1000,1500,
34552,up,ok,1000,1500,1000,1500,
34574,up,ok,1400,2100,1000,1500,
34592,orig,ok,1000,1500,1000,1500,
34593,orig,ok,1200,1800,1000,1500,
34596,orig,ok,2000,3000,1000,1500,
34640,up,ok,1330,2000,1000,1500,
34685,up,ok,1350,2000,1000,1500,
34733,orig,ok,1000,1500,1000,1500,
34737,orig,ok,1000,1500,1000,1500,
34784,up,ok,1920,2880,1000,1500,
34791,orig,ok,1000,1500,1000,1500,
34794,orig,ok,2000,3000,1000,1500,
34845,orig,ok,1000,1500,1000,1500,
34943,orig,ok,1273,1910,1000,1500,
34959,up,ok,1000,1500,1000,1500,
35120,orig,ok,1476,2197,1000,1500,
35139,orig,ok,1770,2655,1000,1500,
35160,orig,ok,1200,1600,1000,1500,
35197,orig,ok,1000,1500,1000,1500,
35198,up,ok,1808,2712,1000,1500,
35247,orig,ok,1000,1500,1000,1500,
35250,up,ok,1360,2000,1000,1500,
35302,orig,ok,1074,1600,1000,1500,
35324,up,ok,1200,1800,1000,1500,
35616,orig,ok,1779,2654,1000,1500,
35662,orig,ok,1929,2894,1000,1500,
35664,orig,ok,1000,1500,1000,1500,
35669,orig,ok,2000,3000,1000,1500,
35683,orig,ok,1000,1500,1000,1500,
35710,up,ok,1424,2000,1000,1500,
35721,up,ok,1000,1500,1000,1500,
35730,up,ok,1334,2000,1000,1500,
35731,up,ok,1892,2838,1000,1500,
35733,up,ok,1892,2840,1000,1500,
35813,orig,ok,1186,1778,1000,1500,
35908,orig,ok,1000,1500,1000,1500,
35911,orig,ok,1000,1500,1000,1500,
35914,up,ok,1022,1516,1000,1500,
35919,up,ok,1802,2702,1000,1500,
35945,orig,ok,1000,1500,1000,1500,
35949,orig,ok,1400,2100,1000,1500,
35950,up,ok,1920,2880,1000,1500,
35951,up,ok,1920,2880,1000,1500,
35953,orig,ok,1400,2100,1000,1500,
36086,up,ok,1200,1800,1000,1500,
36089,up,ok,1536,2304,1000,1500,
36155,orig,ok,1500,2250,1000,1500,
36224,orig,ok,1000,1392,1000,1500,
36239,orig,ok,1169,1754,1000,1500,
36299,orig,ok,1000,1500,1000,1500,
36421,up,ok,1920,2880,1000,1500,
36456,orig,ok,1731,2597,1000,1500,
36489,up,ok,1852,2778,1000,1500,
36529,orig,ok,1000,1500,1000,1500,
36531,up,ok,1676,2400,1000,1500,
36556,up,ok,1200,1808,1000,1500,
36574,orig,ok,1000,1500,1000,1500,
36587,orig,ok,1000,1500,1000,1500,
36594,up,ok,1110,1510,1000,1500,
36600,orig,ok,1000,1500,1000,1500,
36601,orig,ok,1000,1500,1000,1500,
36604,up,ok,1488,2232,1000,1500,
36671,up,ok,1600,2400,1000,1500,
36675,orig,ok,1000,1500,1000,1500,
36686,orig,ok,1000,1500,1000,1500,
36778,orig,ok,1000,1500,1000,1500,
36794,up,ok,1000,1500,1000,1500,
36837,orig,ok,1424,2136,1000,1500,
36854,orig,ok,1057,1500,1000,1500,
36857,orig,ok,1000,1500,1000,1500,
36859,up,ok,1664,2496,1000,1500,
36860,up,ok,1440,2160,1000,1500,
36883,up,ok,1920,2880,1000,1500,
36942,up,ok,1194,1792,1000,1500,
36960,orig,ok,1000,1500,1000,1500,
36965,orig,ok,1000,1500,1000,1500,
36992,orig,ok,1000,1500,1000,1500,
37005,up,ok,1920,2880,1000,1500,
37019,orig,ok,1000,1500,1000,1500,
37062,orig,ok,1000,1500,1000,1500,
37130,orig,ok,1188,1782,1000,1500,
37196,up,ok,1292,1938,1000,1500,
37227,orig,ok,1000,1500,1000,1500,
37342,orig,ok,1000,1500,1000,1500,
37426,orig,ok,1000,1500,1000,1500,
37441,up,ok,1920,2880,1000,1500,
37463,orig,ok,1000,1500,1000,1500,
37464,up,ok,1000,1500,1000,1500,
37522,orig,ok,1000,1500,1000,1500,
37526,orig,ok,2000,3000,1000,1500,
37529,orig,ok,1000,1500,1000,1500,
37579,up,ok,1200,1800,1000,1500,
37618,orig,ok,1073,1600,1000,1500,
37687,up,ok,1054,1500,1000,1500,
37771,up,ok,1300,1950,1000,1500,
37792,up,ok,1704,2556,1000,1500,
37813,up,ok,1334,2000,1000,1500,
37862,orig,ok,1000,1500,1000,1500,
37901,orig,ok,1000,1500,1000,1500,
37904,orig,ok,1200,1800,1000,1500,
37929,orig,ok,1000,1500,1000,1500,
37930,up,ok,1300,1950,1000,1500,
37935,orig,ok,2000,3000,1000,1500,
37944,orig,ok,1000,1500,1000,1500,
37970,up,ok,1920,2880,1000,1500,
37977,up,ok,1660,2490,1000,1500,
38006,orig,ok,1280,1920,1000,1500,
38065,orig,ok,1000,1500,1000,1500,
38120,up,ok,1886,2830,1000,1500,
38125,orig,ok,1000,1500,1000,1500,
38246,up,ok,1708,2586,1000,1500,
38260,orig,ok,1694,2541,1000,1500,
38261,orig,ok,2000,3000,1000,1500,
38267,orig,ok,2000,3000,1000,1500,
38269,up,ok,1920,2880,1000,1500,
38273,up,ok,1846,2770,1000,1500,
38346,orig,ok,1000,1500,1000,1500,
38412,orig,ok,2000,3000,1000,1500,
38446,orig,ok,1000,1500,1000,1500,
38464,orig,ok,1000,1500,1000,1500,
38468,up,ok,1920,2880,1000,1500,
38498,orig,ok,1000,1500,1000,1500,
38499,orig,ok,1000,1500,1000,1500,
38500,orig,ok,2000,3000,1000,1500,
38503,orig,ok,1000,1500,1000,1500,
38610,up,ok,1560,2340,1000,1500,
38701,orig,ok,1560,2340,1000,1500,
38750,orig,ok,1000,1500,1000,1500,
38753,orig,ok,1000,1500,1000,1500,
38761,orig,ok,1000,1500,1000,1500,
38775,orig,ok,1000,1500,1000,1500,
38823,up,ok,1920,2880,1000,1500,
38826,orig,ok,1000,1500,1000,1500,
38829,up,ok,1600,2134,1000,1500,
38942,orig,ok,1000,1500,1000,1500,
38946,orig,ok,1707,2560,1000,1500,
38996,up,ok,1920,2880,1000,1500,
39006,orig,ok,1000,1500,1000,1500,
39043,orig,ok,1000,1500,1000,1500,
39044,orig,ok,1000,1500,1000,1500,
39050,up,ok,1390,2000,1000,1500,
39154,orig,ok,2000,2667,1000,1500,
39158,orig,ok,1047,1570,1000,1500,
39167,up,ok,1000,1500,1000,1500,
39171,up,ok,1254,1874,1000,1500,
39176,orig,ok,1000,1500,1000,1500,
39195,orig,ok,1000,1500,1000,1500,
39222,orig,ok,1000,1500,1000,1500,
39252,up,ok,1200,1800,1000,1500,
39262,up,ok,1920,2880,1000,1500,
39263,orig,ok,1000,1500,1000,1500,
39283,up,ok,1920,2880,1000,1500,
39297,up,ok,1084,1536,1000,1500,
39303,orig,ok,1000,1500,1000,1500,
39311,up,ok,1200,1800,1000,1500,
39322,up,ok,1000,1500,1000,1500,
39370,up,ok,1000,1544,1000,1500,
39392,orig,ok,2000,3000,1000,1500,
39407,orig,ok,2000,3000,1000,1500,
39408,orig,ok,2000,3000,1000,1500,
39409,orig,ok,2000,3000,1000,1500,
39437,orig,ok,1458,2187,1000,1500,
39441,orig,ok,1686,2529,1000,1500,
39453,up,ok,1040,1540,1000,1500,
39509,up,ok,1000,1500,1000,1500,
39563,orig,ok,1000,1500,1000,1500,
39564,orig,ok,2000,3000,1000,1500,
39572,up,ok,1468,2000,1000,1500,
39700,up,ok,1000,1500,1000,1500,
39805,up,ok,1690,2400,1000,1500,
39814,orig,ok,1000,1500,1000,1500,
39844,orig,ok,1200,1800,1000,1500,
39855,orig,ok,1000,1500,1000,1500,
39859,up,ok,1548,2322,1000,1500,
39861,orig,ok,1000,1500,1000,1500,
39862,up,ok,1920,2880,1000,1500,
39867,orig,ok,1000,1500,1000,1500,
39868,orig,ok,1000,1500,1000,1500,
39869,orig,ok,1400,2100,1000,1500,
39882,orig,ok,1696,2528,1000,1500,
39884,up,ok,1560,2340,1000,1500,
39893,orig,ok,1400,2100,1000,1500,
39898,orig,ok,1009,1515,1000,1500,
39899,orig,ok,1000,1500,1000,1500,
39908,up,ok,1920,2880,1000,1500,
39909,orig,ok,1000,1500,1000,1500,
39912,up,ok,1200,1800,1000,1500,
39914,up,ok,1704,2556,1000,1500,
39916,orig,ok,1000,1500,1000,1500,
39924,orig,ok,2000,3000,1000,1500,
39925,orig,ok,1000,1500,1000,1500,
39930,orig,ok,1000,1500,1000,1500,
39932,up,ok,1334,2000,1000,1500,
39959,up,ok,1468,2202,1000,1500,
39982,up,ok,1334,2000,1000,1500,
39984,orig,ok,1019,1528,1000,1500,
39997,orig,ok,1000,1500,1000,1500,
40009,up,ok,1000,1500,1000,1500,
40012,up,ok,1920,2880,1000,1500,
40015,up,ok,1280,1744,1000,1500,
40026,orig,ok,1400,2100,1000,1500,
40028,orig,ok,1000,1500,1000,1500,
40034,orig,ok,1000,1500,1000,1500,
40039,orig,ok,1000,1500,1000,1500,
40040,orig,ok,2000,3000,1000,1500,
40041,up,ok,1160,1758,1000,1500,
40042,orig,ok,1000,1500,1000,1500,
40059,orig,ok,2000,3000,1000,1500,
40060,orig,ok,1000,1500,1000,1500,
40064,orig,ok,1000,1500,1000,1500,
40065,orig,ok,2000,3000,1000,1500,
40078,orig,ok,1000,1500,1000,1500,
40088,orig,ok,1000,1500,1000,1500,
40091,up,ok,1920,2880,1000,1500,
40102,orig,ok,1000,1500,1000,1500,
40115,up,ok,1920,2880,1000,1500,
40129,up,ok,1334,2000,1000,1500,
40139,up,ok,1920,2880,1000,1500,
40146,orig,ok,1000,1500,1000,1500,
40147,orig,ok,2000,3000,1000,1500,
40158,orig,ok,1000,1500,1000,1500,
40168,orig,ok,1000,1500,1000,1500,
40218,orig,ok,1000,1500,1000,1500,
40219,orig,ok,1000,1500,1000,1500,
40220,orig,ok,2000,3000,1000,1500,
40222,orig,ok,1000,1500,1000,1500,
40231,up,ok,1920,2880,1000,1500,
40236,up,ok,1884,2824,1000,1500,
40238,orig,ok,1000,1500,1000,1500,
40241,orig,ok,1000,1500,1000,1500,
40244,orig,ok,1000,1500,1000,1500,
40251,orig,ok,1000,1500,1000,1500,
40252,orig,ok,1000,1500,1000,1500,
40338,orig,ok,1400,1867,1000,1500,
40341,orig,ok,1000,1500,1000,1500,
40343,up,ok,1920,2880,1000,1500,
40350,up,ok,1920,2880,1000,1500,
40353,orig,ok,1000,1500,1000,1500,
40366,up,ok,1560,2290,1000,1500,
40368,up,ok,1920,2880,1000,1500,
40387,orig,ok,1000,1500,1000,1500,
40448,up,ok,1664,2496,1000,1500,
40449,up,ok,1920,2880,1000,1500,
40451,orig,ok,1400,2100,1000,1500,
40458,up,ok,1920,2880,1000,1500,
40460,orig,ok,1000,1500,1000,1500,
40462,up,ok,1570,2250,1000,1500,
40463,orig,ok,1000,1500,1000,1500,
40464,orig,ok,1000,1500,1000,1500,
40465,orig,ok,1000,1500,1000,1500,
40467,orig,ok,1000,1500,1000,1500,
40469,orig,ok,1000,1500,1000,1500,
40549,orig,ok,1000,1500,1000,1500,
40599,up,ok,1920,2880,1000,1500,
40760,orig,ok,2000,3000,1000,1500,
40761,orig,ok,2000,3000,1000,1500,
40800,orig,ok,1000,1500,1000,1500,
40804,up,ok,1316,1974,1000,1500,
40833,orig,ok,1000,1500,1000,1500,
40854,orig,ok,2000,3000,1000,1500,
40877,up,ok,1920,2880,1000,1500,
40931,up,ok,1000,1500,1000,1500,
40951,orig,ok,1234,1851,1000,1500,
40954,orig,ok,1870,2820,1000,1500,
40955,orig,ok,2000,3000,1000,1500,
40967,orig,ok,1526,2150,1000,1500,
41018,orig,ok,1000,1500,1000,1500,
41020,up,ok,1458,2188,1000,1500,
41021,up,ok,1052,1578,1000,1500,
41022,orig,ok,1771,2657,1000,1500,
41023,up,ok,1920,2880,1000,1500,
41024,up,ok,1920,2880,1000,1500,
41027,orig,ok,1000,1500,1000,1500,
41030,orig,ok,1793,2690,1000,1500,
41033,up,ok,1000,1500,1000,1500,
41035,orig,ok,1000,1500,1000,1500,
41038,orig,ok,1000,1500,1000,1500,
41118,orig,ok,2000,3000,1000,1500,
41203,orig,ok,1000,1500,1000,1500,
41235,up,ok,1560,2340,1000,1500,
41239,orig,ok,1000,1500,1000,1500,
41367,up,ok,1000,1500,1000,1500,
41374,up,ok,1126,1688,1000,1500,
41385,orig,ok,1000,1500,1000,1500,
41434,orig,ok,1000,1500,1000,1500,
41443,orig,ok,2000,3000,1000,1500,
41445,orig,ok,1000,1500,1000,1500,
41516,orig,ok,1000,1500,1000,1500,
41543,orig,ok,1000,1500,1000,1500,
41547,up,ok,1440,2160,1000,1500,
41560,up,ok,1920,2880,1000,1500,
41570,orig,ok,1000,1500,1000,1500,
41574,orig,ok,1000,1500,1000,1500,
41651,orig,ok,2000,3000,1000,1500,
41656,up,ok,1428,2000,1000,1500,
41671,orig,ok,1000,1500,1000,1500,
41704,up,ok,1600,2400,1000,1500,
41740,up,ok,1000,1500,1000,1500,
41769,orig,ok,1000,1500,1000,1500,
41771,orig,ok,1060,1590,1000,1500,
41793,orig,ok,1000,1500,1000,1500,
41824,up,ok,1412,2000,1000,1500,
41825,orig,ok,1000,1500,1000,1500,
41827,orig,ok,1000,1500,1000,1500,
41848,orig,ok,1000,1500,1000,1500,
41920,up,ok,1600,2400,1000,1500,
41959,orig,ok,1000,1500,1000,1500,
41966,up,ok,1920,2880,1000,1500,
41967,up,ok,1788,2630,1000,1500,
42114,orig,ok,1000,1500,1000,1500,
42186,up,ok,1664,2496,1000,1500,
42187,orig,ok,1000,1500,1000,1500,
42215,orig,ok,1000,1500,1000,1500,
42218,orig,ok,1000,1500,1000,1500,
42245,orig,ok,1000,1500,1000,1500,
42251,orig,ok,2000,3000,1000,1500,
42285,up,ok,1000,1500,1000,1500,
42289,up,ok,1576,2160,1000,1500,
42307,orig,ok,1000,1500,1000,1500,
42333,orig,ok,1000,1500,1000,1500,
42344,orig,ok,1000,1500,1000,1500,
42452,up,ok,1000,1500,1000,1500,
42455,orig,ok,2000,3000,1000,1500,
42466,orig,ok,1600,2400,1000,1500,
42469,orig,ok,1050,1575,1000,1500,
42476,orig,ok,1000,1500,1000,1500,
42477,up,ok,1200,1800,1000,1500,
42487,orig,ok,1200,1800,1000,1500,
42519,orig,ok,1200,1800,1000,1500,
42526,orig,ok,1000,1500,1000,1500,
42530,up,ok,1100,1650,1000,1500,
42549,orig,ok,1000,1500,1000,1500,
42594,orig,ok,1000,1500,1000,1500,
42663,orig,ok,1000,1500,1000,1500,
42667,orig,ok,1000,1500,1000,1500,
42671,orig,ok,1000,1500,1000,1500,
42689,orig,ok,1000,1500,1000,1500,
42705,orig,ok,1000,1500,1000,1500,
42709,orig,ok,1365,2048,1000,1500,
42710,orig,ok,1000,1500,1000,1500,
42717,up,ok,1920,2880,1000,1500,
42729,orig,ok,1175,1763,1000,1500,
42735,orig,ok,1000,1500,1000,1500,
42745,orig,ok,1829,2744,1000,1500,
42787,orig,ok,1000,1500,1000,1500,
42793,orig,ok,1000,1500,1000,1500,
42796,orig,ok,1280,1920,1000,1500,
42869,up,ok,1920,2880,1000,1500,
42906,orig,ok,1600,2400,1000,1500,
42916,orig,ok,1000,1500,1000,1500,
42917,orig,ok,1280,1920,1000,1500,
42939,up,ok,1920,2880,1000,1500,
42942,up,ok,1000,1500,1000,1500,
43014,orig,ok,2000,3000,1000,1500,
43015,orig,ok,1200,1800,1000,1500,
43023,orig,ok,2000,2810,1000,1500,
43045,up,ok,1332,2000,1000,1500,
43065,orig,ok,1400,2100,1000,1500,
43081,up,ok,1560,2488,1000,1500,
43084,up,ok,1000,1500,1000,1500,
43086,orig,ok,1000,1500,1000,1500,
43093,orig,ok,1000,1500,1000,1500,
43105,orig,ok,1000,1500,1000,1500,
43109,orig,ok,1000,1500,1000,1500,
43115,orig,ok,1582,2373,1000,1500,
43117,orig,ok,1000,1500,1000,1500,
43120,orig,ok,1000,1500,1000,1500,
43143,up,ok,1386,2080,1000,1500,
43148,orig,ok,1000,1500,1000,1500,
43228,orig,ok,1771,2656,1000,1500,
43248,orig,ok,1432,2148,1000,1500,
43249,up,ok,1920,2880,1000,1500,
43312,up,ok,1640,2460,1000,1500,
43342,orig,ok,1333,2000,1000,1500,
43353,orig,ok,2000,3000,1000,1500,
43402,orig,ok,1175,1763,1000,1500,
43545,up,ok,1480,2220,1000,1500,
43585,orig,ok,1000,1500,1000,1500,
43587,up,ok,1200,1800,1000,1500,
43613,up,ok,1200,1800,1000,1500,
43624,orig,ok,1264,1857,1000,1500,
43639,orig,ok,1000,1500,1000,1500,
43686,orig,ok,1175,1763,1000,1500,
43715,orig,ok,1600,2400,1000,1500,
43717,orig,ok,1707,2560,1000,1500,
43737,orig,ok,1000,1500,1000,1500,
43743,up,ok,1868,2800,1000,1500,
43749,up,ok,1488,2232,1000,1500,
43753,up,ok,1920,2880,1000,1500,
43796,orig,ok,1804,2706,1000,1500,
44000,orig,ok,1000,1500,1000,1500,
44001,up,ok,1000,1500,1000,1500,
44008,orig,ok,1000,1500,1000,1500,
44014,orig,ok,1000,1500,1000,1500,
44027,orig,ok,1400,2100,1000,1500,
44041,orig,ok,1000,1500,1000,1500,
44097,orig,ok,1000,1500,1000,1500,
44184,up,ok,1000,1500,1000,1500,
44186,orig,ok,2000,3000,1000,1500,
44195,orig,ok,1000,1500,1000,1500,
44213,up,ok,1600,2400,1000,1500,
44224,orig,ok,1000,1500,1000,1500,
44259,up,ok,1920,2880,1000,1500,
44265,orig,ok,2000,3000,1000,1500,
44289,orig,ok,1000,1500,1000,1500,
44340,up,ok,1892,2838,1000,1500,
44385,orig,ok,1500,2250,1000,1500,
44493,up,ok,1000,1500,1000,1500,
44499,orig,ok,2000,3000,1000,1500,
44500,up,ok,1012,1500,1000,1500,
44545,orig,ok,1094,1641,1000,1500,
44585,up,ok,1722,2584,1000,1500,
44586,up,ok,1920,2880,1000,1500,
44591,orig,ok,2000,3000,1000,1500,
44625,orig,ok,1000,1500,1000,1500,
44632,orig,ok,1067,1600,1000,1500,
44682,up,ok,1606,2552,1000,1500,
44690,up,ok,1200,1800,1000,1500,
44692,up,ok,1920,2880,1000,1500,
44693,orig,ok,1868,2802,1000,1500,
44698,orig,ok,1000,1500,1000,1500,
44759,up,ok,1000,1500,1000,1500,
44859,orig,ok,1000,1500,1000,1500,
44932,orig,ok,2000,3000,1000,1500,
44936,orig,ok,1000,1500,1000,1500,
44950,up,ok,1180,1770,1000,1500,
44960,orig,ok,1024,1536,1000,1500,
45009,orig,ok,1280,1920,1000,1500,
45017,up,ok,1920,2880,1000,1500,
45031,up,ok,1920,2880,1000,1500,
45052,up,ok,1920,2880,1000,1500,
45101,orig,ok,1500,2250,1000,1500,
45102,orig,ok,1000,1500,1000,1500,
45273,up,ok,1934,2902,1000,1500,
45322,orig,ok,2000,3000,1000,1500,
45347,orig,ok,1728,2592,1000,1500,
45431,orig,ok,1000,1500,1000,1500,
45511,orig,ok,2000,3000,1000,1500,
45527,orig,ok,1000,1500,1000,1500,
45551,orig,ok,1366,2049,1000,1500,
45577,orig,ok,1280,1920,1000,1500,
45593,up,ok,1560,2340,1000,1500,
45607,up,ok,1000,1560,1000,1500,
45641,orig,ok,1400,2100,1000,1500,
45655,orig,ok,1000,1500,1000,1500,
45674,up,ok,1920,2880,1000,1500,
45714,up,ok,1660,2490,1000,1500,
45729,up,ok,1920,2880,1000,1500,
45746,orig,ok,2000,3000,1000,1500,
45773,orig,ok,1000,1500,1000,1500,
45778,up,ok,1880,2820,1000,1500,
45779,orig,ok,1400,2100,1000,1500,
45803,up,ok,1920,2880,1000,1500,
45830,orig,ok,1000,1500,1000,1500,
45835,orig,ok,1000,1500,1000,1500,
45853,orig,ok,1268,1902,1000,1500,
45862,orig,ok,1000,1482,1000,1500,
45921,orig,ok,1000,1500,1000,1500,
45937,orig,ok,1000,1500,1000,1500,
45961,up,ok,1000,1500,1000,1500,
46009,up,ok,1200,1800,1000,1500,
46113,orig,ok,2000,3000,1000,1500,
46117,orig,ok,1476,2172,1000,1500,
46120,up,ok,1920,2880,1000,1500,
46158,up,ok,1000,1500,1000,1500,
46171,up,ok,1152,1728,1000,1500,
46172,orig,ok,1280,1901,1000,1500,
46202,up,ok,1600,2400,1000,1500,
46230,orig,ok,1532,2298,1000,1500,
46284,orig,ok,1000,1500,1000,1500,
46297,orig,ok,1536,2164,1000,1500,
46328,up,ok,1920,2880,1000,1500,
46330,orig,ok,1000,1500,1000,1500,
46359,up,ok,1920,2880,1000,1500,
46364,orig,ok,2000,3000,1000,1500,
46365,orig,ok,1000,1500,1000,1500,
46368,orig,ok,1066,1599,1000,1500,
46398,up,ok,1000,1500,1000,1500,
46439,orig,ok,1000,1500,1000,1500,
46452,orig,ok,1116,1600,1000,1500,
46464,orig,ok,1000,1500,1000,1500,
46467,up,ok,1392,2000,1000,1500,
46507,orig,ok,1000,1434,1000,1500,
46522,orig,ok,1000,1500,1000,1500,
46695,orig,ok,1000,1500,1000,1500,
46711,orig,ok,1000,1500,1000,1500,
46759,orig,ok,1800,2700,1000,1500,
46788,orig,ok,1290,1935,1000,1500,
46802,orig,ok,1000,1500,1000,1500,
46878,orig,ok,1000,1500,1000,1500,
46885,orig,ok,1200,1800,1000,1500,
46939,orig,ok,1000,1500,1000,1500,
46970,up,ok,1920,2880,1000,1500,
47001,orig,ok,1000,1500,1000,1500,
47003,orig,ok,1000,1500,1000,1500,
47038,orig,ok,1000,1500,1000,1500,
47044,orig,ok,2000,3000,1000,1500,
47065,orig,ok,1000,1500,1000,1500,
47090,orig,ok,1052,1578,1000,1500,
47177,orig,ok,1000,1500,1000,1500,
47191,orig,ok,1000,1500,1000,1500,
47194,up,ok,1560,2340,1000,1500,
47259,up,ok,1920,2880,1000,1500,
47286,up,ok,1280,1920,1000,1500,
47335,up,ok,1920,2880,1000,1500,
47340,orig,ok,1000,1500,1000,1500,
47410,orig,ok,1000,1500,1000,1500,
47436,up,ok,1512,2134,1000,1500,
47488,orig,ok,1500,2250,1000,1500,
47515,orig,ok,1066,1600,1000,1500,
47553,orig,ok,1000,1500,1000,1500,
47593,orig,ok,2000,3000,1000,1500,
47615,orig,ok,1000,1500,1000,1500,
47620,orig,ok,1000,1500,1000,1500,
47654,orig,ok,1067,1600,1000,1500,
47674,orig,ok,2000,3000,1000,1500,
47678,orig,ok,1000,1500,1000,1500,
47827,orig,ok,1000,1500,1000,1500,
47891,orig,ok,1060,1590,1000,1500,
47892,orig,ok,1000,1500,1000,1500,
47894,up,ok,1920,2880,1000,1500,
48015,orig,ok,1000,1500,1000,1500,
48016,orig,ok,1000,1500,1000,1500,
48038,orig,ok,2000,3000,1000,1500,
48131,orig,ok,1280,1920,1000,1500,
48136,up,ok,1920,2880,1000,1500,
48147,up,ok,1920,2880,1000,1500,
48221,orig,ok,1000,1500,1000,1500,
48291,up,ok,1756,2634,1000,1500,
48309,up,ok,1560,2340,1000,1500,
48311,orig,ok,1000,1500,1000,1500,
48312,up,ok,1200,1800,1000,1500,
48350,orig,ok,1500,2250,1000,1500,
48385,orig,ok,1000,1500,1000,1500,
48421,up,ok,1800,2700,1000,1500,
48447,up,ok,1032,1500,1000,1500,
48519,orig,ok,1280,1920,1000,1500,
48565,orig,ok,1000,1500,1000,1500,
48587,orig,ok,2000,3000,1000,1500,
48660,orig,ok,2000,3000,1000,1500,
48669,up,ok,1560,2338,1000,1500,
48675,up,ok,1676,2358,1000,1500,
48800,orig,ok,1000,1500,1000,1500,
48803,up,ok,1000,1500,1000,1500,
48808,up,ok,1400,1990,1000,1500,
48809,up,ok,1130,1600,1000,1500,
48813,orig,ok,1066,1600,1000,1500,
48836,orig,ok,1364,2045,1000,1500,
48837,orig,ok,1600,2400,1000,1500,
48843,orig,ok,1000,1500,1000,1500,
48921,orig,ok,1000,1500,1000,1500,
49090,orig,ok,1000,1500,1000,1500,
49209,orig,ok,1000,1500,1000,1500,
49222,up,ok,1920,2880,1000,1500,
49231,orig,ok,1000,1500,1000,1500,
49237,orig,ok,1000,1500,1000,1500,
49304,orig,ok,1227,1891,1000,1500,
49332,orig,ok,1000,1500,1000,1500,
49343,orig,ok,2000,3000,1000,1500,
49347,orig,ok,1447,2170,1000,1500,
49348,up,ok,1000,1500,1000,1500,
49351,up,ok,1262,1892,1000,1500,
49359,up,ok,1920,2880,1000,1500,
49362,up,ok,1332,2000,1000,1500,
49365,orig,ok,1300,1950,1000,1500,
49379,orig,ok,1000,1500,1000,1500,
49433,orig,ok,1000,1500,1000,1500,
49439,orig,ok,1924,2886,1000,1500,
49597,orig,ok,1000,1500,1000,1500,
49673,orig,ok,1400,2100,1000,1500,
49684,orig,ok,1000,1500,1000,1500,
49745,orig,ok,1000,1500,1000,1500,
49746,orig,ok,1606,2560,1000,1500,
49748,orig,ok,2000,3000,1000,1500,
49794,up,ok,1000,1500,1000,1500,
49800,up,ok,1000,1500,1000,1500,
49801,orig,ok,1000,1500,1000,1500,
49810,orig,ok,1771,2656,1000,1500,
49830,orig,ok,1000,1500,1000,1500,
49847,up,ok,1084,1536,1000,1500,
49958,orig,ok,1333,2000,1000,1500,
49960,up,ok,1920,2880,1000,1500,
49970,orig,ok,2000,3000,1000,1500,
49988,orig,ok,1801,2700,1000,1500,
50038,up,ok,1000,1500,1000,1500,
50110,up,ok,1916,2874,1000,1500,
50153,orig,ok,1000,1500,1000,1500,
50317,orig,ok,1000,1397,1000,1500,
50376,orig,ok,1000,1500,1000,1500,
50382,orig,ok,1175,1763,1000,1500,
50392,orig,ok,1000,1500,1000,1500,
50394,orig,ok,2000,3000,1000,1500,
50395,orig,ok,1976,3000,1000,1500,
50427,up,ok,1332,2000,1000,1500,
50466,orig,ok,1000,1500,1000,1500,
50471,up,ok,1334,2000,1000,1500,
50497,up,ok,1920,2880,1000,1500,
50567,orig,ok,1000,1500,1000,1500,
50604,up,ok,1054,1500,1000,1500,
50606,up,ok,1000,1500,1000,1500,
50636,orig,ok,2000,3000,1000,1500,
50638,up,ok,1920,2880,1000,1500,
50699,orig,ok,1000,1493,1000,1500,
50762,up,ok,1000,1500,1000,1500,
50808,up,ok,1000,1502,1000,1500,
50852,up,ok,1000,1500,1000,1500,
50959,up,ok,1920,2880,1000,1500,
50962,orig,ok,1000,1500,1000,1500,
50973,orig,ok,2000,3000,1000,1500,
50979,orig,ok,1353,2029,1000,1500,
51021,up,ok,1920,2880,1000,1500,
51046,up,ok,1920,2880,1000,1500,
51176,orig,ok,1280,1854,1000,1500,
51215,orig,ok,1000,1500,1000,1500,
51260,orig,ok,1000,1500,1000,1500,
51442,orig,ok,1000,1500,1000,1500,
51465,orig,ok,1067,1600,1000,1500,
51541,up,ok,1920,2880,1000,1500,
51586,up,ok,1676,2362,1000,1500,
51590,up,ok,1560,2350,1000,1500,
51723,up,ok,1064,1596,1000,1500,
51776,orig,ok,2000,3000,1000,1500,
51782,orig,ok,1000,1500,1000,1500,
51831,up,ok,1000,1500,1000,1500,
51842,orig,ok,1061,1500,1000,1500,
52017,orig,ok,1000,1500,1000,1500,
52021,orig,ok,1000,1500,1000,1500,
52022,orig,ok,1000,1500,1000,1500,
52023,up,ok,1920,2880,1000,1500,
52034,orig,ok,1400,2100,1000,1500,
52044,orig,ok,2000,3000,1000,1500,
52046,orig,ok,1200,1600,1000,1500,
52086,up,ok,1152,1728,1000,1500,
52196,orig,ok,2000,3000,1000,1500,
52202,orig,ok,1000,1500,1000,1500,
52203,orig,ok,1000,1500,1000,1500,
52204,up,ok,1000,1500,1000,1500,
52263,up,ok,1560,2340,1000,1500,
52308,up,ok,1054,1500,1000,1500,
52309,orig,ok,1000,1462,1000,1500,
52318,orig,ok,1000,1500,1000,1500,
52326,up,ok,1000,1500,1000,1500,
52348,up,ok,1000,1500,1000,1500,
52455,up,ok,1920,2880,1000,1500,
52631,up,ok,1920,2880,1000,1500,
52639,orig,ok,1000,1500,1000,1500,
52685,orig,ok,1500,2250,1000,1500,
52702,orig,ok,1000,1500,1000,1500,
52742,up,ok,1000,1500,1000,1500,
52745,up,ok,1152,1728,1000,1500,
52788,orig,ok,1000,1500,1000,1500,
52817,orig,ok,1280,1920,1000,1500,
52840,orig,ok,1638,2457,1000,1500,
52868,orig,ok,1000,1500,1000,1500,
52923,orig,ok,1575,2100,1000,1500,
52940,up,ok,1920,2880,1000,1500,
52941,orig,ok,1000,1500,1000,1500,
53007,up,ok,1000,1500,1000,1500,
53036,up,ok,1082,1600,1000,1500,
53045,orig,ok,1000,1500,1000,1500,
53101,orig,ok,2000,3000,1000,1500,
53149,orig,ok,1156,1733,1000,1500,
53187,orig,ok,1000,1500,1000,1500,
53335,up,ok,1600,2400,1000,1500,
53347,orig,ok,1000,1500,1000,1500,
53355,orig,ok,1000,1500,1000,1500,
53442,up,ok,1236,1854,1000,1500,
53463,up,ok,1920,2880,1000,1500,
53501,orig,ok,2000,3000,1000,1500,
53502,orig,ok,1000,1500,1000,1500,
53618,orig,ok,1073,1600,1000,1500,
53661,orig,ok,1000,1500,1000,1500,
53806,up,ok,1424,2138,1000,1500,
53811,up,ok,1920,2880,1000,1500,
53949,orig,ok,1000,1500,1000,1500,
53950,orig,ok,1500,2250,1000,1500,
53953,up,ok,1920,2880,1000,1500,
53967,orig,ok,1000,1500,1000,1500,
53994,orig,ok,2000,3000,1000,1500,
54008,orig,ok,1332,2000,1000,1500,
54013,orig,ok,2000,3000,1000,1500,
54070,orig,ok,1280,1920,1000,1500,
54075,orig,ok,1000,1500,1000,1500,
54094,orig,ok,1000,1500,1000,1500,
54099,orig,ok,1000,1500,1000,1500,
54101,orig,ok,1526,2174,1000,1500,
54109,orig,ok,1000,1500,1000,1500,
54116,orig,ok,1000,1500,1000,1500,
54118,orig,ok,1170,1747,1000,1500,
54121,up,ok,1000,1500,1000,1500,
54124,up,ok,1000,1500,1000,1500,
54132,orig,ok,1000,1500,1000,1500,
54133,orig,ok,1000,1500,1000,1500,
54208,up,ok,1004,1506,1000,1500,
54211,up,ok,1846,2770,1000,1500,
54496,orig,ok,1000,1500,1000,1500,
54511,orig,ok,1000,1500,1000,1500,
54582,up,ok,1000,1500,1000,1500,
54585,up,ok,1630,2400,1000,1500,
54586,up,ok,1872,2808,1000,1500,
54595,up,ok,1150,1628,1000,1500,
54606,orig,ok,1920,2560,1000,1500,
54608,orig,ok,1000,1500,1000,1500,
54612,orig,ok,2000,3000,1000,1500,
54653,orig,ok,1000,1500,1000,1500,
54700,orig,ok,1000,1500,1000,1500,
54702,orig,ok,1000,1500,1000,1500,
54750,up,ok,1332,1998,1000,1500,
54753,orig,ok,1200,1800,1000,1500,
54800,up,ok,1920,2880,1000,1500,
54801,up,ok,1664,2496,1000,1500,
54811,orig,ok,1000,1500,1000,1500,
54868,orig,ok,1000,1500,1000,1500,
54871,orig,ok,1000,1500,1000,1500,
54923,up,ok,1016,1500,1000,1500,
54942,orig,ok,1000,1500,1000,1500,
54961,orig,ok,2000,3000,1000,1500,
54963,up,ok,1200,1800,1000,1500,
54965,up,ok,1920,2880,1000,1500,
55006,up,ok,1600,2400,1000,1500,
55016,orig,ok,1000,1500,1000,1500,
55018,orig,ok,1000,1480,1000,1500,
55045,orig,ok,1000,1500,1000,1500,
55066,orig,ok,1000,1500,1000,1500,
55073,up,ok,1200,1800,1000,1500,
55074,orig,ok,1500,2250,1000,1500,
55077,orig,ok,1500,2250,1000,1500,
55078,orig,ok,1000,1500,1000,1500,
55079,up,ok,1000,1500,1000,1500,
55080,orig,ok,1277,1916,1000,1500,
55081,up,ok,1448,1920,1000,1500,
55083,up,ok,1920,2880,1000,1500,
55102,up,ok,1000,1500,1000,1500,
55152,orig,ok,1000,1500,1000,1500,
55170,up,ok,1000,1500,1000,1500,
55173,up,ok,1000,1500,1000,1500,
55209,orig,ok,1000,1500,1000,1500,
55366,orig,ok,1000,1420,1000,1500,
55449,orig,ok,1000,1500,1000,1500,
55515,orig,ok,1000,1500,1000,1500,
55529,orig,ok,1000,1500,1000,1500,
55537,orig,ok,1000,1500,1000,1500,
55547,orig,ok,1000,1500,1000,1500,
55660,orig,ok,1000,1500,1000,1500,
55662,up,ok,1920,2880,1000,1500,
55663,orig,ok,1460,2190,1000,1500,
55667,orig,ok,1000,1500,1000,1500,
55684,up,ok,1920,2880,1000,1500,
55691,orig,ok,1000,1500,1000,1500,
55723,orig,ok,1280,1897,1000,1500,
55784,orig,ok,1600,2400,1000,1500,
55809,orig,ok,1000,1500,1000,1500,
55813,up,ok,1706,2560,1000,1500,
55861,orig,ok,1000,1500,1000,1500,
55888,up,ok,1920,2880,1000,1500,
55939,up,ok,1032,1550,1000,1500,
55943,orig,ok,1070,1605,1000,1500,
55949,orig,ok,1000,1500,1000,1500,
55952,orig,ok,1560,2340,1000,1500,
56021,orig,ok,1200,1800,1000,1500,
56023,orig,ok,1000,1422,1000,1500,
56026,orig,ok,1280,1920,1000,1500,
56035,orig,ok,2000,3000,1000,1500,
56092,up,ok,1920,2880,1000,1500,
56109,up,ok,1000,1500,1000,1500,
56132,orig,ok,1000,1500,1000,1500,
56144,orig,ok,1057,1500,1000,1500,
56165,orig,ok,1205,1807,1000,1500,
56242,orig,ok,2000,3000,1000,1500,
56259,orig,ok,1000,1500,1000,1500,
56306,up,ok,1000,1500,1000,1500,
56364,orig,ok,1000,1500,1000,1500,
56383,orig,ok,1000,1500,1000,1500,
56428,up,ok,1366,2048,1000,1500,
56429,up,ok,1920,2880,1000,1500,
56529,orig,ok,1036,1554,1000,1500,
56530,orig,ok,2000,3000,1000,1500,
56537,up,ok,1000,1500,1000,1500,
56560,up,ok,1040,1540,1000,1500,
56642,orig,ok,1347,2021,1000,1500,
56705,orig,ok,2000,3000,1000,1500,
56721,orig,ok,1102,1536,1000,1500,
56767,orig,ok,1000,1500,1000,1500,
56860,up,ok,1560,2340,1000,1500,
56997,up,ok,1920,2880,1000,1500,
57008,orig,ok,1000,1500,1000,1500,
57061,orig,ok,2000,3000,1000,1500,
57085,orig,ok,1000,1500,1000,1500,
57190,orig,ok,2000,3000,1000,1500,
57236,up,ok,1000,1500,1000,1500,
57289,orig,ok,2000,3000,1000,1500,
57293,up,ok,1560,2242,1000,1500,
57313,orig,ok,1400,2100,1000,1500,
57503,up,ok,1350,2000,1000,1500,
57597,orig,ok,1067,1600,1000,1500,
57665,orig,ok,1000,1500,1000,1500,
57733,orig,ok,1000,1500,1000,1500,
57744,orig,ok,1000,1500,1000,1500,
57749,orig,ok,1000,1500,1000,1500,
57812,orig,ok,1000,1500,1000,1500,
57817,up,ok,1000,1500,1000,1500,
57845,orig,ok,1000,1500,1000,1500,
57949,orig,ok,1000,1500,1000,1500,
57950,orig,ok,1500,2250,1000,1500,
57961,orig,ok,1000,1500,1000,1500,
58010,orig,ok,1000,1500,1000,1500,
58027,up,ok,1000,1500,1000,1500,
58093,orig,ok,1000,1500,1000,1500,
58200,orig,ok,1439,2158,1000,1500,
58206,up,ok,1000,1504,1000,1500,
58238,orig,ok,1000,1500,1000,1500,
58250,up,ok,1764,2646,1000,1500,
58623,up,ok,1000,1500,1000,1500,
58643,up,ok,1360,2000,1000,1500,
58644,up,ok,1560,2340,1000,1500,
58664,up,ok,1920,2880,1000,1500,
58668,up,ok,1000,1500,1000,1500,
58676,orig,ok,2000,3000,1000,1500,
58690,orig,ok,1000,1500,1000,1500,
58718,orig,ok,1000,1500,1000,1500,
58765,up,ok,1356,2000,1000,1500,
58782,up,ok,1440,2160,1000,1500,
58789,orig,ok,1000,1500,1000,1500,
58790,orig,ok,1000,1500,1000,1500,
58792,up,ok,1920,2880,1000,1500,
58795,up,ok,1000,1500,1000,1500,
58796,orig,ok,1000,1500,1000,1500,
58797,orig,ok,2000,3000,1000,1500,
58801,orig,ok,1000,1500,1000,1500,
58802,up,ok,1200,1800,1000,1500,
58807,orig,ok,1400,2100,1000,1500,
58862,orig,ok,1000,1500,1000,1500,
58864,orig,ok,1000,1500,1000,1500,
58899,orig,ok,1157,1590,1000,1500,
58903,up,ok,1920,2880,1000,1500,
58955,orig,ok,1530,2138,1000,1500,
58965,up,ok,1866,2800,1000,1500,
58980,orig,ok,2000,3000,1000,1500,
58983,up,ok,1000,1500,1000,1500,
58986,up,ok,1000,1500,1000,1500,
58987,orig,ok,2000,3000,1000,1500,
58989,up,ok,1248,1872,1000,1500,
58997,up,ok,1654,2484,1000,1500,
58998,up,ok,1000,1500,1000,1500,
59011,up,ok,1400,2100,1000,1500,
59039,orig,ok,1600,2400,1000,1500,
59051,up,ok,1000,1500,1000,1500,
59093,up,ok,1128,1744,1000,1500,
59095,up,ok,1000,1500,1000,1500,
59114,up,ok,1000,1500,1000,1500,
59120,orig,ok,1066,1600,1000,1500,
59158,up,ok,1920,2880,1000,1500,
59220,up,ok,1200,1800,1000,1500,
59223,orig,ok,1053,1500,1000,1500,
59274,up,ok,1328,1920,1000,1500,
59309,orig,ok,1000,1500,1000,1500,
59317,orig,ok,2000,3000,1000,1500,
59546,orig,ok,1000,1500,1000,1500,
59549,up,ok,1200,1798,1000,1500,
59734,up,ok,1600,2400,1000,1500,
59735,orig,ok,1000,1500,1000,1500,
59737,up,ok,1612,2284,1000,1500,
59738,orig,ok,1000,1500,1000,1500,
59744,orig,ok,1400,2101,1000,1500,
59762,orig,ok,1365,2048,1000,1500,
59797,orig,ok,2000,3000,1000,1500,
59936,up,ok,1440,2000,1000,1500,
60009,orig,ok,1000,1500,1000,1500,
60158,up,ok,1000,1500,1000,1500,
60190,orig,ok,2000,2930,1000,1500,
60283,up,ok,1200,1788,1000,1500,
60306,orig,ok,1400,2100,1000,1500,
60398,orig,ok,1800,2700,1000,1500,
60413,up,ok,1160,1724,1000,1500,
60483,orig,ok,1000,1500,1000,1500,
60486,orig,ok,1000,1500,1000,1500,
60490,orig,ok,1000,1500,1000,1500,
60504,up,ok,1920,2880,1000,1500,
60575,up,ok,1920,2880,1000,1500,
60602,orig,ok,1920,2769,1000,1500,
60619,orig,ok,2000,3000,1000,1500,
60632,orig,ok,1000,1500,1000,1500,
60752,orig,ok,1000,1500,1000,1500,
60765,orig,ok,1000,1500,1000,1500,
60772,orig,ok,1175,1763,1000,1500,
60781,orig,ok,1000,1500,1000,1500,
60827,orig,ok,1640,2420,1000,1500,
60965,up,ok,1000,1500,1000,1500,
61043,orig,ok,1000,1500,1000,1500,
61054,orig,ok,1000,1500,1000,1500,
61233,up,ok,1400,2000,1000,1500,
61238,up,ok,1000,1500,1000,1500,
61613,up,ok,1920,2880,1000,1500,
61689,orig,ok,2000,3000,1000,1500,
61698,orig,ok,1000,1500,1000,1500,
61706,up,ok,1982,2932,1000,1500,
61716,up,ok,1330,2000,1000,1500,
61767,orig,ok,1000,1500,1000,1500,
61789,up,ok,1000,1500,1000,1500,
61904,orig,ok,1357,2123,1000,1500,
61948,orig,ok,1000,1500,1000,1500,
61980,orig,ok,1000,1500,1000,1500,
61997,orig,ok,1212,1799,1000,1500,
62105,up,ok,1020,1510,1000,1500,
62131,orig,ok,1000,1500,1000,1500,
62697,up,ok,1560,2340,1000,1500,
62904,orig,ok,1000,1500,1000,1500,
62950,orig,ok,1000,1500,1000,1500,
62962,up,ok,1868,2802,1000,1500,
62985,up,ok,1000,1500,1000,1500,
62986,orig,ok,1000,1500,1000,1500,
62993,orig,ok,1000,1500,1000,1500,
63007,up,ok,1200,1802,1000,1500,
63015,orig,ok,1000,1500,1000,1500,
63022,up,ok,1000,1500,1000,1500,
63027,up,ok,1920,2880,1000,1500,
63087,orig,ok,2000,3000,1000,1500,
63091,orig,ok,1727,2591,1000,1500,
63175,orig,ok,1748,2604,1000,1500,
63183,up,ok,1000,1500,1000,1500,
63199,orig,ok,1000,1500,1000,1500,
63317,orig,ok,1000,1500,1000,1500,
63333,up,ok,1000,1500,1000,1500,
63360,orig,ok,1000,1500,1000,1500,
63381,orig,ok,2000,3000,1000,1500,
63382,up,ok,1332,1998,1000,1500,
63409,up,ok,1350,1800,1000,1500,
63512,orig,ok,1675,2513,1000,1500,
63590,orig,ok,1000,1500,1000,1500,
63705,up,ok,1920,2880,1000,1500,
63725,orig,ok,1000,1500,1000,1500,
63727,up,ok,1914,2870,1000,1500,
63777,orig,ok,2000,3000,1000,1500,
63906,orig,ok,1175,1763,1000,1500,
63959,up,ok,1200,1800,1000,1500,
64076,orig,ok,1154,1731,1000,1500,
64077,orig,ok,1000,1500,1000,1500,
64108,orig,ok,1000,1500,1000,1500,
64343,orig,ok,1000,1500,1000,1500,
64524,orig,ok,1280,1920,1000,1500,
64568,orig,ok,1000,1500,1000,1500,
64622,orig,ok,1439,2158,1000,1500,
64717,up,ok,1920,2880,1000,1500,
64768,orig,ok,1000,1500,1000,1500,
64771,up,ok,1000,1500,1000,1500,
64788,up,ok,1588,2382,1000,1500,
64801,orig,ok,1000,1500,1000,1500,
64853,orig,ok,1000,1500,1000,1500,
64854,orig,ok,1200,1800,1000,1500,
64856,orig,ok,1053,1500,1000,1500,
64857,orig,ok,1000,1500,1000,1500,
64861,orig,ok,1000,1500,1000,1500,
64883,up,ok,1200,1800,1000,1500,
64929,up,ok,1920,2880,1000,1500,
64976,orig,ok,1500,2250,1000,1500,
65051,orig,ok,1500,2250,1000,1500,
65059,up,ok,1258,1878,1000,1500,
65141,orig,ok,1000,1500,1000,1500,
65143,up,ok,1052,1500,1000,1500,
65146,orig,ok,1000,1500,1000,1500,
65163,orig,ok,1400,2100,1000,1500,
65214,up,ok,1560,2340,1000,1500,
65252,up,ok,1000,1500,1000,1500,
65255,orig,ok,1000,1500,1000,1500,
65262,up,ok,1600,2400,1000,1500,
65272,orig,ok,1000,1500,1000,1500,
65322,orig,ok,1060,1590,1000,1500,
65327,up,ok,1130,1500,1000,1500,
65348,orig,ok,1500,2250,1000,1500,
65379,up,ok,1800,2700,1000,1500,
65456,orig,ok,1000,1500,1000,1500,
65460,orig,ok,1000,1500,1000,1500,
65499,orig,ok,1050,1500,1000,1500,
65535,up,ok,1600,2400,1000,1500,
65583,up,ok,1920,2880,1000,1500,
65603,orig,ok,1000,1500,1000,1500,
65660,up,ok,1532,2164,1000,1500,
65857,up,ok,1000,1500,1000,1500,
65861,up,ok,1000,1500,1000,1500,
65871,up,ok,1000,1500,1000,1500,
65891,orig,ok,1600,2400,1000,1500,
65899,orig,ok,1000,1500,1000,1500,
65955,up,ok,1000,1500,1000,1500,
66111,up,ok,1560,2340,1000,1500,
66121,up,ok,1400,2100,1000,1500,
66164,orig,ok,1000,1500,1000,1500,
66192,orig,ok,1000,1500,1000,1500,
66470,up,ok,1008,1500,1000,1500,
66474,orig,ok,1029,1544,1000,1500,
66616,up,ok,1600,2400,1000,1500,
66621,orig,ok,1000,1500,1000,1500,
66670,up,ok,1000,1500,1000,1500,
66706,orig,ok,1000,1500,1000,1500,
66762,orig,ok,1000,1500,1000,1500,
66765,orig,ok,1000,1500,1000,1500,
66795,orig,ok,1433,2150,1000,1500,
66815,up,ok,1388,2000,1000,1500,
66881,orig,ok,1000,1500,1000,1500,
66892,orig,ok,1000,1500,1000,1500,
66895,up,ok,1920,2880,1000,1500,
66918,orig,ok,1000,1500,1000,1500,
67087,up,ok,1920,2880,1000,1500,
67227,up,ok,1870,2800,1000,1500,
67289,orig,ok,1033,1500,1000,1500,
67309,orig,ok,2000,3000,1000,1500,
67311,orig,ok,1200,1800,1000,1500,
67320,up,ok,1800,2700,1000,1500,
67642,orig,ok,1000,1500,1000,1500,
67679,up,ok,1600,2400,1000,1500,
67715,orig,ok,1803,2705,1000,1500,
67730,orig,ok,1000,1500,1000,1500,
67740,orig,ok,1000,1500,1000,1500,
67742,orig,ok,1175,1763,1000,1500,
67750,orig,ok,1000,1500,1000,1500,
67795,up,ok,1462,2192,1000,1500,
67822,orig,ok,1777,2665,1000,1500,
67892,orig,ok,2000,3000,1000,1500,
67956,orig,ok,1000,1500,1000,1500,
67974,orig,ok,1000,1500,1000,1500,
68028,up,ok,1360,2000,1000,1500,
68116,orig,ok,1000,1500,1000,1500,
68117,orig,ok,2000,3000,1000,1500,
68163,orig,ok,1000,1500,1000,1500,
68180,orig,ok,1057,1500,1000,1500,
68212,orig,ok,1000,1500,1000,1500,
68270,up,ok,1800,2700,1000,1500,
68301,orig,ok,1500,2250,1000,1500,
68304,up,ok,1400,2100,1000,1500,
68306,up,ok,1000,1500,1000,1500,
68347,orig,ok,2000,3000,1000,1500,
68505,orig,ok,1000,1500,1000,1500,
68509,up,ok,1000,1500,1000,1500,
68515,up,ok,1400,2100,1000,1500,
68523,up,ok,1000,1500,1000,1500,
68610,up,ok,1218,1830,1000,1500,
68661,up,ok,1016,1524,1000,1500,
68665,up,ok,1000,1500,1000,1500,
68714,orig,ok,1000,1500,1000,1500,
68874,up,ok,1500,2250,1000,1500,
68878,orig,ok,2000,3000,1000,1500,
68884,orig,ok,2000,3000,1000,1500,
68964,orig,ok,1000,1500,1000,1500,
68982,orig,ok,1000,1500,1000,1500,
69010,up,ok,1334,2000,1000,1500,
69015,orig,ok,2000,3000,1000,1500,
69058,up,ok,1652,2478,1000,1500,
69059,orig,ok,1200,1600,1000,1500,
69117,up,ok,1000,1500,1000,1500,
69121,up,ok,1000,1500,1000,1500,
69141,orig,ok,1920,2560,1000,1500,
69142,orig,ok,1000,1416,1000,1500,
69158,orig,ok,1000,1500,1000,1500,
69163,orig,ok,2000,3000,1000,1500,
69165,orig,ok,1000,1500,1000,1500,
69169,up,ok,1920,2880,1000,1500,
69217,orig,ok,1000,1500,1000,1500,
69235,up,ok,1000,1500,1000,1500,
69270,orig,ok,1000,1500,1000,1500,
69272,orig,ok,2000,3000,1000,1500,
69276,orig,ok,1000,1500,1000,1500,
69323,up,ok,1000,1500,1000,1500,
69363,orig,ok,1000,1500,1000,1500,
69437,orig,ok,1257,1886,1000,1500,
69686,up,ok,1560,2340,1000,1500,
69773,orig,ok,1135,1600,1000,1500,
69780,orig,ok,1000,1500,1000,1500,
69853,up,ok,1000,1500,1000,1500,
69869,up,ok,1000,1500,1000,1500,
69870,orig,ok,1000,1500,1000,1500,
69884,orig,ok,2000,3000,1000,1500,
69900,orig,ok,2000,2800,1000,1500,
69917,up,ok,1920,2880,1000,1500,
69935,up,ok,1152,1728,1000,1500,
69942,orig,ok,1000,1500,1000,1500,
70012,up,ok,1200,1800,1000,1500,
70021,orig,ok,1533,2172,1000,1500,
70059,orig,ok,1000,1500,1000,1500,
70069,up,ok,1184,1682,1000,1500,
70084,orig,ok,1000,1500,1000,1500,
70123,up,ok,1400,2100,1000,1500,
70198,orig,ok,1000,1500,1000,1500,
70247,orig,ok,1000,1500,1000,1500,
70249,orig,ok,1000,1500,1000,1500,
70345,orig,ok,1000,1500,1000,1500,
70351,orig,ok,2000,3000,1000,1500,
70386,orig,ok,1000,1500,1000,1500,
70553,up,ok,1334,2000,1000,1500,
70574,orig,ok,1000,1500,1000,1500,
70575,up,ok,1920,2880,1000,1500,
70583,up,ok,1000,1500,1000,1500,
70636,up,ok,1000,1500,1000,1500,
70714,orig,ok,1131,1600,1000,1500,
70779,orig,ok,1000,1500,1000,1500,
70810,up,ok,1560,2340,1000,1500,
70822,up,ok,1044,1566,1000,1500,
70857,up,ok,1000,1500,1000,1500,
70878,orig,ok,1400,2100,1000,1500,
70948,up,ok,1600,2400,1000,1500,
70981,orig,ok,2000,3000,1000,1500,
70984,orig,ok,1365,2048,1000,1500,
71027,up,ok,1336,2000,1000,1500,
71031,orig,ok,1000,1500,1000,1500,
71033,orig,ok,1175,1763,1000,1500,
71042,orig,ok,1000,1500,1000,1500,
71076,up,ok,1000,1500,1000,1500,
71102,up,ok,1920,2880,1000,1500,
71112,orig,ok,1280,1826,1000,1500,
71181,orig,ok,1000,1500,1000,1500,
71234,orig,ok,1000,1500,1000,1500,
71326,orig,ok,1447,2170,1000,1500,
71373,orig,ok,1280,1921,1000,1500,
71392,orig,ok,1000,1500,1000,1500,
71470,up,ok,1000,1500,1000,1500,
71503,orig,ok,1000,1500,1000,1500,
71548,orig,ok,1000,1500,1000,1500,
71582,orig,ok,1200,1800,1000,1500,
71585,orig,ok,1000,1500,1000,1500,
71612,up,ok,1000,1500,1000,1500,
71626,orig,ok,1000,1426,1000,1500,
71682,orig,ok,1500,2250,1000,1500,
71690,up,ok,1920,2880,1000,1500,
71697,orig,ok,1049,1573,1000,1500,
71701,orig,ok,1175,1763,1000,1500,
71783,up,ok,1000,1500,1000,1500,
71853,up,ok,1600,2400,1000,1500,
71868,up,ok,1920,2880,1000,1500,
71902,orig,ok,1000,1500,1000,1500,
71912,up,ok,1828,2742,1000,1500,
71943,orig,ok,1000,1500,1000,1500,
71945,orig,ok,1000,1500,1000,1500,
71990,up,ok,1202,1802,1000,1500,
72014,up,ok,1060,1500,1000,1500,
72033,up,ok,1000,1500,1000,1500,
72034,orig,ok,1000,1500,1000,1500,
72073,up,ok,1010,1600,1000,1500,
72086,orig,ok,2000,3000,1000,1500,
72153,orig,ok,1530,2154,1000,1500,
72231,orig,ok,1175,1763,1000,1500,
72237,up,ok,1920,2880,1000,1500,
72244,up,ok,1932,2902,1000,1500,
72277,orig,ok,1280,1920,1000,1500,
72305,up,ok,1000,1500,1000,1500,
72313,up,ok,1920,2880,1000,1500,
72349,orig,ok,1000,1500,1000,1500,
72385,up,ok,1000,1500,1000,1500,
72444,orig,ok,1358,2037,1000,1500,
72508,orig,ok,2000,3000,1000,1500,
72574,orig,ok,1000,1500,1000,1500,
72595,up,ok,1260,1890,1000,1500,
72648,orig,ok,1000,1500,1000,1500,
72695,orig,ok,1000,1500,1000,1500,
72754,orig,ok,1000,1500,1000,1500,
72756,orig,ok,2000,3000,1000,1500,
73085,up,ok,1920,2880,1000,1500,
73116,up,ok,1260,1890,1000,1500,
73142,orig,ok,1000,1500,1000,1500,
73143,up,ok,1000,1500,1000,1500,
73179,up,ok,1582,2374,1000,1500,
73197,up,ok,1350,2000,1000,1500,
73200,orig,ok,2000,3000,1000,1500,
73203,orig,ok,1006,1509,1000,1500,
73217,orig,ok,1213,1820,1000,1500,
73218,orig,ok,1000,1500,1000,1500,
73290,orig,ok,1000,1500,1000,1500,
73316,up,ok,1056,1500,1000,1500,
73354,up,ok,1000,1500,1000,1500,
73408,orig,ok,1005,1500,1000,1500,
73442,up,ok,1000,1500,1000,1500,
73458,up,ok,1000,1500,1000,1500,
73489,orig,ok,1067,1600,1000,1500,
73519,orig,ok,1500,2250,1000,1500,
73554,up,ok,1062,1500,1000,1500,
73614,orig,ok,1000,1500,1000,1500,
73661,orig,ok,1400,2100,1000,1500,
73807,orig,ok,2000,3000,1000,1500,
73943,orig,ok,1000,1500,1000,1500,
73963,orig,ok,1500,2250,1000,1500,
73973,up,ok,1000,1500,1000,1500,
73986,orig,ok,1400,2100,1000,1500,
74006,up,ok,1000,1500,1000,1500,
74008,up,ok,1920,2880,1000,1500,
74019,up,ok,1000,1500,1000,1500,
74021,up,ok,1000,1500,1000,1500,
74024,up,ok,1600,2400,1000,1500,
74029,orig,ok,1000,1500,1000,1500,
74101,up,ok,1442,2164,1000,1500,
74110,up,ok,1542,2314,1000,1500,
74189,orig,ok,1596,2230,1000,1500,
74254,orig,ok,1000,1500,1000,1500,
74321,orig,ok,1200,1600,1000,1500,
74343,orig,ok,1000,1500,1000,1500,
74397,orig,ok,1000,1500,1000,1500,
74398,up,ok,1334,2000,1000,1500,
74518,up,ok,1560,2340,1000,1500,
74550,up,ok,1000,1500,1000,1500,
74555,orig,ok,2000,3000,1000,1500,
74604,up,ok,1896,2844,1000,1500,
74618,up,ok,1034,1550,1000,1500,
74631,orig,ok,1000,1500,1000,1500,
74646,orig,ok,1067,1600,1000,1500,
74715,orig,ok,1000,1500,1000,1500,
74727,orig,ok,1000,1500,1000,1500,
74747,orig,ok,1000,1500,1000,1500,
74807,up,ok,1000,1500,1000,1500,
74826,orig,ok,1000,1500,1000,1500,
74899,orig,ok,1000,1500,1000,1500,
74915,up,ok,1920,2880,1000,1500,
75020,up,ok,1500,2250,1000,1500,
75077,orig,ok,2000,3000,1000,1500,
75206,orig,ok,1708,2562,1000,1500,
75318,orig,ok,1073,1600,1000,1500,
75441,orig,ok,2000,3000,1000,1500,
75454,orig,ok,1000,1500,1000,1500,
75537,orig,ok,1000,1500,1000,1500,
75555,orig,ok,2000,3000,1000,1500,
75564,up,ok,1920,2880,1000,1500,
75623,orig,ok,1000,1500,1000,1500,
75738,orig,ok,1000,1500,1000,1500,
75862,up,ok,1600,2400,1000,1500,
75903,orig,ok,1000,1500,1000,1500,
76035,up,ok,1000,1500,1000,1500,
76179,orig,ok,1200,1800,1000,1500,
76195,up,ok,1676,2514,1000,1500,
76214,up,ok,1920,2880,1000,1500,
76400,orig,ok,1000,1500,1000,1500,
76403,up,ok,1280,1920,1000,1500,
76409,up,ok,1200,1800,1000,1500,
76450,orig,ok,1000,1500,1000,1500,
76460,orig,ok,2000,3000,1000,1500,
76467,up,ok,1000,1500,1000,1500,
76560,up,ok,1062,1500,1000,1500,
76620,up,ok,1920,2880,1000,1500,
76621,up,ok,1000,1500,1000,1500,
76635,orig,ok,1000,1500,1000,1500,
76666,orig,ok,1000,1500,1000,1500,
76730,orig,ok,2000,3000,1000,1500,
76762,orig,ok,1000,1500,1000,1500,
76779,orig,ok,2000,3000,1000,1500,
76790,up,ok,1000,1500,1000,1500,
76804,up,ok,1000,1500,1000,1500,
76810,orig,ok,2000,3000,1000,1500,
76856,up,ok,1000,1500,1000,1500,
76875,orig,ok,1333,2000,1000,1500,
76929,up,ok,1600,2400,1000,1500,
76935,orig,ok,1000,1500,1000,1500,
77047,up,ok,1622,2432,1000,1500,
77068,up,ok,1500,2250,1000,1500,
77109,orig,ok,2000,3000,1000,1500,
77127,orig,ok,1000,1500,1000,1500,
77156,orig,ok,1587,2380,1000,1500,
77173,orig,ok,2000,3000,1000,1500,
77260,orig,ok,1000,1390,1000,1500,
77319,up,ok,1920,2880,1000,1500,
77336,orig,ok,1045,1500,1000,1500,
77361,orig,ok,1400,2100,1000,1500,
77399,up,ok,1000,1500,1000,1500,
77444,up,ok,1920,2880,1000,1500,
77546,up,ok,1920,2880,1000,1500,
77551,up,ok,1000,1500,1000,1500,
77571,orig,ok,1412,2000,1000,1500,
77586,orig,ok,2000,3000,1000,1500,
77594,up,ok,1000,1500,1000,1500,
77602,up,ok,1400,2000,1000,1500,
77626,orig,ok,1025,1500,1000,1500,
77669,up,ok,1920,2880,1000,1500,
77677,up,ok,1260,1890,1000,1500,
77785,orig,ok,1400,2100,1000,1500,
77812,orig,ok,1000,1500,1000,1500,
77854,up,ok,1000,1500,1000,1500,
77884,orig,ok,1362,2048,1000,1500,
77885,up,ok,1560,2208,1000,1500,
77889,up,ok,1264,1896,1000,1500,
78042,up,ok,1000,1500,1000,1500,
78068,orig,ok,1000,1500,1000,1500,
78073,orig,ok,1000,1500,1000,1500,
78075,up,ok,1576,2364,1000,1500,
78083,orig,ok,1000,1500,1000,1500,
78093,orig,ok,1000,1500,1000,1500,
78169,up,ok,1622,2434,1000,1500,
78198,orig,ok,2000,3000,1000,1500,
78218,orig,ok,2000,3000,1000,1500,
78246,up,ok,1920,2880,1000,1500,
78247,orig,ok,1000,1500,1000,1500,
78250,orig,ok,1000,1500,1000,1500,
78252,up,ok,1200,1800,1000,1500,
78253,orig,ok,1000,1500,1000,1500,
78288,orig,ok,2000,3000,1000,1500,
78302,up,ok,1130,1600,1000,1500,
78308,up,ok,1202,1710,1000,1500,
78325,orig,ok,1000,1500,1000,1500,
78332,orig,ok,1000,1500,1000,1500,
78362,orig,ok,1000,1500,1000,1500,
78402,orig,ok,1000,1500,1000,1500,
78411,up,ok,1920,2880,1000,1500,
78522,orig,ok,1000,1500,1000,1500,
78552,orig,ok,1000,1500,1000,1500,
78561,orig,ok,1000,1500,1000,1500,
79027,up,ok,1920,2880,1000,1500,
79062,up,ok,1920,2880,1000,1500,
79073,orig,ok,1000,1500,1000,1500,
79078,orig,ok,1491,2236,1000,1500,
79080,orig,ok,1000,1500,1000,1500,
79119,up,ok,1332,1998,1000,1500,
79181,up,ok,1920,2880,1000,1500,
79219,up,ok,1000,1500,1000,1500,
79277,orig,ok,1000,1499,1000,1500,
79319,orig,ok,1000,1500,1000,1500,
79363,orig,ok,2000,3000,1000,1500,
79544,orig,ok,1400,2100,1000,1500,
79550,up,ok,1920,2880,1000,1500,
79576,orig,ok,1032,1548,1000,1500,
79582,orig,ok,1000,1500,1000,1500,
79649,orig,ok,2000,3000,1000,1500,
79721,up,ok,1054,1500,1000,1500,
79785,orig,ok,1000,1500,1000,1500,
79823,orig,ok,1000,1500,1000,1500,
79826,orig,ok,1377,2066,1000,1500,
79906,orig,ok,2000,3000,1000,1500,
79911,orig,ok,1400,2100,1000,1500,
80290,up,ok,1134,1630,1000,1500,
80333,up,ok,1352,1920,1000,1500,
80368,orig,ok,1859,2789,1000,1500,
80390,up,ok,1200,1800,1000,1500,
80528,orig,ok,1000,1500,1000,1500,
80532,up,ok,1000,1500,1000,1500,
80570,orig,ok,1000,1500,1000,1500,
80624,orig,ok,1000,1500,1000,1500,
80633,up,ok,1600,2400,1000,1500,
80634,orig,ok,1000,1500,1000,1500,
80668,up,ok,1200,1800,1000,1500,
80676,orig,ok,1780,2670,1000,1500,
80720,orig,ok,1000,1500,1000,1500,
80733,up,ok,1000,1500,1000,1500,
80837,up,ok,1126,1500,1000,1500,
80920,orig,ok,1000,1500,1000,1500,
80965,orig,ok,1000,1500,1000,1500,
81185,orig,ok,1000,1500,1000,1500,
81425,orig,ok,1034,1551,1000,1500,
81431,up,ok,1000,1500,1000,1500,
81437,orig,ok,1000,1500,1000,1500,
81459,orig,ok,2000,3000,1000,1500,
81464,up,ok,1400,2100,1000,1500,
81465,orig,ok,1000,1500,1000,1500,
81466,up,ok,1440,2160,1000,1500,
81469,orig,ok,1400,2100,1000,1500,
81475,up,ok,1920,2880,1000,1500,
81477,orig,ok,1000,1500,1000,1500,
81478,orig,ok,1363,2048,1000,1500,
81479,orig,ok,1000,1500,1000,1500,
81480,orig,ok,1000,1500,1000,1500,
81483,up,ok,1000,1500,1000,1500,
81489,up,ok,1200,1800,1000,1500,
81521,orig,ok,1000,1500,1000,1500,
81839,up,ok,1560,2202,1000,1500,
81840,up,ok,1000,1500,1000,1500,
81887,orig,ok,1000,1500,1000,1500,
81972,up,ok,1800,2700,1000,1500,
82018,orig,ok,1500,2250,1000,1500,
82020,orig,ok,1000,1500,1000,1500,
82056,orig,ok,1400,2100,1000,1500,
82115,orig,ok,1000,1500,1000,1500,
82118,orig,ok,1000,1500,1000,1500,
82126,up,ok,1920,2880,1000,1500,
82139,up,ok,1200,1800,1000,1500,
82173,orig,ok,1000,1500,1000,1500,
82210,up,ok,1136,1704,1000,1500,
82315,orig,ok,1000,1500,1000,1500,
82363,up,ok,1000,1500,1000,1500,
82411,orig,ok,1400,2100,1000,1500,
82431,up,ok,1920,2880,1000,1500,
82452,up,ok,1000,1500,1000,1500,
82628,orig,ok,1000,1500,1000,1500,
82653,up,ok,1338,2000,1000,1500,
82655,up,ok,1000,1500,1000,1500,
82680,orig,ok,1000,1500,1000,1500,
82707,up,ok,1788,2684,1000,1500,
82802,up,ok,1000,1500,1000,1500,
82871,orig,ok,1400,2100,1000,1500,
82873,orig,ok,1400,2100,1000,1500,
82972,orig,ok,1200,1600,1000,1500,
82986,up,ok,1400,2100,1000,1500,
82995,up,ok,1000,1500,1000,1500,
83096,orig,ok,1000,1477,1000,1500,
83155,up,ok,1350,2024,1000,1500,
83172,orig,ok,2000,3000,1000,1500,
83283,up,ok,1034,1530,1000,1500,
83285,orig,ok,1000,1500,1000,1500,
83292,orig,ok,1200,1800,1000,1500,
83310,orig,ok,1000,1500,1000,1500,
83311,up,ok,1400,2100,1000,1500,
83323,orig,ok,1000,1500,1000,1500,
83329,orig,ok,1000,1500,1000,1500,
83356,orig,ok,1000,1500,1000,1500,
83363,orig,ok,2000,3000,1000,1500,
83409,up,ok,1200,1802,1000,1500,
83413,orig,ok,1000,1500,1000,1500,
83473,up,ok,1920,2880,1000,1500,
83519,up,ok,1800,2700,1000,1500,
83587,orig,ok,1160,1741,1000,1500,
83590,up,ok,1334,2000,1000,1500,
83618,up,ok,1200,1800,1000,1500,
83717,orig,ok,1000,1500,1000,1500,
83727,up,ok,1350,2000,1000,1500,
83818,orig,ok,1000,1500,1000,1500,
83820,orig,ok,1000,1500,1000,1500,
83821,up,ok,1920,2880,1000,1500,
83833,orig,ok,1000,1500,1000,1500,
83834,orig,ok,1000,1500,1000,1500,
83857,orig,ok,1000,1500,1000,1500,
83866,up,ok,1200,1800,1000,1500,
83875,orig,ok,1000,1500,1000,1500,
83877,orig,ok,1000,1500,1000,1500,
83880,up,ok,1920,2880,1000,1500,
83913,orig,ok,1000,1500,1000,1500,
84007,up,ok,1920,2880,1000,1500,
84058,orig,ok,1000,1500,1000,1500,
84060,orig,ok,2000,3000,1000,1500,
84068,orig,ok,1000,1500,1000,1500,
84071,orig,ok,1000,1500,1000,1500,
84077,orig,ok,1000,1500,1000,1500,
84104,orig,ok,1000,1500,1000,1500,
84107,orig,ok,1000,1500,1000,1500,
84152,up,ok,1920,2880,1000,1500,
84183,orig,ok,1000,1500,1000,1500,
84228,up,ok,1600,2400,1000,1500,
84230,orig,ok,1745,2717,1000,1500,
84233,orig,ok,1200,1600,1000,1500,
84234,orig,ok,1000,1500,1000,1500,
84235,up,ok,1334,2000,1000,1500,
84253,orig,ok,1000,1500,1000,1500,
84276,up,ok,1032,1860,1000,1500,
84297,orig,ok,1000,1427,1000,1500,
84360,orig,ok,1743,2615,1000,1500,
84374,up,ok,1560,2340,1000,1500,
84375,orig,ok,1000,1500,1000,1500,
84418,up,ok,1244,1866,1000,1500,
84419,orig,ok,2000,3000,1000,1500,
84422,orig,ok,1210,1815,1000,1500,
84423,up,ok,1920,2880,1000,1500,
84428,up,ok,1040,1560,1000,1500,
84443,orig,ok,1138,1600,1000,1500,
84449,orig,ok,2000,3000,1000,1500,
84505,orig,ok,1100,1650,1000,1500,
84520,orig,ok,1400,2100,1000,1500,
84558,up,ok,1404,2000,1000,1500,
84565,up,ok,1920,2880,1000,1500,
84577,orig,ok,1400,2100,1000,1500,
84585,up,ok,1026,1500,1000,1500,
84612,up,ok,1560,2340,1000,1500,
84625,up,ok,1000,1500,1000,1500,
84628,orig,ok,1000,1500,1000,1500,
84635,up,ok,1132,1698,1000,1500,
84708,orig,ok,1000,1500,1000,1500,
84710,orig,ok,1000,1500,1000,1500,
84711,up,ok,1920,2880,1000,1500,
84713,up,ok,1322,1984,1000,1500,
84714,orig,ok,1000,1500,1000,1500,
84719,orig,ok,1785,2678,1000,1500,
84720,up,ok,1920,2880,1000,1500,
84726,orig,ok,1000,1500,1000,1500,
84738,up,ok,1000,1500,1000,1500,
84742,orig,ok,1200,1800,1000,1500,
84901,up,ok,1920,2880,1000,1500,
84907,up,ok,1998,3000,1000,1500,
84913,up,ok,1524,2252,1000,1500,
84924,up,ok,1000,1500,1000,1500,
84942,orig,ok,1000,1500,1000,1500,
84950,orig,ok,1790,2694,1000,1500,
84951,orig,ok,1000,1500,1000,1500,
84983,orig,ok,1000,1500,1000,1500,
84985,orig,ok,1184,1796,1000,1500,
84986,up,ok,1360,2040,1000,1500,
84988,up,ok,1000,1512,1000,1500,
84989,up,ok,1800,2700,1000,1500,
84990,orig,ok,1200,1600,1000,1500,
84991,orig,ok,2000,3000,1000,1500,
84995,orig,ok,1000,1500,1000,1500,
84997,orig,ok,2000,3000,1000,1500,
84998,up,ok,1000,1500,1000,1500,
84999,orig,ok,1000,1500,1000,1500,
85000,orig,ok,1175,1763,1000,1500,
85001,up,ok,1678,2518,1000,1500,
85003,orig,ok,1000,1500,1000,1500,
85006,orig,ok,1000,1500,1000,1500,
85007,orig,ok,1000,1500,1000,1500,
85008,orig,ok,2000,3000,1000,1500,
85010,up,ok,1334,2000,1000,1500,
85011,up,ok,1200,1800,1000,1500,
85023,up,ok,1000,1500,1000,1500,
85024,up,ok,1000,1500,1000,1500,
85133,up,ok,1450,2160,1000,1500,
85135,orig,ok,1000,1500,1000,1500,
85136,orig,ok,1000,1500,1000,1500,
85137,orig,ok,1000,1500,1000,1500,
85138,up,ok,1722,2584,1000,1500,
85141,orig,ok,1200,1800,1000,1500,
85143,orig,ok,1000,1500,1000,1500,
85144,orig,ok,1200,1800,1000,1500,
85145,orig,ok,1000,1500,1000,1500,
85146,up,ok,1000,1500,1000,1500,
85148,orig,ok,1022,1533,1000,1500,
85149,orig,ok,1000,1500,1000,1500,
85150,up,ok,1230,1844,1000,1500,
85152,up,ok,1798,2698,1000,1500,
85153,up,ok,1920,2880,1000,1500,
85154,orig,ok,1000,1500,1000,1500,
85155,up,ok,1560,2340,1000,1500,
85156,orig,ok,1000,1500,1000,1500,
85157,orig,ok,1200,1800,1000,1500,
85159,orig,ok,1648,2472,1000,1500,
85161,orig,ok,1000,1500,1000,1500,
85162,up,ok,1816,2724,1000,1500,
85163,orig,ok,1000,1500,1000,1500,
85165,orig,ok,1000,1500,1000,1500,
85166,up,ok,1200,1800,1000,1500,
85167,up,ok,1590,2384,1000,1500,
85168,orig,ok,1599,2399,1000,1500,
85169,up,ok,1640,2460,1000,1500,
85170,orig,ok,1000,1500,1000,1500,
85173,orig,ok,1206,1809,1000,1500,
85174,orig,ok,1000,1500,1000,1500,
85176,up,ok,1920,2880,1000,1500,
85177,up,ok,1622,2436,1000,1500,
85181,orig,ok,1000,1500,1000,1500,
85184,orig,ok,1000,1500,1000,1500,
85185,up,ok,1920,2880,1000,1500,
85186,orig,ok,1000,1500,1000,1500,
85187,orig,ok,1000,1500,1000,1500,
85188,orig,ok,1000,1500,1000,1500,
85189,up,ok,1996,2994,1000,1500,
85191,up,ok,1000,1500,1000,1500,
85192,orig,ok,1000,1500,1000,1500,
85193,orig,ok,1280,1920,1000,1500,
85194,orig,ok,2000,3000,1000,1500,
85196,orig,ok,1000,1500,1000,1500,
85197,orig,ok,1000,1500,1000,1500,
85199,up,ok,1334,2000,1000,1500,
85200,orig,ok,1000,1500,1000,1500,
85202,up,ok,1920,2880,1000,1500,
85203,orig,ok,1000,1500,1000,1500,
85204,up,ok,1920,2880,1000,1500,
85206,up,ok,1920,2880,1000,1500,
85207,up,ok,1920,2880,1000,1500,
85223,orig,ok,1000,1500,1000,1500,
85226,up,ok,1920,2880,1000,1500,
85230,orig,ok,1000,1500,1000,1500,
85233,orig,ok,1000,1500,1000,1500,
85236,up,ok,1920,2880,1000,1500,
85237,orig,ok,1602,2431,1000,1500,
85239,orig,ok,2000,2846,1000,1500,
85489,up,ok,1590,2384,1000,1500,
85496,up,ok,1920,2880,1000,1500,
85498,orig,ok,1936,2938,1000,1500,
85512,orig,ok,1000,1500,1000,1500,
85557,orig,ok,1400,2100,1000,1500,
85561,up,ok,1024,1536,1000,1500,
85562,up,ok,1200,1802,1000,1500,
85567,orig,ok,1036,1554,1000,1500,
85611,up,ok,1200,1800,1000,1500,
85641,orig,ok,1920,2560,1000,1500,
85646,up,ok,1920,2880,1000,1500,
85669,up,ok,1200,1860,1000,1500,
85674,orig,ok,1000,1500,1000,1500,
85681,up,ok,1732,2598,1000,1500,
85682,up,ok,1920,2880,1000,1500,
85695,orig,ok,1000,1500,1000,1500,
85710,up,ok,1200,1800,1000,1500,
85765,orig,ok,1000,1500,1000,1500,
85865,up,ok,1078,1560,1000,1500,
85873,up,ok,1600,2400,1000,1500,
85880,orig,ok,1000,1500,1000,1500,
85969,up,ok,1200,1800,1000,1500,
85973,up,ok,1002,1500,1000,1500,
86068,orig,ok,1000,1500,1000,1500,
86075,orig,ok,1000,1500,1000,1500,
86094,orig,ok,1000,1500,1000,1500,
86102,up,ok,1700,2550,1000,1500,
86149,up,ok,1622,2438,1000,1500,
86191,orig,ok,1000,1500,1000,1500,
86193,up,ok,1500,2250,1000,1500,
86203,orig,ok,1483,2224,1000,1500,
86212,orig,ok,1000,1500,1000,1500,
86215,up,ok,1920,2880,1000,1500,
86239,orig,ok,1000,1500,1000,1500,
86252,up,ok,1600,2400,1000,1500,
86269,up,ok,1800,2700,1000,1500,
86271,up,ok,1400,2100,1000,1500,
86276,up,ok,1200,1800,1000,1500,
86278,up,ok,1920,2880,1000,1500,
86283,orig,ok,1000,1500,1000,1500,
86304,orig,ok,2000,3000,1000,1500,
86305,orig,ok,1200,1800,1000,1500,
86326,orig,ok,1000,1500,1000,1500,
86332,up,ok,1874,2650,1000,1500,
86410,up,ok,1000,1500,1000,1500,
86470,orig,ok,1000,1500,1000,1500,
86494,orig,ok,1622,2433,1000,1500,
86499,orig,ok,1322,1980,1000,1500,
86580,up,ok,1022,1536,1000,1500,
86595,orig,ok,2000,3000,1000,1500,
86599,orig,ok,1432,2148,1000,1500,
86615,up,ok,1368,2048,1000,1500,
86633,orig,ok,1000,1500,1000,1500,
86642,orig,ok,1000,1500,1000,1500,
86643,orig,ok,2000,3000,1000,1500,
86644,orig,ok,1000,1500,1000,1500,
86658,orig,ok,1057,1500,1000,1500,
86667,orig,ok,1200,1800,1000,1500,
86672,orig,ok,1200,1800,1000,1500,
86680,orig,ok,2000,3000,1000,1500,
86681,orig,ok,1280,1920,1000,1500,
86683,orig,ok,1000,1500,1000,1500,
86685,up,ok,1616,2426,1000,1500,
86689,up,ok,1000,1500,1000,1500,
86690,up,ok,1000,1500,1000,1500,
86699,orig,ok,1000,1500,1000,1500,
86742,orig,ok,2000,3000,1000,1500,
86743,orig,ok,1500,2250,1000,1500,
86744,orig,ok,1000,1500,1000,1500,
86759,up,ok,1920,2880,1000,1500,
86772,orig,ok,1213,1820,1000,1500,
86901,up,ok,1920,2880,1000,1500,
86939,orig,ok,1000,1499,1000,1500,
86962,orig,ok,2000,3000,1000,1500,
86979,up,ok,1920,2880,1000,1500,
87110,up,ok,1800,2700,1000,1500,
87120,up,ok,1884,2826,1000,1500,
87178,up,ok,1200,1800,1000,1500,
87226,orig,ok,1500,2250,1000,1500,
87269,up,ok,1420,2130,1000,1500,
87280,orig,ok,1400,2100,1000,1500,
87321,orig,ok,1000,1500,1000,1500,
87369,orig,ok,1000,1500,1000,1500,
87451,orig,ok,1000,1500,1000,1500,
87456,orig,ok,1000,1500,1000,1500,
87464,up,ok,1560,2256,1000,1500,
87469,orig,ok,1000,1500,1000,1500,
87472,orig,ok,2000,3000,1000,1500,
87489,orig,ok,1140,1710,1000,1500,
87517,orig,ok,2000,3000,1000,1500,
87552,orig,ok,1000,1500,1000,1500,
87603,up,ok,1600,2400,1000,1500,
87624,up,ok,1600,2400,1000,1500,
87700,orig,ok,1000,1500,1000,1500,
87703,orig,ok,1000,1333,1000,1500,
87704,orig,ok,1000,1500,1000,1500,
87706,orig,ok,1000,1500,1000,1500,
87710,orig,ok,2000,3000,1000,1500,
87719,up,ok,1400,2100,1000,1500,
87835,up,ok,1000,1500,1000,1500,
87858,orig,ok,1000,1500,1000,1500,
87869,orig,ok,2000,3000,1000,1500,
87874,orig,ok,1000,1500,1000,1500,
87875,orig,ok,1000,1500,1000,1500,
87877,orig,ok,1080,1620,1000,1500,
87880,orig,ok,2000,3000,1000,1500,
87905,orig,ok,1000,1500,1000,1500,
87907,orig,ok,1000,1500,1000,1500,
87911,up,ok,1442,2162,1000,1500,
88014,up,ok,1620,2400,1000,1500,
88065,up,ok,1920,2880,1000,1500,
88118,up,ok,1992,2986,1000,1500,
88174,orig,ok,1000,1500,1000,1500,
88197,up,ok,1000,1500,1000,1500,
88258,orig,ok,1175,1763,1000,1500,
88350,orig,ok,1000,1500,1000,1500,
88352,up,ok,1000,1500,1000,1500,
88361,orig,ok,1000,1500,1000,1500,
88374,orig,ok,2000,3000,1000,1500,
88377,orig,ok,1000,1500,1000,1500,
88379,up,ok,1200,1800,1000,1500,
88380,up,ok,1280,1920,1000,1500,
88381,up,ok,1252,1894,1000,1500,
88405,up,ok,1334,2000,1000,1500,
88410,orig,ok,1000,1500,1000,1500,
88537,orig,ok,1000,1500,1000,1500,
88559,up,ok,1000,1500,1000,1500,
88604,orig,ok,1000,1408,1000,1500,
88823,up,ok,1000,1500,1000,1500,
88941,orig,ok,1000,1500,1000,1500,
89115,orig,ok,1000,1500,1000,1500,
89143,up,ok,1440,2160,1000,1500,
89146,orig,ok,1000,1500,1000,1500,
89281,up,ok,1992,2988,1000,1500,
89319,orig,ok,2000,3000,1000,1500,
89345,orig,ok,1175,1763,1000,1500,
89351,orig,ok,1000,1500,1000,1500,
89369,up,ok,1268,1902,1000,1500,
89381,orig,ok,1000,1500,1000,1500,
89386,orig,ok,1000,1500,1000,1500,
89394,orig,ok,1000,1500,1000,1500,
89397,up,ok,1012,1500,1000,1500,
89398,orig,ok,1000,1500,1000,1500,
89400,up,ok,1880,2820,1000,1500,
89405,orig,ok,1500,2250,1000,1500,
89410,orig,ok,2000,3000,1000,1500,
89445,up,ok,1518,2278,1000,1500,
89475,orig,ok,1000,1500,1000,1500,
89535,orig,ok,1000,1500,1000,1500,
89543,orig,ok,1000,1500,1000,1500,
89549,orig,ok,1617,2426,1000,1500,
89632,up,ok,1000,1500,1000,1500,
89634,orig,ok,1066,1600,1000,1500,
89641,orig,ok,1212,1818,1000,1500,
89654,up,ok,1794,2692,1000,1500,
89662,orig,ok,2000,3000,1000,1500,
89695,orig,ok,1000,1500,1000,1500,
89697,orig,ok,1000,1500,1000,1500,
89698,orig,ok,1194,1791,1000,1500,
89710,orig,ok,1000,1500,1000,1500,
89718,orig,ok,2000,3000,1000,1500,
89720,orig,ok,1000,1500,1000,1500,
89723,up,ok,1428,2142,1000,1500,
89741,orig,ok,1000,1500,1000,1500,
89747,orig,ok,1000,1500,1000,1500,
89762,up,ok,1698,2546,1000,1500,
89885,orig,ok,1000,1500,1000,1500,
89904,orig,ok,1000,1500,1000,1500,
89933,up,ok,1000,1500,1000,1500,
89935,up,ok,1562,2318,1000,1500,
89940,orig,ok,1000,1500,1000,1500,
89994,orig,ok,2000,3000,1000,1500,
89995,orig,ok,1000,1500,1000,1500,
90016,orig,ok,1000,1500,1000,1500,
90025,up,ok,1270,1758,1000,1500,
90030,orig,ok,1044,1566,1000,1500,
90047,up,ok,1000,1500,1000,1500,
90059,up,ok,1000,1500,1000,1500,
90064,up,ok,1012,1530,1000,1500,
90116,orig,ok,1000,1500,1000,1500,
90120,orig,ok,1000,1500,1000,1500,
90170,up,ok,1000,1500,1000,1500,
90291,orig,ok,1000,1500,1000,1500,
90315,up,ok,1920,2880,1000,1500,
90338,up,ok,1280,1920,1000,1500,
90355,up,ok,1000,1500,1000,1500,
90363,orig,ok,1000,1500,1000,1500,
90695,orig,ok,1000,1500,1000,1500,
90765,up,ok,1920,2880,1000,1500,
90898,orig,ok,1400,2100,1000,1500,
90926,up,ok,1920,2880,1000,1500,
90936,up,ok,1000,1500,1000,1500,
90941,orig,ok,1000,1500,1000,1500,
90985,orig,ok,2000,3000,1000,1500,
90986,orig,ok,1000,1500,1000,1500,
91065,orig,ok,1000,1500,1000,1500,
91066,orig,ok,1000,1500,1000,1500,
91166,up,ok,1920,2880,1000,1500,
91168,orig,ok,2000,3000,1000,1500,
91172,up,ok,1196,1600,1000,1500,
91283,up,ok,1488,2232,1000,1500,
91319,up,ok,1920,2880,1000,1500,
91409,up,ok,1878,2816,1000,1500,
91433,orig,ok,1000,1500,1000,1500,
91561,up,ok,1600,2400,1000,1500,
91600,up,ok,1000,1500,1000,1500,
91605,up,ok,1896,2844,1000,1500,
91609,orig,ok,1000,1500,1000,1500,
91627,orig,ok,1000,1500,1000,1500,
91683,orig,ok,1000,1500,1000,1500,
91733,up,ok,1658,2488,1000,1500,
91736,orig,ok,1000,1500,1000,1500,
91817,orig,ok,1000,1500,1000,1500,
91890,up,ok,1108,1662,1000,1500,
91982,orig,ok,1000,1500,1000,1500,
92319,up,ok,1920,2880,1000,1500,
92320,up,ok,1104,1652,1000,1500,
92322,up,ok,1000,1556,1000,1500,
92380,up,ok,1920,2880,1000,1500,
92393,up,ok,1920,2880,1000,1500,
92395,up,ok,1920,2880,1000,1500,
92397,orig,ok,1400,2100,1000,1500,
92398,orig,ok,1485,2228,1000,1500,
92418,up,ok,1000,1500,1000,1500,
92495,orig,ok,1280,1920,1000,1500,
92562,orig,ok,2000,3000,1000,1500,
92635,up,ok,1600,2400,1000,1500,
92695,orig,ok,1000,1500,1000,1500,
92698,orig,ok,1000,1425,1000,1500,
92702,orig,ok,1000,1500,1000,1500,
92706,up,ok,1920,2880,1000,1500,
92707,orig,ok,1197,1796,1000,1500,
92720,up,ok,1548,2322,1000,1500,
92724,up,ok,1484,2226,1000,1500,
92725,orig,ok,1000,1500,1000,1500,
92766,up,ok,1920,2880,1000,1500,
92769,orig,ok,1000,1500,1000,1500,
92776,up,ok,1000,1500,1000,1500,
92779,orig,ok,1500,2250,1000,1500,
92782,orig,ok,1000,1500,1000,1500,
92785,orig,ok,1382,2048,1000,1500,
92804,orig,ok,2000,3000,1000,1500,
92809,up,ok,1178,1768,1000,1500,
92814,orig,ok,1000,1500,1000,1500,
92842,orig,ok,1000,1500,1000,1500,
92992,up,ok,1000,1500,1000,1500,
93084,orig,ok,1000,1500,1000,1500,
93100,orig,ok,1000,1515,1000,1500,
93226,orig,ok,1000,1500,1000,1500,
93394,up,ok,1988,2962,1000,1500,
93513,orig,ok,2000,3000,1000,1500,
93554,orig,ok,1800,2700,1000,1500,
93629,up,ok,1200,1800,1000,1500,
93699,up,ok,1350,2000,1000,1500,
93715,up,ok,1920,2880,1000,1500,
93755,up,ok,1102,1616,1000,1500,
93758,orig,ok,1000,1500,1000,1500,
93862,orig,ok,2000,3000,1000,1500,
93888,orig,ok,1000,1500,1000,1500,
93890,up,ok,1388,2000,1000,1500,
93899,orig,ok,1998,3000,1000,1500,
93925,orig,ok,1000,1500,1000,1500,
93929,orig,ok,1000,1500,1000,1500,
93939,up,ok,1284,1926,1000,1500,
93950,orig,ok,1400,2100,1000,1500,
93958,up,ok,1016,1500,1000,1500,
93959,up,ok,1600,2400,1000,1500,
94063,orig,ok,1800,2700,1000,1500,
94068,up,ok,1000,1500,1000,1500,
94070,up,ok,1920,2880,1000,1500,
94261,orig,ok,1000,1500,1000,1500,
94265,orig,ok,1000,1333,1000,1500,
94436,orig,ok,1000,1500,1000,1500,
94542,orig,ok,1000,1500,1000,1500,
94545,up,ok,1872,2808,1000,1500,
94548,up,ok,1040,1560,1000,1500,
94735,up,ok,1000,1500,1000,1500,
94736,up,ok,1560,2340,1000,1500,
94737,orig,ok,1000,1500,1000,1500,
94746,up,ok,1392,2090,1000,1500,
94816,orig,ok,1400,2100,1000,1500,
94841,up,ok,1334,2000,1000,1500,
94862,up,ok,1920,2880,1000,1500,
94874,orig,ok,1000,1500,1000,1500,
94887,orig,ok,1000,1500,1000,1500,
95000,orig,ok,1000,1500,1000,1500,
95002,orig,ok,1778,2667,1000,1500,
95008,up,ok,1000,1500,1000,1500,
95010,orig,ok,1200,1800,1000,1500,
95048,orig,ok,1000,1500,1000,1500,
95091,orig,ok,1943,2915,1000,1500,
95099,up,ok,1200,1800,1000,1500,
95105,orig,ok,1000,1500,1000,1500,
95114,orig,ok,1244,1866,1000,1500,
95115,up,ok,1000,1500,1000,1500,
95206,orig,ok,1000,1500,1000,1500,
95348,up,ok,1392,2000,1000,1500,
95404,up,ok,1200,1800,1000,1500,
95480,up,ok,1920,2880,1000,1500,
95481,orig,ok,1000,1500,1000,1500,
95514,up,ok,1068,1600,1000,1500,
95559,orig,ok,1948,2929,1000,1500,
95560,orig,ok,1400,2100,1000,1500,
95667,up,ok,1920,2880,1000,1500,
95694,orig,ok,1000,1468,1000,1500,
95730,orig,ok,1000,1500,1000,1500,
95757,up,ok,1920,2880,1000,1500,
95993,orig,ok,1000,1500,1000,1500,
96125,orig,ok,1000,1500,1000,1500,
96140,up,ok,1000,1500,1000,1500,
96271,up,ok,1000,1500,1000,1500,
96446,up,ok,1000,1500,1000,1500,
96455,up,ok,1430,2140,1000,1500,
96648,up,ok,1630,2400,1000,1500,
96781,up,ok,1920,2880,1000,1500,
96898,orig,ok,1000,1500,1000,1500,
96917,orig,ok,1000,1500,1000,1500,
96951,up,ok,1000,1500,1000,1500,
96974,up,ok,1920,2880,1000,1500,
96976,orig,ok,1840,2637,1000,1500,
97100,orig,ok,1000,1500,1000,1500,
97186,orig,ok,1000,1500,1000,1500,
97206,orig,ok,1000,1500,1000,1500,
97240,up,ok,1200,1800,1000,1500,
97251,orig,ok,1000,1500,1000,1500,
97317,up,ok,1400,2102,1000,1500,
97345,orig,ok,2000,3000,1000,1500,
97544,orig,ok,1000,1500,1000,1500,
97553,orig,ok,1695,2542,1000,1500,
97559,up,ok,1200,1790,1000,1500,
97601,orig,ok,1067,1600,1000,1500,
97649,orig,ok,1000,1500,1000,1500,
97654,up,ok,1200,1800,1000,1500,
97693,orig,ok,1000,1500,1000,1500,
97776,orig,ok,1000,1500,1000,1500,
97780,up,ok,1920,2880,1000,1500,
97790,orig,ok,1707,2560,1000,1500,
97808,orig,ok,1500,2250,1000,1500,
97810,up,ok,1410,2000,1000,1500,
97850,up,ok,1440,2036,1000,1500,
97889,orig,ok,2000,3000,1000,1500,
97942,orig,ok,1000,1500,1000,1500,
97967,orig,ok,1000,1500,1000,1500,
97971,orig,ok,1000,1500,1000,1500,
97974,up,ok,1000,1500,1000,1500,
97975,up,ok,1920,2880,1000,1500,
97986,orig,ok,2000,3000,1000,1500,
98012,orig,ok,1560,2358,1000,1500,
98019,orig,ok,2000,3000,1000,1500,
98039,orig,ok,1800,2700,1000,1500,
98081,up,ok,1840,2720,1000,1500,
98090,orig,ok,1000,1500,1000,1500,
98106,up,ok,1682,2524,1000,1500,
98116,up,ok,1920,2880,1000,1500,
98119,orig,ok,1000,1500,1000,1500,
98128,up,ok,1560,2310,1000,1500,
98142,orig,ok,2000,3000,1000,1500,
98213,orig,ok,1200,1800,1000,1500,
98216,up,ok,1920,2880,1000,1500,
98368,orig,ok,1050,1575,1000,1500,
98640,orig,ok,1000,1500,1000,1500,
98851,orig,ok,1000,1500,1000,1500,
98906,up,ok,1000,1500,1000,1500,
99062,up,ok,1920,2880,1000,1500,
99092,orig,ok,1000,1500,1000,1500,
99192,up,ok,1000,1500,1000,1500,
99194,orig,ok,1200,1800,1000,1500,
99328,orig,ok,1057,1500,1000,1500,
99478,orig,ok,1000,1500,1000,1500,
99537,up,ok,1000,1500,1000,1500,
99545,orig,ok,1809,2714,1000,1500,
99725,orig,ok,1000,1500,1000,1500,
99859,orig,ok,1000,1500,1000,1500,
99885,up,ok,1614,2420,1000,1500,
100009,up,ok,1128,1600,1000,1500,
100024,up,ok,1000,1500,1000,1500,
100082,up,ok,1600,2400,1000,1500,
100089,orig,ok,1000,1500,1000,1500,
100100,orig,ok,1000,1500,1000,1500,
100183,orig,ok,1400,2100,1000,1500,
100190,orig,ok,1000,1500,1000,1500,
100191,orig,ok,2000,3000,1000,1500,
100274,up,ok,1920,2880,1000,1500,
100329,up,ok,1000,1500,1000,1500,
100474,orig,ok,2000,3000,1000,1500,
100493,orig,ok,1400,2100,1000,1500,
100541,up,ok,1920,2880,1000,1500,
100557,orig,ok,1000,1500,1000,1500,
100657,up,ok,1920,2880,1000,1500,
100661,orig,ok,1000,1500,1000,1500,
100662,up,ok,1000,1500,1000,1500,
100671,orig,ok,1400,2100,1000,1500,
100770,up,ok,1332,2000,1000,1500,
101013,orig,ok,1000,1500,1000,1500,
101422,orig,ok,1469,2203,1000,1500,
101501,up,ok,1110,1678,1000,1500,
101588,up,ok,1700,2550,1000,1500,
101720,orig,ok,1000,1500,1000,1500,
101724,orig,ok,1000,1500,1000,1500,
101791,orig,ok,1365,2048,1000,1500,
101797,orig,ok,1200,1600,1000,1500,
101962,orig,ok,1000,1500,1000,1500,
102013,orig,ok,1000,1500,1000,1500,
102042,orig,ok,2000,3000,1000,1500,
102060,orig,ok,1509,2141,1000,1500,
102283,orig,ok,2000,3000,1000,1500,
102308,orig,ok,1079,1530,1000,1500,
102313,orig,ok,1500,2105,1000,1500,
102316,orig,ok,1280,1920,1000,1500,
102318,orig,ok,1000,1500,1000,1500,
102390,orig,ok,1200,1800,1000,1500,
102443,orig,ok,1000,1500,1000,1500,
102463,up,ok,1000,1500,1000,1500,
102693,orig,ok,2000,3000,1000,1500,
102758,orig,ok,1000,1500,1000,1500,
102762,up,ok,1676,2354,1000,1500,
102903,orig,ok,1000,1500,1000,1500,
103071,orig,ok,2000,3000,1000,1500,
103254,orig,ok,1000,1500,1000,1500,
103424,orig,ok,1000,1500,1000,1500,
103433,orig,ok,1000,1500,1000,1500,
103437,orig,ok,2000,3000,1000,1500,
103514,up,ok,1920,2880,1000,1500,
103578,orig,ok,1152,1728,1000,1500,
103600,orig,ok,2000,3000,1000,1500,
103607,up,ok,1000,1500,1000,1500,
103676,up,ok,1058,1500,1000,1500,
103683,up,ok,1000,1500,1000,1500,
103708,up,ok,1200,1800,1000,1500,
103966,up,ok,1200,1800,1000,1500,
103971,up,ok,1000,1500,1000,1500,
103974,up,ok,1400,2100,1000,1500,
103984,up,ok,1122,1668,1000,1500,
104063,orig,ok,1077,1600,1000,1500,
104108,up,ok,1440,2160,1000,1500,
104116,orig,ok,1000,1500,1000,1500,
104184,up,ok,1066,1500,1000,1500,
104217,orig,ok,1000,1500,1000,1500,
104304,orig,ok,2000,3000,1000,1500,
104377,orig,ok,1000,1500,1000,1500,
104385,orig,ok,1000,1500,1000,1500,
104405,up,ok,1200,1696,1000,1500,
104422,up,ok,1920,2880,1000,1500,
104424,up,ok,1000,1512,1000,1500,
104425,up,ok,1406,2000,1000,1500,
104426,orig,ok,1052,1500,1000,1500,
104528,orig,ok,2000,3000,1000,1500,
104534,up,ok,1966,2950,1000,1500,
104621,orig,ok,1000,1500,1000,1500,
104644,up,ok,1920,2880,1000,1500,
104713,up,ok,1054,1586,1000,1500,
104729,orig,ok,1000,1500,1000,1500,
104772,up,ok,1690,2534,1000,1500,
104812,orig,ok,2000,3000,1000,1500,
104887,orig,ok,1196,1794,1000,1500,
104921,orig,ok,2000,3000,1000,1500,
104953,up,ok,1224,1836,1000,1500,
105070,orig,ok,1692,2538,1000,1500,
105101,up,ok,1000,1500,1000,1500,
105258,up,ok,1776,2694,1000,1500,
105293,orig,ok,2000,3000,1000,1500,
105531,up,ok,1920,2880,1000,1500,
105588,orig,ok,1000,1363,1000,1500,
105701,orig,ok,1000,1500,1000,1500,
105746,up,ok,1332,2000,1000,1500,
105854,orig,ok,2000,3000,1000,1500,
105902,orig,ok,1000,1500,1000,1500,
105989,up,ok,1334,2000,1000,1500,
106015,up,ok,1128,1692,1000,1500,
106028,orig,ok,1000,1500,1000,1500,
106046,orig,ok,1000,1500,1000,1500,
106238,orig,ok,1280,1920,1000,1500,
106271,up,ok,1000,1500,1000,1500,
106280,orig,ok,2000,3000,1000,1500,
106296,orig,ok,1000,1500,1000,1500,
106402,orig,ok,1000,1498,1000,1500,
106427,orig,ok,1000,1500,1000,1500,
106448,orig,ok,2000,3000,1000,1500,
106614,orig,ok,1000,1500,1000,1500,
106621,orig,ok,1218,1827,1000,1500,
106679,orig,ok,1000,1500,1000,1500,
106682,orig,ok,1000,1500,1000,1500,
106717,orig,ok,2000,3000,1000,1500,
106774,orig,ok,1714,2571,1000,1500,
106836,up,ok,1560,2340,1000,1500,
106845,orig,ok,1004,1493,1000,1500,
106972,orig,ok,1488,2231,1000,1500,
107020,orig,ok,1000,1500,1000,1500,
107121,up,ok,1000,1500,1000,1500,
107270,orig,ok,1550,2328,1000,1500,
107315,orig,ok,2000,3000,1000,1500,
107331,up,ok,1000,1500,1000,1500,
107334,orig,ok,2000,3000,1000,1500,
107336,orig,ok,1000,1500,1000,1500,
107341,up,ok,1600,2400,1000,1500,
107342,orig,ok,1000,1500,1000,1500,
107343,up,ok,1920,2880,1000,1500,
107423,up,ok,1000,1500,1000,1500,
107438,orig,ok,1000,1500,1000,1500,
107781,up,ok,1920,2880,1000,1500,
107872,up,ok,1348,2000,1000,1500,
107980,up,ok,1510,2212,1000,1500,
108066,up,ok,1006,1508,1000,1500,
108096,orig,ok,2000,3000,1000,1500,
108130,up,ok,1600,2400,1000,1500,
108132,orig,ok,1050,1575,1000,1500,
108181,orig,ok,1000,1500,1000,1500,
108226,up,ok,1800,2744,1000,1500,
108382,orig,ok,2000,3000,1000,1500,
108482,up,ok,1886,2792,1000,1500,
108537,up,ok,1118,1600,1000,1500,
108563,up,ok,1436,2154,1000,1500,
108580,orig,ok,1000,1500,1000,1500,
108647,orig,ok,1127,1600,1000,1500,
108704,up,ok,1000,1500,1000,1500,
108774,up,ok,1800,2700,1000,1500,
108780,up,ok,1000,1500,1000,1500,
108836,up,ok,1898,2848,1000,1500,
108839,up,ok,1676,2350,1000,1500,
108864,orig,ok,1000,1500,1000,1500,
108872,up,ok,1260,2400,1000,1500,
108873,orig,ok,1180,1771,1000,1500,
108877,up,ok,1656,2484,1000,1500,
108885,up,ok,1920,2880,1000,1500,
108888,up,ok,1280,1946,1000,1500,
108890,up,ok,1200,1800,1000,1500,
108933,up,ok,1860,2828,1000,1500,
109074,up,ok,1920,2880,1000,1500,
109086,up,ok,1920,2880,1000,1500,
109089,orig,ok,1400,2100,1000,1500,
109097,orig,ok,1000,1500,1000,1500,
109100,orig,ok,1000,1500,1000,1500,
109102,up,ok,1840,2760,1000,1500,
109109,up,ok,1962,2942,1000,1500,
109122,up,ok,1674,2510,1000,1500,
109133,orig,ok,1400,2100,1000,1500,
109213,orig,ok,1000,1500,1000,1500,
109238,up,ok,1106,1660,1000,1500,
109240,orig,ok,1000,1500,1000,1500,
109320,up,ok,1000,1500,1000,1500,
109399,orig,ok,1000,1500,1000,1500,
109425,orig,ok,1000,1500,1000,1500,
109442,up,ok,1000,1500,1000,1500,
109466,orig,ok,2000,3000,1000,1500,
109473,up,ok,1000,1500,1000,1500,
109506,orig,ok,1000,1500,1000,1500,
109565,orig,ok,1000,1500,1000,1500,
109703,orig,ok,2000,3000,1000,1500,
109742,up,ok,1000,1500,1000,1500,
109763,up,ok,1000,1500,1000,1500,
109841,orig,ok,1331,1996,1000,1500,
110004,orig,ok,1500,2250,1000,1500,
110129,orig,ok,2000,3000,1000,1500,
110138,orig,ok,1000,1500,1000,1500,
110163,up,ok,1200,1802,1000,1500,
110175,up,ok,1920,2880,1000,1500,
110327,orig,ok,1000,1500,1000,1500,
110329,up,ok,1920,2880,1000,1500,
110336,orig,ok,1800,2700,1000,1500,
110404,up,ok,1000,1500,1000,1500,
110412,orig,ok,1180,1770,1000,1500,
110523,up,ok,1000,1500,1000,1500,
110530,orig,ok,1772,2362,1000,1500,
110545,orig,ok,1000,1500,1000,1500,
110790,orig,ok,1000,1500,1000,1500,
110976,orig,ok,1280,1920,1000,1500,
110980,up,ok,1200,1800,1000,1500,
110982,orig,ok,1200,1600,1000,1500,
110989,orig,ok,1000,1500,1000,1500,
111015,up,ok,1440,2160,1000,1500,
111066,orig,ok,1000,1500,1000,1500,
111074,orig,ok,1000,1500,1000,1500,
111306,up,ok,1920,2880,1000,1500,
111405,orig,ok,1152,1600,1000,1500,
111461,up,ok,1000,1500,1000,1500,
111476,orig,ok,1742,2613,1000,1500,
111735,up,ok,1000,1500,1000,1500,
111749,orig,ok,1000,1500,1000,1500,
111847,orig,ok,1000,1500,1000,1500,
111877,orig,ok,1000,1500,1000,1500,
111901,up,ok,1000,1500,1000,1500,
112238,orig,ok,2000,3000,1000,1500,
112257,orig,ok,1820,2730,1000,1500,
112287,up,ok,1200,1800,1000,1500,
112460,up,ok,1600,2400,1000,1500,
112481,orig,ok,2000,3000,1000,1500,
112525,orig,ok,1000,1500,1000,1500,
112661,orig,ok,1000,1500,1000,1500,
112687,up,ok,1000,1500,1000,1500,
112712,orig,ok,1365,2048,1000,1500,
112812,orig,ok,2000,3000,1000,1500,
112969,up,ok,1240,1842,1000,1500,
112975,orig,ok,1000,1500,1000,1500,
113130,up,ok,1000,1500,1000,1500,
113131,orig,ok,1190,1785,1000,1500,
113132,up,ok,1920,2880,1000,1500,
113146,up,ok,1000,1500,1000,1500,
113241,up,ok,1400,2100,1000,1500,
113323,up,ok,1344,2016,1000,1500,
113337,up,ok,1192,1788,1000,1500,
113382,orig,ok,2000,3000,1000,1500,
113525,orig,ok,1000,1500,1000,1500,
113602,up,ok,1000,1500,1000,1500,
113621,up,ok,1600,2400,1000,1500,
113627,up,ok,1140,1686,1000,1500,
113658,orig,ok,1000,1500,1000,1500,
113678,orig,ok,1067,1600,1000,1500,
113681,up,ok,1460,2048,1000,1500,
113726,orig,ok,1067,1600,1000,1500,
113739,orig,ok,1000,1500,1000,1500,
113751,up,ok,1200,1800,1000,1500,
113814,orig,ok,1000,1500,1000,1500,
113821,up,ok,1000,1500,1000,1500,
113905,up,ok,1200,1800,1000,1500,
113909,orig,ok,1000,1500,1000,1500,
113917,up,ok,1500,2250,1000,1500,
113957,orig,ok,1000,1500,1000,1500,
114013,orig,ok,1000,1500,1000,1500,
114133,orig,ok,1000,1500,1000,1500,
114162,orig,ok,1000,1500,1000,1500,
114176,up,ok,1000,1500,1000,1500,
114187,orig,ok,1000,1500,1000,1500,
114394,orig,ok,1000,1500,1000,1500,
114540,orig,ok,1000,1500,1000,1500,
114542,orig,ok,1000,1500,1000,1500,
114584,orig,ok,2000,3000,1000,1500,
114604,orig,ok,1000,1500,1000,1500,
114619,orig,ok,1000,1500,1000,1500,
114635,up,ok,1920,2880,1000,1500,
114684,orig,ok,1000,1500,1000,1500,
114688,up,ok,1920,2880,1000,1500,
114730,up,ok,1376,2020,1000,1500,
114740,orig,ok,1000,1500,1000,1500,
114789,orig,ok,1350,2000,1000,1500,
114847,up,ok,1000,1500,1000,1500,
114968,orig,ok,2000,3000,1000,1500,
115123,up,ok,1000,1500,1000,1500,
115128,orig,ok,1371,2057,1000,1500,
115131,orig,ok,1175,1763,1000,1500,
115201,orig,ok,1000,1500,1000,1500,
115226,up,ok,1000,1500,1000,1500,
115229,orig,ok,1000,1500,1000,1500,
115258,up,ok,1514,2254,1000,1500,
115285,up,ok,1000,1500,1000,1500,
115374,orig,ok,1000,1500,1000,1500,
115422,orig,ok,1365,2048,1000,1500,
115445,up,ok,1552,2328,1000,1500,
115447,up,ok,1124,1500,1000,1500,
115448,up,ok,1000,1500,1000,1500,
115451,orig,ok,1366,2048,1000,1500,
115609,orig,ok,1767,2651,1000,1500,
115755,orig,ok,1026,1441,1000,1500,
115816,orig,ok,1000,1500,1000,1500,
115908,up,ok,1000,1500,1000,1500,
116194,up,ok,1404,2002,1000,1500,
116212,orig,ok,1000,1500,1000,1500,
116216,up,ok,1400,2100,1000,1500,
116218,up,ok,1920,2880,1000,1500,
116233,orig,ok,1175,1763,1000,1500,
116248,orig,ok,1000,1500,1000,1500,
116319,up,ok,1366,2048,1000,1500,
116325,orig,ok,1927,2943,1000,1500,
116327,orig,ok,1000,1500,1000,1500,
116337,orig,ok,1765,2647,1000,1500,
116389,up,ok,1064,1600,1000,1500,
116410,orig,ok,1069,1604,1000,1500,
116445,up,ok,1400,2100,1000,1500,
116475,orig,ok,1000,1500,1000,1500,
116494,orig,ok,1600,2400,1000,1500,
116514,orig,ok,1080,1498,1000,1500,
116532,orig,ok,2000,2999,1000,1500,
116581,up,ok,1150,1534,1000,1500,
116583,up,ok,1128,1600,1000,1500,
116603,up,ok,1920,2880,1000,1500,
116605,orig,ok,1117,1676,1000,1500,
116610,up,ok,1932,2898,1000,1500,
116611,up,ok,1000,1500,1000,1500,
116630,up,ok,1456,2182,1000,1500,
116632,up,ok,1656,2418,1000,1500,
116641,up,ok,1440,2160,1000,1500,
116712,orig,ok,1467,2200,1000,1500,
116829,up,ok,1600,2400,1000,1500,
116875,up,ok,1000,1500,1000,1500,
116946,up,ok,1000,1500,1000,1500,
116983,orig,ok,1000,1500,1000,1500,
117017,orig,ok,1000,1500,1000,1500,
117019,up,ok,1888,2832,1000,1500,
117023,orig,ok,1126,1500,1000,1500,
117026,up,ok,1176,1764,1000,1500,
117028,up,ok,1920,2880,1000,1500,
117055,orig,ok,1800,2735,1000,1500,
117120,up,ok,1920,2880,1000,1500,
117350,orig,ok,1000,1500,1000,1500,
117372,up,ok,1560,2280,1000,1500,
117429,up,ok,1810,2712,1000,1500,
117630,orig,ok,1000,1500,1000,1500,
117905,orig,ok,1000,1500,1000,1500,
117961,orig,ok,1000,1500,1000,1500,
118043,orig,ok,1000,1500,1000,1500,
118332,orig,ok,1000,1500,1000,1500,
118427,orig,ok,1200,1796,1000,1500,
118449,up,ok,1060,1508,1000,1500,
118485,orig,ok,1200,1796,1000,1500,
118570,orig,ok,1000,1500,1000,1500,
118612,up,ok,1920,2880,1000,1500,
118622,up,ok,1664,2496,1000,1500,
118625,orig,ok,1057,1500,1000,1500,
118626,orig,ok,1500,2239,1000,1500,
118856,up,ok,1868,2800,1000,1500,
118988,up,ok,1920,2880,1000,1500,
119010,orig,ok,1000,1500,1000,1500,
119158,up,ok,1676,2362,1000,1500,
119168,up,ok,1920,2880,1000,1500,
119170,orig,ok,2000,3000,1000,1500,
119175,up,ok,1000,1500,1000,1500,
119198,up,ok,1696,2400,1000,1500,
119207,up,ok,1000,1500,1000,1500,
119212,up,ok,1000,1500,1000,1500,
119255,orig,ok,1000,1500,1000,1500,
119353,up,ok,1200,1800,1000,1500,
119478,up,ok,1920,2880,1000,1500,
119550,orig,ok,1045,1500,1000,1500,
119558,up,ok,1400,2100,1000,1500,
119592,orig,ok,1000,1500,1000,1500,
119595,up,ok,1920,2880,1000,1500,
119640,orig,ok,1175,1763,1000,1500,
119655,up,ok,1986,2980,1000,1500,
119677,up,ok,1920,2880,1000,1500,
119723,orig,ok,1600,2397,1000,1500,
119786,up,ok,1360,2000,1000,1500,
120189,orig,ok,1452,2100,1000,1500,
120199,up,ok,1500,2126,1000,1500,
120225,up,ok,1000,1500,1000,1500,
120226,orig,ok,1654,2475,1000,1500,
120240,up,ok,1832,2748,1000,1500,
120325,up,ok,1200,1800,1000,1500,
120478,orig,ok,1067,1600,1000,1500,
120498,orig,ok,1000,1500,1000,1500,
120499,up,ok,1150,1726,1000,1500,
120582,up,ok,1600,2400,1000,1500,
120632,orig,ok,1000,1500,1000,1500,
120698,orig,ok,1000,1500,1000,1500,
120749,orig,ok,1532,2174,1000,1500,
120772,up,ok,1920,2880,1000,1500,
120846,orig,ok,1600,2400,1000,1500,
120881,up,ok,1920,2880,1000,1500,
121071,orig,ok,2000,3000,1000,1500,
121143,up,ok,1000,1500,1000,1500,
121157,orig,ok,1000,1502,1000,1500,
121175,up,ok,1920,2880,1000,1500,
121399,up,ok,1000,1500,1000,1500,
121401,orig,ok,1000,1500,1000,1500,
121498,up,ok,1332,2000,1000,1500,
121515,orig,ok,1000,1500,1000,1500,
121572,orig,ok,2000,3000,1000,1500,
121573,orig,ok,1370,2048,1000,1500,
121587,up,ok,1150,1724,1000,1500,
121597,orig,ok,1400,2100,1000,1500,
121620,up,ok,1560,2340,1000,1500,
121937,up,ok,1560,2340,1000,1500,
122027,up,ok,1200,1800,1000,1500,
122052,orig,ok,1063,1500,1000,1500,
122206,orig,ok,1000,1500,1000,1500,
122211,up,ok,1156,1732,1000,1500,
122245,up,ok,1484,2180,1000,1500,
122326,up,ok,1200,1800,1000,1500,
122369,orig,ok,1000,1500,1000,1500,
122372,orig,ok,1024,1536,1000,1500,
122408,up,ok,1806,2732,1000,1500,
122466,orig,ok,1365,2047,1000,1500,
122544,up,ok,1400,2100,1000,1500,
122582,up,ok,1000,1500,1000,1500,
122677,orig,ok,1000,1500,1000,1500,
122691,orig,ok,1058,1500,1000,1500,
122804,orig,ok,2000,3000,1000,1500,
123244,orig,ok,1333,2000,1000,1500,
123313,orig,ok,1000,1500,1000,1500,
123351,orig,ok,1000,1500,1000,1500,
123389,orig,ok,2000,3000,1000,1500,
123404,up,ok,1272,1908,1000,1500,
123501,orig,ok,2000,3000,1000,1500,
123728,up,ok,1920,2880,1000,1500,
123814,up,ok,1402,2000,1000,1500,
123858,up,ok,1000,1500,1000,1500,
123994,orig,ok,1000,1500,1000,1500,
124045,orig,ok,1000,1500,1000,1500,
124046,orig,ok,1060,1590,1000,1500,
124054,orig,ok,1000,1500,1000,1500,
124105,up,ok,1000,1500,1000,1500,
124114,orig,ok,1000,1500,1000,1500,
124118,orig,ok,1024,1472,1000,1500,
124124,orig,ok,1000,1500,1000,1500,
124135,up,ok,1296,1944,1000,1500,
124230,orig,ok,1000,1500,1000,1500,
124260,orig,ok,1000,1500,1000,1500,
124322,orig,ok,1000,1500,1000,1500,
124408,up,ok,1000,1500,1000,1500,
124428,orig,ok,1000,1500,1000,1500,
124536,orig,ok,1000,1500,1000,1500,
124553,orig,ok,1000,1500,1000,1500,
124556,orig,ok,1000,1489,1000,1500,
124635,up,ok,1200,1800,1000,1500,
124637,orig,ok,1000,1500,1000,1500,
124656,orig,ok,1000,1500,1000,1500,
124668,orig,ok,2000,3000,1000,1500,
124873,orig,ok,1000,1500,1000,1500,
125040,up,ok,1000,1500,1000,1500,
125129,up,ok,1000,1500,1000,1500,
125137,up,ok,1332,2000,1000,1500,
125138,orig,ok,1000,1500,1000,1500,
125149,up,ok,1000,1500,1000,1500,
125268,orig,ok,2000,3000,1000,1500,
125294,orig,ok,1000,1500,1000,1500,
125331,up,ok,1920,2880,1000,1500,
125442,orig,ok,1000,1479,1000,1500,
125647,orig,ok,1000,1500,1000,1500,
125686,up,ok,1920,2880,1000,1500,
125764,orig,ok,1175,1763,1000,1500,
125773,orig,ok,2000,3000,1000,1500,
125787,orig,ok,1080,1620,1000,1500,
126008,orig,ok,1635,2452,1000,1500,
126022,up,ok,1332,2000,1000,1500,
126323,orig,ok,1000,1500,1000,1500,
126451,up,ok,1600,2400,1000,1500,
126463,orig,ok,2000,3000,1000,1500,
126478,up,ok,1200,1800,1000,1500,
126487,orig,ok,1000,1500,1000,1500,
126503,orig,ok,1746,2619,1000,1500,
126568,up,ok,1000,1500,1000,1500,
126594,up,ok,1280,1912,1000,1500,
126684,up,ok,1200,1606,1000,1500,
126754,up,ok,1920,2880,1000,1500,
126795,orig,ok,2000,3000,1000,1500,
126927,orig,ok,1728,2592,1000,1500,
126938,orig,ok,1000,1500,1000,1500,
126955,orig,ok,1000,1500,1000,1500,
126962,up,ok,1000,1500,1000,1500,
127049,up,ok,1560,2340,1000,1500,
127188,orig,ok,1000,1500,1000,1500,
127207,orig,ok,1500,2250,1000,1500,
127209,up,ok,1360,2000,1000,1500,
127284,up,ok,1594,2362,1000,1500,
127421,orig,ok,1400,2100,1000,1500,
127441,up,ok,1000,1500,1000,1500,
127548,orig,ok,1000,1500,1000,1500,
127594,orig,ok,2000,3000,1000,1500,
127626,up,ok,1492,2238,1000,1500,
127628,orig,ok,1000,1500,1000,1500,
127648,orig,ok,1000,1500,1000,1500,
127739,orig,ok,1000,1500,1000,1500,
127742,up,ok,1000,1506,1000,1500,
127752,orig,ok,2000,3000,1000,1500,
127782,up,ok,1312,2000,1000,1500,
127884,orig,ok,1400,2100,1000,1500,
128145,orig,ok,1000,1500,1000,1500,
128152,orig,ok,1000,1500,1000,1500,
128174,orig,ok,1000,1500,1000,1500,
128188,orig,ok,1000,1500,1000,1500,
128276,orig,ok,1400,2100,1000,1500,
128311,orig,ok,1000,1500,1000,1500,
128400,orig,ok,1997,3000,1000,1500,
128558,orig,ok,1000,1500,1000,1500,
128584,orig,ok,2000,3000,1000,1500,
128643,up,ok,1222,1626,1000,1500,
128762,orig,ok,2000,3000,1000,1500,
128841,up,ok,1920,2880,1000,1500,
128866,orig,ok,1000,1500,1000,1500,
128896,orig,ok,2000,3000,1000,1500,
128917,orig,ok,1500,2250,1000,1500,
128971,orig,ok,1000,1500,1000,1500,
129195,up,ok,1000,1500,1000,1500,
129298,up,ok,1000,1500,1000,1500,
129418,orig,ok,2000,3000,1000,1500,
129481,orig,ok,1290,1935,1000,1500,
129524,orig,ok,1280,1841,1000,1500,
129663,up,ok,1000,1500,1000,1500,
129668,orig,ok,1000,1500,1000,1500,
129761,orig,ok,1936,2752,1000,1500,
129798,up,ok,1000,1500,1000,1500,
129858,orig,ok,2000,3000,1000,1500,
130018,up,ok,1920,2880,1000,1500,
130366,up,ok,1200,1778,1000,1500,
130421,orig,ok,1000,1500,1000,1500,
130802,orig,ok,1400,2100,1000,1500,
130864,orig,ok,1960,2972,1000,1500,
131083,up,ok,1920,2880,1000,1500,
131123,orig,ok,1000,1500,1000,1500,
131212,up,ok,1000,1500,1000,1500,
131225,up,ok,1280,1920,1000,1500,
131358,up,ok,1492,2238,1000,1500,
131582,up,ok,1000,1500,1000,1500,
131673,up,ok,1350,2000,1000,1500,
131689,orig,ok,1480,2220,1000,1500,
131881,orig,ok,1430,2145,1000,1500,
131885,orig,ok,1000,1500,1000,1500,
131887,orig,ok,1000,1500,1000,1500,
131892,orig,ok,1000,1500,1000,1500,
131916,orig,ok,1083,1625,1000,1500,
131938,orig,ok,2000,3000,1000,1500,
131951,orig,ok,1000,1500,1000,1500,
131967,up,ok,1000,1500,1000,1500,
131974,orig,ok,1000,1500,1000,1500,
132035,up,ok,1400,2100,1000,1500,
132163,up,ok,1154,1708,1000,1500,
132247,orig,ok,1000,1500,1000,1500,
132250,orig,ok,1200,1697,1000,1500,
132269,up,ok,1920,2880,1000,1500,
132346,up,ok,1144,1716,1000,1500,
132361,up,ok,1706,2560,1000,1500,
132369,up,ok,1834,2698,1000,1500,
132626,orig,ok,2000,3000,1000,1500,
132729,orig,ok,2000,3000,1000,1500,
132802,orig,ok,1236,1854,1000,1500,
132843,up,ok,1400,2100,1000,1500,
132916,orig,ok,1164,1746,1000,1500,
133137,orig,ok,1000,1500,1000,1500,
133143,up,ok,1000,1500,1000,1500,
133196,up,ok,1130,1696,1000,1500,
133339,up,ok,1194,1792,1000,1500,
133360,orig,ok,1000,1500,1000,1500,
133535,up,ok,1920,2880,1000,1500,
133718,orig,ok,2000,3000,1000,1500,
133831,orig,ok,2000,3000,1000,1500,
133838,orig,ok,1500,2250,1000,1500,
133907,up,ok,1200,1818,1000,1500,
133953,orig,ok,1566,2231,1000,1500,
133959,orig,ok,1000,1501,1000,1500,
134136,up,ok,1920,2880,1000,1500,
134394,orig,ok,1000,1500,1000,1500,
134503,up,ok,1000,1500,1000,1500,
134521,orig,ok,1000,1500,1000,1500,
134572,up,ok,1000,1500,1000,1500,
134628,orig,ok,1021,1516,1000,1500,
134756,up,ok,1380,2000,1000,1500,
134885,up,ok,1240,1860,1000,1500,
134890,orig,ok,2000,3000,1000,1500,
135060,orig,ok,1000,1500,1000,1500,
135064,orig,ok,2000,3000,1000,1500,
135197,orig,ok,1352,2028,1000,1500,
135208,up,ok,1400,1986,1000,1500,
135251,up,ok,1360,2000,1000,1500,
135252,up,ok,1000,1500,1000,1500,
135288,orig,ok,2000,3000,1000,1500,
135321,up,ok,1000,1500,1000,1500,
135354,up,ok,1000,1500,1000,1500,
135368,orig,ok,1000,1500,1000,1500,
135369,orig,ok,2000,3000,1000,1500,
135402,up,ok,1140,1600,1000,1500,
135414,up,ok,1676,2374,1000,1500,
135422,orig,ok,1000,1414,1000,1500,
135424,up,ok,1204,1804,1000,1500,
135451,orig,ok,1920,2880,1000,1500,
135461,orig,ok,1000,1500,1000,1500,
135482,up,ok,1920,2880,1000,1500,
135559,up,ok,1600,2400,1000,1500,
135670,orig,ok,1000,1500,1000,1500,
135760,orig,ok,1000,1500,1000,1500,
135973,up,ok,1920,2880,1000,1500,
136006,up,ok,1920,2880,1000,1500,
136013,orig,ok,1000,1500,1000,1500,
136074,up,ok,1262,1894,1000,1500,
136212,orig,ok,1000,1500,1000,1500,
136268,up,ok,1560,2340,1000,1500,
136309,orig,ok,1522,2148,1000,1500,
136328,up,ok,1200,1680,1000,1500,
136467,orig,ok,1000,1500,1000,1500,
136468,up,ok,1334,2000,1000,1500,
136549,up,ok,1280,1920,1000,1500,
136593,up,ok,1920,2880,1000,1500,
136641,up,ok,1860,2834,1000,1500,
136720,orig,ok,1175,1763,1000,1500,
136801,up,ok,1600,2400,1000,1500,
136837,orig,ok,1805,2708,1000,1500,
136881,orig,ok,1000,1500,1000,1500,
137051,orig,ok,1000,1500,1000,1500,
137062,up,ok,1000,1500,1000,1500,
137295,up,ok,1600,2400,1000,1500,
137634,up,ok,1000,1500,1000,1500,
137663,up,ok,1230,1844,1000,1500,
137707,orig,ok,1000,1500,1000,1500,
137746,up,ok,1894,2842,1000,1500,
137749,orig,ok,1000,1500,1000,1500,
137900,up,ok,1448,2000,1000,1500,
137904,orig,ok,1000,1500,1000,1500,
137955,up,ok,1920,2880,1000,1500,
137992,orig,ok,1000,1481,1000,1500,
138012,up,ok,1000,1500,1000,1500,
138017,up,ok,1920,2880,1000,1500,
138068,orig,ok,2000,3000,1000,1500,
138097,up,ok,1560,2206,1000,1500,
138223,up,ok,1920,2880,1000,1500,
138345,up,ok,1360,2000,1000,1500,
138355,up,ok,1200,1700,1000,1500,
138469,up,ok,1000,1500,1000,1500,
138496,orig,ok,1000,1500,1000,1500,
138630,up,ok,1000,1500,1000,1500,
138792,orig,ok,2000,3000,1000,1500,
138858,orig,ok,1000,1500,1000,1500,
138875,orig,ok,1400,2100,1000,1500,
138900,up,ok,1626,2426,1000,1500,
138901,orig,ok,1000,1500,1000,1500,
138943,up,ok,1920,2880,1000,1500,
138944,orig,ok,1200,1600,1000,1500,
138956,up,ok,1180,1770,1000,1500,
138959,orig,ok,1000,1500,1000,1500,
138967,orig,ok,1000,1500,1000,1500,
138988,orig,ok,1000,1500,1000,1500,
138997,orig,ok,1000,1500,1000,1500,
138998,orig,ok,1200,1800,1000,1500,
138999,orig,ok,1000,1500,1000,1500,
139103,orig,ok,1000,1412,1000,1500,
139132,orig,ok,1050,1575,1000,1500,
139198,up,ok,1796,2694,1000,1500,
139349,orig,ok,2000,3000,1000,1500,
139431,up,ok,1466,2154,1000,1500,
139484,orig,ok,1000,1500,1000,1500,
139543,up,ok,1810,2720,1000,1500,
139611,up,ok,1000,1500,1000,1500,
139659,orig,ok,1000,1500,1000,1500,
139747,orig,ok,1000,1500,1000,1500,
139761,orig,ok,1000,1501,1000,1500,
139858,up,ok,1200,1800,1000,1500,
139993,up,ok,1000,1500,1000,1500,
140056,orig,ok,1200,1800,1000,1500,
140166,orig,ok,1400,2100,1000,1500,
140172,orig,ok,1800,2652,1000,1500,
140218,orig,ok,1521,2158,1000,1500,
140343,orig,ok,1000,1500,1000,1500,
140394,orig,ok,1800,2700,1000,1500,
140482,orig,ok,1533,2300,1000,1500,
140491,orig,ok,1000,1500,1000,1500,
140516,orig,ok,1000,1500,1000,1500,
140541,up,ok,1000,1500,1000,1500,
140680,up,ok,1920,2880,1000,1500,
140689,orig,ok,2000,3000,1000,1500,
140781,up,ok,1412,2000,1000,1500,
140786,orig,ok,1045,1500,1000,1500,
140821,up,ok,1000,1500,1000,1500,
140839,up,ok,1958,2936,1000,1500,
140941,up,ok,1880,2844,1000,1500,
140965,up,ok,1548,2198,1000,1500,
141063,orig,ok,1062,1500,1000,1500,
141127,up,ok,1460,2196,1000,1500,
141128,orig,ok,1897,2845,1000,1500,
141333,orig,ok,1000,1500,1000,1500,
141524,orig,ok,1000,1500,1000,1500,
141555,orig,ok,1000,1500,1000,1500,
141642,up,ok,1068,1500,1000,1500,
141644,orig,ok,2000,3000,1000,1500,
141864,orig,ok,1125,1500,1000,1500,
141899,up,ok,1000,1500,1000,1500,
142059,up,ok,1000,1500,1000,1500,
142305,up,ok,1000,1500,1000,1500,
142593,orig,ok,1000,1500,1000,1500,
142709,orig,ok,1200,1600,1000,1500,
142711,up,ok,1600,2400,1000,1500,
143083,up,ok,1920,2880,1000,1500,
143139,up,ok,1188,1736,1000,1500,
143142,orig,ok,1175,1763,1000,1500,
143146,up,ok,1920,2880,1000,1500,
143147,orig,ok,1200,1600,1000,1500,
143192,orig,ok,1070,1605,1000,1500,
143222,up,ok,1040,1560,1000,1500,
143226,up,ok,1000,1500,1000,1500,
143508,up,ok,1000,1500,1000,1500,
143547,up,ok,1600,2400,1000,1500,
143777,up,ok,1466,2200,1000,1500,
143877,orig,ok,1000,1500,1000,1500,
143928,orig,ok,1175,1763,1000,1500,
143967,up,ok,1500,2000,1000,1500,
144086,up,ok,1000,1500,1000,1500,
144108,orig,ok,1000,1500,1000,1500,
144147,orig,ok,1000,1500,1000,1500,
144171,up,ok,1000,1500,1000,1500,
144204,orig,ok,1400,2100,1000,1500,
144542,up,ok,1000,1500,1000,1500,
144662,orig,ok,1000,1500,1000,1500,
144696,up,ok,1500,2000,1000,1500,
144706,orig,ok,1200,1800,1000,1500,
144739,up,ok,1000,1500,1000,1500,
144822,orig,ok,1053,1580,1000,1500,
144863,orig,ok,2000,3000,1000,1500,
144868,up,ok,1332,1998,1000,1500,
145103,up,ok,1300,2000,1000,1500,
145198,orig,ok,1000,1500,1000,1500,
145210,orig,ok,1000,1500,1000,1500,
145444,orig,ok,2000,3000,1000,1500,
145650,up,ok,1000,1500,1000,1500,
145850,up,ok,1334,2000,1000,1500,
145862,up,ok,1826,2740,1000,1500,
145951,orig,ok,1000,1500,1000,1500,
145998,up,ok,1268,1800,1000,1500,
146012,up,ok,1000,1500,1000,1500,
146038,orig,ok,1333,2000,1000,1500,
146165,orig,ok,1000,1500,1000,1500,
146168,orig,ok,1200,1600,1000,1500,
146307,orig,ok,1807,2737,1000,1500,
146313,orig,ok,1000,1500,1000,1500,
146365,up,ok,1400,2100,1000,1500,
146380,orig,ok,2000,3000,1000,1500,
146852,orig,ok,2000,3000,1000,1500,
147061,orig,ok,1200,1600,1000,1500,
147136,up,ok,1174,1762,1000,1500,
147151,up,ok,1000,1500,1000,1500,
147232,up,ok,1000,1500,1000,1500,
147237,orig,ok,2000,3000,1000,1500,
147272,orig,ok,2000,3000,1000,1500,
147278,up,ok,1000,1500,1000,1500,
147310,up,ok,1348,1946,1000,1500,
147641,orig,ok,1000,1500,1000,1500,
147851,orig,ok,1000,1500,1000,1500,
147879,up,ok,1920,2880,1000,1500,
147888,orig,ok,1000,1500,1000,1500,
147890,up,ok,1000,1500,1000,1500,
147941,up,ok,1920,2880,1000,1500,
148112,up,ok,1334,2000,1000,1500,
148148,up,ok,1380,2084,1000,1500,
148644,orig,ok,1024,1447,1000,1500,
148801,orig,ok,1000,1500,1000,1500,
148972,up,ok,1440,2160,1000,1500,
148977,up,ok,1000,1500,1000,1500,
148991,up,ok,1560,2340,1000,1500,
149113,orig,ok,1000,1500,1000,1500,
149148,orig,ok,1332,2000,1000,1500,
149233,orig,ok,1000,1500,1000,1500,
149234,up,ok,1546,2284,1000,1500,
149592,orig,ok,1524,2087,1000,1500,
149630,orig,ok,2000,3000,1000,1500,
149744,orig,ok,1000,1500,1000,1500,
149777,up,ok,1000,1500,1000,1500,
149897,orig,ok,1138,1600,1000,1500,
150014,up,ok,1200,1800,1000,1500,
150060,orig,ok,1000,1500,1000,1500,
150201,orig,ok,1000,1500,1000,1500,
150211,up,ok,1206,1810,1000,1500,
150786,orig,ok,1000,1500,1000,1500,
150794,up,ok,1778,2668,1000,1500,
151020,orig,ok,1000,1500,1000,1500,
151062,orig,ok,1000,1500,1000,1500,
151193,orig,ok,1200,1800,1000,1500,
152434,up,ok,1392,2000,1000,1500,
152586,orig,ok,1000,1500,1000,1500,
152908,up,ok,1954,2930,1000,1500,
153054,orig,ok,1280,1919,1000,1500,
153060,orig,ok,1000,1500,1000,1500,
153186,up,ok,1320,1980,1000,1500,
153188,orig,ok,1920,2560,1000,1500,
153490,up,ok,1400,2100,1000,1500,
153509,orig,ok,1884,2823,1000,1500,
153740,up,ok,1000,1500,1000,1500,
154239,up,ok,1280,1920,1000,1500,
154303,orig,ok,2000,3000,1000,1500,
154390,up,ok,1920,2880,1000,1500,
154445,up,ok,1050,1500,1000,1500,
155341,up,ok,1000,1500,1000,1500,
155537,up,ok,1200,1794,1000,1500,
155554,up,ok,1000,1500,1000,1500,
155577,orig,ok,2000,3000,1000,1500,
155706,orig,ok,1400,2100,1000,1500,
155708,up,ok,1920,2880,1000,1500,
155834,orig,ok,2000,3000,1000,1500,
155964,orig,ok,1500,2100,1000,1500,
156019,orig,ok,1000,1500,1000,1500,
156068,orig,ok,1000,1500,1000,1500,
156094,up,ok,1560,2340,1000,1500,
156191,up,ok,1360,2000,1000,1500,
156252,orig,ok,1000,1500,1000,1500,
156310,orig,ok,1177,1766,1000,1500,
156329,up,ok,1004,1508,1000,1500,
156344,up,ok,1920,2880,1000,1500,
156365,up,ok,1920,2880,1000,1500,
156385,up,ok,1920,2880,1000,1500,
156420,up,ok,1920,2880,1000,1500,
156542,up,ok,1568,2352,1000,1500,
156623,orig,ok,1000,1500,1000,1500,
156704,orig,ok,2000,3000,1000,1500,
156969,up,ok,1920,2880,1000,1500,
156981,orig,ok,1000,1500,1000,1500,
157185,orig,ok,1000,1500,1000,1500,
157268,orig,ok,1000,1500,1000,1500,
157276,up,ok,1562,2318,1000,1500,
157422,orig,ok,1200,1800,1000,1500,
157581,orig,ok,1518,2135,1000,1500,
157599,up,ok,1562,2318,1000,1500,
157619,up,ok,1500,2000,1000,1500,
157707,up,ok,1000,1500,1000,1500,
157922,up,ok,1260,1922,1000,1500,
158066,up,ok,1000,1500,1000,1500,
158087,up,ok,1000,1500,1000,1500,
158129,up,ok,1000,1502,1000,1500,
158337,orig,ok,1052,1500,1000,1500,
158354,orig,ok,1000,1500,1000,1500,
158873,orig,ok,1152,1728,1000,1500,
158962,orig,ok,1067,1600,1000,1500,
159031,orig,ok,1000,1500,1000,1500,
159109,orig,ok,1500,2250,1000,1500,
159368,up,ok,1000,1500,1000,1500,
159390,up,ok,1000,1500,1000,1500,
159393,up,ok,1920,2880,1000,1500,
159698,orig,ok,1154,1731,1000,1500,
160128,up,ok,1000,1500,1000,1500,
160200,orig,ok,1000,1500,1000,1500,
160201,orig,ok,1000,1500,1000,1500,
160202,orig,ok,1000,1500,1000,1500,
160203,orig,ok,1000,1500,1000,1500,
160204,orig,ok,1000,1500,1000,1500,
160386,orig,ok,1000,1500,1000,1500,
160410,up,ok,1920,2880,1000,1500,
160547,orig,ok,1000,1397,1000,1500,
160560,orig,ok,2000,3000,1000,1500,
160910,orig,ok,1000,1500,1000,1500,
161154,up,ok,1326,1778,1000,1500,
161216,orig,ok,1000,1500,1000,1500,
161324,up,ok,1000,1500,1000,1500,
161326,up,ok,1920,2880,1000,1500,
161367,up,ok,1200,1796,1000,1500,
161368,orig,ok,2000,3000,1000,1500,
161672,orig,ok,2000,3000,1000,1500,
161692,orig,ok,1800,2700,1000,1500,
161761,orig,ok,2000,3000,1000,1500,
161782,up,ok,1440,2160,1000,1500,
162010,orig,ok,1000,1500,1000,1500,
162043,orig,ok,1000,1500,1000,1500,
162046,up,ok,1000,1500,1000,1500,
162247,orig,ok,1206,1809,1000,1500,
162336,orig,ok,1000,1500,1000,1500,
162941,orig,ok,1750,2570,1000,1500,
163189,up,ok,1992,2988,1000,1500,
163208,orig,ok,2000,3000,1000,1500,
163447,orig,ok,1000,1500,1000,1500,
163510,orig,ok,2000,3000,1000,1500,
163514,up,ok,1000,1500,1000,1500,
163541,up,ok,1200,1800,1000,1500,
163543,orig,ok,1000,1500,1000,1500,
163545,up,ok,1560,2340,1000,1500,
163554,up,ok,1000,1500,1000,1500,
163589,up,ok,1000,1500,1000,1500,
164377,orig,ok,1000,1500,1000,1500,
164423,up,ok,1000,1500,1000,1500,
164495,orig,ok,2000,3000,1000,1500,
164687,up,ok,1000,1500,1000,1500,
164708,orig,ok,1856,2783,1000,1500,
165078,up,ok,1140,1600,1000,1500,
165279,up,ok,1560,2214,1000,1500,
165567,up,ok,1334,2000,1000,1500,
166080,orig,ok,1000,1500,1000,1500,
166161,orig,ok,1000,1500,1000,1500,
166201,orig,ok,1000,1500,1000,1500,
166343,orig,ok,1066,1600,1000,1500,
166598,orig,ok,1182,1772,1000,1500,
166736,orig,ok,1000,1500,1000,1500,
166738,orig,ok,1000,1325,1000,1500,
166752,up,ok,1000,1500,1000,1500,
166757,orig,ok,1400,2100,1000,1500,
166816,up,ok,1284,1944,1000,1500,
166904,orig,ok,1879,2818,1000,1500,
167036,up,ok,1072,1500,1000,1500,
167078,orig,ok,1000,1500,1000,1500,
167079,orig,ok,1000,1500,1000,1500,
167119,orig,ok,2000,3000,1000,1500,
167198,orig,ok,1601,2259,1000,1500,
167554,up,ok,1000,1500,1000,1500,
167556,up,ok,1606,2464,1000,1500,
167673,orig,ok,1000,1500,1000,1500,
167828,orig,ok,1000,1500,1000,1500,
167960,orig,ok,2000,3000,1000,1500,
168145,up,ok,1920,2880,1000,1500,
168325,up,ok,1920,2880,1000,1500,
168368,up,ok,1920,2880,1000,1500,
168476,up,ok,1000,1500,1000,1500,
168633,up,ok,1920,2880,1000,1500,
168859,orig,ok,1600,2400,1000,1500,
168883,up,ok,1360,2032,1000,1500,
168885,orig,ok,1000,1500,1000,1500,
168901,up,ok,1200,1800,1000,1500,
169150,up,ok,1000,1500,1000,1500,
169360,orig,ok,2000,3000,1000,1500,
169406,orig,ok,1000,1500,1000,1500,
169534,up,ok,1000,1500,1000,1500,
169635,orig,ok,2000,3000,1000,1500,
169865,orig,ok,2000,3000,1000,1500,
170075,orig,ok,1400,2100,1000,1500,
170199,up,ok,1440,2160,1000,1500,
170251,orig,ok,1000,1500,1000,1500,
170259,up,ok,1672,2376,1000,1500,
170430,orig,ok,1000,1500,1000,1500,
170748,orig,ok,1000,1500,1000,1500,
170792,orig,ok,1000,1500,1000,1500,
171045,up,ok,1920,2880,1000,1500,
171112,orig,ok,1000,1500,1000,1500,
171277,orig,ok,1000,1500,1000,1500,
171282,up,ok,1334,2000,1000,1500,
171287,orig,ok,1524,2138,1000,1500,
171367,orig,ok,1024,1536,1000,1500,
171499,orig,ok,1500,2250,1000,1500,
171703,orig,ok,1000,1500,1000,1500,
171930,orig,ok,1000,1500,1000,1500,
172002,up,ok,1000,1500,1000,1500,
172006,orig,ok,1000,1500,1000,1500,
172155,up,ok,1600,2400,1000,1500,
172342,orig,ok,1100,1650,1000,1500,
172372,up,ok,1920,2880,1000,1500,
172486,orig,ok,2000,3000,1000,1500,
172729,orig,ok,1000,1420,1000,1500,
172798,up,ok,1200,1800,1000,1500,
172807,orig,ok,1034,1500,1000,1500,
173047,orig,ok,1768,2652,1000,1500,
173080,orig,ok,2000,3000,1000,1500,
173095,up,ok,1658,2488,1000,1500,
173285,up,ok,1600,2400,1000,1500,
173305,up,ok,1900,2850,1000,1500,
173321,up,ok,1038,1558,1000,1500,
173326,orig,ok,1200,1800,1000,1500,
173345,orig,ok,1200,1800,1000,1500,
173353,orig,ok,2000,3000,1000,1500,
173356,up,ok,1000,1500,1000,1500,
173365,orig,ok,2000,3000,1000,1500,
173457,orig,ok,1100,1650,1000,1500,
173761,up,ok,1920,2880,1000,1500,
174045,up,ok,1000,1500,1000,1500,
174671,up,ok,1920,2880,1000,1500,
174678,orig,ok,1000,1500,1000,1500,
175138,up,ok,1600,2400,1000,1500,
175944,up,ok,1024,1500,1000,1500,
176018,up,ok,1750,2626,1000,1500,
176223,up,ok,1920,2880,1000,1500,
176570,orig,ok,1365,2048,1000,1500,
176990,up,ok,1446,2048,1000,1500,
177096,up,ok,1560,2312,1000,1500,
177232,orig,ok,1000,1500,1000,1500,
177552,orig,ok,1000,1500,1000,1500,
177583,up,ok,1000,1500,1000,1500,
177839,up,ok,1000,1500,1000,1500,
177901,orig,ok,1000,1500,1000,1500,
178408,orig,ok,1500,2250,1000,1500,
178439,up,ok,1600,2244,1000,1500,
178687,orig,ok,1400,2100,1000,1500,
178851,orig,ok,1000,1480,1000,1500,
179070,up,ok,1000,1500,1000,1500,
179142,up,ok,1600,2398,1000,1500,
179159,up,ok,1000,1500,1000,1500,
179242,up,ok,1240,1760,1000,1500,
179254,orig,ok,1928,2892,1000,1500,
179255,up,ok,1012,1500,1000,1500,
179269,orig,ok,1000,1500,1000,1500,
179391,up,ok,1920,2880,1000,1500,
179473,orig,ok,2000,3000,1000,1500,
179494,orig,ok,1047,1500,1000,1500,
179503,orig,ok,1000,1500,1000,1500,
179765,up,ok,1354,2020,1000,1500,
179880,orig,ok,1000,1500,1000,1500,
180168,orig,ok,1534,2159,1000,1500,
180267,orig,ok,2000,3000,1000,1500,
180268,orig,ok,1000,1500,1000,1500,
180323,orig,ok,1057,1500,1000,1500,
180631,up,ok,1920,2880,1000,1500,
180850,up,ok,1920,2880,1000,1500,
180886,up,ok,1920,2880,1000,1500,
180911,up,ok,1920,2880,1000,1500,
181056,orig,ok,1000,1500,1000,1500,
181095,orig,ok,1000,1500,1000,1500,
181160,up,ok,1000,1500,1000,1500,
181282,up,ok,1972,2956,1000,1500,
181425,orig,ok,1000,1500,1000,1500,
181587,up,ok,1000,1500,1000,1500,
181628,up,ok,1000,1500,1000,1500,
181764,up,ok,1920,2880,1000,1500,
181965,orig,ok,1067,1600,1000,1500,
182117,orig,ok,1120,1680,1000,1500,
182140,up,ok,1160,1744,1000,1500,
182499,up,ok,1200,1808,1000,1500,
182510,up,ok,1000,1500,1000,1500,
182774,orig,ok,1057,1500,1000,1500,
183347,up,ok,1808,2712,1000,1500,
183412,up,ok,1000,1500,1000,1500,
183661,orig,ok,1000,1500,1000,1500,
183760,up,ok,1200,1800,1000,1500,
184165,up,ok,1004,1778,1000,1500,
184590,up,ok,1010,1532,1000,1500,
184710,orig,ok,2000,3000,1000,1500,
184885,up,ok,1920,2880,1000,1500,
185474,orig,ok,1000,1500,1000,1500,
185495,up,ok,1562,2318,1000,1500,
185755,up,ok,1330,1972,1000,1500,
186031,up,ok,1200,1800,1000,1500,
186324,up,ok,1920,2880,1000,1500,
186351,up,ok,1000,1500,1000,1500,
186359,orig,ok,1400,2100,1000,1500,
186458,up,ok,1682,2522,1000,1500,
186602,up,ok,1692,2400,1000,1500,
186743,orig,ok,1000,1500,1000,1500,
186889,orig,ok,2000,3000,1000,1500,
186903,up,ok,1400,2100,1000,1500,
187115,up,ok,1120,1700,1000,1500,
187276,orig,ok,1000,1429,1000,1500,
187288,orig,ok,2000,3000,1000,1500,
187291,up,ok,1200,1800,1000,1500,
187525,up,ok,1000,1500,1000,1500,
187546,orig,ok,1000,1500,1000,1500,
187591,up,ok,1200,1800,1000,1500,
187782,orig,ok,2000,2830,1000,1500,
187801,orig,ok,1000,1500,1000,1500,
188032,up,ok,1332,2000,1000,1500,
188074,up,ok,1920,2880,1000,1500,
188628,up,ok,1000,1500,1000,1500,
188667,up,ok,1000,1500,1000,1500,
188837,up,ok,1260,2400,1000,1500,
188884,up,ok,1920,2880,1000,1500,
189353,up,ok,1000,1500,1000,1500,
189387,orig,ok,1568,2332,1000,1500,
189547,up,ok,1638,2456,1000,1500,
190062,up,ok,1000,1500,1000,1500,
190068,up,ok,1000,1500,1000,1500,
190089,orig,ok,1062,1593,1000,1500,
190392,orig,ok,1510,2066,1000,1500,
190544,orig,ok,1179,1768,1000,1500,
190829,orig,ok,1400,2100,1000,1500,
191086,up,ok,1114,1670,1000,1500,
191298,orig,ok,1027,1500,1000,1500,
191378,orig,ok,2000,3000,1000,1500,
191393,orig,ok,1000,1500,1000,1500,
191447,orig,ok,1042,1500,1000,1500,
191568,orig,ok,2000,2963,1000,1500,
191644,orig,ok,1057,1500,1000,1500,
191740,up,ok,1562,2318,1000,1500,
191806,up,ok,1000,1500,1000,1500,
192023,orig,ok,1400,2100,1000,1500,
192186,orig,ok,1000,1501,1000,1500,
192415,up,ok,1920,2880,1000,1500,
192483,up,ok,1000,1500,1000,1500,
192808,orig,ok,1997,3000,1000,1500,
192813,orig,ok,1802,2560,1000,1500,
192982,up,ok,1936,2904,1000,1500,
192987,up,ok,1190,1868,1000,1500,
193040,orig,ok,1057,1500,1000,1500,
193084,orig,ok,1000,1500,1000,1500,
193122,up,ok,1000,1500,1000,1500,
193286,up,ok,1200,1800,1000,1500,
193474,up,ok,1332,2000,1000,1500,
193476,up,ok,1336,2000,1000,1500,
193579,orig,ok,2000,3000,1000,1500,
193580,up,ok,1000,1500,1000,1500,
193582,up,ok,1000,1502,1000,1500,
193603,orig,ok,1400,2100,1000,1500,
193611,orig,ok,1349,2024,1000,1500,
193714,orig,ok,1000,1500,1000,1500,
194031,orig,ok,1200,1600,1000,1500,
194121,orig,ok,1000,1500,1000,1500,
194209,up,ok,1500,2250,1000,1500,
194393,orig,ok,1000,1500,1000,1500,
194625,orig,ok,1218,1808,1000,1500,
194643,orig,ok,2000,3000,1000,1500,
194645,up,ok,1468,2112,1000,1500,
194659,orig,ok,1035,1553,1000,1500,
194804,orig,ok,1794,2691,1000,1500,
195328,up,ok,1552,2326,1000,1500,
195389,up,ok,1976,2964,1000,1500,
195781,up,ok,1308,1964,1000,1500,
195796,orig,ok,1400,2100,1000,1500,
195845,orig,ok,1849,2774,1000,1500,
196139,up,ok,1000,1500,1000,1500,
196670,up,ok,1076,1500,1000,1500,
196916,orig,ok,1000,1500,1000,1500,
197010,orig,ok,1013,1521,1000,1500,
197011,up,ok,1238,1758,1000,1500,
197497,up,ok,1260,1890,1000,1500,
197499,orig,ok,2000,3000,1000,1500,
197649,orig,ok,1000,1500,1000,1500,
197858,up,ok,1200,1800,1000,1500,
197919,up,ok,1384,2078,1000,1500,
198181,up,ok,1120,1750,1000,1500,
198292,up,ok,1000,1500,1000,1500,
198456,orig,ok,1175,1763,1000,1500,
198572,orig,ok,2000,3000,1000,1500,
199034,up,ok,1400,2100,1000,1500,
199347,up,ok,1600,2400,1000,1500,
199913,orig,ok,1061,1500,1000,1500,
199939,up,ok,1000,1500,1000,1500,
200044,orig,ok,1000,1500,1000,1500,
200130,up,ok,1600,2400,1000,1500,
200211,orig,ok,1000,1500,1000,1500,
200462,up,ok,1920,2880,1000,1500,
200639,up,ok,1600,2400,1000,1500,
200719,up,ok,1690,2400,1000,1500,
200745,up,ok,1696,2544,1000,1500,
200782,up,ok,1920,2880,1000,1500,
200802,up,ok,1280,1720,1000,1500,
200803,up,ok,1920,2880,1000,1500,
200819,orig,ok,1085,1600,1000,1500,
200953,up,ok,1000,1500,1000,1500,
201024,up,ok,1920,2880,1000,1500,
201110,up,ok,1000,1500,1000,1500,
201171,up,ok,1200,1800,1000,1500,
201178,up,ok,1000,1500,1000,1500,
201181,orig,ok,1019,1500,1000,1500,
201252,up,ok,1440,2160,1000,1500,
201426,up,ok,1920,2880,1000,1500,
201642,up,ok,1000,1500,1000,1500,
201870,orig,ok,1000,1500,1000,1500,
201926,up,ok,1920,2880,1000,1500,
202083,up,ok,1360,2000,1000,1500,
202113,up,ok,1560,2342,1000,1500,
202171,orig,ok,1000,1500,1000,1500,
202244,orig,ok,1000,1500,1000,1500,
202483,orig,ok,1000,1500,1000,1500,
202508,orig,ok,1000,1500,1000,1500,
202604,orig,ok,1440,2160,1000,1500,
202628,up,ok,1924,2778,1000,1500,
202784,up,ok,1834,2750,1000,1500,
203008,orig,ok,2000,3000,1000,1500,
203009,orig,ok,1000,1500,1000,1500,
203013,up,ok,1984,2966,1000,1500,
203021,orig,ok,1000,1500,1000,1500,
203022,orig,ok,1000,1500,1000,1500,
203023,orig,ok,1000,1500,1000,1500,
203025,orig,ok,1000,1500,1000,1500,
203039,orig,ok,1200,1600,1000,1500,
203186,orig,ok,1000,1500,1000,1500,
203556,orig,ok,1175,1763,1000,1500,
203963,up,ok,1200,1800,1000,1500,
203970,orig,ok,1200,1800,1000,1500,
204115,up,ok,1340,2046,1000,1500,
204550,orig,ok,1135,1500,1000,1500,
204567,up,ok,1322,1984,1000,1500,
204607,orig,ok,1000,1500,1000,1500,
204611,orig,ok,1000,1500,1000,1500,
204627,up,ok,1082,1622,1000,1500,
204772,up,ok,1200,1800,1000,1500,
204806,orig,ok,1076,1598,1000,1500,
204904,up,ok,1200,1800,1000,1500,
204973,orig,ok,1920,2880,1000,1500,
205104,orig,ok,2000,3000,1000,1500,
205210,orig,ok,1200,1718,1000,1500,
205223,orig,ok,2000,3000,1000,1500,
205769,orig,ok,1024,1536,1000,1500,
205795,orig,ok,2000,2666,1000,1500,
205902,up,ok,1110,1664,1000,1500,
205903,up,ok,1516,2112,1000,1500,
205943,orig,ok,2000,3000,1000,1500,
206139,orig,ok,1200,1600,1000,1500,
206183,orig,ok,1000,1500,1000,1500,
206203,orig,ok,2000,3000,1000,1500,
206865,up,ok,1052,1500,1000,1500,
207260,up,ok,1800,2546,1000,1500,
207263,orig,ok,1175,1763,1000,1500,
207271,up,ok,1332,2000,1000,1500,
207273,orig,ok,1000,1500,1000,1500,
207345,up,ok,1920,2880,1000,1500,
207356,up,ok,1920,2880,1000,1500,
207434,orig,ok,1000,1500,1000,1500,
207729,up,ok,1920,2880,1000,1500,
207733,up,ok,1000,1500,1000,1500,
207763,up,ok,1892,2838,1000,1500,
207770,up,ok,1296,1920,1000,1500,
207773,orig,ok,1400,2100,1000,1500,
207782,up,ok,1920,2880,1000,1500,
207933,orig,ok,2000,3000,1000,1500,
208160,up,ok,1000,1500,1000,1500,
208172,up,ok,1402,1992,1000,1500,
208182,up,ok,1000,1500,1000,1500,
208225,orig,ok,1728,2592,1000,1500,
208259,up,ok,1014,1500,1000,1500,
208448,up,ok,1362,1920,1000,1500,
208609,up,ok,1500,2000,1000,1500,
208617,up,ok,1500,2000,1000,1500,
208657,up,ok,1400,2100,1000,1500,
208703,up,ok,1000,1500,1000,1500,
208759,up,ok,1000,1500,1000,1500,
209103,orig,ok,1000,1500,1000,1500,
209283,orig,ok,2000,3000,1000,1500,
209582,up,ok,1150,1534,1000,1500,
209611,up,ok,1920,2880,1000,1500,
209780,up,ok,1920,2880,1000,1500,
209956,up,ok,1920,2880,1000,1500,
209959,orig,ok,1133,1564,1000,1500,
210179,orig,ok,1000,1500,1000,1500,
210194,up,ok,1200,1800,1000,1500,
210238,orig,ok,1500,2250,1000,1500,
210556,up,ok,1320,2000,1000,1500,
210567,up,ok,1410,2116,1000,1500,
210587,orig,ok,1021,1500,1000,1500,
210734,orig,ok,1000,1500,1000,1500,
210739,orig,ok,2000,3000,1000,1500,
210910,orig,ok,2000,3000,1000,1500,
211045,orig,ok,1000,1500,1000,1500,
211065,orig,ok,1400,2100,1000,1500,
211222,orig,missing,,,1000,1500,no source
211258,orig,ok,1000,1500,1000,1500,
211560,orig,ok,1000,1500,1000,1500,
211603,up,ok,1920,2880,1000,1500,
211676,orig,ok,1057,1500,1000,1500,
211678,up,ok,1024,1536,1000,1500,
211680,up,ok,1142,1500,1000,1500,
211682,orig,ok,1461,2172,1000,1500,
211684,up,ok,1000,1500,1000,1500,
211686,up,ok,1000,1500,1000,1500,
211687,up,ok,1224,1836,1000,1500,
211688,up,ok,1000,1500,1000,1500,
211774,up,ok,1152,1728,1000,1500,
211914,up,ok,1332,2000,1000,1500,
211995,orig,ok,1179,1768,1000,1500,
211998,up,ok,1000,1500,1000,1500,
211999,up,ok,1000,1500,1000,1500,
212003,up,ok,1920,2880,1000,1500,
212005,orig,ok,1000,1500,1000,1500,
212014,up,ok,1600,2400,1000,1500,
212016,up,ok,1600,2400,1000,1500,
212054,orig,ok,1500,2250,1000,1500,
212178,up,ok,1000,1500,1000,1500,
212195,orig,ok,1000,1500,1000,1500,
212494,up,ok,1920,2880,1000,1500,
212599,up,ok,1200,1800,1000,1500,
212629,orig,ok,1055,1500,1000,1500,
212693,up,ok,1278,1932,1000,1500,
212814,orig,ok,1000,1500,1000,1500,
212973,orig,ok,1000,1500,1000,1500,
213207,up,ok,1920,2880,1000,1500,
213208,orig,ok,1820,2730,1000,1500,
213212,orig,ok,1179,1768,1000,1500,
213213,up,ok,1000,1500,1000,1500,
213215,orig,ok,1181,1770,1000,1500,
213251,up,ok,1920,2880,1000,1500,
213278,up,ok,1500,2250,1000,1500,
213333,orig,ok,1000,1500,1000,1500,
213358,orig,ok,1931,2933,1000,1500,
213396,orig,ok,2000,3000,1000,1500,
213407,orig,ok,1500,2100,1000,1500,
213466,orig,ok,1000,1500,1000,1500,
213499,up,ok,1000,1500,1000,1500,
213711,up,ok,1000,1500,1000,1500,
213760,up,ok,1224,1734,1000,1500,
213765,up,ok,1000,1500,1000,1500,
213766,up,ok,1000,1500,1000,1500,
213770,orig,ok,2000,3000,1000,1500,
213775,up,ok,1000,1524,1000,1500,
213785,orig,ok,1057,1500,1000,1500,
213788,orig,ok,1087,1600,1000,1500,
213805,up,ok,1098,1648,1000,1500,
213806,orig,ok,1000,1419,1000,1500,
213809,up,ok,1050,1576,1000,1500,
213810,up,ok,1010,1516,1000,1500,
213967,up,ok,1200,1800,1000,1500,
214056,up,ok,1440,2068,1000,1500,
214106,orig,ok,1000,1500,1000,1500,
214198,up,ok,1254,1920,1000,1500,
214256,orig,ok,1000,1500,1000,1500,
214328,up,ok,1686,2560,1000,1500,
214464,orig,ok,1000,1500,1000,1500,
214493,orig,ok,1000,1500,1000,1500,
214552,orig,ok,1000,1500,1000,1500,
214629,orig,ok,1000,1500,1000,1500,
214680,up,ok,1920,2880,1000,1500,
214754,up,ok,1704,2560,1000,1500,
214979,orig,ok,1000,1500,1000,1500,
214990,orig,ok,1000,1500,1000,1500,
215243,up,ok,1160,1742,1000,1500,
215280,up,ok,1000,1500,1000,1500,
215355,orig,ok,1792,2560,1000,1500,
215490,up,ok,1092,1638,1000,1500,
215551,orig,ok,2000,3000,1000,1500,
215620,orig,ok,1437,2156,1000,1500,
215722,up,ok,1360,2000,1000,1500,
215772,up,ok,1604,2244,1000,1500,
215836,up,ok,1500,2126,1000,1500,
215861,orig,ok,1000,1500,1000,1500,
215890,orig,ok,2000,3000,1000,1500,
215976,orig,ok,1772,2362,1000,1500,
216016,orig,ok,1000,1500,1000,1500,
216139,orig,ok,1800,2700,1000,1500,
216142,up,ok,1000,1500,1000,1500,
216187,orig,ok,1058,1500,1000,1500,
216189,orig,ok,1000,1500,1000,1500,
216192,up,ok,1082,1500,1000,1500,
216203,up,ok,1120,1658,1000,1500,
216374,up,ok,1920,2880,1000,1500,
216424,orig,ok,2000,3000,1000,1500,
216546,orig,ok,1200,1800,1000,1500,
216557,up,ok,1100,1636,1000,1500,
217195,orig,ok,1000,1500,1000,1500,
217311,up,ok,1200,1800,1000,1500,
217596,up,ok,1920,2880,1000,1500,
217665,orig,ok,1521,2158,1000,1500,
217789,orig,ok,2000,3000,1000,1500,
217849,orig,ok,1108,1600,1000,1500,
218112,up,ok,1346,1976,1000,1500,
218266,up,ok,1920,2880,1000,1500,
218514,orig,ok,1000,1500,1000,1500,
218720,up,ok,1368,2000,1000,1500,
218868,up,ok,1920,2880,1000,1500,
219001,orig,ok,2000,3000,1000,1500,
219004,orig,ok,1386,2079,1000,1500,
219044,up,ok,1600,2234,1000,1500,
219047,up,ok,1116,1976,1000,1500,
219267,up,ok,1280,1800,1000,1500,
219431,orig,ok,1000,1500,1000,1500,
219606,up,ok,1000,1500,1000,1500,
219628,orig,ok,1600,2400,1000,1500,
219808,orig,ok,1999,3000,1000,1500,
219961,up,ok,1234,1770,1000,1500,
220139,up,ok,1000,1500,1000,1500,
220386,orig,ok,2000,3000,1000,1500,
220468,orig,ok,1400,2100,1000,1500,
220476,orig,ok,2000,3000,1000,1500,
220490,orig,ok,1920,2880,1000,1500,
220506,orig,ok,2000,3000,1000,1500,
220512,orig,ok,1706,2560,1000,1500,
220514,orig,ok,1074,1600,1000,1500,
220618,up,ok,1200,1800,1000,1500,
220677,orig,ok,1400,2100,1000,1500,
220680,up,ok,1946,2922,1000,1500,
220682,up,ok,1334,2000,1000,1500,
220778,orig,ok,2000,3000,1000,1500,
220796,orig,ok,1200,1600,1000,1500,
220854,up,ok,1260,2400,1000,1500,
221161,orig,ok,2000,3000,1000,1500,
221444,orig,ok,1000,1500,1000,1500,
221562,orig,ok,1335,1985,1000,1500,
221782,up,ok,1028,1500,1000,1500,
221824,up,ok,1348,1920,1000,1500,
221972,up,ok,1070,1604,1000,1500,
222025,orig,ok,1105,1657,1000,1500,
222264,orig,ok,1000,1500,1000,1500,
222299,up,ok,1000,1500,1000,1500,
222333,orig,ok,1000,1500,1000,1500,
222357,orig,ok,1000,1500,1000,1500,
222438,up,ok,1892,2840,1000,1500,
222465,orig,ok,1944,2953,1000,1500,
222641,orig,ok,1000,1500,1000,1500,
222879,orig,ok,1200,1600,1000,1500,
222900,orig,ok,1068,1601,1000,1500,
222911,orig,ok,2000,3000,1000,1500,
222932,orig,ok,1143,1714,1000,1500,
223004,up,ok,1560,2340,1000,1500,
223093,up,ok,1400,2100,1000,1500,
223106,orig,ok,1772,2362,1000,1500,
223139,up,ok,1000,1500,1000,1500,
223259,up,ok,1210,1738,1000,1500,
223281,up,ok,1268,1714,1000,1500,
223286,orig,ok,1000,1500,1000,1500,
223296,up,ok,1100,1648,1000,1500,
223376,orig,ok,1000,1485,1000,1500,
223461,orig,ok,1000,1419,1000,1500,
223732,orig,ok,2000,3000,1000,1500,
223754,up,ok,1462,2000,1000,1500,
223968,orig,ok,1675,2513,1000,1500,
224007,up,ok,1002,1500,1000,1500,
224014,up,ok,1920,2880,1000,1500,
224067,orig,ok,1000,1500,1000,1500,
224075,orig,ok,1400,2100,1000,1500,
224078,orig,ok,1000,1500,1000,1500,
224223,orig,ok,1000,1500,1000,1500,
224243,orig,ok,1000,1500,1000,1500,
224244,orig,ok,1000,1500,1000,1500,
224301,up,ok,1002,1516,1000,1500,
224328,up,ok,1200,1800,1000,1500,
224350,up,ok,1100,1650,1000,1500,
224509,up,ok,1000,1500,1000,1500,
224614,orig,ok,2000,3000,1000,1500,
224615,orig,ok,1000,1500,1000,1500,
224626,orig,ok,1000,1500,1000,1500,
224645,up,ok,1664,2500,1000,1500,
224647,up,ok,1200,1800,1000,1500,
224652,orig,ok,2000,3000,1000,1500,
224677,orig,ok,1568,2332,1000,1500,
224680,up,ok,1680,2520,1000,1500,
224687,orig,ok,2000,3000,1000,1500,
224688,orig,ok,1000,1426,1000,1500,
224690,up,ok,1380,2048,1000,1500,
224772,up,ok,1280,1920,1000,1500,
224778,up,ok,1200,1800,1000,1500,
224908,orig,ok,1000,1500,1000,1500,
224944,up,ok,1332,1998,1000,1500,
224950,up,ok,1560,2340,1000,1500,
224951,orig,ok,1000,1500,1000,1500,
224997,up,ok,1000,1500,1000,1500,
225035,up,ok,1000,1500,1000,1500,
225048,orig,ok,1134,1600,1000,1500,
225065,up,ok,1000,1500,1000,1500,
225285,up,ok,1348,2000,1000,1500,
225301,orig,ok,1400,2100,1000,1500,
225438,up,ok,1614,2464,1000,1500,
225449,orig,ok,1000,1500,1000,1500,
225454,up,ok,1276,1908,1000,1500,
225549,orig,ok,1000,1500,1000,1500,
225671,orig,ok,2000,3000,1000,1500,
225715,up,ok,1714,2572,1000,1500,
225724,up,ok,1000,1500,1000,1500,
225866,up,ok,1000,1500,1000,1500,
225898,up,ok,1426,2000,1000,1500,
225979,up,ok,1480,1990,1000,1500,
226018,up,ok,1562,2318,1000,1500,
226023,up,ok,1056,1500,1000,1500,
226257,orig,ok,1218,1827,1000,1500,
226269,orig,ok,1280,1920,1000,1500,
227002,orig,ok,1700,2550,1000,1500,
227070,orig,ok,1000,1500,1000,1500,
227071,orig,ok,1000,1500,1000,1500,
227172,up,ok,1404,2106,1000,1500,
227227,orig,ok,1000,1500,1000,1500,
227267,up,ok,1948,2940,1000,1500,
227285,orig,ok,2000,3000,1000,1500,
227369,up,ok,1000,1500,1000,1500,
227531,up,ok,1430,2000,1000,1500,
227553,orig,ok,1000,1425,1000,1500,
227565,up,ok,1400,2102,1000,1500,
227569,up,ok,1200,1790,1000,1500,
227571,up,ok,1920,2880,1000,1500,
227574,up,ok,1014,1546,1000,1500,
227603,up,ok,1200,1800,1000,1500,
227608,up,ok,1062,1594,1000,1500,
227611,orig,ok,2000,3000,1000,1500,
227619,up,ok,1000,1500,1000,1500,
227623,orig,ok,1113,1668,1000,1500,
227625,up,ok,1092,1532,1000,1500,
227662,up,ok,1186,1816,1000,1500,
227670,up,ok,1626,2424,1000,1500,
227739,up,ok,1200,1716,1000,1500,
227759,orig,ok,1055,1500,1000,1500,
227795,up,ok,1082,1622,1000,1500,
227798,up,ok,1000,1500,1000,1500,
227835,up,ok,1000,1500,1000,1500,
227841,up,ok,1000,1500,1000,1500,
227854,up,ok,1000,1500,1000,1500,
227856,orig,ok,1000,1500,1000,1500,
227858,up,ok,1300,1942,1000,1500,
227864,up,ok,1332,2000,1000,1500,
227866,up,ok,1056,1500,1000,1500,
227871,orig,ok,1000,1500,1000,1500,
227877,orig,ok,2000,3000,1000,1500,
227883,up,ok,1000,1500,1000,1500,
227907,orig,ok,1000,1500,1000,1500,
228496,orig,ok,1400,2100,1000,1500,
228550,orig,ok,1000,1500,1000,1500,
228562,up,ok,1680,2400,1000,1500,
228676,orig,ok,1000,1500,1000,1500,
228880,up,ok,1920,2880,1000,1500,
228915,orig,ok,2000,3000,1000,1500,
229078,orig,ok,2000,3000,1000,1500,
229138,orig,ok,1000,1500,1000,1500,
229154,up,ok,1000,1500,1000,1500,
229333,up,ok,1000,1500,1000,1500,
229335,orig,ok,1300,1950,1000,1500,
229375,up,ok,1334,2000,1000,1500,
229526,up,ok,1000,1500,1000,1500,
229761,up,ok,1200,1800,1000,1500,
230168,orig,ok,1000,1500,1000,1500,
230263,up,ok,1560,2340,1000,1500,
230264,up,ok,1408,2092,1000,1500,
230300,orig,ok,2000,3000,1000,1500,
230453,orig,ok,1400,2100,1000,1500,
230619,orig,ok,1000,1500,1000,1500,
230643,up,ok,1620,2400,1000,1500,
230688,up,ok,1200,1800,1000,1500,
230907,orig,ok,1000,1413,1000,1500,
230977,orig,ok,2000,3000,1000,1500,
231003,orig,ok,1000,1500,1000,1500,
231188,up,ok,1000,1544,1000,1500,
231384,up,ok,1012,1532,1000,1500,
231783,up,ok,1600,2400,1000,1500,
231809,orig,ok,1000,1500,1000,1500,
232194,orig,ok,1000,1500,1000,1500,
232232,orig,ok,1000,1500,1000,1500,
232406,orig,ok,1333,1975,1000,1500,
232731,orig,ok,1400,2100,1000,1500,
232789,orig,ok,1000,1500,1000,1500,
232802,orig,ok,1400,2100,1000,1500,
232804,orig,ok,1080,1440,1000,1500,
232888,up,ok,1200,1800,1000,1500,
232995,orig,ok,2000,3000,1000,1500,
233191,up,ok,1836,2754,1000,1500,
233208,up,ok,1200,1800,1000,1500,
233226,up,ok,1600,2400,1000,1500,
233734,orig,ok,1521,2158,1000,1500,
233934,up,ok,1920,2880,1000,1500,
234124,orig,ok,1276,1790,1000,1500,
234151,orig,ok,1057,1500,1000,1500,
234993,up,ok,1200,1600,1000,1500,
235046,orig,ok,1000,1500,1000,1500,
235339,orig,ok,1200,1800,1000,1500,
235493,orig,ok,1050,1575,1000,1500,
235537,orig,ok,1000,1500,1000,1500,
235692,orig,ok,2000,3000,1000,1500,
235733,up,ok,1600,2400,1000,1500,
235798,orig,ok,2000,3000,1000,1500,
236423,orig,ok,1875,2500,1000,1500,
236816,orig,ok,1000,1500,1000,1500,
237015,orig,ok,1000,1500,1000,1500,
237690,orig,ok,2000,3000,1000,1500,
237862,orig,ok,1566,2231,1000,1500,
238091,orig,ok,1211,1817,1000,1500,
238519,orig,ok,1400,2100,1000,1500,
238854,orig,ok,1200,1800,1000,1500,
238957,up,ok,1000,1500,1000,1500,
239019,orig,ok,1000,1500,1000,1500,
239076,orig,ok,1000,1500,1000,1500,
239352,up,ok,1646,2400,1000,1500,
239380,orig,ok,1057,1500,1000,1500,
239414,up,ok,1200,1800,1000,1500,
239628,up,ok,1238,1858,1000,1500,
239722,up,ok,1702,2552,1000,1500,
239728,up,ok,1920,2880,1000,1500,
239815,orig,ok,1000,1500,1000,1500,
240222,orig,ok,1000,1500,1000,1500,
240260,up,ok,1000,1500,1000,1500,
240490,up,ok,1600,2400,1000,1500,
240507,up,ok,1916,2820,1000,1500,
240611,up,ok,1000,1500,1000,1500,
240896,up,ok,1600,2400,1000,1500,
241047,orig,ok,1200,1800,1000,1500,
241438,orig,ok,1000,1500,1000,1500,
241958,orig,ok,1400,2100,1000,1500,
242033,orig,ok,1000,1500,1000,1500,
242245,up,ok,1000,1500,1000,1500,
242358,orig,ok,1401,2102,1000,1500,
243697,up,ok,1400,2000,1000,1500,
243901,orig,ok,2000,3000,1000,1500,
244033,up,ok,1200,1800,1000,1500,
244301,up,ok,1116,1500,1000,1500,
244305,orig,ok,1947,2909,1000,1500,
244446,orig,ok,1000,1500,1000,1500,
244638,up,ok,1000,1500,1000,1500,
244765,orig,ok,2000,3000,1000,1500,
244766,orig,ok,1000,1500,1000,1500,
244852,orig,ok,1400,2100,1000,1500,
245107,up,ok,1520,2176,1000,1500,
245142,orig,ok,2000,3000,1000,1500,
245589,orig,ok,1500,2250,1000,1500,
245957,orig,ok,1000,1500,1000,1500,
246162,up,ok,1000,1500,1000,1500,
246206,orig,ok,1400,2100,1000,1500,
246218,up,ok,1000,1500,1000,1500,
246228,orig,ok,1000,1500,1000,1500,
246229,orig,ok,1000,1500,1000,1500,
246233,orig,ok,1000,1500,1000,1500,
246448,up,ok,1560,2238,1000,1500,
246463,up,ok,1000,1500,1000,1500,
246485,up,ok,1058,1500,1000,1500,
246548,up,ok,1000,1500,1000,1500,
246688,orig,ok,1200,1600,1000,1500,
246727,up,ok,1920,2880,1000,1500,
246821,orig,ok,1000,1500,1000,1500,
246917,up,ok,1200,1800,1000,1500,
247111,up,ok,1352,1920,1000,1500,
247113,up,ok,1000,1500,1000,1500,
247280,orig,ok,1000,1500,1000,1500,
247636,orig,ok,2000,3000,1000,1500,
247747,orig,ok,1911,2867,1000,1500,
247873,orig,ok,1000,1500,1000,1500,
248063,up,ok,1000,1516,1000,1500,
248426,orig,ok,1000,1500,1000,1500,
248561,up,ok,1000,1500,1000,1500,
248576,orig,ok,1000,1500,1000,1500,
248633,orig,ok,1000,1500,1000,1500,
248670,orig,ok,1175,1763,1000,1500,
248714,up,ok,1920,2880,1000,1500,
248736,up,ok,1920,2880,1000,1500,
248781,orig,ok,1000,1500,1000,1500,
249044,orig,ok,2000,3000,1000,1500,
249087,up,ok,1000,1500,1000,1500,
249220,orig,ok,1000,1500,1000,1500,
249295,orig,ok,1120,1680,1000,1500,
249372,orig,ok,1000,1500,1000,1500,
249446,orig,ok,2000,3000,1000,1500,
249478,up,ok,1000,1500,1000,1500,
249672,orig,ok,1000,1391,1000,1500,
249975,orig,ok,1500,2000,1000,1500,
250084,up,ok,1416,2000,1000,1500,
250100,up,ok,1022,1500,1000,1500,
250184,orig,ok,1000,1500,1000,1500,
250352,orig,ok,1000,1500,1000,1500,
250414,orig,ok,1000,1500,1000,1500,
250417,up,ok,1600,2400,1000,1500,
250425,orig,ok,2000,3000,1000,1500,
250577,up,ok,1500,2250,1000,1500,
250788,up,ok,1000,1500,1000,1500,
250792,orig,ok,1400,2100,1000,1500,
250869,up,ok,1400,2072,1000,1500,
250879,up,ok,1000,1500,1000,1500,
251124,up,ok,1800,2658,1000,1500,
251136,orig,ok,1000,1421,1000,1500,
251183,up,ok,1920,2880,1000,1500,
251213,orig,ok,1818,2726,1000,1500,
251365,up,ok,1184,1682,1000,1500,
251371,up,ok,1000,1500,1000,1500,
251384,up,ok,1526,2274,1000,1500,
251407,up,ok,1000,1500,1000,1500,
251439,orig,ok,1000,1500,1000,1500,
251499,orig,ok,1000,1500,1000,1500,
251559,orig,ok,1014,1457,1000,1500,
251733,up,ok,1332,2000,1000,1500,
251860,orig,ok,1000,1500,1000,1500,
252151,up,ok,1000,1500,1000,1500,
252189,orig,ok,1000,1500,1000,1500,
252190,up,ok,1000,1500,1000,1500,
252409,orig,ok,2000,3000,1000,1500,
252429,up,ok,1306,1972,1000,1500,
252455,orig,ok,1152,1728,1000,1500,
252574,up,ok,1320,1980,1000,1500,
253057,up,ok,1664,2496,1000,1500,
253103,up,ok,1920,2880,1000,1500,
253148,up,ok,1200,1800,1000,1500,
253205,up,ok,1440,2160,1000,1500,
253288,orig,ok,1500,2250,1000,1500,
253365,orig,ok,1080,1597,1000,1500,
253402,orig,ok,1000,1500,1000,1500,
253410,up,ok,1000,1500,1000,1500,
253453,up,ok,1000,1500,1000,1500,
253477,orig,ok,1198,1797,1000,1500,
253520,up,ok,1920,2880,1000,1500,
253650,orig,ok,1000,1500,1000,1500,
253794,orig,ok,1400,2100,1000,1500,
253829,orig,ok,1920,2880,1000,1500,
253862,up,ok,1000,1500,1000,1500,
253866,orig,ok,1487,2231,1000,1500,
253999,orig,ok,1000,1546,1000,1500,
254009,orig,ok,2000,3000,1000,1500,
254010,up,ok,1222,1718,1000,1500,
254126,up,ok,1000,1500,1000,1500,
254174,orig,ok,2000,3000,1000,1500,
254426,orig,ok,1000,1500,1000,1500,
254469,orig,ok,1000,1500,1000,1500,
254544,up,ok,1348,2000,1000,1500,
254732,orig,ok,1000,1519,1000,1500,
255291,up,ok,1920,2880,1000,1500,
255292,orig,ok,1000,1482,1000,1500,
255293,orig,ok,1080,1640,1000,1500,
255295,orig,ok,1400,2100,1000,1500,
255298,orig,ok,1400,2100,1000,1500,
255299,up,ok,1442,2000,1000,1500,
255305,orig,ok,1000,1500,1000,1500,
255328,orig,ok,2000,3000,1000,1500,
255389,orig,ok,1777,2510,1000,1500,
255512,up,ok,1400,2100,1000,1500,
255674,orig,ok,1400,2100,1000,1500,
255680,orig,ok,1000,1500,1000,1500,
255911,orig,ok,1057,1500,1000,1500,
255916,up,ok,1000,1500,1000,1500,
255921,up,ok,1000,1500,1000,1500,
255928,up,ok,1000,1500,1000,1500,
256012,up,ok,1000,1500,1000,1500,
256030,orig,ok,1400,2100,1000,1500,
256080,up,ok,1100,1628,1000,1500,
256227,up,ok,1920,2880,1000,1500,
256239,up,ok,1000,1500,1000,1500,
256452,up,ok,1490,2234,1000,1500,
256511,orig,ok,1000,1500,1000,1500,
256552,up,ok,1000,1500,1000,1500,
256676,up,ok,1000,1500,1000,1500,
256742,up,ok,1920,2880,1000,1500,
257047,up,ok,1000,1500,1000,1500,
257054,orig,ok,1081,1600,1000,1500,
257093,orig,ok,1400,2100,1000,1500,
257117,orig,ok,1400,2100,1000,1500,
257206,up,ok,1070,1500,1000,1500,
257275,up,ok,1000,1500,1000,1500,
257323,orig,ok,2000,3000,1000,1500,
257861,up,ok,1118,1600,1000,1500,
257976,up,ok,1600,2400,1000,1500,
258006,orig,ok,1000,1500,1000,1500,
258097,orig,ok,1600,2400,1000,1500,
258157,orig,ok,1000,1500,1000,1500,
258255,orig,ok,1000,1500,1000,1500,
258453,up,ok,1000,1500,1000,1500,
259074,orig,ok,1000,1500,1000,1500,
259197,up,ok,1188,1782,1000,1500,
259246,up,ok,1920,2880,1000,1500,
259303,orig,ok,1000,1519,1000,1500,
259392,orig,ok,2000,3000,1000,1500,
259543,orig,ok,1000,1500,1000,1500,
259668,up,ok,1920,2880,1000,1500,
259712,orig,ok,1400,2100,1000,1500,
259729,up,ok,1000,1500,1000,1500,
259828,up,ok,1276,1800,1000,1500,
259829,orig,ok,1200,1800,1000,1500,
259847,up,ok,1464,2198,1000,1500,
259888,orig,ok,1000,1500,1000,1500,
260163,orig,ok,1400,2100,1000,1500,
260435,orig,ok,1000,1500,1000,1500,
260536,up,ok,1192,1770,1000,1500,
260602,orig,ok,1000,1500,1000,1500,
260776,up,ok,1000,1500,1000,1500,
260824,up,ok,1200,1800,1000,1500,
260958,up,ok,1900,2850,1000,1500,
261071,orig,ok,1000,1500,1000,1500,
261084,up,ok,1000,1500,1000,1500,
261090,up,ok,1000,1500,1000,1500,
261179,orig,ok,2000,3000,1000,1500,
261264,up,ok,1560,2340,1000,1500,
261273,up,ok,1000,1502,1000,1500,
261595,orig,ok,2000,3000,1000,1500,
261596,orig,ok,1000,1491,1000,1500,
261597,up,ok,1684,2526,1000,1500,
261727,orig,ok,1250,1875,1000,1500,
261746,orig,ok,1000,1500,1000,1500,
261928,orig,ok,1000,1500,1000,1500,
261943,up,ok,1200,1776,1000,1500,
262084,orig,ok,1000,1500,1000,1500,
262087,up,ok,1000,1500,1000,1500,
262165,up,ok,1000,1500,1000,1500,
262264,orig,ok,1000,1500,1000,1500,
262267,up,ok,1920,2880,1000,1500,
262284,up,ok,1000,1500,1000,1500,
262423,up,ok,1000,1500,1000,1500,
262609,up,ok,1294,1998,1000,1500,
262621,up,ok,1280,1920,1000,1500,
262693,orig,ok,1500,2250,1000,1500,
262751,orig,ok,1000,1500,1000,1500,
262832,orig,ok,1466,2200,1000,1500,
262839,orig,ok,1000,1500,1000,1500,
262871,orig,ok,1175,1763,1000,1500,
262919,orig,ok,1000,1500,1000,1500,
262972,up,ok,1440,2172,1000,1500,
263009,orig,ok,1432,2148,1000,1500,
263103,orig,ok,1057,1500,1000,1500,
263114,orig,ok,1000,1500,1000,1500,
263124,up,ok,1200,1798,1000,1500,
263198,orig,ok,1000,1481,1000,1500,
263309,orig,ok,1000,1500,1000,1500,
263393,orig,ok,1200,1800,1000,1500,
263416,orig,ok,1000,1500,1000,1500,
263554,up,ok,1920,2880,1000,1500,
263905,up,ok,1920,2880,1000,1500,
263911,orig,ok,2000,3000,1000,1500,
263986,orig,ok,1000,1500,1000,1500,
264172,up,ok,1660,2490,1000,1500,
264184,up,ok,1920,2880,1000,1500,
264248,orig,ok,1122,1683,1000,1500,
264249,orig,ok,1200,1701,1000,1500,
264251,orig,ok,1200,1600,1000,1500,
264252,orig,ok,1000,1500,1000,1500,
264253,orig,ok,1250,1875,1000,1500,
264470,orig,ok,1200,1800,1000,1500,
264480,up,ok,1332,1998,1000,1500,
264598,up,ok,1400,2100,1000,1500,
264642,up,ok,1574,2364,1000,1500,
264738,orig,ok,1000,1500,1000,1500,
264743,orig,ok,1000,1500,1000,1500,
265085,up,ok,1400,2090,1000,1500,
265240,orig,ok,2000,3000,1000,1500,
265321,up,ok,1404,2000,1000,1500,
265463,orig,ok,2000,3000,1000,1500,
265465,up,ok,1200,1800,1000,1500,
265470,orig,ok,1000,1500,1000,1500,
265472,up,ok,1134,1724,1000,1500,
266725,orig,ok,1000,1500,1000,1500,
266882,up,ok,1000,1500,1000,1500,
267282,orig,ok,2000,3000,1000,1500,
267414,orig,ok,1000,1500,1000,1500,
267441,up,ok,1040,1556,1000,1500,
267570,up,ok,1200,1800,1000,1500,
267743,orig,ok,2000,3000,1000,1500,
267794,orig,ok,1000,1500,1000,1500,
267852,orig,ok,1892,2838,1000,1500,
267853,orig,ok,1440,1920,1000,1500,
267909,up,ok,1014,1500,1000,1500,
267913,up,ok,1000,1500,1000,1500,
268053,up,ok,1148,1722,1000,1500,
268091,orig,ok,1400,2100,1000,1500,
268101,up,ok,1560,2334,1000,1500,
268102,orig,ok,1023,1500,1000,1500,
268150,orig,ok,2000,3000,1000,1500,
268229,up,ok,1200,1776,1000,1500,
268508,orig,ok,1000,1500,1000,1500,
268575,up,ok,1706,2560,1000,1500,
268595,orig,ok,1525,2159,1000,1500,
268716,orig,ok,1366,2048,1000,1500,
268725,up,ok,1920,2880,1000,1500,
268758,up,ok,1800,2570,1000,1500,
268777,up,ok,1000,1500,1000,1500,
268892,up,ok,1000,1500,1000,1500,
268940,up,ok,1000,1500,1000,1500,
268945,orig,ok,2000,3000,1000,1500,
268993,up,ok,1000,1500,1000,1500,
269012,orig,ok,1000,1423,1000,1500,
269248,up,ok,1000,1500,1000,1500,
269279,orig,ok,1200,1800,1000,1500,
269586,orig,ok,1016,1500,1000,1500,
269676,up,ok,1414,2000,1000,1500,
269947,up,ok,1000,1500,1000,1500,
270085,orig,ok,1275,1879,1000,1500,
270221,up,ok,1920,2880,1000,1500,
270299,orig,ok,1000,1500,1000,1500,
270439,orig,ok,1333,1975,1000,1500,
270442,up,ok,1414,2120,1000,1500,
270557,up,ok,1280,1920,1000,1500,
270594,up,ok,1000,1500,1000,1500,
270595,up,ok,1200,1800,1000,1500,
270630,up,ok,1334,2000,1000,1500,
270643,orig,ok,1175,1763,1000,1500,
270802,orig,ok,1072,1600,1000,1500,
270837,up,ok,1200,1800,1000,1500,
270880,up,ok,1200,1802,1000,1500,
271041,orig,ok,1167,1751,1000,1500,
271336,up,ok,1152,1632,1000,1500,
271393,orig,ok,1000,1500,1000,1500,
271481,orig,ok,1050,1400,1000,1500,
271488,orig,ok,2000,3000,1000,1500,
271492,up,ok,1200,1800,1000,1500,
271528,orig,ok,1057,1500,1000,1500,
271533,up,ok,1920,2880,1000,1500,
271651,orig,ok,1000,1500,1000,1500,
271665,orig,ok,1000,1500,1000,1500,
271813,up,ok,1310,2000,1000,1500,
272098,up,ok,1200,1800,1000,1500,
272101,up,ok,1238,1860,1000,1500,
272263,orig,ok,1360,2042,1000,1500,
272296,up,ok,1200,1800,1000,1500,
272313,up,ok,1050,1500,1000,1500,
272484,up,ok,1412,2000,1000,1500,
272699,up,ok,1000,1500,1000,1500,
272713,orig,ok,1280,1921,1000,1500,
272813,orig,ok,1405,2108,1000,1500,
272911,orig,ok,1000,1500,1000,1500,
272928,up,ok,1150,1598,1000,1500,
272997,up,ok,1240,1966,1000,1500,
273135,orig,ok,1018,1500,1000,1500,
273187,orig,ok,1000,1500,1000,1500,
273190,up,ok,1060,1500,1000,1500,
273271,up,ok,1582,2400,1000,1500,
273508,orig,ok,1000,1500,1000,1500,
273509,orig,ok,1400,2100,1000,1500,
273525,orig,ok,1000,1481,1000,1500,
273544,orig,ok,1000,1500,1000,1500,
273725,orig,ok,1000,1500,1000,1500,
273763,up,ok,1150,1630,1000,1500,
273786,orig,ok,1000,1500,1000,1500,
273792,up,ok,1920,2880,1000,1500,
273804,orig,ok,1057,1500,1000,1500,
273805,up,ok,1390,2062,1000,1500,
273807,orig,ok,1365,2048,1000,1500,
273855,orig,ok,2000,3000,1000,1500,
273856,orig,ok,1920,2880,1000,1500,
273923,orig,ok,1065,1500,1000,1500,
274036,orig,ok,1500,2250,1000,1500,
274081,up,ok,1000,1500,1000,1500,
274107,orig,ok,1000,1500,1000,1500,
274172,orig,ok,1000,1500,1000,1500,
274214,orig,ok,2000,3000,1000,1500,
274218,up,ok,1566,2310,1000,1500,
274339,orig,ok,2000,3000,1000,1500,
274359,orig,ok,2000,3000,1000,1500,
274513,up,ok,1000,1500,1000,1500,
274634,up,ok,1058,1500,1000,1500,
274899,up,ok,1920,2880,1000,1500,
275203,orig,ok,1200,1600,1000,1500,
275209,up,ok,1428,2000,1000,1500,
275420,orig,ok,1057,1500,1000,1500,
275472,orig,ok,1000,1500,1000,1500,
275614,up,ok,1400,1966,1000,1500,
275637,up,ok,1000,1500,1000,1500,
275678,up,ok,1600,2400,1000,1500,
275805,orig,ok,1000,1500,1000,1500,
275869,up,ok,1000,1500,1000,1500,
275897,orig,ok,1200,1600,1000,1500,
275950,orig,ok,1179,1768,1000,1500,
276012,up,ok,1100,1650,1000,1500,
276086,up,ok,1000,1500,1000,1500,
276208,up,ok,1818,2728,1000,1500,
276287,up,ok,1000,1500,1000,1500,
276292,up,ok,1000,1500,1000,1500,
276328,orig,ok,1280,1920,1000,1500,
276366,orig,ok,1009,1451,1000,1500,
276483,orig,ok,1400,2100,1000,1500,
276522,orig,ok,2000,3000,1000,1500,
276535,orig,ok,2000,3000,1000,1500,
276691,orig,ok,1000,1500,1000,1500,
276697,up,ok,1000,1500,1000,1500,
276746,up,ok,1000,1500,1000,1500,
276748,up,ok,1584,2376,1000,1500,
276877,orig,ok,2000,2822,1000,1500,
276916,orig,ok,1057,1500,1000,1500,
276922,up,ok,1920,2880,1000,1500,
276926,up,ok,1190,1814,1000,1500,
276930,orig,ok,1000,1500,1000,1500,
277046,up,ok,1360,2000,1000,1500,
277054,up,ok,1070,1506,1000,1500,
277093,orig,ok,1408,2091,1000,1500,
277113,up,ok,1000,1500,1000,1500,
277133,up,ok,1068,1598,1000,1500,
277189,up,ok,1620,2400,1000,1500,
277251,orig,ok,1053,1500,1000,1500,
277367,orig,ok,2000,3000,1000,1500,
277377,up,ok,1374,1942,1000,1500,
277439,up,ok,1000,1500,1000,1500,
277461,up,ok,1492,2186,1000,1500,
277500,up,ok,1920,2880,1000,1500,
277552,up,ok,1556,2334,1000,1500,
277579,orig,ok,2000,3000,1000,1500,
277599,up,ok,1200,1800,1000,1500,
277610,orig,ok,1400,2100,1000,1500,
277687,up,ok,1200,1778,1000,1500,
277754,orig,ok,2000,3000,1000,1500,
278102,up,ok,1698,2552,1000,1500,
278267,orig,ok,1208,1786,1000,1500,
278305,up,ok,1000,1500,1000,1500,
278316,orig,ok,1000,1500,1000,1500,
278478,orig,ok,1000,1500,1000,1500,
278632,orig,ok,2000,3000,1000,1500,
278653,up,ok,1110,1500,1000,1500,
278665,orig,ok,1200,1600,1000,1500,
278682,up,ok,1000,1500,1000,1500,
278706,orig,ok,1000,1500,1000,1500,
278771,up,ok,1000,1500,1000,1500,
278806,orig,ok,2000,3000,1000,1500,
278834,orig,ok,1000,1500,1000,1500,
278961,orig,ok,1124,1644,1000,1500,
279087,orig,ok,1444,2048,1000,1500,
279153,up,ok,1832,2746,1000,1500,
279181,orig,ok,1587,2245,1000,1500,
279256,up,ok,1214,1800,1000,1500,
279504,up,ok,1976,3000,1000,1500,
279516,orig,ok,2000,2999,1000,1500,
279525,up,ok,1716,2400,1000,1500,
279547,orig,ok,1057,1500,1000,1500,
279548,orig,ok,1057,1500,1000,1500,
279661,up,ok,1920,2880,1000,1500,
279673,up,ok,1714,2572,1000,1500,
279696,up,ok,1000,1500,1000,1500,
279732,up,ok,1554,2332,1000,1500,
279752,up,ok,1440,1920,1000,1500,
279817,up,ok,1240,1860,1000,1500,
279932,up,ok,1414,1998,1000,1500,
279948,orig,ok,1000,1500,1000,1500,
279965,up,ok,1416,2000,1000,1500,
279966,orig,ok,1000,1500,1000,1500,
279967,up,ok,1292,1998,1000,1500,
279968,orig,ok,1000,1500,1000,1500,
279970,orig,ok,2000,3000,1000,1500,
279975,up,ok,1920,2880,1000,1500,
279977,up,ok,1920,2880,1000,1500,
279994,up,ok,1920,2880,1000,1500,
279998,orig,ok,1000,1500,1000,1500,
280000,orig,ok,1000,1500,1000,1500,
280005,orig,ok,2000,3000,1000,1500,
280127,up,ok,1412,2118,1000,1500,
280381,orig,ok,1000,1500,1000,1500,
280434,up,ok,1000,1500,1000,1500,
280552,orig,ok,2000,3000,1000,1500,
280573,up,ok,1000,1500,1000,1500,
280731,up,ok,1052,1578,1000,1500,
280860,up,ok,1000,1500,1000,1500,
280923,up,ok,1416,2000,1000,1500,
281160,orig,ok,1000,1500,1000,1500,
281168,up,ok,1320,1980,1000,1500,
281186,up,ok,1120,1500,1000,1500,
281189,up,ok,1920,2880,1000,1500,
281289,orig,ok,1066,1595,1000,1500,
281309,up,ok,1000,1500,1000,1500,
281348,up,ok,1500,2250,1000,1500,
281358,up,ok,1000,1500,1000,1500,
281557,up,ok,1000,1500,1000,1500,
281668,up,ok,1200,1800,1000,1500,
281869,orig,ok,1495,2244,1000,1500,
281888,up,ok,1560,2412,1000,1500,
281897,orig,ok,1284,1704,1000,1500,
281905,up,ok,1000,1500,1000,1500,
281932,up,ok,1400,2100,1000,1500,
282172,up,ok,1800,2394,1000,1500,
282191,up,ok,1000,1500,1000,1500,
282329,orig,ok,2000,3000,1000,1500,
282338,up,ok,1708,2560,1000,1500,
282448,orig,ok,2000,3000,1000,1500,
282670,orig,ok,1521,2158,1000,1500,
282812,orig,ok,1000,1519,1000,1500,
283112,orig,ok,1727,2590,1000,1500,
283150,orig,ok,1200,1800,1000,1500,
283225,up,ok,1360,2000,1000,1500,
283256,up,ok,1200,1800,1000,1500,
283262,orig,ok,1000,1500,1000,1500,
283323,orig,ok,1000,1389,1000,1500,
283327,orig,ok,1400,2100,1000,1500,
283431,up,ok,1000,1500,1000,1500,
283749,orig,ok,1400,2100,1000,1500,
283885,orig,ok,1000,1500,1000,1500,
284584,orig,ok,1000,1500,1000,1500,
284754,orig,ok,1000,1500,1000,1500,
285549,orig,ok,2000,3000,1000,1500,
286003,orig,ok,1000,1500,1000,1500,
286223,up,ok,1920,2880,1000,1500,
286297,orig,ok,1400,2100,1000,1500,
286367,orig,ok,1000,1500,1000,1500,
286371,orig,ok,1000,1500,1000,1500,
286372,up,ok,1000,1500,1000,1500,
286452,orig,ok,2000,3000,1000,1500,
286657,orig,ok,1166,1748,1000,1500,
286805,orig,ok,1200,1600,1000,1500,
286890,up,ok,1000,1500,1000,1500,
286929,orig,ok,1020,1441,1000,1500,
286971,up,ok,1560,2340,1000,1500,
287446,orig,ok,1500,2250,1000,1500,
287500,up,ok,1952,3030,1000,1500,
287523,orig,ok,1133,1700,1000,1500,
287524,up,ok,1920,2880,1000,1500,
287525,orig,ok,1000,1500,1000,1500,
287526,up,ok,1280,1706,1000,1500,
287527,orig,ok,1000,1500,1000,1500,
287601,orig,ok,1000,1500,1000,1500,
287692,up,ok,1000,1500,1000,1500,
287715,up,ok,1000,1500,1000,1500,
287784,up,ok,1004,1500,1000,1500,
287793,up,ok,1000,1500,1000,1500,
287798,orig,ok,2000,3000,1000,1500,
287982,orig,ok,1000,1500,1000,1500,
288049,up,ok,1594,2362,1000,1500,
288123,orig,ok,1000,1500,1000,1500,
288137,up,ok,1000,1560,1000,1500,
288238,orig,ok,1400,2100,1000,1500,
288250,orig,ok,2000,3000,1000,1500,
288297,up,ok,1000,1500,1000,1500,
288424,up,ok,1920,2880,1000,1500,
288445,orig,ok,2000,3000,1000,1500,
288500,orig,ok,1500,2100,1000,1500,
288505,orig,ok,1133,1600,1000,1500,
288671,up,ok,1440,2174,1000,1500,
288684,orig,ok,1000,1500,1000,1500,
289097,orig,ok,1000,1500,1000,1500,
289190,orig,ok,2000,3000,1000,1500,
289239,orig,ok,1400,2100,1000,1500,
289442,orig,ok,2000,3000,1000,1500,
289476,orig,ok,1000,1500,1000,1500,
289536,up,ok,1000,1500,1000,1500,
289548,orig,ok,1022,1535,1000,1500,
289559,orig,ok,1000,1500,1000,1500,
289698,up,ok,1280,1920,1000,1500,
290224,up,ok,1000,1500,1000,1500,
290235,orig,ok,1296,1920,1000,1500,
290391,up,ok,1420,2000,1000,1500,
290394,up,ok,1000,1500,1000,1500,
290396,up,ok,1000,1500,1000,1500,
290415,orig,ok,2000,3000,1000,1500,
290456,up,ok,1784,2676,1000,1500,
290537,orig,ok,1727,2590,1000,1500,
290623,orig,ok,1432,2012,1000,1500,
290656,orig,ok,1191,1786,1000,1500,
290669,orig,ok,1200,1600,1000,1500,
290724,orig,ok,1000,1500,1000,1500,
290725,up,ok,1280,1920,1000,1500,
290732,orig,ok,1200,1600,1000,1500,
290767,orig,ok,2000,3000,1000,1500,
290789,orig,ok,1400,2100,1000,1500,
290847,orig,ok,1763,2645,1000,1500,
291110,orig,ok,1280,1920,1000,1500,
291151,orig,ok,1400,2100,1000,1500,
291290,up,ok,1560,2340,1000,1500,
291297,orig,ok,2000,3000,1000,1500,
291331,up,ok,1106,1500,1000,1500,
291336,up,ok,1440,2160,1000,1500,
291347,up,ok,1600,2400,1000,1500,
291367,orig,ok,1000,1500,1000,1500,
291370,orig,ok,1045,1500,1000,1500,
291374,up,ok,1360,2000,1000,1500,
291418,orig,ok,1057,1500,1000,1500,
291438,orig,ok,1575,2100,1000,1500,
291452,orig,ok,1000,1500,1000,1500,
291533,up,ok,1920,2880,1000,1500,
291540,orig,ok,1400,2100,1000,1500,
291544,orig,ok,1000,1500,1000,1500,
291545,up,ok,1618,2418,1000,1500,
291567,orig,ok,1066,1600,1000,1500,
291604,orig,ok,1000,1500,1000,1500,
291608,up,ok,1402,1920,1000,1500,
291610,up,ok,1000,1500,1000,1500,
291625,orig,ok,1000,1500,1000,1500,
291661,up,ok,1000,1500,1000,1500,
291693,up,ok,1336,2000,1000,1500,
291866,orig,ok,1000,1500,1000,1500,
292013,up,ok,1200,1800,1000,1500,
292110,up,ok,1000,1500,1000,1500,
292315,up,ok,1000,1500,1000,1500,
292482,up,ok,1100,1552,1000,1500,
292525,orig,ok,1000,1500,1000,1500,
292636,orig,ok,1550,2325,1000,1500,
292876,up,ok,1000,1500,1000,1500,
292877,up,ok,1200,1800,1000,1500,
292988,up,ok,1920,2880,1000,1500,
292992,orig,ok,1400,2100,1000,1500,
293249,up,ok,1200,1800,1000,1500,
293379,orig,ok,1012,1429,1000,1500,
293417,up,ok,1000,1500,1000,1500,
293536,orig,ok,1060,1500,1000,1500,
293540,up,ok,1296,1994,1000,1500,
293625,up,ok,1074,1500,1000,1500,
293828,up,ok,1920,2880,1000,1500,
293852,up,ok,1360,2000,1000,1500,
293894,up,ok,1560,2340,1000,1500,
293901,up,ok,1416,2000,1000,1500,
294047,orig,ok,2000,3000,1000,1500,
294083,up,ok,1920,2880,1000,1500,
294131,up,ok,1600,2400,1000,1500,
294134,up,ok,1280,1920,1000,1500,
294147,up,ok,1000,1500,1000,1500,
294160,orig,ok,1000,1500,1000,1500,
294203,orig,ok,2000,3000,1000,1500,
294274,up,ok,1332,2000,1000,1500,
294289,orig,ok,1976,3000,1000,1500,
294300,up,ok,1986,2978,1000,1500,
294310,up,ok,1682,2486,1000,1500,
294334,orig,ok,1000,1500,1000,1500,
294346,up,ok,1200,1702,1000,1500,
294371,up,ok,1352,2000,1000,1500,
294488,up,ok,1400,2074,1000,1500,
294515,orig,ok,2000,3000,1000,1500,
294548,up,ok,1000,1500,1000,1500,
294584,orig,ok,1000,1422,1000,1500,
294616,orig,ok,1000,1419,1000,1500,
294629,up,ok,1000,1500,1000,1500,
294753,orig,ok,2000,3000,1000,1500,
294798,orig,ok,1057,1500,1000,1500,
294805,up,ok,1780,2644,1000,1500,
294833,up,ok,1600,2264,1000,1500,
294840,orig,ok,1078,1534,1000,1500,
294910,orig,ok,2000,3000,1000,1500,
294976,orig,ok,1080,1617,1000,1500,
294979,orig,ok,1565,2231,1000,1500,
295138,orig,ok,1000,1500,1000,1500,
295154,up,ok,1046,1542,1000,1500,
295155,up,ok,1296,1920,1000,1500,
295168,up,ok,1428,2000,1000,1500,
295180,orig,ok,1400,2100,1000,1500,
295202,orig,ok,1998,2945,1000,1500,
295207,up,ok,1000,1500,1000,1500,
295254,orig,ok,1489,2105,1000,1500,
295278,up,ok,1000,1500,1000,1500,
295294,up,ok,1360,2040,1000,1500,
295307,up,ok,1000,1500,1000,1500,
295339,orig,ok,1500,2250,1000,1500,
295413,up,ok,1000,1502,1000,1500,
295441,orig,ok,1000,1500,1000,1500,
295723,orig,ok,1777,2510,1000,1500,
295789,orig,ok,1066,1600,1000,1500,
295933,up,ok,1066,1600,1000,1500,
296216,orig,ok,1000,1500,1000,1500,
296244,up,ok,1416,2000,1000,1500,
296371,orig,ok,1600,2400,1000,1500,
296438,orig,ok,1575,2220,1000,1500,
296496,up,ok,1100,1600,1000,1500,
296500,orig,ok,2000,3000,1000,1500,
296571,orig,ok,2000,3000,1000,1500,
296647,up,ok,1920,2884,1000,1500,
296695,orig,ok,1400,2100,1000,1500,
296803,up,ok,1200,1800,1000,1500,
296855,up,ok,1380,2070,1000,1500,
296878,up,ok,1920,2880,1000,1500,
297059,up,ok,1332,2000,1000,1500,
297077,up,ok,1000,1500,1000,1500,
297173,up,ok,1438,2048,1000,1500,
297269,orig,ok,2000,3000,1000,1500,
297422,orig,ok,2000,3000,1000,1500,
297455,orig,ok,1000,1500,1000,1500,
297461,up,ok,1000,1500,1000,1500,
297472,orig,ok,1175,1763,1000,1500,
297480,orig,ok,2000,3000,1000,1500,
297580,orig,ok,1529,2156,1000,1500,
297600,orig,ok,1000,1500,1000,1500,
297631,up,ok,1160,1700,1000,1500,
297632,up,ok,1000,1500,1000,1500,
297680,orig,ok,1400,2100,1000,1500,
297727,orig,ok,1436,2154,1000,1500,
297792,up,ok,1920,2880,1000,1500,
298009,up,ok,1138,1600,1000,1500,
298026,up,ok,1920,2880,1000,1500,
298028,orig,ok,1175,1763,1000,1500,
298032,orig,ok,1000,1500,1000,1500,
298036,orig,ok,1000,1500,1000,1500,
298091,orig,ok,1000,1500,1000,1500,
298156,up,ok,1280,1920,1000,1500,
298228,up,ok,1200,1798,1000,1500,
298296,orig,ok,1000,1500,1000,1500,
298302,up,ok,1440,2056,1000,1500,
298472,orig,ok,1000,1500,1000,1500,
298547,orig,ok,1213,1819,1000,1500,
298577,orig,ok,1500,2000,1000,1500,
298589,up,ok,1000,1500,1000,1500,
298609,up,ok,1920,2880,1000,1500,
298653,orig,ok,1000,1500,1000,1500,
298833,orig,ok,1000,1500,1000,1500,
298835,up,ok,1412,2000,1000,1500,
298865,orig,ok,1482,2223,1000,1500,
298966,orig,ok,1000,1500,1000,1500,
298967,orig,ok,2000,3000,1000,1500,
298968,up,ok,1340,2008,1000,1500,
298983,orig,ok,2000,3000,1000,1500,
299025,up,ok,1000,1500,1000,1500,
299077,up,ok,1560,2160,1000,1500,
299079,orig,ok,1378,2066,1000,1500,
299154,up,ok,1612,2356,1000,1500,
299359,orig,ok,1000,1500,1000,1500,
299504,orig,ok,2000,3000,1000,1500,
299548,orig,ok,1000,1419,1000,1500,
299599,up,ok,1332,2000,1000,1500,
299730,orig,ok,1000,1501,1000,1500,
299939,orig,ok,1375,2062,1000,1500,
299965,up,ok,1350,2000,1000,1500,
300049,orig,ok,1150,1725,1000,1500,
300096,orig,ok,1297,1936,1000,1500,
300144,orig,ok,2000,3000,1000,1500,
300156,orig,ok,1916,2880,1000,1500,
300236,up,ok,1236,1662,1000,1500,
300321,orig,ok,1280,1920,1000,1500,
300393,orig,ok,1000,1500,1000,1500,
300581,up,ok,1000,1500,1000,1500,
300902,up,ok,1040,1560,1000,1500,
300903,up,ok,1384,2000,1000,1500,
300986,orig,ok,1000,1500,1000,1500,
300994,orig,ok,2000,3000,1000,1500,
300996,orig,ok,2000,2997,1000,1500,
301010,orig,ok,1000,1500,1000,1500,
301014,up,ok,1350,2000,1000,1500,
301074,orig,ok,1000,1500,1000,1500,
301122,up,ok,1294,1998,1000,1500,
301233,orig,ok,1000,1500,1000,1500,
301286,orig,ok,1213,1786,1000,1500,
301356,orig,ok,1057,1500,1000,1500,
301382,up,ok,1018,1500,1000,1500,
301417,orig,ok,1000,1500,1000,1500,
301606,up,ok,1920,2880,1000,1500,
301655,up,ok,1104,1532,1000,1500,
301711,up,ok,1000,1500,1000,1500,
301866,up,ok,1562,2244,1000,1500,
302428,up,ok,1296,1920,1000,1500,
302506,up,ok,1400,2100,1000,1500,
302512,up,ok,1344,2000,1000,1500,
302584,up,ok,1330,1862,1000,1500,
302801,orig,ok,1000,1500,1000,1500,
302904,orig,ok,1000,1415,1000,1500,
303005,up,ok,1344,2048,1000,1500,
303177,up,ok,1500,2000,1000,1500,
303204,up,ok,1100,1652,1000,1500,
303267,orig,ok,1400,2100,1000,1500,
303678,orig,ok,1000,1500,1000,1500,
303702,up,ok,1334,2000,1000,1500,
303898,orig,ok,1000,1500,1000,1500,
304021,up,ok,1600,2400,1000,1500,
304104,up,ok,1404,2000,1000,1500,
304480,up,ok,1000,1500,1000,1500,
304613,orig,ok,1000,1500,1000,1500,
304706,orig,ok,1920,2880,1000,1500,
304897,orig,ok,1057,1500,1000,1500,
304916,up,ok,1920,2880,1000,1500,
305028,up,ok,1926,2888,1000,1500,
305037,up,ok,1000,1500,1000,1500,
305058,orig,ok,1200,1600,1000,1500,
305175,up,ok,1044,1566,1000,1500,
305511,up,ok,1000,1500,1000,1500,
305580,orig,ok,1800,2700,1000,1500,
305615,orig,ok,1000,1500,1000,1500,
305805,orig,ok,2000,3000,1000,1500,
305862,up,ok,1000,1500,1000,1500,
305883,orig,ok,1000,1500,1000,1500,
306000,up,ok,1114,1710,1000,1500,
306045,orig,ok,1200,1800,1000,1500,
306109,orig,ok,1500,2250,1000,1500,
306185,up,ok,1200,1600,1000,1500,
306285,up,ok,1200,1600,1000,1500,
306307,up,ok,1920,2880,1000,1500,
306622,orig,ok,1175,1763,1000,1500,
306747,up,ok,1000,1500,1000,1500,
306748,up,ok,1242,1874,1000,1500,
306932,up,ok,1000,1500,1000,1500,
306969,orig,ok,1400,2100,1000,1500,
307023,up,ok,1400,2100,1000,1500,
307123,orig,ok,1024,1446,1000,1500,
307156,orig,ok,1128,1692,1000,1500,
307544,up,ok,1106,1500,1000,1500,
307728,orig,ok,1200,1600,1000,1500,
308017,up,ok,1200,1800,1000,1500,
308115,orig,ok,1400,1942,1000,1500,
308123,up,ok,1278,1920,1000,1500,
308125,up,ok,1216,1824,1000,1500,
308135,orig,ok,1000,1500,1000,1500,
308152,orig,ok,1000,1500,1000,1500,
308194,orig,ok,1000,1500,1000,1500,
308259,up,ok,1360,2000,1000,1500,
308421,up,ok,1000,1500,1000,1500,
308467,up,ok,1000,1500,1000,1500,
308539,orig,ok,1523,2153,1000,1500,
308787,orig,ok,2000,3000,1000,1500,
308866,orig,ok,1000,1500,1000,1500,
308867,orig,ok,1333,2000,1000,1500,
309000,orig,ok,1449,2173,1000,1500,
309013,orig,ok,1000,1500,1000,1500,
309047,up,ok,1000,1500,1000,1500,
309062,up,ok,1000,1500,1000,1500,
309063,orig,ok,2000,3000,1000,1500,
309073,up,ok,1000,1500,1000,1500,
309079,up,ok,1000,1500,1000,1500,
309083,orig,ok,1400,2100,1000,1500,
309193,orig,ok,1000,1500,1000,1500,
309290,up,ok,1884,2760,1000,1500,
309297,up,ok,1624,2434,1000,1500,
309378,orig,ok,1057,1500,1000,1500,
309397,orig,ok,1000,1500,1000,1500,
309439,orig,ok,2000,3000,1000,1500,
309554,orig,ok,2000,3000,1000,1500,
309732,orig,ok,2000,3000,1000,1500,
309772,up,ok,1000,1500,1000,1500,
309811,orig,ok,1280,1922,1000,1500,
309879,orig,ok,1000,1500,1000,1500,
309885,up,ok,1432,2000,1000,1500,
309889,orig,ok,1000,1500,1000,1500,
309919,orig,ok,1400,2100,1000,1500,
309921,up,ok,1386,2000,1000,1500,
309955,orig,ok,1608,2232,1000,1500,
310018,up,ok,1000,1500,1000,1500,
310043,orig,ok,1000,1500,1000,1500,
310451,up,ok,1000,1500,1000,1500,
310591,up,ok,1000,1500,1000,1500,
310707,up,ok,1200,1800,1000,1500,
310843,up,ok,1332,2000,1000,1500,
310917,orig,ok,1000,1500,1000,1500,
310933,up,ok,1512,2268,1000,1500,
310945,orig,ok,2000,3000,1000,1500,
310996,up,ok,1334,2000,1000,1500,
311010,up,ok,1000,1500,1000,1500,
311085,up,ok,1000,1500,1000,1500,
311327,up,ok,1324,1986,1000,1500,
311460,orig,ok,2000,3000,1000,1500,
312082,up,ok,1000,1500,1000,1500,
312275,up,ok,1296,1920,1000,1500,
312394,orig,ok,1000,1500,1000,1500,
312395,up,ok,1068,1502,1000,1500,
312396,up,ok,1000,1500,1000,1500,
312475,orig,ok,1000,1500,1000,1500,
312640,up,ok,1706,2560,1000,1500,
312649,orig,ok,2000,3000,1000,1500,
312692,up,ok,1440,2116,1000,1500,
312859,up,ok,1000,1500,1000,1500,
312980,orig,ok,2000,3000,1000,1500,
313710,orig,ok,1521,2158,1000,1500,
314065,orig,ok,1436,2154,1000,1500,
314071,orig,ok,1200,1600,1000,1500,
314193,up,ok,1330,1994,1000,1500,
314266,up,ok,1066,1500,1000,1500,
314420,orig,ok,1000,1500,1000,1500,
314915,up,ok,1000,1500,1000,1500,
315024,up,ok,1600,2400,1000,1500,
315039,up,ok,1332,2000,1000,1500,
315094,up,ok,1576,2364,1000,1500,
315355,orig,ok,1466,2198,1000,1500,
315449,up,ok,1006,1500,1000,1500,
315529,up,ok,1000,1500,1000,1500,
315531,up,ok,1018,1526,1000,1500,
315832,orig,ok,1000,1500,1000,1500,
315899,orig,ok,1920,2560,1000,1500,
315929,up,ok,1000,1500,1000,1500,
315978,up,ok,1000,1500,1000,1500,
316005,up,ok,1196,1806,1000,1500,
316010,orig,ok,1060,1500,1000,1500,
316113,orig,ok,1000,1500,1000,1500,
316157,up,ok,1334,2000,1000,1500,
316233,up,ok,1000,1500,1000,1500,
316246,up,ok,1560,2340,1000,1500,
316268,orig,ok,1000,1500,1000,1500,
316408,up,ok,1000,1500,1000,1500,
316637,orig,ok,1200,1600,1000,1500,
316724,orig,ok,2000,3000,1000,1500,
316951,up,ok,1734,2600,1000,1500,
316961,orig,ok,1000,1500,1000,1500,
316979,up,ok,1418,2168,1000,1500,
317038,orig,ok,1200,1800,1000,1500,
317156,up,ok,1000,1500,1000,1500,
317657,orig,ok,1000,1500,1000,1500,
317793,orig,ok,2000,3000,1000,1500,
318000,up,ok,1000,1500,1000,1500,
318154,orig,ok,1039,1456,1000,1500,
318535,orig,ok,1000,1500,1000,1500,
318582,up,ok,1530,2176,1000,1500,
318611,up,ok,1000,1500,1000,1500,
318788,up,ok,1160,1546,1000,1500,
318947,up,ok,1552,2330,1000,1500,
319188,orig,ok,1000,1500,1000,1500,
319396,up,ok,1146,1600,1000,1500,
319595,up,ok,1120,1672,1000,1500,
319847,orig,ok,1000,1500,1000,1500,
320065,orig,ok,1200,1600,1000,1500,
320175,orig,ok,1079,1619,1000,1500,
320176,up,ok,1386,2000,1000,1500,
320180,orig,ok,1000,1500,1000,1500,
320380,up,ok,1200,1800,1000,1500,
320392,orig,ok,1000,1500,1000,1500,
320442,orig,ok,1000,1500,1000,1500,
320444,up,ok,1000,1500,1000,1500,
320507,orig,ok,1000,1500,1000,1500,
320508,orig,ok,1000,1500,1000,1500,
320844,orig,ok,2000,3000,1000,1500,
321039,up,ok,1440,2160,1000,1500,
321066,orig,ok,2000,3000,1000,1500,
321275,up,ok,1400,2100,1000,1500,
321377,orig,ok,1000,1500,1000,1500,
321455,orig,ok,1000,1500,1000,1500,
321478,orig,ok,1584,2236,1000,1500,
321665,up,ok,1054,1500,1000,1500,
321668,orig,ok,1000,1500,1000,1500,
321768,orig,ok,1487,2231,1000,1500,
322061,orig,ok,2000,3000,1000,1500,
322163,orig,ok,1400,2100,1000,1500,
322211,orig,ok,1500,2250,1000,1500,
322246,up,ok,1536,2304,1000,1500,
322266,up,ok,1334,2000,1000,1500,
322433,up,ok,1000,1500,1000,1500,
322493,up,ok,1400,2092,1000,1500,
322505,up,ok,1000,1500,1000,1500,
322518,orig,ok,1400,2100,1000,1500,
322658,up,ok,1000,1500,1000,1500,
322682,up,ok,1312,1968,1000,1500,
322858,up,ok,1000,1500,1000,1500,
322922,orig,ok,1464,2197,1000,1500,
323079,orig,ok,1000,1500,1000,1500,
323270,orig,ok,1540,2200,1000,1500,
323271,orig,ok,2000,3000,1000,1500,
323358,orig,ok,2000,3000,1000,1500,
323366,orig,ok,2000,3000,1000,1500,
323369,orig,ok,1423,2135,1000,1500,
323371,up,ok,1000,1500,1000,1500,
323443,orig,ok,1476,2033,1000,1500,
323465,up,ok,1000,1500,1000,1500,
323478,up,ok,1920,2880,1000,1500,
323485,up,ok,1000,1500,1000,1500,
323508,orig,ok,1000,1434,1000,1500,
323528,orig,ok,1500,2222,1000,1500,
323564,orig,ok,1057,1500,1000,1500,
323625,orig,ok,1358,1920,1000,1500,
323689,orig,ok,1000,1500,1000,1500,
323707,orig,ok,1200,1600,1000,1500,
323710,orig,ok,1000,1500,1000,1500,
324015,orig,ok,1500,2250,1000,1500,
324234,up,ok,1792,2556,1000,1500,
324430,up,ok,1188,1782,1000,1500,
324560,orig,ok,2000,3000,1000,1500,
324787,up,ok,1000,1500,1000,1500,
324930,orig,ok,1365,2048,1000,1500,
324986,up,ok,1560,2340,1000,1500,
325123,orig,ok,1604,2242,1000,1500,
325157,up,ok,1000,1500,1000,1500,
325594,orig,ok,1000,1500,1000,1500,
325598,up,ok,1006,1500,1000,1500,
325607,orig,ok,1000,1500,1000,1500,
325610,orig,ok,1000,1500,1000,1500,
325617,up,ok,1000,1500,1000,1500,
325717,orig,ok,1000,1500,1000,1500,
325827,up,ok,1920,2880,1000,1500,
325906,orig,ok,1000,1500,1000,1500,
326217,orig,ok,1280,1920,1000,1500,
326247,up,ok,1920,2880,1000,1500,
326415,orig,ok,1944,2880,1000,1500,
326420,orig,ok,1000,1500,1000,1500,
326441,orig,ok,1000,1500,1000,1500,
326446,up,ok,1066,1600,1000,1500,
326536,up,ok,1000,1500,1000,1500,
326551,orig,ok,1449,2174,1000,1500,
326662,up,ok,1000,1502,1000,1500,
326724,orig,ok,2000,3000,1000,1500,
326834,up,ok,1920,2880,1000,1500,
326845,orig,ok,1340,1900,1000,1500,
326992,orig,ok,1175,1763,1000,1500,
327021,up,ok,1054,1582,1000,1500,
327025,up,ok,1000,1500,1000,1500,
327253,orig,ok,1400,2100,1000,1500,
327315,orig,ok,1000,1500,1000,1500,
327367,orig,ok,1200,1800,1000,1500,
327368,up,ok,1000,1500,1000,1500,
327369,up,ok,1920,2880,1000,1500,
327370,up,ok,1332,2000,1000,1500,
327445,up,ok,1412,1998,1000,1500,
327674,orig,ok,1500,2250,1000,1500,
327738,orig,ok,1170,1755,1000,1500,
327750,orig,ok,1026,1450,1000,1500,
327894,orig,ok,1000,1500,1000,1500,
327911,up,ok,1920,2880,1000,1500,
328091,up,ok,1940,2910,1000,1500,
328216,orig,ok,2000,3000,1000,1500,
328240,orig,ok,1290,1935,1000,1500,
328382,orig,ok,2000,3000,1000,1500,
328524,orig,ok,1000,1333,1000,1500,
328640,up,ok,1070,1500,1000,1500,
328763,up,ok,1920,2880,1000,1500,
328784,orig,ok,2000,3000,1000,1500,
328936,up,ok,1000,1500,1000,1500,
328939,up,ok,1334,2000,1000,1500,
328985,up,ok,1000,1500,1000,1500,
329025,up,ok,1920,2880,1000,1500,
329104,up,ok,1436,2048,1000,1500,
329110,up,ok,1000,1500,1000,1500,
329205,orig,ok,1332,2000,1000,1500,
329237,orig,ok,2000,3000,1000,1500,
329399,orig,ok,1000,1500,1000,1500,
329409,orig,ok,1000,1500,1000,1500,
329549,orig,ok,2000,3000,1000,1500,
329556,orig,ok,1000,1500,1000,1500,
329703,up,ok,1400,2000,1000,1500,
329711,up,ok,1674,2510,1000,1500,
329807,up,ok,1000,1500,1000,1500,
329838,up,ok,1000,1500,1000,1500,
329841,up,ok,1248,1872,1000,1500,
330000,up,ok,1000,1500,1000,1500,
330169,up,ok,1000,1500,1000,1500,
330173,up,ok,1000,1500,1000,1500,
330215,orig,ok,1200,1800,1000,1500,
330223,orig,ok,1000,1466,1000,1500,
330224,up,ok,1500,2250,1000,1500,
330530,up,ok,1920,2880,1000,1500,
330537,orig,ok,1000,1500,1000,1500,
330656,up,ok,1332,2000,1000,1500,
330938,up,ok,1000,1500,1000,1500,
330990,up,ok,1000,1500,1000,1500,
330993,orig,ok,1200,1600,1000,1500,
330994,up,ok,1000,1500,1000,1500,
331018,orig,ok,1000,1500,1000,1500,
331020,up,ok,1300,1952,1000,1500,
331151,up,ok,1920,2880,1000,1500,
331164,up,ok,1000,1500,1000,1500,
331307,up,ok,1000,1500,1000,1500,
331352,orig,ok,1000,1500,1000,1500,
331432,up,ok,1062,1600,1000,1500,
331706,orig,ok,1200,1600,1000,1500,
331802,up,ok,1400,2000,1000,1500,
331839,orig,ok,1400,2100,1000,1500,
332233,orig,ok,1000,1500,1000,1500,
332278,up,ok,1000,1500,1000,1500,
332279,orig,ok,1400,2100,1000,1500,
332280,orig,ok,1000,1500,1000,1500,
332294,orig,ok,1000,1500,1000,1500,
332296,up,ok,1000,1500,1000,1500,
332410,orig,ok,1000,1500,1000,1500,
332464,up,ok,1408,2000,1000,1500,
332488,up,ok,1412,2000,1000,1500,
332541,orig,ok,1000,1414,1000,1500,
332624,orig,ok,1000,1500,1000,1500,
332662,orig,ok,2000,3000,1000,1500,
332689,orig,ok,1200,1600,1000,1500,
332751,orig,ok,1000,1500,1000,1500,
332920,orig,ok,1071,1596,1000,1500,
332940,up,ok,1976,3000,1000,1500,
333156,orig,ok,1192,1800,1000,1500,
333780,up,ok,1440,2198,1000,1500,
333812,orig,ok,1000,1500,1000,1500,
333817,orig,ok,1365,2048,1000,1500,
333862,orig,ok,2000,3000,1000,1500,
334003,orig,ok,1200,1600,1000,1500,
334026,up,ok,1600,2400,1000,1500,
334038,up,ok,1126,1654,1000,1500,
334088,orig,ok,1400,2100,1000,1500,
334098,up,ok,1000,1500,1000,1500,
334174,orig,ok,1024,1450,1000,1500,
334245,orig,ok,1013,1519,1000,1500,
334454,up,ok,1160,1748,1000,1500,
334707,orig,ok,2000,3000,1000,1500,
334742,orig,ok,1400,2100,1000,1500,
334748,orig,ok,1200,1600,1000,1500,
334749,orig,ok,1000,1500,1000,1500,
334751,orig,ok,1000,1402,1000,1500,
334753,up,ok,1200,1804,1000,1500,
334894,up,ok,1768,2652,1000,1500,
334895,orig,ok,2000,3000,1000,1500,
334986,orig,ok,2000,2963,1000,1500,
335003,orig,ok,1400,2100,1000,1500,
335185,up,ok,1560,2314,1000,1500,
335223,up,ok,1200,1600,1000,1500,
335393,orig,ok,1000,1500,1000,1500,
335448,up,ok,1000,1500,1000,1500,
335512,orig,ok,1526,2289,1000,1500,
335633,orig,ok,1590,2358,1000,1500,
335646,orig,ok,1872,2808,1000,1500,
335650,up,ok,1886,2828,1000,1500,
335656,up,ok,1000,1500,1000,1500,
335696,up,ok,1548,2220,1000,1500,
335732,orig,ok,2000,3000,1000,1500,
335736,up,ok,1408,2000,1000,1500,
335753,orig,ok,1000,1500,1000,1500,
335851,up,ok,1946,2918,1000,1500,
335900,up,ok,1000,1500,1000,1500,
336010,up,ok,1200,1800,1000,1500,
336107,orig,ok,1200,1600,1000,1500,
336112,orig,ok,1000,1500,1000,1500,
336167,orig,ok,1000,1500,1000,1500,
336254,orig,ok,1400,2100,1000,1500,
336265,orig,ok,1066,1599,1000,1500,
336271,up,ok,1360,2000,1000,1500,
336294,orig,ok,2000,3000,1000,1500,
336295,up,ok,1000,1500,1000,1500,
336405,orig,ok,2000,3000,1000,1500,
336453,orig,ok,2000,3000,1000,1500,
336598,up,ok,1600,2400,1000,1500,
336654,up,ok,1828,2574,1000,1500,
336824,up,ok,1100,1636,1000,1500,
336833,orig,ok,1800,2700,1000,1500,
336850,orig,ok,1435,2152,1000,1500,
336921,up,ok,1000,1500,1000,1500,
337021,up,ok,1168,1744,1000,1500,
337029,up,ok,1920,2880,1000,1500,
337073,up,ok,1920,2880,1000,1500,
337085,up,ok,1920,2880,1000,1500,
337184,up,ok,1140,1710,1000,1500,
337218,orig,ok,1000,1500,1000,1500,
337256,orig,ok,1000,1413,1000,1500,
337259,orig,ok,1772,2659,1000,1500,
337288,orig,ok,1000,1500,1000,1500,
337342,up,ok,1332,2000,1000,1500,
337380,orig,ok,1728,2592,1000,1500,
337387,orig,ok,1848,2772,1000,1500,
337445,up,ok,1000,1500,1000,1500,
337530,up,ok,1000,1500,1000,1500,
337543,orig,ok,1065,1500,1000,1500,
337692,up,ok,1320,1980,1000,1500,
337805,up,ok,1986,2978,1000,1500,
337879,orig,ok,1800,2700,1000,1500,
337928,orig,ok,1231,1724,1000,1500,
337989,up,ok,1200,1770,1000,1500,
337998,orig,ok,2000,3000,1000,1500,
338020,orig,ok,1000,1500,1000,1500,
338053,up,ok,1772,2658,1000,1500,
338394,orig,ok,1000,1498,1000,1500,
338514,orig,ok,1000,1500,1000,1500,
338520,orig,ok,1280,1920,1000,1500,
338537,orig,ok,1000,1500,1000,1500,
338598,orig,ok,1000,1500,1000,1500,
338677,up,ok,1000,1502,1000,1500,
338713,up,ok,1334,2000,1000,1500,
338730,up,ok,1920,2880,1000,1500,
338752,orig,ok,1000,1500,1000,1500,
338947,orig,ok,2000,3000,1000,1500,
339002,orig,ok,1000,1500,1000,1500,
339059,up,ok,1000,1500,1000,1500,
339087,orig,ok,1000,1500,1000,1500,
339170,orig,ok,2000,3000,1000,1500,
339342,orig,ok,1400,2100,1000,1500,
339345,orig,ok,1000,1500,1000,1500,
339373,up,ok,1200,1800,1000,1500,
339588,up,ok,1000,1500,1000,1500,
339644,up,ok,1050,1600,1000,1500,
339917,orig,ok,1000,1500,1000,1500,
339992,orig,ok,2000,3000,1000,1500,
340001,orig,ok,1200,1600,1000,1500,
340018,up,ok,1000,1500,1000,1500,
340033,up,ok,1272,1908,1000,1500,
340165,orig,ok,1536,2048,1000,1500,
340185,up,ok,1402,2000,1000,1500,
340197,orig,ok,1000,1500,1000,1500,
340204,orig,ok,1800,2550,1000,1500,
340213,orig,ok,1530,2157,1000,1500,
340249,orig,ok,1400,2100,1000,1500,
340431,orig,ok,1700,2550,1000,1500,
340452,up,ok,1294,2000,1000,1500,
340462,up,ok,1000,1500,1000,1500,
340820,up,ok,1200,1600,1000,1500,
340849,orig,ok,2000,3000,1000,1500,
340855,orig,ok,1400,2100,1000,1500,
340865,up,ok,1350,2000,1000,1500,
341035,orig,ok,1000,1500,1000,1500,
341051,orig,ok,1528,2158,1000,1500,
341057,up,ok,1000,1500,1000,1500,
341114,up,ok,1334,2000,1000,1500,
341460,up,ok,1000,1782,1000,1500,
341650,up,ok,1800,2556,1000,1500,
341671,orig,ok,1575,2175,1000,1500,
341725,up,ok,1468,2248,1000,1500,
341833,up,ok,1000,1500,1000,1500,
341841,up,ok,1884,2824,1000,1500,
341886,orig,ok,1000,1500,1000,1500,
341957,up,ok,1296,1944,1000,1500,
341963,up,ok,1000,1500,1000,1500,
342100,up,ok,1100,1648,1000,1500,
342127,orig,ok,1000,1500,1000,1500,
342380,orig,ok,1000,1406,1000,1500,
342391,up,ok,1864,2636,1000,1500,
342486,up,ok,1280,1920,1000,1500,
342492,up,ok,1000,1500,1000,1500,
342730,up,ok,1920,2880,1000,1500,
342732,up,ok,1000,1500,1000,1500,
342896,orig,ok,1400,2100,1000,1500,
342933,up,ok,1600,2232,1000,1500,
343004,orig,ok,1506,2048,1000,1500,
343041,up,ok,1000,1500,1000,1500,
343097,up,ok,1214,1700,1000,1500,
343112,orig,ok,2000,3000,1000,1500,
343416,up,ok,1600,2400,1000,1500,
343459,orig,ok,1400,2100,1000,1500,
343474,up,ok,1174,1762,1000,1500,
343476,up,ok,1456,2186,1000,1500,
343489,up,ok,1014,1500,1000,1500,
343493,up,ok,1920,2880,1000,1500,
343495,orig,ok,1526,2132,1000,1500,
343509,up,ok,1350,2000,1000,1500,
343658,orig,ok,1000,1500,1000,1500,
343750,orig,ok,1000,1500,1000,1500,
343803,up,ok,1000,1500,1000,1500,
343872,up,ok,1000,1500,1000,1500,
343885,orig,ok,2000,3000,1000,1500,
343907,up,ok,1000,1500,1000,1500,
344088,up,ok,1200,1800,1000,1500,
344342,orig,ok,2000,3000,1000,1500,
344434,up,ok,1620,2400,1000,1500,
344526,up,ok,1280,1814,1000,1500,
344559,orig,ok,1200,1600,1000,1500,
344593,orig,ok,1209,1813,1000,1500,
344885,up,ok,1472,2258,1000,1500,
344898,up,ok,1800,2700,1000,1500,
345091,up,ok,1334,2000,1000,1500,
345154,orig,ok,1067,1600,1000,1500,
345287,up,ok,1920,2880,1000,1500,
345692,up,ok,1000,1500,1000,1500,
345781,orig,ok,1268,1902,1000,1500,
345913,up,ok,1000,1500,1000,1500,
345921,orig,ok,1000,1500,1000,1500,
345931,orig,ok,1512,2175,1000,1500,
345950,orig,ok,1000,1500,1000,1500,
346043,up,ok,1400,2100,1000,1500,
346093,up,ok,1390,2000,1000,1500,
346170,orig,ok,1000,1500,1000,1500,
346603,up,ok,1020,1500,1000,1500,
346633,orig,ok,2000,3000,1000,1500,
346925,up,ok,1656,2484,1000,1500,
346939,up,ok,1508,2140,1000,1500,
346960,orig,ok,1179,1768,1000,1500,
347064,up,ok,1000,1500,1000,1500,
347097,orig,ok,2000,3000,1000,1500,
347127,orig,ok,1000,1500,1000,1500,
347167,up,ok,1280,1920,1000,1500,
347423,up,ok,1920,2880,1000,1500,
347425,up,ok,1000,1500,1000,1500,
347501,up,ok,1200,1800,1000,1500,
347752,orig,ok,1000,1500,1000,1500,
347755,up,ok,1920,2880,1000,1500,
347757,orig,ok,1400,2100,1000,1500,
347763,orig,ok,1400,2100,1000,1500,
347764,orig,ok,1000,1500,1000,1500,
347848,orig,ok,2000,3000,1000,1500,
347850,orig,ok,1000,1500,1000,1500,
347851,orig,ok,1000,1500,1000,1500,
347852,orig,ok,2000,3000,1000,1500,
347854,orig,ok,1000,1500,1000,1500,
347855,up,ok,1000,1500,1000,1500,
347944,orig,ok,1000,1500,1000,1500,
347973,orig,ok,1280,1920,1000,1500,
348049,up,ok,1144,1600,1000,1500,
348157,up,ok,1000,1500,1000,1500,
348168,orig,ok,1433,2047,1000,1500,
348172,up,ok,1200,1802,1000,1500,
348175,orig,ok,1000,1500,1000,1500,
348179,orig,ok,1000,1500,1000,1500,
348191,orig,ok,2000,2812,1000,1500,
348195,orig,ok,1078,1600,1000,1500,
348236,orig,ok,2000,3000,1000,1500,
348260,orig,ok,1600,2400,1000,1500,
348264,orig,ok,1000,1500,1000,1500,
348306,orig,ok,2000,3000,1000,1500,
348494,up,ok,1920,2880,1000,1500,
348520,orig,ok,1000,1500,1000,1500,
348539,up,ok,1778,2666,1000,1500,
348540,orig,ok,1048,1500,1000,1500,
348572,orig,ok,1372,2058,1000,1500,
348587,orig,ok,1070,1500,1000,1500,
348784,orig,ok,1000,1500,1000,1500,
349057,orig,ok,1200,1800,1000,1500,
349110,up,ok,1920,2880,1000,1500,
349165,up,ok,1560,2368,1000,1500,
349849,orig,ok,1080,1600,1000,1500,
350052,orig,ok,1400,2100,1000,1500,
350616,up,ok,1334,2000,1000,1500,
350718,orig,ok,1900,2719,1000,1500,
350751,up,ok,1000,1500,1000,1500,
350837,orig,ok,1000,1500,1000,1500,
351187,up,ok,1334,2000,1000,1500,
351201,up,ok,1336,2000,1000,1500,
351319,orig,ok,1000,1500,1000,1500,
351739,orig,ok,2000,3000,1000,1500,
351743,orig,ok,2000,3000,1000,1500,
351868,orig,ok,1400,2100,1000,1500,
352082,up,ok,1000,1502,1000,1500,
352372,up,ok,1920,2880,1000,1500,
352458,orig,ok,2000,3000,1000,1500,
352497,orig,ok,1000,1500,1000,1500,
352650,up,ok,1000,1500,1000,1500,
352707,up,ok,1000,1500,1000,1500,
352881,orig,ok,1018,1568,1000,1500,
352988,orig,ok,1000,1500,1000,1500,
353058,orig,ok,2000,3000,1000,1500,
353090,up,ok,1258,1914,1000,1500,
353093,up,ok,1334,2000,1000,1500,
353097,orig,ok,1000,1500,1000,1500,
353227,up,ok,1500,2250,1000,1500,
353382,up,ok,1656,2484,1000,1500,
353419,orig,ok,2000,3000,1000,1500,
353487,up,ok,1200,1800,1000,1500,
353495,orig,ok,1000,1500,1000,1500,
353599,orig,ok,2000,3000,1000,1500,
353656,orig,ok,1920,2560,1000,1500,
353800,up,ok,1264,2000,1000,1500,
353948,up,ok,1476,2188,1000,1500,
353950,orig,ok,1068,1600,1000,1500,
354021,up,ok,1000,1500,1000,1500,
354108,up,ok,1200,1800,1000,1500,
354125,orig,ok,2000,3000,1000,1500,
354135,up,ok,1200,1770,1000,1500,
354220,orig,ok,1280,1920,1000,1500,
354326,up,ok,1000,1500,1000,1500,
354401,orig,ok,1000,1500,1000,1500,
354534,up,ok,1000,1500,1000,1500,
354642,up,ok,1400,2108,1000,1500,
354651,up,ok,1222,1834,1000,1500,
354669,up,ok,1000,1500,1000,1500,
354794,orig,ok,1185,1796,1000,1500,
354888,up,ok,1356,1920,1000,1500,
354924,up,ok,1560,2340,1000,1500,
355264,up,ok,1920,2880,1000,1500,
355309,orig,ok,1400,2100,1000,1500,
355324,orig,ok,1120,1568,1000,1500,
355499,up,ok,1000,1500,1000,1500,
355579,orig,ok,1280,1944,1000,1500,
355598,orig,ok,1000,1500,1000,1500,
355743,orig,ok,1024,1517,1000,1500,
355824,orig,ok,2000,3000,1000,1500,
355854,orig,ok,1202,1803,1000,1500,
356089,up,ok,1000,1500,1000,1500,
356444,orig,ok,1200,1600,1000,1500,
356482,up,ok,1920,2880,1000,1500,
356483,orig,ok,1000,1500,1000,1500,
356555,orig,ok,2000,3000,1000,1500,
356677,up,ok,1200,1800,1000,1500,
356787,orig,ok,1000,1500,1000,1500,
356877,up,ok,1854,2780,1000,1500,
357007,up,ok,1020,1500,1000,1500,
357054,up,ok,1600,2370,1000,1500,
357106,orig,ok,1075,1500,1000,1500,
357817,orig,ok,1000,1500,1000,1500,
357964,up,ok,1334,2000,1000,1500,
358719,orig,ok,1000,1500,1000,1500,
358724,orig,ok,1000,1500,1000,1500,
358802,up,ok,1002,1500,1000,1500,
358982,orig,ok,1400,2099,1000,1500,
359029,orig,ok,1000,1500,1000,1500,
359056,up,ok,1360,2000,1000,1500,
359062,up,ok,1300,1950,1000,1500,
359186,orig,ok,1000,1404,1000,1500,
359245,orig,ok,1400,2100,1000,1500,
359255,orig,ok,1000,1500,1000,1500,
360041,up,ok,1500,2150,1000,1500,
360126,orig,ok,1195,1793,1000,1500,
360188,orig,ok,1000,1500,1000,1500,
360205,orig,ok,2000,3000,1000,1500,
360285,orig,ok,1000,1500,1000,1500,
360321,orig,ok,1000,1500,1000,1500,
360328,orig,ok,1000,1500,1000,1500,
360412,orig,ok,1067,1600,1000,1500,
360413,orig,ok,1000,1500,1000,1500,
360651,up,ok,1000,1500,1000,1500,
360691,up,ok,1296,1944,1000,1500,
360722,up,ok,1000,1500,1000,1500,
360726,orig,ok,1000,1500,1000,1500,
360924,up,ok,1000,1500,1000,1500,
360928,up,ok,1912,2868,1000,1500,
361022,orig,ok,1200,1600,1000,1500,
361043,orig,ok,1000,1500,1000,1500,
361428,orig,ok,1976,3000,1000,1500,
361470,orig,ok,1000,1500,1000,1500,
361763,up,ok,1334,2000,1000,1500,
361828,orig,ok,1511,2169,1000,1500,
361846,up,ok,1920,2880,1000,1500,
361930,orig,ok,1000,1500,1000,1500,
362065,orig,ok,1400,2100,1000,1500,
362180,orig,ok,2000,3000,1000,1500,
362216,orig,ok,1042,1563,1000,1500,
362229,orig,ok,2000,3000,1000,1500,
362304,up,ok,1200,1800,1000,1500,
362373,up,ok,1324,2048,1000,1500,
362385,orig,ok,2000,3000,1000,1500,
362388,orig,ok,1400,1963,1000,1500,
362397,orig,ok,1280,1920,1000,1500,
362419,orig,ok,1442,2163,1000,1500,
362573,up,ok,1334,2000,1000,1500,
362726,up,ok,1000,1500,1000,1500,
362736,orig,ok,1000,1500,1000,1500,
362807,up,ok,1352,1920,1000,1500,
362900,orig,ok,2000,3000,1000,1500,
363264,orig,ok,2000,3000,1000,1500,
363277,up,ok,1122,1722,1000,1500,
363282,up,ok,1000,1500,1000,1500,
363284,orig,ok,1513,2269,1000,1500,
363439,orig,ok,1000,1500,1000,1500,
363462,up,ok,1000,1500,1000,1500,
363689,up,ok,1600,2400,1000,1500,
363690,orig,ok,1000,1500,1000,1500,
363844,orig,ok,1000,1500,1000,1500,
363887,orig,ok,1000,1500,1000,1500,
363935,up,ok,1020,1502,1000,1500,
363987,up,ok,1124,1600,1000,1500,
364088,orig,ok,2000,3000,1000,1500,
364094,orig,ok,1000,1500,1000,1500,
364153,orig,ok,1536,2048,1000,1500,
364183,up,ok,1334,2000,1000,1500,
364197,orig,ok,1000,1498,1000,1500,
364219,up,ok,1064,1500,1000,1500,
364220,orig,ok,2000,3000,1000,1500,
364422,up,ok,1000,1500,1000,1500,
364424,up,ok,1000,1500,1000,1500,
364425,orig,ok,1000,1500,1000,1500,
364426,orig,ok,1000,1500,1000,1500,
364465,orig,ok,1000,1500,1000,1500,
364675,up,ok,1092,1552,1000,1500,
364840,up,ok,1362,1996,1000,1500,
365038,up,ok,1332,2000,1000,1500,
365083,orig,ok,2000,3000,1000,1500,
365432,orig,ok,2000,3000,1000,1500,
365441,up,ok,1382,2000,1000,1500,
365651,orig,ok,2000,3000,1000,1500,
365712,up,ok,1000,1500,1000,1500,
365720,up,ok,1384,2076,1000,1500,
365752,up,ok,1454,2000,1000,1500,
365805,orig,ok,1000,1500,1000,1500,
365834,orig,ok,2000,3000,1000,1500,
366042,orig,ok,1000,1500,1000,1500,
366067,up,ok,1124,1684,1000,1500,
366210,orig,ok,1000,1500,1000,1500,
366232,up,ok,1400,2100,1000,1500,
366360,orig,ok,1000,1500,1000,1500,
366506,orig,ok,2000,3000,1000,1500,
366551,orig,ok,1400,2100,1000,1500,
366617,orig,ok,1280,1920,1000,1500,
366789,orig,ok,2000,2933,1000,1500,
366824,orig,ok,1000,1500,1000,1500,
366841,up,ok,1000,1500,1000,1500,
366969,up,ok,1200,1800,1000,1500,
367080,up,ok,1000,1500,1000,1500,
367249,up,ok,1776,2666,1000,1500,
367251,up,ok,1000,1500,1000,1500,
367284,orig,ok,1000,1500,1000,1500,
367797,up,ok,1000,1500,1000,1500,
367799,up,ok,1196,1600,1000,1500,
367941,up,ok,1516,2048,1000,1500,
368182,orig,ok,1280,1920,1000,1500,
368256,up,ok,1920,2880,1000,1500,
368575,orig,ok,2000,3000,1000,1500,
369032,orig,ok,1000,1500,1000,1500,
369163,up,ok,1356,1920,1000,1500,
369164,up,ok,1356,1920,1000,1500,
369196,orig,ok,2000,3000,1000,1500,
369427,up,ok,1280,1884,1000,1500,
369517,up,ok,1000,1500,1000,1500,
369637,orig,ok,1000,1500,1000,1500,
369763,orig,ok,1000,1482,1000,1500,
369868,up,ok,1200,1800,1000,1500,
369912,orig,ok,1400,2100,1000,1500,
370091,up,ok,1354,2000,1000,1500,
370098,orig,ok,1566,2231,1000,1500,
370131,up,ok,1368,2000,1000,1500,
370191,orig,ok,1000,1500,1000,1500,
370194,orig,ok,1005,1500,1000,1500,
370209,up,ok,1280,1920,1000,1500,
370217,orig,ok,2000,3000,1000,1500,
370234,orig,ok,2000,3000,1000,1500,
370381,orig,ok,1000,1500,1000,1500,
370396,orig,ok,1000,1399,1000,1500,
370460,orig,ok,2000,3000,1000,1500,
370664,orig,ok,1440,2160,1000,1500,
370690,up,ok,1332,2000,1000,1500,
371003,orig,ok,1000,1500,1000,1500,
371213,orig,ok,1200,1800,1000,1500,
371332,orig,ok,1200,1600,1000,1500,
371386,up,ok,1000,1500,1000,1500,
371798,up,ok,1960,2940,1000,1500,
371804,up,ok,1346,2020,1000,1500,
371851,up,ok,1000,1500,1000,1500,
372074,up,ok,1636,2400,1000,1500,
372174,orig,ok,1000,1500,1000,1500,
372258,orig,ok,1000,1500,1000,1500,
372358,up,ok,1000,1500,1000,1500,
372463,orig,ok,1066,1600,1000,1500,
372581,up,ok,1000,1500,1000,1500,
372639,orig,ok,1750,2625,1000,1500,
373048,orig,ok,1000,1498,1000,1500,
373190,up,ok,1560,2340,1000,1500,
373194,up,ok,1742,2574,1000,1500,
373350,up,ok,1700,2550,1000,1500,
373477,up,ok,1000,1500,1000,1500,
373541,orig,ok,1000,1500,1000,1500,
374023,up,ok,1000,1500,1000,1500,
374167,up,ok,1410,2116,1000,1500,
374221,orig,ok,1200,1800,1000,1500,
374618,orig,ok,1983,2974,1000,1500,
374795,up,ok,1348,2074,1000,1500,
374833,up,ok,1000,1500,1000,1500,
374839,up,ok,1718,2576,1000,1500,
374896,up,ok,1000,1500,1000,1500,
374933,up,ok,1200,1800,1000,1500,
375238,orig,ok,2000,3000,1000,1500,
375580,orig,ok,1656,2515,1000,1500,
375655,orig,ok,2000,3000,1000,1500,
375989,orig,ok,1000,1500,1000,1500,
376258,up,ok,1124,1500,1000,1500,
376311,orig,ok,1000,1500,1000,1500,
376415,up,ok,1000,1500,1000,1500,
376416,up,ok,1000,1500,1000,1500,
376502,up,ok,1000,1500,1000,1500,
376507,up,ok,1938,2896,1000,1500,
376537,orig,ok,1000,1500,1000,1500,
376560,up,ok,1920,2880,1000,1500,
376563,orig,ok,1536,2048,1000,1500,
376576,orig,ok,1333,2000,1000,1500,
377325,up,ok,1998,2998,1000,1500,
377406,orig,ok,1175,1763,1000,1500,
377409,orig,ok,1200,1800,1000,1500,
377635,up,ok,1000,1500,1000,1500,
377779,orig,ok,2000,2976,1000,1500,
378017,orig,ok,1520,2280,1000,1500,
378218,up,ok,1920,2880,1000,1500,
378307,up,ok,1584,2324,1000,1500,
378310,up,ok,1280,1920,1000,1500,
378632,up,ok,1000,1500,1000,1500,
378794,orig,ok,1521,2158,1000,1500,
379058,up,ok,1400,2000,1000,1500,
379322,up,ok,1920,2880,1000,1500,
379334,up,ok,1720,2580,1000,1500,
379394,orig,ok,2000,3000,1000,1500,
379515,orig,ok,1000,1500,1000,1500,
379649,up,ok,1400,2100,1000,1500,
379653,up,ok,1500,2248,1000,1500,
379965,up,ok,1000,1500,1000,1500,
380052,up,ok,1000,1500,1000,1500,
380078,orig,ok,1000,1500,1000,1500,
380117,orig,ok,1000,1359,1000,1500,
380372,orig,ok,2000,3000,1000,1500,
380575,up,ok,1000,1500,1000,1500,
380639,up,ok,1752,2628,1000,1500,
380734,orig,ok,1000,1500,1000,1500,
381063,orig,ok,2000,3000,1000,1500,
381149,orig,ok,2000,3000,1000,1500,
381170,orig,ok,1200,1600,1000,1500,
381325,orig,ok,1400,2100,1000,1500,
381507,up,ok,1000,1500,1000,1500,
381640,up,ok,1200,1600,1000,1500,
381654,up,ok,1074,1500,1000,1500,
381776,orig,ok,1000,1500,1000,1500,
381777,up,ok,1020,1500,1000,1500,
381820,orig,ok,1430,2145,1000,1500,
381905,orig,ok,2000,3000,1000,1500,
381935,orig,ok,2000,3000,1000,1500,
381961,up,ok,1000,1500,1000,1500,
382044,orig,ok,2000,3000,1000,1500,
382052,orig,ok,2000,3000,1000,1500,
382184,up,ok,1414,2000,1000,1500,
382240,orig,ok,1524,2152,1000,1500,
382437,up,ok,1020,1510,1000,1500,
382725,up,ok,1944,2880,1000,1500,
382755,orig,ok,2000,3000,1000,1500,
383145,orig,ok,1400,2100,1000,1500,
383150,up,ok,1100,1564,1000,1500,
383327,up,ok,1000,1500,1000,1500,
383348,orig,ok,1000,1500,1000,1500,
383442,orig,ok,1000,1500,1000,1500,
383491,orig,ok,1000,1500,1000,1500,
383502,orig,ok,2000,3000,1000,1500,
383637,orig,ok,1000,1500,1000,1500,
383696,up,ok,1920,2880,1000,1500,
383896,orig,ok,1082,1600,1000,1500,
384056,orig,ok,1057,1500,1000,1500,
384075,up,ok,1280,1920,1000,1500,
384188,orig,ok,1000,1500,1000,1500,
384216,orig,ok,1000,1500,1000,1500,
384452,orig,ok,1000,1500,1000,1500,
384594,orig,ok,2000,3000,1000,1500,
384627,up,ok,1160,1740,1000,1500,
384687,orig,ok,1400,2100,1000,1500,
384912,orig,ok,1000,1500,1000,1500,
384978,orig,ok,1705,2556,1000,1500,
385085,orig,ok,1000,1500,1000,1500,
385104,orig,ok,1448,2048,1000,1500,
385309,up,ok,1000,1500,1000,1500,
385327,up,ok,1920,2880,1000,1500,
385377,orig,ok,1000,1500,1000,1500,
385378,orig,ok,1000,1500,1000,1500,
385459,orig,ok,1043,1488,1000,1500,
385691,orig,ok,1200,1600,1000,1500,
385713,up,ok,1350,2000,1000,1500,
385964,up,ok,1194,1670,1000,1500,
385976,orig,ok,2000,3000,1000,1500,
386030,up,ok,1000,1500,1000,1500,
386081,up,ok,1056,1500,1000,1500,
386123,orig,ok,1000,1500,1000,1500,
386172,orig,ok,1000,1500,1000,1500,
386255,orig,ok,1000,1500,1000,1500,
386269,up,ok,1294,1942,1000,1500,
386521,orig,ok,1200,1600,1000,1500,
386782,up,ok,1776,2694,1000,1500,
387391,orig,ok,1521,2158,1000,1500,
387396,orig,ok,1000,1500,1000,1500,
387494,orig,ok,1000,1500,1000,1500,
387501,orig,ok,1400,2100,1000,1500,
387605,orig,ok,1533,2175,1000,1500,
387660,orig,ok,2000,3000,1000,1500,
387854,up,ok,1048,1500,1000,1500,
387911,up,ok,1920,2880,1000,1500,
388165,up,ok,1400,2102,1000,1500,
388194,orig,ok,2000,3000,1000,1500,
388199,up,ok,1000,1500,1000,1500,
388243,orig,ok,1000,1500,1000,1500,
388410,orig,ok,1650,2360,1000,1500,
388415,up,ok,1000,1506,1000,1500,
388543,up,ok,1974,2962,1000,1500,
388732,up,ok,1200,1800,1000,1500,
388994,orig,ok,2000,3000,1000,1500,
389260,up,ok,1400,2100,1000,1500,
389286,orig,ok,1184,1796,1000,1500,
389821,orig,ok,1200,1600,1000,1500,
389832,up,ok,1334,2000,1000,1500,
389856,up,ok,1344,1920,1000,1500,
390213,up,ok,1400,2100,1000,1500,
390249,up,ok,1448,2000,1000,1500,
390326,up,ok,1356,2000,1000,1500,
390540,up,ok,1684,2528,1000,1500,
390599,orig,ok,1064,1508,1000,1500,
390833,orig,ok,1000,1500,1000,1500,
390883,orig,ok,1400,2100,1000,1500,
391207,orig,ok,1000,1500,1000,1500,
391208,orig,ok,2000,3000,1000,1500,
391463,orig,ok,1745,2597,1000,1500,
391561,orig,ok,1706,2560,1000,1500,
391596,up,ok,1280,1920,1000,1500,
391625,up,ok,1014,1500,1000,1500,
391626,orig,ok,1067,1600,1000,1500,
391813,up,ok,1000,1500,1000,1500,
391863,up,ok,1000,1500,1000,1500,
391872,orig,ok,1000,1500,1000,1500,
391962,orig,ok,2000,2963,1000,1500,
392051,up,ok,1000,1500,1000,1500,
392054,orig,ok,1200,1600,1000,1500,
392253,up,ok,1842,2764,1000,1500,
392356,up,ok,1000,1500,1000,1500,
392405,up,ok,1000,1500,1000,1500,
392407,orig,ok,1400,2100,1000,1500,
392432,up,ok,1280,1920,1000,1500,
392437,orig,ok,1000,1500,1000,1500,
392702,up,ok,1000,1500,1000,1500,
392768,up,ok,1000,1500,1000,1500,
393010,up,ok,1000,1500,1000,1500,
393103,orig,ok,1000,1500,1000,1500,
393154,up,ok,1920,2880,1000,1500,
393355,up,ok,1920,2880,1000,1500,
393395,up,ok,1260,1890,1000,1500,
393511,orig,ok,1065,1500,1000,1500,
393798,up,ok,1574,2472,1000,1500,
393927,up,ok,1060,1500,1000,1500,
394115,up,ok,1360,2000,1000,1500,
394116,orig,ok,1067,1600,1000,1500,
394151,orig,ok,2000,3000,1000,1500,
394330,up,ok,1428,2142,1000,1500,
394546,up,ok,1000,1500,1000,1500,
394855,orig,ok,1000,1500,1000,1500,
394860,orig,ok,2000,3000,1000,1500,
395319,up,ok,1000,1500,1000,1500,
395389,orig,ok,1000,1500,1000,1500,
395713,up,ok,1866,2800,1000,1500,
395797,orig,ok,1000,1500,1000,1500,
395926,up,ok,1280,1920,1000,1500,
395948,up,ok,1800,2700,1000,1500,
396004,orig,ok,1400,2100,1000,1500,
396011,up,ok,1000,1500,1000,1500,
396104,orig,ok,1667,2500,1000,1500,
396120,up,ok,1000,1500,1000,1500,
396152,orig,ok,1867,2800,1000,1500,
396312,orig,ok,1080,1600,1000,1500,
396396,up,ok,1320,1982,1000,1500,
396508,orig,ok,1000,1500,1000,1500,
396510,up,ok,1414,2000,1000,1500,
396550,orig,ok,1706,2560,1000,1500,
396692,up,ok,1244,1864,1000,1500,
396963,orig,ok,1000,1500,1000,1500,
397052,up,ok,1696,2544,1000,1500,
397137,orig,ok,1000,1500,1000,1500,
397278,orig,ok,1000,1500,1000,1500,
397282,orig,ok,1000,1333,1000,1500,
397456,up,ok,1500,2250,1000,1500,
397572,up,ok,1308,1862,1000,1500,
397797,up,ok,1108,1500,1000,1500,
397873,orig,ok,1400,2100,1000,1500,
398096,up,ok,1560,2340,1000,1500,
398193,up,ok,1000,1500,1000,1500,
398211,up,ok,1000,1514,1000,1500,
398470,up,ok,1920,2880,1000,1500,
398685,orig,ok,1200,1599,1000,1500,
398747,up,ok,1000,1500,1000,1500,
398765,orig,ok,1000,1411,1000,1500,
398841,orig,ok,1000,1500,1000,1500,
398868,up,ok,1604,2424,1000,1500,
398871,up,ok,1102,1550,1000,1500,
398881,orig,ok,1000,1500,1000,1500,
398887,orig,ok,1074,1500,1000,1500,
399004,up,ok,1648,2474,1000,1500,
399021,up,ok,1224,2048,1000,1500,
399062,up,ok,1920,2880,1000,1500,
399073,up,ok,1600,2400,1000,1500,
399118,up,ok,1920,2880,1000,1500,
399172,orig,ok,1000,1500,1000,1500,
399372,orig,ok,2000,3000,1000,1500,
399596,orig,ok,1365,2048,1000,1500,
399611,orig,ok,1000,1500,1000,1500,
400038,up,ok,1000,1500,1000,1500,
400329,orig,ok,1382,2048,1000,1500,
400456,orig,ok,1200,1600,1000,1500,
400628,up,ok,1000,1500,1000,1500,
400643,orig,ok,1000,1500,1000,1500,
400705,orig,ok,2000,3000,1000,1500,
400712,up,ok,1334,2000,1000,1500,
400717,orig,ok,2000,2962,1000,1500,
400777,orig,ok,1200,1600,1000,1500,
400967,up,ok,1200,1800,1000,1500,
401024,orig,ok,1000,1500,1000,1500,
401049,up,ok,1348,1920,1000,1500,
401052,up,ok,1000,1500,1000,1500,
401054,up,ok,1408,2000,1000,1500,
401065,orig,ok,1000,1500,1000,1500,
401066,orig,ok,1000,1500,1000,1500,
401067,up,ok,1712,2368,1000,1500,
401272,orig,ok,1920,2880,1000,1500,
401313,orig,ok,2000,3000,1000,1500,
401359,orig,ok,1600,2400,1000,1500,
401410,orig,ok,2000,3000,1000,1500,
401432,up,ok,1000,1500,1000,1500,
401479,up,ok,1560,2370,1000,1500,
401559,up,ok,1050,1600,1000,1500,
401716,up,ok,1000,1500,1000,1500,
401732,orig,ok,1974,2962,1000,1500,
401793,up,ok,1344,2000,1000,1500,
401987,up,ok,1000,1500,1000,1500,
402167,up,ok,1000,1500,1000,1500,
402438,up,ok,1920,2880,1000,1500,
402462,orig,ok,1000,1500,1000,1500,
402516,up,ok,1400,2000,1000,1500,
402561,orig,ok,1057,1500,1000,1500,
402726,up,ok,1896,2844,1000,1500,
402885,up,ok,1000,1500,1000,1500,
402959,up,ok,1296,1762,1000,1500,
403130,up,ok,1920,2880,1000,1500,
403159,orig,ok,1000,1500,1000,1500,
403214,up,ok,1200,1800,1000,1500,
403264,orig,ok,1264,1896,1000,1500,
403283,orig,ok,1000,1500,1000,1500,
403299,orig,ok,1521,2158,1000,1500,
403410,up,ok,1000,1500,1000,1500,
403598,up,ok,1100,1646,1000,1500,
403671,orig,ok,1333,2000,1000,1500,
403820,up,ok,1920,2880,1000,1500,
404086,up,ok,1000,1500,1000,1500,
404133,orig,ok,1280,1920,1000,1500,
404388,up,ok,1282,1900,1000,1500,
404413,orig,ok,2000,3000,1000,1500,
404461,orig,ok,1000,1500,1000,1500,
404489,orig,ok,1000,1481,1000,1500,
404516,orig,ok,2000,3000,1000,1500,
404548,orig,ok,1450,2175,1000,1500,
404582,orig,ok,1500,2250,1000,1500,
404830,orig,ok,1400,2100,1000,1500,
404947,orig,ok,2000,3000,1000,1500,
404961,up,ok,1600,2400,1000,1500,
404967,orig,ok,1000,1500,1000,1500,
405174,orig,ok,2000,3000,1000,1500,
405225,orig,ok,2000,3000,1000,1500,
405387,orig,ok,2000,3000,1000,1500,
405535,orig,ok,2000,3000,1000,1500,
405551,up,ok,1332,2000,1000,1500,
405568,orig,ok,1000,1500,1000,1500,
405615,orig,ok,1000,1500,1000,1500,
405774,orig,ok,2000,3000,1000,1500,
405790,up,ok,1674,2512,1000,1500,
405809,orig,ok,2000,3000,1000,1500,
405899,up,ok,1000,1500,1000,1500,
405909,orig,ok,1474,2166,1000,1500,
405932,orig,ok,1000,1500,1000,1500,
405935,orig,ok,1000,1419,1000,1500,
406052,orig,ok,2000,3000,1000,1500,
406084,up,ok,1520,2276,1000,1500,
406111,orig,ok,2000,3000,1000,1500,
406112,orig,ok,1012,1500,1000,1500,
406115,orig,ok,1600,2400,1000,1500,
406208,orig,ok,1000,1500,1000,1500,
406453,up,ok,1920,2880,1000,1500,
406582,up,ok,1000,1500,1000,1500,
406625,orig,ok,1280,1920,1000,1500,
407036,orig,ok,1400,2100,1000,1500,
407284,orig,ok,1200,1600,1000,1500,
407303,orig,ok,1000,1500,1000,1500,
407344,up,ok,1366,2048,1000,1500,
407460,orig,ok,1920,2560,1000,1500,
407638,orig,ok,1000,1500,1000,1500,
407659,orig,ok,1400,1880,1000,1500,
407739,orig,ok,1620,2460,1000,1500,
407757,orig,ok,1000,1500,1000,1500,
407767,orig,ok,1296,1920,1000,1500,
407775,orig,ok,1400,2100,1000,1500,
408083,orig,ok,2000,3000,1000,1500,
408149,up,ok,1120,1680,1000,1500,
408185,orig,ok,2000,3000,1000,1500,
408220,up,ok,1400,2100,1000,1500,
408221,orig,ok,1400,2100,1000,1500,
408237,orig,ok,2000,3000,1000,1500,
408243,up,ok,1000,1500,1000,1500,
408252,up,ok,1360,2040,1000,1500,
408278,orig,ok,1963,2945,1000,1500,
408387,orig,ok,1000,1500,1000,1500,
408464,orig,ok,1200,1600,1000,1500,
408554,orig,ok,1000,1500,1000,1500,
408576,orig,ok,1200,1600,1000,1500,
408699,up,ok,1920,2880,1000,1500,
408755,orig,ok,1500,2250,1000,1500,
409056,orig,ok,2000,3000,1000,1500,
409168,up,ok,1272,1908,1000,1500,
409281,up,ok,1000,1500,1000,1500,
409299,orig,ok,1000,1411,1000,1500,
409361,up,ok,1414,2000,1000,1500,
409537,up,ok,1502,2000,1000,1500,
409560,orig,ok,2000,3000,1000,1500,
410221,orig,ok,1400,2100,1000,1500,
410238,orig,ok,1944,2877,1000,1500,
410270,up,ok,1332,1998,1000,1500,
410465,orig,ok,2000,3000,1000,1500,
410537,orig,ok,2000,3000,1000,1500,
410625,up,ok,1000,1500,1000,1500,
410653,up,ok,1296,1920,1000,1500,
410712,up,ok,1350,2000,1000,1500,
410832,up,ok,1346,2000,1000,1500,
411179,orig,ok,1200,1600,1000,1500,
411208,orig,ok,2000,3000,1000,1500,
411267,orig,ok,2000,3000,1000,1500,
411326,up,ok,1350,2000,1000,1500,
411779,up,ok,1400,2098,1000,1500,
411805,up,ok,1000,1500,1000,1500,
412111,orig,ok,1000,1500,1000,1500,
412406,orig,ok,1454,2048,1000,1500,
412471,orig,ok,1400,2100,1000,1500,
412529,up,ok,1418,2000,1000,1500,
412683,orig,ok,1000,1328,1000,1500,
412762,orig,ok,2000,3000,1000,1500,
412811,orig,ok,1074,1600,1000,1500,
412966,orig,ok,1000,1500,1000,1500,
413070,up,ok,1000,1500,1000,1500,
413100,up,ok,1000,1500,1000,1500,
413312,orig,ok,1000,1500,1000,1500,
413324,orig,ok,1057,1500,1000,1500,
413336,up,ok,1334,2000,1000,1500,
413469,orig,ok,1200,1600,1000,1500,
413758,up,ok,1416,2124,1000,1500,
413799,up,ok,1134,1588,1000,1500,
413839,up,ok,1000,1500,1000,1500,
413985,up,ok,1280,1800,1000,1500,
415044,orig,ok,1800,2700,1000,1500,
415222,up,ok,1920,2880,1000,1500,
415596,orig,ok,1000,1500,1000,1500,
415618,orig,ok,1000,1500,1000,1500,
415632,up,ok,1498,2246,1000,1500,
415633,orig,ok,2000,3000,1000,1500,
415661,up,ok,1000,1500,1000,1500,
415703,up,ok,1000,1500,1000,1500,
415826,orig,ok,2000,3000,1000,1500,
415847,orig,ok,2000,3000,1000,1500,
415852,up,ok,1050,1500,1000,1500,
415888,up,ok,1100,1630,1000,1500,
415890,orig,ok,1000,1500,1000,1500,
415903,up,ok,1100,1706,1000,1500,
416119,orig,ok,1400,2100,1000,1500,
416127,orig,ok,1000,1500,1000,1500,
416157,orig,ok,1920,2880,1000,1500,
416166,up,ok,1000,1500,1000,1500,
416190,orig,ok,1000,1500,1000,1500,
416192,up,ok,1920,2880,1000,1500,
416203,up,ok,1000,1500,1000,1500,
416217,orig,ok,2000,3000,1000,1500,
416226,orig,ok,2000,3000,1000,1500,
416256,orig,ok,1901,2800,1000,1500,
416470,up,ok,1000,1500,1000,1500,
416482,up,ok,1044,1500,1000,1500,
416506,up,ok,1000,1500,1000,1500,
416530,up,ok,1334,2000,1000,1500,
416545,up,ok,1502,2002,1000,1500,
416572,orig,ok,1000,1500,1000,1500,
416690,orig,ok,1400,2100,1000,1500,
416724,orig,ok,1400,2100,1000,1500,
416798,orig,ok,1881,2657,1000,1500,
416873,orig,ok,1064,1597,1000,1500,
416874,up,ok,1000,1500,1000,1500,
416911,orig,ok,1400,2100,1000,1500,
416947,up,ok,1000,1500,1000,1500,
417033,orig,ok,1000,1500,1000,1500,
417065,orig,ok,2000,3000,1000,1500,
417119,orig,ok,2000,3000,1000,1500,
417169,up,ok,1000,1500,1000,1500,
417180,up,ok,1500,2000,1000,1500,
417265,up,ok,1000,1500,1000,1500,
417406,orig,ok,1000,1500,1000,1500,
417451,up,ok,1920,2880,1000,1500,
417501,orig,ok,1067,1600,1000,1500,
417611,up,ok,1300,1950,1000,1500,
417656,orig,ok,1073,1600,1000,1500,
417705,up,ok,1200,1800,1000,1500,
417707,orig,ok,1920,2880,1000,1500,
417800,up,ok,1552,2328,1000,1500,
417869,orig,ok,1000,1500,1000,1500,
418150,up,ok,1920,2880,1000,1500,
418256,orig,ok,1314,1972,1000,1500,
418286,orig,ok,1750,2500,1000,1500,
418327,up,ok,1920,2880,1000,1500,
418389,orig,ok,2000,3000,1000,1500,
418396,orig,ok,1920,2560,1000,1500,
418409,orig,ok,1000,1500,1000,1500,
418528,orig,ok,1200,1698,1000,1500,
418588,orig,ok,1200,1600,1000,1500,
418691,orig,ok,1000,1500,1000,1500,
418804,up,ok,1154,1718,1000,1500,
418805,orig,ok,1000,1500,1000,1500,
418808,orig,ok,2000,3000,1000,1500,
418835,up,ok,1000,1500,1000,1500,
418873,orig,ok,1200,1600,1000,1500,
418882,orig,ok,1565,2224,1000,1500,
418895,up,ok,1338,2000,1000,1500,
418912,orig,ok,1000,1500,1000,1500,
418930,up,ok,1600,2400,1000,1500,
418945,up,ok,1366,2048,1000,1500,
419165,up,ok,1334,2000,1000,1500,
419169,up,ok,1600,2400,1000,1500,
419171,up,ok,1000,1500,1000,1500,
419174,up,ok,1800,2700,1000,1500,
419228,orig,ok,1000,1500,1000,1500,
419311,up,ok,1260,1920,1000,1500,
419319,up,ok,1036,1554,1000,1500,
419326,orig,ok,1000,1500,1000,1500,
419327,up,ok,1332,2000,1000,1500,
419371,orig,ok,1400,2100,1000,1500,
419386,orig,ok,1000,1500,1000,1500,
419407,orig,ok,1000,1500,1000,1500,
419464,orig,ok,1000,1500,1000,1500,
419471,orig,ok,1000,1500,1000,1500,
419548,orig,ok,1400,2100,1000,1500,
419590,up,ok,1332,2000,1000,1500,
419627,orig,ok,1000,1500,1000,1500,
419662,up,ok,1448,2172,1000,1500,
419767,orig,ok,2000,3000,1000,1500,
419825,orig,ok,1066,1600,1000,1500,
419958,up,ok,1066,1600,1000,1500,
419979,orig,ok,1000,1500,1000,1500,
420046,up,ok,1362,2098,1000,1500,
420074,orig,ok,2000,3000,1000,1500,
420101,orig,ok,1068,1600,1000,1500,
420132,up,ok,1124,2000,1000,1500,
420477,up,ok,1316,2000,1000,1500,
420526,orig,ok,1000,1500,1000,1500,
420572,orig,ok,1200,1800,1000,1500,
420637,orig,ok,1000,1500,1000,1500,
421049,orig,ok,1000,1500,1000,1500,
421267,orig,ok,1441,2164,1000,1500,
421335,orig,ok,1000,1500,1000,1500,
421405,up,ok,1536,2304,1000,1500,
421490,orig,ok,1000,1500,1000,1500,
421559,orig,ok,1000,1500,1000,1500,
421601,orig,ok,1000,1500,1000,1500,
421645,orig,ok,1000,1500,1000,1500,
421665,up,ok,1000,1500,1000,1500,
421779,up,ok,1000,1500,1000,1500,
421848,orig,ok,2000,3000,1000,1500,
421987,orig,ok,1000,1333,1000,1500,
422010,up,ok,1000,1500,1000,1500,
422047,up,ok,1332,1998,1000,1500,
422340,up,ok,1000,1500,1000,1500,
422471,up,ok,1416,2000,1000,1500,
422472,orig,ok,1000,1500,1000,1500,
422514,up,ok,1440,2160,1000,1500,
422596,orig,ok,1200,1725,1000,1500,
422618,orig,ok,1476,2197,1000,1500,
422649,up,ok,1412,2000,1000,1500,
422724,orig,ok,1000,1500,1000,1500,
422761,orig,ok,1000,1500,1000,1500,
422933,orig,ok,1396,2094,1000,1500,
422934,up,ok,1530,2132,1000,1500,
423038,up,ok,1920,2880,1000,1500,
423144,orig,ok,1000,1481,1000,1500,
423246,orig,ok,2000,3000,1000,1500,
423268,up,ok,1920,2880,1000,1500,
423269,up,ok,1000,1500,1000,1500,
423415,up,ok,1334,2000,1000,1500,
423536,orig,ok,2000,3000,1000,1500,
423625,orig,ok,1000,1500,1000,1500,
424054,orig,ok,1000,1500,1000,1500,
424060,up,ok,1920,2880,1000,1500,
424078,orig,ok,1488,2231,1000,1500,
424079,up,ok,1100,1650,1000,1500,
424182,up,ok,1920,2880,1000,1500,
424266,up,ok,1114,1514,1000,1500,
424284,up,ok,1812,2718,1000,1500,
424465,up,ok,1770,2656,1000,1500,
424588,orig,ok,1566,2231,1000,1500,
424649,up,ok,1330,1996,1000,1500,
424878,up,ok,1338,1920,1000,1500,
425007,up,ok,1920,2880,1000,1500,
425238,up,ok,1350,2000,1000,1500,
425444,up,ok,1200,1800,1000,1500,
425628,up,ok,1664,2496,1000,1500,
425673,orig,ok,1000,1500,1000,1500,
425718,orig,ok,1200,1710,1000,1500,
425723,orig,ok,1000,1500,1000,1500,
425758,orig,ok,1566,2231,1000,1500,
425935,orig,ok,1400,2100,1000,1500,
425968,orig,ok,1000,1423,1000,1500,
426034,orig,ok,1000,1500,1000,1500,
426067,up,ok,1600,2400,1000,1500,
426075,up,ok,1210,1816,1000,1500,
426193,up,ok,1600,2234,1000,1500,
426200,up,ok,1100,1650,1000,1500,
426217,up,ok,1250,1876,1000,1500,
426373,up,ok,1198,1796,1000,1500,
426487,orig,ok,1200,1600,1000,1500,
426502,orig,ok,1076,1600,1000,1500,
426503,orig,ok,1000,1412,1000,1500,
426516,orig,ok,1000,1500,1000,1500,
426520,up,ok,1200,1832,1000,1500,
426524,up,ok,1052,1554,1000,1500,
426530,orig,ok,2000,3000,1000,1500,
426533,up,ok,1000,1500,1000,1500,
426539,up,ok,1060,1594,1000,1500,
426701,up,ok,1754,2632,1000,1500,
426793,orig,ok,2000,3000,1000,1500,
427060,up,ok,1920,2880,1000,1500,
427086,orig,ok,1000,1500,1000,1500,
427124,orig,ok,1350,2000,1000,1500,
427253,orig,ok,2000,3000,1000,1500,
427472,up,ok,1420,2000,1000,1500,
427533,orig,ok,1200,1600,1000,1500,
427539,up,ok,1360,2000,1000,1500,
427562,orig,ok,1200,1600,1000,1500,
427800,orig,ok,1000,1500,1000,1500,
427915,orig,ok,1062,1596,1000,1500,
427950,orig,ok,1012,1500,1000,1500,
427964,orig,ok,1000,1500,1000,1500,
427966,orig,ok,1000,1500,1000,1500,
428396,up,ok,1200,1800,1000,1500,
428420,orig,ok,2000,3000,1000,1500,
428673,orig,ok,1000,1500,1000,1500,
428696,up,ok,1000,1500,1000,1500,
429001,up,ok,1000,1500,1000,1500,
429051,orig,ok,1000,1500,1000,1500,
429724,orig,ok,1000,1500,1000,1500,
429725,orig,ok,2000,3000,1000,1500,
429730,up,ok,1600,2400,1000,1500,
429734,orig,ok,2000,3000,1000,1500,
429740,orig,ok,2000,3000,1000,1500,
429813,orig,ok,1400,2100,1000,1500,
429855,up,ok,1396,1920,1000,1500,
429991,up,ok,1196,1770,1000,1500,
430217,up,ok,1440,2160,1000,1500,
430250,orig,ok,1000,1500,1000,1500,
430345,orig,ok,1840,2614,1000,1500,
430912,orig,ok,1175,1763,1000,1500,
430964,orig,ok,1141,1712,1000,1500,
430993,orig,ok,2000,3000,1000,1500,
431056,up,ok,1350,2000,1000,1500,
431066,orig,ok,2000,3000,1000,1500,
431392,up,ok,1870,2806,1000,1500,
431505,up,ok,1000,1500,1000,1500,
431849,up,ok,1200,1800,1000,1500,
431948,orig,ok,2000,3000,1000,1500,
432063,orig,ok,2000,3000,1000,1500,
432116,up,ok,1258,1888,1000,1500,
432267,up,ok,1000,1500,1000,1500,
432271,orig,ok,1066,1600,1000,1500,
432277,up,ok,1200,1802,1000,1500,
432281,up,ok,1020,1500,1000,1500,
432364,up,ok,1920,2880,1000,1500,
432434,up,ok,1414,2000,1000,1500,
432487,orig,ok,1440,1920,1000,1500,
432524,orig,ok,1000,1500,1000,1500,
432579,orig,ok,1000,1500,1000,1500,
432606,orig,ok,1800,2700,1000,1500,
432730,up,ok,1994,2794,1000,1500,
432802,orig,ok,1500,2250,1000,1500,
432804,orig,ok,1024,1554,1000,1500,
432844,up,ok,1472,2140,1000,1500,
432856,up,ok,1200,1800,1000,1500,
432890,orig,ok,1530,2295,1000,1500,
432896,up,ok,1356,2000,1000,1500,
433002,up,ok,1920,2880,1000,1500,
433093,orig,ok,1485,2295,1000,1500,
433274,up,ok,1000,1504,1000,1500,
433628,up,ok,1706,2560,1000,1500,
433629,orig,ok,1000,1500,1000,1500,
433651,up,ok,1920,2880,1000,1500,
433698,up,ok,1000,1500,1000,1500,
433823,up,ok,1000,1500,1000,1500,
433854,up,ok,1420,2130,1000,1500,
433989,up,ok,1000,1502,1000,1500,
434279,up,ok,1000,1500,1000,1500,
434280,orig,ok,1000,1500,1000,1500,
434303,orig,ok,1950,2925,1000,1500,
434385,orig,ok,1566,2231,1000,1500,
434392,orig,ok,1400,2100,1000,1500,
434447,orig,ok,1200,1600,1000,1500,
434520,up,ok,1920,2880,1000,1500,
434534,up,ok,1008,1514,1000,1500,
434576,up,ok,1398,2000,1000,1500,
434585,up,ok,1000,1500,1000,1500,
434591,up,ok,1200,1800,1000,1500,
434669,orig,ok,2000,3000,1000,1500,
434703,up,ok,1600,2400,1000,1500,
434772,up,ok,1366,2046,1000,1500,
434836,orig,ok,1480,2048,1000,1500,
434915,orig,ok,1000,1500,1000,1500,
434986,orig,ok,1000,1500,1000,1500,
435097,orig,ok,1912,2869,1000,1500,
435121,up,ok,1000,1500,1000,1500,
435417,up,ok,1412,2000,1000,1500,
435678,orig,ok,1500,2250,1000,1500,
436285,up,ok,1920,2880,1000,1500,
436328,up,ok,1200,1800,1000,1500,
436342,up,ok,1000,1500,1000,1500,
436369,orig,ok,1400,2100,1000,1500,
436373,orig,ok,2000,3000,1000,1500,
436496,up,ok,1600,2400,1000,1500,
436549,orig,ok,2000,3000,1000,1500,
436775,orig,ok,1000,1500,1000,1500,
436945,orig,ok,1221,1876,1000,1500,
436972,orig,ok,1000,1500,1000,1500,
436973,orig,ok,2000,3000,1000,1500,
437600,orig,ok,1000,1500,1000,1500,
437761,up,ok,1000,1518,1000,1500,
438055,up,ok,1000,1500,1000,1500,
438250,orig,ok,1000,1500,1000,1500,
438436,orig,ok,1000,1500,1000,1500,
438734,orig,ok,1400,2100,1000,1500,
438736,orig,ok,2000,3000,1000,1500,
438858,up,ok,1000,1500,1000,1500,
438913,orig,ok,1000,1500,1000,1500,
438953,orig,ok,1008,1440,1000,1500,
438982,orig,ok,1037,1500,1000,1500,
439013,up,ok,1008,1500,1000,1500,
439214,orig,ok,1200,1600,1000,1500,
439562,up,ok,1600,2400,1000,1500,
439772,up,ok,1000,1500,1000,1500,
439788,up,ok,1346,1964,1000,1500,
440020,orig,ok,1500,2250,1000,1500,
440063,orig,ok,1000,1333,1000,1500,
440207,orig,ok,1000,1500,1000,1500,
440294,orig,ok,1000,1500,1000,1500,
440317,up,ok,1920,2880,1000,1500,
440397,up,ok,1332,2000,1000,1500,
440439,orig,ok,1000,1500,1000,1500,
440486,orig,ok,1200,1800,1000,1500,
440522,up,ok,1000,1500,1000,1500,
440594,orig,ok,2000,3000,1000,1500,
440698,up,ok,1792,2688,1000,1500,
440710,orig,ok,1330,1995,1000,1500,
440775,orig,ok,2000,3000,1000,1500,
440905,orig,ok,1634,2482,1000,1500,
441386,orig,ok,2000,3000,1000,1500,
441454,up,ok,1390,1886,1000,1500,
441647,orig,ok,1000,1500,1000,1500,
441659,up,ok,1050,1600,1000,1500,
441665,up,ok,1920,2880,1000,1500,
441716,up,ok,1000,1500,1000,1500,
441741,up,ok,1412,2000,1000,1500,
441750,up,ok,1600,2400,1000,1500,
441926,orig,ok,1000,1500,1000,1500,
442005,up,ok,1416,2000,1000,1500,
442292,up,ok,1024,1520,1000,1500,
442425,orig,ok,2000,2864,1000,1500,
442824,up,ok,1600,2400,1000,1500,
443018,orig,ok,2000,3000,1000,1500,
443046,orig,ok,1000,1500,1000,1500,
443094,orig,ok,1000,1339,1000,1500,
443112,up,ok,1000,1500,1000,1500,
443114,up,ok,1000,1500,1000,1500,
443257,orig,ok,1200,1600,1000,1500,
443272,orig,ok,2000,3000,1000,1500,
443338,up,ok,1920,2880,1000,1500,
443356,orig,ok,1067,1600,1000,1500,
443377,orig,ok,1000,1481,1000,1500,
443413,orig,ok,2000,3000,1000,1500,
443488,orig,ok,1382,2048,1000,1500,
443617,orig,ok,1000,1500,1000,1500,
443644,orig,ok,1000,1500,1000,1500,
443711,orig,ok,1200,1600,1000,1500,
443724,orig,ok,1057,1500,1000,1500,
444109,up,ok,1920,2880,1000,1500,
444135,orig,ok,1200,1600,1000,1500,
444193,orig,ok,1000,1500,1000,1500,
444490,orig,ok,1000,1500,1000,1500,
444609,up,ok,1920,2880,1000,1500,
444663,up,ok,1200,1800,1000,1500,
444679,up,ok,1070,1592,1000,1500,
444689,up,ok,1600,2400,1000,1500,
444707,orig,ok,1200,1800,1000,1500,
444884,up,ok,1134,1702,1000,1500,
444893,orig,ok,1404,2048,1000,1500,
444945,up,ok,1400,2100,1000,1500,
444946,orig,ok,1311,1966,1000,1500,
444949,up,ok,1588,2380,1000,1500,
444950,up,ok,1056,1500,1000,1500,
445135,up,ok,1500,2000,1000,1500,
445218,up,ok,1000,1500,1000,1500,
445245,up,ok,1334,2000,1000,1500,
445494,orig,ok,1436,2154,1000,1500,
445602,orig,ok,1001,1497,1000,1500,
445675,up,ok,1100,1584,1000,1500,
445680,up,ok,1260,2400,1000,1500,
445683,up,ok,1600,2374,1000,1500,
445710,orig,ok,1400,2100,1000,1500,
445732,orig,ok,1000,1500,1000,1500,
445744,orig,ok,1333,2000,1000,1500,
445756,up,ok,1706,2560,1000,1500,
445759,orig,ok,1224,1836,1000,1500,
445773,up,ok,1000,1500,1000,1500,
445868,up,ok,1102,1648,1000,1500,
445869,orig,ok,1449,2048,1000,1500,
445882,orig,ok,1632,2450,1000,1500,
445894,up,ok,1576,2324,1000,1500,
445905,up,ok,1312,1968,1000,1500,
445911,up,ok,1296,1966,1000,1500,
446074,up,ok,1084,1520,1000,1500,
446198,up,ok,1074,1500,1000,1500,
446200,orig,ok,1000,1500,1000,1500,
446207,up,ok,1000,1500,1000,1500,
446360,up,ok,1920,2880,1000,1500,
446428,orig,ok,1000,1500,1000,1500,
446448,up,ok,1000,1500,1000,1500,
446453,orig,ok,1019,1526,1000,1500,
446462,up,ok,1000,1500,1000,1500,
446485,orig,ok,1000,1500,1000,1500,
446489,orig,ok,1056,1627,1000,1500,
446550,orig,ok,1000,1500,1000,1500,
446574,orig,ok,1000,1500,1000,1500,
446585,up,ok,1714,2546,1000,1500,
446862,up,ok,1192,1790,1000,1500,
447288,up,ok,1370,1920,1000,1500,
447315,up,ok,1350,2000,1000,1500,
447383,orig,ok,1707,2560,1000,1500,
447409,up,ok,1388,2090,1000,1500,
447559,up,ok,1274,1928,1000,1500,
447617,orig,ok,1000,1500,1000,1500,
447704,orig,ok,1200,1800,1000,1500,
447737,up,ok,1728,2560,1000,1500,
447955,up,ok,1400,2098,1000,1500,
447956,up,ok,1332,2000,1000,1500,
448089,orig,ok,1200,1600,1000,1500,
448093,orig,ok,1920,2560,1000,1500,
448144,up,ok,1000,1500,1000,1500,
448252,orig,ok,1400,2100,1000,1500,
448263,up,ok,1346,2000,1000,1500,
448432,orig,ok,2000,3000,1000,1500,
448474,up,ok,1000,1500,1000,1500,
448523,orig,ok,1050,1500,1000,1500,
448811,up,ok,1758,2596,1000,1500,
448939,up,ok,1000,1500,1000,1500,
448976,up,ok,1560,2342,1000,1500,
449445,up,ok,1358,2028,1000,1500,
449454,orig,ok,2000,3000,1000,1500,
449457,up,ok,1408,2000,1000,1500,
449461,orig,ok,1280,1920,1000,1500,
449463,orig,ok,2000,3000,1000,1500,
449478,up,ok,1000,1500,1000,1500,
449498,orig,ok,2000,3000,1000,1500,
449519,up,ok,1334,2000,1000,1500,
449550,orig,ok,1000,1500,1000,1500,
449753,up,ok,1396,2000,1000,1500,
449772,up,ok,1012,1500,1000,1500,
449854,up,ok,1532,2278,1000,1500,
449882,up,ok,1276,1852,1000,1500,
449883,orig,ok,1000,1500,1000,1500,
449897,up,ok,1660,2486,1000,1500,
449931,up,ok,1000,1500,1000,1500,
449954,orig,ok,1521,2158,1000,1500,
449961,up,ok,1016,1556,1000,1500,
450070,orig,ok,1000,1500,1000,1500,
450087,up,ok,1258,1886,1000,1500,
450290,up,ok,1440,2160,1000,1500,
450372,up,ok,1000,1500,1000,1500,
450377,up,ok,1396,2000,1000,1500,
450413,up,ok,1200,1752,1000,1500,
450537,orig,ok,2000,3000,1000,1500,
450545,orig,ok,2000,3000,1000,1500,
450598,orig,ok,1521,2158,1000,1500,
450620,orig,ok,1000,1500,1000,1500,
450642,orig,ok,1000,1500,1000,1500,
450654,orig,ok,1000,1500,1000,1500,
450703,up,ok,1156,1728,1000,1500,
450829,up,ok,1000,1500,1000,1500,
450968,up,ok,1208,1800,1000,1500,
451008,orig,ok,1365,2048,1000,1500,
451055,up,ok,1116,1652,1000,1500,
451067,up,ok,1350,2000,1000,1500,
451141,orig,ok,1023,1528,1000,1500,
451173,up,ok,1570,2322,1000,1500,
451262,up,ok,1000,1500,1000,1500,
451263,up,ok,1000,1500,1000,1500,
451267,up,ok,1000,1500,1000,1500,
451293,up,ok,1334,2000,1000,1500,
451344,up,ok,1200,1800,1000,1500,
451368,up,ok,1492,2202,1000,1500,
451452,up,ok,1602,2400,1000,1500,
451494,up,ok,1000,1500,1000,1500,
451581,orig,ok,1000,1500,1000,1500,
451635,up,ok,1970,2790,1000,1500,
451697,orig,ok,1000,1500,1000,1500,
451716,up,ok,1066,1516,1000,1500,
451732,up,ok,1082,1610,1000,1500,
451748,up,ok,1366,2048,1000,1500,
452021,up,ok,1402,2000,1000,1500,
452037,orig,ok,1200,1800,1000,1500,
452046,orig,ok,1061,1642,1000,1500,
452066,up,ok,1000,1500,1000,1500,
452112,up,ok,1462,2048,1000,1500,
452137,up,ok,1254,1838,1000,1500,
452339,orig,ok,1000,1500,1000,1500,
452379,up,ok,1440,2160,1000,1500,
452386,up,ok,1694,2532,1000,1500,
452389,up,ok,1172,1790,1000,1500,
452405,orig,ok,2000,3000,1000,1500,
452532,orig,ok,1000,1500,1000,1500,
452571,orig,ok,2000,3000,1000,1500,
452654,up,ok,1500,2000,1000,1500,
452705,up,ok,1930,2784,1000,1500,
452762,orig,ok,1400,2100,1000,1500,
452890,orig,ok,2000,3000,1000,1500,
452895,orig,ok,2000,3000,1000,1500,
452947,orig,ok,1000,1500,1000,1500,
452997,up,ok,1066,1600,1000,1500,
453203,up,ok,1720,2456,1000,1500,
453289,orig,ok,2000,3000,1000,1500,
453387,up,ok,1000,1500,1000,1500,
453402,up,ok,1332,2000,1000,1500,
453412,up,ok,1000,1500,1000,1500,
453424,orig,ok,1020,1520,1000,1500,
453600,up,ok,1200,1810,1000,1500,
453659,up,ok,1300,1998,1000,1500,
453664,orig,ok,1000,1500,1000,1500,
454009,orig,ok,1000,1500,1000,1500,
454030,orig,ok,1400,2100,1000,1500,
454347,orig,ok,1999,3000,1000,1500,
454417,orig,ok,1000,1413,1000,1500,
454418,orig,ok,1000,1500,1000,1500,
454420,up,ok,1000,1500,1000,1500,
454439,orig,ok,2000,3000,1000,1500,
454546,up,ok,1414,2000,1000,1500,
454865,up,ok,1408,2000,1000,1500,
454963,orig,ok,1000,1500,1000,1500,
454974,up,ok,1182,1778,1000,1500,
455152,up,ok,1400,2100,1000,1500,
455188,orig,ok,1000,1500,1000,1500,
455227,up,ok,1000,1500,1000,1500,
455232,up,ok,1414,2000,1000,1500,
455304,orig,ok,2000,3000,1000,1500,
455350,up,ok,1402,2000,1000,1500,
455499,orig,ok,2000,3000,1000,1500,
455595,orig,ok,1256,1886,1000,1500,
455635,up,ok,1920,2880,1000,1500,
455689,orig,ok,1001,1500,1000,1500,
456101,orig,ok,1000,1500,1000,1500,
456515,up,ok,1412,2000,1000,1500,
456529,orig,ok,2000,3000,1000,1500,
456543,up,ok,1200,1768,1000,1500,
456660,orig,ok,1000,1500,1000,1500,
456740,orig,ok,2000,3000,1000,1500,
456824,orig,ok,1920,2718,1000,1500,
456950,orig,ok,1200,1800,1000,1500,
457010,up,ok,1110,1662,1000,1500,
457049,orig,ok,2000,3000,1000,1500,
457081,orig,ok,1000,1500,1000,1500,
457402,up,ok,1000,1500,1000,1500,
457685,orig,ok,1400,2100,1000,1500,
457775,orig,ok,1000,1500,1000,1500,
458002,orig,ok,1416,2157,1000,1500,
458033,up,ok,1126,1500,1000,1500,
458133,orig,ok,1000,1500,1000,1500,
458141,orig,ok,2000,3000,1000,1500,
458339,orig,ok,1162,1600,1000,1500,
458381,up,ok,1600,2400,1000,1500,
458573,orig,ok,1569,2352,1000,1500,
458575,up,ok,1200,1698,1000,1500,
458624,up,ok,1000,1500,1000,1500,
458673,orig,ok,1706,2560,1000,1500,
458736,up,ok,1000,1500,1000,1500,
458830,up,ok,1000,1500,1000,1500,
458832,orig,ok,2000,3000,1000,1500,
458969,orig,ok,2000,3000,1000,1500,
458985,up,ok,1200,1700,1000,1500,
459068,orig,ok,2000,3000,1000,1500,
459077,up,ok,1200,1800,1000,1500,
459170,orig,ok,1000,1500,1000,1500,
459181,orig,ok,2000,3000,1000,1500,
459210,orig,ok,2000,3000,1000,1500,
459291,up,ok,1228,1920,1000,1500,
459349,orig,ok,1000,1500,1000,1500,
459371,orig,ok,1000,1500,1000,1500,
459410,up,ok,1332,2000,1000,1500,
459471,orig,ok,1000,1500,1000,1500,
459475,orig,ok,2000,3000,1000,1500,
459667,up,ok,1920,2880,1000,1500,
459898,orig,ok,1200,1600,1000,1500,
459982,orig,ok,1000,1500,1000,1500,
459994,orig,ok,1000,1500,1000,1500,
460008,up,ok,1240,1672,1000,1500,
460010,up,ok,1426,2000,1000,1500,
460146,up,ok,1100,1564,1000,1500,
460279,orig,ok,2000,3000,1000,1500,
460552,orig,ok,1136,1500,1000,1500,
460597,orig,ok,1057,1500,1000,1500,
460730,up,ok,1000,1500,1000,1500,
460952,up,ok,1000,1500,1000,1500,
460962,orig,ok,1000,1500,1000,1500,
460965,orig,ok,1200,1600,1000,1500,
461319,up,ok,1316,2000,1000,1500,
461369,orig,ok,1400,2100,1000,1500,
461379,up,ok,1000,1500,1000,1500,
461496,orig,ok,1600,2400,1000,1500,
461514,up,ok,1100,1652,1000,1500,
461562,orig,ok,1000,1500,1000,1500,
461606,up,ok,1000,1500,1000,1500,
461618,up,ok,1402,2000,1000,1500,
461628,up,ok,1398,2000,1000,1500,
461724,orig,ok,1000,1500,1000,1500,
461771,up,ok,1496,2244,1000,1500,
461931,orig,ok,1200,1800,1000,1500,
461963,orig,ok,1707,2560,1000,1500,
462018,orig,ok,2000,3000,1000,1500,
462035,orig,ok,1000,1500,1000,1500,
462115,orig,ok,2000,3000,1000,1500,
462171,up,ok,1350,2000,1000,1500,
462263,orig,ok,1134,1600,1000,1500,
462310,up,ok,1200,1800,1000,1500,
462604,up,ok,1174,1600,1000,1500,
462804,orig,ok,1000,1500,1000,1500,
463015,orig,ok,2000,3000,1000,1500,
463032,orig,ok,2000,3000,1000,1500,
463364,orig,ok,2000,3000,1000,1500,
463496,up,ok,1350,2000,1000,1500,
463646,up,ok,1500,2000,1000,1500,
463675,up,ok,1600,2400,1000,1500,
463767,up,ok,1350,2000,1000,1500,
463780,up,ok,1332,2000,1000,1500,
463821,orig,ok,2000,3000,1000,1500,
463945,up,ok,1186,1740,1000,1500,
464001,orig,ok,1300,1950,1000,1500,
464104,up,ok,1306,1960,1000,1500,
464105,up,ok,1172,1758,1000,1500,
464180,up,ok,1446,2168,1000,1500,
464248,up,ok,1000,1500,1000,1500,
464329,up,ok,1890,2698,1000,1500,
464466,orig,ok,1972,2864,1000,1500,
464496,orig,ok,1200,1729,1000,1500,
464738,orig,ok,2000,3000,1000,1500,
464748,orig,ok,2000,3000,1000,1500,
464750,orig,ok,2000,3000,1000,1500,
464752,up,ok,1418,2000,1000,1500,
464753,orig,ok,2000,3000,1000,1500,
464757,orig,ok,2000,3000,1000,1500,
464764,orig,ok,1067,1600,1000,1500,
464772,up,ok,1350,2000,1000,1500,
464776,up,ok,1000,1502,1000,1500,
464869,up,ok,1000,1500,1000,1500,
464870,orig,ok,1000,1500,1000,1500,
464876,orig,ok,1200,1800,1000,1500,
464879,orig,ok,1000,1500,1000,1500,
464880,orig,ok,2000,3000,1000,1500,
464890,up,ok,1282,1924,1000,1500,
465056,up,ok,1000,1814,1000,1500,
466129,orig,ok,2000,3000,1000,1500,
466169,orig,ok,2000,3000,1000,1500,
466174,orig,ok,1000,1500,1000,1500,
466274,orig,ok,1200,1600,1000,1500,
466316,up,ok,1000,1500,1000,1500,
466344,orig,ok,2000,3000,1000,1500,
466473,up,ok,1350,2000,1000,1500,
466609,orig,ok,1001,1500,1000,1500,
466677,up,ok,1328,1992,1000,1500,
466929,up,ok,1000,1500,1000,1500,
466937,orig,ok,2000,3000,1000,1500,
467026,orig,ok,2000,3000,1000,1500,
467228,up,ok,1294,2000,1000,1500,
467306,orig,ok,1000,1500,1000,1500,
467320,up,ok,1000,1500,1000,1500,
467377,orig,ok,2000,3000,1000,1500,
467405,orig,ok,2000,3000,1000,1500,
467540,orig,ok,1000,1500,1000,1500,
467615,orig,ok,2000,3000,1000,1500,
467834,up,ok,1470,2000,1000,1500,
468173,orig,ok,1536,2159,1000,1500,
468178,orig,ok,1440,2160,1000,1500,
468303,up,ok,1000,1500,1000,1500,
468436,up,ok,1348,2000,1000,1500,
468455,orig,ok,2000,3000,1000,1500,
468496,orig,ok,1292,1938,1000,1500,
468696,orig,ok,1200,1600,1000,1500,
469069,orig,ok,1200,1800,1000,1500,
469095,orig,ok,1200,1778,1000,1500,
469206,up,ok,1428,2148,1000,1500,
469208,orig,ok,1192,1789,1000,1500,
469262,orig,ok,1000,1500,1000,1500,
469319,up,ok,1000,1500,1000,1500,
469359,up,ok,1200,1794,1000,1500,
469520,up,ok,1348,1998,1000,1500,
469603,up,ok,1200,1800,1000,1500,
469702,up,ok,1000,1500,1000,1500,
470390,orig,ok,2000,3000,1000,1500,
470398,orig,ok,1000,1500,1000,1500,
470435,orig,ok,1667,2500,1000,1500,
470528,orig,ok,1000,1500,1000,1500,
470568,up,ok,1500,2000,1000,1500,
470593,up,ok,1500,2000,1000,1500,
470614,orig,ok,2000,3000,1000,1500,
470615,up,ok,1000,1500,1000,1500,
470823,up,ok,1500,2000,1000,1500,
471363,up,ok,1600,2400,1000,1500,
471493,orig,ok,2000,3000,1000,1500,
471530,orig,ok,1920,2880,1000,1500,
471600,up,ok,1500,2000,1000,1500,
471609,orig,ok,1000,1500,1000,1500,
471610,up,ok,1132,1600,1000,1500,
471618,orig,ok,1000,1500,1000,1500,
471920,up,ok,1422,2000,1000,1500,
471950,orig,ok,2000,3000,1000,1500,
472015,up,ok,1504,2000,1000,1500,
472591,orig,ok,1400,2100,1000,1500,
472686,orig,ok,2000,3000,1000,1500,
472717,up,ok,1332,2000,1000,1500,
472750,up,ok,1250,2000,1000,1500,
472814,orig,ok,2000,3000,1000,1500,
472855,up,ok,1332,2000,1000,1500,
472907,up,ok,1352,2000,1000,1500,
472908,up,ok,1350,2000,1000,1500,
472932,orig,ok,1200,1600,1000,1500,
473165,orig,ok,1000,1500,1000,1500,
473238,up,ok,1000,1500,1000,1500,
473465,orig,ok,1000,1500,1000,1500,
473962,up,ok,1000,1500,1000,1500,
474104,up,ok,1728,2560,1000,1500,
474199,orig,ok,1200,1600,1000,1500,
474513,up,ok,1332,2000,1000,1500,
474675,up,ok,1818,2726,1000,1500,
474819,up,ok,1080,1604,1000,1500,
475124,orig,ok,1000,1500,1000,1500,
475369,orig,ok,1500,2250,1000,1500,
475531,orig,ok,1000,1500,1000,1500,
475603,up,ok,1416,2000,1000,1500,
475605,up,ok,1500,2000,1000,1500,
475623,orig,ok,1175,1763,1000,1500,
475949,orig,ok,1000,1500,1000,1500,
475961,orig,ok,2000,3000,1000,1500,
476131,orig,ok,1000,1500,1000,1500,
476341,up,ok,1414,2000,1000,1500,
476348,up,ok,1050,1500,1000,1500,
476363,up,ok,1462,2000,1000,1500,
476366,up,ok,1350,2000,1000,1500,
476424,orig,ok,1280,1807,1000,1500,
476484,up,ok,1402,2000,1000,1500,
476510,up,ok,1500,2164,1000,1500,
476532,orig,ok,2000,3000,1000,1500,
476542,up,ok,1350,2000,1000,1500,
476608,orig,ok,1000,1477,1000,1500,
476637,orig,ok,2000,3000,1000,1500,
476642,up,ok,1000,1500,1000,1500,
476662,up,ok,1330,2000,1000,1500,
476929,orig,ok,1300,1950,1000,1500,
477036,orig,ok,1000,1500,1000,1500,
477113,up,ok,1320,1980,1000,1500,
477329,up,ok,1142,1706,1000,1500,
477342,up,ok,1200,1694,1000,1500,
477408,orig,ok,1000,1500,1000,1500,
477462,orig,ok,2000,3000,1000,1500,
477495,up,ok,1428,2048,1000,1500,
477577,orig,ok,2000,3000,1000,1500,
477623,orig,ok,1000,1500,1000,1500,
477901,orig,ok,1000,1333,1000,1500,
477902,up,ok,1484,2176,1000,1500,
477920,up,ok,1000,1500,1000,1500,
477977,up,ok,1412,2000,1000,1500,
478086,orig,ok,1280,1920,1000,1500,
478258,up,ok,1850,2776,1000,1500,
478528,orig,ok,2000,3000,1000,1500,
478530,orig,ok,1000,1500,1000,1500,
478579,up,ok,1330,2000,1000,1500,
478692,up,ok,1000,1500,1000,1500,
478741,orig,ok,1000,1500,1000,1500,
478818,up,ok,1628,2444,1000,1500,
478968,up,ok,1400,2100,1000,1500,
478974,up,ok,1200,1796,1000,1500,
479003,up,ok,1286,2000,1000,1500,
479188,up,ok,1200,1806,1000,1500,
479260,orig,ok,1999,2820,1000,1500,
479322,up,ok,1200,1804,1000,1500,
479326,orig,ok,1144,1715,1000,1500,
479332,up,ok,1000,1500,1000,1500,
479344,up,ok,1130,1698,1000,1500,
479424,orig,ok,2000,3000,1000,1500,
479459,up,ok,1334,2000,1000,1500,
479494,up,ok,1200,1802,1000,1500,
479574,orig,ok,1000,1500,1000,1500,
479576,up,ok,1400,2100,1000,1500,
479646,up,ok,1000,1500,1000,1500,
479709,orig,ok,2000,3000,1000,1500,
479726,up,ok,1350,2024,1000,1500,
479731,up,ok,1992,2988,1000,1500,
479732,up,ok,1920,2880,1000,1500,
479736,up,ok,1200,1800,1000,1500,
479746,up,ok,1000,1500,1000,1500,
479755,up,ok,1296,1944,1000,1500,
479765,orig,ok,2000,3000,1000,1500,
479770,orig,ok,1000,1500,1000,1500,
479777,up,ok,1328,1994,1000,1500,
479796,up,ok,1294,2000,1000,1500,
479867,up,ok,1138,1708,1000,1500,
479965,up,ok,1754,2630,1000,1500,
480121,up,ok,1692,2400,1000,1500,
480139,up,ok,1222,1628,1000,1500,
480209,up,ok,1082,1626,1000,1500,
480270,up,ok,1414,2000,1000,1500,
480289,up,ok,1200,1800,1000,1500,
480295,up,ok,1200,1800,1000,1500,
480299,up,ok,1556,2072,1000,1500,
480304,up,ok,1200,1800,1000,1500,
480394,orig,ok,1000,1500,1000,1500,
480410,orig,ok,2000,3000,1000,1500,
480603,up,ok,1200,1800,1000,1500,
480634,orig,ok,1000,1500,1000,1500,
480700,orig,ok,2000,3000,1000,1500,
480715,up,ok,1000,1500,1000,1500,
480721,up,ok,1296,1920,1000,1500,
480733,orig,ok,2000,3000,1000,1500,
480750,up,ok,1282,2000,1000,1500,
480803,up,ok,1332,2000,1000,1500,
480937,up,ok,1128,1502,1000,1500,
480948,up,ok,1920,2880,1000,1500,
480970,orig,ok,1355,2033,1000,1500,
481023,up,ok,1200,1800,1000,1500,
481072,orig,ok,2000,3000,1000,1500,
481097,up,ok,1200,1804,1000,1500,
481192,up,ok,1920,2880,1000,1500,
481330,orig,ok,1000,1500,1000,1500,
481352,up,ok,1384,2000,1000,1500,
481360,orig,ok,1066,1600,1000,1500,
481361,up,ok,1328,1872,1000,1500,
481367,orig,ok,1000,1500,1000,1500,
481386,up,ok,1066,1604,1000,1500,
481390,up,ok,1200,1800,1000,1500,
481682,up,ok,1000,1500,1000,1500,
481702,up,ok,1138,1604,1000,1500,
481866,orig,ok,1000,1500,1000,1500,
481952,orig,ok,2000,3000,1000,1500,
481954,orig,ok,1700,2550,1000,1500,
481975,up,ok,1204,1806,1000,1500,
482048,orig,ok,1280,1920,1000,1500,
482130,up,ok,1000,1500,1000,1500,
482201,up,ok,1200,1800,1000,1500,
482249,orig,ok,1200,1800,1000,1500,
482325,up,ok,1600,2400,1000,1500,
482503,up,ok,1738,2608,1000,1500,
482591,up,ok,1200,1800,1000,1500,
482773,up,ok,1274,1920,1000,1500,
482809,up,ok,1200,1800,1000,1500,
483006,up,ok,1296,1920,1000,1500,
483052,up,ok,1294,2000,1000,1500,
483068,orig,ok,1000,1500,1000,1500,
483075,up,ok,1436,1910,1000,1500,
483087,up,ok,1000,1500,1000,1500,
483095,orig,ok,2000,3000,1000,1500,
483098,orig,ok,1400,2100,1000,1500,
483126,up,ok,1000,1500,1000,1500,
483219,up,ok,1400,1978,1000,1500,
483246,up,ok,1260,2400,1000,1500,
483252,up,ok,1332,1998,1000,1500,
483340,up,ok,1000,1500,1000,1500,
483400,up,ok,1284,1906,1000,1500,
483421,orig,ok,1057,1500,1000,1500,
483422,up,ok,1412,2000,1000,1500,
483545,orig,ok,1000,1500,1000,1500,
483571,orig,ok,1000,1500,1000,1500,
483586,up,ok,1886,2816,1000,1500,
483790,up,ok,1500,2000,1000,1500,
483934,orig,ok,1000,1500,1000,1500,
483952,orig,ok,2000,3000,1000,1500,
483965,up,ok,1242,1866,1000,1500,
483969,up,ok,1200,1800,1000,1500,
483987,up,ok,1920,2880,1000,1500,
484040,up,ok,1000,1500,1000,1500,
484061,orig,ok,1365,2048,1000,1500,
484299,up,ok,1414,2000,1000,1500,
484354,up,ok,1000,1500,1000,1500,
484415,up,ok,1332,2000,1000,1500,
484479,up,ok,1412,2000,1000,1500,
484484,orig,ok,1000,1500,1000,1500,
484586,up,ok,1480,2220,1000,1500,
484626,orig,ok,1080,1600,1000,1500,
484701,up,ok,1320,2000,1000,1500,
484779,up,ok,1484,2200,1000,1500,
484853,up,ok,1412,2000,1000,1500,
484907,orig,ok,2000,3000,1000,1500,
484953,orig,ok,1000,1500,1000,1500,
484980,up,ok,1416,1920,1000,1500,
485217,orig,ok,2000,3000,1000,1500,
485245,up,ok,1100,1628,1000,1500,
485391,orig,ok,1400,2100,1000,1500,
485394,up,ok,1920,2880,1000,1500,
485524,orig,ok,1000,1500,1000,1500,
485622,orig,ok,1000,1500,1000,1500,
485623,up,ok,1396,2000,1000,1500,
485624,orig,ok,1200,1600,1000,1500,
485751,orig,ok,2000,3000,1000,1500,
485784,up,ok,1264,1920,1000,1500,
485792,up,ok,1154,1568,1000,1500,
485806,orig,ok,1000,1500,1000,1500,
485809,up,ok,1500,2000,1000,1500,
485906,orig,ok,1000,1500,1000,1500,
486385,up,ok,1000,1500,1000,1500,
486453,orig,ok,1000,1500,1000,1500,
486511,up,ok,1242,1920,1000,1500,
486684,orig,ok,1200,1600,1000,1500,
486725,orig,ok,1200,1800,1000,1500,
486772,up,ok,1350,2000,1000,1500,
486892,up,ok,1500,2000,1000,1500,
486949,orig,ok,1200,1600,1000,1500,
487187,up,ok,1200,1800,1000,1500,
487320,orig,ok,1200,1600,1000,1500,
487428,orig,ok,2000,3000,1000,1500,
487442,up,ok,1488,2000,1000,1500,
487719,orig,ok,1000,1500,1000,1500,
487848,up,ok,1000,1502,1000,1500,
487910,up,ok,1000,1500,1000,1500,
487955,orig,ok,1000,1500,1000,1500,
488008,orig,ok,1448,2048,1000,1500,
488111,up,ok,1400,2100,1000,1500,
488115,up,ok,1400,2100,1000,1500,
488242,up,ok,1316,2000,1000,1500,
488247,up,ok,1600,2400,1000,1500,
488342,orig,ok,1200,1600,1000,1500,
488464,orig,ok,1200,1600,1000,1500,
488468,up,ok,1000,1500,1000,1500,
488613,up,ok,1332,2000,1000,1500,
488722,orig,ok,1000,1500,1000,1500,
488748,up,ok,1050,1508,1000,1500,
488754,up,ok,1400,2100,1000,1500,
488813,up,ok,1120,1680,1000,1500,
488888,up,ok,1200,1800,1000,1500,
489108,orig,ok,1200,1600,1000,1500,
489122,up,ok,1400,2100,1000,1500,
489123,up,ok,1400,2100,1000,1500,
489126,orig,ok,2000,3000,1000,1500,
489186,orig,ok,1000,1500,1000,1500,
489239,up,ok,1200,1800,1000,1500,
489272,orig,ok,1067,1600,1000,1500,
489280,orig,ok,2000,3000,1000,1500,
489420,orig,ok,1000,1500,1000,1500,
489454,up,ok,1500,1996,1000,1500,
489456,up,ok,1000,1500,1000,1500,
489463,up,ok,1350,2000,1000,1500,
489610,up,ok,1600,2400,1000,1500,
489712,up,ok,1364,2000,1000,1500,
490271,up,ok,1054,1600,1000,1500,
490353,up,ok,1070,1500,1000,1500,
490819,up,ok,1200,1776,1000,1500,
490863,up,ok,1418,2000,1000,1500,
491043,up,ok,1350,2000,1000,1500,
491132,orig,ok,1200,1800,1000,1500,
491459,orig,ok,1400,2100,1000,1500,
491488,orig,ok,1200,1600,1000,1500,
491901,orig,ok,1000,1500,1000,1500,
492332,up,ok,1306,1920,1000,1500,
492384,orig,ok,1200,1600,1000,1500,
492414,orig,ok,2000,3000,1000,1500,
492440,orig,ok,2000,3000,1000,1500,
492523,up,ok,1126,1500,1000,1500,
492535,up,ok,1920,2880,1000,1500,
492633,orig,ok,1001,1500,1000,1500,
492713,orig,ok,1600,2400,1000,1500,
493442,up,ok,1400,2000,1000,1500,
493446,up,ok,1000,1500,1000,1500,
493448,up,ok,1366,2048,1000,1500,
493462,up,ok,1412,2000,1000,1500,
493494,up,ok,1412,2000,1000,1500,
493537,up,ok,1000,1500,1000,1500,
493595,up,ok,1026,1500,1000,1500,
493678,up,ok,1332,2000,1000,1500,
493731,up,ok,1008,1688,1000,1500,
494058,up,ok,1188,1784,1000,1500,
494352,orig,ok,1200,1600,1000,1500,
494442,orig,ok,1600,2400,1000,1500,
494445,orig,ok,1000,1500,1000,1500,
494678,up,ok,1072,1500,1000,1500,
494706,orig,ok,1000,1500,1000,1500,
494991,up,ok,1000,1500,1000,1500,
495015,up,ok,1000,1500,1000,1500,
495031,up,ok,1466,2000,1000,1500,
495303,up,ok,1334,2000,1000,1500,
495466,up,ok,1402,2000,1000,1500,
495496,up,ok,1382,2048,1000,1500,
495717,up,ok,1302,1920,1000,1500,
495868,up,ok,1288,1920,1000,1500,
495870,orig,ok,1522,2173,1000,1500,
496274,up,ok,1000,1500,1000,1500,
496364,up,ok,1000,1500,1000,1500,
496434,up,ok,1412,2000,1000,1500,
496464,orig,ok,2000,3000,1000,1500,
496466,orig,ok,1000,1500,1000,1500,
496569,orig,ok,1400,2100,1000,1500,
496594,up,ok,1708,2560,1000,1500,
496985,orig,ok,2000,3000,1000,1500,
497006,orig,ok,1000,1500,1000,1500,
497269,orig,ok,1000,1500,1000,1500,
497327,orig,ok,1000,1500,1000,1500,
497830,orig,ok,1000,1500,1000,1500,
498069,up,ok,1080,1600,1000,1500,
498084,up,ok,1944,2880,1000,1500,
498110,up,ok,1420,2000,1000,1500,
498220,orig,ok,1333,2000,1000,1500,
498253,up,ok,1036,1600,1000,1500,
498264,up,ok,1000,1500,1000,1500,
498475,up,ok,1000,1500,1000,1500,
498507,up,ok,1294,2000,1000,1500,
498575,up,ok,1094,1620,1000,1500,
498596,orig,ok,1200,1600,1000,1500,
498656,up,ok,1920,2880,1000,1500,
498661,up,ok,1126,2000,1000,1500,
498716,up,ok,1336,2000,1000,1500,
498744,up,ok,1000,1500,1000,1500,
498748,up,ok,1382,2000,1000,1500,
498752,up,ok,1000,1500,1000,1500,
498754,up,ok,1412,2000,1000,1500,
498797,up,ok,1500,2000,1000,1500,
498886,up,ok,1332,2000,1000,1500,
498904,up,ok,1000,1500,1000,1500,
498937,orig,ok,1000,1500,1000,1500,
499141,orig,ok,1000,1500,1000,1500,
499190,up,ok,1000,1500,1000,1500,
499278,up,ok,1000,1500,1000,1500,
499438,up,ok,1332,2000,1000,1500,
499482,up,ok,1332,2000,1000,1500,
499676,orig,ok,2000,3000,1000,1500,
499714,up,ok,1294,2000,1000,1500,
499812,up,ok,1470,2216,1000,1500,
499822,orig,ok,2000,3000,1000,1500,
499915,orig,ok,1152,2048,1000,1500,
499921,orig,ok,2000,3000,1000,1500,
499951,up,ok,1280,1920,1000,1500,
499953,up,ok,1440,2062,1000,1500,
500203,up,ok,1348,1998,1000,1500,
500269,up,ok,1316,2000,1000,1500,
500319,up,ok,1004,1500,1000,1500,
500348,orig,ok,1364,2048,1000,1500,
500381,orig,ok,1296,1944,1000,1500,
500535,orig,ok,1000,1500,1000,1500,
500759,up,ok,1332,2000,1000,1500,
500985,up,ok,1200,1772,1000,1500,
501294,up,ok,1000,1500,1000,1500,
501309,up,ok,1000,1500,1000,1500,
501389,up,ok,1100,1578,1000,1500,
501495,orig,ok,1000,1500,1000,1500,
501762,orig,ok,2000,3000,1000,1500,
501851,up,ok,1920,2880,1000,1500,
501911,orig,ok,2000,3000,1000,1500,
501977,orig,ok,2000,3000,1000,1500,
502312,up,ok,1000,1500,1000,1500,
502429,orig,ok,1043,1565,1000,1500,
502469,orig,ok,1400,2100,1000,1500,
502574,orig,ok,2000,3000,1000,1500,
502805,orig,ok,1600,2400,1000,1500,
503025,up,ok,1350,2000,1000,1500,
503430,orig,ok,1066,1600,1000,1500,
503436,up,ok,1042,1544,1000,1500,
503646,orig,ok,2000,3000,1000,1500,
503658,up,ok,1000,1500,1000,1500,
503659,up,ok,1000,1500,1000,1500,
503661,up,ok,1000,1500,1000,1500,
503731,up,ok,1000,1500,1000,1500,
503751,orig,ok,1000,1500,1000,1500,
503768,up,ok,1000,1500,1000,1500,
504076,up,ok,1000,1500,1000,1500,
504129,up,ok,1440,2160,1000,1500,
504145,orig,ok,2000,3000,1000,1500,
504151,up,ok,1000,1500,1000,1500,
504169,orig,ok,2000,3000,1000,1500,
504180,up,ok,1598,2400,1000,1500,
504197,up,ok,1000,1500,1000,1500,
504251,orig,ok,2000,3000,1000,1500,
504255,up,ok,1920,2880,1000,1500,
504693,orig,ok,2000,3000,1000,1500,
504839,up,ok,1440,2268,1000,1500,
505054,up,ok,1390,2086,1000,1500,
505060,up,ok,1826,2704,1000,1500,
505220,up,ok,1420,2000,1000,1500,
505237,orig,ok,1000,1500,1000,1500,
505239,orig,ok,1000,1500,1000,1500,
505496,orig,ok,1400,2100,1000,1500,
505498,up,ok,1000,1500,1000,1500,
505557,orig,ok,1200,1600,1000,1500,
505596,up,ok,1000,1500,1000,1500,
505635,orig,ok,1893,2880,1000,1500,
505770,up,ok,1186,1600,1000,1500,
505775,up,ok,1014,1500,1000,1500,
505816,up,ok,1332,2000,1000,1500,
505826,up,ok,1438,2000,1000,1500,
505860,orig,ok,2000,3000,1000,1500,
505922,orig,ok,1000,1500,1000,1500,
506048,orig,ok,1200,1600,1000,1500,
506049,orig,ok,1066,1600,1000,1500,
506068,orig,ok,1000,1500,1000,1500,
506251,orig,ok,1365,2048,1000,1500,
506353,orig,ok,1066,1600,1000,1500,
506400,up,ok,1500,2000,1000,1500,
506404,up,ok,1500,2000,1000,1500,
506413,up,ok,1600,2400,1000,1500,
506485,orig,ok,2000,3000,1000,1500,
506758,orig,ok,1920,2880,1000,1500,
506893,up,ok,1260,2400,1000,1500,
506986,orig,ok,1000,1500,1000,1500,
507096,up,ok,1068,1500,1000,1500,
507097,orig,ok,1000,1500,1000,1500,
507109,orig,ok,1200,1800,1000,1500,
507201,orig,ok,1000,1500,1000,1500,
507211,up,ok,1500,2000,1000,1500,
507331,up,ok,1268,1800,1000,1500,
507336,up,ok,1120,1650,1000,1500,
507434,orig,ok,2000,3000,1000,1500,
507498,up,ok,1440,2160,1000,1500,
507624,up,ok,1000,1500,1000,1500,
507892,orig,ok,1000,1500,1000,1500,
507938,orig,ok,1000,1500,1000,1500,
507966,up,ok,1412,2000,1000,1500,
507981,orig,ok,1060,1590,1000,1500,
508150,up,ok,1000,1500,1000,1500,
508248,up,ok,1000,1500,1000,1500,
508258,up,ok,1862,2756,1000,1500,
508330,orig,ok,2000,3000,1000,1500,
508338,up,ok,1000,1500,1000,1500,
508384,up,ok,1000,1500,1000,1500,
508433,orig,ok,1000,1500,1000,1500,
508592,up,ok,1412,2000,1000,1500,
508773,up,ok,1332,2000,1000,1500,
508827,orig,ok,2000,3000,1000,1500,
508839,orig,ok,1000,1500,1000,1500,
508866,up,ok,1158,1600,1000,1500,
509009,up,ok,1920,2880,1000,1500,
509166,up,ok,1000,1500,1000,1500,
509315,up,ok,1386,2000,1000,1500,
509412,up,ok,1536,2304,1000,1500,
509447,orig,ok,1000,1500,1000,1500,
509471,up,ok,1296,1920,1000,1500,
509564,up,ok,1000,1500,1000,1500,
509594,up,ok,1428,2000,1000,1500,
509624,up,ok,1350,2000,1000,1500,
509760,up,ok,1000,1500,1000,1500,
509899,up,ok,1280,1920,1000,1500,
509901,orig,ok,1066,1600,1000,1500,
510346,up,ok,1332,2000,1000,1500,
510441,up,ok,1402,2000,1000,1500,
510457,orig,ok,2000,3000,1000,1500,
510510,orig,ok,2000,2999,1000,1500,
510654,up,ok,1236,1920,1000,1500,
510657,orig,ok,2000,3000,1000,1500,
510689,orig,ok,1000,1500,1000,1500,
510733,up,ok,1000,1500,1000,1500,
510937,orig,ok,2000,3000,1000,1500,
510969,orig,ok,1200,1600,1000,1500,
511051,up,ok,1412,2000,1000,1500,
511153,orig,ok,1000,1500,1000,1500,
511243,orig,ok,1131,1600,1000,1500,
511274,up,ok,1000,1500,1000,1500,
511474,up,ok,1966,2736,1000,1500,
511491,orig,ok,1000,1500,1000,1500,
511782,up,ok,1200,1800,1000,1500,
511827,orig,ok,1280,1920,1000,1500,
512064,orig,ok,1200,1800,1000,1500,
512198,orig,ok,2000,3000,1000,1500,
512356,orig,ok,2000,3000,1000,1500,
512474,orig,ok,2000,3000,1000,1500,
512579,up,ok,1000,1500,1000,1500,
512650,orig,ok,2000,3000,1000,1500,
512701,orig,ok,1000,1500,1000,1500,
512926,orig,ok,2000,3000,1000,1500,
512936,orig,ok,1450,2176,1000,1500,
513208,orig,ok,2000,3000,1000,1500,
513224,orig,ok,1000,1500,1000,1500,
513236,orig,ok,1000,1500,1000,1500,
513260,orig,ok,1365,2048,1000,1500,
513297,up,ok,1000,1500,1000,1500,
513304,up,ok,1000,1500,1000,1500,
513372,orig,ok,2000,3000,1000,1500,
513421,orig,ok,1200,1800,1000,1500,
513508,up,ok,1490,2000,1000,1500,
513510,orig,ok,1000,1500,1000,1500,
513741,orig,ok,1000,1500,1000,1500,
513844,orig,ok,1333,2000,1000,1500,
513857,orig,ok,1400,2100,1000,1500,
513947,up,ok,1172,1758,1000,1500,
513983,orig,ok,1000,1500,1000,1500,
514287,orig,ok,1536,2260,1000,1500,
514438,up,ok,1350,2000,1000,1500,
514507,orig,ok,2000,3000,1000,1500,
514743,orig,ok,2000,3000,1000,1500,
514791,up,ok,1200,1800,1000,1500,
515162,up,ok,1600,2400,1000,1500,
515320,up,ok,1318,2000,1000,1500,
515381,orig,ok,1000,1500,1000,1500,
515389,up,ok,1060,1616,1000,1500,
515466,orig,ok,2000,3000,1000,1500,
515537,up,ok,1012,1500,1000,1500,
515612,orig,ok,1175,1763,1000,1500,
515781,orig,ok,1000,1500,1000,1500,
515926,up,ok,1350,2000,1000,1500,
515995,up,ok,1354,2030,1000,1500,
515997,orig,ok,1000,1420,1000,1500,
516023,orig,ok,1200,1600,1000,1500,
516027,up,ok,1332,2000,1000,1500,
516028,up,ok,1402,2000,1000,1500,
516042,orig,ok,1000,1500,1000,1500,
516082,orig,ok,1000,1500,1000,1500,
516604,orig,ok,1000,1500,1000,1500,
516695,up,ok,1000,1500,1000,1500,
516774,up,ok,1000,1500,1000,1500,
516778,up,ok,1000,1500,1000,1500,
516784,orig,ok,2000,3000,1000,1500,
516805,orig,ok,1200,1800,1000,1500,
516833,orig,ok,1983,2975,1000,1500,
516834,orig,ok,2000,3000,1000,1500,
517015,orig,ok,2000,3000,1000,1500,
517046,up,ok,1348,2000,1000,1500,
517072,up,ok,1124,1998,1000,1500,
517098,up,ok,1316,2000,1000,1500,
517166,up,ok,1200,1800,1000,1500,
517276,orig,ok,1114,1671,1000,1500,
517459,orig,ok,1333,2000,1000,1500,
517473,up,ok,1452,2178,1000,1500,
517769,orig,ok,1000,1500,1000,1500,
517811,up,ok,1280,1920,1000,1500,
517831,up,ok,1920,2880,1000,1500,
517929,up,ok,1600,2400,1000,1500,
517939,up,ok,1450,2048,1000,1500,
517984,up,ok,1476,2102,1000,1500,
518228,up,ok,1398,2000,1000,1500,
518240,orig,ok,1000,1500,1000,1500,
518778,up,ok,1436,1996,1000,1500,
518800,orig,ok,2000,3000,1000,1500,
518853,up,ok,1000,1500,1000,1500,
518993,up,ok,1000,1500,1000,1500,
519027,orig,ok,1365,2048,1000,1500,
519054,up,ok,1022,1536,1000,1500,
519337,orig,ok,1520,2280,1000,1500,
519418,up,ok,1332,2000,1000,1500,
519582,orig,ok,1200,1600,1000,1500,
519583,orig,ok,1200,1600,1000,1500,
519647,up,ok,1000,1500,1000,1500,
519958,orig,ok,1000,1500,1000,1500,
519988,up,ok,1776,2664,1000,1500,
520026,up,ok,1296,1920,1000,1500,
520151,orig,ok,2000,3000,1000,1500,
520235,up,ok,1476,2236,1000,1500,
520696,orig,ok,1200,1600,1000,1500,
520779,orig,ok,2000,3000,1000,1500,
520963,orig,ok,2000,3000,1000,1500,
520980,orig,ok,1650,2550,1000,1500,
521113,orig,ok,1200,1800,1000,1500,
521357,orig,ok,1000,1500,1000,1500,
521358,orig,ok,1000,1500,1000,1500,
521360,orig,ok,2000,3000,1000,1500,
521458,up,ok,1000,1500,1000,1500,
521479,orig,ok,1000,1500,1000,1500,
521482,orig,ok,2000,3000,1000,1500,
521499,up,ok,1000,1500,1000,1500,
521509,up,ok,1920,2880,1000,1500,
521514,orig,ok,1000,1500,1000,1500,
521531,up,ok,1710,2566,1000,1500,
521588,up,ok,1000,1500,1000,1500,
521850,up,ok,1222,1920,1000,1500,
521876,orig,ok,1000,1500,1000,1500,
522282,orig,ok,1333,2000,1000,1500,
522285,up,ok,1058,1500,1000,1500,
522297,up,ok,1000,1500,1000,1500,
522547,orig,ok,1002,1503,1000,1500,
522655,up,ok,1348,2000,1000,1500,
522703,up,ok,1404,2000,1000,1500,
522945,orig,ok,1334,2000,1000,1500,
523093,up,ok,1000,1500,1000,1500,
523307,orig,ok,2000,3000,1000,1500,
523353,up,ok,1348,2000,1000,1500,
523371,orig,ok,2000,3000,1000,1500,
523415,up,ok,1000,1502,1000,1500,
523519,orig,ok,2000,3000,1000,1500,
523827,up,ok,1000,1500,1000,1500,
523830,up,ok,1000,1500,1000,1500,
523852,orig,ok,1000,1413,1000,1500,
523938,up,ok,1500,2000,1000,1500,
524213,up,ok,1676,2560,1000,1500,
524286,up,ok,1500,2000,1000,1500,
524296,orig,ok,2000,3000,1000,1500,
524433,up,ok,1000,1500,1000,1500,
524582,orig,ok,2000,3000,1000,1500,
524785,up,ok,1728,2304,1000,1500,
524787,orig,ok,2000,3000,1000,1500,
524788,orig,ok,1920,2880,1000,1500,
524882,up,ok,1294,2000,1000,1500,
525200,orig,ok,1000,1500,1000,1500,
525301,up,ok,1058,1500,1000,1500,
525639,orig,ok,1500,2248,1000,1500,
525641,orig,ok,1688,2400,1000,1500,
525910,orig,ok,1920,2880,1000,1500,
525912,orig,ok,1200,1600,1000,1500,
525932,orig,ok,1000,1500,1000,1500,
525989,orig,ok,2000,3000,1000,1500,
526027,orig,ok,1000,1500,1000,1500,
526052,up,ok,1400,2100,1000,1500,
526196,orig,ok,2000,3000,1000,1500,
526225,orig,ok,1000,1500,1000,1500,
526295,orig,ok,1000,1500,1000,1500,
526411,up,ok,1050,1500,1000,1500,
526463,orig,ok,1728,2592,1000,1500,
526507,up,ok,1000,1500,1000,1500,
526510,orig,ok,1400,2100,1000,1500,
526749,up,ok,1200,1800,1000,1500,
526780,orig,ok,1000,1500,1000,1500,
526917,up,ok,1000,1500,1000,1500,
527014,up,ok,1360,2040,1000,1500,
527364,up,ok,1000,1500,1000,1500,
527612,up,ok,1200,1600,1000,1500,
527642,up,ok,1920,2880,1000,1500,
528077,orig,ok,1095,1500,1000,1500,
528665,up,ok,1334,2000,1000,1500,
528732,up,ok,1420,2000,1000,1500,
529144,up,ok,1000,1500,1000,1500,
529149,orig,ok,2000,3000,1000,1500,
529193,up,ok,1280,1920,1000,1500,
529280,orig,ok,1200,1600,1000,1500,
529294,up,ok,1000,1500,1000,1500,
529641,up,ok,1000,1500,1000,1500,
529649,orig,ok,2000,3000,1000,1500,
529683,orig,ok,1000,1500,1000,1500,
530156,orig,ok,2000,3000,1000,1500,
530157,orig,ok,2000,3000,1000,1500,
530918,orig,ok,1042,1882,1000,1500,
531084,orig,ok,1000,1500,1000,1500,
531101,orig,ok,2000,3000,1000,1500,
531208,up,ok,1404,1994,1000,1500,
531393,up,ok,1000,1500,1000,1500,
531678,orig,ok,1438,2048,1000,1500,
532090,up,ok,1776,2664,1000,1500,
532153,up,ok,1468,2202,1000,1500,
532366,orig,ok,1000,1500,1000,1500,
532636,up,ok,1920,2880,1000,1500,
532638,orig,ok,2000,3000,1000,1500,
532640,up,ok,1920,2880,1000,1500,
532645,orig,ok,2000,3000,1000,1500,
532647,orig,ok,1400,2100,1000,1500,
532650,orig,ok,2000,3000,1000,1500,
532653,orig,ok,1920,2880,1000,1500,
532656,up,ok,1000,1500,1000,1500,
532657,up,ok,1200,1800,1000,1500,
532668,up,ok,1332,2000,1000,1500,
532742,up,ok,1350,2000,1000,1500,
532870,up,ok,1800,2700,1000,1500,
532875,up,ok,1334,2000,1000,1500,
532889,orig,ok,1000,1500,1000,1500,
532891,orig,ok,1078,1600,1000,1500,
532973,orig,ok,1000,1500,1000,1500,
532996,orig,ok,1000,1500,1000,1500,
533007,orig,ok,1000,1500,1000,1500,
533008,orig,ok,1000,1500,1000,1500,
533035,orig,ok,1000,1500,1000,1500,
533094,up,ok,1680,2520,1000,1500,
533137,up,ok,1334,2000,1000,1500,
533139,up,ok,1000,1500,1000,1500,
533182,up,ok,1000,1500,1000,1500,
533210,up,ok,1334,2000,1000,1500,
533212,up,ok,1332,1998,1000,1500,
533938,orig,ok,2000,3000,1000,1500,
534169,up,ok,1560,2340,1000,1500,
534205,orig,ok,2000,3000,1000,1500,
534223,up,ok,1248,1920,1000,1500,
534235,orig,ok,2000,3000,1000,1500,
534271,orig,ok,2000,3000,1000,1500,
534321,orig,ok,2000,3000,1000,1500,
534424,up,ok,1500,2000,1000,1500,
534425,up,ok,1260,2400,1000,1500,
535096,up,ok,1600,2398,1000,1500,
535106,up,ok,1200,1800,1000,1500,
535145,orig,ok,2000,3000,1000,1500,
535280,up,ok,1332,1998,1000,1500,
535412,up,ok,1304,2000,1000,1500,
535476,up,ok,1000,1500,1000,1500,
535610,orig,ok,2000,3000,1000,1500,
535926,up,ok,1000,1500,1000,1500,
535962,orig,ok,1400,2100,1000,1500,
536141,up,ok,1000,1500,1000,1500,
536404,up,ok,1012,1538,1000,1500,
536434,orig,ok,1000,1500,1000,1500,
536517,orig,ok,2000,3000,1000,1500,
536548,up,ok,1000,1500,1000,1500,
536554,orig,ok,2000,3000,1000,1500,
537101,orig,ok,2000,3000,1000,1500,
537445,orig,ok,2000,3000,1000,1500,
537466,orig,ok,1707,2560,1000,1500,
537476,orig,ok,1482,2222,1000,1500,
537523,orig,ok,1000,1500,1000,1500,
537542,up,ok,1332,2000,1000,1500,
537736,orig,ok,1000,1500,1000,1500,
537943,orig,ok,1400,2100,1000,1500,
538382,up,ok,1274,1920,1000,1500,
538698,up,ok,1640,2460,1000,1500,
538811,up,ok,1332,2000,1000,1500,
539145,up,ok,1304,2000,1000,1500,
539185,up,ok,1516,2022,1000,1500,
539528,up,ok,1000,1500,1000,1500,
539651,orig,ok,2000,3000,1000,1500,
539893,orig,ok,2000,3000,1000,1500,
539923,orig,ok,1000,1500,1000,1500,
540306,orig,ok,1000,1500,1000,1500,
540375,orig,ok,2000,3000,1000,1500,
541042,orig,ok,1000,1500,1000,1500,
541062,up,ok,1390,2000,1000,1500,
541071,orig,ok,1000,1500,1000,1500,
541100,orig,ok,1000,1500,1000,1500,
541526,up,ok,1000,1500,1000,1500,
542191,up,ok,1004,1500,1000,1500,
542445,up,ok,1342,1920,1000,1500,
542476,up,ok,1402,2000,1000,1500,
542574,up,ok,1500,2000,1000,1500,
542675,up,ok,1000,1500,1000,1500,
542781,orig,ok,1462,2192,1000,1500,
543126,orig,ok,2000,3000,1000,1500,
543203,up,ok,1120,1590,1000,1500,
543412,orig,ok,2000,3000,1000,1500,
543467,up,ok,1066,1598,1000,1500,
543468,up,ok,1408,2000,1000,1500,
543533,orig,ok,2000,3000,1000,1500,
543581,up,ok,1426,2000,1000,1500,
543582,up,ok,1500,2000,1000,1500,
543768,orig,ok,2000,3000,1000,1500,
543868,up,ok,1400,2000,1000,1500,
543901,up,ok,1000,1500,1000,1500,
543904,up,ok,1500,2000,1000,1500,
543906,up,ok,1500,2000,1000,1500,
543915,orig,ok,2000,3000,1000,1500,
543998,up,ok,1000,1500,1000,1500,
544023,up,ok,1000,1500,1000,1500,
544030,orig,ok,1000,1500,1000,1500,
544075,orig,ok,1707,2560,1000,1500,
544656,up,ok,1920,2880,1000,1500,
544780,orig,ok,1000,1500,1000,1500,
544781,up,ok,1600,2282,1000,1500,
544976,up,ok,1406,2000,1000,1500,
544986,orig,ok,2000,3000,1000,1500,
545302,orig,ok,1000,1500,1000,1500,
545308,orig,ok,2000,3000,1000,1500,
545499,up,ok,1370,1920,1000,1500,
545612,orig,ok,1000,1500,1000,1500,
545815,orig,ok,2000,3000,1000,1500,
545899,up,ok,1982,2972,1000,1500,
546150,orig,ok,1685,2899,1000,1500,
546217,up,ok,1080,1624,1000,1500,
546278,orig,ok,2000,3000,1000,1500,
546328,orig,ok,1000,1500,1000,1500,
546342,up,ok,1360,2000,1000,1500,
546473,up,ok,1500,2000,1000,1500,
546476,orig,ok,2000,3000,1000,1500,
546600,orig,ok,1000,1500,1000,1500,
546823,orig,ok,2000,3000,1000,1500,
546907,orig,ok,2000,3000,1000,1500,
547055,up,ok,1320,1980,1000,1500,
547118,up,ok,1920,2880,1000,1500,
547331,up,ok,1332,2000,1000,1500,
547392,up,ok,1200,1704,1000,1500,
547479,orig,ok,1000,1500,1000,1500,
547482,up,ok,1454,2000,1000,1500,
547611,orig,ok,1080,1920,1000,1500,
547620,up,ok,1000,1500,1000,1500,
547681,orig,ok,1400,2100,1000,1500,
547780,orig,ok,1366,2048,1000,1500,
548079,orig,ok,1999,2998,1000,1500,
548162,up,ok,1920,2880,1000,1500,
548163,orig,ok,1000,1500,1000,1500,
548257,orig,ok,1400,2100,1000,1500,
548307,up,ok,1000,1500,1000,1500,
548511,orig,ok,2000,3000,1000,1500,
548533,up,ok,1350,2000,1000,1500,
548560,up,ok,1200,1848,1000,1500,
548859,orig,ok,2000,3000,1000,1500,
548943,orig,ok,2000,3000,1000,1500,
549078,up,ok,1920,2880,1000,1500,
549214,orig,ok,2000,3000,1000,1500,
549278,up,ok,1352,2000,1000,1500,
549369,up,ok,1092,1638,1000,1500,
549639,up,ok,1500,2000,1000,1500,
549669,up,ok,1000,1500,1000,1500,
549671,orig,ok,2000,3000,1000,1500,
549722,up,ok,1600,2400,1000,1500,
549724,orig,ok,2000,3000,1000,1500,
549773,orig,ok,1700,2550,1000,1500,
549859,orig,ok,1000,1500,1000,1500,
549877,orig,ok,1000,1500,1000,1500,
549893,orig,ok,2000,3000,1000,1500,
549923,orig,ok,1000,1500,1000,1500,
549935,orig,ok,2000,3000,1000,1500,
550015,orig,ok,1066,1600,1000,1500,
550108,up,ok,1654,2480,1000,1500,
550172,orig,ok,2000,3000,1000,1500,
550179,orig,ok,1175,1763,1000,1500,
550273,orig,ok,2000,3000,1000,1500,
550286,orig,ok,1000,1500,1000,1500,
550412,orig,ok,2000,3000,1000,1500,
550476,orig,ok,1075,1500,1000,1500,
550674,orig,ok,2000,3000,1000,1500,
550678,orig,ok,1280,1920,1000,1500,
550757,orig,ok,1000,1500,1000,1500,
550845,up,ok,1412,2000,1000,1500,
551096,up,ok,1332,2000,1000,1500,
551220,up,ok,1296,2000,1000,1500,
551412,orig,ok,1175,1763,1000,1500,
551435,up,ok,1358,2000,1000,1500,
551556,up,ok,1064,1588,1000,1500,
551608,orig,ok,1000,1500,1000,1500,
551694,up,ok,1456,2184,1000,1500,
551726,orig,ok,1836,2700,1000,1500,
551735,orig,ok,1958,2936,1000,1500,
551758,orig,ok,1175,1763,1000,1500,
551957,orig,ok,1053,1500,1000,1500,
551982,orig,ok,1867,2800,1000,1500,
551994,orig,ok,2000,3000,1000,1500,
552009,orig,ok,1000,1500,1000,1500,
552102,orig,ok,1200,1600,1000,1500,
552170,up,ok,1500,2668,1000,1500,
552294,orig,ok,2000,3000,1000,1500,
552322,orig,ok,1333,2000,1000,1500,
552457,orig,ok,2000,3000,1000,1500,
552470,orig,ok,1075,1446,1000,1500,
552474,up,ok,1350,2000,1000,1500,
552476,up,ok,1500,2000,1000,1500,
552477,orig,ok,1000,1500,1000,1500,
552481,up,ok,1332,2000,1000,1500,
552482,up,ok,1316,2000,1000,1500,
552485,up,ok,1000,1500,1000,1500,
552550,up,ok,1278,1826,1000,1500,
552569,orig,ok,2000,3000,1000,1500,
552707,orig,ok,1104,1656,1000,1500,
552840,up,ok,1128,1500,1000,1500,
552925,up,ok,1000,1526,1000,1500,
552938,orig,ok,2000,3000,1000,1500,
552950,orig,ok,1000,1500,1000,1500,
553076,up,ok,1316,1870,1000,1500,
553077,up,ok,1500,2000,1000,1500,
553078,up,ok,1448,2000,1000,1500,
553079,up,ok,1500,2000,1000,1500,
553080,up,ok,1334,2000,1000,1500,
553357,orig,ok,2000,3000,1000,1500,
553619,orig,ok,2000,3000,1000,1500,
553686,orig,ok,1300,1950,1000,1500,
553705,up,ok,1078,1616,1000,1500,
553820,orig,ok,1000,1500,1000,1500,
554060,up,ok,1126,1500,1000,1500,
554112,orig,ok,1000,1500,1000,1500,
554220,up,ok,1000,1500,1000,1500,
554312,orig,ok,1000,1500,1000,1500,
554399,orig,ok,1495,2328,1000,1500,
554427,orig,ok,1000,1500,1000,1500,
554571,orig,ok,1200,1800,1000,1500,
554612,orig,ok,2000,3000,1000,1500,
554636,orig,ok,1000,1500,1000,1500,
554671,up,ok,1390,2000,1000,1500,
554694,orig,ok,1053,1500,1000,1500,
554766,up,ok,1600,2400,1000,1500,
554917,orig,ok,2000,3000,1000,1500,
555175,orig,ok,1000,1500,1000,1500,
555211,up,ok,1000,1500,1000,1500,
555252,orig,ok,1708,2562,1000,1500,
555295,up,ok,1576,2364,1000,1500,
555559,orig,ok,2000,3000,1000,1500,
555752,orig,ok,2000,3000,1000,1500,
555845,orig,ok,1400,2100,1000,1500,
555878,up,ok,1052,1600,1000,1500,
556203,up,ok,1024,1500,1000,1500,
556268,up,ok,1000,1500,1000,1500,
556452,orig,ok,1400,2100,1000,1500,
556461,orig,ok,1365,2048,1000,1500,
556515,orig,ok,1024,1441,1000,1500,
556889,up,ok,1294,2000,1000,1500,
556972,up,ok,1280,1920,1000,1500,
557450,up,ok,1296,1968,1000,1500,
557498,orig,ok,1566,2231,1000,1500,
557526,orig,ok,1000,1500,1000,1500,
557854,up,ok,1000,1500,1000,1500,
557883,up,ok,1000,1500,1000,1500,
557920,orig,ok,1451,2048,1000,1500,
558305,orig,ok,1333,2000,1000,1500,
558448,up,ok,1200,1800,1000,1500,
558450,up,ok,1350,2000,1000,1500,
558482,orig,ok,1044,1500,1000,1500,
558504,up,ok,1200,1634,1000,1500,
558774,up,ok,1800,2530,1000,1500,
558889,up,ok,1396,1920,1000,1500,
558909,up,ok,1414,2000,1000,1500,
559740,up,ok,1440,2160,1000,1500,
559844,up,ok,1100,1630,1000,1500,
559928,up,ok,1092,1600,1000,1500,
559994,orig,ok,1000,1500,1000,1500,
560014,orig,ok,2000,3000,1000,1500,
560038,up,ok,1412,2000,1000,1500,
560252,orig,ok,1000,1500,1000,1500,
560283,orig,ok,2000,3000,1000,1500,
560717,up,ok,1356,2000,1000,1500,
560782,up,ok,1200,1800,1000,1500,
560903,up,ok,1000,1500,1000,1500,
560981,orig,ok,2000,3000,1000,1500,
561030,up,ok,1332,2000,1000,1500,
561291,orig,ok,1000,1500,1000,1500,
561504,orig,ok,2000,3000,1000,1500,
561516,up,ok,1000,1500,1000,1500,
561543,orig,ok,1000,1500,1000,1500,
561546,orig,ok,2000,3000,1000,1500,
561635,orig,ok,2000,3000,1000,1500,
561829,up,ok,1396,1920,1000,1500,
561859,orig,ok,1400,2100,1000,1500,
561895,orig,ok,2000,3000,1000,1500,
562231,orig,ok,2000,3000,1000,1500,
562588,orig,ok,1984,2975,1000,1500,
562597,orig,ok,1200,1600,1000,1500,
562598,orig,ok,1538,2048,1000,1500,
562618,up,ok,1904,2856,1000,1500,
562771,up,ok,1332,2000,1000,1500,
562786,up,ok,1920,2880,1000,1500,
562867,orig,ok,1255,1883,1000,1500,
563025,orig,ok,2000,3000,1000,1500,
563289,orig,ok,1066,1600,1000,1500,
563549,orig,ok,1000,1500,1000,1500,
563575,up,ok,1668,2516,1000,1500,
563588,orig,ok,1102,1653,1000,1500,
563626,up,ok,1294,2000,1000,1500,
563655,up,ok,1350,2000,1000,1500,
564009,up,ok,1416,2000,1000,1500,
564056,orig,ok,1975,2962,1000,1500,
564176,orig,ok,2000,3000,1000,1500,
564281,up,ok,1278,1920,1000,1500,
564446,orig,ok,1000,1500,1000,1500,
564518,up,ok,1000,1500,1000,1500,
564568,orig,ok,1054,1584,1000,1500,
564837,orig,ok,1150,1726,1000,1500,
565053,up,ok,1038,1520,1000,1500,
565244,up,ok,1372,1916,1000,1500,
565398,up,ok,1000,1500,1000,1500,
565481,up,ok,1040,1516,1000,1500,
565500,up,ok,1054,1500,1000,1500,
565594,up,ok,1402,2112,1000,1500,
565620,up,ok,1600,2400,1000,1500,
565964,orig,ok,2000,3000,1000,1500,
565972,orig,ok,1500,2250,1000,1500,
565979,up,ok,1400,2102,1000,1500,
566011,orig,ok,1148,1722,1000,1500,
566092,up,ok,1340,2000,1000,1500,
566239,up,ok,1536,2048,1000,1500,
566512,orig,ok,2000,3000,1000,1500,
566556,orig,ok,2000,3000,1000,1500,
566561,up,ok,1414,1998,1000,1500,
566643,orig,ok,1632,2448,1000,1500,
566707,up,ok,1500,2000,1000,1500,
566848,up,ok,1332,2000,1000,1500,
566849,orig,ok,1000,1500,1000,1500,
566879,up,ok,1600,2400,1000,1500,
566926,orig,ok,2000,3000,1000,1500,
567212,up,ok,1000,1500,1000,1500,
567232,up,ok,1664,2496,1000,1500,
567248,up,ok,1000,1500,1000,1500,
567331,orig,ok,2000,2959,1000,1500,
567409,orig,ok,1200,1800,1000,1500,
567429,up,ok,1400,2100,1000,1500,
567450,up,ok,1200,1804,1000,1500,
567451,up,ok,1200,1800,1000,1500,
567584,up,ok,1506,2260,1000,1500,
567607,up,ok,1504,2000,1000,1500,
567708,up,ok,1998,2996,1000,1500,
567853,up,ok,1500,2000,1000,1500,
567898,orig,ok,1200,1600,1000,1500,
567920,up,ok,1600,2400,1000,1500,
567984,up,ok,1500,2000,1000,1500,
568016,orig,ok,2000,3000,1000,1500,
568099,up,ok,1318,1978,1000,1500,
568120,up,ok,1370,1920,1000,1500,
568123,orig,ok,1400,2100,1000,1500,
568135,up,ok,1000,1500,1000,1500,
568140,up,ok,1200,1800,1000,1500,
568281,up,ok,1400,2100,1000,1500,
568287,up,ok,1974,2980,1000,1500,
568453,orig,ok,2000,3000,1000,1500,
568524,up,ok,1800,2570,1000,1500,
568573,up,ok,1000,1500,1000,1500,
568574,up,ok,1000,1500,1000,1500,
568575,up,ok,1400,2100,1000,1500,
568578,up,ok,1400,2100,1000,1500,
568598,up,ok,1000,1500,1000,1500,
568766,up,ok,1500,2000,1000,1500,
568879,orig,ok,2000,2828,1000,1500,
569085,up,ok,1358,1920,1000,1500,
569329,up,ok,1000,1500,1000,1500,
569367,orig,ok,2000,3000,1000,1500,
569723,orig,ok,1000,1500,1000,1500,
569869,orig,ok,1700,2550,1000,1500,
569886,up,ok,1412,2000,1000,1500,
569889,up,ok,1014,1500,1000,1500,
570220,orig,ok,1440,2160,1000,1500,
570305,up,ok,1500,2000,1000,1500,
570453,up,ok,1200,2000,1000,1500,
570536,up,ok,1082,1500,1000,1500,
570620,orig,ok,1254,1882,1000,1500,
571782,up,ok,1350,2000,1000,1500,
571788,orig,ok,1920,2560,1000,1500,
571858,up,ok,1498,2000,1000,1500,
571907,up,ok,1418,2000,1000,1500,
571911,up,ok,1440,2000,1000,1500,
571939,up,ok,1382,2000,1000,1500,
572000,orig,ok,2000,3000,1000,1500,
572076,orig,ok,1000,1500,1000,1500,
572293,orig,ok,1000,1500,1000,1500,
572426,up,ok,1600,2400,1000,1500,
572428,up,ok,1500,2000,1000,1500,
572430,up,ok,1624,2256,1000,1500,
572438,up,ok,1334,2000,1000,1500,
572443,up,ok,1600,2400,1000,1500,
572485,orig,ok,1348,2048,1000,1500,
572724,orig,ok,1348,2048,1000,1500,
572727,up,ok,1316,2000,1000,1500,
572949,up,ok,1102,1528,1000,1500,
573004,up,ok,1080,1502,1000,1500,
573307,up,ok,1500,2000,1000,1500,
573521,orig,ok,1500,2100,1000,1500,
573560,orig,ok,1000,1500,1000,1500,
573680,up,ok,1974,2962,1000,1500,
573687,up,ok,1200,1640,1000,1500,
573875,orig,ok,1294,1831,1000,1500,
574047,orig,ok,1000,1500,1000,1500,
574109,orig,ok,1706,2560,1000,1500,
574124,up,ok,1348,2000,1000,1500,
574137,up,ok,1000,1500,1000,1500,
574189,orig,ok,1066,1600,1000,1500,
574190,orig,ok,1066,1600,1000,1500,
574283,up,ok,1920,2880,1000,1500,
574492,orig,ok,1000,1500,1000,1500,
574656,orig,ok,1820,2940,1000,1500,
574742,up,ok,1000,1502,1000,1500,
574759,orig,ok,2000,3000,1000,1500,
574798,up,ok,1002,1500,1000,1500,
574834,orig,ok,2000,3000,1000,1500,
574839,up,ok,1500,2000,1000,1500,
574856,orig,ok,2000,3000,1000,1500,
574883,orig,ok,1200,1800,1000,1500,
575141,up,ok,1428,2000,1000,1500,
575187,orig,ok,1170,1755,1000,1500,
575314,orig,ok,2000,3000,1000,1500,
575437,orig,ok,1104,1694,1000,1500,
575924,orig,ok,2000,3000,1000,1500,
575980,up,ok,1052,1600,1000,1500,
576134,up,ok,1364,1998,1000,1500,
576223,orig,ok,2000,3000,1000,1500,
576358,up,ok,1420,2000,1000,1500,
576381,up,ok,1320,1920,1000,1500,
576411,up,ok,1000,1500,1000,1500,
576938,orig,ok,2000,3000,1000,1500,
577489,orig,ok,1500,2250,1000,1500,
577549,orig,ok,1400,2100,1000,1500,
577658,orig,ok,1116,1674,1000,1500,
577905,up,ok,1100,1604,1000,1500,
578310,orig,ok,1000,1500,1000,1500,
578320,orig,ok,1200,1600,1000,1500,
578378,up,ok,1424,2000,1000,1500,
578400,up,ok,1000,1500,1000,1500,
578546,orig,ok,1175,1763,1000,1500,
578631,up,ok,1000,1500,1000,1500,
578656,orig,ok,1013,1463,1000,1500,
578686,up,ok,1120,1582,1000,1500,
578744,orig,ok,1175,1763,1000,1500,
578835,up,ok,1322,1920,1000,1500,
578847,up,ok,1800,2570,1000,1500,
578982,orig,ok,1516,2250,1000,1500,
579089,orig,ok,2000,3000,1000,1500,
579296,up,ok,1332,2000,1000,1500,
579386,orig,ok,2000,3000,1000,1500,
579426,up,ok,1100,1628,1000,1500,
579535,orig,ok,2000,3000,1000,1500,
579662,orig,ok,1078,1600,1000,1500,
579957,up,ok,1500,2000,1000,1500,
579958,orig,ok,1000,1500,1000,1500,
579959,up,ok,1292,2000,1000,1500,
580088,up,ok,1412,2000,1000,1500,
580138,up,ok,1000,1500,1000,1500,
580165,orig,ok,1000,1500,1000,1500,
580283,up,ok,1000,1500,1000,1500,
580334,up,ok,1000,1500,1000,1500,
580340,up,ok,1348,2000,1000,1500,
580370,up,ok,1294,1778,1000,1500,
580377,orig,ok,1200,1600,1000,1500,
580414,up,ok,1000,1500,1000,1500,
580441,up,ok,1000,1500,1000,1500,
580550,up,ok,1000,1500,1000,1500,
580690,orig,ok,1508,2045,1000,1500,
581107,up,ok,1000,1500,1000,1500,
581252,up,ok,1332,2000,1000,1500,
581664,up,ok,1316,2000,1000,1500,
581681,orig,ok,1000,1500,1000,1500,
581993,up,ok,1388,2000,1000,1500,
582049,orig,ok,1800,2700,1000,1500,
582070,orig,ok,1400,2100,1000,1500,
582194,orig,ok,2000,3000,1000,1500,
582249,up,ok,1000,1500,1000,1500,
582292,orig,ok,2000,3000,1000,1500,
582300,up,ok,1332,2000,1000,1500,
582302,orig,ok,2000,3000,1000,1500,
582621,up,ok,1332,2000,1000,1500,
582652,up,ok,1350,2000,1000,1500,
582875,up,ok,1000,1500,1000,1500,
582888,up,ok,1260,1908,1000,1500,
582898,orig,ok,1000,1500,1000,1500,
583046,orig,ok,1000,1500,1000,1500,
583166,up,ok,1000,1502,1000,1500,
583337,orig,ok,2000,3000,1000,1500,
583505,up,ok,1282,1900,1000,1500,
583512,orig,ok,1000,1500,1000,1500,
583525,orig,ok,1000,1500,1000,1500,
583584,orig,ok,2000,3000,1000,1500,
583642,up,ok,1500,2000,1000,1500,
583711,up,ok,1334,2000,1000,1500,
584060,up,ok,1322,2000,1000,1500,
584106,orig,ok,1000,1481,1000,1500,
584147,orig,ok,1067,1599,1000,1500,
585081,up,ok,1000,1500,1000,1500,
585149,up,ok,1000,1500,1000,1500,
585197,up,ok,1420,2000,1000,1500,
585312,orig,ok,1114,1600,1000,1500,
585537,up,ok,1284,1920,1000,1500,
585604,up,ok,1350,2000,1000,1500,
585649,up,ok,1000,1500,1000,1500,
586097,orig,ok,1060,1590,1000,1500,
586166,up,ok,1920,2880,1000,1500,
586327,up,ok,1332,2000,1000,1500,
586483,up,ok,1000,1500,1000,1500,
586577,up,ok,1920,2880,1000,1500,
586595,orig,ok,1013,1500,1000,1500,
586779,up,ok,1000,1500,1000,1500,
586781,up,ok,1000,1500,1000,1500,
587040,up,ok,1400,2000,1000,1500,
587176,orig,ok,1131,1600,1000,1500,
587506,orig,ok,1000,1500,1000,1500,
587786,orig,ok,2000,3000,1000,1500,
587927,orig,ok,1280,1920,1000,1500,
588068,up,ok,1066,1604,1000,1500,
588236,up,ok,1332,2000,1000,1500,
588440,up,ok,1332,2000,1000,1500,
588446,orig,ok,1000,1500,1000,1500,
588696,up,ok,1100,1560,1000,1500,
588781,orig,ok,1220,1831,1000,1500,
588783,up,ok,1500,2000,1000,1500,
589102,up,ok,1360,2034,1000,1500,
589173,orig,ok,1450,2175,1000,1500,
589178,up,ok,1462,2000,1000,1500,
589451,orig,ok,1019,1528,1000,1500,
589565,up,ok,1000,1500,1000,1500,
589594,orig,ok,1600,2400,1000,1500,
589607,orig,ok,1000,1500,1000,1500,
589614,orig,ok,1000,1500,1000,1500,
589770,orig,ok,1791,2686,1000,1500,
589775,up,ok,1000,1500,1000,1500,
589876,orig,ok,2000,3000,1000,1500,
589877,up,ok,1920,2880,1000,1500,
590009,orig,ok,1400,2100,1000,1500,
590050,orig,ok,2000,3000,1000,1500,
590084,orig,ok,1000,1500,1000,1500,
590164,orig,ok,1333,2000,1000,1500,
590278,up,ok,1714,2556,1000,1500,
590473,orig,ok,1000,1500,1000,1500,
590476,up,ok,1000,1500,1000,1500,
590483,orig,ok,1000,1333,1000,1500,
590575,up,ok,1500,2250,1000,1500,
590663,up,ok,1100,1582,1000,1500,
590756,orig,ok,2000,3000,1000,1500,
590802,up,ok,1744,2616,1000,1500,
591126,up,ok,1350,2000,1000,1500,
591180,orig,ok,1000,1500,1000,1500,
591459,orig,ok,2000,3000,1000,1500,
591529,orig,ok,2000,3000,1000,1500,
591832,up,ok,1200,1800,1000,1500,
592029,up,ok,1008,1528,1000,1500,
592495,up,ok,1920,2880,1000,1500,
592660,up,ok,1532,2300,1000,1500,
592786,orig,ok,2000,3000,1000,1500,
593104,orig,ok,2000,3000,1000,1500,
593316,orig,ok,1530,2157,1000,1500,
593317,orig,ok,1000,1500,1000,1500,
593510,up,ok,1920,2880,1000,1500,
593655,orig,ok,2000,3000,1000,1500,
593676,up,ok,1000,1500,1000,1500,
593689,up,ok,1140,1536,1000,1500,
593941,up,ok,1920,2880,1000,1500,
594090,up,ok,1332,2000,1000,1500,
594228,orig,ok,1000,1500,1000,1500,
594314,orig,ok,2000,3000,1000,1500,
594482,orig,ok,2000,3000,1000,1500,
594542,up,ok,1334,2000,1000,1500,
594545,up,ok,1000,1500,1000,1500,
594568,up,ok,1368,2050,1000,1500,
594689,up,ok,1200,1800,1000,1500,
594770,up,ok,1000,1500,1000,1500,
595601,orig,ok,1333,2000,1000,1500,
595631,up,ok,1334,2000,1000,1500,
595966,up,ok,1200,1714,1000,1500,
596039,up,ok,1416,2000,1000,1500,
596061,up,ok,1000,1500,1000,1500,
596112,orig,ok,1707,2560,1000,1500,
596314,up,ok,1342,2000,1000,1500,
596318,up,ok,1412,2000,1000,1500,
596321,orig,ok,1000,1500,1000,1500,
596325,up,ok,1000,1500,1000,1500,
596332,up,ok,1364,2048,1000,1500,
596364,orig,ok,1060,1590,1000,1500,
596405,up,ok,1364,2046,1000,1500,
596484,orig,ok,2000,3000,1000,1500,
596697,orig,ok,1000,1500,1000,1500,
596702,orig,ok,1000,1500,1000,1500,
596704,up,ok,1600,2134,1000,1500,
596767,up,ok,1820,2730,1000,1500,
596795,up,ok,1000,1500,1000,1500,
597175,up,ok,1920,2880,1000,1500,
597446,orig,ok,1000,1500,1000,1500,
597453,up,ok,1040,1560,1000,1500,
597455,up,ok,1300,1950,1000,1500,
597468,up,ok,1272,1908,1000,1500,
597684,up,ok,1000,1500,1000,1500,
597687,up,ok,1886,2830,1000,1500,
597692,up,ok,1000,1500,1000,1500,
597722,up,ok,1000,1500,1000,1500,
597785,orig,ok,1200,1778,1000,1500,
597889,up,ok,1920,2880,1000,1500,
597900,orig,ok,1000,1500,1000,1500,
597920,up,ok,1000,1500,1000,1500,
598192,orig,ok,1000,1500,1000,1500,
598635,up,ok,1332,2000,1000,1500,
598983,up,ok,1000,1500,1000,1500,
599484,orig,ok,2000,3000,1000,1500,
599744,orig,ok,1000,1500,1000,1500,
599776,up,ok,1920,2880,1000,1500,
599781,up,ok,1600,2430,1000,1500,
600339,up,ok,1310,2000,1000,1500,
600718,up,ok,1124,1500,1000,1500,
600734,up,ok,1194,1728,1000,1500,
600751,orig,ok,2000,3000,1000,1500,
600892,orig,ok,1175,1763,1000,1500,
600938,orig,ok,1000,1500,1000,1500,
600939,orig,ok,1006,1500,1000,1500,
600963,orig,ok,2000,3000,1000,1500,
601099,orig,ok,1067,1600,1000,1500,
601108,up,ok,1316,2000,1000,1500,
601446,orig,ok,1106,1660,1000,1500,
601510,orig,ok,2000,3000,1000,1500,
601656,up,ok,1334,1890,1000,1500,
602009,orig,ok,1280,1920,1000,1500,
602567,up,ok,1904,2536,1000,1500,
602708,up,ok,1500,2000,1000,1500,
602777,up,ok,1080,1516,1000,1500,
602784,orig,ok,1920,2880,1000,1500,
603012,up,ok,1908,2700,1000,1500,
603013,up,ok,1312,1750,1000,1500,
603050,orig,ok,2000,3000,1000,1500,
603138,up,ok,1000,1500,1000,1500,
603312,orig,ok,1708,3000,1000,1500,
603457,up,ok,1280,1920,1000,1500,
603476,orig,ok,2000,3000,1000,1500,
603480,orig,ok,2000,3000,1000,1500,
603524,up,ok,1294,2000,1000,1500,
603565,orig,ok,1304,2015,1000,1500,
603577,up,ok,1200,1694,1000,1500,
603681,up,ok,1000,1500,1000,1500,
603705,up,ok,1414,2000,1000,1500,
603904,orig,ok,2000,3000,1000,1500,
603945,orig,ok,1280,1920,1000,1500,
604012,up,ok,1428,2000,1000,1500,
604076,orig,ok,1280,1920,1000,1500,
604149,orig,ok,1088,1632,1000,1500,
604228,orig,ok,1200,1800,1000,1500,
604514,up,ok,1500,2000,1000,1500,
604518,up,ok,1000,1500,1000,1500,
604889,orig,ok,1400,2100,1000,1500,
605124,up,ok,1126,1500,1000,1500,
605139,up,ok,1126,1500,1000,1500,
605314,up,ok,1000,1500,1000,1500,
605479,up,ok,1124,1612,1000,1500,
605488,orig,ok,2000,3000,1000,1500,
605540,orig,ok,1000,1500,1000,1500,
605553,up,ok,1202,1672,1000,1500,
605554,up,ok,1000,1500,1000,1500,
605572,up,ok,1000,1500,1000,1500,
605587,orig,ok,1057,1500,1000,1500,
605786,up,ok,1350,2000,1000,1500,
605802,orig,ok,1810,2715,1000,1500,
605851,up,ok,1230,2000,1000,1500,
605911,up,ok,1732,2976,1000,1500,
606155,orig,ok,2000,3000,1000,1500,
606443,orig,ok,2000,3000,1000,1500,
606446,up,ok,1280,1920,1000,1500,
606728,orig,ok,2000,3000,1000,1500,
606960,up,ok,1920,2880,1000,1500,
606966,up,ok,1334,2000,1000,1500,
607072,orig,ok,2000,3000,1000,1500,
607175,orig,ok,1000,1500,1000,1500,
607244,up,ok,1280,1920,1000,1500,
607776,orig,ok,2000,3000,1000,1500,
607967,orig,ok,1200,1600,1000,1500,
607994,up,ok,1000,1500,1000,1500,
608108,orig,ok,2000,3000,1000,1500,
608168,up,ok,1000,1500,1000,1500,
608260,orig,ok,1000,1500,1000,1500,
608444,orig,ok,1986,2829,1000,1500,
608502,orig,ok,2000,3000,1000,1500,
608509,orig,ok,1055,1536,1000,1500,
608512,orig,ok,1920,2880,1000,1500,
608537,up,ok,1200,1640,1000,1500,
608797,up,ok,1026,1500,1000,1500,
609064,orig,ok,1600,2400,1000,1500,
609075,up,ok,1400,2000,1000,1500,
609080,up,ok,1000,1500,1000,1500,
609183,up,ok,1000,1500,1000,1500,
609238,up,ok,1000,1500,1000,1500,
609368,up,ok,1000,1500,1000,1500,
609616,orig,ok,1064,1500,1000,1500,
609627,up,ok,1418,2000,1000,1500,
609768,orig,ok,2000,3000,1000,1500,
609919,orig,ok,2000,3000,1000,1500,
610010,up,ok,1000,1500,1000,1500,
610014,up,ok,1000,1500,1000,1500,
610201,orig,ok,2000,3000,1000,1500,
610261,orig,ok,1000,1500,1000,1500,
610359,orig,ok,1000,1500,1000,1500,
610387,orig,ok,1382,2048,1000,1500,
610394,orig,ok,1066,1600,1000,1500,
610442,orig,ok,1080,1600,1000,1500,
610704,orig,ok,2000,3000,1000,1500,
610743,orig,ok,2000,3000,1000,1500,
611141,up,ok,1422,2000,1000,1500,
611349,orig,ok,1000,1412,1000,1500,
611489,orig,ok,2000,3000,1000,1500,
611534,up,ok,1332,2000,1000,1500,
611596,orig,ok,1000,1500,1000,1500,
611640,orig,ok,1000,1500,1000,1500,
611645,orig,ok,1530,2161,1000,1500,
611651,orig,ok,1500,2250,1000,1500,
611805,orig,ok,2000,3000,1000,1500,
612152,orig,ok,1400,2100,1000,1500,
612196,up,ok,1500,2000,1000,1500,
612294,orig,ok,2000,3000,1000,1500,
612295,orig,ok,1000,1500,1000,1500,
612394,up,ok,1000,1500,1000,1500,
612515,orig,ok,2000,3000,1000,1500,
612587,orig,ok,1000,1500,1000,1500,
612592,orig,ok,2000,3000,1000,1500,
612861,orig,ok,1260,1890,1000,1500,
613271,orig,ok,1920,2880,1000,1500,
613607,orig,ok,2000,3000,1000,1500,
613712,orig,ok,1200,1600,1000,1500,
613835,orig,ok,2000,3000,1000,1500,
614015,orig,ok,2000,3000,1000,1500,
614167,orig,ok,2000,3000,1000,1500,
614186,orig,ok,1200,1600,1000,1500,
614196,orig,ok,1175,1763,1000,1500,
614199,orig,ok,2000,3000,1000,1500,
614202,orig,ok,2000,3000,1000,1500,
614204,orig,ok,1000,1500,1000,1500,
614206,orig,ok,2000,3000,1000,1500,
614208,orig,ok,2000,3000,1000,1500,
614209,orig,ok,1600,2400,1000,1500,
614372,orig,ok,1000,1500,1000,1500,
614630,orig,ok,1066,1600,1000,1500,
614722,orig,ok,2000,3000,1000,1500,
615017,orig,ok,2000,3000,1000,1500,
615790,orig,ok,2000,3000,1000,1500,
616318,up,ok,1400,2000,1000,1500,
616329,orig,ok,1325,2048,1000,1500,
616404,up,ok,1934,2866,1000,1500,
616587,up,ok,1308,1744,1000,1500,
616659,up,ok,1352,2000,1000,1500,
616820,orig,ok,2000,3000,1000,1500,
616862,up,ok,1000,1500,1000,1500,
617124,orig,ok,1242,1863,1000,1500,
617208,orig,ok,1200,1600,1000,1500,
617373,orig,ok,2000,3000,1000,1500,
617523,up,ok,1332,2000,1000,1500,
617638,orig,ok,1000,1500,1000,1500,
617772,orig,ok,2000,3000,1000,1500,
618331,orig,ok,2000,3000,1000,1500,
618375,up,ok,1332,1998,1000,1500,
618585,orig,ok,2000,3000,1000,1500,
618620,up,ok,1000,1500,1000,1500,
618869,orig,ok,1800,2700,1000,1500,
619116,orig,ok,2000,3000,1000,1500,
619189,orig,ok,2000,3000,1000,1500,
619262,orig,ok,2000,3000,1000,1500,
619265,orig,ok,1008,1792,1000,1500,
619430,orig,ok,1200,1600,1000,1500,
619447,orig,ok,2000,3000,1000,1500,
619503,up,ok,1000,1500,1000,1500,
619704,orig,ok,1000,1500,1000,1500,
619730,orig,ok,2000,3000,1000,1500,
619754,up,ok,1350,2000,1000,1500,
619887,orig,ok,1647,2448,1000,1500,
619926,orig,ok,2000,3000,1000,1500,
620067,orig,ok,1000,1429,1000,1500,
620495,up,ok,1384,2000,1000,1500,
620616,up,ok,1000,1500,1000,1500,
620953,up,ok,1400,2000,1000,1500,
621080,up,ok,1474,2000,1000,1500,
621103,orig,ok,1000,1500,1000,1500,
621248,up,ok,1362,2000,1000,1500,
621254,orig,ok,1000,1500,1000,1500,
621465,orig,ok,1000,1500,1000,1500,
621495,up,ok,1332,2000,1000,1500,
621584,up,ok,1000,1502,1000,1500,
622103,orig,ok,2000,3000,1000,1500,
622193,up,ok,1332,2000,1000,1500,
623017,orig,ok,1145,1800,1000,1500,
623034,up,ok,1920,2880,1000,1500,
623341,up,ok,1120,1500,1000,1500,
623493,up,ok,1000,1540,1000,1500,
623521,orig,ok,2000,3000,1000,1500,
623591,orig,ok,1057,1500,1000,1500,
623642,up,ok,1952,2672,1000,1500,
624368,orig,ok,1400,2100,1000,1500,
624482,up,ok,1330,2000,1000,1500,
624777,orig,ok,2000,3000,1000,1500,
625040,up,ok,1418,2000,1000,1500,
625213,orig,ok,1060,1500,1000,1500,
625234,orig,ok,2000,3000,1000,1500,
625423,up,ok,1016,1500,1000,1500,
625759,up,ok,1348,2000,1000,1500,
626292,up,ok,1000,1500,1000,1500,
626359,orig,ok,2000,3000,1000,1500,
626576,up,ok,1400,1970,1000,1500,
626743,orig,ok,1000,1500,1000,1500,
626868,orig,ok,1000,1333,1000,1500,
626873,up,ok,1000,1500,1000,1500,
626963,up,ok,1000,1504,1000,1500,
627050,up,ok,1276,1726,1000,1500,
627322,orig,ok,1000,1500,1000,1500,
627324,up,ok,1404,2000,1000,1500,
627515,orig,ok,2000,3000,1000,1500,
627533,up,ok,1502,2000,1000,1500,
627840,up,ok,1146,1720,1000,1500,
628468,orig,ok,2000,3000,1000,1500,
628469,orig,ok,2000,3000,1000,1500,
628478,orig,ok,2000,3000,1000,1500,
628637,up,ok,1416,2000,1000,1500,
628707,orig,ok,2000,3000,1000,1500,
628731,up,ok,1378,2000,1000,1500,
628866,up,ok,1892,2840,1000,1500,
628959,up,ok,1290,1936,1000,1500,
629121,orig,ok,2000,3000,1000,1500,
629181,orig,ok,2000,3000,1000,1500,
629227,orig,ok,1000,1500,1000,1500,
629228,up,ok,1504,1996,1000,1500,
629363,up,ok,1200,1640,1000,1500,
629819,up,ok,1000,1500,1000,1500,
629843,up,ok,1000,1500,1000,1500,
629957,orig,ok,1000,1500,1000,1500,
630055,up,ok,1576,2160,1000,1500,
630288,up,ok,1380,1920,1000,1500,
630377,up,ok,1332,2000,1000,1500,
630486,orig,ok,2000,3000,1000,1500,
630766,orig,ok,2000,3000,1000,1500,
630925,up,ok,1348,2000,1000,1500,
631057,up,ok,1000,1500,1000,1500,
631059,up,ok,1000,1500,1000,1500,
631285,orig,ok,1200,1600,1000,1500,
631303,orig,ok,2000,3000,1000,1500,
631322,orig,ok,1000,1500,1000,1500,
631583,orig,ok,2000,3000,1000,1500,
631592,up,ok,1000,1500,1000,1500,
631689,orig,ok,1530,2161,1000,1500,
631870,orig,ok,1000,1500,1000,1500,
631947,orig,ok,1920,2879,1000,1500,
632110,orig,ok,1026,1500,1000,1500,
632304,orig,ok,1707,2560,1000,1500,
632567,up,ok,1998,2998,1000,1500,
632570,up,ok,1000,1500,1000,1500,
633100,up,ok,1360,2000,1000,1500,
633159,orig,ok,2000,3000,1000,1500,
633489,orig,ok,1120,1600,1000,1500,
633608,orig,ok,2000,3000,1000,1500,
633907,up,ok,1374,2000,1000,1500,
634115,up,ok,1680,2520,1000,1500,
634281,up,ok,1062,1500,1000,1500,
634301,orig,ok,1920,2880,1000,1500,
634494,up,ok,1280,1790,1000,1500,
634525,up,ok,1000,1500,1000,1500,
634527,up,ok,1000,1500,1000,1500,
634550,up,ok,1280,1920,1000,1500,
634775,up,ok,1406,2000,1000,1500,
634878,up,ok,1030,1548,1000,1500,
635710,orig,ok,1000,1500,1000,1500,
635737,up,ok,1000,1500,1000,1500,
635771,orig,ok,1000,1500,1000,1500,
635841,orig,ok,1079,1619,1000,1500,
635896,orig,ok,2000,3000,1000,1500,
635968,orig,ok,2000,3000,1000,1500,
636229,orig,ok,2000,2825,1000,1500,
636274,orig,ok,2000,3000,1000,1500,
636508,orig,ok,1000,1500,1000,1500,
636514,orig,ok,2000,3000,1000,1500,
636530,up,ok,1066,1600,1000,1500,
636612,orig,ok,1000,1500,1000,1500,
636681,up,ok,1294,2000,1000,1500,
636806,up,ok,1268,1800,1000,1500,
636808,up,ok,1000,1502,1000,1500,
636812,up,ok,1834,2750,1000,1500,
636827,up,ok,1500,2000,1000,1500,
636879,orig,ok,2000,3000,1000,1500,
636908,orig,ok,1000,1500,1000,1500,
637084,orig,ok,1000,1500,1000,1500,
637156,up,ok,1000,1500,1000,1500,
637162,up,ok,1000,1500,1000,1500,
637168,up,ok,1534,2300,1000,1500,
637174,up,ok,1000,1500,1000,1500,
637179,orig,ok,2000,3000,1000,1500,
637180,orig,ok,1066,1599,1000,1500,
637237,up,ok,1066,1592,1000,1500,
637250,orig,ok,1441,2048,1000,1500,
637255,up,ok,1330,1996,1000,1500,
637272,up,ok,1020,1530,1000,1500,
637312,orig,ok,2000,3000,1000,1500,
637398,up,ok,1392,2000,1000,1500,
637926,orig,ok,1066,1600,1000,1500,
637944,up,ok,1000,1500,1000,1500,
637969,orig,ok,1000,1500,1000,1500,
638045,orig,ok,2000,3000,1000,1500,
638090,orig,ok,2000,3000,1000,1500,
638091,up,ok,1904,2856,1000,1500,
638106,orig,ok,1000,1500,1000,1500,
638219,orig,ok,1066,1600,1000,1500,
638254,orig,ok,2000,2733,1000,1500,
638464,up,ok,1398,2000,1000,1500,
638467,orig,ok,1066,1600,1000,1500,
638609,up,ok,1000,1500,1000,1500,
638732,up,ok,1152,1780,1000,1500,
638855,up,ok,1360,1998,1000,1500,
639052,orig,ok,1000,1500,1000,1500,
639247,up,ok,1400,2100,1000,1500,
639250,orig,ok,2000,3000,1000,1500,
639357,orig,ok,1000,1500,1000,1500,
639461,up,ok,1200,1800,1000,1500,
639473,up,ok,1260,1890,1000,1500,
639477,orig,ok,1175,1763,1000,1500,
639480,orig,ok,2000,3000,1000,1500,
639486,up,ok,1176,1636,1000,1500,
639489,orig,ok,2000,3000,1000,1500,
639495,up,ok,1232,1710,1000,1500,
639506,up,ok,1304,1856,1000,1500,
639687,up,ok,1056,1632,1000,1500,
639705,up,ok,1334,2000,1000,1500,
639884,orig,ok,1000,1500,1000,1500,
639959,orig,ok,1125,1687,1000,1500,
640209,orig,ok,1200,1800,1000,1500,
640377,orig,ok,1500,2100,1000,1500,
640427,up,ok,1500,2000,1000,1500,
640462,up,ok,1366,2048,1000,1500,
640756,orig,ok,1200,1800,1000,1500,
640758,up,ok,1600,2400,1000,1500,
640766,up,ok,1814,2392,1000,1500,
640767,up,ok,1000,1500,1000,1500,
640781,orig,ok,1000,1500,1000,1500,
640960,up,ok,1000,1500,1000,1500,
640962,up,ok,1004,1500,1000,1500,
640963,orig,ok,1000,1500,1000,1500,
640974,orig,ok,1200,1800,1000,1500,
641668,orig,ok,2000,3000,1000,1500,
641688,up,ok,1500,2000,1000,1500,
641697,up,ok,1294,2000,1000,1500,
641706,up,ok,1002,1500,1000,1500,
641709,up,ok,1000,1500,1000,1500,
641925,orig,ok,2000,3000,1000,1500,
641991,up,ok,1000,1500,1000,1500,
642046,orig,ok,1024,1450,1000,1500,
642055,orig,ok,1184,1600,1000,1500,
642061,up,ok,1000,1500,1000,1500,
642063,orig,ok,2000,2829,1000,1500,
642064,orig,ok,1200,1800,1000,1500,
642069,up,ok,1000,1500,1000,1500,
642081,up,ok,1784,2588,1000,1500,
642087,orig,ok,1000,1500,1000,1500,
642106,up,ok,1000,1500,1000,1500,
642108,up,ok,1414,1986,1000,1500,
642131,up,ok,1496,2244,1000,1500,
642134,orig,ok,2000,3000,1000,1500,
642287,orig,ok,1000,1500,1000,1500,
642473,orig,ok,2000,3000,1000,1500,
642512,orig,ok,2000,3000,1000,1500,
642556,up,ok,1334,2000,1000,1500,
642694,orig,ok,2000,3000,1000,1500,
642781,orig,ok,2000,3000,1000,1500,
642886,orig,ok,1600,2400,1000,1500,
643088,orig,ok,1038,1557,1000,1500,
643114,up,ok,1392,2088,1000,1500,
643213,up,ok,1332,2000,1000,1500,
643225,up,ok,1432,2000,1000,1500,
643237,orig,ok,1313,1969,1000,1500,
643272,orig,ok,1000,1500,1000,1500,
643284,orig,ok,1060,1590,1000,1500,
643375,up,ok,1702,2560,1000,1500,
643503,up,ok,1200,1800,1000,1500,
643587,up,ok,1294,2000,1000,1500,
643592,up,ok,1414,2000,1000,1500,
643657,up,ok,1332,2000,1000,1500,
643728,orig,ok,1200,1600,1000,1500,
643743,up,ok,1348,2000,1000,1500,
643791,orig,ok,2000,3000,1000,1500,
644009,up,ok,1332,2000,1000,1500,
644030,orig,ok,1667,2500,1000,1500,
644144,up,ok,1500,2000,1000,1500,
644262,orig,ok,2000,3000,1000,1500,
644265,up,ok,1376,2000,1000,1500,
644320,orig,ok,2000,3000,1000,1500,
644426,up,ok,1920,2880,1000,1500,
644452,up,ok,1274,2000,1000,1500,
644670,orig,ok,1000,1500,1000,1500,
644688,up,ok,1332,2000,1000,1500,
644695,up,ok,1500,2000,1000,1500,
644710,orig,ok,1000,1500,1000,1500,
644730,orig,ok,2000,3000,1000,1500,
644748,orig,ok,1000,1500,1000,1500,
644752,up,ok,1286,1998,1000,1500,
644876,orig,ok,1000,1500,1000,1500,
645240,up,ok,1316,2000,1000,1500,
645319,orig,ok,2000,3000,1000,1500,
645426,orig,ok,1400,2100,1000,1500,
645431,up,ok,1600,2400,1000,1500,
645452,up,ok,1000,1500,1000,1500,
645513,orig,ok,2000,3000,1000,1500,
645516,orig,ok,1000,1413,1000,1500,
645524,orig,ok,1000,1500,1000,1500,
645732,up,ok,1000,1500,1000,1500,
645746,up,ok,1412,2000,1000,1500,
645753,orig,ok,2000,2667,1000,1500,
646109,up,ok,1400,2000,1000,1500,
646334,up,ok,1124,1596,1000,1500,
646401,up,ok,1000,1500,1000,1500,
646435,orig,ok,2000,3000,1000,1500,
646541,up,ok,1332,2000,1000,1500,
646542,up,ok,1920,2880,1000,1500,
646558,up,ok,1356,2000,1000,1500,
646675,orig,ok,1400,2100,1000,1500,
646930,up,ok,1208,1816,1000,1500,
646939,orig,ok,1138,1707,1000,1500,
646977,orig,ok,2000,3000,1000,1500,
647593,orig,ok,2000,3000,1000,1500,
647895,orig,ok,1920,2880,1000,1500,
647931,up,ok,1356,2000,1000,1500,
647932,up,ok,1368,2000,1000,1500,
647935,up,ok,1396,2000,1000,1500,
648043,orig,ok,2000,3000,1000,1500,
648114,up,ok,1562,2318,1000,1500,
648168,orig,ok,1000,1500,1000,1500,
648427,up,ok,1000,1500,1000,1500,
648764,orig,ok,1000,1500,1000,1500,
648819,up,ok,1420,2000,1000,1500,
649078,up,ok,1332,2000,1000,1500,
649117,up,ok,1000,1500,1000,1500,
649119,up,ok,1800,2700,1000,1500,
649182,up,ok,1500,2000,1000,1500,
649212,orig,ok,1000,1500,1000,1500,
649407,up,ok,1360,2000,1000,1500,
649524,orig,ok,1039,1559,1000,1500,
649770,up,ok,1920,2880,1000,1500,
649924,up,ok,1000,1500,1000,1500,
650093,up,ok,1332,2000,1000,1500,
650672,orig,ok,1400,2100,1000,1500,
650893,up,ok,1000,1500,1000,1500,
650895,orig,ok,1333,2000,1000,1500,
650898,up,ok,1056,1500,1000,1500,
650900,up,ok,1448,2000,1000,1500,
650952,up,ok,1364,2048,1000,1500,
651006,up,ok,1000,1500,1000,1500,
651008,orig,ok,2000,3000,1000,1500,
651016,orig,ok,2000,3000,1000,1500,
651018,up,ok,1000,1500,1000,1500,
651448,up,ok,1350,2000,1000,1500,
651488,up,ok,1000,1500,1000,1500,
651511,orig,ok,1538,2156,1000,1500,
651514,up,ok,1000,1500,1000,1500,
651517,orig,ok,1777,2705,1000,1500,
651571,orig,ok,2000,3000,1000,1500,
651680,up,ok,1400,2100,1000,1500,
651692,up,ok,1436,2000,1000,1500,
651696,up,ok,1432,2000,1000,1500,
651698,orig,ok,1000,1500,1000,1500,
652034,up,ok,1316,2000,1000,1500,
652118,up,ok,1440,2160,1000,1500,
652340,up,ok,1000,1500,1000,1500,
652694,up,ok,1332,2000,1000,1500,
652778,up,ok,1440,2160,1000,1500,
652841,up,ok,1400,2100,1000,1500,
652847,up,ok,1400,2100,1000,1500,
652891,up,ok,1200,1800,1000,1500,
653070,orig,ok,2000,3000,1000,1500,
653530,orig,ok,2000,3000,1000,1500,
653537,orig,ok,1362,2048,1000,1500,
653544,up,ok,1000,1500,1000,1500,
653615,orig,ok,2000,3000,1000,1500,
653793,orig,ok,1485,2100,1000,1500,
653820,orig,ok,2000,2963,1000,1500,
653842,up,ok,1200,1600,1000,1500,
654082,orig,ok,2000,3000,1000,1500,
654092,up,ok,1000,1500,1000,1500,
654435,orig,ok,2000,3000,1000,1500,
654731,orig,ok,2000,3000,1000,1500,
654798,up,ok,1436,1998,1000,1500,
654816,orig,ok,1158,1637,1000,1500,
654852,orig,ok,1200,1600,1000,1500,
654954,orig,ok,1348,2047,1000,1500,
655344,up,ok,1332,2000,1000,1500,
655426,up,ok,1920,2880,1000,1500,
655504,orig,ok,1000,1500,1000,1500,
655587,up,ok,1000,1500,1000,1500,
656145,up,ok,1920,2880,1000,1500,
656174,up,ok,1000,1500,1000,1500,
656211,up,ok,1000,1500,1000,1500,
656214,up,ok,1260,2400,1000,1500,
656790,orig,ok,1800,2700,1000,1500,
656980,up,ok,1920,2880,1000,1500,
657343,up,ok,1000,1500,1000,1500,
657461,orig,ok,1000,1500,1000,1500,
657528,up,ok,1100,1650,1000,1500,
657611,orig,ok,1066,1600,1000,1500,
657701,up,ok,1500,2000,1000,1500,
657767,up,ok,1332,2000,1000,1500,
657826,orig,ok,1944,2880,1000,1500,
658020,up,ok,1280,1920,1000,1500,
658110,up,ok,1296,1920,1000,1500,
658397,orig,ok,1000,1500,1000,1500,
658568,up,ok,1000,1500,1000,1500,
658596,up,ok,1332,2000,1000,1500,
658829,up,ok,1200,1800,1000,1500,
658975,up,ok,1294,2000,1000,1500,
659223,up,ok,1498,2000,1000,1500,
659309,up,ok,1500,2000,1000,1500,
659501,up,ok,1332,2000,1000,1500,
659502,orig,ok,1200,1600,1000,1500,
659506,up,ok,1500,2000,1000,1500,
659716,up,ok,1332,1998,1000,1500,
659822,orig,ok,1200,1600,1000,1500,
660001,orig,ok,1000,1500,1000,1500,
660175,orig,ok,1000,1500,1000,1500,
660335,orig,ok,1000,1500,1000,1500,
660663,up,ok,1332,2000,1000,1500,
660727,orig,ok,2000,3000,1000,1500,
660838,up,ok,1000,1500,1000,1500,
661237,up,ok,1240,1920,1000,1500,
661917,up,ok,1500,2000,1000,1500,
661924,up,ok,1404,2000,1000,1500,
662044,orig,ok,1000,1500,1000,1500,
662183,up,ok,1000,1500,1000,1500,
662474,up,ok,1432,2000,1000,1500,
662802,up,ok,1200,1802,1000,1500,
662821,up,ok,1334,2000,1000,1500,
662844,orig,ok,1360,2027,1000,1500,
662989,orig,ok,1067,1600,1000,1500,
663064,up,ok,1656,2484,1000,1500,
663099,orig,ok,1000,1500,1000,1500,
663200,orig,ok,2000,3000,1000,1500,
663240,up,ok,1000,1500,1000,1500,
663410,orig,ok,2000,2999,1000,1500,
663662,orig,ok,2000,3000,1000,1500,
663669,orig,ok,1000,1500,1000,1500,
663706,orig,ok,1063,1536,1000,1500,
663712,orig,ok,2000,3000,1000,1500,
663924,up,ok,1000,1500,1000,1500,
664336,orig,ok,1000,1425,1000,1500,
664442,orig,ok,2000,3000,1000,1500,
664561,orig,ok,2000,3000,1000,1500,
664574,orig,ok,2000,3000,1000,1500,
664617,orig,ok,1240,1760,1000,1500,
664833,up,ok,1500,2000,1000,1500,
664862,up,ok,1000,1500,1000,1500,
664994,up,ok,1000,1500,1000,1500,
665087,up,ok,1440,1920,1000,1500,
666344,up,ok,1000,1500,1000,1500,
666912,orig,ok,1080,1603,1000,1500,
667015,orig,ok,2000,2962,1000,1500,
667054,up,ok,1000,1500,1000,1500,
667177,orig,ok,2000,3000,1000,1500,
668040,up,ok,1500,2000,1000,1500,
668055,up,ok,1100,1628,1000,1500,
668343,up,ok,1200,1696,1000,1500,
668804,up,ok,1000,1500,1000,1500,
669342,up,ok,1494,2000,1000,1500,
669705,up,ok,1920,2880,1000,1500,
669735,up,ok,1000,1500,1000,1500,
669770,orig,ok,1400,2100,1000,1500,
669906,up,ok,1000,1500,1000,1500,
670426,orig,ok,2000,3000,1000,1500,
671013,orig,ok,2000,2666,1000,1500,
671104,up,ok,1400,2000,1000,1500,
671248,orig,ok,2000,3000,1000,1500,
671324,up,ok,1000,1500,1000,1500,
671474,up,ok,1440,2160,1000,1500,
671603,orig,ok,2000,3000,1000,1500,
671789,orig,ok,1000,1500,1000,1500,
671903,orig,ok,2000,3000,1000,1500,
672278,up,ok,1000,1500,1000,1500,
672761,up,ok,1662,2400,1000,1500,
672902,orig,ok,1000,1500,1000,1500,
673168,orig,ok,2000,3000,1000,1500,
673378,up,ok,1000,1500,1000,1500,
673526,up,ok,1414,2000,1000,1500,
674025,up,ok,1792,2560,1000,1500,
674210,orig,ok,1000,1500,1000,1500,
674385,up,ok,1000,1500,1000,1500,
674464,orig,ok,1707,2560,1000,1500,
674472,orig,ok,1224,1803,1000,1500,
674528,orig,ok,2000,3000,1000,1500,
674564,orig,ok,1920,2880,1000,1500,
675253,up,ok,1720,2580,1000,1500,
675256,up,ok,1436,2000,1000,1500,
675347,up,ok,1380,2000,1000,1500,
675490,orig,ok,2000,3000,1000,1500,
675554,orig,ok,1000,1500,1000,1500,
675575,orig,ok,1000,1500,1000,1500,
675776,orig,ok,1400,2100,1000,1500,
675777,up,ok,1000,1500,1000,1500,
675814,orig,ok,1000,1500,1000,1500,
675824,orig,ok,1000,1500,1000,1500,
675853,up,ok,1414,2000,1000,1500,
676410,orig,ok,2000,3000,1000,1500,
676547,orig,ok,2000,3000,1000,1500,
676704,orig,ok,1000,1500,1000,1500,
676896,up,ok,1000,1500,1000,1500,
676981,up,ok,1440,1920,1000,1500,
677063,up,ok,1000,1500,1000,1500,
678588,up,ok,1334,2000,1000,1500,
678792,up,ok,1412,2000,1000,1500,
678945,orig,ok,2000,3000,1000,1500,
678997,orig,ok,1280,1920,1000,1500,
679066,orig,ok,1000,1500,1000,1500,
679761,orig,ok,1200,1600,1000,1500,
679893,orig,ok,1079,1618,1000,1500,
679974,up,ok,1284,1998,1000,1500,
680295,up,ok,1920,2880,1000,1500,
680297,up,ok,1000,1500,1000,1500,
680493,orig,ok,1000,1500,1000,1500,
680829,orig,ok,2000,3000,1000,1500,
680867,orig,ok,1000,1500,1000,1500,
680918,orig,ok,1057,1500,1000,1500,
680985,orig,ok,1440,2160,1000,1500,
681195,orig,ok,2000,3000,1000,1500,
681416,orig,ok,1387,2048,1000,1500,
681631,orig,ok,1364,2048,1000,1500,
681711,orig,ok,1000,1460,1000,1500,
681719,orig,ok,1000,1396,1000,1500,
681986,orig,ok,2000,3000,1000,1500,
681996,up,ok,1334,2000,1000,1500,
682286,orig,ok,2000,3000,1000,1500,
682532,orig,ok,1200,1778,1000,1500,
682641,orig,ok,1000,1500,1000,1500,
682662,up,ok,1368,2000,1000,1500,
682825,orig,ok,1000,1500,1000,1500,
682836,up,ok,1000,1500,1000,1500,
683016,up,ok,1440,1920,1000,1500,
683100,up,ok,1002,1500,1000,1500,
683204,up,ok,1000,1500,1000,1500,
683557,up,ok,1656,2240,1000,1500,
683699,up,ok,1412,2000,1000,1500,
683716,orig,ok,2000,3000,1000,1500,
683875,orig,ok,2000,3000,1000,1500,
683891,orig,ok,2000,3000,1000,1500,
683915,up,ok,1350,2000,1000,1500,
684051,orig,ok,1066,1600,1000,1500,
684139,orig,ok,1294,2000,1000,1500,
684684,orig,ok,1000,1500,1000,1500,
685044,up,ok,1358,1920,1000,1500,
685592,up,ok,1068,1500,1000,1500,
685615,orig,ok,2000,3000,1000,1500,
685964,orig,ok,2000,3000,1000,1500,
686003,orig,ok,2000,3000,1000,1500,
686112,up,ok,1000,1500,1000,1500,
686120,orig,ok,2000,3000,1000,1500,
686208,up,ok,1200,1800,1000,1500,
686478,up,ok,1418,2000,1000,1500,
687301,up,ok,1296,1920,1000,1500,
687340,orig,ok,1000,1500,1000,1500,
687372,up,ok,1058,1500,1000,1500,
687377,up,ok,1124,1598,1000,1500,
687496,orig,ok,1000,1500,1000,1500,
687972,orig,ok,2000,3000,1000,1500,
687979,up,ok,1600,2400,1000,1500,
687983,orig,ok,1012,1500,1000,1500,
688131,up,ok,1600,2380,1000,1500,
688343,orig,ok,2000,3000,1000,1500,
688863,up,ok,1292,2000,1000,1500,
688898,up,ok,1000,1512,1000,1500,
689108,orig,ok,2000,3000,1000,1500,
689285,up,ok,1350,2000,1000,1500,
689389,up,ok,1294,2000,1000,1500,
689478,up,ok,1000,1500,1000,1500,
689479,orig,ok,1100,1600,1000,1500,
689968,orig,ok,1067,1600,1000,1500,
690085,up,ok,1284,1926,1000,1500,
690248,orig,ok,2000,3000,1000,1500,
690286,up,ok,1208,1800,1000,1500,
690481,up,ok,1068,1598,1000,1500,
690549,orig,ok,1160,1740,1000,1500,
690558,orig,ok,1000,1500,1000,1500,
690637,orig,ok,1280,1920,1000,1500,
691068,up,ok,1560,2340,1000,1500,
691100,orig,ok,2000,3000,1000,1500,
691151,up,ok,1500,2000,1000,1500,
691196,orig,ok,1000,1425,1000,1500,
691212,orig,ok,2000,3000,1000,1500,
691546,up,ok,1332,2000,1000,1500,
691646,up,ok,1414,2000,1000,1500,
691734,up,ok,1000,1500,1000,1500,
691932,up,ok,1294,2000,1000,1500,
692478,up,ok,1316,2000,1000,1500,
692559,orig,ok,2000,3000,1000,1500,
692830,up,ok,1414,2000,1000,1500,
693071,up,ok,1100,1598,1000,1500,
693073,orig,ok,2000,3000,1000,1500,
693544,orig,ok,1000,1500,1000,1500,
693749,up,ok,1474,2178,1000,1500,
693905,orig,ok,1067,1600,1000,1500,
694224,up,ok,1000,1500,1000,1500,
694662,up,ok,1504,2000,1000,1500,
694673,up,ok,1600,2400,1000,1500,
695155,orig,ok,1000,1500,1000,1500,
695256,up,ok,1000,1500,1000,1500,
695270,orig,ok,1129,1694,1000,1500,
695350,orig,ok,2000,3000,1000,1500,
695452,orig,ok,2000,3000,1000,1500,
695564,orig,ok,1600,2400,1000,1500,
695569,orig,ok,2000,3000,1000,1500,
696393,orig,ok,2000,3000,1000,1500,
696605,orig,ok,2000,3000,1000,1500,
696785,orig,ok,1013,1500,1000,1500,
696845,up,ok,1094,1642,1000,1500,
697027,up,ok,1152,1920,1000,1500,
697123,up,ok,1000,1500,1000,1500,
697135,orig,ok,1684,2384,1000,1500,
697181,up,ok,1400,1992,1000,1500,
697399,up,ok,1440,1920,1000,1500,
697782,orig,ok,1000,1500,1000,1500,
697798,up,ok,1000,1500,1000,1500,
697799,orig,ok,1067,1599,1000,1500,
697953,orig,ok,2000,3000,1000,1500,
698320,up,ok,1872,2772,1000,1500,
698663,up,ok,1332,2000,1000,1500,
698676,up,ok,1358,1920,1000,1500,
698968,orig,ok,1000,1333,1000,1500,
699177,up,ok,1000,1500,1000,1500,
699337,orig,ok,2000,3000,1000,1500,
699351,orig,ok,1053,1500,1000,1500,
699378,up,ok,1332,1998,1000,1500,
699651,up,ok,1332,2000,1000,1500,
699732,orig,ok,1200,1600,1000,1500,
700424,up,ok,1002,1502,1000,1500,
700522,up,ok,1428,2000,1000,1500,
700544,up,ok,1332,1998,1000,1500,
700591,orig,ok,1240,1754,1000,1500,
700650,up,ok,1368,2048,1000,1500,
701121,orig,ok,2000,3000,1000,1500,
701277,orig,ok,2000,3000,1000,1500,
701369,orig,ok,2000,3000,1000,1500,
701481,up,ok,1350,2000,1000,1500,
702621,orig,ok,2000,3000,1000,1500,
703698,up,ok,1000,1500,1000,1500,
704618,orig,ok,1000,1500,1000,1500,
704646,up,ok,1000,1500,1000,1500,
704849,up,ok,1332,2000,1000,1500,
705058,up,ok,1000,1500,1000,1500,
705072,up,ok,1324,2000,1000,1500,
705283,up,ok,1100,1558,1000,1500,
705586,up,ok,1500,2000,1000,1500,
705863,up,ok,1000,1500,1000,1500,
705871,up,ok,1000,1500,1000,1500,
705873,up,ok,1000,1500,1000,1500,
705877,up,ok,1000,1500,1000,1500,
706236,orig,ok,2000,3000,1000,1500,
706629,orig,ok,2000,3000,1000,1500,
706677,up,ok,1332,2000,1000,1500,
706727,up,ok,1328,1992,1000,1500,
706857,up,ok,1006,1510,1000,1500,
706862,up,ok,1500,2000,1000,1500,
707037,orig,ok,1000,1500,1000,1500,
707085,up,ok,1400,2000,1000,1500,
707214,orig,ok,2000,3000,1000,1500,
707408,orig,ok,2000,3000,1000,1500,
707446,up,ok,1000,1500,1000,1500,
707455,orig,ok,1000,1500,1000,1500,
708025,orig,ok,1054,1476,1000,1500,
708362,orig,ok,2000,2941,1000,1500,
708561,up,ok,1500,2250,1000,1500,
708623,up,ok,1332,2000,1000,1500,
708697,up,ok,1000,1518,1000,1500,
708788,up,ok,1248,1872,1000,1500,
708805,up,ok,1000,1500,1000,1500,
709147,up,ok,1352,2000,1000,1500,
709427,orig,ok,1000,1500,1000,1500,
709430,orig,ok,2000,3000,1000,1500,
709519,up,ok,1600,2400,1000,1500,
709559,orig,ok,2000,3000,1000,1500,
709567,orig,ok,1000,1333,1000,1500,
709621,orig,ok,2000,3000,1000,1500,
709642,orig,ok,2000,3000,1000,1500,
709692,up,ok,1000,1500,1000,1500,
709786,up,ok,1000,1500,1000,1500,
709798,up,ok,1332,2000,1000,1500,
710309,up,ok,1600,2400,1000,1500,
710457,up,ok,1122,1600,1000,1500,
710743,up,ok,1132,1584,1000,1500,
711471,up,ok,1360,2000,1000,1500,
711629,up,ok,1840,2760,1000,1500,
711641,orig,ok,1000,1500,1000,1500,
711705,orig,ok,1452,2048,1000,1500,
711813,up,ok,1780,2670,1000,1500,
711975,orig,ok,1200,1600,1000,1500,
712079,up,ok,1500,2000,1000,1500,
712508,orig,ok,1200,1600,1000,1500,
712510,orig,ok,1000,1500,1000,1500,
713138,up,ok,1920,2880,1000,1500,
713197,up,ok,1500,2000,1000,1500,
713422,orig,ok,1000,1500,1000,1500,
713474,orig,ok,2000,3000,1000,1500,
713478,up,ok,1060,1500,1000,1500,
713582,up,ok,1304,1920,1000,1500,
713828,up,ok,1050,1574,1000,1500,
714669,orig,ok,2000,3000,1000,1500,
714870,up,ok,1198,2280,1000,1500,
715107,orig,ok,1067,1600,1000,1500,
715133,up,ok,1200,1800,1000,1500,
715181,up,ok,1000,1502,1000,1500,
715203,orig,ok,1280,1778,1000,1500,
715239,orig,ok,1975,2962,1000,1500,
715260,orig,ok,1212,1644,1000,1500,
715275,up,ok,1200,1800,1000,1500,
715370,orig,ok,2000,3000,1000,1500,
715658,orig,ok,2000,3000,1000,1500,
716119,up,ok,1294,2000,1000,1500,
716283,orig,ok,1201,1699,1000,1500,
716309,orig,ok,1179,1740,1000,1500,
716750,orig,ok,1446,2169,1000,1500,
716786,orig,ok,1200,1800,1000,1500,
716819,orig,ok,2000,3000,1000,1500,
716820,up,ok,1404,2000,1000,1500,
716822,up,ok,1404,2000,1000,1500,
717021,orig,ok,1000,1500,1000,1500,
717319,up,ok,1920,2880,1000,1500,
717367,orig,ok,1000,1500,1000,1500,
717397,orig,ok,2000,3000,1000,1500,
717672,orig,ok,2000,3000,1000,1500,
717942,orig,ok,2000,3000,1000,1500,
718022,orig,ok,1000,1500,1000,1500,
718055,up,ok,1280,1920,1000,1500,
718134,up,ok,1000,1500,1000,1500,
718138,up,ok,1000,1500,1000,1500,
718146,orig,ok,2000,3000,1000,1500,
718159,up,ok,1604,2388,1000,1500,
718161,up,ok,1000,1500,1000,1500,
718389,orig,ok,1487,2231,1000,1500,
718400,orig,ok,2000,3000,1000,1500,
718416,orig,ok,2000,3000,1000,1500,
718460,up,ok,1000,1500,1000,1500,
718892,up,ok,1302,1920,1000,1500,
718962,orig,ok,1400,2100,1000,1500,
719033,orig,ok,1707,2560,1000,1500,
719106,orig,ok,1599,2397,1000,1500,
719704,up,ok,1000,1500,1000,1500,
719770,up,ok,1400,2100,1000,1500,
719829,up,ok,1000,1500,1000,1500,
720018,orig,ok,1000,1500,1000,1500,
720065,up,ok,1200,1800,1000,1500,
720104,up,ok,1500,2000,1000,1500,
720109,orig,ok,1200,1800,1000,1500,
720132,up,ok,1000,1500,1000,1500,
720312,up,ok,1000,1500,1000,1500,
720395,orig,ok,2000,3000,1000,1500,
720929,orig,ok,1944,2880,1000,1500,
721656,orig,ok,2000,3000,1000,1500,
721894,orig,ok,1000,1523,1000,1500,
721927,orig,ok,1000,1500,1000,1500,
721930,orig,ok,1066,1600,1000,1500,
721952,up,ok,1334,2000,1000,1500,
721955,orig,ok,1000,1500,1000,1500,
722354,up,ok,1584,2406,1000,1500,
722358,up,ok,1000,1500,1000,1500,
722516,orig,ok,1000,1500,1000,1500,
722526,orig,ok,1000,1500,1000,1500,
722603,orig,ok,2000,3000,1000,1500,
722722,orig,ok,2000,3000,1000,1500,
722780,orig,ok,2000,3000,1000,1500,
723135,up,ok,1000,1500,1000,1500,
723337,up,ok,1500,2000,1000,1500,
723377,orig,ok,2000,3000,1000,1500,
723393,orig,ok,2000,3000,1000,1500,
723419,orig,ok,1482,2222,1000,1500,
723538,up,ok,1000,1500,1000,1500,
724046,orig,ok,1175,1763,1000,1500,
724427,orig,ok,1000,1500,1000,1500,
724457,orig,ok,1000,1500,1000,1500,
724492,up,ok,1000,1500,1000,1500,
724585,orig,ok,1067,1600,1000,1500,
724789,up,ok,1820,2680,1000,1500,
724901,orig,ok,1200,1600,1000,1500,
724963,up,ok,1000,1500,1000,1500,
725146,orig,ok,2000,3000,1000,1500,
725283,orig,ok,1366,2040,1000,1500,
725303,up,ok,1000,1500,1000,1500,
725495,orig,ok,2000,3000,1000,1500,
725543,up,ok,1000,1500,1000,1500,
725813,orig,ok,1587,2245,1000,1500,
726217,orig,ok,1000,1500,1000,1500,
726455,up,ok,1428,2000,1000,1500,
726507,orig,ok,1220,1831,1000,1500,
726527,orig,ok,2000,3000,1000,1500,
726953,orig,ok,1000,1500,1000,1500,
727353,up,ok,1360,2000,1000,1500,
727478,orig,ok,2000,3000,1000,1500,
727488,orig,ok,1009,1412,1000,1500,
727714,orig,ok,1728,2560,1000,1500,
728069,orig,ok,1280,1920,1000,1500,
728122,orig,ok,2000,3000,1000,1500,
728305,up,ok,1400,2000,1000,1500,
728623,orig,ok,1920,2880,1000,1500,
728773,orig,ok,1333,2000,1000,1500,
728791,up,ok,1000,1500,1000,1500,
728795,up,ok,1052,1600,1000,1500,
728796,up,ok,1920,2880,1000,1500,
728874,orig,ok,2000,3000,1000,1500,
728907,up,ok,1000,1502,1000,1500,
728941,up,ok,1000,1500,1000,1500,
729316,orig,ok,2000,3000,1000,1500,
729341,orig,ok,1024,1536,1000,1500,
729454,up,ok,1404,2000,1000,1500,
729613,orig,ok,2000,3000,1000,1500,
729713,orig,ok,1365,2048,1000,1500,
729740,up,ok,1000,1500,1000,1500,
729832,up,ok,1920,2880,1000,1500,
729872,orig,ok,1200,1600,1000,1500,
729877,up,ok,1200,1800,1000,1500,
729878,up,ok,1350,2000,1000,1500,
729881,up,ok,1216,1800,1000,1500,
729882,up,ok,1200,1800,1000,1500,
729884,orig,ok,1067,1600,1000,1500,
729938,up,ok,1316,2000,1000,1500,
730167,orig,ok,1441,2161,1000,1500,
730189,up,ok,1200,1800,1000,1500,
730227,orig,ok,1200,1600,1000,1500,
730407,up,ok,1000,1500,1000,1500,
730766,orig,ok,1400,2100,1000,1500,
730890,up,ok,1334,2000,1000,1500,
731041,up,ok,1200,1800,1000,1500,
731158,up,ok,1000,1500,1000,1500,
731204,up,ok,1334,2000,1000,1500,
731216,up,ok,1350,2000,1000,1500,
731222,up,ok,1416,2000,1000,1500,
731230,up,ok,1414,2000,1000,1500,
731233,up,ok,1000,1500,1000,1500,
731391,up,ok,1000,1500,1000,1500,
731477,up,ok,1334,2000,1000,1500,
731587,orig,ok,1200,1600,1000,1500,
731653,up,ok,1500,2124,1000,1500,
731732,up,ok,1000,1500,1000,1500,
731741,up,ok,1000,1500,1000,1500,
731776,orig,ok,2000,3000,1000,1500,
731893,orig,ok,1067,1600,1000,1500,
732045,orig,ok,1350,2000,1000,1500,
732114,up,ok,1200,1800,1000,1500,
732231,up,ok,1602,2222,1000,1500,
732233,up,ok,1200,1800,1000,1500,
732472,orig,ok,1000,1500,1000,1500,
732773,orig,ok,1920,2880,1000,1500,
733006,orig,ok,2000,3000,1000,1500,
733049,orig,ok,1365,2048,1000,1500,
733068,orig,ok,1981,3000,1000,1500,
733322,orig,ok,1000,1500,1000,1500,
733415,orig,ok,2000,3000,1000,1500,
733491,up,ok,1332,2000,1000,1500,
733506,up,ok,1350,2000,1000,1500,
733605,up,ok,1000,1500,1000,1500,
733615,up,ok,1200,1706,1000,1500,
733699,up,ok,1172,1758,1000,1500,
733837,orig,ok,1165,1748,1000,1500,
733858,orig,ok,1200,1600,1000,1500,
733866,up,ok,1432,2000,1000,1500,
733914,up,ok,1332,2000,1000,1500,
734001,orig,ok,1350,2026,1000,1500,
734072,orig,ok,1364,2048,1000,1500,
734216,up,ok,1280,1920,1000,1500,
734707,up,ok,1124,1686,1000,1500,
734881,orig,ok,2000,3000,1000,1500,
735253,up,ok,1414,2000,1000,1500,
735580,up,ok,1920,2880,1000,1500,
735744,orig,ok,1333,2000,1000,1500,
735967,up,ok,1000,1500,1000,1500,
735979,orig,ok,1067,1600,1000,1500,
736381,up,ok,1086,1500,1000,1500,
736447,up,ok,1216,1776,1000,1500,
736485,orig,ok,2000,3000,1000,1500,
736506,orig,ok,1000,1500,1000,1500,
736509,orig,ok,2000,3000,1000,1500,
736611,up,ok,1200,1680,1000,1500,
736735,orig,ok,2000,3000,1000,1500,
736752,up,ok,1318,2000,1000,1500,
736818,orig,ok,1060,1590,1000,1500,
736853,up,ok,1500,2000,1000,1500,
736934,orig,ok,1200,1600,1000,1500,
737586,orig,ok,1549,2155,1000,1500,
737759,up,ok,1332,2000,1000,1500,
737853,orig,ok,2000,3000,1000,1500,
737855,orig,ok,2000,3000,1000,1500,
737859,orig,ok,1365,2048,1000,1500,
737881,up,ok,1424,2000,1000,1500,
737885,up,ok,1824,2560,1000,1500,
737974,up,ok,1714,2400,1000,1500,
738057,orig,ok,2000,3000,1000,1500,
738065,orig,ok,1200,1600,1000,1500,
738156,up,ok,1332,2000,1000,1500,
738162,up,ok,1000,1500,1000,1500,
738168,orig,ok,1067,1600,1000,1500,
738170,up,ok,1000,1500,1000,1500,
738183,up,ok,1498,2000,1000,1500,
738370,orig,ok,2000,3000,1000,1500,
738440,orig,ok,1000,1500,1000,1500,
738467,up,ok,1332,2000,1000,1500,
738475,up,ok,1000,1500,1000,1500,
738542,orig,ok,2000,3000,1000,1500,
738730,up,ok,1132,1700,1000,1500,
738746,up,ok,1176,1636,1000,1500,
738748,orig,ok,1437,2048,1000,1500,
738756,up,ok,1176,1636,1000,1500,
738914,up,ok,1000,1500,1000,1500,
739123,orig,ok,2000,3000,1000,1500,
739590,orig,ok,1053,1500,1000,1500,
739596,orig,ok,2000,3000,1000,1500,
739603,orig,ok,2000,3000,1000,1500,
739643,orig,ok,1707,2560,1000,1500,
739890,orig,ok,1334,2000,1000,1500,
739901,orig,ok,1000,1500,1000,1500,
740049,orig,ok,1000,1500,1000,1500,
740130,up,ok,1332,2000,1000,1500,
740267,orig,ok,1000,1500,1000,1500,
740533,orig,ok,1000,1500,1000,1500,
740794,orig,ok,1000,1500,1000,1500,
740903,orig,ok,1333,2000,1000,1500,
741174,up,ok,1000,1500,1000,1500,
741178,up,ok,1254,1792,1000,1500,
741187,orig,ok,2000,3000,1000,1500,
741422,up,ok,1072,1500,1000,1500,
741425,orig,ok,1053,1500,1000,1500,
741612,orig,ok,2000,3000,1000,1500,
741636,orig,ok,2000,3000,1000,1500,
741651,orig,ok,1566,2231,1000,1500,
741686,orig,ok,1000,1500,1000,1500,
741882,orig,ok,1000,1500,1000,1500,
741883,orig,ok,2000,3000,1000,1500,
741917,orig,ok,2000,3000,1000,1500,
741919,orig,ok,1250,1875,1000,1500,
741964,orig,ok,2000,3000,1000,1500,
742107,up,ok,1000,1500,1000,1500,
742179,orig,ok,1280,1920,1000,1500,
742433,orig,ok,1067,1600,1000,1500,
742926,orig,ok,1613,2306,1000,1500,
743022,orig,ok,1000,1500,1000,1500,
743032,up,ok,1438,2048,1000,1500,
743149,up,ok,1000,1500,1000,1500,
744013,orig,ok,2000,3000,1000,1500,
744168,orig,ok,1650,2475,1000,1500,
744273,orig,ok,2000,3000,1000,1500,
744428,orig,ok,1000,1500,1000,1500,
744571,orig,ok,1442,2048,1000,1500,
744746,orig,ok,2000,3000,1000,1500,
744750,orig,ok,1000,1500,1000,1500,
745050,orig,ok,1000,1500,1000,1500,
745179,up,ok,1000,1500,1000,1500,
745467,up,ok,1334,2000,1000,1500,
746132,up,ok,1000,1500,1000,1500,
746135,orig,ok,1365,2048,1000,1500,
746157,up,ok,1000,1500,1000,1500,
746161,up,ok,1280,1920,1000,1500,
746223,orig,ok,1000,1500,1000,1500,
746729,up,ok,1414,2000,1000,1500,
746746,up,ok,1280,1920,1000,1500,
746891,up,ok,1000,1500,1000,1500,
746943,orig,ok,2000,3000,1000,1500,
746953,orig,ok,2000,3000,1000,1500,
747327,orig,ok,1707,2560,1000,1500,
747359,orig,ok,2000,3000,1000,1500,
747512,orig,ok,2000,3000,1000,1500,
747731,orig,ok,2000,3000,1000,1500,
747941,up,ok,1000,1500,1000,1500,
748150,orig,ok,1044,1488,1000,1500,
748155,up,ok,1440,1920,1000,1500,
748224,orig,ok,2000,3000,1000,1500,
748225,orig,ok,1200,1600,1000,1500,
748251,up,ok,1000,1500,1000,1500,
748464,orig,ok,2000,3000,1000,1500,
748474,up,ok,1600,2400,1000,1500,
748543,up,ok,1916,2874,1000,1500,
748918,orig,ok,2000,3000,1000,1500,
749039,up,ok,1356,2000,1000,1500,
749044,orig,ok,1920,2879,1000,1500,
749120,up,ok,1000,1500,1000,1500,
749240,orig,ok,1000,1500,1000,1500,
749256,up,ok,1000,1500,1000,1500,
749269,up,ok,1846,2592,1000,1500,
749305,orig,ok,2000,3000,1000,1500,
749727,orig,ok,1152,1727,1000,1500,
750109,orig,ok,2000,3000,1000,1500,
750121,orig,ok,1000,1500,1000,1500,
750206,orig,ok,2000,3000,1000,1500,
750219,orig,ok,2000,3000,1000,1500,
750306,up,ok,1000,1500,1000,1500,
750322,orig,ok,1000,1500,1000,1500,
750344,up,ok,1364,1820,1000,1500,
750512,orig,ok,2000,3000,1000,1500,
750569,orig,ok,1000,1500,1000,1500,
750587,orig,ok,2000,3000,1000,1500,
750620,up,ok,1334,2000,1000,1500,
750732,up,ok,1334,2000,1000,1500,
751062,orig,ok,1000,1335,1000,1500,
751073,up,ok,1440,2160,1000,1500,
751097,orig,ok,2000,3000,1000,1500,
751252,orig,ok,2000,3000,1000,1500,
751254,orig,ok,2000,3000,1000,1500,
751394,orig,ok,1000,1500,1000,1500,
751436,orig,ok,1000,1500,1000,1500,
751583,orig,ok,1055,1500,1000,1500,
752001,up,ok,1000,1500,1000,1500,
752100,orig,ok,1200,1600,1000,1500,
752307,up,ok,1800,2664,1000,1500,
752450,up,ok,1900,2696,1000,1500,
752500,orig,ok,2000,3000,1000,1500,
752510,orig,ok,2000,3000,1000,1500,
752687,orig,ok,1920,2560,1000,1500,
752715,up,ok,1200,1800,1000,1500,
752809,orig,ok,1920,2880,1000,1500,
752874,up,ok,1134,1700,1000,1500,
752880,orig,ok,1500,2249,1000,1500,
753443,orig,ok,2000,3000,1000,1500,
753574,orig,ok,1000,1499,1000,1500,
753926,orig,ok,2000,3000,1000,1500,
753931,up,ok,1010,1500,1000,1500,
753937,orig,ok,2000,2962,1000,1500,
753973,up,ok,1500,2000,1000,1500,
754017,up,ok,1316,2000,1000,1500,
754040,orig,ok,1200,1600,1000,1500,
754218,orig,ok,2000,3000,1000,1500,
754325,orig,ok,1432,2148,1000,1500,
754330,orig,ok,2000,3000,1000,1500,
754408,up,ok,1364,2048,1000,1500,
754453,orig,ok,1000,1480,1000,1500,
754588,orig,ok,1920,2560,1000,1500,
754824,orig,ok,2000,3000,1000,1500,
754983,orig,ok,2000,3000,1000,1500,
755135,orig,ok,2000,3000,1000,1500,
755200,orig,ok,2000,3000,1000,1500,
756017,orig,ok,2000,3000,1000,1500,
756112,up,ok,1532,2300,1000,1500,
756237,orig,ok,2000,3000,1000,1500,
756267,orig,ok,2000,3000,1000,1500,
756278,orig,ok,1924,2886,1000,1500,
756283,orig,ok,2000,3000,1000,1500,
756290,orig,ok,2000,3000,1000,1500,
756293,orig,ok,1350,1800,1000,1500,
756303,orig,ok,2000,3000,1000,1500,
756331,up,ok,1000,1500,1000,1500,
756540,up,ok,1034,1552,1000,1500,
756545,up,ok,1000,1500,1000,1500,
756599,up,ok,1000,1500,1000,1500,
756783,up,ok,1332,2000,1000,1500,
756885,up,ok,1416,2000,1000,1500,
756956,orig,ok,1728,2304,1000,1500,
757173,orig,ok,2000,3000,1000,1500,
757269,orig,ok,2000,3000,1000,1500,
757838,orig,ok,1200,1600,1000,1500,
757981,orig,ok,2000,3000,1000,1500,
758241,orig,ok,2000,3000,1000,1500,
758279,orig,ok,1007,1435,1000,1500,
758292,orig,ok,2000,3000,1000,1500,
758298,up,ok,1000,1500,1000,1500,
758344,up,ok,1134,1516,1000,1500,
758506,orig,ok,1920,2880,1000,1500,
758511,up,ok,1000,1500,1000,1500,
758637,orig,ok,2000,3000,1000,1500,
758640,up,ok,1366,1920,1000,1500,
758823,up,ok,1728,2592,1000,1500,
758853,orig,ok,2000,3000,1000,1500,
758897,orig,ok,2000,3000,1000,1500,
759123,up,ok,1000,1500,1000,1500,
759213,orig,ok,2000,3000,1000,1500,
759230,orig,ok,1200,1600,1000,1500,
759248,up,ok,1000,1500,1000,1500,
759373,orig,ok,1536,2304,1000,1500,
759377,orig,ok,2000,3000,1000,1500,
759378,up,ok,1000,1500,1000,1500,
759397,up,ok,1440,2160,1000,1500,
759409,up,ok,1332,2000,1000,1500,
759413,up,ok,1000,1500,1000,1500,
759420,up,ok,1000,1500,1000,1500,
759426,orig,ok,1175,1763,1000,1500,
759908,up,ok,1852,2452,1000,1500,
759951,orig,ok,2000,3000,1000,1500,
759955,orig,ok,2000,2667,1000,1500,
759970,up,ok,1000,1500,1000,1500,
760204,orig,ok,2000,3000,1000,1500,
760308,orig,ok,1080,1528,1000,1500,
760312,up,ok,1000,1500,1000,1500,
760688,orig,ok,1920,2880,1000,1500,
760871,up,ok,1976,2962,1000,1500,
760875,orig,ok,2000,3000,1000,1500,
760919,orig,ok,2000,3000,1000,1500,
760953,orig,ok,2000,3000,1000,1500,
761116,orig,ok,1333,2000,1000,1500,
761260,up,ok,1000,1500,1000,1500,
761841,orig,ok,2000,3000,1000,1500,
762640,up,ok,1080,1600,1000,1500,
762645,up,ok,1976,3000,1000,1500,
762758,orig,ok,2000,2963,1000,1500,
762832,up,ok,1714,2560,1000,1500,
762842,orig,ok,2000,3000,1000,1500,
762916,up,ok,1000,1500,1000,1500,
763053,up,ok,1280,1920,1000,1500,
763209,orig,ok,2000,3000,1000,1500,
763256,orig,ok,2000,3000,1000,1500,
763345,up,ok,1000,1500,1000,1500,
763368,orig,ok,2000,3000,1000,1500,
763370,up,ok,1120,1660,1000,1500,
763531,up,ok,1000,1500,1000,1500,
763747,up,ok,1052,1558,1000,1500,
763818,up,ok,1000,1500,1000,1500,
763850,orig,ok,1944,2880,1000,1500,
764065,up,ok,1800,2700,1000,1500,
764086,orig,ok,2000,3000,1000,1500,
764294,up,ok,1000,1500,1000,1500,
764813,up,ok,1000,1500,1000,1500,
765012,up,ok,1334,2000,1000,1500,
765128,orig,ok,1000,1500,1000,1500,
765534,orig,ok,1400,2100,1000,1500,
765695,orig,ok,2000,3000,1000,1500,
765699,orig,ok,2000,3000,1000,1500,
765704,orig,ok,2000,3000,1000,1500,
765707,orig,ok,2000,3000,1000,1500,
765732,orig,ok,1726,2588,1000,1500,
765765,orig,ok,2000,3000,1000,1500,
765771,orig,ok,2000,3000,1000,1500,
765832,orig,ok,2000,3000,1000,1500,
765905,orig,ok,1000,1500,1000,1500,
765923,orig,ok,2000,3000,1000,1500,
765967,orig,ok,1920,2880,1000,1500,
766076,up,ok,1920,2880,1000,1500,
766220,orig,ok,2000,3000,1000,1500,
766358,orig,ok,1175,1763,1000,1500,
766376,orig,ok,1575,2100,1000,1500,
766530,orig,ok,2000,3000,1000,1500,
766579,orig,ok,1280,1920,1000,1500,
766814,orig,ok,1000,1500,1000,1500,
767204,orig,ok,2000,3000,1000,1500,
767210,orig,ok,2000,3000,1000,1500,
767243,orig,ok,2000,3000,1000,1500,
767250,orig,ok,1000,1500,1000,1500,
767276,up,ok,1000,1500,1000,1500,
767504,orig,ok,1707,2560,1000,1500,
767528,up,ok,1000,1500,1000,1500,
767615,orig,ok,2000,3000,1000,1500,
767805,orig,ok,1000,1500,1000,1500,
767841,orig,ok,2000,3000,1000,1500,
767864,orig,ok,1354,2000,1000,1500,
768275,orig,ok,2000,3000,1000,1500,
768447,orig,ok,1000,1500,1000,1500,
769098,orig,ok,2000,3000,1000,1500,
769319,orig,ok,1350,2000,1000,1500,
769364,orig,ok,2000,3000,1000,1500,
769397,up,ok,1610,2416,1000,1500,
769629,up,ok,1000,1500,1000,1500,
769657,up,ok,1000,1500,1000,1500,
769664,orig,ok,1066,1599,1000,1500,
769932,orig,ok,1215,1822,1000,1500,
770393,orig,ok,1296,1944,1000,1500,
770428,orig,ok,2000,3000,1000,1500,
770452,up,ok,1718,2560,1000,1500,
770456,orig,ok,1600,2400,1000,1500,
770496,orig,ok,2000,3000,1000,1500,
770590,up,ok,1000,1500,1000,1500,
770684,orig,ok,1333,2000,1000,1500,
770725,orig,ok,1280,1920,1000,1500,
771157,orig,ok,1200,1600,1000,1500,
771536,orig,ok,2000,3000,1000,1500,
771555,up,ok,1000,1500,1000,1500,
772278,up,ok,1096,1658,1000,1500,
772576,orig,ok,2000,3000,1000,1500,
772973,orig,ok,2000,3000,1000,1500,
773409,up,ok,1334,2000,1000,1500,
773769,up,ok,1386,1922,1000,1500,
774108,up,ok,1000,1500,1000,1500,
774131,up,ok,1000,1500,1000,1500,
775265,up,ok,1920,2880,1000,1500,
775400,orig,ok,2000,3000,1000,1500,
775483,up,ok,1000,1500,1000,1500,
775501,orig,ok,2000,3000,1000,1500,
775567,up,ok,1000,1500,1000,1500,
775579,orig,ok,2000,3000,1000,1500,
776041,up,ok,1000,1500,1000,1500,
776236,orig,ok,2000,3000,1000,1500,
776294,orig,ok,2000,3000,1000,1500,
776486,up,ok,1000,1500,1000,1500,
776497,orig,ok,1015,1522,1000,1500,
776501,orig,ok,1716,2574,1000,1500,
776506,orig,ok,1280,1920,1000,1500,
776666,up,ok,1130,1600,1000,1500,
776942,orig,ok,1366,2048,1000,1500,
776944,orig,ok,1000,1500,1000,1500,
776948,orig,ok,2000,3000,1000,1500,
776949,up,ok,1000,1502,1000,1500,
777486,up,ok,1000,1500,1000,1500,
777537,up,ok,1022,1500,1000,1500,
777573,up,ok,1440,2160,1000,1500,
777620,orig,ok,2000,3000,1000,1500,
777828,up,ok,1000,1500,1000,1500,
777912,orig,ok,1000,1500,1000,1500,
778042,up,ok,1920,2880,1000,1500,
778560,orig,ok,1000,1501,1000,1500,
778583,orig,ok,1280,1920,1000,1500,
778780,up,ok,1154,1740,1000,1500,
778919,orig,ok,1920,2560,1000,1500,
779128,orig,ok,2000,3000,1000,1500,
779157,orig,ok,1920,2560,1000,1500,
779167,up,ok,1000,1500,1000,1500,
779246,orig,ok,1693,2539,1000,1500,
779247,up,ok,1012,1500,1000,1500,
780182,up,ok,1000,1500,1000,1500,
780204,up,ok,1016,1504,1000,1500,
780267,orig,ok,2000,3000,1000,1500,
780268,orig,ok,1488,2231,1000,1500,
780273,orig,ok,2000,3000,1000,1500,
780280,orig,ok,2000,3000,1000,1500,
780283,orig,ok,2000,3000,1000,1500,
780318,up,ok,1332,2000,1000,1500,
780400,up,ok,1000,1500,1000,1500,
780748,up,ok,1360,2000,1000,1500,
781032,up,ok,1240,1860,1000,1500,
781180,orig,ok,1000,1502,1000,1500,
781326,up,ok,1600,2280,1000,1500,
781329,up,ok,1000,1500,1000,1500,
781331,orig,ok,1000,1500,1000,1500,
781332,up,ok,1404,2000,1000,1500,
781338,up,ok,1330,1900,1000,1500,
781340,orig,ok,1099,1649,1000,1500,
781342,orig,ok,1920,2880,1000,1500,
781345,up,ok,1000,1500,1000,1500,
781346,up,ok,1000,1500,1000,1500,
781349,orig,ok,1200,1600,1000,1500,
781353,up,ok,1316,1972,1000,1500,
781355,orig,ok,1000,1500,1000,1500,
781362,up,ok,1000,1500,1000,1500,
781372,up,ok,1500,2250,1000,1500,
781713,orig,ok,2000,3000,1000,1500,
781849,orig,ok,1364,2048,1000,1500,
782072,up,ok,1700,2550,1000,1500,
782140,orig,ok,1529,2126,1000,1500,
782172,orig,ok,2000,3000,1000,1500,
782179,orig,ok,2000,3000,1000,1500,
782204,up,ok,1200,1800,1000,1500,
782236,orig,ok,1080,1600,1000,1500,
782442,orig,ok,2000,3000,1000,1500,
782667,up,ok,1000,1500,1000,1500,
782936,orig,ok,1000,1500,1000,1500,
783061,up,ok,1000,1500,1000,1500,
783233,up,ok,1900,2850,1000,1500,
783262,orig,ok,2000,3000,1000,1500,
783333,orig,ok,1000,1500,1000,1500,
783546,orig,ok,2000,2951,1000,1500,
783638,up,ok,1168,1728,1000,1500,
783990,orig,ok,1057,1500,1000,1500,
784217,orig,ok,1170,1755,1000,1500,
784284,orig,ok,1000,1500,1000,1500,
784593,up,ok,1500,2090,1000,1500,
784800,up,ok,1000,1500,1000,1500,
784858,up,ok,1440,1920,1000,1500,
785174,up,ok,1844,2740,1000,1500,
785614,orig,ok,2000,3000,1000,1500,
785734,orig,ok,1200,1778,1000,1500,
785757,orig,ok,1214,1821,1000,1500,
785869,up,ok,1920,2880,1000,1500,
785885,up,ok,1826,2430,1000,1500,
786050,up,ok,1000,1500,1000,1500,
786110,orig,ok,2000,3000,1000,1500,
786573,orig,ok,2000,3000,1000,1500,
786584,up,ok,1600,2400,1000,1500,
786627,orig,ok,2000,3000,1000,1500,
786966,orig,ok,2000,3000,1000,1500,
786971,orig,ok,1000,1500,1000,1500,
786990,orig,ok,2000,3000,1000,1500,
787009,orig,ok,1000,1500,1000,1500,
787052,orig,ok,1000,1500,1000,1500,
787174,orig,ok,1000,1500,1000,1500,
787180,orig,ok,1200,1600,1000,1500,
787277,up,ok,1120,1590,1000,1500,
787283,orig,ok,1587,2245,1000,1500,
787344,orig,ok,1205,1704,1000,1500,
787465,orig,ok,1000,1500,1000,1500,
787469,orig,ok,1000,1500,1000,1500,
787747,up,ok,1600,2400,1000,1500,
788176,up,ok,1000,1500,1000,1500,
788470,orig,ok,2000,3000,1000,1500,
788527,orig,ok,2000,3000,1000,1500,
788635,up,ok,1000,1500,1000,1500,
789375,up,ok,1354,1920,1000,1500,
789382,orig,ok,2000,3000,1000,1500,
789413,orig,ok,2000,3000,1000,1500,
790227,orig,ok,1423,2100,1000,1500,
790509,orig,ok,1067,1600,1000,1500,
790803,orig,ok,2000,3000,1000,1500,
790894,orig,ok,2000,3000,1000,1500,
790953,orig,ok,1996,2957,1000,1500,
791177,orig,ok,2000,3000,1000,1500,
791615,orig,ok,1000,1509,1000,1500,
791906,up,ok,1000,1500,1000,1500,
791910,orig,ok,1067,1600,1000,1500,
792101,orig,ok,2000,3000,1000,1500,
792103,orig,ok,1000,1414,1000,1500,
792492,orig,ok,1000,1500,1000,1500,
792667,orig,ok,2000,3000,1000,1500,
792720,orig,ok,1175,1763,1000,1500,
792739,orig,ok,1000,1333,1000,1500,
792741,orig,ok,1000,1500,1000,1500,
792742,orig,ok,1000,1500,1000,1500,
792772,orig,ok,1000,1484,1000,1500,
793002,orig,ok,2000,3000,1000,1500,
793370,orig,ok,1500,2250,1000,1500,
793376,orig,ok,2000,3000,1000,1500,
793462,up,ok,1100,1628,1000,1500,
793786,orig,ok,1200,1600,1000,1500,
793835,orig,ok,1000,1352,1000,1500,
793896,orig,ok,2000,3000,1000,1500,
793914,up,ok,1000,1500,1000,1500,
793942,up,ok,1536,2304,1000,1500,
793967,orig,ok,1000,1482,1000,1500,
794004,orig,ok,2000,3000,1000,1500,
794234,orig,ok,2000,3000,1000,1500,
794686,orig,ok,1200,1600,1000,1500,
794766,orig,ok,2000,3000,1000,1500,
794783,orig,ok,2000,3000,1000,1500,
794925,up,ok,1576,2364,1000,1500,
795206,up,ok,1708,2560,1000,1500,
795422,orig,ok,1280,1920,1000,1500,
795444,up,ok,1600,2134,1000,1500,
795518,orig,ok,2000,3000,1000,1500,
795562,orig,ok,1284,1803,1000,1500,
795604,orig,ok,2000,3000,1000,1500,
796256,orig,ok,1600,2400,1000,1500,
796265,orig,ok,1383,2048,1000,1500,
796353,orig,ok,1175,1763,1000,1500,
796428,orig,ok,1400,2100,1000,1500,
796581,orig,ok,1920,2880,1000,1500,
796734,up,ok,1190,1684,1000,1500,
796759,orig,ok,1000,1500,1000,1500,
797003,orig,ok,1135,1702,1000,1500,
797134,orig,ok,1000,1500,1000,1500,
797147,orig,ok,1000,1500,1000,1500,
797166,orig,ok,2000,3000,1000,1500,
797333,orig,ok,1067,1599,1000,1500,
797502,orig,ok,1228,1736,1000,1500,
797764,orig,ok,1073,1611,1000,1500,
797815,orig,ok,2000,3000,1000,1500,
798060,orig,ok,2000,3000,1000,1500,
798091,up,ok,1138,1600,1000,1500,
798155,orig,ok,2000,3000,1000,1500,
798296,orig,ok,1000,1500,1000,1500,
798443,up,ok,1000,1500,1000,1500,
798529,orig,ok,2000,3000,1000,1500,
799051,up,ok,1010,1514,1000,1500,
799102,orig,ok,2000,3000,1000,1500,
799134,orig,ok,1200,1600,1000,1500,
799139,orig,ok,1200,1600,1000,1500,
799144,up,ok,1100,1628,1000,1500,
799182,up,ok,1894,2848,1000,1500,
799640,orig,ok,2000,3000,1000,1500,
799878,orig,ok,1920,2880,1000,1500,
799933,orig,ok,1000,1500,1000,1500,
799959,orig,ok,2000,3000,1000,1500,
799982,orig,ok,2000,3000,1000,1500,
800109,orig,ok,2000,3000,1000,1500,
800198,orig,ok,2000,3000,1000,1500,
800319,orig,ok,2000,3000,1000,1500,
800417,orig,ok,1067,1600,1000,1500,
800681,orig,ok,2000,3000,1000,1500,
800748,orig,ok,2000,3000,1000,1500,
800815,orig,ok,1032,1548,1000,1500,
800891,up,ok,1600,2400,1000,1500,
801078,orig,ok,2000,3000,1000,1500,
801085,orig,ok,1800,2700,1000,1500,
801271,orig,ok,1000,1500,1000,1500,
801320,orig,ok,1067,1600,1000,1500,
801449,up,ok,1000,1500,1000,1500,
801464,orig,ok,1066,1600,1000,1500,
801485,orig,ok,1400,2100,1000,1500,
801548,up,ok,1000,1500,1000,1500,
801557,orig,ok,2000,3000,1000,1500,
801583,up,ok,1000,1500,1000,1500,
801691,orig,ok,2000,3000,1000,1500,
801808,up,ok,1500,2250,1000,1500,
801970,up,ok,1000,1500,1000,1500,
802055,orig,ok,1500,2250,1000,1500,
802108,orig,ok,1364,2048,1000,1500,
802226,orig,ok,1400,2100,1000,1500,
802363,orig,ok,2000,3000,1000,1500,
802605,up,ok,1360,1956,1000,1500,
802610,up,ok,1250,1876,1000,1500,
802724,orig,ok,1280,1920,1000,1500,
802777,orig,ok,1594,2362,1000,1500,
802835,orig,ok,2000,2924,1000,1500,
802917,orig,ok,2000,3000,1000,1500,
802954,up,ok,1206,1708,1000,1500,
803142,orig,ok,1400,2100,1000,1500,
803229,orig,ok,1000,1482,1000,1500,
803442,up,ok,1278,1882,1000,1500,
803912,orig,ok,1000,1500,1000,1500,
804046,orig,ok,2000,3000,1000,1500,
804122,orig,ok,1566,2231,1000,1500,
804261,up,ok,1000,1500,1000,1500,
804755,orig,ok,2000,3000,1000,1500,
804941,orig,ok,1000,1500,1000,1500,
805102,orig,ok,1000,1481,1000,1500,
805209,orig,ok,2000,3000,1000,1500,
805350,orig,ok,1000,1500,1000,1500,
805429,up,ok,1222,1834,1000,1500,
805473,orig,ok,2000,3000,1000,1500,
805475,orig,ok,2000,3000,1000,1500,
805532,orig,ok,1053,1500,1000,1500,
805620,up,ok,1058,1500,1000,1500,
805682,orig,ok,1000,1500,1000,1500,
805688,up,ok,1440,2160,1000,1500,
805705,orig,ok,2000,3000,1000,1500,
806204,orig,ok,1175,1763,1000,1500,
806322,orig,ok,1400,2100,1000,1500,
806731,orig,ok,2000,3000,1000,1500,
806804,orig,ok,1800,2700,1000,1500,
806892,orig,ok,1000,1500,1000,1500,
807278,orig,ok,2000,3000,1000,1500,
807412,up,ok,1278,1808,1000,1500,
808039,orig,ok,1000,1500,1000,1500,
808090,orig,ok,2000,3000,1000,1500,
808207,orig,ok,1200,1600,1000,1500,
808865,orig,ok,2000,3000,1000,1500,
809347,orig,ok,2000,2667,1000,1500,
809393,orig,ok,1000,1500,1000,1500,
809654,orig,ok,2000,2963,1000,1500,
809668,up,ok,1360,2000,1000,1500,
809929,orig,ok,2000,3000,1000,1500,
810045,orig,ok,1400,2100,1000,1500,
810047,up,ok,1604,2406,1000,1500,
810263,orig,ok,1000,1500,1000,1500,
810271,orig,ok,2000,3000,1000,1500,
810402,up,ok,1000,1500,1000,1500,
810499,orig,ok,1000,1500,1000,1500,
811061,orig,ok,1000,1500,1000,1500,
811068,orig,ok,2000,3000,1000,1500,
811076,orig,ok,1000,1500,1000,1500,
811646,orig,ok,1530,2161,1000,1500,
811656,orig,ok,2000,3000,1000,1500,
811847,up,ok,1262,1918,1000,1500,
812320,orig,ok,1920,2880,1000,1500,
812340,up,ok,1166,1746,1000,1500,
812795,orig,ok,2000,3000,1000,1500,
812969,orig,ok,1000,1500,1000,1500,
813006,orig,ok,1000,1500,1000,1500,
813743,orig,ok,2000,3000,1000,1500,
813848,orig,ok,1920,2880,1000,1500,
814029,orig,ok,2000,3000,1000,1500,
814048,orig,ok,1400,2100,1000,1500,
814084,orig,ok,2000,3000,1000,1500,
814406,up,ok,1784,2674,1000,1500,
814426,orig,ok,1000,1500,1000,1500,
814615,orig,ok,2000,3000,1000,1500,
814891,orig,ok,2000,3000,1000,1500,
815088,orig,ok,2000,3000,1000,1500,
815128,orig,ok,1175,1763,1000,1500,
815136,orig,ok,2000,3000,1000,1500,
816187,orig,ok,1000,1500,1000,1500,
816365,up,ok,1132,1500,1000,1500,
816450,up,ok,1656,2226,1000,1500,
816949,up,ok,1000,1500,1000,1500,
818108,up,ok,1000,1500,1000,1500,
818269,orig,ok,1575,2100,1000,1500,
818331,orig,ok,2000,2926,1000,1500,
818834,orig,ok,2000,3000,1000,1500,
818972,up,ok,1000,1500,1000,1500,
818999,orig,ok,1566,2231,1000,1500,
819371,orig,ok,1280,1920,1000,1500,
819604,orig,ok,2000,3000,1000,1500,
819926,up,ok,1000,1500,1000,1500,
820385,orig,ok,1058,1587,1000,1500,
820645,orig,ok,1000,1500,1000,1500,
820725,up,ok,1000,1500,1000,1500,
820748,orig,ok,1350,2000,1000,1500,
821390,orig,ok,2000,3000,1000,1500,
821479,orig,ok,1487,2109,1000,1500,
821499,orig,ok,2000,3000,1000,1500,
821501,up,ok,1138,1706,1000,1500,
821783,orig,ok,1000,1500,1000,1500,
822435,orig,ok,1400,2100,1000,1500,
822441,orig,ok,2000,3000,1000,1500,
822554,orig,ok,1000,1500,1000,1500,
822618,orig,ok,2000,3000,1000,1500,
823040,orig,ok,1526,2175,1000,1500,
823339,orig,ok,2000,3000,1000,1500,
823359,orig,ok,1034,1551,1000,1500,
823393,up,ok,1424,2134,1000,1500,
823427,orig,ok,1170,1560,1000,1500,
823594,orig,ok,1000,1500,1000,1500,
823662,orig,ok,1538,2175,1000,1500,
824063,up,ok,1000,1500,1000,1500,
824657,up,ok,1000,1500,1000,1500,
824739,orig,ok,1446,2047,1000,1500,
824806,orig,ok,2000,3000,1000,1500,
824915,orig,ok,1000,1500,1000,1500,
824923,orig,ok,1000,1500,1000,1500,
825193,orig,ok,1200,1600,1000,1500,
825465,orig,ok,1728,2592,1000,1500,
825824,orig,ok,1000,1413,1000,1500,
826047,orig,ok,2000,3000,1000,1500,
826048,orig,ok,1000,1500,1000,1500,
826777,orig,ok,2000,3000,1000,1500,
826930,orig,ok,1200,1800,1000,1500,
826933,orig,ok,1066,1600,1000,1500,
827144,orig,ok,2000,3000,1000,1500,
827315,orig,ok,1175,1763,1000,1500,
827525,up,ok,1156,1536,1000,1500,
828305,orig,ok,2000,3000,1000,1500,
828306,orig,ok,1382,2048,1000,1500,
828514,orig,ok,1024,1536,1000,1500,
828683,orig,ok,2000,3000,1000,1500,
828691,up,ok,1200,1800,1000,1500,
829035,orig,ok,2000,3000,1000,1500,
829053,up,ok,1000,1500,1000,1500,
829243,orig,ok,2000,2992,1000,1500,
829358,orig,ok,2000,3000,1000,1500,
829370,up,ok,1002,1500,1000,1500,
829410,orig,ok,2000,3000,1000,1500,
830524,orig,ok,1920,2560,1000,1500,
830794,up,ok,1600,2346,1000,1500,
830806,up,ok,1698,2560,1000,1500,
830821,orig,ok,1000,1500,1000,1500,
830826,orig,ok,2000,3000,1000,1500,
831017,up,ok,1800,2550,1000,1500,
831055,orig,ok,1000,1428,1000,1500,
831207,orig,ok,2000,3000,1000,1500,
831396,orig,ok,2000,3000,1000,1500,
831438,orig,ok,2000,3000,1000,1500,
832227,orig,ok,2000,3000,1000,1500,
832233,up,ok,1920,2880,1000,1500,
832257,orig,ok,2000,3000,1000,1500,
832543,up,ok,1624,2436,1000,1500,
832672,up,ok,1520,2280,1000,1500,
833200,orig,ok,2000,3000,1000,1500,
833249,orig,ok,2000,3000,1000,1500,
833468,orig,ok,1034,1378,1000,1500,
833804,orig,ok,2000,3000,1000,1500,
834332,orig,ok,2000,3000,1000,1500,
834347,orig,ok,2000,3000,1000,1500,
834619,orig,ok,1333,2000,1000,1500,
835243,up,ok,1468,2202,1000,1500,
835292,orig,ok,2000,3000,1000,1500,
835679,orig,ok,2000,3000,1000,1500,
835742,up,ok,1000,1500,1000,1500,
835746,up,ok,1000,1500,1000,1500,
835875,up,ok,1000,1500,1000,1500,
836008,orig,ok,1000,1500,1000,1500,
836221,orig,ok,1067,1600,1000,1500,
836713,orig,ok,1000,1500,1000,1500,
836998,orig,ok,1000,1333,1000,1500,
837271,up,ok,1438,2048,1000,1500,
837382,up,ok,1300,1846,1000,1500,
837542,orig,ok,1000,1500,1000,1500,
837544,up,ok,1498,2248,1000,1500,
837707,up,ok,1440,2188,1000,1500,
837997,orig,ok,1600,2400,1000,1500,
838322,up,ok,1044,1500,1000,1500,
838594,orig,ok,2000,3000,1000,1500,
838819,orig,ok,1212,1773,1000,1500,
839097,orig,ok,1053,1500,1000,1500,
839436,orig,ok,1200,1600,1000,1500,
839440,orig,ok,1066,1600,1000,1500,
840537,orig,ok,1920,2880,1000,1500,
840543,orig,ok,2000,3000,1000,1500,
840705,orig,ok,2000,3000,1000,1500,
841591,orig,ok,1200,1600,1000,1500,
841657,up,ok,1302,1920,1000,1500,
841946,orig,ok,1400,2100,1000,1500,
842098,up,ok,1000,1504,1000,1500,
842139,orig,ok,2000,3000,1000,1500,
842169,orig,ok,1067,1600,1000,1500,
842200,up,ok,1280,1920,1000,1500,
842343,orig,ok,1071,1500,1000,1500,
842493,orig,ok,2000,3000,1000,1500,
842715,orig,ok,1000,1500,1000,1500,
842721,orig,ok,2000,3000,1000,1500,
842786,orig,ok,1691,2536,1000,1500,
842891,orig,ok,1156,1727,1000,1500,
843289,orig,ok,1066,1600,1000,1500,
843324,orig,ok,2000,3000,1000,1500,
843679,orig,ok,1000,1500,1000,1500,
843878,orig,ok,1200,1800,1000,1500,
843880,orig,ok,1200,1600,1000,1500,
843898,orig,ok,2000,3000,1000,1500,
843932,orig,ok,2000,3000,1000,1500,
844059,orig,ok,1071,1500,1000,1500,
844295,orig,ok,2000,3000,1000,1500,
844380,orig,ok,2000,3000,1000,1500,
844396,orig,ok,2000,3000,1000,1500,
844398,orig,ok,2000,3000,1000,1500,
844697,up,ok,1048,1598,1000,1500,
844775,orig,ok,2000,3000,1000,1500,
844918,orig,ok,1000,1500,1000,1500,
845004,up,ok,1000,1500,1000,1500,
845061,orig,ok,1000,1500,1000,1500,
845554,orig,ok,1066,1599,1000,1500,
845643,orig,ok,2000,3000,1000,1500,
846045,up,ok,1000,1500,1000,1500,
846278,up,ok,1200,1598,1000,1500,
846284,up,ok,1000,1500,1000,1500,
846441,orig,ok,2000,3000,1000,1500,
846778,orig,ok,1400,2100,1000,1500,
846785,orig,ok,2000,3000,1000,1500,
847163,up,ok,1600,2400,1000,1500,
847314,up,ok,1000,1500,1000,1500,
847339,up,ok,1000,1500,1000,1500,
847802,orig,ok,1100,1630,1000,1500,
847996,orig,ok,2000,3000,1000,1500,
848067,orig,ok,1000,1500,1000,1500,
848186,orig,ok,1200,1600,1000,1500,
848239,up,ok,1000,1500,1000,1500,
848278,orig,ok,2000,3000,1000,1500,
848391,up,ok,1920,2880,1000,1500,
848440,up,ok,1600,2134,1000,1500,
848664,orig,ok,1000,1500,1000,1500,
848723,orig,ok,2000,3000,1000,1500,
848740,up,ok,1334,2000,1000,1500,
848839,up,ok,1200,1700,1000,1500,
848842,orig,ok,1000,1500,1000,1500,
848886,orig,ok,2000,3000,1000,1500,
848887,orig,ok,2000,3000,1000,1500,
848912,orig,ok,1242,1753,1000,1500,
848955,orig,ok,1920,2560,1000,1500,
849042,orig,ok,1000,1500,1000,1500,
849043,orig,ok,2000,3000,1000,1500,
849361,orig,ok,1366,2048,1000,1500,
849365,orig,ok,2000,3000,1000,1500,
849369,orig,ok,2000,3000,1000,1500,
849422,orig,ok,2000,3000,1000,1500,
849496,up,ok,1656,2484,1000,1500,
849847,up,ok,1000,1500,1000,1500,
850099,orig,ok,1280,1920,1000,1500,
850127,up,ok,1376,2064,1000,1500,
851025,up,ok,1000,1500,1000,1500,
851124,orig,ok,1000,1432,1000,1500,
851275,up,ok,1322,2000,1000,1500,
851296,up,ok,1002,1500,1000,1500,
851307,orig,ok,1572,2354,1000,1500,
851308,up,ok,1000,1500,1000,1500,
851466,up,ok,1808,2560,1000,1500,
851539,up,ok,1000,1500,1000,1500,
851622,orig,ok,1000,1500,1000,1500,
851661,orig,ok,1500,2250,1000,1500,
851782,orig,ok,1400,2100,1000,1500,
851839,up,ok,1002,1500,1000,1500,
851862,orig,ok,1000,1500,1000,1500,
851972,orig,ok,2000,3000,1000,1500,
852093,up,ok,1978,2966,1000,1500,
852252,orig,ok,1748,2598,1000,1500,
852283,orig,ok,2000,3000,1000,1500,
852485,orig,ok,2000,3000,1000,1500,
852565,orig,ok,1926,2889,1000,1500,
852636,orig,ok,2000,3000,1000,1500,
852676,up,ok,1000,1500,1000,1500,
852696,orig,ok,1270,1904,1000,1500,
852783,orig,ok,1000,1500,1000,1500,
852850,up,ok,1698,2548,1000,1500,
852862,orig,ok,2000,3000,1000,1500,
852888,orig,ok,2000,3000,1000,1500,
852910,orig,ok,2000,3000,1000,1500,
852917,orig,ok,1000,1500,1000,1500,
852986,up,ok,1000,1500,1000,1500,
853085,orig,ok,2000,3000,1000,1500,
853155,up,ok,1600,2400,1000,1500,
853157,orig,ok,2000,3000,1000,1500,
853413,orig,ok,1481,2221,1000,1500,
853590,orig,ok,1000,1326,1000,1500,
853682,orig,ok,1920,2560,1000,1500,
853688,up,ok,1000,1500,1000,1500,
853691,up,ok,1272,1908,1000,1500,
853730,up,ok,1340,2010,1000,1500,
853764,orig,ok,2000,3000,1000,1500,
853770,orig,ok,2000,3000,1000,1500,
854160,orig,ok,2000,3000,1000,1500,
854188,orig,ok,1280,1920,1000,1500,
854240,up,ok,1000,1500,1000,1500,
854244,orig,ok,2000,3000,1000,1500,
854251,orig,ok,2000,3000,1000,1500,
854283,orig,ok,1000,1500,1000,1500,
854529,orig,ok,2000,3000,1000,1500,
854640,orig,ok,1440,2154,1000,1500,
854748,up,ok,1404,2000,1000,1500,
854765,orig,ok,2000,3000,1000,1500,
854852,orig,ok,1944,2952,1000,1500,
854867,orig,ok,1707,2560,1000,1500,
854881,orig,ok,1175,1763,1000,1500,
854887,orig,ok,2000,3000,1000,1500,
854890,orig,ok,2000,3000,1000,1500,
855033,up,ok,1000,1500,1000,1500,
855192,orig,ok,2000,3000,1000,1500,
855197,orig,ok,2000,3000,1000,1500,
855202,orig,ok,1500,2000,1000,1500,
855228,orig,ok,2000,3000,1000,1500,
855273,orig,ok,1701,2520,1000,1500,
855435,orig,ok,1200,1800,1000,1500,
855560,orig,ok,1365,2048,1000,1500,
856015,up,ok,1034,1552,1000,1500,
856082,orig,ok,1348,2048,1000,1500,
856273,orig,ok,1920,2880,1000,1500,
856290,orig,ok,1170,1716,1000,1500,
856421,orig,ok,2000,2963,1000,1500,
856517,orig,ok,1080,1600,1000,1500,
856639,up,ok,1940,2896,1000,1500,
856661,orig,ok,2000,3000,1000,1500,
856668,orig,ok,1000,1474,1000,1500,
856680,up,ok,1024,1536,1000,1500,
857240,up,ok,1000,1500,1000,1500,
857382,up,ok,1578,2366,1000,1500,
857391,orig,ok,1028,1542,1000,1500,
857501,orig,ok,2000,3000,1000,1500,
857570,up,ok,1676,2514,1000,1500,
857614,up,ok,1200,1800,1000,1500,
857821,orig,ok,2000,3000,1000,1500,
858015,orig,ok,1920,2879,1000,1500,
858020,orig,ok,1382,2048,1000,1500,
858159,up,ok,1960,2940,1000,1500,
858161,orig,ok,1365,2048,1000,1500,
858296,orig,ok,1442,2048,1000,1500,
858524,orig,ok,1067,1600,1000,1500,
858600,up,ok,1000,1500,1000,1500,
858653,up,ok,1000,1500,1000,1500,
858747,orig,ok,2000,3000,1000,1500,
858790,orig,ok,1953,2904,1000,1500,
858824,orig,ok,2000,3000,1000,1500,
858856,up,ok,1000,1500,1000,1500,
859347,orig,ok,1170,1755,1000,1500,
859357,orig,ok,2000,3000,1000,1500,
859428,up,ok,1200,1600,1000,1500,
859430,up,ok,1200,1600,1000,1500,
859431,up,ok,1200,1600,1000,1500,
859497,orig,ok,2000,3000,1000,1500,
859839,up,ok,1052,1500,1000,1500,
859912,orig,ok,2000,3000,1000,1500,
859992,orig,ok,1531,2296,1000,1500,
860022,orig,ok,1367,2048,1000,1500,
860135,up,ok,1920,2880,1000,1500,
860177,up,ok,1000,1500,1000,1500,
860292,up,ok,1372,2032,1000,1500,
860346,up,ok,1000,1500,1000,1500,
860764,up,ok,1000,1500,1000,1500,
860767,orig,ok,2000,3000,1000,1500,
860861,up,ok,1000,1500,1000,1500,
860867,orig,ok,1000,1500,1000,1500,
860869,orig,ok,1000,1500,1000,1500,
861057,orig,ok,2000,3000,1000,1500,
861069,orig,ok,2000,3000,1000,1500,
861165,orig,ok,1200,1710,1000,1500,
861264,orig,ok,1280,1920,1000,1500,
861367,orig,ok,1000,1333,1000,1500,
861454,up,ok,1706,2560,1000,1500,
861507,up,ok,1000,1500,1000,1500,
861523,orig,ok,1920,2880,1000,1500,
862009,up,ok,1000,1500,1000,1500,
862029,up,ok,1054,1552,1000,1500,
862035,orig,ok,2000,3000,1000,1500,
862065,up,ok,1000,1500,1000,1500,
862239,up,ok,1012,1500,1000,1500,
862250,up,ok,1000,1500,1000,1500,
862280,up,ok,1800,2700,1000,1500,
862404,up,ok,1000,1500,1000,1500,
862529,orig,ok,2000,3000,1000,1500,
862533,orig,ok,1221,1831,1000,1500,
862538,up,ok,1000,1500,1000,1500,
863371,orig,ok,1116,1674,1000,1500,
863406,orig,ok,1366,2048,1000,1500,
863831,orig,ok,1000,1500,1000,1500,
863848,orig,ok,1000,1481,1000,1500,
863946,orig,ok,2000,3000,1000,1500,
864142,up,ok,1000,1500,1000,1500,
864207,up,ok,1356,1920,1000,1500,
864536,orig,ok,1500,2250,1000,1500,
864750,up,ok,1166,1750,1000,1500,
864850,orig,ok,1000,1333,1000,1500,
865390,up,ok,1000,1500,1000,1500,
865419,up,ok,1360,2040,1000,1500,
865439,up,ok,1320,1980,1000,1500,
865672,up,ok,1000,1500,1000,1500,
866027,up,ok,1832,2532,1000,1500,
866376,orig,ok,2000,3000,1000,1500,
866510,orig,ok,1400,2100,1000,1500,
866661,up,ok,1000,1500,1000,1500,
866741,orig,ok,2000,3000,1000,1500,
868706,orig,ok,1000,1500,1000,1500,
869046,up,ok,1000,1500,1000,1500,
869136,orig,ok,1465,1921,1000,1500,
869150,orig,ok,2000,3000,1000,1500,
869434,orig,ok,2000,3000,1000,1500,
869528,orig,ok,1000,1428,1000,1500,
869538,orig,ok,1306,1830,1000,1500,
869710,orig,ok,2000,3000,1000,1500,
869989,orig,ok,2000,3000,1000,1500,
870110,orig,ok,1056,1585,1000,1500,
870182,orig,ok,1000,1417,1000,1500,
870352,orig,ok,1200,1800,1000,1500,
870383,up,ok,1520,2160,1000,1500,
870619,orig,ok,1200,1600,1000,1500,
870671,orig,ok,2000,3000,1000,1500,
871624,up,ok,1392,2090,1000,1500,
872253,up,ok,1200,1600,1000,1500,
872283,orig,ok,2000,3000,1000,1500,
872325,orig,ok,1587,2245,1000,1500,
872376,up,ok,1000,1500,1000,1500,
872497,orig,ok,2000,3000,1000,1500,
872554,orig,ok,2000,3000,1000,1500,
872640,orig,ok,2000,3000,1000,1500,
872642,up,ok,1920,2880,1000,1500,
872890,orig,ok,2000,3000,1000,1500,
873096,up,ok,1752,2612,1000,1500,
873529,orig,ok,2000,3000,1000,1500,
873639,up,ok,1280,1920,1000,1500,
873674,orig,ok,1000,1500,1000,1500,
873787,up,ok,1000,1500,1000,1500,
873808,up,ok,1778,2666,1000,1500,
873904,orig,ok,1440,2160,1000,1500,
873967,up,ok,1600,2400,1000,1500,
874265,orig,ok,1000,1500,1000,1500,
874728,orig,ok,2000,3000,1000,1500,
874753,orig,ok,1587,2245,1000,1500,
874756,orig,ok,1587,2245,1000,1500,
874758,orig,ok,1587,2245,1000,1500,
874891,orig,ok,1400,2100,1000,1500,
875236,up,ok,1280,1920,1000,1500,
875268,up,ok,1500,2250,1000,1500,
875314,orig,ok,1200,1800,1000,1500,
875893,orig,ok,1125,1500,1000,1500,
875903,up,ok,1000,1500,1000,1500,
876084,orig,ok,1000,1500,1000,1500,
876254,orig,ok,1000,1500,1000,1500,
876269,orig,ok,2000,3000,1000,1500,
876283,orig,ok,1231,1828,1000,1500,
876286,up,ok,1000,1500,1000,1500,
876598,orig,ok,1000,1500,1000,1500,
876708,orig,ok,1359,2048,1000,1500,
876802,orig,ok,2000,3000,1000,1500,
877087,orig,ok,1000,1500,1000,1500,
877106,up,ok,1664,2496,1000,1500,
877436,up,ok,1000,1500,1000,1500,
877626,orig,ok,2000,3000,1000,1500,
877975,orig,ok,1200,1800,1000,1500,
878367,up,ok,1000,1500,1000,1500,
878414,orig,ok,1575,2100,1000,1500,
878508,orig,ok,2000,3000,1000,1500,
878576,up,ok,1000,1500,1000,1500,
878750,orig,ok,2000,3000,1000,1500,
878777,orig,ok,1050,1538,1000,1500,
878900,up,ok,1432,1882,1000,1500,
878958,up,ok,1332,2000,1000,1500,
879062,up,ok,1800,2738,1000,1500,
879203,orig,ok,1000,1500,1000,1500,
879209,orig,ok,1000,1415,1000,1500,
879329,orig,ok,2000,3000,1000,1500,
879432,orig,ok,2000,3000,1000,1500,
879538,orig,ok,2000,3000,1000,1500,
879600,orig,ok,2000,3000,1000,1500,
879672,orig,ok,1358,2000,1000,1500,
879878,up,ok,1774,2688,1000,1500,
879879,orig,ok,1000,1500,1000,1500,
879912,up,ok,1566,2346,1000,1500,
879917,orig,ok,1000,1500,1000,1500,
879957,orig,ok,1368,2025,1000,1500,
880004,orig,ok,2000,3000,1000,1500,
880226,orig,ok,2000,3000,1000,1500,
880381,orig,ok,1600,2234,1000,1500,
880393,up,ok,1366,2048,1000,1500,
880515,orig,ok,2000,3000,1000,1500,
880623,orig,ok,2000,3000,1000,1500,
880841,orig,ok,2000,3000,1000,1500,
881138,up,ok,1000,1500,1000,1500,
881212,orig,ok,1672,2507,1000,1500,
881349,orig,ok,1000,1500,1000,1500,
881460,orig,ok,2000,3000,1000,1500,
881464,orig,ok,1000,1500,1000,1500,
881487,orig,ok,2000,3000,1000,1500,
881555,orig,ok,2000,3000,1000,1500,
881855,up,ok,1064,1500,1000,1500,
881882,orig,ok,2000,3000,1000,1500,
882162,orig,ok,1175,1763,1000,1500,
882431,up,ok,1862,2794,1000,1500,
882488,orig,ok,1000,1500,1000,1500,
882754,up,ok,1584,2406,1000,1500,
882835,up,ok,1008,1500,1000,1500,
882904,up,ok,1360,2000,1000,1500,
882948,up,ok,1360,2000,1000,1500,
883034,orig,ok,1772,2598,1000,1500,
883185,orig,ok,1382,2048,1000,1500,
883347,orig,ok,1527,2158,1000,1500,
884288,up,ok,1000,1500,1000,1500,
884356,up,ok,1002,1500,1000,1500,
884517,orig,ok,1500,2250,1000,1500,
884536,orig,ok,1200,1600,1000,1500,
884882,orig,ok,1920,2880,1000,1500,
885121,orig,ok,2000,3000,1000,1500,
885187,orig,ok,1000,1500,1000,1500,
885284,orig,ok,1680,2520,1000,1500,
885346,orig,ok,1066,1600,1000,1500,
885468,up,ok,1800,2400,1000,1500,
885683,orig,ok,1067,1600,1000,1500,
885755,orig,ok,1000,1500,1000,1500,
885903,orig,ok,1390,2048,1000,1500,
885938,up,ok,1708,2560,1000,1500,
886142,up,ok,1066,1600,1000,1500,
886427,orig,ok,1067,1600,1000,1500,
886481,orig,ok,1000,1500,1000,1500,
886514,up,ok,1000,1500,1000,1500,
886581,orig,ok,1200,1600,1000,1500,
886778,orig,ok,2000,3000,1000,1500,
886873,orig,ok,1200,1800,1000,1500,
886963,orig,ok,1175,1763,1000,1500,
887130,orig,ok,1000,1500,1000,1500,
887265,orig,ok,1000,1333,1000,1500,
887318,orig,ok,2000,3000,1000,1500,
887445,up,ok,1000,1500,1000,1500,
887690,up,ok,1200,1600,1000,1500,
888192,up,ok,1000,1500,1000,1500,
888212,up,ok,1600,2400,1000,1500,
888257,orig,ok,2000,3000,1000,1500,
888368,orig,ok,1572,2380,1000,1500,
888452,up,ok,1900,2850,1000,1500,
888502,orig,ok,1067,1600,1000,1500,
888694,orig,ok,1000,1500,1000,1500,
888838,orig,ok,2000,3000,1000,1500,
889046,orig,ok,2000,3000,1000,1500,
889418,orig,ok,1744,2616,1000,1500,
889485,orig,ok,1000,1500,1000,1500,
889753,orig,ok,1175,1763,1000,1500,
889977,orig,ok,1000,1500,1000,1500,
890348,orig,ok,1101,1651,1000,1500,
890407,orig,ok,2000,3000,1000,1500,
891195,up,ok,1364,2048,1000,1500,
891702,orig,ok,1082,1600,1000,1500,
891704,up,ok,1000,1500,1000,1500,
891931,up,ok,1800,2570,1000,1500,
891983,orig,ok,2000,3000,1000,1500,
891989,up,ok,1000,1500,1000,1500,
891996,orig,ok,1000,1500,1000,1500,
892075,orig,ok,1067,1600,1000,1500,
892087,up,ok,1000,1500,1000,1500,
892110,orig,ok,1000,1331,1000,1500,
892113,orig,ok,2000,3000,1000,1500,
892175,up,ok,1332,2000,1000,1500,
892219,orig,ok,1000,1428,1000,1500,
892771,orig,ok,1000,1480,1000,1500,
893032,orig,ok,2000,3000,1000,1500,
893861,up,ok,1000,1500,1000,1500,
893985,up,ok,1344,1920,1000,1500,
894239,up,ok,1022,1536,1000,1500,
894844,up,ok,1890,2664,1000,1500,
895814,orig,ok,1280,1920,1000,1500,
895862,up,ok,1626,2442,1000,1500,
896163,orig,ok,2000,3000,1000,1500,
896352,orig,ok,1000,1500,1000,1500,
896448,orig,ok,1185,1777,1000,1500,
897343,orig,ok,1064,1596,1000,1500,
897424,orig,ok,2000,3000,1000,1500,
897871,orig,ok,1000,1519,1000,1500,
897954,orig,ok,2000,3000,1000,1500,
898100,up,ok,1000,1500,1000,1500,
898563,orig,ok,1000,1500,1000,1500,
898714,up,ok,1784,2676,1000,1500,
898770,orig,ok,2000,3000,1000,1500,
898774,orig,ok,1024,1464,1000,1500,
898791,orig,ok,1400,2000,1000,1500,
898798,orig,ok,2000,3000,1000,1500,
899215,orig,ok,1000,1334,1000,1500,
899294,orig,ok,2000,3000,1000,1500,
899324,orig,ok,1000,1431,1000,1500,
899907,orig,ok,2000,3000,1000,1500,
899977,orig,ok,2000,3000,1000,1500,
900273,orig,ok,2000,3000,1000,1500,
900322,up,ok,1600,2360,1000,1500,
900913,orig,ok,2000,3000,1000,1500,
901060,orig,ok,1000,1500,1000,1500,
901321,up,ok,1600,2400,1000,1500,
901385,orig,ok,1800,2700,1000,1500,
901418,orig,ok,1200,1800,1000,1500,
903040,orig,ok,2000,3000,1000,1500,
903500,up,ok,1000,1500,1000,1500,
903513,up,ok,1050,1500,1000,1500,
903802,orig,ok,2000,3000,1000,1500,
904116,orig,ok,1000,1500,1000,1500,
904924,up,ok,1078,1584,1000,1500,
904926,up,ok,1000,1500,1000,1500,
904929,up,ok,1000,1500,1000,1500,
904931,up,ok,1060,1592,1000,1500,
905044,orig,ok,1138,1600,1000,1500,
906460,orig,ok,1920,2880,1000,1500,
907390,orig,ok,1027,1540,1000,1500,
910355,orig,ok,1076,1614,1000,1500,
911425,up,ok,1360,2000,1000,1500,
911860,orig,ok,1760,2515,1000,1500,
912391,orig,ok,2000,3000,1000,1500,
912404,orig,ok,1000,1414,1000,1500,
912734,orig,ok,1000,1500,1000,1500,
912858,orig,ok,1000,1500,1000,1500,
912865,orig,ok,2000,3000,1000,1500,
912937,up,ok,1316,2000,1000,1500,
913062,up,ok,1000,1500,1000,1500,
913290,orig,ok,2000,3000,1000,1500,
913415,orig,ok,2000,3000,1000,1500,
913568,orig,ok,1000,1500,1000,1500,
913726,up,ok,1000,1500,1000,1500,
913878,orig,ok,1000,1501,1000,1500,
914228,up,ok,1536,2048,1000,1500,
915967,up,ok,1000,1500,1000,1500,
915982,orig,ok,2000,3000,1000,1500,
915984,orig,ok,1508,2048,1000,1500,
916300,orig,ok,1500,2000,1000,1500,
916433,orig,ok,2000,3000,1000,1500,
916489,up,ok,1000,1500,1000,1500,
916735,orig,ok,2000,3000,1000,1500,
917199,orig,ok,2000,3000,1000,1500,
917222,orig,ok,1000,1500,1000,1500,
917315,orig,ok,1500,2000,1000,1500,
917324,up,ok,1000,1500,1000,1500,
917514,up,ok,1000,1500,1000,1500,
917708,orig,ok,2000,3000,1000,1500,
917990,orig,ok,2000,3000,1000,1500,
918007,up,ok,1944,2592,1000,1500,
918356,orig,ok,1000,1500,1000,1500,
918594,orig,ok,1800,2400,1000,1500,
918621,orig,ok,1365,2047,1000,1500,
918749,orig,ok,1000,1482,1000,1500,
918940,up,ok,1796,2514,1000,1500,
919076,up,ok,1044,1500,1000,1500,
919345,orig,ok,2000,3000,1000,1500,
919873,orig,ok,1067,1599,1000,1500,
920429,orig,ok,2000,3000,1000,1500,
920470,up,ok,1000,1500,1000,1500,
920642,orig,ok,2000,2667,1000,1500,
921213,up,ok,1000,1500,1000,1500,
921216,orig,ok,1000,1500,1000,1500,
922496,orig,ok,1728,2304,1000,1500,
922504,up,ok,1800,2570,1000,1500,
922562,orig,ok,1920,2879,1000,1500,
922607,orig,ok,1000,1500,1000,1500,
922848,orig,ok,1175,1763,1000,1500,
923217,orig,ok,2000,3000,1000,1500,
923321,up,ok,1010,1500,1000,1500,
923672,up,ok,1278,1916,1000,1500,
923763,orig,ok,2000,3000,1000,1500,
923994,orig,ok,1944,2880,1000,1500,
923995,orig,ok,2000,3000,1000,1500,
924033,orig,ok,1000,1418,1000,1500,
924323,up,ok,1600,2254,1000,1500,
924618,orig,ok,2000,3000,1000,1500,
925168,orig,ok,2000,3000,1000,1500,
925457,orig,ok,1437,2155,1000,1500,
925705,orig,ok,2000,3000,1000,1500,
926003,up,ok,1086,1554,1000,1500,
926092,up,ok,1132,1698,1000,1500,
926153,orig,ok,1920,2879,1000,1500,
926166,orig,ok,1177,1547,1000,1500,
926255,orig,ok,1166,1749,1000,1500,
926378,orig,ok,2000,3000,1000,1500,
926449,orig,ok,1280,1920,1000,1500,
926682,orig,ok,2000,3000,1000,1500,
926687,orig,ok,2000,3000,1000,1500,
926762,orig,ok,2000,3000,1000,1500,
926813,up,ok,1000,1500,1000,1500,
926818,orig,ok,1500,2251,1000,1500,
926827,up,ok,1120,1678,1000,1500,
926831,orig,ok,1365,2048,1000,1500,
926837,orig,ok,1800,2700,1000,1500,
927287,up,ok,1000,1500,1000,1500,
927359,orig,ok,1000,1500,1000,1500,
927516,up,ok,1000,1500,1000,1500,
927771,orig,ok,1438,2158,1000,1500,
927849,up,ok,1088,1632,1000,1500,
928015,orig,ok,1333,2000,1000,1500,
928116,orig,ok,1000,1500,1000,1500,
928391,orig,ok,2000,3000,1000,1500,
928773,orig,ok,1000,1409,1000,1500,
928776,orig,ok,1000,1424,1000,1500,
928777,orig,ok,1000,1415,1000,1500,
928778,orig,ok,2000,3000,1000,1500,
928779,orig,ok,1587,2245,1000,1500,
928796,up,ok,1000,1500,1000,1500,
929030,up,ok,1400,2100,1000,1500,
929118,orig,ok,2000,3000,1000,1500,
929334,up,ok,1600,2400,1000,1500,
929562,orig,ok,1920,2879,1000,1500,
929947,orig,ok,1000,1500,1000,1500,
930253,up,ok,1130,1502,1000,1500,
930314,orig,ok,1000,1333,1000,1500,
930791,orig,ok,1316,1861,1000,1500,
931049,up,ok,1408,2000,1000,1500,
931153,orig,ok,2000,3000,1000,1500,
931237,orig,ok,2000,3000,1000,1500,
931295,orig,ok,1000,1500,1000,1500,
931346,orig,ok,2000,3000,1000,1500,
931375,orig,ok,2000,3000,1000,1500,
931447,orig,ok,1200,1600,1000,1500,
931455,orig,ok,1333,2000,1000,1500,
931510,up,ok,1920,2880,1000,1500,
931529,orig,ok,2000,3000,1000,1500,
931594,orig,ok,1920,2879,1000,1500,
931892,orig,ok,2000,3000,1000,1500,
931940,orig,ok,1706,2560,1000,1500,
932276,up,ok,1000,1500,1000,1500,
932994,orig,ok,1137,1705,1000,1500,
933088,orig,ok,1000,1500,1000,1500,
933138,orig,ok,1920,2879,1000,1500,
933140,up,ok,1000,1500,1000,1500,
933726,orig,ok,1260,1904,1000,1500,
933900,orig,ok,2000,3000,1000,1500,
933908,orig,ok,2000,3000,1000,1500,
934131,up,ok,1500,2250,1000,1500,
934194,orig,ok,2000,3000,1000,1500,
934205,orig,ok,2000,3000,1000,1500,
934241,orig,ok,2000,3000,1000,1500,
934438,orig,ok,1488,2232,1000,1500,
934665,up,ok,1000,1500,1000,1500,
934781,orig,ok,1200,1600,1000,1500,
934841,up,ok,1000,1500,1000,1500,
934957,orig,ok,1000,1500,1000,1500,
935020,up,ok,1648,2472,1000,1500,
935347,up,ok,1258,1886,1000,1500,
935720,orig,ok,2000,3000,1000,1500,
935999,orig,ok,1441,2161,1000,1500,
936002,orig,ok,2000,3000,1000,1500,
936042,orig,ok,1106,1500,1000,1500,
936444,orig,ok,2000,3000,1000,1500,
936615,up,ok,1920,2880,1000,1500,
936783,up,ok,1000,1500,1000,1500,
937306,up,ok,1080,1500,1000,1500,
937393,orig,ok,2000,3000,1000,1500,
937765,orig,ok,2000,3000,1000,1500,
938049,up,ok,1200,1722,1000,1500,
938596,orig,ok,1000,1500,1000,1500,
938600,orig,ok,2000,3000,1000,1500,
938669,orig,ok,2000,3000,1000,1500,
938804,orig,ok,1600,2400,1000,1500,
938935,orig,ok,1800,2700,1000,1500,
939616,orig,ok,1080,1600,1000,1500,
939621,orig,ok,1080,1600,1000,1500,
939811,up,ok,1000,1500,1000,1500,
940045,orig,ok,2000,3000,1000,1500,
940382,orig,ok,1333,2000,1000,1500,
940402,orig,ok,1000,1398,1000,1500,
940561,up,ok,1200,1800,1000,1500,
941041,orig,ok,2000,3000,1000,1500,
941060,up,ok,1000,1500,1000,1500,
941062,orig,ok,1000,1414,1000,1500,
941256,orig,ok,1000,1500,1000,1500,
941464,orig,ok,2000,3000,1000,1500,
941516,up,ok,1920,2880,1000,1500,
941711,orig,ok,1360,2040,1000,1500,
941723,up,ok,1086,1600,1000,1500,
942161,up,ok,1360,2000,1000,1500,
942251,orig,ok,2000,3000,1000,1500,
942890,orig,ok,2000,3000,1000,1500,
942907,up,ok,1014,1500,1000,1500,
943233,up,ok,1000,1500,1000,1500,
943527,orig,ok,2000,3000,1000,1500,
943701,up,ok,1440,1920,1000,1500,
943788,orig,ok,2000,3000,1000,1500,
943919,orig,ok,2000,3000,1000,1500,
944323,orig,ok,1067,1600,1000,1500,
944367,up,ok,1000,1500,1000,1500,
944471,orig,ok,2000,3000,1000,1500,
944568,up,ok,1168,1664,1000,1500,
945071,orig,ok,2000,3000,1000,1500,
945093,orig,ok,1000,1500,1000,1500,
945382,up,ok,1438,2048,1000,1500,
945383,orig,ok,2000,3000,1000,1500,
945610,orig,ok,1566,2231,1000,1500,
945657,orig,ok,2000,2870,1000,1500,
945840,orig,ok,2000,3000,1000,1500,
946020,orig,ok,2000,3000,1000,1500,
946215,orig,ok,2000,3000,1000,1500,
946217,orig,ok,2000,3000,1000,1500,
946253,orig,ok,2000,3000,1000,1500,
946317,up,ok,1004,1500,1000,1500,
947305,orig,ok,1080,1620,1000,1500,
947335,up,ok,1950,2924,1000,1500,
947612,orig,ok,2000,3000,1000,1500,
947884,up,ok,1000,1500,1000,1500,
948056,up,ok,1000,1500,1000,1500,
948495,orig,ok,1000,1481,1000,1500,
949423,orig,ok,2000,3000,1000,1500,
949544,orig,ok,2000,3000,1000,1500,
949567,orig,ok,1000,1500,1000,1500,
949569,orig,ok,1000,1500,1000,1500,
949574,orig,ok,1700,2560,1000,1500,
949710,orig,ok,1067,1599,1000,1500,
950088,orig,ok,2000,3000,1000,1500,
950120,orig,ok,1284,1710,1000,1500,
950198,orig,ok,1188,1682,1000,1500,
950489,orig,ok,1170,1755,1000,1500,
950620,orig,ok,2000,3000,1000,1500,
950636,up,ok,1332,2000,1000,1500,
950680,up,ok,1808,2560,1000,1500,
950711,up,ok,1000,1500,1000,1500,
950925,orig,ok,2000,3000,1000,1500,
950975,orig,ok,2000,3000,1000,1500,
951443,up,ok,1060,1500,1000,1500,
951546,orig,ok,1200,1778,1000,1500,
951996,orig,ok,1175,1763,1000,1500,
952780,orig,ok,1920,2879,1000,1500,
952813,up,ok,1000,1500,1000,1500,
952876,orig,ok,2000,3000,1000,1500,
953165,up,ok,1000,1500,1000,1500,
953211,up,ok,1000,1500,1000,1500,
953367,up,ok,1088,1524,1000,1500,
953377,up,ok,1800,2400,1000,1500,
953482,up,ok,1600,2400,1000,1500,
953754,orig,ok,1400,2100,1000,1500,
954369,orig,ok,1173,1786,1000,1500,
954509,up,ok,1500,2138,1000,1500,
954914,up,ok,1002,1500,1000,1500,
955224,up,ok,1920,2560,1000,1500,
955353,orig,ok,2000,3000,1000,1500,
955455,orig,ok,1000,1487,1000,1500,
955686,orig,ok,2000,3000,1000,1500,
955692,orig,ok,1000,1333,1000,1500,
955714,up,ok,1646,2304,1000,1500,
955820,orig,ok,1200,1600,1000,1500,
955897,orig,ok,2000,3000,1000,1500,
955950,orig,ok,2000,3000,1000,1500,
955991,orig,ok,2000,3000,1000,1500,
956351,up,ok,1000,1500,1000,1500,
956469,orig,ok,1280,1920,1000,1500,
956524,orig,ok,1689,2215,1000,1500,
956547,up,ok,1000,1500,1000,1500,
956835,orig,ok,2000,3000,1000,1500,
957121,orig,ok,2000,3000,1000,1500,
957284,orig,ok,2000,3000,1000,1500,
957394,orig,ok,1707,2560,1000,1500,
957598,up,ok,1390,1966,1000,1500,
957804,orig,ok,1000,1500,1000,1500,
957842,orig,ok,1358,1920,1000,1500,
958598,orig,ok,1900,2687,1000,1500,
960077,orig,ok,2000,3000,1000,1500,
960081,orig,ok,1067,1600,1000,1500,
960469,orig,ok,2000,3000,1000,1500,
960470,orig,ok,2000,3000,1000,1500,
960486,orig,ok,2000,3000,1000,1500,
960688,orig,ok,2000,3000,1000,1500,
960788,orig,ok,1000,1500,1000,1500,
961137,orig,ok,1920,2879,1000,1500,
961427,orig,ok,2000,3000,1000,1500,
961512,up,ok,1002,1506,1000,1500,
961613,up,ok,1784,2524,1000,1500,
961962,orig,ok,2000,3000,1000,1500,
962354,up,ok,1000,1500,1000,1500,
962458,up,ok,1960,2794,1000,1500,
962486,orig,ok,2000,3000,1000,1500,
962691,up,ok,1694,2400,1000,1500,
962764,orig,ok,1672,2508,1000,1500,
963062,orig,ok,1000,1500,1000,1500,
963188,orig,ok,1500,2250,1000,1500,
963591,orig,ok,1000,1500,1000,1500,
963637,orig,ok,1053,1500,1000,1500,
964609,orig,ok,1080,1621,1000,1500,
964856,orig,ok,2000,3000,1000,1500,
964873,orig,ok,2000,3000,1000,1500,
965455,up,ok,1000,1500,1000,1500,
966364,up,ok,1000,1500,1000,1500,
966643,orig,ok,1200,1800,1000,1500,
966723,orig,ok,1000,1500,1000,1500,
967022,orig,ok,1175,1763,1000,1500,
967967,up,ok,1132,1698,1000,1500,
968094,up,ok,1000,1500,1000,1500,
968340,orig,ok,2000,3000,1000,1500,
968351,orig,ok,2000,3000,1000,1500,
968604,up,ok,1016,1500,1000,1500,
968862,orig,ok,2000,3000,1000,1500,
968867,orig,ok,2000,3000,1000,1500,
968927,orig,ok,2000,3000,1000,1500,
969048,orig,ok,2000,3000,1000,1500,
969160,orig,ok,2000,3000,1000,1500,
969245,up,ok,1000,1500,1000,1500,
969451,orig,ok,1920,2880,1000,1500,
969686,orig,ok,2000,3000,1000,1500,
969701,up,ok,1600,2400,1000,1500,
969725,orig,ok,2000,3000,1000,1500,
969728,up,ok,1920,2880,1000,1500,
970806,orig,ok,1000,1479,1000,1500,
971065,up,ok,1566,2348,1000,1500,
971148,up,ok,1014,1500,1000,1500,
971152,up,ok,1000,1500,1000,1500,
971294,up,ok,1000,1500,1000,1500,
971466,up,ok,1000,1500,1000,1500,
971757,up,ok,1000,1500,1000,1500,
971773,up,ok,1000,1500,1000,1500,
972040,up,ok,1000,1500,1000,1500,
972200,up,ok,1000,1500,1000,1500,
972239,orig,ok,1175,1763,1000,1500,
972488,up,ok,1800,2700,1000,1500,
972601,up,ok,1000,1500,1000,1500,
972617,orig,ok,1000,1500,1000,1500,
972701,orig,ok,1448,2048,1000,1500,
972711,orig,ok,2000,3000,1000,1500,
972740,up,ok,1334,2000,1000,1500,
972988,up,ok,1324,1894,1000,1500,
973093,up,ok,1000,1500,1000,1500,
973471,orig,ok,1920,2880,1000,1500,
973480,orig,ok,1103,1500,1000,1500,
973899,up,ok,1104,1654,1000,1500,
974021,up,ok,1000,1500,1000,1500,
974037,orig,ok,1067,1600,1000,1500,
974046,up,ok,1000,1500,1000,1500,
974187,orig,ok,2000,3000,1000,1500,
974191,orig,ok,1066,1600,1000,1500,
974264,orig,ok,2000,3000,1000,1500,
974284,orig,ok,2000,3000,1000,1500,
974320,orig,ok,2000,3000,1000,1500,
974604,orig,ok,2000,3000,1000,1500,
974706,up,ok,1000,1500,1000,1500,
974926,orig,ok,2000,3000,1000,1500,
975022,orig,ok,2000,3000,1000,1500,
975047,orig,ok,1000,1384,1000,1500,
975265,up,ok,1122,1500,1000,1500,
975302,up,ok,1054,1500,1000,1500,
975502,up,ok,1100,1562,1000,1500,
975801,up,ok,1778,2666,1000,1500,
975957,up,ok,1400,2000,1000,1500,
976714,orig,ok,1000,1500,1000,1500,
976798,up,ok,1000,1500,1000,1500,
976898,orig,ok,1200,1800,1000,1500,
976923,orig,ok,2000,3000,1000,1500,
977000,orig,ok,1000,1500,1000,1500,
977052,up,ok,1000,1500,1000,1500,
977147,up,ok,1000,1500,1000,1500,
977394,up,ok,1000,1500,1000,1500,
977398,up,ok,1000,1500,1000,1500,
977554,orig,ok,2000,2946,1000,1500,
977786,up,ok,1448,2048,1000,1500,
977845,up,ok,1000,1500,1000,1500,
977866,orig,ok,2000,3000,1000,1500,
977994,up,ok,1000,1500,1000,1500,
978040,orig,ok,2000,3000,1000,1500,
978158,up,ok,1500,2250,1000,1500,
978217,orig,ok,1434,2048,1000,1500,
978651,orig,ok,1000,1500,1000,1500,
978928,up,ok,1884,2826,1000,1500,
978938,orig,ok,2000,3000,1000,1500,
978987,orig,ok,1200,1600,1000,1500,
979051,orig,ok,1067,1600,1000,1500,
979499,up,ok,1000,1500,1000,1500,
979591,orig,ok,1000,1500,1000,1500,
979728,up,ok,1000,1500,1000,1500,
979755,orig,ok,1893,2840,1000,1500,
979757,orig,ok,1066,1600,1000,1500,
979760,up,ok,1920,2880,1000,1500,
979806,up,ok,1000,1500,1000,1500,
979967,orig,ok,2000,3000,1000,1500,
980062,orig,ok,2000,3000,1000,1500,
980128,up,ok,1920,2880,1000,1500,
980144,orig,ok,1066,1600,1000,1500,
980150,up,ok,1200,1800,1000,1500,
980152,orig,ok,2000,3000,1000,1500,
980155,orig,ok,1024,1459,1000,1500,
980168,orig,ok,1067,1600,1000,1500,
980173,up,ok,1366,2048,1000,1500,
980325,up,ok,1620,2400,1000,1500,
980382,orig,ok,2000,3000,1000,1500,
980411,orig,ok,1007,1435,1000,1500,
980457,orig,ok,1024,1536,1000,1500,
980605,orig,ok,1067,1600,1000,1500,
980993,up,ok,1000,1500,1000,1500,
981006,orig,ok,2000,3000,1000,1500,
981314,orig,ok,2000,3000,1000,1500,
981316,up,ok,1000,1500,1000,1500,
981319,up,ok,1864,2794,1000,1500,
981322,orig,ok,1066,1600,1000,1500,
981323,orig,ok,1066,1600,1000,1500,
981324,orig,ok,1280,1920,1000,1500,
981329,orig,ok,1067,1600,1000,1500,
981347,orig,ok,2000,3000,1000,1500,
981348,orig,ok,2000,3000,1000,1500,
981608,up,ok,1000,1500,1000,1500,
981696,up,ok,1836,2754,1000,1500,
981777,up,ok,1886,2830,1000,1500,
981899,orig,ok,1374,2060,1000,1500,
982151,up,ok,1000,1500,1000,1500,
982312,orig,ok,1067,1600,1000,1500,
982317,orig,ok,1175,1763,1000,1500,
982322,up,ok,1772,2658,1000,1500,
982467,orig,ok,1175,1763,1000,1500,
982543,orig,ok,2000,3000,1000,1500,
982552,up,ok,1200,1800,1000,1500,
982620,orig,ok,1000,1500,1000,1500,
982637,orig,ok,1334,2000,1000,1500,
982842,orig,ok,1000,1505,1000,1500,
982869,up,ok,1000,1500,1000,1500,
982909,up,ok,1880,2820,1000,1500,
982966,up,ok,1000,1500,1000,1500,
983421,orig,ok,1920,2880,1000,1500,
983496,orig,ok,1000,1500,1000,1500,
983527,up,ok,1516,2022,1000,1500,
983539,orig,ok,1000,1500,1000,1500,
983758,orig,ok,1000,1500,1000,1500,
984081,up,ok,1000,1500,1000,1500,
984105,orig,ok,2000,3000,1000,1500,
984142,orig,ok,2000,3000,1000,1500,
984555,orig,ok,1000,1500,1000,1500,
984640,orig,ok,2000,3000,1000,1500,
984862,orig,ok,1566,2231,1000,1500,
984961,orig,ok,1170,1755,1000,1500,
985059,orig,ok,2000,3000,1000,1500,
985060,up,ok,1120,1520,1000,1500,
985062,orig,ok,1067,1599,1000,1500,
985102,up,ok,1944,2916,1000,1500,
985329,up,ok,1000,1500,1000,1500,
985335,orig,ok,1920,2879,1000,1500,
985726,orig,ok,1070,1500,1000,1500,
985890,orig,ok,2000,3000,1000,1500,
985892,orig,ok,1500,2250,1000,1500,
985897,orig,ok,1400,2100,1000,1500,
986197,orig,ok,1332,2000,1000,1500,
986201,orig,ok,1000,1500,1000,1500,
986402,orig,ok,1402,2048,1000,1500,
986608,up,ok,1440,2160,1000,1500,
986805,orig,ok,2000,3000,1000,1500,
986859,up,ok,1068,1600,1000,1500,
987136,orig,ok,2000,2963,1000,1500,
987294,orig,ok,1000,1415,1000,1500,
987315,orig,ok,2000,3000,1000,1500,
987330,orig,ok,2000,3000,1000,1500,
987401,up,ok,1000,1500,1000,1500,
987434,orig,ok,2000,3000,1000,1500,
987772,up,ok,1200,1700,1000,1500,
987911,orig,ok,1920,2560,1000,1500,
987912,orig,ok,2000,3000,1000,1500,
988092,up,ok,1000,1500,1000,1500,
988165,orig,ok,1000,1500,1000,1500,
988233,up,ok,1958,2936,1000,1500,
988234,orig,ok,1000,1500,1000,1500,
988480,up,ok,1294,1942,1000,1500,
988586,up,ok,1500,2000,1000,1500,
988591,orig,ok,1060,1590,1000,1500,
988777,up,ok,1360,2000,1000,1500,
988857,orig,ok,2000,3000,1000,1500,
989751,orig,ok,1000,1481,1000,1500,
989872,orig,ok,2000,3000,1000,1500,
990266,orig,ok,2000,3000,1000,1500,
990419,orig,ok,1964,2945,1000,1500,
990521,up,ok,1168,1752,1000,1500,
990577,up,ok,1000,1500,1000,1500,
990982,orig,ok,2000,3000,1000,1500,
991170,orig,ok,1800,2400,1000,1500,
991173,orig,ok,1000,1500,1000,1500,
991291,orig,ok,1920,2879,1000,1500,
991294,orig,ok,1370,2048,1000,1500,
991351,orig,ok,1400,2100,1000,1500,
991611,up,ok,1482,2224,1000,1500,
992090,orig,ok,2000,3000,1000,1500,
992499,orig,ok,2000,3000,1000,1500,
992707,orig,ok,1200,1600,1000,1500,
992709,orig,ok,1000,1500,1000,1500,
992836,orig,ok,2000,3000,1000,1500,
993049,orig,ok,2000,3000,1000,1500,
993056,up,ok,1004,1500,1000,1500,
993164,orig,ok,1117,1600,1000,1500,
993259,up,ok,1686,2248,1000,1500,
993324,orig,ok,2000,2997,1000,1500,
993398,up,ok,1000,1500,1000,1500,
993402,orig,ok,2000,3000,1000,1500,
993867,orig,ok,1350,2000,1000,1500,
993871,orig,ok,1200,1600,1000,1500,
994138,orig,ok,1000,1500,1000,1500,
994224,orig,ok,1566,2231,1000,1500,
994348,orig,ok,1175,1763,1000,1500,
994614,orig,ok,1022,1500,1000,1500,
994629,orig,ok,2000,3000,1000,1500,
995184,orig,ok,1434,2048,1000,1500,
995302,up,ok,1000,1500,1000,1500,
995805,orig,ok,2000,3000,1000,1500,
995810,orig,ok,2000,3000,1000,1500,
996315,orig,ok,1000,1414,1000,1500,
996503,up,ok,1600,2420,1000,1500,
996581,orig,ok,2000,3000,1000,1500,
996619,orig,ok,1566,2231,1000,1500,
996658,orig,ok,1476,2216,1000,1500,
996885,up,ok,1600,2400,1000,1500,
996976,orig,ok,1000,1333,1000,1500,
997383,orig,ok,1067,1600,1000,1500,
997390,orig,ok,1000,1478,1000,1500,
997395,orig,ok,1566,2231,1000,1500,
997550,orig,ok,1067,1600,1000,1500,
997553,up,ok,1920,2880,1000,1500,
997620,up,ok,1056,1500,1000,1500,
997887,up,ok,1600,2400,1000,1500,
998134,orig,ok,2000,2667,1000,1500,
998224,up,ok,1186,1600,1000,1500,
998293,orig,ok,1000,1500,1000,1500,
998390,orig,ok,2000,3000,1000,1500,
998403,orig,ok,2000,3000,1000,1500,
999126,orig,ok,1066,1600,1000,1500,
999131,orig,ok,1067,1600,1000,1500,
999136,orig,ok,2000,3000,1000,1500,
999308,up,ok,1334,2000,1000,1500,
999349,orig,ok,1175,1763,1000,1500,
999386,up,ok,1440,2160,1000,1500,
999640,up,ok,1000,1500,1000,1500,
999677,orig,ok,1600,2400,1000,1500,
999681,orig,ok,2000,3000,1000,1500,
999735,orig,ok,1066,1600,1000,1500,
999869,up,ok,1200,1600,1000,1500,
1000173,orig,ok,1359,2067,1000,1500,
1000723,up,ok,1688,2400,1000,1500,
1001547,up,ok,1200,1800,1000,1500,
1001669,orig,ok,1437,2156,1000,1500,
1001688,up,ok,1000,1500,1000,1500,
1001755,up,ok,1424,2136,1000,1500,
1002135,up,ok,1058,1600,1000,1500,
1002226,orig,ok,2000,3000,1000,1500,
1002258,orig,ok,2000,3000,1000,1500,
1002644,orig,ok,1400,2100,1000,1500,
1003114,orig,ok,1184,1796,1000,1500,
1003233,up,ok,1820,2400,1000,1500,
1003264,orig,ok,1919,2807,1000,1500,
1003273,orig,ok,2000,3000,1000,1500,
1003821,up,ok,1000,1506,1000,1500,
1003838,orig,ok,2000,3000,1000,1500,
1003849,orig,ok,1200,1600,1000,1500,
1003960,orig,ok,1000,1333,1000,1500,
1003990,orig,ok,2000,3000,1000,1500,
1004130,orig,ok,2000,3000,1000,1500,
1004269,orig,ok,1175,1763,1000,1500,
1004466,orig,ok,1920,2879,1000,1500,
1004563,up,ok,1360,1956,1000,1500,
1004635,orig,ok,1067,1600,1000,1500,
1004645,orig,ok,1175,1763,1000,1500,
1004691,up,ok,1520,2280,1000,1500,
1005318,orig,ok,2000,3000,1000,1500,
1005367,up,ok,1440,2160,1000,1500,
1005376,orig,ok,1000,1500,1000,1500,
1005388,orig,ok,1000,1425,1000,1500,
1005545,up,ok,1000,1500,1000,1500,
1005772,orig,ok,1280,1920,1000,1500,
1005776,orig,ok,2000,3000,1000,1500,
1005860,orig,ok,1015,1500,1000,1500,
1006437,orig,ok,1842,2764,1000,1500,
1006769,up,ok,1000,1500,1000,1500,
1007205,orig,ok,2000,3000,1000,1500,
1007217,orig,ok,1284,1730,1000,1500,
1007272,orig,ok,1000,1415,1000,1500,
1007535,orig,ok,2000,3000,1000,1500,
1007931,up,ok,1600,2400,1000,1500,
1007983,up,ok,1200,1800,1000,1500,
1008169,orig,ok,1000,1500,1000,1500,
1008368,up,ok,1280,1722,1000,1500,
1008385,orig,ok,1012,1500,1000,1500,
1008412,orig,ok,1066,1599,1000,1500,
1008452,orig,ok,1728,2304,1000,1500,
1008756,orig,ok,1079,1536,1000,1500,
1008876,up,ok,1920,2880,1000,1500,
1009663,orig,ok,2000,3000,1000,1500,
1009719,orig,ok,2000,2963,1000,1500,
1010673,up,ok,1000,1500,1000,1500,
1010708,up,ok,1000,1500,1000,1500,
1010755,orig,ok,2000,3000,1000,1500,
1011017,orig,ok,2000,3000,1000,1500,
1011026,orig,ok,1000,1502,1000,1500,
1011043,orig,ok,2000,3000,1000,1500,
1011207,orig,ok,2000,3000,1000,1500,
1011213,orig,ok,2000,3000,1000,1500,
1011219,up,ok,1000,1500,1000,1500,
1011566,orig,ok,2000,3000,1000,1500,
1011604,up,ok,1500,2000,1000,1500,
1011679,orig,ok,1000,1500,1000,1500,
1012279,orig,ok,1200,1600,1000,1500,
1012560,orig,ok,1000,1500,1000,1500,
1012582,orig,ok,2000,3000,1000,1500,
1012706,orig,ok,2000,3000,1000,1500,
1013589,orig,ok,2000,3000,1000,1500,
1013870,orig,ok,2000,3000,1000,1500,
1013982,orig,ok,2000,3000,1000,1500,
1014422,up,ok,1600,2400,1000,1500,
1014501,orig,ok,1400,2100,1000,1500,
1014503,up,ok,1016,1524,1000,1500,
1014574,orig,ok,1000,1500,1000,1500,
1014629,orig,ok,2000,3000,1000,1500,
1014648,orig,ok,1007,1428,1000,1500,
1014659,orig,ok,1400,2100,1000,1500,
1014932,orig,ok,1000,1500,1000,1500,
1014975,orig,ok,1672,2508,1000,1500,
1015080,orig,ok,2000,3000,1000,1500,
1015081,orig,ok,2000,3000,1000,1500,
1015254,orig,ok,2000,3000,1000,1500,
1015261,orig,ok,1060,1590,1000,1500,
1015360,up,ok,1048,1500,1000,1500,
1015482,orig,ok,1280,1920,1000,1500,
1015872,up,ok,1242,1864,1000,1500,
1015908,orig,ok,1950,2925,1000,1500,
1015957,orig,ok,2000,3000,1000,1500,
1016268,orig,ok,1566,2231,1000,1500,
1016453,orig,ok,1000,1500,1000,1500,
1016686,orig,ok,2000,3000,1000,1500,
1017063,orig,ok,2000,3000,1000,1500,
1017328,orig,ok,2000,3000,1000,1500,
1017335,orig,ok,2000,3000,1000,1500,
1017469,orig,ok,1824,2702,1000,1500,
1017635,orig,ok,1443,2048,1000,1500,
1017995,orig,ok,1000,1500,1000,1500,
1018055,up,ok,1200,1698,1000,1500,
1018088,orig,ok,2000,3000,1000,1500,
1018149,orig,ok,1000,1420,1000,1500,
1018169,up,ok,1000,1500,1000,1500,
1018219,orig,ok,1480,2220,1000,1500,
1018416,up,ok,1332,2000,1000,1500,
1018542,up,ok,1600,2266,1000,1500,
1018549,orig,ok,1728,2594,1000,1500,
1018653,orig,ok,2000,3000,1000,1500,
1018799,up,ok,1842,2762,1000,1500,
1018804,up,ok,1200,1800,1000,1500,
1018829,orig,ok,2000,3000,1000,1500,
1018852,orig,ok,1000,1500,1000,1500,
1019542,orig,ok,1000,1481,1000,1500,
1019556,orig,ok,1000,1500,1000,1500,
1019836,orig,ok,2000,3000,1000,1500,
1019858,orig,ok,2000,3000,1000,1500,
1019961,up,ok,1600,2400,1000,1500,
1019967,orig,ok,2000,3000,1000,1500,
1020182,up,ok,1000,1500,1000,1500,
1020410,up,ok,1200,1800,1000,1500,
1020696,orig,ok,2000,3000,1000,1500,
1020791,orig,ok,2000,3000,1000,1500,
1020857,orig,ok,1000,1408,1000,1500,
1021335,orig,ok,1200,1600,1000,1500,
1021532,orig,ok,1284,1926,1000,1500,
1021921,orig,ok,2000,3000,1000,1500,
1022002,orig,ok,1000,1500,1000,1500,
1022024,up,ok,1128,1598,1000,1500,
1022103,up,ok,1240,1860,1000,1500,
1022128,orig,ok,2000,3000,1000,1500,
1022244,up,ok,1500,2136,1000,1500,
1022634,up,ok,1920,2880,1000,1500,
1022767,up,ok,1000,1500,1000,1500,
1022827,up,ok,1000,1500,1000,1500,
1022892,orig,ok,1500,2250,1000,1500,
1022988,orig,ok,2000,3000,1000,1500,
1023086,orig,ok,2000,3000,1000,1500,
1023241,orig,ok,2000,3000,1000,1500,
1024530,orig,ok,2000,3000,1000,1500,
1024532,orig,ok,1771,2657,1000,1500,
1024535,orig,ok,2000,3000,1000,1500,
1024555,orig,ok,1000,1500,1000,1500,
1024597,orig,ok,1920,2879,1000,1500,
1024702,orig,ok,1000,1500,1000,1500,
1025647,orig,ok,2000,3000,1000,1500,
1025832,orig,ok,1067,1600,1000,1500,
1026222,up,ok,1920,2880,1000,1500,
1026244,up,ok,1500,2250,1000,1500,
1026421,orig,ok,1431,2147,1000,1500,
1026496,orig,ok,1920,2879,1000,1500,
1026532,orig,ok,1080,1620,1000,1500,
1026772,orig,ok,1000,1482,1000,1500,
1026891,up,ok,1356,1920,1000,1500,
1026938,orig,ok,1514,2271,1000,1500,
1027160,orig,ok,2000,3000,1000,1500,
1027385,orig,ok,2000,3000,1000,1500,
1027465,orig,ok,2000,3000,1000,1500,
1027496,orig,ok,1382,2048,1000,1500,
1027873,up,ok,1334,2000,1000,1500,
1027899,up,ok,1382,2048,1000,1500,
1027919,orig,ok,1000,1500,1000,1500,
1027950,orig,ok,2000,3000,1000,1500,
1028424,orig,ok,2000,3000,1000,1500,
1028703,orig,ok,2000,3000,1000,1500,
1028944,orig,ok,1280,1920,1000,1500,
1028955,orig,ok,1800,2700,1000,1500,
1029033,orig,ok,2000,3000,1000,1500,
1029038,orig,ok,1596,2128,1000,1500,
1029132,up,ok,1000,1500,1000,1500,
1029322,orig,ok,2000,3000,1000,1500,
1029536,orig,ok,1587,2245,1000,1500,
1029659,up,ok,1732,2598,1000,1500,
1030149,orig,ok,1000,1500,1000,1500,
1030250,orig,ok,2000,3000,1000,1500,
1030253,orig,ok,1333,2000,1000,1500,
1030460,orig,ok,2000,2963,1000,1500,
1030537,orig,ok,1000,1480,1000,1500,
1030655,orig,ok,2000,3000,1000,1500,
1030721,orig,ok,1088,1633,1000,1500,
1030789,orig,ok,2000,2667,1000,1500,
1030983,orig,ok,2000,3000,1000,1500,
1031114,up,ok,1332,1840,1000,1500,
1031198,orig,ok,2000,2928,1000,1500,
1031280,orig,ok,1707,2560,1000,1500,
1031283,up,ok,1000,1500,1000,1500,
1031393,up,ok,1122,1600,1000,1500,
1031478,orig,ok,1000,1425,1000,1500,
1031488,up,ok,1000,1500,1000,1500,
1031659,orig,ok,1000,1481,1000,1500,
1031702,orig,ok,2000,3000,1000,1500,
1031833,orig,ok,2000,3000,1000,1500,
1031838,orig,ok,1465,2048,1000,1500,
1031876,orig,ok,1589,2384,1000,1500,
1031929,orig,ok,1000,1481,1000,1500,
1032061,orig,ok,1000,1417,1000,1500,
1032121,up,ok,1920,2880,1000,1500,
1032385,up,ok,1000,1500,1000,1500,
1032419,up,ok,1000,1500,1000,1500,
1032448,orig,ok,2000,3000,1000,1500,
1032479,orig,ok,1000,1425,1000,1500,
1032490,up,ok,1428,1920,1000,1500,
1032506,orig,ok,1175,1763,1000,1500,
1032612,orig,ok,2000,3000,1000,1500,
1032620,up,ok,1278,1918,1000,1500,
1032664,up,ok,1920,2880,1000,1500,
1032666,orig,ok,2000,3000,1000,1500,
1032876,orig,ok,2000,3000,1000,1500,
1032949,orig,ok,2000,3000,1000,1500,
1032988,orig,ok,1325,1988,1000,1500,
1033052,orig,ok,2000,3000,1000,1500,
1033244,orig,ok,1280,1920,1000,1500,
1033413,up,ok,1080,1600,1000,1500,
1033494,up,ok,1000,1500,1000,1500,
1033636,up,ok,1126,1668,1000,1500,
1033883,up,ok,1000,1500,1000,1500,
1033909,orig,ok,1061,1604,1000,1500,
1034093,orig,ok,2000,3000,1000,1500,
1034520,orig,ok,1500,2000,1000,1500,
1034542,orig,ok,1000,1500,1000,1500,
1034580,orig,ok,1255,1883,1000,1500,
1034673,up,ok,1000,1500,1000,1500,
1034725,orig,ok,2000,3000,1000,1500,
1034771,orig,ok,1000,1481,1000,1500,
1034886,orig,ok,2000,3000,1000,1500,
1035420,orig,ok,1382,2048,1000,1500,
1035450,orig,ok,1635,2180,1000,1500,
1035462,orig,ok,1707,2560,1000,1500,
1035499,up,ok,1000,1500,1000,1500,
1035583,orig,ok,2000,3000,1000,1500,
1035595,orig,ok,2000,3000,1000,1500,
1035641,orig,ok,2000,3000,1000,1500,
1035654,orig,ok,2000,3000,1000,1500,
1035689,up,ok,1440,2160,1000,1500,
1035705,orig,ok,2000,3000,1000,1500,
1035798,orig,ok,1000,1500,1000,1500,
1035903,up,ok,1486,2200,1000,1500,
1035995,orig,ok,2000,3000,1000,1500,
1036239,orig,ok,1551,2327,1000,1500,
1036291,orig,ok,2000,3000,1000,1500,
1036293,up,ok,1230,1846,1000,1500,
1036685,orig,ok,1000,1480,1000,1500,
1036809,orig,ok,1000,1500,1000,1500,
1036814,orig,ok,1920,2880,1000,1500,
1036820,orig,ok,1152,1727,1000,1500,
1036914,orig,ok,1350,2000,1000,1500,
1036985,orig,ok,2000,3000,1000,1500,
1037125,orig,ok,2000,3000,1000,1500,
1037352,orig,ok,2000,3000,1000,1500,
1037459,up,ok,1728,2592,1000,1500,
1037578,orig,ok,1070,1618,1000,1500,
1037599,orig,ok,2000,3000,1000,1500,
1037664,up,ok,1200,1800,1000,1500,
1037841,orig,ok,1500,2250,1000,1500,
1037903,orig,ok,1000,1401,1000,1500,
1038002,up,ok,1934,2898,1000,1500,
1038043,orig,ok,2000,3000,1000,1500,
1038048,up,ok,1920,2880,1000,1500,
1038116,orig,ok,1000,1500,1000,1500,
1038134,orig,ok,1067,1600,1000,1500,
1038217,orig,ok,2000,3000,1000,1500,
1038272,orig,ok,1327,1991,1000,1500,
1038378,up,ok,1788,2680,1000,1500,
1038460,up,ok,1000,1500,1000,1500,
1038473,orig,ok,1000,1428,1000,1500,
1038869,up,ok,1744,2324,1000,1500,
1038938,up,ok,1000,1508,1000,1500,
1038972,orig,ok,2000,2829,1000,1500,
1039233,orig,ok,1000,1481,1000,1500,
1039368,up,ok,1000,1500,1000,1500,
1039380,orig,ok,1000,1333,1000,1500,
1039425,up,ok,1940,2910,1000,1500,
1039454,orig,ok,1400,2100,1000,1500,
1039790,orig,ok,2000,2963,1000,1500,
1039792,up,ok,1396,2000,1000,1500,
1039795,up,ok,1060,1500,1000,1500,
1039811,up,ok,1920,2560,1000,1500,
1039821,orig,ok,1707,2560,1000,1500,
1039871,orig,ok,1067,1600,1000,1500,
1039928,up,ok,1100,1654,1000,1500,
1040150,orig,ok,1604,2250,1000,1500,
1040155,orig,ok,1200,1600,1000,1500,
1040161,orig,ok,1536,2048,1000,1500,
1040176,orig,ok,1000,1481,1000,1500,
1040182,orig,ok,1000,1500,1000,1500,
1040197,orig,ok,2000,2829,1000,1500,
1040632,orig,ok,2000,3000,1000,1500,
1040821,orig,ok,1000,1332,1000,1500,
1040884,orig,ok,1000,1500,1000,1500,
1040961,orig,ok,1000,1433,1000,1500,
1041195,orig,ok,1000,1481,1000,1500,
1041446,orig,ok,1994,2991,1000,1500,
1041680,orig,ok,1200,1600,1000,1500,
1041905,orig,ok,1000,1481,1000,1500,
1041968,orig,ok,1000,1333,1000,1500,
1041971,orig,ok,1000,1500,1000,1500,
1041972,orig,ok,1000,1500,1000,1500,
1042028,orig,ok,2000,3000,1000,1500,
1042049,up,ok,1000,1500,1000,1500,
1042179,up,ok,1704,2600,1000,1500,
1042369,up,ok,1334,2000,1000,1500,
1042555,orig,ok,1250,1875,1000,1500,
1042623,up,ok,1400,2100,1000,1500,
1042657,orig,ok,2000,3000,1000,1500,
1042736,orig,ok,2000,3000,1000,1500,
1043608,orig,ok,2000,3000,1000,1500,
1043725,orig,ok,1705,2558,1000,1500,
1043746,up,ok,1974,2960,1000,1500,
1043984,orig,ok,1080,1426,1000,1500,
1044305,orig,ok,2000,2997,1000,1500,
1044433,up,ok,1000,1500,1000,1500,
1044533,orig,ok,1575,2100,1000,1500,
1044714,orig,ok,1000,1333,1000,1500,
1044719,up,ok,1066,1600,1000,1500,
1044873,orig,ok,1536,2048,1000,1500,
1044878,orig,ok,1333,1975,1000,1500,
1044945,up,ok,1302,1920,1000,1500,
1045275,orig,ok,2000,2963,1000,1500,
1045563,up,ok,1000,1500,1000,1500,
1045572,orig,ok,1000,1483,1000,1500,
1045777,orig,ok,1000,1469,1000,1500,
1045801,orig,ok,1707,2560,1000,1500,
1046120,orig,ok,2000,3000,1000,1500,
1046297,orig,ok,1000,1333,1000,1500,
1046594,orig,ok,1300,1950,1000,1500,
1046603,up,ok,1450,2048,1000,1500,
1046810,orig,ok,1755,2481,1000,1500,
1046896,orig,ok,1000,1500,1000,1500,
1046909,orig,ok,2000,3000,1000,1500,
1046969,orig,ok,1333,2000,1000,1500,
1047365,up,ok,1200,1600,1000,1500,
1047662,orig,ok,1000,1415,1000,1500,
1048097,orig,ok,1000,1421,1000,1500,
1048099,orig,ok,1000,1500,1000,1500,
1048254,orig,ok,2000,3000,1000,1500,
1048448,orig,ok,1000,1434,1000,1500,
1048582,orig,ok,1000,1500,1000,1500,
1049024,orig,ok,2000,3000,1000,1500,
1049070,up,ok,1086,1600,1000,1500,
1049075,orig,ok,1000,1431,1000,1500,
1049501,orig,ok,2000,3000,1000,1500,
1049591,orig,ok,1191,1684,1000,1500,
1049607,orig,ok,2000,3000,1000,1500,
1049622,orig,ok,2000,3000,1000,1500,
1050249,up,ok,1190,1794,1000,1500,
1050443,orig,ok,1000,1500,1000,1500,
1050464,orig,ok,2000,3000,1000,1500,
1050676,up,ok,1000,1506,1000,1500,
1050752,orig,ok,2000,3000,1000,1500,
1051483,up,ok,1000,1500,1000,1500,
1051518,orig,ok,2000,3000,1000,1500,
1051560,orig,ok,2000,3000,1000,1500,
1051735,orig,ok,1000,1500,1000,1500,
1052157,orig,ok,1000,1333,1000,1500,
1052158,up,ok,1000,1500,1000,1500,
1052169,up,ok,1582,2400,1000,1500,
1052244,up,ok,1000,1500,1000,1500,
1052558,orig,ok,2000,3000,1000,1500,
1052559,orig,ok,2000,3000,1000,1500,
1052633,up,ok,1000,1500,1000,1500,
1053193,orig,ok,1000,1482,1000,1500,
1053244,orig,ok,1000,1405,1000,1500,
1053734,up,ok,1000,1500,1000,1500,
1053846,orig,ok,1067,1600,1000,1500,
1053908,up,ok,1054,1582,1000,1500,
1053914,orig,ok,1976,2963,1000,1500,
1053943,orig,ok,1000,1500,1000,1500,
1054109,orig,ok,1024,1360,1000,1500,
1054624,orig,ok,1500,2250,1000,1500,
1054643,orig,ok,2000,3000,1000,1500,
1054947,up,ok,1000,1500,1000,1500,
1055108,up,ok,1000,1500,1000,1500,
1055206,up,ok,1792,2688,1000,1500,
1055233,orig,ok,1067,1600,1000,1500,
1055363,orig,ok,1595,2362,1000,1500,
1055365,orig,ok,1726,2588,1000,1500,
1055424,orig,ok,1200,1600,1000,1500,
1055510,orig,ok,1200,1600,1000,1500,
1056030,orig,ok,2000,2857,1000,1500,
1056502,up,ok,1000,1500,1000,1500,
1056561,up,ok,1000,1500,1000,1500,
1056569,orig,ok,2000,3000,1000,1500,
1056590,orig,ok,2000,3000,1000,1500,
1056838,up,ok,1000,1500,1000,1500,
1057621,orig,ok,1000,1500,1000,1500,
1057626,orig,ok,2000,3000,1000,1500,
1058152,orig,ok,2000,3000,1000,1500,
1058343,orig,ok,1053,1500,1000,1500,
1058372,orig,ok,1053,1500,1000,1500,
1058537,orig,ok,1920,2880,1000,1500,
1058619,orig,ok,2000,3000,1000,1500,
1058689,orig,ok,2000,3000,1000,1500,
1058710,orig,ok,2000,3000,1000,1500,
1058717,up,ok,1000,1500,1000,1500,
1058936,orig,ok,1000,1500,1000,1500,
1059066,orig,ok,2000,3000,1000,1500,
1059091,orig,ok,1102,1653,1000,1500,
1059407,orig,ok,2000,3000,1000,1500,
1059537,orig,ok,2000,3000,1000,1500,
1059593,up,ok,1000,1500,1000,1500,
1059990,orig,ok,1400,2100,1000,1500,
1060205,orig,ok,1200,1600,1000,1500,
1060341,orig,ok,1000,1500,1000,1500,
1060351,orig,ok,1372,2032,1000,1500,
1060421,orig,ok,2000,3000,1000,1500,
1061125,orig,ok,1550,2324,1000,1500,
1061429,orig,ok,2000,3000,1000,1500,
1061656,orig,ok,1000,1500,1000,1500,
1062084,orig,ok,1080,1620,1000,1500,
1062137,orig,ok,1706,2560,1000,1500,
1062181,up,ok,1000,1500,1000,1500,
1062276,orig,ok,2000,3000,1000,1500,
1062413,orig,ok,2000,3000,1000,1500,
1062528,orig,ok,2000,3000,1000,1500,
1062839,orig,ok,2000,3000,1000,1500,
1062970,orig,ok,1000,1414,1000,1500,
1063589,up,ok,1200,1800,1000,1500,
1063731,orig,ok,1275,1800,1000,1500,
1063829,orig,ok,2000,3000,1000,1500,
1063882,orig,ok,2000,3000,1000,1500,
1064014,orig,ok,1795,2438,1000,1500,
1064178,orig,ok,2000,3000,1000,1500,
1064775,up,ok,1000,1500,1000,1500,
1064909,orig,ok,2000,3000,1000,1500,
1065610,orig,ok,2000,3000,1000,1500,
1066376,orig,ok,1333,2000,1000,1500,
1066383,orig,ok,2000,3000,1000,1500,
1066485,orig,ok,2000,3000,1000,1500,
1066767,up,ok,1352,2026,1000,1500,
1067000,orig,ok,1000,1500,1000,1500,
1067337,up,ok,1000,1500,1000,1500,
1067568,orig,ok,1000,1500,1000,1500,
1067571,orig,ok,1066,1600,1000,1500,
1067575,orig,ok,1000,1500,1000,1500,
1067714,orig,ok,1920,2880,1000,1500,
1067825,orig,ok,1200,1600,1000,1500,
1067828,orig,ok,1000,1500,1000,1500,
1068623,up,ok,1800,2570,1000,1500,
1068936,orig,ok,1920,2560,1000,1500,
1068952,up,ok,1000,1500,1000,1500,
1069175,orig,ok,1600,2400,1000,1500,
1069178,orig,ok,2000,3000,1000,1500,
1069350,orig,ok,1066,1600,1000,1500,
1069510,up,ok,1580,2400,1000,1500,
1069825,orig,ok,2000,3000,1000,1500,
1071115,orig,ok,2000,3000,1000,1500,
1071244,orig,ok,2000,3000,1000,1500,
1071529,up,ok,1334,2000,1000,1500,
1071554,orig,ok,1604,2376,1000,1500,
1071779,up,ok,1000,1500,1000,1500,
1071807,orig,ok,2000,3000,1000,1500,
1072070,orig,ok,1500,2250,1000,1500,
1072928,orig,ok,2000,3000,1000,1500,
1072949,orig,ok,1728,2304,1000,1500,
1073077,orig,ok,1208,1798,1000,1500,
1073079,orig,ok,2000,3000,1000,1500,
1073109,orig,ok,1200,1800,1000,1500,
1073752,up,ok,1884,2826,1000,1500,
1074533,orig,ok,1067,1600,1000,1500,
1074608,orig,ok,2000,3000,1000,1500,
1074609,orig,ok,2000,3000,1000,1500,
1075350,up,ok,1000,1500,1000,1500,
1075356,orig,ok,2000,3000,1000,1500,
1076318,up,ok,1920,2880,1000,1500,
1077191,orig,ok,2000,3000,1000,1500,
1077350,up,ok,1000,1500,1000,1500,
1077433,up,ok,1000,1500,1000,1500,
1077470,up,ok,1266,1896,1000,1500,
1077552,orig,ok,2000,3000,1000,1500,
1077874,orig,ok,1728,2304,1000,1500,
1078079,orig,ok,1067,1600,1000,1500,
1078136,orig,ok,2000,3000,1000,1500,
1078203,orig,ok,2000,3000,1000,1500,
1078318,up,ok,1200,1600,1000,1500,
1078741,orig,ok,1920,2879,1000,1500,
1078907,up,ok,1000,1500,1000,1500,
1079158,orig,ok,1200,1600,1000,1500,
1079235,up,ok,1000,1500,1000,1500,
1079250,orig,ok,1400,2100,1000,1500,
1079421,orig,ok,1000,1500,1000,1500,
1079613,orig,ok,1122,1496,1000,1500,
1079640,orig,ok,2000,2963,1000,1500,
1079643,orig,ok,1000,1500,1000,1500,
1079707,orig,ok,1365,2048,1000,1500,
1079725,up,ok,1000,1500,1000,1500,
1079837,orig,ok,1800,2700,1000,1500,
1079915,orig,ok,2000,3000,1000,1500,
1079937,orig,ok,2000,3000,1000,1500,
1079940,orig,ok,1000,1500,1000,1500,
1080249,orig,ok,1000,1500,1000,1500,
1080282,orig,ok,2000,3000,1000,1500,
1080284,orig,ok,1000,1500,1000,1500,
1080485,orig,ok,1067,1600,1000,1500,
1080723,up,ok,1432,2148,1000,1500,
1080816,up,ok,1364,2046,1000,1500,
1080917,orig,ok,2000,3000,1000,1500,
1080980,up,ok,1712,2570,1000,1500,
1081000,orig,ok,1964,2945,1000,1500,
1081069,orig,ok,1650,2475,1000,1500,
1081088,up,ok,1438,2158,1000,1500,
1081208,orig,ok,2000,3000,1000,1500,
1081260,orig,ok,2000,2828,1000,1500,
1081400,orig,ok,2000,3000,1000,1500,
1081575,orig,ok,1400,1962,1000,1500,
1081694,orig,ok,1920,2880,1000,1500,
1081706,up,ok,1000,1500,1000,1500,
1081759,orig,ok,1920,2560,1000,1500,
1082246,orig,ok,1200,1600,1000,1500,
1082701,up,ok,1000,1500,1000,1500,
1082828,up,ok,1066,1600,1000,1500,
1082925,up,ok,1000,1500,1000,1500,
1083119,up,ok,1000,1500,1000,1500,
1083188,orig,ok,1394,2000,1000,1500,
1083381,orig,ok,2000,3000,1000,1500,
1083699,up,ok,1000,1500,1000,1500,
1083729,orig,ok,1000,1500,1000,1500,
1083733,orig,ok,2000,3000,1000,1500,
1083816,up,ok,1000,1500,1000,1500,
1083818,orig,ok,1000,1514,1000,1500,
1083819,orig,ok,2000,3000,1000,1500,
1083858,orig,ok,2000,3000,1000,1500,
1084176,orig,ok,2000,3000,1000,1500,
1084187,orig,ok,2000,3000,1000,1500,
1084222,orig,ok,2000,3000,1000,1500,
1084225,orig,ok,2000,3000,1000,1500,
1084237,up,ok,1800,2700,1000,1500,
1084287,orig,ok,2000,3000,1000,1500,
1084741,up,ok,1050,1500,1000,1500,
1084750,up,ok,1440,1920,1000,1500,
1085053,up,ok,1988,2982,1000,1500,
1085067,up,ok,1634,2400,1000,1500,
1085113,up,ok,1600,2364,1000,1500,
1085252,orig,ok,2000,3000,1000,1500,
1085692,orig,ok,2000,3000,1000,1500,
1085788,orig,ok,1000,1402,1000,1500,
1086321,orig,ok,2000,3000,1000,1500,
1086867,orig,ok,2000,3000,1000,1500,
1087155,up,ok,1340,2010,1000,1500,
1087293,up,ok,1000,1500,1000,1500,
1087615,orig,ok,1400,2100,1000,1500,
1087694,orig,ok,1400,2100,1000,1500,
1087803,orig,ok,2000,3000,1000,1500,
1088080,orig,ok,1000,1500,1000,1500,
1088179,up,ok,1014,1500,1000,1500,
1088619,orig,ok,1175,1763,1000,1500,
1088944,orig,ok,1344,2036,1000,1500,
1088982,orig,ok,2000,3000,1000,1500,
1089134,orig,ok,2000,3000,1000,1500,
1089187,orig,ok,2000,3000,1000,1500,
1089228,orig,ok,2000,3000,1000,1500,
1089677,orig,ok,2000,3000,1000,1500,
1089951,orig,ok,2000,3000,1000,1500,
1090141,orig,ok,1400,2100,1000,1500,
1090171,orig,ok,1000,1500,1000,1500,
1090222,up,ok,1000,1500,1000,1500,
1090273,orig,ok,1400,2100,1000,1500,
1090658,orig,ok,2000,3000,1000,1500,
1090983,orig,ok,2000,3000,1000,1500,
1091298,orig,ok,1400,2048,1000,1500,
1091546,orig,ok,1920,2880,1000,1500,
1092073,orig,ok,1067,1600,1000,1500,
1092324,orig,ok,1350,2025,1000,1500,
1092365,orig,ok,1000,1500,1000,1500,
1092806,orig,ok,2000,3000,1000,1500,
1092892,orig,ok,1000,1471,1000,1500,
1093662,orig,ok,1000,1428,1000,1500,
1093793,orig,ok,2000,3000,1000,1500,
1093797,orig,ok,2000,3000,1000,1500,
1094265,up,ok,1300,1952,1000,1500,
1094293,up,ok,1730,2450,1000,1500,
1094355,up,ok,1000,1500,1000,1500,
1094596,orig,ok,2000,3000,1000,1500,
1094678,orig,ok,1400,2100,1000,1500,
1094713,orig,ok,2000,3000,1000,1500,
1094787,orig,ok,2000,3000,1000,1500,
1094836,orig,ok,1000,1496,1000,1500,
1094960,orig,ok,2000,3000,1000,1500,
1094984,orig,ok,1200,1600,1000,1500,
1095025,orig,ok,1920,2879,1000,1500,
1095036,up,ok,1280,1920,1000,1500,
1095340,orig,ok,1000,1481,1000,1500,
1095499,orig,ok,2000,3000,1000,1500,
1095700,orig,ok,2000,3000,1000,1500,
1095775,orig,ok,2000,3000,1000,1500,
1095807,orig,ok,1000,1482,1000,1500,
1096022,orig,ok,2000,3000,1000,1500,
1096443,orig,ok,1950,2924,1000,1500,
1096486,orig,ok,1000,1331,1000,1500,
1096630,up,ok,1000,1500,1000,1500,
1096890,orig,ok,1602,2138,1000,1500,
1096996,orig,ok,1920,2879,1000,1500,
1097092,up,ok,1000,1510,1000,1500,
1097150,orig,ok,2000,3000,1000,1500,
1097191,orig,ok,1400,2100,1000,1500,
1097199,orig,ok,1400,2100,1000,1500,
1097251,up,ok,1000,1500,1000,1500,
1097354,up,ok,1144,1530,1000,1500,
1097745,orig,ok,1400,2100,1000,1500,
1097789,orig,ok,1280,1920,1000,1500,
1097801,orig,ok,1400,2100,1000,1500,
1097964,orig,ok,1701,2556,1000,1500,
1097971,orig,ok,1867,2800,1000,1500,
1097983,orig,ok,1400,2100,1000,1500,
1098018,up,ok,1000,1500,1000,1500,
1098024,up,ok,1000,1500,1000,1500,
1098055,orig,ok,1400,2100,1000,1500,
1098072,up,ok,1000,1500,1000,1500,
1098077,up,ok,1778,2666,1000,1500,
1098117,up,ok,1000,1500,1000,1500,
1098118,orig,ok,1400,2100,1000,1500,
1098163,orig,ok,1400,2100,1000,1500,
1098335,orig,ok,1488,2231,1000,1500,
1098513,orig,ok,1000,1415,1000,1500,
1098898,up,ok,1000,1500,1000,1500,
1098939,orig,ok,2000,3000,1000,1500,
1098965,orig,ok,1382,2048,1000,1500,
1098988,orig,ok,1000,1500,1000,1500,
1099085,up,ok,1000,1500,1000,1500,
1099228,up,ok,1154,1524,1000,1500,
1099454,orig,ok,2000,3000,1000,1500,
1099688,orig,ok,2000,3000,1000,1500,
1100046,orig,ok,1080,1620,1000,1500,
1100125,up,ok,1080,1500,1000,1500,
1100213,up,ok,1200,1800,1000,1500,
1100244,orig,ok,1391,2048,1000,1500,
1100950,orig,ok,2000,3000,1000,1500,
1101224,orig,ok,2000,3000,1000,1500,
1101540,orig,ok,1365,2048,1000,1500,
1101576,orig,ok,2000,3000,1000,1500,
1101647,orig,ok,1500,2250,1000,1500,
1101813,orig,ok,2000,3000,1000,1500,
1101819,up,ok,1400,2100,1000,1500,
1101831,orig,ok,1300,1950,1000,1500,
1101839,orig,ok,2000,3000,1000,1500,
1102000,orig,ok,1200,1600,1000,1500,
1102425,orig,ok,2000,3000,1000,1500,
1102526,up,ok,1124,1500,1000,1500,
1102838,orig,ok,1200,1600,1000,1500,
1102905,orig,ok,1170,1754,1000,1500,
1102910,up,ok,1000,1500,1000,1500,
1103117,orig,ok,2000,3000,1000,1500,
1103160,orig,ok,1000,1333,1000,1500,
1103192,orig,ok,2000,3000,1000,1500,
1103402,up,ok,1066,1600,1000,1500,
1103407,orig,ok,2000,3000,1000,1500,
1103420,orig,ok,2000,3000,1000,1500,
1103437,orig,ok,2000,3000,1000,1500,
1103448,orig,ok,2000,3000,1000,1500,
1103463,up,ok,1000,1500,1000,1500,
1103731,orig,ok,1400,2100,1000,1500,
1104052,up,ok,1000,1500,1000,1500,
1104185,orig,ok,1000,1500,1000,1500,
1104670,orig,ok,2000,3000,1000,1500,
1104761,orig,ok,1650,2475,1000,1500,
1104771,up,ok,1920,2880,1000,1500,
1104999,orig,ok,1000,1500,1000,1500,
1105014,orig,ok,2000,3000,1000,1500,
1105060,up,ok,1000,1500,1000,1500,
1105121,up,ok,1592,2390,1000,1500,
1105462,orig,ok,1920,2880,1000,1500,
1105856,orig,ok,2000,3000,1000,1500,
1106012,orig,ok,1000,1414,1000,1500,
1106213,orig,ok,1000,1479,1000,1500,
1106350,up,ok,1000,1500,1000,1500,
1106717,up,ok,1000,1500,1000,1500,
1107039,orig,ok,2000,3000,1000,1500,
1107077,orig,ok,1321,1958,1000,1500,
1107166,orig,ok,1012,1500,1000,1500,
1107325,orig,ok,2000,3000,1000,1500,
1107359,up,ok,1572,2360,1000,1500,
1107637,up,ok,1000,1500,1000,1500,
1107717,up,ok,1000,1500,1000,1500,
1107787,orig,ok,1482,2222,1000,1500,
1108405,orig,ok,1000,1481,1000,1500,
1108673,up,ok,1644,2472,1000,1500,
1109406,up,ok,1664,2518,1000,1500,
1109493,orig,ok,1000,1500,1000,1500,
1109927,orig,ok,1000,1500,1000,1500,
1110052,orig,ok,2000,3000,1000,1500,
1110099,orig,ok,1400,2100,1000,1500,
1110171,up,ok,1886,2670,1000,1500,
1110546,up,ok,1000,1500,1000,1500,
1110688,orig,ok,1587,2244,1000,1500,
1110690,orig,ok,1448,2048,1000,1500,
1110775,orig,ok,2000,3000,1000,1500,
1110989,orig,ok,2000,3000,1000,1500,
1110997,orig,ok,2000,3000,1000,1500,
1111446,orig,ok,1000,1500,1000,1500,
1111687,up,ok,1000,1500,1000,1500,
1111892,orig,ok,2000,3000,1000,1500,
1111893,orig,ok,1440,2160,1000,1500,
1112171,orig,ok,1080,1619,1000,1500,
1112204,orig,ok,1440,2160,1000,1500,
1112234,up,ok,1992,3000,1000,1500,
1112303,orig,ok,2000,3000,1000,1500,
1112617,up,ok,1800,2570,1000,1500,
1113231,orig,ok,2000,3000,1000,1500,
1113771,orig,ok,1000,1499,1000,1500,
1114072,orig,ok,2000,3000,1000,1500,
1114096,up,ok,1200,1600,1000,1500,
1114137,orig,ok,2000,3000,1000,1500,
1114313,orig,ok,2000,2851,1000,1500,
1114562,up,ok,1000,1500,1000,1500,
1114743,orig,ok,1000,1480,1000,1500,
1114922,orig,ok,2000,3000,1000,1500,
1114928,orig,ok,2000,3000,1000,1500,
1115208,up,ok,1000,1500,1000,1500,
1115315,orig,ok,2000,3000,1000,1500,
1115393,orig,ok,2000,3000,1000,1500,
1115604,up,ok,1960,2940,1000,1500,
1115694,orig,ok,1488,2232,1000,1500,
1115710,up,ok,1000,1500,1000,1500,
1115744,up,ok,1000,1500,1000,1500,
1115827,orig,ok,1000,1417,1000,1500,
1115939,orig,ok,2000,3000,1000,1500,
1115980,up,ok,1300,1920,1000,1500,
1115985,orig,ok,1280,1920,1000,1500,
1116201,orig,ok,2000,3000,1000,1500,
1116536,up,ok,1000,1500,1000,1500,
1116628,up,ok,1620,2400,1000,1500,
1116984,orig,ok,1920,2880,1000,1500,
1117233,orig,ok,1000,1438,1000,1500,
1117388,up,ok,1000,1500,1000,1500,
1117627,orig,ok,1365,2048,1000,1500,
1118033,orig,ok,2000,3000,1000,1500,
1118201,orig,ok,1920,2560,1000,1500,
1118273,orig,ok,2000,3000,1000,1500,
1118388,orig,ok,1400,2100,1000,1500,
1118800,orig,ok,1000,1500,1000,1500,
1120016,orig,ok,2000,3000,1000,1500,
1120025,up,ok,1000,1500,1000,1500,
1120080,orig,ok,2000,3000,1000,1500,
1120246,orig,ok,2000,3000,1000,1500,
1120409,orig,ok,1200,1600,1000,1500,
1120447,orig,ok,2000,2999,1000,1500,
1120863,orig,ok,1365,2048,1000,1500,
1121297,orig,ok,2000,3000,1000,1500,
1121322,orig,ok,1064,1500,1000,1500,
1121615,orig,ok,1067,1600,1000,1500,
1121697,orig,ok,2000,3000,1000,1500,
1121753,orig,ok,1920,2879,1000,1500,
1121903,up,ok,1000,1500,1000,1500,
1122217,orig,ok,1400,2100,1000,1500,
1122242,up,ok,1000,1500,1000,1500,
1122504,orig,ok,2000,3000,1000,1500,
1122519,orig,ok,1920,2879,1000,1500,
1122588,orig,ok,1920,2879,1000,1500,
1122679,orig,ok,2000,3000,1000,1500,
1122867,orig,ok,1944,2952,1000,1500,
1123380,orig,ok,1080,1440,1000,1500,
1123903,orig,ok,1920,2560,1000,1500,
1124023,orig,ok,1000,1500,1000,1500,
1124152,up,ok,1000,1500,1000,1500,
1124219,orig,ok,1684,2384,1000,1500,
1124272,orig,ok,2000,3000,1000,1500,
1124464,orig,ok,1400,2100,1000,1500,
1124509,orig,ok,2000,3000,1000,1500,
1124533,orig,ok,1200,1600,1000,1500,
1124792,orig,ok,1000,1429,1000,1500,
1124887,up,ok,1400,2104,1000,1500,
1124914,up,ok,1000,1500,1000,1500,
1124918,up,ok,1000,1500,1000,1500,
1125102,orig,ok,1920,2879,1000,1500,
1125186,up,ok,1366,2048,1000,1500,
1125609,up,ok,1132,1510,1000,1500,
1125627,up,ok,1666,2500,1000,1500,
1126010,up,ok,1528,2292,1000,1500,
1126032,orig,ok,2000,3000,1000,1500,
1126094,orig,ok,1920,2880,1000,1500,
1126234,up,ok,1246,1856,1000,1500,
1126492,orig,ok,2000,3000,1000,1500,
1126637,up,ok,1366,2048,1000,1500,
1126748,orig,ok,1707,2560,1000,1500,
1126897,up,ok,1800,2700,1000,1500,
1127175,orig,ok,1175,1763,1000,1500,
1127279,up,ok,1002,1502,1000,1500,
1127375,orig,ok,2000,3000,1000,1500,
1127384,orig,ok,2000,3000,1000,1500,
1127676,orig,ok,1400,2100,1000,1500,
1127707,orig,ok,1400,2100,1000,1500,
1127839,orig,ok,1080,1620,1000,1500,
1128165,up,ok,1002,1502,1000,1500,
1128168,up,ok,1302,1954,1000,1500,
1128181,up,ok,1306,1958,1000,1500,
1128187,orig,ok,2000,3000,1000,1500,
1128204,orig,ok,2000,3000,1000,1500,
1128209,up,ok,1300,1968,1000,1500,
1128298,orig,ok,1400,2100,1000,1500,
1128299,up,ok,1332,2000,1000,1500,
1128300,orig,ok,2000,3000,1000,1500,
1128596,orig,ok,1400,2100,1000,1500,
1128619,orig,ok,1000,1500,1000,1500,
1128941,orig,ok,2000,3000,1000,1500,
1129068,up,ok,1332,1998,1000,1500,
1129093,orig,ok,2000,3000,1000,1500,
1129136,up,ok,1000,1500,1000,1500,
1129183,orig,ok,2000,3000,1000,1500,
1129250,orig,ok,1000,1333,1000,1500,
1130053,orig,ok,2000,3000,1000,1500,
1130070,orig,ok,2000,3000,1000,1500,
1130097,up,ok,1012,1500,1000,1500,
1130173,orig,ok,1737,2601,1000,1500,
1130571,orig,ok,1950,2924,1000,1500,
1130607,orig,ok,1067,1600,1000,1500,
1130784,up,ok,1018,1500,1000,1500,
1131142,up,ok,1198,1774,1000,1500,
1131444,orig,ok,2000,3000,1000,1500,
1131755,orig,ok,2000,3000,1000,1500,
1131907,orig,ok,1365,2048,1000,1500,
1131927,orig,ok,1000,1333,1000,1500,
1132497,up,ok,1332,1998,1000,1500,
1132766,orig,ok,1000,1333,1000,1500,
1133128,orig,ok,1400,2100,1000,1500,
1133667,orig,ok,2000,3000,1000,1500,
1134048,orig,ok,2000,3000,1000,1500,
1134094,orig,ok,2000,3000,1000,1500,
1134475,orig,ok,1280,1920,1000,1500,
1134546,up,ok,1670,2364,1000,1500,
1134562,orig,ok,1067,1600,1000,1500,
1134866,orig,ok,1600,2399,1000,1500,
1134902,up,ok,1082,1598,1000,1500,
1135190,orig,ok,1067,1600,1000,1500,
1135223,orig,ok,1920,2879,1000,1500,
1135245,up,ok,1000,1500,1000,1500,
1135281,orig,ok,1350,2025,1000,1500,
1135381,up,ok,1600,2380,1000,1500,
1135385,orig,ok,1540,2048,1000,1500,
1135900,orig,ok,2000,3000,1000,1500,
1135963,up,ok,1396,1954,1000,1500,
1135978,orig,ok,1451,2048,1000,1500,
1136100,up,ok,1220,1840,1000,1500,
1136113,orig,ok,1200,1600,1000,1500,
1136347,orig,ok,1200,1600,1000,1500,
1136487,orig,ok,1220,1808,1000,1500,
1136721,orig,ok,2000,3000,1000,1500,
1137068,orig,ok,2000,3000,1000,1500,
1137076,up,ok,1200,1800,1000,1500,
1137232,orig,ok,1000,1522,1000,1500,
1137242,orig,ok,1000,1424,1000,1500,
1137423,up,ok,1000,1500,1000,1500,
1137458,orig,ok,2000,3000,1000,1500,
1137538,up,ok,1000,1500,1000,1500,
1137688,orig,ok,1179,1768,1000,1500,
1137799,orig,ok,2000,3000,1000,1500,
1138037,up,ok,1800,2700,1000,1500,
1138198,orig,ok,1080,1435,1000,1500,
1138327,orig,ok,1200,1600,1000,1500,
1138936,up,ok,1002,1502,1000,1500,
1139036,orig,ok,1200,1600,1000,1500,
1139098,up,ok,1000,1500,1000,1500,
1139099,up,ok,1000,1500,1000,1500,
1139111,orig,ok,2000,3000,1000,1500,
1139129,orig,ok,1566,2231,1000,1500,
1139133,up,ok,1066,1600,1000,1500,
1139138,orig,ok,1000,1500,1000,1500,
1139296,orig,ok,1920,2880,1000,1500,
1139617,orig,ok,2000,2686,1000,1500,
1139623,up,ok,1800,2700,1000,1500,
1139937,orig,ok,2000,3000,1000,1500,
1140017,orig,ok,1200,1600,1000,1500,
1140168,orig,ok,1290,1916,1000,1500,
1140243,orig,ok,2000,3000,1000,1500,
1140556,up,ok,1338,2006,1000,1500,
1140847,orig,ok,1332,2000,1000,1500,
1140866,orig,ok,1920,2880,1000,1500,
1141267,up,ok,1000,1500,1000,1500,
1141416,orig,ok,2000,2857,1000,1500,
1141741,orig,ok,1170,1675,1000,1500,
1142322,up,ok,1332,2000,1000,1500,
1142400,orig,ok,1391,2000,1000,1500,
1142414,orig,ok,2000,3000,1000,1500,
1142694,orig,ok,1399,2000,1000,1500,
1142736,orig,ok,2000,3000,1000,1500,
1142820,orig,ok,1800,2400,1000,1500,
1142913,orig,ok,1000,1500,1000,1500,
1143112,orig,ok,1920,2560,1000,1500,
1143790,up,ok,1000,1500,1000,1500,
1143801,up,ok,1192,1688,1000,1500,
1143995,up,ok,1044,1500,1000,1500,
1144028,orig,ok,1438,2157,1000,1500,
1144340,up,ok,1360,2000,1000,1500,
1144435,up,ok,1000,1500,1000,1500,
1144519,orig,ok,1243,1865,1000,1500,
1144527,orig,ok,1000,1500,1000,1500,
1144539,orig,ok,2000,3000,1000,1500,
1144917,up,ok,1000,1500,1000,1500,
1144978,up,ok,1390,2060,1000,1500,
1145028,orig,ok,2000,3000,1000,1500,
1145279,orig,ok,2000,3000,1000,1500,
1145351,orig,ok,2000,3000,1000,1500,
1145474,orig,ok,2000,3000,1000,1500,
1145531,orig,ok,1803,2704,1000,1500,
1145542,up,ok,1600,2400,1000,1500,
1145592,orig,ok,1000,1500,1000,1500,
1145881,orig,ok,1500,2250,1000,1500,
1146023,orig,ok,1366,2048,1000,1500,
1146146,orig,ok,2000,3000,1000,1500,
1146148,orig,ok,2000,3000,1000,1500,
1146149,orig,ok,1000,1420,1000,1500,
1146246,orig,ok,1920,2879,1000,1500,
1146249,orig,ok,1920,2879,1000,1500,
1146253,orig,ok,1920,2879,1000,1500,
1146433,orig,ok,1000,1500,1000,1500,
1147236,orig,ok,2000,3000,1000,1500,
1147240,up,ok,1000,1500,1000,1500,
1147276,up,ok,1124,1500,1000,1500,
1147322,up,ok,1000,1500,1000,1500,
1147590,up,ok,1360,2000,1000,1500,
1147598,orig,ok,2000,3000,1000,1500,
1148787,up,ok,1080,1600,1000,1500,
1148852,orig,ok,1000,1500,1000,1500,
1148862,orig,ok,1920,2879,1000,1500,
1149033,orig,ok,1175,1763,1000,1500,
1149276,orig,ok,1060,1571,1000,1500,
1149916,orig,ok,1000,1481,1000,1500,
1149940,orig,ok,1566,2231,1000,1500,
1149943,up,ok,1920,2880,1000,1500,
1149987,orig,ok,1382,2048,1000,1500,
1150399,orig,ok,2000,3000,1000,1500,
1150504,orig,ok,2000,3000,1000,1500,
1150832,up,ok,1000,1500,1000,1500,
1151317,up,ok,1214,1800,1000,1500,
1151320,orig,ok,1566,2231,1000,1500,
1151326,up,ok,1500,2100,1000,1500,
1151329,orig,ok,2000,3000,1000,1500,
1151443,orig,ok,2000,3000,1000,1500,
1151505,orig,ok,1035,1553,1000,1500,
1151586,up,ok,1920,2880,1000,1500,
1151703,orig,ok,1500,2250,1000,1500,
1151709,orig,ok,2000,3000,1000,1500,
1151721,orig,ok,2000,3000,1000,1500,
1152050,up,ok,1000,1500,1000,1500,
1152222,up,ok,1200,1800,1000,1500,
1152330,orig,ok,2000,3000,1000,1500,
1152416,orig,ok,1400,2100,1000,1500,
1152470,up,ok,1000,1500,1000,1500,
1152559,orig,ok,1920,2560,1000,1500,
1152619,orig,ok,2000,3000,1000,1500,
1152952,orig,ok,2000,3000,1000,1500,
1153020,orig,ok,2000,3000,1000,1500,
1153281,orig,ok,2000,3000,1000,1500,
1153416,orig,ok,1999,3000,1000,1500,
1153644,orig,ok,1080,1620,1000,1500,
1154296,up,ok,1132,1600,1000,1500,
1154330,up,ok,1000,1500,1000,1500,
1154456,up,ok,1000,1500,1000,1500,
1154994,up,ok,1334,2000,1000,1500,
1154996,up,ok,1430,2146,1000,1500,
1155059,orig,ok,1000,1500,1000,1500,
1155067,orig,ok,2000,3000,1000,1500,
1155090,orig,ok,2000,3000,1000,1500,
1155095,orig,ok,2000,3000,1000,1500,
1155107,up,ok,1000,1510,1000,1500,
1155261,up,ok,1084,1500,1000,1500,
1155516,orig,ok,1124,1598,1000,1500,
1156141,up,ok,1440,2160,1000,1500,
1156834,orig,ok,1000,1500,1000,1500,
1156991,orig,ok,1365,2048,1000,1500,
1157287,orig,ok,1400,2100,1000,1500,
1157430,orig,ok,1500,2250,1000,1500,
1157693,up,ok,1332,2000,1000,1500,
1157784,up,ok,1986,2648,1000,1500,
1157981,orig,ok,2000,3000,1000,1500,
1158249,orig,ok,1200,1600,1000,1500,
1158326,up,ok,1000,1500,1000,1500,
1158385,orig,ok,2000,3000,1000,1500,
1158680,orig,ok,1000,1500,1000,1500,
1158697,orig,ok,1280,1920,1000,1500,
1158709,up,ok,1938,2906,1000,1500,
1158776,orig,ok,1000,1484,1000,1500,
1158807,orig,ok,1200,1600,1000,1500,
1159204,up,ok,1920,2880,1000,1500,
1159518,orig,ok,1400,2100,1000,1500,
1159559,orig,ok,2000,3000,1000,1500,
1159831,orig,ok,2000,3000,1000,1500,
1160134,up,ok,1280,1706,1000,1500,
1160171,orig,ok,1000,1482,1000,1500,
1160340,orig,ok,2000,3000,1000,1500,
1160618,orig,ok,1690,2368,1000,1500,
1160748,orig,ok,1000,1500,1000,1500,
1160923,orig,ok,2000,3000,1000,1500,
1161115,up,ok,1066,1600,1000,1500,
1161145,up,ok,1054,1500,1000,1500,
1161655,orig,ok,2000,3000,1000,1500,
1161663,up,ok,1866,2800,1000,1500,
1162348,orig,ok,1920,2880,1000,1500,
1162400,orig,ok,1443,2117,1000,1500,
1162685,orig,ok,1920,2879,1000,1500,
1162834,up,ok,1000,1500,1000,1500,
1162858,orig,ok,2000,3000,1000,1500,
1163256,up,ok,1422,2134,1000,1500,
1163418,up,ok,1000,1500,1000,1500,
1163775,up,ok,1254,1856,1000,1500,
1163969,orig,ok,2000,3000,1000,1500,
1164176,up,ok,1000,1500,1000,1500,
1164362,orig,ok,1768,2357,1000,1500,
1164935,orig,ok,2000,3000,1000,1500,
1165122,orig,ok,1121,1681,1000,1500,
1165144,orig,ok,2000,3000,1000,1500,
1165437,orig,ok,1500,2250,1000,1500,
1165543,up,ok,1580,2400,1000,1500,
1165544,up,ok,1510,2264,1000,1500,
1165918,orig,ok,2000,3000,1000,1500,
1166528,up,ok,1000,1500,1000,1500,
1166773,orig,ok,1198,1797,1000,1500,
1166953,up,ok,1390,1854,1000,1500,
1167913,orig,ok,2000,3000,1000,1500,
1168089,up,ok,1336,1920,1000,1500,
1168460,orig,ok,1000,1429,1000,1500,
1168953,orig,ok,1200,1600,1000,1500,
1169210,orig,ok,2000,3000,1000,1500,
1169681,up,ok,1262,1810,1000,1500,
1169791,orig,ok,2000,2667,1000,1500,
1170057,up,ok,1000,1500,1000,1500,
1171230,up,ok,1000,1500,1000,1500,
1171233,up,ok,1178,1666,1000,1500,
1171884,orig,ok,2000,3000,1000,1500,
1171888,orig,ok,1000,1500,1000,1500,
1172466,orig,ok,1000,1500,1000,1500,
1172652,orig,ok,1000,1400,1000,1500,
1172700,orig,ok,2000,2836,1000,1500,
1172726,orig,ok,1214,1800,1000,1500,
1172892,up,ok,1000,1500,1000,1500,
1172918,orig,ok,1925,2888,1000,1500,
1173070,up,ok,1152,1728,1000,1500,
1173185,orig,ok,1204,1797,1000,1500,
1173559,orig,ok,2000,3000,1000,1500,
1173580,orig,ok,1080,1600,1000,1500,
1174019,orig,ok,2000,3000,1000,1500,
1174093,up,ok,1000,1500,1000,1500,
1174161,up,ok,1600,2240,1000,1500,
1174194,orig,ok,1175,1763,1000,1500,
1174200,orig,ok,2000,3000,1000,1500,
1174240,orig,ok,2000,3000,1000,1500,
1174278,orig,ok,1584,2376,1000,1500,
1174492,up,ok,1000,1500,1000,1500,
1174811,up,ok,1000,1500,1000,1500,
1175000,up,ok,1000,1500,1000,1500,
1175182,orig,ok,2000,3000,1000,1500,
1175189,orig,ok,1920,2880,1000,1500,
1175237,orig,ok,2000,3000,1000,1500,
1175574,up,ok,1024,1536,1000,1500,
1175601,orig,ok,1149,1600,1000,1500,
1175873,orig,ok,2000,3000,1000,1500,
1175992,up,ok,1000,1500,1000,1500,
1175996,up,ok,1000,1500,1000,1500,
1176128,up,ok,1728,2592,1000,1500,
1176393,up,ok,1000,1500,1000,1500,
1176464,up,ok,1000,1500,1000,1500,
1177158,orig,ok,2000,3000,1000,1500,
1177275,orig,ok,1000,1503,1000,1500,
1177377,orig,ok,2000,3000,1000,1500,
1177411,orig,ok,2000,3000,1000,1500,
1177512,up,ok,1876,2814,1000,1500,
1177533,orig,ok,1974,2961,1000,1500,
1177573,orig,ok,2000,3000,1000,1500,
1177871,orig,ok,1000,1500,1000,1500,
1178831,orig,ok,1920,2880,1000,1500,
1179110,orig,ok,2000,3000,1000,1500,
1179119,orig,ok,2000,3000,1000,1500,
1179165,up,ok,1920,2880,1000,1500,
1179170,orig,ok,1525,2172,1000,1500,
1179188,orig,ok,1366,2048,1000,1500,
1179252,orig,ok,2000,3000,1000,1500,
1179558,orig,ok,1000,1500,1000,1500,
1180166,orig,ok,2000,3000,1000,1500,
1180255,up,ok,1438,2050,1000,1500,
1180326,orig,ok,1575,2100,1000,1500,
1180483,orig,ok,1179,1757,1000,1500,
1180572,up,ok,1000,1500,1000,1500,
1180763,up,ok,1972,2958,1000,1500,
1180879,up,ok,1920,2880,1000,1500,
1181215,orig,ok,1400,2100,1000,1500,
1181217,orig,ok,1000,1500,1000,1500,
1181277,orig,ok,2000,3000,1000,1500,
1181555,orig,ok,1200,1800,1000,1500,
1181566,orig,ok,2000,3000,1000,1500,
1181568,orig,ok,1920,2880,1000,1500,
1181830,orig,ok,1472,2048,1000,1500,
1182283,up,ok,1976,2964,1000,1500,
1182286,orig,ok,2000,3000,1000,1500,
1182445,up,ok,1000,1500,1000,1500,
1182601,orig,ok,1290,1822,1000,1500,
1182646,orig,ok,1000,1500,1000,1500,
1183104,orig,ok,2000,3000,1000,1500,
1183199,up,ok,1250,1876,1000,1500,
1183372,up,ok,1044,1564,1000,1500,
1183405,orig,ok,2000,3000,1000,1500,
1183564,orig,ok,1600,2400,1000,1500,
1183972,up,ok,1600,2400,1000,1500,
1184294,orig,ok,2000,3000,1000,1500,
1184433,orig,ok,1336,2004,1000,1500,
1184620,orig,ok,1976,3000,1000,1500,
1184982,up,ok,1000,1500,1000,1500,
1185020,orig,ok,1000,1500,1000,1500,
1185029,up,ok,1984,2976,1000,1500,
1185076,orig,ok,1000,1500,1000,1500,
1185192,up,ok,1600,2400,1000,1500,
1185432,up,ok,1000,1500,1000,1500,
1185439,orig,ok,2000,3000,1000,1500,
1185623,up,ok,1440,2044,1000,1500,
1185780,up,ok,1000,1514,1000,1500,
1185790,orig,ok,1170,1755,1000,1500,
1186013,orig,ok,2000,3000,1000,1500,
1186023,orig,ok,2000,3000,1000,1500,
1186274,orig,ok,2000,3000,1000,1500,
1186332,up,ok,1210,1814,1000,1500,
1186605,orig,ok,2000,3000,1000,1500,
1186749,up,ok,1000,1500,1000,1500,
1187025,orig,ok,1400,2100,1000,1500,
1187097,up,ok,1986,2980,1000,1500,
1187100,up,ok,1920,2880,1000,1500,
1187339,orig,ok,2000,3000,1000,1500,
1187498,orig,ok,1707,2560,1000,1500,
1187504,orig,ok,2000,3000,1000,1500,
1188278,up,ok,1196,1690,1000,1500,
1188423,orig,ok,1080,1598,1000,1500,
1188447,orig,ok,2000,3000,1000,1500,
1188598,up,ok,1000,1500,1000,1500,
1188677,orig,ok,1536,2304,1000,1500,
1189015,up,ok,1500,2222,1000,1500,
1189157,up,ok,1000,1500,1000,1500,
1189159,up,ok,1134,1664,1000,1500,
1189160,up,ok,1000,1500,1000,1500,
1189205,orig,ok,2000,3000,1000,1500,
1189259,orig,ok,1727,2590,1000,1500,
1189354,up,ok,1200,1600,1000,1500,
1189370,orig,ok,1088,1632,1000,1500,
1189390,orig,ok,1200,1600,1000,1500,
1189510,up,ok,1944,2880,1000,1500,
1189798,orig,ok,2000,3000,1000,1500,
1189885,orig,ok,2000,3000,1000,1500,
1190025,orig,ok,1175,1763,1000,1500,
1190057,up,ok,1000,1500,1000,1500,
1190071,orig,ok,2000,3000,1000,1500,
1190128,up,ok,1000,1500,1000,1500,
1190151,orig,ok,2000,3000,1000,1500,
1190400,orig,ok,1920,2880,1000,1500,
1190462,orig,ok,2000,3000,1000,1500,
1190629,orig,ok,2000,3000,1000,1500,
1190755,orig,ok,2000,3000,1000,1500,
1191318,orig,ok,2000,3000,1000,1500,
1192205,orig,ok,2000,3000,1000,1500,
1192222,orig,ok,1000,1482,1000,1500,
1192224,up,ok,1000,1500,1000,1500,
1192441,orig,ok,2000,3000,1000,1500,
1192618,orig,ok,1920,2880,1000,1500,
1192794,orig,ok,2000,3000,1000,1500,
1192906,up,ok,1392,2088,1000,1500,
1192922,orig,ok,1575,2100,1000,1500,
1193314,orig,ok,1080,1599,1000,1500,
1193341,orig,ok,2000,3000,1000,1500,
1193501,orig,ok,2000,3000,1000,1500,
1193659,orig,ok,1000,1500,1000,1500,
1193776,orig,ok,1575,2100,1000,1500,
1193824,orig,ok,2000,3000,1000,1500,
1193866,orig,ok,2000,3000,1000,1500,
1193927,orig,ok,1067,1600,1000,1500,
1194185,up,ok,1600,2262,1000,1500,
1194420,up,ok,1536,2048,1000,1500,
1194644,orig,ok,1067,1600,1000,1500,
1194713,up,ok,1000,1500,1000,1500,
1194776,orig,ok,2000,2962,1000,1500,
1194931,orig,ok,1000,1500,1000,1500,
1194955,up,ok,1200,1800,1000,1500,
1194974,orig,ok,1000,1500,1000,1500,
1195095,orig,ok,1000,1500,1000,1500,
1195638,up,ok,1970,2956,1000,1500,
1195652,orig,ok,1575,2100,1000,1500,
1196089,orig,ok,2000,3000,1000,1500,
1196450,up,ok,1000,1500,1000,1500,
1196555,up,ok,1976,2964,1000,1500,
1196646,orig,ok,2000,3000,1000,1500,
1196674,orig,ok,2000,3000,1000,1500,
1196980,orig,ok,2000,3000,1000,1500,
1196997,orig,ok,2000,2667,1000,1500,
1197547,up,ok,1008,1500,1000,1500,
1197721,orig,ok,1364,2046,1000,1500,
1197830,orig,ok,2000,3000,1000,1500,
1198355,up,ok,1000,1500,1000,1500,
1198475,orig,ok,2000,3000,1000,1500,
1198618,orig,ok,1825,2737,1000,1500,
1198717,up,ok,1200,1800,1000,1500,
1198984,orig,ok,2000,3000,1000,1500,
1198994,orig,ok,2000,3000,1000,1500,
1199289,up,ok,1184,1774,1000,1500,
1199389,orig,ok,2000,3000,1000,1500,
1199731,orig,ok,1524,2160,1000,1500,
1199836,orig,ok,1045,1590,1000,1500,
1199869,orig,ok,2000,3000,1000,1500,
1199990,orig,ok,1125,1682,1000,1500,
1199996,up,ok,1000,1500,1000,1500,
1200005,orig,ok,1067,1600,1000,1500,
1200042,orig,ok,1000,1500,1000,1500,
1200414,orig,ok,1099,1616,1000,1500,
1200554,up,ok,1800,2572,1000,1500,
1200866,orig,ok,2000,3000,1000,1500,
1201262,orig,ok,2000,3000,1000,1500,
1201338,orig,ok,1439,2158,1000,1500,
1201697,orig,ok,2000,3000,1000,1500,
1201734,orig,ok,1920,2880,1000,1500,
1201757,up,ok,1290,1932,1000,1500,
1201834,up,ok,1920,2880,1000,1500,
1201986,orig,ok,1000,1423,1000,1500,
1202107,orig,ok,1170,1758,1000,1500,
1202188,up,ok,1000,1500,1000,1500,
1202267,orig,ok,1000,1481,1000,1500,
1202306,orig,ok,1000,1500,1000,1500,
1202568,orig,ok,2000,3000,1000,1500,
1202859,orig,ok,2000,3000,1000,1500,
1203068,up,ok,1000,1500,1000,1500,
1203829,up,ok,1032,1550,1000,1500,
1204650,orig,ok,1684,2381,1000,1500,
1204660,orig,ok,2000,3000,1000,1500,
1204761,orig,ok,2000,3000,1000,1500,
1204772,orig,ok,1575,2362,1000,1500,
1204832,orig,ok,1074,1428,1000,1500,
1204881,orig,ok,2000,2963,1000,1500,
1205084,up,ok,1000,1500,1000,1500,
1205108,orig,ok,1000,1416,1000,1500,
1205225,orig,ok,1000,1500,1000,1500,
1205369,up,ok,1012,1500,1000,1500,
1205384,up,ok,1000,1500,1000,1500,
1205801,orig,ok,1554,2331,1000,1500,
1205911,up,ok,1000,1500,1000,1500,
1206083,up,ok,1920,2880,1000,1500,
1206589,orig,ok,2000,3000,1000,1500,
1206635,orig,ok,1650,2200,1000,1500,
1206701,orig,ok,1125,1600,1000,1500,
1206921,up,ok,1000,1500,1000,1500,
1206989,up,ok,1000,1500,1000,1500,
1207622,orig,ok,1945,2917,1000,1500,
1207637,up,ok,1920,2560,1000,1500,
1208002,orig,ok,2000,3000,1000,1500,
1208134,up,ok,1000,1500,1000,1500,
1208138,up,ok,1000,1500,1000,1500,
1208388,orig,ok,1042,1546,1000,1500,
1208394,orig,ok,1500,2250,1000,1500,
1209152,orig,ok,2000,3000,1000,1500,
1209189,orig,ok,1468,2099,1000,1500,
1209324,orig,ok,1200,1600,1000,1500,
1209505,up,ok,1972,2958,1000,1500,
1209827,orig,ok,1000,1500,1000,1500,
1210035,orig,ok,2000,3000,1000,1500,
1210253,up,ok,1000,1500,1000,1500,
1210307,up,ok,1494,2148,1000,1500,
1210358,up,ok,1900,2850,1000,1500,
1210376,orig,ok,1944,2880,1000,1500,
1210378,up,ok,1920,2880,1000,1500,
1210584,orig,ok,1067,1600,1000,1500,
1210727,orig,ok,2000,3000,1000,1500,
1211119,orig,ok,2000,3000,1000,1500,
1211257,orig,ok,2000,3000,1000,1500,
1211290,up,ok,1342,1920,1000,1500,
1211507,orig,ok,2000,3000,1000,1500,
1211728,orig,ok,1175,1763,1000,1500,
1211825,orig,ok,2000,3000,1000,1500,
1211862,orig,ok,1132,1510,1000,1500,
1212137,orig,ok,1440,2160,1000,1500,
1212329,up,ok,1100,1628,1000,1500,
1212366,up,ok,1280,1920,1000,1500,
1212416,orig,ok,2000,3000,1000,1500,
1212461,orig,ok,1693,2500,1000,1500,
1212763,orig,ok,2000,3000,1000,1500,
1213218,orig,ok,1570,2250,1000,1500,
1213415,up,ok,1000,1500,1000,1500,
1213559,orig,ok,2000,2998,1000,1500,
1213718,up,ok,1200,1700,1000,1500,
1213733,orig,ok,1296,1792,1000,1500,
1213946,up,ok,1060,1500,1000,1500,
1214040,orig,ok,1566,2231,1000,1500,
1214117,orig,ok,2000,3000,1000,1500,
1214555,orig,ok,2000,3000,1000,1500,
1214625,up,ok,1714,2570,1000,1500,
1214795,up,ok,1920,2880,1000,1500,
1214926,orig,ok,2000,2668,1000,1500,
1214943,up,ok,1000,1500,1000,1500,
1215026,up,ok,1000,1500,1000,1500,
1215034,up,ok,1200,1700,1000,1500,
1215077,orig,ok,2000,3000,1000,1500,
1215325,orig,ok,1175,1763,1000,1500,
1215707,orig,ok,2000,3000,1000,1500,
1215834,orig,ok,1600,2234,1000,1500,
1215919,orig,ok,2000,3000,1000,1500,
1216103,orig,ok,2000,3000,1000,1500,
1216358,orig,ok,1200,1600,1000,1500,
1216411,up,ok,1000,1500,1000,1500,
1216595,orig,ok,1000,1425,1000,1500,
1216624,up,ok,1000,1500,1000,1500,
1216784,orig,ok,2000,3000,1000,1500,
1217109,up,ok,1000,1500,1000,1500,
1217207,orig,ok,1400,2100,1000,1500,
1217585,orig,ok,1012,1500,1000,1500,
1217624,orig,ok,1587,2245,1000,1500,
1217647,orig,ok,1000,1500,1000,1500,
1217931,orig,ok,1000,1500,1000,1500,
1217964,orig,ok,2000,3000,1000,1500,
1218176,up,ok,1000,1500,1000,1500,
1218245,orig,ok,1365,2048,1000,1500,
1218622,orig,ok,1080,1617,1000,1500,
1218704,orig,ok,1200,1600,1000,1500,
1218707,orig,ok,1024,1536,1000,1500,
1218787,orig,ok,1214,1619,1000,1500,
1219062,orig,ok,1079,1619,1000,1500,
1219267,orig,ok,1745,2443,1000,1500,
1219348,orig,ok,1200,1800,1000,1500,
1219663,orig,ok,1079,1619,1000,1500,
1219681,orig,ok,1078,1617,1000,1500,
1220158,orig,ok,1200,1600,1000,1500,
1220229,orig,ok,1635,2180,1000,1500,
1220808,orig,ok,1400,2100,1000,1500,
1221058,orig,ok,2000,3000,1000,1500,
1221099,orig,ok,2000,3000,1000,1500,
1221415,up,ok,1600,2400,1000,1500,
1221499,orig,ok,1358,1920,1000,1500,
1221596,up,ok,1200,1800,1000,1500,
1221597,orig,ok,2000,2999,1000,1500,
1222378,orig,ok,1349,2023,1000,1500,
1222730,orig,ok,1538,2175,1000,1500,
1222912,up,ok,1528,2238,1000,1500,
1223050,up,ok,1360,2000,1000,1500,
1224118,orig,ok,2000,3000,1000,1500,
1224289,up,ok,1240,1860,1000,1500,
1224315,orig,ok,1000,1500,1000,1500,
1224327,up,ok,1920,2880,1000,1500,
1224455,up,ok,1000,1500,1000,1500,
1224479,orig,ok,1000,1462,1000,1500,
1224563,orig,ok,2000,3000,1000,1500,
1224965,up,ok,1600,2400,1000,1500,
1225091,up,ok,1024,1536,1000,1500,
1225148,orig,ok,1000,1500,1000,1500,
1225202,orig,ok,2000,3000,1000,1500,
1225557,orig,ok,1536,2304,1000,1500,
1225559,orig,ok,1889,2833,1000,1500,
1225638,orig,ok,1240,1883,1000,1500,
1226230,orig,ok,2000,3000,1000,1500,
1226393,up,ok,1800,2500,1000,1500,
1226762,up,ok,1000,1500,1000,1500,
1226787,orig,ok,1400,2100,1000,1500,
1226840,orig,ok,2000,3000,1000,1500,
1227003,orig,ok,2000,3000,1000,1500,
1227460,up,ok,1972,2960,1000,1500,
1227471,orig,ok,1800,2700,1000,1500,
1228057,orig,ok,1400,2100,1000,1500,
1228128,orig,ok,1700,2550,1000,1500,
1228314,up,ok,1000,1500,1000,1500,
1228320,orig,ok,1944,2880,1000,1500,
1228803,orig,ok,2000,3000,1000,1500,
1228870,orig,ok,1447,2048,1000,1500,
1229021,orig,ok,1200,1600,1000,1500,
1229244,orig,ok,1000,1500,1000,1500,
1229273,orig,ok,1950,2600,1000,1500,
1229576,orig,ok,2000,3000,1000,1500,
1229586,orig,ok,1080,1526,1000,1500,
1229626,orig,ok,2000,3000,1000,1500,
1229906,up,ok,1388,2082,1000,1500,
1229910,orig,ok,2000,3000,1000,1500,
1230046,orig,ok,1400,2100,1000,1500,
1230453,orig,ok,2000,3000,1000,1500,
1230860,up,ok,1000,1500,1000,1500,
1231010,orig,ok,2000,3000,1000,1500,
1231011,orig,ok,1200,1600,1000,1500,
1231258,orig,ok,1200,1600,1000,1500,
1231558,orig,ok,2000,3000,1000,1500,
1231577,orig,ok,2000,3000,1000,1500,
1231910,orig,ok,1824,2430,1000,1500,
1232062,up,ok,1000,1500,1000,1500,
1232087,orig,ok,1212,1818,1000,1500,
1232322,up,ok,1000,1500,1000,1500,
1232466,orig,ok,1400,2100,1000,1500,
1232468,orig,ok,1999,2999,1000,1500,
1232569,orig,ok,2000,3000,1000,1500,
1232645,orig,ok,1000,1500,1000,1500,
1232955,orig,ok,1079,1619,1000,1500,
1233150,orig,ok,2000,3000,1000,1500,
1233210,orig,ok,2000,3000,1000,1500,
1233432,orig,ok,2000,3000,1000,1500,
1233571,orig,ok,1000,1500,1000,1500,
1233776,orig,ok,2000,3000,1000,1500,
1233790,orig,ok,2000,3000,1000,1500,
1233883,orig,ok,2000,2829,1000,1500,
1233915,orig,ok,1407,1875,1000,1500,
1234008,up,ok,1000,1500,1000,1500,
1234194,orig,ok,1279,1918,1000,1500,
1234317,orig,ok,1000,1500,1000,1500,
1234364,orig,ok,1165,1650,1000,1500,
1234559,orig,ok,2000,3000,1000,1500,
1234861,up,ok,1000,1500,1000,1500,
1234882,orig,ok,1124,1499,1000,1500,
1234905,orig,ok,2000,3000,1000,1500,
1234941,orig,ok,2000,3000,1000,1500,
1234948,orig,ok,2000,3000,1000,1500,
1235192,orig,ok,2000,3000,1000,1500,
1235396,orig,ok,2000,3000,1000,1500,
1235665,up,ok,1000,1500,1000,1500,
1236204,orig,ok,2000,3000,1000,1500,
1236416,orig,ok,1857,2715,1000,1500,
1236418,up,ok,1000,1500,1000,1500,
1236469,orig,ok,2000,3000,1000,1500,
1236471,orig,ok,2000,3000,1000,1500,
1236769,orig,ok,1000,1416,1000,1500,
1236868,up,ok,1990,3000,1000,1500,
1237000,orig,ok,2000,3000,1000,1500,
1237007,orig,ok,1000,1490,1000,1500,
1237059,orig,ok,2000,3000,1000,1500,
1237394,up,ok,1000,1500,1000,1500,
1237397,up,ok,1000,1500,1000,1500,
1237401,orig,ok,1800,2667,1000,1500,
1237456,orig,ok,2000,3000,1000,1500,
1237549,orig,ok,1000,1500,1000,1500,
1237814,up,ok,1000,1500,1000,1500,
1238437,up,ok,1000,1500,1000,1500,
1238505,orig,ok,1000,1500,1000,1500,
1239390,orig,ok,1365,2048,1000,1500,
1239456,up,ok,1588,2388,1000,1500,
1239468,orig,ok,1194,1796,1000,1500,
1239773,orig,ok,1179,1730,1000,1500,
1239944,up,ok,1000,1500,1000,1500,
1240174,orig,ok,1698,2547,1000,1500,
1240272,orig,ok,1728,2304,1000,1500,
1240889,up,ok,1600,2400,1000,1500,
1241234,orig,ok,2000,3000,1000,1500,
1241554,orig,ok,2000,3000,1000,1500,
1241726,orig,ok,1000,1500,1000,1500,
1241989,up,ok,1000,1504,1000,1500,
1241994,orig,ok,2000,3000,1000,1500,
1242432,up,ok,1000,1500,1000,1500,
1242483,orig,ok,1800,2700,1000,1500,
1242561,up,ok,1200,1698,1000,1500,
1242571,up,ok,1000,1500,1000,1500,
1242590,orig,ok,2000,3000,1000,1500,
1242744,orig,ok,2000,2963,1000,1500,
1242879,up,ok,1376,2062,1000,1500,
1242886,orig,ok,2000,3000,1000,1500,
1242937,orig,ok,2000,3000,1000,1500,
1243046,orig,ok,1577,2365,1000,1500,
1243442,orig,ok,1000,1500,1000,1500,
1243465,orig,ok,1575,2100,1000,1500,
1243538,up,ok,1896,2800,1000,1500,
1243805,orig,ok,1508,2148,1000,1500,
1243853,orig,ok,1175,1763,1000,1500,
1243910,up,ok,1314,1746,1000,1500,
1243953,orig,ok,1079,1619,1000,1500,
1243997,orig,ok,1920,2880,1000,1500,
1244003,orig,ok,1920,2880,1000,1500,
1244036,orig,ok,2000,3000,1000,1500,
1244039,orig,ok,2000,3000,1000,1500,
1244101,orig,ok,2000,3000,1000,1500,
1244125,orig,ok,1122,1662,1000,1500,
1244126,orig,ok,1200,1800,1000,1500,
1244381,up,ok,1000,1500,1000,1500,
1244525,up,ok,1202,1800,1000,1500,
1244643,orig,ok,2000,3000,1000,1500,
1244652,orig,ok,1700,2550,1000,1500,
1244657,up,ok,1776,2664,1000,1500,
1244706,orig,ok,2000,3000,1000,1500,
1245112,orig,ok,1400,2100,1000,1500,
1245191,up,ok,1000,1500,1000,1500,
1245526,up,ok,1000,1500,1000,1500,
1245776,up,ok,1600,2400,1000,1500,
1245802,up,ok,1946,2900,1000,1500,
1245934,orig,ok,2000,3000,1000,1500,
1245962,orig,ok,1000,1490,1000,1500,
1246036,orig,ok,1024,1536,1000,1500,
1246366,up,ok,1108,1662,1000,1500,
1246490,up,ok,1790,2506,1000,1500,
1246839,up,ok,1976,2960,1000,1500,
1247113,orig,ok,1000,1519,1000,1500,
1247193,orig,ok,2000,3000,1000,1500,
1247353,orig,ok,2000,3000,1000,1500,
1247436,up,ok,1000,1500,1000,1500,
1247729,orig,ok,2000,3000,1000,1500,
1248339,up,ok,1000,1500,1000,1500,
1248711,orig,ok,2000,3000,1000,1500,
1248868,orig,ok,1920,2880,1000,1500,
1248876,up,ok,1876,2500,1000,1500,
1248896,orig,ok,1079,1619,1000,1500,
1249026,orig,ok,1200,1800,1000,1500,
1249385,orig,ok,1000,1500,1000,1500,
1249403,orig,ok,1000,1326,1000,1500,
1249508,orig,ok,1280,1920,1000,1500,
1249532,orig,ok,2000,3000,1000,1500,
1250441,up,ok,1000,1500,1000,1500,
1250512,orig,ok,2000,3000,1000,1500,
1250800,orig,ok,2000,3000,1000,1500,
1250846,up,ok,1672,2508,1000,1500,
1250979,orig,ok,1000,1415,1000,1500,
1251138,orig,ok,2000,3000,1000,1500,
1251300,up,ok,1600,2284,1000,1500,
1251506,orig,ok,2000,3000,1000,1500,
1251683,orig,ok,1280,1897,1000,1500,
1251973,orig,ok,2000,3000,1000,1500,
1252113,up,ok,1000,1500,1000,1500,
1252289,up,ok,1000,1500,1000,1500,
1252359,up,ok,1000,1500,1000,1500,
1252436,up,ok,1000,1500,1000,1500,
1252552,orig,ok,1800,2700,1000,1500,
1252693,orig,ok,2000,3000,1000,1500,
1252908,up,ok,1002,1500,1000,1500,
1252959,orig,ok,2000,2963,1000,1500,
1253036,up,ok,1600,2402,1000,1500,
1253284,orig,ok,1200,1600,1000,1500,
1253575,orig,ok,1000,1389,1000,1500,
1253664,orig,ok,1985,2940,1000,1500,
1253929,orig,ok,1000,1392,1000,1500,
1254033,orig,ok,1000,1437,1000,1500,
1254234,orig,ok,2000,2955,1000,1500,
1254354,up,ok,1920,2880,1000,1500,
1254780,orig,ok,1920,2560,1000,1500,
1254850,orig,ok,1000,1344,1000,1500,
1254896,orig,ok,2000,3000,1000,1500,
1254933,orig,ok,1365,2048,1000,1500,
1255112,orig,ok,2000,3000,1000,1500,
1255208,orig,ok,2000,3000,1000,1500,
1255394,orig,ok,1989,3000,1000,1500,
1255413,up,ok,1000,1500,1000,1500,
1255453,orig,ok,1800,2700,1000,1500,
1255833,orig,ok,2000,3000,1000,1500,
1256214,orig,ok,1135,1702,1000,1500,
1256380,orig,ok,1000,1425,1000,1500,
1256520,orig,ok,2000,3000,1000,1500,
1256639,orig,ok,1079,1619,1000,1500,
1256988,up,ok,1000,1500,1000,1500,
1257380,orig,ok,1200,1600,1000,1500,
1257586,orig,ok,2000,3000,1000,1500,
1257775,orig,ok,1001,1500,1000,1500,
1257780,orig,ok,2000,3000,1000,1500,
1257801,up,ok,1920,2880,1000,1500,
1257984,orig,ok,1079,1619,1000,1500,
1258195,orig,ok,1000,1500,1000,1500,
1258211,orig,ok,2000,3000,1000,1500,
1258328,orig,ok,1200,1800,1000,1500,
1258584,orig,ok,1214,1619,1000,1500,
1258751,orig,ok,1296,1728,1000,1500,
1259059,orig,ok,1200,1800,1000,1500,
1259089,orig,ok,2000,3000,1000,1500,
1259256,orig,ok,2000,3000,1000,1500,
1259417,orig,ok,2000,3000,1000,1500,
1259735,orig,ok,1000,1500,1000,1500,
1259850,up,ok,1600,2400,1000,1500,
1260158,up,ok,1000,1500,1000,1500,
1260732,orig,ok,1185,1580,1000,1500,
1260794,up,ok,1920,2880,1000,1500,
1260835,up,ok,1000,1500,1000,1500,
1260867,orig,ok,1366,2048,1000,1500,
1260968,orig,ok,1175,1763,1000,1500,
1261260,up,ok,1500,2250,1000,1500,
1261261,up,ok,1280,1920,1000,1500,
1261352,orig,ok,2000,3000,1000,1500,
1261552,orig,ok,1079,1619,1000,1500,
1261561,orig,ok,1103,1471,1000,1500,
1261573,orig,ok,1079,1619,1000,1500,
1261574,orig,ok,2000,3000,1000,1500,
1261577,up,ok,1102,1654,1000,1500,
1261770,orig,ok,1000,1500,1000,1500,
1262995,orig,ok,1080,1620,1000,1500,
1263723,up,ok,1964,2944,1000,1500,
1263763,orig,ok,1587,2245,1000,1500,
1264452,up,ok,1956,2934,1000,1500,
1264468,orig,ok,1000,1500,1000,1500,
1264548,up,ok,1296,1908,1000,1500,
1264954,up,ok,1000,1500,1000,1500,
1264966,orig,ok,2000,3000,1000,1500,
1265122,orig,ok,2000,3000,1000,1500,
1265131,orig,ok,1400,2100,1000,1500,
1265257,orig,ok,1000,1500,1000,1500,
1265438,up,ok,1500,2000,1000,1500,
1265467,orig,ok,1052,1488,1000,1500,
1265517,up,ok,1800,2700,1000,1500,
1265593,orig,ok,1112,1668,1000,1500,
1265637,orig,ok,1025,1537,1000,1500,
1265647,orig,ok,2000,3000,1000,1500,
1265659,up,ok,1000,1500,1000,1500,
1265841,orig,ok,1079,1619,1000,1500,
1266127,orig,ok,2000,3000,1000,1500,
1266167,orig,ok,1000,1333,1000,1500,
1266426,orig,ok,2000,3000,1000,1500,
1266520,up,ok,1250,1874,1000,1500,
1267030,up,ok,1904,2840,1000,1500,
1267219,orig,ok,1440,2160,1000,1500,
1267240,orig,ok,1000,1333,1000,1500,
1267252,orig,ok,1000,1401,1000,1500,
1267277,orig,ok,1079,1619,1000,1500,
1267304,orig,ok,1016,1524,1000,1500,
1267407,up,ok,1000,1500,1000,1500,
1267470,orig,ok,1000,1481,1000,1500,
1267584,orig,ok,1575,2100,1000,1500,
1267887,orig,ok,1377,2040,1000,1500,
1267975,orig,ok,1079,1619,1000,1500,
1268053,orig,ok,1024,1536,1000,1500,
1268163,up,ok,1434,2048,1000,1500,
1268263,orig,ok,2000,3000,1000,1500,
1269021,orig,ok,1000,1500,1000,1500,
1269024,orig,ok,1296,1920,1000,1500,
1269173,up,ok,1390,1976,1000,1500,
1269348,orig,ok,2000,3000,1000,1500,
1269475,orig,ok,1079,1619,1000,1500,
1269489,orig,ok,2000,3000,1000,1500,
1269908,orig,ok,2000,3000,1000,1500,
1269980,orig,ok,1500,2000,1000,1500,
1270687,orig,ok,1920,2880,1000,1500,
1270762,orig,ok,1200,1600,1000,1500,
1270916,orig,ok,2000,2946,1000,1500,
1271023,orig,ok,1175,1763,1000,1500,
1271250,orig,ok,2000,3000,1000,1500,
1271257,orig,ok,1728,2304,1000,1500,
1271264,orig,ok,1200,1600,1000,1500,
1271268,orig,ok,2000,3000,1000,1500,
1271315,orig,ok,2000,3000,1000,1500,
1271604,up,ok,1478,2222,1000,1500,
1271685,up,ok,1728,2560,1000,1500,
1272300,orig,ok,2000,3000,1000,1500,
1272837,orig,ok,2000,3000,1000,1500,
1273193,orig,ok,1200,1600,1000,1500,
1273232,orig,ok,1046,1486,1000,1500,
1273310,up,ok,1878,2814,1000,1500,
1273802,up,ok,1000,1500,1000,1500,
1273844,orig,ok,1175,1763,1000,1500,
1273938,orig,ok,1000,1333,1000,1500,
1275003,orig,ok,2000,3000,1000,1500,
1275126,orig,ok,1000,1500,1000,1500,
1275526,orig,ok,1079,1614,1000,1500,
1275531,up,ok,1000,1500,1000,1500,
1275550,up,ok,1440,2160,1000,1500,
1275930,orig,ok,1191,1787,1000,1500,
1276038,orig,ok,2000,3000,1000,1500,
1276743,up,ok,1204,1704,1000,1500,
1276793,up,ok,1000,1500,1000,1500,
1276916,orig,ok,1000,1500,1000,1500,
1277013,orig,ok,1004,1506,1000,1500,
1277131,orig,ok,1335,2002,1000,1500,
1277151,up,ok,1776,2664,1000,1500,
1277459,orig,ok,1157,1620,1000,1500,
1277587,orig,ok,2000,2829,1000,1500,
1277775,orig,ok,1000,1500,1000,1500,
1278027,orig,ok,1200,1600,1000,1500,
1278047,up,ok,1000,1500,1000,1500,
1278234,up,ok,1200,1800,1000,1500,
1278339,orig,ok,1400,2100,1000,1500,
1278500,up,ok,1000,1500,1000,1500,
1278544,orig,ok,2000,3000,1000,1500,
1278808,up,ok,1180,1750,1000,1500,
1278930,up,ok,1800,2400,1000,1500,
1279091,orig,ok,1047,1570,1000,1500,
1279504,up,ok,1440,2158,1000,1500,
1279596,up,ok,1000,1500,1000,1500,
1279755,up,ok,1000,1500,1000,1500,
1280056,orig,ok,1079,1619,1000,1500,
1280300,orig,ok,1000,1500,1000,1500,
1280745,up,ok,1824,2736,1000,1500,
1280990,orig,ok,2000,3000,1000,1500,
1281210,up,ok,1200,1800,1000,1500,
1281233,orig,ok,1000,1499,1000,1500,
1281532,orig,ok,2000,3000,1000,1500,
1281755,up,ok,1358,2038,1000,1500,
1282183,orig,ok,1232,1825,1000,1500,
1282777,up,ok,1940,2876,1000,1500,
1282980,orig,ok,1080,1578,1000,1500,
1284041,up,ok,1800,2700,1000,1500,
1284046,orig,ok,2000,3000,1000,1500,
1284647,orig,ok,1400,2100,1000,1500,
1285471,orig,ok,1536,2304,1000,1500,
1286218,orig,ok,1920,2880,1000,1500,
1286493,orig,ok,1024,1536,1000,1500,
1286498,orig,ok,1013,1520,1000,1500,
1286547,orig,ok,2000,3000,1000,1500,
1286663,orig,ok,2000,3000,1000,1500,
1286767,orig,ok,2000,3000,1000,1500,
1287245,orig,ok,1536,2047,1000,1500,
1287449,orig,ok,1006,1443,1000,1500,
1287482,orig,ok,1200,1600,1000,1500,
1287624,orig,ok,1458,2160,1000,1500,
1287720,orig,ok,1840,2594,1000,1500,
1287842,orig,ok,2000,3000,1000,1500,
1287850,up,ok,1210,1814,1000,1500,
1288241,up,ok,1296,1916,1000,1500,
1288255,orig,ok,2000,3000,1000,1500,
1288500,orig,ok,1920,2880,1000,1500,
1288597,orig,ok,2000,3000,1000,1500,
1288613,up,ok,1000,1500,1000,1500,
1288616,orig,ok,2000,3000,1000,1500,
1288629,up,ok,1742,2610,1000,1500,
1289513,orig,ok,2000,3000,1000,1500,
1289893,orig,ok,2000,3000,1000,1500,
1290409,orig,ok,1175,1763,1000,1500,
1290417,orig,ok,1000,1500,1000,1500,
1290740,orig,ok,1000,1500,1000,1500,
1291165,orig,ok,1000,1481,1000,1500,
1291195,orig,ok,1200,1600,1000,1500,
1291526,orig,ok,1920,2880,1000,1500,
1291594,orig,ok,1000,1500,1000,1500,
1291595,orig,ok,2000,3000,1000,1500,
1291661,orig,ok,2000,3000,1000,1500,
1291697,orig,ok,1200,1600,1000,1500,
1291776,up,ok,1200,1800,1000,1500,
1291904,orig,ok,1000,1412,1000,1500,
1292518,orig,ok,1843,2765,1000,1500,
1292540,orig,ok,2000,3000,1000,1500,
1292662,orig,ok,1200,1600,1000,1500,
1292695,orig,ok,2000,3000,1000,1500,
1292705,orig,ok,1023,1535,1000,1500,
1292906,orig,ok,1350,2000,1000,1500,
1293038,up,ok,1626,2270,1000,1500,
1293108,orig,ok,2000,3000,1000,1500,
1293126,orig,ok,1000,1333,1000,1500,
1293241,orig,ok,2000,3000,1000,1500,
1293242,up,ok,1436,2048,1000,1500,
1293263,orig,ok,1784,2560,1000,1500,
1293393,orig,ok,1156,1619,1000,1500,
1293395,orig,ok,1156,1619,1000,1500,
1293413,orig,ok,1156,1619,1000,1500,
1293560,orig,ok,1079,1619,1000,1500,
1293566,orig,ok,1000,1500,1000,1500,
1293735,up,ok,1000,1500,1000,1500,
1293848,orig,ok,1175,1763,1000,1500,
1294263,orig,ok,2000,3000,1000,1500,
1294301,orig,ok,1073,1609,1000,1500,
1294484,up,ok,1804,2570,1000,1500,
1294607,orig,ok,1992,2988,1000,1500,
1295064,orig,ok,2000,3000,1000,1500,
1295144,orig,ok,2000,3000,1000,1500,
1295166,orig,ok,2000,3000,1000,1500,
1295268,orig,ok,1079,1619,1000,1500,
1295437,up,ok,1478,2160,1000,1500,
1295892,up,ok,1000,1500,1000,1500,
1296473,orig,ok,1000,1481,1000,1500,
1296622,orig,ok,1200,1600,1000,1500,
1296753,orig,ok,1920,2880,1000,1500,
1296949,up,ok,1000,1500,1000,1500,
1297344,orig,ok,1219,1724,1000,1500,
1297418,orig,ok,2000,3000,1000,1500,
1297446,orig,ok,2000,3000,1000,1500,
1297454,orig,ok,1000,1500,1000,1500,
1297487,up,ok,1000,1500,1000,1500,
1297558,orig,ok,2000,3000,1000,1500,
1297699,orig,ok,1200,1600,1000,1500,
1297706,up,ok,1332,2000,1000,1500,
1297964,orig,ok,2000,3000,1000,1500,
1298145,orig,ok,2000,3000,1000,1500,
1298316,orig,ok,1587,2245,1000,1500,
1298622,up,ok,1000,1500,1000,1500,
1299128,orig,ok,1587,2245,1000,1500,
1299357,up,ok,1200,1800,1000,1500,
1299562,orig,ok,1620,2160,1000,1500,
1300043,orig,ok,1587,2245,1000,1500,
1300229,orig,ok,1566,2231,1000,1500,
1300489,orig,ok,1006,1408,1000,1500,
1300565,up,ok,1756,2600,1000,1500,
1300891,up,ok,1800,2700,1000,1500,
1300954,orig,ok,1000,1481,1000,1500,
1301122,orig,ok,1920,2880,1000,1500,
1301241,orig,ok,1000,1500,1000,1500,
1301270,orig,ok,1080,1620,1000,1500,
1301310,orig,ok,2000,3000,1000,1500,
1301333,orig,ok,1280,1920,1000,1500,
1301336,up,ok,1000,1500,1000,1500,
1301393,up,ok,1000,1500,1000,1500,
1301472,up,ok,1332,2000,1000,1500,
1303055,orig,ok,2000,3000,1000,1500,
1303113,orig,ok,1000,1425,1000,1500,
1303300,orig,ok,1000,1500,1000,1500,
1303312,orig,ok,1426,2100,1000,1500,
1303705,orig,ok,1000,1309,1000,1500,
1303929,orig,ok,2000,3000,1000,1500,
1304106,orig,ok,1175,1763,1000,1500,
1304313,orig,ok,1000,1500,1000,1500,
1304314,up,ok,1000,1500,1000,1500,
1304429,orig,ok,1175,1763,1000,1500,
1304470,up,ok,1626,2294,1000,1500,
1304567,orig,ok,1400,2100,1000,1500,
1305540,up,ok,1922,2882,1000,1500,
1305700,up,ok,1742,2614,1000,1500,
1305928,up,ok,1000,1500,1000,1500,
1306522,orig,ok,2000,3000,1000,1500,
1306542,orig,ok,2000,3000,1000,1500,
1306707,orig,ok,1462,2047,1000,1500,
1307050,orig,ok,1000,1500,1000,1500,
1307118,orig,ok,1920,2880,1000,1500,
1307178,up,ok,1696,2400,1000,1500,
1307258,orig,ok,2000,3000,1000,1500,
1307459,orig,ok,1200,1600,1000,1500,
1307524,orig,ok,1600,2400,1000,1500,
1307599,orig,ok,2000,2667,1000,1500,
1308238,orig,ok,1301,1734,1000,1500,
1308310,up,ok,1000,1500,1000,1500,
1308388,orig,ok,1255,1883,1000,1500,
1308433,up,ok,1334,2000,1000,1500,
1308972,orig,ok,2000,3000,1000,1500,
1309031,up,ok,1000,1500,1000,1500,
1309083,orig,ok,2000,3000,1000,1500,
1309344,orig,ok,2000,3000,1000,1500,
1309575,orig,ok,1001,1500,1000,1500,
1309669,up,ok,1058,1584,1000,1500,
1309707,up,ok,1000,1500,1000,1500,
1310783,orig,ok,2000,3000,1000,1500,
1310853,up,ok,1304,1846,1000,1500,
1311004,orig,ok,1617,2426,1000,1500,
1311596,up,ok,1706,2560,1000,1500,
1311613,orig,ok,1920,2880,1000,1500,
1312017,orig,ok,2000,3000,1000,1500,
1312228,orig,ok,2000,3000,1000,1500,
1312359,orig,ok,1079,1619,1000,1500,
1312437,up,ok,1610,2414,1000,1500,
1312471,orig,ok,1440,1920,1000,1500,
1312532,orig,ok,1200,1800,1000,1500,
1312787,up,ok,1052,1558,1000,1500,
1312833,orig,ok,2000,3000,1000,1500,
1312915,orig,ok,1575,2100,1000,1500,
1313247,orig,ok,1200,1600,1000,1500,
1313364,up,ok,1100,1628,1000,1500,
1313507,up,ok,1000,1500,1000,1500,
1313517,orig,ok,1200,1600,1000,1500,
1313748,orig,ok,2000,2828,1000,1500,
1313831,up,ok,1000,1500,1000,1500,
1313837,up,ok,1000,1500,1000,1500,
1313842,up,ok,1000,1500,1000,1500,
1313964,orig,ok,1079,1619,1000,1500,
1314165,orig,ok,1748,2480,1000,1500,
1314205,orig,ok,1000,1509,1000,1500,
1314304,up,ok,1000,1500,1000,1500,
1314464,up,ok,1944,2592,1000,1500,
1314748,up,ok,1728,2592,1000,1500,
1314812,orig,ok,1023,1537,1000,1500,
1314829,orig,ok,2000,3000,1000,1500,
1314832,up,ok,1684,2476,1000,1500,
1315014,orig,ok,1200,1600,1000,1500,
1315303,orig,ok,2000,3000,1000,1500,
1315381,up,ok,1208,1614,1000,1500,
1316071,orig,ok,1530,2160,1000,1500,
1316072,up,ok,1080,1600,1000,1500,
1316077,orig,ok,1920,2880,1000,1500,
1316291,orig,ok,2000,3000,1000,1500,
1316332,orig,ok,2000,3000,1000,1500,
1316408,up,ok,1000,1500,1000,1500,
1316425,orig,ok,1022,1536,1000,1500,
1316482,up,ok,1000,1500,1000,1500,
1316673,orig,ok,2000,3000,1000,1500,
1317048,orig,ok,1728,2304,1000,1500,
1317102,orig,ok,1382,2048,1000,1500,
1317104,up,ok,1148,1606,1000,1500,
1317321,orig,ok,1000,1500,1000,1500,
1317351,orig,ok,2000,3000,1000,1500,
1317442,orig,ok,1000,1414,1000,1500,
1317877,orig,ok,2000,3000,1000,1500,
1318106,up,ok,1066,1600,1000,1500,
1318168,orig,ok,1000,1398,1000,1500,
1318306,up,ok,1432,2148,1000,1500,
1318933,orig,ok,2000,2963,1000,1500,
1318966,orig,ok,1000,1500,1000,1500,
1318998,orig,ok,2000,2963,1000,1500,
1319029,orig,ok,1000,1463,1000,1500,
1319482,orig,ok,2000,3000,1000,1500,
1319651,orig,ok,2000,3000,1000,1500,
1319665,up,ok,1730,2560,1000,1500,
1319721,orig,ok,2000,3000,1000,1500,
1320004,up,ok,1000,1500,1000,1500,
1320170,orig,ok,1450,2175,1000,1500,
1320320,up,ok,1664,2496,1000,1500,
1320322,up,ok,1080,1600,1000,1500,
1320330,orig,ok,1175,1763,1000,1500,
1320332,orig,ok,1699,2548,1000,1500,
1320333,orig,ok,1191,1684,1000,1500,
1320610,up,ok,1050,1500,1000,1500,
1320661,up,ok,1920,2880,1000,1500,
1320728,orig,ok,1920,2880,1000,1500,
1320756,orig,ok,2000,3000,1000,1500,
1320921,orig,ok,1073,1610,1000,1500,
1321008,orig,ok,2000,3000,1000,1500,
1321151,orig,ok,1000,1500,1000,1500,
1321173,orig,ok,2000,2964,1000,1500,
1321239,orig,ok,1360,2040,1000,1500,
1321491,orig,ok,2000,3000,1000,1500,
1321554,orig,ok,2000,2667,1000,1500,
1321847,orig,ok,2000,3000,1000,1500,
1321946,up,ok,1458,2160,1000,1500,
1322059,orig,ok,2000,3000,1000,1500,
1322156,up,ok,1000,1500,1000,1500,
1322308,orig,ok,1268,1902,1000,1500,
1322560,up,ok,1000,1500,1000,1500,
1322585,orig,ok,1350,2000,1000,1500,
1322623,orig,ok,1080,1620,1000,1500,
1322976,orig,ok,1000,1334,1000,1500,
1323049,orig,ok,2000,3000,1000,1500,
1323189,up,ok,1280,1920,1000,1500,
1323276,orig,ok,1200,1600,1000,1500,
1323427,orig,ok,2000,3000,1000,1500,
1323534,orig,ok,1243,1657,1000,1500,
1323618,up,ok,1000,1500,1000,1500,
1323625,orig,ok,2000,3000,1000,1500,
1323797,up,ok,1000,1500,1000,1500,
1323798,orig,ok,1500,2250,1000,1500,
1323800,up,ok,1332,2000,1000,1500,
1323806,up,ok,1000,1500,1000,1500,
1323909,up,ok,1990,2984,1000,1500,
1323911,orig,ok,1050,1500,1000,1500,
1323979,up,ok,1930,2898,1000,1500,
1323987,orig,ok,2000,3000,1000,1500,
1324123,orig,ok,1000,1500,1000,1500,
1324129,orig,ok,1000,1507,1000,1500,
1324487,orig,ok,1000,1481,1000,1500,
1324495,orig,ok,2000,3000,1000,1500,
1324811,orig,ok,1530,2160,1000,1500,
1324828,up,ok,1224,1742,1000,1500,
1325261,orig,ok,2000,3000,1000,1500,
1325270,orig,ok,1068,1599,1000,1500,
1325573,up,ok,1428,2142,1000,1500,
1325939,up,ok,1390,1966,1000,1500,
1325979,orig,ok,1079,1619,1000,1500,
1325980,up,ok,1894,2840,1000,1500,
1325982,up,ok,1334,2000,1000,1500,
1325984,orig,ok,1057,1500,1000,1500,
1325986,up,ok,1024,1536,1000,1500,
1326045,orig,ok,1175,1763,1000,1500,
1326211,orig,ok,2000,3000,1000,1500,
1326352,up,ok,1600,2400,1000,1500,
1326353,up,ok,1122,1682,1000,1500,
1326382,orig,ok,2000,3000,1000,1500,
1326468,up,ok,1200,1776,1000,1500,
1326564,orig,ok,1138,1707,1000,1500,
1326696,up,ok,1778,2666,1000,1500,
1327535,orig,ok,1920,2880,1000,1500,
1327768,orig,ok,2000,3000,1000,1500,
1327806,orig,ok,1080,1620,1000,1500,
1327881,orig,ok,1067,1600,1000,1500,
1328160,orig,ok,1720,2430,1000,1500,
1328395,up,ok,1080,1600,1000,1500,
1328402,up,ok,1000,1500,1000,1500,
1328580,orig,ok,1000,1500,1000,1500,
1328631,up,ok,1052,1578,1000,1500,
1328651,up,ok,1000,1500,1000,1500,
1328679,orig,ok,1000,1520,1000,1500,
1328717,up,ok,1000,1500,1000,1500,
1328735,up,ok,1792,2688,1000,1500,
1328814,orig,ok,1000,1500,1000,1500,
1328870,up,ok,1066,1600,1000,1500,
1328945,up,ok,1948,2922,1000,1500,
1328956,orig,ok,2000,3000,1000,1500,
1328976,orig,ok,2000,3000,1000,1500,
1329129,orig,ok,1200,1600,1000,1500,
1329268,orig,ok,1200,1600,1000,1500,
1329303,orig,ok,1067,1600,1000,1500,
1329390,orig,ok,2000,3000,1000,1500,
1329467,orig,ok,2000,2990,1000,1500,
1329518,orig,ok,1400,2100,1000,1500,
1329801,orig,ok,1823,2700,1000,1500,
1329851,orig,ok,2000,3000,1000,1500,
1329996,orig,ok,1200,1600,1000,1500,
1330167,orig,ok,2000,3000,1000,1500,
1330343,orig,ok,2000,3000,1000,1500,
1330373,orig,ok,2000,3000,1000,1500,
1330416,orig,ok,1075,1613,1000,1500,
1330443,orig,ok,1280,1920,1000,1500,
1330445,up,ok,1080,1600,1000,1500,
1330610,orig,ok,2000,3000,1000,1500,
1331234,orig,ok,2000,2667,1000,1500,
1331538,up,ok,1984,2806,1000,1500,
1332316,orig,ok,1000,1500,1000,1500,
1333929,orig,ok,2000,2875,1000,1500,
1335667,orig,ok,1000,1500,1000,1500,
1335754,up,ok,1000,1500,1000,1500,
1335839,orig,ok,2000,3000,1000,1500,
1335859,orig,ok,2000,3000,1000,1500,
1336189,orig,ok,2000,3000,1000,1500,
1336344,up,ok,1800,2700,1000,1500,
1336501,orig,ok,1280,1920,1000,1500,
1336636,orig,ok,1000,1414,1000,1500,
1336707,up,ok,1436,2048,1000,1500,
1337133,orig,ok,1440,2160,1000,1500,
1337341,orig,ok,1000,1500,1000,1500,
1337650,up,ok,1920,2880,1000,1500,
1337652,up,ok,1438,1920,1000,1500,
1337729,orig,ok,1069,1500,1000,1500,
1337800,up,ok,1000,1500,1000,1500,
1337886,up,ok,1920,2880,1000,1500,
1338096,orig,ok,1000,1519,1000,1500,
1338346,orig,ok,2000,3000,1000,1500,
1338640,orig,ok,2000,2829,1000,1500,
1338926,orig,ok,1728,2304,1000,1500,
1338972,orig,ok,1400,2100,1000,1500,
1339166,orig,ok,2000,3000,1000,1500,
1339173,orig,ok,2000,3000,1000,1500,
1339206,orig,ok,2000,2955,1000,1500,
1339210,orig,ok,1920,2880,1000,1500,
1339219,orig,ok,2000,3000,1000,1500,
1339293,orig,ok,1175,1664,1000,1500,
1339333,orig,ok,1350,2000,1000,1500,
1339544,orig,ok,1205,1807,1000,1500,
1339668,orig,ok,2000,3000,1000,1500,
1339713,orig,ok,2000,3000,1000,1500,
1340076,orig,ok,2000,3000,1000,1500,
1340233,orig,ok,2000,3000,1000,1500,
1340360,up,ok,1000,1500,1000,1500,
1340367,up,ok,1000,1500,1000,1500,
1340374,up,ok,1000,1500,1000,1500,
1340571,orig,ok,2000,3000,1000,1500,
1340761,up,ok,1000,1500,1000,1500,
1340770,orig,ok,1600,2400,1000,1500,
1340774,up,ok,1000,1500,1000,1500,
1340799,orig,ok,1200,1600,1000,1500,
1341023,orig,ok,2000,2828,1000,1500,
1341040,orig,ok,1728,2592,1000,1500,
1341070,orig,ok,2000,3000,1000,1500,
1341397,orig,ok,1000,1414,1000,1500,
1341437,orig,ok,1200,1600,1000,1500,
1341502,orig,ok,1036,1368,1000,1500,
1341751,up,ok,1728,2590,1000,1500,
1342250,orig,ok,1000,1474,1000,1500,
1346487,up,ok,1002,1526,1000,1500,
1351660,orig,ok,1400,2100,1000,1500,
1351711,orig,ok,1365,2048,1000,1500,
1351825,up,ok,1758,2638,1000,1500,
1352445,orig,ok,2000,3000,1000,1500,
1352660,orig,ok,1000,1500,1000,1500,
1352774,orig,ok,2000,3000,1000,1500,
1352874,orig,ok,2000,3000,1000,1500,
1352894,orig,ok,2000,3000,1000,1500,
1352992,up,ok,1200,1764,1000,1500,
1353018,orig,ok,2000,3000,1000,1500,
1353226,up,ok,1066,1600,1000,1500,
1353328,orig,ok,1453,2179,1000,1500,
1353333,orig,ok,2000,3000,1000,1500,
1353339,orig,ok,2000,3000,1000,1500,
1353372,orig,ok,1348,2047,1000,1500,
1353970,up,ok,1000,1500,1000,1500,
1353989,up,ok,1000,1500,1000,1500,
1354031,up,ok,1440,2160,1000,1500,
1354072,up,ok,1000,1500,1000,1500,
1354080,orig,ok,2000,2995,1000,1500,
1354282,orig,ok,2000,3000,1000,1500,
1354556,orig,ok,1657,2485,1000,1500,
1354791,up,ok,1000,1500,1000,1500,
1354831,orig,ok,1000,1500,1000,1500,
1355019,orig,ok,1699,2548,1000,1500,
1355159,orig,ok,1728,2304,1000,1500,
1355271,orig,ok,2000,3000,1000,1500,
1355326,orig,ok,2000,3000,1000,1500,
1355581,orig,ok,1000,1499,1000,1500,
1355583,orig,ok,2000,3000,1000,1500,
1356049,orig,ok,1417,2100,1000,1500,
1356050,orig,ok,1333,2000,1000,1500,
1356053,orig,ok,2000,3000,1000,1500,
1356236,orig,ok,2000,3000,1000,1500,
1356264,up,ok,1000,1500,1000,1500,
1356281,orig,ok,1531,2048,1000,1500,
1356414,orig,ok,1000,1489,1000,1500,
1356802,orig,ok,2000,3000,1000,1500,
1356831,orig,ok,2000,3000,1000,1500,
1356867,orig,ok,2000,3000,1000,1500,
1357037,orig,ok,1200,1600,1000,1500,
1357083,orig,ok,1414,2000,1000,1500,
1357129,orig,ok,1963,2945,1000,1500,
1357616,orig,ok,2000,3000,1000,1500,
1357778,orig,ok,1000,1333,1000,1500,
1357912,orig,ok,1000,1333,1000,1500,
1357933,orig,ok,2000,3000,1000,1500,
1357952,up,ok,1864,2798,1000,1500,
1357954,orig,ok,1497,2245,1000,1500,
1357967,orig,ok,1227,1840,1000,1500,
1358118,orig,ok,2000,3000,1000,1500,
1358120,orig,ok,1976,3000,1000,1500,
1358210,orig,ok,1080,1536,1000,1500,
1358329,orig,ok,1400,2100,1000,1500,
1358407,orig,ok,1782,2640,1000,1500,
1358532,orig,ok,1896,2800,1000,1500,
1358999,orig,ok,1728,2304,1000,1500,
1359216,orig,ok,1005,1507,1000,1500,
1359353,orig,ok,2000,3000,1000,1500,
1359482,up,ok,1334,2000,1000,1500,
1359767,orig,ok,2000,3000,1000,1500,
1359977,orig,ok,2000,3000,1000,1500,
1360612,orig,ok,1536,2048,1000,1500,
1360679,orig,ok,1365,2048,1000,1500,
1361057,orig,ok,2000,3000,1000,1500,
1361355,up,ok,1002,1500,1000,1500,
1361605,up,ok,1000,1500,1000,1500,
1361740,orig,ok,2000,3000,1000,1500,
1361806,orig,ok,1364,2048,1000,1500,
1362052,orig,ok,2000,3000,1000,1500,
1362262,orig,ok,2000,3000,1000,1500,
1362348,orig,ok,1000,1500,1000,1500,
1362514,orig,ok,2000,3000,1000,1500,
1362947,up,ok,1150,1724,1000,1500,
1362981,up,ok,1000,1500,1000,1500,
1363224,orig,ok,1067,1600,1000,1500,
1363387,orig,ok,1382,2048,1000,1500,
1363818,orig,ok,1000,1333,1000,1500,
1363999,orig,ok,1400,2100,1000,1500,
1364117,orig,ok,2000,3000,1000,1500,
1364173,orig,ok,1575,2100,1000,1500,
1364184,orig,ok,1200,1600,1000,1500,
1364638,orig,ok,1179,1768,1000,1500,
1364835,up,ok,1390,1854,1000,1500,
1364953,orig,ok,1000,1500,1000,1500,
1365083,orig,ok,1001,1500,1000,1500,
1365149,orig,ok,1000,1500,1000,1500,
1365165,up,ok,1968,2952,1000,1500,
1365229,up,ok,1544,2318,1000,1500,
1365582,up,ok,1092,1628,1000,1500,
1365614,orig,ok,1500,2250,1000,1500,
1365840,up,ok,1200,1800,1000,1500,
1365843,orig,ok,1003,1504,1000,1500,
1365953,orig,ok,1364,2048,1000,1500,
1365983,up,ok,1474,2000,1000,1500,
1366025,orig,ok,2000,3000,1000,1500,
1366242,orig,ok,1050,1498,1000,1500,
1366912,orig,ok,1350,2000,1000,1500,
1367338,orig,ok,1280,1920,1000,1500,
1367693,orig,ok,1365,2048,1000,1500,
1367763,up,ok,1944,2880,1000,1500,
1367922,orig,ok,2000,3000,1000,1500,
1368107,orig,ok,1136,1500,1000,1500,
1368213,orig,ok,1532,2176,1000,1500,
1368264,orig,ok,1400,2100,1000,1500,
1368314,orig,ok,2000,3000,1000,1500,
1368492,orig,ok,2000,3000,1000,1500,
1368940,orig,ok,1975,2962,1000,1500,
1368972,orig,ok,2000,3000,1000,1500,
1369988,up,ok,1800,2570,1000,1500,
1369991,up,ok,1332,2000,1000,1500,
1369992,up,ok,1830,2746,1000,1500,
1370127,orig,ok,1000,1500,1000,1500,
1370424,orig,ok,2000,2954,1000,1500,
1371129,orig,ok,2000,3000,1000,1500,
1371357,orig,ok,2000,3000,1000,1500,
1371534,orig,ok,1000,1500,1000,1500,
1371646,orig,ok,1000,1415,1000,1500,
1371650,orig,ok,1000,1500,1000,1500,
1371850,orig,ok,1440,2160,1000,1500,
1371858,up,ok,1000,1500,1000,1500,
1371874,orig,ok,1308,1832,1000,1500,
1372026,orig,ok,1575,2100,1000,1500,
1372160,orig,ok,1280,1920,1000,1500,
1372260,orig,ok,1333,2000,1000,1500,
1372435,orig,ok,1382,2048,1000,1500,
1372605,orig,ok,1920,2880,1000,1500,
1372687,up,ok,1200,1800,1000,1500,
1372745,orig,ok,1752,2628,1000,1500,
1373016,up,ok,1000,1500,1000,1500,
1373198,orig,ok,2000,3000,1000,1500,
1373377,orig,ok,1000,1500,1000,1500,
1373409,up,ok,1500,2250,1000,1500,
1373722,up,ok,1278,1918,1000,1500,
1374051,orig,ok,1400,2100,1000,1500,
1374096,orig,ok,2000,3000,1000,1500,
1374294,up,ok,1610,2414,1000,1500,
1374386,orig,ok,1498,1998,1000,1500,
1374490,orig,ok,1000,1500,1000,1500,
1374493,up,ok,1296,1800,1000,1500,
1374550,up,ok,1000,1500,1000,1500,
1374770,orig,ok,2000,2962,1000,1500,
1374929,orig,ok,1600,2400,1000,1500,
1375161,orig,ok,2000,3000,1000,1500,
1375402,orig,ok,1080,1620,1000,1500,
1375560,orig,ok,1023,1537,1000,1500,
1375736,orig,ok,1000,1483,1000,1500,
1375770,up,ok,1664,2498,1000,1500,
1375831,orig,ok,1000,1481,1000,1500,
1375848,orig,ok,1999,3000,1000,1500,
1375895,orig,ok,1000,1500,1000,1500,
1375989,orig,ok,2000,3000,1000,1500,
1376237,orig,ok,2000,3000,1000,1500,
1376400,orig,ok,2000,3000,1000,1500,
1376435,up,ok,1040,1560,1000,1500,
1376925,orig,ok,1000,1332,1000,1500,
1376980,orig,ok,1587,2245,1000,1500,
1377311,orig,ok,1067,1600,1000,1500,
1377413,up,ok,1000,1500,1000,1500,
1377505,up,ok,1180,1750,1000,1500,
1378428,up,ok,1920,2880,1000,1500,
1378553,orig,ok,1290,1907,1000,1500,
1378695,orig,ok,2000,3000,1000,1500,
1378771,orig,ok,2000,3000,1000,1500,
1379077,orig,ok,1200,1600,1000,1500,
1379249,up,ok,1672,2508,1000,1500,
1379290,orig,ok,1920,2880,1000,1500,
1379486,orig,ok,2000,3000,1000,1500,
1379578,orig,ok,1000,1420,1000,1500,
1379606,up,ok,1410,2000,1000,1500,
1379976,orig,ok,2000,2963,1000,1500,
1380279,orig,ok,2000,3000,1000,1500,
1380545,up,ok,1800,2700,1000,1500,
1380752,orig,ok,1000,1500,1000,1500,
1380845,up,ok,1000,1500,1000,1500,
1380850,up,ok,1350,2000,1000,1500,
1381087,orig,ok,1144,1716,1000,1500,
1381217,orig,ok,2000,3000,1000,1500,
1381465,orig,ok,1175,1763,1000,1500,
1382363,orig,ok,2000,3000,1000,1500,
1382583,up,ok,1000,1500,1000,1500,
1382605,orig,ok,1741,2560,1000,1500,
1382609,orig,ok,1000,1500,1000,1500,
1382802,up,ok,1000,1500,1000,1500,
1382832,up,ok,1920,2880,1000,1500,
1383270,orig,ok,2000,3000,1000,1500,
1383294,orig,ok,1080,1620,1000,1500,
1383321,orig,ok,2000,3000,1000,1500,
1383535,orig,ok,1348,2022,1000,1500,
1383557,orig,ok,1000,1500,1000,1500,
1383612,up,ok,1816,2724,1000,1500,
1383673,orig,ok,1849,2773,1000,1500,
1383806,orig,ok,1316,1924,1000,1500,
1384040,orig,ok,1000,1500,1000,1500,
1384133,up,ok,1550,2206,1000,1500,
1384751,orig,ok,1920,2880,1000,1500,
1385169,orig,ok,1200,1600,1000,1500,
1385379,orig,ok,2000,3000,1000,1500,
1385663,orig,ok,1000,1468,1000,1500,
1385925,orig,ok,1000,1401,1000,1500,
1386411,orig,ok,2000,3000,1000,1500,
1386598,up,ok,1760,2640,1000,1500,
1387716,up,ok,1000,1500,1000,1500,
1388303,orig,ok,2000,3000,1000,1500,
1388324,orig,ok,1728,2592,1000,1500,
1388542,up,ok,1440,2160,1000,1500,
1388771,orig,ok,1170,1750,1000,1500,
1388873,orig,ok,1000,1328,1000,1500,
1389673,orig,ok,2000,3000,1000,1500,
1389763,orig,ok,1000,1435,1000,1500,
1389881,orig,ok,2000,3000,1000,1500,
1389945,orig,ok,2000,3000,1000,1500,
1390983,orig,ok,1575,2100,1000,1500,
1391511,orig,ok,1080,1440,1000,1500,
1391780,orig,ok,1000,1481,1000,1500,
1391847,orig,ok,2000,3000,1000,1500,
1391899,orig,ok,2000,3000,1000,1500,
1392392,orig,ok,1104,1656,1000,1500,
1392522,up,ok,1000,1500,1000,1500,
1392690,up,ok,1000,1500,1000,1500,
1392898,up,ok,1200,1800,1000,1500,
1393056,orig,ok,1000,1500,1000,1500,
1393382,orig,ok,2000,3000,1000,1500,
1393614,orig,ok,2000,3000,1000,1500,
1393652,up,ok,1000,1500,1000,1500,
1393898,orig,ok,2000,3000,1000,1500,
1393942,orig,ok,1400,2100,1000,1500,
1394349,orig,ok,1000,1333,1000,1500,
1395413,orig,ok,1575,2100,1000,1500,
1395551,orig,ok,1728,2592,1000,1500,
1395668,orig,ok,1000,1481,1000,1500,
1395697,up,ok,1344,1920,1000,1500,
1395736,up,ok,1110,1666,1000,1500,
1396080,orig,ok,2000,3000,1000,1500,
1396266,up,ok,1920,2880,1000,1500,
1396539,orig,ok,1400,2100,1000,1500,
1396687,orig,ok,1200,1600,1000,1500,
1396726,orig,ok,2000,3000,1000,1500,
1396916,up,ok,1000,1500,1000,1500,
1396928,up,ok,1000,1500,1000,1500,
1397597,orig,ok,1000,1500,1000,1500,
1397990,orig,ok,1000,1500,1000,1500,
1398008,up,ok,1126,1500,1000,1500,
1398009,orig,ok,1000,1500,1000,1500,
1398037,orig,ok,1620,2429,1000,1500,
1398053,up,ok,1014,1500,1000,1500,
1398067,up,ok,1424,2000,1000,1500,
1398285,orig,ok,1000,1500,1000,1500,
1398291,orig,ok,1054,1580,1000,1500,
1398292,orig,ok,1026,1536,1000,1500,
1398309,up,ok,1600,2134,1000,1500,
1398903,up,ok,1000,1500,1000,1500,
1399208,orig,ok,2000,3000,1000,1500,
1399444,up,ok,1656,2448,1000,1500,
1399457,orig,ok,2000,3000,1000,1500,
1399580,up,ok,1998,3000,1000,1500,
1400000,orig,ok,1944,2890,1000,1500,
1400005,up,ok,1870,2484,1000,1500,
1400122,orig,ok,2000,3000,1000,1500,
1400711,orig,ok,1000,1500,1000,1500,
1400746,orig,ok,1364,2048,1000,1500,
1400761,orig,ok,1916,2874,1000,1500,
1400763,orig,ok,2000,3000,1000,1500,
1400850,orig,ok,1000,1500,1000,1500,
1401158,orig,ok,2000,3000,1000,1500,
1401207,up,ok,1436,2048,1000,1500,
1401357,orig,ok,1280,1920,1000,1500,
1401433,orig,ok,2000,3000,1000,1500,
1401711,orig,ok,1000,1499,1000,1500,
1402208,orig,ok,1280,1920,1000,1500,
1402249,orig,ok,1080,1620,1000,1500,
1402886,up,ok,1000,1500,1000,1500,
1402887,orig,ok,1000,1500,1000,1500,
1402949,orig,ok,1024,1536,1000,1500,
1403263,up,ok,1772,2658,1000,1500,
1403322,orig,ok,1360,2040,1000,1500,
1403907,orig,ok,1000,1414,1000,1500,
1404089,orig,ok,1118,1677,1000,1500,
1404133,orig,ok,1587,2245,1000,1500,
1404535,orig,ok,1383,2048,1000,1500,
1404615,orig,ok,2000,3000,1000,1500,
1404639,orig,ok,1000,1481,1000,1500,
1404715,up,ok,1000,1500,1000,1500,
1405033,up,ok,1446,2048,1000,1500,
1405130,orig,ok,1054,1500,1000,1500,
1405688,orig,ok,2000,3000,1000,1500,
1405714,orig,ok,1000,1430,1000,1500,
1405737,up,ok,1532,2296,1000,1500,
1405738,up,ok,1532,2296,1000,1500,
1406253,up,ok,1428,2100,1000,1500,
1406476,orig,ok,1071,1607,1000,1500,
1406987,up,ok,1000,1500,1000,1500,
1407278,orig,ok,2000,3000,1000,1500,
1407315,orig,ok,1400,2100,1000,1500,
1407426,up,ok,1334,2000,1000,1500,
1407454,orig,ok,1000,1480,1000,1500,
1407496,orig,ok,1175,1763,1000,1500,
1407616,up,ok,1800,2400,1000,1500,
1407858,orig,ok,1000,1412,1000,1500,
1408257,up,ok,1992,2988,1000,1500,
1408324,orig,ok,1944,2592,1000,1500,
1408336,orig,ok,1000,1499,1000,1500,
1408389,up,ok,1000,1500,1000,1500,
1408843,up,ok,1928,2890,1000,1500,
1408861,up,ok,1684,2364,1000,1500,
1409213,up,ok,1000,1500,1000,1500,
1409423,up,ok,1366,2048,1000,1500,
1409632,orig,ok,1000,1500,1000,1500,
1409633,orig,ok,1000,1336,1000,1500,
1409850,orig,ok,2000,3000,1000,1500,
1410094,orig,ok,2000,3000,1000,1500,
1410112,orig,ok,2000,3000,1000,1500,
1410121,orig,ok,1944,2880,1000,1500,
1410693,orig,ok,1079,1608,1000,1500,
1411059,orig,ok,1382,2048,1000,1500,
1411353,up,ok,1364,2048,1000,1500,
1412169,orig,ok,1400,2100,1000,1500,
1412598,orig,ok,2000,3000,1000,1500,
1412603,orig,ok,1000,1333,1000,1500,
1413560,orig,ok,1000,1489,1000,1500,
1413879,up,ok,1158,1570,1000,1500,
1414345,orig,ok,1920,2880,1000,1500,
1414714,orig,ok,1170,1626,1000,1500,
1414735,orig,ok,1013,1500,1000,1500,
1414749,orig,ok,2000,3000,1000,1500,
1415064,up,ok,1380,2068,1000,1500,
1415333,orig,ok,1000,1481,1000,1500,
1415664,orig,ok,2000,3000,1000,1500,
1415665,orig,ok,2000,3000,1000,1500,
1415752,up,ok,1000,1500,1000,1500,
1416042,up,ok,1800,2522,1000,1500,
1416534,orig,ok,1333,2000,1000,1500,
1416615,orig,ok,1400,2100,1000,1500,
1416758,up,ok,1500,2258,1000,1500,
1417683,up,ok,1992,2988,1000,1500,
1417714,up,ok,1296,1920,1000,1500,
1417904,up,ok,1862,2794,1000,1500,
1418280,orig,ok,2000,3000,1000,1500,
1418657,orig,ok,2000,3000,1000,1500,
1418715,orig,ok,1536,2048,1000,1500,
1418806,orig,ok,1728,2304,1000,1500,
1418873,up,ok,1200,1800,1000,1500,
1418989,orig,ok,1400,2100,1000,1500,
1419125,orig,ok,1000,1333,1000,1500,
1419229,orig,ok,1333,2000,1000,1500,
1419239,up,ok,1500,2250,1000,1500,
1419274,orig,ok,1536,2304,1000,1500,
1420048,orig,ok,1062,1593,1000,1500,
1420113,orig,ok,1440,2160,1000,1500,
1420331,orig,ok,2000,3000,1000,1500,
1420765,orig,ok,1536,2048,1000,1500,
1421042,orig,ok,1008,1323,1000,1500,
1422011,orig,ok,1157,1735,1000,1500,
1422052,orig,ok,2000,3000,1000,1500,
1422120,orig,ok,2000,3000,1000,1500,
1422966,up,ok,1944,2916,1000,1500,
1422985,orig,ok,1463,2048,1000,1500,
1423034,orig,ok,1280,1920,1000,1500,
1423191,up,ok,1800,2700,1000,1500,
1423192,up,ok,1264,1920,1000,1500,
1423721,up,ok,1218,1826,1000,1500,
1423756,orig,ok,2000,3000,1000,1500,
1424792,orig,ok,2000,3000,1000,1500,
1424817,up,ok,1656,2480,1000,1500,
1424883,up,ok,1124,1660,1000,1500,
1424947,up,ok,1376,2048,1000,1500,
1425503,orig,ok,1054,1568,1000,1500,
1426297,orig,ok,1440,2160,1000,1500,
1426356,up,ok,1440,2160,1000,1500,
1426364,orig,ok,2000,3000,1000,1500,
1426628,up,ok,1600,2400,1000,1500,
1426822,orig,ok,1000,1500,1000,1500,
1426939,orig,ok,2000,3000,1000,1500,
1427153,orig,ok,1440,2160,1000,1500,
1427180,orig,ok,1414,2000,1000,1500,
1427189,orig,ok,1440,2160,1000,1500,
1427223,orig,ok,1200,1800,1000,1500,
1427448,orig,ok,2000,3000,1000,1500,
1427504,orig,ok,1199,1679,1000,1500,
1427537,up,ok,1000,1500,1000,1500,
1427726,up,ok,1000,1500,1000,1500,
1428514,orig,ok,1000,1333,1000,1500,
1428528,orig,ok,2000,3000,1000,1500,
1428766,orig,ok,2000,3000,1000,1500,
1428948,up,ok,1016,1518,1000,1500,
1428968,up,ok,1000,1500,1000,1500,
1428990,orig,ok,1920,2560,1000,1500,
1430077,orig,ok,1334,2000,1000,1500,
1430527,orig,ok,1215,1800,1000,1500,
1430698,orig,ok,1476,2197,1000,1500,
1431114,up,ok,1200,1696,1000,1500,
1431247,orig,ok,2000,3000,1000,1500,
1431290,orig,ok,1212,1601,1000,1500,
1431376,orig,ok,1000,1500,1000,1500,
1432306,orig,ok,1137,1706,1000,1500,
1432706,up,ok,1668,2502,1000,1500,
1432968,up,ok,1000,1500,1000,1500,
1433015,up,ok,1140,1706,1000,1500,
1433135,orig,ok,1400,2100,1000,1500,
1433354,up,ok,1916,2874,1000,1500,
1433497,orig,ok,1400,2100,1000,1500,
1433553,orig,ok,2000,3000,1000,1500,
1434001,orig,ok,1031,1518,1000,1500,
1434572,orig,ok,1000,1496,1000,1500,
1434583,orig,ok,2000,3000,1000,1500,
1435103,orig,ok,1000,1500,1000,1500,
1435172,orig,ok,2000,3000,1000,1500,
1435387,orig,ok,2000,3000,1000,1500,
1435836,orig,ok,1000,1500,1000,1500,
1435898,orig,ok,1184,1776,1000,1500,
1435971,orig,ok,2000,3000,1000,1500,
1436136,orig,ok,1575,2100,1000,1500,
1436194,orig,ok,1019,1509,1000,1500,
1436210,up,ok,1996,2994,1000,1500,
1436214,orig,ok,1000,1499,1000,1500,
1436276,up,ok,1000,1500,1000,1500,
1436561,orig,ok,1200,1600,1000,1500,
1436797,up,ok,1980,2640,1000,1500,
1436835,orig,ok,2000,3000,1000,1500,
1436914,orig,ok,2000,3000,1000,1500,
1436994,up,ok,1174,1762,1000,1500,
1437034,orig,ok,1170,1755,1000,1500,
1437414,up,ok,1080,1600,1000,1500,
1437546,orig,ok,1997,3000,1000,1500,
1437850,orig,ok,1200,1600,1000,1500,
1438013,up,ok,1332,1998,1000,1500,
1438030,up,ok,1000,1500,1000,1500,
1438207,orig,ok,2000,3000,1000,1500,
1438453,orig,ok,1536,2045,1000,1500,
1439115,orig,ok,1000,1500,1000,1500,
1439556,orig,ok,2000,3000,1000,1500,
1439773,up,ok,1864,2796,1000,1500,
1439851,up,ok,1400,1940,1000,1500,
1439881,orig,ok,1000,1500,1000,1500,
1440427,up,ok,1404,2000,1000,1500,
1440641,orig,ok,1304,1850,1000,1500,
1440905,orig,ok,1280,1920,1000,1500,
1440930,orig,ok,1400,2100,1000,1500,
1441285,up,ok,1440,2158,1000,1500,
1441348,orig,ok,2000,3000,1000,1500,
1441813,orig,ok,2000,3000,1000,1500,
1442167,orig,ok,2000,3000,1000,1500,
1442361,up,ok,1906,2858,1000,1500,
1442570,orig,ok,1000,1481,1000,1500,
1442992,up,ok,1946,2744,1000,1500,
1443087,orig,ok,2000,3000,1000,1500,
1443124,up,ok,1120,1680,1000,1500,
1443135,up,ok,1156,1734,1000,1500,
1443260,orig,ok,2000,3000,1000,1500,
1443276,orig,ok,1200,1600,1000,1500,
1443582,up,ok,1878,2496,1000,1500,
1443768,orig,ok,2000,3000,1000,1500,
1443832,up,ok,1366,2048,1000,1500,
1443894,orig,ok,2000,3000,1000,1500,
1444158,up,ok,1000,1500,1000,1500,
1444573,orig,ok,1000,1323,1000,1500,
1444783,up,ok,1536,2048,1000,1500,
1445148,orig,ok,1080,1528,1000,1500,
1445953,up,ok,1004,1500,1000,1500,
1447335,orig,ok,1296,1920,1000,1500,
1447427,up,ok,1626,2276,1000,1500,
1447446,orig,ok,1997,3000,1000,1500,
1447526,orig,ok,2000,2667,1000,1500,
1447559,orig,ok,1200,1800,1000,1500,
1447643,up,ok,1000,1500,1000,1500,
1448065,orig,ok,2000,3000,1000,1500,
1448812,up,ok,1000,1500,1000,1500,
1448910,orig,ok,1000,1482,1000,1500,
1448938,orig,ok,2000,3000,1000,1500,
1449632,orig,ok,1000,1500,1000,1500,
1449636,up,ok,1200,1800,1000,1500,
1449771,orig,ok,1000,1500,1000,1500,
1449826,orig,ok,1000,1500,1000,1500,
1450053,up,ok,1000,1500,1000,1500,
1450527,orig,ok,2000,3000,1000,1500,
1450940,up,ok,1040,1558,1000,1500,
1451238,orig,ok,1260,1900,1000,1500,
1451588,orig,ok,2000,3000,1000,1500,
1452176,orig,ok,2000,3000,1000,1500,
1452289,orig,ok,1049,1500,1000,1500,
1452662,orig,ok,1208,1812,1000,1500,
1453509,up,ok,1454,2158,1000,1500,
1453972,up,ok,1552,2174,1000,1500,
1454046,up,ok,1714,2570,1000,1500,
1454102,orig,ok,2000,2962,1000,1500,
1454602,orig,ok,2000,3000,1000,1500,
1454682,orig,ok,1080,1621,1000,1500,
1454741,orig,ok,1080,1620,1000,1500,
1455243,up,ok,1188,1780,1000,1500,
1455589,orig,ok,1400,2100,1000,1500,
1456104,up,ok,1000,1500,1000,1500,
1456696,orig,ok,1200,1778,1000,1500,
1456918,orig,ok,2000,3000,1000,1500,
1457104,orig,ok,2000,3000,1000,1500,
1457290,orig,ok,2000,3000,1000,1500,
1457361,orig,ok,2000,2828,1000,1500,
1457984,orig,ok,1000,1500,1000,1500,
1458180,up,ok,1920,2880,1000,1500,
1459433,orig,ok,1575,2100,1000,1500,
1459937,orig,ok,2000,2963,1000,1500,
1460141,orig,ok,2000,3000,1000,1500,
1460173,up,ok,1000,1500,1000,1500,
1460265,orig,ok,1400,1867,1000,1500,
1460308,orig,ok,2000,2963,1000,1500,
1460364,orig,ok,2000,3000,1000,1500,
1460572,orig,ok,1728,2304,1000,1500,
1460989,orig,ok,1000,1425,1000,1500,
1461211,orig,ok,1000,1500,1000,1500,
1462074,orig,ok,1140,1711,1000,1500,
1462380,orig,ok,1200,1600,1000,1500,
1462384,orig,ok,1575,2100,1000,1500,
1462566,orig,ok,2000,3000,1000,1500,
1463681,orig,ok,1700,2550,1000,1500,
1463700,up,ok,1428,2000,1000,1500,
1464773,orig,ok,1498,2224,1000,1500,
1465673,orig,ok,1242,1760,1000,1500,
1465986,orig,ok,2000,3000,1000,1500,
1466747,orig,ok,1074,1594,1000,1500,
1466829,orig,ok,2000,3000,1000,1500,
1467238,orig,ok,1000,1500,1000,1500,
1467378,orig,ok,1365,2048,1000,1500,
1467408,up,ok,1928,2892,1000,1500,
1467997,up,ok,1864,2638,1000,1500,
1468169,orig,ok,1000,1500,1000,1500,
1468706,orig,ok,1290,1806,1000,1500,
1469026,orig,ok,1575,2100,1000,1500,
1469274,up,ok,1204,1800,1000,1500,
1469342,orig,ok,2000,3000,1000,1500,
1470031,orig,ok,1175,1763,1000,1500,
1470080,up,ok,1880,2500,1000,1500,
1470130,up,ok,1800,2700,1000,1500,
1470820,up,ok,1310,1736,1000,1500,
1471737,orig,ok,1000,1500,1000,1500,
1471742,up,ok,1800,2700,1000,1500,
1471805,orig,ok,1454,2048,1000,1500,
1471941,orig,ok,1575,2100,1000,1500,
1472210,orig,ok,1290,1890,1000,1500,
1473289,orig,ok,1296,1728,1000,1500,
1473290,orig,ok,1096,1634,1000,1500,
1473817,up,ok,1440,2160,1000,1500,
1473878,orig,ok,1920,2880,1000,1500,
1474023,orig,ok,2000,3000,1000,1500,
1474280,orig,ok,2000,3000,1000,1500,
1474617,orig,ok,2000,2963,1000,1500,
1474628,orig,ok,2000,3000,1000,1500,
1475490,orig,ok,1024,1536,1000,1500,
1476493,orig,ok,2000,3000,1000,1500,
1476585,orig,ok,2000,3000,1000,1500,
1476622,orig,ok,1000,1425,1000,1500,
1476689,up,ok,1800,2570,1000,1500,
1476851,orig,ok,2000,3000,1000,1500,
1476947,orig,ok,1182,1773,1000,1500,
1477431,orig,ok,2000,3000,1000,1500,
1477476,orig,ok,1024,1536,1000,1500,
1477709,orig,ok,1328,1750,1000,1500,
1477712,orig,ok,1000,1500,1000,1500,
1477836,orig,ok,1400,2100,1000,1500,
1477887,orig,ok,1333,2000,1000,1500,
1477953,orig,ok,1000,1500,1000,1500,
1478208,up,ok,1142,1734,1000,1500,
1478978,orig,ok,1575,2100,1000,1500,
1479197,up,ok,1852,2594,1000,1500,
1479836,up,ok,1988,2982,1000,1500,
1479846,orig,ok,1920,2880,1000,1500,
1480147,up,ok,1004,1500,1000,1500,
1480302,orig,ok,2000,3000,1000,1500,
1480387,orig,ok,2000,3000,1000,1500,
1480615,orig,ok,1170,1731,1000,1500,
1481331,orig,ok,2000,3000,1000,1500,
1481343,orig,ok,2000,3000,1000,1500,
1481608,orig,ok,1200,1800,1000,1500,
1481946,up,ok,1450,2188,1000,1500,
1483661,orig,ok,1400,2100,1000,1500,
1484490,orig,ok,1000,1500,1000,1500,
1484513,orig,ok,1200,1800,1000,1500,
1484542,orig,ok,1000,1500,1000,1500,
1484625,up,ok,1440,2160,1000,1500,
1484760,orig,ok,1360,2040,1000,1500,
1484783,orig,ok,2000,3000,1000,1500,
1484970,orig,ok,1067,1600,1000,1500,
1485138,orig,ok,1024,1536,1000,1500,
1485629,orig,ok,2000,3000,1000,1500,
1485886,up,ok,1474,1930,1000,1500,
1485934,orig,ok,1000,1501,1000,1500,
1486256,orig,ok,1166,1749,1000,1500,
1486752,up,ok,1042,1558,1000,1500,
1486952,up,ok,1664,2496,1000,1500,
1487013,orig,ok,2000,3000,1000,1500,
1487164,orig,ok,1066,1600,1000,1500,
1487300,orig,ok,2000,2963,1000,1500,
1487348,up,ok,1200,1800,1000,1500,
1487394,orig,ok,1200,1600,1000,1500,
1487474,orig,ok,1200,1771,1000,1500,
1488269,up,ok,1440,2160,1000,1500,
1488314,up,ok,1382,2048,1000,1500,
1488560,orig,ok,2000,3000,1000,1500,
1489362,up,ok,1144,1692,1000,1500,
1489665,up,ok,1040,1560,1000,1500,
1489999,orig,ok,2000,3000,1000,1500,
1491011,orig,ok,2000,3000,1000,1500,
1491621,up,ok,1120,1680,1000,1500,
1491756,orig,ok,2000,3000,1000,1500,
1492149,orig,ok,2000,3000,1000,1500,
1492566,orig,ok,1000,1500,1000,1500,
1492655,up,ok,1816,2414,1000,1500,
1492870,orig,ok,1855,2649,1000,1500,
1493296,orig,ok,1872,2808,1000,1500,
1494164,up,ok,1000,1500,1000,1500,
1494294,up,ok,1000,1500,1000,1500,
1494303,up,ok,1000,1500,1000,1500,
1494641,orig,ok,1400,2100,1000,1500,
1494716,up,ok,1366,2048,1000,1500,
1494754,up,ok,1920,2880,1000,1500,
1495041,orig,ok,1189,1783,1000,1500,
1495050,orig,ok,1024,1536,1000,1500,
1495115,up,ok,1000,1500,1000,1500,
1495590,orig,ok,2000,3000,1000,1500,
1495638,orig,ok,2000,3000,1000,1500,
1495948,orig,ok,2000,3000,1000,1500,
1495957,orig,ok,1400,2100,1000,1500,
1496043,orig,ok,1000,1519,1000,1500,
1496428,orig,ok,1951,2926,1000,1500,
1496532,orig,ok,1200,1600,1000,1500,
1496557,orig,ok,1800,2700,1000,1500,
1496674,up,ok,1200,1800,1000,1500,
1496696,orig,ok,2000,3000,1000,1500,
1497031,orig,ok,1344,1882,1000,1500,
1497128,orig,ok,2000,2653,1000,1500,
1497961,orig,ok,1000,1500,1000,1500,
1497979,orig,ok,1400,2100,1000,1500,
1498045,up,ok,1728,2400,1000,1500,
1498253,orig,ok,1352,2030,1000,1500,
1498503,orig,ok,2000,3000,1000,1500,
1498858,orig,ok,1000,1500,1000,1500,
1499007,orig,ok,1000,1522,1000,1500,
1499608,orig,ok,2000,3000,1000,1500,
1499847,orig,ok,2000,2828,1000,1500,
1499885,orig,ok,2000,3000,1000,1500,
1499927,orig,ok,1000,1333,1000,1500,
1500505,up,ok,1194,1794,1000,1500,
1500692,orig,ok,2000,3000,1000,1500,
1500694,orig,ok,2000,2999,1000,1500,
1500774,orig,ok,2000,3000,1000,1500,
1500890,orig,ok,2000,3000,1000,1500,
1500948,up,ok,1920,2560,1000,1500,
1500978,orig,ok,1024,1536,1000,1500,
1501220,up,ok,1000,1500,1000,1500,
1501578,up,ok,1066,1600,1000,1500,
1502117,up,ok,1314,1760,1000,1500,
1502619,orig,ok,1371,2048,1000,1500,
1502749,orig,ok,2000,3000,1000,1500,
1502943,orig,ok,2000,3000,1000,1500,
1503002,orig,ok,1000,1333,1000,1500,
1503003,orig,ok,1200,1600,1000,1500,
1503329,up,ok,1828,2756,1000,1500,
1503486,orig,ok,2000,3000,1000,1500,
1503900,orig,ok,2000,3000,1000,1500,
1503911,orig,ok,1000,1500,1000,1500,
1503917,orig,ok,1400,2100,1000,1500,
1503923,orig,ok,1400,2100,1000,1500,
1503932,orig,ok,1000,1333,1000,1500,
1503954,orig,ok,1000,1333,1000,1500,
1503957,orig,ok,1200,1600,1000,1500,
1504210,orig,ok,1024,1536,1000,1500,
1504291,up,ok,1600,2400,1000,1500,
1504635,orig,ok,1913,2870,1000,1500,
1504899,orig,ok,1144,1716,1000,1500,
1505147,orig,ok,2000,3000,1000,1500,
1505358,orig,ok,2000,3000,1000,1500,
1505533,up,ok,1000,1500,1000,1500,
1506222,orig,ok,2000,3000,1000,1500,
1506323,orig,ok,1200,1600,1000,1500,
1506835,orig,ok,2000,3000,1000,1500,
1507843,orig,ok,1587,2245,1000,1500,
1508090,orig,ok,1920,2880,1000,1500,
1509235,up,ok,1116,1672,1000,1500,
1509567,orig,ok,1263,1862,1000,1500,
1509987,orig,ok,1728,2304,1000,1500,
1510745,orig,ok,2000,3000,1000,1500,
1511111,orig,ok,1366,2049,1000,1500,
1511505,orig,ok,1666,2500,1000,1500,
1511513,orig,ok,2000,3000,1000,1500,
1511789,orig,ok,2000,3000,1000,1500,
1511793,up,ok,1366,2048,1000,1500,
1511794,orig,ok,1301,1952,1000,1500,
1511870,orig,ok,2000,3000,1000,1500,
1512010,up,ok,1974,2962,1000,1500,
1512013,orig,ok,2000,3000,1000,1500,
1512023,orig,ok,1920,2560,1000,1500,
1512024,up,ok,1390,1966,1000,1500,
1512274,orig,ok,1000,1500,1000,1500,
1512581,orig,ok,1000,1500,1000,1500,
1513523,orig,ok,2000,2806,1000,1500,
1513607,up,ok,1000,1500,1000,1500,
1513838,orig,ok,1365,2048,1000,1500,
1513914,orig,ok,1170,1655,1000,1500,
1514026,orig,ok,1944,2880,1000,1500,
1514057,up,ok,1066,1600,1000,1500,
1514338,up,ok,1000,1500,1000,1500,
1514364,orig,ok,1106,1681,1000,1500,
1514378,orig,ok,2000,3000,1000,1500,
1514475,up,ok,1708,2560,1000,1500,
1514682,orig,ok,1366,2048,1000,1500,
1514947,orig,ok,1172,1631,1000,1500,
1514962,orig,ok,1000,1500,1000,1500,
1515286,orig,ok,1000,1500,1000,1500,
1515872,orig,ok,1892,2838,1000,1500,
1515881,orig,ok,1200,1800,1000,1500,
1516261,up,ok,1774,2642,1000,1500,
1516638,orig,ok,1200,1600,1000,1500,
1516717,orig,ok,2000,3000,1000,1500,
1516951,orig,ok,1333,1899,1000,1500,
1517372,orig,ok,1282,1908,1000,1500,
1517409,orig,ok,2000,3000,1000,1500,
1517992,orig,ok,2000,3000,1000,1500,
1518462,up,ok,1074,1612,1000,1500,
1519067,orig,ok,1024,1536,1000,1500,
1519087,up,ok,1034,1510,1000,1500,
1519622,orig,ok,1080,1619,1000,1500,
1520053,up,ok,1110,1668,1000,1500,
1520119,orig,ok,1443,2165,1000,1500,
1520123,up,ok,1110,1508,1000,1500,
1520453,orig,ok,1920,2560,1000,1500,
1522027,orig,ok,2000,2954,1000,1500,
1522163,orig,ok,2000,3000,1000,1500,
1522191,up,ok,1800,2700,1000,1500,
1522558,orig,ok,2000,3000,1000,1500,
1522779,orig,ok,1056,1596,1000,1500,
1522832,orig,ok,1920,2880,1000,1500,
1522849,orig,ok,1710,2533,1000,1500,
1523424,orig,ok,2000,3000,1000,1500,
1524160,orig,ok,2000,3000,1000,1500,
1524395,orig,ok,1684,2384,1000,1500,
1524396,orig,ok,2000,3000,1000,1500,
1524401,orig,ok,1200,1600,1000,1500,
1524553,orig,ok,2000,3000,1000,1500,
1525109,up,ok,1706,2560,1000,1500,
1525775,orig,ok,1365,2048,1000,1500,
1525810,orig,ok,1000,1500,1000,1500,
1526193,up,ok,1664,2496,1000,1500,
1526199,orig,ok,1080,1612,1000,1500,
1526380,orig,ok,1165,1748,1000,1500,
1526409,orig,ok,1527,2173,1000,1500,
1526555,orig,ok,2000,3000,1000,1500,
1527080,up,ok,1582,2214,1000,1500,
1527201,up,ok,1680,2400,1000,1500,
1527285,orig,ok,1400,2100,1000,1500,
1527917,orig,ok,2000,2928,1000,1500,
1528009,up,ok,1800,2700,1000,1500,
1528581,up,ok,1344,2016,1000,1500,
1528625,orig,ok,1053,1500,1000,1500,
1528660,orig,ok,2000,3000,1000,1500,
1528737,orig,ok,2000,3000,1000,1500,
1528755,orig,ok,2000,3000,1000,1500,
1529527,orig,ok,1414,2000,1000,1500,
1529716,orig,ok,1772,2658,1000,1500,
1529833,orig,ok,1200,1600,1000,1500,
1530127,orig,ok,2000,3000,1000,1500,
1530405,orig,ok,1000,1500,1000,1500,
1531161,orig,ok,2000,3000,1000,1500,
1531210,orig,ok,1000,1500,1000,1500,
1531716,orig,ok,2000,3000,1000,1500,
1531940,orig,ok,1575,2100,1000,1500,
1532032,up,ok,1130,1662,1000,1500,
1532217,orig,ok,1265,1888,1000,1500,
1532406,orig,ok,2000,3000,1000,1500,
1532410,orig,ok,2000,3000,1000,1500,
1532438,up,ok,1398,2000,1000,1500,
1532476,orig,ok,1000,1481,1000,1500,
1532997,up,ok,1004,1500,1000,1500,
1533044,orig,ok,2000,3000,1000,1500,
1533491,up,ok,1788,2408,1000,1500,
1533534,orig,ok,1000,1500,1000,1500,
1533549,orig,ok,2000,3000,1000,1500,
1533793,orig,ok,2000,3000,1000,1500,
1534089,orig,ok,1944,2880,1000,1500,
1534340,orig,ok,2000,3000,1000,1500,
1534507,orig,ok,1800,2700,1000,1500,
1534512,orig,ok,1024,1536,1000,1500,
1534664,orig,ok,2000,3000,1000,1500,
1535021,orig,ok,2000,3000,1000,1500,
1535136,orig,ok,2000,3000,1000,1500,
1535429,orig,ok,2000,3000,1000,1500,
1536233,orig,ok,1280,1920,1000,1500,
1536432,up,ok,1124,1500,1000,1500,
1536528,orig,ok,1000,1500,1000,1500,
1536756,orig,ok,2000,3000,1000,1500,
1536773,orig,ok,2000,3000,1000,1500,
1537268,orig,ok,1575,2100,1000,1500,
1537344,orig,ok,2000,3000,1000,1500,
1537609,orig,ok,2000,3000,1000,1500,
1537617,orig,ok,2000,3000,1000,1500,
1537650,orig,ok,1333,2000,1000,1500,
1537654,orig,ok,1000,1429,1000,1500,
1537659,orig,ok,1333,2000,1000,1500,
1538206,orig,ok,1440,2160,1000,1500,
1538581,orig,ok,2000,3000,1000,1500,
1538584,up,ok,1910,2866,1000,1500,
1538774,orig,ok,2000,3000,1000,1500,
1539007,orig,ok,2000,3000,1000,1500,
1539009,up,ok,1300,1946,1000,1500,
1539177,orig,ok,1132,1600,1000,1500,
1539330,orig,ok,1000,1500,1000,1500,
1539705,orig,ok,1000,1333,1000,1500,
1539708,up,ok,1400,2100,1000,1500,
1540365,orig,ok,1280,1920,1000,1500,
1540629,orig,ok,1200,1600,1000,1500,
1540678,orig,ok,1187,1807,1000,1500,
1541212,up,ok,1240,1848,1000,1500,
1541273,orig,ok,1400,2100,1000,1500,
1541668,orig,ok,1187,1780,1000,1500,
1542164,orig,ok,1000,1400,1000,1500,
1542199,orig,ok,1000,1500,1000,1500,
1542307,orig,ok,1025,1538,1000,1500,
1542720,orig,ok,1000,1481,1000,1500,
1543541,orig,ok,1650,2475,1000,1500,
1543557,orig,ok,2000,3000,1000,1500,
1543939,up,ok,1184,1764,1000,1500,
1543942,up,ok,1240,1744,1000,1500,
1544122,orig,ok,1920,2880,1000,1500,
1545044,orig,ok,2000,3000,1000,1500,
1545161,orig,ok,1333,2000,1000,1500,
1545203,up,ok,1428,2160,1000,1500,
1545251,up,ok,1944,2916,1000,1500,
1545484,orig,ok,1179,1760,1000,1500,
1545500,orig,ok,2000,3000,1000,1500,
1545545,orig,ok,2000,3000,1000,1500,
1545668,orig,ok,1895,2800,1000,1500,
1546016,orig,ok,1000,1501,1000,1500,
1546399,orig,ok,1707,2560,1000,1500,
1546530,orig,ok,1400,2100,1000,1500,
1546709,orig,ok,2000,3000,1000,1500,
1546924,orig,ok,1448,2048,1000,1500,
1546947,orig,ok,1800,2700,1000,1500,
1547178,orig,ok,1080,1600,1000,1500,
1547446,orig,ok,2000,3000,1000,1500,
1547524,orig,ok,1500,2000,1000,1500,
1547525,orig,ok,1080,1496,1000,1500,
1547527,orig,ok,2000,3000,1000,1500,
1547602,up,ok,1080,1600,1000,1500,
1547762,orig,ok,1984,2835,1000,1500,
1548155,orig,ok,2000,3000,1000,1500,
1548300,orig,ok,1061,1500,1000,1500,
1548421,orig,ok,1000,1418,1000,1500,
1548658,orig,ok,1200,1600,1000,1500,
1548711,orig,ok,2000,3000,1000,1500,
1548774,up,ok,1578,2368,1000,1500,
1548780,orig,ok,2000,3000,1000,1500,
1548816,orig,ok,1200,1800,1000,1500,
1548951,up,ok,1000,1500,1000,1500,
1549004,up,ok,1628,2442,1000,1500,
1549041,orig,ok,1000,1500,1000,1500,
1549075,orig,ok,1223,1712,1000,1500,
1549556,up,ok,1250,1876,1000,1500,
1549799,orig,ok,1103,1655,1000,1500,
1550088,orig,ok,2000,3000,1000,1500,
1550197,orig,ok,2000,3000,1000,1500,
1550335,orig,ok,1067,1600,1000,1500,
1550486,orig,ok,1000,1500,1000,1500,
1550557,orig,ok,1488,2232,1000,1500,
1551003,orig,ok,2000,3000,1000,1500,
1552050,orig,ok,1350,2025,1000,1500,
1552378,up,ok,1152,1600,1000,1500,
1552509,orig,ok,1024,1536,1000,1500,
1552525,up,ok,1920,2880,1000,1500,
1552703,orig,ok,1000,1500,1000,1500,
1552897,orig,ok,1212,1742,1000,1500,
1553392,up,ok,1436,2048,1000,1500,
1553426,orig,ok,1342,2013,1000,1500,
1553513,orig,ok,1400,2100,1000,1500,
1553816,up,ok,1000,1500,1000,1500,
1554419,orig,ok,1432,1909,1000,1500,
1554514,orig,ok,1605,2407,1000,1500,
1554565,orig,ok,1024,1536,1000,1500,
1554640,up,ok,1602,2400,1000,1500,
1554853,orig,ok,1000,1382,1000,1500,
1555017,orig,ok,1000,1500,1000,1500,
1555022,orig,ok,1400,2100,1000,1500,
1555101,orig,ok,2000,3000,1000,1500,
1555104,orig,ok,2000,3000,1000,1500,
1556300,orig,ok,2000,3000,1000,1500,
1556645,orig,ok,1400,2100,1000,1500,
1557132,up,ok,1300,1738,1000,1500,
1557341,orig,ok,2000,3000,1000,1500,
1558000,orig,ok,2000,2829,1000,1500,
1558103,up,ok,1152,1534,1000,1500,
1558164,orig,ok,1000,1500,1000,1500,
1558218,orig,ok,2000,2667,1000,1500,
1558839,orig,ok,1342,2048,1000,1500,
1558905,orig,ok,1169,1636,1000,1500,
1559086,orig,ok,2000,3000,1000,1500,
1559160,up,ok,1412,1978,1000,1500,
1559512,orig,ok,1728,2304,1000,1500,
1559593,up,ok,1534,2160,1000,1500,
1559628,orig,ok,2000,3000,1000,1500,
1559632,orig,ok,1024,1536,1000,1500,
1559637,orig,ok,1200,1600,1000,1500,
1559739,orig,ok,2000,3000,1000,1500,
1559805,up,ok,1152,1522,1000,1500,
1559827,orig,ok,2000,3000,1000,1500,
1559986,orig,ok,1170,1747,1000,1500,
1560064,orig,ok,1200,1600,1000,1500,
1560448,orig,ok,1536,2048,1000,1500,
1560608,orig,ok,1644,2468,1000,1500,
1560650,orig,ok,1920,2880,1000,1500,
1560926,orig,ok,2000,3000,1000,1500,
1561101,up,ok,1000,1500,1000,1500,
1561110,orig,ok,1920,2880,1000,1500,
1561415,up,ok,1794,2690,1000,1500,
1562792,orig,ok,1333,2000,1000,1500,
1563506,up,ok,1920,2880,1000,1500,
1563636,orig,ok,1800,2400,1000,1500,
1563886,orig,ok,2000,3000,1000,1500,
1564449,orig,ok,1920,2880,1000,1500,
1564458,up,ok,1610,2416,1000,1500,
1564504,up,ok,1546,2318,1000,1500,
1564505,up,ok,1816,2724,1000,1500,
1564594,up,ok,1400,2074,1000,1500,
1564614,orig,ok,2000,3000,1000,1500,
1564641,orig,ok,1000,1401,1000,1500,
1564695,orig,ok,1200,1800,1000,1500,
1564836,orig,ok,2000,2963,1000,1500,
1565413,orig,ok,2000,3000,1000,1500,
1565990,orig,ok,2000,2963,1000,1500,
1566017,up,ok,1200,1800,1000,1500,
1566231,up,ok,1968,2628,1000,1500,
1566488,orig,ok,1000,1415,1000,1500,
1566551,orig,ok,2000,2999,1000,1500,
1566567,orig,ok,2000,3000,1000,1500,
1566581,orig,ok,2000,3000,1000,1500,
1566603,orig,ok,1000,1500,1000,1500,
1567143,orig,ok,1534,2301,1000,1500,
1567299,orig,ok,2000,3000,1000,1500,
1567607,up,ok,1728,2584,1000,1500,
1567818,orig,ok,1000,1500,1000,1500,
1568056,orig,ok,1350,2000,1000,1500,
1568089,orig,ok,2000,3000,1000,1500,
1568135,up,ok,1664,2496,1000,1500,
1568348,up,ok,1440,2160,1000,1500,
1568421,orig,ok,1438,2168,1000,1500,
1568835,orig,ok,1000,1500,1000,1500,
1568856,orig,ok,1175,1763,1000,1500,
1569175,orig,ok,1000,1500,1000,1500,
1569217,orig,ok,1426,2168,1000,1500,
1569349,orig,ok,1000,1500,1000,1500,
1569494,orig,ok,1548,2166,1000,1500,
1569888,up,ok,1000,1500,1000,1500,
1569923,orig,ok,1000,1500,1000,1500,
1569947,orig,ok,1920,2880,1000,1500,
1570123,orig,ok,1667,2500,1000,1500,
1570622,up,ok,1326,1988,1000,1500,
1570819,orig,ok,1587,2245,1000,1500,
1571706,orig,ok,1000,1500,1000,1500,
1571900,orig,ok,2000,3000,1000,1500,
1572064,up,ok,1000,1500,1000,1500,
1572073,orig,ok,1080,1620,1000,1500,
1572077,orig,ok,2000,3000,1000,1500,
1572782,orig,ok,2000,3000,1000,1500,
1573594,up,ok,1600,2400,1000,1500,
1573715,orig,ok,1500,2250,1000,1500,
1573757,orig,ok,1256,1698,1000,1500,
1573791,orig,ok,2000,3000,1000,1500,
1573929,orig,ok,2000,3000,1000,1500,
1574087,orig,ok,1000,1482,1000,1500,
1574274,orig,ok,2000,3000,1000,1500,
1575321,up,ok,1800,2570,1000,1500,
1575497,orig,ok,2000,3000,1000,1500,
1575513,orig,ok,2000,3000,1000,1500,
1575534,orig,ok,2000,2926,1000,1500,
1575542,up,ok,1000,1500,1000,1500,
1575647,orig,ok,2000,3000,1000,1500,
1576546,orig,ok,2000,3000,1000,1500,
1576549,orig,ok,1200,1600,1000,1500,
1577007,up,ok,1000,1502,1000,1500,
1577795,up,ok,1000,1500,1000,1500,
1577796,up,ok,1080,1600,1000,1500,
1577831,orig,ok,1078,1530,1000,1500,
1577871,orig,ok,1166,1650,1000,1500,
1578088,up,ok,1600,2400,1000,1500,
1578356,up,ok,1000,1500,1000,1500,
1578416,orig,ok,1000,1500,1000,1500,
1578489,orig,ok,1920,2560,1000,1500,
1578534,orig,ok,1000,1333,1000,1500,
1578608,up,ok,1000,1500,1000,1500,
1579156,orig,ok,2000,3000,1000,1500,
1579168,up,ok,1600,2400,1000,1500,
1579212,up,ok,1800,2400,1000,1500,
1579276,orig,ok,2000,3000,1000,1500,
1579431,orig,ok,1000,1500,1000,1500,
1579830,orig,ok,2000,3000,1000,1500,
1579880,up,ok,1000,1500,1000,1500,
1580280,orig,ok,1080,1620,1000,1500,
1580391,orig,ok,2000,3000,1000,1500,
1580912,up,ok,1186,1662,1000,1500,
1581589,orig,ok,1920,2560,1000,1500,
1582339,orig,ok,1000,1500,1000,1500,
1582943,orig,ok,1000,1500,1000,1500,
1583164,orig,ok,1142,1600,1000,1500,
1583220,orig,ok,2000,3000,1000,1500,
1583798,orig,ok,2000,3000,1000,1500,
1584033,up,ok,1000,1500,1000,1500,
1584675,orig,ok,1400,2100,1000,1500,
1585594,up,ok,1104,1616,1000,1500,
1586062,orig,ok,2000,3000,1000,1500,
1586264,orig,ok,1575,2101,1000,1500,
1586300,orig,ok,1000,1500,1000,1500,
1586673,orig,ok,1728,2304,1000,1500,
1586794,up,ok,1200,1800,1000,1500,
1586823,up,ok,1500,2250,1000,1500,
1586870,orig,ok,1728,2304,1000,1500,
1586941,up,ok,1800,2700,1000,1500,
1586962,up,ok,1000,1500,1000,1500,
1587010,up,ok,1220,1860,1000,1500,
1588101,orig,ok,2000,3000,1000,1500,
1588256,orig,ok,1200,1600,1000,1500,
1588744,orig,ok,1000,1500,1000,1500,
1589348,up,ok,1000,1500,1000,1500,
1589530,up,ok,1000,1500,1000,1500,
1589782,orig,ok,1575,2362,1000,1500,
1590102,up,ok,1436,2048,1000,1500,
1590154,orig,ok,1587,2245,1000,1500,
1590432,orig,ok,1000,1500,1000,1500,
1590957,up,ok,1426,2040,1000,1500,
1591058,orig,ok,1000,1500,1000,1500,
1591121,up,ok,1600,2400,1000,1500,
1591289,orig,ok,1320,1980,1000,1500,
1591582,orig,ok,1365,2048,1000,1500,
1591893,orig,ok,1067,1600,1000,1500,
1592395,orig,ok,2000,3000,1000,1500,
1592985,orig,ok,1175,1763,1000,1500,
1593054,orig,ok,1250,1852,1000,1500,
1593102,orig,ok,1260,1906,1000,1500,
1593354,orig,ok,1400,2100,1000,1500,
1593663,orig,ok,1000,1493,1000,1500,
1593913,orig,ok,1000,1474,1000,1500,
1593932,orig,ok,1024,1536,1000,1500,
1594257,orig,ok,1400,2100,1000,1500,
1594286,orig,ok,1000,1425,1000,1500,
1594478,orig,ok,1067,1600,1000,1500,
1595111,orig,ok,1067,1600,1000,1500,
1595128,orig,ok,2000,3000,1000,1500,
1595158,orig,ok,1980,2916,1000,1500,
1595271,orig,ok,1200,1600,1000,1500,
1595325,orig,ok,1000,1421,1000,1500,
1595368,orig,ok,1200,1600,1000,1500,
1595875,orig,ok,1000,1481,1000,1500,
1596301,up,ok,1468,2174,1000,1500,
1597656,orig,ok,1106,1642,1000,1500,
1598802,orig,ok,1190,1800,1000,1500,
1598981,orig,ok,1044,1446,1000,1500,
1599021,up,ok,1944,2880,1000,1500,
1599181,orig,ok,1944,2916,1000,1500,
1599426,orig,ok,1575,2100,1000,1500,
1600063,orig,ok,1463,2048,1000,1500,
1600149,up,ok,1296,1920,1000,1500,
1600990,orig,ok,2000,3000,1000,1500,
1601242,up,ok,1200,1800,1000,1500,
1601981,orig,ok,1280,1804,1000,1500,
1602032,orig,ok,1280,1920,1000,1500,
1602259,orig,ok,1920,2880,1000,1500,
1602267,up,ok,1000,1500,1000,1500,
1602567,up,ok,1000,1500,1000,1500,
1602570,orig,ok,2000,3000,1000,1500,
1602752,up,ok,1080,1600,1000,1500,
1603781,orig,ok,1865,2800,1000,1500,
1604026,orig,ok,2000,3000,1000,1500,
1604474,orig,ok,2000,3000,1000,1500,
1604613,up,ok,1200,1800,1000,1500,
1604674,up,ok,1200,1722,1000,1500,
1605171,orig,ok,1012,1422,1000,1500,
1605429,orig,ok,1200,1600,1000,1500,
1605751,orig,ok,2000,3000,1000,1500,
1605903,orig,ok,1400,2100,1000,1500,
1605985,orig,ok,1575,2100,1000,1500,
1606352,orig,ok,1000,1500,1000,1500,
1606669,orig,ok,2000,3000,1000,1500,
1606790,up,ok,1500,2250,1000,1500,
1606791,orig,ok,2000,3000,1000,1500,
1606889,orig,ok,1400,2100,1000,1500,
1607017,orig,ok,2000,3000,1000,1500,
1607507,up,ok,1160,1742,1000,1500,
1607698,orig,ok,1204,1779,1000,1500,
1608072,orig,ok,1000,1500,1000,1500,
1608237,orig,ok,1365,2047,1000,1500,
1608831,orig,ok,1000,1500,1000,1500,
1608998,orig,ok,1080,1620,1000,1500,
1609576,orig,ok,2000,2927,1000,1500,
1609844,orig,ok,1080,1526,1000,1500,
1610418,orig,ok,1000,1500,1000,1500,
1610460,orig,ok,1200,1800,1000,1500,
1610703,orig,ok,2000,3000,1000,1500,
1611230,orig,ok,1000,1500,1000,1500,
1611334,orig,ok,2000,3000,1000,1500,
1611600,orig,ok,1587,2245,1000,1500,
1611727,orig,ok,1536,2304,1000,1500,
1611783,orig,ok,1500,2250,1000,1500,
1611977,orig,ok,1920,2880,1000,1500,
1612291,orig,ok,1333,2000,1000,1500,
1612376,orig,ok,2000,3000,1000,1500,
1612434,orig,ok,1366,2048,1000,1500,
1612522,up,ok,1674,2490,1000,1500,
1612889,orig,ok,1728,2304,1000,1500,
1612923,orig,ok,1707,2560,1000,1500,
1612991,orig,ok,1532,2176,1000,1500,
1613246,up,ok,1008,1500,1000,1500,
1613360,orig,ok,1944,2880,1000,1500,
1613876,orig,ok,1800,2700,1000,1500,
1615470,orig,ok,2000,3000,1000,1500,
1615605,orig,ok,1500,2000,1000,1500,
1615868,orig,ok,1128,1692,1000,1500,
1616344,up,ok,1000,1500,1000,1500,
1616405,up,ok,1126,1500,1000,1500,
1616575,up,ok,1100,1628,1000,1500,
1617221,orig,ok,2000,3000,1000,1500,
1618086,orig,ok,1500,2250,1000,1500,
1618843,orig,ok,1450,2175,1000,1500,
1619347,orig,ok,2000,3000,1000,1500,
1619417,up,ok,1000,1500,1000,1500,
1619430,up,ok,1216,1626,1000,1500,
1619600,up,ok,1000,1500,1000,1500,
1619765,orig,ok,1300,1950,1000,1500,
1619894,orig,ok,1158,1637,1000,1500,
1620503,up,ok,1904,2856,1000,1500,
1620711,orig,ok,1080,1440,1000,1500,
1620724,up,ok,1200,1670,1000,1500,
1621258,orig,ok,1365,2048,1000,1500,
1621264,orig,ok,1284,1774,1000,1500,
1621448,orig,ok,2000,3000,1000,1500,
1621775,orig,ok,2000,3000,1000,1500,
1622040,orig,ok,1000,1481,1000,1500,
1622163,up,ok,1080,1600,1000,1500,
1622202,up,ok,1560,2196,1000,1500,
1622465,orig,ok,1000,1500,1000,1500,
1622490,orig,ok,1050,1556,1000,1500,
1623127,up,ok,1996,2994,1000,1500,
1623303,orig,ok,1339,2011,1000,1500,
1623517,orig,ok,1566,2231,1000,1500,
1623822,up,ok,1664,2464,1000,1500,
1624353,up,ok,1132,1698,1000,1500,
1624898,orig,ok,1575,2100,1000,1500,
1625701,orig,ok,1000,1500,1000,1500,
1626129,orig,ok,2000,3000,1000,1500,
1626151,orig,ok,1944,2880,1000,1500,
1626772,orig,ok,2000,3000,1000,1500,
1628566,orig,ok,2000,3000,1000,1500,
1628593,orig,ok,1000,1481,1000,1500,
1629258,orig,ok,1000,1500,1000,1500,
1629261,up,ok,1000,1518,1000,1500,
1629355,orig,ok,1181,1750,1000,1500,
1629881,orig,ok,2000,3000,1000,1500,
1630001,orig,ok,1920,2880,1000,1500,
1630293,orig,ok,1280,1920,1000,1500,
1630307,orig,ok,2000,2963,1000,1500,
1630440,orig,ok,1067,1600,1000,1500,
1630722,orig,ok,1000,1414,1000,1500,
1630771,orig,ok,1728,2304,1000,1500,
1630853,orig,ok,1365,2048,1000,1500,
1631027,up,ok,1856,2784,1000,1500,
1631049,orig,ok,1333,1980,1000,1500,
1631143,orig,ok,1800,2700,1000,1500,
1631208,orig,ok,1920,2880,1000,1500,
1631292,orig,ok,1000,1332,1000,1500,
1632759,orig,ok,1374,2048,1000,1500,
1632808,orig,ok,1000,1333,1000,1500,
1632818,orig,ok,1000,1500,1000,1500,
1632927,orig,ok,1000,1481,1000,1500,
1633832,orig,ok,1400,2100,1000,1500,
1634840,orig,ok,2000,3000,1000,1500,
1634882,orig,ok,2000,2811,1000,1500,
1634982,up,ok,1060,1500,1000,1500,
1635161,orig,ok,1575,2100,1000,1500,
1635530,up,ok,1200,1800,1000,1500,
1635787,orig,ok,1024,1536,1000,1500,
1636140,up,ok,1536,2252,1000,1500,
1636154,orig,ok,1500,2250,1000,1500,
1636200,up,ok,1706,2560,1000,1500,
1636674,orig,ok,1400,2100,1000,1500,
1637073,orig,ok,1759,2639,1000,1500,
1637133,orig,ok,1400,2100,1000,1500,
1637439,orig,ok,1024,1536,1000,1500,
1637528,orig,ok,1170,1733,1000,1500,
1637569,orig,ok,1575,2100,1000,1500,
1637728,orig,ok,1536,2048,1000,1500,
1638677,orig,ok,1200,1600,1000,1500,
1638985,up,ok,1040,1560,1000,1500,
1639090,orig,ok,1000,1396,1000,1500,
1639341,orig,ok,1200,1784,1000,1500,
1639488,orig,ok,1000,1500,1000,1500,
1639848,up,ok,1080,1600,1000,1500,
1639960,orig,ok,1303,1954,1000,1500,
1642568,orig,ok,2000,3000,1000,1500,
1642617,orig,ok,2000,2855,1000,1500,
1642891,orig,ok,1200,1600,1000,1500,
1643120,orig,ok,1000,1328,1000,1500,
1643197,up,ok,1322,1984,1000,1500,
1644083,orig,ok,1179,1768,1000,1500,
1645603,orig,ok,2000,3000,1000,1500,
1646116,up,ok,1000,1500,1000,1500,
1646124,up,ok,1000,1500,1000,1500,
1646142,orig,ok,2000,3000,1000,1500,
1646251,orig,ok,1000,1500,1000,1500,
1646413,orig,ok,2000,3000,1000,1500,
1646461,up,ok,1000,1500,1000,1500,
1646950,orig,ok,1345,2017,1000,1500,
1647335,orig,ok,1382,2048,1000,1500,
1647483,orig,ok,1024,1536,1000,1500,
1647583,orig,ok,2000,3000,1000,1500,
1647690,orig,ok,1944,2700,1000,1500,
1647716,orig,ok,1414,2000,1000,1500,
1647961,orig,ok,1000,1491,1000,1500,
1648343,up,ok,1200,1800,1000,1500,
1648434,up,ok,1440,2160,1000,1500,
1648554,orig,ok,1000,1425,1000,1500,
1649125,orig,ok,1696,2528,1000,1500,
1649128,up,ok,1066,1600,1000,1500,
1649529,orig,ok,1000,1333,1000,1500,
1649617,orig,ok,1000,1500,1000,1500,
1649693,orig,ok,1398,2048,1000,1500,
1649737,orig,ok,1000,1500,1000,1500,
1649774,orig,ok,1400,2100,1000,1500,
1650210,orig,ok,1065,1598,1000,1500,
1651111,orig,ok,1296,1920,1000,1500,
1651661,orig,ok,1500,2000,1000,1500,
1651837,up,ok,1024,1556,1000,1500,
1652478,orig,ok,1587,2245,1000,1500,
1652871,orig,ok,2000,3000,1000,1500,
1653672,up,ok,1000,1500,1000,1500,
1654336,orig,ok,1500,2250,1000,1500,
1654351,orig,ok,1013,1500,1000,1500,
1654380,orig,ok,1000,1500,1000,1500,
1654479,orig,ok,1434,2048,1000,1500,
1654511,orig,ok,1080,1615,1000,1500,
1654674,up,ok,1600,2400,1000,1500,
1654715,orig,ok,1707,2560,1000,1500,
1654961,orig,ok,1000,1333,1000,1500,
1655198,up,ok,1054,1500,1000,1500,
1655204,orig,ok,2000,2963,1000,1500,
1655693,up,ok,1696,2528,1000,1500,
1655738,orig,ok,1500,2000,1000,1500,
1656047,orig,ok,1900,2662,1000,1500,
1656101,up,ok,1600,2400,1000,1500,
1656480,orig,ok,2000,3000,1000,1500,
1656845,up,ok,1066,1602,1000,1500,
1657668,orig,ok,1000,1333,1000,1500,
1658692,up,ok,1606,2422,1000,1500,
1659522,orig,ok,1200,1800,1000,1500,
1659637,orig,ok,1059,1400,1000,1500,
1659657,orig,ok,2000,3000,1000,1500,
1659743,orig,ok,1000,1500,1000,1500,
1659806,orig,ok,1200,1600,1000,1500,
1660141,orig,ok,1000,1500,1000,1500,
1660340,orig,ok,1890,2768,1000,1500,
1661185,orig,ok,2000,3000,1000,1500,
1661855,orig,ok,1728,2304,1000,1500,
1662599,up,ok,1000,1500,1000,1500,
1662725,orig,ok,1000,1500,1000,1500,
1662826,orig,ok,1024,1536,1000,1500,
1663082,orig,ok,1600,2263,1000,1500,
1663532,orig,ok,1000,1500,1000,1500,
1664162,orig,ok,1587,2245,1000,1500,
1664187,orig,ok,2000,3000,1000,1500,
1664432,orig,ok,1440,2160,1000,1500,
1664518,orig,ok,1365,2047,1000,1500,
1664906,up,ok,1164,1748,1000,1500,
1665172,orig,ok,1320,1978,1000,1500,
1665506,orig,ok,1200,1800,1000,1500,
1666010,orig,ok,2000,3000,1000,1500,
1667444,orig,ok,1566,2231,1000,1500,
1667766,orig,ok,2000,3000,1000,1500,
1667772,orig,ok,1365,2048,1000,1500,
1668071,orig,ok,1200,1600,1000,1500,
1668381,up,ok,1000,1500,1000,1500,
1668962,up,ok,1012,1500,1000,1500,
1669135,orig,ok,2000,3000,1000,1500,
1669914,orig,ok,1922,2883,1000,1500,
1671305,orig,ok,2000,3000,1000,1500,
1671526,orig,ok,2000,3000,1000,1500,
1671767,orig,ok,1400,2100,1000,1500,
1672724,orig,ok,2000,3000,1000,1500,
1673140,up,ok,1000,1500,1000,1500,
1673256,orig,ok,1000,1415,1000,1500,
1673888,orig,ok,2000,3000,1000,1500,
1675037,orig,ok,1728,2304,1000,1500,
1675147,up,ok,1000,1500,1000,1500,
1676058,orig,ok,2000,3000,1000,1500,
1676373,orig,ok,1440,2160,1000,1500,
1677594,orig,ok,2000,3000,1000,1500,
1677725,orig,ok,1024,1536,1000,1500,
1677924,orig,ok,1536,2048,1000,1500,
1678081,orig,ok,1587,2245,1000,1500,
1678170,up,ok,1800,2700,1000,1500,
1678192,up,ok,1200,1800,1000,1500,
1678298,orig,ok,1000,1500,1000,1500,
1678417,up,ok,1372,1920,1000,1500,
1678725,orig,ok,1566,2231,1000,1500,
1680798,up,ok,1420,2124,1000,1500,
1681342,orig,ok,1080,1620,1000,1500,
1681694,orig,ok,2000,3000,1000,1500,
1682410,up,ok,1000,1500,1000,1500,
1683091,up,ok,1050,1566,1000,1500,
1683097,up,ok,1128,1566,1000,1500,
1683531,orig,ok,1000,1482,1000,1500,
1684129,orig,ok,1200,1801,1000,1500,
1685776,orig,ok,1704,2557,1000,1500,
1686028,up,ok,1200,1800,1000,1500,
1686301,orig,ok,2000,3000,1000,1500,
1686606,orig,ok,1200,1800,1000,1500,
1686620,orig,ok,1200,1800,1000,1500,
1686904,up,ok,1800,2400,1000,1500,
1687173,orig,ok,2000,3000,1000,1500,
1687247,orig,ok,2000,3000,1000,1500,
1687771,orig,ok,1000,1500,1000,1500,
1687797,orig,ok,1000,1500,1000,1500,
1688209,orig,ok,1000,1500,1000,1500,
1688318,up,ok,1706,2560,1000,1500,
1688640,up,ok,1200,1800,1000,1500,
1688662,up,ok,1920,2880,1000,1500,
1689220,up,ok,1200,1800,1000,1500,
1689569,up,ok,1080,1600,1000,1500,
1690070,orig,ok,1000,1500,1000,1500,
1690185,orig,ok,1024,1536,1000,1500,
1691160,orig,ok,1500,2251,1000,1500,
1691953,up,ok,1448,2048,1000,1500,
1692068,up,ok,1382,2072,1000,1500,
1692259,up,ok,1696,2528,1000,1500,
1692825,orig,ok,2000,3000,1000,1500,
1692932,orig,ok,1024,1536,1000,1500,
1692958,orig,ok,2000,2998,1000,1500,
1694978,orig,ok,2000,3000,1000,1500,
1695276,up,ok,1536,2280,1000,1500,
1695493,up,ok,1200,1800,1000,1500,
1696068,orig,ok,2000,3000,1000,1500,
1696458,orig,ok,2000,3000,1000,1500,
1697339,orig,ok,1200,1600,1000,1500,
1697500,orig,ok,1000,1500,1000,1500,
1697546,orig,ok,1500,2000,1000,1500,
1698893,up,ok,1046,1568,1000,1500,
1699285,orig,ok,1200,1800,1000,1500,
1699309,up,ok,1000,1500,1000,1500,
1699463,orig,ok,1620,2400,1000,1500,
1700726,up,ok,1000,1500,1000,1500,
1700752,orig,ok,1000,1500,1000,1500,
1701045,orig,ok,1500,2158,1000,1500,
1701141,orig,ok,1002,1500,1000,1500,
1701297,orig,ok,1200,1600,1000,1500,
1701597,orig,ok,2000,3000,1000,1500,
1701611,orig,ok,2000,3000,1000,1500,
1701665,orig,ok,1575,2100,1000,1500,
1702788,orig,ok,1566,2231,1000,1500,
1702817,orig,ok,1400,2100,1000,1500,
1703118,orig,ok,1575,2100,1000,1500,
1703467,orig,ok,2000,3000,1000,1500,
1704068,orig,ok,2000,3000,1000,1500,
1704326,orig,ok,1024,1536,1000,1500,
1704506,orig,ok,1000,1500,1000,1500,
1705035,up,ok,1200,1800,1000,1500,
1705057,orig,ok,2000,3000,1000,1500,
1705070,orig,ok,1024,1536,1000,1500,
1705120,orig,ok,2000,3000,1000,1500,
1705685,orig,ok,2000,3000,1000,1500,
1705888,orig,ok,1728,2304,1000,1500,
1706083,orig,ok,1000,1500,1000,1500,
1706245,orig,ok,1000,1501,1000,1500,
1706412,orig,ok,1178,1669,1000,1500,
1707179,orig,ok,2000,3000,1000,1500,
1707268,orig,ok,2000,3000,1000,1500,
1707533,orig,ok,2000,3000,1000,1500,
1708236,orig,ok,1000,1500,1000,1500,
1708239,up,ok,1600,2400,1000,1500,
1708241,orig,ok,2000,3000,1000,1500,
1708253,up,ok,1382,2048,1000,1500,
1708376,up,ok,1194,1600,1000,1500,
1708394,orig,ok,2000,2956,1000,1500,
1708531,orig,ok,1448,2048,1000,1500,
1708791,up,ok,1590,2386,1000,1500,
1709095,orig,ok,2000,3000,1000,1500,
1709134,orig,ok,1024,1536,1000,1500,
1709140,orig,ok,1333,2000,1000,1500,
1709725,orig,ok,1500,2209,1000,1500,
1709842,orig,ok,2000,3000,1000,1500,
1710120,orig,ok,1024,1536,1000,1500,
1710331,orig,ok,1000,1481,1000,1500,
1711129,up,ok,1000,1500,1000,1500,
1711175,orig,ok,1233,1850,1000,1500,
1711808,orig,ok,2000,3000,1000,1500,
1711953,orig,ok,2000,3000,1000,1500,
1712124,orig,ok,2000,2960,1000,1500,
1712454,orig,ok,1044,1500,1000,1500,
1712608,up,ok,1000,1500,1000,1500,
1712828,orig,ok,2000,3000,1000,1500,
1713821,up,ok,1782,2376,1000,1500,
1713962,up,ok,1600,2400,1000,1500,
1714709,orig,ok,1280,1929,1000,1500,
1714880,orig,ok,1000,1500,1000,1500,
1715179,orig,ok,2000,3000,1000,1500,
1715208,orig,ok,1920,2844,1000,1500,
1715560,orig,ok,1000,1414,1000,1500,
1716716,up,ok,1620,2160,1000,1500,
1717247,up,ok,1694,2368,1000,1500,
1718210,orig,ok,2000,3000,1000,1500,
1718636,up,ok,1200,1800,1000,1500,
1719380,orig,ok,1024,1536,1000,1500,
1719565,orig,ok,1000,1500,1000,1500,
1720522,orig,ok,1999,3000,1000,1500,
1720656,up,ok,1000,1500,1000,1500,
1720666,up,ok,1000,1500,1000,1500,
1720738,orig,ok,1000,1500,1000,1500,
1721705,orig,ok,1000,1500,1000,1500,
1722506,orig,ok,1620,2160,1000,1500,
1722576,orig,ok,1575,2100,1000,1500,
1722712,orig,ok,2000,3000,1000,1500,
1722717,orig,ok,2000,3000,1000,1500,
1722750,up,ok,1000,1500,1000,1500,
1723967,orig,ok,2000,3000,1000,1500,
1724072,orig,ok,1170,1755,1000,1500,
1724651,orig,ok,2000,2958,1000,1500,
1725746,orig,ok,2000,2962,1000,1500,
1726009,orig,ok,1635,2415,1000,1500,
1726149,orig,ok,1170,1755,1000,1500,
1726190,up,ok,1390,2060,1000,1500,
1726557,orig,ok,1900,2687,1000,1500,
1726601,orig,ok,1024,1536,1000,1500,
1726851,orig,ok,2000,2963,1000,1500,
1727234,up,ok,1000,1500,1000,1500,
1727317,orig,ok,2000,3000,1000,1500,
1727409,orig,ok,1728,2304,1000,1500,
1728244,orig,ok,1800,2700,1000,1500,
1728265,up,ok,1560,2312,1000,1500,
1728307,orig,ok,2000,3000,1000,1500,
1728862,orig,ok,1382,2048,1000,1500,
1729725,orig,ok,1440,1918,1000,1500,
1730158,orig,ok,1421,1994,1000,1500,
1730682,orig,ok,1400,1902,1000,1500,
1730685,orig,ok,1300,1795,1000,1500,
1731343,up,ok,1310,1976,1000,1500,
1733102,orig,ok,1290,1935,1000,1500,
1733132,orig,ok,1000,1333,1000,1500,
1734379,orig,ok,1000,1481,1000,1500,
1734422,orig,ok,1080,1620,1000,1500,
1734667,orig,ok,2000,3000,1000,1500,
1734954,orig,ok,1080,1600,1000,1500,
1734991,orig,ok,2000,3000,1000,1500,
1735209,up,ok,1130,1690,1000,1500,
1735325,orig,ok,2000,3000,1000,1500,
1735476,orig,ok,2000,3000,1000,1500,
1735866,orig,ok,1000,1500,1000,1500,
1736719,orig,ok,1080,1605,1000,1500,
1737162,orig,ok,2000,3000,1000,1500,
1737966,orig,ok,1729,2594,1000,1500,
1738403,orig,ok,1399,2000,1000,1500,
1739016,orig,ok,1165,1625,1000,1500,
1739442,orig,ok,2000,3000,1000,1500,
