checkpoint ok=1825 → data/qa/rekognition_community_enrich.csv
want=11680 todo=9855 done_skip=1825 workers=10 sidecar=data/qa/rekognition_community_enrich.csv merge_main=True
[1830/11680] ok=1830 err=0 2.84/s | 107122 'The Demonic Womanizer Cost' top='Advertisement'
[1840/11680] ok=1840 err=0 2.84/s | 107425 'Nuns That Bite' top='Publication'
[10/9855] ok=10 err=0 1.31/s | 107329 'Blackaria' top='Art'
[1850/11680] ok=1850 err=0 2.82/s | 107807 'Evil Black Magic' top='Advertisement'
[20/9855] ok=20 err=0 1.23/s | 107413 "Snake Woman's Curse" top='Book'
checkpoint ok=1850 → data/qa/rekognition_community_enrich.csv
[1860/11680] ok=1860 err=0 2.81/s | 108106 'Fashion Crimes' top='Book'
[1870/11680] ok=1870 err=0 2.80/s | 108430 'Brutal Sorcery' top='Book'
checkpoint ok=25 → data/qa/rekognition_community_enrich.csv
[30/9855] ok=30 err=0 1.27/s | 108079 'The Monster of Florence' top='Art'
[40/9855] ok=40 err=0 1.56/s | 108077 'The House of the Blue Shad' top='Tattoo'
checkpoint ok=1875 → data/qa/rekognition_community_enrich.csv
[1880/11680] ok=1880 err=0 2.79/s | 108808 'Under the Blossoming Cherr' top='Fashion'
[50/9855] ok=50 err=0 1.56/s | 108648 'The Bride from Hades' top='Adult'
checkpoint ok=50 → data/qa/rekognition_community_enrich.csv
[1890/11680] ok=1890 err=0 2.77/s | 109377 'Thanatopsis' top='Face'
[60/9855] ok=60 err=0 1.57/s | 108811 'A Wicked Ghost II: The Fea' top='Advertisement'
[70/9855] ok=70 err=0 1.68/s | 109967 'Hong Kong Butcher' top='Baby'
[1900/11680] ok=1900 err=0 2.77/s | 110270 'Dirty Fingers' top='Advertisement'
checkpoint ok=1900 → data/qa/rekognition_community_enrich.csv
[1910/11680] ok=1910 err=0 2.76/s | 110772 "Stille Nacht IV: Can't Go " top='Blackboard'
[1920/11680] ok=1920 err=0 2.76/s | 112355 'What the Peeper Saw' top='Person'
checkpoint ok=75 → data/qa/rekognition_community_enrich.csv
[80/9855] ok=80 err=0 1.56/s | 110772 "Stille Nacht IV: Can't Go " top='Blackboard'
[90/9855] ok=90 err=0 1.76/s | 112170 'Satan' top='Book'
[100/9855] ok=100 err=0 1.89/s | 112447 'The Perverse Countess' top='Weapon'
checkpoint ok=1925 → data/qa/rekognition_community_enrich.csv
[1930/11680] ok=1930 err=0 2.74/s | 113398 'Cowboy' top='Silhouette'
[1940/11680] ok=1940 err=0 2.76/s | 113632 'Eko Eko Azarak: Awakening' top='Book'
[1950/11680] ok=1950 err=0 2.76/s | 114319 'Mati Suri' top='Hospital'
checkpoint ok=100 → data/qa/rekognition_community_enrich.csv
[110/9855] ok=110 err=0 1.62/s | 112941 'The Mummies of San Angel' top='Advertisement'
[120/9855] ok=120 err=0 1.76/s | 114047 '13 Curses' top='Advertisement'
checkpoint ok=1950 → data/qa/rekognition_community_enrich.csv
[1960/11680] ok=1960 err=0 2.72/s | 115216 'Six' top='Advertisement'
[1970/11680] ok=1970 err=0 2.73/s | 115018 'The Vampire Doll' top='Book'
checkpoint ok=125 → data/qa/rekognition_community_enrich.csv
[130/9855] ok=130 err=0 1.50/s | 115018 'The Vampire Doll' top='Book'
[140/9855] ok=140 err=0 1.61/s | 115845 'The Haunted Pumpkin of Sle' top='Book'
[150/9855] ok=150 err=0 1.73/s | 116322 'The Legend of La Llorona' top='Book'
checkpoint ok=1975 → data/qa/rekognition_community_enrich.csv
[1980/11680] ok=1980 err=0 2.67/s | 117056 'Any Other Side' top='Clothing'
[1990/11680] ok=1990 err=0 2.69/s | 118502 "The Devil's Horse" top='Advertisement'
[2000/11680] ok=2000 err=0 2.70/s | 119267 'La Resurrección de Amanda ' top='Book'
checkpoint ok=150 → data/qa/rekognition_community_enrich.csv
[160/9855] ok=160 err=0 1.44/s | 116997 'Ghost of Love' top='Coat'
[170/9855] ok=170 err=0 1.53/s | 117197 'Intensive Care' top='Face'
checkpoint ok=2000 → data/qa/rekognition_community_enrich.csv
[2010/11680] ok=2010 err=0 2.64/s | 121017 'At the Meeting with Joyous' top='Advertisement'
[2020/11680] ok=2020 err=0 2.65/s | 121519 'Io zombo, tu zombi, lei zo' top='Adult'
checkpoint ok=175 → data/qa/rekognition_community_enrich.csv
[180/9855] ok=180 err=0 1.34/s | 119947 'Village of Eight Graveston' top='Book'
[190/9855] ok=190 err=0 1.42/s | 121022 'Rooms for Tourists' top='Face'
[200/9855] ok=200 err=0 1.49/s | 121752 'Suffocation' top='Book'
checkpoint ok=2025 → data/qa/rekognition_community_enrich.csv
[2030/11680] ok=2030 err=0 2.55/s | 123344 'Twilight Dinner' top='Book'
[2040/11680] ok=2040 err=0 2.56/s | 123957 'Bobby Yeah' top='Purple'
[2050/11680] ok=2050 err=0 2.57/s | 124597 'Genocide' top='Book'
checkpoint ok=200 → data/qa/rekognition_community_enrich.csv
[210/9855] ok=210 err=0 1.20/s | 123411 'Gore from Outer Space' top='Advertisement'
[220/9855] ok=220 err=0 1.26/s | 123969 'The Backwater Gospel' top='Adult'
checkpoint ok=2050 → data/qa/rekognition_community_enrich.csv
[2060/11680] ok=2060 err=0 2.34/s | 126693 'The Blood Drinkers' top='Advertisement'
[2070/11680] ok=2070 err=0 2.35/s | 127183 'Psychotica' top='Advertisement'
checkpoint ok=225 → data/qa/rekognition_community_enrich.csv
[230/9855] ok=230 err=0 0.90/s | 125162 'Ousama Game' top='Skirt'
[240/9855] ok=240 err=0 0.94/s | 126949 'When Night Falls' top='Door'
[250/9855] ok=250 err=0 0.98/s | 127256 'Rahtree Returns' top='Dancing'
checkpoint ok=2075 → data/qa/rekognition_community_enrich.csv
[2080/11680] ok=2080 err=0 2.25/s | 127642 'Feng Shui' top='Book'
[2090/11680] ok=2090 err=0 2.27/s | 127768 'Aatank' top='People'
[2100/11680] ok=2100 err=0 2.28/s | 128598 'Left for Dead' top='Book'
checkpoint ok=250 → data/qa/rekognition_community_enrich.csv
[260/9855] ok=260 err=0 0.88/s | 127645 'No Life King' top='Advertisement'
[270/9855] ok=270 err=0 0.92/s | 128452 'Tulpa - Demon of Desire' top='Light'
checkpoint ok=2100 → data/qa/rekognition_community_enrich.csv
[2110/11680] ok=2110 err=0 2.22/s | 129743 'Another' top='Adult'
[2120/11680] ok=2120 err=0 2.24/s | 131575 'Fear Has 1000 Eyes' top='Book'
checkpoint ok=275 → data/qa/rekognition_community_enrich.csv
[280/9855] ok=280 err=0 0.89/s | 129213 'Ghost Sweeper Mikami' top='Book'
[290/9855] ok=290 err=0 0.93/s | 130938 'Trepanator' top='Advertisement'
[300/9855] ok=300 err=0 0.96/s | 131943 'Shadows Unseen' top='Couch'
checkpoint ok=2125 → data/qa/rekognition_community_enrich.csv
[2130/11680] ok=2130 err=0 2.21/s | 132815 'She-Wolf' top='Book'
[2140/11680] ok=2140 err=0 2.22/s | 133666 'D@bbe 2' top='Advertisement'
[2150/11680] ok=2150 err=0 2.23/s | 135150 'Capitaine X' top='Art'
checkpoint ok=300 → data/qa/rekognition_community_enrich.csv
[310/9855] ok=310 err=0 0.95/s | 132169 'Mr. Vampire 1992' top='Book'
[320/9855] ok=320 err=0 0.98/s | 134617 'The Devils Dagger' top='Sword'
checkpoint ok=2150 → data/qa/rekognition_community_enrich.csv
[2160/11680] ok=2160 err=0 2.21/s | 135605 'Crimson, the Color of Bloo' top='Book'
[2170/11680] ok=2170 err=0 2.22/s | 137618 'Who Are You?' top='Door'
checkpoint ok=325 → data/qa/rekognition_community_enrich.csv
[330/9855] ok=330 err=0 0.96/s | 135210 'Junk' top='Advertisement'
[340/9855] ok=340 err=0 0.99/s | 137103 'The Obscene Mirror' top='Book'
[350/9855] ok=350 err=0 1.02/s | 138472 'Virgin Nightmares' top='Book'
checkpoint ok=2175 → data/qa/rekognition_community_enrich.csv
[2180/11680] ok=2180 err=0 2.19/s | 139008 'Grave Robbers' top='Art'
[2190/11680] ok=2190 err=0 2.20/s | 139357 'Pizza' top='City'
[2200/11680] ok=2200 err=0 2.21/s | 140508 'The Ghosts of Yotsuya' top='Book'
checkpoint ok=350 → data/qa/rekognition_community_enrich.csv
[360/9855] ok=360 err=0 1.01/s | 139293 'Tiktik: The Aswang Chronic' top='Advertisement'
[370/9855] ok=370 err=0 1.04/s | 140441 'Sadako 3D' top='Book'
checkpoint ok=2200 → data/qa/rekognition_community_enrich.csv
[2210/11680] ok=2210 err=0 2.19/s | 141335 'Heartbeat 100' top='Advertisement'
[2220/11680] ok=2220 err=0 2.20/s | 142537 'Shutter One' top='Photography'
checkpoint ok=375 → data/qa/rekognition_community_enrich.csv
[380/9855] ok=380 err=0 1.01/s | 140835 'La venganza de Ira Vamp' top='Advertisement'
[390/9855] ok=390 err=0 1.04/s | 141758 'The Scapular' top='Advertisement'
[400/9855] ok=400 err=0 1.06/s | 142537 'Shutter One' top='Photography'
checkpoint ok=2225 → data/qa/rekognition_community_enrich.csv
[2230/11680] ok=2230 err=0 2.17/s | 143281 'Sissy-Boy Slap-Party' top='Face'
[2240/11680] ok=2240 err=0 2.18/s | 143669 'Blood Curse' top='Advertisement'
[2250/11680] ok=2250 err=0 2.19/s | 144637 'Kill for Love' top='Book'
checkpoint ok=400 → data/qa/rekognition_community_enrich.csv
[410/9855] ok=410 err=0 1.05/s | 143680 'Akai nawa: Hateru made' top='Book'
[420/9855] ok=420 err=0 1.07/s | 144825 'A Holy Place' top='Furniture'
checkpoint ok=2250 → data/qa/rekognition_community_enrich.csv
[2260/11680] ok=2260 err=0 2.15/s | 146296 'The Phantom of the Operett' top='Advertisement'
[2270/11680] ok=2270 err=0 2.16/s | 147084 'The Aztec Mummy' top='Book'
checkpoint ok=425 → data/qa/rekognition_community_enrich.csv
[430/9855] ok=430 err=0 1.03/s | 145623 'The Games of Angels' top='Book'
[440/9855] ok=440 err=0 1.05/s | 146728 'Bewitched' top='Book'
[450/9855] ok=450 err=0 1.08/s | 147084 'The Aztec Mummy' top='Book'
checkpoint ok=2275 → data/qa/rekognition_community_enrich.csv
[2280/11680] ok=2280 err=0 2.14/s | 148322 '' top='Advertisement'
[2290/11680] ok=2290 err=0 2.15/s | 151171 'The Hidden Truth' top='Book'
[2300/11680] ok=2300 err=0 2.16/s | 153170 'Bandh Darwaza' top='Advertisement'
checkpoint ok=450 → data/qa/rekognition_community_enrich.csv
[460/9855] ok=460 err=0 1.06/s | 150373 'All Night Long 3: The Fina' top='Book'
[470/9855] ok=470 err=0 1.08/s | 152103 'Ghost of Mae Nak 3D' top='Advertisement'
checkpoint ok=2300 → data/qa/rekognition_community_enrich.csv
[2310/11680] ok=2310 err=0 2.12/s | 153420 'Love Ghost' top='Boy'
[2320/11680] ok=2320 err=0 2.13/s | 155372 'The Bloody Lady' top='Book'
checkpoint ok=475 → data/qa/rekognition_community_enrich.csv
[480/9855] ok=480 err=0 1.05/s | 153295 'Hex After Hex' top='Advertisement'
[490/9855] ok=490 err=0 1.07/s | 153755 'The Bloodstained Lawn' top='Book'
[500/9855] ok=500 err=0 1.10/s | 155649 'All Night Long: Anyone Wou' top='Advertisement'
checkpoint ok=2325 → data/qa/rekognition_community_enrich.csv
[2330/11680] ok=2330 err=0 2.09/s | 155676 'Tokyo Psycho' top='Advertisement'
[2340/11680] ok=2340 err=0 2.10/s | 157709 'The Living Koheiji' top='Text'
[2350/11680] ok=2350 err=0 2.11/s | 158368 'Noctem' top='Finger'
checkpoint ok=500 → data/qa/rekognition_community_enrich.csv
[510/9855] ok=510 err=0 1.06/s | 155893 'Halimaw  Sa Banga' top='Advertisement'
[520/9855] ok=520 err=0 1.08/s | 157125 'Scayrecrow' top='Advertisement'
checkpoint ok=2350 → data/qa/rekognition_community_enrich.csv
[2360/11680] ok=2360 err=0 2.08/s | 160266 'Rahtree: Flower of the Nig' top='T-Shirt'
[2370/11680] ok=2370 err=0 2.09/s | 160897 'Barrio Tales' top='Advertisement'
checkpoint ok=525 → data/qa/rekognition_community_enrich.csv
[530/9855] ok=530 err=0 1.05/s | 160004 'Geometry' top='Purple'
[540/9855] ok=540 err=0 1.07/s | 160750 'A Lamb in Despair' top='Advertisement'
[550/9855] ok=550 err=0 1.09/s | 160794 'The Witches Attack' top='Book'
checkpoint ok=2375 → data/qa/rekognition_community_enrich.csv
[2380/11680] ok=2380 err=0 2.03/s | 163413 'Sex, Lies and Video Violen' top='Advertisement'
[2390/11680] ok=2390 err=0 2.04/s | 165282 'Wolf Guy' top='Book'
[2400/11680] ok=2400 err=0 2.04/s | 166614 'Call Me Tonight' top='Book'
checkpoint ok=550 → data/qa/rekognition_community_enrich.csv
[560/9855] ok=560 err=0 1.02/s | 166060 'The Baron' top='Book'
[570/9855] ok=570 err=0 1.04/s | 166706 'Roots Search' top='Book'
checkpoint ok=2400 → data/qa/rekognition_community_enrich.csv
[2410/11680] ok=2410 err=0 1.97/s | 166937 'Fuuin Eizou 6 - Noroi no P' top='Advertisement'
[2420/11680] ok=2420 err=0 1.98/s | 166942 'Fuuin Eizou 9 - Seifuku no' top='Book'
checkpoint ok=575 → data/qa/rekognition_community_enrich.csv
[580/9855] ok=580 err=0 0.96/s | 166916 '' top='Book'
[590/9855] ok=590 err=0 0.98/s | 166950 'Tokyo Videos of Horror 2' top='Book'
[600/9855] ok=600 err=0 0.99/s | 168891 'Saw: Rebirth' top='Advertisement'
checkpoint ok=2425 → data/qa/rekognition_community_enrich.csv
[2430/11680] ok=2430 err=0 1.93/s | 169406 'Hollywood Kills' top='Face'
[2440/11680] ok=2440 err=0 1.93/s | 171204 'Spider' top='Book'
[2450/11680] ok=2450 err=0 1.94/s | 171540 'Big Bad Wolves' top='Advertisement'
checkpoint ok=600 → data/qa/rekognition_community_enrich.csv
[610/9855] ok=610 err=0 0.96/s | 170798 'The Lonely Spirit in an Ol' top='Advertisement'
[620/9855] ok=620 err=0 0.98/s | 171540 'Big Bad Wolves' top='Advertisement'
checkpoint ok=2450 → data/qa/rekognition_community_enrich.csv
[2460/11680] ok=2460 err=0 1.89/s | 172159 'The Pot' top='Book'
[2470/11680] ok=2470 err=0 1.90/s | 172806 'Devil and the Ghostbuster' top='Book'
checkpoint ok=625 → data/qa/rekognition_community_enrich.csv
[630/9855] ok=630 err=0 0.94/s | 172513 'Green Vinyl' top='Advertisement'
[640/9855] ok=640 err=0 0.95/s | 172726 'Blood Ritual' top='Person'
[650/9855] ok=650 err=0 0.97/s | 172800 'Demoness from Thousand Yea' top='Book'
checkpoint ok=2475 → data/qa/rekognition_community_enrich.csv
[2480/11680] ok=2480 err=0 1.86/s | 172928 'Doctor Vampire' top='Book'
[2490/11680] ok=2490 err=0 1.87/s | 173134 'Grudge of the Moon Lady' top='Book'
[2500/11680] ok=2500 err=0 1.88/s | 175940 'Gone the Way of Flesh' top='Advertisement'
checkpoint ok=650 → data/qa/rekognition_community_enrich.csv
[660/9855] ok=660 err=0 0.95/s | 173110 "Ghost's Hospital" top='Advertisement'
[670/9855] ok=670 err=0 0.96/s | 174650 'The Return of the Exorcist' top='Advertisement'
checkpoint ok=2500 → data/qa/rekognition_community_enrich.csv
[2510/11680] ok=2510 err=0 1.86/s | 176762 'Daughter of Dracula' top='Book'
[2520/11680] ok=2520 err=0 1.86/s | 178725 'Death Tube- Broadcast Murd' top='Adult'
checkpoint ok=675 → data/qa/rekognition_community_enrich.csv
[680/9855] ok=680 err=0 0.95/s | 176762 'Daughter of Dracula' top='Book'
[690/9855] ok=690 err=0 0.96/s | 178148 'Man-Eater Mountain' top='Advertisement'
[700/9855] ok=700 err=0 0.98/s | 178636 'The Enchanting Ghost' top='Book'
checkpoint ok=2525 → data/qa/rekognition_community_enrich.csv
[2530/11680] ok=2530 err=0 1.85/s | 178875 '3 A.M. 3D' top='Adult'
[2540/11680] ok=2540 err=0 1.86/s | 181656 'Asura' top='Book'
[2550/11680] ok=2550 err=0 1.87/s | 181320 'Down to Hell' top='Book'
checkpoint ok=700 → data/qa/rekognition_community_enrich.csv
[710/9855] ok=710 err=0 0.97/s | 180000 'Lewd Lizard' top='Advertisement'
[720/9855] ok=720 err=0 0.98/s | 181390 'The Swiss Miss Massacre' top='Swimwear'
checkpoint ok=2550 → data/qa/rekognition_community_enrich.csv
[2560/11680] ok=2560 err=0 1.84/s | 182779 'Terror and Black Lace' top='Book'
[2570/11680] ok=2570 err=0 1.85/s | 185090 'Day Dream' top='Advertisement'
checkpoint ok=725 → data/qa/rekognition_community_enrich.csv
[730/9855] ok=730 err=0 0.97/s | 182430 'Hellish Love' top='Publication'
[740/9855] ok=740 err=0 0.98/s | 183806 'La llorona' top='Advertisement'
[750/9855] ok=750 err=0 1.00/s | 185705 'White Uniform in Rope Hell' top='Book'
checkpoint ok=2575 → data/qa/rekognition_community_enrich.csv
[2580/11680] ok=2580 err=0 1.83/s | 186412 "Devil's Woman" top='Book'
[2590/11680] ok=2590 err=0 1.84/s | 186723 'Haunted Tales' top='Advertisement'
[2600/11680] ok=2600 err=0 1.85/s | 188045 'Haunted Karaoke' top='Art'
checkpoint ok=750 → data/qa/rekognition_community_enrich.csv
[760/9855] ok=760 err=0 0.97/s | 186412 "Devil's Woman" top='Book'
[770/9855] ok=770 err=0 0.98/s | 187683 'Evil Seducers' top='Fashion'
checkpoint ok=2600 → data/qa/rekognition_community_enrich.csv
[2610/11680] ok=2610 err=0 1.80/s | 190899 'Dead Mine' top='Firearm'
[2620/11680] ok=2620 err=0 1.81/s | 192857 'Zombie Musical' top='Blackboard'
checkpoint ok=775 → data/qa/rekognition_community_enrich.csv
[780/9855] ok=780 err=0 0.96/s | 189307 'Back from Beyond' top='Publication'
[790/9855] ok=790 err=0 0.98/s | 191429 'Hypnosis' top='Housing'
[800/9855] ok=800 err=0 0.99/s | 193299 'Battle of the Undead' top='Boy'
checkpoint ok=2625 → data/qa/rekognition_community_enrich.csv
[2630/11680] ok=2630 err=0 1.80/s | 194120 'Manthrikan' top='Face'
[2640/11680] ok=2640 err=0 1.81/s | 195761 'Foxed!' top='Book'
[2650/11680] ok=2650 err=0 1.81/s | 196506 'Nero infinito' top='Advertisement'
checkpoint ok=800 → data/qa/rekognition_community_enrich.csv
[810/9855] ok=810 err=0 0.98/s | 194215 'Slasher' top='Adult'
[820/9855] ok=820 err=0 0.99/s | 195165 'Excitation' top='Book'
checkpoint ok=2650 → data/qa/rekognition_community_enrich.csv
[2660/11680] ok=2660 err=0 1.79/s | 197854 'The Guyver: Bio-Booster Ar' top='Helmet'
[2670/11680] ok=2670 err=0 1.80/s | 198762 'Nightmares Through The Nee' top='Adult'
checkpoint ok=2675 → data/qa/rekognition_community_enrich.csv
[2680/11680] ok=2680 err=0 1.70/s | 200047 'Wake up and Die' top='Skin'
[2690/11680] ok=2690 err=0 1.71/s | 200172 'La cripta de las condenada' top='Book'
[2700/11680] ok=2700 err=0 1.72/s | 201325 'Menu Total' top='Advertisement'
checkpoint ok=2700 → data/qa/rekognition_community_enrich.csv
[2710/11680] ok=2710 err=0 1.68/s | 203425 'Shadow of the Wraith' top='Book'
[2720/11680] ok=2720 err=0 1.69/s | 205098 'Cam - Fear the Dark' top='Advertisement'
checkpoint ok=2725 → data/qa/rekognition_community_enrich.csv
[2730/11680] ok=2730 err=0 1.65/s | 207291 'Vilkatis Toms' top='Advertisement'
[2740/11680] ok=2740 err=0 1.65/s | 208916 'Lycantropus: The Moonlight' top='Book'
[2750/11680] ok=2750 err=0 1.66/s | 209861 'Twilight Syndrome: Dead Cr' top='Book'
checkpoint ok=2750 → data/qa/rekognition_community_enrich.csv
[2760/11680] ok=2760 err=0 1.64/s | 211105 'Krishna Cottage' top='Face'
[2770/11680] ok=2770 err=0 1.64/s | 213611 'Setinggan' top='Advertisement'
checkpoint ok=2775 → data/qa/rekognition_community_enrich.csv
[2780/11680] ok=2780 err=0 1.60/s | 215773 'Almost Dead' top='Face'
[2790/11680] ok=2790 err=0 1.61/s | 217810 'Ghoul' top='Book'
[2800/11680] ok=2800 err=0 1.62/s | 218032 'Ghost: The Cinderella' top='Advertisement'
checkpoint ok=2800 → data/qa/rekognition_community_enrich.csv
[2810/11680] ok=2810 err=0 1.58/s | 219335 'The Witch' top='Advertisement'
[2820/11680] ok=2820 err=0 1.59/s | 220084 'Zombie Fever' top='Advertisement'
checkpoint ok=2825 → data/qa/rekognition_community_enrich.csv
[2830/11680] ok=2830 err=0 1.56/s | 221865 'Marked' top='Adult'
[2840/11680] ok=2840 err=0 1.57/s | 224756 'Dorian Gray in the Mirror ' top='Advertisement'
[2850/11680] ok=2850 err=0 1.57/s | 225029 'Challenge the Devil' top='Book'
checkpoint ok=2850 → data/qa/rekognition_community_enrich.csv
[2860/11680] ok=2860 err=0 1.55/s | 227432 'Swamp of the Lost Monster' top='Book'
[2870/11680] ok=2870 err=0 1.56/s | 228172 'Isolados' top='Book'
checkpoint ok=2875 → data/qa/rekognition_community_enrich.csv
[2880/11680] ok=2880 err=0 1.55/s | 228505 'Hide and Go Kill' top='Book'
[2890/11680] ok=2890 err=0 1.55/s | 229394 "Don't Look Back" top='Advertisement'
[2900/11680] ok=2900 err=0 1.56/s | 230210 'Kotsutsubo' top='Advertisement'
checkpoint ok=2900 → data/qa/rekognition_community_enrich.csv
[2910/11680] ok=2910 err=0 1.53/s | 231528 'Puppeteer' top='Advertisement'
[2920/11680] ok=2920 err=0 1.54/s | 235373 'The Flaying' top='Advertisement'
checkpoint ok=2925 → data/qa/rekognition_community_enrich.csv
[2930/11680] ok=2930 err=0 1.52/s | 236808 'Pizza 2: Villa' top='Book'
[2940/11680] ok=2940 err=0 1.53/s | 238374 'El pobrecito Draculín' top='Book'
[2950/11680] ok=2950 err=0 1.53/s | 240992 'Santo vs. the Zombies' top='Advertisement'
checkpoint ok=2950 → data/qa/rekognition_community_enrich.csv
[2960/11680] ok=2960 err=0 1.52/s | 241174 'Jaani Dushman' top='Advertisement'
[2970/11680] ok=2970 err=0 1.52/s | 243772 'Tokyo Videos of Horror 6' top='Book'
checkpoint ok=2975 → data/qa/rekognition_community_enrich.csv
[2980/11680] ok=2980 err=0 1.52/s | 244216 'Ular' top='Advertisement'
[2990/11680] ok=2990 err=0 1.52/s | 246417 'Daddy, Father Frost Is Dea' top='Book'
[3000/11680] ok=3000 err=0 1.53/s | 249248 'The Troop of Ghost' top='Advertisement'
checkpoint ok=3000 → data/qa/rekognition_community_enrich.csv
[3010/11680] ok=3010 err=0 1.52/s | 249534 'Ghost In-Law' top='Advertisement'
[3020/11680] ok=3020 err=0 1.52/s | 250508 'Lady Dracula' top='Book'
checkpoint ok=3025 → data/qa/rekognition_community_enrich.csv
[3030/11680] ok=3030 err=0 1.49/s | 250991 'The House of Pop 2008' top='Nature'
[3040/11680] ok=3040 err=0 1.49/s | 252235 'Paku' top='Advertisement'
[3050/11680] ok=3050 err=0 1.50/s | 253400 'Demonic Umbrella' top='Advertisement'
checkpoint ok=3050 → data/qa/rekognition_community_enrich.csv
[3060/11680] ok=3060 err=0 1.47/s | 254427 'Stray Dogs' top='Book'
[3070/11680] ok=3070 err=0 1.48/s | 254530 'Mistério na Colônia' top='Photography'
checkpoint ok=3075 → data/qa/rekognition_community_enrich.csv
[3080/11680] ok=3080 err=0 1.44/s | 256331 'Mystery of the Old House' top='Book'
[3090/11680] ok=3090 err=0 1.44/s | 257025 'Love Letter of a Murderer' top='Book'
[3100/11680] ok=3100 err=0 1.45/s | 258311 '2012: Curse of the Xtabai' top='Book'
checkpoint ok=3100 → data/qa/rekognition_community_enrich.csv
[3110/11680] ok=3110 err=0 1.42/s | 259233 'Ju-on: The Beginning of th' top='Book'
[3120/11680] ok=3120 err=0 1.42/s | 259761 'Lights Out' top='Door'
checkpoint ok=3125 → data/qa/rekognition_community_enrich.csv
[3130/11680] ok=3130 err=0 1.41/s | 260604 'The Touch' top='Book'
[3140/11680] ok=3140 err=0 1.41/s | 260915 '' top='Texture'
[3150/11680] ok=3150 err=0 1.41/s | 262187 'Jonathan' top='Skin'
checkpoint ok=3150 → data/qa/rekognition_community_enrich.csv
[3160/11680] ok=3160 err=0 1.41/s | 263214 'Spirits' top='Book'
[3170/11680] ok=3170 err=0 1.41/s | 264466 'Suzie' top='Coat'
checkpoint ok=3175 → data/qa/rekognition_community_enrich.csv
[3180/11680] ok=3180 err=0 1.41/s | 266163 'Beauty Evil Rose' top='Advertisement'
[3190/11680] ok=3190 err=0 1.41/s | 267399 'The Hole' top='Book'
[3200/11680] ok=3200 err=0 1.42/s | 268269 'Naprata' top='Advertisement'
checkpoint ok=3200 → data/qa/rekognition_community_enrich.csv
[3210/11680] ok=3210 err=0 1.41/s | 269136 'RoomMate' top='Face'
[3220/11680] ok=3220 err=0 1.42/s | 269479 'The Knight of the Night' top='Book'
checkpoint ok=3225 → data/qa/rekognition_community_enrich.csv
[3230/11680] ok=3230 err=0 1.40/s | 269844 'Aparichithan' top='Book'
[3240/11680] ok=3240 err=0 1.40/s | 270465 'Filth Eating Spirit Bites ' top='Book'
[3250/11680] ok=3250 err=0 1.40/s | 272617 'Mockingbird' top='Rock'
checkpoint ok=3250 → data/qa/rekognition_community_enrich.csv
[3260/11680] ok=3260 err=0 1.40/s | 273603 'Threesome' top='Advertisement'
[3270/11680] ok=3270 err=0 1.40/s | 274140 'Still 2' top='Advertisement'
checkpoint ok=3275 → data/qa/rekognition_community_enrich.csv
[3280/11680] ok=3280 err=0 1.40/s | 276624 'I Am a Hero' top='Advertisement'
[3290/11680] ok=3290 err=0 1.40/s | 278327 'Shake, Rattle & Roll III' top='Book'
[3300/11680] ok=3300 err=0 1.41/s | 279928 'Mortys' top='Nature'
checkpoint ok=3300 → data/qa/rekognition_community_enrich.csv
[3310/11680] ok=3310 err=0 1.41/s | 280931 'Misteri Jam 12 Kronik' top='Advertisement'
[3320/11680] ok=3320 err=0 1.41/s | 281933 'The Curse of Marialva' top='Altar'
checkpoint ok=3325 → data/qa/rekognition_community_enrich.csv
[3330/11680] ok=3330 err=0 1.41/s | 282391 'Fisheye' top='Book'
[3340/11680] ok=3340 err=0 1.41/s | 283556 'Numbalikdiwa' top='Blouse'
[3350/11680] ok=3350 err=0 1.42/s | 284893 'The Orgies of Dr. Orloff' top='Advertisement'
checkpoint ok=3350 → data/qa/rekognition_community_enrich.csv
[3360/11680] ok=3360 err=0 1.42/s | 285374 'Sannata' top='Book'
[3370/11680] ok=3370 err=0 1.42/s | 286387 'Scooby-Doo! and the Spooky' top='Book'
checkpoint ok=3375 → data/qa/rekognition_community_enrich.csv
[3380/11680] ok=3380 err=0 1.42/s | 287175 'Bunshinsaba 3' top='Book'
[3390/11680] ok=3390 err=0 1.43/s | 287779 'Troublesome Night 3' top='Book'
[3400/11680] ok=3400 err=0 1.43/s | 290281 'Believe it or Not' top='Book'
checkpoint ok=3400 → data/qa/rekognition_community_enrich.csv
[3410/11680] ok=3410 err=0 1.43/s | 291384 'Phantom of the Big Tent' top='Advertisement'
[3420/11680] ok=3420 err=0 1.44/s | 292238 'Horrible High Heels' top='Book'
checkpoint ok=3425 → data/qa/rekognition_community_enrich.csv
[3430/11680] ok=3430 err=0 1.44/s | 291783 'The Rooms' top='Advertisement'
[3440/11680] ok=3440 err=0 1.44/s | 293980 'Troublesome Night 5' top='Book'
[3450/11680] ok=3450 err=0 1.44/s | 295375 'Sreekrishna Parunthu' top='Person'
checkpoint ok=3450 → data/qa/rekognition_community_enrich.csv
[3460/11680] ok=3460 err=0 1.44/s | 295981 'Nasi Tangas' top='Book'
[3470/11680] ok=3470 err=0 1.44/s | 297275 'Everlasting Love' top='Envelope'
checkpoint ok=3475 → data/qa/rekognition_community_enrich.csv
[3480/11680] ok=3480 err=0 1.44/s | 298400 "T'yanak" top='Hand'
[3490/11680] ok=3490 err=0 1.45/s | 298978 'The Ghost Cat of Ouma Cros' top='Advertisement'
[3500/11680] ok=3500 err=0 1.45/s | 299447 'Ghost-Cat of Yonaki Swamp' top='Book'
checkpoint ok=3500 → data/qa/rekognition_community_enrich.csv
[3510/11680] ok=3510 err=0 1.45/s | 299625 'Ghost Story: Crying in the' top='Advertisement'
[3520/11680] ok=3520 err=0 1.46/s | 299637 'Masseur’s Curse' top='Advertisement'
checkpoint ok=3525 → data/qa/rekognition_community_enrich.csv
[3530/11680] ok=3530 err=0 1.45/s | 300146 'J-Horror Anthology: Legend' top='Book'
[3540/11680] ok=3540 err=0 1.45/s | 300980 'Scared Stiff' top='Advertisement'
[3550/11680] ok=3550 err=0 1.45/s | 301750 'Huwag Mong Buhayin ang Ban' top='Advertisement'
checkpoint ok=3550 → data/qa/rekognition_community_enrich.csv
[3560/11680] ok=3560 err=0 1.46/s | 302684 'The Source of Snakes' top='Advertisement'
[3570/11680] ok=3570 err=0 1.46/s | 303512 'The Seven Coffins' top='Book'
checkpoint ok=3575 → data/qa/rekognition_community_enrich.csv
[3580/11680] ok=3580 err=0 1.46/s | 303966 'Jadu Tona' top='Book'
[3590/11680] ok=3590 err=0 1.46/s | 306077 'Dead But Dreaming' top='Advertisement'
[3600/11680] ok=3600 err=0 1.47/s | 308037 'Vanadevatha' top='Advertisement'
checkpoint ok=3600 → data/qa/rekognition_community_enrich.csv
[3610/11680] ok=3610 err=0 1.47/s | 308704 'The Mysterious Death of Pé' top='Art'
[3620/11680] ok=3620 err=0 1.47/s | 311676 'Female Harakiri: Celebrati' top='Person'
checkpoint ok=3625 → data/qa/rekognition_community_enrich.csv
[3630/11680] ok=3630 err=0 1.47/s | 314225 'Spooky Kitaro' top='Book'
[3640/11680] ok=3640 err=0 1.48/s | 314542 'Parano' top='Advertisement'
[3650/11680] ok=3650 err=0 1.48/s | 315440 'The Return of Janda Kemban' top='Book'
checkpoint ok=3650 → data/qa/rekognition_community_enrich.csv
[3660/11680] ok=3660 err=0 1.48/s | 315776 'Feng Shui 2' top='Advertisement'
[3670/11680] ok=3670 err=0 1.49/s | 315921 'Maria - Nur die Nacht war ' top='Book'
checkpoint ok=3675 → data/qa/rekognition_community_enrich.csv
[3680/11680] ok=3680 err=0 1.49/s | 317275 'Zombinladen: The Axis of E' top='Advertisement'
[3690/11680] ok=3690 err=0 1.49/s | 318378 'Morbus' top='Advertisement'
[3700/11680] ok=3700 err=0 1.50/s | 318936 'Mga Daing sa Libingan' top='Book'
checkpoint ok=3700 → data/qa/rekognition_community_enrich.csv
[3710/11680] ok=3710 err=0 1.50/s | 320153 'Buddy BeBop vs. The Living' top='Guitar'
[3720/11680] ok=3720 err=0 1.50/s | 320904 'Abnormal Experience: The S' top='Book'
checkpoint ok=3725 → data/qa/rekognition_community_enrich.csv
[3730/11680] ok=3730 err=0 1.50/s | 321718 'The Devil and the Beauty' top='Book'
[3740/11680] ok=3740 err=0 1.51/s | 322048 'Remodelled Beauty' top='Book'
[3750/11680] ok=3750 err=0 1.51/s | 322436 'Millennial Reincarnation' top='Face'
checkpoint ok=3750 → data/qa/rekognition_community_enrich.csv
[3760/11680] ok=3760 err=0 1.51/s | 322528 'Mr. Zombie' top='Advertisement'
[3770/11680] ok=3770 err=0 1.52/s | 322593 'A Story of Two Sisters' top='Book'
checkpoint ok=3775 → data/qa/rekognition_community_enrich.csv
[3780/11680] ok=3780 err=0 1.52/s | 323030 'Khamoshiyan' top='Book'
[3790/11680] ok=3790 err=0 1.52/s | 324084 'Stray Dogs' top='Adult'
[3800/11680] ok=3800 err=0 1.53/s | 325989 'Hippocampus M 21th' top='Shoe'
checkpoint ok=3800 → data/qa/rekognition_community_enrich.csv
[3810/11680] ok=3810 err=0 1.53/s | 327544 'The Shutterbug Man' top='Text'
[3820/11680] ok=3820 err=0 1.53/s | 328940 'Nightmare 2' top='Advertisement'
checkpoint ok=3825 → data/qa/rekognition_community_enrich.csv
[3830/11680] ok=3830 err=0 1.53/s | 329824 'Ebola Zombies' top='City'
[3840/11680] ok=3840 err=0 1.54/s | 330222 'Sister LuLu' top='Face'
[3850/11680] ok=3850 err=0 1.54/s | 331236 'O Fim da Picada' top='Book'
checkpoint ok=3850 → data/qa/rekognition_community_enrich.csv
[3860/11680] ok=3860 err=0 1.54/s | 332171 'B14? 2' top='Accessories'
[3870/11680] ok=3870 err=0 1.55/s | 333432 'Mutilate' top='Text'
checkpoint ok=3875 → data/qa/rekognition_community_enrich.csv
[3880/11680] ok=3880 err=0 1.55/s | 333824 "Don't Hug Me I'm Scared 4" top='Advertisement'
[3890/11680] ok=3890 err=0 1.55/s | 335344 'Grandmothers Recharge Well' top='Face'
[3900/11680] ok=3900 err=0 1.56/s | 336357 'Domo' top='Advertisement'
checkpoint ok=3900 → data/qa/rekognition_community_enrich.csv
[3910/11680] ok=3910 err=0 1.56/s | 336906 'Shock: Evil Entertainment' top='Advertisement'
[3920/11680] ok=3920 err=0 1.56/s | 337719 'Possessed' top='Advertisement'
checkpoint ok=3925 → data/qa/rekognition_community_enrich.csv
[3930/11680] ok=3930 err=0 1.56/s | 338896 'The Curse of Doctor Wolffe' top='Advertisement'
[3940/11680] ok=3940 err=0 1.57/s | 339436 'La forêt des démons' top='Book'
[3950/11680] ok=3950 err=0 1.57/s | 340401 "Potato Salad: Don't Ask!" top='Book'
checkpoint ok=3950 → data/qa/rekognition_community_enrich.csv
[3960/11680] ok=3960 err=0 1.57/s | 341368 'Mumbai 125 KM' top='Advertisement'
[3970/11680] ok=3970 err=0 1.58/s | 341229 'The Legend of the Six Dyna' top='Advertisement'
checkpoint ok=3975 → data/qa/rekognition_community_enrich.csv
[3980/11680] ok=3980 err=0 1.58/s | 342847 'Interior. Familia' top='Advertisement'
[3990/11680] ok=3990 err=0 1.58/s | 344459 'Have Mercy' top='Book'
[4000/11680] ok=4000 err=0 1.59/s | 344742 'Rostro infernal' top='Book'
checkpoint ok=4000 → data/qa/rekognition_community_enrich.csv
[4010/11680] ok=4010 err=0 1.59/s | 346318 'Missing 44' top='Skirt'
[4020/11680] ok=4020 err=0 1.60/s | 347089 'The Vampire Sex Diaries' top='Costume'
checkpoint ok=4025 → data/qa/rekognition_community_enrich.csv
[4030/11680] ok=4030 err=0 1.60/s | 347946 'Ju-on: The Final Curse' top='Face'
[4040/11680] ok=4040 err=0 1.60/s | 348638 'Space Zombies' top='Adult'
[4050/11680] ok=4050 err=0 1.61/s | 349795 'Janara' top='Advertisement'
checkpoint ok=4050 → data/qa/rekognition_community_enrich.csv
[4060/11680] ok=4060 err=0 1.61/s | 350669 'Direct Trip to Hell' top='Book'
[4070/11680] ok=4070 err=0 1.61/s | 352111 'Guilt' top='Face'
checkpoint ok=4075 → data/qa/rekognition_community_enrich.csv
[4080/11680] ok=4080 err=0 1.61/s | 352675 'Pakalpooram' top='Photography'
[4090/11680] ok=4090 err=0 1.62/s | 353154 'Scary True Stories: Night ' top='Book'
[4100/11680] ok=4100 err=0 1.62/s | 354133 'Zombeak' top='Book'
checkpoint ok=4100 → data/qa/rekognition_community_enrich.csv
[4110/11680] ok=4110 err=0 1.62/s | 354406 'The Strange Mechanic' top='Book'
[4120/11680] ok=4120 err=0 1.63/s | 355202 'Missing 66' top='Costume'
checkpoint ok=4125 → data/qa/rekognition_community_enrich.csv
[4130/11680] ok=4130 err=0 1.63/s | 355963 'Zettai ni Kowai Shashin' top='Book'
[4140/11680] ok=4140 err=0 1.63/s | 356781 'Shadows of Savenville' top='Advertisement'
[4150/11680] ok=4150 err=0 1.63/s | 358547 'Enigma for the Devil' top='Book'
checkpoint ok=4150 → data/qa/rekognition_community_enrich.csv
[4160/11680] ok=4160 err=0 1.63/s | 359072 'Midnight Daisy' top='Art'
[4170/11680] ok=4170 err=0 1.63/s | 359429 'Kill Me Please' top='City'
checkpoint ok=4175 → data/qa/rekognition_community_enrich.csv
[4180/11680] ok=4180 err=0 1.63/s | 360118 'Ghost Coins' top='Book'
[4190/11680] ok=4190 err=0 1.64/s | 360700 'Phantom of the Toilet' top='Advertisement'
[4200/11680] ok=4200 err=0 1.64/s | 360940 'Mga Mata ni Angelita' top='Publication'
checkpoint ok=4200 → data/qa/rekognition_community_enrich.csv
[4210/11680] ok=4210 err=0 1.64/s | 362340 'In Shadows in the Mountain' top='Advertisement'
[4220/11680] ok=4220 err=0 1.64/s | 363335 'Raaz Reboot' top='Face'
checkpoint ok=4225 → data/qa/rekognition_community_enrich.csv
[4230/11680] ok=4230 err=0 1.63/s | 364189 'Jwanita' top='Face'
[4240/11680] ok=4240 err=0 1.64/s | 365068 'GARO -Gold Storm- Sho' top='Book'
[4250/11680] ok=4250 err=0 1.64/s | 365811 'Om Shanthi Om' top='Advertisement'
checkpoint ok=4250 → data/qa/rekognition_community_enrich.csv
[4260/11680] ok=4260 err=0 1.63/s | 366333 'Stay with Me' top='Advertisement'
[4270/11680] ok=4270 err=0 1.64/s | 366795 'House of the Frights' top='Advertisement'
checkpoint ok=4275 → data/qa/rekognition_community_enrich.csv
[4280/11680] ok=4280 err=0 1.64/s | 367953 'Fatal Obsession' top='Book'
[4290/11680] ok=4290 err=0 1.64/s | 368672 'The Musical Vampire' top='Advertisement'
[4300/11680] ok=4300 err=0 1.64/s | 369823 'Hello Naan Pei Pesuren' top='Advertisement'
checkpoint ok=4300 → data/qa/rekognition_community_enrich.csv
[4310/11680] ok=4310 err=0 1.64/s | 370067 'Vidayutham' top='Advertisement'
[4320/11680] ok=4320 err=0 1.65/s | 371238 'Blue Demon ver.2.0' top='Purple'
checkpoint ok=4325 → data/qa/rekognition_community_enrich.csv
[4330/11680] ok=4330 err=0 1.65/s | 371780 'Hidden Pleasures' top='Book'
[4340/11680] ok=4340 err=0 1.65/s | 372347 'Here, Freaks!' top='Book'
[4350/11680] ok=4350 err=0 1.66/s | 373663 'Sexo Profundo' top='Book'
checkpoint ok=4350 → data/qa/rekognition_community_enrich.csv
[4360/11680] ok=4360 err=0 1.66/s | 375170 'The Tag-Along' top='Fashion'
[4370/11680] ok=4370 err=0 1.66/s | 376042 'Katanas, yakuzas y cintas ' top='Advertisement'
checkpoint ok=4375 → data/qa/rekognition_community_enrich.csv
[4380/11680] ok=4380 err=0 1.66/s | 377765 'Maniac' top='Face'
[4390/11680] ok=4390 err=0 1.66/s | 378607 'The House' top='Advertisement'
[4400/11680] ok=4400 err=0 1.67/s | 378725 'Fuuin Eizou 11 - Tenjouura' top='Book'
checkpoint ok=4400 → data/qa/rekognition_community_enrich.csv
[4410/11680] ok=4410 err=0 1.67/s | 380667 'Blood Stains in a New Car' top='Advertisement'
[4420/11680] ok=4420 err=0 1.67/s | 381381 'Affair' top='Advertisement'
checkpoint ok=4425 → data/qa/rekognition_community_enrich.csv
[4430/11680] ok=4430 err=0 1.67/s | 382384 'The Stare' top='Face'
[4440/11680] ok=4440 err=0 1.68/s | 382915 'Night Stalker' top='Purple'
[4450/11680] ok=4450 err=0 1.68/s | 383530 'Kadokawa Mystery & Horror ' top='Book'
checkpoint ok=4450 → data/qa/rekognition_community_enrich.csv
[4460/11680] ok=4460 err=0 1.68/s | 383788 'Attack of the Lederhosen Z' top='Glove'
[4470/11680] ok=4470 err=0 1.68/s | 386021 'Kiss to Moonlight' top='Book'
checkpoint ok=4475 → data/qa/rekognition_community_enrich.csv
[4480/11680] ok=4480 err=0 1.68/s | 386298 'Hiena' top='Person'
[4490/11680] ok=4490 err=0 1.69/s | 387559 'Dead Stop' top='Person'
[4500/11680] ok=4500 err=0 1.69/s | 387862 'Palasik' top='Advertisement'
checkpoint ok=4500 → data/qa/rekognition_community_enrich.csv
[4510/11680] ok=4510 err=0 1.69/s | 388758 'Meurtres A Domicile' top='Advertisement'
[4520/11680] ok=4520 err=0 1.69/s | 389868 'Seoul Station' top='People'
checkpoint ok=4525 → data/qa/rekognition_community_enrich.csv
[4530/11680] ok=4530 err=0 1.69/s | 391529 'Jajo' top='Head'
[4540/11680] ok=4540 err=0 1.70/s | 392069 "Lañinbwil's Gift" top='Advertisement'
[4550/11680] ok=4550 err=0 1.70/s | 392787 'The Royal Tour' top='Advertisement'
checkpoint ok=4550 → data/qa/rekognition_community_enrich.csv
[4560/11680] ok=4560 err=0 1.70/s | 393495 'The River of Fables' top='Advertisement'
[4570/11680] ok=4570 err=0 1.70/s | 395678 'Virgin Blood on Honeymoon' top='Advertisement'
checkpoint ok=4575 → data/qa/rekognition_community_enrich.csv
[4580/11680] ok=4580 err=0 1.71/s | 396060 'Oo Lullabies' top='Book'
[4590/11680] ok=4590 err=0 1.71/s | 396960 'Untot - Kämpfer in der Lei' top='Book'
[4600/11680] ok=4600 err=0 1.71/s | 397658 'Ninjas' top='Cross'
checkpoint ok=4600 → data/qa/rekognition_community_enrich.csv
[4610/11680] ok=4610 err=0 1.71/s | 398536 'Thе Cursе оf Slееping Bеаu' top='Advertisement'
[4620/11680] ok=4620 err=0 1.72/s | 398925 'Reggaetón Zombie' top='Advertisement'
checkpoint ok=4625 → data/qa/rekognition_community_enrich.csv
[4630/11680] ok=4630 err=0 1.71/s | 399897 'The Legend of Siren XXX' top='Advertisement'
[4640/11680] ok=4640 err=0 1.72/s | 400479 'Ceberrut' top='Electronics'
[4650/11680] ok=4650 err=0 1.72/s | 400951 'The Virgin Corpse' top='Book'
checkpoint ok=4650 → data/qa/rekognition_community_enrich.csv
[4660/11680] ok=4660 err=0 1.72/s | 401714 'The Carnivore' top='Blackboard'
[4670/11680] ok=4670 err=0 1.73/s | 402063 'Ghost in the House' top='Head'
checkpoint ok=4675 → data/qa/rekognition_community_enrich.csv
[4680/11680] ok=4680 err=0 1.73/s | 403646 'Troublesome Night 8' top='Book'
[4690/11680] ok=4690 err=0 1.73/s | 403657 'Troublesome Night 16' top='Advertisement'
[4700/11680] ok=4700 err=0 1.74/s | 404713 'Downhill' top='Book'
checkpoint ok=4700 → data/qa/rekognition_community_enrich.csv
[4710/11680] ok=4710 err=0 1.74/s | 405039 'Snakes & Ladder' top='Advertisement'
[4720/11680] ok=4720 err=0 1.74/s | 405538 "The Serpent's Tale" top='Book'
checkpoint ok=4725 → data/qa/rekognition_community_enrich.csv
[4730/11680] ok=4730 err=0 1.74/s | 406585 'Geist' top='Photography'
[4740/11680] ok=4740 err=0 1.74/s | 407526 'Till Death Shall We Start' top='Book'
[4750/11680] ok=4750 err=0 1.75/s | 408548 'Nasciturus: Which Will Be ' top='Advertisement'
checkpoint ok=4750 → data/qa/rekognition_community_enrich.csv
[4760/11680] ok=4760 err=0 1.75/s | 409137 'The Precipice Game' top='Advertisement'
[4770/11680] ok=4770 err=0 1.75/s | 409489 'Singular Cay' top='Book'
checkpoint ok=4775 → data/qa/rekognition_community_enrich.csv
[4780/11680] ok=4780 err=0 1.73/s | 410991 'Merry Little Christmas' top='Advertisement'
[4790/11680] ok=4790 err=0 1.73/s | 411036 "Pretty Body: Frankenstein'" top='Book'
[4800/11680] ok=4800 err=0 1.74/s | 412574 'Bangkok 13 Muang Kon Tai' top='Advertisement'
checkpoint ok=4800 → data/qa/rekognition_community_enrich.csv
[4810/11680] ok=4810 err=0 1.73/s | 413492 'When Pen Ghost Meets Plate' top='Book'
[4820/11680] ok=4820 err=0 1.73/s | 413973 'El Zorro escarlata en la v' top='Book'
checkpoint ok=4825 → data/qa/rekognition_community_enrich.csv
[4830/11680] ok=4830 err=0 1.73/s | 415010 'Ravenous' top='Advertisement'
[4840/11680] ok=4840 err=0 1.73/s | 415403 'Gehrayee' top='Advertisement'
[4850/11680] ok=4850 err=0 1.74/s | 416497 'The Doll' top='Person'
checkpoint ok=4850 → data/qa/rekognition_community_enrich.csv
[4860/11680] ok=4860 err=0 1.74/s | 416919 'Tortured Soul 2' top='Advertisement'
[4870/11680] ok=4870 err=0 1.74/s | 417773 'Spook Train: Room One – Cu' top='Book'
checkpoint ok=4875 → data/qa/rekognition_community_enrich.csv
[4880/11680] ok=4880 err=0 1.74/s | 418819 'The Cursed House' top='Advertisement'
[4890/11680] ok=4890 err=0 1.75/s | 418849 'Neurosis' top='Advertisement'
[4900/11680] ok=4900 err=0 1.75/s | 419018 'Pearlies' top='Advertisement'
checkpoint ok=4900 → data/qa/rekognition_community_enrich.csv
[4910/11680] ok=4910 err=0 1.75/s | 419439 'Yudelmi' top='Advertisement'
[4920/11680] ok=4920 err=0 1.75/s | 419643 "Snake Queen's Love Story" top='Advertisement'
checkpoint ok=4925 → data/qa/rekognition_community_enrich.csv
[4930/11680] ok=4930 err=0 1.75/s | 419853 'Drakula Mantu' top='Advertisement'
[4940/11680] ok=4940 err=0 1.76/s | 420244 'Pocong Ghost' top='Adult'
[4950/11680] ok=4950 err=0 1.76/s | 420449 'Wake Up to Kill' top='Advertisement'
checkpoint ok=4950 → data/qa/rekognition_community_enrich.csv
[4960/11680] ok=4960 err=0 1.76/s | 420950 'Alone' top='Coat'
[4970/11680] ok=4970 err=0 1.76/s | 421170 'Midnight Shade' top='Advertisement'
checkpoint ok=4975 → data/qa/rekognition_community_enrich.csv
[4980/11680] ok=4980 err=0 1.76/s | 421352 'The House of Pop 4' top='Advertisement'
[4990/11680] ok=4990 err=0 1.77/s | 421504 'Ghost Is All Around' top='Book'
[5000/11680] ok=5000 err=0 1.77/s | 421972 'Desnudarse y morir' top='Publication'
checkpoint ok=5000 → data/qa/rekognition_community_enrich.csv
[5010/11680] ok=5010 err=0 1.77/s | 422156 'Satanic Sect: Messenger of' top='Book'
[5020/11680] ok=5020 err=0 1.77/s | 422219 'Panic in the Mountain' top='Book'
checkpoint ok=5025 → data/qa/rekognition_community_enrich.csv
[5030/11680] ok=5030 err=0 1.77/s | 422309 'One More Step' top='Book'
[5040/11680] ok=5040 err=0 1.77/s | 422335 'Panic in the Forest' top='Book'
[5050/11680] ok=5050 err=0 1.78/s | 422692 'Hard Times for Dracula' top='Advertisement'
checkpoint ok=5050 → data/qa/rekognition_community_enrich.csv
[5060/11680] ok=5060 err=0 1.77/s | 422336 'Mi fantasma y yo' top='Advertisement'
[5070/11680] ok=5070 err=0 1.77/s | 423061 'Pact with the Devil' top='Book'
checkpoint ok=5075 → data/qa/rekognition_community_enrich.csv
[5080/11680] ok=5080 err=0 1.77/s | 423037 'Fatal Chase' top='Book'
[5090/11680] ok=5090 err=0 1.78/s | 424003 'Golden Doll' top='Advertisement'
[5100/11680] ok=5100 err=0 1.78/s | 424302 'Dracula, a Love Story' top='Coat'
checkpoint ok=5100 → data/qa/rekognition_community_enrich.csv
[5110/11680] ok=5110 err=0 1.78/s | 425835 'Dagim' top='Face'
[5120/11680] ok=5120 err=0 1.78/s | 425875 'Kuşku' top='Adult'
checkpoint ok=5125 → data/qa/rekognition_community_enrich.csv
[5130/11680] ok=5130 err=0 1.78/s | 426517 'International Necktie Stra' top='Purple'
[5140/11680] ok=5140 err=0 1.78/s | 428364 'Banyo Queen' top='Publication'
[5150/11680] ok=5150 err=0 1.78/s | 428942 'Hunger of the Dead' top='Advertisement'
checkpoint ok=5150 → data/qa/rekognition_community_enrich.csv
[5160/11680] ok=5160 err=0 1.78/s | 430333 'Ame Onna' top='Advertisement'
[5170/11680] ok=5170 err=0 1.79/s | 432916 'The Ghost Photo Club' top='Skirt'
checkpoint ok=5175 → data/qa/rekognition_community_enrich.csv
[5180/11680] ok=5180 err=0 1.78/s | 433640 'Corpse Party: Book Of Shad' top='Book'
[5190/11680] ok=5190 err=0 1.79/s | 435040 'School Tales' top='Book'
[5200/11680] ok=5200 err=0 1.79/s | 435977 'The Edgar Allan Poe Syndro' top='Advertisement'
checkpoint ok=5200 → data/qa/rekognition_community_enrich.csv
[5210/11680] ok=5210 err=0 1.79/s | 436808 '' top='Book'
[5220/11680] ok=5220 err=0 1.79/s | 437964 'Fuuin Sareta Shinrei Shash' top='Advertisement'
checkpoint ok=5225 → data/qa/rekognition_community_enrich.csv
[5230/11680] ok=5230 err=0 1.79/s | 438451 'Flames of Royal Love' top='Book'
[5240/11680] ok=5240 err=0 1.79/s | 439917 'Devil Medusa' top='Book'
[5250/11680] ok=5250 err=0 1.80/s | 441058 'Sixth Sense' top='Advertisement'
checkpoint ok=5250 → data/qa/rekognition_community_enrich.csv
[5260/11680] ok=5260 err=0 1.80/s | 441701 'Veronica' top='Head'
[5270/11680] ok=5270 err=0 1.80/s | 440303 'La Ballade de la féconduct' top='Advertisement'
checkpoint ok=5275 → data/qa/rekognition_community_enrich.csv
[5280/11680] ok=5280 err=0 1.80/s | 442018 'Less Than Human' top='T-Shirt'
[5290/11680] ok=5290 err=0 1.81/s | 443151 'Crocodile Man 2' top='Advertisement'
[5300/11680] ok=5300 err=0 1.81/s | 444628 'Dr. Jekyll and Mr. Hyde' top='Advertisement'
checkpoint ok=5300 → data/qa/rekognition_community_enrich.csv
[5310/11680] ok=5310 err=0 1.81/s | 444663 'Debbie Does Damnation' top='Book'
[5320/11680] ok=5320 err=0 1.81/s | 445893 'Kubler Ross' top='Adult'
checkpoint ok=5325 → data/qa/rekognition_community_enrich.csv
[5330/11680] ok=5330 err=0 1.81/s | 446450 'Bring Back the Dead' top='Book'
[5340/11680] ok=5340 err=0 1.82/s | 447242 'Devil of Rape' top='Book'
[5350/11680] ok=5350 err=0 1.82/s | 447717 'Behind the Storm' top='Advertisement'
checkpoint ok=5350 → data/qa/rekognition_community_enrich.csv
[5360/11680] ok=5360 err=0 1.82/s | 447813 'Face to Face' top='Book'
[5370/11680] ok=5370 err=0 1.82/s | 447952 'The Sleep Curse' top='Book'
checkpoint ok=5375 → data/qa/rekognition_community_enrich.csv
[5380/11680] ok=5380 err=0 1.82/s | 447884 'Mae Nak: Reckless Love' top='Book'
[5390/11680] ok=5390 err=0 1.83/s | 448425 'Phaya Kapi' top='Animal'
[5400/11680] ok=5400 err=0 1.83/s | 448651 'Twilight Zone Cops: Ghost ' top='Book'
checkpoint ok=5400 → data/qa/rekognition_community_enrich.csv
[5410/11680] ok=5410 err=0 1.83/s | 448961 'Ghost Zombie' top='T-Shirt'
[5420/11680] ok=5420 err=0 1.84/s | 450445 'Spirit vs. Zombie' top='Book'
checkpoint ok=5425 → data/qa/rekognition_community_enrich.csv
[5430/11680] ok=5430 err=0 1.84/s | 450637 'Bliss' top='Face'
[5440/11680] ok=5440 err=0 1.84/s | 450999 'Spooky Kitaro: Japan Explo' top='Book'
[5450/11680] ok=5450 err=0 1.84/s | 451194 'The Crossing' top='Advertisement'
checkpoint ok=5450 → data/qa/rekognition_community_enrich.csv
[5460/11680] ok=5460 err=0 1.84/s | 451753 'La caravane du cafard' top='Advertisement'
[5470/11680] ok=5470 err=0 1.85/s | 451908 'Toilet Hanako-san: Secret ' top='Book'
checkpoint ok=5475 → data/qa/rekognition_community_enrich.csv
[5480/11680] ok=5480 err=0 1.85/s | 453756 'Hantu Nancy' top='Advertisement'
[5490/11680] ok=5490 err=0 1.85/s | 453796 'Rumah Kosong' top='Book'
[5500/11680] ok=5500 err=0 1.86/s | 456049 'Miss Mishima' top='Sword'
checkpoint ok=5500 → data/qa/rekognition_community_enrich.csv
[5510/11680] ok=5510 err=0 1.86/s | 455948 'Oops!! Ada Vampir' top='Advertisement'
[5520/11680] ok=5520 err=0 1.86/s | 457061 'Massagist' top='Book'
checkpoint ok=5525 → data/qa/rekognition_community_enrich.csv
[5530/11680] ok=5530 err=0 1.86/s | 457830 'Switch' top='Advertisement'
[5540/11680] ok=5540 err=0 1.86/s | 458505 'The Boarded Window' top='Advertisement'
[5550/11680] ok=5550 err=0 1.87/s | 459377 'Echcharikkai' top='Advertisement'
checkpoint ok=5550 → data/qa/rekognition_community_enrich.csv
[5560/11680] ok=5560 err=0 1.87/s | 460456 'Andhhagadu' top='Head'
[5570/11680] ok=5570 err=0 1.87/s | 461027 'Jailangkung' top='Advertisement'
checkpoint ok=5575 → data/qa/rekognition_community_enrich.csv
[5580/11680] ok=5580 err=0 1.87/s | 462055 "Orazio's Clan" top='Advertisement'
[5590/11680] ok=5590 err=0 1.88/s | 462489 'NO LITTERING' top='Advertisement'
[5600/11680] ok=5600 err=0 1.88/s | 463532 'Raktharakshassu' top='Vegetation'
checkpoint ok=5600 → data/qa/rekognition_community_enrich.csv
[5610/11680] ok=5610 err=0 1.88/s | 464805 'Narcosatánicos Diabólicos' top='Advertisement'
[5620/11680] ok=5620 err=0 1.88/s | 465316 'Shop of Eternal Life' top='Book'
checkpoint ok=5625 → data/qa/rekognition_community_enrich.csv
[5630/11680] ok=5630 err=0 1.89/s | 465840 'Tomio' top='Face'
[5640/11680] ok=5640 err=0 1.89/s | 466939 'Daikaiju Eiga G' top='Person'
[5650/11680] ok=5650 err=0 1.89/s | 468014 'Mythily Veendum Varunnu...' top='Book'
checkpoint ok=5650 → data/qa/rekognition_community_enrich.csv
[5660/11680] ok=5660 err=0 1.89/s | 468904 'The Wicked Gift' top='Advertisement'
[5670/11680] ok=5670 err=0 1.89/s | 469867 'A Caverna' top='Lighting'
checkpoint ok=5675 → data/qa/rekognition_community_enrich.csv
[5680/11680] ok=5680 err=0 1.89/s | 470713 'Zombie Mayhem' top='Advertisement'
[5690/11680] ok=5690 err=0 1.90/s | 471469 'Anando Brahma' top='Advertisement'
[5700/11680] ok=5700 err=0 1.90/s | 471918 'Death Academy' top='Book'
checkpoint ok=5700 → data/qa/rekognition_community_enrich.csv
[5710/11680] ok=5710 err=0 1.90/s | 472258 'A Grave for Jimmy' top='Book'
[5720/11680] ok=5720 err=0 1.90/s | 473574 'Arwah Kuntilanak Duyung' top='Book'
checkpoint ok=5725 → data/qa/rekognition_community_enrich.csv
[5730/11680] ok=5730 err=0 1.90/s | 475249 'Christmas Blood' top='Book'
[5740/11680] ok=5740 err=0 1.91/s | 475899 'Winston' top='Nature'
[5750/11680] ok=5750 err=0 1.91/s | 476839 'Sabath' top='Book'
checkpoint ok=5750 → data/qa/rekognition_community_enrich.csv
[5760/11680] ok=5760 err=0 1.91/s | 477187 'The Inhabitant' top='Advertisement'
[5770/11680] ok=5770 err=0 1.91/s | 477467 'Depois do Silêncio' top='Advertisement'
checkpoint ok=5775 → data/qa/rekognition_community_enrich.csv
[5780/11680] ok=5780 err=0 1.91/s | 478954 "The Devil's Skin" top='Person'
[5790/11680] ok=5790 err=0 1.92/s | 480007 'The 3rd Eye' top='Face'
[5800/11680] ok=5800 err=0 1.92/s | 480478 'Khooni Mahal' top='Advertisement'
checkpoint ok=5800 → data/qa/rekognition_community_enrich.csv
[5810/11680] ok=5810 err=0 1.92/s | 481564 'Mihrez: Cin Padişahı' top='Book'
[5820/11680] ok=5820 err=0 1.92/s | 482203 'Ghutan' top='Advertisement'
checkpoint ok=5825 → data/qa/rekognition_community_enrich.csv
[5830/11680] ok=5830 err=0 1.92/s | 482242 'Stranger from Hell' top='Book'
[5840/11680] ok=5840 err=0 1.93/s | 482431 'The Woman Who Eats People' top='Book'
[5850/11680] ok=5850 err=0 1.93/s | 482916 'Beauty Head of the Haunted' top='Advertisement'
checkpoint ok=5850 → data/qa/rekognition_community_enrich.csv
[5860/11680] ok=5860 err=0 1.93/s | 483077 'Hua Shin Juanq Daw Goei' top='Advertisement'
[5870/11680] ok=5870 err=0 1.94/s | 483620 'Filippa' top='Book'
checkpoint ok=5875 → data/qa/rekognition_community_enrich.csv
[5880/11680] ok=5880 err=0 1.94/s | 484237 'Tuftland' top='Advertisement'
[5890/11680] ok=5890 err=0 1.94/s | 484290 'Always Be with You' top='Advertisement'
[5900/11680] ok=5900 err=0 1.94/s | 485112 'Footsteps in the Fog' top='Advertisement'
checkpoint ok=5900 → data/qa/rekognition_community_enrich.csv
[5910/11680] ok=5910 err=0 1.94/s | 486574 'In The Land Of Milk And Ho' top='Nature'
[5920/11680] ok=5920 err=0 1.95/s | 486921 'A Noite Mais Longa de Minh' top='Book'
checkpoint ok=5925 → data/qa/rekognition_community_enrich.csv
[5930/11680] ok=5930 err=0 1.95/s | 488350 'The Antithesis' top='Book'
[5940/11680] ok=5940 err=0 1.95/s | 488539 'Trip Ubusan: The Lolas vs ' top='Advertisement'
[5950/11680] ok=5950 err=0 1.95/s | 489584 'Bestia' top='Advertisement'
checkpoint ok=5950 → data/qa/rekognition_community_enrich.csv
[5960/11680] ok=5960 err=0 1.95/s | 490368 'Azem 1 : Cin Karası' top='Book'
[5970/11680] ok=5970 err=0 1.96/s | 491694 'The Return of the Monster' top='Photography'
checkpoint ok=5975 → data/qa/rekognition_community_enrich.csv
[5980/11680] ok=5980 err=0 1.96/s | 492281 'Yakshiyum Njanum' top='Advertisement'
[5990/11680] ok=5990 err=0 1.96/s | 493602 'Badhshala' top='Advertisement'
[6000/11680] ok=6000 err=0 1.96/s | 494711 'A Christmas Carol in Gore:' top='Book'
checkpoint ok=6000 → data/qa/rekognition_community_enrich.csv
[6010/11680] ok=6010 err=0 1.96/s | 495403 'When the Darkness Comes' top='Advertisement'
[6020/11680] ok=6020 err=0 1.97/s | 496067 'Lentera Merah' top='Lamp'
checkpoint ok=6025 → data/qa/rekognition_community_enrich.csv
[6030/11680] ok=6030 err=0 1.97/s | 496462 'Maut Ki Raat' top='Book'
[6040/11680] ok=6040 err=0 1.97/s | 496619 'Blood Red Sandman' top='Book'
[6050/11680] ok=6050 err=0 1.97/s | 496874 'My Dead Ones' top='Person'
checkpoint ok=6050 → data/qa/rekognition_community_enrich.csv
[6060/11680] ok=6060 err=0 1.97/s | 497090 'Premika' top='Microphone'
[6070/11680] ok=6070 err=0 1.98/s | 499731 'Virana' top='Advertisement'
checkpoint ok=6075 → data/qa/rekognition_community_enrich.csv
[6080/11680] ok=6080 err=0 1.98/s | 500064 'Dafan' top='Advertisement'
[6090/11680] ok=6090 err=0 1.98/s | 500915 'Werewolf' top='Vegetation'
[6100/11680] ok=6100 err=0 1.98/s | 503345 'Nini Thowok' top='Face'
checkpoint ok=6100 → data/qa/rekognition_community_enrich.csv
[6110/11680] ok=6110 err=0 1.98/s | 504655 'The Archive' top='Glasses'
[6120/11680] ok=6120 err=0 1.99/s | 506600 'Deadly Still' top='Book'
checkpoint ok=6125 → data/qa/rekognition_community_enrich.csv
[6130/11680] ok=6130 err=0 1.98/s | 507489 'Anti-Pervert Manual' top='Art'
[6140/11680] ok=6140 err=0 1.99/s | 508509 'Last Act' top='Book'
[6150/11680] ok=6150 err=0 1.99/s | 509856 'Morok' top='Book'
checkpoint ok=6150 → data/qa/rekognition_community_enrich.csv
[6160/11680] ok=6160 err=0 1.98/s | 510840 'Bloody Dracula' top='Publication'
[6170/11680] ok=6170 err=0 1.99/s | 512503 'The Dead, The Flesh, and T' top='Book'
checkpoint ok=6175 → data/qa/rekognition_community_enrich.csv
[6180/11680] ok=6180 err=0 1.98/s | 513405 "I Can't Breathe" top='Art'
[6190/11680] ok=6190 err=0 1.98/s | 514653 'Menhir' top='Plant'
[6200/11680] ok=6200 err=0 1.98/s | 515627 'C.L.A.Y.' top='Alien'
checkpoint ok=6200 → data/qa/rekognition_community_enrich.csv
[6210/11680] ok=6210 err=0 1.98/s | 516163 'Bloody Night' top='Book'
[6220/11680] ok=6220 err=0 1.99/s | 517320 'The Pact' top='Advertisement'
checkpoint ok=6225 → data/qa/rekognition_community_enrich.csv
[6230/11680] ok=6230 err=0 1.99/s | 518444 'The Vicar' top='Face'
[6240/11680] ok=6240 err=0 1.99/s | 519319 'Kalung Jelangkung' top='Advertisement'
[6250/11680] ok=6250 err=0 1.99/s | 519757 'Hikiko-san vs. Sadako' top='Book'
checkpoint ok=6250 → data/qa/rekognition_community_enrich.csv
[6260/11680] ok=6260 err=0 1.99/s | 520714 'Pocong Jalan Blora' top='Advertisement'
[6270/11680] ok=6270 err=0 2.00/s | 521390 'Soorya Kireedam' top='Advertisement'
checkpoint ok=6275 → data/qa/rekognition_community_enrich.csv
[6280/11680] ok=6280 err=0 1.99/s | 522134 'Anaphora' top='Advertisement'
[6290/11680] ok=6290 err=0 1.99/s | 522769 'Soul of the Magical Child' top='Advertisement'
[6300/11680] ok=6300 err=0 2.00/s | 523856 'The Redneck Against the De' top='Advertisement'
checkpoint ok=6300 → data/qa/rekognition_community_enrich.csv
[6310/11680] ok=6310 err=0 1.99/s | 524104 'Toby Dammit' top='Advertisement'
[6320/11680] ok=6320 err=0 1.99/s | 524540 'Crying Bitch' top='Advertisement'
checkpoint ok=6325 → data/qa/rekognition_community_enrich.csv
[6330/11680] ok=6330 err=0 1.99/s | 525693 'Soul Killer' top='Book'
[6340/11680] ok=6340 err=0 2.00/s | 526291 'Bariku Light' top='Advertisement'
[6350/11680] ok=6350 err=0 2.00/s | 527168 'Buscando la Película Perdi' top='Book'
checkpoint ok=6350 → data/qa/rekognition_community_enrich.csv
[6360/11680] ok=6360 err=0 2.00/s | 527780 'Bag' top='Art'
[6370/11680] ok=6370 err=0 2.00/s | 528308 'Stomach Ulcer - Es kam vom' top='Book'
checkpoint ok=6375 → data/qa/rekognition_community_enrich.csv
[6380/11680] ok=6380 err=0 2.00/s | 528330 'Das Weststadt Massaker' top='Advertisement'
[6390/11680] ok=6390 err=0 2.01/s | 528882 'Darkness Between Us' top='Hood'
[6400/11680] ok=6400 err=0 2.01/s | 529497 'Sessiz Ol' top='Book'
checkpoint ok=6400 → data/qa/rekognition_community_enrich.csv
[6410/11680] ok=6410 err=0 2.01/s | 531492 'Rasuk' top='Vegetation'
[6420/11680] ok=6420 err=0 2.01/s | 531807 'Mr. Zombie 2' top='Book'
checkpoint ok=6425 → data/qa/rekognition_community_enrich.csv
[6430/11680] ok=6430 err=0 2.01/s | 533130 'I Dance on Your Grave' top='Advertisement'
[6440/11680] ok=6440 err=0 2.01/s | 533366 'Love and Blood Stains' top='Book'
[6450/11680] ok=6450 err=0 2.02/s | 534515 'Calamity of a Zombie Girl' top='Book'
checkpoint ok=6450 → data/qa/rekognition_community_enrich.csv
[6460/11680] ok=6460 err=0 2.02/s | 535524 'Lost' top='Book'
[6470/11680] ok=6470 err=0 2.02/s | 535930 '1990 botan-dôrô' top='Advertisement'
checkpoint ok=6475 → data/qa/rekognition_community_enrich.csv
[6480/11680] ok=6480 err=0 2.02/s | 537202 'Follower' top='Advertisement'
[6490/11680] ok=6490 err=0 2.02/s | 538126 'Lupt' top='Book'
[6500/11680] ok=6500 err=0 2.03/s | 539288 'Juliet in Paris' top='Face'
checkpoint ok=6500 → data/qa/rekognition_community_enrich.csv
[6510/11680] ok=6510 err=0 2.03/s | 540586 'Zerch' top='Advertisement'
[6520/11680] ok=6520 err=0 2.03/s | 539984 'Cumade Fulozinha' top='People'
checkpoint ok=6525 → data/qa/rekognition_community_enrich.csv
[6530/11680] ok=6530 err=0 2.03/s | 542309 'Poconggg Juga Pocong' top='Nature'
[6540/11680] ok=6540 err=0 2.03/s | 543393 'Gacha Gacha' top='Advertisement'
[6550/11680] ok=6550 err=0 2.04/s | 544220 'Demona' top='Book'
checkpoint ok=6550 → data/qa/rekognition_community_enrich.csv
[6560/11680] ok=6560 err=0 2.04/s | 545148 'Kinder der Nacht' top='Advertisement'
[6570/11680] ok=6570 err=0 2.04/s | 545914 'Sunscapades' top='Advertisement'
checkpoint ok=6575 → data/qa/rekognition_community_enrich.csv
[6580/11680] ok=6580 err=0 2.04/s | 546629 'Judas' top='Advertisement'
[6590/11680] ok=6590 err=0 2.04/s | 546664 'The Sack Man' top='Advertisement'
[6600/11680] ok=6600 err=0 2.05/s | 547770 'Vampire Night' top='Advertisement'
checkpoint ok=6600 → data/qa/rekognition_community_enrich.csv
[6610/11680] ok=6610 err=0 2.05/s | 548784 'Hell Girl' top='Book'
[6620/11680] ok=6620 err=0 2.05/s | 550300 'Elfen Lied Special' top='Book'
checkpoint ok=6625 → data/qa/rekognition_community_enrich.csv
[6630/11680] ok=6630 err=0 2.05/s | 550735 'Gates of Hell, Zurich' top='Face'
[6640/11680] ok=6640 err=0 2.05/s | 551619 'The Dancing Spirit of Kara' top='Book'
[6650/11680] ok=6650 err=0 2.06/s | 552264 'Folklore: Pob' top='Face'
checkpoint ok=6650 → data/qa/rekognition_community_enrich.csv
[6660/11680] ok=6660 err=0 2.06/s | 552790 'Langsuir' top='Advertisement'
[6670/11680] ok=6670 err=0 2.06/s | 553403 '9 Steps' top='Advertisement'
checkpoint ok=6675 → data/qa/rekognition_community_enrich.csv
[6680/11680] ok=6680 err=0 2.06/s | 554423 'Pelukan Janda Hantu Gerond' top='Book'
[6690/11680] ok=6690 err=0 2.07/s | 555407 'Home' top='Logo'
[6700/11680] ok=6700 err=0 2.07/s | 556463 'Anemia' top='Coat'
checkpoint ok=6700 → data/qa/rekognition_community_enrich.csv
[6710/11680] ok=6710 err=0 2.07/s | 557035 'Mouras' top='Vegetation'
[6720/11680] ok=6720 err=0 2.07/s | 559017 'Иччи' top='Face'
checkpoint ok=6725 → data/qa/rekognition_community_enrich.csv
[6730/11680] ok=6730 err=0 2.07/s | 560128 'Midway - Between Life and ' top='Advertisement'
[6740/11680] ok=6740 err=0 2.08/s | 561259 'SUPER Horrifying Story 2' top='Advertisement'
[6750/11680] ok=6750 err=0 2.08/s | 561880 'Dihantui Guna Guna' top='Advertisement'
checkpoint ok=6750 → data/qa/rekognition_community_enrich.csv
[6760/11680] ok=6760 err=0 2.08/s | 563781 'The Psychics' top='Photography'
[6770/11680] ok=6770 err=0 2.08/s | 565062 'Infinite Flesh' top='Publication'
checkpoint ok=6775 → data/qa/rekognition_community_enrich.csv
[6780/11680] ok=6780 err=0 2.09/s | 565731 'Kongkreto' top='Outdoors'
[6790/11680] ok=6790 err=0 2.09/s | 566450 'Devil Run' top='Face'
[6800/11680] ok=6800 err=0 2.09/s | 567256 'Shatan' top='Finger'
checkpoint ok=6800 → data/qa/rekognition_community_enrich.csv
[6810/11680] ok=6810 err=0 2.09/s | 568027 'Tanggal 13' top='Advertisement'
[6820/11680] ok=6820 err=0 2.09/s | 568282 'Transrexia' top='Chess'
checkpoint ok=6825 → data/qa/rekognition_community_enrich.csv
[6830/11680] ok=6830 err=0 2.10/s | 569095 'Ms. Claus' top='Nature'
[6840/11680] ok=6840 err=0 2.10/s | 569888 'The Predator Holiday Speci' top='Book'
[6850/11680] ok=6850 err=0 2.10/s | 570882 'Monoroi' top='Book'
checkpoint ok=6850 → data/qa/rekognition_community_enrich.csv
[6860/11680] ok=6860 err=0 2.10/s | 571931 'Blood' top='Face'
[6870/11680] ok=6870 err=0 2.10/s | 572446 'At Dawn' top='Advertisement'
checkpoint ok=6875 → data/qa/rekognition_community_enrich.csv
[6880/11680] ok=6880 err=0 2.10/s | 573475 'Spooky Kitaro: Ghost Night' top='Book'
[6890/11680] ok=6890 err=0 2.11/s | 573996 'M III: Century of the Dead' top='Advertisement'
[6900/11680] ok=6900 err=0 2.11/s | 575532 "Blade Killer - L'inferno d" top='Book'
checkpoint ok=6900 → data/qa/rekognition_community_enrich.csv
[6910/11680] ok=6910 err=0 2.11/s | 576174 'Easy Virtue' top='Publication'
[6920/11680] ok=6920 err=0 2.11/s | 578042 '13 Cara Memanggil Setan' top='Advertisement'
checkpoint ok=6925 → data/qa/rekognition_community_enrich.csv
[6930/11680] ok=6930 err=0 2.11/s | 578180 'Midnight' top='Pants'
[6940/11680] ok=6940 err=0 2.12/s | 578854 'Satu Suro' top='Adult'
[6950/11680] ok=6950 err=0 2.12/s | 579417 'Dhilluku Dhuddu 2' top='Electronics'
checkpoint ok=6950 → data/qa/rekognition_community_enrich.csv
[6960/11680] ok=6960 err=0 2.12/s | 580811 'Naani' top='Advertisement'
[6970/11680] ok=6970 err=0 2.12/s | 582883 'Deerskin' top='Book'
checkpoint ok=6975 → data/qa/rekognition_community_enrich.csv
[6980/11680] ok=6980 err=0 2.12/s | 583132 'Sadako' top='Face'
[6990/11680] ok=6990 err=0 2.13/s | 584561 'The Sacred Riana: Beginnin' top='Adult'
[7000/11680] ok=7000 err=0 2.13/s | 585246 'Vazhiye' top='Vegetation'
checkpoint ok=7000 → data/qa/rekognition_community_enrich.csv
[7010/11680] ok=7010 err=0 2.13/s | 586467 'Rakkhosh' top='Advertisement'
[7020/11680] ok=7020 err=0 2.13/s | 587204 'IPC 376' top='Head'
checkpoint ok=7025 → data/qa/rekognition_community_enrich.csv
[7030/11680] ok=7030 err=0 2.13/s | 588447 'Susuk Nyi Roro Kidul' top='Book'
[7040/11680] ok=7040 err=0 2.14/s | 588860 'We Are Going into the Wood' top='Advertisement'
[7050/11680] ok=7050 err=0 2.14/s | 589412 'Hoyto Manush Noy' top='Advertisement'
checkpoint ok=7050 → data/qa/rekognition_community_enrich.csv
[7060/11680] ok=7060 err=0 2.14/s | 590527 'Jairo’s Revenge' top='Tripod'
[7070/11680] ok=7070 err=0 2.14/s | 591903 'Mimicry Freaks' top='Advertisement'
checkpoint ok=7075 → data/qa/rekognition_community_enrich.csv
[7080/11680] ok=7080 err=0 2.14/s | 592452 'Bloody Chainsaw Girl Retur' top='Advertisement'
[7090/11680] ok=7090 err=0 2.15/s | 594544 'The Rose Strangler' top='Advertisement'
[7100/11680] ok=7100 err=0 2.15/s | 596352 'The Presence' top='Advertisement'
checkpoint ok=7100 → data/qa/rekognition_community_enrich.csv
[7110/11680] ok=7110 err=0 2.15/s | 598293 'Tales of the Bizarre: 2008' top='Book'
[7120/11680] ok=7120 err=0 2.15/s | 599139 '12 Deep Red Nights' top='City'
checkpoint ok=7125 → data/qa/rekognition_community_enrich.csv
[7130/11680] ok=7130 err=0 2.16/s | 600184 'The Nest' top='Art'
[7140/11680] ok=7140 err=0 2.16/s | 601966 'Scratches' top='Book'
[7150/11680] ok=7150 err=0 2.16/s | 602580 'Tales of Terror from Tokyo' top='Advertisement'
checkpoint ok=7150 → data/qa/rekognition_community_enrich.csv
[7160/11680] ok=7160 err=0 2.16/s | 603485 'Death Blog' top='Accessories'
[7170/11680] ok=7170 err=0 2.17/s | 603961 'Mortal Ouija' top='Advertisement'
checkpoint ok=7175 → data/qa/rekognition_community_enrich.csv
[7180/11680] ok=7180 err=0 2.17/s | 605373 'The Influence' top='Accessories'
[7190/11680] ok=7190 err=0 2.17/s | 606782 'Musabbar' top='Advertisement'
[7200/11680] ok=7200 err=0 2.17/s | 607365 'Kandisha' top='Book'
checkpoint ok=7200 → data/qa/rekognition_community_enrich.csv
[7210/11680] ok=7210 err=0 2.18/s | 608333 'Clarita' top='Book'
[7220/11680] ok=7220 err=0 2.18/s | 609674 'Spirit Behind the Door' top='Book'
checkpoint ok=7225 → data/qa/rekognition_community_enrich.csv
[7230/11680] ok=7230 err=0 2.18/s | 610217 'La piedad' top='Text'
[7240/11680] ok=7240 err=0 2.18/s | 611080 'Lampor: The Flying Casket' top='Vegetation'
[7250/11680] ok=7250 err=0 2.19/s | 611652 'Stare' top='Book'
checkpoint ok=7250 → data/qa/rekognition_community_enrich.csv
[7260/11680] ok=7260 err=0 2.19/s | 612882 'Lake of Death' top='Water'
[7270/11680] ok=7270 err=0 2.19/s | 613422 'Disciple' top='Head'
checkpoint ok=7275 → data/qa/rekognition_community_enrich.csv
[7280/11680] ok=7280 err=0 2.19/s | 614965 'Cin Deresi: Müsfer' top='Advertisement'
[7290/11680] ok=7290 err=0 2.19/s | 616040 'Pustaka' top='Book'
[7300/11680] ok=7300 err=0 2.20/s | 616347 'Guest' top='Outdoors'
checkpoint ok=7300 → data/qa/rekognition_community_enrich.csv
[7310/11680] ok=7310 err=0 2.20/s | 618423 'Master of Four Eyes' top='Advertisement'
[7320/11680] ok=7320 err=0 2.20/s | 619522 'Dead Teenager Séance' top='Advertisement'
checkpoint ok=7325 → data/qa/rekognition_community_enrich.csv
[7330/11680] ok=7330 err=0 2.20/s | 620570 'Kembalinya Anak Iblis' top='Vegetation'
[7340/11680] ok=7340 err=0 2.20/s | 622714 'Açougueiros' top='Smoke Pipe'
[7350/11680] ok=7350 err=0 2.21/s | 623676 'Lorong' top='Coat'
checkpoint ok=7350 → data/qa/rekognition_community_enrich.csv
[7360/11680] ok=7360 err=0 2.21/s | 624629 'The Pit' top='Advertisement'
[7370/11680] ok=7370 err=0 2.21/s | 626481 'Stories of the Dead' top='Advertisement'
checkpoint ok=7375 → data/qa/rekognition_community_enrich.csv
[7380/11680] ok=7380 err=0 2.21/s | 627661 'Cranston Academy: Monster ' top='Baby'
[7390/11680] ok=7390 err=0 2.21/s | 629341 "A Bohemian's Redemption" top='Text'
[7400/11680] ok=7400 err=0 2.22/s | 630240 'Titane' top='Adult'
checkpoint ok=7400 → data/qa/rekognition_community_enrich.csv
[7410/11680] ok=7410 err=0 2.22/s | 631507 'Allodium' top='Book'
[7420/11680] ok=7420 err=0 2.22/s | 632499 'Witch Trilogy 13+' top='Book'
checkpoint ok=7425 → data/qa/rekognition_community_enrich.csv
[7430/11680] ok=7430 err=0 2.22/s | 633285 'Kin' top='Advertisement'
[7440/11680] ok=7440 err=0 2.22/s | 634171 'Mãe Querida' top='Nature'
[7450/11680] ok=7450 err=0 2.23/s | 634960 'Los bulbos' top='Logo'
checkpoint ok=7450 → data/qa/rekognition_community_enrich.csv
[7460/11680] ok=7460 err=0 2.23/s | 636520 'The Ripper' top='Advertisement'
[7470/11680] ok=7470 err=0 2.23/s | 637946 'The Past' top='Book'
checkpoint ok=7475 → data/qa/rekognition_community_enrich.csv
[7480/11680] ok=7480 err=0 2.23/s | 638328 'Nocta' top='Book'
[7490/11680] ok=7490 err=0 2.23/s | 638688 'Aj Zombies!' top='Adult'
[7500/11680] ok=7500 err=0 2.24/s | 639783 'Pisthaco' top='Head'
checkpoint ok=7500 → data/qa/rekognition_community_enrich.csv
[7510/11680] ok=7510 err=0 2.24/s | 640089 'Tournament 7' top='Advertisement'
[7520/11680] ok=7520 err=0 2.24/s | 641326 'A Nightmare on Chocolate' top='Advertisement'
checkpoint ok=7525 → data/qa/rekognition_community_enrich.csv
[7530/11680] ok=7530 err=0 2.24/s | 641992 'O Mensageiro das Trevas' top='Book'
[7540/11680] ok=7540 err=0 2.24/s | 642237 'Monster in My Pocket: The ' top='Pants'
[7550/11680] ok=7550 err=0 2.24/s | 642646 'The Mare' top='Advertisement'
checkpoint ok=7550 → data/qa/rekognition_community_enrich.csv
[7560/11680] ok=7560 err=0 2.24/s | 643260 'The Insect Woman' top='Advertisement'
[7570/11680] ok=7570 err=0 2.25/s | 643718 'Spirit Warrior' top='Book'
checkpoint ok=7575 → data/qa/rekognition_community_enrich.csv
[7580/11680] ok=7580 err=0 2.25/s | 645062 'Slayer Santa' top='Adult'
[7590/11680] ok=7590 err=0 2.25/s | 645046 'Queen Kong' top='Advertisement'
[7600/11680] ok=7600 err=0 2.25/s | 646684 'The Art of Gesture' top='Advertisement'
checkpoint ok=7600 → data/qa/rekognition_community_enrich.csv
[7610/11680] ok=7610 err=0 2.25/s | 647157 '7 Netizen' top='Art'
[7620/11680] ok=7620 err=0 2.26/s | 647354 'Midday Demons' top='Lighting'
checkpoint ok=7625 → data/qa/rekognition_community_enrich.csv
[7630/11680] ok=7630 err=0 2.26/s | 648104 'The Case of Patient Paul E' top='Advertisement'
[7640/11680] ok=7640 err=0 2.26/s | 648550 'Náusea' top='Advertisement'
[7650/11680] ok=7650 err=0 2.26/s | 649294 'History of the Occult' top='Face'
checkpoint ok=7650 → data/qa/rekognition_community_enrich.csv
[7660/11680] ok=7660 err=0 2.26/s | 650766 'The Bride and the Zombies' top='Book'
[7670/11680] ok=7670 err=0 2.26/s | 651814 'Sangue misto' top='Advertisement'
checkpoint ok=7675 → data/qa/rekognition_community_enrich.csv
[7680/11680] ok=7680 err=0 2.26/s | 652947 'Ondh Kathe Hella' top='Advertisement'
[7690/11680] ok=7690 err=0 2.27/s | 652981 'Documenting the Witch Path' top='Book'
[7700/11680] ok=7700 err=0 2.27/s | 654119 'Cargo' top='Lighting'
checkpoint ok=7700 → data/qa/rekognition_community_enrich.csv
[7710/11680] ok=7710 err=0 2.27/s | 656202 'Amalgama' top='Book'
[7720/11680] ok=7720 err=0 2.27/s | 656770 'The Columnist' top='Advertisement'
checkpoint ok=7725 → data/qa/rekognition_community_enrich.csv
[7730/11680] ok=7730 err=0 2.27/s | 658304 'Eleanor' top='Advertisement'
[7740/11680] ok=7740 err=0 2.28/s | 659356 'Clown' top='Weapon'
[7750/11680] ok=7750 err=0 2.28/s | 660942 'The Innocents' top='Outdoors'
checkpoint ok=7750 → data/qa/rekognition_community_enrich.csv
[7760/11680] ok=7760 err=0 2.28/s | 661709 'Ghost of Machine' top='Advertisement'
[7770/11680] ok=7770 err=0 2.28/s | 662373 'Kiki: Lanet-i Cin' top='Book'
checkpoint ok=7775 → data/qa/rekognition_community_enrich.csv
[7780/11680] ok=7780 err=0 2.28/s | 663235 'Sobre tus Huellas' top='Book'
[7790/11680] ok=7790 err=0 2.28/s | 664594 'Kill It and Leave This Tow' top='Light'
[7800/11680] ok=7800 err=0 2.29/s | 665524 'Tales From Deep Hell' top='Advertisement'
checkpoint ok=7800 → data/qa/rekognition_community_enrich.csv
[7810/11680] ok=7810 err=0 2.29/s | 666749 'Save Me' top='Adult'
[7820/11680] ok=7820 err=0 2.29/s | 668072 'A Ópera do Cemitério' top='Glove'
checkpoint ok=7825 → data/qa/rekognition_community_enrich.csv
[7830/11680] ok=7830 err=0 2.29/s | 669217 'EGUM' top='Advertisement'
[7840/11680] ok=7840 err=0 2.29/s | 670265 'Pocong vs Kuntilanak' top='Book'
[7850/11680] ok=7850 err=0 2.29/s | 671263 'Vardøger' top='Advertisement'
checkpoint ok=7850 → data/qa/rekognition_community_enrich.csv
[7860/11680] ok=7860 err=0 2.30/s | 672114 'Gremlins: Recall' top='Advertisement'
[7870/11680] ok=7870 err=0 2.30/s | 674185 'The Nightmare' top='Face'
checkpoint ok=7875 → data/qa/rekognition_community_enrich.csv
[7880/11680] ok=7880 err=0 2.30/s | 675253 'M.O.M. Mothers of Monsters' top='Book'
[7890/11680] ok=7890 err=0 2.30/s | 675374 'Family Curse' top='Advertisement'
[7900/11680] ok=7900 err=0 2.30/s | 676844 'The Day of the Lord' top='Book'
checkpoint ok=7900 → data/qa/rekognition_community_enrich.csv
[7910/11680] ok=7910 err=0 2.30/s | 678303 "Don't Mess with the Sharki" top='Advertisement'
[7920/11680] ok=7920 err=0 2.31/s | 679674 'Le Lac Noir' top='Book'
checkpoint ok=7925 → data/qa/rekognition_community_enrich.csv
[7930/11680] ok=7930 err=0 2.31/s | 679915 'The Inevitable' top='Advertisement'
[7940/11680] ok=7940 err=0 2.31/s | 682052 'Offline Valley' top='Advertisement'
[7950/11680] ok=7950 err=0 2.31/s | 683719 'The Room' top='Formal Wear'
checkpoint ok=7950 → data/qa/rekognition_community_enrich.csv
[7960/11680] ok=7960 err=0 2.31/s | 685723 'Trancado por Dentro' top='Book'
[7970/11680] ok=7970 err=0 2.32/s | 686818 'The Newtown Insanity Massa' top='Device'
checkpoint ok=7975 → data/qa/rekognition_community_enrich.csv
[7980/11680] ok=7980 err=0 2.32/s | 688005 'Community' top='Text'
[7990/11680] ok=7990 err=0 2.32/s | 688592 'A Noiva do Turvo' top='Advertisement'
[8000/11680] ok=8000 err=0 2.32/s | 689030 'Slicer' top='Publication'
checkpoint ok=8000 → data/qa/rekognition_community_enrich.csv
[8010/11680] ok=8010 err=0 2.32/s | 690583 'Armageddon' top='Light'
[8020/11680] ok=8020 err=0 2.32/s | 691170 'The Blooming' top='Art'
checkpoint ok=8025 → data/qa/rekognition_community_enrich.csv
[8030/11680] ok=8030 err=0 2.32/s | 694096 'Rage' top='Advertisement'
[8040/11680] ok=8040 err=0 2.33/s | 694590 'French Blood 2 - Mr. Rabbi' top='Advertisement'
[8050/11680] ok=8050 err=0 2.33/s | 696138 'The Philosophy of Horror (' top='Face'
checkpoint ok=8050 → data/qa/rekognition_community_enrich.csv
[8060/11680] ok=8060 err=0 2.33/s | 697402 'Zombie Attack' top='Blackboard'
[8070/11680] ok=8070 err=0 2.33/s | 698972 'Я убью тебя рано или поздн' top='City'
checkpoint ok=8075 → data/qa/rekognition_community_enrich.csv
[8080/11680] ok=8080 err=0 2.33/s | 700388 'Opera of Cruelty' top='Mouth'
[8090/11680] ok=8090 err=0 2.34/s | 702400 'Intrusion' top='Alcohol'
[8100/11680] ok=8100 err=0 2.34/s | 703732 'There Will Be Monsters' top='Advertisement'
checkpoint ok=8100 → data/qa/rekognition_community_enrich.csv
[8110/11680] ok=8110 err=0 2.34/s | 704991 'Blot' top='Advertisement'
[8120/11680] ok=8120 err=0 2.34/s | 705797 'No. 1 Villa' top='Book'
checkpoint ok=8125 → data/qa/rekognition_community_enrich.csv
[8130/11680] ok=8130 err=0 2.34/s | 706581 "It's Only a Movie!" top='Purple'
[8140/11680] ok=8140 err=0 2.34/s | 707926 'La terrible bestia sangrie' top='Animal'
[8150/11680] ok=8150 err=0 2.35/s | 708326 'Peixe Podre 2' top='Brick'
checkpoint ok=8150 → data/qa/rekognition_community_enrich.csv
[8160/11680] ok=8160 err=0 2.34/s | 708613 'Funeral March for a Sleepw' top='Advertisement'
[8170/11680] ok=8170 err=0 2.35/s | 709716 'The Lake' top='Nature'
checkpoint ok=8175 → data/qa/rekognition_community_enrich.csv
[8180/11680] ok=8180 err=0 2.35/s | 710313 'Дневные и ночные убийцы' top='Grove'
[8190/11680] ok=8190 err=0 2.35/s | 711660 'Pojamarn the Legacy' top='Publication'
[8200/11680] ok=8200 err=0 2.35/s | 712745 'Âmago' top='Advertisement'
checkpoint ok=8200 → data/qa/rekognition_community_enrich.csv
[8210/11680] ok=8210 err=0 2.35/s | 714281 'Kriya' top='Art'
[8220/11680] ok=8220 err=0 2.35/s | 715417 'Jabbara' top='Advertisement'
checkpoint ok=8225 → data/qa/rekognition_community_enrich.csv
[8230/11680] ok=8230 err=0 2.35/s | 716850 'Possessed' top='Book'
[8240/11680] ok=8240 err=0 2.35/s | 718003 'Eclipse' top='Advertisement'
[8250/11680] ok=8250 err=0 2.35/s | 718661 'Mansão Bem Assombrada' top='Book'
checkpoint ok=8250 → data/qa/rekognition_community_enrich.csv
[8260/11680] ok=8260 err=0 2.34/s | 719452 'The Funhouse Waltz' top='Advertisement'
[8270/11680] ok=8270 err=0 2.35/s | 721113 'Slurpslaughter' top='Bottle'
checkpoint ok=8275 → data/qa/rekognition_community_enrich.csv
[8280/11680] ok=8280 err=0 2.34/s | 722344 'La chica en el estacionami' top='Advertisement'
[8290/11680] ok=8290 err=0 2.34/s | 723234 'Dad' top='Altar'
[8300/11680] ok=8300 err=0 2.35/s | 724152 'Cloven' top='Advertisement'
checkpoint ok=8300 → data/qa/rekognition_community_enrich.csv
[8310/11680] ok=8310 err=0 2.34/s | 725148 'Urubú' top='Advertisement'
[8320/11680] ok=8320 err=0 2.34/s | 726207 'Phone Bhoot' top='Advertisement'
checkpoint ok=8325 → data/qa/rekognition_community_enrich.csv
[8330/11680] ok=8330 err=0 2.34/s | 727404 'Vibration' top='Book'
[8340/11680] ok=8340 err=0 2.34/s | 728189 'Legend of the Cat Monster' top='Book'
[8350/11680] ok=8350 err=0 2.34/s | 728450 'Village Of The Vampire' top='Book'
checkpoint ok=8350 → data/qa/rekognition_community_enrich.csv
[8360/11680] ok=8360 err=0 2.34/s | 729225 'bloody house/ Bunshinsaba:' top='Advertisement'
[8370/11680] ok=8370 err=0 2.35/s | 730240 'Walks in the woods' top='Grove'
checkpoint ok=8375 → data/qa/rekognition_community_enrich.csv
[8380/11680] ok=8380 err=0 2.35/s | 730769 'Some Like It Rare' top='People'
[8390/11680] ok=8390 err=0 2.35/s | 731860 'Paradise' top='Ice'
[8400/11680] ok=8400 err=0 2.35/s | 732136 'Miporin' top='Art'
checkpoint ok=8400 → data/qa/rekognition_community_enrich.csv
[8410/11680] ok=8410 err=0 2.35/s | 733578 'La Llorona' top='Face'
[8420/11680] ok=8420 err=0 2.36/s | 734507 'Damned Gold' top='Advertisement'
checkpoint ok=8425 → data/qa/rekognition_community_enrich.csv
[8430/11680] ok=8430 err=0 2.36/s | 734987 'Deaf' top='Book'
[8440/11680] ok=8440 err=0 2.36/s | 735595 'The Scary House' top='Book'
[8450/11680] ok=8450 err=0 2.36/s | 736563 'Phaenicia' top='Art'
checkpoint ok=8450 → data/qa/rekognition_community_enrich.csv
[8460/11680] ok=8460 err=0 2.36/s | 737384 'Faust' top='Book'
[8470/11680] ok=8470 err=0 2.36/s | 738725 'UORC: The Movie' top='Head'
checkpoint ok=8475 → data/qa/rekognition_community_enrich.csv
[8480/11680] ok=8480 err=0 2.37/s | 739174 'The Frank' top='Advertisement'
[8490/11680] ok=8490 err=0 2.37/s | 740574 'Under the Lather' top='Advertisement'
[8500/11680] ok=8500 err=0 2.37/s | 741130 'Casa do Capeta' top='Book'
checkpoint ok=8500 → data/qa/rekognition_community_enrich.csv
[8510/11680] ok=8510 err=0 2.37/s | 741685 'Grand Guignol Madness' top='Advertisement'
[8520/11680] ok=8520 err=0 2.37/s | 742254 'The Curse of Willow Song' top='Advertisement'
checkpoint ok=8525 → data/qa/rekognition_community_enrich.csv
[8530/11680] ok=8530 err=0 2.37/s | 743267 'Called By The Devil' top='Advertisement'
[8540/11680] ok=8540 err=0 2.38/s | 744735 'Temple of Devilbuster' top='Advertisement'
[8550/11680] ok=8550 err=0 2.38/s | 745868 'Miimaland' top='Book'
checkpoint ok=8550 → data/qa/rekognition_community_enrich.csv
[8560/11680] ok=8560 err=0 2.38/s | 746661 'Cleaning Day' top='Clothing'
[8570/11680] ok=8570 err=0 2.38/s | 747438 'Saving Dad' top='Advertisement'
checkpoint ok=8575 → data/qa/rekognition_community_enrich.csv
[8580/11680] ok=8580 err=0 2.38/s | 747822 'The Tell-Tale Heart' top='Advertisement'
[8590/11680] ok=8590 err=0 2.39/s | 747817 'Fujiko Fujio A no Mumako' top='Book'
[8600/11680] ok=8600 err=0 2.39/s | 749736 'Name Above Title' top='Advertisement'
checkpoint ok=8600 → data/qa/rekognition_community_enrich.csv
[8610/11680] ok=8610 err=0 2.39/s | 751595 'Legend of the Lake' top='Book'
[8620/11680] ok=8620 err=0 2.39/s | 752417 'Exit' top='Book'
checkpoint ok=8625 → data/qa/rekognition_community_enrich.csv
[8630/11680] ok=8630 err=0 2.39/s | 753248 'The Living Corpse' top='Advertisement'
[8640/11680] ok=8640 err=0 2.40/s | 756075 'Bloodline' top='Advertisement'
[8650/11680] ok=8650 err=0 2.40/s | 756374 'Extraneous Matter' top='Potted Plant'
checkpoint ok=8650 → data/qa/rekognition_community_enrich.csv
[8660/11680] ok=8660 err=0 2.40/s | 756753 'Mirlos de Arkansas' top='Book'
[8670/11680] ok=8670 err=0 2.40/s | 759198 'Imago' top='Advertisement'
checkpoint ok=8675 → data/qa/rekognition_community_enrich.csv
[8680/11680] ok=8680 err=0 2.40/s | 759524 'The Story of Southern Isle' top='Advertisement'
[8690/11680] ok=8690 err=0 2.41/s | 760145 'The Car Mechanic' top='Advertisement'
[8700/11680] ok=8700 err=0 2.41/s | 760621 'Belial' top='Advertisement'
checkpoint ok=8700 → data/qa/rekognition_community_enrich.csv
[8710/11680] ok=8710 err=0 2.41/s | 761163 'Hospital' top='Advertisement'
[8720/11680] ok=8720 err=0 2.41/s | 761603 'The Flame' top='Book'
checkpoint ok=8725 → data/qa/rekognition_community_enrich.csv
[8730/11680] ok=8730 err=0 2.41/s | 762332 'Threads' top='Racket'
[8740/11680] ok=8740 err=0 2.42/s | 763019 'Revelação' top='Fashion'
[8750/11680] ok=8750 err=0 2.42/s | 764740 'Mosquito' top='People'
checkpoint ok=8750 → data/qa/rekognition_community_enrich.csv
[8760/11680] ok=8760 err=0 2.42/s | 764787 '1978' top='Advertisement'
[8770/11680] ok=8770 err=0 2.42/s | 765878 "Alla ricerca dell'impossib" top='Face'
checkpoint ok=8775 → data/qa/rekognition_community_enrich.csv
[8780/11680] ok=8780 err=0 2.42/s | 766200 'O Saci' top='Book'
[8790/11680] ok=8790 err=0 2.43/s | 767327 'Egg' top='Astronomy'
[8800/11680] ok=8800 err=0 2.43/s | 768761 'The Shape of the Things to' top='Face'
checkpoint ok=8800 → data/qa/rekognition_community_enrich.csv
[8810/11680] ok=8810 err=0 2.43/s | 770371 'Tales of Death' top='Advertisement'
[8820/11680] ok=8820 err=0 2.43/s | 770663 'El sótano de las almas' top='Book'
checkpoint ok=8825 → data/qa/rekognition_community_enrich.csv
[8830/11680] ok=8830 err=0 2.43/s | 771412 'El desvío' top='Logo'
[8840/11680] ok=8840 err=0 2.44/s | 772148 'The House of Snails' top='Book'
[8850/11680] ok=8850 err=0 2.44/s | 773113 'Really! Cursed Video: The ' top='Book'
checkpoint ok=8850 → data/qa/rekognition_community_enrich.csv
[8860/11680] ok=8860 err=0 2.44/s | 773797 'Cleanse' top='Book'
[8870/11680] ok=8870 err=0 2.44/s | 774469 'Monty Python' top='Animal'
checkpoint ok=8875 → data/qa/rekognition_community_enrich.csv
[8880/11680] ok=8880 err=0 2.44/s | 775180 'The Postman' top='City'
[8890/11680] ok=8890 err=0 2.45/s | 776670 'All the Moons' top='Face'
[8900/11680] ok=8900 err=0 2.45/s | 777274 'The Lovers' top='Book'
checkpoint ok=8900 → data/qa/rekognition_community_enrich.csv
[8910/11680] ok=8910 err=0 2.45/s | 778214 'Ingongoni' top='Logo'
[8920/11680] ok=8920 err=0 2.45/s | 779747 'Diabolica' top='Book'
checkpoint ok=8925 → data/qa/rekognition_community_enrich.csv
[8930/11680] ok=8930 err=0 2.46/s | 782480 'She is in Danger' top='Advertisement'
[8940/11680] ok=8940 err=0 2.46/s | 783529 'Bangkitnya Mayit: The Dark' top='Face'
[8950/11680] ok=8950 err=0 2.46/s | 785130 'Gassal' top='Advertisement'
checkpoint ok=8950 → data/qa/rekognition_community_enrich.csv
[8960/11680] ok=8960 err=0 2.46/s | 786087 'Goorkund' top='Adult'
[8970/11680] ok=8970 err=0 2.47/s | 788195 'Olhe de Perto' top='Book'
checkpoint ok=8975 → data/qa/rekognition_community_enrich.csv
[8980/11680] ok=8980 err=0 2.47/s | 789622 'Phantom of the Red Creepy ' top='Shirt'
[8990/11680] ok=8990 err=0 2.47/s | 791392 'Mini Filme de Terror' top='Book'
[9000/11680] ok=9000 err=0 2.47/s | 792087 'Blind Obsession' top='Book'
checkpoint ok=9000 → data/qa/rekognition_community_enrich.csv
[9010/11680] ok=9010 err=0 2.47/s | 793000 'After Chernobyl' top='Book'
[9020/11680] ok=9020 err=0 2.48/s | 794236 'Stay Safe' top='Electronics'
checkpoint ok=9025 → data/qa/rekognition_community_enrich.csv
[9030/11680] ok=9030 err=0 2.48/s | 795987 'Love Bites' top='Adult'
[9040/11680] ok=9040 err=0 2.48/s | 795962 'Zonmi-chan: Meat Pie of th' top='Book'
[9050/11680] ok=9050 err=0 2.48/s | 796856 "Who's There?" top='Advertisement'
checkpoint ok=9050 → data/qa/rekognition_community_enrich.csv
[9060/11680] ok=9060 err=0 2.48/s | 797932 'Nosferatu Maiden' top='Art'
[9070/11680] ok=9070 err=0 2.48/s | 798646 'Birth of Kitaro' top='Text'
checkpoint ok=9075 → data/qa/rekognition_community_enrich.csv
[9080/11680] ok=9080 err=0 2.48/s | 799668 'The Hypnosis' top='Adult'
[9090/11680] ok=9090 err=0 2.49/s | 800989 'Everyone Will Burn' top='Fire'
[9100/11680] ok=9100 err=0 2.49/s | 801466 'April 28th Em Jarigindi' top='People'
checkpoint ok=9100 → data/qa/rekognition_community_enrich.csv
[9110/11680] ok=9110 err=0 2.49/s | 803138 'Rinkaku' top='Tattoo'
[9120/11680] ok=9120 err=0 2.49/s | 803637 'Ghostbuser' top='Book'
checkpoint ok=9125 → data/qa/rekognition_community_enrich.csv
[9130/11680] ok=9130 err=0 2.49/s | 805124 'The space inside of us' top='Advertisement'
[9140/11680] ok=9140 err=0 2.49/s | 806166 'The House of Pop 7' top='Book'
[9150/11680] ok=9150 err=0 2.50/s | 807369 'Sétimo Dia' top='Advertisement'
checkpoint ok=9150 → data/qa/rekognition_community_enrich.csv
[9160/11680] ok=9160 err=0 2.50/s | 809519 'Magda' top='Advertisement'
[9170/11680] ok=9170 err=0 2.50/s | 810760 'Blackout' top='Head'
checkpoint ok=9175 → data/qa/rekognition_community_enrich.csv
[9180/11680] ok=9180 err=0 2.50/s | 811853 'Sadi-Scream Vol. 1' top='Advertisement'
[9190/11680] ok=9190 err=0 2.50/s | 812074 'Jenglot Redemption' top='Advertisement'
[9200/11680] ok=9200 err=0 2.50/s | 814019 'Monster Encounters' top='Publication'
checkpoint ok=9200 → data/qa/rekognition_community_enrich.csv
[9210/11680] ok=9210 err=0 2.50/s | 814264 'Here lives the horror' top='Head'
[9220/11680] ok=9220 err=0 2.51/s | 816360 'Sadi-Scream Vol. 2' top='Firearm'
checkpoint ok=9225 → data/qa/rekognition_community_enrich.csv
[9230/11680] ok=9230 err=0 2.50/s | 816606 'Sadi-Scream Vol. 4' top='Book'
[9240/11680] ok=9240 err=0 2.50/s | 818843 'Dance of the Crabs' top='Animal'
[9250/11680] ok=9250 err=0 2.51/s | 821094 'The Ghost Writer Show - Th' top='Book'
checkpoint ok=9250 → data/qa/rekognition_community_enrich.csv
[9260/11680] ok=9260 err=0 2.51/s | 822327 '[Out of Sync]' top='Advertisement'
[9270/11680] ok=9270 err=0 2.51/s | 822945 'Anomaly' top='Book'
checkpoint ok=9275 → data/qa/rekognition_community_enrich.csv
[9280/11680] ok=9280 err=0 2.51/s | 824020 'Seya' top='Advertisement'
[9290/11680] ok=9290 err=0 2.51/s | 824360 'Wacko Juno' top='Publication'
[9300/11680] ok=9300 err=0 2.52/s | 825376 'The Bag' top='Advertisement'
checkpoint ok=9300 → data/qa/rekognition_community_enrich.csv
[9310/11680] ok=9310 err=0 2.52/s | 827688 'Nightmare Lovers' top='Dancing'
[9320/11680] ok=9320 err=0 2.52/s | 829026 'The Game is Over' top='Advertisement'
checkpoint ok=9325 → data/qa/rekognition_community_enrich.csv
[9330/11680] ok=9330 err=0 2.52/s | 829409 'Curse of Kashima' top='Advertisement'
[9340/11680] ok=9340 err=0 2.52/s | 831772 'A Carta' top='Advertisement'
[9350/11680] ok=9350 err=0 2.53/s | 832397 'Plandemic Series' top='Coat'
checkpoint ok=9350 → data/qa/rekognition_community_enrich.csv
[9360/11680] ok=9360 err=0 2.53/s | 831710 'Insidiae Nemoris' top='Book'
[9370/11680] ok=9370 err=0 2.53/s | 834511 'Unas cuantas bestias' top='Advertisement'
checkpoint ok=9375 → data/qa/rekognition_community_enrich.csv
[9380/11680] ok=9380 err=0 2.53/s | 835294 'Sacred 2' top='Book'
[9390/11680] ok=9390 err=0 2.53/s | 838461 'Hysteria' top='Advertisement'
[9400/11680] ok=9400 err=0 2.54/s | 838618 'Screaming Class: Reborn' top='Book'
checkpoint ok=9400 → data/qa/rekognition_community_enrich.csv
[9410/11680] ok=9410 err=0 2.54/s | 839598 'Absolutely Scary' top='Book'
[9420/11680] ok=9420 err=0 2.54/s | 840538 'Ghost Friend' top='Book'
checkpoint ok=9425 → data/qa/rekognition_community_enrich.csv
[9430/11680] ok=9430 err=0 2.54/s | 841298 'When you are gone' top='Advertisement'
[9440/11680] ok=9440 err=0 2.55/s | 842241 'The Shadow' top='Book'
[9450/11680] ok=9450 err=0 2.55/s | 843906 'Straight Outta Nowhere: Sc' top='Book'
checkpoint ok=9450 → data/qa/rekognition_community_enrich.csv
[9460/11680] ok=9460 err=0 2.55/s | 845785 'Two Wolves' top='Advertisement'
[9470/11680] ok=9470 err=0 2.55/s | 846796 'Holy Emy' top='Person'
checkpoint ok=9475 → data/qa/rekognition_community_enrich.csv
[9480/11680] ok=9480 err=0 2.55/s | 847329 'Magabanashi' top='Face'
[9490/11680] ok=9490 err=0 2.55/s | 848565 'Reawaken' top='Book'
[9500/11680] ok=9500 err=0 2.56/s | 849585 "Anna's Love" top='Face'
checkpoint ok=9500 → data/qa/rekognition_community_enrich.csv
[9510/11680] ok=9510 err=0 2.56/s | 850803 'Rådden Kærlighed' top='Book'
[9520/11680] ok=9520 err=0 2.56/s | 851031 'Procrastinar' top='Advertisement'
checkpoint ok=9525 → data/qa/rekognition_community_enrich.csv
[9530/11680] ok=9530 err=0 2.56/s | 851508 'Honto Ni Atta! Noroi No Vi' top='Book'
[9540/11680] ok=9540 err=0 2.56/s | 851559 'Honto Ni Atta! Noroi No Vi' top='Book'
[9550/11680] ok=9550 err=0 2.56/s | 851568 'Honto Ni Atta! Noroi No Vi' top='Face'
checkpoint ok=9550 → data/qa/rekognition_community_enrich.csv
[9560/11680] ok=9560 err=0 2.56/s | 851742 'Honto ni Atta! Noroi no Vi' top='Advertisement'
[9570/11680] ok=9570 err=0 2.57/s | 852031 'Unsolved Case Outflow Evid' top='Book'
checkpoint ok=9575 → data/qa/rekognition_community_enrich.csv
[9580/11680] ok=9580 err=0 2.57/s | 853904 'El Deccur' top='Advertisement'
[9590/11680] ok=9590 err=0 2.57/s | 854525 'True record! Cursed psychi' top='Book'
[9600/11680] ok=9600 err=0 2.57/s | 855983 '5 grøss fra Vestlandet' top='Advertisement'
checkpoint ok=9600 → data/qa/rekognition_community_enrich.csv
[9610/11680] ok=9610 err=0 2.57/s | 856990 'Party monstre' top='Dynamite'
[9620/11680] ok=9620 err=0 2.57/s | 858666 'Washing of Hands' top='Book'
checkpoint ok=9625 → data/qa/rekognition_community_enrich.csv
[9630/11680] ok=9630 err=0 2.57/s | 858287 'Black Full Moon' top='Vegetation'
[9640/11680] ok=9640 err=0 2.58/s | 861035 'Squeal' top='Animal'
[9650/11680] ok=9650 err=0 2.58/s | 863177 'Scream of the Forest: Peop' top='Animal'
checkpoint ok=9650 → data/qa/rekognition_community_enrich.csv
[9660/11680] ok=9660 err=0 2.58/s | 862817 'I Am Home' top='Advertisement'
[9670/11680] ok=9670 err=0 2.58/s | 864403 'Annabelle Sethupathi' top='Face'
checkpoint ok=9675 → data/qa/rekognition_community_enrich.csv
[9680/11680] ok=9680 err=0 2.58/s | 866337 'Jacinto' top='Vegetation'
[9690/11680] ok=9690 err=0 2.58/s | 869051 'PISHACHINI' top='Advertisement'
[9700/11680] ok=9700 err=0 2.58/s | 870096 'Restart The Earth' top='Book'
checkpoint ok=9700 → data/qa/rekognition_community_enrich.csv
[9710/11680] ok=9710 err=0 2.58/s | 871156 'Void Chair' top='Coat'
[9720/11680] ok=9720 err=0 2.59/s | 872466 'Satanika' top='Book'
checkpoint ok=9725 → data/qa/rekognition_community_enrich.csv
[9730/11680] ok=9730 err=0 2.59/s | 872980 "Runnin' Away Gelée" top='Cartoon'
[9740/11680] ok=9740 err=0 2.59/s | 874167 'The Timekeepers of Eternit' top='Head'
[9750/11680] ok=9750 err=0 2.59/s | 875799 'Kori' top='Book'
checkpoint ok=9750 → data/qa/rekognition_community_enrich.csv
[9760/11680] ok=9760 err=0 2.59/s | 875632 'Croatian Nightmare' top='Book'
[9770/11680] ok=9770 err=0 2.59/s | 877260 'Contorted' top='Book'
checkpoint ok=9775 → data/qa/rekognition_community_enrich.csv
[9780/11680] ok=9780 err=0 2.59/s | 877933 'Indringer' top='Face'
[9790/11680] ok=9790 err=0 2.60/s | 880032 'The Water Will Regret You' top='Book'
[9800/11680] ok=9800 err=0 2.60/s | 880322 'Sucesión' top='Advertisement'
checkpoint ok=9800 → data/qa/rekognition_community_enrich.csv
[9810/11680] ok=9810 err=0 2.60/s | 881262 'Daughters of Witches' top='Vegetation'
[9820/11680] ok=9820 err=0 2.60/s | 881494 'The Other One' top='Advertisement'
fail 1311988: ImageTooLargeException: An error occurred (ImageTooLargeException) when calling the DetectLabels operation: Input image dimensions 8100 x 12000 exceed maximum dimension size of 10000 pixels
checkpoint ok=9825 → data/qa/rekognition_community_enrich.csv
[9830/11680] ok=9830 err=0 2.60/s | 883083 "You Won't Be Alone" top='Book'
[9840/11680] ok=9840 err=0 2.60/s | 884013 'No dejes de grabar 2' top='Corridor'
[9850/11680] ok=9850 err=0 2.61/s | 886844 'Socks from the Rocks' top='Shoe'
checkpoint ok=9850 → data/qa/rekognition_community_enrich.csv
[9860/11680] ok=9860 err=0 2.61/s | 887790 'Intra' top='Ct Scan'
[9870/11680] ok=9870 err=0 2.61/s | 887876 'Hereafter' top='Coat'
checkpoint ok=9875 → data/qa/rekognition_community_enrich.csv
[9880/11680] ok=9880 err=0 2.61/s | 890615 'Short Bus: Bad Dream' top='Advertisement'
[9890/11680] ok=9890 err=0 2.61/s | 892285 'Life in a Box' top='Advertisement'
[9900/11680] ok=9900 err=0 2.61/s | 892469 'Risto des Todes' top='Book'
checkpoint ok=9900 → data/qa/rekognition_community_enrich.csv
[9910/11680] ok=9910 err=0 2.61/s | 893370 'Virus:32' top='Advertisement'
[9920/11680] ok=9920 err=0 2.62/s | 894469 'Edgar and the Raven' top='Book'
checkpoint ok=9925 → data/qa/rekognition_community_enrich.csv
[9930/11680] ok=9930 err=0 2.62/s | 894774 'January' top='Advertisement'
[9940/11680] ok=9940 err=0 2.62/s | 895990 'Late Night Ride' top='Advertisement'
[9950/11680] ok=9950 err=0 2.62/s | 896957 'O Último Dia no Inferno' top='Advertisement'
checkpoint ok=9950 → data/qa/rekognition_community_enrich.csv
[9960/11680] ok=9960 err=0 2.62/s | 897605 'The Cursed' top='T-Shirt'
[9970/11680] ok=9970 err=0 2.62/s | 900052 'Cai Lan Gong' top='Advertisement'
checkpoint ok=9975 → data/qa/rekognition_community_enrich.csv
[9980/11680] ok=9980 err=0 2.62/s | 900831 'Exorcizamus Te' top='Lighting'
[9990/11680] ok=9990 err=0 2.63/s | 900803 'The Grandmother' top='Advertisement'
[10000/11680] ok=10000 err=0 2.63/s | 903537 'Ang Pagsuyo sa Paru-Paro n' top='Advertisement'
checkpoint ok=10000 → data/qa/rekognition_community_enrich.csv
[10010/11680] ok=10010 err=0 2.63/s | 905004 'Final Exam' top='Computer Hardware'
[10020/11680] ok=10020 err=0 2.63/s | 911145 'Maco' top='Cross'
/Users/juanpabloduque/miniforge3/lib/python3.10/site-packages/PIL/Image.py:3218: DecompressionBombWarning: Image size (99878400 pixels) exceeds limit of 89478485 pixels, could be decompression bomb DOS attack.
  warnings.warn(
checkpoint ok=10025 → data/qa/rekognition_community_enrich.csv
[10030/11680] ok=10030 err=0 2.63/s | 911738 'Tales from the Snow Countr' top='Book'
[10040/11680] ok=10040 err=0 2.63/s | 911229 "It's Me, Billy" top='Electronics'
[10050/11680] ok=10050 err=0 2.64/s | 912375 'Mis nuevos amigos' top='Advertisement'
checkpoint ok=10050 → data/qa/rekognition_community_enrich.csv
[10060/11680] ok=10060 err=0 2.64/s | 913021 'Yarn' top='Publication'
[10070/11680] ok=10070 err=0 2.64/s | 913520 'Savage Formula' top='Book'
checkpoint ok=10075 → data/qa/rekognition_community_enrich.csv
[10080/11680] ok=10080 err=0 2.64/s | 914634 'Becoming Emma Braintree' top='Adult'
[10090/11680] ok=10090 err=0 2.64/s | 918489 'Lux Æterna' top='Plush'
[10100/11680] ok=10100 err=0 2.64/s | 920229 'Crow Island' top='Advertisement'
checkpoint ok=10100 → data/qa/rekognition_community_enrich.csv
[10110/11680] ok=10110 err=0 2.64/s | 921460 'Midnight' top='Advertisement'
[10120/11680] ok=10120 err=0 2.65/s | 921884 'The Spirit of the Dead' top='Book'
checkpoint ok=10125 → data/qa/rekognition_community_enrich.csv
[10130/11680] ok=10130 err=0 2.65/s | 924642 '张震讲故事之归宿' top='Coat'
[10140/11680] ok=10140 err=0 2.65/s | 925786 "Satan's Slaves 2: Communio" top='Fashion'
[10150/11680] ok=10150 err=0 2.65/s | 926370 '5+Camera' top='Head'
checkpoint ok=10150 → data/qa/rekognition_community_enrich.csv
[10160/11680] ok=10160 err=0 2.65/s | 927409 'The strange world of Gumba' top='Cartoon'
[10170/11680] ok=10170 err=0 2.65/s | 927938 'Red Velvet' top='Advertisement'
checkpoint ok=10175 → data/qa/rekognition_community_enrich.csv
[10180/11680] ok=10180 err=0 2.66/s | 928647 'Blood Bird' top='Book'
[10190/11680] ok=10190 err=0 2.66/s | 930034 'Snake 3: Dinosaur vs. Pyth' top='Aircraft'
[10200/11680] ok=10200 err=0 2.66/s | 930991 'Bondage 2 — Amarre-me Gord' top='Book'
checkpoint ok=10200 → data/qa/rekognition_community_enrich.csv
[10210/11680] ok=10210 err=0 2.66/s | 931329 'All Consumed' top='Advertisement'
[10220/11680] ok=10220 err=0 2.66/s | 934753 'Morning Nightmare' top='Nature'
fail 1381225: ImageTooLargeException: An error occurred (ImageTooLargeException) when calling the DetectLabels operation: Input image dimensions 8100 x 12000 exceed maximum dimension size of 10000 pixels
checkpoint ok=10225 → data/qa/rekognition_community_enrich.csv
[10230/11680] ok=10230 err=0 2.66/s | 934825 'O Último Bramido' top='Advertisement'
[10240/11680] ok=10240 err=0 2.67/s | 937710 'The Door' top='Blackboard'
[10250/11680] ok=10250 err=0 2.67/s | 938300 'Cute Exorcist' top='Book'
checkpoint ok=10250 → data/qa/rekognition_community_enrich.csv
[10260/11680] ok=10260 err=0 2.67/s | 938946 'The Park Stroll' top='T-Shirt'
[10270/11680] ok=10270 err=0 2.67/s | 941189 'Nav' top='Stencil'
checkpoint ok=10275 → data/qa/rekognition_community_enrich.csv
[10280/11680] ok=10280 err=0 2.67/s | 942389 'Bhootchakra Pvt. Ltd.' top='Advertisement'
[10290/11680] ok=10290 err=0 2.67/s | 943677 'The Sexual Torture Chamber' top='Advertisement'
[10300/11680] ok=10300 err=0 2.68/s | 945329 'Raudra' top='Advertisement'
checkpoint ok=10300 → data/qa/rekognition_community_enrich.csv
[10310/11680] ok=10310 err=0 2.67/s | 944129 'Mysterious World, Episode ' top='Book'
[10320/11680] ok=10320 err=0 2.68/s | 948082 'Pendulum' top='Beard'
fail 1388574: ImageTooLargeException: An error occurred (ImageTooLargeException) when calling the DetectLabels operation: Input image dimensions 8100 x 12000 exceed maximum dimension size of 10000 pixels
checkpoint ok=10325 → data/qa/rekognition_community_enrich.csv
[10330/11680] ok=10330 err=0 2.67/s | 950100 'The Hunt' top='Book'
[10340/11680] ok=10340 err=0 2.68/s | 952177 'Bridgeblood' top='Advertisement'
[10350/11680] ok=10350 err=0 2.68/s | 952739 'GSKD-003 Feedback' top='Adult'
checkpoint ok=10350 → data/qa/rekognition_community_enrich.csv
[10360/11680] ok=10360 err=0 2.68/s | 954848 'Refém' top='Fire'
[10370/11680] ok=10370 err=0 2.68/s | 955672 'Uomini con piedi con patat' top='Home Decor'
checkpoint ok=10375 → data/qa/rekognition_community_enrich.csv
[10380/11680] ok=10380 err=0 2.68/s | 958900 'Sins of the Sisters' top='Book'
[10390/11680] ok=10390 err=0 2.68/s | 960541 'SelfCare' top='Head'
[10400/11680] ok=10400 err=0 2.68/s | 960986 'A Casa do Campo' top='Advertisement'
checkpoint ok=10400 → data/qa/rekognition_community_enrich.csv
[10410/11680] ok=10410 err=0 2.68/s | 961601 'Waterlogged' top='Book'
[10420/11680] ok=10420 err=0 2.68/s | 962483 'The Eyes Below' top='Lighting'
checkpoint ok=10425 → data/qa/rekognition_community_enrich.csv
[10430/11680] ok=10430 err=0 2.68/s | 964735 'Face the Music' top='Oars'
[10440/11680] ok=10440 err=0 2.68/s | 966031 'Umpan' top='Lighting'
[10450/11680] ok=10450 err=0 2.69/s | 966864 'Hearsay' top='Comb'
checkpoint ok=10450 → data/qa/rekognition_community_enrich.csv
[10460/11680] ok=10460 err=0 2.68/s | 967810 'DAISUKE ICHIBA Anime' top='Head'
[10470/11680] ok=10470 err=0 2.68/s | 968288 'The Spiral' top='Book'
checkpoint ok=10475 → data/qa/rekognition_community_enrich.csv
[10480/11680] ok=10480 err=0 2.67/s | 969694 'Monster Python' top='Jungle'
[10490/11680] ok=10490 err=0 2.68/s | 972440 'Cream Lemon DARK' top='Book'
[10500/11680] ok=10500 err=0 2.68/s | 974612 'SA,' top='Book'
checkpoint ok=10500 → data/qa/rekognition_community_enrich.csv
[10510/11680] ok=10510 err=0 2.67/s | 976767 'Mito' top='Advertisement'
[10520/11680] ok=10520 err=0 2.67/s | 978599 'Lurking' top='Fire'
checkpoint ok=10525 → data/qa/rekognition_community_enrich.csv
[10530/11680] ok=10530 err=0 2.67/s | 978958 'Nameless' top='Electronics'
[10540/11680] ok=10540 err=0 2.68/s | 981827 'Teatime with Mr.Park' top='Advertisement'
[10550/11680] ok=10550 err=0 2.68/s | 982092 'Pesadilla en Hackaton' top='T-Shirt'
checkpoint ok=10550 → data/qa/rekognition_community_enrich.csv
[10560/11680] ok=10560 err=0 2.68/s | 984114 'Epitáfio' top='Head'
[10570/11680] ok=10570 err=0 2.68/s | 985561 'Honto Ni Atta! Noroi No Vi' top='Person'
checkpoint ok=10575 → data/qa/rekognition_community_enrich.csv
[10580/11680] ok=10580 err=0 2.68/s | 985794 "Rising Boas in a Girl's Sc" top='Book'
[10590/11680] ok=10590 err=0 2.68/s | 986915 'Gerçek Cinler' top='Book'
[10600/11680] ok=10600 err=0 2.69/s | 987975 'SAVJ' top='Advertisement'
checkpoint ok=10600 → data/qa/rekognition_community_enrich.csv
[10610/11680] ok=10610 err=0 2.69/s | 988721 'The Stranger' top='Adult'
[10620/11680] ok=10620 err=0 2.69/s | 988995 'Not Found 40' top='Advertisement'
checkpoint ok=10625 → data/qa/rekognition_community_enrich.csv
[10630/11680] ok=10630 err=0 2.69/s | 989467 'Not Found 33' top='Advertisement'
[10640/11680] ok=10640 err=0 2.69/s | 989539 'Not Found 3' top='Book'
[10650/11680] ok=10650 err=0 2.69/s | 989663 'Panic At Midnight' top='Advertisement'
checkpoint ok=10650 → data/qa/rekognition_community_enrich.csv
[10660/11680] ok=10660 err=0 2.69/s | 990263 'Solo' top='Advertisement'
[10670/11680] ok=10670 err=0 2.69/s | 990786 'Fearless Love' top='Book'
checkpoint ok=10675 → data/qa/rekognition_community_enrich.csv
[10680/11680] ok=10680 err=0 2.69/s | 992973 'Bleach' top='Concert'
[10690/11680] ok=10690 err=0 2.70/s | 995129 'Déjà vu' top='Advertisement'
[10700/11680] ok=10700 err=0 2.70/s | 995449 'Ding-Dong Challenge' top='Advertisement'
checkpoint ok=10700 → data/qa/rekognition_community_enrich.csv
[10710/11680] ok=10710 err=0 2.70/s | 997708 'Nackt unter Zombies' top='Book'
[10720/11680] ok=10720 err=0 2.70/s | 998612 'Reflection' top='Blackboard'
checkpoint ok=10725 → data/qa/rekognition_community_enrich.csv
[10730/11680] ok=10730 err=0 2.70/s | 999040 "Lalanna's Song" top='Face'
[10740/11680] ok=10740 err=0 2.71/s | 1001099 'Nekronomikon: Das Buch des' top='Book'
[10750/11680] ok=10750 err=0 2.71/s | 1001132 'Diabolis - Der Anfang vom ' top='Book'
checkpoint ok=10750 → data/qa/rekognition_community_enrich.csv
[10760/11680] ok=10760 err=0 2.71/s | 1004171 'New Religion' top='Advertisement'
[10770/11680] ok=10770 err=0 2.71/s | 1005828 'The Goat and Her Three Kid' top='Advertisement'
checkpoint ok=10775 → data/qa/rekognition_community_enrich.csv
[10780/11680] ok=10780 err=0 2.71/s | 1006993 'Metrotrains' top='Coat'
[10790/11680] ok=10790 err=0 2.71/s | 1008564 'El foro' top='Face'
[10800/11680] ok=10800 err=0 2.72/s | 1009396 'Huling Lamay' top='Book'
checkpoint ok=10800 → data/qa/rekognition_community_enrich.csv
[10810/11680] ok=10810 err=0 2.72/s | 1010397 "Let's Play, Ghost" top='Advertisement'
[10820/11680] ok=10820 err=0 2.72/s | 1012786 'Water!' top='Book'
checkpoint ok=10825 → data/qa/rekognition_community_enrich.csv
[10830/11680] ok=10830 err=0 2.72/s | 1013132 'KINEMORTOPHOBIA!' top='Book'
[10840/11680] ok=10840 err=0 2.72/s | 1014430 'Missing You' top='Advertisement'
[10850/11680] ok=10850 err=0 2.73/s | 1015824 'The Ceremony' top='Advertisement'
checkpoint ok=10850 → data/qa/rekognition_community_enrich.csv
[10860/11680] ok=10860 err=0 2.73/s | 1016642 'Varnamaya' top='Advertisement'
[10870/11680] ok=10870 err=0 2.73/s | 1017634 'Fractures' top='Advertisement'
checkpoint ok=10875 → data/qa/rekognition_community_enrich.csv
[10880/11680] ok=10880 err=0 2.73/s | 1019556 'Becoming Death' top='Book'
[10890/11680] ok=10890 err=0 2.73/s | 1020730 'Ghost Light' top='Book'
[10900/11680] ok=10900 err=0 2.73/s | 1021989 'La Sorcellerie' top='Adult'
checkpoint ok=10900 → data/qa/rekognition_community_enrich.csv
[10910/11680] ok=10910 err=0 2.73/s | 1022022 'Tarja' top='Clothing'
[10920/11680] ok=10920 err=0 2.74/s | 1023262 '3 guys 1 red bed' top='Head'
checkpoint ok=10925 → data/qa/rekognition_community_enrich.csv
[10930/11680] ok=10930 err=0 2.74/s | 1023467 'Waterboy' top='Aluminium'
[10940/11680] ok=10940 err=0 2.74/s | 1023947 'Tape20' top='Art'
[10950/11680] ok=10950 err=0 2.74/s | 1025032 'Serial Comic No.1: Obsessi' top='Book'
checkpoint ok=10950 → data/qa/rekognition_community_enrich.csv
[10960/11680] ok=10960 err=0 2.74/s | 1025800 'Heroine Cruelty Story II' top='Costume'
[10970/11680] ok=10970 err=0 2.74/s | 1027631 'When the Lights Go Out' top='Advertisement'
checkpoint ok=10975 → data/qa/rekognition_community_enrich.csv
[10980/11680] ok=10980 err=0 2.74/s | 1028212 'Void' top='Advertisement'
[10990/11680] ok=10990 err=0 2.75/s | 1029519 'Premonição seguida por uma' top='Book'
[11000/11680] ok=11000 err=0 2.75/s | 1030568 'Três Dentes de Ouro' top='Advertisement'
checkpoint ok=11000 → data/qa/rekognition_community_enrich.csv
[11010/11680] ok=11010 err=0 2.75/s | 1030702 'I Meet You' top='Advertisement'
[11020/11680] ok=11020 err=0 2.75/s | 1032371 'Сёстры' top='Finger'
checkpoint ok=11025 → data/qa/rekognition_community_enrich.csv
[11030/11680] ok=11030 err=0 2.75/s | 1041752 '' top='Book'
[11040/11680] ok=11040 err=0 2.76/s | 1083929 'Trouble' top='Advertisement'
[11050/11680] ok=11050 err=0 2.76/s | 1114117 'Grenfell Adrift on an Iceb' top='Book'
checkpoint ok=11050 → data/qa/rekognition_community_enrich.csv
[11060/11680] ok=11060 err=0 2.76/s | 1142026 '' top='Head'
[11070/11680] ok=11070 err=0 2.76/s | 1140884 'Labyrinth of the Gynomorph' top='Lighting'
checkpoint ok=11075 → data/qa/rekognition_community_enrich.csv
[11080/11680] ok=11080 err=0 2.76/s | 1148775 'Demons in the Closet' top='Book'
[11090/11680] ok=11090 err=0 2.77/s | 1182443 'Dying Fetus - Summer Breez' top='Coat'
[11100/11680] ok=11100 err=0 2.77/s | 1186459 'Dead Red Kite' top='Vegetation'
checkpoint ok=11100 → data/qa/rekognition_community_enrich.csv
[11110/11680] ok=11110 err=0 2.77/s | 1204821 'Proxy' top='Adult'
[11120/11680] ok=11120 err=0 2.77/s | 1198797 "Cici's Sonata" top='Face'
checkpoint ok=11125 → data/qa/rekognition_community_enrich.csv
[11130/11680] ok=11130 err=0 2.77/s | 1205229 'Night of the Zoopocalypse' top='Purple'
[11140/11680] ok=11140 err=0 2.77/s | 1229915 'Dead Mail' top='Finger'
[11150/11680] ok=11150 err=0 2.78/s | 1237983 'Local Legends: Bloodbath!' top='Knitwear'
checkpoint ok=11150 → data/qa/rekognition_community_enrich.csv
[11160/11680] ok=11160 err=0 2.78/s | 1257772 'An Ego and I' top='Advertisement'
[11170/11680] ok=11170 err=0 2.78/s | 1267802 'THE STAR SPORE' top='Advertisement'
checkpoint ok=11175 → data/qa/rekognition_community_enrich.csv
[11180/11680] ok=11180 err=0 2.78/s | 1272634 '' top='Advertisement'
[11190/11680] ok=11190 err=0 2.78/s | 1280064 'Agoraphobia' top='Mouth'
[11200/11680] ok=11200 err=0 2.79/s | 1281540 'The Exorcism of Chase & Sh' top='Head'
checkpoint ok=11200 → data/qa/rekognition_community_enrich.csv
[11210/11680] ok=11210 err=0 2.79/s | 1279985 "Thumper's Revenge" top='Book'
[11220/11680] ok=11220 err=0 2.79/s | 1283409 '' top='Home Decor'
checkpoint ok=11225 → data/qa/rekognition_community_enrich.csv
[11230/11680] ok=11230 err=0 2.79/s | 1286608 'Dear Addie' top='Photography'
[11240/11680] ok=11240 err=0 2.79/s | 1291984 'LONE BUCK MOTEL' top='Advertisement'
[11250/11680] ok=11250 err=0 2.79/s | 1306275 'Rain, Rain, Go Away' top='Outdoors'
checkpoint ok=11250 → data/qa/rekognition_community_enrich.csv
[11260/11680] ok=11260 err=0 2.79/s | 1312013 'Conspiracy Cases' top='Lighting'
[11270/11680] ok=11269 err=1 2.80/s | 1314080 'Dinosaur Ghosts' top='Face'
checkpoint ok=11275 → data/qa/rekognition_community_enrich.csv
[11280/11680] ok=11279 err=1 2.80/s | 1325403 'The Phantom Ship' top='Advertisement'
[11290/11680] ok=11289 err=1 2.80/s | 1315750 'Circosis' top='Advertisement'
[11300/11680] ok=11299 err=1 2.80/s | 1337905 'Mother' top='Indoors'
checkpoint ok=11300 → data/qa/rekognition_community_enrich.csv
[11310/11680] ok=11309 err=1 2.80/s | 1352374 'How to Bring a Wretched Bo' top='Mouth'
[11320/11680] ok=11319 err=1 2.81/s | 1355763 'The Bell' top='Tree'
checkpoint ok=11325 → data/qa/rekognition_community_enrich.csv
[11330/11680] ok=11329 err=1 2.81/s | 1338877 'Death Ranch' top='Advertisement'
[11340/11680] ok=11339 err=1 2.81/s | 1365428 'Raid of the Living Dead - ' top='Advertisement'
[11350/11680] ok=11349 err=1 2.81/s | 1371172 "Can't Take Off My Headphon" top='Boy'
checkpoint ok=11350 → data/qa/rekognition_community_enrich.csv
[11360/11680] ok=11359 err=1 2.81/s | 1379113 'EIGHT ANGELS' top='Chart'
[11370/11680] ok=11369 err=1 2.82/s | 1359013 'Just A Girl' top='Publication'
checkpoint ok=11375 → data/qa/rekognition_community_enrich.csv
[11380/11680] ok=11378 err=2 2.82/s | 1383178 'The Notes' top='Book'
[11390/11680] ok=11388 err=2 2.82/s | 1382553 'The Final Apostle' top='Book'
[11400/11680] ok=11398 err=2 2.82/s | 1392146 '' top='Face'
checkpoint ok=11400 → data/qa/rekognition_community_enrich.csv
[11410/11680] ok=11407 err=3 2.82/s | 1401939 'Sleeping Pills' top='Medication'
[11420/11680] ok=11417 err=3 2.82/s | 1405639 'Smugglers Rest' top='Advertisement'
checkpoint ok=11425 → data/qa/rekognition_community_enrich.csv
[11430/11680] ok=11427 err=3 2.83/s | 1419440 'Hunger' top='Adult'
[11440/11680] ok=11437 err=3 2.83/s | 1427046 'Prima' top='Shoe'
[11450/11680] ok=11447 err=3 2.83/s | 1442999 'Mond Appétit' top='Head'
checkpoint ok=11450 → data/qa/rekognition_community_enrich.csv
[11460/11680] ok=11457 err=3 2.83/s | 1439960 '' top='Book'
[11470/11680] ok=11467 err=3 2.83/s | 1463102 'dream girls' top='Home Decor'
checkpoint ok=11475 → data/qa/rekognition_community_enrich.csv
[11480/11680] ok=11477 err=3 2.83/s | 1467634 "Witchin'" top='Advertisement'
[11490/11680] ok=11487 err=3 2.84/s | 1466169 'ApoKalypse' top='Book'
[11500/11680] ok=11497 err=3 2.84/s | 1492769 'how gregor samsa became a ' top='Art'
checkpoint ok=11500 → data/qa/rekognition_community_enrich.csv
[11510/11680] ok=11507 err=3 2.84/s | 1499466 'The Night of The Mummy' top='Baby'
[11520/11680] ok=11517 err=3 2.84/s | 1505508 'When the Moon Sings' top='Book'
checkpoint ok=11525 → data/qa/rekognition_community_enrich.csv
[11530/11680] ok=11527 err=3 2.84/s | 1511693 'The Cloud and The DEAD SKI' top='Purple'
[11540/11680] ok=11537 err=3 2.85/s | 1521457 'Murder At Screen 2' top='Symbol'
[11550/11680] ok=11547 err=3 2.85/s | 1533647 'Nyghil' top='Publication'
checkpoint ok=11550 → data/qa/rekognition_community_enrich.csv
[11560/11680] ok=11557 err=3 2.85/s | 1557174 'Sweet Child of Mine' top='House'
[11570/11680] ok=11567 err=3 2.85/s | 1561836 'Beat' top='Book'
checkpoint ok=11575 → data/qa/rekognition_community_enrich.csv
[11580/11680] ok=11577 err=3 2.85/s | 1567076 'Spuds' top='Lighting'
[11590/11680] ok=11587 err=3 2.86/s | 1564795 'Eye Jam' top='Book'
[11600/11680] ok=11597 err=3 2.86/s | 1581555 "Fredbear's Family Diner" top='Boy'
checkpoint ok=11600 → data/qa/rekognition_community_enrich.csv
[11610/11680] ok=11607 err=3 2.86/s | 1595837 'Dinner is ready !' top='Cutlery'
[11620/11680] ok=11617 err=3 2.86/s | 1603318 'Ice Nine Kills - I Heard T' top='Book'
checkpoint ok=11625 → data/qa/rekognition_community_enrich.csv
[11630/11680] ok=11627 err=3 2.86/s | 1570088 'Swine and Dine' top='Advertisement'
[11640/11680] ok=11637 err=3 2.87/s | 1658701 '' top='Book'
[11650/11680] ok=11647 err=3 2.87/s | 1664951 'Burning Rope' top='Advertisement'
checkpoint ok=11650 → data/qa/rekognition_community_enrich.csv
[11660/11680] ok=11657 err=3 2.87/s | 1697487 'The Tell-Tale Heart' top='Book'
[11670/11680] ok=11667 err=3 2.87/s | 1709339 'Delivery for Mr. Frogula' top='Advertisement'
checkpoint ok=11675 → data/qa/rekognition_community_enrich.csv
[11680/11680] ok=11677 err=3 2.87/s | 1692997 'Siren' top='Lighting'
LISTO ok=11677 err=3 elapsed=67.7m (2.87/s) main=49556 → data/qa/rekognition_community_enrich.csv
2026-08-04T00:27:34Z keep dead; checking remaining
watcher launched 4903
want=3 todo=3 done_skip=0 workers=10 sidecar=data/qa/rekognition_community_enrich.csv merge_main=True
fail 1381225: ImageTooLargeException: An error occurred (ImageTooLargeException) when calling the DetectLabels operation: Input image dimensions 8100 x 12000 exceed maximum dimension size of 10000 pixels
fail 1311988: ImageTooLargeException: An error occurred (ImageTooLargeException) when calling the DetectLabels operation: Input image dimensions 8100 x 12000 exceed maximum dimension size of 10000 pixels
fail 1388574: ImageTooLargeException: An error occurred (ImageTooLargeException) when calling the DetectLabels operation: Input image dimensions 8100 x 12000 exceed maximum dimension size of 10000 pixels
[3/3] ok=0 err=3 0.00/s | 1388574 '' top=''
LISTO ok=0 err=3 elapsed=0.6m (0.00/s) main=49556 → data/qa/rekognition_community_enrich.csv
