17
83
136
138
170
176
214
215
229
244
326
348
377
395
440
467
539
561
565
571
573
578
579
580
588
609
622
628
635
663
694
747
755
763
764
765
766
768
790
791
794
805
806
814
831
837
923
924
927
928
931
948
964
985
1091
1248
1423
1450
1483
1547
1551
1562
1569
1576
1577
1596
1644
1683
1690
1691
1693
1694
1696
1702
1730
1813
1842
1872
1877
1923
1933
1961
1970
1975
1977
1992
1994
2046
2082
2151
2154
2182
2186
2199
2212
2291
2637
2654
2655
2662
2667
2668
2675
2929
2957
2961
2981
2989
2992
3006
3016
3017
3019
3021
3022
3023
3024
3025
3027
3028
3030
3031
3035
3036
3042
3043
3051
3053
3056
3067
3068
3069
3070
3072
3073
3074
3075
3076
3077
3079
3103
3104
3105
3117
3119
3124
3125
3127
3144
3145
3149
3151
3152
3162
3164
3165
3166
3201
3202
3203
3206
3208
3209
3210
3217
3218
3290
3305
3343
3345
3349
3350
3408
3412
3414
3416
3484
3485
3486
3488
3490
3511
3574
3575
3579
3581
3593
3597
3600
3602
3603
3980
4229
4230
4231
4232
4233
4234
4237
4238
4240
4242
4283
4284
4288
4289
4290
4337
4365
4368
4439
4457
4488
4513
4722
4858
4879
4883
4961
4970
5060
5072
5161
5237
5247
5333
5470
5489
5655
5657
5675
5680
5719
5730
5733
5734
5735
5751
5752
5755
5759
5763
5857
5876
5898
5956
6069
6114
6171
6174
6217
6466
6488
6552
6917
6933
6948
6974
6976
7006
7091
7092
7131
7178
7180
7181
7182
7292
7340
7341
7342
7392
7454
7737
7866
7978
8077
8078
8090
8316
8398
8408
8413
8461
8464
8555
8617
8643
8766
8769
8771
8814
8843
8851
8852
8869
8875
8913
8914
8922
8968
8973
8991
8997
9003
9009
9011
9017
9022
9030
9033
9035
9042
9059
9064
9077
9092
9095
9100
9102
9272
9276
9286
9306
9348
9358
9360
9362
9373
9374
9378
9392
9406
9423
9424
9426
9431
9456
9457
9529
9532
9533
9538
9540
9542
9544
9552
9568
9592
9599
9608
9638
9640
9645
9656
9680
9682
9707
9708
9711
9725
9728
9730
9731
9755
9756
9782
9783
9792
9793
9796
9814
9825
9827
9841
9847
9871
9877
9885
9890
9898
9902
9913
9935
9937
9938
9940
9945
9946
9949
9954
9964
9966
9976
9980
9984
9987
9997
10004
10007
10008
10011
10012
10014
10016
10031
10041
10042
10053
10055
10062
10063
10065
10066
10069
10070
10072
10075
10076
10085
10088
10089
10092
10093
10094
10095
10113
10114
10121
10124
10127
10131
10160
10163
10166
10177
10185
10205
10206
10212
10213
10216
10225
10242
10250
10251
10256
10263
10272
10280
10281
10283
10285
10288
10292
10294
10299
10304
10306
10307
10320
10331
10336
10344
10349
10351
10359
10361
10375
10383
10384
10391
10395
10432
10489
10493
10496
10513
10552
10558
10576
10577
10578
10579
10585
10605
10657
10665
10676
10692
10702
10706
10725
10726
10727
10730
10766
10768
10776
10779
10781
10785
10787
10790
10823
10824
10829
10836
10838
10845
10854
10873
10885
10891
10894
10900
10906
10925
10929
10943
10961
10972
10973
10984
10987
10988
11015
11026
11033
11056
11058
11059
11069
11071
11082
11096
11124
11125
11126
11133
11152
11167
11186
11187
11206
11217
11223
11237
11246
11249
11252
11281
11284
11298
11309
11336
11342
11345
11347
11348
11351
11357
11361
11376
11377
11380
11415
11427
11428
11429
11442
11449
11454
11470
11481
11494
11495
11503
11508
11525
11531
11542
11547
11549
11569
11586
11587
11596
11601
11607
11618
11623
11629
11654
11675
11683
11772
11773
11791
11797
11804
11811
11815
11850
11868
11879
11880
11905
11908
11917
11926
11932
11954
11974
11979
11980
12095
12110
12122
12142
12158
12171
12175
12192
12212
12216
12223
12237
12238
12262
12476
12483
12484
12485
12521
12525
12526
12532
12576
12583
12587
12590
12591
12594
12597
12611
12619
12653
12662
12674
12675
12682
12683
12685
12699
12700
12702
12707
12718
12724
12759
12791
13006
13008
13009
13013
13022
13025
13059
13094
13106
13121
13122
13151
13186
13190
13204
13207
13220
13254
13276
13340
13429
13465
13474
13489
13510
13511
13515
13546
13548
13549
13550
13553
13555
13556
13557
13559
13561
13564
13566
13567
13568
13569
13570
13581
13613
13666
13762
13784
13788
13797
13803
13812
13826
13849
13885
13903
13934
13937
13945
13946
13954
14001
14005
14025
14033
14098
14122
14125
14126
14138
14143
14147
14157
14192
14209
14211
14212
14219
14223
14228
14237
14240
14248
14254
14255
14353
14372
14397
14417
14435
14440
14456
14457
14458
14459
14472
14510
14549
14564
14604
14605
14660
14686
14730
14745
14795
14814
14833
14838
14853
14862
14863
14866
14878
14907
14913
14915
14916
14929
14977
14983
15011
15039
15052
15056
15057
15069
15096
15135
15158
15182
15212
15239
15262
15282
15301
15356
15360
15398
15418
15420
15422
15423
15425
15426
15434
15473
15476
15482
15488
15495
15516
15527
15543
15591
15641
15652
15658
15667
15689
15701
15714
15741
15762
15846
15849
15851
15855
15856
15900
15901
15902
15991
16027
16028
16067
16077
16080
16093
16126
16139
16146
16154
16159
16160
16167
16175
16179
16180
16182
16191
16200
16205
16207
16208
16209
16226
16235
16266
16271
16280
16281
16288
16296
16304
16307
16309
16315
16335
16337
16342
16350
16372
16373
16431
16440
16445
16456
16559
16591
16611
16634
16722
16763
16764
16774
16780
16824
16843
16846
16871
16915
16921
16922
16925
16938
16973
17005
17027
17038
17088
17100
17102
17110
17138
17140
17141
17153
17154
17158
17166
17200
17209
17212
17240
17245
17287
17306
17319
17455
17456
17469
17482
17577
17609
17618
17692
17778
17792
17796
17874
17898
17907
17910
17911
17918
17923
17965
17994
18009
18011
18015
18029
18040
18044
18045
18086
18096
18100
18111
18116
18177
18196
18210
18213
18216
18217
18238
18242
18250
18256
18274
18278
18338
18392
18397
18405
18413
18440
18441
18442
18443
18462
18467
18476
18477
18496
18498
18502
18505
18547
18556
18557
18573
18616
18632
18634
18676
18724
18726
18742
18759
18773
18775
18779
18781
18801
18841
18851
18870
18882
18910
18932
18966
18969
18979
18983
18987
18990
18998
19002
19010
19058
19064
19066
19085
19116
19142
19154
19158
19166
19185
19197
19201
19205
19222
19236
19237
19241
19281
19286
19287
19288
19296
19298
19310
19351
19383
19444
19483
19543
19544
19551
19564
19592
19599
19604
19723
19816
19854
19898
19904
19908
19912
19969
19994
20016
20029
20034
20121
20182
20215
20216
20321
20323
20357
20381
20424
20432
20441
20446
20472
20481
20485
20591
20606
20608
20620
20650
20669
20695
20701
20706
20842
20850
20880
20919
20945
20981
21034
21141
21143
21151
21158
21159
21163
21166
21168
21187
21208
21343
21362
21381
21398
21407
21484
21505
21509
21515
21536
21562
21597
21623
21627
21704
21714
21790
21794
21799
21800
21838
21841
21851
21860
21910
21922
21927
21935
21970
22007
22027
22033
22060
22066
22072
22105
22135
22172
22175
22177
22244
22293
22307
22335
22385
22440
22450
22451
22455
22468
22476
22480
22530
22543
22551
22573
22583
22619
22637
22642
22681
22689
22718
22727
22731
22741
22745
22749
22804
22822
22856
22894
22970
23014
23045
23104
23122
23125
23127
23173
23174
23202
23220
23281
23293
23327
23382
23389
23410
23437
23439
23506
23515
23532
23622
23691
23692
23730
23761
23823
23827
23963
23966
23985
23988
24001
24007
24038
24045
24056
24075
24090
24091
24094
24097
24098
24103
24104
24106
24116
24124
24126
24132
24133
24150
24194
24196
24198
24212
24246
24274
24330
24331
24341
24392
24409
24421
24452
24498
24499
24505
24555
24580
24605
24632
24634
24643
24648
24649
24655
24683
24702
24716
24740
24777
24778
24789
24796
24799
24831
24836
24837
24862
24868
24874
24877
24907
24913
24921
24923
24924
24925
24927
24928
24929
24935
24939
24944
24947
24948
24952
24963
24995
24996
25018
25028
25033
25035
25060
25061
25066
25073
25086
25088
25103
25119
25133
25145
25151
25155
25170
25172
25234
25239
25241
25319
25329
25377
25422
25438
25479
25508
25533
25537
25543
25557
25573
25574
25579
25625
25693
25712
25713
25715
25748
25749
25750
25751
25752
25753
25754
25756
25762
25769
25809
25834
25853
25870
25874
25920
25944
25967
25974
25976
25983
25993
26015
26042
26162
26178
26198
26208
26215
26230
26233
26240
26245
26278
26301
26334
26342
26369
26439
26466
26472
26480
26482
26515
26517
26554
26558
26587
26588
26631
26656
26661
26675
26676
26677
26678
26679
26680
26688
26702
26703
26722
26772
26774
26811
26854
26857
26860
26865
26882
26894
26901
26912
26914
26921
26922
26923
26924
26925
26932
26943
26946
26953
26954
26956
26957
26958
26959
26960
26961
26962
27003
27009
27028
27070
27084
27115
27116
27118
27122
27130
27134
27135
27144
27150
27174
27179
27207
27214
27226
27227
27230
27231
27234
27244
27253
27255
27258
27259
27267
27272
27274
27284
27285
27289
27296
27300
27303
27313
27318
27320
27327
27328
27336
27345
27346
27358
27361
27370
27374
27381
27386
27387
27389
27390
27405
27406
27412
27413
27414
27416
27417
27420
27429
27442
27452
27463
27466
27467
27468
27471
27473
27474
27475
27476
27477
27478
27479
27481
27482
27483
27485
27486
27487
27492
27495
27496
27498
27499
27500
27501
27502
27503
27508
27512
27513
27517
27524
27527
27529
27532
27533
27535
27537
27538
27541
27542
27545
27546
27547
27548
27553
27555
27562
27564
27566
27588
27601
27603
27607
27611
27612
27613
27617
27618
27619
27623
27625
27627
27630
27642
27643
27646
27647
27648
27649
27651
27652
27654
27657
27662
27663
27664
27669
27671
27672
27674
27675
27677
27680
27682
27684
27685
27687
27688
27689
27690
27691
27692
27694
27695
27696
27710
27711
27712
27713
27714
27717
27720
27723
27726
27727
27728
27729
27731
27733
27736
27739
27740
27741
27743
27747
27752
27755
27758
27760
27762
27763
27764
27766
27767
27769
27770
27771
27772
27773
27774
27778
27779
27782
27783
27784
27785
27788
27789
27791
27792
27796
27797
27798
27800
27802
27803
27807
27808
27809
27810
27813
27814
27815
27816
27818
27819
27823
27825
27826
27829
27830
27831
27832
27836
27840
27844
27846
27848
27851
27852
27853
27855
27856
27860
27877
27878
27879
27881
27886
27891
27892
27895
27916
27918
27941
27951
27970
28035
28036
28037
28038
28040
28046
28048
28070
28073
28076
28077
28079
28080
28081
28082
28083
28084
28087
28090
28096
28098
28103
28108
28109
28111
28113
28114
28127
28128
28129
28142
28143
28146
28147
28148
28153
28155
28156
28159
28160
28161
28163
28165
28168
28169
28170
28172
28173
28177
28180
28181
28182
28183
28184
28185
28186
28188
28191
28196
28223
28224
28228
28229
28230
28231
28232
28234
28235
28237
28242
28248
28260
28261
28262
28264
28265
28266
28269
28271
28274
28277
28287
28295
28300
28305
28309
28310
28312
28314
28316
28317
28336
28337
28338
28340
28341
28344
28346
28347
28349
28350
28351
28352
28355
28359
28362
28363
28365
28369
28377
28380
28381
28382
28383
28388
28389
28416
28418
28419
28421
28423
28425
28426
28435
28436
28437
28438
28439
28446
28450
28483
28498
28499
28501
28503
28504
28505
28508
28509
28513
28514
28516
28517
28518
28521
28522
28529
28530
28558
28559
28562
28563
28565
28572
28579
28581
28582
28583
28584
28585
28586
28588
28589
28590
28593
28594
28596
28600
28602
28605
28616
28624
28625
28626
28635
28640
28643
28646
28647
28648
28652
28653
28659
28660
28667
28669
28671
28681
28684
28686
28687
28715
28720
28721
28723
28725
28726
28727
28728
28733
28734
28738
28739
28741
28743
28744
28746
28751
28752
28757
28760
28762
28763
28765
28766
28767
28768
28770
28774
28775
28780
28790
28791
28800
28801
28831
28851
28855
28859
28865
28867
28870
28893
28902
28910
28925
28927
28930
28931
28933
28934
28935
28936
28939
28941
28942
28947
28951
28952
28953
28955
28957
28958
28959
28960
28964
29030
29046
29049
29050
29052
29053
29056
29057
29058
29060
29062
29065
29067
29069
29070
29071
29072
29074
29075
29077
29094
29095
29098
29103
29105
29114
29118
29121
29126
29135
29143
29161
29163
29168
29203
29210
29214
29217
29218
29221
29222
29223
29226
29227
29230
29232
29235
29238
29239
29241
29242
29243
29286
29290
29293
29296
29298
29315
29318
29320
29324
29327
29342
29343
29345
29347
29350
29368
29384
29389
29390
29393
29394
29396
29397
29399
29400
29402
29403
29404
29405
29409
29412
29416
29423
29424
29425
29426
29427
29429
29430
29431
29432
29433
29434
29437
29449
29466
29468
29469
29474
29476
29486
29489
29491
29499
29504
29505
29506
29508
29512
29514
29542
29547
29555
29556
29559
29570
29573
29596
29597
29598
29599
29600
29603
29607
29609
29611
29613
29616
29620
29623
29634
29638
29640
29643
29652
29660
29683
29689
29691
29692
29693
29695
29706
29707
29708
29711
29712
29721
29748
29756
29759
29761
29763
29765
29767
29768
29769
29770
29771
29772
29774
29778
29779
29787
29789
29791
29792
29794
29796
29797
29798
29799
29803
29806
29808
29814
29833
29848
29850
29852
29854
29865
29867
29883
29891
29896
29898
29899
29900
29902
29905
29922
29925
29926
29930
29938
29945
29947
29948
29951
29957
29958
29959
29960
29961
29964
29979
29998
30002
30030
30044
30045
30049
30052
30062
30081
30137
30155
30183
30202
30203
30236
30286
30307
30315
30317
30318
30342
30345
30346
30348
30362
30370
30377
30379
30380
30381
30383
30384
30385
30391
30392
30393
30394
30395
30396
30399
30400
30401
30402
30405
30407
30419
30440
30441
30445
30449
30450
30452
30455
30456
30457
30477
30478
30479
30482
30497
30498
30499
30510
30512
30515
30519
30522
30523
30554
30566
30567
30579
30637
30638
30640
30641
30644
30652
30654
30661
30664
30666
30670
30685
30694
30706
30711
30727
30729
30737
30748
30751
30752
30753
30754
30755
30767
30773
30778
30780
30781
30782
30785
30786
30788
30789
30792
30793
30796
30813
30829
30831
30833
30855
30885
30891
30893
30902
30918
30919
30920
30921
30924
30926
30928
30929
30931
30933
30934
30935
30937
30938
30990
30991
30993
30995
30996
30997
31001
31003
31012
31013
31036
31042
31080
31091
31116
31119
31126
31129
31134
31150
31154
31160
31196
31232
31244
31245
31255
31260
31263
31275
31276
31287
31382
31383
31385
31393
31428
31463
31472
31498
31503
31541
31549
31564
31578
31579
31592
31596
31646
31647
31655
31682
31685
31687
31699
31703
31707
31728
31767
31847
31909
31915
31942
31952
31965
31967
31991
31992
32003
32009
32012
32021
32023
32033
32043
32051
32076
32146
32166
32219
32220
32285
32301
32304
32322
32343
32367
32428
32449
32508
32527
32540
32569
32583
32585
32595
32612
32613
32623
32652
32685
32707
32852
32857
32858
32860
32862
32904
32910
32940
32978
32998
33005
33016
33018
33020
33061
33156
33172
33197
33274
33275
33278
33305
33308
33326
33347
33374
33459
33468
33475
33477
33502
33510
33516
33518
33519
33521
33543
33546
33555
33589
33592
33607
33645
33695
33721
33754
33767
33789
33826
33876
33914
33926
33988
33990
34004
34023
34072
34077
34078
34081
34084
34089
34094
34098
34104
34112
34125
34168
34193
34195
34223
34226
34231
34288
34311
34312
34321
34335
34359
34479
34480
34552
34574
34583
34592
34593
34596
34618
34640
34685
34686
34733
34734
34737
34740
34784
34791
34792
34794
34845
34943
34959
34996
35040
35073
35074
35120
35139
35160
35197
35198
35220
35247
35250
35280
35302
35324
35429
35564
35608
35616
35626
35642
35662
35664
35669
35683
35710
35721
35730
35731
35733
35759
35791
35801
35813
35891
35908
35911
35914
35919
35945
35946
35949
35950
35951
35953
35977
35978
35979
36003
36086
36089
36096
36139
36155
36176
36209
36217
36220
36224
36239
36299
36419
36421
36445
36456
36489
36529
36531
36556
36560
36574
36586
36587
36594
36599
36600
36601
36604
36622
36628
36647
36648
36659
36671
36675
36685
36686
36737
36762
36778
36779
36794
36837
36854
36857
36859
36860
36883
36896
36911
36941
36942
36960
36965
36984
36992
37005
37017
37019
37035
37062
37130
37132
37140
37169
37190
37196
37227
37254
37306
37342
37376
37409
37426
37434
37440
37441
37463
37464
37500
37522
37526
37527
37529
37530
37534
37579
37618
37644
37687
37707
37771
37776
37792
37793
37813
37843
37862
37865
37869
37901
37904
37924
37929
37930
37935
37936
37938
37944
37947
37970
37977
38006
38033
38065
38084
38112
38120
38125
38126
38134
38150
38157
38246
38258
38260
38261
38267
38269
38273
38321
38330
38346
38358
38404
38410
38412
38446
38464
38468
38498
38499
38500
38503
38510
38541
38610
38701
38750
38753
38761
38775
38783
38823
38826
38829
38836
38863
38864
38939
38942
38946
38996
39006
39043
39044
39050
39131
39154
39158
39164
39167
39171
39176
39195
39222
39252
39261
39262
39263
39279
39283
39297
39303
39311
39322
39341
39368
39370
39372
39392
39407
39408
39409
39437
39441
39453
39509
39563
39564
39572
39578
39700
39704
39805
39814
39824
39844
39855
39859
39861
39862
39867
39868
39869
39874
39875
39882
39884
39890
39891
39893
39895
39898
39899
39908
39909
39912
39914
39916
39923
39924
39925
39929
39930
39932
39957
39959
39982
39984
39995
39997
39999
40000
40009
40012
40015
40016
40026
40028
40034
40039
40040
40041
40042
40059
40060
40062
40064
40065
40076
40078
40087
40088
40091
40095
40102
40115
40129
40139
40146
40147
40158
40168
40208
40217
40218
40219
40220
40221
40222
40229
40231
40233
40236
40238
40241
40244
40249
40251
40252
40338
40341
40343
40350
40353
40366
40368
40377
40387
40446
40448
40449
40451
40458
40460
40462
40463
40464
40465
40466
40467
40469
40549
40599
40631
40649
40729
40760
40761
40770
40788
40800
40804
40833
40854
40875
40877
40912
40931
40951
40952
40954
40955
40967
40969
40983
41018
41020
41021
41022
41023
41024
41025
41027
41030
41032
41033
41035
41038
41118
41153
41203
41215
41235
41237
41239
41255
41275
41301
41302
41367
41374
41385
41396
41402
41419
41434
41436
41439
41443
41445
41446
41505
41516
41540
41543
41547
41560
41568
41570
41574
41595
41651
41656
41671
41704
41740
41759
41769
41771
41775
41790
41793
41824
41825
41827
41828
41848
41870
41920
41959
41966
41967
42114
42149
42185
42186
42187
42196
42215
42218
42245
42250
42251
42272
42280
42285
42289
42302
42307
42309
42333
42344
42352
42452
42455
42462
42465
42466
42468
42469
42476
42477
42487
42519
42526
42530
42532
42549
42594
42606
42663
42667
42671
42689
42705
42709
42710
42717
42729
42735
42745
42787
42793
42794
42796
42869
42901
42905
42906
42912
42916
42917
42939
42941
42942
43014
43015
43023
43045
43065
43081
43084
43085
43086
43089
43093
43099
43105
43109
43115
43117
43120
43143
43148
43149
43228
43248
43249
43274
43280
43309
43312
43337
43342
43353
43402
43545
43552
43585
43587
43593
43613
43624
43629
43639
43650
43686
43715
43717
43729
43737
43743
43749
43753
43796
43919
43931
43935
43947
44000
44001
44008
44014
44020
44027
44028
44037
44040
44041
44097
44184
44186
44194
44195
44213
44214
44224
44225
44239
44247
44250
44259
44265
44289
44296
44340
44351
44385
44396
44436
44470
44493
44499
44500
44510
44545
44548
44551
44562
44585
44586
44591
44625
44632
44678
44682
44687
44690
44692
44693
44698
44732
44759
44809
44811
44859
44909
44932
44936
44950
44954
44960
45009
45017
45031
45052
45097
45101
45102
45273
45322
45347
45359
45431
45511
45527
45551
45577
45593
45607
45641
45654
45655
45657
45663
45674
45714
45729
45746
45773
45778
45779
45795
45803
45825
45830
45835
45853
45862
45875
45878
45880
45921
45937
45959
45961
45964
46009
46020
46113
46117
46120
46158
46166
46168
46171
46172
46175
46202
46221
46230
46261
46284
46297
46302
46328
46330
46333
46359
46364
46365
46368
46398
46420
46429
46439
46441
46452
46464
46467
46507
46522
46537
46548
46633
46695
46711
46719
46759
46788
46802
46803
46812
46838
46878
46885
46895
46921
46939
46968
46970
47001
47003
47038
47044
47065
47090
47111
47122
47177
47191
47194
47205
47259
47286
47287
47335
47340
47386
47410
47425
47436
47469
47488
47515
47518
47553
47593
47615
47620
47631
47654
47674
47678
47763
47800
47827
47891
47892
47894
47955
47957
48014
48015
48016
48038
48131
48136
48147
48171
48197
48202
48221
48262
48270
48271
48291
48302
48309
48311
48312
48314
48333
48350
48359
48374
48385
48397
48421
48443
48447
48463
48466
48494
48516
48519
48565
48570
48572
48581
48585
48587
48618
48660
48669
48675
48714
48716
48747
48780
48787
48789
48800
48803
48808
48809
48813
48836
48837
48843
48871
48885
48921
48950
48957
49017
49018
49090
49126
49209
49222
49231
49237
49266
49304
49332
49343
49346
49347
49348
49351
49353
49354
49359
49362
49365
49379
49396
49433
49439
49541
49597
49599
49673
49676
49684
49728
49730
49739
49745
49746
49748
49763
49787
49794
49800
49801
49804
49810
49830
49847
49877
49950
49958
49960
49970
49988
50037
50038
50110
50142
50153
50204
50288
50317
50357
50376
50382
50392
50394
50395
50409
50427
50432
50448
50466
50471
50497
50567
50604
50606
50636
50638
50687
50698
50699
50719
50762
50808
50838
50852
50959
50962
50973
50979
51021
51046
51068
51122
51176
51215
51248
51260
51359
51428
51442
51465
51510
51521
51541
51586
51590
51723
51776
51782
51831
51842
52001
52015
52017
52021
52022
52023
52034
52044
52046
52086
52196
52199
52202
52203
52204
52226
52244
52263
52308
52309
52318
52326
52348
52395
52454
52455
52520
52528
52631
52639
52660
52685
52702
52742
52745
52788
52803
52817
52840
52868
52878
52923
52940
52941
52949
53007
53036
53045
53050
53060
53080
53101
53149
53150
53178
53187
53237
53245
53246
53335
53347
53355
53428
53442
53459
53463
53501
53502
53543
53553
53618
53661
53806
53811
53850
53868
53869
53891
53907
53949
53950
53953
53959
53967
53994
53999
54008
54013
54070
54075
54094
54099
54101
54109
54116
54118
54121
54123
54124
54127
54132
54133
54205
54208
54211
54398
54431
54496
54511
54522
54525
54582
54585
54586
54595
54604
54606
54608
54612
54653
54700
54702
54750
54753
54800
54801
54811
54818
54819
54827
54868
54871
54923
54928
54942
54961
54962
54963
54965
55006
55016
55018
55045
55066
55071
55073
55074
55076
55077
55078
55079
55080
55081
55082
55083
55102
55152
55170
55173
55186
55209
55215
55248
55300
55328
55341
55364
55366
55377
55401
55449
55515
55529
55537
55538
55539
55547
55563
55616
55660
55662
55663
55667
55681
55683
55684
55690
55691
55719
55723
55779
55784
55809
55813
55861
55888
55890
55937
55939
55943
55948
55949
55952
56021
56023
56026
56035
56090
56092
56109
56110
56132
56144
56145
56165
56242
56259
56306
56364
56383
56428
56429
56527
56529
56530
56537
56554
56560
56564
56566
56642
56673
56702
56705
56721
56762
56767
56787
56811
56860
56906
56915
56995
56997
57008
57061
57085
57146
57173
57190
57196
57203
57221
57236
57289
57293
57313
57503
57529
57597
57640
57665
57733
57744
57749
57789
57812
57817
57827
57845
57876
57901
57942
57948
57949
57950
57961
58010
58027
58093
58096
58151
58200
58206
58238
58250
58411
58428
58431
58469
58520
58585
58623
58643
58644
58664
58668
58676
58690
58718
58752
58765
58782
58783
58788
58789
58790
58791
58792
58795
58796
58797
58798
58801
58802
58807
58809
58813
58816
58862
58864
58899
58903
58904
58951
58952
58955
58965
58977
58980
58982
58983
58986
58987
58989
58992
58997
58998
59011
59039
59051
59093
59095
59114
59115
59120
59127
59158
59189
59220
59223
59270
59274
59309
59317
59356
59363
59389
59546
59549
59574
59726
59734
59735
59737
59738
59744
59762
59797
59798
59852
59936
60009
60085
60086
60095
60158
60190
60283
60304
60306
60366
60398
60410
60413
60483
60486
60490
60504
60575
60602
60619
60632
60671
60752
60765
60772
60781
60817
60819
60827
60935
60950
60965
61012
61043
61054
61116
61197
61233
61238
61239
61613
61689
61692
61698
61706
61716
61767
61789
61885
61904
61909
61948
61964
61980
61997
62105
62108
62131
62132
62433
62521
62697
62761
62904
62950
62962
62985
62986
62990
62993
63007
63015
63022
63027
63087
63088
63091
63138
63175
63183
63188
63197
63199
63207
63317
63333
63350
63360
63381
63382
63409
63512
63517
63590
63705
63706
63725
63727
63749
63777
63906
63959
64076
64077
64086
64108
64248
64343
64524
64568
64622
64717
64720
64768
64771
64788
64801
64806
64853
64854
64855
64856
64857
64861
64883
64921
64929
64932
64976
65020
65051
65055
65059
65086
65141
65143
65146
65163
65214
65252
65255
65262
65272
65322
65327
65348
65379
65416
65456
65460
65499
65514
65535
65572
65583
65598
65599
65603
65660
65823
65857
65861
65871
65891
65899
65955
66111
66121
66164
66192
66194
66237
66470
66474
66475
66489
66608
66616
66621
66670
66706
66762
66765
66794
66795
66815
66881
66892
66895
66918
66925
67055
67087
67162
67166
67227
67289
67302
67309
67311
67320
67515
67642
67655
67679
67690
67691
67715
67729
67730
67740
67742
67744
67750
67795
67811
67822
67892
67955
67956
67974
67988
68028
68116
68117
68133
68163
68164
68180
68212
68270
68301
68304
68306
68347
68373
68418
68485
68503
68505
68509
68515
68523
68572
68610
68638
68661
68665
68684
68714
68725
68874
68878
68884
68964
68982
69010
69015
69025
69058
69059
69075
69088
69117
69121
69141
69142
69158
69163
69165
69169
69217
69235
69266
69270
69272
69276
69277
69323
69363
69368
69437
69686
69724
69773
69780
69852
69853
69869
69870
69884
69900
69917
69935
69939
69942
69958
70012
70019
70021
70024
70046
70059
70069
70084
70112
70123
70177
70198
70247
70249
70345
70351
70386
70448
70553
70574
70575
70583
70584
70636
70661
70714
70740
70772
70779
70810
70820
70822
70856
70857
70878
70947
70948
70981
70984
71027
71031
71033
71042
71048
71076
71102
71112
71147
71181
71234
71326
71373
71377
71392
71469
71470
71479
71503
71511
71548
71550
71556
71582
71585
71612
71626
71628
71668
71670
71672
71679
71682
71690
71697
71701
71783
71853
71868
71902
71912
71925
71943
71944
71945
71990
72014
72033
72034
72039
72071
72073
72086
72111
72153
72190
72221
72231
72237
72244
72270
72277
72305
72313
72331
72349
72385
72444
72508
72571
72574
72595
72640
72648
72695
72754
72756
72859
72869
72909
72963
73085
73087
73116
73142
73143
73179
73192
73197
73199
73200
73203
73217
73218
73231
73290
73303
73316
73336
73354
73408
73442
73458
73460
73489
73519
73554
73588
73614
73626
73661
73807
73820
73933
73935
73936
73943
73963
73973
73986
74006
74008
74016
74019
74021
74024
74029
74035
74072
74101
74110
74189
74225
74254
74321
74328
74343
74397
74398
74461
74471
74505
74518
74539
74550
74555
74604
74618
74631
74646
74715
74725
74727
74747
74777
74807
74826
74837
74864
74899
74915
74943
74997
75013
75020
75038
75077
75101
75191
75206
75305
75318
75327
75419
75441
75454
75537
75555
75564
75623
75735
75738
75761
75862
75903
76035
76159
76164
76168
76176
76179
76195
76212
76214
76400
76403
76409
76450
76460
76467
76487
76516
76560
76617
76620
76621
76635
76656
76666
76681
76730
76732
76762
76779
76790
76804
76810
76856
76875
76929
76935
77022
77046
77047
77050
77067
77068
77109
77127
77155
77156
77173
77260
77319
77336
77361
77399
77444
77546
77551
77571
77586
77594
77602
77626
77669
77677
77785
77812
77824
77851
77854
77883
77884
77885
77889
77949
78042
78068
78073
78075
78083
78093
78169
78198
78218
78239
78246
78247
78250
78252
78253
78288
78294
78302
78308
78325
78332
78362
78381
78383
78402
78411
78453
78461
78508
78509
78522
78552
78555
78561
79027
79062
79073
79078
79080
79119
79181
79190
79219
79225
79277
79316
79319
79329
79363
79436
79544
79550
79576
79582
79649
79694
79721
79771
79785
79823
79826
79828
79896
79906
79911
79975
80290
80333
80368
80385
80390
80468
80528
80532
80570
80577
80624
80633
80634
80657
80668
80676
80720
80733
80737
80837
80920
80965
81009
81185
81241
81384
81425
81431
81437
81459
81464
81465
81466
81469
81475
81477
81478
81479
81480
81483
81489
81521
81839
81840
81887
81972
82018
82020
82056
82115
82118
82126
82139
82173
82209
82210
82309
82315
82363
82407
82411
82431
82452
82466
82505
82507
82530
82628
82653
82654
82655
82657
82680
82707
82743
82791
82802
82871
82873
82972
82986
82990
82995
82996
83000
83002
83014
83035
83096
83101
83155
83172
83188
83282
83283
83285
83292
83310
83311
83323
83329
83356
83363
83404
83409
83413
83414
83416
83433
83473
83519
83579
83587
83590
83613
83618
83717
83727
83818
83820
83821
83822
83833
83834
83842
83857
83866
83875
83877
83880
83896
83899
83913
83938
84007
84058
84060
84068
84071
84077
84103
84104
84107
84108
84152
84178
84181
84183
84194
84204
84226
84228
84230
84233
84234
84235
84253
84276
84289
84297
84348
84359
84360
84374
84375
84391
84418
84419
84422
84423
84428
84443
84449
84505
84512
84520
84521
84558
84565
84577
84585
84588
84590
84599
84600
84604
84612
84625
84628
84635
84708
84710
84711
84713
84714
84719
84720
84726
84738
84742
84784
84805
84898
84901
84907
84913
84924
84942
84950
84951
84960
84982
84983
84985
84986
84987
84988
84989
84990
84991
84992
84994
84995
84996
84997
84998
84999
85000
85001
85003
85006
85007
85008
85010
85011
85023
85024
85051
85083
85133
85135
85136
85137
85138
85141
85143
85144
85145
85146
85148
85149
85150
85152
85153
85154
85155
85156
85157
85159
85161
85162
85163
85165
85166
85167
85168
85169
85170
85172
85173
85174
85176
85177
85181
85182
85184
85185
85186
85187
85188
85189
85190
85191
85192
85193
85194
85195
85196
85197
85198
85199
85200
85201
85202
85203
85204
85206
85207
85223
85226
85230
85233
85236
85237
85239
85241
85306
85483
85489
85496
85498
85512
85557
85558
85561
85562
85563
85566
85567
85611
85641
85646
85669
85674
85681
85682
85683
85695
85707
85710
85736
85765
85865
85867
85873
85880
85958
85969
85973
86068
86075
86094
86101
86102
86131
86149
86182
86191
86193
86203
86212
86214
86215
86239
86252
86269
86271
86276
86278
86283
86304
86305
86326
86328
86329
86330
86332
86343
86410
86470
86492
86494
86499
86571
86580
86595
86597
86598
86599
86615
86627
86633
86642
86643
86644
86658
86667
86672
86679
86680
86681
86683
86685
86687
86689
86690
86699
86703
86742
86743
86744
86759
86772
86793
86825
86889
86901
86939
86962
86973
86979
87110
87120
87178
87203
87226
87269
87280
87302
87321
87331
87341
87369
87395
87419
87436
87451
87456
87464
87469
87472
87489
87517
87552
87590
87603
87616
87624
87680
87698
87699
87700
87703
87704
87706
87710
87716
87719
87835
87846
87852
87858
87867
87869
87874
87875
87877
87880
87895
87897
87905
87907
87911
88006
88014
88018
88024
88065
88118
88174
88197
88225
88258
88296
88350
88352
88353
88357
88361
88364
88374
88377
88379
88380
88381
88404
88405
88410
88414
88424
88520
88537
88559
88567
88604
88678
88823
88905
88941
89115
89143
89146
89281
89312
89319
89337
89345
89351
89369
89381
89386
89394
89397
89398
89400
89403
89405
89410
89445
89475
89535
89543
89549
89632
89634
89641
89654
89659
89662
89691
89695
89697
89698
89710
89718
89720
89723
89725
89741
89747
89762
89885
89904
89933
89935
89940
89962
89994
89995
90016
90025
90030
90047
90059
90064
90099
90116
90118
90120
90170
90232
90291
90315
90338
90355
90360
90363
90391
90695
90736
90765
90831
90840
90888
90898
90926
90936
90940
90941
90982
90985
90986
91006
91015
91065
91066
91110
91166
91168
91172
91223
91228
91283
91319
91405
91408
91409
91421
91431
91433
91549
91561
91586
91600
91605
91609
91627
91683
91688
91733
91736
91817
91837
91890
91908
91923
91982
92060
92182
92208
92227
92317
92319
92320
92322
92380
92393
92395
92397
92398
92418
92495
92562
92605
92613
92635
92695
92698
92700
92702
92706
92707
92716
92720
92724
92725
92755
92764
92766
92769
92776
92779
92782
92785
92787
92804
92809
92814
92842
92992
93030
93082
93084
93100
93226
93285
93394
93451
93513
93554
93629
93630
93699
93715
93755
93758
93856
93862
93867
93886
93888
93890
93899
93925
93929
93939
93950
93957
93958
93959
94063
94068
94070
94261
94265
94282
94365
94436
94540
94542
94545
94548
94567
94583
94603
94735
94736
94737
94746
94769
94816
94841
94862
94874
94887
94910
94940
95000
95002
95008
95010
95040
95048
95091
95099
95105
95114
95115
95206
95348
95381
95404
95432
95480
95481
95514
95547
95559
95560
95567
95609
95667
95694
95698
95730
95757
95820
95993
96029
96125
96140
96235
96271
96367
96446
96455
96568
96648
96781
96898
96917
96951
96974
96976
97051
97100
97183
97186
97206
97220
97240
97251
97298
97306
97317
97345
97544
97553
97559
97589
97593
97601
97622
97649
97654
97693
97722
97776
97780
97790
97795
97808
97810
97814
97850
97889
97942
97967
97971
97974
97975
97983
97986
98012
98019
98039
98081
98084
98090
98106
98116
98119
98128
98142
98175
98197
98209
98213
98216
98219
98230
98234
98308
98360
98368
98599
98640
98851
98862
98887
98903
98906
98948
99008
99062
99092
99104
99110
99192
99194
99241
99263
99328
99341
99424
99478
99530
99537
99545
99725
99859
99885
99942
99989
100009
100024
100034
100051
100082
100089
100100
100183
100190
100191
100192
100241
100272
100274
100275
100314
100329
100432
100457
100472
100474
100493
100516
100541
100557
100657
100661
100662
100669
100671
100770
100782
100788
100819
100960
101013
101054
101060
101152
101176
101179
101320
101361
101364
101422
101501
101519
101588
101592
101626
101669
101720
101724
101791
101797
101806
101898
101952
101953
101962
102013
102042
102060
102111
102116
102121
102122
102283
102308
102309
102312
102313
102316
102318
102390
102420
102442
102443
102463
102693
102758
102762
102765
102794
102796
102903
103071
103217
103254
103424
103433
103437
103514
103578
103600
103607
103620
103676
103683
103708
103958
103966
103971
103974
103984
104063
104108
104112
104116
104150
104184
104205
104217
104304
104327
104377
104385
104391
104404
104405
104422
104424
104425
104426
104528
104534
104621
104644
104709
104713
104729
104755
104760
104772
104811
104812
104846
104851
104887
104921
104953
105022
105070
105101
105166
105258
105293
105408
105531
105543
105588
105701
105712
105746
105772
105805
105827
105854
105902
105949
105968
105989
106015
106028
106046
106238
106269
106271
106280
106296
106394
106402
106427
106448
106614
106621
106679
106682
106717
106774
106836
106845
106855
106972
106990
107020
107121
107270
107275
107315
107331
107334
107336
107341
107342
107343
107364
107403
107423
107430
107438
107596
107738
107781
107872
107918
107980
108066
108067
108096
108130
108132
108147
108181
108226
108382
108435
108480
108482
108537
108541
108563
108576
108580
108641
108647
108704
108743
108774
108780
108788
108792
108836
108839
108859
108864
108872
108873
108877
108878
108885
108888
108890
108909
108933
108993
109074
109086
109089
109097
109100
109102
109109
109120
109122
109133
109157
109159
109174
109213
109218
109238
109240
109320
109377
109399
109425
109428
109442
109466
109473
109477
109506
109563
109565
109703
109707
109742
109763
109841
110004
110129
110138
110152
110163
110175
110327
110329
110336
110404
110412
110523
110530
110545
110588
110760
110768
110772
110790
110976
110980
110982
110989
110994
111015
111066
111074
111306
111405
111440
111461
111476
111735
111749
111753
111816
111835
111847
111877
111878
111901
112238
112257
112287
112454
112460
112481
112525
112529
112661
112666
112687
112703
112712
112812
112969
112975
113130
113131
113132
113146
113241
113323
113337
113340
113344
113382
113409
113417
113451
113525
113602
113621
113625
113627
113658
113678
113681
113726
113739
113751
113814
113821
113905
113909
113917
113957
113984
114003
114010
114013
114126
114131
114133
114153
114162
114164
114169
114176
114178
114187
114209
114394
114440
114540
114542
114584
114604
114606
114619
114635
114684
114688
114730
114740
114789
114835
114847
114958
114968
115084
115123
115128
115131
115147
115201
115210
115226
115229
115241
115258
115282
115285
115374
115422
115445
115447
115448
115451
115609
115666
115755
115816
115908
115923
116118
116177
116194
116212
116216
116218
116233
116248
116319
116325
116327
116337
116389
116407
116410
116445
116463
116475
116494
116514
116532
116581
116583
116597
116602
116603
116605
116610
116611
116630
116632
116641
116712
116811
116829
116875
116946
116979
116983
117017
117019
117023
117026
117028
117055
117120
117216
117258
117328
117350
117366
117372
117429
117546
117561
117630
117856
117904
117905
117942
117961
117974
117978
118043
118227
118249
118305
118332
118424
118427
118449
118485
118570
118612
118621
118622
118625
118626
118856
118866
118874
118957
118988
119010
119142
119158
119159
119168
119169
119170
119175
119198
119207
119212
119255
119278
119353
119363
119478
119517
119550
119558
119586
119592
119595
119640
119655
119677
119698
119723
119786
119884
120045
120189
120199
120211
120225
120226
120240
120325
120330
120478
120498
120499
120582
120632
120698
120749
120764
120771
120772
120846
120881
120913
121071
121143
121157
121175
121390
121399
121401
121498
121515
121567
121572
121573
121587
121597
121606
121620
121937
121997
122027
122052
122206
122211
122245
122317
122326
122329
122369
122372
122408
122466
122539
122544
122582
122677
122691
122742
122804
122982
123075
123105
123107
123109
123180
123244
123313
123324
123351
123389
123404
123501
123602
123728
123814
123815
123858
123888
123919
123957
123969
123994
124040
124045
124046
124049
124054
124105
124114
124118
124124
124135
124230
124260
124322
124408
124428
124470
124536
124553
124556
124635
124637
124656
124668
124873
125040
125129
125137
125138
125149
125268
125294
125331
125442
125490
125509
125540
125558
125647
125651
125659
125686
125751
125752
125764
125773
125787
125987
126008
126022
126075
126107
126170
126172
126277
126323
126397
126451
126463
126478
126487
126491
126503
126512
126568
126594
126684
126689
126754
126757
126793
126795
126816
126889
126927
126938
126955
126962
127049
127144
127188
127207
127209
127284
127401
127421
127441
127548
127594
127626
127628
127648
127651
127683
127739
127742
127752
127782
127884
127953
128115
128145
128152
128174
128188
128191
128276
128311
128400
128484
128558
128584
128643
128655
128748
128762
128791
128820
128838
128841
128862
128866
128896
128917
128971
128988
129195
129218
129295
129298
129385
129418
129481
129524
129547
129663
129668
129761
129798
129858
129878
129976
130016
130018
130046
130068
130165
130366
130421
130523
130626
130701
130802
130864
130942
130972
131083
131123
131212
131225
131358
131578
131582
131673
131674
131689
131847
131881
131885
131887
131892
131914
131916
131938
131951
131967
131974
131995
132035
132064
132137
132163
132232
132240
132247
132250
132269
132295
132346
132361
132369
132410
132447
132587
132626
132729
132802
132843
132894
132916
132935
133137
133143
133167
133172
133196
133197
133319
133339
133360
133369
133463
133473
133535
133714
133718
133805
133831
133838
133907
133918
133953
133959
134136
134182
134366
134394
134404
134503
134521
134570
134572
134597
134607
134628
134640
134656
134756
134760
134800
134885
134890
135060
135064
135132
135141
135197
135208
135251
135252
135288
135309
135321
135354
135368
135369
135402
135414
135422
135424
135446
135451
135454
135461
135475
135480
135482
135559
135570
135579
135589
135656
135670
135760
135812
135848
135893
135940
135945
135973
136006
136013
136074
136146
136163
136212
136268
136269
136309
136328
136467
136468
136549
136585
136593
136641
136681
136705
136720
136801
136805
136837
136881
136946
137051
137062
137069
137145
137295
137355
137528
137533
137540
137550
137562
137578
137634
137640
137663
137688
137707
137746
137749
137756
137847
137900
137902
137904
137939
137955
137992
138012
138017
138068
138097
138223
138269
138298
138345
138355
138372
138385
138469
138496
138544
138630
138718
138726
138792
138843
138858
138875
138900
138901
138941
138943
138944
138956
138959
138967
138987
138988
138997
138998
138999
139038
139103
139132
139198
139244
139246
139349
139359
139404
139431
139455
139484
139543
139611
139659
139668
139715
139721
139747
139748
139753
139761
139791
139804
139858
139879
139933
139993
140056
140149
140165
140166
140172
140174
140218
140343
140359
140394
140403
140425
140482
140491
140499
140506
140516
140541
140652
140659
140680
140689
140694
140750
140781
140786
140820
140821
140839
140851
140941
140965
141046
141063
141127
141128
141210
141222
141333
141390
141524
141555
141590
141611
141642
141644
141733
141735
141864
141899
142059
142116
142305
142591
142593
142708
142709
142711
142758
143083
143095
143109
143139
143142
143146
143147
143192
143222
143226
143358
143369
143458
143508
143547
143599
143777
143780
143877
143928
143967
144070
144086
144108
144113
144147
144171
144204
144206
144351
144394
144399
144402
144542
144662
144696
144706
144716
144739
144822
144839
144863
144868
144909
144926
145099
145103
145135
145198
145210
145444
145508
145525
145587
145645
145650
145668
145850
145862
145951
145998
146012
146028
146038
146138
146163
146165
146168
146170
146203
146229
146243
146287
146301
146307
146313
146365
146380
146852
146873
147061
147087
147133
147136
147151
147230
147232
147237
147272
147278
147310
147458
147641
147740
147807
147812
147851
147879
147888
147890
147941
147991
148003
148005
148112
148148
148153
148322
148644
148773
148801
148972
148977
148991
148993
148999
149113
149148
149233
149234
149438
149592
149630
149744
149777
149804
149806
149897
150014
150060
150196
150201
150202
150211
150340
150531
150588
150765
150782
150786
150794
150906
150928
151020
151062
151188
151193
151382
151725
151933
152031
152032
152130
152434
152586
152592
152907
152908
153054
153060
153072
153102
153186
153188
153490
153509
153529
153738
153740
154202
154206
154207
154210
154239
154303
154390
154445
154566
154621
155084
155182
155319
155341
155537
155554
155577
155706
155708
155834
155964
155967
156019
156068
156094
156191
156252
156307
156310
156329
156344
156365
156385
156420
156518
156542
156597
156623
156704
156969
156980
156981
157036
157115
157125
157161
157185
157268
157272
157276
157418
157422
157424
157433
157438
157544
157547
157556
157581
157599
157619
157707
157858
157910
157922
158015
158066
158087
158129
158337
158354
158752
158873
158962
159031
159092
159109
159117
159128
159211
159324
159368
159390
159393
159422
159515
159638
159698
159803
159826
160070
160128
160200
160201
160202
160203
160204
160352
160386
160405
160410
160547
160560
160697
160865
160910
161119
161128
161154
161216
161324
161326
161367
161368
161374
161426
161430
161499
161672
161692
161761
161782
161852
161864
161885
161886
162010
162043
162046
162115
162247
162336
162580
162678
162708
162804
162941
163008
163066
163189
163208
163447
163454
163510
163514
163541
163543
163545
163554
163589
164052
164377
164423
164495
164628
164687
164708
165078
165279
165541
165567
165864
166080
166161
166201
166271
166315
166343
166544
166598
166736
166738
166752
166757
166816
166902
166904
166916
166981
167032
167036
167078
167079
167119
167198
167282
167401
167554
167556
167575
167673
167733
167828
167956
167960
168098
168145
168248
168253
168325
168368
168382
168405
168476
168633
168705
168802
168854
168859
168883
168885
168891
168901
169150
169314
169360
169366
169406
169494
169534
169635
169644
169845
169865
170075
170199
170251
170259
170261
170332
170430
170647
170748
170792
170885
171045
171112
171277
171282
171283
171285
171287
171292
171308
171367
171424
171499
171570
171603
171703
171930
172002
172006
172115
172155
172342
172372
172486
172620
172729
172798
172807
172828
173047
173080
173095
173285
173305
173321
173324
173326
173345
173353
173356
173365
173457
173672
173744
173761
173795
173802
173863
173897
174045
174080
174188
174288
174521
174611
174618
174671
174678
174682
175138
175180
175297
175525
175696
175940
175944
176018
176223
176441
176497
176570
176830
176990
177096
177100
177146
177221
177232
177552
177583
177838
177839
177901
178122
178135
178146
178272
178408
178439
178508
178687
178851
178900
179070
179111
179123
179142
179159
179242
179248
179254
179255
179269
179344
179351
179355
179358
179363
179391
179473
179494
179496
179503
179548
179672
179765
179880
180168
180267
180268
180276
180305
180323
180631
180850
180886
180911
181056
181095
181160
181175
181282
181425
181587
181628
181726
181764
181921
181965
182117
182140
182237
182499
182510
182751
182774
183107
183149
183327
183347
183360
183363
183412
183597
183661
183760
183770
183841
183872
184150
184165
184345
184346
184590
184710
184712
184804
184885
185267
185295
185406
185460
185474
185495
185688
185755
186031
186324
186349
186351
186359
186366
186458
186574
186600
186602
186743
186869
186889
186903
186936
186959
187010
187100
187115
187276
187288
187291
187525
187546
187591
187782
187801
187851
187993
188032
188074
188304
188489
188628
188642
188667
188837
188884
188885
189098
189274
189299
189353
189387
189409
189547
189711
189755
189932
190062
190066
190068
190089
190221
190225
190234
190241
190246
190248
190252
190392
190544
190638
190829
190847
191086
191298
191378
191393
191431
191447
191568
191619
191644
191740
191806
191850
192023
192089
192125
192153
192186
192367
192415
192441
192483
192808
192813
192857
192982
192987
193040
193079
193084
193122
193286
193335
193474
193476
193579
193580
193582
193596
193603
193611
193612
193714
193726
194031
194121
194150
194209
194290
194393
194421
194486
194490
194625
194643
194645
194659
194759
194804
195022
195053
195328
195389
195539
195606
195761
195781
195796
195845
196139
196328
196425
196426
196670
196830
196916
197010
197011
197154
197201
197389
197398
197497
197499
197649
197817
197858
197919
198002
198181
198194
198207
198210
198292
198456
198572
198757
198762
199034
199036
199052
199105
199107
199114
199166
199347
199534
199578
199840
199913
199939
200044
200048
200130
200211
200213
200462
200525
200535
200639
200665
200671
200672
200709
200719
200745
200782
200802
200803
200819
200872
200953
201022
201024
201085
201110
201171
201178
201181
201199
201252
201290
201297
201377
201380
201426
201430
201642
201712
201728
201870
201926
201989
202083
202113
202171
202244
202357
202483
202508
202604
202626
202628
202784
203008
203009
203012
203013
203021
203022
203023
203025
203039
203116
203155
203186
203266
203525
203556
203618
203834
203835
203847
203890
203963
203970
203976
204115
204349
204473
204550
204567
204577
204607
204609
204611
204620
204627
204730
204772
204806
204839
204904
204973
205091
205104
205210
205223
205254
205321
205769
205795
205818
205891
205902
205903
205943
206139
206153
206157
206183
206203
206309
206370
206630
206721
206860
206865
206970
207260
207263
207270
207271
207273
207275
207277
207345
207356
207434
207455
207457
207458
207475
207680
207729
207733
207763
207768
207769
207770
207773
207774
207780
207782
207933
208160
208172
208182
208225
208259
208448
208492
208505
208609
208617
208657
208703
208759
208931
208934
209103
209182
209283
209434
209443
209495
209582
209611
209692
209780
209901
209956
209959
210171
210179
210194
210238
210298
210454
210556
210567
210587
210599
210634
210734
210739
210842
210908
210910
210947
211045
211065
211067
211159
211222
211238
211240
211258
211266
211286
211301
211318
211400
211421
211557
211560
211587
211603
211618
211676
211678
211680
211681
211682
211684
211686
211687
211688
211774
211796
211862
211865
211914
211982
211995
211998
211999
212003
212005
212007
212014
212016
212017
212027
212054
212178
212195
212237
212286
212391
212494
212599
212629
212693
212814
212858
212908
212930
212973
213110
213130
213133
213154
213207
213208
213212
213213
213215
213218
213251
213278
213281
213324
213333
213358
213396
213407
213431
213466
213476
213499
213711
213760
213765
213766
213770
213775
213783
213785
213788
213792
213799
213803
213805
213806
213809
213810
213811
213903
213945
213967
214024
214056
214106
214126
214163
214175
214198
214256
214328
214464
214493
214552
214597
214629
214641
214680
214754
214851
214979
214990
215221
215243
215250
215280
215296
215332
215355
215490
215551
215620
215672
215722
215772
215830
215836
215861
215890
215957
215976
216016
216031
216043
216098
216139
216141
216142
216175
216176
216178
216183
216187
216189
216192
216194
216196
216200
216203
216374
216424
216539
216546
216557
216580
216672
216683
217085
217092
217130
217195
217311
217345
217596
217665
217787
217789
217849
217982
218038
218085
218112
218266
218314
218485
218514
218607
218720
218738
218769
218776
218784
218809
218868
219001
219004
219044
219047
219180
219247
219267
219386
219431
219606
219628
219668
219808
219816
219878
219932
219961
220139
220386
220468
220471
220475
220476
220490
220506
220512
220514
220618
220677
220680
220682
220720
220775
220778
220796
220854
221002
221161
221351
221357
221444
221506
221562
221637
221737
221782
221824
221972
222025
222264
222283
222299
222316
222333
222357
222438
222461
222465
222482
222641
222851
222858
222861
222879
222882
222900
222911
222932
222969
223004
223050
223051
223055
223061
223075
223084
223085
223093
223097
223099
223106
223139
223140
223144
223178
223259
223263
223269
223281
223286
223296
223324
223344
223376
223461
223625
223698
223732
223753
223754
223780
223968
224007
224014
224067
224069
224073
224075
224078
224223
224243
224244
224301
224324
224328
224350
224509
224511
224614
224615
224626
224630
224645
224647
224650
224652
224677
224680
224686
224687
224688
224690
224758
224772
224778
224815
224908
224944
224950
224951
224997
225035
225048
225065
225278
225279
225285
225287
225294
225298
225301
225429
225437
225438
225449
225454
225456
225459
225498
225549
225608
225671
225715
225724
225800
225866
225867
225898
225979
225982
226018
226023
226140
226179
226257
226269
226417
226438
226458
226603
226614
226630
226640
226767
226783
226850
226884
226897
226948
226988
226990
226992
226994
227002
227008
227070
227071
227094
227172
227173
227213
227225
227227
227234
227267
227281
227285
227348
227369
227531
227534
227553
227555
227565
227569
227571
227574
227575
227601
227603
227608
227611
227618
227619
227623
227625
227662
227670
227692
227739
227759
227795
227798
227835
227841
227852
227854
227856
227857
227858
227864
227866
227867
227871
227877
227883
227903
227907
227914
227992
228316
228358
228369
228434
228472
228496
228504
228550
228562
228676
228678
228724
228880
228915
228942
228973
229078
229108
229138
229154
229182
229198
229333
229335
229341
229375
229526
229761
229790
229801
229828
229839
229850
229852
229856
229894
229934
230004
230008
230070
230077
230082
230168
230263
230264
230298
230300
230333
230453
230479
230559
230564
230619
230643
230688
230907
230977
230997
231001
231003
231082
231188
231384
231430
231502
231509
231516
231528
231605
231683
231707
231783
231809
231994
232022
232194
232232
232319
232331
232406
232408
232731
232777
232789
232799
232802
232804
232810
232888
232893
232995
233077
233191
233194
233208
233226
233292
233383
233734
233738
233833
233885
233934
234124
234151
234212
234652
234663
234709
234993
235046
235339
235385
235493
235537
235692
235733
235746
235796
235798
236149
236336
236375
236423
236605
236816
237015
237293
237690
237714
237862
238091
238341
238358
238384
238519
238544
238596
238636
238695
238854
238957
239019
239076
239215
239255
239288
239352
239380
239414
239602
239628
239722
239728
239742
239815
239840
239973
240194
240222
240260
240490
240507
240611
240665
240675
240896
241047
241257
241258
241308
241310
241438
241528
241723
241764
241843
241855
241927
241958
242033
242224
242245
242358
242376
242487
242512
242549
242606
243520
243688
243697
243704
243714
243724
243901
243940
243996
244009
244033
244158
244301
244305
244316
244412
244446
244458
244566
244610
244638
244741
244765
244766
244852
245003
245107
245142
245224
245367
245589
245627
245716
245957
245961
246023
246060
246162
246206
246218
246223
246228
246229
246233
246236
246337
246355
246390
246403
246448
246463
246485
246548
246559
246688
246727
246741
246821
246822
246917
247111
247113
247280
247603
247636
247670
247747
247873
248045
248063
248426
248481
248487
248561
248576
248595
248626
248633
248641
248661
248670
248714
248736
248781
249044
249087
249195
249220
249245
249260
249295
249372
249391
249442
249446
249478
249602
249672
249921
249975
250084
250100
250184
250325
250352
250362
250414
250417
250420
250425
250505
250546
250557
250574
250577
250739
250747
250786
250788
250792
250866
250869
250879
250884
251124
251136
251183
251211
251213
251282
251309
251365
251368
251370
251371
251384
251407
251412
251439
251499
251526
251559
251719
251721
251733
251860
252122
252130
252151
252171
252189
252190
252208
252273
252296
252297
252320
252374
252409
252422
252429
252455
252492
252496
252529
252567
252574
252612
252640
252715
252848
252857
252880
252905
252932
253010
253057
253098
253103
253108
253148
253205
253237
253275
253288
253306
253365
253402
253410
253453
253477
253492
253520
253650
253712
253755
253794
253829
253862
253866
253905
253999
254009
254010
254126
254174
254188
254191
254193
254194
254426
254469
254472
254474
254544
254555
254634
254643
254732
254803
254819
255197
255291
255292
255293
255295
255298
255299
255305
255328
255337
255384
255389
255450
255512
255537
255561
255633
255645
255674
255680
255711
255754
255755
255789
255798
255848
255911
255916
255921
255928
256012
256030
256080
256227
256239
256274
256452
256511
256544
256552
256669
256676
256742
256795
256830
256951
257047
257054
257087
257093
257117
257206
257207
257275
257323
257345
257351
257373
257430
257444
257445
257450
257629
257646
257796
257834
257861
257874
257904
257976
257987
258006
258086
258097
258115
258157
258193
258255
258339
258453
258726
258851
258855
259072
259074
259197
259246
259303
259391
259392
259543
259544
259633
259651
259668
259672
259675
259693
259712
259729
259828
259829
259839
259847
259888
260104
260163
260435
260536
260602
260739
260776
260795
260797
260804
260805
260809
260811
260814
260824
260915
260958
260975
261071
261084
261090
261179
261264
261273
261335
261357
261595
261596
261597
261624
261727
261746
261928
261943
262079
262084
262087
262088
262165
262169
262264
262267
262284
262305
262320
262324
262423
262522
262609
262621
262693
262702
262751
262832
262837
262839
262840
262848
262871
262872
262919
262972
263002
263009
263103
263114
263124
263198
263265
263309
263393
263416
263472
263554
263597
263905
263911
263986
264172
264184
264227
264248
264249
264251
264252
264253
264262
264344
264466
264470
264480
264568
264598
264642
264691
264738
264743
264833
264880
264881
264983
265010
265016
265018
265019
265067
265085
265240
265252
265321
265449
265463
265465
265470
265472
265484
265866
265905
266182
266219
266327
266644
266725
266882
267013
267025
267078
267282
267414
267441
267491
267526
267570
267574
267587
267743
267794
267806
267852
267853
267909
267913
267927
268053
268091
268101
268102
268150
268157
268175
268186
268228
268229
268409
268421
268508
268575
268595
268716
268725
268740
268758
268777
268892
268940
268945
268948
268979
268993
269012
269248
269255
269279
269586
269587
269676
269825
269857
269861
269870
269947
270057
270064
270085
270169
270221
270287
270299
270303
270304
270314
270404
270411
270424
270439
270442
270557
270561
270594
270595
270630
270643
270802
270837
270851
270880
270884
271041
271050
271075
271203
271315
271336
271392
271393
271481
271488
271492
271499
271528
271533
271651
271665
271744
271798
271813
272098
272101
272263
272296
272313
272320
272328
272350
272423
272468
272469
272484
272488
272617
272625
272692
272699
272713
272796
272810
272813
272911
272928
272997
273135
273174
273187
273190
273271
273375
273418
273422
273425
273477
273508
273509
273511
273525
273544
273560
273565
273651
273675
273706
273714
273725
273763
273773
273786
273789
273792
273804
273805
273807
273855
273856
273879
273923
273946
274001
274025
274036
274078
274081
274082
274107
274172
274186
274214
274218
274243
274247
274257
274272
274290
274339
274359
274477
274513
274626
274634
274636
274877
274897
274899
274930
275088
275203
275209
275210
275243
275328
275420
275472
275479
275614
275637
275678
275804
275805
275813
275869
275897
275950
275985
276007
276012
276036
276086
276150
276208
276210
276287
276292
276328
276346
276357
276366
276483
276488
276505
276522
276523
276535
276691
276692
276697
276739
276746
276748
276857
276877
276911
276916
276922
276926
276930
276956
277046
277054
277093
277113
277133
277179
277189
277232
277251
277361
277367
277377
277433
277439
277461
277500
277506
277540
277552
277579
277599
277610
277685
277687
277688
277754
277774
277965
278102
278267
278305
278316
278388
278478
278513
278632
278653
278665
278670
278682
278706
278771
278806
278834
278910
278934
278954
278961
278984
278995
279087
279153
279181
279256
279428
279493
279504
279516
279525
279547
279548
279551
279588
279661
279673
279690
279696
279732
279752
279755
279764
279785
279812
279817
279905
279932
279948
279965
279966
279967
279968
279970
279972
279975
279977
279994
279997
279998
280000
280002
280005
280092
280127
280171
280241
280381
280387
280402
280434
280552
280573
280585
280599
280670
280731
280774
280860
280887
280892
280923
280931
281054
281111
281114
281160
281168
281177
281186
281189
281229
281289
281309
281348
281358
281549
281557
281621
281631
281653
281657
281668
281698
281707
281720
281770
281869
281888
281897
281905
281932
281973
281979
282035
282172
282191
282329
282338
282399
282440
282448
282484
282534
282616
282670
282747
282787
282812
282813
282901
282960
283009
283087
283112
283150
283217
283224
283225
283256
283262
283323
283327
283328
283431
283445
283613
283627
283686
283746
283749
283783
283834
283835
283885
284110
284125
284248
284249
284262
284308
284309
284319
284564
284584
284711
284754
285067
285104
285156
285215
285225
285251
285471
285524
285549
285598
285743
285838
285840
285872
286003
286025
286223
286234
286297
286347
286365
286367
286371
286372
286452
286486
286657
286805
286865
286890
286929
286939
286971
287021
287084
287240
287258
287318
287424
287446
287456
287500
287523
287524
287525
287526
287527
287528
287601
287644
287650
287692
287715
287784
287791
287793
287798
287903
287937
287982
288049
288123
288137
288154
288158
288234
288238
288250
288275
288297
288335
288393
288424
288445
288500
288505
288514
288516
288588
288671
288684
288687
288859
289021
289097
289190
289239
289271
289283
289416
289442
289476
289536
289548
289559
289600
289668
289698
289702
289708
289712
289740
289750
289923
290079
290224
290235
290291
290390
290391
290394
290396
290415
290447
290456
290537
290555
290623
290625
290637
290656
290669
290678
290696
290697
290708
290724
290725
290732
290767
290789
290825
290847
290903
290988
290999
291031
291110
291151
291167
291272
291279
291290
291297
291331
291336
291347
291367
291370
291374
291413
291418
291438
291452
291495
291533
291540
291542
291543
291544
291545
291564
291567
291590
291604
291608
291610
291625
291643
291661
291679
291693
291762
291865
291866
291998
292013
292110
292227
292280
292315
292482
292523
292525
292601
292617
292636
292720
292876
292877
292988
292992
293093
293125
293188
293249
293290
293379
293401
293403
293417
293452
293517
293536
293540
293553
293572
293585
293625
293743
293771
293781
293791
293828
293830
293852
293862
293894
293901
293970
294047
294083
294131
294134
294147
294160
294203
294238
294258
294263
294274
294289
294300
294308
294310
294334
294346
294371
294488
294515
294548
294562
294566
294584
294616
294629
294705
294753
294776
294798
294805
294816
294833
294840
294844
294910
294949
294963
294976
294979
295011
295071
295138
295154
295155
295168
295180
295181
295202
295207
295220
295254
295278
295294
295307
295331
295338
295339
295353
295387
295413
295427
295430
295433
295441
295576
295711
295723
295774
295789
295806
295900
295933
295974
295987
296065
296121
296130
296172
296174
296216
296241
296244
296271
296273
296356
296371
296438
296496
296500
296503
296571
296573
296626
296647
296695
296712
296796
296803
296855
296878
297015
297059
297077
297091
297147
297160
297173
297241
297242
297244
297269
297422
297431
297446
297455
297461
297465
297472
297480
297548
297580
297588
297600
297608
297610
297631
297632
297680
297727
297768
297792
297878
297881
298009
298015
298026
298028
298032
298034
298036
298042
298091
298093
298096
298156
298165
298166
298169
298171
298174
298177
298180
298183
298186
298193
298228
298250
298294
298296
298301
298302
298312
298347
298357
298380
298394
298465
298472
298484
298485
298487
298538
298547
298577
298584
298589
298609
298649
298653
298663
298723
298830
298833
298835
298865
298966
298967
298968
298977
298979
298983
299012
299025
299077
299079
299080
299081
299093
299154
299242
299245
299359
299438
299468
299496
299504
299526
299548
299551
299589
299599
299730
299737
299858
299900
299939
299965
300019
300049
300096
300144
300156
300236
300321
300355
300375
300393
300467
300469
300581
300591
300608
300613
300662
300665
300668
300669
300683
300767
300790
300804
300902
300903
300972
300986
300994
300996
301010
301014
301074
301080
301122
301156
301199
301233
301249
301286
301303
301325
301356
301365
301382
301417
301424
301431
301566
301606
301655
301711
301728
301804
301846
301866
301920
301992
302019
302020
302038
302045
302289
302428
302477
302490
302506
302512
302584
302586
302618
302644
302675
302689
302790
302801
302904
303005
303129
303177
303204
303267
303303
303327
303678
303696
303702
303706
303772
303898
303965
304021
304104
304147
304366
304480
304613
304706
304752
304897
304916
305028
305037
305058
305154
305175
305511
305523
305580
305615
305655
305805
305862
305883
305966
306000
306045
306109
306185
306285
306307
306517
306520
306622
306628
306630
306634
306639
306642
306643
306645
306648
306649
306654
306655
306692
306696
306701
306746
306747
306748
306803
306932
306947
306951
306964
306966
306967
306969
307023
307047
307112
307123
307156
307274
307544
307719
307728
307739
308017
308115
308123
308125
308128
308129
308130
308131
308133
308135
308152
308194
308259
308269
308348
308421
308467
308539
308642
308724
308787
308866
308867
309000
309013
309047
309062
309063
309068
309073
309079
309083
309102
309193
309290
309297
309378
309397
309439
309554
309589
309732
309772
309779
309780
309782
309793
309811
309879
309885
309889
309919
309921
309955
310018
310043
310131
310137
310331
310451
310535
310591
310592
310667
310707
310725
310807
310843
310917
310933
310945
310947
310996
311010
311017
311085
311156
311327
311460
311539
311699
311876
312082
312174
312275
312302
312394
312395
312396
312448
312475
312640
312649
312692
312756
312791
312793
312823
312827
312831
312859
312900
312980
313036
313330
313533
313542
313710
313922
313954
314065
314071
314193
314234
314257
314266
314291
314420
314421
314422
314431
314762
314915
314958
315007
315024
315039
315094
315123
315125
315126
315247
315250
315306
315355
315379
315400
315404
315449
315529
315531
315832
315838
315899
315929
315978
316005
316010
316036
316106
316113
316154
316157
316233
316246
316268
316345
316408
316419
316438
316637
316724
316727
316744
316780
316814
316823
316825
316951
316961
316979
317030
317038
317041
317156
317232
317406
317591
317657
317793
317981
317982
317985
318000
318154
318381
318535
318582
318611
318666
318788
318947
319188
319202
319203
319206
319213
319297
319302
319309
319311
319318
319323
319324
319326
319327
319365
319396
319595
319641
319700
319812
319847
319988
320048
320065
320078
320153
320169
320175
320176
320180
320294
320366
320380
320392
320412
320413
320442
320444
320507
320508
320764
320781
320844
321039
321066
321099
321258
321275
321348
321377
321455
321473
321478
321665
321668
321702
321704
321713
321738
321740
321768
321813
321910
322043
322050
322058
322061
322149
322151
322163
322170
322211
322246
322266
322339
322410
322433
322493
322497
322502
322505
322518
322658
322682
322712
322858
322922
323079
323262
323270
323271
323358
323366
323369
323370
323371
323373
323443
323457
323465
323478
323485
323508
323528
323564
323610
323625
323630
323665
323689
323694
323707
323710
323792
323840
323851
323964
324015
324234
324246
324393
324430
324436
324453
324560
324787
324803
324813
324822
324930
324986
325123
325157
325186
325262
325302
325338
325454
325460
325501
325594
325598
325607
325609
325610
325612
325614
325615
325617
325618
325620
325628
325717
325744
325806
325827
325837
325906
326012
326014
326049
326051
326056
326069
326078
326086
326097
326126
326135
326194
326217
326247
326277
326280
326415
326420
326441
326446
326536
326545
326546
326549
326550
326551
326662
326663
326724
326834
326845
326992
326999
327021
327025
327028
327095
327096
327165
327173
327253
327315
327363
327367
327368
327369
327370
327389
327445
327533
327538
327544
327565
327568
327651
327653
327674
327732
327738
327750
327894
327911
327930
328014
328091
328118
328141
328216
328225
328240
328382
328524
328525
328526
328572
328576
328640
328763
328784
328910
328928
328936
328939
328963
328969
328975
328985
328989
329010
329020
329025
329029
329061
329104
329105
329107
329110
329115
329122
329205
329237
329289
329399
329409
329412
329440
329486
329549
329556
329703
329707
329711
329807
329838
329841
329977
330000
330117
330169
330173
330215
330222
330223
330224
330259
330266
330291
330317
330489
330530
330537
330656
330747
330900
330938
330944
330946
330972
330980
330990
330993
330994
330997
330998
331018
331020
331031
331036
331151
331164
331212
331307
331326
331335
331352
331392
331432
331446
331677
331692
331706
331740
331802
331827
331839
331901
332038
332160
332171
332233
332278
332279
332280
332285
332290
332294
332295
332296
332312
332410
332464
332488
332541
332567
332624
332662
332689
332690
332704
332751
332755
332764
332765
332769
332920
332940
333130
333156
333347
333357
333371
333395
333416
333418
333420
333422
333423
333428
333432
333472
333489
333579
333674
333680
333742
333780
333812
333817
333824
333862
333866
333911
333960
333981
334003
334026
334027
334028
334033
334038
334088
334098
334141
334174
334245
334271
334351
334454
334536
334707
334715
334717
334720
334742
334748
334749
334751
334753
334839
334894
334895
334948
334986
334999
335003
335033
335034
335185
335220
335223
335393
335409
335448
335512
335633
335646
335650
335656
335696
335732
335736
335753
335772
335796
335851
335866
335900
336010
336031
336081
336107
336112
336167
336237
336238
336241
336254
336265
336271
336288
336294
336295
336405
336453
336455
336497
336503
336560
336598
336654
336824
336833
336850
336863
336871
336908
336921
337021
337029
337072
337073
337085
337100
337184
337218
337220
337232
337240
337256
337259
337288
337300
337342
337355
337380
337387
337445
337527
337530
337543
337558
337568
337692
337805
337857
337879
337889
337928
337989
337998
338020
338053
338067
338172
338393
338394
338510
338514
338520
338537
338598
338642
338647
338676
338677
338713
338730
338752
338947
338967
339002
339059
339087
339109
339170
339191
339225
339342
339345
339373
339416
339443
339530
339547
339588
339644
339661
339691
339715
339798
339871
339917
339992
340001
340018
340032
340033
340102
340103
340165
340172
340185
340187
340193
340197
340204
340213
340249
340431
340452
340462
340598
340601
340625
340639
340646
340776
340820
340837
340849
340855
340865
340876
341006
341035
341051
341057
341084
341114
341191
341341
341460
341467
341606
341607
341610
341650
341654
341671
341725
341732
341733
341734
341833
341841
341856
341857
341858
341886
341957
341963
341985
341987
341989
341995
342047
342100
342127
342380
342391
342435
342486
342492
342584
342676
342681
342687
342693
342724
342730
342732
342757
342818
342896
342927
342933
342991
343004
343041
343097
343101
343112
343173
343231
343243
343284
343336
343416
343459
343468
343471
343474
343476
343478
343489
343490
343493
343495
343509
343511
343550
343658
343660
343662
343664
343674
343750
343753
343773
343801
343803
343872
343885
343886
343907
343930
344001
344051
344054
344088
344142
344147
344161
344270
344342
344434
344490
344519
344526
344528
344534
344559
344593
344642
344678
344680
344688
344760
344796
344854
344885
344898
344901
345035
345069
345091
345149
345154
345175
345252
345287
345408
345468
345513
345692
345781
345871
345875
345883
345884
345911
345913
345921
345931
345940
345950
346043
346093
346123
346170
346297
346346
346364
346477
346482
346546
346560
346567
346603
346633
346651
346652
346671
346672
346825
346826
346845
346925
346939
346960
346964
346977
346982
346986
347008
347064
347070
347097
347127
347167
347196
347199
347262
347392
347423
347425
347501
347548
347593
347642
347679
347751
347752
347754
347755
347757
347760
347762
347763
347764
347816
347829
347832
347847
347848
347849
347850
347851
347852
347854
347855
347919
347944
347973
347992
347994
348049
348125
348154
348156
348157
348164
348165
348168
348172
348173
348175
348176
348179
348191
348195
348236
348260
348264
348306
348317
348360
348366
348493
348494
348519
348520
348523
348539
348540
348572
348587
348638
348754
348761
348784
348924
348929
349057
349104
349110
349111
349114
349135
349165
349410
349849
350052
350073
350083
350362
350610
350616
350618
350718
350751
350837
350872
350916
351043
351049
351064
351066
351067
351075
351187
351201
351211
351236
351319
351364
351460
351739
351743
351744
351796
351803
351868
352082
352101
352105
352108
352166
352168
352170
352172
352174
352325
352355
352372
352386
352458
352497
352590
352594
352650
352707
352806
352816
352818
352823
352850
352864
352881
352942
352960
352988
353038
353058
353061
353082
353090
353093
353097
353227
353334
353345
353382
353383
353407
353416
353419
353487
353495
353599
353654
353656
353686
353800
353862
353934
353935
353938
353940
353948
353950
353954
353979
353999
354021
354032
354039
354079
354108
354120
354125
354131
354135
354136
354137
354139
354216
354220
354251
354254
354263
354325
354326
354328
354330
354333
354334
354401
354406
354479
354481
354485
354506
354507
354534
354623
354642
354651
354668
354669
354722
354736
354794
354888
354891
354924
355193
355264
355272
355309
355324
355487
355499
355502
355506
355511
355536
355579
355598
355713
355743
355824
355854
356089
356149
356424
356444
356482
356483
356486
356555
356640
356677
356690
356760
356781
356787
356877
356891
357007
357054
357096
357106
357170
357235
357421
357463
357522
357611
357704
357817
357903
357964
358392
358550
358602
358648
358719
358724
358770
358802
358982
359020
359029
359053
359056
359062
359065
359072
359083
359097
359186
359228
359245
359246
359252
359255
359348
359593
359606
359753
359887
359888
359966
360007
360018
360041
360126
360188
360205
360285
360286
360321
360328
360368
360412
360413
360494
360651
360691
360693
360703
360722
360726
360784
360833
360924
360928
361022
361028
361042
361043
361144
361159
361193
361265
361268
361292
361302
361393
361424
361428
361432
361470
361472
361495
361537
361538
361554
361620
361763
361828
361846
361930
361943
361945
361988
362057
362065
362105
362134
362180
362214
362216
362227
362229
362304
362306
362333
362373
362385
362388
362397
362409
362419
362430
362434
362439
362443
362507
362573
362587
362594
362683
362726
362736
362738
362742
362776
362807
362826
362844
362900
362971
363036
363059
363067
363089
363107
363111
363119
363126
363129
363164
363264
363275
363277
363282
363284
363310
363439
363459
363462
363626
363689
363690
363717
363809
363842
363844
363858
363887
363889
363890
363935
363973
363987
363994
364005
364009
364088
364092
364094
364116
364138
364153
364183
364194
364197
364219
364220
364229
364308
364347
364379
364400
364422
364424
364425
364426
364465
364466
364482
364489
364493
364496
364675
364741
364759
364767
364788
364791
364798
364801
364840
364873
364998
365008
365024
365038
365076
365083
365152
365249
365252
365348
365351
365376
365432
365441
365458
365537
365610
365645
365651
365712
365720
365752
365768
365805
365834
365836
365840
365841
365842
365848
365850
365860
365981
365995
366005
366042
366067
366071
366084
366086
366090
366092
366095
366096
366110
366115
366123
366129
366133
366134
366150
366152
366159
366171
366173
366182
366209
366210
366214
366231
366232
366255
366296
366319
366355
366357
366360
366399
366506
366551
366617
366637
366719
366789
366824
366841
366897
366910
366969
367080
367139
367152
367220
367249
367251
367284
367433
367626
367747
367797
367799
367930
367941
368000
368031
368051
368182
368256
368323
368347
368378
368575
368590
368663
368739
368761
368971
369032
369163
369164
369196
369300
369306
369427
369517
369637
369732
369751
369761
369763
369798
369829
369830
369868
369880
369912
369984
370091
370098
370104
370111
370125
370131
370133
370141
370167
370178
370191
370194
370206
370207
370208
370209
370216
370217
370234
370238
370311
370324
370381
370396
370460
370564
370664
370690
370783
370787
370808
370897
371003
371025
371213
371332
371336
371386
371440
371560
371608
371798
371804
371833
371851
371873
371875
371886
371914
372052
372074
372174
372258
372343
372358
372463
372572
372575
372577
372579
372581
372582
372639
372726
372730
372738
372741
372800
372827
372891
373048
373104
373190
373194
373350
373477
373541
373632
373926
374023
374052
374114
374167
374221
374515
374618
374706
374795
374833
374839
374896
374933
375238
375332
375355
375358
375360
375363
375366
375482
375569
375580
375655
375664
375676
375815
375829
375989
376028
376258
376311
376415
376416
376419
376502
376507
376509
376537
376560
376563
376570
376576
376579
376598
376788
377039
377165
377264
377325
377405
377406
377409
377448
377567
377601
377603
377629
377635
377779
377979
377998
378017
378018
378020
378160
378218
378307
378310
378362
378470
378472
378536
378632
378794
378908
378983
378991
379058
379096
379098
379100
379101
379102
379104
379107
379108
379111
379200
379308
379311
379313
379314
379322
379334
379394
379468
379471
379515
379565
379597
379649
379653
379667
379805
379855
379856
379859
379862
379865
379868
379889
379965
380022
380052
380078
380117
380124
380300
380372
380434
380469
380565
380575
380639
380685
380734
380739
381032
381034
381063
381149
381170
381237
381283
381288
381325
381372
381382
381507
381563
381640
381650
381654
381678
381702
381760
381776
381777
381782
381820
381905
381935
381961
382044
382046
382049
382050
382052
382053
382184
382218
382240
382243
382244
382259
382275
382437
382551
382677
382723
382725
382731
382755
382782
382858
382890
382915
382966
383145
383148
383150
383327
383348
383442
383491
383502
383535
383570
383637
383648
383668
383696
383741
383768
383802
383896
383901
384056
384075
384084
384172
384188
384216
384278
384450
384452
384521
384563
384594
384627
384687
384721
384723
384756
384797
384798
384821
384825
384830
384852
384863
384912
384978
384994
385033
385038
385043
385075
385085
385104
385309
385320
385327
385364
385377
385378
385459
385502
385659
385691
385713
385737
385773
385926
385941
385964
385976
386030
386037
386081
386090
386099
386114
386123
386150
386172
386226
386231
386241
386255
386269
386372
386521
386566
386585
386698
386705
386782
386826
386850
386853
386865
386867
386868
386878
386879
386883
387034
387039
387063
387275
387348
387391
387396
387399
387468
387491
387494
387501
387605
387625
387628
387660
387729
387854
387858
387895
387911
387929
388052
388165
388194
388199
388243
388410
388415
388440
388543
388579
388705
388732
388994
389000
389163
389260
389286
389515
389620
389709
389724
389735
389821
389832
389856
389974
390213
390249
390274
390326
390436
390485
390540
390557
390574
390576
390582
390599
390639
390663
390833
390883
390886
390959
391069
391207
391208
391218
391262
391317
391402
391463
391561
391596
391625
391626
391627
391630
391715
391809
391813
391863
391872
391915
391945
391962
391975
391988
392047
392048
392049
392050
392051
392054
392058
392193
392196
392248
392253
392339
392356
392405
392407
392432
392437
392525
392576
392595
392630
392677
392702
392703
392765
392768
392787
392818
392835
393010
393098
393103
393148
393154
393206
393207
393208
393210
393211
393212
393215
393261
393318
393345
393355
393395
393424
393474
393481
393493
393498
393511
393513
393544
393549
393643
393798
393894
393927
394067
394115
394116
394151
394196
394267
394289
394330
394498
394546
394551
394552
394830
394855
394859
394860
395319
395380
395389
395430
395435
395456
395483
395562
395613
395658
395680
395681
395713
395797
395926
395948
395982
395992
396003
396004
396011
396039
396041
396104
396120
396152
396165
396312
396321
396396
396422
396442
396493
396494
396508
396510
396524
396537
396542
396550
396692
396822
396963
396979
397052
397137
397144
397167
397243
397245
397273
397278
397282
397392
397456
397479
397483
397514
397558
397572
397629
397647
397797
397873
397981
398002
398096
398173
398193
398211
398410
398470
398473
398489
398588
398602
398646
398648
398656
398685
398747
398765
398798
398841
398865
398868
398871
398881
398887
398896
398938
398986
399004
399021
399062
399073
399118
399130
399155
399172
399191
399196
399199
399372
399398
399592
399596
399611
399613
399734
399747
399859
399894
400019
400038
400162
400170
400272
400329
400342
400411
400456
400545
400586
400605
400628
400643
400649
400654
400670
400705
400710
400712
400717
400768
400777
400781
400871
400877
400918
400967
401024
401049
401052
401053
401054
401063
401065
401066
401067
401106
401107
401131
401139
401256
401265
401272
401313
401320
401359
401386
401391
401403
401405
401407
401410
401422
401432
401479
401559
401560
401561
401586
401620
401621
401716
401732
401793
401987
402008
402035
402095
402160
402167
402186
402189
402195
402261
402437
402438
402448
402450
402456
402462
402516
402561
402577
402721
402726
402735
402871
402885
402959
402976
402989
403100
403119
403130
403159
403214
403264
403283
403299
403313
403325
403368
403410
403505
403587
403598
403599
403642
403671
403814
403820
403830
403964
404073
404086
404133
404193
404205
404206
404292
404357
404388
404413
404461
404489
404516
404523
404548
404582
404584
404588
404783
404830
404837
404947
404961
404963
404967
405057
405087
405174
405178
405179
405205
405225
405263
405387
405535
405551
405563
405568
405606
405615
405774
405790
405795
405809
405882
405899
405909
405930
405932
405935
406052
406072
406084
406107
406111
406112
406115
406136
406137
406164
406208
406445
406453
406563
406582
406585
406625
406717
406849
406985
406994
407036
407279
407284
407294
407303
407323
407326
407344
407365
407378
407389
407393
407411
407435
407460
407531
407559
407593
407620
407624
407626
407627
407628
407638
407659
407687
407739
407757
407767
407775
407783
407802
407874
407923
407926
407929
407931
407948
408039
408054
408055
408060
408063
408064
408069
408082
408083
408088
408105
408138
408139
408140
408149
408185
408188
408211
408220
408221
408237
408243
408252
408278
408373
408387
408439
408464
408490
408527
408538
408554
408576
408582
408650
408699
408731
408755
408830
408831
409056
409128
409133
409164
409168
409259
409281
409297
409299
409361
409537
409544
409560
409571
409582
409594
409617
410122
410126
410221
410238
410256
410270
410465
410471
410473
410486
410537
410558
410625
410653
410712
410832
410841
410854
410859
410865
410868
410876
410982
410988
411067
411143
411179
411208
411267
411326
411354
411549
411779
411805
411846
411913
412048
412111
412257
412273
412351
412354
412406
412471
412472
412529
412542
412546
412643
412683
412741
412758
412762
412764
412766
412811
412966
413070
413097
413100
413133
413296
413299
413312
413316
413324
413336
413353
413469
413525
413659
413695
413708
413758
413766
413799
413839
413840
413857
413985
413995
414032
414041
414092
414191
414204
414431
414590
414600
414603
414609
414610
414611
414757
414763
414836
414910
414936
415015
415016
415044
415061
415175
415222
415298
415446
415469
415480
415484
415550
415586
415589
415596
415609
415618
415632
415633
415661
415675
415703
415826
415847
415852
415869
415888
415890
415895
415903
415907
415909
415926
415952
416044
416094
416119
416127
416154
416157
416160
416166
416190
416192
416203
416209
416217
416219
416226
416234
416256
416277
416281
416360
416395
416452
416455
416459
416470
416478
416482
416501
416504
416506
416530
416545
416551
416572
416674
416681
416690
416724
416725
416729
416732
416734
416753
416798
416855
416873
416874
416876
416911
416915
416919
416921
416930
416947
416952
417025
417033
417065
417072
417098
417119
417147
417169
417180
417265
417304
417384
417406
417451
417486
417501
417611
417656
417672
417682
417685
417690
417705
417707
417773
417800
417821
417869
418078
418150
418252
418253
418255
418256
418258
418259
418260
418261
418263
418266
418286
418327
418389
418396
418404
418405
418406
418409
418450
418528
418557
418567
418585
418588
418643
418691
418704
418804
418805
418808
418835
418873
418882
418895
418912
418930
418945
418947
418984
419026
419027
419030
419036
419086
419122
419165
419169
419171
419174
419228
419279
419295
419308
419311
419319
419326
419327
419371
419386
419392
419393
419407
419430
419464
419471
419479
419525
419548
419590
419620
419625
419627
419638
419639
419662
419706
419747
419758
419767
419774
419776
419777
419825
419826
419832
419918
419958
419979
420046
420074
420101
420132
420245
420477
420526
420572
420614
420634
420637
420674
420707
420742
420763
420766
420767
420772
420773
420775
420777
420781
420796
420839
420847
420916
420918
420928
421049
421054
421080
421112
421131
421151
421267
421335
421401
421405
421490
421506
421529
421555
421559
421565
421601
421645
421665
421676
421765
421779
421792
421848
421881
421941
421987
422010
422039
422047
422186
422340
422400
422427
422471
422472
422514
422596
422606
422618
422649
422724
422755
422761
422777
422873
422933
422934
422943
422962
423005
423038
423108
423144
423246
423268
423269
423336
423340
423342
423359
423363
423383
423388
423389
423391
423415
423536
423543
423548
423549
423579
423591
423625
423631
423654
423655
423658
423666
423668
423767
423787
423870
423930
424031
424049
424054
424057
424060
424078
424079
424093
424109
424121
424133
424139
424182
424227
424266
424275
424284
424305
424465
424588
424593
424594
424596
424646
424647
424649
424650
424654
424689
424878
424996
425007
425094
425163
425203
425204
425205
425238
425253
425264
425266
425267
425268
425270
425272
425312
425444
425565
425576
425628
425673
425709
425711
425718
425723
425758
425788
425829
425833
425882
425931
425935
425938
425968
425972
426034
426063
426067
426075
426193
426200
426217
426249
426331
426333
426357
426373
426375
426405
426487
426502
426503
426506
426507
426511
426513
426515
426516
426517
426519
426520
426522
426523
426524
426526
426528
426529
426530
426533
426536
426539
426565
426624
426701
426730
426793
426814
426984
427007
427040
427060
427086
427106
427124
427243
427253
427271
427396
427472
427533
427539
427562
427747
427765
427800
427915
427941
427950
427964
427966
427967
428059
428282
428304
428326
428394
428396
428399
428402
428420
428602
428673
428696
428893
428894
428898
428923
429001
429021
429031
429051
429148
429186
429201
429344
429417
429452
429460
429467
429476
429518
429537
429539
429713
429724
429725
429727
429730
429733
429734
429740
429742
429770
429813
429855
429960
429991
430122
430129
430166
430217
430231
430244
430250
430345
430483
430587
430589
430597
430612
430912
430964
430967
430981
430993
430998
431056
431066
431075
431109
431185
431215
431234
431259
431267
431392
431420
431422
431505
431771
431780
431796
431834
431849
431869
431873
431948
431991
432055
432063
432116
432212
432267
432269
432271
432277
432281
432364
432434
432487
432503
432524
432525
432579
432606
432661
432713
432730
432802
432804
432809
432844
432856
432890
432896
433002
433093
433244
433274
433419
433506
433616
433628
433629
433651
433698
433808
433823
433849
433854
433926
433931
433941
433989
434051
434071
434080
434216
434217
434230
434279
434280
434303
434385
434389
434392
434447
434520
434534
434555
434576
434585
434591
434593
434661
434669
434703
434772
434786
434805
434836
434873
434915
434986
435007
435097
435121
435172
435179
435210
435339
435414
435417
435448
435515
435615
435678
435689
435704
435712
435861
435866
435871
436113
436118
436274
436285
436328
436342
436369
436373
436494
436496
436549
436585
436775
436777
436785
436808
436924
436945
436972
436973
437041
437097
437142
437270
437342
437518
437600
437618
437625
437634
437712
437746
437761
437834
437931
437978
438055
438245
438250
438350
438436
438470
438734
438736
438799
438858
438913
438937
438943
438953
438970
438982
439013
439015
439032
439079
439214
439384
439404
439417
439421
439424
439448
439562
439772
439788
439943
440020
440021
440063
440085
440096
440112
440207
440255
440294
440317
440397
440439
440444
440486
440522
440559
440594
440597
440659
440698
440710
440775
440876
440898
440905
440949
440955
440978
440984
440985
440992
441081
441087
441088
441386
441451
441454
441647
441658
441659
441665
441669
441677
441716
441741
441749
441750
441756
441831
441926
442005
442018
442029
442062
442249
442292
442306
442317
442425
442560
442732
442801
442820
442824
443018
443037
443046
443094
443112
443114
443257
443272
443319
443338
443356
443364
443377
443391
443413
443488
443617
443644
443664
443711
443724
443791
444109
444135
444149
444193
444282
444490
444562
444609
444663
444679
444682
444687
444689
444707
444803
444829
444872
444876
444879
444884
444893
444898
444901
444903
444905
444908
444909
444910
444913
444921
444924
444932
444934
444939
444944
444945
444946
444947
444949
444950
444955
444960
444963
444966
444968
444969
444971
444972
445054
445089
445101
445135
445218
445245
445247
445264
445268
445306
445318
445365
445482
445494
445498
445602
445643
445671
445675
445680
445683
445710
445732
445744
445756
445759
445771
445773
445782
445845
445848
445850
445867
445868
445869
445874
445878
445882
445894
445899
445902
445905
445911
445915
446031
446074
446101
446106
446198
446200
446207
446215
446260
446266
446297
446360
446378
446428
446448
446453
446462
446463
446464
446465
446469
446473
446485
446489
446514
446550
446574
446585
446862
446867
446897
446898
446904
447012
447021
447159
447191
447215
447288
447315
447332
447383
447385
447409
447455
447559
447567
447593
447599
447617
447663
447704
447737
447838
447858
447912
447917
447955
447956
448054
448089
448093
448144
448194
448195
448252
448263
448291
448432
448474
448523
448561
448683
448795
448811
448865
448870
448939
448975
448976
449011
449073
449352
449445
449454
449457
449461
449463
449478
449498
449519
449535
449550
449664
449753
449772
449774
449833
449854
449857
449869
449882
449883
449897
449931
449954
449961
450008
450070
450087
450103
450230
450290
450372
450377
450413
450464
450498
450537
450545
450555
450598
450620
450642
450654
450678
450703
450829
450932
450968
450987
450988
451008
451055
451067
451138
451141
451173
451262
451263
451267
451271
451282
451293
451301
451305
451331
451338
451344
451368
451388
451452
451467
451494
451509
451545
451581
451635
451695
451697
451716
451732
451748
451760
451811
451916
451959
451964
451986
452021
452037
452046
452066
452112
452137
452183
452270
452339
452341
452342
452378
452379
452386
452389
452405
452474
452499
452507
452532
452571
452654
452705
452762
452890
452895
452920
452947
452997
453054
453200
453203
453289
453299
453387
453402
453412
453413
453424
453579
453600
453659
453664
454009
454030
454031
454052
454189
454289
454347
454416
454417
454418
454420
454439
454506
454546
454595
454622
454865
454918
454963
454974
455108
455141
455152
455188
455227
455232
455239
455304
455350
455424
455484
455499
455526
455551
455595
455620
455635
455637
455689
455739
455946
456101
456160
456445
456515
456529
456543
456548
456561
456659
456660
456706
456740
456824
456862
456950
457010
457041
457049
457081
457371
457402
457523
457525
457532
457558
457654
457685
457710
457712
457713
457765
457775
457835
457943
458002
458013
458033
458071
458133
458141
458297
458305
458339
458353
458381
458405
458472
458573
458575
458624
458673
458676
458713
458716
458723
458736
458830
458832
458957
458969
458971
458979
458985
459045
459068
459077
459170
459181
459202
459210
459220
459245
459291
459349
459371
459410
459471
459475
459614
459660
459667
459717
459856
459898
459928
459929
459947
459982
459994
460008
460010
460019
460146
460218
460279
460286
460458
460466
460481
460545
460552
460566
460597
460640
460730
460778
460876
460885
460910
460952
460962
460965
461055
461108
461172
461213
461319
461360
461369
461379
461397
461423
461496
461514
461562
461606
461618
461628
461724
461767
461771
461773
461784
461928
461931
461955
461960
461963
461992
462018
462035
462036
462115
462122
462171
462263
462296
462300
462310
462381
462604
462768
462804
462848
462877
462882
463015
463022
463032
463065
463155
463322
463364
463496
463561
463602
463646
463647
463675
463684
463708
463737
463767
463770
463780
463800
463821
463843
463945
463973
464001
464104
464105
464111
464180
464248
464288
464297
464329
464389
464431
464466
464493
464496
464574
464738
464744
464745
464748
464750
464752
464753
464757
464764
464772
464776
464814
464818
464823
464829
464869
464870
464876
464879
464880
464890
464910
465056
465086
465177
465203
465213
465709
465743
465762
465979
465996
466129
466165
466166
466169
466174
466192
466274
466288
466316
466336
466344
466473
466587
466607
466609
466644
466658
466677
466696
466929
466937
467026
467110
467228
467239
467306
467320
467377
467405
467438
467462
467540
467615
467629
467632
467660
467671
467834
467839
467859
467882
467925
467940
467946
468003
468091
468173
468174
468178
468303
468332
468421
468436
468437
468447
468455
468496
468609
468685
468696
468777
469069
469095
469163
469206
469208
469262
469319
469359
469369
469520
469532
469603
469662
469663
469665
469666
469702
469715
469721
469742
469746
469896
469916
469917
469918
469971
469972
470027
470032
470229
470305
470357
470359
470364
470390
470398
470434
470435
470528
470535
470568
470593
470614
470615
470728
470757
470823
471177
471201
471346
471347
471363
471467
471493
471501
471508
471530
471600
471609
471610
471618
471901
471916
471920
471922
471924
471950
472015
472160
472209
472226
472269
472302
472338
472393
472591
472672
472686
472717
472726
472750
472814
472855
472896
472907
472908
472932
472945
473002
473165
473238
473465
473466
473729
473826
473902
473937
473962
473963
474103
474104
474105
474199
474241
474350
474513
474672
474675
474764
474810
474819
474862
474935
475053
475066
475124
475220
475266
475369
475406
475425
475498
475531
475603
475605
475623
475748
475758
475949
475961
476017
476047
476051
476091
476131
476295
476299
476341
476348
476363
476366
476375
476424
476484
476489
476510
476524
476527
476532
476542
476608
476625
476637
476642
476662
476676
476718
476796
476869
476929
477036
477069
477113
477264
477329
477342
477408
477462
477466
477495
477576
477577
477623
477704
477835
477901
477902
477920
477977
478086
478258
478281
478311
478494
478528
478530
478552
478554
478579
478692
478741
478810
478811
478813
478818
478819
478924
478929
478934
478939
478940
478953
478963
478968
478974
479003
479188
479260
479261
479284
479320
479322
479326
479331
479332
479337
479342
479344
479345
479364
479365
479367
479369
479371
479389
479390
479392
479397
479400
479402
479424
479459
479488
479494
479574
479576
479646
479709
479726
479727
479729
479731
479732
479736
479746
479755
479757
479765
479770
479777
479788
479795
479796
479837
479854
479867
479876
479965
480002
480015
480030
480100
480105
480121
480139
480157
480163
480204
480209
480210
480259
480270
480286
480289
480295
480299
480304
480394
480403
480405
480410
480414
480463
480525
480603
480612
480634
480635
480700
480715
480721
480725
480733
480745
480750
480757
480761
480803
480923
480937
480948
480970
480984
481015
481023
481044
481054
481061
481072
481074
481095
481097
481125
481150
481166
481192
481304
481330
481333
481352
481360
481361
481367
481369
481375
481379
481386
481390
481557
481559
481562
481566
481682
481702
481717
481726
481849
481866
481877
481889
481930
481931
481950
481952
481954
481975
482048
482056
482080
482101
482130
482166
482192
482201
482243
482245
482249
482281
482322
482325
482331
482373
482397
482503
482591
482646
482773
482783
482809
482970
482974
483006
483035
483038
483052
483055
483057
483060
483068
483071
483075
483087
483095
483096
483098
483126
483142
483178
483201
483202
483219
483223
483246
483252
483283
483286
483293
483303
483340
483378
483400
483421
483422
483441
483534
483538
483545
483571
483586
483603
483604
483608
483609
483730
483737
483757
483774
483790
483803
483851
483881
483934
483952
483965
483969
483976
483977
483987
484014
484040
484061
484076
484077
484083
484086
484087
484219
484299
484354
484363
484364
484369
484373
484386
484393
484394
484395
484396
484399
484403
484406
484415
484437
484457
484479
484484
484485
484509
484561
484563
484586
484604
484624
484626
484627
484644
484652
484662
484701
484779
484834
484853
484907
484953
484955
484980
485003
485217
485245
485306
485391
485394
485415
485507
485524
485567
485620
485622
485623
485624
485743
485751
485774
485784
485792
485806
485809
485811
485816
485906
485969
486011
486024
486060
486062
486065
486069
486074
486350
486385
486450
486452
486453
486455
486457
486460
486461
486462
486511
486515
486570
486575
486578
486684
486716
486725
486772
486773
486892
486910
486949
486990
486993
487187
487266
487320
487428
487429
487439
487442
487472
487660
487668
487677
487719
487848
487857
487910
487954
487955
488008
488017
488022
488029
488032
488043
488047
488078
488094
488101
488104
488111
488115
488121
488134
488143
488147
488148
488154
488242
488247
488265
488289
488302
488342
488366
488400
488408
488444
488464
488466
488468
488489
488495
488496
488511
488513
488564
488613
488636
488638
488642
488657
488664
488722
488748
488754
488779
488781
488813
488837
488888
488898
488900
488903
488914
488938
489055
489064
489105
489108
489113
489122
489123
489126
489127
489186
489239
489242
489272
489280
489288
489363
489374
489375
489420
489428
489454
489456
489463
489511
489523
489610
489712
489791
489811
489881
489887
490099
490100
490109
490110
490124
490126
490228
490271
490317
490353
490819
490837
490863
491043
491132
491197
491236
491277
491390
491406
491459
491488
491516
491564
491611
491649
491817
491892
491901
492034
492053
492135
492144
492189
492332
492336
492384
492414
492440
492509
492523
492535
492540
492561
492611
492621
492628
492633
492713
492844
492847
493042
493044
493440
493442
493446
493448
493462
493494
493498
493537
493595
493643
493678
493731
493825
493922
493965
494013
494042
494058
494074
494111
494352
494442
494445
494499
494535
494618
494678
494703
494706
494807
494991
495015
495031
495204
495208
495212
495303
495447
495466
495496
495717
495827
495868
495870
496059
496151
496232
496274
496282
496292
496325
496364
496369
496377
496434
496437
496438
496464
496466
496521
496569
496586
496594
496828
496865
496883
496985
497006
497009
497269
497327
497389
497521
497597
497637
497700
497760
497830
497844
497908
497960
498069
498084
498110
498220
498223
498251
498253
498264
498268
498315
498475
498507
498575
498596
498647
498656
498661
498673
498702
498716
498744
498748
498749
498752
498754
498797
498886
498904
498937
498939
498942
499129
499141
499142
499190
499278
499327
499354
499358
499359
499364
499377
499385
499395
499399
499402
499405
499429
499438
499482
499497
499511
499559
499676
499714
499739
499770
499812
499822
499834
499910
499915
499921
499924
499951
499953
499977
499989
499995
500203
500269
500319
500348
500377
500381
500534
500535
500759
500887
500950
500957
500978
500985
501170
501287
501294
501309
501389
501495
501762
501851
501911
501939
501942
501956
501963
501968
501977
502025
502036
502067
502101
502103
502104
502109
502110
502255
502312
502347
502354
502397
502406
502416
502429
502469
502571
502574
502591
502602
502613
502617
502805
502873
502920
502923
502926
502935
502940
503001
503025
503030
503042
503125
503230
503231
503243
503302
503371
503407
503430
503436
503458
503589
503646
503650
503654
503658
503659
503661
503693
503698
503699
503700
503702
503706
503719
503730
503731
503736
503740
503744
503747
503751
503752
503768
503769
503771
503786
503790
503798
503802
503814
503851
503960
504003
504076
504082
504129
504130
504145
504151
504169
504180
504185
504197
504202
504218
504251
504255
504336
504360
504547
504573
504631
504689
504693
504730
504763
504826
504839
504922
504982
505039
505043
505054
505058
505060
505063
505078
505084
505188
505195
505200
505220
505224
505235
505236
505237
505239
505257
505361
505423
505496
505498
505504
505506
505557
505562
505587
505590
505591
505596
505598
505626
505635
505669
505675
505695
505770
505775
505816
505826
505860
505898
505920
505922
506048
506049
506056
506060
506068
506151
506251
506353
506383
506400
506404
506413
506467
506474
506485
506546
506548
506636
506671
506758
506775
506882
506893
506900
506905
506925
506952
506960
506986
507053
507067
507089
507096
507097
507109
507201
507211
507245
507277
507298
507331
507336
507434
507441
507474
507498
507506
507538
507540
507582
507624
507700
507750
507779
507785
507892
507930
507938
507939
507946
507952
507966
507979
507981
508150
508179
508231
508233
508234
508237
508242
508244
508245
508248
508258
508301
508330
508338
508384
508385
508388
508404
508406
508409
508431
508433
508451
508481
508482
508483
508485
508487
508489
508492
508495
508523
508526
508592
508620
508682
508730
508741
508743
508773
508827
508839
508866
508976
508985
508990
508995
509009
509101
509166
509174
509183
509315
509389
509412
509447
509471
509511
509525
509528
509534
509538
509564
509594
509624
509635
509658
509667
509752
509760
509899
509901
509925
510250
510268
510284
510289
510346
510388
510441
510453
510457
510496
510510
510526
510552
510562
510590
510654
510657
510685
510689
510733
510919
510937
510944
510969
511051
511068
511153
511243
511274
511449
511474
511491
511502
511625
511671
511755
511774
511778
511782
511813
511817
511827
511927
511983
511987
511993
512025
512064
512105
512169
512196
512198
512202
512208
512236
512304
512356
512384
512408
512474
512499
512509
512524
512530
512579
512584
512650
512701
512736
512835
512839
512861
512926
512936
512965
513027
513035
513062
513147
513208
513224
513236
513260
513268
513278
513297
513303
513304
513306
513313
513372
513405
513421
513452
513508
513510
513553
513741
513774
513844
513857
513947
513983
514165
514210
514233
514242
514256
514275
514277
514287
514438
514440
514507
514538
514553
514558
514591
514593
514743
514762
514767
514787
514791
514793
514847
514876
514973
515068
515162
515254
515320
515329
515362
515376
515381
515387
515389
515411
515413
515425
515454
515466
515531
515537
515581
515612
515676
515781
515906
515926
515995
515997
516023
516027
516028
516035
516042
516082
516319
516326
516329
516409
516578
516604
516632
516640
516664
516684
516695
516772
516774
516775
516776
516778
516784
516805
516833
516834
516990
517015
517046
517072
517098
517116
517166
517217
517226
517276
517316
517346
517396
517416
517425
517459
517473
517559
517662
517764
517769
517811
517831
517929
517939
517984
518057
518076
518087
518113
518125
518158
518228
518237
518240
518311
518428
518429
518430
518433
518686
518695
518701
518711
518714
518762
518778
518800
518853
518901
518966
518993
519022
519027
519054
519247
519251
519301
519337
519418
519523
519582
519583
519647
519699
519758
519874
519958
519988
520023
520026
520082
520103
520151
520162
520171
520235
520256
520466
520577
520618
520696
520716
520763
520779
520785
520901
520905
520963
520980
521000
521006
521029
521078
521113
521272
521340
521357
521358
521360
521393
521431
521458
521479
521482
521485
521487
521490
521499
521509
521514
521531
521559
521563
521588
521634
521814
521832
521850
521876
521934
521935
521985
522028
522033
522063
522066
522101
522282
522285
522297
522438
522444
522547
522565
522655
522681
522703
522729
522730
522806
522932
522945
522987
523033
523041
523093
523139
523263
523307
523353
523371
523415
523519
523638
523827
523830
523831
523849
523852
523931
523938
524086
524138
524213
524216
524251
524286
524296
524433
524537
524577
524582
524619
524623
524785
524787
524788
524789
524807
524859
524882
524899
524925
525200
525242
525301
525460
525490
525639
525641
525663
525854
525904
525905
525910
525912
525932
525939
525959
525989
526027
526051
526052
526144
526196
526208
526224
526225
526226
526295
526411
526463
526507
526510
526677
526749
526780
526809
526838
526856
526877
526917
526969
527014
527159
527175
527219
527261
527364
527612
527634
527642
527717
527948
527960
528023
528064
528075
528077
528080
528091
528135
528271
528328
528407
528461
528524
528665
528732
528753
528768
528771
528939
528985
529027
529067
529139
529144
529149
529193
529280
529294
529348
529366
529438
529509
529641
529649
529683
529717
529923
529957
529962
530076
530104
530155
530156
530157
530178
530253
530351
530379
530385
530419
530523
530623
530670
530842
530918
531084
531101
531124
531145
531208
531219
531247
531309
531393
531400
531502
531521
531576
531678
531689
532090
532153
532181
532225
532366
532408
532495
532617
532635
532636
532638
532640
532645
532647
532648
532649
532650
532653
532654
532656
532657
532658
532668
532671
532710
532722
532742
532748
532756
532762
532790
532813
532814
532838
532870
532875
532889
532891
532895
532902
532904
532973
532991
532996
533000
533002
533007
533008
533035
533049
533071
533094
533137
533139
533182
533210
533212
533223
533274
533527
533565
533642
533709
533815
533938
533985
534064
534072
534169
534205
534223
534235
534271
534282
534321
534424
534425
534478
534506
534654
534656
534729
534894
535096
535106
535145
535250
535280
535395
535412
535472
535476
535511
535549
535580
535581
535584
535610
535726
535798
535848
535926
535962
536127
536141
536183
536235
536242
536404
536434
536449
536517
536548
536554
536664
536750
536880
536919
537101
537200
537445
537466
537476
537495
537523
537542
537551
537663
537668
537680
537704
537715
537730
537736
537788
537922
537943
537963
538227
538250
538269
538382
538614
538690
538698
538811
538867
538902
539024
539064
539145
539181
539185
539192
539310
539364
539517
539522
539528
539537
539549
539649
539651
539714
539893
539923
540027
540132
540291
540306
540338
540375
540545
540836
540957
540974
541008
541042
541062
541069
541071
541099
541100
541526
541560
541581
541697
541725
541973
542031
542170
542191
542203
542224
542227
542440
542445
542466
542476
542574
542580
542620
542675
542713
542779
542781
542787
543004
543028
543126
543203
543306
543410
543412
543447
543467
543468
543471
543511
543533
543581
543582
543733
543768
543802
543867
543868
543901
543904
543906
543915
543917
543988
543997
543998
544023
544030
544075
544202
544294
544353
544358
544390
544533
544656
544780
544781
544976
544986
545061
545302
545308
545497
545499
545598
545612
545615
545749
545784
545815
545899
545914
545921
546121
546150
546217
546268
546276
546278
546328
546342
546406
546473
546476
546563
546600
546724
546782
546786
546823
546907
546944
547055
547071
547074
547078
547088
547091
547092
547117
547118
547131
547231
547261
547331
547366
547392
547410
547479
547482
547505
547510
547565
547611
547620
547681
547780
547956
548027
548064
548079
548146
548162
548163
548215
548240
548257
548307
548473
548511
548521
548533
548560
548650
548710
548725
548859
548904
548943
549077
549078
549214
549278
549294
549369
549463
549466
549639
549669
549671
549689
549703
549707
549722
549724
549725
549736
549738
549766
549773
549786
549853
549859
549877
549893
549923
549935
549960
549967
550015
550108
550118
550148
550172
550179
550210
550258
550273
550277
550286
550348
550355
550412
550446
550476
550622
550674
550678
550695
550757
550764
550767
550845
550863
550870
551074
551096
551169
551220
551227
551231
551238
551249
551288
551407
551409
551412
551429
551435
551521
551545
551554
551556
551608
551632
551635
551694
551726
551735
551736
551737
551738
551744
551758
551804
551805
551808
551893
551898
551902
551906
551908
551933
551957
551982
551994
552009
552087
552102
552170
552294
552322
552338
552443
552457
552470
552474
552476
552477
552481
552482
552485
552504
552540
552541
552550
552569
552655
552660
552681
552707
552828
552836
552840
552844
552850
552855
552925
552938
552950
553010
553054
553075
553076
553077
553078
553079
553080
553141
553172
553357
553430
553535
553619
553678
553686
553705
553820
553880
553928
553985
554060
554075
554100
554112
554139
554220
554286
554312
554319
554336
554399
554427
554468
554571
554612
554636
554637
554667
554670
554671
554692
554694
554739
554762
554766
554833
554917
554984
555059
555062
555077
555146
555175
555211
555236
555249
555252
555295
555447
555455
555559
555626
555628
555631
555648
555694
555752
555845
555878
555974
556153
556187
556203
556221
556259
556264
556268
556284
556382
556452
556461
556515
556724
556760
556810
556822
556870
556889
556972
557065
557236
557294
557320
557419
557450
557483
557486
557497
557498
557508
557513
557526
557557
557597
557610
557619
557659
557854
557883
557896
557920
557989
557990
557991
558081
558085
558087
558088
558106
558165
558201
558203
558207
558294
558305
558377
558414
558448
558450
558482
558504
558534
558632
558655
558684
558742
558774
558889
558909
559055
559426
559740
559767
559844
559928
559994
560014
560038
560149
560239
560252
560283
560318
560321
560362
560379
560453
560474
560477
560499
560550
560577
560717
560771
560782
560864
560903
560981
561030
561072
561074
561077
561081
561085
561088
561291
561381
561423
561504
561516
561543
561546
561563
561635
561679
561817
561829
561859
561895
561927
561930
562220
562231
562417
562485
562527
562588
562597
562598
562618
562632
562746
562771
562786
562867
563025
563085
563197
563289
563432
563466
563482
563531
563541
563549
563575
563588
563626
563630
563635
563655
563665
563948
564009
564056
564077
564082
564090
564164
564176
564281
564366
564385
564392
564394
564399
564402
564414
564446
564518
564568
564612
564729
564746
564753
564825
564837
565028
565053
565244
565335
565398
565440
565441
565442
565446
565448
565457
565461
565481
565497
565500
565515
565522
565548
565594
565597
565598
565608
565620
565725
565762
565851
565961
565964
565972
565979
566011
566025
566027
566047
566092
566101
566102
566107
566239
566271
566412
566416
566417
566512
566556
566561
566611
566639
566643
566644
566661
566707
566745
566805
566847
566848
566849
566879
566926
566949
567047
567083
567108
567158
567212
567220
567229
567232
567235
567245
567248
567331
567389
567409
567418
567429
567450
567451
567501
567512
567584
567605
567607
567609
567708
567741
567744
567745
567746
567853
567854
567858
567861
567865
567898
567920
567953
567971
567984
568016
568032
568057
568099
568116
568120
568121
568123
568127
568135
568140
568265
568269
568277
568281
568282
568287
568290
568339
568372
568407
568453
568456
568457
568524
568532
568573
568574
568575
568578
568598
568634
568649
568667
568766
568780
568879
569001
569057
569085
569095
569329
569367
569446
569586
569681
569719
569723
569834
569843
569869
569886
569889
569957
570025
570056
570111
570114
570133
570220
570290
570305
570324
570336
570453
570536
570610
570620
570670
570788
570945
571055
571063
571099
571116
571155
571253
571259
571384
571414
571518
571640
571782
571788
571842
571855
571858
571860
571907
571908
571911
571932
571939
572000
572076
572087
572189
572193
572293
572426
572428
572430
572438
572443
572451
572453
572485
572497
572600
572681
572688
572689
572697
572704
572724
572727
572733
572755
572757
572762
572763
572765
572767
572775
572949
572950
573004
573307
573521
573534
573560
573680
573687
573766
573875
574009
574030
574047
574049
574054
574059
574109
574124
574133
574135
574137
574189
574190
574192
574194
574283
574284
574304
574475
574492
574493
574514
574656
574742
574759
574790
574798
574834
574839
574856
574883
574925
574947
575141
575187
575314
575345
575355
575386
575437
575451
575461
575466
575514
575736
575774
575776
575924
575980
576004
576134
576223
576322
576358
576381
576411
576477
576510
576611
576614
576633
576730
576801
576845
576938
576989
577215
577218
577465
577489
577549
577658
577710
577889
577905
577919
577951
578100
578177
578203
578280
578310
578320
578378
578400
578443
578469
578515
578528
578546
578594
578602
578631
578656
578686
578744
578753
578835
578847
578897
578912
578919
578982
579089
579091
579156
579157
579296
579386
579403
579426
579437
579535
579561
579662
579957
579958
579959
580088
580138
580165
580279
580283
580334
580340
580367
580370
580377
580380
580414
580428
580441
580550
580570
580629
580630
580632
580633
580690
580804
580809
580828
580857
580944
580956
581009
581013
581107
581173
581178
581235
581252
581440
581454
581471
581650
581664
581681
581750
581877
581879
581993
582049
582070
582194
582202
582249
582286
582292
582300
582302
582509
582546
582621
582625
582652
582797
582798
582875
582888
582889
582892
582894
582896
582898
582913
583046
583100
583166
583186
583314
583337
583505
583512
583520
583525
583532
583584
583642
583711
583755
583884
583888
583946
583984
583996
584004
584008
584060
584106
584147
584452
584545
584730
584788
584800
584826
585013
585081
585149
585151
585187
585197
585216
585312
585332
585338
585537
585538
585571
585604
585649
585652
585846
586044
586097
586166
586187
586279
586327
586461
586483
586577
586586
586592
586595
586779
586781
586927
586992
587040
587041
587042
587130
587138
587176
587203
587320
587496
587506
587548
587630
587786
587921
587927
588068
588080
588087
588204
588207
588209
588210
588211
588216
588236
588440
588446
588629
588653
588670
588696
588781
588783
588809
589102
589142
589173
589178
589384
589427
589451
589565
589594
589607
589614
589770
589775
589812
589876
589877
589996
590009
590019
590050
590084
590152
590155
590164
590178
590253
590278
590473
590476
590483
590575
590663
590756
590802
590995
591126
591180
591201
591273
591274
591275
591287
591309
591434
591459
591529
591531
591634
591832
591869
592029
592162
592207
592230
592276
592485
592495
592660
592786
592901
592912
592960
592973
592989
593104
593134
593187
593281
593316
593317
593428
593432
593435
593438
593510
593517
593643
593655
593676
593689
593745
593816
593873
593941
594030
594072
594090
594094
594175
594228
594274
594314
594444
594451
594454
594458
594465
594475
594482
594528
594535
594542
594545
594553
594568
594663
594689
594770
595048
595068
595087
595149
595216
595379
595601
595631
595801
595951
595966
596039
596061
596112
596274
596314
596318
596320
596321
596325
596332
596364
596405
596422
596429
596484
596597
596696
596697
596702
596704
596707
596709
596711
596767
596795
596886
596949
597175
597181
597185
597193
597212
597446
597453
597455
597461
597468
597502
597512
597684
597687
597692
597722
597785
597856
597889
597900
597910
597920
598175
598192
598400
598556
598635
598983
599205
599281
599342
599346
599367
599381
599402
599484
599504
599724
599744
599776
599777
599781
599953
599973
599975
600008
600165
600250
600339
600415
600417
600427
600701
600718
600734
600751
600766
600892
600938
600939
600963
601025
601083
601099
601108
601259
601369
601446
601510
601517
601575
601656
601683
601743
601823
601839
601844
601961
602009
602223
602263
602314
602332
602414
602567
602708
602711
602734
602777
602784
602807
602889
603012
603013
603050
603138
603191
603312
603457
603476
603480
603524
603565
603577
603624
603644
603664
603681
603705
603904
603943
603945
604012
604076
604079
604149
604228
604238
604245
604266
604317
604487
604514
604518
604519
604532
604578
604599
604640
604889
605124
605133
605139
605157
605163
605188
605211
605215
605314
605372
605479
605488
605505
605515
605525
605540
605553
605554
605572
605587
605609
605786
605802
605804
605816
605820
605823
605834
605840
605851
605911
606041
606047
606048
606087
606089
606155
606206
606344
606369
606370
606372
606373
606432
606443
606446
606452
606519
606548
606625
606632
606638
606663
606680
606728
606762
606832
606837
606907
606960
606966
607070
607072
607175
607184
607218
607244
607338
607383
607583
607676
607740
607776
607782
607832
607967
607994
608077
608108
608154
608168
608195
608213
608260
608444
608501
608502
608509
608512
608537
608569
608654
608708
608797
608812
608994
609064
609075
609080
609183
609238
609245
609362
609368
609374
609560
609567
609569
609571
609575
609577
609581
609583
609616
609627
609768
609911
609919
609965
609972
610010
610014
610076
610135
610138
610144
610201
610222
610223
610227
610253
610261
610359
610387
610394
610442
610561
610633
610704
610734
610743
610749
610866
610894
611083
611141
611153
611169
611191
611224
611254
611277
611342
611349
611421
611446
611489
611492
611495
611534
611596
611605
611636
611639
611640
611642
611645
611651
611666
611805
611907
611908
611921
611924
611962
611986
612152
612196
612278
612294
612295
612394
612431
612515
612565
612568
612587
612592
612669
612789
612861
612888
612891
612900
612901
612966
613119
613271
613510
613607
613712
613722
613835
614015
614111
614157
614166
614167
614186
614196
614198
614199
614200
614202
614204
614205
614206
614208
614209
614372
614479
614552
614578
614630
614722
614817
614890
615017
615151
615229
615242
615289
615582
615656
615774
615790
616073
616108
616142
616318
616329
616366
616404
616487
616584
616587
616632
616659
616801
616820
616831
616844
616862
617124
617208
617372
617373
617505
617523
617638
617761
617769
617772
617786
617787
617868
617891
617935
617973
618057
618067
618128
618187
618331
618352
618375
618418
618485
618544
618585
618620
618670
618869
618885
618919
619116
619189
619262
619265
619307
619430
619447
619503
619670
619704
619730
619745
619754
619761
619778
619887
619926
620067
620193
620482
620495
620499
620591
620616
620953
621080
621103
621109
621151
621222
621248
621254
621465
621486
621495
621570
621584
621707
621817
621829
621970
622103
622193
622203
622346
622404
622420
622707
622838
623017
623034
623039
623226
623338
623341
623464
623491
623493
623504
623520
623521
623591
623615
623642
623670
624146
624368
624482
624540
624543
624694
624774
624777
624779
625040
625121
625122
625213
625234
625423
625424
625537
625560
625632
625655
625663
625693
625719
625759
626018
626028
626081
626229
626244
626292
626359
626370
626483
626484
626576
626617
626743
626845
626868
626870
626873
626884
626930
626963
627006
627050
627094
627112
627119
627132
627290
627322
627324
627515
627518
627533
627540
627572
627630
627661
627699
627840
628038
628079
628139
628446
628468
628469
628478
628637
628707
628731
628866
628959
629015
629121
629131
629135
629181
629227
629228
629363
629382
629386
629554
629819
629843
629943
629957
630055
630095
630288
630377
630392
630486
630586
630622
630766
630774
630798
630808
630890
630925
631057
631059
631060
631191
631260
631285
631303
631322
631380
631427
631502
631583
631592
631689
631697
631746
631767
631790
631842
631843
631870
631947
632011
632110
632205
632257
632259
632262
632304
632309
632357
632496
632509
632567
632570
632601
632685
632727
632728
632871
632873
632922
632926
632932
632977
633100
633130
633145
633159
633176
633177
633193
633196
633207
633232
633337
633402
633430
633489
633608
633660
633686
633688
633722
633751
633907
633958
633963
633977
633990
634038
634115
634165
634281
634301
634336
634398
634449
634494
634525
634527
634550
634639
634666
634707
634775
634810
634816
634854
634878
634880
634895
634926
634957
634961
635040
635065
635108
635147
635419
635424
635514
635669
635683
635688
635710
635737
635771
635772
635817
635821
635837
635841
635843
635896
635909
635910
635968
636029
636076
636229
636274
636385
636492
636508
636514
636515
636517
636519
636520
636522
636523
636530
636612
636632
636652
636681
636741
636800
636805
636806
636807
636808
636809
636812
636827
636873
636876
636879
636891
636900
636908
637017
637020
637040
637084
637110
637156
637159
637161
637162
637164
637165
637168
637174
637179
637180
637194
637237
637246
637250
637255
637263
637267
637272
637287
637306
637312
637321
637322
637334
637398
637409
637459
637463
637472
637479
637533
637574
637672
637808
637893
637926
637944
637969
638045
638090
638091
638106
638219
638254
638265
638342
638369
638464
638467
638541
638609
638635
638669
638727
638732
638788
638803
638855
638915
638946
639052
639086
639247
639250
639283
639357
639461
639471
639473
639477
639480
639486
639489
639495
639506
639531
639533
639538
639581
639596
639687
639705
639863
639884
639959
639973
640029
640128
640173
640209
640276
640377
640386
640427
640462
640465
640519
640526
640756
640758
640766
640767
640768
640772
640775
640781
640796
640816
640824
640830
640935
640960
640962
640963
640974
641212
641275
641321
641322
641333
641340
641395
641495
641588
641668
641684
641688
641697
641706
641709
641734
641764
641835
641842
641925
641926
641967
641968
641991
642018
642046
642055
642061
642063
642064
642069
642078
642081
642085
642086
642087
642099
642100
642103
642106
642107
642108
642113
642131
642134
642155
642237
642287
642473
642512
642556
642635
642641
642647
642649
642652
642694
642697
642781
642886
642921
642957
642994
643065
643077
643088
643114
643143
643200
643213
643224
643225
643234
643237
643238
643272
643284
643288
643291
643373
643375
643393
643395
643400
643425
643428
643432
643468
643502
643503
643550
643586
643587
643592
643597
643632
643657
643728
643743
643791
643866
643889
643922
643924
643969
643998
644002
644003
644009
644030
644064
644104
644106
644142
644144
644157
644182
644262
644265
644320
644426
644452
644460
644530
644549
644618
644623
644653
644665
644670
644688
644695
644710
644730
644748
644752
644787
644876
644921
644950
645047
645182
645240
645243
645319
645426
645431
645452
645454
645482
645499
645501
645510
645513
645514
645516
645518
645519
645524
645725
645726
645732
645733
645746
645750
645753
645796
645828
645856
645881
645900
645927
645930
645941
646020
646108
646109
646334
646385
646397
646401
646435
646541
646542
646558
646675
646683
646843
646930
646939
646977
647049
647302
647398
647593
647638
647769
647895
647931
647932
647935
648013
648043
648088
648095
648114
648168
648229
648408
648427
648495
648594
648668
648764
648770
648772
648777
648779
648819
648955
648957
649032
649078
649117
649119
649182
649212
649407
649524
649609
649617
649770
649924
649984
650093
650170
650176
650366
650672
650685
650716
650893
650895
650896
650898
650900
650952
651006
651008
651013
651016
651018
651129
651147
651178
651273
651418
651442
651448
651465
651488
651494
651509
651511
651514
651517
651569
651571
651579
651645
651680
651692
651696
651698
651728
651732
651782
651871
652004
652034
652118
652297
652340
652342
652522
652694
652724
652757
652761
652767
652775
652778
652794
652823
652841
652847
652860
652891
653070
653218
653229
653340
653355
653363
653365
653412
653530
653537
653544
653556
653598
653615
653643
653645
653672
653765
653783
653793
653820
653842
653946
654082
654092
654189
654191
654241
654435
654452
654593
654615
654718
654731
654741
654798
654816
654852
654954
654981
655033
655046
655083
655201
655219
655344
655366
655393
655426
655478
655504
655560
655574
655587
655742
655746
655754
655758
655759
655761
655765
655874
656024
656145
656147
656174
656211
656214
656233
656250
656381
656790
656793
656980
656981
657012
657099
657343
657386
657437
657461
657528
657611
657625
657640
657701
657767
657826
657891
658020
658074
658110
658397
658402
658503
658568
658596
658642
658829
658883
658975
659060
659158
659201
659223
659309
659355
659358
659411
659412
659413
659415
659416
659417
659419
659420
659501
659502
659506
659564
659578
659716
659724
659756
659766
659788
659794
659797
659802
659822
659986
660001
660099
660175
660299
660335
660418
660580
660628
660663
660727
660773
660838
660985
661188
661237
661395
661601
661665
661666
661690
661834
661917
661924
661950
662016
662044
662087
662152
662174
662183
662267
662288
662474
662498
662509
662548
662601
662778
662802
662821
662844
662903
662956
662957
662975
662983
662989
663064
663099
663122
663128
663153
663200
663240
663283
663407
663410
663414
663481
663603
663625
663661
663662
663669
663706
663712
663775
663866
663924
663953
664041
664042
664045
664047
664164
664168
664170
664171
664172
664307
664333
664336
664356
664442
664483
664527
664530
664561
664571
664574
664588
664617
664748
664790
664833
664862
664945
664994
665030
665032
665040
665087
665109
665351
665469
665552
665921
666010
666016
666095
666196
666344
666477
666487
666634
666720
666723
666730
666782
666883
666912
667015
667054
667057
667098
667132
667141
667154
667177
667216
667226
667228
667297
667331
667336
667408
667459
667562
667688
667787
667792
667794
667808
667824
667849
667897
667979
667989
667992
667996
668040
668055
668061
668343
668385
668616
668683
668712
668723
668796
668804
668834
669342
669355
669376
669448
669510
669671
669695
669705
669724
669735
669770
669772
669798
669906
669974
670127
670171
670266
670426
670428
670429
670466
670490
670580
670615
670624
670636
670940
670964
671013
671078
671079
671104
671137
671217
671248
671309
671324
671368
671372
671380
671389
671474
671555
671603
671630
671708
671712
671713
671725
671789
671903
671952
672043
672050
672055
672204
672215
672226
672229
672278
672523
672555
672582
672593
672658
672741
672761
672902
672996
673043
673094
673168
673179
673200
673378
673526
673725
673850
673930
673933
673940
673958
674025
674210
674259
674308
674370
674382
674385
674393
674464
674472
674475
674482
674499
674520
674528
674548
674564
674603
674703
674821
674862
674879
674895
675253
675256
675282
675327
675347
675439
675489
675490
675526
675531
675554
675575
675776
675777
675814
675824
675853
675941
675947
675950
675956
675958
676240
676291
676350
676410
676547
676613
676649
676704
676726
676735
676738
676744
676756
676770
676824
676896
676981
677063
677108
677206
677230
677338
677359
677600
677646
678094
678278
678298
678331
678389
678588
678792
678897
678928
678945
678997
679066
679163
679213
679221
679722
679761
679785
679790
679865
679893
679974
679985
680033
680094
680224
680286
680295
680297
680369
680380
680493
680526
680593
680621
680631
680653
680734
680801
680829
680867
680871
680918
680985
681076
681181
681185
681195
681243
681280
681326
681362
681416
681457
681582
681584
681631
681665
681680
681711
681719
681760
681836
681840
681914
681986
681996
682043
682225
682261
682286
682359
682532
682641
682662
682809
682825
682836
682994
682999
683016
683100
683154
683169
683204
683455
683557
683630
683691
683699
683716
683773
683780
683875
683891
683915
684051
684139
684201
684420
684684
684800
684807
684812
684822
684895
684923
684993
685044
685180
685222
685289
685454
685586
685592
685615
685646
685649
685661
685671
685682
685826
685867
685942
685964
686003
686086
686112
686120
686208
686357
686435
686472
686478
686584
686676
686684
686854
686988
687137
687142
687301
687340
687372
687377
687445
687484
687496
687647
687728
687766
687794
687859
687972
687979
687983
688034
688131
688138
688177
688312
688343
688436
688460
688465
688542
688544
688639
688662
688703
688728
688863
688898
689088
689108
689112
689122
689127
689132
689144
689148
689285
689312
689323
689389
689397
689478
689479
689688
689815
689834
689968
690085
690122
690124
690127
690128
690129
690131
690135
690136
690137
690138
690193
690213
690221
690248
690286
690311
690348
690372
690451
690481
690546
690549
690558
690585
690637
690658
690795
690797
690799
690800
690905
691061
691068
691100
691151
691196
691212
691223
691397
691473
691546
691646
691717
691734
691860
691932
692074
692227
692380
692421
692436
692478
692510
692531
692559
692623
692774
692830
692885
693066
693071
693073
693315
693318
693400
693464
693467
693474
693475
693486
693544
693582
693676
693742
693749
693780
693840
693905
693907
694211
694224
694378
694435
694439
694441
694476
694481
694556
694657
694662
694673
694717
694725
694731
694739
694786
694944
694951
695042
695046
695138
695155
695183
695256
695270
695350
695452
695564
695569
695647
695651
695697
696006
696053
696393
696513
696605
696673
696785
696822
696845
696958
697027
697123
697135
697181
697189
697214
697389
697399
697404
697609
697709
697782
697798
697799
697904
697953
698074
698320
698663
698672
698676
698968
699008
699018
699019
699087
699177
699183
699221
699250
699337
699349
699351
699378
699496
699515
699633
699651
699732
699758
699897
700108
700290
700347
700358
700373
700388
700423
700424
700522
700543
700544
700556
700591
700604
700650
700686
701029
701121
701277
701369
701407
701481
701510
701511
701578
701727
701796
701909
701974
702029
702037
702068
702070
702120
702349
702391
702499
702518
702608
702621
702638
702759
703050
703069
703127
703258
703268
703297
703698
703745
703781
703882
704179
704208
704214
704245
704262
704567
704618
704630
704646
704774
704792
704849
704993
705058
705072
705075
705208
705279
705283
705368
705387
705393
705396
705397
705416
705433
705450
705451
705515
705519
705528
705586
705751
705780
705863
705871
705873
705877
705949
706001
706190
706199
706236
706237
706303
706383
706396
706483
706486
706494
706512
706525
706559
706574
706581
706588
706629
706677
706727
706778
706856
706857
706862
706891
706898
706908
707031
707037
707085
707116
707131
707142
707192
707214
707396
707408
707446
707455
707459
707474
707621
707639
707757
707794
708025
708145
708336
708362
708455
708494
708561
708623
708660
708696
708697
708699
708706
708788
708790
708805
708808
709034
709059
709082
709085
709137
709147
709196
709238
709263
709412
709427
709430
709514
709519
709559
709564
709567
709608
709614
709621
709631
709642
709692
709732
709786
709798
709805
709842
709907
709912
709983
709987
709992
710003
710019
710217
710219
710228
710242
710295
710309
710457
710493
710572
710578
710672
710684
710717
710734
710743
710922
711069
711165
711342
711370
711427
711471
711622
711629
711641
711705
711715
711754
711813
711963
711975
712079
712098
712189
712196
712286
712499
712503
712508
712510
712567
712674
712762
712907
712972
713130
713138
713166
713197
713341
713364
713422
713474
713478
713479
713504
713523
713563
713582
713651
713703
713704
713828
713951
714129
714150
714153
714199
714324
714358
714440
714460
714479
714595
714669
714798
714870
714995
715003
715107
715123
715133
715159
715178
715179
715181
715203
715210
715235
715239
715260
715275
715324
715343
715370
715402
715461
715486
715550
715658
715762
715894
715900
715903
715951
715998
716069
716109
716119
716258
716283
716300
716309
716343
716472
716480
716512
716703
716750
716786
716819
716820
716822
716913
717011
717021
717096
717285
717319
717367
717372
717397
717672
717679
717716
717728
717859
717942
717972
718014
718022
718055
718083
718134
718138
718146
718151
718159
718161
718292
718389
718395
718400
718416
718445
718460
718558
718617
718630
718636
718652
718754
718861
718892
718962
719033
719050
719072
719106
719173
719221
719311
719318
719324
719452
719456
719535
719704
719769
719770
719829
719864
719950
720009
720018
720026
720046
720065
720104
720109
720132
720312
720395
720407
720442
720667
720689
720771
720929
720959
721118
721196
721257
721333
721466
721540
721656
721825
721877
721894
721927
721930
721940
721952
721955
722261
722354
722358
722364
722472
722516
722522
722526
722571
722603
722635
722667
722688
722709
722710
722714
722722
722724
722780
722845
723024
723029
723072
723111
723135
723144
723227
723255
723270
723337
723359
723377
723393
723408
723416
723419
723422
723447
723454
723531
723538
723553
723716
724046
724162
724165
724350
724427
724457
724479
724484
724492
724585
724601
724653
724719
724736
724774
724789
724796
724901
724963
724980
724985
725114
725146
725223
725283
725303
725495
725543
725623
725636
725640
725646
725764
725813
725835
725836
725842
725851
725922
725960
725992
726031
726040
726062
726120
726121
726124
726217
726239
726289
726333
726352
726455
726504
726507
726521
726527
726741
726753
726784
726881
726939
726953
726999
727016
727111
727128
727136
727161
727251
727347
727352
727353
727389
727478
727488
727574
727577
727610
727714
728054
728065
728069
728122
728144
728218
728289
728292
728298
728305
728308
728349
728401
728415
728505
728617
728623
728690
728694
728732
728773
728791
728795
728796
728874
728907
728941
728948
728949
729004
729028
729170
729176
729296
729316
729341
729429
729454
729482
729613
729634
729660
729674
729689
729705
729713
729722
729740
729832
729872
729873
729877
729878
729881
729882
729883
729884
729887
729935
729938
729999
730158
730159
730161
730162
730167
730170
730180
730189
730227
730255
730286
730406
730407
730426
730627
730766
730780
730873
730890
730903
730987
731001
731041
731158
731163
731204
731216
731222
731230
731233
731339
731343
731391
731477
731491
731583
731587
731653
731727
731732
731740
731741
731767
731776
731803
731807
731810
731818
731893
731981
731985
732045
732114
732115
732118
732231
732232
732233
732234
732333
732344
732465
732471
732472
732475
732476
732510
732520
732550
732558
732675
732678
732713
732761
732773
732856
732912
732945
733006
733049
733068
733156
733222
733322
733387
733415
733491
733506
733528
733590
733592
733605
733615
733638
733699
733837
733852
733858
733866
733874
733878
733914
733932
733937
734001
734072
734216
734353
734422
734451
734557
734637
734639
734707
734844
734881
734973
735012
735031
735034
735072
735116
735117
735253
735423
735427
735437
735458
735504
735505
735514
735580
735592
735734
735736
735740
735744
735782
735880
735933
735949
735967
735979
735993
736189
736274
736356
736381
736447
736485
736506
736509
736611
736694
736735
736752
736772
736776
736818
736853
736883
736934
737039
737233
737259
737261
737267
737271
737284
737294
737322
737376
737586
737693
737736
737737
737759
737803
737830
737853
737855
737859
737881
737885
737974
737998
738008
738057
738065
738090
738098
738110
738127
738141
738156
738162
738168
738170
738183
738186
738332
738370
738388
738391
738440
738441
738444
738454
738461
738466
738467
738475
738477
738493
738496
738507
738509
738540
738542
738583
738661
738672
738730
738746
738748
738756
738890
738891
738893
738898
738900
738914
739068
739087
739123
739133
739174
739275
739343
739372
739403
739440
739445
739447
739449
739451
739453
739454
739456
739458
739474
739573
739582
739587
739590
739596
739603
739627
739643
739706
739788
739887
739890
739901
739914
739990
739995
740016
740049
740061
740119
740130
740257
740264
740267
740318
740393
740533
740594
740598
740611
740623
740686
740794
740899
740903
740908
740925
740991
740994
741112
741174
741178
741187
741206
741261
741266
741271
741276
741278
741357
741380
741382
741422
741425
741451
741533
741567
741581
741586
741588
741592
741612
741613
741614
741616
741630
741632
741635
741636
741651
741670
741686
741712
741796
741882
741883
741887
741914
741917
741919
741957
741964
741984
742048
742107
742147
742179
742191
742254
742312
742327
742433
742538
742568
742573
742797
742849
742899
742906
742926
742948
742951
742961
742963
743022
743032
743149
743240
743305
743581
743654
743757
743831
744009
744013
744038
744041
744168
744210
744273
744388
744404
744405
744410
744423
744428
744430
744442
744456
744515
744534
744538
744542
744549
744552
744553
744571
744606
744742
744746
744750
744774
744859
744979
745002
745040
745050
745179
745210
745213
745327
745342
745407
745456
745467
745475
745501
745657
745795
745934
745936
745986
746132
746135
746148
746157
746161
746164
746173
746223
746240
746245
746520
746524
746666
746667
746689
746722
746729
746746
746817
746891
746894
746929
746943
746953
746971
746973
747005
747117
747156
747170
747171
747239
747327
747345
747359
747376
747424
747429
747432
747463
747483
747512
747578
747593
747706
747716
747719
747721
747728
747729
747731
747816
747901
747919
747923
747941
747957
747962
748048
748115
748150
748155
748224
748225
748230
748251
748273
748282
748283
748343
748407
748464
748474
748543
748561
748589
748645
748700
748712
748810
748812
748853
748910
748918
748939
748942
748990
749029
749039
749044
749047
749086
749105
749109
749120
749239
749240
749256
749269
749290
749302
749305
749377
749380
749396
749416
749427
749464
749519
749527
749555
749581
749582
749611
749613
749645
749727
749951
750109
750121
750141
750143
750206
750207
750219
750271
750281
750288
750301
750303
750305
750306
750322
750344
750401
750415
750512
750518
750522
750543
750569
750587
750620
750694
750697
750725
750732
750838
750843
750895
750900
750914
750923
751004
751023
751055
751062
751073
751078
751097
751099
751134
751197
751237
751251
751252
751254
751298
751360
751361
751365
751372
751394
751396
751401
751418
751422
751423
751436
751440
751443
751447
751453
751497
751583
751626
751731
751743
751801
751840
751848
751855
751856
751965
751969
752001
752100
752126
752133
752142
752144
752148
752157
752177
752200
752307
752350
752354
752378
752428
752434
752435
752436
752440
752443
752444
752446
752448
752450
752473
752500
752505
752510
752553
752687
752694
752714
752715
752743
752761
752762
752763
752809
752819
752825
752833
752834
752867
752874
752880
752902
752904
752968
753074
753076
753131
753143
753155
753170
753208
753270
753328
753337
753402
753411
753436
753443
753451
753453
753455
753468
753574
753773
753926
753931
753937
753973
754001
754006
754017
754040
754195
754218
754265
754267
754325
754330
754343
754351
754408
754450
754453
754501
754588
754607
754651
754758
754785
754801
754824
754859
754905
754909
754928
754933
754934
754952
754983
755001
755039
755062
755135
755200
755211
755233
755249
755329
755349
755350
755561
755566
755737
755788
755792
755794
755795
755798
755804
755878
755915
755998
756017
756112
756237
756267
756278
756283
756290
756292
756293
756303
756317
756327
756331
756341
756360
756423
756432
756439
756446
756452
756457
756523
756530
756540
756545
756566
756570
756599
756627
756628
756630
756643
756673
756674
756693
756720
756747
756774
756783
756792
756793
756810
756820
756830
756838
756885
756956
756999
757004
757013
757055
757073
757097
757109
757114
757173
757224
757242
757269
757344
757345
757352
757360
757392
757393
757405
757424
757429
757431
757433
757442
757453
757559
757655
757672
757707
757709
757720
757838
757844
757845
757853
757855
757911
757916
757981
758022
758105
758241
758279
758292
758298
758323
758344
758439
758443
758501
758506
758511
758517
758589
758637
758640
758724
758744
758761
758769
758772
758802
758803
758823
758853
758860
758861
758893
758897
759071
759102
759123
759165
759168
759189
759193
759213
759220
759229
759230
759244
759248
759292
759335
759365
759373
759377
759378
759397
759409
759413
759420
759426
759486
759516
759578
759585
759619
759622
759665
759681
759682
759725
759753
759768
759776
759802
759807
759818
759902
759908
759914
759933
759937
759951
759955
759957
759970
760020
760104
760161
760195
760204
760218
760271
760272
760308
760312
760460
760466
760508
760512
760537
760540
760582
760688
760741
760825
760871
760875
760891
760919
760953
760998
761047
761055
761116
761195
761198
761248
761260
761298
761333
761337
761533
761554
761556
761563
761581
761600
761746
761823
761837
761841
761848
761856
761863
761869
761878
761903
761977
762029
762033
762057
762060
762068
762112
762255
762295
762302
762305
762441
762457
762504
762567
762640
762645
762655
762660
762685
762741
762758
762826
762832
762838
762842
762863
762916
762921
762998
763014
763038
763053
763091
763139
763149
763161
763162
763209
763256
763320
763345
763368
763370
763453
763499
763531
763631
763672
763743
763747
763749
763751
763818
763820
763850
763967
763975
763992
764013
764065
764073
764080
764086
764091
764160
764164
764231
764279
764294
764309
764410
764412
764619
764620
764673
764729
764765
764794
764813
764893
764930
765012
765128
765150
765151
765190
765193
765199
765210
765402
765534
765695
765699
765704
765707
765732
765758
765765
765771
765797
765810
765832
765847
765869
765905
765923
765967
765968
765996
766024
766029
766069
766070
766076
766184
766189
766217
766220
766229
766237
766326
766358
766375
766376
766394
766401
766457
766505
766506
766527
766530
766543
766579
766592
766764
766814
767050
767069
767152
767204
767210
767214
767216
767234
767243
767250
767251
767256
767259
767274
767276
767395
767471
767499
767504
767526
767528
767613
767615
767657
767711
767720
767726
767805
767835
767841
767864
768135
768253
768275
768370
768447
768507
768570
768619
768632
768667
768673
768761
768893
768983
769002
769011
769013
769021
769098
769127
769254
769270
769319
769347
769364
769391
769397
769468
769488
769629
769642
769657
769664
769686
769704
769932
770107
770165
770338
770382
770393
770404
770428
770436
770452
770456
770461
770491
770496
770503
770549
770590
770623
770632
770684
770725
770740
770867
770951
770973
770977
770992
771064
771117
771157
771266
771536
771555
771820
772278
772288
772312
772318
772362
772576
772603
772650
772667
772778
772786
772973
772977
773053
773108
773257
773274
773409
773491
773542
773549
773568
773691
773701
773724
773769
773897
773909
774021
774044
774079
774103
774108
774123
774131
774132
774139
774146
774309
774404
774454
774559
774629
774763
774862
774887
774895
774900
775052
775063
775135
775265
775272
775381
775400
775481
775483
775501
775564
775566
775567
775579
775596
775605
775607
775611
775615
775744
775771
775792
776028
776041
776055
776094
776195
776203
776211
776236
776251
776294
776462
776486
776491
776497
776501
776506
776562
776657
776666
776874
776904
776942
776944
776948
776949
777177
777235
777250
777486
777488
777537
777573
777620
777677
777697
777733
777739
777752
777828
777830
777912
778042
778126
778190
778211
778262
778371
778379
778436
778439
778519
778560
778583
778590
778596
778720
778755
778764
778780
778801
778919
779128
779157
779167
779216
779234
779246
779247
779333
779385
779433
779543
779553
779562
779568
779569
779621
779655
779844
779951
780160
780182
780196
780204
780267
780268
780273
780275
780278
780280
780281
780283
780318
780365
780400
780591
780609
780666
780688
780748
780766
780821
780832
780863
781001
781004
781012
781020
781025
781032
781046
781050
781076
781180
781197
781313
781317
781319
781326
781329
781330
781331
781332
781334
781337
781338
781340
781342
781345
781346
781349
781353
781355
781362
781363
781372
781378
781418
781444
781526
781635
781644
781678
781683
781705
781713
781719
781724
781772
781781
781849
781926
781935
781970
781984
781995
782055
782072
782083
782140
782172
782176
782177
782179
782204
782209
782212
782214
782226
782230
782236
782238
782341
782358
782390
782442
782654
782667
782676
782760
782869
782936
782984
783047
783061
783088
783089
783104
783113
783161
783233
783262
783281
783282
783327
783333
783335
783460
783546
783638
783839
783947
783948
783990
784015
784024
784058
784075
784177
784192
784217
784281
784284
784485
784486
784491
784495
784577
784593
784630
784791
784800
784817
784838
784850
784858
785059
785075
785095
785097
785109
785121
785125
785131
785136
785141
785148
785152
785154
785157
785160
785163
785166
785167
785174
785176
785293
785328
785401
785443
785468
785614
785662
785734
785757
785759
785763
785764
785779
785869
785885
785916
786018
786050
786110
786126
786127
786300
786372
786399
786573
786575
786584
786593
786627
786747
786754
786835
786842
786848
786851
786853
786856
786864
786866
786870
786878
786881
786926
786928
786966
786971
786990
787009
787046
787052
787085
787115
787174
787180
787277
787283
787288
787316
787344
787370
787373
787402
787460
787465
787468
787469
787490
787497
787506
787527
787590
787635
787747
787752
787760
787761
787785
787935
788057
788073
788176
788297
788303
788376
788470
788473
788527
788623
788635
788873
788999
789113
789208
789310
789339
789351
789365
789375
789382
789413
789581
789637
789784
789791
789885
789955
789978
789986
790020
790027
790227
790509
790634
790695
790803
790856
790893
790894
790949
790953
790998
791141
791177
791329
791335
791348
791388
791394
791479
791528
791615
791698
791906
791910
792101
792103
792149
792492
792494
792505
792543
792615
792657
792658
792667
792684
792720
792731
792736
792739
792741
792742
792772
792800
792916
792993
793002
793041
793234
793266
793354
793368
793370
793376
793462
793549
793608
793786
793794
793828
793835
793836
793896
793914
793942
793967
794004
794234
794325
794349
794452
794487
794567
794686
794766
794783
794925
794942
794960
795051
795136
795155
795206
795422
795444
795500
795508
795518
795522
795562
795602
795604
795724
795742
795756
795853
795868
795970
796002
796066
796165
796197
796211
796214
796237
796250
796256
796265
796307
796353
796428
796523
796534
796571
796581
796604
796621
796640
796643
796734
796759
796941
797003
797012
797052
797114
797134
797147
797166
797173
797312
797313
797333
797393
797400
797502
797582
797648
797670
797742
797764
797781
797786
797815
797886
797888
797946
797974
798050
798060
798082
798091
798093
798104
798106
798155
798296
798434
798443
798467
798529
798719
798829
798966
799051
799097
799098
799099
799102
799105
799123
799131
799134
799139
799144
799182
799308
799344
799364
799540
799568
799640
799655
799807
799874
799878
799904
799920
799933
799943
799953
799959
799982
800098
800109
800137
800156
800198
800238
800302
800319
800417
800453
800461
800469
800472
800474
800497
800597
800681
800748
800815
800844
800857
800861
800891
801065
801071
801078
801085
801109
801178
801233
801244
801271
801320
801449
801454
801464
801485
801527
801548
801557
801583
801651
801691
801773
801774
801794
801808
801830
801937
801970
802055
802066
802067
802108
802195
802226
802344
802358
802363
802369
802605
802610
802657
802724
802725
802728
802736
802777
802779
802835
802839
802870
802887
802909
802917
802954
802963
802969
803114
803135
803139
803142
803182
803204
803216
803217
803229
803390
803429
803442
803634
803772
803779
803788
803912
803938
803939
804041
804042
804043
804046
804122
804127
804167
804181
804236
804261
804267
804281
804357
804359
804374
804392
804404
804572
804616
804617
804706
804755
804941
805060
805063
805064
805067
805091
805102
805104
805106
805107
805204
805206
805207
805209
805221
805224
805226
805332
805347
805350
805356
805365
805396
805418
805420
805421
805429
805434
805435
805436
805443
805446
805473
805475
805532
805597
805619
805620
805678
805682
805688
805705
805748
805762
805763
806030
806032
806056
806204
806207
806211
806248
806271
806273
806275
806291
806309
806322
806631
806635
806636
806639
806641
806657
806715
806731
806778
806804
806845
806846
806847
806852
806853
806892
806893
806895
807001
807002
807003
807025
807030
807049
807172
807182
807238
807239
807278
807318
807320
807321
807322
807327
807336
807339
807352
807356
807412
807764
807953
807969
808031
808033
808037
808039
808049
808053
808056
808059
808063
808065
808069
808090
808100
808207
808300
808334
808340
808351
808421
808424
808429
808445
808447
808600
808683
808748
808768
808789
808793
808810
808865
809198
809207
809224
809238
809282
809347
809393
809397
809431
809439
809485
809524
809556
809557
809561
809563
809570
809571
809586
809587
809591
809596
809610
809614
809621
809642
809645
809654
809668
809673
809678
809702
809892
809929
809932
809962
810018
810024
810045
810047
810062
810082
810150
810155
810161
810163
810263
810271
810387
810402
810427
810464
810499
810732
810748
810896
811061
811068
811074
811076
811087
811089
811149
811153
811191
811300
811467
811468
811622
811646
811652
811656
811707
811714
811716
811723
811734
811743
811751
811755
811757
811758
811763
811767
811772
811775
811777
811781
811783
811790
811794
811816
811822
811825
811829
811832
811847
811869
811893
811914
811921
811928
811939
812235
812237
812263
812275
812286
812292
812307
812310
812315
812320
812330
812340
812341
812427
812494
812498
812557
812605
812612
812616
812620
812621
812641
812653
812657
812665
812694
812795
812822
812915
812957
812969
812970
812979
812983
812987
812999
813003
813006
813015
813025
813033
813066
813263
813289
813428
813538
813583
813658
813678
813724
813743
813848
813852
813878
813980
813992
814019
814029
814037
814043
814048
814084
814273
814318
814320
814406
814426
814510
814615
814678
814686
814764
814800
814811
814889
814891
814895
814904
814951
815067
815072
815088
815128
815136
815143
815174
815209
815278
815279
815569
815631
816187
816306
816311
816349
816365
816370
816381
816450
816487
816495
816512
816515
816516
816528
816538
816546
816566
816656
816685
816699
816759
816771
816790
816798
816801
816811
816820
816915
816949
816952
816977
817000
817077
817170
817282
817348
817490
817499
817514
817677
817680
817742
817747
817811
817839
817869
818009
818072
818108
818153
818230
818269
818331
818442
818527
818543
818664
818735
818823
818834
818972
818999
819250
819259
819341
819371
819401
819604
819617
819660
819713
819746
819876
819926
819962
820032
820385
820511
820609
820645
820657
820662
820725
820748
820917
821038
821098
821320
821385
821390
821479
821485
821489
821499
821501
821670
821678
821684
821783
822074
822075
822148
822428
822435
822441
822448
822475
822499
822554
822618
822759
823034
823040
823155
823191
823199
823202
823207
823210
823339
823359
823393
823427
823491
823594
823662
823764
823847
823849
824063
824254
824326
824327
824348
824351
824423
824503
824643
824657
824734
824739
824761
824806
824843
824877
824915
824923
824937
825016
825045
825162
825193
825208
825218
825344
825351
825357
825448
825465
825530
825577
825594
825664
825691
825725
825741
825751
825808
825818
825824
825895
826047
826048
826056
826092
826146
826161
826188
826268
826617
826632
826649
826686
826753
826777
826843
826863
826930
826933
826983
827064
827144
827157
827180
827255
827285
827315
827401
827525
827797
827883
827931
827994
828040
828192
828305
828306
828340
828514
828651
828683
828691
828913
829035
829038
829042
829053
829243
829357
829358
829370
829410
829523
829652
829660
829674
830036
830180
830184
830524
830764
830788
830794
830806
830821
830826
830984
831017
831055
831179
831207
831396
831410
831438
831654
831703
831830
831877
832000
832063
832105
832227
832233
832257
832310
832320
832454
832458
832474
832478
832499
832508
832509
832543
832557
832601
832602
832607
832615
832625
832649
832672
833023
833084
833187
833195
833198
833200
833249
833454
833468
833639
833803
833804
833838
834037
834192
834332
834347
834352
834455
834507
834578
834619
834681
834849
834875
834883
834971
834974
834979
835074
835243
835262
835284
835292
835457
835490
835560
835638
835653
835677
835679
835742
835746
835817
835823
835829
835875
836008
836087
836155
836221
836225
836269
836294
836325
836332
836333
836336
836343
836423
836439
836570
836713
836738
836794
836795
836797
836833
836925
836998
837011
837141
837142
837242
837271
837286
837382
837503
837506
837542
837544
837633
837650
837707
837780
837997
838003
838117
838237
838241
838317
838322
838353
838484
838516
838578
838589
838594
838630
838719
838819
838923
838986
839006
839010
839069
839097
839262
839342
839347
839394
839436
839440
839557
839678
839741
839761
839801
839908
840254
840274
840297
840537
840543
840705
840783
840805
840818
840819
840885
840887
840889
840894
841591
841655
841657
841946
842098
842109
842135
842139
842159
842169
842200
842343
842417
842419
842442
842452
842455
842493
842514
842521
842715
842721
842786
842819
842820
842826
842861
842891
842938
843039
843158
843176
843289
843324
843408
843487
843489
843621
843679
843784
843807
843842
843878
843880
843898
843932
843939
843978
844059
844094
844295
844322
844359
844380
844396
844398
844537
844555
844634
844697
844775
844917
844918
844986
845004
845020
845061
845097
845119
845123
845152
845157
845178
845251
845319
845474
845554
845643
845692
845783
845802
845831
846045
846072
846255
846278
846284
846311
846423
846424
846441
846778
846781
846785
846867
846895
846976
847066
847087
847140
847163
847171
847197
847314
847339
847420
847549
847557
847562
847564
847679
847802
847996
848055
848063
848067
848090
848186
848197
848239
848278
848286
848289
848391
848432
848440
848530
848557
848664
848676
848707
848723
848740
848787
848818
848826
848839
848840
848842
848866
848886
848887
848912
848927
848949
848955
849032
849042
849043
849044
849046
849059
849164
849166
849361
849365
849369
849422
849496
849497
849635
849640
849735
849815
849828
849847
850010
850050
850060
850065
850071
850099
850127
850148
850218
850316
850379
850439
850502
850575
850674
850699
850779
850782
850920
851025
851100
851124
851275
851289
851296
851307
851308
851372
851429
851466
851539
851622
851661
851665
851717
851762
851782
851839
851862
851885
851926
851950
851965
851972
852093
852095
852096
852202
852252
852283
852313
852431
852485
852565
852593
852636
852676
852696
852701
852766
852774
852783
852795
852829
852830
852850
852862
852888
852910
852917
852930
852954
852966
852986
852995
853019
853034
853035
853043
853085
853094
853155
853157
853163
853178
853334
853387
853391
853413
853500
853545
853585
853590
853602
853604
853677
853682
853688
853691
853730
853764
853770
853796
853799
853810
853854
853924
853958
853959
854113
854114
854153
854160
854169
854188
854240
854244
854251
854283
854302
854417
854442
854529
854535
854561
854640
854746
854748
854765
854818
854823
854852
854862
854867
854881
854887
854888
854890
854902
854989
854996
855006
855033
855044
855140
855187
855190
855192
855197
855202
855228
855245
855267
855273
855435
855451
855466
855467
855536
855560
855912
855971
855997
856006
856015
856056
856060
856062
856081
856082
856085
856090
856091
856099
856273
856274
856290
856368
856421
856476
856492
856512
856517
856547
856613
856639
856661
856668
856680
856795
856839
856864
856874
856973
857240
857270
857279
857382
857391
857415
857417
857427
857429
857444
857447
857501
857504
857570
857614
857678
857708
857726
857797
857821
857922
857925
857932
858003
858015
858017
858020
858038
858061
858064
858066
858071
858074
858077
858159
858161
858162
858169
858180
858181
858188
858233
858239
858270
858284
858296
858314
858325
858346
858461
858463
858487
858492
858524
858572
858581
858600
858614
858619
858653
858655
858690
858747
858790
858824
858836
858838
858841
858844
858856
858975
859048
859347
859357
859428
859430
859431
859497
859657
859698
859725
859768
859804
859839
859912
859992
860022
860023
860027
860073
860126
860135
860177
860214
860292
860303
860304
860346
860462
860537
860553
860606
860721
860728
860764
860767
860861
860867
860869
860915
860928
860931
861057
861069
861136
861165
861177
861199
861264
861303
861332
861367
861413
861418
861454
861456
861507
861523
861593
861913
861942
861977
862009
862029
862035
862054
862065
862090
862131
862212
862239
862250
862280
862326
862404
862529
862531
862533
862538
862671
862672
862720
862724
862748
862758
862762
862763
862789
862816
862818
862857
862908
862970
863171
863181
863295
863371
863406
863438
863482
863525
863532
863534
863542
863590
863593
863594
863596
863597
863662
863672
863680
863688
863758
863776
863779
863831
863848
863856
863946
864142
864207
864411
864429
864536
864715
864717
864721
864750
864844
864850
864860
864873
864958
864959
865008
865114
865355
865383
865390
865419
865439
865528
865556
865616
865620
865647
865672
865778
865939
865944
865949
866002
866027
866100
866372
866376
866510
866661
866682
866700
866716
866741
868265
868547
868551
868582
868586
868603
868706
868757
868768
869016
869041
869046
869101
869136
869150
869154
869291
869434
869443
869528
869538
869618
869629
869710
869764
869900
869953
869983
869989
870056
870110
870179
870182
870186
870196
870352
870383
870478
870506
870510
870531
870542
870619
870660
870670
870671
870809
870873
870946
870950
870957
871034
871138
871401
871406
871407
871440
871443
871449
871471
871472
871474
871493
871502
871624
871654
871836
871875
871896
872010
872253
872255
872278
872283
872325
872338
872370
872376
872382
872383
872386
872450
872475
872485
872497
872506
872512
872514
872554
872555
872620
872640
872642
872663
872668
872671
872721
872728
872732
872737
872755
872787
872886
872889
872890
872940
873096
873330
873343
873414
873516
873529
873559
873639
873674
873717
873754
873784
873787
873808
873865
873888
873904
873915
873967
873973
874167
874242
874265
874334
874544
874594
874605
874657
874706
874709
874728
874753
874756
874758
874832
874891
874894
874950
874969
874973
874995
874998
875030
875081
875119
875122
875133
875137
875138
875236
875268
875289
875314
875334
875356
875425
875426
875429
875487
875875
875893
875903
875915
875986
875989
875993
876001
876010
876018
876084
876122
876132
876174
876177
876201
876205
876210
876222
876224
876227
876235
876237
876247
876254
876269
876283
876286
876418
876427
876430
876457
876465
876531
876544
876598
876600
876707
876708
876711
876712
876801
876802
876864
876932
876949
877000
877019
877024
877055
877087
877089
877106
877189
877247
877375
877430
877436
877439
877445
877621
877626
877759
877772
877907
877975
878096
878113
878362
878367
878413
878414
878494
878508
878576
878671
878686
878720
878750
878777
878832
878838
878844
878849
878853
878856
878900
878941
878958
879033
879062
879138
879165
879203
879209
879267
879305
879329
879374
879430
879432
879486
879489
879491
879497
879538
879600
879672
879689
879717
879734
879796
879849
879878
879879
879912
879917
879957
879993
879995
880004
880024
880029
880100
880226
880264
880271
880289
880294
880304
880311
880324
880327
880329
880337
880339
880351
880352
880355
880381
880393
880398
880515
880557
880561
880565
880567
880568
880572
880582
880585
880604
880623
880650
880665
880774
880841
880891
880937
880939
880981
881053
881070
881108
881138
881212
881216
881219
881258
881260
881310
881317
881349
881355
881380
881402
881404
881405
881424
881460
881464
881487
881502
881555
881688
881756
881761
881800
881803
881820
881828
881855
881882
882008
882051
882052
882055
882068
882086
882157
882162
882179
882186
882218
882225
882235
882418
882431
882438
882488
882502
882530
882593
882596
882598
882754
882806
882835
882904
882948
883001
883034
883089
883090
883110
883185
883217
883220
883275
883299
883316
883341
883347
883349
883361
883406
883428
883680
883745
883961
883977
883978
883989
884059
884093
884174
884180
884184
884224
884234
884262
884263
884267
884288
884304
884356
884370
884402
884415
884506
884517
884536
884551
884681
884728
884788
884789
884800
884826
884882
884996
885000
885030
885101
885117
885121
885187
885189
885192
885284
885309
885346
885375
885387
885460
885468
885683
885755
885837
885895
885903
885930
885938
886083
886142
886305
886317
886336
886403
886427
886481
886514
886576
886581
886604
886606
886608
886611
886638
886711
886778
886828
886873
886885
886961
886963
887078
887130
887169
887173
887242
887265
887309
887318
887347
887445
887470
887556
887583
887690
887786
887907
887924
888064
888097
888117
888162
888192
888212
888257
888368
888452
888478
888502
888532
888561
888665
888694
888827
888838
888842
888997
889046
889107
889198
889266
889278
889287
889418
889423
889424
889470
889485
889539
889658
889676
889681
889685
889730
889753
889834
889839
889927
889977
889995
890348
890407
890452
890702
890729
890771
890874
890991
891013
891048
891184
891195
891253
891282
891514
891527
891576
891701
891702
891704
891761
891811
891924
891931
891936
891983
891989
891996
892062
892075
892079
892087
892110
892113
892142
892175
892219
892265
892361
892368
892417
892426
892432
892444
892457
892458
892700
892767
892771
892910
892944
892957
892965
893032
893036
893098
893255
893323
893338
893355
893384
893396
893411
893535
893861
893910
893933
893985
894011
894104
894125
894205
894239
894334
894399
894570
894586
894600
894698
894699
894751
894818
894844
895039
895073
895158
895178
895181
895267
895290
895318
895433
895492
895499
895744
895814
895862
895895
896011
896087
896155
896161
896163
896164
896169
896173
896180
896192
896205
896268
896345
896352
896375
896413
896448
896592
896662
896663
896890
897078
897159
897260
897268
897338
897343
897361
897398
897424
897454
897488
897782
897871
897874
897954
898080
898100
898228
898348
898349
898365
898369
898555
898563
898714
898770
898774
898791
898798
898860
899215
899269
899294
899298
899324
899445
899504
899544
899579
899603
899606
899620
899673
899694
899722
899810
899840
899871
899907
899929
899977
899996
900065
900273
900314
900322
900327
900352
900412
900855
900913
901040
901060
901090
901101
901247
901257
901321
901330
901338
901385
901418
902984
903040
903073
903075
903097
903276
903329
903388
903500
903513
903626
903802
903850
903852
904024
904116
904364
904417
904449
904471
904636
904648
904669
904924
904926
904929
904931
905011
905020
905044
906200
906355
906389
906460
907390
908401
908806
908815
910355
910501
910703
910705
910791
910803
910807
910889
911045
911072
911106
911112
911243
911348
911416
911425
911748
911860
911897
911899
911901
911904
911911
911926
911931
912133
912195
912391
912404
912407
912549
912556
912602
912638
912668
912734
912793
912858
912865
912872
912878
912937
913017
913062
913069
913163
913290
913415
913479
913487
913568
913645
913673
913726
913772
913878
914015
914037
914075
914091
914215
914228
914312
914397
914520
914572
914634
914712
914799
915058
915156
915160
915162
915257
915268
915275
915292
915296
915310
915567
915572
915707
915967
915968
915982
915984
916042
916117
916142
916300
916433
916439
916483
916489
916589
916710
916735
916790
916930
916960
917007
917199
917222
917315
917324
917363
917484
917496
917514
917708
917883
917990
918007
918096
918118
918247
918356
918547
918594
918597
918613
918615
918621
918675
918727
918731
918749
918762
918936
918940
919076
919131
919134
919345
919363
919530
919542
919567
919817
919873
920081
920348
920419
920429
920470
920551
920633
920635
920642
920697
920845
920958
921022
921213
921216
921384
921525
921644
921649
921782
922048
922247
922437
922443
922496
922504
922562
922596
922607
922742
922747
922754
922801
922848
923162
923217
923238
923246
923255
923321
923404
923414
923672
923763
923869
923994
923995
924033
924036
924323
924382
924398
924618
924780
924806
924963
924971
924975
925045
925168
925275
925457
925705
925843
925890
925891
925946
925988
925997
926003
926054
926070
926074
926092
926153
926166
926255
926378
926382
926403
926448
926449
926467
926599
926606
926682
926687
926688
926762
926813
926818
926827
926831
926835
926837
926899
927041
927138
927287
927359
927412
927516
927526
927554
927559
927767
927771
927849
927854
927879
927942
928015
928074
928077
928087
928089
928102
928103
928105
928108
928111
928116
928119
928125
928130
928131
928133
928153
928162
928250
928345
928391
928480
928634
928643
928646
928668
928679
928716
928773
928776
928777
928778
928779
928793
928796
928800
928808
929007
929030
929089
929118
929220
929230
929334
929428
929455
929461
929525
929562
929665
929947
930055
930057
930076
930087
930121
930150
930253
930308
930314
930600
930726
930765
930791
930860
930908
930914
930962
931049
931153
931237
931295
931309
931311
931312
931313
931317
931318
931319
931320
931322
931323
931329
931332
931338
931341
931345
931346
931348
931349
931353
931358
931375
931397
931398
931410
931447
931455
931510
931518
931529
931536
931579
931594
931616
931628
931650
931734
931769
931834
931892
931922
931940
931957
932066
932276
932402
932468
932470
932472
932481
932560
932752
932811
932914
932943
932994
933069
933088
933090
933098
933138
933139
933140
933152
933159
933190
933205
933224
933260
933292
933342
933403
933422
933561
933611
933726
933900
933908
934010
934104
934131
934194
934201
934205
934206
934207
934241
934433
934438
934504
934553
934601
934611
934620
934630
934644
934665
934698
934707
934708
934729
934734
934781
934841
934864
934957
934975
935020
935073
935347
935468
935643
935720
935823
935978
935999
936002
936042
936169
936199
936252
936358
936359
936369
936444
936564
936602
936615
936700
936783
936797
936820
936852
936933
937306
937329
937390
937393
937609
937656
937663
937693
937747
937765
937941
938049
938095
938116
938128
938141
938145
938156
938251
938523
938596
938600
938614
938669
938751
938804
938806
938836
938935
939064
939072
939526
939541
939616
939621
939648
939746
939773
939811
939914
940045
940165
940187
940382
940383
940402
940561
940562
940647
940690
941009
941041
941059
941060
941062
941256
941464
941516
941526
941711
941723
941741
941805
941883
941954
942057
942161
942202
942251
942268
942318
942321
942364
942367
942596
942875
942888
942890
942905
942907
942936
943233
943234
943287
943519
943527
943581
943600
943701
943725
943748
943788
943819
943909
943919
943960
944251
944267
944275
944323
944367
944383
944389
944471
944568
944638
944648
944869
944929
944968
944972
944976
944978
944997
945071
945093
945176
945348
945382
945383
945443
945591
945610
945657
945840
945847
945880
945920
945961
946020
946215
946217
946253
946317
946466
946723
946763
946774
946989
947065
947073
947159
947226
947235
947305
947335
947503
947532
947612
947797
947884
947892
947902
947930
947933
947994
948033
948056
948067
948072
948080
948259
948297
948334
948413
948495
948785
948892
949233
949423
949486
949505
949544
949567
949569
949574
949578
949607
949621
949635
949668
949710
949720
949733
949806
949855
949937
949942
950088
950110
950120
950124
950125
950141
950182
950185
950198
950201
950207
950279
950318
950434
950489
950558
950563
950601
950620
950636
950680
950711
950765
950910
950925
950975
951443
951491
951531
951546
951552
951571
951582
951804
951980
951996
952018
952042
952045
952054
952258
952297
952302
952450
952489
952733
952780
952813
952876
953165
953211
953298
953367
953377
953410
953482
953675
953714
953731
953754
954019
954026
954038
954041
954171
954177
954369
954388
954410
954439
954489
954509
954659
954682
954767
954771
954852
954858
954914
955121
955202
955217
955224
955323
955336
955341
955353
955448
955455
955663
955686
955692
955714
955715
955768
955820
955848
955897
955950
955991
956056
956065
956111
956223
956226
956350
956351
956425
956469
956490
956524
956547
956572
956590
956618
956835
956920
956948
957019
957056
957121
957124
957284
957314
957392
957394
957424
957452
957587
957598
957804
957834
957841
957842
958003
958256
958356
958410
958598
958619
958633
958649
958721
958759
958801
958975
958998
959041
959181
959233
959636
959659
959663
959767
959800
959903
959959
960077
960081
960250
960258
960393
960418
960424
960469
960470
960486
960580
960586
960688
960708
960750
960788
960993
961020
961021
961034
961048
961132
961137
961172
961359
961422
961427
961428
961429
961512
961613
961962
962047
962317
962354
962458
962486
962691
962764
962917
963030
963062
963140
963188
963240
963241
963591
963637
963665
963675
963679
963726
964181
964379
964392
964409
964414
964434
964530
964542
964587
964609
964780
964847
964856
964873
964928
964991
965020
965100
965164
965250
965289
965419
965425
965455
965708
965794
965982
966046
966287
966300
966342
966364
966429
966436
966454
966461
966465
966643
966723
966823
966844
966851
966853
966854
966973
967022
967068
967192
967228
967253
967345
967490
967503
967557
967586
967621
967738
967739
967742
967889
967903
967967
967988
968013
968019
968033
968051
968077
968094
968115
968119
968123
968127
968340
968351
968366
968397
968548
968604
968623
968643
968688
968742
968770
968779
968818
968862
968867
968927
968935
969048
969133
969135
969160
969245
969296
969318
969402
969451
969549
969573
969578
969679
969686
969701
969719
969725
969728
969743
969751
969757
969990
970011
970259
970324
970450
970497
970512
970571
970605
970630
970650
970806
970836
970947
971065
971148
971152
971231
971237
971294
971420
971466
971598
971620
971704
971725
971730
971757
971766
971773
971788
972040
972126
972200
972206
972239
972244
972261
972488
972561
972601
972617
972625
972634
972642
972654
972681
972701
972711
972731
972740
972816
972911
972914
972981
972988
973070
973093
973120
973197
973202
973205
973207
973239
973471
973480
973540
973543
973551
973553
973561
973572
973705
973714
973792
973861
973899
973911
973929
973970
973978
974021
974037
974046
974072
974187
974189
974191
974264
974284
974320
974400
974550
974558
974572
974604
974675
974698
974706
974712
974725
974733
974776
974926
974931
974975
975022
975026
975027
975047
975061
975078
975129
975177
975179
975185
975190
975193
975256
975265
975272
975302
975320
975373
975451
975484
975494
975502
975512
975636
975670
975801
975887
975952
975957
975980
976034
976209
976224
976260
976374
976381
976395
976432
976437
976441
976532
976553
976714
976798
976898
976923
976925
976988
977000
977013
977052
977062
977073
977093
977100
977119
977147
977309
977394
977398
977438
977457
977554
977571
977595
977598
977630
977632
977633
977634
977635
977636
977637
977638
977639
977640
977644
977645
977647
977648
977649
977650
977651
977653
977654
977683
977754
977786
977816
977836
977845
977853
977862
977866
977873
977923
977994
978019
978025
978040
978071
978097
978158
978170
978210
978217
978410
978522
978597
978651
978673
978796
978928
978938
978987
979018
979051
979094
979197
979203
979329
979499
979549
979553
979561
979591
979702
979728
979738
979755
979757
979760
979806
979967
980060
980062
980078
980079
980084
980128
980144
980150
980152
980155
980168
980173
980179
980185
980325
980382
980394
980395
980411
980446
980457
980465
980569
980578
980605
980844
980845
980941
980942
980945
980948
980993
981006
981011
981197
981218
981266
981270
981272
981287
981289
981314
981316
981319
981322
981323
981324
981329
981347
981348
981567
981593
981608
981680
981696
981700
981777
981899
981988
982067
982141
982151
982193
982200
982312
982317
982322
982379
982419
982455
982458
982467
982498
982543
982552
982620
982637
982752
982842
982869
982872
982876
982883
982909
982959
982966
983024
983228
983280
983286
983420
983421
983490
983496
983527
983531
983539
983707
983758
983775
983825
983954
983993
984023
984072
984081
984105
984142
984160
984225
984359
984425
984436
984464
984555
984638
984640
984670
984778
984805
984862
984961
984982
985059
985060
985062
985102
985146
985183
985185
985274
985280
985288
985296
985323
985329
985335
985448
985539
985672
985726
985747
985774
985777
985784
985890
985892
985897
986009
986070
986083
986097
986131
986197
986201
986359
986371
986373
986402
986437
986511
986608
986677
986800
986805
986859
986953
986990
987061
987063
987066
987081
987097
987101
987102
987136
987236
987294
987305
987306
987310
987315
987330
987332
987401
987434
987496
987772
987911
987912
987926
987975
988041
988054
988057
988092
988142
988165
988184
988192
988233
988234
988265
988468
988476
988480
988498
988586
988591
988680
988682
988777
988857
988859
989044
989223
989389
989452
989708
989751
989830
989872
990204
990214
990266
990352
990419
990455
990484
990511
990521
990541
990577
990675
990695
990806
990891
990962
990977
990982
991041
991111
991170
991173
991188
991291
991294
991351
991357
991423
991570
991611
991743
991810
991882
991887
991924
991930
992090
992180
992190
992204
992219
992226
992227
992272
992277
992279
992280
992285
992286
992329
992445
992449
992452
992458
992460
992499
992669
992688
992707
992709
992836
992846
992863
992870
993049
993056
993057
993105
993112
993143
993144
993164
993176
993259
993299
993324
993348
993398
993402
993517
993640
993651
993784
993818
993867
993871
994001
994008
994012
994082
994084
994134
994138
994143
994224
994253
994262
994348
994483
994495
994515
994545
994548
994549
994551
994592
994614
994629
994640
994728
994734
994759
995052
995172
995184
995189
995191
995237
995247
995302
995560
995593
995713
995737
995764
995803
995805
995810
995977
996134
996160
996184
996230
996266
996315
996331
996384
996421
996503
996581
996619
996658
996720
996727
996761
996763
996851
996885
996976
997316
997319
997383
997390
997395
997508
997511
997550
997553
997620
997622
997697
997713
997833
997887
997928
998100
998104
998110
998132
998134
998219
998224
998263
998293
998330
998340
998390
998395
998403
998409
998414
998440
998475
998482
998494
999065
999126
999131
999136
999243
999308
999349
999386
999629
999640
999669
999677
999681
999697
999735
999779
999869
999874
999929
999943
999981
1000117
1000173
1000296
1000348
1000361
1000723
1000999
1001042
1001221
1001226
1001345
1001414
1001433
1001449
1001547
1001669
1001674
1001688
1001696
1001755
1001767
1001828
1001922
1001927
1001930
1002071
1002135
1002149
1002150
1002151
1002153
1002176
1002191
1002226
1002258
1002280
1002325
1002349
1002506
1002576
1002594
1002624
1002632
1002639
1002644
1002756
1003078
1003088
1003106
1003114
1003124
1003233
1003251
1003264
1003273
1003609
1003716
1003734
1003797
1003819
1003821
1003838
1003849
1003890
1003913
1003960
1003981
1003990
1004130
1004269
1004466
1004490
1004563
1004621
1004635
1004645
1004662
1004691
1004785
1004862
1004885
1004987
1004996
1005002
1005004
1005011
1005020
1005102
1005301
1005318
1005367
1005376
1005378
1005388
1005395
1005545
1005559
1005566
1005625
1005683
1005770
1005772
1005776
1005852
1005860
1005989
1006025
1006437
1006453
1006462
1006513
1006543
1006595
1006613
1006769
1006860
1006932
1006937
1006940
1006947
1006998
1007002
1007049
1007132
1007147
1007205
1007217
1007242
1007272
1007334
1007397
1007492
1007535
1007552
1007633
1007869
1007931
1007963
1007967
1007983
1008026
1008042
1008080
1008169
1008184
1008246
1008323
1008368
1008374
1008385
1008392
1008412
1008413
1008452
1008515
1008543
1008732
1008756
1008812
1008821
1008870
1008876
1008886
1008936
1008980
1009047
1009058
1009078
1009103
1009140
1009154
1009358
1009536
1009621
1009649
1009663
1009705
1009719
1009840
1009872
1009890
1009917
1010018
1010138
1010429
1010589
1010600
1010650
1010673
1010698
1010708
1010754
1010755
1010756
1011017
1011025
1011026
1011043
1011207
1011213
1011215
1011219
1011395
1011566
1011604
1011607
1011609
1011616
1011621
1011679
1011879
1011999
1012009
1012064
1012076
1012078
1012103
1012220
1012279
1012298
1012362
1012373
1012433
1012520
1012560
1012582
1012643
1012706
1012756
1012855
1012971
1013132
1013137
1013203
1013325
1013328
1013466
1013482
1013589
1013599
1013664
1013667
1013694
1013699
1013774
1013870
1013930
1013932
1013934
1013944
1013966
1013982
1014049
1014195
1014215
1014227
1014237
1014242
1014245
1014271
1014310
1014320
1014333
1014373
1014375
1014410
1014421
1014422
1014431
1014501
1014503
1014574
1014629
1014648
1014649
1014659
1014661
1014691
1014707
1014888
1014932
1014975
1014991
1015080
1015081
1015180
1015254
1015261
1015303
1015309
1015360
1015416
1015482
1015505
1015539
1015642
1015694
1015793
1015798
1015812
1015868
1015872
1015905
1015908
1015912
1015957
1016030
1016191
1016268
1016361
1016383
1016385
1016401
1016453
1016490
1016519
1016521
1016526
1016686
1016688
1016696
1016848
1017014
1017030
1017063
1017072
1017075
1017180
1017184
1017293
1017324
1017328
1017335
1017380
1017469
1017585
1017635
1017732
1017733
1017752
1017797
1017802
1017818
1017821
1017858
1017910
1017920
1017995
1018026
1018055
1018088
1018105
1018106
1018133
1018149
1018169
1018190
1018219
1018300
1018357
1018416
1018417
1018429
1018539
1018542
1018543
1018549
1018594
1018653
1018695
1018698
1018799
1018804
1018829
1018852
1018879
1019018
1019105
1019123
1019170
1019173
1019177
1019179
1019181
1019219
1019444
1019520
1019523
1019542
1019556
1019581
1019631
1019692
1019836
1019846
1019849
1019858
1019881
1019890
1019902
1019951
1019961
1019967
1019996
1019998
1019999
1020011
1020042
1020110
1020182
1020236
1020247
1020255
1020263
1020264
1020266
1020280
1020340
1020371
1020410
1020414
1020528
1020590
1020625
1020668
1020696
1020701
1020730
1020791
1020857
1020890
1020910
1021035
1021056
1021064
1021083
1021092
1021093
1021257
1021335
1021438
1021456
1021470
1021532
1021798
1021921
1021950
1021967
1022002
1022024
1022103
1022115
1022128
1022132
1022134
1022244
1022294
1022479
1022634
1022654
1022680
1022700
1022703
1022767
1022778
1022779
1022827
1022828
1022887
1022892
1022947
1022988
1023082
1023086
1023125
1023184
1023241
1023257
1023315
1023371
1023588
1023652
1023802
1023853
1023922
1024141
1024142
1024223
1024530
1024532
1024535
1024555
1024562
1024591
1024597
1024598
1024599
1024616
1024687
1024702
1024721
1024773
1024800
1024822
1024955
1025024
1025154
1025165
1025190
1025523
1025542
1025572
1025604
1025647
1025826
1025832
1025918
1025946
1026057
1026066
1026068
1026092
1026222
1026244
1026256
1026280
1026299
1026352
1026355
1026356
1026421
1026496
1026532
1026542
1026574
1026606
1026717
1026718
1026721
1026772
1026810
1026819
1026891
1026938
1026942
1027002
1027027
1027063
1027094
1027160
1027303
1027377
1027385
1027396
1027451
1027465
1027482
1027492
1027496
1027629
1027661
1027680
1027728
1027816
1027847
1027853
1027859
1027865
1027873
1027876
1027899
1027919
1027929
1027933
1027950
1028005
1028215
1028296
1028359
1028424
1028562
1028571
1028583
1028614
1028617
1028623
1028648
1028653
1028674
1028677
1028679
1028703
1028704
1028708
1028715
1028720
1028848
1028882
1028908
1028944
1028955
1028999
1029019
1029027
1029033
1029038
1029072
1029132
1029169
1029235
1029241
1029281
1029322
1029324
1029351
1029352
1029465
1029536
1029539
1029657
1029659
1029663
1029683
1029686
1029728
1029752
1029773
1029801
1029813
1029843
1029949
1029955
1030062
1030089
1030107
1030149
1030187
1030247
1030250
1030253
1030343
1030350
1030361
1030372
1030460
1030537
1030552
1030559
1030619
1030647
1030655
1030677
1030687
1030691
1030721
1030789
1030972
1030983
1031105
1031114
1031120
1031123
1031125
1031133
1031134
1031139
1031144
1031146
1031198
1031206
1031208
1031216
1031280
1031283
1031306
1031358
1031359
1031393
1031416
1031441
1031448
1031478
1031488
1031540
1031568
1031659
1031702
1031745
1031747
1031833
1031838
1031876
1031929
1031989
1032032
1032051
1032061
1032115
1032121
1032152
1032201
1032223
1032305
1032372
1032385
1032403
1032419
1032439
1032448
1032479
1032490
1032506
1032514
1032612
1032620
1032628
1032664
1032666
1032710
1032744
1032780
1032823
1032876
1032910
1032948
1032949
1032955
1032988
1033052
1033113
1033153
1033244
1033320
1033413
1033424
1033431
1033467
1033494
1033498
1033500
1033502
1033566
1033636
1033749
1033801
1033805
1033807
1033808
1033883
1033909
1033931
1033936
1033946
1034045
1034067
1034071
1034093
1034097
1034123
1034172
1034245
1034408
1034423
1034480
1034483
1034485
1034520
1034541
1034542
1034580
1034673
1034689
1034693
1034703
1034721
1034725
1034732
1034771
1034785
1034787
1034789
1034861
1034886
1034887
1034929
1035013
1035065
1035084
1035187
1035188
1035189
1035190
1035383
1035420
1035450
1035462
1035499
1035544
1035583
1035584
1035595
1035641
1035654
1035689
1035704
1035705
1035798
1035835
1035882
1035903
1035914
1035982
1035995
1036023
1036026
1036133
1036139
1036239
1036291
1036293
1036432
1036451
1036609
1036637
1036678
1036684
1036685
1036701
1036703
1036718
1036809
1036814
1036820
1036914
1036985
1036994
1037017
1037048
1037125
1037170
1037217
1037352
1037355
1037459
1037461
1037464
1037545
1037578
1037581
1037599
1037618
1037628
1037635
1037664
1037684
1037785
1037791
1037799
1037806
1037841
1037854
1037863
1037880
1037903
1037919
1038002
1038043
1038048
1038068
1038083
1038092
1038116
1038134
1038141
1038143
1038217
1038225
1038257
1038272
1038378
1038379
1038392
1038416
1038454
1038460
1038473
1038481
1038489
1038497
1038505
1038587
1038595
1038596
1038601
1038609
1038621
1038699
1038711
1038766
1038794
1038869
1038871
1038887
1038938
1038972
1039019
1039099
1039103
1039108
1039183
1039204
1039213
1039233
1039282
1039335
1039359
1039368
1039380
1039425
1039442
1039454
1039508
1039672
1039725
1039750
1039761
1039767
1039777
1039779
1039790
1039792
1039795
1039801
1039803
1039811
1039821
1039824
1039871
1039886
1039898
1039901
1039928
1039948
1039958
1040077
1040085
1040089
1040091
1040095
1040101
1040128
1040134
1040144
1040147
1040150
1040153
1040155
1040161
1040176
1040182
1040197
1040229
1040292
1040417
1040437
1040468
1040516
1040551
1040562
1040573
1040589
1040593
1040616
1040629
1040632
1040700
1040783
1040785
1040789
1040802
1040821
1040844
1040880
1040884
1040892
1040938
1040961
1041051
1041081
1041097
1041114
1041150
1041195
1041265
1041399
1041404
1041446
1041471
1041517
1041569
1041613
1041631
1041633
1041636
1041660
1041680
1041752
1041794
1041905
1041908
1041914
1041918
1041952
1041968
1041971
1041972
1042028
1042049
1042078
1042091
1042114
1042158
1042179
1042240
1042250
1042253
1042277
1042316
1042321
1042369
1042390
1042394
1042407
1042435
1042479
1042496
1042555
1042568
1042602
1042623
1042644
1042657
1042667
1042678
1042700
1042720
1042736
1042741
1042778
1042835
1042940
1042960
1042962
1043041
1043169
1043197
1043228
1043247
1043258
1043267
1043274
1043284
1043291
1043306
1043313
1043431
1043513
1043571
1043590
1043608
1043635
1043639
1043648
1043651
1043675
1043725
1043746
1043848
1043890
1043893
1043925
1043984
1044303
1044305
1044396
1044417
1044433
1044442
1044488
1044525
1044533
1044548
1044551
1044560
1044641
1044650
1044660
1044714
1044719
1044798
1044827
1044833
1044843
1044873
1044878
1044895
1044908
1044945
1045001
1045057
1045129
1045145
1045182
1045189
1045190
1045203
1045235
1045244
1045275
1045276
1045280
1045283
1045536
1045563
1045572
1045599
1045620
1045659
1045745
1045777
1045784
1045801
1045849
1045940
1045980
1045983
1046021
1046059
1046120
1046150
1046205
1046297
1046326
1046558
1046594
1046603
1046729
1046810
1046896
1046909
1046910
1046969
1047135
1047189
1047235
1047237
1047307
1047365
1047376
1047453
1047458
1047597
1047602
1047662
1047810
1047886
1047900
1048039
1048097
1048099
1048107
1048127
1048140
1048149
1048156
1048232
1048237
1048254
1048352
1048372
1048373
1048375
1048428
1048448
1048494
1048505
1048540
1048582
1048694
1048697
1048700
1048783
1048933
1048957
1048986
1049024
1049070
1049075
1049090
1049134
1049249
1049327
1049333
1049435
1049450
1049501
1049553
1049577
1049581
1049591
1049607
1049609
1049622
1049754
1049818
1049823
1049827
1049830
1049846
1049942
1050243
1050249
1050317
1050361
1050366
1050407
1050443
1050464
1050469
1050581
1050610
1050619
1050624
1050643
1050676
1050703
1050752
1050903
1050988
1051007
1051170
1051317
1051318
1051321
1051335
1051483
1051518
1051540
1051560
1051569
1051646
1051735
1051738
1051896
1051946
1052106
1052113
1052114
1052146
1052147
1052157
1052158
1052169
1052194
1052244
1052299
1052389
1052409
1052558
1052559
1052633
1052716
1052723
1052749
1052775
1052849
1052853
1052857
1052907
1053065
1053106
1053193
1053244
1053328
1053447
1053563
1053734
1053746
1053808
1053846
1053892
1053908
1053914
1053924
1053931
1053943
1054029
1054109
1054156
1054273
1054294
1054299
1054422
1054426
1054502
1054573
1054599
1054624
1054643
1054778
1054853
1054947
1054958
1055108
1055201
1055206
1055233
1055318
1055322
1055363
1055365
1055384
1055424
1055451
1055470
1055510
1055777
1055783
1056030
1056058
1056366
1056376
1056390
1056402
1056446
1056493
1056495
1056501
1056502
1056505
1056548
1056561
1056569
1056581
1056590
1056780
1056797
1056838
1056861
1057062
1057299
1057318
1057340
1057621
1057626
1057763
1057768
1057776
1057796
1057798
1058028
1058073
1058081
1058085
1058152
1058157
1058167
1058306
1058343
1058372
1058443
1058505
1058521
1058537
1058619
1058638
1058689
1058710
1058716
1058717
1058724
1058736
1058746
1058860
1058883
1058901
1058909
1058930
1058936
1058972
1058981
1058990
1059047
1059066
1059091
1059110
1059142
1059144
1059149
1059345
1059407
1059454
1059537
1059555
1059593
1059778
1059806
1059901
1059916
1059927
1059990
1060040
1060109
1060136
1060150
1060183
1060205
1060207
1060227
1060240
1060341
1060351
1060388
1060421
1060454
1060460
1060604
1060750
1060839
1060851
1061020
1061120
1061125
1061143
1061165
1061174
1061213
1061261
1061330
1061347
1061396
1061417
1061422
1061428
1061429
1061430
1061432
1061433
1061435
1061437
1061443
1061446
1061449
1061456
1061493
1061496
1061497
1061501
1061519
1061524
1061531
1061656
1061695
1061774
1061783
1061879
1061943
1061944
1061964
1062084
1062120
1062127
1062137
1062140
1062171
1062181
1062215
1062276
1062282
1062283
1062292
1062308
1062376
1062384
1062413
1062528
1062626
1062635
1062637
1062664
1062667
1062675
1062722
1062733
1062761
1062785
1062789
1062796
1062799
1062827
1062838
1062839
1062851
1062852
1062860
1062870
1062936
1062962
1062970
1062999
1063040
1063055
1063121
1063125
1063131
1063436
1063438
1063456
1063480
1063482
1063490
1063494
1063498
1063589
1063639
1063687
1063707
1063731
1063750
1063818
1063829
1063830
1063876
1063877
1063882
1064014
1064028
1064061
1064083
1064152
1064178
1064190
1064238
1064249
1064280
1064281
1064418
1064435
1064462
1064497
1064516
1064591
1064671
1064775
1064784
1064909
1064931
1065007
1065058
1065068
1065131
1065374
1065484
1065610
1065616
1065673
1065683
1065719
1065722
1065769
1065770
1065869
1065934
1065938
1065952
1066113
1066272
1066376
1066383
1066420
1066421
1066422
1066485
1066511
1066525
1066703
1066707
1066767
1066780
1066914
1066979
1067000
1067053
1067063
1067066
1067074
1067090
1067283
1067337
1067366
1067509
1067568
1067571
1067575
1067714
1067825
1067828
1067936
1067954
1068000
1068023
1068362
1068408
1068423
1068444
1068471
1068478
1068552
1068623
1068691
1068715
1068747
1068936
1068952
1068954
1068995
1069108
1069118
1069175
1069178
1069211
1069267
1069350
1069510
1069630
1069788
1069825
1069852
1069869
1069885
1069924
1070006
1070225
1070251
1070291
1070432
1070450
1070455
1070772
1070867
1071002
1071084
1071115
1071129
1071197
1071199
1071215
1071244
1071258
1071279
1071309
1071430
1071510
1071529
1071552
1071554
1071607
1071644
1071677
1071779
1071807
1071812
1071904
1071976
1072006
1072070
1072073
1072074
1072081
1072187
1072267
1072342
1072357
1072404
1072424
1072450
1072472
1072475
1072478
1072485
1072680
1072709
1072780
1072848
1072898
1072928
1072949
1072990
1073077
1073079
1073102
1073105
1073109
1073114
1073304
1073411
1073556
1073696
1073752
1073946
1073952
1073968
1073969
1073971
1073973
1073992
1074012
1074016
1074023
1074103
1074221
1074236
1074242
1074246
1074249
1074295
1074322
1074386
1074504
1074524
1074531
1074533
1074543
1074608
1074609
1074648
1074776
1074839
1074919
1074945
1075004
1075296
1075335
1075350
1075356
1075362
1075391
1075449
1075465
1075495
1075616
1075618
1075756
1075848
1075981
1076001
1076005
1076043
1076095
1076179
1076185
1076187
1076213
1076277
1076318
1076331
1076352
1076692
1076759
1076939
1077027
1077097
1077102
1077191
1077198
1077222
1077277
1077284
1077350
1077433
1077470
1077552
1077559
1077691
1077723
1077737
1077846
1077874
1078079
1078136
1078179
1078188
1078203
1078229
1078272
1078307
1078317
1078318
1078360
1078408
1078427
1078453
1078460
1078470
1078474
1078476
1078478
1078479
1078492
1078605
1078654
1078664
1078670
1078673
1078712
1078741
1078743
1078771
1078867
1078907
1078963
1078993
1079017
1079023
1079054
1079158
1079235
1079250
1079377
1079402
1079421
1079485
1079508
1079613
1079640
1079643
1079707
1079713
1079725
1079740
1079820
1079837
1079845
1079915
1079916
1079928
1079937
1079940
1079973
1079992
1080065
1080069
1080179
1080193
1080249
1080282
1080284
1080299
1080335
1080337
1080347
1080357
1080391
1080419
1080485
1080723
1080764
1080816
1080917
1080942
1080955
1080959
1080980
1081000
1081069
1081088
1081115
1081149
1081167
1081208
1081260
1081308
1081400
1081494
1081566
1081575
1081619
1081637
1081662
1081694
1081706
1081759
1081784
1081818
1081936
1081987
1082133
1082211
1082246
1082389
1082491
1082552
1082558
1082662
1082701
1082715
1082765
1082773
1082783
1082791
1082805
1082828
1082925
1083016
1083022
1083041
1083051
1083071
1083119
1083188
1083375
1083376
1083381
1083394
1083433
1083444
1083567
1083574
1083621
1083669
1083699
1083729
1083733
1083807
1083816
1083818
1083819
1083858
1083929
1083938
1083949
1083953
1083968
1084089
1084176
1084187
1084189
1084199
1084222
1084225
1084228
1084232
1084237
1084269
1084287
1084439
1084456
1084523
1084656
1084721
1084741
1084745
1084750
1084753
1084852
1084890
1084966
1084972
1085000
1085053
1085067
1085103
1085113
1085209
1085215
1085252
1085262
1085263
1085300
1085386
1085394
1085549
1085608
1085617
1085692
1085694
1085788
1085801
1085866
1086020
1086063
1086238
1086260
1086321
1086376
1086400
1086496
1086611
1086747
1086748
1086794
1086810
1086867
1086907
1086915
1087065
1087086
1087155
1087159
1087169
1087184
1087291
1087293
1087388
1087615
1087694
1087695
1087721
1087726
1087767
1087792
1087803
1087822
1087825
1087826
1087828
1088060
1088080
1088143
1088157
1088179
1088423
1088424
1088454
1088498
1088501
1088575
1088606
1088619
1088679
1088784
1088798
1088944
1088982
1089123
1089134
1089183
1089187
1089228
1089235
1089242
1089251
1089515
1089545
1089674
1089677
1089772
1089839
1089871
1089915
1089927
1089951
1089959
1089960
1090141
1090158
1090171
1090184
1090222
1090273
1090289
1090290
1090304
1090314
1090323
1090361
1090384
1090403
1090549
1090658
1090661
1090724
1090983
1091254
1091267
1091269
1091298
1091303
1091392
1091406
1091407
1091410
1091412
1091416
1091421
1091546
1091852
1091970
1092006
1092009
1092073
1092237
1092247
1092324
1092343
1092365
1092403
1092471
1092519
1092549
1092659
1092806
1092892
1093028
1093064
1093098
1093223
1093238
1093302
1093354
1093367
1093538
1093549
1093552
1093590
1093601
1093662
1093767
1093769
1093790
1093793
1093797
1093817
1093850
1093895
1094017
1094089
1094107
1094113
1094125
1094206
1094265
1094274
1094293
1094317
1094324
1094329
1094345
1094351
1094355
1094385
1094403
1094596
1094655
1094670
1094678
1094713
1094777
1094787
1094836
1094837
1094960
1094962
1094963
1094967
1094984
1095001
1095025
1095036
1095131
1095135
1095334
1095340
1095387
1095499
1095541
1095624
1095626
1095649
1095658
1095667
1095700
1095775
1095807
1095844
1095849
1095862
1095957
1096022
1096076
1096082
1096087
1096130
1096197
1096304
1096365
1096422
1096443
1096486
1096497
1096501
1096630
1096762
1096838
1096864
1096879
1096881
1096890
1096996
1097020
1097092
1097150
1097190
1097191
1097199
1097248
1097251
1097322
1097354
1097420
1097473
1097745
1097789
1097801
1097964
1097971
1097983
1098008
1098018
1098024
1098055
1098072
1098076
1098077
1098099
1098116
1098117
1098118
1098160
1098163
1098173
1098179
1098335
1098342
1098378
1098491
1098513
1098583
1098584
1098761
1098850
1098881
1098898
1098921
1098939
1098965
1098988
1099080
1099082
1099085
1099086
1099088
1099109
1099129
1099206
1099223
1099228
1099374
1099411
1099454
1099475
1099655
1099664
1099667
1099671
1099679
1099686
1099688
1099694
1099696
1099702
1099742
1099767
1100000
1100046
1100114
1100124
1100125
1100134
1100146
1100163
1100203
1100212
1100213
1100221
1100232
1100244
1100270
1100342
1100660
1100684
1100727
1100730
1100782
1100810
1100841
1100849
1100950
1100988
1101017
1101063
1101146
1101194
1101206
1101224
1101361
1101375
1101500
1101501
1101540
1101576
1101647
1101681
1101700
1101805
1101813
1101816
1101818
1101819
1101821
1101831
1101839
1101956
1102000
1102006
1102053
1102067
1102111
1102226
1102227
1102231
1102336
1102425
1102463
1102526
1102547
1102615
1102696
1102711
1102815
1102821
1102838
1102855
1102856
1102905
1102910
1102969
1103018
1103117
1103127
1103160
1103192
1103193
1103194
1103196
1103229
1103233
1103383
1103391
1103402
1103407
1103420
1103437
1103441
1103448
1103463
1103489
1103495
1103496
1103596
1103598
1103717
1103731
1103757
1103828
1103830
1103867
1103883
1103892
1103992
1104044
1104048
1104052
1104067
1104082
1104139
1104185
1104285
1104364
1104428
1104670
1104761
1104766
1104771
1104805
1104999
1105014
1105060
1105121
1105143
1105230
1105377
1105418
1105462
1105633
1105649
1105703
1105856
1105869
1105894
1105903
1105920
1105971
1105976
1105980
1106012
1106123
1106213
1106239
1106256
1106292
1106302
1106350
1106372
1106448
1106456
1106682
1106717
1106729
1106820
1106849
1106931
1106982
1107039
1107077
1107103
1107135
1107166
1107177
1107325
1107343
1107359
1107388
1107395
1107501
1107589
1107637
1107717
1107752
1107760
1107774
1107787
1107856
1107875
1107992
1108226
1108405
1108428
1108429
1108447
1108501
1108590
1108621
1108673
1108753
1108897
1108898
1108955
1108993
1109200
1109400
1109406
1109467
1109493
1109638
1109739
1109856
1109896
1109927
1109928
1110040
1110052
1110099
1110171
1110207
1110301
1110546
1110587
1110592
1110597
1110623
1110626
1110631
1110640
1110645
1110649
1110688
1110690
1110693
1110707
1110775
1110989
1110997
1111083
1111136
1111189
1111446
1111562
1111577
1111582
1111627
1111687
1111783
1111873
1111892
1111893
1111906
1111916
1111948
1111954
1112000
1112022
1112171
1112184
1112200
1112204
1112234
1112284
1112303
1112378
1112384
1112558
1112578
1112585
1112617
1112645
1112718
1112769
1112834
1112916
1112941
1112967
1112991
1113050
1113062
1113068
1113069
1113072
1113166
1113231
1113252
1113253
1113278
1113305
1113412
1113484
1113513
1113515
1113517
1113518
1113549
1113573
1113588
1113604
1113751
1113771
1113786
1113808
1113861
1113891
1113953
1113956
1114010
1114040
1114042
1114054
1114072
1114085
1114096
1114097
1114117
1114137
1114142
1114274
1114305
1114311
1114313
1114323
1114372
1114378
1114451
1114513
1114562
1114639
1114731
1114743
1114922
1114928
1114965
1115004
1115037
1115075
1115159
1115208
1115315
1115328
1115392
1115393
1115467
1115604
1115694
1115709
1115710
1115712
1115744
1115761
1115771
1115827
1115911
1115936
1115939
1115980
1115985
1116201
1116368
1116439
1116457
1116466
1116481
1116492
1116536
1116628
1116717
1116723
1116833
1116949
1116965
1116984
1116989
1117099
1117115
1117178
1117185
1117186
1117213
1117233
1117319
1117321
1117377
1117384
1117388
1117389
1117400
1117424
1117462
1117550
1117627
1117656
1117769
1117872
1117930
1117952
1117979
1117995
1118033
1118088
1118174
1118185
1118191
1118201
1118266
1118273
1118317
1118318
1118338
1118362
1118388
1118403
1118464
1118513
1118515
1118516
1118517
1118519
1118521
1118608
1118617
1118800
1118857
1118899
1119107
1119185
1119193
1119237
1119249
1119269
1119271
1119425
1119467
1119476
1119487
1119622
1119686
1119808
1119855
1119886
1119894
1120016
1120025
1120077
1120080
1120132
1120217
1120246
1120277
1120362
1120409
1120447
1120463
1120478
1120489
1120622
1120687
1120713
1120727
1120824
1120859
1120863
1120865
1120869
1120874
1120980
1121020
1121059
1121148
1121283
1121297
1121322
1121404
1121405
1121436
1121439
1121583
1121615
1121663
1121678
1121679
1121683
1121690
1121697
1121725
1121753
1121866
1121872
1121886
1121895
1121903
1121976
1122127
1122138
1122144
1122172
1122217
1122220
1122242
1122432
1122455
1122504
1122519
1122549
1122561
1122566
1122583
1122588
1122600
1122662
1122679
1122867
1122989
1123023
1123107
1123273
1123289
1123293
1123380
1123503
1123587
1123599
1123626
1123677
1123740
1123903
1124023
1124032
1124074
1124152
1124219
1124266
1124272
1124284
1124353
1124464
1124509
1124533
1124545
1124591
1124618
1124620
1124630
1124647
1124696
1124733
1124735
1124740
1124777
1124792
1124864
1124887
1124914
1124918
1124995
1125063
1125102
1125107
1125144
1125160
1125163
1125186
1125205
1125274
1125311
1125365
1125371
1125443
1125532
1125551
1125591
1125609
1125627
1125639
1125705
1126010
1126032
1126090
1126094
1126095
1126234
1126236
1126316
1126401
1126492
1126504
1126533
1126555
1126577
1126637
1126718
1126748
1126897
1127033
1127050
1127132
1127175
1127279
1127299
1127304
1127323
1127337
1127375
1127384
1127407
1127459
1127466
1127474
1127496
1127676
1127698
1127707
1127777
1127778
1127790
1127839
1127926
1128006
1128165
1128168
1128181
1128187
1128204
1128209
1128252
1128298
1128299
1128300
1128305
1128434
1128474
1128487
1128596
1128619
1128633
1128640
1128653
1128714
1128756
1128842
1128941
1129039
1129041
1129068
1129093
1129108
1129121
1129136
1129154
1129183
1129250
1129307
1129342
1129446
1129494
1129567
1129598
1129762
1129823
1129904
1129987
1129992
1130053
1130070
1130097
1130172
1130173
1130187
1130276
1130316
1130450
1130453
1130458
1130508
1130571
1130607
1130630
1130754
1130772
1130784
1130792
1130797
1130810
1130982
1131120
1131142
1131190
1131193
1131220
1131233
1131240
1131246
1131282
1131283
1131308
1131320
1131380
1131407
1131444
1131516
1131642
1131666
1131755
1131820
1131907
1131927
1131975
1131988
1131990
1132147
1132151
1132375
1132378
1132382
1132407
1132413
1132414
1132497
1132564
1132631
1132640
1132675
1132766
1132916
1133128
1133164
1133173
1133248
1133293
1133323
1133329
1133345
1133564
1133651
1133667
1133783
1133835
1133838
1133969
1134048
1134089
1134094
1134130
1134137
1134241
1134306
1134401
1134427
1134467
1134475
1134518
1134537
1134546
1134562
1134569
1134570
1134663
1134664
1134759
1134838
1134866
1134902
1135080
1135088
1135134
1135190
1135212
1135223
1135245
1135261
1135281
1135299
1135357
1135381
1135385
1135424
1135429
1135431
1135482
1135812
1135863
1135868
1135895
1135900
1135963
1135967
1135978
1136019
1136043
1136089
1136100
1136113
1136280
1136284
1136314
1136347
1136382
1136482
1136484
1136485
1136487
1136488
1136492
1136508
1136518
1136539
1136684
1136702
1136721
1137054
1137068
1137076
1137121
1137145
1137205
1137232
1137242
1137304
1137414
1137418
1137423
1137458
1137494
1137538
1137563
1137688
1137799
1137874
1137883
1137912
1138037
1138194
1138198
1138221
1138297
1138325
1138327
1138484
1138533
1138639
1138682
1138685
1138687
1138689
1138722
1138936
1139014
1139036
1139073
1139098
1139099
1139106
1139111
1139126
1139129
1139133
1139138
1139141
1139143
1139147
1139261
1139296
1139411
1139429
1139495
1139593
1139597
1139617
1139623
1139713
1139906
1139909
1139937
1139981
1140007
1140017
1140020
1140065
1140097
1140168
1140243
1140309
1140356
1140512
1140535
1140544
1140556
1140624
1140648
1140756
1140766
1140847
1140866
1140872
1140878
1140881
1140884
1140886
1140892
1140915
1141108
1141182
1141203
1141205
1141206
1141251
1141267
1141280
1141302
1141329
1141345
1141375
1141416
1141659
1141664
1141668
1141690
1141692
1141741
1141754
1141758
1141826
1141923
1141961
1141993
1142026
1142055
1142146
1142186
1142205
1142221
1142226
1142238
1142255
1142275
1142288
1142293
1142301
1142305
1142308
1142322
1142325
1142337
1142341
1142355
1142358
1142360
1142365
1142369
1142380
1142384
1142388
1142390
1142400
1142414
1142423
1142429
1142495
1142547
1142663
1142694
1142702
1142736
1142794
1142820
1142904
1142913
1143000
1143112
1143190
1143196
1143211
1143215
1143330
1143342
1143367
1143399
1143697
1143761
1143790
1143801
1143859
1143868
1143995
1144022
1144028
1144063
1144067
1144087
1144122
1144179
1144180
1144279
1144340
1144355
1144423
1144435
1144468
1144519
1144527
1144528
1144530
1144534
1144536
1144539
1144542
1144558
1144572
1144577
1144581
1144689
1144780
1144785
1144835
1144917
1144957
1144975
1144978
1145028
1145036
1145197
1145221
1145263
1145279
1145327
1145348
1145351
1145425
1145474
1145501
1145531
1145542
1145592
1145649
1145685
1145740
1145765
1145811
1145817
1145846
1145866
1145880
1145881
1145970
1146023
1146141
1146143
1146146
1146147
1146148
1146149
1146246
1146249
1146253
1146433
1146501
1146574
1146983
1146997
1147024
1147045
1147096
1147140
1147177
1147231
1147236
1147240
1147276
1147322
1147348
1147422
1147445
1147473
1147512
1147560
1147586
1147590
1147598
1147875
1147885
1147949
1147960
1148027
1148040
1148126
1148188
1148207
1148283
1148341
1148459
1148480
1148524
1148561
1148573
1148738
1148756
1148770
1148775
1148787
1148848
1148852
1148862
1148920
1148948
1148981
1148988
1149033
1149276
1149279
1149470
1149686
1149695
1149701
1149713
1149835
1149881
1149916
1149925
1149940
1149943
1149982
1149987
1150081
1150183
1150192
1150264
1150266
1150399
1150497
1150504
1150832
1150917
1150929
1151020
1151029
1151030
1151031
1151080
1151108
1151112
1151186
1151317
1151320
1151323
1151326
1151329
1151352
1151381
1151443
1151505
1151556
1151586
1151593
1151683
1151692
1151695
1151700
1151703
1151709
1151713
1151716
1151721
1151746
1151750
1151754
1151757
1151820
1151947
1152022
1152050
1152222
1152303
1152330
1152336
1152337
1152341
1152415
1152416
1152466
1152468
1152470
1152480
1152559
1152563
1152619
1152639
1152657
1152735
1152737
1152740
1152836
1152879
1152886
1152919
1152952
1153020
1153123
1153281
1153416
1153496
1153516
1153522
1153539
1153610
1153620
1153628
1153644
1153714
1153770
1153861
1153882
1153905
1153913
1153958
1153997
1154041
1154142
1154158
1154187
1154276
1154296
1154300
1154330
1154456
1154618
1154624
1154625
1154682
1154724
1154740
1154760
1154766
1154831
1154957
1154994
1154996
1155059
1155067
1155090
1155095
1155102
1155107
1155187
1155190
1155203
1155261
1155286
1155509
1155516
1155519
1155547
1155556
1155573
1155604
1155612
1155643
1155644
1155814
1155858
1155875
1155945
1155980
1156002
1156141
1156182
1156211
1156326
1156361
1156362
1156427
1156448
1156532
1156538
1156546
1156591
1156640
1156650
1156721
1156820
1156834
1156893
1156989
1156991
1157075
1157131
1157237
1157244
1157287
1157430
1157482
1157563
1157594
1157693
1157699
1157784
1157863
1157900
1157933
1157951
1157981
1157983
1157988
1158031
1158052
1158101
1158149
1158179
1158226
1158249
1158271
1158326
1158385
1158427
1158484
1158505
1158513
1158580
1158582
1158673
1158680
1158697
1158709
1158776
1158794
1158807
1158830
1158838
1158945
1158960
1159004
1159191
1159204
1159256
1159275
1159431
1159437
1159456
1159467
1159477
1159500
1159518
1159559
1159581
1159760
1159764
1159774
1159831
1159875
1159987
1160003
1160063
1160065
1160100
1160102
1160109
1160110
1160112
1160118
1160134
1160137
1160140
1160146
1160147
1160171
1160175
1160200
1160226
1160275
1160340
1160471
1160473
1160484
1160526
1160572
1160574
1160618
1160748
1160787
1160858
1160903
1160923
1161049
1161097
1161098
1161105
1161115
1161145
1161151
1161226
1161338
1161343
1161345
1161443
1161543
1161622
1161655
1161663
1161687
1161738
1161859
1161988
1162035
1162055
1162058
1162130
1162176
1162189
1162232
1162320
1162334
1162338
1162348
1162400
1162418
1162479
1162480
1162506
1162682
1162685
1162701
1162719
1162725
1162743
1162752
1162772
1162834
1162841
1162858
1162902
1162936
1162940
1162943
1162974
1163216
1163237
1163252
1163254
1163256
1163266
1163319
1163338
1163339
1163342
1163418
1163427
1163528
1163537
1163599
1163661
1163722
1163775
1163797
1163834
1163852
1163876
1163878
1163930
1163931
1163964
1163969
1164176
1164222
1164317
1164362
1164366
1164368
1164387
1164510
1164563
1164806
1164935
1165068
1165095
1165120
1165122
1165144
1165176
1165181
1165197
1165232
1165269
1165398
1165404
1165437
1165452
1165456
1165466
1165543
1165544
1165577
1165696
1165838
1165867
1165900
1165918
1165927
1165947
1165951
1166048
1166156
1166240
1166337
1166411
1166420
1166523
1166528
1166537
1166592
1166666
1166723
1166725
1166733
1166773
1166918
1166953
1167016
1167056
1167057
1167222
1167274
1167300
1167311
1167386
1167553
1167656
1167764
1167767
1167773
1167834
1167913
1168059
1168089
1168149
1168236
1168251
1168257
1168326
1168339
1168409
1168413
1168450
1168458
1168460
1168674
1168722
1168742
1168744
1168783
1168792
1168821
1168866
1168897
1168953
1168989
1169206
1169210
1169261
1169406
1169439
1169449
1169458
1169459
1169512
1169523
1169681
1169740
1169791
1170005
1170018
1170021
1170043
1170057
1170128
1170145
1170207
1170380
1170458
1170537
1170599
1170600
1170797
1170802
1170879
1170910
1170919
1170928
1170972
1171034
1171035
1171211
1171230
1171233
1171331
1171347
1171428
1171435
1171455
1171474
1171476
1171499
1171605
1171841
1171870
1171884
1171888
1171889
1171893
1171895
1171896
1172042
1172107
1172121
1172152
1172167
1172388
1172399
1172400
1172413
1172414
1172427
1172435
1172440
1172466
1172468
1172491
1172493
1172602
1172652
1172678
1172700
1172726
1172731
1172776
1172809
1172892
1172918
1173070
1173124
1173185
1173197
1173214
1173275
1173316
1173368
1173371
1173379
1173559
1173580
1173840
1173987
1174019
1174022
1174071
1174081
1174093
1174161
1174194
1174200
1174240
1174278
1174411
1174423
1174431
1174437
1174447
1174492
1174500
1174549
1174618
1174632
1174756
1174811
1174949
1175000
1175038
1175141
1175175
1175182
1175189
1175194
1175217
1175237
1175283
1175317
1175402
1175503
1175574
1175601
1175660
1175668
1175682
1175699
1175798
1175805
1175848
1175856
1175873
1175964
1175992
1175996
1176003
1176014
1176073
1176128
1176130
1176172
1176206
1176211
1176216
1176313
1176337
1176360
1176369
1176392
1176393
1176411
1176464
1176582
1176610
1176618
1176742
1176784
1176788
1177009
1177010
1177018
1177112
1177116
1177158
1177181
1177275
1177377
1177411
1177445
1177462
1177512
1177513
1177529
1177533
1177573
1177611
1177649
1177788
1177871
1177906
1178329
1178369
1178460
1178499
1178627
1178705
1178729
1178769
1178831
1178905
1178909
1179110
1179116
1179119
1179165
1179170
1179171
1179188
1179213
1179252
1179454
1179504
1179558
1179626
1179635
1179922
1179939
1180058
1180166
1180255
1180326
1180361
1180423
1180483
1180484
1180492
1180495
1180496
1180572
1180583
1180626
1180696
1180708
1180762
1180763
1180849
1180879
1181041
1181075
1181181
1181215
1181217
1181235
1181272
1181277
1181293
1181295
1181349
1181363
1181413
1181429
1181435
1181499
1181555
1181566
1181568
1181627
1181666
1181732
1181743
1181746
1181830
1182035
1182051
1182064
1182074
1182081
1182087
1182097
1182169
1182175
1182214
1182283
1182286
1182293
1182314
1182328
1182330
1182397
1182401
1182443
1182445
1182446
1182454
1182478
1182524
1182528
1182565
1182569
1182590
1182594
1182599
1182601
1182635
1182646
1182750
1182752
1182757
1182768
1182832
1182886
1182919
1182986
1183032
1183069
1183096
1183104
1183112
1183199
1183203
1183279
1183372
1183405
1183473
1183487
1183539
1183544
1183564
1183629
1183645
1183661
1183793
1183797
1183879
1183895
1183937
1183970
1183972
1183978
1184020
1184067
1184199
1184223
1184230
1184294
1184300
1184302
1184401
1184424
1184433
1184462
1184491
1184506
1184620
1184629
1184631
1184647
1184666
1184670
1184675
1184688
1184762
1184784
1184796
1184798
1184805
1184862
1184897
1184902
1184907
1184925
1184963
1184971
1184982
1184995
1185010
1185011
1185020
1185029
1185076
1185192
1185377
1185383
1185432
1185439
1185441
1185454
1185501
1185602
1185623
1185768
1185777
1185780
1185790
1185856
1185919
1185923
1185927
1185950
1185980
1185988
1185995
1186013
1186023
1186026
1186070
1186072
1186075
1186141
1186274
1186283
1186289
1186293
1186332
1186349
1186352
1186354
1186356
1186362
1186459
1186538
1186565
1186605
1186615
1186657
1186673
1186714
1186735
1186749
1186754
1186883
1186894
1186897
1186909
1186941
1187025
1187044
1187072
1187097
1187100
1187117
1187186
1187250
1187283
1187295
1187339
1187410
1187417
1187464
1187470
1187474
1187498
1187504
1187531
1187548
1187609
1187681
1187784
1187916
1187931
1187937
1187940
1187956
1187964
1188083
1188097
1188181
1188182
1188278
1188394
1188423
1188447
1188598
1188626
1188657
1188677
1188710
1188738
1188741
1188757
1188767
1188807
1188852
1188918
1188920
1188954
1188956
1188962
1188972
1188973
1188977
1189015
1189016
1189040
1189043
1189157
1189159
1189160
1189205
1189236
1189259
1189281
1189287
1189310
1189317
1189352
1189354
1189370
1189390
1189422
1189428
1189508
1189510
1189512
1189524
1189620
1189670
1189684
1189715
1189797
1189798
1189885
1189888
1189981
1190025
1190057
1190071
1190086
1190128
1190151
1190183
1190186
1190330
1190400
1190406
1190416
1190462
1190496
1190508
1190524
1190532
1190611
1190629
1190709
1190712
1190755
1190772
1190774
1190806
1190811
1190823
1190868
1190888
1191076
1191318
1191499
1191588
1191661
1191842
1191902
1191912
1191920
1191937
1191992
1192022
1192033
1192124
1192131
1192146
1192154
1192203
1192205
1192222
1192224
1192253
1192379
1192382
1192405
1192441
1192496
1192562
1192564
1192618
1192676
1192736
1192749
1192793
1192794
1192828
1192830
1192867
1192906
1192910
1192916
1192921
1192922
1192961
1192962
1192970
1193038
1193063
1193066
1193155
1193186
1193211
1193221
1193262
1193278
1193314
1193317
1193341
1193398
1193422
1193501
1193529
1193585
1193594
1193625
1193659
1193674
1193710
1193776
1193816
1193824
1193866
1193893
1193927
1193965
1193969
1193985
1194004
1194015
1194019
1194185
1194257
1194363
1194372
1194420
1194437
1194515
1194550
1194644
1194713
1194724
1194729
1194732
1194742
1194770
1194776
1194784
1194789
1194816
1194829
1194909
1194931
1194951
1194955
1194974
1195041
1195095
1195103
1195107
1195161
1195243
1195248
1195277
1195314
1195323
1195335
1195339
1195342
1195353
1195363
1195572
1195581
1195625
1195638
1195652
1195708
1195715
1195780
1195782
1195806
1195853
1195859
1195884
1195969
1196034
1196067
1196070
1196081
1196089
1196108
1196144
1196145
1196156
1196198
1196269
1196289
1196303
1196315
1196365
1196430
1196450
1196454
1196497
1196540
1196555
1196599
1196646
1196664
1196674
1196782
1196810
1196911
1196939
1196980
1196997
1197007
1197056
1197058
1197060
1197078
1197137
1197297
1197547
1197655
1197659
1197672
1197699
1197715
1197721
1197735
1197772
1197795
1197830
1197878
1197884
1197991
1198089
1198096
1198165
1198167
1198231
1198233
1198239
1198277
1198291
1198322
1198343
1198355
1198378
1198407
1198450
1198475
1198499
1198501
1198554
1198577
1198591
1198599
1198618
1198620
1198662
1198685
1198688
1198696
1198717
1198727
1198728
1198782
1198797
1198802
1198809
1198843
1198870
1198984
1198985
1198987
1198994
1199038
1199064
1199106
1199285
1199289
1199351
1199389
1199475
1199496
1199533
1199546
1199568
1199591
1199592
1199610
1199661
1199731
1199810
1199820
1199836
1199869
1199874
1199939
1199990
1199996
1200005
1200012
1200014
1200042
1200055
1200167
1200213
1200221
1200225
1200340
1200361
1200380
1200397
1200414
1200484
1200487
1200488
1200512
1200518
1200519
1200544
1200554
1200677
1200752
1200801
1200835
1200847
1200866
1200877
1200903
1200912
1200940
1200942
1201107
1201165
1201170
1201175
1201176
1201179
1201202
1201262
1201296
1201327
1201338
1201356
1201357
1201485
1201547
1201555
1201621
1201628
1201697
1201734
1201753
1201757
1201775
1201788
1201834
1201840
1201935
1201986
1202002
1202005
1202021
1202038
1202094
1202107
1202135
1202164
1202188
1202209
1202252
1202267
1202306
1202329
1202338
1202400
1202412
1202415
1202417
1202464
1202479
1202483
1202553
1202554
1202563
1202568
1202603
1202613
1202736
1202746
1202770
1202819
1202830
1202859
1202908
1203068
1203195
1203249
1203312
1203354
1203364
1203389
1203424
1203509
1203595
1203773
1203792
1203829
1204055
1204312
1204357
1204363
1204419
1204431
1204462
1204598
1204609
1204648
1204650
1204660
1204761
1204772
1204821
1204830
1204832
1204837
1204881
1204917
1204975
1204998
1205044
1205054
1205077
1205084
1205108
1205119
1205132
1205148
1205209
1205225
1205229
1205260
1205315
1205369
1205384
1205407
1205414
1205431
1205528
1205656
1205713
1205732
1205801
1205804
1205811
1205812
1205825
1205826
1205906
1205911
1205961
1206033
1206044
1206083
1206152
1206189
1206349
1206388
1206521
1206589
1206628
1206635
1206636
1206650
1206701
1206707
1206723
1206726
1206731
1206734
1206735
1206771
1206921
1206952
1206956
1206989
1206990
1206993
1206999
1207000
1207019
1207024
1207032
1207041
1207044
1207082
1207191
1207292
1207348
1207425
1207434
1207525
1207556
1207622
1207637
1207655
1207876
1207887
1207897
1207898
1207910
1207967
1208002
1208024
1208069
1208130
1208134
1208136
1208138
1208186
1208201
1208388
1208392
1208394
1208397
1208430
1208457
1208471
1208477
1208557
1208624
1208629
1208704
1208705
1208718
1208789
1208818
1208833
1208836
1208878
1209152
1209189
1209231
1209313
1209323
1209324
1209395
1209505
1209539
1209583
1209628
1209695
1209813
1209827
1209859
1209893
1209938
1209952
1209994
1210022
1210035
1210036
1210251
1210253
1210275
1210307
1210312
1210313
1210348
1210358
1210361
1210376
1210378
1210441
1210534
1210584
1210673
1210727
1210743
1210816
1210817
1210866
1210912
1211117
1211119
1211129
1211149
1211157
1211164
1211207
1211221
1211257
1211265
1211282
1211290
1211305
1211351
1211483
1211507
1211532
1211572
1211577
1211604
1211637
1211728
1211825
1211862
1211876
1211891
1211899
1212080
1212137
1212156
1212164
1212202
1212220
1212255
1212329
1212340
1212355
1212366
1212416
1212461
1212548
1212612
1212622
1212712
1212742
1212763
1212772
1212878
1212939
1212960
1212972
1212991
1213015
1213042
1213074
1213080
1213097
1213114
1213167
1213178
1213218
1213222
1213247
1213256
1213408
1213415
1213450
1213452
1213455
1213467
1213504
1213507
1213559
1213606
1213674
1213685
1213718
1213724
1213733
1213900
1213946
1213955
1213966
1214037
1214040
1214057
1214086
1214104
1214117
1214121
1214140
1214141
1214160
1214167
1214222
1214421
1214509
1214555
1214625
1214627
1214657
1214658
1214683
1214699
1214717
1214735
1214795
1214919
1214920
1214926
1214934
1214941
1214943
1214950
1214952
1214968
1215021
1215026
1215034
1215042
1215077
1215196
1215204
1215211
1215227
1215238
1215250
1215325
1215378
1215392
1215441
1215444
1215707
1215712
1215720
1215814
1215820
1215826
1215830
1215832
1215834
1215842
1215854
1215855
1215858
1215863
1215896
1215908
1215909
1215918
1215919
1215987
1215988
1216049
1216103
1216156
1216191
1216210
1216358
1216411
1216465
1216498
1216525
1216554
1216559
1216572
1216595
1216624
1216645
1216646
1216647
1216650
1216654
1216669
1216784
1216951
1216952
1217033
1217098
1217109
1217141
1217167
1217191
1217207
1217391
1217444
1217495
1217563
1217585
1217624
1217647
1217675
1217684
1217725
1217903
1217931
1217939
1217964
1217975
1218005
1218072
1218092
1218108
1218112
1218176
1218245
1218249
1218305
1218320
1218368
1218435
1218472
1218478
1218487
1218489
1218493
1218622
1218653
1218704
1218707
1218716
1218774
1218776
1218787
1218795
1218804
1218884
1218933
1219062
1219156
1219259
1219267
1219297
1219321
1219327
1219348
1219379
1219483
1219520
1219573
1219580
1219604
1219654
1219663
1219681
1219694
1220158
1220207
1220229
1220252
1220286
1220320
1220445
1220685
1220735
1220791
1220808
1220823
1220973
1220981
1221005
1221008
1221014
1221020
1221032
1221038
1221058
1221099
1221108
1221128
1221158
1221163
1221167
1221175
1221177
1221195
1221201
1221217
1221222
1221296
1221405
1221415
1221439
1221473
1221499
1221540
1221596
1221597
1221602
1221676
1221681
1221726
1221888
1221947
1221968
1221976
1222064
1222065
1222250
1222319
1222337
1222378
1222396
1222602
1222609
1222617
1222634
1222730
1222894
1222912
1222930
1222935
1223050
1223054
1223121
1223162
1223170
1223291
1223338
1223350
1223357
1223359
1223372
1223545
1223546
1223664
1224049
1224105
1224118
1224146
1224164
1224170
1224207
1224289
1224293
1224315
1224327
1224369
1224455
1224479
1224492
1224542
1224563
1224578
1224602
1224612
1224617
1224687
1224714
1224875
1224917
1224965
1224968
1224971
1225060
1225067
1225091
1225148
1225154
1225202
1225279
1225335
1225369
1225377
1225418
1225451
1225557
1225559
1225565
1225572
1225638
1225648
1225699
1225768
1225836
1225888
1225911
1225964
1225977
1226087
1226092
1226107
1226120
1226189
1226230
1226270
1226393
1226417
1226578
1226585
1226617
1226626
1226762
1226787
1226806
1226822
1226840
1226935
1226960
1226963
1227003
1227269
1227299
1227315
1227376
1227379
1227431
1227460
1227471
1227615
1227630
1227667
1227709
1227907
1227990
1228051
1228057
1228062
1228069
1228097
1228122
1228128
1228244
1228246
1228314
1228320
1228340
1228463
1228688
1228803
1228813
1228850
1228870
1228960
1228963
1229021
1229100
1229140
1229244
1229247
1229248
1229262
1229273
1229278
1229320
1229325
1229422
1229431
1229488
1229576
1229586
1229626
1229632
1229734
1229768
1229793
1229799
1229906
1229910
1229915
1230021
1230045
1230046
1230058
1230087
1230205
1230229
1230391
1230402
1230428
1230431
1230453
1230554
1230747
1230796
1230836
1230854
1230860
1230908
1230912
1230949
1230992
1231010
1231011
1231045
1231160
1231165
1231222
1231258
1231278
1231306
1231393
1231410
1231417
1231458
1231554
1231558
1231562
1231577
1231585
1231605
1231683
1231764
1231910
1231912
1231965
1231974
1232050
1232062
1232087
1232099
1232175
1232181
1232220
1232263
1232265
1232322
1232443
1232466
1232468
1232479
1232546
1232569
1232596
1232601
1232645
1232663
1232669
1232715
1232719
1232787
1232910
1232933
1232945
1232955
1232998
1233084
1233136
1233141
1233150
1233202
1233210
1233231
1233252
1233263
1233303
1233413
1233432
1233433
1233434
1233436
1233449
1233460
1233512
1233571
1233610
1233776
1233790
1233822
1233876
1233883
1233915
1233926
1233934
1233964
1234008
1234015
1234019
1234062
1234063
1234064
1234069
1234070
1234076
1234119
1234184
1234194
1234277
1234317
1234320
1234349
1234353
1234356
1234364
1234369
1234386
1234395
1234414
1234448
1234458
1234484
1234559
1234731
1234746
1234749
1234752
1234759
1234762
1234764
1234776
1234796
1234820
1234861
1234882
1234905
1234929
1234931
1234935
1234938
1234940
1234941
1234948
1234986
1235192
1235283
1235293
1235352
1235370
1235382
1235396
1235428
1235435
1235501
1235558
1235568
1235576
1235665
1235715
1235766
1235770
1235938
1236037
1236204
1236249
1236306
1236377
1236413
1236416
1236418
1236469
1236471
1236485
1236490
1236512
1236706
1236761
1236769
1236868
1236920
1236922
1236935
1236945
1237000
1237007
1237048
1237059
1237203
1237327
1237364
1237376
1237394
1237397
1237401
1237406
1237431
1237456
1237474
1237549
1237783
1237814
1237883
1237914
1237962
1237983
1237985
1238091
1238098
1238181
1238278
1238283
1238437
1238505
1238514
1238541
1238552
1238559
1238658
1238689
1238698
1238742
1238773
1238814
1238833
1238848
1238851
1238855
1238933
1239029
1239093
1239179
1239188
1239230
1239327
1239390
1239395
1239456
1239457
1239458
1239459
1239461
1239463
1239465
1239468
1239491
1239536
1239602
1239610
1239657
1239670
1239679
1239683
1239685
1239693
1239764
1239770
1239771
1239773
1239806
1239815
1239816
1239817
1239825
1239852
1239854
1239940
1239944
1240095
1240125
1240141
1240149
1240174
1240188
1240262
1240267
1240272
1240338
1240469
1240484
1240550
1240638
1240655
1240711
1240712
1240770
1240792
1240814
1240889
1240901
1240911
1240972
1241091
1241195
1241234
1241245
1241263
1241327
1241444
1241470
1241543
1241554
1241584
1241608
1241674
1241726
1241810
1241820
1241821
1241837
1241860
1241878
1241902
1241903
1241904
1241906
1241979
1241989
1241994
1242011
1242193
1242195
1242200
1242212
1242217
1242221
1242227
1242233
1242245
1242247
1242248
1242249
1242253
1242268
1242280
1242432
1242483
1242535
1242561
1242562
1242563
1242564
1242571
1242578
1242590
1242644
1242653
1242655
1242660
1242666
1242691
1242721
1242744
1242808
1242879
1242880
1242886
1242914
1242937
1243038
1243046
1243073
1243098
1243100
1243102
1243103
1243154
1243260
1243331
1243335
1243345
1243358
1243389
1243442
1243465
1243470
1243530
1243533
1243538
1243685
1243775
1243805
1243815
1243849
1243853
1243865
1243866
1243879
1243910
1243950
1243953
1243988
1243997
1244003
1244017
1244036
1244039
1244062
1244101
1244125
1244126
1244132
1244153
1244185
1244223
1244240
1244381
1244443
1244448
1244468
1244475
1244523
1244525
1244531
1244548
1244605
1244643
1244652
1244657
1244699
1244706
1244760
1244762
1244781
1244805
1244822
1244874
1244933
1244944
1244953
1244966
1245012
1245049
1245062
1245097
1245107
1245112
1245113
1245116
1245117
1245122
1245127
1245162
1245168
1245191
1245234
1245258
1245335
1245486
1245526
1245540
1245543
1245557
1245682
1245776
1245802
1245932
1245934
1245944
1245962
1245965
1246006
1246036
1246079
1246269
1246361
1246366
1246382
1246403
1246416
1246445
1246463
1246490
1246498
1246526
1246556
1246557
1246559
1246562
1246610
1246659
1246699
1246745
1246765
1246777
1246794
1246797
1246798
1246839
1246899
1246929
1246932
1246935
1246945
1246967
1246975
1247054
1247113
1247153
1247172
1247181
1247182
1247193
1247199
1247242
1247276
1247353
1247436
1247457
1247478
1247705
1247708
1247715
1247719
1247729
1247733
1247738
1247788
1247844
1247846
1247857
1247889
1247890
1248049
1248262
1248294
1248339
1248402
1248462
1248492
1248544
1248567
1248637
1248707
1248711
1248786
1248794
1248868
1248876
1248896
1249018
1249026
1249036
1249125
1249195
1249240
1249336
1249348
1249380
1249383
1249385
1249403
1249428
1249508
1249532
1249624
1249629
1249693
1249763
1249771
1249773
1249777
1249808
1249814
1249935
1249943
1249955
1249960
1249961
1250108
1250125
1250137
1250142
1250145
1250147
1250162
1250175
1250194
1250213
1250226
1250232
1250236
1250272
1250346
1250409
1250441
1250512
1250536
1250540
1250565
1250625
1250653
1250658
1250686
1250689
1250691
1250694
1250695
1250714
1250785
1250790
1250800
1250806
1250835
1250846
1250854
1250885
1250979
1251046
1251131
1251138
1251159
1251222
1251239
1251248
1251300
1251324
1251416
1251417
1251427
1251506
1251558
1251563
1251598
1251603
1251683
1251717
1251800
1251873
1251882
1251883
1251910
1251946
1251948
1251957
1251958
1251973
1251993
1252059
1252113
1252239
1252279
1252287
1252289
1252359
1252361
1252418
1252436
1252471
1252552
1252627
1252675
1252686
1252688
1252693
1252749
1252756
1252772
1252778
1252843
1252876
1252908
1252959
1253036
1253284
1253325
1253334
1253342
1253345
1253363
1253367
1253375
1253393
1253411
1253414
1253488
1253492
1253503
1253553
1253570
1253575
1253606
1253616
1253619
1253624
1253635
1253654
1253664
1253740
1253777
1253832
1253841
1253892
1253911
1253918
1253925
1253929
1253987
1254021
1254033
1254195
1254204
1254225
1254234
1254250
1254271
1254274
1254354
1254477
1254481
1254646
1254732
1254733
1254741
1254766
1254780
1254850
1254853
1254863
1254866
1254877
1254896
1254933
1254948
1254956
1255013
1255021
1255043
1255092
1255112
1255162
1255208
1255272
1255293
1255300
1255326
1255331
1255337
1255344
1255394
1255413
1255453
1255473
1255486
1255489
1255549
1255552
1255562
1255659
1255731
1255755
1255760
1255764
1255833
1255838
1255914
1255939
1255945
1255946
1255948
1256022
1256076
1256195
1256214
1256252
1256281
1256325
1256329
1256368
1256380
1256424
1256464
1256472
1256520
1256600
1256639
1256652
1256679
1256695
1256721
1256728
1256729
1256746
1256747
1256756
1256805
1256988
1257009
1257079
1257143
1257169
1257204
1257254
1257259
1257264
1257355
1257380
1257451
1257485
1257586
1257641
1257670
1257772
1257775
1257780
1257801
1257826
1257866
1257876
1257878
1257983
1257984
1257995
1258057
1258081
1258195
1258205
1258211
1258222
1258280
1258309
1258328
1258357
1258536
1258565
1258568
1258584
1258604
1258623
1258641
1258662
1258690
1258745
1258751
1258785
1258859
1258930
1258973
1259004
1259038
1259059
1259089
1259112
1259118
1259245
1259256
1259260
1259263
1259270
1259281
1259301
1259366
1259378
1259409
1259413
1259417
1259421
1259424
1259425
1259433
1259434
1259436
1259440
1259442
1259527
1259560
1259619
1259625
1259645
1259653
1259664
1259681
1259684
1259727
1259729
1259734
1259735
1259754
1259763
1259835
1259840
1259850
1259854
1259895
1259929
1259952
1260013
1260040
1260066
1260158
1260163
1260173
1260195
1260350
1260423
1260601
1260672
1260700
1260701
1260708
1260732
1260794
1260835
1260867
1260922
1260968
1261136
1261259
1261260
1261261
1261289
1261314
1261352
1261384
1261399
1261460
1261552
1261560
1261561
1261573
1261574
1261577
1261579
1261582
1261650
1261720
1261753
1261759
1261770
1261823
1261861
1261872
1261902
1261949
1261992
1262022
1262208
1262288
1262356
1262376
1262389
1262396
1262404
1262620
1262632
1262634
1262681
1262700
1262702
1262713
1262718
1262805
1262964
1262995
1263013
1263115
1263206
1263217
1263250
1263269
1263318
1263600
1263613
1263625
1263634
1263707
1263723
1263763
1263832
1263835
1263839
1263842
1263907
1264012
1264152
1264154
1264155
1264157
1264326
1264331
1264427
1264448
1264452
1264468
1264475
1264548
1264625
1264716
1264723
1264725
1264742
1264837
1264885
1264889
1264894
1264904
1264910
1264918
1264923
1264950
1264954
1264955
1264966
1265010
1265122
1265131
1265183
1265218
1265257
1265330
1265417
1265438
1265467
1265517
1265538
1265546
1265547
1265549
1265558
1265572
1265575
1265593
1265600
1265601
1265614
1265617
1265633
1265637
1265647
1265649
1265651
1265659
1265679
1265680
1265766
1265797
1265802
1265841
1265866
1265914
1265920
1265942
1265975
1266032
1266036
1266042
1266047
1266119
1266127
1266167
1266426
1266485
1266490
1266517
1266520
1266537
1266571
1266589
1266635
1266656
1266676
1266710
1266715
1266783
1266886
1266895
1266900
1266952
1266969
1266974
1266976
1267030
1267034
1267035
1267038
1267046
1267050
1267051
1267052
1267054
1267056
1267071
1267086
1267098
1267105
1267144
1267153
1267219
1267240
1267252
1267260
1267277
1267286
1267304
1267318
1267360
1267376
1267407
1267470
1267483
1267505
1267506
1267526
1267527
1267530
1267534
1267550
1267554
1267584
1267597
1267598
1267601
1267604
1267608
1267629
1267632
1267636
1267643
1267648
1267699
1267756
1267802
1267821
1267823
1267828
1267845
1267887
1267897
1267975
1268010
1268037
1268053
1268055
1268079
1268087
1268092
1268163
1268193
1268258
1268263
1268270
1268424
1268478
1268576
1268583
1268629
1268661
1268920
1268941
1268944
1268979
1269003
1269021
1269024
1269050
1269125
1269161
1269173
1269179
1269348
1269397
1269411
1269431
1269475
1269479
1269485
1269489
1269519
1269520
1269526
1269640
1269643
1269647
1269648
1269655
1269682
1269734
1269771
1269908
1269969
1269980
1270121
1270125
1270196
1270315
1270416
1270456
1270485
1270494
1270642
1270658
1270687
1270762
1270828
1270871
1270878
1270883
1270885
1270891
1270916
1271023
1271048
1271149
1271212
1271250
1271257
1271264
1271268
1271315
1271329
1271350
1271456
1271604
1271685
1271732
1271925
1271984
1271986
1272090
1272152
1272235
1272238
1272248
1272250
1272260
1272268
1272300
1272323
1272407
1272465
1272611
1272632
1272634
1272701
1272713
1272722
1272727
1272785
1272803
1272814
1272828
1272836
1272837
1272859
1272868
1272873
1272890
1272896
1272902
1272906
1272914
1272922
1272931
1273002
1273114
1273161
1273189
1273190
1273193
1273232
1273240
1273241
1273266
1273303
1273310
1273317
1273318
1273324
1273332
1273341
1273342
1273393
1273434
1273453
1273482
1273518
1273521
1273527
1273531
1273533
1273536
1273538
1273541
1273556
1273559
1273802
1273844
1273852
1273853
1273856
1273857
1273938
1274087
1274099
1274134
1274205
1274379
1274515
1274563
1274566
1274616
1274623
1274633
1274641
1274673
1274755
1274759
1274771
1274792
1274795
1274809
1274813
1274850
1274930
1274947
1274951
1274978
1275003
1275020
1275039
1275073
1275126
1275132
1275154
1275166
1275319
1275385
1275425
1275466
1275516
1275526
1275527
1275529
1275530
1275531
1275539
1275549
1275550
1275557
1275644
1275648
1275700
1275729
1275740
1275755
1275759
1275813
1275821
1275828
1275833
1275890
1275898
1275930
1276038
1276076
1276096
1276098
1276177
1276182
1276200
1276226
1276319
1276324
1276325
1276326
1276330
1276390
1276430
1276468
1276472
1276507
1276526
1276539
1276547
1276598
1276634
1276635
1276636
1276666
1276684
1276743
1276774
1276793
1276802
1276834
1276862
1276916
1276960
1276970
1276978
1276989
1277001
1277003
1277013
1277026
1277031
1277039
1277044
1277048
1277053
1277056
1277059
1277131
1277136
1277151
1277170
1277207
1277284
1277287
1277290
1277346
1277427
1277446
1277457
1277459
1277502
1277514
1277518
1277561
1277577
1277587
1277610
1277766
1277775
1277792
1277804
1277836
1277897
1277919
1277949
1277952
1278007
1278027
1278047
1278085
1278109
1278122
1278128
1278215
1278234
1278249
1278255
1278339
1278429
1278443
1278464
1278490
1278500
1278510
1278530
1278544
1278578
1278593
1278594
1278613
1278615
1278644
1278653
1278670
1278739
1278742
1278808
1278924
1278930
1278945
1278950
1278989
1279036
1279050
1279067
1279091
1279148
1279150
1279174
1279265
1279269
1279271
1279282
1279309
1279381
1279447
1279504
1279579
1279582
1279596
1279755
1279763
1279766
1279804
1279918
1279922
1279930
1279932
1279934
1279959
1279960
1279985
1280000
1280029
1280056
1280064
1280068
1280070
1280081
1280105
1280215
1280289
1280300
1280376
1280434
1280554
1280575
1280608
1280647
1280685
1280689
1280691
1280696
1280702
1280704
1280707
1280709
1280711
1280715
1280718
1280723
1280724
1280745
1280751
1280755
1280757
1280778
1280779
1280787
1280789
1280816
1280823
1280871
1280889
1280921
1280932
1280990
1281036
1281039
1281042
1281044
1281048
1281052
1281054
1281058
1281063
1281075
1281098
1281120
1281138
1281141
1281146
1281210
1281233
1281245
1281392
1281412
1281417
1281477
1281504
1281511
1281515
1281519
1281524
1281532
1281534
1281536
1281540
1281573
1281578
1281582
1281585
1281628
1281629
1281634
1281640
1281644
1281648
1281672
1281713
1281720
1281739
1281744
1281751
1281755
1281823
1281850
1281858
1281861
1281862
1281915
1281970
1281975
1281983
1281989
1282006
1282037
1282069
1282176
1282179
1282183
1282184
1282207
1282300
1282333
1282359
1282489
1282503
1282649
1282686
1282700
1282761
1282772
1282777
1282783
1282908
1282956
1282970
1282980
1282997
1282998
1283033
1283051
1283054
1283095
1283115
1283187
1283193
1283210
1283276
1283358
1283399
1283409
1283430
1283434
1283437
1283488
1283492
1283494
1283502
1283518
1283571
1283609
1283627
1283633
1283664
1283728
1283739
1283744
1283791
1283922
1283946
1284008
1284036
1284041
1284043
1284046
1284052
1284054
1284060
1284070
1284073
1284088
1284098
1284152
1284212
1284239
1284240
1284274
1284281
1284306
1284321
1284327
1284365
1284394
1284404
1284476
1284629
1284635
1284646
1284647
1284671
1284702
1284732
1284824
1284883
1284895
1284934
1284940
1284951
1284957
1284963
1285052
1285108
1285111
1285114
1285118
1285130
1285132
1285177
1285237
1285302
1285315
1285347
1285376
1285471
1285518
1285535
1285644
1285697
1285732
1285764
1285851
1285863
1285913
1285965
1286033
1286065
1286067
1286129
1286181
1286185
1286197
1286204
1286214
1286218
1286224
1286378
1286454
1286493
1286498
1286513
1286547
1286552
1286608
1286663
1286767
1286806
1286855
1286920
1287025
1287031
1287090
1287099
1287241
1287245
1287270
1287283
1287426
1287436
1287439
1287445
1287446
1287449
1287465
1287475
1287479
1287481
1287482
1287503
1287512
1287624
1287715
1287720
1287739
1287744
1287747
1287774
1287790
1287801
1287803
1287805
1287820
1287842
1287850
1287878
1287922
1287950
1287958
1287963
1288023
1288072
1288125
1288224
1288241
1288255
1288327
1288411
1288500
1288509
1288515
1288545
1288597
1288613
1288616
1288629
1288705
1288715
1288717
1288780
1288783
1288814
1288932
1288942
1288999
1289034
1289048
1289051
1289127
1289234
1289243
1289400
1289426
1289513
1289514
1289610
1289639
1289680
1289721
1289740
1289756
1289784
1289819
1289826
1289893
1289921
1289969
1289970
1289980
1289987
1290037
1290094
1290158
1290168
1290214
1290270
1290271
1290272
1290293
1290294
1290314
1290365
1290366
1290372
1290409
1290417
1290418
1290430
1290524
1290525
1290529
1290532
1290560
1290565
1290566
1290569
1290572
1290575
1290580
1290598
1290601
1290606
1290610
1290618
1290740
1290749
1290794
1290847
1290861
1290869
1290930
1290967
1290973
1290975
1290980
1290984
1290990
1290991
1290994
1290996
1290998
1291001
1291004
1291015
1291017
1291038
1291085
1291154
1291157
1291165
1291195
1291247
1291283
1291350
1291423
1291452
1291470
1291473
1291526
1291594
1291595
1291637
1291642
1291648
1291661
1291664
1291697
1291705
1291718
1291764
1291776
1291807
1291899
1291904
1291984
1292038
1292137
1292154
1292155
1292157
1292164
1292185
1292187
1292204
1292212
1292220
1292236
1292246
1292264
1292267
1292282
1292291
1292313
1292355
1292378
1292379
1292518
1292524
1292540
1292542
1292555
1292561
1292563
1292565
1292578
1292662
1292665
1292695
1292705
1292714
1292723
1292727
1292807
1292904
1292906
1292922
1293005
1293038
1293043
1293070
1293077
1293079
1293108
1293126
1293190
1293236
1293241
1293242
1293245
1293255
1293263
1293266
1293271
1293295
1293317
1293320
1293337
1293377
1293393
1293395
1293413
1293448
1293500
1293560
1293566
1293589
1293632
1293643
1293689
1293711
1293715
1293722
1293735
1293766
1293825
1293848
1293885
1293962
1293977
1294089
1294242
1294254
1294263
1294264
1294301
1294314
1294319
1294340
1294355
1294453
1294477
1294484
1294496
1294506
1294553
1294586
1294607
1294613
1294731
1294785
1294807
1294847
1294916
1294930
1294961
1295009
1295064
1295085
1295131
1295144
1295149
1295166
1295167
1295188
1295197
1295232
1295237
1295241
1295248
1295255
1295260
1295265
1295268
1295287
1295354
1295412
1295437
1295812
1295832
1295888
1295890
1295892
1295896
1295969
1296018
1296047
1296111
1296179
1296192
1296245
1296316
1296336
1296350
1296402
1296442
1296473
1296590
1296609
1296622
1296665
1296753
1296776
1296783
1296790
1296798
1296893
1296941
1296943
1296949
1296966
1297028
1297030
1297046
1297065
1297089
1297109
1297133
1297233
1297297
1297344
1297374
1297418
1297422
1297446
1297454
1297467
1297468
1297487
1297496
1297497
1297529
1297558
1297573
1297599
1297601
1297699
1297706
1297823
1297838
1297859
1297952
1297964
1298081
1298145
1298198
1298214
1298225
1298231
1298306
1298311
1298316
1298369
1298406
1298426
1298429
1298459
1298470
1298505
1298621
1298622
1298766
1298781
1298783
1298797
1298810
1298819
1298864
1298868
1298892
1299081
1299094
1299128
1299201
1299357
1299401
1299487
1299562
1299566
1299592
1299666
1299747
1299815
1299870
1300023
1300043
1300054
1300114
1300172
1300180
1300229
1300264
1300266
1300267
1300379
1300432
1300489
1300499
1300504
1300533
1300565
1300581
1300629
1300702
1300717
1300891
1300915
1300925
1300933
1300942
1300954
1300962
1300963
1301075
1301087
1301106
1301107
1301111
1301113
1301114
1301119
1301122
1301123
1301126
1301147
1301158
1301162
1301183
1301196
1301241
1301270
1301297
1301310
1301333
1301336
1301343
1301360
1301363
1301365
1301371
1301393
1301406
1301428
1301430
1301433
1301441
1301444
1301472
1301625
1301696
1301706
1301714
1301932
1301979
1302039
1302128
1302190
1302254
1302314
1302317
1302378
1302433
1302459
1302465
1302468
1302480
1302609
1302656
1302691
1302745
1302767
1302792
1302895
1302916
1302948
1302955
1303005
1303055
1303113
1303132
1303274
1303300
1303312
1303328
1303390
1303393
1303460
1303501
1303508
1303519
1303526
1303531
1303597
1303625
1303705
1303766
1303812
1303855
1303929
1303954
1304044
1304106
1304144
1304157
1304172
1304186
1304220
1304298
1304313
1304314
1304429
1304470
1304567
1304618
1304622
1304712
1304718
1304726
1304754
1304762
1304889
1304925
1304983
1305041
1305044
1305094
1305109
1305112
1305113
1305124
1305129
1305130
1305131
1305135
1305137
1305138
1305140
1305208
1305225
1305280
1305281
1305312
1305331
1305500
1305510
1305514
1305524
1305538
1305539
1305540
1305562
1305573
1305673
1305700
1305757
1305761
1305763
1305764
1305768
1305779
1305793
1305799
1305800
1305801
1305810
1305842
1305868
1305873
1305879
1305918
1305928
1305942
1306062
1306147
1306236
1306259
1306275
1306411
1306425
1306508
1306511
1306514
1306520
1306522
1306542
1306566
1306572
1306577
1306638
1306667
1306689
1306707
1306768
1306772
1306863
1306894
1306949
1306952
1307021
1307050
1307055
1307118
1307154
1307178
1307187
1307189
1307213
1307239
1307258
1307262
1307267
1307282
1307314
1307380
1307394
1307396
1307400
1307434
1307459
1307493
1307524
1307568
1307599
1307600
1307603
1307632
1307639
1307716
1307747
1307748
1307849
1307860
1307901
1308009
1308157
1308215
1308238
1308242
1308247
1308251
1308256
1308261
1308302
1308310
1308314
1308328
1308368
1308379
1308388
1308395
1308433
1308512
1308546
1308588
1308617
1308625
1308661
1308749
1308757
1308773
1308806
1308814
1308823
1308836
1308922
1308972
1308994
1308996
1309009
1309025
1309031
1309050
1309080
1309083
1309115
1309139
1309154
1309157
1309175
1309181
1309185
1309191
1309211
1309213
1309231
1309236
1309257
1309266
1309338
1309340
1309344
1309374
1309471
1309476
1309501
1309509
1309526
1309530
1309535
1309538
1309557
1309575
1309625
1309669
1309678
1309707
1309747
1309774
1309848
1310002
1310017
1310023
1310129
1310144
1310151
1310168
1310212
1310230
1310236
1310237
1310247
1310255
1310256
1310286
1310295
1310322
1310350
1310368
1310375
1310382
1310383
1310396
1310668
1310671
1310675
1310678
1310720
1310728
1310743
1310745
1310748
1310783
1310789
1310799
1310835
1310853
1310926
1311004
1311018
1311026
1311070
1311081
1311118
1311155
1311288
1311351
1311464
1311488
1311491
1311556
1311585
1311596
1311613
1311653
1311876
1311878
1311885
1311888
1311892
1311926
1311958
1311970
1311981
1311986
1311987
1311988
1311991
1311994
1312013
1312016
1312017
1312023
1312024
1312028
1312030
1312032
1312033
1312036
1312041
1312042
1312121
1312196
1312208
1312213
1312228
1312355
1312359
1312363
1312393
1312396
1312400
1312402
1312403
1312412
1312414
1312416
1312420
1312422
1312425
1312430
1312431
1312432
1312437
1312439
1312440
1312443
1312445
1312448
1312452
1312454
1312463
1312470
1312471
1312473
1312476
1312477
1312478
1312479
1312480
1312481
1312483
1312512
1312521
1312532
1312534
1312542
1312552
1312565
1312576
1312584
1312609
1312633
1312771
1312787
1312792
1312798
1312799
1312833
1312892
1312901
1312915
1312920
1312925
1313024
1313027
1313030
1313105
1313143
1313221
1313247
1313259
1313293
1313303
1313326
1313364
1313373
1313456
1313507
1313517
1313580
1313673
1313748
1313756
1313776
1313831
1313837
1313842
1313846
1313863
1313934
1313960
1313964
1313975
1313995
1314021
1314080
1314158
1314165
1314205
1314225
1314233
1314304
1314309
1314345
1314377
1314441
1314462
1314464
1314489
1314501
1314513
1314514
1314597
1314603
1314647
1314679
1314686
1314724
1314739
1314743
1314748
1314773
1314809
1314812
1314819
1314826
1314829
1314832
1314901
1314912
1314934
1314936
1314940
1314942
1314943
1315014
1315043
1315087
1315102
1315114
1315116
1315149
1315169
1315186
1315189
1315191
1315193
1315195
1315199
1315228
1315297
1315303
1315381
1315382
1315415
1315466
1315495
1315514
1315515
1315735
1315750
1315752
1315841
1315974
1315975
1315991
1316071
1316072
1316077
1316099
1316110
1316116
1316179
1316181
1316185
1316186
1316207
1316210
1316232
1316258
1316291
1316332
1316334
1316408
1316420
1316425
1316482
1316486
1316489
1316496
1316509
1316522
1316538
1316563
1316569
1316580
1316590
1316624
1316673
1316680
1316709
1316721
1316725
1316726
1316728
1316760
1316825
1316829
1316838
1316846
1316857
1316975
1316991
1317033
1317048
1317055
1317061
1317068
1317081
1317083
1317084
1317102
1317104
1317106
1317121
1317200
1317218
1317231
1317254
1317262
1317268
1317275
1317321
1317345
1317351
1317394
1317416
1317420
1317442
1317569
1317573
1317575
1317586
1317611
1317626
1317781
1317834
1317877
1317890
1317951
1317977
1317978
1317994
1318004
1318016
1318028
1318031
1318051
1318056
1318082
1318084
1318085
1318106
1318154
1318168
1318184
1318203
1318215
1318253
1318259
1318260
1318263
1318265
1318302
1318305
1318306
1318319
1318433
1318435
1318450
1318452
1318453
1318458
1318467
1318471
1318496
1318503
1318506
1318512
1318518
1318523
1318557
1318595
1318660
1318792
1318842
1318889
1318901
1318928
1318933
1318935
1318966
1318998
1319002
1319023
1319029
1319040
1319044
1319047
1319048
1319335
1319347
1319351
1319364
1319365
1319366
1319368
1319369
1319370
1319400
1319414
1319482
1319514
1319559
1319571
1319578
1319603
1319614
1319618
1319651
1319665
1319680
1319686
1319711
1319713
1319721
1319724
1319752
1319825
1319891
1319918
1319949
1319951
1320004
1320035
1320139
1320170
1320178
1320320
1320322
1320324
1320330
1320332
1320333
1320348
1320357
1320467
1320508
1320523
1320527
1320570
1320604
1320610
1320643
1320661
1320725
1320728
1320741
1320756
1320762
1320786
1320897
1320921
1320934
1320979
1321008
1321137
1321148
1321150
1321151
1321173
1321191
1321197
1321224
1321229
1321234
1321236
1321239
1321241
1321245
1321251
1321252
1321376
1321402
1321428
1321431
1321451
1321491
1321512
1321554
1321557
1321582
1321641
1321699
1321781
1321785
1321818
1321847
1321861
1321870
1321883
1321903
1321934
1321946
1321966
1322001
1322059
1322079
1322110
1322149
1322156
1322219
1322227
1322256
1322308
1322316
1322317
1322344
1322345
1322374
1322463
1322474
1322543
1322545
1322559
1322560
1322585
1322587
1322623
1322696
1322757
1322819
1322890
1322902
1322911
1322934
1322936
1322944
1322973
1322976
1322989
1323011
1323012
1323021
1323049
1323062
1323144
1323189
1323216
1323245
1323248
1323276
1323316
1323342
1323348
1323351
1323427
1323471
1323482
1323488
1323534
1323570
1323618
1323625
1323711
1323712
1323724
1323757
1323797
1323798
1323800
1323804
1323806
1323825
1323909
1323911
1323979
1323984
1323987
1324020
1324059
1324082
1324101
1324108
1324112
1324120
1324123
1324129
1324166
1324219
1324236
1324299
1324375
1324381
1324386
1324390
1324439
1324465
1324487
1324495
1324531
1324549
1324565
1324730
1324751
1324811
1324818
1324827
1324828
1324832
1324834
1324844
1324862
1324903
1324904
1324919
1324923
1325022
1325031
1325034
1325038
1325211
1325235
1325244
1325261
1325268
1325270
1325299
1325304
1325306
1325356
1325397
1325403
1325456
1325457
1325458
1325461
1325463
1325464
1325466
1325490
1325573
1325603
1325638
1325655
1325699
1325735
1325772
1325785
1325821
1325848
1325856
1325873
1325880
1325902
1325916
1325927
1325939
1325964
1325979
1325980
1325982
1325984
1325986
1326030
1326034
1326045
1326046
1326126
1326162
1326174
1326205
1326211
1326234
1326248
1326263
1326338
1326352
1326353
1326382
1326415
1326437
1326468
1326564
1326651
1326696
1326829
1326858
1327008
1327157
1327164
1327206
1327209
1327225
1327408
1327426
1327535
1327541
1327579
1327593
1327634
1327717
1327719
1327739
1327768
1327794
1327806
1327854
1327876
1327881
1327953
1327996
1328012
1328145
1328157
1328159
1328160
1328171
1328192
1328241
1328252
1328265
1328318
1328339
1328353
1328395
1328396
1328402
1328481
1328527
1328529
1328542
1328546
1328580
1328583
1328618
1328631
1328651
1328672
1328679
1328700
1328717
1328735
1328771
1328787
1328808
1328814
1328870
1328891
1328896
1328904
1328941
1328945
1328956
1328974
1328976
1328981
1328986
1328990
1329000
1329017
1329030
1329043
1329050
1329062
1329076
1329119
1329121
1329129
1329173
1329190
1329207
1329268
1329303
1329390
1329467
1329495
1329507
1329518
1329548
1329581
1329583
1329586
1329629
1329801
1329811
1329851
1329924
1329973
1329996
1330008
1330025
1330029
1330035
1330037
1330041
1330043
1330058
1330059
1330099
1330167
1330211
1330339
1330343
1330346
1330354
1330373
1330393
1330402
1330416
1330421
1330438
1330440
1330443
1330445
1330461
1330552
1330573
1330610
1330667
1330680
1330681
1330709
1330872
1331089
1331102
1331121
1331142
1331234
1331250
1331261
1331275
1331378
1331386
1331390
1331396
1331460
1331463
1331486
1331538
1331874
1331889
1332316
1332572
1332850
1333007
1333078
1333098
1333104
1333112
1333152
1333160
1333177
1333211
1333473
1333556
1333609
1333810
1333929
1334631
1335080
1335667
1335675
1335731
1335733
1335754
1335765
1335803
1335828
1335831
1335839
1335855
1335856
1335859
1335866
1335873
1335893
1335896
1335927
1335930
1335967
1335969
1336006
1336050
1336189
1336226
1336298
1336310
1336344
1336473
1336501
1336592
1336636
1336659
1336679
1336707
1336724
1336730
1336741
1337050
1337103
1337104
1337108
1337109
1337133
1337160
1337162
1337187
1337199
1337266
1337274
1337286
1337295
1337300
1337341
1337473
1337556
1337600
1337611
1337613
1337629
1337650
1337652
1337671
1337707
1337729
1337800
1337886
1337903
1337905
1337929
1338096
1338118
1338301
1338302
1338306
1338316
1338326
1338343
1338346
1338366
1338435
1338461
1338497
1338640
1338754
1338764
1338779
1338877
1338926
1338965
1338972
1339010
1339013
1339092
1339105
1339119
1339128
1339155
1339159
1339166
1339173
1339206
1339210
1339214
1339219
1339232
1339240
1339258
1339293
1339333
1339334
1339336
1339337
1339338
1339358
1339437
1339439
1339445
1339469
1339480
1339492
1339506
1339516
1339529
1339537
1339544
1339547
1339562
1339580
1339590
1339599
1339639
1339668
1339680
1339713
1339746
1339753
1339760
1339878
1339904
1339940
1339953
1340036
1340038
1340054
1340076
1340105
1340110
1340142
1340163
1340165
1340169
1340176
1340233
1340248
1340252
1340257
1340264
1340298
1340310
1340317
1340360
1340367
1340374
1340452
1340571
1340620
1340664
1340692
1340698
1340727
1340731
1340761
1340770
1340774
1340799
1340837
1340892
1340898
1340906
1340907
1341009
1341023
1341031
1341032
1341040
1341070
1341101
1341102
1341162
1341282
1341327
1341397
1341400
1341401
1341437
1341451
1341500
1341502
1341556
1341585
1341634
1341653
1341666
1341701
1341718
1341750
1341751
1341757
1341862
1341870
1341875
1341983
1342028
1342079
1342105
1342107
1342177
1342250
1342299
1342333
1344981
1346452
1346464
1346487
1346544
1346554
1346557
1346575
1346645
1350823
1351100
1351313
1351353
1351384
1351591
1351617
1351628
1351651
1351660
1351688
1351711
1351825
1351896
1351930
1352037
1352044
1352071
1352102
1352122
1352143
1352152
1352253
1352294
1352372
1352374
1352378
1352407
1352420
1352445
1352454
1352496
1352525
1352529
1352537
1352572
1352581
1352660
1352774
1352777
1352799
1352823
1352866
1352874
1352894
1352923
1352952
1352960
1352992
1353012
1353018
1353083
1353114
1353117
1353167
1353216
1353226
1353235
1353251
1353262
1353277
1353308
1353328
1353333
1353339
1353372
1353377
1353391
1353395
1353397
1353401
1353406
1353422
1353430
1353439
1353449
1353555
1353556
1353560
1353585
1353610
1353660
1353687
1353701
1353771
1353776
1353780
1353815
1353823
1353827
1353828
1353839
1353860
1353863
1353903
1353970
1353989
1354000
1354031
1354047
1354072
1354080
1354087
1354193
1354282
1354433
1354464
1354539
1354556
1354612
1354627
1354633
1354701
1354704
1354755
1354756
1354760
1354761
1354762
1354783
1354791
1354803
1354805
1354816
1354819
1354823
1354829
1354831
1354840
1354844
1354858
1354859
1354871
1354878
1354901
1354942
1354988
1355005
1355019
1355144
1355159
1355199
1355271
1355286
1355292
1355324
1355326
1355452
1355458
1355551
1355566
1355581
1355583
1355654
1355763
1355841
1355866
1355968
1355975
1355994
1356021
1356049
1356050
1356053
1356072
1356146
1356160
1356236
1356241
1356264
1356281
1356290
1356296
1356302
1356334
1356347
1356353
1356356
1356360
1356391
1356399
1356414
1356443
1356449
1356581
1356643
1356666
1356676
1356684
1356690
1356699
1356705
1356745
1356770
1356771
1356772
1356774
1356776
1356778
1356781
1356782
1356784
1356788
1356791
1356793
1356794
1356797
1356802
1356807
1356810
1356816
1356817
1356818
1356823
1356827
1356831
1356867
1356907
1356917
1356922
1356926
1356928
1356999
1357002
1357005
1357008
1357011
1357037
1357075
1357081
1357083
1357085
1357129
1357159
1357161
1357190
1357246
1357302
1357327
1357365
1357372
1357411
1357524
1357547
1357570
1357598
1357613
1357616
1357693
1357769
1357771
1357774
1357777
1357778
1357782
1357912
1357933
1357945
1357952
1357954
1357967
1358042
1358115
1358118
1358120
1358137
1358152
1358173
1358210
1358226
1358229
1358231
1358255
1358329
1358347
1358352
1358407
1358411
1358426
1358437
1358445
1358519
1358532
1358662
1358668
1358680
1358683
1358684
1358726
1358756
1358852
1358888
1358949
1358990
1358999
1359013
1359023
1359099
1359117
1359216
1359340
1359350
1359353
1359373
1359376
1359467
1359482
1359613
1359643
1359671
1359731
1359767
1359771
1359772
1359779
1359790
1359838
1359905
1359910
1359954
1359977
1360045
1360072
1360115
1360217
1360280
1360313
1360469
1360495
1360507
1360612
1360636
1360675
1360679
1360684
1360690
1360771
1360799
1360932
1361057
1361086
1361109
1361115
1361128
1361209
1361249
1361292
1361298
1361342
1361355
1361372
1361397
1361515
1361582
1361599
1361605
1361710
1361717
1361722
1361736
1361740
1361782
1361806
1361925
1361962
1361975
1361982
1362052
1362063
1362123
1362190
1362262
1362266
1362270
1362285
1362288
1362315
1362348
1362352
1362364
1362410
1362414
1362416
1362417
1362419
1362421
1362422
1362425
1362426
1362427
1362472
1362499
1362500
1362506
1362514
1362527
1362538
1362575
1362578
1362738
1362855
1362869
1362905
1362947
1362981
1363000
1363008
1363016
1363020
1363021
1363024
1363027
1363036
1363037
1363058
1363143
1363224
1363235
1363273
1363364
1363383
1363387
1363403
1363435
1363470
1363475
1363479
1363657
1363662
1363688
1363693
1363710
1363776
1363782
1363818
1363927
1363946
1363999
1364022
1364080
1364084
1364096
1364117
1364130
1364173
1364184
1364235
1364300
1364308
1364399
1364407
1364408
1364560
1364607
1364616
1364638
1364671
1364756
1364829
1364835
1364873
1364882
1364893
1364953
1364960
1364963
1364964
1364977
1364980
1365083
1365094
1365095
1365149
1365165
1365168
1365209
1365229
1365293
1365327
1365358
1365369
1365403
1365428
1365453
1365479
1365483
1365487
1365496
1365512
1365516
1365521
1365582
1365584
1365594
1365603
1365605
1365614
1365699
1365725
1365731
1365736
1365740
1365742
1365751
1365794
1365799
1365819
1365822
1365835
1365840
1365843
1365851
1365863
1365876
1365887
1365922
1365940
1365942
1365953
1365973
1365975
1365983
1365986
1365991
1366019
1366025
1366077
1366140
1366142
1366158
1366161
1366165
1366166
1366167
1366171
1366173
1366178
1366180
1366222
1366232
1366236
1366237
1366238
1366242
1366282
1366297
1366327
1366332
1366335
1366342
1366344
1366345
1366373
1366377
1366382
1366445
1366457
1366459
1366502
1366548
1366593
1366597
1366639
1366741
1366746
1366748
1366763
1366802
1366818
1366819
1366822
1366854
1366858
1366860
1366868
1366912
1366917
1366955
1366967
1366973
1366975
1366976
1367043
1367144
1367189
1367245
1367246
1367250
1367277
1367335
1367338
1367382
1367384
1367405
1367441
1367445
1367532
1367551
1367556
1367563
1367579
1367591
1367617
1367652
1367653
1367656
1367693
1367712
1367761
1367763
1367765
1367781
1367792
1367876
1367878
1367884
1367898
1367908
1367922
1367940
1367958
1368039
1368044
1368089
1368107
1368114
1368125
1368213
1368241
1368245
1368250
1368252
1368257
1368259
1368261
1368264
1368268
1368270
1368274
1368279
1368313
1368314
1368441
1368443
1368472
1368486
1368492
1368495
1368517
1368520
1368536
1368569
1368621
1368702
1368769
1368854
1368876
1368940
1368953
1368954
1368972
1369051
1369074
1369099
1369137
1369175
1369182
1369198
1369226
1369298
1369316
1369348
1369368
1369397
1369414
1369427
1369432
1369467
1369472
1369482
1369522
1369581
1369618
1369726
1369739
1369744
1369745
1369749
1369765
1369785
1369816
1369828
1369835
1369837
1369844
1369852
1369942
1369985
1369987
1369988
1369991
1369992
1370047
1370087
1370127
1370145
1370231
1370236
1370376
1370424
1370429
1370430
1370478
1370618
1370740
1370782
1370862
1370870
1370918
1370944
1370951
1370980
1371010
1371033
1371039
1371044
1371096
1371129
1371158
1371172
1371227
1371256
1371267
1371272
1371278
1371281
1371282
1371327
1371328
1371333
1371335
1371340
1371357
1371360
1371364
1371406
1371431
1371510
1371534
1371628
1371635
1371636
1371641
1371643
1371646
1371650
1371654
1371759
1371762
1371770
1371781
1371804
1371810
1371812
1371815
1371818
1371819
1371820
1371829
1371837
1371840
1371850
1371856
1371857
1371858
1371874
1371909
1371935
1371948
1371999
1372001
1372003
1372005
1372013
1372016
1372026
1372031
1372102
1372145
1372160
1372196
1372210
1372260
1372292
1372432
1372435
1372458
1372462
1372481
1372524
1372542
1372605
1372620
1372629
1372645
1372678
1372687
1372692
1372745
1372747
1372793
1372797
1372799
1372853
1372908
1372917
1372947
1372953
1372963
1372967
1372978
1373004
1373016
1373078
1373102
1373122
1373173
1373198
1373377
1373402
1373409
1373434
1373445
1373461
1373509
1373542
1373716
1373722
1373760
1373780
1373849
1373854
1373876
1373915
1373921
1373933
1373957
1373982
1373985
1374051
1374061
1374096
1374127
1374157
1374294
1374351
1374353
1374356
1374357
1374358
1374361
1374373
1374386
1374389
1374412
1374454
1374469
1374481
1374490
1374493
1374509
1374517
1374532
1374550
1374642
1374645
1374672
1374678
1374767
1374769
1374770
1374774
1374791
1374804
1374924
1374929
1374936
1374940
1374951
1374990
1375072
1375092
1375109
1375123
1375136
1375151
1375161
1375163
1375165
1375224
1375226
1375236
1375238
1375382
1375394
1375402
1375458
1375462
1375482
1375486
1375488
1375491
1375560
1375581
1375587
1375590
1375609
1375612
1375696
1375706
1375708
1375711
1375715
1375716
1375718
1375720
1375722
1375729
1375731
1375736
1375762
1375770
1375799
1375831
1375840
1375848
1375895
1375903
1375908
1375975
1375985
1375989
1375995
1375999
1376004
1376006
1376010
1376011
1376013
1376018
1376048
1376132
1376188
1376224
1376233
1376237
1376355
1376362
1376363
1376367
1376369
1376391
1376396
1376400
1376403
1376404
1376405
1376409
1376413
1376418
1376419
1376423
1376425
1376435
1376442
1376443
1376445
1376488
1376504
1376545
1376557
1376621
1376636
1376661
1376664
1376667
1376668
1376677
1376688
1376715
1376748
1376788
1376833
1376884
1376925
1376965
1376980
1377028
1377042
1377070
1377175
1377197
1377262
1377310
1377311
1377314
1377333
1377413
1377490
1377505
1377573
1377607
1377629
1377640
1377654
1377655
1377658
1377663
1377665
1377670
1377688
1377722
1377726
1377754
1377755
1377785
1377925
1377969
1378014
1378053
1378068
1378130
1378138
1378341
1378344
1378411
1378417
1378428
1378478
1378531
1378553
1378621
1378645
1378695
1378736
1378771
1378781
1378793
1378854
1378886
1378917
1378965
1378972
1378988
1378997
1379005
1379039
1379057
1379062
1379077
1379079
1379113
1379243
1379249
1379261
1379290
1379372
1379393
1379480
1379486
1379495
1379497
1379526
1379538
1379557
1379578
1379602
1379606
1379608
1379656
1379670
1379693
1379697
1379699
1379701
1379708
1379716
1379718
1379731
1379737
1379742
1379745
1379791
1379879
1379940
1379959
1379961
1379976
1380055
1380085
1380088
1380130
1380163
1380210
1380214
1380269
1380279
1380283
1380295
1380305
1380307
1380308
1380419
1380423
1380425
1380427
1380433
1380460
1380463
1380468
1380496
1380499
1380510
1380519
1380545
1380585
1380632
1380679
1380697
1380718
1380730
1380752
1380774
1380800
1380807
1380827
1380828
1380845
1380850
1380868
1380879
1380887
1380899
1380907
1380989
1381002
1381012
1381049
1381073
1381087
1381120
1381139
1381143
1381206
1381216
1381217
1381222
1381225
1381232
1381244
1381250
1381299
1381317
1381320
1381323
1381334
1381345
1381413
1381446
1381455
1381460
1381465
1381477
1381519
1381579
1381588
1381642
1381645
1381648
1381656
1381660
1381669
1381671
1381677
1381698
1381700
1381703
1381711
1381717
1381720
1381725
1381764
1381795
1381847
1381878
1381879
1381887
1382158
1382209
1382220
1382221
1382259
1382272
1382296
1382321
1382331
1382363
1382553
1382583
1382605
1382609
1382632
1382725
1382734
1382798
1382802
1382804
1382832
1382837
1382873
1382875
1382884
1382888
1382895
1382901
1382902
1382912
1382927
1382929
1382946
1383100
1383178
1383190
1383192
1383197
1383207
1383208
1383215
1383223
1383233
1383259
1383270
1383294
1383303
1383321
1383322
1383327
1383330
1383337
1383345
1383346
1383348
1383351
1383353
1383354
1383362
1383383
1383419
1383427
1383430
1383437
1383467
1383535
1383557
1383606
1383612
1383627
1383631
1383632
1383671
1383673
1383676
1383683
1383795
1383806
1383813
1383816
1383830
1383832
1383834
1383841
1383843
1383845
1383866
1383868
1383955
1383991
1384040
1384099
1384120
1384123
1384128
1384133
1384139
1384140
1384141
1384145
1384180
1384202
1384206
1384235
1384289
1384293
1384299
1384302
1384310
1384319
1384323
1384336
1384345
1384377
1384441
1384504
1384604
1384607
1384608
1384609
1384610
1384612
1384613
1384614
1384623
1384653
1384655
1384681
1384751
1384798
1384870
1384912
1385139
1385143
1385146
1385156
1385169
1385201
1385231
1385312
1385322
1385379
1385389
1385663
1385721
1385756
1385796
1385803
1385818
1385821
1385830
1385897
1385913
1385925
1385966
1386039
1386111
1386246
1386247
1386411
1386433
1386490
1386493
1386507
1386598
1386610
1386734
1386769
1386827
1386836
1386922
1386931
1386946
1386947
1387011
1387023
1387121
1387146
1387265
1387450
1387580
1387581
1387599
1387617
1387642
1387679
1387690
1387700
1387716
1387762
1387860
1387879
1387887
1387918
1387945
1387955
1387970
1387979
1387980
1388009
1388030
1388046
1388050
1388129
1388224
1388284
1388300
1388302
1388303
1388310
1388324
1388336
1388366
1388439
1388443
1388447
1388513
1388524
1388529
1388542
1388574
1388580
1388583
1388588
1388590
1388591
1388595
1388599
1388615
1388771
1388779
1388808
1388824
1388871
1388873
1388894
1388969
1388988
1388989
1389009
1389032
1389107
1389295
1389306
1389316
1389323
1389362
1389502
1389508
1389514
1389525
1389539
1389540
1389585
1389655
1389673
1389731
1389739
1389763
1389772
1389792
1389796
1389852
1389856
1389861
1389881
1389893
1389906
1389945
1389998
1390022
1390168
1390171
1390227
1390237
1390252
1390299
1390390
1390417
1390454
1390482
1390485
1390495
1390497
1390520
1390555
1390583
1390591
1390675
1390748
1390819
1390826
1390841
1390906
1390910
1390934
1390936
1390975
1390977
1390980
1390983
1390997
1391103
1391118
1391133
1391156
1391164
1391182
1391183
1391185
1391255
1391275
1391328
1391355
1391456
1391464
1391478
1391511
1391551
1391648
1391650
1391659
1391690
1391693
1391707
1391780
1391793
1391803
1391817
1391838
1391841
1391847
1391899
1391915
1391923
1391927
1391930
1391936
1391939
1392145
1392146
1392180
1392235
1392296
1392392
1392426
1392522
1392630
1392690
1392702
1392712
1392833
1392852
1392898
1392930
1392934
1393056
1393225
1393251
1393344
1393382
1393395
1393398
1393429
1393449
1393557
1393564
1393569
1393570
1393601
1393614
1393631
1393652
1393798
1393803
1393804
1393874
1393898
1393929
1393930
1393942
1394061
1394063
1394066
1394147
1394178
1394213
1394227
1394262
1394330
1394336
1394340
1394349
1394394
1394469
1394524
1394530
1394555
1394559
1394562
1394591
1394697
1394709
1394724
1394730
1394825
1394846
1394892
1394896
1394897
1395006
1395032
1395041
1395068
1395087
1395170
1395211
1395243
1395245
1395341
1395378
1395413
1395424
1395426
1395464
1395551
1395649
1395653
1395656
1395668
1395697
1395714
1395736
1395739
1395815
1395824
1395949
1395988
1395994
1396014
1396038
1396050
1396064
1396068
1396080
1396101
1396113
1396159
1396266
1396341
1396343
1396390
1396393
1396448
1396462
1396467
1396471
1396535
1396539
1396558
1396566
1396581
1396619
1396632
1396635
1396682
1396687
1396698
1396726
1396801
1396819
1396873
1396877
1396896
1396909
1396916
1396928
1397034
1397092
1397111
1397120
1397155
1397180
1397188
1397220
1397262
1397386
1397440
1397450
1397487
1397492
1397498
1397504
1397506
1397513
1397562
1397589
1397597
1397700
1397729
1397911
1397934
1397989
1397990
1398008
1398009
1398015
1398037
1398053
1398067
1398074
1398104
1398127
1398128
1398146
1398158
1398216
1398217
1398219
1398244
1398285
1398291
1398292
1398309
1398367
1398390
1398395
1398409
1398410
1398414
1398418
1398421
1398497
1398512
1398554
1398564
1398565
1398583
1398591
1398601
1398612
1398616
1398650
1398669
1398709
1398758
1398778
1398787
1398788
1398811
1398841
1398867
1398883
1398884
1398887
1398890
1398903
1398904
1398928
1398943
1399011
1399048
1399072
1399159
1399176
1399208
1399256
1399263
1399272
1399316
1399325
1399351
1399432
1399444
1399457
1399488
1399550
1399559
1399560
1399580
1399589
1399626
1399806
1399822
1399921
1399924
1399926
1399932
1399969
1400000
1400005
1400029
1400039
1400079
1400122
1400163
1400171
1400176
1400178
1400184
1400213
1400228
1400252
1400254
1400274
1400283
1400325
1400384
1400397
1400408
1400445
1400492
1400500
1400544
1400655
1400656
1400672
1400698
1400711
1400719
1400745
1400746
1400761
1400763
1400833
1400837
1400838
1400850
1400869
1400879
1400890
1400927
1400929
1400940
1401024
1401065
1401114
1401158
1401165
1401194
1401200
1401207
1401265
1401357
1401367
1401376
1401415
1401433
1401444
1401453
1401471
1401563
1401579
1401602
1401615
1401657
1401667
1401711
1401722
1401822
1401876
1401887
1401904
1401908
1401939
1401958
1402047
1402192
1402200
1402208
1402213
1402249
1402292
1402295
1402358
1402410
1402503
1402538
1402560
1402674
1402675
1402678
1402687
1402694
1402706
1402741
1402783
1402886
1402887
1402892
1402949
1403029
1403097
1403098
1403180
1403214
1403250
1403256
1403261
1403263
1403272
1403322
1403347
1403434
1403447
1403450
1403461
1403468
1403469
1403471
1403475
1403522
1403559
1403571
1403639
1403764
1403835
1403883
1403907
1404017
1404018
1404089
1404133
1404186
1404194
1404225
1404314
1404325
1404424
1404443
1404535
1404586
1404593
1404615
1404639
1404680
1404713
1404715
1404794
1404966
1404968
1405031
1405033
1405091
1405130
1405140
1405156
1405163
1405182
1405492
1405503
1405510
1405519
1405562
1405586
1405602
1405639
1405651
1405670
1405687
1405688
1405713
1405714
1405737
1405738
1405742
1405803
1405878
1405881
1405980
1406061
1406063
1406081
1406088
1406123
1406127
1406132
1406137
1406155
1406160
1406253
1406269
1406289
1406351
1406356
1406378
1406434
1406465
1406476
1406539
1406584
1406614
1406634
1406754
1406792
1406886
1406905
1406909
1406943
1406987
1407093
1407100
1407278
1407297
1407315
1407342
1407365
1407378
1407426
1407454
1407456
1407496
1407518
1407526
1407530
1407574
1407579
1407582
1407589
1407613
1407616
1407617
1407761
1407778
1407858
1407861
1407884
1407890
1407910
1407922
1407924
1407926
1407999
1408027
1408257
1408324
1408336
1408359
1408365
1408373
1408389
1408446
1408558
1408584
1408614
1408815
1408827
1408832
1408833
1408843
1408844
1408847
1408850
1408854
1408858
1408859
1408861
1408864
1408866
1409027
1409041
1409053
1409069
1409071
1409187
1409213
1409388
1409390
1409423
1409427
1409439
1409460
1409632
1409633
1409782
1409829
1409850
1409867
1409886
1409942
1409955
1410067
1410084
1410094
1410112
1410121
1410243
1410269
1410274
1410280
1410282
1410448
1410622
1410661
1410693
1410727
1410730
1410809
1410879
1410913
1410935
1410962
1411059
1411111
1411152
1411165
1411187
1411189
1411194
1411274
1411353
1411480
1411506
1411512
1411520
1411533
1411588
1411606
1411616
1411766
1411824
1411830
1411855
1411874
1411880
1411929
1412002
1412041
1412090
1412169
1412171
1412210
1412238
1412338
1412405
1412415
1412448
1412515
1412528
1412533
1412547
1412598
1412603
1412610
1412648
1412699
1412761
1412802
1412938
1412940
1412951
1412961
1413003
1413005
1413008
1413035
1413036
1413160
1413172
1413208
1413213
1413323
1413335
1413382
1413448
1413483
1413493
1413504
1413560
1413584
1413725
1413726
1413769
1413793
1413798
1413879
1413892
1413910
1413944
1414040
1414226
1414243
1414304
1414345
1414446
1414450
1414482
1414489
1414537
1414540
1414543
1414577
1414607
1414626
1414628
1414630
1414631
1414632
1414671
1414677
1414714
1414719
1414735
1414749
1414762
1414868
1415064
1415142
1415154
1415228
1415264
1415333
1415396
1415439
1415482
1415505
1415513
1415529
1415574
1415582
1415595
1415622
1415645
1415648
1415664
1415665
1415690
1415731
1415745
1415747
1415752
1415803
1415990
1416036
1416042
1416053
1416054
1416131
1416162
1416176
1416196
1416328
1416517
1416534
1416590
1416612
1416615
1416632
1416672
1416694
1416695
1416707
1416731
1416758
1416944
1416951
1416959
1416976
1416979
1416981
1417030
1417057
1417120
1417136
1417270
1417273
1417417
1417452
1417478
1417490
1417520
1417552
1417554
1417569
1417580
1417605
1417634
1417636
1417676
1417681
1417683
1417685
1417698
1417712
1417714
1417736
1417760
1417904
1417922
1418000
1418047
1418114
1418125
1418169
1418195
1418280
1418289
1418292
1418314
1418444
1418450
1418458
1418570
1418657
1418707
1418710
1418715
1418723
1418725
1418732
1418743
1418749
1418793
1418806
1418864
1418873
1418879
1418978
1418989
1419022
1419069
1419082
1419125
1419142
1419229
1419239
1419247
1419257
1419265
1419267
1419272
1419274
1419296
1419341
1419413
1419440
1419532
1419539
1419544
1419551
1419584
1419643
1419694
1419727
1419733
1419821
1419876
1419942
1420048
1420113
1420130
1420176
1420291
1420331
1420363
1420382
1420387
1420403
1420501
1420593
1420659
1420690
1420695
1420705
1420764
1420765
1420854
1420871
1420874
1420876
1420983
1421042
1421200
1421220
1421324
1421337
1421406
1421496
1421497
1421512
1421551
1421744
1421804
1421831
1421865
1421903
1421926
1422011
1422052
1422096
1422098
1422120
1422215
1422217
1422592
1422688
1422754
1422770
1422848
1422966
1422967
1422972
1422985
1422993
1423034
1423100
1423103
1423107
1423111
1423184
1423191
1423192
1423237
1423459
1423549
1423553
1423577
1423603
1423613
1423701
1423721
1423756
1423775
1423805
1423819
1423964
1423987
1424001
1424002
1424059
1424086
1424130
1424167
1424208
1424245
1424342
1424391
1424618
1424661
1424699
1424738
1424783
1424792
1424817
1424881
1424883
1424906
1424947
1424950
1424954
1424986
1425050
1425192
1425300
1425316
1425323
1425410
1425503
1425504
1425512
1425577
1425728
1425734
1425746
1425874
1425891
1425913
1425960
1425973
1425997
1426029
1426110
1426169
1426284
1426297
1426330
1426356
1426364
1426394
1426427
1426453
1426485
1426561
1426628
1426691
1426822
1426844
1426859
1426880
1426881
1426905
1426909
1426912
1426939
1426950
1426980
1427031
1427046
1427063
1427153
1427180
1427189
1427197
1427223
1427392
1427448
1427458
1427468
1427478
1427504
1427515
1427529
1427537
1427541
1427561
1427647
1427726
1427737
1427738
1427755
1427803
1427863
1427873
1427883
1427899
1427902
1427917
1427968
1427993
1428003
1428060
1428068
1428117
1428121
1428123
1428191
1428221
1428274
1428330
1428428
1428456
1428469
1428514
1428524
1428528
1428571
1428576
1428606
1428683
1428724
1428730
1428766
1428877
1428948
1428968
1428990
1429013
1429104
1429153
1429174
1429181
1429204
1429226
1429242
1429283
1429368
1429429
1429438
1429444
1429448
1429453
1429456
1429620
1429644
1429724
1429763
1429765
1429853
1429862
1429866
1429937
1430077
1430326
1430327
1430332
1430344
1430450
1430527
1430589
1430636
1430638
1430640
1430675
1430698
1430814
1430867
1430892
1430918
1430943
1430974
1430999
1431002
1431039
1431079
1431114
1431247
1431265
1431268
1431276
1431288
1431290
1431298
1431376
1431398
1431406
1431446
1431448
1431471
1431500
1431516
1431539
1431559
1431596
1431844
1431862
1431879
1432050
1432060
1432204
1432232
1432237
1432266
1432291
1432306
1432362
1432395
1432538
1432706
1432720
1432762
1432794
1432813
1432908
1432968
1433015
1433027
1433034
1433108
1433114
1433135
1433235
1433245
1433247
1433258
1433273
1433320
1433354
1433356
1433369
1433411
1433427
1433466
1433493
1433497
1433553
1433569
1433594
1433659
1433670
1433677
1433692
1433722
1433723
1433750
1433802
1433807
1433808
1433811
1433813
1433827
1433836
1433838
1433843
1433847
1433853
1433854
1433855
1433862
1433865
1433872
1433873
1433883
1433889
1433898
1433901
1433906
1433908
1433913
1433923
1433954
1433963
1433965
1433966
1433967
1433985
1434001
1434036
1434064
1434083
1434087
1434162
1434191
1434208
1434267
1434351
1434379
1434383
1434387
1434397
1434418
1434426
1434447
1434449
1434503
1434572
1434583
1434635
1434721
1434776
1434864
1434901
1434913
1434936
1435018
1435103
1435136
1435160
1435172
1435175
1435249
1435259
1435387
1435390
1435401
1435408
1435458
1435461
1435585
1435657
1435716
1435731
1435755
1435802
1435807
1435836
1435878
1435886
1435888
1435889
1435898
1435968
1435971
1435980
1436105
1436136
1436166
1436194
1436210
1436214
1436243
1436264
1436271
1436276
1436295
1436384
1436396
1436427
1436455
1436517
1436559
1436561
1436573
1436609
1436618
1436668
1436678
1436685
1436720
1436797
1436824
1436835
1436914
1436917
1436932
1436937
1436952
1436953
1436970
1436994
1436997
1437004
1437034
1437035
1437092
1437116
1437118
1437147
1437150
1437315
1437414
1437428
1437479
1437546
1437585
1437586
1437589
1437655
1437763
1437808
1437850
1437879
1437941
1437958
1438013
1438016
1438030
1438088
1438128
1438152
1438207
1438278
1438280
1438316
1438319
1438339
1438419
1438453
1438494
1438534
1438708
1438729
1438732
1438745
1438752
1438763
1438886
1439006
1439037
1439061
1439115
1439128
1439145
1439182
1439283
1439354
1439361
1439404
1439432
1439434
1439438
1439453
1439486
1439521
1439523
1439556
1439596
1439604
1439640
1439759
1439773
1439804
1439829
1439851
1439860
1439881
1439882
1439924
1439929
1439949
1439954
1439960
1439963
1439987
1439988
1439989
1439991
1440063
1440087
1440129
1440137
1440194
1440226
1440229
1440246
1440265
1440272
1440278
1440427
1440461
1440516
1440641
1440732
1440822
1440858
1440859
1440905
1440930
1440937
1440979
1440988
1441000
1441003
1441008
1441035
1441131
1441154
1441202
1441219
1441275
1441278
1441280
1441285
1441287
1441305
1441307
1441312
1441348
1441394
1441451
1441456
1441486
1441492
1441513
1441527
1441669
1441718
1441786
1441813
1441873
1441909
1441945
1441963
1441969
1442014
1442070
1442106
1442167
1442361
1442430
1442450
1442570
1442704
1442754
1442761
1442787
1442816
1442818
1442849
1442878
1442912
1442954
1442990
1442992
1442994
1442997
1442999
1443005
1443084
1443087
1443088
1443096
1443124
1443135
1443218
1443228
1443260
1443265
1443276
1443311
1443362
1443485
1443582
1443615
1443654
1443736
1443768
1443832
1443894
1443900
1443948
1443966
1444024
1444068
1444148
1444158
1444172
1444194
1444232
1444381
1444446
1444510
1444547
1444573
1444634
1444683
1444697
1444747
1444774
1444780
1444783
1444800
1444819
1444891
1444924
1444992
1445056
1445058
1445063
1445126
1445130
1445133
1445143
1445148
1445184
1445218
1445246
1445259
1445314
1445430
1445436
1445446
1445456
1445537
1445550
1445559
1445585
1445698
1445777
1445818
1445834
1445945
1445953
1446063
1446212
1446261
1446295
1446416
1446417
1446474
1446485
1446497
1446499
1446508
1446523
1446525
1446676
1446692
1446731
1446762
1446781
1446783
1446790
1446808
1446820
1446895
1446900
1446958
1446995
1447000
1447063
1447217
1447238
1447251
1447277
1447316
1447335
1447398
1447416
1447426
1447427
1447446
1447484
1447506
1447516
1447518
1447526
1447559
1447643
1447805
1447851
1447877
1447925
1448001
1448003
1448063
1448065
1448106
1448123
1448139
1448145
1448174
1448393
1448483
1448600
1448662
1448676
1448812
1448903
1448910
1448938
1448943
1448987
1449059
1449064
1449095
1449117
1449147
1449160
1449204
1449220
1449226
1449280
1449337
1449499
1449632
1449636
1449641
1449744
1449746
1449751
1449771
1449826
1449833
1449972
1450022
1450043
1450053
1450150
1450208
1450236
1450316
1450318
1450322
1450332
1450352
1450355
1450401
1450477
1450509
1450527
1450603
1450605
1450678
1450683
1450704
1450730
1450799
1450806
1450808
1450816
1450861
1450881
1450901
1450940
1450986
1451039
1451050
1451058
1451061
1451098
1451103
1451149
1451156
1451238
1451310
1451311
1451313
1451329
1451359
1451411
1451499
1451524
1451543
1451555
1451570
1451588
1451624
1451695
1451772
1451973
1452027
1452049
1452090
1452117
1452133
1452163
1452171
1452172
1452176
1452179
1452181
1452184
1452248
1452256
1452289
1452523
1452529
1452609
1452656
1452657
1452659
1452662
1452668
1452670
1452725
1452727
1452735
1452767
1452846
1453001
1453109
1453157
1453199
1453245
1453269
1453271
1453328
1453447
1453470
1453488
1453509
1453542
1453554
1453610
1453614
1453644
1453662
1453665
1453705
1453725
1453726
1453729
1453821
1453876
1453879
1453883
1453939
1453941
1453946
1453950
1453953
1453962
1453972
1454032
1454046
1454054
1454074
1454102
1454122
1454186
1454210
1454234
1454292
1454368
1454379
1454424
1454514
1454574
1454601
1454602
1454666
1454667
1454682
1454741
1454757
1454768
1454790
1454797
1454805
1454810
1454834
1454845
1454859
1454873
1454884
1454890
1454898
1455078
1455080
1455092
1455153
1455183
1455191
1455243
1455254
1455264
1455315
1455383
1455589
1455605
1455612
1455624
1455634
1455683
1455723
1455746
1455816
1455870
1455878
1455996
1456078
1456104
1456113
1456124
1456131
1456146
1456224
1456229
1456238
1456255
1456370
1456423
1456428
1456452
1456509
1456566
1456583
1456603
1456658
1456696
1456710
1456730
1456811
1456817
1456865
1456918
1457012
1457099
1457104
1457105
1457131
1457290
1457318
1457320
1457342
1457361
1457400
1457403
1457425
1457622
1457625
1457642
1457700
1457717
1457719
1457768
1457803
1457820
1457845
1457880
1457882
1457885
1457892
1457901
1457908
1457913
1457931
1457932
1457940
1457984
1458059
1458097
1458129
1458134
1458180
1458199
1458222
1458246
1458255
1458257
1458267
1458297
1458309
1458369
1458377
1458387
1458416
1458570
1458602
1458624
1458625
1458702
1458713
1458740
1458855
1458902
1459122
1459137
1459159
1459183
1459218
1459268
1459277
1459306
1459369
1459433
1459478
1459520
1459570
1459576
1459608
1459792
1459802
1459933
1459937
1459950
1460081
1460088
1460134
1460141
1460173
1460265
1460301
1460308
1460354
1460364
1460419
1460565
1460572
1460589
1460641
1460652
1460668
1460689
1460845
1460854
1460905
1460942
1460989
1460994
1461061
1461091
1461141
1461182
1461207
1461211
1461225
1461244
1461275
1461339
1461414
1461425
1461469
1461483
1461562
1461601
1461610
1461628
1461677
1461690
1461745
1461752
1461823
1461968
1461995
1462010
1462042
1462074
1462094
1462104
1462136
1462185
1462224
1462233
1462303
1462380
1462384
1462405
1462450
1462545
1462566
1462629
1462648
1462651
1462657
1462736
1462749
1462861
1462950
1462960
1463017
1463076
1463102
1463113
1463368
1463434
1463469
1463483
1463518
1463552
1463567
1463594
1463617
1463618
1463625
1463631
1463635
1463644
1463649
1463681
1463700
1463833
1463960
1464013
1464126
1464163
1464246
1464283
1464292
1464366
1464392
1464401
1464606
1464610
1464646
1464683
1464750
1464773
1464864
1464927
1464955
1464972
1464992
1465025
1465044
1465074
1465078
1465117
1465119
1465136
1465154
1465155
1465176
1465188
1465259
1465296
1465351
1465516
1465556
1465565
1465594
1465603
1465610
1465639
1465646
1465651
1465673
1465700
1465707
1465811
1465837
1465855
1465857
1465903
1465911
1465917
1465950
1465986
1466169
1466236
1466282
1466326
1466328
1466333
1466345
1466349
1466392
1466456
1466507
1466671
1466677
1466727
1466733
1466734
1466747
1466771
1466796
1466829
1466894
1466943
1467064
1467110
1467238
1467243
1467276
1467288
1467296
1467302
1467328
1467378
1467391
1467408
1467468
1467475
1467476
1467528
1467548
1467563
1467583
1467612
1467633
1467634
1467692
1467821
1467838
1467854
1467916
1467936
1467951
1467997
1468002
1468004
1468017
1468018
1468029
1468107
1468113
1468169
1468298
1468338
1468349
1468351
1468383
1468422
1468435
1468457
1468599
1468604
1468667
1468706
1468749
1468759
1468801
1468820
1468872
1468882
1468922
1468933
1468935
1468983
1469026
1469060
1469177
1469225
1469274
1469342
1469344
1469429
1469440
1469544
1469635
1469684
1469717
1469761
1470031
1470035
1470080
1470126
1470130
1470140
1470178
1470269
1470298
1470309
1470374
1470377
1470414
1470474
1470486
1470561
1470684
1470736
1470772
1470777
1470820
1470829
1470843
1470899
1470910
1470963
1470971
1471091
1471106
1471107
1471132
1471251
1471317
1471333
1471356
1471384
1471385
1471402
1471447
1471475
1471481
1471544
1471546
1471548
1471626
1471737
1471741
1471742
1471805
1471838
1471934
1471938
1471939
1471941
1471947
1471951
1471972
1472024
1472051
1472069
1472089
1472210
1472268
1472341
1472364
1472419
1472421
1472425
1472426
1472449
1472467
1472474
1472510
1472563
1472575
1472678
1472706
1472750
1472775
1472885
1472939
1473004
1473023
1473045
1473055
1473138
1473163
1473210
1473220
1473227
1473274
1473280
1473289
1473290
1473302
1473370
1473376
1473396
1473421
1473425
1473505
1473615
1473639
1473666
1473720
1473755
1473792
1473817
1473878
1473905
1473927
1473934
1473960
1473962
1473976
1474023
1474039
1474054
1474055
1474077
1474086
1474108
1474232
1474233
1474235
1474280
1474319
1474325
1474326
1474412
1474449
1474492
1474511
1474563
1474569
1474617
1474628
1474649
1474670
1474675
1474679
1474695
1474708
1474851
1474862
1474891
1474892
1474895
1474932
1474964
1474972
1475014
1475044
1475045
1475125
1475135
1475181
1475183
1475187
1475195
1475218
1475231
1475241
1475260
1475309
1475443
1475451
1475490
1475511
1475523
1475525
1475570
1475628
1475629
1475636
1475721
1475797
1475831
1475837
1475851
1475891
1475936
1476038
1476042
1476075
1476133
1476171
1476227
1476230
1476237
1476313
1476368
1476370
1476456
1476493
1476585
1476611
1476622
1476657
1476689
1476731
1476740
1476750
1476845
1476851
1476856
1476859
1476873
1476942
1476947
1477128
1477203
1477223
1477246
1477284
1477292
1477310
1477322
1477328
1477352
1477355
1477412
1477431
1477442
1477475
1477476
1477480
1477484
1477491
1477499
1477517
1477580
1477595
1477661
1477673
1477709
1477712
1477728
1477741
1477763
1477803
1477834
1477836
1477846
1477887
1477936
1477953
1477997
1478025
1478046
1478062
1478127
1478145
1478208
1478240
1478251
1478317
1478320
1478328
1478348
1478399
1478423
1478501
1478581
1478593
1478610
1478611
1478683
1478694
1478718
1478811
1478826
1478877
1478883
1478901
1478905
1478908
1478978
1479021
1479025
1479027
1479106
1479127
1479143
1479152
1479157
1479158
1479197
1479202
1479208
1479309
1479319
1479338
1479371
1479459
1479583
1479804
1479836
1479846
1479879
1479922
1480024
1480129
1480140
1480147
1480156
1480165
1480169
1480191
1480207
1480221
1480230
1480243
1480271
1480292
1480301
1480302
1480387
1480494
1480546
1480615
1480617
1480645
1480663
1480674
1480739
1480752
1480785
1480857
1480873
1480927
1480945
1480952
1480960
1481010
1481043
1481083
1481102
1481103
1481128
1481133
1481145
1481149
1481164
1481165
1481203
1481209
1481272
1481284
1481324
1481331
1481343
1481393
1481398
1481520
1481535
1481568
1481603
1481608
1481676
1481687
1481724
1481764
1481793
1481828
1481922
1481943
1481946
1481989
1482070
1482103
1482117
1482214
1482242
1482259
1482288
1482328
1482342
1482368
1482371
1482376
1482378
1482395
1482399
1482418
1482535
1482541
1482542
1482558
1482745
1482800
1482801
1482839
1482906
1482949
1483020
1483032
1483068
1483116
1483133
1483154
1483181
1483207
1483251
1483267
1483276
1483297
1483306
1483385
1483389
1483428
1483461
1483483
1483499
1483559
1483580
1483599
1483605
1483613
1483633
1483644
1483661
1483717
1483743
1483882
1483888
1483898
1483927
1483948
1483949
1483971
1483974
1484037
1484062
1484129
1484131
1484134
1484136
1484162
1484294
1484303
1484338
1484344
1484345
1484350
1484387
1484461
1484490
1484499
1484501
1484513
1484526
1484542
1484625
1484630
1484636
1484638
1484672
1484694
1484716
1484731
1484760
1484783
1484787
1484874
1484960
1484970
1485025
1485067
1485104
1485138
1485145
1485169
1485180
1485193
1485241
1485255
1485282
1485370
1485372
1485379
1485381
1485519
1485535
1485573
1485576
1485594
1485616
1485629
1485821
1485835
1485846
1485886
1485934
1485998
1486071
1486090
1486113
1486256
1486282
1486293
1486302
1486323
1486365
1486392
1486404
1486430
1486551
1486608
1486752
1486819
1486842
1486872
1486952
1487013
1487079
1487122
1487151
1487164
1487189
1487210
1487261
1487267
1487300
1487321
1487333
1487348
1487394
1487416
1487435
1487441
1487445
1487455
1487464
1487469
1487474
1487502
1487547
1487632
1487650
1487658
1487673
1487675
1487685
1487691
1487707
1488016
1488034
1488091
1488228
1488269
1488284
1488291
1488292
1488314
1488360
1488499
1488540
1488560
1488576
1488608
1488691
1488712
1488727
1488735
1488736
1488804
1488854
1488880
1488896
1488903
1488960
1489109
1489114
1489166
1489202
1489261
1489275
1489313
1489345
1489353
1489355
1489362
1489368
1489389
1489407
1489461
1489489
1489505
1489662
1489665
1489681
1489729
1489732
1489733
1489748
1489758
1489824
1489860
1489870
1489898
1489983
1489999
1490000
1490070
1490074
1490113
1490261
1490275
1490341
1490349
1490355
1490464
1490514
1490665
1490728
1490831
1490848
1490959
1490976
1490997
1491011
1491082
1491087
1491093
1491211
1491265
1491273
1491338
1491371
1491373
1491400
1491436
1491618
1491621
1491692
1491756
1491769
1491785
1491897
1491906
1491913
1492028
1492083
1492097
1492149
1492155
1492205
1492217
1492280
1492314
1492318
1492360
1492413
1492566
1492607
1492613
1492616
1492635
1492655
1492676
1492708
1492725
1492769
1492853
1492866
1492870
1492972
1493129
1493182
1493223
1493225
1493290
1493296
1493303
1493306
1493308
1493314
1493317
1493321
1493323
1493343
1493355
1493359
1493388
1493393
1493425
1493460
1493551
1493590
1493598
1493610
1493612
1493616
1493744
1493790
1493831
1493851
1493896
1493908
1493966
1493978
1493990
1494021
1494048
1494060
1494066
1494070
1494100
1494164
1494176
1494221
1494294
1494303
1494424
1494484
1494507
1494605
1494614
1494641
1494716
1494754
1494854
1494945
1495028
1495032
1495039
1495041
1495045
1495050
1495063
1495071
1495115
1495118
1495162
1495300
1495373
1495544
1495590
1495638
1495778
1495779
1495795
1495816
1495884
1495902
1495908
1495933
1495948
1495957
1495971
1496002
1496043
1496128
1496151
1496152
1496153
1496291
1496354
1496388
1496425
1496428
1496459
1496506
1496532
1496542
1496557
1496560
1496656
1496674
1496696
1496707
1496829
1496843
1496959
1496989
1497022
1497029
1497031
1497033
1497128
1497135
1497151
1497160
1497241
1497289
1497301
1497314
1497315
1497351
1497397
1497410
1497549
1497636
1497710
1497730
1497756
1497793
1497801
1497961
1497977
1497979
1498024
1498045
1498070
1498218
1498253
1498255
1498335
1498438
1498452
1498503
1498625
1498741
1498745
1498758
1498761
1498769
1498772
1498777
1498782
1498801
1498811
1498854
1498858
1498864
1498933
1498960
1499007
1499057
1499181
1499186
1499312
1499348
1499363
1499466
1499469
1499555
1499583
1499587
1499590
1499591
1499608
1499612
1499642
1499668
1499675
1499718
1499746
1499747
1499796
1499799
1499821
1499847
1499856
1499860
1499865
1499872
1499873
1499876
1499878
1499885
1499886
1499890
1499898
1499919
1499927
1499992
1500003
1500009
1500111
1500156
1500161
1500166
1500171
1500183
1500187
1500199
1500238
1500243
1500268
1500291
1500292
1500396
1500401
1500442
1500505
1500517
1500610
1500612
1500667
1500692
1500694
1500774
1500788
1500844
1500883
1500890
1500943
1500948
1500975
1500978
1500983
1500993
1501055
1501105
1501206
1501220
1501370
1501397
1501468
1501486
1501498
1501572
1501578
1501600
1501615
1501624
1501632
1501774
1501813
1501838
1501879
1501953
1501961
1501973
1502057
1502079
1502117
1502123
1502215
1502234
1502237
1502240
1502304
1502367
1502371
1502447
1502481
1502488
1502491
1502555
1502596
1502597
1502607
1502619
1502735
1502749
1502775
1502819
1502842
1502885
1502939
1502943
1502985
1502994
1502997
1502998
1503002
1503003
1503152
1503195
1503216
1503227
1503329
1503366
1503383
1503384
1503390
1503399
1503402
1503405
1503420
1503446
1503465
1503486
1503547
1503624
1503631
1503641
1503643
1503667
1503726
1503740
1503778
1503832
1503856
1503900
1503911
1503917
1503923
1503932
1503954
1503957
1503967
1503997
1504054
1504070
1504210
1504291
1504342
1504382
1504484
1504513
1504576
1504588
1504635
1504640
1504643
1504654
1504677
1504683
1504732
1504855
1504881
1504899
1504900
1504913
1504922
1504938
1504945
1504973
1504985
1505005
1505018
1505054
1505058
1505092
1505130
1505147
1505177
1505246
1505252
1505265
1505280
1505288
1505312
1505358
1505363
1505366
1505424
1505432
1505453
1505506
1505508
1505525
1505533
1505536
1505601
1505756
1505766
1505836
1505840
1505902
1505918
1505933
1505948
1505977
1506011
1506034
1506036
1506037
1506039
1506061
1506139
1506168
1506222
1506232
1506269
1506316
1506323
1506384
1506398
1506408
1506461
1506490
1506501
1506545
1506614
1506685
1506692
1506815
1506828
1506835
1506844
1506869
1506916
1506946
1506985
1507000
1507008
1507012
1507076
1507147
1507156
1507229
1507356
1507438
1507474
1507533
1507627
1507638
1507651
1507652
1507717
1507800
1507811
1507843
1507926
1507997
1508057
1508060
1508063
1508066
1508070
1508071
1508073
1508090
1508215
1508252
1508256
1508265
1508394
1508408
1508418
1508455
1508490
1508515
1508534
1508583
1508659
1508830
1508837
1508852
1508865
1508882
1508997
1509006
1509024
1509057
1509120
1509235
1509309
1509351
1509461
1509548
1509567
1509627
1509630
1509671
1509677
1509691
1509765
1509775
1509846
1509985
1509987
1509993
1509997
1510007
1510041
1510209
1510250
1510332
1510338
1510423
1510447
1510552
1510587
1510606
1510609
1510649
1510651
1510652
1510669
1510672
1510675
1510736
1510739
1510745
1510759
1510929
1510951
1510954
1511035
1511046
1511077
1511111
1511163
1511165
1511170
1511273
1511290
1511356
1511397
1511424
1511505
1511511
1511513
1511534
1511564
1511693
1511727
1511789
1511793
1511794
1511801
1511816
1511870
1511873
1511898
1511903
1511906
1511907
1511908
1511911
1511927
1511932
1511946
1512008
1512010
1512013
1512016
1512023
1512024
1512086
1512114
1512221
1512274
1512293
1512346
1512370
1512385
1512432
1512456
1512468
1512492
1512530
1512580
1512581
1512796
1512881
1513016
1513047
1513187
1513307
1513362
1513400
1513474
1513493
1513523
1513607
1513636
1513650
1513707
1513731
1513838
1513897
1513914
1513983
1514026
1514057
1514090
1514108
1514116
1514122
1514166
1514185
1514212
1514238
1514246
1514250
1514338
1514364
1514378
1514422
1514444
1514475
1514492
1514522
1514533
1514557
1514571
1514584
1514587
1514616
1514682
1514715
1514776
1514854
1514859
1514947
1514957
1514962
1515047
1515171
1515285
1515286
1515317
1515408
1515409
1515441
1515495
1515524
1515557
1515590
1515609
1515616
1515617
1515645
1515759
1515808
1515812
1515872
1515879
1515881
1515888
1515907
1515983
1516104
1516261
1516310
1516330
1516367
1516390
1516591
1516619
1516635
1516638
1516692
1516708
1516716
1516717
1516734
1516772
1516807
1516815
1516833
1516880
1516925
1516951
1516994
1517023
1517298
1517352
1517372
1517409
1517531
1517624
1517644
1517708
1517731
1517733
1517753
1517766
1517838
1517847
1517854
1517967
1517992
1518021
1518186
1518221
1518246
1518305
1518306
1518345
1518442
1518452
1518462
1518467
1518506
1518548
1518562
1518572
1518670
1518721
1518862
1518962
1518966
1518992
1519067
1519080
1519087
1519111
1519126
1519141
1519151
1519154
1519163
1519168
1519253
1519383
1519482
1519622
1519647
1519733
1519736
1519851
1520017
1520031
1520033
1520053
1520103
1520112
1520119
1520123
1520142
1520193
1520220
1520232
1520296
1520320
1520349
1520357
1520392
1520453
1520592
1520771
1520919
1520948
1521025
1521069
1521145
1521457
1521514
1521528
1521621
1521854
1522002
1522023
1522027
1522097
1522142
1522163
1522191
1522208
1522353
1522399
1522420
1522450
1522464
1522473
1522505
1522536
1522558
1522612
1522620
1522660
1522705
1522740
1522775
1522779
1522780
1522830
1522832
1522849
1522937
1522940
1523040
1523107
1523141
1523201
1523234
1523260
1523397
1523424
1523512
1523565
1523628
1523930
1523931
1523947
1523973
1524082
1524094
1524107
1524128
1524160
1524314
1524335
1524395
1524396
1524401
1524426
1524454
1524537
1524553
1524593
1524694
1524782
1524837
1524850
1525016
1525046
1525087
1525109
1525175
1525201
1525218
1525255
1525265
1525341
1525465
1525478
1525653
1525703
1525775
1525810
1525857
1525864
1525882
1525909
1525910
1525983
1526162
1526193
1526199
1526204
1526210
1526231
1526268
1526347
1526380
1526383
1526385
1526393
1526409
1526433
1526525
1526555
1526723
1526726
1526741
1526777
1526817
1526818
1526829
1526837
1526847
1526852
1526861
1526900
1526957
1527052
1527063
1527070
1527080
1527157
1527201
1527230
1527253
1527285
1527386
1527421
1527453
1527483
1527629
1527670
1527691
1527711
1527771
1527778
1527789
1527817
1527917
1528009
1528023
1528067
1528082
1528133
1528209
1528292
1528388
1528421
1528436
1528453
1528455
1528532
1528540
1528581
1528603
1528625
1528626
1528660
1528686
1528693
1528697
1528737
1528741
1528755
1528774
1528794
1528841
1529022
1529047
1529051
1529067
1529070
1529135
1529151
1529179
1529189
1529195
1529205
1529259
1529266
1529322
1529339
1529393
1529520
1529524
1529527
1529529
1529531
1529533
1529534
1529537
1529540
1529544
1529546
1529547
1529604
1529610
1529635
1529699
1529709
1529716
1529792
1529805
1529808
1529809
1529833
1529836
1529850
1529906
1530058
1530079
1530111
1530127
1530129
1530130
1530150
1530207
1530260
1530263
1530317
1530344
1530394
1530405
1530640
1530652
1530692
1530695
1530696
1530767
1530814
1530900
1530905
1530929
1530932
1531037
1531049
1531102
1531145
1531161
1531186
1531191
1531210
1531212
1531223
1531265
1531288
1531388
1531439
1531567
1531589
1531635
1531709
1531716
1531811
1531861
1531928
1531940
1532032
1532053
1532111
1532217
1532277
1532283
1532368
1532404
1532406
1532409
1532410
1532427
1532438
1532439
1532459
1532476
1532507
1532587
1532604
1532625
1532635
1532667
1532688
1532689
1532703
1532765
1532785
1532800
1532805
1532810
1532818
1532877
1532880
1532885
1532895
1532899
1532903
1532906
1532908
1532909
1532922
1532997
1533042
1533044
1533077
1533086
1533087
1533110
1533117
1533135
1533137
1533140
1533172
1533197
1533199
1533249
1533250
1533253
1533266
1533277
1533359
1533362
1533471
1533491
1533525
1533530
1533534
1533549
1533551
1533562
1533563
1533564
1533578
1533611
1533639
1533640
1533647
1533658
1533699
1533720
1533792
1533793
1534061
1534063
1534089
1534100
1534111
1534164
1534280
1534281
1534284
1534319
1534324
1534340
1534506
1534507
1534508
1534510
1534512
1534516
1534519
1534580
1534627
1534641
1534664
1534706
1534787
1534789
1534800
1534841
1534873
1535021
1535027
1535097
1535103
1535118
1535136
1535192
1535193
1535230
1535303
1535311
1535344
1535429
1535613
1535650
1535696
1535720
1535799
1535813
1535863
1535870
1535981
1536034
1536129
1536233
1536261
1536266
1536299
1536351
1536383
1536432
1536445
1536463
1536465
1536528
1536533
1536535
1536556
1536608
1536663
1536702
1536741
1536756
1536757
1536773
1536842
1536850
1536869
1536882
1536933
1536940
1537026
1537039
1537043
1537090
1537153
1537268
1537286
1537344
1537430
1537440
1537486
1537554
1537576
1537609
1537617
1537642
1537650
1537654
1537659
1537673
1537701
1537732
1537810
1537812
1537863
1538109
1538112
1538133
1538195
1538206
1538218
1538264
1538323
1538434
1538537
1538581
1538584
1538688
1538696
1538705
1538709
1538712
1538765
1538774
1538806
1538824
1538898
1538946
1539007
1539009
1539020
1539058
1539137
1539153
1539159
1539177
1539225
1539249
1539251
1539252
1539300
1539330
1539381
1539645
1539665
1539705
1539708
1539764
1539797
1539990
1540003
1540050
1540052
1540152
1540162
1540310
1540349
1540365
1540415
1540503
1540522
1540544
1540546
1540579
1540594
1540629
1540652
1540678
1540870
1540888
1540936
1540956
1540960
1541041
1541046
1541129
1541132
1541134
1541161
1541192
1541212
1541265
1541272
1541273
1541304
1541330
1541383
1541394
1541406
1541422
1541432
1541524
1541563
1541621
1541633
1541644
1541660
1541668
1541672
1541686
1541715
1541733
1541944
1541949
1542005
1542028
1542065
1542068
1542160
1542164
1542165
1542199
1542207
1542217
1542220
1542228
1542240
1542246
1542307
1542470
1542521
1542531
1542603
1542607
1542614
1542654
1542655
1542675
1542677
1542706
1542720
1542756
1542760
1543002
1543054
1543082
1543086
1543171
1543196
1543273
1543453
1543541
1543557
1543637
1543742
1543765
1543791
1543795
1543799
1543802
1543818
1543939
1543942
1543944
1544035
1544073
1544122
1544159
1544162
1544201
1544212
1544261
1544264
1544279
1544294
1544295
1544300
1544374
1544394
1544396
1544418
1544428
1544453
1544463
1544481
1544577
1544656
1544714
1544754
1544818
1544900
1544948
1544955
1544970
1545044
1545065
1545105
1545161
1545203
1545239
1545243
1545244
1545251
1545288
1545304
1545310
1545469
1545484
1545500
1545545
1545564
1545570
1545634
1545645
1545657
1545668
1545706
1545736
1545746
1545749
1545750
1545792
1545798
1545812
1545855
1545916
1545973
1545989
1546016
1546018
1546022
1546084
1546091
1546093
1546102
1546106
1546115
1546170
1546216
1546307
1546390
1546391
1546399
1546430
1546530
1546574
1546617
1546630
1546684
1546692
1546709
1546736
1546924
1546937
1546947
1546998
1547083
1547085
1547088
1547144
1547159
1547166
1547178
1547312
1547367
1547446
1547453
1547484
1547491
1547498
1547508
1547511
1547520
1547524
1547525
1547526
1547527
1547602
1547639
1547725
1547751
1547762
1547774
1547957
1548094
1548120
1548128
1548155
1548178
1548188
1548193
1548215
1548300
1548308
1548421
1548433
1548488
1548511
1548514
1548527
1548535
1548558
1548585
1548619
1548647
1548658
1548700
1548705
1548711
1548774
1548780
1548793
1548816
1548817
1548882
1548943
1548951
1549004
1549019
1549031
1549041
1549071
1549075
1549081
1549085
1549086
1549091
1549110
1549167
1549255
1549265
1549268
1549340
1549545
1549556
1549629
1549644
1549655
1549668
1549730
1549799
1549825
1549840
1549856
1549857
1549895
1549918
1549963
1550004
1550050
1550083
1550088
1550197
1550238
1550247
1550319
1550335
1550388
1550486
1550505
1550537
1550557
1550653
1550664
1550676
1550772
1550778
1550822
1550868
1550963
1551003
1551021
1551063
1551127
1551139
1551150
1551281
1551385
1551396
1551417
1551496
1551563
1551589
1551635
1551697
1551756
1551775
1551786
1551829
1551887
1551952
1551954
1551957
1552050
1552169
1552234
1552241
1552279
1552284
1552287
1552305
1552315
1552325
1552378
1552393
1552483
1552509
1552525
1552554
1552668
1552698
1552703
1552760
1552806
1552840
1552891
1552897
1552927
1553123
1553167
1553221
1553275
1553281
1553283
1553284
1553291
1553375
1553392
1553398
1553426
1553456
1553496
1553513
1553516
1553525
1553597
1553677
1553721
1553731
1553758
1553772
1553787
1553799
1553816
1553854
1553878
1553944
1553971
1554179
1554205
1554248
1554385
1554390
1554394
1554397
1554419
1554431
1554449
1554480
1554514
1554541
1554565
1554615
1554638
1554640
1554834
1554844
1554853
1554860
1554886
1554924
1554926
1554959
1554990
1555017
1555022
1555023
1555055
1555096
1555101
1555104
1555167
1555172
1555177
1555179
1555227
1555358
1555420
1555423
1555428
1555478
1555526
1555576
1555587
1555616
1555718
1555833
1555854
1555955
1556055
1556063
1556094
1556121
1556157
1556191
1556247
1556261
1556277
1556284
1556297
1556300
1556417
1556452
1556464
1556596
1556605
1556631
1556645
1556666
1556768
1556780
1556959
1557020
1557056
1557097
1557115
1557132
1557140
1557143
1557147
1557148
1557152
1557155
1557165
1557171
1557174
1557177
1557180
1557189
1557194
1557203
1557206
1557208
1557213
1557235
1557330
1557338
1557341
1557350
1557541
1557557
1557562
1557565
1557568
1557571
1557588
1557589
1557694
1557702
1557819
1557852
1557878
1557882
1557913
1557995
1558000
1558025
1558044
1558088
1558100
1558103
1558114
1558121
1558134
1558157
1558164
1558168
1558184
1558218
1558240
1558260
1558263
1558271
1558326
1558369
1558378
1558386
1558405
1558416
1558506
1558614
1558682
1558705
1558839
1558899
1558905
1558925
1558940
1558944
1558950
1558954
1558955
1558960
1559044
1559086
1559104
1559160
1559172
1559361
1559370
1559393
1559469
1559512
1559586
1559593
1559628
1559632
1559637
1559738
1559739
1559771
1559805
1559827
1559864
1559878
1559885
1559898
1559906
1559917
1559939
1559958
1559960
1559986
1560024
1560027
1560029
1560057
1560064
1560072
1560087
1560102
1560202
1560264
1560425
1560448
1560511
1560573
1560580
1560588
1560596
1560599
1560605
1560608
1560610
1560615
1560616
1560619
1560640
1560650
1560756
1560759
1560781
1560837
1560926
1560947
1561000
1561032
1561034
1561035
1561046
1561066
1561067
1561086
1561101
1561110
1561159
1561289
1561316
1561327
1561329
1561412
1561413
1561415
1561417
1561418
1561449
1561458
1561466
1561558
1561563
1561575
1561597
1561645
1561725
1561836
1561850
1561909
1561962
1562012
1562073
1562076
1562140
1562146
1562168
1562169
1562177
1562178
1562195
1562243
1562254
1562272
1562459
1562478
1562591
1562593
1562597
1562658
1562687
1562702
1562720
1562764
1562780
1562792
1562795
1562942
1562953
1562959
1563070
1563080
1563102
1563144
1563145
1563180
1563184
1563276
1563291
1563362
1563384
1563492
1563506
1563541
1563593
1563636
1563653
1563686
1563705
1563709
1563818
1563886
1563936
1564011
1564019
1564035
1564044
1564099
1564252
1564349
1564353
1564376
1564389
1564449
1564458
1564463
1564494
1564499
1564500
1564501
1564504
1564505
1564508
1564509
1564573
1564582
1564594
1564614
1564641
1564688
1564695
1564735
1564795
1564820
1564836
1564848
1564878
1564918
1564921
1564952
1564985
1564988
1565024
1565045
1565047
1565049
1565051
1565052
1565055
1565056
1565057
1565060
1565061
1565062
1565063
1565068
1565071
1565079
1565084
1565089
1565090
1565091
1565094
1565104
1565107
1565163
1565218
1565221
1565248
1565265
1565383
1565413
1565427
1565447
1565462
1565472
1565477
1565487
1565495
1565501
1565541
1565546
1565564
1565580
1565582
1565722
1565732
1565756
1565783
1565823
1565853
1565876
1565877
1565893
1565944
1565945
1565948
1565949
1565951
1565960
1565981
1565990
1566001
1566017
1566021
1566023
1566062
1566150
1566194
1566212
1566231
1566281
1566328
1566344
1566379
1566402
1566416
1566483
1566488
1566493
1566522
1566551
1566567
1566570
1566581
1566601
1566603
1566611
1566642
1566660
1566667
1566742
1566810
1566850
1566851
1566873
1566924
1566928
1566954
1566968
1566981
1566999
1567013
1567014
1567025
1567027
1567046
1567048
1567076
1567143
1567181
1567192
1567199
1567252
1567275
1567299
1567361
1567419
1567473
1567476
1567578
1567588
1567594
1567607
1567671
1567707
1567770
1567776
1567782
1567792
1567813
1567818
1567840
1567861
1567887
1567891
1567904
1567920
1567924
1567933
1568056
1568067
1568089
1568135
1568210
1568254
1568257
1568334
1568339
1568348
1568410
1568421
1568423
1568436
1568451
1568454
1568561
1568579
1568649
1568666
1568729
1568733
1568832
1568835
1568856
1568913
1568988
1568997
1569012
1569014
1569042
1569099
1569153
1569175
1569194
1569217
1569284
1569299
1569306
1569312
1569333
1569349
1569377
1569454
1569463
1569464
1569475
1569488
1569494
1569617
1569660
1569675
1569719
1569796
1569829
1569885
1569888
1569912
1569923
1569933
1569940
1569944
1569947
1569954
1569957
1569993
1570005
1570063
1570075
1570079
1570083
1570086
1570088
1570106
1570123
1570128
1570174
1570180
1570185
1570187
1570311
1570371
1570376
1570408
1570431
1570458
1570466
1570473
1570504
1570515
1570585
1570622
1570630
1570644
1570651
1570654
1570670
1570679
1570683
1570724
1570767
1570810
1570812
1570819
1570831
1570837
1570839
1570887
1570918
1570946
1570983
1570993
1571124
1571137
1571151
1571171
1571231
1571236
1571243
1571251
1571252
1571254
1571265
1571286
1571288
1571290
1571305
1571367
1571412
1571445
1571453
1571460
1571466
1571527
1571590
1571607
1571614
1571660
1571689
1571692
1571696
1571698
1571701
1571705
1571706
1571731
1571735
1571742
1571749
1571765
1571773
1571850
1571851
1571876
1571885
1571890
1571896
1571900
1571903
1571907
1571909
1571911
1571912
1571925
1571927
1571929
1571930
1571931
1571933
1571934
1571937
1571938
1571944
1571947
1571948
1571950
1571951
1571952
1571954
1571960
1571963
1571969
1571983
1572012
1572052
1572064
1572065
1572067
1572073
1572075
1572077
1572119
1572163
1572169
1572235
1572275
1572316
1572353
1572388
1572404
1572483
1572497
1572533
1572542
1572580
1572581
1572582
1572583
1572679
1572752
1572782
1572899
1572932
1572936
1572968
1572996
1573023
1573026
1573028
1573054
1573074
1573119
1573153
1573154
1573162
1573191
1573236
1573354
1573390
1573402
1573408
1573490
1573537
1573594
1573673
1573704
1573715
1573717
1573730
1573740
1573743
1573756
1573757
1573775
1573785
1573791
1573822
1573851
1573854
1573908
1573917
1573922
1573929
1573971
1574002
1574059
1574060
1574087
1574121
1574156
1574189
1574214
1574215
1574254
1574274
1574283
1574424
1574428
1574555
1574705
1574730
1574741
1574763
1574809
1574811
1574846
1574879
1574979
1575007
1575013
1575025
1575036
1575038
1575046
1575083
1575093
1575124
1575309
1575321
1575350
1575401
1575406
1575410
1575411
1575452
1575462
1575465
1575490
1575491
1575497
1575513
1575519
1575534
1575539
1575542
1575620
1575639
1575642
1575647
1575788
1575807
1575847
1575865
1575908
1575911
1575970
1575984
1575988
1575990
1575995
1575998
1576033
1576054
1576074
1576111
1576386
1576546
1576549
1576660
1576678
1576685
1576729
1576844
1576887
1576932
1577007
1577040
1577183
1577295
1577308
1577317
1577323
1577345
1577473
1577501
1577697
1577765
1577795
1577796
1577821
1577831
1577871
1577879
1577945
1577964
1578008
1578019
1578056
1578059
1578071
1578088
1578101
1578209
1578317
1578319
1578356
1578416
1578424
1578429
1578458
1578489
1578506
1578534
1578565
1578608
1578643
1578645
1578655
1578660
1578751
1578884
1578897
1578918
1578940
1578954
1579010
1579056
1579076
1579120
1579134
1579156
1579163
1579168
1579198
1579212
1579215
1579241
1579271
1579276
1579282
1579288
1579361
1579419
1579431
1579434
1579519
1579559
1579569
1579570
1579593
1579598
1579611
1579625
1579652
1579657
1579691
1579694
1579715
1579758
1579796
1579808
1579824
1579830
1579853
1579877
1579880
1580070
1580120
1580138
1580280
1580359
1580391
1580394
1580421
1580424
1580472
1580490
1580496
1580503
1580589
1580597
1580649
1580667
1580680
1580685
1580812
1580912
1580951
1580966
1580993
1581084
1581184
1581218
1581378
1581397
1581411
1581471
1581555
1581589
1581602
1581988
1582037
1582142
1582188
1582207
1582238
1582251
1582280
1582339
1582386
1582437
1582621
1582678
1582750
1582836
1582842
1582908
1582928
1582943
1583138
1583164
1583174
1583207
1583220
1583235
1583250
1583279
1583360
1583486
1583539
1583573
1583609
1583765
1583798
1583838
1583879
1584001
1584015
1584032
1584033
1584039
1584068
1584091
1584155
1584167
1584202
1584211
1584239
1584267
1584408
1584480
1584483
1584509
1584511
1584559
1584584
1584673
1584675
1584785
1585057
1585180
1585223
1585405
1585408
1585594
1585666
1585709
1585758
1585763
1585772
1585906
1585921
1586019
1586062
1586264
1586299
1586300
1586375
1586421
1586441
1586461
1586465
1586673
1586794
1586823
1586870
1586888
1586893
1586941
1586962
1586966
1586968
1586969
1586975
1586983
1587010
1587090
1587100
1587107
1587131
1587188
1587378
1587422
1587547
1587613
1587630
1587651
1587671
1587674
1587702
1588064
1588097
1588099
1588101
1588153
1588161
1588197
1588207
1588256
1588271
1588296
1588364
1588396
1588427
1588432
1588480
1588483
1588493
1588744
1588750
1588806
1588809
1588870
1588892
1589083
1589334
1589348
1589423
1589520
1589530
1589579
1589656
1589694
1589722
1589782
1589786
1589787
1589874
1589890
1589894
1589913
1589919
1589968
1589996
1590067
1590070
1590102
1590109
1590116
1590122
1590133
1590143
1590154
1590253
1590271
1590432
1590502
1590554
1590562
1590690
1590726
1590739
1590861
1590916
1590957
1590984
1590988
1591046
1591058
1591083
1591121
1591126
1591150
1591157
1591158
1591184
1591263
1591272
1591276
1591289
1591328
1591386
1591392
1591515
1591582
1591621
1591741
1591831
1591847
1591884
1591893
1591965
1591991
1592009
1592085
1592212
1592257
1592312
1592338
1592395
1592429
1592452
1592463
1592491
1592560
1592589
1592702
1592780
1592781
1592985
1592995
1593002
1593030
1593054
1593094
1593095
1593102
1593109
1593122
1593143
1593144
1593146
1593205
1593262
1593270
1593349
1593354
1593552
1593561
1593613
1593645
1593656
1593663
1593729
1593740
1593743
1593794
1593870
1593913
1593932
1593962
1594257
1594278
1594286
1594321
1594350
1594386
1594432
1594451
1594478
1594487
1594562
1594623
1594627
1594651
1594678
1594701
1594713
1594719
1594839
1594840
1594891
1594896
1594900
1594902
1594922
1595050
1595058
1595111
1595112
1595128
1595149
1595157
1595158
1595174
1595194
1595271
1595325
1595359
1595365
1595368
1595421
1595452
1595544
1595668
1595679
1595695
1595706
1595745
1595759
1595818
1595837
1595875
1595886
1595914
1595916
1595929
1595934
1595961
1596208
1596241
1596274
1596301
1596403
1596410
1596448
1596482
1596484
1596515
1596558
1596581
1596781
1596794
1596871
1596939
1597020
1597033
1597082
1597135
1597138
1597154
1597269
1597270
1597361
1597395
1597429
1597439
1597454
1597529
1597557
1597573
1597607
1597634
1597653
1597656
1597702
1597803
1597906
1597907
1597914
1597984
1598079
1598082
1598093
1598211
1598217
1598241
1598247
1598286
1598346
1598383
1598448
1598472
1598479
1598484
1598485
1598574
1598634
1598797
1598802
1598804
1598827
1598832
1598981
1598989
1598998
1599021
1599031
1599129
1599181
1599188
1599193
1599213
1599257
1599392
1599426
1599447
1599463
1599478
1599507
1599541
1599566
1599571
1599958
1599978
1599999
1600006
1600011
1600063
1600076
1600135
1600145
1600147
1600149
1600174
1600176
1600278
1600394
1600398
1600472
1600527
1600609
1600626
1600671
1600677
1600679
1600681
1600685
1600770
1600896
1600910
1600970
1600989
1600990
1601038
1601103
1601123
1601156
1601167
1601242
1601478
1601565
1601571
1601572
1601605
1601641
1601645
1601647
1601648
1601656
1601660
1601708
1601720
1601779
1601793
1601832
1601848
1601881
1601948
1601975
1601981
1602032
1602078
1602079
1602121
1602153
1602163
1602259
1602267
1602300
1602351
1602352
1602483
1602487
1602499
1602506
1602540
1602549
1602567
1602570
1602577
1602699
1602715
1602752
1602806
1602820
1602995
1603088
1603162
1603168
1603217
1603318
1603354
1603397
1603468
1603584
1603596
1603610
1603615
1603772
1603781
1603932
1604011
1604013
1604026
1604034
1604102
1604261
1604367
1604474
1604528
1604550
1604555
1604613
1604674
1604690
1604889
1605015
1605022
1605028
1605047
1605094
1605114
1605133
1605150
1605171
1605180
1605202
1605305
1605429
1605511
1605614
1605727
1605730
1605744
1605751
1605770
1605787
1605817
1605900
1605903
1605985
1606009
1606192
1606233
1606285
1606318
1606345
1606352
1606461
1606669
1606790
1606791
1606871
1606889
1606937
1606966
1606969
1606978
1607003
1607008
1607017
1607134
1607139
1607146
1607149
1607151
1607160
1607468
1607507
1607622
1607698
1607722
1607760
1608046
1608072
1608097
1608100
1608113
1608192
1608200
1608213
1608237
1608435
1608437
1608594
1608692
1608695
1608713
1608714
1608753
1608758
1608761
1608831
1608848
1608860
1608877
1608907
1608914
1608925
1608998
1609083
1609134
1609148
1609153
1609222
1609290
1609311
1609333
1609447
1609454
1609509
1609544
1609576
1609627
1609629
1609732
1609838
1609844
1609858
1609874
1609876
1609914
1609975
1609987
1610067
1610073
1610088
1610090
1610099
1610299
1610337
1610404
1610418
1610460
1610463
1610541
1610581
1610597
1610703
1610718
1610733
1610745
1610752
1610761
1610805
1610839
1610847
1610859
1610863
1610883
1611041
1611230
1611334
1611348
1611583
1611600
1611615
1611636
1611727
1611738
1611752
1611783
1611831
1611845
1611856
1611861
1611872
1611932
1611977
1612048
1612099
1612239
1612291
1612347
1612362
1612365
1612376
1612415
1612417
1612432
1612434
1612472
1612509
1612522
1612537
1612586
1612629
1612825
1612889
1612923
1612973
1612991
1613002
1613013
1613024
1613031
1613037
1613059
1613089
1613112
1613131
1613145
1613155
1613164
1613195
1613204
1613210
1613227
1613246
1613248
1613258
1613279
1613360
1613533
1613542
1613690
1613779
1613785
1613790
1613813
1613824
1613876
1614074
1614101
1614205
1614208
1614214
1614216
1614343
1614593
1614854
1614869
1614883
1614892
1614906
1614917
1614939
1614942
1614959
1615290
1615343
1615350
1615356
1615364
1615470
1615504
1615605
1615666
1615680
1615708
1615768
1615780
1615788
1615791
1615800
1615868
1615896
1615900
1616011
1616162
1616194
1616248
1616278
1616292
1616305
1616341
1616344
1616405
1616439
1616478
1616545
1616547
1616553
1616563
1616575
1616600
1616605
1616630
1616648
1616669
1616740
1616914
1616994
1617002
1617029
1617064
1617087
1617135
1617148
1617166
1617178
1617213
1617221
1617234
1617240
1617268
1617290
1617292
1617297
1617299
1617301
1617332
1617511
1617811
1617833
1617921
1617932
1617979
1617999
1618042
1618077
1618086
1618361
1618391
1618554
1618558
1618714
1618792
1618829
1618843
1618944
1618964
1619089
1619246
1619294
1619310
1619347
1619371
1619416
1619417
1619430
1619452
1619455
1619460
1619543
1619600
1619601
1619602
1619631
1619635
1619639
1619657
1619720
1619746
1619765
1619773
1619781
1619802
1619837
1619848
1619894
1620030
1620059
1620060
1620061
1620069
1620125
1620126
1620150
1620185
1620196
1620201
1620215
1620236
1620244
1620267
1620269
1620290
1620441
1620503
1620544
1620549
1620556
1620590
1620641
1620658
1620674
1620711
1620724
1620809
1620810
1620816
1620834
1620985
1620993
1620994
1621005
1621025
1621108
1621116
1621122
1621132
1621136
1621151
1621190
1621237
1621258
1621264
1621268
1621275
1621287
1621299
1621329
1621417
1621448
1621536
1621683
1621686
1621714
1621766
1621775
1621776
1621787
1621834
1621891
1621902
1621921
1621939
1621959
1622040
1622116
1622163
1622180
1622202
1622241
1622398
1622427
1622465
1622490
1622520
1622529
1622617
1622651
1622714
1622936
1623042
1623127
1623134
1623240
1623275
1623284
1623303
1623311
1623342
1623399
1623422
1623427
1623517
1623539
1623581
1623588
1623640
1623659
1623674
1623686
1623784
1623822
1623870
1623925
1623949
1623966
1624000
1624015
1624101
1624139
1624163
1624214
1624233
1624352
1624353
1624459
1624474
1624482
1624489
1624495
1624501
1624511
1624513
1624565
1624609
1624611
1624643
1624708
1624897
1624898
1624958
1625067
1625072
1625074
1625078
1625102
1625155
1625236
1625278
1625302
1625322
1625381
1625390
1625403
1625430
1625523
1625531
1625557
1625584
1625671
1625673
1625678
1625701
1625782
1625805
1625809
1625814
1625875
1625898
1625936
1625938
1625952
1625977
1625985
1626027
1626099
1626128
1626129
1626149
1626151
1626254
1626332
1626367
1626368
1626415
1626475
1626532
1626547
1626550
1626571
1626588
1626615
1626629
1626690
1626719
1626734
1626756
1626772
1626798
1626803
1627065
1627071
1627125
1627134
1627158
1627160
1627243
1627282
1627299
1627373
1627380
1627385
1627489
1627494
1627499
1627501
1627570
1627954
1627994
1628041
1628117
1628140
1628141
1628148
1628192
1628258
1628360
1628555
1628566
1628593
1628603
1628654
1628656
1628666
1628674
1628708
1628765
1628777
1628888
1629016
1629052
1629109
1629130
1629250
1629258
1629261
1629275
1629355
1629389
1629465
1629493
1629630
1629662
1629737
1629757
1629782
1629795
1629807
1629834
1629881
1629912
1629915
1629959
1629961
1629970
1630001
1630003
1630067
1630071
1630160
1630293
1630307
1630342
1630421
1630440
1630475
1630588
1630590
1630595
1630609
1630629
1630658
1630662
1630712
1630715
1630722
1630738
1630746
1630768
1630771
1630853
1630858
1630859
1630862
1630953
1630958
1631027
1631049
1631061
1631071
1631075
1631104
1631107
1631143
1631208
1631252
1631253
1631292
1631354
1631388
1631521
1631614
1631640
1631665
1631706
1631727
1631743
1631793
1631814
1631862
1631887
1631935
1631971
1631998
1632004
1632162
1632187
1632189
1632198
1632254
1632290
1632299
1632301
1632369
1632384
1632413
1632452
1632457
1632652
1632751
1632759
1632808
1632818
1632827
1632848
1632915
1632925
1632927
1632937
1632960
1632969
1632976
1633011
1633032
1633044
1633091
1633161
1633164
1633391
1633413
1633452
1633457
1633476
1633675
1633677
1633689
1633712
1633730
1633832
1633917
1633943
1634002
1634011
1634023
1634118
1634175
1634182
1634201
1634256
1634325
1634359
1634360
1634369
1634395
1634438
1634440
1634441
1634444
1634445
1634456
1634504
1634510
1634518
1634536
1634547
1634556
1634568
1634820
1634839
1634840
1634860
1634882
1634905
1634927
1634948
1634982
1634987
1635051
1635101
1635108
1635141
1635148
1635150
1635161
1635305
1635363
1635448
1635455
1635530
1635552
1635622
1635671
1635676
1635690
1635785
1635786
1635787
1635789
1635798
1635804
1635809
1635838
1636034
1636073
1636074
1636084
1636106
1636140
1636154
1636200
1636215
1636224
1636234
1636257
1636276
1636349
1636379
1636464
1636535
1636618
1636674
1636761
1636817
1636838
1636848
1636855
1636875
1636890
1636965
1636979
1637001
1637004
1637010
1637045
1637073
1637133
1637163
1637224
1637238
1637260
1637268
1637281
1637306
1637335
1637356
1637376
1637377
1637380
1637390
1637404
1637431
1637439
1637450
1637466
1637516
1637528
1637569
1637574
1637578
1637580
1637612
1637656
1637714
1637728
1637781
1637806
1637816
1637843
1637859
1637919
1637935
1637946
1637951
1637952
1637954
1637971
1638103
1638229
1638328
1638333
1638429
1638482
1638518
1638528
1638546
1638566
1638587
1638604
1638612
1638677
1638690
1638703
1638722
1638727
1638742
1638804
1638821
1638902
1638908
1638911
1638917
1638921
1638928
1638985
1639039
1639041
1639066
1639090
1639155
1639163
1639192
1639273
1639275
1639281
1639286
1639287
1639289
1639294
1639299
1639307
1639311
1639324
1639341
1639360
1639366
1639414
1639461
1639480
1639488
1639531
1639651
1639677
1639686
1639723
1639836
1639848
1639853
1639871
1639897
1639899
1639958
1639960
1640023
1640113
1640165
1640408
1640420
1640477
1640882
1640952
1640963
1641071
1641164
1641236
1641251
1641275
1641286
1641372
1641375
1641377
1641382
1641390
1641436
1641537
1641586
1641832
1641874
1641875
1641929
1641930
1641935
1641937
1642091
1642123
1642173
1642179
1642288
1642290
1642300
1642307
1642314
1642333
1642419
1642472
1642478
1642485
1642534
1642565
1642568
1642617
1642620
1642632
1642649
1642656
1642681
1642693
1642701
1642750
1642766
1642777
1642891
1642940
1643043
1643120
1643197
1643207
1643244
1643250
1643254
1643300
1643307
1643349
1643458
1643462
1643476
1643486
1643504
1643519
1643615
1643659
1643681
1643779
1643792
1643793
1643848
1643849
1643851
1643869
1643892
1643940
1643982
1643992
1644025
1644083
1644166
1644193
1644213
1644216
1644222
1644250
1644253
1644257
1644269
1644275
1644398
1644406
1644449
1644676
1644758
1644811
1645070
1645114
1645210
1645216
1645266
1645331
1645346
1645426
1645441
1645485
1645506
1645561
1645603
1645620
1645645
1645714
1645732
1645739
1645758
1645963
1645998
1646001
1646004
1646007
1646011
1646013
1646028
1646057
1646084
1646108
1646116
1646118
1646119
1646122
1646124
1646142
1646149
1646251
1646284
1646290
1646302
1646412
1646413
1646417
1646442
1646448
1646461
1646482
1646508
1646522
1646541
1646560
1646566
1646650
1646693
1646710
1646725
1646772
1646816
1646844
1646894
1646950
1647011
1647141
1647157
1647225
1647244
1647335
1647413
1647455
1647483
1647494
1647500
1647523
1647524
1647566
1647570
1647575
1647578
1647583
1647584
1647626
1647672
1647690
1647701
1647716
1647787
1647831
1647836
1647838
1647847
1647870
1647895
1647914
1647961
1647973
1648017
1648030
1648075
1648138
1648175
1648180
1648295
1648296
1648310
1648322
1648343
1648357
1648427
1648432
1648434
1648516
1648554
1648573
1648585
1648596
1648638
1648649
1648713
1648815
1648833
1648986
1649063
1649083
1649104
1649125
1649128
1649174
1649192
1649198
1649204
1649255
1649320
1649419
1649423
1649437
1649441
1649443
1649517
1649529
1649537
1649551
1649588
1649617
1649651
1649674
1649689
1649693
1649704
1649727
1649728
1649737
1649747
1649757
1649762
1649764
1649766
1649773
1649774
1649776
1649781
1649783
1649784
1649786
1649787
1649795
1649802
1649828
1649830
1649901
1650004
1650027
1650053
1650066
1650098
1650115
1650124
1650155
1650210
1650276
1650290
1650413
1650442
1650512
1650534
1650553
1650606
1650660
1650843
1650854
1651025
1651032
1651035
1651065
1651069
1651111
1651123
1651152
1651230
1651269
1651347
1651454
1651533
1651542
1651564
1651571
1651590
1651661
1651714
1651785
1651806
1651814
1651837
1651883
1652003
1652028
1652046
1652081
1652209
1652281
1652300
1652309
1652313
1652401
1652435
1652478
1652506
1652532
1652606
1652626
1652652
1652699
1652710
1652722
1652749
1652801
1652871
1652916
1652998
1653034
1653057
1653067
1653076
1653144
1653165
1653175
1653331
1653461
1653473
1653483
1653503
1653570
1653643
1653656
1653668
1653672
1653674
1653720
1653722
1653731
1653827
1653857
1653862
1653909
1654051
1654112
1654125
1654174
1654269
1654295
1654309
1654325
1654336
1654351
1654380
1654416
1654448
1654479
1654485
1654487
1654491
1654511
1654528
1654550
1654568
1654572
1654587
1654605
1654650
1654674
1654675
1654701
1654709
1654712
1654715
1654743
1654765
1654770
1654791
1654803
1654811
1654904
1654935
1654961
1654998
1655038
1655055
1655061
1655078
1655094
1655128
1655131
1655132
1655134
1655140
1655142
1655148
1655174
1655177
1655182
1655185
1655187
1655190
1655198
1655204
1655224
1655235
1655284
1655286
1655293
1655335
1655387
1655394
1655567
1655608
1655633
1655673
1655687
1655692
1655693
1655738
1655742
1655761
1655768
1655829
1655920
1655927
1655937
1655947
1656036
1656047
1656101
1656201
1656228
1656235
1656245
1656267
1656268
1656292
1656295
1656311
1656314
1656324
1656335
1656350
1656356
1656391
1656432
1656480
1656526
1656546
1656563
1656593
1656596
1656600
1656637
1656663
1656697
1656714
1656753
1656783
1656820
1656845
1656868
1656888
1656914
1656932
1656958
1657000
1657021
1657046
1657104
1657117
1657122
1657266
1657292
1657308
1657361
1657362
1657370
1657376
1657379
1657426
1657432
1657483
1657532
1657567
1657579
1657668
1657677
1657767
1657775
1657848
1657885
1657908
1657986
1658030
1658041
1658057
1658123
1658267
1658353
1658372
1658376
1658416
1658449
1658532
1658630
1658644
1658649
1658692
1658701
1658710
1658752
1658843
1658844
1659001
1659025
1659060
1659063
1659078
1659083
1659092
1659095
1659098
1659101
1659112
1659128
1659133
1659134
1659140
1659141
1659151
1659152
1659153
1659167
1659253
1659258
1659270
1659276
1659300
1659308
1659312
1659315
1659372
1659399
1659447
1659458
1659522
1659558
1659582
1659637
1659643
1659649
1659653
1659657
1659713
1659727
1659730
1659736
1659742
1659743
1659749
1659765
1659782
1659785
1659791
1659793
1659806
1659820
1659877
1659900
1660130
1660134
1660141
1660143
1660147
1660154
1660162
1660167
1660196
1660222
1660227
1660232
1660235
1660242
1660245
1660257
1660263
1660269
1660271
1660274
1660295
1660301
1660304
1660306
1660307
1660308
1660318
1660340
1660420
1660429
1660448
1660486
1660517
1660589
1660607
1660645
1660698
1660729
1660764
1660770
1660793
1660799
1660802
1660819
1660822
1660837
1660857
1660916
1660918
1660920
1660952
1661127
1661174
1661185
1661191
1661211
1661219
1661225
1661253
1661322
1661324
1661328
1661381
1661383
1661436
1661453
1661455
1661458
1661461
1661480
1661482
1661507
1661559
1661568
1661586
1661601
1661612
1661620
1661622
1661693
1661806
1661855
1661927
1661968
1661972
1662001
1662060
1662067
1662069
1662071
1662075
1662077
1662084
1662085
1662090
1662092
1662094
1662095
1662103
1662122
1662125
1662135
1662136
1662140
1662143
1662160
1662166
1662191
1662367
1662419
1662440
1662476
1662481
1662483
1662495
1662520
1662549
1662585
1662599
1662606
1662610
1662639
1662661
1662662
1662725
1662731
1662762
1662763
1662826
1662921
1662949
1662955
1663019
1663034
1663082
1663116
1663122
1663126
1663128
1663131
1663204
1663205
1663321
1663501
1663532
1663581
1663735
1663787
1663817
1663914
1663945
1663962
1663979
1664020
1664079
1664087
1664116
1664162
1664187
1664190
1664237
1664247
1664302
1664315
1664373
1664432
1664439
1664505
1664514
1664518
1664530
1664537
1664548
1664557
1664580
1664629
1664807
1664820
1664897
1664906
1664921
1664935
1664951
1664960
1664972
1664981
1664992
1665024
1665084
1665091
1665100
1665138
1665148
1665172
1665183
1665195
1665234
1665237
1665328
1665335
1665347
1665370
1665373
1665379
1665387
1665393
1665401
1665404
1665409
1665432
1665435
1665459
1665470
1665506
1665518
1665534
1665581
1665593
1665622
1665714
1665716
1665805
1665903
1665937
1665983
1665996
1666010
1666097
1666114
1666124
1666144
1666160
1666181
1666202
1666381
1666388
1666473
1666478
1666490
1666502
1666771
1666773
1666819
1666823
1666828
1666849
1666852
1666858
1666866
1666875
1666880
1666902
1666904
1666912
1666985
1667026
1667057
1667083
1667100
1667171
1667204
1667212
1667216
1667221
1667226
1667230
1667239
1667258
1667277
1667301
1667328
1667444
1667634
1667766
1667772
1667806
1667808
1667813
1667843
1667854
1667907
1667911
1667915
1667932
1667937
1667945
1667956
1667983
1667985
1668046
1668068
1668071
1668088
1668141
1668246
1668362
1668381
1668400
1668439
1668508
1668569
1668573
1668580
1668593
1668606
1668805
1668856
1668859
1668962
1669049
1669056
1669079
1669135
1669166
1669174
1669194
1669200
1669241
1669245
1669254
1669295
1669301
1669469
1669600
1669664
1669754
1669850
1669914
1669921
1669923
1669926
1669942
1669973
1669999
1670081
1670462
1670558
1670893
1671241
1671248
1671254
1671305
1671319
1671334
1671386
1671392
1671427
1671441
1671526
1671559
1671598
1671767
1671769
1672724
1672948
1672957
1673090
1673139
1673140
1673242
1673251
1673256
1673269
1673365
1673405
1673408
1673471
1673486
1673706
1673807
1673888
1674088
1674107
1674201
1674209
1674246
1674257
1674269
1674280
1674304
1674309
1674513
1674598
1674696
1674990
1675037
1675047
1675147
1675209
1675237
1675462
1675491
1675495
1675733
1675744
1676058
1676124
1676136
1676162
1676171
1676230
1676233
1676264
1676367
1676373
1676459
1676464
1676575
1676842
1676903
1676973
1676977
1676989
1677004
1677018
1677050
1677082
1677112
1677218
1677328
1677366
1677470
1677496
1677565
1677578
1677580
1677587
1677594
1677616
1677725
1677764
1677924
1677938
1678081
1678132
1678170
1678192
1678201
1678298
1678317
1678337
1678362
1678368
1678404
1678417
1678419
1678454
1678476
1678488
1678504
1678555
1678609
1678636
1678679
1678725
1678736
1678947
1678967
1679002
1679019
1679072
1679094
1679097
1679098
1679107
1679149
1679178
1679197
1679209
1679215
1679267
1679288
1679293
1679299
1679300
1679304
1679561
1679575
1679594
1679611
1679613
1679618
1679631
1679635
1679712
1679799
1679829
1679853
1679862
1679917
1679924
1679959
1679967
1679977
1679978
1679992
1679995
1680005
1680041
1680084
1680087
1680351
1680368
1680371
1680383
1680449
1680459
1680519
1680629
1680640
1680764
1680798
1680813
1680857
1680875
1680890
1680924
1680956
1680958
1681223
1681252
1681289
1681308
1681342
1681343
1681395
1681415
1681420
1681429
1681439
1681462
1681676
1681694
1681696
1681699
1681703
1681706
1681974
1682293
1682296
1682314
1682406
1682408
1682410
1682427
1682437
1682505
1682556
1682559
1682604
1682605
1682620
1682627
1682644
1682648
1682667
1682679
1682718
1682747
1682885
1682922
1682936
1682979
1682981
1683047
1683048
1683091
1683097
1683105
1683111
1683122
1683150
1683183
1683254
1683281
1683282
1683298
1683310
1683365
1683417
1683441
1683446
1683531
1683532
1683578
1683614
1683681
1683977
1684009
1684026
1684129
1684132
1684156
1684169
1684190
1684214
1684220
1684224
1684248
1684249
1684251
1684269
1684304
1684321
1684383
1684427
1684448
1684516
1684521
1684586
1684618
1684664
1684718
1684742
1684792
1684813
1684836
1684928
1684942
1684952
1684962
1684982
1685095
1685104
1685145
1685189
1685290
1685293
1685336
1685370
1685386
1685470
1685487
1685489
1685504
1685506
1685521
1685522
1685533
1685616
1685622
1685633
1685640
1685661
1685748
1685754
1685776
1685843
1685857
1685907
1685962
1686024
1686028
1686042
1686044
1686062
1686082
1686099
1686103
1686150
1686195
1686201
1686208
1686212
1686252
1686277
1686301
1686329
1686344
1686347
1686471
1686571
1686603
1686606
1686620
1686650
1686676
1686698
1686741
1686776
1686807
1686821
1686904
1686933
1687070
1687144
1687160
1687164
1687173
1687187
1687201
1687247
1687275
1687286
1687312
1687365
1687402
1687446
1687499
1687539
1687554
1687569
1687585
1687614
1687615
1687636
1687656
1687660
1687673
1687710
1687714
1687720
1687729
1687731
1687742
1687758
1687771
1687783
1687797
1687882
1687895
1687943
1687976
1688095
1688120
1688137
1688191
1688202
1688209
1688216
1688306
1688318
1688322
1688404
1688406
1688495
1688546
1688590
1688592
1688634
1688640
1688641
1688651
1688662
1688663
1688746
1688811
1688873
1688883
1688967
1689011
1689021
1689045
1689119
1689125
1689220
1689300
1689362
1689381
1689382
1689384
1689490
1689569
1689605
1689611
1689617
1689622
1689645
1689659
1689718
1689732
1689776
1689797
1689814
1689819
1689911
1689919
1689941
1689964
1689996
1690005
1690064
1690070
1690072
1690115
1690119
1690120
1690140
1690141
1690154
1690174
1690185
1690190
1690205
1690225
1690234
1690244
1690259
1690271
1690285
1690315
1690323
1690341
1690382
1690392
1690554
1690560
1690565
1690767
1690853
1690922
1690967
1691033
1691126
1691128
1691160
1691179
1691305
1691333
1691342
1691344
1691346
1691493
1691522
1691545
1691654
1691666
1691674
1691688
1691714
1691723
1691730
1691763
1691846
1691892
1691931
1691939
1691953
1692007
1692044
1692068
1692108
1692152
1692169
1692191
1692194
1692259
1692260
1692264
1692266
1692267
1692282
1692295
1692314
1692531
1692539
1692597
1692623
1692637
1692656
1692791
1692810
1692820
1692825
1692831
1692861
1692906
1692932
1692958
1692968
1692973
1692975
1692997
1693045
1693106
1693137
1693195
1693241
1693254
1693287
1693298
1693370
1693399
1693501
1693511
1693532
1693594
1693613
1693683
1693687
1693688
1693703
1693725
1693772
1693792
1693816
1693850
1693943
1693966
1694048
1694053
1694068
1694080
1694089
1694095
1694129
1694134
1694138
1694152
1694171
1694205
1694264
1694276
1694301
1694372
1694451
1694456
1694475
1694497
1694561
1694567
1694661
1694687
1694708
1694727
1694764
1694793
1694802
1694804
1694815
1694823
1694875
1694915
1694938
1694978
1695033
1695058
1695147
1695167
1695236
1695241
1695276
1695360
1695366
1695382
1695426
1695473
1695493
1695634
1695650
1695762
1695789
1695802
1695816
1695854
1695883
1695900
1695925
1695927
1695933
1695936
1695939
1695945
1696028
1696064
1696068
1696142
1696145
1696147
1696162
1696173
1696192
1696198
1696199
1696206
1696210
1696274
1696290
1696305
1696337
1696358
1696368
1696369
1696393
1696438
1696448
1696456
1696458
1696466
1696506
1696579
1696598
1696613
1696644
1696660
1696730
1696779
1696814
1696824
1696829
1696975
1697152
1697305
1697318
1697333
1697339
1697352
1697438
1697487
1697500
1697507
1697510
1697546
1697607
1697620
1697671
1697708
1697819
1697835
1697843
1697880
1697915
1697982
1698005
1698062
1698075
1698084
1698087
1698089
1698172
1698177
1698185
1698189
1698247
1698277
1698317
1698333
1698398
1698446
1698469
1698594
1698595
1698627
1698785
1698794
1698799
1698834
1698847
1698893
1698904
1698941
1698942
1698946
1699081
1699103
1699121
1699157
1699175
1699192
1699250
1699280
1699285
1699309
1699353
1699354
1699403
1699457
1699463
1699472
1699549
1699778
1699816
1699847
1699853
1699911
1700021
1700050
1700085
1700115
1700123
1700143
1700146
1700155
1700161
1700162
1700163
1700166
1700231
1700361
1700369
1700416
1700440
1700555
1700567
1700607
1700613
1700614
1700651
1700656
1700672
1700726
1700738
1700752
1700780
1700799
1700812
1700993
1701005
1701045
1701052
1701077
1701090
1701101
1701131
1701141
1701170
1701223
1701236
1701287
1701295
1701297
1701301
1701304
1701305
1701314
1701323
1701336
1701395
1701441
1701446
1701450
1701475
1701524
1701530
1701535
1701545
1701597
1701603
1701611
1701656
1701665
1701666
1701671
1701682
1701698
1701736
1701739
1701743
1701746
1701750
1701829
1701856
1701972
1702141
1702261
1702311
1702316
1702322
1702370
1702398
1702434
1702486
1702553
1702610
1702614
1702648
1702735
1702779
1702788
1702817
1702902
1702923
1703073
1703118
1703119
1703132
1703149
1703166
1703194
1703226
1703228
1703252
1703263
1703280
1703305
1703306
1703343
1703407
1703408
1703448
1703466
1703467
1703507
1703533
1703544
1703553
1703554
1703570
1703587
1703591
1703614
1703664
1703672
1703719
1703729
1703731
1703740
1703753
1703804
1703857
1703863
1703870
1703887
1703903
1703907
1703922
1703961
1703969
1703979
1704068
1704110
1704160
1704169
1704193
1704210
1704216
1704273
1704326
1704334
1704359
1704420
1704438
1704473
1704502
1704506
1704583
1704585
1704590
1704605
1704616
1704620
1704649
1704700
1704763
1704764
1704788
1704894
1705022
1705035
1705054
1705057
1705070
1705120
1705134
1705139
1705224
1705242
1705249
1705274
1705345
1705354
1705411
1705580
1705666
1705685
1705783
1705799
1705825
1705830
1705862
1705872
1705879
1705880
1705888
1705892
1705947
1705966
1705999
1706013
1706083
1706084
1706110
1706160
1706174
1706213
1706216
1706218
1706234
1706245
1706365
1706404
1706412
1706439
1706447
1706480
1706556
1706559
1706561
1706627
1706641
1706665
1706682
1706734
1706739
1706847
1706857
1706887
1706893
1706900
1706909
1706910
1706911
1706984
1706985
1706989
1707029
1707137
1707152
1707179
1707206
1707220
1707229
1707246
1707262
1707264
1707268
1707279
1707285
1707287
1707295
1707310
1707417
1707439
1707474
1707533
1707580
1707590
1707600
1707635
1707692
1707718
1707736
1707744
1707748
1707766
1707786
1707836
1707877
1707880
1707906
1707909
1707925
1707964
1708050
1708096
1708188
1708190
1708236
1708239
1708241
1708253
1708289
1708324
1708376
1708387
1708394
1708413
1708458
1708467
1708488
1708493
1708503
1708531
1708576
1708587
1708590
1708621
1708661
1708678
1708791
1709095
1709100
1709134
1709140
1709185
1709330
1709334
1709339
1709426
1709459
1709606
1709628
1709630
1709676
1709677
1709725
1709741
1709743
1709755
1709766
1709777
1709788
1709842
1709914
1710019
1710047
1710100
1710120
1710139
1710154
1710219
1710225
1710229
1710331
1710341
1710375
1710415
1710473
1710524
1710545
1710567
1710576
1710590
1710666
1710723
1710835
1710840
1710857
1710868
1710958
1710996
1711061
1711070
1711077
1711096
1711099
1711104
1711115
1711129
1711145
1711159
1711175
1711200
1711204
1711214
1711282
1711292
1711337
1711352
1711365
1711369
1711489
1711529
1711575
1711606
1711630
1711633
1711651
1711755
1711760
1711762
1711808
1711819
1711841
1711850
1711900
1711938
1711953
1712017
1712063
1712076
1712081
1712088
1712124
1712144
1712166
1712256
1712272
1712275
1712278
1712306
1712324
1712346
1712362
1712405
1712409
1712415
1712454
1712462
1712471
1712476
1712480
1712486
1712491
1712516
1712539
1712546
1712582
1712606
1712607
1712608
1712627
1712759
1712775
1712787
1712788
1712828
1712843
1712905
1712990
1713015
1713160
1713410
1713418
1713431
1713497
1713503
1713550
1713572
1713680
1713744
1713759
1713821
1713962
1713968
1714026
1714068
1714093
1714149
1714162
1714195
1714225
1714529
1714638
1714671
1714709
1714737
1714752
1714843
1714880
1714990
1715030
1715037
1715068
1715105
1715123
1715137
1715179
1715188
1715208
1715221
1715251
1715253
1715270
1715282
1715325
1715334
1715359
1715363
1715368
1715381
1715382
1715400
1715405
1715434
1715443
1715454
1715456
1715546
1715560
1715641
1715726
1715748
1715753
1715754
1715793
1715820
1715829
1715853
1715864
1715878
1715881
1715882
1715886
1715891
1715919
1715961
1715970
1715974
1715992
1715996
1716006
1716052
1716429
1716448
1716456
1716508
1716545
1716554
1716589
1716595
1716625
1716640
1716642
1716654
1716679
1716707
1716716
1716747
1716748
1716852
1716885
1716910
1716914
1716930
1717044
1717108
1717132
1717143
1717206
1717238
1717247
1717305
1717327
1717346
1717354
1717504
1717511
1717525
1717537
1717548
1717744
1717755
1717814
1717816
1717961
1718050
1718082
1718150
1718165
1718210
1718219
1718225
1718230
1718247
1718275
1718282
1718327
1718330
1718345
1718361
1718379
1718432
1718465
1718468
1718520
1718529
1718547
1718577
1718597
1718636
1718649
1718652
1718654
1718763
1718855
1718950
1718965
1718970
1718978
1719001
1719018
1719030
1719050
1719104
1719144
1719153
1719181
1719182
1719186
1719195
1719208
1719215
1719261
1719306
1719380
1719478
1719565
1719568
1719698
1719713
1719715
1719718
1719719
1719721
1719733
1719781
1719806
1719841
1719844
1719850
1719854
1719873
1719882
1719917
1719928
1719950
1719959
1719981
1720042
1720076
1720150
1720156
1720160
1720355
1720375
1720402
1720413
1720448
1720461
1720476
1720522
1720568
1720570
1720581
1720650
1720656
1720666
1720738
1720908
1720914
1720969
1720997
1721007
1721012
1721033
1721042
1721045
1721085
1721109
1721120
1721137
1721188
1721262
1721286
1721296
1721347
1721425
1721507
1721547
1721592
1721595
1721609
1721616
1721622
1721637
1721657
1721659
1721660
1721661
1721675
1721696
1721705
1721759
1721792
1721862
1721965
1722016
1722089
1722094
1722106
1722168
1722186
1722273
1722316
1722329
1722407
1722438
1722441
1722449
1722452
1722489
1722506
1722535
1722576
1722698
1722702
1722711
1722712
1722717
1722748
1722750
1722848
1722854
1722878
1722904
1722917
1722932
1722944
1722957
1723001
1723201
1723217
1723224
1723232
1723245
1723256
1723266
1723267
1723310
1723316
1723338
1723448
1723481
1723487
1723500
1723502
1723505
1723577
1723640
1723652
1723711
1723731
1723761
1723775
1723787
1723797
1723803
1723809
1723822
1723830
1723838
1723862
1723863
1723896
1723898
1723932
1723946
1723950
1723953
1723967
1723985
1724009
1724072
1724081
1724170
1724183
1724263
1724296
1724315
1724335
1724390
1724396
1724422
1724453
1724479
1724548
1724560
1724651
1724881
1724907
1724991
1725026
1725093
1725138
1725145
1725255
1725258
1725267
1725268
1725329
1725352
1725464
1725485
1725547
1725585
1725586
1725588
1725589
1725660
1725700
1725731
1725746
1725794
1725800
1725873
1725875
1725879
1725954
1725966
1725988
1726009
1726033
1726101
1726149
1726190
1726191
1726206
1726236
1726252
1726341
1726343
1726411
1726415
1726470
1726557
1726584
1726601
1726612
1726660
1726699
1726702
1726742
1726771
1726788
1726820
1726830
1726849
1726851
1726920
1727081
1727204
1727234
1727317
1727346
1727409
1727494
1727610
1727615
1727631
1727657
1727691
1727719
1727721
1727726
1727728
1727747
1727750
1727756
1727787
1727829
1727867
1727870
1727906
1727912
1727977
1728043
1728086
1728101
1728171
1728183
1728236
1728238
1728239
1728244
1728265
1728307
1728309
1728338
1728341
1728343
1728344
1728367
1728370
1728378
1728408
1728485
1728571
1728705
1728730
1728747
1728774
1728862
1728956
1728982
1729008
1729011
1729013
1729028
1729050
1729057
1729087
1729141
1729149
1729233
1729241
1729290
1729569
1729631
1729650
1729652
1729662
1729725
1729739
1729751
1729813
1729815
1729833
1729836
1729874
1729939
1729940
1729941
1729966
1730041
1730055
1730061
1730069
1730096
1730123
1730130
1730156
1730158
1730171
1730176
1730182
1730191
1730206
1730257
1730565
1730586
1730652
1730682
1730685
1730742
1730747
1730762
1730786
1730804
1730811
1730860
1730863
1730868
1730882
1730896
1730952
1731008
1731010
1731035
1731080
1731159
1731176
1731185
1731186
1731196
1731215
1731221
1731223
1731343
1731358
1731376
1731404
1731474
1731482
1731599
1731610
1731625
1731640
1731656
1731666
1731667
1731672
1731673
1731708
1731735
1731736
1731748
1731762
1731768
1731784
1731795
1731800
1731805
1731811
1731942
1732044
1732049
1732064
1732066
1732121
1732149
1732191
1732197
1732278
1732286
1732289
1732316
1732354
1732430
1732484
1732497
1732524
1732615
1732652
1732772
1732782
1732798
1732806
1732807
1732827
1732839
1732851
1732870
1732918
1733000
1733018
1733033
1733048
1733090
1733102
1733119
1733131
1733132
1733143
1733146
1733159
1733347
1733358
1733441
1733451
1733454
1733461
1733582
1733692
1733730
1733806
1733830
1733835
1733846
1733862
1733915
1734127
1734136
1734192
1734248
1734258
1734297
1734331
1734379
1734420
1734422
1734667
1734682
1734740
1734796
1734803
1734826
1734896
1734901
1734939
1734954
1734991
1734999
1735049
1735099
1735147
1735202
1735209
1735261
1735321
1735325
1735474
1735476
1735480
1735482
1735484
1735495
1735516
1735570
1735589
1735681
1735724
1735776
1735866
1736031
1736037
1736084
1736098
1736103
1736241
1736253
1736254
1736263
1736272
1736275
1736276
1736278
1736284
1736330
1736336
1736339
1736356
1736376
1736410
1736449
1736525
1736558
1736563
1736686
1736717
1736719
1736769
1736773
1736795
1736803
1736837
1736903
1736993
1737111
1737156
1737162
1737195
1737197
1737199
1737231
1737280
1737292
1737296
1737307
1737333
1737337
1737373
1737374
1737421
1737451
1737458
1737610
1737718
1737726
1737740
1737771
1737804
1737808
1737833
1737860
1737866
1737885
1737892
1737902
1737917
1737922
1737934
1737949
1737966
1738022
1738071
1738082
1738085
1738106
1738124
1738127
1738155
1738263
1738359
1738383
1738403
1738539
1738559
1738616
1738620
1738625
1738651
1738735
1738748
1738815
1738853
1738897
1738922
1739005
1739016
1739025
1739027
1739043
1739045
1739053
1739062
1739109
1739130
1739140
1739149
1739209
1739312
1739403
1739436
1739438
1739442
1739499
1739524
1739527
1739528
1739531
1739568
1739574
1739585
1739590
1739615
1739624
