17
83
136
138
170
176
214
215
229
244
326
348
377
395
440
467
539
561
565
571
573
578
579
580
588
609
622
628
635
663
694
747
755
763
764
765
766
768
790
791
794
805
806
814
831
837
923
924
927
928
931
948
964
985
1091
1248
1423
1450
1483
1547
1551
1562
1576
1577
1596
1644
1683
1690
1691
1693
1694
1696
1702
1730
1813
1842
1872
1877
1923
1933
1961
1970
1975
1977
1992
1994
2046
2082
2151
2154
2182
2199
2212
2291
2637
2654
2655
2662
2667
2668
2675
2957
2961
2981
2989
2992
3016
3017
3019
3021
3022
3023
3024
3025
3027
3028
3030
3031
3035
3036
3042
3043
3051
3053
3056
3067
3068
3069
3070
3072
3073
3074
3075
3076
3077
3079
3103
3104
3105
3117
3119
3124
3125
3127
3144
3145
3149
3151
3152
3162
3164
3165
3166
3201
3202
3206
3208
3209
3210
3217
3218
3290
3305
3345
3349
3350
3412
3484
3485
3486
3488
3490
3511
3574
3575
3579
3581
3593
3597
3600
3602
3603
3980
4230
4231
4232
4233
4234
4237
4238
4240
4242
4283
4284
4288
4289
4290
4337
4365
4368
4439
4457
4488
4513
4722
4858
4879
4883
4961
4970
5060
5072
5237
5247
5333
5470
5489
5655
5657
5675
5680
5719
5730
5733
5734
5735
5751
5752
5755
5759
5763
5857
5876
5898
5956
6069
6114
6171
6174
6217
6466
6488
6552
6917
6933
6948
6974
6976
7006
7091
7131
7178
7180
7181
7182
7292
7340
7341
7342
7392
7454
7737
7978
8077
8078
8090
8316
8398
8408
8413
8461
8464
8555
8617
8643
8766
8769
8771
8814
8843
8851
8852
8869
8875
8913
8914
8922
8968
8973
8991
8997
9003
9009
9011
9017
9022
9030
9033
9035
9042
9059
9064
9077
9092
9095
9100
9102
9272
9276
9286
9306
9348
9358
9360
9362
9373
9374
9378
9392
9406
9423
9424
9426
9431
9456
9457
9529
9532
9533
9538
9540
9542
9544
9552
9568
9592
9599
9608
9638
9640
9645
9656
9680
9682
9707
9708
9711
9725
9728
9730
9731
9755
9756
9782
9783
9792
9793
9796
9814
9825
9827
9841
9847
9871
9877
9885
9890
9898
9902
9913
9935
9937
9938
9940
9945
9946
9949
9954
9964
9966
9976
9980
9984
9987
9997
10004
10007
10008
10011
10012
10014
10016
10031
10041
10042
10053
10055
10062
10063
10065
10066
10069
10070
10072
10075
10076
10085
10088
10089
10092
10093
10094
10095
10113
10114
10121
10124
10127
10131
10160
10163
10166
10177
10185
10205
10206
10212
10213
10216
10225
10242
10250
10251
10256
10263
10272
10280
10281
10283
10285
10288
10292
10294
10299
10304
10306
10307
10320
10331
10336
10344
10349
10351
10359
10361
10375
10383
10384
10391
10395
10432
10489
10493
10496
10513
10552
10558
10576
10577
10578
10579
10585
10605
10657
10665
10676
10692
10702
10706
10725
10726
10727
10730
10766
10768
10776
10779
10781
10785
10787
10790
10823
10824
10829
10836
10838
10845
10854
10873
10885
10891
10894
10900
10906
10925
10929
10943
10961
10972
10973
10984
10987
10988
11015
11026
11033
11056
11058
11059
11069
11071
11082
11096
11133
11152
11167
11186
11187
11206
11217
11223
11237
11246
11249
11252
11281
11284
11298
11309
11336
11342
11345
11347
11348
11351
11357
11361
11376
11377
11380
11415
11427
11428
11429
11442
11449
11454
11470
11481
11494
11495
11503
11508
11525
11531
11542
11547
11549
11569
11586
11587
11596
11601
11607
11618
11623
11629
11654
11675
11683
11772
11773
11791
11797
11804
11811
11815
11850
11868
11879
11880
11905
11908
11917
11926
11932
11954
11974
11979
11980
12095
12110
12122
12142
12158
12171
12175
12192
12212
12216
12223
12237
12238
12262
12476
12483
12484
12485
12521
12525
12526
12532
12576
12583
12587
12590
12591
12594
12597
12611
12619
12653
12662
12674
12682
12683
12685
12699
12700
12702
12707
12718
12724
12759
12791
13006
13008
13009
13013
13022
13025
13059
13094
13106
13121
13122
13151
13186
13190
13204
13207
13220
13254
13276
13340
13429
13465
13474
13489
13510
13511
13515
13546
13548
13549
13550
13553
13555
13556
13557
13559
13561
13564
13566
13567
13568
13569
13570
13581
13613
13666
13762
13784
13788
13797
13803
13812
13826
13849
13885
13903
13937
13945
13946
13954
14001
14005
14025
14033
14098
14122
14125
14126
14138
14143
14147
14157
14192
14209
14211
14212
14219
14223
14228
14237
14240
14248
14254
14255
14353
14372
14397
14417
14435
14440
14456
14457
14458
14459
14472
14510
14549
14564
14604
14605
14660
14686
14730
14745
14795
14814
14833
14838
14853
14862
14863
14866
14878
14907
14913
14915
14916
14929
14977
14983
15011
15039
15052
15056
15057
15069
15096
15135
15158
15182
15212
15239
15262
15282
15301
15356
15360
15398
15418
15420
15422
15423
15425
15426
15434
15473
15476
15482
15488
15495
15516
15527
15543
15591
15641
15652
15658
15667
15689
15701
15714
15741
15762
15846
15849
15851
15855
15856
15900
15901
15902
15991
16027
16028
16067
16077
16080
16093
16126
16139
16146
16154
16159
16160
16167
16175
16179
16180
16182
16191
16200
16205
16207
16208
16209
16226
16235
16266
16271
16280
16281
16288
16296
16304
16307
16309
16315
16335
16337
16342
16350
16372
16373
16431
16445
16456
16559
16611
16634
16722
16763
16764
16774
16780
16843
16846
16871
16915
16921
16922
16925
16938
16973
17005
17027
17038
17088
17100
17102
17110
17138
17140
17141
17153
17154
17158
17166
17200
17209
17212
17240
17245
17287
17306
17319
17455
17456
17469
17482
17577
17609
17618
17692
17778
17792
17796
17874
17898
17907
17910
17911
17918
17923
17965
17994
18009
18011
18015
18029
18040
18044
18045
18086
18096
18100
18111
18116
18177
18196
18210
18213
18216
18217
18238
18242
18250
18256
18274
18278
18338
18392
18397
18405
18440
18441
18442
18443
18462
18467
18476
18477
18496
18498
18502
18505
18547
18556
18557
18573
18616
18632
18634
18676
18724
18726
18742
18759
18773
18775
18779
18781
18801
18841
18851
18870
18882
18910
18932
18966
18969
18979
18983
18987
18990
18998
19002
19010
19058
19064
19066
19085
19116
19142
19154
19158
19166
19185
19197
19201
19205
19222
19236
19237
19241
19281
19286
19287
19288
19296
19298
19310
19351
19383
19483
19543
19544
19551
19564
19592
19599
19604
19723
19816
19854
19898
19904
19908
19912
19969
19994
20016
20029
20034
20121
20182
20215
20216
20321
20323
20357
20381
20424
20432
20441
20446
20472
20481
20485
20591
20606
20608
20620
20669
20695
20701
20706
20842
20850
20880
20919
20945
20981
21034
21141
21143
21151
21158
21159
21163
21166
21168
21187
21208
21343
21362
21381
21398
21407
21484
21505
21509
21515
21536
21562
21597
21623
21627
21704
21714
21790
21794
21799
21800
21838
21841
21851
21860
21910
21922
21927
21935
21970
22007
22027
22033
22060
22066
22072
22105
22135
22172
22175
22177
22244
22293
22307
22335
22385
22440
22450
22451
22455
22468
22476
22480
22530
22543
22551
22573
22583
22619
22637
22642
22681
22689
22718
22727
22731
22741
22745
22749
22804
22822
22856
22894
22970
23014
23045
23104
23122
23125
23127
23173
23174
23202
23220
23281
23293
23327
23382
23389
23410
23437
23439
23506
23515
23532
23622
23691
23692
23730
23761
23823
23827
23963
23966
23985
23988
24001
24007
24038
24045
24056
24075
24090
24091
24094
24097
24098
24103
24104
24106
24116
24124
24126
24132
24133
24150
24194
24196
24198
24212
24246
24274
24330
24331
24341
24392
24409
24421
24452
24498
24499
24505
24555
24580
24605
24632
24634
24643
24648
24649
24655
24683
24702
24716
24740
24777
24778
24789
24796
24799
24831
24836
24837
24862
24868
24874
24877
24907
24913
24921
24923
24924
24925
24927
24928
24929
24935
24939
24944
24947
24948
24952
24963
24995
24996
25018
25028
25033
25035
25060
25061
25066
25073
25086
25088
25103
25119
25133
25145
25151
25155
25170
25172
25234
25239
25241
25319
25329
25377
25422
25438
25479
25508
25533
25537
25543
25557
25573
25574
25579
25625
25693
25712
25713
25715
25748
25749
25750
25751
25752
25753
25754
25756
25762
25769
25809
25834
25853
25870
25874
25920
25944
25967
25974
25983
25993
26015
26042
26162
26178
26198
26208
26215
26230
26233
26240
26245
26278
26301
26334
26342
26369
26439
26466
26472
26480
26482
26515
26517
26554
26558
26587
26588
26631
26656
26661
26675
26676
26677
26678
26679
26680
26688
26702
26703
26722
26772
26774
26811
26854
26857
26860
26865
26894
26901
26912
26914
26921
26922
26923
26924
26925
26932
26943
26946
26953
26954
26956
26957
26958
26959
26960
26961
26962
27003
27009
27028
27070
27084
27115
27116
27118
27122
27130
27134
27135
27144
27150
27174
27179
27207
27214
27226
27227
27230
27231
27234
27244
27253
27255
27258
27259
27267
27272
27274
27284
27285
27289
27296
27300
27303
27313
27318
27320
27327
27328
27336
27345
27346
27358
27361
27370
27374
27381
27386
27387
27389
27390
27405
27406
27412
27413
27414
27416
27417
27420
27429
27442
27452
27463
27466
27467
27468
27471
27473
27474
27475
27476
27477
27478
27479
27481
27482
27483
27485
27486
27487
27492
27495
27496
27498
27499
27500
27501
27502
27503
27508
27512
27513
27517
27524
27527
27529
27532
27533
27535
27537
27538
27541
27542
27545
27546
27547
27548
27553
27555
27562
27564
27566
27588
27601
27603
27607
27611
27612
27613
27617
27619
27623
27625
27627
27630
27642
27643
27646
27647
27648
27649
27651
27652
27654
27657
27662
27663
27664
27669
27671
27672
27674
27675
27677
27680
27682
27684
27685
27687
27688
27689
27690
27692
27694
27695
27696
27710
27711
27712
27713
27714
27717
27720
27723
27726
27727
27728
27729
27731
27733
27736
27739
27740
27741
27743
27747
27752
27755
27758
27760
27762
27763
27764
27766
27767
27769
27770
27771
27772
27773
27774
27778
27779
27782
27783
27784
27785
27788
27789
27791
27792
27796
27797
27798
27800
27802
27803
27807
27808
27809
27810
27813
27814
27815
27816
27818
27819
27823
27825
27826
27829
27830
27831
27832
27836
27840
27844
27846
27848
27851
27852
27853
27855
27856
27860
27877
27878
27879
27881
27886
27892
27895
27916
27918
27941
27951
27970
28035
28036
28037
28038
28040
28046
28048
28070
28073
28077
28079
28080
28081
28082
28083
28084
28087
28090
28096
28098
28103
28108
28109
28111
28113
28114
28127
28128
28129
28142
28143
28146
28147
28148
28153
28155
28156
28159
28160
28161
28163
28165
28168
28169
28170
28172
28173
28177
28180
28181
28182
28183
28184
28185
28186
28188
28191
28196
28223
28224
28228
28229
28230
28231
28232
28234
28235
28237
28248
28260
28261
28262
28264
28265
28266
28269
28271
28274
28277
28287
28295
28300
28305
28309
28310
28312
28314
28316
28317
28336
28337
28338
28340
28341
28344
28346
28347
28349
28350
28351
28352
28355
28359
28362
28363
28365
28369
28377
28380
28381
28382
28383
28388
28389
28416
28418
28419
28421
28423
28425
28426
28435
28436
28437
28438
28439
28446
28450
28483
28498
28499
28501
28503
28504
28505
28508
28509
28513
28514
28516
28517
28518
28521
28522
28529
28530
28558
28559
28562
28563
28565
28572
28579
28581
28582
28583
28584
28585
28586
28589
28590
28593
28594
28596
28600
28602
28605
28616
28624
28625
28626
28635
28640
28643
28646
28647
28648
28652
28653
28659
28660
28667
28669
28671
28681
28684
28686
28687
28715
28720
28721
28723
28725
28726
28727
28728
28733
28734
28738
28739
28741
28743
28744
28746
28751
28752
28757
28760
28762
28763
28765
28766
28767
28768
28770
28774
28775
28780
28790
28791
28800
28801
28831
28851
28855
28859
28865
28867
28870
28893
28902
28910
28925
28927
28930
28931
28933
28934
28935
28936
28939
28941
28942
28951
28952
28953
28955
28957
28958
28964
29030
29046
29049
29050
29052
29053
29056
29057
29058
29060
29062
29065
29067
29069
29070
29071
29072
29074
29075
29077
29094
29095
29098
29103
29105
29114
29118
29121
29126
29135
29143
29161
29163
29168
29203
29210
29214
29217
29218
29221
29222
29223
29227
29230
29232
29235
29238
29239
29241
29242
29243
29286
29290
29293
29296
29298
29315
29318
29320
29324
29327
29342
29343
29345
29347
29350
29368
29384
29389
29390
29393
29394
29396
29397
29399
29400
29402
29403
29404
29405
29412
29416
29423
29424
29425
29426
29427
29429
29430
29431
29432
29433
29434
29437
29449
29466
29468
29469
29474
29476
29486
29489
29491
29499
29504
29505
29506
29512
29514
29542
29547
29555
29556
29559
29570
29573
29596
29597
29598
29599
29600
29603
29607
29609
29611
29613
29616
29620
29634
29638
29640
29643
29652
29660
29683
29689
29691
29692
29693
29695
29706
29707
29708
29711
29712
29721
29748
29756
29759
29761
29763
29765
29767
29768
29769
29770
29771
29772
29774
29778
29779
29787
29791
29792
29794
29796
29797
29798
29799
29803
29806
29808
29814
29833
29848
29850
29852
29854
29865
29867
29883
29891
29896
29898
29899
29900
29902
29905
29922
29925
29926
29930
29938
29945
29947
29948
29951
29957
29958
29959
29960
29961
29964
29979
29998
30002
30030
30044
30045
30049
30052
30062
30081
30137
30155
30183
30202
30203
30236
30286
30307
30315
30317
30318
30342
30345
30346
30348
30362
30370
30377
30379
30380
30381
30383
30384
30385
30392
30393
30394
30395
30396
30399
30400
30401
30402
30407
30419
30440
30441
30445
30449
30450
30452
30455
30456
30457
30477
30478
30482
30497
30499
30510
30515
30519
30522
30523
30554
30566
30567
30579
30637
30638
30640
30641
30644
30652
30654
30661
30664
30666
30670
30685
30694
30706
30711
30727
30729
30737
30748
30751
30752
30753
30754
30755
30767
30773
30778
30780
30781
30782
30785
30786
30788
30789
30792
30793
30796
30813
30829
30831
30833
30855
30885
30891
30893
30902
30918
30919
30920
30921
30924
30926
30928
30929
30931
30933
30934
30935
30937
30938
30990
30991
30993
30995
30996
30997
31001
31003
31012
31013
31036
31042
31080
31116
31119
31126
31129
31134
31150
31154
31196
31232
31244
31245
31255
31260
31263
31275
31276
31287
31382
31383
31385
31393
31428
31463
31472
31498
31503
31541
31549
31564
31578
31579
31592
31596
31646
31647
31655
31682
31685
31687
31699
31703
31707
31728
31767
31847
31909
31915
31942
31952
31965
31967
31991
31992
32003
32009
32012
32021
32023
32033
32043
32051
32076
32146
32166
32219
32220
32285
32301
32304
32322
32343
32367
32449
32508
32527
32540
32569
32583
32585
32595
32612
32613
32623
32652
32685
32707
32852
32857
32858
32860
32862
32904
32910
32940
32978
32998
33005
33016
33018
33020
33061
33156
33172
33197
33274
33275
33278
33305
33308
33326
33347
33374
33459
33468
33475
33477
33502
33510
33516
33518
33519
33521
33543
33546
33555
33589
33592
33645
33695
33721
33754
33767
33789
33826
33876
33926
33988
33990
34004
34023
34072
34077
34078
34081
34084
34089
34094
34098
34104
34112
34125
34168
34193
34195
34223
34226
34231
34288
34311
34312
34321
34335
34359
34479
34480
34552
34574
34583
34592
34593
34596
34618
34640
34685
34733
34734
34737
34740
34784
34791
34792
34794
34845
34943
34959
34996
35040
35073
35074
35120
35139
35160
35197
35198
35220
35247
35250
35280
35302
35324
35429
35564
35608
35616
35626
35642
35662
35664
35669
35683
35710
35721
35730
35731
35733
35759
35791
35801
35813
35891
35908
35911
35914
35919
35945
35946
35949
35950
35951
35953
35977
35978
35979
36086
36089
36139
36155
36209
36217
36220
36224
36239
36299
36419
36421
36445
36456
36489
36529
36531
36556
36560
36574
36586
36587
36594
36599
36600
36601
36604
36622
36628
36647
36648
36659
36671
36675
36685
36686
36737
36762
36778
36779
36794
36837
36854
36857
36859
36860
36883
36896
36911
36941
36942
36960
36965
36984
36992
37005
37017
37019
37035
37062
37130
37132
37140
37169
37190
37196
37227
37254
37306
37342
37376
37409
37426
37434
37440
37441
37463
37464
37522
37526
37527
37529
37530
37534
37579
37618
37644
37687
37707
37771
37776
37792
37813
37843
37862
37865
37869
37901
37904
37924
37929
37930
37935
37936
37938
37944
37947
37970
37977
38006
38033
38065
38084
38112
38120
38125
38126
38134
38150
38157
38246
38258
38260
38261
38267
38269
38273
38321
38330
38346
38358
38404
38410
38412
38446
38464
38468
38498
38499
38500
38503
38510
38541
38610
38701
38750
38753
38761
38775
38783
38823
38826
38829
38836
38863
38864
38939
38942
38946
38996
39006
39043
39044
39050
39131
39154
39158
39164
39167
39171
39176
39195
39222
39252
39261
39262
39263
39283
39297
39303
39311
39322
39341
39368
39370
39372
39392
39407
39408
39409
39437
39441
39453
39509
39563
39564
39572
39578
39700
39704
39805
39814
39824
39844
39855
39859
39861
39862
39867
39868
39869
39874
39875
39882
39884
39890
39891
39893
39895
39898
39899
39908
39909
39912
39914
39916
39923
39924
39925
39929
39930
39932
39957
39959
39982
39984
39995
39997
39999
40000
40009
40012
40015
40016
40026
40028
40034
40039
40040
40041
40042
40059
40060
40062
40064
40065
40076
40078
40087
40088
40091
40095
40102
40115
40129
40139
40146
40147
40158
40168
40208
40217
40218
40219
40220
40221
40222
40229
40231
40233
40236
40238
40241
40244
40249
40251
40252
40338
40341
40343
40350
40353
40366
40368
40377
40387
40446
40448
40449
40451
40458
40460
40462
40463
40464
40465
40466
40467
40469
40549
40599
40631
40649
40729
40760
40761
40770
40800
40804
40833
40854
40875
40877
40912
40931
40951
40952
40954
40955
40967
40969
40983
41018
41020
41021
41022
41023
41024
41025
41027
41030
41032
41033
41035
41038
41118
41153
41203
41215
41235
41237
41239
41255
41275
41301
41302
41367
41374
41385
41396
41402
41419
41434
41436
41439
41443
41445
41446
41505
41516
41540
41543
41547
41560
41568
41570
41574
41595
41651
41656
41671
41704
41740
41759
41769
41771
41775
41790
41793
41824
41825
41827
41828
41848
41870
41920
41959
41966
41967
42114
42149
42185
42186
42187
42196
42215
42218
42245
42250
42251
42272
42280
42285
42289
42302
42307
42309
42333
42344
42352
42452
42455
42462
42465
42466
42468
42469
42476
42477
42487
42519
42526
42530
42532
42549
42594
42663
42667
42671
42689
42705
42709
42710
42717
42729
42735
42745
42787
42793
42794
42796
42869
42901
42905
42906
42912
42916
42917
42939
42941
42942
43014
43015
43023
43045
43065
43081
43084
43085
43086
43089
43093
43099
43105
43109
43115
43117
43120
43143
43148
43149
43228
43248
43249
43274
43309
43312
43342
43353
43402
43545
43552
43585
43587
43593
43613
43624
43639
43686
43715
43717
43737
43743
43749
43753
43796
43919
43931
43935
43947
44000
44001
44008
44014
44020
44027
44028
44037
44040
44041
44097
44184
44186
44195
44213
44214
44224
44225
44247
44250
44259
44265
44289
44340
44351
44385
44396
44436
44470
44493
44499
44500
44545
44548
44562
44585
44586
44591
44625
44632
44678
44682
44687
44690
44692
44693
44698
44732
44759
44809
44811
44859
44909
44932
44936
44950
44954
44960
45009
45017
45031
45052
45097
45101
45102
45273
45322
45347
45359
45431
45511
45527
45551
45577
45593
45607
45641
45655
45657
45663
45674
45714
45729
45746
45773
45778
45779
45795
45803
45830
45835
45853
45862
45875
45878
45880
45921
45937
45959
45961
45964
46009
46020
46113
46117
46120
46158
46166
46168
46171
46172
46175
46202
46221
46230
46261
46284
46297
46302
46328
46330
46333
46359
46364
46365
46368
46398
46420
46429
46439
46441
46452
46464
46467
46507
46522
46537
46548
46633
46695
46711
46719
46759
46788
46802
46803
46812
46838
46878
46885
46895
46939
46968
46970
47001
47003
47038
47044
47065
47090
47111
47122
47177
47191
47194
47205
47259
47286
47287
47335
47340
47386
47410
47436
47488
47515
47518
47553
47593
47615
47620
47631
47654
47674
47678
47763
47827
47891
47892
47894
47955
47957
48014
48015
48016
48038
48131
48136
48147
48171
48197
48202
48221
48271
48291
48302
48309
48311
48312
48314
48333
48350
48359
48374
48385
48397
48421
48447
48463
48494
48516
48519
48565
48572
48587
48618
48660
48669
48675
48747
48787
48789
48800
48803
48808
48809
48813
48836
48837
48843
48871
48885
48921
48950
49017
49018
49090
49126
49209
49222
49231
49237
49266
49304
49332
49343
49346
49347
49348
49351
49353
49354
49359
49362
49365
49379
49396
49433
49439
49541
49597
49599
49673
49676
49684
49728
49730
49745
49746
49748
49763
49787
49794
49800
49801
49804
49810
49830
49847
49877
49950
49958
49960
49970
49988
50037
50038
50110
50142
50153
50204
50288
50317
50357
50376
50382
50392
50394
50395
50409
50427
50432
50448
50466
50471
50497
50567
50604
50606
50636
50638
50687
50698
50699
50719
50762
50808
50838
50852
50959
50962
50973
50979
51021
51046
51068
51122
51176
51215
51248
51260
51428
51442
51465
51510
51521
51541
51586
51590
51723
51776
51782
51831
51842
52001
52015
52017
52021
52022
52023
52034
52044
52046
52086
52196
52199
52202
52203
52204
52226
52244
52263
52308
52309
52318
52326
52348
52395
52454
52455
52520
52528
52631
52639
52660
52685
52702
52742
52745
52788
52817
52840
52868
52878
52923
52940
52941
52949
53007
53036
53045
53050
53060
53080
53101
53149
53150
53187
53237
53245
53246
53335
53347
53355
53428
53442
53459
53463
53501
53502
53553
53618
53661
53806
53811
53850
53868
53869
53891
53949
53950
53953
53959
53967
53994
53999
54008
54013
54070
54075
54094
54099
54101
54109
54116
54118
54121
54123
54124
54127
54132
54133
54205
54208
54211
54398
54496
54511
54522
54525
54582
54585
54586
54595
54604
54606
54608
54612
54653
54700
54702
54750
54753
54800
54801
54811
54868
54871
54923
54928
54942
54961
54962
54963
54965
55006
55016
55018
55045
55066
55071
55073
55074
55076
55077
55078
55079
55080
55081
55082
55083
55102
55152
55170
55173
55186
55209
55215
55248
55300
55328
55341
55366
55377
55401
55449
55515
55529
55537
55538
55539
55547
55563
55616
55660
55662
55663
55667
55681
55683
55684
55690
55691
55719
55723
55779
55784
55809
55813
55861
55888
55890
55937
55939
55943
55948
55949
55952
56021
56023
56026
56035
56092
56109
56110
56132
56144
56145
56165
56242
56259
56306
56364
56383
56428
56429
56527
56529
56530
56537
56554
56560
56564
56642
56673
56702
56705
56721
56767
56787
56811
56860
56906
56915
56995
56997
57008
57061
57085
57173
57190
57196
57203
57221
57236
57289
57293
57313
57503
57529
57597
57665
57733
57744
57749
57789
57812
57817
57845
57876
57901
57942
57948
57949
57950
57961
58010
58027
58093
58096
58151
58200
58206
58238
58250
58411
58428
58431
58469
58520
58585
58623
58643
58644
58664
58668
58676
58690
58718
58752
58765
58782
58783
58788
58789
58790
58791
58792
58795
58796
58797
58798
58801
58802
58807
58809
58813
58816
58862
58864
58899
58903
58951
58952
58955
58965
58977
58980
58982
58983
58986
58987
58989
58992
58997
58998
59011
59039
59051
59093
59095
59114
59115
59120
59127
59158
59189
59220
59223
59270
59274
59309
59317
59389
59546
59549
59574
59726
59734
59735
59737
59738
59744
59762
59797
59798
59936
60009
60085
60086
60095
60158
60190
60283
60304
60306
60366
60398
60410
60413
60483
60486
60490
60504
60575
60602
60619
60632
60671
60752
60765
60772
60781
60817
60819
60827
60935
60950
60965
61012
61043
61054
61116
61197
61233
61238
61239
61613
61689
61692
61698
61706
61716
61767
61789
61885
61904
61909
61948
61964
61980
61997
62105
62108
62131
62132
62433
62697
62761
62904
62950
62962
62985
62986
62990
62993
63007
63015
63022
63027
63087
63088
63091
63175
63183
63188
63197
63199
63207
63317
63333
63350
63360
63381
63382
63409
63512
63517
63590
63705
63706
63725
63727
63749
63777
63906
63959
64076
64077
64086
64108
64248
64343
64524
64568
64622
64717
64720
64768
64771
64788
64801
64806
64853
64854
64855
64856
64857
64861
64883
64921
64929
64932
64976
65020
65051
65055
65059
65086
65141
65143
65146
65163
65214
65252
65255
65262
65272
65322
65327
65348
65379
65416
65456
65460
65499
65535
65572
65583
65599
65603
65660
65823
65857
65861
65871
65891
65899
65955
66111
66121
66164
66192
66194
66470
66474
66475
66489
66608
66616
66621
66670
66706
66762
66765
66794
66795
66815
66881
66892
66895
66918
66925
67055
67087
67227
67289
67302
67309
67311
67320
67515
67642
67655
67679
67690
67691
67715
67729
67730
67740
67742
67744
67750
67795
67822
67892
67955
67956
67974
67988
68028
68116
68117
68133
68163
68164
68180
68212
68270
68301
68304
68306
68347
68418
68485
68505
68509
68515
68523
68572
68610
68661
68665
68684
68714
68725
68874
68878
68884
68964
68982
69010
69015
69058
69059
69075
69088
69117
69121
69141
69142
69158
69163
69165
69169
69217
69235
69266
69270
69272
69276
69277
69323
69363
69437
69686
69773
69780
69852
69853
69869
69870
69884
69900
69917
69935
69939
69942
69958
70012
70021
70024
70046
70059
70069
70084
70112
70123
70177
70198
70247
70249
70345
70351
70386
70448
70553
70574
70575
70583
70584
70636
70661
70714
70740
70772
70779
70810
70820
70822
70856
70857
70878
70947
70948
70981
70984
71027
71031
71033
71042
71048
71076
71102
71112
71147
71181
71234
71326
71373
71377
71392
71469
71470
71479
71503
71511
71548
71550
71556
71582
71585
71612
71626
71628
71668
71670
71672
71679
71682
71690
71697
71701
71783
71853
71868
71902
71912
71925
71943
71944
71945
71990
72014
72033
72034
72039
72071
72073
72086
72111
72153
72190
72231
72237
72244
72270
72277
72305
72313
72331
72349
72385
72444
72508
72571
72574
72595
72648
72695
72754
72756
72859
72869
72909
73085
73087
73116
73142
73143
73179
73192
73197
73199
73200
73203
73217
73218
73290
73303
73316
73336
73354
73408
73442
73458
73460
73489
73519
73554
73588
73614
73626
73661
73807
73820
73933
73935
73936
73943
73963
73973
73986
74006
74008
74016
74019
74021
74024
74029
74035
74072
74101
74110
74189
74225
74254
74321
74328
74343
74397
74398
74461
74471
74505
74518
74539
74550
74555
74604
74618
74631
74646
74715
74725
74727
74747
74777
74807
74826
74837
74864
74899
74915
74943
74997
75013
75020
75038
75077
75101
75191
75206
75305
75318
75327
75419
75441
75454
75537
75555
75564
75623
75735
75738
75761
75862
75903
76035
76159
76164
76168
76176
76179
76195
76212
76214
76400
76403
76409
76450
76460
76467
76487
76516
76560
76617
76620
76621
76635
76656
76666
76681
76730
76732
76762
76779
76790
76804
76810
76856
76875
76929
76935
77047
77067
77068
77109
77127
77155
77156
77173
77260
77319
77336
77361
77399
77444
77546
77551
77571
77586
77594
77602
77626
77669
77677
77785
77812
77824
77854
77883
77884
77885
77889
77949
78042
78068
78073
78075
78083
78093
78169
78198
78218
78239
78246
78247
78250
78252
78253
78288
78294
78302
78308
78325
78332
78362
78381
78383
78402
78411
78461
78509
78522
78552
78555
78561
79027
79062
79073
79078
79080
79119
79181
79190
79219
79225
79277
79316
79319
79363
79436
79544
79550
79576
79582
79649
79694
79721
79771
79785
79823
79826
79828
79896
79906
79911
79975
80290
80333
80368
80385
80390
80468
80528
80532
80570
80577
80624
80633
80634
80657
80668
80676
80720
80733
80837
80920
80965
81009
81185
81241
81384
81425
81431
81437
81459
81464
81465
81466
81469
81475
81477
81478
81479
81480
81483
81489
81521
81839
81840
81887
81972
82018
82020
82056
82115
82118
82126
82139
82173
82209
82210
82315
82363
82407
82411
82431
82452
82466
82505
82507
82628
82653
82654
82655
82657
82680
82707
82743
82791
82802
82871
82873
82972
82986
82990
82995
83000
83096
83101
83155
83172
83188
83282
83283
83285
83292
83310
83311
83323
83329
83356
83363
83404
83409
83413
83414
83416
83433
83473
83519
83579
83587
83590
83613
83618
83717
83727
83818
83820
83821
83822
83833
83834
83842
83857
83866
83875
83877
83880
83896
83899
83913
83938
84007
84058
84060
84068
84071
84077
84103
84104
84107
84108
84152
84178
84181
84183
84194
84204
84226
84228
84230
84233
84234
84235
84253
84276
84289
84297
84348
84359
84360
84374
84375
84391
84418
84419
84422
84423
84428
84443
84449
84505
84520
84521
84558
84565
84577
84585
84590
84612
84625
84628
84635
84708
84710
84711
84713
84714
84719
84720
84726
84738
84742
84784
84898
84901
84907
84913
84924
84942
84950
84951
84960
84982
84983
84985
84986
84987
84988
84989
84990
84991
84992
84994
84995
84996
84997
84998
84999
85000
85001
85003
85006
85007
85008
85010
85011
85023
85024
85133
85135
85136
85137
85138
85141
85143
85144
85145
85146
85148
85149
85150
85152
85153
85154
85155
85156
85157
85159
85161
85162
85163
85165
85166
85167
85168
85169
85170
85172
85173
85174
85176
85177
85181
85182
85184
85185
85186
85187
85188
85189
85190
85191
85192
85193
85194
85195
85196
85197
85198
85199
85200
85201
85202
85203
85204
85206
85207
85223
85226
85230
85233
85236
85237
85239
85241
85483
85489
85496
85498
85512
85557
85558
85561
85562
85563
85566
85567
85611
85641
85646
85669
85674
85681
85682
85683
85695
85707
85710
85765
85865
85867
85873
85880
85958
85969
85973
86068
86075
86094
86101
86102
86131
86149
86182
86191
86193
86203
86212
86214
86215
86239
86252
86269
86271
86276
86278
86283
86304
86305
86326
86330
86332
86343
86410
86470
86492
86494
86499
86571
86580
86595
86597
86598
86599
86615
86627
86633
86642
86643
86644
86658
86667
86672
86679
86680
86681
86683
86685
86687
86689
86690
86699
86703
86742
86743
86744
86759
86772
86793
86825
86889
86901
86939
86962
86973
86979
87110
87120
87178
87226
87269
87280
87302
87321
87331
87341
87369
87395
87436
87451
87456
87464
87469
87472
87489
87517
87552
87603
87624
87680
87699
87700
87703
87704
87706
87710
87716
87719
87835
87846
87852
87858
87867
87869
87874
87875
87877
87880
87895
87897
87905
87907
87911
88006
88014
88024
88065
88118
88174
88197
88225
88258
88296
88350
88352
88353
88357
88361
88364
88374
88377
88379
88380
88381
88404
88405
88410
88414
88424
88537
88559
88567
88604
88678
88823
88905
88941
89115
89143
89146
89281
89319
89337
89345
89351
89369
89381
89386
89394
89397
89398
89400
89403
89405
89410
89445
89475
89535
89543
89549
89632
89634
89641
89654
89659
89662
89691
89695
89697
89698
89710
89718
89720
89723
89725
89741
89747
89762
89885
89904
89933
89935
89940
89962
89994
89995
90016
90025
90030
90047
90059
90064
90099
90116
90118
90120
90170
90232
90291
90315
90338
90355
90360
90363
90391
90695
90736
90765
90831
90840
90888
90898
90926
90936
90940
90941
90982
90985
90986
91006
91015
91065
91066
91110
91166
91168
91172
91228
91283
91319
91405
91408
91409
91421
91431
91433
91549
91561
91586
91600
91605
91609
91627
91683
91688
91733
91736
91817
91890
91923
91982
92182
92208
92227
92317
92319
92320
92322
92380
92393
92395
92397
92398
92418
92495
92562
92635
92695
92698
92700
92702
92706
92707
92716
92720
92724
92725
92755
92764
92766
92769
92776
92779
92782
92785
92787
92804
92809
92814
92842
92992
93030
93084
93100
93226
93285
93394
93451
93513
93554
93629
93630
93699
93715
93755
93758
93856
93862
93867
93886
93888
93890
93899
93925
93929
93939
93950
93957
93958
93959
94063
94068
94070
94261
94265
94282
94365
94436
94540
94542
94545
94548
94567
94583
94603
94735
94736
94737
94746
94769
94816
94841
94862
94874
94887
95000
95002
95008
95010
95040
95048
95091
95099
95105
95114
95115
95206
95348
95404
95480
95481
95514
95547
95559
95560
95567
95609
95667
95694
95698
95730
95757
95820
95993
96029
96125
96140
96235
96271
96367
96446
96455
96648
96781
96898
96917
96951
96974
96976
97051
97100
97183
97186
97206
97220
97240
97251
97298
97306
97317
97345
97544
97553
97559
97589
97593
97601
97622
97649
97654
97693
97722
97776
97780
97790
97795
97808
97810
97814
97850
97889
97942
97967
97971
97974
97975
97983
97986
98012
98019
98039
98081
98084
98090
98106
98116
98119
98128
98142
98175
98197
98209
98213
98216
98219
98230
98234
98308
98360
98368
98599
98640
98851
98862
98887
98903
98906
98948
99008
99062
99092
99104
99192
99194
99263
99328
99424
99478
99537
99545
99725
99859
99885
99942
99989
100009
100024
100034
100051
100082
100089
100100
100183
100190
100191
100192
100241
100272
100274
100275
100314
100329
100457
100472
100474
100493
100516
100541
100557
100657
100661
100662
100669
100671
100770
100782
100788
100960
101013
101054
101060
101152
101176
101179
101320
101422
101501
101519
101588
101592
101626
101669
101720
101724
101791
101797
101898
101962
102013
102042
102060
102283
102308
102313
102316
102318
102390
102420
102443
102463
102693
102758
102762
102765
102794
102796
102903
103071
103217
103254
103424
103433
103437
103514
103578
103600
103607
103620
103676
103683
103708
103966
103971
103974
103984
104063
104108
104112
104116
104150
104184
104205
104217
104304
104377
104385
104405
104422
104424
104425
104426
104528
104534
104621
104644
104709
104713
104729
104755
104760
104772
104811
104812
104846
104887
104921
104953
105022
105070
105101
105258
105293
105531
105543
105588
105701
105746
105772
105827
105854
105902
105949
105968
105989
106015
106028
106046
106238
106269
106271
106280
106296
106402
106427
106448
106614
106621
106679
106682
106717
106774
106836
106845
106972
106990
107020
107121
107270
107315
107331
107334
107336
107341
107342
107343
107364
107403
107423
107430
107438
107596
107781
107872
107918
107980
108066
108067
108096
108130
108132
108147
108181
108226
108382
108435
108480
108482
108537
108541
108563
108576
108580
108647
108704
108743
108774
108780
108788
108792
108836
108839
108864
108872
108873
108877
108878
108885
108888
108890
108933
108993
109074
109086
109089
109097
109100
109102
109109
109120
109122
109133
109157
109174
109213
109218
109238
109240
109320
109399
109425
109428
109442
109466
109473
109506
109563
109565
109703
109742
109763
109841
110004
110129
110138
110152
110163
110175
110327
110329
110336
110404
110412
110523
110530
110545
110588
110790
110976
110980
110982
110989
110994
111015
111066
111074
111306
111405
111440
111461
111476
111735
111749
111753
111816
111835
111847
111877
111878
111901
112238
112257
112287
112454
112460
112481
112525
112529
112661
112666
112687
112703
112712
112812
112969
112975
113130
113131
113132
113146
113241
113323
113337
113340
113344
113382
113451
113525
113602
113621
113625
113627
113658
113678
113681
113726
113739
113751
113814
113821
113905
113909
113917
113957
113984
114003
114010
114013
114126
114131
114133
114153
114162
114164
114169
114176
114178
114187
114209
114394
114440
114540
114542
114584
114604
114606
114619
114635
114684
114688
114730
114740
114789
114847
114958
114968
115084
115123
115128
115131
115147
115201
115210
115226
115229
115241
115258
115282
115285
115374
115422
115445
115447
115448
115451
115609
115666
115755
115816
115908
116194
116212
116216
116218
116233
116248
116319
116325
116327
116337
116389
116407
116410
116445
116463
116475
116494
116514
116532
116581
116583
116602
116603
116605
116610
116611
116630
116632
116641
116712
116811
116829
116875
116946
116979
116983
117017
117019
117023
117026
117028
117055
117120
117216
117258
117328
117350
117366
117372
117429
117546
117630
117856
117904
117905
117942
117961
117974
117978
118043
118227
118305
118332
118424
118427
118449
118485
118570
118612
118621
118622
118625
118626
118856
118866
118874
118957
118988
119010
119142
119158
119159
119168
119169
119170
119175
119198
119207
119212
119255
119278
119353
119363
119478
119517
119550
119558
119586
119592
119595
119640
119655
119677
119698
119723
119786
119884
120045
120189
120199
120211
120225
120226
120240
120325
120330
120478
120498
120499
120582
120632
120698
120749
120764
120771
120772
120846
120881
121071
121143
121157
121175
121390
121399
121401
121498
121515
121567
121572
121573
121587
121597
121606
121620
121937
121997
122027
122052
122206
122211
122245
122326
122329
122369
122372
122408
122466
122539
122544
122582
122677
122691
122742
122804
122982
123075
123105
123107
123109
123180
123244
123313
123324
123351
123389
123404
123501
123728
123814
123815
123858
123994
124040
124045
124046
124049
124054
124105
124114
124118
124124
124135
124230
124260
124322
124408
124428
124470
124536
124553
124556
124635
124637
124656
124668
124873
125040
125129
125137
125138
125149
125268
125294
125331
125442
125490
125509
125540
125558
125647
125651
125659
125686
125751
125752
125764
125773
125787
125987
126008
126022
126075
126107
126170
126172
126277
126323
126397
126451
126463
126478
126487
126491
126503
126512
126568
126594
126684
126689
126754
126757
126793
126795
126816
126889
126927
126938
126955
126962
127049
127188
127207
127209
127284
127421
127441
127548
127594
127626
127628
127648
127651
127739
127742
127752
127782
127884
127953
128115
128145
128152
128174
128188
128191
128276
128311
128400
128484
128558
128584
128643
128655
128748
128762
128791
128838
128841
128862
128866
128896
128917
128971
129195
129218
129298
129385
129418
129481
129524
129547
129663
129668
129761
129798
129858
129976
130018
130165
130366
130421
130802
130864
130942
130972
131083
131123
131212
131225
131358
131578
131582
131673
131689
131847
131881
131885
131887
131892
131914
131916
131938
131951
131967
131974
131995
132035
132064
132137
132163
132232
132240
132247
132250
132269
132346
132361
132369
132447
132587
132626
132729
132802
132843
132894
132916
132935
133137
133143
133167
133172
133196
133197
133319
133339
133360
133369
133463
133473
133535
133714
133718
133805
133831
133838
133907
133953
133959
134136
134182
134366
134394
134404
134503
134521
134570
134572
134597
134607
134628
134756
134760
134800
134885
134890
135060
135064
135197
135208
135251
135252
135288
135309
135321
135354
135368
135369
135402
135414
135422
135424
135446
135451
135461
135480
135482
135559
135579
135670
135760
135812
135940
135945
135973
136006
136013
136074
136212
136268
136269
136309
136328
136467
136468
136549
136585
136593
136641
136705
136720
136801
136805
136837
136881
136946
137051
137062
137069
137145
137295
137355
137528
137533
137540
137562
137634
137640
137663
137688
137707
137746
137749
137756
137847
137900
137902
137904
137939
137955
137992
138012
138017
138068
138097
138223
138298
138345
138355
138372
138385
138469
138496
138544
138630
138726
138792
138843
138858
138875
138900
138901
138941
138943
138944
138956
138959
138967
138987
138988
138997
138998
138999
139038
139103
139132
139198
139244
139349
139404
139431
139455
139484
139543
139611
139659
139668
139715
139721
139747
139748
139761
139791
139804
139858
139879
139933
139993
140056
140165
140166
140172
140174
140218
140343
140359
140394
140403
140425
140482
140491
140516
140541
140652
140680
140689
140750
140781
140786
140820
140821
140839
140941
140965
141063
141127
141128
141222
141333
141390
141524
141555
141611
141642
141644
141733
141735
141864
141899
142059
142305
142591
142593
142708
142709
142711
142758
143083
143139
143142
143146
143147
143192
143222
143226
143369
143508
143547
143777
143780
143877
143928
143967
144070
144086
144108
144113
144147
144171
144204
144206
144351
144394
144542
144662
144696
144706
144716
144739
144822
144839
144863
144868
144909
145099
145103
145135
145198
145210
145444
145645
145650
145668
145850
145862
145951
145998
146012
146028
146038
146138
146163
146165
146168
146203
146229
146243
146301
146307
146313
146365
146380
146852
147061
147133
147136
147151
147230
147232
147237
147272
147278
147310
147458
147641
147851
147879
147888
147890
147941
148112
148148
148153
148644
148773
148801
148972
148977
148991
148993
149113
149148
149233
149234
149592
149630
149744
149777
149804
149806
149897
150014
150060
150201
150202
150211
150588
150765
150782
150786
150794
150928
151020
151062
151188
151193
151725
151933
152130
152434
152586
152592
152907
152908
153054
153060
153072
153102
153186
153188
153490
153509
153738
153740
154239
154303
154390
154445
154566
154621
155084
155182
155341
155537
155554
155577
155706
155708
155834
155964
155967
156019
156068
156094
156191
156252
156307
156310
156329
156344
156365
156385
156420
156542
156597
156623
156704
156969
156981
157036
157115
157161
157185
157268
157272
157276
157422
157424
157433
157544
157547
157581
157599
157619
157707
157910
157922
158015
158066
158087
158129
158337
158354
158752
158873
158962
159031
159092
159109
159117
159128
159211
159324
159368
159390
159393
159515
159638
159698
160070
160128
160200
160201
160202
160203
160204
160352
160386
160405
160410
160547
160560
160697
160910
161119
161128
161154
161216
161324
161326
161367
161368
161374
161499
161672
161692
161761
161782
162010
162043
162046
162247
162336
162678
162941
163008
163189
163208
163447
163454
163510
163514
163541
163543
163545
163554
163589
164377
164423
164495
164628
164687
164708
165078
165279
165541
165567
165864
166080
166161
166201
166271
166343
166598
166736
166738
166752
166757
166816
166902
166904
166916
166981
167032
167036
167078
167079
167119
167198
167282
167401
167554
167556
167575
167673
167733
167828
167960
168098
168145
168248
168325
168368
168476
168633
168705
168802
168854
168859
168883
168885
168901
169150
169314
169360
169366
169406
169494
169534
169635
169644
169845
169865
170075
170199
170251
170259
170261
170430
170748
170792
170885
171045
171112
171277
171282
171283
171287
171292
171308
171367
171424
171499
171603
171703
171930
172002
172006
172155
172342
172372
172486
172620
172729
172798
172807
172828
173047
173080
173095
173285
173305
173321
173324
173326
173345
173353
173356
173365
173457
173672
173761
173795
173802
173897
174045
174188
174671
174678
174682
175138
175940
175944
176018
176223
176570
176990
177096
177100
177146
177221
177232
177552
177583
177838
177839
177901
178122
178135
178146
178408
178439
178687
178851
178900
179070
179111
179123
179142
179159
179242
179248
179254
179255
179269
179391
179473
179494
179496
179503
179672
179765
179880
180168
180267
180268
180276
180305
180323
180631
180850
180886
180911
181056
181095
181160
181175
181282
181425
181587
181628
181764
181921
181965
182117
182140
182499
182510
182774
183149
183327
183347
183412
183661
183760
183872
184150
184165
184345
184346
184590
184710
184712
184804
184885
185267
185406
185460
185474
185495
185755
186031
186324
186349
186351
186359
186366
186458
186574
186600
186602
186743
186869
186889
186903
186936
187010
187100
187115
187276
187288
187291
187525
187546
187591
187782
187801
187851
188032
188074
188304
188489
188628
188642
188667
188837
188884
188885
189098
189299
189353
189387
189547
189711
189755
190062
190068
190089
190392
190544
190829
190847
191086
191298
191378
191393
191447
191568
191619
191644
191740
191806
192023
192125
192186
192415
192441
192483
192808
192813
192982
192987
193040
193079
193084
193122
193286
193335
193474
193476
193579
193580
193582
193596
193603
193611
193612
193714
193726
194031
194121
194150
194209
194290
194393
194421
194486
194490
194625
194643
194645
194659
194759
194804
195022
195053
195328
195389
195781
195796
195845
196139
196328
196425
196426
196670
196830
196916
197010
197011
197154
197389
197497
197499
197649
197858
197919
198181
198194
198207
198210
198292
198456
198572
198757
198762
199034
199347
199534
199578
199913
199939
200044
200130
200211
200213
200462
200535
200639
200665
200709
200719
200745
200782
200802
200803
200819
200872
200953
201022
201024
201085
201110
201171
201178
201181
201252
201426
201430
201642
201712
201870
201926
202083
202113
202171
202244
202357
202483
202508
202604
202626
202628
202784
203008
203009
203012
203013
203021
203022
203023
203025
203039
203116
203155
203186
203266
203525
203556
203834
203835
203847
203963
203970
203976
204115
204349
204473
204550
204567
204577
204607
204609
204611
204620
204627
204730
204772
204806
204839
204904
204973
205091
205104
205210
205223
205321
205769
205795
205891
205902
205903
205943
206139
206153
206157
206183
206203
206370
206630
206721
206860
206865
206970
207260
207263
207270
207271
207273
207345
207356
207434
207475
207680
207729
207733
207763
207768
207769
207770
207773
207774
207780
207782
207933
208160
208172
208182
208225
208259
208448
208492
208505
208609
208617
208657
208703
208759
208931
208934
209103
209182
209283
209434
209443
209495
209582
209611
209780
209901
209956
209959
210171
210179
210194
210238
210298
210454
210556
210567
210587
210599
210734
210739
210842
210908
210910
210947
211045
211065
211067
211222
211240
211258
211286
211301
211318
211400
211421
211560
211587
211603
211676
211678
211680
211681
211682
211684
211686
211687
211688
211774
211914
211995
211998
211999
212003
212005
212007
212014
212016
212017
212027
212054
212178
212195
212494
212599
212629
212693
212814
212908
212973
213154
213207
213208
213212
213213
213215
213218
213251
213278
213281
213324
213333
213358
213396
213407
213466
213476
213499
213711
213760
213765
213766
213770
213775
213783
213785
213788
213792
213799
213803
213805
213806
213809
213810
213811
213903
213967
214024
214056
214106
214126
214175
214198
214256
214328
214464
214493
214552
214597
214629
214641
214680
214754
214851
214979
214990
215243
215280
215296
215332
215355
215490
215551
215620
215722
215772
215830
215836
215861
215890
215976
216016
216031
216043
216139
216141
216142
216175
216176
216178
216183
216187
216189
216192
216194
216196
216203
216374
216424
216539
216546
216557
216580
216672
216683
217085
217092
217130
217195
217311
217345
217596
217665
217787
217789
217849
217982
218038
218112
218266
218314
218485
218514
218607
218720
218784
218809
218868
219001
219004
219044
219047
219180
219247
219267
219386
219431
219606
219628
219668
219808
219816
219878
219932
219961
220139
220386
220468
220471
220476
220490
220506
220512
220514
220618
220677
220680
220682
220720
220778
220796
220854
221002
221161
221444
221506
221562
221737
221782
221824
221972
222025
222264
222299
222316
222333
222357
222438
222461
222465
222641
222851
222858
222861
222879
222882
222900
222911
222932
222969
223004
223084
223085
223093
223097
223106
223139
223144
223178
223259
223263
223269
223281
223286
223296
223324
223344
223376
223461
223625
223732
223753
223754
223780
223968
224007
224014
224067
224069
224073
224075
224078
224223
224243
224244
224301
224324
224328
224350
224509
224511
224614
224615
224626
224630
224645
224647
224650
224652
224677
224680
224687
224688
224690
224758
224772
224778
224815
224908
224944
224950
224951
224997
225035
225048
225065
225285
225301
225438
225449
225454
225456
225459
225549
225671
225715
225724
225866
225898
225979
225982
226018
226023
226140
226179
226257
226269
226458
226630
226640
226948
227002
227008
227070
227071
227094
227172
227173
227213
227225
227227
227234
227267
227281
227285
227348
227369
227531
227553
227555
227565
227569
227571
227574
227575
227603
227608
227611
227618
227619
227623
227625
227662
227670
227739
227759
227795
227798
227835
227841
227854
227856
227857
227858
227864
227866
227867
227871
227877
227883
227903
227907
228358
228496
228550
228562
228676
228678
228724
228880
228915
228942
228973
229078
229108
229138
229154
229182
229333
229335
229375
229526
229761
229828
229839
230070
230168
230263
230264
230300
230333
230453
230619
230643
230688
230907
230977
230997
231001
231003
231082
231188
231384
231502
231516
231783
231809
232194
232232
232319
232331
232406
232408
232731
232777
232789
232799
232802
232804
232888
232995
233191
233208
233226
233292
233383
233734
233738
233833
233885
233934
234124
234151
234212
234652
234993
235046
235339
235385
235493
235537
235692
235733
235746
235798
236375
236423
236816
237015
237293
237690
237714
237862
238091
238341
238358
238384
238519
238596
238636
238695
238854
238957
239019
239076
239352
239380
239414
239628
239722
239728
239815
239973
240222
240260
240490
240507
240611
240896
241047
241257
241258
241308
241310
241438
241528
241764
241843
241855
241927
241958
242033
242224
242245
242358
242376
242512
242606
243520
243688
243697
243704
243714
243901
243940
244033
244301
244305
244316
244446
244458
244566
244610
244638
244741
244765
244766
244852
245107
245142
245367
245589
245627
245716
245957
245961
246023
246162
246206
246218
246223
246228
246229
246233
246403
246448
246463
246485
246548
246688
246727
246741
246821
246822
246917
247111
247113
247280
247636
247747
247873
248045
248063
248426
248481
248487
248561
248576
248595
248633
248661
248670
248714
248736
248781
249044
249087
249195
249220
249245
249260
249295
249372
249391
249446
249478
249602
249672
249921
249975
250084
250100
250184
250352
250362
250414
250417
250420
250425
250546
250557
250574
250577
250739
250747
250786
250788
250792
250866
250869
250879
250884
251124
251136
251183
251211
251213
251365
251368
251370
251371
251384
251407
251412
251439
251499
251559
251719
251721
251733
251860
252122
252130
252151
252171
252189
252190
252208
252273
252296
252297
252320
252409
252422
252429
252455
252492
252496
252529
252567
252574
252640
252715
252848
252857
252880
252905
252932
253057
253098
253103
253108
253148
253205
253288
253306
253365
253402
253410
253453
253477
253520
253650
253794
253829
253862
253866
253905
253999
254009
254010
254126
254174
254188
254191
254193
254194
254426
254469
254472
254474
254544
254555
254634
254643
254732
255197
255291
255292
255293
255295
255298
255299
255305
255328
255337
255389
255512
255645
255674
255680
255754
255755
255789
255798
255911
255916
255921
255928
256012
256030
256080
256227
256239
256274
256452
256511
256544
256552
256669
256676
256742
256795
256830
257047
257054
257087
257093
257117
257206
257275
257323
257345
257351
257373
257444
257445
257450
257629
257646
257861
257874
257976
257987
258006
258086
258097
258157
258193
258255
258453
258726
258851
259072
259074
259197
259246
259303
259391
259392
259543
259544
259633
259651
259668
259693
259712
259729
259828
259829
259839
259847
259888
260163
260435
260536
260602
260739
260776
260824
260958
261071
261084
261090
261179
261264
261273
261357
261595
261596
261597
261624
261727
261746
261928
261943
262079
262084
262087
262088
262165
262169
262264
262267
262284
262305
262320
262324
262423
262522
262609
262621
262693
262751
262832
262837
262839
262840
262848
262871
262919
262972
263009
263103
263114
263124
263198
263309
263393
263416
263472
263554
263597
263905
263911
263986
264172
264184
264227
264248
264249
264251
264252
264253
264470
264480
264568
264598
264642
264691
264738
264743
264880
264881
264983
265010
265016
265018
265019
265067
265085
265240
265252
265321
265449
265463
265465
265470
265472
265484
265866
265905
266219
266725
266882
267282
267414
267441
267570
267574
267743
267794
267806
267852
267853
267909
267913
267927
268053
268091
268101
268102
268150
268229
268508
268575
268595
268716
268725
268740
268758
268777
268892
268940
268945
268948
268993
269012
269248
269279
269586
269676
269825
269947
270057
270064
270085
270221
270287
270299
270303
270404
270411
270439
270442
270557
270561
270594
270595
270630
270643
270802
270837
270851
270880
270884
271041
271050
271203
271315
271336
271393
271481
271488
271492
271499
271528
271533
271651
271665
271744
271798
271813
272098
272101
272263
272296
272313
272328
272350
272468
272484
272692
272699
272713
272796
272810
272813
272911
272928
272997
273135
273187
273190
273271
273375
273418
273422
273425
273477
273508
273509
273511
273525
273544
273560
273565
273651
273675
273714
273725
273763
273773
273786
273792
273804
273805
273807
273855
273856
273923
273946
274001
274025
274036
274078
274081
274082
274107
274172
274214
274218
274243
274247
274272
274290
274339
274359
274477
274513
274626
274634
274636
274877
274897
274899
275203
275209
275210
275328
275420
275472
275479
275614
275637
275678
275804
275805
275813
275869
275897
275950
275985
276012
276086
276208
276287
276292
276328
276346
276357
276366
276483
276488
276522
276523
276535
276691
276692
276697
276739
276746
276748
276857
276877
276916
276922
276926
276930
276956
277046
277054
277093
277113
277133
277189
277251
277367
277377
277433
277439
277461
277500
277506
277552
277579
277599
277610
277685
277687
277688
277754
277774
277965
278102
278267
278305
278316
278388
278478
278513
278632
278653
278665
278670
278682
278706
278771
278806
278834
278910
278934
278954
278961
278984
279087
279153
279181
279256
279428
279493
279504
279516
279525
279547
279548
279551
279588
279661
279673
279690
279696
279732
279752
279755
279764
279785
279812
279817
279905
279932
279948
279965
279966
279967
279968
279970
279972
279975
279977
279994
279997
279998
280000
280002
280005
280092
280127
280171
280241
280381
280434
280552
280573
280585
280599
280731
280860
280887
280892
280923
280931
281054
281111
281114
281160
281168
281177
281186
281189
281229
281289
281309
281348
281358
281549
281557
281653
281668
281698
281707
281869
281888
281897
281905
281932
281973
281979
282035
282172
282191
282329
282338
282440
282448
282484
282670
282812
282813
282901
282960
283009
283087
283112
283150
283217
283225
283256
283262
283323
283327
283431
283445
283627
283686
283746
283749
283783
283885
284110
284125
284249
284309
284319
284564
284584
284711
284754
285225
285471
285549
285598
285743
285838
285840
285872
286003
286025
286223
286297
286347
286365
286367
286371
286372
286452
286657
286805
286865
286890
286929
286939
286971
287084
287240
287318
287424
287446
287500
287523
287524
287525
287526
287527
287601
287692
287715
287784
287791
287793
287798
287903
287937
287982
288049
288123
288137
288154
288158
288234
288238
288250
288297
288424
288445
288500
288505
288514
288588
288671
288684
289021
289097
289190
289239
289416
289442
289476
289536
289548
289559
289668
289698
289702
289708
289712
289923
290079
290224
290235
290291
290391
290394
290396
290415
290447
290456
290537
290555
290623
290637
290656
290669
290678
290696
290697
290708
290724
290725
290732
290767
290789
290825
290847
290988
290999
291110
291151
291167
291272
291279
291290
291297
291331
291336
291347
291367
291370
291374
291413
291418
291438
291452
291495
291533
291540
291542
291543
291544
291545
291564
291567
291590
291604
291608
291610
291625
291643
291661
291679
291693
291865
291866
291998
292013
292110
292227
292280
292315
292482
292523
292525
292636
292720
292876
292877
292988
292992
293093
293249
293290
293379
293401
293403
293417
293452
293536
293540
293553
293572
293585
293625
293771
293781
293791
293828
293830
293852
293862
293894
293901
293970
294047
294083
294131
294134
294147
294160
294203
294238
294263
294274
294289
294300
294308
294310
294334
294346
294371
294488
294515
294548
294562
294584
294616
294629
294753
294798
294805
294816
294833
294840
294910
294963
294976
294979
295011
295138
295154
295155
295168
295180
295202
295207
295254
295278
295294
295307
295338
295339
295387
295413
295441
295576
295723
295774
295789
295806
295900
295933
295974
296065
296121
296130
296216
296241
296244
296271
296356
296371
296438
296496
296500
296503
296571
296573
296626
296647
296695
296796
296803
296855
296878
297059
297077
297160
297173
297269
297422
297431
297455
297461
297465
297472
297480
297548
297580
297600
297608
297631
297632
297680
297727
297768
297792
298009
298026
298028
298032
298036
298091
298093
298096
298156
298228
298250
298294
298296
298301
298302
298312
298347
298472
298538
298547
298577
298584
298589
298609
298653
298663
298723
298830
298833
298835
298865
298966
298967
298968
298983
299012
299025
299077
299079
299080
299081
299154
299245
299359
299438
299468
299504
299548
299551
299589
299599
299730
299939
299965
300049
300096
300144
300156
300236
300321
300375
300393
300467
300581
300591
300665
300668
300669
300902
300903
300972
300986
300994
300996
301010
301014
301074
301122
301199
301233
301286
301303
301325
301356
301365
301382
301417
301606
301655
301711
301728
301804
301846
301866
302038
302428
302490
302506
302512
302584
302644
302689
302801
302904
303005
303177
303204
303267
303303
303327
303678
303702
303706
303772
303898
304021
304104
304480
304613
304706
304752
304897
304916
305028
305037
305058
305154
305175
305511
305580
305615
305655
305805
305862
305883
306000
306045
306109
306185
306285
306307
306622
306746
306747
306748
306932
306947
306964
306966
306969
307023
307112
307123
307156
307274
307544
307719
307728
307739
308017
308115
308123
308125
308129
308131
308135
308152
308194
308259
308269
308421
308467
308539
308642
308724
308787
308866
308867
309000
309013
309047
309062
309063
309068
309073
309079
309083
309193
309290
309297
309378
309397
309439
309554
309589
309732
309772
309793
309811
309879
309885
309889
309919
309921
309955
310018
310043
310131
310137
310331
310451
310535
310591
310592
310707
310725
310807
310843
310917
310933
310945
310996
311010
311085
311156
311327
311460
311539
311699
311876
312082
312275
312302
312394
312395
312396
312448
312475
312640
312649
312692
312791
312793
312827
312831
312859
312980
313036
313533
313710
313922
314065
314071
314193
314234
314266
314420
314421
314762
314915
314958
315024
315039
315094
315123
315126
315247
315306
315355
315379
315400
315449
315529
315531
315832
315838
315899
315929
315978
316005
316010
316106
316113
316154
316157
316233
316246
316268
316408
316637
316724
316727
316744
316780
316951
316961
316979
317030
317038
317041
317156
317232
317657
317793
317981
318000
318154
318381
318535
318582
318611
318666
318788
318947
319188
319202
319203
319206
319213
319297
319302
319309
319311
319318
319323
319324
319326
319327
319396
319595
319700
319812
319847
319988
320048
320065
320078
320153
320169
320175
320176
320180
320366
320380
320392
320412
320413
320442
320444
320507
320508
320764
320844
321039
321066
321099
321258
321275
321348
321377
321455
321473
321478
321665
321668
321738
321740
321768
321813
321910
322043
322050
322058
322061
322149
322151
322163
322211
322246
322266
322410
322433
322493
322497
322502
322505
322518
322658
322682
322712
322858
322922
323079
323262
323270
323271
323358
323366
323369
323370
323371
323373
323443
323457
323465
323478
323485
323508
323528
323564
323610
323625
323665
323689
323694
323707
323710
323792
323851
323964
324015
324234
324246
324430
324436
324453
324560
324787
324803
324930
324986
325123
325157
325186
325262
325302
325338
325454
325460
325594
325598
325607
325609
325610
325612
325614
325615
325617
325618
325620
325717
325744
325827
325906
326012
326051
326069
326126
326135
326194
326217
326247
326277
326415
326420
326441
326446
326536
326546
326549
326550
326551
326662
326724
326834
326845
326992
327021
327025
327028
327095
327096
327173
327253
327315
327363
327367
327368
327369
327370
327389
327445
327651
327674
327738
327750
327894
327911
327930
328014
328091
328216
328240
328382
328524
328572
328576
328640
328763
328784
328910
328936
328939
328975
328985
329010
329020
329025
329029
329104
329107
329110
329205
329237
329289
329399
329409
329440
329549
329556
329703
329707
329711
329807
329838
329841
330000
330117
330169
330173
330215
330223
330224
330266
330489
330530
330537
330656
330747
330900
330938
330944
330972
330990
330993
330994
330997
331018
331020
331031
331151
331164
331212
331307
331326
331352
331392
331432
331446
331692
331706
331740
331802
331839
332171
332233
332278
332279
332280
332285
332294
332295
332296
332312
332410
332464
332488
332541
332567
332624
332662
332689
332704
332751
332765
332920
332940
333156
333357
333371
333489
333579
333674
333680
333742
333780
333812
333817
333862
333960
333981
334003
334026
334028
334033
334038
334088
334098
334141
334174
334245
334454
334536
334707
334742
334748
334749
334751
334753
334894
334895
334986
335003
335033
335034
335185
335223
335393
335409
335448
335512
335633
335646
335650
335656
335696
335732
335736
335753
335796
335851
335866
335900
336010
336081
336107
336112
336167
336237
336238
336241
336254
336265
336271
336288
336294
336295
336405
336453
336455
336560
336598
336654
336824
336833
336850
336908
336921
337021
337029
337073
337085
337184
337218
337256
337259
337288
337300
337342
337355
337380
337387
337445
337527
337530
337543
337558
337692
337805
337879
337889
337928
337989
337998
338020
338053
338172
338393
338394
338514
338520
338537
338598
338676
338677
338713
338730
338752
338947
338967
339002
339059
339087
339170
339191
339225
339342
339345
339373
339443
339530
339547
339588
339644
339715
339917
339992
340001
340018
340032
340033
340102
340103
340165
340172
340185
340187
340193
340197
340204
340213
340249
340431
340452
340462
340601
340625
340639
340646
340776
340820
340837
340849
340855
340865
341006
341035
341051
341057
341114
341191
341341
341460
341650
341671
341725
341833
341841
341886
341957
341963
341989
342100
342127
342380
342391
342486
342492
342730
342732
342757
342818
342896
342927
342933
343004
343041
343097
343112
343173
343243
343284
343336
343416
343459
343468
343471
343474
343476
343478
343489
343490
343493
343495
343509
343511
343550
343658
343660
343662
343664
343674
343750
343753
343803
343872
343885
343907
343930
344088
344147
344342
344434
344526
344528
344534
344559
344593
344678
344680
344796
344854
344885
344898
344901
345035
345069
345091
345149
345154
345252
345287
345468
345692
345781
345871
345875
345883
345884
345911
345913
345921
345931
345940
345950
346043
346093
346170
346297
346364
346567
346603
346633
346651
346652
346671
346672
346825
346826
346925
346939
346960
346964
346982
347064
347097
347127
347167
347392
347423
347425
347501
347548
347642
347751
347752
347754
347755
347757
347760
347762
347763
347764
347816
347847
347848
347849
347850
347851
347852
347854
347855
347944
347973
348049
348154
348156
348157
348165
348168
348172
348173
348175
348176
348179
348191
348195
348236
348260
348264
348306
348317
348494
348520
348523
348539
348540
348572
348587
348638
348754
348784
348929
349057
349110
349111
349114
349135
349165
349410
349849
350052
350073
350083
350362
350616
350618
350718
350751
350837
350916
351043
351064
351067
351187
351201
351211
351319
351460
351739
351743
351744
351796
351803
351868
352082
352166
352170
352174
352355
352372
352458
352497
352594
352650
352707
352806
352816
352850
352881
352960
352988
353058
353090
353093
353097
353227
353334
353345
353382
353383
353416
353419
353487
353495
353599
353654
353656
353686
353800
353934
353935
353938
353948
353950
353954
353979
353999
354021
354032
354039
354079
354108
354120
354125
354135
354136
354137
354139
354216
354220
354251
354325
354326
354330
354334
354401
354479
354481
354485
354506
354507
354534
354642
354651
354669
354794
354888
354891
354924
355193
355264
355272
355309
355324
355499
355506
355536
355579
355598
355713
355743
355824
355854
356089
356149
356444
356482
356483
356486
356555
356640
356677
356690
356781
356787
356877
357007
357054
357096
357106
357611
357817
357903
357964
358392
358550
358602
358719
358724
358802
358982
359029
359053
359056
359062
359065
359186
359228
359245
359246
359255
359348
359593
359887
359888
360007
360018
360041
360126
360188
360205
360285
360286
360321
360328
360412
360413
360651
360691
360722
360726
360784
360924
360928
361022
361042
361043
361144
361159
361193
361265
361268
361292
361302
361424
361428
361432
361470
361495
361620
361763
361828
361846
361930
362057
362065
362105
362180
362216
362227
362229
362304
362306
362333
362373
362385
362388
362397
362409
362419
362430
362434
362439
362443
362507
362573
362594
362683
362726
362736
362738
362742
362807
362826
362844
362900
362971
363036
363089
363111
363126
363264
363277
363282
363284
363310
363439
363462
363626
363689
363690
363809
363842
363844
363858
363887
363889
363890
363935
363987
364005
364088
364094
364116
364153
364183
364197
364219
364220
364229
364379
364422
364424
364425
364426
364465
364675
364840
364873
364998
365024
365038
365083
365249
365252
365351
365432
365441
365537
365610
365651
365712
365720
365752
365768
365805
365834
365995
366042
366067
366071
366159
366171
366182
366210
366232
366255
366355
366360
366506
366551
366617
366637
366789
366824
366841
366969
367080
367139
367152
367249
367251
367284
367747
367797
367799
367941
368031
368182
368256
368575
368590
368663
369032
369163
369164
369196
369300
369427
369517
369637
369763
369868
369912
369984
370091
370098
370111
370125
370131
370178
370191
370194
370206
370207
370209
370217
370234
370238
370311
370381
370396
370460
370664
370690
370783
371003
371213
371332
371386
371440
371560
371608
371798
371804
371833
371851
371886
371914
372074
372174
372258
372343
372358
372463
372575
372577
372581
372582
372639
372741
372800
373048
373190
373194
373350
373477
373541
373926
374023
374052
374167
374221
374515
374618
374706
374795
374833
374839
374896
374933
375238
375332
375355
375358
375366
375569
375580
375655
375815
375829
375989
376028
376258
376311
376415
376416
376502
376507
376509
376537
376560
376563
376570
376576
376579
376598
377165
377264
377325
377405
377406
377409
377448
377603
377635
377779
378017
378018
378160
378218
378307
378310
378470
378632
378794
378983
378991
379058
379322
379334
379394
379515
379565
379597
379649
379653
379889
379965
380052
380078
380117
380124
380372
380434
380469
380565
380575
380639
380734
381032
381034
381063
381149
381170
381237
381283
381288
381325
381507
381640
381654
381776
381777
381820
381905
381935
381961
382044
382052
382184
382218
382240
382243
382259
382437
382551
382723
382725
382731
382755
383145
383150
383327
383348
383442
383491
383502
383535
383570
383637
383648
383668
383696
383741
383896
383901
384056
384075
384172
384188
384216
384278
384450
384452
384521
384594
384627
384687
384756
384798
384912
384978
385075
385085
385104
385309
385320
385327
385377
385378
385459
385502
385691
385713
385737
385964
385976
386030
386037
386081
386090
386099
386123
386172
386255
386269
386521
386782
386826
387034
387039
387348
387391
387396
387399
387494
387501
387605
387660
387729
387854
387911
388052
388165
388194
388199
388243
388410
388415
388440
388543
388732
388994
389260
389286
389821
389832
389856
390213
390249
390326
390485
390540
390574
390576
390582
390599
390639
390833
390883
390959
391069
391207
391208
391218
391317
391402
391463
391561
391596
391625
391626
391627
391630
391809
391813
391863
391872
391945
391962
391975
392050
392051
392054
392058
392253
392356
392405
392407
392432
392437
392702
392703
392768
392818
393010
393103
393154
393345
393355
393395
393424
393511
393513
393549
393643
393798
393927
394115
394116
394151
394330
394546
394552
394830
394855
394859
394860
395319
395389
395435
395713
395797
395926
395948
395982
395992
396003
396004
396011
396039
396041
396104
396120
396152
396312
396321
396396
396422
396493
396508
396510
396550
396692
396963
396979
397052
397137
397144
397243
397278
397282
397392
397456
397514
397558
397572
397797
397873
397981
398096
398173
398193
398211
398470
398588
398656
398685
398747
398765
398798
398841
398865
398868
398871
398881
398887
398896
399004
399021
399062
399073
399118
399130
399172
399191
399196
399199
399372
399592
399596
399611
399747
399894
400019
400038
400170
400272
400329
400411
400456
400545
400586
400605
400628
400643
400649
400670
400705
400710
400712
400717
400768
400777
400918
400967
401024
401049
401052
401053
401054
401063
401065
401066
401067
401106
401107
401139
401272
401313
401359
401410
401422
401432
401479
401559
401561
401620
401621
401716
401732
401793
401987
402035
402167
402189
402261
402438
402448
402462
402516
402561
402726
402885
402959
402976
402989
403100
403119
403130
403159
403214
403264
403283
403299
403313
403368
403410
403505
403587
403598
403599
403642
403671
403820
403964
404073
404086
404133
404388
404413
404461
404489
404516
404523
404548
404582
404584
404588
404830
404837
404947
404961
404967
405174
405225
405387
405535
405551
405568
405615
405774
405790
405795
405809
405882
405899
405909
405932
405935
406052
406084
406107
406111
406112
406115
406208
406445
406453
406563
406582
406625
406849
406994
407036
407279
407284
407303
407344
407365
407378
407389
407411
407460
407531
407559
407620
407624
407626
407627
407628
407638
407659
407739
407757
407767
407775
407802
407948
408083
408088
408140
408149
408185
408211
408220
408221
408237
408243
408252
408278
408387
408439
408464
408490
408554
408576
408582
408650
408699
408755
408830
409056
409164
409168
409259
409281
409297
409299
409361
409537
409560
409582
409594
409617
410126
410221
410238
410256
410270
410465
410537
410625
410653
410712
410832
410841
410865
410876
410988
411143
411179
411208
411267
411326
411549
411779
411805
411846
412048
412111
412257
412406
412471
412529
412542
412546
412683
412741
412758
412762
412764
412766
412811
412966
413070
413100
413312
413324
413336
413469
413708
413758
413799
413839
413857
413985
414092
414191
414204
414590
414610
414757
414763
415016
415044
415222
415446
415480
415484
415586
415589
415596
415609
415618
415632
415633
415661
415703
415826
415847
415852
415869
415888
415890
415903
415909
415952
416119
416127
416154
416157
416160
416166
416190
416192
416203
416209
416217
416219
416226
416234
416256
416281
416395
416470
416482
416506
416530
416545
416572
416674
416681
416690
416724
416725
416732
416798
416873
416874
416911
416915
416919
416921
416930
416947
417025
417033
417065
417098
417119
417147
417169
417180
417265
417384
417406
417451
417501
417611
417656
417690
417705
417707
417800
417821
417869
418078
418150
418252
418253
418255
418256
418258
418259
418260
418261
418263
418266
418286
418327
418389
418396
418406
418409
418450
418528
418557
418585
418588
418691
418704
418804
418805
418808
418835
418873
418882
418895
418912
418930
418945
418947
418984
419165
419169
419171
419174
419228
419279
419295
419311
419319
419326
419327
419371
419386
419407
419430
419464
419471
419479
419525
419548
419590
419625
419627
419639
419662
419706
419747
419758
419767
419774
419825
419958
419979
420046
420074
420101
420132
420245
420477
420526
420572
420614
420634
420637
420707
421049
421080
421112
421131
421267
421335
421405
421490
421555
421559
421601
421645
421665
421779
421792
421848
421987
422010
422047
422340
422471
422472
422514
422596
422618
422649
422724
422761
422933
422934
422943
423038
423108
423144
423246
423268
423269
423383
423415
423536
423625
423787
423870
423930
424031
424054
424060
424078
424079
424109
424121
424133
424139
424182
424266
424284
424465
424588
424646
424647
424649
424878
424996
425007
425205
425238
425264
425444
425576
425628
425673
425718
425723
425758
425788
425829
425882
425931
425935
425938
425968
425972
426034
426063
426067
426075
426193
426200
426217
426249
426331
426333
426373
426375
426405
426487
426502
426503
426506
426513
426515
426516
426520
426522
426523
426524
426529
426530
426533
426536
426539
426565
426701
426730
426793
426814
427007
427060
427086
427106
427124
427253
427472
427533
427539
427562
427800
427915
427941
427950
427964
427966
427967
428282
428304
428396
428399
428402
428420
428673
428696
428923
429001
429031
429051
429417
429460
429467
429476
429713
429724
429725
429727
429730
429733
429734
429740
429742
429770
429813
429855
429991
430122
430217
430231
430250
430345
430587
430589
430597
430612
430912
430964
430981
430993
431056
431066
431075
431109
431185
431259
431392
431505
431771
431849
431869
431948
431991
432063
432116
432212
432267
432269
432271
432277
432281
432364
432434
432487
432524
432525
432579
432606
432713
432730
432802
432804
432844
432856
432890
432896
433002
433093
433244
433274
433419
433628
433629
433651
433698
433808
433823
433854
433926
433941
433989
434080
434230
434279
434280
434303
434385
434389
434392
434447
434520
434534
434555
434576
434585
434591
434593
434661
434669
434703
434772
434786
434805
434836
434873
434915
434986
435007
435097
435121
435172
435414
435417
435448
435615
435678
435689
435871
436113
436274
436285
436328
436342
436369
436373
436494
436496
436549
436775
436777
436945
436972
436973
437041
437270
437342
437518
437600
437618
437625
437634
437712
437761
437978
438055
438250
438436
438470
438734
438736
438799
438858
438913
438953
438970
438982
439013
439015
439032
439079
439214
439384
439417
439424
439448
439562
439772
439788
439943
440020
440021
440063
440085
440096
440207
440255
440294
440317
440397
440439
440444
440486
440522
440559
440594
440597
440659
440698
440710
440775
440876
440905
440949
441386
441454
441647
441658
441659
441665
441669
441716
441741
441750
441831
441926
442005
442062
442249
442292
442425
442560
442801
442824
443018
443046
443094
443112
443114
443257
443272
443319
443338
443356
443364
443377
443413
443488
443617
443644
443711
443724
443791
444109
444135
444149
444193
444490
444562
444609
444663
444679
444682
444687
444689
444707
444872
444876
444879
444884
444893
444898
444901
444903
444905
444909
444913
444924
444932
444934
444939
444945
444946
444947
444949
444950
444955
444963
444966
444968
444969
444972
445101
445135
445218
445245
445247
445482
445494
445602
445643
445675
445680
445683
445710
445732
445744
445756
445759
445773
445782
445867
445868
445869
445874
445882
445894
445902
445905
445911
446074
446101
446198
446200
446207
446297
446360
446428
446448
446453
446462
446463
446464
446473
446485
446489
446514
446550
446574
446585
446862
446867
447159
447288
447315
447332
447383
447409
447559
447617
447704
447737
447955
447956
448089
448093
448144
448194
448252
448263
448432
448474
448523
448561
448683
448811
448939
448975
448976
449011
449445
449454
449457
449461
449463
449478
449498
449519
449535
449550
449664
449753
449772
449854
449882
449883
449897
449931
449954
449961
450070
450087
450103
450290
450372
450377
450413
450464
450537
450545
450555
450598
450620
450642
450654
450703
450829
450932
450968
451008
451055
451067
451141
451173
451262
451263
451267
451293
451301
451331
451344
451368
451388
451452
451494
451581
451635
451697
451716
451732
451748
451811
451916
451964
452021
452037
452046
452066
452112
452137
452339
452342
452378
452379
452386
452389
452405
452474
452499
452507
452532
452571
452654
452705
452762
452890
452895
452947
452997
453200
453203
453289
453299
453387
453402
453412
453424
453579
453600
453659
453664
454009
454030
454289
454347
454416
454417
454418
454420
454439
454506
454546
454865
454918
454963
454974
455108
455152
455188
455227
455232
455304
455350
455484
455499
455551
455595
455635
455689
455739
456101
456515
456529
456543
456659
456660
456740
456824
456862
456950
457010
457041
457049
457081
457402
457532
457685
457710
457712
457765
457775
457943
458002
458033
458071
458133
458141
458297
458305
458339
458353
458381
458405
458472
458573
458575
458624
458673
458676
458723
458736
458830
458832
458957
458969
458979
458985
459068
459077
459170
459181
459202
459210
459220
459291
459349
459371
459410
459471
459475
459614
459667
459717
459856
459898
459928
459947
459982
459994
460008
460010
460019
460146
460218
460279
460458
460552
460566
460597
460640
460730
460778
460885
460910
460952
460962
460965
461108
461172
461319
461369
461379
461423
461496
461514
461562
461606
461618
461628
461724
461767
461771
461773
461928
461931
461963
461992
462018
462035
462036
462115
462171
462263
462300
462310
462604
462804
462877
462882
463015
463022
463032
463322
463364
463496
463561
463602
463646
463675
463684
463708
463737
463767
463780
463821
463843
463945
464001
464104
464105
464180
464248
464329
464431
464466
464496
464738
464744
464745
464748
464750
464752
464753
464757
464764
464772
464776
464869
464870
464876
464879
464880
464890
464910
465056
465086
465177
466129
466169
466174
466274
466316
466344
466473
466587
466607
466609
466658
466677
466929
466937
467026
467228
467239
467306
467320
467377
467405
467462
467540
467615
467629
467632
467660
467834
467839
467859
467925
468091
468173
468178
468303
468332
468436
468455
468496
468609
468696
469069
469095
469206
469208
469262
469319
469359
469520
469532
469603
469702
469715
469721
469916
469917
469972
470229
470390
470398
470435
470528
470568
470593
470614
470615
470823
471177
471346
471347
471363
471493
471530
471600
471609
471610
471618
471916
471920
471950
472015
472209
472226
472269
472338
472591
472686
472717
472726
472750
472814
472855
472896
472907
472908
472932
472945
473165
473238
473465
473826
473902
473962
474104
474105
474199
474350
474513
474675
474764
474810
474819
474935
475124
475220
475369
475498
475531
475603
475605
475623
475748
475949
475961
476047
476131
476299
476341
476348
476363
476366
476424
476484
476510
476532
476542
476608
476637
476642
476662
476869
476929
477036
477069
477113
477264
477329
477342
477408
477462
477495
477576
477577
477623
477704
477835
477901
477902
477920
477977
478086
478258
478311
478528
478530
478554
478579
478692
478741
478811
478818
478819
478929
478934
478939
478953
478963
478968
478974
479003
479188
479260
479261
479322
479326
479331
479332
479337
479342
479344
479367
479424
479459
479494
479574
479576
479646
479709
479726
479731
479732
479736
479746
479755
479765
479770
479777
479796
479837
479854
479867
479965
480002
480100
480105
480121
480139
480157
480204
480209
480210
480270
480289
480295
480299
480304
480394
480403
480405
480410
480414
480525
480603
480634
480635
480700
480715
480721
480733
480750
480803
480923
480937
480948
480970
481023
481061
481072
481097
481192
481304
481330
481333
481352
481360
481361
481367
481375
481386
481390
481682
481702
481717
481849
481866
481952
481954
481975
482048
482130
482201
482249
482325
482373
482503
482591
482773
482809
482974
483006
483052
483068
483075
483087
483095
483096
483098
483126
483202
483219
483246
483252
483340
483400
483421
483422
483534
483545
483571
483586
483737
483790
483851
483934
483952
483965
483969
483987
484040
484061
484299
484354
484373
484415
484437
484457
484479
484484
484586
484624
484626
484701
484779
484853
484907
484953
484980
485003
485217
485245
485391
485394
485415
485524
485567
485620
485622
485623
485624
485743
485751
485774
485784
485792
485806
485809
485811
485906
485969
486011
486350
486385
486453
486511
486684
486725
486772
486892
486949
487187
487320
487428
487442
487660
487719
487848
487910
487955
488008
488017
488029
488032
488043
488047
488078
488094
488101
488104
488111
488115
488121
488134
488147
488148
488242
488247
488265
488342
488366
488400
488464
488468
488489
488495
488496
488511
488513
488613
488636
488638
488642
488657
488664
488722
488748
488754
488813
488837
488888
488898
488900
488903
488914
488938
489064
489108
489122
489123
489126
489186
489239
489272
489280
489420
489428
489454
489456
489463
489610
489712
489811
490271
490353
490819
490863
491043
491132
491277
491459
491488
491611
491901
492034
492189
492332
492336
492384
492414
492440
492523
492535
492561
492611
492621
492633
492713
493440
493442
493446
493448
493462
493494
493498
493537
493595
493678
493731
493922
494058
494111
494352
494442
494445
494678
494703
494706
494991
495015
495031
495303
495466
495496
495717
495868
495870
496274
496282
496364
496434
496437
496464
496466
496569
496594
496865
496985
497006
497269
497327
497830
498069
498084
498110
498220
498253
498264
498475
498507
498575
498596
498656
498661
498673
498716
498744
498748
498749
498752
498754
498797
498886
498904
498937
499141
499190
499278
499354
499358
499359
499364
499377
499385
499395
499399
499402
499405
499438
499482
499497
499676
499714
499812
499822
499834
499915
499921
499951
499953
499977
499989
499995
500203
500269
500319
500348
500381
500535
500759
500887
500957
500985
501170
501294
501309
501389
501495
501762
501851
501911
501977
502104
502312
502406
502416
502429
502469
502574
502805
502940
503025
503125
503430
503436
503646
503650
503654
503658
503659
503661
503693
503698
503700
503706
503719
503730
503731
503736
503740
503744
503747
503751
503752
503768
503769
503771
503786
503790
503798
503802
503814
503851
504076
504129
504145
504151
504169
504180
504197
504251
504255
504631
504693
504730
504839
504982
505039
505054
505058
505060
505063
505200
505220
505236
505237
505239
505423
505496
505498
505557
505587
505596
505626
505635
505770
505775
505816
505826
505860
505922
506048
506049
506068
506251
506353
506400
506404
506413
506485
506546
506758
506775
506893
506960
506986
507089
507096
507097
507109
507201
507211
507245
507331
507336
507434
507441
507498
507540
507624
507700
507892
507938
507966
507981
508150
508234
508248
508258
508330
508338
508384
508404
508433
508592
508773
508827
508839
508866
509009
509166
509315
509412
509447
509471
509564
509594
509624
509635
509752
509760
509899
509901
510284
510289
510346
510388
510441
510457
510510
510562
510654
510657
510689
510733
510937
510969
511051
511153
511243
511274
511449
511474
511491
511671
511755
511778
511782
511813
511817
511827
511987
512025
512064
512105
512196
512198
512236
512356
512408
512474
512579
512584
512650
512701
512736
512861
512926
512936
513062
513208
513224
513236
513260
513268
513297
513304
513372
513421
513508
513510
513741
513844
513857
513947
513983
514256
514277
514287
514438
514440
514507
514538
514558
514593
514743
514787
514791
514793
514847
515162
515320
515362
515381
515387
515389
515411
515454
515466
515537
515612
515676
515781
515926
515995
515997
516023
516027
516028
516042
516082
516329
516604
516632
516695
516774
516778
516784
516805
516833
516834
517015
517046
517072
517098
517116
517166
517217
517276
517459
517473
517662
517764
517769
517811
517831
517929
517939
517984
518113
518125
518158
518228
518240
518778
518800
518853
518966
518993
519027
519054
519337
519418
519523
519582
519583
519647
519699
519958
519988
520023
520026
520082
520151
520171
520235
520256
520466
520696
520763
520779
520901
520905
520963
520980
521029
521113
521357
521358
521360
521393
521431
521458
521479
521482
521487
521490
521499
521509
521514
521531
521588
521850
521876
521934
521935
522033
522101
522282
522285
522297
522438
522444
522547
522655
522681
522703
522945
523033
523093
523139
523307
523353
523371
523415
523519
523638
523827
523830
523849
523852
523931
523938
524138
524213
524216
524251
524286
524296
524433
524577
524582
524619
524785
524787
524788
524789
524882
525200
525301
525460
525639
525641
525663
525910
525912
525932
525989
526027
526051
526052
526144
526196
526208
526224
526225
526226
526295
526411
526463
526507
526510
526749
526780
526809
526917
526969
527014
527219
527261
527364
527612
527642
527948
528075
528077
528080
528091
528135
528271
528328
528665
528732
528985
529144
529149
529193
529280
529294
529641
529649
529683
529957
529962
530076
530155
530156
530157
530351
530379
530385
530918
531084
531101
531145
531208
531219
531309
531393
531502
531678
532090
532153
532366
532408
532635
532636
532638
532640
532645
532647
532648
532649
532650
532653
532654
532656
532657
532658
532668
532671
532710
532742
532813
532814
532838
532870
532875
532889
532891
532973
532991
532996
533000
533007
533008
533035
533094
533137
533139
533182
533210
533212
533274
533527
533642
533815
533938
533985
534072
534169
534205
534223
534235
534271
534282
534321
534424
534425
535096
535106
535145
535280
535412
535476
535580
535581
535584
535610
535926
535962
536141
536404
536434
536517
536548
536554
537101
537445
537466
537476
537523
537542
537736
537788
537943
538227
538382
538698
538811
538902
539024
539064
539145
539181
539185
539192
539364
539517
539528
539537
539549
539649
539651
539893
539923
540132
540291
540306
540375
540836
540974
541042
541062
541071
541099
541100
541526
541560
542191
542224
542445
542476
542574
542580
542620
542675
542713
542781
542787
543004
543126
543203
543306
543412
543447
543467
543468
543471
543511
543533
543581
543582
543768
543868
543901
543904
543906
543915
543917
543988
543998
544023
544030
544075
544294
544656
544780
544781
544976
544986
545302
545308
545497
545499
545598
545612
545749
545815
545899
546121
546150
546217
546276
546278
546328
546342
546473
546476
546600
546724
546823
546907
547055
547118
547131
547261
547331
547392
547410
547479
547482
547565
547611
547620
547681
547780
548064
548079
548162
548163
548257
548307
548473
548511
548533
548560
548650
548725
548859
548943
549077
549078
549214
549278
549294
549369
549639
549669
549671
549703
549722
549724
549773
549859
549877
549893
549923
549935
550015
550108
550148
550172
550179
550273
550286
550412
550476
550674
550678
550757
550845
550863
550870
551096
551220
551238
551249
551412
551429
551435
551521
551554
551556
551608
551694
551726
551735
551744
551758
551804
551808
551957
551982
551994
552009
552102
552170
552294
552322
552443
552457
552470
552474
552476
552477
552481
552482
552485
552504
552540
552541
552550
552569
552660
552681
552707
552836
552840
552925
552938
552950
553010
553076
553077
553078
553079
553080
553141
553172
553357
553619
553678
553686
553705
553820
553928
554060
554100
554112
554220
554312
554399
554427
554571
554612
554636
554671
554692
554694
554739
554762
554766
554917
554984
555059
555175
555211
555249
555252
555295
555559
555694
555752
555845
555878
555974
556203
556268
556452
556461
556515
556810
556870
556889
556972
557294
557450
557498
557526
557854
557883
557920
558294
558305
558448
558450
558482
558504
558534
558655
558684
558742
558774
558889
558909
559055
559740
559844
559928
559994
560014
560038
560149
560252
560283
560362
560577
560717
560771
560782
560903
560981
561030
561291
561423
561504
561516
561543
561546
561563
561635
561829
561859
561895
561927
562231
562527
562588
562597
562598
562618
562746
562771
562786
562867
563025
563289
563466
563541
563549
563575
563588
563626
563630
563635
563655
564009
564056
564082
564090
564176
564281
564366
564446
564518
564568
564612
564729
564837
565028
565053
565244
565398
565481
565500
565515
565594
565608
565620
565725
565762
565964
565972
565979
566011
566092
566102
566107
566239
566512
566556
566561
566611
566643
566644
566661
566707
566805
566848
566849
566879
566926
566949
567212
567220
567232
567245
567248
567331
567409
567418
567429
567450
567451
567501
567584
567607
567609
567708
567853
567898
567920
567953
567971
567984
568016
568099
568120
568123
568135
568140
568269
568281
568287
568372
568453
568524
568573
568574
568575
568578
568598
568667
568766
568879
569085
569329
569367
569723
569834
569869
569886
569889
569957
570056
570114
570220
570305
570324
570453
570536
570620
570670
571055
571099
571116
571155
571384
571518
571782
571788
571858
571860
571907
571908
571911
571932
571939
572000
572076
572293
572426
572428
572430
572438
572443
572485
572724
572727
572949
573004
573307
573521
573560
573680
573687
573766
573875
574009
574030
574047
574109
574124
574137
574189
574190
574283
574284
574475
574492
574493
574656
574742
574759
574798
574834
574839
574856
574883
575141
575187
575314
575437
575514
575774
575776
575924
575980
576004
576134
576223
576322
576358
576381
576411
576477
576510
576611
576845
576938
577489
577549
577658
577889
577905
577951
578177
578310
578320
578378
578400
578546
578631
578656
578686
578744
578835
578847
578982
579089
579091
579156
579296
579386
579403
579426
579535
579662
579957
579958
579959
580088
580138
580165
580279
580283
580334
580340
580367
580370
580377
580414
580428
580441
580550
580629
580630
580632
580633
580690
580857
580944
581107
581252
581471
581664
581681
581993
582049
582070
582194
582249
582286
582292
582300
582302
582621
582625
582652
582875
582888
582898
582913
583046
583166
583186
583337
583505
583512
583520
583525
583532
583584
583642
583711
583755
583984
584004
584060
584106
584147
585013
585081
585149
585197
585216
585312
585537
585604
585649
586044
586097
586166
586327
586461
586483
586577
586586
586592
586595
586779
586781
586992
587040
587130
587138
587176
587203
587496
587506
587786
587921
587927
588068
588080
588236
588440
588446
588670
588696
588781
588783
589102
589173
589178
589384
589427
589451
589565
589594
589607
589614
589770
589775
589812
589876
589877
590009
590019
590050
590084
590164
590278
590473
590476
590483
590575
590663
590756
590802
590995
591126
591180
591273
591274
591275
591287
591459
591529
591634
591832
592029
592207
592230
592276
592485
592495
592660
592786
592960
592973
593104
593316
593317
593510
593643
593655
593676
593689
593816
593941
594030
594072
594090
594094
594228
594314
594482
594528
594535
594542
594545
594568
594689
594770
595149
595216
595601
595631
595951
595966
596039
596061
596112
596274
596314
596318
596320
596321
596325
596332
596364
596405
596484
596597
596697
596702
596704
596707
596767
596795
597175
597181
597185
597193
597446
597453
597455
597468
597684
597687
597692
597722
597785
597856
597889
597900
597920
598192
598556
598635
598983
599205
599281
599367
599484
599724
599744
599776
599777
599781
599975
600250
600339
600701
600718
600734
600751
600892
600938
600939
600963
601083
601099
601108
601446
601510
601656
601844
602009
602223
602567
602708
602734
602777
602784
603012
603013
603050
603138
603312
603457
603476
603480
603524
603565
603577
603681
603705
603904
603945
604012
604076
604079
604149
604228
604487
604514
604518
604532
604578
604889
605124
605133
605139
605314
605372
605479
605488
605540
605553
605554
605572
605587
605786
605802
605804
605851
605911
606155
606344
606443
606446
606625
606728
606960
606966
607072
607175
607244
607338
607383
607776
607967
607994
608108
608168
608195
608260
608444
608501
608502
608509
608512
608537
608569
608654
608797
608994
609064
609075
609080
609183
609238
609245
609362
609368
609616
609627
609768
609919
609972
610010
610014
610076
610201
610253
610261
610359
610387
610394
610442
610704
610743
611083
611141
611254
611349
611489
611534
611596
611605
611639
611640
611642
611645
611651
611805
612152
612196
612294
612295
612394
612515
612565
612587
612592
612861
613271
613607
613712
613722
613835
614015
614167
614186
614196
614198
614199
614200
614202
614204
614205
614206
614208
614209
614372
614479
614578
614630
614722
614817
615017
615242
615289
615582
615656
615774
615790
616073
616108
616318
616329
616404
616584
616587
616659
616820
616844
616862
617124
617208
617373
617505
617523
617638
617772
617786
618057
618331
618375
618418
618485
618585
618620
618869
619116
619189
619262
619265
619430
619447
619503
619704
619730
619745
619754
619761
619778
619887
619926
620067
620495
620616
620953
621080
621103
621109
621151
621222
621248
621254
621465
621495
621584
621707
622103
622193
622420
622838
623017
623034
623341
623464
623491
623493
623504
623520
623521
623591
623642
624368
624482
624774
624777
624779
625040
625122
625213
625234
625423
625537
625759
626292
626359
626483
626576
626743
626868
626873
626963
627050
627290
627322
627324
627515
627533
627630
627661
627840
628446
628468
628469
628478
628637
628707
628731
628866
628959
629015
629121
629181
629227
629228
629363
629382
629554
629819
629843
629957
630055
630288
630377
630392
630486
630586
630766
630925
631057
631059
631060
631285
631303
631322
631380
631583
631592
631689
631767
631790
631842
631843
631870
631947
632110
632304
632309
632357
632567
632570
632727
633100
633159
633489
633608
633907
634115
634281
634301
634336
634494
634525
634527
634550
634775
634878
634880
635040
635710
635737
635771
635772
635841
635896
635910
635968
636229
636274
636508
636514
636530
636612
636652
636681
636741
636800
636806
636808
636812
636827
636873
636879
636891
636908
637040
637084
637156
637159
637161
637162
637165
637168
637174
637179
637180
637237
637250
637255
637263
637272
637312
637398
637893
637926
637944
637969
638045
638090
638091
638106
638219
638254
638265
638464
638467
638609
638635
638732
638855
639052
639247
639250
639357
639461
639471
639473
639477
639480
639486
639489
639495
639506
639596
639687
639705
639884
639959
640173
640209
640377
640427
640462
640756
640758
640766
640767
640772
640781
640960
640962
640963
640974
641333
641395
641668
641688
641697
641706
641709
641925
641926
641968
641991
642018
642046
642055
642061
642063
642064
642069
642081
642087
642099
642100
642106
642108
642131
642134
642287
642473
642512
642556
642694
642781
642886
642994
643088
643114
643143
643213
643225
643237
643272
643284
643373
643375
643502
643503
643550
643586
643587
643592
643657
643728
643743
643791
643866
644009
644030
644104
644144
644262
644265
644320
644426
644452
644670
644688
644695
644710
644730
644748
644752
644876
644950
645240
645319
645426
645431
645452
645454
645510
645513
645516
645519
645524
645732
645746
645753
645828
645856
646108
646109
646334
646385
646401
646435
646541
646542
646558
646675
646683
646930
646939
646977
647302
647593
647895
647931
647932
647935
648043
648114
648168
648427
648764
648819
649032
649078
649117
649119
649182
649212
649407
649524
649609
649770
649924
650093
650672
650893
650895
650896
650898
650900
650952
651006
651008
651013
651016
651018
651442
651448
651488
651509
651511
651514
651517
651569
651571
651645
651680
651692
651696
651698
652004
652034
652118
652297
652340
652522
652694
652724
652778
652841
652847
652860
652891
653070
653218
653355
653530
653537
653544
653598
653615
653643
653765
653793
653820
653842
653946
654082
654092
654435
654731
654798
654816
654852
654954
655219
655344
655366
655426
655504
655587
656145
656174
656211
656214
656381
656790
656793
656980
657343
657461
657528
657611
657701
657767
657826
658020
658110
658397
658568
658596
658829
658883
658975
659158
659223
659309
659501
659502
659506
659716
659822
659986
660001
660175
660335
660663
660727
660838
661188
661237
661690
661917
661924
661950
662044
662183
662288
662474
662802
662821
662844
662903
662957
662989
663064
663099
663200
663240
663283
663410
663414
663662
663669
663706
663712
663866
663924
664168
664336
664442
664561
664574
664588
664617
664833
664862
664994
665040
665087
665109
665921
666344
666912
667015
667054
667141
667154
667177
667216
667297
667824
668040
668055
668343
668616
668683
668804
669342
669376
669671
669705
669735
669770
669798
669906
669974
670266
670426
670428
670429
670466
671013
671104
671248
671324
671474
671603
671725
671789
671903
672278
672582
672741
672761
672902
673168
673378
673526
674025
674210
674259
674385
674464
674472
674482
674528
674564
674603
674821
674895
675253
675256
675327
675347
675489
675490
675531
675554
675575
675776
675777
675814
675824
675853
676410
676547
676704
676756
676824
676896
676981
677063
678588
678792
678945
678997
679066
679761
679893
679974
680033
680286
680295
680297
680369
680493
680593
680631
680653
680734
680801
680829
680867
680918
680985
681076
681195
681326
681416
681457
681631
681711
681719
681986
681996
682286
682532
682641
682662
682825
682836
683016
683100
683204
683557
683630
683699
683716
683875
683891
683915
684051
684139
684420
684684
685044
685592
685615
685942
685964
686003
686112
686120
686208
686478
686684
686854
687301
687340
687372
687377
687496
687972
687979
687983
688131
688343
688863
688898
689108
689285
689389
689478
689479
689815
689834
689968
690085
690213
690221
690248
690286
690481
690546
690549
690558
690637
691068
691100
691151
691196
691212
691546
691646
691734
691932
692436
692478
692559
692774
692830
693071
693073
693544
693676
693749
693905
693907
694224
694657
694662
694673
694944
695138
695155
695256
695270
695350
695452
695564
695569
696053
696393
696513
696605
696785
696822
696845
697027
697123
697135
697181
697189
697399
697404
697609
697782
697798
697799
697953
698074
698320
698663
698676
698968
699019
699177
699337
699351
699378
699496
699515
699651
699732
700424
700522
700543
700544
700591
700650
701121
701277
701369
701481
701510
701909
702608
702621
703297
703698
703745
704262
704618
704630
704646
704774
704849
705058
705072
705283
705586
705863
705871
705873
705877
706236
706396
706512
706581
706629
706677
706727
706857
706862
706908
707031
707037
707085
707214
707396
707408
707446
707455
708025
708336
708362
708561
708623
708660
708697
708706
708788
708805
708808
709147
709263
709412
709427
709430
709514
709519
709559
709567
709621
709631
709642
709692
709732
709786
709798
709987
710217
710295
710309
710457
710684
710717
710734
710743
711471
711622
711629
711641
711705
711715
711813
711963
711975
712079
712503
712508
712510
712567
713138
713166
713197
713364
713422
713474
713478
713479
713582
713703
713704
713828
713951
714358
714669
714870
714995
715107
715123
715133
715181
715203
715239
715260
715275
715370
715486
715658
715894
716119
716258
716283
716309
716703
716750
716786
716819
716820
716822
717021
717319
717367
717397
717672
717728
717859
717942
718014
718022
718055
718134
718138
718146
718159
718161
718292
718389
718400
718416
718460
718558
718617
718892
718962
719033
719072
719106
719221
719704
719770
719829
719950
720018
720026
720046
720065
720104
720109
720132
720312
720395
720407
720667
720929
720959
721257
721466
721656
721894
721927
721930
721940
721952
721955
722354
722358
722516
722526
722571
722603
722722
722780
723072
723135
723270
723337
723377
723393
723419
723538
724046
724427
724457
724492
724585
724789
724796
724901
724963
725146
725283
725303
725495
725543
725813
725922
726217
726239
726455
726507
726527
726953
727161
727353
727478
727488
727577
727714
728054
728069
728122
728144
728305
728623
728690
728694
728773
728791
728795
728796
728874
728907
728941
728949
729028
729170
729316
729341
729454
729613
729660
729713
729722
729740
729832
729872
729877
729878
729881
729882
729884
729887
729938
730159
730161
730167
730170
730180
730189
730227
730286
730407
730426
730766
730890
731041
731158
731163
731204
731216
731222
731230
731233
731391
731477
731491
731587
731653
731727
731732
731740
731741
731776
731810
731893
732045
732114
732115
732231
732232
732233
732234
732472
732550
732675
732678
732713
732761
732773
733006
733049
733068
733156
733322
733415
733491
733506
733590
733605
733615
733638
733699
733837
733852
733858
733866
733874
733914
733937
734001
734072
734216
734353
734707
734881
735034
735253
735423
735427
735580
735744
735880
735933
735967
735979
736189
736381
736447
736485
736506
736509
736611
736735
736752
736818
736853
736934
737039
737586
737737
737759
737853
737855
737859
737881
737885
737974
738057
738065
738156
738162
738168
738170
738183
738186
738370
738440
738467
738475
738542
738730
738746
738748
738756
738914
739123
739590
739596
739603
739643
739890
739901
739990
740049
740130
740267
740533
740794
740903
740925
740991
740994
741112
741174
741178
741187
741266
741278
741357
741422
741425
741567
741581
741588
741592
741612
741613
741636
741651
741686
741882
741883
741914
741917
741919
741964
742107
742179
742191
742254
742433
742926
743022
743032
743149
743757
744013
744168
744273
744428
744571
744742
744746
744750
744979
745002
745050
745179
745213
745327
745407
745467
745501
745986
746132
746135
746157
746161
746223
746520
746524
746729
746746
746817
746891
746929
746943
746953
747005
747117
747327
747345
747359
747376
747512
747731
747816
747941
748150
748155
748224
748225
748230
748251
748283
748407
748464
748474
748543
748589
748712
748853
748918
749039
749044
749047
749086
749120
749240
749256
749269
749305
749645
749727
750109
750121
750206
750207
750219
750306
750322
750344
750415
750512
750569
750587
750620
750732
751062
751073
751097
751134
751237
751251
751252
751254
751360
751394
751396
751436
751497
751583
751801
752001
752100
752307
752350
752354
752450
752500
752505
752510
752687
752715
752809
752834
752867
752874
752880
752968
753443
753453
753574
753926
753931
753937
753973
754001
754006
754017
754040
754218
754325
754330
754343
754408
754453
754588
754824
754933
754934
754983
755135
755200
755249
755566
756017
756112
756237
756267
756278
756283
756290
756293
756303
756331
756523
756540
756545
756599
756674
756693
756747
756783
756820
756885
756956
756999
757173
757269
757360
757838
757853
757916
757981
758241
758279
758292
758298
758323
758344
758506
758511
758637
758640
758724
758769
758772
758823
758853
758893
758897
759071
759123
759213
759230
759248
759335
759365
759373
759377
759378
759397
759409
759413
759420
759426
759681
759682
759802
759902
759908
759951
759955
759970
760104
760161
760195
760204
760308
760312
760688
760741
760871
760875
760919
760953
761116
761198
761260
761563
761841
762441
762504
762640
762645
762758
762832
762842
762916
762921
763038
763053
763149
763209
763256
763345
763368
763370
763531
763672
763743
763747
763818
763820
763850
763975
764065
764086
764294
764813
765012
765128
765534
765695
765699
765704
765707
765732
765758
765765
765771
765832
765847
765869
765905
765923
765967
766069
766070
766076
766220
766326
766358
766376
766506
766530
766579
766814
767069
767204
767210
767243
767250
767256
767259
767276
767499
767504
767528
767615
767720
767726
767805
767841
767864
768275
768447
768507
768761
769011
769098
769319
769347
769364
769397
769629
769657
769664
769932
770165
770393
770428
770452
770456
770496
770590
770684
770725
770992
771157
771536
771555
771820
772278
772288
772318
772576
772973
772977
773409
773769
774021
774108
774123
774131
774404
774454
774763
775265
775400
775483
775501
775567
775579
776041
776055
776236
776294
776486
776497
776501
776506
776666
776942
776944
776948
776949
777250
777486
777488
777537
777573
777620
777733
777739
777752
777828
777830
777912
778042
778560
778583
778596
778780
778919
779128
779157
779167
779246
779247
779568
780182
780204
780267
780268
780273
780280
780283
780318
780400
780609
780748
780766
781025
781032
781180
781326
781329
781330
781331
781332
781338
781340
781342
781345
781346
781349
781353
781355
781362
781372
781678
781713
781849
782072
782140
782172
782179
782204
782236
782442
782667
782760
782936
783047
783061
783233
783262
783333
783546
783638
783990
784058
784075
784217
784281
784284
784577
784593
784800
784858
785174
785614
785734
785757
785759
785869
785885
786050
786110
786300
786399
786573
786584
786593
786627
786966
786971
786990
787009
787052
787174
787180
787277
787283
787344
787465
787469
787747
787752
787761
788176
788470
788527
788635
789375
789382
789413
790227
790509
790803
790894
790953
791177
791335
791388
791528
791615
791906
791910
792101
792103
792149
792492
792657
792667
792720
792739
792741
792742
792772
792800
793002
793041
793368
793370
793376
793462
793786
793794
793835
793836
793896
793914
793942
793967
794004
794234
794567
794686
794766
794783
794925
794960
795206
795422
795444
795518
795522
795562
795602
795604
795853
796165
796256
796265
796353
796428
796581
796643
796734
796759
797003
797134
797147
797166
797313
797333
797502
797764
797786
797815
797946
798060
798091
798093
798104
798106
798155
798296
798443
798529
799051
799102
799134
799139
799144
799182
799344
799568
799640
799878
799933
799959
799982
800109
800198
800302
800319
800417
800497
800597
800681
800748
800815
800891
801071
801078
801085
801271
801320
801449
801464
801485
801548
801557
801583
801691
801808
801937
801970
802055
802066
802108
802226
802344
802363
802605
802610
802657
802724
802777
802835
802917
802954
803114
803142
803182
803229
803429
803442
803634
803912
804046
804122
804261
804392
804616
804755
804941
805060
805102
805104
805209
805350
805429
805446
805473
805475
805532
805620
805678
805682
805688
805705
805748
806204
806322
806731
806804
806892
807172
807182
807278
807339
807356
807412
808039
808090
808207
808300
808683
808865
809347
809393
809524
809654
809668
809929
810024
810045
810047
810263
810271
810402
810499
811061
811068
811076
811646
811656
811847
812320
812340
812341
812795
812822
812969
812983
813006
813263
813289
813538
813658
813724
813743
813848
814029
814048
814084
814406
814426
814615
814678
814686
814764
814800
814889
814891
815088
815128
815136
816187
816306
816365
816450
816949
816952
816977
817282
817490
817869
818072
818108
818269
818331
818543
818664
818823
818834
818972
818999
819371
819604
819660
819876
819926
820385
820511
820609
820645
820725
820748
821390
821479
821489
821499
821501
821783
822074
822075
822435
822441
822448
822554
822618
823034
823040
823191
823339
823359
823393
823427
823491
823594
823662
824063
824657
824739
824806
824877
824915
824923
825193
825465
825751
825808
825824
826047
826048
826056
826753
826777
826843
826930
826933
827144
827315
827525
827883
827931
828192
828305
828306
828514
828683
828691
829035
829038
829053
829243
829358
829370
829410
830524
830764
830788
830794
830806
830821
830826
831017
831055
831207
831396
831410
831438
832000
832227
832233
832257
832543
832601
832672
833198
833200
833249
833468
833639
833804
833838
834192
834332
834347
834352
834507
834619
834979
835074
835243
835284
835292
835490
835679
835742
835746
835875
836008
836221
836225
836713
836998
837011
837271
837286
837382
837542
837544
837707
837780
837997
838241
838322
838484
838578
838594
838719
838819
839097
839394
839436
839440
839678
839761
840537
840543
840705
840819
840889
841591
841657
841946
842098
842139
842169
842200
842343
842493
842514
842715
842721
842786
842819
842891
843039
843289
843324
843621
843679
843878
843880
843898
843932
844059
844295
844380
844396
844398
844537
844697
844775
844918
845004
845061
845251
845554
845643
845692
845783
845802
846045
846072
846278
846284
846441
846778
846781
846785
846867
847163
847314
847339
847802
847996
848067
848186
848239
848278
848391
848440
848664
848723
848740
848818
848839
848842
848866
848886
848887
848912
848949
848955
849042
849043
849164
849166
849361
849365
849369
849422
849496
849497
849847
850060
850099
850127
850148
850439
850674
850779
850920
851025
851124
851275
851296
851307
851308
851466
851539
851622
851661
851717
851782
851839
851862
851926
851950
851972
852093
852096
852202
852252
852283
852485
852565
852636
852676
852696
852766
852783
852795
852830
852850
852862
852888
852910
852917
852986
853019
853085
853094
853155
853157
853163
853178
853387
853413
853590
853682
853688
853691
853730
853764
853770
853796
853810
853854
854114
854160
854188
854240
854244
854251
854283
854417
854442
854529
854640
854748
854765
854852
854867
854881
854887
854890
854902
855033
855044
855187
855192
855197
855202
855228
855273
855435
855466
855560
855912
856015
856082
856273
856274
856290
856368
856421
856517
856547
856639
856661
856668
856680
857240
857279
857382
857391
857427
857447
857501
857570
857614
857678
857821
858015
858017
858020
858064
858159
858161
858296
858524
858600
858653
858747
858790
858824
858856
859347
859357
859428
859430
859431
859497
859839
859912
859992
860022
860135
860177
860214
860292
860303
860346
860721
860764
860767
860861
860867
860869
861057
861069
861165
861264
861332
861367
861418
861454
861507
861523
862009
862029
862035
862065
862239
862250
862280
862404
862529
862533
862538
862789
862970
863371
863406
863542
863779
863831
863848
863946
864142
864207
864536
864750
864844
864850
864873
864959
865008
865114
865390
865419
865439
865616
865672
866027
866376
866510
866661
866741
868706
868757
869046
869136
869150
869291
869434
869528
869538
869710
869989
870110
870182
870186
870196
870352
870383
870542
870619
870670
870671
871034
871493
871502
871624
871896
872253
872283
872325
872376
872497
872554
872620
872640
872642
872671
872890
873096
873343
873529
873639
873674
873787
873808
873904
873967
873973
874167
874265
874605
874728
874753
874756
874758
874891
874950
875236
875268
875314
875429
875893
875903
876084
876177
876254
876269
876283
876286
876598
876708
876711
876712
876802
877087
877106
877436
877626
877975
878367
878414
878508
878576
878671
878686
878750
878777
878900
878958
879062
879203
879209
879329
879432
879489
879538
879600
879672
879689
879734
879878
879879
879912
879917
879957
880004
880100
880226
880324
880339
880351
880355
880381
880393
880515
880623
880841
880937
881108
881138
881212
881219
881260
881349
881402
881460
881464
881487
881502
881555
881800
881855
881882
882052
882055
882157
882162
882418
882431
882438
882488
882598
882754
882835
882904
882948
883034
883185
883275
883347
883428
883977
884093
884184
884288
884304
884356
884517
884536
884826
884882
884996
885117
885121
885187
885284
885346
885468
885683
885755
885903
885938
886083
886142
886427
886481
886514
886581
886711
886778
886828
886873
886963
887130
887265
887318
887445
887690
888097
888117
888192
888212
888257
888368
888452
888478
888502
888694
888838
889046
889198
889418
889485
889753
889977
890348
890407
890771
891195
891282
891702
891704
891811
891931
891983
891989
891996
892075
892087
892110
892113
892175
892219
892771
893032
893338
893861
893985
894205
894239
894399
894698
894699
894844
895181
895318
895744
895814
895862
896163
896268
896352
896448
896662
897260
897338
897343
897424
897871
897954
898100
898555
898563
898714
898770
898774
898791
898798
899215
899294
899324
899445
899579
899907
899977
900273
900322
900913
901060
901321
901385
901418
903040
903276
903500
903513
903802
904116
904669
904924
904926
904929
904931
905044
906460
907390
910355
910889
911072
911348
911425
911860
911904
911926
911931
912391
912404
912734
912858
912865
912872
912937
913062
913290
913415
913568
913673
913726
913772
913878
914215
914228
914572
915967
915968
915982
915984
916042
916117
916300
916433
916489
916589
916735
917007
917199
917222
917315
917324
917496
917514
917708
917990
918007
918096
918356
918547
918594
918621
918749
918940
919076
919131
919345
919530
919873
920081
920419
920429
920470
920642
921022
921213
921216
921384
922247
922496
922504
922562
922607
922848
923217
923321
923672
923763
923869
923994
923995
924033
924323
924618
925168
925457
925705
926003
926092
926153
926166
926255
926378
926449
926467
926599
926606
926682
926687
926688
926762
926813
926818
926827
926831
926837
926899
927287
927359
927516
927771
927849
928015
928077
928116
928162
928345
928391
928480
928634
928773
928776
928777
928778
928779
928796
929030
929118
929230
929334
929562
929947
930055
930057
930253
930308
930314
930600
930726
930765
930791
931049
931153
931237
931295
931346
931349
931358
931375
931398
931447
931455
931510
931529
931594
931628
931734
931892
931922
931940
932276
932943
932994
933088
933090
933138
933140
933260
933292
933726
933900
933908
934131
934194
934201
934205
934207
934241
934433
934438
934553
934601
934611
934665
934781
934841
934957
935020
935347
935720
935999
936002
936042
936358
936444
936615
936783
936820
936852
937306
937393
937663
937693
937765
937941
938049
938596
938600
938614
938669
938804
938935
939616
939621
939811
939914
940045
940382
940402
940561
941041
941060
941062
941256
941464
941516
941711
941723
941883
942161
942251
942890
942907
943233
943527
943701
943788
943919
944323
944367
944471
944568
945071
945093
945382
945383
945591
945610
945657
945840
945880
945961
946020
946215
946217
946253
946317
947305
947335
947503
947612
947884
948056
948495
948785
948892
949423
949544
949567
949569
949574
949607
949621
949635
949710
949806
949855
950088
950120
950124
950125
950141
950198
950489
950620
950636
950680
950711
950925
950975
951443
951491
951546
951996
952045
952054
952302
952733
952780
952813
952876
953165
953211
953367
953377
953482
953754
954369
954388
954439
954509
954914
955224
955323
955336
955353
955455
955686
955692
955714
955768
955820
955897
955950
955991
956056
956226
956351
956469
956524
956547
956835
956920
957121
957284
957314
957394
957452
957598
957804
957841
957842
958598
958633
958975
960077
960081
960258
960469
960470
960486
960688
960788
960993
961137
961427
961512
961613
961962
962354
962458
962486
962691
962764
963062
963140
963188
963591
963637
964609
964847
964856
964873
965455
966342
966364
966436
966643
966723
967022
967586
967967
968051
968094
968340
968351
968397
968604
968779
968862
968867
968927
969048
969160
969245
969451
969573
969578
969686
969701
969725
969728
970450
970512
970806
970947
971065
971148
971152
971294
971466
971725
971757
971766
971773
972040
972200
972239
972244
972488
972601
972617
972625
972701
972711
972731
972740
972816
972988
973093
973471
973480
973714
973899
973911
973970
973978
974021
974037
974046
974187
974191
974264
974284
974320
974558
974604
974675
974706
974776
974926
974931
975022
975026
975047
975265
975302
975502
975670
975801
975957
976224
976260
976374
976432
976441
976553
976714
976798
976898
976923
977000
977013
977052
977147
977394
977398
977554
977639
977683
977786
977845
977866
977994
978040
978071
978158
978217
978651
978796
978928
978938
978987
979051
979094
979499
979591
979728
979755
979757
979760
979806
979967
980062
980078
980128
980144
980150
980152
980155
980168
980173
980185
980325
980382
980395
980411
980446
980457
980605
980993
981006
981270
981314
981316
981319
981322
981323
981324
981329
981347
981348
981608
981696
981777
981899
982151
982312
982317
982322
982419
982467
982498
982543
982552
982620
982637
982752
982842
982869
982909
982959
982966
983286
983420
983421
983496
983527
983539
983758
983825
984072
984081
984105
984142
984225
984464
984555
984640
984670
984862
984961
985059
985060
985062
985102
985288
985296
985329
985335
985726
985890
985892
985897
986070
986097
986197
986201
986359
986402
986608
986677
986805
986859
986990
987102
987136
987236
987294
987315
987330
987332
987401
987434
987772
987911
987912
988092
988165
988233
988234
988480
988498
988586
988591
988777
988857
989708
989751
989872
990204
990266
990419
990521
990577
990675
990695
990891
990982
991170
991173
991291
991294
991351
991357
991611
992090
992277
992460
992499
992707
992709
992836
992846
993049
993056
993164
993259
993324
993398
993402
993517
993784
993867
993871
994138
994143
994224
994348
994614
994629
994759
995184
995302
995803
995805
995810
996315
996503
996581
996619
996658
996720
996727
996761
996885
996976
997316
997383
997390
997395
997550
997553
997620
997887
998134
998224
998293
998390
998403
999126
999131
999136
999243
999308
999349
999386
999640
999677
999681
999697
999735
999869
999874
999981
1000173
1000723
1001414
1001547
1001669
1001688
1001755
1002135
1002226
1002258
1002644
1003114
1003233
1003264
1003273
1003734
1003821
1003838
1003849
1003913
1003960
1003990
1004130
1004269
1004466
1004563
1004621
1004635
1004645
1004691
1005004
1005020
1005318
1005367
1005376
1005388
1005545
1005559
1005772
1005776
1005860
1006437
1006453
1006462
1006769
1006947
1007002
1007205
1007217
1007272
1007535
1007931
1007983
1008042
1008169
1008368
1008374
1008385
1008392
1008412
1008413
1008452
1008732
1008756
1008876
1009154
1009663
1009719
1009840
1010600
1010673
1010708
1010754
1010755
1010756
1011017
1011026
1011043
1011207
1011213
1011219
1011566
1011604
1011679
1012279
1012298
1012520
1012560
1012582
1012706
1012855
1013325
1013482
1013589
1013599
1013699
1013870
1013982
1014333
1014422
1014501
1014503
1014574
1014629
1014648
1014659
1014661
1014932
1014975
1015080
1015081
1015254
1015261
1015303
1015360
1015482
1015539
1015812
1015872
1015908
1015957
1016268
1016453
1016519
1016686
1016696
1016848
1017030
1017063
1017324
1017328
1017335
1017469
1017635
1017752
1017821
1017910
1017995
1018055
1018088
1018133
1018149
1018169
1018219
1018416
1018539
1018542
1018549
1018653
1018799
1018804
1018829
1018852
1019105
1019123
1019444
1019542
1019556
1019581
1019836
1019858
1019961
1019967
1020182
1020410
1020414
1020696
1020730
1020791
1020857
1020910
1021064
1021335
1021456
1021470
1021532
1021921
1021950
1022002
1022024
1022103
1022115
1022128
1022244
1022634
1022767
1022779
1022827
1022828
1022892
1022988
1023082
1023086
1023241
1023315
1023371
1023922
1024530
1024532
1024535
1024555
1024597
1024598
1024702
1024721
1024773
1024800
1025190
1025647
1025832
1026222
1026244
1026299
1026421
1026496
1026532
1026542
1026772
1026819
1026891
1026938
1026942
1027160
1027385
1027465
1027496
1027873
1027876
1027899
1027919
1027933
1027950
1028005
1028359
1028424
1028583
1028703
1028720
1028944
1028955
1029033
1029038
1029132
1029169
1029235
1029281
1029322
1029465
1029536
1029539
1029659
1029773
1029955
1030149
1030247
1030250
1030253
1030350
1030460
1030537
1030655
1030721
1030789
1030983
1031114
1031198
1031206
1031216
1031280
1031283
1031306
1031358
1031393
1031478
1031488
1031659
1031702
1031833
1031838
1031876
1031929
1031989
1032061
1032121
1032223
1032372
1032385
1032419
1032448
1032479
1032490
1032506
1032612
1032620
1032628
1032664
1032666
1032823
1032876
1032948
1032949
1032988
1033052
1033244
1033320
1033413
1033494
1033636
1033801
1033805
1033883
1033909
1034045
1034093
1034172
1034245
1034520
1034541
1034542
1034580
1034673
1034725
1034771
1034886
1035420
1035450
1035462
1035499
1035583
1035595
1035641
1035654
1035689
1035705
1035798
1035882
1035903
1035982
1035995
1036239
1036291
1036293
1036685
1036809
1036814
1036820
1036914
1036985
1037017
1037125
1037352
1037355
1037459
1037578
1037599
1037628
1037664
1037684
1037841
1037863
1037903
1038002
1038043
1038048
1038092
1038116
1038134
1038217
1038272
1038378
1038392
1038454
1038460
1038473
1038869
1038938
1038972
1039019
1039233
1039368
1039380
1039425
1039454
1039761
1039767
1039790
1039792
1039795
1039803
1039811
1039821
1039871
1039928
1040150
1040155
1040161
1040176
1040182
1040197
1040229
1040292
1040616
1040632
1040821
1040884
1040892
1040938
1040961
1041150
1041195
1041446
1041517
1041613
1041631
1041680
1041905
1041968
1041971
1041972
1042028
1042049
1042091
1042114
1042158
1042179
1042316
1042369
1042555
1042623
1042657
1042678
1042736
1042741
1042778
1043169
1043197
1043313
1043608
1043675
1043725
1043746
1043893
1043984
1044305
1044433
1044533
1044714
1044719
1044873
1044878
1044945
1045244
1045275
1045563
1045572
1045659
1045777
1045801
1045940
1045983
1046021
1046120
1046297
1046594
1046603
1046729
1046810
1046896
1046909
1046969
1047365
1047376
1047453
1047662
1048097
1048099
1048254
1048448
1048494
1048582
1049024
1049070
1049075
1049501
1049553
1049591
1049607
1049622
1049942
1050249
1050443
1050464
1050676
1050752
1050988
1051483
1051518
1051560
1051646
1051735
1051896
1052157
1052158
1052169
1052244
1052558
1052559
1052633
1052907
1053193
1053244
1053563
1053734
1053846
1053908
1053914
1053943
1054109
1054273
1054294
1054422
1054624
1054643
1054778
1054947
1055108
1055206
1055233
1055363
1055365
1055384
1055424
1055451
1055510
1055783
1056030
1056493
1056501
1056502
1056561
1056569
1056590
1056838
1057340
1057621
1057626
1058152
1058343
1058372
1058537
1058619
1058638
1058689
1058710
1058717
1058736
1058936
1059066
1059091
1059142
1059345
1059407
1059537
1059593
1059990
1060205
1060341
1060351
1060421
1060839
1061125
1061261
1061347
1061429
1061456
1061656
1062084
1062137
1062181
1062215
1062276
1062413
1062528
1062722
1062839
1062962
1062970
1063589
1063639
1063731
1063750
1063829
1063830
1063877
1063882
1064014
1064028
1064178
1064418
1064775
1064909
1065610
1065616
1065722
1066113
1066272
1066376
1066383
1066485
1066767
1067000
1067337
1067568
1067571
1067575
1067714
1067825
1067828
1067954
1068623
1068936
1068952
1069175
1069178
1069350
1069510
1069825
1069869
1071084
1071115
1071215
1071244
1071529
1071552
1071554
1071607
1071677
1071779
1071807
1071976
1072070
1072074
1072342
1072424
1072450
1072928
1072949
1073077
1073079
1073109
1073752
1073973
1074103
1074386
1074533
1074608
1074609
1075335
1075350
1075356
1075618
1076318
1076692
1077191
1077350
1077433
1077470
1077552
1077874
1078079
1078136
1078203
1078318
1078474
1078479
1078492
1078605
1078741
1078743
1078907
1079158
1079235
1079250
1079421
1079485
1079613
1079640
1079643
1079707
1079725
1079820
1079837
1079915
1079937
1079940
1080249
1080282
1080284
1080485
1080723
1080816
1080917
1080980
1081000
1081069
1081088
1081208
1081260
1081400
1081575
1081662
1081694
1081706
1081759
1082246
1082701
1082791
1082828
1082925
1083119
1083188
1083381
1083433
1083669
1083699
1083729
1083733
1083816
1083818
1083819
1083858
1083968
1084176
1084187
1084199
1084222
1084225
1084237
1084287
1084721
1084741
1084745
1084750
1084753
1084890
1085053
1085067
1085103
1085113
1085252
1085263
1085692
1085788
1086260
1086321
1086611
1086747
1086867
1087155
1087293
1087388
1087615
1087694
1087803
1087822
1087828
1088080
1088143
1088157
1088179
1088501
1088619
1088944
1088982
1089123
1089134
1089187
1089228
1089235
1089545
1089677
1089951
1090141
1090171
1090222
1090273
1090314
1090323
1090658
1090661
1090724
1090983
1091267
1091298
1091392
1091546
1092073
1092324
1092365
1092806
1092892
1093098
1093354
1093662
1093793
1093797
1094265
1094274
1094293
1094355
1094403
1094596
1094678
1094713
1094787
1094836
1094960
1094962
1094963
1094984
1095025
1095036
1095340
1095499
1095541
1095700
1095775
1095807
1096022
1096076
1096197
1096443
1096486
1096630
1096838
1096890
1096996
1097092
1097150
1097191
1097199
1097251
1097322
1097354
1097745
1097789
1097801
1097964
1097971
1097983
1098008
1098018
1098024
1098055
1098072
1098077
1098117
1098118
1098160
1098163
1098335
1098378
1098513
1098898
1098939
1098965
1098988
1099080
1099085
1099109
1099228
1099454
1099688
1100046
1100125
1100213
1100221
1100244
1100270
1100782
1100841
1100849
1100950
1100988
1101224
1101501
1101540
1101576
1101647
1101700
1101813
1101818
1101819
1101821
1101831
1101839
1102000
1102006
1102067
1102226
1102231
1102425
1102526
1102615
1102838
1102905
1102910
1103117
1103160
1103192
1103233
1103391
1103402
1103407
1103420
1103437
1103448
1103463
1103495
1103598
1103731
1104052
1104185
1104670
1104761
1104771
1104805
1104999
1105014
1105060
1105121
1105462
1105856
1106012
1106213
1106350
1106717
1106982
1107039
1107077
1107166
1107325
1107359
1107637
1107717
1107752
1107787
1108405
1108673
1109406
1109493
1109739
1109927
1109928
1110052
1110099
1110171
1110546
1110688
1110690
1110775
1110989
1110997
1111446
1111687
1111873
1111892
1111893
1111948
1112171
1112204
1112234
1112303
1112617
1113231
1113278
1113305
1113412
1113484
1113604
1113771
1113956
1114072
1114096
1114137
1114313
1114323
1114513
1114562
1114743
1114922
1114928
1115037
1115208
1115315
1115393
1115604
1115694
1115710
1115744
1115827
1115939
1115980
1115985
1116201
1116536
1116628
1116984
1117178
1117233
1117321
1117388
1117550
1117627
1117952
1118033
1118201
1118273
1118388
1118608
1118800
1120016
1120025
1120080
1120217
1120246
1120362
1120409
1120447
1120863
1121297
1121322
1121404
1121436
1121615
1121697
1121753
1121903
1122217
1122242
1122504
1122519
1122549
1122588
1122679
1122867
1123023
1123380
1123503
1123677
1123903
1124023
1124152
1124219
1124272
1124464
1124509
1124533
1124620
1124630
1124792
1124887
1124914
1124918
1125102
1125160
1125186
1125311
1125371
1125609
1125627
1125639
1126010
1126032
1126094
1126234
1126492
1126577
1126637
1126748
1126897
1127175
1127279
1127337
1127375
1127384
1127407
1127676
1127707
1127839
1128165
1128168
1128181
1128187
1128204
1128209
1128252
1128298
1128299
1128300
1128474
1128596
1128619
1128941
1129068
1129093
1129136
1129154
1129183
1129250
1129494
1129598
1130053
1130070
1130097
1130173
1130276
1130450
1130453
1130458
1130571
1130607
1130784
1131142
1131320
1131444
1131755
1131907
1131927
1131975
1132147
1132497
1132631
1132640
1132766
1133128
1133651
1133667
1134048
1134089
1134094
1134475
1134546
1134562
1134866
1134902
1135190
1135223
1135245
1135281
1135381
1135385
1135429
1135900
1135963
1135978
1136019
1136100
1136113
1136314
1136347
1136382
1136487
1136721
1137068
1137076
1137145
1137205
1137232
1137242
1137423
1137458
1137538
1137688
1137799
1138037
1138194
1138198
1138327
1138682
1138685
1138687
1138689
1138936
1139036
1139098
1139099
1139106
1139111
1139126
1139129
1139133
1139138
1139261
1139296
1139617
1139623
1139713
1139937
1140017
1140168
1140243
1140535
1140556
1140648
1140847
1140866
1141182
1141206
1141267
1141280
1141416
1141690
1141692
1141741
1142186
1142221
1142275
1142322
1142400
1142414
1142694
1142736
1142820
1142913
1143112
1143190
1143211
1143790
1143801
1143995
1144028
1144180
1144279
1144340
1144435
1144519
1144527
1144539
1144577
1144917
1144978
1145028
1145036
1145221
1145279
1145348
1145351
1145474
1145531
1145542
1145592
1145685
1145765
1145817
1145881
1146023
1146141
1146143
1146146
1146147
1146148
1146149
1146246
1146249
1146253
1146433
1147236
1147240
1147276
1147322
1147512
1147590
1147598
1148027
1148040
1148207
1148459
1148787
1148852
1148862
1149033
1149276
1149279
1149881
1149916
1149940
1149943
1149987
1150192
1150264
1150399
1150497
1150504
1150832
1151030
1151031
1151186
1151317
1151320
1151326
1151329
1151443
1151505
1151586
1151692
1151695
1151703
1151709
1151713
1151721
1152050
1152222
1152303
1152330
1152416
1152468
1152470
1152559
1152619
1152639
1152879
1152952
1153020
1153281
1153416
1153644
1153714
1153770
1153913
1153997
1154296
1154300
1154330
1154456
1154994
1154996
1155059
1155067
1155090
1155095
1155102
1155107
1155187
1155261
1155516
1155519
1155547
1156141
1156182
1156834
1156991
1157287
1157430
1157482
1157594
1157693
1157784
1157981
1158149
1158226
1158249
1158326
1158385
1158427
1158680
1158697
1158709
1158776
1158807
1159004
1159204
1159256
1159477
1159518
1159559
1159831
1160003
1160134
1160171
1160175
1160200
1160340
1160526
1160618
1160748
1160923
1161115
1161145
1161655
1161663
1161988
1162348
1162400
1162685
1162834
1162858
1163256
1163418
1163775
1163878
1163969
1164176
1164222
1164362
1164563
1164935
1165095
1165122
1165144
1165269
1165437
1165452
1165456
1165466
1165543
1165544
1165900
1165918
1166240
1166528
1166592
1166773
1166953
1167222
1167311
1167553
1167656
1167764
1167913
1168089
1168236
1168458
1168460
1168821
1168953
1169210
1169439
1169681
1169791
1170057
1170145
1170919
1171230
1171233
1171884
1171888
1172466
1172491
1172493
1172652
1172700
1172726
1172892
1172918
1173070
1173124
1173185
1173197
1173214
1173316
1173559
1173580
1174019
1174081
1174093
1174161
1174194
1174200
1174240
1174278
1174492
1174618
1174811
1175000
1175038
1175182
1175189
1175217
1175237
1175402
1175574
1175601
1175873
1175992
1175996
1176128
1176130
1176393
1176464
1177116
1177158
1177275
1177377
1177411
1177445
1177512
1177513
1177529
1177533
1177573
1177871
1178329
1178627
1178705
1178831
1179110
1179119
1179165
1179170
1179188
1179252
1179504
1179558
1180166
1180255
1180326
1180483
1180572
1180583
1180762
1180763
1180879
1181215
1181217
1181277
1181435
1181499
1181555
1181566
1181568
1181830
1182283
1182286
1182445
1182601
1182646
1183096
1183104
1183199
1183372
1183405
1183487
1183564
1183629
1183937
1183972
1184294
1184424
1184433
1184620
1184688
1184784
1184982
1185020
1185029
1185076
1185192
1185432
1185439
1185441
1185602
1185623
1185780
1185790
1185927
1185950
1185980
1185988
1185995
1186013
1186023
1186274
1186332
1186362
1186605
1186735
1186749
1187025
1187097
1187100
1187186
1187339
1187417
1187498
1187504
1187609
1187937
1188278
1188423
1188447
1188598
1188626
1188677
1188738
1188741
1188972
1189015
1189016
1189157
1189159
1189160
1189205
1189259
1189281
1189287
1189354
1189370
1189390
1189510
1189512
1189620
1189798
1189885
1189981
1190025
1190057
1190071
1190128
1190151
1190400
1190462
1190629
1190755
1190868
1191076
1191318
1192124
1192205
1192222
1192224
1192441
1192562
1192618
1192794
1192906
1192922
1193038
1193314
1193341
1193501
1193659
1193776
1193824
1193866
1193927
1194019
1194185
1194257
1194372
1194420
1194644
1194713
1194776
1194816
1194931
1194955
1194974
1195095
1195107
1195323
1195342
1195638
1195652
1195715
1196067
1196089
1196108
1196198
1196365
1196450
1196555
1196646
1196674
1196782
1196911
1196980
1196997
1197056
1197058
1197060
1197137
1197547
1197721
1197772
1197830
1198355
1198450
1198475
1198618
1198620
1198717
1198984
1198994
1199289
1199389
1199496
1199546
1199731
1199836
1199869
1199990
1199996
1200005
1200012
1200042
1200414
1200512
1200554
1200677
1200801
1200866
1200877
1201176
1201262
1201338
1201697
1201734
1201753
1201757
1201834
1201986
1202107
1202188
1202267
1202306
1202479
1202568
1202859
1203068
1203195
1203829
1204462
1204650
1204660
1204761
1204772
1204832
1204881
1204917
1205084
1205108
1205119
1205225
1205229
1205369
1205384
1205656
1205801
1205826
1205911
1206083
1206589
1206635
1206701
1206921
1206952
1206989
1207622
1207637
1207898
1207910
1208002
1208024
1208069
1208130
1208134
1208138
1208388
1208394
1208457
1208557
1208704
1208718
1209152
1209189
1209324
1209505
1209628
1209827
1210035
1210253
1210307
1210358
1210376
1210378
1210584
1210727
1211119
1211257
1211290
1211483
1211507
1211728
1211825
1211862
1212137
1212329
1212366
1212416
1212461
1212712
1212742
1212763
1212939
1212960
1212972
1212991
1213015
1213042
1213074
1213080
1213097
1213218
1213256
1213415
1213559
1213674
1213718
1213733
1213946
1214040
1214057
1214104
1214117
1214140
1214421
1214509
1214555
1214625
1214717
1214795
1214920
1214926
1214934
1214943
1214968
1215026
1215034
1215077
1215211
1215227
1215325
1215707
1215712
1215720
1215820
1215826
1215830
1215832
1215834
1215842
1215858
1215896
1215918
1215919
1216103
1216191
1216210
1216358
1216411
1216595
1216624
1216784
1217109
1217207
1217585
1217624
1217647
1217931
1217964
1218176
1218245
1218493
1218622
1218704
1218707
1218787
1219062
1219267
1219348
1219483
1219663
1219681
1219694
1220158
1220229
1220735
1220808
1220973
1221008
1221014
1221058
1221099
1221108
1221175
1221415
1221499
1221596
1221597
1221947
1222064
1222337
1222378
1222730
1222912
1223050
1223121
1223338
1223357
1223359
1223664
1224118
1224146
1224170
1224289
1224315
1224327
1224369
1224455
1224479
1224492
1224563
1224602
1224617
1224965
1225091
1225148
1225154
1225202
1225377
1225557
1225559
1225572
1225638
1225768
1225977
1226230
1226393
1226578
1226585
1226617
1226762
1226787
1226840
1227003
1227299
1227460
1227471
1227907
1228057
1228128
1228244
1228246
1228314
1228320
1228463
1228803
1228870
1229021
1229100
1229244
1229262
1229273
1229576
1229586
1229626
1229734
1229906
1229910
1229915
1230046
1230431
1230453
1230860
1231010
1231011
1231258
1231558
1231577
1231910
1232062
1232087
1232181
1232322
1232466
1232468
1232546
1232569
1232645
1232933
1232955
1233150
1233210
1233303
1233413
1233432
1233512
1233571
1233776
1233790
1233883
1233915
1234008
1234015
1234194
1234317
1234364
1234559
1234731
1234796
1234861
1234882
1234905
1234941
1234948
1235192
1235396
1235501
1235665
1236204
1236249
1236413
1236416
1236418
1236469
1236471
1236485
1236490
1236706
1236769
1236868
1236935
1237000
1237007
1237059
1237203
1237394
1237397
1237401
1237456
1237549
1237814
1237983
1237985
1238091
1238437
1238505
1238541
1238559
1239390
1239456
1239468
1239491
1239657
1239679
1239773
1239817
1239944
1240174
1240272
1240712
1240792
1240889
1241234
1241444
1241470
1241554
1241674
1241726
1241989
1241994
1242011
1242432
1242483
1242561
1242571
1242590
1242744
1242879
1242886
1242937
1243046
1243442
1243465
1243530
1243533
1243538
1243805
1243853
1243910
1243953
1243997
1244003
1244036
1244039
1244062
1244101
1244125
1244126
1244223
1244381
1244475
1244525
1244531
1244643
1244652
1244657
1244699
1244706
1244944
1244953
1245112
1245191
1245234
1245526
1245776
1245802
1245934
1245944
1245962
1246036
1246366
1246490
1246839
1246945
1247113
1247182
1247193
1247276
1247353
1247436
1247457
1247729
1248339
1248402
1248637
1248711
1248868
1248876
1248896
1249018
1249026
1249385
1249403
1249508
1249532
1249814
1250441
1250512
1250540
1250800
1250846
1250854
1250885
1250979
1251138
1251159
1251300
1251506
1251683
1251717
1251973
1252113
1252289
1252359
1252436
1252552
1252693
1252908
1252959
1253036
1253284
1253367
1253575
1253664
1253777
1253911
1253929
1254021
1254033
1254234
1254354
1254780
1254850
1254853
1254877
1254896
1254933
1255112
1255162
1255208
1255394
1255413
1255453
1255833
1255945
1256195
1256214
1256252
1256380
1256520
1256600
1256639
1256728
1256756
1256988
1257009
1257264
1257355
1257380
1257586
1257775
1257780
1257801
1257984
1258195
1258205
1258211
1258280
1258328
1258565
1258584
1258604
1258745
1258751
1259059
1259089
1259256
1259417
1259560
1259684
1259735
1259840
1259850
1259854
1259895
1260158
1260350
1260732
1260794
1260835
1260867
1260922
1260968
1261260
1261261
1261352
1261552
1261561
1261573
1261574
1261577
1261759
1261770
1262718
1262995
1263269
1263318
1263723
1263763
1263907
1264152
1264452
1264468
1264548
1264918
1264923
1264954
1264966
1265122
1265131
1265257
1265438
1265467
1265517
1265593
1265601
1265614
1265633
1265637
1265647
1265649
1265659
1265841
1266042
1266047
1266127
1266167
1266426
1266517
1266520
1266895
1266974
1266976
1267030
1267219
1267240
1267252
1267277
1267304
1267407
1267470
1267584
1267597
1267643
1267887
1267975
1268053
1268163
1268258
1268263
1269021
1269024
1269173
1269348
1269475
1269489
1269520
1269640
1269908
1269980
1270125
1270416
1270485
1270658
1270687
1270762
1270916
1271023
1271250
1271257
1271264
1271268
1271315
1271604
1271685
1272300
1272323
1272407
1272837
1272890
1272931
1273161
1273193
1273232
1273310
1273332
1273341
1273518
1273521
1273533
1273802
1273844
1273938
1274134
1274205
1274566
1274633
1275003
1275126
1275526
1275531
1275550
1275644
1275648
1275700
1275729
1275740
1275833
1275930
1276038
1276472
1276634
1276635
1276743
1276793
1276802
1276916
1276960
1277003
1277013
1277131
1277151
1277207
1277427
1277446
1277459
1277587
1277775
1277897
1278027
1278047
1278234
1278255
1278339
1278500
1278544
1278578
1278593
1278615
1278739
1278808
1278924
1278930
1278945
1278950
1278989
1279091
1279504
1279596
1279755
1279918
1280056
1280300
1280745
1280871
1280990
1281098
1281210
1281233
1281412
1281417
1281532
1281640
1281755
1281983
1282183
1282300
1282686
1282772
1282777
1282980
1283609
1284008
1284041
1284046
1284274
1284321
1284647
1285302
1285471
1285863
1285965
1286185
1286218
1286493
1286498
1286547
1286663
1286767
1287025
1287245
1287426
1287449
1287482
1287624
1287715
1287720
1287842
1287850
1287963
1288072
1288241
1288255
1288500
1288597
1288613
1288616
1288629
1289513
1289893
1290094
1290158
1290294
1290409
1290417
1290575
1290740
1290991
1291165
1291195
1291247
1291350
1291526
1291594
1291595
1291661
1291697
1291776
1291904
1292518
1292540
1292662
1292695
1292705
1292906
1293005
1293038
1293108
1293126
1293241
1293242
1293263
1293271
1293393
1293395
1293413
1293560
1293566
1293735
1293848
1294263
1294301
1294340
1294484
1294496
1294586
1294607
1295064
1295144
1295166
1295268
1295437
1295892
1296350
1296473
1296622
1296753
1296783
1296949
1297028
1297344
1297418
1297446
1297454
1297487
1297558
1297699
1297706
1297859
1297964
1298145
1298306
1298311
1298316
1298621
1298622
1298819
1299128
1299357
1299562
1299747
1300043
1300172
1300229
1300379
1300489
1300565
1300891
1300954
1300962
1300963
1301122
1301196
1301241
1301270
1301310
1301333
1301336
1301393
1301441
1301472
1302433
1302916
1303055
1303113
1303300
1303312
1303705
1303929
1304106
1304144
1304313
1304314
1304429
1304470
1304567
1304712
1305044
1305281
1305331
1305500
1305510
1305514
1305540
1305700
1305757
1305763
1305764
1305768
1305793
1305810
1305928
1306062
1306522
1306542
1306566
1306577
1306707
1307050
1307118
1307154
1307178
1307189
1307258
1307282
1307459
1307524
1307599
1307860
1308238
1308310
1308388
1308433
1308512
1308546
1308757
1308972
1309031
1309083
1309266
1309344
1309575
1309669
1309707
1309747
1310256
1310671
1310783
1310853
1311004
1311488
1311596
1311613
1311987
1311994
1312017
1312030
1312228
1312359
1312403
1312437
1312448
1312463
1312471
1312532
1312565
1312787
1312833
1312915
1313027
1313221
1313247
1313326
1313364
1313507
1313517
1313673
1313748
1313831
1313837
1313842
1313964
1314165
1314205
1314304
1314441
1314464
1314748
1314812
1314829
1314832
1314912
1315014
1315303
1315381
1315415
1315974
1315975
1316071
1316072
1316077
1316291
1316332
1316408
1316420
1316425
1316482
1316496
1316569
1316590
1316673
1317048
1317102
1317104
1317106
1317218
1317321
1317351
1317442
1317586
1317626
1317781
1317834
1317877
1318056
1318106
1318168
1318253
1318302
1318306
1318435
1318452
1318933
1318966
1318998
1319023
1319029
1319482
1319514
1319603
1319651
1319665
1319721
1319752
1319951
1320004
1320170
1320320
1320322
1320324
1320330
1320332
1320333
1320570
1320604
1320610
1320661
1320728
1320756
1320921
1321008
1321137
1321151
1321173
1321197
1321224
1321236
1321239
1321245
1321451
1321491
1321554
1321582
1321847
1321946
1322059
1322149
1322156
1322256
1322308
1322374
1322474
1322543
1322545
1322560
1322585
1322623
1322976
1323049
1323189
1323276
1323348
1323351
1323427
1323534
1323618
1323625
1323711
1323712
1323797
1323798
1323800
1323806
1323909
1323911
1323979
1323987
1324123
1324129
1324375
1324487
1324495
1324811
1324818
1324827
1324828
1325022
1325261
1325270
1325573
1325939
1325979
1325980
1325982
1325984
1325986
1326045
1326162
1326211
1326338
1326352
1326353
1326382
1326468
1326564
1326696
1327164
1327535
1327541
1327768
1327806
1327881
1327996
1328012
1328160
1328192
1328353
1328395
1328402
1328527
1328580
1328631
1328651
1328679
1328717
1328735
1328814
1328870
1328945
1328956
1328976
1329129
1329173
1329207
1329268
1329303
1329390
1329467
1329518
1329583
1329586
1329801
1329851
1329996
1330025
1330059
1330167
1330343
1330354
1330373
1330393
1330416
1330421
1330443
1330445
1330610
1331234
1331261
1331538
1332316
1332850
1333078
1333929
1335080
1335667
1335754
1335839
1335859
1336189
1336298
1336344
1336473
1336501
1336636
1336707
1336724
1337133
1337341
1337600
1337650
1337652
1337707
1337729
1337800
1337886
1338096
1338346
1338640
1338926
1338972
1339155
1339159
1339166
1339173
1339206
1339210
1339219
1339293
1339333
1339445
1339544
1339668
1339713
1339878
1339904
1340076
1340105
1340110
1340233
1340298
1340360
1340367
1340374
1340571
1340664
1340761
1340770
1340774
1340799
1341023
1341040
1341070
1341162
1341397
1341400
1341437
1341502
1341556
1341751
1342250
1346487
1351591
1351617
1351660
1351688
1351711
1351825
1352253
1352378
1352445
1352660
1352774
1352874
1352894
1352960
1352992
1353018
1353083
1353117
1353226
1353328
1353333
1353339
1353372
1353555
1353660
1353839
1353860
1353970
1353989
1354031
1354072
1354080
1354282
1354539
1354556
1354612
1354627
1354783
1354791
1354831
1355019
1355159
1355271
1355324
1355326
1355581
1355583
1355654
1355994
1356021
1356049
1356050
1356053
1356236
1356264
1356281
1356302
1356414
1356797
1356802
1356831
1356867
1357037
1357083
1357129
1357327
1357616
1357778
1357912
1357933
1357952
1357954
1357967
1358118
1358120
1358210
1358255
1358329
1358407
1358532
1358999
1359099
1359117
1359216
1359340
1359350
1359353
1359373
1359376
1359482
1359767
1359790
1359977
1360280
1360495
1360507
1360612
1360679
1360932
1361057
1361292
1361355
1361605
1361710
1361736
1361740
1361806
1362052
1362262
1362315
1362348
1362426
1362472
1362514
1362575
1362947
1362981
1363224
1363273
1363387
1363818
1363999
1364117
1364173
1364184
1364638
1364835
1364953
1365083
1365149
1365165
1365229
1365403
1365512
1365582
1365614
1365740
1365835
1365840
1365843
1365863
1365953
1365975
1365983
1365986
1366025
1366180
1366242
1366297
1366445
1366868
1366912
1367338
1367693
1367763
1367922
1367940
1368107
1368213
1368264
1368314
1368492
1368769
1368940
1368972
1369198
1369432
1369744
1369745
1369988
1369991
1369992
1370127
1370424
1370782
1371129
1371357
1371534
1371646
1371650
1371829
1371850
1371858
1371874
1372026
1372160
1372260
1372435
1372605
1372687
1372745
1372793
1373016
1373173
1373198
1373377
1373409
1373434
1373445
1373722
1373780
1373854
1373933
1373957
1373982
1374051
1374096
1374294
1374386
1374490
1374493
1374550
1374767
1374770
1374791
1374929
1375151
1375161
1375226
1375402
1375560
1375729
1375736
1375762
1375770
1375831
1375848
1375895
1375985
1375989
1376188
1376224
1376237
1376400
1376425
1376435
1376925
1376980
1377311
1377314
1377413
1377505
1377969
1378428
1378553
1378695
1378771
1378988
1379077
1379249
1379290
1379486
1379578
1379606
1379608
1379976
1380279
1380545
1380752
1380845
1380850
1380907
1381049
1381087
1381216
1381217
1381465
1381878
1382363
1382583
1382605
1382609
1382802
1382832
1383270
1383294
1383321
1383535
1383557
1383612
1383673
1383806
1383845
1384040
1384120
1384133
1384139
1384140
1384336
1384614
1384681
1384751
1385156
1385169
1385379
1385663
1385925
1386411
1386598
1386610
1386827
1386947
1387716
1388303
1388324
1388366
1388524
1388542
1388771
1388808
1388873
1388988
1389514
1389673
1389763
1389881
1389945
1390022
1390252
1390390
1390583
1390906
1390983
1391511
1391780
1391847
1391899
1392392
1392426
1392522
1392630
1392690
1392898
1393056
1393382
1393449
1393614
1393652
1393804
1393874
1393898
1393942
1394063
1394349
1394530
1394555
1394559
1394697
1395006
1395378
1395413
1395551
1395668
1395697
1395736
1396038
1396050
1396064
1396080
1396266
1396539
1396558
1396687
1396726
1396916
1396928
1397440
1397597
1397934
1397989
1397990
1398008
1398009
1398037
1398053
1398067
1398285
1398291
1398292
1398309
1398669
1398867
1398903
1398943
1399072
1399176
1399208
1399256
1399444
1399457
1399580
1399932
1400000
1400005
1400039
1400122
1400274
1400500
1400656
1400711
1400746
1400761
1400763
1400850
1401158
1401165
1401207
1401357
1401433
1401711
1402208
1402249
1402358
1402687
1402886
1402887
1402949
1403029
1403263
1403272
1403322
1403764
1403907
1404089
1404133
1404186
1404424
1404535
1404615
1404639
1404715
1405033
1405130
1405688
1405714
1405737
1405738
1405742
1406123
1406253
1406289
1406356
1406476
1406987
1407278
1407315
1407426
1407454
1407496
1407518
1407616
1407761
1407858
1407861
1408257
1408324
1408336
1408373
1408389
1408843
1408850
1408858
1408859
1408861
1408864
1409213
1409423
1409427
1409632
1409633
1409850
1409886
1410094
1410112
1410121
1410693
1411059
1411353
1411512
1411929
1412169
1412171
1412598
1412603
1412699
1413323
1413560
1413725
1413879
1414226
1414345
1414714
1414735
1414749
1415064
1415333
1415664
1415665
1415690
1415752
1416042
1416534
1416612
1416615
1416731
1416758
1417569
1417683
1417712
1417714
1417760
1417904
1418280
1418570
1418657
1418715
1418806
1418873
1418989
1419125
1419229
1419239
1419274
1419413
1420048
1420113
1420331
1420765
1421042
1422011
1422052
1422096
1422120
1422966
1422985
1422993
1423034
1423191
1423192
1423721
1423756
1424792
1424817
1424883
1424947
1424950
1425503
1425891
1425997
1426297
1426356
1426364
1426628
1426822
1426912
1426939
1427153
1427180
1427189
1427223
1427448
1427504
1427537
1427726
1428514
1428528
1428606
1428766
1428948
1428968
1428990
1429283
1429429
1429456
1430077
1430326
1430527
1430698
1431002
1431114
1431247
1431290
1431376
1431446
1431500
1431516
1431862
1432306
1432706
1432968
1433015
1433114
1433135
1433235
1433354
1433497
1433553
1433569
1434001
1434572
1434583
1435103
1435172
1435387
1435585
1435716
1435731
1435755
1435836
1435898
1435971
1436136
1436194
1436210
1436214
1436264
1436276
1436559
1436561
1436668
1436797
1436835
1436914
1436917
1436932
1436994
1437034
1437118
1437414
1437546
1437850
1438013
1438030
1438207
1438453
1438763
1439115
1439182
1439283
1439434
1439556
1439773
1439851
1439881
1439929
1440137
1440427
1440641
1440858
1440905
1440930
1441202
1441275
1441285
1441348
1441492
1441813
1441969
1442167
1442361
1442570
1442704
1442816
1442878
1442912
1442992
1443087
1443124
1443135
1443260
1443276
1443582
1443768
1443832
1443894
1444158
1444573
1444783
1445148
1445184
1445246
1445550
1445559
1445945
1445953
1446474
1446781
1447335
1447427
1447446
1447506
1447516
1447526
1447559
1447643
1448003
1448065
1448812
1448910
1448938
1449632
1449636
1449641
1449744
1449771
1449826
1450022
1450053
1450527
1450678
1450730
1450806
1450861
1450940
1451238
1451359
1451555
1451570
1451588
1451624
1452027
1452090
1452171
1452176
1452184
1452289
1452523
1452659
1452662
1452670
1453109
1453269
1453509
1453939
1453972
1454046
1454102
1454602
1454682
1454741
1454805
1455078
1455243
1455589
1455634
1456104
1456113
1456224
1456696
1456918
1457104
1457290
1457361
1457400
1457700
1457984
1458180
1458416
1459183
1459433
1459933
1459937
1460141
1460173
1460265
1460308
1460364
1460565
1460572
1460989
1461211
1461469
1461690
1461823
1462074
1462224
1462380
1462384
1462566
1462648
1463625
1463635
1463644
1463681
1463700
1464013
1464750
1464773
1465119
1465155
1465673
1465986
1466169
1466349
1466747
1466771
1466829
1467238
1467276
1467378
1467408
1467916
1467997
1468169
1468706
1468801
1468872
1469026
1469274
1469342
1469717
1470031
1470080
1470130
1470298
1470736
1470820
1470963
1471251
1471317
1471447
1471737
1471742
1471805
1471941
1471947
1472210
1472364
1472426
1472678
1473289
1473290
1473666
1473792
1473817
1473878
1474023
1474235
1474280
1474617
1474628
1474695
1474708
1475183
1475187
1475490
1476075
1476133
1476237
1476368
1476493
1476585
1476622
1476689
1476740
1476851
1476947
1477431
1477476
1477484
1477673
1477709
1477712
1477836
1477887
1477953
1478208
1478501
1478694
1478978
1479143
1479152
1479157
1479158
1479197
1479202
1479836
1479846
1480129
1480140
1480147
1480302
1480387
1480615
1481331
1481343
1481393
1481603
1481608
1481946
1482541
1482949
1483251
1483389
1483661
1484461
1484490
1484513
1484542
1484625
1484760
1484783
1484970
1485025
1485104
1485138
1485616
1485629
1485886
1485934
1486256
1486392
1486752
1486952
1487013
1487164
1487189
1487300
1487348
1487394
1487474
1488269
1488314
1488540
1488560
1489362
1489665
1489999
1490000
1490848
1491011
1491621
1491756
1492149
1492566
1492655
1492870
1493290
1493296
1493425
1493460
1493616
1493851
1493978
1493990
1494164
1494294
1494303
1494641
1494716
1494754
1495041
1495050
1495063
1495115
1495590
1495638
1495948
1495957
1496043
1496428
1496532
1496557
1496674
1496696
1497031
1497128
1497961
1497979
1498024
1498045
1498253
1498335
1498452
1498503
1498777
1498858
1499007
1499312
1499348
1499363
1499587
1499608
1499612
1499799
1499847
1499885
1499927
1500291
1500505
1500517
1500692
1500694
1500774
1500890
1500948
1500978
1501220
1501578
1501774
1501813
1501973
1502057
1502117
1502215
1502481
1502619
1502749
1502939
1502943
1503002
1503003
1503152
1503329
1503486
1503900
1503911
1503917
1503923
1503932
1503954
1503957
1504210
1504291
1504484
1504635
1504899
1504922
1505147
1505358
1505506
1505533
1505948
1506036
1506037
1506222
1506323
1506835
1507076
1507229
1507652
1507843
1507997
1508090
1508865
1509057
1509235
1509567
1509987
1509997
1510649
1510736
1510745
1510954
1511111
1511505
1511513
1511534
1511789
1511793
1511794
1511801
1511870
1511903
1512010
1512013
1512016
1512023
1512024
1512274
1512581
1513523
1513607
1513838
1513914
1514026
1514057
1514238
1514338
1514364
1514378
1514475
1514584
1514682
1514947
1514962
1515286
1515557
1515872
1515881
1515888
1515983
1516261
1516367
1516638
1516717
1516880
1516951
1517372
1517409
1517847
1517854
1517992
1518306
1518462
1518962
1519067
1519087
1519151
1519168
1519253
1519622
1519736
1520053
1520119
1520123
1520453
1520771
1522023
1522027
1522142
1522163
1522191
1522558
1522740
1522779
1522780
1522830
1522832
1522849
1523201
1523234
1523260
1523424
1523930
1524160
1524335
1524395
1524396
1524401
1524553
1525109
1525218
1525341
1525703
1525775
1525810
1525910
1526193
1526199
1526231
1526380
1526409
1526555
1526741
1526852
1527080
1527201
1527285
1527771
1527917
1528009
1528581
1528625
1528660
1528737
1528755
1529189
1529527
1529610
1529716
1529805
1529833
1530127
1530130
1530150
1530207
1530394
1530405
1530929
1531161
1531210
1531716
1531928
1531940
1532032
1532053
1532217
1532283
1532406
1532410
1532438
1532476
1532507
1532909
1532997
1533044
1533491
1533534
1533549
1533793
1534089
1534340
1534507
1534512
1534580
1534664
1535021
1535136
1535429
1536129
1536233
1536383
1536432
1536528
1536756
1536773
1536882
1537268
1537286
1537344
1537609
1537617
1537650
1537654
1537659
1537732
1538206
1538581
1538584
1538712
1538774
1539007
1539009
1539177
1539330
1539381
1539665
1539705
1539708
1540365
1540629
1540652
1540678
1541129
1541132
1541212
1541272
1541273
1541383
1541668
1542164
1542199
1542307
1542655
1542720
1543541
1543557
1543791
1543795
1543802
1543939
1543942
1543944
1544122
1544212
1544656
1544818
1545044
1545161
1545203
1545243
1545251
1545469
1545484
1545500
1545545
1545668
1545812
1546016
1546399
1546530
1546692
1546709
1546924
1546947
1547178
1547446
1547520
1547524
1547525
1547527
1547602
1547751
1547762
1548155
1548300
1548421
1548527
1548535
1548647
1548658
1548711
1548774
1548780
1548816
1548951
1549004
1549019
1549041
1549071
1549075
1549081
1549340
1549556
1549655
1549799
1549895
1550088
1550197
1550335
1550486
1550557
1551003
1551589
1551756
1551954
1552050
1552378
1552509
1552525
1552703
1552897
1552927
1553392
1553426
1553513
1553816
1554248
1554394
1554419
1554514
1554565
1554640
1554844
1554853
1555017
1555022
1555096
1555101
1555104
1555576
1556300
1556645
1556780
1557115
1557132
1557341
1558000
1558103
1558164
1558218
1558271
1558416
1558839
1558899
1558905
1559086
1559160
1559172
1559512
1559593
1559628
1559632
1559637
1559739
1559805
1559827
1559986
1560057
1560064
1560072
1560264
1560448
1560608
1560615
1560650
1560759
1560926
1561101
1561110
1561412
1561415
1562195
1562243
1562254
1562792
1562959
1563506
1563636
1563886
1564011
1564449
1564458
1564504
1564505
1564509
1564594
1564614
1564641
1564695
1564836
1564988
1565084
1565089
1565091
1565104
1565413
1565427
1565447
1565756
1565990
1566017
1566231
1566488
1566522
1566551
1566567
1566581
1566603
1566928
1566968
1567143
1567299
1567607
1567671
1567770
1567818
1567887
1568056
1568089
1568135
1568348
1568421
1568835
1568856
1569175
1569217
1569349
1569494
1569796
1569888
1569923
1569947
1570123
1570187
1570622
1570819
1571124
1571453
1571706
1571731
1571900
1571931
1572012
1572064
1572073
1572077
1572782
1573153
1573154
1573490
1573594
1573715
1573756
1573757
1573791
1573929
1574087
1574274
1575321
1575401
1575406
1575410
1575465
1575497
1575513
1575534
1575542
1575647
1576546
1576549
1576678
1576887
1577007
1577795
1577796
1577831
1577871
1578088
1578356
1578416
1578424
1578489
1578534
1578608
1579156
1579168
1579198
1579212
1579276
1579431
1579559
1579796
1579830
1579877
1579880
1580070
1580280
1580391
1580394
1580424
1580912
1581555
1581589
1582339
1582943
1583164
1583220
1583360
1583798
1584033
1584675
1585594
1585709
1586062
1586264
1586300
1586673
1586794
1586823
1586870
1586941
1586962
1587010
1588101
1588256
1588744
1589348
1589530
1589782
1590102
1590154
1590432
1590957
1591058
1591121
1591150
1591158
1591289
1591582
1591893
1592395
1592491
1592985
1593002
1593054
1593102
1593354
1593663
1593913
1593932
1594257
1594286
1594432
1594478
1595111
1595128
1595149
1595158
1595271
1595325
1595368
1595875
1595886
1596301
1597138
1597656
1597907
1598217
1598802
1598981
1599021
1599181
1599426
1599541
1600063
1600149
1600990
1601242
1601981
1602032
1602259
1602267
1602483
1602567
1602570
1602752
1603318
1603781
1604026
1604261
1604474
1604528
1604613
1604674
1605022
1605171
1605429
1605751
1605903
1605985
1606352
1606669
1606790
1606791
1606871
1606889
1606966
1606969
1607017
1607468
1607507
1607698
1608072
1608097
1608237
1608831
1608998
1609576
1609844
1610073
1610418
1610460
1610703
1611230
1611334
1611600
1611727
1611783
1611977
1612291
1612365
1612376
1612434
1612522
1612889
1612923
1612991
1613002
1613145
1613195
1613210
1613227
1613246
1613360
1613876
1615290
1615470
1615605
1615868
1616344
1616405
1616478
1616575
1616669
1617221
1617932
1618086
1618843
1619347
1619417
1619430
1619600
1619765
1619802
1619894
1620030
1620126
1620503
1620711
1620724
1621005
1621132
1621237
1621258
1621264
1621448
1621775
1621902
1622040
1622163
1622180
1622202
1622465
1622490
1622520
1622617
1622651
1623127
1623303
1623517
1623640
1623822
1624000
1624353
1624898
1625701
1625875
1626129
1626151
1626719
1626772
1626803
1627299
1628566
1628593
1629109
1629250
1629258
1629261
1629355
1629881
1630001
1630160
1630293
1630307
1630440
1630629
1630722
1630746
1630771
1630853
1631027
1631049
1631143
1631208
1631292
1631706
1632004
1632162
1632301
1632384
1632759
1632808
1632818
1632927
1633689
1633832
1634840
1634882
1634982
1635161
1635530
1635787
1636140
1636154
1636200
1636674
1636855
1637045
1637073
1637133
1637260
1637439
1637528
1637569
1637728
1637971
1638482
1638528
1638677
1638727
1638985
1639090
1639192
1639324
1639341
1639488
1639848
1639960
1640477
1641586
1642290
1642568
1642617
1642649
1642656
1642891
1643120
1643197
1643300
1643458
1644083
1645114
1645603
1646057
1646116
1646124
1646142
1646251
1646290
1646302
1646413
1646442
1646461
1646522
1646650
1646950
1647335
1647483
1647583
1647690
1647716
1647961
1648180
1648343
1648434
1648554
1649125
1649128
1649320
1649517
1649529
1649617
1649651
1649693
1649704
1649727
1649737
1649747
1649762
1649766
1649773
1649774
1649776
1649781
1649784
1649786
1649787
1649795
1649802
1650027
1650098
1650115
1650124
1650210
1650534
1651032
1651111
1651661
1651837
1652478
1652871
1653570
1653672
1653731
1653857
1654295
1654336
1654351
1654380
1654479
1654511
1654674
1654715
1654803
1654961
1655198
1655204
1655673
1655693
1655738
1655937
1656047
1656101
1656432
1656480
1656845
1657117
1657308
1657579
1657668
1657908
1658267
1658416
1658692
1659101
1659151
1659312
1659399
1659522
1659637
1659643
1659649
1659657
1659742
1659743
1659791
1659793
1659806
1660141
1660162
1660340
1660952
1661127
1661185
1661191
1661383
1661855
1662495
1662599
1662725
1662826
1663019
1663082
1663532
1663979
1664162
1664187
1664432
1664439
1664514
1664518
1664530
1664807
1664906
1665172
1665506
1666010
1667301
1667444
1667766
1667772
1668071
1668381
1668962
1669135
1669469
1669914
1669999
1670081
1671305
1671526
1671767
1672724
1673140
1673256
1673471
1673888
1675037
1675147
1676058
1676367
1676373
1677050
1677112
1677594
1677725
1677924
1678081
1678170
1678192
1678298
1678417
1678419
1678725
1679959
1680041
1680368
1680371
1680798
1680924
1680958
1681342
1681395
1681694
1682410
1682556
1682936
1683091
1683097
1683446
1683531
1684129
1684269
1685622
1685776
1686028
1686301
1686603
1686606
1686620
1686904
1687173
1687247
1687710
1687720
1687771
1687797
1688202
1688209
1688318
1688406
1688495
1688634
1688640
1688662
1689220
1689569
1690070
1690185
1690244
1691160
1691342
1691714
1691931
1691953
1692068
1692259
1692825
1692831
1692932
1692958
1693137
1694152
1694205
1694978
1695147
1695276
1695493
1696068
1696147
1696337
1696458
1697339
1697500
1697546
1697835
1698594
1698893
1699175
1699285
1699309
1699463
1700726
1700752
1701045
1701052
1701141
1701236
1701297
1701395
1701450
1701597
1701611
1701665
1701682
1702788
1702817
1703073
1703118
1703467
1703533
1703887
1703961
1704068
1704110
1704326
1704506
1705035
1705057
1705070
1705120
1705139
1705685
1705872
1705888
1705947
1705966
1706083
1706084
1706110
1706213
1706216
1706218
1706245
1706412
1706439
1707179
1707206
1707264
1707268
1707439
1707533
1707580
1707736
1707748
1707877
1708236
1708239
1708241
1708253
1708376
1708394
1708531
1708791
1709095
1709134
1709140
1709185
1709677
1709725
1709842
1710120
1710154
1710331
1711077
1711104
1711129
1711175
1711282
1711352
1711489
1711651
1711808
1711953
1712124
1712454
1712582
1712606
1712608
1712828
1713821
1713962
1714195
1714709
1714880
1715030
1715179
1715208
1715382
1715560
1715878
1716716
1716852
1717247
1718210
1718345
1718636
1718763
1719195
1719380
1719565
1720413
1720522
1720656
1720666
1720738
1721045
1721705
1722506
1722576
1722712
1722717
1722748
1722750
1722917
1722944
1723448
1723967
1724072
1724651
1725258
1725746
1726009
1726149
1726190
1726341
1726557
1726601
1726849
1726851
1727234
1727317
1727346
1727409
1727787
1727906
1728171
1728239
1728244
1728265
1728307
1728338
1728343
1728862
1728982
1729087
1729149
1729725
1729813
1729815
1730055
1730061
1730123
1730156
1730158
1730682
1730685
1730742
1731343
1732316
1733102
1733132
1733692
1733806
1734127
1734136
1734331
1734379
1734422
1734667
1734954
1734991
1735209
1735325
1735476
1735482
1735570
1735776
1735866
1736686
1736719
1736993
1737162
1737199
1737307
1737451
1737966
1738071
1738403
1739016
1739043
1739438
1739442
1739590
