1569
2186
2929
3006
3203
3343
3408
3414
3416
4229
5161
7092
11124
11125
11126
13934
16440
16591
16824
18413
19444
20650
25976
26882
27618
27691
28076
28588
29409
29623
29789
30391
31091
31160
32428
33607
33914
34686
36003
36096
36176
37500
37793
39279
40788
42606
43280
43337
43629
43650
43729
44194
44239
44296
44510
44551
45825
46921
47425
47469
47800
48262
48270
48443
48466
48581
48585
48714
48716
48780
51359
52803
53178
53543
53907
54431
54818
54819
54827
55364
56090
56566
56762
57146
57640
58904
59356
59363
59852
62521
63138
65514
65598
67162
67166
67811
68373
68503
68638
69025
69368
69724
72221
72640
72963
73231
77022
77046
77050
77851
78453
78508
79329
80737
82309
82530
82996
83002
83014
84512
84588
84599
84600
84604
84805
85051
85083
85306
85736
86328
86329
87203
87590
87616
87698
88018
88520
89312
91223
91837
91908
92060
92605
92613
93082
94910
94940
95381
95432
96568
99110
99241
99341
99530
100432
100819
101361
101364
101806
101952
101953
102111
102121
102122
102309
102312
102442
103958
104327
104391
104404
104851
105166
105408
105712
105805
106394
106855
107275
108641
108859
108909
109159
109377
109477
109707
110760
110768
110772
113409
113417
114835
115923
116118
116177
116597
117561
118249
120913
122317
123602
123888
123919
123957
123969
127144
127401
127683
128820
128988
129295
129878
130016
130046
130068
130523
130626
130701
131674
132295
132410
133918
134640
134656
135132
135141
135454
135475
135589
135656
135848
135893
136146
136163
136681
137550
137578
138269
138718
139246
139359
139753
140149
140499
140506
140659
140694
140851
141046
141210
141590
142116
143095
143109
143358
143458
143599
144399
144402
144926
145508
145525
145587
146287
146873
147087
147740
147807
147812
147991
148003
148005
148322
148999
149438
150196
150340
150531
150906
151382
152031
152032
153529
154206
154207
154210
155319
156518
157125
157418
157858
159422
159803
159826
161426
161430
161852
161864
161885
161886
162115
162580
162708
162804
163066
164052
166315
166544
167956
168253
168382
168405
168891
170332
170647
171570
172115
173744
173863
174080
174288
174521
174611
174618
175180
175297
175525
175696
176441
176497
176830
178272
178508
179344
179351
179355
179358
179363
179548
181726
182237
182751
183107
183360
183363
183597
183770
183841
185295
185688
186959
187993
189274
189409
189932
190066
190221
190225
190234
190241
190246
190248
190252
190638
191431
191850
192089
192367
192857
195539
195606
195761
197201
197817
198002
199036
199052
199105
199107
199114
199166
199840
200048
200525
200671
200672
201199
201290
201297
201377
201380
201728
201989
203618
203890
205254
205818
206309
209692
210634
211159
211238
211266
211557
211618
211796
211862
211865
211982
212286
212391
212858
212930
213110
213130
213133
213431
213945
214163
215221
215250
215672
215957
216098
216200
218085
218769
218776
220475
221351
221357
221637
222283
222482
223055
223061
223075
223140
223698
224686
225278
225279
225287
225294
225298
225429
225437
225498
225608
225800
225867
226417
226438
226603
226614
226767
226783
226850
226884
226897
226988
226990
226992
226994
227601
227692
227852
227914
227992
228316
228369
228434
228472
228504
229198
229341
229790
229801
229850
229852
229856
229894
229934
230004
230008
230077
230082
230479
230559
230564
231430
231509
231528
231605
231683
231707
231994
232022
232893
233077
233194
234663
234709
235796
236149
236336
236605
238544
239215
239255
239288
239602
239742
239840
240194
240675
241723
242487
242549
243724
243996
244009
244158
244412
245003
245224
246060
246236
246337
246355
246390
246559
247670
248641
249442
250325
250505
251282
251309
252374
252612
253010
253237
253275
253492
253712
253755
254803
254819
255384
255450
255537
255633
255711
255848
257207
257430
257796
257834
257904
258115
258339
258855
259672
259675
260104
260795
260797
260804
260809
260814
260915
260975
262702
262872
263265
264262
264344
264466
264833
266182
266327
266644
267013
267025
267078
267491
267526
267587
268157
268175
268186
268228
268409
268421
268979
269255
269587
269857
269861
269870
270169
270304
270314
270424
271075
271392
272423
272469
272617
272625
273174
273789
273879
274186
274257
274930
275088
275243
276150
276505
276911
277179
277232
277361
277540
278995
280387
280402
280670
280774
281621
281631
281657
281770
282399
282616
282747
282787
283224
283613
283834
283835
284248
284308
285067
285156
285215
285251
285524
286234
286486
287021
287258
287456
287644
287650
288335
288393
288516
288687
288859
289271
289283
289740
289750
290390
290625
290903
291031
291762
292601
292617
293125
293188
293517
293743
294258
294705
294949
295071
295181
295331
295353
295427
295430
295433
295987
296172
296174
296273
296712
297015
297091
297147
297241
297242
297244
297446
297588
297610
297878
297881
298015
298165
298166
298169
298171
298174
298177
298180
298183
298186
298193
298357
298380
298465
298484
298485
298487
298649
298977
298979
299093
299242
299496
299526
299737
299858
299900
300019
300355
300469
300608
300613
300662
300683
300767
300790
300804
301156
301249
301566
301920
301992
302019
302020
302045
302289
302477
302586
302618
302675
302790
303129
303696
303965
304147
305523
305966
306517
306520
306628
306630
306634
306639
306642
306643
306645
306648
306649
306655
306692
306696
306701
306803
306951
306967
308128
308133
308348
309779
309780
309782
310947
311017
312174
312756
312823
312900
313330
313542
313954
314257
314291
314422
314431
315007
315125
315250
316036
316345
316419
316438
316814
316823
316825
317406
317591
317982
320294
322339
323630
323840
324393
324813
324822
325628
325806
325837
326014
326049
326056
326078
326086
326545
326663
326999
327165
327533
327538
327544
327565
327568
327653
327732
328118
328141
328225
328928
328963
328969
328989
329061
329105
329122
329486
329977
330222
330259
330291
330317
330946
330980
331036
331677
331827
331901
332038
332160
332290
332690
332755
332764
332769
333130
333347
333395
333416
333418
333420
333422
333472
333824
333866
333911
334027
334271
334351
334715
334717
334720
334839
334948
334999
335220
335772
336031
336497
336863
336871
337100
337220
337240
337568
337857
338067
338647
339798
339871
340598
340876
341084
341606
341607
341610
341654
341732
341733
341734
341856
341857
341858
341985
341995
342435
342584
342676
342681
342687
342693
342724
342991
343231
343773
343801
343886
344001
344051
344054
344142
344161
344270
344490
344519
344642
344688
345175
345408
345513
346123
346346
346477
346482
346845
346977
346986
347008
347070
347199
347262
347593
347679
347829
347832
347919
347992
347994
348125
348164
348360
348366
348493
348519
348761
348924
349104
350610
350872
351049
351066
351075
351364
352101
352105
352108
352168
352172
352325
352386
352590
352818
352823
352864
352942
353038
353082
353407
353862
354254
354263
354333
354406
354623
354722
354736
355487
355502
355511
356424
356760
356891
357170
357235
357421
357463
357522
357704
358648
358770
359020
359072
359083
359097
359252
359606
359753
359966
360368
360494
360693
360703
361028
361393
361472
361554
361943
361945
361988
362134
362214
362587
362776
363059
363067
363107
363119
363164
363275
363459
363717
363994
364009
364092
364138
364194
364308
364347
364400
364466
364482
364489
364493
364496
364741
364759
364767
364788
364791
364798
364801
365008
365076
365152
365376
365458
365645
365836
365840
365841
365842
365848
365850
365860
365981
366005
366084
366086
366090
366092
366095
366096
366110
366115
366123
366129
366133
366134
366150
366152
366173
366209
366214
366231
366296
366319
366399
366719
366897
366910
367433
367626
367930
368000
368051
368323
368347
368378
368739
368761
368971
369306
369751
369761
369798
369829
369830
370104
370167
370324
370564
370787
370808
370897
371025
371336
371873
372052
372572
372726
372730
372738
372891
373104
373632
375482
375664
375676
376419
376788
377039
377567
377601
377979
377998
378020
378362
378472
378536
378908
379096
379098
379100
379101
379102
379104
379107
379108
379111
379200
379308
379311
379313
379314
379468
379471
379667
379805
379855
379856
379859
379862
379865
379868
380300
380685
380739
381372
381382
381563
381650
381678
381702
381782
382046
382049
382050
382053
382244
382275
382677
382782
382858
382890
382915
382966
383768
383802
384084
384563
384721
384723
384797
384821
384825
384830
384852
384863
384994
385033
385038
385043
385364
385659
385773
385926
385941
386114
386150
386226
386231
386241
386372
386566
386585
386698
386705
386850
386853
386865
386867
386868
386878
386879
386883
387063
387275
387468
387491
387625
387628
387858
387895
387929
388579
388705
389000
389163
389515
389620
389709
389724
389735
389974
390274
390436
390557
390663
390886
391262
391715
391915
391988
392047
392048
392049
392193
392196
392525
392576
392595
392630
392677
392765
392835
393148
393206
393207
393208
393210
393211
393212
393215
393261
393318
393474
393493
393498
393544
393894
394067
394196
394267
394289
394498
395380
395430
395483
395562
395613
395658
395681
396165
396442
396524
396537
396542
397167
397245
397479
397483
397629
397647
398002
398410
398489
398602
398646
398648
398938
398986
399155
399398
399613
399734
399859
400162
400342
400654
400781
400871
400877
401131
401256
401320
401386
401391
401403
401405
401407
401560
402008
402095
402160
402186
402195
402437
402450
402456
402577
402721
402735
402871
403325
403814
403830
404193
404205
404206
404292
404783
404963
405087
405178
405179
405205
405263
405606
405930
406072
406136
406137
406164
406585
406717
406985
407294
407326
407393
407593
407783
407874
407923
407926
407929
407931
408039
408054
408055
408060
408063
408064
408069
408082
408105
408138
408139
408188
408373
408527
408538
408731
408831
409128
409133
409544
409571
410122
410471
410473
410486
410558
410854
410859
410868
410982
411067
411354
411913
412273
412351
412354
412472
412643
413097
413133
413296
413299
413316
413353
413525
413659
413695
413766
413840
413995
414041
414600
414603
414609
414611
414836
414910
414936
415015
415061
415175
415298
415469
415550
415907
415926
416044
416094
416277
416360
416452
416455
416459
416478
416501
416753
416855
416952
417072
417304
417486
417672
417682
417685
417773
419026
419027
419030
419036
419086
419122
419308
419392
419393
419620
419776
419777
419826
419918
420674
420742
420763
420766
420767
420772
420773
420775
420777
420781
420796
420839
420847
420916
420918
420928
421054
421401
421529
421565
421676
421765
421881
422039
422400
422427
422777
422873
422962
423005
423336
423340
423342
423359
423363
423388
423389
423391
423543
423548
423549
423579
423591
423631
423654
423655
423658
423666
423668
423767
424049
424057
424227
424275
424305
424593
424594
424596
424650
424654
424689
425094
425163
425203
425204
425253
425266
425267
425268
425270
425272
425312
425565
425709
425711
425833
426357
426511
426528
426624
426984
427040
427243
427271
427396
427747
427765
428059
428394
428602
428893
428894
428898
429021
429148
429186
429201
429344
429452
429518
429537
429539
429960
430129
430166
430244
430483
430967
431215
431234
431267
431420
431422
431780
431796
431834
431873
432055
432503
432661
432809
433506
434051
434071
434216
434217
435179
435210
435339
435515
435704
435712
435861
435866
436118
436585
436785
436924
437097
437142
437746
437834
438245
438350
438937
439404
440112
440898
440955
440978
440984
440985
440992
441081
441087
441088
441677
441749
441756
442018
442029
442306
442317
442732
442820
443037
443391
443664
444282
444803
444829
444908
444910
444921
444971
445054
445089
445264
445268
445306
445365
445498
445671
445771
445848
445850
445899
446031
446106
446215
446260
446266
446378
446465
446897
446898
446904
447012
447021
447191
447215
447385
447455
447567
447593
447599
447663
447838
447858
447912
447917
448054
448195
448291
448795
448865
448870
449073
449352
449774
449833
449857
450008
450230
450498
450987
450988
451138
451271
451305
451338
451467
451509
451545
451695
451760
451959
451986
452183
452270
452341
453054
453413
454031
454052
454189
454595
455141
455239
455424
455526
455620
455637
456160
456445
456548
456561
456706
457371
457523
457525
457558
457654
457713
457835
458013
458713
458716
458971
459045
459245
459660
459929
460286
460481
460545
460876
461055
461213
461360
461397
461784
461955
461960
462122
462296
462381
462768
462848
463065
463155
463647
463770
463800
463973
464111
464288
464297
464389
464493
464574
464814
464818
464823
464829
465213
465709
465743
465762
465979
465996
466165
466166
466192
466288
466336
466644
466696
467110
467671
467882
467940
467946
468003
468174
468421
468437
468447
468685
468777
469163
469369
469662
469663
469665
469666
469742
469746
469896
469918
469971
470027
470032
470305
470357
470359
470364
470434
470535
470728
470757
471467
471501
471901
471922
471924
472160
472302
472672
473002
473466
473729
473937
473963
474103
474241
474672
474862
475053
475066
475266
475406
475425
475758
476017
476051
476091
476295
476375
476489
476524
476527
476625
476676
476718
476796
477466
478281
478494
478552
478940
479284
479364
479365
479369
479371
479389
479390
479392
479397
479400
479402
479488
479727
479757
479788
479795
479876
480015
480030
480163
480259
480463
480612
480745
480757
480761
480984
481074
481095
481125
481150
481166
481557
481559
481562
481566
481726
481877
481889
481930
481931
481950
482080
482101
482192
482281
482322
482331
482397
482646
482783
482970
483035
483038
483055
483057
483060
483071
483142
483178
483201
483223
483283
483286
483293
483303
483378
483441
483538
483603
483604
483608
483609
483730
483757
483774
483803
483881
483976
483977
484076
484077
484083
484086
484087
484219
484363
484364
484369
484386
484393
484394
484395
484396
484399
484403
484406
484485
484509
484561
484563
484604
484627
484644
484652
484662
484834
484955
485306
485507
486024
486060
486062
486065
486069
486074
486450
486452
486455
486457
486460
486461
486462
486515
486570
486575
486578
486716
486910
486993
487266
487429
487439
487472
487668
487677
487857
487954
488022
488143
488154
488289
488302
488408
488444
488466
488564
488779
488781
489055
489127
489242
489288
489363
489374
489375
489511
489523
489791
489881
489887
490099
490100
490109
490110
490124
490126
490228
490317
490837
491197
491236
491390
491406
491564
491649
491817
491892
492135
492144
492509
492540
492628
492844
493042
493044
493643
493825
494013
494042
494499
494535
494618
494807
495204
495208
495212
495447
495827
496059
496151
496232
496292
496369
496438
496521
496586
496828
496883
497389
497521
497597
497637
497700
497760
497844
497908
497960
498223
498251
498315
498647
498702
498939
498942
499129
499142
499327
499429
499511
499559
499739
499770
499910
499924
500377
500950
500978
501287
501939
501942
501956
501963
501968
502025
502036
502067
502255
502354
502602
502613
502617
502920
502923
502926
502935
503001
503030
503230
503371
503407
503589
503702
504003
504082
504130
504185
504202
504218
504547
504763
504922
505078
505084
505188
505195
505562
505669
505675
505695
505898
505920
506060
506151
506548
506636
506882
506905
506925
506952
507053
507298
507946
507979
508231
508233
508237
508242
508244
508245
508301
508385
508406
508409
508431
508451
508481
508482
508483
508485
508487
508489
508492
508495
508620
508682
508741
508976
508985
508990
508995
509174
509183
509511
509525
509528
509534
509538
510552
510685
511625
512304
512384
512499
512524
512530
512965
513147
513278
513303
513306
513313
513405
513452
513774
514165
514210
514233
514591
514762
514767
514973
515068
515254
515376
515413
515425
515581
515906
516035
516578
516664
516684
516772
516775
516776
517226
517316
517346
517416
517425
517559
518057
518076
518087
518237
518428
518429
518430
518433
518686
518695
518701
518711
518714
518762
518901
519022
519301
519758
520103
520618
520716
521078
521340
521559
521634
521814
521832
521985
522028
522063
522066
522565
522729
522730
522806
522987
523041
523263
523831
524086
524537
524623
524807
524859
524899
524925
525490
525904
525905
525939
525959
526677
526838
526856
526877
527159
527175
527634
527717
527960
528023
528064
528407
528461
528524
528753
528768
528771
528939
529027
529067
529139
529348
529366
529438
529509
529717
529923
530104
530178
530253
530419
530623
530670
530842
531124
531247
531400
531521
531576
531689
532181
532225
532495
532617
532722
532748
532756
532762
532790
532895
532902
532904
533002
533049
533071
533223
533565
533709
534064
534478
534506
534729
534894
535250
535395
535511
535549
535726
535798
535848
536127
536183
536235
536242
536449
536664
536750
536880
536919
537495
537551
537663
537668
537680
537704
537715
537730
537922
537963
538250
538269
538614
538690
538867
539310
539714
540027
540545
540957
541008
541069
541581
541697
541725
541973
542031
542170
542203
542227
542466
542779
543028
543410
543802
543997
544202
544353
544358
544390
544533
545061
545615
545914
545921
546268
546406
546782
546786
546944
547071
547074
547078
547088
547091
547092
547117
547231
547366
547510
547956
548027
548146
548215
548240
548710
548904
549463
549466
549689
549707
549725
549736
549738
549766
549786
549853
549960
549967
550118
550210
550258
550277
550348
550355
550622
550695
550764
550767
551074
551227
551231
551288
551407
551409
551545
551632
551635
551736
551737
551738
551893
551898
551902
551906
551908
551933
552655
552828
552844
552850
552855
553054
553075
553430
553535
553880
553985
554075
554139
554319
554336
554468
554637
554667
554833
555062
555077
555146
555236
555447
555455
555626
555628
555631
556153
556221
556259
556264
556284
556382
556724
556822
557065
557320
557419
557483
557486
557497
557557
557597
557619
557659
557896
557989
557990
557991
558081
558085
558087
558088
558106
558165
558201
558203
558207
558377
558414
558632
559426
559767
560239
560318
560321
560379
560453
560474
560499
560550
560864
561072
561074
561077
561081
561085
561088
561679
561817
561930
562220
562417
562485
562632
563085
563197
563432
563482
563531
563665
563948
564077
564164
564385
564392
564399
564402
564414
564746
564753
564825
565335
565440
565441
565442
565446
565448
565457
565461
565497
565548
565598
565851
566025
566027
566047
566271
566412
566416
566417
566639
566745
566847
567047
567083
567108
567158
567229
567389
567512
567605
567741
567744
567745
567746
567854
567858
567861
567865
568032
568116
568121
568127
568265
568277
568282
568290
568339
568407
568456
568457
568532
568634
568649
569001
569057
569095
569446
569586
569681
569719
569843
570025
570111
570133
570290
570610
570788
570945
571063
571253
571259
571414
571640
571842
572087
572189
572193
572451
572453
572497
572600
572681
572688
572689
572697
572704
572733
572755
572757
572762
572763
572765
572767
572775
572950
573534
574049
574054
574059
574133
574135
574192
574194
574304
574514
574790
574925
574947
575345
575355
575386
575451
575461
575466
575736
576614
576633
576801
576989
577215
577218
577465
577710
577919
578100
578203
578443
578469
578528
578594
578602
578753
578897
578912
579157
579437
580380
580570
580804
580809
580828
580956
581009
581013
581173
581178
581235
581440
581454
581650
581877
581879
582202
582509
582546
582797
582798
582889
582892
582894
582896
583100
583314
583884
583888
583946
583996
584008
584545
584730
584788
584800
584826
585151
585187
585332
585338
585538
585652
585846
586187
586279
586927
587041
587042
587320
587548
587630
588087
588204
588207
588209
588210
588211
588216
588629
588653
588809
589142
589996
590152
590155
590253
591201
591309
591531
591869
592162
592901
592912
592989
593281
593428
593432
593435
593438
593517
593745
593873
594274
594444
594451
594475
594553
594663
595048
595068
595087
595379
595801
596422
596429
596886
596949
597212
597502
597512
597910
598175
598400
599342
599346
599381
599402
599953
599973
600008
600165
600415
600417
600427
601025
601259
601369
601517
601575
601683
601823
601961
602263
602314
602414
602711
602807
603191
603644
603664
603943
604238
604245
604266
604317
604519
604599
604640
605157
605163
605188
605211
605505
605515
605525
605609
605816
605820
605823
605834
605840
606041
606047
606048
606087
606089
606206
606369
606372
606373
606432
606452
606548
606632
606638
606663
606680
606762
606832
606837
606907
607070
607184
607218
607583
607676
607740
607782
607832
608077
608154
608213
608708
608812
609374
609560
609567
609569
609571
609575
609577
609581
609583
609911
609965
610135
610144
610222
610223
610227
610561
610633
610734
610749
610866
610894
611153
611169
611224
611277
611342
611421
611446
611492
611495
611636
611666
611907
611908
611921
611924
611962
611986
612278
612431
612669
612789
612888
612891
612900
612901
612966
613119
613510
614111
614157
614166
614552
614890
615229
616142
616366
616487
616632
616831
617372
617761
617769
617787
617935
618067
618128
618187
618352
618544
618670
618885
618919
619670
620193
620482
620591
621486
621570
621817
621829
621970
622203
622346
622404
623039
623226
623338
623615
623670
624540
624543
624694
625424
625560
625632
625655
625663
625693
625719
626018
626028
626081
626229
626244
626370
626484
626845
626870
626884
626930
627006
627094
627112
627119
627132
627540
627572
627699
628038
628079
628139
629131
629135
629943
630095
630622
630798
630808
631191
631260
631427
631502
631697
631746
632011
632205
632257
632259
632262
632496
632509
632601
632685
632728
632871
632873
632922
632926
632932
632977
633130
633145
633176
633177
633193
633196
633207
633232
633337
633402
633430
633660
633686
633688
633722
633751
633958
633963
633977
633990
634038
634165
634449
634639
634707
634810
634816
634854
634895
634957
634961
635108
635147
635424
635514
635669
635683
635688
635817
635821
635837
635843
635909
636029
636076
636385
636492
636515
636517
636519
636520
636522
636523
636632
636805
636807
636809
636900
637017
637020
637110
637164
637194
637246
637267
637287
637321
637322
637334
637409
637463
637472
637479
637533
637574
637672
637808
638342
638369
638541
638669
638727
638788
638803
638915
638946
639283
639531
639533
639538
639581
639863
639973
640029
640128
640276
640386
640519
640526
640768
640796
640816
640824
640830
640935
641212
641275
641321
641322
641340
641495
641588
641684
641835
641842
641967
642085
642107
642113
642155
642237
642635
642641
642647
642649
642652
642697
642921
642957
643065
643077
643200
643234
643238
643288
643291
643393
643395
643400
643425
643428
643432
643468
643597
643632
643889
643924
643969
643998
644002
644003
644064
644106
644142
644157
644182
644460
644530
644549
644618
644623
644653
644665
644787
644921
645047
645182
645243
645482
645499
645501
645518
645725
645726
645733
645750
645796
645881
645900
645927
645930
645941
646020
646397
646843
647049
647398
647769
648013
648088
648095
648229
648408
648495
648594
648668
648770
648772
648777
648779
648955
648957
649617
649984
650170
650176
650366
650685
650716
651129
651147
651273
651465
651494
651579
651728
651732
651782
651871
652342
652757
652761
652767
652775
652794
652823
653229
653340
653363
653365
653412
653556
653645
653672
653783
654189
654191
654241
654593
654615
654741
654981
655033
655046
655083
655393
655478
655560
655574
655742
655746
655754
655758
655759
655761
655765
655874
656024
656147
656233
656250
656981
657012
657099
657386
657437
657625
657640
657891
658074
658402
658503
658642
659060
659201
659355
659358
659411
659412
659413
659415
659416
659417
659419
659420
659564
659578
659724
659756
659766
659788
659794
659797
659802
660099
660299
660418
660773
660985
661395
661601
661665
661666
661834
662016
662087
662152
662267
662498
662509
662601
662778
662956
662975
662983
663122
663128
663153
663407
663481
663603
663625
663661
663775
663953
664041
664042
664045
664047
664164
664170
664171
664172
664307
664483
664527
664530
664571
664748
664790
664945
665030
665032
665351
665469
665552
666010
666016
666095
666196
666487
666634
666720
666723
666730
666782
666883
667057
667098
667132
667226
667228
667331
667336
667408
667459
667562
667688
667979
667989
667992
667996
668061
668385
668712
668723
668796
668834
669355
669448
669510
669695
669724
669772
670127
670171
670490
670580
670615
670624
670636
670964
671078
671079
671137
671217
671368
671372
671380
671389
671555
671630
671708
671712
671713
671952
672043
672050
672055
672204
672215
672226
672229
672555
672593
672658
672996
673043
673094
673179
673725
673850
673930
673933
673940
673958
674308
674370
674382
674475
674499
674520
674548
674703
674862
675282
675439
675526
675941
675947
675950
675956
675958
676240
676291
676649
676726
676735
676738
676744
676770
677206
677230
677338
677600
677646
678094
678278
678298
678331
678389
678897
678928
679163
679213
679221
679722
679785
679790
679865
679985
680094
680380
680621
680871
681181
681185
681243
681280
681362
681582
681584
681665
681680
681836
681840
681914
682043
682225
682261
682359
682809
682999
683154
683455
683691
683773
683780
684201
684807
684812
684822
684923
684993
685180
685222
685289
685454
685586
685646
685649
685661
685671
685682
685826
685867
686086
686357
686435
686472
686584
686676
686988
687137
687142
687445
687484
687647
687728
687766
687794
687859
688034
688138
688177
688312
688436
688460
688465
688542
688639
688728
689088
689112
689122
689127
689144
689148
689312
689323
689397
689688
690129
690193
690311
690348
690372
690451
690585
690658
690795
690797
690799
690800
690905
691223
691397
691473
691860
692227
692380
692510
692531
692623
692885
693315
693318
693400
693464
693467
693474
693475
693486
693582
693742
693780
693840
694211
694378
694435
694439
694441
694476
694481
694556
694717
694725
694731
694739
694951
695042
695647
695651
695697
696006
696673
696958
697389
697709
697904
698672
699008
699018
699087
699183
699221
699250
699349
699633
699758
700108
700347
700358
700373
700388
700423
700556
700604
700686
701029
701407
701511
701578
701727
701796
702029
702037
702068
702070
702120
702349
702391
702518
702638
702759
703050
703069
703127
703258
703268
703781
704179
704208
704214
704567
704993
705075
705208
705279
705368
705387
705393
705396
705397
705416
705433
705450
705451
705515
705519
705528
705751
705780
705949
706001
706199
706303
706383
706494
706525
706559
706574
706778
706856
706891
706898
707116
707131
707142
707192
707459
707474
707621
707639
707757
707794
708494
708699
709034
709059
709082
709085
709137
709196
709238
709564
709614
709805
709842
709907
709912
709983
709992
710003
710019
710219
710228
710242
710493
710572
710578
710672
710922
711069
711342
711370
711427
711754
712189
712196
712286
712499
712762
712907
712972
713130
713341
713523
713563
713651
714129
714150
714153
714199
714324
714440
714460
714479
714798
715159
715178
715210
715235
715324
715343
715402
715461
715550
715762
715900
715903
715951
716109
716300
716343
716472
716480
716512
717011
717096
717285
717372
717679
717716
717972
718083
718151
718395
718630
718754
719050
719173
719311
719318
719324
719452
719456
719535
719864
720009
720442
720689
720771
721118
721196
721333
721540
721825
721877
722261
722364
722472
722522
722635
722667
722688
722709
722710
722714
722724
722845
723024
723111
723144
723227
723255
723359
723408
723447
723454
723531
723553
723716
724165
724479
724484
724653
724719
724736
724774
724980
724985
725114
725623
725640
725646
725764
725835
725836
725842
725851
725960
725992
726031
726040
726062
726120
726121
726289
726333
726352
726504
726521
726741
726753
726784
726881
726939
726999
727016
727111
727136
727251
727347
727352
727574
727610
728065
728218
728289
728292
728298
728308
728401
728415
728617
728732
728948
729004
729176
729429
729482
729634
729674
729705
729883
729935
729999
730255
730627
730780
730873
730903
730987
731001
731339
731343
731583
731767
731803
731807
731818
731981
731985
732118
732333
732344
732510
732520
732558
732856
732912
732945
733222
733387
733528
733878
733932
734451
734557
734637
734639
734844
734973
735012
735031
735072
735116
735117
735437
735458
735504
735514
735592
735734
735736
735740
735993
736274
736356
736694
736883
737233
737259
737261
737267
737271
737284
737294
737322
737376
737693
737803
737830
737998
738008
738090
738098
738127
738141
738332
738388
738391
738441
738444
738454
738461
738466
738477
738493
738496
738507
738509
738540
738583
738672
738890
738891
738893
738898
738900
739068
739087
739133
739174
739275
739343
739372
739403
739440
739445
739447
739449
739451
739453
739454
739456
739458
739474
739573
739582
739587
739627
739706
739788
739887
739914
739995
740016
740061
740119
740257
740264
740318
740594
740598
740623
740686
740899
740908
741206
741261
741271
741380
741382
741451
741533
741614
741616
741630
741632
741635
741670
741712
741957
741984
742048
742147
742312
742327
742568
742797
742899
742906
742948
742951
742961
742963
743240
743305
743581
743654
743831
744009
744038
744041
744210
744388
744404
744405
744410
744423
744430
744442
744456
744515
744534
744538
744542
744549
744552
744553
744606
744774
744859
745040
745210
745342
745456
745475
745795
745934
745936
746148
746164
746173
746240
746245
746666
746667
746689
746722
746894
746971
746973
747156
747170
747171
747239
747424
747429
747432
747483
747593
747706
747716
747719
747721
747728
747729
747901
747919
747923
747957
748048
748115
748273
748282
748343
748561
748645
748700
748810
748812
748910
748939
748942
748990
749029
749105
749109
749239
749290
749302
749377
749380
749396
749416
749427
749464
749527
749555
749581
749582
749611
749613
749951
750141
750143
750271
750281
750288
750301
750303
750305
750401
750518
750522
750543
750694
750697
750725
750838
750843
750895
750900
750914
750923
751023
751055
751078
751099
751197
751298
751361
751365
751372
751401
751418
751422
751423
751440
751443
751447
751453
751626
751731
751743
751840
751848
751855
751856
751965
752126
752133
752142
752157
752177
752200
752378
752428
752434
752435
752436
752440
752443
752444
752446
752448
752473
752553
752694
752714
752743
752761
752762
752763
752819
752825
752833
752902
752904
753074
753076
753131
753143
753170
753208
753270
753328
753337
753402
753411
753436
753451
753455
753468
753773
754195
754265
754267
754450
754501
754607
754651
754758
754785
754801
754859
754905
754909
754928
754952
755001
755039
755062
755211
755233
755329
755349
755350
755561
755737
755788
755792
755794
755795
755798
755804
755878
755915
755998
756292
756317
756327
756341
756360
756423
756432
756439
756446
756452
756457
756530
756566
756570
756630
756643
756673
756774
756792
756793
756810
756830
756838
757004
757013
757055
757073
757097
757114
757224
757242
757344
757345
757352
757392
757393
757405
757424
757429
757431
757433
757442
757453
757559
757655
757672
757707
757709
757720
757844
757855
757911
758022
758105
758439
758443
758501
758517
758589
758744
758761
758802
758803
758860
758861
759102
759165
759168
759189
759193
759220
759244
759292
759486
759516
759578
759585
759619
759622
759725
759753
759768
759776
759807
759818
759933
759937
759957
760020
760218
760271
760460
760466
760508
760512
760537
760540
760582
760825
760891
760998
761047
761055
761248
761298
761333
761337
761533
761554
761556
761581
761600
761746
761823
761837
761848
761856
761863
761869
761878
761903
761977
762029
762033
762057
762060
762068
762112
762255
762295
762302
762305
762457
762567
762655
762660
762685
762741
762826
762838
762863
762998
763014
763091
763139
763161
763162
763320
763453
763631
763749
763751
763967
763992
764013
764073
764080
764091
764160
764164
764231
764309
764410
764412
764619
764620
764673
764729
764765
764794
764893
764930
765190
765193
765210
765402
765797
765968
765996
766024
766029
766184
766217
766229
766237
766375
766394
766401
766457
766505
766543
766592
766764
767050
767152
767216
767234
767251
767274
767395
767471
767526
767613
767657
767711
767835
768135
768253
768370
768570
768667
768673
768893
768983
769002
769013
769021
769127
769254
769270
769391
769468
769642
769686
769704
770107
770338
770382
770404
770436
770461
770491
770503
770623
770632
770740
770867
770951
770973
770977
771064
771266
772312
772603
772650
772667
772786
773053
773108
773257
773274
773491
773542
773568
773691
773701
773724
773897
773909
774044
774103
774132
774139
774146
774309
774559
774629
774862
774887
774895
774900
775052
775063
775135
775272
775381
775481
775564
775566
775596
775605
775607
775611
775615
775771
775792
776195
776203
776251
776462
776491
776562
776657
776874
776904
777235
777677
777697
778126
778190
778211
778262
778371
778379
778436
778439
778519
778590
778720
778755
778764
778801
779216
779234
779333
779385
779433
779569
779621
779655
779844
779951
780160
780196
780275
780365
780591
780666
780688
780821
780832
780863
781001
781004
781012
781046
781050
781076
781197
781313
781317
781319
781337
781363
781378
781418
781444
781526
781635
781644
781683
781705
781719
781724
781772
781781
781926
781935
781970
781984
781995
782055
782083
782176
782177
782209
782212
782214
782226
782230
782238
782341
782358
782390
782676
782869
782984
783088
783089
783104
783113
783161
783281
783327
783335
783460
783839
783947
783948
784015
784024
784177
784192
784485
784486
784495
784630
784791
784817
784838
784850
785059
785075
785095
785097
785109
785121
785125
785131
785136
785141
785152
785154
785160
785163
785166
785167
785176
785293
785328
785401
785443
785662
785763
785764
785916
786018
786126
786127
786372
786747
786754
786835
786842
786848
786851
786853
786856
786864
786866
786870
786878
786881
786926
786928
787046
787085
787115
787288
787316
787370
787402
787460
787468
787490
787497
787506
787527
787590
787635
787760
787785
787935
788073
788297
788303
788376
788473
788623
788873
789113
789208
789310
789339
789351
789365
789581
789637
789784
789791
789955
789978
790020
790027
790634
790695
790893
790949
790998
791141
791329
791348
791394
791479
791698
792494
792505
792543
792684
792736
792916
793234
793266
793354
793549
793608
793828
794325
794349
794452
794487
795051
795136
795155
795500
795508
795724
795756
795970
796002
796066
796197
796211
796214
796237
796250
796307
796523
796571
796621
797012
797052
797173
797312
797393
797400
797582
797648
797742
797781
797886
797888
797974
798082
798434
798467
798719
798829
798966
799097
799098
799099
799105
799123
799131
799308
799364
799540
799655
799807
799874
799904
799920
799943
799953
800098
800137
800156
800453
800461
800469
800472
800474
800844
800857
800861
801109
801178
801233
801244
801454
801527
801651
801774
801794
801830
802358
802369
802725
802728
802839
802870
802887
802909
802963
802969
803135
803139
803204
803216
803217
803390
803938
803939
804041
804042
804043
804127
804167
804236
804267
804281
804374
804404
804572
804617
804706
805063
805064
805067
805107
805206
805207
805221
805224
805347
805356
805420
805421
805434
805436
805597
805619
806032
806207
806248
806275
806291
806309
806631
806639
806715
806778
806845
806846
806853
806893
806895
807001
807002
807003
807025
807030
807049
807320
807336
807969
808031
808033
808037
808049
808053
808056
808059
808063
808065
808069
808100
808334
808340
808351
808421
808424
808429
808445
808600
808748
808768
808789
808793
808810
809207
809224
809238
809282
809431
809439
809485
809556
809557
809561
809563
809570
809571
809586
809587
809591
809596
809610
809614
809621
809642
809645
809673
809678
809702
809892
809932
809962
810018
810062
810082
810150
810155
810161
810163
810387
810427
810464
810732
810748
810896
811074
811087
811089
811149
811153
811191
811467
811468
811622
811652
811707
811714
811716
811723
811734
811743
811751
811755
811757
811758
811763
811767
811772
811775
811777
811781
811783
811790
811794
811816
811822
811825
811829
811832
811869
811893
811914
811921
811928
811939
812235
812237
812263
812275
812286
812292
812307
812310
812315
812330
812427
812494
812498
812605
812612
812616
812620
812621
812641
812653
812657
812665
812694
812915
812957
812979
812987
812999
813003
813015
813025
813033
813066
813428
813583
813678
813852
813980
813992
814019
814037
814273
814318
814320
814510
814811
814895
814904
814951
815067
815072
815143
815209
815278
815279
815569
815631
816311
816349
816370
816381
816487
816495
816512
816515
816516
816528
816538
816546
816566
816656
816685
816699
816759
816771
816790
816798
816801
816811
816820
816915
817077
817170
817348
817499
817514
817677
817680
817742
817747
817811
817839
818153
818230
818442
818527
818735
819250
819259
819341
819401
819617
819713
819746
820032
820657
820662
821038
821098
821320
821485
821670
821678
821684
822148
822428
822475
822499
822759
823155
823199
823764
823847
823849
824254
824326
824348
824351
824423
824503
824643
824734
824761
824843
824937
825016
825045
825162
825208
825218
825344
825351
825357
825530
825577
825594
825664
825691
825725
825741
825818
825895
826092
826146
826161
826188
826268
826617
826632
826649
826686
826863
826983
827064
827180
827255
827285
827401
827797
827994
828340
828651
828913
829357
829523
829652
829660
829674
830036
830180
830184
830984
831179
831654
831703
831830
831877
832063
832105
832310
832320
832454
832458
832474
832478
832499
832508
832509
832557
832602
832607
832615
832625
832649
833023
833084
833187
833195
833454
833803
834455
834578
834681
834849
834875
834883
834971
835457
835560
835638
835653
835677
835817
835823
835829
836087
836155
836269
836294
836325
836332
836333
836336
836343
836423
836439
836570
836738
836795
836797
836833
836925
837242
837503
837650
838003
838117
838237
838317
838353
838516
838630
838923
839006
839010
839069
839262
839342
839347
839557
839741
839801
839908
840254
840297
840783
840805
840818
840885
840887
842109
842135
842159
842417
842419
842442
842455
842521
842820
842826
842938
843158
843487
843489
843784
843807
843842
843939
843978
844094
844322
844555
844634
844917
844986
845097
845119
845123
845152
845157
845178
845319
845474
845831
846255
846311
846423
846424
846895
847066
847087
847140
847171
847197
847420
847549
847557
847562
847564
847679
848055
848063
848090
848197
848286
848289
848432
848676
848707
848787
848826
848840
848927
849032
849044
849046
849059
849635
849640
849735
849815
849828
850010
850050
850065
850071
850218
850379
850502
850575
850699
851100
851372
851429
851665
851762
851885
851965
852313
852431
852593
852701
852829
852930
852954
852966
852995
853034
853035
853043
853334
853391
853500
853545
853585
853602
853604
853677
853799
853924
853958
853959
854113
854153
854169
854302
854535
854561
854746
854818
854989
854996
855006
855140
855245
855267
855451
855467
855536
855971
855997
856006
856056
856060
856062
856081
856085
856090
856091
856099
856476
856512
856613
856795
856839
856864
856973
857270
857415
857417
857429
857444
857504
857708
857726
857797
857922
857925
857932
858003
858061
858066
858071
858074
858077
858162
858169
858180
858181
858188
858233
858239
858270
858284
858314
858325
858346
858461
858463
858487
858572
858581
858614
858619
858655
858690
858836
858838
858841
858844
858975
859048
859657
859698
859725
859768
859804
860023
860027
860073
860126
860304
860462
860537
860553
860606
860728
860928
860931
861136
861177
861199
861303
861413
861456
861593
861913
861942
861977
862054
862090
862131
862212
862326
862671
862672
862720
862724
862748
862758
862762
862763
862816
862818
862857
862908
863171
863181
863295
863438
863482
863525
863532
863534
863593
863594
863596
863597
863662
863672
863680
863688
863758
863776
863856
864411
864429
864715
864717
864721
864860
865355
865528
865556
865620
865647
865939
865944
865949
866002
866100
866372
866682
866700
866716
868265
868547
868551
868582
868586
868603
868768
869016
869041
869101
869154
869443
869629
869764
869900
869983
870056
870179
870478
870506
870510
870531
870660
870809
870946
870950
870957
871138
871401
871406
871440
871443
871449
871471
871472
871474
871654
871836
871875
872010
872255
872278
872338
872370
872382
872383
872386
872450
872475
872485
872506
872512
872514
872555
872663
872668
872721
872728
872732
872737
872755
872787
872886
872889
872940
873330
873414
873516
873559
873717
873754
873784
873865
873888
873915
874242
874334
874657
874706
874709
874832
874894
874969
874973
874995
874998
875030
875081
875119
875122
875133
875137
875138
875289
875334
875356
875425
875426
875487
875915
875986
875989
875993
876001
876010
876018
876122
876132
876174
876201
876205
876210
876222
876224
876227
876235
876237
876247
876418
876427
876430
876457
876465
876531
876544
876600
876707
876801
876864
876949
877000
877019
877024
877055
877089
877189
877247
877430
877439
877445
877621
877759
877772
877907
878362
878494
878720
878838
878844
878849
878853
878856
878941
879033
879138
879165
879267
879305
879374
879430
879486
879491
879497
879717
879796
879849
879993
879995
880024
880029
880264
880271
880289
880294
880304
880311
880327
880329
880337
880352
880398
880557
880561
880565
880567
880568
880572
880582
880585
880604
880650
880665
880774
880891
880939
880981
881053
881070
881216
881258
881310
881317
881355
881380
881404
881405
881688
881756
881761
881803
881820
881828
882008
882051
882068
882086
882179
882186
882218
882225
882235
882502
882530
882593
882596
882806
883001
883089
883090
883110
883217
883220
883299
883316
883341
883349
883361
883406
883680
883745
883978
883989
884059
884180
884224
884234
884402
884415
884506
884551
884681
884728
884788
884789
884800
885030
885101
885189
885192
885309
885375
885387
885460
885837
885895
885930
886305
886317
886336
886576
886604
886606
886608
886611
886638
886885
886961
887078
887169
887173
887309
887347
887470
887556
887786
887907
887924
888162
888532
888561
888665
888842
888997
889107
889266
889278
889287
889423
889424
889470
889539
889658
889676
889681
889685
889730
889834
889839
889927
889995
890452
890729
890874
890991
891013
891048
891184
891253
891514
891527
891576
891701
891761
891924
891936
892079
892142
892265
892361
892368
892417
892426
892432
892444
892457
892458
892700
892767
892910
892944
892957
892965
893036
893098
893255
893323
893355
893396
893411
893535
893910
893933
894011
894125
894334
894570
894586
894600
894751
894818
895039
895073
895158
895178
895267
895290
895433
895492
895499
895895
896011
896087
896155
896161
896164
896169
896173
896180
896192
896205
896345
896375
896413
896592
896663
896890
897078
897159
897268
897361
897454
897488
897782
897874
898080
898348
898349
898365
898369
898860
899269
899298
899504
899544
899620
899673
899694
899722
899810
899840
899871
899929
899996
900065
900314
900412
900855
901040
901090
901101
901247
901257
901330
901338
902984
903073
903075
903097
903329
903388
903852
904024
904417
904449
904471
904648
905011
905020
906355
906389
908806
908815
910501
910703
910705
910791
910803
911045
911106
911112
911243
911416
911748
911897
911901
911911
912133
912195
912407
912549
912556
912602
912638
912668
912793
912878
913017
913163
913479
913487
913645
914015
914037
914075
914091
914312
914397
914520
914634
914712
914799
915058
915156
915160
915162
915257
915268
915275
915292
915296
915310
915707
916142
916439
916483
916710
916790
916930
916960
917484
917883
918118
918597
918613
918615
918675
918727
918731
918762
919134
919363
919542
919567
919817
920348
920551
920633
920635
920845
920958
921525
921644
921649
921782
922048
922437
922443
922596
922742
922747
922754
922801
923162
923238
923246
923255
923404
923414
924036
924382
924398
924780
924806
924963
924971
924975
925045
925843
925890
925891
925946
925988
925997
926054
926070
926074
926403
926448
927041
927138
927412
927526
927559
927767
927854
927879
927942
928074
928087
928089
928102
928103
928105
928108
928111
928119
928125
928130
928131
928133
928250
928643
928646
928668
928716
928793
928800
928808
929007
929089
929220
929428
929455
929461
929665
930087
930150
930860
930908
930914
930962
931309
931311
931312
931313
931317
931318
931319
931320
931322
931323
931329
931332
931338
931341
931345
931348
931353
931579
931616
931650
931769
931834
931957
932066
932402
932468
932470
932472
932481
932560
932752
932811
932914
933069
933098
933139
933152
933190
933205
933224
933342
933403
933422
933561
934010
934104
934206
934630
934698
934707
934708
934729
934734
934864
935073
935468
935643
935978
936169
936199
936252
936359
936369
936602
936700
936797
937329
937390
937609
937656
937747
938095
938116
938128
938141
938145
938156
938251
938523
938751
938806
938836
939064
939648
939773
940165
940187
940562
940647
940690
941009
941059
941526
941741
941805
941954
942057
942202
942318
942321
942364
942367
942596
942875
942888
942905
942936
943234
943287
943519
943581
943600
943725
943748
943819
943909
943960
944251
944267
944275
944383
944389
944638
944869
944929
944968
944972
944976
944978
944997
945176
945348
945443
945847
945920
946466
946723
946763
946774
946989
947065
947073
947159
947226
947235
947532
947797
947892
947902
947930
947933
947994
948033
948067
948072
948080
948297
948334
948413
949233
949486
949505
949578
949668
949720
949733
949942
950110
950182
950207
950279
950318
950434
950563
950601
950765
950910
951531
951552
951571
951582
951804
951980
952018
952042
952258
952297
953298
953410
953675
953714
954019
954026
954038
954041
954171
954177
954410
954489
954682
954767
954771
954852
954858
955121
955202
955217
955341
955448
955663
955715
955848
956111
956223
956350
956425
956490
956572
956590
956618
956948
957019
957056
957124
957392
957424
957587
958003
958356
958410
958619
958649
958721
958759
958801
958998
959041
959181
959233
959636
959659
959663
959800
959959
960250
960393
960424
960580
960586
960708
960750
961020
961021
961034
961048
961172
961359
961422
961428
962047
962317
962917
963030
963240
963241
963665
963675
963679
964181
964379
964392
964409
964414
964434
964530
964542
964587
964780
964928
964991
965020
965164
965250
965289
965419
965425
965708
965794
965982
966046
966287
966300
966429
966454
966461
966465
966844
966851
966853
966854
966973
967068
967192
967228
967253
967345
967490
967503
967557
967621
967738
967739
967742
967889
967903
967988
968013
968019
968033
968077
968115
968119
968123
968127
968366
968548
968623
968688
968742
968770
968818
969133
969135
969296
969318
969402
969679
969719
969743
969751
969757
969990
970011
970259
970324
970497
970571
970605
970630
970650
970836
971231
971237
971420
971620
971704
971788
972261
972561
972634
972642
972654
972681
972911
972914
972981
973070
973239
973540
973543
973551
973553
973561
973572
973705
973792
973861
973929
974189
974400
974550
974572
974698
974712
974725
974733
975027
975061
975078
975129
975177
975179
975185
975190
975193
975256
975272
975451
975484
975494
975512
975636
975887
975980
976034
976209
976381
976395
976437
976532
976925
976988
977062
977073
977093
977100
977309
977438
977457
977571
977595
977598
977630
977632
977633
977634
977635
977636
977637
977638
977640
977644
977645
977647
977648
977649
977650
977651
977653
977654
977754
977816
977836
977853
977862
977873
977923
978097
978170
978410
978522
978673
979197
979203
979329
979549
979553
979561
979702
979738
980060
980084
980465
980569
980578
980844
980845
980941
980942
980945
980948
981197
981218
981266
981272
981287
981289
981567
981593
981680
981988
982067
982141
982193
982200
982379
982455
982458
982872
982876
983024
983228
983280
983490
983531
983707
983775
983993
984160
984359
984425
984436
984638
984778
984805
984982
985146
985183
985185
985274
985280
985323
985448
985672
985747
985777
986009
986083
986131
986371
986437
986511
986800
986953
987061
987063
987066
987081
987097
987305
987306
987310
987496
987926
987975
988041
988054
988057
988142
988184
988265
988468
988476
988680
988682
988859
989044
989389
989452
989830
990214
990455
990484
990511
990541
990806
990962
990977
991041
991111
991188
991423
991570
991743
991810
991882
991887
991924
991930
992180
992190
992204
992219
992227
992272
992279
992280
992285
992286
992329
992445
992449
992452
992458
992669
992688
992863
992870
993057
993105
993112
993176
993299
993348
993640
993651
993818
994001
994008
994012
994082
994084
994134
994253
994262
994483
994495
994515
994545
994548
994549
994551
994592
994728
995052
995560
995593
995713
995737
996134
996160
996184
996230
996266
996331
996384
996421
996763
996851
997319
997508
997511
997697
997713
997833
997928
998100
998104
998110
998132
998263
998340
998440
998475
998482
999065
999669
999779
999929
999943
1000117
1000296
1000348
1000361
1000999
1001042
1001221
1001226
1001433
1001449
1001767
1001828
1001922
1002071
1002149
1002150
1002151
1002191
1002325
1002349
1002506
1002576
1002594
1002639
1003078
1003106
1003124
1003251
1003609
1003716
1003797
1003819
1003890
1003981
1004490
1004662
1004785
1004862
1004885
1004987
1004996
1005002
1005011
1005102
1005301
1005378
1005395
1005566
1005625
1005683
1005770
1005852
1005989
1006025
1006513
1006543
1006595
1006613
1006860
1006932
1006937
1006940
1006998
1007049
1007132
1007147
1007242
1007397
1007492
1007633
1007869
1008026
1008080
1008323
1008515
1008543
1008812
1008821
1008870
1008886
1008936
1008980
1009047
1009058
1009078
1009103
1009140
1009358
1009536
1009621
1009705
1009872
1009890
1009917
1010018
1010138
1010429
1010589
1010650
1010698
1011025
1011215
1011395
1011607
1011609
1011616
1011621
1011879
1011999
1012009
1012064
1012076
1012078
1012103
1012220
1012362
1012373
1012433
1012643
1012756
1012971
1013132
1013137
1013203
1013328
1013466
1013664
1013667
1013694
1013774
1013930
1013932
1013934
1013944
1013966
1014049
1014195
1014227
1014237
1014242
1014245
1014271
1014310
1014320
1014373
1014375
1014410
1014421
1014431
1014649
1014707
1014888
1014991
1015180
1015309
1015416
1015505
1015642
1015694
1015793
1015798
1016030
1016191
1016361
1016383
1016385
1016401
1016490
1016521
1016526
1017014
1017072
1017075
1017180
1017184
1017293
1017585
1017732
1017733
1017797
1017802
1017818
1017858
1017920
1018026
1018105
1018190
1018300
1018357
1018417
1018429
1018695
1018698
1018879
1019018
1019170
1019173
1019177
1019179
1019181
1019219
1019520
1019523
1019631
1019692
1019846
1019849
1019881
1019902
1019996
1019998
1019999
1020042
1020255
1020263
1020264
1020266
1020280
1020340
1020371
1020590
1020625
1020668
1020701
1020890
1021035
1021056
1021083
1021092
1021093
1021257
1021438
1021798
1022132
1022134
1022654
1022680
1022700
1022703
1022778
1022887
1023125
1023184
1023257
1023588
1023652
1023802
1023853
1024141
1024142
1024223
1024562
1024591
1024599
1024616
1024687
1024822
1024955
1025024
1025154
1025165
1025523
1025542
1025572
1025826
1025918
1025946
1026057
1026066
1026068
1026256
1026280
1026352
1026355
1026356
1026574
1026606
1026717
1026718
1026721
1026810
1027027
1027063
1027094
1027303
1027377
1027396
1027451
1027482
1027492
1027629
1027680
1027728
1027816
1027847
1027865
1027929
1028215
1028296
1028562
1028571
1028617
1028623
1028648
1028653
1028674
1028677
1028679
1028704
1028715
1028848
1028882
1028908
1028999
1029019
1029027
1029241
1029351
1029352
1029657
1029663
1029683
1029686
1029728
1029752
1029801
1029813
1029843
1029949
1030062
1030089
1030107
1030187
1030343
1030372
1030552
1030559
1030619
1030647
1030677
1030687
1030691
1030972
1031133
1031134
1031144
1031146
1031208
1031359
1031441
1031448
1031540
1031568
1031745
1031747
1032032
1032051
1032115
1032152
1032201
1032305
1032403
1032439
1032514
1032710
1032910
1033424
1033431
1033467
1033498
1033500
1033502
1033566
1033749
1033807
1033931
1033946
1034067
1034071
1034097
1034123
1034480
1034483
1034485
1034689
1034693
1034703
1034732
1034785
1034787
1034789
1034861
1034887
1034929
1035013
1035065
1035084
1035187
1035188
1035189
1035383
1035544
1035584
1035704
1035835
1036023
1036026
1036133
1036139
1036432
1036451
1036609
1036637
1036678
1036684
1036701
1036703
1036718
1036994
1037048
1037170
1037217
1037461
1037464
1037545
1037581
1037618
1037785
1037791
1037799
1037806
1037854
1037880
1038068
1038083
1038141
1038143
1038225
1038257
1038416
1038481
1038489
1038497
1038587
1038595
1038596
1038601
1038609
1038621
1038699
1038711
1038766
1038794
1038871
1038887
1039099
1039103
1039108
1039183
1039204
1039213
1039282
1039335
1039359
1039508
1039672
1039725
1039750
1039777
1039779
1039801
1039824
1039898
1039901
1039948
1039958
1040077
1040085
1040089
1040091
1040095
1040101
1040128
1040134
1040144
1040147
1040153
1040417
1040437
1040468
1040516
1040551
1040562
1040573
1040593
1040629
1040700
1040783
1040785
1040789
1040802
1040844
1040880
1041051
1041081
1041097
1041114
1041265
1041399
1041404
1041471
1041569
1041633
1041636
1041660
1041752
1041794
1041908
1041914
1041918
1041952
1042078
1042240
1042253
1042277
1042321
1042390
1042394
1042407
1042435
1042479
1042568
1042602
1042644
1042667
1042700
1042720
1042835
1042940
1042960
1043041
1043228
1043247
1043258
1043267
1043274
1043284
1043291
1043306
1043431
1043513
1043571
1043590
1043635
1043639
1043648
1043651
1043848
1043890
1043925
1044303
1044396
1044417
1044488
1044525
1044548
1044551
1044641
1044650
1044660
1044798
1044827
1044833
1044843
1044895
1044908
1045001
1045057
1045129
1045145
1045182
1045189
1045190
1045203
1045235
1045276
1045280
1045283
1045536
1045599
1045620
1045745
1045784
1045849
1045980
1046059
1046150
1046205
1046326
1046558
1046910
1047135
1047189
1047237
1047458
1047597
1047602
1047810
1047886
1047900
1048039
1048107
1048127
1048140
1048149
1048156
1048232
1048237
1048352
1048372
1048373
1048375
1048428
1048505
1048540
1048694
1048697
1048700
1048783
1048933
1048957
1048986
1049134
1049249
1049327
1049333
1049435
1049577
1049581
1049609
1049754
1049818
1049823
1049827
1049830
1049846
1050317
1050361
1050366
1050469
1050581
1050610
1050619
1050624
1050643
1050703
1050903
1051007
1051170
1051317
1051318
1051321
1051540
1051738
1051946
1052106
1052114
1052146
1052147
1052194
1052299
1052389
1052716
1052749
1052775
1052849
1052853
1052857
1053065
1053106
1053328
1053447
1053746
1053808
1053892
1053931
1054029
1054156
1054299
1054502
1054573
1054599
1054958
1055201
1055318
1055470
1055777
1056058
1056366
1056402
1056446
1056495
1056505
1056581
1056780
1056797
1057062
1057299
1057318
1057763
1057768
1057776
1057796
1057798
1058028
1058073
1058081
1058085
1058157
1058306
1058521
1058716
1058724
1058746
1058860
1058883
1058901
1058909
1058930
1058972
1058981
1058990
1059047
1059110
1059144
1059149
1059454
1059555
1059778
1059806
1059901
1059916
1059927
1060040
1060109
1060150
1060183
1060207
1060227
1060240
1060388
1060454
1060604
1060750
1060851
1061020
1061120
1061143
1061165
1061174
1061213
1061330
1061396
1061422
1061428
1061430
1061432
1061433
1061435
1061437
1061443
1061446
1061449
1061493
1061496
1061497
1061501
1061519
1061524
1061531
1061695
1061774
1061783
1061879
1061943
1061944
1061964
1062120
1062127
1062171
1062282
1062283
1062292
1062308
1062376
1062384
1062626
1062635
1062637
1062664
1062667
1062675
1062733
1062761
1062785
1062789
1062796
1062799
1062827
1062838
1062851
1062852
1062860
1062870
1062936
1062999
1063040
1063055
1063121
1063125
1063131
1063436
1063438
1063456
1063480
1063482
1063490
1063494
1063498
1063687
1063707
1063818
1063876
1064061
1064083
1064152
1064190
1064238
1064249
1064280
1064281
1064435
1064462
1064497
1064516
1064591
1064671
1064784
1064931
1065007
1065058
1065068
1065131
1065374
1065484
1065673
1065683
1065719
1065769
1065770
1065869
1065934
1065938
1065952
1066420
1066421
1066422
1066511
1066525
1066703
1066707
1066780
1066914
1066979
1067053
1067063
1067066
1067074
1067090
1067283
1067936
1068000
1068023
1068362
1068408
1068423
1068444
1068471
1068478
1068552
1068691
1068715
1068747
1068954
1068995
1069108
1069118
1069211
1069267
1069630
1069788
1069885
1069924
1070006
1070291
1070432
1070450
1070455
1070772
1070867
1071002
1071129
1071197
1071199
1071258
1071309
1071430
1071644
1071812
1071904
1072006
1072081
1072187
1072267
1072357
1072404
1072472
1072475
1072478
1072485
1072680
1072709
1072780
1072848
1072898
1072990
1073102
1073105
1073114
1073304
1073556
1073696
1073946
1073952
1073968
1073969
1073971
1073992
1074012
1074016
1074023
1074221
1074236
1074242
1074246
1074249
1074295
1074322
1074504
1074524
1074531
1074648
1074776
1074839
1074919
1075004
1075296
1075391
1075449
1075465
1075495
1075616
1076001
1076005
1076043
1076095
1076185
1076213
1076277
1076331
1076352
1076759
1076939
1077027
1077102
1077198
1077222
1077277
1077284
1077559
1077691
1077723
1077737
1077846
1078179
1078188
1078229
1078307
1078317
1078360
1078408
1078427
1078453
1078460
1078470
1078476
1078478
1078654
1078664
1078670
1078673
1078712
1078867
1078963
1078993
1079017
1079023
1079054
1079402
1079508
1079713
1079740
1079845
1079916
1079928
1079973
1079992
1080065
1080179
1080193
1080299
1080335
1080337
1080347
1080357
1080391
1080764
1080942
1080955
1081115
1081167
1081308
1081494
1081637
1081818
1081936
1081987
1082133
1082211
1082389
1082491
1082552
1082558
1082662
1082765
1082783
1082805
1083016
1083022
1083041
1083051
1083071
1083375
1083376
1083394
1083444
1083567
1083621
1083929
1083949
1083953
1084089
1084228
1084439
1084456
1084523
1084656
1084852
1084966
1084972
1085000
1085209
1085215
1085262
1085386
1085394
1085549
1085608
1085694
1085801
1085866
1086020
1086063
1086238
1086376
1086400
1086496
1086748
1086794
1086915
1087065
1087086
1087159
1087169
1087184
1087291
1087721
1087726
1087767
1087792
1087826
1088060
1088423
1088424
1088454
1088575
1088606
1088679
1088784
1088798
1089183
1089251
1089515
1089674
1089772
1089839
1089915
1089927
1089959
1090184
1090289
1090290
1090304
1090361
1090403
1091269
1091407
1091410
1091412
1091416
1091421
1091970
1092006
1092009
1092247
1092343
1092403
1092471
1092519
1092549
1092659
1093028
1093064
1093223
1093302
1093367
1093538
1093549
1093552
1093590
1093601
1093767
1093769
1093790
1093817
1093850
1094017
1094089
1094113
1094125
1094206
1094317
1094324
1094329
1094385
1094670
1094837
1095001
1095131
1095135
1095334
1095387
1095624
1095626
1095649
1095658
1095667
1095844
1095849
1095862
1095957
1096082
1096087
1096130
1096304
1096365
1096422
1096497
1096501
1096762
1096864
1096879
1096881
1097020
1097248
1097420
1097473
1098076
1098099
1098116
1098173
1098179
1098491
1098583
1098584
1098761
1098850
1099082
1099086
1099088
1099129
1099206
1099374
1099411
1099475
1099655
1099664
1099667
1099671
1099679
1099686
1099694
1099696
1099702
1099767
1100000
1100114
1100124
1100134
1100146
1100163
1100203
1100232
1100342
1100660
1100684
1100730
1100810
1101017
1101063
1101146
1101194
1101206
1101361
1101375
1101500
1101681
1101805
1101816
1101956
1102053
1102227
1102336
1102463
1102711
1102815
1102821
1102855
1102856
1102969
1103018
1103127
1103193
1103194
1103196
1103383
1103441
1103496
1103596
1103717
1103757
1103830
1103867
1103883
1103992
1104067
1104082
1104139
1104285
1104364
1104428
1105143
1105230
1105377
1105418
1105633
1105649
1105703
1105869
1105894
1105920
1105971
1105976
1105980
1106123
1106239
1106372
1106456
1106729
1106820
1106849
1106931
1107103
1107135
1107177
1107343
1107388
1107395
1107501
1107589
1107760
1107774
1107856
1107875
1107992
1108226
1108428
1108429
1108447
1108501
1108590
1108621
1108753
1108898
1108955
1108993
1109200
1109400
1109467
1109856
1109896
1110040
1110207
1110301
1110587
1110592
1110597
1110623
1110626
1110631
1110640
1110645
1110649
1110693
1110707
1111083
1111136
1111189
1111562
1111577
1111582
1111627
1111783
1111906
1111954
1112000
1112022
1112184
1112200
1112284
1112378
1112384
1112558
1112585
1112645
1112718
1112769
1112834
1112916
1112941
1112967
1112991
1113050
1113062
1113068
1113069
1113072
1113252
1113253
1113513
1113515
1113517
1113518
1113549
1113573
1113588
1113751
1113786
1113808
1113861
1113891
1113953
1114010
1114040
1114042
1114054
1114085
1114097
1114117
1114142
1114274
1114305
1114311
1114372
1114378
1114451
1114639
1114731
1115004
1115075
1115159
1115328
1115467
1115709
1115712
1115771
1115911
1116368
1116439
1116466
1116481
1116492
1116717
1116723
1116833
1116949
1116965
1116989
1117099
1117115
1117185
1117186
1117213
1117377
1117384
1117389
1117400
1117462
1117656
1117769
1117872
1117930
1117979
1117995
1118088
1118185
1118266
1118317
1118318
1118338
1118403
1118464
1118513
1118515
1118516
1118517
1118519
1118521
1118617
1118857
1118899
1119107
1119185
1119193
1119237
1119249
1119269
1119271
1119425
1119467
1119476
1119622
1119808
1119855
1119886
1119894
1120077
1120132
1120277
1120463
1120478
1120489
1120622
1120687
1120713
1120727
1120980
1121020
1121059
1121148
1121283
1121405
1121583
1121663
1121678
1121679
1121683
1121690
1121866
1121872
1121886
1121895
1121976
1122127
1122138
1122144
1122172
1122432
1122455
1122561
1122566
1122583
1122600
1122662
1122989
1123107
1123273
1123289
1123293
1123587
1123599
1123626
1123740
1124032
1124266
1124353
1124545
1124591
1124618
1124647
1124696
1124733
1124735
1124740
1124777
1124864
1124995
1125107
1125163
1125274
1125365
1125443
1125551
1125705
1126090
1126095
1126236
1126316
1126504
1126533
1126555
1126718
1127033
1127050
1127132
1127299
1127304
1127459
1127466
1127474
1127496
1127698
1127777
1127778
1127790
1127926
1128006
1128305
1128434
1128487
1128633
1128640
1128653
1128714
1128756
1128842
1129039
1129041
1129108
1129342
1129446
1129567
1129762
1129904
1129987
1129992
1130187
1130316
1130508
1130630
1130754
1130772
1130792
1130797
1130810
1130982
1131120
1131190
1131220
1131240
1131246
1131283
1131308
1131380
1131516
1131666
1131820
1131988
1131990
1132151
1132375
1132378
1132382
1132407
1132413
1132414
1132564
1132675
1132916
1133164
1133173
1133248
1133293
1133323
1133329
1133345
1133564
1133783
1133835
1133838
1133969
1134130
1134137
1134241
1134427
1134467
1134518
1134537
1134569
1134570
1134663
1134664
1134759
1134838
1135080
1135088
1135134
1135212
1135261
1135299
1135357
1135424
1135431
1135482
1135812
1135863
1135868
1135895
1135967
1136043
1136280
1136284
1136482
1136484
1136485
1136488
1136492
1136508
1136518
1136539
1136684
1136702
1137121
1137304
1137414
1137418
1137494
1137563
1137874
1137883
1137912
1138221
1138325
1138484
1138533
1138722
1139014
1139073
1139141
1139143
1139147
1139411
1139495
1139597
1139906
1139909
1139981
1140007
1140020
1140065
1140097
1140356
1140512
1140544
1140756
1140766
1140878
1140884
1140886
1140892
1140915
1141108
1141251
1141302
1141329
1141345
1141375
1141659
1141664
1141668
1141754
1141758
1141826
1141923
1141961
1141993
1142026
1142055
1142146
1142205
1142238
1142288
1142293
1142301
1142308
1142325
1142337
1142341
1142355
1142358
1142360
1142365
1142369
1142380
1142384
1142388
1142390
1142423
1142429
1142495
1142547
1142663
1142702
1142794
1143000
1143196
1143215
1143330
1143342
1143367
1143399
1143697
1143761
1143859
1144022
1144063
1144067
1144122
1144179
1144355
1144423
1144468
1144528
1144530
1144534
1144536
1144542
1144558
1144572
1144581
1144689
1144780
1144785
1144835
1144957
1144975
1145263
1145327
1145425
1145501
1145649
1145811
1145846
1145866
1145880
1146501
1146574
1146983
1146997
1147024
1147045
1147096
1147140
1147177
1147231
1147348
1147422
1147445
1147473
1147560
1147586
1147875
1147885
1147949
1147960
1148126
1148188
1148283
1148480
1148524
1148561
1148573
1148738
1148756
1148770
1148775
1148920
1148948
1148981
1148988
1149470
1149686
1149695
1149701
1149713
1149835
1149925
1149982
1150081
1150183
1150266
1150917
1150929
1151020
1151029
1151108
1151323
1151352
1151556
1151593
1151683
1151716
1151746
1151750
1151754
1151757
1151820
1151947
1152022
1152336
1152337
1152341
1152415
1152466
1152480
1152563
1152657
1152737
1152740
1152836
1152886
1152919
1153123
1153496
1153516
1153522
1153539
1153610
1153620
1153861
1153882
1153905
1153958
1154041
1154142
1154187
1154276
1154618
1154624
1154625
1154682
1154724
1154740
1154831
1154957
1155190
1155203
1155509
1155573
1155604
1155643
1155644
1155814
1155858
1155875
1155945
1155980
1156002
1156211
1156326
1156361
1156427
1156448
1156532
1156538
1156546
1156591
1156640
1156650
1156721
1156820
1157075
1157131
1157237
1157244
1157563
1157699
1157900
1157933
1157951
1157983
1157988
1158031
1158052
1158101
1158179
1158271
1158484
1158505
1158513
1158580
1158582
1158673
1158794
1158830
1158838
1158945
1158960
1159191
1159275
1159431
1159437
1159456
1159467
1159500
1159581
1159760
1159774
1159875
1159987
1160063
1160100
1160102
1160109
1160110
1160112
1160118
1160137
1160140
1160146
1160226
1160275
1160471
1160473
1160572
1160574
1160787
1160903
1161049
1161098
1161105
1161151
1161226
1161338
1161343
1161345
1161443
1161543
1161622
1161687
1161738
1161859
1162035
1162055
1162058
1162130
1162176
1162189
1162232
1162418
1162480
1162506
1162682
1162701
1162719
1162725
1162743
1162752
1162772
1162841
1162902
1162936
1162940
1162943
1162974
1163216
1163237
1163266
1163319
1163338
1163339
1163342
1163427
1163528
1163599
1163797
1163834
1163852
1163876
1163930
1163931
1163964
1164317
1164366
1164368
1164387
1164806
1165068
1165176
1165181
1165197
1165232
1165398
1165577
1165696
1165838
1165867
1165927
1165947
1165951
1166048
1166156
1166337
1166411
1166420
1166523
1166537
1166666
1166723
1166725
1166733
1166918
1167016
1167056
1167057
1167274
1167386
1167773
1167834
1168059
1168149
1168251
1168257
1168326
1168339
1168409
1168413
1168450
1168674
1168742
1168744
1168783
1168866
1168897
1168989
1169206
1169261
1169406
1169449
1169458
1169459
1169523
1170005
1170018
1170021
1170043
1170128
1170207
1170380
1170458
1170797
1170802
1170879
1170910
1170928
1170972
1171034
1171035
1171211
1171331
1171347
1171428
1171435
1171455
1171474
1171476
1171499
1171605
1171841
1171870
1171889
1171893
1171895
1172042
1172107
1172121
1172152
1172167
1172388
1172399
1172400
1172413
1172414
1172427
1172435
1172440
1172468
1172602
1172678
1172731
1172776
1172809
1173275
1173368
1173371
1173379
1173840
1173987
1174022
1174071
1174411
1174423
1174431
1174437
1174447
1174500
1174549
1174756
1174949
1175141
1175175
1175194
1175283
1175503
1175668
1175682
1175699
1175798
1175805
1175848
1175856
1175964
1176003
1176014
1176172
1176206
1176211
1176313
1176360
1176369
1176392
1176411
1176582
1176618
1176742
1176784
1176788
1177009
1177010
1177018
1177112
1177181
1177462
1177611
1177649
1177788
1178369
1178460
1178499
1178729
1178769
1178905
1178909
1179116
1179171
1179213
1179454
1179626
1179635
1179922
1179939
1180361
1180484
1180492
1180495
1180496
1180626
1180696
1180708
1180849
1181041
1181075
1181181
1181235
1181272
1181293
1181295
1181363
1181413
1181429
1181732
1181743
1181746
1182035
1182051
1182064
1182074
1182081
1182087
1182097
1182169
1182175
1182214
1182293
1182314
1182328
1182330
1182397
1182401
1182454
1182478
1182524
1182528
1182565
1182569
1182635
1182750
1182752
1182757
1182768
1182832
1182886
1182919
1182986
1183032
1183069
1183112
1183203
1183279
1183473
1183539
1183544
1183645
1183661
1183797
1183879
1183895
1183970
1184020
1184067
1184223
1184230
1184300
1184302
1184401
1184462
1184491
1184506
1184629
1184631
1184647
1184666
1184670
1184675
1184762
1184796
1184798
1184805
1184862
1184897
1184902
1184907
1184963
1184971
1184995
1185010
1185011
1185377
1185383
1185454
1185501
1185768
1185777
1185856
1185919
1185923
1186026
1186070
1186072
1186075
1186141
1186283
1186289
1186293
1186349
1186352
1186354
1186356
1186459
1186538
1186615
1186657
1186673
1186714
1186754
1186883
1186894
1186897
1186909
1186941
1187072
1187117
1187250
1187283
1187295
1187410
1187474
1187531
1187548
1187681
1187916
1187931
1187940
1187956
1187964
1188083
1188097
1188181
1188182
1188394
1188657
1188710
1188757
1188767
1188807
1188852
1188918
1188920
1188954
1188956
1188962
1188973
1188977
1189040
1189043
1189236
1189310
1189317
1189352
1189422
1189428
1189508
1189524
1189670
1189684
1189715
1189797
1189888
1190086
1190183
1190186
1190406
1190416
1190496
1190508
1190524
1190532
1190611
1190709
1190712
1190772
1190774
1190806
1190811
1190823
1190888
1191499
1191588
1191842
1191902
1191912
1191937
1191992
1192022
1192033
1192131
1192146
1192154
1192203
1192253
1192379
1192382
1192405
1192496
1192564
1192676
1192749
1192793
1192867
1192910
1192916
1192921
1192961
1192962
1192970
1193063
1193066
1193155
1193186
1193211
1193221
1193262
1193278
1193317
1193398
1193585
1193625
1193674
1193710
1193816
1193893
1193965
1193969
1193985
1194015
1194363
1194437
1194515
1194550
1194724
1194729
1194732
1194742
1194770
1194784
1194789
1194829
1194909
1194951
1195041
1195103
1195161
1195243
1195248
1195314
1195335
1195339
1195363
1195572
1195581
1195625
1195708
1195780
1195782
1195806
1195853
1195859
1195884
1195969
1196034
1196070
1196081
1196144
1196145
1196156
1196269
1196289
1196303
1196315
1196430
1196454
1196497
1196540
1196599
1196664
1196810
1196939
1197007
1197078
1197297
1197655
1197659
1197672
1197699
1197715
1197878
1197884
1197991
1198089
1198096
1198165
1198167
1198231
1198233
1198239
1198277
1198291
1198343
1198378
1198499
1198554
1198591
1198599
1198662
1198685
1198688
1198696
1198727
1198728
1198782
1198797
1198802
1198809
1198843
1198870
1198987
1199038
1199064
1199106
1199351
1199475
1199533
1199568
1199591
1199592
1199610
1199661
1199820
1199874
1199939
1200014
1200055
1200167
1200213
1200221
1200225
1200340
1200361
1200380
1200397
1200484
1200487
1200488
1200519
1200835
1200847
1200903
1200912
1200940
1200942
1201107
1201165
1201170
1201175
1201179
1201202
1201296
1201357
1201485
1201547
1201621
1201628
1201775
1201788
1201840
1201935
1202002
1202005
1202021
1202038
1202135
1202164
1202209
1202329
1202338
1202400
1202412
1202415
1202417
1202553
1202554
1202563
1202613
1202736
1202746
1202770
1202819
1202830
1202908
1203249
1203312
1203354
1203364
1203389
1203424
1203595
1203773
1203792
1204055
1204312
1204363
1204419
1204431
1204598
1204648
1204821
1204830
1204837
1204975
1204998
1205044
1205054
1205077
1205132
1205148
1205260
1205315
1205407
1205414
1205431
1205528
1205713
1205732
1205804
1205811
1205812
1205906
1205961
1206044
1206152
1206189
1206349
1206388
1206707
1206723
1206731
1206734
1206735
1206771
1206956
1206990
1206993
1206999
1207000
1207019
1207024
1207032
1207041
1207044
1207082
1207191
1207292
1207425
1207434
1207525
1207556
1207655
1207876
1207887
1207897
1208186
1208201
1208392
1208397
1208430
1208471
1208477
1208624
1208629
1208789
1208878
1209231
1209395
1209539
1209583
1209695
1209813
1209859
1209893
1209938
1209952
1209994
1210022
1210036
1210275
1210312
1210313
1210348
1210361
1210441
1210534
1210673
1210743
1210816
1210817
1210866
1210912
1211117
1211129
1211149
1211157
1211164
1211207
1211221
1211265
1211282
1211305
1211532
1211572
1211577
1211637
1211899
1212080
1212156
1212164
1212202
1212220
1212255
1212340
1212355
1212548
1212612
1212622
1212772
1212878
1213114
1213167
1213178
1213247
1213452
1213455
1213504
1213507
1213606
1213724
1213900
1214037
1214086
1214121
1214141
1214160
1214167
1214222
1214627
1214657
1214658
1214683
1214735
1214919
1214941
1214950
1214952
1215021
1215042
1215196
1215204
1215238
1215250
1215378
1215392
1215441
1215444
1215854
1215855
1215988
1216049
1216156
1216498
1216525
1216554
1216559
1216572
1216669
1216952
1217033
1217098
1217141
1217167
1217191
1217391
1217444
1217495
1217563
1217675
1217684
1217903
1217939
1217975
1218092
1218112
1218249
1218305
1218320
1218368
1218435
1218472
1218478
1218487
1218489
1218653
1218716
1218774
1218776
1218804
1218884
1218933
1219156
1219259
1219297
1219321
1219327
1219379
1219520
1219573
1219580
1219604
1219654
1220207
1220252
1220286
1220320
1220445
1220685
1220823
1220981
1221005
1221020
1221032
1221038
1221128
1221158
1221163
1221167
1221177
1221195
1221201
1221217
1221296
1221439
1221473
1221602
1221676
1221681
1221726
1221968
1221976
1222065
1222250
1222319
1222602
1222609
1222617
1222894
1222930
1222935
1223054
1223162
1223170
1223291
1223350
1223545
1223546
1224049
1224105
1224164
1224207
1224578
1224612
1224687
1224714
1224917
1224971
1225060
1225067
1225279
1225369
1225418
1225451
1225648
1225699
1225836
1225888
1225911
1225964
1226087
1226092
1226120
1226189
1226270
1226417
1226626
1226806
1226822
1226935
1226960
1226963
1227269
1227315
1227376
1227379
1227615
1227630
1227667
1227709
1227990
1228051
1228069
1228097
1228122
1228340
1228688
1228850
1228960
1228963
1229247
1229248
1229320
1229325
1229431
1229632
1229768
1229793
1229799
1230021
1230045
1230058
1230087
1230205
1230229
1230391
1230402
1230428
1230747
1230796
1230836
1230854
1230908
1230949
1230992
1231045
1231160
1231165
1231222
1231306
1231393
1231417
1231554
1231562
1231585
1231605
1231683
1231764
1231912
1231965
1231974
1232050
1232099
1232175
1232220
1232263
1232265
1232443
1232596
1232663
1232669
1232715
1232719
1232787
1232910
1232998
1233084
1233136
1233141
1233202
1233231
1233252
1233433
1233434
1233436
1233449
1233460
1233610
1233822
1233934
1233964
1234062
1234063
1234069
1234070
1234076
1234119
1234277
1234320
1234349
1234353
1234356
1234369
1234386
1234395
1234414
1234448
1234458
1234484
1234746
1234749
1234752
1234759
1234762
1234764
1234776
1234820
1234929
1234931
1234935
1234938
1234940
1234986
1235293
1235370
1235382
1235428
1235435
1235558
1235568
1235576
1235715
1235766
1235770
1235938
1236037
1236306
1236377
1236512
1236761
1236920
1236922
1237048
1237327
1237364
1237376
1237406
1237431
1237783
1237883
1237914
1237962
1238098
1238181
1238278
1238283
1238552
1238658
1238689
1238742
1238773
1238814
1238833
1238848
1238851
1238855
1239093
1239179
1239188
1239230
1239327
1239395
1239536
1239602
1239610
1239670
1239683
1239693
1239764
1239770
1239771
1239806
1239815
1239816
1239825
1239852
1239940
1240095
1240188
1240262
1240267
1240338
1240469
1240484
1240550
1240655
1240711
1240770
1240814
1240901
1241091
1241195
1241245
1241327
1241543
1241584
1241608
1241810
1241821
1241860
1241878
1241902
1241903
1241904
1241906
1241979
1242193
1242195
1242200
1242212
1242217
1242221
1242227
1242233
1242245
1242247
1242248
1242249
1242253
1242268
1242280
1242535
1242578
1242644
1242653
1242655
1242660
1242666
1242691
1242721
1242808
1242914
1243038
1243073
1243098
1243100
1243102
1243103
1243154
1243260
1243331
1243335
1243345
1243358
1243470
1243685
1243775
1243815
1243849
1243865
1243866
1243879
1243988
1244017
1244132
1244185
1244240
1244443
1244448
1244468
1244548
1244762
1244781
1244805
1244933
1244966
1245012
1245062
1245097
1245162
1245168
1245258
1245486
1245540
1245543
1245557
1245682
1245932
1245965
1246006
1246079
1246269
1246361
1246382
1246403
1246416
1246445
1246498
1246526
1246556
1246557
1246559
1246562
1246610
1246699
1246777
1246794
1246797
1246798
1246899
1246929
1246932
1246967
1246975
1247153
1247172
1247181
1247199
1247242
1247478
1247705
1247708
1247715
1247719
1247733
1247738
1247788
1247844
1247846
1247857
1247890
1248049
1248262
1248294
1248462
1248492
1248544
1248567
1248707
1248794
1249195
1249240
1249336
1249348
1249428
1249624
1249629
1249763
1249771
1249773
1249777
1249935
1249943
1249955
1249961
1250108
1250125
1250145
1250147
1250162
1250175
1250213
1250226
1250232
1250236
1250272
1250346
1250536
1250625
1250653
1250658
1250686
1250689
1250691
1250694
1250695
1250714
1250785
1250790
1250806
1251046
1251131
1251222
1251239
1251248
1251417
1251427
1251558
1251563
1251598
1251603
1251800
1251873
1251882
1251883
1251910
1251946
1251948
1251957
1251958
1252059
1252239
1252279
1252287
1252361
1252418
1252471
1252627
1252675
1252686
1252688
1252756
1252772
1252778
1252843
1252876
1253325
1253334
1253342
1253345
1253363
1253375
1253411
1253488
1253492
1253553
1253606
1253616
1253619
1253624
1253654
1253740
1253832
1253841
1253892
1253925
1254195
1254204
1254225
1254271
1254481
1254646
1254732
1254733
1254741
1254766
1254863
1254866
1254948
1254956
1255013
1255021
1255043
1255272
1255293
1255300
1255326
1255331
1255337
1255344
1255473
1255489
1255549
1255552
1255562
1255659
1255731
1255755
1255760
1255764
1255838
1255914
1255939
1255946
1255948
1256022
1256076
1256281
1256329
1256368
1256424
1256464
1256472
1256652
1256679
1256695
1256721
1256729
1256746
1256747
1256805
1257079
1257143
1257169
1257204
1257254
1257259
1257485
1257641
1257670
1257826
1257866
1257876
1257878
1257983
1258057
1258081
1258309
1258357
1258536
1258568
1258623
1258641
1258662
1258690
1258785
1258859
1258930
1259004
1259038
1259112
1259118
1259245
1259260
1259263
1259281
1259301
1259366
1259378
1259409
1259421
1259424
1259425
1259434
1259436
1259440
1259442
1259527
1259625
1259645
1259653
1259664
1259681
1259727
1259729
1259734
1259754
1259763
1259952
1260013
1260066
1260163
1260173
1260195
1260423
1260601
1260672
1260708
1261259
1261314
1261384
1261399
1261460
1261720
1261823
1261861
1261872
1261902
1261992
1262208
1262356
1262376
1262389
1262396
1262404
1262620
1262632
1262634
1262681
1262700
1262702
1262713
1262805
1262964
1263206
1263217
1263250
1263600
1263613
1263625
1263634
1263707
1263832
1263835
1263842
1264012
1264154
1264155
1264157
1264326
1264331
1264427
1264448
1264625
1264716
1264723
1264725
1264742
1264837
1264889
1264894
1264904
1264910
1264950
1264955
1265010
1265183
1265218
1265417
1265538
1265546
1265547
1265549
1265558
1265572
1265575
1265600
1265651
1265679
1265680
1265766
1265802
1265866
1265920
1265942
1265975
1266032
1266036
1266119
1266485
1266490
1266537
1266571
1266589
1266635
1266710
1266715
1266783
1266900
1266952
1266969
1267038
1267046
1267050
1267051
1267052
1267054
1267056
1267086
1267105
1267153
1267260
1267286
1267376
1267505
1267506
1267526
1267527
1267530
1267534
1267550
1267554
1267598
1267601
1267604
1267608
1267629
1267632
1267636
1267648
1267802
1267821
1267823
1267828
1267845
1268010
1268037
1268055
1268079
1268087
1268092
1268193
1268270
1268424
1268576
1268583
1268629
1268661
1268920
1268941
1268944
1268979
1269003
1269050
1269125
1269161
1269179
1269397
1269431
1269526
1269643
1269647
1269648
1269655
1269682
1269734
1269771
1269969
1270121
1270196
1270315
1270456
1270494
1270642
1270828
1270878
1270883
1270885
1270891
1271048
1271149
1271212
1271350
1271456
1271732
1271925
1271984
1271986
1272090
1272152
1272235
1272238
1272248
1272250
1272260
1272268
1272465
1272611
1272632
1272634
1272722
1272727
1272785
1272803
1272828
1272836
1272859
1272868
1272873
1272896
1272902
1272914
1273114
1273189
1273190
1273266
1273303
1273317
1273324
1273342
1273393
1273434
1273453
1273482
1273527
1273531
1273536
1273538
1273541
1273559
1273852
1273853
1273856
1273857
1274379
1274515
1274563
1274616
1274623
1274641
1274673
1274755
1274759
1274771
1274792
1274795
1274809
1274813
1274850
1274930
1274947
1274951
1274978
1275020
1275039
1275073
1275132
1275154
1275319
1275385
1275425
1275466
1275516
1275527
1275529
1275530
1275539
1275549
1275557
1275755
1275759
1275813
1275828
1275890
1275898
1276076
1276096
1276098
1276200
1276226
1276324
1276325
1276326
1276330
1276390
1276430
1276507
1276526
1276539
1276547
1276598
1276636
1276666
1276684
1276774
1276834
1276862
1276970
1276978
1276989
1277001
1277026
1277031
1277044
1277048
1277053
1277056
1277136
1277170
1277284
1277287
1277290
1277346
1277457
1277502
1277514
1277518
1277561
1277610
1277836
1277919
1277949
1277952
1278007
1278085
1278109
1278128
1278215
1278249
1278429
1278443
1278464
1278490
1278510
1278530
1278594
1278613
1278644
1278653
1278670
1278742
1279036
1279050
1279148
1279150
1279174
1279265
1279269
1279271
1279282
1279309
1279381
1279447
1279579
1279582
1279763
1279766
1279804
1279932
1279934
1279959
1279960
1279985
1280000
1280029
1280064
1280068
1280070
1280081
1280105
1280376
1280434
1280554
1280575
1280647
1280685
1280689
1280691
1280696
1280702
1280707
1280711
1280715
1280718
1280723
1280751
1280755
1280757
1280778
1280779
1280787
1280816
1280823
1280889
1280921
1280932
1281039
1281042
1281044
1281048
1281052
1281054
1281075
1281120
1281141
1281245
1281392
1281477
1281504
1281511
1281515
1281519
1281524
1281536
1281540
1281578
1281582
1281585
1281628
1281629
1281644
1281648
1281672
1281713
1281720
1281739
1281744
1281751
1281823
1281850
1281858
1281861
1281862
1281915
1282006
1282037
1282176
1282179
1282184
1282207
1282333
1282359
1282489
1282503
1282649
1282700
1282761
1282783
1282908
1282956
1282970
1282997
1283033
1283051
1283054
1283095
1283115
1283187
1283210
1283276
1283358
1283399
1283409
1283430
1283434
1283437
1283488
1283494
1283502
1283518
1283571
1283633
1283664
1283728
1283739
1283744
1283791
1283922
1284036
1284043
1284052
1284073
1284098
1284152
1284239
1284240
1284281
1284306
1284327
1284365
1284394
1284404
1284629
1284646
1284702
1284732
1284824
1284883
1284895
1284934
1284940
1284957
1284963
1285052
1285108
1285111
1285114
1285118
1285132
1285177
1285315
1285347
1285376
1285518
1285644
1285697
1285732
1285764
1285851
1286033
1286065
1286067
1286129
1286181
1286197
1286204
1286214
1286224
1286378
1286454
1286552
1286608
1286806
1286855
1286920
1287031
1287090
1287099
1287241
1287270
1287283
1287439
1287445
1287446
1287465
1287479
1287503
1287512
1287744
1287747
1287774
1287801
1287803
1287878
1287922
1287958
1288023
1288125
1288509
1288515
1288545
1288705
1288715
1288717
1288814
1288942
1288999
1289034
1289048
1289127
1289234
1289243
1289400
1289426
1289514
1289610
1289639
1289680
1289721
1289740
1289784
1289819
1289826
1289921
1289969
1289970
1289980
1289987
1290168
1290214
1290271
1290272
1290293
1290314
1290365
1290366
1290372
1290430
1290524
1290525
1290529
1290532
1290565
1290566
1290569
1290572
1290580
1290598
1290601
1290606
1290610
1290618
1290749
1290794
1290847
1290861
1290869
1290930
1290967
1290973
1290975
1290980
1290990
1290994
1290996
1290998
1291001
1291004
1291015
1291017
1291038
1291154
1291157
1291283
1291452
1291470
1291637
1291648
1291664
1291705
1291718
1291764
1291807
1291899
1291984
1292038
1292137
1292155
1292157
1292164
1292185
1292204
1292212
1292220
1292236
1292246
1292264
1292267
1292282
1292291
1292313
1292355
1292524
1292561
1292665
1292714
1292723
1292727
1292807
1292904
1292922
1293043
1293077
1293079
1293190
1293236
1293245
1293266
1293295
1293317
1293320
1293337
1293448
1293500
1293589
1293689
1293715
1293722
1293766
1293825
1293885
1293962
1293977
1294089
1294242
1294254
1294264
1294314
1294319
1294355
1294453
1294613
1294731
1294785
1294807
1294847
1294916
1294930
1294961
1295009
1295085
1295131
1295149
1295167
1295188
1295197
1295260
1295287
1295412
1295812
1295832
1295888
1295890
1295969
1296018
1296047
1296111
1296179
1296192
1296245
1296336
1296402
1296442
1296590
1296609
1296665
1296776
1296790
1296798
1296893
1296941
1296943
1296966
1297046
1297065
1297109
1297133
1297233
1297297
1297374
1297468
1297496
1297497
1297529
1297573
1297601
1297838
1297952
1298081
1298198
1298214
1298225
1298369
1298406
1298426
1298429
1298459
1298505
1298766
1298781
1298783
1298797
1298810
1298868
1298892
1299081
1299094
1299201
1299401
1299487
1299566
1299592
1299666
1299815
1299870
1300023
1300054
1300114
1300180
1300264
1300266
1300267
1300504
1300533
1300629
1300702
1300717
1300915
1300925
1300933
1300942
1301087
1301106
1301111
1301114
1301119
1301123
1301126
1301147
1301158
1301162
1301183
1301297
1301343
1301363
1301365
1301430
1301433
1301444
1301625
1301696
1301932
1301979
1302128
1302254
1302314
1302317
1302378
1302459
1302480
1302609
1302656
1302691
1302745
1302767
1302792
1302895
1302948
1302955
1303132
1303328
1303390
1303393
1303460
1303501
1303508
1303519
1303526
1303531
1303597
1303625
1303766
1303812
1303954
1304044
1304157
1304172
1304186
1304220
1304298
1304618
1304622
1304718
1304726
1304762
1304889
1304983
1305041
1305094
1305112
1305124
1305129
1305130
1305131
1305208
1305225
1305280
1305312
1305524
1305538
1305539
1305562
1305573
1305761
1305779
1305799
1305800
1305801
1305868
1305873
1305879
1305942
1306147
1306236
1306259
1306275
1306411
1306425
1306508
1306511
1306514
1306520
1306638
1306689
1306768
1306772
1306863
1306894
1306949
1306952
1307021
1307055
1307187
1307213
1307239
1307262
1307267
1307314
1307380
1307394
1307396
1307400
1307434
1307493
1307568
1307600
1307603
1307632
1307639
1307716
1307747
1308157
1308215
1308242
1308247
1308251
1308256
1308302
1308314
1308328
1308617
1308625
1308749
1308773
1308806
1308814
1308823
1308922
1308994
1308996
1309009
1309025
1309050
1309115
1309139
1309154
1309157
1309175
1309181
1309191
1309211
1309213
1309231
1309236
1309257
1309374
1309471
1309476
1309501
1309509
1309526
1309530
1309535
1309538
1309625
1309678
1309774
1309848
1310002
1310017
1310023
1310129
1310151
1310168
1310212
1310230
1310236
1310237
1310247
1310286
1310295
1310322
1310350
1310368
1310375
1310383
1310396
1310668
1310675
1310678
1310720
1310728
1310743
1310745
1310748
1310789
1310799
1310835
1310926
1311018
1311026
1311070
1311081
1311118
1311155
1311288
1311464
1311491
1311585
1311653
1311876
1311878
1311885
1311888
1311892
1311926
1311958
1311970
1311981
1311986
1311988
1311991
1312013
1312016
1312023
1312024
1312028
1312032
1312033
1312036
1312041
1312042
1312121
1312196
1312208
1312213
1312355
1312393
1312396
1312400
1312402
1312412
1312414
1312416
1312420
1312422
1312425
1312430
1312431
1312432
1312439
1312440
1312443
1312445
1312452
1312454
1312470
1312473
1312476
1312477
1312478
1312479
1312480
1312481
1312483
1312512
1312534
1312542
1312552
1312584
1312609
1312771
1312792
1312798
1312799
1312892
1312901
1312920
1312925
1313030
1313105
1313259
1313293
1313303
1313373
1313456
1313580
1313756
1313776
1313846
1313863
1313934
1313960
1313995
1314021
1314080
1314158
1314309
1314345
1314377
1314462
1314489
1314501
1314513
1314514
1314603
1314647
1314679
1314686
1314724
1314739
1314743
1314819
1314901
1314934
1314936
1314940
1314942
1314943
1315043
1315087
1315102
1315114
1315116
1315149
1315169
1315186
1315189
1315191
1315193
1315195
1315199
1315228
1315466
1315495
1315514
1315515
1315735
1315750
1315752
1315841
1315991
1316110
1316116
1316179
1316181
1316185
1316186
1316207
1316334
1316486
1316522
1316563
1316580
1316624
1316680
1316709
1316721
1316725
1316726
1316728
1316760
1316825
1316838
1316846
1316857
1316975
1316991
1317033
1317055
1317061
1317068
1317081
1317083
1317084
1317121
1317200
1317231
1317254
1317262
1317268
1317275
1317394
1317416
1317569
1317573
1317611
1317890
1317951
1317977
1317978
1317994
1318004
1318016
1318084
1318085
1318154
1318203
1318215
1318259
1318265
1318305
1318319
1318433
1318453
1318458
1318471
1318496
1318503
1318506
1318518
1318557
1318660
1318792
1318842
1318928
1318935
1319002
1319040
1319044
1319047
1319048
1319335
1319347
1319351
1319364
1319365
1319366
1319368
1319369
1319370
1319400
1319414
1319559
1319571
1319578
1319614
1319618
1319680
1319711
1319713
1319724
1319825
1319891
1319918
1319949
1320035
1320139
1320178
1320348
1320357
1320467
1320508
1320527
1320643
1320725
1320741
1320762
1320934
1320979
1321148
1321191
1321234
1321241
1321252
1321402
1321431
1321512
1321557
1321699
1321781
1321785
1321818
1321861
1321870
1321903
1321934
1321966
1322079
1322110
1322219
1322227
1322316
1322317
1322344
1322345
1322559
1322587
1322696
1322757
1322819
1322911
1322934
1322936
1322944
1322973
1322989
1323011
1323012
1323021
1323062
1323144
1323216
1323245
1323248
1323316
1323342
1323471
1323482
1323488
1323570
1323724
1323825
1323984
1324020
1324059
1324082
1324101
1324108
1324112
1324120
1324166
1324219
1324236
1324299
1324381
1324386
1324465
1324531
1324565
1324730
1324751
1324832
1324834
1324844
1324862
1324903
1324904
1324919
1325031
1325034
1325038
1325235
1325268
1325299
1325304
1325306
1325356
1325397
1325403
1325456
1325461
1325466
1325490
1325603
1325638
1325655
1325735
1325772
1325785
1325821
1325848
1325856
1325873
1325880
1325916
1325927
1325964
1326030
1326034
1326126
1326174
1326205
1326234
1326248
1326437
1326829
1326858
1327008
1327157
1327206
1327209
1327225
1327408
1327426
1327579
1327634
1327719
1327739
1327794
1327876
1327953
1328145
1328157
1328159
1328171
1328241
1328252
1328265
1328339
1328396
1328481
1328529
1328542
1328546
1328583
1328618
1328672
1328700
1328771
1328787
1328896
1328904
1328941
1328974
1328981
1328986
1328990
1329000
1329017
1329030
1329043
1329050
1329062
1329076
1329119
1329190
1329507
1329548
1329811
1329924
1329973
1330008
1330035
1330037
1330041
1330043
1330058
1330099
1330211
1330339
1330346
1330402
1330438
1330440
1330461
1330573
1330667
1330680
1330681
1330709
1330872
1331089
1331102
1331121
1331142
1331250
1331275
1331378
1331386
1331390
1331396
1331460
1331486
1331874
1331889
1332572
1333007
1333098
1333104
1333112
1333152
1333160
1333177
1333211
1333473
1333556
1333609
1333810
1334631
1335675
1335731
1335733
1335765
1335828
1335831
1335855
1335856
1335866
1335873
1335893
1335896
1335927
1335930
1335967
1335969
1336006
1336050
1336226
1336310
1336592
1336659
1336679
1336730
1336741
1337103
1337104
1337108
1337109
1337160
1337162
1337199
1337266
1337274
1337286
1337473
1337556
1337611
1337613
1337671
1337903
1337905
1337929
1338301
1338302
1338306
1338316
1338326
1338343
1338366
1338435
1338461
1338497
1338764
1338779
1338877
1338965
1339010
1339092
1339119
1339128
1339214
1339232
1339240
1339258
1339336
1339337
1339338
1339358
1339439
1339469
1339480
1339492
1339506
1339516
1339529
1339547
1339562
1339580
1339590
1339599
1339639
1339680
1339746
1339753
1339760
1339940
1339953
1340036
1340038
1340054
1340142
1340163
1340176
1340248
1340252
1340257
1340264
1340310
1340317
1340452
1340692
1340698
1340727
1340731
1340837
1340892
1340906
1340907
1341009
1341031
1341032
1341101
1341102
1341282
1341327
1341401
1341451
1341500
1341585
1341634
1341653
1341666
1341701
1341757
1341862
1341870
1341983
1342028
1342079
1342105
1342107
1342177
1342299
1342333
1344981
1346452
1346464
1346544
1346554
1346557
1346645
1350823
1351100
1351313
1351384
1351628
1351651
1351896
1351930
1352037
1352044
1352102
1352122
1352152
1352294
1352374
1352407
1352420
1352454
1352496
1352777
1352823
1352866
1352923
1352952
1353012
1353114
1353216
1353235
1353251
1353262
1353277
1353391
1353395
1353401
1353406
1353422
1353430
1353439
1353449
1353556
1353560
1353585
1353610
1353701
1353771
1353776
1353780
1353815
1353823
1353863
1353903
1354047
1354087
1354193
1354433
1354464
1354633
1354701
1354704
1354755
1354756
1354760
1354761
1354762
1354803
1354805
1354816
1354819
1354823
1354829
1354840
1354844
1354858
1354859
1354871
1354878
1354901
1354988
1355005
1355144
1355199
1355286
1355292
1355452
1355458
1355551
1355841
1355866
1355968
1355975
1356146
1356160
1356241
1356290
1356296
1356334
1356347
1356353
1356356
1356360
1356391
1356399
1356449
1356581
1356643
1356666
1356676
1356684
1356690
1356699
1356705
1356745
1356770
1356771
1356772
1356774
1356776
1356778
1356781
1356782
1356788
1356791
1356793
1356794
1356807
1356810
1356816
1356817
1356818
1356823
1356827
1356907
1356917
1356922
1356928
1357075
1357081
1357159
1357161
1357190
1357246
1357302
1357365
1357372
1357411
1357524
1357547
1357570
1357598
1357613
1357769
1357771
1357774
1357777
1357782
1357945
1358042
1358115
1358137
1358152
1358226
1358229
1358347
1358352
1358411
1358426
1358437
1358668
1358680
1358683
1358726
1358756
1358888
1358949
1358990
1359013
1359023
1359467
1359613
1359731
1359772
1359779
1359838
1359905
1359910
1359954
1360045
1360072
1360115
1360217
1360313
1360469
1360636
1360771
1360799
1361086
1361128
1361209
1361249
1361298
1361342
1361372
1361397
1361515
1361582
1361599
1361722
1361782
1361962
1361975
1362063
1362123
1362266
1362270
1362285
1362288
1362364
1362410
1362414
1362416
1362421
1362422
1362427
1362499
1362500
1362506
1362527
1362538
1362578
1362738
1362855
1362869
1362905
1363000
1363008
1363016
1363020
1363021
1363036
1363037
1363058
1363143
1363235
1363383
1363435
1363470
1363475
1363479
1363657
1363662
1363688
1363693
1363710
1363776
1363782
1363927
1363946
1364022
1364080
1364084
1364096
1364130
1364235
1364300
1364308
1364407
1364408
1364560
1364607
1364616
1364671
1364756
1364829
1364882
1364893
1364960
1364963
1364964
1364977
1364980
1365094
1365095
1365168
1365209
1365293
1365327
1365358
1365369
1365453
1365479
1365487
1365496
1365521
1365584
1365594
1365603
1365699
1365725
1365731
1365736
1365742
1365794
1365799
1365819
1365822
1365851
1365876
1365922
1365940
1365942
1365973
1365991
1366077
1366140
1366142
1366158
1366161
1366165
1366166
1366167
1366171
1366173
1366178
1366222
1366232
1366236
1366237
1366238
1366327
1366332
1366335
1366342
1366344
1366345
1366373
1366377
1366382
1366457
1366459
1366502
1366548
1366593
1366639
1366741
1366746
1366748
1366763
1366818
1366819
1366822
1366854
1366860
1366955
1366967
1366973
1366975
1366976
1367043
1367189
1367245
1367246
1367250
1367277
1367335
1367382
1367384
1367405
1367441
1367532
1367551
1367556
1367563
1367579
1367591
1367652
1367653
1367656
1367761
1367765
1367781
1367792
1367876
1367884
1367898
1367908
1367958
1368039
1368044
1368089
1368114
1368125
1368241
1368245
1368250
1368257
1368259
1368268
1368274
1368279
1368313
1368441
1368443
1368472
1368486
1368517
1368520
1368536
1368569
1368621
1368854
1368953
1368954
1369074
1369099
1369137
1369175
1369182
1369226
1369298
1369316
1369348
1369368
1369397
1369414
1369427
1369467
1369472
1369482
1369522
1369581
1369618
1369726
1369739
1369749
1369765
1369785
1369816
1369828
1369835
1369837
1369844
1369852
1369942
1369985
1369987
1370087
1370231
1370236
1370376
1370429
1370430
1370478
1370618
1370740
1370862
1370870
1370918
1370944
1370951
1370980
1371010
1371033
1371039
1371044
1371096
1371158
1371172
1371227
1371256
1371267
1371272
1371278
1371281
1371282
1371327
1371328
1371340
1371360
1371364
1371406
1371431
1371628
1371635
1371636
1371641
1371643
1371654
1371759
1371762
1371770
1371781
1371804
1371810
1371812
1371815
1371818
1371819
1371820
1371837
1371840
1371856
1371857
1371909
1371948
1372031
1372145
1372196
1372210
1372292
1372432
1372458
1372462
1372481
1372524
1372542
1372620
1372629
1372645
1372678
1372797
1372853
1372908
1372917
1372947
1372953
1372963
1372967
1372978
1373004
1373078
1373102
1373122
1373402
1373461
1373542
1373716
1373849
1373876
1373921
1374061
1374127
1374157
1374351
1374353
1374356
1374357
1374358
1374361
1374373
1374389
1374412
1374454
1374469
1374481
1374509
1374517
1374532
1374642
1374645
1374672
1374678
1374769
1374774
1374804
1374924
1374936
1374940
1374951
1374990
1375092
1375109
1375123
1375136
1375163
1375165
1375224
1375236
1375238
1375382
1375394
1375458
1375462
1375488
1375581
1375587
1375590
1375609
1375612
1375696
1375708
1375711
1375799
1375840
1375903
1375908
1375975
1375995
1376011
1376018
1376048
1376132
1376233
1376355
1376362
1376363
1376367
1376403
1376404
1376405
1376409
1376413
1376442
1376443
1376445
1376488
1376504
1376545
1376636
1376661
1376664
1376668
1376677
1376715
1376748
1376788
1376833
1376884
1376965
1377028
1377042
1377070
1377175
1377197
1377262
1377310
1377333
1377490
1377573
1377607
1377629
1377640
1377670
1377688
1377722
1377726
1377754
1377755
1377785
1377925
1378014
1378053
1378068
1378130
1378138
1378341
1378344
1378411
1378417
1378478
1378531
1378621
1378645
1378781
1378793
1378854
1378886
1378917
1378965
1378972
1378997
1379005
1379039
1379057
1379062
1379079
1379113
1379243
1379372
1379393
1379480
1379495
1379497
1379526
1379538
1379557
1379656
1379670
1379693
1379697
1379699
1379701
1379716
1379718
1379731
1379737
1379742
1379745
1379791
1379879
1379940
1379959
1379961
1380055
1380085
1380269
1380283
1380305
1380307
1380308
1380419
1380423
1380427
1380433
1380460
1380463
1380468
1380496
1380499
1380510
1380519
1380585
1380632
1380679
1380774
1380800
1380827
1380828
1380879
1380899
1380989
1381002
1381073
1381139
1381143
1381206
1381222
1381225
1381244
1381250
1381299
1381317
1381320
1381323
1381345
1381413
1381446
1381455
1381519
1381579
1381588
1381645
1381660
1381669
1381698
1381700
1381703
1381711
1381717
1381720
1381725
1381764
1381795
1381847
1381879
1381887
1382220
1382221
1382272
1382296
1382321
1382331
1382553
1382632
1382725
1382798
1382804
1382837
1382875
1382884
1382888
1382895
1382901
1382902
1382912
1383178
1383192
1383197
1383207
1383208
1383259
1383303
1383322
1383327
1383337
1383345
1383346
1383348
1383351
1383353
1383354
1383362
1383427
1383430
1383437
1383627
1383632
1383676
1383795
1383813
1383816
1383832
1383834
1383841
1383843
1383866
1383868
1383955
1383991
1384099
1384180
1384206
1384289
1384293
1384299
1384302
1384310
1384319
1384323
1384377
1384441
1384504
1384798
1384870
1384912
1385139
1385143
1385146
1385201
1385231
1385312
1385322
1385389
1385721
1385756
1385796
1385803
1385818
1385821
1385830
1385897
1385966
1386039
1386111
1386247
1386433
1386493
1386507
1386734
1386769
1386836
1386922
1386931
1386946
1387011
1387023
1387121
1387146
1387265
1387450
1387580
1387581
1387599
1387642
1387679
1387690
1387700
1387762
1387860
1387879
1387918
1387945
1387955
1387970
1387979
1388009
1388046
1388050
1388224
1388284
1388300
1388336
1388439
1388443
1388447
1388513
1388529
1388574
1388580
1388583
1388595
1388615
1388779
1388871
1388894
1388969
1388989
1389009
1389032
1389295
1389306
1389316
1389323
1389362
1389502
1389508
1389525
1389539
1389540
1389585
1389655
1389731
1389739
1389772
1389792
1389861
1389906
1389998
1390168
1390171
1390227
1390237
1390299
1390417
1390454
1390482
1390485
1390497
1390520
1390555
1390591
1390675
1390748
1390826
1390841
1390910
1390934
1390936
1390975
1390977
1390980
1390997
1391118
1391133
1391156
1391182
1391183
1391185
1391255
1391275
1391328
1391355
1391456
1391464
1391478
1391551
1391648
1391650
1391659
1391690
1391693
1391707
1391793
1391803
1391817
1391838
1391841
1391915
1391923
1391927
1391930
1391936
1391939
1392145
1392146
1392180
1392235
1392296
1392702
1392712
1392833
1392852
1392930
1393225
1393251
1393344
1393395
1393429
1393557
1393564
1393569
1393570
1393601
1393631
1393798
1393803
1393930
1394061
1394066
1394147
1394178
1394213
1394227
1394262
1394330
1394336
1394340
1394394
1394469
1394524
1394562
1394591
1394709
1394724
1394730
1394825
1394846
1394892
1394896
1394897
1395032
1395068
1395087
1395170
1395211
1395243
1395245
1395341
1395424
1395464
1395649
1395653
1395656
1395714
1395815
1395824
1395949
1395988
1395994
1396014
1396068
1396101
1396113
1396159
1396341
1396343
1396390
1396448
1396462
1396467
1396471
1396566
1396581
1396619
1396632
1396635
1396682
1396801
1396819
1396873
1396877
1396896
1396909
1397034
1397092
1397111
1397120
1397155
1397180
1397188
1397220
1397262
1397386
1397450
1397487
1397492
1397498
1397504
1397506
1397513
1397562
1397700
1397911
1398015
1398074
1398104
1398127
1398128
1398158
1398216
1398217
1398219
1398244
1398367
1398390
1398395
1398409
1398410
1398414
1398418
1398421
1398512
1398554
1398564
1398565
1398591
1398616
1398650
1398709
1398758
1398778
1398787
1398788
1398841
1398883
1398884
1398887
1398890
1398904
1399011
1399048
1399159
1399263
1399272
1399316
1399325
1399351
1399488
1399550
1399559
1399560
1399589
1399626
1399806
1399822
1399921
1399924
1399926
1399969
1400029
1400079
1400163
1400171
1400176
1400178
1400184
1400213
1400228
1400254
1400283
1400397
1400445
1400492
1400655
1400672
1400698
1400719
1400838
1400869
1400890
1400927
1401024
1401065
1401114
1401194
1401200
1401265
1401367
1401376
1401415
1401444
1401453
1401471
1401579
1401602
1401615
1401657
1401722
1401822
1401876
1401887
1401904
1401908
1401939
1401958
1402047
1402192
1402200
1402213
1402295
1402410
1402503
1402538
1402560
1402674
1402675
1402678
1402694
1402741
1402783
1402892
1403097
1403180
1403214
1403250
1403256
1403261
1403347
1403434
1403447
1403450
1403461
1403468
1403469
1403471
1403475
1403522
1403559
1403639
1403835
1403883
1404017
1404018
1404194
1404225
1404314
1404325
1404443
1404586
1404593
1404680
1404794
1404966
1404968
1405091
1405140
1405156
1405163
1405182
1405492
1405503
1405510
1405519
1405562
1405586
1405602
1405639
1405651
1405670
1405713
1405803
1405878
1405881
1405980
1406061
1406063
1406088
1406127
1406132
1406155
1406269
1406351
1406378
1406434
1406465
1406539
1406584
1406614
1406754
1406792
1406886
1406905
1406909
1406943
1407100
1407297
1407342
1407365
1407378
1407456
1407526
1407530
1407574
1407579
1407582
1407589
1407778
1407884
1407890
1407910
1407922
1407924
1407926
1407999
1408027
1408359
1408365
1408446
1408584
1408614
1408815
1408827
1408832
1408833
1408844
1408847
1408854
1408866
1409027
1409041
1409053
1409071
1409187
1409388
1409390
1409439
1409460
1409782
1409829
1409867
1409942
1409955
1410067
1410243
1410274
1410280
1410282
1410448
1410622
1410661
1410727
1410730
1410809
1410879
1410935
1410962
1411111
1411152
1411165
1411187
1411189
1411194
1411274
1411506
1411533
1411588
1411606
1411616
1411766
1411824
1411830
1411855
1411874
1411880
1412002
1412041
1412090
1412238
1412338
1412405
1412415
1412448
1412515
1412528
1412533
1412547
1412610
1412648
1412761
1412802
1412938
1412940
1412951
1412961
1413003
1413005
1413008
1413035
1413036
1413160
1413208
1413213
1413335
1413382
1413448
1413483
1413493
1413504
1413584
1413726
1413769
1413793
1413798
1413910
1413944
1414040
1414243
1414304
1414446
1414450
1414482
1414489
1414537
1414540
1414543
1414577
1414607
1414626
1414628
1414630
1414631
1414632
1414671
1414677
1414719
1414762
1414868
1415142
1415154
1415228
1415264
1415396
1415439
1415482
1415505
1415513
1415529
1415582
1415595
1415622
1415645
1415648
1415731
1415745
1415747
1415803
1415990
1416036
1416053
1416054
1416131
1416162
1416176
1416196
1416328
1416517
1416590
1416632
1416672
1416694
1416695
1416944
1416951
1416959
1416976
1416979
1416981
1417030
1417057
1417120
1417136
1417270
1417273
1417452
1417490
1417520
1417580
1417605
1417634
1417636
1417676
1417681
1417685
1417736
1418047
1418114
1418125
1418195
1418289
1418292
1418314
1418444
1418450
1418707
1418710
1418723
1418725
1418732
1418743
1418749
1418793
1418864
1418879
1418978
1419022
1419069
1419082
1419142
1419247
1419257
1419272
1419296
1419341
1419440
1419532
1419539
1419544
1419551
1419584
1419643
1419694
1419727
1419733
1419821
1419876
1419942
1420130
1420176
1420291
1420363
1420382
1420387
1420403
1420501
1420593
1420659
1420690
1420695
1420705
1420871
1420874
1420876
1420983
1421200
1421220
1421324
1421406
1421497
1421512
1421551
1421744
1421804
1421831
1421865
1421926
1422098
1422215
1422217
1422592
1422688
1422754
1422770
1422848
1422967
1422972
1423184
1423237
1423459
1423549
1423553
1423603
1423613
1423701
1423775
1423805
1423819
1423964
1423987
1424001
1424002
1424086
1424130
1424167
1424245
1424342
1424391
1424618
1424699
1424738
1424783
1424881
1424906
1424954
1424986
1425050
1425192
1425300
1425316
1425323
1425504
1425577
1425728
1425734
1425746
1425874
1425913
1425960
1425973
1426110
1426169
1426330
1426394
1426427
1426561
1426844
1426859
1426880
1426881
1426905
1426909
1426980
1427031
1427046
1427063
1427197
1427392
1427458
1427468
1427478
1427515
1427529
1427541
1427561
1427647
1427738
1427755
1427803
1427863
1427873
1427883
1427899
1427902
1427917
1427968
1427993
1428003
1428060
1428068
1428117
1428121
1428191
1428274
1428330
1428428
1428456
1428469
1428524
1428576
1428683
1428724
1428730
1428877
1429013
1429104
1429153
1429181
1429204
1429226
1429242
1429444
1429448
1429453
1429644
1429763
1429765
1429853
1429862
1429866
1429937
1430332
1430344
1430450
1430589
1430636
1430638
1430640
1430675
1430867
1430918
1430943
1430974
1430999
1431039
1431079
1431265
1431268
1431288
1431298
1431406
1431471
1431539
1431559
1431596
1431844
1431879
1432050
1432060
1432204
1432237
1432266
1432291
1432362
1432395
1432538
1432720
1432762
1432794
1432813
1433034
1433245
1433247
1433258
1433273
1433369
1433427
1433466
1433493
1433659
1433677
1433692
1433722
1433723
1433807
1433808
1433813
1433827
1433836
1433843
1433847
1433855
1433865
1433872
1433873
1433883
1433889
1433898
1433913
1433923
1433954
1433963
1433965
1433966
1433967
1433985
1434036
1434064
1434083
1434087
1434162
1434191
1434208
1434267
1434351
1434379
1434397
1434418
1434426
1434447
1434449
1434503
1434635
1434721
1434776
1434864
1434901
1434913
1435018
1435136
1435160
1435175
1435249
1435259
1435390
1435401
1435408
1435458
1435461
1435657
1435802
1435807
1435878
1435980
1436105
1436166
1436243
1436271
1436295
1436384
1436396
1436427
1436455
1436517
1436573
1436609
1436618
1436678
1436720
1436824
1436952
1436953
1436970
1437004
1437035
1437092
1437147
1437150
1437315
1437479
1437585
1437586
1437589
1437655
1437808
1437879
1437941
1437958
1438016
1438088
1438128
1438152
1438278
1438280
1438316
1438319
1438339
1438419
1438494
1438534
1438729
1438732
1438745
1438752
1438886
1439006
1439037
1439128
1439145
1439361
1439432
1439438
1439486
1439521
1439523
1439596
1439604
1439640
1439759
1439804
1439829
1439860
1439924
1439949
1439960
1439963
1439989
1439991
1440063
1440129
1440194
1440226
1440246
1440265
1440272
1440278
1440461
1440516
1440732
1440822
1440859
1440937
1440979
1440988
1441000
1441003
1441008
1441035
1441131
1441154
1441219
1441278
1441280
1441287
1441305
1441307
1441312
1441394
1441451
1441456
1441486
1441527
1441669
1441718
1441786
1441909
1441945
1441963
1442014
1442070
1442106
1442450
1442754
1442787
1442818
1442849
1442954
1442990
1442994
1442997
1442999
1443005
1443084
1443088
1443096
1443218
1443228
1443265
1443311
1443362
1443485
1443615
1443654
1443736
1443900
1443948
1443966
1444024
1444068
1444148
1444172
1444194
1444232
1444381
1444446
1444510
1444547
1444683
1444697
1444747
1444774
1444780
1444800
1444819
1444992
1445056
1445058
1445063
1445126
1445130
1445133
1445143
1445218
1445259
1445314
1445430
1445436
1445446
1445456
1445537
1445585
1445698
1445818
1445834
1446063
1446212
1446261
1446416
1446417
1446485
1446497
1446499
1446508
1446525
1446692
1446731
1446762
1446783
1446808
1446895
1446900
1446958
1446995
1447000
1447063
1447217
1447238
1447251
1447277
1447316
1447398
1447416
1447426
1447484
1447805
1447851
1447877
1447925
1448001
1448106
1448123
1448139
1448145
1448174
1448393
1448600
1448662
1448676
1448903
1448943
1448987
1449059
1449064
1449095
1449117
1449147
1449160
1449204
1449226
1449280
1449337
1449499
1449746
1449751
1449833
1449972
1450043
1450150
1450208
1450236
1450318
1450352
1450355
1450401
1450509
1450603
1450605
1450704
1450799
1450816
1450881
1450901
1450986
1451039
1451050
1451058
1451061
1451098
1451103
1451149
1451156
1451310
1451311
1451329
1451411
1451499
1451524
1451543
1451695
1451772
1451973
1452049
1452133
1452163
1452172
1452179
1452248
1452256
1452529
1452609
1452656
1452657
1452668
1452725
1452727
1452735
1452767
1452846
1453001
1453157
1453199
1453245
1453328
1453447
1453470
1453488
1453542
1453554
1453610
1453614
1453644
1453662
1453725
1453726
1453729
1453821
1453879
1453883
1453941
1453950
1453953
1453962
1454032
1454054
1454074
1454122
1454186
1454210
1454234
1454368
1454379
1454424
1454574
1454601
1454666
1454667
1454757
1454768
1454790
1454797
1454810
1454845
1454859
1454884
1454890
1454898
1455080
1455092
1455153
1455183
1455191
1455254
1455264
1455315
1455383
1455605
1455612
1455624
1455683
1455746
1455816
1455870
1455878
1455996
1456078
1456124
1456131
1456146
1456229
1456238
1456255
1456370
1456423
1456428
1456452
1456509
1456583
1456603
1456658
1456710
1456730
1456811
1456817
1457012
1457131
1457318
1457320
1457342
1457403
1457425
1457622
1457625
1457642
1457717
1457719
1457768
1457803
1457820
1457845
1457880
1457882
1457885
1457892
1457901
1457908
1457913
1457931
1457932
1458059
1458097
1458134
1458199
1458222
1458246
1458255
1458257
1458267
1458297
1458309
1458369
1458387
1458570
1458602
1458624
1458625
1458702
1458713
1458740
1458855
1458902
1459122
1459137
1459159
1459218
1459306
1459369
1459520
1459570
1459576
1459608
1459792
1459802
1459950
1460081
1460088
1460134
1460354
1460419
1460589
1460641
1460652
1460668
1460689
1460845
1460854
1460905
1460942
1461061
1461091
1461141
1461182
1461225
1461275
1461339
1461414
1461425
1461562
1461601
1461610
1461628
1461677
1461745
1461752
1461968
1461995
1462010
1462042
1462094
1462104
1462136
1462233
1462405
1462450
1462629
1462651
1462657
1462736
1462950
1462960
1463017
1463076
1463102
1463113
1463434
1463483
1463518
1463552
1463567
1463594
1463617
1463618
1463631
1463649
1463833
1463960
1464126
1464246
1464283
1464292
1464366
1464401
1464606
1464610
1464646
1464683
1464972
1464992
1465025
1465044
1465074
1465078
1465117
1465136
1465154
1465176
1465188
1465259
1465296
1465351
1465516
1465556
1465565
1465651
1465811
1465837
1465855
1465857
1465911
1465917
1465950
1466236
1466282
1466328
1466345
1466392
1466456
1466507
1466671
1466677
1466733
1466734
1466796
1466894
1466943
1467064
1467110
1467243
1467288
1467302
1467391
1467468
1467475
1467476
1467563
1467583
1467612
1467633
1467634
1467692
1467821
1467838
1467854
1467936
1467951
1468002
1468004
1468017
1468018
1468029
1468107
1468113
1468298
1468349
1468351
1468383
1468422
1468435
1468599
1468604
1468749
1468759
1468820
1468882
1468922
1468983
1469060
1469177
1469225
1469344
1469429
1469440
1469544
1469635
1469761
1470035
1470140
1470178
1470309
1470374
1470377
1470414
1470474
1470561
1470684
1470772
1470777
1470829
1470843
1470899
1470910
1470971
1471091
1471106
1471107
1471132
1471333
1471356
1471384
1471385
1471402
1471481
1471626
1471741
1471838
1471934
1471938
1471939
1471951
1471972
1472024
1472051
1472069
1472089
1472268
1472341
1472419
1472421
1472425
1472449
1472467
1472474
1472510
1472575
1472706
1472750
1472885
1472939
1473004
1473023
1473138
1473163
1473210
1473220
1473227
1473274
1473280
1473302
1473376
1473421
1473425
1473615
1473639
1473720
1473755
1473927
1473934
1473976
1474039
1474054
1474077
1474086
1474232
1474233
1474325
1474326
1474412
1474492
1474569
1474649
1474670
1474679
1474851
1474862
1474891
1474892
1474895
1474932
1474964
1474972
1475044
1475045
1475125
1475135
1475181
1475195
1475218
1475231
1475241
1475260
1475309
1475443
1475451
1475511
1475523
1475525
1475570
1475628
1475629
1475636
1475721
1475797
1475831
1475837
1475851
1475891
1475936
1476038
1476042
1476171
1476227
1476230
1476313
1476456
1476611
1476657
1476731
1476856
1476859
1476873
1476942
1477128
1477223
1477284
1477292
1477310
1477322
1477328
1477355
1477412
1477442
1477475
1477491
1477499
1477517
1477595
1477661
1477741
1477763
1477803
1477846
1477936
1477997
1478046
1478062
1478127
1478145
1478251
1478317
1478320
1478399
1478423
1478581
1478593
1478611
1478683
1478718
1478811
1478826
1478877
1478883
1478901
1478905
1478908
1479021
1479025
1479027
1479106
1479127
1479208
1479309
1479319
1479371
1479459
1479804
1479879
1479922
1480024
1480156
1480165
1480169
1480191
1480207
1480221
1480230
1480243
1480292
1480301
1480617
1480645
1480663
1480674
1480739
1480752
1480785
1480927
1480945
1480952
1480960
1481010
1481043
1481083
1481103
1481145
1481164
1481165
1481203
1481209
1481272
1481324
1481398
1481520
1481535
1481676
1481687
1481724
1481793
1481828
1481922
1481943
1481989
1482070
1482103
1482242
1482259
1482328
1482342
1482368
1482371
1482378
1482395
1482399
1482535
1482745
1482801
1482839
1482906
1483032
1483068
1483116
1483133
1483181
1483207
1483267
1483276
1483297
1483306
1483385
1483428
1483461
1483499
1483559
1483599
1483605
1483613
1483633
1483644
1483717
1483743
1483888
1483927
1483948
1483949
1483971
1483974
1484062
1484129
1484131
1484134
1484136
1484162
1484294
1484303
1484338
1484344
1484345
1484350
1484387
1484499
1484526
1484630
1484636
1484638
1484672
1484694
1484716
1484731
1484787
1484874
1485067
1485145
1485169
1485180
1485193
1485241
1485255
1485282
1485370
1485372
1485379
1485381
1485519
1485535
1485573
1485576
1485594
1485821
1485835
1485846
1486071
1486113
1486282
1486293
1486302
1486323
1486365
1486404
1486430
1486608
1486819
1486842
1487079
1487122
1487151
1487210
1487261
1487267
1487321
1487333
1487416
1487441
1487445
1487455
1487464
1487469
1487502
1487547
1487632
1487650
1487658
1487673
1487675
1487685
1487691
1487707
1488016
1488034
1488091
1488228
1488284
1488291
1488292
1488360
1488499
1488576
1488608
1488712
1488804
1488854
1488880
1488896
1488903
1488960
1489109
1489114
1489202
1489261
1489275
1489313
1489345
1489353
1489355
1489389
1489407
1489489
1489505
1489662
1489681
1489729
1489732
1489733
1489748
1489758
1489824
1489860
1489870
1489898
1489983
1490070
1490113
1490261
1490275
1490341
1490349
1490355
1490464
1490514
1490665
1490728
1490959
1490976
1490997
1491082
1491087
1491093
1491211
1491265
1491273
1491338
1491371
1491373
1491400
1491436
1491618
1491692
1491769
1491785
1491897
1491913
1492028
1492155
1492205
1492280
1492314
1492318
1492360
1492607
1492613
1492616
1492635
1492676
1492769
1492853
1492866
1493129
1493182
1493225
1493303
1493306
1493308
1493314
1493321
1493323
1493343
1493355
1493359
1493388
1493393
1493551
1493598
1493612
1493744
1493790
1493831
1493908
1493966
1494048
1494060
1494066
1494070
1494100
1494176
1494221
1494424
1494484
1494507
1494605
1494614
1494854
1494945
1495028
1495032
1495039
1495045
1495071
1495118
1495162
1495300
1495373
1495544
1495778
1495779
1495795
1495816
1495884
1495933
1495971
1496002
1496128
1496152
1496153
1496354
1496388
1496425
1496506
1496656
1496829
1496843
1496959
1496989
1497022
1497135
1497160
1497301
1497314
1497315
1497397
1497410
1497549
1497636
1497730
1497756
1497793
1497801
1497977
1498070
1498255
1498438
1498625
1498741
1498745
1498758
1498761
1498769
1498772
1498782
1498801
1498811
1498854
1498864
1498933
1498960
1499057
1499181
1499466
1499469
1499555
1499583
1499590
1499591
1499642
1499668
1499675
1499718
1499746
1499747
1499796
1499821
1499856
1499860
1499865
1499872
1499876
1499878
1499886
1499890
1499898
1500009
1500111
1500156
1500161
1500166
1500171
1500183
1500187
1500199
1500238
1500243
1500268
1500292
1500396
1500442
1500610
1500612
1500788
1500883
1500943
1500975
1500983
1501055
1501105
1501206
1501370
1501397
1501468
1501486
1501498
1501879
1501953
1501961
1502079
1502123
1502234
1502237
1502304
1502367
1502371
1502447
1502488
1502491
1502555
1502596
1502607
1502775
1502819
1502842
1502885
1502985
1502994
1503195
1503366
1503383
1503384
1503390
1503399
1503402
1503405
1503465
1503547
1503624
1503631
1503641
1503643
1503667
1503726
1503740
1503778
1503832
1503967
1503997
1504054
1504070
1504382
1504576
1504588
1504640
1504643
1504654
1504677
1504683
1504732
1504881
1504900
1504913
1504938
1504945
1504973
1504985
1505005
1505018
1505054
1505058
1505092
1505130
1505177
1505246
1505265
1505280
1505288
1505312
1505363
1505366
1505432
1505453
1505508
1505525
1505536
1505601
1505756
1505766
1505836
1505840
1505902
1505918
1505933
1505977
1506011
1506034
1506039
1506061
1506139
1506232
1506269
1506316
1506384
1506398
1506408
1506461
1506490
1506501
1506545
1506614
1506685
1506692
1506815
1506828
1506844
1506869
1506916
1506946
1506985
1507000
1507008
1507012
1507147
1507156
1507356
1507438
1507533
1507627
1507638
1507800
1507811
1507926
1508057
1508060
1508063
1508066
1508070
1508071
1508073
1508215
1508256
1508265
1508394
1508408
1508418
1508455
1508490
1508534
1508583
1508659
1508830
1508837
1508852
1508882
1509006
1509024
1509120
1509309
1509351
1509461
1509548
1509677
1509691
1509765
1509775
1509846
1509985
1509993
1510007
1510209
1510332
1510338
1510423
1510447
1510552
1510587
1510606
1510609
1510651
1510669
1510672
1510675
1510739
1510759
1510929
1510951
1511035
1511077
1511163
1511165
1511170
1511273
1511290
1511356
1511397
1511424
1511564
1511693
1511727
1511873
1511898
1511906
1511907
1511908
1511911
1511927
1511946
1512008
1512086
1512221
1512293
1512346
1512370
1512385
1512432
1512456
1512468
1512492
1512530
1512580
1512796
1512881
1513016
1513047
1513362
1513400
1513474
1513493
1513636
1513650
1513731
1513983
1514090
1514108
1514116
1514122
1514166
1514212
1514246
1514250
1514422
1514444
1514492
1514522
1514533
1514557
1514715
1514776
1514859
1515047
1515171
1515285
1515317
1515408
1515495
1515524
1515609
1515616
1515617
1515645
1515759
1515879
1515907
1516104
1516310
1516330
1516390
1516619
1516635
1516692
1516708
1516716
1516734
1516772
1516815
1516833
1516925
1516994
1517023
1517298
1517624
1517644
1517708
1517731
1517733
1517766
1517967
1518021
1518186
1518221
1518246
1518305
1518345
1518442
1518452
1518506
1518548
1518562
1518572
1518670
1518721
1518862
1518992
1519080
1519111
1519126
1519154
1519163
1519383
1519482
1519733
1519851
1520017
1520031
1520033
1520103
1520112
1520142
1520193
1520220
1520232
1520296
1520320
1520349
1520357
1520392
1520919
1520948
1521025
1521069
1521145
1521457
1521514
1521528
1521621
1521854
1522002
1522097
1522208
1522353
1522399
1522420
1522450
1522464
1522473
1522505
1522536
1522620
1522660
1522705
1522775
1522937
1522940
1523040
1523107
1523141
1523397
1523512
1523628
1523931
1523973
1524082
1524094
1524107
1524128
1524314
1524426
1524537
1524694
1524782
1524837
1524850
1525087
1525175
1525201
1525265
1525465
1525478
1525653
1525857
1525864
1525882
1525909
1526162
1526204
1526210
1526268
1526385
1526393
1526433
1526525
1526723
1526777
1526817
1526818
1526829
1526837
1526847
1526900
1526957
1527052
1527063
1527070
1527157
1527230
1527253
1527386
1527421
1527453
1527483
1527629
1527670
1527691
1527711
1527778
1527789
1527817
1528023
1528067
1528082
1528133
1528209
1528292
1528388
1528421
1528436
1528453
1528455
1528532
1528540
1528603
1528626
1528686
1528693
1528697
1528741
1528774
1528794
1528841
1529022
1529047
1529051
1529067
1529135
1529151
1529179
1529195
1529205
1529322
1529393
1529520
1529524
1529529
1529531
1529533
1529534
1529537
1529540
1529544
1529546
1529547
1529604
1529699
1529709
1529792
1529808
1529836
1529906
1530079
1530129
1530260
1530263
1530317
1530344
1530640
1530652
1530692
1530695
1530767
1530814
1530900
1530905
1530932
1531037
1531049
1531102
1531145
1531186
1531191
1531212
1531223
1531265
1531288
1531388
1531439
1531567
1531589
1531635
1531709
1531811
1531861
1532111
1532277
1532368
1532404
1532409
1532427
1532459
1532587
1532635
1532667
1532689
1532703
1532765
1532785
1532800
1532805
1532810
1532818
1532880
1532885
1532895
1532899
1532903
1532906
1532908
1532922
1533077
1533086
1533087
1533110
1533117
1533140
1533197
1533199
1533249
1533253
1533266
1533277
1533359
1533362
1533471
1533525
1533530
1533551
1533640
1533647
1533658
1533720
1533792
1534100
1534111
1534164
1534280
1534281
1534284
1534319
1534324
1534506
1534508
1534510
1534516
1534519
1534627
1534641
1534706
1534787
1534789
1534800
1534841
1534873
1535027
1535103
1535118
1535192
1535230
1535303
1535311
1535344
1535613
1535696
1535720
1535799
1535813
1535863
1535870
1535981
1536034
1536261
1536266
1536299
1536351
1536445
1536463
1536465
1536535
1536663
1536702
1536741
1536842
1536850
1536869
1536933
1536940
1537026
1537039
1537043
1537153
1537486
1537576
1537642
1537673
1537701
1537812
1537863
1538133
1538195
1538218
1538264
1538323
1538434
1538537
1538688
1538696
1538806
1538824
1538946
1539020
1539058
1539137
1539153
1539159
1539225
1539249
1539251
1539252
1539300
1539645
1539797
1539990
1540003
1540050
1540052
1540152
1540162
1540349
1540415
1540522
1540544
1540546
1540579
1540870
1540888
1540960
1541041
1541046
1541134
1541161
1541192
1541394
1541406
1541422
1541524
1541563
1541621
1541633
1541644
1541660
1541672
1541686
1541715
1541733
1541944
1541949
1542005
1542028
1542160
1542165
1542207
1542217
1542220
1542228
1542240
1542470
1542521
1542531
1542603
1542607
1542675
1542756
1542760
1543002
1543054
1543082
1543086
1543171
1543196
1543273
1543453
1543637
1543742
1543765
1543818
1544159
1544201
1544261
1544279
1544294
1544295
1544300
1544374
1544396
1544418
1544428
1544453
1544463
1544481
1544714
1544754
1544900
1544955
1545065
1545105
1545239
1545244
1545288
1545310
1545564
1545570
1545634
1545645
1545657
1545706
1545736
1545746
1545749
1545750
1545792
1545798
1545855
1545973
1545989
1546018
1546022
1546084
1546091
1546093
1546102
1546106
1546115
1546170
1546216
1546307
1546391
1546574
1546617
1546630
1546684
1546736
1546937
1546998
1547083
1547085
1547088
1547144
1547159
1547166
1547312
1547367
1547453
1547484
1547491
1547508
1547511
1547526
1547639
1547725
1547774
1548094
1548120
1548178
1548188
1548488
1548619
1548700
1548705
1548793
1548882
1548943
1549031
1549085
1549086
1549110
1549167
1549255
1549265
1549268
1549545
1549629
1549644
1549730
1549825
1549840
1549857
1549918
1549963
1550004
1550050
1550083
1550238
1550247
1550388
1550505
1550537
1550664
1550676
1550772
1550778
1550822
1550868
1550963
1551021
1551063
1551127
1551139
1551150
1551281
1551385
1551396
1551417
1551496
1551635
1551775
1551786
1551829
1551887
1551952
1551957
1552169
1552234
1552279
1552284
1552393
1552483
1552554
1552668
1552698
1552806
1552891
1553123
1553167
1553221
1553275
1553281
1553283
1553284
1553291
1553375
1553398
1553456
1553496
1553516
1553525
1553721
1553731
1553758
1553772
1553787
1553799
1553854
1553878
1553944
1553971
1554179
1554205
1554390
1554397
1554449
1554480
1554541
1554615
1554638
1554834
1554886
1554924
1554926
1554959
1554990
1555023
1555055
1555167
1555172
1555227
1555358
1555420
1555423
1555428
1555478
1555587
1555718
1555833
1555854
1555955
1556055
1556063
1556094
1556157
1556191
1556247
1556261
1556277
1556284
1556297
1556417
1556452
1556464
1556596
1556605
1556631
1556666
1556768
1557020
1557056
1557097
1557140
1557143
1557147
1557148
1557152
1557155
1557165
1557171
1557174
1557177
1557180
1557189
1557194
1557203
1557206
1557208
1557213
1557235
1557330
1557338
1557350
1557541
1557557
1557562
1557565
1557568
1557571
1557588
1557694
1557702
1557819
1557852
1557878
1557882
1557913
1558025
1558044
1558088
1558100
1558114
1558121
1558134
1558157
1558168
1558184
1558240
1558263
1558326
1558369
1558378
1558386
1558506
1558614
1558682
1558705
1558940
1558944
1558950
1558954
1558955
1558960
1559044
1559104
1559361
1559393
1559469
1559738
1559864
1559885
1559898
1559906
1559917
1559939
1559958
1559960
1560024
1560027
1560029
1560087
1560102
1560202
1560425
1560511
1560573
1560580
1560588
1560596
1560599
1560605
1560610
1560756
1560781
1560837
1561000
1561032
1561034
1561035
1561046
1561066
1561067
1561086
1561159
1561289
1561316
1561327
1561329
1561417
1561418
1561449
1561458
1561466
1561558
1561563
1561575
1561597
1561645
1561725
1561836
1561850
1561909
1561962
1562012
1562073
1562140
1562146
1562168
1562169
1562177
1562178
1562272
1562459
1562478
1562591
1562593
1562597
1562658
1562687
1562702
1562720
1562780
1562795
1562942
1562953
1563080
1563102
1563144
1563145
1563180
1563184
1563276
1563291
1563362
1563384
1563492
1563593
1563653
1563686
1563705
1563709
1563818
1563936
1564019
1564035
1564044
1564099
1564349
1564353
1564376
1564389
1564499
1564573
1564735
1564795
1564820
1564848
1564878
1564921
1564985
1565024
1565045
1565047
1565049
1565051
1565052
1565055
1565056
1565057
1565061
1565062
1565063
1565068
1565071
1565079
1565090
1565094
1565107
1565163
1565218
1565221
1565248
1565265
1565383
1565462
1565477
1565487
1565495
1565501
1565541
1565546
1565580
1565582
1565722
1565732
1565783
1565823
1565853
1565877
1565893
1565944
1565945
1565948
1565949
1565951
1566001
1566021
1566023
1566062
1566150
1566194
1566212
1566281
1566344
1566379
1566402
1566416
1566483
1566493
1566570
1566601
1566611
1566642
1566660
1566667
1566742
1566810
1566850
1566851
1566873
1566924
1566999
1567013
1567014
1567025
1567027
1567048
1567076
1567181
1567199
1567252
1567275
1567419
1567588
1567594
1567707
1567776
1567782
1567792
1567813
1567861
1567891
1567904
1567920
1567924
1567933
1568067
1568210
1568254
1568257
1568334
1568423
1568451
1568454
1568561
1568579
1568649
1568666
1568729
1568733
1568832
1568988
1568997
1569012
1569014
1569042
1569099
1569153
1569194
1569284
1569299
1569312
1569333
1569377
1569454
1569463
1569464
1569475
1569488
1569660
1569675
1569719
1569829
1569885
1569912
1569933
1569940
1569944
1569954
1569957
1569993
1570005
1570063
1570083
1570106
1570128
1570174
1570180
1570185
1570311
1570371
1570376
1570408
1570431
1570458
1570473
1570515
1570585
1570630
1570654
1570670
1570679
1570767
1570810
1570812
1570831
1570839
1570887
1570918
1570946
1570983
1571137
1571151
1571171
1571231
1571243
1571251
1571252
1571254
1571265
1571286
1571290
1571305
1571367
1571412
1571445
1571460
1571466
1571607
1571698
1571705
1571735
1571742
1571749
1571765
1571773
1571851
1571890
1571896
1571903
1571907
1571912
1571925
1571927
1571929
1571930
1571933
1571934
1571937
1571938
1571947
1571948
1571950
1571960
1571963
1571969
1571983
1572052
1572119
1572163
1572169
1572235
1572275
1572316
1572353
1572404
1572483
1572497
1572542
1572580
1572581
1572583
1572679
1572752
1572899
1572932
1572936
1572968
1572996
1573023
1573026
1573028
1573074
1573119
1573162
1573191
1573236
1573354
1573390
1573402
1573408
1573537
1573673
1573704
1573717
1573730
1573740
1573743
1573775
1573822
1573851
1573908
1573917
1573922
1573971
1574059
1574156
1574189
1574214
1574254
1574428
1574555
1574705
1574730
1574741
1574846
1574879
1574979
1575007
1575013
1575025
1575038
1575083
1575093
1575124
1575350
1575411
1575452
1575462
1575490
1575491
1575519
1575539
1575620
1575639
1575642
1575807
1575847
1575865
1575908
1575970
1575984
1575988
1575990
1575995
1575998
1576033
1576054
1576074
1576111
1576386
1576685
1576729
1576844
1576932
1577183
1577295
1577308
1577317
1577323
1577473
1577501
1577697
1577765
1577821
1577879
1577945
1577964
1578008
1578019
1578056
1578059
1578071
1578101
1578458
1578506
1578565
1578645
1578655
1578660
1578751
1578884
1578897
1578918
1578940
1578954
1579120
1579134
1579163
1579215
1579241
1579271
1579288
1579361
1579434
1579519
1579570
1579593
1579598
1579611
1579625
1579657
1579691
1579694
1579715
1579758
1579824
1579853
1580120
1580138
1580359
1580421
1580472
1580490
1580496
1580503
1580597
1580649
1580667
1580680
1580685
1580951
1580966
1580993
1581084
1581184
1581218
1581397
1581411
1581471
1581988
1582037
1582207
1582238
1582251
1582280
1582386
1582678
1582750
1582836
1582842
1582908
1582928
1583174
1583207
1583235
1583486
1583539
1583573
1583609
1583765
1583879
1584001
1584015
1584032
1584068
1584091
1584167
1584202
1584211
1584239
1584267
1584408
1584480
1584483
1584509
1584511
1584559
1584584
1584673
1584785
1585223
1585408
1585666
1585758
1585763
1585772
1585906
1585921
1586019
1586299
1586375
1586421
1586441
1586461
1586465
1586893
1586966
1586968
1586975
1586983
1587090
1587100
1587107
1587131
1587188
1587547
1587613
1587630
1587651
1587702
1588064
1588097
1588153
1588161
1588197
1588207
1588271
1588296
1588364
1588396
1588427
1588480
1588483
1588493
1588750
1588806
1588870
1588892
1589083
1589334
1589423
1589520
1589656
1589694
1589722
1589786
1589874
1589890
1589894
1589913
1589919
1589968
1589996
1590067
1590070
1590109
1590116
1590122
1590133
1590143
1590253
1590271
1590502
1590554
1590562
1590690
1590726
1590739
1590916
1591046
1591083
1591157
1591263
1591272
1591276
1591386
1591392
1591515
1591621
1591741
1591831
1591847
1591884
1591991
1592009
1592085
1592212
1592257
1592338
1592429
1592463
1592560
1592702
1592780
1592995
1593094
1593109
1593122
1593144
1593205
1593262
1593270
1593349
1593552
1593561
1593613
1593645
1593656
1593729
1593740
1593743
1593870
1594278
1594350
1594386
1594451
1594487
1594562
1594623
1594627
1594651
1594678
1594701
1594713
1594719
1594839
1594840
1594891
1594900
1594902
1594922
1595050
1595058
1595112
1595157
1595174
1595194
1595359
1595365
1595421
1595452
1595544
1595668
1595679
1595706
1595745
1595818
1595914
1595916
1595929
1595934
1595961
1596208
1596241
1596274
1596403
1596410
1596482
1596484
1596515
1596558
1596581
1596781
1596794
1596871
1596939
1597020
1597033
1597082
1597154
1597361
1597395
1597429
1597439
1597454
1597529
1597557
1597573
1597607
1597634
1597653
1597702
1597803
1597914
1598079
1598082
1598093
1598211
1598247
1598286
1598346
1598383
1598448
1598472
1598479
1598484
1598485
1598634
1598797
1598804
1598832
1598989
1598998
1599031
1599188
1599193
1599213
1599447
1599463
1599478
1599507
1599566
1599958
1599978
1600076
1600135
1600145
1600147
1600174
1600176
1600278
1600394
1600398
1600527
1600609
1600626
1600671
1600677
1600679
1600681
1600685
1600896
1600910
1600989
1601038
1601103
1601123
1601156
1601167
1601478
1601565
1601571
1601572
1601605
1601641
1601645
1601656
1601660
1601708
1601720
1601779
1601793
1601832
1601848
1601881
1601948
1601975
1602078
1602079
1602121
1602153
1602163
1602300
1602351
1602352
1602487
1602499
1602506
1602540
1602549
1602699
1602715
1602806
1602820
1602995
1603088
1603162
1603168
1603217
1603354
1603397
1603468
1603584
1603596
1603610
1603615
1603772
1603932
1604011
1604013
1604034
1604367
1604550
1604555
1604690
1604889
1605015
1605028
1605047
1605114
1605133
1605150
1605180
1605305
1605511
1605614
1605730
1605744
1605770
1605787
1605817
1606009
1606233
1606285
1606318
1606345
1606461
1606937
1606978
1607003
1607008
1607134
1607139
1607151
1607160
1607622
1607722
1607760
1608046
1608100
1608113
1608192
1608213
1608435
1608437
1608594
1608692
1608714
1608753
1608758
1608761
1608848
1608860
1608877
1608907
1608914
1608925
1609083
1609134
1609222
1609290
1609311
1609333
1609447
1609454
1609509
1609544
1609629
1609732
1609838
1609874
1609876
1609975
1609987
1610088
1610090
1610099
1610299
1610337
1610404
1610463
1610581
1610597
1610718
1610733
1610752
1610805
1610839
1610847
1610859
1610863
1610883
1611041
1611348
1611636
1611738
1611752
1611831
1611845
1611856
1611861
1611932
1612099
1612239
1612347
1612362
1612415
1612432
1612472
1612509
1612537
1612629
1612825
1613024
1613059
1613089
1613131
1613155
1613164
1613204
1613248
1613258
1613279
1613533
1613542
1613690
1613779
1613785
1613790
1613813
1613824
1614074
1614101
1614205
1614208
1614214
1614343
1614593
1614854
1614883
1614892
1614906
1614917
1614939
1614942
1614959
1615343
1615350
1615356
1615364
1615666
1615680
1615708
1615780
1615788
1615791
1615800
1615896
1615900
1616011
1616162
1616194
1616278
1616292
1616305
1616439
1616545
1616547
1616563
1616600
1616605
1616648
1616914
1617064
1617087
1617135
1617148
1617166
1617178
1617234
1617268
1617290
1617292
1617299
1617332
1617811
1617833
1617921
1617999
1618042
1618077
1618391
1618554
1618558
1618714
1618792
1618944
1618964
1619089
1619246
1619294
1619310
1619371
1619416
1619452
1619455
1619460
1619543
1619601
1619631
1619635
1619639
1619657
1619720
1619746
1619848
1620059
1620060
1620061
1620069
1620125
1620150
1620185
1620196
1620201
1620215
1620236
1620244
1620269
1620441
1620544
1620549
1620556
1620590
1620641
1620674
1620809
1620810
1620816
1620834
1620985
1620993
1620994
1621108
1621116
1621122
1621136
1621151
1621190
1621268
1621275
1621287
1621299
1621329
1621536
1621766
1621776
1621787
1621834
1621891
1621921
1621939
1622116
1622241
1622398
1622529
1622714
1622936
1623042
1623134
1623240
1623284
1623311
1623342
1623399
1623422
1623427
1623539
1623581
1623588
1623674
1623686
1623784
1623870
1623925
1623949
1623966
1624015
1624101
1624139
1624163
1624214
1624233
1624352
1624459
1624474
1624482
1624489
1624495
1624501
1624511
1624513
1624565
1624609
1624611
1624643
1624708
1624958
1625067
1625072
1625074
1625078
1625102
1625155
1625236
1625278
1625322
1625390
1625430
1625531
1625557
1625671
1625782
1625805
1625898
1625936
1625938
1625977
1625985
1626027
1626099
1626128
1626254
1626368
1626415
1626475
1626532
1626547
1626550
1626571
1626588
1626615
1626629
1626690
1626734
1626756
1626798
1627065
1627071
1627125
1627134
1627158
1627160
1627243
1627282
1627373
1627380
1627385
1627489
1627494
1627501
1627570
1627994
1628140
1628141
1628148
1628192
1628258
1628360
1628603
1628654
1628656
1628666
1628708
1628765
1628777
1628888
1629016
1629130
1629275
1629389
1629465
1629493
1629662
1629737
1629757
1629782
1629807
1629834
1629912
1629915
1629959
1629961
1629970
1630003
1630071
1630342
1630421
1630475
1630588
1630590
1630595
1630609
1630658
1630662
1630712
1630715
1630738
1630768
1630858
1630859
1630862
1630953
1630958
1631061
1631071
1631104
1631107
1631252
1631253
1631354
1631388
1631521
1631640
1631665
1631727
1631743
1631793
1631814
1631887
1631935
1632187
1632198
1632254
1632369
1632413
1632452
1632457
1632751
1632827
1632848
1632925
1632937
1632960
1632969
1632976
1633011
1633032
1633044
1633091
1633161
1633164
1633391
1633413
1633457
1633675
1633677
1633712
1633730
1633917
1633943
1634002
1634011
1634023
1634118
1634175
1634182
1634201
1634256
1634325
1634359
1634360
1634369
1634395
1634438
1634440
1634441
1634444
1634445
1634456
1634504
1634510
1634518
1634536
1634547
1634556
1634568
1634839
1634927
1634948
1634987
1635051
1635101
1635141
1635148
1635150
1635448
1635552
1635622
1635671
1635676
1635690
1635786
1635789
1635798
1635804
1635809
1635838
1636034
1636084
1636106
1636215
1636224
1636234
1636257
1636276
1636349
1636464
1636535
1636618
1636761
1636817
1636848
1636875
1636890
1636965
1636979
1637001
1637004
1637010
1637163
1637224
1637238
1637268
1637281
1637335
1637356
1637376
1637380
1637390
1637404
1637431
1637450
1637466
1637578
1637580
1637612
1637656
1637714
1637806
1637816
1637843
1637919
1637935
1637946
1637951
1637952
1637954
1638229
1638328
1638333
1638546
1638612
1638690
1638703
1638722
1638742
1638804
1638821
1638908
1638911
1638917
1638921
1638928
1639039
1639155
1639163
1639273
1639275
1639281
1639286
1639287
1639289
1639294
1639299
1639307
1639311
1639360
1639366
1639461
1639480
1639531
1639651
1639686
1639723
1639836
1639853
1639871
1639897
1639899
1639958
1640023
1640113
1640165
1640408
1640420
1640882
1640952
1640963
1641071
1641164
1641236
1641251
1641275
1641286
1641372
1641382
1641390
1641436
1641537
1641874
1641929
1641930
1641935
1641937
1642091
1642123
1642179
1642307
1642314
1642333
1642419
1642472
1642478
1642485
1642534
1642620
1642681
1642693
1642701
1642750
1642766
1642777
1643043
1643207
1643244
1643250
1643254
1643307
1643349
1643462
1643486
1643504
1643519
1643615
1643659
1643779
1643792
1643793
1643848
1643849
1643869
1643892
1643982
1643992
1644025
1644166
1644250
1644253
1644269
1644275
1644398
1644406
1644449
1644676
1644758
1644811
1645070
1645266
1645331
1645346
1645426
1645441
1645485
1645645
1645714
1645732
1645739
1645758
1645963
1645998
1646001
1646004
1646007
1646011
1646013
1646028
1646084
1646149
1646412
1646417
1646448
1646482
1646508
1646541
1646560
1646566
1646693
1646725
1646772
1646816
1646844
1647011
1647141
1647157
1647225
1647413
1647455
1647494
1647500
1647523
1647570
1647575
1647578
1647584
1647626
1647672
1647701
1647787
1647831
1647836
1647838
1647847
1647870
1647895
1647914
1647973
1648017
1648030
1648075
1648138
1648175
1648295
1648296
1648310
1648322
1648357
1648427
1648516
1648573
1648596
1648638
1648649
1648713
1648815
1648833
1649063
1649083
1649174
1649192
1649198
1649204
1649255
1649419
1649423
1649437
1649441
1649443
1649588
1649689
1649728
1649757
1649764
1649828
1649830
1649901
1650004
1650053
1650276
1650290
1650442
1650512
1650553
1650606
1650660
1650843
1650854
1651025
1651035
1651065
1651069
1651230
1651269
1651542
1651564
1651590
1651714
1651785
1651883
1652003
1652081
1652209
1652300
1652309
1652401
1652506
1652606
1652626
1652652
1652710
1652722
1652749
1652998
1653034
1653057
1653076
1653144
1653165
1653331
1653461
1653503
1653643
1653656
1653668
1653722
1653827
1653862
1653909
1654051
1654112
1654125
1654174
1654269
1654309
1654325
1654416
1654448
1654485
1654487
1654491
1654528
1654550
1654568
1654572
1654587
1654650
1654701
1654709
1654712
1654743
1654765
1654811
1654935
1655055
1655061
1655078
1655094
1655128
1655131
1655132
1655134
1655140
1655142
1655148
1655174
1655177
1655182
1655185
1655187
1655190
1655224
1655235
1655293
1655335
1655387
1655394
1655567
1655608
1655633
1655687
1655692
1655742
1655761
1655768
1655829
1655920
1655947
1656036
1656201
1656228
1656235
1656245
1656267
1656268
1656292
1656311
1656314
1656324
1656335
1656350
1656356
1656391
1656526
1656546
1656563
1656593
1656596
1656600
1656637
1656663
1656714
1656753
1656783
1656820
1656868
1656888
1656914
1656932
1656958
1657000
1657021
1657046
1657104
1657122
1657266
1657361
1657370
1657376
1657379
1657426
1657432
1657567
1657677
1657767
1657775
1657848
1657885
1657986
1658030
1658041
1658057
1658123
1658353
1658372
1658376
1658449
1658532
1658630
1658649
1658710
1658752
1658844
1659001
1659025
1659060
1659063
1659078
1659083
1659092
1659095
1659112
1659128
1659133
1659134
1659140
1659141
1659152
1659153
1659167
1659253
1659258
1659270
1659276
1659300
1659308
1659372
1659447
1659558
1659582
1659653
1659713
1659727
1659730
1659736
1659749
1659765
1659782
1659785
1659877
1660130
1660134
1660143
1660147
1660154
1660167
1660196
1660222
1660227
1660232
1660235
1660242
1660245
1660263
1660269
1660271
1660274
1660295
1660301
1660304
1660306
1660307
1660308
1660318
1660420
1660429
1660448
1660486
1660517
1660589
1660607
1660698
1660729
1660764
1660770
1660793
1660799
1660802
1660819
1660822
1660837
1660857
1660916
1660918
1660920
1661174
1661211
1661219
1661225
1661253
1661322
1661324
1661328
1661381
1661436
1661453
1661455
1661458
1661461
1661480
1661482
1661507
1661559
1661568
1661586
1661601
1661612
1661620
1661622
1661693
1661806
1661968
1662001
1662060
1662067
1662069
1662071
1662075
1662077
1662084
1662085
1662090
1662092
1662094
1662095
1662103
1662122
1662125
1662135
1662140
1662143
1662166
1662419
1662476
1662481
1662483
1662585
1662606
1662610
1662639
1662661
1662662
1662762
1662949
1663034
1663116
1663122
1663126
1663131
1663204
1663205
1663321
1663501
1663581
1663735
1663787
1663817
1663914
1663945
1663962
1664020
1664087
1664116
1664190
1664247
1664315
1664373
1664505
1664537
1664548
1664557
1664629
1664820
1664897
1664921
1664935
1664951
1664960
1664972
1664981
1664992
1665024
1665084
1665100
1665138
1665183
1665195
1665234
1665237
1665328
1665347
1665379
1665387
1665393
1665401
1665404
1665409
1665432
1665470
1665518
1665581
1665593
1665714
1665716
1665937
1665996
1666097
1666124
1666144
1666160
1666181
1666381
1666388
1666473
1666478
1666490
1666502
1666771
1666773
1666819
1666823
1666828
1666849
1666858
1666866
1666875
1666880
1666902
1666912
1666985
1667026
1667057
1667083
1667100
1667204
1667212
1667216
1667226
1667230
1667239
1667258
1667277
1667328
1667634
1667806
1667808
1667813
1667843
1667854
1667907
1667911
1667915
1667932
1667937
1667945
1667956
1667983
1667985
1668046
1668068
1668088
1668141
1668246
1668362
1668400
1668439
1668508
1668569
1668573
1668580
1668593
1668606
1668805
1668856
1668859
1669049
1669056
1669079
1669166
1669174
1669194
1669200
1669241
1669245
1669254
1669295
1669301
1669850
1669923
1669926
1669973
1670558
1670893
1671241
1671254
1671319
1671334
1671386
1671392
1671427
1671559
1671598
1672948
1672957
1673090
1673139
1673242
1673251
1673269
1673365
1673405
1673408
1673486
1673706
1674088
1674107
1674209
1674246
1674257
1674269
1674280
1674304
1674309
1674513
1674598
1674696
1674990
1675047
1675209
1675237
1675462
1675491
1675495
1675733
1675744
1676124
1676136
1676162
1676230
1676233
1676264
1676459
1676575
1676842
1676973
1676977
1676989
1677004
1677018
1677082
1677328
1677366
1677470
1677578
1677580
1677587
1677616
1677764
1677938
1678132
1678201
1678317
1678337
1678362
1678368
1678404
1678454
1678555
1678609
1678679
1678736
1678947
1678967
1679002
1679019
1679072
1679094
1679097
1679098
1679107
1679149
1679178
1679197
1679215
1679267
1679288
1679293
1679299
1679300
1679561
1679575
1679611
1679613
1679618
1679712
1679799
1679829
1679853
1679862
1679917
1679924
1679967
1679977
1679978
1679992
1679995
1680005
1680351
1680383
1680459
1680519
1680629
1680640
1680764
1680813
1680857
1680875
1680890
1680956
1681223
1681289
1681308
1681343
1681420
1681429
1681439
1681462
1681696
1681699
1681703
1681706
1681974
1682293
1682314
1682406
1682427
1682437
1682505
1682559
1682604
1682620
1682627
1682644
1682679
1682718
1682747
1682922
1682979
1682981
1683047
1683048
1683111
1683122
1683183
1683254
1683281
1683282
1683310
1683365
1683417
1683441
1683532
1683578
1683614
1683681
1683977
1684009
1684026
1684132
1684169
1684214
1684220
1684224
1684248
1684251
1684304
1684521
1684586
1684618
1684742
1684836
1684928
1684942
1684952
1684962
1684982
1685095
1685104
1685145
1685189
1685290
1685293
1685370
1685487
1685489
1685504
1685506
1685522
1685633
1685640
1685748
1685754
1685843
1685857
1685907
1685962
1686042
1686062
1686082
1686099
1686103
1686150
1686208
1686212
1686277
1686329
1686347
1686471
1686571
1686650
1686698
1686741
1686776
1686807
1686821
1686933
1687070
1687160
1687164
1687187
1687201
1687286
1687312
1687365
1687402
1687446
1687499
1687539
1687554
1687569
1687614
1687615
1687636
1687673
1687714
1687731
1687742
1687758
1687783
1687882
1687895
1687943
1687976
1688095
1688120
1688137
1688191
1688216
1688306
1688322
1688404
1688546
1688592
1688641
1688651
1688746
1688811
1688873
1688883
1688967
1689011
1689021
1689045
1689119
1689125
1689300
1689362
1689382
1689384
1689490
1689605
1689645
1689659
1689718
1689732
1689776
1689797
1689814
1689819
1689911
1689919
1689941
1689964
1690005
1690072
1690115
1690119
1690140
1690141
1690154
1690174
1690190
1690205
1690225
1690234
1690259
1690271
1690285
1690323
1690341
1690382
1690392
1690554
1690560
1690853
1690922
1690967
1691033
1691126
1691179
1691305
1691344
1691346
1691493
1691522
1691545
1691666
1691674
1691723
1691730
1691763
1691939
1692007
1692044
1692108
1692152
1692169
1692191
1692194
1692260
1692264
1692266
1692267
1692282
1692295
1692314
1692531
1692539
1692597
1692623
1692637
1692656
1692791
1692810
1692861
1692906
1692997
1693045
1693241
1693254
1693287
1693298
1693399
1693501
1693511
1693532
1693613
1693683
1693688
1693703
1693725
1693772
1693792
1693850
1693943
1694048
1694053
1694068
1694089
1694095
1694134
1694138
1694171
1694264
1694301
1694451
1694456
1694475
1694497
1694561
1694567
1694708
1694727
1694764
1694793
1694804
1694823
1694875
1694915
1694938
1695033
1695058
1695167
1695241
1695382
1695473
1695634
1695762
1695789
1695802
1695816
1695854
1695883
1695900
1695925
1695927
1695933
1695939
1695945
1696028
1696145
1696162
1696173
1696192
1696198
1696199
1696206
1696210
1696274
1696290
1696358
1696368
1696393
1696438
1696448
1696456
1696506
1696579
1696598
1696613
1696644
1696660
1696730
1696779
1696824
1696829
1696975
1697152
1697305
1697318
1697333
1697352
1697438
1697487
1697507
1697510
1697607
1697620
1697671
1697708
1697819
1697843
1697880
1697915
1697982
1698005
1698062
1698075
1698084
1698087
1698089
1698172
1698177
1698185
1698189
1698247
1698277
1698398
1698446
1698469
1698595
1698627
1698785
1698794
1698799
1698834
1698847
1698904
1698941
1698942
1698946
1699081
1699103
1699157
1699280
1699353
1699354
1699403
1699457
1699778
1699816
1699847
1699853
1699911
1700021
1700085
1700123
1700143
1700155
1700161
1700162
1700163
1700166
1700361
1700369
1700416
1700440
1700555
1700607
1700614
1700651
1700656
1700672
1700738
1700780
1700812
1700993
1701005
1701077
1701101
1701131
1701170
1701223
1701287
1701295
1701301
1701304
1701305
1701314
1701323
1701336
1701446
1701475
1701524
1701530
1701535
1701545
1701656
1701666
1701698
1701736
1701739
1701743
1701746
1701750
1701829
1701856
1701972
1702141
1702261
1702311
1702322
1702370
1702398
1702486
1702553
1702614
1702779
1702902
1702923
1703119
1703166
1703252
1703263
1703305
1703306
1703343
1703407
1703408
1703448
1703466
1703507
1703544
1703553
1703554
1703570
1703587
1703591
1703672
1703719
1703729
1703740
1703753
1703804
1703857
1703870
1703903
1703907
1703922
1703969
1703979
1704160
1704169
1704193
1704210
1704216
1704359
1704420
1704502
1704583
1704585
1704590
1704605
1704616
1704620
1704700
1704763
1704764
1704788
1704894
1705022
1705054
1705134
1705224
1705242
1705249
1705274
1705345
1705354
1705411
1705580
1705783
1705799
1705825
1705830
1705862
1705879
1705880
1705892
1705999
1706013
1706160
1706174
1706365
1706404
1706447
1706480
1706561
1706627
1706641
1706665
1706682
1706734
1706739
1706847
1706857
1706887
1706893
1706900
1706909
1706910
1706911
1706985
1706989
1707029
1707137
1707152
1707220
1707229
1707246
1707262
1707279
1707285
1707287
1707295
1707310
1707474
1707590
1707600
1707635
1707718
1707744
1707766
1707786
1707836
1707880
1707906
1707909
1707925
1708188
1708190
1708289
1708324
1708387
1708413
1708458
1708467
1708488
1708493
1708503
1708576
1708587
1708590
1708621
1708661
1708678
1709330
1709426
1709606
1709628
1709676
1709741
1709743
1709755
1709766
1709777
1709788
1709914
1710019
1710047
1710100
1710139
1710219
1710229
1710341
1710415
1710473
1710545
1710576
1710590
1710666
1710835
1710840
1710857
1710868
1710996
1711061
1711070
1711099
1711115
1711145
1711159
1711200
1711204
1711214
1711292
1711337
1711365
1711369
1711529
1711575
1711606
1711633
1711755
1711762
1711819
1711841
1711850
1711900
1711938
1712017
1712063
1712076
1712081
1712088
1712144
1712166
1712256
1712272
1712275
1712306
1712324
1712405
1712409
1712462
1712471
1712476
1712480
1712486
1712546
1712607
1712627
1712759
1712775
1712787
1712843
1712905
1712990
1713015
1713160
1713410
1713418
1713431
1713497
1713503
1713550
1713680
1713744
1713759
1713968
1714026
1714068
1714149
1714225
1714529
1714638
1714671
1714752
1714990
1715037
1715068
1715105
1715137
1715188
1715221
1715251
1715270
1715282
1715325
1715334
1715359
1715363
1715368
1715381
1715400
1715405
1715434
1715443
1715454
1715456
1715546
1715641
1715726
1715748
1715753
1715754
1715820
1715829
1715853
1715864
1715881
1715882
1715886
1715891
1715919
1715961
1715974
1715992
1715996
1716006
1716052
1716429
1716456
1716508
1716545
1716554
1716589
1716595
1716625
1716640
1716642
1716679
1716707
1716748
1716885
1716914
1716930
1717108
1717206
1717238
1717305
1717327
1717346
1717504
1717511
1717525
1717537
1717548
1717744
1717755
1717816
1718050
1718082
1718150
1718165
1718219
1718230
1718247
1718275
1718282
1718327
1718330
1718361
1718379
1718432
1718465
1718468
1718520
1718529
1718547
1718577
1718649
1718654
1718855
1718950
1718965
1718970
1718978
1719001
1719018
1719030
1719050
1719104
1719144
1719181
1719182
1719186
1719208
1719215
1719261
1719478
1719568
1719698
1719719
1719721
1719733
1719781
1719806
1719841
1719844
1719850
1719854
1719882
1719917
1719950
1719959
1719981
1720042
1720076
1720150
1720160
1720355
1720375
1720402
1720448
1720461
1720568
1720570
1720650
1720908
1720969
1720997
1721007
1721012
1721033
1721042
1721085
1721109
1721120
1721188
1721262
1721286
1721296
1721347
1721425
1721592
1721595
1721609
1721616
1721622
1721657
1721659
1721660
1721675
1721696
1721792
1721862
1721965
1722016
1722094
1722106
1722186
1722273
1722316
1722329
1722407
1722438
1722441
1722449
1722489
1722698
1722702
1722711
1722848
1722854
1722932
1722957
1723001
1723201
1723217
1723224
1723232
1723245
1723256
1723266
1723267
1723316
1723338
1723481
1723487
1723500
1723502
1723505
1723640
1723652
1723711
1723731
1723761
1723775
1723787
1723797
1723809
1723822
1723830
1723863
1723896
1723898
1723932
1723946
1723950
1723985
1724009
1724081
1724170
1724183
1724263
1724296
1724315
1724335
1724390
1724396
1724453
1724479
1724548
1724881
1724907
1725138
1725145
1725255
1725267
1725329
1725352
1725464
1725485
1725547
1725585
1725586
1725588
1725589
1725660
1725700
1725794
1725873
1725875
1725879
1725954
1725966
1726033
1726101
1726191
1726206
1726236
1726252
1726343
1726411
1726415
1726470
1726584
1726612
1726660
1726699
1726771
1726820
1726830
1726920
1727081
1727204
1727610
1727615
1727657
1727691
1727719
1727721
1727726
1727728
1727747
1727756
1727829
1727867
1727870
1728086
1728101
1728183
1728238
1728309
1728341
1728344
1728367
1728370
1728378
1728485
1728571
1728705
1728774
1729008
1729050
1729057
1729141
1729233
1729241
1729290
1729631
1729652
1729662
1729739
1729833
1729836
1729874
1729939
1729941
1730041
1730069
1730096
1730176
1730182
1730191
1730206
1730257
1730565
1730586
1730747
1730762
1730786
1730804
1730811
1730860
1730868
1730896
1730952
1731008
1731010
1731159
1731176
1731186
1731196
1731215
1731221
1731223
1731376
1731474
1731482
1731610
1731625
1731666
1731667
1731672
1731673
1731708
1731736
1731748
1731762
1731768
1731784
1731800
1731805
1731942
1732044
1732049
1732064
1732066
1732121
1732149
1732191
1732278
1732286
1732289
1732354
1732430
1732497
1732524
1732652
1732772
1732782
1732798
1732806
1732827
1732839
1732851
1732870
1732918
1733000
1733018
1733033
1733048
1733119
1733131
1733143
1733347
1733358
1733451
1733454
1733461
1733730
1733830
1733835
1733846
1733862
1733915
1734248
1734258
1734297
1734420
1734682
1734740
1734896
1734901
1734939
1735049
1735099
1735261
1735321
1735495
1735516
1735589
1735681
1736037
1736084
1736098
1736241
1736253
1736254
1736263
1736272
1736275
1736276
1736278
1736284
1736330
1736336
1736339
1736356
1736376
1736449
1736525
1736558
1736717
1736769
1736773
1736795
1736803
1736837
1736903
1737111
1737156
1737280
1737292
1737296
1737333
1737374
1737421
1737610
1737718
1737726
1737804
1737833
1737866
1737885
1737892
1737902
1737917
1737934
1738022
1738082
1738085
1738106
1738124
1738127
1738155
1738263
1738383
1738539
1738559
1738616
1738625
1738651
1738748
1738815
1738853
1738897
1738922
1739025
1739027
1739045
1739062
1739109
1739130
1739140
1739149
1739209
1739403
1739528
1739574
1739585
1739624
